ARM GAS  /tmp/ccQ5BsN4.s 			page 1


   1              		.arch armv8.1-m.main
   2              		.fpu fpv5-d16
   3              		.arch_extension dsp
   4              		.arch_extension fp
   5              		.arch_extension fp.dp
   6              		.arch_extension mve
   7              		.arch_extension mve.fp
   8              		.eabi_attribute 5, "cortex-m55"
   9              		.eabi_attribute 28, 1
  10              		.eabi_attribute 20, 1
  11              		.eabi_attribute 21, 1
  12              		.eabi_attribute 23, 3
  13              		.eabi_attribute 24, 1
  14              		.eabi_attribute 25, 1
  15              		.eabi_attribute 26, 1
  16              		.eabi_attribute 30, 4
  17              		.eabi_attribute 34, 1
  18              		.eabi_attribute 38, 1
  19              		.eabi_attribute 18, 4
  20              		.file	"cmw_vd66gy.c"
  21              		.text
  22              	.Ltext0:
  23              		.cfi_sections	.debug_frame
  24              		.file 1 "../../Middlewares/stm32-mw-camera/sensors/cmw_vd66gy.c"
  25              		.section	.text.CMW_VD66GY_Read16,"ax",%progbits
  26              		.align	1
  27              		.syntax unified
  28              		.thumb
  29              		.thumb_func
  31              	CMW_VD66GY_Read16:
  32              	.LVL0:
  33              	.LFB1514:
   1:../../Middlewares/stm32-mw-camera/sensors/cmw_vd66gy.c **** /**
   2:../../Middlewares/stm32-mw-camera/sensors/cmw_vd66gy.c ****   ******************************************************************************
   3:../../Middlewares/stm32-mw-camera/sensors/cmw_vd66gy.c ****   * @file    cmw_vd66gy.c
   4:../../Middlewares/stm32-mw-camera/sensors/cmw_vd66gy.c ****   * @author  MDG Application Team
   5:../../Middlewares/stm32-mw-camera/sensors/cmw_vd66gy.c ****   ******************************************************************************
   6:../../Middlewares/stm32-mw-camera/sensors/cmw_vd66gy.c ****   * @attention
   7:../../Middlewares/stm32-mw-camera/sensors/cmw_vd66gy.c ****   *
   8:../../Middlewares/stm32-mw-camera/sensors/cmw_vd66gy.c ****   * Copyright (c) 2024 STMicroelectronics.
   9:../../Middlewares/stm32-mw-camera/sensors/cmw_vd66gy.c ****   * All rights reserved.
  10:../../Middlewares/stm32-mw-camera/sensors/cmw_vd66gy.c ****   *
  11:../../Middlewares/stm32-mw-camera/sensors/cmw_vd66gy.c ****   * This software is licensed under terms that can be found in the LICENSE file
  12:../../Middlewares/stm32-mw-camera/sensors/cmw_vd66gy.c ****   * in the root directory of this software component.
  13:../../Middlewares/stm32-mw-camera/sensors/cmw_vd66gy.c ****   * If no LICENSE file comes with this software, it is provided AS-IS.
  14:../../Middlewares/stm32-mw-camera/sensors/cmw_vd66gy.c ****   *
  15:../../Middlewares/stm32-mw-camera/sensors/cmw_vd66gy.c ****   ******************************************************************************
  16:../../Middlewares/stm32-mw-camera/sensors/cmw_vd66gy.c ****   */
  17:../../Middlewares/stm32-mw-camera/sensors/cmw_vd66gy.c **** 
  18:../../Middlewares/stm32-mw-camera/sensors/cmw_vd66gy.c **** #include "cmw_vd66gy.h"
  19:../../Middlewares/stm32-mw-camera/sensors/cmw_vd66gy.c **** 
  20:../../Middlewares/stm32-mw-camera/sensors/cmw_vd66gy.c **** #include <assert.h>
  21:../../Middlewares/stm32-mw-camera/sensors/cmw_vd66gy.c **** #include <stdlib.h>
  22:../../Middlewares/stm32-mw-camera/sensors/cmw_vd66gy.c **** #include <stdio.h>
  23:../../Middlewares/stm32-mw-camera/sensors/cmw_vd66gy.c **** #include <stddef.h>
  24:../../Middlewares/stm32-mw-camera/sensors/cmw_vd66gy.c **** #include <string.h>
  25:../../Middlewares/stm32-mw-camera/sensors/cmw_vd66gy.c **** #include "cmw_camera.h"
ARM GAS  /tmp/ccQ5BsN4.s 			page 2


  26:../../Middlewares/stm32-mw-camera/sensors/cmw_vd66gy.c **** #include "cmw_io.h"
  27:../../Middlewares/stm32-mw-camera/sensors/cmw_vd66gy.c **** #ifndef ISP_MW_TUNING_TOOL_SUPPORT
  28:../../Middlewares/stm32-mw-camera/sensors/cmw_vd66gy.c **** #include "isp_param_conf.h"
  29:../../Middlewares/stm32-mw-camera/sensors/cmw_vd66gy.c **** #endif
  30:../../Middlewares/stm32-mw-camera/sensors/cmw_vd66gy.c **** 
  31:../../Middlewares/stm32-mw-camera/sensors/cmw_vd66gy.c **** #include "vd6g.h"
  32:../../Middlewares/stm32-mw-camera/sensors/cmw_vd66gy.c **** 
  33:../../Middlewares/stm32-mw-camera/sensors/cmw_vd66gy.c **** #define VD66GY_REG_MODEL_ID                   0x0000
  34:../../Middlewares/stm32-mw-camera/sensors/cmw_vd66gy.c **** 
  35:../../Middlewares/stm32-mw-camera/sensors/cmw_vd66gy.c **** #define container_of(ptr, type, member) (type *) ((unsigned char *)ptr - offsetof(type,member))
  36:../../Middlewares/stm32-mw-camera/sensors/cmw_vd66gy.c **** 
  37:../../Middlewares/stm32-mw-camera/sensors/cmw_vd66gy.c **** #ifndef MIN
  38:../../Middlewares/stm32-mw-camera/sensors/cmw_vd66gy.c **** #define MIN(a, b)                           ((a) < (b) ?  (a) : (b))
  39:../../Middlewares/stm32-mw-camera/sensors/cmw_vd66gy.c **** #endif
  40:../../Middlewares/stm32-mw-camera/sensors/cmw_vd66gy.c **** #define MDECIBEL_TO_LINEAR(mdB)             (pow(10.0, (mdB / 1000.0) / 20.0))
  41:../../Middlewares/stm32-mw-camera/sensors/cmw_vd66gy.c **** #define LINEAR_TO_MDECIBEL(linearValue)     (1000 * (20.0 * log10(linearValue)))
  42:../../Middlewares/stm32-mw-camera/sensors/cmw_vd66gy.c **** #define FLOAT_TO_FP58(x)                    (((uint16_t)(x) << 8) | ((uint16_t)((x - (uint16_t)(x))
  43:../../Middlewares/stm32-mw-camera/sensors/cmw_vd66gy.c **** #define FP58_TO_FLOAT(fp)                   (((fp) >> 8) + ((fp) & 0xFF) / 256.0f)
  44:../../Middlewares/stm32-mw-camera/sensors/cmw_vd66gy.c **** 
  45:../../Middlewares/stm32-mw-camera/sensors/cmw_vd66gy.c **** static int CMW_VD66GY_Read8(CMW_VD66GY_t *pObj, uint16_t addr, uint8_t *value)
  46:../../Middlewares/stm32-mw-camera/sensors/cmw_vd66gy.c **** {
  47:../../Middlewares/stm32-mw-camera/sensors/cmw_vd66gy.c ****   return pObj->ReadReg(pObj->Address, addr, value, 1);
  48:../../Middlewares/stm32-mw-camera/sensors/cmw_vd66gy.c **** }
  49:../../Middlewares/stm32-mw-camera/sensors/cmw_vd66gy.c **** 
  50:../../Middlewares/stm32-mw-camera/sensors/cmw_vd66gy.c **** static int CMW_VD66GY_Read16(CMW_VD66GY_t *pObj, uint16_t addr, uint16_t *value)
  51:../../Middlewares/stm32-mw-camera/sensors/cmw_vd66gy.c **** {
  34              		.loc 1 51 1 view -0
  35              		.cfi_startproc
  36              		@ args = 0, pretend = 0, frame = 8
  37              		@ frame_needed = 0, uses_anonymous_args = 0
  52:../../Middlewares/stm32-mw-camera/sensors/cmw_vd66gy.c ****   uint8_t data[2];
  38              		.loc 1 52 3 view .LVU1
  53:../../Middlewares/stm32-mw-camera/sensors/cmw_vd66gy.c ****   int ret;
  39              		.loc 1 53 3 view .LVU2
  54:../../Middlewares/stm32-mw-camera/sensors/cmw_vd66gy.c **** 
  55:../../Middlewares/stm32-mw-camera/sensors/cmw_vd66gy.c ****   ret = pObj->ReadReg(pObj->Address, addr, data, 2);
  40              		.loc 1 55 3 view .LVU3
  51:../../Middlewares/stm32-mw-camera/sensors/cmw_vd66gy.c ****   uint8_t data[2];
  41              		.loc 1 51 1 is_stmt 0 view .LVU4
  42 0000 37B5     		push	{r0, r1, r2, r4, r5, lr}
  43              		.cfi_def_cfa_offset 24
  44              		.cfi_offset 4, -12
  45              		.cfi_offset 5, -8
  46              		.cfi_offset 14, -4
  47              		.loc 1 55 9 view .LVU5
  48 0002 0223     		movs	r3, #2
  51:../../Middlewares/stm32-mw-camera/sensors/cmw_vd66gy.c ****   uint8_t data[2];
  49              		.loc 1 51 1 view .LVU6
  50 0004 1446     		mov	r4, r2
  51              		.loc 1 55 9 view .LVU7
  52 0006 D0F83051 		ldr	r5, [r0, #304]
  53 000a 01AA     		add	r2, sp, #4
  54              	.LVL1:
  55              		.loc 1 55 9 view .LVU8
  56 000c 0088     		ldrh	r0, [r0]
  57              	.LVL2:
  58              		.loc 1 55 9 view .LVU9
ARM GAS  /tmp/ccQ5BsN4.s 			page 3


  59 000e A847     		blx	r5
  60              	.LVL3:
  56:../../Middlewares/stm32-mw-camera/sensors/cmw_vd66gy.c ****   if (ret)
  61              		.loc 1 56 3 is_stmt 1 view .LVU10
  62              		.loc 1 56 6 is_stmt 0 view .LVU11
  63 0010 10B9     		cbnz	r0, .L1
  57:../../Middlewares/stm32-mw-camera/sensors/cmw_vd66gy.c ****     return ret;
  58:../../Middlewares/stm32-mw-camera/sensors/cmw_vd66gy.c **** 
  59:../../Middlewares/stm32-mw-camera/sensors/cmw_vd66gy.c ****   *value = (data[1] << 8) | data[0];
  64              		.loc 1 59 3 is_stmt 1 view .LVU12
  65              		.loc 1 59 10 is_stmt 0 view .LVU13
  66 0012 BDF80430 		ldrh	r3, [sp, #4]
  67 0016 2380     		strh	r3, [r4]	@ movhi
  60:../../Middlewares/stm32-mw-camera/sensors/cmw_vd66gy.c **** 
  61:../../Middlewares/stm32-mw-camera/sensors/cmw_vd66gy.c ****   return CMW_ERROR_NONE;
  68              		.loc 1 61 3 is_stmt 1 view .LVU14
  69              	.L1:
  62:../../Middlewares/stm32-mw-camera/sensors/cmw_vd66gy.c **** }
  70              		.loc 1 62 1 is_stmt 0 view .LVU15
  71 0018 03B0     		add	sp, sp, #12
  72              		.cfi_def_cfa_offset 12
  73              		@ sp needed
  74 001a 30BD     		pop	{r4, r5, pc}
  75              		.loc 1 62 1 view .LVU16
  76              		.cfi_endproc
  77              	.LFE1514:
  79              		.section	.text.VD6G_ShutdownPin,"ax",%progbits
  80              		.align	1
  81              		.syntax unified
  82              		.thumb
  83              		.thumb_func
  85              	VD6G_ShutdownPin:
  86              	.LVL4:
  87              	.LFB1519:
  63:../../Middlewares/stm32-mw-camera/sensors/cmw_vd66gy.c **** 
  64:../../Middlewares/stm32-mw-camera/sensors/cmw_vd66gy.c **** static int CMW_VD66GY_Read32(CMW_VD66GY_t *pObj, uint16_t addr, uint32_t *value)
  65:../../Middlewares/stm32-mw-camera/sensors/cmw_vd66gy.c **** {
  66:../../Middlewares/stm32-mw-camera/sensors/cmw_vd66gy.c ****   uint8_t data[4];
  67:../../Middlewares/stm32-mw-camera/sensors/cmw_vd66gy.c ****   int ret;
  68:../../Middlewares/stm32-mw-camera/sensors/cmw_vd66gy.c **** 
  69:../../Middlewares/stm32-mw-camera/sensors/cmw_vd66gy.c ****   ret = pObj->ReadReg(pObj->Address, addr, data, 4);
  70:../../Middlewares/stm32-mw-camera/sensors/cmw_vd66gy.c ****   if (ret)
  71:../../Middlewares/stm32-mw-camera/sensors/cmw_vd66gy.c ****     return ret;
  72:../../Middlewares/stm32-mw-camera/sensors/cmw_vd66gy.c **** 
  73:../../Middlewares/stm32-mw-camera/sensors/cmw_vd66gy.c ****   *value = (data[3] << 24) | (data[2] << 16) | (data[1] << 8) | data[0];
  74:../../Middlewares/stm32-mw-camera/sensors/cmw_vd66gy.c **** 
  75:../../Middlewares/stm32-mw-camera/sensors/cmw_vd66gy.c ****   return 0;
  76:../../Middlewares/stm32-mw-camera/sensors/cmw_vd66gy.c **** }
  77:../../Middlewares/stm32-mw-camera/sensors/cmw_vd66gy.c **** 
  78:../../Middlewares/stm32-mw-camera/sensors/cmw_vd66gy.c **** static int CMW_VD66GY_Write8(CMW_VD66GY_t *pObj, uint16_t addr, uint8_t value)
  79:../../Middlewares/stm32-mw-camera/sensors/cmw_vd66gy.c **** {
  80:../../Middlewares/stm32-mw-camera/sensors/cmw_vd66gy.c ****   return pObj->WriteReg(pObj->Address, addr, &value, 1);
  81:../../Middlewares/stm32-mw-camera/sensors/cmw_vd66gy.c **** }
  82:../../Middlewares/stm32-mw-camera/sensors/cmw_vd66gy.c **** 
  83:../../Middlewares/stm32-mw-camera/sensors/cmw_vd66gy.c **** static int CMW_VD66GY_Write16(CMW_VD66GY_t *pObj, uint16_t addr, uint16_t value)
  84:../../Middlewares/stm32-mw-camera/sensors/cmw_vd66gy.c **** {
  85:../../Middlewares/stm32-mw-camera/sensors/cmw_vd66gy.c ****   return pObj->WriteReg(pObj->Address, addr, (uint8_t *) &value, 2);
ARM GAS  /tmp/ccQ5BsN4.s 			page 4


  86:../../Middlewares/stm32-mw-camera/sensors/cmw_vd66gy.c **** }
  87:../../Middlewares/stm32-mw-camera/sensors/cmw_vd66gy.c **** 
  88:../../Middlewares/stm32-mw-camera/sensors/cmw_vd66gy.c **** static int CMW_VD66GY_Write32(CMW_VD66GY_t *pObj, uint16_t addr, uint32_t value)
  89:../../Middlewares/stm32-mw-camera/sensors/cmw_vd66gy.c **** {
  90:../../Middlewares/stm32-mw-camera/sensors/cmw_vd66gy.c ****   return pObj->WriteReg(pObj->Address, addr, (uint8_t *) &value, 4);
  91:../../Middlewares/stm32-mw-camera/sensors/cmw_vd66gy.c **** }
  92:../../Middlewares/stm32-mw-camera/sensors/cmw_vd66gy.c **** 
  93:../../Middlewares/stm32-mw-camera/sensors/cmw_vd66gy.c **** static void VD6G_ShutdownPin(struct VD6G_Ctx *ctx, int value)
  94:../../Middlewares/stm32-mw-camera/sensors/cmw_vd66gy.c **** {
  88              		.loc 1 94 1 is_stmt 1 view -0
  89              		.cfi_startproc
  90              		@ args = 0, pretend = 0, frame = 0
  91              		@ frame_needed = 0, uses_anonymous_args = 0
  92              		@ link register save eliminated.
  95:../../Middlewares/stm32-mw-camera/sensors/cmw_vd66gy.c ****   CMW_VD66GY_t *p_ctx = container_of(ctx, CMW_VD66GY_t, ctx_driver);
  93              		.loc 1 95 3 view .LVU18
  96:../../Middlewares/stm32-mw-camera/sensors/cmw_vd66gy.c **** 
  97:../../Middlewares/stm32-mw-camera/sensors/cmw_vd66gy.c ****   p_ctx->ShutdownPin(value);
  94              		.loc 1 97 3 view .LVU19
  95 0000 D0F83831 		ldr	r3, [r0, #312]
  96 0004 0846     		mov	r0, r1
  97              	.LVL5:
  98              		.loc 1 97 3 is_stmt 0 view .LVU20
  99 0006 1847     		bx	r3	@ indirect register sibling call
 100              	.LVL6:
 101              		.loc 1 97 3 view .LVU21
 102              		.cfi_endproc
 103              	.LFE1519:
 105              		.section	.text.VD6G_Read8,"ax",%progbits
 106              		.align	1
 107              		.syntax unified
 108              		.thumb
 109              		.thumb_func
 111              	VD6G_Read8:
 112              	.LVL7:
 113              	.LFB1520:
  98:../../Middlewares/stm32-mw-camera/sensors/cmw_vd66gy.c **** }
  99:../../Middlewares/stm32-mw-camera/sensors/cmw_vd66gy.c **** 
 100:../../Middlewares/stm32-mw-camera/sensors/cmw_vd66gy.c **** static int VD6G_Read8(struct VD6G_Ctx *ctx, uint16_t addr, uint8_t *value)
 101:../../Middlewares/stm32-mw-camera/sensors/cmw_vd66gy.c **** {
 114              		.loc 1 101 1 is_stmt 1 view -0
 115              		.cfi_startproc
 116              		@ args = 0, pretend = 0, frame = 0
 117              		@ frame_needed = 0, uses_anonymous_args = 0
 118              		@ link register save eliminated.
 102:../../Middlewares/stm32-mw-camera/sensors/cmw_vd66gy.c ****   CMW_VD66GY_t *p_ctx = container_of(ctx, CMW_VD66GY_t, ctx_driver);
 119              		.loc 1 102 3 view .LVU23
 103:../../Middlewares/stm32-mw-camera/sensors/cmw_vd66gy.c **** 
 104:../../Middlewares/stm32-mw-camera/sensors/cmw_vd66gy.c ****   return CMW_VD66GY_Read8(p_ctx, addr, value);
 120              		.loc 1 104 3 view .LVU24
 121              	.LBB6:
 122              	.LBI6:
  45:../../Middlewares/stm32-mw-camera/sensors/cmw_vd66gy.c **** {
 123              		.loc 1 45 12 view .LVU25
 124              	.LBB7:
  47:../../Middlewares/stm32-mw-camera/sensors/cmw_vd66gy.c **** }
 125              		.loc 1 47 3 view .LVU26
ARM GAS  /tmp/ccQ5BsN4.s 			page 5


 126              	.LBE7:
 127              	.LBE6:
 101:../../Middlewares/stm32-mw-camera/sensors/cmw_vd66gy.c ****   CMW_VD66GY_t *p_ctx = container_of(ctx, CMW_VD66GY_t, ctx_driver);
 128              		.loc 1 101 1 is_stmt 0 view .LVU27
 129 0000 10B4     		push	{r4}
 130              		.cfi_def_cfa_offset 4
 131              		.cfi_offset 4, -4
 132              	.LBB10:
 133              	.LBB8:
  47:../../Middlewares/stm32-mw-camera/sensors/cmw_vd66gy.c **** }
 134              		.loc 1 47 10 view .LVU28
 135 0002 D0F82C41 		ldr	r4, [r0, #300]
 136 0006 0123     		movs	r3, #1
 137 0008 A446     		mov	ip, r4
 138 000a 30F8040C 		ldrh	r0, [r0, #-4]
 139              	.LVL8:
  47:../../Middlewares/stm32-mw-camera/sensors/cmw_vd66gy.c **** }
 140              		.loc 1 47 10 view .LVU29
 141              	.LBE8:
 142              	.LBE10:
 105:../../Middlewares/stm32-mw-camera/sensors/cmw_vd66gy.c **** }
 143              		.loc 1 105 1 view .LVU30
 144 000e 5DF8044B 		ldr	r4, [sp], #4
 145              	.LBB11:
 146              	.LBB9:
  47:../../Middlewares/stm32-mw-camera/sensors/cmw_vd66gy.c **** }
 147              		.loc 1 47 10 view .LVU31
 148 0012 6047     		bx	ip
 149              	.LVL9:
  47:../../Middlewares/stm32-mw-camera/sensors/cmw_vd66gy.c **** }
 150              		.loc 1 47 10 view .LVU32
 151              	.LBE9:
 152              	.LBE11:
 153              		.cfi_endproc
 154              	.LFE1520:
 156              		.section	.text.VD6G_Read16,"ax",%progbits
 157              		.align	1
 158              		.syntax unified
 159              		.thumb
 160              		.thumb_func
 162              	VD6G_Read16:
 163              	.LVL10:
 164              	.LFB1521:
 106:../../Middlewares/stm32-mw-camera/sensors/cmw_vd66gy.c **** 
 107:../../Middlewares/stm32-mw-camera/sensors/cmw_vd66gy.c **** static int VD6G_Read16(struct VD6G_Ctx *ctx, uint16_t addr, uint16_t *value)
 108:../../Middlewares/stm32-mw-camera/sensors/cmw_vd66gy.c **** {
 165              		.loc 1 108 1 is_stmt 1 view -0
 166              		.cfi_startproc
 167              		@ args = 0, pretend = 0, frame = 0
 168              		@ frame_needed = 0, uses_anonymous_args = 0
 169              		@ link register save eliminated.
 109:../../Middlewares/stm32-mw-camera/sensors/cmw_vd66gy.c ****   CMW_VD66GY_t *p_ctx = container_of(ctx, CMW_VD66GY_t, ctx_driver);
 170              		.loc 1 109 3 view .LVU34
 110:../../Middlewares/stm32-mw-camera/sensors/cmw_vd66gy.c **** 
 111:../../Middlewares/stm32-mw-camera/sensors/cmw_vd66gy.c ****   return CMW_VD66GY_Read16(p_ctx, addr, value);
 171              		.loc 1 111 3 view .LVU35
 172              		.loc 1 111 10 is_stmt 0 view .LVU36
ARM GAS  /tmp/ccQ5BsN4.s 			page 6


 173 0000 0438     		subs	r0, r0, #4
 174              	.LVL11:
 175              		.loc 1 111 10 view .LVU37
 176 0002 FFF7FEBF 		b	CMW_VD66GY_Read16
 177              	.LVL12:
 178              		.loc 1 111 10 view .LVU38
 179              		.cfi_endproc
 180              	.LFE1521:
 182              		.section	.text.VD6G_Read32,"ax",%progbits
 183              		.align	1
 184              		.syntax unified
 185              		.thumb
 186              		.thumb_func
 188              	VD6G_Read32:
 189              	.LVL13:
 190              	.LFB1522:
 112:../../Middlewares/stm32-mw-camera/sensors/cmw_vd66gy.c **** }
 113:../../Middlewares/stm32-mw-camera/sensors/cmw_vd66gy.c **** 
 114:../../Middlewares/stm32-mw-camera/sensors/cmw_vd66gy.c **** static int VD6G_Read32(struct VD6G_Ctx *ctx, uint16_t addr, uint32_t *value)
 115:../../Middlewares/stm32-mw-camera/sensors/cmw_vd66gy.c **** {
 191              		.loc 1 115 1 is_stmt 1 view -0
 192              		.cfi_startproc
 193              		@ args = 0, pretend = 0, frame = 8
 194              		@ frame_needed = 0, uses_anonymous_args = 0
 116:../../Middlewares/stm32-mw-camera/sensors/cmw_vd66gy.c ****   CMW_VD66GY_t *p_ctx = container_of(ctx, CMW_VD66GY_t, ctx_driver);
 195              		.loc 1 116 3 view .LVU40
 117:../../Middlewares/stm32-mw-camera/sensors/cmw_vd66gy.c **** 
 118:../../Middlewares/stm32-mw-camera/sensors/cmw_vd66gy.c ****   return CMW_VD66GY_Read32(p_ctx, addr, value);
 196              		.loc 1 118 3 view .LVU41
 197              	.LBB14:
 198              	.LBB15:
  69:../../Middlewares/stm32-mw-camera/sensors/cmw_vd66gy.c ****   if (ret)
 199              		.loc 1 69 9 is_stmt 0 view .LVU42
 200 0000 0423     		movs	r3, #4
 201              	.LBE15:
 202              	.LBE14:
 115:../../Middlewares/stm32-mw-camera/sensors/cmw_vd66gy.c ****   CMW_VD66GY_t *p_ctx = container_of(ctx, CMW_VD66GY_t, ctx_driver);
 203              		.loc 1 115 1 view .LVU43
 204 0002 37B5     		push	{r0, r1, r2, r4, r5, lr}
 205              		.cfi_def_cfa_offset 24
 206              		.cfi_offset 4, -12
 207              		.cfi_offset 5, -8
 208              		.cfi_offset 14, -4
 115:../../Middlewares/stm32-mw-camera/sensors/cmw_vd66gy.c ****   CMW_VD66GY_t *p_ctx = container_of(ctx, CMW_VD66GY_t, ctx_driver);
 209              		.loc 1 115 1 view .LVU44
 210 0004 1446     		mov	r4, r2
 211              	.LVL14:
 212              	.LBB17:
 213              	.LBI14:
  64:../../Middlewares/stm32-mw-camera/sensors/cmw_vd66gy.c **** {
 214              		.loc 1 64 12 is_stmt 1 view .LVU45
 215              	.LBB16:
  66:../../Middlewares/stm32-mw-camera/sensors/cmw_vd66gy.c ****   int ret;
 216              		.loc 1 66 3 view .LVU46
  67:../../Middlewares/stm32-mw-camera/sensors/cmw_vd66gy.c **** 
 217              		.loc 1 67 3 view .LVU47
  69:../../Middlewares/stm32-mw-camera/sensors/cmw_vd66gy.c ****   if (ret)
ARM GAS  /tmp/ccQ5BsN4.s 			page 7


 218              		.loc 1 69 3 view .LVU48
  69:../../Middlewares/stm32-mw-camera/sensors/cmw_vd66gy.c ****   if (ret)
 219              		.loc 1 69 9 is_stmt 0 view .LVU49
 220 0006 D0F82C51 		ldr	r5, [r0, #300]
 221 000a 0DEB0302 		add	r2, sp, r3
 222              	.LVL15:
  69:../../Middlewares/stm32-mw-camera/sensors/cmw_vd66gy.c ****   if (ret)
 223              		.loc 1 69 9 view .LVU50
 224 000e 30F8040C 		ldrh	r0, [r0, #-4]
 225              	.LVL16:
  69:../../Middlewares/stm32-mw-camera/sensors/cmw_vd66gy.c ****   if (ret)
 226              		.loc 1 69 9 view .LVU51
 227 0012 A847     		blx	r5
 228              	.LVL17:
  70:../../Middlewares/stm32-mw-camera/sensors/cmw_vd66gy.c ****     return ret;
 229              		.loc 1 70 3 is_stmt 1 view .LVU52
  70:../../Middlewares/stm32-mw-camera/sensors/cmw_vd66gy.c ****     return ret;
 230              		.loc 1 70 6 is_stmt 0 view .LVU53
 231 0014 08B9     		cbnz	r0, .L6
  73:../../Middlewares/stm32-mw-camera/sensors/cmw_vd66gy.c **** 
 232              		.loc 1 73 3 is_stmt 1 view .LVU54
  73:../../Middlewares/stm32-mw-camera/sensors/cmw_vd66gy.c **** 
 233              		.loc 1 73 10 is_stmt 0 view .LVU55
 234 0016 019B     		ldr	r3, [sp, #4]
 235 0018 2360     		str	r3, [r4]
  75:../../Middlewares/stm32-mw-camera/sensors/cmw_vd66gy.c **** }
 236              		.loc 1 75 3 is_stmt 1 view .LVU56
 237              	.LVL18:
 238              	.L6:
  75:../../Middlewares/stm32-mw-camera/sensors/cmw_vd66gy.c **** }
 239              		.loc 1 75 3 is_stmt 0 view .LVU57
 240              	.LBE16:
 241              	.LBE17:
 119:../../Middlewares/stm32-mw-camera/sensors/cmw_vd66gy.c **** }
 242              		.loc 1 119 1 view .LVU58
 243 001a 03B0     		add	sp, sp, #12
 244              		.cfi_def_cfa_offset 12
 245              		@ sp needed
 246 001c 30BD     		pop	{r4, r5, pc}
 247              		.loc 1 119 1 view .LVU59
 248              		.cfi_endproc
 249              	.LFE1522:
 251              		.section	.text.VD6G_Write8,"ax",%progbits
 252              		.align	1
 253              		.syntax unified
 254              		.thumb
 255              		.thumb_func
 257              	VD6G_Write8:
 258              	.LVL19:
 259              	.LFB1523:
 120:../../Middlewares/stm32-mw-camera/sensors/cmw_vd66gy.c **** 
 121:../../Middlewares/stm32-mw-camera/sensors/cmw_vd66gy.c **** static int VD6G_Write8(struct VD6G_Ctx *ctx, uint16_t addr, uint8_t value)
 122:../../Middlewares/stm32-mw-camera/sensors/cmw_vd66gy.c **** {
 260              		.loc 1 122 1 is_stmt 1 view -0
 261              		.cfi_startproc
 262              		@ args = 0, pretend = 0, frame = 8
 263              		@ frame_needed = 0, uses_anonymous_args = 0
ARM GAS  /tmp/ccQ5BsN4.s 			page 8


 123:../../Middlewares/stm32-mw-camera/sensors/cmw_vd66gy.c ****   CMW_VD66GY_t *p_ctx = container_of(ctx, CMW_VD66GY_t, ctx_driver);
 264              		.loc 1 123 3 view .LVU61
 124:../../Middlewares/stm32-mw-camera/sensors/cmw_vd66gy.c **** 
 125:../../Middlewares/stm32-mw-camera/sensors/cmw_vd66gy.c ****   return CMW_VD66GY_Write8(p_ctx, addr, value);
 265              		.loc 1 125 3 view .LVU62
 122:../../Middlewares/stm32-mw-camera/sensors/cmw_vd66gy.c ****   CMW_VD66GY_t *p_ctx = container_of(ctx, CMW_VD66GY_t, ctx_driver);
 266              		.loc 1 122 1 is_stmt 0 view .LVU63
 267 0000 13B5     		push	{r0, r1, r4, lr}
 268              		.cfi_def_cfa_offset 16
 269              		.cfi_offset 4, -8
 270              		.cfi_offset 14, -4
 271              	.LBB20:
 272              	.LBB21:
  80:../../Middlewares/stm32-mw-camera/sensors/cmw_vd66gy.c **** }
 273              		.loc 1 80 10 view .LVU64
 274 0002 0123     		movs	r3, #1
 275 0004 D0F82841 		ldr	r4, [r0, #296]
 276 0008 8DF80720 		strb	r2, [sp, #7]
 277              	.LVL20:
  80:../../Middlewares/stm32-mw-camera/sensors/cmw_vd66gy.c **** }
 278              		.loc 1 80 10 view .LVU65
 279              	.LBE21:
 280              	.LBI20:
  78:../../Middlewares/stm32-mw-camera/sensors/cmw_vd66gy.c **** {
 281              		.loc 1 78 12 is_stmt 1 view .LVU66
 282              	.LBB22:
  80:../../Middlewares/stm32-mw-camera/sensors/cmw_vd66gy.c **** }
 283              		.loc 1 80 3 view .LVU67
  80:../../Middlewares/stm32-mw-camera/sensors/cmw_vd66gy.c **** }
 284              		.loc 1 80 10 is_stmt 0 view .LVU68
 285 000c 30F8040C 		ldrh	r0, [r0, #-4]
 286              	.LVL21:
  80:../../Middlewares/stm32-mw-camera/sensors/cmw_vd66gy.c **** }
 287              		.loc 1 80 10 view .LVU69
 288 0010 0DF10702 		add	r2, sp, #7
 289              	.LVL22:
  80:../../Middlewares/stm32-mw-camera/sensors/cmw_vd66gy.c **** }
 290              		.loc 1 80 10 view .LVU70
 291 0014 A047     		blx	r4
 292              	.LVL23:
  80:../../Middlewares/stm32-mw-camera/sensors/cmw_vd66gy.c **** }
 293              		.loc 1 80 10 view .LVU71
 294              	.LBE22:
 295              	.LBE20:
 126:../../Middlewares/stm32-mw-camera/sensors/cmw_vd66gy.c **** }
 296              		.loc 1 126 1 view .LVU72
 297 0016 02B0     		add	sp, sp, #8
 298              		.cfi_def_cfa_offset 8
 299              		@ sp needed
 300 0018 10BD     		pop	{r4, pc}
 301              		.cfi_endproc
 302              	.LFE1523:
 304              		.section	.text.VD6G_Write16,"ax",%progbits
 305              		.align	1
 306              		.syntax unified
 307              		.thumb
 308              		.thumb_func
ARM GAS  /tmp/ccQ5BsN4.s 			page 9


 310              	VD6G_Write16:
 311              	.LVL24:
 312              	.LFB1524:
 127:../../Middlewares/stm32-mw-camera/sensors/cmw_vd66gy.c **** 
 128:../../Middlewares/stm32-mw-camera/sensors/cmw_vd66gy.c **** static int VD6G_Write16(struct VD6G_Ctx *ctx, uint16_t addr, uint16_t value)
 129:../../Middlewares/stm32-mw-camera/sensors/cmw_vd66gy.c **** {
 313              		.loc 1 129 1 is_stmt 1 view -0
 314              		.cfi_startproc
 315              		@ args = 0, pretend = 0, frame = 8
 316              		@ frame_needed = 0, uses_anonymous_args = 0
 130:../../Middlewares/stm32-mw-camera/sensors/cmw_vd66gy.c ****   CMW_VD66GY_t *p_ctx = container_of(ctx, CMW_VD66GY_t, ctx_driver);
 317              		.loc 1 130 3 view .LVU74
 131:../../Middlewares/stm32-mw-camera/sensors/cmw_vd66gy.c **** 
 132:../../Middlewares/stm32-mw-camera/sensors/cmw_vd66gy.c ****   return CMW_VD66GY_Write16(p_ctx, addr, value);
 318              		.loc 1 132 3 view .LVU75
 129:../../Middlewares/stm32-mw-camera/sensors/cmw_vd66gy.c ****   CMW_VD66GY_t *p_ctx = container_of(ctx, CMW_VD66GY_t, ctx_driver);
 319              		.loc 1 129 1 is_stmt 0 view .LVU76
 320 0000 13B5     		push	{r0, r1, r4, lr}
 321              		.cfi_def_cfa_offset 16
 322              		.cfi_offset 4, -8
 323              		.cfi_offset 14, -4
 324              	.LBB25:
 325              	.LBB26:
  85:../../Middlewares/stm32-mw-camera/sensors/cmw_vd66gy.c **** }
 326              		.loc 1 85 10 view .LVU77
 327 0002 0223     		movs	r3, #2
 328 0004 D0F82841 		ldr	r4, [r0, #296]
 329 0008 ADF80620 		strh	r2, [sp, #6]	@ movhi
 330              	.LVL25:
  85:../../Middlewares/stm32-mw-camera/sensors/cmw_vd66gy.c **** }
 331              		.loc 1 85 10 view .LVU78
 332              	.LBE26:
 333              	.LBI25:
  83:../../Middlewares/stm32-mw-camera/sensors/cmw_vd66gy.c **** {
 334              		.loc 1 83 12 is_stmt 1 view .LVU79
 335              	.LBB27:
  85:../../Middlewares/stm32-mw-camera/sensors/cmw_vd66gy.c **** }
 336              		.loc 1 85 3 view .LVU80
  85:../../Middlewares/stm32-mw-camera/sensors/cmw_vd66gy.c **** }
 337              		.loc 1 85 10 is_stmt 0 view .LVU81
 338 000c 30F8040C 		ldrh	r0, [r0, #-4]
 339              	.LVL26:
  85:../../Middlewares/stm32-mw-camera/sensors/cmw_vd66gy.c **** }
 340              		.loc 1 85 10 view .LVU82
 341 0010 0DF10602 		add	r2, sp, #6
 342              	.LVL27:
  85:../../Middlewares/stm32-mw-camera/sensors/cmw_vd66gy.c **** }
 343              		.loc 1 85 10 view .LVU83
 344 0014 A047     		blx	r4
 345              	.LVL28:
  85:../../Middlewares/stm32-mw-camera/sensors/cmw_vd66gy.c **** }
 346              		.loc 1 85 10 view .LVU84
 347              	.LBE27:
 348              	.LBE25:
 133:../../Middlewares/stm32-mw-camera/sensors/cmw_vd66gy.c **** }
 349              		.loc 1 133 1 view .LVU85
 350 0016 02B0     		add	sp, sp, #8
ARM GAS  /tmp/ccQ5BsN4.s 			page 10


 351              		.cfi_def_cfa_offset 8
 352              		@ sp needed
 353 0018 10BD     		pop	{r4, pc}
 354              		.cfi_endproc
 355              	.LFE1524:
 357              		.section	.text.VD6G_Write32,"ax",%progbits
 358              		.align	1
 359              		.syntax unified
 360              		.thumb
 361              		.thumb_func
 363              	VD6G_Write32:
 364              	.LVL29:
 365              	.LFB1525:
 134:../../Middlewares/stm32-mw-camera/sensors/cmw_vd66gy.c **** 
 135:../../Middlewares/stm32-mw-camera/sensors/cmw_vd66gy.c **** static int VD6G_Write32(struct VD6G_Ctx *ctx, uint16_t addr, uint32_t value)
 136:../../Middlewares/stm32-mw-camera/sensors/cmw_vd66gy.c **** {
 366              		.loc 1 136 1 is_stmt 1 view -0
 367              		.cfi_startproc
 368              		@ args = 0, pretend = 0, frame = 8
 369              		@ frame_needed = 0, uses_anonymous_args = 0
 137:../../Middlewares/stm32-mw-camera/sensors/cmw_vd66gy.c ****   CMW_VD66GY_t *p_ctx = container_of(ctx, CMW_VD66GY_t, ctx_driver);
 370              		.loc 1 137 3 view .LVU87
 138:../../Middlewares/stm32-mw-camera/sensors/cmw_vd66gy.c **** 
 139:../../Middlewares/stm32-mw-camera/sensors/cmw_vd66gy.c ****   return CMW_VD66GY_Write32(p_ctx, addr, value);
 371              		.loc 1 139 3 view .LVU88
 372              	.LBB30:
 373              	.LBB31:
  90:../../Middlewares/stm32-mw-camera/sensors/cmw_vd66gy.c **** }
 374              		.loc 1 90 10 is_stmt 0 view .LVU89
 375 0000 0423     		movs	r3, #4
 376              	.LBE31:
 377              	.LBE30:
 136:../../Middlewares/stm32-mw-camera/sensors/cmw_vd66gy.c ****   CMW_VD66GY_t *p_ctx = container_of(ctx, CMW_VD66GY_t, ctx_driver);
 378              		.loc 1 136 1 view .LVU90
 379 0002 13B5     		push	{r0, r1, r4, lr}
 380              		.cfi_def_cfa_offset 16
 381              		.cfi_offset 4, -8
 382              		.cfi_offset 14, -4
 383              	.LBB34:
 384              	.LBB32:
  90:../../Middlewares/stm32-mw-camera/sensors/cmw_vd66gy.c **** }
 385              		.loc 1 90 10 view .LVU91
 386 0004 D0F82841 		ldr	r4, [r0, #296]
 387 0008 0192     		str	r2, [sp, #4]
 388              	.LVL30:
  90:../../Middlewares/stm32-mw-camera/sensors/cmw_vd66gy.c **** }
 389              		.loc 1 90 10 view .LVU92
 390              	.LBE32:
 391              	.LBI30:
  88:../../Middlewares/stm32-mw-camera/sensors/cmw_vd66gy.c **** {
 392              		.loc 1 88 12 is_stmt 1 view .LVU93
 393              	.LBB33:
  90:../../Middlewares/stm32-mw-camera/sensors/cmw_vd66gy.c **** }
 394              		.loc 1 90 3 view .LVU94
  90:../../Middlewares/stm32-mw-camera/sensors/cmw_vd66gy.c **** }
 395              		.loc 1 90 10 is_stmt 0 view .LVU95
 396 000a 30F8040C 		ldrh	r0, [r0, #-4]
ARM GAS  /tmp/ccQ5BsN4.s 			page 11


 397              	.LVL31:
  90:../../Middlewares/stm32-mw-camera/sensors/cmw_vd66gy.c **** }
 398              		.loc 1 90 10 view .LVU96
 399 000e 0DEB0302 		add	r2, sp, r3
 400              	.LVL32:
  90:../../Middlewares/stm32-mw-camera/sensors/cmw_vd66gy.c **** }
 401              		.loc 1 90 10 view .LVU97
 402 0012 A047     		blx	r4
 403              	.LVL33:
  90:../../Middlewares/stm32-mw-camera/sensors/cmw_vd66gy.c **** }
 404              		.loc 1 90 10 view .LVU98
 405              	.LBE33:
 406              	.LBE34:
 140:../../Middlewares/stm32-mw-camera/sensors/cmw_vd66gy.c **** }
 407              		.loc 1 140 1 view .LVU99
 408 0014 02B0     		add	sp, sp, #8
 409              		.cfi_def_cfa_offset 8
 410              		@ sp needed
 411 0016 10BD     		pop	{r4, pc}
 412              		.cfi_endproc
 413              	.LFE1525:
 415              		.section	.text.VD6G_WriteArray,"ax",%progbits
 416              		.align	1
 417              		.syntax unified
 418              		.thumb
 419              		.thumb_func
 421              	VD6G_WriteArray:
 422              	.LVL34:
 423              	.LFB1526:
 141:../../Middlewares/stm32-mw-camera/sensors/cmw_vd66gy.c **** 
 142:../../Middlewares/stm32-mw-camera/sensors/cmw_vd66gy.c **** static int VD6G_WriteArray(struct VD6G_Ctx *ctx, uint16_t addr, uint8_t *data, int data_len)
 143:../../Middlewares/stm32-mw-camera/sensors/cmw_vd66gy.c **** {
 424              		.loc 1 143 1 is_stmt 1 view -0
 425              		.cfi_startproc
 426              		@ args = 0, pretend = 0, frame = 0
 427              		@ frame_needed = 0, uses_anonymous_args = 0
 428              		.loc 1 143 1 is_stmt 0 view .LVU101
 429 0000 2DE9F047 		push	{r4, r5, r6, r7, r8, r9, r10, lr}
 430              		.cfi_def_cfa_offset 32
 431              		.cfi_offset 4, -32
 432              		.cfi_offset 5, -28
 433              		.cfi_offset 6, -24
 434              		.cfi_offset 7, -20
 435              		.cfi_offset 8, -16
 436              		.cfi_offset 9, -12
 437              		.cfi_offset 10, -8
 438              		.cfi_offset 14, -4
 439 0004 8046     		mov	r8, r0
 440 0006 0D46     		mov	r5, r1
 441 0008 1646     		mov	r6, r2
 442 000a 1C46     		mov	r4, r3
 144:../../Middlewares/stm32-mw-camera/sensors/cmw_vd66gy.c ****   CMW_VD66GY_t *p_ctx = container_of(ctx, CMW_VD66GY_t, ctx_driver);
 443              		.loc 1 144 3 is_stmt 1 view .LVU102
 444              	.LVL35:
 145:../../Middlewares/stm32-mw-camera/sensors/cmw_vd66gy.c ****   const unsigned int chunk_size = 128;
 445              		.loc 1 145 3 view .LVU103
 146:../../Middlewares/stm32-mw-camera/sensors/cmw_vd66gy.c ****   uint16_t sz;
ARM GAS  /tmp/ccQ5BsN4.s 			page 12


 446              		.loc 1 146 3 view .LVU104
 147:../../Middlewares/stm32-mw-camera/sensors/cmw_vd66gy.c ****   int ret;
 447              		.loc 1 147 3 view .LVU105
 148:../../Middlewares/stm32-mw-camera/sensors/cmw_vd66gy.c **** 
 149:../../Middlewares/stm32-mw-camera/sensors/cmw_vd66gy.c ****   while (data_len) {
 448              		.loc 1 149 3 view .LVU106
 449              	.L12:
 450              		.loc 1 149 10 view .LVU107
 451 000c 14B9     		cbnz	r4, .L14
 150:../../Middlewares/stm32-mw-camera/sensors/cmw_vd66gy.c ****     sz = MIN(data_len, chunk_size);
 151:../../Middlewares/stm32-mw-camera/sensors/cmw_vd66gy.c ****     ret = p_ctx->WriteReg(p_ctx->Address, addr, data, sz);
 152:../../Middlewares/stm32-mw-camera/sensors/cmw_vd66gy.c ****     if (ret)
 153:../../Middlewares/stm32-mw-camera/sensors/cmw_vd66gy.c ****       return ret;
 154:../../Middlewares/stm32-mw-camera/sensors/cmw_vd66gy.c ****     data_len -= sz;
 155:../../Middlewares/stm32-mw-camera/sensors/cmw_vd66gy.c ****     addr += sz;
 156:../../Middlewares/stm32-mw-camera/sensors/cmw_vd66gy.c ****     data += sz;
 157:../../Middlewares/stm32-mw-camera/sensors/cmw_vd66gy.c ****   }
 158:../../Middlewares/stm32-mw-camera/sensors/cmw_vd66gy.c **** 
 159:../../Middlewares/stm32-mw-camera/sensors/cmw_vd66gy.c ****   return 0;
 452              		.loc 1 159 10 is_stmt 0 view .LVU108
 453 000e 2046     		mov	r0, r4
 454              	.L11:
 160:../../Middlewares/stm32-mw-camera/sensors/cmw_vd66gy.c **** }
 455              		.loc 1 160 1 view .LVU109
 456 0010 BDE8F087 		pop	{r4, r5, r6, r7, r8, r9, r10, pc}
 457              	.LVL36:
 458              	.L14:
 150:../../Middlewares/stm32-mw-camera/sensors/cmw_vd66gy.c ****     sz = MIN(data_len, chunk_size);
 459              		.loc 1 150 5 is_stmt 1 view .LVU110
 150:../../Middlewares/stm32-mw-camera/sensors/cmw_vd66gy.c ****     sz = MIN(data_len, chunk_size);
 460              		.loc 1 150 10 is_stmt 0 view .LVU111
 461 0014 802C     		cmp	r4, #128
 462 0016 A146     		mov	r9, r4
 463 0018 28BF     		it	cs
 464 001a 4FF08009 		movcs	r9, #128
 150:../../Middlewares/stm32-mw-camera/sensors/cmw_vd66gy.c ****     sz = MIN(data_len, chunk_size);
 465              		.loc 1 150 8 view .LVU112
 466 001e 1FFA89FA 		uxth	r10, r9
 467              	.LVL37:
 151:../../Middlewares/stm32-mw-camera/sensors/cmw_vd66gy.c ****     if (ret)
 468              		.loc 1 151 5 is_stmt 1 view .LVU113
 151:../../Middlewares/stm32-mw-camera/sensors/cmw_vd66gy.c ****     if (ret)
 469              		.loc 1 151 11 is_stmt 0 view .LVU114
 470 0022 5346     		mov	r3, r10
 471 0024 3246     		mov	r2, r6
 472 0026 2946     		mov	r1, r5
 473 0028 D8F82871 		ldr	r7, [r8, #296]
 474 002c 38F8040C 		ldrh	r0, [r8, #-4]
 475 0030 B847     		blx	r7
 476              	.LVL38:
 152:../../Middlewares/stm32-mw-camera/sensors/cmw_vd66gy.c ****       return ret;
 477              		.loc 1 152 5 is_stmt 1 view .LVU115
 152:../../Middlewares/stm32-mw-camera/sensors/cmw_vd66gy.c ****       return ret;
 478              		.loc 1 152 8 is_stmt 0 view .LVU116
 479 0032 0028     		cmp	r0, #0
 480 0034 ECD1     		bne	.L11
 154:../../Middlewares/stm32-mw-camera/sensors/cmw_vd66gy.c ****     addr += sz;
ARM GAS  /tmp/ccQ5BsN4.s 			page 13


 481              		.loc 1 154 5 is_stmt 1 view .LVU117
 155:../../Middlewares/stm32-mw-camera/sensors/cmw_vd66gy.c ****     data += sz;
 482              		.loc 1 155 10 is_stmt 0 view .LVU118
 483 0036 AA44     		add	r10, r10, r5
 484              	.LVL39:
 154:../../Middlewares/stm32-mw-camera/sensors/cmw_vd66gy.c ****     addr += sz;
 485              		.loc 1 154 14 view .LVU119
 486 0038 A4EB0904 		sub	r4, r4, r9
 487              	.LVL40:
 155:../../Middlewares/stm32-mw-camera/sensors/cmw_vd66gy.c ****     data += sz;
 488              		.loc 1 155 5 is_stmt 1 view .LVU120
 155:../../Middlewares/stm32-mw-camera/sensors/cmw_vd66gy.c ****     data += sz;
 489              		.loc 1 155 10 is_stmt 0 view .LVU121
 490 003c 1FFA8AF5 		uxth	r5, r10
 491              	.LVL41:
 156:../../Middlewares/stm32-mw-camera/sensors/cmw_vd66gy.c ****   }
 492              		.loc 1 156 5 is_stmt 1 view .LVU122
 156:../../Middlewares/stm32-mw-camera/sensors/cmw_vd66gy.c ****   }
 493              		.loc 1 156 10 is_stmt 0 view .LVU123
 494 0040 4E44     		add	r6, r6, r9
 495              	.LVL42:
 156:../../Middlewares/stm32-mw-camera/sensors/cmw_vd66gy.c ****   }
 496              		.loc 1 156 10 view .LVU124
 497 0042 E3E7     		b	.L12
 498              		.cfi_endproc
 499              	.LFE1526:
 501              		.section	.text.VD6G_Delay,"ax",%progbits
 502              		.align	1
 503              		.syntax unified
 504              		.thumb
 505              		.thumb_func
 507              	VD6G_Delay:
 508              	.LVL43:
 509              	.LFB1527:
 161:../../Middlewares/stm32-mw-camera/sensors/cmw_vd66gy.c **** 
 162:../../Middlewares/stm32-mw-camera/sensors/cmw_vd66gy.c **** static void VD6G_Delay(struct VD6G_Ctx *ctx, uint32_t delay_in_ms)
 163:../../Middlewares/stm32-mw-camera/sensors/cmw_vd66gy.c **** {
 510              		.loc 1 163 1 is_stmt 1 view -0
 511              		.cfi_startproc
 512              		@ args = 0, pretend = 0, frame = 0
 513              		@ frame_needed = 0, uses_anonymous_args = 0
 514              		@ link register save eliminated.
 164:../../Middlewares/stm32-mw-camera/sensors/cmw_vd66gy.c ****   CMW_VD66GY_t *p_ctx = container_of(ctx, CMW_VD66GY_t, ctx_driver);
 515              		.loc 1 164 3 view .LVU126
 165:../../Middlewares/stm32-mw-camera/sensors/cmw_vd66gy.c **** 
 166:../../Middlewares/stm32-mw-camera/sensors/cmw_vd66gy.c ****   p_ctx->Delay(delay_in_ms);
 516              		.loc 1 166 3 view .LVU127
 517 0000 D0F83431 		ldr	r3, [r0, #308]
 518 0004 0846     		mov	r0, r1
 519              	.LVL44:
 520              		.loc 1 166 3 is_stmt 0 view .LVU128
 521 0006 1847     		bx	r3	@ indirect register sibling call
 522              	.LVL45:
 523              		.loc 1 166 3 view .LVU129
 524              		.cfi_endproc
 525              	.LFE1527:
 527              		.section	.text.VD6G_Log,"ax",%progbits
ARM GAS  /tmp/ccQ5BsN4.s 			page 14


 528              		.align	1
 529              		.syntax unified
 530              		.thumb
 531              		.thumb_func
 533              	VD6G_Log:
 534              	.LVL46:
 535              	.LFB1528:
 167:../../Middlewares/stm32-mw-camera/sensors/cmw_vd66gy.c **** }
 168:../../Middlewares/stm32-mw-camera/sensors/cmw_vd66gy.c **** 
 169:../../Middlewares/stm32-mw-camera/sensors/cmw_vd66gy.c **** static void VD6G_Log(struct VD6G_Ctx *ctx, int lvl, const char *format, va_list ap)
 170:../../Middlewares/stm32-mw-camera/sensors/cmw_vd66gy.c **** {
 536              		.loc 1 170 1 is_stmt 1 view -0
 537              		.cfi_startproc
 538              		@ args = 0, pretend = 0, frame = 0
 539              		@ frame_needed = 0, uses_anonymous_args = 0
 540              		@ link register save eliminated.
 171:../../Middlewares/stm32-mw-camera/sensors/cmw_vd66gy.c **** #if 0
 172:../../Middlewares/stm32-mw-camera/sensors/cmw_vd66gy.c ****   const int current_lvl = VD6G_LVL_DBG(0);
 173:../../Middlewares/stm32-mw-camera/sensors/cmw_vd66gy.c **** 
 174:../../Middlewares/stm32-mw-camera/sensors/cmw_vd66gy.c ****   if (lvl > current_lvl)
 175:../../Middlewares/stm32-mw-camera/sensors/cmw_vd66gy.c ****     return ;
 176:../../Middlewares/stm32-mw-camera/sensors/cmw_vd66gy.c **** 
 177:../../Middlewares/stm32-mw-camera/sensors/cmw_vd66gy.c ****   vprintf(format, ap);
 178:../../Middlewares/stm32-mw-camera/sensors/cmw_vd66gy.c **** #endif
 179:../../Middlewares/stm32-mw-camera/sensors/cmw_vd66gy.c **** }
 541              		.loc 1 179 1 view .LVU131
 542 0000 7047     		bx	lr
 543              		.cfi_endproc
 544              	.LFE1528:
 546              		.section	.text.CMW_VD66GY_FrameEventCallback,"ax",%progbits
 547              		.align	1
 548              		.syntax unified
 549              		.thumb
 550              		.thumb_func
 552              	CMW_VD66GY_FrameEventCallback:
 553              	.LVL47:
 554              	.LFB1544:
 180:../../Middlewares/stm32-mw-camera/sensors/cmw_vd66gy.c **** 
 181:../../Middlewares/stm32-mw-camera/sensors/cmw_vd66gy.c **** static int CMW_VD66GY_GetResType(uint32_t width, uint32_t height, VD6G_Res_t *res)
 182:../../Middlewares/stm32-mw-camera/sensors/cmw_vd66gy.c **** {
 183:../../Middlewares/stm32-mw-camera/sensors/cmw_vd66gy.c ****   if (width == 320 && height == 240)
 184:../../Middlewares/stm32-mw-camera/sensors/cmw_vd66gy.c ****   {
 185:../../Middlewares/stm32-mw-camera/sensors/cmw_vd66gy.c ****     *res = VD6G_RES_QVGA_320_240;
 186:../../Middlewares/stm32-mw-camera/sensors/cmw_vd66gy.c ****   }
 187:../../Middlewares/stm32-mw-camera/sensors/cmw_vd66gy.c ****   else if (width == 640 && height == 480)
 188:../../Middlewares/stm32-mw-camera/sensors/cmw_vd66gy.c ****   {
 189:../../Middlewares/stm32-mw-camera/sensors/cmw_vd66gy.c ****     *res = VD6G_RES_VGA_640_480;
 190:../../Middlewares/stm32-mw-camera/sensors/cmw_vd66gy.c ****   }
 191:../../Middlewares/stm32-mw-camera/sensors/cmw_vd66gy.c ****   else if (width == 1024 && height == 768)
 192:../../Middlewares/stm32-mw-camera/sensors/cmw_vd66gy.c ****   {
 193:../../Middlewares/stm32-mw-camera/sensors/cmw_vd66gy.c ****     *res = VD6G_RES_XGA_1024_768;
 194:../../Middlewares/stm32-mw-camera/sensors/cmw_vd66gy.c ****   }
 195:../../Middlewares/stm32-mw-camera/sensors/cmw_vd66gy.c ****   else if (width == 1120 && height == 720)
 196:../../Middlewares/stm32-mw-camera/sensors/cmw_vd66gy.c ****   {
 197:../../Middlewares/stm32-mw-camera/sensors/cmw_vd66gy.c ****     *res = VD6G_RES_PORTRAIT_1120_720;
 198:../../Middlewares/stm32-mw-camera/sensors/cmw_vd66gy.c ****   }
 199:../../Middlewares/stm32-mw-camera/sensors/cmw_vd66gy.c ****   else if (width == 1120 && height == 1364)
ARM GAS  /tmp/ccQ5BsN4.s 			page 15


 200:../../Middlewares/stm32-mw-camera/sensors/cmw_vd66gy.c ****   {
 201:../../Middlewares/stm32-mw-camera/sensors/cmw_vd66gy.c ****     *res = VD6G_RES_FULL_1120_1364;
 202:../../Middlewares/stm32-mw-camera/sensors/cmw_vd66gy.c ****   }
 203:../../Middlewares/stm32-mw-camera/sensors/cmw_vd66gy.c ****   else
 204:../../Middlewares/stm32-mw-camera/sensors/cmw_vd66gy.c ****   {
 205:../../Middlewares/stm32-mw-camera/sensors/cmw_vd66gy.c ****     return CMW_ERROR_WRONG_PARAM;
 206:../../Middlewares/stm32-mw-camera/sensors/cmw_vd66gy.c ****   }
 207:../../Middlewares/stm32-mw-camera/sensors/cmw_vd66gy.c ****   return 0;
 208:../../Middlewares/stm32-mw-camera/sensors/cmw_vd66gy.c **** }
 209:../../Middlewares/stm32-mw-camera/sensors/cmw_vd66gy.c **** 
 210:../../Middlewares/stm32-mw-camera/sensors/cmw_vd66gy.c **** static VD6G_MirrorFlip_t CMW_VD66GY_getMirrorFlipConfig(uint32_t Config)
 211:../../Middlewares/stm32-mw-camera/sensors/cmw_vd66gy.c **** {
 212:../../Middlewares/stm32-mw-camera/sensors/cmw_vd66gy.c ****   VD6G_MirrorFlip_t ret;
 213:../../Middlewares/stm32-mw-camera/sensors/cmw_vd66gy.c **** 
 214:../../Middlewares/stm32-mw-camera/sensors/cmw_vd66gy.c ****   switch (Config)
 215:../../Middlewares/stm32-mw-camera/sensors/cmw_vd66gy.c ****   {
 216:../../Middlewares/stm32-mw-camera/sensors/cmw_vd66gy.c ****     case CMW_MIRRORFLIP_NONE:
 217:../../Middlewares/stm32-mw-camera/sensors/cmw_vd66gy.c ****       ret = VD6G_MIRROR_FLIP_NONE;
 218:../../Middlewares/stm32-mw-camera/sensors/cmw_vd66gy.c ****       break;
 219:../../Middlewares/stm32-mw-camera/sensors/cmw_vd66gy.c ****     case CMW_MIRRORFLIP_FLIP:
 220:../../Middlewares/stm32-mw-camera/sensors/cmw_vd66gy.c ****       ret = VD6G_FLIP;
 221:../../Middlewares/stm32-mw-camera/sensors/cmw_vd66gy.c ****       break;
 222:../../Middlewares/stm32-mw-camera/sensors/cmw_vd66gy.c ****     case CMW_MIRRORFLIP_MIRROR:
 223:../../Middlewares/stm32-mw-camera/sensors/cmw_vd66gy.c ****       ret = VD6G_MIRROR;
 224:../../Middlewares/stm32-mw-camera/sensors/cmw_vd66gy.c ****       break;
 225:../../Middlewares/stm32-mw-camera/sensors/cmw_vd66gy.c ****     case CMW_MIRRORFLIP_FLIP_MIRROR:
 226:../../Middlewares/stm32-mw-camera/sensors/cmw_vd66gy.c ****     default:
 227:../../Middlewares/stm32-mw-camera/sensors/cmw_vd66gy.c ****       ret = VD6G_MIRROR_FLIP;
 228:../../Middlewares/stm32-mw-camera/sensors/cmw_vd66gy.c ****       break;
 229:../../Middlewares/stm32-mw-camera/sensors/cmw_vd66gy.c ****   }
 230:../../Middlewares/stm32-mw-camera/sensors/cmw_vd66gy.c **** 
 231:../../Middlewares/stm32-mw-camera/sensors/cmw_vd66gy.c ****   return ret;
 232:../../Middlewares/stm32-mw-camera/sensors/cmw_vd66gy.c **** }
 233:../../Middlewares/stm32-mw-camera/sensors/cmw_vd66gy.c **** 
 234:../../Middlewares/stm32-mw-camera/sensors/cmw_vd66gy.c **** static int32_t CMW_VD66GY_Init(void *io_ctx, CMW_Sensor_Init_t *initSensor)
 235:../../Middlewares/stm32-mw-camera/sensors/cmw_vd66gy.c **** {
 236:../../Middlewares/stm32-mw-camera/sensors/cmw_vd66gy.c ****   VD6G_Config_t config = { 0 };
 237:../../Middlewares/stm32-mw-camera/sensors/cmw_vd66gy.c ****   int ret;
 238:../../Middlewares/stm32-mw-camera/sensors/cmw_vd66gy.c ****   int i;
 239:../../Middlewares/stm32-mw-camera/sensors/cmw_vd66gy.c ****   CMW_VD66GY_config_t *sensor_config;
 240:../../Middlewares/stm32-mw-camera/sensors/cmw_vd66gy.c ****   sensor_config = (CMW_VD66GY_config_t*)(initSensor->sensor_config);
 241:../../Middlewares/stm32-mw-camera/sensors/cmw_vd66gy.c ****   if (sensor_config == NULL)
 242:../../Middlewares/stm32-mw-camera/sensors/cmw_vd66gy.c ****   {
 243:../../Middlewares/stm32-mw-camera/sensors/cmw_vd66gy.c ****     return CMW_ERROR_WRONG_PARAM;
 244:../../Middlewares/stm32-mw-camera/sensors/cmw_vd66gy.c ****   }
 245:../../Middlewares/stm32-mw-camera/sensors/cmw_vd66gy.c **** 
 246:../../Middlewares/stm32-mw-camera/sensors/cmw_vd66gy.c ****   if (((CMW_VD66GY_t *)io_ctx)->IsInitialized)
 247:../../Middlewares/stm32-mw-camera/sensors/cmw_vd66gy.c ****   {
 248:../../Middlewares/stm32-mw-camera/sensors/cmw_vd66gy.c ****     return CMW_ERROR_NONE;
 249:../../Middlewares/stm32-mw-camera/sensors/cmw_vd66gy.c ****   }
 250:../../Middlewares/stm32-mw-camera/sensors/cmw_vd66gy.c **** 
 251:../../Middlewares/stm32-mw-camera/sensors/cmw_vd66gy.c ****   config.frame_rate = initSensor->fps;
 252:../../Middlewares/stm32-mw-camera/sensors/cmw_vd66gy.c ****   ret = CMW_VD66GY_GetResType(initSensor->width, initSensor->height, &config.resolution);
 253:../../Middlewares/stm32-mw-camera/sensors/cmw_vd66gy.c ****   if (ret)
 254:../../Middlewares/stm32-mw-camera/sensors/cmw_vd66gy.c ****   {
 255:../../Middlewares/stm32-mw-camera/sensors/cmw_vd66gy.c ****     return CMW_ERROR_WRONG_PARAM;
 256:../../Middlewares/stm32-mw-camera/sensors/cmw_vd66gy.c ****   }
ARM GAS  /tmp/ccQ5BsN4.s 			page 16


 257:../../Middlewares/stm32-mw-camera/sensors/cmw_vd66gy.c **** 
 258:../../Middlewares/stm32-mw-camera/sensors/cmw_vd66gy.c ****   config.ext_clock_freq_in_hz = CAMERA_VD66GY_FREQ_IN_HZ; /* Default clock frequency */
 259:../../Middlewares/stm32-mw-camera/sensors/cmw_vd66gy.c ****   config.line_len = sensor_config->line_len;
 260:../../Middlewares/stm32-mw-camera/sensors/cmw_vd66gy.c ****   config.out_itf.datalane_nb = 2;
 261:../../Middlewares/stm32-mw-camera/sensors/cmw_vd66gy.c ****   config.out_itf.clock_lane_swap_enable = 1;
 262:../../Middlewares/stm32-mw-camera/sensors/cmw_vd66gy.c ****   config.out_itf.data_lane0_swap_enable = 1;
 263:../../Middlewares/stm32-mw-camera/sensors/cmw_vd66gy.c ****   config.out_itf.data_lane1_swap_enable = 1;
 264:../../Middlewares/stm32-mw-camera/sensors/cmw_vd66gy.c ****   config.out_itf.data_lanes_mapping_swap_enable = 0;
 265:../../Middlewares/stm32-mw-camera/sensors/cmw_vd66gy.c **** 
 266:../../Middlewares/stm32-mw-camera/sensors/cmw_vd66gy.c ****   config.flip_mirror_mode = CMW_VD66GY_getMirrorFlipConfig(initSensor->mirrorFlip);
 267:../../Middlewares/stm32-mw-camera/sensors/cmw_vd66gy.c ****   config.patgen = VD6G_PATGEN_DISABLE;
 268:../../Middlewares/stm32-mw-camera/sensors/cmw_vd66gy.c ****   config.flicker = VD6G_FLICKER_FREE_NONE;
 269:../../Middlewares/stm32-mw-camera/sensors/cmw_vd66gy.c **** 
 270:../../Middlewares/stm32-mw-camera/sensors/cmw_vd66gy.c ****   for (i = 0; i < VD6G_GPIO_NB; i++)
 271:../../Middlewares/stm32-mw-camera/sensors/cmw_vd66gy.c ****   {
 272:../../Middlewares/stm32-mw-camera/sensors/cmw_vd66gy.c ****     config.gpio_ctrl[i] = VD6G_GPIO_GPIO_IN;
 273:../../Middlewares/stm32-mw-camera/sensors/cmw_vd66gy.c ****   }
 274:../../Middlewares/stm32-mw-camera/sensors/cmw_vd66gy.c **** 
 275:../../Middlewares/stm32-mw-camera/sensors/cmw_vd66gy.c ****   ret = VD6G_Init(&((CMW_VD66GY_t *)io_ctx)->ctx_driver, &config);
 276:../../Middlewares/stm32-mw-camera/sensors/cmw_vd66gy.c ****   if (ret)
 277:../../Middlewares/stm32-mw-camera/sensors/cmw_vd66gy.c ****   {
 278:../../Middlewares/stm32-mw-camera/sensors/cmw_vd66gy.c ****     return CMW_ERROR_PERIPH_FAILURE;
 279:../../Middlewares/stm32-mw-camera/sensors/cmw_vd66gy.c ****   }
 280:../../Middlewares/stm32-mw-camera/sensors/cmw_vd66gy.c **** 
 281:../../Middlewares/stm32-mw-camera/sensors/cmw_vd66gy.c ****   if (((CMW_VD66GY_t *)io_ctx)->ctx_driver.bayer == VD6G_BAYER_NONE)
 282:../../Middlewares/stm32-mw-camera/sensors/cmw_vd66gy.c ****   {
 283:../../Middlewares/stm32-mw-camera/sensors/cmw_vd66gy.c ****     VD6G_DeInit(&((CMW_VD66GY_t *)io_ctx)->ctx_driver);
 284:../../Middlewares/stm32-mw-camera/sensors/cmw_vd66gy.c ****     return CMW_ERROR_PERIPH_FAILURE;
 285:../../Middlewares/stm32-mw-camera/sensors/cmw_vd66gy.c ****   }
 286:../../Middlewares/stm32-mw-camera/sensors/cmw_vd66gy.c **** 
 287:../../Middlewares/stm32-mw-camera/sensors/cmw_vd66gy.c ****   ((CMW_VD66GY_t *)io_ctx)->IsInitialized = 1;
 288:../../Middlewares/stm32-mw-camera/sensors/cmw_vd66gy.c ****   return CMW_ERROR_NONE;
 289:../../Middlewares/stm32-mw-camera/sensors/cmw_vd66gy.c **** }
 290:../../Middlewares/stm32-mw-camera/sensors/cmw_vd66gy.c **** 
 291:../../Middlewares/stm32-mw-camera/sensors/cmw_vd66gy.c **** void CMW_VD66GY_SetDefaultSensorValues(CMW_VD66GY_config_t *vd66gy_config)
 292:../../Middlewares/stm32-mw-camera/sensors/cmw_vd66gy.c **** {
 293:../../Middlewares/stm32-mw-camera/sensors/cmw_vd66gy.c ****   assert(vd66gy_config != NULL);
 294:../../Middlewares/stm32-mw-camera/sensors/cmw_vd66gy.c ****   vd66gy_config->line_len = 0;
 295:../../Middlewares/stm32-mw-camera/sensors/cmw_vd66gy.c ****   vd66gy_config->pixel_format = CMW_PIXEL_FORMAT_RAW8;
 296:../../Middlewares/stm32-mw-camera/sensors/cmw_vd66gy.c **** }
 297:../../Middlewares/stm32-mw-camera/sensors/cmw_vd66gy.c **** 
 298:../../Middlewares/stm32-mw-camera/sensors/cmw_vd66gy.c **** static int32_t CMW_VD66GY_Start(void *io_ctx)
 299:../../Middlewares/stm32-mw-camera/sensors/cmw_vd66gy.c **** {
 300:../../Middlewares/stm32-mw-camera/sensors/cmw_vd66gy.c ****   int ret = CMW_ERROR_NONE;
 301:../../Middlewares/stm32-mw-camera/sensors/cmw_vd66gy.c **** 
 302:../../Middlewares/stm32-mw-camera/sensors/cmw_vd66gy.c **** #ifndef ISP_MW_TUNING_TOOL_SUPPORT
 303:../../Middlewares/stm32-mw-camera/sensors/cmw_vd66gy.c ****   /* Statistic area is provided with null value so that it force the ISP Library to get the statist
 304:../../Middlewares/stm32-mw-camera/sensors/cmw_vd66gy.c ****    * area information from the tuning file.
 305:../../Middlewares/stm32-mw-camera/sensors/cmw_vd66gy.c ****    */
 306:../../Middlewares/stm32-mw-camera/sensors/cmw_vd66gy.c ****   (void) ISP_IQParamCacheInit; /* unused */
 307:../../Middlewares/stm32-mw-camera/sensors/cmw_vd66gy.c ****   ret = ISP_Init(&((CMW_VD66GY_t *)io_ctx)->hIsp, ((CMW_VD66GY_t *)io_ctx)->hdcmipp, 0, &((CMW_VD66
 308:../../Middlewares/stm32-mw-camera/sensors/cmw_vd66gy.c ****   if (ret != ISP_OK)
 309:../../Middlewares/stm32-mw-camera/sensors/cmw_vd66gy.c ****   {
 310:../../Middlewares/stm32-mw-camera/sensors/cmw_vd66gy.c ****     return CMW_ERROR_COMPONENT_FAILURE;
 311:../../Middlewares/stm32-mw-camera/sensors/cmw_vd66gy.c ****   }
 312:../../Middlewares/stm32-mw-camera/sensors/cmw_vd66gy.c **** 
 313:../../Middlewares/stm32-mw-camera/sensors/cmw_vd66gy.c ****   ret = ISP_Start(&((CMW_VD66GY_t *)io_ctx)->hIsp);
ARM GAS  /tmp/ccQ5BsN4.s 			page 17


 314:../../Middlewares/stm32-mw-camera/sensors/cmw_vd66gy.c ****   if (ret != ISP_OK)
 315:../../Middlewares/stm32-mw-camera/sensors/cmw_vd66gy.c ****   {
 316:../../Middlewares/stm32-mw-camera/sensors/cmw_vd66gy.c ****       return CMW_ERROR_PERIPH_FAILURE;
 317:../../Middlewares/stm32-mw-camera/sensors/cmw_vd66gy.c ****   }
 318:../../Middlewares/stm32-mw-camera/sensors/cmw_vd66gy.c **** #endif
 319:../../Middlewares/stm32-mw-camera/sensors/cmw_vd66gy.c ****   ret = VD6G_Start(&((CMW_VD66GY_t *)io_ctx)->ctx_driver);
 320:../../Middlewares/stm32-mw-camera/sensors/cmw_vd66gy.c ****   if (ret) {
 321:../../Middlewares/stm32-mw-camera/sensors/cmw_vd66gy.c ****     VD6G_DeInit(&((CMW_VD66GY_t *)io_ctx)->ctx_driver);
 322:../../Middlewares/stm32-mw-camera/sensors/cmw_vd66gy.c ****     return CMW_ERROR_PERIPH_FAILURE;
 323:../../Middlewares/stm32-mw-camera/sensors/cmw_vd66gy.c ****   }
 324:../../Middlewares/stm32-mw-camera/sensors/cmw_vd66gy.c ****   return CMW_ERROR_NONE;
 325:../../Middlewares/stm32-mw-camera/sensors/cmw_vd66gy.c **** }
 326:../../Middlewares/stm32-mw-camera/sensors/cmw_vd66gy.c **** 
 327:../../Middlewares/stm32-mw-camera/sensors/cmw_vd66gy.c **** static int32_t CMW_VD66GY_Run(void *io_ctx)
 328:../../Middlewares/stm32-mw-camera/sensors/cmw_vd66gy.c **** {
 329:../../Middlewares/stm32-mw-camera/sensors/cmw_vd66gy.c **** #ifndef ISP_MW_TUNING_TOOL_SUPPORT
 330:../../Middlewares/stm32-mw-camera/sensors/cmw_vd66gy.c ****   int ret;
 331:../../Middlewares/stm32-mw-camera/sensors/cmw_vd66gy.c ****   ret = ISP_BackgroundProcess(&((CMW_VD66GY_t *)io_ctx)->hIsp);
 332:../../Middlewares/stm32-mw-camera/sensors/cmw_vd66gy.c ****   if (ret != ISP_OK)
 333:../../Middlewares/stm32-mw-camera/sensors/cmw_vd66gy.c ****   {
 334:../../Middlewares/stm32-mw-camera/sensors/cmw_vd66gy.c ****       return CMW_ERROR_PERIPH_FAILURE;
 335:../../Middlewares/stm32-mw-camera/sensors/cmw_vd66gy.c ****   }
 336:../../Middlewares/stm32-mw-camera/sensors/cmw_vd66gy.c **** #endif
 337:../../Middlewares/stm32-mw-camera/sensors/cmw_vd66gy.c ****   return CMW_ERROR_NONE;
 338:../../Middlewares/stm32-mw-camera/sensors/cmw_vd66gy.c **** }
 339:../../Middlewares/stm32-mw-camera/sensors/cmw_vd66gy.c **** 
 340:../../Middlewares/stm32-mw-camera/sensors/cmw_vd66gy.c **** static int32_t CMW_VD66GY_Stop(void *io_ctx)
 341:../../Middlewares/stm32-mw-camera/sensors/cmw_vd66gy.c **** {
 342:../../Middlewares/stm32-mw-camera/sensors/cmw_vd66gy.c ****   int ret = CMW_ERROR_NONE;
 343:../../Middlewares/stm32-mw-camera/sensors/cmw_vd66gy.c **** 
 344:../../Middlewares/stm32-mw-camera/sensors/cmw_vd66gy.c ****   ret = VD6G_Stop(&((CMW_VD66GY_t *)io_ctx)->ctx_driver);
 345:../../Middlewares/stm32-mw-camera/sensors/cmw_vd66gy.c ****   if (ret)
 346:../../Middlewares/stm32-mw-camera/sensors/cmw_vd66gy.c ****   {
 347:../../Middlewares/stm32-mw-camera/sensors/cmw_vd66gy.c ****     return CMW_ERROR_PERIPH_FAILURE;
 348:../../Middlewares/stm32-mw-camera/sensors/cmw_vd66gy.c ****   }
 349:../../Middlewares/stm32-mw-camera/sensors/cmw_vd66gy.c ****   return CMW_ERROR_NONE;
 350:../../Middlewares/stm32-mw-camera/sensors/cmw_vd66gy.c **** }
 351:../../Middlewares/stm32-mw-camera/sensors/cmw_vd66gy.c **** 
 352:../../Middlewares/stm32-mw-camera/sensors/cmw_vd66gy.c **** static int32_t CMW_VD66GY_DeInit(void *io_ctx)
 353:../../Middlewares/stm32-mw-camera/sensors/cmw_vd66gy.c **** {
 354:../../Middlewares/stm32-mw-camera/sensors/cmw_vd66gy.c ****   int ret = CMW_ERROR_NONE;
 355:../../Middlewares/stm32-mw-camera/sensors/cmw_vd66gy.c **** 
 356:../../Middlewares/stm32-mw-camera/sensors/cmw_vd66gy.c ****   ret = VD6G_Stop(&((CMW_VD66GY_t *)io_ctx)->ctx_driver);
 357:../../Middlewares/stm32-mw-camera/sensors/cmw_vd66gy.c ****   if (ret)
 358:../../Middlewares/stm32-mw-camera/sensors/cmw_vd66gy.c ****   {
 359:../../Middlewares/stm32-mw-camera/sensors/cmw_vd66gy.c ****     return CMW_ERROR_PERIPH_FAILURE;
 360:../../Middlewares/stm32-mw-camera/sensors/cmw_vd66gy.c ****   }
 361:../../Middlewares/stm32-mw-camera/sensors/cmw_vd66gy.c **** 
 362:../../Middlewares/stm32-mw-camera/sensors/cmw_vd66gy.c ****   ret = VD6G_DeInit(&((CMW_VD66GY_t *)io_ctx)->ctx_driver);
 363:../../Middlewares/stm32-mw-camera/sensors/cmw_vd66gy.c ****   if (ret)
 364:../../Middlewares/stm32-mw-camera/sensors/cmw_vd66gy.c ****   {
 365:../../Middlewares/stm32-mw-camera/sensors/cmw_vd66gy.c ****     return CMW_ERROR_PERIPH_FAILURE;
 366:../../Middlewares/stm32-mw-camera/sensors/cmw_vd66gy.c ****   }
 367:../../Middlewares/stm32-mw-camera/sensors/cmw_vd66gy.c **** 
 368:../../Middlewares/stm32-mw-camera/sensors/cmw_vd66gy.c ****   ((CMW_VD66GY_t *)io_ctx)->IsInitialized = 0;
 369:../../Middlewares/stm32-mw-camera/sensors/cmw_vd66gy.c ****   return CMW_ERROR_NONE;
 370:../../Middlewares/stm32-mw-camera/sensors/cmw_vd66gy.c **** }
ARM GAS  /tmp/ccQ5BsN4.s 			page 18


 371:../../Middlewares/stm32-mw-camera/sensors/cmw_vd66gy.c **** 
 372:../../Middlewares/stm32-mw-camera/sensors/cmw_vd66gy.c **** /**
 373:../../Middlewares/stm32-mw-camera/sensors/cmw_vd66gy.c ****   * @brief  Set the gain
 374:../../Middlewares/stm32-mw-camera/sensors/cmw_vd66gy.c ****   * @param  pObj  pointer to component object
 375:../../Middlewares/stm32-mw-camera/sensors/cmw_vd66gy.c ****   * @param  Gain Gain in mdB
 376:../../Middlewares/stm32-mw-camera/sensors/cmw_vd66gy.c ****   * @retval Component status
 377:../../Middlewares/stm32-mw-camera/sensors/cmw_vd66gy.c ****   */
 378:../../Middlewares/stm32-mw-camera/sensors/cmw_vd66gy.c **** int32_t CMW_VD66GY_SetGain(void *io_ctx, int32_t gain)
 379:../../Middlewares/stm32-mw-camera/sensors/cmw_vd66gy.c **** {
 380:../../Middlewares/stm32-mw-camera/sensors/cmw_vd66gy.c ****   int32_t ret;
 381:../../Middlewares/stm32-mw-camera/sensors/cmw_vd66gy.c ****   uint8_t again_regmin, again_regmax;
 382:../../Middlewares/stm32-mw-camera/sensors/cmw_vd66gy.c ****   uint16_t dgain_regmin, dgain_regmax;
 383:../../Middlewares/stm32-mw-camera/sensors/cmw_vd66gy.c ****   uint32_t again_min_mdB, again_max_mdB;
 384:../../Middlewares/stm32-mw-camera/sensors/cmw_vd66gy.c ****   uint32_t dgain_min_mdB, dgain_max_mdB;
 385:../../Middlewares/stm32-mw-camera/sensors/cmw_vd66gy.c ****   double analog_linear_gain, digital_linear_gain;
 386:../../Middlewares/stm32-mw-camera/sensors/cmw_vd66gy.c **** 
 387:../../Middlewares/stm32-mw-camera/sensors/cmw_vd66gy.c ****   ret = VD6G_GetAnalogGainRegRange(&((CMW_VD66GY_t *)io_ctx)->ctx_driver, &again_regmin, &again_reg
 388:../../Middlewares/stm32-mw-camera/sensors/cmw_vd66gy.c ****   if (ret)
 389:../../Middlewares/stm32-mw-camera/sensors/cmw_vd66gy.c ****     return ret;
 390:../../Middlewares/stm32-mw-camera/sensors/cmw_vd66gy.c **** 
 391:../../Middlewares/stm32-mw-camera/sensors/cmw_vd66gy.c ****   ret = VD6G_GetDigitalGainRegRange(&((CMW_VD66GY_t *)io_ctx)->ctx_driver, &dgain_regmin, &dgain_re
 392:../../Middlewares/stm32-mw-camera/sensors/cmw_vd66gy.c ****   if (ret)
 393:../../Middlewares/stm32-mw-camera/sensors/cmw_vd66gy.c ****     return ret;
 394:../../Middlewares/stm32-mw-camera/sensors/cmw_vd66gy.c **** 
 395:../../Middlewares/stm32-mw-camera/sensors/cmw_vd66gy.c ****   again_min_mdB = (uint32_t) LINEAR_TO_MDECIBEL(32 / (32 - again_regmin));
 396:../../Middlewares/stm32-mw-camera/sensors/cmw_vd66gy.c ****   again_max_mdB = (uint32_t) LINEAR_TO_MDECIBEL(32 / (32 - again_regmax));
 397:../../Middlewares/stm32-mw-camera/sensors/cmw_vd66gy.c ****   dgain_min_mdB = (uint32_t) LINEAR_TO_MDECIBEL(FP58_TO_FLOAT(dgain_regmin));
 398:../../Middlewares/stm32-mw-camera/sensors/cmw_vd66gy.c ****   dgain_max_mdB = (uint32_t) LINEAR_TO_MDECIBEL(FP58_TO_FLOAT(dgain_regmax));
 399:../../Middlewares/stm32-mw-camera/sensors/cmw_vd66gy.c **** 
 400:../../Middlewares/stm32-mw-camera/sensors/cmw_vd66gy.c ****   if ((gain < dgain_min_mdB + again_min_mdB)
 401:../../Middlewares/stm32-mw-camera/sensors/cmw_vd66gy.c ****       || (gain > dgain_max_mdB + again_max_mdB))
 402:../../Middlewares/stm32-mw-camera/sensors/cmw_vd66gy.c ****     return -1;
 403:../../Middlewares/stm32-mw-camera/sensors/cmw_vd66gy.c **** 
 404:../../Middlewares/stm32-mw-camera/sensors/cmw_vd66gy.c ****   if (gain <= again_max_mdB)
 405:../../Middlewares/stm32-mw-camera/sensors/cmw_vd66gy.c ****   {
 406:../../Middlewares/stm32-mw-camera/sensors/cmw_vd66gy.c ****     /* Use analog gain only and set digital gain to its minimum */
 407:../../Middlewares/stm32-mw-camera/sensors/cmw_vd66gy.c ****     analog_linear_gain = MDECIBEL_TO_LINEAR((double)(gain - dgain_min_mdB));
 408:../../Middlewares/stm32-mw-camera/sensors/cmw_vd66gy.c ****     digital_linear_gain = MDECIBEL_TO_LINEAR((double)dgain_min_mdB);
 409:../../Middlewares/stm32-mw-camera/sensors/cmw_vd66gy.c ****   }
 410:../../Middlewares/stm32-mw-camera/sensors/cmw_vd66gy.c ****   else
 411:../../Middlewares/stm32-mw-camera/sensors/cmw_vd66gy.c ****   {
 412:../../Middlewares/stm32-mw-camera/sensors/cmw_vd66gy.c ****     /* For higher gain values, add digital gain */
 413:../../Middlewares/stm32-mw-camera/sensors/cmw_vd66gy.c ****     analog_linear_gain = MDECIBEL_TO_LINEAR((double)again_max_mdB);
 414:../../Middlewares/stm32-mw-camera/sensors/cmw_vd66gy.c ****     digital_linear_gain = MDECIBEL_TO_LINEAR((double)(gain - again_max_mdB));
 415:../../Middlewares/stm32-mw-camera/sensors/cmw_vd66gy.c ****   }
 416:../../Middlewares/stm32-mw-camera/sensors/cmw_vd66gy.c **** 
 417:../../Middlewares/stm32-mw-camera/sensors/cmw_vd66gy.c ****   ret = VD6G_SetAnalogGain(&((CMW_VD66GY_t *)io_ctx)->ctx_driver, (int) (32 - (32 / analog_linear_g
 418:../../Middlewares/stm32-mw-camera/sensors/cmw_vd66gy.c ****   if (ret)
 419:../../Middlewares/stm32-mw-camera/sensors/cmw_vd66gy.c ****     return ret;
 420:../../Middlewares/stm32-mw-camera/sensors/cmw_vd66gy.c **** 
 421:../../Middlewares/stm32-mw-camera/sensors/cmw_vd66gy.c ****   ret = VD6G_SetDigitalGain(&((CMW_VD66GY_t *)io_ctx)->ctx_driver, FLOAT_TO_FP58(digital_linear_gai
 422:../../Middlewares/stm32-mw-camera/sensors/cmw_vd66gy.c ****   if (ret)
 423:../../Middlewares/stm32-mw-camera/sensors/cmw_vd66gy.c ****     return ret;
 424:../../Middlewares/stm32-mw-camera/sensors/cmw_vd66gy.c **** 
 425:../../Middlewares/stm32-mw-camera/sensors/cmw_vd66gy.c ****   return 0;
 426:../../Middlewares/stm32-mw-camera/sensors/cmw_vd66gy.c **** }
 427:../../Middlewares/stm32-mw-camera/sensors/cmw_vd66gy.c **** 
ARM GAS  /tmp/ccQ5BsN4.s 			page 19


 428:../../Middlewares/stm32-mw-camera/sensors/cmw_vd66gy.c **** /**
 429:../../Middlewares/stm32-mw-camera/sensors/cmw_vd66gy.c ****   * @brief  Set the exposure
 430:../../Middlewares/stm32-mw-camera/sensors/cmw_vd66gy.c ****   * @param  pObj  pointer to component object
 431:../../Middlewares/stm32-mw-camera/sensors/cmw_vd66gy.c ****   * @param  Exposure Exposure in micro seconds
 432:../../Middlewares/stm32-mw-camera/sensors/cmw_vd66gy.c ****   * @retval Component status
 433:../../Middlewares/stm32-mw-camera/sensors/cmw_vd66gy.c ****   */
 434:../../Middlewares/stm32-mw-camera/sensors/cmw_vd66gy.c **** int32_t CMW_VD66GY_SetExposure(void *io_ctx, int32_t exposure)
 435:../../Middlewares/stm32-mw-camera/sensors/cmw_vd66gy.c **** {
 436:../../Middlewares/stm32-mw-camera/sensors/cmw_vd66gy.c ****   return VD6G_SetExposureTime(&((CMW_VD66GY_t *)io_ctx)->ctx_driver, exposure);
 437:../../Middlewares/stm32-mw-camera/sensors/cmw_vd66gy.c **** }
 438:../../Middlewares/stm32-mw-camera/sensors/cmw_vd66gy.c **** 
 439:../../Middlewares/stm32-mw-camera/sensors/cmw_vd66gy.c **** /**
 440:../../Middlewares/stm32-mw-camera/sensors/cmw_vd66gy.c ****   * @brief  Set the exposure mode
 441:../../Middlewares/stm32-mw-camera/sensors/cmw_vd66gy.c ****   * @param  pObj  pointer to component object
 442:../../Middlewares/stm32-mw-camera/sensors/cmw_vd66gy.c ****   * @param  Exposure Exposure mode
 443:../../Middlewares/stm32-mw-camera/sensors/cmw_vd66gy.c ****   * @retval Component status
 444:../../Middlewares/stm32-mw-camera/sensors/cmw_vd66gy.c ****   */
 445:../../Middlewares/stm32-mw-camera/sensors/cmw_vd66gy.c **** int32_t CMW_VD66GY_SetExposureMode(void *io_ctx, int32_t mode)
 446:../../Middlewares/stm32-mw-camera/sensors/cmw_vd66gy.c **** {
 447:../../Middlewares/stm32-mw-camera/sensors/cmw_vd66gy.c ****   int ret = -1;
 448:../../Middlewares/stm32-mw-camera/sensors/cmw_vd66gy.c **** 
 449:../../Middlewares/stm32-mw-camera/sensors/cmw_vd66gy.c ****   switch (mode)
 450:../../Middlewares/stm32-mw-camera/sensors/cmw_vd66gy.c ****   {
 451:../../Middlewares/stm32-mw-camera/sensors/cmw_vd66gy.c ****     case CMW_EXPOSUREMODE_MANUAL:
 452:../../Middlewares/stm32-mw-camera/sensors/cmw_vd66gy.c ****       ret = VD6G_SetExposureMode(&((CMW_VD66GY_t *)io_ctx)->ctx_driver, VD6G_EXPOSURE_MANUAL);
 453:../../Middlewares/stm32-mw-camera/sensors/cmw_vd66gy.c ****       break;
 454:../../Middlewares/stm32-mw-camera/sensors/cmw_vd66gy.c ****     case CMW_EXPOSUREMODE_AUTOFREEZE:
 455:../../Middlewares/stm32-mw-camera/sensors/cmw_vd66gy.c ****       ret = VD6G_SetExposureMode(&((CMW_VD66GY_t *)io_ctx)->ctx_driver, VD6G_EXPOSURE_FREEZE_AEALGO
 456:../../Middlewares/stm32-mw-camera/sensors/cmw_vd66gy.c ****       break;
 457:../../Middlewares/stm32-mw-camera/sensors/cmw_vd66gy.c ****     case CMW_EXPOSUREMODE_AUTO:
 458:../../Middlewares/stm32-mw-camera/sensors/cmw_vd66gy.c ****     default:
 459:../../Middlewares/stm32-mw-camera/sensors/cmw_vd66gy.c ****       ret = VD6G_SetExposureMode(&((CMW_VD66GY_t *)io_ctx)->ctx_driver, VD6G_EXPOSURE_AUTO);
 460:../../Middlewares/stm32-mw-camera/sensors/cmw_vd66gy.c ****       break;
 461:../../Middlewares/stm32-mw-camera/sensors/cmw_vd66gy.c ****   }
 462:../../Middlewares/stm32-mw-camera/sensors/cmw_vd66gy.c **** 
 463:../../Middlewares/stm32-mw-camera/sensors/cmw_vd66gy.c ****   return (ret == 0) ? CMW_ERROR_NONE : CMW_ERROR_UNKNOWN_FAILURE;
 464:../../Middlewares/stm32-mw-camera/sensors/cmw_vd66gy.c **** }
 465:../../Middlewares/stm32-mw-camera/sensors/cmw_vd66gy.c **** 
 466:../../Middlewares/stm32-mw-camera/sensors/cmw_vd66gy.c **** /**
 467:../../Middlewares/stm32-mw-camera/sensors/cmw_vd66gy.c ****   * @brief  Set the sensor white balance mode
 468:../../Middlewares/stm32-mw-camera/sensors/cmw_vd66gy.c ****   * @param  io_ctx  pointer to component object
 469:../../Middlewares/stm32-mw-camera/sensors/cmw_vd66gy.c ****   * @param  Automatic automatic mode enable/disable
 470:../../Middlewares/stm32-mw-camera/sensors/cmw_vd66gy.c ****   * @param  RefColorTemp color temperature if automatic mode is disabled
 471:../../Middlewares/stm32-mw-camera/sensors/cmw_vd66gy.c ****   * @retval Component status
 472:../../Middlewares/stm32-mw-camera/sensors/cmw_vd66gy.c ****   */
 473:../../Middlewares/stm32-mw-camera/sensors/cmw_vd66gy.c **** int32_t CMW_VD66GY_SetWBRefMode(void *io_ctx, uint8_t Automatic, uint32_t RefColorTemp)
 474:../../Middlewares/stm32-mw-camera/sensors/cmw_vd66gy.c **** {
 475:../../Middlewares/stm32-mw-camera/sensors/cmw_vd66gy.c ****   int ret = CMW_ERROR_NONE;
 476:../../Middlewares/stm32-mw-camera/sensors/cmw_vd66gy.c **** 
 477:../../Middlewares/stm32-mw-camera/sensors/cmw_vd66gy.c ****   ret = ISP_SetWBRefMode(&((CMW_VD66GY_t *)io_ctx)->hIsp, Automatic, RefColorTemp);
 478:../../Middlewares/stm32-mw-camera/sensors/cmw_vd66gy.c ****   if (ret)
 479:../../Middlewares/stm32-mw-camera/sensors/cmw_vd66gy.c ****   {
 480:../../Middlewares/stm32-mw-camera/sensors/cmw_vd66gy.c ****     return CMW_ERROR_PERIPH_FAILURE;
 481:../../Middlewares/stm32-mw-camera/sensors/cmw_vd66gy.c ****   }
 482:../../Middlewares/stm32-mw-camera/sensors/cmw_vd66gy.c **** 
 483:../../Middlewares/stm32-mw-camera/sensors/cmw_vd66gy.c ****   return CMW_ERROR_NONE;
 484:../../Middlewares/stm32-mw-camera/sensors/cmw_vd66gy.c **** }
ARM GAS  /tmp/ccQ5BsN4.s 			page 20


 485:../../Middlewares/stm32-mw-camera/sensors/cmw_vd66gy.c **** 
 486:../../Middlewares/stm32-mw-camera/sensors/cmw_vd66gy.c **** /**
 487:../../Middlewares/stm32-mw-camera/sensors/cmw_vd66gy.c ****   * @brief  List the sensor white balance modes
 488:../../Middlewares/stm32-mw-camera/sensors/cmw_vd66gy.c ****   * @param  io_ctx  pointer to component object
 489:../../Middlewares/stm32-mw-camera/sensors/cmw_vd66gy.c ****   * @param  RefColorTemp color temperature list
 490:../../Middlewares/stm32-mw-camera/sensors/cmw_vd66gy.c ****   * @retval Component status
 491:../../Middlewares/stm32-mw-camera/sensors/cmw_vd66gy.c ****   */
 492:../../Middlewares/stm32-mw-camera/sensors/cmw_vd66gy.c **** int32_t CMW_VD66GY_ListWBRefModes(void *io_ctx, uint32_t RefColorTemp[])
 493:../../Middlewares/stm32-mw-camera/sensors/cmw_vd66gy.c **** {
 494:../../Middlewares/stm32-mw-camera/sensors/cmw_vd66gy.c ****   int ret = CMW_ERROR_NONE;
 495:../../Middlewares/stm32-mw-camera/sensors/cmw_vd66gy.c **** 
 496:../../Middlewares/stm32-mw-camera/sensors/cmw_vd66gy.c ****   ret = ISP_ListWBRefModes(&((CMW_VD66GY_t *)io_ctx)->hIsp, RefColorTemp);
 497:../../Middlewares/stm32-mw-camera/sensors/cmw_vd66gy.c ****   if (ret)
 498:../../Middlewares/stm32-mw-camera/sensors/cmw_vd66gy.c ****   {
 499:../../Middlewares/stm32-mw-camera/sensors/cmw_vd66gy.c ****     return CMW_ERROR_PERIPH_FAILURE;
 500:../../Middlewares/stm32-mw-camera/sensors/cmw_vd66gy.c ****   }
 501:../../Middlewares/stm32-mw-camera/sensors/cmw_vd66gy.c **** 
 502:../../Middlewares/stm32-mw-camera/sensors/cmw_vd66gy.c ****   return CMW_ERROR_NONE;
 503:../../Middlewares/stm32-mw-camera/sensors/cmw_vd66gy.c **** }
 504:../../Middlewares/stm32-mw-camera/sensors/cmw_vd66gy.c **** 
 505:../../Middlewares/stm32-mw-camera/sensors/cmw_vd66gy.c **** /**
 506:../../Middlewares/stm32-mw-camera/sensors/cmw_vd66gy.c ****   * @brief  Get the sensor info
 507:../../Middlewares/stm32-mw-camera/sensors/cmw_vd66gy.c ****   * @param  pObj  pointer to component object
 508:../../Middlewares/stm32-mw-camera/sensors/cmw_vd66gy.c ****   * @param  pInfo pointer to sensor info structure
 509:../../Middlewares/stm32-mw-camera/sensors/cmw_vd66gy.c ****   * @retval Component status
 510:../../Middlewares/stm32-mw-camera/sensors/cmw_vd66gy.c ****   */
 511:../../Middlewares/stm32-mw-camera/sensors/cmw_vd66gy.c **** int32_t CMW_VD66GY_GetSensorInfo(void *io_ctx, ISP_SensorInfoTypeDef *info)
 512:../../Middlewares/stm32-mw-camera/sensors/cmw_vd66gy.c **** {
 513:../../Middlewares/stm32-mw-camera/sensors/cmw_vd66gy.c ****   uint8_t again_regmin, again_regmax;
 514:../../Middlewares/stm32-mw-camera/sensors/cmw_vd66gy.c ****   uint16_t dgain_regmin, dgain_regmax;
 515:../../Middlewares/stm32-mw-camera/sensors/cmw_vd66gy.c ****   uint32_t again_min_mdB, again_max_mdB;
 516:../../Middlewares/stm32-mw-camera/sensors/cmw_vd66gy.c ****   uint32_t dgain_min_mdB, dgain_max_mdB;
 517:../../Middlewares/stm32-mw-camera/sensors/cmw_vd66gy.c **** 
 518:../../Middlewares/stm32-mw-camera/sensors/cmw_vd66gy.c ****   int ret;
 519:../../Middlewares/stm32-mw-camera/sensors/cmw_vd66gy.c **** 
 520:../../Middlewares/stm32-mw-camera/sensors/cmw_vd66gy.c ****   if ((!io_ctx) || (info == NULL))
 521:../../Middlewares/stm32-mw-camera/sensors/cmw_vd66gy.c ****     return CMW_ERROR_WRONG_PARAM;
 522:../../Middlewares/stm32-mw-camera/sensors/cmw_vd66gy.c **** 
 523:../../Middlewares/stm32-mw-camera/sensors/cmw_vd66gy.c ****   /* Get sensor name */
 524:../../Middlewares/stm32-mw-camera/sensors/cmw_vd66gy.c ****   if (sizeof(info->name) >= strlen(VD66GY_NAME) + 1)
 525:../../Middlewares/stm32-mw-camera/sensors/cmw_vd66gy.c ****   {
 526:../../Middlewares/stm32-mw-camera/sensors/cmw_vd66gy.c ****     strcpy(info->name, VD66GY_NAME);
 527:../../Middlewares/stm32-mw-camera/sensors/cmw_vd66gy.c ****   }
 528:../../Middlewares/stm32-mw-camera/sensors/cmw_vd66gy.c ****   else
 529:../../Middlewares/stm32-mw-camera/sensors/cmw_vd66gy.c ****   {
 530:../../Middlewares/stm32-mw-camera/sensors/cmw_vd66gy.c ****     return CMW_ERROR_WRONG_PARAM;
 531:../../Middlewares/stm32-mw-camera/sensors/cmw_vd66gy.c ****   }
 532:../../Middlewares/stm32-mw-camera/sensors/cmw_vd66gy.c **** 
 533:../../Middlewares/stm32-mw-camera/sensors/cmw_vd66gy.c ****   /* Get isp bayer pattern info */
 534:../../Middlewares/stm32-mw-camera/sensors/cmw_vd66gy.c ****   info->bayer_pattern = ((CMW_VD66GY_t *)io_ctx)->ctx_driver.bayer - 1;
 535:../../Middlewares/stm32-mw-camera/sensors/cmw_vd66gy.c **** 
 536:../../Middlewares/stm32-mw-camera/sensors/cmw_vd66gy.c ****   /* Get color depth */
 537:../../Middlewares/stm32-mw-camera/sensors/cmw_vd66gy.c ****   info->color_depth = VD6G_COLOR_DEPTH_RAW8;
 538:../../Middlewares/stm32-mw-camera/sensors/cmw_vd66gy.c **** 
 539:../../Middlewares/stm32-mw-camera/sensors/cmw_vd66gy.c ****   /* Get resolution info */
 540:../../Middlewares/stm32-mw-camera/sensors/cmw_vd66gy.c ****   info->width = VD6G_MAX_WIDTH;
 541:../../Middlewares/stm32-mw-camera/sensors/cmw_vd66gy.c ****   info->height = VD6G_MAX_HEIGHT;
ARM GAS  /tmp/ccQ5BsN4.s 			page 21


 542:../../Middlewares/stm32-mw-camera/sensors/cmw_vd66gy.c **** 
 543:../../Middlewares/stm32-mw-camera/sensors/cmw_vd66gy.c ****   /* Get gain range */
 544:../../Middlewares/stm32-mw-camera/sensors/cmw_vd66gy.c ****   ret = VD6G_GetAnalogGainRegRange(&((CMW_VD66GY_t *)io_ctx)->ctx_driver, &again_regmin, &again_reg
 545:../../Middlewares/stm32-mw-camera/sensors/cmw_vd66gy.c ****   if (ret)
 546:../../Middlewares/stm32-mw-camera/sensors/cmw_vd66gy.c ****     return ret;
 547:../../Middlewares/stm32-mw-camera/sensors/cmw_vd66gy.c **** 
 548:../../Middlewares/stm32-mw-camera/sensors/cmw_vd66gy.c ****   ret = VD6G_GetDigitalGainRegRange(&((CMW_VD66GY_t *)io_ctx)->ctx_driver, &dgain_regmin, &dgain_re
 549:../../Middlewares/stm32-mw-camera/sensors/cmw_vd66gy.c ****   if (ret)
 550:../../Middlewares/stm32-mw-camera/sensors/cmw_vd66gy.c ****     return ret;
 551:../../Middlewares/stm32-mw-camera/sensors/cmw_vd66gy.c **** 
 552:../../Middlewares/stm32-mw-camera/sensors/cmw_vd66gy.c ****   again_min_mdB = (uint32_t) LINEAR_TO_MDECIBEL(32 / (32 - again_regmin));
 553:../../Middlewares/stm32-mw-camera/sensors/cmw_vd66gy.c ****   again_max_mdB = (uint32_t) LINEAR_TO_MDECIBEL(32 / (32 - again_regmax));
 554:../../Middlewares/stm32-mw-camera/sensors/cmw_vd66gy.c ****   dgain_min_mdB = (uint32_t) LINEAR_TO_MDECIBEL(FP58_TO_FLOAT(dgain_regmin));
 555:../../Middlewares/stm32-mw-camera/sensors/cmw_vd66gy.c ****   dgain_max_mdB = (uint32_t) LINEAR_TO_MDECIBEL(FP58_TO_FLOAT(dgain_regmax));
 556:../../Middlewares/stm32-mw-camera/sensors/cmw_vd66gy.c **** 
 557:../../Middlewares/stm32-mw-camera/sensors/cmw_vd66gy.c ****   info->gain_min = again_min_mdB + dgain_min_mdB;
 558:../../Middlewares/stm32-mw-camera/sensors/cmw_vd66gy.c ****   info->gain_max = again_max_mdB + dgain_max_mdB;
 559:../../Middlewares/stm32-mw-camera/sensors/cmw_vd66gy.c ****   info->again_max = again_max_mdB;
 560:../../Middlewares/stm32-mw-camera/sensors/cmw_vd66gy.c **** 
 561:../../Middlewares/stm32-mw-camera/sensors/cmw_vd66gy.c ****   /* Get exposure range */
 562:../../Middlewares/stm32-mw-camera/sensors/cmw_vd66gy.c ****   ret = VD6G_GetExposureRegRange(&((CMW_VD66GY_t *)io_ctx)->ctx_driver, &info->exposure_min, &info-
 563:../../Middlewares/stm32-mw-camera/sensors/cmw_vd66gy.c ****   if (ret)
 564:../../Middlewares/stm32-mw-camera/sensors/cmw_vd66gy.c ****     return ret;
 565:../../Middlewares/stm32-mw-camera/sensors/cmw_vd66gy.c **** 
 566:../../Middlewares/stm32-mw-camera/sensors/cmw_vd66gy.c ****   return CMW_ERROR_NONE;
 567:../../Middlewares/stm32-mw-camera/sensors/cmw_vd66gy.c **** }
 568:../../Middlewares/stm32-mw-camera/sensors/cmw_vd66gy.c **** 
 569:../../Middlewares/stm32-mw-camera/sensors/cmw_vd66gy.c **** static void CMW_VD66GY_VsyncEventCallback(void *io_ctx, uint32_t pipe)
 570:../../Middlewares/stm32-mw-camera/sensors/cmw_vd66gy.c **** {
 571:../../Middlewares/stm32-mw-camera/sensors/cmw_vd66gy.c **** #ifndef ISP_MW_TUNING_TOOL_SUPPORT
 572:../../Middlewares/stm32-mw-camera/sensors/cmw_vd66gy.c ****   /* Update the ISP frame counter and call its statistics handler */
 573:../../Middlewares/stm32-mw-camera/sensors/cmw_vd66gy.c ****   switch (pipe)
 574:../../Middlewares/stm32-mw-camera/sensors/cmw_vd66gy.c ****   {
 575:../../Middlewares/stm32-mw-camera/sensors/cmw_vd66gy.c ****     case DCMIPP_PIPE0 :
 576:../../Middlewares/stm32-mw-camera/sensors/cmw_vd66gy.c ****       ISP_IncDumpFrameId(&((CMW_VD66GY_t *)io_ctx)->hIsp);
 577:../../Middlewares/stm32-mw-camera/sensors/cmw_vd66gy.c ****       break;
 578:../../Middlewares/stm32-mw-camera/sensors/cmw_vd66gy.c ****     case DCMIPP_PIPE1 :
 579:../../Middlewares/stm32-mw-camera/sensors/cmw_vd66gy.c ****       ISP_IncMainFrameId(&((CMW_VD66GY_t *)io_ctx)->hIsp);
 580:../../Middlewares/stm32-mw-camera/sensors/cmw_vd66gy.c ****       ISP_GatherStatistics(&((CMW_VD66GY_t *)io_ctx)->hIsp);
 581:../../Middlewares/stm32-mw-camera/sensors/cmw_vd66gy.c ****       break;
 582:../../Middlewares/stm32-mw-camera/sensors/cmw_vd66gy.c ****     case DCMIPP_PIPE2 :
 583:../../Middlewares/stm32-mw-camera/sensors/cmw_vd66gy.c ****       ISP_IncAncillaryFrameId(&((CMW_VD66GY_t *)io_ctx)->hIsp);
 584:../../Middlewares/stm32-mw-camera/sensors/cmw_vd66gy.c ****       break;
 585:../../Middlewares/stm32-mw-camera/sensors/cmw_vd66gy.c ****   }
 586:../../Middlewares/stm32-mw-camera/sensors/cmw_vd66gy.c **** #endif
 587:../../Middlewares/stm32-mw-camera/sensors/cmw_vd66gy.c **** }
 588:../../Middlewares/stm32-mw-camera/sensors/cmw_vd66gy.c **** 
 589:../../Middlewares/stm32-mw-camera/sensors/cmw_vd66gy.c **** static void CMW_VD66GY_FrameEventCallback(void *io_ctx, uint32_t pipe)
 590:../../Middlewares/stm32-mw-camera/sensors/cmw_vd66gy.c **** {
 555              		.loc 1 590 1 view -0
 556              		.cfi_startproc
 557              		@ args = 0, pretend = 0, frame = 0
 558              		@ frame_needed = 0, uses_anonymous_args = 0
 559              		@ link register save eliminated.
 591:../../Middlewares/stm32-mw-camera/sensors/cmw_vd66gy.c **** }
 560              		.loc 1 591 1 view .LVU133
 561 0000 7047     		bx	lr
ARM GAS  /tmp/ccQ5BsN4.s 			page 22


 562              		.cfi_endproc
 563              	.LFE1544:
 565              		.section	.text.CMW_VD66GY_SetGain,"ax",%progbits
 566              		.align	1
 567              		.global	CMW_VD66GY_SetGain
 568              		.syntax unified
 569              		.thumb
 570              		.thumb_func
 572              	CMW_VD66GY_SetGain:
 573              	.LVL48:
 574              	.LFB1537:
 379:../../Middlewares/stm32-mw-camera/sensors/cmw_vd66gy.c ****   int32_t ret;
 575              		.loc 1 379 1 view -0
 576              		.cfi_startproc
 577              		@ args = 0, pretend = 0, frame = 16
 578              		@ frame_needed = 0, uses_anonymous_args = 0
 380:../../Middlewares/stm32-mw-camera/sensors/cmw_vd66gy.c ****   uint8_t again_regmin, again_regmax;
 579              		.loc 1 380 3 view .LVU135
 381:../../Middlewares/stm32-mw-camera/sensors/cmw_vd66gy.c ****   uint16_t dgain_regmin, dgain_regmax;
 580              		.loc 1 381 3 view .LVU136
 382:../../Middlewares/stm32-mw-camera/sensors/cmw_vd66gy.c ****   uint32_t again_min_mdB, again_max_mdB;
 581              		.loc 1 382 3 view .LVU137
 383:../../Middlewares/stm32-mw-camera/sensors/cmw_vd66gy.c ****   uint32_t dgain_min_mdB, dgain_max_mdB;
 582              		.loc 1 383 3 view .LVU138
 384:../../Middlewares/stm32-mw-camera/sensors/cmw_vd66gy.c ****   double analog_linear_gain, digital_linear_gain;
 583              		.loc 1 384 3 view .LVU139
 385:../../Middlewares/stm32-mw-camera/sensors/cmw_vd66gy.c **** 
 584              		.loc 1 385 3 view .LVU140
 387:../../Middlewares/stm32-mw-camera/sensors/cmw_vd66gy.c ****   if (ret)
 585              		.loc 1 387 3 view .LVU141
 379:../../Middlewares/stm32-mw-camera/sensors/cmw_vd66gy.c ****   int32_t ret;
 586              		.loc 1 379 1 is_stmt 0 view .LVU142
 587 0000 F0B5     		push	{r4, r5, r6, r7, lr}
 588              		.cfi_def_cfa_offset 20
 589              		.cfi_offset 4, -20
 590              		.cfi_offset 5, -16
 591              		.cfi_offset 6, -12
 592              		.cfi_offset 7, -8
 593              		.cfi_offset 14, -4
 594 0002 2DED088B 		vpush.64	{d8, d9, d10, d11}
 595              		.cfi_def_cfa_offset 52
 596              		.cfi_offset 80, -52
 597              		.cfi_offset 81, -48
 598              		.cfi_offset 82, -44
 599              		.cfi_offset 83, -40
 600              		.cfi_offset 84, -36
 601              		.cfi_offset 85, -32
 602              		.cfi_offset 86, -28
 603              		.cfi_offset 87, -24
 387:../../Middlewares/stm32-mw-camera/sensors/cmw_vd66gy.c ****   if (ret)
 604              		.loc 1 387 9 view .LVU143
 605 0006 061D     		adds	r6, r0, #4
 379:../../Middlewares/stm32-mw-camera/sensors/cmw_vd66gy.c ****   int32_t ret;
 606              		.loc 1 379 1 view .LVU144
 607 0008 85B0     		sub	sp, sp, #20
 608              		.cfi_def_cfa_offset 72
 379:../../Middlewares/stm32-mw-camera/sensors/cmw_vd66gy.c ****   int32_t ret;
ARM GAS  /tmp/ccQ5BsN4.s 			page 23


 609              		.loc 1 379 1 view .LVU145
 610 000a 0D46     		mov	r5, r1
 387:../../Middlewares/stm32-mw-camera/sensors/cmw_vd66gy.c ****   if (ret)
 611              		.loc 1 387 9 view .LVU146
 612 000c 3046     		mov	r0, r6
 613              	.LVL49:
 387:../../Middlewares/stm32-mw-camera/sensors/cmw_vd66gy.c ****   if (ret)
 614              		.loc 1 387 9 view .LVU147
 615 000e 0DF10B02 		add	r2, sp, #11
 616 0012 0DF10A01 		add	r1, sp, #10
 617              	.LVL50:
 387:../../Middlewares/stm32-mw-camera/sensors/cmw_vd66gy.c ****   if (ret)
 618              		.loc 1 387 9 view .LVU148
 619 0016 FFF7FEFF 		bl	VD6G_GetAnalogGainRegRange
 620              	.LVL51:
 388:../../Middlewares/stm32-mw-camera/sensors/cmw_vd66gy.c ****     return ret;
 621              		.loc 1 388 3 is_stmt 1 view .LVU149
 388:../../Middlewares/stm32-mw-camera/sensors/cmw_vd66gy.c ****     return ret;
 622              		.loc 1 388 6 is_stmt 0 view .LVU150
 623 001a 0028     		cmp	r0, #0
 624 001c 40F0BC80 		bne	.L18
 391:../../Middlewares/stm32-mw-camera/sensors/cmw_vd66gy.c ****   if (ret)
 625              		.loc 1 391 3 is_stmt 1 view .LVU151
 391:../../Middlewares/stm32-mw-camera/sensors/cmw_vd66gy.c ****   if (ret)
 626              		.loc 1 391 9 is_stmt 0 view .LVU152
 627 0020 3046     		mov	r0, r6
 628              	.LVL52:
 391:../../Middlewares/stm32-mw-camera/sensors/cmw_vd66gy.c ****   if (ret)
 629              		.loc 1 391 9 view .LVU153
 630 0022 0DF10E02 		add	r2, sp, #14
 631 0026 03A9     		add	r1, sp, #12
 632 0028 FFF7FEFF 		bl	VD6G_GetDigitalGainRegRange
 633              	.LVL53:
 392:../../Middlewares/stm32-mw-camera/sensors/cmw_vd66gy.c ****     return ret;
 634              		.loc 1 392 3 is_stmt 1 view .LVU154
 392:../../Middlewares/stm32-mw-camera/sensors/cmw_vd66gy.c ****     return ret;
 635              		.loc 1 392 6 is_stmt 0 view .LVU155
 636 002c 0028     		cmp	r0, #0
 637 002e 40F0B380 		bne	.L18
 395:../../Middlewares/stm32-mw-camera/sensors/cmw_vd66gy.c ****   again_max_mdB = (uint32_t) LINEAR_TO_MDECIBEL(32 / (32 - again_regmax));
 638              		.loc 1 395 3 is_stmt 1 view .LVU156
 395:../../Middlewares/stm32-mw-camera/sensors/cmw_vd66gy.c ****   again_max_mdB = (uint32_t) LINEAR_TO_MDECIBEL(32 / (32 - again_regmax));
 639              		.loc 1 395 30 is_stmt 0 view .LVU157
 640 0032 2024     		movs	r4, #32
 641 0034 9DF80A30 		ldrb	r3, [sp, #10]	@ zero_extendqisi2
 396:../../Middlewares/stm32-mw-camera/sensors/cmw_vd66gy.c ****   dgain_min_mdB = (uint32_t) LINEAR_TO_MDECIBEL(FP58_TO_FLOAT(dgain_regmin));
 642              		.loc 1 396 30 discriminator 1 view .LVU158
 643 0038 B3EE04AB 		vmov.f64	d10, #2.0e+1
 395:../../Middlewares/stm32-mw-camera/sensors/cmw_vd66gy.c ****   again_max_mdB = (uint32_t) LINEAR_TO_MDECIBEL(32 / (32 - again_regmax));
 644              		.loc 1 395 30 view .LVU159
 645 003c C3F12003 		rsb	r3, r3, #32
 646 0040 94FBF3F3 		sdiv	r3, r4, r3
 647 0044 00EE103A 		vmov	s0, r3	@ int
 648 0048 B8EEC00B 		vcvt.f64.s32	d0, s0
 649 004c FFF7FEFF 		bl	log10
 650              	.LVL54:
 396:../../Middlewares/stm32-mw-camera/sensors/cmw_vd66gy.c ****   dgain_min_mdB = (uint32_t) LINEAR_TO_MDECIBEL(FP58_TO_FLOAT(dgain_regmin));
ARM GAS  /tmp/ccQ5BsN4.s 			page 24


 651              		.loc 1 396 30 view .LVU160
 652 0050 9DF80B30 		ldrb	r3, [sp, #11]	@ zero_extendqisi2
 395:../../Middlewares/stm32-mw-camera/sensors/cmw_vd66gy.c ****   again_max_mdB = (uint32_t) LINEAR_TO_MDECIBEL(32 / (32 - again_regmax));
 653              		.loc 1 395 30 view .LVU161
 654 0054 B0EE408B 		vmov.f64	d8, d0
 655              	.LVL55:
 396:../../Middlewares/stm32-mw-camera/sensors/cmw_vd66gy.c ****   dgain_min_mdB = (uint32_t) LINEAR_TO_MDECIBEL(FP58_TO_FLOAT(dgain_regmin));
 656              		.loc 1 396 3 is_stmt 1 view .LVU162
 396:../../Middlewares/stm32-mw-camera/sensors/cmw_vd66gy.c ****   dgain_min_mdB = (uint32_t) LINEAR_TO_MDECIBEL(FP58_TO_FLOAT(dgain_regmin));
 657              		.loc 1 396 30 is_stmt 0 view .LVU163
 658 0058 E31A     		subs	r3, r4, r3
 659 005a 94FBF3F3 		sdiv	r3, r4, r3
 660 005e 00EE103A 		vmov	s0, r3	@ int
 661              	.LVL56:
 396:../../Middlewares/stm32-mw-camera/sensors/cmw_vd66gy.c ****   dgain_min_mdB = (uint32_t) LINEAR_TO_MDECIBEL(FP58_TO_FLOAT(dgain_regmin));
 662              		.loc 1 396 30 view .LVU164
 663 0062 B8EEC00B 		vcvt.f64.s32	d0, s0
 664 0066 FFF7FEFF 		bl	log10
 665              	.LVL57:
 396:../../Middlewares/stm32-mw-camera/sensors/cmw_vd66gy.c ****   dgain_min_mdB = (uint32_t) LINEAR_TO_MDECIBEL(FP58_TO_FLOAT(dgain_regmin));
 666              		.loc 1 396 30 discriminator 1 view .LVU165
 667 006a 9FED59BB 		vldr.64	d11, .L25
 668 006e 20EE0A0B 		vmul.f64	d0, d0, d10
 669 0072 20EE0B0B 		vmul.f64	d0, d0, d11
 396:../../Middlewares/stm32-mw-camera/sensors/cmw_vd66gy.c ****   dgain_min_mdB = (uint32_t) LINEAR_TO_MDECIBEL(FP58_TO_FLOAT(dgain_regmin));
 670              		.loc 1 396 17 discriminator 1 view .LVU166
 671 0076 FCEEC07B 		vcvt.u32.f64	s15, d0
 397:../../Middlewares/stm32-mw-camera/sensors/cmw_vd66gy.c ****   dgain_max_mdB = (uint32_t) LINEAR_TO_MDECIBEL(FP58_TO_FLOAT(dgain_regmax));
 672              		.loc 1 397 30 view .LVU167
 673 007a BDF80C30 		ldrh	r3, [sp, #12]
 674 007e 9DF80C20 		ldrb	r2, [sp, #12]	@ zero_extendqisi2
 675 0082 1B0A     		lsrs	r3, r3, #8
 676 0084 00EE103A 		vmov	s0, r3	@ int
 396:../../Middlewares/stm32-mw-camera/sensors/cmw_vd66gy.c ****   dgain_min_mdB = (uint32_t) LINEAR_TO_MDECIBEL(FP58_TO_FLOAT(dgain_regmin));
 677              		.loc 1 396 17 discriminator 1 view .LVU168
 678 0088 17EE907A 		vmov	r7, s15	@ int
 679              	.LVL58:
 397:../../Middlewares/stm32-mw-camera/sensors/cmw_vd66gy.c ****   dgain_max_mdB = (uint32_t) LINEAR_TO_MDECIBEL(FP58_TO_FLOAT(dgain_regmax));
 680              		.loc 1 397 3 is_stmt 1 view .LVU169
 397:../../Middlewares/stm32-mw-camera/sensors/cmw_vd66gy.c ****   dgain_max_mdB = (uint32_t) LINEAR_TO_MDECIBEL(FP58_TO_FLOAT(dgain_regmax));
 681              		.loc 1 397 30 is_stmt 0 view .LVU170
 682 008c 07EE902A 		vmov	s15, r2	@ int
 683 0090 9FED559A 		vldr.32	s18, .L25+24
 684 0094 F8EEE77A 		vcvt.f32.s32	s15, s15
 685 0098 B8EEC00A 		vcvt.f32.s32	s0, s0
 686 009c A7EE890A 		vfma.f32	s0, s15, s18
 687 00a0 B7EEC00A 		vcvt.f64.f32	d0, s0
 688 00a4 FFF7FEFF 		bl	log10
 689              	.LVL59:
 397:../../Middlewares/stm32-mw-camera/sensors/cmw_vd66gy.c ****   dgain_max_mdB = (uint32_t) LINEAR_TO_MDECIBEL(FP58_TO_FLOAT(dgain_regmax));
 690              		.loc 1 397 30 discriminator 1 view .LVU171
 691 00a8 20EE0A0B 		vmul.f64	d0, d0, d10
 692 00ac 20EE0B0B 		vmul.f64	d0, d0, d11
 397:../../Middlewares/stm32-mw-camera/sensors/cmw_vd66gy.c ****   dgain_max_mdB = (uint32_t) LINEAR_TO_MDECIBEL(FP58_TO_FLOAT(dgain_regmax));
 693              		.loc 1 397 17 discriminator 1 view .LVU172
 694 00b0 FCEEC07B 		vcvt.u32.f64	s15, d0
 398:../../Middlewares/stm32-mw-camera/sensors/cmw_vd66gy.c **** 
ARM GAS  /tmp/ccQ5BsN4.s 			page 25


 695              		.loc 1 398 30 view .LVU173
 696 00b4 BDF80E30 		ldrh	r3, [sp, #14]
 697 00b8 9DF80E20 		ldrb	r2, [sp, #14]	@ zero_extendqisi2
 698 00bc 1B0A     		lsrs	r3, r3, #8
 699 00be 00EE103A 		vmov	s0, r3	@ int
 397:../../Middlewares/stm32-mw-camera/sensors/cmw_vd66gy.c ****   dgain_max_mdB = (uint32_t) LINEAR_TO_MDECIBEL(FP58_TO_FLOAT(dgain_regmax));
 700              		.loc 1 397 17 discriminator 1 view .LVU174
 701 00c2 17EE904A 		vmov	r4, s15	@ int
 702              	.LVL60:
 398:../../Middlewares/stm32-mw-camera/sensors/cmw_vd66gy.c **** 
 703              		.loc 1 398 3 is_stmt 1 view .LVU175
 398:../../Middlewares/stm32-mw-camera/sensors/cmw_vd66gy.c **** 
 704              		.loc 1 398 30 is_stmt 0 view .LVU176
 705 00c6 07EE902A 		vmov	s15, r2	@ int
 706 00ca B8EEC00A 		vcvt.f32.s32	s0, s0
 707 00ce F8EEE77A 		vcvt.f32.s32	s15, s15
 708 00d2 A7EE890A 		vfma.f32	s0, s15, s18
 709 00d6 B7EEC00A 		vcvt.f64.f32	d0, s0
 710 00da FFF7FEFF 		bl	log10
 711              	.LVL61:
 395:../../Middlewares/stm32-mw-camera/sensors/cmw_vd66gy.c ****   again_max_mdB = (uint32_t) LINEAR_TO_MDECIBEL(32 / (32 - again_regmax));
 712              		.loc 1 395 30 discriminator 1 view .LVU177
 713 00de 28EE0A8B 		vmul.f64	d8, d8, d10
 714              	.LVL62:
 395:../../Middlewares/stm32-mw-camera/sensors/cmw_vd66gy.c ****   again_max_mdB = (uint32_t) LINEAR_TO_MDECIBEL(32 / (32 - again_regmax));
 715              		.loc 1 395 30 discriminator 1 view .LVU178
 716 00e2 28EE0B8B 		vmul.f64	d8, d8, d11
 395:../../Middlewares/stm32-mw-camera/sensors/cmw_vd66gy.c ****   again_max_mdB = (uint32_t) LINEAR_TO_MDECIBEL(32 / (32 - again_regmax));
 717              		.loc 1 395 17 discriminator 1 view .LVU179
 718 00e6 BCEEC88B 		vcvt.u32.f64	s16, d8
 398:../../Middlewares/stm32-mw-camera/sensors/cmw_vd66gy.c **** 
 719              		.loc 1 398 30 discriminator 1 view .LVU180
 720 00ea 20EE0A0B 		vmul.f64	d0, d0, d10
 400:../../Middlewares/stm32-mw-camera/sensors/cmw_vd66gy.c ****       || (gain > dgain_max_mdB + again_max_mdB))
 721              		.loc 1 400 29 view .LVU181
 722 00ee 18EE103A 		vmov	r3, s16	@ int
 398:../../Middlewares/stm32-mw-camera/sensors/cmw_vd66gy.c **** 
 723              		.loc 1 398 30 discriminator 1 view .LVU182
 724 00f2 20EE0B0B 		vmul.f64	d0, d0, d11
 400:../../Middlewares/stm32-mw-camera/sensors/cmw_vd66gy.c ****       || (gain > dgain_max_mdB + again_max_mdB))
 725              		.loc 1 400 29 view .LVU183
 726 00f6 2344     		add	r3, r3, r4
 400:../../Middlewares/stm32-mw-camera/sensors/cmw_vd66gy.c ****       || (gain > dgain_max_mdB + again_max_mdB))
 727              		.loc 1 400 6 view .LVU184
 728 00f8 AB42     		cmp	r3, r5
 398:../../Middlewares/stm32-mw-camera/sensors/cmw_vd66gy.c **** 
 729              		.loc 1 398 17 discriminator 1 view .LVU185
 730 00fa BCEEC00B 		vcvt.u32.f64	s0, d0
 731              	.LVL63:
 400:../../Middlewares/stm32-mw-camera/sensors/cmw_vd66gy.c ****       || (gain > dgain_max_mdB + again_max_mdB))
 732              		.loc 1 400 3 is_stmt 1 view .LVU186
 400:../../Middlewares/stm32-mw-camera/sensors/cmw_vd66gy.c ****       || (gain > dgain_max_mdB + again_max_mdB))
 733              		.loc 1 400 6 is_stmt 0 view .LVU187
 734 00fe 61D8     		bhi	.L23
 401:../../Middlewares/stm32-mw-camera/sensors/cmw_vd66gy.c ****     return -1;
 735              		.loc 1 401 32 view .LVU188
 736 0100 10EE103A 		vmov	r3, s0	@ int
ARM GAS  /tmp/ccQ5BsN4.s 			page 26


 737 0104 3B44     		add	r3, r3, r7
 401:../../Middlewares/stm32-mw-camera/sensors/cmw_vd66gy.c ****     return -1;
 738              		.loc 1 401 7 view .LVU189
 739 0106 9D42     		cmp	r5, r3
 740 0108 5CD8     		bhi	.L23
 404:../../Middlewares/stm32-mw-camera/sensors/cmw_vd66gy.c ****   {
 741              		.loc 1 404 3 is_stmt 1 view .LVU190
 404:../../Middlewares/stm32-mw-camera/sensors/cmw_vd66gy.c ****   {
 742              		.loc 1 404 6 is_stmt 0 view .LVU191
 743 010a BD42     		cmp	r5, r7
 744 010c 48D8     		bhi	.L20
 407:../../Middlewares/stm32-mw-camera/sensors/cmw_vd66gy.c ****     digital_linear_gain = MDECIBEL_TO_LINEAR((double)dgain_min_mdB);
 745              		.loc 1 407 5 is_stmt 1 view .LVU192
 407:../../Middlewares/stm32-mw-camera/sensors/cmw_vd66gy.c ****     digital_linear_gain = MDECIBEL_TO_LINEAR((double)dgain_min_mdB);
 746              		.loc 1 407 26 is_stmt 0 view .LVU193
 747 010e 2D1B     		subs	r5, r5, r4
 748              	.LVL64:
 407:../../Middlewares/stm32-mw-camera/sensors/cmw_vd66gy.c ****     digital_linear_gain = MDECIBEL_TO_LINEAR((double)dgain_min_mdB);
 749              		.loc 1 407 26 view .LVU194
 750 0110 07EE905A 		vmov	s15, r5	@ int
 751 0114 B8EE677B 		vcvt.f64.u32	d7, s15
 752 0118 87EE0B1B 		vdiv.f64	d1, d7, d11
 753 011c B2EE040B 		vmov.f64	d0, #1.0e+1
 754              	.LVL65:
 407:../../Middlewares/stm32-mw-camera/sensors/cmw_vd66gy.c ****     digital_linear_gain = MDECIBEL_TO_LINEAR((double)dgain_min_mdB);
 755              		.loc 1 407 26 view .LVU195
 756 0120 81EE0A1B 		vdiv.f64	d1, d1, d10
 757 0124 FFF7FEFF 		bl	pow
 758              	.LVL66:
 408:../../Middlewares/stm32-mw-camera/sensors/cmw_vd66gy.c ****   }
 759              		.loc 1 408 27 view .LVU196
 760 0128 07EE904A 		vmov	s15, r4	@ int
 407:../../Middlewares/stm32-mw-camera/sensors/cmw_vd66gy.c ****     digital_linear_gain = MDECIBEL_TO_LINEAR((double)dgain_min_mdB);
 761              		.loc 1 407 26 view .LVU197
 762 012c B0EE409B 		vmov.f64	d9, d0
 763              	.LVL67:
 408:../../Middlewares/stm32-mw-camera/sensors/cmw_vd66gy.c ****   }
 764              		.loc 1 408 5 is_stmt 1 view .LVU198
 765              	.L24:
 414:../../Middlewares/stm32-mw-camera/sensors/cmw_vd66gy.c ****   }
 766              		.loc 1 414 27 is_stmt 0 view .LVU199
 767 0130 B8EE677B 		vcvt.f64.u32	d7, s15
 768 0134 87EE0B1B 		vdiv.f64	d1, d7, d11
 769 0138 B2EE040B 		vmov.f64	d0, #1.0e+1
 770              	.LVL68:
 414:../../Middlewares/stm32-mw-camera/sensors/cmw_vd66gy.c ****   }
 771              		.loc 1 414 27 view .LVU200
 772 013c 81EE0A1B 		vdiv.f64	d1, d1, d10
 773 0140 FFF7FEFF 		bl	pow
 774              	.LVL69:
 417:../../Middlewares/stm32-mw-camera/sensors/cmw_vd66gy.c ****   if (ret)
 775              		.loc 1 417 83 view .LVU201
 776 0144 9FED247B 		vldr.64	d7, .L25+8
 777 0148 87EE096B 		vdiv.f64	d6, d7, d9
 417:../../Middlewares/stm32-mw-camera/sensors/cmw_vd66gy.c ****   if (ret)
 778              		.loc 1 417 77 view .LVU202
 779 014c 37EE467B 		vsub.f64	d7, d7, d6
ARM GAS  /tmp/ccQ5BsN4.s 			page 27


 417:../../Middlewares/stm32-mw-camera/sensors/cmw_vd66gy.c ****   if (ret)
 780              		.loc 1 417 9 view .LVU203
 781 0150 FDEEC77B 		vcvt.s32.f64	s15, d7
 782 0154 3046     		mov	r0, r6
 783 0156 17EE901A 		vmov	r1, s15	@ int
 414:../../Middlewares/stm32-mw-camera/sensors/cmw_vd66gy.c ****   }
 784              		.loc 1 414 27 view .LVU204
 785 015a B0EE408B 		vmov.f64	d8, d0
 786              	.LVL70:
 417:../../Middlewares/stm32-mw-camera/sensors/cmw_vd66gy.c ****   if (ret)
 787              		.loc 1 417 3 is_stmt 1 view .LVU205
 417:../../Middlewares/stm32-mw-camera/sensors/cmw_vd66gy.c ****   if (ret)
 788              		.loc 1 417 9 is_stmt 0 view .LVU206
 789 015e FFF7FEFF 		bl	VD6G_SetAnalogGain
 790              	.LVL71:
 418:../../Middlewares/stm32-mw-camera/sensors/cmw_vd66gy.c ****     return ret;
 791              		.loc 1 418 3 is_stmt 1 view .LVU207
 418:../../Middlewares/stm32-mw-camera/sensors/cmw_vd66gy.c ****     return ret;
 792              		.loc 1 418 6 is_stmt 0 view .LVU208
 793 0162 C8B9     		cbnz	r0, .L18
 421:../../Middlewares/stm32-mw-camera/sensors/cmw_vd66gy.c ****   if (ret)
 794              		.loc 1 421 3 is_stmt 1 view .LVU209
 421:../../Middlewares/stm32-mw-camera/sensors/cmw_vd66gy.c ****   if (ret)
 795              		.loc 1 421 68 is_stmt 0 view .LVU210
 796 0164 FCEEC87B 		vcvt.u32.f64	s15, d8
 797 0168 17EE903A 		vmov	r3, s15	@ int
 798 016c 99B2     		uxth	r1, r3
 799 016e 07EE901A 		vmov	s15, r1	@ int
 800 0172 B8EEE77B 		vcvt.f64.s32	d7, s15
 801 0176 38EE478B 		vsub.f64	d8, d8, d7
 802              	.LVL72:
 421:../../Middlewares/stm32-mw-camera/sensors/cmw_vd66gy.c ****   if (ret)
 803              		.loc 1 421 68 view .LVU211
 804 017a 9FED197B 		vldr.64	d7, .L25+16
 805 017e 28EE078B 		vmul.f64	d8, d8, d7
 806 0182 FCEEC87B 		vcvt.u32.f64	s15, d8
 807 0186 CDED017A 		vstr.32	s15, [sp, #4]	@ int
 808 018a 9DF80430 		ldrb	r3, [sp, #4]	@ zero_extendqisi2
 421:../../Middlewares/stm32-mw-camera/sensors/cmw_vd66gy.c ****   if (ret)
 809              		.loc 1 421 9 view .LVU212
 810 018e 3046     		mov	r0, r6
 811              	.LVL73:
 421:../../Middlewares/stm32-mw-camera/sensors/cmw_vd66gy.c ****   if (ret)
 812              		.loc 1 421 9 view .LVU213
 813 0190 43EA0121 		orr	r1, r3, r1, lsl #8
 814 0194 FFF7FEFF 		bl	VD6G_SetDigitalGain
 815              	.LVL74:
 422:../../Middlewares/stm32-mw-camera/sensors/cmw_vd66gy.c ****     return ret;
 816              		.loc 1 422 3 is_stmt 1 view .LVU214
 817              	.L18:
 426:../../Middlewares/stm32-mw-camera/sensors/cmw_vd66gy.c **** 
 818              		.loc 1 426 1 is_stmt 0 view .LVU215
 819 0198 05B0     		add	sp, sp, #20
 820              		.cfi_remember_state
 821              		.cfi_def_cfa_offset 52
 822              		@ sp needed
 823 019a BDEC088B 		vldm	sp!, {d8-d11}
ARM GAS  /tmp/ccQ5BsN4.s 			page 28


 824              		.cfi_restore 86
 825              		.cfi_restore 87
 826              		.cfi_restore 84
 827              		.cfi_restore 85
 828              		.cfi_restore 82
 829              		.cfi_restore 83
 830              		.cfi_restore 80
 831              		.cfi_restore 81
 832              		.cfi_def_cfa_offset 20
 833 019e F0BD     		pop	{r4, r5, r6, r7, pc}
 834              	.LVL75:
 835              	.L20:
 836              		.cfi_restore_state
 413:../../Middlewares/stm32-mw-camera/sensors/cmw_vd66gy.c ****     digital_linear_gain = MDECIBEL_TO_LINEAR((double)(gain - again_max_mdB));
 837              		.loc 1 413 5 is_stmt 1 view .LVU216
 413:../../Middlewares/stm32-mw-camera/sensors/cmw_vd66gy.c ****     digital_linear_gain = MDECIBEL_TO_LINEAR((double)(gain - again_max_mdB));
 838              		.loc 1 413 26 is_stmt 0 view .LVU217
 839 01a0 07EE907A 		vmov	s15, r7	@ int
 840 01a4 B8EE677B 		vcvt.f64.u32	d7, s15
 841 01a8 87EE0B1B 		vdiv.f64	d1, d7, d11
 842 01ac B2EE040B 		vmov.f64	d0, #1.0e+1
 843              	.LVL76:
 413:../../Middlewares/stm32-mw-camera/sensors/cmw_vd66gy.c ****     digital_linear_gain = MDECIBEL_TO_LINEAR((double)(gain - again_max_mdB));
 844              		.loc 1 413 26 view .LVU218
 845 01b0 81EE0A1B 		vdiv.f64	d1, d1, d10
 846 01b4 FFF7FEFF 		bl	pow
 847              	.LVL77:
 414:../../Middlewares/stm32-mw-camera/sensors/cmw_vd66gy.c ****   }
 848              		.loc 1 414 27 view .LVU219
 849 01b8 ED1B     		subs	r5, r5, r7
 850              	.LVL78:
 413:../../Middlewares/stm32-mw-camera/sensors/cmw_vd66gy.c ****     digital_linear_gain = MDECIBEL_TO_LINEAR((double)(gain - again_max_mdB));
 851              		.loc 1 413 26 view .LVU220
 852 01ba B0EE409B 		vmov.f64	d9, d0
 853              	.LVL79:
 414:../../Middlewares/stm32-mw-camera/sensors/cmw_vd66gy.c ****   }
 854              		.loc 1 414 5 is_stmt 1 view .LVU221
 414:../../Middlewares/stm32-mw-camera/sensors/cmw_vd66gy.c ****   }
 855              		.loc 1 414 27 is_stmt 0 view .LVU222
 856 01be 07EE905A 		vmov	s15, r5	@ int
 857 01c2 B5E7     		b	.L24
 858              	.LVL80:
 859              	.L23:
 402:../../Middlewares/stm32-mw-camera/sensors/cmw_vd66gy.c **** 
 860              		.loc 1 402 12 view .LVU223
 861 01c4 4FF0FF30 		mov	r0, #-1
 862 01c8 E6E7     		b	.L18
 863              	.L26:
 864 01ca 00BFAFF3 		.align	3
 864      0080
 865              	.L25:
 866 01d0 00000000 		.word	0
 867 01d4 00408F40 		.word	1083129856
 868 01d8 00000000 		.word	0
 869 01dc 00004040 		.word	1077936128
 870 01e0 00000000 		.word	0
 871 01e4 00007040 		.word	1081081856
ARM GAS  /tmp/ccQ5BsN4.s 			page 29


 872 01e8 0000803B 		.word	998244352
 873              		.cfi_endproc
 874              	.LFE1537:
 876              		.section	.text.CMW_VD66GY_SetExposure,"ax",%progbits
 877              		.align	1
 878              		.global	CMW_VD66GY_SetExposure
 879              		.syntax unified
 880              		.thumb
 881              		.thumb_func
 883              	CMW_VD66GY_SetExposure:
 884              	.LVL81:
 885              	.LFB1538:
 435:../../Middlewares/stm32-mw-camera/sensors/cmw_vd66gy.c ****   return VD6G_SetExposureTime(&((CMW_VD66GY_t *)io_ctx)->ctx_driver, exposure);
 886              		.loc 1 435 1 is_stmt 1 view -0
 887              		.cfi_startproc
 888              		@ args = 0, pretend = 0, frame = 0
 889              		@ frame_needed = 0, uses_anonymous_args = 0
 890              		@ link register save eliminated.
 436:../../Middlewares/stm32-mw-camera/sensors/cmw_vd66gy.c **** }
 891              		.loc 1 436 3 view .LVU225
 436:../../Middlewares/stm32-mw-camera/sensors/cmw_vd66gy.c **** }
 892              		.loc 1 436 10 is_stmt 0 view .LVU226
 893 0000 0430     		adds	r0, r0, #4
 894              	.LVL82:
 436:../../Middlewares/stm32-mw-camera/sensors/cmw_vd66gy.c **** }
 895              		.loc 1 436 10 view .LVU227
 896 0002 FFF7FEBF 		b	VD6G_SetExposureTime
 897              	.LVL83:
 436:../../Middlewares/stm32-mw-camera/sensors/cmw_vd66gy.c **** }
 898              		.loc 1 436 10 view .LVU228
 899              		.cfi_endproc
 900              	.LFE1538:
 902              		.section	.text.CMW_VD66GY_SetExposureMode,"ax",%progbits
 903              		.align	1
 904              		.global	CMW_VD66GY_SetExposureMode
 905              		.syntax unified
 906              		.thumb
 907              		.thumb_func
 909              	CMW_VD66GY_SetExposureMode:
 910              	.LVL84:
 911              	.LFB1539:
 446:../../Middlewares/stm32-mw-camera/sensors/cmw_vd66gy.c ****   int ret = -1;
 912              		.loc 1 446 1 is_stmt 1 view -0
 913              		.cfi_startproc
 914              		@ args = 0, pretend = 0, frame = 0
 915              		@ frame_needed = 0, uses_anonymous_args = 0
 447:../../Middlewares/stm32-mw-camera/sensors/cmw_vd66gy.c **** 
 916              		.loc 1 447 3 view .LVU230
 449:../../Middlewares/stm32-mw-camera/sensors/cmw_vd66gy.c ****   {
 917              		.loc 1 449 3 view .LVU231
 918 0000 0129     		cmp	r1, #1
 446:../../Middlewares/stm32-mw-camera/sensors/cmw_vd66gy.c ****   int ret = -1;
 919              		.loc 1 446 1 is_stmt 0 view .LVU232
 920 0002 08B5     		push	{r3, lr}
 921              		.cfi_def_cfa_offset 8
 922              		.cfi_offset 3, -8
 923              		.cfi_offset 14, -4
ARM GAS  /tmp/ccQ5BsN4.s 			page 30


 924 0004 00F10400 		add	r0, r0, #4
 925              	.LVL85:
 449:../../Middlewares/stm32-mw-camera/sensors/cmw_vd66gy.c ****   {
 926              		.loc 1 449 3 view .LVU233
 927 0008 02D0     		beq	.L34
 928 000a 0229     		cmp	r1, #2
 452:../../Middlewares/stm32-mw-camera/sensors/cmw_vd66gy.c ****       break;
 929              		.loc 1 452 7 is_stmt 1 view .LVU234
 459:../../Middlewares/stm32-mw-camera/sensors/cmw_vd66gy.c ****       break;
 930              		.loc 1 459 7 view .LVU235
 459:../../Middlewares/stm32-mw-camera/sensors/cmw_vd66gy.c ****       break;
 931              		.loc 1 459 13 is_stmt 0 view .LVU236
 932 000c 18BF     		it	ne
 933 000e 0021     		movne	r1, #0
 934              	.LVL86:
 935              	.L34:
 459:../../Middlewares/stm32-mw-camera/sensors/cmw_vd66gy.c ****       break;
 936              		.loc 1 459 13 view .LVU237
 937 0010 FFF7FEFF 		bl	VD6G_SetExposureMode
 938              	.LVL87:
 460:../../Middlewares/stm32-mw-camera/sensors/cmw_vd66gy.c ****   }
 939              		.loc 1 460 7 is_stmt 1 view .LVU238
 463:../../Middlewares/stm32-mw-camera/sensors/cmw_vd66gy.c **** }
 940              		.loc 1 463 3 view .LVU239
 463:../../Middlewares/stm32-mw-camera/sensors/cmw_vd66gy.c **** }
 941              		.loc 1 463 38 is_stmt 0 discriminator 2 view .LVU240
 942 0014 0028     		cmp	r0, #0
 464:../../Middlewares/stm32-mw-camera/sensors/cmw_vd66gy.c **** 
 943              		.loc 1 464 1 view .LVU241
 944 0016 18BF     		it	ne
 945 0018 6FF00500 		mvnne	r0, #5
 946              	.LVL88:
 464:../../Middlewares/stm32-mw-camera/sensors/cmw_vd66gy.c **** 
 947              		.loc 1 464 1 view .LVU242
 948 001c 08BD     		pop	{r3, pc}
 949              		.cfi_endproc
 950              	.LFE1539:
 952              		.section	.text.CMW_VD66GY_SetWBRefMode,"ax",%progbits
 953              		.align	1
 954              		.global	CMW_VD66GY_SetWBRefMode
 955              		.syntax unified
 956              		.thumb
 957              		.thumb_func
 959              	CMW_VD66GY_SetWBRefMode:
 960              	.LVL89:
 961              	.LFB1540:
 474:../../Middlewares/stm32-mw-camera/sensors/cmw_vd66gy.c ****   int ret = CMW_ERROR_NONE;
 962              		.loc 1 474 1 is_stmt 1 view -0
 963              		.cfi_startproc
 964              		@ args = 0, pretend = 0, frame = 0
 965              		@ frame_needed = 0, uses_anonymous_args = 0
 475:../../Middlewares/stm32-mw-camera/sensors/cmw_vd66gy.c **** 
 966              		.loc 1 475 3 view .LVU244
 477:../../Middlewares/stm32-mw-camera/sensors/cmw_vd66gy.c ****   if (ret)
 967              		.loc 1 477 3 view .LVU245
 474:../../Middlewares/stm32-mw-camera/sensors/cmw_vd66gy.c ****   int ret = CMW_ERROR_NONE;
 968              		.loc 1 474 1 is_stmt 0 view .LVU246
ARM GAS  /tmp/ccQ5BsN4.s 			page 31


 969 0000 08B5     		push	{r3, lr}
 970              		.cfi_def_cfa_offset 8
 971              		.cfi_offset 3, -8
 972              		.cfi_offset 14, -4
 477:../../Middlewares/stm32-mw-camera/sensors/cmw_vd66gy.c ****   if (ret)
 973              		.loc 1 477 9 view .LVU247
 974 0002 6C30     		adds	r0, r0, #108
 975              	.LVL90:
 477:../../Middlewares/stm32-mw-camera/sensors/cmw_vd66gy.c ****   if (ret)
 976              		.loc 1 477 9 view .LVU248
 977 0004 FFF7FEFF 		bl	ISP_SetWBRefMode
 978              	.LVL91:
 478:../../Middlewares/stm32-mw-camera/sensors/cmw_vd66gy.c ****   {
 979              		.loc 1 478 3 is_stmt 1 view .LVU249
 483:../../Middlewares/stm32-mw-camera/sensors/cmw_vd66gy.c **** }
 980              		.loc 1 483 10 is_stmt 0 view .LVU250
 981 0008 0028     		cmp	r0, #0
 484:../../Middlewares/stm32-mw-camera/sensors/cmw_vd66gy.c **** 
 982              		.loc 1 484 1 view .LVU251
 983 000a 14BF     		ite	ne
 984 000c 6FF00300 		mvnne	r0, #3
 985              	.LVL92:
 484:../../Middlewares/stm32-mw-camera/sensors/cmw_vd66gy.c **** 
 986              		.loc 1 484 1 view .LVU252
 987 0010 0020     		moveq	r0, #0
 988 0012 08BD     		pop	{r3, pc}
 989              		.cfi_endproc
 990              	.LFE1540:
 992              		.section	.text.CMW_VD66GY_ListWBRefModes,"ax",%progbits
 993              		.align	1
 994              		.global	CMW_VD66GY_ListWBRefModes
 995              		.syntax unified
 996              		.thumb
 997              		.thumb_func
 999              	CMW_VD66GY_ListWBRefModes:
 1000              	.LVL93:
 1001              	.LFB1541:
 493:../../Middlewares/stm32-mw-camera/sensors/cmw_vd66gy.c ****   int ret = CMW_ERROR_NONE;
 1002              		.loc 1 493 1 is_stmt 1 view -0
 1003              		.cfi_startproc
 1004              		@ args = 0, pretend = 0, frame = 0
 1005              		@ frame_needed = 0, uses_anonymous_args = 0
 494:../../Middlewares/stm32-mw-camera/sensors/cmw_vd66gy.c **** 
 1006              		.loc 1 494 3 view .LVU254
 496:../../Middlewares/stm32-mw-camera/sensors/cmw_vd66gy.c ****   if (ret)
 1007              		.loc 1 496 3 view .LVU255
 493:../../Middlewares/stm32-mw-camera/sensors/cmw_vd66gy.c ****   int ret = CMW_ERROR_NONE;
 1008              		.loc 1 493 1 is_stmt 0 view .LVU256
 1009 0000 08B5     		push	{r3, lr}
 1010              		.cfi_def_cfa_offset 8
 1011              		.cfi_offset 3, -8
 1012              		.cfi_offset 14, -4
 496:../../Middlewares/stm32-mw-camera/sensors/cmw_vd66gy.c ****   if (ret)
 1013              		.loc 1 496 9 view .LVU257
 1014 0002 6C30     		adds	r0, r0, #108
 1015              	.LVL94:
 496:../../Middlewares/stm32-mw-camera/sensors/cmw_vd66gy.c ****   if (ret)
ARM GAS  /tmp/ccQ5BsN4.s 			page 32


 1016              		.loc 1 496 9 view .LVU258
 1017 0004 FFF7FEFF 		bl	ISP_ListWBRefModes
 1018              	.LVL95:
 497:../../Middlewares/stm32-mw-camera/sensors/cmw_vd66gy.c ****   {
 1019              		.loc 1 497 3 is_stmt 1 view .LVU259
 502:../../Middlewares/stm32-mw-camera/sensors/cmw_vd66gy.c **** }
 1020              		.loc 1 502 10 is_stmt 0 view .LVU260
 1021 0008 0028     		cmp	r0, #0
 503:../../Middlewares/stm32-mw-camera/sensors/cmw_vd66gy.c **** 
 1022              		.loc 1 503 1 view .LVU261
 1023 000a 14BF     		ite	ne
 1024 000c 6FF00300 		mvnne	r0, #3
 1025              	.LVL96:
 503:../../Middlewares/stm32-mw-camera/sensors/cmw_vd66gy.c **** 
 1026              		.loc 1 503 1 view .LVU262
 1027 0010 0020     		moveq	r0, #0
 1028 0012 08BD     		pop	{r3, pc}
 1029              		.cfi_endproc
 1030              	.LFE1541:
 1032              		.section	.rodata.CMW_VD66GY_GetSensorInfo.str1.1,"aMS",%progbits,1
 1033              	.LC0:
 1034 0000 56443636 		.ascii	"VD66GY\000"
 1034      475900
 1035              		.section	.text.CMW_VD66GY_GetSensorInfo,"ax",%progbits
 1036              		.align	1
 1037              		.global	CMW_VD66GY_GetSensorInfo
 1038              		.syntax unified
 1039              		.thumb
 1040              		.thumb_func
 1042              	CMW_VD66GY_GetSensorInfo:
 1043              	.LVL97:
 1044              	.LFB1542:
 512:../../Middlewares/stm32-mw-camera/sensors/cmw_vd66gy.c ****   uint8_t again_regmin, again_regmax;
 1045              		.loc 1 512 1 is_stmt 1 view -0
 1046              		.cfi_startproc
 1047              		@ args = 0, pretend = 0, frame = 8
 1048              		@ frame_needed = 0, uses_anonymous_args = 0
 513:../../Middlewares/stm32-mw-camera/sensors/cmw_vd66gy.c ****   uint16_t dgain_regmin, dgain_regmax;
 1049              		.loc 1 513 3 view .LVU264
 514:../../Middlewares/stm32-mw-camera/sensors/cmw_vd66gy.c ****   uint32_t again_min_mdB, again_max_mdB;
 1050              		.loc 1 514 3 view .LVU265
 515:../../Middlewares/stm32-mw-camera/sensors/cmw_vd66gy.c ****   uint32_t dgain_min_mdB, dgain_max_mdB;
 1051              		.loc 1 515 3 view .LVU266
 516:../../Middlewares/stm32-mw-camera/sensors/cmw_vd66gy.c **** 
 1052              		.loc 1 516 3 view .LVU267
 518:../../Middlewares/stm32-mw-camera/sensors/cmw_vd66gy.c **** 
 1053              		.loc 1 518 3 view .LVU268
 520:../../Middlewares/stm32-mw-camera/sensors/cmw_vd66gy.c ****     return CMW_ERROR_WRONG_PARAM;
 1054              		.loc 1 520 3 view .LVU269
 512:../../Middlewares/stm32-mw-camera/sensors/cmw_vd66gy.c ****   uint8_t again_regmin, again_regmax;
 1055              		.loc 1 512 1 is_stmt 0 view .LVU270
 1056 0000 70B5     		push	{r4, r5, r6, lr}
 1057              		.cfi_def_cfa_offset 16
 1058              		.cfi_offset 4, -16
 1059              		.cfi_offset 5, -12
 1060              		.cfi_offset 6, -8
 1061              		.cfi_offset 14, -4
ARM GAS  /tmp/ccQ5BsN4.s 			page 33


 1062 0002 2DED0A8B 		vpush.64	{d8, d9, d10, d11, d12}
 1063              		.cfi_def_cfa_offset 56
 1064              		.cfi_offset 80, -56
 1065              		.cfi_offset 81, -52
 1066              		.cfi_offset 82, -48
 1067              		.cfi_offset 83, -44
 1068              		.cfi_offset 84, -40
 1069              		.cfi_offset 85, -36
 1070              		.cfi_offset 86, -32
 1071              		.cfi_offset 87, -28
 1072              		.cfi_offset 88, -24
 1073              		.cfi_offset 89, -20
 1074 0006 0C46     		mov	r4, r1
 520:../../Middlewares/stm32-mw-camera/sensors/cmw_vd66gy.c ****     return CMW_ERROR_WRONG_PARAM;
 1075              		.loc 1 520 6 view .LVU271
 1076 0008 0546     		mov	r5, r0
 512:../../Middlewares/stm32-mw-camera/sensors/cmw_vd66gy.c ****   uint8_t again_regmin, again_regmax;
 1077              		.loc 1 512 1 view .LVU272
 1078 000a 82B0     		sub	sp, sp, #8
 1079              		.cfi_def_cfa_offset 64
 520:../../Middlewares/stm32-mw-camera/sensors/cmw_vd66gy.c ****     return CMW_ERROR_WRONG_PARAM;
 1080              		.loc 1 520 6 view .LVU273
 1081 000c 0028     		cmp	r0, #0
 1082 000e 00F09F80 		beq	.L44
 520:../../Middlewares/stm32-mw-camera/sensors/cmw_vd66gy.c ****     return CMW_ERROR_WRONG_PARAM;
 1083              		.loc 1 520 17 discriminator 1 view .LVU274
 1084 0012 0029     		cmp	r1, #0
 1085 0014 00F09C80 		beq	.L44
 524:../../Middlewares/stm32-mw-camera/sensors/cmw_vd66gy.c ****   {
 1086              		.loc 1 524 3 is_stmt 1 view .LVU275
 526:../../Middlewares/stm32-mw-camera/sensors/cmw_vd66gy.c ****   }
 1087              		.loc 1 526 5 view .LVU276
 1088 0018 5149     		ldr	r1, .L45+8
 1089              	.LVL98:
 526:../../Middlewares/stm32-mw-camera/sensors/cmw_vd66gy.c ****   }
 1090              		.loc 1 526 5 is_stmt 0 view .LVU277
 1091 001a 2046     		mov	r0, r4
 1092              	.LVL99:
 526:../../Middlewares/stm32-mw-camera/sensors/cmw_vd66gy.c ****   }
 1093              		.loc 1 526 5 view .LVU278
 1094 001c FFF7FEFF 		bl	strcpy
 1095              	.LVL100:
 534:../../Middlewares/stm32-mw-camera/sensors/cmw_vd66gy.c **** 
 1096              		.loc 1 534 3 is_stmt 1 view .LVU279
 534:../../Middlewares/stm32-mw-camera/sensors/cmw_vd66gy.c **** 
 1097              		.loc 1 534 68 is_stmt 0 view .LVU280
 1098 0020 95F82C30 		ldrb	r3, [r5, #44]	@ zero_extendqisi2
 541:../../Middlewares/stm32-mw-camera/sensors/cmw_vd66gy.c **** 
 1099              		.loc 1 541 16 view .LVU281
 1100 0024 4FF48C62 		mov	r2, #1120
 534:../../Middlewares/stm32-mw-camera/sensors/cmw_vd66gy.c **** 
 1101              		.loc 1 534 68 view .LVU282
 1102 0028 013B     		subs	r3, r3, #1
 534:../../Middlewares/stm32-mw-camera/sensors/cmw_vd66gy.c **** 
 1103              		.loc 1 534 23 view .LVU283
 1104 002a 84F82030 		strb	r3, [r4, #32]
 537:../../Middlewares/stm32-mw-camera/sensors/cmw_vd66gy.c **** 
ARM GAS  /tmp/ccQ5BsN4.s 			page 34


 1105              		.loc 1 537 3 is_stmt 1 view .LVU284
 537:../../Middlewares/stm32-mw-camera/sensors/cmw_vd66gy.c **** 
 1106              		.loc 1 537 21 is_stmt 0 view .LVU285
 1107 002e 0823     		movs	r3, #8
 1108 0030 84F82130 		strb	r3, [r4, #33]
 540:../../Middlewares/stm32-mw-camera/sensors/cmw_vd66gy.c ****   info->height = VD6G_MAX_HEIGHT;
 1109              		.loc 1 540 3 is_stmt 1 view .LVU286
 541:../../Middlewares/stm32-mw-camera/sensors/cmw_vd66gy.c **** 
 1110              		.loc 1 541 16 is_stmt 0 view .LVU287
 1111 0034 40F25453 		movw	r3, #1364
 544:../../Middlewares/stm32-mw-camera/sensors/cmw_vd66gy.c ****   if (ret)
 1112              		.loc 1 544 9 view .LVU288
 1113 0038 0435     		adds	r5, r5, #4
 1114              	.LVL101:
 541:../../Middlewares/stm32-mw-camera/sensors/cmw_vd66gy.c **** 
 1115              		.loc 1 541 16 view .LVU289
 1116 003a C4E90923 		strd	r2, r3, [r4, #36]
 544:../../Middlewares/stm32-mw-camera/sensors/cmw_vd66gy.c ****   if (ret)
 1117              		.loc 1 544 3 is_stmt 1 view .LVU290
 544:../../Middlewares/stm32-mw-camera/sensors/cmw_vd66gy.c ****   if (ret)
 1118              		.loc 1 544 9 is_stmt 0 view .LVU291
 1119 003e 2846     		mov	r0, r5
 1120 0040 0DF10302 		add	r2, sp, #3
 1121 0044 0DF10201 		add	r1, sp, #2
 1122 0048 FFF7FEFF 		bl	VD6G_GetAnalogGainRegRange
 1123              	.LVL102:
 545:../../Middlewares/stm32-mw-camera/sensors/cmw_vd66gy.c ****     return ret;
 1124              		.loc 1 545 3 is_stmt 1 view .LVU292
 545:../../Middlewares/stm32-mw-camera/sensors/cmw_vd66gy.c ****     return ret;
 1125              		.loc 1 545 6 is_stmt 0 view .LVU293
 1126 004c 0028     		cmp	r0, #0
 1127 004e 7BD1     		bne	.L41
 548:../../Middlewares/stm32-mw-camera/sensors/cmw_vd66gy.c ****   if (ret)
 1128              		.loc 1 548 3 is_stmt 1 view .LVU294
 548:../../Middlewares/stm32-mw-camera/sensors/cmw_vd66gy.c ****   if (ret)
 1129              		.loc 1 548 9 is_stmt 0 view .LVU295
 1130 0050 2846     		mov	r0, r5
 1131              	.LVL103:
 548:../../Middlewares/stm32-mw-camera/sensors/cmw_vd66gy.c ****   if (ret)
 1132              		.loc 1 548 9 view .LVU296
 1133 0052 0DF10602 		add	r2, sp, #6
 1134 0056 01A9     		add	r1, sp, #4
 1135 0058 FFF7FEFF 		bl	VD6G_GetDigitalGainRegRange
 1136              	.LVL104:
 549:../../Middlewares/stm32-mw-camera/sensors/cmw_vd66gy.c ****     return ret;
 1137              		.loc 1 549 3 is_stmt 1 view .LVU297
 549:../../Middlewares/stm32-mw-camera/sensors/cmw_vd66gy.c ****     return ret;
 1138              		.loc 1 549 6 is_stmt 0 view .LVU298
 1139 005c 0028     		cmp	r0, #0
 1140 005e 73D1     		bne	.L41
 552:../../Middlewares/stm32-mw-camera/sensors/cmw_vd66gy.c ****   again_max_mdB = (uint32_t) LINEAR_TO_MDECIBEL(32 / (32 - again_regmax));
 1141              		.loc 1 552 3 is_stmt 1 view .LVU299
 552:../../Middlewares/stm32-mw-camera/sensors/cmw_vd66gy.c ****   again_max_mdB = (uint32_t) LINEAR_TO_MDECIBEL(32 / (32 - again_regmax));
 1142              		.loc 1 552 30 is_stmt 0 view .LVU300
 1143 0060 2026     		movs	r6, #32
 1144 0062 9DF80230 		ldrb	r3, [sp, #2]	@ zero_extendqisi2
 553:../../Middlewares/stm32-mw-camera/sensors/cmw_vd66gy.c ****   dgain_min_mdB = (uint32_t) LINEAR_TO_MDECIBEL(FP58_TO_FLOAT(dgain_regmin));
ARM GAS  /tmp/ccQ5BsN4.s 			page 35


 1145              		.loc 1 553 30 discriminator 1 view .LVU301
 1146 0066 B3EE04BB 		vmov.f64	d11, #2.0e+1
 552:../../Middlewares/stm32-mw-camera/sensors/cmw_vd66gy.c ****   again_max_mdB = (uint32_t) LINEAR_TO_MDECIBEL(32 / (32 - again_regmax));
 1147              		.loc 1 552 30 view .LVU302
 1148 006a C3F12003 		rsb	r3, r3, #32
 1149 006e 96FBF3F3 		sdiv	r3, r6, r3
 1150 0072 00EE103A 		vmov	s0, r3	@ int
 1151 0076 B8EEC00B 		vcvt.f64.s32	d0, s0
 1152 007a FFF7FEFF 		bl	log10
 1153              	.LVL105:
 553:../../Middlewares/stm32-mw-camera/sensors/cmw_vd66gy.c ****   dgain_min_mdB = (uint32_t) LINEAR_TO_MDECIBEL(FP58_TO_FLOAT(dgain_regmin));
 1154              		.loc 1 553 30 view .LVU303
 1155 007e 9DF80330 		ldrb	r3, [sp, #3]	@ zero_extendqisi2
 552:../../Middlewares/stm32-mw-camera/sensors/cmw_vd66gy.c ****   again_max_mdB = (uint32_t) LINEAR_TO_MDECIBEL(32 / (32 - again_regmax));
 1156              		.loc 1 552 30 view .LVU304
 1157 0082 B0EE408B 		vmov.f64	d8, d0
 1158              	.LVL106:
 553:../../Middlewares/stm32-mw-camera/sensors/cmw_vd66gy.c ****   dgain_min_mdB = (uint32_t) LINEAR_TO_MDECIBEL(FP58_TO_FLOAT(dgain_regmin));
 1159              		.loc 1 553 3 is_stmt 1 view .LVU305
 553:../../Middlewares/stm32-mw-camera/sensors/cmw_vd66gy.c ****   dgain_min_mdB = (uint32_t) LINEAR_TO_MDECIBEL(FP58_TO_FLOAT(dgain_regmin));
 1160              		.loc 1 553 30 is_stmt 0 view .LVU306
 1161 0086 F31A     		subs	r3, r6, r3
 1162 0088 96FBF3F3 		sdiv	r3, r6, r3
 1163 008c 00EE103A 		vmov	s0, r3	@ int
 1164              	.LVL107:
 553:../../Middlewares/stm32-mw-camera/sensors/cmw_vd66gy.c ****   dgain_min_mdB = (uint32_t) LINEAR_TO_MDECIBEL(FP58_TO_FLOAT(dgain_regmin));
 1165              		.loc 1 553 30 view .LVU307
 1166 0090 B8EEC00B 		vcvt.f64.s32	d0, s0
 1167 0094 FFF7FEFF 		bl	log10
 1168              	.LVL108:
 553:../../Middlewares/stm32-mw-camera/sensors/cmw_vd66gy.c ****   dgain_min_mdB = (uint32_t) LINEAR_TO_MDECIBEL(FP58_TO_FLOAT(dgain_regmin));
 1169              		.loc 1 553 30 discriminator 1 view .LVU308
 1170 0098 9FED2FAB 		vldr.64	d10, .L45
 1171 009c 20EE0B0B 		vmul.f64	d0, d0, d11
 1172 00a0 20EE0A0B 		vmul.f64	d0, d0, d10
 553:../../Middlewares/stm32-mw-camera/sensors/cmw_vd66gy.c ****   dgain_min_mdB = (uint32_t) LINEAR_TO_MDECIBEL(FP58_TO_FLOAT(dgain_regmin));
 1173              		.loc 1 553 17 discriminator 1 view .LVU309
 1174 00a4 FCEEC07B 		vcvt.u32.f64	s15, d0
 554:../../Middlewares/stm32-mw-camera/sensors/cmw_vd66gy.c ****   dgain_max_mdB = (uint32_t) LINEAR_TO_MDECIBEL(FP58_TO_FLOAT(dgain_regmax));
 1175              		.loc 1 554 30 view .LVU310
 1176 00a8 BDF80430 		ldrh	r3, [sp, #4]
 1177 00ac 9DF80420 		ldrb	r2, [sp, #4]	@ zero_extendqisi2
 1178 00b0 1B0A     		lsrs	r3, r3, #8
 553:../../Middlewares/stm32-mw-camera/sensors/cmw_vd66gy.c ****   dgain_min_mdB = (uint32_t) LINEAR_TO_MDECIBEL(FP58_TO_FLOAT(dgain_regmin));
 1179              		.loc 1 553 17 discriminator 1 view .LVU311
 1180 00b2 17EE906A 		vmov	r6, s15	@ int
 1181              	.LVL109:
 554:../../Middlewares/stm32-mw-camera/sensors/cmw_vd66gy.c ****   dgain_max_mdB = (uint32_t) LINEAR_TO_MDECIBEL(FP58_TO_FLOAT(dgain_regmax));
 1182              		.loc 1 554 3 is_stmt 1 view .LVU312
 554:../../Middlewares/stm32-mw-camera/sensors/cmw_vd66gy.c ****   dgain_max_mdB = (uint32_t) LINEAR_TO_MDECIBEL(FP58_TO_FLOAT(dgain_regmax));
 1183              		.loc 1 554 30 is_stmt 0 view .LVU313
 1184 00b6 00EE103A 		vmov	s0, r3	@ int
 1185 00ba 07EE902A 		vmov	s15, r2	@ int
 1186 00be 9FED29CA 		vldr.32	s24, .L45+12
 1187 00c2 F8EEE77A 		vcvt.f32.s32	s15, s15
 1188 00c6 B8EEC00A 		vcvt.f32.s32	s0, s0
 1189 00ca A7EE8C0A 		vfma.f32	s0, s15, s24
ARM GAS  /tmp/ccQ5BsN4.s 			page 36


 1190 00ce B7EEC00A 		vcvt.f64.f32	d0, s0
 1191 00d2 FFF7FEFF 		bl	log10
 1192              	.LVL110:
 555:../../Middlewares/stm32-mw-camera/sensors/cmw_vd66gy.c **** 
 1193              		.loc 1 555 30 view .LVU314
 1194 00d6 BDF80630 		ldrh	r3, [sp, #6]
 1195 00da 9DF80620 		ldrb	r2, [sp, #6]	@ zero_extendqisi2
 1196 00de 1B0A     		lsrs	r3, r3, #8
 554:../../Middlewares/stm32-mw-camera/sensors/cmw_vd66gy.c ****   dgain_max_mdB = (uint32_t) LINEAR_TO_MDECIBEL(FP58_TO_FLOAT(dgain_regmax));
 1197              		.loc 1 554 30 view .LVU315
 1198 00e0 B0EE409B 		vmov.f64	d9, d0
 1199              	.LVL111:
 555:../../Middlewares/stm32-mw-camera/sensors/cmw_vd66gy.c **** 
 1200              		.loc 1 555 3 is_stmt 1 view .LVU316
 555:../../Middlewares/stm32-mw-camera/sensors/cmw_vd66gy.c **** 
 1201              		.loc 1 555 30 is_stmt 0 view .LVU317
 1202 00e4 07EE902A 		vmov	s15, r2	@ int
 1203 00e8 00EE103A 		vmov	s0, r3	@ int
 1204              	.LVL112:
 555:../../Middlewares/stm32-mw-camera/sensors/cmw_vd66gy.c **** 
 1205              		.loc 1 555 30 view .LVU318
 1206 00ec F8EEE77A 		vcvt.f32.s32	s15, s15
 1207 00f0 B8EEC00A 		vcvt.f32.s32	s0, s0
 1208 00f4 A7EE8C0A 		vfma.f32	s0, s15, s24
 1209 00f8 B7EEC00A 		vcvt.f64.f32	d0, s0
 1210 00fc FFF7FEFF 		bl	log10
 1211              	.LVL113:
 557:../../Middlewares/stm32-mw-camera/sensors/cmw_vd66gy.c ****   info->gain_max = again_max_mdB + dgain_max_mdB;
 1212              		.loc 1 557 3 is_stmt 1 view .LVU319
 552:../../Middlewares/stm32-mw-camera/sensors/cmw_vd66gy.c ****   again_max_mdB = (uint32_t) LINEAR_TO_MDECIBEL(32 / (32 - again_regmax));
 1213              		.loc 1 552 30 is_stmt 0 discriminator 1 view .LVU320
 1214 0100 28EE0B8B 		vmul.f64	d8, d8, d11
 1215              	.LVL114:
 554:../../Middlewares/stm32-mw-camera/sensors/cmw_vd66gy.c ****   dgain_max_mdB = (uint32_t) LINEAR_TO_MDECIBEL(FP58_TO_FLOAT(dgain_regmax));
 1216              		.loc 1 554 30 discriminator 1 view .LVU321
 1217 0104 29EE0B9B 		vmul.f64	d9, d9, d11
 1218              	.LVL115:
 552:../../Middlewares/stm32-mw-camera/sensors/cmw_vd66gy.c ****   again_max_mdB = (uint32_t) LINEAR_TO_MDECIBEL(32 / (32 - again_regmax));
 1219              		.loc 1 552 30 discriminator 1 view .LVU322
 1220 0108 28EE0A8B 		vmul.f64	d8, d8, d10
 554:../../Middlewares/stm32-mw-camera/sensors/cmw_vd66gy.c ****   dgain_max_mdB = (uint32_t) LINEAR_TO_MDECIBEL(FP58_TO_FLOAT(dgain_regmax));
 1221              		.loc 1 554 30 discriminator 1 view .LVU323
 1222 010c 29EE0A9B 		vmul.f64	d9, d9, d10
 555:../../Middlewares/stm32-mw-camera/sensors/cmw_vd66gy.c **** 
 1223              		.loc 1 555 30 discriminator 1 view .LVU324
 1224 0110 20EE0B0B 		vmul.f64	d0, d0, d11
 1225              	.LVL116:
 552:../../Middlewares/stm32-mw-camera/sensors/cmw_vd66gy.c ****   again_max_mdB = (uint32_t) LINEAR_TO_MDECIBEL(32 / (32 - again_regmax));
 1226              		.loc 1 552 17 discriminator 1 view .LVU325
 1227 0114 BCEEC88B 		vcvt.u32.f64	s16, d8
 554:../../Middlewares/stm32-mw-camera/sensors/cmw_vd66gy.c ****   dgain_max_mdB = (uint32_t) LINEAR_TO_MDECIBEL(FP58_TO_FLOAT(dgain_regmax));
 1228              		.loc 1 554 17 discriminator 1 view .LVU326
 1229 0118 BCEEC99B 		vcvt.u32.f64	s18, d9
 555:../../Middlewares/stm32-mw-camera/sensors/cmw_vd66gy.c **** 
 1230              		.loc 1 555 30 discriminator 1 view .LVU327
 1231 011c 20EE0A0B 		vmul.f64	d0, d0, d10
 557:../../Middlewares/stm32-mw-camera/sensors/cmw_vd66gy.c ****   info->gain_max = again_max_mdB + dgain_max_mdB;
ARM GAS  /tmp/ccQ5BsN4.s 			page 37


 1232              		.loc 1 557 34 view .LVU328
 1233 0120 19EE102A 		vmov	r2, s18	@ int
 1234 0124 18EE103A 		vmov	r3, s16	@ int
 555:../../Middlewares/stm32-mw-camera/sensors/cmw_vd66gy.c **** 
 1235              		.loc 1 555 17 discriminator 1 view .LVU329
 1236 0128 BCEEC00B 		vcvt.u32.f64	s0, d0
 557:../../Middlewares/stm32-mw-camera/sensors/cmw_vd66gy.c ****   info->gain_max = again_max_mdB + dgain_max_mdB;
 1237              		.loc 1 557 34 view .LVU330
 1238 012c 1344     		add	r3, r3, r2
 557:../../Middlewares/stm32-mw-camera/sensors/cmw_vd66gy.c ****   info->gain_max = again_max_mdB + dgain_max_mdB;
 1239              		.loc 1 557 18 view .LVU331
 1240 012e E362     		str	r3, [r4, #44]
 558:../../Middlewares/stm32-mw-camera/sensors/cmw_vd66gy.c ****   info->again_max = again_max_mdB;
 1241              		.loc 1 558 3 is_stmt 1 view .LVU332
 558:../../Middlewares/stm32-mw-camera/sensors/cmw_vd66gy.c ****   info->again_max = again_max_mdB;
 1242              		.loc 1 558 34 is_stmt 0 view .LVU333
 1243 0130 10EE103A 		vmov	r3, s0	@ int
 1244 0134 3344     		add	r3, r3, r6
 562:../../Middlewares/stm32-mw-camera/sensors/cmw_vd66gy.c ****   if (ret)
 1245              		.loc 1 562 9 view .LVU334
 1246 0136 2846     		mov	r0, r5
 559:../../Middlewares/stm32-mw-camera/sensors/cmw_vd66gy.c **** 
 1247              		.loc 1 559 19 view .LVU335
 1248 0138 C4E90C36 		strd	r3, r6, [r4, #48]
 562:../../Middlewares/stm32-mw-camera/sensors/cmw_vd66gy.c ****   if (ret)
 1249              		.loc 1 562 3 is_stmt 1 view .LVU336
 562:../../Middlewares/stm32-mw-camera/sensors/cmw_vd66gy.c ****   if (ret)
 1250              		.loc 1 562 9 is_stmt 0 view .LVU337
 1251 013c 04F13C02 		add	r2, r4, #60
 1252 0140 04F13801 		add	r1, r4, #56
 1253 0144 FFF7FEFF 		bl	VD6G_GetExposureRegRange
 1254              	.LVL117:
 563:../../Middlewares/stm32-mw-camera/sensors/cmw_vd66gy.c ****     return ret;
 1255              		.loc 1 563 3 is_stmt 1 view .LVU338
 1256              	.L41:
 567:../../Middlewares/stm32-mw-camera/sensors/cmw_vd66gy.c **** 
 1257              		.loc 1 567 1 is_stmt 0 view .LVU339
 1258 0148 02B0     		add	sp, sp, #8
 1259              		.cfi_remember_state
 1260              		.cfi_def_cfa_offset 56
 1261              		@ sp needed
 1262 014a BDEC0A8B 		vldm	sp!, {d8-d12}
 1263              		.cfi_restore 88
 1264              		.cfi_restore 89
 1265              		.cfi_restore 86
 1266              		.cfi_restore 87
 1267              		.cfi_restore 84
 1268              		.cfi_restore 85
 1269              		.cfi_restore 82
 1270              		.cfi_restore 83
 1271              		.cfi_restore 80
 1272              		.cfi_restore 81
 1273              		.cfi_def_cfa_offset 16
 1274 014e 70BD     		pop	{r4, r5, r6, pc}
 1275              	.LVL118:
 1276              	.L44:
 1277              		.cfi_restore_state
ARM GAS  /tmp/ccQ5BsN4.s 			page 38


 521:../../Middlewares/stm32-mw-camera/sensors/cmw_vd66gy.c **** 
 1278              		.loc 1 521 12 view .LVU340
 1279 0150 6FF00100 		mvn	r0, #1
 1280              	.LVL119:
 521:../../Middlewares/stm32-mw-camera/sensors/cmw_vd66gy.c **** 
 1281              		.loc 1 521 12 view .LVU341
 1282 0154 F8E7     		b	.L41
 1283              	.L46:
 1284 0156 00BF     		.align	3
 1285              	.L45:
 1286 0158 00000000 		.word	0
 1287 015c 00408F40 		.word	1083129856
 1288 0160 00000000 		.word	.LC0
 1289 0164 0000803B 		.word	998244352
 1290              		.cfi_endproc
 1291              	.LFE1542:
 1293              		.section	.text.CMW_VD66GY_Stop,"ax",%progbits
 1294              		.align	1
 1295              		.syntax unified
 1296              		.thumb
 1297              		.thumb_func
 1299              	CMW_VD66GY_Stop:
 1300              	.LVL120:
 1301              	.LFB1535:
 341:../../Middlewares/stm32-mw-camera/sensors/cmw_vd66gy.c ****   int ret = CMW_ERROR_NONE;
 1302              		.loc 1 341 1 is_stmt 1 view -0
 1303              		.cfi_startproc
 1304              		@ args = 0, pretend = 0, frame = 0
 1305              		@ frame_needed = 0, uses_anonymous_args = 0
 342:../../Middlewares/stm32-mw-camera/sensors/cmw_vd66gy.c **** 
 1306              		.loc 1 342 3 view .LVU343
 344:../../Middlewares/stm32-mw-camera/sensors/cmw_vd66gy.c ****   if (ret)
 1307              		.loc 1 344 3 view .LVU344
 341:../../Middlewares/stm32-mw-camera/sensors/cmw_vd66gy.c ****   int ret = CMW_ERROR_NONE;
 1308              		.loc 1 341 1 is_stmt 0 view .LVU345
 1309 0000 08B5     		push	{r3, lr}
 1310              		.cfi_def_cfa_offset 8
 1311              		.cfi_offset 3, -8
 1312              		.cfi_offset 14, -4
 344:../../Middlewares/stm32-mw-camera/sensors/cmw_vd66gy.c ****   if (ret)
 1313              		.loc 1 344 9 view .LVU346
 1314 0002 0430     		adds	r0, r0, #4
 1315              	.LVL121:
 344:../../Middlewares/stm32-mw-camera/sensors/cmw_vd66gy.c ****   if (ret)
 1316              		.loc 1 344 9 view .LVU347
 1317 0004 FFF7FEFF 		bl	VD6G_Stop
 1318              	.LVL122:
 345:../../Middlewares/stm32-mw-camera/sensors/cmw_vd66gy.c ****   {
 1319              		.loc 1 345 3 is_stmt 1 view .LVU348
 347:../../Middlewares/stm32-mw-camera/sensors/cmw_vd66gy.c ****   }
 1320              		.loc 1 347 12 is_stmt 0 view .LVU349
 1321 0008 0028     		cmp	r0, #0
 350:../../Middlewares/stm32-mw-camera/sensors/cmw_vd66gy.c **** 
 1322              		.loc 1 350 1 view .LVU350
 1323 000a 18BF     		it	ne
 1324 000c 6FF00300 		mvnne	r0, #3
 1325              	.LVL123:
ARM GAS  /tmp/ccQ5BsN4.s 			page 39


 350:../../Middlewares/stm32-mw-camera/sensors/cmw_vd66gy.c **** 
 1326              		.loc 1 350 1 view .LVU351
 1327 0010 08BD     		pop	{r3, pc}
 1328              		.cfi_endproc
 1329              	.LFE1535:
 1331              		.section	.text.CMW_VD66GY_Start,"ax",%progbits
 1332              		.align	1
 1333              		.syntax unified
 1334              		.thumb
 1335              		.thumb_func
 1337              	CMW_VD66GY_Start:
 1338              	.LVL124:
 1339              	.LFB1533:
 299:../../Middlewares/stm32-mw-camera/sensors/cmw_vd66gy.c ****   int ret = CMW_ERROR_NONE;
 1340              		.loc 1 299 1 is_stmt 1 view -0
 1341              		.cfi_startproc
 1342              		@ args = 0, pretend = 0, frame = 0
 1343              		@ frame_needed = 0, uses_anonymous_args = 0
 300:../../Middlewares/stm32-mw-camera/sensors/cmw_vd66gy.c **** 
 1344              		.loc 1 300 3 view .LVU353
 306:../../Middlewares/stm32-mw-camera/sensors/cmw_vd66gy.c ****   ret = ISP_Init(&((CMW_VD66GY_t *)io_ctx)->hIsp, ((CMW_VD66GY_t *)io_ctx)->hdcmipp, 0, &((CMW_VD66
 1345              		.loc 1 306 3 view .LVU354
 307:../../Middlewares/stm32-mw-camera/sensors/cmw_vd66gy.c ****   if (ret != ISP_OK)
 1346              		.loc 1 307 3 view .LVU355
 299:../../Middlewares/stm32-mw-camera/sensors/cmw_vd66gy.c ****   int ret = CMW_ERROR_NONE;
 1347              		.loc 1 299 1 is_stmt 0 view .LVU356
 1348 0000 37B5     		push	{r0, r1, r2, r4, r5, lr}
 1349              		.cfi_def_cfa_offset 24
 1350              		.cfi_offset 4, -12
 1351              		.cfi_offset 5, -8
 1352              		.cfi_offset 14, -4
 307:../../Middlewares/stm32-mw-camera/sensors/cmw_vd66gy.c ****   if (ret != ISP_OK)
 1353              		.loc 1 307 9 view .LVU357
 1354 0002 104B     		ldr	r3, .L57
 1355 0004 00F16C05 		add	r5, r0, #108
 1356 0008 0093     		str	r3, [sp]
 299:../../Middlewares/stm32-mw-camera/sensors/cmw_vd66gy.c ****   int ret = CMW_ERROR_NONE;
 1357              		.loc 1 299 1 view .LVU358
 1358 000a 0446     		mov	r4, r0
 307:../../Middlewares/stm32-mw-camera/sensors/cmw_vd66gy.c ****   if (ret != ISP_OK)
 1359              		.loc 1 307 9 view .LVU359
 1360 000c D0F81C11 		ldr	r1, [r0, #284]
 1361 0010 00F1F803 		add	r3, r0, #248
 1362 0014 0022     		movs	r2, #0
 1363 0016 2846     		mov	r0, r5
 1364              	.LVL125:
 307:../../Middlewares/stm32-mw-camera/sensors/cmw_vd66gy.c ****   if (ret != ISP_OK)
 1365              		.loc 1 307 9 view .LVU360
 1366 0018 FFF7FEFF 		bl	ISP_Init
 1367              	.LVL126:
 308:../../Middlewares/stm32-mw-camera/sensors/cmw_vd66gy.c ****   {
 1368              		.loc 1 308 3 is_stmt 1 view .LVU361
 308:../../Middlewares/stm32-mw-camera/sensors/cmw_vd66gy.c ****   {
 1369              		.loc 1 308 6 is_stmt 0 view .LVU362
 1370 001c 78B9     		cbnz	r0, .L53
 313:../../Middlewares/stm32-mw-camera/sensors/cmw_vd66gy.c ****   if (ret != ISP_OK)
 1371              		.loc 1 313 3 is_stmt 1 view .LVU363
ARM GAS  /tmp/ccQ5BsN4.s 			page 40


 313:../../Middlewares/stm32-mw-camera/sensors/cmw_vd66gy.c ****   if (ret != ISP_OK)
 1372              		.loc 1 313 9 is_stmt 0 view .LVU364
 1373 001e 2846     		mov	r0, r5
 1374              	.LVL127:
 313:../../Middlewares/stm32-mw-camera/sensors/cmw_vd66gy.c ****   if (ret != ISP_OK)
 1375              		.loc 1 313 9 view .LVU365
 1376 0020 FFF7FEFF 		bl	ISP_Start
 1377              	.LVL128:
 314:../../Middlewares/stm32-mw-camera/sensors/cmw_vd66gy.c ****   {
 1378              		.loc 1 314 3 is_stmt 1 view .LVU366
 314:../../Middlewares/stm32-mw-camera/sensors/cmw_vd66gy.c ****   {
 1379              		.loc 1 314 6 is_stmt 0 view .LVU367
 1380 0024 38B9     		cbnz	r0, .L52
 319:../../Middlewares/stm32-mw-camera/sensors/cmw_vd66gy.c ****   if (ret) {
 1381              		.loc 1 319 3 is_stmt 1 view .LVU368
 319:../../Middlewares/stm32-mw-camera/sensors/cmw_vd66gy.c ****   if (ret) {
 1382              		.loc 1 319 9 is_stmt 0 view .LVU369
 1383 0026 0434     		adds	r4, r4, #4
 1384              	.LVL129:
 319:../../Middlewares/stm32-mw-camera/sensors/cmw_vd66gy.c ****   if (ret) {
 1385              		.loc 1 319 9 view .LVU370
 1386 0028 2046     		mov	r0, r4
 1387              	.LVL130:
 319:../../Middlewares/stm32-mw-camera/sensors/cmw_vd66gy.c ****   if (ret) {
 1388              		.loc 1 319 9 view .LVU371
 1389 002a FFF7FEFF 		bl	VD6G_Start
 1390              	.LVL131:
 320:../../Middlewares/stm32-mw-camera/sensors/cmw_vd66gy.c ****     VD6G_DeInit(&((CMW_VD66GY_t *)io_ctx)->ctx_driver);
 1391              		.loc 1 320 3 is_stmt 1 view .LVU372
 320:../../Middlewares/stm32-mw-camera/sensors/cmw_vd66gy.c ****     VD6G_DeInit(&((CMW_VD66GY_t *)io_ctx)->ctx_driver);
 1392              		.loc 1 320 6 is_stmt 0 view .LVU373
 1393 002e 20B1     		cbz	r0, .L50
 321:../../Middlewares/stm32-mw-camera/sensors/cmw_vd66gy.c ****     return CMW_ERROR_PERIPH_FAILURE;
 1394              		.loc 1 321 5 is_stmt 1 view .LVU374
 1395 0030 2046     		mov	r0, r4
 1396              	.LVL132:
 321:../../Middlewares/stm32-mw-camera/sensors/cmw_vd66gy.c ****     return CMW_ERROR_PERIPH_FAILURE;
 1397              		.loc 1 321 5 is_stmt 0 view .LVU375
 1398 0032 FFF7FEFF 		bl	VD6G_DeInit
 1399              	.LVL133:
 322:../../Middlewares/stm32-mw-camera/sensors/cmw_vd66gy.c ****   }
 1400              		.loc 1 322 5 is_stmt 1 view .LVU376
 1401              	.L52:
 316:../../Middlewares/stm32-mw-camera/sensors/cmw_vd66gy.c ****   }
 1402              		.loc 1 316 14 is_stmt 0 view .LVU377
 1403 0036 6FF00300 		mvn	r0, #3
 1404              	.L50:
 325:../../Middlewares/stm32-mw-camera/sensors/cmw_vd66gy.c **** 
 1405              		.loc 1 325 1 view .LVU378
 1406 003a 03B0     		add	sp, sp, #12
 1407              		.cfi_remember_state
 1408              		.cfi_def_cfa_offset 12
 1409              		@ sp needed
 1410 003c 30BD     		pop	{r4, r5, pc}
 1411              	.LVL134:
 1412              	.L53:
 1413              		.cfi_restore_state
ARM GAS  /tmp/ccQ5BsN4.s 			page 41


 310:../../Middlewares/stm32-mw-camera/sensors/cmw_vd66gy.c ****   }
 1414              		.loc 1 310 12 view .LVU379
 1415 003e 6FF00400 		mvn	r0, #4
 1416              	.LVL135:
 310:../../Middlewares/stm32-mw-camera/sensors/cmw_vd66gy.c ****   }
 1417              		.loc 1 310 12 view .LVU380
 1418 0042 FAE7     		b	.L50
 1419              	.L58:
 1420              		.align	2
 1421              	.L57:
 1422 0044 00000000 		.word	ISP_IQParamCacheInit_VD66GY
 1423              		.cfi_endproc
 1424              	.LFE1533:
 1426              		.section	.text.CMW_VD66GY_DeInit,"ax",%progbits
 1427              		.align	1
 1428              		.syntax unified
 1429              		.thumb
 1430              		.thumb_func
 1432              	CMW_VD66GY_DeInit:
 1433              	.LVL136:
 1434              	.LFB1536:
 353:../../Middlewares/stm32-mw-camera/sensors/cmw_vd66gy.c ****   int ret = CMW_ERROR_NONE;
 1435              		.loc 1 353 1 is_stmt 1 view -0
 1436              		.cfi_startproc
 1437              		@ args = 0, pretend = 0, frame = 0
 1438              		@ frame_needed = 0, uses_anonymous_args = 0
 354:../../Middlewares/stm32-mw-camera/sensors/cmw_vd66gy.c **** 
 1439              		.loc 1 354 3 view .LVU382
 356:../../Middlewares/stm32-mw-camera/sensors/cmw_vd66gy.c ****   if (ret)
 1440              		.loc 1 356 3 view .LVU383
 353:../../Middlewares/stm32-mw-camera/sensors/cmw_vd66gy.c ****   int ret = CMW_ERROR_NONE;
 1441              		.loc 1 353 1 is_stmt 0 view .LVU384
 1442 0000 38B5     		push	{r3, r4, r5, lr}
 1443              		.cfi_def_cfa_offset 16
 1444              		.cfi_offset 3, -16
 1445              		.cfi_offset 4, -12
 1446              		.cfi_offset 5, -8
 1447              		.cfi_offset 14, -4
 356:../../Middlewares/stm32-mw-camera/sensors/cmw_vd66gy.c ****   if (ret)
 1448              		.loc 1 356 9 view .LVU385
 1449 0002 051D     		adds	r5, r0, #4
 353:../../Middlewares/stm32-mw-camera/sensors/cmw_vd66gy.c ****   int ret = CMW_ERROR_NONE;
 1450              		.loc 1 353 1 view .LVU386
 1451 0004 0446     		mov	r4, r0
 356:../../Middlewares/stm32-mw-camera/sensors/cmw_vd66gy.c ****   if (ret)
 1452              		.loc 1 356 9 view .LVU387
 1453 0006 2846     		mov	r0, r5
 1454              	.LVL137:
 356:../../Middlewares/stm32-mw-camera/sensors/cmw_vd66gy.c ****   if (ret)
 1455              		.loc 1 356 9 view .LVU388
 1456 0008 FFF7FEFF 		bl	VD6G_Stop
 1457              	.LVL138:
 357:../../Middlewares/stm32-mw-camera/sensors/cmw_vd66gy.c ****   {
 1458              		.loc 1 357 3 is_stmt 1 view .LVU389
 357:../../Middlewares/stm32-mw-camera/sensors/cmw_vd66gy.c ****   {
 1459              		.loc 1 357 6 is_stmt 0 view .LVU390
 1460 000c 10B1     		cbz	r0, .L60
ARM GAS  /tmp/ccQ5BsN4.s 			page 42


 1461              	.L62:
 359:../../Middlewares/stm32-mw-camera/sensors/cmw_vd66gy.c ****   }
 1462              		.loc 1 359 12 view .LVU391
 1463 000e 6FF00300 		mvn	r0, #3
 1464              	.LVL139:
 1465              	.L59:
 370:../../Middlewares/stm32-mw-camera/sensors/cmw_vd66gy.c **** 
 1466              		.loc 1 370 1 view .LVU392
 1467 0012 38BD     		pop	{r3, r4, r5, pc}
 1468              	.LVL140:
 1469              	.L60:
 362:../../Middlewares/stm32-mw-camera/sensors/cmw_vd66gy.c ****   if (ret)
 1470              		.loc 1 362 3 is_stmt 1 view .LVU393
 362:../../Middlewares/stm32-mw-camera/sensors/cmw_vd66gy.c ****   if (ret)
 1471              		.loc 1 362 9 is_stmt 0 view .LVU394
 1472 0014 2846     		mov	r0, r5
 1473              	.LVL141:
 362:../../Middlewares/stm32-mw-camera/sensors/cmw_vd66gy.c ****   if (ret)
 1474              		.loc 1 362 9 view .LVU395
 1475 0016 FFF7FEFF 		bl	VD6G_DeInit
 1476              	.LVL142:
 363:../../Middlewares/stm32-mw-camera/sensors/cmw_vd66gy.c ****   {
 1477              		.loc 1 363 3 is_stmt 1 view .LVU396
 363:../../Middlewares/stm32-mw-camera/sensors/cmw_vd66gy.c ****   {
 1478              		.loc 1 363 6 is_stmt 0 view .LVU397
 1479 001a 0028     		cmp	r0, #0
 1480 001c F7D1     		bne	.L62
 368:../../Middlewares/stm32-mw-camera/sensors/cmw_vd66gy.c ****   return CMW_ERROR_NONE;
 1481              		.loc 1 368 3 is_stmt 1 view .LVU398
 368:../../Middlewares/stm32-mw-camera/sensors/cmw_vd66gy.c ****   return CMW_ERROR_NONE;
 1482              		.loc 1 368 43 is_stmt 0 view .LVU399
 1483 001e 84F82001 		strb	r0, [r4, #288]
 369:../../Middlewares/stm32-mw-camera/sensors/cmw_vd66gy.c **** }
 1484              		.loc 1 369 3 is_stmt 1 view .LVU400
 369:../../Middlewares/stm32-mw-camera/sensors/cmw_vd66gy.c **** }
 1485              		.loc 1 369 10 is_stmt 0 view .LVU401
 1486 0022 F6E7     		b	.L59
 1487              		.cfi_endproc
 1488              	.LFE1536:
 1490              		.section	.text.CMW_VD66GY_Run,"ax",%progbits
 1491              		.align	1
 1492              		.syntax unified
 1493              		.thumb
 1494              		.thumb_func
 1496              	CMW_VD66GY_Run:
 1497              	.LVL143:
 1498              	.LFB1534:
 328:../../Middlewares/stm32-mw-camera/sensors/cmw_vd66gy.c **** #ifndef ISP_MW_TUNING_TOOL_SUPPORT
 1499              		.loc 1 328 1 is_stmt 1 view -0
 1500              		.cfi_startproc
 1501              		@ args = 0, pretend = 0, frame = 0
 1502              		@ frame_needed = 0, uses_anonymous_args = 0
 330:../../Middlewares/stm32-mw-camera/sensors/cmw_vd66gy.c ****   ret = ISP_BackgroundProcess(&((CMW_VD66GY_t *)io_ctx)->hIsp);
 1503              		.loc 1 330 3 view .LVU403
 331:../../Middlewares/stm32-mw-camera/sensors/cmw_vd66gy.c ****   if (ret != ISP_OK)
 1504              		.loc 1 331 3 view .LVU404
 328:../../Middlewares/stm32-mw-camera/sensors/cmw_vd66gy.c **** #ifndef ISP_MW_TUNING_TOOL_SUPPORT
ARM GAS  /tmp/ccQ5BsN4.s 			page 43


 1505              		.loc 1 328 1 is_stmt 0 view .LVU405
 1506 0000 08B5     		push	{r3, lr}
 1507              		.cfi_def_cfa_offset 8
 1508              		.cfi_offset 3, -8
 1509              		.cfi_offset 14, -4
 331:../../Middlewares/stm32-mw-camera/sensors/cmw_vd66gy.c ****   if (ret != ISP_OK)
 1510              		.loc 1 331 9 view .LVU406
 1511 0002 6C30     		adds	r0, r0, #108
 1512              	.LVL144:
 331:../../Middlewares/stm32-mw-camera/sensors/cmw_vd66gy.c ****   if (ret != ISP_OK)
 1513              		.loc 1 331 9 view .LVU407
 1514 0004 FFF7FEFF 		bl	ISP_BackgroundProcess
 1515              	.LVL145:
 332:../../Middlewares/stm32-mw-camera/sensors/cmw_vd66gy.c ****   {
 1516              		.loc 1 332 3 is_stmt 1 view .LVU408
 337:../../Middlewares/stm32-mw-camera/sensors/cmw_vd66gy.c **** }
 1517              		.loc 1 337 10 is_stmt 0 view .LVU409
 1518 0008 0028     		cmp	r0, #0
 338:../../Middlewares/stm32-mw-camera/sensors/cmw_vd66gy.c **** 
 1519              		.loc 1 338 1 view .LVU410
 1520 000a 14BF     		ite	ne
 1521 000c 6FF00300 		mvnne	r0, #3
 1522              	.LVL146:
 338:../../Middlewares/stm32-mw-camera/sensors/cmw_vd66gy.c **** 
 1523              		.loc 1 338 1 view .LVU411
 1524 0010 0020     		moveq	r0, #0
 1525 0012 08BD     		pop	{r3, pc}
 1526              		.cfi_endproc
 1527              	.LFE1534:
 1529              		.section	.text.CMW_VD66GY_Init,"ax",%progbits
 1530              		.align	1
 1531              		.syntax unified
 1532              		.thumb
 1533              		.thumb_func
 1535              	CMW_VD66GY_Init:
 1536              	.LVL147:
 1537              	.LFB1531:
 235:../../Middlewares/stm32-mw-camera/sensors/cmw_vd66gy.c ****   VD6G_Config_t config = { 0 };
 1538              		.loc 1 235 1 is_stmt 1 view -0
 1539              		.cfi_startproc
 1540              		@ args = 0, pretend = 0, frame = 56
 1541              		@ frame_needed = 0, uses_anonymous_args = 0
 236:../../Middlewares/stm32-mw-camera/sensors/cmw_vd66gy.c ****   int ret;
 1542              		.loc 1 236 3 view .LVU413
 235:../../Middlewares/stm32-mw-camera/sensors/cmw_vd66gy.c ****   VD6G_Config_t config = { 0 };
 1543              		.loc 1 235 1 is_stmt 0 view .LVU414
 1544 0000 70B5     		push	{r4, r5, r6, lr}
 1545              		.cfi_def_cfa_offset 16
 1546              		.cfi_offset 4, -16
 1547              		.cfi_offset 5, -12
 1548              		.cfi_offset 6, -8
 1549              		.cfi_offset 14, -4
 1550 0002 0C46     		mov	r4, r1
 1551 0004 8EB0     		sub	sp, sp, #56
 1552              		.cfi_def_cfa_offset 72
 236:../../Middlewares/stm32-mw-camera/sensors/cmw_vd66gy.c ****   int ret;
 1553              		.loc 1 236 17 view .LVU415
ARM GAS  /tmp/ccQ5BsN4.s 			page 44


 1554 0006 0021     		movs	r1, #0
 1555              	.LVL148:
 235:../../Middlewares/stm32-mw-camera/sensors/cmw_vd66gy.c ****   VD6G_Config_t config = { 0 };
 1556              		.loc 1 235 1 view .LVU416
 1557 0008 0546     		mov	r5, r0
 236:../../Middlewares/stm32-mw-camera/sensors/cmw_vd66gy.c ****   int ret;
 1558              		.loc 1 236 17 view .LVU417
 1559 000a 3822     		movs	r2, #56
 1560 000c 6846     		mov	r0, sp
 1561              	.LVL149:
 236:../../Middlewares/stm32-mw-camera/sensors/cmw_vd66gy.c ****   int ret;
 1562              		.loc 1 236 17 view .LVU418
 1563 000e FFF7FEFF 		bl	memset
 1564              	.LVL150:
 237:../../Middlewares/stm32-mw-camera/sensors/cmw_vd66gy.c ****   int i;
 1565              		.loc 1 237 3 is_stmt 1 view .LVU419
 238:../../Middlewares/stm32-mw-camera/sensors/cmw_vd66gy.c ****   CMW_VD66GY_config_t *sensor_config;
 1566              		.loc 1 238 3 view .LVU420
 239:../../Middlewares/stm32-mw-camera/sensors/cmw_vd66gy.c ****   sensor_config = (CMW_VD66GY_config_t*)(initSensor->sensor_config);
 1567              		.loc 1 239 3 view .LVU421
 240:../../Middlewares/stm32-mw-camera/sensors/cmw_vd66gy.c ****   if (sensor_config == NULL)
 1568              		.loc 1 240 3 view .LVU422
 240:../../Middlewares/stm32-mw-camera/sensors/cmw_vd66gy.c ****   if (sensor_config == NULL)
 1569              		.loc 1 240 17 is_stmt 0 view .LVU423
 1570 0012 2169     		ldr	r1, [r4, #16]
 1571              	.LVL151:
 241:../../Middlewares/stm32-mw-camera/sensors/cmw_vd66gy.c ****   {
 1572              		.loc 1 241 3 is_stmt 1 view .LVU424
 241:../../Middlewares/stm32-mw-camera/sensors/cmw_vd66gy.c ****   {
 1573              		.loc 1 241 6 is_stmt 0 view .LVU425
 1574 0014 19B9     		cbnz	r1, .L67
 1575              	.L72:
 243:../../Middlewares/stm32-mw-camera/sensors/cmw_vd66gy.c ****   }
 1576              		.loc 1 243 12 view .LVU426
 1577 0016 6FF00100 		mvn	r0, #1
 1578              	.LVL152:
 1579              	.L66:
 289:../../Middlewares/stm32-mw-camera/sensors/cmw_vd66gy.c **** 
 1580              		.loc 1 289 1 view .LVU427
 1581 001a 0EB0     		add	sp, sp, #56
 1582              		.cfi_remember_state
 1583              		.cfi_def_cfa_offset 16
 1584              		@ sp needed
 1585 001c 70BD     		pop	{r4, r5, r6, pc}
 1586              	.LVL153:
 1587              	.L67:
 1588              		.cfi_restore_state
 246:../../Middlewares/stm32-mw-camera/sensors/cmw_vd66gy.c ****   {
 1589              		.loc 1 246 3 is_stmt 1 view .LVU428
 246:../../Middlewares/stm32-mw-camera/sensors/cmw_vd66gy.c ****   {
 1590              		.loc 1 246 6 is_stmt 0 view .LVU429
 1591 001e 95F82031 		ldrb	r3, [r5, #288]	@ zero_extendqisi2
 1592 0022 0BB1     		cbz	r3, .L69
 1593              	.LVL154:
 1594              	.L78:
 248:../../Middlewares/stm32-mw-camera/sensors/cmw_vd66gy.c ****   }
 1595              		.loc 1 248 12 view .LVU430
ARM GAS  /tmp/ccQ5BsN4.s 			page 45


 1596 0024 0020     		movs	r0, #0
 1597 0026 F8E7     		b	.L66
 1598              	.LVL155:
 1599              	.L69:
 251:../../Middlewares/stm32-mw-camera/sensors/cmw_vd66gy.c ****   ret = CMW_VD66GY_GetResType(initSensor->width, initSensor->height, &config.resolution);
 1600              		.loc 1 251 3 is_stmt 1 view .LVU431
 251:../../Middlewares/stm32-mw-camera/sensors/cmw_vd66gy.c ****   ret = CMW_VD66GY_GetResType(initSensor->width, initSensor->height, &config.resolution);
 1601              		.loc 1 251 21 is_stmt 0 view .LVU432
 1602 0028 A368     		ldr	r3, [r4, #8]
 1603 002a 0293     		str	r3, [sp, #8]
 252:../../Middlewares/stm32-mw-camera/sensors/cmw_vd66gy.c ****   if (ret)
 1604              		.loc 1 252 3 is_stmt 1 view .LVU433
 252:../../Middlewares/stm32-mw-camera/sensors/cmw_vd66gy.c ****   if (ret)
 1605              		.loc 1 252 9 is_stmt 0 view .LVU434
 1606 002c D4E90023 		ldrd	r2, r3, [r4]
 1607              	.LVL156:
 1608              	.LBB39:
 1609              	.LBI39:
 181:../../Middlewares/stm32-mw-camera/sensors/cmw_vd66gy.c **** {
 1610              		.loc 1 181 12 is_stmt 1 view .LVU435
 1611              	.LBB40:
 183:../../Middlewares/stm32-mw-camera/sensors/cmw_vd66gy.c ****   {
 1612              		.loc 1 183 3 view .LVU436
 183:../../Middlewares/stm32-mw-camera/sensors/cmw_vd66gy.c ****   {
 1613              		.loc 1 183 6 is_stmt 0 view .LVU437
 1614 0030 B2F5A07F 		cmp	r2, #320
 1615 0034 24D1     		bne	.L70
 183:../../Middlewares/stm32-mw-camera/sensors/cmw_vd66gy.c ****   {
 1616              		.loc 1 183 20 discriminator 1 view .LVU438
 1617 0036 F02B     		cmp	r3, #240
 1618 0038 EDD1     		bne	.L72
 1619              	.LVL157:
 1620              	.L71:
 183:../../Middlewares/stm32-mw-camera/sensors/cmw_vd66gy.c ****   {
 1621              		.loc 1 183 20 discriminator 1 view .LVU439
 1622              	.LBE40:
 1623              	.LBE39:
 258:../../Middlewares/stm32-mw-camera/sensors/cmw_vd66gy.c ****   config.line_len = sensor_config->line_len;
 1624              		.loc 1 258 3 is_stmt 1 view .LVU440
 258:../../Middlewares/stm32-mw-camera/sensors/cmw_vd66gy.c ****   config.line_len = sensor_config->line_len;
 1625              		.loc 1 258 31 is_stmt 0 view .LVU441
 1626 003a 234B     		ldr	r3, .L83
 261:../../Middlewares/stm32-mw-camera/sensors/cmw_vd66gy.c ****   config.out_itf.data_lane0_swap_enable = 1;
 1627              		.loc 1 261 41 view .LVU442
 1628 003c 0126     		movs	r6, #1
 258:../../Middlewares/stm32-mw-camera/sensors/cmw_vd66gy.c ****   config.line_len = sensor_config->line_len;
 1629              		.loc 1 258 31 view .LVU443
 1630 003e 0093     		str	r3, [sp]
 259:../../Middlewares/stm32-mw-camera/sensors/cmw_vd66gy.c ****   config.out_itf.datalane_nb = 2;
 1631              		.loc 1 259 3 is_stmt 1 view .LVU444
 259:../../Middlewares/stm32-mw-camera/sensors/cmw_vd66gy.c ****   config.out_itf.datalane_nb = 2;
 1632              		.loc 1 259 19 is_stmt 0 view .LVU445
 1633 0040 4B68     		ldr	r3, [r1, #4]
 275:../../Middlewares/stm32-mw-camera/sensors/cmw_vd66gy.c ****   if (ret)
 1634              		.loc 1 275 9 view .LVU446
 1635 0042 6946     		mov	r1, sp
 1636              	.LVL158:
ARM GAS  /tmp/ccQ5BsN4.s 			page 46


 259:../../Middlewares/stm32-mw-camera/sensors/cmw_vd66gy.c ****   config.out_itf.datalane_nb = 2;
 1637              		.loc 1 259 19 view .LVU447
 1638 0044 0493     		str	r3, [sp, #16]
 260:../../Middlewares/stm32-mw-camera/sensors/cmw_vd66gy.c ****   config.out_itf.clock_lane_swap_enable = 1;
 1639              		.loc 1 260 3 is_stmt 1 view .LVU448
 261:../../Middlewares/stm32-mw-camera/sensors/cmw_vd66gy.c ****   config.out_itf.data_lane0_swap_enable = 1;
 1640              		.loc 1 261 41 is_stmt 0 view .LVU449
 1641 0046 0223     		movs	r3, #2
 1642 0048 CDE90636 		strd	r3, r6, [sp, #24]
 262:../../Middlewares/stm32-mw-camera/sensors/cmw_vd66gy.c ****   config.out_itf.data_lane1_swap_enable = 1;
 1643              		.loc 1 262 3 is_stmt 1 view .LVU450
 266:../../Middlewares/stm32-mw-camera/sensors/cmw_vd66gy.c ****   config.patgen = VD6G_PATGEN_DISABLE;
 1644              		.loc 1 266 27 is_stmt 0 discriminator 1 view .LVU451
 1645 004c E368     		ldr	r3, [r4, #12]
 275:../../Middlewares/stm32-mw-camera/sensors/cmw_vd66gy.c ****   if (ret)
 1646              		.loc 1 275 9 view .LVU452
 1647 004e 2C1D     		adds	r4, r5, #4
 1648              	.LVL159:
 266:../../Middlewares/stm32-mw-camera/sensors/cmw_vd66gy.c ****   config.patgen = VD6G_PATGEN_DISABLE;
 1649              		.loc 1 266 27 discriminator 1 view .LVU453
 1650 0050 032B     		cmp	r3, #3
 1651 0052 28BF     		it	cs
 1652 0054 0323     		movcs	r3, #3
 1653 0056 8DF80C30 		strb	r3, [sp, #12]
 272:../../Middlewares/stm32-mw-camera/sensors/cmw_vd66gy.c ****   }
 1654              		.loc 1 272 25 view .LVU454
 1655 005a 4FF00133 		mov	r3, #16843009
 275:../../Middlewares/stm32-mw-camera/sensors/cmw_vd66gy.c ****   if (ret)
 1656              		.loc 1 275 9 view .LVU455
 1657 005e 2046     		mov	r0, r4
 263:../../Middlewares/stm32-mw-camera/sensors/cmw_vd66gy.c ****   config.out_itf.data_lanes_mapping_swap_enable = 0;
 1658              		.loc 1 263 41 view .LVU456
 1659 0060 CDE90866 		strd	r6, r6, [sp, #32]
 264:../../Middlewares/stm32-mw-camera/sensors/cmw_vd66gy.c **** 
 1660              		.loc 1 264 3 is_stmt 1 view .LVU457
 266:../../Middlewares/stm32-mw-camera/sensors/cmw_vd66gy.c ****   config.patgen = VD6G_PATGEN_DISABLE;
 1661              		.loc 1 266 3 view .LVU458
 1662              	.LBB43:
 1663              	.LBI43:
 210:../../Middlewares/stm32-mw-camera/sensors/cmw_vd66gy.c **** {
 1664              		.loc 1 210 26 view .LVU459
 1665              	.LBB44:
 212:../../Middlewares/stm32-mw-camera/sensors/cmw_vd66gy.c **** 
 1666              		.loc 1 212 3 view .LVU460
 214:../../Middlewares/stm32-mw-camera/sensors/cmw_vd66gy.c ****   {
 1667              		.loc 1 214 3 view .LVU461
 231:../../Middlewares/stm32-mw-camera/sensors/cmw_vd66gy.c **** }
 1668              		.loc 1 231 3 view .LVU462
 1669              	.LBE44:
 1670              	.LBE43:
 267:../../Middlewares/stm32-mw-camera/sensors/cmw_vd66gy.c ****   config.flicker = VD6G_FLICKER_FREE_NONE;
 1671              		.loc 1 267 3 view .LVU463
 268:../../Middlewares/stm32-mw-camera/sensors/cmw_vd66gy.c **** 
 1672              		.loc 1 268 3 view .LVU464
 270:../../Middlewares/stm32-mw-camera/sensors/cmw_vd66gy.c ****   {
 1673              		.loc 1 270 3 view .LVU465
 1674              	.LVL160:
ARM GAS  /tmp/ccQ5BsN4.s 			page 47


 270:../../Middlewares/stm32-mw-camera/sensors/cmw_vd66gy.c ****   {
 1675              		.loc 1 270 17 discriminator 1 view .LVU466
 272:../../Middlewares/stm32-mw-camera/sensors/cmw_vd66gy.c ****   }
 1676              		.loc 1 272 25 is_stmt 0 view .LVU467
 1677 0064 CDE90B33 		strd	r3, r3, [sp, #44]
 1678              	.LVL161:
 275:../../Middlewares/stm32-mw-camera/sensors/cmw_vd66gy.c ****   if (ret)
 1679              		.loc 1 275 3 is_stmt 1 view .LVU468
 275:../../Middlewares/stm32-mw-camera/sensors/cmw_vd66gy.c ****   if (ret)
 1680              		.loc 1 275 9 is_stmt 0 view .LVU469
 1681 0068 FFF7FEFF 		bl	VD6G_Init
 1682              	.LVL162:
 276:../../Middlewares/stm32-mw-camera/sensors/cmw_vd66gy.c ****   {
 1683              		.loc 1 276 3 is_stmt 1 view .LVU470
 276:../../Middlewares/stm32-mw-camera/sensors/cmw_vd66gy.c ****   {
 1684              		.loc 1 276 6 is_stmt 0 view .LVU471
 1685 006c 28B9     		cbnz	r0, .L76
 281:../../Middlewares/stm32-mw-camera/sensors/cmw_vd66gy.c ****   {
 1686              		.loc 1 281 3 is_stmt 1 view .LVU472
 281:../../Middlewares/stm32-mw-camera/sensors/cmw_vd66gy.c ****   {
 1687              		.loc 1 281 6 is_stmt 0 view .LVU473
 1688 006e 95F82C30 		ldrb	r3, [r5, #44]	@ zero_extendqisi2
 1689 0072 2BBB     		cbnz	r3, .L77
 283:../../Middlewares/stm32-mw-camera/sensors/cmw_vd66gy.c ****     return CMW_ERROR_PERIPH_FAILURE;
 1690              		.loc 1 283 5 is_stmt 1 view .LVU474
 1691 0074 2046     		mov	r0, r4
 1692              	.LVL163:
 283:../../Middlewares/stm32-mw-camera/sensors/cmw_vd66gy.c ****     return CMW_ERROR_PERIPH_FAILURE;
 1693              		.loc 1 283 5 is_stmt 0 view .LVU475
 1694 0076 FFF7FEFF 		bl	VD6G_DeInit
 1695              	.LVL164:
 284:../../Middlewares/stm32-mw-camera/sensors/cmw_vd66gy.c ****   }
 1696              		.loc 1 284 5 is_stmt 1 view .LVU476
 1697              	.L76:
 278:../../Middlewares/stm32-mw-camera/sensors/cmw_vd66gy.c ****   }
 1698              		.loc 1 278 12 is_stmt 0 view .LVU477
 1699 007a 6FF00300 		mvn	r0, #3
 1700              	.LVL165:
 278:../../Middlewares/stm32-mw-camera/sensors/cmw_vd66gy.c ****   }
 1701              		.loc 1 278 12 view .LVU478
 1702 007e CCE7     		b	.L66
 1703              	.LVL166:
 1704              	.L70:
 1705              	.LBB45:
 1706              	.LBB41:
 187:../../Middlewares/stm32-mw-camera/sensors/cmw_vd66gy.c ****   {
 1707              		.loc 1 187 8 is_stmt 1 view .LVU479
 187:../../Middlewares/stm32-mw-camera/sensors/cmw_vd66gy.c ****   {
 1708              		.loc 1 187 11 is_stmt 0 view .LVU480
 1709 0080 B2F5207F 		cmp	r2, #640
 1710 0084 06D1     		bne	.L73
 187:../../Middlewares/stm32-mw-camera/sensors/cmw_vd66gy.c ****   {
 1711              		.loc 1 187 25 discriminator 1 view .LVU481
 1712 0086 B3F5F07F 		cmp	r3, #480
 1713 008a C4D1     		bne	.L72
 189:../../Middlewares/stm32-mw-camera/sensors/cmw_vd66gy.c ****   }
 1714              		.loc 1 189 5 is_stmt 1 view .LVU482
ARM GAS  /tmp/ccQ5BsN4.s 			page 48


 189:../../Middlewares/stm32-mw-camera/sensors/cmw_vd66gy.c ****   }
 1715              		.loc 1 189 10 is_stmt 0 view .LVU483
 1716 008c 0123     		movs	r3, #1
 1717              	.LVL167:
 1718              	.L82:
 201:../../Middlewares/stm32-mw-camera/sensors/cmw_vd66gy.c ****   }
 1719              		.loc 1 201 10 view .LVU484
 1720 008e 8DF80430 		strb	r3, [sp, #4]
 1721              	.LVL168:
 201:../../Middlewares/stm32-mw-camera/sensors/cmw_vd66gy.c ****   }
 1722              		.loc 1 201 10 view .LVU485
 1723              	.LBE41:
 1724              	.LBE45:
 253:../../Middlewares/stm32-mw-camera/sensors/cmw_vd66gy.c ****   {
 1725              		.loc 1 253 3 is_stmt 1 view .LVU486
 1726 0092 D2E7     		b	.L71
 1727              	.LVL169:
 1728              	.L73:
 1729              	.LBB46:
 1730              	.LBB42:
 191:../../Middlewares/stm32-mw-camera/sensors/cmw_vd66gy.c ****   {
 1731              		.loc 1 191 8 view .LVU487
 191:../../Middlewares/stm32-mw-camera/sensors/cmw_vd66gy.c ****   {
 1732              		.loc 1 191 11 is_stmt 0 view .LVU488
 1733 0094 B2F5806F 		cmp	r2, #1024
 1734 0098 04D1     		bne	.L74
 191:../../Middlewares/stm32-mw-camera/sensors/cmw_vd66gy.c ****   {
 1735              		.loc 1 191 26 discriminator 1 view .LVU489
 1736 009a B3F5407F 		cmp	r3, #768
 1737 009e BAD1     		bne	.L72
 193:../../Middlewares/stm32-mw-camera/sensors/cmw_vd66gy.c ****   }
 1738              		.loc 1 193 5 is_stmt 1 view .LVU490
 193:../../Middlewares/stm32-mw-camera/sensors/cmw_vd66gy.c ****   }
 1739              		.loc 1 193 10 is_stmt 0 view .LVU491
 1740 00a0 0323     		movs	r3, #3
 1741              	.LVL170:
 193:../../Middlewares/stm32-mw-camera/sensors/cmw_vd66gy.c ****   }
 1742              		.loc 1 193 10 view .LVU492
 1743 00a2 F4E7     		b	.L82
 1744              	.LVL171:
 1745              	.L74:
 195:../../Middlewares/stm32-mw-camera/sensors/cmw_vd66gy.c ****   {
 1746              		.loc 1 195 8 is_stmt 1 view .LVU493
 195:../../Middlewares/stm32-mw-camera/sensors/cmw_vd66gy.c ****   {
 1747              		.loc 1 195 11 is_stmt 0 view .LVU494
 1748 00a4 B2F58C6F 		cmp	r2, #1120
 1749 00a8 B5D1     		bne	.L72
 195:../../Middlewares/stm32-mw-camera/sensors/cmw_vd66gy.c ****   {
 1750              		.loc 1 195 26 discriminator 1 view .LVU495
 1751 00aa B3F5347F 		cmp	r3, #720
 1752 00ae 01D1     		bne	.L75
 197:../../Middlewares/stm32-mw-camera/sensors/cmw_vd66gy.c ****   }
 1753              		.loc 1 197 5 is_stmt 1 view .LVU496
 197:../../Middlewares/stm32-mw-camera/sensors/cmw_vd66gy.c ****   }
 1754              		.loc 1 197 10 is_stmt 0 view .LVU497
 1755 00b0 0723     		movs	r3, #7
 1756              	.LVL172:
ARM GAS  /tmp/ccQ5BsN4.s 			page 49


 197:../../Middlewares/stm32-mw-camera/sensors/cmw_vd66gy.c ****   }
 1757              		.loc 1 197 10 view .LVU498
 1758 00b2 ECE7     		b	.L82
 1759              	.LVL173:
 1760              	.L75:
 199:../../Middlewares/stm32-mw-camera/sensors/cmw_vd66gy.c ****   {
 1761              		.loc 1 199 8 is_stmt 1 view .LVU499
 199:../../Middlewares/stm32-mw-camera/sensors/cmw_vd66gy.c ****   {
 1762              		.loc 1 199 26 is_stmt 0 discriminator 1 view .LVU500
 1763 00b4 40F25452 		movw	r2, #1364
 1764              	.LVL174:
 199:../../Middlewares/stm32-mw-camera/sensors/cmw_vd66gy.c ****   {
 1765              		.loc 1 199 26 discriminator 1 view .LVU501
 1766 00b8 9342     		cmp	r3, r2
 1767 00ba ACD1     		bne	.L72
 201:../../Middlewares/stm32-mw-camera/sensors/cmw_vd66gy.c ****   }
 1768              		.loc 1 201 5 is_stmt 1 view .LVU502
 201:../../Middlewares/stm32-mw-camera/sensors/cmw_vd66gy.c ****   }
 1769              		.loc 1 201 10 is_stmt 0 view .LVU503
 1770 00bc 0823     		movs	r3, #8
 1771              	.LVL175:
 201:../../Middlewares/stm32-mw-camera/sensors/cmw_vd66gy.c ****   }
 1772              		.loc 1 201 10 view .LVU504
 1773 00be E6E7     		b	.L82
 1774              	.LVL176:
 1775              	.L77:
 201:../../Middlewares/stm32-mw-camera/sensors/cmw_vd66gy.c ****   }
 1776              		.loc 1 201 10 view .LVU505
 1777              	.LBE42:
 1778              	.LBE46:
 287:../../Middlewares/stm32-mw-camera/sensors/cmw_vd66gy.c ****   return CMW_ERROR_NONE;
 1779              		.loc 1 287 3 is_stmt 1 view .LVU506
 287:../../Middlewares/stm32-mw-camera/sensors/cmw_vd66gy.c ****   return CMW_ERROR_NONE;
 1780              		.loc 1 287 43 is_stmt 0 view .LVU507
 1781 00c0 85F82061 		strb	r6, [r5, #288]
 288:../../Middlewares/stm32-mw-camera/sensors/cmw_vd66gy.c **** }
 1782              		.loc 1 288 3 is_stmt 1 view .LVU508
 288:../../Middlewares/stm32-mw-camera/sensors/cmw_vd66gy.c **** }
 1783              		.loc 1 288 10 is_stmt 0 view .LVU509
 1784 00c4 AEE7     		b	.L78
 1785              	.L84:
 1786 00c6 00BF     		.align	2
 1787              	.L83:
 1788 00c8 001BB700 		.word	12000000
 1789              		.cfi_endproc
 1790              	.LFE1531:
 1792              		.section	.text.CMW_VD66GY_VsyncEventCallback,"ax",%progbits
 1793              		.align	1
 1794              		.syntax unified
 1795              		.thumb
 1796              		.thumb_func
 1798              	CMW_VD66GY_VsyncEventCallback:
 1799              	.LVL177:
 1800              	.LFB1543:
 570:../../Middlewares/stm32-mw-camera/sensors/cmw_vd66gy.c **** #ifndef ISP_MW_TUNING_TOOL_SUPPORT
 1801              		.loc 1 570 1 is_stmt 1 view -0
 1802              		.cfi_startproc
ARM GAS  /tmp/ccQ5BsN4.s 			page 50


 1803              		@ args = 0, pretend = 0, frame = 0
 1804              		@ frame_needed = 0, uses_anonymous_args = 0
 573:../../Middlewares/stm32-mw-camera/sensors/cmw_vd66gy.c ****   {
 1805              		.loc 1 573 3 view .LVU511
 1806 0000 0129     		cmp	r1, #1
 570:../../Middlewares/stm32-mw-camera/sensors/cmw_vd66gy.c **** #ifndef ISP_MW_TUNING_TOOL_SUPPORT
 1807              		.loc 1 570 1 is_stmt 0 view .LVU512
 1808 0002 10B5     		push	{r4, lr}
 1809              		.cfi_def_cfa_offset 8
 1810              		.cfi_offset 4, -8
 1811              		.cfi_offset 14, -4
 573:../../Middlewares/stm32-mw-camera/sensors/cmw_vd66gy.c ****   {
 1812              		.loc 1 573 3 view .LVU513
 1813 0004 07D0     		beq	.L86
 1814 0006 0229     		cmp	r1, #2
 1815 0008 0FD0     		beq	.L87
 1816 000a 99B9     		cbnz	r1, .L85
 576:../../Middlewares/stm32-mw-camera/sensors/cmw_vd66gy.c ****       break;
 1817              		.loc 1 576 7 is_stmt 1 view .LVU514
 587:../../Middlewares/stm32-mw-camera/sensors/cmw_vd66gy.c **** 
 1818              		.loc 1 587 1 is_stmt 0 view .LVU515
 1819 000c BDE81040 		pop	{r4, lr}
 1820              		.cfi_remember_state
 1821              		.cfi_restore 14
 1822              		.cfi_restore 4
 1823              		.cfi_def_cfa_offset 0
 576:../../Middlewares/stm32-mw-camera/sensors/cmw_vd66gy.c ****       break;
 1824              		.loc 1 576 7 view .LVU516
 1825 0010 6C30     		adds	r0, r0, #108
 1826              	.LVL178:
 576:../../Middlewares/stm32-mw-camera/sensors/cmw_vd66gy.c ****       break;
 1827              		.loc 1 576 7 view .LVU517
 1828 0012 FFF7FEBF 		b	ISP_IncDumpFrameId
 1829              	.LVL179:
 1830              	.L86:
 1831              		.cfi_restore_state
 1832              	.LBB49:
 1833              	.LBI49:
 569:../../Middlewares/stm32-mw-camera/sensors/cmw_vd66gy.c **** {
 1834              		.loc 1 569 13 is_stmt 1 view .LVU518
 1835              	.LBB50:
 579:../../Middlewares/stm32-mw-camera/sensors/cmw_vd66gy.c ****       ISP_GatherStatistics(&((CMW_VD66GY_t *)io_ctx)->hIsp);
 1836              		.loc 1 579 7 view .LVU519
 1837 0016 00F16C04 		add	r4, r0, #108
 1838 001a 2046     		mov	r0, r4
 1839              	.LVL180:
 579:../../Middlewares/stm32-mw-camera/sensors/cmw_vd66gy.c ****       ISP_GatherStatistics(&((CMW_VD66GY_t *)io_ctx)->hIsp);
 1840              		.loc 1 579 7 is_stmt 0 view .LVU520
 1841 001c FFF7FEFF 		bl	ISP_IncMainFrameId
 1842              	.LVL181:
 580:../../Middlewares/stm32-mw-camera/sensors/cmw_vd66gy.c ****       break;
 1843              		.loc 1 580 7 is_stmt 1 view .LVU521
 1844 0020 2046     		mov	r0, r4
 1845              	.LBE50:
 1846              	.LBE49:
 587:../../Middlewares/stm32-mw-camera/sensors/cmw_vd66gy.c **** 
 1847              		.loc 1 587 1 is_stmt 0 view .LVU522
ARM GAS  /tmp/ccQ5BsN4.s 			page 51


 1848 0022 BDE81040 		pop	{r4, lr}
 1849              		.cfi_remember_state
 1850              		.cfi_restore 14
 1851              		.cfi_restore 4
 1852              		.cfi_def_cfa_offset 0
 1853              	.LVL182:
 1854              	.LBB52:
 1855              	.LBB51:
 580:../../Middlewares/stm32-mw-camera/sensors/cmw_vd66gy.c ****       break;
 1856              		.loc 1 580 7 view .LVU523
 1857 0026 FFF7FEBF 		b	ISP_GatherStatistics
 1858              	.LVL183:
 1859              	.L87:
 1860              		.cfi_restore_state
 580:../../Middlewares/stm32-mw-camera/sensors/cmw_vd66gy.c ****       break;
 1861              		.loc 1 580 7 view .LVU524
 1862              	.LBE51:
 1863              	.LBE52:
 583:../../Middlewares/stm32-mw-camera/sensors/cmw_vd66gy.c ****       break;
 1864              		.loc 1 583 7 is_stmt 1 view .LVU525
 1865 002a 6C30     		adds	r0, r0, #108
 1866              	.LVL184:
 587:../../Middlewares/stm32-mw-camera/sensors/cmw_vd66gy.c **** 
 1867              		.loc 1 587 1 is_stmt 0 view .LVU526
 1868 002c BDE81040 		pop	{r4, lr}
 1869              		.cfi_remember_state
 1870              		.cfi_restore 14
 1871              		.cfi_restore 4
 1872              		.cfi_def_cfa_offset 0
 583:../../Middlewares/stm32-mw-camera/sensors/cmw_vd66gy.c ****       break;
 1873              		.loc 1 583 7 view .LVU527
 1874 0030 FFF7FEBF 		b	ISP_IncAncillaryFrameId
 1875              	.LVL185:
 1876              	.L85:
 1877              		.cfi_restore_state
 587:../../Middlewares/stm32-mw-camera/sensors/cmw_vd66gy.c **** 
 1878              		.loc 1 587 1 view .LVU528
 1879 0034 10BD     		pop	{r4, pc}
 1880              		.cfi_endproc
 1881              	.LFE1543:
 1883              		.section	.rodata.CMW_VD66GY_SetDefaultSensorValues.str1.1,"aMS",%progbits,1
 1884              	.LC1:
 1885 0000 76643636 		.ascii	"vd66gy_config != NULL\000"
 1885      67795F63 
 1885      6F6E6669 
 1885      6720213D 
 1885      204E554C 
 1886              	.LC2:
 1887 0016 2E2E2F2E 		.ascii	"../../Middlewares/stm32-mw-camera/sensors/cmw_vd66g"
 1887      2E2F4D69 
 1887      64646C65 
 1887      77617265 
 1887      732F7374 
 1888 0049 792E6300 		.ascii	"y.c\000"
 1889              		.section	.text.CMW_VD66GY_SetDefaultSensorValues,"ax",%progbits
 1890              		.align	1
 1891              		.global	CMW_VD66GY_SetDefaultSensorValues
ARM GAS  /tmp/ccQ5BsN4.s 			page 52


 1892              		.syntax unified
 1893              		.thumb
 1894              		.thumb_func
 1896              	CMW_VD66GY_SetDefaultSensorValues:
 1897              	.LVL186:
 1898              	.LFB1532:
 292:../../Middlewares/stm32-mw-camera/sensors/cmw_vd66gy.c ****   assert(vd66gy_config != NULL);
 1899              		.loc 1 292 1 is_stmt 1 view -0
 1900              		.cfi_startproc
 1901              		@ args = 0, pretend = 0, frame = 0
 1902              		@ frame_needed = 0, uses_anonymous_args = 0
 293:../../Middlewares/stm32-mw-camera/sensors/cmw_vd66gy.c ****   vd66gy_config->line_len = 0;
 1903              		.loc 1 293 3 view .LVU530
 292:../../Middlewares/stm32-mw-camera/sensors/cmw_vd66gy.c ****   assert(vd66gy_config != NULL);
 1904              		.loc 1 292 1 is_stmt 0 view .LVU531
 1905 0000 08B5     		push	{r3, lr}
 1906              		.cfi_def_cfa_offset 8
 1907              		.cfi_offset 3, -8
 1908              		.cfi_offset 14, -4
 293:../../Middlewares/stm32-mw-camera/sensors/cmw_vd66gy.c ****   vd66gy_config->line_len = 0;
 1909              		.loc 1 293 3 view .LVU532
 1910 0002 30B9     		cbnz	r0, .L90
 293:../../Middlewares/stm32-mw-camera/sensors/cmw_vd66gy.c ****   vd66gy_config->line_len = 0;
 1911              		.loc 1 293 3 discriminator 1 view .LVU533
 1912 0004 40F22511 		movw	r1, #293
 1913 0008 044B     		ldr	r3, .L91
 1914 000a 054A     		ldr	r2, .L91+4
 1915 000c 0548     		ldr	r0, .L91+8
 1916              	.LVL187:
 293:../../Middlewares/stm32-mw-camera/sensors/cmw_vd66gy.c ****   vd66gy_config->line_len = 0;
 1917              		.loc 1 293 3 discriminator 1 view .LVU534
 1918 000e FFF7FEFF 		bl	__assert_func
 1919              	.LVL188:
 1920              	.L90:
 294:../../Middlewares/stm32-mw-camera/sensors/cmw_vd66gy.c ****   vd66gy_config->pixel_format = CMW_PIXEL_FORMAT_RAW8;
 1921              		.loc 1 294 3 is_stmt 1 view .LVU535
 295:../../Middlewares/stm32-mw-camera/sensors/cmw_vd66gy.c **** }
 1922              		.loc 1 295 31 is_stmt 0 view .LVU536
 1923 0012 2A23     		movs	r3, #42
 1924 0014 0022     		movs	r2, #0
 1925 0016 C0E90032 		strd	r3, r2, [r0]
 296:../../Middlewares/stm32-mw-camera/sensors/cmw_vd66gy.c **** 
 1926              		.loc 1 296 1 view .LVU537
 1927 001a 08BD     		pop	{r3, pc}
 1928              	.L92:
 1929              		.align	2
 1930              	.L91:
 1931 001c 00000000 		.word	.LC1
 1932 0020 00000000 		.word	__func__.0
 1933 0024 16000000 		.word	.LC2
 1934              		.cfi_endproc
 1935              	.LFE1532:
 1937              		.section	.text.VD66GY_RegisterBusIO,"ax",%progbits
 1938              		.align	1
 1939              		.global	VD66GY_RegisterBusIO
 1940              		.syntax unified
 1941              		.thumb
ARM GAS  /tmp/ccQ5BsN4.s 			page 53


 1942              		.thumb_func
 1944              	VD66GY_RegisterBusIO:
 1945              	.LVL189:
 1946              	.LFB1545:
 592:../../Middlewares/stm32-mw-camera/sensors/cmw_vd66gy.c **** 
 593:../../Middlewares/stm32-mw-camera/sensors/cmw_vd66gy.c **** int32_t VD66GY_RegisterBusIO(CMW_VD66GY_t *io_ctx)
 594:../../Middlewares/stm32-mw-camera/sensors/cmw_vd66gy.c **** {
 1947              		.loc 1 594 1 is_stmt 1 view -0
 1948              		.cfi_startproc
 1949              		@ args = 0, pretend = 0, frame = 0
 1950              		@ frame_needed = 0, uses_anonymous_args = 0
 1951              		@ link register save eliminated.
 595:../../Middlewares/stm32-mw-camera/sensors/cmw_vd66gy.c ****   int ret;
 1952              		.loc 1 595 3 view .LVU539
 596:../../Middlewares/stm32-mw-camera/sensors/cmw_vd66gy.c **** 
 597:../../Middlewares/stm32-mw-camera/sensors/cmw_vd66gy.c ****   if (!io_ctx)
 1953              		.loc 1 597 3 view .LVU540
 1954              		.loc 1 597 6 is_stmt 0 view .LVU541
 1955 0000 18B1     		cbz	r0, .L93
 598:../../Middlewares/stm32-mw-camera/sensors/cmw_vd66gy.c ****     return CMW_ERROR_COMPONENT_FAILURE;
 599:../../Middlewares/stm32-mw-camera/sensors/cmw_vd66gy.c **** 
 600:../../Middlewares/stm32-mw-camera/sensors/cmw_vd66gy.c ****   if (!io_ctx->Init)
 1956              		.loc 1 600 3 is_stmt 1 view .LVU542
 1957              		.loc 1 600 14 is_stmt 0 view .LVU543
 1958 0002 D0F82431 		ldr	r3, [r0, #292]
 1959              		.loc 1 600 6 view .LVU544
 1960 0006 03B1     		cbz	r3, .L93
 601:../../Middlewares/stm32-mw-camera/sensors/cmw_vd66gy.c ****     return CMW_ERROR_COMPONENT_FAILURE;
 602:../../Middlewares/stm32-mw-camera/sensors/cmw_vd66gy.c **** 
 603:../../Middlewares/stm32-mw-camera/sensors/cmw_vd66gy.c ****   ret = io_ctx->Init();
 1961              		.loc 1 603 3 is_stmt 1 view .LVU545
 1962              		.loc 1 603 9 is_stmt 0 view .LVU546
 1963 0008 1847     		bx	r3
 1964              	.LVL190:
 1965              	.L93:
 604:../../Middlewares/stm32-mw-camera/sensors/cmw_vd66gy.c **** 
 605:../../Middlewares/stm32-mw-camera/sensors/cmw_vd66gy.c ****   return ret;
 606:../../Middlewares/stm32-mw-camera/sensors/cmw_vd66gy.c **** }
 1966              		.loc 1 606 1 view .LVU547
 1967 000a 6FF00400 		mvn	r0, #4
 1968              	.LVL191:
 1969              		.loc 1 606 1 view .LVU548
 1970 000e 7047     		bx	lr
 1971              		.cfi_endproc
 1972              	.LFE1545:
 1974              		.section	.text.VD66GY_ReadID,"ax",%progbits
 1975              		.align	1
 1976              		.global	VD66GY_ReadID
 1977              		.syntax unified
 1978              		.thumb
 1979              		.thumb_func
 1981              	VD66GY_ReadID:
 1982              	.LVL192:
 1983              	.LFB1546:
 607:../../Middlewares/stm32-mw-camera/sensors/cmw_vd66gy.c **** 
 608:../../Middlewares/stm32-mw-camera/sensors/cmw_vd66gy.c **** int32_t VD66GY_ReadID(CMW_VD66GY_t *io_ctx, uint32_t *Id)
 609:../../Middlewares/stm32-mw-camera/sensors/cmw_vd66gy.c **** {
ARM GAS  /tmp/ccQ5BsN4.s 			page 54


 1984              		.loc 1 609 1 is_stmt 1 view -0
 1985              		.cfi_startproc
 1986              		@ args = 0, pretend = 0, frame = 8
 1987              		@ frame_needed = 0, uses_anonymous_args = 0
 610:../../Middlewares/stm32-mw-camera/sensors/cmw_vd66gy.c ****   uint16_t reg16;
 1988              		.loc 1 610 3 view .LVU550
 611:../../Middlewares/stm32-mw-camera/sensors/cmw_vd66gy.c ****   int32_t ret;
 1989              		.loc 1 611 3 view .LVU551
 612:../../Middlewares/stm32-mw-camera/sensors/cmw_vd66gy.c **** 
 613:../../Middlewares/stm32-mw-camera/sensors/cmw_vd66gy.c ****   ret = CMW_VD66GY_Read16(io_ctx, VD66GY_REG_MODEL_ID, &reg16);
 1990              		.loc 1 613 3 view .LVU552
 609:../../Middlewares/stm32-mw-camera/sensors/cmw_vd66gy.c ****   uint16_t reg16;
 1991              		.loc 1 609 1 is_stmt 0 view .LVU553
 1992 0000 13B5     		push	{r0, r1, r4, lr}
 1993              		.cfi_def_cfa_offset 16
 1994              		.cfi_offset 4, -8
 1995              		.cfi_offset 14, -4
 609:../../Middlewares/stm32-mw-camera/sensors/cmw_vd66gy.c ****   uint16_t reg16;
 1996              		.loc 1 609 1 view .LVU554
 1997 0002 0C46     		mov	r4, r1
 1998              		.loc 1 613 9 view .LVU555
 1999 0004 0DF10602 		add	r2, sp, #6
 2000 0008 0021     		movs	r1, #0
 2001              	.LVL193:
 2002              		.loc 1 613 9 view .LVU556
 2003 000a FFF7FEFF 		bl	CMW_VD66GY_Read16
 2004              	.LVL194:
 614:../../Middlewares/stm32-mw-camera/sensors/cmw_vd66gy.c ****   if (ret)
 2005              		.loc 1 614 3 is_stmt 1 view .LVU557
 2006              		.loc 1 614 6 is_stmt 0 view .LVU558
 2007 000e 10B9     		cbnz	r0, .L99
 615:../../Middlewares/stm32-mw-camera/sensors/cmw_vd66gy.c ****     return ret;
 616:../../Middlewares/stm32-mw-camera/sensors/cmw_vd66gy.c **** 
 617:../../Middlewares/stm32-mw-camera/sensors/cmw_vd66gy.c ****   *Id = reg16;
 2008              		.loc 1 617 3 is_stmt 1 view .LVU559
 2009              		.loc 1 617 7 is_stmt 0 view .LVU560
 2010 0010 BDF80630 		ldrh	r3, [sp, #6]
 2011 0014 2360     		str	r3, [r4]
 618:../../Middlewares/stm32-mw-camera/sensors/cmw_vd66gy.c **** 
 619:../../Middlewares/stm32-mw-camera/sensors/cmw_vd66gy.c ****   return CMW_ERROR_NONE;
 2012              		.loc 1 619 3 is_stmt 1 view .LVU561
 2013              	.L99:
 620:../../Middlewares/stm32-mw-camera/sensors/cmw_vd66gy.c **** }
 2014              		.loc 1 620 1 is_stmt 0 view .LVU562
 2015 0016 02B0     		add	sp, sp, #8
 2016              		.cfi_def_cfa_offset 8
 2017              		@ sp needed
 2018 0018 10BD     		pop	{r4, pc}
 2019              		.loc 1 620 1 view .LVU563
 2020              		.cfi_endproc
 2021              	.LFE1546:
 2023              		.section	.text.CMW_VD66GY_Probe,"ax",%progbits
 2024              		.align	1
 2025              		.global	CMW_VD66GY_Probe
 2026              		.syntax unified
 2027              		.thumb
 2028              		.thumb_func
ARM GAS  /tmp/ccQ5BsN4.s 			page 55


 2030              	CMW_VD66GY_Probe:
 2031              	.LVL195:
 2032              	.LFB1548:
 621:../../Middlewares/stm32-mw-camera/sensors/cmw_vd66gy.c **** 
 622:../../Middlewares/stm32-mw-camera/sensors/cmw_vd66gy.c **** static void CMW_VD66GY_PowerOn(CMW_VD66GY_t *io_ctx)
 623:../../Middlewares/stm32-mw-camera/sensors/cmw_vd66gy.c **** {
 624:../../Middlewares/stm32-mw-camera/sensors/cmw_vd66gy.c ****   /* Camera sensor Power-On sequence */
 625:../../Middlewares/stm32-mw-camera/sensors/cmw_vd66gy.c ****   /* Assert the camera  NRST pins */
 626:../../Middlewares/stm32-mw-camera/sensors/cmw_vd66gy.c ****   io_ctx->EnablePin(1);
 627:../../Middlewares/stm32-mw-camera/sensors/cmw_vd66gy.c ****   io_ctx->ShutdownPin(0);  /* Disable MB1723 2V8 signal  */
 628:../../Middlewares/stm32-mw-camera/sensors/cmw_vd66gy.c ****   HAL_Delay(200);   /* NRST signals asserted during 200ms */
 629:../../Middlewares/stm32-mw-camera/sensors/cmw_vd66gy.c ****   /* De-assert the camera STANDBY pin (active high) */
 630:../../Middlewares/stm32-mw-camera/sensors/cmw_vd66gy.c ****   io_ctx->ShutdownPin(1);  /* Disable MB1723 2V8 signal  */
 631:../../Middlewares/stm32-mw-camera/sensors/cmw_vd66gy.c ****   HAL_Delay(20);     /* NRST de-asserted during 20ms */
 632:../../Middlewares/stm32-mw-camera/sensors/cmw_vd66gy.c **** }
 633:../../Middlewares/stm32-mw-camera/sensors/cmw_vd66gy.c **** 
 634:../../Middlewares/stm32-mw-camera/sensors/cmw_vd66gy.c **** int CMW_VD66GY_Probe(CMW_VD66GY_t *io_ctx, CMW_Sensor_if_t *vd6g_if)
 635:../../Middlewares/stm32-mw-camera/sensors/cmw_vd66gy.c **** {
 2033              		.loc 1 635 1 is_stmt 1 view -0
 2034              		.cfi_startproc
 2035              		@ args = 0, pretend = 0, frame = 8
 2036              		@ frame_needed = 0, uses_anonymous_args = 0
 636:../../Middlewares/stm32-mw-camera/sensors/cmw_vd66gy.c ****   int ret = CMW_ERROR_NONE;
 2037              		.loc 1 636 3 view .LVU565
 637:../../Middlewares/stm32-mw-camera/sensors/cmw_vd66gy.c ****   uint32_t id;
 2038              		.loc 1 637 3 view .LVU566
 638:../../Middlewares/stm32-mw-camera/sensors/cmw_vd66gy.c **** 
 639:../../Middlewares/stm32-mw-camera/sensors/cmw_vd66gy.c ****   io_ctx->ctx_driver.shutdown_pin = VD6G_ShutdownPin;
 2039              		.loc 1 639 3 view .LVU567
 635:../../Middlewares/stm32-mw-camera/sensors/cmw_vd66gy.c ****   int ret = CMW_ERROR_NONE;
 2040              		.loc 1 635 1 is_stmt 0 view .LVU568
 2041 0000 37B5     		push	{r0, r1, r2, r4, r5, lr}
 2042              		.cfi_def_cfa_offset 24
 2043              		.cfi_offset 4, -12
 2044              		.cfi_offset 5, -8
 2045              		.cfi_offset 14, -4
 635:../../Middlewares/stm32-mw-camera/sensors/cmw_vd66gy.c ****   int ret = CMW_ERROR_NONE;
 2046              		.loc 1 635 1 view .LVU569
 2047 0002 0446     		mov	r4, r0
 2048              		.loc 1 639 35 view .LVU570
 2049 0004 2E4B     		ldr	r3, .L105
 635:../../Middlewares/stm32-mw-camera/sensors/cmw_vd66gy.c ****   int ret = CMW_ERROR_NONE;
 2050              		.loc 1 635 1 view .LVU571
 2051 0006 0D46     		mov	r5, r1
 2052              		.loc 1 639 35 view .LVU572
 2053 0008 4360     		str	r3, [r0, #4]
 640:../../Middlewares/stm32-mw-camera/sensors/cmw_vd66gy.c ****   io_ctx->ctx_driver.read8 = VD6G_Read8;
 2054              		.loc 1 640 3 is_stmt 1 view .LVU573
 2055              		.loc 1 640 28 is_stmt 0 view .LVU574
 2056 000a 2E4B     		ldr	r3, .L105+4
 2057 000c 8360     		str	r3, [r0, #8]
 641:../../Middlewares/stm32-mw-camera/sensors/cmw_vd66gy.c ****   io_ctx->ctx_driver.read16 = VD6G_Read16;
 2058              		.loc 1 641 3 is_stmt 1 view .LVU575
 2059              		.loc 1 641 29 is_stmt 0 view .LVU576
 2060 000e 2E4B     		ldr	r3, .L105+8
 2061 0010 C360     		str	r3, [r0, #12]
 642:../../Middlewares/stm32-mw-camera/sensors/cmw_vd66gy.c ****   io_ctx->ctx_driver.read32 = VD6G_Read32;
ARM GAS  /tmp/ccQ5BsN4.s 			page 56


 2062              		.loc 1 642 3 is_stmt 1 view .LVU577
 2063              		.loc 1 642 29 is_stmt 0 view .LVU578
 2064 0012 2E4B     		ldr	r3, .L105+12
 2065 0014 0361     		str	r3, [r0, #16]
 643:../../Middlewares/stm32-mw-camera/sensors/cmw_vd66gy.c ****   io_ctx->ctx_driver.write8 = VD6G_Write8;
 2066              		.loc 1 643 3 is_stmt 1 view .LVU579
 2067              		.loc 1 643 29 is_stmt 0 view .LVU580
 2068 0016 2E4B     		ldr	r3, .L105+16
 2069 0018 4361     		str	r3, [r0, #20]
 644:../../Middlewares/stm32-mw-camera/sensors/cmw_vd66gy.c ****   io_ctx->ctx_driver.write16 = VD6G_Write16;
 2070              		.loc 1 644 3 is_stmt 1 view .LVU581
 2071              		.loc 1 644 30 is_stmt 0 view .LVU582
 2072 001a 2E4B     		ldr	r3, .L105+20
 2073 001c 8361     		str	r3, [r0, #24]
 645:../../Middlewares/stm32-mw-camera/sensors/cmw_vd66gy.c ****   io_ctx->ctx_driver.write32 = VD6G_Write32;
 2074              		.loc 1 645 3 is_stmt 1 view .LVU583
 2075              		.loc 1 645 30 is_stmt 0 view .LVU584
 2076 001e 2E4B     		ldr	r3, .L105+24
 2077 0020 C361     		str	r3, [r0, #28]
 646:../../Middlewares/stm32-mw-camera/sensors/cmw_vd66gy.c ****   io_ctx->ctx_driver.write_array = VD6G_WriteArray;
 2078              		.loc 1 646 3 is_stmt 1 view .LVU585
 2079              		.loc 1 646 34 is_stmt 0 view .LVU586
 2080 0022 2E4B     		ldr	r3, .L105+28
 2081 0024 0362     		str	r3, [r0, #32]
 647:../../Middlewares/stm32-mw-camera/sensors/cmw_vd66gy.c ****   io_ctx->ctx_driver.delay = VD6G_Delay;
 2082              		.loc 1 647 3 is_stmt 1 view .LVU587
 2083              		.loc 1 647 28 is_stmt 0 view .LVU588
 2084 0026 2E4B     		ldr	r3, .L105+32
 2085 0028 4362     		str	r3, [r0, #36]
 648:../../Middlewares/stm32-mw-camera/sensors/cmw_vd66gy.c ****   io_ctx->ctx_driver.log = VD6G_Log;
 2086              		.loc 1 648 3 is_stmt 1 view .LVU589
 2087              		.loc 1 648 26 is_stmt 0 view .LVU590
 2088 002a 2E4B     		ldr	r3, .L105+36
 2089 002c 8362     		str	r3, [r0, #40]
 649:../../Middlewares/stm32-mw-camera/sensors/cmw_vd66gy.c **** 
 650:../../Middlewares/stm32-mw-camera/sensors/cmw_vd66gy.c ****   CMW_VD66GY_PowerOn(io_ctx);
 2090              		.loc 1 650 3 is_stmt 1 view .LVU591
 2091              	.LVL196:
 2092              	.LBB55:
 2093              	.LBI55:
 622:../../Middlewares/stm32-mw-camera/sensors/cmw_vd66gy.c **** {
 2094              		.loc 1 622 13 view .LVU592
 2095              	.LBB56:
 626:../../Middlewares/stm32-mw-camera/sensors/cmw_vd66gy.c ****   io_ctx->ShutdownPin(0);  /* Disable MB1723 2V8 signal  */
 2096              		.loc 1 626 3 view .LVU593
 2097 002e D0F84031 		ldr	r3, [r0, #320]
 2098 0032 0120     		movs	r0, #1
 2099              	.LVL197:
 626:../../Middlewares/stm32-mw-camera/sensors/cmw_vd66gy.c ****   io_ctx->ShutdownPin(0);  /* Disable MB1723 2V8 signal  */
 2100              		.loc 1 626 3 is_stmt 0 view .LVU594
 2101 0034 9847     		blx	r3
 2102              	.LVL198:
 627:../../Middlewares/stm32-mw-camera/sensors/cmw_vd66gy.c ****   HAL_Delay(200);   /* NRST signals asserted during 200ms */
 2103              		.loc 1 627 3 is_stmt 1 view .LVU595
 2104 0036 D4F83C31 		ldr	r3, [r4, #316]
 2105 003a 0020     		movs	r0, #0
 2106 003c 9847     		blx	r3
ARM GAS  /tmp/ccQ5BsN4.s 			page 57


 2107              	.LVL199:
 628:../../Middlewares/stm32-mw-camera/sensors/cmw_vd66gy.c ****   /* De-assert the camera STANDBY pin (active high) */
 2108              		.loc 1 628 3 view .LVU596
 2109 003e C820     		movs	r0, #200
 2110 0040 FFF7FEFF 		bl	HAL_Delay
 2111              	.LVL200:
 630:../../Middlewares/stm32-mw-camera/sensors/cmw_vd66gy.c ****   HAL_Delay(20);     /* NRST de-asserted during 20ms */
 2112              		.loc 1 630 3 view .LVU597
 2113 0044 0120     		movs	r0, #1
 2114 0046 D4F83C31 		ldr	r3, [r4, #316]
 2115 004a 9847     		blx	r3
 2116              	.LVL201:
 631:../../Middlewares/stm32-mw-camera/sensors/cmw_vd66gy.c **** }
 2117              		.loc 1 631 3 view .LVU598
 2118 004c 1420     		movs	r0, #20
 2119 004e FFF7FEFF 		bl	HAL_Delay
 2120              	.LVL202:
 631:../../Middlewares/stm32-mw-camera/sensors/cmw_vd66gy.c **** }
 2121              		.loc 1 631 3 is_stmt 0 view .LVU599
 2122              	.LBE56:
 2123              	.LBE55:
 651:../../Middlewares/stm32-mw-camera/sensors/cmw_vd66gy.c **** 
 652:../../Middlewares/stm32-mw-camera/sensors/cmw_vd66gy.c ****   ret = VD66GY_RegisterBusIO(io_ctx);
 2124              		.loc 1 652 3 is_stmt 1 view .LVU600
 2125              		.loc 1 652 9 is_stmt 0 view .LVU601
 2126 0052 2046     		mov	r0, r4
 2127 0054 FFF7FEFF 		bl	VD66GY_RegisterBusIO
 2128              	.LVL203:
 653:../../Middlewares/stm32-mw-camera/sensors/cmw_vd66gy.c ****   if (ret != CMW_ERROR_NONE)
 2129              		.loc 1 653 3 is_stmt 1 view .LVU602
 2130              		.loc 1 653 6 is_stmt 0 view .LVU603
 2131 0058 20B1     		cbz	r0, .L102
 2132              	.LVL204:
 2133              	.L104:
 654:../../Middlewares/stm32-mw-camera/sensors/cmw_vd66gy.c ****   {
 655:../../Middlewares/stm32-mw-camera/sensors/cmw_vd66gy.c ****     return CMW_ERROR_COMPONENT_FAILURE;
 2134              		.loc 1 655 12 view .LVU604
 2135 005a 6FF00404 		mvn	r4, #4
 2136              	.LVL205:
 2137              	.L101:
 656:../../Middlewares/stm32-mw-camera/sensors/cmw_vd66gy.c ****   }
 657:../../Middlewares/stm32-mw-camera/sensors/cmw_vd66gy.c **** 
 658:../../Middlewares/stm32-mw-camera/sensors/cmw_vd66gy.c ****   ret = VD66GY_ReadID(io_ctx, &id);
 659:../../Middlewares/stm32-mw-camera/sensors/cmw_vd66gy.c ****   if (ret != CMW_ERROR_NONE)
 660:../../Middlewares/stm32-mw-camera/sensors/cmw_vd66gy.c ****   {
 661:../../Middlewares/stm32-mw-camera/sensors/cmw_vd66gy.c ****     return CMW_ERROR_COMPONENT_FAILURE;
 662:../../Middlewares/stm32-mw-camera/sensors/cmw_vd66gy.c ****   }
 663:../../Middlewares/stm32-mw-camera/sensors/cmw_vd66gy.c ****   if (id != VD66GY_CHIP_ID)
 664:../../Middlewares/stm32-mw-camera/sensors/cmw_vd66gy.c ****   {
 665:../../Middlewares/stm32-mw-camera/sensors/cmw_vd66gy.c ****     return CMW_ERROR_COMPONENT_FAILURE;
 666:../../Middlewares/stm32-mw-camera/sensors/cmw_vd66gy.c ****   }
 667:../../Middlewares/stm32-mw-camera/sensors/cmw_vd66gy.c **** 
 668:../../Middlewares/stm32-mw-camera/sensors/cmw_vd66gy.c ****   memset(vd6g_if, 0, sizeof(*vd6g_if));
 669:../../Middlewares/stm32-mw-camera/sensors/cmw_vd66gy.c ****   vd6g_if->Init = CMW_VD66GY_Init;
 670:../../Middlewares/stm32-mw-camera/sensors/cmw_vd66gy.c ****   vd6g_if->DeInit = CMW_VD66GY_DeInit;
 671:../../Middlewares/stm32-mw-camera/sensors/cmw_vd66gy.c ****   vd6g_if->Run = CMW_VD66GY_Run;
 672:../../Middlewares/stm32-mw-camera/sensors/cmw_vd66gy.c ****   vd6g_if->VsyncEventCallback = CMW_VD66GY_VsyncEventCallback;
ARM GAS  /tmp/ccQ5BsN4.s 			page 58


 673:../../Middlewares/stm32-mw-camera/sensors/cmw_vd66gy.c ****   vd6g_if->FrameEventCallback = CMW_VD66GY_FrameEventCallback;
 674:../../Middlewares/stm32-mw-camera/sensors/cmw_vd66gy.c ****   vd6g_if->Start = CMW_VD66GY_Start;
 675:../../Middlewares/stm32-mw-camera/sensors/cmw_vd66gy.c ****   vd6g_if->Stop = CMW_VD66GY_Stop;
 676:../../Middlewares/stm32-mw-camera/sensors/cmw_vd66gy.c ****   vd6g_if->SetGain = CMW_VD66GY_SetGain;
 677:../../Middlewares/stm32-mw-camera/sensors/cmw_vd66gy.c ****   vd6g_if->SetExposure = CMW_VD66GY_SetExposure;
 678:../../Middlewares/stm32-mw-camera/sensors/cmw_vd66gy.c ****   vd6g_if->SetExposureMode = CMW_VD66GY_SetExposureMode;
 679:../../Middlewares/stm32-mw-camera/sensors/cmw_vd66gy.c ****   vd6g_if->SetWBRefMode = CMW_VD66GY_SetWBRefMode;
 680:../../Middlewares/stm32-mw-camera/sensors/cmw_vd66gy.c ****   vd6g_if->ListWBRefModes = CMW_VD66GY_ListWBRefModes;
 681:../../Middlewares/stm32-mw-camera/sensors/cmw_vd66gy.c ****   vd6g_if->GetSensorInfo = CMW_VD66GY_GetSensorInfo;
 682:../../Middlewares/stm32-mw-camera/sensors/cmw_vd66gy.c ****   return ret;
 683:../../Middlewares/stm32-mw-camera/sensors/cmw_vd66gy.c **** }
 2138              		.loc 1 683 1 view .LVU605
 2139 005e 2046     		mov	r0, r4
 2140 0060 03B0     		add	sp, sp, #12
 2141              		.cfi_remember_state
 2142              		.cfi_def_cfa_offset 12
 2143              		@ sp needed
 2144 0062 30BD     		pop	{r4, r5, pc}
 2145              	.LVL206:
 2146              	.L102:
 2147              		.cfi_restore_state
 658:../../Middlewares/stm32-mw-camera/sensors/cmw_vd66gy.c ****   if (ret != CMW_ERROR_NONE)
 2148              		.loc 1 658 3 is_stmt 1 view .LVU606
 658:../../Middlewares/stm32-mw-camera/sensors/cmw_vd66gy.c ****   if (ret != CMW_ERROR_NONE)
 2149              		.loc 1 658 9 is_stmt 0 view .LVU607
 2150 0064 2046     		mov	r0, r4
 2151              	.LVL207:
 658:../../Middlewares/stm32-mw-camera/sensors/cmw_vd66gy.c ****   if (ret != CMW_ERROR_NONE)
 2152              		.loc 1 658 9 view .LVU608
 2153 0066 01A9     		add	r1, sp, #4
 2154 0068 FFF7FEFF 		bl	VD66GY_ReadID
 2155              	.LVL208:
 659:../../Middlewares/stm32-mw-camera/sensors/cmw_vd66gy.c ****   {
 2156              		.loc 1 659 3 is_stmt 1 view .LVU609
 659:../../Middlewares/stm32-mw-camera/sensors/cmw_vd66gy.c ****   {
 2157              		.loc 1 659 6 is_stmt 0 view .LVU610
 2158 006c 0446     		mov	r4, r0
 2159              	.LVL209:
 659:../../Middlewares/stm32-mw-camera/sensors/cmw_vd66gy.c ****   {
 2160              		.loc 1 659 6 view .LVU611
 2161 006e 0028     		cmp	r0, #0
 2162 0070 F3D1     		bne	.L104
 663:../../Middlewares/stm32-mw-camera/sensors/cmw_vd66gy.c ****   {
 2163              		.loc 1 663 3 is_stmt 1 view .LVU612
 663:../../Middlewares/stm32-mw-camera/sensors/cmw_vd66gy.c ****   {
 2164              		.loc 1 663 6 is_stmt 0 view .LVU613
 2165 0072 45F20363 		movw	r3, #22019
 2166 0076 019A     		ldr	r2, [sp, #4]
 2167 0078 9A42     		cmp	r2, r3
 2168 007a EED1     		bne	.L104
 668:../../Middlewares/stm32-mw-camera/sensors/cmw_vd66gy.c ****   vd6g_if->Init = CMW_VD66GY_Init;
 2169              		.loc 1 668 3 is_stmt 1 view .LVU614
 2170 007c 0146     		mov	r1, r0
 2171 007e 5022     		movs	r2, #80
 2172 0080 05F11C00 		add	r0, r5, #28
 2173              	.LVL210:
 668:../../Middlewares/stm32-mw-camera/sensors/cmw_vd66gy.c ****   vd6g_if->Init = CMW_VD66GY_Init;
ARM GAS  /tmp/ccQ5BsN4.s 			page 59


 2174              		.loc 1 668 3 is_stmt 0 view .LVU615
 2175 0084 FFF7FEFF 		bl	memset
 2176              	.LVL211:
 669:../../Middlewares/stm32-mw-camera/sensors/cmw_vd66gy.c ****   vd6g_if->DeInit = CMW_VD66GY_DeInit;
 2177              		.loc 1 669 3 is_stmt 1 view .LVU616
 669:../../Middlewares/stm32-mw-camera/sensors/cmw_vd66gy.c ****   vd6g_if->DeInit = CMW_VD66GY_DeInit;
 2178              		.loc 1 669 17 is_stmt 0 view .LVU617
 2179 0088 174B     		ldr	r3, .L105+40
 2180 008a 2B60     		str	r3, [r5]
 670:../../Middlewares/stm32-mw-camera/sensors/cmw_vd66gy.c ****   vd6g_if->Run = CMW_VD66GY_Run;
 2181              		.loc 1 670 3 is_stmt 1 view .LVU618
 670:../../Middlewares/stm32-mw-camera/sensors/cmw_vd66gy.c ****   vd6g_if->Run = CMW_VD66GY_Run;
 2182              		.loc 1 670 19 is_stmt 0 view .LVU619
 2183 008c 174B     		ldr	r3, .L105+44
 2184 008e 6B60     		str	r3, [r5, #4]
 671:../../Middlewares/stm32-mw-camera/sensors/cmw_vd66gy.c ****   vd6g_if->VsyncEventCallback = CMW_VD66GY_VsyncEventCallback;
 2185              		.loc 1 671 3 is_stmt 1 view .LVU620
 671:../../Middlewares/stm32-mw-camera/sensors/cmw_vd66gy.c ****   vd6g_if->VsyncEventCallback = CMW_VD66GY_VsyncEventCallback;
 2186              		.loc 1 671 16 is_stmt 0 view .LVU621
 2187 0090 174B     		ldr	r3, .L105+48
 2188 0092 EB60     		str	r3, [r5, #12]
 672:../../Middlewares/stm32-mw-camera/sensors/cmw_vd66gy.c ****   vd6g_if->FrameEventCallback = CMW_VD66GY_FrameEventCallback;
 2189              		.loc 1 672 3 is_stmt 1 view .LVU622
 672:../../Middlewares/stm32-mw-camera/sensors/cmw_vd66gy.c ****   vd6g_if->FrameEventCallback = CMW_VD66GY_FrameEventCallback;
 2190              		.loc 1 672 31 is_stmt 0 view .LVU623
 2191 0094 174B     		ldr	r3, .L105+52
 2192 0096 2B61     		str	r3, [r5, #16]
 673:../../Middlewares/stm32-mw-camera/sensors/cmw_vd66gy.c ****   vd6g_if->Start = CMW_VD66GY_Start;
 2193              		.loc 1 673 3 is_stmt 1 view .LVU624
 673:../../Middlewares/stm32-mw-camera/sensors/cmw_vd66gy.c ****   vd6g_if->Start = CMW_VD66GY_Start;
 2194              		.loc 1 673 31 is_stmt 0 view .LVU625
 2195 0098 174B     		ldr	r3, .L105+56
 2196 009a 6B61     		str	r3, [r5, #20]
 674:../../Middlewares/stm32-mw-camera/sensors/cmw_vd66gy.c ****   vd6g_if->Stop = CMW_VD66GY_Stop;
 2197              		.loc 1 674 3 is_stmt 1 view .LVU626
 674:../../Middlewares/stm32-mw-camera/sensors/cmw_vd66gy.c ****   vd6g_if->Stop = CMW_VD66GY_Stop;
 2198              		.loc 1 674 18 is_stmt 0 view .LVU627
 2199 009c 174B     		ldr	r3, .L105+60
 2200 009e AB60     		str	r3, [r5, #8]
 675:../../Middlewares/stm32-mw-camera/sensors/cmw_vd66gy.c ****   vd6g_if->SetGain = CMW_VD66GY_SetGain;
 2201              		.loc 1 675 3 is_stmt 1 view .LVU628
 675:../../Middlewares/stm32-mw-camera/sensors/cmw_vd66gy.c ****   vd6g_if->SetGain = CMW_VD66GY_SetGain;
 2202              		.loc 1 675 17 is_stmt 0 view .LVU629
 2203 00a0 174B     		ldr	r3, .L105+64
 2204 00a2 AB61     		str	r3, [r5, #24]
 676:../../Middlewares/stm32-mw-camera/sensors/cmw_vd66gy.c ****   vd6g_if->SetExposure = CMW_VD66GY_SetExposure;
 2205              		.loc 1 676 3 is_stmt 1 view .LVU630
 676:../../Middlewares/stm32-mw-camera/sensors/cmw_vd66gy.c ****   vd6g_if->SetExposure = CMW_VD66GY_SetExposure;
 2206              		.loc 1 676 20 is_stmt 0 view .LVU631
 2207 00a4 174B     		ldr	r3, .L105+68
 2208 00a6 AB64     		str	r3, [r5, #72]
 677:../../Middlewares/stm32-mw-camera/sensors/cmw_vd66gy.c ****   vd6g_if->SetExposureMode = CMW_VD66GY_SetExposureMode;
 2209              		.loc 1 677 3 is_stmt 1 view .LVU632
 677:../../Middlewares/stm32-mw-camera/sensors/cmw_vd66gy.c ****   vd6g_if->SetExposureMode = CMW_VD66GY_SetExposureMode;
 2210              		.loc 1 677 24 is_stmt 0 view .LVU633
 2211 00a8 174B     		ldr	r3, .L105+72
 2212 00aa EB64     		str	r3, [r5, #76]
ARM GAS  /tmp/ccQ5BsN4.s 			page 60


 678:../../Middlewares/stm32-mw-camera/sensors/cmw_vd66gy.c ****   vd6g_if->SetWBRefMode = CMW_VD66GY_SetWBRefMode;
 2213              		.loc 1 678 3 is_stmt 1 view .LVU634
 678:../../Middlewares/stm32-mw-camera/sensors/cmw_vd66gy.c ****   vd6g_if->SetWBRefMode = CMW_VD66GY_SetWBRefMode;
 2214              		.loc 1 678 28 is_stmt 0 view .LVU635
 2215 00ac 174B     		ldr	r3, .L105+76
 2216 00ae 2B65     		str	r3, [r5, #80]
 679:../../Middlewares/stm32-mw-camera/sensors/cmw_vd66gy.c ****   vd6g_if->ListWBRefModes = CMW_VD66GY_ListWBRefModes;
 2217              		.loc 1 679 3 is_stmt 1 view .LVU636
 679:../../Middlewares/stm32-mw-camera/sensors/cmw_vd66gy.c ****   vd6g_if->ListWBRefModes = CMW_VD66GY_ListWBRefModes;
 2218              		.loc 1 679 25 is_stmt 0 view .LVU637
 2219 00b0 174B     		ldr	r3, .L105+80
 2220 00b2 6B65     		str	r3, [r5, #84]
 680:../../Middlewares/stm32-mw-camera/sensors/cmw_vd66gy.c ****   vd6g_if->GetSensorInfo = CMW_VD66GY_GetSensorInfo;
 2221              		.loc 1 680 3 is_stmt 1 view .LVU638
 680:../../Middlewares/stm32-mw-camera/sensors/cmw_vd66gy.c ****   vd6g_if->GetSensorInfo = CMW_VD66GY_GetSensorInfo;
 2222              		.loc 1 680 27 is_stmt 0 view .LVU639
 2223 00b4 174B     		ldr	r3, .L105+84
 2224 00b6 AB65     		str	r3, [r5, #88]
 681:../../Middlewares/stm32-mw-camera/sensors/cmw_vd66gy.c ****   return ret;
 2225              		.loc 1 681 3 is_stmt 1 view .LVU640
 681:../../Middlewares/stm32-mw-camera/sensors/cmw_vd66gy.c ****   return ret;
 2226              		.loc 1 681 26 is_stmt 0 view .LVU641
 2227 00b8 174B     		ldr	r3, .L105+88
 2228 00ba 2B66     		str	r3, [r5, #96]
 682:../../Middlewares/stm32-mw-camera/sensors/cmw_vd66gy.c **** }
 2229              		.loc 1 682 3 is_stmt 1 view .LVU642
 682:../../Middlewares/stm32-mw-camera/sensors/cmw_vd66gy.c **** }
 2230              		.loc 1 682 10 is_stmt 0 view .LVU643
 2231 00bc CFE7     		b	.L101
 2232              	.L106:
 2233 00be 00BF     		.align	2
 2234              	.L105:
 2235 00c0 00000000 		.word	VD6G_ShutdownPin
 2236 00c4 00000000 		.word	VD6G_Read8
 2237 00c8 00000000 		.word	VD6G_Read16
 2238 00cc 00000000 		.word	VD6G_Read32
 2239 00d0 00000000 		.word	VD6G_Write8
 2240 00d4 00000000 		.word	VD6G_Write16
 2241 00d8 00000000 		.word	VD6G_Write32
 2242 00dc 00000000 		.word	VD6G_WriteArray
 2243 00e0 00000000 		.word	VD6G_Delay
 2244 00e4 00000000 		.word	VD6G_Log
 2245 00e8 00000000 		.word	CMW_VD66GY_Init
 2246 00ec 00000000 		.word	CMW_VD66GY_DeInit
 2247 00f0 00000000 		.word	CMW_VD66GY_Run
 2248 00f4 00000000 		.word	CMW_VD66GY_VsyncEventCallback
 2249 00f8 00000000 		.word	CMW_VD66GY_FrameEventCallback
 2250 00fc 00000000 		.word	CMW_VD66GY_Start
 2251 0100 00000000 		.word	CMW_VD66GY_Stop
 2252 0104 00000000 		.word	CMW_VD66GY_SetGain
 2253 0108 00000000 		.word	CMW_VD66GY_SetExposure
 2254 010c 00000000 		.word	CMW_VD66GY_SetExposureMode
 2255 0110 00000000 		.word	CMW_VD66GY_SetWBRefMode
 2256 0114 00000000 		.word	CMW_VD66GY_ListWBRefModes
 2257 0118 00000000 		.word	CMW_VD66GY_GetSensorInfo
 2258              		.cfi_endproc
 2259              	.LFE1548:
ARM GAS  /tmp/ccQ5BsN4.s 			page 61


 2261              		.section	.rodata.__func__.0,"a"
 2264              	__func__.0:
 2265 0000 434D575F 		.ascii	"CMW_VD66GY_SetDefaultSensorValues\000"
 2265      56443636 
 2265      47595F53 
 2265      65744465 
 2265      6661756C 
 2266              		.section	.rodata.ISP_IQParamCacheInit_VD66GY,"a"
 2267              		.align	2
 2270              	ISP_IQParamCacheInit_VD66GY:
 2271 0000 00       		.byte	0
 2272 0001 000000   		.space	3
 2273 0004 00000000 		.word	0
 2274 0008 00000000 		.word	0
 2275 000c 01       		.byte	1
 2276 000d 01       		.byte	1
 2277 000e 02       		.byte	2
 2278 000f 04       		.byte	4
 2279 0010 04       		.byte	4
 2280 0011 06       		.byte	6
 2281 0012 0000     		.space	2
 2282 0014 00       		.byte	0
 2283 0015 000000   		.space	3
 2284 0018 00000000 		.word	0
 2285 001c 00000000 		.word	0
 2286 0020 00000000 		.word	0
 2287 0024 00000000 		.word	0
 2288 0028 00000000 		.word	0
 2289 002c 00000000 		.word	0
 2290 0030 00000000 		.word	0
 2291 0034 00000000 		.word	0
 2292 0038 00000000 		.word	0
 2293 003c 8C000000 		.word	140
 2294 0040 55010000 		.word	341
 2295 0044 48030000 		.word	840
 2296 0048 AA020000 		.word	682
 2297 004c 00000000 		.word	0
 2298 0050 00000000 		.word	0
 2299 0054 00       		.byte	0
 2300 0055 000000   		.space	3
 2301 0058 00000000 		.word	0
 2302 005c 00       		.byte	0
 2303 005d 00       		.byte	0
 2304 005e 00000000 		.space	6
 2304      0000
 2305 0064 01       		.byte	1
 2306 0065 10       		.byte	16
 2307 0066 10       		.byte	16
 2308 0067 10       		.byte	16
 2309 0068 00       		.byte	0
 2310 0069 00       		.byte	0
 2311 006a 00000000 		.space	6
 2311      0000
 2312 0070 00       		.byte	0
 2313 0071 000000   		.space	3
 2314 0074 01       		.byte	1
 2315 0075 4A756467 		.ascii	"JudgeII-A\000"
ARM GAS  /tmp/ccQ5BsN4.s 			page 62


 2315      6549492D 
 2315      4100
 2316 007f 00000000 		.space	22
 2316      00000000 
 2316      00000000 
 2316      00000000 
 2316      00000000 
 2317 0095 4A756467 		.ascii	"JudgeII-TL84\000"
 2317      6549492D 
 2317      544C3834 
 2317      00
 2318 00a2 00000000 		.space	19
 2318      00000000 
 2318      00000000 
 2318      00000000 
 2318      000000
 2319 00b5 4A756467 		.ascii	"JudgeII-DAY\000"
 2319      6549492D 
 2319      44415900 
 2320 00c1 00000000 		.space	20
 2320      00000000 
 2320      00000000 
 2320      00000000 
 2320      00000000 
 2321 00d5 00       		.ascii	"\000"
 2322 00d6 00000000 		.space	31
 2322      00000000 
 2322      00000000 
 2322      00000000 
 2322      00000000 
 2323 00f5 00       		.ascii	"\000"
 2324 00f6 00000000 		.space	31
 2324      00000000 
 2324      00000000 
 2324      00000000 
 2324      00000000 
 2325 0115 000000   		.space	3
 2326 0118 BE0A0000 		.word	2750
 2327 011c 36100000 		.word	4150
 2328 0120 5E1A0000 		.word	6750
 2329 0124 00000000 		.word	0
 2330 0128 00000000 		.word	0
 2331 012c C095A905 		.word	95000000
 2332 0130 4047F906 		.word	117000000
 2333 0134 005F4C09 		.word	156000000
 2334 0138 00000000 		.word	0
 2335 013c 00000000 		.word	0
 2336 0140 00E1F505 		.word	100000000
 2337 0144 00E1F505 		.word	100000000
 2338 0148 00E1F505 		.word	100000000
 2339 014c 00000000 		.word	0
 2340 0150 00000000 		.word	0
 2341 0154 80972F0E 		.word	238000000
 2342 0158 40E9430B 		.word	189000000
 2343 015c 80D1F008 		.word	150000000
 2344 0160 00000000 		.word	0
 2345 0164 00000000 		.word	0
ARM GAS  /tmp/ccQ5BsN4.s 			page 63


 2346 0168 1FC3FB07 		.word	133939999
 2347 016c E0C0C4FE 		.word	-20660000
 2348 0170 80B422FE 		.word	-31280000
 2349 0174 30D8BDFD 		.word	-37890000
 2350 0178 80EFEB08 		.word	149680000
 2351 017c 618670FE 		.word	-26179999
 2352 0180 C0201F00 		.word	2040000
 2353 0184 404EAEFA 		.word	-89240000
 2354 0188 70DB380D 		.word	221830000
 2355 018c 006BCD08 		.word	147680000
 2356 0190 7021B7FD 		.word	-38330000
 2357 0194 800040FE 		.word	-29360000
 2358 0198 00C498FD 		.word	-40320000
 2359 019c 90EFB308 		.word	146010000
 2360 01a0 C0DF20FE 		.word	-31400000
 2361 01a4 E0C81000 		.word	1100000
 2362 01a8 408D59FC 		.word	-61240000
 2363 01ac 70156B0A 		.word	174790000
 2364 01b0 90EFB308 		.word	146010000
 2365 01b4 80A2A8FD 		.word	-39280000
 2366 01b8 207629FF 		.word	-14060000
 2367 01bc D0D367FE 		.word	-26750000
 2368 01c0 10D01609 		.word	152490000
 2369 01c4 403277FD 		.word	-42520000
 2370 01c8 40B31100 		.word	1160000
 2371 01cc B082B2FC 		.word	-55410000
 2372 01d0 70E49308 		.word	143910000
 2373 01d4 00000000 		.word	0
 2374 01d8 00000000 		.word	0
 2375 01dc 00000000 		.word	0
 2376 01e0 00000000 		.word	0
 2377 01e4 00000000 		.word	0
 2378 01e8 00000000 		.word	0
 2379 01ec 00000000 		.word	0
 2380 01f0 00000000 		.word	0
 2381 01f4 00000000 		.word	0
 2382 01f8 00000000 		.word	0
 2383 01fc 00000000 		.word	0
 2384 0200 00000000 		.word	0
 2385 0204 00000000 		.word	0
 2386 0208 00000000 		.word	0
 2387 020c 00000000 		.word	0
 2388 0210 00000000 		.word	0
 2389 0214 00000000 		.word	0
 2390 0218 00000000 		.word	0
 2391 021c 50411E   		.ascii	"PA\036"
 2392 021f 454626   		.ascii	"EF&"
 2393 0222 36462D   		.ascii	"6F-"
 2394 0225 000000   		.ascii	"\000\000\000"
 2395 0228 000000   		.ascii	"\000\000\000"
 2396 022b 00       		.space	1
 2397 022c 00       		.byte	0
 2398 022d 000000   		.space	3
 2399 0230 00000000 		.word	0
 2400 0234 00000000 		.word	0
 2401 0238 00000000 		.word	0
 2402 023c 00       		.byte	0
ARM GAS  /tmp/ccQ5BsN4.s 			page 64


 2403 023d 000000   		.space	3
 2404 0240 00000000 		.word	0
 2405 0244 00000000 		.word	0
 2406 0248 00000000 		.word	0
 2407 024c 00000000 		.word	0
 2408 0250 00000000 		.word	0
 2409 0254 00000000 		.word	0
 2410 0258 00000000 		.word	0
 2411 025c 00000000 		.word	0
 2412 0260 00000000 		.word	0
 2413 0264 01       		.byte	1
 2414 0265 04       		.byte	4
 2415 0266 0000     		.space	2
 2416 0268 78050000 		.word	1400
 2417 026c D0070000 		.word	2000
 2418 0270 2A       		.byte	42
 2419 0271 000000   		.space	3
 2420 0274 204E0000 		.word	20000
 2421 0278 C8       		.byte	-56
 2422 0279 000000   		.space	3
 2423 027c 2C010000 		.word	300
 2424 0280 88130000 		.word	5000
 2425 0284 14       		.byte	20
 2426 0285 000000   		.space	3
 2427 0288 83740000 		.word	29827
 2428 028c 6F       		.byte	111
 2429 028d 000000   		.space	3
 2430 0290 91ED3C3F 		.word	1060957585
 2431              		.text
 2432              	.Letext0:
 2433              		.file 2 "/home/min/snap/code/235/.local/share/stm32cube/bundles/gnu-tools-for-stm32/14.3.1+st.2/ar
 2434              		.file 3 "/home/min/snap/code/235/.local/share/stm32cube/bundles/gnu-tools-for-stm32/14.3.1+st.2/ar
 2435              		.file 4 "../../STM32Cube_FW_N6/Drivers/CMSIS/Device/ST/STM32N6xx/Include/stm32n657xx.h"
 2436              		.file 5 "../../STM32Cube_FW_N6/Drivers/STM32N6xx_HAL_Driver/Inc/stm32n6xx_hal_dcmipp.h"
 2437              		.file 6 "/home/min/snap/code/235/.local/share/stm32cube/bundles/gnu-tools-for-stm32/14.3.1+st.2/li
 2438              		.file 7 "/home/min/snap/code/235/.local/share/stm32cube/bundles/gnu-tools-for-stm32/14.3.1+st.2/ar
 2439              		.file 8 "../../Middlewares/stm32-mw-camera/ISP_Library/isp/Inc/isp_core.h"
 2440              		.file 9 "../../Middlewares/stm32-mw-camera/sensors/cmw_sensors_if.h"
 2441              		.file 10 "../../Middlewares/stm32-mw-camera/sensors/vd6g/vd6g.h"
 2442              		.file 11 "../../Middlewares/stm32-mw-camera/cmw_camera.h"
 2443              		.file 12 "../../Middlewares/stm32-mw-camera/sensors/cmw_vd66gy.h"
 2444              		.file 13 "Inc/imx335_isp_param_conf.h"
 2445              		.file 14 "Inc/vd66gy_isp_param_conf.h"
 2446              		.file 15 "Inc/vd1943_isp_param_conf.h"
 2447              		.file 16 "../../Middlewares/stm32-mw-camera/ISP_Library/isp/Inc/isp_api.h"
 2448              		.file 17 "../../STM32Cube_FW_N6/Drivers/STM32N6xx_HAL_Driver/Inc/stm32n6xx_hal.h"
 2449              		.file 18 "/home/min/snap/code/235/.local/share/stm32cube/bundles/gnu-tools-for-stm32/14.3.1+st.2/a
 2450              		.file 19 "/home/min/snap/code/235/.local/share/stm32cube/bundles/gnu-tools-for-stm32/14.3.1+st.2/a
 2451              		.file 20 "/home/min/snap/code/235/.local/share/stm32cube/bundles/gnu-tools-for-stm32/14.3.1+st.2/a
 2452              		.file 21 "Inc/isp_param_conf.h"
 2453              		.file 22 "<built-in>"
ARM GAS  /tmp/ccQ5BsN4.s 			page 65


DEFINED SYMBOLS
                            *ABS*:00000000 cmw_vd66gy.c
     /tmp/ccQ5BsN4.s:26     .text.CMW_VD66GY_Read16:00000000 $t
     /tmp/ccQ5BsN4.s:31     .text.CMW_VD66GY_Read16:00000000 CMW_VD66GY_Read16
     /tmp/ccQ5BsN4.s:80     .text.VD6G_ShutdownPin:00000000 $t
     /tmp/ccQ5BsN4.s:85     .text.VD6G_ShutdownPin:00000000 VD6G_ShutdownPin
     /tmp/ccQ5BsN4.s:106    .text.VD6G_Read8:00000000 $t
     /tmp/ccQ5BsN4.s:111    .text.VD6G_Read8:00000000 VD6G_Read8
     /tmp/ccQ5BsN4.s:157    .text.VD6G_Read16:00000000 $t
     /tmp/ccQ5BsN4.s:162    .text.VD6G_Read16:00000000 VD6G_Read16
     /tmp/ccQ5BsN4.s:183    .text.VD6G_Read32:00000000 $t
     /tmp/ccQ5BsN4.s:188    .text.VD6G_Read32:00000000 VD6G_Read32
     /tmp/ccQ5BsN4.s:252    .text.VD6G_Write8:00000000 $t
     /tmp/ccQ5BsN4.s:257    .text.VD6G_Write8:00000000 VD6G_Write8
     /tmp/ccQ5BsN4.s:305    .text.VD6G_Write16:00000000 $t
     /tmp/ccQ5BsN4.s:310    .text.VD6G_Write16:00000000 VD6G_Write16
     /tmp/ccQ5BsN4.s:358    .text.VD6G_Write32:00000000 $t
     /tmp/ccQ5BsN4.s:363    .text.VD6G_Write32:00000000 VD6G_Write32
     /tmp/ccQ5BsN4.s:416    .text.VD6G_WriteArray:00000000 $t
     /tmp/ccQ5BsN4.s:421    .text.VD6G_WriteArray:00000000 VD6G_WriteArray
     /tmp/ccQ5BsN4.s:502    .text.VD6G_Delay:00000000 $t
     /tmp/ccQ5BsN4.s:507    .text.VD6G_Delay:00000000 VD6G_Delay
     /tmp/ccQ5BsN4.s:528    .text.VD6G_Log:00000000 $t
     /tmp/ccQ5BsN4.s:533    .text.VD6G_Log:00000000 VD6G_Log
     /tmp/ccQ5BsN4.s:547    .text.CMW_VD66GY_FrameEventCallback:00000000 $t
     /tmp/ccQ5BsN4.s:552    .text.CMW_VD66GY_FrameEventCallback:00000000 CMW_VD66GY_FrameEventCallback
     /tmp/ccQ5BsN4.s:566    .text.CMW_VD66GY_SetGain:00000000 $t
     /tmp/ccQ5BsN4.s:572    .text.CMW_VD66GY_SetGain:00000000 CMW_VD66GY_SetGain
     /tmp/ccQ5BsN4.s:866    .text.CMW_VD66GY_SetGain:000001d0 $d
     /tmp/ccQ5BsN4.s:877    .text.CMW_VD66GY_SetExposure:00000000 $t
     /tmp/ccQ5BsN4.s:883    .text.CMW_VD66GY_SetExposure:00000000 CMW_VD66GY_SetExposure
     /tmp/ccQ5BsN4.s:903    .text.CMW_VD66GY_SetExposureMode:00000000 $t
     /tmp/ccQ5BsN4.s:909    .text.CMW_VD66GY_SetExposureMode:00000000 CMW_VD66GY_SetExposureMode
     /tmp/ccQ5BsN4.s:953    .text.CMW_VD66GY_SetWBRefMode:00000000 $t
     /tmp/ccQ5BsN4.s:959    .text.CMW_VD66GY_SetWBRefMode:00000000 CMW_VD66GY_SetWBRefMode
     /tmp/ccQ5BsN4.s:993    .text.CMW_VD66GY_ListWBRefModes:00000000 $t
     /tmp/ccQ5BsN4.s:999    .text.CMW_VD66GY_ListWBRefModes:00000000 CMW_VD66GY_ListWBRefModes
     /tmp/ccQ5BsN4.s:1036   .text.CMW_VD66GY_GetSensorInfo:00000000 $t
     /tmp/ccQ5BsN4.s:1042   .text.CMW_VD66GY_GetSensorInfo:00000000 CMW_VD66GY_GetSensorInfo
     /tmp/ccQ5BsN4.s:1286   .text.CMW_VD66GY_GetSensorInfo:00000158 $d
     /tmp/ccQ5BsN4.s:1294   .text.CMW_VD66GY_Stop:00000000 $t
     /tmp/ccQ5BsN4.s:1299   .text.CMW_VD66GY_Stop:00000000 CMW_VD66GY_Stop
     /tmp/ccQ5BsN4.s:1332   .text.CMW_VD66GY_Start:00000000 $t
     /tmp/ccQ5BsN4.s:1337   .text.CMW_VD66GY_Start:00000000 CMW_VD66GY_Start
     /tmp/ccQ5BsN4.s:1422   .text.CMW_VD66GY_Start:00000044 $d
     /tmp/ccQ5BsN4.s:2270   .rodata.ISP_IQParamCacheInit_VD66GY:00000000 ISP_IQParamCacheInit_VD66GY
     /tmp/ccQ5BsN4.s:1427   .text.CMW_VD66GY_DeInit:00000000 $t
     /tmp/ccQ5BsN4.s:1432   .text.CMW_VD66GY_DeInit:00000000 CMW_VD66GY_DeInit
     /tmp/ccQ5BsN4.s:1491   .text.CMW_VD66GY_Run:00000000 $t
     /tmp/ccQ5BsN4.s:1496   .text.CMW_VD66GY_Run:00000000 CMW_VD66GY_Run
     /tmp/ccQ5BsN4.s:1530   .text.CMW_VD66GY_Init:00000000 $t
     /tmp/ccQ5BsN4.s:1535   .text.CMW_VD66GY_Init:00000000 CMW_VD66GY_Init
     /tmp/ccQ5BsN4.s:1788   .text.CMW_VD66GY_Init:000000c8 $d
     /tmp/ccQ5BsN4.s:1793   .text.CMW_VD66GY_VsyncEventCallback:00000000 $t
     /tmp/ccQ5BsN4.s:1798   .text.CMW_VD66GY_VsyncEventCallback:00000000 CMW_VD66GY_VsyncEventCallback
     /tmp/ccQ5BsN4.s:1890   .text.CMW_VD66GY_SetDefaultSensorValues:00000000 $t
     /tmp/ccQ5BsN4.s:1896   .text.CMW_VD66GY_SetDefaultSensorValues:00000000 CMW_VD66GY_SetDefaultSensorValues
ARM GAS  /tmp/ccQ5BsN4.s 			page 66


     /tmp/ccQ5BsN4.s:1931   .text.CMW_VD66GY_SetDefaultSensorValues:0000001c $d
     /tmp/ccQ5BsN4.s:2264   .rodata.__func__.0:00000000 __func__.0
     /tmp/ccQ5BsN4.s:1938   .text.VD66GY_RegisterBusIO:00000000 $t
     /tmp/ccQ5BsN4.s:1944   .text.VD66GY_RegisterBusIO:00000000 VD66GY_RegisterBusIO
     /tmp/ccQ5BsN4.s:1975   .text.VD66GY_ReadID:00000000 $t
     /tmp/ccQ5BsN4.s:1981   .text.VD66GY_ReadID:00000000 VD66GY_ReadID
     /tmp/ccQ5BsN4.s:2024   .text.CMW_VD66GY_Probe:00000000 $t
     /tmp/ccQ5BsN4.s:2030   .text.CMW_VD66GY_Probe:00000000 CMW_VD66GY_Probe
     /tmp/ccQ5BsN4.s:2235   .text.CMW_VD66GY_Probe:000000c0 $d
     /tmp/ccQ5BsN4.s:2267   .rodata.ISP_IQParamCacheInit_VD66GY:00000000 $d
                           .group:00000000 wm4.0.0340b1c6b35792986b320b0caf0e6143
                           .group:00000000 wm4._newlib_version.h.4.0eb654b64686e2bd29646258853f6c22
                           .group:00000000 wm4.features.h.33.d554620bb17bd3b714c3fb5c268772bc
                           .group:00000000 wm4._default_types.h.15.247e5cd201eca3442cbf5404108c4935
                           .group:00000000 wm4._intsup.h.10.48bafbb683905c4daa4565a85aeeb264
                           .group:00000000 wm4._stdint.h.10.c24fa3af3bc1706662bb5593a907e841
                           .group:00000000 wm4.stdint.h.23.d53047a68f4a85177f80b422d52785ed
                           .group:00000000 wm4.isp_conf.h.21.f38432dbfef47e2ce2a64e60ef6a2d79
                           .group:00000000 wm4.stm32n6xx_hal_conf.h.21.e6f895f5dec93fd886896ef3aa220611
                           .group:00000000 wm4.stddef.h.39.811583f327f35b0df7808fda70b062a0
                           .group:00000000 wm4.arm_cmse.h.103.a0d15a79c4c9a67da8d5831704d7248e
                           .group:00000000 wm4.stm32n6xx.h.34.c523a1ffdf274a69e8802892c6776332
                           .group:00000000 wm4.stm32n657xx.h.26.acd272cb67318cc1a4791ce2f0720ca6
                           .group:00000000 wm4.cmsis_version.h.30.d128735bf87720f7436b74fefeb5043c
                           .group:00000000 wm4.core_cm55.h.67.25006a3ce7048d64bcddd2996d5fac93
                           .group:00000000 wm4.arm_acle.h.28.a0697f530ff2dbf8c463bef049b82760
                           .group:00000000 wm4.cmsis_gcc.h.39.eba7438bc45fd1a6e6376b63ffe44436
                           .group:00000000 wm4.cmsis_gcc_m.h.24.e590ec51aeda3a1242400351d73f5dce
                           .group:00000000 wm4.core_cm55.h.213.0528f46a674315ef8d35c4477e230358
                           .group:00000000 wm4.armv8m_mpu.h.24.bf28cc25bee30a7ff9d2f7a44a5e2230
                           .group:00000000 wm4.armv8m_pmu.h.24.6ded195d2625055391fd378c0e1d2519
                           .group:00000000 wm4.core_cm55.h.4477.396e822ef855bcfb932819ad48de1c4c
                           .group:00000000 wm4.armv7m_cachel1.h.24.936dd92d6e204a8d0b17d5e4ea4a356e
                           .group:00000000 wm4.stm32n657xx.h.575.78d331c417ec710388ced647138f735f
                           .group:00000000 wm4.stm32n6xx.h.116.b4247d9785590e7c5ec9234ffb2153bf
                           .group:00000000 wm4.stm32_hal_legacy.h.22.e62aae2fd3ae33360b6781c8a72e5b18
                           .group:00000000 wm4.newlib.h.7.decd5b9657e2c5df625d9eac6e10520c
                           .group:00000000 wm4.ieeefp.h.77.99029d7b8220a2cd73dd257e2bbe825d
                           .group:00000000 wm4.config.h.224.10ee1ad185d877c6e334e6581faab44d
                           .group:00000000 wm4._ansi.h.31.de524f58584151836e90d8620a16f8e8
                           .group:00000000 wm4.cdefs.h.49.56fd742369e655e7e8a7e365e706e208
                           .group:00000000 wm4._types.h.20.dd0d04dca3800a0d2a6129b87f3adbb2
                           .group:00000000 wm4.stddef.h.173.4903093a50a8482cb062b176ea61fac3
                           .group:00000000 wm4._types.h.127.3bdfe3ff8ea2d0985b03d9cbe93480e3
                           .group:00000000 wm4.reent.h.18.25503cdc8b7e55dd0d6ea7b3e5af7a03
                           .group:00000000 wm4.lock.h.2.1461d1fff82dffe8bfddc23307f6484f
                           .group:00000000 wm4.reent.h.78.6d702f69a6d6435d2dbe915b10150b1a
                           .group:00000000 wm4.math.h.13.47cfc34cae8a1153323939c4d32cf7c2
                           .group:00000000 wm4.stm32n6xx_hal_def.h.63.3a8f01490e8852464e9fcb69092e9c75
                           .group:00000000 wm4.stm32n6xx_ll_bus.h.38.2366a295ee4cdb04833997d3787fcd2d
                           .group:00000000 wm4.stm32n6xx_ll_rcc.h.21.656bd5637db608589ad16ea57d39430c
                           .group:00000000 wm4.stm32n6xx_hal_rcc.h.194.69b522b1afdf59a82d05a1f71efe03c7
                           .group:00000000 wm4.stm32n6xx_hal_rcc_ex.h.21.cc6be0a7d168882a1a6f470236ba784c
                           .group:00000000 wm4.stm32n6xx_hal_rcc.h.4361.4b490a4a19722e68c21f88cb8a774a30
                           .group:00000000 wm4.stm32n6xx_hal_gpio.h.21.89d54af663b98eb8fc098192053f7eeb
                           .group:00000000 wm4.stm32n6xx_hal_gpio_ex.h.22.f7e795fb05a69a19b87d946b47c8db8b
                           .group:00000000 wm4.stm32n6xx_hal_rif.h.21.33f2c553a8a3fc14dca8c470b213ab19
ARM GAS  /tmp/ccQ5BsN4.s 			page 67


                           .group:00000000 wm4.stm32n6xx_hal_dma.h.21.61e48c5c2e8d25d22177834b232fe45c
                           .group:00000000 wm4.stm32n6xx_hal_dma_ex.h.21.82f854ecdb6a463b06d0b4e5c217c368
                           .group:00000000 wm4.stm32n6xx_hal_dma.h.1020.87e2180c009560b617c1f8208140c950
                           .group:00000000 wm4.stm32n6xx_hal_cortex.h.21.f493623cc58f9454ab4eae41e395c5cc
                           .group:00000000 wm4.stm32n6xx_hal_bsec.h.21.1ee89319140541f82434908b4267aa30
                           .group:00000000 wm4.stm32n6xx_hal_dcmipp.h.21.e2b87dce83d7d722d696a597f6ac56bf
                           .group:00000000 wm4.stm32n6xx_hal_dma2d.h.21.75c8d46cdbb72970123b3f34ae2043d7
                           .group:00000000 wm4.stm32n6xx_hal_exti.h.21.e0efb23591051684dc14f1f2431c6aab
                           .group:00000000 wm4.stm32n6xx_hal_i2c.h.21.3f483626ff64c5bf027265bb2e1d1331
                           .group:00000000 wm4.stm32n6xx_hal_i2c_ex.h.21.79e9196c22282cdaf6b4047893638c45
                           .group:00000000 wm4.stm32n6xx_hal_i2c.h.741.1084702632703acc669e4282b3043372
                           .group:00000000 wm4.stm32n6xx_hal_ltdc.h.21.ae1eb09930e7e550e48e418ac5849e4d
                           .group:00000000 wm4.stm32n6xx_hal_ltdc.h.1002.b13ede7fc94ed5ad1c6768a157d2149a
                           .group:00000000 wm4.stm32n6xx_hal_pwr.h.21.cdb73e4869c3fed3fc84f901ec0e5f0a
                           .group:00000000 wm4.stm32n6xx_hal_pwr_ex.h.21.1a673224a58b0c1e5fad8eeda6514208
                           .group:00000000 wm4.stm32n6xx_hal_ramcfg.h.21.a62dfbb4d2c14e9a8c634a215e37bd3d
                           .group:00000000 wm4.stm32n6xx_hal_uart.h.21.230f549bfa0d5ebfd77bfb311b2aca15
                           .group:00000000 wm4.stm32n6xx_hal_uart_ex.h.21.a0d5511e1d0703b7b5278c8f5472b96d
                           .group:00000000 wm4.stm32n6xx_hal_xspi.h.21.7fd922d3bdb871475cf18436a68935bb
                           .group:00000000 wm4.stm32n6xx_hal_cacheaxi.h.21.7c3375b7903ec42376e4883320997f74
                           .group:00000000 wm4.stm32n6xx_hal.h.81.e79d59262ba173c33cf1d69281830d15
                           .group:00000000 wm4.stdio.h.27.3fc80220048df77954e38daec3bb9670
                           .group:00000000 wm4.stddef.h.173.1cea4f16a943c8e875db6791959c3141
                           .group:00000000 wm4.stdarg.h.34.3a23a216c0c293b3d2ea2e89281481e6
                           .group:00000000 wm4.stdio.h.47.dc31ec4674d7bcb103c9f08809549f45
                           .group:00000000 wm4.stdio.h.2.4aa87247282eca6c8f36f9de33d8df1a
                           .group:00000000 wm4.stdio.h.87.a1e20d2651f9bfb66e51bfbe849db00a
                           .group:00000000 wm4.stdlib.h.13.4ed386f5c1a80d71e72172885d946ef2
                           .group:00000000 wm4.alloca.h.8.dfc0c703c47ec3e69746825b17d9e66d
                           .group:00000000 wm4.stdlib.h.56.f4862cfbf4363a1db01842d5bdf72c18
                           .group:00000000 wm4.string.h.8.c4b8571ce60dff2817f43fec8b86aecd
                           .group:00000000 wm4.string.h.177.59a005921fa78485abc80a0267de5752
                           .group:00000000 wm4.stdbool.h.29.c08aa3eec75cf5b9b5003883f43253f0
                           .group:00000000 wm4.isp_core.h.110.8c4344a3506ac8fadc31ee17c3f6f7d7
                           .group:00000000 wm4.cmw_errno.h.21.91021ac9b2627a1ce6b8517d105715d1
                           .group:00000000 wm4.stdarg.h.31.7f63356e624ebff93a920b53ed006e12
                           .group:00000000 wm4.vd6g.h.28.e0d0912c3f84720af4bb820d9f4fcf1c
                           .group:00000000 wm4.stm32n6570_discovery_conf.h.21.f52c8202689527a3dc0d9c6cba9c0416
                           .group:00000000 wm4.stm32n6570_discovery_errno.h.22.80e523b09444a11ebe4b6e24ae914f0e
                           .group:00000000 wm4.stm32n6570_discovery_bus.h.62.3b5b2c6837f7adeb489604fa214cd371
                           .group:00000000 wm4.cmw_camera_conf.h.44.2cf1f5f6faa562b7e26aecd266b787f4
                           .group:00000000 wm4.cmw_camera.h.33.3e21b0797a1f24d8d61aeb33a948c5cd
                           .group:00000000 wm4.cmw_vd66gy.h.33.7c37f5fe9f778a07a67dc0c10297250d
                           .group:00000000 wm4.assert.h.11.db24e541f16414db224bf986d21017e2
                           .group:00000000 wm4.cmw_io.h.21.5fb9d38191e0a2bda3ddcf46f5fdc728
                           .group:00000000 wm4.ll_aton_config.h.20.27cfa9f6f5afc4105991355367358a39
                           .group:00000000 wm4.ll_aton_attributes.h.20.d1fce4a2519a8c4442db76dcb52b420f
                           .group:00000000 wm4.ll_aton_cipher.h.20.e98fdae11c912f4036a83cedb835e14e
                           .group:00000000 wm4.assert.h.11.d99a111e320bc5106fc4046225782672
                           .group:00000000 wm4.errno.h.2.ba016d646105af6cad23be83630b6a3f
                           .group:00000000 wm4.errno.h.9.ae5ea2b0ff9ea6e39e585807e35200d3
                           .group:00000000 wm4.ll_aton_util.h.34.9098eaa90d3d72b819973556e3e5fe44
                           .group:00000000 wm4.ll_aton_osal.h.20.08c7c488030992aa35928699d77c6f6e
                           .group:00000000 wm4.ll_aton_platform.h.20.8f1d4e7781c282794886ffdd00ccd30b
                           .group:00000000 wm4.ll_aton_platform.h.205.098bebcb126012e5dfc0544db0a7d4c8
                           .group:00000000 wm4.inttypes.h.14.b28deb26920e51e0da310220ef0f9003
                           .group:00000000 wm4.inttypes.h.28.684aa7736e7ecc9a6ffc44acc61c7a90
ARM GAS  /tmp/ccQ5BsN4.s 			page 68


                           .group:00000000 wm4.syslimits.h.34.de5cbd310098bc5895998b6bde577ed2
                           .group:00000000 wm4.limits.h.9.70fb0ada6f71b16202a66baaa6d8ea70
                           .group:00000000 wm4.limits.h.60.56a1ae353e2028a24298ec6463b8b593
                           .group:00000000 wm4.ATONidxs.h.16.969ebf3fd32e13543179e6907b3869c9
                           .group:00000000 wm4.ATON.h.19.0bce86f27eb7ac354272c44c1804cd24
                           .group:00000000 wm4.ll_aton_rcompat.h.22.4788366561a5f8dfb37661f794bdd403
                           .group:00000000 wm4.ll_aton_platform.h.279.2fa1ab569e6816db5b603cc3ef09d875
                           .group:00000000 wm4.ll_aton_rt_user_api.h.71.52957347efa02883c6e8b1a7f756d297
                           .group:00000000 wm4.stai.h.24.a274645e79490de4e05332b397550d1f
                           .group:00000000 wm4.stai_debug.h.37.4be079c70c66033549ba26b63a31db94
                           .group:00000000 wm4.ll_aton_stai_internal.h.35.4ede4d59178f196dca4b635c5600498b
                           .group:00000000 wm4.stai_network.h.57.8dfb21a08a1ef1a6e6a309b63eb85b05
                           .group:00000000 wm4.arm_math_types.h.28.9e71aea5cdf6aebdd83091bf39b4832a
                           .group:00000000 wm4.float.h.29.0e9d9baf95ec39f9555dc80c6e28186b
                           .group:00000000 wm4.arm_math_types.h.116.3e44bd031718f65bdb345972ddc8cf86
                           .group:00000000 wm4.arm_mve.h.48.53b982d307987e8d8669fd51fdc5e583
                           .group:00000000 wm4.arm_math_types.h.605.32c5d7843b3dcaa8f5174feea7de7445
                           .group:00000000 wm4.arm_math_memory.h.28.3ee75b06517df8378241b72d6c61e5b0
                           .group:00000000 wm4.none.h.185.db055cca83e83f96d8d0bb450fbdf4bb
                           .group:00000000 wm4.utils.h.41.820d6032ed1c0d7dd5bd2ed80938ee65
                           .group:00000000 wm4.fast_math_functions.h.28.aa389abd5521cfceab0e76a6af3dd2e2
                           .group:00000000 wm4.matrix_functions.h.28.8fc8488c73b2d6f328b0946db3460102
                           .group:00000000 wm4.controller_functions.h.28.388735b97ccd96442b0ac9e554629f36
                           .group:00000000 wm4.filtering_functions.h.46.6cf1424fb1f86d5f9958d208b83340a1
                           .group:00000000 wm4.lcd.h.21.98701c105e66fef2e089854e5bc0fe32
                           .group:00000000 wm4.stm32_lcd.h.55.1a04e503950bf34ef3721d2ebb9542fc
                           .group:00000000 wm4.app_config.h.26.622a380a37fc5ecba3353d0c32b28a6e
                           .group:00000000 wm4.vd66gy_isp_param_conf.h.22.e1a17fd148c23cce7feeade15a5651d0
                           .group:00000000 wm4.vd1943_isp_param_conf.h.22.c8be690ca82235c96c88f70bb78493f4

UNDEFINED SYMBOLS
VD6G_GetAnalogGainRegRange
VD6G_GetDigitalGainRegRange
log10
pow
VD6G_SetAnalogGain
VD6G_SetDigitalGain
VD6G_SetExposureTime
VD6G_SetExposureMode
ISP_SetWBRefMode
ISP_ListWBRefModes
strcpy
VD6G_GetExposureRegRange
VD6G_Stop
ISP_Init
ISP_Start
VD6G_Start
VD6G_DeInit
ISP_BackgroundProcess
memset
VD6G_Init
ISP_IncDumpFrameId
ISP_IncMainFrameId
ISP_GatherStatistics
ISP_IncAncillaryFrameId
__assert_func
HAL_Delay
ARM GAS  /tmp/ccQ5BsN4.s 			page 69


