ARM GAS  /tmp/cc66eICS.s 			page 1


   1              		.arch armv8.1-m.main
   2              		.fpu fpv5-d16
   3              		.arch_extension dsp
   4              		.arch_extension fp
   5              		.arch_extension fp.dp
   6              		.arch_extension mve
   7              		.arch_extension mve.fp
   8              		.eabi_attribute 5, "cortex-m55"
   9              		.eabi_attribute 28, 1
  10              		.eabi_attribute 20, 1
  11              		.eabi_attribute 21, 1
  12              		.eabi_attribute 23, 3
  13              		.eabi_attribute 24, 1
  14              		.eabi_attribute 25, 1
  15              		.eabi_attribute 26, 1
  16              		.eabi_attribute 30, 4
  17              		.eabi_attribute 34, 1
  18              		.eabi_attribute 38, 1
  19              		.eabi_attribute 18, 4
  20              		.file	"iseg_pp_yolov8.c"
  21              		.text
  22              	.Ltext0:
  23              		.cfi_sections	.debug_frame
  24              		.file 1 "../../Middlewares/stm32-vision-models-postprocessing/lib_vision_models_pp/Src/iseg_pp_yol
  25              		.section	.text.iseg_yolov8_nms_comparator_s8,"ax",%progbits
  26              		.align	1
  27              		.syntax unified
  28              		.thumb
  29              		.thumb_func
  31              	iseg_yolov8_nms_comparator_s8:
  32              	.LVL0:
  33              	.LFB774:
   1:../../Middlewares/stm32-vision-models-postprocessing/lib_vision_models_pp/Src/iseg_pp_yolov8.c **** /*---------------------------------------------------------------------------------------------
   2:../../Middlewares/stm32-vision-models-postprocessing/lib_vision_models_pp/Src/iseg_pp_yolov8.c ****  * Copyright (c) 2023 STMicroelectronics.
   3:../../Middlewares/stm32-vision-models-postprocessing/lib_vision_models_pp/Src/iseg_pp_yolov8.c ****  * All rights reserved.
   4:../../Middlewares/stm32-vision-models-postprocessing/lib_vision_models_pp/Src/iseg_pp_yolov8.c ****  *
   5:../../Middlewares/stm32-vision-models-postprocessing/lib_vision_models_pp/Src/iseg_pp_yolov8.c ****  * This software is licensed under terms that can be found in the LICENSE file in
   6:../../Middlewares/stm32-vision-models-postprocessing/lib_vision_models_pp/Src/iseg_pp_yolov8.c ****  * the root directory of this software component.
   7:../../Middlewares/stm32-vision-models-postprocessing/lib_vision_models_pp/Src/iseg_pp_yolov8.c ****  * If no LICENSE file comes with this software, it is provided AS-IS.
   8:../../Middlewares/stm32-vision-models-postprocessing/lib_vision_models_pp/Src/iseg_pp_yolov8.c ****  *--------------------------------------------------------------------------------------------*/
   9:../../Middlewares/stm32-vision-models-postprocessing/lib_vision_models_pp/Src/iseg_pp_yolov8.c **** 
  10:../../Middlewares/stm32-vision-models-postprocessing/lib_vision_models_pp/Src/iseg_pp_yolov8.c **** #include "iseg_yolov8_pp_if.h"
  11:../../Middlewares/stm32-vision-models-postprocessing/lib_vision_models_pp/Src/iseg_pp_yolov8.c **** #include "vision_models_pp.h"
  12:../../Middlewares/stm32-vision-models-postprocessing/lib_vision_models_pp/Src/iseg_pp_yolov8.c **** #include "iseg_pp_loc.h"
  13:../../Middlewares/stm32-vision-models-postprocessing/lib_vision_models_pp/Src/iseg_pp_yolov8.c **** 
  14:../../Middlewares/stm32-vision-models-postprocessing/lib_vision_models_pp/Src/iseg_pp_yolov8.c **** /* Can't be removed if qsort is not re-written... */
  15:../../Middlewares/stm32-vision-models-postprocessing/lib_vision_models_pp/Src/iseg_pp_yolov8.c **** static int32_t AI_YOLOV8_SEG_PP_SORT_CLASS;
  16:../../Middlewares/stm32-vision-models-postprocessing/lib_vision_models_pp/Src/iseg_pp_yolov8.c **** 
  17:../../Middlewares/stm32-vision-models-postprocessing/lib_vision_models_pp/Src/iseg_pp_yolov8.c **** static int32_t iseg_yolov8_nms_comparator_s8(const void *pa, const void *pb)
  18:../../Middlewares/stm32-vision-models-postprocessing/lib_vision_models_pp/Src/iseg_pp_yolov8.c **** {
  34              		.loc 1 18 1 view -0
  35              		.cfi_startproc
  36              		@ args = 0, pretend = 0, frame = 0
  37              		@ frame_needed = 0, uses_anonymous_args = 0
  19:../../Middlewares/stm32-vision-models-postprocessing/lib_vision_models_pp/Src/iseg_pp_yolov8.c ****     iseg_yolov8_pp_scratchBuffer_s8_t a = *(iseg_yolov8_pp_scratchBuffer_s8_t *)pa;
  38              		.loc 1 19 5 view .LVU1
  20:../../Middlewares/stm32-vision-models-postprocessing/lib_vision_models_pp/Src/iseg_pp_yolov8.c ****     iseg_yolov8_pp_scratchBuffer_s8_t b = *(iseg_yolov8_pp_scratchBuffer_s8_t *)pb;
ARM GAS  /tmp/cc66eICS.s 			page 2


  39              		.loc 1 20 5 view .LVU2
  18:../../Middlewares/stm32-vision-models-postprocessing/lib_vision_models_pp/Src/iseg_pp_yolov8.c ****     iseg_yolov8_pp_scratchBuffer_s8_t a = *(iseg_yolov8_pp_scratchBuffer_s8_t *)pa;
  40              		.loc 1 18 1 is_stmt 0 view .LVU3
  41 0000 10B5     		push	{r4, lr}
  42              		.cfi_def_cfa_offset 8
  43              		.cfi_offset 4, -8
  44              		.cfi_offset 14, -4
  21:../../Middlewares/stm32-vision-models-postprocessing/lib_vision_models_pp/Src/iseg_pp_yolov8.c **** 
  22:../../Middlewares/stm32-vision-models-postprocessing/lib_vision_models_pp/Src/iseg_pp_yolov8.c ****     int16_t diff = 0;
  23:../../Middlewares/stm32-vision-models-postprocessing/lib_vision_models_pp/Src/iseg_pp_yolov8.c ****     int8_t a_weighted_conf = -128;
  24:../../Middlewares/stm32-vision-models-postprocessing/lib_vision_models_pp/Src/iseg_pp_yolov8.c ****     int8_t b_weighted_conf = -128;
  25:../../Middlewares/stm32-vision-models-postprocessing/lib_vision_models_pp/Src/iseg_pp_yolov8.c **** 
  26:../../Middlewares/stm32-vision-models-postprocessing/lib_vision_models_pp/Src/iseg_pp_yolov8.c ****     if (a.class_index == AI_YOLOV8_SEG_PP_SORT_CLASS)
  45              		.loc 1 26 23 view .LVU4
  46 0002 0C4B     		ldr	r3, .L8
  47              		.loc 1 26 10 view .LVU5
  48 0004 4479     		ldrb	r4, [r0, #5]	@ zero_extendqisi2
  49              		.loc 1 26 23 view .LVU6
  50 0006 1B68     		ldr	r3, [r3]
  20:../../Middlewares/stm32-vision-models-postprocessing/lib_vision_models_pp/Src/iseg_pp_yolov8.c **** 
  51              		.loc 1 20 39 view .LVU7
  52 0008 4A79     		ldrb	r2, [r1, #5]	@ zero_extendqisi2
  53              	.LVL1:
  22:../../Middlewares/stm32-vision-models-postprocessing/lib_vision_models_pp/Src/iseg_pp_yolov8.c ****     int8_t a_weighted_conf = -128;
  54              		.loc 1 22 5 is_stmt 1 view .LVU8
  23:../../Middlewares/stm32-vision-models-postprocessing/lib_vision_models_pp/Src/iseg_pp_yolov8.c ****     int8_t b_weighted_conf = -128;
  55              		.loc 1 23 5 view .LVU9
  24:../../Middlewares/stm32-vision-models-postprocessing/lib_vision_models_pp/Src/iseg_pp_yolov8.c **** 
  56              		.loc 1 24 5 view .LVU10
  57              		.loc 1 26 5 view .LVU11
  58              		.loc 1 26 8 is_stmt 0 view .LVU12
  59 000a 9C42     		cmp	r4, r3
  23:../../Middlewares/stm32-vision-models-postprocessing/lib_vision_models_pp/Src/iseg_pp_yolov8.c ****     int8_t b_weighted_conf = -128;
  60              		.loc 1 23 12 view .LVU13
  61 000c 14BF     		ite	ne
  62 000e 6FF07F00 		mvnne	r0, #127
  63              	.LVL2:
  19:../../Middlewares/stm32-vision-models-postprocessing/lib_vision_models_pp/Src/iseg_pp_yolov8.c ****     iseg_yolov8_pp_scratchBuffer_s8_t b = *(iseg_yolov8_pp_scratchBuffer_s8_t *)pb;
  64              		.loc 1 19 39 view .LVU14
  65 0012 90F90400 		ldrsbeq	r0, [r0, #4]
  66              	.LVL3:
  27:../../Middlewares/stm32-vision-models-postprocessing/lib_vision_models_pp/Src/iseg_pp_yolov8.c ****     {
  28:../../Middlewares/stm32-vision-models-postprocessing/lib_vision_models_pp/Src/iseg_pp_yolov8.c ****         a_weighted_conf = a.conf;
  29:../../Middlewares/stm32-vision-models-postprocessing/lib_vision_models_pp/Src/iseg_pp_yolov8.c ****     }
  30:../../Middlewares/stm32-vision-models-postprocessing/lib_vision_models_pp/Src/iseg_pp_yolov8.c **** 
  31:../../Middlewares/stm32-vision-models-postprocessing/lib_vision_models_pp/Src/iseg_pp_yolov8.c ****     if (b.class_index == AI_YOLOV8_SEG_PP_SORT_CLASS)
  67              		.loc 1 31 5 is_stmt 1 view .LVU15
  68              		.loc 1 31 8 is_stmt 0 view .LVU16
  69 0016 9342     		cmp	r3, r2
  70 0018 06D0     		beq	.L3
  32:../../Middlewares/stm32-vision-models-postprocessing/lib_vision_models_pp/Src/iseg_pp_yolov8.c ****     {
  33:../../Middlewares/stm32-vision-models-postprocessing/lib_vision_models_pp/Src/iseg_pp_yolov8.c ****         b_weighted_conf = b.conf;
  34:../../Middlewares/stm32-vision-models-postprocessing/lib_vision_models_pp/Src/iseg_pp_yolov8.c ****     }
  35:../../Middlewares/stm32-vision-models-postprocessing/lib_vision_models_pp/Src/iseg_pp_yolov8.c **** 
  36:../../Middlewares/stm32-vision-models-postprocessing/lib_vision_models_pp/Src/iseg_pp_yolov8.c ****     diff = (int16_t)a_weighted_conf - (int16_t)b_weighted_conf;
  71              		.loc 1 36 5 is_stmt 1 view .LVU17
  72              		.loc 1 36 10 is_stmt 0 view .LVU18
ARM GAS  /tmp/cc66eICS.s 			page 3


  73 001a 8030     		adds	r0, r0, #128
  74              	.LVL4:
  75              		.loc 1 36 10 view .LVU19
  76 001c 00B2     		sxth	r0, r0
  77              	.LVL5:
  37:../../Middlewares/stm32-vision-models-postprocessing/lib_vision_models_pp/Src/iseg_pp_yolov8.c **** 
  38:../../Middlewares/stm32-vision-models-postprocessing/lib_vision_models_pp/Src/iseg_pp_yolov8.c ****     if (diff < 0) return 1;
  78              		.loc 1 38 5 is_stmt 1 view .LVU20
  79              	.L4:
  39:../../Middlewares/stm32-vision-models-postprocessing/lib_vision_models_pp/Src/iseg_pp_yolov8.c ****     else if (diff > 0) return -1;
  80              		.loc 1 39 10 view .LVU21
  81              		.loc 1 39 13 is_stmt 0 view .LVU22
  82 001e 0038     		subs	r0, r0, #0
  83 0020 18BF     		it	ne
  84 0022 0120     		movne	r0, #1
  85 0024 4042     		rsbs	r0, r0, #0
  86              	.LVL6:
  87              	.L1:
  40:../../Middlewares/stm32-vision-models-postprocessing/lib_vision_models_pp/Src/iseg_pp_yolov8.c ****     return 0;
  41:../../Middlewares/stm32-vision-models-postprocessing/lib_vision_models_pp/Src/iseg_pp_yolov8.c **** }
  88              		.loc 1 41 1 view .LVU23
  89 0026 10BD     		pop	{r4, pc}
  90              	.LVL7:
  91              	.L3:
  33:../../Middlewares/stm32-vision-models-postprocessing/lib_vision_models_pp/Src/iseg_pp_yolov8.c ****     }
  92              		.loc 1 33 9 is_stmt 1 view .LVU24
  36:../../Middlewares/stm32-vision-models-postprocessing/lib_vision_models_pp/Src/iseg_pp_yolov8.c **** 
  93              		.loc 1 36 5 view .LVU25
  36:../../Middlewares/stm32-vision-models-postprocessing/lib_vision_models_pp/Src/iseg_pp_yolov8.c **** 
  94              		.loc 1 36 37 is_stmt 0 view .LVU26
  95 0028 91F90430 		ldrsb	r3, [r1, #4]
  96              	.LVL8:
  38:../../Middlewares/stm32-vision-models-postprocessing/lib_vision_models_pp/Src/iseg_pp_yolov8.c ****     else if (diff > 0) return -1;
  97              		.loc 1 38 5 is_stmt 1 view .LVU27
  38:../../Middlewares/stm32-vision-models-postprocessing/lib_vision_models_pp/Src/iseg_pp_yolov8.c ****     else if (diff > 0) return -1;
  98              		.loc 1 38 8 is_stmt 0 view .LVU28
  99 002c C01A     		subs	r0, r0, r3
 100              	.LVL9:
  38:../../Middlewares/stm32-vision-models-postprocessing/lib_vision_models_pp/Src/iseg_pp_yolov8.c ****     else if (diff > 0) return -1;
 101              		.loc 1 38 8 view .LVU29
 102 002e F6D5     		bpl	.L4
  38:../../Middlewares/stm32-vision-models-postprocessing/lib_vision_models_pp/Src/iseg_pp_yolov8.c ****     else if (diff > 0) return -1;
 103              		.loc 1 38 26 discriminator 1 view .LVU30
 104 0030 0120     		movs	r0, #1
 105              	.LVL10:
  38:../../Middlewares/stm32-vision-models-postprocessing/lib_vision_models_pp/Src/iseg_pp_yolov8.c ****     else if (diff > 0) return -1;
 106              		.loc 1 38 26 discriminator 1 view .LVU31
 107 0032 F8E7     		b	.L1
 108              	.L9:
 109              		.align	2
 110              	.L8:
 111 0034 00000000 		.word	AI_YOLOV8_SEG_PP_SORT_CLASS
 112              		.cfi_endproc
 113              	.LFE774:
 115              		.section	.text.iseg_yolov8_pp_reset,"ax",%progbits
 116              		.align	1
 117              		.global	iseg_yolov8_pp_reset
ARM GAS  /tmp/cc66eICS.s 			page 4


 118              		.syntax unified
 119              		.thumb
 120              		.thumb_func
 122              	iseg_yolov8_pp_reset:
 123              	.LVL11:
 124              	.LFB778:
  42:../../Middlewares/stm32-vision-models-postprocessing/lib_vision_models_pp/Src/iseg_pp_yolov8.c **** 
  43:../../Middlewares/stm32-vision-models-postprocessing/lib_vision_models_pp/Src/iseg_pp_yolov8.c **** static
  44:../../Middlewares/stm32-vision-models-postprocessing/lib_vision_models_pp/Src/iseg_pp_yolov8.c **** int32_t iseg_yolov8_pp_nmsFiltering_centroid_is8os8(iseg_yolov8_pp_static_param_t *pInput_static_pa
  45:../../Middlewares/stm32-vision-models-postprocessing/lib_vision_models_pp/Src/iseg_pp_yolov8.c **** {
  46:../../Middlewares/stm32-vision-models-postprocessing/lib_vision_models_pp/Src/iseg_pp_yolov8.c ****   int32_t j, k, limit_counter, detections_per_class;//, limit_type;
  47:../../Middlewares/stm32-vision-models-postprocessing/lib_vision_models_pp/Src/iseg_pp_yolov8.c ****   iseg_yolov8_pp_scratchBuffer_s8_t *pOutBuff_s8 = pInput_static_param->pTmpBuff;
  48:../../Middlewares/stm32-vision-models-postprocessing/lib_vision_models_pp/Src/iseg_pp_yolov8.c **** 
  49:../../Middlewares/stm32-vision-models-postprocessing/lib_vision_models_pp/Src/iseg_pp_yolov8.c ****     for (k = 0; k < pInput_static_param->nb_classes; ++k)
  50:../../Middlewares/stm32-vision-models-postprocessing/lib_vision_models_pp/Src/iseg_pp_yolov8.c ****     {
  51:../../Middlewares/stm32-vision-models-postprocessing/lib_vision_models_pp/Src/iseg_pp_yolov8.c ****         limit_counter = 0;
  52:../../Middlewares/stm32-vision-models-postprocessing/lib_vision_models_pp/Src/iseg_pp_yolov8.c ****         detections_per_class = 0;
  53:../../Middlewares/stm32-vision-models-postprocessing/lib_vision_models_pp/Src/iseg_pp_yolov8.c ****         AI_YOLOV8_SEG_PP_SORT_CLASS = k;
  54:../../Middlewares/stm32-vision-models-postprocessing/lib_vision_models_pp/Src/iseg_pp_yolov8.c **** 
  55:../../Middlewares/stm32-vision-models-postprocessing/lib_vision_models_pp/Src/iseg_pp_yolov8.c **** 
  56:../../Middlewares/stm32-vision-models-postprocessing/lib_vision_models_pp/Src/iseg_pp_yolov8.c ****         /* Counts the number of detections with class k */
  57:../../Middlewares/stm32-vision-models-postprocessing/lib_vision_models_pp/Src/iseg_pp_yolov8.c ****         for (int32_t i = 0; i < pInput_static_param->nb_detect ; i ++)
  58:../../Middlewares/stm32-vision-models-postprocessing/lib_vision_models_pp/Src/iseg_pp_yolov8.c ****         {
  59:../../Middlewares/stm32-vision-models-postprocessing/lib_vision_models_pp/Src/iseg_pp_yolov8.c ****             if(pOutBuff_s8[i].class_index == k)
  60:../../Middlewares/stm32-vision-models-postprocessing/lib_vision_models_pp/Src/iseg_pp_yolov8.c ****             {
  61:../../Middlewares/stm32-vision-models-postprocessing/lib_vision_models_pp/Src/iseg_pp_yolov8.c ****                 detections_per_class++;
  62:../../Middlewares/stm32-vision-models-postprocessing/lib_vision_models_pp/Src/iseg_pp_yolov8.c ****             }
  63:../../Middlewares/stm32-vision-models-postprocessing/lib_vision_models_pp/Src/iseg_pp_yolov8.c ****         }
  64:../../Middlewares/stm32-vision-models-postprocessing/lib_vision_models_pp/Src/iseg_pp_yolov8.c **** 
  65:../../Middlewares/stm32-vision-models-postprocessing/lib_vision_models_pp/Src/iseg_pp_yolov8.c ****         if (detections_per_class > 0)
  66:../../Middlewares/stm32-vision-models-postprocessing/lib_vision_models_pp/Src/iseg_pp_yolov8.c ****         {
  67:../../Middlewares/stm32-vision-models-postprocessing/lib_vision_models_pp/Src/iseg_pp_yolov8.c ****             /* Sorts detections based on class k */
  68:../../Middlewares/stm32-vision-models-postprocessing/lib_vision_models_pp/Src/iseg_pp_yolov8.c ****             qsort(pOutBuff_s8,
  69:../../Middlewares/stm32-vision-models-postprocessing/lib_vision_models_pp/Src/iseg_pp_yolov8.c ****                   pInput_static_param->nb_detect,
  70:../../Middlewares/stm32-vision-models-postprocessing/lib_vision_models_pp/Src/iseg_pp_yolov8.c ****                   sizeof(iseg_yolov8_pp_scratchBuffer_s8_t),
  71:../../Middlewares/stm32-vision-models-postprocessing/lib_vision_models_pp/Src/iseg_pp_yolov8.c ****                   iseg_yolov8_nms_comparator_s8);
  72:../../Middlewares/stm32-vision-models-postprocessing/lib_vision_models_pp/Src/iseg_pp_yolov8.c **** 
  73:../../Middlewares/stm32-vision-models-postprocessing/lib_vision_models_pp/Src/iseg_pp_yolov8.c ****             for (int32_t i = 0; i < detections_per_class ; i ++)
  74:../../Middlewares/stm32-vision-models-postprocessing/lib_vision_models_pp/Src/iseg_pp_yolov8.c ****             {
  75:../../Middlewares/stm32-vision-models-postprocessing/lib_vision_models_pp/Src/iseg_pp_yolov8.c ****                 if (pOutBuff_s8[i].conf == -128) continue;
  76:../../Middlewares/stm32-vision-models-postprocessing/lib_vision_models_pp/Src/iseg_pp_yolov8.c ****                 int8_t *a = &pOutBuff_s8[i].x_center;
  77:../../Middlewares/stm32-vision-models-postprocessing/lib_vision_models_pp/Src/iseg_pp_yolov8.c ****                 for (j = i + 1; j < detections_per_class; j ++)
  78:../../Middlewares/stm32-vision-models-postprocessing/lib_vision_models_pp/Src/iseg_pp_yolov8.c ****                 {
  79:../../Middlewares/stm32-vision-models-postprocessing/lib_vision_models_pp/Src/iseg_pp_yolov8.c ****                     if (pOutBuff_s8[j].conf == -128) continue;
  80:../../Middlewares/stm32-vision-models-postprocessing/lib_vision_models_pp/Src/iseg_pp_yolov8.c ****                     int8_t * b = &pOutBuff_s8[j].x_center;
  81:../../Middlewares/stm32-vision-models-postprocessing/lib_vision_models_pp/Src/iseg_pp_yolov8.c ****                     float32_t f_iou = vision_models_box_iou_is8(a, b, pInput_static_param->raw_outp
  82:../../Middlewares/stm32-vision-models-postprocessing/lib_vision_models_pp/Src/iseg_pp_yolov8.c ****                     if (f_iou > pInput_static_param->iou_threshold)
  83:../../Middlewares/stm32-vision-models-postprocessing/lib_vision_models_pp/Src/iseg_pp_yolov8.c ****                     {
  84:../../Middlewares/stm32-vision-models-postprocessing/lib_vision_models_pp/Src/iseg_pp_yolov8.c ****                         pOutBuff_s8[j].conf = -128;
  85:../../Middlewares/stm32-vision-models-postprocessing/lib_vision_models_pp/Src/iseg_pp_yolov8.c ****                     }
  86:../../Middlewares/stm32-vision-models-postprocessing/lib_vision_models_pp/Src/iseg_pp_yolov8.c ****                 }
  87:../../Middlewares/stm32-vision-models-postprocessing/lib_vision_models_pp/Src/iseg_pp_yolov8.c ****             }
  88:../../Middlewares/stm32-vision-models-postprocessing/lib_vision_models_pp/Src/iseg_pp_yolov8.c **** 
  89:../../Middlewares/stm32-vision-models-postprocessing/lib_vision_models_pp/Src/iseg_pp_yolov8.c ****             /* Limits detections count */
  90:../../Middlewares/stm32-vision-models-postprocessing/lib_vision_models_pp/Src/iseg_pp_yolov8.c ****             for (int32_t i = 0; i < detections_per_class; i++)
  91:../../Middlewares/stm32-vision-models-postprocessing/lib_vision_models_pp/Src/iseg_pp_yolov8.c ****             {
  92:../../Middlewares/stm32-vision-models-postprocessing/lib_vision_models_pp/Src/iseg_pp_yolov8.c ****                 if ((limit_counter < pInput_static_param->max_boxes_limit) &&
ARM GAS  /tmp/cc66eICS.s 			page 5


  93:../../Middlewares/stm32-vision-models-postprocessing/lib_vision_models_pp/Src/iseg_pp_yolov8.c ****                     (pOutBuff_s8[i].conf != -128))
  94:../../Middlewares/stm32-vision-models-postprocessing/lib_vision_models_pp/Src/iseg_pp_yolov8.c ****                 {
  95:../../Middlewares/stm32-vision-models-postprocessing/lib_vision_models_pp/Src/iseg_pp_yolov8.c ****                     limit_counter++;
  96:../../Middlewares/stm32-vision-models-postprocessing/lib_vision_models_pp/Src/iseg_pp_yolov8.c ****                 }
  97:../../Middlewares/stm32-vision-models-postprocessing/lib_vision_models_pp/Src/iseg_pp_yolov8.c ****                 else
  98:../../Middlewares/stm32-vision-models-postprocessing/lib_vision_models_pp/Src/iseg_pp_yolov8.c ****                 {
  99:../../Middlewares/stm32-vision-models-postprocessing/lib_vision_models_pp/Src/iseg_pp_yolov8.c ****                     pOutBuff_s8[i].conf = -128;
 100:../../Middlewares/stm32-vision-models-postprocessing/lib_vision_models_pp/Src/iseg_pp_yolov8.c ****                 }
 101:../../Middlewares/stm32-vision-models-postprocessing/lib_vision_models_pp/Src/iseg_pp_yolov8.c ****             }
 102:../../Middlewares/stm32-vision-models-postprocessing/lib_vision_models_pp/Src/iseg_pp_yolov8.c ****         }
 103:../../Middlewares/stm32-vision-models-postprocessing/lib_vision_models_pp/Src/iseg_pp_yolov8.c ****     }
 104:../../Middlewares/stm32-vision-models-postprocessing/lib_vision_models_pp/Src/iseg_pp_yolov8.c **** 
 105:../../Middlewares/stm32-vision-models-postprocessing/lib_vision_models_pp/Src/iseg_pp_yolov8.c ****     return (AI_ISEG_POSTPROCESS_ERROR_NO);
 106:../../Middlewares/stm32-vision-models-postprocessing/lib_vision_models_pp/Src/iseg_pp_yolov8.c **** }
 107:../../Middlewares/stm32-vision-models-postprocessing/lib_vision_models_pp/Src/iseg_pp_yolov8.c **** static
 108:../../Middlewares/stm32-vision-models-postprocessing/lib_vision_models_pp/Src/iseg_pp_yolov8.c **** int32_t iseg_yolov8_pp_scoreFiltering_centroid_is8(iseg_yolov8_pp_in_centroid_t *pInput,
 109:../../Middlewares/stm32-vision-models-postprocessing/lib_vision_models_pp/Src/iseg_pp_yolov8.c ****                                                    iseg_pp_out_t *pOutput,
 110:../../Middlewares/stm32-vision-models-postprocessing/lib_vision_models_pp/Src/iseg_pp_yolov8.c ****                                                    iseg_yolov8_pp_static_param_t *pInput_static_par
 111:../../Middlewares/stm32-vision-models-postprocessing/lib_vision_models_pp/Src/iseg_pp_yolov8.c **** {
 112:../../Middlewares/stm32-vision-models-postprocessing/lib_vision_models_pp/Src/iseg_pp_yolov8.c ****   int32_t det_count = 0;
 113:../../Middlewares/stm32-vision-models-postprocessing/lib_vision_models_pp/Src/iseg_pp_yolov8.c ****   iseg_yolov8_pp_scratchBuffer_s8_t *pOutBuff_s8 = pInput_static_param->pTmpBuff;
 114:../../Middlewares/stm32-vision-models-postprocessing/lib_vision_models_pp/Src/iseg_pp_yolov8.c ****   pOutput->nb_detect = MIN(pInput_static_param->nb_detect, pInput_static_param->max_boxes_limit);
 115:../../Middlewares/stm32-vision-models-postprocessing/lib_vision_models_pp/Src/iseg_pp_yolov8.c **** 
 116:../../Middlewares/stm32-vision-models-postprocessing/lib_vision_models_pp/Src/iseg_pp_yolov8.c ****   // get masks
 117:../../Middlewares/stm32-vision-models-postprocessing/lib_vision_models_pp/Src/iseg_pp_yolov8.c ****   int8_t mask_zp       = pInput_static_param->mask_raw_output_zero_point;
 118:../../Middlewares/stm32-vision-models-postprocessing/lib_vision_models_pp/Src/iseg_pp_yolov8.c ****   float32_t mask_scale = pInput_static_param->mask_raw_output_scale;
 119:../../Middlewares/stm32-vision-models-postprocessing/lib_vision_models_pp/Src/iseg_pp_yolov8.c ****   int8_t raw_zp        = pInput_static_param->raw_output_zero_point;
 120:../../Middlewares/stm32-vision-models-postprocessing/lib_vision_models_pp/Src/iseg_pp_yolov8.c ****   float32_t raw_scale  = pInput_static_param->raw_output_scale;
 121:../../Middlewares/stm32-vision-models-postprocessing/lib_vision_models_pp/Src/iseg_pp_yolov8.c ****   int8_t threshold_s8  = (int8_t)(pInput_static_param->conf_threshold / raw_scale + 0.5f + raw_zp);
 122:../../Middlewares/stm32-vision-models-postprocessing/lib_vision_models_pp/Src/iseg_pp_yolov8.c **** 
 123:../../Middlewares/stm32-vision-models-postprocessing/lib_vision_models_pp/Src/iseg_pp_yolov8.c ****   float32_t threshold_check = 0.5f / (mask_scale * raw_scale);
 124:../../Middlewares/stm32-vision-models-postprocessing/lib_vision_models_pp/Src/iseg_pp_yolov8.c ****   int32_t threshold_check_s32 = (int32_t)(threshold_check+0.5f);
 125:../../Middlewares/stm32-vision-models-postprocessing/lib_vision_models_pp/Src/iseg_pp_yolov8.c **** 
 126:../../Middlewares/stm32-vision-models-postprocessing/lib_vision_models_pp/Src/iseg_pp_yolov8.c **** #ifdef ARM_MATH_MVEF
 127:../../Middlewares/stm32-vision-models-postprocessing/lib_vision_models_pp/Src/iseg_pp_yolov8.c ****   uint32x4_t offset = vidupq_n_u32(0,1);
 128:../../Middlewares/stm32-vision-models-postprocessing/lib_vision_models_pp/Src/iseg_pp_yolov8.c ****   offset *= (uint32_t)pInput_static_param->nb_masks;
 129:../../Middlewares/stm32-vision-models-postprocessing/lib_vision_models_pp/Src/iseg_pp_yolov8.c **** #endif
 130:../../Middlewares/stm32-vision-models-postprocessing/lib_vision_models_pp/Src/iseg_pp_yolov8.c **** 
 131:../../Middlewares/stm32-vision-models-postprocessing/lib_vision_models_pp/Src/iseg_pp_yolov8.c ****   for (int32_t d = 0; d < pInput_static_param->nb_detect; d++)
 132:../../Middlewares/stm32-vision-models-postprocessing/lib_vision_models_pp/Src/iseg_pp_yolov8.c ****   {
 133:../../Middlewares/stm32-vision-models-postprocessing/lib_vision_models_pp/Src/iseg_pp_yolov8.c ****     if (pOutBuff_s8[d].conf >= threshold_s8 && det_count < pInput_static_param->max_boxes_limit)
 134:../../Middlewares/stm32-vision-models-postprocessing/lib_vision_models_pp/Src/iseg_pp_yolov8.c ****     {
 135:../../Middlewares/stm32-vision-models-postprocessing/lib_vision_models_pp/Src/iseg_pp_yolov8.c ****       int32_t *detection_mask = (int32_t *)pInput_static_param->pMask;
 136:../../Middlewares/stm32-vision-models-postprocessing/lib_vision_models_pp/Src/iseg_pp_yolov8.c ****       uint8_t *binary_mask    = pOutput->pOutBuff[det_count].pMask;
 137:../../Middlewares/stm32-vision-models-postprocessing/lib_vision_models_pp/Src/iseg_pp_yolov8.c ****       int8_t  *Raw_masks      = pInput->pRaw_masks;//(64x64x32)
 138:../../Middlewares/stm32-vision-models-postprocessing/lib_vision_models_pp/Src/iseg_pp_yolov8.c **** 
 139:../../Middlewares/stm32-vision-models-postprocessing/lib_vision_models_pp/Src/iseg_pp_yolov8.c ****       pOutput->pOutBuff[det_count].x_center    = ((int32_t)pOutBuff_s8[d].x_center - raw_zp) * raw_
 140:../../Middlewares/stm32-vision-models-postprocessing/lib_vision_models_pp/Src/iseg_pp_yolov8.c ****       pOutput->pOutBuff[det_count].y_center    = ((int32_t)pOutBuff_s8[d].y_center - raw_zp) * raw_
 141:../../Middlewares/stm32-vision-models-postprocessing/lib_vision_models_pp/Src/iseg_pp_yolov8.c ****       pOutput->pOutBuff[det_count].width       = ((int32_t)pOutBuff_s8[d].width    - raw_zp) * raw_
 142:../../Middlewares/stm32-vision-models-postprocessing/lib_vision_models_pp/Src/iseg_pp_yolov8.c ****       pOutput->pOutBuff[det_count].height      = ((int32_t)pOutBuff_s8[d].height   - raw_zp) * raw_
 143:../../Middlewares/stm32-vision-models-postprocessing/lib_vision_models_pp/Src/iseg_pp_yolov8.c ****       pOutput->pOutBuff[det_count].conf        = ((int32_t)pOutBuff_s8[d].conf     - raw_zp) * raw_
 144:../../Middlewares/stm32-vision-models-postprocessing/lib_vision_models_pp/Src/iseg_pp_yolov8.c ****       pOutput->pOutBuff[det_count].class_index =  (int32_t)pOutBuff_s8[d].class_index;
 145:../../Middlewares/stm32-vision-models-postprocessing/lib_vision_models_pp/Src/iseg_pp_yolov8.c **** 
 146:../../Middlewares/stm32-vision-models-postprocessing/lib_vision_models_pp/Src/iseg_pp_yolov8.c ****       for (int32_t k = 0; k < pInput_static_param->nb_masks ; k++)
 147:../../Middlewares/stm32-vision-models-postprocessing/lib_vision_models_pp/Src/iseg_pp_yolov8.c ****       {
 148:../../Middlewares/stm32-vision-models-postprocessing/lib_vision_models_pp/Src/iseg_pp_yolov8.c ****         detection_mask[k] = ((int32_t)pOutBuff_s8[d].pMask[k] - raw_zp);
 149:../../Middlewares/stm32-vision-models-postprocessing/lib_vision_models_pp/Src/iseg_pp_yolov8.c ****       }
ARM GAS  /tmp/cc66eICS.s 			page 6


 150:../../Middlewares/stm32-vision-models-postprocessing/lib_vision_models_pp/Src/iseg_pp_yolov8.c **** 
 151:../../Middlewares/stm32-vision-models-postprocessing/lib_vision_models_pp/Src/iseg_pp_yolov8.c ****       // Perform matrix multiplication
 152:../../Middlewares/stm32-vision-models-postprocessing/lib_vision_models_pp/Src/iseg_pp_yolov8.c ****       for (int32_t i = 0; i < pInput_static_param->size_masks; i++)
 153:../../Middlewares/stm32-vision-models-postprocessing/lib_vision_models_pp/Src/iseg_pp_yolov8.c ****       {
 154:../../Middlewares/stm32-vision-models-postprocessing/lib_vision_models_pp/Src/iseg_pp_yolov8.c **** #ifdef ARM_MATH_MVEF
 155:../../Middlewares/stm32-vision-models-postprocessing/lib_vision_models_pp/Src/iseg_pp_yolov8.c ****           int32_t iter_loop = pInput_static_param->size_masks >> 2;
 156:../../Middlewares/stm32-vision-models-postprocessing/lib_vision_models_pp/Src/iseg_pp_yolov8.c ****           while(iter_loop--)
 157:../../Middlewares/stm32-vision-models-postprocessing/lib_vision_models_pp/Src/iseg_pp_yolov8.c ****           {
 158:../../Middlewares/stm32-vision-models-postprocessing/lib_vision_models_pp/Src/iseg_pp_yolov8.c ****             // Read for 4 ouputs
 159:../../Middlewares/stm32-vision-models-postprocessing/lib_vision_models_pp/Src/iseg_pp_yolov8.c ****               int32x4_t sum_product_s32x4 = vdupq_n_s32(0);
 160:../../Middlewares/stm32-vision-models-postprocessing/lib_vision_models_pp/Src/iseg_pp_yolov8.c **** 
 161:../../Middlewares/stm32-vision-models-postprocessing/lib_vision_models_pp/Src/iseg_pp_yolov8.c ****               for (int32_t k = 0; k < pInput_static_param->nb_masks ; k++)
 162:../../Middlewares/stm32-vision-models-postprocessing/lib_vision_models_pp/Src/iseg_pp_yolov8.c ****               {
 163:../../Middlewares/stm32-vision-models-postprocessing/lib_vision_models_pp/Src/iseg_pp_yolov8.c ****                 // Load 4 int8_t in int32x4_t register
 164:../../Middlewares/stm32-vision-models-postprocessing/lib_vision_models_pp/Src/iseg_pp_yolov8.c ****                 int32x4_t rawMask = vldrbq_gather_offset_s32(Raw_masks, offset);
 165:../../Middlewares/stm32-vision-models-postprocessing/lib_vision_models_pp/Src/iseg_pp_yolov8.c ****                 sum_product_s32x4 += detection_mask[k] * (rawMask - (int32_t)mask_zp);
 166:../../Middlewares/stm32-vision-models-postprocessing/lib_vision_models_pp/Src/iseg_pp_yolov8.c **** 
 167:../../Middlewares/stm32-vision-models-postprocessing/lib_vision_models_pp/Src/iseg_pp_yolov8.c ****                 Raw_masks++;
 168:../../Middlewares/stm32-vision-models-postprocessing/lib_vision_models_pp/Src/iseg_pp_yolov8.c ****               }
 169:../../Middlewares/stm32-vision-models-postprocessing/lib_vision_models_pp/Src/iseg_pp_yolov8.c ****               // Compare and store 4 results
 170:../../Middlewares/stm32-vision-models-postprocessing/lib_vision_models_pp/Src/iseg_pp_yolov8.c ****               mve_pred16_t p0 = vcmpgeq_n_s32(sum_product_s32x4, threshold_check_s32);
 171:../../Middlewares/stm32-vision-models-postprocessing/lib_vision_models_pp/Src/iseg_pp_yolov8.c ****               uint32x4_t outBinary = vpselq_u32(vdupq_n_u32(1), vdupq_n_u32(0), p0);
 172:../../Middlewares/stm32-vision-models-postprocessing/lib_vision_models_pp/Src/iseg_pp_yolov8.c ****               vstrbq_u32(binary_mask, outBinary);
 173:../../Middlewares/stm32-vision-models-postprocessing/lib_vision_models_pp/Src/iseg_pp_yolov8.c **** 
 174:../../Middlewares/stm32-vision-models-postprocessing/lib_vision_models_pp/Src/iseg_pp_yolov8.c ****               binary_mask+=4;
 175:../../Middlewares/stm32-vision-models-postprocessing/lib_vision_models_pp/Src/iseg_pp_yolov8.c ****               Raw_masks+=3*pInput_static_param->nb_masks;
 176:../../Middlewares/stm32-vision-models-postprocessing/lib_vision_models_pp/Src/iseg_pp_yolov8.c ****           }
 177:../../Middlewares/stm32-vision-models-postprocessing/lib_vision_models_pp/Src/iseg_pp_yolov8.c ****           // Remaining
 178:../../Middlewares/stm32-vision-models-postprocessing/lib_vision_models_pp/Src/iseg_pp_yolov8.c ****           iter_loop = pInput_static_param->size_masks & 3;
 179:../../Middlewares/stm32-vision-models-postprocessing/lib_vision_models_pp/Src/iseg_pp_yolov8.c ****           while(iter_loop--)
 180:../../Middlewares/stm32-vision-models-postprocessing/lib_vision_models_pp/Src/iseg_pp_yolov8.c ****           {
 181:../../Middlewares/stm32-vision-models-postprocessing/lib_vision_models_pp/Src/iseg_pp_yolov8.c ****               int32_t sum_product = 0;
 182:../../Middlewares/stm32-vision-models-postprocessing/lib_vision_models_pp/Src/iseg_pp_yolov8.c ****               for (int32_t k = 0; k < pInput_static_param->nb_masks; k++)
 183:../../Middlewares/stm32-vision-models-postprocessing/lib_vision_models_pp/Src/iseg_pp_yolov8.c ****               {
 184:../../Middlewares/stm32-vision-models-postprocessing/lib_vision_models_pp/Src/iseg_pp_yolov8.c ****                 sum_product += detection_mask[k] * ((int32_t)(*Raw_masks) - (int32_t)mask_zp);
 185:../../Middlewares/stm32-vision-models-postprocessing/lib_vision_models_pp/Src/iseg_pp_yolov8.c **** 
 186:../../Middlewares/stm32-vision-models-postprocessing/lib_vision_models_pp/Src/iseg_pp_yolov8.c ****                 Raw_masks++;
 187:../../Middlewares/stm32-vision-models-postprocessing/lib_vision_models_pp/Src/iseg_pp_yolov8.c ****               }
 188:../../Middlewares/stm32-vision-models-postprocessing/lib_vision_models_pp/Src/iseg_pp_yolov8.c ****               *binary_mask++ = (sum_product >= threshold_check_s32)?1:0;
 189:../../Middlewares/stm32-vision-models-postprocessing/lib_vision_models_pp/Src/iseg_pp_yolov8.c ****           }
 190:../../Middlewares/stm32-vision-models-postprocessing/lib_vision_models_pp/Src/iseg_pp_yolov8.c **** #else
 191:../../Middlewares/stm32-vision-models-postprocessing/lib_vision_models_pp/Src/iseg_pp_yolov8.c ****           for (int32_t j = 0; j < pInput_static_param->size_masks; j++)
 192:../../Middlewares/stm32-vision-models-postprocessing/lib_vision_models_pp/Src/iseg_pp_yolov8.c ****           {
 193:../../Middlewares/stm32-vision-models-postprocessing/lib_vision_models_pp/Src/iseg_pp_yolov8.c ****               int32_t sum_product = 0;
 194:../../Middlewares/stm32-vision-models-postprocessing/lib_vision_models_pp/Src/iseg_pp_yolov8.c ****               for (int32_t k = 0; k < pInput_static_param->nb_masks ; k++)
 195:../../Middlewares/stm32-vision-models-postprocessing/lib_vision_models_pp/Src/iseg_pp_yolov8.c ****               {
 196:../../Middlewares/stm32-vision-models-postprocessing/lib_vision_models_pp/Src/iseg_pp_yolov8.c ****                 sum_product += detection_mask[k] * ((int32_t)(*Raw_masks) - (int32_t)mask_zp);
 197:../../Middlewares/stm32-vision-models-postprocessing/lib_vision_models_pp/Src/iseg_pp_yolov8.c **** 
 198:../../Middlewares/stm32-vision-models-postprocessing/lib_vision_models_pp/Src/iseg_pp_yolov8.c ****                 Raw_masks++;
 199:../../Middlewares/stm32-vision-models-postprocessing/lib_vision_models_pp/Src/iseg_pp_yolov8.c ****               }
 200:../../Middlewares/stm32-vision-models-postprocessing/lib_vision_models_pp/Src/iseg_pp_yolov8.c ****               *binary_mask++ = (sum_product >= threshold_check_s32)?1:0;
 201:../../Middlewares/stm32-vision-models-postprocessing/lib_vision_models_pp/Src/iseg_pp_yolov8.c ****           }
 202:../../Middlewares/stm32-vision-models-postprocessing/lib_vision_models_pp/Src/iseg_pp_yolov8.c **** #endif
 203:../../Middlewares/stm32-vision-models-postprocessing/lib_vision_models_pp/Src/iseg_pp_yolov8.c ****       }
 204:../../Middlewares/stm32-vision-models-postprocessing/lib_vision_models_pp/Src/iseg_pp_yolov8.c ****       det_count++;
 205:../../Middlewares/stm32-vision-models-postprocessing/lib_vision_models_pp/Src/iseg_pp_yolov8.c ****     }
 206:../../Middlewares/stm32-vision-models-postprocessing/lib_vision_models_pp/Src/iseg_pp_yolov8.c ****   }
ARM GAS  /tmp/cc66eICS.s 			page 7


 207:../../Middlewares/stm32-vision-models-postprocessing/lib_vision_models_pp/Src/iseg_pp_yolov8.c **** 
 208:../../Middlewares/stm32-vision-models-postprocessing/lib_vision_models_pp/Src/iseg_pp_yolov8.c ****   pOutput->nb_detect = det_count;
 209:../../Middlewares/stm32-vision-models-postprocessing/lib_vision_models_pp/Src/iseg_pp_yolov8.c **** 
 210:../../Middlewares/stm32-vision-models-postprocessing/lib_vision_models_pp/Src/iseg_pp_yolov8.c ****   return (AI_ISEG_POSTPROCESS_ERROR_NO);
 211:../../Middlewares/stm32-vision-models-postprocessing/lib_vision_models_pp/Src/iseg_pp_yolov8.c **** }
 212:../../Middlewares/stm32-vision-models-postprocessing/lib_vision_models_pp/Src/iseg_pp_yolov8.c **** 
 213:../../Middlewares/stm32-vision-models-postprocessing/lib_vision_models_pp/Src/iseg_pp_yolov8.c **** static
 214:../../Middlewares/stm32-vision-models-postprocessing/lib_vision_models_pp/Src/iseg_pp_yolov8.c **** int32_t iseg_yolov8_pp_getNNBoxes_centroid_is8os8(iseg_yolov8_pp_in_centroid_t *pInput,
 215:../../Middlewares/stm32-vision-models-postprocessing/lib_vision_models_pp/Src/iseg_pp_yolov8.c ****                                                   iseg_yolov8_pp_static_param_t *pInput_static_para
 216:../../Middlewares/stm32-vision-models-postprocessing/lib_vision_models_pp/Src/iseg_pp_yolov8.c **** {
 217:../../Middlewares/stm32-vision-models-postprocessing/lib_vision_models_pp/Src/iseg_pp_yolov8.c ****   int32_t error                                    = AI_ISEG_POSTPROCESS_ERROR_NO;
 218:../../Middlewares/stm32-vision-models-postprocessing/lib_vision_models_pp/Src/iseg_pp_yolov8.c ****   iseg_yolov8_pp_scratchBuffer_s8_t *pOutBuff_s8 = pInput_static_param->pTmpBuff;
 219:../../Middlewares/stm32-vision-models-postprocessing/lib_vision_models_pp/Src/iseg_pp_yolov8.c ****   int32_t nb_classes      = pInput_static_param->nb_classes;
 220:../../Middlewares/stm32-vision-models-postprocessing/lib_vision_models_pp/Src/iseg_pp_yolov8.c ****   int32_t nb_total_boxes  = pInput_static_param->nb_total_boxes;
 221:../../Middlewares/stm32-vision-models-postprocessing/lib_vision_models_pp/Src/iseg_pp_yolov8.c ****   int8_t *pRaw_detections = (int8_t *)pInput->pRaw_detections;
 222:../../Middlewares/stm32-vision-models-postprocessing/lib_vision_models_pp/Src/iseg_pp_yolov8.c ****   int8_t zero_point       = pInput_static_param->raw_output_zero_point;
 223:../../Middlewares/stm32-vision-models-postprocessing/lib_vision_models_pp/Src/iseg_pp_yolov8.c ****   float32_t scale         = pInput_static_param->raw_output_scale;
 224:../../Middlewares/stm32-vision-models-postprocessing/lib_vision_models_pp/Src/iseg_pp_yolov8.c ****   int8_t threshold_s8     = (int8_t)(pInput_static_param->conf_threshold / scale + 0.5f + zero_poin
 225:../../Middlewares/stm32-vision-models-postprocessing/lib_vision_models_pp/Src/iseg_pp_yolov8.c **** 
 226:../../Middlewares/stm32-vision-models-postprocessing/lib_vision_models_pp/Src/iseg_pp_yolov8.c ****   pInput_static_param->nb_detect = 0;
 227:../../Middlewares/stm32-vision-models-postprocessing/lib_vision_models_pp/Src/iseg_pp_yolov8.c ****   int32_t loop_cnt = nb_total_boxes;
 228:../../Middlewares/stm32-vision-models-postprocessing/lib_vision_models_pp/Src/iseg_pp_yolov8.c **** 
 229:../../Middlewares/stm32-vision-models-postprocessing/lib_vision_models_pp/Src/iseg_pp_yolov8.c ****   while (loop_cnt > 0)
 230:../../Middlewares/stm32-vision-models-postprocessing/lib_vision_models_pp/Src/iseg_pp_yolov8.c ****   {
 231:../../Middlewares/stm32-vision-models-postprocessing/lib_vision_models_pp/Src/iseg_pp_yolov8.c ****     int8_t best_score_array[16];
 232:../../Middlewares/stm32-vision-models-postprocessing/lib_vision_models_pp/Src/iseg_pp_yolov8.c ****     uint8_t class_index_array[16];
 233:../../Middlewares/stm32-vision-models-postprocessing/lib_vision_models_pp/Src/iseg_pp_yolov8.c **** 
 234:../../Middlewares/stm32-vision-models-postprocessing/lib_vision_models_pp/Src/iseg_pp_yolov8.c ****     const uint8_t parallel = MIN(loop_cnt, 16);
 235:../../Middlewares/stm32-vision-models-postprocessing/lib_vision_models_pp/Src/iseg_pp_yolov8.c **** 
 236:../../Middlewares/stm32-vision-models-postprocessing/lib_vision_models_pp/Src/iseg_pp_yolov8.c ****     vision_models_maxi_tr_p_is8ou8(&pRaw_detections[AI_YOLOV8_PP_CLASSPROB * nb_total_boxes],
 237:../../Middlewares/stm32-vision-models-postprocessing/lib_vision_models_pp/Src/iseg_pp_yolov8.c ****                                    nb_classes,
 238:../../Middlewares/stm32-vision-models-postprocessing/lib_vision_models_pp/Src/iseg_pp_yolov8.c ****                                    nb_total_boxes,
 239:../../Middlewares/stm32-vision-models-postprocessing/lib_vision_models_pp/Src/iseg_pp_yolov8.c ****                                    best_score_array,
 240:../../Middlewares/stm32-vision-models-postprocessing/lib_vision_models_pp/Src/iseg_pp_yolov8.c ****                                    class_index_array,
 241:../../Middlewares/stm32-vision-models-postprocessing/lib_vision_models_pp/Src/iseg_pp_yolov8.c ****                                    parallel);
 242:../../Middlewares/stm32-vision-models-postprocessing/lib_vision_models_pp/Src/iseg_pp_yolov8.c **** 
 243:../../Middlewares/stm32-vision-models-postprocessing/lib_vision_models_pp/Src/iseg_pp_yolov8.c ****     for (int _i = 0; _i < parallel; _i++)
 244:../../Middlewares/stm32-vision-models-postprocessing/lib_vision_models_pp/Src/iseg_pp_yolov8.c ****     {
 245:../../Middlewares/stm32-vision-models-postprocessing/lib_vision_models_pp/Src/iseg_pp_yolov8.c ****       if (best_score_array[_i] >= threshold_s8)
 246:../../Middlewares/stm32-vision-models-postprocessing/lib_vision_models_pp/Src/iseg_pp_yolov8.c ****       {
 247:../../Middlewares/stm32-vision-models-postprocessing/lib_vision_models_pp/Src/iseg_pp_yolov8.c ****         pOutBuff_s8->x_center    = pRaw_detections[AI_YOLOV8_PP_XCENTER   * nb_total_boxes];
 248:../../Middlewares/stm32-vision-models-postprocessing/lib_vision_models_pp/Src/iseg_pp_yolov8.c ****         pOutBuff_s8->y_center    = pRaw_detections[AI_YOLOV8_PP_YCENTER   * nb_total_boxes];
 249:../../Middlewares/stm32-vision-models-postprocessing/lib_vision_models_pp/Src/iseg_pp_yolov8.c ****         pOutBuff_s8->width       = pRaw_detections[AI_YOLOV8_PP_WIDTHREL  * nb_total_boxes];
 250:../../Middlewares/stm32-vision-models-postprocessing/lib_vision_models_pp/Src/iseg_pp_yolov8.c ****         pOutBuff_s8->height      = pRaw_detections[AI_YOLOV8_PP_HEIGHTREL * nb_total_boxes];
 251:../../Middlewares/stm32-vision-models-postprocessing/lib_vision_models_pp/Src/iseg_pp_yolov8.c ****         pOutBuff_s8->conf        = best_score_array[_i];
 252:../../Middlewares/stm32-vision-models-postprocessing/lib_vision_models_pp/Src/iseg_pp_yolov8.c ****         pOutBuff_s8->class_index = class_index_array[_i];
 253:../../Middlewares/stm32-vision-models-postprocessing/lib_vision_models_pp/Src/iseg_pp_yolov8.c ****         for (int32_t j = 0; j < pInput_static_param->nb_masks; j++)
 254:../../Middlewares/stm32-vision-models-postprocessing/lib_vision_models_pp/Src/iseg_pp_yolov8.c ****         {
 255:../../Middlewares/stm32-vision-models-postprocessing/lib_vision_models_pp/Src/iseg_pp_yolov8.c ****           pOutBuff_s8->pMask[j] =  pRaw_detections[(AI_YOLOV8_PP_CLASSPROB + nb_classes + j) * nb_t
 256:../../Middlewares/stm32-vision-models-postprocessing/lib_vision_models_pp/Src/iseg_pp_yolov8.c ****         }
 257:../../Middlewares/stm32-vision-models-postprocessing/lib_vision_models_pp/Src/iseg_pp_yolov8.c ****         pInput_static_param->nb_detect++;
 258:../../Middlewares/stm32-vision-models-postprocessing/lib_vision_models_pp/Src/iseg_pp_yolov8.c ****         pOutBuff_s8++;
 259:../../Middlewares/stm32-vision-models-postprocessing/lib_vision_models_pp/Src/iseg_pp_yolov8.c ****       }
 260:../../Middlewares/stm32-vision-models-postprocessing/lib_vision_models_pp/Src/iseg_pp_yolov8.c ****       pRaw_detections++;
 261:../../Middlewares/stm32-vision-models-postprocessing/lib_vision_models_pp/Src/iseg_pp_yolov8.c ****     }
 262:../../Middlewares/stm32-vision-models-postprocessing/lib_vision_models_pp/Src/iseg_pp_yolov8.c ****     loop_cnt -= parallel;
 263:../../Middlewares/stm32-vision-models-postprocessing/lib_vision_models_pp/Src/iseg_pp_yolov8.c **** 
ARM GAS  /tmp/cc66eICS.s 			page 8


 264:../../Middlewares/stm32-vision-models-postprocessing/lib_vision_models_pp/Src/iseg_pp_yolov8.c ****   }
 265:../../Middlewares/stm32-vision-models-postprocessing/lib_vision_models_pp/Src/iseg_pp_yolov8.c **** 
 266:../../Middlewares/stm32-vision-models-postprocessing/lib_vision_models_pp/Src/iseg_pp_yolov8.c ****   return (error);
 267:../../Middlewares/stm32-vision-models-postprocessing/lib_vision_models_pp/Src/iseg_pp_yolov8.c **** }
 268:../../Middlewares/stm32-vision-models-postprocessing/lib_vision_models_pp/Src/iseg_pp_yolov8.c **** 
 269:../../Middlewares/stm32-vision-models-postprocessing/lib_vision_models_pp/Src/iseg_pp_yolov8.c **** /* ----------------------       Exported routines      ---------------------- */
 270:../../Middlewares/stm32-vision-models-postprocessing/lib_vision_models_pp/Src/iseg_pp_yolov8.c **** 
 271:../../Middlewares/stm32-vision-models-postprocessing/lib_vision_models_pp/Src/iseg_pp_yolov8.c **** int32_t iseg_yolov8_pp_reset(iseg_yolov8_pp_static_param_t *pInput_static_param)
 272:../../Middlewares/stm32-vision-models-postprocessing/lib_vision_models_pp/Src/iseg_pp_yolov8.c **** {
 125              		.loc 1 272 1 is_stmt 1 view -0
 126              		.cfi_startproc
 127              		@ args = 0, pretend = 0, frame = 0
 128              		@ frame_needed = 0, uses_anonymous_args = 0
 129              		@ link register save eliminated.
 273:../../Middlewares/stm32-vision-models-postprocessing/lib_vision_models_pp/Src/iseg_pp_yolov8.c ****     /* Initializations */
 274:../../Middlewares/stm32-vision-models-postprocessing/lib_vision_models_pp/Src/iseg_pp_yolov8.c ****     pInput_static_param->nb_detect = 0;
 130              		.loc 1 274 5 view .LVU33
 272:../../Middlewares/stm32-vision-models-postprocessing/lib_vision_models_pp/Src/iseg_pp_yolov8.c ****     /* Initializations */
 131              		.loc 1 272 1 is_stmt 0 view .LVU34
 132 0000 0346     		mov	r3, r0
 133              		.loc 1 274 36 view .LVU35
 134 0002 0020     		movs	r0, #0
 135              	.LVL12:
 136              		.loc 1 274 36 view .LVU36
 137 0004 5861     		str	r0, [r3, #20]
 275:../../Middlewares/stm32-vision-models-postprocessing/lib_vision_models_pp/Src/iseg_pp_yolov8.c **** 
 276:../../Middlewares/stm32-vision-models-postprocessing/lib_vision_models_pp/Src/iseg_pp_yolov8.c ****     return (AI_ISEG_POSTPROCESS_ERROR_NO);
 138              		.loc 1 276 5 is_stmt 1 view .LVU37
 277:../../Middlewares/stm32-vision-models-postprocessing/lib_vision_models_pp/Src/iseg_pp_yolov8.c **** }
 139              		.loc 1 277 1 is_stmt 0 view .LVU38
 140 0006 7047     		bx	lr
 141              		.cfi_endproc
 142              	.LFE778:
 144              		.section	.text.iseg_yolov8_pp_process_int8,"ax",%progbits
 145              		.align	1
 146              		.global	iseg_yolov8_pp_process_int8
 147              		.syntax unified
 148              		.thumb
 149              		.thumb_func
 151              	iseg_yolov8_pp_process_int8:
 152              	.LVL13:
 153              	.LFB779:
 278:../../Middlewares/stm32-vision-models-postprocessing/lib_vision_models_pp/Src/iseg_pp_yolov8.c **** 
 279:../../Middlewares/stm32-vision-models-postprocessing/lib_vision_models_pp/Src/iseg_pp_yolov8.c **** int32_t iseg_yolov8_pp_process_int8(iseg_yolov8_pp_in_centroid_t *pInput,
 280:../../Middlewares/stm32-vision-models-postprocessing/lib_vision_models_pp/Src/iseg_pp_yolov8.c ****                                     iseg_pp_out_t *pOutput,
 281:../../Middlewares/stm32-vision-models-postprocessing/lib_vision_models_pp/Src/iseg_pp_yolov8.c ****                                     iseg_yolov8_pp_static_param_t *pInput_static_param)
 282:../../Middlewares/stm32-vision-models-postprocessing/lib_vision_models_pp/Src/iseg_pp_yolov8.c **** {
 154              		.loc 1 282 1 is_stmt 1 view -0
 155              		.cfi_startproc
 156              		@ args = 0, pretend = 0, frame = 64
 157              		@ frame_needed = 0, uses_anonymous_args = 0
 283:../../Middlewares/stm32-vision-models-postprocessing/lib_vision_models_pp/Src/iseg_pp_yolov8.c ****     int32_t error   = AI_ISEG_POSTPROCESS_ERROR_NO;
 158              		.loc 1 283 5 view .LVU40
 284:../../Middlewares/stm32-vision-models-postprocessing/lib_vision_models_pp/Src/iseg_pp_yolov8.c **** 
 285:../../Middlewares/stm32-vision-models-postprocessing/lib_vision_models_pp/Src/iseg_pp_yolov8.c ****     /* Call Get NN boxes first */
 286:../../Middlewares/stm32-vision-models-postprocessing/lib_vision_models_pp/Src/iseg_pp_yolov8.c ****     error = iseg_yolov8_pp_getNNBoxes_centroid_is8os8(pInput,
 159              		.loc 1 286 5 view .LVU41
ARM GAS  /tmp/cc66eICS.s 			page 9


 282:../../Middlewares/stm32-vision-models-postprocessing/lib_vision_models_pp/Src/iseg_pp_yolov8.c ****     int32_t error   = AI_ISEG_POSTPROCESS_ERROR_NO;
 160              		.loc 1 282 1 is_stmt 0 view .LVU42
 161 0000 2DE9F04F 		push	{r4, r5, r6, r7, r8, r9, r10, fp, lr}
 162              		.cfi_def_cfa_offset 36
 163              		.cfi_offset 4, -36
 164              		.cfi_offset 5, -32
 165              		.cfi_offset 6, -28
 166              		.cfi_offset 7, -24
 167              		.cfi_offset 8, -20
 168              		.cfi_offset 9, -16
 169              		.cfi_offset 10, -12
 170              		.cfi_offset 11, -8
 171              		.cfi_offset 14, -4
 172 0004 2DED108B 		vpush.64	{d8, d9, d10, d11, d12, d13, d14, d15}
 173              		.cfi_def_cfa_offset 100
 174              		.cfi_offset 80, -100
 175              		.cfi_offset 81, -96
 176              		.cfi_offset 82, -92
 177              		.cfi_offset 83, -88
 178              		.cfi_offset 84, -84
 179              		.cfi_offset 85, -80
 180              		.cfi_offset 86, -76
 181              		.cfi_offset 87, -72
 182              		.cfi_offset 88, -68
 183              		.cfi_offset 89, -64
 184              		.cfi_offset 90, -60
 185              		.cfi_offset 91, -56
 186              		.cfi_offset 92, -52
 187              		.cfi_offset 93, -48
 188              		.cfi_offset 94, -44
 189              		.cfi_offset 95, -40
 190              	.LBB72:
 191              	.LBB73:
 224:../../Middlewares/stm32-vision-models-postprocessing/lib_vision_models_pp/Src/iseg_pp_yolov8.c **** 
 192              		.loc 1 224 74 view .LVU43
 193 0008 92ED097A 		vldr.32	s14, [r2, #36]
 194 000c D2ED036A 		vldr.32	s13, [r2, #12]
 219:../../Middlewares/stm32-vision-models-postprocessing/lib_vision_models_pp/Src/iseg_pp_yolov8.c ****   int32_t nb_total_boxes  = pInput_static_param->nb_total_boxes;
 195              		.loc 1 219 11 view .LVU44
 196 0010 1368     		ldr	r3, [r2]
 197              	.LBE73:
 198              	.LBE72:
 282:../../Middlewares/stm32-vision-models-postprocessing/lib_vision_models_pp/Src/iseg_pp_yolov8.c ****     int32_t error   = AI_ISEG_POSTPROCESS_ERROR_NO;
 199              		.loc 1 282 1 view .LVU45
 200 0012 93B0     		sub	sp, sp, #76
 201              		.cfi_def_cfa_offset 176
 202              	.LBB88:
 203              	.LBB84:
 219:../../Middlewares/stm32-vision-models-postprocessing/lib_vision_models_pp/Src/iseg_pp_yolov8.c ****   int32_t nb_total_boxes  = pInput_static_param->nb_total_boxes;
 204              		.loc 1 219 11 view .LVU46
 205 0014 0393     		str	r3, [sp, #12]
 224:../../Middlewares/stm32-vision-models-postprocessing/lib_vision_models_pp/Src/iseg_pp_yolov8.c **** 
 206              		.loc 1 224 89 view .LVU47
 207 0016 92F92030 		ldrsb	r3, [r2, #32]
 224:../../Middlewares/stm32-vision-models-postprocessing/lib_vision_models_pp/Src/iseg_pp_yolov8.c **** 
 208              		.loc 1 224 74 view .LVU48
 209 001a C6EE877A 		vdiv.f32	s15, s13, s14
ARM GAS  /tmp/cc66eICS.s 			page 10


 224:../../Middlewares/stm32-vision-models-postprocessing/lib_vision_models_pp/Src/iseg_pp_yolov8.c **** 
 210              		.loc 1 224 82 view .LVU49
 211 001e B6EE008A 		vmov.f32	s16, #5.0e-1
 224:../../Middlewares/stm32-vision-models-postprocessing/lib_vision_models_pp/Src/iseg_pp_yolov8.c **** 
 212              		.loc 1 224 89 view .LVU50
 213 0022 07EE103A 		vmov	s14, r3	@ int
 224:../../Middlewares/stm32-vision-models-postprocessing/lib_vision_models_pp/Src/iseg_pp_yolov8.c **** 
 214              		.loc 1 224 82 view .LVU51
 215 0026 77EE887A 		vadd.f32	s15, s15, s16
 224:../../Middlewares/stm32-vision-models-postprocessing/lib_vision_models_pp/Src/iseg_pp_yolov8.c **** 
 216              		.loc 1 224 89 view .LVU52
 217 002a B8EEC77A 		vcvt.f32.s32	s14, s14
 218 002e 77EE877A 		vadd.f32	s15, s15, s14
 224:../../Middlewares/stm32-vision-models-postprocessing/lib_vision_models_pp/Src/iseg_pp_yolov8.c **** 
 219              		.loc 1 224 10 view .LVU53
 220 0032 FDEEE77A 		vcvt.s32.f32	s15, s15
 221 0036 CDED027A 		vstr.32	s15, [sp, #8]	@ int
 222 003a 9DF90830 		ldrsb	r3, [sp, #8]
 220:../../Middlewares/stm32-vision-models-postprocessing/lib_vision_models_pp/Src/iseg_pp_yolov8.c ****   int8_t *pRaw_detections = (int8_t *)pInput->pRaw_detections;
 223              		.loc 1 220 11 view .LVU54
 224 003e 5568     		ldr	r5, [r2, #4]
 224:../../Middlewares/stm32-vision-models-postprocessing/lib_vision_models_pp/Src/iseg_pp_yolov8.c **** 
 225              		.loc 1 224 10 view .LVU55
 226 0040 0893     		str	r3, [sp, #32]
 226:../../Middlewares/stm32-vision-models-postprocessing/lib_vision_models_pp/Src/iseg_pp_yolov8.c ****   int32_t loop_cnt = nb_total_boxes;
 227              		.loc 1 226 34 view .LVU56
 228 0042 0023     		movs	r3, #0
 229              	.LBE84:
 230              	.LBE88:
 282:../../Middlewares/stm32-vision-models-postprocessing/lib_vision_models_pp/Src/iseg_pp_yolov8.c ****     int32_t error   = AI_ISEG_POSTPROCESS_ERROR_NO;
 231              		.loc 1 282 1 view .LVU57
 232 0044 9346     		mov	fp, r2
 233 0046 2F46     		mov	r7, r5
 234 0048 0668     		ldr	r6, [r0]
 235              	.LVL14:
 236              	.LBB89:
 237              	.LBI72:
 214:../../Middlewares/stm32-vision-models-postprocessing/lib_vision_models_pp/Src/iseg_pp_yolov8.c ****                                                   iseg_yolov8_pp_static_param_t *pInput_static_para
 238              		.loc 1 214 9 is_stmt 1 view .LVU58
 239              	.LBB85:
 217:../../Middlewares/stm32-vision-models-postprocessing/lib_vision_models_pp/Src/iseg_pp_yolov8.c ****   iseg_yolov8_pp_scratchBuffer_s8_t *pOutBuff_s8 = pInput_static_param->pTmpBuff;
 240              		.loc 1 217 3 view .LVU59
 218:../../Middlewares/stm32-vision-models-postprocessing/lib_vision_models_pp/Src/iseg_pp_yolov8.c ****   int32_t nb_classes      = pInput_static_param->nb_classes;
 241              		.loc 1 218 3 view .LVU60
 226:../../Middlewares/stm32-vision-models-postprocessing/lib_vision_models_pp/Src/iseg_pp_yolov8.c ****   int32_t loop_cnt = nb_total_boxes;
 242              		.loc 1 226 34 is_stmt 0 view .LVU61
 243 004a 5361     		str	r3, [r2, #20]
 244              	.LBB74:
 236:../../Middlewares/stm32-vision-models-postprocessing/lib_vision_models_pp/Src/iseg_pp_yolov8.c ****                                    nb_classes,
 245              		.loc 1 236 76 view .LVU62
 246 004c AB00     		lsls	r3, r5, #2
 247 004e 0793     		str	r3, [sp, #28]
 248              	.LBB75:
 249:../../Middlewares/stm32-vision-models-postprocessing/lib_vision_models_pp/Src/iseg_pp_yolov8.c ****         pOutBuff_s8->height      = pRaw_detections[AI_YOLOV8_PP_HEIGHTREL * nb_total_boxes];
 249              		.loc 1 249 75 view .LVU63
 250 0050 6B00     		lsls	r3, r5, #1
 251 0052 0993     		str	r3, [sp, #36]
ARM GAS  /tmp/cc66eICS.s 			page 11


 252 0054 039B     		ldr	r3, [sp, #12]
 253              	.LBE75:
 254              	.LBE74:
 218:../../Middlewares/stm32-vision-models-postprocessing/lib_vision_models_pp/Src/iseg_pp_yolov8.c ****   int32_t nb_classes      = pInput_static_param->nb_classes;
 255              		.loc 1 218 38 view .LVU64
 256 0056 546B     		ldr	r4, [r2, #52]
 257              	.LVL15:
 219:../../Middlewares/stm32-vision-models-postprocessing/lib_vision_models_pp/Src/iseg_pp_yolov8.c ****   int32_t nb_total_boxes  = pInput_static_param->nb_total_boxes;
 258              		.loc 1 219 3 is_stmt 1 view .LVU65
 220:../../Middlewares/stm32-vision-models-postprocessing/lib_vision_models_pp/Src/iseg_pp_yolov8.c ****   int8_t *pRaw_detections = (int8_t *)pInput->pRaw_detections;
 259              		.loc 1 220 3 view .LVU66
 221:../../Middlewares/stm32-vision-models-postprocessing/lib_vision_models_pp/Src/iseg_pp_yolov8.c ****   int8_t zero_point       = pInput_static_param->raw_output_zero_point;
 260              		.loc 1 221 3 view .LVU67
 222:../../Middlewares/stm32-vision-models-postprocessing/lib_vision_models_pp/Src/iseg_pp_yolov8.c ****   float32_t scale         = pInput_static_param->raw_output_scale;
 261              		.loc 1 222 3 view .LVU68
 223:../../Middlewares/stm32-vision-models-postprocessing/lib_vision_models_pp/Src/iseg_pp_yolov8.c ****   int8_t threshold_s8     = (int8_t)(pInput_static_param->conf_threshold / scale + 0.5f + zero_poin
 262              		.loc 1 223 3 view .LVU69
 224:../../Middlewares/stm32-vision-models-postprocessing/lib_vision_models_pp/Src/iseg_pp_yolov8.c **** 
 263              		.loc 1 224 3 view .LVU70
 226:../../Middlewares/stm32-vision-models-postprocessing/lib_vision_models_pp/Src/iseg_pp_yolov8.c ****   int32_t loop_cnt = nb_total_boxes;
 264              		.loc 1 226 3 view .LVU71
 227:../../Middlewares/stm32-vision-models-postprocessing/lib_vision_models_pp/Src/iseg_pp_yolov8.c **** 
 265              		.loc 1 227 3 view .LVU72
 229:../../Middlewares/stm32-vision-models-postprocessing/lib_vision_models_pp/Src/iseg_pp_yolov8.c ****   {
 266              		.loc 1 229 3 view .LVU73
 267 0058 0433     		adds	r3, r3, #4
 268              	.LVL16:
 229:../../Middlewares/stm32-vision-models-postprocessing/lib_vision_models_pp/Src/iseg_pp_yolov8.c ****   {
 269              		.loc 1 229 3 is_stmt 0 view .LVU74
 270 005a 6B43     		muls	r3, r5, r3
 271              	.LBE85:
 272              	.LBE89:
 282:../../Middlewares/stm32-vision-models-postprocessing/lib_vision_models_pp/Src/iseg_pp_yolov8.c ****     int32_t error   = AI_ISEG_POSTPROCESS_ERROR_NO;
 273              		.loc 1 282 1 view .LVU75
 274 005c 0690     		str	r0, [sp, #24]
 275              	.LVL17:
 282:../../Middlewares/stm32-vision-models-postprocessing/lib_vision_models_pp/Src/iseg_pp_yolov8.c ****     int32_t error   = AI_ISEG_POSTPROCESS_ERROR_NO;
 276              		.loc 1 282 1 view .LVU76
 277 005e 0491     		str	r1, [sp, #16]
 278 0060 0593     		str	r3, [sp, #20]
 279              	.LBB90:
 280              	.LBB86:
 281              	.LBB82:
 236:../../Middlewares/stm32-vision-models-postprocessing/lib_vision_models_pp/Src/iseg_pp_yolov8.c ****                                    nb_classes,
 282              		.loc 1 236 5 view .LVU77
 283 0062 0DF12809 		add	r9, sp, #40
 284              	.LVL18:
 285              	.L12:
 236:../../Middlewares/stm32-vision-models-postprocessing/lib_vision_models_pp/Src/iseg_pp_yolov8.c ****                                    nb_classes,
 286              		.loc 1 236 5 view .LVU78
 287              	.LBE82:
 229:../../Middlewares/stm32-vision-models-postprocessing/lib_vision_models_pp/Src/iseg_pp_yolov8.c ****   {
 288              		.loc 1 229 19 is_stmt 1 view .LVU79
 289 0066 002D     		cmp	r5, #0
 290 0068 57DC     		bgt	.L17
 266:../../Middlewares/stm32-vision-models-postprocessing/lib_vision_models_pp/Src/iseg_pp_yolov8.c **** }
 291              		.loc 1 266 3 view .LVU80
ARM GAS  /tmp/cc66eICS.s 			page 12


 292              	.LVL19:
 266:../../Middlewares/stm32-vision-models-postprocessing/lib_vision_models_pp/Src/iseg_pp_yolov8.c **** }
 293              		.loc 1 266 3 is_stmt 0 view .LVU81
 294              	.LBE86:
 295              	.LBE90:
 287:../../Middlewares/stm32-vision-models-postprocessing/lib_vision_models_pp/Src/iseg_pp_yolov8.c ****                                                       pInput_static_param);
 288:../../Middlewares/stm32-vision-models-postprocessing/lib_vision_models_pp/Src/iseg_pp_yolov8.c **** 
 289:../../Middlewares/stm32-vision-models-postprocessing/lib_vision_models_pp/Src/iseg_pp_yolov8.c **** 
 290:../../Middlewares/stm32-vision-models-postprocessing/lib_vision_models_pp/Src/iseg_pp_yolov8.c ****     if (error != AI_ISEG_POSTPROCESS_ERROR_NO) return (error);
 296              		.loc 1 290 5 is_stmt 1 view .LVU82
 291:../../Middlewares/stm32-vision-models-postprocessing/lib_vision_models_pp/Src/iseg_pp_yolov8.c **** 
 292:../../Middlewares/stm32-vision-models-postprocessing/lib_vision_models_pp/Src/iseg_pp_yolov8.c ****     /* Then NMS */
 293:../../Middlewares/stm32-vision-models-postprocessing/lib_vision_models_pp/Src/iseg_pp_yolov8.c ****     error = iseg_yolov8_pp_nmsFiltering_centroid_is8os8(pInput_static_param);
 297              		.loc 1 293 5 view .LVU83
 298              	.LBB91:
 299              	.LBI91:
  44:../../Middlewares/stm32-vision-models-postprocessing/lib_vision_models_pp/Src/iseg_pp_yolov8.c **** {
 300              		.loc 1 44 9 view .LVU84
 301              	.LBB92:
  46:../../Middlewares/stm32-vision-models-postprocessing/lib_vision_models_pp/Src/iseg_pp_yolov8.c ****   iseg_yolov8_pp_scratchBuffer_s8_t *pOutBuff_s8 = pInput_static_param->pTmpBuff;
 302              		.loc 1 46 3 view .LVU85
  47:../../Middlewares/stm32-vision-models-postprocessing/lib_vision_models_pp/Src/iseg_pp_yolov8.c **** 
 303              		.loc 1 47 3 view .LVU86
  49:../../Middlewares/stm32-vision-models-postprocessing/lib_vision_models_pp/Src/iseg_pp_yolov8.c ****     {
 304              		.loc 1 49 12 is_stmt 0 view .LVU87
 305 006a 0026     		movs	r6, #0
  47:../../Middlewares/stm32-vision-models-postprocessing/lib_vision_models_pp/Src/iseg_pp_yolov8.c **** 
 306              		.loc 1 47 38 view .LVU88
 307 006c DBF83450 		ldr	r5, [fp, #52]
 308              	.LVL20:
  49:../../Middlewares/stm32-vision-models-postprocessing/lib_vision_models_pp/Src/iseg_pp_yolov8.c ****     {
 309              		.loc 1 49 5 is_stmt 1 view .LVU89
 310              	.L18:
  49:../../Middlewares/stm32-vision-models-postprocessing/lib_vision_models_pp/Src/iseg_pp_yolov8.c ****     {
 311              		.loc 1 49 19 discriminator 1 view .LVU90
 312 0070 DBF80030 		ldr	r3, [fp]
 313              	.LBB93:
  57:../../Middlewares/stm32-vision-models-postprocessing/lib_vision_models_pp/Src/iseg_pp_yolov8.c ****         {
 314              		.loc 1 57 52 is_stmt 0 discriminator 1 view .LVU91
 315 0074 DBF81410 		ldr	r1, [fp, #20]
 316              	.LBE93:
  49:../../Middlewares/stm32-vision-models-postprocessing/lib_vision_models_pp/Src/iseg_pp_yolov8.c ****     {
 317              		.loc 1 49 19 discriminator 1 view .LVU92
 318 0078 9E42     		cmp	r6, r3
 319 007a C0F2A080 		blt	.L36
 105:../../Middlewares/stm32-vision-models-postprocessing/lib_vision_models_pp/Src/iseg_pp_yolov8.c **** }
 320              		.loc 1 105 5 is_stmt 1 view .LVU93
 321              	.LVL21:
 105:../../Middlewares/stm32-vision-models-postprocessing/lib_vision_models_pp/Src/iseg_pp_yolov8.c **** }
 322              		.loc 1 105 5 is_stmt 0 view .LVU94
 323              	.LBE92:
 324              	.LBE91:
 294:../../Middlewares/stm32-vision-models-postprocessing/lib_vision_models_pp/Src/iseg_pp_yolov8.c **** 
 295:../../Middlewares/stm32-vision-models-postprocessing/lib_vision_models_pp/Src/iseg_pp_yolov8.c **** 
 296:../../Middlewares/stm32-vision-models-postprocessing/lib_vision_models_pp/Src/iseg_pp_yolov8.c ****     if (error != AI_ISEG_POSTPROCESS_ERROR_NO) return (error);
 325              		.loc 1 296 5 is_stmt 1 view .LVU95
 297:../../Middlewares/stm32-vision-models-postprocessing/lib_vision_models_pp/Src/iseg_pp_yolov8.c **** 
ARM GAS  /tmp/cc66eICS.s 			page 13


 298:../../Middlewares/stm32-vision-models-postprocessing/lib_vision_models_pp/Src/iseg_pp_yolov8.c ****     /* And score re-filtering */
 299:../../Middlewares/stm32-vision-models-postprocessing/lib_vision_models_pp/Src/iseg_pp_yolov8.c ****    error = iseg_yolov8_pp_scoreFiltering_centroid_is8(pInput,
 326              		.loc 1 299 4 view .LVU96
 327              	.LBB107:
 328              	.LBI107:
 108:../../Middlewares/stm32-vision-models-postprocessing/lib_vision_models_pp/Src/iseg_pp_yolov8.c ****                                                    iseg_pp_out_t *pOutput,
 329              		.loc 1 108 9 view .LVU97
 330              	.LBB108:
 112:../../Middlewares/stm32-vision-models-postprocessing/lib_vision_models_pp/Src/iseg_pp_yolov8.c ****   iseg_yolov8_pp_scratchBuffer_s8_t *pOutBuff_s8 = pInput_static_param->pTmpBuff;
 331              		.loc 1 112 3 view .LVU98
 113:../../Middlewares/stm32-vision-models-postprocessing/lib_vision_models_pp/Src/iseg_pp_yolov8.c ****   pOutput->nb_detect = MIN(pInput_static_param->nb_detect, pInput_static_param->max_boxes_limit);
 332              		.loc 1 113 3 view .LVU99
 120:../../Middlewares/stm32-vision-models-postprocessing/lib_vision_models_pp/Src/iseg_pp_yolov8.c ****   int8_t threshold_s8  = (int8_t)(pInput_static_param->conf_threshold / raw_scale + 0.5f + raw_zp);
 333              		.loc 1 120 13 is_stmt 0 view .LVU100
 334 007e 9BED097A 		vldr.32	s14, [fp, #36]
 121:../../Middlewares/stm32-vision-models-postprocessing/lib_vision_models_pp/Src/iseg_pp_yolov8.c **** 
 335              		.loc 1 121 71 view .LVU101
 336 0082 DBED036A 		vldr.32	s13, [fp, #12]
 119:../../Middlewares/stm32-vision-models-postprocessing/lib_vision_models_pp/Src/iseg_pp_yolov8.c ****   float32_t raw_scale  = pInput_static_param->raw_output_scale;
 337              		.loc 1 119 10 view .LVU102
 338 0086 9BF92040 		ldrsb	r4, [fp, #32]
 121:../../Middlewares/stm32-vision-models-postprocessing/lib_vision_models_pp/Src/iseg_pp_yolov8.c **** 
 339              		.loc 1 121 71 view .LVU103
 340 008a C6EE877A 		vdiv.f32	s15, s13, s14
 121:../../Middlewares/stm32-vision-models-postprocessing/lib_vision_models_pp/Src/iseg_pp_yolov8.c **** 
 341              		.loc 1 121 90 view .LVU104
 342 008e 06EE904A 		vmov	s13, r4	@ int
 121:../../Middlewares/stm32-vision-models-postprocessing/lib_vision_models_pp/Src/iseg_pp_yolov8.c **** 
 343              		.loc 1 121 83 view .LVU105
 344 0092 77EE887A 		vadd.f32	s15, s15, s16
 121:../../Middlewares/stm32-vision-models-postprocessing/lib_vision_models_pp/Src/iseg_pp_yolov8.c **** 
 345              		.loc 1 121 90 view .LVU106
 346 0096 F8EEE66A 		vcvt.f32.s32	s13, s13
 347 009a 77EEA67A 		vadd.f32	s15, s15, s13
 121:../../Middlewares/stm32-vision-models-postprocessing/lib_vision_models_pp/Src/iseg_pp_yolov8.c **** 
 348              		.loc 1 121 10 view .LVU107
 349 009e FDEEE77A 		vcvt.s32.f32	s15, s15
 350              	.LBB109:
 351              	.LBB110:
 352              		.file 2 "/home/min/snap/code/229/.local/share/stm32cube/bundles/gnu-tools-for-stm32/14.3.1+st.2/li
   1:/home/min/snap/code/229/.local/share/stm32cube/bundles/gnu-tools-for-stm32/14.3.1+st.2/lib/gcc/arm-none-eabi/14.3.1/include/arm_mve.h **** /* Arm MVE intrinsics include file.
   2:/home/min/snap/code/229/.local/share/stm32cube/bundles/gnu-tools-for-stm32/14.3.1+st.2/lib/gcc/arm-none-eabi/14.3.1/include/arm_mve.h **** 
   3:/home/min/snap/code/229/.local/share/stm32cube/bundles/gnu-tools-for-stm32/14.3.1+st.2/lib/gcc/arm-none-eabi/14.3.1/include/arm_mve.h ****    Copyright (C) 2019-2024 Free Software Foundation, Inc.
   4:/home/min/snap/code/229/.local/share/stm32cube/bundles/gnu-tools-for-stm32/14.3.1+st.2/lib/gcc/arm-none-eabi/14.3.1/include/arm_mve.h ****    Contributed by Arm.
   5:/home/min/snap/code/229/.local/share/stm32cube/bundles/gnu-tools-for-stm32/14.3.1+st.2/lib/gcc/arm-none-eabi/14.3.1/include/arm_mve.h **** 
   6:/home/min/snap/code/229/.local/share/stm32cube/bundles/gnu-tools-for-stm32/14.3.1+st.2/lib/gcc/arm-none-eabi/14.3.1/include/arm_mve.h ****    This file is part of GCC.
   7:/home/min/snap/code/229/.local/share/stm32cube/bundles/gnu-tools-for-stm32/14.3.1+st.2/lib/gcc/arm-none-eabi/14.3.1/include/arm_mve.h **** 
   8:/home/min/snap/code/229/.local/share/stm32cube/bundles/gnu-tools-for-stm32/14.3.1+st.2/lib/gcc/arm-none-eabi/14.3.1/include/arm_mve.h ****    GCC is free software; you can redistribute it and/or modify it
   9:/home/min/snap/code/229/.local/share/stm32cube/bundles/gnu-tools-for-stm32/14.3.1+st.2/lib/gcc/arm-none-eabi/14.3.1/include/arm_mve.h ****    under the terms of the GNU General Public License as published
  10:/home/min/snap/code/229/.local/share/stm32cube/bundles/gnu-tools-for-stm32/14.3.1+st.2/lib/gcc/arm-none-eabi/14.3.1/include/arm_mve.h ****    by the Free Software Foundation; either version 3, or (at your
  11:/home/min/snap/code/229/.local/share/stm32cube/bundles/gnu-tools-for-stm32/14.3.1+st.2/lib/gcc/arm-none-eabi/14.3.1/include/arm_mve.h ****    option) any later version.
  12:/home/min/snap/code/229/.local/share/stm32cube/bundles/gnu-tools-for-stm32/14.3.1+st.2/lib/gcc/arm-none-eabi/14.3.1/include/arm_mve.h **** 
  13:/home/min/snap/code/229/.local/share/stm32cube/bundles/gnu-tools-for-stm32/14.3.1+st.2/lib/gcc/arm-none-eabi/14.3.1/include/arm_mve.h ****    GCC is distributed in the hope that it will be useful, but WITHOUT
  14:/home/min/snap/code/229/.local/share/stm32cube/bundles/gnu-tools-for-stm32/14.3.1+st.2/lib/gcc/arm-none-eabi/14.3.1/include/arm_mve.h ****    ANY WARRANTY; without even the implied warranty of MERCHANTABILITY
  15:/home/min/snap/code/229/.local/share/stm32cube/bundles/gnu-tools-for-stm32/14.3.1+st.2/lib/gcc/arm-none-eabi/14.3.1/include/arm_mve.h ****    or FITNESS FOR A PARTICULAR PURPOSE.  See the GNU General Public
  16:/home/min/snap/code/229/.local/share/stm32cube/bundles/gnu-tools-for-stm32/14.3.1+st.2/lib/gcc/arm-none-eabi/14.3.1/include/arm_mve.h ****    License for more details.
  17:/home/min/snap/code/229/.local/share/stm32cube/bundles/gnu-tools-for-stm32/14.3.1+st.2/lib/gcc/arm-none-eabi/14.3.1/include/arm_mve.h **** 
ARM GAS  /tmp/cc66eICS.s 			page 14


  18:/home/min/snap/code/229/.local/share/stm32cube/bundles/gnu-tools-for-stm32/14.3.1+st.2/lib/gcc/arm-none-eabi/14.3.1/include/arm_mve.h ****    Under Section 7 of GPL version 3, you are granted additional
  19:/home/min/snap/code/229/.local/share/stm32cube/bundles/gnu-tools-for-stm32/14.3.1+st.2/lib/gcc/arm-none-eabi/14.3.1/include/arm_mve.h ****    permissions described in the GCC Runtime Library Exception, version
  20:/home/min/snap/code/229/.local/share/stm32cube/bundles/gnu-tools-for-stm32/14.3.1+st.2/lib/gcc/arm-none-eabi/14.3.1/include/arm_mve.h ****    3.1, as published by the Free Software Foundation.
  21:/home/min/snap/code/229/.local/share/stm32cube/bundles/gnu-tools-for-stm32/14.3.1+st.2/lib/gcc/arm-none-eabi/14.3.1/include/arm_mve.h **** 
  22:/home/min/snap/code/229/.local/share/stm32cube/bundles/gnu-tools-for-stm32/14.3.1+st.2/lib/gcc/arm-none-eabi/14.3.1/include/arm_mve.h ****    You should have received a copy of the GNU General Public License
  23:/home/min/snap/code/229/.local/share/stm32cube/bundles/gnu-tools-for-stm32/14.3.1+st.2/lib/gcc/arm-none-eabi/14.3.1/include/arm_mve.h ****    along with GCC; see the file COPYING3.  If not see
  24:/home/min/snap/code/229/.local/share/stm32cube/bundles/gnu-tools-for-stm32/14.3.1+st.2/lib/gcc/arm-none-eabi/14.3.1/include/arm_mve.h ****    <http://www.gnu.org/licenses/>.  */
  25:/home/min/snap/code/229/.local/share/stm32cube/bundles/gnu-tools-for-stm32/14.3.1+st.2/lib/gcc/arm-none-eabi/14.3.1/include/arm_mve.h **** 
  26:/home/min/snap/code/229/.local/share/stm32cube/bundles/gnu-tools-for-stm32/14.3.1+st.2/lib/gcc/arm-none-eabi/14.3.1/include/arm_mve.h **** #ifndef _GCC_ARM_MVE_H
  27:/home/min/snap/code/229/.local/share/stm32cube/bundles/gnu-tools-for-stm32/14.3.1+st.2/lib/gcc/arm-none-eabi/14.3.1/include/arm_mve.h **** #define _GCC_ARM_MVE_H
  28:/home/min/snap/code/229/.local/share/stm32cube/bundles/gnu-tools-for-stm32/14.3.1+st.2/lib/gcc/arm-none-eabi/14.3.1/include/arm_mve.h **** 
  29:/home/min/snap/code/229/.local/share/stm32cube/bundles/gnu-tools-for-stm32/14.3.1+st.2/lib/gcc/arm-none-eabi/14.3.1/include/arm_mve.h **** #if __ARM_BIG_ENDIAN
  30:/home/min/snap/code/229/.local/share/stm32cube/bundles/gnu-tools-for-stm32/14.3.1+st.2/lib/gcc/arm-none-eabi/14.3.1/include/arm_mve.h **** #error "MVE intrinsics are not supported in Big-Endian mode."
  31:/home/min/snap/code/229/.local/share/stm32cube/bundles/gnu-tools-for-stm32/14.3.1+st.2/lib/gcc/arm-none-eabi/14.3.1/include/arm_mve.h **** #elif !__ARM_FEATURE_MVE
  32:/home/min/snap/code/229/.local/share/stm32cube/bundles/gnu-tools-for-stm32/14.3.1+st.2/lib/gcc/arm-none-eabi/14.3.1/include/arm_mve.h **** #error "MVE feature not supported"
  33:/home/min/snap/code/229/.local/share/stm32cube/bundles/gnu-tools-for-stm32/14.3.1+st.2/lib/gcc/arm-none-eabi/14.3.1/include/arm_mve.h **** #else
  34:/home/min/snap/code/229/.local/share/stm32cube/bundles/gnu-tools-for-stm32/14.3.1+st.2/lib/gcc/arm-none-eabi/14.3.1/include/arm_mve.h **** 
  35:/home/min/snap/code/229/.local/share/stm32cube/bundles/gnu-tools-for-stm32/14.3.1+st.2/lib/gcc/arm-none-eabi/14.3.1/include/arm_mve.h **** #include <stdint.h>
  36:/home/min/snap/code/229/.local/share/stm32cube/bundles/gnu-tools-for-stm32/14.3.1+st.2/lib/gcc/arm-none-eabi/14.3.1/include/arm_mve.h **** #ifndef  __cplusplus
  37:/home/min/snap/code/229/.local/share/stm32cube/bundles/gnu-tools-for-stm32/14.3.1+st.2/lib/gcc/arm-none-eabi/14.3.1/include/arm_mve.h **** #include <stdbool.h>
  38:/home/min/snap/code/229/.local/share/stm32cube/bundles/gnu-tools-for-stm32/14.3.1+st.2/lib/gcc/arm-none-eabi/14.3.1/include/arm_mve.h **** #endif
  39:/home/min/snap/code/229/.local/share/stm32cube/bundles/gnu-tools-for-stm32/14.3.1+st.2/lib/gcc/arm-none-eabi/14.3.1/include/arm_mve.h **** #include "arm_mve_types.h"
  40:/home/min/snap/code/229/.local/share/stm32cube/bundles/gnu-tools-for-stm32/14.3.1+st.2/lib/gcc/arm-none-eabi/14.3.1/include/arm_mve.h **** 
  41:/home/min/snap/code/229/.local/share/stm32cube/bundles/gnu-tools-for-stm32/14.3.1+st.2/lib/gcc/arm-none-eabi/14.3.1/include/arm_mve.h **** #ifdef __ARM_MVE_PRESERVE_USER_NAMESPACE
  42:/home/min/snap/code/229/.local/share/stm32cube/bundles/gnu-tools-for-stm32/14.3.1+st.2/lib/gcc/arm-none-eabi/14.3.1/include/arm_mve.h **** #pragma GCC arm "arm_mve.h" true
  43:/home/min/snap/code/229/.local/share/stm32cube/bundles/gnu-tools-for-stm32/14.3.1+st.2/lib/gcc/arm-none-eabi/14.3.1/include/arm_mve.h **** #else
  44:/home/min/snap/code/229/.local/share/stm32cube/bundles/gnu-tools-for-stm32/14.3.1+st.2/lib/gcc/arm-none-eabi/14.3.1/include/arm_mve.h **** #pragma GCC arm "arm_mve.h" false
  45:/home/min/snap/code/229/.local/share/stm32cube/bundles/gnu-tools-for-stm32/14.3.1+st.2/lib/gcc/arm-none-eabi/14.3.1/include/arm_mve.h **** #endif
  46:/home/min/snap/code/229/.local/share/stm32cube/bundles/gnu-tools-for-stm32/14.3.1+st.2/lib/gcc/arm-none-eabi/14.3.1/include/arm_mve.h **** 
  47:/home/min/snap/code/229/.local/share/stm32cube/bundles/gnu-tools-for-stm32/14.3.1+st.2/lib/gcc/arm-none-eabi/14.3.1/include/arm_mve.h **** #ifndef __ARM_MVE_PRESERVE_USER_NAMESPACE
  48:/home/min/snap/code/229/.local/share/stm32cube/bundles/gnu-tools-for-stm32/14.3.1+st.2/lib/gcc/arm-none-eabi/14.3.1/include/arm_mve.h **** #define vst4q(__addr, __value) __arm_vst4q(__addr, __value)
  49:/home/min/snap/code/229/.local/share/stm32cube/bundles/gnu-tools-for-stm32/14.3.1+st.2/lib/gcc/arm-none-eabi/14.3.1/include/arm_mve.h **** #define vornq(__a, __b) __arm_vornq(__a, __b)
  50:/home/min/snap/code/229/.local/share/stm32cube/bundles/gnu-tools-for-stm32/14.3.1+st.2/lib/gcc/arm-none-eabi/14.3.1/include/arm_mve.h **** #define vbicq(__a, __b) __arm_vbicq(__a, __b)
  51:/home/min/snap/code/229/.local/share/stm32cube/bundles/gnu-tools-for-stm32/14.3.1+st.2/lib/gcc/arm-none-eabi/14.3.1/include/arm_mve.h **** #define vbicq_m_n(__a, __imm, __p) __arm_vbicq_m_n(__a, __imm, __p)
  52:/home/min/snap/code/229/.local/share/stm32cube/bundles/gnu-tools-for-stm32/14.3.1+st.2/lib/gcc/arm-none-eabi/14.3.1/include/arm_mve.h **** #define vshlcq(__a, __b, __imm) __arm_vshlcq(__a, __b, __imm)
  53:/home/min/snap/code/229/.local/share/stm32cube/bundles/gnu-tools-for-stm32/14.3.1+st.2/lib/gcc/arm-none-eabi/14.3.1/include/arm_mve.h **** #define vbicq_m(__inactive, __a, __b, __p) __arm_vbicq_m(__inactive, __a, __b, __p)
  54:/home/min/snap/code/229/.local/share/stm32cube/bundles/gnu-tools-for-stm32/14.3.1+st.2/lib/gcc/arm-none-eabi/14.3.1/include/arm_mve.h **** #define vornq_m(__inactive, __a, __b, __p) __arm_vornq_m(__inactive, __a, __b, __p)
  55:/home/min/snap/code/229/.local/share/stm32cube/bundles/gnu-tools-for-stm32/14.3.1+st.2/lib/gcc/arm-none-eabi/14.3.1/include/arm_mve.h **** #define vstrbq_scatter_offset(__base, __offset, __value) __arm_vstrbq_scatter_offset(__base, __offs
  56:/home/min/snap/code/229/.local/share/stm32cube/bundles/gnu-tools-for-stm32/14.3.1+st.2/lib/gcc/arm-none-eabi/14.3.1/include/arm_mve.h **** #define vstrbq(__addr, __value) __arm_vstrbq(__addr, __value)
  57:/home/min/snap/code/229/.local/share/stm32cube/bundles/gnu-tools-for-stm32/14.3.1+st.2/lib/gcc/arm-none-eabi/14.3.1/include/arm_mve.h **** #define vstrwq_scatter_base(__addr, __offset, __value) __arm_vstrwq_scatter_base(__addr, __offset, 
  58:/home/min/snap/code/229/.local/share/stm32cube/bundles/gnu-tools-for-stm32/14.3.1+st.2/lib/gcc/arm-none-eabi/14.3.1/include/arm_mve.h **** #define vldrbq_gather_offset(__base, __offset) __arm_vldrbq_gather_offset(__base, __offset)
  59:/home/min/snap/code/229/.local/share/stm32cube/bundles/gnu-tools-for-stm32/14.3.1+st.2/lib/gcc/arm-none-eabi/14.3.1/include/arm_mve.h **** #define vstrbq_p(__addr, __value, __p) __arm_vstrbq_p(__addr, __value, __p)
  60:/home/min/snap/code/229/.local/share/stm32cube/bundles/gnu-tools-for-stm32/14.3.1+st.2/lib/gcc/arm-none-eabi/14.3.1/include/arm_mve.h **** #define vstrbq_scatter_offset_p(__base, __offset, __value, __p) __arm_vstrbq_scatter_offset_p(__bas
  61:/home/min/snap/code/229/.local/share/stm32cube/bundles/gnu-tools-for-stm32/14.3.1+st.2/lib/gcc/arm-none-eabi/14.3.1/include/arm_mve.h **** #define vstrwq_scatter_base_p(__addr, __offset, __value, __p) __arm_vstrwq_scatter_base_p(__addr, _
  62:/home/min/snap/code/229/.local/share/stm32cube/bundles/gnu-tools-for-stm32/14.3.1+st.2/lib/gcc/arm-none-eabi/14.3.1/include/arm_mve.h **** #define vldrbq_gather_offset_z(__base, __offset, __p) __arm_vldrbq_gather_offset_z(__base, __offset
  63:/home/min/snap/code/229/.local/share/stm32cube/bundles/gnu-tools-for-stm32/14.3.1+st.2/lib/gcc/arm-none-eabi/14.3.1/include/arm_mve.h **** #define vldrhq_gather_offset(__base, __offset) __arm_vldrhq_gather_offset(__base, __offset)
  64:/home/min/snap/code/229/.local/share/stm32cube/bundles/gnu-tools-for-stm32/14.3.1+st.2/lib/gcc/arm-none-eabi/14.3.1/include/arm_mve.h **** #define vldrhq_gather_offset_z(__base, __offset, __p) __arm_vldrhq_gather_offset_z(__base, __offset
  65:/home/min/snap/code/229/.local/share/stm32cube/bundles/gnu-tools-for-stm32/14.3.1+st.2/lib/gcc/arm-none-eabi/14.3.1/include/arm_mve.h **** #define vldrhq_gather_shifted_offset(__base, __offset) __arm_vldrhq_gather_shifted_offset(__base, _
  66:/home/min/snap/code/229/.local/share/stm32cube/bundles/gnu-tools-for-stm32/14.3.1+st.2/lib/gcc/arm-none-eabi/14.3.1/include/arm_mve.h **** #define vldrhq_gather_shifted_offset_z(__base, __offset, __p) __arm_vldrhq_gather_shifted_offset_z(
  67:/home/min/snap/code/229/.local/share/stm32cube/bundles/gnu-tools-for-stm32/14.3.1+st.2/lib/gcc/arm-none-eabi/14.3.1/include/arm_mve.h **** #define vldrdq_gather_offset(__base, __offset) __arm_vldrdq_gather_offset(__base, __offset)
  68:/home/min/snap/code/229/.local/share/stm32cube/bundles/gnu-tools-for-stm32/14.3.1+st.2/lib/gcc/arm-none-eabi/14.3.1/include/arm_mve.h **** #define vldrdq_gather_offset_z(__base, __offset, __p) __arm_vldrdq_gather_offset_z(__base, __offset
  69:/home/min/snap/code/229/.local/share/stm32cube/bundles/gnu-tools-for-stm32/14.3.1+st.2/lib/gcc/arm-none-eabi/14.3.1/include/arm_mve.h **** #define vldrdq_gather_shifted_offset(__base, __offset) __arm_vldrdq_gather_shifted_offset(__base, _
  70:/home/min/snap/code/229/.local/share/stm32cube/bundles/gnu-tools-for-stm32/14.3.1+st.2/lib/gcc/arm-none-eabi/14.3.1/include/arm_mve.h **** #define vldrdq_gather_shifted_offset_z(__base, __offset, __p) __arm_vldrdq_gather_shifted_offset_z(
  71:/home/min/snap/code/229/.local/share/stm32cube/bundles/gnu-tools-for-stm32/14.3.1+st.2/lib/gcc/arm-none-eabi/14.3.1/include/arm_mve.h **** #define vldrwq_gather_offset(__base, __offset) __arm_vldrwq_gather_offset(__base, __offset)
  72:/home/min/snap/code/229/.local/share/stm32cube/bundles/gnu-tools-for-stm32/14.3.1+st.2/lib/gcc/arm-none-eabi/14.3.1/include/arm_mve.h **** #define vldrwq_gather_offset_z(__base, __offset, __p) __arm_vldrwq_gather_offset_z(__base, __offset
  73:/home/min/snap/code/229/.local/share/stm32cube/bundles/gnu-tools-for-stm32/14.3.1+st.2/lib/gcc/arm-none-eabi/14.3.1/include/arm_mve.h **** #define vldrwq_gather_shifted_offset(__base, __offset) __arm_vldrwq_gather_shifted_offset(__base, _
  74:/home/min/snap/code/229/.local/share/stm32cube/bundles/gnu-tools-for-stm32/14.3.1+st.2/lib/gcc/arm-none-eabi/14.3.1/include/arm_mve.h **** #define vldrwq_gather_shifted_offset_z(__base, __offset, __p) __arm_vldrwq_gather_shifted_offset_z(
ARM GAS  /tmp/cc66eICS.s 			page 15


  75:/home/min/snap/code/229/.local/share/stm32cube/bundles/gnu-tools-for-stm32/14.3.1+st.2/lib/gcc/arm-none-eabi/14.3.1/include/arm_mve.h **** #define vstrhq_scatter_offset(__base, __offset, __value) __arm_vstrhq_scatter_offset(__base, __offs
  76:/home/min/snap/code/229/.local/share/stm32cube/bundles/gnu-tools-for-stm32/14.3.1+st.2/lib/gcc/arm-none-eabi/14.3.1/include/arm_mve.h **** #define vstrhq_scatter_offset_p(__base, __offset, __value, __p) __arm_vstrhq_scatter_offset_p(__bas
  77:/home/min/snap/code/229/.local/share/stm32cube/bundles/gnu-tools-for-stm32/14.3.1+st.2/lib/gcc/arm-none-eabi/14.3.1/include/arm_mve.h **** #define vstrhq_scatter_shifted_offset(__base, __offset, __value) __arm_vstrhq_scatter_shifted_offse
  78:/home/min/snap/code/229/.local/share/stm32cube/bundles/gnu-tools-for-stm32/14.3.1+st.2/lib/gcc/arm-none-eabi/14.3.1/include/arm_mve.h **** #define vstrhq_scatter_shifted_offset_p(__base, __offset, __value, __p) __arm_vstrhq_scatter_shifte
  79:/home/min/snap/code/229/.local/share/stm32cube/bundles/gnu-tools-for-stm32/14.3.1+st.2/lib/gcc/arm-none-eabi/14.3.1/include/arm_mve.h **** #define vstrhq(__addr, __value) __arm_vstrhq(__addr, __value)
  80:/home/min/snap/code/229/.local/share/stm32cube/bundles/gnu-tools-for-stm32/14.3.1+st.2/lib/gcc/arm-none-eabi/14.3.1/include/arm_mve.h **** #define vstrhq_p(__addr, __value, __p) __arm_vstrhq_p(__addr, __value, __p)
  81:/home/min/snap/code/229/.local/share/stm32cube/bundles/gnu-tools-for-stm32/14.3.1+st.2/lib/gcc/arm-none-eabi/14.3.1/include/arm_mve.h **** #define vstrwq(__addr, __value) __arm_vstrwq(__addr, __value)
  82:/home/min/snap/code/229/.local/share/stm32cube/bundles/gnu-tools-for-stm32/14.3.1+st.2/lib/gcc/arm-none-eabi/14.3.1/include/arm_mve.h **** #define vstrwq_p(__addr, __value, __p) __arm_vstrwq_p(__addr, __value, __p)
  83:/home/min/snap/code/229/.local/share/stm32cube/bundles/gnu-tools-for-stm32/14.3.1+st.2/lib/gcc/arm-none-eabi/14.3.1/include/arm_mve.h **** #define vstrdq_scatter_base_p(__addr, __offset, __value, __p) __arm_vstrdq_scatter_base_p(__addr, _
  84:/home/min/snap/code/229/.local/share/stm32cube/bundles/gnu-tools-for-stm32/14.3.1+st.2/lib/gcc/arm-none-eabi/14.3.1/include/arm_mve.h **** #define vstrdq_scatter_base(__addr, __offset, __value) __arm_vstrdq_scatter_base(__addr, __offset, 
  85:/home/min/snap/code/229/.local/share/stm32cube/bundles/gnu-tools-for-stm32/14.3.1+st.2/lib/gcc/arm-none-eabi/14.3.1/include/arm_mve.h **** #define vstrdq_scatter_offset_p(__base, __offset, __value, __p) __arm_vstrdq_scatter_offset_p(__bas
  86:/home/min/snap/code/229/.local/share/stm32cube/bundles/gnu-tools-for-stm32/14.3.1+st.2/lib/gcc/arm-none-eabi/14.3.1/include/arm_mve.h **** #define vstrdq_scatter_offset(__base, __offset, __value) __arm_vstrdq_scatter_offset(__base, __offs
  87:/home/min/snap/code/229/.local/share/stm32cube/bundles/gnu-tools-for-stm32/14.3.1+st.2/lib/gcc/arm-none-eabi/14.3.1/include/arm_mve.h **** #define vstrdq_scatter_shifted_offset_p(__base, __offset, __value, __p) __arm_vstrdq_scatter_shifte
  88:/home/min/snap/code/229/.local/share/stm32cube/bundles/gnu-tools-for-stm32/14.3.1+st.2/lib/gcc/arm-none-eabi/14.3.1/include/arm_mve.h **** #define vstrdq_scatter_shifted_offset(__base, __offset, __value) __arm_vstrdq_scatter_shifted_offse
  89:/home/min/snap/code/229/.local/share/stm32cube/bundles/gnu-tools-for-stm32/14.3.1+st.2/lib/gcc/arm-none-eabi/14.3.1/include/arm_mve.h **** #define vstrwq_scatter_offset_p(__base, __offset, __value, __p) __arm_vstrwq_scatter_offset_p(__bas
  90:/home/min/snap/code/229/.local/share/stm32cube/bundles/gnu-tools-for-stm32/14.3.1+st.2/lib/gcc/arm-none-eabi/14.3.1/include/arm_mve.h **** #define vstrwq_scatter_offset(__base, __offset, __value) __arm_vstrwq_scatter_offset(__base, __offs
  91:/home/min/snap/code/229/.local/share/stm32cube/bundles/gnu-tools-for-stm32/14.3.1+st.2/lib/gcc/arm-none-eabi/14.3.1/include/arm_mve.h **** #define vstrwq_scatter_shifted_offset_p(__base, __offset, __value, __p) __arm_vstrwq_scatter_shifte
  92:/home/min/snap/code/229/.local/share/stm32cube/bundles/gnu-tools-for-stm32/14.3.1+st.2/lib/gcc/arm-none-eabi/14.3.1/include/arm_mve.h **** #define vstrwq_scatter_shifted_offset(__base, __offset, __value) __arm_vstrwq_scatter_shifted_offse
  93:/home/min/snap/code/229/.local/share/stm32cube/bundles/gnu-tools-for-stm32/14.3.1+st.2/lib/gcc/arm-none-eabi/14.3.1/include/arm_mve.h **** #define vuninitializedq(__v) __arm_vuninitializedq(__v)
  94:/home/min/snap/code/229/.local/share/stm32cube/bundles/gnu-tools-for-stm32/14.3.1+st.2/lib/gcc/arm-none-eabi/14.3.1/include/arm_mve.h **** #define vddupq_m(__inactive, __a, __imm, __p) __arm_vddupq_m(__inactive, __a, __imm, __p)
  95:/home/min/snap/code/229/.local/share/stm32cube/bundles/gnu-tools-for-stm32/14.3.1+st.2/lib/gcc/arm-none-eabi/14.3.1/include/arm_mve.h **** #define vddupq_u8(__a, __imm) __arm_vddupq_u8(__a, __imm)
  96:/home/min/snap/code/229/.local/share/stm32cube/bundles/gnu-tools-for-stm32/14.3.1+st.2/lib/gcc/arm-none-eabi/14.3.1/include/arm_mve.h **** #define vddupq_u32(__a, __imm) __arm_vddupq_u32(__a, __imm)
  97:/home/min/snap/code/229/.local/share/stm32cube/bundles/gnu-tools-for-stm32/14.3.1+st.2/lib/gcc/arm-none-eabi/14.3.1/include/arm_mve.h **** #define vddupq_u16(__a, __imm) __arm_vddupq_u16(__a, __imm)
  98:/home/min/snap/code/229/.local/share/stm32cube/bundles/gnu-tools-for-stm32/14.3.1+st.2/lib/gcc/arm-none-eabi/14.3.1/include/arm_mve.h **** #define vdwdupq_m(__inactive, __a, __b, __imm, __p) __arm_vdwdupq_m(__inactive, __a, __b, __imm, __
  99:/home/min/snap/code/229/.local/share/stm32cube/bundles/gnu-tools-for-stm32/14.3.1+st.2/lib/gcc/arm-none-eabi/14.3.1/include/arm_mve.h **** #define vdwdupq_u8(__a, __b, __imm) __arm_vdwdupq_u8(__a, __b, __imm)
 100:/home/min/snap/code/229/.local/share/stm32cube/bundles/gnu-tools-for-stm32/14.3.1+st.2/lib/gcc/arm-none-eabi/14.3.1/include/arm_mve.h **** #define vdwdupq_u32(__a, __b, __imm) __arm_vdwdupq_u32(__a, __b, __imm)
 101:/home/min/snap/code/229/.local/share/stm32cube/bundles/gnu-tools-for-stm32/14.3.1+st.2/lib/gcc/arm-none-eabi/14.3.1/include/arm_mve.h **** #define vdwdupq_u16(__a, __b, __imm) __arm_vdwdupq_u16(__a, __b, __imm)
 102:/home/min/snap/code/229/.local/share/stm32cube/bundles/gnu-tools-for-stm32/14.3.1+st.2/lib/gcc/arm-none-eabi/14.3.1/include/arm_mve.h **** #define vidupq_m(__inactive, __a, __imm, __p) __arm_vidupq_m(__inactive, __a, __imm, __p)
 103:/home/min/snap/code/229/.local/share/stm32cube/bundles/gnu-tools-for-stm32/14.3.1+st.2/lib/gcc/arm-none-eabi/14.3.1/include/arm_mve.h **** #define vidupq_u8(__a, __imm) __arm_vidupq_u8(__a, __imm)
 104:/home/min/snap/code/229/.local/share/stm32cube/bundles/gnu-tools-for-stm32/14.3.1+st.2/lib/gcc/arm-none-eabi/14.3.1/include/arm_mve.h **** #define vidupq_u32(__a, __imm) __arm_vidupq_u32(__a, __imm)
 105:/home/min/snap/code/229/.local/share/stm32cube/bundles/gnu-tools-for-stm32/14.3.1+st.2/lib/gcc/arm-none-eabi/14.3.1/include/arm_mve.h **** #define vidupq_u16(__a, __imm) __arm_vidupq_u16(__a, __imm)
 106:/home/min/snap/code/229/.local/share/stm32cube/bundles/gnu-tools-for-stm32/14.3.1+st.2/lib/gcc/arm-none-eabi/14.3.1/include/arm_mve.h **** #define viwdupq_m(__inactive, __a, __b, __imm, __p) __arm_viwdupq_m(__inactive, __a, __b, __imm, __
 107:/home/min/snap/code/229/.local/share/stm32cube/bundles/gnu-tools-for-stm32/14.3.1+st.2/lib/gcc/arm-none-eabi/14.3.1/include/arm_mve.h **** #define viwdupq_u8(__a, __b, __imm) __arm_viwdupq_u8(__a, __b, __imm)
 108:/home/min/snap/code/229/.local/share/stm32cube/bundles/gnu-tools-for-stm32/14.3.1+st.2/lib/gcc/arm-none-eabi/14.3.1/include/arm_mve.h **** #define viwdupq_u32(__a, __b, __imm) __arm_viwdupq_u32(__a, __b, __imm)
 109:/home/min/snap/code/229/.local/share/stm32cube/bundles/gnu-tools-for-stm32/14.3.1+st.2/lib/gcc/arm-none-eabi/14.3.1/include/arm_mve.h **** #define viwdupq_u16(__a, __b, __imm) __arm_viwdupq_u16(__a, __b, __imm)
 110:/home/min/snap/code/229/.local/share/stm32cube/bundles/gnu-tools-for-stm32/14.3.1+st.2/lib/gcc/arm-none-eabi/14.3.1/include/arm_mve.h **** #define vstrdq_scatter_base_wb(__addr, __offset, __value) __arm_vstrdq_scatter_base_wb(__addr, __of
 111:/home/min/snap/code/229/.local/share/stm32cube/bundles/gnu-tools-for-stm32/14.3.1+st.2/lib/gcc/arm-none-eabi/14.3.1/include/arm_mve.h **** #define vstrdq_scatter_base_wb_p(__addr, __offset, __value, __p) __arm_vstrdq_scatter_base_wb_p(__a
 112:/home/min/snap/code/229/.local/share/stm32cube/bundles/gnu-tools-for-stm32/14.3.1+st.2/lib/gcc/arm-none-eabi/14.3.1/include/arm_mve.h **** #define vstrwq_scatter_base_wb_p(__addr, __offset, __value, __p) __arm_vstrwq_scatter_base_wb_p(__a
 113:/home/min/snap/code/229/.local/share/stm32cube/bundles/gnu-tools-for-stm32/14.3.1+st.2/lib/gcc/arm-none-eabi/14.3.1/include/arm_mve.h **** #define vstrwq_scatter_base_wb(__addr, __offset, __value) __arm_vstrwq_scatter_base_wb(__addr, __of
 114:/home/min/snap/code/229/.local/share/stm32cube/bundles/gnu-tools-for-stm32/14.3.1+st.2/lib/gcc/arm-none-eabi/14.3.1/include/arm_mve.h **** #define vddupq_x_u8(__a, __imm, __p) __arm_vddupq_x_u8(__a, __imm, __p)
 115:/home/min/snap/code/229/.local/share/stm32cube/bundles/gnu-tools-for-stm32/14.3.1+st.2/lib/gcc/arm-none-eabi/14.3.1/include/arm_mve.h **** #define vddupq_x_u16(__a, __imm, __p) __arm_vddupq_x_u16(__a, __imm, __p)
 116:/home/min/snap/code/229/.local/share/stm32cube/bundles/gnu-tools-for-stm32/14.3.1+st.2/lib/gcc/arm-none-eabi/14.3.1/include/arm_mve.h **** #define vddupq_x_u32(__a, __imm, __p) __arm_vddupq_x_u32(__a, __imm, __p)
 117:/home/min/snap/code/229/.local/share/stm32cube/bundles/gnu-tools-for-stm32/14.3.1+st.2/lib/gcc/arm-none-eabi/14.3.1/include/arm_mve.h **** #define vdwdupq_x_u8(__a, __b, __imm, __p) __arm_vdwdupq_x_u8(__a, __b, __imm, __p)
 118:/home/min/snap/code/229/.local/share/stm32cube/bundles/gnu-tools-for-stm32/14.3.1+st.2/lib/gcc/arm-none-eabi/14.3.1/include/arm_mve.h **** #define vdwdupq_x_u16(__a, __b, __imm, __p) __arm_vdwdupq_x_u16(__a, __b, __imm, __p)
 119:/home/min/snap/code/229/.local/share/stm32cube/bundles/gnu-tools-for-stm32/14.3.1+st.2/lib/gcc/arm-none-eabi/14.3.1/include/arm_mve.h **** #define vdwdupq_x_u32(__a, __b, __imm, __p) __arm_vdwdupq_x_u32(__a, __b, __imm, __p)
 120:/home/min/snap/code/229/.local/share/stm32cube/bundles/gnu-tools-for-stm32/14.3.1+st.2/lib/gcc/arm-none-eabi/14.3.1/include/arm_mve.h **** #define vidupq_x_u8(__a, __imm, __p) __arm_vidupq_x_u8(__a, __imm, __p)
 121:/home/min/snap/code/229/.local/share/stm32cube/bundles/gnu-tools-for-stm32/14.3.1+st.2/lib/gcc/arm-none-eabi/14.3.1/include/arm_mve.h **** #define vidupq_x_u16(__a, __imm, __p) __arm_vidupq_x_u16(__a, __imm, __p)
 122:/home/min/snap/code/229/.local/share/stm32cube/bundles/gnu-tools-for-stm32/14.3.1+st.2/lib/gcc/arm-none-eabi/14.3.1/include/arm_mve.h **** #define vidupq_x_u32(__a, __imm, __p) __arm_vidupq_x_u32(__a, __imm, __p)
 123:/home/min/snap/code/229/.local/share/stm32cube/bundles/gnu-tools-for-stm32/14.3.1+st.2/lib/gcc/arm-none-eabi/14.3.1/include/arm_mve.h **** #define viwdupq_x_u8(__a, __b, __imm, __p) __arm_viwdupq_x_u8(__a, __b, __imm, __p)
 124:/home/min/snap/code/229/.local/share/stm32cube/bundles/gnu-tools-for-stm32/14.3.1+st.2/lib/gcc/arm-none-eabi/14.3.1/include/arm_mve.h **** #define viwdupq_x_u16(__a, __b, __imm, __p) __arm_viwdupq_x_u16(__a, __b, __imm, __p)
 125:/home/min/snap/code/229/.local/share/stm32cube/bundles/gnu-tools-for-stm32/14.3.1+st.2/lib/gcc/arm-none-eabi/14.3.1/include/arm_mve.h **** #define viwdupq_x_u32(__a, __b, __imm, __p) __arm_viwdupq_x_u32(__a, __b, __imm, __p)
 126:/home/min/snap/code/229/.local/share/stm32cube/bundles/gnu-tools-for-stm32/14.3.1+st.2/lib/gcc/arm-none-eabi/14.3.1/include/arm_mve.h **** #define vbicq_x(__a, __b, __p) __arm_vbicq_x(__a, __b, __p)
 127:/home/min/snap/code/229/.local/share/stm32cube/bundles/gnu-tools-for-stm32/14.3.1+st.2/lib/gcc/arm-none-eabi/14.3.1/include/arm_mve.h **** #define vornq_x(__a, __b, __p) __arm_vornq_x(__a, __b, __p)
 128:/home/min/snap/code/229/.local/share/stm32cube/bundles/gnu-tools-for-stm32/14.3.1+st.2/lib/gcc/arm-none-eabi/14.3.1/include/arm_mve.h **** #define vadciq(__a, __b, __carry_out) __arm_vadciq(__a, __b, __carry_out)
 129:/home/min/snap/code/229/.local/share/stm32cube/bundles/gnu-tools-for-stm32/14.3.1+st.2/lib/gcc/arm-none-eabi/14.3.1/include/arm_mve.h **** #define vadciq_m(__inactive, __a, __b, __carry_out, __p) __arm_vadciq_m(__inactive, __a, __b, __car
 130:/home/min/snap/code/229/.local/share/stm32cube/bundles/gnu-tools-for-stm32/14.3.1+st.2/lib/gcc/arm-none-eabi/14.3.1/include/arm_mve.h **** #define vadcq(__a, __b, __carry) __arm_vadcq(__a, __b, __carry)
 131:/home/min/snap/code/229/.local/share/stm32cube/bundles/gnu-tools-for-stm32/14.3.1+st.2/lib/gcc/arm-none-eabi/14.3.1/include/arm_mve.h **** #define vadcq_m(__inactive, __a, __b, __carry, __p) __arm_vadcq_m(__inactive, __a, __b, __carry, __
ARM GAS  /tmp/cc66eICS.s 			page 16


 132:/home/min/snap/code/229/.local/share/stm32cube/bundles/gnu-tools-for-stm32/14.3.1+st.2/lib/gcc/arm-none-eabi/14.3.1/include/arm_mve.h **** #define vsbciq(__a, __b, __carry_out) __arm_vsbciq(__a, __b, __carry_out)
 133:/home/min/snap/code/229/.local/share/stm32cube/bundles/gnu-tools-for-stm32/14.3.1+st.2/lib/gcc/arm-none-eabi/14.3.1/include/arm_mve.h **** #define vsbciq_m(__inactive, __a, __b, __carry_out, __p) __arm_vsbciq_m(__inactive, __a, __b, __car
 134:/home/min/snap/code/229/.local/share/stm32cube/bundles/gnu-tools-for-stm32/14.3.1+st.2/lib/gcc/arm-none-eabi/14.3.1/include/arm_mve.h **** #define vsbcq(__a, __b, __carry) __arm_vsbcq(__a, __b, __carry)
 135:/home/min/snap/code/229/.local/share/stm32cube/bundles/gnu-tools-for-stm32/14.3.1+st.2/lib/gcc/arm-none-eabi/14.3.1/include/arm_mve.h **** #define vsbcq_m(__inactive, __a, __b, __carry, __p) __arm_vsbcq_m(__inactive, __a, __b, __carry, __
 136:/home/min/snap/code/229/.local/share/stm32cube/bundles/gnu-tools-for-stm32/14.3.1+st.2/lib/gcc/arm-none-eabi/14.3.1/include/arm_mve.h **** #define vst1q_p(__addr, __value, __p) __arm_vst1q_p(__addr, __value, __p)
 137:/home/min/snap/code/229/.local/share/stm32cube/bundles/gnu-tools-for-stm32/14.3.1+st.2/lib/gcc/arm-none-eabi/14.3.1/include/arm_mve.h **** #define vst2q(__addr, __value) __arm_vst2q(__addr, __value)
 138:/home/min/snap/code/229/.local/share/stm32cube/bundles/gnu-tools-for-stm32/14.3.1+st.2/lib/gcc/arm-none-eabi/14.3.1/include/arm_mve.h **** #define vld1q_z(__base, __p) __arm_vld1q_z(__base, __p)
 139:/home/min/snap/code/229/.local/share/stm32cube/bundles/gnu-tools-for-stm32/14.3.1+st.2/lib/gcc/arm-none-eabi/14.3.1/include/arm_mve.h **** #define vld2q(__addr) __arm_vld2q(__addr)
 140:/home/min/snap/code/229/.local/share/stm32cube/bundles/gnu-tools-for-stm32/14.3.1+st.2/lib/gcc/arm-none-eabi/14.3.1/include/arm_mve.h **** #define vld4q(__addr) __arm_vld4q(__addr)
 141:/home/min/snap/code/229/.local/share/stm32cube/bundles/gnu-tools-for-stm32/14.3.1+st.2/lib/gcc/arm-none-eabi/14.3.1/include/arm_mve.h **** #define vsetq_lane(__a, __b, __idx) __arm_vsetq_lane(__a, __b, __idx)
 142:/home/min/snap/code/229/.local/share/stm32cube/bundles/gnu-tools-for-stm32/14.3.1+st.2/lib/gcc/arm-none-eabi/14.3.1/include/arm_mve.h **** #define vgetq_lane(__a, __idx) __arm_vgetq_lane(__a, __idx)
 143:/home/min/snap/code/229/.local/share/stm32cube/bundles/gnu-tools-for-stm32/14.3.1+st.2/lib/gcc/arm-none-eabi/14.3.1/include/arm_mve.h **** #define vshlcq_m(__a, __b, __imm, __p) __arm_vshlcq_m(__a, __b, __imm, __p)
 144:/home/min/snap/code/229/.local/share/stm32cube/bundles/gnu-tools-for-stm32/14.3.1+st.2/lib/gcc/arm-none-eabi/14.3.1/include/arm_mve.h **** #define vcvttq_f32(__a) __arm_vcvttq_f32(__a)
 145:/home/min/snap/code/229/.local/share/stm32cube/bundles/gnu-tools-for-stm32/14.3.1+st.2/lib/gcc/arm-none-eabi/14.3.1/include/arm_mve.h **** #define vcvtbq_f32(__a) __arm_vcvtbq_f32(__a)
 146:/home/min/snap/code/229/.local/share/stm32cube/bundles/gnu-tools-for-stm32/14.3.1+st.2/lib/gcc/arm-none-eabi/14.3.1/include/arm_mve.h **** #define vcvtq(__a) __arm_vcvtq(__a)
 147:/home/min/snap/code/229/.local/share/stm32cube/bundles/gnu-tools-for-stm32/14.3.1+st.2/lib/gcc/arm-none-eabi/14.3.1/include/arm_mve.h **** #define vcvtq_n(__a, __imm6) __arm_vcvtq_n(__a, __imm6)
 148:/home/min/snap/code/229/.local/share/stm32cube/bundles/gnu-tools-for-stm32/14.3.1+st.2/lib/gcc/arm-none-eabi/14.3.1/include/arm_mve.h **** #define vcvtaq_m(__inactive, __a, __p) __arm_vcvtaq_m(__inactive, __a, __p)
 149:/home/min/snap/code/229/.local/share/stm32cube/bundles/gnu-tools-for-stm32/14.3.1+st.2/lib/gcc/arm-none-eabi/14.3.1/include/arm_mve.h **** #define vcvtq_m(__inactive, __a, __p) __arm_vcvtq_m(__inactive, __a, __p)
 150:/home/min/snap/code/229/.local/share/stm32cube/bundles/gnu-tools-for-stm32/14.3.1+st.2/lib/gcc/arm-none-eabi/14.3.1/include/arm_mve.h **** #define vcvtbq_m(__a, __b, __p) __arm_vcvtbq_m(__a, __b, __p)
 151:/home/min/snap/code/229/.local/share/stm32cube/bundles/gnu-tools-for-stm32/14.3.1+st.2/lib/gcc/arm-none-eabi/14.3.1/include/arm_mve.h **** #define vcvttq_m(__a, __b, __p) __arm_vcvttq_m(__a, __b, __p)
 152:/home/min/snap/code/229/.local/share/stm32cube/bundles/gnu-tools-for-stm32/14.3.1+st.2/lib/gcc/arm-none-eabi/14.3.1/include/arm_mve.h **** #define vcvtmq_m(__inactive, __a, __p) __arm_vcvtmq_m(__inactive, __a, __p)
 153:/home/min/snap/code/229/.local/share/stm32cube/bundles/gnu-tools-for-stm32/14.3.1+st.2/lib/gcc/arm-none-eabi/14.3.1/include/arm_mve.h **** #define vcvtnq_m(__inactive, __a, __p) __arm_vcvtnq_m(__inactive, __a, __p)
 154:/home/min/snap/code/229/.local/share/stm32cube/bundles/gnu-tools-for-stm32/14.3.1+st.2/lib/gcc/arm-none-eabi/14.3.1/include/arm_mve.h **** #define vcvtpq_m(__inactive, __a, __p) __arm_vcvtpq_m(__inactive, __a, __p)
 155:/home/min/snap/code/229/.local/share/stm32cube/bundles/gnu-tools-for-stm32/14.3.1+st.2/lib/gcc/arm-none-eabi/14.3.1/include/arm_mve.h **** #define vcvtq_m_n(__inactive, __a, __imm6, __p) __arm_vcvtq_m_n(__inactive, __a, __imm6, __p)
 156:/home/min/snap/code/229/.local/share/stm32cube/bundles/gnu-tools-for-stm32/14.3.1+st.2/lib/gcc/arm-none-eabi/14.3.1/include/arm_mve.h **** #define vcvtq_x(__a, __p) __arm_vcvtq_x(__a, __p)
 157:/home/min/snap/code/229/.local/share/stm32cube/bundles/gnu-tools-for-stm32/14.3.1+st.2/lib/gcc/arm-none-eabi/14.3.1/include/arm_mve.h **** #define vcvtq_x_n(__a, __imm6, __p) __arm_vcvtq_x_n(__a, __imm6, __p)
 158:/home/min/snap/code/229/.local/share/stm32cube/bundles/gnu-tools-for-stm32/14.3.1+st.2/lib/gcc/arm-none-eabi/14.3.1/include/arm_mve.h **** 
 159:/home/min/snap/code/229/.local/share/stm32cube/bundles/gnu-tools-for-stm32/14.3.1+st.2/lib/gcc/arm-none-eabi/14.3.1/include/arm_mve.h **** 
 160:/home/min/snap/code/229/.local/share/stm32cube/bundles/gnu-tools-for-stm32/14.3.1+st.2/lib/gcc/arm-none-eabi/14.3.1/include/arm_mve.h **** #define vst4q_s8( __addr, __value) __arm_vst4q_s8( __addr, __value)
 161:/home/min/snap/code/229/.local/share/stm32cube/bundles/gnu-tools-for-stm32/14.3.1+st.2/lib/gcc/arm-none-eabi/14.3.1/include/arm_mve.h **** #define vst4q_s16( __addr, __value) __arm_vst4q_s16( __addr, __value)
 162:/home/min/snap/code/229/.local/share/stm32cube/bundles/gnu-tools-for-stm32/14.3.1+st.2/lib/gcc/arm-none-eabi/14.3.1/include/arm_mve.h **** #define vst4q_s32( __addr, __value) __arm_vst4q_s32( __addr, __value)
 163:/home/min/snap/code/229/.local/share/stm32cube/bundles/gnu-tools-for-stm32/14.3.1+st.2/lib/gcc/arm-none-eabi/14.3.1/include/arm_mve.h **** #define vst4q_u8( __addr, __value) __arm_vst4q_u8( __addr, __value)
 164:/home/min/snap/code/229/.local/share/stm32cube/bundles/gnu-tools-for-stm32/14.3.1+st.2/lib/gcc/arm-none-eabi/14.3.1/include/arm_mve.h **** #define vst4q_u16( __addr, __value) __arm_vst4q_u16( __addr, __value)
 165:/home/min/snap/code/229/.local/share/stm32cube/bundles/gnu-tools-for-stm32/14.3.1+st.2/lib/gcc/arm-none-eabi/14.3.1/include/arm_mve.h **** #define vst4q_u32( __addr, __value) __arm_vst4q_u32( __addr, __value)
 166:/home/min/snap/code/229/.local/share/stm32cube/bundles/gnu-tools-for-stm32/14.3.1+st.2/lib/gcc/arm-none-eabi/14.3.1/include/arm_mve.h **** #define vst4q_f16( __addr, __value) __arm_vst4q_f16( __addr, __value)
 167:/home/min/snap/code/229/.local/share/stm32cube/bundles/gnu-tools-for-stm32/14.3.1+st.2/lib/gcc/arm-none-eabi/14.3.1/include/arm_mve.h **** #define vst4q_f32( __addr, __value) __arm_vst4q_f32( __addr, __value)
 168:/home/min/snap/code/229/.local/share/stm32cube/bundles/gnu-tools-for-stm32/14.3.1+st.2/lib/gcc/arm-none-eabi/14.3.1/include/arm_mve.h **** #define vcvttq_f32_f16(__a) __arm_vcvttq_f32_f16(__a)
 169:/home/min/snap/code/229/.local/share/stm32cube/bundles/gnu-tools-for-stm32/14.3.1+st.2/lib/gcc/arm-none-eabi/14.3.1/include/arm_mve.h **** #define vcvtbq_f32_f16(__a) __arm_vcvtbq_f32_f16(__a)
 170:/home/min/snap/code/229/.local/share/stm32cube/bundles/gnu-tools-for-stm32/14.3.1+st.2/lib/gcc/arm-none-eabi/14.3.1/include/arm_mve.h **** #define vcvtq_f16_s16(__a) __arm_vcvtq_f16_s16(__a)
 171:/home/min/snap/code/229/.local/share/stm32cube/bundles/gnu-tools-for-stm32/14.3.1+st.2/lib/gcc/arm-none-eabi/14.3.1/include/arm_mve.h **** #define vcvtq_f32_s32(__a) __arm_vcvtq_f32_s32(__a)
 172:/home/min/snap/code/229/.local/share/stm32cube/bundles/gnu-tools-for-stm32/14.3.1+st.2/lib/gcc/arm-none-eabi/14.3.1/include/arm_mve.h **** #define vcvtq_f16_u16(__a) __arm_vcvtq_f16_u16(__a)
 173:/home/min/snap/code/229/.local/share/stm32cube/bundles/gnu-tools-for-stm32/14.3.1+st.2/lib/gcc/arm-none-eabi/14.3.1/include/arm_mve.h **** #define vcvtq_f32_u32(__a) __arm_vcvtq_f32_u32(__a)
 174:/home/min/snap/code/229/.local/share/stm32cube/bundles/gnu-tools-for-stm32/14.3.1+st.2/lib/gcc/arm-none-eabi/14.3.1/include/arm_mve.h **** #define vcvtaq_s16_f16(__a) __arm_vcvtaq_s16_f16(__a)
 175:/home/min/snap/code/229/.local/share/stm32cube/bundles/gnu-tools-for-stm32/14.3.1+st.2/lib/gcc/arm-none-eabi/14.3.1/include/arm_mve.h **** #define vcvtaq_s32_f32(__a) __arm_vcvtaq_s32_f32(__a)
 176:/home/min/snap/code/229/.local/share/stm32cube/bundles/gnu-tools-for-stm32/14.3.1+st.2/lib/gcc/arm-none-eabi/14.3.1/include/arm_mve.h **** #define vcvtnq_s16_f16(__a) __arm_vcvtnq_s16_f16(__a)
 177:/home/min/snap/code/229/.local/share/stm32cube/bundles/gnu-tools-for-stm32/14.3.1+st.2/lib/gcc/arm-none-eabi/14.3.1/include/arm_mve.h **** #define vcvtnq_s32_f32(__a) __arm_vcvtnq_s32_f32(__a)
 178:/home/min/snap/code/229/.local/share/stm32cube/bundles/gnu-tools-for-stm32/14.3.1+st.2/lib/gcc/arm-none-eabi/14.3.1/include/arm_mve.h **** #define vcvtpq_s16_f16(__a) __arm_vcvtpq_s16_f16(__a)
 179:/home/min/snap/code/229/.local/share/stm32cube/bundles/gnu-tools-for-stm32/14.3.1+st.2/lib/gcc/arm-none-eabi/14.3.1/include/arm_mve.h **** #define vcvtpq_s32_f32(__a) __arm_vcvtpq_s32_f32(__a)
 180:/home/min/snap/code/229/.local/share/stm32cube/bundles/gnu-tools-for-stm32/14.3.1+st.2/lib/gcc/arm-none-eabi/14.3.1/include/arm_mve.h **** #define vcvtmq_s16_f16(__a) __arm_vcvtmq_s16_f16(__a)
 181:/home/min/snap/code/229/.local/share/stm32cube/bundles/gnu-tools-for-stm32/14.3.1+st.2/lib/gcc/arm-none-eabi/14.3.1/include/arm_mve.h **** #define vcvtmq_s32_f32(__a) __arm_vcvtmq_s32_f32(__a)
 182:/home/min/snap/code/229/.local/share/stm32cube/bundles/gnu-tools-for-stm32/14.3.1+st.2/lib/gcc/arm-none-eabi/14.3.1/include/arm_mve.h **** #define vcvtq_s16_f16(__a) __arm_vcvtq_s16_f16(__a)
 183:/home/min/snap/code/229/.local/share/stm32cube/bundles/gnu-tools-for-stm32/14.3.1+st.2/lib/gcc/arm-none-eabi/14.3.1/include/arm_mve.h **** #define vcvtq_s32_f32(__a) __arm_vcvtq_s32_f32(__a)
 184:/home/min/snap/code/229/.local/share/stm32cube/bundles/gnu-tools-for-stm32/14.3.1+st.2/lib/gcc/arm-none-eabi/14.3.1/include/arm_mve.h **** #define vcvtq_u16_f16(__a) __arm_vcvtq_u16_f16(__a)
 185:/home/min/snap/code/229/.local/share/stm32cube/bundles/gnu-tools-for-stm32/14.3.1+st.2/lib/gcc/arm-none-eabi/14.3.1/include/arm_mve.h **** #define vcvtq_u32_f32(__a) __arm_vcvtq_u32_f32(__a)
 186:/home/min/snap/code/229/.local/share/stm32cube/bundles/gnu-tools-for-stm32/14.3.1+st.2/lib/gcc/arm-none-eabi/14.3.1/include/arm_mve.h **** #define vcvtpq_u16_f16(__a) __arm_vcvtpq_u16_f16(__a)
 187:/home/min/snap/code/229/.local/share/stm32cube/bundles/gnu-tools-for-stm32/14.3.1+st.2/lib/gcc/arm-none-eabi/14.3.1/include/arm_mve.h **** #define vcvtpq_u32_f32(__a) __arm_vcvtpq_u32_f32(__a)
 188:/home/min/snap/code/229/.local/share/stm32cube/bundles/gnu-tools-for-stm32/14.3.1+st.2/lib/gcc/arm-none-eabi/14.3.1/include/arm_mve.h **** #define vcvtnq_u16_f16(__a) __arm_vcvtnq_u16_f16(__a)
ARM GAS  /tmp/cc66eICS.s 			page 17


 189:/home/min/snap/code/229/.local/share/stm32cube/bundles/gnu-tools-for-stm32/14.3.1+st.2/lib/gcc/arm-none-eabi/14.3.1/include/arm_mve.h **** #define vcvtnq_u32_f32(__a) __arm_vcvtnq_u32_f32(__a)
 190:/home/min/snap/code/229/.local/share/stm32cube/bundles/gnu-tools-for-stm32/14.3.1+st.2/lib/gcc/arm-none-eabi/14.3.1/include/arm_mve.h **** #define vcvtmq_u16_f16(__a) __arm_vcvtmq_u16_f16(__a)
 191:/home/min/snap/code/229/.local/share/stm32cube/bundles/gnu-tools-for-stm32/14.3.1+st.2/lib/gcc/arm-none-eabi/14.3.1/include/arm_mve.h **** #define vcvtmq_u32_f32(__a) __arm_vcvtmq_u32_f32(__a)
 192:/home/min/snap/code/229/.local/share/stm32cube/bundles/gnu-tools-for-stm32/14.3.1+st.2/lib/gcc/arm-none-eabi/14.3.1/include/arm_mve.h **** #define vcvtaq_u16_f16(__a) __arm_vcvtaq_u16_f16(__a)
 193:/home/min/snap/code/229/.local/share/stm32cube/bundles/gnu-tools-for-stm32/14.3.1+st.2/lib/gcc/arm-none-eabi/14.3.1/include/arm_mve.h **** #define vcvtaq_u32_f32(__a) __arm_vcvtaq_u32_f32(__a)
 194:/home/min/snap/code/229/.local/share/stm32cube/bundles/gnu-tools-for-stm32/14.3.1+st.2/lib/gcc/arm-none-eabi/14.3.1/include/arm_mve.h **** #define vctp16q(__a) __arm_vctp16q(__a)
 195:/home/min/snap/code/229/.local/share/stm32cube/bundles/gnu-tools-for-stm32/14.3.1+st.2/lib/gcc/arm-none-eabi/14.3.1/include/arm_mve.h **** #define vctp32q(__a) __arm_vctp32q(__a)
 196:/home/min/snap/code/229/.local/share/stm32cube/bundles/gnu-tools-for-stm32/14.3.1+st.2/lib/gcc/arm-none-eabi/14.3.1/include/arm_mve.h **** #define vctp64q(__a) __arm_vctp64q(__a)
 197:/home/min/snap/code/229/.local/share/stm32cube/bundles/gnu-tools-for-stm32/14.3.1+st.2/lib/gcc/arm-none-eabi/14.3.1/include/arm_mve.h **** #define vctp8q(__a) __arm_vctp8q(__a)
 198:/home/min/snap/code/229/.local/share/stm32cube/bundles/gnu-tools-for-stm32/14.3.1+st.2/lib/gcc/arm-none-eabi/14.3.1/include/arm_mve.h **** #define vpnot(__a) __arm_vpnot(__a)
 199:/home/min/snap/code/229/.local/share/stm32cube/bundles/gnu-tools-for-stm32/14.3.1+st.2/lib/gcc/arm-none-eabi/14.3.1/include/arm_mve.h **** #define vcvtq_n_f16_s16(__a,  __imm6) __arm_vcvtq_n_f16_s16(__a,  __imm6)
 200:/home/min/snap/code/229/.local/share/stm32cube/bundles/gnu-tools-for-stm32/14.3.1+st.2/lib/gcc/arm-none-eabi/14.3.1/include/arm_mve.h **** #define vcvtq_n_f32_s32(__a,  __imm6) __arm_vcvtq_n_f32_s32(__a,  __imm6)
 201:/home/min/snap/code/229/.local/share/stm32cube/bundles/gnu-tools-for-stm32/14.3.1+st.2/lib/gcc/arm-none-eabi/14.3.1/include/arm_mve.h **** #define vcvtq_n_f16_u16(__a,  __imm6) __arm_vcvtq_n_f16_u16(__a,  __imm6)
 202:/home/min/snap/code/229/.local/share/stm32cube/bundles/gnu-tools-for-stm32/14.3.1+st.2/lib/gcc/arm-none-eabi/14.3.1/include/arm_mve.h **** #define vcvtq_n_f32_u32(__a,  __imm6) __arm_vcvtq_n_f32_u32(__a,  __imm6)
 203:/home/min/snap/code/229/.local/share/stm32cube/bundles/gnu-tools-for-stm32/14.3.1+st.2/lib/gcc/arm-none-eabi/14.3.1/include/arm_mve.h **** #define vcvtq_n_s16_f16(__a,  __imm6) __arm_vcvtq_n_s16_f16(__a,  __imm6)
 204:/home/min/snap/code/229/.local/share/stm32cube/bundles/gnu-tools-for-stm32/14.3.1+st.2/lib/gcc/arm-none-eabi/14.3.1/include/arm_mve.h **** #define vcvtq_n_s32_f32(__a,  __imm6) __arm_vcvtq_n_s32_f32(__a,  __imm6)
 205:/home/min/snap/code/229/.local/share/stm32cube/bundles/gnu-tools-for-stm32/14.3.1+st.2/lib/gcc/arm-none-eabi/14.3.1/include/arm_mve.h **** #define vcvtq_n_u16_f16(__a,  __imm6) __arm_vcvtq_n_u16_f16(__a,  __imm6)
 206:/home/min/snap/code/229/.local/share/stm32cube/bundles/gnu-tools-for-stm32/14.3.1+st.2/lib/gcc/arm-none-eabi/14.3.1/include/arm_mve.h **** #define vcvtq_n_u32_f32(__a,  __imm6) __arm_vcvtq_n_u32_f32(__a,  __imm6)
 207:/home/min/snap/code/229/.local/share/stm32cube/bundles/gnu-tools-for-stm32/14.3.1+st.2/lib/gcc/arm-none-eabi/14.3.1/include/arm_mve.h **** #define vornq_u8(__a, __b) __arm_vornq_u8(__a, __b)
 208:/home/min/snap/code/229/.local/share/stm32cube/bundles/gnu-tools-for-stm32/14.3.1+st.2/lib/gcc/arm-none-eabi/14.3.1/include/arm_mve.h **** #define vbicq_u8(__a, __b) __arm_vbicq_u8(__a, __b)
 209:/home/min/snap/code/229/.local/share/stm32cube/bundles/gnu-tools-for-stm32/14.3.1+st.2/lib/gcc/arm-none-eabi/14.3.1/include/arm_mve.h **** #define vornq_s8(__a, __b) __arm_vornq_s8(__a, __b)
 210:/home/min/snap/code/229/.local/share/stm32cube/bundles/gnu-tools-for-stm32/14.3.1+st.2/lib/gcc/arm-none-eabi/14.3.1/include/arm_mve.h **** #define vbicq_s8(__a, __b) __arm_vbicq_s8(__a, __b)
 211:/home/min/snap/code/229/.local/share/stm32cube/bundles/gnu-tools-for-stm32/14.3.1+st.2/lib/gcc/arm-none-eabi/14.3.1/include/arm_mve.h **** #define vornq_u16(__a, __b) __arm_vornq_u16(__a, __b)
 212:/home/min/snap/code/229/.local/share/stm32cube/bundles/gnu-tools-for-stm32/14.3.1+st.2/lib/gcc/arm-none-eabi/14.3.1/include/arm_mve.h **** #define vbicq_u16(__a, __b) __arm_vbicq_u16(__a, __b)
 213:/home/min/snap/code/229/.local/share/stm32cube/bundles/gnu-tools-for-stm32/14.3.1+st.2/lib/gcc/arm-none-eabi/14.3.1/include/arm_mve.h **** #define vornq_s16(__a, __b) __arm_vornq_s16(__a, __b)
 214:/home/min/snap/code/229/.local/share/stm32cube/bundles/gnu-tools-for-stm32/14.3.1+st.2/lib/gcc/arm-none-eabi/14.3.1/include/arm_mve.h **** #define vbicq_s16(__a, __b) __arm_vbicq_s16(__a, __b)
 215:/home/min/snap/code/229/.local/share/stm32cube/bundles/gnu-tools-for-stm32/14.3.1+st.2/lib/gcc/arm-none-eabi/14.3.1/include/arm_mve.h **** #define vornq_u32(__a, __b) __arm_vornq_u32(__a, __b)
 216:/home/min/snap/code/229/.local/share/stm32cube/bundles/gnu-tools-for-stm32/14.3.1+st.2/lib/gcc/arm-none-eabi/14.3.1/include/arm_mve.h **** #define vbicq_u32(__a, __b) __arm_vbicq_u32(__a, __b)
 217:/home/min/snap/code/229/.local/share/stm32cube/bundles/gnu-tools-for-stm32/14.3.1+st.2/lib/gcc/arm-none-eabi/14.3.1/include/arm_mve.h **** #define vornq_s32(__a, __b) __arm_vornq_s32(__a, __b)
 218:/home/min/snap/code/229/.local/share/stm32cube/bundles/gnu-tools-for-stm32/14.3.1+st.2/lib/gcc/arm-none-eabi/14.3.1/include/arm_mve.h **** #define vbicq_s32(__a, __b) __arm_vbicq_s32(__a, __b)
 219:/home/min/snap/code/229/.local/share/stm32cube/bundles/gnu-tools-for-stm32/14.3.1+st.2/lib/gcc/arm-none-eabi/14.3.1/include/arm_mve.h **** #define vbicq_n_u16(__a,  __imm) __arm_vbicq_n_u16(__a,  __imm)
 220:/home/min/snap/code/229/.local/share/stm32cube/bundles/gnu-tools-for-stm32/14.3.1+st.2/lib/gcc/arm-none-eabi/14.3.1/include/arm_mve.h **** #define vornq_f16(__a, __b) __arm_vornq_f16(__a, __b)
 221:/home/min/snap/code/229/.local/share/stm32cube/bundles/gnu-tools-for-stm32/14.3.1+st.2/lib/gcc/arm-none-eabi/14.3.1/include/arm_mve.h **** #define vbicq_f16(__a, __b) __arm_vbicq_f16(__a, __b)
 222:/home/min/snap/code/229/.local/share/stm32cube/bundles/gnu-tools-for-stm32/14.3.1+st.2/lib/gcc/arm-none-eabi/14.3.1/include/arm_mve.h **** #define vbicq_n_s16(__a,  __imm) __arm_vbicq_n_s16(__a,  __imm)
 223:/home/min/snap/code/229/.local/share/stm32cube/bundles/gnu-tools-for-stm32/14.3.1+st.2/lib/gcc/arm-none-eabi/14.3.1/include/arm_mve.h **** #define vbicq_n_u32(__a,  __imm) __arm_vbicq_n_u32(__a,  __imm)
 224:/home/min/snap/code/229/.local/share/stm32cube/bundles/gnu-tools-for-stm32/14.3.1+st.2/lib/gcc/arm-none-eabi/14.3.1/include/arm_mve.h **** #define vornq_f32(__a, __b) __arm_vornq_f32(__a, __b)
 225:/home/min/snap/code/229/.local/share/stm32cube/bundles/gnu-tools-for-stm32/14.3.1+st.2/lib/gcc/arm-none-eabi/14.3.1/include/arm_mve.h **** #define vbicq_f32(__a, __b) __arm_vbicq_f32(__a, __b)
 226:/home/min/snap/code/229/.local/share/stm32cube/bundles/gnu-tools-for-stm32/14.3.1+st.2/lib/gcc/arm-none-eabi/14.3.1/include/arm_mve.h **** #define vbicq_n_s32(__a,  __imm) __arm_vbicq_n_s32(__a,  __imm)
 227:/home/min/snap/code/229/.local/share/stm32cube/bundles/gnu-tools-for-stm32/14.3.1+st.2/lib/gcc/arm-none-eabi/14.3.1/include/arm_mve.h **** #define vctp8q_m(__a, __p) __arm_vctp8q_m(__a, __p)
 228:/home/min/snap/code/229/.local/share/stm32cube/bundles/gnu-tools-for-stm32/14.3.1+st.2/lib/gcc/arm-none-eabi/14.3.1/include/arm_mve.h **** #define vctp64q_m(__a, __p) __arm_vctp64q_m(__a, __p)
 229:/home/min/snap/code/229/.local/share/stm32cube/bundles/gnu-tools-for-stm32/14.3.1+st.2/lib/gcc/arm-none-eabi/14.3.1/include/arm_mve.h **** #define vctp32q_m(__a, __p) __arm_vctp32q_m(__a, __p)
 230:/home/min/snap/code/229/.local/share/stm32cube/bundles/gnu-tools-for-stm32/14.3.1+st.2/lib/gcc/arm-none-eabi/14.3.1/include/arm_mve.h **** #define vctp16q_m(__a, __p) __arm_vctp16q_m(__a, __p)
 231:/home/min/snap/code/229/.local/share/stm32cube/bundles/gnu-tools-for-stm32/14.3.1+st.2/lib/gcc/arm-none-eabi/14.3.1/include/arm_mve.h **** #define vcvttq_f16_f32(__a, __b) __arm_vcvttq_f16_f32(__a, __b)
 232:/home/min/snap/code/229/.local/share/stm32cube/bundles/gnu-tools-for-stm32/14.3.1+st.2/lib/gcc/arm-none-eabi/14.3.1/include/arm_mve.h **** #define vcvtbq_f16_f32(__a, __b) __arm_vcvtbq_f16_f32(__a, __b)
 233:/home/min/snap/code/229/.local/share/stm32cube/bundles/gnu-tools-for-stm32/14.3.1+st.2/lib/gcc/arm-none-eabi/14.3.1/include/arm_mve.h **** #define vbicq_m_n_s16(__a,  __imm, __p) __arm_vbicq_m_n_s16(__a,  __imm, __p)
 234:/home/min/snap/code/229/.local/share/stm32cube/bundles/gnu-tools-for-stm32/14.3.1+st.2/lib/gcc/arm-none-eabi/14.3.1/include/arm_mve.h **** #define vbicq_m_n_s32(__a,  __imm, __p) __arm_vbicq_m_n_s32(__a,  __imm, __p)
 235:/home/min/snap/code/229/.local/share/stm32cube/bundles/gnu-tools-for-stm32/14.3.1+st.2/lib/gcc/arm-none-eabi/14.3.1/include/arm_mve.h **** #define vbicq_m_n_u16(__a,  __imm, __p) __arm_vbicq_m_n_u16(__a,  __imm, __p)
 236:/home/min/snap/code/229/.local/share/stm32cube/bundles/gnu-tools-for-stm32/14.3.1+st.2/lib/gcc/arm-none-eabi/14.3.1/include/arm_mve.h **** #define vbicq_m_n_u32(__a,  __imm, __p) __arm_vbicq_m_n_u32(__a,  __imm, __p)
 237:/home/min/snap/code/229/.local/share/stm32cube/bundles/gnu-tools-for-stm32/14.3.1+st.2/lib/gcc/arm-none-eabi/14.3.1/include/arm_mve.h **** #define vcvtaq_m_s16_f16(__inactive, __a, __p) __arm_vcvtaq_m_s16_f16(__inactive, __a, __p)
 238:/home/min/snap/code/229/.local/share/stm32cube/bundles/gnu-tools-for-stm32/14.3.1+st.2/lib/gcc/arm-none-eabi/14.3.1/include/arm_mve.h **** #define vcvtaq_m_u16_f16(__inactive, __a, __p) __arm_vcvtaq_m_u16_f16(__inactive, __a, __p)
 239:/home/min/snap/code/229/.local/share/stm32cube/bundles/gnu-tools-for-stm32/14.3.1+st.2/lib/gcc/arm-none-eabi/14.3.1/include/arm_mve.h **** #define vcvtaq_m_s32_f32(__inactive, __a, __p) __arm_vcvtaq_m_s32_f32(__inactive, __a, __p)
 240:/home/min/snap/code/229/.local/share/stm32cube/bundles/gnu-tools-for-stm32/14.3.1+st.2/lib/gcc/arm-none-eabi/14.3.1/include/arm_mve.h **** #define vcvtaq_m_u32_f32(__inactive, __a, __p) __arm_vcvtaq_m_u32_f32(__inactive, __a, __p)
 241:/home/min/snap/code/229/.local/share/stm32cube/bundles/gnu-tools-for-stm32/14.3.1+st.2/lib/gcc/arm-none-eabi/14.3.1/include/arm_mve.h **** #define vcvtq_m_f16_s16(__inactive, __a, __p) __arm_vcvtq_m_f16_s16(__inactive, __a, __p)
 242:/home/min/snap/code/229/.local/share/stm32cube/bundles/gnu-tools-for-stm32/14.3.1+st.2/lib/gcc/arm-none-eabi/14.3.1/include/arm_mve.h **** #define vcvtq_m_f16_u16(__inactive, __a, __p) __arm_vcvtq_m_f16_u16(__inactive, __a, __p)
 243:/home/min/snap/code/229/.local/share/stm32cube/bundles/gnu-tools-for-stm32/14.3.1+st.2/lib/gcc/arm-none-eabi/14.3.1/include/arm_mve.h **** #define vcvtq_m_f32_s32(__inactive, __a, __p) __arm_vcvtq_m_f32_s32(__inactive, __a, __p)
 244:/home/min/snap/code/229/.local/share/stm32cube/bundles/gnu-tools-for-stm32/14.3.1+st.2/lib/gcc/arm-none-eabi/14.3.1/include/arm_mve.h **** #define vcvtq_m_f32_u32(__inactive, __a, __p) __arm_vcvtq_m_f32_u32(__inactive, __a, __p)
 245:/home/min/snap/code/229/.local/share/stm32cube/bundles/gnu-tools-for-stm32/14.3.1+st.2/lib/gcc/arm-none-eabi/14.3.1/include/arm_mve.h **** #define vshlcq_s8(__a,  __b,  __imm) __arm_vshlcq_s8(__a,  __b,  __imm)
ARM GAS  /tmp/cc66eICS.s 			page 18


 246:/home/min/snap/code/229/.local/share/stm32cube/bundles/gnu-tools-for-stm32/14.3.1+st.2/lib/gcc/arm-none-eabi/14.3.1/include/arm_mve.h **** #define vshlcq_u8(__a,  __b,  __imm) __arm_vshlcq_u8(__a,  __b,  __imm)
 247:/home/min/snap/code/229/.local/share/stm32cube/bundles/gnu-tools-for-stm32/14.3.1+st.2/lib/gcc/arm-none-eabi/14.3.1/include/arm_mve.h **** #define vshlcq_s16(__a,  __b,  __imm) __arm_vshlcq_s16(__a,  __b,  __imm)
 248:/home/min/snap/code/229/.local/share/stm32cube/bundles/gnu-tools-for-stm32/14.3.1+st.2/lib/gcc/arm-none-eabi/14.3.1/include/arm_mve.h **** #define vshlcq_u16(__a,  __b,  __imm) __arm_vshlcq_u16(__a,  __b,  __imm)
 249:/home/min/snap/code/229/.local/share/stm32cube/bundles/gnu-tools-for-stm32/14.3.1+st.2/lib/gcc/arm-none-eabi/14.3.1/include/arm_mve.h **** #define vshlcq_s32(__a,  __b,  __imm) __arm_vshlcq_s32(__a,  __b,  __imm)
 250:/home/min/snap/code/229/.local/share/stm32cube/bundles/gnu-tools-for-stm32/14.3.1+st.2/lib/gcc/arm-none-eabi/14.3.1/include/arm_mve.h **** #define vshlcq_u32(__a,  __b,  __imm) __arm_vshlcq_u32(__a,  __b,  __imm)
 251:/home/min/snap/code/229/.local/share/stm32cube/bundles/gnu-tools-for-stm32/14.3.1+st.2/lib/gcc/arm-none-eabi/14.3.1/include/arm_mve.h **** #define vcvtbq_m_f16_f32(__a, __b, __p) __arm_vcvtbq_m_f16_f32(__a, __b, __p)
 252:/home/min/snap/code/229/.local/share/stm32cube/bundles/gnu-tools-for-stm32/14.3.1+st.2/lib/gcc/arm-none-eabi/14.3.1/include/arm_mve.h **** #define vcvtbq_m_f32_f16(__inactive, __a, __p) __arm_vcvtbq_m_f32_f16(__inactive, __a, __p)
 253:/home/min/snap/code/229/.local/share/stm32cube/bundles/gnu-tools-for-stm32/14.3.1+st.2/lib/gcc/arm-none-eabi/14.3.1/include/arm_mve.h **** #define vcvttq_m_f16_f32(__a, __b, __p) __arm_vcvttq_m_f16_f32(__a, __b, __p)
 254:/home/min/snap/code/229/.local/share/stm32cube/bundles/gnu-tools-for-stm32/14.3.1+st.2/lib/gcc/arm-none-eabi/14.3.1/include/arm_mve.h **** #define vcvttq_m_f32_f16(__inactive, __a, __p) __arm_vcvttq_m_f32_f16(__inactive, __a, __p)
 255:/home/min/snap/code/229/.local/share/stm32cube/bundles/gnu-tools-for-stm32/14.3.1+st.2/lib/gcc/arm-none-eabi/14.3.1/include/arm_mve.h **** #define vcvtmq_m_s16_f16(__inactive, __a, __p) __arm_vcvtmq_m_s16_f16(__inactive, __a, __p)
 256:/home/min/snap/code/229/.local/share/stm32cube/bundles/gnu-tools-for-stm32/14.3.1+st.2/lib/gcc/arm-none-eabi/14.3.1/include/arm_mve.h **** #define vcvtnq_m_s16_f16(__inactive, __a, __p) __arm_vcvtnq_m_s16_f16(__inactive, __a, __p)
 257:/home/min/snap/code/229/.local/share/stm32cube/bundles/gnu-tools-for-stm32/14.3.1+st.2/lib/gcc/arm-none-eabi/14.3.1/include/arm_mve.h **** #define vcvtpq_m_s16_f16(__inactive, __a, __p) __arm_vcvtpq_m_s16_f16(__inactive, __a, __p)
 258:/home/min/snap/code/229/.local/share/stm32cube/bundles/gnu-tools-for-stm32/14.3.1+st.2/lib/gcc/arm-none-eabi/14.3.1/include/arm_mve.h **** #define vcvtq_m_s16_f16(__inactive, __a, __p) __arm_vcvtq_m_s16_f16(__inactive, __a, __p)
 259:/home/min/snap/code/229/.local/share/stm32cube/bundles/gnu-tools-for-stm32/14.3.1+st.2/lib/gcc/arm-none-eabi/14.3.1/include/arm_mve.h **** #define vcvtmq_m_u16_f16(__inactive, __a, __p) __arm_vcvtmq_m_u16_f16(__inactive, __a, __p)
 260:/home/min/snap/code/229/.local/share/stm32cube/bundles/gnu-tools-for-stm32/14.3.1+st.2/lib/gcc/arm-none-eabi/14.3.1/include/arm_mve.h **** #define vcvtnq_m_u16_f16(__inactive, __a, __p) __arm_vcvtnq_m_u16_f16(__inactive, __a, __p)
 261:/home/min/snap/code/229/.local/share/stm32cube/bundles/gnu-tools-for-stm32/14.3.1+st.2/lib/gcc/arm-none-eabi/14.3.1/include/arm_mve.h **** #define vcvtpq_m_u16_f16(__inactive, __a, __p) __arm_vcvtpq_m_u16_f16(__inactive, __a, __p)
 262:/home/min/snap/code/229/.local/share/stm32cube/bundles/gnu-tools-for-stm32/14.3.1+st.2/lib/gcc/arm-none-eabi/14.3.1/include/arm_mve.h **** #define vcvtq_m_u16_f16(__inactive, __a, __p) __arm_vcvtq_m_u16_f16(__inactive, __a, __p)
 263:/home/min/snap/code/229/.local/share/stm32cube/bundles/gnu-tools-for-stm32/14.3.1+st.2/lib/gcc/arm-none-eabi/14.3.1/include/arm_mve.h **** #define vcvtmq_m_s32_f32(__inactive, __a, __p) __arm_vcvtmq_m_s32_f32(__inactive, __a, __p)
 264:/home/min/snap/code/229/.local/share/stm32cube/bundles/gnu-tools-for-stm32/14.3.1+st.2/lib/gcc/arm-none-eabi/14.3.1/include/arm_mve.h **** #define vcvtnq_m_s32_f32(__inactive, __a, __p) __arm_vcvtnq_m_s32_f32(__inactive, __a, __p)
 265:/home/min/snap/code/229/.local/share/stm32cube/bundles/gnu-tools-for-stm32/14.3.1+st.2/lib/gcc/arm-none-eabi/14.3.1/include/arm_mve.h **** #define vcvtpq_m_s32_f32(__inactive, __a, __p) __arm_vcvtpq_m_s32_f32(__inactive, __a, __p)
 266:/home/min/snap/code/229/.local/share/stm32cube/bundles/gnu-tools-for-stm32/14.3.1+st.2/lib/gcc/arm-none-eabi/14.3.1/include/arm_mve.h **** #define vcvtq_m_s32_f32(__inactive, __a, __p) __arm_vcvtq_m_s32_f32(__inactive, __a, __p)
 267:/home/min/snap/code/229/.local/share/stm32cube/bundles/gnu-tools-for-stm32/14.3.1+st.2/lib/gcc/arm-none-eabi/14.3.1/include/arm_mve.h **** #define vcvtmq_m_u32_f32(__inactive, __a, __p) __arm_vcvtmq_m_u32_f32(__inactive, __a, __p)
 268:/home/min/snap/code/229/.local/share/stm32cube/bundles/gnu-tools-for-stm32/14.3.1+st.2/lib/gcc/arm-none-eabi/14.3.1/include/arm_mve.h **** #define vcvtnq_m_u32_f32(__inactive, __a, __p) __arm_vcvtnq_m_u32_f32(__inactive, __a, __p)
 269:/home/min/snap/code/229/.local/share/stm32cube/bundles/gnu-tools-for-stm32/14.3.1+st.2/lib/gcc/arm-none-eabi/14.3.1/include/arm_mve.h **** #define vcvtpq_m_u32_f32(__inactive, __a, __p) __arm_vcvtpq_m_u32_f32(__inactive, __a, __p)
 270:/home/min/snap/code/229/.local/share/stm32cube/bundles/gnu-tools-for-stm32/14.3.1+st.2/lib/gcc/arm-none-eabi/14.3.1/include/arm_mve.h **** #define vcvtq_m_u32_f32(__inactive, __a, __p) __arm_vcvtq_m_u32_f32(__inactive, __a, __p)
 271:/home/min/snap/code/229/.local/share/stm32cube/bundles/gnu-tools-for-stm32/14.3.1+st.2/lib/gcc/arm-none-eabi/14.3.1/include/arm_mve.h **** #define vcvtq_m_n_f16_u16(__inactive, __a,  __imm6, __p) __arm_vcvtq_m_n_f16_u16(__inactive, __a,  
 272:/home/min/snap/code/229/.local/share/stm32cube/bundles/gnu-tools-for-stm32/14.3.1+st.2/lib/gcc/arm-none-eabi/14.3.1/include/arm_mve.h **** #define vcvtq_m_n_f16_s16(__inactive, __a,  __imm6, __p) __arm_vcvtq_m_n_f16_s16(__inactive, __a,  
 273:/home/min/snap/code/229/.local/share/stm32cube/bundles/gnu-tools-for-stm32/14.3.1+st.2/lib/gcc/arm-none-eabi/14.3.1/include/arm_mve.h **** #define vcvtq_m_n_f32_u32(__inactive, __a,  __imm6, __p) __arm_vcvtq_m_n_f32_u32(__inactive, __a,  
 274:/home/min/snap/code/229/.local/share/stm32cube/bundles/gnu-tools-for-stm32/14.3.1+st.2/lib/gcc/arm-none-eabi/14.3.1/include/arm_mve.h **** #define vcvtq_m_n_f32_s32(__inactive, __a,  __imm6, __p) __arm_vcvtq_m_n_f32_s32(__inactive, __a,  
 275:/home/min/snap/code/229/.local/share/stm32cube/bundles/gnu-tools-for-stm32/14.3.1+st.2/lib/gcc/arm-none-eabi/14.3.1/include/arm_mve.h **** #define vbicq_m_s8(__inactive, __a, __b, __p) __arm_vbicq_m_s8(__inactive, __a, __b, __p)
 276:/home/min/snap/code/229/.local/share/stm32cube/bundles/gnu-tools-for-stm32/14.3.1+st.2/lib/gcc/arm-none-eabi/14.3.1/include/arm_mve.h **** #define vbicq_m_s32(__inactive, __a, __b, __p) __arm_vbicq_m_s32(__inactive, __a, __b, __p)
 277:/home/min/snap/code/229/.local/share/stm32cube/bundles/gnu-tools-for-stm32/14.3.1+st.2/lib/gcc/arm-none-eabi/14.3.1/include/arm_mve.h **** #define vbicq_m_s16(__inactive, __a, __b, __p) __arm_vbicq_m_s16(__inactive, __a, __b, __p)
 278:/home/min/snap/code/229/.local/share/stm32cube/bundles/gnu-tools-for-stm32/14.3.1+st.2/lib/gcc/arm-none-eabi/14.3.1/include/arm_mve.h **** #define vbicq_m_u8(__inactive, __a, __b, __p) __arm_vbicq_m_u8(__inactive, __a, __b, __p)
 279:/home/min/snap/code/229/.local/share/stm32cube/bundles/gnu-tools-for-stm32/14.3.1+st.2/lib/gcc/arm-none-eabi/14.3.1/include/arm_mve.h **** #define vbicq_m_u32(__inactive, __a, __b, __p) __arm_vbicq_m_u32(__inactive, __a, __b, __p)
 280:/home/min/snap/code/229/.local/share/stm32cube/bundles/gnu-tools-for-stm32/14.3.1+st.2/lib/gcc/arm-none-eabi/14.3.1/include/arm_mve.h **** #define vbicq_m_u16(__inactive, __a, __b, __p) __arm_vbicq_m_u16(__inactive, __a, __b, __p)
 281:/home/min/snap/code/229/.local/share/stm32cube/bundles/gnu-tools-for-stm32/14.3.1+st.2/lib/gcc/arm-none-eabi/14.3.1/include/arm_mve.h **** #define vornq_m_s8(__inactive, __a, __b, __p) __arm_vornq_m_s8(__inactive, __a, __b, __p)
 282:/home/min/snap/code/229/.local/share/stm32cube/bundles/gnu-tools-for-stm32/14.3.1+st.2/lib/gcc/arm-none-eabi/14.3.1/include/arm_mve.h **** #define vornq_m_s32(__inactive, __a, __b, __p) __arm_vornq_m_s32(__inactive, __a, __b, __p)
 283:/home/min/snap/code/229/.local/share/stm32cube/bundles/gnu-tools-for-stm32/14.3.1+st.2/lib/gcc/arm-none-eabi/14.3.1/include/arm_mve.h **** #define vornq_m_s16(__inactive, __a, __b, __p) __arm_vornq_m_s16(__inactive, __a, __b, __p)
 284:/home/min/snap/code/229/.local/share/stm32cube/bundles/gnu-tools-for-stm32/14.3.1+st.2/lib/gcc/arm-none-eabi/14.3.1/include/arm_mve.h **** #define vornq_m_u8(__inactive, __a, __b, __p) __arm_vornq_m_u8(__inactive, __a, __b, __p)
 285:/home/min/snap/code/229/.local/share/stm32cube/bundles/gnu-tools-for-stm32/14.3.1+st.2/lib/gcc/arm-none-eabi/14.3.1/include/arm_mve.h **** #define vornq_m_u32(__inactive, __a, __b, __p) __arm_vornq_m_u32(__inactive, __a, __b, __p)
 286:/home/min/snap/code/229/.local/share/stm32cube/bundles/gnu-tools-for-stm32/14.3.1+st.2/lib/gcc/arm-none-eabi/14.3.1/include/arm_mve.h **** #define vornq_m_u16(__inactive, __a, __b, __p) __arm_vornq_m_u16(__inactive, __a, __b, __p)
 287:/home/min/snap/code/229/.local/share/stm32cube/bundles/gnu-tools-for-stm32/14.3.1+st.2/lib/gcc/arm-none-eabi/14.3.1/include/arm_mve.h **** #define vbicq_m_f32(__inactive, __a, __b, __p) __arm_vbicq_m_f32(__inactive, __a, __b, __p)
 288:/home/min/snap/code/229/.local/share/stm32cube/bundles/gnu-tools-for-stm32/14.3.1+st.2/lib/gcc/arm-none-eabi/14.3.1/include/arm_mve.h **** #define vbicq_m_f16(__inactive, __a, __b, __p) __arm_vbicq_m_f16(__inactive, __a, __b, __p)
 289:/home/min/snap/code/229/.local/share/stm32cube/bundles/gnu-tools-for-stm32/14.3.1+st.2/lib/gcc/arm-none-eabi/14.3.1/include/arm_mve.h **** #define vcvtq_m_n_s32_f32(__inactive, __a,  __imm6, __p) __arm_vcvtq_m_n_s32_f32(__inactive, __a,  
 290:/home/min/snap/code/229/.local/share/stm32cube/bundles/gnu-tools-for-stm32/14.3.1+st.2/lib/gcc/arm-none-eabi/14.3.1/include/arm_mve.h **** #define vcvtq_m_n_s16_f16(__inactive, __a,  __imm6, __p) __arm_vcvtq_m_n_s16_f16(__inactive, __a,  
 291:/home/min/snap/code/229/.local/share/stm32cube/bundles/gnu-tools-for-stm32/14.3.1+st.2/lib/gcc/arm-none-eabi/14.3.1/include/arm_mve.h **** #define vcvtq_m_n_u32_f32(__inactive, __a,  __imm6, __p) __arm_vcvtq_m_n_u32_f32(__inactive, __a,  
 292:/home/min/snap/code/229/.local/share/stm32cube/bundles/gnu-tools-for-stm32/14.3.1+st.2/lib/gcc/arm-none-eabi/14.3.1/include/arm_mve.h **** #define vcvtq_m_n_u16_f16(__inactive, __a,  __imm6, __p) __arm_vcvtq_m_n_u16_f16(__inactive, __a,  
 293:/home/min/snap/code/229/.local/share/stm32cube/bundles/gnu-tools-for-stm32/14.3.1+st.2/lib/gcc/arm-none-eabi/14.3.1/include/arm_mve.h **** #define vornq_m_f32(__inactive, __a, __b, __p) __arm_vornq_m_f32(__inactive, __a, __b, __p)
 294:/home/min/snap/code/229/.local/share/stm32cube/bundles/gnu-tools-for-stm32/14.3.1+st.2/lib/gcc/arm-none-eabi/14.3.1/include/arm_mve.h **** #define vornq_m_f16(__inactive, __a, __b, __p) __arm_vornq_m_f16(__inactive, __a, __b, __p)
 295:/home/min/snap/code/229/.local/share/stm32cube/bundles/gnu-tools-for-stm32/14.3.1+st.2/lib/gcc/arm-none-eabi/14.3.1/include/arm_mve.h **** #define vstrbq_s8( __addr, __value) __arm_vstrbq_s8( __addr, __value)
 296:/home/min/snap/code/229/.local/share/stm32cube/bundles/gnu-tools-for-stm32/14.3.1+st.2/lib/gcc/arm-none-eabi/14.3.1/include/arm_mve.h **** #define vstrbq_u8( __addr, __value) __arm_vstrbq_u8( __addr, __value)
 297:/home/min/snap/code/229/.local/share/stm32cube/bundles/gnu-tools-for-stm32/14.3.1+st.2/lib/gcc/arm-none-eabi/14.3.1/include/arm_mve.h **** #define vstrbq_u16( __addr, __value) __arm_vstrbq_u16( __addr, __value)
 298:/home/min/snap/code/229/.local/share/stm32cube/bundles/gnu-tools-for-stm32/14.3.1+st.2/lib/gcc/arm-none-eabi/14.3.1/include/arm_mve.h **** #define vstrbq_scatter_offset_s8( __base, __offset, __value) __arm_vstrbq_scatter_offset_s8( __base
 299:/home/min/snap/code/229/.local/share/stm32cube/bundles/gnu-tools-for-stm32/14.3.1+st.2/lib/gcc/arm-none-eabi/14.3.1/include/arm_mve.h **** #define vstrbq_scatter_offset_u8( __base, __offset, __value) __arm_vstrbq_scatter_offset_u8( __base
 300:/home/min/snap/code/229/.local/share/stm32cube/bundles/gnu-tools-for-stm32/14.3.1+st.2/lib/gcc/arm-none-eabi/14.3.1/include/arm_mve.h **** #define vstrbq_scatter_offset_u16( __base, __offset, __value) __arm_vstrbq_scatter_offset_u16( __ba
 301:/home/min/snap/code/229/.local/share/stm32cube/bundles/gnu-tools-for-stm32/14.3.1+st.2/lib/gcc/arm-none-eabi/14.3.1/include/arm_mve.h **** #define vstrbq_s16( __addr, __value) __arm_vstrbq_s16( __addr, __value)
 302:/home/min/snap/code/229/.local/share/stm32cube/bundles/gnu-tools-for-stm32/14.3.1+st.2/lib/gcc/arm-none-eabi/14.3.1/include/arm_mve.h **** #define vstrbq_u32( __addr, __value) __arm_vstrbq_u32( __addr, __value)
ARM GAS  /tmp/cc66eICS.s 			page 19


 303:/home/min/snap/code/229/.local/share/stm32cube/bundles/gnu-tools-for-stm32/14.3.1+st.2/lib/gcc/arm-none-eabi/14.3.1/include/arm_mve.h **** #define vstrbq_scatter_offset_s16( __base, __offset, __value) __arm_vstrbq_scatter_offset_s16( __ba
 304:/home/min/snap/code/229/.local/share/stm32cube/bundles/gnu-tools-for-stm32/14.3.1+st.2/lib/gcc/arm-none-eabi/14.3.1/include/arm_mve.h **** #define vstrbq_scatter_offset_u32( __base, __offset, __value) __arm_vstrbq_scatter_offset_u32( __ba
 305:/home/min/snap/code/229/.local/share/stm32cube/bundles/gnu-tools-for-stm32/14.3.1+st.2/lib/gcc/arm-none-eabi/14.3.1/include/arm_mve.h **** #define vstrbq_s32( __addr, __value) __arm_vstrbq_s32( __addr, __value)
 306:/home/min/snap/code/229/.local/share/stm32cube/bundles/gnu-tools-for-stm32/14.3.1+st.2/lib/gcc/arm-none-eabi/14.3.1/include/arm_mve.h **** #define vstrbq_scatter_offset_s32( __base, __offset, __value) __arm_vstrbq_scatter_offset_s32( __ba
 307:/home/min/snap/code/229/.local/share/stm32cube/bundles/gnu-tools-for-stm32/14.3.1+st.2/lib/gcc/arm-none-eabi/14.3.1/include/arm_mve.h **** #define vstrwq_scatter_base_s32(__addr,  __offset, __value) __arm_vstrwq_scatter_base_s32(__addr,  
 308:/home/min/snap/code/229/.local/share/stm32cube/bundles/gnu-tools-for-stm32/14.3.1+st.2/lib/gcc/arm-none-eabi/14.3.1/include/arm_mve.h **** #define vstrwq_scatter_base_u32(__addr,  __offset, __value) __arm_vstrwq_scatter_base_u32(__addr,  
 309:/home/min/snap/code/229/.local/share/stm32cube/bundles/gnu-tools-for-stm32/14.3.1+st.2/lib/gcc/arm-none-eabi/14.3.1/include/arm_mve.h **** #define vldrbq_gather_offset_u8(__base, __offset) __arm_vldrbq_gather_offset_u8(__base, __offset)
 310:/home/min/snap/code/229/.local/share/stm32cube/bundles/gnu-tools-for-stm32/14.3.1+st.2/lib/gcc/arm-none-eabi/14.3.1/include/arm_mve.h **** #define vldrbq_gather_offset_s8(__base, __offset) __arm_vldrbq_gather_offset_s8(__base, __offset)
 311:/home/min/snap/code/229/.local/share/stm32cube/bundles/gnu-tools-for-stm32/14.3.1+st.2/lib/gcc/arm-none-eabi/14.3.1/include/arm_mve.h **** #define vldrbq_s8(__base) __arm_vldrbq_s8(__base)
 312:/home/min/snap/code/229/.local/share/stm32cube/bundles/gnu-tools-for-stm32/14.3.1+st.2/lib/gcc/arm-none-eabi/14.3.1/include/arm_mve.h **** #define vldrbq_u8(__base) __arm_vldrbq_u8(__base)
 313:/home/min/snap/code/229/.local/share/stm32cube/bundles/gnu-tools-for-stm32/14.3.1+st.2/lib/gcc/arm-none-eabi/14.3.1/include/arm_mve.h **** #define vldrbq_gather_offset_u16(__base, __offset) __arm_vldrbq_gather_offset_u16(__base, __offset)
 314:/home/min/snap/code/229/.local/share/stm32cube/bundles/gnu-tools-for-stm32/14.3.1+st.2/lib/gcc/arm-none-eabi/14.3.1/include/arm_mve.h **** #define vldrbq_gather_offset_s16(__base, __offset) __arm_vldrbq_gather_offset_s16(__base, __offset)
 315:/home/min/snap/code/229/.local/share/stm32cube/bundles/gnu-tools-for-stm32/14.3.1+st.2/lib/gcc/arm-none-eabi/14.3.1/include/arm_mve.h **** #define vldrbq_s16(__base) __arm_vldrbq_s16(__base)
 316:/home/min/snap/code/229/.local/share/stm32cube/bundles/gnu-tools-for-stm32/14.3.1+st.2/lib/gcc/arm-none-eabi/14.3.1/include/arm_mve.h **** #define vldrbq_u16(__base) __arm_vldrbq_u16(__base)
 317:/home/min/snap/code/229/.local/share/stm32cube/bundles/gnu-tools-for-stm32/14.3.1+st.2/lib/gcc/arm-none-eabi/14.3.1/include/arm_mve.h **** #define vldrbq_gather_offset_u32(__base, __offset) __arm_vldrbq_gather_offset_u32(__base, __offset)
 318:/home/min/snap/code/229/.local/share/stm32cube/bundles/gnu-tools-for-stm32/14.3.1+st.2/lib/gcc/arm-none-eabi/14.3.1/include/arm_mve.h **** #define vldrbq_gather_offset_s32(__base, __offset) __arm_vldrbq_gather_offset_s32(__base, __offset)
 319:/home/min/snap/code/229/.local/share/stm32cube/bundles/gnu-tools-for-stm32/14.3.1+st.2/lib/gcc/arm-none-eabi/14.3.1/include/arm_mve.h **** #define vldrbq_s32(__base) __arm_vldrbq_s32(__base)
 320:/home/min/snap/code/229/.local/share/stm32cube/bundles/gnu-tools-for-stm32/14.3.1+st.2/lib/gcc/arm-none-eabi/14.3.1/include/arm_mve.h **** #define vldrbq_u32(__base) __arm_vldrbq_u32(__base)
 321:/home/min/snap/code/229/.local/share/stm32cube/bundles/gnu-tools-for-stm32/14.3.1+st.2/lib/gcc/arm-none-eabi/14.3.1/include/arm_mve.h **** #define vldrwq_gather_base_s32(__addr,  __offset) __arm_vldrwq_gather_base_s32(__addr,  __offset)
 322:/home/min/snap/code/229/.local/share/stm32cube/bundles/gnu-tools-for-stm32/14.3.1+st.2/lib/gcc/arm-none-eabi/14.3.1/include/arm_mve.h **** #define vldrwq_gather_base_u32(__addr,  __offset) __arm_vldrwq_gather_base_u32(__addr,  __offset)
 323:/home/min/snap/code/229/.local/share/stm32cube/bundles/gnu-tools-for-stm32/14.3.1+st.2/lib/gcc/arm-none-eabi/14.3.1/include/arm_mve.h **** #define vstrbq_p_s8( __addr, __value, __p) __arm_vstrbq_p_s8( __addr, __value, __p)
 324:/home/min/snap/code/229/.local/share/stm32cube/bundles/gnu-tools-for-stm32/14.3.1+st.2/lib/gcc/arm-none-eabi/14.3.1/include/arm_mve.h **** #define vstrbq_p_s32( __addr, __value, __p) __arm_vstrbq_p_s32( __addr, __value, __p)
 325:/home/min/snap/code/229/.local/share/stm32cube/bundles/gnu-tools-for-stm32/14.3.1+st.2/lib/gcc/arm-none-eabi/14.3.1/include/arm_mve.h **** #define vstrbq_p_s16( __addr, __value, __p) __arm_vstrbq_p_s16( __addr, __value, __p)
 326:/home/min/snap/code/229/.local/share/stm32cube/bundles/gnu-tools-for-stm32/14.3.1+st.2/lib/gcc/arm-none-eabi/14.3.1/include/arm_mve.h **** #define vstrbq_p_u8( __addr, __value, __p) __arm_vstrbq_p_u8( __addr, __value, __p)
 327:/home/min/snap/code/229/.local/share/stm32cube/bundles/gnu-tools-for-stm32/14.3.1+st.2/lib/gcc/arm-none-eabi/14.3.1/include/arm_mve.h **** #define vstrbq_p_u32( __addr, __value, __p) __arm_vstrbq_p_u32( __addr, __value, __p)
 328:/home/min/snap/code/229/.local/share/stm32cube/bundles/gnu-tools-for-stm32/14.3.1+st.2/lib/gcc/arm-none-eabi/14.3.1/include/arm_mve.h **** #define vstrbq_p_u16( __addr, __value, __p) __arm_vstrbq_p_u16( __addr, __value, __p)
 329:/home/min/snap/code/229/.local/share/stm32cube/bundles/gnu-tools-for-stm32/14.3.1+st.2/lib/gcc/arm-none-eabi/14.3.1/include/arm_mve.h **** #define vstrbq_scatter_offset_p_s8( __base, __offset, __value, __p) __arm_vstrbq_scatter_offset_p_s
 330:/home/min/snap/code/229/.local/share/stm32cube/bundles/gnu-tools-for-stm32/14.3.1+st.2/lib/gcc/arm-none-eabi/14.3.1/include/arm_mve.h **** #define vstrbq_scatter_offset_p_s32( __base, __offset, __value, __p) __arm_vstrbq_scatter_offset_p_
 331:/home/min/snap/code/229/.local/share/stm32cube/bundles/gnu-tools-for-stm32/14.3.1+st.2/lib/gcc/arm-none-eabi/14.3.1/include/arm_mve.h **** #define vstrbq_scatter_offset_p_s16( __base, __offset, __value, __p) __arm_vstrbq_scatter_offset_p_
 332:/home/min/snap/code/229/.local/share/stm32cube/bundles/gnu-tools-for-stm32/14.3.1+st.2/lib/gcc/arm-none-eabi/14.3.1/include/arm_mve.h **** #define vstrbq_scatter_offset_p_u8( __base, __offset, __value, __p) __arm_vstrbq_scatter_offset_p_u
 333:/home/min/snap/code/229/.local/share/stm32cube/bundles/gnu-tools-for-stm32/14.3.1+st.2/lib/gcc/arm-none-eabi/14.3.1/include/arm_mve.h **** #define vstrbq_scatter_offset_p_u32( __base, __offset, __value, __p) __arm_vstrbq_scatter_offset_p_
 334:/home/min/snap/code/229/.local/share/stm32cube/bundles/gnu-tools-for-stm32/14.3.1+st.2/lib/gcc/arm-none-eabi/14.3.1/include/arm_mve.h **** #define vstrbq_scatter_offset_p_u16( __base, __offset, __value, __p) __arm_vstrbq_scatter_offset_p_
 335:/home/min/snap/code/229/.local/share/stm32cube/bundles/gnu-tools-for-stm32/14.3.1+st.2/lib/gcc/arm-none-eabi/14.3.1/include/arm_mve.h **** #define vstrwq_scatter_base_p_s32(__addr,  __offset, __value, __p) __arm_vstrwq_scatter_base_p_s32(
 336:/home/min/snap/code/229/.local/share/stm32cube/bundles/gnu-tools-for-stm32/14.3.1+st.2/lib/gcc/arm-none-eabi/14.3.1/include/arm_mve.h **** #define vstrwq_scatter_base_p_u32(__addr,  __offset, __value, __p) __arm_vstrwq_scatter_base_p_u32(
 337:/home/min/snap/code/229/.local/share/stm32cube/bundles/gnu-tools-for-stm32/14.3.1+st.2/lib/gcc/arm-none-eabi/14.3.1/include/arm_mve.h **** #define vldrbq_gather_offset_z_s16(__base, __offset, __p) __arm_vldrbq_gather_offset_z_s16(__base, 
 338:/home/min/snap/code/229/.local/share/stm32cube/bundles/gnu-tools-for-stm32/14.3.1+st.2/lib/gcc/arm-none-eabi/14.3.1/include/arm_mve.h **** #define vldrbq_gather_offset_z_u8(__base, __offset, __p) __arm_vldrbq_gather_offset_z_u8(__base, __
 339:/home/min/snap/code/229/.local/share/stm32cube/bundles/gnu-tools-for-stm32/14.3.1+st.2/lib/gcc/arm-none-eabi/14.3.1/include/arm_mve.h **** #define vldrbq_gather_offset_z_s32(__base, __offset, __p) __arm_vldrbq_gather_offset_z_s32(__base, 
 340:/home/min/snap/code/229/.local/share/stm32cube/bundles/gnu-tools-for-stm32/14.3.1+st.2/lib/gcc/arm-none-eabi/14.3.1/include/arm_mve.h **** #define vldrbq_gather_offset_z_u16(__base, __offset, __p) __arm_vldrbq_gather_offset_z_u16(__base, 
 341:/home/min/snap/code/229/.local/share/stm32cube/bundles/gnu-tools-for-stm32/14.3.1+st.2/lib/gcc/arm-none-eabi/14.3.1/include/arm_mve.h **** #define vldrbq_gather_offset_z_u32(__base, __offset, __p) __arm_vldrbq_gather_offset_z_u32(__base, 
 342:/home/min/snap/code/229/.local/share/stm32cube/bundles/gnu-tools-for-stm32/14.3.1+st.2/lib/gcc/arm-none-eabi/14.3.1/include/arm_mve.h **** #define vldrbq_gather_offset_z_s8(__base, __offset, __p) __arm_vldrbq_gather_offset_z_s8(__base, __
 343:/home/min/snap/code/229/.local/share/stm32cube/bundles/gnu-tools-for-stm32/14.3.1+st.2/lib/gcc/arm-none-eabi/14.3.1/include/arm_mve.h **** #define vldrbq_z_s16(__base, __p) __arm_vldrbq_z_s16(__base, __p)
 344:/home/min/snap/code/229/.local/share/stm32cube/bundles/gnu-tools-for-stm32/14.3.1+st.2/lib/gcc/arm-none-eabi/14.3.1/include/arm_mve.h **** #define vldrbq_z_u8(__base, __p) __arm_vldrbq_z_u8(__base, __p)
 345:/home/min/snap/code/229/.local/share/stm32cube/bundles/gnu-tools-for-stm32/14.3.1+st.2/lib/gcc/arm-none-eabi/14.3.1/include/arm_mve.h **** #define vldrbq_z_s8(__base, __p) __arm_vldrbq_z_s8(__base, __p)
 346:/home/min/snap/code/229/.local/share/stm32cube/bundles/gnu-tools-for-stm32/14.3.1+st.2/lib/gcc/arm-none-eabi/14.3.1/include/arm_mve.h **** #define vldrbq_z_s32(__base, __p) __arm_vldrbq_z_s32(__base, __p)
 347:/home/min/snap/code/229/.local/share/stm32cube/bundles/gnu-tools-for-stm32/14.3.1+st.2/lib/gcc/arm-none-eabi/14.3.1/include/arm_mve.h **** #define vldrbq_z_u16(__base, __p) __arm_vldrbq_z_u16(__base, __p)
 348:/home/min/snap/code/229/.local/share/stm32cube/bundles/gnu-tools-for-stm32/14.3.1+st.2/lib/gcc/arm-none-eabi/14.3.1/include/arm_mve.h **** #define vldrbq_z_u32(__base, __p) __arm_vldrbq_z_u32(__base, __p)
 349:/home/min/snap/code/229/.local/share/stm32cube/bundles/gnu-tools-for-stm32/14.3.1+st.2/lib/gcc/arm-none-eabi/14.3.1/include/arm_mve.h **** #define vldrwq_gather_base_z_u32(__addr,  __offset, __p) __arm_vldrwq_gather_base_z_u32(__addr,  __
 350:/home/min/snap/code/229/.local/share/stm32cube/bundles/gnu-tools-for-stm32/14.3.1+st.2/lib/gcc/arm-none-eabi/14.3.1/include/arm_mve.h **** #define vldrwq_gather_base_z_s32(__addr,  __offset, __p) __arm_vldrwq_gather_base_z_s32(__addr,  __
 351:/home/min/snap/code/229/.local/share/stm32cube/bundles/gnu-tools-for-stm32/14.3.1+st.2/lib/gcc/arm-none-eabi/14.3.1/include/arm_mve.h **** #define vldrhq_gather_offset_s32(__base, __offset) __arm_vldrhq_gather_offset_s32(__base, __offset)
 352:/home/min/snap/code/229/.local/share/stm32cube/bundles/gnu-tools-for-stm32/14.3.1+st.2/lib/gcc/arm-none-eabi/14.3.1/include/arm_mve.h **** #define vldrhq_gather_offset_s16(__base, __offset) __arm_vldrhq_gather_offset_s16(__base, __offset)
 353:/home/min/snap/code/229/.local/share/stm32cube/bundles/gnu-tools-for-stm32/14.3.1+st.2/lib/gcc/arm-none-eabi/14.3.1/include/arm_mve.h **** #define vldrhq_gather_offset_u32(__base, __offset) __arm_vldrhq_gather_offset_u32(__base, __offset)
 354:/home/min/snap/code/229/.local/share/stm32cube/bundles/gnu-tools-for-stm32/14.3.1+st.2/lib/gcc/arm-none-eabi/14.3.1/include/arm_mve.h **** #define vldrhq_gather_offset_u16(__base, __offset) __arm_vldrhq_gather_offset_u16(__base, __offset)
 355:/home/min/snap/code/229/.local/share/stm32cube/bundles/gnu-tools-for-stm32/14.3.1+st.2/lib/gcc/arm-none-eabi/14.3.1/include/arm_mve.h **** #define vldrhq_gather_offset_z_s32(__base, __offset, __p) __arm_vldrhq_gather_offset_z_s32(__base, 
 356:/home/min/snap/code/229/.local/share/stm32cube/bundles/gnu-tools-for-stm32/14.3.1+st.2/lib/gcc/arm-none-eabi/14.3.1/include/arm_mve.h **** #define vldrhq_gather_offset_z_s16(__base, __offset, __p) __arm_vldrhq_gather_offset_z_s16(__base, 
 357:/home/min/snap/code/229/.local/share/stm32cube/bundles/gnu-tools-for-stm32/14.3.1+st.2/lib/gcc/arm-none-eabi/14.3.1/include/arm_mve.h **** #define vldrhq_gather_offset_z_u32(__base, __offset, __p) __arm_vldrhq_gather_offset_z_u32(__base, 
 358:/home/min/snap/code/229/.local/share/stm32cube/bundles/gnu-tools-for-stm32/14.3.1+st.2/lib/gcc/arm-none-eabi/14.3.1/include/arm_mve.h **** #define vldrhq_gather_offset_z_u16(__base, __offset, __p) __arm_vldrhq_gather_offset_z_u16(__base, 
 359:/home/min/snap/code/229/.local/share/stm32cube/bundles/gnu-tools-for-stm32/14.3.1+st.2/lib/gcc/arm-none-eabi/14.3.1/include/arm_mve.h **** #define vldrhq_gather_shifted_offset_s32(__base, __offset) __arm_vldrhq_gather_shifted_offset_s32(_
ARM GAS  /tmp/cc66eICS.s 			page 20


 360:/home/min/snap/code/229/.local/share/stm32cube/bundles/gnu-tools-for-stm32/14.3.1+st.2/lib/gcc/arm-none-eabi/14.3.1/include/arm_mve.h **** #define vldrhq_gather_shifted_offset_s16(__base, __offset) __arm_vldrhq_gather_shifted_offset_s16(_
 361:/home/min/snap/code/229/.local/share/stm32cube/bundles/gnu-tools-for-stm32/14.3.1+st.2/lib/gcc/arm-none-eabi/14.3.1/include/arm_mve.h **** #define vldrhq_gather_shifted_offset_u32(__base, __offset) __arm_vldrhq_gather_shifted_offset_u32(_
 362:/home/min/snap/code/229/.local/share/stm32cube/bundles/gnu-tools-for-stm32/14.3.1+st.2/lib/gcc/arm-none-eabi/14.3.1/include/arm_mve.h **** #define vldrhq_gather_shifted_offset_u16(__base, __offset) __arm_vldrhq_gather_shifted_offset_u16(_
 363:/home/min/snap/code/229/.local/share/stm32cube/bundles/gnu-tools-for-stm32/14.3.1+st.2/lib/gcc/arm-none-eabi/14.3.1/include/arm_mve.h **** #define vldrhq_gather_shifted_offset_z_s32(__base, __offset, __p) __arm_vldrhq_gather_shifted_offse
 364:/home/min/snap/code/229/.local/share/stm32cube/bundles/gnu-tools-for-stm32/14.3.1+st.2/lib/gcc/arm-none-eabi/14.3.1/include/arm_mve.h **** #define vldrhq_gather_shifted_offset_z_s16(__base, __offset, __p) __arm_vldrhq_gather_shifted_offse
 365:/home/min/snap/code/229/.local/share/stm32cube/bundles/gnu-tools-for-stm32/14.3.1+st.2/lib/gcc/arm-none-eabi/14.3.1/include/arm_mve.h **** #define vldrhq_gather_shifted_offset_z_u32(__base, __offset, __p) __arm_vldrhq_gather_shifted_offse
 366:/home/min/snap/code/229/.local/share/stm32cube/bundles/gnu-tools-for-stm32/14.3.1+st.2/lib/gcc/arm-none-eabi/14.3.1/include/arm_mve.h **** #define vldrhq_gather_shifted_offset_z_u16(__base, __offset, __p) __arm_vldrhq_gather_shifted_offse
 367:/home/min/snap/code/229/.local/share/stm32cube/bundles/gnu-tools-for-stm32/14.3.1+st.2/lib/gcc/arm-none-eabi/14.3.1/include/arm_mve.h **** #define vldrhq_s32(__base) __arm_vldrhq_s32(__base)
 368:/home/min/snap/code/229/.local/share/stm32cube/bundles/gnu-tools-for-stm32/14.3.1+st.2/lib/gcc/arm-none-eabi/14.3.1/include/arm_mve.h **** #define vldrhq_s16(__base) __arm_vldrhq_s16(__base)
 369:/home/min/snap/code/229/.local/share/stm32cube/bundles/gnu-tools-for-stm32/14.3.1+st.2/lib/gcc/arm-none-eabi/14.3.1/include/arm_mve.h **** #define vldrhq_u32(__base) __arm_vldrhq_u32(__base)
 370:/home/min/snap/code/229/.local/share/stm32cube/bundles/gnu-tools-for-stm32/14.3.1+st.2/lib/gcc/arm-none-eabi/14.3.1/include/arm_mve.h **** #define vldrhq_u16(__base) __arm_vldrhq_u16(__base)
 371:/home/min/snap/code/229/.local/share/stm32cube/bundles/gnu-tools-for-stm32/14.3.1+st.2/lib/gcc/arm-none-eabi/14.3.1/include/arm_mve.h **** #define vldrhq_z_s32(__base, __p) __arm_vldrhq_z_s32(__base, __p)
 372:/home/min/snap/code/229/.local/share/stm32cube/bundles/gnu-tools-for-stm32/14.3.1+st.2/lib/gcc/arm-none-eabi/14.3.1/include/arm_mve.h **** #define vldrhq_z_s16(__base, __p) __arm_vldrhq_z_s16(__base, __p)
 373:/home/min/snap/code/229/.local/share/stm32cube/bundles/gnu-tools-for-stm32/14.3.1+st.2/lib/gcc/arm-none-eabi/14.3.1/include/arm_mve.h **** #define vldrhq_z_u32(__base, __p) __arm_vldrhq_z_u32(__base, __p)
 374:/home/min/snap/code/229/.local/share/stm32cube/bundles/gnu-tools-for-stm32/14.3.1+st.2/lib/gcc/arm-none-eabi/14.3.1/include/arm_mve.h **** #define vldrhq_z_u16(__base, __p) __arm_vldrhq_z_u16(__base, __p)
 375:/home/min/snap/code/229/.local/share/stm32cube/bundles/gnu-tools-for-stm32/14.3.1+st.2/lib/gcc/arm-none-eabi/14.3.1/include/arm_mve.h **** #define vldrwq_s32(__base) __arm_vldrwq_s32(__base)
 376:/home/min/snap/code/229/.local/share/stm32cube/bundles/gnu-tools-for-stm32/14.3.1+st.2/lib/gcc/arm-none-eabi/14.3.1/include/arm_mve.h **** #define vldrwq_u32(__base) __arm_vldrwq_u32(__base)
 377:/home/min/snap/code/229/.local/share/stm32cube/bundles/gnu-tools-for-stm32/14.3.1+st.2/lib/gcc/arm-none-eabi/14.3.1/include/arm_mve.h **** #define vldrwq_z_s32(__base, __p) __arm_vldrwq_z_s32(__base, __p)
 378:/home/min/snap/code/229/.local/share/stm32cube/bundles/gnu-tools-for-stm32/14.3.1+st.2/lib/gcc/arm-none-eabi/14.3.1/include/arm_mve.h **** #define vldrwq_z_u32(__base, __p) __arm_vldrwq_z_u32(__base, __p)
 379:/home/min/snap/code/229/.local/share/stm32cube/bundles/gnu-tools-for-stm32/14.3.1+st.2/lib/gcc/arm-none-eabi/14.3.1/include/arm_mve.h **** #define vldrhq_f16(__base) __arm_vldrhq_f16(__base)
 380:/home/min/snap/code/229/.local/share/stm32cube/bundles/gnu-tools-for-stm32/14.3.1+st.2/lib/gcc/arm-none-eabi/14.3.1/include/arm_mve.h **** #define vldrhq_z_f16(__base, __p) __arm_vldrhq_z_f16(__base, __p)
 381:/home/min/snap/code/229/.local/share/stm32cube/bundles/gnu-tools-for-stm32/14.3.1+st.2/lib/gcc/arm-none-eabi/14.3.1/include/arm_mve.h **** #define vldrwq_f32(__base) __arm_vldrwq_f32(__base)
 382:/home/min/snap/code/229/.local/share/stm32cube/bundles/gnu-tools-for-stm32/14.3.1+st.2/lib/gcc/arm-none-eabi/14.3.1/include/arm_mve.h **** #define vldrwq_z_f32(__base, __p) __arm_vldrwq_z_f32(__base, __p)
 383:/home/min/snap/code/229/.local/share/stm32cube/bundles/gnu-tools-for-stm32/14.3.1+st.2/lib/gcc/arm-none-eabi/14.3.1/include/arm_mve.h **** #define vldrdq_gather_base_s64(__addr,  __offset) __arm_vldrdq_gather_base_s64(__addr,  __offset)
 384:/home/min/snap/code/229/.local/share/stm32cube/bundles/gnu-tools-for-stm32/14.3.1+st.2/lib/gcc/arm-none-eabi/14.3.1/include/arm_mve.h **** #define vldrdq_gather_base_u64(__addr,  __offset) __arm_vldrdq_gather_base_u64(__addr,  __offset)
 385:/home/min/snap/code/229/.local/share/stm32cube/bundles/gnu-tools-for-stm32/14.3.1+st.2/lib/gcc/arm-none-eabi/14.3.1/include/arm_mve.h **** #define vldrdq_gather_base_z_s64(__addr,  __offset, __p) __arm_vldrdq_gather_base_z_s64(__addr,  __
 386:/home/min/snap/code/229/.local/share/stm32cube/bundles/gnu-tools-for-stm32/14.3.1+st.2/lib/gcc/arm-none-eabi/14.3.1/include/arm_mve.h **** #define vldrdq_gather_base_z_u64(__addr,  __offset, __p) __arm_vldrdq_gather_base_z_u64(__addr,  __
 387:/home/min/snap/code/229/.local/share/stm32cube/bundles/gnu-tools-for-stm32/14.3.1+st.2/lib/gcc/arm-none-eabi/14.3.1/include/arm_mve.h **** #define vldrdq_gather_offset_s64(__base, __offset) __arm_vldrdq_gather_offset_s64(__base, __offset)
 388:/home/min/snap/code/229/.local/share/stm32cube/bundles/gnu-tools-for-stm32/14.3.1+st.2/lib/gcc/arm-none-eabi/14.3.1/include/arm_mve.h **** #define vldrdq_gather_offset_u64(__base, __offset) __arm_vldrdq_gather_offset_u64(__base, __offset)
 389:/home/min/snap/code/229/.local/share/stm32cube/bundles/gnu-tools-for-stm32/14.3.1+st.2/lib/gcc/arm-none-eabi/14.3.1/include/arm_mve.h **** #define vldrdq_gather_offset_z_s64(__base, __offset, __p) __arm_vldrdq_gather_offset_z_s64(__base, 
 390:/home/min/snap/code/229/.local/share/stm32cube/bundles/gnu-tools-for-stm32/14.3.1+st.2/lib/gcc/arm-none-eabi/14.3.1/include/arm_mve.h **** #define vldrdq_gather_offset_z_u64(__base, __offset, __p) __arm_vldrdq_gather_offset_z_u64(__base, 
 391:/home/min/snap/code/229/.local/share/stm32cube/bundles/gnu-tools-for-stm32/14.3.1+st.2/lib/gcc/arm-none-eabi/14.3.1/include/arm_mve.h **** #define vldrdq_gather_shifted_offset_s64(__base, __offset) __arm_vldrdq_gather_shifted_offset_s64(_
 392:/home/min/snap/code/229/.local/share/stm32cube/bundles/gnu-tools-for-stm32/14.3.1+st.2/lib/gcc/arm-none-eabi/14.3.1/include/arm_mve.h **** #define vldrdq_gather_shifted_offset_u64(__base, __offset) __arm_vldrdq_gather_shifted_offset_u64(_
 393:/home/min/snap/code/229/.local/share/stm32cube/bundles/gnu-tools-for-stm32/14.3.1+st.2/lib/gcc/arm-none-eabi/14.3.1/include/arm_mve.h **** #define vldrdq_gather_shifted_offset_z_s64(__base, __offset, __p) __arm_vldrdq_gather_shifted_offse
 394:/home/min/snap/code/229/.local/share/stm32cube/bundles/gnu-tools-for-stm32/14.3.1+st.2/lib/gcc/arm-none-eabi/14.3.1/include/arm_mve.h **** #define vldrdq_gather_shifted_offset_z_u64(__base, __offset, __p) __arm_vldrdq_gather_shifted_offse
 395:/home/min/snap/code/229/.local/share/stm32cube/bundles/gnu-tools-for-stm32/14.3.1+st.2/lib/gcc/arm-none-eabi/14.3.1/include/arm_mve.h **** #define vldrhq_gather_offset_f16(__base, __offset) __arm_vldrhq_gather_offset_f16(__base, __offset)
 396:/home/min/snap/code/229/.local/share/stm32cube/bundles/gnu-tools-for-stm32/14.3.1+st.2/lib/gcc/arm-none-eabi/14.3.1/include/arm_mve.h **** #define vldrhq_gather_offset_z_f16(__base, __offset, __p) __arm_vldrhq_gather_offset_z_f16(__base, 
 397:/home/min/snap/code/229/.local/share/stm32cube/bundles/gnu-tools-for-stm32/14.3.1+st.2/lib/gcc/arm-none-eabi/14.3.1/include/arm_mve.h **** #define vldrhq_gather_shifted_offset_f16(__base, __offset) __arm_vldrhq_gather_shifted_offset_f16(_
 398:/home/min/snap/code/229/.local/share/stm32cube/bundles/gnu-tools-for-stm32/14.3.1+st.2/lib/gcc/arm-none-eabi/14.3.1/include/arm_mve.h **** #define vldrhq_gather_shifted_offset_z_f16(__base, __offset, __p) __arm_vldrhq_gather_shifted_offse
 399:/home/min/snap/code/229/.local/share/stm32cube/bundles/gnu-tools-for-stm32/14.3.1+st.2/lib/gcc/arm-none-eabi/14.3.1/include/arm_mve.h **** #define vldrwq_gather_base_f32(__addr,  __offset) __arm_vldrwq_gather_base_f32(__addr,  __offset)
 400:/home/min/snap/code/229/.local/share/stm32cube/bundles/gnu-tools-for-stm32/14.3.1+st.2/lib/gcc/arm-none-eabi/14.3.1/include/arm_mve.h **** #define vldrwq_gather_base_z_f32(__addr,  __offset, __p) __arm_vldrwq_gather_base_z_f32(__addr,  __
 401:/home/min/snap/code/229/.local/share/stm32cube/bundles/gnu-tools-for-stm32/14.3.1+st.2/lib/gcc/arm-none-eabi/14.3.1/include/arm_mve.h **** #define vldrwq_gather_offset_f32(__base, __offset) __arm_vldrwq_gather_offset_f32(__base, __offset)
 402:/home/min/snap/code/229/.local/share/stm32cube/bundles/gnu-tools-for-stm32/14.3.1+st.2/lib/gcc/arm-none-eabi/14.3.1/include/arm_mve.h **** #define vldrwq_gather_offset_s32(__base, __offset) __arm_vldrwq_gather_offset_s32(__base, __offset)
 403:/home/min/snap/code/229/.local/share/stm32cube/bundles/gnu-tools-for-stm32/14.3.1+st.2/lib/gcc/arm-none-eabi/14.3.1/include/arm_mve.h **** #define vldrwq_gather_offset_u32(__base, __offset) __arm_vldrwq_gather_offset_u32(__base, __offset)
 404:/home/min/snap/code/229/.local/share/stm32cube/bundles/gnu-tools-for-stm32/14.3.1+st.2/lib/gcc/arm-none-eabi/14.3.1/include/arm_mve.h **** #define vldrwq_gather_offset_z_f32(__base, __offset, __p) __arm_vldrwq_gather_offset_z_f32(__base, 
 405:/home/min/snap/code/229/.local/share/stm32cube/bundles/gnu-tools-for-stm32/14.3.1+st.2/lib/gcc/arm-none-eabi/14.3.1/include/arm_mve.h **** #define vldrwq_gather_offset_z_s32(__base, __offset, __p) __arm_vldrwq_gather_offset_z_s32(__base, 
 406:/home/min/snap/code/229/.local/share/stm32cube/bundles/gnu-tools-for-stm32/14.3.1+st.2/lib/gcc/arm-none-eabi/14.3.1/include/arm_mve.h **** #define vldrwq_gather_offset_z_u32(__base, __offset, __p) __arm_vldrwq_gather_offset_z_u32(__base, 
 407:/home/min/snap/code/229/.local/share/stm32cube/bundles/gnu-tools-for-stm32/14.3.1+st.2/lib/gcc/arm-none-eabi/14.3.1/include/arm_mve.h **** #define vldrwq_gather_shifted_offset_f32(__base, __offset) __arm_vldrwq_gather_shifted_offset_f32(_
 408:/home/min/snap/code/229/.local/share/stm32cube/bundles/gnu-tools-for-stm32/14.3.1+st.2/lib/gcc/arm-none-eabi/14.3.1/include/arm_mve.h **** #define vldrwq_gather_shifted_offset_s32(__base, __offset) __arm_vldrwq_gather_shifted_offset_s32(_
 409:/home/min/snap/code/229/.local/share/stm32cube/bundles/gnu-tools-for-stm32/14.3.1+st.2/lib/gcc/arm-none-eabi/14.3.1/include/arm_mve.h **** #define vldrwq_gather_shifted_offset_u32(__base, __offset) __arm_vldrwq_gather_shifted_offset_u32(_
 410:/home/min/snap/code/229/.local/share/stm32cube/bundles/gnu-tools-for-stm32/14.3.1+st.2/lib/gcc/arm-none-eabi/14.3.1/include/arm_mve.h **** #define vldrwq_gather_shifted_offset_z_f32(__base, __offset, __p) __arm_vldrwq_gather_shifted_offse
 411:/home/min/snap/code/229/.local/share/stm32cube/bundles/gnu-tools-for-stm32/14.3.1+st.2/lib/gcc/arm-none-eabi/14.3.1/include/arm_mve.h **** #define vldrwq_gather_shifted_offset_z_s32(__base, __offset, __p) __arm_vldrwq_gather_shifted_offse
 412:/home/min/snap/code/229/.local/share/stm32cube/bundles/gnu-tools-for-stm32/14.3.1+st.2/lib/gcc/arm-none-eabi/14.3.1/include/arm_mve.h **** #define vldrwq_gather_shifted_offset_z_u32(__base, __offset, __p) __arm_vldrwq_gather_shifted_offse
 413:/home/min/snap/code/229/.local/share/stm32cube/bundles/gnu-tools-for-stm32/14.3.1+st.2/lib/gcc/arm-none-eabi/14.3.1/include/arm_mve.h **** #define vstrhq_f16(__addr, __value) __arm_vstrhq_f16(__addr, __value)
 414:/home/min/snap/code/229/.local/share/stm32cube/bundles/gnu-tools-for-stm32/14.3.1+st.2/lib/gcc/arm-none-eabi/14.3.1/include/arm_mve.h **** #define vstrhq_scatter_offset_s32( __base, __offset, __value) __arm_vstrhq_scatter_offset_s32( __ba
 415:/home/min/snap/code/229/.local/share/stm32cube/bundles/gnu-tools-for-stm32/14.3.1+st.2/lib/gcc/arm-none-eabi/14.3.1/include/arm_mve.h **** #define vstrhq_scatter_offset_s16( __base, __offset, __value) __arm_vstrhq_scatter_offset_s16( __ba
 416:/home/min/snap/code/229/.local/share/stm32cube/bundles/gnu-tools-for-stm32/14.3.1+st.2/lib/gcc/arm-none-eabi/14.3.1/include/arm_mve.h **** #define vstrhq_scatter_offset_u32( __base, __offset, __value) __arm_vstrhq_scatter_offset_u32( __ba
ARM GAS  /tmp/cc66eICS.s 			page 21


 417:/home/min/snap/code/229/.local/share/stm32cube/bundles/gnu-tools-for-stm32/14.3.1+st.2/lib/gcc/arm-none-eabi/14.3.1/include/arm_mve.h **** #define vstrhq_scatter_offset_u16( __base, __offset, __value) __arm_vstrhq_scatter_offset_u16( __ba
 418:/home/min/snap/code/229/.local/share/stm32cube/bundles/gnu-tools-for-stm32/14.3.1+st.2/lib/gcc/arm-none-eabi/14.3.1/include/arm_mve.h **** #define vstrhq_scatter_offset_p_s32( __base, __offset, __value, __p) __arm_vstrhq_scatter_offset_p_
 419:/home/min/snap/code/229/.local/share/stm32cube/bundles/gnu-tools-for-stm32/14.3.1+st.2/lib/gcc/arm-none-eabi/14.3.1/include/arm_mve.h **** #define vstrhq_scatter_offset_p_s16( __base, __offset, __value, __p) __arm_vstrhq_scatter_offset_p_
 420:/home/min/snap/code/229/.local/share/stm32cube/bundles/gnu-tools-for-stm32/14.3.1+st.2/lib/gcc/arm-none-eabi/14.3.1/include/arm_mve.h **** #define vstrhq_scatter_offset_p_u32( __base, __offset, __value, __p) __arm_vstrhq_scatter_offset_p_
 421:/home/min/snap/code/229/.local/share/stm32cube/bundles/gnu-tools-for-stm32/14.3.1+st.2/lib/gcc/arm-none-eabi/14.3.1/include/arm_mve.h **** #define vstrhq_scatter_offset_p_u16( __base, __offset, __value, __p) __arm_vstrhq_scatter_offset_p_
 422:/home/min/snap/code/229/.local/share/stm32cube/bundles/gnu-tools-for-stm32/14.3.1+st.2/lib/gcc/arm-none-eabi/14.3.1/include/arm_mve.h **** #define vstrhq_scatter_shifted_offset_s32( __base, __offset, __value) __arm_vstrhq_scatter_shifted_
 423:/home/min/snap/code/229/.local/share/stm32cube/bundles/gnu-tools-for-stm32/14.3.1+st.2/lib/gcc/arm-none-eabi/14.3.1/include/arm_mve.h **** #define vstrhq_scatter_shifted_offset_s16( __base, __offset, __value) __arm_vstrhq_scatter_shifted_
 424:/home/min/snap/code/229/.local/share/stm32cube/bundles/gnu-tools-for-stm32/14.3.1+st.2/lib/gcc/arm-none-eabi/14.3.1/include/arm_mve.h **** #define vstrhq_scatter_shifted_offset_u32( __base, __offset, __value) __arm_vstrhq_scatter_shifted_
 425:/home/min/snap/code/229/.local/share/stm32cube/bundles/gnu-tools-for-stm32/14.3.1+st.2/lib/gcc/arm-none-eabi/14.3.1/include/arm_mve.h **** #define vstrhq_scatter_shifted_offset_u16( __base, __offset, __value) __arm_vstrhq_scatter_shifted_
 426:/home/min/snap/code/229/.local/share/stm32cube/bundles/gnu-tools-for-stm32/14.3.1+st.2/lib/gcc/arm-none-eabi/14.3.1/include/arm_mve.h **** #define vstrhq_scatter_shifted_offset_p_s32( __base, __offset, __value, __p) __arm_vstrhq_scatter_s
 427:/home/min/snap/code/229/.local/share/stm32cube/bundles/gnu-tools-for-stm32/14.3.1+st.2/lib/gcc/arm-none-eabi/14.3.1/include/arm_mve.h **** #define vstrhq_scatter_shifted_offset_p_s16( __base, __offset, __value, __p) __arm_vstrhq_scatter_s
 428:/home/min/snap/code/229/.local/share/stm32cube/bundles/gnu-tools-for-stm32/14.3.1+st.2/lib/gcc/arm-none-eabi/14.3.1/include/arm_mve.h **** #define vstrhq_scatter_shifted_offset_p_u32( __base, __offset, __value, __p) __arm_vstrhq_scatter_s
 429:/home/min/snap/code/229/.local/share/stm32cube/bundles/gnu-tools-for-stm32/14.3.1+st.2/lib/gcc/arm-none-eabi/14.3.1/include/arm_mve.h **** #define vstrhq_scatter_shifted_offset_p_u16( __base, __offset, __value, __p) __arm_vstrhq_scatter_s
 430:/home/min/snap/code/229/.local/share/stm32cube/bundles/gnu-tools-for-stm32/14.3.1+st.2/lib/gcc/arm-none-eabi/14.3.1/include/arm_mve.h **** #define vstrhq_s32(__addr, __value) __arm_vstrhq_s32(__addr, __value)
 431:/home/min/snap/code/229/.local/share/stm32cube/bundles/gnu-tools-for-stm32/14.3.1+st.2/lib/gcc/arm-none-eabi/14.3.1/include/arm_mve.h **** #define vstrhq_s16(__addr, __value) __arm_vstrhq_s16(__addr, __value)
 432:/home/min/snap/code/229/.local/share/stm32cube/bundles/gnu-tools-for-stm32/14.3.1+st.2/lib/gcc/arm-none-eabi/14.3.1/include/arm_mve.h **** #define vstrhq_u32(__addr, __value) __arm_vstrhq_u32(__addr, __value)
 433:/home/min/snap/code/229/.local/share/stm32cube/bundles/gnu-tools-for-stm32/14.3.1+st.2/lib/gcc/arm-none-eabi/14.3.1/include/arm_mve.h **** #define vstrhq_u16(__addr, __value) __arm_vstrhq_u16(__addr, __value)
 434:/home/min/snap/code/229/.local/share/stm32cube/bundles/gnu-tools-for-stm32/14.3.1+st.2/lib/gcc/arm-none-eabi/14.3.1/include/arm_mve.h **** #define vstrhq_p_f16(__addr, __value, __p) __arm_vstrhq_p_f16(__addr, __value, __p)
 435:/home/min/snap/code/229/.local/share/stm32cube/bundles/gnu-tools-for-stm32/14.3.1+st.2/lib/gcc/arm-none-eabi/14.3.1/include/arm_mve.h **** #define vstrhq_p_s32(__addr, __value, __p) __arm_vstrhq_p_s32(__addr, __value, __p)
 436:/home/min/snap/code/229/.local/share/stm32cube/bundles/gnu-tools-for-stm32/14.3.1+st.2/lib/gcc/arm-none-eabi/14.3.1/include/arm_mve.h **** #define vstrhq_p_s16(__addr, __value, __p) __arm_vstrhq_p_s16(__addr, __value, __p)
 437:/home/min/snap/code/229/.local/share/stm32cube/bundles/gnu-tools-for-stm32/14.3.1+st.2/lib/gcc/arm-none-eabi/14.3.1/include/arm_mve.h **** #define vstrhq_p_u32(__addr, __value, __p) __arm_vstrhq_p_u32(__addr, __value, __p)
 438:/home/min/snap/code/229/.local/share/stm32cube/bundles/gnu-tools-for-stm32/14.3.1+st.2/lib/gcc/arm-none-eabi/14.3.1/include/arm_mve.h **** #define vstrhq_p_u16(__addr, __value, __p) __arm_vstrhq_p_u16(__addr, __value, __p)
 439:/home/min/snap/code/229/.local/share/stm32cube/bundles/gnu-tools-for-stm32/14.3.1+st.2/lib/gcc/arm-none-eabi/14.3.1/include/arm_mve.h **** #define vstrwq_f32(__addr, __value) __arm_vstrwq_f32(__addr, __value)
 440:/home/min/snap/code/229/.local/share/stm32cube/bundles/gnu-tools-for-stm32/14.3.1+st.2/lib/gcc/arm-none-eabi/14.3.1/include/arm_mve.h **** #define vstrwq_s32(__addr, __value) __arm_vstrwq_s32(__addr, __value)
 441:/home/min/snap/code/229/.local/share/stm32cube/bundles/gnu-tools-for-stm32/14.3.1+st.2/lib/gcc/arm-none-eabi/14.3.1/include/arm_mve.h **** #define vstrwq_u32(__addr, __value) __arm_vstrwq_u32(__addr, __value)
 442:/home/min/snap/code/229/.local/share/stm32cube/bundles/gnu-tools-for-stm32/14.3.1+st.2/lib/gcc/arm-none-eabi/14.3.1/include/arm_mve.h **** #define vstrwq_p_f32(__addr, __value, __p) __arm_vstrwq_p_f32(__addr, __value, __p)
 443:/home/min/snap/code/229/.local/share/stm32cube/bundles/gnu-tools-for-stm32/14.3.1+st.2/lib/gcc/arm-none-eabi/14.3.1/include/arm_mve.h **** #define vstrwq_p_s32(__addr, __value, __p) __arm_vstrwq_p_s32(__addr, __value, __p)
 444:/home/min/snap/code/229/.local/share/stm32cube/bundles/gnu-tools-for-stm32/14.3.1+st.2/lib/gcc/arm-none-eabi/14.3.1/include/arm_mve.h **** #define vstrwq_p_u32(__addr, __value, __p) __arm_vstrwq_p_u32(__addr, __value, __p)
 445:/home/min/snap/code/229/.local/share/stm32cube/bundles/gnu-tools-for-stm32/14.3.1+st.2/lib/gcc/arm-none-eabi/14.3.1/include/arm_mve.h **** #define vstrdq_scatter_base_p_s64(__addr, __offset, __value, __p) __arm_vstrdq_scatter_base_p_s64(_
 446:/home/min/snap/code/229/.local/share/stm32cube/bundles/gnu-tools-for-stm32/14.3.1+st.2/lib/gcc/arm-none-eabi/14.3.1/include/arm_mve.h **** #define vstrdq_scatter_base_p_u64(__addr, __offset, __value, __p) __arm_vstrdq_scatter_base_p_u64(_
 447:/home/min/snap/code/229/.local/share/stm32cube/bundles/gnu-tools-for-stm32/14.3.1+st.2/lib/gcc/arm-none-eabi/14.3.1/include/arm_mve.h **** #define vstrdq_scatter_base_s64(__addr, __offset, __value) __arm_vstrdq_scatter_base_s64(__addr, __
 448:/home/min/snap/code/229/.local/share/stm32cube/bundles/gnu-tools-for-stm32/14.3.1+st.2/lib/gcc/arm-none-eabi/14.3.1/include/arm_mve.h **** #define vstrdq_scatter_base_u64(__addr, __offset, __value) __arm_vstrdq_scatter_base_u64(__addr, __
 449:/home/min/snap/code/229/.local/share/stm32cube/bundles/gnu-tools-for-stm32/14.3.1+st.2/lib/gcc/arm-none-eabi/14.3.1/include/arm_mve.h **** #define vstrdq_scatter_offset_p_s64(__base, __offset, __value, __p) __arm_vstrdq_scatter_offset_p_s
 450:/home/min/snap/code/229/.local/share/stm32cube/bundles/gnu-tools-for-stm32/14.3.1+st.2/lib/gcc/arm-none-eabi/14.3.1/include/arm_mve.h **** #define vstrdq_scatter_offset_p_u64(__base, __offset, __value, __p) __arm_vstrdq_scatter_offset_p_u
 451:/home/min/snap/code/229/.local/share/stm32cube/bundles/gnu-tools-for-stm32/14.3.1+st.2/lib/gcc/arm-none-eabi/14.3.1/include/arm_mve.h **** #define vstrdq_scatter_offset_s64(__base, __offset, __value) __arm_vstrdq_scatter_offset_s64(__base
 452:/home/min/snap/code/229/.local/share/stm32cube/bundles/gnu-tools-for-stm32/14.3.1+st.2/lib/gcc/arm-none-eabi/14.3.1/include/arm_mve.h **** #define vstrdq_scatter_offset_u64(__base, __offset, __value) __arm_vstrdq_scatter_offset_u64(__base
 453:/home/min/snap/code/229/.local/share/stm32cube/bundles/gnu-tools-for-stm32/14.3.1+st.2/lib/gcc/arm-none-eabi/14.3.1/include/arm_mve.h **** #define vstrdq_scatter_shifted_offset_p_s64(__base, __offset, __value, __p) __arm_vstrdq_scatter_sh
 454:/home/min/snap/code/229/.local/share/stm32cube/bundles/gnu-tools-for-stm32/14.3.1+st.2/lib/gcc/arm-none-eabi/14.3.1/include/arm_mve.h **** #define vstrdq_scatter_shifted_offset_p_u64(__base, __offset, __value, __p) __arm_vstrdq_scatter_sh
 455:/home/min/snap/code/229/.local/share/stm32cube/bundles/gnu-tools-for-stm32/14.3.1+st.2/lib/gcc/arm-none-eabi/14.3.1/include/arm_mve.h **** #define vstrdq_scatter_shifted_offset_s64(__base, __offset, __value) __arm_vstrdq_scatter_shifted_o
 456:/home/min/snap/code/229/.local/share/stm32cube/bundles/gnu-tools-for-stm32/14.3.1+st.2/lib/gcc/arm-none-eabi/14.3.1/include/arm_mve.h **** #define vstrdq_scatter_shifted_offset_u64(__base, __offset, __value) __arm_vstrdq_scatter_shifted_o
 457:/home/min/snap/code/229/.local/share/stm32cube/bundles/gnu-tools-for-stm32/14.3.1+st.2/lib/gcc/arm-none-eabi/14.3.1/include/arm_mve.h **** #define vstrhq_scatter_offset_f16(__base, __offset, __value) __arm_vstrhq_scatter_offset_f16(__base
 458:/home/min/snap/code/229/.local/share/stm32cube/bundles/gnu-tools-for-stm32/14.3.1+st.2/lib/gcc/arm-none-eabi/14.3.1/include/arm_mve.h **** #define vstrhq_scatter_offset_p_f16(__base, __offset, __value, __p) __arm_vstrhq_scatter_offset_p_f
 459:/home/min/snap/code/229/.local/share/stm32cube/bundles/gnu-tools-for-stm32/14.3.1+st.2/lib/gcc/arm-none-eabi/14.3.1/include/arm_mve.h **** #define vstrhq_scatter_shifted_offset_f16(__base, __offset, __value) __arm_vstrhq_scatter_shifted_o
 460:/home/min/snap/code/229/.local/share/stm32cube/bundles/gnu-tools-for-stm32/14.3.1+st.2/lib/gcc/arm-none-eabi/14.3.1/include/arm_mve.h **** #define vstrhq_scatter_shifted_offset_p_f16(__base, __offset, __value, __p) __arm_vstrhq_scatter_sh
 461:/home/min/snap/code/229/.local/share/stm32cube/bundles/gnu-tools-for-stm32/14.3.1+st.2/lib/gcc/arm-none-eabi/14.3.1/include/arm_mve.h **** #define vstrwq_scatter_base_f32(__addr, __offset, __value) __arm_vstrwq_scatter_base_f32(__addr, __
 462:/home/min/snap/code/229/.local/share/stm32cube/bundles/gnu-tools-for-stm32/14.3.1+st.2/lib/gcc/arm-none-eabi/14.3.1/include/arm_mve.h **** #define vstrwq_scatter_base_p_f32(__addr, __offset, __value, __p) __arm_vstrwq_scatter_base_p_f32(_
 463:/home/min/snap/code/229/.local/share/stm32cube/bundles/gnu-tools-for-stm32/14.3.1+st.2/lib/gcc/arm-none-eabi/14.3.1/include/arm_mve.h **** #define vstrwq_scatter_offset_f32(__base, __offset, __value) __arm_vstrwq_scatter_offset_f32(__base
 464:/home/min/snap/code/229/.local/share/stm32cube/bundles/gnu-tools-for-stm32/14.3.1+st.2/lib/gcc/arm-none-eabi/14.3.1/include/arm_mve.h **** #define vstrwq_scatter_offset_p_f32(__base, __offset, __value, __p) __arm_vstrwq_scatter_offset_p_f
 465:/home/min/snap/code/229/.local/share/stm32cube/bundles/gnu-tools-for-stm32/14.3.1+st.2/lib/gcc/arm-none-eabi/14.3.1/include/arm_mve.h **** #define vstrwq_scatter_offset_p_s32(__base, __offset, __value, __p) __arm_vstrwq_scatter_offset_p_s
 466:/home/min/snap/code/229/.local/share/stm32cube/bundles/gnu-tools-for-stm32/14.3.1+st.2/lib/gcc/arm-none-eabi/14.3.1/include/arm_mve.h **** #define vstrwq_scatter_offset_p_u32(__base, __offset, __value, __p) __arm_vstrwq_scatter_offset_p_u
 467:/home/min/snap/code/229/.local/share/stm32cube/bundles/gnu-tools-for-stm32/14.3.1+st.2/lib/gcc/arm-none-eabi/14.3.1/include/arm_mve.h **** #define vstrwq_scatter_offset_s32(__base, __offset, __value) __arm_vstrwq_scatter_offset_s32(__base
 468:/home/min/snap/code/229/.local/share/stm32cube/bundles/gnu-tools-for-stm32/14.3.1+st.2/lib/gcc/arm-none-eabi/14.3.1/include/arm_mve.h **** #define vstrwq_scatter_offset_u32(__base, __offset, __value) __arm_vstrwq_scatter_offset_u32(__base
 469:/home/min/snap/code/229/.local/share/stm32cube/bundles/gnu-tools-for-stm32/14.3.1+st.2/lib/gcc/arm-none-eabi/14.3.1/include/arm_mve.h **** #define vstrwq_scatter_shifted_offset_f32(__base, __offset, __value) __arm_vstrwq_scatter_shifted_o
 470:/home/min/snap/code/229/.local/share/stm32cube/bundles/gnu-tools-for-stm32/14.3.1+st.2/lib/gcc/arm-none-eabi/14.3.1/include/arm_mve.h **** #define vstrwq_scatter_shifted_offset_p_f32(__base, __offset, __value, __p) __arm_vstrwq_scatter_sh
 471:/home/min/snap/code/229/.local/share/stm32cube/bundles/gnu-tools-for-stm32/14.3.1+st.2/lib/gcc/arm-none-eabi/14.3.1/include/arm_mve.h **** #define vstrwq_scatter_shifted_offset_p_s32(__base, __offset, __value, __p) __arm_vstrwq_scatter_sh
 472:/home/min/snap/code/229/.local/share/stm32cube/bundles/gnu-tools-for-stm32/14.3.1+st.2/lib/gcc/arm-none-eabi/14.3.1/include/arm_mve.h **** #define vstrwq_scatter_shifted_offset_p_u32(__base, __offset, __value, __p) __arm_vstrwq_scatter_sh
 473:/home/min/snap/code/229/.local/share/stm32cube/bundles/gnu-tools-for-stm32/14.3.1+st.2/lib/gcc/arm-none-eabi/14.3.1/include/arm_mve.h **** #define vstrwq_scatter_shifted_offset_s32(__base, __offset, __value) __arm_vstrwq_scatter_shifted_o
ARM GAS  /tmp/cc66eICS.s 			page 22


 474:/home/min/snap/code/229/.local/share/stm32cube/bundles/gnu-tools-for-stm32/14.3.1+st.2/lib/gcc/arm-none-eabi/14.3.1/include/arm_mve.h **** #define vstrwq_scatter_shifted_offset_u32(__base, __offset, __value) __arm_vstrwq_scatter_shifted_o
 475:/home/min/snap/code/229/.local/share/stm32cube/bundles/gnu-tools-for-stm32/14.3.1+st.2/lib/gcc/arm-none-eabi/14.3.1/include/arm_mve.h **** #define vuninitializedq_u8(void) __arm_vuninitializedq_u8(void)
 476:/home/min/snap/code/229/.local/share/stm32cube/bundles/gnu-tools-for-stm32/14.3.1+st.2/lib/gcc/arm-none-eabi/14.3.1/include/arm_mve.h **** #define vuninitializedq_u16(void) __arm_vuninitializedq_u16(void)
 477:/home/min/snap/code/229/.local/share/stm32cube/bundles/gnu-tools-for-stm32/14.3.1+st.2/lib/gcc/arm-none-eabi/14.3.1/include/arm_mve.h **** #define vuninitializedq_u32(void) __arm_vuninitializedq_u32(void)
 478:/home/min/snap/code/229/.local/share/stm32cube/bundles/gnu-tools-for-stm32/14.3.1+st.2/lib/gcc/arm-none-eabi/14.3.1/include/arm_mve.h **** #define vuninitializedq_u64(void) __arm_vuninitializedq_u64(void)
 479:/home/min/snap/code/229/.local/share/stm32cube/bundles/gnu-tools-for-stm32/14.3.1+st.2/lib/gcc/arm-none-eabi/14.3.1/include/arm_mve.h **** #define vuninitializedq_s8(void) __arm_vuninitializedq_s8(void)
 480:/home/min/snap/code/229/.local/share/stm32cube/bundles/gnu-tools-for-stm32/14.3.1+st.2/lib/gcc/arm-none-eabi/14.3.1/include/arm_mve.h **** #define vuninitializedq_s16(void) __arm_vuninitializedq_s16(void)
 481:/home/min/snap/code/229/.local/share/stm32cube/bundles/gnu-tools-for-stm32/14.3.1+st.2/lib/gcc/arm-none-eabi/14.3.1/include/arm_mve.h **** #define vuninitializedq_s32(void) __arm_vuninitializedq_s32(void)
 482:/home/min/snap/code/229/.local/share/stm32cube/bundles/gnu-tools-for-stm32/14.3.1+st.2/lib/gcc/arm-none-eabi/14.3.1/include/arm_mve.h **** #define vuninitializedq_s64(void) __arm_vuninitializedq_s64(void)
 483:/home/min/snap/code/229/.local/share/stm32cube/bundles/gnu-tools-for-stm32/14.3.1+st.2/lib/gcc/arm-none-eabi/14.3.1/include/arm_mve.h **** #define vuninitializedq_f16(void) __arm_vuninitializedq_f16(void)
 484:/home/min/snap/code/229/.local/share/stm32cube/bundles/gnu-tools-for-stm32/14.3.1+st.2/lib/gcc/arm-none-eabi/14.3.1/include/arm_mve.h **** #define vuninitializedq_f32(void) __arm_vuninitializedq_f32(void)
 485:/home/min/snap/code/229/.local/share/stm32cube/bundles/gnu-tools-for-stm32/14.3.1+st.2/lib/gcc/arm-none-eabi/14.3.1/include/arm_mve.h **** #define vddupq_m_n_u8(__inactive, __a,  __imm, __p) __arm_vddupq_m_n_u8(__inactive, __a,  __imm, __
 486:/home/min/snap/code/229/.local/share/stm32cube/bundles/gnu-tools-for-stm32/14.3.1+st.2/lib/gcc/arm-none-eabi/14.3.1/include/arm_mve.h **** #define vddupq_m_n_u32(__inactive, __a,  __imm, __p) __arm_vddupq_m_n_u32(__inactive, __a,  __imm, 
 487:/home/min/snap/code/229/.local/share/stm32cube/bundles/gnu-tools-for-stm32/14.3.1+st.2/lib/gcc/arm-none-eabi/14.3.1/include/arm_mve.h **** #define vddupq_m_n_u16(__inactive, __a,  __imm, __p) __arm_vddupq_m_n_u16(__inactive, __a,  __imm, 
 488:/home/min/snap/code/229/.local/share/stm32cube/bundles/gnu-tools-for-stm32/14.3.1+st.2/lib/gcc/arm-none-eabi/14.3.1/include/arm_mve.h **** #define vddupq_m_wb_u8(__inactive,  __a,  __imm, __p) __arm_vddupq_m_wb_u8(__inactive,  __a,  __imm
 489:/home/min/snap/code/229/.local/share/stm32cube/bundles/gnu-tools-for-stm32/14.3.1+st.2/lib/gcc/arm-none-eabi/14.3.1/include/arm_mve.h **** #define vddupq_m_wb_u16(__inactive,  __a,  __imm, __p) __arm_vddupq_m_wb_u16(__inactive,  __a,  __i
 490:/home/min/snap/code/229/.local/share/stm32cube/bundles/gnu-tools-for-stm32/14.3.1+st.2/lib/gcc/arm-none-eabi/14.3.1/include/arm_mve.h **** #define vddupq_m_wb_u32(__inactive,  __a,  __imm, __p) __arm_vddupq_m_wb_u32(__inactive,  __a,  __i
 491:/home/min/snap/code/229/.local/share/stm32cube/bundles/gnu-tools-for-stm32/14.3.1+st.2/lib/gcc/arm-none-eabi/14.3.1/include/arm_mve.h **** #define vddupq_n_u8(__a,  __imm) __arm_vddupq_n_u8(__a,  __imm)
 492:/home/min/snap/code/229/.local/share/stm32cube/bundles/gnu-tools-for-stm32/14.3.1+st.2/lib/gcc/arm-none-eabi/14.3.1/include/arm_mve.h **** #define vddupq_n_u32(__a,  __imm) __arm_vddupq_n_u32(__a,  __imm)
 493:/home/min/snap/code/229/.local/share/stm32cube/bundles/gnu-tools-for-stm32/14.3.1+st.2/lib/gcc/arm-none-eabi/14.3.1/include/arm_mve.h **** #define vddupq_n_u16(__a,  __imm) __arm_vddupq_n_u16(__a,  __imm)
 494:/home/min/snap/code/229/.local/share/stm32cube/bundles/gnu-tools-for-stm32/14.3.1+st.2/lib/gcc/arm-none-eabi/14.3.1/include/arm_mve.h **** #define vddupq_wb_u8( __a,  __imm) __arm_vddupq_wb_u8( __a,  __imm)
 495:/home/min/snap/code/229/.local/share/stm32cube/bundles/gnu-tools-for-stm32/14.3.1+st.2/lib/gcc/arm-none-eabi/14.3.1/include/arm_mve.h **** #define vddupq_wb_u16( __a,  __imm) __arm_vddupq_wb_u16( __a,  __imm)
 496:/home/min/snap/code/229/.local/share/stm32cube/bundles/gnu-tools-for-stm32/14.3.1+st.2/lib/gcc/arm-none-eabi/14.3.1/include/arm_mve.h **** #define vddupq_wb_u32( __a,  __imm) __arm_vddupq_wb_u32( __a,  __imm)
 497:/home/min/snap/code/229/.local/share/stm32cube/bundles/gnu-tools-for-stm32/14.3.1+st.2/lib/gcc/arm-none-eabi/14.3.1/include/arm_mve.h **** #define vdwdupq_m_n_u8(__inactive, __a, __b,  __imm, __p) __arm_vdwdupq_m_n_u8(__inactive, __a, __b
 498:/home/min/snap/code/229/.local/share/stm32cube/bundles/gnu-tools-for-stm32/14.3.1+st.2/lib/gcc/arm-none-eabi/14.3.1/include/arm_mve.h **** #define vdwdupq_m_n_u32(__inactive, __a, __b,  __imm, __p) __arm_vdwdupq_m_n_u32(__inactive, __a, _
 499:/home/min/snap/code/229/.local/share/stm32cube/bundles/gnu-tools-for-stm32/14.3.1+st.2/lib/gcc/arm-none-eabi/14.3.1/include/arm_mve.h **** #define vdwdupq_m_n_u16(__inactive, __a, __b,  __imm, __p) __arm_vdwdupq_m_n_u16(__inactive, __a, _
 500:/home/min/snap/code/229/.local/share/stm32cube/bundles/gnu-tools-for-stm32/14.3.1+st.2/lib/gcc/arm-none-eabi/14.3.1/include/arm_mve.h **** #define vdwdupq_m_wb_u8(__inactive,  __a, __b,  __imm, __p) __arm_vdwdupq_m_wb_u8(__inactive,  __a,
 501:/home/min/snap/code/229/.local/share/stm32cube/bundles/gnu-tools-for-stm32/14.3.1+st.2/lib/gcc/arm-none-eabi/14.3.1/include/arm_mve.h **** #define vdwdupq_m_wb_u32(__inactive,  __a, __b,  __imm, __p) __arm_vdwdupq_m_wb_u32(__inactive,  __
 502:/home/min/snap/code/229/.local/share/stm32cube/bundles/gnu-tools-for-stm32/14.3.1+st.2/lib/gcc/arm-none-eabi/14.3.1/include/arm_mve.h **** #define vdwdupq_m_wb_u16(__inactive,  __a, __b,  __imm, __p) __arm_vdwdupq_m_wb_u16(__inactive,  __
 503:/home/min/snap/code/229/.local/share/stm32cube/bundles/gnu-tools-for-stm32/14.3.1+st.2/lib/gcc/arm-none-eabi/14.3.1/include/arm_mve.h **** #define vdwdupq_n_u8(__a, __b,  __imm) __arm_vdwdupq_n_u8(__a, __b,  __imm)
 504:/home/min/snap/code/229/.local/share/stm32cube/bundles/gnu-tools-for-stm32/14.3.1+st.2/lib/gcc/arm-none-eabi/14.3.1/include/arm_mve.h **** #define vdwdupq_n_u32(__a, __b,  __imm) __arm_vdwdupq_n_u32(__a, __b,  __imm)
 505:/home/min/snap/code/229/.local/share/stm32cube/bundles/gnu-tools-for-stm32/14.3.1+st.2/lib/gcc/arm-none-eabi/14.3.1/include/arm_mve.h **** #define vdwdupq_n_u16(__a, __b,  __imm) __arm_vdwdupq_n_u16(__a, __b,  __imm)
 506:/home/min/snap/code/229/.local/share/stm32cube/bundles/gnu-tools-for-stm32/14.3.1+st.2/lib/gcc/arm-none-eabi/14.3.1/include/arm_mve.h **** #define vdwdupq_wb_u8( __a, __b,  __imm) __arm_vdwdupq_wb_u8( __a, __b,  __imm)
 507:/home/min/snap/code/229/.local/share/stm32cube/bundles/gnu-tools-for-stm32/14.3.1+st.2/lib/gcc/arm-none-eabi/14.3.1/include/arm_mve.h **** #define vdwdupq_wb_u32( __a, __b,  __imm) __arm_vdwdupq_wb_u32( __a, __b,  __imm)
 508:/home/min/snap/code/229/.local/share/stm32cube/bundles/gnu-tools-for-stm32/14.3.1+st.2/lib/gcc/arm-none-eabi/14.3.1/include/arm_mve.h **** #define vdwdupq_wb_u16( __a, __b,  __imm) __arm_vdwdupq_wb_u16( __a, __b,  __imm)
 509:/home/min/snap/code/229/.local/share/stm32cube/bundles/gnu-tools-for-stm32/14.3.1+st.2/lib/gcc/arm-none-eabi/14.3.1/include/arm_mve.h **** #define vidupq_m_n_u8(__inactive, __a,  __imm, __p) __arm_vidupq_m_n_u8(__inactive, __a,  __imm, __
 510:/home/min/snap/code/229/.local/share/stm32cube/bundles/gnu-tools-for-stm32/14.3.1+st.2/lib/gcc/arm-none-eabi/14.3.1/include/arm_mve.h **** #define vidupq_m_n_u32(__inactive, __a,  __imm, __p) __arm_vidupq_m_n_u32(__inactive, __a,  __imm, 
 511:/home/min/snap/code/229/.local/share/stm32cube/bundles/gnu-tools-for-stm32/14.3.1+st.2/lib/gcc/arm-none-eabi/14.3.1/include/arm_mve.h **** #define vidupq_m_n_u16(__inactive, __a,  __imm, __p) __arm_vidupq_m_n_u16(__inactive, __a,  __imm, 
 512:/home/min/snap/code/229/.local/share/stm32cube/bundles/gnu-tools-for-stm32/14.3.1+st.2/lib/gcc/arm-none-eabi/14.3.1/include/arm_mve.h **** #define vidupq_m_wb_u8(__inactive,  __a,  __imm, __p) __arm_vidupq_m_wb_u8(__inactive,  __a,  __imm
 513:/home/min/snap/code/229/.local/share/stm32cube/bundles/gnu-tools-for-stm32/14.3.1+st.2/lib/gcc/arm-none-eabi/14.3.1/include/arm_mve.h **** #define vidupq_m_wb_u16(__inactive,  __a,  __imm, __p) __arm_vidupq_m_wb_u16(__inactive,  __a,  __i
 514:/home/min/snap/code/229/.local/share/stm32cube/bundles/gnu-tools-for-stm32/14.3.1+st.2/lib/gcc/arm-none-eabi/14.3.1/include/arm_mve.h **** #define vidupq_m_wb_u32(__inactive,  __a,  __imm, __p) __arm_vidupq_m_wb_u32(__inactive,  __a,  __i
 515:/home/min/snap/code/229/.local/share/stm32cube/bundles/gnu-tools-for-stm32/14.3.1+st.2/lib/gcc/arm-none-eabi/14.3.1/include/arm_mve.h **** #define vidupq_n_u8(__a,  __imm) __arm_vidupq_n_u8(__a,  __imm)
 516:/home/min/snap/code/229/.local/share/stm32cube/bundles/gnu-tools-for-stm32/14.3.1+st.2/lib/gcc/arm-none-eabi/14.3.1/include/arm_mve.h **** #define vidupq_n_u32(__a,  __imm) __arm_vidupq_n_u32(__a,  __imm)
 517:/home/min/snap/code/229/.local/share/stm32cube/bundles/gnu-tools-for-stm32/14.3.1+st.2/lib/gcc/arm-none-eabi/14.3.1/include/arm_mve.h **** #define vidupq_n_u16(__a,  __imm) __arm_vidupq_n_u16(__a,  __imm)
 518:/home/min/snap/code/229/.local/share/stm32cube/bundles/gnu-tools-for-stm32/14.3.1+st.2/lib/gcc/arm-none-eabi/14.3.1/include/arm_mve.h **** #define vidupq_wb_u8( __a,  __imm) __arm_vidupq_wb_u8( __a,  __imm)
 519:/home/min/snap/code/229/.local/share/stm32cube/bundles/gnu-tools-for-stm32/14.3.1+st.2/lib/gcc/arm-none-eabi/14.3.1/include/arm_mve.h **** #define vidupq_wb_u16( __a,  __imm) __arm_vidupq_wb_u16( __a,  __imm)
 520:/home/min/snap/code/229/.local/share/stm32cube/bundles/gnu-tools-for-stm32/14.3.1+st.2/lib/gcc/arm-none-eabi/14.3.1/include/arm_mve.h **** #define vidupq_wb_u32( __a,  __imm) __arm_vidupq_wb_u32( __a,  __imm)
 521:/home/min/snap/code/229/.local/share/stm32cube/bundles/gnu-tools-for-stm32/14.3.1+st.2/lib/gcc/arm-none-eabi/14.3.1/include/arm_mve.h **** #define viwdupq_m_n_u8(__inactive, __a, __b,  __imm, __p) __arm_viwdupq_m_n_u8(__inactive, __a, __b
 522:/home/min/snap/code/229/.local/share/stm32cube/bundles/gnu-tools-for-stm32/14.3.1+st.2/lib/gcc/arm-none-eabi/14.3.1/include/arm_mve.h **** #define viwdupq_m_n_u32(__inactive, __a, __b,  __imm, __p) __arm_viwdupq_m_n_u32(__inactive, __a, _
 523:/home/min/snap/code/229/.local/share/stm32cube/bundles/gnu-tools-for-stm32/14.3.1+st.2/lib/gcc/arm-none-eabi/14.3.1/include/arm_mve.h **** #define viwdupq_m_n_u16(__inactive, __a, __b,  __imm, __p) __arm_viwdupq_m_n_u16(__inactive, __a, _
 524:/home/min/snap/code/229/.local/share/stm32cube/bundles/gnu-tools-for-stm32/14.3.1+st.2/lib/gcc/arm-none-eabi/14.3.1/include/arm_mve.h **** #define viwdupq_m_wb_u8(__inactive,  __a, __b,  __imm, __p) __arm_viwdupq_m_wb_u8(__inactive,  __a,
 525:/home/min/snap/code/229/.local/share/stm32cube/bundles/gnu-tools-for-stm32/14.3.1+st.2/lib/gcc/arm-none-eabi/14.3.1/include/arm_mve.h **** #define viwdupq_m_wb_u32(__inactive,  __a, __b,  __imm, __p) __arm_viwdupq_m_wb_u32(__inactive,  __
 526:/home/min/snap/code/229/.local/share/stm32cube/bundles/gnu-tools-for-stm32/14.3.1+st.2/lib/gcc/arm-none-eabi/14.3.1/include/arm_mve.h **** #define viwdupq_m_wb_u16(__inactive,  __a, __b,  __imm, __p) __arm_viwdupq_m_wb_u16(__inactive,  __
 527:/home/min/snap/code/229/.local/share/stm32cube/bundles/gnu-tools-for-stm32/14.3.1+st.2/lib/gcc/arm-none-eabi/14.3.1/include/arm_mve.h **** #define viwdupq_n_u8(__a, __b,  __imm) __arm_viwdupq_n_u8(__a, __b,  __imm)
 528:/home/min/snap/code/229/.local/share/stm32cube/bundles/gnu-tools-for-stm32/14.3.1+st.2/lib/gcc/arm-none-eabi/14.3.1/include/arm_mve.h **** #define viwdupq_n_u32(__a, __b,  __imm) __arm_viwdupq_n_u32(__a, __b,  __imm)
 529:/home/min/snap/code/229/.local/share/stm32cube/bundles/gnu-tools-for-stm32/14.3.1+st.2/lib/gcc/arm-none-eabi/14.3.1/include/arm_mve.h **** #define viwdupq_n_u16(__a, __b,  __imm) __arm_viwdupq_n_u16(__a, __b,  __imm)
 530:/home/min/snap/code/229/.local/share/stm32cube/bundles/gnu-tools-for-stm32/14.3.1+st.2/lib/gcc/arm-none-eabi/14.3.1/include/arm_mve.h **** #define viwdupq_wb_u8( __a, __b,  __imm) __arm_viwdupq_wb_u8( __a, __b,  __imm)
ARM GAS  /tmp/cc66eICS.s 			page 23


 531:/home/min/snap/code/229/.local/share/stm32cube/bundles/gnu-tools-for-stm32/14.3.1+st.2/lib/gcc/arm-none-eabi/14.3.1/include/arm_mve.h **** #define viwdupq_wb_u32( __a, __b,  __imm) __arm_viwdupq_wb_u32( __a, __b,  __imm)
 532:/home/min/snap/code/229/.local/share/stm32cube/bundles/gnu-tools-for-stm32/14.3.1+st.2/lib/gcc/arm-none-eabi/14.3.1/include/arm_mve.h **** #define viwdupq_wb_u16( __a, __b,  __imm) __arm_viwdupq_wb_u16( __a, __b,  __imm)
 533:/home/min/snap/code/229/.local/share/stm32cube/bundles/gnu-tools-for-stm32/14.3.1+st.2/lib/gcc/arm-none-eabi/14.3.1/include/arm_mve.h **** #define vldrdq_gather_base_wb_s64(__addr, __offset) __arm_vldrdq_gather_base_wb_s64(__addr, __offse
 534:/home/min/snap/code/229/.local/share/stm32cube/bundles/gnu-tools-for-stm32/14.3.1+st.2/lib/gcc/arm-none-eabi/14.3.1/include/arm_mve.h **** #define vldrdq_gather_base_wb_u64(__addr, __offset) __arm_vldrdq_gather_base_wb_u64(__addr, __offse
 535:/home/min/snap/code/229/.local/share/stm32cube/bundles/gnu-tools-for-stm32/14.3.1+st.2/lib/gcc/arm-none-eabi/14.3.1/include/arm_mve.h **** #define vldrdq_gather_base_wb_z_s64(__addr, __offset, __p) __arm_vldrdq_gather_base_wb_z_s64(__addr
 536:/home/min/snap/code/229/.local/share/stm32cube/bundles/gnu-tools-for-stm32/14.3.1+st.2/lib/gcc/arm-none-eabi/14.3.1/include/arm_mve.h **** #define vldrdq_gather_base_wb_z_u64(__addr, __offset, __p) __arm_vldrdq_gather_base_wb_z_u64(__addr
 537:/home/min/snap/code/229/.local/share/stm32cube/bundles/gnu-tools-for-stm32/14.3.1+st.2/lib/gcc/arm-none-eabi/14.3.1/include/arm_mve.h **** #define vldrwq_gather_base_wb_f32(__addr, __offset) __arm_vldrwq_gather_base_wb_f32(__addr, __offse
 538:/home/min/snap/code/229/.local/share/stm32cube/bundles/gnu-tools-for-stm32/14.3.1+st.2/lib/gcc/arm-none-eabi/14.3.1/include/arm_mve.h **** #define vldrwq_gather_base_wb_s32(__addr, __offset) __arm_vldrwq_gather_base_wb_s32(__addr, __offse
 539:/home/min/snap/code/229/.local/share/stm32cube/bundles/gnu-tools-for-stm32/14.3.1+st.2/lib/gcc/arm-none-eabi/14.3.1/include/arm_mve.h **** #define vldrwq_gather_base_wb_u32(__addr, __offset) __arm_vldrwq_gather_base_wb_u32(__addr, __offse
 540:/home/min/snap/code/229/.local/share/stm32cube/bundles/gnu-tools-for-stm32/14.3.1+st.2/lib/gcc/arm-none-eabi/14.3.1/include/arm_mve.h **** #define vldrwq_gather_base_wb_z_f32(__addr, __offset, __p) __arm_vldrwq_gather_base_wb_z_f32(__addr
 541:/home/min/snap/code/229/.local/share/stm32cube/bundles/gnu-tools-for-stm32/14.3.1+st.2/lib/gcc/arm-none-eabi/14.3.1/include/arm_mve.h **** #define vldrwq_gather_base_wb_z_s32(__addr, __offset, __p) __arm_vldrwq_gather_base_wb_z_s32(__addr
 542:/home/min/snap/code/229/.local/share/stm32cube/bundles/gnu-tools-for-stm32/14.3.1+st.2/lib/gcc/arm-none-eabi/14.3.1/include/arm_mve.h **** #define vldrwq_gather_base_wb_z_u32(__addr, __offset, __p) __arm_vldrwq_gather_base_wb_z_u32(__addr
 543:/home/min/snap/code/229/.local/share/stm32cube/bundles/gnu-tools-for-stm32/14.3.1+st.2/lib/gcc/arm-none-eabi/14.3.1/include/arm_mve.h **** #define vstrdq_scatter_base_wb_p_s64(__addr, __offset, __value, __p) __arm_vstrdq_scatter_base_wb_p
 544:/home/min/snap/code/229/.local/share/stm32cube/bundles/gnu-tools-for-stm32/14.3.1+st.2/lib/gcc/arm-none-eabi/14.3.1/include/arm_mve.h **** #define vstrdq_scatter_base_wb_p_u64(__addr, __offset, __value, __p) __arm_vstrdq_scatter_base_wb_p
 545:/home/min/snap/code/229/.local/share/stm32cube/bundles/gnu-tools-for-stm32/14.3.1+st.2/lib/gcc/arm-none-eabi/14.3.1/include/arm_mve.h **** #define vstrdq_scatter_base_wb_s64(__addr, __offset, __value) __arm_vstrdq_scatter_base_wb_s64(__ad
 546:/home/min/snap/code/229/.local/share/stm32cube/bundles/gnu-tools-for-stm32/14.3.1+st.2/lib/gcc/arm-none-eabi/14.3.1/include/arm_mve.h **** #define vstrdq_scatter_base_wb_u64(__addr, __offset, __value) __arm_vstrdq_scatter_base_wb_u64(__ad
 547:/home/min/snap/code/229/.local/share/stm32cube/bundles/gnu-tools-for-stm32/14.3.1+st.2/lib/gcc/arm-none-eabi/14.3.1/include/arm_mve.h **** #define vstrwq_scatter_base_wb_p_s32(__addr, __offset, __value, __p) __arm_vstrwq_scatter_base_wb_p
 548:/home/min/snap/code/229/.local/share/stm32cube/bundles/gnu-tools-for-stm32/14.3.1+st.2/lib/gcc/arm-none-eabi/14.3.1/include/arm_mve.h **** #define vstrwq_scatter_base_wb_p_f32(__addr, __offset, __value, __p) __arm_vstrwq_scatter_base_wb_p
 549:/home/min/snap/code/229/.local/share/stm32cube/bundles/gnu-tools-for-stm32/14.3.1+st.2/lib/gcc/arm-none-eabi/14.3.1/include/arm_mve.h **** #define vstrwq_scatter_base_wb_p_u32(__addr, __offset, __value, __p) __arm_vstrwq_scatter_base_wb_p
 550:/home/min/snap/code/229/.local/share/stm32cube/bundles/gnu-tools-for-stm32/14.3.1+st.2/lib/gcc/arm-none-eabi/14.3.1/include/arm_mve.h **** #define vstrwq_scatter_base_wb_s32(__addr, __offset, __value) __arm_vstrwq_scatter_base_wb_s32(__ad
 551:/home/min/snap/code/229/.local/share/stm32cube/bundles/gnu-tools-for-stm32/14.3.1+st.2/lib/gcc/arm-none-eabi/14.3.1/include/arm_mve.h **** #define vstrwq_scatter_base_wb_u32(__addr, __offset, __value) __arm_vstrwq_scatter_base_wb_u32(__ad
 552:/home/min/snap/code/229/.local/share/stm32cube/bundles/gnu-tools-for-stm32/14.3.1+st.2/lib/gcc/arm-none-eabi/14.3.1/include/arm_mve.h **** #define vstrwq_scatter_base_wb_f32(__addr, __offset, __value) __arm_vstrwq_scatter_base_wb_f32(__ad
 553:/home/min/snap/code/229/.local/share/stm32cube/bundles/gnu-tools-for-stm32/14.3.1+st.2/lib/gcc/arm-none-eabi/14.3.1/include/arm_mve.h **** #define vddupq_x_n_u8(__a,  __imm, __p) __arm_vddupq_x_n_u8(__a,  __imm, __p)
 554:/home/min/snap/code/229/.local/share/stm32cube/bundles/gnu-tools-for-stm32/14.3.1+st.2/lib/gcc/arm-none-eabi/14.3.1/include/arm_mve.h **** #define vddupq_x_n_u16(__a,  __imm, __p) __arm_vddupq_x_n_u16(__a,  __imm, __p)
 555:/home/min/snap/code/229/.local/share/stm32cube/bundles/gnu-tools-for-stm32/14.3.1+st.2/lib/gcc/arm-none-eabi/14.3.1/include/arm_mve.h **** #define vddupq_x_n_u32(__a,  __imm, __p) __arm_vddupq_x_n_u32(__a,  __imm, __p)
 556:/home/min/snap/code/229/.local/share/stm32cube/bundles/gnu-tools-for-stm32/14.3.1+st.2/lib/gcc/arm-none-eabi/14.3.1/include/arm_mve.h **** #define vddupq_x_wb_u8(__a,  __imm, __p) __arm_vddupq_x_wb_u8(__a,  __imm, __p)
 557:/home/min/snap/code/229/.local/share/stm32cube/bundles/gnu-tools-for-stm32/14.3.1+st.2/lib/gcc/arm-none-eabi/14.3.1/include/arm_mve.h **** #define vddupq_x_wb_u16(__a,  __imm, __p) __arm_vddupq_x_wb_u16(__a,  __imm, __p)
 558:/home/min/snap/code/229/.local/share/stm32cube/bundles/gnu-tools-for-stm32/14.3.1+st.2/lib/gcc/arm-none-eabi/14.3.1/include/arm_mve.h **** #define vddupq_x_wb_u32(__a,  __imm, __p) __arm_vddupq_x_wb_u32(__a,  __imm, __p)
 559:/home/min/snap/code/229/.local/share/stm32cube/bundles/gnu-tools-for-stm32/14.3.1+st.2/lib/gcc/arm-none-eabi/14.3.1/include/arm_mve.h **** #define vdwdupq_x_n_u8(__a, __b,  __imm, __p) __arm_vdwdupq_x_n_u8(__a, __b,  __imm, __p)
 560:/home/min/snap/code/229/.local/share/stm32cube/bundles/gnu-tools-for-stm32/14.3.1+st.2/lib/gcc/arm-none-eabi/14.3.1/include/arm_mve.h **** #define vdwdupq_x_n_u16(__a, __b,  __imm, __p) __arm_vdwdupq_x_n_u16(__a, __b,  __imm, __p)
 561:/home/min/snap/code/229/.local/share/stm32cube/bundles/gnu-tools-for-stm32/14.3.1+st.2/lib/gcc/arm-none-eabi/14.3.1/include/arm_mve.h **** #define vdwdupq_x_n_u32(__a, __b,  __imm, __p) __arm_vdwdupq_x_n_u32(__a, __b,  __imm, __p)
 562:/home/min/snap/code/229/.local/share/stm32cube/bundles/gnu-tools-for-stm32/14.3.1+st.2/lib/gcc/arm-none-eabi/14.3.1/include/arm_mve.h **** #define vdwdupq_x_wb_u8(__a, __b,  __imm, __p) __arm_vdwdupq_x_wb_u8(__a, __b,  __imm, __p)
 563:/home/min/snap/code/229/.local/share/stm32cube/bundles/gnu-tools-for-stm32/14.3.1+st.2/lib/gcc/arm-none-eabi/14.3.1/include/arm_mve.h **** #define vdwdupq_x_wb_u16(__a, __b,  __imm, __p) __arm_vdwdupq_x_wb_u16(__a, __b,  __imm, __p)
 564:/home/min/snap/code/229/.local/share/stm32cube/bundles/gnu-tools-for-stm32/14.3.1+st.2/lib/gcc/arm-none-eabi/14.3.1/include/arm_mve.h **** #define vdwdupq_x_wb_u32(__a, __b,  __imm, __p) __arm_vdwdupq_x_wb_u32(__a, __b,  __imm, __p)
 565:/home/min/snap/code/229/.local/share/stm32cube/bundles/gnu-tools-for-stm32/14.3.1+st.2/lib/gcc/arm-none-eabi/14.3.1/include/arm_mve.h **** #define vidupq_x_n_u8(__a,  __imm, __p) __arm_vidupq_x_n_u8(__a,  __imm, __p)
 566:/home/min/snap/code/229/.local/share/stm32cube/bundles/gnu-tools-for-stm32/14.3.1+st.2/lib/gcc/arm-none-eabi/14.3.1/include/arm_mve.h **** #define vidupq_x_n_u16(__a,  __imm, __p) __arm_vidupq_x_n_u16(__a,  __imm, __p)
 567:/home/min/snap/code/229/.local/share/stm32cube/bundles/gnu-tools-for-stm32/14.3.1+st.2/lib/gcc/arm-none-eabi/14.3.1/include/arm_mve.h **** #define vidupq_x_n_u32(__a,  __imm, __p) __arm_vidupq_x_n_u32(__a,  __imm, __p)
 568:/home/min/snap/code/229/.local/share/stm32cube/bundles/gnu-tools-for-stm32/14.3.1+st.2/lib/gcc/arm-none-eabi/14.3.1/include/arm_mve.h **** #define vidupq_x_wb_u8(__a,  __imm, __p) __arm_vidupq_x_wb_u8(__a,  __imm, __p)
 569:/home/min/snap/code/229/.local/share/stm32cube/bundles/gnu-tools-for-stm32/14.3.1+st.2/lib/gcc/arm-none-eabi/14.3.1/include/arm_mve.h **** #define vidupq_x_wb_u16(__a,  __imm, __p) __arm_vidupq_x_wb_u16(__a,  __imm, __p)
 570:/home/min/snap/code/229/.local/share/stm32cube/bundles/gnu-tools-for-stm32/14.3.1+st.2/lib/gcc/arm-none-eabi/14.3.1/include/arm_mve.h **** #define vidupq_x_wb_u32(__a,  __imm, __p) __arm_vidupq_x_wb_u32(__a,  __imm, __p)
 571:/home/min/snap/code/229/.local/share/stm32cube/bundles/gnu-tools-for-stm32/14.3.1+st.2/lib/gcc/arm-none-eabi/14.3.1/include/arm_mve.h **** #define viwdupq_x_n_u8(__a, __b,  __imm, __p) __arm_viwdupq_x_n_u8(__a, __b,  __imm, __p)
 572:/home/min/snap/code/229/.local/share/stm32cube/bundles/gnu-tools-for-stm32/14.3.1+st.2/lib/gcc/arm-none-eabi/14.3.1/include/arm_mve.h **** #define viwdupq_x_n_u16(__a, __b,  __imm, __p) __arm_viwdupq_x_n_u16(__a, __b,  __imm, __p)
 573:/home/min/snap/code/229/.local/share/stm32cube/bundles/gnu-tools-for-stm32/14.3.1+st.2/lib/gcc/arm-none-eabi/14.3.1/include/arm_mve.h **** #define viwdupq_x_n_u32(__a, __b,  __imm, __p) __arm_viwdupq_x_n_u32(__a, __b,  __imm, __p)
 574:/home/min/snap/code/229/.local/share/stm32cube/bundles/gnu-tools-for-stm32/14.3.1+st.2/lib/gcc/arm-none-eabi/14.3.1/include/arm_mve.h **** #define viwdupq_x_wb_u8(__a, __b,  __imm, __p) __arm_viwdupq_x_wb_u8(__a, __b,  __imm, __p)
 575:/home/min/snap/code/229/.local/share/stm32cube/bundles/gnu-tools-for-stm32/14.3.1+st.2/lib/gcc/arm-none-eabi/14.3.1/include/arm_mve.h **** #define viwdupq_x_wb_u16(__a, __b,  __imm, __p) __arm_viwdupq_x_wb_u16(__a, __b,  __imm, __p)
 576:/home/min/snap/code/229/.local/share/stm32cube/bundles/gnu-tools-for-stm32/14.3.1+st.2/lib/gcc/arm-none-eabi/14.3.1/include/arm_mve.h **** #define viwdupq_x_wb_u32(__a, __b,  __imm, __p) __arm_viwdupq_x_wb_u32(__a, __b,  __imm, __p)
 577:/home/min/snap/code/229/.local/share/stm32cube/bundles/gnu-tools-for-stm32/14.3.1+st.2/lib/gcc/arm-none-eabi/14.3.1/include/arm_mve.h **** #define vbicq_x_s8(__a, __b, __p) __arm_vbicq_x_s8(__a, __b, __p)
 578:/home/min/snap/code/229/.local/share/stm32cube/bundles/gnu-tools-for-stm32/14.3.1+st.2/lib/gcc/arm-none-eabi/14.3.1/include/arm_mve.h **** #define vbicq_x_s16(__a, __b, __p) __arm_vbicq_x_s16(__a, __b, __p)
 579:/home/min/snap/code/229/.local/share/stm32cube/bundles/gnu-tools-for-stm32/14.3.1+st.2/lib/gcc/arm-none-eabi/14.3.1/include/arm_mve.h **** #define vbicq_x_s32(__a, __b, __p) __arm_vbicq_x_s32(__a, __b, __p)
 580:/home/min/snap/code/229/.local/share/stm32cube/bundles/gnu-tools-for-stm32/14.3.1+st.2/lib/gcc/arm-none-eabi/14.3.1/include/arm_mve.h **** #define vbicq_x_u8(__a, __b, __p) __arm_vbicq_x_u8(__a, __b, __p)
 581:/home/min/snap/code/229/.local/share/stm32cube/bundles/gnu-tools-for-stm32/14.3.1+st.2/lib/gcc/arm-none-eabi/14.3.1/include/arm_mve.h **** #define vbicq_x_u16(__a, __b, __p) __arm_vbicq_x_u16(__a, __b, __p)
 582:/home/min/snap/code/229/.local/share/stm32cube/bundles/gnu-tools-for-stm32/14.3.1+st.2/lib/gcc/arm-none-eabi/14.3.1/include/arm_mve.h **** #define vbicq_x_u32(__a, __b, __p) __arm_vbicq_x_u32(__a, __b, __p)
 583:/home/min/snap/code/229/.local/share/stm32cube/bundles/gnu-tools-for-stm32/14.3.1+st.2/lib/gcc/arm-none-eabi/14.3.1/include/arm_mve.h **** #define vornq_x_s8(__a, __b, __p) __arm_vornq_x_s8(__a, __b, __p)
 584:/home/min/snap/code/229/.local/share/stm32cube/bundles/gnu-tools-for-stm32/14.3.1+st.2/lib/gcc/arm-none-eabi/14.3.1/include/arm_mve.h **** #define vornq_x_s16(__a, __b, __p) __arm_vornq_x_s16(__a, __b, __p)
 585:/home/min/snap/code/229/.local/share/stm32cube/bundles/gnu-tools-for-stm32/14.3.1+st.2/lib/gcc/arm-none-eabi/14.3.1/include/arm_mve.h **** #define vornq_x_s32(__a, __b, __p) __arm_vornq_x_s32(__a, __b, __p)
 586:/home/min/snap/code/229/.local/share/stm32cube/bundles/gnu-tools-for-stm32/14.3.1+st.2/lib/gcc/arm-none-eabi/14.3.1/include/arm_mve.h **** #define vornq_x_u8(__a, __b, __p) __arm_vornq_x_u8(__a, __b, __p)
 587:/home/min/snap/code/229/.local/share/stm32cube/bundles/gnu-tools-for-stm32/14.3.1+st.2/lib/gcc/arm-none-eabi/14.3.1/include/arm_mve.h **** #define vornq_x_u16(__a, __b, __p) __arm_vornq_x_u16(__a, __b, __p)
ARM GAS  /tmp/cc66eICS.s 			page 24


 588:/home/min/snap/code/229/.local/share/stm32cube/bundles/gnu-tools-for-stm32/14.3.1+st.2/lib/gcc/arm-none-eabi/14.3.1/include/arm_mve.h **** #define vornq_x_u32(__a, __b, __p) __arm_vornq_x_u32(__a, __b, __p)
 589:/home/min/snap/code/229/.local/share/stm32cube/bundles/gnu-tools-for-stm32/14.3.1+st.2/lib/gcc/arm-none-eabi/14.3.1/include/arm_mve.h **** #define vcvtaq_x_s16_f16(__a, __p) __arm_vcvtaq_x_s16_f16(__a, __p)
 590:/home/min/snap/code/229/.local/share/stm32cube/bundles/gnu-tools-for-stm32/14.3.1+st.2/lib/gcc/arm-none-eabi/14.3.1/include/arm_mve.h **** #define vcvtaq_x_s32_f32(__a, __p) __arm_vcvtaq_x_s32_f32(__a, __p)
 591:/home/min/snap/code/229/.local/share/stm32cube/bundles/gnu-tools-for-stm32/14.3.1+st.2/lib/gcc/arm-none-eabi/14.3.1/include/arm_mve.h **** #define vcvtaq_x_u16_f16(__a, __p) __arm_vcvtaq_x_u16_f16(__a, __p)
 592:/home/min/snap/code/229/.local/share/stm32cube/bundles/gnu-tools-for-stm32/14.3.1+st.2/lib/gcc/arm-none-eabi/14.3.1/include/arm_mve.h **** #define vcvtaq_x_u32_f32(__a, __p) __arm_vcvtaq_x_u32_f32(__a, __p)
 593:/home/min/snap/code/229/.local/share/stm32cube/bundles/gnu-tools-for-stm32/14.3.1+st.2/lib/gcc/arm-none-eabi/14.3.1/include/arm_mve.h **** #define vcvtnq_x_s16_f16(__a, __p) __arm_vcvtnq_x_s16_f16(__a, __p)
 594:/home/min/snap/code/229/.local/share/stm32cube/bundles/gnu-tools-for-stm32/14.3.1+st.2/lib/gcc/arm-none-eabi/14.3.1/include/arm_mve.h **** #define vcvtnq_x_s32_f32(__a, __p) __arm_vcvtnq_x_s32_f32(__a, __p)
 595:/home/min/snap/code/229/.local/share/stm32cube/bundles/gnu-tools-for-stm32/14.3.1+st.2/lib/gcc/arm-none-eabi/14.3.1/include/arm_mve.h **** #define vcvtnq_x_u16_f16(__a, __p) __arm_vcvtnq_x_u16_f16(__a, __p)
 596:/home/min/snap/code/229/.local/share/stm32cube/bundles/gnu-tools-for-stm32/14.3.1+st.2/lib/gcc/arm-none-eabi/14.3.1/include/arm_mve.h **** #define vcvtnq_x_u32_f32(__a, __p) __arm_vcvtnq_x_u32_f32(__a, __p)
 597:/home/min/snap/code/229/.local/share/stm32cube/bundles/gnu-tools-for-stm32/14.3.1+st.2/lib/gcc/arm-none-eabi/14.3.1/include/arm_mve.h **** #define vcvtpq_x_s16_f16(__a, __p) __arm_vcvtpq_x_s16_f16(__a, __p)
 598:/home/min/snap/code/229/.local/share/stm32cube/bundles/gnu-tools-for-stm32/14.3.1+st.2/lib/gcc/arm-none-eabi/14.3.1/include/arm_mve.h **** #define vcvtpq_x_s32_f32(__a, __p) __arm_vcvtpq_x_s32_f32(__a, __p)
 599:/home/min/snap/code/229/.local/share/stm32cube/bundles/gnu-tools-for-stm32/14.3.1+st.2/lib/gcc/arm-none-eabi/14.3.1/include/arm_mve.h **** #define vcvtpq_x_u16_f16(__a, __p) __arm_vcvtpq_x_u16_f16(__a, __p)
 600:/home/min/snap/code/229/.local/share/stm32cube/bundles/gnu-tools-for-stm32/14.3.1+st.2/lib/gcc/arm-none-eabi/14.3.1/include/arm_mve.h **** #define vcvtpq_x_u32_f32(__a, __p) __arm_vcvtpq_x_u32_f32(__a, __p)
 601:/home/min/snap/code/229/.local/share/stm32cube/bundles/gnu-tools-for-stm32/14.3.1+st.2/lib/gcc/arm-none-eabi/14.3.1/include/arm_mve.h **** #define vcvtmq_x_s16_f16(__a, __p) __arm_vcvtmq_x_s16_f16(__a, __p)
 602:/home/min/snap/code/229/.local/share/stm32cube/bundles/gnu-tools-for-stm32/14.3.1+st.2/lib/gcc/arm-none-eabi/14.3.1/include/arm_mve.h **** #define vcvtmq_x_s32_f32(__a, __p) __arm_vcvtmq_x_s32_f32(__a, __p)
 603:/home/min/snap/code/229/.local/share/stm32cube/bundles/gnu-tools-for-stm32/14.3.1+st.2/lib/gcc/arm-none-eabi/14.3.1/include/arm_mve.h **** #define vcvtmq_x_u16_f16(__a, __p) __arm_vcvtmq_x_u16_f16(__a, __p)
 604:/home/min/snap/code/229/.local/share/stm32cube/bundles/gnu-tools-for-stm32/14.3.1+st.2/lib/gcc/arm-none-eabi/14.3.1/include/arm_mve.h **** #define vcvtmq_x_u32_f32(__a, __p) __arm_vcvtmq_x_u32_f32(__a, __p)
 605:/home/min/snap/code/229/.local/share/stm32cube/bundles/gnu-tools-for-stm32/14.3.1+st.2/lib/gcc/arm-none-eabi/14.3.1/include/arm_mve.h **** #define vcvtbq_x_f32_f16(__a, __p) __arm_vcvtbq_x_f32_f16(__a, __p)
 606:/home/min/snap/code/229/.local/share/stm32cube/bundles/gnu-tools-for-stm32/14.3.1+st.2/lib/gcc/arm-none-eabi/14.3.1/include/arm_mve.h **** #define vcvttq_x_f32_f16(__a, __p) __arm_vcvttq_x_f32_f16(__a, __p)
 607:/home/min/snap/code/229/.local/share/stm32cube/bundles/gnu-tools-for-stm32/14.3.1+st.2/lib/gcc/arm-none-eabi/14.3.1/include/arm_mve.h **** #define vcvtq_x_f16_u16(__a, __p) __arm_vcvtq_x_f16_u16(__a, __p)
 608:/home/min/snap/code/229/.local/share/stm32cube/bundles/gnu-tools-for-stm32/14.3.1+st.2/lib/gcc/arm-none-eabi/14.3.1/include/arm_mve.h **** #define vcvtq_x_f16_s16(__a, __p) __arm_vcvtq_x_f16_s16(__a, __p)
 609:/home/min/snap/code/229/.local/share/stm32cube/bundles/gnu-tools-for-stm32/14.3.1+st.2/lib/gcc/arm-none-eabi/14.3.1/include/arm_mve.h **** #define vcvtq_x_f32_s32(__a, __p) __arm_vcvtq_x_f32_s32(__a, __p)
 610:/home/min/snap/code/229/.local/share/stm32cube/bundles/gnu-tools-for-stm32/14.3.1+st.2/lib/gcc/arm-none-eabi/14.3.1/include/arm_mve.h **** #define vcvtq_x_f32_u32(__a, __p) __arm_vcvtq_x_f32_u32(__a, __p)
 611:/home/min/snap/code/229/.local/share/stm32cube/bundles/gnu-tools-for-stm32/14.3.1+st.2/lib/gcc/arm-none-eabi/14.3.1/include/arm_mve.h **** #define vcvtq_x_n_f16_s16(__a,  __imm6, __p) __arm_vcvtq_x_n_f16_s16(__a,  __imm6, __p)
 612:/home/min/snap/code/229/.local/share/stm32cube/bundles/gnu-tools-for-stm32/14.3.1+st.2/lib/gcc/arm-none-eabi/14.3.1/include/arm_mve.h **** #define vcvtq_x_n_f16_u16(__a,  __imm6, __p) __arm_vcvtq_x_n_f16_u16(__a,  __imm6, __p)
 613:/home/min/snap/code/229/.local/share/stm32cube/bundles/gnu-tools-for-stm32/14.3.1+st.2/lib/gcc/arm-none-eabi/14.3.1/include/arm_mve.h **** #define vcvtq_x_n_f32_s32(__a,  __imm6, __p) __arm_vcvtq_x_n_f32_s32(__a,  __imm6, __p)
 614:/home/min/snap/code/229/.local/share/stm32cube/bundles/gnu-tools-for-stm32/14.3.1+st.2/lib/gcc/arm-none-eabi/14.3.1/include/arm_mve.h **** #define vcvtq_x_n_f32_u32(__a,  __imm6, __p) __arm_vcvtq_x_n_f32_u32(__a,  __imm6, __p)
 615:/home/min/snap/code/229/.local/share/stm32cube/bundles/gnu-tools-for-stm32/14.3.1+st.2/lib/gcc/arm-none-eabi/14.3.1/include/arm_mve.h **** #define vcvtq_x_s16_f16(__a, __p) __arm_vcvtq_x_s16_f16(__a, __p)
 616:/home/min/snap/code/229/.local/share/stm32cube/bundles/gnu-tools-for-stm32/14.3.1+st.2/lib/gcc/arm-none-eabi/14.3.1/include/arm_mve.h **** #define vcvtq_x_s32_f32(__a, __p) __arm_vcvtq_x_s32_f32(__a, __p)
 617:/home/min/snap/code/229/.local/share/stm32cube/bundles/gnu-tools-for-stm32/14.3.1+st.2/lib/gcc/arm-none-eabi/14.3.1/include/arm_mve.h **** #define vcvtq_x_u16_f16(__a, __p) __arm_vcvtq_x_u16_f16(__a, __p)
 618:/home/min/snap/code/229/.local/share/stm32cube/bundles/gnu-tools-for-stm32/14.3.1+st.2/lib/gcc/arm-none-eabi/14.3.1/include/arm_mve.h **** #define vcvtq_x_u32_f32(__a, __p) __arm_vcvtq_x_u32_f32(__a, __p)
 619:/home/min/snap/code/229/.local/share/stm32cube/bundles/gnu-tools-for-stm32/14.3.1+st.2/lib/gcc/arm-none-eabi/14.3.1/include/arm_mve.h **** #define vcvtq_x_n_s16_f16(__a,  __imm6, __p) __arm_vcvtq_x_n_s16_f16(__a,  __imm6, __p)
 620:/home/min/snap/code/229/.local/share/stm32cube/bundles/gnu-tools-for-stm32/14.3.1+st.2/lib/gcc/arm-none-eabi/14.3.1/include/arm_mve.h **** #define vcvtq_x_n_s32_f32(__a,  __imm6, __p) __arm_vcvtq_x_n_s32_f32(__a,  __imm6, __p)
 621:/home/min/snap/code/229/.local/share/stm32cube/bundles/gnu-tools-for-stm32/14.3.1+st.2/lib/gcc/arm-none-eabi/14.3.1/include/arm_mve.h **** #define vcvtq_x_n_u16_f16(__a,  __imm6, __p) __arm_vcvtq_x_n_u16_f16(__a,  __imm6, __p)
 622:/home/min/snap/code/229/.local/share/stm32cube/bundles/gnu-tools-for-stm32/14.3.1+st.2/lib/gcc/arm-none-eabi/14.3.1/include/arm_mve.h **** #define vcvtq_x_n_u32_f32(__a,  __imm6, __p) __arm_vcvtq_x_n_u32_f32(__a,  __imm6, __p)
 623:/home/min/snap/code/229/.local/share/stm32cube/bundles/gnu-tools-for-stm32/14.3.1+st.2/lib/gcc/arm-none-eabi/14.3.1/include/arm_mve.h **** #define vbicq_x_f16(__a, __b, __p) __arm_vbicq_x_f16(__a, __b, __p)
 624:/home/min/snap/code/229/.local/share/stm32cube/bundles/gnu-tools-for-stm32/14.3.1+st.2/lib/gcc/arm-none-eabi/14.3.1/include/arm_mve.h **** #define vbicq_x_f32(__a, __b, __p) __arm_vbicq_x_f32(__a, __b, __p)
 625:/home/min/snap/code/229/.local/share/stm32cube/bundles/gnu-tools-for-stm32/14.3.1+st.2/lib/gcc/arm-none-eabi/14.3.1/include/arm_mve.h **** #define vornq_x_f16(__a, __b, __p) __arm_vornq_x_f16(__a, __b, __p)
 626:/home/min/snap/code/229/.local/share/stm32cube/bundles/gnu-tools-for-stm32/14.3.1+st.2/lib/gcc/arm-none-eabi/14.3.1/include/arm_mve.h **** #define vornq_x_f32(__a, __b, __p) __arm_vornq_x_f32(__a, __b, __p)
 627:/home/min/snap/code/229/.local/share/stm32cube/bundles/gnu-tools-for-stm32/14.3.1+st.2/lib/gcc/arm-none-eabi/14.3.1/include/arm_mve.h **** #define vadciq_s32(__a, __b,  __carry_out) __arm_vadciq_s32(__a, __b,  __carry_out)
 628:/home/min/snap/code/229/.local/share/stm32cube/bundles/gnu-tools-for-stm32/14.3.1+st.2/lib/gcc/arm-none-eabi/14.3.1/include/arm_mve.h **** #define vadciq_u32(__a, __b,  __carry_out) __arm_vadciq_u32(__a, __b,  __carry_out)
 629:/home/min/snap/code/229/.local/share/stm32cube/bundles/gnu-tools-for-stm32/14.3.1+st.2/lib/gcc/arm-none-eabi/14.3.1/include/arm_mve.h **** #define vadciq_m_s32(__inactive, __a, __b,  __carry_out, __p) __arm_vadciq_m_s32(__inactive, __a, _
 630:/home/min/snap/code/229/.local/share/stm32cube/bundles/gnu-tools-for-stm32/14.3.1+st.2/lib/gcc/arm-none-eabi/14.3.1/include/arm_mve.h **** #define vadciq_m_u32(__inactive, __a, __b,  __carry_out, __p) __arm_vadciq_m_u32(__inactive, __a, _
 631:/home/min/snap/code/229/.local/share/stm32cube/bundles/gnu-tools-for-stm32/14.3.1+st.2/lib/gcc/arm-none-eabi/14.3.1/include/arm_mve.h **** #define vadcq_s32(__a, __b,  __carry) __arm_vadcq_s32(__a, __b,  __carry)
 632:/home/min/snap/code/229/.local/share/stm32cube/bundles/gnu-tools-for-stm32/14.3.1+st.2/lib/gcc/arm-none-eabi/14.3.1/include/arm_mve.h **** #define vadcq_u32(__a, __b,  __carry) __arm_vadcq_u32(__a, __b,  __carry)
 633:/home/min/snap/code/229/.local/share/stm32cube/bundles/gnu-tools-for-stm32/14.3.1+st.2/lib/gcc/arm-none-eabi/14.3.1/include/arm_mve.h **** #define vadcq_m_s32(__inactive, __a, __b,  __carry, __p) __arm_vadcq_m_s32(__inactive, __a, __b,  _
 634:/home/min/snap/code/229/.local/share/stm32cube/bundles/gnu-tools-for-stm32/14.3.1+st.2/lib/gcc/arm-none-eabi/14.3.1/include/arm_mve.h **** #define vadcq_m_u32(__inactive, __a, __b,  __carry, __p) __arm_vadcq_m_u32(__inactive, __a, __b,  _
 635:/home/min/snap/code/229/.local/share/stm32cube/bundles/gnu-tools-for-stm32/14.3.1+st.2/lib/gcc/arm-none-eabi/14.3.1/include/arm_mve.h **** #define vsbciq_s32(__a, __b,  __carry_out) __arm_vsbciq_s32(__a, __b,  __carry_out)
 636:/home/min/snap/code/229/.local/share/stm32cube/bundles/gnu-tools-for-stm32/14.3.1+st.2/lib/gcc/arm-none-eabi/14.3.1/include/arm_mve.h **** #define vsbciq_u32(__a, __b,  __carry_out) __arm_vsbciq_u32(__a, __b,  __carry_out)
 637:/home/min/snap/code/229/.local/share/stm32cube/bundles/gnu-tools-for-stm32/14.3.1+st.2/lib/gcc/arm-none-eabi/14.3.1/include/arm_mve.h **** #define vsbciq_m_s32(__inactive, __a, __b,  __carry_out, __p) __arm_vsbciq_m_s32(__inactive, __a, _
 638:/home/min/snap/code/229/.local/share/stm32cube/bundles/gnu-tools-for-stm32/14.3.1+st.2/lib/gcc/arm-none-eabi/14.3.1/include/arm_mve.h **** #define vsbciq_m_u32(__inactive, __a, __b,  __carry_out, __p) __arm_vsbciq_m_u32(__inactive, __a, _
 639:/home/min/snap/code/229/.local/share/stm32cube/bundles/gnu-tools-for-stm32/14.3.1+st.2/lib/gcc/arm-none-eabi/14.3.1/include/arm_mve.h **** #define vsbcq_s32(__a, __b,  __carry) __arm_vsbcq_s32(__a, __b,  __carry)
 640:/home/min/snap/code/229/.local/share/stm32cube/bundles/gnu-tools-for-stm32/14.3.1+st.2/lib/gcc/arm-none-eabi/14.3.1/include/arm_mve.h **** #define vsbcq_u32(__a, __b,  __carry) __arm_vsbcq_u32(__a, __b,  __carry)
 641:/home/min/snap/code/229/.local/share/stm32cube/bundles/gnu-tools-for-stm32/14.3.1+st.2/lib/gcc/arm-none-eabi/14.3.1/include/arm_mve.h **** #define vsbcq_m_s32(__inactive, __a, __b,  __carry, __p) __arm_vsbcq_m_s32(__inactive, __a, __b,  _
 642:/home/min/snap/code/229/.local/share/stm32cube/bundles/gnu-tools-for-stm32/14.3.1+st.2/lib/gcc/arm-none-eabi/14.3.1/include/arm_mve.h **** #define vsbcq_m_u32(__inactive, __a, __b,  __carry, __p) __arm_vsbcq_m_u32(__inactive, __a, __b,  _
 643:/home/min/snap/code/229/.local/share/stm32cube/bundles/gnu-tools-for-stm32/14.3.1+st.2/lib/gcc/arm-none-eabi/14.3.1/include/arm_mve.h **** #define vst1q_p_u8(__addr, __value, __p) __arm_vst1q_p_u8(__addr, __value, __p)
 644:/home/min/snap/code/229/.local/share/stm32cube/bundles/gnu-tools-for-stm32/14.3.1+st.2/lib/gcc/arm-none-eabi/14.3.1/include/arm_mve.h **** #define vst1q_p_s8(__addr, __value, __p) __arm_vst1q_p_s8(__addr, __value, __p)
ARM GAS  /tmp/cc66eICS.s 			page 25


 645:/home/min/snap/code/229/.local/share/stm32cube/bundles/gnu-tools-for-stm32/14.3.1+st.2/lib/gcc/arm-none-eabi/14.3.1/include/arm_mve.h **** #define vst2q_s8(__addr, __value) __arm_vst2q_s8(__addr, __value)
 646:/home/min/snap/code/229/.local/share/stm32cube/bundles/gnu-tools-for-stm32/14.3.1+st.2/lib/gcc/arm-none-eabi/14.3.1/include/arm_mve.h **** #define vst2q_u8(__addr, __value) __arm_vst2q_u8(__addr, __value)
 647:/home/min/snap/code/229/.local/share/stm32cube/bundles/gnu-tools-for-stm32/14.3.1+st.2/lib/gcc/arm-none-eabi/14.3.1/include/arm_mve.h **** #define vld1q_z_u8(__base, __p) __arm_vld1q_z_u8(__base, __p)
 648:/home/min/snap/code/229/.local/share/stm32cube/bundles/gnu-tools-for-stm32/14.3.1+st.2/lib/gcc/arm-none-eabi/14.3.1/include/arm_mve.h **** #define vld1q_z_s8(__base, __p) __arm_vld1q_z_s8(__base, __p)
 649:/home/min/snap/code/229/.local/share/stm32cube/bundles/gnu-tools-for-stm32/14.3.1+st.2/lib/gcc/arm-none-eabi/14.3.1/include/arm_mve.h **** #define vld2q_s8(__addr) __arm_vld2q_s8(__addr)
 650:/home/min/snap/code/229/.local/share/stm32cube/bundles/gnu-tools-for-stm32/14.3.1+st.2/lib/gcc/arm-none-eabi/14.3.1/include/arm_mve.h **** #define vld2q_u8(__addr) __arm_vld2q_u8(__addr)
 651:/home/min/snap/code/229/.local/share/stm32cube/bundles/gnu-tools-for-stm32/14.3.1+st.2/lib/gcc/arm-none-eabi/14.3.1/include/arm_mve.h **** #define vld4q_s8(__addr) __arm_vld4q_s8(__addr)
 652:/home/min/snap/code/229/.local/share/stm32cube/bundles/gnu-tools-for-stm32/14.3.1+st.2/lib/gcc/arm-none-eabi/14.3.1/include/arm_mve.h **** #define vld4q_u8(__addr) __arm_vld4q_u8(__addr)
 653:/home/min/snap/code/229/.local/share/stm32cube/bundles/gnu-tools-for-stm32/14.3.1+st.2/lib/gcc/arm-none-eabi/14.3.1/include/arm_mve.h **** #define vst1q_p_u16(__addr, __value, __p) __arm_vst1q_p_u16(__addr, __value, __p)
 654:/home/min/snap/code/229/.local/share/stm32cube/bundles/gnu-tools-for-stm32/14.3.1+st.2/lib/gcc/arm-none-eabi/14.3.1/include/arm_mve.h **** #define vst1q_p_s16(__addr, __value, __p) __arm_vst1q_p_s16(__addr, __value, __p)
 655:/home/min/snap/code/229/.local/share/stm32cube/bundles/gnu-tools-for-stm32/14.3.1+st.2/lib/gcc/arm-none-eabi/14.3.1/include/arm_mve.h **** #define vst2q_s16(__addr, __value) __arm_vst2q_s16(__addr, __value)
 656:/home/min/snap/code/229/.local/share/stm32cube/bundles/gnu-tools-for-stm32/14.3.1+st.2/lib/gcc/arm-none-eabi/14.3.1/include/arm_mve.h **** #define vst2q_u16(__addr, __value) __arm_vst2q_u16(__addr, __value)
 657:/home/min/snap/code/229/.local/share/stm32cube/bundles/gnu-tools-for-stm32/14.3.1+st.2/lib/gcc/arm-none-eabi/14.3.1/include/arm_mve.h **** #define vld1q_z_u16(__base, __p) __arm_vld1q_z_u16(__base, __p)
 658:/home/min/snap/code/229/.local/share/stm32cube/bundles/gnu-tools-for-stm32/14.3.1+st.2/lib/gcc/arm-none-eabi/14.3.1/include/arm_mve.h **** #define vld1q_z_s16(__base, __p) __arm_vld1q_z_s16(__base, __p)
 659:/home/min/snap/code/229/.local/share/stm32cube/bundles/gnu-tools-for-stm32/14.3.1+st.2/lib/gcc/arm-none-eabi/14.3.1/include/arm_mve.h **** #define vld2q_s16(__addr) __arm_vld2q_s16(__addr)
 660:/home/min/snap/code/229/.local/share/stm32cube/bundles/gnu-tools-for-stm32/14.3.1+st.2/lib/gcc/arm-none-eabi/14.3.1/include/arm_mve.h **** #define vld2q_u16(__addr) __arm_vld2q_u16(__addr)
 661:/home/min/snap/code/229/.local/share/stm32cube/bundles/gnu-tools-for-stm32/14.3.1+st.2/lib/gcc/arm-none-eabi/14.3.1/include/arm_mve.h **** #define vld4q_s16(__addr) __arm_vld4q_s16(__addr)
 662:/home/min/snap/code/229/.local/share/stm32cube/bundles/gnu-tools-for-stm32/14.3.1+st.2/lib/gcc/arm-none-eabi/14.3.1/include/arm_mve.h **** #define vld4q_u16(__addr) __arm_vld4q_u16(__addr)
 663:/home/min/snap/code/229/.local/share/stm32cube/bundles/gnu-tools-for-stm32/14.3.1+st.2/lib/gcc/arm-none-eabi/14.3.1/include/arm_mve.h **** #define vst1q_p_u32(__addr, __value, __p) __arm_vst1q_p_u32(__addr, __value, __p)
 664:/home/min/snap/code/229/.local/share/stm32cube/bundles/gnu-tools-for-stm32/14.3.1+st.2/lib/gcc/arm-none-eabi/14.3.1/include/arm_mve.h **** #define vst1q_p_s32(__addr, __value, __p) __arm_vst1q_p_s32(__addr, __value, __p)
 665:/home/min/snap/code/229/.local/share/stm32cube/bundles/gnu-tools-for-stm32/14.3.1+st.2/lib/gcc/arm-none-eabi/14.3.1/include/arm_mve.h **** #define vst2q_s32(__addr, __value) __arm_vst2q_s32(__addr, __value)
 666:/home/min/snap/code/229/.local/share/stm32cube/bundles/gnu-tools-for-stm32/14.3.1+st.2/lib/gcc/arm-none-eabi/14.3.1/include/arm_mve.h **** #define vst2q_u32(__addr, __value) __arm_vst2q_u32(__addr, __value)
 667:/home/min/snap/code/229/.local/share/stm32cube/bundles/gnu-tools-for-stm32/14.3.1+st.2/lib/gcc/arm-none-eabi/14.3.1/include/arm_mve.h **** #define vld1q_z_u32(__base, __p) __arm_vld1q_z_u32(__base, __p)
 668:/home/min/snap/code/229/.local/share/stm32cube/bundles/gnu-tools-for-stm32/14.3.1+st.2/lib/gcc/arm-none-eabi/14.3.1/include/arm_mve.h **** #define vld1q_z_s32(__base, __p) __arm_vld1q_z_s32(__base, __p)
 669:/home/min/snap/code/229/.local/share/stm32cube/bundles/gnu-tools-for-stm32/14.3.1+st.2/lib/gcc/arm-none-eabi/14.3.1/include/arm_mve.h **** #define vld2q_s32(__addr) __arm_vld2q_s32(__addr)
 670:/home/min/snap/code/229/.local/share/stm32cube/bundles/gnu-tools-for-stm32/14.3.1+st.2/lib/gcc/arm-none-eabi/14.3.1/include/arm_mve.h **** #define vld2q_u32(__addr) __arm_vld2q_u32(__addr)
 671:/home/min/snap/code/229/.local/share/stm32cube/bundles/gnu-tools-for-stm32/14.3.1+st.2/lib/gcc/arm-none-eabi/14.3.1/include/arm_mve.h **** #define vld4q_s32(__addr) __arm_vld4q_s32(__addr)
 672:/home/min/snap/code/229/.local/share/stm32cube/bundles/gnu-tools-for-stm32/14.3.1+st.2/lib/gcc/arm-none-eabi/14.3.1/include/arm_mve.h **** #define vld4q_u32(__addr) __arm_vld4q_u32(__addr)
 673:/home/min/snap/code/229/.local/share/stm32cube/bundles/gnu-tools-for-stm32/14.3.1+st.2/lib/gcc/arm-none-eabi/14.3.1/include/arm_mve.h **** #define vld4q_f16(__addr) __arm_vld4q_f16(__addr)
 674:/home/min/snap/code/229/.local/share/stm32cube/bundles/gnu-tools-for-stm32/14.3.1+st.2/lib/gcc/arm-none-eabi/14.3.1/include/arm_mve.h **** #define vld2q_f16(__addr) __arm_vld2q_f16(__addr)
 675:/home/min/snap/code/229/.local/share/stm32cube/bundles/gnu-tools-for-stm32/14.3.1+st.2/lib/gcc/arm-none-eabi/14.3.1/include/arm_mve.h **** #define vld1q_z_f16(__base, __p) __arm_vld1q_z_f16(__base, __p)
 676:/home/min/snap/code/229/.local/share/stm32cube/bundles/gnu-tools-for-stm32/14.3.1+st.2/lib/gcc/arm-none-eabi/14.3.1/include/arm_mve.h **** #define vst2q_f16(__addr, __value) __arm_vst2q_f16(__addr, __value)
 677:/home/min/snap/code/229/.local/share/stm32cube/bundles/gnu-tools-for-stm32/14.3.1+st.2/lib/gcc/arm-none-eabi/14.3.1/include/arm_mve.h **** #define vst1q_p_f16(__addr, __value, __p) __arm_vst1q_p_f16(__addr, __value, __p)
 678:/home/min/snap/code/229/.local/share/stm32cube/bundles/gnu-tools-for-stm32/14.3.1+st.2/lib/gcc/arm-none-eabi/14.3.1/include/arm_mve.h **** #define vld4q_f32(__addr) __arm_vld4q_f32(__addr)
 679:/home/min/snap/code/229/.local/share/stm32cube/bundles/gnu-tools-for-stm32/14.3.1+st.2/lib/gcc/arm-none-eabi/14.3.1/include/arm_mve.h **** #define vld2q_f32(__addr) __arm_vld2q_f32(__addr)
 680:/home/min/snap/code/229/.local/share/stm32cube/bundles/gnu-tools-for-stm32/14.3.1+st.2/lib/gcc/arm-none-eabi/14.3.1/include/arm_mve.h **** #define vld1q_z_f32(__base, __p) __arm_vld1q_z_f32(__base, __p)
 681:/home/min/snap/code/229/.local/share/stm32cube/bundles/gnu-tools-for-stm32/14.3.1+st.2/lib/gcc/arm-none-eabi/14.3.1/include/arm_mve.h **** #define vst2q_f32(__addr, __value) __arm_vst2q_f32(__addr, __value)
 682:/home/min/snap/code/229/.local/share/stm32cube/bundles/gnu-tools-for-stm32/14.3.1+st.2/lib/gcc/arm-none-eabi/14.3.1/include/arm_mve.h **** #define vst1q_p_f32(__addr, __value, __p) __arm_vst1q_p_f32(__addr, __value, __p)
 683:/home/min/snap/code/229/.local/share/stm32cube/bundles/gnu-tools-for-stm32/14.3.1+st.2/lib/gcc/arm-none-eabi/14.3.1/include/arm_mve.h **** #define vsetq_lane_f16(__a, __b,  __idx) __arm_vsetq_lane_f16(__a, __b,  __idx)
 684:/home/min/snap/code/229/.local/share/stm32cube/bundles/gnu-tools-for-stm32/14.3.1+st.2/lib/gcc/arm-none-eabi/14.3.1/include/arm_mve.h **** #define vsetq_lane_f32(__a, __b,  __idx) __arm_vsetq_lane_f32(__a, __b,  __idx)
 685:/home/min/snap/code/229/.local/share/stm32cube/bundles/gnu-tools-for-stm32/14.3.1+st.2/lib/gcc/arm-none-eabi/14.3.1/include/arm_mve.h **** #define vsetq_lane_s16(__a, __b,  __idx) __arm_vsetq_lane_s16(__a, __b,  __idx)
 686:/home/min/snap/code/229/.local/share/stm32cube/bundles/gnu-tools-for-stm32/14.3.1+st.2/lib/gcc/arm-none-eabi/14.3.1/include/arm_mve.h **** #define vsetq_lane_s32(__a, __b,  __idx) __arm_vsetq_lane_s32(__a, __b,  __idx)
 687:/home/min/snap/code/229/.local/share/stm32cube/bundles/gnu-tools-for-stm32/14.3.1+st.2/lib/gcc/arm-none-eabi/14.3.1/include/arm_mve.h **** #define vsetq_lane_s8(__a, __b,  __idx) __arm_vsetq_lane_s8(__a, __b,  __idx)
 688:/home/min/snap/code/229/.local/share/stm32cube/bundles/gnu-tools-for-stm32/14.3.1+st.2/lib/gcc/arm-none-eabi/14.3.1/include/arm_mve.h **** #define vsetq_lane_s64(__a, __b,  __idx) __arm_vsetq_lane_s64(__a, __b,  __idx)
 689:/home/min/snap/code/229/.local/share/stm32cube/bundles/gnu-tools-for-stm32/14.3.1+st.2/lib/gcc/arm-none-eabi/14.3.1/include/arm_mve.h **** #define vsetq_lane_u8(__a, __b,  __idx) __arm_vsetq_lane_u8(__a, __b,  __idx)
 690:/home/min/snap/code/229/.local/share/stm32cube/bundles/gnu-tools-for-stm32/14.3.1+st.2/lib/gcc/arm-none-eabi/14.3.1/include/arm_mve.h **** #define vsetq_lane_u16(__a, __b,  __idx) __arm_vsetq_lane_u16(__a, __b,  __idx)
 691:/home/min/snap/code/229/.local/share/stm32cube/bundles/gnu-tools-for-stm32/14.3.1+st.2/lib/gcc/arm-none-eabi/14.3.1/include/arm_mve.h **** #define vsetq_lane_u32(__a, __b,  __idx) __arm_vsetq_lane_u32(__a, __b,  __idx)
 692:/home/min/snap/code/229/.local/share/stm32cube/bundles/gnu-tools-for-stm32/14.3.1+st.2/lib/gcc/arm-none-eabi/14.3.1/include/arm_mve.h **** #define vsetq_lane_u64(__a, __b,  __idx) __arm_vsetq_lane_u64(__a, __b,  __idx)
 693:/home/min/snap/code/229/.local/share/stm32cube/bundles/gnu-tools-for-stm32/14.3.1+st.2/lib/gcc/arm-none-eabi/14.3.1/include/arm_mve.h **** #define vgetq_lane_f16(__a,  __idx) __arm_vgetq_lane_f16(__a,  __idx)
 694:/home/min/snap/code/229/.local/share/stm32cube/bundles/gnu-tools-for-stm32/14.3.1+st.2/lib/gcc/arm-none-eabi/14.3.1/include/arm_mve.h **** #define vgetq_lane_f32(__a,  __idx) __arm_vgetq_lane_f32(__a,  __idx)
 695:/home/min/snap/code/229/.local/share/stm32cube/bundles/gnu-tools-for-stm32/14.3.1+st.2/lib/gcc/arm-none-eabi/14.3.1/include/arm_mve.h **** #define vgetq_lane_s16(__a,  __idx) __arm_vgetq_lane_s16(__a,  __idx)
 696:/home/min/snap/code/229/.local/share/stm32cube/bundles/gnu-tools-for-stm32/14.3.1+st.2/lib/gcc/arm-none-eabi/14.3.1/include/arm_mve.h **** #define vgetq_lane_s32(__a,  __idx) __arm_vgetq_lane_s32(__a,  __idx)
 697:/home/min/snap/code/229/.local/share/stm32cube/bundles/gnu-tools-for-stm32/14.3.1+st.2/lib/gcc/arm-none-eabi/14.3.1/include/arm_mve.h **** #define vgetq_lane_s8(__a,  __idx) __arm_vgetq_lane_s8(__a,  __idx)
 698:/home/min/snap/code/229/.local/share/stm32cube/bundles/gnu-tools-for-stm32/14.3.1+st.2/lib/gcc/arm-none-eabi/14.3.1/include/arm_mve.h **** #define vgetq_lane_s64(__a,  __idx) __arm_vgetq_lane_s64(__a,  __idx)
 699:/home/min/snap/code/229/.local/share/stm32cube/bundles/gnu-tools-for-stm32/14.3.1+st.2/lib/gcc/arm-none-eabi/14.3.1/include/arm_mve.h **** #define vgetq_lane_u8(__a,  __idx) __arm_vgetq_lane_u8(__a,  __idx)
 700:/home/min/snap/code/229/.local/share/stm32cube/bundles/gnu-tools-for-stm32/14.3.1+st.2/lib/gcc/arm-none-eabi/14.3.1/include/arm_mve.h **** #define vgetq_lane_u16(__a,  __idx) __arm_vgetq_lane_u16(__a,  __idx)
 701:/home/min/snap/code/229/.local/share/stm32cube/bundles/gnu-tools-for-stm32/14.3.1+st.2/lib/gcc/arm-none-eabi/14.3.1/include/arm_mve.h **** #define vgetq_lane_u32(__a,  __idx) __arm_vgetq_lane_u32(__a,  __idx)
ARM GAS  /tmp/cc66eICS.s 			page 26


 702:/home/min/snap/code/229/.local/share/stm32cube/bundles/gnu-tools-for-stm32/14.3.1+st.2/lib/gcc/arm-none-eabi/14.3.1/include/arm_mve.h **** #define vgetq_lane_u64(__a,  __idx) __arm_vgetq_lane_u64(__a,  __idx)
 703:/home/min/snap/code/229/.local/share/stm32cube/bundles/gnu-tools-for-stm32/14.3.1+st.2/lib/gcc/arm-none-eabi/14.3.1/include/arm_mve.h **** #define sqrshr(__p0, __p1) __arm_sqrshr(__p0, __p1)
 704:/home/min/snap/code/229/.local/share/stm32cube/bundles/gnu-tools-for-stm32/14.3.1+st.2/lib/gcc/arm-none-eabi/14.3.1/include/arm_mve.h **** #define sqrshrl(__p0, __p1) __arm_sqrshrl(__p0, __p1)
 705:/home/min/snap/code/229/.local/share/stm32cube/bundles/gnu-tools-for-stm32/14.3.1+st.2/lib/gcc/arm-none-eabi/14.3.1/include/arm_mve.h **** #define sqrshrl_sat48(__p0, __p1) __arm_sqrshrl_sat48(__p0, __p1)
 706:/home/min/snap/code/229/.local/share/stm32cube/bundles/gnu-tools-for-stm32/14.3.1+st.2/lib/gcc/arm-none-eabi/14.3.1/include/arm_mve.h **** #define sqshl(__p0, __p1) __arm_sqshl(__p0, __p1)
 707:/home/min/snap/code/229/.local/share/stm32cube/bundles/gnu-tools-for-stm32/14.3.1+st.2/lib/gcc/arm-none-eabi/14.3.1/include/arm_mve.h **** #define sqshll(__p0, __p1) __arm_sqshll(__p0, __p1)
 708:/home/min/snap/code/229/.local/share/stm32cube/bundles/gnu-tools-for-stm32/14.3.1+st.2/lib/gcc/arm-none-eabi/14.3.1/include/arm_mve.h **** #define srshr(__p0, __p1) __arm_srshr(__p0, __p1)
 709:/home/min/snap/code/229/.local/share/stm32cube/bundles/gnu-tools-for-stm32/14.3.1+st.2/lib/gcc/arm-none-eabi/14.3.1/include/arm_mve.h **** #define srshrl(__p0, __p1) __arm_srshrl(__p0, __p1)
 710:/home/min/snap/code/229/.local/share/stm32cube/bundles/gnu-tools-for-stm32/14.3.1+st.2/lib/gcc/arm-none-eabi/14.3.1/include/arm_mve.h **** #define uqrshl(__p0, __p1) __arm_uqrshl(__p0, __p1)
 711:/home/min/snap/code/229/.local/share/stm32cube/bundles/gnu-tools-for-stm32/14.3.1+st.2/lib/gcc/arm-none-eabi/14.3.1/include/arm_mve.h **** #define uqrshll(__p0, __p1) __arm_uqrshll(__p0, __p1)
 712:/home/min/snap/code/229/.local/share/stm32cube/bundles/gnu-tools-for-stm32/14.3.1+st.2/lib/gcc/arm-none-eabi/14.3.1/include/arm_mve.h **** #define uqrshll_sat48(__p0, __p1) __arm_uqrshll_sat48(__p0, __p1)
 713:/home/min/snap/code/229/.local/share/stm32cube/bundles/gnu-tools-for-stm32/14.3.1+st.2/lib/gcc/arm-none-eabi/14.3.1/include/arm_mve.h **** #define uqshl(__p0, __p1) __arm_uqshl(__p0, __p1)
 714:/home/min/snap/code/229/.local/share/stm32cube/bundles/gnu-tools-for-stm32/14.3.1+st.2/lib/gcc/arm-none-eabi/14.3.1/include/arm_mve.h **** #define uqshll(__p0, __p1) __arm_uqshll(__p0, __p1)
 715:/home/min/snap/code/229/.local/share/stm32cube/bundles/gnu-tools-for-stm32/14.3.1+st.2/lib/gcc/arm-none-eabi/14.3.1/include/arm_mve.h **** #define urshr(__p0, __p1) __arm_urshr(__p0, __p1)
 716:/home/min/snap/code/229/.local/share/stm32cube/bundles/gnu-tools-for-stm32/14.3.1+st.2/lib/gcc/arm-none-eabi/14.3.1/include/arm_mve.h **** #define urshrl(__p0, __p1) __arm_urshrl(__p0, __p1)
 717:/home/min/snap/code/229/.local/share/stm32cube/bundles/gnu-tools-for-stm32/14.3.1+st.2/lib/gcc/arm-none-eabi/14.3.1/include/arm_mve.h **** #define lsll(__p0, __p1) __arm_lsll(__p0, __p1)
 718:/home/min/snap/code/229/.local/share/stm32cube/bundles/gnu-tools-for-stm32/14.3.1+st.2/lib/gcc/arm-none-eabi/14.3.1/include/arm_mve.h **** #define asrl(__p0, __p1) __arm_asrl(__p0, __p1)
 719:/home/min/snap/code/229/.local/share/stm32cube/bundles/gnu-tools-for-stm32/14.3.1+st.2/lib/gcc/arm-none-eabi/14.3.1/include/arm_mve.h **** #define vshlcq_m_s8(__a,  __b,  __imm, __p) __arm_vshlcq_m_s8(__a,  __b,  __imm, __p)
 720:/home/min/snap/code/229/.local/share/stm32cube/bundles/gnu-tools-for-stm32/14.3.1+st.2/lib/gcc/arm-none-eabi/14.3.1/include/arm_mve.h **** #define vshlcq_m_u8(__a,  __b,  __imm, __p) __arm_vshlcq_m_u8(__a,  __b,  __imm, __p)
 721:/home/min/snap/code/229/.local/share/stm32cube/bundles/gnu-tools-for-stm32/14.3.1+st.2/lib/gcc/arm-none-eabi/14.3.1/include/arm_mve.h **** #define vshlcq_m_s16(__a,  __b,  __imm, __p) __arm_vshlcq_m_s16(__a,  __b,  __imm, __p)
 722:/home/min/snap/code/229/.local/share/stm32cube/bundles/gnu-tools-for-stm32/14.3.1+st.2/lib/gcc/arm-none-eabi/14.3.1/include/arm_mve.h **** #define vshlcq_m_u16(__a,  __b,  __imm, __p) __arm_vshlcq_m_u16(__a,  __b,  __imm, __p)
 723:/home/min/snap/code/229/.local/share/stm32cube/bundles/gnu-tools-for-stm32/14.3.1+st.2/lib/gcc/arm-none-eabi/14.3.1/include/arm_mve.h **** #define vshlcq_m_s32(__a,  __b,  __imm, __p) __arm_vshlcq_m_s32(__a,  __b,  __imm, __p)
 724:/home/min/snap/code/229/.local/share/stm32cube/bundles/gnu-tools-for-stm32/14.3.1+st.2/lib/gcc/arm-none-eabi/14.3.1/include/arm_mve.h **** #define vshlcq_m_u32(__a,  __b,  __imm, __p) __arm_vshlcq_m_u32(__a,  __b,  __imm, __p)
 725:/home/min/snap/code/229/.local/share/stm32cube/bundles/gnu-tools-for-stm32/14.3.1+st.2/lib/gcc/arm-none-eabi/14.3.1/include/arm_mve.h **** #endif
 726:/home/min/snap/code/229/.local/share/stm32cube/bundles/gnu-tools-for-stm32/14.3.1+st.2/lib/gcc/arm-none-eabi/14.3.1/include/arm_mve.h **** 
 727:/home/min/snap/code/229/.local/share/stm32cube/bundles/gnu-tools-for-stm32/14.3.1+st.2/lib/gcc/arm-none-eabi/14.3.1/include/arm_mve.h **** /* For big-endian, GCC's vector indices are reversed within each 64 bits
 728:/home/min/snap/code/229/.local/share/stm32cube/bundles/gnu-tools-for-stm32/14.3.1+st.2/lib/gcc/arm-none-eabi/14.3.1/include/arm_mve.h ****    compared to the architectural lane indices used by MVE intrinsics.  */
 729:/home/min/snap/code/229/.local/share/stm32cube/bundles/gnu-tools-for-stm32/14.3.1+st.2/lib/gcc/arm-none-eabi/14.3.1/include/arm_mve.h **** #define __ARM_NUM_LANES(__v) (sizeof (__v) / sizeof (__v[0]))
 730:/home/min/snap/code/229/.local/share/stm32cube/bundles/gnu-tools-for-stm32/14.3.1+st.2/lib/gcc/arm-none-eabi/14.3.1/include/arm_mve.h **** #ifdef __ARM_BIG_ENDIAN
 731:/home/min/snap/code/229/.local/share/stm32cube/bundles/gnu-tools-for-stm32/14.3.1+st.2/lib/gcc/arm-none-eabi/14.3.1/include/arm_mve.h **** #define __ARM_LANEQ(__vec, __idx) (__idx ^ (__ARM_NUM_LANES(__vec)/2 - 1))
 732:/home/min/snap/code/229/.local/share/stm32cube/bundles/gnu-tools-for-stm32/14.3.1+st.2/lib/gcc/arm-none-eabi/14.3.1/include/arm_mve.h **** #else
 733:/home/min/snap/code/229/.local/share/stm32cube/bundles/gnu-tools-for-stm32/14.3.1+st.2/lib/gcc/arm-none-eabi/14.3.1/include/arm_mve.h **** #define __ARM_LANEQ(__vec, __idx) __idx
 734:/home/min/snap/code/229/.local/share/stm32cube/bundles/gnu-tools-for-stm32/14.3.1+st.2/lib/gcc/arm-none-eabi/14.3.1/include/arm_mve.h **** #endif
 735:/home/min/snap/code/229/.local/share/stm32cube/bundles/gnu-tools-for-stm32/14.3.1+st.2/lib/gcc/arm-none-eabi/14.3.1/include/arm_mve.h **** #define __ARM_CHECK_LANEQ(__vec, __idx)		 \
 736:/home/min/snap/code/229/.local/share/stm32cube/bundles/gnu-tools-for-stm32/14.3.1+st.2/lib/gcc/arm-none-eabi/14.3.1/include/arm_mve.h ****   __builtin_arm_lane_check (__ARM_NUM_LANES(__vec),     \
 737:/home/min/snap/code/229/.local/share/stm32cube/bundles/gnu-tools-for-stm32/14.3.1+st.2/lib/gcc/arm-none-eabi/14.3.1/include/arm_mve.h **** 			    __ARM_LANEQ(__vec, __idx))
 738:/home/min/snap/code/229/.local/share/stm32cube/bundles/gnu-tools-for-stm32/14.3.1+st.2/lib/gcc/arm-none-eabi/14.3.1/include/arm_mve.h **** 
 739:/home/min/snap/code/229/.local/share/stm32cube/bundles/gnu-tools-for-stm32/14.3.1+st.2/lib/gcc/arm-none-eabi/14.3.1/include/arm_mve.h **** __extension__ extern __inline void
 740:/home/min/snap/code/229/.local/share/stm32cube/bundles/gnu-tools-for-stm32/14.3.1+st.2/lib/gcc/arm-none-eabi/14.3.1/include/arm_mve.h **** __attribute__ ((__always_inline__, __gnu_inline__, __artificial__))
 741:/home/min/snap/code/229/.local/share/stm32cube/bundles/gnu-tools-for-stm32/14.3.1+st.2/lib/gcc/arm-none-eabi/14.3.1/include/arm_mve.h **** __arm_vst4q_s8 (int8_t * __addr, int8x16x4_t __value)
 742:/home/min/snap/code/229/.local/share/stm32cube/bundles/gnu-tools-for-stm32/14.3.1+st.2/lib/gcc/arm-none-eabi/14.3.1/include/arm_mve.h **** {
 743:/home/min/snap/code/229/.local/share/stm32cube/bundles/gnu-tools-for-stm32/14.3.1+st.2/lib/gcc/arm-none-eabi/14.3.1/include/arm_mve.h ****   union { int8x16x4_t __i; __builtin_neon_xi __o; } __rv;
 744:/home/min/snap/code/229/.local/share/stm32cube/bundles/gnu-tools-for-stm32/14.3.1+st.2/lib/gcc/arm-none-eabi/14.3.1/include/arm_mve.h ****   __rv.__i = __value;
 745:/home/min/snap/code/229/.local/share/stm32cube/bundles/gnu-tools-for-stm32/14.3.1+st.2/lib/gcc/arm-none-eabi/14.3.1/include/arm_mve.h ****   __builtin_mve_vst4qv16qi ((__builtin_neon_qi *) __addr, __rv.__o);
 746:/home/min/snap/code/229/.local/share/stm32cube/bundles/gnu-tools-for-stm32/14.3.1+st.2/lib/gcc/arm-none-eabi/14.3.1/include/arm_mve.h **** }
 747:/home/min/snap/code/229/.local/share/stm32cube/bundles/gnu-tools-for-stm32/14.3.1+st.2/lib/gcc/arm-none-eabi/14.3.1/include/arm_mve.h **** 
 748:/home/min/snap/code/229/.local/share/stm32cube/bundles/gnu-tools-for-stm32/14.3.1+st.2/lib/gcc/arm-none-eabi/14.3.1/include/arm_mve.h **** __extension__ extern __inline void
 749:/home/min/snap/code/229/.local/share/stm32cube/bundles/gnu-tools-for-stm32/14.3.1+st.2/lib/gcc/arm-none-eabi/14.3.1/include/arm_mve.h **** __attribute__ ((__always_inline__, __gnu_inline__, __artificial__))
 750:/home/min/snap/code/229/.local/share/stm32cube/bundles/gnu-tools-for-stm32/14.3.1+st.2/lib/gcc/arm-none-eabi/14.3.1/include/arm_mve.h **** __arm_vst4q_s16 (int16_t * __addr, int16x8x4_t __value)
 751:/home/min/snap/code/229/.local/share/stm32cube/bundles/gnu-tools-for-stm32/14.3.1+st.2/lib/gcc/arm-none-eabi/14.3.1/include/arm_mve.h **** {
 752:/home/min/snap/code/229/.local/share/stm32cube/bundles/gnu-tools-for-stm32/14.3.1+st.2/lib/gcc/arm-none-eabi/14.3.1/include/arm_mve.h ****   union { int16x8x4_t __i; __builtin_neon_xi __o; } __rv;
 753:/home/min/snap/code/229/.local/share/stm32cube/bundles/gnu-tools-for-stm32/14.3.1+st.2/lib/gcc/arm-none-eabi/14.3.1/include/arm_mve.h ****   __rv.__i = __value;
 754:/home/min/snap/code/229/.local/share/stm32cube/bundles/gnu-tools-for-stm32/14.3.1+st.2/lib/gcc/arm-none-eabi/14.3.1/include/arm_mve.h ****   __builtin_mve_vst4qv8hi ((__builtin_neon_hi *) __addr, __rv.__o);
 755:/home/min/snap/code/229/.local/share/stm32cube/bundles/gnu-tools-for-stm32/14.3.1+st.2/lib/gcc/arm-none-eabi/14.3.1/include/arm_mve.h **** }
 756:/home/min/snap/code/229/.local/share/stm32cube/bundles/gnu-tools-for-stm32/14.3.1+st.2/lib/gcc/arm-none-eabi/14.3.1/include/arm_mve.h **** 
 757:/home/min/snap/code/229/.local/share/stm32cube/bundles/gnu-tools-for-stm32/14.3.1+st.2/lib/gcc/arm-none-eabi/14.3.1/include/arm_mve.h **** __extension__ extern __inline void
 758:/home/min/snap/code/229/.local/share/stm32cube/bundles/gnu-tools-for-stm32/14.3.1+st.2/lib/gcc/arm-none-eabi/14.3.1/include/arm_mve.h **** __attribute__ ((__always_inline__, __gnu_inline__, __artificial__))
ARM GAS  /tmp/cc66eICS.s 			page 27


 759:/home/min/snap/code/229/.local/share/stm32cube/bundles/gnu-tools-for-stm32/14.3.1+st.2/lib/gcc/arm-none-eabi/14.3.1/include/arm_mve.h **** __arm_vst4q_s32 (int32_t * __addr, int32x4x4_t __value)
 760:/home/min/snap/code/229/.local/share/stm32cube/bundles/gnu-tools-for-stm32/14.3.1+st.2/lib/gcc/arm-none-eabi/14.3.1/include/arm_mve.h **** {
 761:/home/min/snap/code/229/.local/share/stm32cube/bundles/gnu-tools-for-stm32/14.3.1+st.2/lib/gcc/arm-none-eabi/14.3.1/include/arm_mve.h ****   union { int32x4x4_t __i; __builtin_neon_xi __o; } __rv;
 762:/home/min/snap/code/229/.local/share/stm32cube/bundles/gnu-tools-for-stm32/14.3.1+st.2/lib/gcc/arm-none-eabi/14.3.1/include/arm_mve.h ****   __rv.__i = __value;
 763:/home/min/snap/code/229/.local/share/stm32cube/bundles/gnu-tools-for-stm32/14.3.1+st.2/lib/gcc/arm-none-eabi/14.3.1/include/arm_mve.h ****   __builtin_mve_vst4qv4si ((__builtin_neon_si *) __addr, __rv.__o);
 764:/home/min/snap/code/229/.local/share/stm32cube/bundles/gnu-tools-for-stm32/14.3.1+st.2/lib/gcc/arm-none-eabi/14.3.1/include/arm_mve.h **** }
 765:/home/min/snap/code/229/.local/share/stm32cube/bundles/gnu-tools-for-stm32/14.3.1+st.2/lib/gcc/arm-none-eabi/14.3.1/include/arm_mve.h **** 
 766:/home/min/snap/code/229/.local/share/stm32cube/bundles/gnu-tools-for-stm32/14.3.1+st.2/lib/gcc/arm-none-eabi/14.3.1/include/arm_mve.h **** __extension__ extern __inline void
 767:/home/min/snap/code/229/.local/share/stm32cube/bundles/gnu-tools-for-stm32/14.3.1+st.2/lib/gcc/arm-none-eabi/14.3.1/include/arm_mve.h **** __attribute__ ((__always_inline__, __gnu_inline__, __artificial__))
 768:/home/min/snap/code/229/.local/share/stm32cube/bundles/gnu-tools-for-stm32/14.3.1+st.2/lib/gcc/arm-none-eabi/14.3.1/include/arm_mve.h **** __arm_vst4q_u8 (uint8_t * __addr, uint8x16x4_t __value)
 769:/home/min/snap/code/229/.local/share/stm32cube/bundles/gnu-tools-for-stm32/14.3.1+st.2/lib/gcc/arm-none-eabi/14.3.1/include/arm_mve.h **** {
 770:/home/min/snap/code/229/.local/share/stm32cube/bundles/gnu-tools-for-stm32/14.3.1+st.2/lib/gcc/arm-none-eabi/14.3.1/include/arm_mve.h ****   union { uint8x16x4_t __i; __builtin_neon_xi __o; } __rv;
 771:/home/min/snap/code/229/.local/share/stm32cube/bundles/gnu-tools-for-stm32/14.3.1+st.2/lib/gcc/arm-none-eabi/14.3.1/include/arm_mve.h ****   __rv.__i = __value;
 772:/home/min/snap/code/229/.local/share/stm32cube/bundles/gnu-tools-for-stm32/14.3.1+st.2/lib/gcc/arm-none-eabi/14.3.1/include/arm_mve.h ****   __builtin_mve_vst4qv16qi ((__builtin_neon_qi *) __addr, __rv.__o);
 773:/home/min/snap/code/229/.local/share/stm32cube/bundles/gnu-tools-for-stm32/14.3.1+st.2/lib/gcc/arm-none-eabi/14.3.1/include/arm_mve.h **** }
 774:/home/min/snap/code/229/.local/share/stm32cube/bundles/gnu-tools-for-stm32/14.3.1+st.2/lib/gcc/arm-none-eabi/14.3.1/include/arm_mve.h **** 
 775:/home/min/snap/code/229/.local/share/stm32cube/bundles/gnu-tools-for-stm32/14.3.1+st.2/lib/gcc/arm-none-eabi/14.3.1/include/arm_mve.h **** __extension__ extern __inline void
 776:/home/min/snap/code/229/.local/share/stm32cube/bundles/gnu-tools-for-stm32/14.3.1+st.2/lib/gcc/arm-none-eabi/14.3.1/include/arm_mve.h **** __attribute__ ((__always_inline__, __gnu_inline__, __artificial__))
 777:/home/min/snap/code/229/.local/share/stm32cube/bundles/gnu-tools-for-stm32/14.3.1+st.2/lib/gcc/arm-none-eabi/14.3.1/include/arm_mve.h **** __arm_vst4q_u16 (uint16_t * __addr, uint16x8x4_t __value)
 778:/home/min/snap/code/229/.local/share/stm32cube/bundles/gnu-tools-for-stm32/14.3.1+st.2/lib/gcc/arm-none-eabi/14.3.1/include/arm_mve.h **** {
 779:/home/min/snap/code/229/.local/share/stm32cube/bundles/gnu-tools-for-stm32/14.3.1+st.2/lib/gcc/arm-none-eabi/14.3.1/include/arm_mve.h ****   union { uint16x8x4_t __i; __builtin_neon_xi __o; } __rv;
 780:/home/min/snap/code/229/.local/share/stm32cube/bundles/gnu-tools-for-stm32/14.3.1+st.2/lib/gcc/arm-none-eabi/14.3.1/include/arm_mve.h ****   __rv.__i = __value;
 781:/home/min/snap/code/229/.local/share/stm32cube/bundles/gnu-tools-for-stm32/14.3.1+st.2/lib/gcc/arm-none-eabi/14.3.1/include/arm_mve.h ****   __builtin_mve_vst4qv8hi ((__builtin_neon_hi *) __addr, __rv.__o);
 782:/home/min/snap/code/229/.local/share/stm32cube/bundles/gnu-tools-for-stm32/14.3.1+st.2/lib/gcc/arm-none-eabi/14.3.1/include/arm_mve.h **** }
 783:/home/min/snap/code/229/.local/share/stm32cube/bundles/gnu-tools-for-stm32/14.3.1+st.2/lib/gcc/arm-none-eabi/14.3.1/include/arm_mve.h **** 
 784:/home/min/snap/code/229/.local/share/stm32cube/bundles/gnu-tools-for-stm32/14.3.1+st.2/lib/gcc/arm-none-eabi/14.3.1/include/arm_mve.h **** __extension__ extern __inline void
 785:/home/min/snap/code/229/.local/share/stm32cube/bundles/gnu-tools-for-stm32/14.3.1+st.2/lib/gcc/arm-none-eabi/14.3.1/include/arm_mve.h **** __attribute__ ((__always_inline__, __gnu_inline__, __artificial__))
 786:/home/min/snap/code/229/.local/share/stm32cube/bundles/gnu-tools-for-stm32/14.3.1+st.2/lib/gcc/arm-none-eabi/14.3.1/include/arm_mve.h **** __arm_vst4q_u32 (uint32_t * __addr, uint32x4x4_t __value)
 787:/home/min/snap/code/229/.local/share/stm32cube/bundles/gnu-tools-for-stm32/14.3.1+st.2/lib/gcc/arm-none-eabi/14.3.1/include/arm_mve.h **** {
 788:/home/min/snap/code/229/.local/share/stm32cube/bundles/gnu-tools-for-stm32/14.3.1+st.2/lib/gcc/arm-none-eabi/14.3.1/include/arm_mve.h ****   union { uint32x4x4_t __i; __builtin_neon_xi __o; } __rv;
 789:/home/min/snap/code/229/.local/share/stm32cube/bundles/gnu-tools-for-stm32/14.3.1+st.2/lib/gcc/arm-none-eabi/14.3.1/include/arm_mve.h ****   __rv.__i = __value;
 790:/home/min/snap/code/229/.local/share/stm32cube/bundles/gnu-tools-for-stm32/14.3.1+st.2/lib/gcc/arm-none-eabi/14.3.1/include/arm_mve.h ****   __builtin_mve_vst4qv4si ((__builtin_neon_si *) __addr, __rv.__o);
 791:/home/min/snap/code/229/.local/share/stm32cube/bundles/gnu-tools-for-stm32/14.3.1+st.2/lib/gcc/arm-none-eabi/14.3.1/include/arm_mve.h **** }
 792:/home/min/snap/code/229/.local/share/stm32cube/bundles/gnu-tools-for-stm32/14.3.1+st.2/lib/gcc/arm-none-eabi/14.3.1/include/arm_mve.h **** 
 793:/home/min/snap/code/229/.local/share/stm32cube/bundles/gnu-tools-for-stm32/14.3.1+st.2/lib/gcc/arm-none-eabi/14.3.1/include/arm_mve.h **** __extension__ extern __inline mve_pred16_t
 794:/home/min/snap/code/229/.local/share/stm32cube/bundles/gnu-tools-for-stm32/14.3.1+st.2/lib/gcc/arm-none-eabi/14.3.1/include/arm_mve.h **** __attribute__ ((__always_inline__, __gnu_inline__, __artificial__))
 795:/home/min/snap/code/229/.local/share/stm32cube/bundles/gnu-tools-for-stm32/14.3.1+st.2/lib/gcc/arm-none-eabi/14.3.1/include/arm_mve.h **** __arm_vctp16q (uint32_t __a)
 796:/home/min/snap/code/229/.local/share/stm32cube/bundles/gnu-tools-for-stm32/14.3.1+st.2/lib/gcc/arm-none-eabi/14.3.1/include/arm_mve.h **** {
 797:/home/min/snap/code/229/.local/share/stm32cube/bundles/gnu-tools-for-stm32/14.3.1+st.2/lib/gcc/arm-none-eabi/14.3.1/include/arm_mve.h ****   return __builtin_mve_vctp16qv8bi (__a);
 798:/home/min/snap/code/229/.local/share/stm32cube/bundles/gnu-tools-for-stm32/14.3.1+st.2/lib/gcc/arm-none-eabi/14.3.1/include/arm_mve.h **** }
 799:/home/min/snap/code/229/.local/share/stm32cube/bundles/gnu-tools-for-stm32/14.3.1+st.2/lib/gcc/arm-none-eabi/14.3.1/include/arm_mve.h **** 
 800:/home/min/snap/code/229/.local/share/stm32cube/bundles/gnu-tools-for-stm32/14.3.1+st.2/lib/gcc/arm-none-eabi/14.3.1/include/arm_mve.h **** __extension__ extern __inline mve_pred16_t
 801:/home/min/snap/code/229/.local/share/stm32cube/bundles/gnu-tools-for-stm32/14.3.1+st.2/lib/gcc/arm-none-eabi/14.3.1/include/arm_mve.h **** __attribute__ ((__always_inline__, __gnu_inline__, __artificial__))
 802:/home/min/snap/code/229/.local/share/stm32cube/bundles/gnu-tools-for-stm32/14.3.1+st.2/lib/gcc/arm-none-eabi/14.3.1/include/arm_mve.h **** __arm_vctp32q (uint32_t __a)
 803:/home/min/snap/code/229/.local/share/stm32cube/bundles/gnu-tools-for-stm32/14.3.1+st.2/lib/gcc/arm-none-eabi/14.3.1/include/arm_mve.h **** {
 804:/home/min/snap/code/229/.local/share/stm32cube/bundles/gnu-tools-for-stm32/14.3.1+st.2/lib/gcc/arm-none-eabi/14.3.1/include/arm_mve.h ****   return __builtin_mve_vctp32qv4bi (__a);
 805:/home/min/snap/code/229/.local/share/stm32cube/bundles/gnu-tools-for-stm32/14.3.1+st.2/lib/gcc/arm-none-eabi/14.3.1/include/arm_mve.h **** }
 806:/home/min/snap/code/229/.local/share/stm32cube/bundles/gnu-tools-for-stm32/14.3.1+st.2/lib/gcc/arm-none-eabi/14.3.1/include/arm_mve.h **** 
 807:/home/min/snap/code/229/.local/share/stm32cube/bundles/gnu-tools-for-stm32/14.3.1+st.2/lib/gcc/arm-none-eabi/14.3.1/include/arm_mve.h **** __extension__ extern __inline mve_pred16_t
 808:/home/min/snap/code/229/.local/share/stm32cube/bundles/gnu-tools-for-stm32/14.3.1+st.2/lib/gcc/arm-none-eabi/14.3.1/include/arm_mve.h **** __attribute__ ((__always_inline__, __gnu_inline__, __artificial__))
 809:/home/min/snap/code/229/.local/share/stm32cube/bundles/gnu-tools-for-stm32/14.3.1+st.2/lib/gcc/arm-none-eabi/14.3.1/include/arm_mve.h **** __arm_vctp64q (uint32_t __a)
 810:/home/min/snap/code/229/.local/share/stm32cube/bundles/gnu-tools-for-stm32/14.3.1+st.2/lib/gcc/arm-none-eabi/14.3.1/include/arm_mve.h **** {
 811:/home/min/snap/code/229/.local/share/stm32cube/bundles/gnu-tools-for-stm32/14.3.1+st.2/lib/gcc/arm-none-eabi/14.3.1/include/arm_mve.h ****   return __builtin_mve_vctp64qv2qi (__a);
 812:/home/min/snap/code/229/.local/share/stm32cube/bundles/gnu-tools-for-stm32/14.3.1+st.2/lib/gcc/arm-none-eabi/14.3.1/include/arm_mve.h **** }
 813:/home/min/snap/code/229/.local/share/stm32cube/bundles/gnu-tools-for-stm32/14.3.1+st.2/lib/gcc/arm-none-eabi/14.3.1/include/arm_mve.h **** 
 814:/home/min/snap/code/229/.local/share/stm32cube/bundles/gnu-tools-for-stm32/14.3.1+st.2/lib/gcc/arm-none-eabi/14.3.1/include/arm_mve.h **** __extension__ extern __inline mve_pred16_t
 815:/home/min/snap/code/229/.local/share/stm32cube/bundles/gnu-tools-for-stm32/14.3.1+st.2/lib/gcc/arm-none-eabi/14.3.1/include/arm_mve.h **** __attribute__ ((__always_inline__, __gnu_inline__, __artificial__))
ARM GAS  /tmp/cc66eICS.s 			page 28


 816:/home/min/snap/code/229/.local/share/stm32cube/bundles/gnu-tools-for-stm32/14.3.1+st.2/lib/gcc/arm-none-eabi/14.3.1/include/arm_mve.h **** __arm_vctp8q (uint32_t __a)
 817:/home/min/snap/code/229/.local/share/stm32cube/bundles/gnu-tools-for-stm32/14.3.1+st.2/lib/gcc/arm-none-eabi/14.3.1/include/arm_mve.h **** {
 818:/home/min/snap/code/229/.local/share/stm32cube/bundles/gnu-tools-for-stm32/14.3.1+st.2/lib/gcc/arm-none-eabi/14.3.1/include/arm_mve.h ****   return __builtin_mve_vctp8qv16bi (__a);
 819:/home/min/snap/code/229/.local/share/stm32cube/bundles/gnu-tools-for-stm32/14.3.1+st.2/lib/gcc/arm-none-eabi/14.3.1/include/arm_mve.h **** }
 820:/home/min/snap/code/229/.local/share/stm32cube/bundles/gnu-tools-for-stm32/14.3.1+st.2/lib/gcc/arm-none-eabi/14.3.1/include/arm_mve.h **** 
 821:/home/min/snap/code/229/.local/share/stm32cube/bundles/gnu-tools-for-stm32/14.3.1+st.2/lib/gcc/arm-none-eabi/14.3.1/include/arm_mve.h **** __extension__ extern __inline mve_pred16_t
 822:/home/min/snap/code/229/.local/share/stm32cube/bundles/gnu-tools-for-stm32/14.3.1+st.2/lib/gcc/arm-none-eabi/14.3.1/include/arm_mve.h **** __attribute__ ((__always_inline__, __gnu_inline__, __artificial__))
 823:/home/min/snap/code/229/.local/share/stm32cube/bundles/gnu-tools-for-stm32/14.3.1+st.2/lib/gcc/arm-none-eabi/14.3.1/include/arm_mve.h **** __arm_vpnot (mve_pred16_t __a)
 824:/home/min/snap/code/229/.local/share/stm32cube/bundles/gnu-tools-for-stm32/14.3.1+st.2/lib/gcc/arm-none-eabi/14.3.1/include/arm_mve.h **** {
 825:/home/min/snap/code/229/.local/share/stm32cube/bundles/gnu-tools-for-stm32/14.3.1+st.2/lib/gcc/arm-none-eabi/14.3.1/include/arm_mve.h ****   return __builtin_mve_vpnotv16bi (__a);
 826:/home/min/snap/code/229/.local/share/stm32cube/bundles/gnu-tools-for-stm32/14.3.1+st.2/lib/gcc/arm-none-eabi/14.3.1/include/arm_mve.h **** }
 827:/home/min/snap/code/229/.local/share/stm32cube/bundles/gnu-tools-for-stm32/14.3.1+st.2/lib/gcc/arm-none-eabi/14.3.1/include/arm_mve.h **** 
 828:/home/min/snap/code/229/.local/share/stm32cube/bundles/gnu-tools-for-stm32/14.3.1+st.2/lib/gcc/arm-none-eabi/14.3.1/include/arm_mve.h **** __extension__ extern __inline uint8x16_t
 829:/home/min/snap/code/229/.local/share/stm32cube/bundles/gnu-tools-for-stm32/14.3.1+st.2/lib/gcc/arm-none-eabi/14.3.1/include/arm_mve.h **** __attribute__ ((__always_inline__, __gnu_inline__, __artificial__))
 830:/home/min/snap/code/229/.local/share/stm32cube/bundles/gnu-tools-for-stm32/14.3.1+st.2/lib/gcc/arm-none-eabi/14.3.1/include/arm_mve.h **** __arm_vornq_u8 (uint8x16_t __a, uint8x16_t __b)
 831:/home/min/snap/code/229/.local/share/stm32cube/bundles/gnu-tools-for-stm32/14.3.1+st.2/lib/gcc/arm-none-eabi/14.3.1/include/arm_mve.h **** {
 832:/home/min/snap/code/229/.local/share/stm32cube/bundles/gnu-tools-for-stm32/14.3.1+st.2/lib/gcc/arm-none-eabi/14.3.1/include/arm_mve.h ****   return __builtin_mve_vornq_uv16qi (__a, __b);
 833:/home/min/snap/code/229/.local/share/stm32cube/bundles/gnu-tools-for-stm32/14.3.1+st.2/lib/gcc/arm-none-eabi/14.3.1/include/arm_mve.h **** }
 834:/home/min/snap/code/229/.local/share/stm32cube/bundles/gnu-tools-for-stm32/14.3.1+st.2/lib/gcc/arm-none-eabi/14.3.1/include/arm_mve.h **** 
 835:/home/min/snap/code/229/.local/share/stm32cube/bundles/gnu-tools-for-stm32/14.3.1+st.2/lib/gcc/arm-none-eabi/14.3.1/include/arm_mve.h **** __extension__ extern __inline uint8x16_t
 836:/home/min/snap/code/229/.local/share/stm32cube/bundles/gnu-tools-for-stm32/14.3.1+st.2/lib/gcc/arm-none-eabi/14.3.1/include/arm_mve.h **** __attribute__ ((__always_inline__, __gnu_inline__, __artificial__))
 837:/home/min/snap/code/229/.local/share/stm32cube/bundles/gnu-tools-for-stm32/14.3.1+st.2/lib/gcc/arm-none-eabi/14.3.1/include/arm_mve.h **** __arm_vbicq_u8 (uint8x16_t __a, uint8x16_t __b)
 838:/home/min/snap/code/229/.local/share/stm32cube/bundles/gnu-tools-for-stm32/14.3.1+st.2/lib/gcc/arm-none-eabi/14.3.1/include/arm_mve.h **** {
 839:/home/min/snap/code/229/.local/share/stm32cube/bundles/gnu-tools-for-stm32/14.3.1+st.2/lib/gcc/arm-none-eabi/14.3.1/include/arm_mve.h ****   return __builtin_mve_vbicq_uv16qi (__a, __b);
 840:/home/min/snap/code/229/.local/share/stm32cube/bundles/gnu-tools-for-stm32/14.3.1+st.2/lib/gcc/arm-none-eabi/14.3.1/include/arm_mve.h **** }
 841:/home/min/snap/code/229/.local/share/stm32cube/bundles/gnu-tools-for-stm32/14.3.1+st.2/lib/gcc/arm-none-eabi/14.3.1/include/arm_mve.h **** 
 842:/home/min/snap/code/229/.local/share/stm32cube/bundles/gnu-tools-for-stm32/14.3.1+st.2/lib/gcc/arm-none-eabi/14.3.1/include/arm_mve.h **** __extension__ extern __inline int8x16_t
 843:/home/min/snap/code/229/.local/share/stm32cube/bundles/gnu-tools-for-stm32/14.3.1+st.2/lib/gcc/arm-none-eabi/14.3.1/include/arm_mve.h **** __attribute__ ((__always_inline__, __gnu_inline__, __artificial__))
 844:/home/min/snap/code/229/.local/share/stm32cube/bundles/gnu-tools-for-stm32/14.3.1+st.2/lib/gcc/arm-none-eabi/14.3.1/include/arm_mve.h **** __arm_vornq_s8 (int8x16_t __a, int8x16_t __b)
 845:/home/min/snap/code/229/.local/share/stm32cube/bundles/gnu-tools-for-stm32/14.3.1+st.2/lib/gcc/arm-none-eabi/14.3.1/include/arm_mve.h **** {
 846:/home/min/snap/code/229/.local/share/stm32cube/bundles/gnu-tools-for-stm32/14.3.1+st.2/lib/gcc/arm-none-eabi/14.3.1/include/arm_mve.h ****   return __builtin_mve_vornq_sv16qi (__a, __b);
 847:/home/min/snap/code/229/.local/share/stm32cube/bundles/gnu-tools-for-stm32/14.3.1+st.2/lib/gcc/arm-none-eabi/14.3.1/include/arm_mve.h **** }
 848:/home/min/snap/code/229/.local/share/stm32cube/bundles/gnu-tools-for-stm32/14.3.1+st.2/lib/gcc/arm-none-eabi/14.3.1/include/arm_mve.h **** 
 849:/home/min/snap/code/229/.local/share/stm32cube/bundles/gnu-tools-for-stm32/14.3.1+st.2/lib/gcc/arm-none-eabi/14.3.1/include/arm_mve.h **** __extension__ extern __inline int8x16_t
 850:/home/min/snap/code/229/.local/share/stm32cube/bundles/gnu-tools-for-stm32/14.3.1+st.2/lib/gcc/arm-none-eabi/14.3.1/include/arm_mve.h **** __attribute__ ((__always_inline__, __gnu_inline__, __artificial__))
 851:/home/min/snap/code/229/.local/share/stm32cube/bundles/gnu-tools-for-stm32/14.3.1+st.2/lib/gcc/arm-none-eabi/14.3.1/include/arm_mve.h **** __arm_vbicq_s8 (int8x16_t __a, int8x16_t __b)
 852:/home/min/snap/code/229/.local/share/stm32cube/bundles/gnu-tools-for-stm32/14.3.1+st.2/lib/gcc/arm-none-eabi/14.3.1/include/arm_mve.h **** {
 853:/home/min/snap/code/229/.local/share/stm32cube/bundles/gnu-tools-for-stm32/14.3.1+st.2/lib/gcc/arm-none-eabi/14.3.1/include/arm_mve.h ****   return __builtin_mve_vbicq_sv16qi (__a, __b);
 854:/home/min/snap/code/229/.local/share/stm32cube/bundles/gnu-tools-for-stm32/14.3.1+st.2/lib/gcc/arm-none-eabi/14.3.1/include/arm_mve.h **** }
 855:/home/min/snap/code/229/.local/share/stm32cube/bundles/gnu-tools-for-stm32/14.3.1+st.2/lib/gcc/arm-none-eabi/14.3.1/include/arm_mve.h **** 
 856:/home/min/snap/code/229/.local/share/stm32cube/bundles/gnu-tools-for-stm32/14.3.1+st.2/lib/gcc/arm-none-eabi/14.3.1/include/arm_mve.h **** __extension__ extern __inline uint16x8_t
 857:/home/min/snap/code/229/.local/share/stm32cube/bundles/gnu-tools-for-stm32/14.3.1+st.2/lib/gcc/arm-none-eabi/14.3.1/include/arm_mve.h **** __attribute__ ((__always_inline__, __gnu_inline__, __artificial__))
 858:/home/min/snap/code/229/.local/share/stm32cube/bundles/gnu-tools-for-stm32/14.3.1+st.2/lib/gcc/arm-none-eabi/14.3.1/include/arm_mve.h **** __arm_vornq_u16 (uint16x8_t __a, uint16x8_t __b)
 859:/home/min/snap/code/229/.local/share/stm32cube/bundles/gnu-tools-for-stm32/14.3.1+st.2/lib/gcc/arm-none-eabi/14.3.1/include/arm_mve.h **** {
 860:/home/min/snap/code/229/.local/share/stm32cube/bundles/gnu-tools-for-stm32/14.3.1+st.2/lib/gcc/arm-none-eabi/14.3.1/include/arm_mve.h ****   return __builtin_mve_vornq_uv8hi (__a, __b);
 861:/home/min/snap/code/229/.local/share/stm32cube/bundles/gnu-tools-for-stm32/14.3.1+st.2/lib/gcc/arm-none-eabi/14.3.1/include/arm_mve.h **** }
 862:/home/min/snap/code/229/.local/share/stm32cube/bundles/gnu-tools-for-stm32/14.3.1+st.2/lib/gcc/arm-none-eabi/14.3.1/include/arm_mve.h **** 
 863:/home/min/snap/code/229/.local/share/stm32cube/bundles/gnu-tools-for-stm32/14.3.1+st.2/lib/gcc/arm-none-eabi/14.3.1/include/arm_mve.h **** __extension__ extern __inline uint16x8_t
 864:/home/min/snap/code/229/.local/share/stm32cube/bundles/gnu-tools-for-stm32/14.3.1+st.2/lib/gcc/arm-none-eabi/14.3.1/include/arm_mve.h **** __attribute__ ((__always_inline__, __gnu_inline__, __artificial__))
 865:/home/min/snap/code/229/.local/share/stm32cube/bundles/gnu-tools-for-stm32/14.3.1+st.2/lib/gcc/arm-none-eabi/14.3.1/include/arm_mve.h **** __arm_vbicq_u16 (uint16x8_t __a, uint16x8_t __b)
 866:/home/min/snap/code/229/.local/share/stm32cube/bundles/gnu-tools-for-stm32/14.3.1+st.2/lib/gcc/arm-none-eabi/14.3.1/include/arm_mve.h **** {
 867:/home/min/snap/code/229/.local/share/stm32cube/bundles/gnu-tools-for-stm32/14.3.1+st.2/lib/gcc/arm-none-eabi/14.3.1/include/arm_mve.h ****   return __builtin_mve_vbicq_uv8hi (__a, __b);
 868:/home/min/snap/code/229/.local/share/stm32cube/bundles/gnu-tools-for-stm32/14.3.1+st.2/lib/gcc/arm-none-eabi/14.3.1/include/arm_mve.h **** }
 869:/home/min/snap/code/229/.local/share/stm32cube/bundles/gnu-tools-for-stm32/14.3.1+st.2/lib/gcc/arm-none-eabi/14.3.1/include/arm_mve.h **** 
 870:/home/min/snap/code/229/.local/share/stm32cube/bundles/gnu-tools-for-stm32/14.3.1+st.2/lib/gcc/arm-none-eabi/14.3.1/include/arm_mve.h **** __extension__ extern __inline int16x8_t
 871:/home/min/snap/code/229/.local/share/stm32cube/bundles/gnu-tools-for-stm32/14.3.1+st.2/lib/gcc/arm-none-eabi/14.3.1/include/arm_mve.h **** __attribute__ ((__always_inline__, __gnu_inline__, __artificial__))
 872:/home/min/snap/code/229/.local/share/stm32cube/bundles/gnu-tools-for-stm32/14.3.1+st.2/lib/gcc/arm-none-eabi/14.3.1/include/arm_mve.h **** __arm_vornq_s16 (int16x8_t __a, int16x8_t __b)
ARM GAS  /tmp/cc66eICS.s 			page 29


 873:/home/min/snap/code/229/.local/share/stm32cube/bundles/gnu-tools-for-stm32/14.3.1+st.2/lib/gcc/arm-none-eabi/14.3.1/include/arm_mve.h **** {
 874:/home/min/snap/code/229/.local/share/stm32cube/bundles/gnu-tools-for-stm32/14.3.1+st.2/lib/gcc/arm-none-eabi/14.3.1/include/arm_mve.h ****   return __builtin_mve_vornq_sv8hi (__a, __b);
 875:/home/min/snap/code/229/.local/share/stm32cube/bundles/gnu-tools-for-stm32/14.3.1+st.2/lib/gcc/arm-none-eabi/14.3.1/include/arm_mve.h **** }
 876:/home/min/snap/code/229/.local/share/stm32cube/bundles/gnu-tools-for-stm32/14.3.1+st.2/lib/gcc/arm-none-eabi/14.3.1/include/arm_mve.h **** 
 877:/home/min/snap/code/229/.local/share/stm32cube/bundles/gnu-tools-for-stm32/14.3.1+st.2/lib/gcc/arm-none-eabi/14.3.1/include/arm_mve.h **** __extension__ extern __inline int16x8_t
 878:/home/min/snap/code/229/.local/share/stm32cube/bundles/gnu-tools-for-stm32/14.3.1+st.2/lib/gcc/arm-none-eabi/14.3.1/include/arm_mve.h **** __attribute__ ((__always_inline__, __gnu_inline__, __artificial__))
 879:/home/min/snap/code/229/.local/share/stm32cube/bundles/gnu-tools-for-stm32/14.3.1+st.2/lib/gcc/arm-none-eabi/14.3.1/include/arm_mve.h **** __arm_vbicq_s16 (int16x8_t __a, int16x8_t __b)
 880:/home/min/snap/code/229/.local/share/stm32cube/bundles/gnu-tools-for-stm32/14.3.1+st.2/lib/gcc/arm-none-eabi/14.3.1/include/arm_mve.h **** {
 881:/home/min/snap/code/229/.local/share/stm32cube/bundles/gnu-tools-for-stm32/14.3.1+st.2/lib/gcc/arm-none-eabi/14.3.1/include/arm_mve.h ****   return __builtin_mve_vbicq_sv8hi (__a, __b);
 882:/home/min/snap/code/229/.local/share/stm32cube/bundles/gnu-tools-for-stm32/14.3.1+st.2/lib/gcc/arm-none-eabi/14.3.1/include/arm_mve.h **** }
 883:/home/min/snap/code/229/.local/share/stm32cube/bundles/gnu-tools-for-stm32/14.3.1+st.2/lib/gcc/arm-none-eabi/14.3.1/include/arm_mve.h **** 
 884:/home/min/snap/code/229/.local/share/stm32cube/bundles/gnu-tools-for-stm32/14.3.1+st.2/lib/gcc/arm-none-eabi/14.3.1/include/arm_mve.h **** __extension__ extern __inline uint32x4_t
 885:/home/min/snap/code/229/.local/share/stm32cube/bundles/gnu-tools-for-stm32/14.3.1+st.2/lib/gcc/arm-none-eabi/14.3.1/include/arm_mve.h **** __attribute__ ((__always_inline__, __gnu_inline__, __artificial__))
 886:/home/min/snap/code/229/.local/share/stm32cube/bundles/gnu-tools-for-stm32/14.3.1+st.2/lib/gcc/arm-none-eabi/14.3.1/include/arm_mve.h **** __arm_vornq_u32 (uint32x4_t __a, uint32x4_t __b)
 887:/home/min/snap/code/229/.local/share/stm32cube/bundles/gnu-tools-for-stm32/14.3.1+st.2/lib/gcc/arm-none-eabi/14.3.1/include/arm_mve.h **** {
 888:/home/min/snap/code/229/.local/share/stm32cube/bundles/gnu-tools-for-stm32/14.3.1+st.2/lib/gcc/arm-none-eabi/14.3.1/include/arm_mve.h ****   return __builtin_mve_vornq_uv4si (__a, __b);
 889:/home/min/snap/code/229/.local/share/stm32cube/bundles/gnu-tools-for-stm32/14.3.1+st.2/lib/gcc/arm-none-eabi/14.3.1/include/arm_mve.h **** }
 890:/home/min/snap/code/229/.local/share/stm32cube/bundles/gnu-tools-for-stm32/14.3.1+st.2/lib/gcc/arm-none-eabi/14.3.1/include/arm_mve.h **** 
 891:/home/min/snap/code/229/.local/share/stm32cube/bundles/gnu-tools-for-stm32/14.3.1+st.2/lib/gcc/arm-none-eabi/14.3.1/include/arm_mve.h **** __extension__ extern __inline uint32x4_t
 892:/home/min/snap/code/229/.local/share/stm32cube/bundles/gnu-tools-for-stm32/14.3.1+st.2/lib/gcc/arm-none-eabi/14.3.1/include/arm_mve.h **** __attribute__ ((__always_inline__, __gnu_inline__, __artificial__))
 893:/home/min/snap/code/229/.local/share/stm32cube/bundles/gnu-tools-for-stm32/14.3.1+st.2/lib/gcc/arm-none-eabi/14.3.1/include/arm_mve.h **** __arm_vbicq_u32 (uint32x4_t __a, uint32x4_t __b)
 894:/home/min/snap/code/229/.local/share/stm32cube/bundles/gnu-tools-for-stm32/14.3.1+st.2/lib/gcc/arm-none-eabi/14.3.1/include/arm_mve.h **** {
 895:/home/min/snap/code/229/.local/share/stm32cube/bundles/gnu-tools-for-stm32/14.3.1+st.2/lib/gcc/arm-none-eabi/14.3.1/include/arm_mve.h ****   return __builtin_mve_vbicq_uv4si (__a, __b);
 896:/home/min/snap/code/229/.local/share/stm32cube/bundles/gnu-tools-for-stm32/14.3.1+st.2/lib/gcc/arm-none-eabi/14.3.1/include/arm_mve.h **** }
 897:/home/min/snap/code/229/.local/share/stm32cube/bundles/gnu-tools-for-stm32/14.3.1+st.2/lib/gcc/arm-none-eabi/14.3.1/include/arm_mve.h **** 
 898:/home/min/snap/code/229/.local/share/stm32cube/bundles/gnu-tools-for-stm32/14.3.1+st.2/lib/gcc/arm-none-eabi/14.3.1/include/arm_mve.h **** __extension__ extern __inline int32x4_t
 899:/home/min/snap/code/229/.local/share/stm32cube/bundles/gnu-tools-for-stm32/14.3.1+st.2/lib/gcc/arm-none-eabi/14.3.1/include/arm_mve.h **** __attribute__ ((__always_inline__, __gnu_inline__, __artificial__))
 900:/home/min/snap/code/229/.local/share/stm32cube/bundles/gnu-tools-for-stm32/14.3.1+st.2/lib/gcc/arm-none-eabi/14.3.1/include/arm_mve.h **** __arm_vornq_s32 (int32x4_t __a, int32x4_t __b)
 901:/home/min/snap/code/229/.local/share/stm32cube/bundles/gnu-tools-for-stm32/14.3.1+st.2/lib/gcc/arm-none-eabi/14.3.1/include/arm_mve.h **** {
 902:/home/min/snap/code/229/.local/share/stm32cube/bundles/gnu-tools-for-stm32/14.3.1+st.2/lib/gcc/arm-none-eabi/14.3.1/include/arm_mve.h ****   return __builtin_mve_vornq_sv4si (__a, __b);
 903:/home/min/snap/code/229/.local/share/stm32cube/bundles/gnu-tools-for-stm32/14.3.1+st.2/lib/gcc/arm-none-eabi/14.3.1/include/arm_mve.h **** }
 904:/home/min/snap/code/229/.local/share/stm32cube/bundles/gnu-tools-for-stm32/14.3.1+st.2/lib/gcc/arm-none-eabi/14.3.1/include/arm_mve.h **** 
 905:/home/min/snap/code/229/.local/share/stm32cube/bundles/gnu-tools-for-stm32/14.3.1+st.2/lib/gcc/arm-none-eabi/14.3.1/include/arm_mve.h **** __extension__ extern __inline int32x4_t
 906:/home/min/snap/code/229/.local/share/stm32cube/bundles/gnu-tools-for-stm32/14.3.1+st.2/lib/gcc/arm-none-eabi/14.3.1/include/arm_mve.h **** __attribute__ ((__always_inline__, __gnu_inline__, __artificial__))
 907:/home/min/snap/code/229/.local/share/stm32cube/bundles/gnu-tools-for-stm32/14.3.1+st.2/lib/gcc/arm-none-eabi/14.3.1/include/arm_mve.h **** __arm_vbicq_s32 (int32x4_t __a, int32x4_t __b)
 908:/home/min/snap/code/229/.local/share/stm32cube/bundles/gnu-tools-for-stm32/14.3.1+st.2/lib/gcc/arm-none-eabi/14.3.1/include/arm_mve.h **** {
 909:/home/min/snap/code/229/.local/share/stm32cube/bundles/gnu-tools-for-stm32/14.3.1+st.2/lib/gcc/arm-none-eabi/14.3.1/include/arm_mve.h ****   return __builtin_mve_vbicq_sv4si (__a, __b);
 910:/home/min/snap/code/229/.local/share/stm32cube/bundles/gnu-tools-for-stm32/14.3.1+st.2/lib/gcc/arm-none-eabi/14.3.1/include/arm_mve.h **** }
 911:/home/min/snap/code/229/.local/share/stm32cube/bundles/gnu-tools-for-stm32/14.3.1+st.2/lib/gcc/arm-none-eabi/14.3.1/include/arm_mve.h **** 
 912:/home/min/snap/code/229/.local/share/stm32cube/bundles/gnu-tools-for-stm32/14.3.1+st.2/lib/gcc/arm-none-eabi/14.3.1/include/arm_mve.h **** __extension__ extern __inline uint16x8_t
 913:/home/min/snap/code/229/.local/share/stm32cube/bundles/gnu-tools-for-stm32/14.3.1+st.2/lib/gcc/arm-none-eabi/14.3.1/include/arm_mve.h **** __attribute__ ((__always_inline__, __gnu_inline__, __artificial__))
 914:/home/min/snap/code/229/.local/share/stm32cube/bundles/gnu-tools-for-stm32/14.3.1+st.2/lib/gcc/arm-none-eabi/14.3.1/include/arm_mve.h **** __arm_vbicq_n_u16 (uint16x8_t __a, const int __imm)
 915:/home/min/snap/code/229/.local/share/stm32cube/bundles/gnu-tools-for-stm32/14.3.1+st.2/lib/gcc/arm-none-eabi/14.3.1/include/arm_mve.h **** {
 916:/home/min/snap/code/229/.local/share/stm32cube/bundles/gnu-tools-for-stm32/14.3.1+st.2/lib/gcc/arm-none-eabi/14.3.1/include/arm_mve.h ****   return __builtin_mve_vbicq_n_uv8hi (__a, __imm);
 917:/home/min/snap/code/229/.local/share/stm32cube/bundles/gnu-tools-for-stm32/14.3.1+st.2/lib/gcc/arm-none-eabi/14.3.1/include/arm_mve.h **** }
 918:/home/min/snap/code/229/.local/share/stm32cube/bundles/gnu-tools-for-stm32/14.3.1+st.2/lib/gcc/arm-none-eabi/14.3.1/include/arm_mve.h **** 
 919:/home/min/snap/code/229/.local/share/stm32cube/bundles/gnu-tools-for-stm32/14.3.1+st.2/lib/gcc/arm-none-eabi/14.3.1/include/arm_mve.h **** __extension__ extern __inline int16x8_t
 920:/home/min/snap/code/229/.local/share/stm32cube/bundles/gnu-tools-for-stm32/14.3.1+st.2/lib/gcc/arm-none-eabi/14.3.1/include/arm_mve.h **** __attribute__ ((__always_inline__, __gnu_inline__, __artificial__))
 921:/home/min/snap/code/229/.local/share/stm32cube/bundles/gnu-tools-for-stm32/14.3.1+st.2/lib/gcc/arm-none-eabi/14.3.1/include/arm_mve.h **** __arm_vbicq_n_s16 (int16x8_t __a, const int __imm)
 922:/home/min/snap/code/229/.local/share/stm32cube/bundles/gnu-tools-for-stm32/14.3.1+st.2/lib/gcc/arm-none-eabi/14.3.1/include/arm_mve.h **** {
 923:/home/min/snap/code/229/.local/share/stm32cube/bundles/gnu-tools-for-stm32/14.3.1+st.2/lib/gcc/arm-none-eabi/14.3.1/include/arm_mve.h ****   return __builtin_mve_vbicq_n_sv8hi (__a, __imm);
 924:/home/min/snap/code/229/.local/share/stm32cube/bundles/gnu-tools-for-stm32/14.3.1+st.2/lib/gcc/arm-none-eabi/14.3.1/include/arm_mve.h **** }
 925:/home/min/snap/code/229/.local/share/stm32cube/bundles/gnu-tools-for-stm32/14.3.1+st.2/lib/gcc/arm-none-eabi/14.3.1/include/arm_mve.h **** 
 926:/home/min/snap/code/229/.local/share/stm32cube/bundles/gnu-tools-for-stm32/14.3.1+st.2/lib/gcc/arm-none-eabi/14.3.1/include/arm_mve.h **** __extension__ extern __inline uint32x4_t
 927:/home/min/snap/code/229/.local/share/stm32cube/bundles/gnu-tools-for-stm32/14.3.1+st.2/lib/gcc/arm-none-eabi/14.3.1/include/arm_mve.h **** __attribute__ ((__always_inline__, __gnu_inline__, __artificial__))
 928:/home/min/snap/code/229/.local/share/stm32cube/bundles/gnu-tools-for-stm32/14.3.1+st.2/lib/gcc/arm-none-eabi/14.3.1/include/arm_mve.h **** __arm_vbicq_n_u32 (uint32x4_t __a, const int __imm)
 929:/home/min/snap/code/229/.local/share/stm32cube/bundles/gnu-tools-for-stm32/14.3.1+st.2/lib/gcc/arm-none-eabi/14.3.1/include/arm_mve.h **** {
ARM GAS  /tmp/cc66eICS.s 			page 30


 930:/home/min/snap/code/229/.local/share/stm32cube/bundles/gnu-tools-for-stm32/14.3.1+st.2/lib/gcc/arm-none-eabi/14.3.1/include/arm_mve.h ****   return __builtin_mve_vbicq_n_uv4si (__a, __imm);
 931:/home/min/snap/code/229/.local/share/stm32cube/bundles/gnu-tools-for-stm32/14.3.1+st.2/lib/gcc/arm-none-eabi/14.3.1/include/arm_mve.h **** }
 932:/home/min/snap/code/229/.local/share/stm32cube/bundles/gnu-tools-for-stm32/14.3.1+st.2/lib/gcc/arm-none-eabi/14.3.1/include/arm_mve.h **** 
 933:/home/min/snap/code/229/.local/share/stm32cube/bundles/gnu-tools-for-stm32/14.3.1+st.2/lib/gcc/arm-none-eabi/14.3.1/include/arm_mve.h **** __extension__ extern __inline int32x4_t
 934:/home/min/snap/code/229/.local/share/stm32cube/bundles/gnu-tools-for-stm32/14.3.1+st.2/lib/gcc/arm-none-eabi/14.3.1/include/arm_mve.h **** __attribute__ ((__always_inline__, __gnu_inline__, __artificial__))
 935:/home/min/snap/code/229/.local/share/stm32cube/bundles/gnu-tools-for-stm32/14.3.1+st.2/lib/gcc/arm-none-eabi/14.3.1/include/arm_mve.h **** __arm_vbicq_n_s32 (int32x4_t __a, const int __imm)
 936:/home/min/snap/code/229/.local/share/stm32cube/bundles/gnu-tools-for-stm32/14.3.1+st.2/lib/gcc/arm-none-eabi/14.3.1/include/arm_mve.h **** {
 937:/home/min/snap/code/229/.local/share/stm32cube/bundles/gnu-tools-for-stm32/14.3.1+st.2/lib/gcc/arm-none-eabi/14.3.1/include/arm_mve.h ****   return __builtin_mve_vbicq_n_sv4si (__a, __imm);
 938:/home/min/snap/code/229/.local/share/stm32cube/bundles/gnu-tools-for-stm32/14.3.1+st.2/lib/gcc/arm-none-eabi/14.3.1/include/arm_mve.h **** }
 939:/home/min/snap/code/229/.local/share/stm32cube/bundles/gnu-tools-for-stm32/14.3.1+st.2/lib/gcc/arm-none-eabi/14.3.1/include/arm_mve.h **** 
 940:/home/min/snap/code/229/.local/share/stm32cube/bundles/gnu-tools-for-stm32/14.3.1+st.2/lib/gcc/arm-none-eabi/14.3.1/include/arm_mve.h **** __extension__ extern __inline mve_pred16_t
 941:/home/min/snap/code/229/.local/share/stm32cube/bundles/gnu-tools-for-stm32/14.3.1+st.2/lib/gcc/arm-none-eabi/14.3.1/include/arm_mve.h **** __attribute__ ((__always_inline__, __gnu_inline__, __artificial__))
 942:/home/min/snap/code/229/.local/share/stm32cube/bundles/gnu-tools-for-stm32/14.3.1+st.2/lib/gcc/arm-none-eabi/14.3.1/include/arm_mve.h **** __arm_vctp8q_m (uint32_t __a, mve_pred16_t __p)
 943:/home/min/snap/code/229/.local/share/stm32cube/bundles/gnu-tools-for-stm32/14.3.1+st.2/lib/gcc/arm-none-eabi/14.3.1/include/arm_mve.h **** {
 944:/home/min/snap/code/229/.local/share/stm32cube/bundles/gnu-tools-for-stm32/14.3.1+st.2/lib/gcc/arm-none-eabi/14.3.1/include/arm_mve.h ****   return __builtin_mve_vctp8q_mv16bi (__a, __p);
 945:/home/min/snap/code/229/.local/share/stm32cube/bundles/gnu-tools-for-stm32/14.3.1+st.2/lib/gcc/arm-none-eabi/14.3.1/include/arm_mve.h **** }
 946:/home/min/snap/code/229/.local/share/stm32cube/bundles/gnu-tools-for-stm32/14.3.1+st.2/lib/gcc/arm-none-eabi/14.3.1/include/arm_mve.h **** 
 947:/home/min/snap/code/229/.local/share/stm32cube/bundles/gnu-tools-for-stm32/14.3.1+st.2/lib/gcc/arm-none-eabi/14.3.1/include/arm_mve.h **** __extension__ extern __inline mve_pred16_t
 948:/home/min/snap/code/229/.local/share/stm32cube/bundles/gnu-tools-for-stm32/14.3.1+st.2/lib/gcc/arm-none-eabi/14.3.1/include/arm_mve.h **** __attribute__ ((__always_inline__, __gnu_inline__, __artificial__))
 949:/home/min/snap/code/229/.local/share/stm32cube/bundles/gnu-tools-for-stm32/14.3.1+st.2/lib/gcc/arm-none-eabi/14.3.1/include/arm_mve.h **** __arm_vctp64q_m (uint32_t __a, mve_pred16_t __p)
 950:/home/min/snap/code/229/.local/share/stm32cube/bundles/gnu-tools-for-stm32/14.3.1+st.2/lib/gcc/arm-none-eabi/14.3.1/include/arm_mve.h **** {
 951:/home/min/snap/code/229/.local/share/stm32cube/bundles/gnu-tools-for-stm32/14.3.1+st.2/lib/gcc/arm-none-eabi/14.3.1/include/arm_mve.h ****   return __builtin_mve_vctp64q_mv2qi (__a, __p);
 952:/home/min/snap/code/229/.local/share/stm32cube/bundles/gnu-tools-for-stm32/14.3.1+st.2/lib/gcc/arm-none-eabi/14.3.1/include/arm_mve.h **** }
 953:/home/min/snap/code/229/.local/share/stm32cube/bundles/gnu-tools-for-stm32/14.3.1+st.2/lib/gcc/arm-none-eabi/14.3.1/include/arm_mve.h **** 
 954:/home/min/snap/code/229/.local/share/stm32cube/bundles/gnu-tools-for-stm32/14.3.1+st.2/lib/gcc/arm-none-eabi/14.3.1/include/arm_mve.h **** __extension__ extern __inline mve_pred16_t
 955:/home/min/snap/code/229/.local/share/stm32cube/bundles/gnu-tools-for-stm32/14.3.1+st.2/lib/gcc/arm-none-eabi/14.3.1/include/arm_mve.h **** __attribute__ ((__always_inline__, __gnu_inline__, __artificial__))
 956:/home/min/snap/code/229/.local/share/stm32cube/bundles/gnu-tools-for-stm32/14.3.1+st.2/lib/gcc/arm-none-eabi/14.3.1/include/arm_mve.h **** __arm_vctp32q_m (uint32_t __a, mve_pred16_t __p)
 957:/home/min/snap/code/229/.local/share/stm32cube/bundles/gnu-tools-for-stm32/14.3.1+st.2/lib/gcc/arm-none-eabi/14.3.1/include/arm_mve.h **** {
 958:/home/min/snap/code/229/.local/share/stm32cube/bundles/gnu-tools-for-stm32/14.3.1+st.2/lib/gcc/arm-none-eabi/14.3.1/include/arm_mve.h ****   return __builtin_mve_vctp32q_mv4bi (__a, __p);
 959:/home/min/snap/code/229/.local/share/stm32cube/bundles/gnu-tools-for-stm32/14.3.1+st.2/lib/gcc/arm-none-eabi/14.3.1/include/arm_mve.h **** }
 960:/home/min/snap/code/229/.local/share/stm32cube/bundles/gnu-tools-for-stm32/14.3.1+st.2/lib/gcc/arm-none-eabi/14.3.1/include/arm_mve.h **** 
 961:/home/min/snap/code/229/.local/share/stm32cube/bundles/gnu-tools-for-stm32/14.3.1+st.2/lib/gcc/arm-none-eabi/14.3.1/include/arm_mve.h **** __extension__ extern __inline mve_pred16_t
 962:/home/min/snap/code/229/.local/share/stm32cube/bundles/gnu-tools-for-stm32/14.3.1+st.2/lib/gcc/arm-none-eabi/14.3.1/include/arm_mve.h **** __attribute__ ((__always_inline__, __gnu_inline__, __artificial__))
 963:/home/min/snap/code/229/.local/share/stm32cube/bundles/gnu-tools-for-stm32/14.3.1+st.2/lib/gcc/arm-none-eabi/14.3.1/include/arm_mve.h **** __arm_vctp16q_m (uint32_t __a, mve_pred16_t __p)
 964:/home/min/snap/code/229/.local/share/stm32cube/bundles/gnu-tools-for-stm32/14.3.1+st.2/lib/gcc/arm-none-eabi/14.3.1/include/arm_mve.h **** {
 965:/home/min/snap/code/229/.local/share/stm32cube/bundles/gnu-tools-for-stm32/14.3.1+st.2/lib/gcc/arm-none-eabi/14.3.1/include/arm_mve.h ****   return __builtin_mve_vctp16q_mv8bi (__a, __p);
 966:/home/min/snap/code/229/.local/share/stm32cube/bundles/gnu-tools-for-stm32/14.3.1+st.2/lib/gcc/arm-none-eabi/14.3.1/include/arm_mve.h **** }
 967:/home/min/snap/code/229/.local/share/stm32cube/bundles/gnu-tools-for-stm32/14.3.1+st.2/lib/gcc/arm-none-eabi/14.3.1/include/arm_mve.h **** 
 968:/home/min/snap/code/229/.local/share/stm32cube/bundles/gnu-tools-for-stm32/14.3.1+st.2/lib/gcc/arm-none-eabi/14.3.1/include/arm_mve.h **** __extension__ extern __inline int16x8_t
 969:/home/min/snap/code/229/.local/share/stm32cube/bundles/gnu-tools-for-stm32/14.3.1+st.2/lib/gcc/arm-none-eabi/14.3.1/include/arm_mve.h **** __attribute__ ((__always_inline__, __gnu_inline__, __artificial__))
 970:/home/min/snap/code/229/.local/share/stm32cube/bundles/gnu-tools-for-stm32/14.3.1+st.2/lib/gcc/arm-none-eabi/14.3.1/include/arm_mve.h **** __arm_vbicq_m_n_s16 (int16x8_t __a, const int __imm, mve_pred16_t __p)
 971:/home/min/snap/code/229/.local/share/stm32cube/bundles/gnu-tools-for-stm32/14.3.1+st.2/lib/gcc/arm-none-eabi/14.3.1/include/arm_mve.h **** {
 972:/home/min/snap/code/229/.local/share/stm32cube/bundles/gnu-tools-for-stm32/14.3.1+st.2/lib/gcc/arm-none-eabi/14.3.1/include/arm_mve.h ****   return __builtin_mve_vbicq_m_n_sv8hi (__a, __imm, __p);
 973:/home/min/snap/code/229/.local/share/stm32cube/bundles/gnu-tools-for-stm32/14.3.1+st.2/lib/gcc/arm-none-eabi/14.3.1/include/arm_mve.h **** }
 974:/home/min/snap/code/229/.local/share/stm32cube/bundles/gnu-tools-for-stm32/14.3.1+st.2/lib/gcc/arm-none-eabi/14.3.1/include/arm_mve.h **** 
 975:/home/min/snap/code/229/.local/share/stm32cube/bundles/gnu-tools-for-stm32/14.3.1+st.2/lib/gcc/arm-none-eabi/14.3.1/include/arm_mve.h **** __extension__ extern __inline int32x4_t
 976:/home/min/snap/code/229/.local/share/stm32cube/bundles/gnu-tools-for-stm32/14.3.1+st.2/lib/gcc/arm-none-eabi/14.3.1/include/arm_mve.h **** __attribute__ ((__always_inline__, __gnu_inline__, __artificial__))
 977:/home/min/snap/code/229/.local/share/stm32cube/bundles/gnu-tools-for-stm32/14.3.1+st.2/lib/gcc/arm-none-eabi/14.3.1/include/arm_mve.h **** __arm_vbicq_m_n_s32 (int32x4_t __a, const int __imm, mve_pred16_t __p)
 978:/home/min/snap/code/229/.local/share/stm32cube/bundles/gnu-tools-for-stm32/14.3.1+st.2/lib/gcc/arm-none-eabi/14.3.1/include/arm_mve.h **** {
 979:/home/min/snap/code/229/.local/share/stm32cube/bundles/gnu-tools-for-stm32/14.3.1+st.2/lib/gcc/arm-none-eabi/14.3.1/include/arm_mve.h ****   return __builtin_mve_vbicq_m_n_sv4si (__a, __imm, __p);
 980:/home/min/snap/code/229/.local/share/stm32cube/bundles/gnu-tools-for-stm32/14.3.1+st.2/lib/gcc/arm-none-eabi/14.3.1/include/arm_mve.h **** }
 981:/home/min/snap/code/229/.local/share/stm32cube/bundles/gnu-tools-for-stm32/14.3.1+st.2/lib/gcc/arm-none-eabi/14.3.1/include/arm_mve.h **** 
 982:/home/min/snap/code/229/.local/share/stm32cube/bundles/gnu-tools-for-stm32/14.3.1+st.2/lib/gcc/arm-none-eabi/14.3.1/include/arm_mve.h **** __extension__ extern __inline uint16x8_t
 983:/home/min/snap/code/229/.local/share/stm32cube/bundles/gnu-tools-for-stm32/14.3.1+st.2/lib/gcc/arm-none-eabi/14.3.1/include/arm_mve.h **** __attribute__ ((__always_inline__, __gnu_inline__, __artificial__))
 984:/home/min/snap/code/229/.local/share/stm32cube/bundles/gnu-tools-for-stm32/14.3.1+st.2/lib/gcc/arm-none-eabi/14.3.1/include/arm_mve.h **** __arm_vbicq_m_n_u16 (uint16x8_t __a, const int __imm, mve_pred16_t __p)
 985:/home/min/snap/code/229/.local/share/stm32cube/bundles/gnu-tools-for-stm32/14.3.1+st.2/lib/gcc/arm-none-eabi/14.3.1/include/arm_mve.h **** {
 986:/home/min/snap/code/229/.local/share/stm32cube/bundles/gnu-tools-for-stm32/14.3.1+st.2/lib/gcc/arm-none-eabi/14.3.1/include/arm_mve.h ****   return __builtin_mve_vbicq_m_n_uv8hi (__a, __imm, __p);
ARM GAS  /tmp/cc66eICS.s 			page 31


 987:/home/min/snap/code/229/.local/share/stm32cube/bundles/gnu-tools-for-stm32/14.3.1+st.2/lib/gcc/arm-none-eabi/14.3.1/include/arm_mve.h **** }
 988:/home/min/snap/code/229/.local/share/stm32cube/bundles/gnu-tools-for-stm32/14.3.1+st.2/lib/gcc/arm-none-eabi/14.3.1/include/arm_mve.h **** 
 989:/home/min/snap/code/229/.local/share/stm32cube/bundles/gnu-tools-for-stm32/14.3.1+st.2/lib/gcc/arm-none-eabi/14.3.1/include/arm_mve.h **** __extension__ extern __inline uint32x4_t
 990:/home/min/snap/code/229/.local/share/stm32cube/bundles/gnu-tools-for-stm32/14.3.1+st.2/lib/gcc/arm-none-eabi/14.3.1/include/arm_mve.h **** __attribute__ ((__always_inline__, __gnu_inline__, __artificial__))
 991:/home/min/snap/code/229/.local/share/stm32cube/bundles/gnu-tools-for-stm32/14.3.1+st.2/lib/gcc/arm-none-eabi/14.3.1/include/arm_mve.h **** __arm_vbicq_m_n_u32 (uint32x4_t __a, const int __imm, mve_pred16_t __p)
 992:/home/min/snap/code/229/.local/share/stm32cube/bundles/gnu-tools-for-stm32/14.3.1+st.2/lib/gcc/arm-none-eabi/14.3.1/include/arm_mve.h **** {
 993:/home/min/snap/code/229/.local/share/stm32cube/bundles/gnu-tools-for-stm32/14.3.1+st.2/lib/gcc/arm-none-eabi/14.3.1/include/arm_mve.h ****   return __builtin_mve_vbicq_m_n_uv4si (__a, __imm, __p);
 994:/home/min/snap/code/229/.local/share/stm32cube/bundles/gnu-tools-for-stm32/14.3.1+st.2/lib/gcc/arm-none-eabi/14.3.1/include/arm_mve.h **** }
 995:/home/min/snap/code/229/.local/share/stm32cube/bundles/gnu-tools-for-stm32/14.3.1+st.2/lib/gcc/arm-none-eabi/14.3.1/include/arm_mve.h **** 
 996:/home/min/snap/code/229/.local/share/stm32cube/bundles/gnu-tools-for-stm32/14.3.1+st.2/lib/gcc/arm-none-eabi/14.3.1/include/arm_mve.h **** __extension__ extern __inline int8x16_t
 997:/home/min/snap/code/229/.local/share/stm32cube/bundles/gnu-tools-for-stm32/14.3.1+st.2/lib/gcc/arm-none-eabi/14.3.1/include/arm_mve.h **** __attribute__ ((__always_inline__, __gnu_inline__, __artificial__))
 998:/home/min/snap/code/229/.local/share/stm32cube/bundles/gnu-tools-for-stm32/14.3.1+st.2/lib/gcc/arm-none-eabi/14.3.1/include/arm_mve.h **** __arm_vshlcq_s8 (int8x16_t __a, uint32_t * __b, const int __imm)
 999:/home/min/snap/code/229/.local/share/stm32cube/bundles/gnu-tools-for-stm32/14.3.1+st.2/lib/gcc/arm-none-eabi/14.3.1/include/arm_mve.h **** {
1000:/home/min/snap/code/229/.local/share/stm32cube/bundles/gnu-tools-for-stm32/14.3.1+st.2/lib/gcc/arm-none-eabi/14.3.1/include/arm_mve.h ****   int8x16_t __res = __builtin_mve_vshlcq_vec_sv16qi (__a, *__b, __imm);
1001:/home/min/snap/code/229/.local/share/stm32cube/bundles/gnu-tools-for-stm32/14.3.1+st.2/lib/gcc/arm-none-eabi/14.3.1/include/arm_mve.h ****   *__b = __builtin_mve_vshlcq_carry_sv16qi (__a, *__b, __imm);
1002:/home/min/snap/code/229/.local/share/stm32cube/bundles/gnu-tools-for-stm32/14.3.1+st.2/lib/gcc/arm-none-eabi/14.3.1/include/arm_mve.h ****   return __res;
1003:/home/min/snap/code/229/.local/share/stm32cube/bundles/gnu-tools-for-stm32/14.3.1+st.2/lib/gcc/arm-none-eabi/14.3.1/include/arm_mve.h **** }
1004:/home/min/snap/code/229/.local/share/stm32cube/bundles/gnu-tools-for-stm32/14.3.1+st.2/lib/gcc/arm-none-eabi/14.3.1/include/arm_mve.h **** 
1005:/home/min/snap/code/229/.local/share/stm32cube/bundles/gnu-tools-for-stm32/14.3.1+st.2/lib/gcc/arm-none-eabi/14.3.1/include/arm_mve.h **** __extension__ extern __inline uint8x16_t
1006:/home/min/snap/code/229/.local/share/stm32cube/bundles/gnu-tools-for-stm32/14.3.1+st.2/lib/gcc/arm-none-eabi/14.3.1/include/arm_mve.h **** __attribute__ ((__always_inline__, __gnu_inline__, __artificial__))
1007:/home/min/snap/code/229/.local/share/stm32cube/bundles/gnu-tools-for-stm32/14.3.1+st.2/lib/gcc/arm-none-eabi/14.3.1/include/arm_mve.h **** __arm_vshlcq_u8 (uint8x16_t __a, uint32_t * __b, const int __imm)
1008:/home/min/snap/code/229/.local/share/stm32cube/bundles/gnu-tools-for-stm32/14.3.1+st.2/lib/gcc/arm-none-eabi/14.3.1/include/arm_mve.h **** {
1009:/home/min/snap/code/229/.local/share/stm32cube/bundles/gnu-tools-for-stm32/14.3.1+st.2/lib/gcc/arm-none-eabi/14.3.1/include/arm_mve.h ****   uint8x16_t __res = __builtin_mve_vshlcq_vec_uv16qi (__a, *__b, __imm);
1010:/home/min/snap/code/229/.local/share/stm32cube/bundles/gnu-tools-for-stm32/14.3.1+st.2/lib/gcc/arm-none-eabi/14.3.1/include/arm_mve.h ****   *__b = __builtin_mve_vshlcq_carry_uv16qi (__a, *__b, __imm);
1011:/home/min/snap/code/229/.local/share/stm32cube/bundles/gnu-tools-for-stm32/14.3.1+st.2/lib/gcc/arm-none-eabi/14.3.1/include/arm_mve.h ****   return __res;
1012:/home/min/snap/code/229/.local/share/stm32cube/bundles/gnu-tools-for-stm32/14.3.1+st.2/lib/gcc/arm-none-eabi/14.3.1/include/arm_mve.h **** }
1013:/home/min/snap/code/229/.local/share/stm32cube/bundles/gnu-tools-for-stm32/14.3.1+st.2/lib/gcc/arm-none-eabi/14.3.1/include/arm_mve.h **** 
1014:/home/min/snap/code/229/.local/share/stm32cube/bundles/gnu-tools-for-stm32/14.3.1+st.2/lib/gcc/arm-none-eabi/14.3.1/include/arm_mve.h **** __extension__ extern __inline int16x8_t
1015:/home/min/snap/code/229/.local/share/stm32cube/bundles/gnu-tools-for-stm32/14.3.1+st.2/lib/gcc/arm-none-eabi/14.3.1/include/arm_mve.h **** __attribute__ ((__always_inline__, __gnu_inline__, __artificial__))
1016:/home/min/snap/code/229/.local/share/stm32cube/bundles/gnu-tools-for-stm32/14.3.1+st.2/lib/gcc/arm-none-eabi/14.3.1/include/arm_mve.h **** __arm_vshlcq_s16 (int16x8_t __a, uint32_t * __b, const int __imm)
1017:/home/min/snap/code/229/.local/share/stm32cube/bundles/gnu-tools-for-stm32/14.3.1+st.2/lib/gcc/arm-none-eabi/14.3.1/include/arm_mve.h **** {
1018:/home/min/snap/code/229/.local/share/stm32cube/bundles/gnu-tools-for-stm32/14.3.1+st.2/lib/gcc/arm-none-eabi/14.3.1/include/arm_mve.h ****   int16x8_t __res = __builtin_mve_vshlcq_vec_sv8hi (__a, *__b, __imm);
1019:/home/min/snap/code/229/.local/share/stm32cube/bundles/gnu-tools-for-stm32/14.3.1+st.2/lib/gcc/arm-none-eabi/14.3.1/include/arm_mve.h ****   *__b = __builtin_mve_vshlcq_carry_sv8hi (__a, *__b, __imm);
1020:/home/min/snap/code/229/.local/share/stm32cube/bundles/gnu-tools-for-stm32/14.3.1+st.2/lib/gcc/arm-none-eabi/14.3.1/include/arm_mve.h ****   return __res;
1021:/home/min/snap/code/229/.local/share/stm32cube/bundles/gnu-tools-for-stm32/14.3.1+st.2/lib/gcc/arm-none-eabi/14.3.1/include/arm_mve.h **** }
1022:/home/min/snap/code/229/.local/share/stm32cube/bundles/gnu-tools-for-stm32/14.3.1+st.2/lib/gcc/arm-none-eabi/14.3.1/include/arm_mve.h **** 
1023:/home/min/snap/code/229/.local/share/stm32cube/bundles/gnu-tools-for-stm32/14.3.1+st.2/lib/gcc/arm-none-eabi/14.3.1/include/arm_mve.h **** __extension__ extern __inline uint16x8_t
1024:/home/min/snap/code/229/.local/share/stm32cube/bundles/gnu-tools-for-stm32/14.3.1+st.2/lib/gcc/arm-none-eabi/14.3.1/include/arm_mve.h **** __attribute__ ((__always_inline__, __gnu_inline__, __artificial__))
1025:/home/min/snap/code/229/.local/share/stm32cube/bundles/gnu-tools-for-stm32/14.3.1+st.2/lib/gcc/arm-none-eabi/14.3.1/include/arm_mve.h **** __arm_vshlcq_u16 (uint16x8_t __a, uint32_t * __b, const int __imm)
1026:/home/min/snap/code/229/.local/share/stm32cube/bundles/gnu-tools-for-stm32/14.3.1+st.2/lib/gcc/arm-none-eabi/14.3.1/include/arm_mve.h **** {
1027:/home/min/snap/code/229/.local/share/stm32cube/bundles/gnu-tools-for-stm32/14.3.1+st.2/lib/gcc/arm-none-eabi/14.3.1/include/arm_mve.h ****   uint16x8_t __res = __builtin_mve_vshlcq_vec_uv8hi (__a, *__b, __imm);
1028:/home/min/snap/code/229/.local/share/stm32cube/bundles/gnu-tools-for-stm32/14.3.1+st.2/lib/gcc/arm-none-eabi/14.3.1/include/arm_mve.h ****   *__b = __builtin_mve_vshlcq_carry_uv8hi (__a, *__b, __imm);
1029:/home/min/snap/code/229/.local/share/stm32cube/bundles/gnu-tools-for-stm32/14.3.1+st.2/lib/gcc/arm-none-eabi/14.3.1/include/arm_mve.h ****   return __res;
1030:/home/min/snap/code/229/.local/share/stm32cube/bundles/gnu-tools-for-stm32/14.3.1+st.2/lib/gcc/arm-none-eabi/14.3.1/include/arm_mve.h **** }
1031:/home/min/snap/code/229/.local/share/stm32cube/bundles/gnu-tools-for-stm32/14.3.1+st.2/lib/gcc/arm-none-eabi/14.3.1/include/arm_mve.h **** 
1032:/home/min/snap/code/229/.local/share/stm32cube/bundles/gnu-tools-for-stm32/14.3.1+st.2/lib/gcc/arm-none-eabi/14.3.1/include/arm_mve.h **** __extension__ extern __inline int32x4_t
1033:/home/min/snap/code/229/.local/share/stm32cube/bundles/gnu-tools-for-stm32/14.3.1+st.2/lib/gcc/arm-none-eabi/14.3.1/include/arm_mve.h **** __attribute__ ((__always_inline__, __gnu_inline__, __artificial__))
1034:/home/min/snap/code/229/.local/share/stm32cube/bundles/gnu-tools-for-stm32/14.3.1+st.2/lib/gcc/arm-none-eabi/14.3.1/include/arm_mve.h **** __arm_vshlcq_s32 (int32x4_t __a, uint32_t * __b, const int __imm)
1035:/home/min/snap/code/229/.local/share/stm32cube/bundles/gnu-tools-for-stm32/14.3.1+st.2/lib/gcc/arm-none-eabi/14.3.1/include/arm_mve.h **** {
1036:/home/min/snap/code/229/.local/share/stm32cube/bundles/gnu-tools-for-stm32/14.3.1+st.2/lib/gcc/arm-none-eabi/14.3.1/include/arm_mve.h ****   int32x4_t __res = __builtin_mve_vshlcq_vec_sv4si (__a, *__b, __imm);
1037:/home/min/snap/code/229/.local/share/stm32cube/bundles/gnu-tools-for-stm32/14.3.1+st.2/lib/gcc/arm-none-eabi/14.3.1/include/arm_mve.h ****   *__b = __builtin_mve_vshlcq_carry_sv4si (__a, *__b, __imm);
1038:/home/min/snap/code/229/.local/share/stm32cube/bundles/gnu-tools-for-stm32/14.3.1+st.2/lib/gcc/arm-none-eabi/14.3.1/include/arm_mve.h ****   return __res;
1039:/home/min/snap/code/229/.local/share/stm32cube/bundles/gnu-tools-for-stm32/14.3.1+st.2/lib/gcc/arm-none-eabi/14.3.1/include/arm_mve.h **** }
1040:/home/min/snap/code/229/.local/share/stm32cube/bundles/gnu-tools-for-stm32/14.3.1+st.2/lib/gcc/arm-none-eabi/14.3.1/include/arm_mve.h **** 
1041:/home/min/snap/code/229/.local/share/stm32cube/bundles/gnu-tools-for-stm32/14.3.1+st.2/lib/gcc/arm-none-eabi/14.3.1/include/arm_mve.h **** __extension__ extern __inline uint32x4_t
1042:/home/min/snap/code/229/.local/share/stm32cube/bundles/gnu-tools-for-stm32/14.3.1+st.2/lib/gcc/arm-none-eabi/14.3.1/include/arm_mve.h **** __attribute__ ((__always_inline__, __gnu_inline__, __artificial__))
1043:/home/min/snap/code/229/.local/share/stm32cube/bundles/gnu-tools-for-stm32/14.3.1+st.2/lib/gcc/arm-none-eabi/14.3.1/include/arm_mve.h **** __arm_vshlcq_u32 (uint32x4_t __a, uint32_t * __b, const int __imm)
ARM GAS  /tmp/cc66eICS.s 			page 32


1044:/home/min/snap/code/229/.local/share/stm32cube/bundles/gnu-tools-for-stm32/14.3.1+st.2/lib/gcc/arm-none-eabi/14.3.1/include/arm_mve.h **** {
1045:/home/min/snap/code/229/.local/share/stm32cube/bundles/gnu-tools-for-stm32/14.3.1+st.2/lib/gcc/arm-none-eabi/14.3.1/include/arm_mve.h ****   uint32x4_t __res = __builtin_mve_vshlcq_vec_uv4si (__a, *__b, __imm);
1046:/home/min/snap/code/229/.local/share/stm32cube/bundles/gnu-tools-for-stm32/14.3.1+st.2/lib/gcc/arm-none-eabi/14.3.1/include/arm_mve.h ****   *__b = __builtin_mve_vshlcq_carry_uv4si (__a, *__b, __imm);
1047:/home/min/snap/code/229/.local/share/stm32cube/bundles/gnu-tools-for-stm32/14.3.1+st.2/lib/gcc/arm-none-eabi/14.3.1/include/arm_mve.h ****   return __res;
1048:/home/min/snap/code/229/.local/share/stm32cube/bundles/gnu-tools-for-stm32/14.3.1+st.2/lib/gcc/arm-none-eabi/14.3.1/include/arm_mve.h **** }
1049:/home/min/snap/code/229/.local/share/stm32cube/bundles/gnu-tools-for-stm32/14.3.1+st.2/lib/gcc/arm-none-eabi/14.3.1/include/arm_mve.h **** 
1050:/home/min/snap/code/229/.local/share/stm32cube/bundles/gnu-tools-for-stm32/14.3.1+st.2/lib/gcc/arm-none-eabi/14.3.1/include/arm_mve.h **** __extension__ extern __inline int8x16_t
1051:/home/min/snap/code/229/.local/share/stm32cube/bundles/gnu-tools-for-stm32/14.3.1+st.2/lib/gcc/arm-none-eabi/14.3.1/include/arm_mve.h **** __attribute__ ((__always_inline__, __gnu_inline__, __artificial__))
1052:/home/min/snap/code/229/.local/share/stm32cube/bundles/gnu-tools-for-stm32/14.3.1+st.2/lib/gcc/arm-none-eabi/14.3.1/include/arm_mve.h **** __arm_vbicq_m_s8 (int8x16_t __inactive, int8x16_t __a, int8x16_t __b, mve_pred16_t __p)
1053:/home/min/snap/code/229/.local/share/stm32cube/bundles/gnu-tools-for-stm32/14.3.1+st.2/lib/gcc/arm-none-eabi/14.3.1/include/arm_mve.h **** {
1054:/home/min/snap/code/229/.local/share/stm32cube/bundles/gnu-tools-for-stm32/14.3.1+st.2/lib/gcc/arm-none-eabi/14.3.1/include/arm_mve.h ****   return __builtin_mve_vbicq_m_sv16qi (__inactive, __a, __b, __p);
1055:/home/min/snap/code/229/.local/share/stm32cube/bundles/gnu-tools-for-stm32/14.3.1+st.2/lib/gcc/arm-none-eabi/14.3.1/include/arm_mve.h **** }
1056:/home/min/snap/code/229/.local/share/stm32cube/bundles/gnu-tools-for-stm32/14.3.1+st.2/lib/gcc/arm-none-eabi/14.3.1/include/arm_mve.h **** 
1057:/home/min/snap/code/229/.local/share/stm32cube/bundles/gnu-tools-for-stm32/14.3.1+st.2/lib/gcc/arm-none-eabi/14.3.1/include/arm_mve.h **** __extension__ extern __inline int32x4_t
1058:/home/min/snap/code/229/.local/share/stm32cube/bundles/gnu-tools-for-stm32/14.3.1+st.2/lib/gcc/arm-none-eabi/14.3.1/include/arm_mve.h **** __attribute__ ((__always_inline__, __gnu_inline__, __artificial__))
1059:/home/min/snap/code/229/.local/share/stm32cube/bundles/gnu-tools-for-stm32/14.3.1+st.2/lib/gcc/arm-none-eabi/14.3.1/include/arm_mve.h **** __arm_vbicq_m_s32 (int32x4_t __inactive, int32x4_t __a, int32x4_t __b, mve_pred16_t __p)
1060:/home/min/snap/code/229/.local/share/stm32cube/bundles/gnu-tools-for-stm32/14.3.1+st.2/lib/gcc/arm-none-eabi/14.3.1/include/arm_mve.h **** {
1061:/home/min/snap/code/229/.local/share/stm32cube/bundles/gnu-tools-for-stm32/14.3.1+st.2/lib/gcc/arm-none-eabi/14.3.1/include/arm_mve.h ****   return __builtin_mve_vbicq_m_sv4si (__inactive, __a, __b, __p);
1062:/home/min/snap/code/229/.local/share/stm32cube/bundles/gnu-tools-for-stm32/14.3.1+st.2/lib/gcc/arm-none-eabi/14.3.1/include/arm_mve.h **** }
1063:/home/min/snap/code/229/.local/share/stm32cube/bundles/gnu-tools-for-stm32/14.3.1+st.2/lib/gcc/arm-none-eabi/14.3.1/include/arm_mve.h **** 
1064:/home/min/snap/code/229/.local/share/stm32cube/bundles/gnu-tools-for-stm32/14.3.1+st.2/lib/gcc/arm-none-eabi/14.3.1/include/arm_mve.h **** __extension__ extern __inline int16x8_t
1065:/home/min/snap/code/229/.local/share/stm32cube/bundles/gnu-tools-for-stm32/14.3.1+st.2/lib/gcc/arm-none-eabi/14.3.1/include/arm_mve.h **** __attribute__ ((__always_inline__, __gnu_inline__, __artificial__))
1066:/home/min/snap/code/229/.local/share/stm32cube/bundles/gnu-tools-for-stm32/14.3.1+st.2/lib/gcc/arm-none-eabi/14.3.1/include/arm_mve.h **** __arm_vbicq_m_s16 (int16x8_t __inactive, int16x8_t __a, int16x8_t __b, mve_pred16_t __p)
1067:/home/min/snap/code/229/.local/share/stm32cube/bundles/gnu-tools-for-stm32/14.3.1+st.2/lib/gcc/arm-none-eabi/14.3.1/include/arm_mve.h **** {
1068:/home/min/snap/code/229/.local/share/stm32cube/bundles/gnu-tools-for-stm32/14.3.1+st.2/lib/gcc/arm-none-eabi/14.3.1/include/arm_mve.h ****   return __builtin_mve_vbicq_m_sv8hi (__inactive, __a, __b, __p);
1069:/home/min/snap/code/229/.local/share/stm32cube/bundles/gnu-tools-for-stm32/14.3.1+st.2/lib/gcc/arm-none-eabi/14.3.1/include/arm_mve.h **** }
1070:/home/min/snap/code/229/.local/share/stm32cube/bundles/gnu-tools-for-stm32/14.3.1+st.2/lib/gcc/arm-none-eabi/14.3.1/include/arm_mve.h **** 
1071:/home/min/snap/code/229/.local/share/stm32cube/bundles/gnu-tools-for-stm32/14.3.1+st.2/lib/gcc/arm-none-eabi/14.3.1/include/arm_mve.h **** __extension__ extern __inline uint8x16_t
1072:/home/min/snap/code/229/.local/share/stm32cube/bundles/gnu-tools-for-stm32/14.3.1+st.2/lib/gcc/arm-none-eabi/14.3.1/include/arm_mve.h **** __attribute__ ((__always_inline__, __gnu_inline__, __artificial__))
1073:/home/min/snap/code/229/.local/share/stm32cube/bundles/gnu-tools-for-stm32/14.3.1+st.2/lib/gcc/arm-none-eabi/14.3.1/include/arm_mve.h **** __arm_vbicq_m_u8 (uint8x16_t __inactive, uint8x16_t __a, uint8x16_t __b, mve_pred16_t __p)
1074:/home/min/snap/code/229/.local/share/stm32cube/bundles/gnu-tools-for-stm32/14.3.1+st.2/lib/gcc/arm-none-eabi/14.3.1/include/arm_mve.h **** {
1075:/home/min/snap/code/229/.local/share/stm32cube/bundles/gnu-tools-for-stm32/14.3.1+st.2/lib/gcc/arm-none-eabi/14.3.1/include/arm_mve.h ****   return __builtin_mve_vbicq_m_uv16qi (__inactive, __a, __b, __p);
1076:/home/min/snap/code/229/.local/share/stm32cube/bundles/gnu-tools-for-stm32/14.3.1+st.2/lib/gcc/arm-none-eabi/14.3.1/include/arm_mve.h **** }
1077:/home/min/snap/code/229/.local/share/stm32cube/bundles/gnu-tools-for-stm32/14.3.1+st.2/lib/gcc/arm-none-eabi/14.3.1/include/arm_mve.h **** 
1078:/home/min/snap/code/229/.local/share/stm32cube/bundles/gnu-tools-for-stm32/14.3.1+st.2/lib/gcc/arm-none-eabi/14.3.1/include/arm_mve.h **** __extension__ extern __inline uint32x4_t
1079:/home/min/snap/code/229/.local/share/stm32cube/bundles/gnu-tools-for-stm32/14.3.1+st.2/lib/gcc/arm-none-eabi/14.3.1/include/arm_mve.h **** __attribute__ ((__always_inline__, __gnu_inline__, __artificial__))
1080:/home/min/snap/code/229/.local/share/stm32cube/bundles/gnu-tools-for-stm32/14.3.1+st.2/lib/gcc/arm-none-eabi/14.3.1/include/arm_mve.h **** __arm_vbicq_m_u32 (uint32x4_t __inactive, uint32x4_t __a, uint32x4_t __b, mve_pred16_t __p)
1081:/home/min/snap/code/229/.local/share/stm32cube/bundles/gnu-tools-for-stm32/14.3.1+st.2/lib/gcc/arm-none-eabi/14.3.1/include/arm_mve.h **** {
1082:/home/min/snap/code/229/.local/share/stm32cube/bundles/gnu-tools-for-stm32/14.3.1+st.2/lib/gcc/arm-none-eabi/14.3.1/include/arm_mve.h ****   return __builtin_mve_vbicq_m_uv4si (__inactive, __a, __b, __p);
1083:/home/min/snap/code/229/.local/share/stm32cube/bundles/gnu-tools-for-stm32/14.3.1+st.2/lib/gcc/arm-none-eabi/14.3.1/include/arm_mve.h **** }
1084:/home/min/snap/code/229/.local/share/stm32cube/bundles/gnu-tools-for-stm32/14.3.1+st.2/lib/gcc/arm-none-eabi/14.3.1/include/arm_mve.h **** 
1085:/home/min/snap/code/229/.local/share/stm32cube/bundles/gnu-tools-for-stm32/14.3.1+st.2/lib/gcc/arm-none-eabi/14.3.1/include/arm_mve.h **** __extension__ extern __inline uint16x8_t
1086:/home/min/snap/code/229/.local/share/stm32cube/bundles/gnu-tools-for-stm32/14.3.1+st.2/lib/gcc/arm-none-eabi/14.3.1/include/arm_mve.h **** __attribute__ ((__always_inline__, __gnu_inline__, __artificial__))
1087:/home/min/snap/code/229/.local/share/stm32cube/bundles/gnu-tools-for-stm32/14.3.1+st.2/lib/gcc/arm-none-eabi/14.3.1/include/arm_mve.h **** __arm_vbicq_m_u16 (uint16x8_t __inactive, uint16x8_t __a, uint16x8_t __b, mve_pred16_t __p)
1088:/home/min/snap/code/229/.local/share/stm32cube/bundles/gnu-tools-for-stm32/14.3.1+st.2/lib/gcc/arm-none-eabi/14.3.1/include/arm_mve.h **** {
1089:/home/min/snap/code/229/.local/share/stm32cube/bundles/gnu-tools-for-stm32/14.3.1+st.2/lib/gcc/arm-none-eabi/14.3.1/include/arm_mve.h ****   return __builtin_mve_vbicq_m_uv8hi (__inactive, __a, __b, __p);
1090:/home/min/snap/code/229/.local/share/stm32cube/bundles/gnu-tools-for-stm32/14.3.1+st.2/lib/gcc/arm-none-eabi/14.3.1/include/arm_mve.h **** }
1091:/home/min/snap/code/229/.local/share/stm32cube/bundles/gnu-tools-for-stm32/14.3.1+st.2/lib/gcc/arm-none-eabi/14.3.1/include/arm_mve.h **** 
1092:/home/min/snap/code/229/.local/share/stm32cube/bundles/gnu-tools-for-stm32/14.3.1+st.2/lib/gcc/arm-none-eabi/14.3.1/include/arm_mve.h **** __extension__ extern __inline int8x16_t
1093:/home/min/snap/code/229/.local/share/stm32cube/bundles/gnu-tools-for-stm32/14.3.1+st.2/lib/gcc/arm-none-eabi/14.3.1/include/arm_mve.h **** __attribute__ ((__always_inline__, __gnu_inline__, __artificial__))
1094:/home/min/snap/code/229/.local/share/stm32cube/bundles/gnu-tools-for-stm32/14.3.1+st.2/lib/gcc/arm-none-eabi/14.3.1/include/arm_mve.h **** __arm_vornq_m_s8 (int8x16_t __inactive, int8x16_t __a, int8x16_t __b, mve_pred16_t __p)
1095:/home/min/snap/code/229/.local/share/stm32cube/bundles/gnu-tools-for-stm32/14.3.1+st.2/lib/gcc/arm-none-eabi/14.3.1/include/arm_mve.h **** {
1096:/home/min/snap/code/229/.local/share/stm32cube/bundles/gnu-tools-for-stm32/14.3.1+st.2/lib/gcc/arm-none-eabi/14.3.1/include/arm_mve.h ****   return __builtin_mve_vornq_m_sv16qi (__inactive, __a, __b, __p);
1097:/home/min/snap/code/229/.local/share/stm32cube/bundles/gnu-tools-for-stm32/14.3.1+st.2/lib/gcc/arm-none-eabi/14.3.1/include/arm_mve.h **** }
1098:/home/min/snap/code/229/.local/share/stm32cube/bundles/gnu-tools-for-stm32/14.3.1+st.2/lib/gcc/arm-none-eabi/14.3.1/include/arm_mve.h **** 
1099:/home/min/snap/code/229/.local/share/stm32cube/bundles/gnu-tools-for-stm32/14.3.1+st.2/lib/gcc/arm-none-eabi/14.3.1/include/arm_mve.h **** __extension__ extern __inline int32x4_t
1100:/home/min/snap/code/229/.local/share/stm32cube/bundles/gnu-tools-for-stm32/14.3.1+st.2/lib/gcc/arm-none-eabi/14.3.1/include/arm_mve.h **** __attribute__ ((__always_inline__, __gnu_inline__, __artificial__))
ARM GAS  /tmp/cc66eICS.s 			page 33


1101:/home/min/snap/code/229/.local/share/stm32cube/bundles/gnu-tools-for-stm32/14.3.1+st.2/lib/gcc/arm-none-eabi/14.3.1/include/arm_mve.h **** __arm_vornq_m_s32 (int32x4_t __inactive, int32x4_t __a, int32x4_t __b, mve_pred16_t __p)
1102:/home/min/snap/code/229/.local/share/stm32cube/bundles/gnu-tools-for-stm32/14.3.1+st.2/lib/gcc/arm-none-eabi/14.3.1/include/arm_mve.h **** {
1103:/home/min/snap/code/229/.local/share/stm32cube/bundles/gnu-tools-for-stm32/14.3.1+st.2/lib/gcc/arm-none-eabi/14.3.1/include/arm_mve.h ****   return __builtin_mve_vornq_m_sv4si (__inactive, __a, __b, __p);
1104:/home/min/snap/code/229/.local/share/stm32cube/bundles/gnu-tools-for-stm32/14.3.1+st.2/lib/gcc/arm-none-eabi/14.3.1/include/arm_mve.h **** }
1105:/home/min/snap/code/229/.local/share/stm32cube/bundles/gnu-tools-for-stm32/14.3.1+st.2/lib/gcc/arm-none-eabi/14.3.1/include/arm_mve.h **** 
1106:/home/min/snap/code/229/.local/share/stm32cube/bundles/gnu-tools-for-stm32/14.3.1+st.2/lib/gcc/arm-none-eabi/14.3.1/include/arm_mve.h **** __extension__ extern __inline int16x8_t
1107:/home/min/snap/code/229/.local/share/stm32cube/bundles/gnu-tools-for-stm32/14.3.1+st.2/lib/gcc/arm-none-eabi/14.3.1/include/arm_mve.h **** __attribute__ ((__always_inline__, __gnu_inline__, __artificial__))
1108:/home/min/snap/code/229/.local/share/stm32cube/bundles/gnu-tools-for-stm32/14.3.1+st.2/lib/gcc/arm-none-eabi/14.3.1/include/arm_mve.h **** __arm_vornq_m_s16 (int16x8_t __inactive, int16x8_t __a, int16x8_t __b, mve_pred16_t __p)
1109:/home/min/snap/code/229/.local/share/stm32cube/bundles/gnu-tools-for-stm32/14.3.1+st.2/lib/gcc/arm-none-eabi/14.3.1/include/arm_mve.h **** {
1110:/home/min/snap/code/229/.local/share/stm32cube/bundles/gnu-tools-for-stm32/14.3.1+st.2/lib/gcc/arm-none-eabi/14.3.1/include/arm_mve.h ****   return __builtin_mve_vornq_m_sv8hi (__inactive, __a, __b, __p);
1111:/home/min/snap/code/229/.local/share/stm32cube/bundles/gnu-tools-for-stm32/14.3.1+st.2/lib/gcc/arm-none-eabi/14.3.1/include/arm_mve.h **** }
1112:/home/min/snap/code/229/.local/share/stm32cube/bundles/gnu-tools-for-stm32/14.3.1+st.2/lib/gcc/arm-none-eabi/14.3.1/include/arm_mve.h **** 
1113:/home/min/snap/code/229/.local/share/stm32cube/bundles/gnu-tools-for-stm32/14.3.1+st.2/lib/gcc/arm-none-eabi/14.3.1/include/arm_mve.h **** __extension__ extern __inline uint8x16_t
1114:/home/min/snap/code/229/.local/share/stm32cube/bundles/gnu-tools-for-stm32/14.3.1+st.2/lib/gcc/arm-none-eabi/14.3.1/include/arm_mve.h **** __attribute__ ((__always_inline__, __gnu_inline__, __artificial__))
1115:/home/min/snap/code/229/.local/share/stm32cube/bundles/gnu-tools-for-stm32/14.3.1+st.2/lib/gcc/arm-none-eabi/14.3.1/include/arm_mve.h **** __arm_vornq_m_u8 (uint8x16_t __inactive, uint8x16_t __a, uint8x16_t __b, mve_pred16_t __p)
1116:/home/min/snap/code/229/.local/share/stm32cube/bundles/gnu-tools-for-stm32/14.3.1+st.2/lib/gcc/arm-none-eabi/14.3.1/include/arm_mve.h **** {
1117:/home/min/snap/code/229/.local/share/stm32cube/bundles/gnu-tools-for-stm32/14.3.1+st.2/lib/gcc/arm-none-eabi/14.3.1/include/arm_mve.h ****   return __builtin_mve_vornq_m_uv16qi (__inactive, __a, __b, __p);
1118:/home/min/snap/code/229/.local/share/stm32cube/bundles/gnu-tools-for-stm32/14.3.1+st.2/lib/gcc/arm-none-eabi/14.3.1/include/arm_mve.h **** }
1119:/home/min/snap/code/229/.local/share/stm32cube/bundles/gnu-tools-for-stm32/14.3.1+st.2/lib/gcc/arm-none-eabi/14.3.1/include/arm_mve.h **** 
1120:/home/min/snap/code/229/.local/share/stm32cube/bundles/gnu-tools-for-stm32/14.3.1+st.2/lib/gcc/arm-none-eabi/14.3.1/include/arm_mve.h **** __extension__ extern __inline uint32x4_t
1121:/home/min/snap/code/229/.local/share/stm32cube/bundles/gnu-tools-for-stm32/14.3.1+st.2/lib/gcc/arm-none-eabi/14.3.1/include/arm_mve.h **** __attribute__ ((__always_inline__, __gnu_inline__, __artificial__))
1122:/home/min/snap/code/229/.local/share/stm32cube/bundles/gnu-tools-for-stm32/14.3.1+st.2/lib/gcc/arm-none-eabi/14.3.1/include/arm_mve.h **** __arm_vornq_m_u32 (uint32x4_t __inactive, uint32x4_t __a, uint32x4_t __b, mve_pred16_t __p)
1123:/home/min/snap/code/229/.local/share/stm32cube/bundles/gnu-tools-for-stm32/14.3.1+st.2/lib/gcc/arm-none-eabi/14.3.1/include/arm_mve.h **** {
1124:/home/min/snap/code/229/.local/share/stm32cube/bundles/gnu-tools-for-stm32/14.3.1+st.2/lib/gcc/arm-none-eabi/14.3.1/include/arm_mve.h ****   return __builtin_mve_vornq_m_uv4si (__inactive, __a, __b, __p);
1125:/home/min/snap/code/229/.local/share/stm32cube/bundles/gnu-tools-for-stm32/14.3.1+st.2/lib/gcc/arm-none-eabi/14.3.1/include/arm_mve.h **** }
1126:/home/min/snap/code/229/.local/share/stm32cube/bundles/gnu-tools-for-stm32/14.3.1+st.2/lib/gcc/arm-none-eabi/14.3.1/include/arm_mve.h **** 
1127:/home/min/snap/code/229/.local/share/stm32cube/bundles/gnu-tools-for-stm32/14.3.1+st.2/lib/gcc/arm-none-eabi/14.3.1/include/arm_mve.h **** __extension__ extern __inline uint16x8_t
1128:/home/min/snap/code/229/.local/share/stm32cube/bundles/gnu-tools-for-stm32/14.3.1+st.2/lib/gcc/arm-none-eabi/14.3.1/include/arm_mve.h **** __attribute__ ((__always_inline__, __gnu_inline__, __artificial__))
1129:/home/min/snap/code/229/.local/share/stm32cube/bundles/gnu-tools-for-stm32/14.3.1+st.2/lib/gcc/arm-none-eabi/14.3.1/include/arm_mve.h **** __arm_vornq_m_u16 (uint16x8_t __inactive, uint16x8_t __a, uint16x8_t __b, mve_pred16_t __p)
1130:/home/min/snap/code/229/.local/share/stm32cube/bundles/gnu-tools-for-stm32/14.3.1+st.2/lib/gcc/arm-none-eabi/14.3.1/include/arm_mve.h **** {
1131:/home/min/snap/code/229/.local/share/stm32cube/bundles/gnu-tools-for-stm32/14.3.1+st.2/lib/gcc/arm-none-eabi/14.3.1/include/arm_mve.h ****   return __builtin_mve_vornq_m_uv8hi (__inactive, __a, __b, __p);
1132:/home/min/snap/code/229/.local/share/stm32cube/bundles/gnu-tools-for-stm32/14.3.1+st.2/lib/gcc/arm-none-eabi/14.3.1/include/arm_mve.h **** }
1133:/home/min/snap/code/229/.local/share/stm32cube/bundles/gnu-tools-for-stm32/14.3.1+st.2/lib/gcc/arm-none-eabi/14.3.1/include/arm_mve.h **** 
1134:/home/min/snap/code/229/.local/share/stm32cube/bundles/gnu-tools-for-stm32/14.3.1+st.2/lib/gcc/arm-none-eabi/14.3.1/include/arm_mve.h **** __extension__ extern __inline void
1135:/home/min/snap/code/229/.local/share/stm32cube/bundles/gnu-tools-for-stm32/14.3.1+st.2/lib/gcc/arm-none-eabi/14.3.1/include/arm_mve.h **** __attribute__ ((__always_inline__, __gnu_inline__, __artificial__))
1136:/home/min/snap/code/229/.local/share/stm32cube/bundles/gnu-tools-for-stm32/14.3.1+st.2/lib/gcc/arm-none-eabi/14.3.1/include/arm_mve.h **** __arm_vstrbq_scatter_offset_s8 (int8_t * __base, uint8x16_t __offset, int8x16_t __value)
1137:/home/min/snap/code/229/.local/share/stm32cube/bundles/gnu-tools-for-stm32/14.3.1+st.2/lib/gcc/arm-none-eabi/14.3.1/include/arm_mve.h **** {
1138:/home/min/snap/code/229/.local/share/stm32cube/bundles/gnu-tools-for-stm32/14.3.1+st.2/lib/gcc/arm-none-eabi/14.3.1/include/arm_mve.h ****   __builtin_mve_vstrbq_scatter_offset_sv16qi ((__builtin_neon_qi *) __base, __offset, __value);
1139:/home/min/snap/code/229/.local/share/stm32cube/bundles/gnu-tools-for-stm32/14.3.1+st.2/lib/gcc/arm-none-eabi/14.3.1/include/arm_mve.h **** }
1140:/home/min/snap/code/229/.local/share/stm32cube/bundles/gnu-tools-for-stm32/14.3.1+st.2/lib/gcc/arm-none-eabi/14.3.1/include/arm_mve.h **** 
1141:/home/min/snap/code/229/.local/share/stm32cube/bundles/gnu-tools-for-stm32/14.3.1+st.2/lib/gcc/arm-none-eabi/14.3.1/include/arm_mve.h **** __extension__ extern __inline void
1142:/home/min/snap/code/229/.local/share/stm32cube/bundles/gnu-tools-for-stm32/14.3.1+st.2/lib/gcc/arm-none-eabi/14.3.1/include/arm_mve.h **** __attribute__ ((__always_inline__, __gnu_inline__, __artificial__))
1143:/home/min/snap/code/229/.local/share/stm32cube/bundles/gnu-tools-for-stm32/14.3.1+st.2/lib/gcc/arm-none-eabi/14.3.1/include/arm_mve.h **** __arm_vstrbq_scatter_offset_s32 (int8_t * __base, uint32x4_t __offset, int32x4_t __value)
1144:/home/min/snap/code/229/.local/share/stm32cube/bundles/gnu-tools-for-stm32/14.3.1+st.2/lib/gcc/arm-none-eabi/14.3.1/include/arm_mve.h **** {
1145:/home/min/snap/code/229/.local/share/stm32cube/bundles/gnu-tools-for-stm32/14.3.1+st.2/lib/gcc/arm-none-eabi/14.3.1/include/arm_mve.h ****   __builtin_mve_vstrbq_scatter_offset_sv4si ((__builtin_neon_qi *) __base, __offset, __value);
1146:/home/min/snap/code/229/.local/share/stm32cube/bundles/gnu-tools-for-stm32/14.3.1+st.2/lib/gcc/arm-none-eabi/14.3.1/include/arm_mve.h **** }
1147:/home/min/snap/code/229/.local/share/stm32cube/bundles/gnu-tools-for-stm32/14.3.1+st.2/lib/gcc/arm-none-eabi/14.3.1/include/arm_mve.h **** 
1148:/home/min/snap/code/229/.local/share/stm32cube/bundles/gnu-tools-for-stm32/14.3.1+st.2/lib/gcc/arm-none-eabi/14.3.1/include/arm_mve.h **** __extension__ extern __inline void
1149:/home/min/snap/code/229/.local/share/stm32cube/bundles/gnu-tools-for-stm32/14.3.1+st.2/lib/gcc/arm-none-eabi/14.3.1/include/arm_mve.h **** __attribute__ ((__always_inline__, __gnu_inline__, __artificial__))
1150:/home/min/snap/code/229/.local/share/stm32cube/bundles/gnu-tools-for-stm32/14.3.1+st.2/lib/gcc/arm-none-eabi/14.3.1/include/arm_mve.h **** __arm_vstrbq_scatter_offset_s16 (int8_t * __base, uint16x8_t __offset, int16x8_t __value)
1151:/home/min/snap/code/229/.local/share/stm32cube/bundles/gnu-tools-for-stm32/14.3.1+st.2/lib/gcc/arm-none-eabi/14.3.1/include/arm_mve.h **** {
1152:/home/min/snap/code/229/.local/share/stm32cube/bundles/gnu-tools-for-stm32/14.3.1+st.2/lib/gcc/arm-none-eabi/14.3.1/include/arm_mve.h ****   __builtin_mve_vstrbq_scatter_offset_sv8hi ((__builtin_neon_qi *) __base, __offset, __value);
1153:/home/min/snap/code/229/.local/share/stm32cube/bundles/gnu-tools-for-stm32/14.3.1+st.2/lib/gcc/arm-none-eabi/14.3.1/include/arm_mve.h **** }
1154:/home/min/snap/code/229/.local/share/stm32cube/bundles/gnu-tools-for-stm32/14.3.1+st.2/lib/gcc/arm-none-eabi/14.3.1/include/arm_mve.h **** 
1155:/home/min/snap/code/229/.local/share/stm32cube/bundles/gnu-tools-for-stm32/14.3.1+st.2/lib/gcc/arm-none-eabi/14.3.1/include/arm_mve.h **** __extension__ extern __inline void
1156:/home/min/snap/code/229/.local/share/stm32cube/bundles/gnu-tools-for-stm32/14.3.1+st.2/lib/gcc/arm-none-eabi/14.3.1/include/arm_mve.h **** __attribute__ ((__always_inline__, __gnu_inline__, __artificial__))
1157:/home/min/snap/code/229/.local/share/stm32cube/bundles/gnu-tools-for-stm32/14.3.1+st.2/lib/gcc/arm-none-eabi/14.3.1/include/arm_mve.h **** __arm_vstrbq_scatter_offset_u8 (uint8_t * __base, uint8x16_t __offset, uint8x16_t __value)
ARM GAS  /tmp/cc66eICS.s 			page 34


1158:/home/min/snap/code/229/.local/share/stm32cube/bundles/gnu-tools-for-stm32/14.3.1+st.2/lib/gcc/arm-none-eabi/14.3.1/include/arm_mve.h **** {
1159:/home/min/snap/code/229/.local/share/stm32cube/bundles/gnu-tools-for-stm32/14.3.1+st.2/lib/gcc/arm-none-eabi/14.3.1/include/arm_mve.h ****   __builtin_mve_vstrbq_scatter_offset_uv16qi ((__builtin_neon_qi *) __base, __offset, __value);
1160:/home/min/snap/code/229/.local/share/stm32cube/bundles/gnu-tools-for-stm32/14.3.1+st.2/lib/gcc/arm-none-eabi/14.3.1/include/arm_mve.h **** }
1161:/home/min/snap/code/229/.local/share/stm32cube/bundles/gnu-tools-for-stm32/14.3.1+st.2/lib/gcc/arm-none-eabi/14.3.1/include/arm_mve.h **** 
1162:/home/min/snap/code/229/.local/share/stm32cube/bundles/gnu-tools-for-stm32/14.3.1+st.2/lib/gcc/arm-none-eabi/14.3.1/include/arm_mve.h **** __extension__ extern __inline void
1163:/home/min/snap/code/229/.local/share/stm32cube/bundles/gnu-tools-for-stm32/14.3.1+st.2/lib/gcc/arm-none-eabi/14.3.1/include/arm_mve.h **** __attribute__ ((__always_inline__, __gnu_inline__, __artificial__))
1164:/home/min/snap/code/229/.local/share/stm32cube/bundles/gnu-tools-for-stm32/14.3.1+st.2/lib/gcc/arm-none-eabi/14.3.1/include/arm_mve.h **** __arm_vstrbq_scatter_offset_u32 (uint8_t * __base, uint32x4_t __offset, uint32x4_t __value)
1165:/home/min/snap/code/229/.local/share/stm32cube/bundles/gnu-tools-for-stm32/14.3.1+st.2/lib/gcc/arm-none-eabi/14.3.1/include/arm_mve.h **** {
1166:/home/min/snap/code/229/.local/share/stm32cube/bundles/gnu-tools-for-stm32/14.3.1+st.2/lib/gcc/arm-none-eabi/14.3.1/include/arm_mve.h ****   __builtin_mve_vstrbq_scatter_offset_uv4si ((__builtin_neon_qi *) __base, __offset, __value);
1167:/home/min/snap/code/229/.local/share/stm32cube/bundles/gnu-tools-for-stm32/14.3.1+st.2/lib/gcc/arm-none-eabi/14.3.1/include/arm_mve.h **** }
1168:/home/min/snap/code/229/.local/share/stm32cube/bundles/gnu-tools-for-stm32/14.3.1+st.2/lib/gcc/arm-none-eabi/14.3.1/include/arm_mve.h **** 
1169:/home/min/snap/code/229/.local/share/stm32cube/bundles/gnu-tools-for-stm32/14.3.1+st.2/lib/gcc/arm-none-eabi/14.3.1/include/arm_mve.h **** __extension__ extern __inline void
1170:/home/min/snap/code/229/.local/share/stm32cube/bundles/gnu-tools-for-stm32/14.3.1+st.2/lib/gcc/arm-none-eabi/14.3.1/include/arm_mve.h **** __attribute__ ((__always_inline__, __gnu_inline__, __artificial__))
1171:/home/min/snap/code/229/.local/share/stm32cube/bundles/gnu-tools-for-stm32/14.3.1+st.2/lib/gcc/arm-none-eabi/14.3.1/include/arm_mve.h **** __arm_vstrbq_scatter_offset_u16 (uint8_t * __base, uint16x8_t __offset, uint16x8_t __value)
1172:/home/min/snap/code/229/.local/share/stm32cube/bundles/gnu-tools-for-stm32/14.3.1+st.2/lib/gcc/arm-none-eabi/14.3.1/include/arm_mve.h **** {
1173:/home/min/snap/code/229/.local/share/stm32cube/bundles/gnu-tools-for-stm32/14.3.1+st.2/lib/gcc/arm-none-eabi/14.3.1/include/arm_mve.h ****   __builtin_mve_vstrbq_scatter_offset_uv8hi ((__builtin_neon_qi *) __base, __offset, __value);
1174:/home/min/snap/code/229/.local/share/stm32cube/bundles/gnu-tools-for-stm32/14.3.1+st.2/lib/gcc/arm-none-eabi/14.3.1/include/arm_mve.h **** }
1175:/home/min/snap/code/229/.local/share/stm32cube/bundles/gnu-tools-for-stm32/14.3.1+st.2/lib/gcc/arm-none-eabi/14.3.1/include/arm_mve.h **** 
1176:/home/min/snap/code/229/.local/share/stm32cube/bundles/gnu-tools-for-stm32/14.3.1+st.2/lib/gcc/arm-none-eabi/14.3.1/include/arm_mve.h **** __extension__ extern __inline void
1177:/home/min/snap/code/229/.local/share/stm32cube/bundles/gnu-tools-for-stm32/14.3.1+st.2/lib/gcc/arm-none-eabi/14.3.1/include/arm_mve.h **** __attribute__ ((__always_inline__, __gnu_inline__, __artificial__))
1178:/home/min/snap/code/229/.local/share/stm32cube/bundles/gnu-tools-for-stm32/14.3.1+st.2/lib/gcc/arm-none-eabi/14.3.1/include/arm_mve.h **** __arm_vstrbq_s8 (int8_t * __addr, int8x16_t __value)
1179:/home/min/snap/code/229/.local/share/stm32cube/bundles/gnu-tools-for-stm32/14.3.1+st.2/lib/gcc/arm-none-eabi/14.3.1/include/arm_mve.h **** {
1180:/home/min/snap/code/229/.local/share/stm32cube/bundles/gnu-tools-for-stm32/14.3.1+st.2/lib/gcc/arm-none-eabi/14.3.1/include/arm_mve.h ****   __builtin_mve_vstrbq_sv16qi ((__builtin_neon_qi *) __addr, __value);
1181:/home/min/snap/code/229/.local/share/stm32cube/bundles/gnu-tools-for-stm32/14.3.1+st.2/lib/gcc/arm-none-eabi/14.3.1/include/arm_mve.h **** }
1182:/home/min/snap/code/229/.local/share/stm32cube/bundles/gnu-tools-for-stm32/14.3.1+st.2/lib/gcc/arm-none-eabi/14.3.1/include/arm_mve.h **** 
1183:/home/min/snap/code/229/.local/share/stm32cube/bundles/gnu-tools-for-stm32/14.3.1+st.2/lib/gcc/arm-none-eabi/14.3.1/include/arm_mve.h **** __extension__ extern __inline void
1184:/home/min/snap/code/229/.local/share/stm32cube/bundles/gnu-tools-for-stm32/14.3.1+st.2/lib/gcc/arm-none-eabi/14.3.1/include/arm_mve.h **** __attribute__ ((__always_inline__, __gnu_inline__, __artificial__))
1185:/home/min/snap/code/229/.local/share/stm32cube/bundles/gnu-tools-for-stm32/14.3.1+st.2/lib/gcc/arm-none-eabi/14.3.1/include/arm_mve.h **** __arm_vstrbq_s32 (int8_t * __addr, int32x4_t __value)
1186:/home/min/snap/code/229/.local/share/stm32cube/bundles/gnu-tools-for-stm32/14.3.1+st.2/lib/gcc/arm-none-eabi/14.3.1/include/arm_mve.h **** {
1187:/home/min/snap/code/229/.local/share/stm32cube/bundles/gnu-tools-for-stm32/14.3.1+st.2/lib/gcc/arm-none-eabi/14.3.1/include/arm_mve.h ****   __builtin_mve_vstrbq_sv4si ((__builtin_neon_qi *) __addr, __value);
1188:/home/min/snap/code/229/.local/share/stm32cube/bundles/gnu-tools-for-stm32/14.3.1+st.2/lib/gcc/arm-none-eabi/14.3.1/include/arm_mve.h **** }
1189:/home/min/snap/code/229/.local/share/stm32cube/bundles/gnu-tools-for-stm32/14.3.1+st.2/lib/gcc/arm-none-eabi/14.3.1/include/arm_mve.h **** 
1190:/home/min/snap/code/229/.local/share/stm32cube/bundles/gnu-tools-for-stm32/14.3.1+st.2/lib/gcc/arm-none-eabi/14.3.1/include/arm_mve.h **** __extension__ extern __inline void
1191:/home/min/snap/code/229/.local/share/stm32cube/bundles/gnu-tools-for-stm32/14.3.1+st.2/lib/gcc/arm-none-eabi/14.3.1/include/arm_mve.h **** __attribute__ ((__always_inline__, __gnu_inline__, __artificial__))
1192:/home/min/snap/code/229/.local/share/stm32cube/bundles/gnu-tools-for-stm32/14.3.1+st.2/lib/gcc/arm-none-eabi/14.3.1/include/arm_mve.h **** __arm_vstrbq_s16 (int8_t * __addr, int16x8_t __value)
1193:/home/min/snap/code/229/.local/share/stm32cube/bundles/gnu-tools-for-stm32/14.3.1+st.2/lib/gcc/arm-none-eabi/14.3.1/include/arm_mve.h **** {
1194:/home/min/snap/code/229/.local/share/stm32cube/bundles/gnu-tools-for-stm32/14.3.1+st.2/lib/gcc/arm-none-eabi/14.3.1/include/arm_mve.h ****   __builtin_mve_vstrbq_sv8hi ((__builtin_neon_qi *) __addr, __value);
1195:/home/min/snap/code/229/.local/share/stm32cube/bundles/gnu-tools-for-stm32/14.3.1+st.2/lib/gcc/arm-none-eabi/14.3.1/include/arm_mve.h **** }
1196:/home/min/snap/code/229/.local/share/stm32cube/bundles/gnu-tools-for-stm32/14.3.1+st.2/lib/gcc/arm-none-eabi/14.3.1/include/arm_mve.h **** 
1197:/home/min/snap/code/229/.local/share/stm32cube/bundles/gnu-tools-for-stm32/14.3.1+st.2/lib/gcc/arm-none-eabi/14.3.1/include/arm_mve.h **** __extension__ extern __inline void
1198:/home/min/snap/code/229/.local/share/stm32cube/bundles/gnu-tools-for-stm32/14.3.1+st.2/lib/gcc/arm-none-eabi/14.3.1/include/arm_mve.h **** __attribute__ ((__always_inline__, __gnu_inline__, __artificial__))
1199:/home/min/snap/code/229/.local/share/stm32cube/bundles/gnu-tools-for-stm32/14.3.1+st.2/lib/gcc/arm-none-eabi/14.3.1/include/arm_mve.h **** __arm_vstrbq_u8 (uint8_t * __addr, uint8x16_t __value)
1200:/home/min/snap/code/229/.local/share/stm32cube/bundles/gnu-tools-for-stm32/14.3.1+st.2/lib/gcc/arm-none-eabi/14.3.1/include/arm_mve.h **** {
1201:/home/min/snap/code/229/.local/share/stm32cube/bundles/gnu-tools-for-stm32/14.3.1+st.2/lib/gcc/arm-none-eabi/14.3.1/include/arm_mve.h ****   __builtin_mve_vstrbq_uv16qi ((__builtin_neon_qi *) __addr, __value);
1202:/home/min/snap/code/229/.local/share/stm32cube/bundles/gnu-tools-for-stm32/14.3.1+st.2/lib/gcc/arm-none-eabi/14.3.1/include/arm_mve.h **** }
1203:/home/min/snap/code/229/.local/share/stm32cube/bundles/gnu-tools-for-stm32/14.3.1+st.2/lib/gcc/arm-none-eabi/14.3.1/include/arm_mve.h **** 
1204:/home/min/snap/code/229/.local/share/stm32cube/bundles/gnu-tools-for-stm32/14.3.1+st.2/lib/gcc/arm-none-eabi/14.3.1/include/arm_mve.h **** __extension__ extern __inline void
1205:/home/min/snap/code/229/.local/share/stm32cube/bundles/gnu-tools-for-stm32/14.3.1+st.2/lib/gcc/arm-none-eabi/14.3.1/include/arm_mve.h **** __attribute__ ((__always_inline__, __gnu_inline__, __artificial__))
1206:/home/min/snap/code/229/.local/share/stm32cube/bundles/gnu-tools-for-stm32/14.3.1+st.2/lib/gcc/arm-none-eabi/14.3.1/include/arm_mve.h **** __arm_vstrbq_u32 (uint8_t * __addr, uint32x4_t __value)
1207:/home/min/snap/code/229/.local/share/stm32cube/bundles/gnu-tools-for-stm32/14.3.1+st.2/lib/gcc/arm-none-eabi/14.3.1/include/arm_mve.h **** {
1208:/home/min/snap/code/229/.local/share/stm32cube/bundles/gnu-tools-for-stm32/14.3.1+st.2/lib/gcc/arm-none-eabi/14.3.1/include/arm_mve.h ****   __builtin_mve_vstrbq_uv4si ((__builtin_neon_qi *) __addr, __value);
1209:/home/min/snap/code/229/.local/share/stm32cube/bundles/gnu-tools-for-stm32/14.3.1+st.2/lib/gcc/arm-none-eabi/14.3.1/include/arm_mve.h **** }
1210:/home/min/snap/code/229/.local/share/stm32cube/bundles/gnu-tools-for-stm32/14.3.1+st.2/lib/gcc/arm-none-eabi/14.3.1/include/arm_mve.h **** 
1211:/home/min/snap/code/229/.local/share/stm32cube/bundles/gnu-tools-for-stm32/14.3.1+st.2/lib/gcc/arm-none-eabi/14.3.1/include/arm_mve.h **** __extension__ extern __inline void
1212:/home/min/snap/code/229/.local/share/stm32cube/bundles/gnu-tools-for-stm32/14.3.1+st.2/lib/gcc/arm-none-eabi/14.3.1/include/arm_mve.h **** __attribute__ ((__always_inline__, __gnu_inline__, __artificial__))
1213:/home/min/snap/code/229/.local/share/stm32cube/bundles/gnu-tools-for-stm32/14.3.1+st.2/lib/gcc/arm-none-eabi/14.3.1/include/arm_mve.h **** __arm_vstrbq_u16 (uint8_t * __addr, uint16x8_t __value)
1214:/home/min/snap/code/229/.local/share/stm32cube/bundles/gnu-tools-for-stm32/14.3.1+st.2/lib/gcc/arm-none-eabi/14.3.1/include/arm_mve.h **** {
ARM GAS  /tmp/cc66eICS.s 			page 35


1215:/home/min/snap/code/229/.local/share/stm32cube/bundles/gnu-tools-for-stm32/14.3.1+st.2/lib/gcc/arm-none-eabi/14.3.1/include/arm_mve.h ****   __builtin_mve_vstrbq_uv8hi ((__builtin_neon_qi *) __addr, __value);
1216:/home/min/snap/code/229/.local/share/stm32cube/bundles/gnu-tools-for-stm32/14.3.1+st.2/lib/gcc/arm-none-eabi/14.3.1/include/arm_mve.h **** }
1217:/home/min/snap/code/229/.local/share/stm32cube/bundles/gnu-tools-for-stm32/14.3.1+st.2/lib/gcc/arm-none-eabi/14.3.1/include/arm_mve.h **** 
1218:/home/min/snap/code/229/.local/share/stm32cube/bundles/gnu-tools-for-stm32/14.3.1+st.2/lib/gcc/arm-none-eabi/14.3.1/include/arm_mve.h **** __extension__ extern __inline void
1219:/home/min/snap/code/229/.local/share/stm32cube/bundles/gnu-tools-for-stm32/14.3.1+st.2/lib/gcc/arm-none-eabi/14.3.1/include/arm_mve.h **** __attribute__ ((__always_inline__, __gnu_inline__, __artificial__))
1220:/home/min/snap/code/229/.local/share/stm32cube/bundles/gnu-tools-for-stm32/14.3.1+st.2/lib/gcc/arm-none-eabi/14.3.1/include/arm_mve.h **** __arm_vstrwq_scatter_base_s32 (uint32x4_t __addr, const int __offset, int32x4_t __value)
1221:/home/min/snap/code/229/.local/share/stm32cube/bundles/gnu-tools-for-stm32/14.3.1+st.2/lib/gcc/arm-none-eabi/14.3.1/include/arm_mve.h **** {
1222:/home/min/snap/code/229/.local/share/stm32cube/bundles/gnu-tools-for-stm32/14.3.1+st.2/lib/gcc/arm-none-eabi/14.3.1/include/arm_mve.h ****   __builtin_mve_vstrwq_scatter_base_sv4si (__addr, __offset, __value);
1223:/home/min/snap/code/229/.local/share/stm32cube/bundles/gnu-tools-for-stm32/14.3.1+st.2/lib/gcc/arm-none-eabi/14.3.1/include/arm_mve.h **** }
1224:/home/min/snap/code/229/.local/share/stm32cube/bundles/gnu-tools-for-stm32/14.3.1+st.2/lib/gcc/arm-none-eabi/14.3.1/include/arm_mve.h **** 
1225:/home/min/snap/code/229/.local/share/stm32cube/bundles/gnu-tools-for-stm32/14.3.1+st.2/lib/gcc/arm-none-eabi/14.3.1/include/arm_mve.h **** __extension__ extern __inline void
1226:/home/min/snap/code/229/.local/share/stm32cube/bundles/gnu-tools-for-stm32/14.3.1+st.2/lib/gcc/arm-none-eabi/14.3.1/include/arm_mve.h **** __attribute__ ((__always_inline__, __gnu_inline__, __artificial__))
1227:/home/min/snap/code/229/.local/share/stm32cube/bundles/gnu-tools-for-stm32/14.3.1+st.2/lib/gcc/arm-none-eabi/14.3.1/include/arm_mve.h **** __arm_vstrwq_scatter_base_u32 (uint32x4_t __addr, const int __offset, uint32x4_t __value)
1228:/home/min/snap/code/229/.local/share/stm32cube/bundles/gnu-tools-for-stm32/14.3.1+st.2/lib/gcc/arm-none-eabi/14.3.1/include/arm_mve.h **** {
1229:/home/min/snap/code/229/.local/share/stm32cube/bundles/gnu-tools-for-stm32/14.3.1+st.2/lib/gcc/arm-none-eabi/14.3.1/include/arm_mve.h ****   __builtin_mve_vstrwq_scatter_base_uv4si (__addr, __offset, __value);
1230:/home/min/snap/code/229/.local/share/stm32cube/bundles/gnu-tools-for-stm32/14.3.1+st.2/lib/gcc/arm-none-eabi/14.3.1/include/arm_mve.h **** }
1231:/home/min/snap/code/229/.local/share/stm32cube/bundles/gnu-tools-for-stm32/14.3.1+st.2/lib/gcc/arm-none-eabi/14.3.1/include/arm_mve.h **** 
1232:/home/min/snap/code/229/.local/share/stm32cube/bundles/gnu-tools-for-stm32/14.3.1+st.2/lib/gcc/arm-none-eabi/14.3.1/include/arm_mve.h **** __extension__ extern __inline uint8x16_t
1233:/home/min/snap/code/229/.local/share/stm32cube/bundles/gnu-tools-for-stm32/14.3.1+st.2/lib/gcc/arm-none-eabi/14.3.1/include/arm_mve.h **** __attribute__ ((__always_inline__, __gnu_inline__, __artificial__))
1234:/home/min/snap/code/229/.local/share/stm32cube/bundles/gnu-tools-for-stm32/14.3.1+st.2/lib/gcc/arm-none-eabi/14.3.1/include/arm_mve.h **** __arm_vldrbq_gather_offset_u8 (uint8_t const * __base, uint8x16_t __offset)
1235:/home/min/snap/code/229/.local/share/stm32cube/bundles/gnu-tools-for-stm32/14.3.1+st.2/lib/gcc/arm-none-eabi/14.3.1/include/arm_mve.h **** {
1236:/home/min/snap/code/229/.local/share/stm32cube/bundles/gnu-tools-for-stm32/14.3.1+st.2/lib/gcc/arm-none-eabi/14.3.1/include/arm_mve.h ****   return __builtin_mve_vldrbq_gather_offset_uv16qi ((__builtin_neon_qi *) __base, __offset);
1237:/home/min/snap/code/229/.local/share/stm32cube/bundles/gnu-tools-for-stm32/14.3.1+st.2/lib/gcc/arm-none-eabi/14.3.1/include/arm_mve.h **** }
1238:/home/min/snap/code/229/.local/share/stm32cube/bundles/gnu-tools-for-stm32/14.3.1+st.2/lib/gcc/arm-none-eabi/14.3.1/include/arm_mve.h **** 
1239:/home/min/snap/code/229/.local/share/stm32cube/bundles/gnu-tools-for-stm32/14.3.1+st.2/lib/gcc/arm-none-eabi/14.3.1/include/arm_mve.h **** __extension__ extern __inline int8x16_t
1240:/home/min/snap/code/229/.local/share/stm32cube/bundles/gnu-tools-for-stm32/14.3.1+st.2/lib/gcc/arm-none-eabi/14.3.1/include/arm_mve.h **** __attribute__ ((__always_inline__, __gnu_inline__, __artificial__))
1241:/home/min/snap/code/229/.local/share/stm32cube/bundles/gnu-tools-for-stm32/14.3.1+st.2/lib/gcc/arm-none-eabi/14.3.1/include/arm_mve.h **** __arm_vldrbq_gather_offset_s8 (int8_t const * __base, uint8x16_t __offset)
1242:/home/min/snap/code/229/.local/share/stm32cube/bundles/gnu-tools-for-stm32/14.3.1+st.2/lib/gcc/arm-none-eabi/14.3.1/include/arm_mve.h **** {
1243:/home/min/snap/code/229/.local/share/stm32cube/bundles/gnu-tools-for-stm32/14.3.1+st.2/lib/gcc/arm-none-eabi/14.3.1/include/arm_mve.h ****   return __builtin_mve_vldrbq_gather_offset_sv16qi ((__builtin_neon_qi *) __base, __offset);
1244:/home/min/snap/code/229/.local/share/stm32cube/bundles/gnu-tools-for-stm32/14.3.1+st.2/lib/gcc/arm-none-eabi/14.3.1/include/arm_mve.h **** }
1245:/home/min/snap/code/229/.local/share/stm32cube/bundles/gnu-tools-for-stm32/14.3.1+st.2/lib/gcc/arm-none-eabi/14.3.1/include/arm_mve.h **** 
1246:/home/min/snap/code/229/.local/share/stm32cube/bundles/gnu-tools-for-stm32/14.3.1+st.2/lib/gcc/arm-none-eabi/14.3.1/include/arm_mve.h **** __extension__ extern __inline int8x16_t
1247:/home/min/snap/code/229/.local/share/stm32cube/bundles/gnu-tools-for-stm32/14.3.1+st.2/lib/gcc/arm-none-eabi/14.3.1/include/arm_mve.h **** __attribute__ ((__always_inline__, __gnu_inline__, __artificial__))
1248:/home/min/snap/code/229/.local/share/stm32cube/bundles/gnu-tools-for-stm32/14.3.1+st.2/lib/gcc/arm-none-eabi/14.3.1/include/arm_mve.h **** __arm_vldrbq_s8 (int8_t const * __base)
1249:/home/min/snap/code/229/.local/share/stm32cube/bundles/gnu-tools-for-stm32/14.3.1+st.2/lib/gcc/arm-none-eabi/14.3.1/include/arm_mve.h **** {
1250:/home/min/snap/code/229/.local/share/stm32cube/bundles/gnu-tools-for-stm32/14.3.1+st.2/lib/gcc/arm-none-eabi/14.3.1/include/arm_mve.h ****   return __builtin_mve_vldrbq_sv16qi ((__builtin_neon_qi *) __base);
1251:/home/min/snap/code/229/.local/share/stm32cube/bundles/gnu-tools-for-stm32/14.3.1+st.2/lib/gcc/arm-none-eabi/14.3.1/include/arm_mve.h **** }
1252:/home/min/snap/code/229/.local/share/stm32cube/bundles/gnu-tools-for-stm32/14.3.1+st.2/lib/gcc/arm-none-eabi/14.3.1/include/arm_mve.h **** 
1253:/home/min/snap/code/229/.local/share/stm32cube/bundles/gnu-tools-for-stm32/14.3.1+st.2/lib/gcc/arm-none-eabi/14.3.1/include/arm_mve.h **** __extension__ extern __inline uint8x16_t
1254:/home/min/snap/code/229/.local/share/stm32cube/bundles/gnu-tools-for-stm32/14.3.1+st.2/lib/gcc/arm-none-eabi/14.3.1/include/arm_mve.h **** __attribute__ ((__always_inline__, __gnu_inline__, __artificial__))
1255:/home/min/snap/code/229/.local/share/stm32cube/bundles/gnu-tools-for-stm32/14.3.1+st.2/lib/gcc/arm-none-eabi/14.3.1/include/arm_mve.h **** __arm_vldrbq_u8 (uint8_t const * __base)
1256:/home/min/snap/code/229/.local/share/stm32cube/bundles/gnu-tools-for-stm32/14.3.1+st.2/lib/gcc/arm-none-eabi/14.3.1/include/arm_mve.h **** {
1257:/home/min/snap/code/229/.local/share/stm32cube/bundles/gnu-tools-for-stm32/14.3.1+st.2/lib/gcc/arm-none-eabi/14.3.1/include/arm_mve.h ****   return __builtin_mve_vldrbq_uv16qi ((__builtin_neon_qi *) __base);
1258:/home/min/snap/code/229/.local/share/stm32cube/bundles/gnu-tools-for-stm32/14.3.1+st.2/lib/gcc/arm-none-eabi/14.3.1/include/arm_mve.h **** }
1259:/home/min/snap/code/229/.local/share/stm32cube/bundles/gnu-tools-for-stm32/14.3.1+st.2/lib/gcc/arm-none-eabi/14.3.1/include/arm_mve.h **** 
1260:/home/min/snap/code/229/.local/share/stm32cube/bundles/gnu-tools-for-stm32/14.3.1+st.2/lib/gcc/arm-none-eabi/14.3.1/include/arm_mve.h **** __extension__ extern __inline uint16x8_t
1261:/home/min/snap/code/229/.local/share/stm32cube/bundles/gnu-tools-for-stm32/14.3.1+st.2/lib/gcc/arm-none-eabi/14.3.1/include/arm_mve.h **** __attribute__ ((__always_inline__, __gnu_inline__, __artificial__))
1262:/home/min/snap/code/229/.local/share/stm32cube/bundles/gnu-tools-for-stm32/14.3.1+st.2/lib/gcc/arm-none-eabi/14.3.1/include/arm_mve.h **** __arm_vldrbq_gather_offset_u16 (uint8_t const * __base, uint16x8_t __offset)
1263:/home/min/snap/code/229/.local/share/stm32cube/bundles/gnu-tools-for-stm32/14.3.1+st.2/lib/gcc/arm-none-eabi/14.3.1/include/arm_mve.h **** {
1264:/home/min/snap/code/229/.local/share/stm32cube/bundles/gnu-tools-for-stm32/14.3.1+st.2/lib/gcc/arm-none-eabi/14.3.1/include/arm_mve.h ****   return __builtin_mve_vldrbq_gather_offset_uv8hi ((__builtin_neon_qi *) __base, __offset);
1265:/home/min/snap/code/229/.local/share/stm32cube/bundles/gnu-tools-for-stm32/14.3.1+st.2/lib/gcc/arm-none-eabi/14.3.1/include/arm_mve.h **** }
1266:/home/min/snap/code/229/.local/share/stm32cube/bundles/gnu-tools-for-stm32/14.3.1+st.2/lib/gcc/arm-none-eabi/14.3.1/include/arm_mve.h **** 
1267:/home/min/snap/code/229/.local/share/stm32cube/bundles/gnu-tools-for-stm32/14.3.1+st.2/lib/gcc/arm-none-eabi/14.3.1/include/arm_mve.h **** __extension__ extern __inline int16x8_t
1268:/home/min/snap/code/229/.local/share/stm32cube/bundles/gnu-tools-for-stm32/14.3.1+st.2/lib/gcc/arm-none-eabi/14.3.1/include/arm_mve.h **** __attribute__ ((__always_inline__, __gnu_inline__, __artificial__))
1269:/home/min/snap/code/229/.local/share/stm32cube/bundles/gnu-tools-for-stm32/14.3.1+st.2/lib/gcc/arm-none-eabi/14.3.1/include/arm_mve.h **** __arm_vldrbq_gather_offset_s16 (int8_t const * __base, uint16x8_t __offset)
1270:/home/min/snap/code/229/.local/share/stm32cube/bundles/gnu-tools-for-stm32/14.3.1+st.2/lib/gcc/arm-none-eabi/14.3.1/include/arm_mve.h **** {
1271:/home/min/snap/code/229/.local/share/stm32cube/bundles/gnu-tools-for-stm32/14.3.1+st.2/lib/gcc/arm-none-eabi/14.3.1/include/arm_mve.h ****   return __builtin_mve_vldrbq_gather_offset_sv8hi ((__builtin_neon_qi *) __base, __offset);
ARM GAS  /tmp/cc66eICS.s 			page 36


1272:/home/min/snap/code/229/.local/share/stm32cube/bundles/gnu-tools-for-stm32/14.3.1+st.2/lib/gcc/arm-none-eabi/14.3.1/include/arm_mve.h **** }
1273:/home/min/snap/code/229/.local/share/stm32cube/bundles/gnu-tools-for-stm32/14.3.1+st.2/lib/gcc/arm-none-eabi/14.3.1/include/arm_mve.h **** 
1274:/home/min/snap/code/229/.local/share/stm32cube/bundles/gnu-tools-for-stm32/14.3.1+st.2/lib/gcc/arm-none-eabi/14.3.1/include/arm_mve.h **** __extension__ extern __inline int16x8_t
1275:/home/min/snap/code/229/.local/share/stm32cube/bundles/gnu-tools-for-stm32/14.3.1+st.2/lib/gcc/arm-none-eabi/14.3.1/include/arm_mve.h **** __attribute__ ((__always_inline__, __gnu_inline__, __artificial__))
1276:/home/min/snap/code/229/.local/share/stm32cube/bundles/gnu-tools-for-stm32/14.3.1+st.2/lib/gcc/arm-none-eabi/14.3.1/include/arm_mve.h **** __arm_vldrbq_s16 (int8_t const * __base)
1277:/home/min/snap/code/229/.local/share/stm32cube/bundles/gnu-tools-for-stm32/14.3.1+st.2/lib/gcc/arm-none-eabi/14.3.1/include/arm_mve.h **** {
1278:/home/min/snap/code/229/.local/share/stm32cube/bundles/gnu-tools-for-stm32/14.3.1+st.2/lib/gcc/arm-none-eabi/14.3.1/include/arm_mve.h ****   return __builtin_mve_vldrbq_sv8hi ((__builtin_neon_qi *) __base);
1279:/home/min/snap/code/229/.local/share/stm32cube/bundles/gnu-tools-for-stm32/14.3.1+st.2/lib/gcc/arm-none-eabi/14.3.1/include/arm_mve.h **** }
1280:/home/min/snap/code/229/.local/share/stm32cube/bundles/gnu-tools-for-stm32/14.3.1+st.2/lib/gcc/arm-none-eabi/14.3.1/include/arm_mve.h **** 
1281:/home/min/snap/code/229/.local/share/stm32cube/bundles/gnu-tools-for-stm32/14.3.1+st.2/lib/gcc/arm-none-eabi/14.3.1/include/arm_mve.h **** __extension__ extern __inline uint16x8_t
1282:/home/min/snap/code/229/.local/share/stm32cube/bundles/gnu-tools-for-stm32/14.3.1+st.2/lib/gcc/arm-none-eabi/14.3.1/include/arm_mve.h **** __attribute__ ((__always_inline__, __gnu_inline__, __artificial__))
1283:/home/min/snap/code/229/.local/share/stm32cube/bundles/gnu-tools-for-stm32/14.3.1+st.2/lib/gcc/arm-none-eabi/14.3.1/include/arm_mve.h **** __arm_vldrbq_u16 (uint8_t const * __base)
1284:/home/min/snap/code/229/.local/share/stm32cube/bundles/gnu-tools-for-stm32/14.3.1+st.2/lib/gcc/arm-none-eabi/14.3.1/include/arm_mve.h **** {
1285:/home/min/snap/code/229/.local/share/stm32cube/bundles/gnu-tools-for-stm32/14.3.1+st.2/lib/gcc/arm-none-eabi/14.3.1/include/arm_mve.h ****   return __builtin_mve_vldrbq_uv8hi ((__builtin_neon_qi *) __base);
1286:/home/min/snap/code/229/.local/share/stm32cube/bundles/gnu-tools-for-stm32/14.3.1+st.2/lib/gcc/arm-none-eabi/14.3.1/include/arm_mve.h **** }
1287:/home/min/snap/code/229/.local/share/stm32cube/bundles/gnu-tools-for-stm32/14.3.1+st.2/lib/gcc/arm-none-eabi/14.3.1/include/arm_mve.h **** 
1288:/home/min/snap/code/229/.local/share/stm32cube/bundles/gnu-tools-for-stm32/14.3.1+st.2/lib/gcc/arm-none-eabi/14.3.1/include/arm_mve.h **** __extension__ extern __inline uint32x4_t
1289:/home/min/snap/code/229/.local/share/stm32cube/bundles/gnu-tools-for-stm32/14.3.1+st.2/lib/gcc/arm-none-eabi/14.3.1/include/arm_mve.h **** __attribute__ ((__always_inline__, __gnu_inline__, __artificial__))
1290:/home/min/snap/code/229/.local/share/stm32cube/bundles/gnu-tools-for-stm32/14.3.1+st.2/lib/gcc/arm-none-eabi/14.3.1/include/arm_mve.h **** __arm_vldrbq_gather_offset_u32 (uint8_t const * __base, uint32x4_t __offset)
1291:/home/min/snap/code/229/.local/share/stm32cube/bundles/gnu-tools-for-stm32/14.3.1+st.2/lib/gcc/arm-none-eabi/14.3.1/include/arm_mve.h **** {
1292:/home/min/snap/code/229/.local/share/stm32cube/bundles/gnu-tools-for-stm32/14.3.1+st.2/lib/gcc/arm-none-eabi/14.3.1/include/arm_mve.h ****   return __builtin_mve_vldrbq_gather_offset_uv4si ((__builtin_neon_qi *) __base, __offset);
1293:/home/min/snap/code/229/.local/share/stm32cube/bundles/gnu-tools-for-stm32/14.3.1+st.2/lib/gcc/arm-none-eabi/14.3.1/include/arm_mve.h **** }
1294:/home/min/snap/code/229/.local/share/stm32cube/bundles/gnu-tools-for-stm32/14.3.1+st.2/lib/gcc/arm-none-eabi/14.3.1/include/arm_mve.h **** 
1295:/home/min/snap/code/229/.local/share/stm32cube/bundles/gnu-tools-for-stm32/14.3.1+st.2/lib/gcc/arm-none-eabi/14.3.1/include/arm_mve.h **** __extension__ extern __inline int32x4_t
1296:/home/min/snap/code/229/.local/share/stm32cube/bundles/gnu-tools-for-stm32/14.3.1+st.2/lib/gcc/arm-none-eabi/14.3.1/include/arm_mve.h **** __attribute__ ((__always_inline__, __gnu_inline__, __artificial__))
1297:/home/min/snap/code/229/.local/share/stm32cube/bundles/gnu-tools-for-stm32/14.3.1+st.2/lib/gcc/arm-none-eabi/14.3.1/include/arm_mve.h **** __arm_vldrbq_gather_offset_s32 (int8_t const * __base, uint32x4_t __offset)
1298:/home/min/snap/code/229/.local/share/stm32cube/bundles/gnu-tools-for-stm32/14.3.1+st.2/lib/gcc/arm-none-eabi/14.3.1/include/arm_mve.h **** {
1299:/home/min/snap/code/229/.local/share/stm32cube/bundles/gnu-tools-for-stm32/14.3.1+st.2/lib/gcc/arm-none-eabi/14.3.1/include/arm_mve.h ****   return __builtin_mve_vldrbq_gather_offset_sv4si ((__builtin_neon_qi *) __base, __offset);
1300:/home/min/snap/code/229/.local/share/stm32cube/bundles/gnu-tools-for-stm32/14.3.1+st.2/lib/gcc/arm-none-eabi/14.3.1/include/arm_mve.h **** }
1301:/home/min/snap/code/229/.local/share/stm32cube/bundles/gnu-tools-for-stm32/14.3.1+st.2/lib/gcc/arm-none-eabi/14.3.1/include/arm_mve.h **** 
1302:/home/min/snap/code/229/.local/share/stm32cube/bundles/gnu-tools-for-stm32/14.3.1+st.2/lib/gcc/arm-none-eabi/14.3.1/include/arm_mve.h **** __extension__ extern __inline int32x4_t
1303:/home/min/snap/code/229/.local/share/stm32cube/bundles/gnu-tools-for-stm32/14.3.1+st.2/lib/gcc/arm-none-eabi/14.3.1/include/arm_mve.h **** __attribute__ ((__always_inline__, __gnu_inline__, __artificial__))
1304:/home/min/snap/code/229/.local/share/stm32cube/bundles/gnu-tools-for-stm32/14.3.1+st.2/lib/gcc/arm-none-eabi/14.3.1/include/arm_mve.h **** __arm_vldrbq_s32 (int8_t const * __base)
1305:/home/min/snap/code/229/.local/share/stm32cube/bundles/gnu-tools-for-stm32/14.3.1+st.2/lib/gcc/arm-none-eabi/14.3.1/include/arm_mve.h **** {
1306:/home/min/snap/code/229/.local/share/stm32cube/bundles/gnu-tools-for-stm32/14.3.1+st.2/lib/gcc/arm-none-eabi/14.3.1/include/arm_mve.h ****   return __builtin_mve_vldrbq_sv4si ((__builtin_neon_qi *) __base);
1307:/home/min/snap/code/229/.local/share/stm32cube/bundles/gnu-tools-for-stm32/14.3.1+st.2/lib/gcc/arm-none-eabi/14.3.1/include/arm_mve.h **** }
1308:/home/min/snap/code/229/.local/share/stm32cube/bundles/gnu-tools-for-stm32/14.3.1+st.2/lib/gcc/arm-none-eabi/14.3.1/include/arm_mve.h **** 
1309:/home/min/snap/code/229/.local/share/stm32cube/bundles/gnu-tools-for-stm32/14.3.1+st.2/lib/gcc/arm-none-eabi/14.3.1/include/arm_mve.h **** __extension__ extern __inline uint32x4_t
1310:/home/min/snap/code/229/.local/share/stm32cube/bundles/gnu-tools-for-stm32/14.3.1+st.2/lib/gcc/arm-none-eabi/14.3.1/include/arm_mve.h **** __attribute__ ((__always_inline__, __gnu_inline__, __artificial__))
1311:/home/min/snap/code/229/.local/share/stm32cube/bundles/gnu-tools-for-stm32/14.3.1+st.2/lib/gcc/arm-none-eabi/14.3.1/include/arm_mve.h **** __arm_vldrbq_u32 (uint8_t const * __base)
1312:/home/min/snap/code/229/.local/share/stm32cube/bundles/gnu-tools-for-stm32/14.3.1+st.2/lib/gcc/arm-none-eabi/14.3.1/include/arm_mve.h **** {
1313:/home/min/snap/code/229/.local/share/stm32cube/bundles/gnu-tools-for-stm32/14.3.1+st.2/lib/gcc/arm-none-eabi/14.3.1/include/arm_mve.h ****   return __builtin_mve_vldrbq_uv4si ((__builtin_neon_qi *) __base);
1314:/home/min/snap/code/229/.local/share/stm32cube/bundles/gnu-tools-for-stm32/14.3.1+st.2/lib/gcc/arm-none-eabi/14.3.1/include/arm_mve.h **** }
1315:/home/min/snap/code/229/.local/share/stm32cube/bundles/gnu-tools-for-stm32/14.3.1+st.2/lib/gcc/arm-none-eabi/14.3.1/include/arm_mve.h **** 
1316:/home/min/snap/code/229/.local/share/stm32cube/bundles/gnu-tools-for-stm32/14.3.1+st.2/lib/gcc/arm-none-eabi/14.3.1/include/arm_mve.h **** __extension__ extern __inline int32x4_t
1317:/home/min/snap/code/229/.local/share/stm32cube/bundles/gnu-tools-for-stm32/14.3.1+st.2/lib/gcc/arm-none-eabi/14.3.1/include/arm_mve.h **** __attribute__ ((__always_inline__, __gnu_inline__, __artificial__))
1318:/home/min/snap/code/229/.local/share/stm32cube/bundles/gnu-tools-for-stm32/14.3.1+st.2/lib/gcc/arm-none-eabi/14.3.1/include/arm_mve.h **** __arm_vldrwq_gather_base_s32 (uint32x4_t __addr, const int __offset)
1319:/home/min/snap/code/229/.local/share/stm32cube/bundles/gnu-tools-for-stm32/14.3.1+st.2/lib/gcc/arm-none-eabi/14.3.1/include/arm_mve.h **** {
1320:/home/min/snap/code/229/.local/share/stm32cube/bundles/gnu-tools-for-stm32/14.3.1+st.2/lib/gcc/arm-none-eabi/14.3.1/include/arm_mve.h ****   return __builtin_mve_vldrwq_gather_base_sv4si (__addr, __offset);
1321:/home/min/snap/code/229/.local/share/stm32cube/bundles/gnu-tools-for-stm32/14.3.1+st.2/lib/gcc/arm-none-eabi/14.3.1/include/arm_mve.h **** }
1322:/home/min/snap/code/229/.local/share/stm32cube/bundles/gnu-tools-for-stm32/14.3.1+st.2/lib/gcc/arm-none-eabi/14.3.1/include/arm_mve.h **** 
1323:/home/min/snap/code/229/.local/share/stm32cube/bundles/gnu-tools-for-stm32/14.3.1+st.2/lib/gcc/arm-none-eabi/14.3.1/include/arm_mve.h **** __extension__ extern __inline uint32x4_t
1324:/home/min/snap/code/229/.local/share/stm32cube/bundles/gnu-tools-for-stm32/14.3.1+st.2/lib/gcc/arm-none-eabi/14.3.1/include/arm_mve.h **** __attribute__ ((__always_inline__, __gnu_inline__, __artificial__))
1325:/home/min/snap/code/229/.local/share/stm32cube/bundles/gnu-tools-for-stm32/14.3.1+st.2/lib/gcc/arm-none-eabi/14.3.1/include/arm_mve.h **** __arm_vldrwq_gather_base_u32 (uint32x4_t __addr, const int __offset)
1326:/home/min/snap/code/229/.local/share/stm32cube/bundles/gnu-tools-for-stm32/14.3.1+st.2/lib/gcc/arm-none-eabi/14.3.1/include/arm_mve.h **** {
1327:/home/min/snap/code/229/.local/share/stm32cube/bundles/gnu-tools-for-stm32/14.3.1+st.2/lib/gcc/arm-none-eabi/14.3.1/include/arm_mve.h ****   return __builtin_mve_vldrwq_gather_base_uv4si (__addr, __offset);
1328:/home/min/snap/code/229/.local/share/stm32cube/bundles/gnu-tools-for-stm32/14.3.1+st.2/lib/gcc/arm-none-eabi/14.3.1/include/arm_mve.h **** }
ARM GAS  /tmp/cc66eICS.s 			page 37


1329:/home/min/snap/code/229/.local/share/stm32cube/bundles/gnu-tools-for-stm32/14.3.1+st.2/lib/gcc/arm-none-eabi/14.3.1/include/arm_mve.h **** 
1330:/home/min/snap/code/229/.local/share/stm32cube/bundles/gnu-tools-for-stm32/14.3.1+st.2/lib/gcc/arm-none-eabi/14.3.1/include/arm_mve.h **** __extension__ extern __inline void
1331:/home/min/snap/code/229/.local/share/stm32cube/bundles/gnu-tools-for-stm32/14.3.1+st.2/lib/gcc/arm-none-eabi/14.3.1/include/arm_mve.h **** __attribute__ ((__always_inline__, __gnu_inline__, __artificial__))
1332:/home/min/snap/code/229/.local/share/stm32cube/bundles/gnu-tools-for-stm32/14.3.1+st.2/lib/gcc/arm-none-eabi/14.3.1/include/arm_mve.h **** __arm_vstrbq_p_s8 (int8_t * __addr, int8x16_t __value, mve_pred16_t __p)
1333:/home/min/snap/code/229/.local/share/stm32cube/bundles/gnu-tools-for-stm32/14.3.1+st.2/lib/gcc/arm-none-eabi/14.3.1/include/arm_mve.h **** {
1334:/home/min/snap/code/229/.local/share/stm32cube/bundles/gnu-tools-for-stm32/14.3.1+st.2/lib/gcc/arm-none-eabi/14.3.1/include/arm_mve.h ****   __builtin_mve_vstrbq_p_sv16qi ((__builtin_neon_qi *) __addr, __value, __p);
1335:/home/min/snap/code/229/.local/share/stm32cube/bundles/gnu-tools-for-stm32/14.3.1+st.2/lib/gcc/arm-none-eabi/14.3.1/include/arm_mve.h **** }
1336:/home/min/snap/code/229/.local/share/stm32cube/bundles/gnu-tools-for-stm32/14.3.1+st.2/lib/gcc/arm-none-eabi/14.3.1/include/arm_mve.h **** 
1337:/home/min/snap/code/229/.local/share/stm32cube/bundles/gnu-tools-for-stm32/14.3.1+st.2/lib/gcc/arm-none-eabi/14.3.1/include/arm_mve.h **** __extension__ extern __inline void
1338:/home/min/snap/code/229/.local/share/stm32cube/bundles/gnu-tools-for-stm32/14.3.1+st.2/lib/gcc/arm-none-eabi/14.3.1/include/arm_mve.h **** __attribute__ ((__always_inline__, __gnu_inline__, __artificial__))
1339:/home/min/snap/code/229/.local/share/stm32cube/bundles/gnu-tools-for-stm32/14.3.1+st.2/lib/gcc/arm-none-eabi/14.3.1/include/arm_mve.h **** __arm_vstrbq_p_s32 (int8_t * __addr, int32x4_t __value, mve_pred16_t __p)
1340:/home/min/snap/code/229/.local/share/stm32cube/bundles/gnu-tools-for-stm32/14.3.1+st.2/lib/gcc/arm-none-eabi/14.3.1/include/arm_mve.h **** {
1341:/home/min/snap/code/229/.local/share/stm32cube/bundles/gnu-tools-for-stm32/14.3.1+st.2/lib/gcc/arm-none-eabi/14.3.1/include/arm_mve.h ****   __builtin_mve_vstrbq_p_sv4si ((__builtin_neon_qi *) __addr, __value, __p);
1342:/home/min/snap/code/229/.local/share/stm32cube/bundles/gnu-tools-for-stm32/14.3.1+st.2/lib/gcc/arm-none-eabi/14.3.1/include/arm_mve.h **** }
1343:/home/min/snap/code/229/.local/share/stm32cube/bundles/gnu-tools-for-stm32/14.3.1+st.2/lib/gcc/arm-none-eabi/14.3.1/include/arm_mve.h **** 
1344:/home/min/snap/code/229/.local/share/stm32cube/bundles/gnu-tools-for-stm32/14.3.1+st.2/lib/gcc/arm-none-eabi/14.3.1/include/arm_mve.h **** __extension__ extern __inline void
1345:/home/min/snap/code/229/.local/share/stm32cube/bundles/gnu-tools-for-stm32/14.3.1+st.2/lib/gcc/arm-none-eabi/14.3.1/include/arm_mve.h **** __attribute__ ((__always_inline__, __gnu_inline__, __artificial__))
1346:/home/min/snap/code/229/.local/share/stm32cube/bundles/gnu-tools-for-stm32/14.3.1+st.2/lib/gcc/arm-none-eabi/14.3.1/include/arm_mve.h **** __arm_vstrbq_p_s16 (int8_t * __addr, int16x8_t __value, mve_pred16_t __p)
1347:/home/min/snap/code/229/.local/share/stm32cube/bundles/gnu-tools-for-stm32/14.3.1+st.2/lib/gcc/arm-none-eabi/14.3.1/include/arm_mve.h **** {
1348:/home/min/snap/code/229/.local/share/stm32cube/bundles/gnu-tools-for-stm32/14.3.1+st.2/lib/gcc/arm-none-eabi/14.3.1/include/arm_mve.h ****   __builtin_mve_vstrbq_p_sv8hi ((__builtin_neon_qi *) __addr, __value, __p);
1349:/home/min/snap/code/229/.local/share/stm32cube/bundles/gnu-tools-for-stm32/14.3.1+st.2/lib/gcc/arm-none-eabi/14.3.1/include/arm_mve.h **** }
1350:/home/min/snap/code/229/.local/share/stm32cube/bundles/gnu-tools-for-stm32/14.3.1+st.2/lib/gcc/arm-none-eabi/14.3.1/include/arm_mve.h **** 
1351:/home/min/snap/code/229/.local/share/stm32cube/bundles/gnu-tools-for-stm32/14.3.1+st.2/lib/gcc/arm-none-eabi/14.3.1/include/arm_mve.h **** __extension__ extern __inline void
1352:/home/min/snap/code/229/.local/share/stm32cube/bundles/gnu-tools-for-stm32/14.3.1+st.2/lib/gcc/arm-none-eabi/14.3.1/include/arm_mve.h **** __attribute__ ((__always_inline__, __gnu_inline__, __artificial__))
1353:/home/min/snap/code/229/.local/share/stm32cube/bundles/gnu-tools-for-stm32/14.3.1+st.2/lib/gcc/arm-none-eabi/14.3.1/include/arm_mve.h **** __arm_vstrbq_p_u8 (uint8_t * __addr, uint8x16_t __value, mve_pred16_t __p)
1354:/home/min/snap/code/229/.local/share/stm32cube/bundles/gnu-tools-for-stm32/14.3.1+st.2/lib/gcc/arm-none-eabi/14.3.1/include/arm_mve.h **** {
1355:/home/min/snap/code/229/.local/share/stm32cube/bundles/gnu-tools-for-stm32/14.3.1+st.2/lib/gcc/arm-none-eabi/14.3.1/include/arm_mve.h ****   __builtin_mve_vstrbq_p_uv16qi ((__builtin_neon_qi *) __addr, __value, __p);
1356:/home/min/snap/code/229/.local/share/stm32cube/bundles/gnu-tools-for-stm32/14.3.1+st.2/lib/gcc/arm-none-eabi/14.3.1/include/arm_mve.h **** }
1357:/home/min/snap/code/229/.local/share/stm32cube/bundles/gnu-tools-for-stm32/14.3.1+st.2/lib/gcc/arm-none-eabi/14.3.1/include/arm_mve.h **** 
1358:/home/min/snap/code/229/.local/share/stm32cube/bundles/gnu-tools-for-stm32/14.3.1+st.2/lib/gcc/arm-none-eabi/14.3.1/include/arm_mve.h **** __extension__ extern __inline void
1359:/home/min/snap/code/229/.local/share/stm32cube/bundles/gnu-tools-for-stm32/14.3.1+st.2/lib/gcc/arm-none-eabi/14.3.1/include/arm_mve.h **** __attribute__ ((__always_inline__, __gnu_inline__, __artificial__))
1360:/home/min/snap/code/229/.local/share/stm32cube/bundles/gnu-tools-for-stm32/14.3.1+st.2/lib/gcc/arm-none-eabi/14.3.1/include/arm_mve.h **** __arm_vstrbq_p_u32 (uint8_t * __addr, uint32x4_t __value, mve_pred16_t __p)
1361:/home/min/snap/code/229/.local/share/stm32cube/bundles/gnu-tools-for-stm32/14.3.1+st.2/lib/gcc/arm-none-eabi/14.3.1/include/arm_mve.h **** {
1362:/home/min/snap/code/229/.local/share/stm32cube/bundles/gnu-tools-for-stm32/14.3.1+st.2/lib/gcc/arm-none-eabi/14.3.1/include/arm_mve.h ****   __builtin_mve_vstrbq_p_uv4si ((__builtin_neon_qi *) __addr, __value, __p);
1363:/home/min/snap/code/229/.local/share/stm32cube/bundles/gnu-tools-for-stm32/14.3.1+st.2/lib/gcc/arm-none-eabi/14.3.1/include/arm_mve.h **** }
1364:/home/min/snap/code/229/.local/share/stm32cube/bundles/gnu-tools-for-stm32/14.3.1+st.2/lib/gcc/arm-none-eabi/14.3.1/include/arm_mve.h **** 
1365:/home/min/snap/code/229/.local/share/stm32cube/bundles/gnu-tools-for-stm32/14.3.1+st.2/lib/gcc/arm-none-eabi/14.3.1/include/arm_mve.h **** __extension__ extern __inline void
1366:/home/min/snap/code/229/.local/share/stm32cube/bundles/gnu-tools-for-stm32/14.3.1+st.2/lib/gcc/arm-none-eabi/14.3.1/include/arm_mve.h **** __attribute__ ((__always_inline__, __gnu_inline__, __artificial__))
1367:/home/min/snap/code/229/.local/share/stm32cube/bundles/gnu-tools-for-stm32/14.3.1+st.2/lib/gcc/arm-none-eabi/14.3.1/include/arm_mve.h **** __arm_vstrbq_p_u16 (uint8_t * __addr, uint16x8_t __value, mve_pred16_t __p)
1368:/home/min/snap/code/229/.local/share/stm32cube/bundles/gnu-tools-for-stm32/14.3.1+st.2/lib/gcc/arm-none-eabi/14.3.1/include/arm_mve.h **** {
1369:/home/min/snap/code/229/.local/share/stm32cube/bundles/gnu-tools-for-stm32/14.3.1+st.2/lib/gcc/arm-none-eabi/14.3.1/include/arm_mve.h ****   __builtin_mve_vstrbq_p_uv8hi ((__builtin_neon_qi *) __addr, __value, __p);
1370:/home/min/snap/code/229/.local/share/stm32cube/bundles/gnu-tools-for-stm32/14.3.1+st.2/lib/gcc/arm-none-eabi/14.3.1/include/arm_mve.h **** }
1371:/home/min/snap/code/229/.local/share/stm32cube/bundles/gnu-tools-for-stm32/14.3.1+st.2/lib/gcc/arm-none-eabi/14.3.1/include/arm_mve.h **** 
1372:/home/min/snap/code/229/.local/share/stm32cube/bundles/gnu-tools-for-stm32/14.3.1+st.2/lib/gcc/arm-none-eabi/14.3.1/include/arm_mve.h **** __extension__ extern __inline void
1373:/home/min/snap/code/229/.local/share/stm32cube/bundles/gnu-tools-for-stm32/14.3.1+st.2/lib/gcc/arm-none-eabi/14.3.1/include/arm_mve.h **** __attribute__ ((__always_inline__, __gnu_inline__, __artificial__))
1374:/home/min/snap/code/229/.local/share/stm32cube/bundles/gnu-tools-for-stm32/14.3.1+st.2/lib/gcc/arm-none-eabi/14.3.1/include/arm_mve.h **** __arm_vstrbq_scatter_offset_p_s8 (int8_t * __base, uint8x16_t __offset, int8x16_t __value, mve_pred
1375:/home/min/snap/code/229/.local/share/stm32cube/bundles/gnu-tools-for-stm32/14.3.1+st.2/lib/gcc/arm-none-eabi/14.3.1/include/arm_mve.h **** {
1376:/home/min/snap/code/229/.local/share/stm32cube/bundles/gnu-tools-for-stm32/14.3.1+st.2/lib/gcc/arm-none-eabi/14.3.1/include/arm_mve.h ****   __builtin_mve_vstrbq_scatter_offset_p_sv16qi ((__builtin_neon_qi *) __base, __offset, __value, __
1377:/home/min/snap/code/229/.local/share/stm32cube/bundles/gnu-tools-for-stm32/14.3.1+st.2/lib/gcc/arm-none-eabi/14.3.1/include/arm_mve.h **** }
1378:/home/min/snap/code/229/.local/share/stm32cube/bundles/gnu-tools-for-stm32/14.3.1+st.2/lib/gcc/arm-none-eabi/14.3.1/include/arm_mve.h **** 
1379:/home/min/snap/code/229/.local/share/stm32cube/bundles/gnu-tools-for-stm32/14.3.1+st.2/lib/gcc/arm-none-eabi/14.3.1/include/arm_mve.h **** __extension__ extern __inline void
1380:/home/min/snap/code/229/.local/share/stm32cube/bundles/gnu-tools-for-stm32/14.3.1+st.2/lib/gcc/arm-none-eabi/14.3.1/include/arm_mve.h **** __attribute__ ((__always_inline__, __gnu_inline__, __artificial__))
1381:/home/min/snap/code/229/.local/share/stm32cube/bundles/gnu-tools-for-stm32/14.3.1+st.2/lib/gcc/arm-none-eabi/14.3.1/include/arm_mve.h **** __arm_vstrbq_scatter_offset_p_s32 (int8_t * __base, uint32x4_t __offset, int32x4_t __value, mve_pre
1382:/home/min/snap/code/229/.local/share/stm32cube/bundles/gnu-tools-for-stm32/14.3.1+st.2/lib/gcc/arm-none-eabi/14.3.1/include/arm_mve.h **** {
1383:/home/min/snap/code/229/.local/share/stm32cube/bundles/gnu-tools-for-stm32/14.3.1+st.2/lib/gcc/arm-none-eabi/14.3.1/include/arm_mve.h ****   __builtin_mve_vstrbq_scatter_offset_p_sv4si ((__builtin_neon_qi *) __base, __offset, __value, __p
1384:/home/min/snap/code/229/.local/share/stm32cube/bundles/gnu-tools-for-stm32/14.3.1+st.2/lib/gcc/arm-none-eabi/14.3.1/include/arm_mve.h **** }
1385:/home/min/snap/code/229/.local/share/stm32cube/bundles/gnu-tools-for-stm32/14.3.1+st.2/lib/gcc/arm-none-eabi/14.3.1/include/arm_mve.h **** 
ARM GAS  /tmp/cc66eICS.s 			page 38


1386:/home/min/snap/code/229/.local/share/stm32cube/bundles/gnu-tools-for-stm32/14.3.1+st.2/lib/gcc/arm-none-eabi/14.3.1/include/arm_mve.h **** __extension__ extern __inline void
1387:/home/min/snap/code/229/.local/share/stm32cube/bundles/gnu-tools-for-stm32/14.3.1+st.2/lib/gcc/arm-none-eabi/14.3.1/include/arm_mve.h **** __attribute__ ((__always_inline__, __gnu_inline__, __artificial__))
1388:/home/min/snap/code/229/.local/share/stm32cube/bundles/gnu-tools-for-stm32/14.3.1+st.2/lib/gcc/arm-none-eabi/14.3.1/include/arm_mve.h **** __arm_vstrbq_scatter_offset_p_s16 (int8_t * __base, uint16x8_t __offset, int16x8_t __value, mve_pre
1389:/home/min/snap/code/229/.local/share/stm32cube/bundles/gnu-tools-for-stm32/14.3.1+st.2/lib/gcc/arm-none-eabi/14.3.1/include/arm_mve.h **** {
1390:/home/min/snap/code/229/.local/share/stm32cube/bundles/gnu-tools-for-stm32/14.3.1+st.2/lib/gcc/arm-none-eabi/14.3.1/include/arm_mve.h ****   __builtin_mve_vstrbq_scatter_offset_p_sv8hi ((__builtin_neon_qi *) __base, __offset, __value, __p
1391:/home/min/snap/code/229/.local/share/stm32cube/bundles/gnu-tools-for-stm32/14.3.1+st.2/lib/gcc/arm-none-eabi/14.3.1/include/arm_mve.h **** }
1392:/home/min/snap/code/229/.local/share/stm32cube/bundles/gnu-tools-for-stm32/14.3.1+st.2/lib/gcc/arm-none-eabi/14.3.1/include/arm_mve.h **** 
1393:/home/min/snap/code/229/.local/share/stm32cube/bundles/gnu-tools-for-stm32/14.3.1+st.2/lib/gcc/arm-none-eabi/14.3.1/include/arm_mve.h **** __extension__ extern __inline void
1394:/home/min/snap/code/229/.local/share/stm32cube/bundles/gnu-tools-for-stm32/14.3.1+st.2/lib/gcc/arm-none-eabi/14.3.1/include/arm_mve.h **** __attribute__ ((__always_inline__, __gnu_inline__, __artificial__))
1395:/home/min/snap/code/229/.local/share/stm32cube/bundles/gnu-tools-for-stm32/14.3.1+st.2/lib/gcc/arm-none-eabi/14.3.1/include/arm_mve.h **** __arm_vstrbq_scatter_offset_p_u8 (uint8_t * __base, uint8x16_t __offset, uint8x16_t __value, mve_pr
1396:/home/min/snap/code/229/.local/share/stm32cube/bundles/gnu-tools-for-stm32/14.3.1+st.2/lib/gcc/arm-none-eabi/14.3.1/include/arm_mve.h **** {
1397:/home/min/snap/code/229/.local/share/stm32cube/bundles/gnu-tools-for-stm32/14.3.1+st.2/lib/gcc/arm-none-eabi/14.3.1/include/arm_mve.h ****   __builtin_mve_vstrbq_scatter_offset_p_uv16qi ((__builtin_neon_qi *) __base, __offset, __value, __
1398:/home/min/snap/code/229/.local/share/stm32cube/bundles/gnu-tools-for-stm32/14.3.1+st.2/lib/gcc/arm-none-eabi/14.3.1/include/arm_mve.h **** }
1399:/home/min/snap/code/229/.local/share/stm32cube/bundles/gnu-tools-for-stm32/14.3.1+st.2/lib/gcc/arm-none-eabi/14.3.1/include/arm_mve.h **** 
1400:/home/min/snap/code/229/.local/share/stm32cube/bundles/gnu-tools-for-stm32/14.3.1+st.2/lib/gcc/arm-none-eabi/14.3.1/include/arm_mve.h **** __extension__ extern __inline void
1401:/home/min/snap/code/229/.local/share/stm32cube/bundles/gnu-tools-for-stm32/14.3.1+st.2/lib/gcc/arm-none-eabi/14.3.1/include/arm_mve.h **** __attribute__ ((__always_inline__, __gnu_inline__, __artificial__))
1402:/home/min/snap/code/229/.local/share/stm32cube/bundles/gnu-tools-for-stm32/14.3.1+st.2/lib/gcc/arm-none-eabi/14.3.1/include/arm_mve.h **** __arm_vstrbq_scatter_offset_p_u32 (uint8_t * __base, uint32x4_t __offset, uint32x4_t __value, mve_p
1403:/home/min/snap/code/229/.local/share/stm32cube/bundles/gnu-tools-for-stm32/14.3.1+st.2/lib/gcc/arm-none-eabi/14.3.1/include/arm_mve.h **** {
1404:/home/min/snap/code/229/.local/share/stm32cube/bundles/gnu-tools-for-stm32/14.3.1+st.2/lib/gcc/arm-none-eabi/14.3.1/include/arm_mve.h ****   __builtin_mve_vstrbq_scatter_offset_p_uv4si ((__builtin_neon_qi *) __base, __offset, __value, __p
1405:/home/min/snap/code/229/.local/share/stm32cube/bundles/gnu-tools-for-stm32/14.3.1+st.2/lib/gcc/arm-none-eabi/14.3.1/include/arm_mve.h **** }
1406:/home/min/snap/code/229/.local/share/stm32cube/bundles/gnu-tools-for-stm32/14.3.1+st.2/lib/gcc/arm-none-eabi/14.3.1/include/arm_mve.h **** 
1407:/home/min/snap/code/229/.local/share/stm32cube/bundles/gnu-tools-for-stm32/14.3.1+st.2/lib/gcc/arm-none-eabi/14.3.1/include/arm_mve.h **** __extension__ extern __inline void
1408:/home/min/snap/code/229/.local/share/stm32cube/bundles/gnu-tools-for-stm32/14.3.1+st.2/lib/gcc/arm-none-eabi/14.3.1/include/arm_mve.h **** __attribute__ ((__always_inline__, __gnu_inline__, __artificial__))
1409:/home/min/snap/code/229/.local/share/stm32cube/bundles/gnu-tools-for-stm32/14.3.1+st.2/lib/gcc/arm-none-eabi/14.3.1/include/arm_mve.h **** __arm_vstrbq_scatter_offset_p_u16 (uint8_t * __base, uint16x8_t __offset, uint16x8_t __value, mve_p
1410:/home/min/snap/code/229/.local/share/stm32cube/bundles/gnu-tools-for-stm32/14.3.1+st.2/lib/gcc/arm-none-eabi/14.3.1/include/arm_mve.h **** {
1411:/home/min/snap/code/229/.local/share/stm32cube/bundles/gnu-tools-for-stm32/14.3.1+st.2/lib/gcc/arm-none-eabi/14.3.1/include/arm_mve.h ****   __builtin_mve_vstrbq_scatter_offset_p_uv8hi ((__builtin_neon_qi *) __base, __offset, __value, __p
1412:/home/min/snap/code/229/.local/share/stm32cube/bundles/gnu-tools-for-stm32/14.3.1+st.2/lib/gcc/arm-none-eabi/14.3.1/include/arm_mve.h **** }
1413:/home/min/snap/code/229/.local/share/stm32cube/bundles/gnu-tools-for-stm32/14.3.1+st.2/lib/gcc/arm-none-eabi/14.3.1/include/arm_mve.h **** 
1414:/home/min/snap/code/229/.local/share/stm32cube/bundles/gnu-tools-for-stm32/14.3.1+st.2/lib/gcc/arm-none-eabi/14.3.1/include/arm_mve.h **** __extension__ extern __inline void
1415:/home/min/snap/code/229/.local/share/stm32cube/bundles/gnu-tools-for-stm32/14.3.1+st.2/lib/gcc/arm-none-eabi/14.3.1/include/arm_mve.h **** __attribute__ ((__always_inline__, __gnu_inline__, __artificial__))
1416:/home/min/snap/code/229/.local/share/stm32cube/bundles/gnu-tools-for-stm32/14.3.1+st.2/lib/gcc/arm-none-eabi/14.3.1/include/arm_mve.h **** __arm_vstrwq_scatter_base_p_s32 (uint32x4_t __addr, const int __offset, int32x4_t __value, mve_pred
1417:/home/min/snap/code/229/.local/share/stm32cube/bundles/gnu-tools-for-stm32/14.3.1+st.2/lib/gcc/arm-none-eabi/14.3.1/include/arm_mve.h **** {
1418:/home/min/snap/code/229/.local/share/stm32cube/bundles/gnu-tools-for-stm32/14.3.1+st.2/lib/gcc/arm-none-eabi/14.3.1/include/arm_mve.h ****   __builtin_mve_vstrwq_scatter_base_p_sv4si (__addr, __offset, __value, __p);
1419:/home/min/snap/code/229/.local/share/stm32cube/bundles/gnu-tools-for-stm32/14.3.1+st.2/lib/gcc/arm-none-eabi/14.3.1/include/arm_mve.h **** }
1420:/home/min/snap/code/229/.local/share/stm32cube/bundles/gnu-tools-for-stm32/14.3.1+st.2/lib/gcc/arm-none-eabi/14.3.1/include/arm_mve.h **** 
1421:/home/min/snap/code/229/.local/share/stm32cube/bundles/gnu-tools-for-stm32/14.3.1+st.2/lib/gcc/arm-none-eabi/14.3.1/include/arm_mve.h **** __extension__ extern __inline void
1422:/home/min/snap/code/229/.local/share/stm32cube/bundles/gnu-tools-for-stm32/14.3.1+st.2/lib/gcc/arm-none-eabi/14.3.1/include/arm_mve.h **** __attribute__ ((__always_inline__, __gnu_inline__, __artificial__))
1423:/home/min/snap/code/229/.local/share/stm32cube/bundles/gnu-tools-for-stm32/14.3.1+st.2/lib/gcc/arm-none-eabi/14.3.1/include/arm_mve.h **** __arm_vstrwq_scatter_base_p_u32 (uint32x4_t __addr, const int __offset, uint32x4_t __value, mve_pre
1424:/home/min/snap/code/229/.local/share/stm32cube/bundles/gnu-tools-for-stm32/14.3.1+st.2/lib/gcc/arm-none-eabi/14.3.1/include/arm_mve.h **** {
1425:/home/min/snap/code/229/.local/share/stm32cube/bundles/gnu-tools-for-stm32/14.3.1+st.2/lib/gcc/arm-none-eabi/14.3.1/include/arm_mve.h ****   __builtin_mve_vstrwq_scatter_base_p_uv4si (__addr, __offset, __value, __p);
1426:/home/min/snap/code/229/.local/share/stm32cube/bundles/gnu-tools-for-stm32/14.3.1+st.2/lib/gcc/arm-none-eabi/14.3.1/include/arm_mve.h **** }
1427:/home/min/snap/code/229/.local/share/stm32cube/bundles/gnu-tools-for-stm32/14.3.1+st.2/lib/gcc/arm-none-eabi/14.3.1/include/arm_mve.h **** 
1428:/home/min/snap/code/229/.local/share/stm32cube/bundles/gnu-tools-for-stm32/14.3.1+st.2/lib/gcc/arm-none-eabi/14.3.1/include/arm_mve.h **** __extension__ extern __inline int8x16_t
1429:/home/min/snap/code/229/.local/share/stm32cube/bundles/gnu-tools-for-stm32/14.3.1+st.2/lib/gcc/arm-none-eabi/14.3.1/include/arm_mve.h **** __attribute__ ((__always_inline__, __gnu_inline__, __artificial__))
1430:/home/min/snap/code/229/.local/share/stm32cube/bundles/gnu-tools-for-stm32/14.3.1+st.2/lib/gcc/arm-none-eabi/14.3.1/include/arm_mve.h **** __arm_vldrbq_gather_offset_z_s8 (int8_t const * __base, uint8x16_t __offset, mve_pred16_t __p)
1431:/home/min/snap/code/229/.local/share/stm32cube/bundles/gnu-tools-for-stm32/14.3.1+st.2/lib/gcc/arm-none-eabi/14.3.1/include/arm_mve.h **** {
1432:/home/min/snap/code/229/.local/share/stm32cube/bundles/gnu-tools-for-stm32/14.3.1+st.2/lib/gcc/arm-none-eabi/14.3.1/include/arm_mve.h ****   return __builtin_mve_vldrbq_gather_offset_z_sv16qi ((__builtin_neon_qi *) __base, __offset, __p);
1433:/home/min/snap/code/229/.local/share/stm32cube/bundles/gnu-tools-for-stm32/14.3.1+st.2/lib/gcc/arm-none-eabi/14.3.1/include/arm_mve.h **** }
1434:/home/min/snap/code/229/.local/share/stm32cube/bundles/gnu-tools-for-stm32/14.3.1+st.2/lib/gcc/arm-none-eabi/14.3.1/include/arm_mve.h **** 
1435:/home/min/snap/code/229/.local/share/stm32cube/bundles/gnu-tools-for-stm32/14.3.1+st.2/lib/gcc/arm-none-eabi/14.3.1/include/arm_mve.h **** __extension__ extern __inline int32x4_t
1436:/home/min/snap/code/229/.local/share/stm32cube/bundles/gnu-tools-for-stm32/14.3.1+st.2/lib/gcc/arm-none-eabi/14.3.1/include/arm_mve.h **** __attribute__ ((__always_inline__, __gnu_inline__, __artificial__))
1437:/home/min/snap/code/229/.local/share/stm32cube/bundles/gnu-tools-for-stm32/14.3.1+st.2/lib/gcc/arm-none-eabi/14.3.1/include/arm_mve.h **** __arm_vldrbq_gather_offset_z_s32 (int8_t const * __base, uint32x4_t __offset, mve_pred16_t __p)
1438:/home/min/snap/code/229/.local/share/stm32cube/bundles/gnu-tools-for-stm32/14.3.1+st.2/lib/gcc/arm-none-eabi/14.3.1/include/arm_mve.h **** {
1439:/home/min/snap/code/229/.local/share/stm32cube/bundles/gnu-tools-for-stm32/14.3.1+st.2/lib/gcc/arm-none-eabi/14.3.1/include/arm_mve.h ****   return __builtin_mve_vldrbq_gather_offset_z_sv4si ((__builtin_neon_qi *) __base, __offset, __p);
1440:/home/min/snap/code/229/.local/share/stm32cube/bundles/gnu-tools-for-stm32/14.3.1+st.2/lib/gcc/arm-none-eabi/14.3.1/include/arm_mve.h **** }
1441:/home/min/snap/code/229/.local/share/stm32cube/bundles/gnu-tools-for-stm32/14.3.1+st.2/lib/gcc/arm-none-eabi/14.3.1/include/arm_mve.h **** 
1442:/home/min/snap/code/229/.local/share/stm32cube/bundles/gnu-tools-for-stm32/14.3.1+st.2/lib/gcc/arm-none-eabi/14.3.1/include/arm_mve.h **** __extension__ extern __inline int16x8_t
ARM GAS  /tmp/cc66eICS.s 			page 39


1443:/home/min/snap/code/229/.local/share/stm32cube/bundles/gnu-tools-for-stm32/14.3.1+st.2/lib/gcc/arm-none-eabi/14.3.1/include/arm_mve.h **** __attribute__ ((__always_inline__, __gnu_inline__, __artificial__))
1444:/home/min/snap/code/229/.local/share/stm32cube/bundles/gnu-tools-for-stm32/14.3.1+st.2/lib/gcc/arm-none-eabi/14.3.1/include/arm_mve.h **** __arm_vldrbq_gather_offset_z_s16 (int8_t const * __base, uint16x8_t __offset, mve_pred16_t __p)
1445:/home/min/snap/code/229/.local/share/stm32cube/bundles/gnu-tools-for-stm32/14.3.1+st.2/lib/gcc/arm-none-eabi/14.3.1/include/arm_mve.h **** {
1446:/home/min/snap/code/229/.local/share/stm32cube/bundles/gnu-tools-for-stm32/14.3.1+st.2/lib/gcc/arm-none-eabi/14.3.1/include/arm_mve.h ****   return __builtin_mve_vldrbq_gather_offset_z_sv8hi ((__builtin_neon_qi *) __base, __offset, __p);
1447:/home/min/snap/code/229/.local/share/stm32cube/bundles/gnu-tools-for-stm32/14.3.1+st.2/lib/gcc/arm-none-eabi/14.3.1/include/arm_mve.h **** }
1448:/home/min/snap/code/229/.local/share/stm32cube/bundles/gnu-tools-for-stm32/14.3.1+st.2/lib/gcc/arm-none-eabi/14.3.1/include/arm_mve.h **** 
1449:/home/min/snap/code/229/.local/share/stm32cube/bundles/gnu-tools-for-stm32/14.3.1+st.2/lib/gcc/arm-none-eabi/14.3.1/include/arm_mve.h **** __extension__ extern __inline uint8x16_t
1450:/home/min/snap/code/229/.local/share/stm32cube/bundles/gnu-tools-for-stm32/14.3.1+st.2/lib/gcc/arm-none-eabi/14.3.1/include/arm_mve.h **** __attribute__ ((__always_inline__, __gnu_inline__, __artificial__))
1451:/home/min/snap/code/229/.local/share/stm32cube/bundles/gnu-tools-for-stm32/14.3.1+st.2/lib/gcc/arm-none-eabi/14.3.1/include/arm_mve.h **** __arm_vldrbq_gather_offset_z_u8 (uint8_t const * __base, uint8x16_t __offset, mve_pred16_t __p)
1452:/home/min/snap/code/229/.local/share/stm32cube/bundles/gnu-tools-for-stm32/14.3.1+st.2/lib/gcc/arm-none-eabi/14.3.1/include/arm_mve.h **** {
1453:/home/min/snap/code/229/.local/share/stm32cube/bundles/gnu-tools-for-stm32/14.3.1+st.2/lib/gcc/arm-none-eabi/14.3.1/include/arm_mve.h ****   return __builtin_mve_vldrbq_gather_offset_z_uv16qi ((__builtin_neon_qi *) __base, __offset, __p);
1454:/home/min/snap/code/229/.local/share/stm32cube/bundles/gnu-tools-for-stm32/14.3.1+st.2/lib/gcc/arm-none-eabi/14.3.1/include/arm_mve.h **** }
1455:/home/min/snap/code/229/.local/share/stm32cube/bundles/gnu-tools-for-stm32/14.3.1+st.2/lib/gcc/arm-none-eabi/14.3.1/include/arm_mve.h **** 
1456:/home/min/snap/code/229/.local/share/stm32cube/bundles/gnu-tools-for-stm32/14.3.1+st.2/lib/gcc/arm-none-eabi/14.3.1/include/arm_mve.h **** __extension__ extern __inline uint32x4_t
1457:/home/min/snap/code/229/.local/share/stm32cube/bundles/gnu-tools-for-stm32/14.3.1+st.2/lib/gcc/arm-none-eabi/14.3.1/include/arm_mve.h **** __attribute__ ((__always_inline__, __gnu_inline__, __artificial__))
1458:/home/min/snap/code/229/.local/share/stm32cube/bundles/gnu-tools-for-stm32/14.3.1+st.2/lib/gcc/arm-none-eabi/14.3.1/include/arm_mve.h **** __arm_vldrbq_gather_offset_z_u32 (uint8_t const * __base, uint32x4_t __offset, mve_pred16_t __p)
1459:/home/min/snap/code/229/.local/share/stm32cube/bundles/gnu-tools-for-stm32/14.3.1+st.2/lib/gcc/arm-none-eabi/14.3.1/include/arm_mve.h **** {
1460:/home/min/snap/code/229/.local/share/stm32cube/bundles/gnu-tools-for-stm32/14.3.1+st.2/lib/gcc/arm-none-eabi/14.3.1/include/arm_mve.h ****   return __builtin_mve_vldrbq_gather_offset_z_uv4si ((__builtin_neon_qi *) __base, __offset, __p);
1461:/home/min/snap/code/229/.local/share/stm32cube/bundles/gnu-tools-for-stm32/14.3.1+st.2/lib/gcc/arm-none-eabi/14.3.1/include/arm_mve.h **** }
1462:/home/min/snap/code/229/.local/share/stm32cube/bundles/gnu-tools-for-stm32/14.3.1+st.2/lib/gcc/arm-none-eabi/14.3.1/include/arm_mve.h **** 
1463:/home/min/snap/code/229/.local/share/stm32cube/bundles/gnu-tools-for-stm32/14.3.1+st.2/lib/gcc/arm-none-eabi/14.3.1/include/arm_mve.h **** __extension__ extern __inline uint16x8_t
1464:/home/min/snap/code/229/.local/share/stm32cube/bundles/gnu-tools-for-stm32/14.3.1+st.2/lib/gcc/arm-none-eabi/14.3.1/include/arm_mve.h **** __attribute__ ((__always_inline__, __gnu_inline__, __artificial__))
1465:/home/min/snap/code/229/.local/share/stm32cube/bundles/gnu-tools-for-stm32/14.3.1+st.2/lib/gcc/arm-none-eabi/14.3.1/include/arm_mve.h **** __arm_vldrbq_gather_offset_z_u16 (uint8_t const * __base, uint16x8_t __offset, mve_pred16_t __p)
1466:/home/min/snap/code/229/.local/share/stm32cube/bundles/gnu-tools-for-stm32/14.3.1+st.2/lib/gcc/arm-none-eabi/14.3.1/include/arm_mve.h **** {
1467:/home/min/snap/code/229/.local/share/stm32cube/bundles/gnu-tools-for-stm32/14.3.1+st.2/lib/gcc/arm-none-eabi/14.3.1/include/arm_mve.h ****   return __builtin_mve_vldrbq_gather_offset_z_uv8hi ((__builtin_neon_qi *) __base, __offset, __p);
1468:/home/min/snap/code/229/.local/share/stm32cube/bundles/gnu-tools-for-stm32/14.3.1+st.2/lib/gcc/arm-none-eabi/14.3.1/include/arm_mve.h **** }
1469:/home/min/snap/code/229/.local/share/stm32cube/bundles/gnu-tools-for-stm32/14.3.1+st.2/lib/gcc/arm-none-eabi/14.3.1/include/arm_mve.h **** 
1470:/home/min/snap/code/229/.local/share/stm32cube/bundles/gnu-tools-for-stm32/14.3.1+st.2/lib/gcc/arm-none-eabi/14.3.1/include/arm_mve.h **** __extension__ extern __inline int8x16_t
1471:/home/min/snap/code/229/.local/share/stm32cube/bundles/gnu-tools-for-stm32/14.3.1+st.2/lib/gcc/arm-none-eabi/14.3.1/include/arm_mve.h **** __attribute__ ((__always_inline__, __gnu_inline__, __artificial__))
1472:/home/min/snap/code/229/.local/share/stm32cube/bundles/gnu-tools-for-stm32/14.3.1+st.2/lib/gcc/arm-none-eabi/14.3.1/include/arm_mve.h **** __arm_vldrbq_z_s8 (int8_t const * __base, mve_pred16_t __p)
1473:/home/min/snap/code/229/.local/share/stm32cube/bundles/gnu-tools-for-stm32/14.3.1+st.2/lib/gcc/arm-none-eabi/14.3.1/include/arm_mve.h **** {
1474:/home/min/snap/code/229/.local/share/stm32cube/bundles/gnu-tools-for-stm32/14.3.1+st.2/lib/gcc/arm-none-eabi/14.3.1/include/arm_mve.h ****   return __builtin_mve_vldrbq_z_sv16qi ((__builtin_neon_qi *) __base, __p);
1475:/home/min/snap/code/229/.local/share/stm32cube/bundles/gnu-tools-for-stm32/14.3.1+st.2/lib/gcc/arm-none-eabi/14.3.1/include/arm_mve.h **** }
1476:/home/min/snap/code/229/.local/share/stm32cube/bundles/gnu-tools-for-stm32/14.3.1+st.2/lib/gcc/arm-none-eabi/14.3.1/include/arm_mve.h **** 
1477:/home/min/snap/code/229/.local/share/stm32cube/bundles/gnu-tools-for-stm32/14.3.1+st.2/lib/gcc/arm-none-eabi/14.3.1/include/arm_mve.h **** __extension__ extern __inline int32x4_t
1478:/home/min/snap/code/229/.local/share/stm32cube/bundles/gnu-tools-for-stm32/14.3.1+st.2/lib/gcc/arm-none-eabi/14.3.1/include/arm_mve.h **** __attribute__ ((__always_inline__, __gnu_inline__, __artificial__))
1479:/home/min/snap/code/229/.local/share/stm32cube/bundles/gnu-tools-for-stm32/14.3.1+st.2/lib/gcc/arm-none-eabi/14.3.1/include/arm_mve.h **** __arm_vldrbq_z_s32 (int8_t const * __base, mve_pred16_t __p)
1480:/home/min/snap/code/229/.local/share/stm32cube/bundles/gnu-tools-for-stm32/14.3.1+st.2/lib/gcc/arm-none-eabi/14.3.1/include/arm_mve.h **** {
1481:/home/min/snap/code/229/.local/share/stm32cube/bundles/gnu-tools-for-stm32/14.3.1+st.2/lib/gcc/arm-none-eabi/14.3.1/include/arm_mve.h ****   return __builtin_mve_vldrbq_z_sv4si ((__builtin_neon_qi *) __base, __p);
1482:/home/min/snap/code/229/.local/share/stm32cube/bundles/gnu-tools-for-stm32/14.3.1+st.2/lib/gcc/arm-none-eabi/14.3.1/include/arm_mve.h **** }
1483:/home/min/snap/code/229/.local/share/stm32cube/bundles/gnu-tools-for-stm32/14.3.1+st.2/lib/gcc/arm-none-eabi/14.3.1/include/arm_mve.h **** 
1484:/home/min/snap/code/229/.local/share/stm32cube/bundles/gnu-tools-for-stm32/14.3.1+st.2/lib/gcc/arm-none-eabi/14.3.1/include/arm_mve.h **** __extension__ extern __inline int16x8_t
1485:/home/min/snap/code/229/.local/share/stm32cube/bundles/gnu-tools-for-stm32/14.3.1+st.2/lib/gcc/arm-none-eabi/14.3.1/include/arm_mve.h **** __attribute__ ((__always_inline__, __gnu_inline__, __artificial__))
1486:/home/min/snap/code/229/.local/share/stm32cube/bundles/gnu-tools-for-stm32/14.3.1+st.2/lib/gcc/arm-none-eabi/14.3.1/include/arm_mve.h **** __arm_vldrbq_z_s16 (int8_t const * __base, mve_pred16_t __p)
1487:/home/min/snap/code/229/.local/share/stm32cube/bundles/gnu-tools-for-stm32/14.3.1+st.2/lib/gcc/arm-none-eabi/14.3.1/include/arm_mve.h **** {
1488:/home/min/snap/code/229/.local/share/stm32cube/bundles/gnu-tools-for-stm32/14.3.1+st.2/lib/gcc/arm-none-eabi/14.3.1/include/arm_mve.h ****   return __builtin_mve_vldrbq_z_sv8hi ((__builtin_neon_qi *) __base, __p);
1489:/home/min/snap/code/229/.local/share/stm32cube/bundles/gnu-tools-for-stm32/14.3.1+st.2/lib/gcc/arm-none-eabi/14.3.1/include/arm_mve.h **** }
1490:/home/min/snap/code/229/.local/share/stm32cube/bundles/gnu-tools-for-stm32/14.3.1+st.2/lib/gcc/arm-none-eabi/14.3.1/include/arm_mve.h **** 
1491:/home/min/snap/code/229/.local/share/stm32cube/bundles/gnu-tools-for-stm32/14.3.1+st.2/lib/gcc/arm-none-eabi/14.3.1/include/arm_mve.h **** __extension__ extern __inline uint8x16_t
1492:/home/min/snap/code/229/.local/share/stm32cube/bundles/gnu-tools-for-stm32/14.3.1+st.2/lib/gcc/arm-none-eabi/14.3.1/include/arm_mve.h **** __attribute__ ((__always_inline__, __gnu_inline__, __artificial__))
1493:/home/min/snap/code/229/.local/share/stm32cube/bundles/gnu-tools-for-stm32/14.3.1+st.2/lib/gcc/arm-none-eabi/14.3.1/include/arm_mve.h **** __arm_vldrbq_z_u8 (uint8_t const * __base, mve_pred16_t __p)
1494:/home/min/snap/code/229/.local/share/stm32cube/bundles/gnu-tools-for-stm32/14.3.1+st.2/lib/gcc/arm-none-eabi/14.3.1/include/arm_mve.h **** {
1495:/home/min/snap/code/229/.local/share/stm32cube/bundles/gnu-tools-for-stm32/14.3.1+st.2/lib/gcc/arm-none-eabi/14.3.1/include/arm_mve.h ****   return __builtin_mve_vldrbq_z_uv16qi ((__builtin_neon_qi *) __base, __p);
1496:/home/min/snap/code/229/.local/share/stm32cube/bundles/gnu-tools-for-stm32/14.3.1+st.2/lib/gcc/arm-none-eabi/14.3.1/include/arm_mve.h **** }
1497:/home/min/snap/code/229/.local/share/stm32cube/bundles/gnu-tools-for-stm32/14.3.1+st.2/lib/gcc/arm-none-eabi/14.3.1/include/arm_mve.h **** 
1498:/home/min/snap/code/229/.local/share/stm32cube/bundles/gnu-tools-for-stm32/14.3.1+st.2/lib/gcc/arm-none-eabi/14.3.1/include/arm_mve.h **** __extension__ extern __inline uint32x4_t
1499:/home/min/snap/code/229/.local/share/stm32cube/bundles/gnu-tools-for-stm32/14.3.1+st.2/lib/gcc/arm-none-eabi/14.3.1/include/arm_mve.h **** __attribute__ ((__always_inline__, __gnu_inline__, __artificial__))
ARM GAS  /tmp/cc66eICS.s 			page 40


1500:/home/min/snap/code/229/.local/share/stm32cube/bundles/gnu-tools-for-stm32/14.3.1+st.2/lib/gcc/arm-none-eabi/14.3.1/include/arm_mve.h **** __arm_vldrbq_z_u32 (uint8_t const * __base, mve_pred16_t __p)
1501:/home/min/snap/code/229/.local/share/stm32cube/bundles/gnu-tools-for-stm32/14.3.1+st.2/lib/gcc/arm-none-eabi/14.3.1/include/arm_mve.h **** {
1502:/home/min/snap/code/229/.local/share/stm32cube/bundles/gnu-tools-for-stm32/14.3.1+st.2/lib/gcc/arm-none-eabi/14.3.1/include/arm_mve.h ****   return __builtin_mve_vldrbq_z_uv4si ((__builtin_neon_qi *) __base, __p);
1503:/home/min/snap/code/229/.local/share/stm32cube/bundles/gnu-tools-for-stm32/14.3.1+st.2/lib/gcc/arm-none-eabi/14.3.1/include/arm_mve.h **** }
1504:/home/min/snap/code/229/.local/share/stm32cube/bundles/gnu-tools-for-stm32/14.3.1+st.2/lib/gcc/arm-none-eabi/14.3.1/include/arm_mve.h **** 
1505:/home/min/snap/code/229/.local/share/stm32cube/bundles/gnu-tools-for-stm32/14.3.1+st.2/lib/gcc/arm-none-eabi/14.3.1/include/arm_mve.h **** __extension__ extern __inline uint16x8_t
1506:/home/min/snap/code/229/.local/share/stm32cube/bundles/gnu-tools-for-stm32/14.3.1+st.2/lib/gcc/arm-none-eabi/14.3.1/include/arm_mve.h **** __attribute__ ((__always_inline__, __gnu_inline__, __artificial__))
1507:/home/min/snap/code/229/.local/share/stm32cube/bundles/gnu-tools-for-stm32/14.3.1+st.2/lib/gcc/arm-none-eabi/14.3.1/include/arm_mve.h **** __arm_vldrbq_z_u16 (uint8_t const * __base, mve_pred16_t __p)
1508:/home/min/snap/code/229/.local/share/stm32cube/bundles/gnu-tools-for-stm32/14.3.1+st.2/lib/gcc/arm-none-eabi/14.3.1/include/arm_mve.h **** {
1509:/home/min/snap/code/229/.local/share/stm32cube/bundles/gnu-tools-for-stm32/14.3.1+st.2/lib/gcc/arm-none-eabi/14.3.1/include/arm_mve.h ****   return __builtin_mve_vldrbq_z_uv8hi ((__builtin_neon_qi *) __base, __p);
1510:/home/min/snap/code/229/.local/share/stm32cube/bundles/gnu-tools-for-stm32/14.3.1+st.2/lib/gcc/arm-none-eabi/14.3.1/include/arm_mve.h **** }
1511:/home/min/snap/code/229/.local/share/stm32cube/bundles/gnu-tools-for-stm32/14.3.1+st.2/lib/gcc/arm-none-eabi/14.3.1/include/arm_mve.h **** 
1512:/home/min/snap/code/229/.local/share/stm32cube/bundles/gnu-tools-for-stm32/14.3.1+st.2/lib/gcc/arm-none-eabi/14.3.1/include/arm_mve.h **** __extension__ extern __inline int32x4_t
1513:/home/min/snap/code/229/.local/share/stm32cube/bundles/gnu-tools-for-stm32/14.3.1+st.2/lib/gcc/arm-none-eabi/14.3.1/include/arm_mve.h **** __attribute__ ((__always_inline__, __gnu_inline__, __artificial__))
1514:/home/min/snap/code/229/.local/share/stm32cube/bundles/gnu-tools-for-stm32/14.3.1+st.2/lib/gcc/arm-none-eabi/14.3.1/include/arm_mve.h **** __arm_vldrwq_gather_base_z_s32 (uint32x4_t __addr, const int __offset, mve_pred16_t __p)
1515:/home/min/snap/code/229/.local/share/stm32cube/bundles/gnu-tools-for-stm32/14.3.1+st.2/lib/gcc/arm-none-eabi/14.3.1/include/arm_mve.h **** {
1516:/home/min/snap/code/229/.local/share/stm32cube/bundles/gnu-tools-for-stm32/14.3.1+st.2/lib/gcc/arm-none-eabi/14.3.1/include/arm_mve.h ****   return __builtin_mve_vldrwq_gather_base_z_sv4si (__addr, __offset, __p);
1517:/home/min/snap/code/229/.local/share/stm32cube/bundles/gnu-tools-for-stm32/14.3.1+st.2/lib/gcc/arm-none-eabi/14.3.1/include/arm_mve.h **** }
1518:/home/min/snap/code/229/.local/share/stm32cube/bundles/gnu-tools-for-stm32/14.3.1+st.2/lib/gcc/arm-none-eabi/14.3.1/include/arm_mve.h **** 
1519:/home/min/snap/code/229/.local/share/stm32cube/bundles/gnu-tools-for-stm32/14.3.1+st.2/lib/gcc/arm-none-eabi/14.3.1/include/arm_mve.h **** __extension__ extern __inline uint32x4_t
1520:/home/min/snap/code/229/.local/share/stm32cube/bundles/gnu-tools-for-stm32/14.3.1+st.2/lib/gcc/arm-none-eabi/14.3.1/include/arm_mve.h **** __attribute__ ((__always_inline__, __gnu_inline__, __artificial__))
1521:/home/min/snap/code/229/.local/share/stm32cube/bundles/gnu-tools-for-stm32/14.3.1+st.2/lib/gcc/arm-none-eabi/14.3.1/include/arm_mve.h **** __arm_vldrwq_gather_base_z_u32 (uint32x4_t __addr, const int __offset, mve_pred16_t __p)
1522:/home/min/snap/code/229/.local/share/stm32cube/bundles/gnu-tools-for-stm32/14.3.1+st.2/lib/gcc/arm-none-eabi/14.3.1/include/arm_mve.h **** {
1523:/home/min/snap/code/229/.local/share/stm32cube/bundles/gnu-tools-for-stm32/14.3.1+st.2/lib/gcc/arm-none-eabi/14.3.1/include/arm_mve.h ****   return __builtin_mve_vldrwq_gather_base_z_uv4si (__addr, __offset, __p);
1524:/home/min/snap/code/229/.local/share/stm32cube/bundles/gnu-tools-for-stm32/14.3.1+st.2/lib/gcc/arm-none-eabi/14.3.1/include/arm_mve.h **** }
1525:/home/min/snap/code/229/.local/share/stm32cube/bundles/gnu-tools-for-stm32/14.3.1+st.2/lib/gcc/arm-none-eabi/14.3.1/include/arm_mve.h **** 
1526:/home/min/snap/code/229/.local/share/stm32cube/bundles/gnu-tools-for-stm32/14.3.1+st.2/lib/gcc/arm-none-eabi/14.3.1/include/arm_mve.h **** __extension__ extern __inline int32x4_t
1527:/home/min/snap/code/229/.local/share/stm32cube/bundles/gnu-tools-for-stm32/14.3.1+st.2/lib/gcc/arm-none-eabi/14.3.1/include/arm_mve.h **** __attribute__ ((__always_inline__, __gnu_inline__, __artificial__))
1528:/home/min/snap/code/229/.local/share/stm32cube/bundles/gnu-tools-for-stm32/14.3.1+st.2/lib/gcc/arm-none-eabi/14.3.1/include/arm_mve.h **** __arm_vldrhq_gather_offset_s32 (int16_t const * __base, uint32x4_t __offset)
1529:/home/min/snap/code/229/.local/share/stm32cube/bundles/gnu-tools-for-stm32/14.3.1+st.2/lib/gcc/arm-none-eabi/14.3.1/include/arm_mve.h **** {
1530:/home/min/snap/code/229/.local/share/stm32cube/bundles/gnu-tools-for-stm32/14.3.1+st.2/lib/gcc/arm-none-eabi/14.3.1/include/arm_mve.h ****   return __builtin_mve_vldrhq_gather_offset_sv4si ((__builtin_neon_hi *) __base, __offset);
1531:/home/min/snap/code/229/.local/share/stm32cube/bundles/gnu-tools-for-stm32/14.3.1+st.2/lib/gcc/arm-none-eabi/14.3.1/include/arm_mve.h **** }
1532:/home/min/snap/code/229/.local/share/stm32cube/bundles/gnu-tools-for-stm32/14.3.1+st.2/lib/gcc/arm-none-eabi/14.3.1/include/arm_mve.h **** 
1533:/home/min/snap/code/229/.local/share/stm32cube/bundles/gnu-tools-for-stm32/14.3.1+st.2/lib/gcc/arm-none-eabi/14.3.1/include/arm_mve.h **** __extension__ extern __inline int16x8_t
1534:/home/min/snap/code/229/.local/share/stm32cube/bundles/gnu-tools-for-stm32/14.3.1+st.2/lib/gcc/arm-none-eabi/14.3.1/include/arm_mve.h **** __attribute__ ((__always_inline__, __gnu_inline__, __artificial__))
1535:/home/min/snap/code/229/.local/share/stm32cube/bundles/gnu-tools-for-stm32/14.3.1+st.2/lib/gcc/arm-none-eabi/14.3.1/include/arm_mve.h **** __arm_vldrhq_gather_offset_s16 (int16_t const * __base, uint16x8_t __offset)
1536:/home/min/snap/code/229/.local/share/stm32cube/bundles/gnu-tools-for-stm32/14.3.1+st.2/lib/gcc/arm-none-eabi/14.3.1/include/arm_mve.h **** {
1537:/home/min/snap/code/229/.local/share/stm32cube/bundles/gnu-tools-for-stm32/14.3.1+st.2/lib/gcc/arm-none-eabi/14.3.1/include/arm_mve.h ****   return __builtin_mve_vldrhq_gather_offset_sv8hi ((__builtin_neon_hi *) __base, __offset);
1538:/home/min/snap/code/229/.local/share/stm32cube/bundles/gnu-tools-for-stm32/14.3.1+st.2/lib/gcc/arm-none-eabi/14.3.1/include/arm_mve.h **** }
1539:/home/min/snap/code/229/.local/share/stm32cube/bundles/gnu-tools-for-stm32/14.3.1+st.2/lib/gcc/arm-none-eabi/14.3.1/include/arm_mve.h **** 
1540:/home/min/snap/code/229/.local/share/stm32cube/bundles/gnu-tools-for-stm32/14.3.1+st.2/lib/gcc/arm-none-eabi/14.3.1/include/arm_mve.h **** __extension__ extern __inline uint32x4_t
1541:/home/min/snap/code/229/.local/share/stm32cube/bundles/gnu-tools-for-stm32/14.3.1+st.2/lib/gcc/arm-none-eabi/14.3.1/include/arm_mve.h **** __attribute__ ((__always_inline__, __gnu_inline__, __artificial__))
1542:/home/min/snap/code/229/.local/share/stm32cube/bundles/gnu-tools-for-stm32/14.3.1+st.2/lib/gcc/arm-none-eabi/14.3.1/include/arm_mve.h **** __arm_vldrhq_gather_offset_u32 (uint16_t const * __base, uint32x4_t __offset)
1543:/home/min/snap/code/229/.local/share/stm32cube/bundles/gnu-tools-for-stm32/14.3.1+st.2/lib/gcc/arm-none-eabi/14.3.1/include/arm_mve.h **** {
1544:/home/min/snap/code/229/.local/share/stm32cube/bundles/gnu-tools-for-stm32/14.3.1+st.2/lib/gcc/arm-none-eabi/14.3.1/include/arm_mve.h ****   return __builtin_mve_vldrhq_gather_offset_uv4si ((__builtin_neon_hi *) __base, __offset);
1545:/home/min/snap/code/229/.local/share/stm32cube/bundles/gnu-tools-for-stm32/14.3.1+st.2/lib/gcc/arm-none-eabi/14.3.1/include/arm_mve.h **** }
1546:/home/min/snap/code/229/.local/share/stm32cube/bundles/gnu-tools-for-stm32/14.3.1+st.2/lib/gcc/arm-none-eabi/14.3.1/include/arm_mve.h **** 
1547:/home/min/snap/code/229/.local/share/stm32cube/bundles/gnu-tools-for-stm32/14.3.1+st.2/lib/gcc/arm-none-eabi/14.3.1/include/arm_mve.h **** __extension__ extern __inline uint16x8_t
1548:/home/min/snap/code/229/.local/share/stm32cube/bundles/gnu-tools-for-stm32/14.3.1+st.2/lib/gcc/arm-none-eabi/14.3.1/include/arm_mve.h **** __attribute__ ((__always_inline__, __gnu_inline__, __artificial__))
1549:/home/min/snap/code/229/.local/share/stm32cube/bundles/gnu-tools-for-stm32/14.3.1+st.2/lib/gcc/arm-none-eabi/14.3.1/include/arm_mve.h **** __arm_vldrhq_gather_offset_u16 (uint16_t const * __base, uint16x8_t __offset)
1550:/home/min/snap/code/229/.local/share/stm32cube/bundles/gnu-tools-for-stm32/14.3.1+st.2/lib/gcc/arm-none-eabi/14.3.1/include/arm_mve.h **** {
1551:/home/min/snap/code/229/.local/share/stm32cube/bundles/gnu-tools-for-stm32/14.3.1+st.2/lib/gcc/arm-none-eabi/14.3.1/include/arm_mve.h ****   return __builtin_mve_vldrhq_gather_offset_uv8hi ((__builtin_neon_hi *) __base, __offset);
1552:/home/min/snap/code/229/.local/share/stm32cube/bundles/gnu-tools-for-stm32/14.3.1+st.2/lib/gcc/arm-none-eabi/14.3.1/include/arm_mve.h **** }
1553:/home/min/snap/code/229/.local/share/stm32cube/bundles/gnu-tools-for-stm32/14.3.1+st.2/lib/gcc/arm-none-eabi/14.3.1/include/arm_mve.h **** 
1554:/home/min/snap/code/229/.local/share/stm32cube/bundles/gnu-tools-for-stm32/14.3.1+st.2/lib/gcc/arm-none-eabi/14.3.1/include/arm_mve.h **** __extension__ extern __inline int32x4_t
1555:/home/min/snap/code/229/.local/share/stm32cube/bundles/gnu-tools-for-stm32/14.3.1+st.2/lib/gcc/arm-none-eabi/14.3.1/include/arm_mve.h **** __attribute__ ((__always_inline__, __gnu_inline__, __artificial__))
1556:/home/min/snap/code/229/.local/share/stm32cube/bundles/gnu-tools-for-stm32/14.3.1+st.2/lib/gcc/arm-none-eabi/14.3.1/include/arm_mve.h **** __arm_vldrhq_gather_offset_z_s32 (int16_t const * __base, uint32x4_t __offset, mve_pred16_t __p)
ARM GAS  /tmp/cc66eICS.s 			page 41


1557:/home/min/snap/code/229/.local/share/stm32cube/bundles/gnu-tools-for-stm32/14.3.1+st.2/lib/gcc/arm-none-eabi/14.3.1/include/arm_mve.h **** {
1558:/home/min/snap/code/229/.local/share/stm32cube/bundles/gnu-tools-for-stm32/14.3.1+st.2/lib/gcc/arm-none-eabi/14.3.1/include/arm_mve.h ****   return __builtin_mve_vldrhq_gather_offset_z_sv4si ((__builtin_neon_hi *) __base, __offset, __p);
1559:/home/min/snap/code/229/.local/share/stm32cube/bundles/gnu-tools-for-stm32/14.3.1+st.2/lib/gcc/arm-none-eabi/14.3.1/include/arm_mve.h **** }
1560:/home/min/snap/code/229/.local/share/stm32cube/bundles/gnu-tools-for-stm32/14.3.1+st.2/lib/gcc/arm-none-eabi/14.3.1/include/arm_mve.h **** 
1561:/home/min/snap/code/229/.local/share/stm32cube/bundles/gnu-tools-for-stm32/14.3.1+st.2/lib/gcc/arm-none-eabi/14.3.1/include/arm_mve.h **** __extension__ extern __inline int16x8_t
1562:/home/min/snap/code/229/.local/share/stm32cube/bundles/gnu-tools-for-stm32/14.3.1+st.2/lib/gcc/arm-none-eabi/14.3.1/include/arm_mve.h **** __attribute__ ((__always_inline__, __gnu_inline__, __artificial__))
1563:/home/min/snap/code/229/.local/share/stm32cube/bundles/gnu-tools-for-stm32/14.3.1+st.2/lib/gcc/arm-none-eabi/14.3.1/include/arm_mve.h **** __arm_vldrhq_gather_offset_z_s16 (int16_t const * __base, uint16x8_t __offset, mve_pred16_t __p)
1564:/home/min/snap/code/229/.local/share/stm32cube/bundles/gnu-tools-for-stm32/14.3.1+st.2/lib/gcc/arm-none-eabi/14.3.1/include/arm_mve.h **** {
1565:/home/min/snap/code/229/.local/share/stm32cube/bundles/gnu-tools-for-stm32/14.3.1+st.2/lib/gcc/arm-none-eabi/14.3.1/include/arm_mve.h ****   return __builtin_mve_vldrhq_gather_offset_z_sv8hi ((__builtin_neon_hi *) __base, __offset, __p);
1566:/home/min/snap/code/229/.local/share/stm32cube/bundles/gnu-tools-for-stm32/14.3.1+st.2/lib/gcc/arm-none-eabi/14.3.1/include/arm_mve.h **** }
1567:/home/min/snap/code/229/.local/share/stm32cube/bundles/gnu-tools-for-stm32/14.3.1+st.2/lib/gcc/arm-none-eabi/14.3.1/include/arm_mve.h **** 
1568:/home/min/snap/code/229/.local/share/stm32cube/bundles/gnu-tools-for-stm32/14.3.1+st.2/lib/gcc/arm-none-eabi/14.3.1/include/arm_mve.h **** __extension__ extern __inline uint32x4_t
1569:/home/min/snap/code/229/.local/share/stm32cube/bundles/gnu-tools-for-stm32/14.3.1+st.2/lib/gcc/arm-none-eabi/14.3.1/include/arm_mve.h **** __attribute__ ((__always_inline__, __gnu_inline__, __artificial__))
1570:/home/min/snap/code/229/.local/share/stm32cube/bundles/gnu-tools-for-stm32/14.3.1+st.2/lib/gcc/arm-none-eabi/14.3.1/include/arm_mve.h **** __arm_vldrhq_gather_offset_z_u32 (uint16_t const * __base, uint32x4_t __offset, mve_pred16_t __p)
1571:/home/min/snap/code/229/.local/share/stm32cube/bundles/gnu-tools-for-stm32/14.3.1+st.2/lib/gcc/arm-none-eabi/14.3.1/include/arm_mve.h **** {
1572:/home/min/snap/code/229/.local/share/stm32cube/bundles/gnu-tools-for-stm32/14.3.1+st.2/lib/gcc/arm-none-eabi/14.3.1/include/arm_mve.h ****   return __builtin_mve_vldrhq_gather_offset_z_uv4si ((__builtin_neon_hi *) __base, __offset, __p);
1573:/home/min/snap/code/229/.local/share/stm32cube/bundles/gnu-tools-for-stm32/14.3.1+st.2/lib/gcc/arm-none-eabi/14.3.1/include/arm_mve.h **** }
1574:/home/min/snap/code/229/.local/share/stm32cube/bundles/gnu-tools-for-stm32/14.3.1+st.2/lib/gcc/arm-none-eabi/14.3.1/include/arm_mve.h **** 
1575:/home/min/snap/code/229/.local/share/stm32cube/bundles/gnu-tools-for-stm32/14.3.1+st.2/lib/gcc/arm-none-eabi/14.3.1/include/arm_mve.h **** __extension__ extern __inline uint16x8_t
1576:/home/min/snap/code/229/.local/share/stm32cube/bundles/gnu-tools-for-stm32/14.3.1+st.2/lib/gcc/arm-none-eabi/14.3.1/include/arm_mve.h **** __attribute__ ((__always_inline__, __gnu_inline__, __artificial__))
1577:/home/min/snap/code/229/.local/share/stm32cube/bundles/gnu-tools-for-stm32/14.3.1+st.2/lib/gcc/arm-none-eabi/14.3.1/include/arm_mve.h **** __arm_vldrhq_gather_offset_z_u16 (uint16_t const * __base, uint16x8_t __offset, mve_pred16_t __p)
1578:/home/min/snap/code/229/.local/share/stm32cube/bundles/gnu-tools-for-stm32/14.3.1+st.2/lib/gcc/arm-none-eabi/14.3.1/include/arm_mve.h **** {
1579:/home/min/snap/code/229/.local/share/stm32cube/bundles/gnu-tools-for-stm32/14.3.1+st.2/lib/gcc/arm-none-eabi/14.3.1/include/arm_mve.h ****   return __builtin_mve_vldrhq_gather_offset_z_uv8hi ((__builtin_neon_hi *) __base, __offset, __p);
1580:/home/min/snap/code/229/.local/share/stm32cube/bundles/gnu-tools-for-stm32/14.3.1+st.2/lib/gcc/arm-none-eabi/14.3.1/include/arm_mve.h **** }
1581:/home/min/snap/code/229/.local/share/stm32cube/bundles/gnu-tools-for-stm32/14.3.1+st.2/lib/gcc/arm-none-eabi/14.3.1/include/arm_mve.h **** 
1582:/home/min/snap/code/229/.local/share/stm32cube/bundles/gnu-tools-for-stm32/14.3.1+st.2/lib/gcc/arm-none-eabi/14.3.1/include/arm_mve.h **** __extension__ extern __inline int32x4_t
1583:/home/min/snap/code/229/.local/share/stm32cube/bundles/gnu-tools-for-stm32/14.3.1+st.2/lib/gcc/arm-none-eabi/14.3.1/include/arm_mve.h **** __attribute__ ((__always_inline__, __gnu_inline__, __artificial__))
1584:/home/min/snap/code/229/.local/share/stm32cube/bundles/gnu-tools-for-stm32/14.3.1+st.2/lib/gcc/arm-none-eabi/14.3.1/include/arm_mve.h **** __arm_vldrhq_gather_shifted_offset_s32 (int16_t const * __base, uint32x4_t __offset)
1585:/home/min/snap/code/229/.local/share/stm32cube/bundles/gnu-tools-for-stm32/14.3.1+st.2/lib/gcc/arm-none-eabi/14.3.1/include/arm_mve.h **** {
1586:/home/min/snap/code/229/.local/share/stm32cube/bundles/gnu-tools-for-stm32/14.3.1+st.2/lib/gcc/arm-none-eabi/14.3.1/include/arm_mve.h ****   return __builtin_mve_vldrhq_gather_shifted_offset_sv4si ((__builtin_neon_hi *) __base, __offset);
1587:/home/min/snap/code/229/.local/share/stm32cube/bundles/gnu-tools-for-stm32/14.3.1+st.2/lib/gcc/arm-none-eabi/14.3.1/include/arm_mve.h **** }
1588:/home/min/snap/code/229/.local/share/stm32cube/bundles/gnu-tools-for-stm32/14.3.1+st.2/lib/gcc/arm-none-eabi/14.3.1/include/arm_mve.h **** 
1589:/home/min/snap/code/229/.local/share/stm32cube/bundles/gnu-tools-for-stm32/14.3.1+st.2/lib/gcc/arm-none-eabi/14.3.1/include/arm_mve.h **** __extension__ extern __inline int16x8_t
1590:/home/min/snap/code/229/.local/share/stm32cube/bundles/gnu-tools-for-stm32/14.3.1+st.2/lib/gcc/arm-none-eabi/14.3.1/include/arm_mve.h **** __attribute__ ((__always_inline__, __gnu_inline__, __artificial__))
1591:/home/min/snap/code/229/.local/share/stm32cube/bundles/gnu-tools-for-stm32/14.3.1+st.2/lib/gcc/arm-none-eabi/14.3.1/include/arm_mve.h **** __arm_vldrhq_gather_shifted_offset_s16 (int16_t const * __base, uint16x8_t __offset)
1592:/home/min/snap/code/229/.local/share/stm32cube/bundles/gnu-tools-for-stm32/14.3.1+st.2/lib/gcc/arm-none-eabi/14.3.1/include/arm_mve.h **** {
1593:/home/min/snap/code/229/.local/share/stm32cube/bundles/gnu-tools-for-stm32/14.3.1+st.2/lib/gcc/arm-none-eabi/14.3.1/include/arm_mve.h ****   return __builtin_mve_vldrhq_gather_shifted_offset_sv8hi ((__builtin_neon_hi *) __base, __offset);
1594:/home/min/snap/code/229/.local/share/stm32cube/bundles/gnu-tools-for-stm32/14.3.1+st.2/lib/gcc/arm-none-eabi/14.3.1/include/arm_mve.h **** }
1595:/home/min/snap/code/229/.local/share/stm32cube/bundles/gnu-tools-for-stm32/14.3.1+st.2/lib/gcc/arm-none-eabi/14.3.1/include/arm_mve.h **** 
1596:/home/min/snap/code/229/.local/share/stm32cube/bundles/gnu-tools-for-stm32/14.3.1+st.2/lib/gcc/arm-none-eabi/14.3.1/include/arm_mve.h **** __extension__ extern __inline uint32x4_t
1597:/home/min/snap/code/229/.local/share/stm32cube/bundles/gnu-tools-for-stm32/14.3.1+st.2/lib/gcc/arm-none-eabi/14.3.1/include/arm_mve.h **** __attribute__ ((__always_inline__, __gnu_inline__, __artificial__))
1598:/home/min/snap/code/229/.local/share/stm32cube/bundles/gnu-tools-for-stm32/14.3.1+st.2/lib/gcc/arm-none-eabi/14.3.1/include/arm_mve.h **** __arm_vldrhq_gather_shifted_offset_u32 (uint16_t const * __base, uint32x4_t __offset)
1599:/home/min/snap/code/229/.local/share/stm32cube/bundles/gnu-tools-for-stm32/14.3.1+st.2/lib/gcc/arm-none-eabi/14.3.1/include/arm_mve.h **** {
1600:/home/min/snap/code/229/.local/share/stm32cube/bundles/gnu-tools-for-stm32/14.3.1+st.2/lib/gcc/arm-none-eabi/14.3.1/include/arm_mve.h ****   return __builtin_mve_vldrhq_gather_shifted_offset_uv4si ((__builtin_neon_hi *) __base, __offset);
1601:/home/min/snap/code/229/.local/share/stm32cube/bundles/gnu-tools-for-stm32/14.3.1+st.2/lib/gcc/arm-none-eabi/14.3.1/include/arm_mve.h **** }
1602:/home/min/snap/code/229/.local/share/stm32cube/bundles/gnu-tools-for-stm32/14.3.1+st.2/lib/gcc/arm-none-eabi/14.3.1/include/arm_mve.h **** 
1603:/home/min/snap/code/229/.local/share/stm32cube/bundles/gnu-tools-for-stm32/14.3.1+st.2/lib/gcc/arm-none-eabi/14.3.1/include/arm_mve.h **** __extension__ extern __inline uint16x8_t
1604:/home/min/snap/code/229/.local/share/stm32cube/bundles/gnu-tools-for-stm32/14.3.1+st.2/lib/gcc/arm-none-eabi/14.3.1/include/arm_mve.h **** __attribute__ ((__always_inline__, __gnu_inline__, __artificial__))
1605:/home/min/snap/code/229/.local/share/stm32cube/bundles/gnu-tools-for-stm32/14.3.1+st.2/lib/gcc/arm-none-eabi/14.3.1/include/arm_mve.h **** __arm_vldrhq_gather_shifted_offset_u16 (uint16_t const * __base, uint16x8_t __offset)
1606:/home/min/snap/code/229/.local/share/stm32cube/bundles/gnu-tools-for-stm32/14.3.1+st.2/lib/gcc/arm-none-eabi/14.3.1/include/arm_mve.h **** {
1607:/home/min/snap/code/229/.local/share/stm32cube/bundles/gnu-tools-for-stm32/14.3.1+st.2/lib/gcc/arm-none-eabi/14.3.1/include/arm_mve.h ****   return __builtin_mve_vldrhq_gather_shifted_offset_uv8hi ((__builtin_neon_hi *) __base, __offset);
1608:/home/min/snap/code/229/.local/share/stm32cube/bundles/gnu-tools-for-stm32/14.3.1+st.2/lib/gcc/arm-none-eabi/14.3.1/include/arm_mve.h **** }
1609:/home/min/snap/code/229/.local/share/stm32cube/bundles/gnu-tools-for-stm32/14.3.1+st.2/lib/gcc/arm-none-eabi/14.3.1/include/arm_mve.h **** 
1610:/home/min/snap/code/229/.local/share/stm32cube/bundles/gnu-tools-for-stm32/14.3.1+st.2/lib/gcc/arm-none-eabi/14.3.1/include/arm_mve.h **** __extension__ extern __inline int32x4_t
1611:/home/min/snap/code/229/.local/share/stm32cube/bundles/gnu-tools-for-stm32/14.3.1+st.2/lib/gcc/arm-none-eabi/14.3.1/include/arm_mve.h **** __attribute__ ((__always_inline__, __gnu_inline__, __artificial__))
1612:/home/min/snap/code/229/.local/share/stm32cube/bundles/gnu-tools-for-stm32/14.3.1+st.2/lib/gcc/arm-none-eabi/14.3.1/include/arm_mve.h **** __arm_vldrhq_gather_shifted_offset_z_s32 (int16_t const * __base, uint32x4_t __offset, mve_pred16_t
1613:/home/min/snap/code/229/.local/share/stm32cube/bundles/gnu-tools-for-stm32/14.3.1+st.2/lib/gcc/arm-none-eabi/14.3.1/include/arm_mve.h **** {
ARM GAS  /tmp/cc66eICS.s 			page 42


1614:/home/min/snap/code/229/.local/share/stm32cube/bundles/gnu-tools-for-stm32/14.3.1+st.2/lib/gcc/arm-none-eabi/14.3.1/include/arm_mve.h ****   return __builtin_mve_vldrhq_gather_shifted_offset_z_sv4si ((__builtin_neon_hi *) __base, __offset
1615:/home/min/snap/code/229/.local/share/stm32cube/bundles/gnu-tools-for-stm32/14.3.1+st.2/lib/gcc/arm-none-eabi/14.3.1/include/arm_mve.h **** }
1616:/home/min/snap/code/229/.local/share/stm32cube/bundles/gnu-tools-for-stm32/14.3.1+st.2/lib/gcc/arm-none-eabi/14.3.1/include/arm_mve.h **** 
1617:/home/min/snap/code/229/.local/share/stm32cube/bundles/gnu-tools-for-stm32/14.3.1+st.2/lib/gcc/arm-none-eabi/14.3.1/include/arm_mve.h **** __extension__ extern __inline int16x8_t
1618:/home/min/snap/code/229/.local/share/stm32cube/bundles/gnu-tools-for-stm32/14.3.1+st.2/lib/gcc/arm-none-eabi/14.3.1/include/arm_mve.h **** __attribute__ ((__always_inline__, __gnu_inline__, __artificial__))
1619:/home/min/snap/code/229/.local/share/stm32cube/bundles/gnu-tools-for-stm32/14.3.1+st.2/lib/gcc/arm-none-eabi/14.3.1/include/arm_mve.h **** __arm_vldrhq_gather_shifted_offset_z_s16 (int16_t const * __base, uint16x8_t __offset, mve_pred16_t
1620:/home/min/snap/code/229/.local/share/stm32cube/bundles/gnu-tools-for-stm32/14.3.1+st.2/lib/gcc/arm-none-eabi/14.3.1/include/arm_mve.h **** {
1621:/home/min/snap/code/229/.local/share/stm32cube/bundles/gnu-tools-for-stm32/14.3.1+st.2/lib/gcc/arm-none-eabi/14.3.1/include/arm_mve.h ****   return __builtin_mve_vldrhq_gather_shifted_offset_z_sv8hi ((__builtin_neon_hi *) __base, __offset
1622:/home/min/snap/code/229/.local/share/stm32cube/bundles/gnu-tools-for-stm32/14.3.1+st.2/lib/gcc/arm-none-eabi/14.3.1/include/arm_mve.h **** }
1623:/home/min/snap/code/229/.local/share/stm32cube/bundles/gnu-tools-for-stm32/14.3.1+st.2/lib/gcc/arm-none-eabi/14.3.1/include/arm_mve.h **** 
1624:/home/min/snap/code/229/.local/share/stm32cube/bundles/gnu-tools-for-stm32/14.3.1+st.2/lib/gcc/arm-none-eabi/14.3.1/include/arm_mve.h **** __extension__ extern __inline uint32x4_t
1625:/home/min/snap/code/229/.local/share/stm32cube/bundles/gnu-tools-for-stm32/14.3.1+st.2/lib/gcc/arm-none-eabi/14.3.1/include/arm_mve.h **** __attribute__ ((__always_inline__, __gnu_inline__, __artificial__))
1626:/home/min/snap/code/229/.local/share/stm32cube/bundles/gnu-tools-for-stm32/14.3.1+st.2/lib/gcc/arm-none-eabi/14.3.1/include/arm_mve.h **** __arm_vldrhq_gather_shifted_offset_z_u32 (uint16_t const * __base, uint32x4_t __offset, mve_pred16_
1627:/home/min/snap/code/229/.local/share/stm32cube/bundles/gnu-tools-for-stm32/14.3.1+st.2/lib/gcc/arm-none-eabi/14.3.1/include/arm_mve.h **** {
1628:/home/min/snap/code/229/.local/share/stm32cube/bundles/gnu-tools-for-stm32/14.3.1+st.2/lib/gcc/arm-none-eabi/14.3.1/include/arm_mve.h ****   return __builtin_mve_vldrhq_gather_shifted_offset_z_uv4si ((__builtin_neon_hi *) __base, __offset
1629:/home/min/snap/code/229/.local/share/stm32cube/bundles/gnu-tools-for-stm32/14.3.1+st.2/lib/gcc/arm-none-eabi/14.3.1/include/arm_mve.h **** }
1630:/home/min/snap/code/229/.local/share/stm32cube/bundles/gnu-tools-for-stm32/14.3.1+st.2/lib/gcc/arm-none-eabi/14.3.1/include/arm_mve.h **** 
1631:/home/min/snap/code/229/.local/share/stm32cube/bundles/gnu-tools-for-stm32/14.3.1+st.2/lib/gcc/arm-none-eabi/14.3.1/include/arm_mve.h **** __extension__ extern __inline uint16x8_t
1632:/home/min/snap/code/229/.local/share/stm32cube/bundles/gnu-tools-for-stm32/14.3.1+st.2/lib/gcc/arm-none-eabi/14.3.1/include/arm_mve.h **** __attribute__ ((__always_inline__, __gnu_inline__, __artificial__))
1633:/home/min/snap/code/229/.local/share/stm32cube/bundles/gnu-tools-for-stm32/14.3.1+st.2/lib/gcc/arm-none-eabi/14.3.1/include/arm_mve.h **** __arm_vldrhq_gather_shifted_offset_z_u16 (uint16_t const * __base, uint16x8_t __offset, mve_pred16_
1634:/home/min/snap/code/229/.local/share/stm32cube/bundles/gnu-tools-for-stm32/14.3.1+st.2/lib/gcc/arm-none-eabi/14.3.1/include/arm_mve.h **** {
1635:/home/min/snap/code/229/.local/share/stm32cube/bundles/gnu-tools-for-stm32/14.3.1+st.2/lib/gcc/arm-none-eabi/14.3.1/include/arm_mve.h ****   return __builtin_mve_vldrhq_gather_shifted_offset_z_uv8hi ((__builtin_neon_hi *) __base, __offset
1636:/home/min/snap/code/229/.local/share/stm32cube/bundles/gnu-tools-for-stm32/14.3.1+st.2/lib/gcc/arm-none-eabi/14.3.1/include/arm_mve.h **** }
1637:/home/min/snap/code/229/.local/share/stm32cube/bundles/gnu-tools-for-stm32/14.3.1+st.2/lib/gcc/arm-none-eabi/14.3.1/include/arm_mve.h **** 
1638:/home/min/snap/code/229/.local/share/stm32cube/bundles/gnu-tools-for-stm32/14.3.1+st.2/lib/gcc/arm-none-eabi/14.3.1/include/arm_mve.h **** __extension__ extern __inline int32x4_t
1639:/home/min/snap/code/229/.local/share/stm32cube/bundles/gnu-tools-for-stm32/14.3.1+st.2/lib/gcc/arm-none-eabi/14.3.1/include/arm_mve.h **** __attribute__ ((__always_inline__, __gnu_inline__, __artificial__))
1640:/home/min/snap/code/229/.local/share/stm32cube/bundles/gnu-tools-for-stm32/14.3.1+st.2/lib/gcc/arm-none-eabi/14.3.1/include/arm_mve.h **** __arm_vldrhq_s32 (int16_t const * __base)
1641:/home/min/snap/code/229/.local/share/stm32cube/bundles/gnu-tools-for-stm32/14.3.1+st.2/lib/gcc/arm-none-eabi/14.3.1/include/arm_mve.h **** {
1642:/home/min/snap/code/229/.local/share/stm32cube/bundles/gnu-tools-for-stm32/14.3.1+st.2/lib/gcc/arm-none-eabi/14.3.1/include/arm_mve.h ****   return __builtin_mve_vldrhq_sv4si ((__builtin_neon_hi *) __base);
1643:/home/min/snap/code/229/.local/share/stm32cube/bundles/gnu-tools-for-stm32/14.3.1+st.2/lib/gcc/arm-none-eabi/14.3.1/include/arm_mve.h **** }
1644:/home/min/snap/code/229/.local/share/stm32cube/bundles/gnu-tools-for-stm32/14.3.1+st.2/lib/gcc/arm-none-eabi/14.3.1/include/arm_mve.h **** 
1645:/home/min/snap/code/229/.local/share/stm32cube/bundles/gnu-tools-for-stm32/14.3.1+st.2/lib/gcc/arm-none-eabi/14.3.1/include/arm_mve.h **** __extension__ extern __inline int16x8_t
1646:/home/min/snap/code/229/.local/share/stm32cube/bundles/gnu-tools-for-stm32/14.3.1+st.2/lib/gcc/arm-none-eabi/14.3.1/include/arm_mve.h **** __attribute__ ((__always_inline__, __gnu_inline__, __artificial__))
1647:/home/min/snap/code/229/.local/share/stm32cube/bundles/gnu-tools-for-stm32/14.3.1+st.2/lib/gcc/arm-none-eabi/14.3.1/include/arm_mve.h **** __arm_vldrhq_s16 (int16_t const * __base)
1648:/home/min/snap/code/229/.local/share/stm32cube/bundles/gnu-tools-for-stm32/14.3.1+st.2/lib/gcc/arm-none-eabi/14.3.1/include/arm_mve.h **** {
1649:/home/min/snap/code/229/.local/share/stm32cube/bundles/gnu-tools-for-stm32/14.3.1+st.2/lib/gcc/arm-none-eabi/14.3.1/include/arm_mve.h ****   return __builtin_mve_vldrhq_sv8hi ((__builtin_neon_hi *) __base);
1650:/home/min/snap/code/229/.local/share/stm32cube/bundles/gnu-tools-for-stm32/14.3.1+st.2/lib/gcc/arm-none-eabi/14.3.1/include/arm_mve.h **** }
1651:/home/min/snap/code/229/.local/share/stm32cube/bundles/gnu-tools-for-stm32/14.3.1+st.2/lib/gcc/arm-none-eabi/14.3.1/include/arm_mve.h **** 
1652:/home/min/snap/code/229/.local/share/stm32cube/bundles/gnu-tools-for-stm32/14.3.1+st.2/lib/gcc/arm-none-eabi/14.3.1/include/arm_mve.h **** __extension__ extern __inline uint32x4_t
1653:/home/min/snap/code/229/.local/share/stm32cube/bundles/gnu-tools-for-stm32/14.3.1+st.2/lib/gcc/arm-none-eabi/14.3.1/include/arm_mve.h **** __attribute__ ((__always_inline__, __gnu_inline__, __artificial__))
1654:/home/min/snap/code/229/.local/share/stm32cube/bundles/gnu-tools-for-stm32/14.3.1+st.2/lib/gcc/arm-none-eabi/14.3.1/include/arm_mve.h **** __arm_vldrhq_u32 (uint16_t const * __base)
1655:/home/min/snap/code/229/.local/share/stm32cube/bundles/gnu-tools-for-stm32/14.3.1+st.2/lib/gcc/arm-none-eabi/14.3.1/include/arm_mve.h **** {
1656:/home/min/snap/code/229/.local/share/stm32cube/bundles/gnu-tools-for-stm32/14.3.1+st.2/lib/gcc/arm-none-eabi/14.3.1/include/arm_mve.h ****   return __builtin_mve_vldrhq_uv4si ((__builtin_neon_hi *) __base);
1657:/home/min/snap/code/229/.local/share/stm32cube/bundles/gnu-tools-for-stm32/14.3.1+st.2/lib/gcc/arm-none-eabi/14.3.1/include/arm_mve.h **** }
1658:/home/min/snap/code/229/.local/share/stm32cube/bundles/gnu-tools-for-stm32/14.3.1+st.2/lib/gcc/arm-none-eabi/14.3.1/include/arm_mve.h **** 
1659:/home/min/snap/code/229/.local/share/stm32cube/bundles/gnu-tools-for-stm32/14.3.1+st.2/lib/gcc/arm-none-eabi/14.3.1/include/arm_mve.h **** __extension__ extern __inline uint16x8_t
1660:/home/min/snap/code/229/.local/share/stm32cube/bundles/gnu-tools-for-stm32/14.3.1+st.2/lib/gcc/arm-none-eabi/14.3.1/include/arm_mve.h **** __attribute__ ((__always_inline__, __gnu_inline__, __artificial__))
1661:/home/min/snap/code/229/.local/share/stm32cube/bundles/gnu-tools-for-stm32/14.3.1+st.2/lib/gcc/arm-none-eabi/14.3.1/include/arm_mve.h **** __arm_vldrhq_u16 (uint16_t const * __base)
1662:/home/min/snap/code/229/.local/share/stm32cube/bundles/gnu-tools-for-stm32/14.3.1+st.2/lib/gcc/arm-none-eabi/14.3.1/include/arm_mve.h **** {
1663:/home/min/snap/code/229/.local/share/stm32cube/bundles/gnu-tools-for-stm32/14.3.1+st.2/lib/gcc/arm-none-eabi/14.3.1/include/arm_mve.h ****   return __builtin_mve_vldrhq_uv8hi ((__builtin_neon_hi *) __base);
1664:/home/min/snap/code/229/.local/share/stm32cube/bundles/gnu-tools-for-stm32/14.3.1+st.2/lib/gcc/arm-none-eabi/14.3.1/include/arm_mve.h **** }
1665:/home/min/snap/code/229/.local/share/stm32cube/bundles/gnu-tools-for-stm32/14.3.1+st.2/lib/gcc/arm-none-eabi/14.3.1/include/arm_mve.h **** 
1666:/home/min/snap/code/229/.local/share/stm32cube/bundles/gnu-tools-for-stm32/14.3.1+st.2/lib/gcc/arm-none-eabi/14.3.1/include/arm_mve.h **** __extension__ extern __inline int32x4_t
1667:/home/min/snap/code/229/.local/share/stm32cube/bundles/gnu-tools-for-stm32/14.3.1+st.2/lib/gcc/arm-none-eabi/14.3.1/include/arm_mve.h **** __attribute__ ((__always_inline__, __gnu_inline__, __artificial__))
1668:/home/min/snap/code/229/.local/share/stm32cube/bundles/gnu-tools-for-stm32/14.3.1+st.2/lib/gcc/arm-none-eabi/14.3.1/include/arm_mve.h **** __arm_vldrhq_z_s32 (int16_t const * __base, mve_pred16_t __p)
1669:/home/min/snap/code/229/.local/share/stm32cube/bundles/gnu-tools-for-stm32/14.3.1+st.2/lib/gcc/arm-none-eabi/14.3.1/include/arm_mve.h **** {
1670:/home/min/snap/code/229/.local/share/stm32cube/bundles/gnu-tools-for-stm32/14.3.1+st.2/lib/gcc/arm-none-eabi/14.3.1/include/arm_mve.h ****   return __builtin_mve_vldrhq_z_sv4si ((__builtin_neon_hi *) __base, __p);
ARM GAS  /tmp/cc66eICS.s 			page 43


1671:/home/min/snap/code/229/.local/share/stm32cube/bundles/gnu-tools-for-stm32/14.3.1+st.2/lib/gcc/arm-none-eabi/14.3.1/include/arm_mve.h **** }
1672:/home/min/snap/code/229/.local/share/stm32cube/bundles/gnu-tools-for-stm32/14.3.1+st.2/lib/gcc/arm-none-eabi/14.3.1/include/arm_mve.h **** 
1673:/home/min/snap/code/229/.local/share/stm32cube/bundles/gnu-tools-for-stm32/14.3.1+st.2/lib/gcc/arm-none-eabi/14.3.1/include/arm_mve.h **** __extension__ extern __inline int16x8_t
1674:/home/min/snap/code/229/.local/share/stm32cube/bundles/gnu-tools-for-stm32/14.3.1+st.2/lib/gcc/arm-none-eabi/14.3.1/include/arm_mve.h **** __attribute__ ((__always_inline__, __gnu_inline__, __artificial__))
1675:/home/min/snap/code/229/.local/share/stm32cube/bundles/gnu-tools-for-stm32/14.3.1+st.2/lib/gcc/arm-none-eabi/14.3.1/include/arm_mve.h **** __arm_vldrhq_z_s16 (int16_t const * __base, mve_pred16_t __p)
1676:/home/min/snap/code/229/.local/share/stm32cube/bundles/gnu-tools-for-stm32/14.3.1+st.2/lib/gcc/arm-none-eabi/14.3.1/include/arm_mve.h **** {
1677:/home/min/snap/code/229/.local/share/stm32cube/bundles/gnu-tools-for-stm32/14.3.1+st.2/lib/gcc/arm-none-eabi/14.3.1/include/arm_mve.h ****   return __builtin_mve_vldrhq_z_sv8hi ((__builtin_neon_hi *) __base, __p);
1678:/home/min/snap/code/229/.local/share/stm32cube/bundles/gnu-tools-for-stm32/14.3.1+st.2/lib/gcc/arm-none-eabi/14.3.1/include/arm_mve.h **** }
1679:/home/min/snap/code/229/.local/share/stm32cube/bundles/gnu-tools-for-stm32/14.3.1+st.2/lib/gcc/arm-none-eabi/14.3.1/include/arm_mve.h **** 
1680:/home/min/snap/code/229/.local/share/stm32cube/bundles/gnu-tools-for-stm32/14.3.1+st.2/lib/gcc/arm-none-eabi/14.3.1/include/arm_mve.h **** __extension__ extern __inline uint32x4_t
1681:/home/min/snap/code/229/.local/share/stm32cube/bundles/gnu-tools-for-stm32/14.3.1+st.2/lib/gcc/arm-none-eabi/14.3.1/include/arm_mve.h **** __attribute__ ((__always_inline__, __gnu_inline__, __artificial__))
1682:/home/min/snap/code/229/.local/share/stm32cube/bundles/gnu-tools-for-stm32/14.3.1+st.2/lib/gcc/arm-none-eabi/14.3.1/include/arm_mve.h **** __arm_vldrhq_z_u32 (uint16_t const * __base, mve_pred16_t __p)
1683:/home/min/snap/code/229/.local/share/stm32cube/bundles/gnu-tools-for-stm32/14.3.1+st.2/lib/gcc/arm-none-eabi/14.3.1/include/arm_mve.h **** {
1684:/home/min/snap/code/229/.local/share/stm32cube/bundles/gnu-tools-for-stm32/14.3.1+st.2/lib/gcc/arm-none-eabi/14.3.1/include/arm_mve.h ****   return __builtin_mve_vldrhq_z_uv4si ((__builtin_neon_hi *) __base, __p);
1685:/home/min/snap/code/229/.local/share/stm32cube/bundles/gnu-tools-for-stm32/14.3.1+st.2/lib/gcc/arm-none-eabi/14.3.1/include/arm_mve.h **** }
1686:/home/min/snap/code/229/.local/share/stm32cube/bundles/gnu-tools-for-stm32/14.3.1+st.2/lib/gcc/arm-none-eabi/14.3.1/include/arm_mve.h **** 
1687:/home/min/snap/code/229/.local/share/stm32cube/bundles/gnu-tools-for-stm32/14.3.1+st.2/lib/gcc/arm-none-eabi/14.3.1/include/arm_mve.h **** __extension__ extern __inline uint16x8_t
1688:/home/min/snap/code/229/.local/share/stm32cube/bundles/gnu-tools-for-stm32/14.3.1+st.2/lib/gcc/arm-none-eabi/14.3.1/include/arm_mve.h **** __attribute__ ((__always_inline__, __gnu_inline__, __artificial__))
1689:/home/min/snap/code/229/.local/share/stm32cube/bundles/gnu-tools-for-stm32/14.3.1+st.2/lib/gcc/arm-none-eabi/14.3.1/include/arm_mve.h **** __arm_vldrhq_z_u16 (uint16_t const * __base, mve_pred16_t __p)
1690:/home/min/snap/code/229/.local/share/stm32cube/bundles/gnu-tools-for-stm32/14.3.1+st.2/lib/gcc/arm-none-eabi/14.3.1/include/arm_mve.h **** {
1691:/home/min/snap/code/229/.local/share/stm32cube/bundles/gnu-tools-for-stm32/14.3.1+st.2/lib/gcc/arm-none-eabi/14.3.1/include/arm_mve.h ****   return __builtin_mve_vldrhq_z_uv8hi ((__builtin_neon_hi *) __base, __p);
1692:/home/min/snap/code/229/.local/share/stm32cube/bundles/gnu-tools-for-stm32/14.3.1+st.2/lib/gcc/arm-none-eabi/14.3.1/include/arm_mve.h **** }
1693:/home/min/snap/code/229/.local/share/stm32cube/bundles/gnu-tools-for-stm32/14.3.1+st.2/lib/gcc/arm-none-eabi/14.3.1/include/arm_mve.h **** 
1694:/home/min/snap/code/229/.local/share/stm32cube/bundles/gnu-tools-for-stm32/14.3.1+st.2/lib/gcc/arm-none-eabi/14.3.1/include/arm_mve.h **** __extension__ extern __inline int32x4_t
1695:/home/min/snap/code/229/.local/share/stm32cube/bundles/gnu-tools-for-stm32/14.3.1+st.2/lib/gcc/arm-none-eabi/14.3.1/include/arm_mve.h **** __attribute__ ((__always_inline__, __gnu_inline__, __artificial__))
1696:/home/min/snap/code/229/.local/share/stm32cube/bundles/gnu-tools-for-stm32/14.3.1+st.2/lib/gcc/arm-none-eabi/14.3.1/include/arm_mve.h **** __arm_vldrwq_s32 (int32_t const * __base)
1697:/home/min/snap/code/229/.local/share/stm32cube/bundles/gnu-tools-for-stm32/14.3.1+st.2/lib/gcc/arm-none-eabi/14.3.1/include/arm_mve.h **** {
1698:/home/min/snap/code/229/.local/share/stm32cube/bundles/gnu-tools-for-stm32/14.3.1+st.2/lib/gcc/arm-none-eabi/14.3.1/include/arm_mve.h ****   return __builtin_mve_vldrwq_sv4si ((__builtin_neon_si *) __base);
1699:/home/min/snap/code/229/.local/share/stm32cube/bundles/gnu-tools-for-stm32/14.3.1+st.2/lib/gcc/arm-none-eabi/14.3.1/include/arm_mve.h **** }
1700:/home/min/snap/code/229/.local/share/stm32cube/bundles/gnu-tools-for-stm32/14.3.1+st.2/lib/gcc/arm-none-eabi/14.3.1/include/arm_mve.h **** 
1701:/home/min/snap/code/229/.local/share/stm32cube/bundles/gnu-tools-for-stm32/14.3.1+st.2/lib/gcc/arm-none-eabi/14.3.1/include/arm_mve.h **** __extension__ extern __inline uint32x4_t
1702:/home/min/snap/code/229/.local/share/stm32cube/bundles/gnu-tools-for-stm32/14.3.1+st.2/lib/gcc/arm-none-eabi/14.3.1/include/arm_mve.h **** __attribute__ ((__always_inline__, __gnu_inline__, __artificial__))
1703:/home/min/snap/code/229/.local/share/stm32cube/bundles/gnu-tools-for-stm32/14.3.1+st.2/lib/gcc/arm-none-eabi/14.3.1/include/arm_mve.h **** __arm_vldrwq_u32 (uint32_t const * __base)
1704:/home/min/snap/code/229/.local/share/stm32cube/bundles/gnu-tools-for-stm32/14.3.1+st.2/lib/gcc/arm-none-eabi/14.3.1/include/arm_mve.h **** {
1705:/home/min/snap/code/229/.local/share/stm32cube/bundles/gnu-tools-for-stm32/14.3.1+st.2/lib/gcc/arm-none-eabi/14.3.1/include/arm_mve.h ****   return __builtin_mve_vldrwq_uv4si ((__builtin_neon_si *) __base);
1706:/home/min/snap/code/229/.local/share/stm32cube/bundles/gnu-tools-for-stm32/14.3.1+st.2/lib/gcc/arm-none-eabi/14.3.1/include/arm_mve.h **** }
1707:/home/min/snap/code/229/.local/share/stm32cube/bundles/gnu-tools-for-stm32/14.3.1+st.2/lib/gcc/arm-none-eabi/14.3.1/include/arm_mve.h **** 
1708:/home/min/snap/code/229/.local/share/stm32cube/bundles/gnu-tools-for-stm32/14.3.1+st.2/lib/gcc/arm-none-eabi/14.3.1/include/arm_mve.h **** 
1709:/home/min/snap/code/229/.local/share/stm32cube/bundles/gnu-tools-for-stm32/14.3.1+st.2/lib/gcc/arm-none-eabi/14.3.1/include/arm_mve.h **** __extension__ extern __inline int32x4_t
1710:/home/min/snap/code/229/.local/share/stm32cube/bundles/gnu-tools-for-stm32/14.3.1+st.2/lib/gcc/arm-none-eabi/14.3.1/include/arm_mve.h **** __attribute__ ((__always_inline__, __gnu_inline__, __artificial__))
1711:/home/min/snap/code/229/.local/share/stm32cube/bundles/gnu-tools-for-stm32/14.3.1+st.2/lib/gcc/arm-none-eabi/14.3.1/include/arm_mve.h **** __arm_vldrwq_z_s32 (int32_t const * __base, mve_pred16_t __p)
1712:/home/min/snap/code/229/.local/share/stm32cube/bundles/gnu-tools-for-stm32/14.3.1+st.2/lib/gcc/arm-none-eabi/14.3.1/include/arm_mve.h **** {
1713:/home/min/snap/code/229/.local/share/stm32cube/bundles/gnu-tools-for-stm32/14.3.1+st.2/lib/gcc/arm-none-eabi/14.3.1/include/arm_mve.h ****   return __builtin_mve_vldrwq_z_sv4si ((__builtin_neon_si *) __base, __p);
1714:/home/min/snap/code/229/.local/share/stm32cube/bundles/gnu-tools-for-stm32/14.3.1+st.2/lib/gcc/arm-none-eabi/14.3.1/include/arm_mve.h **** }
1715:/home/min/snap/code/229/.local/share/stm32cube/bundles/gnu-tools-for-stm32/14.3.1+st.2/lib/gcc/arm-none-eabi/14.3.1/include/arm_mve.h **** 
1716:/home/min/snap/code/229/.local/share/stm32cube/bundles/gnu-tools-for-stm32/14.3.1+st.2/lib/gcc/arm-none-eabi/14.3.1/include/arm_mve.h **** __extension__ extern __inline uint32x4_t
1717:/home/min/snap/code/229/.local/share/stm32cube/bundles/gnu-tools-for-stm32/14.3.1+st.2/lib/gcc/arm-none-eabi/14.3.1/include/arm_mve.h **** __attribute__ ((__always_inline__, __gnu_inline__, __artificial__))
1718:/home/min/snap/code/229/.local/share/stm32cube/bundles/gnu-tools-for-stm32/14.3.1+st.2/lib/gcc/arm-none-eabi/14.3.1/include/arm_mve.h **** __arm_vldrwq_z_u32 (uint32_t const * __base, mve_pred16_t __p)
1719:/home/min/snap/code/229/.local/share/stm32cube/bundles/gnu-tools-for-stm32/14.3.1+st.2/lib/gcc/arm-none-eabi/14.3.1/include/arm_mve.h **** {
1720:/home/min/snap/code/229/.local/share/stm32cube/bundles/gnu-tools-for-stm32/14.3.1+st.2/lib/gcc/arm-none-eabi/14.3.1/include/arm_mve.h ****   return __builtin_mve_vldrwq_z_uv4si ((__builtin_neon_si *) __base, __p);
1721:/home/min/snap/code/229/.local/share/stm32cube/bundles/gnu-tools-for-stm32/14.3.1+st.2/lib/gcc/arm-none-eabi/14.3.1/include/arm_mve.h **** }
1722:/home/min/snap/code/229/.local/share/stm32cube/bundles/gnu-tools-for-stm32/14.3.1+st.2/lib/gcc/arm-none-eabi/14.3.1/include/arm_mve.h **** 
1723:/home/min/snap/code/229/.local/share/stm32cube/bundles/gnu-tools-for-stm32/14.3.1+st.2/lib/gcc/arm-none-eabi/14.3.1/include/arm_mve.h **** __extension__ extern __inline int64x2_t
1724:/home/min/snap/code/229/.local/share/stm32cube/bundles/gnu-tools-for-stm32/14.3.1+st.2/lib/gcc/arm-none-eabi/14.3.1/include/arm_mve.h **** __attribute__ ((__always_inline__, __gnu_inline__, __artificial__))
1725:/home/min/snap/code/229/.local/share/stm32cube/bundles/gnu-tools-for-stm32/14.3.1+st.2/lib/gcc/arm-none-eabi/14.3.1/include/arm_mve.h **** __arm_vldrdq_gather_base_s64 (uint64x2_t __addr, const int __offset)
1726:/home/min/snap/code/229/.local/share/stm32cube/bundles/gnu-tools-for-stm32/14.3.1+st.2/lib/gcc/arm-none-eabi/14.3.1/include/arm_mve.h **** {
1727:/home/min/snap/code/229/.local/share/stm32cube/bundles/gnu-tools-for-stm32/14.3.1+st.2/lib/gcc/arm-none-eabi/14.3.1/include/arm_mve.h ****   return __builtin_mve_vldrdq_gather_base_sv2di (__addr, __offset);
ARM GAS  /tmp/cc66eICS.s 			page 44


1728:/home/min/snap/code/229/.local/share/stm32cube/bundles/gnu-tools-for-stm32/14.3.1+st.2/lib/gcc/arm-none-eabi/14.3.1/include/arm_mve.h **** }
1729:/home/min/snap/code/229/.local/share/stm32cube/bundles/gnu-tools-for-stm32/14.3.1+st.2/lib/gcc/arm-none-eabi/14.3.1/include/arm_mve.h **** 
1730:/home/min/snap/code/229/.local/share/stm32cube/bundles/gnu-tools-for-stm32/14.3.1+st.2/lib/gcc/arm-none-eabi/14.3.1/include/arm_mve.h **** __extension__ extern __inline uint64x2_t
1731:/home/min/snap/code/229/.local/share/stm32cube/bundles/gnu-tools-for-stm32/14.3.1+st.2/lib/gcc/arm-none-eabi/14.3.1/include/arm_mve.h **** __attribute__ ((__always_inline__, __gnu_inline__, __artificial__))
1732:/home/min/snap/code/229/.local/share/stm32cube/bundles/gnu-tools-for-stm32/14.3.1+st.2/lib/gcc/arm-none-eabi/14.3.1/include/arm_mve.h **** __arm_vldrdq_gather_base_u64 (uint64x2_t __addr, const int __offset)
1733:/home/min/snap/code/229/.local/share/stm32cube/bundles/gnu-tools-for-stm32/14.3.1+st.2/lib/gcc/arm-none-eabi/14.3.1/include/arm_mve.h **** {
1734:/home/min/snap/code/229/.local/share/stm32cube/bundles/gnu-tools-for-stm32/14.3.1+st.2/lib/gcc/arm-none-eabi/14.3.1/include/arm_mve.h ****   return __builtin_mve_vldrdq_gather_base_uv2di (__addr, __offset);
1735:/home/min/snap/code/229/.local/share/stm32cube/bundles/gnu-tools-for-stm32/14.3.1+st.2/lib/gcc/arm-none-eabi/14.3.1/include/arm_mve.h **** }
1736:/home/min/snap/code/229/.local/share/stm32cube/bundles/gnu-tools-for-stm32/14.3.1+st.2/lib/gcc/arm-none-eabi/14.3.1/include/arm_mve.h **** 
1737:/home/min/snap/code/229/.local/share/stm32cube/bundles/gnu-tools-for-stm32/14.3.1+st.2/lib/gcc/arm-none-eabi/14.3.1/include/arm_mve.h **** __extension__ extern __inline int64x2_t
1738:/home/min/snap/code/229/.local/share/stm32cube/bundles/gnu-tools-for-stm32/14.3.1+st.2/lib/gcc/arm-none-eabi/14.3.1/include/arm_mve.h **** __attribute__ ((__always_inline__, __gnu_inline__, __artificial__))
1739:/home/min/snap/code/229/.local/share/stm32cube/bundles/gnu-tools-for-stm32/14.3.1+st.2/lib/gcc/arm-none-eabi/14.3.1/include/arm_mve.h **** __arm_vldrdq_gather_base_z_s64 (uint64x2_t __addr, const int __offset, mve_pred16_t __p)
1740:/home/min/snap/code/229/.local/share/stm32cube/bundles/gnu-tools-for-stm32/14.3.1+st.2/lib/gcc/arm-none-eabi/14.3.1/include/arm_mve.h **** {
1741:/home/min/snap/code/229/.local/share/stm32cube/bundles/gnu-tools-for-stm32/14.3.1+st.2/lib/gcc/arm-none-eabi/14.3.1/include/arm_mve.h ****   return __builtin_mve_vldrdq_gather_base_z_sv2di (__addr, __offset, __p);
1742:/home/min/snap/code/229/.local/share/stm32cube/bundles/gnu-tools-for-stm32/14.3.1+st.2/lib/gcc/arm-none-eabi/14.3.1/include/arm_mve.h **** }
1743:/home/min/snap/code/229/.local/share/stm32cube/bundles/gnu-tools-for-stm32/14.3.1+st.2/lib/gcc/arm-none-eabi/14.3.1/include/arm_mve.h **** 
1744:/home/min/snap/code/229/.local/share/stm32cube/bundles/gnu-tools-for-stm32/14.3.1+st.2/lib/gcc/arm-none-eabi/14.3.1/include/arm_mve.h **** __extension__ extern __inline uint64x2_t
1745:/home/min/snap/code/229/.local/share/stm32cube/bundles/gnu-tools-for-stm32/14.3.1+st.2/lib/gcc/arm-none-eabi/14.3.1/include/arm_mve.h **** __attribute__ ((__always_inline__, __gnu_inline__, __artificial__))
1746:/home/min/snap/code/229/.local/share/stm32cube/bundles/gnu-tools-for-stm32/14.3.1+st.2/lib/gcc/arm-none-eabi/14.3.1/include/arm_mve.h **** __arm_vldrdq_gather_base_z_u64 (uint64x2_t __addr, const int __offset, mve_pred16_t __p)
1747:/home/min/snap/code/229/.local/share/stm32cube/bundles/gnu-tools-for-stm32/14.3.1+st.2/lib/gcc/arm-none-eabi/14.3.1/include/arm_mve.h **** {
1748:/home/min/snap/code/229/.local/share/stm32cube/bundles/gnu-tools-for-stm32/14.3.1+st.2/lib/gcc/arm-none-eabi/14.3.1/include/arm_mve.h ****   return __builtin_mve_vldrdq_gather_base_z_uv2di (__addr, __offset, __p);
1749:/home/min/snap/code/229/.local/share/stm32cube/bundles/gnu-tools-for-stm32/14.3.1+st.2/lib/gcc/arm-none-eabi/14.3.1/include/arm_mve.h **** }
1750:/home/min/snap/code/229/.local/share/stm32cube/bundles/gnu-tools-for-stm32/14.3.1+st.2/lib/gcc/arm-none-eabi/14.3.1/include/arm_mve.h **** 
1751:/home/min/snap/code/229/.local/share/stm32cube/bundles/gnu-tools-for-stm32/14.3.1+st.2/lib/gcc/arm-none-eabi/14.3.1/include/arm_mve.h **** __extension__ extern __inline int64x2_t
1752:/home/min/snap/code/229/.local/share/stm32cube/bundles/gnu-tools-for-stm32/14.3.1+st.2/lib/gcc/arm-none-eabi/14.3.1/include/arm_mve.h **** __attribute__ ((__always_inline__, __gnu_inline__, __artificial__))
1753:/home/min/snap/code/229/.local/share/stm32cube/bundles/gnu-tools-for-stm32/14.3.1+st.2/lib/gcc/arm-none-eabi/14.3.1/include/arm_mve.h **** __arm_vldrdq_gather_offset_s64 (int64_t const * __base, uint64x2_t __offset)
1754:/home/min/snap/code/229/.local/share/stm32cube/bundles/gnu-tools-for-stm32/14.3.1+st.2/lib/gcc/arm-none-eabi/14.3.1/include/arm_mve.h **** {
1755:/home/min/snap/code/229/.local/share/stm32cube/bundles/gnu-tools-for-stm32/14.3.1+st.2/lib/gcc/arm-none-eabi/14.3.1/include/arm_mve.h ****   return __builtin_mve_vldrdq_gather_offset_sv2di ((__builtin_neon_di *) __base, __offset);
1756:/home/min/snap/code/229/.local/share/stm32cube/bundles/gnu-tools-for-stm32/14.3.1+st.2/lib/gcc/arm-none-eabi/14.3.1/include/arm_mve.h **** }
1757:/home/min/snap/code/229/.local/share/stm32cube/bundles/gnu-tools-for-stm32/14.3.1+st.2/lib/gcc/arm-none-eabi/14.3.1/include/arm_mve.h **** 
1758:/home/min/snap/code/229/.local/share/stm32cube/bundles/gnu-tools-for-stm32/14.3.1+st.2/lib/gcc/arm-none-eabi/14.3.1/include/arm_mve.h **** __extension__ extern __inline uint64x2_t
1759:/home/min/snap/code/229/.local/share/stm32cube/bundles/gnu-tools-for-stm32/14.3.1+st.2/lib/gcc/arm-none-eabi/14.3.1/include/arm_mve.h **** __attribute__ ((__always_inline__, __gnu_inline__, __artificial__))
1760:/home/min/snap/code/229/.local/share/stm32cube/bundles/gnu-tools-for-stm32/14.3.1+st.2/lib/gcc/arm-none-eabi/14.3.1/include/arm_mve.h **** __arm_vldrdq_gather_offset_u64 (uint64_t const * __base, uint64x2_t __offset)
1761:/home/min/snap/code/229/.local/share/stm32cube/bundles/gnu-tools-for-stm32/14.3.1+st.2/lib/gcc/arm-none-eabi/14.3.1/include/arm_mve.h **** {
1762:/home/min/snap/code/229/.local/share/stm32cube/bundles/gnu-tools-for-stm32/14.3.1+st.2/lib/gcc/arm-none-eabi/14.3.1/include/arm_mve.h ****   return __builtin_mve_vldrdq_gather_offset_uv2di ((__builtin_neon_di *) __base, __offset);
1763:/home/min/snap/code/229/.local/share/stm32cube/bundles/gnu-tools-for-stm32/14.3.1+st.2/lib/gcc/arm-none-eabi/14.3.1/include/arm_mve.h **** }
1764:/home/min/snap/code/229/.local/share/stm32cube/bundles/gnu-tools-for-stm32/14.3.1+st.2/lib/gcc/arm-none-eabi/14.3.1/include/arm_mve.h **** 
1765:/home/min/snap/code/229/.local/share/stm32cube/bundles/gnu-tools-for-stm32/14.3.1+st.2/lib/gcc/arm-none-eabi/14.3.1/include/arm_mve.h **** __extension__ extern __inline int64x2_t
1766:/home/min/snap/code/229/.local/share/stm32cube/bundles/gnu-tools-for-stm32/14.3.1+st.2/lib/gcc/arm-none-eabi/14.3.1/include/arm_mve.h **** __attribute__ ((__always_inline__, __gnu_inline__, __artificial__))
1767:/home/min/snap/code/229/.local/share/stm32cube/bundles/gnu-tools-for-stm32/14.3.1+st.2/lib/gcc/arm-none-eabi/14.3.1/include/arm_mve.h **** __arm_vldrdq_gather_offset_z_s64 (int64_t const * __base, uint64x2_t __offset, mve_pred16_t __p)
1768:/home/min/snap/code/229/.local/share/stm32cube/bundles/gnu-tools-for-stm32/14.3.1+st.2/lib/gcc/arm-none-eabi/14.3.1/include/arm_mve.h **** {
1769:/home/min/snap/code/229/.local/share/stm32cube/bundles/gnu-tools-for-stm32/14.3.1+st.2/lib/gcc/arm-none-eabi/14.3.1/include/arm_mve.h ****   return __builtin_mve_vldrdq_gather_offset_z_sv2di ((__builtin_neon_di *) __base, __offset, __p);
1770:/home/min/snap/code/229/.local/share/stm32cube/bundles/gnu-tools-for-stm32/14.3.1+st.2/lib/gcc/arm-none-eabi/14.3.1/include/arm_mve.h **** }
1771:/home/min/snap/code/229/.local/share/stm32cube/bundles/gnu-tools-for-stm32/14.3.1+st.2/lib/gcc/arm-none-eabi/14.3.1/include/arm_mve.h **** 
1772:/home/min/snap/code/229/.local/share/stm32cube/bundles/gnu-tools-for-stm32/14.3.1+st.2/lib/gcc/arm-none-eabi/14.3.1/include/arm_mve.h **** 
1773:/home/min/snap/code/229/.local/share/stm32cube/bundles/gnu-tools-for-stm32/14.3.1+st.2/lib/gcc/arm-none-eabi/14.3.1/include/arm_mve.h **** __extension__ extern __inline uint64x2_t
1774:/home/min/snap/code/229/.local/share/stm32cube/bundles/gnu-tools-for-stm32/14.3.1+st.2/lib/gcc/arm-none-eabi/14.3.1/include/arm_mve.h **** __attribute__ ((__always_inline__, __gnu_inline__, __artificial__))
1775:/home/min/snap/code/229/.local/share/stm32cube/bundles/gnu-tools-for-stm32/14.3.1+st.2/lib/gcc/arm-none-eabi/14.3.1/include/arm_mve.h **** __arm_vldrdq_gather_offset_z_u64 (uint64_t const * __base, uint64x2_t __offset, mve_pred16_t __p)
1776:/home/min/snap/code/229/.local/share/stm32cube/bundles/gnu-tools-for-stm32/14.3.1+st.2/lib/gcc/arm-none-eabi/14.3.1/include/arm_mve.h **** {
1777:/home/min/snap/code/229/.local/share/stm32cube/bundles/gnu-tools-for-stm32/14.3.1+st.2/lib/gcc/arm-none-eabi/14.3.1/include/arm_mve.h ****   return __builtin_mve_vldrdq_gather_offset_z_uv2di ((__builtin_neon_di *) __base, __offset, __p);
1778:/home/min/snap/code/229/.local/share/stm32cube/bundles/gnu-tools-for-stm32/14.3.1+st.2/lib/gcc/arm-none-eabi/14.3.1/include/arm_mve.h **** }
1779:/home/min/snap/code/229/.local/share/stm32cube/bundles/gnu-tools-for-stm32/14.3.1+st.2/lib/gcc/arm-none-eabi/14.3.1/include/arm_mve.h **** 
1780:/home/min/snap/code/229/.local/share/stm32cube/bundles/gnu-tools-for-stm32/14.3.1+st.2/lib/gcc/arm-none-eabi/14.3.1/include/arm_mve.h **** __extension__ extern __inline int64x2_t
1781:/home/min/snap/code/229/.local/share/stm32cube/bundles/gnu-tools-for-stm32/14.3.1+st.2/lib/gcc/arm-none-eabi/14.3.1/include/arm_mve.h **** __attribute__ ((__always_inline__, __gnu_inline__, __artificial__))
1782:/home/min/snap/code/229/.local/share/stm32cube/bundles/gnu-tools-for-stm32/14.3.1+st.2/lib/gcc/arm-none-eabi/14.3.1/include/arm_mve.h **** __arm_vldrdq_gather_shifted_offset_s64 (int64_t const * __base, uint64x2_t __offset)
1783:/home/min/snap/code/229/.local/share/stm32cube/bundles/gnu-tools-for-stm32/14.3.1+st.2/lib/gcc/arm-none-eabi/14.3.1/include/arm_mve.h **** {
1784:/home/min/snap/code/229/.local/share/stm32cube/bundles/gnu-tools-for-stm32/14.3.1+st.2/lib/gcc/arm-none-eabi/14.3.1/include/arm_mve.h ****   return __builtin_mve_vldrdq_gather_shifted_offset_sv2di ((__builtin_neon_di *) __base, __offset);
ARM GAS  /tmp/cc66eICS.s 			page 45


1785:/home/min/snap/code/229/.local/share/stm32cube/bundles/gnu-tools-for-stm32/14.3.1+st.2/lib/gcc/arm-none-eabi/14.3.1/include/arm_mve.h **** }
1786:/home/min/snap/code/229/.local/share/stm32cube/bundles/gnu-tools-for-stm32/14.3.1+st.2/lib/gcc/arm-none-eabi/14.3.1/include/arm_mve.h **** 
1787:/home/min/snap/code/229/.local/share/stm32cube/bundles/gnu-tools-for-stm32/14.3.1+st.2/lib/gcc/arm-none-eabi/14.3.1/include/arm_mve.h **** __extension__ extern __inline uint64x2_t
1788:/home/min/snap/code/229/.local/share/stm32cube/bundles/gnu-tools-for-stm32/14.3.1+st.2/lib/gcc/arm-none-eabi/14.3.1/include/arm_mve.h **** __attribute__ ((__always_inline__, __gnu_inline__, __artificial__))
1789:/home/min/snap/code/229/.local/share/stm32cube/bundles/gnu-tools-for-stm32/14.3.1+st.2/lib/gcc/arm-none-eabi/14.3.1/include/arm_mve.h **** __arm_vldrdq_gather_shifted_offset_u64 (uint64_t const * __base, uint64x2_t __offset)
1790:/home/min/snap/code/229/.local/share/stm32cube/bundles/gnu-tools-for-stm32/14.3.1+st.2/lib/gcc/arm-none-eabi/14.3.1/include/arm_mve.h **** {
1791:/home/min/snap/code/229/.local/share/stm32cube/bundles/gnu-tools-for-stm32/14.3.1+st.2/lib/gcc/arm-none-eabi/14.3.1/include/arm_mve.h ****   return __builtin_mve_vldrdq_gather_shifted_offset_uv2di ((__builtin_neon_di *) __base, __offset);
1792:/home/min/snap/code/229/.local/share/stm32cube/bundles/gnu-tools-for-stm32/14.3.1+st.2/lib/gcc/arm-none-eabi/14.3.1/include/arm_mve.h **** }
1793:/home/min/snap/code/229/.local/share/stm32cube/bundles/gnu-tools-for-stm32/14.3.1+st.2/lib/gcc/arm-none-eabi/14.3.1/include/arm_mve.h **** 
1794:/home/min/snap/code/229/.local/share/stm32cube/bundles/gnu-tools-for-stm32/14.3.1+st.2/lib/gcc/arm-none-eabi/14.3.1/include/arm_mve.h **** __extension__ extern __inline int64x2_t
1795:/home/min/snap/code/229/.local/share/stm32cube/bundles/gnu-tools-for-stm32/14.3.1+st.2/lib/gcc/arm-none-eabi/14.3.1/include/arm_mve.h **** __attribute__ ((__always_inline__, __gnu_inline__, __artificial__))
1796:/home/min/snap/code/229/.local/share/stm32cube/bundles/gnu-tools-for-stm32/14.3.1+st.2/lib/gcc/arm-none-eabi/14.3.1/include/arm_mve.h **** __arm_vldrdq_gather_shifted_offset_z_s64 (int64_t const * __base, uint64x2_t __offset, mve_pred16_t
1797:/home/min/snap/code/229/.local/share/stm32cube/bundles/gnu-tools-for-stm32/14.3.1+st.2/lib/gcc/arm-none-eabi/14.3.1/include/arm_mve.h **** {
1798:/home/min/snap/code/229/.local/share/stm32cube/bundles/gnu-tools-for-stm32/14.3.1+st.2/lib/gcc/arm-none-eabi/14.3.1/include/arm_mve.h ****   return __builtin_mve_vldrdq_gather_shifted_offset_z_sv2di ((__builtin_neon_di *) __base, __offset
1799:/home/min/snap/code/229/.local/share/stm32cube/bundles/gnu-tools-for-stm32/14.3.1+st.2/lib/gcc/arm-none-eabi/14.3.1/include/arm_mve.h **** }
1800:/home/min/snap/code/229/.local/share/stm32cube/bundles/gnu-tools-for-stm32/14.3.1+st.2/lib/gcc/arm-none-eabi/14.3.1/include/arm_mve.h **** 
1801:/home/min/snap/code/229/.local/share/stm32cube/bundles/gnu-tools-for-stm32/14.3.1+st.2/lib/gcc/arm-none-eabi/14.3.1/include/arm_mve.h **** __extension__ extern __inline uint64x2_t
1802:/home/min/snap/code/229/.local/share/stm32cube/bundles/gnu-tools-for-stm32/14.3.1+st.2/lib/gcc/arm-none-eabi/14.3.1/include/arm_mve.h **** __attribute__ ((__always_inline__, __gnu_inline__, __artificial__))
1803:/home/min/snap/code/229/.local/share/stm32cube/bundles/gnu-tools-for-stm32/14.3.1+st.2/lib/gcc/arm-none-eabi/14.3.1/include/arm_mve.h **** __arm_vldrdq_gather_shifted_offset_z_u64 (uint64_t const * __base, uint64x2_t __offset, mve_pred16_
1804:/home/min/snap/code/229/.local/share/stm32cube/bundles/gnu-tools-for-stm32/14.3.1+st.2/lib/gcc/arm-none-eabi/14.3.1/include/arm_mve.h **** {
1805:/home/min/snap/code/229/.local/share/stm32cube/bundles/gnu-tools-for-stm32/14.3.1+st.2/lib/gcc/arm-none-eabi/14.3.1/include/arm_mve.h ****   return __builtin_mve_vldrdq_gather_shifted_offset_z_uv2di ((__builtin_neon_di *) __base, __offset
1806:/home/min/snap/code/229/.local/share/stm32cube/bundles/gnu-tools-for-stm32/14.3.1+st.2/lib/gcc/arm-none-eabi/14.3.1/include/arm_mve.h **** }
1807:/home/min/snap/code/229/.local/share/stm32cube/bundles/gnu-tools-for-stm32/14.3.1+st.2/lib/gcc/arm-none-eabi/14.3.1/include/arm_mve.h **** 
1808:/home/min/snap/code/229/.local/share/stm32cube/bundles/gnu-tools-for-stm32/14.3.1+st.2/lib/gcc/arm-none-eabi/14.3.1/include/arm_mve.h **** __extension__ extern __inline int32x4_t
1809:/home/min/snap/code/229/.local/share/stm32cube/bundles/gnu-tools-for-stm32/14.3.1+st.2/lib/gcc/arm-none-eabi/14.3.1/include/arm_mve.h **** __attribute__ ((__always_inline__, __gnu_inline__, __artificial__))
1810:/home/min/snap/code/229/.local/share/stm32cube/bundles/gnu-tools-for-stm32/14.3.1+st.2/lib/gcc/arm-none-eabi/14.3.1/include/arm_mve.h **** __arm_vldrwq_gather_offset_s32 (int32_t const * __base, uint32x4_t __offset)
1811:/home/min/snap/code/229/.local/share/stm32cube/bundles/gnu-tools-for-stm32/14.3.1+st.2/lib/gcc/arm-none-eabi/14.3.1/include/arm_mve.h **** {
1812:/home/min/snap/code/229/.local/share/stm32cube/bundles/gnu-tools-for-stm32/14.3.1+st.2/lib/gcc/arm-none-eabi/14.3.1/include/arm_mve.h ****   return __builtin_mve_vldrwq_gather_offset_sv4si ((__builtin_neon_si *) __base, __offset);
1813:/home/min/snap/code/229/.local/share/stm32cube/bundles/gnu-tools-for-stm32/14.3.1+st.2/lib/gcc/arm-none-eabi/14.3.1/include/arm_mve.h **** }
1814:/home/min/snap/code/229/.local/share/stm32cube/bundles/gnu-tools-for-stm32/14.3.1+st.2/lib/gcc/arm-none-eabi/14.3.1/include/arm_mve.h **** 
1815:/home/min/snap/code/229/.local/share/stm32cube/bundles/gnu-tools-for-stm32/14.3.1+st.2/lib/gcc/arm-none-eabi/14.3.1/include/arm_mve.h **** __extension__ extern __inline uint32x4_t
1816:/home/min/snap/code/229/.local/share/stm32cube/bundles/gnu-tools-for-stm32/14.3.1+st.2/lib/gcc/arm-none-eabi/14.3.1/include/arm_mve.h **** __attribute__ ((__always_inline__, __gnu_inline__, __artificial__))
1817:/home/min/snap/code/229/.local/share/stm32cube/bundles/gnu-tools-for-stm32/14.3.1+st.2/lib/gcc/arm-none-eabi/14.3.1/include/arm_mve.h **** __arm_vldrwq_gather_offset_u32 (uint32_t const * __base, uint32x4_t __offset)
1818:/home/min/snap/code/229/.local/share/stm32cube/bundles/gnu-tools-for-stm32/14.3.1+st.2/lib/gcc/arm-none-eabi/14.3.1/include/arm_mve.h **** {
1819:/home/min/snap/code/229/.local/share/stm32cube/bundles/gnu-tools-for-stm32/14.3.1+st.2/lib/gcc/arm-none-eabi/14.3.1/include/arm_mve.h ****   return __builtin_mve_vldrwq_gather_offset_uv4si ((__builtin_neon_si *) __base, __offset);
1820:/home/min/snap/code/229/.local/share/stm32cube/bundles/gnu-tools-for-stm32/14.3.1+st.2/lib/gcc/arm-none-eabi/14.3.1/include/arm_mve.h **** }
1821:/home/min/snap/code/229/.local/share/stm32cube/bundles/gnu-tools-for-stm32/14.3.1+st.2/lib/gcc/arm-none-eabi/14.3.1/include/arm_mve.h **** 
1822:/home/min/snap/code/229/.local/share/stm32cube/bundles/gnu-tools-for-stm32/14.3.1+st.2/lib/gcc/arm-none-eabi/14.3.1/include/arm_mve.h **** __extension__ extern __inline int32x4_t
1823:/home/min/snap/code/229/.local/share/stm32cube/bundles/gnu-tools-for-stm32/14.3.1+st.2/lib/gcc/arm-none-eabi/14.3.1/include/arm_mve.h **** __attribute__ ((__always_inline__, __gnu_inline__, __artificial__))
1824:/home/min/snap/code/229/.local/share/stm32cube/bundles/gnu-tools-for-stm32/14.3.1+st.2/lib/gcc/arm-none-eabi/14.3.1/include/arm_mve.h **** __arm_vldrwq_gather_offset_z_s32 (int32_t const * __base, uint32x4_t __offset, mve_pred16_t __p)
1825:/home/min/snap/code/229/.local/share/stm32cube/bundles/gnu-tools-for-stm32/14.3.1+st.2/lib/gcc/arm-none-eabi/14.3.1/include/arm_mve.h **** {
1826:/home/min/snap/code/229/.local/share/stm32cube/bundles/gnu-tools-for-stm32/14.3.1+st.2/lib/gcc/arm-none-eabi/14.3.1/include/arm_mve.h ****   return __builtin_mve_vldrwq_gather_offset_z_sv4si ((__builtin_neon_si *) __base, __offset, __p);
1827:/home/min/snap/code/229/.local/share/stm32cube/bundles/gnu-tools-for-stm32/14.3.1+st.2/lib/gcc/arm-none-eabi/14.3.1/include/arm_mve.h **** }
1828:/home/min/snap/code/229/.local/share/stm32cube/bundles/gnu-tools-for-stm32/14.3.1+st.2/lib/gcc/arm-none-eabi/14.3.1/include/arm_mve.h **** 
1829:/home/min/snap/code/229/.local/share/stm32cube/bundles/gnu-tools-for-stm32/14.3.1+st.2/lib/gcc/arm-none-eabi/14.3.1/include/arm_mve.h **** __extension__ extern __inline uint32x4_t
1830:/home/min/snap/code/229/.local/share/stm32cube/bundles/gnu-tools-for-stm32/14.3.1+st.2/lib/gcc/arm-none-eabi/14.3.1/include/arm_mve.h **** __attribute__ ((__always_inline__, __gnu_inline__, __artificial__))
1831:/home/min/snap/code/229/.local/share/stm32cube/bundles/gnu-tools-for-stm32/14.3.1+st.2/lib/gcc/arm-none-eabi/14.3.1/include/arm_mve.h **** __arm_vldrwq_gather_offset_z_u32 (uint32_t const * __base, uint32x4_t __offset, mve_pred16_t __p)
1832:/home/min/snap/code/229/.local/share/stm32cube/bundles/gnu-tools-for-stm32/14.3.1+st.2/lib/gcc/arm-none-eabi/14.3.1/include/arm_mve.h **** {
1833:/home/min/snap/code/229/.local/share/stm32cube/bundles/gnu-tools-for-stm32/14.3.1+st.2/lib/gcc/arm-none-eabi/14.3.1/include/arm_mve.h ****   return __builtin_mve_vldrwq_gather_offset_z_uv4si ((__builtin_neon_si *) __base, __offset, __p);
1834:/home/min/snap/code/229/.local/share/stm32cube/bundles/gnu-tools-for-stm32/14.3.1+st.2/lib/gcc/arm-none-eabi/14.3.1/include/arm_mve.h **** }
1835:/home/min/snap/code/229/.local/share/stm32cube/bundles/gnu-tools-for-stm32/14.3.1+st.2/lib/gcc/arm-none-eabi/14.3.1/include/arm_mve.h **** 
1836:/home/min/snap/code/229/.local/share/stm32cube/bundles/gnu-tools-for-stm32/14.3.1+st.2/lib/gcc/arm-none-eabi/14.3.1/include/arm_mve.h **** __extension__ extern __inline int32x4_t
1837:/home/min/snap/code/229/.local/share/stm32cube/bundles/gnu-tools-for-stm32/14.3.1+st.2/lib/gcc/arm-none-eabi/14.3.1/include/arm_mve.h **** __attribute__ ((__always_inline__, __gnu_inline__, __artificial__))
1838:/home/min/snap/code/229/.local/share/stm32cube/bundles/gnu-tools-for-stm32/14.3.1+st.2/lib/gcc/arm-none-eabi/14.3.1/include/arm_mve.h **** __arm_vldrwq_gather_shifted_offset_s32 (int32_t const * __base, uint32x4_t __offset)
1839:/home/min/snap/code/229/.local/share/stm32cube/bundles/gnu-tools-for-stm32/14.3.1+st.2/lib/gcc/arm-none-eabi/14.3.1/include/arm_mve.h **** {
1840:/home/min/snap/code/229/.local/share/stm32cube/bundles/gnu-tools-for-stm32/14.3.1+st.2/lib/gcc/arm-none-eabi/14.3.1/include/arm_mve.h ****   return __builtin_mve_vldrwq_gather_shifted_offset_sv4si ((__builtin_neon_si *) __base, __offset);
1841:/home/min/snap/code/229/.local/share/stm32cube/bundles/gnu-tools-for-stm32/14.3.1+st.2/lib/gcc/arm-none-eabi/14.3.1/include/arm_mve.h **** }
ARM GAS  /tmp/cc66eICS.s 			page 46


1842:/home/min/snap/code/229/.local/share/stm32cube/bundles/gnu-tools-for-stm32/14.3.1+st.2/lib/gcc/arm-none-eabi/14.3.1/include/arm_mve.h **** 
1843:/home/min/snap/code/229/.local/share/stm32cube/bundles/gnu-tools-for-stm32/14.3.1+st.2/lib/gcc/arm-none-eabi/14.3.1/include/arm_mve.h **** __extension__ extern __inline uint32x4_t
1844:/home/min/snap/code/229/.local/share/stm32cube/bundles/gnu-tools-for-stm32/14.3.1+st.2/lib/gcc/arm-none-eabi/14.3.1/include/arm_mve.h **** __attribute__ ((__always_inline__, __gnu_inline__, __artificial__))
1845:/home/min/snap/code/229/.local/share/stm32cube/bundles/gnu-tools-for-stm32/14.3.1+st.2/lib/gcc/arm-none-eabi/14.3.1/include/arm_mve.h **** __arm_vldrwq_gather_shifted_offset_u32 (uint32_t const * __base, uint32x4_t __offset)
1846:/home/min/snap/code/229/.local/share/stm32cube/bundles/gnu-tools-for-stm32/14.3.1+st.2/lib/gcc/arm-none-eabi/14.3.1/include/arm_mve.h **** {
1847:/home/min/snap/code/229/.local/share/stm32cube/bundles/gnu-tools-for-stm32/14.3.1+st.2/lib/gcc/arm-none-eabi/14.3.1/include/arm_mve.h ****   return __builtin_mve_vldrwq_gather_shifted_offset_uv4si ((__builtin_neon_si *) __base, __offset);
1848:/home/min/snap/code/229/.local/share/stm32cube/bundles/gnu-tools-for-stm32/14.3.1+st.2/lib/gcc/arm-none-eabi/14.3.1/include/arm_mve.h **** }
1849:/home/min/snap/code/229/.local/share/stm32cube/bundles/gnu-tools-for-stm32/14.3.1+st.2/lib/gcc/arm-none-eabi/14.3.1/include/arm_mve.h **** 
1850:/home/min/snap/code/229/.local/share/stm32cube/bundles/gnu-tools-for-stm32/14.3.1+st.2/lib/gcc/arm-none-eabi/14.3.1/include/arm_mve.h **** __extension__ extern __inline int32x4_t
1851:/home/min/snap/code/229/.local/share/stm32cube/bundles/gnu-tools-for-stm32/14.3.1+st.2/lib/gcc/arm-none-eabi/14.3.1/include/arm_mve.h **** __attribute__ ((__always_inline__, __gnu_inline__, __artificial__))
1852:/home/min/snap/code/229/.local/share/stm32cube/bundles/gnu-tools-for-stm32/14.3.1+st.2/lib/gcc/arm-none-eabi/14.3.1/include/arm_mve.h **** __arm_vldrwq_gather_shifted_offset_z_s32 (int32_t const * __base, uint32x4_t __offset, mve_pred16_t
1853:/home/min/snap/code/229/.local/share/stm32cube/bundles/gnu-tools-for-stm32/14.3.1+st.2/lib/gcc/arm-none-eabi/14.3.1/include/arm_mve.h **** {
1854:/home/min/snap/code/229/.local/share/stm32cube/bundles/gnu-tools-for-stm32/14.3.1+st.2/lib/gcc/arm-none-eabi/14.3.1/include/arm_mve.h ****   return __builtin_mve_vldrwq_gather_shifted_offset_z_sv4si ((__builtin_neon_si *) __base, __offset
1855:/home/min/snap/code/229/.local/share/stm32cube/bundles/gnu-tools-for-stm32/14.3.1+st.2/lib/gcc/arm-none-eabi/14.3.1/include/arm_mve.h **** }
1856:/home/min/snap/code/229/.local/share/stm32cube/bundles/gnu-tools-for-stm32/14.3.1+st.2/lib/gcc/arm-none-eabi/14.3.1/include/arm_mve.h **** 
1857:/home/min/snap/code/229/.local/share/stm32cube/bundles/gnu-tools-for-stm32/14.3.1+st.2/lib/gcc/arm-none-eabi/14.3.1/include/arm_mve.h **** __extension__ extern __inline uint32x4_t
1858:/home/min/snap/code/229/.local/share/stm32cube/bundles/gnu-tools-for-stm32/14.3.1+st.2/lib/gcc/arm-none-eabi/14.3.1/include/arm_mve.h **** __attribute__ ((__always_inline__, __gnu_inline__, __artificial__))
1859:/home/min/snap/code/229/.local/share/stm32cube/bundles/gnu-tools-for-stm32/14.3.1+st.2/lib/gcc/arm-none-eabi/14.3.1/include/arm_mve.h **** __arm_vldrwq_gather_shifted_offset_z_u32 (uint32_t const * __base, uint32x4_t __offset, mve_pred16_
1860:/home/min/snap/code/229/.local/share/stm32cube/bundles/gnu-tools-for-stm32/14.3.1+st.2/lib/gcc/arm-none-eabi/14.3.1/include/arm_mve.h **** {
1861:/home/min/snap/code/229/.local/share/stm32cube/bundles/gnu-tools-for-stm32/14.3.1+st.2/lib/gcc/arm-none-eabi/14.3.1/include/arm_mve.h ****   return __builtin_mve_vldrwq_gather_shifted_offset_z_uv4si ((__builtin_neon_si *) __base, __offset
1862:/home/min/snap/code/229/.local/share/stm32cube/bundles/gnu-tools-for-stm32/14.3.1+st.2/lib/gcc/arm-none-eabi/14.3.1/include/arm_mve.h **** }
1863:/home/min/snap/code/229/.local/share/stm32cube/bundles/gnu-tools-for-stm32/14.3.1+st.2/lib/gcc/arm-none-eabi/14.3.1/include/arm_mve.h **** 
1864:/home/min/snap/code/229/.local/share/stm32cube/bundles/gnu-tools-for-stm32/14.3.1+st.2/lib/gcc/arm-none-eabi/14.3.1/include/arm_mve.h **** __extension__ extern __inline void
1865:/home/min/snap/code/229/.local/share/stm32cube/bundles/gnu-tools-for-stm32/14.3.1+st.2/lib/gcc/arm-none-eabi/14.3.1/include/arm_mve.h **** __attribute__ ((__always_inline__, __gnu_inline__, __artificial__))
1866:/home/min/snap/code/229/.local/share/stm32cube/bundles/gnu-tools-for-stm32/14.3.1+st.2/lib/gcc/arm-none-eabi/14.3.1/include/arm_mve.h **** __arm_vstrhq_scatter_offset_s32 (int16_t * __base, uint32x4_t __offset, int32x4_t __value)
1867:/home/min/snap/code/229/.local/share/stm32cube/bundles/gnu-tools-for-stm32/14.3.1+st.2/lib/gcc/arm-none-eabi/14.3.1/include/arm_mve.h **** {
1868:/home/min/snap/code/229/.local/share/stm32cube/bundles/gnu-tools-for-stm32/14.3.1+st.2/lib/gcc/arm-none-eabi/14.3.1/include/arm_mve.h ****   __builtin_mve_vstrhq_scatter_offset_sv4si ((__builtin_neon_hi *) __base, __offset, __value);
1869:/home/min/snap/code/229/.local/share/stm32cube/bundles/gnu-tools-for-stm32/14.3.1+st.2/lib/gcc/arm-none-eabi/14.3.1/include/arm_mve.h **** }
1870:/home/min/snap/code/229/.local/share/stm32cube/bundles/gnu-tools-for-stm32/14.3.1+st.2/lib/gcc/arm-none-eabi/14.3.1/include/arm_mve.h **** 
1871:/home/min/snap/code/229/.local/share/stm32cube/bundles/gnu-tools-for-stm32/14.3.1+st.2/lib/gcc/arm-none-eabi/14.3.1/include/arm_mve.h **** __extension__ extern __inline void
1872:/home/min/snap/code/229/.local/share/stm32cube/bundles/gnu-tools-for-stm32/14.3.1+st.2/lib/gcc/arm-none-eabi/14.3.1/include/arm_mve.h **** __attribute__ ((__always_inline__, __gnu_inline__, __artificial__))
1873:/home/min/snap/code/229/.local/share/stm32cube/bundles/gnu-tools-for-stm32/14.3.1+st.2/lib/gcc/arm-none-eabi/14.3.1/include/arm_mve.h **** __arm_vstrhq_scatter_offset_s16 (int16_t * __base, uint16x8_t __offset, int16x8_t __value)
1874:/home/min/snap/code/229/.local/share/stm32cube/bundles/gnu-tools-for-stm32/14.3.1+st.2/lib/gcc/arm-none-eabi/14.3.1/include/arm_mve.h **** {
1875:/home/min/snap/code/229/.local/share/stm32cube/bundles/gnu-tools-for-stm32/14.3.1+st.2/lib/gcc/arm-none-eabi/14.3.1/include/arm_mve.h ****   __builtin_mve_vstrhq_scatter_offset_sv8hi ((__builtin_neon_hi *) __base, __offset, __value);
1876:/home/min/snap/code/229/.local/share/stm32cube/bundles/gnu-tools-for-stm32/14.3.1+st.2/lib/gcc/arm-none-eabi/14.3.1/include/arm_mve.h **** }
1877:/home/min/snap/code/229/.local/share/stm32cube/bundles/gnu-tools-for-stm32/14.3.1+st.2/lib/gcc/arm-none-eabi/14.3.1/include/arm_mve.h **** 
1878:/home/min/snap/code/229/.local/share/stm32cube/bundles/gnu-tools-for-stm32/14.3.1+st.2/lib/gcc/arm-none-eabi/14.3.1/include/arm_mve.h **** __extension__ extern __inline void
1879:/home/min/snap/code/229/.local/share/stm32cube/bundles/gnu-tools-for-stm32/14.3.1+st.2/lib/gcc/arm-none-eabi/14.3.1/include/arm_mve.h **** __attribute__ ((__always_inline__, __gnu_inline__, __artificial__))
1880:/home/min/snap/code/229/.local/share/stm32cube/bundles/gnu-tools-for-stm32/14.3.1+st.2/lib/gcc/arm-none-eabi/14.3.1/include/arm_mve.h **** __arm_vstrhq_scatter_offset_u32 (uint16_t * __base, uint32x4_t __offset, uint32x4_t __value)
1881:/home/min/snap/code/229/.local/share/stm32cube/bundles/gnu-tools-for-stm32/14.3.1+st.2/lib/gcc/arm-none-eabi/14.3.1/include/arm_mve.h **** {
1882:/home/min/snap/code/229/.local/share/stm32cube/bundles/gnu-tools-for-stm32/14.3.1+st.2/lib/gcc/arm-none-eabi/14.3.1/include/arm_mve.h ****   __builtin_mve_vstrhq_scatter_offset_uv4si ((__builtin_neon_hi *) __base, __offset, __value);
1883:/home/min/snap/code/229/.local/share/stm32cube/bundles/gnu-tools-for-stm32/14.3.1+st.2/lib/gcc/arm-none-eabi/14.3.1/include/arm_mve.h **** }
1884:/home/min/snap/code/229/.local/share/stm32cube/bundles/gnu-tools-for-stm32/14.3.1+st.2/lib/gcc/arm-none-eabi/14.3.1/include/arm_mve.h **** 
1885:/home/min/snap/code/229/.local/share/stm32cube/bundles/gnu-tools-for-stm32/14.3.1+st.2/lib/gcc/arm-none-eabi/14.3.1/include/arm_mve.h **** __extension__ extern __inline void
1886:/home/min/snap/code/229/.local/share/stm32cube/bundles/gnu-tools-for-stm32/14.3.1+st.2/lib/gcc/arm-none-eabi/14.3.1/include/arm_mve.h **** __attribute__ ((__always_inline__, __gnu_inline__, __artificial__))
1887:/home/min/snap/code/229/.local/share/stm32cube/bundles/gnu-tools-for-stm32/14.3.1+st.2/lib/gcc/arm-none-eabi/14.3.1/include/arm_mve.h **** __arm_vstrhq_scatter_offset_u16 (uint16_t * __base, uint16x8_t __offset, uint16x8_t __value)
1888:/home/min/snap/code/229/.local/share/stm32cube/bundles/gnu-tools-for-stm32/14.3.1+st.2/lib/gcc/arm-none-eabi/14.3.1/include/arm_mve.h **** {
1889:/home/min/snap/code/229/.local/share/stm32cube/bundles/gnu-tools-for-stm32/14.3.1+st.2/lib/gcc/arm-none-eabi/14.3.1/include/arm_mve.h ****   __builtin_mve_vstrhq_scatter_offset_uv8hi ((__builtin_neon_hi *) __base, __offset, __value);
1890:/home/min/snap/code/229/.local/share/stm32cube/bundles/gnu-tools-for-stm32/14.3.1+st.2/lib/gcc/arm-none-eabi/14.3.1/include/arm_mve.h **** }
1891:/home/min/snap/code/229/.local/share/stm32cube/bundles/gnu-tools-for-stm32/14.3.1+st.2/lib/gcc/arm-none-eabi/14.3.1/include/arm_mve.h **** 
1892:/home/min/snap/code/229/.local/share/stm32cube/bundles/gnu-tools-for-stm32/14.3.1+st.2/lib/gcc/arm-none-eabi/14.3.1/include/arm_mve.h **** __extension__ extern __inline void
1893:/home/min/snap/code/229/.local/share/stm32cube/bundles/gnu-tools-for-stm32/14.3.1+st.2/lib/gcc/arm-none-eabi/14.3.1/include/arm_mve.h **** __attribute__ ((__always_inline__, __gnu_inline__, __artificial__))
1894:/home/min/snap/code/229/.local/share/stm32cube/bundles/gnu-tools-for-stm32/14.3.1+st.2/lib/gcc/arm-none-eabi/14.3.1/include/arm_mve.h **** __arm_vstrhq_scatter_offset_p_s32 (int16_t * __base, uint32x4_t __offset, int32x4_t __value, mve_pr
1895:/home/min/snap/code/229/.local/share/stm32cube/bundles/gnu-tools-for-stm32/14.3.1+st.2/lib/gcc/arm-none-eabi/14.3.1/include/arm_mve.h **** {
1896:/home/min/snap/code/229/.local/share/stm32cube/bundles/gnu-tools-for-stm32/14.3.1+st.2/lib/gcc/arm-none-eabi/14.3.1/include/arm_mve.h ****   __builtin_mve_vstrhq_scatter_offset_p_sv4si ((__builtin_neon_hi *) __base, __offset, __value, __p
1897:/home/min/snap/code/229/.local/share/stm32cube/bundles/gnu-tools-for-stm32/14.3.1+st.2/lib/gcc/arm-none-eabi/14.3.1/include/arm_mve.h **** }
1898:/home/min/snap/code/229/.local/share/stm32cube/bundles/gnu-tools-for-stm32/14.3.1+st.2/lib/gcc/arm-none-eabi/14.3.1/include/arm_mve.h **** 
ARM GAS  /tmp/cc66eICS.s 			page 47


1899:/home/min/snap/code/229/.local/share/stm32cube/bundles/gnu-tools-for-stm32/14.3.1+st.2/lib/gcc/arm-none-eabi/14.3.1/include/arm_mve.h **** __extension__ extern __inline void
1900:/home/min/snap/code/229/.local/share/stm32cube/bundles/gnu-tools-for-stm32/14.3.1+st.2/lib/gcc/arm-none-eabi/14.3.1/include/arm_mve.h **** __attribute__ ((__always_inline__, __gnu_inline__, __artificial__))
1901:/home/min/snap/code/229/.local/share/stm32cube/bundles/gnu-tools-for-stm32/14.3.1+st.2/lib/gcc/arm-none-eabi/14.3.1/include/arm_mve.h **** __arm_vstrhq_scatter_offset_p_s16 (int16_t * __base, uint16x8_t __offset, int16x8_t __value, mve_pr
1902:/home/min/snap/code/229/.local/share/stm32cube/bundles/gnu-tools-for-stm32/14.3.1+st.2/lib/gcc/arm-none-eabi/14.3.1/include/arm_mve.h **** {
1903:/home/min/snap/code/229/.local/share/stm32cube/bundles/gnu-tools-for-stm32/14.3.1+st.2/lib/gcc/arm-none-eabi/14.3.1/include/arm_mve.h ****   __builtin_mve_vstrhq_scatter_offset_p_sv8hi ((__builtin_neon_hi *) __base, __offset, __value, __p
1904:/home/min/snap/code/229/.local/share/stm32cube/bundles/gnu-tools-for-stm32/14.3.1+st.2/lib/gcc/arm-none-eabi/14.3.1/include/arm_mve.h **** }
1905:/home/min/snap/code/229/.local/share/stm32cube/bundles/gnu-tools-for-stm32/14.3.1+st.2/lib/gcc/arm-none-eabi/14.3.1/include/arm_mve.h **** 
1906:/home/min/snap/code/229/.local/share/stm32cube/bundles/gnu-tools-for-stm32/14.3.1+st.2/lib/gcc/arm-none-eabi/14.3.1/include/arm_mve.h **** __extension__ extern __inline void
1907:/home/min/snap/code/229/.local/share/stm32cube/bundles/gnu-tools-for-stm32/14.3.1+st.2/lib/gcc/arm-none-eabi/14.3.1/include/arm_mve.h **** __attribute__ ((__always_inline__, __gnu_inline__, __artificial__))
1908:/home/min/snap/code/229/.local/share/stm32cube/bundles/gnu-tools-for-stm32/14.3.1+st.2/lib/gcc/arm-none-eabi/14.3.1/include/arm_mve.h **** __arm_vstrhq_scatter_offset_p_u32 (uint16_t * __base, uint32x4_t __offset, uint32x4_t __value, mve_
1909:/home/min/snap/code/229/.local/share/stm32cube/bundles/gnu-tools-for-stm32/14.3.1+st.2/lib/gcc/arm-none-eabi/14.3.1/include/arm_mve.h **** {
1910:/home/min/snap/code/229/.local/share/stm32cube/bundles/gnu-tools-for-stm32/14.3.1+st.2/lib/gcc/arm-none-eabi/14.3.1/include/arm_mve.h ****   __builtin_mve_vstrhq_scatter_offset_p_uv4si ((__builtin_neon_hi *) __base, __offset, __value, __p
1911:/home/min/snap/code/229/.local/share/stm32cube/bundles/gnu-tools-for-stm32/14.3.1+st.2/lib/gcc/arm-none-eabi/14.3.1/include/arm_mve.h **** }
1912:/home/min/snap/code/229/.local/share/stm32cube/bundles/gnu-tools-for-stm32/14.3.1+st.2/lib/gcc/arm-none-eabi/14.3.1/include/arm_mve.h **** 
1913:/home/min/snap/code/229/.local/share/stm32cube/bundles/gnu-tools-for-stm32/14.3.1+st.2/lib/gcc/arm-none-eabi/14.3.1/include/arm_mve.h **** __extension__ extern __inline void
1914:/home/min/snap/code/229/.local/share/stm32cube/bundles/gnu-tools-for-stm32/14.3.1+st.2/lib/gcc/arm-none-eabi/14.3.1/include/arm_mve.h **** __attribute__ ((__always_inline__, __gnu_inline__, __artificial__))
1915:/home/min/snap/code/229/.local/share/stm32cube/bundles/gnu-tools-for-stm32/14.3.1+st.2/lib/gcc/arm-none-eabi/14.3.1/include/arm_mve.h **** __arm_vstrhq_scatter_offset_p_u16 (uint16_t * __base, uint16x8_t __offset, uint16x8_t __value, mve_
1916:/home/min/snap/code/229/.local/share/stm32cube/bundles/gnu-tools-for-stm32/14.3.1+st.2/lib/gcc/arm-none-eabi/14.3.1/include/arm_mve.h **** {
1917:/home/min/snap/code/229/.local/share/stm32cube/bundles/gnu-tools-for-stm32/14.3.1+st.2/lib/gcc/arm-none-eabi/14.3.1/include/arm_mve.h ****   __builtin_mve_vstrhq_scatter_offset_p_uv8hi ((__builtin_neon_hi *) __base, __offset, __value, __p
1918:/home/min/snap/code/229/.local/share/stm32cube/bundles/gnu-tools-for-stm32/14.3.1+st.2/lib/gcc/arm-none-eabi/14.3.1/include/arm_mve.h **** }
1919:/home/min/snap/code/229/.local/share/stm32cube/bundles/gnu-tools-for-stm32/14.3.1+st.2/lib/gcc/arm-none-eabi/14.3.1/include/arm_mve.h **** 
1920:/home/min/snap/code/229/.local/share/stm32cube/bundles/gnu-tools-for-stm32/14.3.1+st.2/lib/gcc/arm-none-eabi/14.3.1/include/arm_mve.h **** __extension__ extern __inline void
1921:/home/min/snap/code/229/.local/share/stm32cube/bundles/gnu-tools-for-stm32/14.3.1+st.2/lib/gcc/arm-none-eabi/14.3.1/include/arm_mve.h **** __attribute__ ((__always_inline__, __gnu_inline__, __artificial__))
1922:/home/min/snap/code/229/.local/share/stm32cube/bundles/gnu-tools-for-stm32/14.3.1+st.2/lib/gcc/arm-none-eabi/14.3.1/include/arm_mve.h **** __arm_vstrhq_scatter_shifted_offset_s32 (int16_t * __base, uint32x4_t __offset, int32x4_t __value)
1923:/home/min/snap/code/229/.local/share/stm32cube/bundles/gnu-tools-for-stm32/14.3.1+st.2/lib/gcc/arm-none-eabi/14.3.1/include/arm_mve.h **** {
1924:/home/min/snap/code/229/.local/share/stm32cube/bundles/gnu-tools-for-stm32/14.3.1+st.2/lib/gcc/arm-none-eabi/14.3.1/include/arm_mve.h ****   __builtin_mve_vstrhq_scatter_shifted_offset_sv4si ((__builtin_neon_hi *) __base, __offset, __valu
1925:/home/min/snap/code/229/.local/share/stm32cube/bundles/gnu-tools-for-stm32/14.3.1+st.2/lib/gcc/arm-none-eabi/14.3.1/include/arm_mve.h **** }
1926:/home/min/snap/code/229/.local/share/stm32cube/bundles/gnu-tools-for-stm32/14.3.1+st.2/lib/gcc/arm-none-eabi/14.3.1/include/arm_mve.h **** 
1927:/home/min/snap/code/229/.local/share/stm32cube/bundles/gnu-tools-for-stm32/14.3.1+st.2/lib/gcc/arm-none-eabi/14.3.1/include/arm_mve.h **** __extension__ extern __inline void
1928:/home/min/snap/code/229/.local/share/stm32cube/bundles/gnu-tools-for-stm32/14.3.1+st.2/lib/gcc/arm-none-eabi/14.3.1/include/arm_mve.h **** __attribute__ ((__always_inline__, __gnu_inline__, __artificial__))
1929:/home/min/snap/code/229/.local/share/stm32cube/bundles/gnu-tools-for-stm32/14.3.1+st.2/lib/gcc/arm-none-eabi/14.3.1/include/arm_mve.h **** __arm_vstrhq_scatter_shifted_offset_s16 (int16_t * __base, uint16x8_t __offset, int16x8_t __value)
1930:/home/min/snap/code/229/.local/share/stm32cube/bundles/gnu-tools-for-stm32/14.3.1+st.2/lib/gcc/arm-none-eabi/14.3.1/include/arm_mve.h **** {
1931:/home/min/snap/code/229/.local/share/stm32cube/bundles/gnu-tools-for-stm32/14.3.1+st.2/lib/gcc/arm-none-eabi/14.3.1/include/arm_mve.h ****   __builtin_mve_vstrhq_scatter_shifted_offset_sv8hi ((__builtin_neon_hi *) __base, __offset, __valu
1932:/home/min/snap/code/229/.local/share/stm32cube/bundles/gnu-tools-for-stm32/14.3.1+st.2/lib/gcc/arm-none-eabi/14.3.1/include/arm_mve.h **** }
1933:/home/min/snap/code/229/.local/share/stm32cube/bundles/gnu-tools-for-stm32/14.3.1+st.2/lib/gcc/arm-none-eabi/14.3.1/include/arm_mve.h **** 
1934:/home/min/snap/code/229/.local/share/stm32cube/bundles/gnu-tools-for-stm32/14.3.1+st.2/lib/gcc/arm-none-eabi/14.3.1/include/arm_mve.h **** __extension__ extern __inline void
1935:/home/min/snap/code/229/.local/share/stm32cube/bundles/gnu-tools-for-stm32/14.3.1+st.2/lib/gcc/arm-none-eabi/14.3.1/include/arm_mve.h **** __attribute__ ((__always_inline__, __gnu_inline__, __artificial__))
1936:/home/min/snap/code/229/.local/share/stm32cube/bundles/gnu-tools-for-stm32/14.3.1+st.2/lib/gcc/arm-none-eabi/14.3.1/include/arm_mve.h **** __arm_vstrhq_scatter_shifted_offset_u32 (uint16_t * __base, uint32x4_t __offset, uint32x4_t __value
1937:/home/min/snap/code/229/.local/share/stm32cube/bundles/gnu-tools-for-stm32/14.3.1+st.2/lib/gcc/arm-none-eabi/14.3.1/include/arm_mve.h **** {
1938:/home/min/snap/code/229/.local/share/stm32cube/bundles/gnu-tools-for-stm32/14.3.1+st.2/lib/gcc/arm-none-eabi/14.3.1/include/arm_mve.h ****   __builtin_mve_vstrhq_scatter_shifted_offset_uv4si ((__builtin_neon_hi *) __base, __offset, __valu
1939:/home/min/snap/code/229/.local/share/stm32cube/bundles/gnu-tools-for-stm32/14.3.1+st.2/lib/gcc/arm-none-eabi/14.3.1/include/arm_mve.h **** }
1940:/home/min/snap/code/229/.local/share/stm32cube/bundles/gnu-tools-for-stm32/14.3.1+st.2/lib/gcc/arm-none-eabi/14.3.1/include/arm_mve.h **** 
1941:/home/min/snap/code/229/.local/share/stm32cube/bundles/gnu-tools-for-stm32/14.3.1+st.2/lib/gcc/arm-none-eabi/14.3.1/include/arm_mve.h **** __extension__ extern __inline void
1942:/home/min/snap/code/229/.local/share/stm32cube/bundles/gnu-tools-for-stm32/14.3.1+st.2/lib/gcc/arm-none-eabi/14.3.1/include/arm_mve.h **** __attribute__ ((__always_inline__, __gnu_inline__, __artificial__))
1943:/home/min/snap/code/229/.local/share/stm32cube/bundles/gnu-tools-for-stm32/14.3.1+st.2/lib/gcc/arm-none-eabi/14.3.1/include/arm_mve.h **** __arm_vstrhq_scatter_shifted_offset_u16 (uint16_t * __base, uint16x8_t __offset, uint16x8_t __value
1944:/home/min/snap/code/229/.local/share/stm32cube/bundles/gnu-tools-for-stm32/14.3.1+st.2/lib/gcc/arm-none-eabi/14.3.1/include/arm_mve.h **** {
1945:/home/min/snap/code/229/.local/share/stm32cube/bundles/gnu-tools-for-stm32/14.3.1+st.2/lib/gcc/arm-none-eabi/14.3.1/include/arm_mve.h ****   __builtin_mve_vstrhq_scatter_shifted_offset_uv8hi ((__builtin_neon_hi *) __base, __offset, __valu
1946:/home/min/snap/code/229/.local/share/stm32cube/bundles/gnu-tools-for-stm32/14.3.1+st.2/lib/gcc/arm-none-eabi/14.3.1/include/arm_mve.h **** }
1947:/home/min/snap/code/229/.local/share/stm32cube/bundles/gnu-tools-for-stm32/14.3.1+st.2/lib/gcc/arm-none-eabi/14.3.1/include/arm_mve.h **** 
1948:/home/min/snap/code/229/.local/share/stm32cube/bundles/gnu-tools-for-stm32/14.3.1+st.2/lib/gcc/arm-none-eabi/14.3.1/include/arm_mve.h **** __extension__ extern __inline void
1949:/home/min/snap/code/229/.local/share/stm32cube/bundles/gnu-tools-for-stm32/14.3.1+st.2/lib/gcc/arm-none-eabi/14.3.1/include/arm_mve.h **** __attribute__ ((__always_inline__, __gnu_inline__, __artificial__))
1950:/home/min/snap/code/229/.local/share/stm32cube/bundles/gnu-tools-for-stm32/14.3.1+st.2/lib/gcc/arm-none-eabi/14.3.1/include/arm_mve.h **** __arm_vstrhq_scatter_shifted_offset_p_s32 (int16_t * __base, uint32x4_t __offset, int32x4_t __value
1951:/home/min/snap/code/229/.local/share/stm32cube/bundles/gnu-tools-for-stm32/14.3.1+st.2/lib/gcc/arm-none-eabi/14.3.1/include/arm_mve.h **** {
1952:/home/min/snap/code/229/.local/share/stm32cube/bundles/gnu-tools-for-stm32/14.3.1+st.2/lib/gcc/arm-none-eabi/14.3.1/include/arm_mve.h ****   __builtin_mve_vstrhq_scatter_shifted_offset_p_sv4si ((__builtin_neon_hi *) __base, __offset, __va
1953:/home/min/snap/code/229/.local/share/stm32cube/bundles/gnu-tools-for-stm32/14.3.1+st.2/lib/gcc/arm-none-eabi/14.3.1/include/arm_mve.h **** }
1954:/home/min/snap/code/229/.local/share/stm32cube/bundles/gnu-tools-for-stm32/14.3.1+st.2/lib/gcc/arm-none-eabi/14.3.1/include/arm_mve.h **** 
1955:/home/min/snap/code/229/.local/share/stm32cube/bundles/gnu-tools-for-stm32/14.3.1+st.2/lib/gcc/arm-none-eabi/14.3.1/include/arm_mve.h **** __extension__ extern __inline void
ARM GAS  /tmp/cc66eICS.s 			page 48


1956:/home/min/snap/code/229/.local/share/stm32cube/bundles/gnu-tools-for-stm32/14.3.1+st.2/lib/gcc/arm-none-eabi/14.3.1/include/arm_mve.h **** __attribute__ ((__always_inline__, __gnu_inline__, __artificial__))
1957:/home/min/snap/code/229/.local/share/stm32cube/bundles/gnu-tools-for-stm32/14.3.1+st.2/lib/gcc/arm-none-eabi/14.3.1/include/arm_mve.h **** __arm_vstrhq_scatter_shifted_offset_p_s16 (int16_t * __base, uint16x8_t __offset, int16x8_t __value
1958:/home/min/snap/code/229/.local/share/stm32cube/bundles/gnu-tools-for-stm32/14.3.1+st.2/lib/gcc/arm-none-eabi/14.3.1/include/arm_mve.h **** {
1959:/home/min/snap/code/229/.local/share/stm32cube/bundles/gnu-tools-for-stm32/14.3.1+st.2/lib/gcc/arm-none-eabi/14.3.1/include/arm_mve.h ****   __builtin_mve_vstrhq_scatter_shifted_offset_p_sv8hi ((__builtin_neon_hi *) __base, __offset, __va
1960:/home/min/snap/code/229/.local/share/stm32cube/bundles/gnu-tools-for-stm32/14.3.1+st.2/lib/gcc/arm-none-eabi/14.3.1/include/arm_mve.h **** }
1961:/home/min/snap/code/229/.local/share/stm32cube/bundles/gnu-tools-for-stm32/14.3.1+st.2/lib/gcc/arm-none-eabi/14.3.1/include/arm_mve.h **** 
1962:/home/min/snap/code/229/.local/share/stm32cube/bundles/gnu-tools-for-stm32/14.3.1+st.2/lib/gcc/arm-none-eabi/14.3.1/include/arm_mve.h **** __extension__ extern __inline void
1963:/home/min/snap/code/229/.local/share/stm32cube/bundles/gnu-tools-for-stm32/14.3.1+st.2/lib/gcc/arm-none-eabi/14.3.1/include/arm_mve.h **** __attribute__ ((__always_inline__, __gnu_inline__, __artificial__))
1964:/home/min/snap/code/229/.local/share/stm32cube/bundles/gnu-tools-for-stm32/14.3.1+st.2/lib/gcc/arm-none-eabi/14.3.1/include/arm_mve.h **** __arm_vstrhq_scatter_shifted_offset_p_u32 (uint16_t * __base, uint32x4_t __offset, uint32x4_t __val
1965:/home/min/snap/code/229/.local/share/stm32cube/bundles/gnu-tools-for-stm32/14.3.1+st.2/lib/gcc/arm-none-eabi/14.3.1/include/arm_mve.h **** {
1966:/home/min/snap/code/229/.local/share/stm32cube/bundles/gnu-tools-for-stm32/14.3.1+st.2/lib/gcc/arm-none-eabi/14.3.1/include/arm_mve.h ****   __builtin_mve_vstrhq_scatter_shifted_offset_p_uv4si ((__builtin_neon_hi *) __base, __offset, __va
1967:/home/min/snap/code/229/.local/share/stm32cube/bundles/gnu-tools-for-stm32/14.3.1+st.2/lib/gcc/arm-none-eabi/14.3.1/include/arm_mve.h **** }
1968:/home/min/snap/code/229/.local/share/stm32cube/bundles/gnu-tools-for-stm32/14.3.1+st.2/lib/gcc/arm-none-eabi/14.3.1/include/arm_mve.h **** 
1969:/home/min/snap/code/229/.local/share/stm32cube/bundles/gnu-tools-for-stm32/14.3.1+st.2/lib/gcc/arm-none-eabi/14.3.1/include/arm_mve.h **** __extension__ extern __inline void
1970:/home/min/snap/code/229/.local/share/stm32cube/bundles/gnu-tools-for-stm32/14.3.1+st.2/lib/gcc/arm-none-eabi/14.3.1/include/arm_mve.h **** __attribute__ ((__always_inline__, __gnu_inline__, __artificial__))
1971:/home/min/snap/code/229/.local/share/stm32cube/bundles/gnu-tools-for-stm32/14.3.1+st.2/lib/gcc/arm-none-eabi/14.3.1/include/arm_mve.h **** __arm_vstrhq_scatter_shifted_offset_p_u16 (uint16_t * __base, uint16x8_t __offset, uint16x8_t __val
1972:/home/min/snap/code/229/.local/share/stm32cube/bundles/gnu-tools-for-stm32/14.3.1+st.2/lib/gcc/arm-none-eabi/14.3.1/include/arm_mve.h **** {
1973:/home/min/snap/code/229/.local/share/stm32cube/bundles/gnu-tools-for-stm32/14.3.1+st.2/lib/gcc/arm-none-eabi/14.3.1/include/arm_mve.h ****   __builtin_mve_vstrhq_scatter_shifted_offset_p_uv8hi ((__builtin_neon_hi *) __base, __offset, __va
1974:/home/min/snap/code/229/.local/share/stm32cube/bundles/gnu-tools-for-stm32/14.3.1+st.2/lib/gcc/arm-none-eabi/14.3.1/include/arm_mve.h **** }
1975:/home/min/snap/code/229/.local/share/stm32cube/bundles/gnu-tools-for-stm32/14.3.1+st.2/lib/gcc/arm-none-eabi/14.3.1/include/arm_mve.h **** 
1976:/home/min/snap/code/229/.local/share/stm32cube/bundles/gnu-tools-for-stm32/14.3.1+st.2/lib/gcc/arm-none-eabi/14.3.1/include/arm_mve.h **** __extension__ extern __inline void
1977:/home/min/snap/code/229/.local/share/stm32cube/bundles/gnu-tools-for-stm32/14.3.1+st.2/lib/gcc/arm-none-eabi/14.3.1/include/arm_mve.h **** __attribute__ ((__always_inline__, __gnu_inline__, __artificial__))
1978:/home/min/snap/code/229/.local/share/stm32cube/bundles/gnu-tools-for-stm32/14.3.1+st.2/lib/gcc/arm-none-eabi/14.3.1/include/arm_mve.h **** __arm_vstrhq_s32 (int16_t * __addr, int32x4_t __value)
1979:/home/min/snap/code/229/.local/share/stm32cube/bundles/gnu-tools-for-stm32/14.3.1+st.2/lib/gcc/arm-none-eabi/14.3.1/include/arm_mve.h **** {
1980:/home/min/snap/code/229/.local/share/stm32cube/bundles/gnu-tools-for-stm32/14.3.1+st.2/lib/gcc/arm-none-eabi/14.3.1/include/arm_mve.h ****   __builtin_mve_vstrhq_sv4si ((__builtin_neon_hi *) __addr, __value);
1981:/home/min/snap/code/229/.local/share/stm32cube/bundles/gnu-tools-for-stm32/14.3.1+st.2/lib/gcc/arm-none-eabi/14.3.1/include/arm_mve.h **** }
1982:/home/min/snap/code/229/.local/share/stm32cube/bundles/gnu-tools-for-stm32/14.3.1+st.2/lib/gcc/arm-none-eabi/14.3.1/include/arm_mve.h **** 
1983:/home/min/snap/code/229/.local/share/stm32cube/bundles/gnu-tools-for-stm32/14.3.1+st.2/lib/gcc/arm-none-eabi/14.3.1/include/arm_mve.h **** __extension__ extern __inline void
1984:/home/min/snap/code/229/.local/share/stm32cube/bundles/gnu-tools-for-stm32/14.3.1+st.2/lib/gcc/arm-none-eabi/14.3.1/include/arm_mve.h **** __attribute__ ((__always_inline__, __gnu_inline__, __artificial__))
1985:/home/min/snap/code/229/.local/share/stm32cube/bundles/gnu-tools-for-stm32/14.3.1+st.2/lib/gcc/arm-none-eabi/14.3.1/include/arm_mve.h **** __arm_vstrhq_s16 (int16_t * __addr, int16x8_t __value)
1986:/home/min/snap/code/229/.local/share/stm32cube/bundles/gnu-tools-for-stm32/14.3.1+st.2/lib/gcc/arm-none-eabi/14.3.1/include/arm_mve.h **** {
1987:/home/min/snap/code/229/.local/share/stm32cube/bundles/gnu-tools-for-stm32/14.3.1+st.2/lib/gcc/arm-none-eabi/14.3.1/include/arm_mve.h ****   __builtin_mve_vstrhq_sv8hi ((__builtin_neon_hi *) __addr, __value);
1988:/home/min/snap/code/229/.local/share/stm32cube/bundles/gnu-tools-for-stm32/14.3.1+st.2/lib/gcc/arm-none-eabi/14.3.1/include/arm_mve.h **** }
1989:/home/min/snap/code/229/.local/share/stm32cube/bundles/gnu-tools-for-stm32/14.3.1+st.2/lib/gcc/arm-none-eabi/14.3.1/include/arm_mve.h **** 
1990:/home/min/snap/code/229/.local/share/stm32cube/bundles/gnu-tools-for-stm32/14.3.1+st.2/lib/gcc/arm-none-eabi/14.3.1/include/arm_mve.h **** __extension__ extern __inline void
1991:/home/min/snap/code/229/.local/share/stm32cube/bundles/gnu-tools-for-stm32/14.3.1+st.2/lib/gcc/arm-none-eabi/14.3.1/include/arm_mve.h **** __attribute__ ((__always_inline__, __gnu_inline__, __artificial__))
1992:/home/min/snap/code/229/.local/share/stm32cube/bundles/gnu-tools-for-stm32/14.3.1+st.2/lib/gcc/arm-none-eabi/14.3.1/include/arm_mve.h **** __arm_vstrhq_u32 (uint16_t * __addr, uint32x4_t __value)
1993:/home/min/snap/code/229/.local/share/stm32cube/bundles/gnu-tools-for-stm32/14.3.1+st.2/lib/gcc/arm-none-eabi/14.3.1/include/arm_mve.h **** {
1994:/home/min/snap/code/229/.local/share/stm32cube/bundles/gnu-tools-for-stm32/14.3.1+st.2/lib/gcc/arm-none-eabi/14.3.1/include/arm_mve.h ****   __builtin_mve_vstrhq_uv4si ((__builtin_neon_hi *) __addr, __value);
1995:/home/min/snap/code/229/.local/share/stm32cube/bundles/gnu-tools-for-stm32/14.3.1+st.2/lib/gcc/arm-none-eabi/14.3.1/include/arm_mve.h **** }
1996:/home/min/snap/code/229/.local/share/stm32cube/bundles/gnu-tools-for-stm32/14.3.1+st.2/lib/gcc/arm-none-eabi/14.3.1/include/arm_mve.h **** 
1997:/home/min/snap/code/229/.local/share/stm32cube/bundles/gnu-tools-for-stm32/14.3.1+st.2/lib/gcc/arm-none-eabi/14.3.1/include/arm_mve.h **** __extension__ extern __inline void
1998:/home/min/snap/code/229/.local/share/stm32cube/bundles/gnu-tools-for-stm32/14.3.1+st.2/lib/gcc/arm-none-eabi/14.3.1/include/arm_mve.h **** __attribute__ ((__always_inline__, __gnu_inline__, __artificial__))
1999:/home/min/snap/code/229/.local/share/stm32cube/bundles/gnu-tools-for-stm32/14.3.1+st.2/lib/gcc/arm-none-eabi/14.3.1/include/arm_mve.h **** __arm_vstrhq_u16 (uint16_t * __addr, uint16x8_t __value)
2000:/home/min/snap/code/229/.local/share/stm32cube/bundles/gnu-tools-for-stm32/14.3.1+st.2/lib/gcc/arm-none-eabi/14.3.1/include/arm_mve.h **** {
2001:/home/min/snap/code/229/.local/share/stm32cube/bundles/gnu-tools-for-stm32/14.3.1+st.2/lib/gcc/arm-none-eabi/14.3.1/include/arm_mve.h ****   __builtin_mve_vstrhq_uv8hi ((__builtin_neon_hi *) __addr, __value);
2002:/home/min/snap/code/229/.local/share/stm32cube/bundles/gnu-tools-for-stm32/14.3.1+st.2/lib/gcc/arm-none-eabi/14.3.1/include/arm_mve.h **** }
2003:/home/min/snap/code/229/.local/share/stm32cube/bundles/gnu-tools-for-stm32/14.3.1+st.2/lib/gcc/arm-none-eabi/14.3.1/include/arm_mve.h **** 
2004:/home/min/snap/code/229/.local/share/stm32cube/bundles/gnu-tools-for-stm32/14.3.1+st.2/lib/gcc/arm-none-eabi/14.3.1/include/arm_mve.h **** __extension__ extern __inline void
2005:/home/min/snap/code/229/.local/share/stm32cube/bundles/gnu-tools-for-stm32/14.3.1+st.2/lib/gcc/arm-none-eabi/14.3.1/include/arm_mve.h **** __attribute__ ((__always_inline__, __gnu_inline__, __artificial__))
2006:/home/min/snap/code/229/.local/share/stm32cube/bundles/gnu-tools-for-stm32/14.3.1+st.2/lib/gcc/arm-none-eabi/14.3.1/include/arm_mve.h **** __arm_vstrhq_p_s32 (int16_t * __addr, int32x4_t __value, mve_pred16_t __p)
2007:/home/min/snap/code/229/.local/share/stm32cube/bundles/gnu-tools-for-stm32/14.3.1+st.2/lib/gcc/arm-none-eabi/14.3.1/include/arm_mve.h **** {
2008:/home/min/snap/code/229/.local/share/stm32cube/bundles/gnu-tools-for-stm32/14.3.1+st.2/lib/gcc/arm-none-eabi/14.3.1/include/arm_mve.h ****   __builtin_mve_vstrhq_p_sv4si ((__builtin_neon_hi *) __addr, __value, __p);
2009:/home/min/snap/code/229/.local/share/stm32cube/bundles/gnu-tools-for-stm32/14.3.1+st.2/lib/gcc/arm-none-eabi/14.3.1/include/arm_mve.h **** }
2010:/home/min/snap/code/229/.local/share/stm32cube/bundles/gnu-tools-for-stm32/14.3.1+st.2/lib/gcc/arm-none-eabi/14.3.1/include/arm_mve.h **** 
2011:/home/min/snap/code/229/.local/share/stm32cube/bundles/gnu-tools-for-stm32/14.3.1+st.2/lib/gcc/arm-none-eabi/14.3.1/include/arm_mve.h **** __extension__ extern __inline void
2012:/home/min/snap/code/229/.local/share/stm32cube/bundles/gnu-tools-for-stm32/14.3.1+st.2/lib/gcc/arm-none-eabi/14.3.1/include/arm_mve.h **** __attribute__ ((__always_inline__, __gnu_inline__, __artificial__))
ARM GAS  /tmp/cc66eICS.s 			page 49


2013:/home/min/snap/code/229/.local/share/stm32cube/bundles/gnu-tools-for-stm32/14.3.1+st.2/lib/gcc/arm-none-eabi/14.3.1/include/arm_mve.h **** __arm_vstrhq_p_s16 (int16_t * __addr, int16x8_t __value, mve_pred16_t __p)
2014:/home/min/snap/code/229/.local/share/stm32cube/bundles/gnu-tools-for-stm32/14.3.1+st.2/lib/gcc/arm-none-eabi/14.3.1/include/arm_mve.h **** {
2015:/home/min/snap/code/229/.local/share/stm32cube/bundles/gnu-tools-for-stm32/14.3.1+st.2/lib/gcc/arm-none-eabi/14.3.1/include/arm_mve.h ****   __builtin_mve_vstrhq_p_sv8hi ((__builtin_neon_hi *) __addr, __value, __p);
2016:/home/min/snap/code/229/.local/share/stm32cube/bundles/gnu-tools-for-stm32/14.3.1+st.2/lib/gcc/arm-none-eabi/14.3.1/include/arm_mve.h **** }
2017:/home/min/snap/code/229/.local/share/stm32cube/bundles/gnu-tools-for-stm32/14.3.1+st.2/lib/gcc/arm-none-eabi/14.3.1/include/arm_mve.h **** 
2018:/home/min/snap/code/229/.local/share/stm32cube/bundles/gnu-tools-for-stm32/14.3.1+st.2/lib/gcc/arm-none-eabi/14.3.1/include/arm_mve.h **** __extension__ extern __inline void
2019:/home/min/snap/code/229/.local/share/stm32cube/bundles/gnu-tools-for-stm32/14.3.1+st.2/lib/gcc/arm-none-eabi/14.3.1/include/arm_mve.h **** __attribute__ ((__always_inline__, __gnu_inline__, __artificial__))
2020:/home/min/snap/code/229/.local/share/stm32cube/bundles/gnu-tools-for-stm32/14.3.1+st.2/lib/gcc/arm-none-eabi/14.3.1/include/arm_mve.h **** __arm_vstrhq_p_u32 (uint16_t * __addr, uint32x4_t __value, mve_pred16_t __p)
2021:/home/min/snap/code/229/.local/share/stm32cube/bundles/gnu-tools-for-stm32/14.3.1+st.2/lib/gcc/arm-none-eabi/14.3.1/include/arm_mve.h **** {
2022:/home/min/snap/code/229/.local/share/stm32cube/bundles/gnu-tools-for-stm32/14.3.1+st.2/lib/gcc/arm-none-eabi/14.3.1/include/arm_mve.h ****   __builtin_mve_vstrhq_p_uv4si ((__builtin_neon_hi *) __addr, __value, __p);
2023:/home/min/snap/code/229/.local/share/stm32cube/bundles/gnu-tools-for-stm32/14.3.1+st.2/lib/gcc/arm-none-eabi/14.3.1/include/arm_mve.h **** }
2024:/home/min/snap/code/229/.local/share/stm32cube/bundles/gnu-tools-for-stm32/14.3.1+st.2/lib/gcc/arm-none-eabi/14.3.1/include/arm_mve.h **** 
2025:/home/min/snap/code/229/.local/share/stm32cube/bundles/gnu-tools-for-stm32/14.3.1+st.2/lib/gcc/arm-none-eabi/14.3.1/include/arm_mve.h **** __extension__ extern __inline void
2026:/home/min/snap/code/229/.local/share/stm32cube/bundles/gnu-tools-for-stm32/14.3.1+st.2/lib/gcc/arm-none-eabi/14.3.1/include/arm_mve.h **** __attribute__ ((__always_inline__, __gnu_inline__, __artificial__))
2027:/home/min/snap/code/229/.local/share/stm32cube/bundles/gnu-tools-for-stm32/14.3.1+st.2/lib/gcc/arm-none-eabi/14.3.1/include/arm_mve.h **** __arm_vstrhq_p_u16 (uint16_t * __addr, uint16x8_t __value, mve_pred16_t __p)
2028:/home/min/snap/code/229/.local/share/stm32cube/bundles/gnu-tools-for-stm32/14.3.1+st.2/lib/gcc/arm-none-eabi/14.3.1/include/arm_mve.h **** {
2029:/home/min/snap/code/229/.local/share/stm32cube/bundles/gnu-tools-for-stm32/14.3.1+st.2/lib/gcc/arm-none-eabi/14.3.1/include/arm_mve.h ****   __builtin_mve_vstrhq_p_uv8hi ((__builtin_neon_hi *) __addr, __value, __p);
2030:/home/min/snap/code/229/.local/share/stm32cube/bundles/gnu-tools-for-stm32/14.3.1+st.2/lib/gcc/arm-none-eabi/14.3.1/include/arm_mve.h **** }
2031:/home/min/snap/code/229/.local/share/stm32cube/bundles/gnu-tools-for-stm32/14.3.1+st.2/lib/gcc/arm-none-eabi/14.3.1/include/arm_mve.h **** 
2032:/home/min/snap/code/229/.local/share/stm32cube/bundles/gnu-tools-for-stm32/14.3.1+st.2/lib/gcc/arm-none-eabi/14.3.1/include/arm_mve.h **** __extension__ extern __inline void
2033:/home/min/snap/code/229/.local/share/stm32cube/bundles/gnu-tools-for-stm32/14.3.1+st.2/lib/gcc/arm-none-eabi/14.3.1/include/arm_mve.h **** __attribute__ ((__always_inline__, __gnu_inline__, __artificial__))
2034:/home/min/snap/code/229/.local/share/stm32cube/bundles/gnu-tools-for-stm32/14.3.1+st.2/lib/gcc/arm-none-eabi/14.3.1/include/arm_mve.h **** __arm_vstrwq_s32 (int32_t * __addr, int32x4_t __value)
2035:/home/min/snap/code/229/.local/share/stm32cube/bundles/gnu-tools-for-stm32/14.3.1+st.2/lib/gcc/arm-none-eabi/14.3.1/include/arm_mve.h **** {
2036:/home/min/snap/code/229/.local/share/stm32cube/bundles/gnu-tools-for-stm32/14.3.1+st.2/lib/gcc/arm-none-eabi/14.3.1/include/arm_mve.h ****   __builtin_mve_vstrwq_sv4si ((__builtin_neon_si *) __addr, __value);
2037:/home/min/snap/code/229/.local/share/stm32cube/bundles/gnu-tools-for-stm32/14.3.1+st.2/lib/gcc/arm-none-eabi/14.3.1/include/arm_mve.h **** }
2038:/home/min/snap/code/229/.local/share/stm32cube/bundles/gnu-tools-for-stm32/14.3.1+st.2/lib/gcc/arm-none-eabi/14.3.1/include/arm_mve.h **** 
2039:/home/min/snap/code/229/.local/share/stm32cube/bundles/gnu-tools-for-stm32/14.3.1+st.2/lib/gcc/arm-none-eabi/14.3.1/include/arm_mve.h **** __extension__ extern __inline void
2040:/home/min/snap/code/229/.local/share/stm32cube/bundles/gnu-tools-for-stm32/14.3.1+st.2/lib/gcc/arm-none-eabi/14.3.1/include/arm_mve.h **** __attribute__ ((__always_inline__, __gnu_inline__, __artificial__))
2041:/home/min/snap/code/229/.local/share/stm32cube/bundles/gnu-tools-for-stm32/14.3.1+st.2/lib/gcc/arm-none-eabi/14.3.1/include/arm_mve.h **** __arm_vstrwq_u32 (uint32_t * __addr, uint32x4_t __value)
2042:/home/min/snap/code/229/.local/share/stm32cube/bundles/gnu-tools-for-stm32/14.3.1+st.2/lib/gcc/arm-none-eabi/14.3.1/include/arm_mve.h **** {
2043:/home/min/snap/code/229/.local/share/stm32cube/bundles/gnu-tools-for-stm32/14.3.1+st.2/lib/gcc/arm-none-eabi/14.3.1/include/arm_mve.h ****   __builtin_mve_vstrwq_uv4si ((__builtin_neon_si *) __addr, __value);
2044:/home/min/snap/code/229/.local/share/stm32cube/bundles/gnu-tools-for-stm32/14.3.1+st.2/lib/gcc/arm-none-eabi/14.3.1/include/arm_mve.h **** }
2045:/home/min/snap/code/229/.local/share/stm32cube/bundles/gnu-tools-for-stm32/14.3.1+st.2/lib/gcc/arm-none-eabi/14.3.1/include/arm_mve.h **** 
2046:/home/min/snap/code/229/.local/share/stm32cube/bundles/gnu-tools-for-stm32/14.3.1+st.2/lib/gcc/arm-none-eabi/14.3.1/include/arm_mve.h **** __extension__ extern __inline void
2047:/home/min/snap/code/229/.local/share/stm32cube/bundles/gnu-tools-for-stm32/14.3.1+st.2/lib/gcc/arm-none-eabi/14.3.1/include/arm_mve.h **** __attribute__ ((__always_inline__, __gnu_inline__, __artificial__))
2048:/home/min/snap/code/229/.local/share/stm32cube/bundles/gnu-tools-for-stm32/14.3.1+st.2/lib/gcc/arm-none-eabi/14.3.1/include/arm_mve.h **** __arm_vstrwq_p_s32 (int32_t * __addr, int32x4_t __value, mve_pred16_t __p)
2049:/home/min/snap/code/229/.local/share/stm32cube/bundles/gnu-tools-for-stm32/14.3.1+st.2/lib/gcc/arm-none-eabi/14.3.1/include/arm_mve.h **** {
2050:/home/min/snap/code/229/.local/share/stm32cube/bundles/gnu-tools-for-stm32/14.3.1+st.2/lib/gcc/arm-none-eabi/14.3.1/include/arm_mve.h ****   __builtin_mve_vstrwq_p_sv4si ((__builtin_neon_si *) __addr, __value, __p);
2051:/home/min/snap/code/229/.local/share/stm32cube/bundles/gnu-tools-for-stm32/14.3.1+st.2/lib/gcc/arm-none-eabi/14.3.1/include/arm_mve.h **** }
2052:/home/min/snap/code/229/.local/share/stm32cube/bundles/gnu-tools-for-stm32/14.3.1+st.2/lib/gcc/arm-none-eabi/14.3.1/include/arm_mve.h **** 
2053:/home/min/snap/code/229/.local/share/stm32cube/bundles/gnu-tools-for-stm32/14.3.1+st.2/lib/gcc/arm-none-eabi/14.3.1/include/arm_mve.h **** __extension__ extern __inline void
2054:/home/min/snap/code/229/.local/share/stm32cube/bundles/gnu-tools-for-stm32/14.3.1+st.2/lib/gcc/arm-none-eabi/14.3.1/include/arm_mve.h **** __attribute__ ((__always_inline__, __gnu_inline__, __artificial__))
2055:/home/min/snap/code/229/.local/share/stm32cube/bundles/gnu-tools-for-stm32/14.3.1+st.2/lib/gcc/arm-none-eabi/14.3.1/include/arm_mve.h **** __arm_vstrwq_p_u32 (uint32_t * __addr, uint32x4_t __value, mve_pred16_t __p)
2056:/home/min/snap/code/229/.local/share/stm32cube/bundles/gnu-tools-for-stm32/14.3.1+st.2/lib/gcc/arm-none-eabi/14.3.1/include/arm_mve.h **** {
2057:/home/min/snap/code/229/.local/share/stm32cube/bundles/gnu-tools-for-stm32/14.3.1+st.2/lib/gcc/arm-none-eabi/14.3.1/include/arm_mve.h ****   __builtin_mve_vstrwq_p_uv4si ((__builtin_neon_si *) __addr, __value, __p);
2058:/home/min/snap/code/229/.local/share/stm32cube/bundles/gnu-tools-for-stm32/14.3.1+st.2/lib/gcc/arm-none-eabi/14.3.1/include/arm_mve.h **** }
2059:/home/min/snap/code/229/.local/share/stm32cube/bundles/gnu-tools-for-stm32/14.3.1+st.2/lib/gcc/arm-none-eabi/14.3.1/include/arm_mve.h **** 
2060:/home/min/snap/code/229/.local/share/stm32cube/bundles/gnu-tools-for-stm32/14.3.1+st.2/lib/gcc/arm-none-eabi/14.3.1/include/arm_mve.h **** __extension__ extern __inline void
2061:/home/min/snap/code/229/.local/share/stm32cube/bundles/gnu-tools-for-stm32/14.3.1+st.2/lib/gcc/arm-none-eabi/14.3.1/include/arm_mve.h **** __attribute__ ((__always_inline__, __gnu_inline__, __artificial__))
2062:/home/min/snap/code/229/.local/share/stm32cube/bundles/gnu-tools-for-stm32/14.3.1+st.2/lib/gcc/arm-none-eabi/14.3.1/include/arm_mve.h **** __arm_vstrdq_scatter_base_p_s64 (uint64x2_t __addr, const int __offset, int64x2_t __value, mve_pred
2063:/home/min/snap/code/229/.local/share/stm32cube/bundles/gnu-tools-for-stm32/14.3.1+st.2/lib/gcc/arm-none-eabi/14.3.1/include/arm_mve.h **** {
2064:/home/min/snap/code/229/.local/share/stm32cube/bundles/gnu-tools-for-stm32/14.3.1+st.2/lib/gcc/arm-none-eabi/14.3.1/include/arm_mve.h ****   __builtin_mve_vstrdq_scatter_base_p_sv2di (__addr, __offset, __value, __p);
2065:/home/min/snap/code/229/.local/share/stm32cube/bundles/gnu-tools-for-stm32/14.3.1+st.2/lib/gcc/arm-none-eabi/14.3.1/include/arm_mve.h **** }
2066:/home/min/snap/code/229/.local/share/stm32cube/bundles/gnu-tools-for-stm32/14.3.1+st.2/lib/gcc/arm-none-eabi/14.3.1/include/arm_mve.h **** 
2067:/home/min/snap/code/229/.local/share/stm32cube/bundles/gnu-tools-for-stm32/14.3.1+st.2/lib/gcc/arm-none-eabi/14.3.1/include/arm_mve.h **** __extension__ extern __inline void
2068:/home/min/snap/code/229/.local/share/stm32cube/bundles/gnu-tools-for-stm32/14.3.1+st.2/lib/gcc/arm-none-eabi/14.3.1/include/arm_mve.h **** __attribute__ ((__always_inline__, __gnu_inline__, __artificial__))
2069:/home/min/snap/code/229/.local/share/stm32cube/bundles/gnu-tools-for-stm32/14.3.1+st.2/lib/gcc/arm-none-eabi/14.3.1/include/arm_mve.h **** __arm_vstrdq_scatter_base_p_u64 (uint64x2_t __addr, const int __offset, uint64x2_t __value, mve_pre
ARM GAS  /tmp/cc66eICS.s 			page 50


2070:/home/min/snap/code/229/.local/share/stm32cube/bundles/gnu-tools-for-stm32/14.3.1+st.2/lib/gcc/arm-none-eabi/14.3.1/include/arm_mve.h **** {
2071:/home/min/snap/code/229/.local/share/stm32cube/bundles/gnu-tools-for-stm32/14.3.1+st.2/lib/gcc/arm-none-eabi/14.3.1/include/arm_mve.h ****   __builtin_mve_vstrdq_scatter_base_p_uv2di (__addr, __offset, __value, __p);
2072:/home/min/snap/code/229/.local/share/stm32cube/bundles/gnu-tools-for-stm32/14.3.1+st.2/lib/gcc/arm-none-eabi/14.3.1/include/arm_mve.h **** }
2073:/home/min/snap/code/229/.local/share/stm32cube/bundles/gnu-tools-for-stm32/14.3.1+st.2/lib/gcc/arm-none-eabi/14.3.1/include/arm_mve.h **** 
2074:/home/min/snap/code/229/.local/share/stm32cube/bundles/gnu-tools-for-stm32/14.3.1+st.2/lib/gcc/arm-none-eabi/14.3.1/include/arm_mve.h **** __extension__ extern __inline void
2075:/home/min/snap/code/229/.local/share/stm32cube/bundles/gnu-tools-for-stm32/14.3.1+st.2/lib/gcc/arm-none-eabi/14.3.1/include/arm_mve.h **** __attribute__ ((__always_inline__, __gnu_inline__, __artificial__))
2076:/home/min/snap/code/229/.local/share/stm32cube/bundles/gnu-tools-for-stm32/14.3.1+st.2/lib/gcc/arm-none-eabi/14.3.1/include/arm_mve.h **** __arm_vstrdq_scatter_base_s64 (uint64x2_t __addr, const int __offset, int64x2_t __value)
2077:/home/min/snap/code/229/.local/share/stm32cube/bundles/gnu-tools-for-stm32/14.3.1+st.2/lib/gcc/arm-none-eabi/14.3.1/include/arm_mve.h **** {
2078:/home/min/snap/code/229/.local/share/stm32cube/bundles/gnu-tools-for-stm32/14.3.1+st.2/lib/gcc/arm-none-eabi/14.3.1/include/arm_mve.h ****   __builtin_mve_vstrdq_scatter_base_sv2di (__addr, __offset, __value);
2079:/home/min/snap/code/229/.local/share/stm32cube/bundles/gnu-tools-for-stm32/14.3.1+st.2/lib/gcc/arm-none-eabi/14.3.1/include/arm_mve.h **** }
2080:/home/min/snap/code/229/.local/share/stm32cube/bundles/gnu-tools-for-stm32/14.3.1+st.2/lib/gcc/arm-none-eabi/14.3.1/include/arm_mve.h **** 
2081:/home/min/snap/code/229/.local/share/stm32cube/bundles/gnu-tools-for-stm32/14.3.1+st.2/lib/gcc/arm-none-eabi/14.3.1/include/arm_mve.h **** __extension__ extern __inline void
2082:/home/min/snap/code/229/.local/share/stm32cube/bundles/gnu-tools-for-stm32/14.3.1+st.2/lib/gcc/arm-none-eabi/14.3.1/include/arm_mve.h **** __attribute__ ((__always_inline__, __gnu_inline__, __artificial__))
2083:/home/min/snap/code/229/.local/share/stm32cube/bundles/gnu-tools-for-stm32/14.3.1+st.2/lib/gcc/arm-none-eabi/14.3.1/include/arm_mve.h **** __arm_vstrdq_scatter_base_u64 (uint64x2_t __addr, const int __offset, uint64x2_t __value)
2084:/home/min/snap/code/229/.local/share/stm32cube/bundles/gnu-tools-for-stm32/14.3.1+st.2/lib/gcc/arm-none-eabi/14.3.1/include/arm_mve.h **** {
2085:/home/min/snap/code/229/.local/share/stm32cube/bundles/gnu-tools-for-stm32/14.3.1+st.2/lib/gcc/arm-none-eabi/14.3.1/include/arm_mve.h ****   __builtin_mve_vstrdq_scatter_base_uv2di (__addr, __offset, __value);
2086:/home/min/snap/code/229/.local/share/stm32cube/bundles/gnu-tools-for-stm32/14.3.1+st.2/lib/gcc/arm-none-eabi/14.3.1/include/arm_mve.h **** }
2087:/home/min/snap/code/229/.local/share/stm32cube/bundles/gnu-tools-for-stm32/14.3.1+st.2/lib/gcc/arm-none-eabi/14.3.1/include/arm_mve.h **** 
2088:/home/min/snap/code/229/.local/share/stm32cube/bundles/gnu-tools-for-stm32/14.3.1+st.2/lib/gcc/arm-none-eabi/14.3.1/include/arm_mve.h **** __extension__ extern __inline void
2089:/home/min/snap/code/229/.local/share/stm32cube/bundles/gnu-tools-for-stm32/14.3.1+st.2/lib/gcc/arm-none-eabi/14.3.1/include/arm_mve.h **** __attribute__ ((__always_inline__, __gnu_inline__, __artificial__))
2090:/home/min/snap/code/229/.local/share/stm32cube/bundles/gnu-tools-for-stm32/14.3.1+st.2/lib/gcc/arm-none-eabi/14.3.1/include/arm_mve.h **** __arm_vstrdq_scatter_offset_p_s64 (int64_t * __base, uint64x2_t __offset, int64x2_t __value, mve_pr
2091:/home/min/snap/code/229/.local/share/stm32cube/bundles/gnu-tools-for-stm32/14.3.1+st.2/lib/gcc/arm-none-eabi/14.3.1/include/arm_mve.h **** {
2092:/home/min/snap/code/229/.local/share/stm32cube/bundles/gnu-tools-for-stm32/14.3.1+st.2/lib/gcc/arm-none-eabi/14.3.1/include/arm_mve.h ****   __builtin_mve_vstrdq_scatter_offset_p_sv2di ((__builtin_neon_di *) __base, __offset, __value, __p
2093:/home/min/snap/code/229/.local/share/stm32cube/bundles/gnu-tools-for-stm32/14.3.1+st.2/lib/gcc/arm-none-eabi/14.3.1/include/arm_mve.h **** }
2094:/home/min/snap/code/229/.local/share/stm32cube/bundles/gnu-tools-for-stm32/14.3.1+st.2/lib/gcc/arm-none-eabi/14.3.1/include/arm_mve.h **** 
2095:/home/min/snap/code/229/.local/share/stm32cube/bundles/gnu-tools-for-stm32/14.3.1+st.2/lib/gcc/arm-none-eabi/14.3.1/include/arm_mve.h **** __extension__ extern __inline void
2096:/home/min/snap/code/229/.local/share/stm32cube/bundles/gnu-tools-for-stm32/14.3.1+st.2/lib/gcc/arm-none-eabi/14.3.1/include/arm_mve.h **** __attribute__ ((__always_inline__, __gnu_inline__, __artificial__))
2097:/home/min/snap/code/229/.local/share/stm32cube/bundles/gnu-tools-for-stm32/14.3.1+st.2/lib/gcc/arm-none-eabi/14.3.1/include/arm_mve.h **** __arm_vstrdq_scatter_offset_p_u64 (uint64_t * __base, uint64x2_t __offset, uint64x2_t __value, mve_
2098:/home/min/snap/code/229/.local/share/stm32cube/bundles/gnu-tools-for-stm32/14.3.1+st.2/lib/gcc/arm-none-eabi/14.3.1/include/arm_mve.h **** {
2099:/home/min/snap/code/229/.local/share/stm32cube/bundles/gnu-tools-for-stm32/14.3.1+st.2/lib/gcc/arm-none-eabi/14.3.1/include/arm_mve.h ****   __builtin_mve_vstrdq_scatter_offset_p_uv2di ((__builtin_neon_di *) __base, __offset, __value, __p
2100:/home/min/snap/code/229/.local/share/stm32cube/bundles/gnu-tools-for-stm32/14.3.1+st.2/lib/gcc/arm-none-eabi/14.3.1/include/arm_mve.h **** }
2101:/home/min/snap/code/229/.local/share/stm32cube/bundles/gnu-tools-for-stm32/14.3.1+st.2/lib/gcc/arm-none-eabi/14.3.1/include/arm_mve.h **** 
2102:/home/min/snap/code/229/.local/share/stm32cube/bundles/gnu-tools-for-stm32/14.3.1+st.2/lib/gcc/arm-none-eabi/14.3.1/include/arm_mve.h **** __extension__ extern __inline void
2103:/home/min/snap/code/229/.local/share/stm32cube/bundles/gnu-tools-for-stm32/14.3.1+st.2/lib/gcc/arm-none-eabi/14.3.1/include/arm_mve.h **** __attribute__ ((__always_inline__, __gnu_inline__, __artificial__))
2104:/home/min/snap/code/229/.local/share/stm32cube/bundles/gnu-tools-for-stm32/14.3.1+st.2/lib/gcc/arm-none-eabi/14.3.1/include/arm_mve.h **** __arm_vstrdq_scatter_offset_s64 (int64_t * __base, uint64x2_t __offset, int64x2_t __value)
2105:/home/min/snap/code/229/.local/share/stm32cube/bundles/gnu-tools-for-stm32/14.3.1+st.2/lib/gcc/arm-none-eabi/14.3.1/include/arm_mve.h **** {
2106:/home/min/snap/code/229/.local/share/stm32cube/bundles/gnu-tools-for-stm32/14.3.1+st.2/lib/gcc/arm-none-eabi/14.3.1/include/arm_mve.h ****   __builtin_mve_vstrdq_scatter_offset_sv2di ((__builtin_neon_di *) __base, __offset, __value);
2107:/home/min/snap/code/229/.local/share/stm32cube/bundles/gnu-tools-for-stm32/14.3.1+st.2/lib/gcc/arm-none-eabi/14.3.1/include/arm_mve.h **** }
2108:/home/min/snap/code/229/.local/share/stm32cube/bundles/gnu-tools-for-stm32/14.3.1+st.2/lib/gcc/arm-none-eabi/14.3.1/include/arm_mve.h **** 
2109:/home/min/snap/code/229/.local/share/stm32cube/bundles/gnu-tools-for-stm32/14.3.1+st.2/lib/gcc/arm-none-eabi/14.3.1/include/arm_mve.h **** __extension__ extern __inline void
2110:/home/min/snap/code/229/.local/share/stm32cube/bundles/gnu-tools-for-stm32/14.3.1+st.2/lib/gcc/arm-none-eabi/14.3.1/include/arm_mve.h **** __attribute__ ((__always_inline__, __gnu_inline__, __artificial__))
2111:/home/min/snap/code/229/.local/share/stm32cube/bundles/gnu-tools-for-stm32/14.3.1+st.2/lib/gcc/arm-none-eabi/14.3.1/include/arm_mve.h **** __arm_vstrdq_scatter_offset_u64 (uint64_t * __base, uint64x2_t __offset, uint64x2_t __value)
2112:/home/min/snap/code/229/.local/share/stm32cube/bundles/gnu-tools-for-stm32/14.3.1+st.2/lib/gcc/arm-none-eabi/14.3.1/include/arm_mve.h **** {
2113:/home/min/snap/code/229/.local/share/stm32cube/bundles/gnu-tools-for-stm32/14.3.1+st.2/lib/gcc/arm-none-eabi/14.3.1/include/arm_mve.h ****   __builtin_mve_vstrdq_scatter_offset_uv2di ((__builtin_neon_di *) __base, __offset, __value);
2114:/home/min/snap/code/229/.local/share/stm32cube/bundles/gnu-tools-for-stm32/14.3.1+st.2/lib/gcc/arm-none-eabi/14.3.1/include/arm_mve.h **** }
2115:/home/min/snap/code/229/.local/share/stm32cube/bundles/gnu-tools-for-stm32/14.3.1+st.2/lib/gcc/arm-none-eabi/14.3.1/include/arm_mve.h **** 
2116:/home/min/snap/code/229/.local/share/stm32cube/bundles/gnu-tools-for-stm32/14.3.1+st.2/lib/gcc/arm-none-eabi/14.3.1/include/arm_mve.h **** __extension__ extern __inline void
2117:/home/min/snap/code/229/.local/share/stm32cube/bundles/gnu-tools-for-stm32/14.3.1+st.2/lib/gcc/arm-none-eabi/14.3.1/include/arm_mve.h **** __attribute__ ((__always_inline__, __gnu_inline__, __artificial__))
2118:/home/min/snap/code/229/.local/share/stm32cube/bundles/gnu-tools-for-stm32/14.3.1+st.2/lib/gcc/arm-none-eabi/14.3.1/include/arm_mve.h **** __arm_vstrdq_scatter_shifted_offset_p_s64 (int64_t * __base, uint64x2_t __offset, int64x2_t __value
2119:/home/min/snap/code/229/.local/share/stm32cube/bundles/gnu-tools-for-stm32/14.3.1+st.2/lib/gcc/arm-none-eabi/14.3.1/include/arm_mve.h **** {
2120:/home/min/snap/code/229/.local/share/stm32cube/bundles/gnu-tools-for-stm32/14.3.1+st.2/lib/gcc/arm-none-eabi/14.3.1/include/arm_mve.h ****   __builtin_mve_vstrdq_scatter_shifted_offset_p_sv2di ((__builtin_neon_di *) __base, __offset, __va
2121:/home/min/snap/code/229/.local/share/stm32cube/bundles/gnu-tools-for-stm32/14.3.1+st.2/lib/gcc/arm-none-eabi/14.3.1/include/arm_mve.h **** }
2122:/home/min/snap/code/229/.local/share/stm32cube/bundles/gnu-tools-for-stm32/14.3.1+st.2/lib/gcc/arm-none-eabi/14.3.1/include/arm_mve.h **** 
2123:/home/min/snap/code/229/.local/share/stm32cube/bundles/gnu-tools-for-stm32/14.3.1+st.2/lib/gcc/arm-none-eabi/14.3.1/include/arm_mve.h **** __extension__ extern __inline void
2124:/home/min/snap/code/229/.local/share/stm32cube/bundles/gnu-tools-for-stm32/14.3.1+st.2/lib/gcc/arm-none-eabi/14.3.1/include/arm_mve.h **** __attribute__ ((__always_inline__, __gnu_inline__, __artificial__))
2125:/home/min/snap/code/229/.local/share/stm32cube/bundles/gnu-tools-for-stm32/14.3.1+st.2/lib/gcc/arm-none-eabi/14.3.1/include/arm_mve.h **** __arm_vstrdq_scatter_shifted_offset_p_u64 (uint64_t * __base, uint64x2_t __offset, uint64x2_t __val
2126:/home/min/snap/code/229/.local/share/stm32cube/bundles/gnu-tools-for-stm32/14.3.1+st.2/lib/gcc/arm-none-eabi/14.3.1/include/arm_mve.h **** {
ARM GAS  /tmp/cc66eICS.s 			page 51


2127:/home/min/snap/code/229/.local/share/stm32cube/bundles/gnu-tools-for-stm32/14.3.1+st.2/lib/gcc/arm-none-eabi/14.3.1/include/arm_mve.h ****   __builtin_mve_vstrdq_scatter_shifted_offset_p_uv2di ((__builtin_neon_di *) __base, __offset, __va
2128:/home/min/snap/code/229/.local/share/stm32cube/bundles/gnu-tools-for-stm32/14.3.1+st.2/lib/gcc/arm-none-eabi/14.3.1/include/arm_mve.h **** }
2129:/home/min/snap/code/229/.local/share/stm32cube/bundles/gnu-tools-for-stm32/14.3.1+st.2/lib/gcc/arm-none-eabi/14.3.1/include/arm_mve.h **** 
2130:/home/min/snap/code/229/.local/share/stm32cube/bundles/gnu-tools-for-stm32/14.3.1+st.2/lib/gcc/arm-none-eabi/14.3.1/include/arm_mve.h **** __extension__ extern __inline void
2131:/home/min/snap/code/229/.local/share/stm32cube/bundles/gnu-tools-for-stm32/14.3.1+st.2/lib/gcc/arm-none-eabi/14.3.1/include/arm_mve.h **** __attribute__ ((__always_inline__, __gnu_inline__, __artificial__))
2132:/home/min/snap/code/229/.local/share/stm32cube/bundles/gnu-tools-for-stm32/14.3.1+st.2/lib/gcc/arm-none-eabi/14.3.1/include/arm_mve.h **** __arm_vstrdq_scatter_shifted_offset_s64 (int64_t * __base, uint64x2_t __offset, int64x2_t __value)
2133:/home/min/snap/code/229/.local/share/stm32cube/bundles/gnu-tools-for-stm32/14.3.1+st.2/lib/gcc/arm-none-eabi/14.3.1/include/arm_mve.h **** {
2134:/home/min/snap/code/229/.local/share/stm32cube/bundles/gnu-tools-for-stm32/14.3.1+st.2/lib/gcc/arm-none-eabi/14.3.1/include/arm_mve.h ****   __builtin_mve_vstrdq_scatter_shifted_offset_sv2di ((__builtin_neon_di *) __base, __offset, __valu
2135:/home/min/snap/code/229/.local/share/stm32cube/bundles/gnu-tools-for-stm32/14.3.1+st.2/lib/gcc/arm-none-eabi/14.3.1/include/arm_mve.h **** }
2136:/home/min/snap/code/229/.local/share/stm32cube/bundles/gnu-tools-for-stm32/14.3.1+st.2/lib/gcc/arm-none-eabi/14.3.1/include/arm_mve.h **** 
2137:/home/min/snap/code/229/.local/share/stm32cube/bundles/gnu-tools-for-stm32/14.3.1+st.2/lib/gcc/arm-none-eabi/14.3.1/include/arm_mve.h **** __extension__ extern __inline void
2138:/home/min/snap/code/229/.local/share/stm32cube/bundles/gnu-tools-for-stm32/14.3.1+st.2/lib/gcc/arm-none-eabi/14.3.1/include/arm_mve.h **** __attribute__ ((__always_inline__, __gnu_inline__, __artificial__))
2139:/home/min/snap/code/229/.local/share/stm32cube/bundles/gnu-tools-for-stm32/14.3.1+st.2/lib/gcc/arm-none-eabi/14.3.1/include/arm_mve.h **** __arm_vstrdq_scatter_shifted_offset_u64 (uint64_t * __base, uint64x2_t __offset, uint64x2_t __value
2140:/home/min/snap/code/229/.local/share/stm32cube/bundles/gnu-tools-for-stm32/14.3.1+st.2/lib/gcc/arm-none-eabi/14.3.1/include/arm_mve.h **** {
2141:/home/min/snap/code/229/.local/share/stm32cube/bundles/gnu-tools-for-stm32/14.3.1+st.2/lib/gcc/arm-none-eabi/14.3.1/include/arm_mve.h ****   __builtin_mve_vstrdq_scatter_shifted_offset_uv2di ((__builtin_neon_di *) __base, __offset, __valu
2142:/home/min/snap/code/229/.local/share/stm32cube/bundles/gnu-tools-for-stm32/14.3.1+st.2/lib/gcc/arm-none-eabi/14.3.1/include/arm_mve.h **** }
2143:/home/min/snap/code/229/.local/share/stm32cube/bundles/gnu-tools-for-stm32/14.3.1+st.2/lib/gcc/arm-none-eabi/14.3.1/include/arm_mve.h **** 
2144:/home/min/snap/code/229/.local/share/stm32cube/bundles/gnu-tools-for-stm32/14.3.1+st.2/lib/gcc/arm-none-eabi/14.3.1/include/arm_mve.h **** __extension__ extern __inline void
2145:/home/min/snap/code/229/.local/share/stm32cube/bundles/gnu-tools-for-stm32/14.3.1+st.2/lib/gcc/arm-none-eabi/14.3.1/include/arm_mve.h **** __attribute__ ((__always_inline__, __gnu_inline__, __artificial__))
2146:/home/min/snap/code/229/.local/share/stm32cube/bundles/gnu-tools-for-stm32/14.3.1+st.2/lib/gcc/arm-none-eabi/14.3.1/include/arm_mve.h **** __arm_vstrwq_scatter_offset_p_s32 (int32_t * __base, uint32x4_t __offset, int32x4_t __value, mve_pr
2147:/home/min/snap/code/229/.local/share/stm32cube/bundles/gnu-tools-for-stm32/14.3.1+st.2/lib/gcc/arm-none-eabi/14.3.1/include/arm_mve.h **** {
2148:/home/min/snap/code/229/.local/share/stm32cube/bundles/gnu-tools-for-stm32/14.3.1+st.2/lib/gcc/arm-none-eabi/14.3.1/include/arm_mve.h ****   __builtin_mve_vstrwq_scatter_offset_p_sv4si ((__builtin_neon_si *) __base, __offset, __value, __p
2149:/home/min/snap/code/229/.local/share/stm32cube/bundles/gnu-tools-for-stm32/14.3.1+st.2/lib/gcc/arm-none-eabi/14.3.1/include/arm_mve.h **** }
2150:/home/min/snap/code/229/.local/share/stm32cube/bundles/gnu-tools-for-stm32/14.3.1+st.2/lib/gcc/arm-none-eabi/14.3.1/include/arm_mve.h **** 
2151:/home/min/snap/code/229/.local/share/stm32cube/bundles/gnu-tools-for-stm32/14.3.1+st.2/lib/gcc/arm-none-eabi/14.3.1/include/arm_mve.h **** __extension__ extern __inline void
2152:/home/min/snap/code/229/.local/share/stm32cube/bundles/gnu-tools-for-stm32/14.3.1+st.2/lib/gcc/arm-none-eabi/14.3.1/include/arm_mve.h **** __attribute__ ((__always_inline__, __gnu_inline__, __artificial__))
2153:/home/min/snap/code/229/.local/share/stm32cube/bundles/gnu-tools-for-stm32/14.3.1+st.2/lib/gcc/arm-none-eabi/14.3.1/include/arm_mve.h **** __arm_vstrwq_scatter_offset_p_u32 (uint32_t * __base, uint32x4_t __offset, uint32x4_t __value, mve_
2154:/home/min/snap/code/229/.local/share/stm32cube/bundles/gnu-tools-for-stm32/14.3.1+st.2/lib/gcc/arm-none-eabi/14.3.1/include/arm_mve.h **** {
2155:/home/min/snap/code/229/.local/share/stm32cube/bundles/gnu-tools-for-stm32/14.3.1+st.2/lib/gcc/arm-none-eabi/14.3.1/include/arm_mve.h ****   __builtin_mve_vstrwq_scatter_offset_p_uv4si ((__builtin_neon_si *) __base, __offset, __value, __p
2156:/home/min/snap/code/229/.local/share/stm32cube/bundles/gnu-tools-for-stm32/14.3.1+st.2/lib/gcc/arm-none-eabi/14.3.1/include/arm_mve.h **** }
2157:/home/min/snap/code/229/.local/share/stm32cube/bundles/gnu-tools-for-stm32/14.3.1+st.2/lib/gcc/arm-none-eabi/14.3.1/include/arm_mve.h **** 
2158:/home/min/snap/code/229/.local/share/stm32cube/bundles/gnu-tools-for-stm32/14.3.1+st.2/lib/gcc/arm-none-eabi/14.3.1/include/arm_mve.h **** __extension__ extern __inline void
2159:/home/min/snap/code/229/.local/share/stm32cube/bundles/gnu-tools-for-stm32/14.3.1+st.2/lib/gcc/arm-none-eabi/14.3.1/include/arm_mve.h **** __attribute__ ((__always_inline__, __gnu_inline__, __artificial__))
2160:/home/min/snap/code/229/.local/share/stm32cube/bundles/gnu-tools-for-stm32/14.3.1+st.2/lib/gcc/arm-none-eabi/14.3.1/include/arm_mve.h **** __arm_vstrwq_scatter_offset_s32 (int32_t * __base, uint32x4_t __offset, int32x4_t __value)
2161:/home/min/snap/code/229/.local/share/stm32cube/bundles/gnu-tools-for-stm32/14.3.1+st.2/lib/gcc/arm-none-eabi/14.3.1/include/arm_mve.h **** {
2162:/home/min/snap/code/229/.local/share/stm32cube/bundles/gnu-tools-for-stm32/14.3.1+st.2/lib/gcc/arm-none-eabi/14.3.1/include/arm_mve.h ****   __builtin_mve_vstrwq_scatter_offset_sv4si ((__builtin_neon_si *) __base, __offset, __value);
2163:/home/min/snap/code/229/.local/share/stm32cube/bundles/gnu-tools-for-stm32/14.3.1+st.2/lib/gcc/arm-none-eabi/14.3.1/include/arm_mve.h **** }
2164:/home/min/snap/code/229/.local/share/stm32cube/bundles/gnu-tools-for-stm32/14.3.1+st.2/lib/gcc/arm-none-eabi/14.3.1/include/arm_mve.h **** 
2165:/home/min/snap/code/229/.local/share/stm32cube/bundles/gnu-tools-for-stm32/14.3.1+st.2/lib/gcc/arm-none-eabi/14.3.1/include/arm_mve.h **** __extension__ extern __inline void
2166:/home/min/snap/code/229/.local/share/stm32cube/bundles/gnu-tools-for-stm32/14.3.1+st.2/lib/gcc/arm-none-eabi/14.3.1/include/arm_mve.h **** __attribute__ ((__always_inline__, __gnu_inline__, __artificial__))
2167:/home/min/snap/code/229/.local/share/stm32cube/bundles/gnu-tools-for-stm32/14.3.1+st.2/lib/gcc/arm-none-eabi/14.3.1/include/arm_mve.h **** __arm_vstrwq_scatter_offset_u32 (uint32_t * __base, uint32x4_t __offset, uint32x4_t __value)
2168:/home/min/snap/code/229/.local/share/stm32cube/bundles/gnu-tools-for-stm32/14.3.1+st.2/lib/gcc/arm-none-eabi/14.3.1/include/arm_mve.h **** {
2169:/home/min/snap/code/229/.local/share/stm32cube/bundles/gnu-tools-for-stm32/14.3.1+st.2/lib/gcc/arm-none-eabi/14.3.1/include/arm_mve.h ****   __builtin_mve_vstrwq_scatter_offset_uv4si ((__builtin_neon_si *) __base, __offset, __value);
2170:/home/min/snap/code/229/.local/share/stm32cube/bundles/gnu-tools-for-stm32/14.3.1+st.2/lib/gcc/arm-none-eabi/14.3.1/include/arm_mve.h **** }
2171:/home/min/snap/code/229/.local/share/stm32cube/bundles/gnu-tools-for-stm32/14.3.1+st.2/lib/gcc/arm-none-eabi/14.3.1/include/arm_mve.h **** 
2172:/home/min/snap/code/229/.local/share/stm32cube/bundles/gnu-tools-for-stm32/14.3.1+st.2/lib/gcc/arm-none-eabi/14.3.1/include/arm_mve.h **** __extension__ extern __inline void
2173:/home/min/snap/code/229/.local/share/stm32cube/bundles/gnu-tools-for-stm32/14.3.1+st.2/lib/gcc/arm-none-eabi/14.3.1/include/arm_mve.h **** __attribute__ ((__always_inline__, __gnu_inline__, __artificial__))
2174:/home/min/snap/code/229/.local/share/stm32cube/bundles/gnu-tools-for-stm32/14.3.1+st.2/lib/gcc/arm-none-eabi/14.3.1/include/arm_mve.h **** __arm_vstrwq_scatter_shifted_offset_p_s32 (int32_t * __base, uint32x4_t __offset, int32x4_t __value
2175:/home/min/snap/code/229/.local/share/stm32cube/bundles/gnu-tools-for-stm32/14.3.1+st.2/lib/gcc/arm-none-eabi/14.3.1/include/arm_mve.h **** {
2176:/home/min/snap/code/229/.local/share/stm32cube/bundles/gnu-tools-for-stm32/14.3.1+st.2/lib/gcc/arm-none-eabi/14.3.1/include/arm_mve.h ****   __builtin_mve_vstrwq_scatter_shifted_offset_p_sv4si ((__builtin_neon_si *) __base, __offset, __va
2177:/home/min/snap/code/229/.local/share/stm32cube/bundles/gnu-tools-for-stm32/14.3.1+st.2/lib/gcc/arm-none-eabi/14.3.1/include/arm_mve.h **** }
2178:/home/min/snap/code/229/.local/share/stm32cube/bundles/gnu-tools-for-stm32/14.3.1+st.2/lib/gcc/arm-none-eabi/14.3.1/include/arm_mve.h **** 
2179:/home/min/snap/code/229/.local/share/stm32cube/bundles/gnu-tools-for-stm32/14.3.1+st.2/lib/gcc/arm-none-eabi/14.3.1/include/arm_mve.h **** __extension__ extern __inline void
2180:/home/min/snap/code/229/.local/share/stm32cube/bundles/gnu-tools-for-stm32/14.3.1+st.2/lib/gcc/arm-none-eabi/14.3.1/include/arm_mve.h **** __attribute__ ((__always_inline__, __gnu_inline__, __artificial__))
2181:/home/min/snap/code/229/.local/share/stm32cube/bundles/gnu-tools-for-stm32/14.3.1+st.2/lib/gcc/arm-none-eabi/14.3.1/include/arm_mve.h **** __arm_vstrwq_scatter_shifted_offset_p_u32 (uint32_t * __base, uint32x4_t __offset, uint32x4_t __val
2182:/home/min/snap/code/229/.local/share/stm32cube/bundles/gnu-tools-for-stm32/14.3.1+st.2/lib/gcc/arm-none-eabi/14.3.1/include/arm_mve.h **** {
2183:/home/min/snap/code/229/.local/share/stm32cube/bundles/gnu-tools-for-stm32/14.3.1+st.2/lib/gcc/arm-none-eabi/14.3.1/include/arm_mve.h ****   __builtin_mve_vstrwq_scatter_shifted_offset_p_uv4si ((__builtin_neon_si *) __base, __offset, __va
ARM GAS  /tmp/cc66eICS.s 			page 52


2184:/home/min/snap/code/229/.local/share/stm32cube/bundles/gnu-tools-for-stm32/14.3.1+st.2/lib/gcc/arm-none-eabi/14.3.1/include/arm_mve.h **** }
2185:/home/min/snap/code/229/.local/share/stm32cube/bundles/gnu-tools-for-stm32/14.3.1+st.2/lib/gcc/arm-none-eabi/14.3.1/include/arm_mve.h **** 
2186:/home/min/snap/code/229/.local/share/stm32cube/bundles/gnu-tools-for-stm32/14.3.1+st.2/lib/gcc/arm-none-eabi/14.3.1/include/arm_mve.h **** __extension__ extern __inline void
2187:/home/min/snap/code/229/.local/share/stm32cube/bundles/gnu-tools-for-stm32/14.3.1+st.2/lib/gcc/arm-none-eabi/14.3.1/include/arm_mve.h **** __attribute__ ((__always_inline__, __gnu_inline__, __artificial__))
2188:/home/min/snap/code/229/.local/share/stm32cube/bundles/gnu-tools-for-stm32/14.3.1+st.2/lib/gcc/arm-none-eabi/14.3.1/include/arm_mve.h **** __arm_vstrwq_scatter_shifted_offset_s32 (int32_t * __base, uint32x4_t __offset, int32x4_t __value)
2189:/home/min/snap/code/229/.local/share/stm32cube/bundles/gnu-tools-for-stm32/14.3.1+st.2/lib/gcc/arm-none-eabi/14.3.1/include/arm_mve.h **** {
2190:/home/min/snap/code/229/.local/share/stm32cube/bundles/gnu-tools-for-stm32/14.3.1+st.2/lib/gcc/arm-none-eabi/14.3.1/include/arm_mve.h ****   __builtin_mve_vstrwq_scatter_shifted_offset_sv4si ((__builtin_neon_si *) __base, __offset, __valu
2191:/home/min/snap/code/229/.local/share/stm32cube/bundles/gnu-tools-for-stm32/14.3.1+st.2/lib/gcc/arm-none-eabi/14.3.1/include/arm_mve.h **** }
2192:/home/min/snap/code/229/.local/share/stm32cube/bundles/gnu-tools-for-stm32/14.3.1+st.2/lib/gcc/arm-none-eabi/14.3.1/include/arm_mve.h **** 
2193:/home/min/snap/code/229/.local/share/stm32cube/bundles/gnu-tools-for-stm32/14.3.1+st.2/lib/gcc/arm-none-eabi/14.3.1/include/arm_mve.h **** __extension__ extern __inline void
2194:/home/min/snap/code/229/.local/share/stm32cube/bundles/gnu-tools-for-stm32/14.3.1+st.2/lib/gcc/arm-none-eabi/14.3.1/include/arm_mve.h **** __attribute__ ((__always_inline__, __gnu_inline__, __artificial__))
2195:/home/min/snap/code/229/.local/share/stm32cube/bundles/gnu-tools-for-stm32/14.3.1+st.2/lib/gcc/arm-none-eabi/14.3.1/include/arm_mve.h **** __arm_vstrwq_scatter_shifted_offset_u32 (uint32_t * __base, uint32x4_t __offset, uint32x4_t __value
2196:/home/min/snap/code/229/.local/share/stm32cube/bundles/gnu-tools-for-stm32/14.3.1+st.2/lib/gcc/arm-none-eabi/14.3.1/include/arm_mve.h **** {
2197:/home/min/snap/code/229/.local/share/stm32cube/bundles/gnu-tools-for-stm32/14.3.1+st.2/lib/gcc/arm-none-eabi/14.3.1/include/arm_mve.h ****   __builtin_mve_vstrwq_scatter_shifted_offset_uv4si ((__builtin_neon_si *) __base, __offset, __valu
2198:/home/min/snap/code/229/.local/share/stm32cube/bundles/gnu-tools-for-stm32/14.3.1+st.2/lib/gcc/arm-none-eabi/14.3.1/include/arm_mve.h **** }
2199:/home/min/snap/code/229/.local/share/stm32cube/bundles/gnu-tools-for-stm32/14.3.1+st.2/lib/gcc/arm-none-eabi/14.3.1/include/arm_mve.h **** 
2200:/home/min/snap/code/229/.local/share/stm32cube/bundles/gnu-tools-for-stm32/14.3.1+st.2/lib/gcc/arm-none-eabi/14.3.1/include/arm_mve.h **** __extension__ extern __inline uint8x16_t
2201:/home/min/snap/code/229/.local/share/stm32cube/bundles/gnu-tools-for-stm32/14.3.1+st.2/lib/gcc/arm-none-eabi/14.3.1/include/arm_mve.h **** __attribute__ ((__always_inline__, __gnu_inline__, __artificial__))
2202:/home/min/snap/code/229/.local/share/stm32cube/bundles/gnu-tools-for-stm32/14.3.1+st.2/lib/gcc/arm-none-eabi/14.3.1/include/arm_mve.h **** __arm_vddupq_m_n_u8 (uint8x16_t __inactive, uint32_t __a, const int __imm, mve_pred16_t __p)
2203:/home/min/snap/code/229/.local/share/stm32cube/bundles/gnu-tools-for-stm32/14.3.1+st.2/lib/gcc/arm-none-eabi/14.3.1/include/arm_mve.h **** {
2204:/home/min/snap/code/229/.local/share/stm32cube/bundles/gnu-tools-for-stm32/14.3.1+st.2/lib/gcc/arm-none-eabi/14.3.1/include/arm_mve.h ****   return __builtin_mve_vddupq_m_n_uv16qi (__inactive, __a, __imm, __p);
2205:/home/min/snap/code/229/.local/share/stm32cube/bundles/gnu-tools-for-stm32/14.3.1+st.2/lib/gcc/arm-none-eabi/14.3.1/include/arm_mve.h **** }
2206:/home/min/snap/code/229/.local/share/stm32cube/bundles/gnu-tools-for-stm32/14.3.1+st.2/lib/gcc/arm-none-eabi/14.3.1/include/arm_mve.h **** 
2207:/home/min/snap/code/229/.local/share/stm32cube/bundles/gnu-tools-for-stm32/14.3.1+st.2/lib/gcc/arm-none-eabi/14.3.1/include/arm_mve.h **** __extension__ extern __inline uint32x4_t
2208:/home/min/snap/code/229/.local/share/stm32cube/bundles/gnu-tools-for-stm32/14.3.1+st.2/lib/gcc/arm-none-eabi/14.3.1/include/arm_mve.h **** __attribute__ ((__always_inline__, __gnu_inline__, __artificial__))
2209:/home/min/snap/code/229/.local/share/stm32cube/bundles/gnu-tools-for-stm32/14.3.1+st.2/lib/gcc/arm-none-eabi/14.3.1/include/arm_mve.h **** __arm_vddupq_m_n_u32 (uint32x4_t __inactive, uint32_t __a, const int __imm, mve_pred16_t __p)
2210:/home/min/snap/code/229/.local/share/stm32cube/bundles/gnu-tools-for-stm32/14.3.1+st.2/lib/gcc/arm-none-eabi/14.3.1/include/arm_mve.h **** {
2211:/home/min/snap/code/229/.local/share/stm32cube/bundles/gnu-tools-for-stm32/14.3.1+st.2/lib/gcc/arm-none-eabi/14.3.1/include/arm_mve.h ****   return __builtin_mve_vddupq_m_n_uv4si (__inactive, __a, __imm, __p);
2212:/home/min/snap/code/229/.local/share/stm32cube/bundles/gnu-tools-for-stm32/14.3.1+st.2/lib/gcc/arm-none-eabi/14.3.1/include/arm_mve.h **** }
2213:/home/min/snap/code/229/.local/share/stm32cube/bundles/gnu-tools-for-stm32/14.3.1+st.2/lib/gcc/arm-none-eabi/14.3.1/include/arm_mve.h **** 
2214:/home/min/snap/code/229/.local/share/stm32cube/bundles/gnu-tools-for-stm32/14.3.1+st.2/lib/gcc/arm-none-eabi/14.3.1/include/arm_mve.h **** __extension__ extern __inline uint16x8_t
2215:/home/min/snap/code/229/.local/share/stm32cube/bundles/gnu-tools-for-stm32/14.3.1+st.2/lib/gcc/arm-none-eabi/14.3.1/include/arm_mve.h **** __attribute__ ((__always_inline__, __gnu_inline__, __artificial__))
2216:/home/min/snap/code/229/.local/share/stm32cube/bundles/gnu-tools-for-stm32/14.3.1+st.2/lib/gcc/arm-none-eabi/14.3.1/include/arm_mve.h **** __arm_vddupq_m_n_u16 (uint16x8_t __inactive, uint32_t __a, const int __imm, mve_pred16_t __p)
2217:/home/min/snap/code/229/.local/share/stm32cube/bundles/gnu-tools-for-stm32/14.3.1+st.2/lib/gcc/arm-none-eabi/14.3.1/include/arm_mve.h **** {
2218:/home/min/snap/code/229/.local/share/stm32cube/bundles/gnu-tools-for-stm32/14.3.1+st.2/lib/gcc/arm-none-eabi/14.3.1/include/arm_mve.h ****   return __builtin_mve_vddupq_m_n_uv8hi (__inactive, __a, __imm, __p);
2219:/home/min/snap/code/229/.local/share/stm32cube/bundles/gnu-tools-for-stm32/14.3.1+st.2/lib/gcc/arm-none-eabi/14.3.1/include/arm_mve.h **** }
2220:/home/min/snap/code/229/.local/share/stm32cube/bundles/gnu-tools-for-stm32/14.3.1+st.2/lib/gcc/arm-none-eabi/14.3.1/include/arm_mve.h **** 
2221:/home/min/snap/code/229/.local/share/stm32cube/bundles/gnu-tools-for-stm32/14.3.1+st.2/lib/gcc/arm-none-eabi/14.3.1/include/arm_mve.h **** __extension__ extern __inline uint8x16_t
2222:/home/min/snap/code/229/.local/share/stm32cube/bundles/gnu-tools-for-stm32/14.3.1+st.2/lib/gcc/arm-none-eabi/14.3.1/include/arm_mve.h **** __attribute__ ((__always_inline__, __gnu_inline__, __artificial__))
2223:/home/min/snap/code/229/.local/share/stm32cube/bundles/gnu-tools-for-stm32/14.3.1+st.2/lib/gcc/arm-none-eabi/14.3.1/include/arm_mve.h **** __arm_vddupq_m_wb_u8 (uint8x16_t __inactive, uint32_t * __a, const int __imm, mve_pred16_t __p)
2224:/home/min/snap/code/229/.local/share/stm32cube/bundles/gnu-tools-for-stm32/14.3.1+st.2/lib/gcc/arm-none-eabi/14.3.1/include/arm_mve.h **** {
2225:/home/min/snap/code/229/.local/share/stm32cube/bundles/gnu-tools-for-stm32/14.3.1+st.2/lib/gcc/arm-none-eabi/14.3.1/include/arm_mve.h ****   uint8x16_t __res = __builtin_mve_vddupq_m_n_uv16qi (__inactive, * __a, __imm, __p);
2226:/home/min/snap/code/229/.local/share/stm32cube/bundles/gnu-tools-for-stm32/14.3.1+st.2/lib/gcc/arm-none-eabi/14.3.1/include/arm_mve.h ****   *__a -= __imm * 16u;
2227:/home/min/snap/code/229/.local/share/stm32cube/bundles/gnu-tools-for-stm32/14.3.1+st.2/lib/gcc/arm-none-eabi/14.3.1/include/arm_mve.h ****   return __res;
2228:/home/min/snap/code/229/.local/share/stm32cube/bundles/gnu-tools-for-stm32/14.3.1+st.2/lib/gcc/arm-none-eabi/14.3.1/include/arm_mve.h **** }
2229:/home/min/snap/code/229/.local/share/stm32cube/bundles/gnu-tools-for-stm32/14.3.1+st.2/lib/gcc/arm-none-eabi/14.3.1/include/arm_mve.h **** 
2230:/home/min/snap/code/229/.local/share/stm32cube/bundles/gnu-tools-for-stm32/14.3.1+st.2/lib/gcc/arm-none-eabi/14.3.1/include/arm_mve.h **** __extension__ extern __inline uint16x8_t
2231:/home/min/snap/code/229/.local/share/stm32cube/bundles/gnu-tools-for-stm32/14.3.1+st.2/lib/gcc/arm-none-eabi/14.3.1/include/arm_mve.h **** __attribute__ ((__always_inline__, __gnu_inline__, __artificial__))
2232:/home/min/snap/code/229/.local/share/stm32cube/bundles/gnu-tools-for-stm32/14.3.1+st.2/lib/gcc/arm-none-eabi/14.3.1/include/arm_mve.h **** __arm_vddupq_m_wb_u16 (uint16x8_t __inactive, uint32_t * __a, const int __imm, mve_pred16_t __p)
2233:/home/min/snap/code/229/.local/share/stm32cube/bundles/gnu-tools-for-stm32/14.3.1+st.2/lib/gcc/arm-none-eabi/14.3.1/include/arm_mve.h **** {
2234:/home/min/snap/code/229/.local/share/stm32cube/bundles/gnu-tools-for-stm32/14.3.1+st.2/lib/gcc/arm-none-eabi/14.3.1/include/arm_mve.h ****   uint16x8_t __res = __builtin_mve_vddupq_m_n_uv8hi (__inactive, *__a, __imm, __p);
2235:/home/min/snap/code/229/.local/share/stm32cube/bundles/gnu-tools-for-stm32/14.3.1+st.2/lib/gcc/arm-none-eabi/14.3.1/include/arm_mve.h ****   *__a -= __imm * 8u;
2236:/home/min/snap/code/229/.local/share/stm32cube/bundles/gnu-tools-for-stm32/14.3.1+st.2/lib/gcc/arm-none-eabi/14.3.1/include/arm_mve.h ****   return __res;
2237:/home/min/snap/code/229/.local/share/stm32cube/bundles/gnu-tools-for-stm32/14.3.1+st.2/lib/gcc/arm-none-eabi/14.3.1/include/arm_mve.h **** }
2238:/home/min/snap/code/229/.local/share/stm32cube/bundles/gnu-tools-for-stm32/14.3.1+st.2/lib/gcc/arm-none-eabi/14.3.1/include/arm_mve.h **** 
2239:/home/min/snap/code/229/.local/share/stm32cube/bundles/gnu-tools-for-stm32/14.3.1+st.2/lib/gcc/arm-none-eabi/14.3.1/include/arm_mve.h **** __extension__ extern __inline uint32x4_t
2240:/home/min/snap/code/229/.local/share/stm32cube/bundles/gnu-tools-for-stm32/14.3.1+st.2/lib/gcc/arm-none-eabi/14.3.1/include/arm_mve.h **** __attribute__ ((__always_inline__, __gnu_inline__, __artificial__))
ARM GAS  /tmp/cc66eICS.s 			page 53


2241:/home/min/snap/code/229/.local/share/stm32cube/bundles/gnu-tools-for-stm32/14.3.1+st.2/lib/gcc/arm-none-eabi/14.3.1/include/arm_mve.h **** __arm_vddupq_m_wb_u32 (uint32x4_t __inactive, uint32_t * __a, const int __imm, mve_pred16_t __p)
2242:/home/min/snap/code/229/.local/share/stm32cube/bundles/gnu-tools-for-stm32/14.3.1+st.2/lib/gcc/arm-none-eabi/14.3.1/include/arm_mve.h **** {
2243:/home/min/snap/code/229/.local/share/stm32cube/bundles/gnu-tools-for-stm32/14.3.1+st.2/lib/gcc/arm-none-eabi/14.3.1/include/arm_mve.h ****   uint32x4_t __res = __builtin_mve_vddupq_m_n_uv4si (__inactive, *__a, __imm, __p);
2244:/home/min/snap/code/229/.local/share/stm32cube/bundles/gnu-tools-for-stm32/14.3.1+st.2/lib/gcc/arm-none-eabi/14.3.1/include/arm_mve.h ****   *__a -= __imm * 4u;
2245:/home/min/snap/code/229/.local/share/stm32cube/bundles/gnu-tools-for-stm32/14.3.1+st.2/lib/gcc/arm-none-eabi/14.3.1/include/arm_mve.h ****   return __res;
2246:/home/min/snap/code/229/.local/share/stm32cube/bundles/gnu-tools-for-stm32/14.3.1+st.2/lib/gcc/arm-none-eabi/14.3.1/include/arm_mve.h **** }
2247:/home/min/snap/code/229/.local/share/stm32cube/bundles/gnu-tools-for-stm32/14.3.1+st.2/lib/gcc/arm-none-eabi/14.3.1/include/arm_mve.h **** 
2248:/home/min/snap/code/229/.local/share/stm32cube/bundles/gnu-tools-for-stm32/14.3.1+st.2/lib/gcc/arm-none-eabi/14.3.1/include/arm_mve.h **** __extension__ extern __inline uint8x16_t
2249:/home/min/snap/code/229/.local/share/stm32cube/bundles/gnu-tools-for-stm32/14.3.1+st.2/lib/gcc/arm-none-eabi/14.3.1/include/arm_mve.h **** __attribute__ ((__always_inline__, __gnu_inline__, __artificial__))
2250:/home/min/snap/code/229/.local/share/stm32cube/bundles/gnu-tools-for-stm32/14.3.1+st.2/lib/gcc/arm-none-eabi/14.3.1/include/arm_mve.h **** __arm_vddupq_n_u8 (uint32_t __a, const int __imm)
2251:/home/min/snap/code/229/.local/share/stm32cube/bundles/gnu-tools-for-stm32/14.3.1+st.2/lib/gcc/arm-none-eabi/14.3.1/include/arm_mve.h **** {
2252:/home/min/snap/code/229/.local/share/stm32cube/bundles/gnu-tools-for-stm32/14.3.1+st.2/lib/gcc/arm-none-eabi/14.3.1/include/arm_mve.h ****   return __builtin_mve_vddupq_n_uv16qi (__a, __imm);
2253:/home/min/snap/code/229/.local/share/stm32cube/bundles/gnu-tools-for-stm32/14.3.1+st.2/lib/gcc/arm-none-eabi/14.3.1/include/arm_mve.h **** }
2254:/home/min/snap/code/229/.local/share/stm32cube/bundles/gnu-tools-for-stm32/14.3.1+st.2/lib/gcc/arm-none-eabi/14.3.1/include/arm_mve.h **** 
2255:/home/min/snap/code/229/.local/share/stm32cube/bundles/gnu-tools-for-stm32/14.3.1+st.2/lib/gcc/arm-none-eabi/14.3.1/include/arm_mve.h **** __extension__ extern __inline uint32x4_t
2256:/home/min/snap/code/229/.local/share/stm32cube/bundles/gnu-tools-for-stm32/14.3.1+st.2/lib/gcc/arm-none-eabi/14.3.1/include/arm_mve.h **** __attribute__ ((__always_inline__, __gnu_inline__, __artificial__))
2257:/home/min/snap/code/229/.local/share/stm32cube/bundles/gnu-tools-for-stm32/14.3.1+st.2/lib/gcc/arm-none-eabi/14.3.1/include/arm_mve.h **** __arm_vddupq_n_u32 (uint32_t __a, const int __imm)
2258:/home/min/snap/code/229/.local/share/stm32cube/bundles/gnu-tools-for-stm32/14.3.1+st.2/lib/gcc/arm-none-eabi/14.3.1/include/arm_mve.h **** {
2259:/home/min/snap/code/229/.local/share/stm32cube/bundles/gnu-tools-for-stm32/14.3.1+st.2/lib/gcc/arm-none-eabi/14.3.1/include/arm_mve.h ****   return __builtin_mve_vddupq_n_uv4si (__a, __imm);
2260:/home/min/snap/code/229/.local/share/stm32cube/bundles/gnu-tools-for-stm32/14.3.1+st.2/lib/gcc/arm-none-eabi/14.3.1/include/arm_mve.h **** }
2261:/home/min/snap/code/229/.local/share/stm32cube/bundles/gnu-tools-for-stm32/14.3.1+st.2/lib/gcc/arm-none-eabi/14.3.1/include/arm_mve.h **** 
2262:/home/min/snap/code/229/.local/share/stm32cube/bundles/gnu-tools-for-stm32/14.3.1+st.2/lib/gcc/arm-none-eabi/14.3.1/include/arm_mve.h **** __extension__ extern __inline uint16x8_t
2263:/home/min/snap/code/229/.local/share/stm32cube/bundles/gnu-tools-for-stm32/14.3.1+st.2/lib/gcc/arm-none-eabi/14.3.1/include/arm_mve.h **** __attribute__ ((__always_inline__, __gnu_inline__, __artificial__))
2264:/home/min/snap/code/229/.local/share/stm32cube/bundles/gnu-tools-for-stm32/14.3.1+st.2/lib/gcc/arm-none-eabi/14.3.1/include/arm_mve.h **** __arm_vddupq_n_u16 (uint32_t __a, const int __imm)
2265:/home/min/snap/code/229/.local/share/stm32cube/bundles/gnu-tools-for-stm32/14.3.1+st.2/lib/gcc/arm-none-eabi/14.3.1/include/arm_mve.h **** {
2266:/home/min/snap/code/229/.local/share/stm32cube/bundles/gnu-tools-for-stm32/14.3.1+st.2/lib/gcc/arm-none-eabi/14.3.1/include/arm_mve.h ****   return __builtin_mve_vddupq_n_uv8hi (__a, __imm);
2267:/home/min/snap/code/229/.local/share/stm32cube/bundles/gnu-tools-for-stm32/14.3.1+st.2/lib/gcc/arm-none-eabi/14.3.1/include/arm_mve.h **** }
2268:/home/min/snap/code/229/.local/share/stm32cube/bundles/gnu-tools-for-stm32/14.3.1+st.2/lib/gcc/arm-none-eabi/14.3.1/include/arm_mve.h **** 
2269:/home/min/snap/code/229/.local/share/stm32cube/bundles/gnu-tools-for-stm32/14.3.1+st.2/lib/gcc/arm-none-eabi/14.3.1/include/arm_mve.h **** __extension__ extern __inline uint8x16_t
2270:/home/min/snap/code/229/.local/share/stm32cube/bundles/gnu-tools-for-stm32/14.3.1+st.2/lib/gcc/arm-none-eabi/14.3.1/include/arm_mve.h **** __attribute__ ((__always_inline__, __gnu_inline__, __artificial__))
2271:/home/min/snap/code/229/.local/share/stm32cube/bundles/gnu-tools-for-stm32/14.3.1+st.2/lib/gcc/arm-none-eabi/14.3.1/include/arm_mve.h **** __arm_vdwdupq_m_n_u8 (uint8x16_t __inactive, uint32_t __a, uint32_t __b, const int __imm, mve_pred1
2272:/home/min/snap/code/229/.local/share/stm32cube/bundles/gnu-tools-for-stm32/14.3.1+st.2/lib/gcc/arm-none-eabi/14.3.1/include/arm_mve.h **** {
2273:/home/min/snap/code/229/.local/share/stm32cube/bundles/gnu-tools-for-stm32/14.3.1+st.2/lib/gcc/arm-none-eabi/14.3.1/include/arm_mve.h ****   uint64_t __c = ((uint64_t) __b) << 32;
2274:/home/min/snap/code/229/.local/share/stm32cube/bundles/gnu-tools-for-stm32/14.3.1+st.2/lib/gcc/arm-none-eabi/14.3.1/include/arm_mve.h ****   return __builtin_mve_vdwdupq_m_n_uv16qi (__inactive, __a, __c, __imm, __p);
2275:/home/min/snap/code/229/.local/share/stm32cube/bundles/gnu-tools-for-stm32/14.3.1+st.2/lib/gcc/arm-none-eabi/14.3.1/include/arm_mve.h **** }
2276:/home/min/snap/code/229/.local/share/stm32cube/bundles/gnu-tools-for-stm32/14.3.1+st.2/lib/gcc/arm-none-eabi/14.3.1/include/arm_mve.h **** 
2277:/home/min/snap/code/229/.local/share/stm32cube/bundles/gnu-tools-for-stm32/14.3.1+st.2/lib/gcc/arm-none-eabi/14.3.1/include/arm_mve.h **** __extension__ extern __inline uint32x4_t
2278:/home/min/snap/code/229/.local/share/stm32cube/bundles/gnu-tools-for-stm32/14.3.1+st.2/lib/gcc/arm-none-eabi/14.3.1/include/arm_mve.h **** __attribute__ ((__always_inline__, __gnu_inline__, __artificial__))
2279:/home/min/snap/code/229/.local/share/stm32cube/bundles/gnu-tools-for-stm32/14.3.1+st.2/lib/gcc/arm-none-eabi/14.3.1/include/arm_mve.h **** __arm_vdwdupq_m_n_u32 (uint32x4_t __inactive, uint32_t __a, uint32_t __b, const int __imm, mve_pred
2280:/home/min/snap/code/229/.local/share/stm32cube/bundles/gnu-tools-for-stm32/14.3.1+st.2/lib/gcc/arm-none-eabi/14.3.1/include/arm_mve.h **** {
2281:/home/min/snap/code/229/.local/share/stm32cube/bundles/gnu-tools-for-stm32/14.3.1+st.2/lib/gcc/arm-none-eabi/14.3.1/include/arm_mve.h ****   uint64_t __c = ((uint64_t) __b) << 32;
2282:/home/min/snap/code/229/.local/share/stm32cube/bundles/gnu-tools-for-stm32/14.3.1+st.2/lib/gcc/arm-none-eabi/14.3.1/include/arm_mve.h ****   return __builtin_mve_vdwdupq_m_n_uv4si (__inactive, __a, __c, __imm, __p);
2283:/home/min/snap/code/229/.local/share/stm32cube/bundles/gnu-tools-for-stm32/14.3.1+st.2/lib/gcc/arm-none-eabi/14.3.1/include/arm_mve.h **** }
2284:/home/min/snap/code/229/.local/share/stm32cube/bundles/gnu-tools-for-stm32/14.3.1+st.2/lib/gcc/arm-none-eabi/14.3.1/include/arm_mve.h **** 
2285:/home/min/snap/code/229/.local/share/stm32cube/bundles/gnu-tools-for-stm32/14.3.1+st.2/lib/gcc/arm-none-eabi/14.3.1/include/arm_mve.h **** __extension__ extern __inline uint16x8_t
2286:/home/min/snap/code/229/.local/share/stm32cube/bundles/gnu-tools-for-stm32/14.3.1+st.2/lib/gcc/arm-none-eabi/14.3.1/include/arm_mve.h **** __attribute__ ((__always_inline__, __gnu_inline__, __artificial__))
2287:/home/min/snap/code/229/.local/share/stm32cube/bundles/gnu-tools-for-stm32/14.3.1+st.2/lib/gcc/arm-none-eabi/14.3.1/include/arm_mve.h **** __arm_vdwdupq_m_n_u16 (uint16x8_t __inactive, uint32_t __a, uint32_t __b, const int __imm, mve_pred
2288:/home/min/snap/code/229/.local/share/stm32cube/bundles/gnu-tools-for-stm32/14.3.1+st.2/lib/gcc/arm-none-eabi/14.3.1/include/arm_mve.h **** {
2289:/home/min/snap/code/229/.local/share/stm32cube/bundles/gnu-tools-for-stm32/14.3.1+st.2/lib/gcc/arm-none-eabi/14.3.1/include/arm_mve.h ****   uint64_t __c = ((uint64_t) __b) << 32;
2290:/home/min/snap/code/229/.local/share/stm32cube/bundles/gnu-tools-for-stm32/14.3.1+st.2/lib/gcc/arm-none-eabi/14.3.1/include/arm_mve.h ****   return __builtin_mve_vdwdupq_m_n_uv8hi (__inactive, __a, __c, __imm, __p);
2291:/home/min/snap/code/229/.local/share/stm32cube/bundles/gnu-tools-for-stm32/14.3.1+st.2/lib/gcc/arm-none-eabi/14.3.1/include/arm_mve.h **** }
2292:/home/min/snap/code/229/.local/share/stm32cube/bundles/gnu-tools-for-stm32/14.3.1+st.2/lib/gcc/arm-none-eabi/14.3.1/include/arm_mve.h **** 
2293:/home/min/snap/code/229/.local/share/stm32cube/bundles/gnu-tools-for-stm32/14.3.1+st.2/lib/gcc/arm-none-eabi/14.3.1/include/arm_mve.h **** __extension__ extern __inline uint8x16_t
2294:/home/min/snap/code/229/.local/share/stm32cube/bundles/gnu-tools-for-stm32/14.3.1+st.2/lib/gcc/arm-none-eabi/14.3.1/include/arm_mve.h **** __attribute__ ((__always_inline__, __gnu_inline__, __artificial__))
2295:/home/min/snap/code/229/.local/share/stm32cube/bundles/gnu-tools-for-stm32/14.3.1+st.2/lib/gcc/arm-none-eabi/14.3.1/include/arm_mve.h **** __arm_vdwdupq_m_wb_u8 (uint8x16_t __inactive, uint32_t * __a, uint32_t __b, const int __imm, mve_pr
2296:/home/min/snap/code/229/.local/share/stm32cube/bundles/gnu-tools-for-stm32/14.3.1+st.2/lib/gcc/arm-none-eabi/14.3.1/include/arm_mve.h **** {
2297:/home/min/snap/code/229/.local/share/stm32cube/bundles/gnu-tools-for-stm32/14.3.1+st.2/lib/gcc/arm-none-eabi/14.3.1/include/arm_mve.h ****   uint64_t __c = ((uint64_t) __b) << 32;
ARM GAS  /tmp/cc66eICS.s 			page 54


2298:/home/min/snap/code/229/.local/share/stm32cube/bundles/gnu-tools-for-stm32/14.3.1+st.2/lib/gcc/arm-none-eabi/14.3.1/include/arm_mve.h ****   uint8x16_t __res =  __builtin_mve_vdwdupq_m_n_uv16qi (__inactive, *__a, __c, __imm, __p);
2299:/home/min/snap/code/229/.local/share/stm32cube/bundles/gnu-tools-for-stm32/14.3.1+st.2/lib/gcc/arm-none-eabi/14.3.1/include/arm_mve.h ****   *__a = __builtin_mve_vdwdupq_m_wb_uv16qi (__inactive, *__a, __c, __imm, __p);
2300:/home/min/snap/code/229/.local/share/stm32cube/bundles/gnu-tools-for-stm32/14.3.1+st.2/lib/gcc/arm-none-eabi/14.3.1/include/arm_mve.h ****   return __res;
2301:/home/min/snap/code/229/.local/share/stm32cube/bundles/gnu-tools-for-stm32/14.3.1+st.2/lib/gcc/arm-none-eabi/14.3.1/include/arm_mve.h **** }
2302:/home/min/snap/code/229/.local/share/stm32cube/bundles/gnu-tools-for-stm32/14.3.1+st.2/lib/gcc/arm-none-eabi/14.3.1/include/arm_mve.h **** 
2303:/home/min/snap/code/229/.local/share/stm32cube/bundles/gnu-tools-for-stm32/14.3.1+st.2/lib/gcc/arm-none-eabi/14.3.1/include/arm_mve.h **** __extension__ extern __inline uint32x4_t
2304:/home/min/snap/code/229/.local/share/stm32cube/bundles/gnu-tools-for-stm32/14.3.1+st.2/lib/gcc/arm-none-eabi/14.3.1/include/arm_mve.h **** __attribute__ ((__always_inline__, __gnu_inline__, __artificial__))
2305:/home/min/snap/code/229/.local/share/stm32cube/bundles/gnu-tools-for-stm32/14.3.1+st.2/lib/gcc/arm-none-eabi/14.3.1/include/arm_mve.h **** __arm_vdwdupq_m_wb_u32 (uint32x4_t __inactive, uint32_t * __a, uint32_t __b, const int __imm, mve_p
2306:/home/min/snap/code/229/.local/share/stm32cube/bundles/gnu-tools-for-stm32/14.3.1+st.2/lib/gcc/arm-none-eabi/14.3.1/include/arm_mve.h **** {
2307:/home/min/snap/code/229/.local/share/stm32cube/bundles/gnu-tools-for-stm32/14.3.1+st.2/lib/gcc/arm-none-eabi/14.3.1/include/arm_mve.h ****   uint64_t __c = ((uint64_t) __b) << 32;
2308:/home/min/snap/code/229/.local/share/stm32cube/bundles/gnu-tools-for-stm32/14.3.1+st.2/lib/gcc/arm-none-eabi/14.3.1/include/arm_mve.h ****   uint32x4_t __res =  __builtin_mve_vdwdupq_m_n_uv4si (__inactive, *__a, __c, __imm, __p);
2309:/home/min/snap/code/229/.local/share/stm32cube/bundles/gnu-tools-for-stm32/14.3.1+st.2/lib/gcc/arm-none-eabi/14.3.1/include/arm_mve.h ****   *__a = __builtin_mve_vdwdupq_m_wb_uv4si (__inactive, *__a, __c, __imm, __p);
2310:/home/min/snap/code/229/.local/share/stm32cube/bundles/gnu-tools-for-stm32/14.3.1+st.2/lib/gcc/arm-none-eabi/14.3.1/include/arm_mve.h ****   return __res;
2311:/home/min/snap/code/229/.local/share/stm32cube/bundles/gnu-tools-for-stm32/14.3.1+st.2/lib/gcc/arm-none-eabi/14.3.1/include/arm_mve.h **** }
2312:/home/min/snap/code/229/.local/share/stm32cube/bundles/gnu-tools-for-stm32/14.3.1+st.2/lib/gcc/arm-none-eabi/14.3.1/include/arm_mve.h **** 
2313:/home/min/snap/code/229/.local/share/stm32cube/bundles/gnu-tools-for-stm32/14.3.1+st.2/lib/gcc/arm-none-eabi/14.3.1/include/arm_mve.h **** __extension__ extern __inline uint16x8_t
2314:/home/min/snap/code/229/.local/share/stm32cube/bundles/gnu-tools-for-stm32/14.3.1+st.2/lib/gcc/arm-none-eabi/14.3.1/include/arm_mve.h **** __attribute__ ((__always_inline__, __gnu_inline__, __artificial__))
2315:/home/min/snap/code/229/.local/share/stm32cube/bundles/gnu-tools-for-stm32/14.3.1+st.2/lib/gcc/arm-none-eabi/14.3.1/include/arm_mve.h **** __arm_vdwdupq_m_wb_u16 (uint16x8_t __inactive, uint32_t * __a, uint32_t __b, const int __imm, mve_p
2316:/home/min/snap/code/229/.local/share/stm32cube/bundles/gnu-tools-for-stm32/14.3.1+st.2/lib/gcc/arm-none-eabi/14.3.1/include/arm_mve.h **** {
2317:/home/min/snap/code/229/.local/share/stm32cube/bundles/gnu-tools-for-stm32/14.3.1+st.2/lib/gcc/arm-none-eabi/14.3.1/include/arm_mve.h ****   uint64_t __c = ((uint64_t) __b) << 32;
2318:/home/min/snap/code/229/.local/share/stm32cube/bundles/gnu-tools-for-stm32/14.3.1+st.2/lib/gcc/arm-none-eabi/14.3.1/include/arm_mve.h ****   uint16x8_t __res =  __builtin_mve_vdwdupq_m_n_uv8hi (__inactive, *__a, __c, __imm, __p);
2319:/home/min/snap/code/229/.local/share/stm32cube/bundles/gnu-tools-for-stm32/14.3.1+st.2/lib/gcc/arm-none-eabi/14.3.1/include/arm_mve.h ****   *__a = __builtin_mve_vdwdupq_m_wb_uv8hi (__inactive, *__a, __c, __imm, __p);
2320:/home/min/snap/code/229/.local/share/stm32cube/bundles/gnu-tools-for-stm32/14.3.1+st.2/lib/gcc/arm-none-eabi/14.3.1/include/arm_mve.h ****   return __res;
2321:/home/min/snap/code/229/.local/share/stm32cube/bundles/gnu-tools-for-stm32/14.3.1+st.2/lib/gcc/arm-none-eabi/14.3.1/include/arm_mve.h **** }
2322:/home/min/snap/code/229/.local/share/stm32cube/bundles/gnu-tools-for-stm32/14.3.1+st.2/lib/gcc/arm-none-eabi/14.3.1/include/arm_mve.h **** 
2323:/home/min/snap/code/229/.local/share/stm32cube/bundles/gnu-tools-for-stm32/14.3.1+st.2/lib/gcc/arm-none-eabi/14.3.1/include/arm_mve.h **** __extension__ extern __inline uint8x16_t
2324:/home/min/snap/code/229/.local/share/stm32cube/bundles/gnu-tools-for-stm32/14.3.1+st.2/lib/gcc/arm-none-eabi/14.3.1/include/arm_mve.h **** __attribute__ ((__always_inline__, __gnu_inline__, __artificial__))
2325:/home/min/snap/code/229/.local/share/stm32cube/bundles/gnu-tools-for-stm32/14.3.1+st.2/lib/gcc/arm-none-eabi/14.3.1/include/arm_mve.h **** __arm_vdwdupq_n_u8 (uint32_t __a, uint32_t __b, const int __imm)
2326:/home/min/snap/code/229/.local/share/stm32cube/bundles/gnu-tools-for-stm32/14.3.1+st.2/lib/gcc/arm-none-eabi/14.3.1/include/arm_mve.h **** {
2327:/home/min/snap/code/229/.local/share/stm32cube/bundles/gnu-tools-for-stm32/14.3.1+st.2/lib/gcc/arm-none-eabi/14.3.1/include/arm_mve.h ****   uint64_t __c = ((uint64_t) __b) << 32;
2328:/home/min/snap/code/229/.local/share/stm32cube/bundles/gnu-tools-for-stm32/14.3.1+st.2/lib/gcc/arm-none-eabi/14.3.1/include/arm_mve.h ****   return __builtin_mve_vdwdupq_n_uv16qi (__a, __c, __imm);
2329:/home/min/snap/code/229/.local/share/stm32cube/bundles/gnu-tools-for-stm32/14.3.1+st.2/lib/gcc/arm-none-eabi/14.3.1/include/arm_mve.h **** }
2330:/home/min/snap/code/229/.local/share/stm32cube/bundles/gnu-tools-for-stm32/14.3.1+st.2/lib/gcc/arm-none-eabi/14.3.1/include/arm_mve.h **** 
2331:/home/min/snap/code/229/.local/share/stm32cube/bundles/gnu-tools-for-stm32/14.3.1+st.2/lib/gcc/arm-none-eabi/14.3.1/include/arm_mve.h **** __extension__ extern __inline uint32x4_t
2332:/home/min/snap/code/229/.local/share/stm32cube/bundles/gnu-tools-for-stm32/14.3.1+st.2/lib/gcc/arm-none-eabi/14.3.1/include/arm_mve.h **** __attribute__ ((__always_inline__, __gnu_inline__, __artificial__))
2333:/home/min/snap/code/229/.local/share/stm32cube/bundles/gnu-tools-for-stm32/14.3.1+st.2/lib/gcc/arm-none-eabi/14.3.1/include/arm_mve.h **** __arm_vdwdupq_n_u32 (uint32_t __a, uint32_t __b, const int __imm)
2334:/home/min/snap/code/229/.local/share/stm32cube/bundles/gnu-tools-for-stm32/14.3.1+st.2/lib/gcc/arm-none-eabi/14.3.1/include/arm_mve.h **** {
2335:/home/min/snap/code/229/.local/share/stm32cube/bundles/gnu-tools-for-stm32/14.3.1+st.2/lib/gcc/arm-none-eabi/14.3.1/include/arm_mve.h ****   uint64_t __c = ((uint64_t) __b) << 32;
2336:/home/min/snap/code/229/.local/share/stm32cube/bundles/gnu-tools-for-stm32/14.3.1+st.2/lib/gcc/arm-none-eabi/14.3.1/include/arm_mve.h ****   return __builtin_mve_vdwdupq_n_uv4si (__a, __c, __imm);
2337:/home/min/snap/code/229/.local/share/stm32cube/bundles/gnu-tools-for-stm32/14.3.1+st.2/lib/gcc/arm-none-eabi/14.3.1/include/arm_mve.h **** }
2338:/home/min/snap/code/229/.local/share/stm32cube/bundles/gnu-tools-for-stm32/14.3.1+st.2/lib/gcc/arm-none-eabi/14.3.1/include/arm_mve.h **** 
2339:/home/min/snap/code/229/.local/share/stm32cube/bundles/gnu-tools-for-stm32/14.3.1+st.2/lib/gcc/arm-none-eabi/14.3.1/include/arm_mve.h **** __extension__ extern __inline uint16x8_t
2340:/home/min/snap/code/229/.local/share/stm32cube/bundles/gnu-tools-for-stm32/14.3.1+st.2/lib/gcc/arm-none-eabi/14.3.1/include/arm_mve.h **** __attribute__ ((__always_inline__, __gnu_inline__, __artificial__))
2341:/home/min/snap/code/229/.local/share/stm32cube/bundles/gnu-tools-for-stm32/14.3.1+st.2/lib/gcc/arm-none-eabi/14.3.1/include/arm_mve.h **** __arm_vdwdupq_n_u16 (uint32_t __a, uint32_t __b, const int __imm)
2342:/home/min/snap/code/229/.local/share/stm32cube/bundles/gnu-tools-for-stm32/14.3.1+st.2/lib/gcc/arm-none-eabi/14.3.1/include/arm_mve.h **** {
2343:/home/min/snap/code/229/.local/share/stm32cube/bundles/gnu-tools-for-stm32/14.3.1+st.2/lib/gcc/arm-none-eabi/14.3.1/include/arm_mve.h ****   uint64_t __c = ((uint64_t) __b) << 32;
2344:/home/min/snap/code/229/.local/share/stm32cube/bundles/gnu-tools-for-stm32/14.3.1+st.2/lib/gcc/arm-none-eabi/14.3.1/include/arm_mve.h ****   return __builtin_mve_vdwdupq_n_uv8hi (__a, __c, __imm);
2345:/home/min/snap/code/229/.local/share/stm32cube/bundles/gnu-tools-for-stm32/14.3.1+st.2/lib/gcc/arm-none-eabi/14.3.1/include/arm_mve.h **** }
2346:/home/min/snap/code/229/.local/share/stm32cube/bundles/gnu-tools-for-stm32/14.3.1+st.2/lib/gcc/arm-none-eabi/14.3.1/include/arm_mve.h **** 
2347:/home/min/snap/code/229/.local/share/stm32cube/bundles/gnu-tools-for-stm32/14.3.1+st.2/lib/gcc/arm-none-eabi/14.3.1/include/arm_mve.h **** __extension__ extern __inline uint8x16_t
2348:/home/min/snap/code/229/.local/share/stm32cube/bundles/gnu-tools-for-stm32/14.3.1+st.2/lib/gcc/arm-none-eabi/14.3.1/include/arm_mve.h **** __attribute__ ((__always_inline__, __gnu_inline__, __artificial__))
2349:/home/min/snap/code/229/.local/share/stm32cube/bundles/gnu-tools-for-stm32/14.3.1+st.2/lib/gcc/arm-none-eabi/14.3.1/include/arm_mve.h **** __arm_vdwdupq_wb_u8 (uint32_t * __a, uint32_t __b, const int __imm)
2350:/home/min/snap/code/229/.local/share/stm32cube/bundles/gnu-tools-for-stm32/14.3.1+st.2/lib/gcc/arm-none-eabi/14.3.1/include/arm_mve.h **** {
2351:/home/min/snap/code/229/.local/share/stm32cube/bundles/gnu-tools-for-stm32/14.3.1+st.2/lib/gcc/arm-none-eabi/14.3.1/include/arm_mve.h ****   uint64_t __c = ((uint64_t) __b) << 32;
2352:/home/min/snap/code/229/.local/share/stm32cube/bundles/gnu-tools-for-stm32/14.3.1+st.2/lib/gcc/arm-none-eabi/14.3.1/include/arm_mve.h ****   uint8x16_t __res = __builtin_mve_vdwdupq_n_uv16qi (*__a, __c, __imm);
2353:/home/min/snap/code/229/.local/share/stm32cube/bundles/gnu-tools-for-stm32/14.3.1+st.2/lib/gcc/arm-none-eabi/14.3.1/include/arm_mve.h ****   *__a = __builtin_mve_vdwdupq_wb_uv16qi (*__a, __c, __imm);
2354:/home/min/snap/code/229/.local/share/stm32cube/bundles/gnu-tools-for-stm32/14.3.1+st.2/lib/gcc/arm-none-eabi/14.3.1/include/arm_mve.h ****   return __res;
ARM GAS  /tmp/cc66eICS.s 			page 55


2355:/home/min/snap/code/229/.local/share/stm32cube/bundles/gnu-tools-for-stm32/14.3.1+st.2/lib/gcc/arm-none-eabi/14.3.1/include/arm_mve.h **** }
2356:/home/min/snap/code/229/.local/share/stm32cube/bundles/gnu-tools-for-stm32/14.3.1+st.2/lib/gcc/arm-none-eabi/14.3.1/include/arm_mve.h **** 
2357:/home/min/snap/code/229/.local/share/stm32cube/bundles/gnu-tools-for-stm32/14.3.1+st.2/lib/gcc/arm-none-eabi/14.3.1/include/arm_mve.h **** __extension__ extern __inline uint32x4_t
2358:/home/min/snap/code/229/.local/share/stm32cube/bundles/gnu-tools-for-stm32/14.3.1+st.2/lib/gcc/arm-none-eabi/14.3.1/include/arm_mve.h **** __attribute__ ((__always_inline__, __gnu_inline__, __artificial__))
2359:/home/min/snap/code/229/.local/share/stm32cube/bundles/gnu-tools-for-stm32/14.3.1+st.2/lib/gcc/arm-none-eabi/14.3.1/include/arm_mve.h **** __arm_vdwdupq_wb_u32 (uint32_t * __a, uint32_t __b, const int __imm)
2360:/home/min/snap/code/229/.local/share/stm32cube/bundles/gnu-tools-for-stm32/14.3.1+st.2/lib/gcc/arm-none-eabi/14.3.1/include/arm_mve.h **** {
2361:/home/min/snap/code/229/.local/share/stm32cube/bundles/gnu-tools-for-stm32/14.3.1+st.2/lib/gcc/arm-none-eabi/14.3.1/include/arm_mve.h ****   uint64_t __c = ((uint64_t) __b) << 32;
2362:/home/min/snap/code/229/.local/share/stm32cube/bundles/gnu-tools-for-stm32/14.3.1+st.2/lib/gcc/arm-none-eabi/14.3.1/include/arm_mve.h ****   uint32x4_t __res = __builtin_mve_vdwdupq_n_uv4si (*__a, __c, __imm);
2363:/home/min/snap/code/229/.local/share/stm32cube/bundles/gnu-tools-for-stm32/14.3.1+st.2/lib/gcc/arm-none-eabi/14.3.1/include/arm_mve.h ****   *__a = __builtin_mve_vdwdupq_wb_uv4si (*__a, __c, __imm);
2364:/home/min/snap/code/229/.local/share/stm32cube/bundles/gnu-tools-for-stm32/14.3.1+st.2/lib/gcc/arm-none-eabi/14.3.1/include/arm_mve.h ****   return __res;
2365:/home/min/snap/code/229/.local/share/stm32cube/bundles/gnu-tools-for-stm32/14.3.1+st.2/lib/gcc/arm-none-eabi/14.3.1/include/arm_mve.h **** }
2366:/home/min/snap/code/229/.local/share/stm32cube/bundles/gnu-tools-for-stm32/14.3.1+st.2/lib/gcc/arm-none-eabi/14.3.1/include/arm_mve.h **** 
2367:/home/min/snap/code/229/.local/share/stm32cube/bundles/gnu-tools-for-stm32/14.3.1+st.2/lib/gcc/arm-none-eabi/14.3.1/include/arm_mve.h **** __extension__ extern __inline uint16x8_t
2368:/home/min/snap/code/229/.local/share/stm32cube/bundles/gnu-tools-for-stm32/14.3.1+st.2/lib/gcc/arm-none-eabi/14.3.1/include/arm_mve.h **** __attribute__ ((__always_inline__, __gnu_inline__, __artificial__))
2369:/home/min/snap/code/229/.local/share/stm32cube/bundles/gnu-tools-for-stm32/14.3.1+st.2/lib/gcc/arm-none-eabi/14.3.1/include/arm_mve.h **** __arm_vdwdupq_wb_u16 (uint32_t * __a, uint32_t __b, const int __imm)
2370:/home/min/snap/code/229/.local/share/stm32cube/bundles/gnu-tools-for-stm32/14.3.1+st.2/lib/gcc/arm-none-eabi/14.3.1/include/arm_mve.h **** {
2371:/home/min/snap/code/229/.local/share/stm32cube/bundles/gnu-tools-for-stm32/14.3.1+st.2/lib/gcc/arm-none-eabi/14.3.1/include/arm_mve.h ****   uint64_t __c = ((uint64_t) __b) << 32;
2372:/home/min/snap/code/229/.local/share/stm32cube/bundles/gnu-tools-for-stm32/14.3.1+st.2/lib/gcc/arm-none-eabi/14.3.1/include/arm_mve.h ****   uint16x8_t __res = __builtin_mve_vdwdupq_n_uv8hi (*__a, __c, __imm);
2373:/home/min/snap/code/229/.local/share/stm32cube/bundles/gnu-tools-for-stm32/14.3.1+st.2/lib/gcc/arm-none-eabi/14.3.1/include/arm_mve.h ****   *__a = __builtin_mve_vdwdupq_wb_uv8hi (*__a, __c, __imm);
2374:/home/min/snap/code/229/.local/share/stm32cube/bundles/gnu-tools-for-stm32/14.3.1+st.2/lib/gcc/arm-none-eabi/14.3.1/include/arm_mve.h ****   return __res;
2375:/home/min/snap/code/229/.local/share/stm32cube/bundles/gnu-tools-for-stm32/14.3.1+st.2/lib/gcc/arm-none-eabi/14.3.1/include/arm_mve.h **** }
2376:/home/min/snap/code/229/.local/share/stm32cube/bundles/gnu-tools-for-stm32/14.3.1+st.2/lib/gcc/arm-none-eabi/14.3.1/include/arm_mve.h **** 
2377:/home/min/snap/code/229/.local/share/stm32cube/bundles/gnu-tools-for-stm32/14.3.1+st.2/lib/gcc/arm-none-eabi/14.3.1/include/arm_mve.h **** __extension__ extern __inline uint8x16_t
2378:/home/min/snap/code/229/.local/share/stm32cube/bundles/gnu-tools-for-stm32/14.3.1+st.2/lib/gcc/arm-none-eabi/14.3.1/include/arm_mve.h **** __attribute__ ((__always_inline__, __gnu_inline__, __artificial__))
2379:/home/min/snap/code/229/.local/share/stm32cube/bundles/gnu-tools-for-stm32/14.3.1+st.2/lib/gcc/arm-none-eabi/14.3.1/include/arm_mve.h **** __arm_vidupq_m_n_u8 (uint8x16_t __inactive, uint32_t __a, const int __imm, mve_pred16_t __p)
2380:/home/min/snap/code/229/.local/share/stm32cube/bundles/gnu-tools-for-stm32/14.3.1+st.2/lib/gcc/arm-none-eabi/14.3.1/include/arm_mve.h **** {
2381:/home/min/snap/code/229/.local/share/stm32cube/bundles/gnu-tools-for-stm32/14.3.1+st.2/lib/gcc/arm-none-eabi/14.3.1/include/arm_mve.h ****   return __builtin_mve_vidupq_m_n_uv16qi (__inactive, __a, __imm, __p);
2382:/home/min/snap/code/229/.local/share/stm32cube/bundles/gnu-tools-for-stm32/14.3.1+st.2/lib/gcc/arm-none-eabi/14.3.1/include/arm_mve.h **** }
2383:/home/min/snap/code/229/.local/share/stm32cube/bundles/gnu-tools-for-stm32/14.3.1+st.2/lib/gcc/arm-none-eabi/14.3.1/include/arm_mve.h **** 
2384:/home/min/snap/code/229/.local/share/stm32cube/bundles/gnu-tools-for-stm32/14.3.1+st.2/lib/gcc/arm-none-eabi/14.3.1/include/arm_mve.h **** __extension__ extern __inline uint32x4_t
2385:/home/min/snap/code/229/.local/share/stm32cube/bundles/gnu-tools-for-stm32/14.3.1+st.2/lib/gcc/arm-none-eabi/14.3.1/include/arm_mve.h **** __attribute__ ((__always_inline__, __gnu_inline__, __artificial__))
2386:/home/min/snap/code/229/.local/share/stm32cube/bundles/gnu-tools-for-stm32/14.3.1+st.2/lib/gcc/arm-none-eabi/14.3.1/include/arm_mve.h **** __arm_vidupq_m_n_u32 (uint32x4_t __inactive, uint32_t __a, const int __imm, mve_pred16_t __p)
2387:/home/min/snap/code/229/.local/share/stm32cube/bundles/gnu-tools-for-stm32/14.3.1+st.2/lib/gcc/arm-none-eabi/14.3.1/include/arm_mve.h **** {
2388:/home/min/snap/code/229/.local/share/stm32cube/bundles/gnu-tools-for-stm32/14.3.1+st.2/lib/gcc/arm-none-eabi/14.3.1/include/arm_mve.h ****   return __builtin_mve_vidupq_m_n_uv4si (__inactive, __a, __imm, __p);
2389:/home/min/snap/code/229/.local/share/stm32cube/bundles/gnu-tools-for-stm32/14.3.1+st.2/lib/gcc/arm-none-eabi/14.3.1/include/arm_mve.h **** }
2390:/home/min/snap/code/229/.local/share/stm32cube/bundles/gnu-tools-for-stm32/14.3.1+st.2/lib/gcc/arm-none-eabi/14.3.1/include/arm_mve.h **** 
2391:/home/min/snap/code/229/.local/share/stm32cube/bundles/gnu-tools-for-stm32/14.3.1+st.2/lib/gcc/arm-none-eabi/14.3.1/include/arm_mve.h **** __extension__ extern __inline uint16x8_t
2392:/home/min/snap/code/229/.local/share/stm32cube/bundles/gnu-tools-for-stm32/14.3.1+st.2/lib/gcc/arm-none-eabi/14.3.1/include/arm_mve.h **** __attribute__ ((__always_inline__, __gnu_inline__, __artificial__))
2393:/home/min/snap/code/229/.local/share/stm32cube/bundles/gnu-tools-for-stm32/14.3.1+st.2/lib/gcc/arm-none-eabi/14.3.1/include/arm_mve.h **** __arm_vidupq_m_n_u16 (uint16x8_t __inactive, uint32_t __a, const int __imm, mve_pred16_t __p)
2394:/home/min/snap/code/229/.local/share/stm32cube/bundles/gnu-tools-for-stm32/14.3.1+st.2/lib/gcc/arm-none-eabi/14.3.1/include/arm_mve.h **** {
2395:/home/min/snap/code/229/.local/share/stm32cube/bundles/gnu-tools-for-stm32/14.3.1+st.2/lib/gcc/arm-none-eabi/14.3.1/include/arm_mve.h ****   return __builtin_mve_vidupq_m_n_uv8hi (__inactive, __a, __imm, __p);
2396:/home/min/snap/code/229/.local/share/stm32cube/bundles/gnu-tools-for-stm32/14.3.1+st.2/lib/gcc/arm-none-eabi/14.3.1/include/arm_mve.h **** }
2397:/home/min/snap/code/229/.local/share/stm32cube/bundles/gnu-tools-for-stm32/14.3.1+st.2/lib/gcc/arm-none-eabi/14.3.1/include/arm_mve.h **** 
2398:/home/min/snap/code/229/.local/share/stm32cube/bundles/gnu-tools-for-stm32/14.3.1+st.2/lib/gcc/arm-none-eabi/14.3.1/include/arm_mve.h **** __extension__ extern __inline uint8x16_t
2399:/home/min/snap/code/229/.local/share/stm32cube/bundles/gnu-tools-for-stm32/14.3.1+st.2/lib/gcc/arm-none-eabi/14.3.1/include/arm_mve.h **** __attribute__ ((__always_inline__, __gnu_inline__, __artificial__))
2400:/home/min/snap/code/229/.local/share/stm32cube/bundles/gnu-tools-for-stm32/14.3.1+st.2/lib/gcc/arm-none-eabi/14.3.1/include/arm_mve.h **** __arm_vidupq_n_u8 (uint32_t __a, const int __imm)
2401:/home/min/snap/code/229/.local/share/stm32cube/bundles/gnu-tools-for-stm32/14.3.1+st.2/lib/gcc/arm-none-eabi/14.3.1/include/arm_mve.h **** {
2402:/home/min/snap/code/229/.local/share/stm32cube/bundles/gnu-tools-for-stm32/14.3.1+st.2/lib/gcc/arm-none-eabi/14.3.1/include/arm_mve.h ****   return __builtin_mve_vidupq_n_uv16qi (__a, __imm);
2403:/home/min/snap/code/229/.local/share/stm32cube/bundles/gnu-tools-for-stm32/14.3.1+st.2/lib/gcc/arm-none-eabi/14.3.1/include/arm_mve.h **** }
2404:/home/min/snap/code/229/.local/share/stm32cube/bundles/gnu-tools-for-stm32/14.3.1+st.2/lib/gcc/arm-none-eabi/14.3.1/include/arm_mve.h **** 
2405:/home/min/snap/code/229/.local/share/stm32cube/bundles/gnu-tools-for-stm32/14.3.1+st.2/lib/gcc/arm-none-eabi/14.3.1/include/arm_mve.h **** __extension__ extern __inline uint8x16_t
2406:/home/min/snap/code/229/.local/share/stm32cube/bundles/gnu-tools-for-stm32/14.3.1+st.2/lib/gcc/arm-none-eabi/14.3.1/include/arm_mve.h **** __attribute__ ((__always_inline__, __gnu_inline__, __artificial__))
2407:/home/min/snap/code/229/.local/share/stm32cube/bundles/gnu-tools-for-stm32/14.3.1+st.2/lib/gcc/arm-none-eabi/14.3.1/include/arm_mve.h **** __arm_vidupq_m_wb_u8 (uint8x16_t __inactive, uint32_t * __a, const int __imm, mve_pred16_t __p)
2408:/home/min/snap/code/229/.local/share/stm32cube/bundles/gnu-tools-for-stm32/14.3.1+st.2/lib/gcc/arm-none-eabi/14.3.1/include/arm_mve.h **** {
2409:/home/min/snap/code/229/.local/share/stm32cube/bundles/gnu-tools-for-stm32/14.3.1+st.2/lib/gcc/arm-none-eabi/14.3.1/include/arm_mve.h ****   uint8x16_t __res = __builtin_mve_vidupq_m_n_uv16qi (__inactive, *__a, __imm, __p);
2410:/home/min/snap/code/229/.local/share/stm32cube/bundles/gnu-tools-for-stm32/14.3.1+st.2/lib/gcc/arm-none-eabi/14.3.1/include/arm_mve.h ****   *__a += __imm * 16u;
2411:/home/min/snap/code/229/.local/share/stm32cube/bundles/gnu-tools-for-stm32/14.3.1+st.2/lib/gcc/arm-none-eabi/14.3.1/include/arm_mve.h ****   return __res;
ARM GAS  /tmp/cc66eICS.s 			page 56


2412:/home/min/snap/code/229/.local/share/stm32cube/bundles/gnu-tools-for-stm32/14.3.1+st.2/lib/gcc/arm-none-eabi/14.3.1/include/arm_mve.h **** }
2413:/home/min/snap/code/229/.local/share/stm32cube/bundles/gnu-tools-for-stm32/14.3.1+st.2/lib/gcc/arm-none-eabi/14.3.1/include/arm_mve.h **** 
2414:/home/min/snap/code/229/.local/share/stm32cube/bundles/gnu-tools-for-stm32/14.3.1+st.2/lib/gcc/arm-none-eabi/14.3.1/include/arm_mve.h **** __extension__ extern __inline uint16x8_t
2415:/home/min/snap/code/229/.local/share/stm32cube/bundles/gnu-tools-for-stm32/14.3.1+st.2/lib/gcc/arm-none-eabi/14.3.1/include/arm_mve.h **** __attribute__ ((__always_inline__, __gnu_inline__, __artificial__))
2416:/home/min/snap/code/229/.local/share/stm32cube/bundles/gnu-tools-for-stm32/14.3.1+st.2/lib/gcc/arm-none-eabi/14.3.1/include/arm_mve.h **** __arm_vidupq_m_wb_u16 (uint16x8_t __inactive, uint32_t * __a, const int __imm, mve_pred16_t __p)
2417:/home/min/snap/code/229/.local/share/stm32cube/bundles/gnu-tools-for-stm32/14.3.1+st.2/lib/gcc/arm-none-eabi/14.3.1/include/arm_mve.h **** {
2418:/home/min/snap/code/229/.local/share/stm32cube/bundles/gnu-tools-for-stm32/14.3.1+st.2/lib/gcc/arm-none-eabi/14.3.1/include/arm_mve.h ****   uint16x8_t __res = __builtin_mve_vidupq_m_n_uv8hi (__inactive, *__a, __imm, __p);
2419:/home/min/snap/code/229/.local/share/stm32cube/bundles/gnu-tools-for-stm32/14.3.1+st.2/lib/gcc/arm-none-eabi/14.3.1/include/arm_mve.h ****   *__a += __imm * 8u;
2420:/home/min/snap/code/229/.local/share/stm32cube/bundles/gnu-tools-for-stm32/14.3.1+st.2/lib/gcc/arm-none-eabi/14.3.1/include/arm_mve.h ****   return __res;
2421:/home/min/snap/code/229/.local/share/stm32cube/bundles/gnu-tools-for-stm32/14.3.1+st.2/lib/gcc/arm-none-eabi/14.3.1/include/arm_mve.h **** }
2422:/home/min/snap/code/229/.local/share/stm32cube/bundles/gnu-tools-for-stm32/14.3.1+st.2/lib/gcc/arm-none-eabi/14.3.1/include/arm_mve.h **** 
2423:/home/min/snap/code/229/.local/share/stm32cube/bundles/gnu-tools-for-stm32/14.3.1+st.2/lib/gcc/arm-none-eabi/14.3.1/include/arm_mve.h **** __extension__ extern __inline uint32x4_t
2424:/home/min/snap/code/229/.local/share/stm32cube/bundles/gnu-tools-for-stm32/14.3.1+st.2/lib/gcc/arm-none-eabi/14.3.1/include/arm_mve.h **** __attribute__ ((__always_inline__, __gnu_inline__, __artificial__))
2425:/home/min/snap/code/229/.local/share/stm32cube/bundles/gnu-tools-for-stm32/14.3.1+st.2/lib/gcc/arm-none-eabi/14.3.1/include/arm_mve.h **** __arm_vidupq_m_wb_u32 (uint32x4_t __inactive, uint32_t * __a, const int __imm, mve_pred16_t __p)
2426:/home/min/snap/code/229/.local/share/stm32cube/bundles/gnu-tools-for-stm32/14.3.1+st.2/lib/gcc/arm-none-eabi/14.3.1/include/arm_mve.h **** {
2427:/home/min/snap/code/229/.local/share/stm32cube/bundles/gnu-tools-for-stm32/14.3.1+st.2/lib/gcc/arm-none-eabi/14.3.1/include/arm_mve.h ****   uint32x4_t __res = __builtin_mve_vidupq_m_n_uv4si (__inactive, *__a, __imm, __p);
2428:/home/min/snap/code/229/.local/share/stm32cube/bundles/gnu-tools-for-stm32/14.3.1+st.2/lib/gcc/arm-none-eabi/14.3.1/include/arm_mve.h ****   *__a += __imm * 4u;
2429:/home/min/snap/code/229/.local/share/stm32cube/bundles/gnu-tools-for-stm32/14.3.1+st.2/lib/gcc/arm-none-eabi/14.3.1/include/arm_mve.h ****   return __res;
2430:/home/min/snap/code/229/.local/share/stm32cube/bundles/gnu-tools-for-stm32/14.3.1+st.2/lib/gcc/arm-none-eabi/14.3.1/include/arm_mve.h **** }
2431:/home/min/snap/code/229/.local/share/stm32cube/bundles/gnu-tools-for-stm32/14.3.1+st.2/lib/gcc/arm-none-eabi/14.3.1/include/arm_mve.h **** 
2432:/home/min/snap/code/229/.local/share/stm32cube/bundles/gnu-tools-for-stm32/14.3.1+st.2/lib/gcc/arm-none-eabi/14.3.1/include/arm_mve.h **** __extension__ extern __inline uint32x4_t
2433:/home/min/snap/code/229/.local/share/stm32cube/bundles/gnu-tools-for-stm32/14.3.1+st.2/lib/gcc/arm-none-eabi/14.3.1/include/arm_mve.h **** __attribute__ ((__always_inline__, __gnu_inline__, __artificial__))
2434:/home/min/snap/code/229/.local/share/stm32cube/bundles/gnu-tools-for-stm32/14.3.1+st.2/lib/gcc/arm-none-eabi/14.3.1/include/arm_mve.h **** __arm_vidupq_n_u32 (uint32_t __a, const int __imm)
2435:/home/min/snap/code/229/.local/share/stm32cube/bundles/gnu-tools-for-stm32/14.3.1+st.2/lib/gcc/arm-none-eabi/14.3.1/include/arm_mve.h **** {
2436:/home/min/snap/code/229/.local/share/stm32cube/bundles/gnu-tools-for-stm32/14.3.1+st.2/lib/gcc/arm-none-eabi/14.3.1/include/arm_mve.h ****   return __builtin_mve_vidupq_n_uv4si (__a, __imm);
 353              		.loc 2 2436 10 view .LVU108
 354 00a2 4FF0000A 		mov	r10, #0
 355              	.LBE110:
 356              	.LBE109:
 121:../../Middlewares/stm32-vision-models-postprocessing/lib_vision_models_pp/Src/iseg_pp_yolov8.c **** 
 357              		.loc 1 121 10 view .LVU109
 358 00a6 CDED027A 		vstr.32	s15, [sp, #8]	@ int
 123:../../Middlewares/stm32-vision-models-postprocessing/lib_vision_models_pp/Src/iseg_pp_yolov8.c ****   int32_t threshold_check_s32 = (int32_t)(threshold_check+0.5f);
 359              		.loc 1 123 50 view .LVU110
 360 00aa DBED0B7A 		vldr.32	s15, [fp, #44]
 114:../../Middlewares/stm32-vision-models-postprocessing/lib_vision_models_pp/Src/iseg_pp_yolov8.c **** 
 361              		.loc 1 114 24 view .LVU111
 362 00ae DBF80830 		ldr	r3, [fp, #8]
 114:../../Middlewares/stm32-vision-models-postprocessing/lib_vision_models_pp/Src/iseg_pp_yolov8.c **** 
 363              		.loc 1 114 22 view .LVU112
 364 00b2 0498     		ldr	r0, [sp, #16]
 123:../../Middlewares/stm32-vision-models-postprocessing/lib_vision_models_pp/Src/iseg_pp_yolov8.c ****   int32_t threshold_check_s32 = (int32_t)(threshold_check+0.5f);
 365              		.loc 1 123 50 view .LVU113
 366 00b4 67EE277A 		vmul.f32	s15, s14, s15
 113:../../Middlewares/stm32-vision-models-postprocessing/lib_vision_models_pp/Src/iseg_pp_yolov8.c ****   pOutput->nb_detect = MIN(pInput_static_param->nb_detect, pInput_static_param->max_boxes_limit);
 367              		.loc 1 113 38 view .LVU114
 368 00b8 DBF83420 		ldr	r2, [fp, #52]
 369              	.LVL22:
 114:../../Middlewares/stm32-vision-models-postprocessing/lib_vision_models_pp/Src/iseg_pp_yolov8.c **** 
 370              		.loc 1 114 3 is_stmt 1 view .LVU115
 114:../../Middlewares/stm32-vision-models-postprocessing/lib_vision_models_pp/Src/iseg_pp_yolov8.c **** 
 371              		.loc 1 114 22 is_stmt 0 view .LVU116
 372 00bc 8B42     		cmp	r3, r1
 373 00be D4BF     		ite	le
 374 00c0 4360     		strle	r3, [r0, #4]
 375 00c2 4160     		strgt	r1, [r0, #4]
 117:../../Middlewares/stm32-vision-models-postprocessing/lib_vision_models_pp/Src/iseg_pp_yolov8.c ****   float32_t mask_scale = pInput_static_param->mask_raw_output_scale;
ARM GAS  /tmp/cc66eICS.s 			page 57


 376              		.loc 1 117 3 is_stmt 1 view .LVU117
 377              	.LBB114:
 378              	.LBB111:
 379              		.loc 2 2436 10 is_stmt 0 view .LVU118
 380 00c4 5046     		mov	r0, r10
 381              	.LBE111:
 382              	.LBE114:
 117:../../Middlewares/stm32-vision-models-postprocessing/lib_vision_models_pp/Src/iseg_pp_yolov8.c ****   float32_t mask_scale = pInput_static_param->mask_raw_output_scale;
 383              		.loc 1 117 10 view .LVU119
 384 00c6 9BF92830 		ldrsb	r3, [fp, #40]
 385              	.LBB115:
 386              	.LBB112:
 387              		.loc 2 2436 10 view .LVU120
 388 00ca 21EE6E2F 		vidup.u32	q1, r0, #1
 389              	.LBE112:
 390              	.LBE115:
 117:../../Middlewares/stm32-vision-models-postprocessing/lib_vision_models_pp/Src/iseg_pp_yolov8.c ****   float32_t mask_scale = pInput_static_param->mask_raw_output_scale;
 391              		.loc 1 117 10 view .LVU121
 392 00ce 0593     		str	r3, [sp, #20]
 393              	.LVL23:
 118:../../Middlewares/stm32-vision-models-postprocessing/lib_vision_models_pp/Src/iseg_pp_yolov8.c ****   int8_t raw_zp        = pInput_static_param->raw_output_zero_point;
 394              		.loc 1 118 3 is_stmt 1 view .LVU122
 119:../../Middlewares/stm32-vision-models-postprocessing/lib_vision_models_pp/Src/iseg_pp_yolov8.c ****   float32_t raw_scale  = pInput_static_param->raw_output_scale;
 395              		.loc 1 119 3 view .LVU123
 120:../../Middlewares/stm32-vision-models-postprocessing/lib_vision_models_pp/Src/iseg_pp_yolov8.c ****   int8_t threshold_s8  = (int8_t)(pInput_static_param->conf_threshold / raw_scale + 0.5f + raw_zp);
 396              		.loc 1 120 3 view .LVU124
 121:../../Middlewares/stm32-vision-models-postprocessing/lib_vision_models_pp/Src/iseg_pp_yolov8.c **** 
 397              		.loc 1 121 3 view .LVU125
 121:../../Middlewares/stm32-vision-models-postprocessing/lib_vision_models_pp/Src/iseg_pp_yolov8.c **** 
 398              		.loc 1 121 10 is_stmt 0 view .LVU126
 399 00d0 9DF90830 		ldrsb	r3, [sp, #8]
 123:../../Middlewares/stm32-vision-models-postprocessing/lib_vision_models_pp/Src/iseg_pp_yolov8.c ****   int32_t threshold_check_s32 = (int32_t)(threshold_check+0.5f);
 400              		.loc 1 123 13 view .LVU127
 401 00d4 C8EE276A 		vdiv.f32	s13, s16, s15
 121:../../Middlewares/stm32-vision-models-postprocessing/lib_vision_models_pp/Src/iseg_pp_yolov8.c **** 
 402              		.loc 1 121 10 view .LVU128
 403 00d8 0793     		str	r3, [sp, #28]
 404              	.LVL24:
 123:../../Middlewares/stm32-vision-models-postprocessing/lib_vision_models_pp/Src/iseg_pp_yolov8.c ****   int32_t threshold_check_s32 = (int32_t)(threshold_check+0.5f);
 405              		.loc 1 123 3 is_stmt 1 view .LVU129
 124:../../Middlewares/stm32-vision-models-postprocessing/lib_vision_models_pp/Src/iseg_pp_yolov8.c **** 
 406              		.loc 1 124 3 view .LVU130
 128:../../Middlewares/stm32-vision-models-postprocessing/lib_vision_models_pp/Src/iseg_pp_yolov8.c **** #endif
 407              		.loc 1 128 13 is_stmt 0 view .LVU131
 408 00da DBF81830 		ldr	r3, [fp, #24]
 124:../../Middlewares/stm32-vision-models-postprocessing/lib_vision_models_pp/Src/iseg_pp_yolov8.c **** 
 409              		.loc 1 124 58 view .LVU132
 410 00de 76EE886A 		vadd.f32	s13, s13, s16
 128:../../Middlewares/stm32-vision-models-postprocessing/lib_vision_models_pp/Src/iseg_pp_yolov8.c **** #endif
 411              		.loc 1 128 10 view .LVU133
 412 00e2 A4EE103B 		vdup.32	q2, r3
 413              	.LBB116:
 414              	.LBB117:
 415              	.LBB118:
 416              	.LBB119:
 417              	.LBB120:
 418              	.LBB121:
ARM GAS  /tmp/cc66eICS.s 			page 58


 419              	.LBB122:
 165:../../Middlewares/stm32-vision-models-postprocessing/lib_vision_models_pp/Src/iseg_pp_yolov8.c **** 
 420              		.loc 1 165 67 view .LVU134
 421 00e6 059B     		ldr	r3, [sp, #20]
 422              	.LBE122:
 423              	.LBE121:
 424              	.LBE120:
 425              	.LBE119:
 426              	.LBE118:
 427              	.LBE117:
 428              	.LBE116:
 128:../../Middlewares/stm32-vision-models-postprocessing/lib_vision_models_pp/Src/iseg_pp_yolov8.c **** #endif
 429              		.loc 1 128 10 view .LVU135
 430 00e8 24EF5249 		vmul.i32	q2, q2, q1
 431              	.LBB157:
 432              	.LBB153:
 433              	.LBB147:
 434              	.LBB143:
 435              	.LBB135:
 436              	.LBB128:
 437              	.LBB125:
 165:../../Middlewares/stm32-vision-models-postprocessing/lib_vision_models_pp/Src/iseg_pp_yolov8.c **** 
 438              		.loc 1 165 67 view .LVU136
 439 00ec A2EE103B 		vdup.32	q1, r3
 440              	.LBE125:
 441              	.LBE128:
 171:../../Middlewares/stm32-vision-models-postprocessing/lib_vision_models_pp/Src/iseg_pp_yolov8.c ****               vstrbq_u32(binary_mask, outBinary);
 442              		.loc 1 171 38 view .LVU137
 443 00f0 0123     		movs	r3, #1
 444              	.LBE135:
 445              	.LBE143:
 446              	.LBE147:
 447              	.LBE153:
 448              	.LBE157:
 124:../../Middlewares/stm32-vision-models-postprocessing/lib_vision_models_pp/Src/iseg_pp_yolov8.c **** 
 449              		.loc 1 124 11 view .LVU138
 450 00f2 FDEEE66A 		vcvt.s32.f32	s13, s13
 451              	.LVL25:
 127:../../Middlewares/stm32-vision-models-postprocessing/lib_vision_models_pp/Src/iseg_pp_yolov8.c ****   offset *= (uint32_t)pInput_static_param->nb_masks;
 452              		.loc 1 127 3 is_stmt 1 view .LVU139
 453              	.LBB158:
 454              	.LBI109:
2434:/home/min/snap/code/229/.local/share/stm32cube/bundles/gnu-tools-for-stm32/14.3.1+st.2/lib/gcc/arm-none-eabi/14.3.1/include/arm_mve.h **** {
 455              		.loc 2 2434 1 view .LVU140
 456              	.LBB113:
 457              		.loc 2 2436 3 view .LVU141
 458              		.loc 2 2436 3 is_stmt 0 view .LVU142
 459              	.LBE113:
 460              	.LBE158:
 128:../../Middlewares/stm32-vision-models-postprocessing/lib_vision_models_pp/Src/iseg_pp_yolov8.c **** #endif
 461              		.loc 1 128 3 is_stmt 1 view .LVU143
 131:../../Middlewares/stm32-vision-models-postprocessing/lib_vision_models_pp/Src/iseg_pp_yolov8.c ****   {
 462              		.loc 1 131 3 view .LVU144
 463              	.LBB159:
 131:../../Middlewares/stm32-vision-models-postprocessing/lib_vision_models_pp/Src/iseg_pp_yolov8.c ****   {
 464              		.loc 1 131 8 view .LVU145
 465              	.LBB154:
ARM GAS  /tmp/cc66eICS.s 			page 59


 466              	.LBB148:
 467              	.LBB144:
 468              	.LBB136:
 171:../../Middlewares/stm32-vision-models-postprocessing/lib_vision_models_pp/Src/iseg_pp_yolov8.c ****               vstrbq_u32(binary_mask, outBinary);
 469              		.loc 1 171 38 is_stmt 0 view .LVU146
 470 00f6 A0EE103B 		vdup.32	q0, r3
 471              	.LBE136:
 472              	.LBE144:
 473              	.LBE148:
 474              	.LBE154:
 475              	.LBE159:
 112:../../Middlewares/stm32-vision-models-postprocessing/lib_vision_models_pp/Src/iseg_pp_yolov8.c ****   iseg_yolov8_pp_scratchBuffer_s8_t *pOutBuff_s8 = pInput_static_param->pTmpBuff;
 476              		.loc 1 112 11 view .LVU147
 477 00fa CDF808A0 		str	r10, [sp, #8]
 478              	.LVL26:
 479              	.L37:
 480              	.LBB160:
 131:../../Middlewares/stm32-vision-models-postprocessing/lib_vision_models_pp/Src/iseg_pp_yolov8.c ****   {
 481              		.loc 1 131 25 is_stmt 1 discriminator 1 view .LVU148
 482 00fe DBF81430 		ldr	r3, [fp, #20]
 483 0102 9A45     		cmp	r10, r3
 484 0104 C0F2C980 		blt	.L51
 485              	.LBE160:
 208:../../Middlewares/stm32-vision-models-postprocessing/lib_vision_models_pp/Src/iseg_pp_yolov8.c **** 
 486              		.loc 1 208 3 view .LVU149
 487              	.LBE108:
 488              	.LBE107:
 300:../../Middlewares/stm32-vision-models-postprocessing/lib_vision_models_pp/Src/iseg_pp_yolov8.c ****                                                       pOutput,
 301:../../Middlewares/stm32-vision-models-postprocessing/lib_vision_models_pp/Src/iseg_pp_yolov8.c ****                                                       pInput_static_param);
 302:../../Middlewares/stm32-vision-models-postprocessing/lib_vision_models_pp/Src/iseg_pp_yolov8.c ****     return (error);
 303:../../Middlewares/stm32-vision-models-postprocessing/lib_vision_models_pp/Src/iseg_pp_yolov8.c **** }
 489              		.loc 1 303 1 is_stmt 0 view .LVU150
 490 0108 0020     		movs	r0, #0
 491              	.LBB164:
 492              	.LBB162:
 208:../../Middlewares/stm32-vision-models-postprocessing/lib_vision_models_pp/Src/iseg_pp_yolov8.c **** 
 493              		.loc 1 208 22 view .LVU151
 494 010a 049B     		ldr	r3, [sp, #16]
 495 010c 029A     		ldr	r2, [sp, #8]
 496 010e 5A60     		str	r2, [r3, #4]
 210:../../Middlewares/stm32-vision-models-postprocessing/lib_vision_models_pp/Src/iseg_pp_yolov8.c **** }
 497              		.loc 1 210 3 is_stmt 1 view .LVU152
 498              	.LVL27:
 210:../../Middlewares/stm32-vision-models-postprocessing/lib_vision_models_pp/Src/iseg_pp_yolov8.c **** }
 499              		.loc 1 210 3 is_stmt 0 view .LVU153
 500              	.LBE162:
 501              	.LBE164:
 302:../../Middlewares/stm32-vision-models-postprocessing/lib_vision_models_pp/Src/iseg_pp_yolov8.c **** }
 502              		.loc 1 302 5 is_stmt 1 view .LVU154
 503              		.loc 1 303 1 is_stmt 0 view .LVU155
 504 0110 13B0     		add	sp, sp, #76
 505              		.cfi_remember_state
 506              		.cfi_def_cfa_offset 100
 507              		@ sp needed
 508 0112 BDEC108B 		vldm	sp!, {d8-d15}
 509              		.cfi_restore 94
 510              		.cfi_restore 95
ARM GAS  /tmp/cc66eICS.s 			page 60


 511              		.cfi_restore 92
 512              		.cfi_restore 93
 513              		.cfi_restore 90
 514              		.cfi_restore 91
 515              		.cfi_restore 88
 516              		.cfi_restore 89
 517              		.cfi_restore 86
 518              		.cfi_restore 87
 519              		.cfi_restore 84
 520              		.cfi_restore 85
 521              		.cfi_restore 82
 522              		.cfi_restore 83
 523              		.cfi_restore 80
 524              		.cfi_restore 81
 525              		.cfi_def_cfa_offset 36
 526 0116 BDE8F08F 		pop	{r4, r5, r6, r7, r8, r9, r10, fp, pc}
 527              	.LVL28:
 528              	.L17:
 529              		.cfi_restore_state
 530              	.LBB165:
 531              	.LBB87:
 532              	.LBB83:
 231:../../Middlewares/stm32-vision-models-postprocessing/lib_vision_models_pp/Src/iseg_pp_yolov8.c ****     uint8_t class_index_array[16];
 533              		.loc 1 231 5 is_stmt 1 view .LVU156
 232:../../Middlewares/stm32-vision-models-postprocessing/lib_vision_models_pp/Src/iseg_pp_yolov8.c **** 
 534              		.loc 1 232 5 view .LVU157
 234:../../Middlewares/stm32-vision-models-postprocessing/lib_vision_models_pp/Src/iseg_pp_yolov8.c **** 
 535              		.loc 1 234 5 view .LVU158
 234:../../Middlewares/stm32-vision-models-postprocessing/lib_vision_models_pp/Src/iseg_pp_yolov8.c **** 
 536              		.loc 1 234 30 is_stmt 0 view .LVU159
 537 011a 102D     		cmp	r5, #16
 538 011c A846     		mov	r8, r5
 539 011e A8BF     		it	ge
 540 0120 4FF01008 		movge	r8, #16
 541              	.LVL29:
 236:../../Middlewares/stm32-vision-models-postprocessing/lib_vision_models_pp/Src/iseg_pp_yolov8.c ****                                    nb_classes,
 542              		.loc 1 236 5 is_stmt 1 view .LVU160
 543 0124 079B     		ldr	r3, [sp, #28]
 544 0126 3A46     		mov	r2, r7
 545 0128 F018     		adds	r0, r6, r3
 546 012a 8246     		mov	r10, r0
 547 012c 0EAB     		add	r3, sp, #56
 548 012e 0399     		ldr	r1, [sp, #12]
 549 0130 0093     		str	r3, [sp]
 550 0132 CDF80480 		str	r8, [sp, #4]
 551 0136 4B46     		mov	r3, r9
 552 0138 FFF7FEFF 		bl	vision_models_maxi_tr_p_is8ou8
 553              	.LVL30:
 243:../../Middlewares/stm32-vision-models-postprocessing/lib_vision_models_pp/Src/iseg_pp_yolov8.c ****     {
 554              		.loc 1 243 5 view .LVU161
 555              	.LBB79:
 243:../../Middlewares/stm32-vision-models-postprocessing/lib_vision_models_pp/Src/iseg_pp_yolov8.c ****     {
 556              		.loc 1 243 10 view .LVU162
 243:../../Middlewares/stm32-vision-models-postprocessing/lib_vision_models_pp/Src/iseg_pp_yolov8.c ****     {
 557              		.loc 1 243 25 discriminator 1 view .LVU163
 558              	.LBE79:
 236:../../Middlewares/stm32-vision-models-postprocessing/lib_vision_models_pp/Src/iseg_pp_yolov8.c ****                                    nb_classes,
ARM GAS  /tmp/cc66eICS.s 			page 61


 559              		.loc 1 236 5 is_stmt 0 view .LVU164
 560 013c 3146     		mov	r1, r6
 561              	.LBB80:
 243:../../Middlewares/stm32-vision-models-postprocessing/lib_vision_models_pp/Src/iseg_pp_yolov8.c ****     {
 562              		.loc 1 243 14 view .LVU165
 563 013e 0022     		movs	r2, #0
 564 0140 099B     		ldr	r3, [sp, #36]
 565 0142 AAEB0303 		sub	r3, r10, r3
 566 0146 0293     		str	r3, [sp, #8]
 567              	.LVL31:
 568              	.L16:
 245:../../Middlewares/stm32-vision-models-postprocessing/lib_vision_models_pp/Src/iseg_pp_yolov8.c ****       {
 569              		.loc 1 245 7 is_stmt 1 view .LVU166
 245:../../Middlewares/stm32-vision-models-postprocessing/lib_vision_models_pp/Src/iseg_pp_yolov8.c ****       {
 570              		.loc 1 245 10 is_stmt 0 view .LVU167
 571 0148 12F90930 		ldrsb	r3, [r2, r9]
 572 014c 0898     		ldr	r0, [sp, #32]
 573 014e 8342     		cmp	r3, r0
 574 0150 20DB     		blt	.L13
 247:../../Middlewares/stm32-vision-models-postprocessing/lib_vision_models_pp/Src/iseg_pp_yolov8.c ****         pOutBuff_s8->y_center    = pRaw_detections[AI_YOLOV8_PP_YCENTER   * nb_total_boxes];
 575              		.loc 1 247 9 is_stmt 1 view .LVU168
 576              	.LBB76:
 253:../../Middlewares/stm32-vision-models-postprocessing/lib_vision_models_pp/Src/iseg_pp_yolov8.c ****         {
 577              		.loc 1 253 22 is_stmt 0 view .LVU169
 578 0152 4FF0000C 		mov	ip, #0
 579              	.LBE76:
 247:../../Middlewares/stm32-vision-models-postprocessing/lib_vision_models_pp/Src/iseg_pp_yolov8.c ****         pOutBuff_s8->y_center    = pRaw_detections[AI_YOLOV8_PP_YCENTER   * nb_total_boxes];
 580              		.loc 1 247 51 view .LVU170
 581 0156 91F90030 		ldrsb	r3, [r1]
 247:../../Middlewares/stm32-vision-models-postprocessing/lib_vision_models_pp/Src/iseg_pp_yolov8.c ****         pOutBuff_s8->y_center    = pRaw_detections[AI_YOLOV8_PP_YCENTER   * nb_total_boxes];
 582              		.loc 1 247 34 view .LVU171
 583 015a 2370     		strb	r3, [r4]
 248:../../Middlewares/stm32-vision-models-postprocessing/lib_vision_models_pp/Src/iseg_pp_yolov8.c ****         pOutBuff_s8->width       = pRaw_detections[AI_YOLOV8_PP_WIDTHREL  * nb_total_boxes];
 584              		.loc 1 248 9 is_stmt 1 view .LVU172
 248:../../Middlewares/stm32-vision-models-postprocessing/lib_vision_models_pp/Src/iseg_pp_yolov8.c ****         pOutBuff_s8->width       = pRaw_detections[AI_YOLOV8_PP_WIDTHREL  * nb_total_boxes];
 585              		.loc 1 248 51 is_stmt 0 view .LVU173
 586 015c CB57     		ldrsb	r3, [r1, r7]
 248:../../Middlewares/stm32-vision-models-postprocessing/lib_vision_models_pp/Src/iseg_pp_yolov8.c ****         pOutBuff_s8->width       = pRaw_detections[AI_YOLOV8_PP_WIDTHREL  * nb_total_boxes];
 587              		.loc 1 248 34 view .LVU174
 588 015e 6370     		strb	r3, [r4, #1]
 249:../../Middlewares/stm32-vision-models-postprocessing/lib_vision_models_pp/Src/iseg_pp_yolov8.c ****         pOutBuff_s8->height      = pRaw_detections[AI_YOLOV8_PP_HEIGHTREL * nb_total_boxes];
 589              		.loc 1 249 9 is_stmt 1 view .LVU175
 249:../../Middlewares/stm32-vision-models-postprocessing/lib_vision_models_pp/Src/iseg_pp_yolov8.c ****         pOutBuff_s8->height      = pRaw_detections[AI_YOLOV8_PP_HEIGHTREL * nb_total_boxes];
 590              		.loc 1 249 51 is_stmt 0 view .LVU176
 591 0160 029B     		ldr	r3, [sp, #8]
 592 0162 93F90030 		ldrsb	r3, [r3]
 249:../../Middlewares/stm32-vision-models-postprocessing/lib_vision_models_pp/Src/iseg_pp_yolov8.c ****         pOutBuff_s8->height      = pRaw_detections[AI_YOLOV8_PP_HEIGHTREL * nb_total_boxes];
 593              		.loc 1 249 34 view .LVU177
 594 0166 A370     		strb	r3, [r4, #2]
 250:../../Middlewares/stm32-vision-models-postprocessing/lib_vision_models_pp/Src/iseg_pp_yolov8.c ****         pOutBuff_s8->conf        = best_score_array[_i];
 595              		.loc 1 250 9 is_stmt 1 view .LVU178
 250:../../Middlewares/stm32-vision-models-postprocessing/lib_vision_models_pp/Src/iseg_pp_yolov8.c ****         pOutBuff_s8->conf        = best_score_array[_i];
 596              		.loc 1 250 51 is_stmt 0 view .LVU179
 597 0168 029B     		ldr	r3, [sp, #8]
 598 016a DB57     		ldrsb	r3, [r3, r7]
 250:../../Middlewares/stm32-vision-models-postprocessing/lib_vision_models_pp/Src/iseg_pp_yolov8.c ****         pOutBuff_s8->conf        = best_score_array[_i];
 599              		.loc 1 250 34 view .LVU180
ARM GAS  /tmp/cc66eICS.s 			page 62


 600 016c E370     		strb	r3, [r4, #3]
 251:../../Middlewares/stm32-vision-models-postprocessing/lib_vision_models_pp/Src/iseg_pp_yolov8.c ****         pOutBuff_s8->class_index = class_index_array[_i];
 601              		.loc 1 251 9 is_stmt 1 view .LVU181
 251:../../Middlewares/stm32-vision-models-postprocessing/lib_vision_models_pp/Src/iseg_pp_yolov8.c ****         pOutBuff_s8->class_index = class_index_array[_i];
 602              		.loc 1 251 52 is_stmt 0 view .LVU182
 603 016e 12F90930 		ldrsb	r3, [r2, r9]
 251:../../Middlewares/stm32-vision-models-postprocessing/lib_vision_models_pp/Src/iseg_pp_yolov8.c ****         pOutBuff_s8->class_index = class_index_array[_i];
 604              		.loc 1 251 34 view .LVU183
 605 0172 2371     		strb	r3, [r4, #4]
 252:../../Middlewares/stm32-vision-models-postprocessing/lib_vision_models_pp/Src/iseg_pp_yolov8.c ****         for (int32_t j = 0; j < pInput_static_param->nb_masks; j++)
 606              		.loc 1 252 9 is_stmt 1 view .LVU184
 252:../../Middlewares/stm32-vision-models-postprocessing/lib_vision_models_pp/Src/iseg_pp_yolov8.c ****         for (int32_t j = 0; j < pInput_static_param->nb_masks; j++)
 607              		.loc 1 252 53 is_stmt 0 view .LVU185
 608 0174 0EAB     		add	r3, sp, #56
 609 0176 9B5C     		ldrb	r3, [r3, r2]	@ zero_extendqisi2
 252:../../Middlewares/stm32-vision-models-postprocessing/lib_vision_models_pp/Src/iseg_pp_yolov8.c ****         for (int32_t j = 0; j < pInput_static_param->nb_masks; j++)
 610              		.loc 1 252 34 view .LVU186
 611 0178 6371     		strb	r3, [r4, #5]
 253:../../Middlewares/stm32-vision-models-postprocessing/lib_vision_models_pp/Src/iseg_pp_yolov8.c ****         {
 612              		.loc 1 253 9 is_stmt 1 view .LVU187
 613              	.LBB77:
 253:../../Middlewares/stm32-vision-models-postprocessing/lib_vision_models_pp/Src/iseg_pp_yolov8.c ****         {
 614              		.loc 1 253 14 view .LVU188
 615              	.LVL32:
 253:../../Middlewares/stm32-vision-models-postprocessing/lib_vision_models_pp/Src/iseg_pp_yolov8.c ****         {
 616              		.loc 1 253 14 is_stmt 0 view .LVU189
 617 017a 059B     		ldr	r3, [sp, #20]
 618 017c 01EB030E 		add	lr, r1, r3
 619              	.LVL33:
 620              	.L14:
 253:../../Middlewares/stm32-vision-models-postprocessing/lib_vision_models_pp/Src/iseg_pp_yolov8.c ****         {
 621              		.loc 1 253 31 is_stmt 1 discriminator 1 view .LVU190
 622 0180 DBF81830 		ldr	r3, [fp, #24]
 623 0184 9C45     		cmp	ip, r3
 624 0186 11DB     		blt	.L15
 625              	.LBE77:
 257:../../Middlewares/stm32-vision-models-postprocessing/lib_vision_models_pp/Src/iseg_pp_yolov8.c ****         pOutBuff_s8++;
 626              		.loc 1 257 9 view .LVU191
 257:../../Middlewares/stm32-vision-models-postprocessing/lib_vision_models_pp/Src/iseg_pp_yolov8.c ****         pOutBuff_s8++;
 627              		.loc 1 257 39 is_stmt 0 view .LVU192
 628 0188 DBF81430 		ldr	r3, [fp, #20]
 258:../../Middlewares/stm32-vision-models-postprocessing/lib_vision_models_pp/Src/iseg_pp_yolov8.c ****       }
 629              		.loc 1 258 20 view .LVU193
 630 018c 0C34     		adds	r4, r4, #12
 631              	.LVL34:
 257:../../Middlewares/stm32-vision-models-postprocessing/lib_vision_models_pp/Src/iseg_pp_yolov8.c ****         pOutBuff_s8++;
 632              		.loc 1 257 39 view .LVU194
 633 018e 0133     		adds	r3, r3, #1
 634 0190 CBF81430 		str	r3, [fp, #20]
 258:../../Middlewares/stm32-vision-models-postprocessing/lib_vision_models_pp/Src/iseg_pp_yolov8.c ****       }
 635              		.loc 1 258 9 is_stmt 1 view .LVU195
 636              	.LVL35:
 637              	.L13:
 260:../../Middlewares/stm32-vision-models-postprocessing/lib_vision_models_pp/Src/iseg_pp_yolov8.c ****     }
 638              		.loc 1 260 7 view .LVU196
 243:../../Middlewares/stm32-vision-models-postprocessing/lib_vision_models_pp/Src/iseg_pp_yolov8.c ****     {
 639              		.loc 1 243 25 is_stmt 0 discriminator 1 view .LVU197
ARM GAS  /tmp/cc66eICS.s 			page 63


 640 0194 029B     		ldr	r3, [sp, #8]
 243:../../Middlewares/stm32-vision-models-postprocessing/lib_vision_models_pp/Src/iseg_pp_yolov8.c ****     {
 641              		.loc 1 243 39 discriminator 2 view .LVU198
 642 0196 0132     		adds	r2, r2, #1
 643              	.LVL36:
 243:../../Middlewares/stm32-vision-models-postprocessing/lib_vision_models_pp/Src/iseg_pp_yolov8.c ****     {
 644              		.loc 1 243 25 discriminator 1 view .LVU199
 645 0198 0133     		adds	r3, r3, #1
 646 019a 9045     		cmp	r8, r2
 260:../../Middlewares/stm32-vision-models-postprocessing/lib_vision_models_pp/Src/iseg_pp_yolov8.c ****     }
 647              		.loc 1 260 22 view .LVU200
 648 019c 01F10101 		add	r1, r1, #1
 649              	.LVL37:
 243:../../Middlewares/stm32-vision-models-postprocessing/lib_vision_models_pp/Src/iseg_pp_yolov8.c ****     {
 650              		.loc 1 243 39 is_stmt 1 discriminator 2 view .LVU201
 243:../../Middlewares/stm32-vision-models-postprocessing/lib_vision_models_pp/Src/iseg_pp_yolov8.c ****     {
 651              		.loc 1 243 25 discriminator 1 view .LVU202
 652 01a0 0293     		str	r3, [sp, #8]
 653 01a2 D1D1     		bne	.L16
 654 01a4 4644     		add	r6, r6, r8
 655              	.LBE80:
 262:../../Middlewares/stm32-vision-models-postprocessing/lib_vision_models_pp/Src/iseg_pp_yolov8.c **** 
 656              		.loc 1 262 5 view .LVU203
 262:../../Middlewares/stm32-vision-models-postprocessing/lib_vision_models_pp/Src/iseg_pp_yolov8.c **** 
 657              		.loc 1 262 14 is_stmt 0 view .LVU204
 658 01a6 A5EB0805 		sub	r5, r5, r8
 659              	.LVL38:
 262:../../Middlewares/stm32-vision-models-postprocessing/lib_vision_models_pp/Src/iseg_pp_yolov8.c **** 
 660              		.loc 1 262 14 view .LVU205
 661 01aa 5CE7     		b	.L12
 662              	.LVL39:
 663              	.L15:
 664              	.LBB81:
 665              	.LBB78:
 255:../../Middlewares/stm32-vision-models-postprocessing/lib_vision_models_pp/Src/iseg_pp_yolov8.c ****         }
 666              		.loc 1 255 11 is_stmt 1 view .LVU206
 255:../../Middlewares/stm32-vision-models-postprocessing/lib_vision_models_pp/Src/iseg_pp_yolov8.c ****         }
 667              		.loc 1 255 51 is_stmt 0 view .LVU207
 668 01ac 9EF900A0 		ldrsb	r10, [lr]
 255:../../Middlewares/stm32-vision-models-postprocessing/lib_vision_models_pp/Src/iseg_pp_yolov8.c ****         }
 669              		.loc 1 255 33 view .LVU208
 670 01b0 A368     		ldr	r3, [r4, #8]
 671 01b2 BE44     		add	lr, lr, r7
 672 01b4 03F80CA0 		strb	r10, [r3, ip]
 253:../../Middlewares/stm32-vision-models-postprocessing/lib_vision_models_pp/Src/iseg_pp_yolov8.c ****         {
 673              		.loc 1 253 65 is_stmt 1 discriminator 3 view .LVU209
 674 01b8 0CF1010C 		add	ip, ip, #1
 675              	.LVL40:
 253:../../Middlewares/stm32-vision-models-postprocessing/lib_vision_models_pp/Src/iseg_pp_yolov8.c ****         {
 676              		.loc 1 253 65 is_stmt 0 discriminator 3 view .LVU210
 677 01bc E0E7     		b	.L14
 678              	.LVL41:
 679              	.L36:
 253:../../Middlewares/stm32-vision-models-postprocessing/lib_vision_models_pp/Src/iseg_pp_yolov8.c ****         {
 680              		.loc 1 253 65 discriminator 3 view .LVU211
 681              	.LBE78:
 682              	.LBE81:
ARM GAS  /tmp/cc66eICS.s 			page 64


 683              	.LBE83:
 684              	.LBE87:
 685              	.LBE165:
 686              	.LBB166:
 687              	.LBB106:
  51:../../Middlewares/stm32-vision-models-postprocessing/lib_vision_models_pp/Src/iseg_pp_yolov8.c ****         detections_per_class = 0;
 688              		.loc 1 51 9 is_stmt 1 view .LVU212
  52:../../Middlewares/stm32-vision-models-postprocessing/lib_vision_models_pp/Src/iseg_pp_yolov8.c ****         AI_YOLOV8_SEG_PP_SORT_CLASS = k;
 689              		.loc 1 52 9 view .LVU213
  53:../../Middlewares/stm32-vision-models-postprocessing/lib_vision_models_pp/Src/iseg_pp_yolov8.c **** 
 690              		.loc 1 53 9 view .LVU214
 691              	.LBB94:
  57:../../Middlewares/stm32-vision-models-postprocessing/lib_vision_models_pp/Src/iseg_pp_yolov8.c ****         {
 692              		.loc 1 57 22 is_stmt 0 view .LVU215
 693 01be 0022     		movs	r2, #0
 694              	.LBE94:
  53:../../Middlewares/stm32-vision-models-postprocessing/lib_vision_models_pp/Src/iseg_pp_yolov8.c **** 
 695              		.loc 1 53 37 view .LVU216
 696 01c0 9D4B     		ldr	r3, .L63
 697 01c2 9142     		cmp	r1, r2
 698 01c4 1E60     		str	r6, [r3]
  57:../../Middlewares/stm32-vision-models-postprocessing/lib_vision_models_pp/Src/iseg_pp_yolov8.c ****         {
 699              		.loc 1 57 9 is_stmt 1 view .LVU217
 700              	.LBB95:
  57:../../Middlewares/stm32-vision-models-postprocessing/lib_vision_models_pp/Src/iseg_pp_yolov8.c ****         {
 701              		.loc 1 57 14 view .LVU218
 702              	.LVL42:
  57:../../Middlewares/stm32-vision-models-postprocessing/lib_vision_models_pp/Src/iseg_pp_yolov8.c ****         {
 703              		.loc 1 57 14 is_stmt 0 view .LVU219
 704              	.LBE95:
  52:../../Middlewares/stm32-vision-models-postprocessing/lib_vision_models_pp/Src/iseg_pp_yolov8.c ****         AI_YOLOV8_SEG_PP_SORT_CLASS = k;
 705              		.loc 1 52 30 view .LVU220
 706 01c6 1446     		mov	r4, r2
 707              	.LBB96:
  59:../../Middlewares/stm32-vision-models-postprocessing/lib_vision_models_pp/Src/iseg_pp_yolov8.c ****             {
 708              		.loc 1 59 30 view .LVU221
 709 01c8 01F10103 		add	r3, r1, #1
 710 01cc 4FF00C07 		mov	r7, #12
 711 01d0 B8BF     		it	lt
 712 01d2 0123     		movlt	r3, #1
 713 01d4 681D     		adds	r0, r5, #5
 714              	.LVL43:
 715              	.L19:
  57:../../Middlewares/stm32-vision-models-postprocessing/lib_vision_models_pp/Src/iseg_pp_yolov8.c ****         {
 716              		.loc 1 57 31 is_stmt 1 discriminator 1 view .LVU222
 717 01d6 013B     		subs	r3, r3, #1
 718 01d8 02D1     		bne	.L21
 719              	.LBE96:
  65:../../Middlewares/stm32-vision-models-postprocessing/lib_vision_models_pp/Src/iseg_pp_yolov8.c ****         {
 720              		.loc 1 65 9 view .LVU223
  65:../../Middlewares/stm32-vision-models-postprocessing/lib_vision_models_pp/Src/iseg_pp_yolov8.c ****         {
 721              		.loc 1 65 12 is_stmt 0 view .LVU224
 722 01da 54B9     		cbnz	r4, .L22
 723              	.LVL44:
 724              	.L35:
  49:../../Middlewares/stm32-vision-models-postprocessing/lib_vision_models_pp/Src/iseg_pp_yolov8.c ****     {
 725              		.loc 1 49 54 is_stmt 1 discriminator 2 view .LVU225
ARM GAS  /tmp/cc66eICS.s 			page 65


 726 01dc 0136     		adds	r6, r6, #1
 727              	.LVL45:
  49:../../Middlewares/stm32-vision-models-postprocessing/lib_vision_models_pp/Src/iseg_pp_yolov8.c ****     {
 728              		.loc 1 49 54 is_stmt 0 discriminator 2 view .LVU226
 729 01de 47E7     		b	.L18
 730              	.LVL46:
 731              	.L21:
 732              	.LBB97:
  59:../../Middlewares/stm32-vision-models-postprocessing/lib_vision_models_pp/Src/iseg_pp_yolov8.c ****             {
 733              		.loc 1 59 13 is_stmt 1 view .LVU227
  59:../../Middlewares/stm32-vision-models-postprocessing/lib_vision_models_pp/Src/iseg_pp_yolov8.c ****             {
 734              		.loc 1 59 30 is_stmt 0 view .LVU228
 735 01e0 07FB02FC 		mul	ip, r7, r2
 736 01e4 10F80CC0 		ldrb	ip, [r0, ip]	@ zero_extendqisi2
  57:../../Middlewares/stm32-vision-models-postprocessing/lib_vision_models_pp/Src/iseg_pp_yolov8.c ****         {
 737              		.loc 1 57 68 discriminator 2 view .LVU229
 738 01e8 0132     		adds	r2, r2, #1
 739              	.LVL47:
  61:../../Middlewares/stm32-vision-models-postprocessing/lib_vision_models_pp/Src/iseg_pp_yolov8.c ****             }
 740              		.loc 1 61 37 view .LVU230
 741 01ea 6645     		cmp	r6, ip
 742 01ec 54EA1494 		cinc	r4, r4, eq
 743              	.LVL48:
  57:../../Middlewares/stm32-vision-models-postprocessing/lib_vision_models_pp/Src/iseg_pp_yolov8.c ****         {
 744              		.loc 1 57 68 is_stmt 1 discriminator 2 view .LVU231
 745 01f0 F1E7     		b	.L19
 746              	.LVL49:
 747              	.L22:
  57:../../Middlewares/stm32-vision-models-postprocessing/lib_vision_models_pp/Src/iseg_pp_yolov8.c ****         {
 748              		.loc 1 57 68 is_stmt 0 discriminator 2 view .LVU232
 749              	.LBE97:
  68:../../Middlewares/stm32-vision-models-postprocessing/lib_vision_models_pp/Src/iseg_pp_yolov8.c ****                   pInput_static_param->nb_detect,
 750              		.loc 1 68 13 is_stmt 1 view .LVU233
 751 01f2 0C22     		movs	r2, #12
 752              	.LVL50:
  68:../../Middlewares/stm32-vision-models-postprocessing/lib_vision_models_pp/Src/iseg_pp_yolov8.c ****                   pInput_static_param->nb_detect,
 753              		.loc 1 68 13 is_stmt 0 view .LVU234
 754 01f4 2846     		mov	r0, r5
 755 01f6 914B     		ldr	r3, .L63+4
 756 01f8 FFF7FEFF 		bl	qsort
 757              	.LVL51:
  73:../../Middlewares/stm32-vision-models-postprocessing/lib_vision_models_pp/Src/iseg_pp_yolov8.c ****             {
 758              		.loc 1 73 13 is_stmt 1 view .LVU235
 759              	.LBB98:
  73:../../Middlewares/stm32-vision-models-postprocessing/lib_vision_models_pp/Src/iseg_pp_yolov8.c ****             {
 760              		.loc 1 73 18 view .LVU236
  73:../../Middlewares/stm32-vision-models-postprocessing/lib_vision_models_pp/Src/iseg_pp_yolov8.c ****             {
 761              		.loc 1 73 35 discriminator 1 view .LVU237
 762 01fc A846     		mov	r8, r5
 763              	.LBE98:
  68:../../Middlewares/stm32-vision-models-postprocessing/lib_vision_models_pp/Src/iseg_pp_yolov8.c ****                   pInput_static_param->nb_detect,
 764              		.loc 1 68 13 is_stmt 0 view .LVU238
 765 01fe 2F46     		mov	r7, r5
 766              	.LBB102:
  73:../../Middlewares/stm32-vision-models-postprocessing/lib_vision_models_pp/Src/iseg_pp_yolov8.c ****             {
 767              		.loc 1 73 26 view .LVU239
 768 0200 4FF00009 		mov	r9, #0
ARM GAS  /tmp/cc66eICS.s 			page 66


 769              	.LVL52:
 770              	.L24:
 771              	.LBB99:
  75:../../Middlewares/stm32-vision-models-postprocessing/lib_vision_models_pp/Src/iseg_pp_yolov8.c ****                 int8_t *a = &pOutBuff_s8[i].x_center;
 772              		.loc 1 75 17 is_stmt 1 view .LVU240
  75:../../Middlewares/stm32-vision-models-postprocessing/lib_vision_models_pp/Src/iseg_pp_yolov8.c ****                 int8_t *a = &pOutBuff_s8[i].x_center;
 773              		.loc 1 75 20 is_stmt 0 view .LVU241
 774 0204 97F90430 		ldrsb	r3, [r7, #4]
  77:../../Middlewares/stm32-vision-models-postprocessing/lib_vision_models_pp/Src/iseg_pp_yolov8.c ****                 {
 775              		.loc 1 77 24 view .LVU242
 776 0208 09F10109 		add	r9, r9, #1
 777              	.LVL53:
  75:../../Middlewares/stm32-vision-models-postprocessing/lib_vision_models_pp/Src/iseg_pp_yolov8.c ****                 int8_t *a = &pOutBuff_s8[i].x_center;
 778              		.loc 1 75 20 view .LVU243
 779 020c 8033     		adds	r3, r3, #128
 780 020e 3CD1     		bne	.L52
 781              	.L31:
 782              	.LBE99:
  73:../../Middlewares/stm32-vision-models-postprocessing/lib_vision_models_pp/Src/iseg_pp_yolov8.c ****             {
 783              		.loc 1 73 62 is_stmt 1 discriminator 2 view .LVU244
 784              	.LVL54:
  73:../../Middlewares/stm32-vision-models-postprocessing/lib_vision_models_pp/Src/iseg_pp_yolov8.c ****             {
 785              		.loc 1 73 35 discriminator 1 view .LVU245
 786 0210 4C45     		cmp	r4, r9
 787 0212 07F10C07 		add	r7, r7, #12
 788 0216 F5D1     		bne	.L24
 789 0218 0C23     		movs	r3, #12
 790              	.LBE102:
  51:../../Middlewares/stm32-vision-models-postprocessing/lib_vision_models_pp/Src/iseg_pp_yolov8.c ****         detections_per_class = 0;
 791              		.loc 1 51 23 is_stmt 0 view .LVU246
 792 021a 0021     		movs	r1, #0
 793 021c 03FB0453 		mla	r3, r3, r4, r5
 794              	.LBB103:
  99:../../Middlewares/stm32-vision-models-postprocessing/lib_vision_models_pp/Src/iseg_pp_yolov8.c ****                 }
 795              		.loc 1 99 41 view .LVU247
 796 0220 5B1B     		subs	r3, r3, r5
 797 0222 8748     		ldr	r0, .L63+8
 798 0224 0C3B     		subs	r3, r3, #12
 799 0226 9B08     		lsrs	r3, r3, #2
 800 0228 4343     		muls	r3, r0, r3
  92:../../Middlewares/stm32-vision-models-postprocessing/lib_vision_models_pp/Src/iseg_pp_yolov8.c ****                     (pOutBuff_s8[i].conf != -128))
 801              		.loc 1 92 57 view .LVU248
 802 022a DBF80820 		ldr	r2, [fp, #8]
  99:../../Middlewares/stm32-vision-models-postprocessing/lib_vision_models_pp/Src/iseg_pp_yolov8.c ****                 }
 803              		.loc 1 99 41 view .LVU249
 804 022e 23F04043 		bic	r3, r3, #-1073741824
 805 0232 0133     		adds	r3, r3, #1
 806              	.LVL55:
 807              	.L34:
  92:../../Middlewares/stm32-vision-models-postprocessing/lib_vision_models_pp/Src/iseg_pp_yolov8.c ****                     (pOutBuff_s8[i].conf != -128))
 808              		.loc 1 92 17 is_stmt 1 view .LVU250
  92:../../Middlewares/stm32-vision-models-postprocessing/lib_vision_models_pp/Src/iseg_pp_yolov8.c ****                     (pOutBuff_s8[i].conf != -128))
 809              		.loc 1 92 20 is_stmt 0 view .LVU251
 810 0234 8A42     		cmp	r2, r1
 811 0236 2BDD     		ble	.L32
  92:../../Middlewares/stm32-vision-models-postprocessing/lib_vision_models_pp/Src/iseg_pp_yolov8.c ****                     (pOutBuff_s8[i].conf != -128))
 812              		.loc 1 92 76 discriminator 1 view .LVU252
ARM GAS  /tmp/cc66eICS.s 			page 67


 813 0238 98F90400 		ldrsb	r0, [r8, #4]
 814 023c 8030     		adds	r0, r0, #128
 815 023e 27D0     		beq	.L32
  95:../../Middlewares/stm32-vision-models-postprocessing/lib_vision_models_pp/Src/iseg_pp_yolov8.c ****                 }
 816              		.loc 1 95 21 is_stmt 1 view .LVU253
  95:../../Middlewares/stm32-vision-models-postprocessing/lib_vision_models_pp/Src/iseg_pp_yolov8.c ****                 }
 817              		.loc 1 95 34 is_stmt 0 view .LVU254
 818 0240 0131     		adds	r1, r1, #1
 819              	.LVL56:
 820              	.L33:
  90:../../Middlewares/stm32-vision-models-postprocessing/lib_vision_models_pp/Src/iseg_pp_yolov8.c ****             {
 821              		.loc 1 90 60 is_stmt 1 discriminator 2 view .LVU255
  90:../../Middlewares/stm32-vision-models-postprocessing/lib_vision_models_pp/Src/iseg_pp_yolov8.c ****             {
 822              		.loc 1 90 35 discriminator 1 view .LVU256
 823 0242 013B     		subs	r3, r3, #1
 824 0244 08F10C08 		add	r8, r8, #12
 825 0248 F4D1     		bne	.L34
  90:../../Middlewares/stm32-vision-models-postprocessing/lib_vision_models_pp/Src/iseg_pp_yolov8.c ****             {
 826              		.loc 1 90 35 is_stmt 0 discriminator 1 view .LVU257
 827 024a C7E7     		b	.L35
 828              	.LVL57:
 829              	.L30:
  90:../../Middlewares/stm32-vision-models-postprocessing/lib_vision_models_pp/Src/iseg_pp_yolov8.c ****             {
 830              		.loc 1 90 35 discriminator 1 view .LVU258
 831              	.LBE103:
 832              	.LBB104:
 833              	.LBB101:
 834              	.LBB100:
  79:../../Middlewares/stm32-vision-models-postprocessing/lib_vision_models_pp/Src/iseg_pp_yolov8.c ****                     int8_t * b = &pOutBuff_s8[j].x_center;
 835              		.loc 1 79 21 is_stmt 1 view .LVU259
  79:../../Middlewares/stm32-vision-models-postprocessing/lib_vision_models_pp/Src/iseg_pp_yolov8.c ****                     int8_t * b = &pOutBuff_s8[j].x_center;
 836              		.loc 1 79 24 is_stmt 0 view .LVU260
 837 024c 9AF91020 		ldrsb	r2, [r10, #16]
 838 0250 0AF10C01 		add	r1, r10, #12
 839 0254 8032     		adds	r2, r2, #128
 840 0256 13D0     		beq	.L27
  81:../../Middlewares/stm32-vision-models-postprocessing/lib_vision_models_pp/Src/iseg_pp_yolov8.c ****                     if (f_iou > pInput_static_param->iou_threshold)
 841              		.loc 1 81 39 view .LVU261
 842 0258 9BF92020 		ldrsb	r2, [fp, #32]
 843 025c 3846     		mov	r0, r7
 844 025e 0393     		str	r3, [sp, #12]
  80:../../Middlewares/stm32-vision-models-postprocessing/lib_vision_models_pp/Src/iseg_pp_yolov8.c ****                     float32_t f_iou = vision_models_box_iou_is8(a, b, pInput_static_param->raw_outp
 845              		.loc 1 80 21 is_stmt 1 view .LVU262
 846              	.LVL58:
  81:../../Middlewares/stm32-vision-models-postprocessing/lib_vision_models_pp/Src/iseg_pp_yolov8.c ****                     if (f_iou > pInput_static_param->iou_threshold)
 847              		.loc 1 81 21 view .LVU263
  81:../../Middlewares/stm32-vision-models-postprocessing/lib_vision_models_pp/Src/iseg_pp_yolov8.c ****                     if (f_iou > pInput_static_param->iou_threshold)
 848              		.loc 1 81 39 is_stmt 0 view .LVU264
 849 0260 0291     		str	r1, [sp, #8]
 850 0262 FFF7FEFF 		bl	vision_models_box_iou_is8
 851              	.LVL59:
  82:../../Middlewares/stm32-vision-models-postprocessing/lib_vision_models_pp/Src/iseg_pp_yolov8.c ****                     {
 852              		.loc 1 82 21 is_stmt 1 view .LVU265
  82:../../Middlewares/stm32-vision-models-postprocessing/lib_vision_models_pp/Src/iseg_pp_yolov8.c ****                     {
 853              		.loc 1 82 24 is_stmt 0 view .LVU266
 854 0266 DDE90213 		ldrd	r1, r3, [sp, #8]
  84:../../Middlewares/stm32-vision-models-postprocessing/lib_vision_models_pp/Src/iseg_pp_yolov8.c ****                     }
ARM GAS  /tmp/cc66eICS.s 			page 68


 855              		.loc 1 84 25 is_stmt 1 view .LVU267
  82:../../Middlewares/stm32-vision-models-postprocessing/lib_vision_models_pp/Src/iseg_pp_yolov8.c ****                     {
 856              		.loc 1 82 24 is_stmt 0 view .LVU268
 857 026a DBED047A 		vldr.32	s15, [fp, #16]
 858 026e B4EEE70A 		vcmpe.f32	s0, s15
 859 0272 F1EE10FA 		vmrs	APSR_nzcv, FPSCR
  84:../../Middlewares/stm32-vision-models-postprocessing/lib_vision_models_pp/Src/iseg_pp_yolov8.c ****                     }
 860              		.loc 1 84 45 view .LVU269
 861 0276 C4BF     		itt	gt
 862 0278 6FF07F02 		mvngt	r2, #127
 863 027c 8AF81020 		strbgt	r2, [r10, #16]
 864              	.LVL60:
 865              	.L27:
  84:../../Middlewares/stm32-vision-models-postprocessing/lib_vision_models_pp/Src/iseg_pp_yolov8.c ****                     }
 866              		.loc 1 84 45 view .LVU270
 867              	.LBE100:
  77:../../Middlewares/stm32-vision-models-postprocessing/lib_vision_models_pp/Src/iseg_pp_yolov8.c ****                 {
 868              		.loc 1 77 61 is_stmt 1 discriminator 2 view .LVU271
 869 0280 8A46     		mov	r10, r1
 870 0282 0133     		adds	r3, r3, #1
 871              	.LVL61:
 872              	.L23:
  77:../../Middlewares/stm32-vision-models-postprocessing/lib_vision_models_pp/Src/iseg_pp_yolov8.c ****                 {
 873              		.loc 1 77 35 discriminator 1 view .LVU272
 874 0284 9C42     		cmp	r4, r3
 875 0286 E1DC     		bgt	.L30
 876 0288 C2E7     		b	.L31
 877              	.LVL62:
 878              	.L52:
  77:../../Middlewares/stm32-vision-models-postprocessing/lib_vision_models_pp/Src/iseg_pp_yolov8.c ****                 {
 879              		.loc 1 77 35 is_stmt 0 discriminator 1 view .LVU273
 880 028a BA46     		mov	r10, r7
  77:../../Middlewares/stm32-vision-models-postprocessing/lib_vision_models_pp/Src/iseg_pp_yolov8.c ****                 {
 881              		.loc 1 77 24 view .LVU274
 882 028c 4B46     		mov	r3, r9
 883 028e F9E7     		b	.L23
 884              	.LVL63:
 885              	.L32:
  77:../../Middlewares/stm32-vision-models-postprocessing/lib_vision_models_pp/Src/iseg_pp_yolov8.c ****                 {
 886              		.loc 1 77 24 view .LVU275
 887              	.LBE101:
 888              	.LBE104:
 889              	.LBB105:
  99:../../Middlewares/stm32-vision-models-postprocessing/lib_vision_models_pp/Src/iseg_pp_yolov8.c ****                 }
 890              		.loc 1 99 21 is_stmt 1 view .LVU276
  99:../../Middlewares/stm32-vision-models-postprocessing/lib_vision_models_pp/Src/iseg_pp_yolov8.c ****                 }
 891              		.loc 1 99 41 is_stmt 0 view .LVU277
 892 0290 6FF07F00 		mvn	r0, #127
 893 0294 88F80400 		strb	r0, [r8, #4]
 894 0298 D3E7     		b	.L33
 895              	.LVL64:
 896              	.L51:
  99:../../Middlewares/stm32-vision-models-postprocessing/lib_vision_models_pp/Src/iseg_pp_yolov8.c ****                 }
 897              		.loc 1 99 41 view .LVU278
 898              	.LBE105:
 899              	.LBE106:
 900              	.LBE166:
ARM GAS  /tmp/cc66eICS.s 			page 69


 901              	.LBB167:
 902              	.LBB163:
 903              	.LBB161:
 133:../../Middlewares/stm32-vision-models-postprocessing/lib_vision_models_pp/Src/iseg_pp_yolov8.c ****     {
 904              		.loc 1 133 5 is_stmt 1 view .LVU279
 133:../../Middlewares/stm32-vision-models-postprocessing/lib_vision_models_pp/Src/iseg_pp_yolov8.c ****     {
 905              		.loc 1 133 23 is_stmt 0 view .LVU280
 906 029a 92F90450 		ldrsb	r5, [r2, #4]
 133:../../Middlewares/stm32-vision-models-postprocessing/lib_vision_models_pp/Src/iseg_pp_yolov8.c ****     {
 907              		.loc 1 133 8 view .LVU281
 908 029e 079B     		ldr	r3, [sp, #28]
 909 02a0 AB42     		cmp	r3, r5
 910 02a2 56DC     		bgt	.L38
 133:../../Middlewares/stm32-vision-models-postprocessing/lib_vision_models_pp/Src/iseg_pp_yolov8.c ****     {
 911              		.loc 1 133 45 discriminator 1 view .LVU282
 912 02a4 DBF80830 		ldr	r3, [fp, #8]
 913 02a8 0299     		ldr	r1, [sp, #8]
 914 02aa 8B42     		cmp	r3, r1
 915 02ac 51DD     		ble	.L38
 916              	.LBB155:
 135:../../Middlewares/stm32-vision-models-postprocessing/lib_vision_models_pp/Src/iseg_pp_yolov8.c ****       uint8_t *binary_mask    = pOutput->pOutBuff[det_count].pMask;
 917              		.loc 1 135 7 is_stmt 1 view .LVU283
 139:../../Middlewares/stm32-vision-models-postprocessing/lib_vision_models_pp/Src/iseg_pp_yolov8.c ****       pOutput->pOutBuff[det_count].y_center    = ((int32_t)pOutBuff_s8[d].y_center - raw_zp) * raw_
 918              		.loc 1 139 51 is_stmt 0 view .LVU284
 919 02ae 92F90060 		ldrsb	r6, [r2]
 136:../../Middlewares/stm32-vision-models-postprocessing/lib_vision_models_pp/Src/iseg_pp_yolov8.c ****       int8_t  *Raw_masks      = pInput->pRaw_masks;//(64x64x32)
 920              		.loc 1 136 50 view .LVU285
 921 02b2 1C20     		movs	r0, #28
 139:../../Middlewares/stm32-vision-models-postprocessing/lib_vision_models_pp/Src/iseg_pp_yolov8.c ****       pOutput->pOutBuff[det_count].y_center    = ((int32_t)pOutBuff_s8[d].y_center - raw_zp) * raw_
 922              		.loc 1 139 84 view .LVU286
 923 02b4 361B     		subs	r6, r6, r4
 924 02b6 07EE906A 		vmov	s15, r6	@ int
 139:../../Middlewares/stm32-vision-models-postprocessing/lib_vision_models_pp/Src/iseg_pp_yolov8.c ****       pOutput->pOutBuff[det_count].y_center    = ((int32_t)pOutBuff_s8[d].y_center - raw_zp) * raw_
 925              		.loc 1 139 94 view .LVU287
 926 02ba F8EEE77A 		vcvt.f32.s32	s15, s15
 927 02be 67EE877A 		vmul.f32	s15, s15, s14
 136:../../Middlewares/stm32-vision-models-postprocessing/lib_vision_models_pp/Src/iseg_pp_yolov8.c ****       int8_t  *Raw_masks      = pInput->pRaw_masks;//(64x64x32)
 928              		.loc 1 136 50 view .LVU288
 929 02c2 049B     		ldr	r3, [sp, #16]
 135:../../Middlewares/stm32-vision-models-postprocessing/lib_vision_models_pp/Src/iseg_pp_yolov8.c ****       uint8_t *binary_mask    = pOutput->pOutBuff[det_count].pMask;
 930              		.loc 1 135 16 view .LVU289
 931 02c4 DBF83090 		ldr	r9, [fp, #48]
 932              	.LVL65:
 136:../../Middlewares/stm32-vision-models-postprocessing/lib_vision_models_pp/Src/iseg_pp_yolov8.c ****       int8_t  *Raw_masks      = pInput->pRaw_masks;//(64x64x32)
 933              		.loc 1 136 7 is_stmt 1 view .LVU290
 136:../../Middlewares/stm32-vision-models-postprocessing/lib_vision_models_pp/Src/iseg_pp_yolov8.c ****       int8_t  *Raw_masks      = pInput->pRaw_masks;//(64x64x32)
 934              		.loc 1 136 50 is_stmt 0 view .LVU291
 935 02c8 1B68     		ldr	r3, [r3]
 143:../../Middlewares/stm32-vision-models-postprocessing/lib_vision_models_pp/Src/iseg_pp_yolov8.c ****       pOutput->pOutBuff[det_count].class_index =  (int32_t)pOutBuff_s8[d].class_index;
 936              		.loc 1 143 84 view .LVU292
 937 02ca 2D1B     		subs	r5, r5, r4
 136:../../Middlewares/stm32-vision-models-postprocessing/lib_vision_models_pp/Src/iseg_pp_yolov8.c ****       int8_t  *Raw_masks      = pInput->pRaw_masks;//(64x64x32)
 938              		.loc 1 136 50 view .LVU293
 939 02cc 00FB0133 		mla	r3, r0, r1, r3
 137:../../Middlewares/stm32-vision-models-postprocessing/lib_vision_models_pp/Src/iseg_pp_yolov8.c **** 
 940              		.loc 1 137 16 view .LVU294
 941 02d0 0699     		ldr	r1, [sp, #24]
ARM GAS  /tmp/cc66eICS.s 			page 70


 136:../../Middlewares/stm32-vision-models-postprocessing/lib_vision_models_pp/Src/iseg_pp_yolov8.c ****       int8_t  *Raw_masks      = pInput->pRaw_masks;//(64x64x32)
 942              		.loc 1 136 16 view .LVU295
 943 02d2 9869     		ldr	r0, [r3, #24]
 944              	.LVL66:
 137:../../Middlewares/stm32-vision-models-postprocessing/lib_vision_models_pp/Src/iseg_pp_yolov8.c **** 
 945              		.loc 1 137 7 is_stmt 1 view .LVU296
 137:../../Middlewares/stm32-vision-models-postprocessing/lib_vision_models_pp/Src/iseg_pp_yolov8.c **** 
 946              		.loc 1 137 16 is_stmt 0 view .LVU297
 947 02d4 4968     		ldr	r1, [r1, #4]
 948              	.LVL67:
 139:../../Middlewares/stm32-vision-models-postprocessing/lib_vision_models_pp/Src/iseg_pp_yolov8.c ****       pOutput->pOutBuff[det_count].y_center    = ((int32_t)pOutBuff_s8[d].y_center - raw_zp) * raw_
 949              		.loc 1 139 7 is_stmt 1 view .LVU298
 139:../../Middlewares/stm32-vision-models-postprocessing/lib_vision_models_pp/Src/iseg_pp_yolov8.c ****       pOutput->pOutBuff[det_count].y_center    = ((int32_t)pOutBuff_s8[d].y_center - raw_zp) * raw_
 950              		.loc 1 139 48 is_stmt 0 view .LVU299
 951 02d6 C3ED007A 		vstr.32	s15, [r3]
 140:../../Middlewares/stm32-vision-models-postprocessing/lib_vision_models_pp/Src/iseg_pp_yolov8.c ****       pOutput->pOutBuff[det_count].width       = ((int32_t)pOutBuff_s8[d].width    - raw_zp) * raw_
 952              		.loc 1 140 7 is_stmt 1 view .LVU300
 140:../../Middlewares/stm32-vision-models-postprocessing/lib_vision_models_pp/Src/iseg_pp_yolov8.c ****       pOutput->pOutBuff[det_count].width       = ((int32_t)pOutBuff_s8[d].width    - raw_zp) * raw_
 953              		.loc 1 140 51 is_stmt 0 view .LVU301
 954 02da 92F90160 		ldrsb	r6, [r2, #1]
 140:../../Middlewares/stm32-vision-models-postprocessing/lib_vision_models_pp/Src/iseg_pp_yolov8.c ****       pOutput->pOutBuff[det_count].width       = ((int32_t)pOutBuff_s8[d].width    - raw_zp) * raw_
 955              		.loc 1 140 84 view .LVU302
 956 02de 361B     		subs	r6, r6, r4
 957 02e0 07EE906A 		vmov	s15, r6	@ int
 140:../../Middlewares/stm32-vision-models-postprocessing/lib_vision_models_pp/Src/iseg_pp_yolov8.c ****       pOutput->pOutBuff[det_count].width       = ((int32_t)pOutBuff_s8[d].width    - raw_zp) * raw_
 958              		.loc 1 140 94 view .LVU303
 959 02e4 F8EEE77A 		vcvt.f32.s32	s15, s15
 960 02e8 67EE877A 		vmul.f32	s15, s15, s14
 140:../../Middlewares/stm32-vision-models-postprocessing/lib_vision_models_pp/Src/iseg_pp_yolov8.c ****       pOutput->pOutBuff[det_count].width       = ((int32_t)pOutBuff_s8[d].width    - raw_zp) * raw_
 961              		.loc 1 140 48 view .LVU304
 962 02ec C3ED017A 		vstr.32	s15, [r3, #4]
 141:../../Middlewares/stm32-vision-models-postprocessing/lib_vision_models_pp/Src/iseg_pp_yolov8.c ****       pOutput->pOutBuff[det_count].height      = ((int32_t)pOutBuff_s8[d].height   - raw_zp) * raw_
 963              		.loc 1 141 7 is_stmt 1 view .LVU305
 141:../../Middlewares/stm32-vision-models-postprocessing/lib_vision_models_pp/Src/iseg_pp_yolov8.c ****       pOutput->pOutBuff[det_count].height      = ((int32_t)pOutBuff_s8[d].height   - raw_zp) * raw_
 964              		.loc 1 141 51 is_stmt 0 view .LVU306
 965 02f0 92F90260 		ldrsb	r6, [r2, #2]
 141:../../Middlewares/stm32-vision-models-postprocessing/lib_vision_models_pp/Src/iseg_pp_yolov8.c ****       pOutput->pOutBuff[det_count].height      = ((int32_t)pOutBuff_s8[d].height   - raw_zp) * raw_
 966              		.loc 1 141 84 view .LVU307
 967 02f4 361B     		subs	r6, r6, r4
 968 02f6 07EE906A 		vmov	s15, r6	@ int
 141:../../Middlewares/stm32-vision-models-postprocessing/lib_vision_models_pp/Src/iseg_pp_yolov8.c ****       pOutput->pOutBuff[det_count].height      = ((int32_t)pOutBuff_s8[d].height   - raw_zp) * raw_
 969              		.loc 1 141 94 view .LVU308
 970 02fa F8EEE77A 		vcvt.f32.s32	s15, s15
 971 02fe 67EE877A 		vmul.f32	s15, s15, s14
 141:../../Middlewares/stm32-vision-models-postprocessing/lib_vision_models_pp/Src/iseg_pp_yolov8.c ****       pOutput->pOutBuff[det_count].height      = ((int32_t)pOutBuff_s8[d].height   - raw_zp) * raw_
 972              		.loc 1 141 48 view .LVU309
 973 0302 C3ED027A 		vstr.32	s15, [r3, #8]
 142:../../Middlewares/stm32-vision-models-postprocessing/lib_vision_models_pp/Src/iseg_pp_yolov8.c ****       pOutput->pOutBuff[det_count].conf        = ((int32_t)pOutBuff_s8[d].conf     - raw_zp) * raw_
 974              		.loc 1 142 7 is_stmt 1 view .LVU310
 142:../../Middlewares/stm32-vision-models-postprocessing/lib_vision_models_pp/Src/iseg_pp_yolov8.c ****       pOutput->pOutBuff[det_count].conf        = ((int32_t)pOutBuff_s8[d].conf     - raw_zp) * raw_
 975              		.loc 1 142 51 is_stmt 0 view .LVU311
 976 0306 92F90360 		ldrsb	r6, [r2, #3]
 142:../../Middlewares/stm32-vision-models-postprocessing/lib_vision_models_pp/Src/iseg_pp_yolov8.c ****       pOutput->pOutBuff[det_count].conf        = ((int32_t)pOutBuff_s8[d].conf     - raw_zp) * raw_
 977              		.loc 1 142 84 view .LVU312
 978 030a 361B     		subs	r6, r6, r4
 979 030c 07EE906A 		vmov	s15, r6	@ int
 142:../../Middlewares/stm32-vision-models-postprocessing/lib_vision_models_pp/Src/iseg_pp_yolov8.c ****       pOutput->pOutBuff[det_count].conf        = ((int32_t)pOutBuff_s8[d].conf     - raw_zp) * raw_
ARM GAS  /tmp/cc66eICS.s 			page 71


 980              		.loc 1 142 94 view .LVU313
 981 0310 F8EEE77A 		vcvt.f32.s32	s15, s15
 982 0314 67EE877A 		vmul.f32	s15, s15, s14
 142:../../Middlewares/stm32-vision-models-postprocessing/lib_vision_models_pp/Src/iseg_pp_yolov8.c ****       pOutput->pOutBuff[det_count].conf        = ((int32_t)pOutBuff_s8[d].conf     - raw_zp) * raw_
 983              		.loc 1 142 48 view .LVU314
 984 0318 C3ED037A 		vstr.32	s15, [r3, #12]
 143:../../Middlewares/stm32-vision-models-postprocessing/lib_vision_models_pp/Src/iseg_pp_yolov8.c ****       pOutput->pOutBuff[det_count].class_index =  (int32_t)pOutBuff_s8[d].class_index;
 985              		.loc 1 143 7 is_stmt 1 view .LVU315
 143:../../Middlewares/stm32-vision-models-postprocessing/lib_vision_models_pp/Src/iseg_pp_yolov8.c ****       pOutput->pOutBuff[det_count].class_index =  (int32_t)pOutBuff_s8[d].class_index;
 986              		.loc 1 143 84 is_stmt 0 view .LVU316
 987 031c 07EE905A 		vmov	s15, r5	@ int
 143:../../Middlewares/stm32-vision-models-postprocessing/lib_vision_models_pp/Src/iseg_pp_yolov8.c ****       pOutput->pOutBuff[det_count].class_index =  (int32_t)pOutBuff_s8[d].class_index;
 988              		.loc 1 143 94 view .LVU317
 989 0320 F8EEE77A 		vcvt.f32.s32	s15, s15
 990 0324 67EE877A 		vmul.f32	s15, s15, s14
 143:../../Middlewares/stm32-vision-models-postprocessing/lib_vision_models_pp/Src/iseg_pp_yolov8.c ****       pOutput->pOutBuff[det_count].class_index =  (int32_t)pOutBuff_s8[d].class_index;
 991              		.loc 1 143 48 view .LVU318
 992 0328 C3ED047A 		vstr.32	s15, [r3, #16]
 144:../../Middlewares/stm32-vision-models-postprocessing/lib_vision_models_pp/Src/iseg_pp_yolov8.c **** 
 993              		.loc 1 144 7 is_stmt 1 view .LVU319
 144:../../Middlewares/stm32-vision-models-postprocessing/lib_vision_models_pp/Src/iseg_pp_yolov8.c **** 
 994              		.loc 1 144 51 is_stmt 0 view .LVU320
 995 032c 5579     		ldrb	r5, [r2, #5]	@ zero_extendqisi2
 996 032e 5D61     		str	r5, [r3, #20]
 146:../../Middlewares/stm32-vision-models-postprocessing/lib_vision_models_pp/Src/iseg_pp_yolov8.c ****       {
 997              		.loc 1 146 7 is_stmt 1 view .LVU321
 998              	.LBB149:
 146:../../Middlewares/stm32-vision-models-postprocessing/lib_vision_models_pp/Src/iseg_pp_yolov8.c ****       {
 999              		.loc 1 146 12 view .LVU322
 1000              	.LVL68:
 146:../../Middlewares/stm32-vision-models-postprocessing/lib_vision_models_pp/Src/iseg_pp_yolov8.c ****       {
 1001              		.loc 1 146 20 is_stmt 0 view .LVU323
 1002 0330 0025     		movs	r5, #0
 1003              	.LVL69:
 1004              	.L39:
 146:../../Middlewares/stm32-vision-models-postprocessing/lib_vision_models_pp/Src/iseg_pp_yolov8.c ****       {
 1005              		.loc 1 146 29 is_stmt 1 discriminator 1 view .LVU324
 1006 0332 DBF81830 		ldr	r3, [fp, #24]
 1007 0336 9D42     		cmp	r5, r3
 1008 0338 0FDB     		blt	.L40
 1009              	.LBE149:
 1010              	.LBB150:
 152:../../Middlewares/stm32-vision-models-postprocessing/lib_vision_models_pp/Src/iseg_pp_yolov8.c ****       {
 1011              		.loc 1 152 20 is_stmt 0 view .LVU325
 1012 033a 0023     		movs	r3, #0
 1013              	.LBB145:
 1014              	.LBB137:
 171:../../Middlewares/stm32-vision-models-postprocessing/lib_vision_models_pp/Src/iseg_pp_yolov8.c ****               vstrbq_u32(binary_mask, outBinary);
 1015              		.loc 1 171 38 discriminator 1 view .LVU326
 1016 033c ACEE103B 		vdup.32	q6, r3
 1017              	.LBE137:
 1018              	.LBE145:
 152:../../Middlewares/stm32-vision-models-postprocessing/lib_vision_models_pp/Src/iseg_pp_yolov8.c ****       {
 1019              		.loc 1 152 20 view .LVU327
 1020 0340 0393     		str	r3, [sp, #12]
 1021              	.LVL70:
 1022              	.L41:
ARM GAS  /tmp/cc66eICS.s 			page 72


 152:../../Middlewares/stm32-vision-models-postprocessing/lib_vision_models_pp/Src/iseg_pp_yolov8.c ****       {
 1023              		.loc 1 152 29 is_stmt 1 discriminator 1 view .LVU328
 152:../../Middlewares/stm32-vision-models-postprocessing/lib_vision_models_pp/Src/iseg_pp_yolov8.c ****       {
 1024              		.loc 1 152 50 is_stmt 0 discriminator 1 view .LVU329
 1025 0342 DBF81C30 		ldr	r3, [fp, #28]
 152:../../Middlewares/stm32-vision-models-postprocessing/lib_vision_models_pp/Src/iseg_pp_yolov8.c ****       {
 1026              		.loc 1 152 29 discriminator 1 view .LVU330
 1027 0346 039D     		ldr	r5, [sp, #12]
 1028 0348 AB42     		cmp	r3, r5
 1029 034a 0DDC     		bgt	.L50
 152:../../Middlewares/stm32-vision-models-postprocessing/lib_vision_models_pp/Src/iseg_pp_yolov8.c ****       {
 1030              		.loc 1 152 29 discriminator 1 view .LVU331
 1031              	.LBE150:
 204:../../Middlewares/stm32-vision-models-postprocessing/lib_vision_models_pp/Src/iseg_pp_yolov8.c ****     }
 1032              		.loc 1 204 7 is_stmt 1 view .LVU332
 204:../../Middlewares/stm32-vision-models-postprocessing/lib_vision_models_pp/Src/iseg_pp_yolov8.c ****     }
 1033              		.loc 1 204 16 is_stmt 0 view .LVU333
 1034 034c 029B     		ldr	r3, [sp, #8]
 1035 034e 0133     		adds	r3, r3, #1
 1036 0350 0293     		str	r3, [sp, #8]
 1037              	.LVL71:
 1038              	.L38:
 204:../../Middlewares/stm32-vision-models-postprocessing/lib_vision_models_pp/Src/iseg_pp_yolov8.c ****     }
 1039              		.loc 1 204 16 view .LVU334
 1040              	.LBE155:
 131:../../Middlewares/stm32-vision-models-postprocessing/lib_vision_models_pp/Src/iseg_pp_yolov8.c ****   {
 1041              		.loc 1 131 60 is_stmt 1 discriminator 2 view .LVU335
 1042 0352 0AF1010A 		add	r10, r10, #1
 1043              	.LVL72:
 131:../../Middlewares/stm32-vision-models-postprocessing/lib_vision_models_pp/Src/iseg_pp_yolov8.c ****   {
 1044              		.loc 1 131 60 is_stmt 0 discriminator 2 view .LVU336
 1045 0356 0C32     		adds	r2, r2, #12
 1046 0358 D1E6     		b	.L37
 1047              	.LVL73:
 1048              	.L40:
 1049              	.LBB156:
 1050              	.LBB151:
 148:../../Middlewares/stm32-vision-models-postprocessing/lib_vision_models_pp/Src/iseg_pp_yolov8.c ****       }
 1051              		.loc 1 148 9 is_stmt 1 view .LVU337
 148:../../Middlewares/stm32-vision-models-postprocessing/lib_vision_models_pp/Src/iseg_pp_yolov8.c ****       }
 1052              		.loc 1 148 59 is_stmt 0 view .LVU338
 1053 035a 9368     		ldr	r3, [r2, #8]
 148:../../Middlewares/stm32-vision-models-postprocessing/lib_vision_models_pp/Src/iseg_pp_yolov8.c ****       }
 1054              		.loc 1 148 30 view .LVU339
 1055 035c 5B57     		ldrsb	r3, [r3, r5]
 148:../../Middlewares/stm32-vision-models-postprocessing/lib_vision_models_pp/Src/iseg_pp_yolov8.c ****       }
 1056              		.loc 1 148 63 view .LVU340
 1057 035e 1B1B     		subs	r3, r3, r4
 148:../../Middlewares/stm32-vision-models-postprocessing/lib_vision_models_pp/Src/iseg_pp_yolov8.c ****       }
 1058              		.loc 1 148 27 view .LVU341
 1059 0360 49F82530 		str	r3, [r9, r5, lsl #2]
 146:../../Middlewares/stm32-vision-models-postprocessing/lib_vision_models_pp/Src/iseg_pp_yolov8.c ****       {
 1060              		.loc 1 146 64 is_stmt 1 discriminator 3 view .LVU342
 1061 0364 0135     		adds	r5, r5, #1
 1062              	.LVL74:
 146:../../Middlewares/stm32-vision-models-postprocessing/lib_vision_models_pp/Src/iseg_pp_yolov8.c ****       {
 1063              		.loc 1 146 64 is_stmt 0 discriminator 3 view .LVU343
ARM GAS  /tmp/cc66eICS.s 			page 73


 1064 0366 E4E7     		b	.L39
 1065              	.LVL75:
 1066              	.L50:
 146:../../Middlewares/stm32-vision-models-postprocessing/lib_vision_models_pp/Src/iseg_pp_yolov8.c ****       {
 1067              		.loc 1 146 64 discriminator 3 view .LVU344
 1068              	.LBE151:
 1069              	.LBB152:
 1070              	.LBB146:
 155:../../Middlewares/stm32-vision-models-postprocessing/lib_vision_models_pp/Src/iseg_pp_yolov8.c ****           while(iter_loop--)
 1071              		.loc 1 155 11 is_stmt 1 view .LVU345
 156:../../Middlewares/stm32-vision-models-postprocessing/lib_vision_models_pp/Src/iseg_pp_yolov8.c ****           {
 1072              		.loc 1 156 11 view .LVU346
 156:../../Middlewares/stm32-vision-models-postprocessing/lib_vision_models_pp/Src/iseg_pp_yolov8.c ****           {
 1073              		.loc 1 156 16 is_stmt 0 view .LVU347
 1074 0368 8446     		mov	ip, r0
 1075 036a 23F00303 		bic	r3, r3, #3
 1076              	.LVL76:
 156:../../Middlewares/stm32-vision-models-postprocessing/lib_vision_models_pp/Src/iseg_pp_yolov8.c ****           {
 1077              		.loc 1 156 16 view .LVU348
 1078 036e 00EB0308 		add	r8, r0, r3
 1079              	.LVL77:
 1080              	.L42:
 156:../../Middlewares/stm32-vision-models-postprocessing/lib_vision_models_pp/Src/iseg_pp_yolov8.c ****           {
 1081              		.loc 1 156 17 is_stmt 1 view .LVU349
 1082 0372 C445     		cmp	ip, r8
 1083 0374 15D1     		bne	.L45
 156:../../Middlewares/stm32-vision-models-postprocessing/lib_vision_models_pp/Src/iseg_pp_yolov8.c ****           {
 1084              		.loc 1 156 17 is_stmt 0 view .LVU350
 1085 0376 0344     		add	r3, r3, r0
 178:../../Middlewares/stm32-vision-models-postprocessing/lib_vision_models_pp/Src/iseg_pp_yolov8.c ****           while(iter_loop--)
 1086              		.loc 1 178 11 is_stmt 1 view .LVU351
 1087              	.LVL78:
 179:../../Middlewares/stm32-vision-models-postprocessing/lib_vision_models_pp/Src/iseg_pp_yolov8.c ****           {
 1088              		.loc 1 179 11 view .LVU352
 178:../../Middlewares/stm32-vision-models-postprocessing/lib_vision_models_pp/Src/iseg_pp_yolov8.c ****           while(iter_loop--)
 1089              		.loc 1 178 21 is_stmt 0 view .LVU353
 1090 0378 DBF81C00 		ldr	r0, [fp, #28]
 1091 037c 00F00300 		and	r0, r0, #3
 1092              	.LVL79:
 178:../../Middlewares/stm32-vision-models-postprocessing/lib_vision_models_pp/Src/iseg_pp_yolov8.c ****           while(iter_loop--)
 1093              		.loc 1 178 21 view .LVU354
 1094 0380 1844     		add	r0, r0, r3
 1095              	.LVL80:
 1096              	.L46:
 179:../../Middlewares/stm32-vision-models-postprocessing/lib_vision_models_pp/Src/iseg_pp_yolov8.c ****           {
 1097              		.loc 1 179 17 is_stmt 1 view .LVU355
 179:../../Middlewares/stm32-vision-models-postprocessing/lib_vision_models_pp/Src/iseg_pp_yolov8.c ****           {
 1098              		.loc 1 179 17 is_stmt 0 view .LVU356
 1099 0382 8342     		cmp	r3, r0
 1100 0384 53D0     		beq	.L48
 1101              	.LBB138:
 1102              	.LBB139:
 182:../../Middlewares/stm32-vision-models-postprocessing/lib_vision_models_pp/Src/iseg_pp_yolov8.c ****               {
 1103              		.loc 1 182 28 view .LVU357
 1104 0386 4FF0000C 		mov	ip, #0
 182:../../Middlewares/stm32-vision-models-postprocessing/lib_vision_models_pp/Src/iseg_pp_yolov8.c ****               {
 1105              		.loc 1 182 58 discriminator 1 view .LVU358
ARM GAS  /tmp/cc66eICS.s 			page 74


 1106 038a DBF81880 		ldr	r8, [fp, #24]
 1107              	.LBE139:
 181:../../Middlewares/stm32-vision-models-postprocessing/lib_vision_models_pp/Src/iseg_pp_yolov8.c ****               for (int32_t k = 0; k < pInput_static_param->nb_masks; k++)
 1108              		.loc 1 181 23 view .LVU359
 1109 038e 6546     		mov	r5, ip
 1110 0390 E045     		cmp	r8, ip
 1111 0392 08F1010E 		add	lr, r8, #1
 1112 0396 B8BF     		it	lt
 1113 0398 4FF0010E 		movlt	lr, #1
 1114 039c 4EF001E0 		dls	lr, lr
 1115 03a0 35E0     		b	.L49
 1116              	.LVL81:
 1117              	.L45:
 181:../../Middlewares/stm32-vision-models-postprocessing/lib_vision_models_pp/Src/iseg_pp_yolov8.c ****               for (int32_t k = 0; k < pInput_static_param->nb_masks; k++)
 1118              		.loc 1 181 23 view .LVU360
 1119              	.LBE138:
 1120              	.LBB141:
 159:../../Middlewares/stm32-vision-models-postprocessing/lib_vision_models_pp/Src/iseg_pp_yolov8.c **** 
 1121              		.loc 1 159 15 is_stmt 1 view .LVU361
 159:../../Middlewares/stm32-vision-models-postprocessing/lib_vision_models_pp/Src/iseg_pp_yolov8.c **** 
 1122              		.loc 1 159 45 is_stmt 0 view .LVU362
 1123 03a2 0025     		movs	r5, #0
 1124 03a4 AAEE105B 		vdup.32	q5, r5
 1125              	.LVL82:
 161:../../Middlewares/stm32-vision-models-postprocessing/lib_vision_models_pp/Src/iseg_pp_yolov8.c ****               {
 1126              		.loc 1 161 15 is_stmt 1 view .LVU363
 1127              	.LBB129:
 161:../../Middlewares/stm32-vision-models-postprocessing/lib_vision_models_pp/Src/iseg_pp_yolov8.c ****               {
 1128              		.loc 1 161 20 view .LVU364
 161:../../Middlewares/stm32-vision-models-postprocessing/lib_vision_models_pp/Src/iseg_pp_yolov8.c ****               {
 1129              		.loc 1 161 28 is_stmt 0 view .LVU365
 1130 03a8 2F46     		mov	r7, r5
 1131              	.LVL83:
 1132              	.L43:
 161:../../Middlewares/stm32-vision-models-postprocessing/lib_vision_models_pp/Src/iseg_pp_yolov8.c ****               {
 1133              		.loc 1 161 37 discriminator 1 view .LVU366
 1134 03aa DBF81860 		ldr	r6, [fp, #24]
 1135 03ae 01EB070E 		add	lr, r1, r7
 1136              	.LVL84:
 161:../../Middlewares/stm32-vision-models-postprocessing/lib_vision_models_pp/Src/iseg_pp_yolov8.c ****               {
 1137              		.loc 1 161 37 is_stmt 1 discriminator 1 view .LVU367
 1138 03b2 B742     		cmp	r7, r6
 1139 03b4 11DB     		blt	.L44
 161:../../Middlewares/stm32-vision-models-postprocessing/lib_vision_models_pp/Src/iseg_pp_yolov8.c ****               {
 1140              		.loc 1 161 37 is_stmt 0 discriminator 1 view .LVU368
 1141              	.LBE129:
 170:../../Middlewares/stm32-vision-models-postprocessing/lib_vision_models_pp/Src/iseg_pp_yolov8.c ****               uint32x4_t outBinary = vpselq_u32(vdupq_n_u32(1), vdupq_n_u32(0), p0);
 1142              		.loc 1 170 15 is_stmt 1 view .LVU369
 170:../../Middlewares/stm32-vision-models-postprocessing/lib_vision_models_pp/Src/iseg_pp_yolov8.c ****               uint32x4_t outBinary = vpselq_u32(vdupq_n_u32(1), vdupq_n_u32(0), p0);
 1143              		.loc 1 170 33 is_stmt 0 view .LVU370
 1144 03b6 16EE901A 		vmov	r1, s13	@ int
 1145 03ba 2BFE411F 		vcmp.s32	ge, q5, r1
 1146              	.LVL85:
 171:../../Middlewares/stm32-vision-models-postprocessing/lib_vision_models_pp/Src/iseg_pp_yolov8.c ****               vstrbq_u32(binary_mask, outBinary);
 1147              		.loc 1 171 15 is_stmt 1 view .LVU371
 1148              	.LBB130:
 1149              	.LBB131:
ARM GAS  /tmp/cc66eICS.s 			page 75


1208:/home/min/snap/code/229/.local/share/stm32cube/bundles/gnu-tools-for-stm32/14.3.1+st.2/lib/gcc/arm-none-eabi/14.3.1/include/arm_mve.h **** }
 1150              		.loc 2 1208 3 is_stmt 0 view .LVU372
 1151 03be 6746     		mov	r7, ip
 1152              	.LVL86:
1208:/home/min/snap/code/229/.local/share/stm32cube/bundles/gnu-tools-for-stm32/14.3.1+st.2/lib/gcc/arm-none-eabi/14.3.1/include/arm_mve.h **** }
 1153              		.loc 2 1208 3 view .LVU373
 1154              	.LBE131:
 1155              	.LBE130:
 171:../../Middlewares/stm32-vision-models-postprocessing/lib_vision_models_pp/Src/iseg_pp_yolov8.c ****               vstrbq_u32(binary_mask, outBinary);
 1156              		.loc 1 171 38 discriminator 2 view .LVU374
 1157 03c0 31FE0D8F 		vpsel	q4, q0, q6
 1158              	.LVL87:
 172:../../Middlewares/stm32-vision-models-postprocessing/lib_vision_models_pp/Src/iseg_pp_yolov8.c **** 
 1159              		.loc 1 172 15 is_stmt 1 view .LVU375
 1160              	.LBB133:
 1161              	.LBI130:
1206:/home/min/snap/code/229/.local/share/stm32cube/bundles/gnu-tools-for-stm32/14.3.1+st.2/lib/gcc/arm-none-eabi/14.3.1/include/arm_mve.h **** {
 1162              		.loc 2 1206 1 view .LVU376
 1163              	.LBB132:
1208:/home/min/snap/code/229/.local/share/stm32cube/bundles/gnu-tools-for-stm32/14.3.1+st.2/lib/gcc/arm-none-eabi/14.3.1/include/arm_mve.h **** }
 1164              		.loc 2 1208 3 view .LVU377
 1165 03c4 6146     		mov	r1, ip
 1166 03c6 87ED008F 		vstrb.32	q4, [r7]
 1167 03ca 0431     		adds	r1, r1, #4
 1168 03cc 8C46     		mov	ip, r1
 1169              	.LVL88:
1208:/home/min/snap/code/229/.local/share/stm32cube/bundles/gnu-tools-for-stm32/14.3.1+st.2/lib/gcc/arm-none-eabi/14.3.1/include/arm_mve.h **** }
 1170              		.loc 2 1208 3 is_stmt 0 view .LVU378
 1171              	.LBE132:
 1172              	.LBE133:
 174:../../Middlewares/stm32-vision-models-postprocessing/lib_vision_models_pp/Src/iseg_pp_yolov8.c ****               Raw_masks+=3*pInput_static_param->nb_masks;
 1173              		.loc 1 174 15 is_stmt 1 view .LVU379
 175:../../Middlewares/stm32-vision-models-postprocessing/lib_vision_models_pp/Src/iseg_pp_yolov8.c ****           }
 1174              		.loc 1 175 15 view .LVU380
 175:../../Middlewares/stm32-vision-models-postprocessing/lib_vision_models_pp/Src/iseg_pp_yolov8.c ****           }
 1175              		.loc 1 175 27 is_stmt 0 view .LVU381
 1176 03ce DBF81810 		ldr	r1, [fp, #24]
 1177              	.LVL89:
 175:../../Middlewares/stm32-vision-models-postprocessing/lib_vision_models_pp/Src/iseg_pp_yolov8.c ****           }
 1178              		.loc 1 175 27 view .LVU382
 1179 03d2 01EB4101 		add	r1, r1, r1, lsl #1
 175:../../Middlewares/stm32-vision-models-postprocessing/lib_vision_models_pp/Src/iseg_pp_yolov8.c ****           }
 1180              		.loc 1 175 24 view .LVU383
 1181 03d6 7144     		add	r1, r1, lr
 1182 03d8 CBE7     		b	.L42
 1183              	.LVL90:
 1184              	.L44:
 1185              	.LBB134:
 1186              	.LBB126:
 164:../../Middlewares/stm32-vision-models-postprocessing/lib_vision_models_pp/Src/iseg_pp_yolov8.c ****                 sum_product_s32x4 += detection_mask[k] * (rawMask - (int32_t)mask_zp);
 1187              		.loc 1 164 17 is_stmt 1 view .LVU384
 1188              	.LBB123:
 1189              	.LBI123:
1297:/home/min/snap/code/229/.local/share/stm32cube/bundles/gnu-tools-for-stm32/14.3.1+st.2/lib/gcc/arm-none-eabi/14.3.1/include/arm_mve.h **** {
 1190              		.loc 2 1297 1 view .LVU385
 1191              	.LBB124:
1299:/home/min/snap/code/229/.local/share/stm32cube/bundles/gnu-tools-for-stm32/14.3.1+st.2/lib/gcc/arm-none-eabi/14.3.1/include/arm_mve.h **** }
ARM GAS  /tmp/cc66eICS.s 			page 76


 1192              		.loc 2 1299 3 view .LVU386
1299:/home/min/snap/code/229/.local/share/stm32cube/bundles/gnu-tools-for-stm32/14.3.1+st.2/lib/gcc/arm-none-eabi/14.3.1/include/arm_mve.h **** }
 1193              		.loc 2 1299 10 is_stmt 0 view .LVU387
 1194 03da CE19     		adds	r6, r1, r7
 1195 03dc 96EC048F 		vldrb.s32	q4, [r6, q2]
 1196              	.LVL91:
1299:/home/min/snap/code/229/.local/share/stm32cube/bundles/gnu-tools-for-stm32/14.3.1+st.2/lib/gcc/arm-none-eabi/14.3.1/include/arm_mve.h **** }
 1197              		.loc 2 1299 10 view .LVU388
 1198              	.LBE124:
 1199              	.LBE123:
 165:../../Middlewares/stm32-vision-models-postprocessing/lib_vision_models_pp/Src/iseg_pp_yolov8.c **** 
 1200              		.loc 1 165 17 is_stmt 1 view .LVU389
 165:../../Middlewares/stm32-vision-models-postprocessing/lib_vision_models_pp/Src/iseg_pp_yolov8.c **** 
 1201              		.loc 1 165 56 is_stmt 0 view .LVU390
 1202 03e0 59F82760 		ldr	r6, [r9, r7, lsl #2]
 165:../../Middlewares/stm32-vision-models-postprocessing/lib_vision_models_pp/Src/iseg_pp_yolov8.c **** 
 1203              		.loc 1 165 67 view .LVU391
 1204 03e4 28FF4288 		vsub.i32	q4, q4, q1
 1205              	.LVL92:
 165:../../Middlewares/stm32-vision-models-postprocessing/lib_vision_models_pp/Src/iseg_pp_yolov8.c **** 
 1206              		.loc 1 165 56 view .LVU392
 1207 03e8 AEEE106B 		vdup.32	q7, r6
 1208 03ec 28EF5E89 		vmul.i32	q4, q4, q7
 1209              	.LBE126:
 161:../../Middlewares/stm32-vision-models-postprocessing/lib_vision_models_pp/Src/iseg_pp_yolov8.c ****               {
 1210              		.loc 1 161 72 discriminator 3 view .LVU393
 1211 03f0 0137     		adds	r7, r7, #1
 1212              	.LVL93:
 1213              	.LBB127:
 165:../../Middlewares/stm32-vision-models-postprocessing/lib_vision_models_pp/Src/iseg_pp_yolov8.c **** 
 1214              		.loc 1 165 35 view .LVU394
 1215 03f2 2AEF48A8 		vadd.i32	q5, q5, q4
 1216              	.LVL94:
 167:../../Middlewares/stm32-vision-models-postprocessing/lib_vision_models_pp/Src/iseg_pp_yolov8.c ****               }
 1217              		.loc 1 167 17 is_stmt 1 view .LVU395
 167:../../Middlewares/stm32-vision-models-postprocessing/lib_vision_models_pp/Src/iseg_pp_yolov8.c ****               }
 1218              		.loc 1 167 17 is_stmt 0 view .LVU396
 1219              	.LBE127:
 161:../../Middlewares/stm32-vision-models-postprocessing/lib_vision_models_pp/Src/iseg_pp_yolov8.c ****               {
 1220              		.loc 1 161 72 is_stmt 1 discriminator 3 view .LVU397
 161:../../Middlewares/stm32-vision-models-postprocessing/lib_vision_models_pp/Src/iseg_pp_yolov8.c ****               {
 1221              		.loc 1 161 72 is_stmt 0 discriminator 3 view .LVU398
 1222 03f6 D8E7     		b	.L43
 1223              	.LVL95:
 1224              	.L47:
 161:../../Middlewares/stm32-vision-models-postprocessing/lib_vision_models_pp/Src/iseg_pp_yolov8.c ****               {
 1225              		.loc 1 161 72 discriminator 3 view .LVU399
 1226              	.LBE134:
 1227              	.LBE141:
 1228              	.LBB142:
 1229              	.LBB140:
 184:../../Middlewares/stm32-vision-models-postprocessing/lib_vision_models_pp/Src/iseg_pp_yolov8.c **** 
 1230              		.loc 1 184 17 is_stmt 1 view .LVU400
 184:../../Middlewares/stm32-vision-models-postprocessing/lib_vision_models_pp/Src/iseg_pp_yolov8.c **** 
 1231              		.loc 1 184 53 is_stmt 0 view .LVU401
 1232 03f8 11F90C60 		ldrsb	r6, [r1, ip]
 184:../../Middlewares/stm32-vision-models-postprocessing/lib_vision_models_pp/Src/iseg_pp_yolov8.c **** 
ARM GAS  /tmp/cc66eICS.s 			page 77


 1233              		.loc 1 184 75 view .LVU402
 1234 03fc 059F     		ldr	r7, [sp, #20]
 1235 03fe F61B     		subs	r6, r6, r7
 184:../../Middlewares/stm32-vision-models-postprocessing/lib_vision_models_pp/Src/iseg_pp_yolov8.c **** 
 1236              		.loc 1 184 29 view .LVU403
 1237 0400 59F82C70 		ldr	r7, [r9, ip, lsl #2]
 182:../../Middlewares/stm32-vision-models-postprocessing/lib_vision_models_pp/Src/iseg_pp_yolov8.c ****               {
 1238              		.loc 1 182 71 discriminator 3 view .LVU404
 1239 0404 0CF1010C 		add	ip, ip, #1
 1240              	.LVL96:
 184:../../Middlewares/stm32-vision-models-postprocessing/lib_vision_models_pp/Src/iseg_pp_yolov8.c **** 
 1241              		.loc 1 184 29 view .LVU405
 1242 0408 07FB0656 		mla	r6, r7, r6, r5
 1243 040c 3546     		mov	r5, r6
 1244              	.LVL97:
 186:../../Middlewares/stm32-vision-models-postprocessing/lib_vision_models_pp/Src/iseg_pp_yolov8.c ****               }
 1245              		.loc 1 186 17 is_stmt 1 view .LVU406
 182:../../Middlewares/stm32-vision-models-postprocessing/lib_vision_models_pp/Src/iseg_pp_yolov8.c ****               {
 1246              		.loc 1 182 71 discriminator 3 view .LVU407
 1247              	.L49:
 182:../../Middlewares/stm32-vision-models-postprocessing/lib_vision_models_pp/Src/iseg_pp_yolov8.c ****               {
 1248              		.loc 1 182 37 discriminator 1 view .LVU408
 1249 040e 0FF00DC8 		le	lr, .L47
 1250              	.LBE140:
 188:../../Middlewares/stm32-vision-models-postprocessing/lib_vision_models_pp/Src/iseg_pp_yolov8.c ****           }
 1251              		.loc 1 188 70 is_stmt 0 view .LVU409
 1252 0412 16EE906A 		vmov	r6, s13	@ int
 1253 0416 B8F1000F 		cmp	r8, #0
 1254 041a A8BF     		it	ge
 1255 041c 4144     		addge	r1, r1, r8
 188:../../Middlewares/stm32-vision-models-postprocessing/lib_vision_models_pp/Src/iseg_pp_yolov8.c ****           }
 1256              		.loc 1 188 15 is_stmt 1 view .LVU410
 1257              	.LVL98:
 188:../../Middlewares/stm32-vision-models-postprocessing/lib_vision_models_pp/Src/iseg_pp_yolov8.c ****           }
 1258              		.loc 1 188 70 is_stmt 0 view .LVU411
 1259 041e AE42     		cmp	r6, r5
 1260 0420 2F46     		mov	r7, r5
 1261 0422 CCBF     		ite	gt
 1262 0424 0027     		movgt	r7, #0
 1263 0426 0127     		movle	r7, #1
 1264 0428 03F8017B 		strb	r7, [r3], #1
 1265              	.LVL99:
 188:../../Middlewares/stm32-vision-models-postprocessing/lib_vision_models_pp/Src/iseg_pp_yolov8.c ****           }
 1266              		.loc 1 188 70 view .LVU412
 1267 042c A9E7     		b	.L46
 1268              	.LVL100:
 1269              	.L48:
 188:../../Middlewares/stm32-vision-models-postprocessing/lib_vision_models_pp/Src/iseg_pp_yolov8.c ****           }
 1270              		.loc 1 188 70 view .LVU413
 1271              	.LBE142:
 1272              	.LBE146:
 152:../../Middlewares/stm32-vision-models-postprocessing/lib_vision_models_pp/Src/iseg_pp_yolov8.c ****       {
 1273              		.loc 1 152 65 is_stmt 1 discriminator 2 view .LVU414
 1274 042e 039B     		ldr	r3, [sp, #12]
 1275              	.LVL101:
 152:../../Middlewares/stm32-vision-models-postprocessing/lib_vision_models_pp/Src/iseg_pp_yolov8.c ****       {
 1276              		.loc 1 152 65 is_stmt 0 discriminator 2 view .LVU415
ARM GAS  /tmp/cc66eICS.s 			page 78


 1277 0430 0133     		adds	r3, r3, #1
 1278 0432 0393     		str	r3, [sp, #12]
 1279              	.LVL102:
 152:../../Middlewares/stm32-vision-models-postprocessing/lib_vision_models_pp/Src/iseg_pp_yolov8.c ****       {
 1280              		.loc 1 152 65 discriminator 2 view .LVU416
 1281 0434 85E7     		b	.L41
 1282              	.L64:
 1283 0436 00BF     		.align	2
 1284              	.L63:
 1285 0438 00000000 		.word	AI_YOLOV8_SEG_PP_SORT_CLASS
 1286 043c 00000000 		.word	iseg_yolov8_nms_comparator_s8
 1287 0440 ABAAAA2A 		.word	715827883
 1288              	.LBE152:
 1289              	.LBE156:
 1290              	.LBE161:
 1291              	.LBE163:
 1292              	.LBE167:
 1293              		.cfi_endproc
 1294              	.LFE779:
 1296              		.section	.bss.AI_YOLOV8_SEG_PP_SORT_CLASS,"aw",%nobits
 1297              		.align	2
 1300              	AI_YOLOV8_SEG_PP_SORT_CLASS:
 1301 0000 00000000 		.space	4
 1302              		.text
 1303              	.Letext0:
 1304              		.file 3 "/home/min/snap/code/229/.local/share/stm32cube/bundles/gnu-tools-for-stm32/14.3.1+st.2/ar
 1305              		.file 4 "/home/min/snap/code/229/.local/share/stm32cube/bundles/gnu-tools-for-stm32/14.3.1+st.2/ar
 1306              		.file 5 "/home/min/snap/code/229/.local/share/stm32cube/bundles/gnu-tools-for-stm32/14.3.1+st.2/li
 1307              		.file 6 "/home/min/snap/code/229/.local/share/stm32cube/bundles/gnu-tools-for-stm32/14.3.1+st.2/li
 1308              		.file 7 "../../Middlewares/stm32-vision-models-postprocessing/lib_vision_models_pp/Inc/iseg_pp_out
 1309              		.file 8 "../../Middlewares/stm32-vision-models-postprocessing/lib_vision_models_pp/Inc/iseg_yolov8
 1310              		.file 9 "../../Middlewares/stm32-vision-models-postprocessing/lib_vision_models_pp/Src/vision_mode
ARM GAS  /tmp/cc66eICS.s 			page 79


DEFINED SYMBOLS
                            *ABS*:00000000 iseg_pp_yolov8.c
     /tmp/cc66eICS.s:26     .text.iseg_yolov8_nms_comparator_s8:00000000 $t
     /tmp/cc66eICS.s:31     .text.iseg_yolov8_nms_comparator_s8:00000000 iseg_yolov8_nms_comparator_s8
     /tmp/cc66eICS.s:111    .text.iseg_yolov8_nms_comparator_s8:00000034 $d
     /tmp/cc66eICS.s:1300   .bss.AI_YOLOV8_SEG_PP_SORT_CLASS:00000000 AI_YOLOV8_SEG_PP_SORT_CLASS
     /tmp/cc66eICS.s:116    .text.iseg_yolov8_pp_reset:00000000 $t
     /tmp/cc66eICS.s:122    .text.iseg_yolov8_pp_reset:00000000 iseg_yolov8_pp_reset
     /tmp/cc66eICS.s:145    .text.iseg_yolov8_pp_process_int8:00000000 $t
     /tmp/cc66eICS.s:151    .text.iseg_yolov8_pp_process_int8:00000000 iseg_yolov8_pp_process_int8
     /tmp/cc66eICS.s:1285   .text.iseg_yolov8_pp_process_int8:00000438 $d
     /tmp/cc66eICS.s:1297   .bss.AI_YOLOV8_SEG_PP_SORT_CLASS:00000000 $d
                           .group:00000000 wm4.0.0340b1c6b35792986b320b0caf0e6143
                           .group:00000000 wm4.arm_math_types.h.28.9e71aea5cdf6aebdd83091bf39b4832a
                           .group:00000000 wm4._newlib_version.h.4.0eb654b64686e2bd29646258853f6c22
                           .group:00000000 wm4.features.h.33.d554620bb17bd3b714c3fb5c268772bc
                           .group:00000000 wm4._default_types.h.15.247e5cd201eca3442cbf5404108c4935
                           .group:00000000 wm4._intsup.h.10.48bafbb683905c4daa4565a85aeeb264
                           .group:00000000 wm4._stdint.h.10.c24fa3af3bc1706662bb5593a907e841
                           .group:00000000 wm4.stdint.h.23.d53047a68f4a85177f80b422d52785ed
                           .group:00000000 wm4.arm_acle.h.28.a0697f530ff2dbf8c463bef049b82760
                           .group:00000000 wm4.cmsis_gcc.h.39.eba7438bc45fd1a6e6376b63ffe44436
                           .group:00000000 wm4.cmsis_gcc_m.h.24.e590ec51aeda3a1242400351d73f5dce
                           .group:00000000 wm4.newlib.h.7.decd5b9657e2c5df625d9eac6e10520c
                           .group:00000000 wm4.ieeefp.h.77.99029d7b8220a2cd73dd257e2bbe825d
                           .group:00000000 wm4.config.h.224.10ee1ad185d877c6e334e6581faab44d
                           .group:00000000 wm4._ansi.h.31.de524f58584151836e90d8620a16f8e8
                           .group:00000000 wm4.stddef.h.39.811583f327f35b0df7808fda70b062a0
                           .group:00000000 wm4.cdefs.h.49.56fd742369e655e7e8a7e365e706e208
                           .group:00000000 wm4._types.h.20.dd0d04dca3800a0d2a6129b87f3adbb2
                           .group:00000000 wm4.stddef.h.173.4903093a50a8482cb062b176ea61fac3
                           .group:00000000 wm4._types.h.127.3bdfe3ff8ea2d0985b03d9cbe93480e3
                           .group:00000000 wm4.reent.h.18.25503cdc8b7e55dd0d6ea7b3e5af7a03
                           .group:00000000 wm4.lock.h.2.1461d1fff82dffe8bfddc23307f6484f
                           .group:00000000 wm4.reent.h.78.6d702f69a6d6435d2dbe915b10150b1a
                           .group:00000000 wm4.string.h.15.dab3980bf35408a4c507182805e2de3a
                           .group:00000000 wm4.stddef.h.173.1cea4f16a943c8e875db6791959c3141
                           .group:00000000 wm4.string.h.177.59a005921fa78485abc80a0267de5752
                           .group:00000000 wm4.math.h.13.47cfc34cae8a1153323939c4d32cf7c2
                           .group:00000000 wm4.float.h.29.0e9d9baf95ec39f9555dc80c6e28186b
                           .group:00000000 wm4.syslimits.h.34.de5cbd310098bc5895998b6bde577ed2
                           .group:00000000 wm4.limits.h.9.70fb0ada6f71b16202a66baaa6d8ea70
                           .group:00000000 wm4.limits.h.60.56a1ae353e2028a24298ec6463b8b593
                           .group:00000000 wm4.arm_math_types.h.116.3e44bd031718f65bdb345972ddc8cf86
                           .group:00000000 wm4.stdbool.h.29.c08aa3eec75cf5b9b5003883f43253f0
                           .group:00000000 wm4.arm_mve.h.48.53b982d307987e8d8669fd51fdc5e583
                           .group:00000000 wm4.arm_math_types.h.605.32c5d7843b3dcaa8f5174feea7de7445
                           .group:00000000 wm4.arm_math_memory.h.28.3ee75b06517df8378241b72d6c61e5b0
                           .group:00000000 wm4.none.h.185.db055cca83e83f96d8d0bb450fbdf4bb
                           .group:00000000 wm4.utils.h.41.820d6032ed1c0d7dd5bd2ed80938ee65
                           .group:00000000 wm4.fast_math_functions.h.28.aa389abd5521cfceab0e76a6af3dd2e2
                           .group:00000000 wm4.matrix_functions.h.28.8fc8488c73b2d6f328b0946db3460102
                           .group:00000000 wm4.controller_functions.h.28.388735b97ccd96442b0ac9e554629f36
                           .group:00000000 wm4.filtering_functions.h.46.6cf1424fb1f86d5f9958d208b83340a1
                           .group:00000000 wm4.iseg_pp_output_if.h.21.fc1c442048ce8cb4dcd6aa9553b73c31
                           .group:00000000 wm4.vision_models_pp.h.11.598f62543089e1082e2d9c4ef4b02d88
                           .group:00000000 wm4.iseg_pp_loc.h.11.b643109be71b068e0a6836dff1268c16
ARM GAS  /tmp/cc66eICS.s 			page 80



UNDEFINED SYMBOLS
vision_models_maxi_tr_p_is8ou8
qsort
vision_models_box_iou_is8
