ARM GAS  /tmp/ccBdscOF.s 			page 1


   1              		.arch armv8.1-m.main
   2              		.fpu fpv5-d16
   3              		.arch_extension dsp
   4              		.arch_extension fp
   5              		.arch_extension fp.dp
   6              		.arch_extension mve
   7              		.arch_extension mve.fp
   8              		.eabi_attribute 5, "cortex-m55"
   9              		.eabi_attribute 28, 1
  10              		.eabi_attribute 20, 1
  11              		.eabi_attribute 21, 1
  12              		.eabi_attribute 23, 3
  13              		.eabi_attribute 24, 1
  14              		.eabi_attribute 25, 1
  15              		.eabi_attribute 26, 1
  16              		.eabi_attribute 30, 4
  17              		.eabi_attribute 34, 1
  18              		.eabi_attribute 38, 1
  19              		.eabi_attribute 18, 4
  20              		.file	"ll_aton_lib_sw_operators.c"
  21              		.text
  22              	.Ltext0:
  23              		.cfi_sections	.debug_frame
  24              		.file 1 "../../Middlewares/stedgeai-lib/Npu/ll_aton/ll_aton_lib_sw_operators.c"
  25              		.section	.text.LL_Buffer_addr_start,"ax",%progbits
  26              		.align	1
  27              		.syntax unified
  28              		.thumb
  29              		.thumb_func
  31              	LL_Buffer_addr_start:
  32              	.LVL0:
  33              	.LFB305:
  34              		.file 2 "../../Middlewares/stedgeai-lib/Npu/ll_aton/ll_aton_NN_interface.h"
   1:../../Middlewares/stedgeai-lib/Npu/ll_aton/ll_aton_NN_interface.h **** /**
   2:../../Middlewares/stedgeai-lib/Npu/ll_aton/ll_aton_NN_interface.h ****  ******************************************************************************
   3:../../Middlewares/stedgeai-lib/Npu/ll_aton/ll_aton_NN_interface.h ****  * @file    ll_aton_NN_interface.h
   4:../../Middlewares/stedgeai-lib/Npu/ll_aton/ll_aton_NN_interface.h ****  * @author  SRA Artificial Intelligence & Embedded Architectures
   5:../../Middlewares/stedgeai-lib/Npu/ll_aton/ll_aton_NN_interface.h ****  * @brief   Interface that defines a NN generated by the AtoNN Compiler.
   6:../../Middlewares/stedgeai-lib/Npu/ll_aton/ll_aton_NN_interface.h ****  ******************************************************************************
   7:../../Middlewares/stedgeai-lib/Npu/ll_aton/ll_aton_NN_interface.h ****  * @attention
   8:../../Middlewares/stedgeai-lib/Npu/ll_aton/ll_aton_NN_interface.h ****  *
   9:../../Middlewares/stedgeai-lib/Npu/ll_aton/ll_aton_NN_interface.h ****  * Copyright (c) 2024 STMicroelectronics.
  10:../../Middlewares/stedgeai-lib/Npu/ll_aton/ll_aton_NN_interface.h ****  * All rights reserved.
  11:../../Middlewares/stedgeai-lib/Npu/ll_aton/ll_aton_NN_interface.h ****  *
  12:../../Middlewares/stedgeai-lib/Npu/ll_aton/ll_aton_NN_interface.h ****  * This software is licensed under terms that can be found in the LICENSE file
  13:../../Middlewares/stedgeai-lib/Npu/ll_aton/ll_aton_NN_interface.h ****  * in the root directory of this software component.
  14:../../Middlewares/stedgeai-lib/Npu/ll_aton/ll_aton_NN_interface.h ****  * If no LICENSE file comes with this software, it is provided AS-IS.
  15:../../Middlewares/stedgeai-lib/Npu/ll_aton/ll_aton_NN_interface.h ****  *
  16:../../Middlewares/stedgeai-lib/Npu/ll_aton/ll_aton_NN_interface.h ****  ******************************************************************************
  17:../../Middlewares/stedgeai-lib/Npu/ll_aton/ll_aton_NN_interface.h ****  */
  18:../../Middlewares/stedgeai-lib/Npu/ll_aton/ll_aton_NN_interface.h **** 
  19:../../Middlewares/stedgeai-lib/Npu/ll_aton/ll_aton_NN_interface.h **** #ifndef __LL_ATON_NN_INTERFACE_H
  20:../../Middlewares/stedgeai-lib/Npu/ll_aton/ll_aton_NN_interface.h **** #define __LL_ATON_NN_INTERFACE_H
  21:../../Middlewares/stedgeai-lib/Npu/ll_aton/ll_aton_NN_interface.h **** 
  22:../../Middlewares/stedgeai-lib/Npu/ll_aton/ll_aton_NN_interface.h **** #ifdef __cplusplus
  23:../../Middlewares/stedgeai-lib/Npu/ll_aton/ll_aton_NN_interface.h **** extern "C"
  24:../../Middlewares/stedgeai-lib/Npu/ll_aton/ll_aton_NN_interface.h **** {
ARM GAS  /tmp/ccBdscOF.s 			page 2


  25:../../Middlewares/stedgeai-lib/Npu/ll_aton/ll_aton_NN_interface.h **** #endif
  26:../../Middlewares/stedgeai-lib/Npu/ll_aton/ll_aton_NN_interface.h **** 
  27:../../Middlewares/stedgeai-lib/Npu/ll_aton/ll_aton_NN_interface.h **** #include <stdbool.h>
  28:../../Middlewares/stedgeai-lib/Npu/ll_aton/ll_aton_NN_interface.h **** #include <stddef.h>
  29:../../Middlewares/stedgeai-lib/Npu/ll_aton/ll_aton_NN_interface.h **** #include <stdint.h>
  30:../../Middlewares/stedgeai-lib/Npu/ll_aton/ll_aton_NN_interface.h **** 
  31:../../Middlewares/stedgeai-lib/Npu/ll_aton/ll_aton_NN_interface.h **** #include "ll_aton_config.h"
  32:../../Middlewares/stedgeai-lib/Npu/ll_aton/ll_aton_NN_interface.h **** 
  33:../../Middlewares/stedgeai-lib/Npu/ll_aton/ll_aton_NN_interface.h **** #include "ll_aton_attributes.h"
  34:../../Middlewares/stedgeai-lib/Npu/ll_aton/ll_aton_NN_interface.h **** #include "ll_aton_cipher.h"
  35:../../Middlewares/stedgeai-lib/Npu/ll_aton/ll_aton_NN_interface.h **** #include "ll_aton_util.h"
  36:../../Middlewares/stedgeai-lib/Npu/ll_aton/ll_aton_NN_interface.h **** 
  37:../../Middlewares/stedgeai-lib/Npu/ll_aton/ll_aton_NN_interface.h ****   /** @defgroup User I/O Return Values & Callback Event Types
  38:../../Middlewares/stedgeai-lib/Npu/ll_aton/ll_aton_NN_interface.h ****    * @{
  39:../../Middlewares/stedgeai-lib/Npu/ll_aton/ll_aton_NN_interface.h ****    */
  40:../../Middlewares/stedgeai-lib/Npu/ll_aton/ll_aton_NN_interface.h **** 
  41:../../Middlewares/stedgeai-lib/Npu/ll_aton/ll_aton_NN_interface.h ****   typedef enum LL_ATON_User_IO_Result
  42:../../Middlewares/stedgeai-lib/Npu/ll_aton/ll_aton_NN_interface.h ****   {
  43:../../Middlewares/stedgeai-lib/Npu/ll_aton/ll_aton_NN_interface.h ****     LL_ATON_User_IO_NOERROR,     /**< */
  44:../../Middlewares/stedgeai-lib/Npu/ll_aton/ll_aton_NN_interface.h ****     LL_ATON_User_IO_WRONG_ALIGN, /**< */
  45:../../Middlewares/stedgeai-lib/Npu/ll_aton/ll_aton_NN_interface.h ****     LL_ATON_User_IO_WRONG_SIZE,  /**< */
  46:../../Middlewares/stedgeai-lib/Npu/ll_aton/ll_aton_NN_interface.h ****     LL_ATON_User_IO_WRONG_INDEX, /**< */
  47:../../Middlewares/stedgeai-lib/Npu/ll_aton/ll_aton_NN_interface.h ****   } LL_ATON_User_IO_Result_t;
  48:../../Middlewares/stedgeai-lib/Npu/ll_aton/ll_aton_NN_interface.h **** 
  49:../../Middlewares/stedgeai-lib/Npu/ll_aton/ll_aton_NN_interface.h ****   typedef enum LL_ATON_RT_Callbacktype
  50:../../Middlewares/stedgeai-lib/Npu/ll_aton/ll_aton_NN_interface.h ****   {
  51:../../Middlewares/stedgeai-lib/Npu/ll_aton/ll_aton_NN_interface.h ****     LL_ATON_RT_Callbacktype_PRE_START,  /**< Callback called before start_epoch_block */
  52:../../Middlewares/stedgeai-lib/Npu/ll_aton/ll_aton_NN_interface.h ****     LL_ATON_RT_Callbacktype_POST_START, /**< Callback called after start_epoch_block */
  53:../../Middlewares/stedgeai-lib/Npu/ll_aton/ll_aton_NN_interface.h ****     LL_ATON_RT_Callbacktype_PRE_END,    /**< Callback called before end_epoch_block */
  54:../../Middlewares/stedgeai-lib/Npu/ll_aton/ll_aton_NN_interface.h ****     LL_ATON_RT_Callbacktype_POST_END,   /**< Callback called after end_epoch_block */
  55:../../Middlewares/stedgeai-lib/Npu/ll_aton/ll_aton_NN_interface.h ****     LL_ATON_RT_Callbacktype_NN_Init,    /**< Callback called after `LL_ATON_RT_Init_Network`,
  56:../../Middlewares/stedgeai-lib/Npu/ll_aton/ll_aton_NN_interface.h ****                                          *     NOTE: 3rd parameter passed is `NULL` */
  57:../../Middlewares/stedgeai-lib/Npu/ll_aton/ll_aton_NN_interface.h ****     LL_ATON_RT_Callbacktype_NN_DeInit,  /**< Callback called after `LL_ATON_RT_DeInit_Network`,
  58:../../Middlewares/stedgeai-lib/Npu/ll_aton/ll_aton_NN_interface.h ****                                          *     NOTE: 3rd parameter passed is `NULL` */
  59:../../Middlewares/stedgeai-lib/Npu/ll_aton/ll_aton_NN_interface.h ****     LL_ATON_RT_Callbacktype_RT_Init,    /**< Callback called after `LL_ATON_RT_RuntimeInit` */
  60:../../Middlewares/stedgeai-lib/Npu/ll_aton/ll_aton_NN_interface.h ****     LL_ATON_RT_Callbacktype_RT_Deinit,  /**< Callback called before `LL_ATON_RT_RuntimeDeInit` */
  61:../../Middlewares/stedgeai-lib/Npu/ll_aton/ll_aton_NN_interface.h ****   } LL_ATON_RT_Callbacktype_t;
  62:../../Middlewares/stedgeai-lib/Npu/ll_aton/ll_aton_NN_interface.h **** 
  63:../../Middlewares/stedgeai-lib/Npu/ll_aton/ll_aton_NN_interface.h ****   /**
  64:../../Middlewares/stedgeai-lib/Npu/ll_aton/ll_aton_NN_interface.h ****    * @}
  65:../../Middlewares/stedgeai-lib/Npu/ll_aton/ll_aton_NN_interface.h ****    */
  66:../../Middlewares/stedgeai-lib/Npu/ll_aton/ll_aton_NN_interface.h **** 
  67:../../Middlewares/stedgeai-lib/Npu/ll_aton/ll_aton_NN_interface.h ****   /** @defgroup Handle-style Data Types for Epoch Blocks
  68:../../Middlewares/stedgeai-lib/Npu/ll_aton/ll_aton_NN_interface.h ****    * @{
  69:../../Middlewares/stedgeai-lib/Npu/ll_aton/ll_aton_NN_interface.h ****    */
  70:../../Middlewares/stedgeai-lib/Npu/ll_aton/ll_aton_NN_interface.h **** 
  71:../../Middlewares/stedgeai-lib/Npu/ll_aton/ll_aton_NN_interface.h ****   /* this is needed to avoid some compilers (e.g. KEIL) that observe a strict semantic about conver
  72:../../Middlewares/stedgeai-lib/Npu/ll_aton/ll_aton_NN_interface.h ****    * pointers to integers in cost initializers
  73:../../Middlewares/stedgeai-lib/Npu/ll_aton/ll_aton_NN_interface.h ****    */
  74:../../Middlewares/stedgeai-lib/Npu/ll_aton/ll_aton_NN_interface.h ****   typedef union
  75:../../Middlewares/stedgeai-lib/Npu/ll_aton/ll_aton_NN_interface.h ****   {
  76:../../Middlewares/stedgeai-lib/Npu/ll_aton/ll_aton_NN_interface.h ****     unsigned char *p;
  77:../../Middlewares/stedgeai-lib/Npu/ll_aton/ll_aton_NN_interface.h ****     uintptr_t i;
  78:../../Middlewares/stedgeai-lib/Npu/ll_aton/ll_aton_NN_interface.h ****   } __LL_address_t;
  79:../../Middlewares/stedgeai-lib/Npu/ll_aton/ll_aton_NN_interface.h **** 
  80:../../Middlewares/stedgeai-lib/Npu/ll_aton/ll_aton_NN_interface.h ****   typedef void (*EpochBlock_FuncPtr_t)(const void *epoch_block);
  81:../../Middlewares/stedgeai-lib/Npu/ll_aton/ll_aton_NN_interface.h **** 
ARM GAS  /tmp/ccBdscOF.s 			page 3


  82:../../Middlewares/stedgeai-lib/Npu/ll_aton/ll_aton_NN_interface.h ****   typedef enum
  83:../../Middlewares/stedgeai-lib/Npu/ll_aton/ll_aton_NN_interface.h ****   {
  84:../../Middlewares/stedgeai-lib/Npu/ll_aton/ll_aton_NN_interface.h ****     EpochBlock_Flags_NONE = 0x0,                 /**< */
  85:../../Middlewares/stedgeai-lib/Npu/ll_aton/ll_aton_NN_interface.h ****     EpochBlock_Flags_epoch_start = (0x1 << 0),   /**< First EpochBlock of an Epoch */
  86:../../Middlewares/stedgeai-lib/Npu/ll_aton/ll_aton_NN_interface.h ****     EpochBlock_Flags_epoch_end = (0x1 << 1),     /**< Last EpochBlock of an Epoch */
  87:../../Middlewares/stedgeai-lib/Npu/ll_aton/ll_aton_NN_interface.h ****     EpochBlock_Flags_blob = (0x1 << 2),          /**< Item is an Epoch Blob */
  88:../../Middlewares/stedgeai-lib/Npu/ll_aton/ll_aton_NN_interface.h ****     EpochBlock_Flags_last_eb = (0x1 << 3),       /**< Last EpochBlock */
  89:../../Middlewares/stedgeai-lib/Npu/ll_aton/ll_aton_NN_interface.h ****     EpochBlock_Flags_pure_hw = (0x1 << 4),       /**< Pure HW EpochBlock */
  90:../../Middlewares/stedgeai-lib/Npu/ll_aton/ll_aton_NN_interface.h ****     EpochBlock_Flags_pure_sw = (0x1 << 5),       /**< Pure SW EpochBlock */
  91:../../Middlewares/stedgeai-lib/Npu/ll_aton/ll_aton_NN_interface.h ****     EpochBlock_Flags_hybrid = (0x1 << 6),        /**< Hybrid EpochBlock (i.e. mixed HW/SW) */
  92:../../Middlewares/stedgeai-lib/Npu/ll_aton/ll_aton_NN_interface.h ****     EpochBlock_Flags_internal = (0x1 << 7),      /**< ATON lib internal EpochBlock (used to impleme
  93:../../Middlewares/stedgeai-lib/Npu/ll_aton/ll_aton_NN_interface.h ****     EpochBlock_Flags_blob_encrypted = (0x1 << 8) /**< The blob is encrypted and must be decrypted o
  94:../../Middlewares/stedgeai-lib/Npu/ll_aton/ll_aton_NN_interface.h ****   } EpochBlock_Flags_t;
  95:../../Middlewares/stedgeai-lib/Npu/ll_aton/ll_aton_NN_interface.h **** 
  96:../../Middlewares/stedgeai-lib/Npu/ll_aton/ll_aton_NN_interface.h ****   typedef struct
  97:../../Middlewares/stedgeai-lib/Npu/ll_aton/ll_aton_NN_interface.h ****   {
  98:../../Middlewares/stedgeai-lib/Npu/ll_aton/ll_aton_NN_interface.h ****     EpochBlock_FuncPtr_t start_epoch_block; /**< Method to execute the EpochBlock */
  99:../../Middlewares/stedgeai-lib/Npu/ll_aton/ll_aton_NN_interface.h ****     EpochBlock_FuncPtr_t end_epoch_block;   /**< Method to be executed when the EpochBlock ends */
 100:../../Middlewares/stedgeai-lib/Npu/ll_aton/ll_aton_NN_interface.h ****     uintptr_t blob_address;                 /**< Blob address (in case this EpochBlock represents a
 101:../../Middlewares/stedgeai-lib/Npu/ll_aton/ll_aton_NN_interface.h ****     uint32_t wait_mask;                     /**< Mask needed to check when an EpochBlock ends
 102:../../Middlewares/stedgeai-lib/Npu/ll_aton/ll_aton_NN_interface.h ****                                              *    - if epoch blob: number (not bitmask) of epoch co
 103:../../Middlewares/stedgeai-lib/Npu/ll_aton/ll_aton_NN_interface.h ****                                              *    - otherwise: bitmask with all output streaming en
 104:../../Middlewares/stedgeai-lib/Npu/ll_aton/ll_aton_NN_interface.h ****     uint16_t flags;                         /**< EpochBlock flags */
 105:../../Middlewares/stedgeai-lib/Npu/ll_aton/ll_aton_NN_interface.h **** #ifdef LL_ATON_EB_DBG_INFO
 106:../../Middlewares/stedgeai-lib/Npu/ll_aton/ll_aton_NN_interface.h ****     int16_t epoch_num;             /**< Epoch number / First epoch number within blob */
 107:../../Middlewares/stedgeai-lib/Npu/ll_aton/ll_aton_NN_interface.h ****     int16_t last_epoch_num;        /**< Epoch number / Last epoch number within blob */
 108:../../Middlewares/stedgeai-lib/Npu/ll_aton/ll_aton_NN_interface.h ****     uint32_t in_streng_mask;       /**< Debug information about input streaming engines used in epo
 109:../../Middlewares/stedgeai-lib/Npu/ll_aton/ll_aton_NN_interface.h ****     uint32_t out_streng_mask;      /**< Debug information about output streaming engines used in ep
 110:../../Middlewares/stedgeai-lib/Npu/ll_aton/ll_aton_NN_interface.h ****     uint64_t estimated_npu_cycles; /**< Debug information estimates for NPU cycles in epoch w/o mem
 111:../../Middlewares/stedgeai-lib/Npu/ll_aton/ll_aton_NN_interface.h ****     uint64_t estimated_tot_cycles; /**< Debug information estimates for NPU cycles in epoch w/ memo
 112:../../Middlewares/stedgeai-lib/Npu/ll_aton/ll_aton_NN_interface.h **** #endif                             // LL_ATON_EB_DBG_INFO
 113:../../Middlewares/stedgeai-lib/Npu/ll_aton/ll_aton_NN_interface.h ****   } EpochBlock_ItemTypeDef;
 114:../../Middlewares/stedgeai-lib/Npu/ll_aton/ll_aton_NN_interface.h ****   typedef EpochBlock_ItemTypeDef LL_ATON_RT_EpochBlockItem_t;
 115:../../Middlewares/stedgeai-lib/Npu/ll_aton/ll_aton_NN_interface.h **** 
 116:../../Middlewares/stedgeai-lib/Npu/ll_aton/ll_aton_NN_interface.h ****   /**
 117:../../Middlewares/stedgeai-lib/Npu/ll_aton/ll_aton_NN_interface.h ****    * @}
 118:../../Middlewares/stedgeai-lib/Npu/ll_aton/ll_aton_NN_interface.h ****    */
 119:../../Middlewares/stedgeai-lib/Npu/ll_aton/ll_aton_NN_interface.h **** 
 120:../../Middlewares/stedgeai-lib/Npu/ll_aton/ll_aton_NN_interface.h ****   /** @defgroup Helper Function Declarations for User Callbacks
 121:../../Middlewares/stedgeai-lib/Npu/ll_aton/ll_aton_NN_interface.h ****    * @{
 122:../../Middlewares/stedgeai-lib/Npu/ll_aton/ll_aton_NN_interface.h ****    */
 123:../../Middlewares/stedgeai-lib/Npu/ll_aton/ll_aton_NN_interface.h **** 
 124:../../Middlewares/stedgeai-lib/Npu/ll_aton/ll_aton_NN_interface.h ****   /**
 125:../../Middlewares/stedgeai-lib/Npu/ll_aton/ll_aton_NN_interface.h ****    * @brief Checks if the pointed element is the last one of an array of `const EpochBlock_ItemType
 126:../../Middlewares/stedgeai-lib/Npu/ll_aton/ll_aton_NN_interface.h ****    *
 127:../../Middlewares/stedgeai-lib/Npu/ll_aton/ll_aton_NN_interface.h ****    */
 128:../../Middlewares/stedgeai-lib/Npu/ll_aton/ll_aton_NN_interface.h ****   static inline bool EpochBlock_IsLastEpochBlock(const EpochBlock_ItemTypeDef *eb);
 129:../../Middlewares/stedgeai-lib/Npu/ll_aton/ll_aton_NN_interface.h **** 
 130:../../Middlewares/stedgeai-lib/Npu/ll_aton/ll_aton_NN_interface.h ****   /**
 131:../../Middlewares/stedgeai-lib/Npu/ll_aton/ll_aton_NN_interface.h ****    * @brief Checks if the pointed element is the first EpochBlock of an Epoch
 132:../../Middlewares/stedgeai-lib/Npu/ll_aton/ll_aton_NN_interface.h ****    *
 133:../../Middlewares/stedgeai-lib/Npu/ll_aton/ll_aton_NN_interface.h ****    */
 134:../../Middlewares/stedgeai-lib/Npu/ll_aton/ll_aton_NN_interface.h ****   static inline bool EpochBlock_IsEpochStart(const EpochBlock_ItemTypeDef *eb);
 135:../../Middlewares/stedgeai-lib/Npu/ll_aton/ll_aton_NN_interface.h **** 
 136:../../Middlewares/stedgeai-lib/Npu/ll_aton/ll_aton_NN_interface.h ****   /**
 137:../../Middlewares/stedgeai-lib/Npu/ll_aton/ll_aton_NN_interface.h ****    * @brief Checks if the pointed element is the last EpochBlock of an Epoch
 138:../../Middlewares/stedgeai-lib/Npu/ll_aton/ll_aton_NN_interface.h ****    *
ARM GAS  /tmp/ccBdscOF.s 			page 4


 139:../../Middlewares/stedgeai-lib/Npu/ll_aton/ll_aton_NN_interface.h ****    */
 140:../../Middlewares/stedgeai-lib/Npu/ll_aton/ll_aton_NN_interface.h ****   static inline bool EpochBlock_IsEpochEnd(const EpochBlock_ItemTypeDef *eb);
 141:../../Middlewares/stedgeai-lib/Npu/ll_aton/ll_aton_NN_interface.h **** 
 142:../../Middlewares/stedgeai-lib/Npu/ll_aton/ll_aton_NN_interface.h ****   /**
 143:../../Middlewares/stedgeai-lib/Npu/ll_aton/ll_aton_NN_interface.h ****    * @brief Checks if the pointed element is the an Epoch Blob
 144:../../Middlewares/stedgeai-lib/Npu/ll_aton/ll_aton_NN_interface.h ****    *
 145:../../Middlewares/stedgeai-lib/Npu/ll_aton/ll_aton_NN_interface.h ****    */
 146:../../Middlewares/stedgeai-lib/Npu/ll_aton/ll_aton_NN_interface.h ****   static inline bool EpochBlock_IsEpochBlob(const EpochBlock_ItemTypeDef *eb);
 147:../../Middlewares/stedgeai-lib/Npu/ll_aton/ll_aton_NN_interface.h **** 
 148:../../Middlewares/stedgeai-lib/Npu/ll_aton/ll_aton_NN_interface.h ****   /**
 149:../../Middlewares/stedgeai-lib/Npu/ll_aton/ll_aton_NN_interface.h ****    * @brief Checks if - in case this epoch is a blob (see above) - the blob is encrypted
 150:../../Middlewares/stedgeai-lib/Npu/ll_aton/ll_aton_NN_interface.h ****    *
 151:../../Middlewares/stedgeai-lib/Npu/ll_aton/ll_aton_NN_interface.h ****    */
 152:../../Middlewares/stedgeai-lib/Npu/ll_aton/ll_aton_NN_interface.h ****   static inline bool EpochBlock_IsBlobEncrypted(const EpochBlock_ItemTypeDef *eb);
 153:../../Middlewares/stedgeai-lib/Npu/ll_aton/ll_aton_NN_interface.h **** 
 154:../../Middlewares/stedgeai-lib/Npu/ll_aton/ll_aton_NN_interface.h ****   /**
 155:../../Middlewares/stedgeai-lib/Npu/ll_aton/ll_aton_NN_interface.h ****    * @brief Checks if the pointed element is pure SW epoch
 156:../../Middlewares/stedgeai-lib/Npu/ll_aton/ll_aton_NN_interface.h ****    *
 157:../../Middlewares/stedgeai-lib/Npu/ll_aton/ll_aton_NN_interface.h ****    */
 158:../../Middlewares/stedgeai-lib/Npu/ll_aton/ll_aton_NN_interface.h ****   static inline bool EpochBlock_IsEpochPureSW(const EpochBlock_ItemTypeDef *eb);
 159:../../Middlewares/stedgeai-lib/Npu/ll_aton/ll_aton_NN_interface.h **** 
 160:../../Middlewares/stedgeai-lib/Npu/ll_aton/ll_aton_NN_interface.h ****   /**
 161:../../Middlewares/stedgeai-lib/Npu/ll_aton/ll_aton_NN_interface.h ****    * @brief Checks if the pointed element is a pure HW or mixed SW/HW epoch
 162:../../Middlewares/stedgeai-lib/Npu/ll_aton/ll_aton_NN_interface.h ****    *
 163:../../Middlewares/stedgeai-lib/Npu/ll_aton/ll_aton_NN_interface.h ****    */
 164:../../Middlewares/stedgeai-lib/Npu/ll_aton/ll_aton_NN_interface.h ****   static inline bool EpochBlock_IsEpochPureHW(const EpochBlock_ItemTypeDef *eb);
 165:../../Middlewares/stedgeai-lib/Npu/ll_aton/ll_aton_NN_interface.h **** 
 166:../../Middlewares/stedgeai-lib/Npu/ll_aton/ll_aton_NN_interface.h ****   /**
 167:../../Middlewares/stedgeai-lib/Npu/ll_aton/ll_aton_NN_interface.h ****    * @brief Checks if the pointed element is a hybrid epoch
 168:../../Middlewares/stedgeai-lib/Npu/ll_aton/ll_aton_NN_interface.h ****    *
 169:../../Middlewares/stedgeai-lib/Npu/ll_aton/ll_aton_NN_interface.h ****    */
 170:../../Middlewares/stedgeai-lib/Npu/ll_aton/ll_aton_NN_interface.h ****   static inline bool EpochBlock_IsEpochHybrid(const EpochBlock_ItemTypeDef *eb);
 171:../../Middlewares/stedgeai-lib/Npu/ll_aton/ll_aton_NN_interface.h **** 
 172:../../Middlewares/stedgeai-lib/Npu/ll_aton/ll_aton_NN_interface.h ****   /**
 173:../../Middlewares/stedgeai-lib/Npu/ll_aton/ll_aton_NN_interface.h ****    * @brief Checks if the pointed element is an internal epoch
 174:../../Middlewares/stedgeai-lib/Npu/ll_aton/ll_aton_NN_interface.h ****    *
 175:../../Middlewares/stedgeai-lib/Npu/ll_aton/ll_aton_NN_interface.h ****    */
 176:../../Middlewares/stedgeai-lib/Npu/ll_aton/ll_aton_NN_interface.h ****   static inline bool EpochBlock_IsEpochInternal(const EpochBlock_ItemTypeDef *eb);
 177:../../Middlewares/stedgeai-lib/Npu/ll_aton/ll_aton_NN_interface.h **** 
 178:../../Middlewares/stedgeai-lib/Npu/ll_aton/ll_aton_NN_interface.h ****   /**
 179:../../Middlewares/stedgeai-lib/Npu/ll_aton/ll_aton_NN_interface.h ****    * @brief Returns the Epoch controller id to use
 180:../../Middlewares/stedgeai-lib/Npu/ll_aton/ll_aton_NN_interface.h ****    *
 181:../../Middlewares/stedgeai-lib/Npu/ll_aton/ll_aton_NN_interface.h ****    */
 182:../../Middlewares/stedgeai-lib/Npu/ll_aton/ll_aton_NN_interface.h ****   static inline uint32_t EpochBlock_EpochControllerUnit(const EpochBlock_ItemTypeDef *eb);
 183:../../Middlewares/stedgeai-lib/Npu/ll_aton/ll_aton_NN_interface.h **** 
 184:../../Middlewares/stedgeai-lib/Npu/ll_aton/ll_aton_NN_interface.h ****   /**
 185:../../Middlewares/stedgeai-lib/Npu/ll_aton/ll_aton_NN_interface.h ****    * @brief Returns the address of the configuration of the epoch controller (the blob address)
 186:../../Middlewares/stedgeai-lib/Npu/ll_aton/ll_aton_NN_interface.h ****    *
 187:../../Middlewares/stedgeai-lib/Npu/ll_aton/ll_aton_NN_interface.h ****    */
 188:../../Middlewares/stedgeai-lib/Npu/ll_aton/ll_aton_NN_interface.h ****   static inline uintptr_t EpochBlock_EpochBlobAddr(const EpochBlock_ItemTypeDef *eb);
 189:../../Middlewares/stedgeai-lib/Npu/ll_aton/ll_aton_NN_interface.h **** 
 190:../../Middlewares/stedgeai-lib/Npu/ll_aton/ll_aton_NN_interface.h ****   /**
 191:../../Middlewares/stedgeai-lib/Npu/ll_aton/ll_aton_NN_interface.h ****    * @brief ATON buffer types definition
 192:../../Middlewares/stedgeai-lib/Npu/ll_aton/ll_aton_NN_interface.h ****    */
 193:../../Middlewares/stedgeai-lib/Npu/ll_aton/ll_aton_NN_interface.h **** 
 194:../../Middlewares/stedgeai-lib/Npu/ll_aton/ll_aton_NN_interface.h ****   /**
 195:../../Middlewares/stedgeai-lib/Npu/ll_aton/ll_aton_NN_interface.h ****    * @}
ARM GAS  /tmp/ccBdscOF.s 			page 5


 196:../../Middlewares/stedgeai-lib/Npu/ll_aton/ll_aton_NN_interface.h ****    */
 197:../../Middlewares/stedgeai-lib/Npu/ll_aton/ll_aton_NN_interface.h **** 
 198:../../Middlewares/stedgeai-lib/Npu/ll_aton/ll_aton_NN_interface.h ****   /** @defgroup Handle-style Data Types for Input, Output, and Internal Buffers
 199:../../Middlewares/stedgeai-lib/Npu/ll_aton/ll_aton_NN_interface.h ****    * @{
 200:../../Middlewares/stedgeai-lib/Npu/ll_aton/ll_aton_NN_interface.h ****    */
 201:../../Middlewares/stedgeai-lib/Npu/ll_aton/ll_aton_NN_interface.h **** 
 202:../../Middlewares/stedgeai-lib/Npu/ll_aton/ll_aton_NN_interface.h ****   typedef enum
 203:../../Middlewares/stedgeai-lib/Npu/ll_aton/ll_aton_NN_interface.h ****   {
 204:../../Middlewares/stedgeai-lib/Npu/ll_aton/ll_aton_NN_interface.h ****     DataType_UNDEFINED = 0,
 205:../../Middlewares/stedgeai-lib/Npu/ll_aton/ll_aton_NN_interface.h ****     DataType_FLOAT = 1,
 206:../../Middlewares/stedgeai-lib/Npu/ll_aton/ll_aton_NN_interface.h ****     DataType_UINT2 = 2,
 207:../../Middlewares/stedgeai-lib/Npu/ll_aton/ll_aton_NN_interface.h ****     DataType_INT2 = 3,
 208:../../Middlewares/stedgeai-lib/Npu/ll_aton/ll_aton_NN_interface.h ****     DataType_UINT4 = 4,
 209:../../Middlewares/stedgeai-lib/Npu/ll_aton/ll_aton_NN_interface.h ****     DataType_INT4 = 5,
 210:../../Middlewares/stedgeai-lib/Npu/ll_aton/ll_aton_NN_interface.h ****     DataType_UINT8 = 6,
 211:../../Middlewares/stedgeai-lib/Npu/ll_aton/ll_aton_NN_interface.h ****     DataType_INT8 = 7,
 212:../../Middlewares/stedgeai-lib/Npu/ll_aton/ll_aton_NN_interface.h ****     DataType_UINT16 = 8,
 213:../../Middlewares/stedgeai-lib/Npu/ll_aton/ll_aton_NN_interface.h ****     DataType_INT16 = 9,
 214:../../Middlewares/stedgeai-lib/Npu/ll_aton/ll_aton_NN_interface.h ****     DataType_INT32 = 10,
 215:../../Middlewares/stedgeai-lib/Npu/ll_aton/ll_aton_NN_interface.h ****     DataType_INT64 = 11,
 216:../../Middlewares/stedgeai-lib/Npu/ll_aton/ll_aton_NN_interface.h ****     DataType_STRING = 12,
 217:../../Middlewares/stedgeai-lib/Npu/ll_aton/ll_aton_NN_interface.h ****     DataType_BOOL = 13,
 218:../../Middlewares/stedgeai-lib/Npu/ll_aton/ll_aton_NN_interface.h ****     DataType_FLOAT16 = 14,
 219:../../Middlewares/stedgeai-lib/Npu/ll_aton/ll_aton_NN_interface.h ****     DataType_DOUBLE = 15,
 220:../../Middlewares/stedgeai-lib/Npu/ll_aton/ll_aton_NN_interface.h ****     DataType_UINT32 = 16,
 221:../../Middlewares/stedgeai-lib/Npu/ll_aton/ll_aton_NN_interface.h ****     DataType_UINT64 = 17,
 222:../../Middlewares/stedgeai-lib/Npu/ll_aton/ll_aton_NN_interface.h ****     DataType_COMPLEX64 = 18,
 223:../../Middlewares/stedgeai-lib/Npu/ll_aton/ll_aton_NN_interface.h ****     DataType_COMPLEX128 = 19,
 224:../../Middlewares/stedgeai-lib/Npu/ll_aton/ll_aton_NN_interface.h ****     DataType_BFLOAT16 = 20,
 225:../../Middlewares/stedgeai-lib/Npu/ll_aton/ll_aton_NN_interface.h ****     DataType_FXP = 100 // AtoNN specific
 226:../../Middlewares/stedgeai-lib/Npu/ll_aton/ll_aton_NN_interface.h ****   } Buffer_DataType_TypeDef;
 227:../../Middlewares/stedgeai-lib/Npu/ll_aton/ll_aton_NN_interface.h **** 
 228:../../Middlewares/stedgeai-lib/Npu/ll_aton/ll_aton_NN_interface.h ****   /**
 229:../../Middlewares/stedgeai-lib/Npu/ll_aton/ll_aton_NN_interface.h ****    * @brief ATON buffer Channel position
 230:../../Middlewares/stedgeai-lib/Npu/ll_aton/ll_aton_NN_interface.h ****    */
 231:../../Middlewares/stedgeai-lib/Npu/ll_aton/ll_aton_NN_interface.h **** 
 232:../../Middlewares/stedgeai-lib/Npu/ll_aton/ll_aton_NN_interface.h ****   typedef enum
 233:../../Middlewares/stedgeai-lib/Npu/ll_aton/ll_aton_NN_interface.h ****   {
 234:../../Middlewares/stedgeai-lib/Npu/ll_aton/ll_aton_NN_interface.h ****     CHPos_UNDEFINED = 0, /**< No channel present */
 235:../../Middlewares/stedgeai-lib/Npu/ll_aton/ll_aton_NN_interface.h ****     CHPos_First = 1,     /**< Channel First         ( ...B C H W )*/
 236:../../Middlewares/stedgeai-lib/Npu/ll_aton/ll_aton_NN_interface.h ****     CHPos_Last = 2,      /**< Channel Last          ( ...B H W C ) */
 237:../../Middlewares/stedgeai-lib/Npu/ll_aton/ll_aton_NN_interface.h ****     CHPos_Mixed = 3,     /**< Channel with Batch(b) ( ...B C/b H W b ) */
 238:../../Middlewares/stedgeai-lib/Npu/ll_aton/ll_aton_NN_interface.h ****   } Buffer_CHPos_TypeDef;
 239:../../Middlewares/stedgeai-lib/Npu/ll_aton/ll_aton_NN_interface.h **** 
 240:../../Middlewares/stedgeai-lib/Npu/ll_aton/ll_aton_NN_interface.h ****   /**
 241:../../Middlewares/stedgeai-lib/Npu/ll_aton/ll_aton_NN_interface.h ****    * @brief ATON buffer definition
 242:../../Middlewares/stedgeai-lib/Npu/ll_aton/ll_aton_NN_interface.h ****    */
 243:../../Middlewares/stedgeai-lib/Npu/ll_aton/ll_aton_NN_interface.h ****   typedef struct
 244:../../Middlewares/stedgeai-lib/Npu/ll_aton/ll_aton_NN_interface.h ****   {
 245:../../Middlewares/stedgeai-lib/Npu/ll_aton/ll_aton_NN_interface.h ****     const char *name;             /**< Buffer name. NULL if end of list */
 246:../../Middlewares/stedgeai-lib/Npu/ll_aton/ll_aton_NN_interface.h ****     __LL_address_t addr_base;     /**< Buffer base address */
 247:../../Middlewares/stedgeai-lib/Npu/ll_aton/ll_aton_NN_interface.h ****     uint32_t offset_start;        /**< Offset of the buffer start address from the base address */
 248:../../Middlewares/stedgeai-lib/Npu/ll_aton/ll_aton_NN_interface.h ****     uint32_t offset_end;          /**< Offset of the buffer end address from the base address
 249:../../Middlewares/stedgeai-lib/Npu/ll_aton/ll_aton_NN_interface.h ****                                    *   (first bytes address beyond buffer length) */
 250:../../Middlewares/stedgeai-lib/Npu/ll_aton/ll_aton_NN_interface.h ****     uint32_t offset_limit;        /**< Offset of the limiter address from the base address,
 251:../../Middlewares/stedgeai-lib/Npu/ll_aton/ll_aton_NN_interface.h ****                                    *   (needed for configuring streaming engines) */
 252:../../Middlewares/stedgeai-lib/Npu/ll_aton/ll_aton_NN_interface.h ****     uint8_t is_user_allocated;    /**< */
ARM GAS  /tmp/ccBdscOF.s 			page 6


 253:../../Middlewares/stedgeai-lib/Npu/ll_aton/ll_aton_NN_interface.h ****     uint8_t is_param;             /**< */
 254:../../Middlewares/stedgeai-lib/Npu/ll_aton/ll_aton_NN_interface.h ****     uint16_t epoch;               /**< */
 255:../../Middlewares/stedgeai-lib/Npu/ll_aton/ll_aton_NN_interface.h ****     uint32_t batch;               /**< */
 256:../../Middlewares/stedgeai-lib/Npu/ll_aton/ll_aton_NN_interface.h ****     const uint32_t *mem_shape;    /**< shape as seen by the user in memory (only valid for input/ou
 257:../../Middlewares/stedgeai-lib/Npu/ll_aton/ll_aton_NN_interface.h ****     uint16_t mem_ndims;           /**< Number of dimensions of mem_shape (Length of mem_shape) */
 258:../../Middlewares/stedgeai-lib/Npu/ll_aton/ll_aton_NN_interface.h ****     Buffer_CHPos_TypeDef chpos;   /**< Position  of channels dimension in mem shape */
 259:../../Middlewares/stedgeai-lib/Npu/ll_aton/ll_aton_NN_interface.h ****     Buffer_DataType_TypeDef type; /**< */
 260:../../Middlewares/stedgeai-lib/Npu/ll_aton/ll_aton_NN_interface.h ****     int8_t Qm;                    /**< */
 261:../../Middlewares/stedgeai-lib/Npu/ll_aton/ll_aton_NN_interface.h ****     int8_t Qn;                    /**< */
 262:../../Middlewares/stedgeai-lib/Npu/ll_aton/ll_aton_NN_interface.h ****     uint8_t Qunsigned;            /**< */
 263:../../Middlewares/stedgeai-lib/Npu/ll_aton/ll_aton_NN_interface.h ****     uint8_t ndims;                /**< */
 264:../../Middlewares/stedgeai-lib/Npu/ll_aton/ll_aton_NN_interface.h ****     uint8_t nbits;                /**< */
 265:../../Middlewares/stedgeai-lib/Npu/ll_aton/ll_aton_NN_interface.h ****     uint8_t per_channel;          /**< */
 266:../../Middlewares/stedgeai-lib/Npu/ll_aton/ll_aton_NN_interface.h ****     const uint32_t *shape;        /**< */
 267:../../Middlewares/stedgeai-lib/Npu/ll_aton/ll_aton_NN_interface.h ****     const float *scale;           /**< */
 268:../../Middlewares/stedgeai-lib/Npu/ll_aton/ll_aton_NN_interface.h ****     const int16_t *offset;        /**< This can become int8 or uint8 based on the Qunsigned field.
 269:../../Middlewares/stedgeai-lib/Npu/ll_aton/ll_aton_NN_interface.h ****                                    *   (This field Must have the same format of the quantized value
 270:../../Middlewares/stedgeai-lib/Npu/ll_aton/ll_aton_NN_interface.h ****   } LL_Buffer_InfoTypeDef;
 271:../../Middlewares/stedgeai-lib/Npu/ll_aton/ll_aton_NN_interface.h **** 
 272:../../Middlewares/stedgeai-lib/Npu/ll_aton/ll_aton_NN_interface.h ****   /**
 273:../../Middlewares/stedgeai-lib/Npu/ll_aton/ll_aton_NN_interface.h ****    * @}
 274:../../Middlewares/stedgeai-lib/Npu/ll_aton/ll_aton_NN_interface.h ****    */
 275:../../Middlewares/stedgeai-lib/Npu/ll_aton/ll_aton_NN_interface.h **** 
 276:../../Middlewares/stedgeai-lib/Npu/ll_aton/ll_aton_NN_interface.h ****   /** @defgroup Helper Function Declarations for Buffer Analysis
 277:../../Middlewares/stedgeai-lib/Npu/ll_aton/ll_aton_NN_interface.h ****    * @{
 278:../../Middlewares/stedgeai-lib/Npu/ll_aton/ll_aton_NN_interface.h ****    */
 279:../../Middlewares/stedgeai-lib/Npu/ll_aton/ll_aton_NN_interface.h **** 
 280:../../Middlewares/stedgeai-lib/Npu/ll_aton/ll_aton_NN_interface.h ****   /**
 281:../../Middlewares/stedgeai-lib/Npu/ll_aton/ll_aton_NN_interface.h ****    * @brief returns the base address of the mem pool the buffer is allocated in
 282:../../Middlewares/stedgeai-lib/Npu/ll_aton/ll_aton_NN_interface.h ****    *
 283:../../Middlewares/stedgeai-lib/Npu/ll_aton/ll_aton_NN_interface.h ****    */
 284:../../Middlewares/stedgeai-lib/Npu/ll_aton/ll_aton_NN_interface.h ****   static inline unsigned char *LL_Buffer_addr_base(const LL_Buffer_InfoTypeDef *buf);
 285:../../Middlewares/stedgeai-lib/Npu/ll_aton/ll_aton_NN_interface.h **** 
 286:../../Middlewares/stedgeai-lib/Npu/ll_aton/ll_aton_NN_interface.h ****   /**
 287:../../Middlewares/stedgeai-lib/Npu/ll_aton/ll_aton_NN_interface.h ****    * @brief returns the start address of the buffer
 288:../../Middlewares/stedgeai-lib/Npu/ll_aton/ll_aton_NN_interface.h ****    *
 289:../../Middlewares/stedgeai-lib/Npu/ll_aton/ll_aton_NN_interface.h ****    */
 290:../../Middlewares/stedgeai-lib/Npu/ll_aton/ll_aton_NN_interface.h ****   static inline unsigned char *LL_Buffer_addr_start(const LL_Buffer_InfoTypeDef *buf);
 291:../../Middlewares/stedgeai-lib/Npu/ll_aton/ll_aton_NN_interface.h **** 
 292:../../Middlewares/stedgeai-lib/Npu/ll_aton/ll_aton_NN_interface.h ****   /**
 293:../../Middlewares/stedgeai-lib/Npu/ll_aton/ll_aton_NN_interface.h ****    * @brief returns the end address of the buffer
 294:../../Middlewares/stedgeai-lib/Npu/ll_aton/ll_aton_NN_interface.h ****    *
 295:../../Middlewares/stedgeai-lib/Npu/ll_aton/ll_aton_NN_interface.h ****    */
 296:../../Middlewares/stedgeai-lib/Npu/ll_aton/ll_aton_NN_interface.h ****   static inline unsigned char *LL_Buffer_addr_end(const LL_Buffer_InfoTypeDef *buf);
 297:../../Middlewares/stedgeai-lib/Npu/ll_aton/ll_aton_NN_interface.h **** 
 298:../../Middlewares/stedgeai-lib/Npu/ll_aton/ll_aton_NN_interface.h ****   /**
 299:../../Middlewares/stedgeai-lib/Npu/ll_aton/ll_aton_NN_interface.h ****    * @brief returns the limit address of the buffer
 300:../../Middlewares/stedgeai-lib/Npu/ll_aton/ll_aton_NN_interface.h ****    *
 301:../../Middlewares/stedgeai-lib/Npu/ll_aton/ll_aton_NN_interface.h ****    */
 302:../../Middlewares/stedgeai-lib/Npu/ll_aton/ll_aton_NN_interface.h ****   static inline unsigned char *LL_Buffer_addr_limit(const LL_Buffer_InfoTypeDef *buf);
 303:../../Middlewares/stedgeai-lib/Npu/ll_aton/ll_aton_NN_interface.h **** 
 304:../../Middlewares/stedgeai-lib/Npu/ll_aton/ll_aton_NN_interface.h ****   /**
 305:../../Middlewares/stedgeai-lib/Npu/ll_aton/ll_aton_NN_interface.h ****    * @brief returns the length of the buffer
 306:../../Middlewares/stedgeai-lib/Npu/ll_aton/ll_aton_NN_interface.h ****    *
 307:../../Middlewares/stedgeai-lib/Npu/ll_aton/ll_aton_NN_interface.h ****    */
 308:../../Middlewares/stedgeai-lib/Npu/ll_aton/ll_aton_NN_interface.h ****   static inline uint32_t LL_Buffer_len(const LL_Buffer_InfoTypeDef *buf);
 309:../../Middlewares/stedgeai-lib/Npu/ll_aton/ll_aton_NN_interface.h **** 
ARM GAS  /tmp/ccBdscOF.s 			page 7


 310:../../Middlewares/stedgeai-lib/Npu/ll_aton/ll_aton_NN_interface.h ****   /**
 311:../../Middlewares/stedgeai-lib/Npu/ll_aton/ll_aton_NN_interface.h ****    * @brief returns the buffer elements number of bits
 312:../../Middlewares/stedgeai-lib/Npu/ll_aton/ll_aton_NN_interface.h ****    *
 313:../../Middlewares/stedgeai-lib/Npu/ll_aton/ll_aton_NN_interface.h ****    */
 314:../../Middlewares/stedgeai-lib/Npu/ll_aton/ll_aton_NN_interface.h ****   static inline uint32_t LL_Buffer_bits(const LL_Buffer_InfoTypeDef *buf);
 315:../../Middlewares/stedgeai-lib/Npu/ll_aton/ll_aton_NN_interface.h **** 
 316:../../Middlewares/stedgeai-lib/Npu/ll_aton/ll_aton_NN_interface.h ****   /**
 317:../../Middlewares/stedgeai-lib/Npu/ll_aton/ll_aton_NN_interface.h ****    * @}
 318:../../Middlewares/stedgeai-lib/Npu/ll_aton/ll_aton_NN_interface.h ****    */
 319:../../Middlewares/stedgeai-lib/Npu/ll_aton/ll_aton_NN_interface.h **** 
 320:../../Middlewares/stedgeai-lib/Npu/ll_aton/ll_aton_NN_interface.h ****   /** @defgroup Handle-style Data Types and Declaration Macros for ATON Runtime Execution & User AP
 321:../../Middlewares/stedgeai-lib/Npu/ll_aton/ll_aton_NN_interface.h ****    * @{
 322:../../Middlewares/stedgeai-lib/Npu/ll_aton/ll_aton_NN_interface.h ****    */
 323:../../Middlewares/stedgeai-lib/Npu/ll_aton/ll_aton_NN_interface.h **** 
 324:../../Middlewares/stedgeai-lib/Npu/ll_aton/ll_aton_NN_interface.h ****   struct __nn_instance_struct; // forward declaration
 325:../../Middlewares/stedgeai-lib/Npu/ll_aton/ll_aton_NN_interface.h ****   typedef struct __nn_instance_struct NN_Instance_TypeDef;
 326:../../Middlewares/stedgeai-lib/Npu/ll_aton/ll_aton_NN_interface.h **** 
 327:../../Middlewares/stedgeai-lib/Npu/ll_aton/ll_aton_NN_interface.h **** /**
 328:../../Middlewares/stedgeai-lib/Npu/ll_aton/ll_aton_NN_interface.h ****  * @brief Declare the function prototypes for named NN interface functions generated by the AtoNN c
 329:../../Middlewares/stedgeai-lib/Npu/ll_aton/ll_aton_NN_interface.h ****  * @param network_name name of the network as provided by option `--network-name`
 330:../../Middlewares/stedgeai-lib/Npu/ll_aton/ll_aton_NN_interface.h ****  */
 331:../../Middlewares/stedgeai-lib/Npu/ll_aton/ll_aton_NN_interface.h **** #define LL_ATON_DECLARE_NAMED_NN_PROTOS(network_name)                                              
 332:../../Middlewares/stedgeai-lib/Npu/ll_aton/ll_aton_NN_interface.h ****   extern bool LL_ATON_EC_Network_Init_##network_name(void);                                        
 333:../../Middlewares/stedgeai-lib/Npu/ll_aton/ll_aton_NN_interface.h ****   extern bool LL_ATON_EC_Inference_Init_##network_name(void);                                      
 334:../../Middlewares/stedgeai-lib/Npu/ll_aton/ll_aton_NN_interface.h ****   extern LL_ATON_User_IO_Result_t LL_ATON_Set_User_Input_Buffer_##network_name(uint32_t num, void *
 335:../../Middlewares/stedgeai-lib/Npu/ll_aton/ll_aton_NN_interface.h ****                                                                                uint32_t size);     
 336:../../Middlewares/stedgeai-lib/Npu/ll_aton/ll_aton_NN_interface.h ****   extern void *LL_ATON_Get_User_Input_Buffer_##network_name(uint32_t num);                         
 337:../../Middlewares/stedgeai-lib/Npu/ll_aton/ll_aton_NN_interface.h ****   extern LL_ATON_User_IO_Result_t LL_ATON_Set_User_Output_Buffer_##network_name(uint32_t num, void 
 338:../../Middlewares/stedgeai-lib/Npu/ll_aton/ll_aton_NN_interface.h ****                                                                                 uint32_t size);    
 339:../../Middlewares/stedgeai-lib/Npu/ll_aton/ll_aton_NN_interface.h ****   extern void *LL_ATON_Get_User_Output_Buffer_##network_name(uint32_t num);                        
 340:../../Middlewares/stedgeai-lib/Npu/ll_aton/ll_aton_NN_interface.h ****   extern const EpochBlock_ItemTypeDef *LL_ATON_EpochBlockItems_##network_name(void);               
 341:../../Middlewares/stedgeai-lib/Npu/ll_aton/ll_aton_NN_interface.h ****   extern const LL_Buffer_InfoTypeDef *LL_ATON_Output_Buffers_Info_##network_name(void);            
 342:../../Middlewares/stedgeai-lib/Npu/ll_aton/ll_aton_NN_interface.h ****   extern const LL_Buffer_InfoTypeDef *LL_ATON_Input_Buffers_Info_##network_name(void);             
 343:../../Middlewares/stedgeai-lib/Npu/ll_aton/ll_aton_NN_interface.h ****   extern const LL_Streng_EncryptionTypedef *LL_ATON_WeightEncryption_Info_##network_name(void);    
 344:../../Middlewares/stedgeai-lib/Npu/ll_aton/ll_aton_NN_interface.h ****   extern const LL_Streng_EncryptionTypedef *LL_ATON_BlobEncryption_Info_##network_name(void);      
 345:../../Middlewares/stedgeai-lib/Npu/ll_aton/ll_aton_NN_interface.h ****   extern const LL_Buffer_InfoTypeDef *LL_ATON_Internal_Buffers_Info_##network_name(void);
 346:../../Middlewares/stedgeai-lib/Npu/ll_aton/ll_aton_NN_interface.h **** 
 347:../../Middlewares/stedgeai-lib/Npu/ll_aton/ll_aton_NN_interface.h ****   /**
 348:../../Middlewares/stedgeai-lib/Npu/ll_aton/ll_aton_NN_interface.h ****    * @brief  Type definitions for NN interface functions
 349:../../Middlewares/stedgeai-lib/Npu/ll_aton/ll_aton_NN_interface.h ****    */
 350:../../Middlewares/stedgeai-lib/Npu/ll_aton/ll_aton_NN_interface.h ****   typedef bool (*NN_EC_Hook_TypeDef)(void);
 351:../../Middlewares/stedgeai-lib/Npu/ll_aton/ll_aton_NN_interface.h ****   typedef LL_ATON_User_IO_Result_t (*NN_InputSetter_TypeDef)(uint32_t num, void *buffer, uint32_t s
 352:../../Middlewares/stedgeai-lib/Npu/ll_aton/ll_aton_NN_interface.h ****   typedef void *(*NN_InputGetter_TypeDef)(uint32_t num);
 353:../../Middlewares/stedgeai-lib/Npu/ll_aton/ll_aton_NN_interface.h ****   typedef LL_ATON_User_IO_Result_t (*NN_OutputSetter_TypeDef)(uint32_t num, void *buffer, uint32_t 
 354:../../Middlewares/stedgeai-lib/Npu/ll_aton/ll_aton_NN_interface.h ****   typedef void *(*NN_OutputGetter_TypeDef)(uint32_t num);
 355:../../Middlewares/stedgeai-lib/Npu/ll_aton/ll_aton_NN_interface.h ****   typedef const EpochBlock_ItemTypeDef *(*NN_EpochBlockItems_TypeDef)(void);
 356:../../Middlewares/stedgeai-lib/Npu/ll_aton/ll_aton_NN_interface.h ****   typedef const LL_Streng_EncryptionTypedef *(*NN_Encryption_Info_TypeDef)(void);
 357:../../Middlewares/stedgeai-lib/Npu/ll_aton/ll_aton_NN_interface.h ****   typedef const LL_Buffer_InfoTypeDef *(*NN_Buffers_Info_TypeDef)(void);
 358:../../Middlewares/stedgeai-lib/Npu/ll_aton/ll_aton_NN_interface.h **** 
 359:../../Middlewares/stedgeai-lib/Npu/ll_aton/ll_aton_NN_interface.h ****   typedef void (*TraceRuntime_FuncPtr_t)(LL_ATON_RT_Callbacktype_t ctype);
 360:../../Middlewares/stedgeai-lib/Npu/ll_aton/ll_aton_NN_interface.h **** 
 361:../../Middlewares/stedgeai-lib/Npu/ll_aton/ll_aton_NN_interface.h ****   typedef void (*TraceEpochBlock_FuncPtr_t)(LL_ATON_RT_Callbacktype_t ctype, const NN_Instance_Type
 362:../../Middlewares/stedgeai-lib/Npu/ll_aton/ll_aton_NN_interface.h ****                                             const EpochBlock_ItemTypeDef *epoch_block);
 363:../../Middlewares/stedgeai-lib/Npu/ll_aton/ll_aton_NN_interface.h **** 
 364:../../Middlewares/stedgeai-lib/Npu/ll_aton/ll_aton_NN_interface.h ****   typedef struct
 365:../../Middlewares/stedgeai-lib/Npu/ll_aton/ll_aton_NN_interface.h ****   {
 366:../../Middlewares/stedgeai-lib/Npu/ll_aton/ll_aton_NN_interface.h ****     const char *network_name;
ARM GAS  /tmp/ccBdscOF.s 			page 8


 367:../../Middlewares/stedgeai-lib/Npu/ll_aton/ll_aton_NN_interface.h ****     NN_EC_Hook_TypeDef ec_network_init;
 368:../../Middlewares/stedgeai-lib/Npu/ll_aton/ll_aton_NN_interface.h ****     NN_EC_Hook_TypeDef ec_inference_init;
 369:../../Middlewares/stedgeai-lib/Npu/ll_aton/ll_aton_NN_interface.h ****     NN_InputSetter_TypeDef input_setter;
 370:../../Middlewares/stedgeai-lib/Npu/ll_aton/ll_aton_NN_interface.h ****     NN_InputGetter_TypeDef input_getter;
 371:../../Middlewares/stedgeai-lib/Npu/ll_aton/ll_aton_NN_interface.h ****     NN_OutputSetter_TypeDef output_setter;
 372:../../Middlewares/stedgeai-lib/Npu/ll_aton/ll_aton_NN_interface.h ****     NN_OutputGetter_TypeDef output_getter;
 373:../../Middlewares/stedgeai-lib/Npu/ll_aton/ll_aton_NN_interface.h ****     NN_EpochBlockItems_TypeDef epoch_block_items;
 374:../../Middlewares/stedgeai-lib/Npu/ll_aton/ll_aton_NN_interface.h ****     NN_Buffers_Info_TypeDef output_buffers_info;
 375:../../Middlewares/stedgeai-lib/Npu/ll_aton/ll_aton_NN_interface.h ****     NN_Buffers_Info_TypeDef input_buffers_info;
 376:../../Middlewares/stedgeai-lib/Npu/ll_aton/ll_aton_NN_interface.h ****     NN_Encryption_Info_TypeDef blob_encryption_info;
 377:../../Middlewares/stedgeai-lib/Npu/ll_aton/ll_aton_NN_interface.h ****     NN_Encryption_Info_TypeDef weight_encryption_info;
 378:../../Middlewares/stedgeai-lib/Npu/ll_aton/ll_aton_NN_interface.h ****     NN_Buffers_Info_TypeDef internal_buffers_info;
 379:../../Middlewares/stedgeai-lib/Npu/ll_aton/ll_aton_NN_interface.h ****   } NN_Interface_TypeDef;
 380:../../Middlewares/stedgeai-lib/Npu/ll_aton/ll_aton_NN_interface.h **** 
 381:../../Middlewares/stedgeai-lib/Npu/ll_aton/ll_aton_NN_interface.h ****   typedef struct
 382:../../Middlewares/stedgeai-lib/Npu/ll_aton/ll_aton_NN_interface.h ****   {
 383:../../Middlewares/stedgeai-lib/Npu/ll_aton/ll_aton_NN_interface.h ****     const EpochBlock_ItemTypeDef *volatile current_epoch_block; // pointer to current epoch block
 384:../../Middlewares/stedgeai-lib/Npu/ll_aton/ll_aton_NN_interface.h ****     const EpochBlock_ItemTypeDef *volatile first_epoch_block;   // pointer to first epoch block in 
 385:../../Middlewares/stedgeai-lib/Npu/ll_aton/ll_aton_NN_interface.h ****     const EpochBlock_ItemTypeDef *volatile next_epoch_block;    // pointer to epoch block to be ins
 386:../../Middlewares/stedgeai-lib/Npu/ll_aton/ll_aton_NN_interface.h **** 
 387:../../Middlewares/stedgeai-lib/Npu/ll_aton/ll_aton_NN_interface.h ****     const EpochBlock_ItemTypeDef *volatile saved_current_epoch_block; // pointer to saved current e
 388:../../Middlewares/stedgeai-lib/Npu/ll_aton/ll_aton_NN_interface.h ****     const EpochBlock_ItemTypeDef
 389:../../Middlewares/stedgeai-lib/Npu/ll_aton/ll_aton_NN_interface.h ****         *volatile saved_first_epoch_block; // pointer to saved first epoch block in current epoch l
 390:../../Middlewares/stedgeai-lib/Npu/ll_aton/ll_aton_NN_interface.h **** 
 391:../../Middlewares/stedgeai-lib/Npu/ll_aton/ll_aton_NN_interface.h ****     bool inference_started; // inference has been started
 392:../../Middlewares/stedgeai-lib/Npu/ll_aton/ll_aton_NN_interface.h **** 
 393:../../Middlewares/stedgeai-lib/Npu/ll_aton/ll_aton_NN_interface.h **** #if (LL_ATON_RT_MODE == LL_ATON_RT_ASYNC)
 394:../../Middlewares/stedgeai-lib/Npu/ll_aton/ll_aton_NN_interface.h ****     volatile uint32_t triggered_events;        // currently triggered events/IRQs in current epoch
 395:../../Middlewares/stedgeai-lib/Npu/ll_aton/ll_aton_NN_interface.h ****     volatile bool current_epoch_block_started; // has current epoch block already been started
 396:../../Middlewares/stedgeai-lib/Npu/ll_aton/ll_aton_NN_interface.h **** #endif                                         // (LL_ATON_RT_MODE == LL_ATON_RT_ASYNC)
 397:../../Middlewares/stedgeai-lib/Npu/ll_aton/ll_aton_NN_interface.h **** 
 398:../../Middlewares/stedgeai-lib/Npu/ll_aton/ll_aton_NN_interface.h **** #ifndef NDEBUG
 399:../../Middlewares/stedgeai-lib/Npu/ll_aton/ll_aton_NN_interface.h ****     volatile uint32_t
 400:../../Middlewares/stedgeai-lib/Npu/ll_aton/ll_aton_NN_interface.h ****         nr_of_epoch_blocks; // number of epoch blocks in network (includes also terminating empty e
 401:../../Middlewares/stedgeai-lib/Npu/ll_aton/ll_aton_NN_interface.h ****     volatile uint32_t saved_nr_of_epoch_blocks; // number of epoch blocks in saved network (include
 402:../../Middlewares/stedgeai-lib/Npu/ll_aton/ll_aton_NN_interface.h ****                                                 // empty epoch block)
 403:../../Middlewares/stedgeai-lib/Npu/ll_aton/ll_aton_NN_interface.h **** #endif                                          // !NDEBUG
 404:../../Middlewares/stedgeai-lib/Npu/ll_aton/ll_aton_NN_interface.h **** 
 405:../../Middlewares/stedgeai-lib/Npu/ll_aton/ll_aton_NN_interface.h ****     TraceEpochBlock_FuncPtr_t epoch_callback_function; // epoch callback function
 406:../../Middlewares/stedgeai-lib/Npu/ll_aton/ll_aton_NN_interface.h **** 
 407:../../Middlewares/stedgeai-lib/Npu/ll_aton/ll_aton_NN_interface.h **** #if defined(LL_ATON_RT_RELOC)
 408:../../Middlewares/stedgeai-lib/Npu/ll_aton/ll_aton_NN_interface.h ****     uint32_t inst_reloc;
 409:../../Middlewares/stedgeai-lib/Npu/ll_aton/ll_aton_NN_interface.h **** #endif
 410:../../Middlewares/stedgeai-lib/Npu/ll_aton/ll_aton_NN_interface.h **** 
 411:../../Middlewares/stedgeai-lib/Npu/ll_aton/ll_aton_NN_interface.h ****   } NN_Execution_State_TypeDef;
 412:../../Middlewares/stedgeai-lib/Npu/ll_aton/ll_aton_NN_interface.h **** 
 413:../../Middlewares/stedgeai-lib/Npu/ll_aton/ll_aton_NN_interface.h ****   struct __nn_instance_struct
 414:../../Middlewares/stedgeai-lib/Npu/ll_aton/ll_aton_NN_interface.h ****   {
 415:../../Middlewares/stedgeai-lib/Npu/ll_aton/ll_aton_NN_interface.h ****     const NN_Interface_TypeDef *network;
 416:../../Middlewares/stedgeai-lib/Npu/ll_aton/ll_aton_NN_interface.h ****     NN_Execution_State_TypeDef exec_state;
 417:../../Middlewares/stedgeai-lib/Npu/ll_aton/ll_aton_NN_interface.h ****   };
 418:../../Middlewares/stedgeai-lib/Npu/ll_aton/ll_aton_NN_interface.h **** 
 419:../../Middlewares/stedgeai-lib/Npu/ll_aton/ll_aton_NN_interface.h ****   /**
 420:../../Middlewares/stedgeai-lib/Npu/ll_aton/ll_aton_NN_interface.h ****    * @}
 421:../../Middlewares/stedgeai-lib/Npu/ll_aton/ll_aton_NN_interface.h ****    */
 422:../../Middlewares/stedgeai-lib/Npu/ll_aton/ll_aton_NN_interface.h **** 
 423:../../Middlewares/stedgeai-lib/Npu/ll_aton/ll_aton_NN_interface.h ****   /** @defgroup Helper Function Inline Implementations
ARM GAS  /tmp/ccBdscOF.s 			page 9


 424:../../Middlewares/stedgeai-lib/Npu/ll_aton/ll_aton_NN_interface.h ****    * @{
 425:../../Middlewares/stedgeai-lib/Npu/ll_aton/ll_aton_NN_interface.h ****    */
 426:../../Middlewares/stedgeai-lib/Npu/ll_aton/ll_aton_NN_interface.h **** 
 427:../../Middlewares/stedgeai-lib/Npu/ll_aton/ll_aton_NN_interface.h ****   static inline bool EpochBlock_IsLastEpochBlock(const EpochBlock_ItemTypeDef *eb)
 428:../../Middlewares/stedgeai-lib/Npu/ll_aton/ll_aton_NN_interface.h ****   {
 429:../../Middlewares/stedgeai-lib/Npu/ll_aton/ll_aton_NN_interface.h ****     return ((eb->flags & EpochBlock_Flags_last_eb) != 0);
 430:../../Middlewares/stedgeai-lib/Npu/ll_aton/ll_aton_NN_interface.h ****   }
 431:../../Middlewares/stedgeai-lib/Npu/ll_aton/ll_aton_NN_interface.h **** 
 432:../../Middlewares/stedgeai-lib/Npu/ll_aton/ll_aton_NN_interface.h ****   static inline bool EpochBlock_IsEpochStart(const EpochBlock_ItemTypeDef *eb)
 433:../../Middlewares/stedgeai-lib/Npu/ll_aton/ll_aton_NN_interface.h ****   {
 434:../../Middlewares/stedgeai-lib/Npu/ll_aton/ll_aton_NN_interface.h ****     return ((eb->flags & EpochBlock_Flags_epoch_start) != 0);
 435:../../Middlewares/stedgeai-lib/Npu/ll_aton/ll_aton_NN_interface.h ****   }
 436:../../Middlewares/stedgeai-lib/Npu/ll_aton/ll_aton_NN_interface.h **** 
 437:../../Middlewares/stedgeai-lib/Npu/ll_aton/ll_aton_NN_interface.h ****   static inline bool EpochBlock_IsEpochEnd(const EpochBlock_ItemTypeDef *eb)
 438:../../Middlewares/stedgeai-lib/Npu/ll_aton/ll_aton_NN_interface.h ****   {
 439:../../Middlewares/stedgeai-lib/Npu/ll_aton/ll_aton_NN_interface.h ****     return ((eb->flags & EpochBlock_Flags_epoch_end) != 0);
 440:../../Middlewares/stedgeai-lib/Npu/ll_aton/ll_aton_NN_interface.h ****   }
 441:../../Middlewares/stedgeai-lib/Npu/ll_aton/ll_aton_NN_interface.h **** 
 442:../../Middlewares/stedgeai-lib/Npu/ll_aton/ll_aton_NN_interface.h ****   static inline bool EpochBlock_IsEpochBlob(const EpochBlock_ItemTypeDef *eb)
 443:../../Middlewares/stedgeai-lib/Npu/ll_aton/ll_aton_NN_interface.h ****   {
 444:../../Middlewares/stedgeai-lib/Npu/ll_aton/ll_aton_NN_interface.h ****     return ((eb->flags & EpochBlock_Flags_blob) != 0);
 445:../../Middlewares/stedgeai-lib/Npu/ll_aton/ll_aton_NN_interface.h ****   }
 446:../../Middlewares/stedgeai-lib/Npu/ll_aton/ll_aton_NN_interface.h **** 
 447:../../Middlewares/stedgeai-lib/Npu/ll_aton/ll_aton_NN_interface.h ****   static inline bool EpochBlock_IsBlobEncrypted(const EpochBlock_ItemTypeDef *eb)
 448:../../Middlewares/stedgeai-lib/Npu/ll_aton/ll_aton_NN_interface.h ****   {
 449:../../Middlewares/stedgeai-lib/Npu/ll_aton/ll_aton_NN_interface.h ****     return ((eb->flags & EpochBlock_Flags_blob_encrypted) != 0);
 450:../../Middlewares/stedgeai-lib/Npu/ll_aton/ll_aton_NN_interface.h ****   }
 451:../../Middlewares/stedgeai-lib/Npu/ll_aton/ll_aton_NN_interface.h **** 
 452:../../Middlewares/stedgeai-lib/Npu/ll_aton/ll_aton_NN_interface.h ****   static inline bool EpochBlock_IsEpochPureSW(const EpochBlock_ItemTypeDef *eb)
 453:../../Middlewares/stedgeai-lib/Npu/ll_aton/ll_aton_NN_interface.h ****   {
 454:../../Middlewares/stedgeai-lib/Npu/ll_aton/ll_aton_NN_interface.h ****     return ((eb->flags & EpochBlock_Flags_pure_sw) != 0);
 455:../../Middlewares/stedgeai-lib/Npu/ll_aton/ll_aton_NN_interface.h ****   }
 456:../../Middlewares/stedgeai-lib/Npu/ll_aton/ll_aton_NN_interface.h **** 
 457:../../Middlewares/stedgeai-lib/Npu/ll_aton/ll_aton_NN_interface.h ****   static inline bool EpochBlock_IsEpochPureHW(const EpochBlock_ItemTypeDef *eb)
 458:../../Middlewares/stedgeai-lib/Npu/ll_aton/ll_aton_NN_interface.h ****   {
 459:../../Middlewares/stedgeai-lib/Npu/ll_aton/ll_aton_NN_interface.h ****     return ((eb->flags & EpochBlock_Flags_pure_hw) != 0);
 460:../../Middlewares/stedgeai-lib/Npu/ll_aton/ll_aton_NN_interface.h ****   }
 461:../../Middlewares/stedgeai-lib/Npu/ll_aton/ll_aton_NN_interface.h **** 
 462:../../Middlewares/stedgeai-lib/Npu/ll_aton/ll_aton_NN_interface.h ****   static inline bool EpochBlock_IsEpochHybrid(const EpochBlock_ItemTypeDef *eb)
 463:../../Middlewares/stedgeai-lib/Npu/ll_aton/ll_aton_NN_interface.h ****   {
 464:../../Middlewares/stedgeai-lib/Npu/ll_aton/ll_aton_NN_interface.h ****     return ((eb->flags & EpochBlock_Flags_hybrid) != 0);
 465:../../Middlewares/stedgeai-lib/Npu/ll_aton/ll_aton_NN_interface.h ****   }
 466:../../Middlewares/stedgeai-lib/Npu/ll_aton/ll_aton_NN_interface.h **** 
 467:../../Middlewares/stedgeai-lib/Npu/ll_aton/ll_aton_NN_interface.h ****   static inline bool EpochBlock_IsEpochInternal(const EpochBlock_ItemTypeDef *eb)
 468:../../Middlewares/stedgeai-lib/Npu/ll_aton/ll_aton_NN_interface.h ****   {
 469:../../Middlewares/stedgeai-lib/Npu/ll_aton/ll_aton_NN_interface.h ****     return ((eb->flags & EpochBlock_Flags_internal) != 0);
 470:../../Middlewares/stedgeai-lib/Npu/ll_aton/ll_aton_NN_interface.h ****   }
 471:../../Middlewares/stedgeai-lib/Npu/ll_aton/ll_aton_NN_interface.h **** 
 472:../../Middlewares/stedgeai-lib/Npu/ll_aton/ll_aton_NN_interface.h ****   static inline uint32_t EpochBlock_EpochControllerUnit(const EpochBlock_ItemTypeDef *eb)
 473:../../Middlewares/stedgeai-lib/Npu/ll_aton/ll_aton_NN_interface.h ****   {
 474:../../Middlewares/stedgeai-lib/Npu/ll_aton/ll_aton_NN_interface.h ****     LL_ATON_ASSERT(EpochBlock_IsEpochBlob(eb));
 475:../../Middlewares/stedgeai-lib/Npu/ll_aton/ll_aton_NN_interface.h ****     return eb->wait_mask;
 476:../../Middlewares/stedgeai-lib/Npu/ll_aton/ll_aton_NN_interface.h ****   }
 477:../../Middlewares/stedgeai-lib/Npu/ll_aton/ll_aton_NN_interface.h **** 
 478:../../Middlewares/stedgeai-lib/Npu/ll_aton/ll_aton_NN_interface.h ****   static inline uintptr_t EpochBlock_EpochBlobAddr(const EpochBlock_ItemTypeDef *eb)
 479:../../Middlewares/stedgeai-lib/Npu/ll_aton/ll_aton_NN_interface.h ****   {
 480:../../Middlewares/stedgeai-lib/Npu/ll_aton/ll_aton_NN_interface.h ****     LL_ATON_ASSERT(EpochBlock_IsEpochBlob(eb));
ARM GAS  /tmp/ccBdscOF.s 			page 10


 481:../../Middlewares/stedgeai-lib/Npu/ll_aton/ll_aton_NN_interface.h ****     return eb->blob_address;
 482:../../Middlewares/stedgeai-lib/Npu/ll_aton/ll_aton_NN_interface.h ****   }
 483:../../Middlewares/stedgeai-lib/Npu/ll_aton/ll_aton_NN_interface.h **** 
 484:../../Middlewares/stedgeai-lib/Npu/ll_aton/ll_aton_NN_interface.h ****   static inline unsigned char *LL_Buffer_addr_base(const LL_Buffer_InfoTypeDef *buf)
 485:../../Middlewares/stedgeai-lib/Npu/ll_aton/ll_aton_NN_interface.h ****   {
 486:../../Middlewares/stedgeai-lib/Npu/ll_aton/ll_aton_NN_interface.h ****     if (buf->is_user_allocated)
 487:../../Middlewares/stedgeai-lib/Npu/ll_aton/ll_aton_NN_interface.h ****     {
 488:../../Middlewares/stedgeai-lib/Npu/ll_aton/ll_aton_NN_interface.h ****       unsigned char **tmp = (unsigned char **)buf->addr_base.p;
 489:../../Middlewares/stedgeai-lib/Npu/ll_aton/ll_aton_NN_interface.h ****       return *tmp;
 490:../../Middlewares/stedgeai-lib/Npu/ll_aton/ll_aton_NN_interface.h ****     }
 491:../../Middlewares/stedgeai-lib/Npu/ll_aton/ll_aton_NN_interface.h ****     return buf->addr_base.p;
 492:../../Middlewares/stedgeai-lib/Npu/ll_aton/ll_aton_NN_interface.h ****   }
 493:../../Middlewares/stedgeai-lib/Npu/ll_aton/ll_aton_NN_interface.h **** 
 494:../../Middlewares/stedgeai-lib/Npu/ll_aton/ll_aton_NN_interface.h ****   static inline unsigned char *LL_Buffer_addr_start(const LL_Buffer_InfoTypeDef *buf)
 495:../../Middlewares/stedgeai-lib/Npu/ll_aton/ll_aton_NN_interface.h ****   {
  35              		.loc 2 495 3 view -0
  36              		.cfi_startproc
  37              		@ args = 0, pretend = 0, frame = 0
  38              		@ frame_needed = 0, uses_anonymous_args = 0
  39              		@ link register save eliminated.
 496:../../Middlewares/stedgeai-lib/Npu/ll_aton/ll_aton_NN_interface.h ****     return LL_Buffer_addr_base(buf) + buf->offset_start;
  40              		.loc 2 496 5 view .LVU1
  41              	.LBB82:
  42              	.LBI82:
 484:../../Middlewares/stedgeai-lib/Npu/ll_aton/ll_aton_NN_interface.h ****   {
  43              		.loc 2 484 32 view .LVU2
  44              	.LBB83:
 486:../../Middlewares/stedgeai-lib/Npu/ll_aton/ll_aton_NN_interface.h ****     {
  45              		.loc 2 486 5 view .LVU3
 486:../../Middlewares/stedgeai-lib/Npu/ll_aton/ll_aton_NN_interface.h ****     {
  46              		.loc 2 486 8 is_stmt 0 view .LVU4
  47 0000 027D     		ldrb	r2, [r0, #20]	@ zero_extendqisi2
  48              	.LBB84:
 488:../../Middlewares/stedgeai-lib/Npu/ll_aton/ll_aton_NN_interface.h ****       return *tmp;
  49              		.loc 2 488 23 view .LVU5
  50 0002 4368     		ldr	r3, [r0, #4]
  51              	.LBE84:
 486:../../Middlewares/stedgeai-lib/Npu/ll_aton/ll_aton_NN_interface.h ****     {
  52              		.loc 2 486 8 view .LVU6
  53 0004 02B1     		cbz	r2, .L2
  54              	.LBB85:
 488:../../Middlewares/stedgeai-lib/Npu/ll_aton/ll_aton_NN_interface.h ****       return *tmp;
  55              		.loc 2 488 7 is_stmt 1 view .LVU7
  56              	.LVL1:
 489:../../Middlewares/stedgeai-lib/Npu/ll_aton/ll_aton_NN_interface.h ****     }
  57              		.loc 2 489 7 view .LVU8
 489:../../Middlewares/stedgeai-lib/Npu/ll_aton/ll_aton_NN_interface.h ****     }
  58              		.loc 2 489 14 is_stmt 0 view .LVU9
  59 0006 1B68     		ldr	r3, [r3]
  60              	.LVL2:
  61              	.L2:
 489:../../Middlewares/stedgeai-lib/Npu/ll_aton/ll_aton_NN_interface.h ****     }
  62              		.loc 2 489 14 view .LVU10
  63              	.LBE85:
  64              	.LBE83:
  65              	.LBE82:
  66              		.loc 2 496 37 discriminator 1 view .LVU11
ARM GAS  /tmp/ccBdscOF.s 			page 11


  67 0008 8068     		ldr	r0, [r0, #8]
  68              	.LVL3:
 497:../../Middlewares/stedgeai-lib/Npu/ll_aton/ll_aton_NN_interface.h ****   }
  69              		.loc 2 497 3 view .LVU12
  70 000a 1844     		add	r0, r0, r3
  71 000c 7047     		bx	lr
  72              		.cfi_endproc
  73              	.LFE305:
  75              		.section	.text.__ll_aton_lib_split_aton_canonical,"ax",%progbits
  76              		.align	1
  77              		.syntax unified
  78              		.thumb
  79              		.thumb_func
  81              	__ll_aton_lib_split_aton_canonical:
  82              	.LVL4:
  83              	.LFB340:
   1:../../Middlewares/stedgeai-lib/Npu/ll_aton/ll_aton_lib_sw_operators.c **** /**
   2:../../Middlewares/stedgeai-lib/Npu/ll_aton/ll_aton_lib_sw_operators.c ****  ******************************************************************************
   3:../../Middlewares/stedgeai-lib/Npu/ll_aton/ll_aton_lib_sw_operators.c ****  * @file    ll_aton_lib_sw_operators.c
   4:../../Middlewares/stedgeai-lib/Npu/ll_aton/ll_aton_lib_sw_operators.c ****  * @author  SRA Artificial Intelligence & Embedded Architectures
   5:../../Middlewares/stedgeai-lib/Npu/ll_aton/ll_aton_lib_sw_operators.c ****  * @brief   ATON library for pure SW operators
   6:../../Middlewares/stedgeai-lib/Npu/ll_aton/ll_aton_lib_sw_operators.c ****  ******************************************************************************
   7:../../Middlewares/stedgeai-lib/Npu/ll_aton/ll_aton_lib_sw_operators.c ****  * @attention
   8:../../Middlewares/stedgeai-lib/Npu/ll_aton/ll_aton_lib_sw_operators.c ****  *
   9:../../Middlewares/stedgeai-lib/Npu/ll_aton/ll_aton_lib_sw_operators.c ****  * Copyright (c) 2024 STMicroelectronics.
  10:../../Middlewares/stedgeai-lib/Npu/ll_aton/ll_aton_lib_sw_operators.c ****  * All rights reserved.
  11:../../Middlewares/stedgeai-lib/Npu/ll_aton/ll_aton_lib_sw_operators.c ****  *
  12:../../Middlewares/stedgeai-lib/Npu/ll_aton/ll_aton_lib_sw_operators.c ****  * This software is licensed under terms that can be found in the LICENSE file
  13:../../Middlewares/stedgeai-lib/Npu/ll_aton/ll_aton_lib_sw_operators.c ****  * in the root directory of this software component.
  14:../../Middlewares/stedgeai-lib/Npu/ll_aton/ll_aton_lib_sw_operators.c ****  * If no LICENSE file comes with this software, it is provided AS-IS.
  15:../../Middlewares/stedgeai-lib/Npu/ll_aton/ll_aton_lib_sw_operators.c ****  *
  16:../../Middlewares/stedgeai-lib/Npu/ll_aton/ll_aton_lib_sw_operators.c ****  ******************************************************************************
  17:../../Middlewares/stedgeai-lib/Npu/ll_aton/ll_aton_lib_sw_operators.c ****  */
  18:../../Middlewares/stedgeai-lib/Npu/ll_aton/ll_aton_lib_sw_operators.c **** 
  19:../../Middlewares/stedgeai-lib/Npu/ll_aton/ll_aton_lib_sw_operators.c **** #include <inttypes.h>
  20:../../Middlewares/stedgeai-lib/Npu/ll_aton/ll_aton_lib_sw_operators.c **** #include <stdbool.h>
  21:../../Middlewares/stedgeai-lib/Npu/ll_aton/ll_aton_lib_sw_operators.c **** #include <stdint.h>
  22:../../Middlewares/stedgeai-lib/Npu/ll_aton/ll_aton_lib_sw_operators.c **** 
  23:../../Middlewares/stedgeai-lib/Npu/ll_aton/ll_aton_lib_sw_operators.c **** #include "ll_aton_util.h" // Leave blank line after the include
  24:../../Middlewares/stedgeai-lib/Npu/ll_aton/ll_aton_lib_sw_operators.c **** 
  25:../../Middlewares/stedgeai-lib/Npu/ll_aton/ll_aton_lib_sw_operators.c **** #include "ll_aton_lib.h"
  26:../../Middlewares/stedgeai-lib/Npu/ll_aton/ll_aton_lib_sw_operators.c **** #include "ll_aton_lib_sw_operators.h"
  27:../../Middlewares/stedgeai-lib/Npu/ll_aton/ll_aton_lib_sw_operators.c **** #include "ll_aton_runtime.h"
  28:../../Middlewares/stedgeai-lib/Npu/ll_aton/ll_aton_lib_sw_operators.c **** 
  29:../../Middlewares/stedgeai-lib/Npu/ll_aton/ll_aton_lib_sw_operators.c **** /* Common data structure(s) */
  30:../../Middlewares/stedgeai-lib/Npu/ll_aton/ll_aton_lib_sw_operators.c **** typedef struct __ll_stack_lnklst
  31:../../Middlewares/stedgeai-lib/Npu/ll_aton/ll_aton_lib_sw_operators.c **** {
  32:../../Middlewares/stedgeai-lib/Npu/ll_aton/ll_aton_lib_sw_operators.c ****   struct __ll_stack_lnklst *back_link;
  33:../../Middlewares/stedgeai-lib/Npu/ll_aton/ll_aton_lib_sw_operators.c ****   uint32_t axis;
  34:../../Middlewares/stedgeai-lib/Npu/ll_aton/ll_aton_lib_sw_operators.c ****   uint32_t index;
  35:../../Middlewares/stedgeai-lib/Npu/ll_aton/ll_aton_lib_sw_operators.c **** } __ll_stack_lnklst_t;
  36:../../Middlewares/stedgeai-lib/Npu/ll_aton/ll_aton_lib_sw_operators.c **** 
  37:../../Middlewares/stedgeai-lib/Npu/ll_aton/ll_aton_lib_sw_operators.c **** /* Helper Functions */
  38:../../Middlewares/stedgeai-lib/Npu/ll_aton/ll_aton_lib_sw_operators.c **** static inline void __ll_aton_lib_copy_element(uint8_t nbytes, int32_t index, int8_t *out_target, in
  39:../../Middlewares/stedgeai-lib/Npu/ll_aton/ll_aton_lib_sw_operators.c **** {
  40:../../Middlewares/stedgeai-lib/Npu/ll_aton/ll_aton_lib_sw_operators.c ****   LL_ATON_LIB_UNUSED(index);
  41:../../Middlewares/stedgeai-lib/Npu/ll_aton/ll_aton_lib_sw_operators.c **** 
ARM GAS  /tmp/ccBdscOF.s 			page 12


  42:../../Middlewares/stedgeai-lib/Npu/ll_aton/ll_aton_lib_sw_operators.c ****   switch (nbytes)
  43:../../Middlewares/stedgeai-lib/Npu/ll_aton/ll_aton_lib_sw_operators.c ****   {
  44:../../Middlewares/stedgeai-lib/Npu/ll_aton/ll_aton_lib_sw_operators.c ****   case 1:
  45:../../Middlewares/stedgeai-lib/Npu/ll_aton/ll_aton_lib_sw_operators.c **** #if defined(DUMP_DEBUG_SW_OPS)
  46:../../Middlewares/stedgeai-lib/Npu/ll_aton/ll_aton_lib_sw_operators.c ****     LL_ATON_PRINTF("[%d]\t%d\t@ out: 0x%lx, in: 0x%lx\n", index, *in_target, (uintptr_t)out_target,
  47:../../Middlewares/stedgeai-lib/Npu/ll_aton/ll_aton_lib_sw_operators.c ****                    (uintptr_t)in_target);
  48:../../Middlewares/stedgeai-lib/Npu/ll_aton/ll_aton_lib_sw_operators.c **** #endif
  49:../../Middlewares/stedgeai-lib/Npu/ll_aton/ll_aton_lib_sw_operators.c ****     *out_target = *in_target;
  50:../../Middlewares/stedgeai-lib/Npu/ll_aton/ll_aton_lib_sw_operators.c ****     return;
  51:../../Middlewares/stedgeai-lib/Npu/ll_aton/ll_aton_lib_sw_operators.c **** 
  52:../../Middlewares/stedgeai-lib/Npu/ll_aton/ll_aton_lib_sw_operators.c ****   case 2:
  53:../../Middlewares/stedgeai-lib/Npu/ll_aton/ll_aton_lib_sw_operators.c **** #if defined(DUMP_DEBUG_SW_OPS)
  54:../../Middlewares/stedgeai-lib/Npu/ll_aton/ll_aton_lib_sw_operators.c ****     LL_ATON_PRINTF("[%d]\t%d\t@ out: 0x%lx, in: 0x%lx\n", index, *((int16_t *)in_target), (uintptr_
  55:../../Middlewares/stedgeai-lib/Npu/ll_aton/ll_aton_lib_sw_operators.c ****                    (uintptr_t)in_target);
  56:../../Middlewares/stedgeai-lib/Npu/ll_aton/ll_aton_lib_sw_operators.c **** #endif
  57:../../Middlewares/stedgeai-lib/Npu/ll_aton/ll_aton_lib_sw_operators.c ****     LL_ATON_ASSERT((((uintptr_t)in_target) % 2) == 0);
  58:../../Middlewares/stedgeai-lib/Npu/ll_aton/ll_aton_lib_sw_operators.c ****     LL_ATON_ASSERT((((uintptr_t)out_target) % 2) == 0);
  59:../../Middlewares/stedgeai-lib/Npu/ll_aton/ll_aton_lib_sw_operators.c **** 
  60:../../Middlewares/stedgeai-lib/Npu/ll_aton/ll_aton_lib_sw_operators.c ****     *((int16_t *)out_target) = *((int16_t *)in_target);
  61:../../Middlewares/stedgeai-lib/Npu/ll_aton/ll_aton_lib_sw_operators.c ****     return;
  62:../../Middlewares/stedgeai-lib/Npu/ll_aton/ll_aton_lib_sw_operators.c **** 
  63:../../Middlewares/stedgeai-lib/Npu/ll_aton/ll_aton_lib_sw_operators.c ****   case 3: // NOTE: assuming no alignment
  64:../../Middlewares/stedgeai-lib/Npu/ll_aton/ll_aton_lib_sw_operators.c ****     *out_target++ = *in_target++;
  65:../../Middlewares/stedgeai-lib/Npu/ll_aton/ll_aton_lib_sw_operators.c ****     *out_target++ = *in_target++;
  66:../../Middlewares/stedgeai-lib/Npu/ll_aton/ll_aton_lib_sw_operators.c ****     *out_target++ = *in_target++;
  67:../../Middlewares/stedgeai-lib/Npu/ll_aton/ll_aton_lib_sw_operators.c ****     return;
  68:../../Middlewares/stedgeai-lib/Npu/ll_aton/ll_aton_lib_sw_operators.c **** 
  69:../../Middlewares/stedgeai-lib/Npu/ll_aton/ll_aton_lib_sw_operators.c ****   case 4:
  70:../../Middlewares/stedgeai-lib/Npu/ll_aton/ll_aton_lib_sw_operators.c **** #if defined(DUMP_DEBUG_SW_OPS)
  71:../../Middlewares/stedgeai-lib/Npu/ll_aton/ll_aton_lib_sw_operators.c ****     LL_ATON_PRINTF("[%d]\t%d\t@ out: 0x%lx, in: 0x%lx\n", index, *((int32_t *)in_target), (uintptr_
  72:../../Middlewares/stedgeai-lib/Npu/ll_aton/ll_aton_lib_sw_operators.c ****                    (uintptr_t)in_target);
  73:../../Middlewares/stedgeai-lib/Npu/ll_aton/ll_aton_lib_sw_operators.c **** #endif
  74:../../Middlewares/stedgeai-lib/Npu/ll_aton/ll_aton_lib_sw_operators.c ****     LL_ATON_ASSERT((((uintptr_t)in_target) % 4) == 0);
  75:../../Middlewares/stedgeai-lib/Npu/ll_aton/ll_aton_lib_sw_operators.c ****     LL_ATON_ASSERT((((uintptr_t)out_target) % 4) == 0);
  76:../../Middlewares/stedgeai-lib/Npu/ll_aton/ll_aton_lib_sw_operators.c **** 
  77:../../Middlewares/stedgeai-lib/Npu/ll_aton/ll_aton_lib_sw_operators.c ****     *((int32_t *)out_target) = *((int32_t *)in_target);
  78:../../Middlewares/stedgeai-lib/Npu/ll_aton/ll_aton_lib_sw_operators.c ****     return;
  79:../../Middlewares/stedgeai-lib/Npu/ll_aton/ll_aton_lib_sw_operators.c **** 
  80:../../Middlewares/stedgeai-lib/Npu/ll_aton/ll_aton_lib_sw_operators.c ****   default:
  81:../../Middlewares/stedgeai-lib/Npu/ll_aton/ll_aton_lib_sw_operators.c ****     LL_ATON_ASSERT(false);
  82:../../Middlewares/stedgeai-lib/Npu/ll_aton/ll_aton_lib_sw_operators.c ****     return;
  83:../../Middlewares/stedgeai-lib/Npu/ll_aton/ll_aton_lib_sw_operators.c ****   }
  84:../../Middlewares/stedgeai-lib/Npu/ll_aton/ll_aton_lib_sw_operators.c **** }
  85:../../Middlewares/stedgeai-lib/Npu/ll_aton/ll_aton_lib_sw_operators.c **** 
  86:../../Middlewares/stedgeai-lib/Npu/ll_aton/ll_aton_lib_sw_operators.c **** static inline uint32_t __ll_aton_lib_calc_offset(uint32_t n, uint32_t c, uint32_t h, uint32_t w, ui
  87:../../Middlewares/stedgeai-lib/Npu/ll_aton/ll_aton_lib_sw_operators.c ****                                                  uint32_t offset_1, uint32_t offset_2, uint32_t off
  88:../../Middlewares/stedgeai-lib/Npu/ll_aton/ll_aton_lib_sw_operators.c **** {
  89:../../Middlewares/stedgeai-lib/Npu/ll_aton/ll_aton_lib_sw_operators.c ****   uint32_t result = 0;
  90:../../Middlewares/stedgeai-lib/Npu/ll_aton/ll_aton_lib_sw_operators.c **** 
  91:../../Middlewares/stedgeai-lib/Npu/ll_aton/ll_aton_lib_sw_operators.c ****   result += (n * offset_0);
  92:../../Middlewares/stedgeai-lib/Npu/ll_aton/ll_aton_lib_sw_operators.c ****   result += (c * offset_1);
  93:../../Middlewares/stedgeai-lib/Npu/ll_aton/ll_aton_lib_sw_operators.c ****   result += (h * offset_2);
  94:../../Middlewares/stedgeai-lib/Npu/ll_aton/ll_aton_lib_sw_operators.c ****   result += (w * offset_3);
  95:../../Middlewares/stedgeai-lib/Npu/ll_aton/ll_aton_lib_sw_operators.c **** 
  96:../../Middlewares/stedgeai-lib/Npu/ll_aton/ll_aton_lib_sw_operators.c ****   return result;
  97:../../Middlewares/stedgeai-lib/Npu/ll_aton/ll_aton_lib_sw_operators.c **** }
  98:../../Middlewares/stedgeai-lib/Npu/ll_aton/ll_aton_lib_sw_operators.c **** 
ARM GAS  /tmp/ccBdscOF.s 			page 13


  99:../../Middlewares/stedgeai-lib/Npu/ll_aton/ll_aton_lib_sw_operators.c **** /**
 100:../../Middlewares/stedgeai-lib/Npu/ll_aton/ll_aton_lib_sw_operators.c ****  * @brief  performs a slice operation on a (multi-dimensional) matrix
 101:../../Middlewares/stedgeai-lib/Npu/ll_aton/ll_aton_lib_sw_operators.c ****  * @param  input tensor shape structure
 102:../../Middlewares/stedgeai-lib/Npu/ll_aton/ll_aton_lib_sw_operators.c ****  * @param  output tensor shape structure
 103:../../Middlewares/stedgeai-lib/Npu/ll_aton/ll_aton_lib_sw_operators.c ****  * @param  slice_rank rank of slice operation's input matrix
 104:../../Middlewares/stedgeai-lib/Npu/ll_aton/ll_aton_lib_sw_operators.c ****  * @param  slice_starts 1-D tensor of starting indices of corresponding axis from 0 to rank-1
 105:../../Middlewares/stedgeai-lib/Npu/ll_aton/ll_aton_lib_sw_operators.c ****  * @param  slice_ends 1-D tensor of ending indices (exclusive) of corresponding axis from 0 to rank
 106:../../Middlewares/stedgeai-lib/Npu/ll_aton/ll_aton_lib_sw_operators.c ****  * @param  slice_steps 1-D tensor of slice step of corresponding axis from 0 to rank-1
 107:../../Middlewares/stedgeai-lib/Npu/ll_aton/ll_aton_lib_sw_operators.c ****  * @retval Error code
 108:../../Middlewares/stedgeai-lib/Npu/ll_aton/ll_aton_lib_sw_operators.c ****  */
 109:../../Middlewares/stedgeai-lib/Npu/ll_aton/ll_aton_lib_sw_operators.c **** typedef const struct
 110:../../Middlewares/stedgeai-lib/Npu/ll_aton/ll_aton_lib_sw_operators.c **** {
 111:../../Middlewares/stedgeai-lib/Npu/ll_aton/ll_aton_lib_sw_operators.c ****   const LL_Buffer_InfoTypeDef *input;
 112:../../Middlewares/stedgeai-lib/Npu/ll_aton/ll_aton_lib_sw_operators.c ****   const uint32_t *input_axes_offsets;
 113:../../Middlewares/stedgeai-lib/Npu/ll_aton/ll_aton_lib_sw_operators.c ****   const LL_Buffer_InfoTypeDef *output;
 114:../../Middlewares/stedgeai-lib/Npu/ll_aton/ll_aton_lib_sw_operators.c ****   const uint32_t *output_axes_offsets;
 115:../../Middlewares/stedgeai-lib/Npu/ll_aton/ll_aton_lib_sw_operators.c ****   uint32_t slice_rank;
 116:../../Middlewares/stedgeai-lib/Npu/ll_aton/ll_aton_lib_sw_operators.c ****   const int32_t *slice_starts;
 117:../../Middlewares/stedgeai-lib/Npu/ll_aton/ll_aton_lib_sw_operators.c ****   const int32_t *slice_ends;
 118:../../Middlewares/stedgeai-lib/Npu/ll_aton/ll_aton_lib_sw_operators.c ****   const int32_t *slice_steps;
 119:../../Middlewares/stedgeai-lib/Npu/ll_aton/ll_aton_lib_sw_operators.c **** } __ll_slice_params_t;
 120:../../Middlewares/stedgeai-lib/Npu/ll_aton/ll_aton_lib_sw_operators.c **** 
 121:../../Middlewares/stedgeai-lib/Npu/ll_aton/ll_aton_lib_sw_operators.c **** static inline int32_t __ll_aton_lib_is_in_slice(const __ll_slice_params_t *common_params, __ll_stac
 122:../../Middlewares/stedgeai-lib/Npu/ll_aton/ll_aton_lib_sw_operators.c **** {
 123:../../Middlewares/stedgeai-lib/Npu/ll_aton/ll_aton_lib_sw_operators.c ****   uint32_t index = elem->index;
 124:../../Middlewares/stedgeai-lib/Npu/ll_aton/ll_aton_lib_sw_operators.c ****   uint32_t axis = elem->axis;
 125:../../Middlewares/stedgeai-lib/Npu/ll_aton/ll_aton_lib_sw_operators.c **** 
 126:../../Middlewares/stedgeai-lib/Npu/ll_aton/ll_aton_lib_sw_operators.c ****   uint8_t slice_forwards = (common_params->slice_steps[axis] < 0) ? 0 : 1;
 127:../../Middlewares/stedgeai-lib/Npu/ll_aton/ll_aton_lib_sw_operators.c **** 
 128:../../Middlewares/stedgeai-lib/Npu/ll_aton/ll_aton_lib_sw_operators.c ****   int32_t ret_numerator;
 129:../../Middlewares/stedgeai-lib/Npu/ll_aton/ll_aton_lib_sw_operators.c ****   int32_t ret_denominator = abs(common_params->slice_steps[axis]);
 130:../../Middlewares/stedgeai-lib/Npu/ll_aton/ll_aton_lib_sw_operators.c **** 
 131:../../Middlewares/stedgeai-lib/Npu/ll_aton/ll_aton_lib_sw_operators.c ****   int32_t min;
 132:../../Middlewares/stedgeai-lib/Npu/ll_aton/ll_aton_lib_sw_operators.c ****   int32_t max;
 133:../../Middlewares/stedgeai-lib/Npu/ll_aton/ll_aton_lib_sw_operators.c **** 
 134:../../Middlewares/stedgeai-lib/Npu/ll_aton/ll_aton_lib_sw_operators.c ****   if (slice_forwards)
 135:../../Middlewares/stedgeai-lib/Npu/ll_aton/ll_aton_lib_sw_operators.c ****   {
 136:../../Middlewares/stedgeai-lib/Npu/ll_aton/ll_aton_lib_sw_operators.c ****     ret_numerator = (index - common_params->slice_starts[axis]);
 137:../../Middlewares/stedgeai-lib/Npu/ll_aton/ll_aton_lib_sw_operators.c ****     min = common_params->slice_starts[axis];
 138:../../Middlewares/stedgeai-lib/Npu/ll_aton/ll_aton_lib_sw_operators.c ****     max = common_params->slice_ends[axis];
 139:../../Middlewares/stedgeai-lib/Npu/ll_aton/ll_aton_lib_sw_operators.c ****   }
 140:../../Middlewares/stedgeai-lib/Npu/ll_aton/ll_aton_lib_sw_operators.c ****   else
 141:../../Middlewares/stedgeai-lib/Npu/ll_aton/ll_aton_lib_sw_operators.c ****   {
 142:../../Middlewares/stedgeai-lib/Npu/ll_aton/ll_aton_lib_sw_operators.c ****     ret_numerator = (common_params->slice_starts[axis] - index);
 143:../../Middlewares/stedgeai-lib/Npu/ll_aton/ll_aton_lib_sw_operators.c ****     max = common_params->slice_starts[axis] + 1;
 144:../../Middlewares/stedgeai-lib/Npu/ll_aton/ll_aton_lib_sw_operators.c ****     min = common_params->slice_ends[axis] + 1;
 145:../../Middlewares/stedgeai-lib/Npu/ll_aton/ll_aton_lib_sw_operators.c ****   }
 146:../../Middlewares/stedgeai-lib/Npu/ll_aton/ll_aton_lib_sw_operators.c **** 
 147:../../Middlewares/stedgeai-lib/Npu/ll_aton/ll_aton_lib_sw_operators.c ****   if (((index >= min) && (index < max)) && (ret_numerator % ret_denominator == 0))
 148:../../Middlewares/stedgeai-lib/Npu/ll_aton/ll_aton_lib_sw_operators.c ****   {
 149:../../Middlewares/stedgeai-lib/Npu/ll_aton/ll_aton_lib_sw_operators.c ****     LL_ATON_ASSERT(ret_numerator >= 0);
 150:../../Middlewares/stedgeai-lib/Npu/ll_aton/ll_aton_lib_sw_operators.c ****     LL_ATON_ASSERT(ret_denominator > 0);
 151:../../Middlewares/stedgeai-lib/Npu/ll_aton/ll_aton_lib_sw_operators.c **** 
 152:../../Middlewares/stedgeai-lib/Npu/ll_aton/ll_aton_lib_sw_operators.c ****     return (ret_numerator / ret_denominator);
 153:../../Middlewares/stedgeai-lib/Npu/ll_aton/ll_aton_lib_sw_operators.c ****   }
 154:../../Middlewares/stedgeai-lib/Npu/ll_aton/ll_aton_lib_sw_operators.c ****   else
 155:../../Middlewares/stedgeai-lib/Npu/ll_aton/ll_aton_lib_sw_operators.c ****   {
ARM GAS  /tmp/ccBdscOF.s 			page 14


 156:../../Middlewares/stedgeai-lib/Npu/ll_aton/ll_aton_lib_sw_operators.c ****     return -1;
 157:../../Middlewares/stedgeai-lib/Npu/ll_aton/ll_aton_lib_sw_operators.c ****   }
 158:../../Middlewares/stedgeai-lib/Npu/ll_aton/ll_aton_lib_sw_operators.c **** }
 159:../../Middlewares/stedgeai-lib/Npu/ll_aton/ll_aton_lib_sw_operators.c **** 
 160:../../Middlewares/stedgeai-lib/Npu/ll_aton/ll_aton_lib_sw_operators.c **** static int8_t *__ll_slice_get_input_and_output_base_pos(const __ll_slice_params_t *common_params,
 161:../../Middlewares/stedgeai-lib/Npu/ll_aton/ll_aton_lib_sw_operators.c ****                                                         __ll_stack_lnklst_t *linked_stack_list, int
 162:../../Middlewares/stedgeai-lib/Npu/ll_aton/ll_aton_lib_sw_operators.c **** {
 163:../../Middlewares/stedgeai-lib/Npu/ll_aton/ll_aton_lib_sw_operators.c ****   LL_ATON_ASSERT(linked_stack_list != NULL);
 164:../../Middlewares/stedgeai-lib/Npu/ll_aton/ll_aton_lib_sw_operators.c **** 
 165:../../Middlewares/stedgeai-lib/Npu/ll_aton/ll_aton_lib_sw_operators.c ****   int8_t *in_target = (int8_t *)LL_Buffer_addr_start(common_params->input);
 166:../../Middlewares/stedgeai-lib/Npu/ll_aton/ll_aton_lib_sw_operators.c ****   int8_t *out_target = (int8_t *)LL_Buffer_addr_start(common_params->output);
 167:../../Middlewares/stedgeai-lib/Npu/ll_aton/ll_aton_lib_sw_operators.c **** 
 168:../../Middlewares/stedgeai-lib/Npu/ll_aton/ll_aton_lib_sw_operators.c ****   LL_ATON_ASSERT(linked_stack_list->axis == (common_params->slice_rank - 1));
 169:../../Middlewares/stedgeai-lib/Npu/ll_aton/ll_aton_lib_sw_operators.c **** 
 170:../../Middlewares/stedgeai-lib/Npu/ll_aton/ll_aton_lib_sw_operators.c ****   for (__ll_stack_lnklst_t *elem = linked_stack_list->back_link; elem != NULL; elem = elem->back_li
 171:../../Middlewares/stedgeai-lib/Npu/ll_aton/ll_aton_lib_sw_operators.c ****   {
 172:../../Middlewares/stedgeai-lib/Npu/ll_aton/ll_aton_lib_sw_operators.c ****     LL_ATON_ASSERT(elem->axis < (common_params->slice_rank - 1));
 173:../../Middlewares/stedgeai-lib/Npu/ll_aton/ll_aton_lib_sw_operators.c ****     uint32_t axis = elem->axis;
 174:../../Middlewares/stedgeai-lib/Npu/ll_aton/ll_aton_lib_sw_operators.c **** 
 175:../../Middlewares/stedgeai-lib/Npu/ll_aton/ll_aton_lib_sw_operators.c ****     /* input */
 176:../../Middlewares/stedgeai-lib/Npu/ll_aton/ll_aton_lib_sw_operators.c ****     int32_t in_axis_size = common_params->input_axes_offsets[axis];
 177:../../Middlewares/stedgeai-lib/Npu/ll_aton/ll_aton_lib_sw_operators.c ****     in_target += (elem->index * in_axis_size);
 178:../../Middlewares/stedgeai-lib/Npu/ll_aton/ll_aton_lib_sw_operators.c **** 
 179:../../Middlewares/stedgeai-lib/Npu/ll_aton/ll_aton_lib_sw_operators.c ****     int32_t out_index;
 180:../../Middlewares/stedgeai-lib/Npu/ll_aton/ll_aton_lib_sw_operators.c ****     if ((out_index = __ll_aton_lib_is_in_slice(common_params, elem)) >= 0)
 181:../../Middlewares/stedgeai-lib/Npu/ll_aton/ll_aton_lib_sw_operators.c ****     {
 182:../../Middlewares/stedgeai-lib/Npu/ll_aton/ll_aton_lib_sw_operators.c ****       /* output */
 183:../../Middlewares/stedgeai-lib/Npu/ll_aton/ll_aton_lib_sw_operators.c ****       int32_t out_axis_size = common_params->output_axes_offsets[axis];
 184:../../Middlewares/stedgeai-lib/Npu/ll_aton/ll_aton_lib_sw_operators.c ****       out_target += (out_index * out_axis_size);
 185:../../Middlewares/stedgeai-lib/Npu/ll_aton/ll_aton_lib_sw_operators.c ****     }
 186:../../Middlewares/stedgeai-lib/Npu/ll_aton/ll_aton_lib_sw_operators.c ****     else
 187:../../Middlewares/stedgeai-lib/Npu/ll_aton/ll_aton_lib_sw_operators.c ****     {
 188:../../Middlewares/stedgeai-lib/Npu/ll_aton/ll_aton_lib_sw_operators.c ****       return NULL;
 189:../../Middlewares/stedgeai-lib/Npu/ll_aton/ll_aton_lib_sw_operators.c ****     }
 190:../../Middlewares/stedgeai-lib/Npu/ll_aton/ll_aton_lib_sw_operators.c ****   }
 191:../../Middlewares/stedgeai-lib/Npu/ll_aton/ll_aton_lib_sw_operators.c **** 
 192:../../Middlewares/stedgeai-lib/Npu/ll_aton/ll_aton_lib_sw_operators.c ****   *base_in_target = in_target;
 193:../../Middlewares/stedgeai-lib/Npu/ll_aton/ll_aton_lib_sw_operators.c ****   return out_target;
 194:../../Middlewares/stedgeai-lib/Npu/ll_aton/ll_aton_lib_sw_operators.c **** }
 195:../../Middlewares/stedgeai-lib/Npu/ll_aton/ll_aton_lib_sw_operators.c **** 
 196:../../Middlewares/stedgeai-lib/Npu/ll_aton/ll_aton_lib_sw_operators.c **** static inline void __ll_slice_copy_elem(const __ll_slice_params_t *common_params,
 197:../../Middlewares/stedgeai-lib/Npu/ll_aton/ll_aton_lib_sw_operators.c ****                                         __ll_stack_lnklst_t *linked_stack_list, uint32_t in_offset,
 198:../../Middlewares/stedgeai-lib/Npu/ll_aton/ll_aton_lib_sw_operators.c ****                                         int8_t *base_in_target, int8_t *base_out_target)
 199:../../Middlewares/stedgeai-lib/Npu/ll_aton/ll_aton_lib_sw_operators.c **** {
 200:../../Middlewares/stedgeai-lib/Npu/ll_aton/ll_aton_lib_sw_operators.c ****   const uint8_t byte_size = LL_LIB_NBYTES(common_params->input->nbits);
 201:../../Middlewares/stedgeai-lib/Npu/ll_aton/ll_aton_lib_sw_operators.c **** 
 202:../../Middlewares/stedgeai-lib/Npu/ll_aton/ll_aton_lib_sw_operators.c ****   int32_t out_index;
 203:../../Middlewares/stedgeai-lib/Npu/ll_aton/ll_aton_lib_sw_operators.c ****   if ((out_index = __ll_aton_lib_is_in_slice(common_params, linked_stack_list)) >= 0)
 204:../../Middlewares/stedgeai-lib/Npu/ll_aton/ll_aton_lib_sw_operators.c ****   {
 205:../../Middlewares/stedgeai-lib/Npu/ll_aton/ll_aton_lib_sw_operators.c ****     /* determine input/output position */
 206:../../Middlewares/stedgeai-lib/Npu/ll_aton/ll_aton_lib_sw_operators.c ****     int8_t *in_target = base_in_target + (linked_stack_list->index * in_offset);
 207:../../Middlewares/stedgeai-lib/Npu/ll_aton/ll_aton_lib_sw_operators.c ****     int8_t *out_target = base_out_target + (out_index * out_offset);
 208:../../Middlewares/stedgeai-lib/Npu/ll_aton/ll_aton_lib_sw_operators.c **** 
 209:../../Middlewares/stedgeai-lib/Npu/ll_aton/ll_aton_lib_sw_operators.c ****     __ll_aton_lib_copy_element(byte_size, out_index, out_target, in_target);
 210:../../Middlewares/stedgeai-lib/Npu/ll_aton/ll_aton_lib_sw_operators.c ****   }
 211:../../Middlewares/stedgeai-lib/Npu/ll_aton/ll_aton_lib_sw_operators.c **** }
 212:../../Middlewares/stedgeai-lib/Npu/ll_aton/ll_aton_lib_sw_operators.c **** 
ARM GAS  /tmp/ccBdscOF.s 			page 15


 213:../../Middlewares/stedgeai-lib/Npu/ll_aton/ll_aton_lib_sw_operators.c **** static void __ll_aton_lib_slice(uint32_t curr_in_axis, __ll_stack_lnklst_t *back_link,
 214:../../Middlewares/stedgeai-lib/Npu/ll_aton/ll_aton_lib_sw_operators.c ****                                 const __ll_slice_params_t *common_params)
 215:../../Middlewares/stedgeai-lib/Npu/ll_aton/ll_aton_lib_sw_operators.c **** {
 216:../../Middlewares/stedgeai-lib/Npu/ll_aton/ll_aton_lib_sw_operators.c ****   uint8_t slice_forwards = (common_params->slice_steps[curr_in_axis] < 0) ? 0 : 1;
 217:../../Middlewares/stedgeai-lib/Npu/ll_aton/ll_aton_lib_sw_operators.c ****   __ll_stack_lnklst_t linked_stack_list = {
 218:../../Middlewares/stedgeai-lib/Npu/ll_aton/ll_aton_lib_sw_operators.c ****       .back_link = back_link, .axis = curr_in_axis, .index = common_params->slice_starts[curr_in_ax
 219:../../Middlewares/stedgeai-lib/Npu/ll_aton/ll_aton_lib_sw_operators.c **** 
 220:../../Middlewares/stedgeai-lib/Npu/ll_aton/ll_aton_lib_sw_operators.c ****   const uint32_t index_end = common_params->slice_ends[curr_in_axis];
 221:../../Middlewares/stedgeai-lib/Npu/ll_aton/ll_aton_lib_sw_operators.c **** 
 222:../../Middlewares/stedgeai-lib/Npu/ll_aton/ll_aton_lib_sw_operators.c ****   if (curr_in_axis < (common_params->slice_rank - 1))
 223:../../Middlewares/stedgeai-lib/Npu/ll_aton/ll_aton_lib_sw_operators.c ****   { // intermediate axis
 224:../../Middlewares/stedgeai-lib/Npu/ll_aton/ll_aton_lib_sw_operators.c ****     if (slice_forwards)
 225:../../Middlewares/stedgeai-lib/Npu/ll_aton/ll_aton_lib_sw_operators.c ****     { // slicing forwards
 226:../../Middlewares/stedgeai-lib/Npu/ll_aton/ll_aton_lib_sw_operators.c ****       for (; linked_stack_list.index < index_end; linked_stack_list.index++)
 227:../../Middlewares/stedgeai-lib/Npu/ll_aton/ll_aton_lib_sw_operators.c ****       {
 228:../../Middlewares/stedgeai-lib/Npu/ll_aton/ll_aton_lib_sw_operators.c ****         __ll_aton_lib_slice(curr_in_axis + 1, &linked_stack_list, common_params);
 229:../../Middlewares/stedgeai-lib/Npu/ll_aton/ll_aton_lib_sw_operators.c ****       }
 230:../../Middlewares/stedgeai-lib/Npu/ll_aton/ll_aton_lib_sw_operators.c ****     }
 231:../../Middlewares/stedgeai-lib/Npu/ll_aton/ll_aton_lib_sw_operators.c ****     else
 232:../../Middlewares/stedgeai-lib/Npu/ll_aton/ll_aton_lib_sw_operators.c ****     { // slicing backwards
 233:../../Middlewares/stedgeai-lib/Npu/ll_aton/ll_aton_lib_sw_operators.c ****       do
 234:../../Middlewares/stedgeai-lib/Npu/ll_aton/ll_aton_lib_sw_operators.c ****       {
 235:../../Middlewares/stedgeai-lib/Npu/ll_aton/ll_aton_lib_sw_operators.c ****         __ll_aton_lib_slice(curr_in_axis + 1, &linked_stack_list, common_params);
 236:../../Middlewares/stedgeai-lib/Npu/ll_aton/ll_aton_lib_sw_operators.c ****         linked_stack_list.index--;
 237:../../Middlewares/stedgeai-lib/Npu/ll_aton/ll_aton_lib_sw_operators.c ****       } while (linked_stack_list.index > index_end);
 238:../../Middlewares/stedgeai-lib/Npu/ll_aton/ll_aton_lib_sw_operators.c ****     }
 239:../../Middlewares/stedgeai-lib/Npu/ll_aton/ll_aton_lib_sw_operators.c ****   }
 240:../../Middlewares/stedgeai-lib/Npu/ll_aton/ll_aton_lib_sw_operators.c ****   else
 241:../../Middlewares/stedgeai-lib/Npu/ll_aton/ll_aton_lib_sw_operators.c ****   { // last axis
 242:../../Middlewares/stedgeai-lib/Npu/ll_aton/ll_aton_lib_sw_operators.c ****     LL_ATON_ASSERT(curr_in_axis == (common_params->slice_rank - 1));
 243:../../Middlewares/stedgeai-lib/Npu/ll_aton/ll_aton_lib_sw_operators.c **** 
 244:../../Middlewares/stedgeai-lib/Npu/ll_aton/ll_aton_lib_sw_operators.c ****     /* Calculate input base positions */
 245:../../Middlewares/stedgeai-lib/Npu/ll_aton/ll_aton_lib_sw_operators.c ****     int8_t *base_in_target;
 246:../../Middlewares/stedgeai-lib/Npu/ll_aton/ll_aton_lib_sw_operators.c ****     int8_t *base_out_target =
 247:../../Middlewares/stedgeai-lib/Npu/ll_aton/ll_aton_lib_sw_operators.c ****         __ll_slice_get_input_and_output_base_pos(common_params, &linked_stack_list, &base_in_target
 248:../../Middlewares/stedgeai-lib/Npu/ll_aton/ll_aton_lib_sw_operators.c **** 
 249:../../Middlewares/stedgeai-lib/Npu/ll_aton/ll_aton_lib_sw_operators.c ****     if (base_out_target == NULL)
 250:../../Middlewares/stedgeai-lib/Npu/ll_aton/ll_aton_lib_sw_operators.c ****       return;
 251:../../Middlewares/stedgeai-lib/Npu/ll_aton/ll_aton_lib_sw_operators.c **** 
 252:../../Middlewares/stedgeai-lib/Npu/ll_aton/ll_aton_lib_sw_operators.c ****     uint32_t curr_in_axis_input_offset = common_params->input_axes_offsets[curr_in_axis];
 253:../../Middlewares/stedgeai-lib/Npu/ll_aton/ll_aton_lib_sw_operators.c ****     uint32_t curr_in_axis_output_offset = common_params->output_axes_offsets[curr_in_axis];
 254:../../Middlewares/stedgeai-lib/Npu/ll_aton/ll_aton_lib_sw_operators.c **** 
 255:../../Middlewares/stedgeai-lib/Npu/ll_aton/ll_aton_lib_sw_operators.c ****     if (slice_forwards)
 256:../../Middlewares/stedgeai-lib/Npu/ll_aton/ll_aton_lib_sw_operators.c ****     { // slicing forwards
 257:../../Middlewares/stedgeai-lib/Npu/ll_aton/ll_aton_lib_sw_operators.c ****       for (; linked_stack_list.index < index_end; linked_stack_list.index++)
 258:../../Middlewares/stedgeai-lib/Npu/ll_aton/ll_aton_lib_sw_operators.c ****       {
 259:../../Middlewares/stedgeai-lib/Npu/ll_aton/ll_aton_lib_sw_operators.c ****         __ll_slice_copy_elem(common_params, &linked_stack_list, curr_in_axis_input_offset, curr_in_
 260:../../Middlewares/stedgeai-lib/Npu/ll_aton/ll_aton_lib_sw_operators.c ****                              base_in_target, base_out_target);
 261:../../Middlewares/stedgeai-lib/Npu/ll_aton/ll_aton_lib_sw_operators.c ****       }
 262:../../Middlewares/stedgeai-lib/Npu/ll_aton/ll_aton_lib_sw_operators.c ****     }
 263:../../Middlewares/stedgeai-lib/Npu/ll_aton/ll_aton_lib_sw_operators.c ****     else
 264:../../Middlewares/stedgeai-lib/Npu/ll_aton/ll_aton_lib_sw_operators.c ****     { // slicing backwards
 265:../../Middlewares/stedgeai-lib/Npu/ll_aton/ll_aton_lib_sw_operators.c ****       do
 266:../../Middlewares/stedgeai-lib/Npu/ll_aton/ll_aton_lib_sw_operators.c ****       {
 267:../../Middlewares/stedgeai-lib/Npu/ll_aton/ll_aton_lib_sw_operators.c ****         __ll_slice_copy_elem(common_params, &linked_stack_list, curr_in_axis_input_offset, curr_in_
 268:../../Middlewares/stedgeai-lib/Npu/ll_aton/ll_aton_lib_sw_operators.c ****                              base_in_target, base_out_target);
 269:../../Middlewares/stedgeai-lib/Npu/ll_aton/ll_aton_lib_sw_operators.c ****         linked_stack_list.index--;
ARM GAS  /tmp/ccBdscOF.s 			page 16


 270:../../Middlewares/stedgeai-lib/Npu/ll_aton/ll_aton_lib_sw_operators.c ****       } while (linked_stack_list.index > index_end);
 271:../../Middlewares/stedgeai-lib/Npu/ll_aton/ll_aton_lib_sw_operators.c ****     }
 272:../../Middlewares/stedgeai-lib/Npu/ll_aton/ll_aton_lib_sw_operators.c ****   }
 273:../../Middlewares/stedgeai-lib/Npu/ll_aton/ll_aton_lib_sw_operators.c **** }
 274:../../Middlewares/stedgeai-lib/Npu/ll_aton/ll_aton_lib_sw_operators.c **** 
 275:../../Middlewares/stedgeai-lib/Npu/ll_aton/ll_aton_lib_sw_operators.c **** int LL_ATON_LIB_Slice(const LL_Buffer_InfoTypeDef *input, const uint32_t *input_axes_offsets,
 276:../../Middlewares/stedgeai-lib/Npu/ll_aton/ll_aton_lib_sw_operators.c ****                       const LL_Buffer_InfoTypeDef *output, const uint32_t *output_axes_offsets, uin
 277:../../Middlewares/stedgeai-lib/Npu/ll_aton/ll_aton_lib_sw_operators.c ****                       const int32_t *slice_starts, const int32_t *slice_ends, const int32_t *slice_
 278:../../Middlewares/stedgeai-lib/Npu/ll_aton/ll_aton_lib_sw_operators.c **** {
 279:../../Middlewares/stedgeai-lib/Npu/ll_aton/ll_aton_lib_sw_operators.c ****   if (slice_rank != input->ndims)
 280:../../Middlewares/stedgeai-lib/Npu/ll_aton/ll_aton_lib_sw_operators.c ****   {
 281:../../Middlewares/stedgeai-lib/Npu/ll_aton/ll_aton_lib_sw_operators.c ****     __LL_LIB_ERROR(_ERR_RANK, LL_ATON_INVALID_PARAM);
 282:../../Middlewares/stedgeai-lib/Npu/ll_aton/ll_aton_lib_sw_operators.c ****   }
 283:../../Middlewares/stedgeai-lib/Npu/ll_aton/ll_aton_lib_sw_operators.c **** 
 284:../../Middlewares/stedgeai-lib/Npu/ll_aton/ll_aton_lib_sw_operators.c ****   if (input->ndims != output->ndims)
 285:../../Middlewares/stedgeai-lib/Npu/ll_aton/ll_aton_lib_sw_operators.c ****   {
 286:../../Middlewares/stedgeai-lib/Npu/ll_aton/ll_aton_lib_sw_operators.c ****     __LL_LIB_ERROR(_ERR_RANK, LL_ATON_INVALID_PARAM);
 287:../../Middlewares/stedgeai-lib/Npu/ll_aton/ll_aton_lib_sw_operators.c ****   }
 288:../../Middlewares/stedgeai-lib/Npu/ll_aton/ll_aton_lib_sw_operators.c **** 
 289:../../Middlewares/stedgeai-lib/Npu/ll_aton/ll_aton_lib_sw_operators.c ****   if (input->nbits != output->nbits)
 290:../../Middlewares/stedgeai-lib/Npu/ll_aton/ll_aton_lib_sw_operators.c ****   { // TODO: should we support this?
 291:../../Middlewares/stedgeai-lib/Npu/ll_aton/ll_aton_lib_sw_operators.c ****     __LL_LIB_ERROR(_ERR_NBITS, LL_ATON_INVALID_PARAM);
 292:../../Middlewares/stedgeai-lib/Npu/ll_aton/ll_aton_lib_sw_operators.c ****   }
 293:../../Middlewares/stedgeai-lib/Npu/ll_aton/ll_aton_lib_sw_operators.c **** 
 294:../../Middlewares/stedgeai-lib/Npu/ll_aton/ll_aton_lib_sw_operators.c ****   if ((input->nbits < 8) || (input->nbits > 32))
 295:../../Middlewares/stedgeai-lib/Npu/ll_aton/ll_aton_lib_sw_operators.c ****   {
 296:../../Middlewares/stedgeai-lib/Npu/ll_aton/ll_aton_lib_sw_operators.c ****     __LL_LIB_ERROR(_ERR_NBITS, LL_ATON_INVALID_PARAM);
 297:../../Middlewares/stedgeai-lib/Npu/ll_aton/ll_aton_lib_sw_operators.c ****   }
 298:../../Middlewares/stedgeai-lib/Npu/ll_aton/ll_aton_lib_sw_operators.c **** 
 299:../../Middlewares/stedgeai-lib/Npu/ll_aton/ll_aton_lib_sw_operators.c ****   const __ll_slice_params_t common_params = {.input = input,
 300:../../Middlewares/stedgeai-lib/Npu/ll_aton/ll_aton_lib_sw_operators.c ****                                              .input_axes_offsets = input_axes_offsets,
 301:../../Middlewares/stedgeai-lib/Npu/ll_aton/ll_aton_lib_sw_operators.c ****                                              .output = output,
 302:../../Middlewares/stedgeai-lib/Npu/ll_aton/ll_aton_lib_sw_operators.c ****                                              .output_axes_offsets = output_axes_offsets,
 303:../../Middlewares/stedgeai-lib/Npu/ll_aton/ll_aton_lib_sw_operators.c ****                                              .slice_rank = slice_rank,
 304:../../Middlewares/stedgeai-lib/Npu/ll_aton/ll_aton_lib_sw_operators.c ****                                              .slice_starts = slice_starts,
 305:../../Middlewares/stedgeai-lib/Npu/ll_aton/ll_aton_lib_sw_operators.c ****                                              .slice_ends = slice_ends,
 306:../../Middlewares/stedgeai-lib/Npu/ll_aton/ll_aton_lib_sw_operators.c ****                                              .slice_steps = slice_steps};
 307:../../Middlewares/stedgeai-lib/Npu/ll_aton/ll_aton_lib_sw_operators.c **** 
 308:../../Middlewares/stedgeai-lib/Npu/ll_aton/ll_aton_lib_sw_operators.c ****   __ll_aton_lib_slice(0, NULL, &common_params);
 309:../../Middlewares/stedgeai-lib/Npu/ll_aton/ll_aton_lib_sw_operators.c **** 
 310:../../Middlewares/stedgeai-lib/Npu/ll_aton/ll_aton_lib_sw_operators.c ****   return LL_ATON_OK; // TODO
 311:../../Middlewares/stedgeai-lib/Npu/ll_aton/ll_aton_lib_sw_operators.c **** }
 312:../../Middlewares/stedgeai-lib/Npu/ll_aton/ll_aton_lib_sw_operators.c **** 
 313:../../Middlewares/stedgeai-lib/Npu/ll_aton/ll_aton_lib_sw_operators.c **** static int __ll_aton_lib_sw_outputs_flat_copy(const LL_Buffer_InfoTypeDef *input,
 314:../../Middlewares/stedgeai-lib/Npu/ll_aton/ll_aton_lib_sw_operators.c ****                                               const LL_Buffer_InfoTypeDef (*outputs)[], unsigned nr
 315:../../Middlewares/stedgeai-lib/Npu/ll_aton/ll_aton_lib_sw_operators.c **** {
 316:../../Middlewares/stedgeai-lib/Npu/ll_aton/ll_aton_lib_sw_operators.c **** #ifndef NDEBUG
 317:../../Middlewares/stedgeai-lib/Npu/ll_aton/ll_aton_lib_sw_operators.c ****   // LL_ATON_PRINTF("%s() line %d\n", __func__, __LINE__);
 318:../../Middlewares/stedgeai-lib/Npu/ll_aton/ll_aton_lib_sw_operators.c **** 
 319:../../Middlewares/stedgeai-lib/Npu/ll_aton/ll_aton_lib_sw_operators.c ****   int input_size = LL_Buffer_len(input);
 320:../../Middlewares/stedgeai-lib/Npu/ll_aton/ll_aton_lib_sw_operators.c ****   int output_size = 0;
 321:../../Middlewares/stedgeai-lib/Npu/ll_aton/ll_aton_lib_sw_operators.c **** 
 322:../../Middlewares/stedgeai-lib/Npu/ll_aton/ll_aton_lib_sw_operators.c ****   for (unsigned i = 0; i < nr_of_outputs; i++)
 323:../../Middlewares/stedgeai-lib/Npu/ll_aton/ll_aton_lib_sw_operators.c ****   {
 324:../../Middlewares/stedgeai-lib/Npu/ll_aton/ll_aton_lib_sw_operators.c ****     output_size += LL_Buffer_len((*outputs) + i);
 325:../../Middlewares/stedgeai-lib/Npu/ll_aton/ll_aton_lib_sw_operators.c ****   }
 326:../../Middlewares/stedgeai-lib/Npu/ll_aton/ll_aton_lib_sw_operators.c **** 
ARM GAS  /tmp/ccBdscOF.s 			page 17


 327:../../Middlewares/stedgeai-lib/Npu/ll_aton/ll_aton_lib_sw_operators.c ****   if (input_size != output_size)
 328:../../Middlewares/stedgeai-lib/Npu/ll_aton/ll_aton_lib_sw_operators.c ****   { // should never happen
 329:../../Middlewares/stedgeai-lib/Npu/ll_aton/ll_aton_lib_sw_operators.c ****     __LL_LIB_ERROR(_ERR_SHAPE, LL_ATON_INVALID_PARAM);
 330:../../Middlewares/stedgeai-lib/Npu/ll_aton/ll_aton_lib_sw_operators.c ****   }
 331:../../Middlewares/stedgeai-lib/Npu/ll_aton/ll_aton_lib_sw_operators.c **** 
 332:../../Middlewares/stedgeai-lib/Npu/ll_aton/ll_aton_lib_sw_operators.c ****   uint8_t nbits = LL_LIB_NBYTES(input->nbits);
 333:../../Middlewares/stedgeai-lib/Npu/ll_aton/ll_aton_lib_sw_operators.c ****   for (unsigned i = 0; i < nr_of_outputs; i++)
 334:../../Middlewares/stedgeai-lib/Npu/ll_aton/ll_aton_lib_sw_operators.c ****   {
 335:../../Middlewares/stedgeai-lib/Npu/ll_aton/ll_aton_lib_sw_operators.c ****     if ((*outputs)[i].nbits != nbits)
 336:../../Middlewares/stedgeai-lib/Npu/ll_aton/ll_aton_lib_sw_operators.c ****     {
 337:../../Middlewares/stedgeai-lib/Npu/ll_aton/ll_aton_lib_sw_operators.c ****       __LL_LIB_ERROR(_ERR_NBITS_OUT, LL_ATON_INVALID_PARAM);
 338:../../Middlewares/stedgeai-lib/Npu/ll_aton/ll_aton_lib_sw_operators.c ****     }
 339:../../Middlewares/stedgeai-lib/Npu/ll_aton/ll_aton_lib_sw_operators.c ****   }
 340:../../Middlewares/stedgeai-lib/Npu/ll_aton/ll_aton_lib_sw_operators.c **** #endif // !NDEBUG
 341:../../Middlewares/stedgeai-lib/Npu/ll_aton/ll_aton_lib_sw_operators.c **** 
 342:../../Middlewares/stedgeai-lib/Npu/ll_aton/ll_aton_lib_sw_operators.c ****   if (nr_of_outputs <= 0)
 343:../../Middlewares/stedgeai-lib/Npu/ll_aton/ll_aton_lib_sw_operators.c ****   { // should never happen
 344:../../Middlewares/stedgeai-lib/Npu/ll_aton/ll_aton_lib_sw_operators.c ****     __LL_LIB_ERROR(_ERR_NOUTPUTS, LL_ATON_INVALID_PARAM);
 345:../../Middlewares/stedgeai-lib/Npu/ll_aton/ll_aton_lib_sw_operators.c ****   }
 346:../../Middlewares/stedgeai-lib/Npu/ll_aton/ll_aton_lib_sw_operators.c **** 
 347:../../Middlewares/stedgeai-lib/Npu/ll_aton/ll_aton_lib_sw_operators.c ****   unsigned char *curr_in_addr = ATON_LIB_PHYSICAL_TO_VIRTUAL_ADDR(LL_Buffer_addr_start(input));
 348:../../Middlewares/stedgeai-lib/Npu/ll_aton/ll_aton_lib_sw_operators.c ****   for (int i = 0; i < nr_of_outputs; i++)
 349:../../Middlewares/stedgeai-lib/Npu/ll_aton/ll_aton_lib_sw_operators.c ****   {
 350:../../Middlewares/stedgeai-lib/Npu/ll_aton/ll_aton_lib_sw_operators.c ****     unsigned char *out_addr = ATON_LIB_PHYSICAL_TO_VIRTUAL_ADDR(LL_Buffer_addr_start((*outputs) + i
 351:../../Middlewares/stedgeai-lib/Npu/ll_aton/ll_aton_lib_sw_operators.c ****     unsigned out_size = LL_Buffer_len((*outputs) + i);
 352:../../Middlewares/stedgeai-lib/Npu/ll_aton/ll_aton_lib_sw_operators.c **** 
 353:../../Middlewares/stedgeai-lib/Npu/ll_aton/ll_aton_lib_sw_operators.c ****     memcpy(out_addr, curr_in_addr, out_size);
 354:../../Middlewares/stedgeai-lib/Npu/ll_aton/ll_aton_lib_sw_operators.c **** 
 355:../../Middlewares/stedgeai-lib/Npu/ll_aton/ll_aton_lib_sw_operators.c ****     curr_in_addr += out_size;
 356:../../Middlewares/stedgeai-lib/Npu/ll_aton/ll_aton_lib_sw_operators.c ****   }
 357:../../Middlewares/stedgeai-lib/Npu/ll_aton/ll_aton_lib_sw_operators.c **** 
 358:../../Middlewares/stedgeai-lib/Npu/ll_aton/ll_aton_lib_sw_operators.c ****   return LL_ATON_OK;
 359:../../Middlewares/stedgeai-lib/Npu/ll_aton/ll_aton_lib_sw_operators.c **** }
 360:../../Middlewares/stedgeai-lib/Npu/ll_aton/ll_aton_lib_sw_operators.c **** 
 361:../../Middlewares/stedgeai-lib/Npu/ll_aton/ll_aton_lib_sw_operators.c **** // convert axis from ...CHW -> ...HWC
 362:../../Middlewares/stedgeai-lib/Npu/ll_aton/ll_aton_lib_sw_operators.c **** static const int aton_lut[] = {TDIM_NKERNELS, TDIM_NCHANNELS, TDIM_FHEIGHT, TDIM_FWIDTH};
 363:../../Middlewares/stedgeai-lib/Npu/ll_aton/ll_aton_lib_sw_operators.c **** #define LUT_ATON(x) (((x >= (rank - 4)) && (rank > 2)) ? (rank - 4) + aton_lut[x - (rank - 4)] : x)
 364:../../Middlewares/stedgeai-lib/Npu/ll_aton/ll_aton_lib_sw_operators.c **** 
 365:../../Middlewares/stedgeai-lib/Npu/ll_aton/ll_aton_lib_sw_operators.c **** // convert axis from ...HWC -> ...CHW
 366:../../Middlewares/stedgeai-lib/Npu/ll_aton/ll_aton_lib_sw_operators.c **** static const int onnx_lut[] = {TDIM_ONNX_NKERNELS, TDIM_ONNX_FHEIGHT, TDIM_ONNX_FWIDTH, TDIM_ONNX_N
 367:../../Middlewares/stedgeai-lib/Npu/ll_aton/ll_aton_lib_sw_operators.c **** #define LUT_ONNX(x) (((x >= (rank - 4)) && (rank > 2)) ? (rank - 4) + onnx_lut[x - (rank - 4)] : x)
 368:../../Middlewares/stedgeai-lib/Npu/ll_aton/ll_aton_lib_sw_operators.c **** 
 369:../../Middlewares/stedgeai-lib/Npu/ll_aton/ll_aton_lib_sw_operators.c **** /* beyond function assumes that input and output tensors are ATON canonical */
 370:../../Middlewares/stedgeai-lib/Npu/ll_aton/ll_aton_lib_sw_operators.c **** static void __ll_aton_lib_split_aton_canonical(const LL_Buffer_InfoTypeDef *input,
 371:../../Middlewares/stedgeai-lib/Npu/ll_aton/ll_aton_lib_sw_operators.c ****                                                const LL_Buffer_InfoTypeDef (*outputs)[], int nr_of_
 372:../../Middlewares/stedgeai-lib/Npu/ll_aton/ll_aton_lib_sw_operators.c ****                                                int split_onnx_axis)
 373:../../Middlewares/stedgeai-lib/Npu/ll_aton/ll_aton_lib_sw_operators.c **** {
  84              		.loc 1 373 1 is_stmt 1 view -0
  85              		.cfi_startproc
  86              		@ args = 4, pretend = 0, frame = 24
  87              		@ frame_needed = 0, uses_anonymous_args = 0
 374:../../Middlewares/stedgeai-lib/Npu/ll_aton/ll_aton_lib_sw_operators.c ****   int aton_axis = LUT_ATON(split_onnx_axis);
  88              		.loc 1 374 3 view .LVU14
 373:../../Middlewares/stedgeai-lib/Npu/ll_aton/ll_aton_lib_sw_operators.c ****   int aton_axis = LUT_ATON(split_onnx_axis);
  89              		.loc 1 373 1 is_stmt 0 view .LVU15
  90 0000 2DE9F04F 		push	{r4, r5, r6, r7, r8, r9, r10, fp, lr}
  91              		.cfi_def_cfa_offset 36
ARM GAS  /tmp/ccBdscOF.s 			page 18


  92              		.cfi_offset 4, -36
  93              		.cfi_offset 5, -32
  94              		.cfi_offset 6, -28
  95              		.cfi_offset 7, -24
  96              		.cfi_offset 8, -20
  97              		.cfi_offset 9, -16
  98              		.cfi_offset 10, -12
  99              		.cfi_offset 11, -8
 100              		.cfi_offset 14, -4
 101 0004 87B0     		sub	sp, sp, #28
 102              		.cfi_def_cfa_offset 64
 373:../../Middlewares/stedgeai-lib/Npu/ll_aton/ll_aton_lib_sw_operators.c ****   int aton_axis = LUT_ATON(split_onnx_axis);
 103              		.loc 1 373 1 view .LVU16
 104 0006 0D46     		mov	r5, r1
 105 0008 1099     		ldr	r1, [sp, #64]
 106              	.LVL5:
 107              		.loc 1 374 19 view .LVU17
 108 000a 1F1F     		subs	r7, r3, #4
 109 000c 8F42     		cmp	r7, r1
 373:../../Middlewares/stedgeai-lib/Npu/ll_aton/ll_aton_lib_sw_operators.c ****   int aton_axis = LUT_ATON(split_onnx_axis);
 110              		.loc 1 373 1 view .LVU18
 111 000e 0592     		str	r2, [sp, #20]
 112 0010 0646     		mov	r6, r0
 113              		.loc 1 374 19 discriminator 4 view .LVU19
 114 0012 0A46     		mov	r2, r1
 115              	.LVL6:
 116              		.loc 1 374 19 view .LVU20
 117 0014 06DC     		bgt	.L7
 118              		.loc 1 374 19 discriminator 1 view .LVU21
 119 0016 022B     		cmp	r3, #2
 120              		.loc 1 374 19 discriminator 3 view .LVU22
 121 0018 C1BF     		itttt	gt
 122 001a 324A     		ldrgt	r2, .L20
 123 001c C81B     		subgt	r0, r1, r7
 124              	.LVL7:
 125              		.loc 1 374 19 discriminator 3 view .LVU23
 126 001e 52F82020 		ldrgt	r2, [r2, r0, lsl #2]
 127 0022 D219     		addgt	r2, r2, r7
 128              	.L7:
 129              	.LVL8:
 375:../../Middlewares/stedgeai-lib/Npu/ll_aton/ll_aton_lib_sw_operators.c ****   int tot_size = LL_Buffer_len(input);
 130              		.loc 1 375 3 is_stmt 1 view .LVU24
 131              	.LBB86:
 132              	.LBI86:
 498:../../Middlewares/stedgeai-lib/Npu/ll_aton/ll_aton_NN_interface.h **** 
 499:../../Middlewares/stedgeai-lib/Npu/ll_aton/ll_aton_NN_interface.h ****   static inline unsigned char *LL_Buffer_addr_end(const LL_Buffer_InfoTypeDef *buf)
 500:../../Middlewares/stedgeai-lib/Npu/ll_aton/ll_aton_NN_interface.h ****   {
 501:../../Middlewares/stedgeai-lib/Npu/ll_aton/ll_aton_NN_interface.h ****     return LL_Buffer_addr_base(buf) + buf->offset_end;
 502:../../Middlewares/stedgeai-lib/Npu/ll_aton/ll_aton_NN_interface.h ****   }
 503:../../Middlewares/stedgeai-lib/Npu/ll_aton/ll_aton_NN_interface.h **** 
 504:../../Middlewares/stedgeai-lib/Npu/ll_aton/ll_aton_NN_interface.h ****   static inline unsigned char *LL_Buffer_addr_limit(const LL_Buffer_InfoTypeDef *buf)
 505:../../Middlewares/stedgeai-lib/Npu/ll_aton/ll_aton_NN_interface.h ****   {
 506:../../Middlewares/stedgeai-lib/Npu/ll_aton/ll_aton_NN_interface.h ****     return LL_Buffer_addr_base(buf) + buf->offset_limit;
 507:../../Middlewares/stedgeai-lib/Npu/ll_aton/ll_aton_NN_interface.h ****   }
 508:../../Middlewares/stedgeai-lib/Npu/ll_aton/ll_aton_NN_interface.h **** 
 509:../../Middlewares/stedgeai-lib/Npu/ll_aton/ll_aton_NN_interface.h ****   static inline uint32_t LL_Buffer_len(const LL_Buffer_InfoTypeDef *buf)
 133              		.loc 2 509 26 view .LVU25
ARM GAS  /tmp/ccBdscOF.s 			page 19


 134              	.LBB87:
 510:../../Middlewares/stedgeai-lib/Npu/ll_aton/ll_aton_NN_interface.h ****   {
 511:../../Middlewares/stedgeai-lib/Npu/ll_aton/ll_aton_NN_interface.h ****     return buf->offset_end - buf->offset_start;
 135              		.loc 2 511 5 view .LVU26
 136              		.loc 2 511 28 is_stmt 0 view .LVU27
 137 0024 D6E90204 		ldrd	r0, r4, [r6, #8]
 138              	.LBE87:
 139              	.LBE86:
 376:../../Middlewares/stedgeai-lib/Npu/ll_aton/ll_aton_lib_sw_operators.c **** 
 377:../../Middlewares/stedgeai-lib/Npu/ll_aton/ll_aton_lib_sw_operators.c ****   int start = 0;
 378:../../Middlewares/stedgeai-lib/Npu/ll_aton/ll_aton_lib_sw_operators.c ****   int stop = tot_size;
 379:../../Middlewares/stedgeai-lib/Npu/ll_aton/ll_aton_lib_sw_operators.c ****   int jump_base = 1;
 140              		.loc 1 379 7 view .LVU28
 141 0028 4FF0010E 		mov	lr, #1
 142              	.LBB89:
 143              	.LBB88:
 144              		.loc 2 511 28 view .LVU29
 145 002c 201A     		subs	r0, r4, r0
 146 002e 6FF00304 		mvn	r4, #3
 147 0032 0390     		str	r0, [sp, #12]
 148              	.LVL9:
 149              		.loc 2 511 28 view .LVU30
 150              	.LBE88:
 151              	.LBE89:
 377:../../Middlewares/stedgeai-lib/Npu/ll_aton/ll_aton_lib_sw_operators.c ****   int stop = tot_size;
 152              		.loc 1 377 3 is_stmt 1 view .LVU31
 378:../../Middlewares/stedgeai-lib/Npu/ll_aton/ll_aton_lib_sw_operators.c ****   int jump_base = 1;
 153              		.loc 1 378 3 view .LVU32
 154              		.loc 1 379 3 view .LVU33
 380:../../Middlewares/stedgeai-lib/Npu/ll_aton/ll_aton_lib_sw_operators.c ****   for (int i = aton_axis + 1; i < rank; i++)
 155              		.loc 1 380 3 view .LVU34
 156              	.LBB90:
 157              		.loc 1 380 8 view .LVU35
 158              		.loc 1 380 8 is_stmt 0 view .LVU36
 159 0034 2C48     		ldr	r0, .L20+4
 160              	.LVL10:
 381:../../Middlewares/stedgeai-lib/Npu/ll_aton/ll_aton_lib_sw_operators.c ****     jump_base *= input->shape[LUT_ONNX(i)];
 161              		.loc 1 381 23 view .LVU37
 162 0036 D6F82CC0 		ldr	ip, [r6, #44]
 163 003a 04FB0308 		mla	r8, r4, r3, r0
 164              	.LBE90:
 379:../../Middlewares/stedgeai-lib/Npu/ll_aton/ll_aton_lib_sw_operators.c ****   for (int i = aton_axis + 1; i < rank; i++)
 165              		.loc 1 379 7 view .LVU38
 166 003e 02EB0E00 		add	r0, r2, lr
 167              	.LVL11:
 379:../../Middlewares/stedgeai-lib/Npu/ll_aton/ll_aton_lib_sw_operators.c ****   for (int i = aton_axis + 1; i < rank; i++)
 168              		.loc 1 379 7 view .LVU39
 169 0042 9842     		cmp	r0, r3
 170 0044 A3EB0202 		sub	r2, r3, r2
 171              	.LVL12:
 379:../../Middlewares/stedgeai-lib/Npu/ll_aton/ll_aton_lib_sw_operators.c ****   for (int i = aton_axis + 1; i < rank; i++)
 172              		.loc 1 379 7 view .LVU40
 173 0048 02DC     		bgt	.L18
 174 004a B3F1004F 		cmp	r3, #-2147483648
 175 004e 00D1     		bne	.L8
 176              	.L18:
 177 0050 0122     		movs	r2, #1
ARM GAS  /tmp/ccBdscOF.s 			page 20


 178              	.LVL13:
 179              	.L8:
 180              	.LBB91:
 380:../../Middlewares/stedgeai-lib/Npu/ll_aton/ll_aton_lib_sw_operators.c ****   for (int i = aton_axis + 1; i < rank; i++)
 181              		.loc 1 380 33 is_stmt 1 discriminator 1 view .LVU41
 182 0052 013A     		subs	r2, r2, #1
 183 0054 13D1     		bne	.L11
 184              	.LBE91:
 382:../../Middlewares/stedgeai-lib/Npu/ll_aton/ll_aton_lib_sw_operators.c ****   jump_base *= LL_LIB_NBYTES(input->nbits);
 185              		.loc 1 382 3 view .LVU42
 186              	.LVL14:
 383:../../Middlewares/stedgeai-lib/Npu/ll_aton/ll_aton_lib_sw_operators.c ****   int jump = jump_base * input->shape[split_onnx_axis];
 187              		.loc 1 383 3 view .LVU43
 188              	.LBB92:
 384:../../Middlewares/stedgeai-lib/Npu/ll_aton/ll_aton_lib_sw_operators.c ****   // LL_ATON_PRINTF("onnx_axis=%d, aton_axis=%d, jump_base=%d, jump=%d\n", split_onnx_axis, aton_ax
 385:../../Middlewares/stedgeai-lib/Npu/ll_aton/ll_aton_lib_sw_operators.c **** 
 386:../../Middlewares/stedgeai-lib/Npu/ll_aton/ll_aton_lib_sw_operators.c ****   for (int i = 0; i < nr_of_outputs; i++)
 189              		.loc 1 386 12 is_stmt 0 view .LVU44
 190 0056 0027     		movs	r7, #0
 191              	.LBE92:
 377:../../Middlewares/stedgeai-lib/Npu/ll_aton/ll_aton_lib_sw_operators.c ****   int stop = tot_size;
 192              		.loc 1 377 7 view .LVU45
 193 0058 B946     		mov	r9, r7
 382:../../Middlewares/stedgeai-lib/Npu/ll_aton/ll_aton_lib_sw_operators.c ****   int jump = jump_base * input->shape[split_onnx_axis];
 194              		.loc 1 382 16 view .LVU46
 195 005a 96F82840 		ldrb	r4, [r6, #40]	@ zero_extendqisi2
 383:../../Middlewares/stedgeai-lib/Npu/ll_aton/ll_aton_lib_sw_operators.c ****   // LL_ATON_PRINTF("onnx_axis=%d, aton_axis=%d, jump_base=%d, jump=%d\n", split_onnx_axis, aton_ax
 196              		.loc 1 383 38 view .LVU47
 197 005e 8B00     		lsls	r3, r1, #2
 198              	.LVL15:
 382:../../Middlewares/stedgeai-lib/Npu/ll_aton/ll_aton_lib_sw_operators.c ****   int jump = jump_base * input->shape[split_onnx_axis];
 199              		.loc 1 382 16 view .LVU48
 200 0060 0734     		adds	r4, r4, #7
 201 0062 E410     		asrs	r4, r4, #3
 382:../../Middlewares/stedgeai-lib/Npu/ll_aton/ll_aton_lib_sw_operators.c ****   int jump = jump_base * input->shape[split_onnx_axis];
 202              		.loc 1 382 13 view .LVU49
 203 0064 0EFB04F4 		mul	r4, lr, r4
 383:../../Middlewares/stedgeai-lib/Npu/ll_aton/ll_aton_lib_sw_operators.c ****   // LL_ATON_PRINTF("onnx_axis=%d, aton_axis=%d, jump_base=%d, jump=%d\n", split_onnx_axis, aton_ax
 204              		.loc 1 383 38 view .LVU50
 205 0068 0193     		str	r3, [sp, #4]
 383:../../Middlewares/stedgeai-lib/Npu/ll_aton/ll_aton_lib_sw_operators.c ****   // LL_ATON_PRINTF("onnx_axis=%d, aton_axis=%d, jump_base=%d, jump=%d\n", split_onnx_axis, aton_ax
 206              		.loc 1 383 24 view .LVU51
 207 006a 5CF82130 		ldr	r3, [ip, r1, lsl #2]
 208 006e 6343     		muls	r3, r4, r3
 209 0070 0493     		str	r3, [sp, #16]
 210              	.LVL16:
 211              		.loc 1 386 3 is_stmt 1 view .LVU52
 212              	.LBB95:
 213              		.loc 1 386 8 view .LVU53
 214              	.L12:
 215              		.loc 1 386 21 discriminator 1 view .LVU54
 216 0072 059B     		ldr	r3, [sp, #20]
 217 0074 9F42     		cmp	r7, r3
 218 0076 12DB     		blt	.L15
 219              	.LBE95:
 387:../../Middlewares/stedgeai-lib/Npu/ll_aton/ll_aton_lib_sw_operators.c ****   {
 388:../../Middlewares/stedgeai-lib/Npu/ll_aton/ll_aton_lib_sw_operators.c ****     int copy_val = (*outputs)[i].shape[split_onnx_axis] * jump_base;
ARM GAS  /tmp/ccBdscOF.s 			page 21


 389:../../Middlewares/stedgeai-lib/Npu/ll_aton/ll_aton_lib_sw_operators.c ****     // LL_ATON_PRINTF("i=%d copy_val=%d\n", i, copy_val);
 390:../../Middlewares/stedgeai-lib/Npu/ll_aton/ll_aton_lib_sw_operators.c **** 
 391:../../Middlewares/stedgeai-lib/Npu/ll_aton/ll_aton_lib_sw_operators.c ****     int source;
 392:../../Middlewares/stedgeai-lib/Npu/ll_aton/ll_aton_lib_sw_operators.c ****     int dest = 0;
 393:../../Middlewares/stedgeai-lib/Npu/ll_aton/ll_aton_lib_sw_operators.c ****     for (source = start; source < stop; source += jump, dest += copy_val)
 394:../../Middlewares/stedgeai-lib/Npu/ll_aton/ll_aton_lib_sw_operators.c ****     {
 395:../../Middlewares/stedgeai-lib/Npu/ll_aton/ll_aton_lib_sw_operators.c ****       // LL_ATON_PRINTF("i=%d, dest=%d, source=%d\n", i, dest, source);
 396:../../Middlewares/stedgeai-lib/Npu/ll_aton/ll_aton_lib_sw_operators.c ****       memcpy(ATON_LIB_PHYSICAL_TO_VIRTUAL_ADDR(LL_Buffer_addr_start((*outputs) + i) + dest),
 397:../../Middlewares/stedgeai-lib/Npu/ll_aton/ll_aton_lib_sw_operators.c ****              ATON_LIB_PHYSICAL_TO_VIRTUAL_ADDR(LL_Buffer_addr_start(input) + source), copy_val);
 398:../../Middlewares/stedgeai-lib/Npu/ll_aton/ll_aton_lib_sw_operators.c ****     }
 399:../../Middlewares/stedgeai-lib/Npu/ll_aton/ll_aton_lib_sw_operators.c ****     start += copy_val;
 400:../../Middlewares/stedgeai-lib/Npu/ll_aton/ll_aton_lib_sw_operators.c ****   }
 401:../../Middlewares/stedgeai-lib/Npu/ll_aton/ll_aton_lib_sw_operators.c **** }
 220              		.loc 1 401 1 is_stmt 0 view .LVU55
 221 0078 07B0     		add	sp, sp, #28
 222              		.cfi_remember_state
 223              		.cfi_def_cfa_offset 36
 224              		@ sp needed
 225 007a BDE8F08F 		pop	{r4, r5, r6, r7, r8, r9, r10, fp, pc}
 226              	.LVL17:
 227              	.L11:
 228              		.cfi_restore_state
 229              	.LBB96:
 381:../../Middlewares/stedgeai-lib/Npu/ll_aton/ll_aton_lib_sw_operators.c ****   jump_base *= LL_LIB_NBYTES(input->nbits);
 230              		.loc 1 381 5 is_stmt 1 view .LVU56
 381:../../Middlewares/stedgeai-lib/Npu/ll_aton/ll_aton_lib_sw_operators.c ****   jump_base *= LL_LIB_NBYTES(input->nbits);
 231              		.loc 1 381 30 is_stmt 0 view .LVU57
 232 007e 8742     		cmp	r7, r0
 233 0080 0BDC     		bgt	.L9
 381:../../Middlewares/stedgeai-lib/Npu/ll_aton/ll_aton_lib_sw_operators.c ****   jump_base *= LL_LIB_NBYTES(input->nbits);
 234              		.loc 1 381 31 discriminator 1 view .LVU58
 235 0082 022B     		cmp	r3, #2
 236 0084 09DD     		ble	.L9
 381:../../Middlewares/stedgeai-lib/Npu/ll_aton/ll_aton_lib_sw_operators.c ****   jump_base *= LL_LIB_NBYTES(input->nbits);
 237              		.loc 1 381 31 discriminator 3 view .LVU59
 238 0086 58F82040 		ldr	r4, [r8, r0, lsl #2]
 239 008a 3C44     		add	r4, r4, r7
 381:../../Middlewares/stedgeai-lib/Npu/ll_aton/ll_aton_lib_sw_operators.c ****   jump_base *= LL_LIB_NBYTES(input->nbits);
 240              		.loc 1 381 30 discriminator 3 view .LVU60
 241 008c A400     		lsls	r4, r4, #2
 242              	.L10:
 381:../../Middlewares/stedgeai-lib/Npu/ll_aton/ll_aton_lib_sw_operators.c ****   jump_base *= LL_LIB_NBYTES(input->nbits);
 243              		.loc 1 381 15 discriminator 6 view .LVU61
 244 008e 5CF80440 		ldr	r4, [ip, r4]
 380:../../Middlewares/stedgeai-lib/Npu/ll_aton/ll_aton_lib_sw_operators.c ****     jump_base *= input->shape[LUT_ONNX(i)];
 245              		.loc 1 380 42 discriminator 2 view .LVU62
 246 0092 0130     		adds	r0, r0, #1
 247              	.LVL18:
 381:../../Middlewares/stedgeai-lib/Npu/ll_aton/ll_aton_lib_sw_operators.c ****   jump_base *= LL_LIB_NBYTES(input->nbits);
 248              		.loc 1 381 15 discriminator 6 view .LVU63
 249 0094 04FB0EFE 		mul	lr, r4, lr
 250              	.LVL19:
 380:../../Middlewares/stedgeai-lib/Npu/ll_aton/ll_aton_lib_sw_operators.c ****     jump_base *= input->shape[LUT_ONNX(i)];
 251              		.loc 1 380 42 is_stmt 1 discriminator 2 view .LVU64
 252 0098 DBE7     		b	.L8
 253              	.LVL20:
 254              	.L9:
ARM GAS  /tmp/ccBdscOF.s 			page 22


 380:../../Middlewares/stedgeai-lib/Npu/ll_aton/ll_aton_lib_sw_operators.c ****     jump_base *= input->shape[LUT_ONNX(i)];
 255              		.loc 1 380 42 is_stmt 0 discriminator 2 view .LVU65
 256 009a 8400     		lsls	r4, r0, #2
 257 009c F7E7     		b	.L10
 258              	.LVL21:
 259              	.L15:
 380:../../Middlewares/stedgeai-lib/Npu/ll_aton/ll_aton_lib_sw_operators.c ****     jump_base *= input->shape[LUT_ONNX(i)];
 260              		.loc 1 380 42 discriminator 2 view .LVU66
 261              	.LBE96:
 262              	.LBB97:
 263              	.LBB93:
 388:../../Middlewares/stedgeai-lib/Npu/ll_aton/ll_aton_lib_sw_operators.c ****     // LL_ATON_PRINTF("i=%d copy_val=%d\n", i, copy_val);
 264              		.loc 1 388 5 is_stmt 1 view .LVU67
 393:../../Middlewares/stedgeai-lib/Npu/ll_aton/ll_aton_lib_sw_operators.c ****     {
 265              		.loc 1 393 17 is_stmt 0 view .LVU68
 266 009e C846     		mov	r8, r9
 392:../../Middlewares/stedgeai-lib/Npu/ll_aton/ll_aton_lib_sw_operators.c ****     for (source = start; source < stop; source += jump, dest += copy_val)
 267              		.loc 1 392 9 view .LVU69
 268 00a0 4FF0000B 		mov	fp, #0
 388:../../Middlewares/stedgeai-lib/Npu/ll_aton/ll_aton_lib_sw_operators.c ****     // LL_ATON_PRINTF("i=%d copy_val=%d\n", i, copy_val);
 269              		.loc 1 388 39 view .LVU70
 270 00a4 EB6A     		ldr	r3, [r5, #44]
 388:../../Middlewares/stedgeai-lib/Npu/ll_aton/ll_aton_lib_sw_operators.c ****     // LL_ATON_PRINTF("i=%d copy_val=%d\n", i, copy_val);
 271              		.loc 1 388 57 view .LVU71
 272 00a6 019A     		ldr	r2, [sp, #4]
 273 00a8 9A58     		ldr	r2, [r3, r2]
 274 00aa 02FB04FA 		mul	r10, r2, r4
 275              	.LVL22:
 391:../../Middlewares/stedgeai-lib/Npu/ll_aton/ll_aton_lib_sw_operators.c ****     int dest = 0;
 276              		.loc 1 391 5 is_stmt 1 view .LVU72
 392:../../Middlewares/stedgeai-lib/Npu/ll_aton/ll_aton_lib_sw_operators.c ****     for (source = start; source < stop; source += jump, dest += copy_val)
 277              		.loc 1 392 5 view .LVU73
 393:../../Middlewares/stedgeai-lib/Npu/ll_aton/ll_aton_lib_sw_operators.c ****     {
 278              		.loc 1 393 5 view .LVU74
 279              	.L13:
 393:../../Middlewares/stedgeai-lib/Npu/ll_aton/ll_aton_lib_sw_operators.c ****     {
 280              		.loc 1 393 33 discriminator 1 view .LVU75
 281 00ae 039B     		ldr	r3, [sp, #12]
 282 00b0 9845     		cmp	r8, r3
 283 00b2 03DB     		blt	.L14
 399:../../Middlewares/stedgeai-lib/Npu/ll_aton/ll_aton_lib_sw_operators.c ****   }
 284              		.loc 1 399 5 view .LVU76
 399:../../Middlewares/stedgeai-lib/Npu/ll_aton/ll_aton_lib_sw_operators.c ****   }
 285              		.loc 1 399 11 is_stmt 0 view .LVU77
 286 00b4 D144     		add	r9, r9, r10
 287              	.LVL23:
 399:../../Middlewares/stedgeai-lib/Npu/ll_aton/ll_aton_lib_sw_operators.c ****   }
 288              		.loc 1 399 11 view .LVU78
 289              	.LBE93:
 386:../../Middlewares/stedgeai-lib/Npu/ll_aton/ll_aton_lib_sw_operators.c ****   {
 290              		.loc 1 386 39 is_stmt 1 discriminator 2 view .LVU79
 291 00b6 0137     		adds	r7, r7, #1
 292              	.LVL24:
 386:../../Middlewares/stedgeai-lib/Npu/ll_aton/ll_aton_lib_sw_operators.c ****   {
 293              		.loc 1 386 39 is_stmt 0 discriminator 2 view .LVU80
 294 00b8 3835     		adds	r5, r5, #56
 295 00ba DAE7     		b	.L12
ARM GAS  /tmp/ccBdscOF.s 			page 23


 296              	.L14:
 297              	.LBB94:
 396:../../Middlewares/stedgeai-lib/Npu/ll_aton/ll_aton_lib_sw_operators.c ****              ATON_LIB_PHYSICAL_TO_VIRTUAL_ADDR(LL_Buffer_addr_start(input) + source), copy_val);
 298              		.loc 1 396 7 is_stmt 1 view .LVU81
 396:../../Middlewares/stedgeai-lib/Npu/ll_aton/ll_aton_lib_sw_operators.c ****              ATON_LIB_PHYSICAL_TO_VIRTUAL_ADDR(LL_Buffer_addr_start(input) + source), copy_val);
 299              		.loc 1 396 14 is_stmt 0 view .LVU82
 300 00bc 2846     		mov	r0, r5
 301 00be FFF7FEFF 		bl	LL_Buffer_addr_start
 302              	.LVL25:
 396:../../Middlewares/stedgeai-lib/Npu/ll_aton/ll_aton_lib_sw_operators.c ****              ATON_LIB_PHYSICAL_TO_VIRTUAL_ADDR(LL_Buffer_addr_start(input) + source), copy_val);
 303              		.loc 1 396 14 discriminator 1 view .LVU83
 304 00c2 00EB0B03 		add	r3, r0, fp
 397:../../Middlewares/stedgeai-lib/Npu/ll_aton/ll_aton_lib_sw_operators.c ****     }
 305              		.loc 1 397 14 view .LVU84
 306 00c6 3046     		mov	r0, r6
 396:../../Middlewares/stedgeai-lib/Npu/ll_aton/ll_aton_lib_sw_operators.c ****              ATON_LIB_PHYSICAL_TO_VIRTUAL_ADDR(LL_Buffer_addr_start(input) + source), copy_val);
 307              		.loc 1 396 14 discriminator 1 view .LVU85
 308 00c8 0293     		str	r3, [sp, #8]
 397:../../Middlewares/stedgeai-lib/Npu/ll_aton/ll_aton_lib_sw_operators.c ****     }
 309              		.loc 1 397 14 view .LVU86
 310 00ca FFF7FEFF 		bl	LL_Buffer_addr_start
 311              	.LVL26:
 396:../../Middlewares/stedgeai-lib/Npu/ll_aton/ll_aton_lib_sw_operators.c ****              ATON_LIB_PHYSICAL_TO_VIRTUAL_ADDR(LL_Buffer_addr_start(input) + source), copy_val);
 312              		.loc 1 396 7 view .LVU87
 313 00ce 5246     		mov	r2, r10
 314 00d0 00EB0801 		add	r1, r0, r8
 315 00d4 0298     		ldr	r0, [sp, #8]
 316 00d6 FFF7FEFF 		bl	memcpy
 317              	.LVL27:
 393:../../Middlewares/stedgeai-lib/Npu/ll_aton/ll_aton_lib_sw_operators.c ****     {
 318              		.loc 1 393 55 is_stmt 1 discriminator 3 view .LVU88
 393:../../Middlewares/stedgeai-lib/Npu/ll_aton/ll_aton_lib_sw_operators.c ****     {
 319              		.loc 1 393 48 is_stmt 0 discriminator 3 view .LVU89
 320 00da 049B     		ldr	r3, [sp, #16]
 393:../../Middlewares/stedgeai-lib/Npu/ll_aton/ll_aton_lib_sw_operators.c ****     {
 321              		.loc 1 393 62 discriminator 3 view .LVU90
 322 00dc D344     		add	fp, fp, r10
 323              	.LVL28:
 393:../../Middlewares/stedgeai-lib/Npu/ll_aton/ll_aton_lib_sw_operators.c ****     {
 324              		.loc 1 393 48 discriminator 3 view .LVU91
 325 00de 9844     		add	r8, r8, r3
 326              	.LVL29:
 393:../../Middlewares/stedgeai-lib/Npu/ll_aton/ll_aton_lib_sw_operators.c ****     {
 327              		.loc 1 393 48 discriminator 3 view .LVU92
 328 00e0 E5E7     		b	.L13
 329              	.L21:
 330 00e2 00BF     		.align	2
 331              	.L20:
 332 00e4 00000000 		.word	aton_lut
 333 00e8 10000000 		.word	onnx_lut+16
 334              	.LBE94:
 335              	.LBE97:
 336              		.cfi_endproc
 337              	.LFE340:
 339              		.section	.rodata.__ll_aton_lib_pad_filling_sw.str1.1,"aMS",%progbits,1
 340              	.LC0:
 341 0000 63757272 		.ascii	"curr_axis <= common_params->consecutive_axis\000"
ARM GAS  /tmp/ccBdscOF.s 			page 24


 341      5F617869 
 341      73203C3D 
 341      20636F6D 
 341      6D6F6E5F 
 342              	.LC1:
 343 002d 2E2E2F2E 		.ascii	"../../Middlewares/stedgeai-lib/Npu/ll_aton/ll_aton_"
 343      2E2F4D69 
 343      64646C65 
 343      77617265 
 343      732F7374 
 344 0060 6C69625F 		.ascii	"lib_sw_operators.c\000"
 344      73775F6F 
 344      70657261 
 344      746F7273 
 344      2E6300
 345              	.LC2:
 346 0073 636F6D6D 		.ascii	"common_params->out_target <= common_params->end_out"
 346      6F6E5F70 
 346      6172616D 
 346      732D3E6F 
 346      75745F74 
 347 00a6 5F746172 		.ascii	"_target\000"
 347      67657400 
 348              		.section	.text.__ll_aton_lib_pad_filling_sw,"ax",%progbits
 349              		.align	1
 350              		.syntax unified
 351              		.thumb
 352              		.thumb_func
 354              	__ll_aton_lib_pad_filling_sw:
 355              	.LVL30:
 356              	.LFB363:
 402:../../Middlewares/stedgeai-lib/Npu/ll_aton/ll_aton_lib_sw_operators.c **** 
 403:../../Middlewares/stedgeai-lib/Npu/ll_aton/ll_aton_lib_sw_operators.c **** /* beyond function assumes that input and output tensors are ONNX canonical */
 404:../../Middlewares/stedgeai-lib/Npu/ll_aton/ll_aton_lib_sw_operators.c **** static void __ll_aton_lib_split_onnx_canonical(const LL_Buffer_InfoTypeDef *input,
 405:../../Middlewares/stedgeai-lib/Npu/ll_aton/ll_aton_lib_sw_operators.c ****                                                const LL_Buffer_InfoTypeDef (*outputs)[], int nr_of_
 406:../../Middlewares/stedgeai-lib/Npu/ll_aton/ll_aton_lib_sw_operators.c ****                                                int split_onnx_axis)
 407:../../Middlewares/stedgeai-lib/Npu/ll_aton/ll_aton_lib_sw_operators.c **** {
 408:../../Middlewares/stedgeai-lib/Npu/ll_aton/ll_aton_lib_sw_operators.c ****   int tot_size = LL_Buffer_len(input);
 409:../../Middlewares/stedgeai-lib/Npu/ll_aton/ll_aton_lib_sw_operators.c **** 
 410:../../Middlewares/stedgeai-lib/Npu/ll_aton/ll_aton_lib_sw_operators.c ****   int start = 0;
 411:../../Middlewares/stedgeai-lib/Npu/ll_aton/ll_aton_lib_sw_operators.c ****   int stop = tot_size;
 412:../../Middlewares/stedgeai-lib/Npu/ll_aton/ll_aton_lib_sw_operators.c ****   int jump_base = 1;
 413:../../Middlewares/stedgeai-lib/Npu/ll_aton/ll_aton_lib_sw_operators.c ****   for (int i = split_onnx_axis + 1; i < rank; i++)
 414:../../Middlewares/stedgeai-lib/Npu/ll_aton/ll_aton_lib_sw_operators.c ****     jump_base *= input->shape[i];
 415:../../Middlewares/stedgeai-lib/Npu/ll_aton/ll_aton_lib_sw_operators.c ****   jump_base *= LL_LIB_NBYTES(input->nbits);
 416:../../Middlewares/stedgeai-lib/Npu/ll_aton/ll_aton_lib_sw_operators.c ****   int jump = jump_base * input->shape[split_onnx_axis];
 417:../../Middlewares/stedgeai-lib/Npu/ll_aton/ll_aton_lib_sw_operators.c ****   // LL_ATON_PRINTF("onnx_axis=%d, aton_axis=%d, jump_base=%d, jump=%d\n", split_onnx_axis, aton_ax
 418:../../Middlewares/stedgeai-lib/Npu/ll_aton/ll_aton_lib_sw_operators.c **** 
 419:../../Middlewares/stedgeai-lib/Npu/ll_aton/ll_aton_lib_sw_operators.c ****   for (int i = 0; i < nr_of_outputs; i++)
 420:../../Middlewares/stedgeai-lib/Npu/ll_aton/ll_aton_lib_sw_operators.c ****   {
 421:../../Middlewares/stedgeai-lib/Npu/ll_aton/ll_aton_lib_sw_operators.c ****     int copy_val = (*outputs)[i].shape[split_onnx_axis] * jump_base;
 422:../../Middlewares/stedgeai-lib/Npu/ll_aton/ll_aton_lib_sw_operators.c ****     // LL_ATON_PRINTF("i=%d copy_val=%d\n", i, copy_val);
 423:../../Middlewares/stedgeai-lib/Npu/ll_aton/ll_aton_lib_sw_operators.c **** 
 424:../../Middlewares/stedgeai-lib/Npu/ll_aton/ll_aton_lib_sw_operators.c ****     int source;
 425:../../Middlewares/stedgeai-lib/Npu/ll_aton/ll_aton_lib_sw_operators.c ****     int dest = 0;
 426:../../Middlewares/stedgeai-lib/Npu/ll_aton/ll_aton_lib_sw_operators.c ****     for (source = start; source < stop; source += jump, dest += copy_val)
 427:../../Middlewares/stedgeai-lib/Npu/ll_aton/ll_aton_lib_sw_operators.c ****     {
ARM GAS  /tmp/ccBdscOF.s 			page 25


 428:../../Middlewares/stedgeai-lib/Npu/ll_aton/ll_aton_lib_sw_operators.c ****       // LL_ATON_PRINTF("i=%d, dest=%d, source=%d\n", i, dest, source);
 429:../../Middlewares/stedgeai-lib/Npu/ll_aton/ll_aton_lib_sw_operators.c ****       memcpy(ATON_LIB_PHYSICAL_TO_VIRTUAL_ADDR(LL_Buffer_addr_start((*outputs) + i) + dest),
 430:../../Middlewares/stedgeai-lib/Npu/ll_aton/ll_aton_lib_sw_operators.c ****              ATON_LIB_PHYSICAL_TO_VIRTUAL_ADDR(LL_Buffer_addr_start(input) + source), copy_val);
 431:../../Middlewares/stedgeai-lib/Npu/ll_aton/ll_aton_lib_sw_operators.c ****     }
 432:../../Middlewares/stedgeai-lib/Npu/ll_aton/ll_aton_lib_sw_operators.c ****     start += copy_val;
 433:../../Middlewares/stedgeai-lib/Npu/ll_aton/ll_aton_lib_sw_operators.c ****   }
 434:../../Middlewares/stedgeai-lib/Npu/ll_aton/ll_aton_lib_sw_operators.c **** }
 435:../../Middlewares/stedgeai-lib/Npu/ll_aton/ll_aton_lib_sw_operators.c **** 
 436:../../Middlewares/stedgeai-lib/Npu/ll_aton/ll_aton_lib_sw_operators.c **** /* beyond function assumes that adapted rank is equal to 3, that input tensor is ATON canonical, an
 437:../../Middlewares/stedgeai-lib/Npu/ll_aton/ll_aton_lib_sw_operators.c ****  * is channel */
 438:../../Middlewares/stedgeai-lib/Npu/ll_aton/ll_aton_lib_sw_operators.c **** static void __ll_aton_lib_split_channel_batched(const LL_Buffer_InfoTypeDef *input,
 439:../../Middlewares/stedgeai-lib/Npu/ll_aton/ll_aton_lib_sw_operators.c ****                                                 const LL_Buffer_InfoTypeDef (*outputs)[], uint32_t 
 440:../../Middlewares/stedgeai-lib/Npu/ll_aton/ll_aton_lib_sw_operators.c ****                                                 uint32_t rank, uint32_t split_onnx_axis)
 441:../../Middlewares/stedgeai-lib/Npu/ll_aton/ll_aton_lib_sw_operators.c **** {
 442:../../Middlewares/stedgeai-lib/Npu/ll_aton/ll_aton_lib_sw_operators.c ****   LL_ATON_ASSERT(rank >= 3); // input shape is at least 3-dimensional
 443:../../Middlewares/stedgeai-lib/Npu/ll_aton/ll_aton_lib_sw_operators.c ****   LL_ATON_ASSERT((input->batch == 0) ||
 444:../../Middlewares/stedgeai-lib/Npu/ll_aton/ll_aton_lib_sw_operators.c ****                  (input->batch == input->shape[split_onnx_axis])); // input tensor is ATON canonica
 445:../../Middlewares/stedgeai-lib/Npu/ll_aton/ll_aton_lib_sw_operators.c ****   LL_ATON_ASSERT(split_onnx_axis == (rank - 3));                   // split axis is channel
 446:../../Middlewares/stedgeai-lib/Npu/ll_aton/ll_aton_lib_sw_operators.c **** 
 447:../../Middlewares/stedgeai-lib/Npu/ll_aton/ll_aton_lib_sw_operators.c ****   uint32_t nbytes = LL_LIB_NBYTES(input->nbits);
 448:../../Middlewares/stedgeai-lib/Npu/ll_aton/ll_aton_lib_sw_operators.c ****   uint32_t fheight = input->shape[rank - 2];
 449:../../Middlewares/stedgeai-lib/Npu/ll_aton/ll_aton_lib_sw_operators.c ****   uint32_t fwidth = input->shape[rank - 1];
 450:../../Middlewares/stedgeai-lib/Npu/ll_aton/ll_aton_lib_sw_operators.c ****   uint32_t in_nchannels = input->shape[split_onnx_axis];
 451:../../Middlewares/stedgeai-lib/Npu/ll_aton/ll_aton_lib_sw_operators.c ****   uint32_t batch_offset = in_nchannels * nbytes;
 452:../../Middlewares/stedgeai-lib/Npu/ll_aton/ll_aton_lib_sw_operators.c **** 
 453:../../Middlewares/stedgeai-lib/Npu/ll_aton/ll_aton_lib_sw_operators.c ****   // assuming that all leading dimensions up to channel are equal to 1!
 454:../../Middlewares/stedgeai-lib/Npu/ll_aton/ll_aton_lib_sw_operators.c **** 
 455:../../Middlewares/stedgeai-lib/Npu/ll_aton/ll_aton_lib_sw_operators.c ****   unsigned char *outer_addr = ATON_LIB_PHYSICAL_TO_VIRTUAL_ADDR(LL_Buffer_addr_start(input));
 456:../../Middlewares/stedgeai-lib/Npu/ll_aton/ll_aton_lib_sw_operators.c ****   for (int i = 0; i < nr_of_outputs; i++)
 457:../../Middlewares/stedgeai-lib/Npu/ll_aton/ll_aton_lib_sw_operators.c ****   {
 458:../../Middlewares/stedgeai-lib/Npu/ll_aton/ll_aton_lib_sw_operators.c ****     uint16_t out_batch = (*outputs)[i].batch;
 459:../../Middlewares/stedgeai-lib/Npu/ll_aton/ll_aton_lib_sw_operators.c ****     uint32_t batch_depth_bytes = out_batch * nbytes;
 460:../../Middlewares/stedgeai-lib/Npu/ll_aton/ll_aton_lib_sw_operators.c ****     uint32_t line_offset = in_nchannels * fwidth * nbytes;
 461:../../Middlewares/stedgeai-lib/Npu/ll_aton/ll_aton_lib_sw_operators.c ****     uint32_t loop_offset = out_batch * nbytes;
 462:../../Middlewares/stedgeai-lib/Npu/ll_aton/ll_aton_lib_sw_operators.c ****     uint32_t out_nchannels = (*outputs)[i].shape[split_onnx_axis];
 463:../../Middlewares/stedgeai-lib/Npu/ll_aton/ll_aton_lib_sw_operators.c **** 
 464:../../Middlewares/stedgeai-lib/Npu/ll_aton/ll_aton_lib_sw_operators.c ****     LL_ATON_ASSERT((out_nchannels % out_batch) == 0);
 465:../../Middlewares/stedgeai-lib/Npu/ll_aton/ll_aton_lib_sw_operators.c ****     uint32_t frame_tot_cnt = out_nchannels / out_batch;
 466:../../Middlewares/stedgeai-lib/Npu/ll_aton/ll_aton_lib_sw_operators.c **** 
 467:../../Middlewares/stedgeai-lib/Npu/ll_aton/ll_aton_lib_sw_operators.c ****     unsigned char *output_addr = ATON_LIB_PHYSICAL_TO_VIRTUAL_ADDR(LL_Buffer_addr_start((*outputs) 
 468:../../Middlewares/stedgeai-lib/Npu/ll_aton/ll_aton_lib_sw_operators.c **** 
 469:../../Middlewares/stedgeai-lib/Npu/ll_aton/ll_aton_lib_sw_operators.c ****     /* main loop */
 470:../../Middlewares/stedgeai-lib/Npu/ll_aton/ll_aton_lib_sw_operators.c ****     unsigned char *addr_main_loop = outer_addr;
 471:../../Middlewares/stedgeai-lib/Npu/ll_aton/ll_aton_lib_sw_operators.c ****     for (int j = 0; j < frame_tot_cnt; j++)
 472:../../Middlewares/stedgeai-lib/Npu/ll_aton/ll_aton_lib_sw_operators.c ****     {
 473:../../Middlewares/stedgeai-lib/Npu/ll_aton/ll_aton_lib_sw_operators.c ****       /* repetition loop (just a single iteration => removed) */
 474:../../Middlewares/stedgeai-lib/Npu/ll_aton/ll_aton_lib_sw_operators.c ****       unsigned char *repetition_addr = addr_main_loop;
 475:../../Middlewares/stedgeai-lib/Npu/ll_aton/ll_aton_lib_sw_operators.c **** 
 476:../../Middlewares/stedgeai-lib/Npu/ll_aton/ll_aton_lib_sw_operators.c ****       /* line loop */
 477:../../Middlewares/stedgeai-lib/Npu/ll_aton/ll_aton_lib_sw_operators.c ****       unsigned char *line_addr = repetition_addr;
 478:../../Middlewares/stedgeai-lib/Npu/ll_aton/ll_aton_lib_sw_operators.c ****       for (int x = 0; x < fheight; x++)
 479:../../Middlewares/stedgeai-lib/Npu/ll_aton/ll_aton_lib_sw_operators.c ****       {
 480:../../Middlewares/stedgeai-lib/Npu/ll_aton/ll_aton_lib_sw_operators.c ****         /* batch loop */
 481:../../Middlewares/stedgeai-lib/Npu/ll_aton/ll_aton_lib_sw_operators.c ****         unsigned char *batch_addr = line_addr;
 482:../../Middlewares/stedgeai-lib/Npu/ll_aton/ll_aton_lib_sw_operators.c ****         for (int y = 0; y < fwidth; y++)
 483:../../Middlewares/stedgeai-lib/Npu/ll_aton/ll_aton_lib_sw_operators.c ****         {
 484:../../Middlewares/stedgeai-lib/Npu/ll_aton/ll_aton_lib_sw_operators.c ****           memcpy(output_addr, batch_addr, batch_depth_bytes);
ARM GAS  /tmp/ccBdscOF.s 			page 26


 485:../../Middlewares/stedgeai-lib/Npu/ll_aton/ll_aton_lib_sw_operators.c **** 
 486:../../Middlewares/stedgeai-lib/Npu/ll_aton/ll_aton_lib_sw_operators.c ****           output_addr += batch_depth_bytes;
 487:../../Middlewares/stedgeai-lib/Npu/ll_aton/ll_aton_lib_sw_operators.c ****           batch_addr += batch_offset;
 488:../../Middlewares/stedgeai-lib/Npu/ll_aton/ll_aton_lib_sw_operators.c ****         }
 489:../../Middlewares/stedgeai-lib/Npu/ll_aton/ll_aton_lib_sw_operators.c ****         line_addr += line_offset;
 490:../../Middlewares/stedgeai-lib/Npu/ll_aton/ll_aton_lib_sw_operators.c ****       }
 491:../../Middlewares/stedgeai-lib/Npu/ll_aton/ll_aton_lib_sw_operators.c ****       addr_main_loop += loop_offset;
 492:../../Middlewares/stedgeai-lib/Npu/ll_aton/ll_aton_lib_sw_operators.c ****     }
 493:../../Middlewares/stedgeai-lib/Npu/ll_aton/ll_aton_lib_sw_operators.c ****     outer_addr += out_nchannels * nbytes;
 494:../../Middlewares/stedgeai-lib/Npu/ll_aton/ll_aton_lib_sw_operators.c ****   }
 495:../../Middlewares/stedgeai-lib/Npu/ll_aton/ll_aton_lib_sw_operators.c **** }
 496:../../Middlewares/stedgeai-lib/Npu/ll_aton/ll_aton_lib_sw_operators.c **** 
 497:../../Middlewares/stedgeai-lib/Npu/ll_aton/ll_aton_lib_sw_operators.c **** typedef enum
 498:../../Middlewares/stedgeai-lib/Npu/ll_aton/ll_aton_lib_sw_operators.c **** { // MUST be the same as in the AtoNN compiler (file: `code_gen_info.h`)
 499:../../Middlewares/stedgeai-lib/Npu/ll_aton/ll_aton_lib_sw_operators.c ****   SW_PURE_CANONICAL = 0,
 500:../../Middlewares/stedgeai-lib/Npu/ll_aton/ll_aton_lib_sw_operators.c ****   HYBRID_CHANNEL_ATON = 1,
 501:../../Middlewares/stedgeai-lib/Npu/ll_aton/ll_aton_lib_sw_operators.c ****   SW_CHANNEL_ATON = 2,
 502:../../Middlewares/stedgeai-lib/Npu/ll_aton/ll_aton_lib_sw_operators.c ****   HYBRID_CHANNEL_BATCHED = 3,
 503:../../Middlewares/stedgeai-lib/Npu/ll_aton/ll_aton_lib_sw_operators.c ****   SW_CHANNEL_BATCHED = 4,
 504:../../Middlewares/stedgeai-lib/Npu/ll_aton/ll_aton_lib_sw_operators.c ****   DMA_CHANNEL_UNIFORM = 5,
 505:../../Middlewares/stedgeai-lib/Npu/ll_aton/ll_aton_lib_sw_operators.c ****   SW_CHANNEL_UNIFORM = 6,
 506:../../Middlewares/stedgeai-lib/Npu/ll_aton/ll_aton_lib_sw_operators.c ****   DMA_FLAT_CANONICAL = 7,
 507:../../Middlewares/stedgeai-lib/Npu/ll_aton/ll_aton_lib_sw_operators.c ****   SW_FLAT_CANONICAL = 8,
 508:../../Middlewares/stedgeai-lib/Npu/ll_aton/ll_aton_lib_sw_operators.c ****   DMA_FLAT_BATCHED = 9,
 509:../../Middlewares/stedgeai-lib/Npu/ll_aton/ll_aton_lib_sw_operators.c ****   SW_FLAT_BATCHED = 10,
 510:../../Middlewares/stedgeai-lib/Npu/ll_aton/ll_aton_lib_sw_operators.c ****   DMA_FLAT_MCD = 11,
 511:../../Middlewares/stedgeai-lib/Npu/ll_aton/ll_aton_lib_sw_operators.c ****   SW_FLAT_MCD = 12,
 512:../../Middlewares/stedgeai-lib/Npu/ll_aton/ll_aton_lib_sw_operators.c **** } _split_cases_t;
 513:../../Middlewares/stedgeai-lib/Npu/ll_aton/ll_aton_lib_sw_operators.c **** 
 514:../../Middlewares/stedgeai-lib/Npu/ll_aton/ll_aton_lib_sw_operators.c **** int LL_ATON_LIB_Split(const LL_Buffer_InfoTypeDef *input, bool aton_canonical, const LL_Buffer_Info
 515:../../Middlewares/stedgeai-lib/Npu/ll_aton/ll_aton_lib_sw_operators.c ****                       uint32_t noutputs, uint32_t rank, uint32_t split_onnx_axis, uint32_t leading_
 516:../../Middlewares/stedgeai-lib/Npu/ll_aton/ll_aton_lib_sw_operators.c ****                       int dma_in, int dma_out)
 517:../../Middlewares/stedgeai-lib/Npu/ll_aton/ll_aton_lib_sw_operators.c **** {
 518:../../Middlewares/stedgeai-lib/Npu/ll_aton/ll_aton_lib_sw_operators.c ****   if (split_onnx_axis >= rank)
 519:../../Middlewares/stedgeai-lib/Npu/ll_aton/ll_aton_lib_sw_operators.c ****   {
 520:../../Middlewares/stedgeai-lib/Npu/ll_aton/ll_aton_lib_sw_operators.c ****     __LL_LIB_ERROR(_ERR_AXIS, LL_ATON_INVALID_PARAM);
 521:../../Middlewares/stedgeai-lib/Npu/ll_aton/ll_aton_lib_sw_operators.c ****   }
 522:../../Middlewares/stedgeai-lib/Npu/ll_aton/ll_aton_lib_sw_operators.c **** 
 523:../../Middlewares/stedgeai-lib/Npu/ll_aton/ll_aton_lib_sw_operators.c ****   if (input->ndims != rank)
 524:../../Middlewares/stedgeai-lib/Npu/ll_aton/ll_aton_lib_sw_operators.c ****   {
 525:../../Middlewares/stedgeai-lib/Npu/ll_aton/ll_aton_lib_sw_operators.c ****     __LL_LIB_ERROR(_ERR_RANK, LL_ATON_INVALID_PARAM);
 526:../../Middlewares/stedgeai-lib/Npu/ll_aton/ll_aton_lib_sw_operators.c ****   }
 527:../../Middlewares/stedgeai-lib/Npu/ll_aton/ll_aton_lib_sw_operators.c **** 
 528:../../Middlewares/stedgeai-lib/Npu/ll_aton/ll_aton_lib_sw_operators.c ****   if (input->ndims != (*outputs)[0].ndims)
 529:../../Middlewares/stedgeai-lib/Npu/ll_aton/ll_aton_lib_sw_operators.c ****   {
 530:../../Middlewares/stedgeai-lib/Npu/ll_aton/ll_aton_lib_sw_operators.c ****     __LL_LIB_ERROR(_ERR_RANK, LL_ATON_INVALID_PARAM);
 531:../../Middlewares/stedgeai-lib/Npu/ll_aton/ll_aton_lib_sw_operators.c ****   }
 532:../../Middlewares/stedgeai-lib/Npu/ll_aton/ll_aton_lib_sw_operators.c **** 
 533:../../Middlewares/stedgeai-lib/Npu/ll_aton/ll_aton_lib_sw_operators.c ****   if (input->nbits != (*outputs)[0].nbits)
 534:../../Middlewares/stedgeai-lib/Npu/ll_aton/ll_aton_lib_sw_operators.c ****   { // TODO: should we support this?
 535:../../Middlewares/stedgeai-lib/Npu/ll_aton/ll_aton_lib_sw_operators.c ****     __LL_LIB_ERROR(_ERR_NBITS, LL_ATON_INVALID_PARAM);
 536:../../Middlewares/stedgeai-lib/Npu/ll_aton/ll_aton_lib_sw_operators.c ****   }
 537:../../Middlewares/stedgeai-lib/Npu/ll_aton/ll_aton_lib_sw_operators.c **** 
 538:../../Middlewares/stedgeai-lib/Npu/ll_aton/ll_aton_lib_sw_operators.c ****   if ((input->nbits < 8) || (input->nbits > 32))
 539:../../Middlewares/stedgeai-lib/Npu/ll_aton/ll_aton_lib_sw_operators.c ****   {
 540:../../Middlewares/stedgeai-lib/Npu/ll_aton/ll_aton_lib_sw_operators.c ****     __LL_LIB_ERROR(_ERR_NBITS, LL_ATON_INVALID_PARAM);
 541:../../Middlewares/stedgeai-lib/Npu/ll_aton/ll_aton_lib_sw_operators.c ****   }
ARM GAS  /tmp/ccBdscOF.s 			page 27


 542:../../Middlewares/stedgeai-lib/Npu/ll_aton/ll_aton_lib_sw_operators.c **** 
 543:../../Middlewares/stedgeai-lib/Npu/ll_aton/ll_aton_lib_sw_operators.c ****   if ((rank == 0) || (noutputs < 1))
 544:../../Middlewares/stedgeai-lib/Npu/ll_aton/ll_aton_lib_sw_operators.c ****     return LL_ATON_OK; // in case ONNX was out of specs
 545:../../Middlewares/stedgeai-lib/Npu/ll_aton/ll_aton_lib_sw_operators.c **** 
 546:../../Middlewares/stedgeai-lib/Npu/ll_aton/ll_aton_lib_sw_operators.c ****   switch (split_case)
 547:../../Middlewares/stedgeai-lib/Npu/ll_aton/ll_aton_lib_sw_operators.c ****   {
 548:../../Middlewares/stedgeai-lib/Npu/ll_aton/ll_aton_lib_sw_operators.c ****   case SW_PURE_CANONICAL:
 549:../../Middlewares/stedgeai-lib/Npu/ll_aton/ll_aton_lib_sw_operators.c ****   {
 550:../../Middlewares/stedgeai-lib/Npu/ll_aton/ll_aton_lib_sw_operators.c ****     LL_ATON_ASSERT(dma_in == -1);
 551:../../Middlewares/stedgeai-lib/Npu/ll_aton/ll_aton_lib_sw_operators.c ****     LL_ATON_ASSERT(dma_out == -1);
 552:../../Middlewares/stedgeai-lib/Npu/ll_aton/ll_aton_lib_sw_operators.c **** 
 553:../../Middlewares/stedgeai-lib/Npu/ll_aton/ll_aton_lib_sw_operators.c ****     if (aton_canonical)
 554:../../Middlewares/stedgeai-lib/Npu/ll_aton/ll_aton_lib_sw_operators.c ****     {
 555:../../Middlewares/stedgeai-lib/Npu/ll_aton/ll_aton_lib_sw_operators.c ****       __ll_aton_lib_split_aton_canonical(input, outputs, noutputs, rank, split_onnx_axis);
 556:../../Middlewares/stedgeai-lib/Npu/ll_aton/ll_aton_lib_sw_operators.c ****     }
 557:../../Middlewares/stedgeai-lib/Npu/ll_aton/ll_aton_lib_sw_operators.c ****     else
 558:../../Middlewares/stedgeai-lib/Npu/ll_aton/ll_aton_lib_sw_operators.c ****     {
 559:../../Middlewares/stedgeai-lib/Npu/ll_aton/ll_aton_lib_sw_operators.c ****       __ll_aton_lib_split_onnx_canonical(input, outputs, noutputs, rank, split_onnx_axis);
 560:../../Middlewares/stedgeai-lib/Npu/ll_aton/ll_aton_lib_sw_operators.c ****     }
 561:../../Middlewares/stedgeai-lib/Npu/ll_aton/ll_aton_lib_sw_operators.c ****   }
 562:../../Middlewares/stedgeai-lib/Npu/ll_aton/ll_aton_lib_sw_operators.c ****   break;
 563:../../Middlewares/stedgeai-lib/Npu/ll_aton/ll_aton_lib_sw_operators.c ****   case SW_CHANNEL_ATON:
 564:../../Middlewares/stedgeai-lib/Npu/ll_aton/ll_aton_lib_sw_operators.c ****     LL_ATON_ASSERT(dma_in == -1);
 565:../../Middlewares/stedgeai-lib/Npu/ll_aton/ll_aton_lib_sw_operators.c ****     LL_ATON_ASSERT(dma_out == -1);
 566:../../Middlewares/stedgeai-lib/Npu/ll_aton/ll_aton_lib_sw_operators.c ****   case HYBRID_CHANNEL_ATON:
 567:../../Middlewares/stedgeai-lib/Npu/ll_aton/ll_aton_lib_sw_operators.c ****   {
 568:../../Middlewares/stedgeai-lib/Npu/ll_aton/ll_aton_lib_sw_operators.c ****     if (!aton_canonical)
 569:../../Middlewares/stedgeai-lib/Npu/ll_aton/ll_aton_lib_sw_operators.c ****     {
 570:../../Middlewares/stedgeai-lib/Npu/ll_aton/ll_aton_lib_sw_operators.c ****       __LL_LIB_ERROR(_ERR_SHAPE, LL_ATON_INVALID_PARAM);
 571:../../Middlewares/stedgeai-lib/Npu/ll_aton/ll_aton_lib_sw_operators.c ****     }
 572:../../Middlewares/stedgeai-lib/Npu/ll_aton/ll_aton_lib_sw_operators.c **** 
 573:../../Middlewares/stedgeai-lib/Npu/ll_aton/ll_aton_lib_sw_operators.c ****     if ((noutputs > __LL_MAX_TENSORS) || (split_case == SW_CHANNEL_ATON))
 574:../../Middlewares/stedgeai-lib/Npu/ll_aton/ll_aton_lib_sw_operators.c ****     {
 575:../../Middlewares/stedgeai-lib/Npu/ll_aton/ll_aton_lib_sw_operators.c ****       __ll_aton_lib_split_aton_canonical(input, outputs, noutputs, rank, split_onnx_axis);
 576:../../Middlewares/stedgeai-lib/Npu/ll_aton/ll_aton_lib_sw_operators.c ****     }
 577:../../Middlewares/stedgeai-lib/Npu/ll_aton/ll_aton_lib_sw_operators.c ****     else
 578:../../Middlewares/stedgeai-lib/Npu/ll_aton/ll_aton_lib_sw_operators.c ****     {
 579:../../Middlewares/stedgeai-lib/Npu/ll_aton/ll_aton_lib_sw_operators.c ****       LL_ATON_ASSERT(dma_in != -1);
 580:../../Middlewares/stedgeai-lib/Npu/ll_aton/ll_aton_lib_sw_operators.c ****       LL_ATON_ASSERT(dma_out != -1);
 581:../../Middlewares/stedgeai-lib/Npu/ll_aton/ll_aton_lib_sw_operators.c **** 
 582:../../Middlewares/stedgeai-lib/Npu/ll_aton/ll_aton_lib_sw_operators.c ****       LL_ATON_LIB_DMA_Outputs_Channel_Split_Aton(input, (const LL_Buffer_InfoTypeDef *)outputs, nou
 583:../../Middlewares/stedgeai-lib/Npu/ll_aton/ll_aton_lib_sw_operators.c ****                                                  dma_in, dma_out);
 584:../../Middlewares/stedgeai-lib/Npu/ll_aton/ll_aton_lib_sw_operators.c ****     }
 585:../../Middlewares/stedgeai-lib/Npu/ll_aton/ll_aton_lib_sw_operators.c ****   }
 586:../../Middlewares/stedgeai-lib/Npu/ll_aton/ll_aton_lib_sw_operators.c ****   break;
 587:../../Middlewares/stedgeai-lib/Npu/ll_aton/ll_aton_lib_sw_operators.c ****   case SW_CHANNEL_BATCHED:
 588:../../Middlewares/stedgeai-lib/Npu/ll_aton/ll_aton_lib_sw_operators.c ****     LL_ATON_ASSERT(dma_in == -1);
 589:../../Middlewares/stedgeai-lib/Npu/ll_aton/ll_aton_lib_sw_operators.c ****     LL_ATON_ASSERT(dma_out == -1);
 590:../../Middlewares/stedgeai-lib/Npu/ll_aton/ll_aton_lib_sw_operators.c ****   case HYBRID_CHANNEL_BATCHED:
 591:../../Middlewares/stedgeai-lib/Npu/ll_aton/ll_aton_lib_sw_operators.c ****   {
 592:../../Middlewares/stedgeai-lib/Npu/ll_aton/ll_aton_lib_sw_operators.c ****     if (!aton_canonical)
 593:../../Middlewares/stedgeai-lib/Npu/ll_aton/ll_aton_lib_sw_operators.c ****     {
 594:../../Middlewares/stedgeai-lib/Npu/ll_aton/ll_aton_lib_sw_operators.c ****       __LL_LIB_ERROR(_ERR_SHAPE, LL_ATON_INVALID_PARAM);
 595:../../Middlewares/stedgeai-lib/Npu/ll_aton/ll_aton_lib_sw_operators.c ****     }
 596:../../Middlewares/stedgeai-lib/Npu/ll_aton/ll_aton_lib_sw_operators.c **** 
 597:../../Middlewares/stedgeai-lib/Npu/ll_aton/ll_aton_lib_sw_operators.c ****     if ((noutputs > __LL_MAX_TENSORS) || (split_case == SW_CHANNEL_BATCHED))
 598:../../Middlewares/stedgeai-lib/Npu/ll_aton/ll_aton_lib_sw_operators.c ****     {
ARM GAS  /tmp/ccBdscOF.s 			page 28


 599:../../Middlewares/stedgeai-lib/Npu/ll_aton/ll_aton_lib_sw_operators.c ****       __ll_aton_lib_split_channel_batched(input, outputs, noutputs, rank, split_onnx_axis);
 600:../../Middlewares/stedgeai-lib/Npu/ll_aton/ll_aton_lib_sw_operators.c ****     }
 601:../../Middlewares/stedgeai-lib/Npu/ll_aton/ll_aton_lib_sw_operators.c ****     else
 602:../../Middlewares/stedgeai-lib/Npu/ll_aton/ll_aton_lib_sw_operators.c ****     {
 603:../../Middlewares/stedgeai-lib/Npu/ll_aton/ll_aton_lib_sw_operators.c ****       LL_ATON_ASSERT(dma_in != -1);
 604:../../Middlewares/stedgeai-lib/Npu/ll_aton/ll_aton_lib_sw_operators.c ****       LL_ATON_ASSERT(dma_out != -1);
 605:../../Middlewares/stedgeai-lib/Npu/ll_aton/ll_aton_lib_sw_operators.c **** 
 606:../../Middlewares/stedgeai-lib/Npu/ll_aton/ll_aton_lib_sw_operators.c ****       LL_ATON_LIB_DMA_Outputs_Channel_Split_Batched(input, (const LL_Buffer_InfoTypeDef *)outputs, 
 607:../../Middlewares/stedgeai-lib/Npu/ll_aton/ll_aton_lib_sw_operators.c ****                                                     dma_out);
 608:../../Middlewares/stedgeai-lib/Npu/ll_aton/ll_aton_lib_sw_operators.c ****     }
 609:../../Middlewares/stedgeai-lib/Npu/ll_aton/ll_aton_lib_sw_operators.c ****   }
 610:../../Middlewares/stedgeai-lib/Npu/ll_aton/ll_aton_lib_sw_operators.c ****   break;
 611:../../Middlewares/stedgeai-lib/Npu/ll_aton/ll_aton_lib_sw_operators.c ****   case SW_FLAT_CANONICAL:
 612:../../Middlewares/stedgeai-lib/Npu/ll_aton/ll_aton_lib_sw_operators.c ****   case SW_FLAT_BATCHED:
 613:../../Middlewares/stedgeai-lib/Npu/ll_aton/ll_aton_lib_sw_operators.c ****   case SW_CHANNEL_UNIFORM:
 614:../../Middlewares/stedgeai-lib/Npu/ll_aton/ll_aton_lib_sw_operators.c ****   case SW_FLAT_MCD:
 615:../../Middlewares/stedgeai-lib/Npu/ll_aton/ll_aton_lib_sw_operators.c ****     LL_ATON_ASSERT(dma_in == -1);
 616:../../Middlewares/stedgeai-lib/Npu/ll_aton/ll_aton_lib_sw_operators.c ****     LL_ATON_ASSERT(dma_out == -1);
 617:../../Middlewares/stedgeai-lib/Npu/ll_aton/ll_aton_lib_sw_operators.c ****   case DMA_FLAT_CANONICAL:
 618:../../Middlewares/stedgeai-lib/Npu/ll_aton/ll_aton_lib_sw_operators.c ****   case DMA_FLAT_BATCHED:
 619:../../Middlewares/stedgeai-lib/Npu/ll_aton/ll_aton_lib_sw_operators.c ****   case DMA_CHANNEL_UNIFORM:
 620:../../Middlewares/stedgeai-lib/Npu/ll_aton/ll_aton_lib_sw_operators.c ****   case DMA_FLAT_MCD:
 621:../../Middlewares/stedgeai-lib/Npu/ll_aton/ll_aton_lib_sw_operators.c ****   {
 622:../../Middlewares/stedgeai-lib/Npu/ll_aton/ll_aton_lib_sw_operators.c ****     if ((noutputs > __LL_MAX_TENSORS) || (split_case == SW_FLAT_CANONICAL) || (split_case == SW_FLA
 623:../../Middlewares/stedgeai-lib/Npu/ll_aton/ll_aton_lib_sw_operators.c ****         (split_case == SW_CHANNEL_UNIFORM) || (split_case == SW_FLAT_MCD))
 624:../../Middlewares/stedgeai-lib/Npu/ll_aton/ll_aton_lib_sw_operators.c ****     {
 625:../../Middlewares/stedgeai-lib/Npu/ll_aton/ll_aton_lib_sw_operators.c ****       return __ll_aton_lib_sw_outputs_flat_copy(input, outputs, noutputs);
 626:../../Middlewares/stedgeai-lib/Npu/ll_aton/ll_aton_lib_sw_operators.c ****     }
 627:../../Middlewares/stedgeai-lib/Npu/ll_aton/ll_aton_lib_sw_operators.c ****     else
 628:../../Middlewares/stedgeai-lib/Npu/ll_aton/ll_aton_lib_sw_operators.c ****     {
 629:../../Middlewares/stedgeai-lib/Npu/ll_aton/ll_aton_lib_sw_operators.c ****       LL_ATON_ASSERT(dma_in != -1);
 630:../../Middlewares/stedgeai-lib/Npu/ll_aton/ll_aton_lib_sw_operators.c ****       LL_ATON_ASSERT(dma_out != -1);
 631:../../Middlewares/stedgeai-lib/Npu/ll_aton/ll_aton_lib_sw_operators.c **** 
 632:../../Middlewares/stedgeai-lib/Npu/ll_aton/ll_aton_lib_sw_operators.c ****       LL_ATON_LIB_DMA_Outputs_Flat_Copy(input, (const LL_Buffer_InfoTypeDef *)outputs, noutputs, dm
 633:../../Middlewares/stedgeai-lib/Npu/ll_aton/ll_aton_lib_sw_operators.c ****     }
 634:../../Middlewares/stedgeai-lib/Npu/ll_aton/ll_aton_lib_sw_operators.c ****   }
 635:../../Middlewares/stedgeai-lib/Npu/ll_aton/ll_aton_lib_sw_operators.c ****   break;
 636:../../Middlewares/stedgeai-lib/Npu/ll_aton/ll_aton_lib_sw_operators.c ****   default:
 637:../../Middlewares/stedgeai-lib/Npu/ll_aton/ll_aton_lib_sw_operators.c ****     LL_ATON_ASSERT(false);
 638:../../Middlewares/stedgeai-lib/Npu/ll_aton/ll_aton_lib_sw_operators.c ****     break;
 639:../../Middlewares/stedgeai-lib/Npu/ll_aton/ll_aton_lib_sw_operators.c ****   }
 640:../../Middlewares/stedgeai-lib/Npu/ll_aton/ll_aton_lib_sw_operators.c **** 
 641:../../Middlewares/stedgeai-lib/Npu/ll_aton/ll_aton_lib_sw_operators.c ****   return LL_ATON_OK;
 642:../../Middlewares/stedgeai-lib/Npu/ll_aton/ll_aton_lib_sw_operators.c **** }
 643:../../Middlewares/stedgeai-lib/Npu/ll_aton/ll_aton_lib_sw_operators.c **** 
 644:../../Middlewares/stedgeai-lib/Npu/ll_aton/ll_aton_lib_sw_operators.c **** int LL_ATON_LIB_SW_SpaceToDepth(const LL_Buffer_InfoTypeDef *input, const uint32_t *input_axes_offs
 645:../../Middlewares/stedgeai-lib/Npu/ll_aton/ll_aton_lib_sw_operators.c ****                                 const LL_Buffer_InfoTypeDef *output, const uint32_t *output_axes_of
 646:../../Middlewares/stedgeai-lib/Npu/ll_aton/ll_aton_lib_sw_operators.c ****                                 uint32_t bs_w)
 647:../../Middlewares/stedgeai-lib/Npu/ll_aton/ll_aton_lib_sw_operators.c **** {
 648:../../Middlewares/stedgeai-lib/Npu/ll_aton/ll_aton_lib_sw_operators.c ****   if (input->ndims != 4)
 649:../../Middlewares/stedgeai-lib/Npu/ll_aton/ll_aton_lib_sw_operators.c ****   {
 650:../../Middlewares/stedgeai-lib/Npu/ll_aton/ll_aton_lib_sw_operators.c ****     __LL_LIB_ERROR(_ERR_RANK, LL_ATON_INVALID_PARAM);
 651:../../Middlewares/stedgeai-lib/Npu/ll_aton/ll_aton_lib_sw_operators.c ****   }
 652:../../Middlewares/stedgeai-lib/Npu/ll_aton/ll_aton_lib_sw_operators.c **** 
 653:../../Middlewares/stedgeai-lib/Npu/ll_aton/ll_aton_lib_sw_operators.c ****   if (output->ndims != 4)
 654:../../Middlewares/stedgeai-lib/Npu/ll_aton/ll_aton_lib_sw_operators.c ****   {
 655:../../Middlewares/stedgeai-lib/Npu/ll_aton/ll_aton_lib_sw_operators.c ****     __LL_LIB_ERROR(_ERR_RANK, LL_ATON_INVALID_PARAM);
ARM GAS  /tmp/ccBdscOF.s 			page 29


 656:../../Middlewares/stedgeai-lib/Npu/ll_aton/ll_aton_lib_sw_operators.c ****   }
 657:../../Middlewares/stedgeai-lib/Npu/ll_aton/ll_aton_lib_sw_operators.c **** 
 658:../../Middlewares/stedgeai-lib/Npu/ll_aton/ll_aton_lib_sw_operators.c ****   if (input->nbits != output->nbits)
 659:../../Middlewares/stedgeai-lib/Npu/ll_aton/ll_aton_lib_sw_operators.c ****   {
 660:../../Middlewares/stedgeai-lib/Npu/ll_aton/ll_aton_lib_sw_operators.c ****     __LL_LIB_ERROR(_ERR_NBITS, LL_ATON_INVALID_PARAM);
 661:../../Middlewares/stedgeai-lib/Npu/ll_aton/ll_aton_lib_sw_operators.c ****   }
 662:../../Middlewares/stedgeai-lib/Npu/ll_aton/ll_aton_lib_sw_operators.c **** 
 663:../../Middlewares/stedgeai-lib/Npu/ll_aton/ll_aton_lib_sw_operators.c ****   if ((input->nbits < 8) || (input->nbits > 32))
 664:../../Middlewares/stedgeai-lib/Npu/ll_aton/ll_aton_lib_sw_operators.c ****   {
 665:../../Middlewares/stedgeai-lib/Npu/ll_aton/ll_aton_lib_sw_operators.c ****     __LL_LIB_ERROR(_ERR_NBITS, LL_ATON_INVALID_PARAM);
 666:../../Middlewares/stedgeai-lib/Npu/ll_aton/ll_aton_lib_sw_operators.c ****   }
 667:../../Middlewares/stedgeai-lib/Npu/ll_aton/ll_aton_lib_sw_operators.c **** 
 668:../../Middlewares/stedgeai-lib/Npu/ll_aton/ll_aton_lib_sw_operators.c ****   uint32_t N = input->shape[0];
 669:../../Middlewares/stedgeai-lib/Npu/ll_aton/ll_aton_lib_sw_operators.c ****   uint32_t C = input->shape[1];
 670:../../Middlewares/stedgeai-lib/Npu/ll_aton/ll_aton_lib_sw_operators.c ****   uint32_t H = input->shape[2];
 671:../../Middlewares/stedgeai-lib/Npu/ll_aton/ll_aton_lib_sw_operators.c ****   uint32_t W = input->shape[3];
 672:../../Middlewares/stedgeai-lib/Npu/ll_aton/ll_aton_lib_sw_operators.c **** 
 673:../../Middlewares/stedgeai-lib/Npu/ll_aton/ll_aton_lib_sw_operators.c ****   int8_t *in_base = (int8_t *)LL_Buffer_addr_start(input);
 674:../../Middlewares/stedgeai-lib/Npu/ll_aton/ll_aton_lib_sw_operators.c ****   int8_t *out_base = (int8_t *)LL_Buffer_addr_start(output);
 675:../../Middlewares/stedgeai-lib/Npu/ll_aton/ll_aton_lib_sw_operators.c **** 
 676:../../Middlewares/stedgeai-lib/Npu/ll_aton/ll_aton_lib_sw_operators.c ****   uint32_t output_tensor_offset_0 = output_axes_offsets[0];
 677:../../Middlewares/stedgeai-lib/Npu/ll_aton/ll_aton_lib_sw_operators.c ****   uint32_t output_tensor_offset_1 = output_axes_offsets[1];
 678:../../Middlewares/stedgeai-lib/Npu/ll_aton/ll_aton_lib_sw_operators.c ****   uint32_t output_tensor_offset_2 = output_axes_offsets[2];
 679:../../Middlewares/stedgeai-lib/Npu/ll_aton/ll_aton_lib_sw_operators.c ****   uint32_t output_tensor_offset_3 = output_axes_offsets[3];
 680:../../Middlewares/stedgeai-lib/Npu/ll_aton/ll_aton_lib_sw_operators.c **** 
 681:../../Middlewares/stedgeai-lib/Npu/ll_aton/ll_aton_lib_sw_operators.c ****   uint32_t input_tensor_offset_0 = input_axes_offsets[0];
 682:../../Middlewares/stedgeai-lib/Npu/ll_aton/ll_aton_lib_sw_operators.c ****   uint32_t input_tensor_offset_1 = input_axes_offsets[1];
 683:../../Middlewares/stedgeai-lib/Npu/ll_aton/ll_aton_lib_sw_operators.c ****   uint32_t input_tensor_offset_2 = input_axes_offsets[2];
 684:../../Middlewares/stedgeai-lib/Npu/ll_aton/ll_aton_lib_sw_operators.c ****   uint32_t input_tensor_offset_3 = input_axes_offsets[3];
 685:../../Middlewares/stedgeai-lib/Npu/ll_aton/ll_aton_lib_sw_operators.c **** 
 686:../../Middlewares/stedgeai-lib/Npu/ll_aton/ll_aton_lib_sw_operators.c ****   for (uint32_t n = 0; n < N; n++)
 687:../../Middlewares/stedgeai-lib/Npu/ll_aton/ll_aton_lib_sw_operators.c ****   {
 688:../../Middlewares/stedgeai-lib/Npu/ll_aton/ll_aton_lib_sw_operators.c ****     for (uint32_t c = 0; c < C; c++)
 689:../../Middlewares/stedgeai-lib/Npu/ll_aton/ll_aton_lib_sw_operators.c ****     {
 690:../../Middlewares/stedgeai-lib/Npu/ll_aton/ll_aton_lib_sw_operators.c ****       for (uint32_t h = 0; h < H; h++)
 691:../../Middlewares/stedgeai-lib/Npu/ll_aton/ll_aton_lib_sw_operators.c ****       {
 692:../../Middlewares/stedgeai-lib/Npu/ll_aton/ll_aton_lib_sw_operators.c ****         for (uint32_t w = 0; w < W; w++)
 693:../../Middlewares/stedgeai-lib/Npu/ll_aton/ll_aton_lib_sw_operators.c ****         {
 694:../../Middlewares/stedgeai-lib/Npu/ll_aton/ll_aton_lib_sw_operators.c ****           uint32_t h_rem = h % bs_h;
 695:../../Middlewares/stedgeai-lib/Npu/ll_aton/ll_aton_lib_sw_operators.c ****           uint32_t w_rem = w % bs_w;
 696:../../Middlewares/stedgeai-lib/Npu/ll_aton/ll_aton_lib_sw_operators.c ****           uint32_t out_c = c + (((h_rem * bs_w) + w_rem) * C);
 697:../../Middlewares/stedgeai-lib/Npu/ll_aton/ll_aton_lib_sw_operators.c ****           uint32_t out_h = (h / bs_h);
 698:../../Middlewares/stedgeai-lib/Npu/ll_aton/ll_aton_lib_sw_operators.c ****           uint32_t out_w = (w / bs_w);
 699:../../Middlewares/stedgeai-lib/Npu/ll_aton/ll_aton_lib_sw_operators.c **** 
 700:../../Middlewares/stedgeai-lib/Npu/ll_aton/ll_aton_lib_sw_operators.c ****           int8_t *out_target = out_base + __ll_aton_lib_calc_offset(n, out_c, out_h, out_w, output_
 701:../../Middlewares/stedgeai-lib/Npu/ll_aton/ll_aton_lib_sw_operators.c ****                                                                     output_tensor_offset_1, output_
 702:../../Middlewares/stedgeai-lib/Npu/ll_aton/ll_aton_lib_sw_operators.c ****                                                                     output_tensor_offset_3);
 703:../../Middlewares/stedgeai-lib/Npu/ll_aton/ll_aton_lib_sw_operators.c ****           int8_t *in_target =
 704:../../Middlewares/stedgeai-lib/Npu/ll_aton/ll_aton_lib_sw_operators.c ****               in_base + __ll_aton_lib_calc_offset(n, c, h, w, input_tensor_offset_0, input_tensor_o
 705:../../Middlewares/stedgeai-lib/Npu/ll_aton/ll_aton_lib_sw_operators.c ****                                                   input_tensor_offset_2, input_tensor_offset_3);
 706:../../Middlewares/stedgeai-lib/Npu/ll_aton/ll_aton_lib_sw_operators.c **** 
 707:../../Middlewares/stedgeai-lib/Npu/ll_aton/ll_aton_lib_sw_operators.c ****           __ll_aton_lib_copy_element(LL_LIB_NBYTES(input->nbits), -1, out_target, in_target);
 708:../../Middlewares/stedgeai-lib/Npu/ll_aton/ll_aton_lib_sw_operators.c ****         }
 709:../../Middlewares/stedgeai-lib/Npu/ll_aton/ll_aton_lib_sw_operators.c ****       }
 710:../../Middlewares/stedgeai-lib/Npu/ll_aton/ll_aton_lib_sw_operators.c ****     }
 711:../../Middlewares/stedgeai-lib/Npu/ll_aton/ll_aton_lib_sw_operators.c ****   }
 712:../../Middlewares/stedgeai-lib/Npu/ll_aton/ll_aton_lib_sw_operators.c **** 
ARM GAS  /tmp/ccBdscOF.s 			page 30


 713:../../Middlewares/stedgeai-lib/Npu/ll_aton/ll_aton_lib_sw_operators.c ****   return LL_ATON_OK;
 714:../../Middlewares/stedgeai-lib/Npu/ll_aton/ll_aton_lib_sw_operators.c **** }
 715:../../Middlewares/stedgeai-lib/Npu/ll_aton/ll_aton_lib_sw_operators.c **** 
 716:../../Middlewares/stedgeai-lib/Npu/ll_aton/ll_aton_lib_sw_operators.c **** int LL_ATON_LIB_SW_DepthToSpace(const LL_Buffer_InfoTypeDef *input, const uint32_t *input_axes_offs
 717:../../Middlewares/stedgeai-lib/Npu/ll_aton/ll_aton_lib_sw_operators.c ****                                 const LL_Buffer_InfoTypeDef *output, const uint32_t *output_axes_of
 718:../../Middlewares/stedgeai-lib/Npu/ll_aton/ll_aton_lib_sw_operators.c ****                                 uint32_t bs_w, uint32_t mode)
 719:../../Middlewares/stedgeai-lib/Npu/ll_aton/ll_aton_lib_sw_operators.c **** {
 720:../../Middlewares/stedgeai-lib/Npu/ll_aton/ll_aton_lib_sw_operators.c ****   if (input->ndims != 4)
 721:../../Middlewares/stedgeai-lib/Npu/ll_aton/ll_aton_lib_sw_operators.c ****   {
 722:../../Middlewares/stedgeai-lib/Npu/ll_aton/ll_aton_lib_sw_operators.c ****     __LL_LIB_ERROR(_ERR_RANK, LL_ATON_INVALID_PARAM);
 723:../../Middlewares/stedgeai-lib/Npu/ll_aton/ll_aton_lib_sw_operators.c ****   }
 724:../../Middlewares/stedgeai-lib/Npu/ll_aton/ll_aton_lib_sw_operators.c **** 
 725:../../Middlewares/stedgeai-lib/Npu/ll_aton/ll_aton_lib_sw_operators.c ****   if (output->ndims != 4)
 726:../../Middlewares/stedgeai-lib/Npu/ll_aton/ll_aton_lib_sw_operators.c ****   {
 727:../../Middlewares/stedgeai-lib/Npu/ll_aton/ll_aton_lib_sw_operators.c ****     __LL_LIB_ERROR(_ERR_RANK, LL_ATON_INVALID_PARAM);
 728:../../Middlewares/stedgeai-lib/Npu/ll_aton/ll_aton_lib_sw_operators.c ****   }
 729:../../Middlewares/stedgeai-lib/Npu/ll_aton/ll_aton_lib_sw_operators.c **** 
 730:../../Middlewares/stedgeai-lib/Npu/ll_aton/ll_aton_lib_sw_operators.c ****   if (input->nbits != output->nbits)
 731:../../Middlewares/stedgeai-lib/Npu/ll_aton/ll_aton_lib_sw_operators.c ****   {
 732:../../Middlewares/stedgeai-lib/Npu/ll_aton/ll_aton_lib_sw_operators.c ****     __LL_LIB_ERROR(_ERR_NBITS, LL_ATON_INVALID_PARAM);
 733:../../Middlewares/stedgeai-lib/Npu/ll_aton/ll_aton_lib_sw_operators.c ****   }
 734:../../Middlewares/stedgeai-lib/Npu/ll_aton/ll_aton_lib_sw_operators.c **** 
 735:../../Middlewares/stedgeai-lib/Npu/ll_aton/ll_aton_lib_sw_operators.c ****   if ((input->nbits < 8) || (input->nbits > 32))
 736:../../Middlewares/stedgeai-lib/Npu/ll_aton/ll_aton_lib_sw_operators.c ****   {
 737:../../Middlewares/stedgeai-lib/Npu/ll_aton/ll_aton_lib_sw_operators.c ****     __LL_LIB_ERROR(_ERR_NBITS, LL_ATON_INVALID_PARAM);
 738:../../Middlewares/stedgeai-lib/Npu/ll_aton/ll_aton_lib_sw_operators.c ****   }
 739:../../Middlewares/stedgeai-lib/Npu/ll_aton/ll_aton_lib_sw_operators.c **** 
 740:../../Middlewares/stedgeai-lib/Npu/ll_aton/ll_aton_lib_sw_operators.c ****   uint32_t N = input->shape[0];
 741:../../Middlewares/stedgeai-lib/Npu/ll_aton/ll_aton_lib_sw_operators.c ****   uint32_t C = input->shape[1];
 742:../../Middlewares/stedgeai-lib/Npu/ll_aton/ll_aton_lib_sw_operators.c ****   uint32_t H = input->shape[2];
 743:../../Middlewares/stedgeai-lib/Npu/ll_aton/ll_aton_lib_sw_operators.c ****   uint32_t W = input->shape[3];
 744:../../Middlewares/stedgeai-lib/Npu/ll_aton/ll_aton_lib_sw_operators.c **** 
 745:../../Middlewares/stedgeai-lib/Npu/ll_aton/ll_aton_lib_sw_operators.c ****   uint32_t bs_hw = (bs_h * bs_w);
 746:../../Middlewares/stedgeai-lib/Npu/ll_aton/ll_aton_lib_sw_operators.c ****   uint32_t max_c = (C / bs_hw);
 747:../../Middlewares/stedgeai-lib/Npu/ll_aton/ll_aton_lib_sw_operators.c **** 
 748:../../Middlewares/stedgeai-lib/Npu/ll_aton/ll_aton_lib_sw_operators.c ****   int8_t *in_base = (int8_t *)LL_Buffer_addr_start(input);
 749:../../Middlewares/stedgeai-lib/Npu/ll_aton/ll_aton_lib_sw_operators.c ****   int8_t *out_base = (int8_t *)LL_Buffer_addr_start(output);
 750:../../Middlewares/stedgeai-lib/Npu/ll_aton/ll_aton_lib_sw_operators.c **** 
 751:../../Middlewares/stedgeai-lib/Npu/ll_aton/ll_aton_lib_sw_operators.c ****   uint32_t output_tensor_offset_0 = output_axes_offsets[0];
 752:../../Middlewares/stedgeai-lib/Npu/ll_aton/ll_aton_lib_sw_operators.c ****   uint32_t output_tensor_offset_1 = output_axes_offsets[1];
 753:../../Middlewares/stedgeai-lib/Npu/ll_aton/ll_aton_lib_sw_operators.c ****   uint32_t output_tensor_offset_2 = output_axes_offsets[2];
 754:../../Middlewares/stedgeai-lib/Npu/ll_aton/ll_aton_lib_sw_operators.c ****   uint32_t output_tensor_offset_3 = output_axes_offsets[3];
 755:../../Middlewares/stedgeai-lib/Npu/ll_aton/ll_aton_lib_sw_operators.c **** 
 756:../../Middlewares/stedgeai-lib/Npu/ll_aton/ll_aton_lib_sw_operators.c ****   uint32_t input_tensor_offset_0 = input_axes_offsets[0];
 757:../../Middlewares/stedgeai-lib/Npu/ll_aton/ll_aton_lib_sw_operators.c ****   uint32_t input_tensor_offset_1 = input_axes_offsets[1];
 758:../../Middlewares/stedgeai-lib/Npu/ll_aton/ll_aton_lib_sw_operators.c ****   uint32_t input_tensor_offset_2 = input_axes_offsets[2];
 759:../../Middlewares/stedgeai-lib/Npu/ll_aton/ll_aton_lib_sw_operators.c ****   uint32_t input_tensor_offset_3 = input_axes_offsets[3];
 760:../../Middlewares/stedgeai-lib/Npu/ll_aton/ll_aton_lib_sw_operators.c **** 
 761:../../Middlewares/stedgeai-lib/Npu/ll_aton/ll_aton_lib_sw_operators.c ****   if (mode == 0)
 762:../../Middlewares/stedgeai-lib/Npu/ll_aton/ll_aton_lib_sw_operators.c ****   { // `DCR`
 763:../../Middlewares/stedgeai-lib/Npu/ll_aton/ll_aton_lib_sw_operators.c ****     for (uint32_t n = 0; n < N; n++)
 764:../../Middlewares/stedgeai-lib/Npu/ll_aton/ll_aton_lib_sw_operators.c ****     {
 765:../../Middlewares/stedgeai-lib/Npu/ll_aton/ll_aton_lib_sw_operators.c ****       for (uint32_t c = 0; c < C; c++)
 766:../../Middlewares/stedgeai-lib/Npu/ll_aton/ll_aton_lib_sw_operators.c ****       {
 767:../../Middlewares/stedgeai-lib/Npu/ll_aton/ll_aton_lib_sw_operators.c ****         for (uint32_t h = 0; h < H; h++)
 768:../../Middlewares/stedgeai-lib/Npu/ll_aton/ll_aton_lib_sw_operators.c ****         {
 769:../../Middlewares/stedgeai-lib/Npu/ll_aton/ll_aton_lib_sw_operators.c ****           for (uint32_t w = 0; w < W; w++)
ARM GAS  /tmp/ccBdscOF.s 			page 31


 770:../../Middlewares/stedgeai-lib/Npu/ll_aton/ll_aton_lib_sw_operators.c ****           {
 771:../../Middlewares/stedgeai-lib/Npu/ll_aton/ll_aton_lib_sw_operators.c ****             uint32_t off_h = (h * bs_h);
 772:../../Middlewares/stedgeai-lib/Npu/ll_aton/ll_aton_lib_sw_operators.c ****             uint32_t off_w = (w * bs_w);
 773:../../Middlewares/stedgeai-lib/Npu/ll_aton/ll_aton_lib_sw_operators.c ****             uint32_t out_c = c % max_c;
 774:../../Middlewares/stedgeai-lib/Npu/ll_aton/ll_aton_lib_sw_operators.c ****             uint32_t out_h = off_h + (c / (max_c * bs_w));
 775:../../Middlewares/stedgeai-lib/Npu/ll_aton/ll_aton_lib_sw_operators.c ****             uint32_t out_w = off_w + ((c / max_c) % bs_w);
 776:../../Middlewares/stedgeai-lib/Npu/ll_aton/ll_aton_lib_sw_operators.c **** 
 777:../../Middlewares/stedgeai-lib/Npu/ll_aton/ll_aton_lib_sw_operators.c ****             int8_t *out_target = out_base + __ll_aton_lib_calc_offset(n, out_c, out_h, out_w, outpu
 778:../../Middlewares/stedgeai-lib/Npu/ll_aton/ll_aton_lib_sw_operators.c ****                                                                       output_tensor_offset_1, outpu
 779:../../Middlewares/stedgeai-lib/Npu/ll_aton/ll_aton_lib_sw_operators.c ****                                                                       output_tensor_offset_3);
 780:../../Middlewares/stedgeai-lib/Npu/ll_aton/ll_aton_lib_sw_operators.c ****             int8_t *in_target =
 781:../../Middlewares/stedgeai-lib/Npu/ll_aton/ll_aton_lib_sw_operators.c ****                 in_base + __ll_aton_lib_calc_offset(n, c, h, w, input_tensor_offset_0, input_tensor
 782:../../Middlewares/stedgeai-lib/Npu/ll_aton/ll_aton_lib_sw_operators.c ****                                                     input_tensor_offset_2, input_tensor_offset_3);
 783:../../Middlewares/stedgeai-lib/Npu/ll_aton/ll_aton_lib_sw_operators.c **** 
 784:../../Middlewares/stedgeai-lib/Npu/ll_aton/ll_aton_lib_sw_operators.c ****             __ll_aton_lib_copy_element(LL_LIB_NBYTES(input->nbits), -1, out_target, in_target);
 785:../../Middlewares/stedgeai-lib/Npu/ll_aton/ll_aton_lib_sw_operators.c ****           }
 786:../../Middlewares/stedgeai-lib/Npu/ll_aton/ll_aton_lib_sw_operators.c ****         }
 787:../../Middlewares/stedgeai-lib/Npu/ll_aton/ll_aton_lib_sw_operators.c ****       }
 788:../../Middlewares/stedgeai-lib/Npu/ll_aton/ll_aton_lib_sw_operators.c ****     }
 789:../../Middlewares/stedgeai-lib/Npu/ll_aton/ll_aton_lib_sw_operators.c ****   }
 790:../../Middlewares/stedgeai-lib/Npu/ll_aton/ll_aton_lib_sw_operators.c ****   else
 791:../../Middlewares/stedgeai-lib/Npu/ll_aton/ll_aton_lib_sw_operators.c ****   { // `CRD`
 792:../../Middlewares/stedgeai-lib/Npu/ll_aton/ll_aton_lib_sw_operators.c ****     for (uint32_t n = 0; n < N; n++)
 793:../../Middlewares/stedgeai-lib/Npu/ll_aton/ll_aton_lib_sw_operators.c ****     {
 794:../../Middlewares/stedgeai-lib/Npu/ll_aton/ll_aton_lib_sw_operators.c ****       for (uint32_t out_c = 0; out_c < max_c; out_c++)
 795:../../Middlewares/stedgeai-lib/Npu/ll_aton/ll_aton_lib_sw_operators.c ****       {
 796:../../Middlewares/stedgeai-lib/Npu/ll_aton/ll_aton_lib_sw_operators.c ****         for (uint32_t c_rem_bs_2_div_bs = 0; c_rem_bs_2_div_bs < bs_h; c_rem_bs_2_div_bs++)
 797:../../Middlewares/stedgeai-lib/Npu/ll_aton/ll_aton_lib_sw_operators.c ****         {
 798:../../Middlewares/stedgeai-lib/Npu/ll_aton/ll_aton_lib_sw_operators.c ****           for (uint32_t c_rem_bs = 0; c_rem_bs < bs_w; c_rem_bs++)
 799:../../Middlewares/stedgeai-lib/Npu/ll_aton/ll_aton_lib_sw_operators.c ****           {
 800:../../Middlewares/stedgeai-lib/Npu/ll_aton/ll_aton_lib_sw_operators.c ****             uint32_t c = c_rem_bs + (c_rem_bs_2_div_bs * bs_w) + (out_c * bs_hw);
 801:../../Middlewares/stedgeai-lib/Npu/ll_aton/ll_aton_lib_sw_operators.c **** 
 802:../../Middlewares/stedgeai-lib/Npu/ll_aton/ll_aton_lib_sw_operators.c ****             for (uint32_t h = 0; h < H; h++)
 803:../../Middlewares/stedgeai-lib/Npu/ll_aton/ll_aton_lib_sw_operators.c ****             {
 804:../../Middlewares/stedgeai-lib/Npu/ll_aton/ll_aton_lib_sw_operators.c ****               for (uint32_t w = 0; w < W; w++)
 805:../../Middlewares/stedgeai-lib/Npu/ll_aton/ll_aton_lib_sw_operators.c ****               {
 806:../../Middlewares/stedgeai-lib/Npu/ll_aton/ll_aton_lib_sw_operators.c ****                 uint32_t off_h = (h * bs_h);
 807:../../Middlewares/stedgeai-lib/Npu/ll_aton/ll_aton_lib_sw_operators.c ****                 uint32_t off_w = (w * bs_w);
 808:../../Middlewares/stedgeai-lib/Npu/ll_aton/ll_aton_lib_sw_operators.c ****                 uint32_t out_h = off_h + c_rem_bs_2_div_bs;
 809:../../Middlewares/stedgeai-lib/Npu/ll_aton/ll_aton_lib_sw_operators.c ****                 uint32_t out_w = off_w + c_rem_bs;
 810:../../Middlewares/stedgeai-lib/Npu/ll_aton/ll_aton_lib_sw_operators.c **** 
 811:../../Middlewares/stedgeai-lib/Npu/ll_aton/ll_aton_lib_sw_operators.c ****                 int8_t *out_target =
 812:../../Middlewares/stedgeai-lib/Npu/ll_aton/ll_aton_lib_sw_operators.c ****                     out_base + __ll_aton_lib_calc_offset(n, out_c, out_h, out_w, output_tensor_offs
 813:../../Middlewares/stedgeai-lib/Npu/ll_aton/ll_aton_lib_sw_operators.c ****                                                          output_tensor_offset_1, output_tensor_offs
 814:../../Middlewares/stedgeai-lib/Npu/ll_aton/ll_aton_lib_sw_operators.c ****                                                          output_tensor_offset_3);
 815:../../Middlewares/stedgeai-lib/Npu/ll_aton/ll_aton_lib_sw_operators.c ****                 int8_t *in_target =
 816:../../Middlewares/stedgeai-lib/Npu/ll_aton/ll_aton_lib_sw_operators.c ****                     in_base + __ll_aton_lib_calc_offset(n, c, h, w, input_tensor_offset_0, input_te
 817:../../Middlewares/stedgeai-lib/Npu/ll_aton/ll_aton_lib_sw_operators.c ****                                                         input_tensor_offset_2, input_tensor_offset_
 818:../../Middlewares/stedgeai-lib/Npu/ll_aton/ll_aton_lib_sw_operators.c **** 
 819:../../Middlewares/stedgeai-lib/Npu/ll_aton/ll_aton_lib_sw_operators.c ****                 __ll_aton_lib_copy_element(LL_LIB_NBYTES(input->nbits), -1, out_target, in_target);
 820:../../Middlewares/stedgeai-lib/Npu/ll_aton/ll_aton_lib_sw_operators.c ****               }
 821:../../Middlewares/stedgeai-lib/Npu/ll_aton/ll_aton_lib_sw_operators.c ****             }
 822:../../Middlewares/stedgeai-lib/Npu/ll_aton/ll_aton_lib_sw_operators.c ****           }
 823:../../Middlewares/stedgeai-lib/Npu/ll_aton/ll_aton_lib_sw_operators.c ****         }
 824:../../Middlewares/stedgeai-lib/Npu/ll_aton/ll_aton_lib_sw_operators.c ****       }
 825:../../Middlewares/stedgeai-lib/Npu/ll_aton/ll_aton_lib_sw_operators.c ****     }
 826:../../Middlewares/stedgeai-lib/Npu/ll_aton/ll_aton_lib_sw_operators.c ****   }
ARM GAS  /tmp/ccBdscOF.s 			page 32


 827:../../Middlewares/stedgeai-lib/Npu/ll_aton/ll_aton_lib_sw_operators.c ****   return LL_ATON_OK;
 828:../../Middlewares/stedgeai-lib/Npu/ll_aton/ll_aton_lib_sw_operators.c **** }
 829:../../Middlewares/stedgeai-lib/Npu/ll_aton/ll_aton_lib_sw_operators.c **** 
 830:../../Middlewares/stedgeai-lib/Npu/ll_aton/ll_aton_lib_sw_operators.c **** /**
 831:../../Middlewares/stedgeai-lib/Npu/ll_aton/ll_aton_lib_sw_operators.c ****  * @brief  performs a transpose operation on a (multi-dimensional) matrix
 832:../../Middlewares/stedgeai-lib/Npu/ll_aton/ll_aton_lib_sw_operators.c ****  * @param  input tensor shape structure
 833:../../Middlewares/stedgeai-lib/Npu/ll_aton/ll_aton_lib_sw_operators.c ****  * @param  output tensor shape structure
 834:../../Middlewares/stedgeai-lib/Npu/ll_aton/ll_aton_lib_sw_operators.c ****  * @param  perm permutation to apply
 835:../../Middlewares/stedgeai-lib/Npu/ll_aton/ll_aton_lib_sw_operators.c ****  * @retval Error code
 836:../../Middlewares/stedgeai-lib/Npu/ll_aton/ll_aton_lib_sw_operators.c ****  */
 837:../../Middlewares/stedgeai-lib/Npu/ll_aton/ll_aton_lib_sw_operators.c **** typedef const struct
 838:../../Middlewares/stedgeai-lib/Npu/ll_aton/ll_aton_lib_sw_operators.c **** {
 839:../../Middlewares/stedgeai-lib/Npu/ll_aton/ll_aton_lib_sw_operators.c ****   uint32_t rank;
 840:../../Middlewares/stedgeai-lib/Npu/ll_aton/ll_aton_lib_sw_operators.c ****   const uint8_t *perm;
 841:../../Middlewares/stedgeai-lib/Npu/ll_aton/ll_aton_lib_sw_operators.c ****   const uint32_t *in_shape_aton;
 842:../../Middlewares/stedgeai-lib/Npu/ll_aton/ll_aton_lib_sw_operators.c ****   const uint32_t *in_axis_off;
 843:../../Middlewares/stedgeai-lib/Npu/ll_aton/ll_aton_lib_sw_operators.c ****   const uint32_t *out_axis_off;
 844:../../Middlewares/stedgeai-lib/Npu/ll_aton/ll_aton_lib_sw_operators.c ****   const uint8_t byte_size;
 845:../../Middlewares/stedgeai-lib/Npu/ll_aton/ll_aton_lib_sw_operators.c ****   const int8_t *in_tensor;
 846:../../Middlewares/stedgeai-lib/Npu/ll_aton/ll_aton_lib_sw_operators.c ****   int8_t *out_tensor;
 847:../../Middlewares/stedgeai-lib/Npu/ll_aton/ll_aton_lib_sw_operators.c **** } __ll_transp_params_t;
 848:../../Middlewares/stedgeai-lib/Npu/ll_aton/ll_aton_lib_sw_operators.c **** 
 849:../../Middlewares/stedgeai-lib/Npu/ll_aton/ll_aton_lib_sw_operators.c **** static inline uint32_t __ll_transp_find_input_index(__ll_stack_lnklst_t *elem, const uint8_t *perm,
 850:../../Middlewares/stedgeai-lib/Npu/ll_aton/ll_aton_lib_sw_operators.c ****                                                     uint32_t output_axis)
 851:../../Middlewares/stedgeai-lib/Npu/ll_aton/ll_aton_lib_sw_operators.c **** {
 852:../../Middlewares/stedgeai-lib/Npu/ll_aton/ll_aton_lib_sw_operators.c ****   uint32_t input_axis = (uint32_t)perm[output_axis];
 853:../../Middlewares/stedgeai-lib/Npu/ll_aton/ll_aton_lib_sw_operators.c ****   for (; elem != NULL; elem = elem->back_link)
 854:../../Middlewares/stedgeai-lib/Npu/ll_aton/ll_aton_lib_sw_operators.c ****   {
 855:../../Middlewares/stedgeai-lib/Npu/ll_aton/ll_aton_lib_sw_operators.c ****     if (elem->axis == input_axis)
 856:../../Middlewares/stedgeai-lib/Npu/ll_aton/ll_aton_lib_sw_operators.c ****     {
 857:../../Middlewares/stedgeai-lib/Npu/ll_aton/ll_aton_lib_sw_operators.c ****       return elem->index;
 858:../../Middlewares/stedgeai-lib/Npu/ll_aton/ll_aton_lib_sw_operators.c ****     }
 859:../../Middlewares/stedgeai-lib/Npu/ll_aton/ll_aton_lib_sw_operators.c ****   }
 860:../../Middlewares/stedgeai-lib/Npu/ll_aton/ll_aton_lib_sw_operators.c ****   LL_ATON_ASSERT(false); // should never be reached
 861:../../Middlewares/stedgeai-lib/Npu/ll_aton/ll_aton_lib_sw_operators.c ****   return 0;
 862:../../Middlewares/stedgeai-lib/Npu/ll_aton/ll_aton_lib_sw_operators.c **** }
 863:../../Middlewares/stedgeai-lib/Npu/ll_aton/ll_aton_lib_sw_operators.c **** 
 864:../../Middlewares/stedgeai-lib/Npu/ll_aton/ll_aton_lib_sw_operators.c **** static inline int8_t *__ll_transp_get_output_base_pos(uint32_t inner_out_axis,
 865:../../Middlewares/stedgeai-lib/Npu/ll_aton/ll_aton_lib_sw_operators.c ****                                                       const __ll_transp_params_t *common_params,
 866:../../Middlewares/stedgeai-lib/Npu/ll_aton/ll_aton_lib_sw_operators.c ****                                                       __ll_stack_lnklst_t *linked_stack_list)
 867:../../Middlewares/stedgeai-lib/Npu/ll_aton/ll_aton_lib_sw_operators.c **** {
 868:../../Middlewares/stedgeai-lib/Npu/ll_aton/ll_aton_lib_sw_operators.c ****   LL_ATON_ASSERT(linked_stack_list != NULL);
 869:../../Middlewares/stedgeai-lib/Npu/ll_aton/ll_aton_lib_sw_operators.c ****   int8_t *target = common_params->out_tensor;
 870:../../Middlewares/stedgeai-lib/Npu/ll_aton/ll_aton_lib_sw_operators.c **** 
 871:../../Middlewares/stedgeai-lib/Npu/ll_aton/ll_aton_lib_sw_operators.c ****   for (uint32_t output_axis = 0; output_axis < common_params->rank; output_axis++)
 872:../../Middlewares/stedgeai-lib/Npu/ll_aton/ll_aton_lib_sw_operators.c ****   {
 873:../../Middlewares/stedgeai-lib/Npu/ll_aton/ll_aton_lib_sw_operators.c ****     if (output_axis == inner_out_axis)
 874:../../Middlewares/stedgeai-lib/Npu/ll_aton/ll_aton_lib_sw_operators.c ****       continue;
 875:../../Middlewares/stedgeai-lib/Npu/ll_aton/ll_aton_lib_sw_operators.c **** 
 876:../../Middlewares/stedgeai-lib/Npu/ll_aton/ll_aton_lib_sw_operators.c ****     uint32_t axis_size = common_params->out_axis_off[output_axis];
 877:../../Middlewares/stedgeai-lib/Npu/ll_aton/ll_aton_lib_sw_operators.c ****     uint32_t input_index = __ll_transp_find_input_index(linked_stack_list, common_params->perm, out
 878:../../Middlewares/stedgeai-lib/Npu/ll_aton/ll_aton_lib_sw_operators.c ****     target += (input_index * axis_size);
 879:../../Middlewares/stedgeai-lib/Npu/ll_aton/ll_aton_lib_sw_operators.c ****   }
 880:../../Middlewares/stedgeai-lib/Npu/ll_aton/ll_aton_lib_sw_operators.c **** 
 881:../../Middlewares/stedgeai-lib/Npu/ll_aton/ll_aton_lib_sw_operators.c ****   return target;
 882:../../Middlewares/stedgeai-lib/Npu/ll_aton/ll_aton_lib_sw_operators.c **** }
 883:../../Middlewares/stedgeai-lib/Npu/ll_aton/ll_aton_lib_sw_operators.c **** 
ARM GAS  /tmp/ccBdscOF.s 			page 33


 884:../../Middlewares/stedgeai-lib/Npu/ll_aton/ll_aton_lib_sw_operators.c **** static int8_t *__ll_transp_get_input_base_pos(const __ll_transp_params_t *common_params,
 885:../../Middlewares/stedgeai-lib/Npu/ll_aton/ll_aton_lib_sw_operators.c ****                                               __ll_stack_lnklst_t *linked_stack_list)
 886:../../Middlewares/stedgeai-lib/Npu/ll_aton/ll_aton_lib_sw_operators.c **** {
 887:../../Middlewares/stedgeai-lib/Npu/ll_aton/ll_aton_lib_sw_operators.c ****   LL_ATON_ASSERT(linked_stack_list != NULL);
 888:../../Middlewares/stedgeai-lib/Npu/ll_aton/ll_aton_lib_sw_operators.c **** 
 889:../../Middlewares/stedgeai-lib/Npu/ll_aton/ll_aton_lib_sw_operators.c ****   const int8_t *target = common_params->in_tensor;
 890:../../Middlewares/stedgeai-lib/Npu/ll_aton/ll_aton_lib_sw_operators.c **** 
 891:../../Middlewares/stedgeai-lib/Npu/ll_aton/ll_aton_lib_sw_operators.c ****   LL_ATON_ASSERT(linked_stack_list->axis == (common_params->rank - 1));
 892:../../Middlewares/stedgeai-lib/Npu/ll_aton/ll_aton_lib_sw_operators.c **** 
 893:../../Middlewares/stedgeai-lib/Npu/ll_aton/ll_aton_lib_sw_operators.c ****   for (__ll_stack_lnklst_t *elem = linked_stack_list->back_link; elem != NULL; elem = elem->back_li
 894:../../Middlewares/stedgeai-lib/Npu/ll_aton/ll_aton_lib_sw_operators.c ****   {
 895:../../Middlewares/stedgeai-lib/Npu/ll_aton/ll_aton_lib_sw_operators.c ****     LL_ATON_ASSERT(elem->axis < (common_params->rank - 1));
 896:../../Middlewares/stedgeai-lib/Npu/ll_aton/ll_aton_lib_sw_operators.c ****     uint32_t axis_size = common_params->in_axis_off[elem->axis];
 897:../../Middlewares/stedgeai-lib/Npu/ll_aton/ll_aton_lib_sw_operators.c ****     target += (elem->index * axis_size);
 898:../../Middlewares/stedgeai-lib/Npu/ll_aton/ll_aton_lib_sw_operators.c ****   }
 899:../../Middlewares/stedgeai-lib/Npu/ll_aton/ll_aton_lib_sw_operators.c **** 
 900:../../Middlewares/stedgeai-lib/Npu/ll_aton/ll_aton_lib_sw_operators.c ****   return (int8_t *)target;
 901:../../Middlewares/stedgeai-lib/Npu/ll_aton/ll_aton_lib_sw_operators.c **** }
 902:../../Middlewares/stedgeai-lib/Npu/ll_aton/ll_aton_lib_sw_operators.c **** 
 903:../../Middlewares/stedgeai-lib/Npu/ll_aton/ll_aton_lib_sw_operators.c **** static void __ll_aton_lib_transpose(uint32_t curr_in_axis, uint32_t inner_out_axis, __ll_stack_lnkl
 904:../../Middlewares/stedgeai-lib/Npu/ll_aton/ll_aton_lib_sw_operators.c ****                                     const __ll_transp_params_t *common_params)
 905:../../Middlewares/stedgeai-lib/Npu/ll_aton/ll_aton_lib_sw_operators.c **** {
 906:../../Middlewares/stedgeai-lib/Npu/ll_aton/ll_aton_lib_sw_operators.c ****   __ll_stack_lnklst_t linked_stack_list = {.back_link = back_link, .axis = curr_in_axis, .index = 0
 907:../../Middlewares/stedgeai-lib/Npu/ll_aton/ll_aton_lib_sw_operators.c **** 
 908:../../Middlewares/stedgeai-lib/Npu/ll_aton/ll_aton_lib_sw_operators.c ****   if (curr_in_axis < (common_params->rank - 1))
 909:../../Middlewares/stedgeai-lib/Npu/ll_aton/ll_aton_lib_sw_operators.c ****   { // intermediate axis
 910:../../Middlewares/stedgeai-lib/Npu/ll_aton/ll_aton_lib_sw_operators.c ****     for (; linked_stack_list.index < common_params->in_shape_aton[linked_stack_list.axis]; linked_s
 911:../../Middlewares/stedgeai-lib/Npu/ll_aton/ll_aton_lib_sw_operators.c ****     {
 912:../../Middlewares/stedgeai-lib/Npu/ll_aton/ll_aton_lib_sw_operators.c ****       __ll_aton_lib_transpose(curr_in_axis + 1, inner_out_axis, &linked_stack_list, common_params);
 913:../../Middlewares/stedgeai-lib/Npu/ll_aton/ll_aton_lib_sw_operators.c ****     }
 914:../../Middlewares/stedgeai-lib/Npu/ll_aton/ll_aton_lib_sw_operators.c ****   }
 915:../../Middlewares/stedgeai-lib/Npu/ll_aton/ll_aton_lib_sw_operators.c ****   else
 916:../../Middlewares/stedgeai-lib/Npu/ll_aton/ll_aton_lib_sw_operators.c ****   { // last axis
 917:../../Middlewares/stedgeai-lib/Npu/ll_aton/ll_aton_lib_sw_operators.c ****     LL_ATON_ASSERT(curr_in_axis == (common_params->rank - 1));
 918:../../Middlewares/stedgeai-lib/Npu/ll_aton/ll_aton_lib_sw_operators.c **** 
 919:../../Middlewares/stedgeai-lib/Npu/ll_aton/ll_aton_lib_sw_operators.c ****     /* Calculate input/output base positions */
 920:../../Middlewares/stedgeai-lib/Npu/ll_aton/ll_aton_lib_sw_operators.c ****     int8_t *base_out_target = __ll_transp_get_output_base_pos(inner_out_axis, common_params, &linke
 921:../../Middlewares/stedgeai-lib/Npu/ll_aton/ll_aton_lib_sw_operators.c ****     int8_t *base_in_target = __ll_transp_get_input_base_pos(common_params, &linked_stack_list);
 922:../../Middlewares/stedgeai-lib/Npu/ll_aton/ll_aton_lib_sw_operators.c ****     uint32_t out_axes_offset = common_params->out_axis_off[inner_out_axis];
 923:../../Middlewares/stedgeai-lib/Npu/ll_aton/ll_aton_lib_sw_operators.c **** 
 924:../../Middlewares/stedgeai-lib/Npu/ll_aton/ll_aton_lib_sw_operators.c ****     const uint32_t end_index = common_params->in_shape_aton[(common_params->rank - 1)];
 925:../../Middlewares/stedgeai-lib/Npu/ll_aton/ll_aton_lib_sw_operators.c ****     const uint8_t byte_size = common_params->byte_size;
 926:../../Middlewares/stedgeai-lib/Npu/ll_aton/ll_aton_lib_sw_operators.c **** 
 927:../../Middlewares/stedgeai-lib/Npu/ll_aton/ll_aton_lib_sw_operators.c ****     if (byte_size != out_axes_offset)
 928:../../Middlewares/stedgeai-lib/Npu/ll_aton/ll_aton_lib_sw_operators.c ****     {
 929:../../Middlewares/stedgeai-lib/Npu/ll_aton/ll_aton_lib_sw_operators.c ****       for (; linked_stack_list.index < end_index; linked_stack_list.index++)
 930:../../Middlewares/stedgeai-lib/Npu/ll_aton/ll_aton_lib_sw_operators.c ****       {
 931:../../Middlewares/stedgeai-lib/Npu/ll_aton/ll_aton_lib_sw_operators.c ****         /* determine input/output position */
 932:../../Middlewares/stedgeai-lib/Npu/ll_aton/ll_aton_lib_sw_operators.c ****         int8_t *in_target = base_in_target + (linked_stack_list.index * byte_size);
 933:../../Middlewares/stedgeai-lib/Npu/ll_aton/ll_aton_lib_sw_operators.c ****         int8_t *out_target = base_out_target + (linked_stack_list.index * out_axes_offset);
 934:../../Middlewares/stedgeai-lib/Npu/ll_aton/ll_aton_lib_sw_operators.c **** 
 935:../../Middlewares/stedgeai-lib/Npu/ll_aton/ll_aton_lib_sw_operators.c ****         __ll_aton_lib_copy_element(byte_size, linked_stack_list.index, out_target, in_target);
 936:../../Middlewares/stedgeai-lib/Npu/ll_aton/ll_aton_lib_sw_operators.c ****       }
 937:../../Middlewares/stedgeai-lib/Npu/ll_aton/ll_aton_lib_sw_operators.c ****     }
 938:../../Middlewares/stedgeai-lib/Npu/ll_aton/ll_aton_lib_sw_operators.c ****     else
 939:../../Middlewares/stedgeai-lib/Npu/ll_aton/ll_aton_lib_sw_operators.c ****     {
 940:../../Middlewares/stedgeai-lib/Npu/ll_aton/ll_aton_lib_sw_operators.c ****       uint32_t size_in_bytes = (end_index - linked_stack_list.index) * byte_size; // `byte_size == 
ARM GAS  /tmp/ccBdscOF.s 			page 34


 941:../../Middlewares/stedgeai-lib/Npu/ll_aton/ll_aton_lib_sw_operators.c **** 
 942:../../Middlewares/stedgeai-lib/Npu/ll_aton/ll_aton_lib_sw_operators.c ****       int8_t *in_target = base_in_target + (linked_stack_list.index * byte_size);
 943:../../Middlewares/stedgeai-lib/Npu/ll_aton/ll_aton_lib_sw_operators.c ****       int8_t *out_target =
 944:../../Middlewares/stedgeai-lib/Npu/ll_aton/ll_aton_lib_sw_operators.c ****           base_out_target + (linked_stack_list.index * out_axes_offset); // `byte_size == out_axes_
 945:../../Middlewares/stedgeai-lib/Npu/ll_aton/ll_aton_lib_sw_operators.c **** 
 946:../../Middlewares/stedgeai-lib/Npu/ll_aton/ll_aton_lib_sw_operators.c ****       memcpy(out_target, in_target, size_in_bytes);
 947:../../Middlewares/stedgeai-lib/Npu/ll_aton/ll_aton_lib_sw_operators.c ****     }
 948:../../Middlewares/stedgeai-lib/Npu/ll_aton/ll_aton_lib_sw_operators.c ****   }
 949:../../Middlewares/stedgeai-lib/Npu/ll_aton/ll_aton_lib_sw_operators.c **** }
 950:../../Middlewares/stedgeai-lib/Npu/ll_aton/ll_aton_lib_sw_operators.c **** 
 951:../../Middlewares/stedgeai-lib/Npu/ll_aton/ll_aton_lib_sw_operators.c **** static inline uint32_t __ll_transp_find_input_index_3or4(uint32_t *indexes, const uint8_t *perm, ui
 952:../../Middlewares/stedgeai-lib/Npu/ll_aton/ll_aton_lib_sw_operators.c **** {
 953:../../Middlewares/stedgeai-lib/Npu/ll_aton/ll_aton_lib_sw_operators.c ****   uint32_t input_axis = (uint32_t)perm[output_axis];
 954:../../Middlewares/stedgeai-lib/Npu/ll_aton/ll_aton_lib_sw_operators.c ****   return indexes[input_axis];
 955:../../Middlewares/stedgeai-lib/Npu/ll_aton/ll_aton_lib_sw_operators.c **** }
 956:../../Middlewares/stedgeai-lib/Npu/ll_aton/ll_aton_lib_sw_operators.c **** 
 957:../../Middlewares/stedgeai-lib/Npu/ll_aton/ll_aton_lib_sw_operators.c **** static inline int8_t *__ll_transp_get_output_base_pos_3or4(uint32_t inner_out_axis,
 958:../../Middlewares/stedgeai-lib/Npu/ll_aton/ll_aton_lib_sw_operators.c ****                                                            const __ll_transp_params_t *common_param
 959:../../Middlewares/stedgeai-lib/Npu/ll_aton/ll_aton_lib_sw_operators.c **** {
 960:../../Middlewares/stedgeai-lib/Npu/ll_aton/ll_aton_lib_sw_operators.c ****   int8_t *target = common_params->out_tensor;
 961:../../Middlewares/stedgeai-lib/Npu/ll_aton/ll_aton_lib_sw_operators.c **** 
 962:../../Middlewares/stedgeai-lib/Npu/ll_aton/ll_aton_lib_sw_operators.c ****   for (uint32_t output_axis = 0; output_axis < common_params->rank; output_axis++)
 963:../../Middlewares/stedgeai-lib/Npu/ll_aton/ll_aton_lib_sw_operators.c ****   {
 964:../../Middlewares/stedgeai-lib/Npu/ll_aton/ll_aton_lib_sw_operators.c ****     if (output_axis == inner_out_axis)
 965:../../Middlewares/stedgeai-lib/Npu/ll_aton/ll_aton_lib_sw_operators.c ****       continue;
 966:../../Middlewares/stedgeai-lib/Npu/ll_aton/ll_aton_lib_sw_operators.c **** 
 967:../../Middlewares/stedgeai-lib/Npu/ll_aton/ll_aton_lib_sw_operators.c ****     LL_ATON_ASSERT((uint32_t)common_params->perm[output_axis] < (common_params->rank - 1));
 968:../../Middlewares/stedgeai-lib/Npu/ll_aton/ll_aton_lib_sw_operators.c **** 
 969:../../Middlewares/stedgeai-lib/Npu/ll_aton/ll_aton_lib_sw_operators.c ****     uint32_t input_index = __ll_transp_find_input_index_3or4(indexes, common_params->perm, output_a
 970:../../Middlewares/stedgeai-lib/Npu/ll_aton/ll_aton_lib_sw_operators.c ****     uint32_t axis_size = common_params->out_axis_off[output_axis];
 971:../../Middlewares/stedgeai-lib/Npu/ll_aton/ll_aton_lib_sw_operators.c ****     target += (input_index * axis_size);
 972:../../Middlewares/stedgeai-lib/Npu/ll_aton/ll_aton_lib_sw_operators.c ****   }
 973:../../Middlewares/stedgeai-lib/Npu/ll_aton/ll_aton_lib_sw_operators.c **** 
 974:../../Middlewares/stedgeai-lib/Npu/ll_aton/ll_aton_lib_sw_operators.c ****   return target;
 975:../../Middlewares/stedgeai-lib/Npu/ll_aton/ll_aton_lib_sw_operators.c **** }
 976:../../Middlewares/stedgeai-lib/Npu/ll_aton/ll_aton_lib_sw_operators.c **** 
 977:../../Middlewares/stedgeai-lib/Npu/ll_aton/ll_aton_lib_sw_operators.c **** static int8_t *__ll_transp_get_input_base_pos_3or4(const __ll_transp_params_t *common_params, uint3
 978:../../Middlewares/stedgeai-lib/Npu/ll_aton/ll_aton_lib_sw_operators.c **** {
 979:../../Middlewares/stedgeai-lib/Npu/ll_aton/ll_aton_lib_sw_operators.c ****   const int8_t *target = common_params->in_tensor;
 980:../../Middlewares/stedgeai-lib/Npu/ll_aton/ll_aton_lib_sw_operators.c **** 
 981:../../Middlewares/stedgeai-lib/Npu/ll_aton/ll_aton_lib_sw_operators.c ****   for (uint32_t axis = 0; axis < (common_params->rank - 1); axis++)
 982:../../Middlewares/stedgeai-lib/Npu/ll_aton/ll_aton_lib_sw_operators.c ****   {
 983:../../Middlewares/stedgeai-lib/Npu/ll_aton/ll_aton_lib_sw_operators.c ****     uint32_t axis_size = common_params->in_axis_off[axis];
 984:../../Middlewares/stedgeai-lib/Npu/ll_aton/ll_aton_lib_sw_operators.c ****     target += (indexes[axis] * axis_size);
 985:../../Middlewares/stedgeai-lib/Npu/ll_aton/ll_aton_lib_sw_operators.c ****   }
 986:../../Middlewares/stedgeai-lib/Npu/ll_aton/ll_aton_lib_sw_operators.c **** 
 987:../../Middlewares/stedgeai-lib/Npu/ll_aton/ll_aton_lib_sw_operators.c ****   return (int8_t *)target;
 988:../../Middlewares/stedgeai-lib/Npu/ll_aton/ll_aton_lib_sw_operators.c **** }
 989:../../Middlewares/stedgeai-lib/Npu/ll_aton/ll_aton_lib_sw_operators.c **** 
 990:../../Middlewares/stedgeai-lib/Npu/ll_aton/ll_aton_lib_sw_operators.c **** static inline uint32_t __ll_transp_get_inner_out_axis(const __ll_transp_params_t *common_params)
 991:../../Middlewares/stedgeai-lib/Npu/ll_aton/ll_aton_lib_sw_operators.c **** {
 992:../../Middlewares/stedgeai-lib/Npu/ll_aton/ll_aton_lib_sw_operators.c ****   for (unsigned int i = 0; i < common_params->rank; i++)
 993:../../Middlewares/stedgeai-lib/Npu/ll_aton/ll_aton_lib_sw_operators.c ****   {
 994:../../Middlewares/stedgeai-lib/Npu/ll_aton/ll_aton_lib_sw_operators.c ****     if (((uint32_t)common_params->perm[i]) == (common_params->rank - 1))
 995:../../Middlewares/stedgeai-lib/Npu/ll_aton/ll_aton_lib_sw_operators.c ****       return i;
 996:../../Middlewares/stedgeai-lib/Npu/ll_aton/ll_aton_lib_sw_operators.c ****   }
 997:../../Middlewares/stedgeai-lib/Npu/ll_aton/ll_aton_lib_sw_operators.c ****   LL_ATON_ASSERT(false);
ARM GAS  /tmp/ccBdscOF.s 			page 35


 998:../../Middlewares/stedgeai-lib/Npu/ll_aton/ll_aton_lib_sw_operators.c ****   return common_params->rank; // make compiler happy
 999:../../Middlewares/stedgeai-lib/Npu/ll_aton/ll_aton_lib_sw_operators.c **** }
1000:../../Middlewares/stedgeai-lib/Npu/ll_aton/ll_aton_lib_sw_operators.c **** 
1001:../../Middlewares/stedgeai-lib/Npu/ll_aton/ll_aton_lib_sw_operators.c **** static void __ll_aton_lib_transpose_3or4(const __ll_transp_params_t *common_params)
1002:../../Middlewares/stedgeai-lib/Npu/ll_aton/ll_aton_lib_sw_operators.c **** {
1003:../../Middlewares/stedgeai-lib/Npu/ll_aton/ll_aton_lib_sw_operators.c ****   LL_ATON_ASSERT((common_params->rank == 4) || ((common_params->rank == 3)));
1004:../../Middlewares/stedgeai-lib/Npu/ll_aton/ll_aton_lib_sw_operators.c ****   uint32_t inner_out_axis = __ll_transp_get_inner_out_axis(common_params);
1005:../../Middlewares/stedgeai-lib/Npu/ll_aton/ll_aton_lib_sw_operators.c ****   uint32_t out_axes_offset = common_params->out_axis_off[inner_out_axis];
1006:../../Middlewares/stedgeai-lib/Npu/ll_aton/ll_aton_lib_sw_operators.c ****   const uint8_t byte_size = common_params->byte_size;
1007:../../Middlewares/stedgeai-lib/Npu/ll_aton/ll_aton_lib_sw_operators.c **** 
1008:../../Middlewares/stedgeai-lib/Npu/ll_aton/ll_aton_lib_sw_operators.c ****   uint32_t size_n = (common_params->rank == 4) ? common_params->in_shape_aton[0] : 1;
1009:../../Middlewares/stedgeai-lib/Npu/ll_aton/ll_aton_lib_sw_operators.c ****   uint32_t size_c = (common_params->rank == 4) ? common_params->in_shape_aton[1] : common_params->i
1010:../../Middlewares/stedgeai-lib/Npu/ll_aton/ll_aton_lib_sw_operators.c ****   uint32_t size_h = (common_params->rank == 4) ? common_params->in_shape_aton[2] : common_params->i
1011:../../Middlewares/stedgeai-lib/Npu/ll_aton/ll_aton_lib_sw_operators.c ****   uint32_t size_w = (common_params->rank == 4) ? common_params->in_shape_aton[3] : common_params->i
1012:../../Middlewares/stedgeai-lib/Npu/ll_aton/ll_aton_lib_sw_operators.c **** 
1013:../../Middlewares/stedgeai-lib/Npu/ll_aton/ll_aton_lib_sw_operators.c ****   for (uint32_t index_n = 0; index_n < size_n; index_n++)
1014:../../Middlewares/stedgeai-lib/Npu/ll_aton/ll_aton_lib_sw_operators.c ****   {
1015:../../Middlewares/stedgeai-lib/Npu/ll_aton/ll_aton_lib_sw_operators.c ****     for (uint32_t index_c = 0; index_c < size_c; index_c++)
1016:../../Middlewares/stedgeai-lib/Npu/ll_aton/ll_aton_lib_sw_operators.c ****     {
1017:../../Middlewares/stedgeai-lib/Npu/ll_aton/ll_aton_lib_sw_operators.c ****       for (uint32_t index_h = 0; index_h < size_h; index_h++)
1018:../../Middlewares/stedgeai-lib/Npu/ll_aton/ll_aton_lib_sw_operators.c ****       {
1019:../../Middlewares/stedgeai-lib/Npu/ll_aton/ll_aton_lib_sw_operators.c ****         uint32_t indexes_array[] = {index_n, index_c, index_h};
1020:../../Middlewares/stedgeai-lib/Npu/ll_aton/ll_aton_lib_sw_operators.c ****         uint32_t *indexes = (common_params->rank == 4) ? &indexes_array[0] : &indexes_array[1];
1021:../../Middlewares/stedgeai-lib/Npu/ll_aton/ll_aton_lib_sw_operators.c **** 
1022:../../Middlewares/stedgeai-lib/Npu/ll_aton/ll_aton_lib_sw_operators.c ****         int8_t *base_out_target = __ll_transp_get_output_base_pos_3or4(inner_out_axis, common_param
1023:../../Middlewares/stedgeai-lib/Npu/ll_aton/ll_aton_lib_sw_operators.c ****         int8_t *base_in_target = __ll_transp_get_input_base_pos_3or4(common_params, indexes);
1024:../../Middlewares/stedgeai-lib/Npu/ll_aton/ll_aton_lib_sw_operators.c **** 
1025:../../Middlewares/stedgeai-lib/Npu/ll_aton/ll_aton_lib_sw_operators.c ****         if (byte_size != out_axes_offset)
1026:../../Middlewares/stedgeai-lib/Npu/ll_aton/ll_aton_lib_sw_operators.c ****         {
1027:../../Middlewares/stedgeai-lib/Npu/ll_aton/ll_aton_lib_sw_operators.c ****           for (uint32_t index_w = 0; index_w < size_w; index_w++)
1028:../../Middlewares/stedgeai-lib/Npu/ll_aton/ll_aton_lib_sw_operators.c ****           {
1029:../../Middlewares/stedgeai-lib/Npu/ll_aton/ll_aton_lib_sw_operators.c ****             /* determine input/output position */
1030:../../Middlewares/stedgeai-lib/Npu/ll_aton/ll_aton_lib_sw_operators.c ****             int8_t *in_target = base_in_target + (index_w * byte_size);
1031:../../Middlewares/stedgeai-lib/Npu/ll_aton/ll_aton_lib_sw_operators.c ****             int8_t *out_target = base_out_target + (index_w * out_axes_offset);
1032:../../Middlewares/stedgeai-lib/Npu/ll_aton/ll_aton_lib_sw_operators.c **** 
1033:../../Middlewares/stedgeai-lib/Npu/ll_aton/ll_aton_lib_sw_operators.c ****             __ll_aton_lib_copy_element(byte_size, index_w, out_target, in_target);
1034:../../Middlewares/stedgeai-lib/Npu/ll_aton/ll_aton_lib_sw_operators.c ****           }
1035:../../Middlewares/stedgeai-lib/Npu/ll_aton/ll_aton_lib_sw_operators.c ****         }
1036:../../Middlewares/stedgeai-lib/Npu/ll_aton/ll_aton_lib_sw_operators.c ****         else
1037:../../Middlewares/stedgeai-lib/Npu/ll_aton/ll_aton_lib_sw_operators.c ****         {
1038:../../Middlewares/stedgeai-lib/Npu/ll_aton/ll_aton_lib_sw_operators.c ****           uint32_t size_in_bytes = size_w * byte_size; // `byte_size == out_axes_offset`
1039:../../Middlewares/stedgeai-lib/Npu/ll_aton/ll_aton_lib_sw_operators.c ****           memcpy(base_out_target, base_in_target, size_in_bytes);
1040:../../Middlewares/stedgeai-lib/Npu/ll_aton/ll_aton_lib_sw_operators.c ****         }
1041:../../Middlewares/stedgeai-lib/Npu/ll_aton/ll_aton_lib_sw_operators.c ****       }
1042:../../Middlewares/stedgeai-lib/Npu/ll_aton/ll_aton_lib_sw_operators.c ****     }
1043:../../Middlewares/stedgeai-lib/Npu/ll_aton/ll_aton_lib_sw_operators.c ****   }
1044:../../Middlewares/stedgeai-lib/Npu/ll_aton/ll_aton_lib_sw_operators.c **** }
1045:../../Middlewares/stedgeai-lib/Npu/ll_aton/ll_aton_lib_sw_operators.c **** 
1046:../../Middlewares/stedgeai-lib/Npu/ll_aton/ll_aton_lib_sw_operators.c **** int LL_ATON_LIB_Transpose(const LL_Buffer_InfoTypeDef *input, const uint32_t *input_axes_offsets,
1047:../../Middlewares/stedgeai-lib/Npu/ll_aton/ll_aton_lib_sw_operators.c ****                           const LL_Buffer_InfoTypeDef *output, const uint32_t *output_axes_offsets,
1048:../../Middlewares/stedgeai-lib/Npu/ll_aton/ll_aton_lib_sw_operators.c **** {
1049:../../Middlewares/stedgeai-lib/Npu/ll_aton/ll_aton_lib_sw_operators.c ****   if (input->ndims <= 2)
1050:../../Middlewares/stedgeai-lib/Npu/ll_aton/ll_aton_lib_sw_operators.c ****   {
1051:../../Middlewares/stedgeai-lib/Npu/ll_aton/ll_aton_lib_sw_operators.c ****     __LL_LIB_ERROR(_ERR_RANK, LL_ATON_INVALID_PARAM);
1052:../../Middlewares/stedgeai-lib/Npu/ll_aton/ll_aton_lib_sw_operators.c ****   }
1053:../../Middlewares/stedgeai-lib/Npu/ll_aton/ll_aton_lib_sw_operators.c **** 
1054:../../Middlewares/stedgeai-lib/Npu/ll_aton/ll_aton_lib_sw_operators.c ****   if (input->ndims != output->ndims)
ARM GAS  /tmp/ccBdscOF.s 			page 36


1055:../../Middlewares/stedgeai-lib/Npu/ll_aton/ll_aton_lib_sw_operators.c ****   {
1056:../../Middlewares/stedgeai-lib/Npu/ll_aton/ll_aton_lib_sw_operators.c ****     __LL_LIB_ERROR(_ERR_RANK, LL_ATON_INVALID_PARAM);
1057:../../Middlewares/stedgeai-lib/Npu/ll_aton/ll_aton_lib_sw_operators.c ****   }
1058:../../Middlewares/stedgeai-lib/Npu/ll_aton/ll_aton_lib_sw_operators.c **** 
1059:../../Middlewares/stedgeai-lib/Npu/ll_aton/ll_aton_lib_sw_operators.c ****   if (input->nbits != output->nbits)
1060:../../Middlewares/stedgeai-lib/Npu/ll_aton/ll_aton_lib_sw_operators.c ****   { // TODO: should we support this?
1061:../../Middlewares/stedgeai-lib/Npu/ll_aton/ll_aton_lib_sw_operators.c ****     __LL_LIB_ERROR(_ERR_NBITS, LL_ATON_INVALID_PARAM);
1062:../../Middlewares/stedgeai-lib/Npu/ll_aton/ll_aton_lib_sw_operators.c ****   }
1063:../../Middlewares/stedgeai-lib/Npu/ll_aton/ll_aton_lib_sw_operators.c **** 
1064:../../Middlewares/stedgeai-lib/Npu/ll_aton/ll_aton_lib_sw_operators.c ****   if ((input->nbits < 8) || (input->nbits > 32))
1065:../../Middlewares/stedgeai-lib/Npu/ll_aton/ll_aton_lib_sw_operators.c ****   {
1066:../../Middlewares/stedgeai-lib/Npu/ll_aton/ll_aton_lib_sw_operators.c ****     __LL_LIB_ERROR(_ERR_NBITS, LL_ATON_INVALID_PARAM);
1067:../../Middlewares/stedgeai-lib/Npu/ll_aton/ll_aton_lib_sw_operators.c ****   }
1068:../../Middlewares/stedgeai-lib/Npu/ll_aton/ll_aton_lib_sw_operators.c **** 
1069:../../Middlewares/stedgeai-lib/Npu/ll_aton/ll_aton_lib_sw_operators.c ****   const __ll_transp_params_t common_params = {.perm = perm,
1070:../../Middlewares/stedgeai-lib/Npu/ll_aton/ll_aton_lib_sw_operators.c ****                                               .rank = input->ndims,
1071:../../Middlewares/stedgeai-lib/Npu/ll_aton/ll_aton_lib_sw_operators.c ****                                               .in_shape_aton = input->shape,
1072:../../Middlewares/stedgeai-lib/Npu/ll_aton/ll_aton_lib_sw_operators.c ****                                               .in_axis_off = input_axes_offsets,
1073:../../Middlewares/stedgeai-lib/Npu/ll_aton/ll_aton_lib_sw_operators.c ****                                               .out_axis_off = output_axes_offsets,
1074:../../Middlewares/stedgeai-lib/Npu/ll_aton/ll_aton_lib_sw_operators.c ****                                               .byte_size = LL_LIB_NBYTES(input->nbits),
1075:../../Middlewares/stedgeai-lib/Npu/ll_aton/ll_aton_lib_sw_operators.c ****                                               .in_tensor = (int8_t *)LL_Buffer_addr_start(input),
1076:../../Middlewares/stedgeai-lib/Npu/ll_aton/ll_aton_lib_sw_operators.c ****                                               .out_tensor = (int8_t *)LL_Buffer_addr_start(output)}
1077:../../Middlewares/stedgeai-lib/Npu/ll_aton/ll_aton_lib_sw_operators.c **** 
1078:../../Middlewares/stedgeai-lib/Npu/ll_aton/ll_aton_lib_sw_operators.c ****   if (input->ndims <= 4)
1079:../../Middlewares/stedgeai-lib/Npu/ll_aton/ll_aton_lib_sw_operators.c ****   {
1080:../../Middlewares/stedgeai-lib/Npu/ll_aton/ll_aton_lib_sw_operators.c ****     __ll_aton_lib_transpose_3or4(&common_params);
1081:../../Middlewares/stedgeai-lib/Npu/ll_aton/ll_aton_lib_sw_operators.c ****   }
1082:../../Middlewares/stedgeai-lib/Npu/ll_aton/ll_aton_lib_sw_operators.c ****   else
1083:../../Middlewares/stedgeai-lib/Npu/ll_aton/ll_aton_lib_sw_operators.c ****   {
1084:../../Middlewares/stedgeai-lib/Npu/ll_aton/ll_aton_lib_sw_operators.c ****     uint32_t inner_out_axis = __ll_transp_get_inner_out_axis(&common_params);
1085:../../Middlewares/stedgeai-lib/Npu/ll_aton/ll_aton_lib_sw_operators.c ****     __ll_aton_lib_transpose(0, inner_out_axis, NULL, &common_params);
1086:../../Middlewares/stedgeai-lib/Npu/ll_aton/ll_aton_lib_sw_operators.c ****   }
1087:../../Middlewares/stedgeai-lib/Npu/ll_aton/ll_aton_lib_sw_operators.c **** 
1088:../../Middlewares/stedgeai-lib/Npu/ll_aton/ll_aton_lib_sw_operators.c ****   return LL_ATON_OK;
1089:../../Middlewares/stedgeai-lib/Npu/ll_aton/ll_aton_lib_sw_operators.c **** }
1090:../../Middlewares/stedgeai-lib/Npu/ll_aton/ll_aton_lib_sw_operators.c **** 
1091:../../Middlewares/stedgeai-lib/Npu/ll_aton/ll_aton_lib_sw_operators.c **** /**
1092:../../Middlewares/stedgeai-lib/Npu/ll_aton/ll_aton_lib_sw_operators.c ****  * @brief  performs a `Pad` operation on a (multi-dimensional) matrix
1093:../../Middlewares/stedgeai-lib/Npu/ll_aton/ll_aton_lib_sw_operators.c ****  * @param  input start address of input tensor
1094:../../Middlewares/stedgeai-lib/Npu/ll_aton/ll_aton_lib_sw_operators.c ****  * @param  output start address of output tensor
1095:../../Middlewares/stedgeai-lib/Npu/ll_aton/ll_aton_lib_sw_operators.c ****  * @param  min_shape shape obtained by performing element-wise `min` on each axis of reduced input 
1096:../../Middlewares/stedgeai-lib/Npu/ll_aton/ll_aton_lib_sw_operators.c ****  * @param  mode where 0 == `constant`, 1 == `reflect`, 2 ==`edge`
1097:../../Middlewares/stedgeai-lib/Npu/ll_aton/ll_aton_lib_sw_operators.c ****  * @param  nbytes 8-bit or 16-bit mode
1098:../../Middlewares/stedgeai-lib/Npu/ll_aton/ll_aton_lib_sw_operators.c ****  * @param  out_elems number of output elements
1099:../../Middlewares/stedgeai-lib/Npu/ll_aton/ll_aton_lib_sw_operators.c ****  * @param  constant_value constant value to be `memset`
1100:../../Middlewares/stedgeai-lib/Npu/ll_aton/ll_aton_lib_sw_operators.c ****  * @param  consecutive_axis last input axis with all zero start/end paddings and whose following ax
1101:../../Middlewares/stedgeai-lib/Npu/ll_aton/ll_aton_lib_sw_operators.c ****  * zero paddings (or last axis)
1102:../../Middlewares/stedgeai-lib/Npu/ll_aton/ll_aton_lib_sw_operators.c ****  * @param  consecutive_elems number of consecutive elements to copy in each repetition
1103:../../Middlewares/stedgeai-lib/Npu/ll_aton/ll_aton_lib_sw_operators.c ****  * @param  pad_in_offsets_start vector containing amount (in bytes) of input padding data added at 
1104:../../Middlewares/stedgeai-lib/Npu/ll_aton/ll_aton_lib_sw_operators.c ****  * axis
1105:../../Middlewares/stedgeai-lib/Npu/ll_aton/ll_aton_lib_sw_operators.c ****  * @param  pad_in_offsets_end vector containing amount (in bytes) of input padding data added at an
1106:../../Middlewares/stedgeai-lib/Npu/ll_aton/ll_aton_lib_sw_operators.c ****  * @param  pad_out_offsets_start vector containing amount (in bytes) of output padding data added a
1107:../../Middlewares/stedgeai-lib/Npu/ll_aton/ll_aton_lib_sw_operators.c ****  * axis
1108:../../Middlewares/stedgeai-lib/Npu/ll_aton/ll_aton_lib_sw_operators.c ****  * @param  pad_out_offsets_end vector containing amount (in bytes) of output padding data added at 
1109:../../Middlewares/stedgeai-lib/Npu/ll_aton/ll_aton_lib_sw_operators.c ****  * @retval Error code
1110:../../Middlewares/stedgeai-lib/Npu/ll_aton/ll_aton_lib_sw_operators.c ****  */
1111:../../Middlewares/stedgeai-lib/Npu/ll_aton/ll_aton_lib_sw_operators.c **** static void *__ll_aton_lib_memset16(void *dst, int16_t c, size_t n)
ARM GAS  /tmp/ccBdscOF.s 			page 37


1112:../../Middlewares/stedgeai-lib/Npu/ll_aton/ll_aton_lib_sw_operators.c **** {
1113:../../Middlewares/stedgeai-lib/Npu/ll_aton/ll_aton_lib_sw_operators.c ****   uintptr_t rest_addr = ((uintptr_t)dst) % 4;
1114:../../Middlewares/stedgeai-lib/Npu/ll_aton/ll_aton_lib_sw_operators.c ****   int8_t *_dst = (int8_t *)dst;
1115:../../Middlewares/stedgeai-lib/Npu/ll_aton/ll_aton_lib_sw_operators.c **** 
1116:../../Middlewares/stedgeai-lib/Npu/ll_aton/ll_aton_lib_sw_operators.c ****   LL_ATON_ASSERT((rest_addr == 0) || (rest_addr == 2));
1117:../../Middlewares/stedgeai-lib/Npu/ll_aton/ll_aton_lib_sw_operators.c ****   if (rest_addr != 0)
1118:../../Middlewares/stedgeai-lib/Npu/ll_aton/ll_aton_lib_sw_operators.c ****   {
1119:../../Middlewares/stedgeai-lib/Npu/ll_aton/ll_aton_lib_sw_operators.c ****     *((int16_t *)dst) = (int16_t)c;
1120:../../Middlewares/stedgeai-lib/Npu/ll_aton/ll_aton_lib_sw_operators.c ****     n -= 2;
1121:../../Middlewares/stedgeai-lib/Npu/ll_aton/ll_aton_lib_sw_operators.c ****     _dst += 2;
1122:../../Middlewares/stedgeai-lib/Npu/ll_aton/ll_aton_lib_sw_operators.c ****   }
1123:../../Middlewares/stedgeai-lib/Npu/ll_aton/ll_aton_lib_sw_operators.c **** 
1124:../../Middlewares/stedgeai-lib/Npu/ll_aton/ll_aton_lib_sw_operators.c ****   uint32_t rest_dim = n % 4;
1125:../../Middlewares/stedgeai-lib/Npu/ll_aton/ll_aton_lib_sw_operators.c ****   LL_ATON_ASSERT((rest_dim == 0) || (rest_dim == 2));
1126:../../Middlewares/stedgeai-lib/Npu/ll_aton/ll_aton_lib_sw_operators.c ****   if (rest_dim != 0)
1127:../../Middlewares/stedgeai-lib/Npu/ll_aton/ll_aton_lib_sw_operators.c ****   {
1128:../../Middlewares/stedgeai-lib/Npu/ll_aton/ll_aton_lib_sw_operators.c ****     *((int16_t *)(_dst + n - 2)) = (int16_t)c;
1129:../../Middlewares/stedgeai-lib/Npu/ll_aton/ll_aton_lib_sw_operators.c ****     n -= 2;
1130:../../Middlewares/stedgeai-lib/Npu/ll_aton/ll_aton_lib_sw_operators.c ****   }
1131:../../Middlewares/stedgeai-lib/Npu/ll_aton/ll_aton_lib_sw_operators.c **** 
1132:../../Middlewares/stedgeai-lib/Npu/ll_aton/ll_aton_lib_sw_operators.c ****   LL_ATON_ASSERT((n % 4) == 0);
1133:../../Middlewares/stedgeai-lib/Npu/ll_aton/ll_aton_lib_sw_operators.c ****   LL_ATON_ASSERT((n == 0) || ((((uintptr_t)_dst) % 4) == 0));
1134:../../Middlewares/stedgeai-lib/Npu/ll_aton/ll_aton_lib_sw_operators.c **** 
1135:../../Middlewares/stedgeai-lib/Npu/ll_aton/ll_aton_lib_sw_operators.c ****   if (n > 0)
1136:../../Middlewares/stedgeai-lib/Npu/ll_aton/ll_aton_lib_sw_operators.c ****   {
1137:../../Middlewares/stedgeai-lib/Npu/ll_aton/ll_aton_lib_sw_operators.c ****     int32_t repetition_constant = (c << 16) | (0xFFFF & c);
1138:../../Middlewares/stedgeai-lib/Npu/ll_aton/ll_aton_lib_sw_operators.c ****     for (unsigned int i = 0; i < n; i += 4)
1139:../../Middlewares/stedgeai-lib/Npu/ll_aton/ll_aton_lib_sw_operators.c ****     {
1140:../../Middlewares/stedgeai-lib/Npu/ll_aton/ll_aton_lib_sw_operators.c ****       *((int32_t *)(_dst + i)) = (int32_t)repetition_constant;
1141:../../Middlewares/stedgeai-lib/Npu/ll_aton/ll_aton_lib_sw_operators.c ****     }
1142:../../Middlewares/stedgeai-lib/Npu/ll_aton/ll_aton_lib_sw_operators.c ****   }
1143:../../Middlewares/stedgeai-lib/Npu/ll_aton/ll_aton_lib_sw_operators.c **** 
1144:../../Middlewares/stedgeai-lib/Npu/ll_aton/ll_aton_lib_sw_operators.c ****   return dst;
1145:../../Middlewares/stedgeai-lib/Npu/ll_aton/ll_aton_lib_sw_operators.c **** }
1146:../../Middlewares/stedgeai-lib/Npu/ll_aton/ll_aton_lib_sw_operators.c **** 
1147:../../Middlewares/stedgeai-lib/Npu/ll_aton/ll_aton_lib_sw_operators.c **** static void *__ll_aton_lib_memset24(void *dst, int32_t c, size_t n) // NOTE: assuming no alignment
1148:../../Middlewares/stedgeai-lib/Npu/ll_aton/ll_aton_lib_sw_operators.c **** {
1149:../../Middlewares/stedgeai-lib/Npu/ll_aton/ll_aton_lib_sw_operators.c ****   int8_t *_dst = (int8_t *)dst;
1150:../../Middlewares/stedgeai-lib/Npu/ll_aton/ll_aton_lib_sw_operators.c ****   int32_t num_elems = (n / 3);
1151:../../Middlewares/stedgeai-lib/Npu/ll_aton/ll_aton_lib_sw_operators.c ****   LL_ATON_ASSERT((n % 3) == 0);
1152:../../Middlewares/stedgeai-lib/Npu/ll_aton/ll_aton_lib_sw_operators.c **** 
1153:../../Middlewares/stedgeai-lib/Npu/ll_aton/ll_aton_lib_sw_operators.c ****   for (int i = 0; i < num_elems; i++)
1154:../../Middlewares/stedgeai-lib/Npu/ll_aton/ll_aton_lib_sw_operators.c ****   {
1155:../../Middlewares/stedgeai-lib/Npu/ll_aton/ll_aton_lib_sw_operators.c ****     *_dst++ = c & 0xFF;
1156:../../Middlewares/stedgeai-lib/Npu/ll_aton/ll_aton_lib_sw_operators.c ****     *_dst++ = (c >> 8) & 0xFF;
1157:../../Middlewares/stedgeai-lib/Npu/ll_aton/ll_aton_lib_sw_operators.c ****     *_dst++ = (c >> 16) & 0xFF;
1158:../../Middlewares/stedgeai-lib/Npu/ll_aton/ll_aton_lib_sw_operators.c ****   }
1159:../../Middlewares/stedgeai-lib/Npu/ll_aton/ll_aton_lib_sw_operators.c **** 
1160:../../Middlewares/stedgeai-lib/Npu/ll_aton/ll_aton_lib_sw_operators.c ****   return dst;
1161:../../Middlewares/stedgeai-lib/Npu/ll_aton/ll_aton_lib_sw_operators.c **** }
1162:../../Middlewares/stedgeai-lib/Npu/ll_aton/ll_aton_lib_sw_operators.c **** 
1163:../../Middlewares/stedgeai-lib/Npu/ll_aton/ll_aton_lib_sw_operators.c **** static void *__ll_aton_lib_memset32(void *dst, int32_t c, size_t n)
1164:../../Middlewares/stedgeai-lib/Npu/ll_aton/ll_aton_lib_sw_operators.c **** {
1165:../../Middlewares/stedgeai-lib/Npu/ll_aton/ll_aton_lib_sw_operators.c ****   int32_t *_dst = (int32_t *)dst;
1166:../../Middlewares/stedgeai-lib/Npu/ll_aton/ll_aton_lib_sw_operators.c ****   int32_t num_elems = (n / 4);
1167:../../Middlewares/stedgeai-lib/Npu/ll_aton/ll_aton_lib_sw_operators.c **** 
1168:../../Middlewares/stedgeai-lib/Npu/ll_aton/ll_aton_lib_sw_operators.c ****   LL_ATON_ASSERT((((uintptr_t)dst) % 4) == 0);
ARM GAS  /tmp/ccBdscOF.s 			page 38


1169:../../Middlewares/stedgeai-lib/Npu/ll_aton/ll_aton_lib_sw_operators.c ****   LL_ATON_ASSERT((n % 4) == 0);
1170:../../Middlewares/stedgeai-lib/Npu/ll_aton/ll_aton_lib_sw_operators.c **** 
1171:../../Middlewares/stedgeai-lib/Npu/ll_aton/ll_aton_lib_sw_operators.c ****   for (int i = 0; i < num_elems; i++)
1172:../../Middlewares/stedgeai-lib/Npu/ll_aton/ll_aton_lib_sw_operators.c ****   {
1173:../../Middlewares/stedgeai-lib/Npu/ll_aton/ll_aton_lib_sw_operators.c ****     *_dst++ = c;
1174:../../Middlewares/stedgeai-lib/Npu/ll_aton/ll_aton_lib_sw_operators.c ****   }
1175:../../Middlewares/stedgeai-lib/Npu/ll_aton/ll_aton_lib_sw_operators.c **** 
1176:../../Middlewares/stedgeai-lib/Npu/ll_aton/ll_aton_lib_sw_operators.c ****   return dst;
1177:../../Middlewares/stedgeai-lib/Npu/ll_aton/ll_aton_lib_sw_operators.c **** }
1178:../../Middlewares/stedgeai-lib/Npu/ll_aton/ll_aton_lib_sw_operators.c **** 
1179:../../Middlewares/stedgeai-lib/Npu/ll_aton/ll_aton_lib_sw_operators.c **** static inline void *__ll_aton_lib_memset(uint8_t nbytes, void *dst, int32_t c, size_t n)
1180:../../Middlewares/stedgeai-lib/Npu/ll_aton/ll_aton_lib_sw_operators.c **** {
1181:../../Middlewares/stedgeai-lib/Npu/ll_aton/ll_aton_lib_sw_operators.c ****   if (n > 0)
1182:../../Middlewares/stedgeai-lib/Npu/ll_aton/ll_aton_lib_sw_operators.c ****   {
1183:../../Middlewares/stedgeai-lib/Npu/ll_aton/ll_aton_lib_sw_operators.c ****     switch (nbytes)
1184:../../Middlewares/stedgeai-lib/Npu/ll_aton/ll_aton_lib_sw_operators.c ****     {
1185:../../Middlewares/stedgeai-lib/Npu/ll_aton/ll_aton_lib_sw_operators.c ****     case 1:
1186:../../Middlewares/stedgeai-lib/Npu/ll_aton/ll_aton_lib_sw_operators.c ****       return memset(dst, c, n);
1187:../../Middlewares/stedgeai-lib/Npu/ll_aton/ll_aton_lib_sw_operators.c ****     case 2:
1188:../../Middlewares/stedgeai-lib/Npu/ll_aton/ll_aton_lib_sw_operators.c ****       return __ll_aton_lib_memset16(dst, c, n);
1189:../../Middlewares/stedgeai-lib/Npu/ll_aton/ll_aton_lib_sw_operators.c ****     case 3:
1190:../../Middlewares/stedgeai-lib/Npu/ll_aton/ll_aton_lib_sw_operators.c ****       return __ll_aton_lib_memset24(dst, c, n);
1191:../../Middlewares/stedgeai-lib/Npu/ll_aton/ll_aton_lib_sw_operators.c ****     case 4:
1192:../../Middlewares/stedgeai-lib/Npu/ll_aton/ll_aton_lib_sw_operators.c ****       return __ll_aton_lib_memset32(dst, c, n);
1193:../../Middlewares/stedgeai-lib/Npu/ll_aton/ll_aton_lib_sw_operators.c ****     default:
1194:../../Middlewares/stedgeai-lib/Npu/ll_aton/ll_aton_lib_sw_operators.c ****       LL_ATON_ASSERT(false);
1195:../../Middlewares/stedgeai-lib/Npu/ll_aton/ll_aton_lib_sw_operators.c ****       return dst;
1196:../../Middlewares/stedgeai-lib/Npu/ll_aton/ll_aton_lib_sw_operators.c ****     }
1197:../../Middlewares/stedgeai-lib/Npu/ll_aton/ll_aton_lib_sw_operators.c ****   }
1198:../../Middlewares/stedgeai-lib/Npu/ll_aton/ll_aton_lib_sw_operators.c ****   else
1199:../../Middlewares/stedgeai-lib/Npu/ll_aton/ll_aton_lib_sw_operators.c ****   {
1200:../../Middlewares/stedgeai-lib/Npu/ll_aton/ll_aton_lib_sw_operators.c ****     return dst;
1201:../../Middlewares/stedgeai-lib/Npu/ll_aton/ll_aton_lib_sw_operators.c ****   }
1202:../../Middlewares/stedgeai-lib/Npu/ll_aton/ll_aton_lib_sw_operators.c **** }
1203:../../Middlewares/stedgeai-lib/Npu/ll_aton/ll_aton_lib_sw_operators.c **** 
1204:../../Middlewares/stedgeai-lib/Npu/ll_aton/ll_aton_lib_sw_operators.c **** static inline uint32_t zero_neg(int32_t value)
1205:../../Middlewares/stedgeai-lib/Npu/ll_aton/ll_aton_lib_sw_operators.c **** {
1206:../../Middlewares/stedgeai-lib/Npu/ll_aton/ll_aton_lib_sw_operators.c ****   uint32_t ret = 0;
1207:../../Middlewares/stedgeai-lib/Npu/ll_aton/ll_aton_lib_sw_operators.c ****   if (value > 0)
1208:../../Middlewares/stedgeai-lib/Npu/ll_aton/ll_aton_lib_sw_operators.c ****   {
1209:../../Middlewares/stedgeai-lib/Npu/ll_aton/ll_aton_lib_sw_operators.c ****     ret = value;
1210:../../Middlewares/stedgeai-lib/Npu/ll_aton/ll_aton_lib_sw_operators.c ****   }
1211:../../Middlewares/stedgeai-lib/Npu/ll_aton/ll_aton_lib_sw_operators.c ****   return ret;
1212:../../Middlewares/stedgeai-lib/Npu/ll_aton/ll_aton_lib_sw_operators.c **** }
1213:../../Middlewares/stedgeai-lib/Npu/ll_aton/ll_aton_lib_sw_operators.c **** 
1214:../../Middlewares/stedgeai-lib/Npu/ll_aton/ll_aton_lib_sw_operators.c **** static inline void __ll_aton_lib_reflect_inner_framing_sw(uint32_t curr_axis, uint8_t nbytes, int8_
1215:../../Middlewares/stedgeai-lib/Npu/ll_aton/ll_aton_lib_sw_operators.c ****                                                           int32_t n_elems, int32_t length, bool sta
1216:../../Middlewares/stedgeai-lib/Npu/ll_aton/ll_aton_lib_sw_operators.c **** {
1217:../../Middlewares/stedgeai-lib/Npu/ll_aton/ll_aton_lib_sw_operators.c ****   LL_ATON_ASSERT(n_elems > 0);
1218:../../Middlewares/stedgeai-lib/Npu/ll_aton/ll_aton_lib_sw_operators.c ****   if (nbytes == 2)
1219:../../Middlewares/stedgeai-lib/Npu/ll_aton/ll_aton_lib_sw_operators.c ****   {
1220:../../Middlewares/stedgeai-lib/Npu/ll_aton/ll_aton_lib_sw_operators.c ****     LL_ATON_ASSERT((((uintptr_t)src) % 2) == 0);
1221:../../Middlewares/stedgeai-lib/Npu/ll_aton/ll_aton_lib_sw_operators.c ****   }
1222:../../Middlewares/stedgeai-lib/Npu/ll_aton/ll_aton_lib_sw_operators.c ****   if (nbytes == 4)
1223:../../Middlewares/stedgeai-lib/Npu/ll_aton/ll_aton_lib_sw_operators.c ****   {
1224:../../Middlewares/stedgeai-lib/Npu/ll_aton/ll_aton_lib_sw_operators.c ****     LL_ATON_ASSERT((((uintptr_t)src) % 4) == 0);
1225:../../Middlewares/stedgeai-lib/Npu/ll_aton/ll_aton_lib_sw_operators.c ****   }
ARM GAS  /tmp/ccBdscOF.s 			page 39


1226:../../Middlewares/stedgeai-lib/Npu/ll_aton/ll_aton_lib_sw_operators.c **** 
1227:../../Middlewares/stedgeai-lib/Npu/ll_aton/ll_aton_lib_sw_operators.c **** #if defined(DUMP_DEBUG_SW_OPS)
1228:../../Middlewares/stedgeai-lib/Npu/ll_aton/ll_aton_lib_sw_operators.c ****   LL_ATON_PRINTF("%s(%d): reflect, curr_axis=%d, dst=%p, src=%p, min_shape_elems=%d, bytes=%d\n", _
1229:../../Middlewares/stedgeai-lib/Npu/ll_aton/ll_aton_lib_sw_operators.c ****                  curr_axis, dst, src, n_elems, length);
1230:../../Middlewares/stedgeai-lib/Npu/ll_aton/ll_aton_lib_sw_operators.c **** #if (ATON_PLAT_HAS_FFLUSH)
1231:../../Middlewares/stedgeai-lib/Npu/ll_aton/ll_aton_lib_sw_operators.c ****   LL_ATON_FFLUSH(stdout);
1232:../../Middlewares/stedgeai-lib/Npu/ll_aton/ll_aton_lib_sw_operators.c **** #endif
1233:../../Middlewares/stedgeai-lib/Npu/ll_aton/ll_aton_lib_sw_operators.c **** #endif
1234:../../Middlewares/stedgeai-lib/Npu/ll_aton/ll_aton_lib_sw_operators.c **** 
1235:../../Middlewares/stedgeai-lib/Npu/ll_aton/ll_aton_lib_sw_operators.c ****   bool forward = start;
1236:../../Middlewares/stedgeai-lib/Npu/ll_aton/ll_aton_lib_sw_operators.c **** 
1237:../../Middlewares/stedgeai-lib/Npu/ll_aton/ll_aton_lib_sw_operators.c ****   if (start)
1238:../../Middlewares/stedgeai-lib/Npu/ll_aton/ll_aton_lib_sw_operators.c ****   {
1239:../../Middlewares/stedgeai-lib/Npu/ll_aton/ll_aton_lib_sw_operators.c ****     int8_t *dst_ptr = dst + length - nbytes;
1240:../../Middlewares/stedgeai-lib/Npu/ll_aton/ll_aton_lib_sw_operators.c ****     int32_t src_idx = (n_elems > 1) ? 1 : 0;
1241:../../Middlewares/stedgeai-lib/Npu/ll_aton/ll_aton_lib_sw_operators.c **** 
1242:../../Middlewares/stedgeai-lib/Npu/ll_aton/ll_aton_lib_sw_operators.c ****     for (; length > 0; length -= nbytes)
1243:../../Middlewares/stedgeai-lib/Npu/ll_aton/ll_aton_lib_sw_operators.c ****     {
1244:../../Middlewares/stedgeai-lib/Npu/ll_aton/ll_aton_lib_sw_operators.c ****       LL_ATON_ASSERT(dst_ptr >= dst);
1245:../../Middlewares/stedgeai-lib/Npu/ll_aton/ll_aton_lib_sw_operators.c ****       LL_ATON_ASSERT(src_idx < n_elems);
1246:../../Middlewares/stedgeai-lib/Npu/ll_aton/ll_aton_lib_sw_operators.c ****       LL_ATON_ASSERT(src_idx >= 0);
1247:../../Middlewares/stedgeai-lib/Npu/ll_aton/ll_aton_lib_sw_operators.c **** 
1248:../../Middlewares/stedgeai-lib/Npu/ll_aton/ll_aton_lib_sw_operators.c **** #if defined(DUMP_DEBUG_SW_OPS)
1249:../../Middlewares/stedgeai-lib/Npu/ll_aton/ll_aton_lib_sw_operators.c ****       LL_ATON_PRINTF("%s(%d): reflect, curr_axis=%d, dst=%p, src=%p, src_idx=%d, nbytes=%d\n", __fu
1250:../../Middlewares/stedgeai-lib/Npu/ll_aton/ll_aton_lib_sw_operators.c ****                      curr_axis, dst_ptr, src, src_idx, nbytes);
1251:../../Middlewares/stedgeai-lib/Npu/ll_aton/ll_aton_lib_sw_operators.c **** #endif
1252:../../Middlewares/stedgeai-lib/Npu/ll_aton/ll_aton_lib_sw_operators.c **** 
1253:../../Middlewares/stedgeai-lib/Npu/ll_aton/ll_aton_lib_sw_operators.c ****       int8_t *src_ptr = (int8_t *)(&((int8_t *)src)[src_idx * nbytes]);
1254:../../Middlewares/stedgeai-lib/Npu/ll_aton/ll_aton_lib_sw_operators.c ****       __ll_aton_lib_copy_element(nbytes, src_idx, dst_ptr, src_ptr);
1255:../../Middlewares/stedgeai-lib/Npu/ll_aton/ll_aton_lib_sw_operators.c **** 
1256:../../Middlewares/stedgeai-lib/Npu/ll_aton/ll_aton_lib_sw_operators.c ****       dst_ptr -= nbytes;
1257:../../Middlewares/stedgeai-lib/Npu/ll_aton/ll_aton_lib_sw_operators.c ****       if (forward)
1258:../../Middlewares/stedgeai-lib/Npu/ll_aton/ll_aton_lib_sw_operators.c ****       {
1259:../../Middlewares/stedgeai-lib/Npu/ll_aton/ll_aton_lib_sw_operators.c ****         if (src_idx >= (n_elems - 1))
1260:../../Middlewares/stedgeai-lib/Npu/ll_aton/ll_aton_lib_sw_operators.c ****         {
1261:../../Middlewares/stedgeai-lib/Npu/ll_aton/ll_aton_lib_sw_operators.c ****           forward = false;
1262:../../Middlewares/stedgeai-lib/Npu/ll_aton/ll_aton_lib_sw_operators.c ****           src_idx = (n_elems > 1) ? (src_idx - 1) : 0;
1263:../../Middlewares/stedgeai-lib/Npu/ll_aton/ll_aton_lib_sw_operators.c ****         }
1264:../../Middlewares/stedgeai-lib/Npu/ll_aton/ll_aton_lib_sw_operators.c ****         else
1265:../../Middlewares/stedgeai-lib/Npu/ll_aton/ll_aton_lib_sw_operators.c ****         {
1266:../../Middlewares/stedgeai-lib/Npu/ll_aton/ll_aton_lib_sw_operators.c ****           src_idx = (n_elems > 1) ? (src_idx + 1) : 0;
1267:../../Middlewares/stedgeai-lib/Npu/ll_aton/ll_aton_lib_sw_operators.c ****         }
1268:../../Middlewares/stedgeai-lib/Npu/ll_aton/ll_aton_lib_sw_operators.c ****       }
1269:../../Middlewares/stedgeai-lib/Npu/ll_aton/ll_aton_lib_sw_operators.c ****       else
1270:../../Middlewares/stedgeai-lib/Npu/ll_aton/ll_aton_lib_sw_operators.c ****       {
1271:../../Middlewares/stedgeai-lib/Npu/ll_aton/ll_aton_lib_sw_operators.c ****         if (src_idx <= 0)
1272:../../Middlewares/stedgeai-lib/Npu/ll_aton/ll_aton_lib_sw_operators.c ****         {
1273:../../Middlewares/stedgeai-lib/Npu/ll_aton/ll_aton_lib_sw_operators.c ****           forward = true;
1274:../../Middlewares/stedgeai-lib/Npu/ll_aton/ll_aton_lib_sw_operators.c ****           src_idx = (n_elems > 1) ? 1 : 0;
1275:../../Middlewares/stedgeai-lib/Npu/ll_aton/ll_aton_lib_sw_operators.c ****         }
1276:../../Middlewares/stedgeai-lib/Npu/ll_aton/ll_aton_lib_sw_operators.c ****         else
1277:../../Middlewares/stedgeai-lib/Npu/ll_aton/ll_aton_lib_sw_operators.c ****         {
1278:../../Middlewares/stedgeai-lib/Npu/ll_aton/ll_aton_lib_sw_operators.c ****           src_idx = (n_elems > 1) ? (src_idx - 1) : 0;
1279:../../Middlewares/stedgeai-lib/Npu/ll_aton/ll_aton_lib_sw_operators.c ****         }
1280:../../Middlewares/stedgeai-lib/Npu/ll_aton/ll_aton_lib_sw_operators.c ****       }
1281:../../Middlewares/stedgeai-lib/Npu/ll_aton/ll_aton_lib_sw_operators.c ****     }
1282:../../Middlewares/stedgeai-lib/Npu/ll_aton/ll_aton_lib_sw_operators.c ****   }
ARM GAS  /tmp/ccBdscOF.s 			page 40


1283:../../Middlewares/stedgeai-lib/Npu/ll_aton/ll_aton_lib_sw_operators.c ****   else
1284:../../Middlewares/stedgeai-lib/Npu/ll_aton/ll_aton_lib_sw_operators.c ****   {
1285:../../Middlewares/stedgeai-lib/Npu/ll_aton/ll_aton_lib_sw_operators.c ****     int8_t *dst_ptr = dst;
1286:../../Middlewares/stedgeai-lib/Npu/ll_aton/ll_aton_lib_sw_operators.c **** #ifndef NDEBUG
1287:../../Middlewares/stedgeai-lib/Npu/ll_aton/ll_aton_lib_sw_operators.c ****     int8_t *last_ptr = dst + length;
1288:../../Middlewares/stedgeai-lib/Npu/ll_aton/ll_aton_lib_sw_operators.c **** #endif
1289:../../Middlewares/stedgeai-lib/Npu/ll_aton/ll_aton_lib_sw_operators.c **** 
1290:../../Middlewares/stedgeai-lib/Npu/ll_aton/ll_aton_lib_sw_operators.c ****     int32_t src_idx = (n_elems > 1) ? -1 : 0;
1291:../../Middlewares/stedgeai-lib/Npu/ll_aton/ll_aton_lib_sw_operators.c ****     for (; length > 0; length -= nbytes)
1292:../../Middlewares/stedgeai-lib/Npu/ll_aton/ll_aton_lib_sw_operators.c ****     {
1293:../../Middlewares/stedgeai-lib/Npu/ll_aton/ll_aton_lib_sw_operators.c ****       LL_ATON_ASSERT(dst_ptr < last_ptr);
1294:../../Middlewares/stedgeai-lib/Npu/ll_aton/ll_aton_lib_sw_operators.c ****       LL_ATON_ASSERT((-src_idx) < n_elems);
1295:../../Middlewares/stedgeai-lib/Npu/ll_aton/ll_aton_lib_sw_operators.c ****       LL_ATON_ASSERT(src_idx <= 0);
1296:../../Middlewares/stedgeai-lib/Npu/ll_aton/ll_aton_lib_sw_operators.c **** 
1297:../../Middlewares/stedgeai-lib/Npu/ll_aton/ll_aton_lib_sw_operators.c ****       int8_t *src_ptr = (int8_t *)(&((int8_t *)src)[src_idx * nbytes]);
1298:../../Middlewares/stedgeai-lib/Npu/ll_aton/ll_aton_lib_sw_operators.c ****       __ll_aton_lib_copy_element(nbytes, src_idx, dst_ptr, src_ptr);
1299:../../Middlewares/stedgeai-lib/Npu/ll_aton/ll_aton_lib_sw_operators.c **** 
1300:../../Middlewares/stedgeai-lib/Npu/ll_aton/ll_aton_lib_sw_operators.c ****       dst_ptr += nbytes;
1301:../../Middlewares/stedgeai-lib/Npu/ll_aton/ll_aton_lib_sw_operators.c ****       if (forward)
1302:../../Middlewares/stedgeai-lib/Npu/ll_aton/ll_aton_lib_sw_operators.c ****       {
1303:../../Middlewares/stedgeai-lib/Npu/ll_aton/ll_aton_lib_sw_operators.c ****         if (src_idx >= 0)
1304:../../Middlewares/stedgeai-lib/Npu/ll_aton/ll_aton_lib_sw_operators.c ****         {
1305:../../Middlewares/stedgeai-lib/Npu/ll_aton/ll_aton_lib_sw_operators.c ****           forward = false;
1306:../../Middlewares/stedgeai-lib/Npu/ll_aton/ll_aton_lib_sw_operators.c ****           src_idx = (n_elems > 1) ? -1 : 0;
1307:../../Middlewares/stedgeai-lib/Npu/ll_aton/ll_aton_lib_sw_operators.c ****         }
1308:../../Middlewares/stedgeai-lib/Npu/ll_aton/ll_aton_lib_sw_operators.c ****         else
1309:../../Middlewares/stedgeai-lib/Npu/ll_aton/ll_aton_lib_sw_operators.c ****         {
1310:../../Middlewares/stedgeai-lib/Npu/ll_aton/ll_aton_lib_sw_operators.c ****           src_idx = (n_elems > 1) ? (src_idx + 1) : 0;
1311:../../Middlewares/stedgeai-lib/Npu/ll_aton/ll_aton_lib_sw_operators.c ****         }
1312:../../Middlewares/stedgeai-lib/Npu/ll_aton/ll_aton_lib_sw_operators.c ****       }
1313:../../Middlewares/stedgeai-lib/Npu/ll_aton/ll_aton_lib_sw_operators.c ****       else
1314:../../Middlewares/stedgeai-lib/Npu/ll_aton/ll_aton_lib_sw_operators.c ****       {
1315:../../Middlewares/stedgeai-lib/Npu/ll_aton/ll_aton_lib_sw_operators.c ****         if ((-src_idx) >= (n_elems - 1))
1316:../../Middlewares/stedgeai-lib/Npu/ll_aton/ll_aton_lib_sw_operators.c ****         {
1317:../../Middlewares/stedgeai-lib/Npu/ll_aton/ll_aton_lib_sw_operators.c ****           forward = true;
1318:../../Middlewares/stedgeai-lib/Npu/ll_aton/ll_aton_lib_sw_operators.c ****           src_idx = (n_elems > 1) ? (src_idx + 1) : 0;
1319:../../Middlewares/stedgeai-lib/Npu/ll_aton/ll_aton_lib_sw_operators.c ****         }
1320:../../Middlewares/stedgeai-lib/Npu/ll_aton/ll_aton_lib_sw_operators.c ****         else
1321:../../Middlewares/stedgeai-lib/Npu/ll_aton/ll_aton_lib_sw_operators.c ****         {
1322:../../Middlewares/stedgeai-lib/Npu/ll_aton/ll_aton_lib_sw_operators.c ****           src_idx = (n_elems > 1) ? (src_idx - 1) : 0;
1323:../../Middlewares/stedgeai-lib/Npu/ll_aton/ll_aton_lib_sw_operators.c ****         }
1324:../../Middlewares/stedgeai-lib/Npu/ll_aton/ll_aton_lib_sw_operators.c ****       }
1325:../../Middlewares/stedgeai-lib/Npu/ll_aton/ll_aton_lib_sw_operators.c ****     }
1326:../../Middlewares/stedgeai-lib/Npu/ll_aton/ll_aton_lib_sw_operators.c ****   }
1327:../../Middlewares/stedgeai-lib/Npu/ll_aton/ll_aton_lib_sw_operators.c **** }
1328:../../Middlewares/stedgeai-lib/Npu/ll_aton/ll_aton_lib_sw_operators.c **** 
1329:../../Middlewares/stedgeai-lib/Npu/ll_aton/ll_aton_lib_sw_operators.c **** static inline void __ll_aton_lib_edge_framing_sw(uint32_t curr_axis, uint8_t nbytes, void *dst, voi
1330:../../Middlewares/stedgeai-lib/Npu/ll_aton/ll_aton_lib_sw_operators.c ****                                                  int32_t length)
1331:../../Middlewares/stedgeai-lib/Npu/ll_aton/ll_aton_lib_sw_operators.c **** {
1332:../../Middlewares/stedgeai-lib/Npu/ll_aton/ll_aton_lib_sw_operators.c **** #if defined(DUMP_DEBUG_SW_OPS)
1333:../../Middlewares/stedgeai-lib/Npu/ll_aton/ll_aton_lib_sw_operators.c ****   LL_ATON_PRINTF("%s(%d): memset, curr_axis=%d, dst=%p, src=%p, bytes=%d\n", __func__, __LINE__, cu
1334:../../Middlewares/stedgeai-lib/Npu/ll_aton/ll_aton_lib_sw_operators.c ****                  length);
1335:../../Middlewares/stedgeai-lib/Npu/ll_aton/ll_aton_lib_sw_operators.c **** #endif
1336:../../Middlewares/stedgeai-lib/Npu/ll_aton/ll_aton_lib_sw_operators.c ****   __ll_aton_lib_memset(nbytes, dst, *((int32_t *)src), length);
1337:../../Middlewares/stedgeai-lib/Npu/ll_aton/ll_aton_lib_sw_operators.c **** }
1338:../../Middlewares/stedgeai-lib/Npu/ll_aton/ll_aton_lib_sw_operators.c **** 
1339:../../Middlewares/stedgeai-lib/Npu/ll_aton/ll_aton_lib_sw_operators.c **** static void __ll_aton_lib_pad_filling_sw(uint32_t curr_axis, __ll_pad_sw_params_t *common_params)
ARM GAS  /tmp/ccBdscOF.s 			page 41


1340:../../Middlewares/stedgeai-lib/Npu/ll_aton/ll_aton_lib_sw_operators.c **** {
 357              		.loc 1 1340 1 is_stmt 1 view -0
 358              		.cfi_startproc
 359              		@ args = 0, pretend = 0, frame = 0
 360              		@ frame_needed = 0, uses_anonymous_args = 0
1341:../../Middlewares/stedgeai-lib/Npu/ll_aton/ll_aton_lib_sw_operators.c ****   LL_ATON_ASSERT(curr_axis <= common_params->consecutive_axis);
 361              		.loc 1 1341 3 view .LVU94
 362 0000 8A69     		ldr	r2, [r1, #24]
1340:../../Middlewares/stedgeai-lib/Npu/ll_aton/ll_aton_lib_sw_operators.c ****   LL_ATON_ASSERT(curr_axis <= common_params->consecutive_axis);
 363              		.loc 1 1340 1 is_stmt 0 view .LVU95
 364 0002 2DE9F041 		push	{r4, r5, r6, r7, r8, lr}
 365              		.cfi_def_cfa_offset 24
 366              		.cfi_offset 4, -24
 367              		.cfi_offset 5, -20
 368              		.cfi_offset 6, -16
 369              		.cfi_offset 7, -12
 370              		.cfi_offset 8, -8
 371              		.cfi_offset 14, -4
 372              		.loc 1 1341 3 view .LVU96
 373 0006 8242     		cmp	r2, r0
1340:../../Middlewares/stedgeai-lib/Npu/ll_aton/ll_aton_lib_sw_operators.c ****   LL_ATON_ASSERT(curr_axis <= common_params->consecutive_axis);
 374              		.loc 1 1340 1 view .LVU97
 375 0008 0546     		mov	r5, r0
 376 000a 0C46     		mov	r4, r1
 377              		.loc 1 1341 3 view .LVU98
 378 000c 06D2     		bcs	.L23
 379              		.loc 1 1341 3 discriminator 1 view .LVU99
 380 000e 40F23D51 		movw	r1, #1341
 381              	.LVL31:
 382              		.loc 1 1341 3 discriminator 1 view .LVU100
 383 0012 2C4B     		ldr	r3, .L35
 384 0014 2C4A     		ldr	r2, .L35+4
 385              	.LVL32:
 386              	.L34:
1342:../../Middlewares/stedgeai-lib/Npu/ll_aton/ll_aton_lib_sw_operators.c **** 
1343:../../Middlewares/stedgeai-lib/Npu/ll_aton/ll_aton_lib_sw_operators.c **** #if defined(DUMP_DEBUG_SW_OPS)
1344:../../Middlewares/stedgeai-lib/Npu/ll_aton/ll_aton_lib_sw_operators.c ****   LL_ATON_PRINTF("%s(%d): in=%lx, out=%lx, curr_axis=%u, min_dim=%u, in_start=%d, out_start=%d\n", 
1345:../../Middlewares/stedgeai-lib/Npu/ll_aton/ll_aton_lib_sw_operators.c ****                  (uintptr_t)common_params->in_target, (uintptr_t)common_params->out_target, curr_ax
1346:../../Middlewares/stedgeai-lib/Npu/ll_aton/ll_aton_lib_sw_operators.c ****                  common_params->min_shape[curr_axis], common_params->pad_in_offsets_start[curr_axis
1347:../../Middlewares/stedgeai-lib/Npu/ll_aton/ll_aton_lib_sw_operators.c ****                  common_params->pad_out_offsets_start[curr_axis]);
1348:../../Middlewares/stedgeai-lib/Npu/ll_aton/ll_aton_lib_sw_operators.c **** #endif
1349:../../Middlewares/stedgeai-lib/Npu/ll_aton/ll_aton_lib_sw_operators.c **** 
1350:../../Middlewares/stedgeai-lib/Npu/ll_aton/ll_aton_lib_sw_operators.c ****   if (common_params->pad_in_offsets_start[curr_axis] < 0)
1351:../../Middlewares/stedgeai-lib/Npu/ll_aton/ll_aton_lib_sw_operators.c ****   {
1352:../../Middlewares/stedgeai-lib/Npu/ll_aton/ll_aton_lib_sw_operators.c ****     common_params->in_target -= common_params->pad_in_offsets_start[curr_axis];
1353:../../Middlewares/stedgeai-lib/Npu/ll_aton/ll_aton_lib_sw_operators.c ****   }
1354:../../Middlewares/stedgeai-lib/Npu/ll_aton/ll_aton_lib_sw_operators.c **** 
1355:../../Middlewares/stedgeai-lib/Npu/ll_aton/ll_aton_lib_sw_operators.c ****   if (common_params->pad_out_offsets_start[curr_axis] > 0)
1356:../../Middlewares/stedgeai-lib/Npu/ll_aton/ll_aton_lib_sw_operators.c ****   {
1357:../../Middlewares/stedgeai-lib/Npu/ll_aton/ll_aton_lib_sw_operators.c ****     common_params->out_target += common_params->pad_out_offsets_start[curr_axis];
1358:../../Middlewares/stedgeai-lib/Npu/ll_aton/ll_aton_lib_sw_operators.c ****   }
1359:../../Middlewares/stedgeai-lib/Npu/ll_aton/ll_aton_lib_sw_operators.c **** 
1360:../../Middlewares/stedgeai-lib/Npu/ll_aton/ll_aton_lib_sw_operators.c ****   if (curr_axis == common_params->consecutive_axis)
1361:../../Middlewares/stedgeai-lib/Npu/ll_aton/ll_aton_lib_sw_operators.c ****   {
1362:../../Middlewares/stedgeai-lib/Npu/ll_aton/ll_aton_lib_sw_operators.c **** #if defined(DUMP_DEBUG_SW_OPS)
1363:../../Middlewares/stedgeai-lib/Npu/ll_aton/ll_aton_lib_sw_operators.c ****     LL_ATON_PRINTF("%s(%d): ASSIGN in=%lx, out=%lx, bytes=%u\n", __func__, __LINE__,
1364:../../Middlewares/stedgeai-lib/Npu/ll_aton/ll_aton_lib_sw_operators.c ****                    (uintptr_t)common_params->in_target, (uintptr_t)common_params->out_target,
ARM GAS  /tmp/ccBdscOF.s 			page 42


1365:../../Middlewares/stedgeai-lib/Npu/ll_aton/ll_aton_lib_sw_operators.c ****                    common_params->consecutive_bytes);
1366:../../Middlewares/stedgeai-lib/Npu/ll_aton/ll_aton_lib_sw_operators.c **** #if (ATON_PLAT_HAS_FFLUSH)
1367:../../Middlewares/stedgeai-lib/Npu/ll_aton/ll_aton_lib_sw_operators.c ****     LL_ATON_FFLUSH(stdout);
1368:../../Middlewares/stedgeai-lib/Npu/ll_aton/ll_aton_lib_sw_operators.c **** #endif
1369:../../Middlewares/stedgeai-lib/Npu/ll_aton/ll_aton_lib_sw_operators.c **** #endif
1370:../../Middlewares/stedgeai-lib/Npu/ll_aton/ll_aton_lib_sw_operators.c **** 
1371:../../Middlewares/stedgeai-lib/Npu/ll_aton/ll_aton_lib_sw_operators.c ****     memcpy(common_params->out_target, common_params->in_target, common_params->consecutive_bytes);
1372:../../Middlewares/stedgeai-lib/Npu/ll_aton/ll_aton_lib_sw_operators.c ****     common_params->in_target += common_params->consecutive_bytes;
1373:../../Middlewares/stedgeai-lib/Npu/ll_aton/ll_aton_lib_sw_operators.c ****     common_params->out_target += common_params->consecutive_bytes;
1374:../../Middlewares/stedgeai-lib/Npu/ll_aton/ll_aton_lib_sw_operators.c **** 
1375:../../Middlewares/stedgeai-lib/Npu/ll_aton/ll_aton_lib_sw_operators.c ****     LL_ATON_ASSERT(common_params->out_target <= common_params->end_out_target);
 387              		.loc 1 1375 5 discriminator 1 view .LVU101
 388 0016 2D48     		ldr	r0, .L35+8
 389 0018 FFF7FEFF 		bl	__assert_func
 390              	.LVL33:
 391              	.L23:
1350:../../Middlewares/stedgeai-lib/Npu/ll_aton/ll_aton_lib_sw_operators.c ****   {
 392              		.loc 1 1350 3 is_stmt 1 view .LVU102
1350:../../Middlewares/stedgeai-lib/Npu/ll_aton/ll_aton_lib_sw_operators.c ****   {
 393              		.loc 1 1350 42 is_stmt 0 view .LVU103
 394 001c D1F8A430 		ldr	r3, [r1, #164]
 395 0020 8700     		lsls	r7, r0, #2
 396 0022 53F82010 		ldr	r1, [r3, r0, lsl #2]
 397              	.LVL34:
1350:../../Middlewares/stedgeai-lib/Npu/ll_aton/ll_aton_lib_sw_operators.c ****   {
 398              		.loc 1 1350 6 view .LVU104
 399 0026 0029     		cmp	r1, #0
1352:../../Middlewares/stedgeai-lib/Npu/ll_aton/ll_aton_lib_sw_operators.c ****   }
 400              		.loc 1 1352 5 is_stmt 1 view .LVU105
1352:../../Middlewares/stedgeai-lib/Npu/ll_aton/ll_aton_lib_sw_operators.c ****   }
 401              		.loc 1 1352 30 is_stmt 0 view .LVU106
 402 0028 BEBF     		ittt	lt
 403 002a 2368     		ldrlt	r3, [r4]
 404 002c 5B1A     		sublt	r3, r3, r1
 405 002e 2360     		strlt	r3, [r4]
1355:../../Middlewares/stedgeai-lib/Npu/ll_aton/ll_aton_lib_sw_operators.c ****   {
 406              		.loc 1 1355 3 is_stmt 1 view .LVU107
1355:../../Middlewares/stedgeai-lib/Npu/ll_aton/ll_aton_lib_sw_operators.c ****   {
 407              		.loc 1 1355 43 is_stmt 0 view .LVU108
 408 0030 D4F8AC30 		ldr	r3, [r4, #172]
 409 0034 53F82010 		ldr	r1, [r3, r0, lsl #2]
1355:../../Middlewares/stedgeai-lib/Npu/ll_aton/ll_aton_lib_sw_operators.c ****   {
 410              		.loc 1 1355 6 view .LVU109
 411 0038 0029     		cmp	r1, #0
1357:../../Middlewares/stedgeai-lib/Npu/ll_aton/ll_aton_lib_sw_operators.c ****   }
 412              		.loc 1 1357 5 is_stmt 1 view .LVU110
1357:../../Middlewares/stedgeai-lib/Npu/ll_aton/ll_aton_lib_sw_operators.c ****   }
 413              		.loc 1 1357 31 is_stmt 0 view .LVU111
 414 003a C2BF     		ittt	gt
 415 003c E368     		ldrgt	r3, [r4, #12]
 416 003e 5B18     		addgt	r3, r3, r1
 417 0040 E360     		strgt	r3, [r4, #12]
1360:../../Middlewares/stedgeai-lib/Npu/ll_aton/ll_aton_lib_sw_operators.c ****   {
 418              		.loc 1 1360 3 is_stmt 1 view .LVU112
1360:../../Middlewares/stedgeai-lib/Npu/ll_aton/ll_aton_lib_sw_operators.c ****   {
 419              		.loc 1 1360 6 is_stmt 0 view .LVU113
 420 0042 8242     		cmp	r2, r0
ARM GAS  /tmp/ccBdscOF.s 			page 43


 421 0044 2FD1     		bne	.L33
1371:../../Middlewares/stedgeai-lib/Npu/ll_aton/ll_aton_lib_sw_operators.c ****     common_params->in_target += common_params->consecutive_bytes;
 422              		.loc 1 1371 5 is_stmt 1 view .LVU114
 423 0046 E269     		ldr	r2, [r4, #28]
 424 0048 2168     		ldr	r1, [r4]
 425 004a E068     		ldr	r0, [r4, #12]
 426              	.LVL35:
1371:../../Middlewares/stedgeai-lib/Npu/ll_aton/ll_aton_lib_sw_operators.c ****     common_params->in_target += common_params->consecutive_bytes;
 427              		.loc 1 1371 5 is_stmt 0 view .LVU115
 428 004c FFF7FEFF 		bl	memcpy
 429              	.LVL36:
1372:../../Middlewares/stedgeai-lib/Npu/ll_aton/ll_aton_lib_sw_operators.c ****     common_params->out_target += common_params->consecutive_bytes;
 430              		.loc 1 1372 5 is_stmt 1 view .LVU116
1372:../../Middlewares/stedgeai-lib/Npu/ll_aton/ll_aton_lib_sw_operators.c ****     common_params->out_target += common_params->consecutive_bytes;
 431              		.loc 1 1372 46 is_stmt 0 view .LVU117
 432 0050 E269     		ldr	r2, [r4, #28]
1372:../../Middlewares/stedgeai-lib/Npu/ll_aton/ll_aton_lib_sw_operators.c ****     common_params->out_target += common_params->consecutive_bytes;
 433              		.loc 1 1372 30 view .LVU118
 434 0052 2368     		ldr	r3, [r4]
 435 0054 1344     		add	r3, r3, r2
 436 0056 2360     		str	r3, [r4]
1373:../../Middlewares/stedgeai-lib/Npu/ll_aton/ll_aton_lib_sw_operators.c **** 
 437              		.loc 1 1373 5 is_stmt 1 view .LVU119
1373:../../Middlewares/stedgeai-lib/Npu/ll_aton/ll_aton_lib_sw_operators.c **** 
 438              		.loc 1 1373 31 is_stmt 0 view .LVU120
 439 0058 E368     		ldr	r3, [r4, #12]
 440 005a 1344     		add	r3, r3, r2
 441              		.loc 1 1375 5 view .LVU121
 442 005c 226B     		ldr	r2, [r4, #48]
1373:../../Middlewares/stedgeai-lib/Npu/ll_aton/ll_aton_lib_sw_operators.c **** 
 443              		.loc 1 1373 31 view .LVU122
 444 005e E360     		str	r3, [r4, #12]
 445              		.loc 1 1375 5 is_stmt 1 view .LVU123
 446 0060 9342     		cmp	r3, r2
 447 0062 10D8     		bhi	.L27
 448              	.L31:
1376:../../Middlewares/stedgeai-lib/Npu/ll_aton/ll_aton_lib_sw_operators.c ****   }
1377:../../Middlewares/stedgeai-lib/Npu/ll_aton/ll_aton_lib_sw_operators.c ****   else
1378:../../Middlewares/stedgeai-lib/Npu/ll_aton/ll_aton_lib_sw_operators.c ****   {
1379:../../Middlewares/stedgeai-lib/Npu/ll_aton/ll_aton_lib_sw_operators.c ****     for (uint32_t i = 0; i < common_params->min_shape[curr_axis]; i++)
1380:../../Middlewares/stedgeai-lib/Npu/ll_aton/ll_aton_lib_sw_operators.c ****     {
1381:../../Middlewares/stedgeai-lib/Npu/ll_aton/ll_aton_lib_sw_operators.c **** #if defined(DUMP_DEBUG_SW_OPS)
1382:../../Middlewares/stedgeai-lib/Npu/ll_aton/ll_aton_lib_sw_operators.c ****       LL_ATON_PRINTF("%s(%d): i=%" PRIu32 "\n", __func__, __LINE__, i);
1383:../../Middlewares/stedgeai-lib/Npu/ll_aton/ll_aton_lib_sw_operators.c **** #endif
1384:../../Middlewares/stedgeai-lib/Npu/ll_aton/ll_aton_lib_sw_operators.c **** 
1385:../../Middlewares/stedgeai-lib/Npu/ll_aton/ll_aton_lib_sw_operators.c ****       __ll_aton_lib_pad_filling_sw(curr_axis + 1, common_params);
1386:../../Middlewares/stedgeai-lib/Npu/ll_aton/ll_aton_lib_sw_operators.c ****     }
1387:../../Middlewares/stedgeai-lib/Npu/ll_aton/ll_aton_lib_sw_operators.c ****   }
1388:../../Middlewares/stedgeai-lib/Npu/ll_aton/ll_aton_lib_sw_operators.c **** 
1389:../../Middlewares/stedgeai-lib/Npu/ll_aton/ll_aton_lib_sw_operators.c ****   if (common_params->pad_out_offsets_end[curr_axis] > 0)
 449              		.loc 1 1389 3 view .LVU124
 450              		.loc 1 1389 41 is_stmt 0 view .LVU125
 451 0064 D4F8B030 		ldr	r3, [r4, #176]
 452 0068 53F82520 		ldr	r2, [r3, r5, lsl #2]
 453              		.loc 1 1389 6 view .LVU126
 454 006c 002A     		cmp	r2, #0
 455 006e 1EDC     		bgt	.L28
ARM GAS  /tmp/ccBdscOF.s 			page 44


 456              	.L29:
1390:../../Middlewares/stedgeai-lib/Npu/ll_aton/ll_aton_lib_sw_operators.c ****   {
1391:../../Middlewares/stedgeai-lib/Npu/ll_aton/ll_aton_lib_sw_operators.c ****     common_params->out_target += common_params->pad_out_offsets_end[curr_axis];
1392:../../Middlewares/stedgeai-lib/Npu/ll_aton/ll_aton_lib_sw_operators.c ****     LL_ATON_ASSERT(common_params->out_target <= common_params->end_out_target);
1393:../../Middlewares/stedgeai-lib/Npu/ll_aton/ll_aton_lib_sw_operators.c ****   }
1394:../../Middlewares/stedgeai-lib/Npu/ll_aton/ll_aton_lib_sw_operators.c **** 
1395:../../Middlewares/stedgeai-lib/Npu/ll_aton/ll_aton_lib_sw_operators.c ****   if (common_params->pad_in_offsets_end[curr_axis] < 0)
 457              		.loc 1 1395 3 is_stmt 1 view .LVU127
 458              		.loc 1 1395 40 is_stmt 0 view .LVU128
 459 0070 D4F8A830 		ldr	r3, [r4, #168]
 460 0074 53F82520 		ldr	r2, [r3, r5, lsl #2]
 461              		.loc 1 1395 6 view .LVU129
 462 0078 002A     		cmp	r2, #0
1396:../../Middlewares/stedgeai-lib/Npu/ll_aton/ll_aton_lib_sw_operators.c ****   {
1397:../../Middlewares/stedgeai-lib/Npu/ll_aton/ll_aton_lib_sw_operators.c ****     common_params->in_target -= common_params->pad_in_offsets_end[curr_axis];
 463              		.loc 1 1397 5 is_stmt 1 view .LVU130
 464              		.loc 1 1397 30 is_stmt 0 view .LVU131
 465 007a BEBF     		ittt	lt
 466 007c 2368     		ldrlt	r3, [r4]
 467 007e 9B1A     		sublt	r3, r3, r2
 468 0080 2360     		strlt	r3, [r4]
1398:../../Middlewares/stedgeai-lib/Npu/ll_aton/ll_aton_lib_sw_operators.c ****   }
1399:../../Middlewares/stedgeai-lib/Npu/ll_aton/ll_aton_lib_sw_operators.c **** 
1400:../../Middlewares/stedgeai-lib/Npu/ll_aton/ll_aton_lib_sw_operators.c **** #if defined(DUMP_DEBUG_SW_OPS)
1401:../../Middlewares/stedgeai-lib/Npu/ll_aton/ll_aton_lib_sw_operators.c ****   LL_ATON_PRINTF("%s(%d): curr_axis=%u, in_end=%d, out_end=%d\n", __func__, __LINE__, curr_axis,
1402:../../Middlewares/stedgeai-lib/Npu/ll_aton/ll_aton_lib_sw_operators.c ****                  common_params->pad_in_offsets_end[curr_axis], common_params->pad_out_offsets_end[c
1403:../../Middlewares/stedgeai-lib/Npu/ll_aton/ll_aton_lib_sw_operators.c **** #endif
1404:../../Middlewares/stedgeai-lib/Npu/ll_aton/ll_aton_lib_sw_operators.c **** }
 469              		.loc 1 1404 1 view .LVU132
 470 0082 BDE8F081 		pop	{r4, r5, r6, r7, r8, pc}
 471              	.LVL37:
 472              	.L27:
1375:../../Middlewares/stedgeai-lib/Npu/ll_aton/ll_aton_lib_sw_operators.c ****   }
 473              		.loc 1 1375 5 discriminator 1 view .LVU133
 474 0086 40F25F51 		movw	r1, #1375
 475 008a 114B     		ldr	r3, .L35+12
 476 008c 0E4A     		ldr	r2, .L35+4
 477 008e C2E7     		b	.L34
 478              	.LVL38:
 479              	.L30:
 480              	.LBB98:
1385:../../Middlewares/stedgeai-lib/Npu/ll_aton/ll_aton_lib_sw_operators.c ****     }
 481              		.loc 1 1385 7 is_stmt 1 view .LVU134
 482 0090 2146     		mov	r1, r4
 483 0092 4046     		mov	r0, r8
 484 0094 FFF7B4FF 		bl	__ll_aton_lib_pad_filling_sw
 485              	.LVL39:
1379:../../Middlewares/stedgeai-lib/Npu/ll_aton/ll_aton_lib_sw_operators.c ****     {
 486              		.loc 1 1379 68 discriminator 3 view .LVU135
 487 0098 0136     		adds	r6, r6, #1
 488              	.LVL40:
 489              	.L26:
1379:../../Middlewares/stedgeai-lib/Npu/ll_aton/ll_aton_lib_sw_operators.c ****     {
 490              		.loc 1 1379 28 discriminator 1 view .LVU136
1379:../../Middlewares/stedgeai-lib/Npu/ll_aton/ll_aton_lib_sw_operators.c ****     {
 491              		.loc 1 1379 54 is_stmt 0 discriminator 1 view .LVU137
 492 009a D4F8A030 		ldr	r3, [r4, #160]
ARM GAS  /tmp/ccBdscOF.s 			page 45


1379:../../Middlewares/stedgeai-lib/Npu/ll_aton/ll_aton_lib_sw_operators.c ****     {
 493              		.loc 1 1379 28 discriminator 1 view .LVU138
 494 009e DB59     		ldr	r3, [r3, r7]
 495 00a0 B342     		cmp	r3, r6
 496 00a2 F5D8     		bhi	.L30
 497 00a4 DEE7     		b	.L31
 498              	.LVL41:
 499              	.L33:
1379:../../Middlewares/stedgeai-lib/Npu/ll_aton/ll_aton_lib_sw_operators.c ****     {
 500              		.loc 1 1379 19 view .LVU139
 501 00a6 0026     		movs	r6, #0
1385:../../Middlewares/stedgeai-lib/Npu/ll_aton/ll_aton_lib_sw_operators.c ****     }
 502              		.loc 1 1385 46 view .LVU140
 503 00a8 00F10108 		add	r8, r0, #1
 504 00ac F5E7     		b	.L26
 505              	.LVL42:
 506              	.L28:
1385:../../Middlewares/stedgeai-lib/Npu/ll_aton/ll_aton_lib_sw_operators.c ****     }
 507              		.loc 1 1385 46 view .LVU141
 508              	.LBE98:
1391:../../Middlewares/stedgeai-lib/Npu/ll_aton/ll_aton_lib_sw_operators.c ****     LL_ATON_ASSERT(common_params->out_target <= common_params->end_out_target);
 509              		.loc 1 1391 5 is_stmt 1 view .LVU142
1391:../../Middlewares/stedgeai-lib/Npu/ll_aton/ll_aton_lib_sw_operators.c ****     LL_ATON_ASSERT(common_params->out_target <= common_params->end_out_target);
 510              		.loc 1 1391 31 is_stmt 0 view .LVU143
 511 00ae E368     		ldr	r3, [r4, #12]
 512 00b0 1344     		add	r3, r3, r2
1392:../../Middlewares/stedgeai-lib/Npu/ll_aton/ll_aton_lib_sw_operators.c ****   }
 513              		.loc 1 1392 5 view .LVU144
 514 00b2 226B     		ldr	r2, [r4, #48]
1391:../../Middlewares/stedgeai-lib/Npu/ll_aton/ll_aton_lib_sw_operators.c ****     LL_ATON_ASSERT(common_params->out_target <= common_params->end_out_target);
 515              		.loc 1 1391 31 view .LVU145
 516 00b4 E360     		str	r3, [r4, #12]
1392:../../Middlewares/stedgeai-lib/Npu/ll_aton/ll_aton_lib_sw_operators.c ****   }
 517              		.loc 1 1392 5 is_stmt 1 view .LVU146
 518 00b6 9342     		cmp	r3, r2
 519 00b8 DAD9     		bls	.L29
1392:../../Middlewares/stedgeai-lib/Npu/ll_aton/ll_aton_lib_sw_operators.c ****   }
 520              		.loc 1 1392 5 is_stmt 0 discriminator 1 view .LVU147
 521 00ba 4FF4AE61 		mov	r1, #1392
 522 00be 044B     		ldr	r3, .L35+12
 523 00c0 014A     		ldr	r2, .L35+4
 524 00c2 A8E7     		b	.L34
 525              	.L36:
 526              		.align	2
 527              	.L35:
 528 00c4 00000000 		.word	.LC0
 529 00c8 00000000 		.word	__func__.5
 530 00cc 2D000000 		.word	.LC1
 531 00d0 73000000 		.word	.LC2
 532              		.cfi_endproc
 533              	.LFE363:
 535              		.section	.rodata.__ll_aton_lib_pad_filling.str1.1,"aMS",%progbits,1
 536              	.LC3:
 537 0000 5F5F6C6C 		.ascii	"__ll_current_aton_ip_owner != ((void *)0)\000"
 537      5F637572 
 537      72656E74 
 537      5F61746F 
ARM GAS  /tmp/ccBdscOF.s 			page 46


 537      6E5F6970 
 538              		.section	.text.__ll_aton_lib_pad_filling,"ax",%progbits
 539              		.align	1
 540              		.syntax unified
 541              		.thumb
 542              		.thumb_func
 544              	__ll_aton_lib_pad_filling:
 545              	.LVL43:
 546              	.LFB366:
1405:../../Middlewares/stedgeai-lib/Npu/ll_aton/ll_aton_lib_sw_operators.c **** 
1406:../../Middlewares/stedgeai-lib/Npu/ll_aton/ll_aton_lib_sw_operators.c **** static void __ll_aton_lib_pad_reflect_sw(uint32_t curr_axis, __ll_pad_sw_params_t *common_params, b
1407:../../Middlewares/stedgeai-lib/Npu/ll_aton/ll_aton_lib_sw_operators.c **** {
1408:../../Middlewares/stedgeai-lib/Npu/ll_aton/ll_aton_lib_sw_operators.c ****   LL_ATON_ASSERT(curr_axis <= (common_params->tensor_rank - 1));
1409:../../Middlewares/stedgeai-lib/Npu/ll_aton/ll_aton_lib_sw_operators.c ****   LL_ATON_ASSERT(common_params->pad_in_offsets_start[curr_axis] >= 0);
1410:../../Middlewares/stedgeai-lib/Npu/ll_aton/ll_aton_lib_sw_operators.c **** 
1411:../../Middlewares/stedgeai-lib/Npu/ll_aton/ll_aton_lib_sw_operators.c ****   int8_t *curr_out_ptr = common_params->out_target;
1412:../../Middlewares/stedgeai-lib/Npu/ll_aton/ll_aton_lib_sw_operators.c **** 
1413:../../Middlewares/stedgeai-lib/Npu/ll_aton/ll_aton_lib_sw_operators.c ****   if (common_params->pad_out_offsets_start[curr_axis] > 0)
1414:../../Middlewares/stedgeai-lib/Npu/ll_aton/ll_aton_lib_sw_operators.c ****   {
1415:../../Middlewares/stedgeai-lib/Npu/ll_aton/ll_aton_lib_sw_operators.c ****     common_params->out_target += common_params->pad_out_offsets_start[curr_axis];
1416:../../Middlewares/stedgeai-lib/Npu/ll_aton/ll_aton_lib_sw_operators.c ****   }
1417:../../Middlewares/stedgeai-lib/Npu/ll_aton/ll_aton_lib_sw_operators.c **** 
1418:../../Middlewares/stedgeai-lib/Npu/ll_aton/ll_aton_lib_sw_operators.c ****   if (curr_axis == (common_params->tensor_rank - 1))
1419:../../Middlewares/stedgeai-lib/Npu/ll_aton/ll_aton_lib_sw_operators.c ****   {
1420:../../Middlewares/stedgeai-lib/Npu/ll_aton/ll_aton_lib_sw_operators.c ****     if (common_params->pad_out_offsets_start[curr_axis] > 0)
1421:../../Middlewares/stedgeai-lib/Npu/ll_aton/ll_aton_lib_sw_operators.c ****     {
1422:../../Middlewares/stedgeai-lib/Npu/ll_aton/ll_aton_lib_sw_operators.c ****       __ll_aton_lib_reflect_inner_framing_sw(curr_axis, common_params->nbytes, curr_out_ptr, common
1423:../../Middlewares/stedgeai-lib/Npu/ll_aton/ll_aton_lib_sw_operators.c ****                                              common_params->min_shape[curr_axis],
1424:../../Middlewares/stedgeai-lib/Npu/ll_aton/ll_aton_lib_sw_operators.c ****                                              common_params->pad_out_offsets_start[curr_axis], true)
1425:../../Middlewares/stedgeai-lib/Npu/ll_aton/ll_aton_lib_sw_operators.c ****     }
1426:../../Middlewares/stedgeai-lib/Npu/ll_aton/ll_aton_lib_sw_operators.c **** 
1427:../../Middlewares/stedgeai-lib/Npu/ll_aton/ll_aton_lib_sw_operators.c ****     int32_t filling_bytes = common_params->min_shape[curr_axis] * common_params->nbytes;
1428:../../Middlewares/stedgeai-lib/Npu/ll_aton/ll_aton_lib_sw_operators.c **** 
1429:../../Middlewares/stedgeai-lib/Npu/ll_aton/ll_aton_lib_sw_operators.c ****     if (fill)
1430:../../Middlewares/stedgeai-lib/Npu/ll_aton/ll_aton_lib_sw_operators.c ****     {
1431:../../Middlewares/stedgeai-lib/Npu/ll_aton/ll_aton_lib_sw_operators.c **** #if defined(DUMP_DEBUG_SW_OPS)
1432:../../Middlewares/stedgeai-lib/Npu/ll_aton/ll_aton_lib_sw_operators.c ****       LL_ATON_PRINTF("%s(%d): memcpy, curr_axis=%d, dst=%p, src=%p, bytes=%d\n", __func__, __LINE__
1433:../../Middlewares/stedgeai-lib/Npu/ll_aton/ll_aton_lib_sw_operators.c ****                      (int8_t *)common_params->out_target, (int8_t *)common_params->in_target, filli
1434:../../Middlewares/stedgeai-lib/Npu/ll_aton/ll_aton_lib_sw_operators.c **** #endif
1435:../../Middlewares/stedgeai-lib/Npu/ll_aton/ll_aton_lib_sw_operators.c **** 
1436:../../Middlewares/stedgeai-lib/Npu/ll_aton/ll_aton_lib_sw_operators.c ****       memcpy(common_params->out_target, common_params->in_target, filling_bytes);
1437:../../Middlewares/stedgeai-lib/Npu/ll_aton/ll_aton_lib_sw_operators.c ****     }
1438:../../Middlewares/stedgeai-lib/Npu/ll_aton/ll_aton_lib_sw_operators.c **** 
1439:../../Middlewares/stedgeai-lib/Npu/ll_aton/ll_aton_lib_sw_operators.c ****     common_params->in_target += filling_bytes;
1440:../../Middlewares/stedgeai-lib/Npu/ll_aton/ll_aton_lib_sw_operators.c ****     common_params->out_target += filling_bytes;
1441:../../Middlewares/stedgeai-lib/Npu/ll_aton/ll_aton_lib_sw_operators.c **** 
1442:../../Middlewares/stedgeai-lib/Npu/ll_aton/ll_aton_lib_sw_operators.c **** #if defined(DUMP_DEBUG_SW_OPS)
1443:../../Middlewares/stedgeai-lib/Npu/ll_aton/ll_aton_lib_sw_operators.c ****     LL_ATON_PRINTF("%s(%d): out=%p, end=%p\n", __func__, __LINE__, (int8_t *)common_params->out_tar
1444:../../Middlewares/stedgeai-lib/Npu/ll_aton/ll_aton_lib_sw_operators.c ****                    (int8_t *)common_params->end_out_target);
1445:../../Middlewares/stedgeai-lib/Npu/ll_aton/ll_aton_lib_sw_operators.c **** #if (ATON_PLAT_HAS_FFLUSH)
1446:../../Middlewares/stedgeai-lib/Npu/ll_aton/ll_aton_lib_sw_operators.c ****     LL_ATON_FFLUSH(stdout);
1447:../../Middlewares/stedgeai-lib/Npu/ll_aton/ll_aton_lib_sw_operators.c **** #endif
1448:../../Middlewares/stedgeai-lib/Npu/ll_aton/ll_aton_lib_sw_operators.c **** #endif
1449:../../Middlewares/stedgeai-lib/Npu/ll_aton/ll_aton_lib_sw_operators.c ****     LL_ATON_ASSERT(common_params->out_target <= common_params->end_out_target);
1450:../../Middlewares/stedgeai-lib/Npu/ll_aton/ll_aton_lib_sw_operators.c ****   }
1451:../../Middlewares/stedgeai-lib/Npu/ll_aton/ll_aton_lib_sw_operators.c ****   else
1452:../../Middlewares/stedgeai-lib/Npu/ll_aton/ll_aton_lib_sw_operators.c ****   {
ARM GAS  /tmp/ccBdscOF.s 			page 47


1453:../../Middlewares/stedgeai-lib/Npu/ll_aton/ll_aton_lib_sw_operators.c ****     for (int i = 0; i < common_params->min_shape[curr_axis]; i++)
1454:../../Middlewares/stedgeai-lib/Npu/ll_aton/ll_aton_lib_sw_operators.c ****     {
1455:../../Middlewares/stedgeai-lib/Npu/ll_aton/ll_aton_lib_sw_operators.c ****       __ll_aton_lib_pad_reflect_sw(curr_axis + 1, common_params, fill);
1456:../../Middlewares/stedgeai-lib/Npu/ll_aton/ll_aton_lib_sw_operators.c ****     }
1457:../../Middlewares/stedgeai-lib/Npu/ll_aton/ll_aton_lib_sw_operators.c **** 
1458:../../Middlewares/stedgeai-lib/Npu/ll_aton/ll_aton_lib_sw_operators.c ****     if (common_params->pad_out_offsets_start[curr_axis] > 0)
1459:../../Middlewares/stedgeai-lib/Npu/ll_aton/ll_aton_lib_sw_operators.c ****     {
1460:../../Middlewares/stedgeai-lib/Npu/ll_aton/ll_aton_lib_sw_operators.c ****       int32_t pad_start = common_params->pad_out_offsets_start[curr_axis] /
1461:../../Middlewares/stedgeai-lib/Npu/ll_aton/ll_aton_lib_sw_operators.c ****                           common_params->out_offsets[curr_axis]; // i.e.: pads_start[curr_axis];
1462:../../Middlewares/stedgeai-lib/Npu/ll_aton/ll_aton_lib_sw_operators.c ****       int32_t pad_end = common_params->pad_out_offsets_end[curr_axis] /
1463:../../Middlewares/stedgeai-lib/Npu/ll_aton/ll_aton_lib_sw_operators.c ****                         common_params->out_offsets[curr_axis]; // i.e.: pads_end[curr_axis];
1464:../../Middlewares/stedgeai-lib/Npu/ll_aton/ll_aton_lib_sw_operators.c **** 
1465:../../Middlewares/stedgeai-lib/Npu/ll_aton/ll_aton_lib_sw_operators.c ****       LL_ATON_ASSERT(pad_end >= 0);
1466:../../Middlewares/stedgeai-lib/Npu/ll_aton/ll_aton_lib_sw_operators.c **** 
1467:../../Middlewares/stedgeai-lib/Npu/ll_aton/ll_aton_lib_sw_operators.c ****       int32_t nr_loops = pad_start;
1468:../../Middlewares/stedgeai-lib/Npu/ll_aton/ll_aton_lib_sw_operators.c ****       int32_t n_elems = common_params->out_shape[curr_axis] - pad_start - pad_end;
1469:../../Middlewares/stedgeai-lib/Npu/ll_aton/ll_aton_lib_sw_operators.c ****       int32_t padding_bytes = common_params->out_offsets[curr_axis];
1470:../../Middlewares/stedgeai-lib/Npu/ll_aton/ll_aton_lib_sw_operators.c **** 
1471:../../Middlewares/stedgeai-lib/Npu/ll_aton/ll_aton_lib_sw_operators.c ****       int8_t *dst_ptr = curr_out_ptr + common_params->pad_out_offsets_start[curr_axis] - padding_by
1472:../../Middlewares/stedgeai-lib/Npu/ll_aton/ll_aton_lib_sw_operators.c ****       int8_t *src_ptr = curr_out_ptr + common_params->pad_out_offsets_start[curr_axis];
1473:../../Middlewares/stedgeai-lib/Npu/ll_aton/ll_aton_lib_sw_operators.c **** 
1474:../../Middlewares/stedgeai-lib/Npu/ll_aton/ll_aton_lib_sw_operators.c ****       int32_t src_idx = (n_elems > 1) ? 1 : 0;
1475:../../Middlewares/stedgeai-lib/Npu/ll_aton/ll_aton_lib_sw_operators.c **** 
1476:../../Middlewares/stedgeai-lib/Npu/ll_aton/ll_aton_lib_sw_operators.c ****       bool forward = true;
1477:../../Middlewares/stedgeai-lib/Npu/ll_aton/ll_aton_lib_sw_operators.c ****       for (int i = 0; i < nr_loops; i++)
1478:../../Middlewares/stedgeai-lib/Npu/ll_aton/ll_aton_lib_sw_operators.c ****       {
1479:../../Middlewares/stedgeai-lib/Npu/ll_aton/ll_aton_lib_sw_operators.c **** #if defined(DUMP_DEBUG_SW_OPS)
1480:../../Middlewares/stedgeai-lib/Npu/ll_aton/ll_aton_lib_sw_operators.c ****         LL_ATON_PRINTF("%s(%d): memcpy, curr_axis=%d, dst=%p, src=%p, src_idx=%d, bytes=%d, n_elems
1481:../../Middlewares/stedgeai-lib/Npu/ll_aton/ll_aton_lib_sw_operators.c ****                        __func__, __LINE__, curr_axis, (int8_t *)dst_ptr, (int8_t *)src_ptr + (src_i
1482:../../Middlewares/stedgeai-lib/Npu/ll_aton/ll_aton_lib_sw_operators.c ****                        src_idx, padding_bytes, n_elems, i + 1, nr_loops);
1483:../../Middlewares/stedgeai-lib/Npu/ll_aton/ll_aton_lib_sw_operators.c **** #if (ATON_PLAT_HAS_FFLUSH)
1484:../../Middlewares/stedgeai-lib/Npu/ll_aton/ll_aton_lib_sw_operators.c ****         LL_ATON_FFLUSH(stdout);
1485:../../Middlewares/stedgeai-lib/Npu/ll_aton/ll_aton_lib_sw_operators.c **** #endif
1486:../../Middlewares/stedgeai-lib/Npu/ll_aton/ll_aton_lib_sw_operators.c **** #endif
1487:../../Middlewares/stedgeai-lib/Npu/ll_aton/ll_aton_lib_sw_operators.c ****         LL_ATON_ASSERT(dst_ptr >= curr_out_ptr);
1488:../../Middlewares/stedgeai-lib/Npu/ll_aton/ll_aton_lib_sw_operators.c ****         LL_ATON_ASSERT(src_idx < n_elems);
1489:../../Middlewares/stedgeai-lib/Npu/ll_aton/ll_aton_lib_sw_operators.c ****         LL_ATON_ASSERT(src_idx >= 0);
1490:../../Middlewares/stedgeai-lib/Npu/ll_aton/ll_aton_lib_sw_operators.c **** 
1491:../../Middlewares/stedgeai-lib/Npu/ll_aton/ll_aton_lib_sw_operators.c ****         memcpy(dst_ptr, src_ptr + (src_idx * padding_bytes), padding_bytes);
1492:../../Middlewares/stedgeai-lib/Npu/ll_aton/ll_aton_lib_sw_operators.c **** 
1493:../../Middlewares/stedgeai-lib/Npu/ll_aton/ll_aton_lib_sw_operators.c ****         dst_ptr -= padding_bytes;
1494:../../Middlewares/stedgeai-lib/Npu/ll_aton/ll_aton_lib_sw_operators.c **** 
1495:../../Middlewares/stedgeai-lib/Npu/ll_aton/ll_aton_lib_sw_operators.c ****         if (forward)
1496:../../Middlewares/stedgeai-lib/Npu/ll_aton/ll_aton_lib_sw_operators.c ****         {
1497:../../Middlewares/stedgeai-lib/Npu/ll_aton/ll_aton_lib_sw_operators.c ****           if (src_idx >= (n_elems - 1))
1498:../../Middlewares/stedgeai-lib/Npu/ll_aton/ll_aton_lib_sw_operators.c ****           {
1499:../../Middlewares/stedgeai-lib/Npu/ll_aton/ll_aton_lib_sw_operators.c ****             forward = false;
1500:../../Middlewares/stedgeai-lib/Npu/ll_aton/ll_aton_lib_sw_operators.c ****             src_idx = (n_elems > 1) ? (src_idx - 1) : 0;
1501:../../Middlewares/stedgeai-lib/Npu/ll_aton/ll_aton_lib_sw_operators.c ****           }
1502:../../Middlewares/stedgeai-lib/Npu/ll_aton/ll_aton_lib_sw_operators.c ****           else
1503:../../Middlewares/stedgeai-lib/Npu/ll_aton/ll_aton_lib_sw_operators.c ****           {
1504:../../Middlewares/stedgeai-lib/Npu/ll_aton/ll_aton_lib_sw_operators.c ****             src_idx = (n_elems > 1) ? (src_idx + 1) : 0;
1505:../../Middlewares/stedgeai-lib/Npu/ll_aton/ll_aton_lib_sw_operators.c ****           }
1506:../../Middlewares/stedgeai-lib/Npu/ll_aton/ll_aton_lib_sw_operators.c ****         }
1507:../../Middlewares/stedgeai-lib/Npu/ll_aton/ll_aton_lib_sw_operators.c ****         else
1508:../../Middlewares/stedgeai-lib/Npu/ll_aton/ll_aton_lib_sw_operators.c ****         {
1509:../../Middlewares/stedgeai-lib/Npu/ll_aton/ll_aton_lib_sw_operators.c ****           if (src_idx <= 0)
ARM GAS  /tmp/ccBdscOF.s 			page 48


1510:../../Middlewares/stedgeai-lib/Npu/ll_aton/ll_aton_lib_sw_operators.c ****           {
1511:../../Middlewares/stedgeai-lib/Npu/ll_aton/ll_aton_lib_sw_operators.c ****             forward = true;
1512:../../Middlewares/stedgeai-lib/Npu/ll_aton/ll_aton_lib_sw_operators.c ****             src_idx = (n_elems > 1) ? 1 : 0;
1513:../../Middlewares/stedgeai-lib/Npu/ll_aton/ll_aton_lib_sw_operators.c ****           }
1514:../../Middlewares/stedgeai-lib/Npu/ll_aton/ll_aton_lib_sw_operators.c ****           else
1515:../../Middlewares/stedgeai-lib/Npu/ll_aton/ll_aton_lib_sw_operators.c ****           {
1516:../../Middlewares/stedgeai-lib/Npu/ll_aton/ll_aton_lib_sw_operators.c ****             src_idx = (n_elems > 1) ? (src_idx - 1) : 0;
1517:../../Middlewares/stedgeai-lib/Npu/ll_aton/ll_aton_lib_sw_operators.c ****           }
1518:../../Middlewares/stedgeai-lib/Npu/ll_aton/ll_aton_lib_sw_operators.c ****         }
1519:../../Middlewares/stedgeai-lib/Npu/ll_aton/ll_aton_lib_sw_operators.c ****       }
1520:../../Middlewares/stedgeai-lib/Npu/ll_aton/ll_aton_lib_sw_operators.c ****     }
1521:../../Middlewares/stedgeai-lib/Npu/ll_aton/ll_aton_lib_sw_operators.c ****   }
1522:../../Middlewares/stedgeai-lib/Npu/ll_aton/ll_aton_lib_sw_operators.c **** 
1523:../../Middlewares/stedgeai-lib/Npu/ll_aton/ll_aton_lib_sw_operators.c ****   if (common_params->pad_out_offsets_end[curr_axis] > 0)
1524:../../Middlewares/stedgeai-lib/Npu/ll_aton/ll_aton_lib_sw_operators.c ****   {
1525:../../Middlewares/stedgeai-lib/Npu/ll_aton/ll_aton_lib_sw_operators.c ****     if (curr_axis == (common_params->tensor_rank - 1))
1526:../../Middlewares/stedgeai-lib/Npu/ll_aton/ll_aton_lib_sw_operators.c ****     {
1527:../../Middlewares/stedgeai-lib/Npu/ll_aton/ll_aton_lib_sw_operators.c ****       int8_t *src_ptr = common_params->out_target - common_params->nbytes;
1528:../../Middlewares/stedgeai-lib/Npu/ll_aton/ll_aton_lib_sw_operators.c ****       __ll_aton_lib_reflect_inner_framing_sw(curr_axis, common_params->nbytes, common_params->out_t
1529:../../Middlewares/stedgeai-lib/Npu/ll_aton/ll_aton_lib_sw_operators.c ****                                              common_params->min_shape[curr_axis],
1530:../../Middlewares/stedgeai-lib/Npu/ll_aton/ll_aton_lib_sw_operators.c ****                                              common_params->pad_out_offsets_end[curr_axis], false);
1531:../../Middlewares/stedgeai-lib/Npu/ll_aton/ll_aton_lib_sw_operators.c ****     }
1532:../../Middlewares/stedgeai-lib/Npu/ll_aton/ll_aton_lib_sw_operators.c ****     else
1533:../../Middlewares/stedgeai-lib/Npu/ll_aton/ll_aton_lib_sw_operators.c ****     {
1534:../../Middlewares/stedgeai-lib/Npu/ll_aton/ll_aton_lib_sw_operators.c ****       int32_t pad_start = common_params->pad_out_offsets_start[curr_axis] /
1535:../../Middlewares/stedgeai-lib/Npu/ll_aton/ll_aton_lib_sw_operators.c ****                           common_params->out_offsets[curr_axis]; // i.e.: pads_start[curr_axis];
1536:../../Middlewares/stedgeai-lib/Npu/ll_aton/ll_aton_lib_sw_operators.c ****       int32_t pad_end = common_params->pad_out_offsets_end[curr_axis] /
1537:../../Middlewares/stedgeai-lib/Npu/ll_aton/ll_aton_lib_sw_operators.c ****                         common_params->out_offsets[curr_axis]; // i.e.: pads_end[curr_axis];
1538:../../Middlewares/stedgeai-lib/Npu/ll_aton/ll_aton_lib_sw_operators.c **** 
1539:../../Middlewares/stedgeai-lib/Npu/ll_aton/ll_aton_lib_sw_operators.c ****       int32_t nr_loops = pad_end;
1540:../../Middlewares/stedgeai-lib/Npu/ll_aton/ll_aton_lib_sw_operators.c **** 
1541:../../Middlewares/stedgeai-lib/Npu/ll_aton/ll_aton_lib_sw_operators.c ****       int32_t padding_bytes = common_params->out_offsets[curr_axis];
1542:../../Middlewares/stedgeai-lib/Npu/ll_aton/ll_aton_lib_sw_operators.c ****       int32_t n_elems = common_params->out_shape[curr_axis] - zero_neg(pad_start) - zero_neg(pad_en
1543:../../Middlewares/stedgeai-lib/Npu/ll_aton/ll_aton_lib_sw_operators.c **** 
1544:../../Middlewares/stedgeai-lib/Npu/ll_aton/ll_aton_lib_sw_operators.c ****       int8_t *dst_ptr = common_params->out_target;
1545:../../Middlewares/stedgeai-lib/Npu/ll_aton/ll_aton_lib_sw_operators.c ****       int8_t *src_ptr = common_params->out_target - padding_bytes;
1546:../../Middlewares/stedgeai-lib/Npu/ll_aton/ll_aton_lib_sw_operators.c **** 
1547:../../Middlewares/stedgeai-lib/Npu/ll_aton/ll_aton_lib_sw_operators.c ****       int32_t src_idx = (n_elems > 1) ? -1 : 0;
1548:../../Middlewares/stedgeai-lib/Npu/ll_aton/ll_aton_lib_sw_operators.c **** 
1549:../../Middlewares/stedgeai-lib/Npu/ll_aton/ll_aton_lib_sw_operators.c ****       bool forward = false;
1550:../../Middlewares/stedgeai-lib/Npu/ll_aton/ll_aton_lib_sw_operators.c ****       for (int i = 0; i < nr_loops; i++)
1551:../../Middlewares/stedgeai-lib/Npu/ll_aton/ll_aton_lib_sw_operators.c ****       {
1552:../../Middlewares/stedgeai-lib/Npu/ll_aton/ll_aton_lib_sw_operators.c **** #if defined(DUMP_DEBUG_SW_OPS)
1553:../../Middlewares/stedgeai-lib/Npu/ll_aton/ll_aton_lib_sw_operators.c ****         LL_ATON_PRINTF("%s(%d): memcpy, curr_axis=%d, dst=%p, src=%p, src_idx=%d, bytes=%d, n_elems
1554:../../Middlewares/stedgeai-lib/Npu/ll_aton/ll_aton_lib_sw_operators.c ****                        __func__, __LINE__, curr_axis, (int8_t *)dst_ptr, (int8_t *)src_ptr + (src_i
1555:../../Middlewares/stedgeai-lib/Npu/ll_aton/ll_aton_lib_sw_operators.c ****                        src_idx, padding_bytes, n_elems, i + 1, nr_loops);
1556:../../Middlewares/stedgeai-lib/Npu/ll_aton/ll_aton_lib_sw_operators.c **** #if (ATON_PLAT_HAS_FFLUSH)
1557:../../Middlewares/stedgeai-lib/Npu/ll_aton/ll_aton_lib_sw_operators.c ****         LL_ATON_FFLUSH(stdout);
1558:../../Middlewares/stedgeai-lib/Npu/ll_aton/ll_aton_lib_sw_operators.c **** #endif
1559:../../Middlewares/stedgeai-lib/Npu/ll_aton/ll_aton_lib_sw_operators.c **** #endif
1560:../../Middlewares/stedgeai-lib/Npu/ll_aton/ll_aton_lib_sw_operators.c ****         LL_ATON_ASSERT(dst_ptr < (dst_ptr + common_params->pad_out_offsets_end[curr_axis]));
1561:../../Middlewares/stedgeai-lib/Npu/ll_aton/ll_aton_lib_sw_operators.c ****         LL_ATON_ASSERT((-src_idx) < n_elems);
1562:../../Middlewares/stedgeai-lib/Npu/ll_aton/ll_aton_lib_sw_operators.c ****         LL_ATON_ASSERT(src_idx <= 0);
1563:../../Middlewares/stedgeai-lib/Npu/ll_aton/ll_aton_lib_sw_operators.c **** 
1564:../../Middlewares/stedgeai-lib/Npu/ll_aton/ll_aton_lib_sw_operators.c ****         memcpy(dst_ptr, src_ptr + (src_idx * padding_bytes), padding_bytes);
1565:../../Middlewares/stedgeai-lib/Npu/ll_aton/ll_aton_lib_sw_operators.c **** 
1566:../../Middlewares/stedgeai-lib/Npu/ll_aton/ll_aton_lib_sw_operators.c ****         dst_ptr += padding_bytes;
ARM GAS  /tmp/ccBdscOF.s 			page 49


1567:../../Middlewares/stedgeai-lib/Npu/ll_aton/ll_aton_lib_sw_operators.c ****         if (forward)
1568:../../Middlewares/stedgeai-lib/Npu/ll_aton/ll_aton_lib_sw_operators.c ****         {
1569:../../Middlewares/stedgeai-lib/Npu/ll_aton/ll_aton_lib_sw_operators.c ****           if (src_idx >= 0)
1570:../../Middlewares/stedgeai-lib/Npu/ll_aton/ll_aton_lib_sw_operators.c ****           {
1571:../../Middlewares/stedgeai-lib/Npu/ll_aton/ll_aton_lib_sw_operators.c ****             forward = false;
1572:../../Middlewares/stedgeai-lib/Npu/ll_aton/ll_aton_lib_sw_operators.c ****             src_idx = (n_elems > 1) ? -1 : 0;
1573:../../Middlewares/stedgeai-lib/Npu/ll_aton/ll_aton_lib_sw_operators.c ****           }
1574:../../Middlewares/stedgeai-lib/Npu/ll_aton/ll_aton_lib_sw_operators.c ****           else
1575:../../Middlewares/stedgeai-lib/Npu/ll_aton/ll_aton_lib_sw_operators.c ****           {
1576:../../Middlewares/stedgeai-lib/Npu/ll_aton/ll_aton_lib_sw_operators.c ****             src_idx = (n_elems > 1) ? (src_idx + 1) : 0;
1577:../../Middlewares/stedgeai-lib/Npu/ll_aton/ll_aton_lib_sw_operators.c ****           }
1578:../../Middlewares/stedgeai-lib/Npu/ll_aton/ll_aton_lib_sw_operators.c ****         }
1579:../../Middlewares/stedgeai-lib/Npu/ll_aton/ll_aton_lib_sw_operators.c ****         else
1580:../../Middlewares/stedgeai-lib/Npu/ll_aton/ll_aton_lib_sw_operators.c ****         {
1581:../../Middlewares/stedgeai-lib/Npu/ll_aton/ll_aton_lib_sw_operators.c ****           if ((-src_idx) >= (n_elems - 1))
1582:../../Middlewares/stedgeai-lib/Npu/ll_aton/ll_aton_lib_sw_operators.c ****           {
1583:../../Middlewares/stedgeai-lib/Npu/ll_aton/ll_aton_lib_sw_operators.c ****             forward = true;
1584:../../Middlewares/stedgeai-lib/Npu/ll_aton/ll_aton_lib_sw_operators.c ****             src_idx = (n_elems > 1) ? (src_idx + 1) : 0;
1585:../../Middlewares/stedgeai-lib/Npu/ll_aton/ll_aton_lib_sw_operators.c ****           }
1586:../../Middlewares/stedgeai-lib/Npu/ll_aton/ll_aton_lib_sw_operators.c ****           else
1587:../../Middlewares/stedgeai-lib/Npu/ll_aton/ll_aton_lib_sw_operators.c ****           {
1588:../../Middlewares/stedgeai-lib/Npu/ll_aton/ll_aton_lib_sw_operators.c ****             src_idx = (n_elems > 1) ? (src_idx - 1) : 0;
1589:../../Middlewares/stedgeai-lib/Npu/ll_aton/ll_aton_lib_sw_operators.c ****           }
1590:../../Middlewares/stedgeai-lib/Npu/ll_aton/ll_aton_lib_sw_operators.c ****         }
1591:../../Middlewares/stedgeai-lib/Npu/ll_aton/ll_aton_lib_sw_operators.c ****       }
1592:../../Middlewares/stedgeai-lib/Npu/ll_aton/ll_aton_lib_sw_operators.c ****     }
1593:../../Middlewares/stedgeai-lib/Npu/ll_aton/ll_aton_lib_sw_operators.c **** 
1594:../../Middlewares/stedgeai-lib/Npu/ll_aton/ll_aton_lib_sw_operators.c ****     common_params->out_target += common_params->pad_out_offsets_end[curr_axis];
1595:../../Middlewares/stedgeai-lib/Npu/ll_aton/ll_aton_lib_sw_operators.c **** 
1596:../../Middlewares/stedgeai-lib/Npu/ll_aton/ll_aton_lib_sw_operators.c **** #if defined(DUMP_DEBUG_SW_OPS)
1597:../../Middlewares/stedgeai-lib/Npu/ll_aton/ll_aton_lib_sw_operators.c ****     LL_ATON_PRINTF("%s(%d): out=%p, end=%p\n", __func__, __LINE__, (int8_t *)common_params->out_tar
1598:../../Middlewares/stedgeai-lib/Npu/ll_aton/ll_aton_lib_sw_operators.c ****                    (int8_t *)common_params->end_out_target);
1599:../../Middlewares/stedgeai-lib/Npu/ll_aton/ll_aton_lib_sw_operators.c **** #if (ATON_PLAT_HAS_FFLUSH)
1600:../../Middlewares/stedgeai-lib/Npu/ll_aton/ll_aton_lib_sw_operators.c ****     LL_ATON_FFLUSH(stdout);
1601:../../Middlewares/stedgeai-lib/Npu/ll_aton/ll_aton_lib_sw_operators.c **** #endif
1602:../../Middlewares/stedgeai-lib/Npu/ll_aton/ll_aton_lib_sw_operators.c **** #endif
1603:../../Middlewares/stedgeai-lib/Npu/ll_aton/ll_aton_lib_sw_operators.c ****     LL_ATON_ASSERT(common_params->out_target <= common_params->end_out_target);
1604:../../Middlewares/stedgeai-lib/Npu/ll_aton/ll_aton_lib_sw_operators.c ****   }
1605:../../Middlewares/stedgeai-lib/Npu/ll_aton/ll_aton_lib_sw_operators.c **** 
1606:../../Middlewares/stedgeai-lib/Npu/ll_aton/ll_aton_lib_sw_operators.c ****   LL_ATON_ASSERT(common_params->pad_in_offsets_end[curr_axis] >= 0);
1607:../../Middlewares/stedgeai-lib/Npu/ll_aton/ll_aton_lib_sw_operators.c **** }
1608:../../Middlewares/stedgeai-lib/Npu/ll_aton/ll_aton_lib_sw_operators.c **** 
1609:../../Middlewares/stedgeai-lib/Npu/ll_aton/ll_aton_lib_sw_operators.c **** static void __ll_aton_lib_pad_edge_sw(uint32_t curr_axis, __ll_pad_sw_params_t *common_params, bool
1610:../../Middlewares/stedgeai-lib/Npu/ll_aton/ll_aton_lib_sw_operators.c **** {
1611:../../Middlewares/stedgeai-lib/Npu/ll_aton/ll_aton_lib_sw_operators.c ****   LL_ATON_ASSERT(curr_axis <= (common_params->tensor_rank - 1));
1612:../../Middlewares/stedgeai-lib/Npu/ll_aton/ll_aton_lib_sw_operators.c **** 
1613:../../Middlewares/stedgeai-lib/Npu/ll_aton/ll_aton_lib_sw_operators.c ****   if (common_params->pad_in_offsets_start[curr_axis] < 0)
1614:../../Middlewares/stedgeai-lib/Npu/ll_aton/ll_aton_lib_sw_operators.c ****   {
1615:../../Middlewares/stedgeai-lib/Npu/ll_aton/ll_aton_lib_sw_operators.c ****     common_params->in_target -= common_params->pad_in_offsets_start[curr_axis];
1616:../../Middlewares/stedgeai-lib/Npu/ll_aton/ll_aton_lib_sw_operators.c ****   }
1617:../../Middlewares/stedgeai-lib/Npu/ll_aton/ll_aton_lib_sw_operators.c **** 
1618:../../Middlewares/stedgeai-lib/Npu/ll_aton/ll_aton_lib_sw_operators.c ****   int8_t *curr_out_ptr = common_params->out_target;
1619:../../Middlewares/stedgeai-lib/Npu/ll_aton/ll_aton_lib_sw_operators.c **** 
1620:../../Middlewares/stedgeai-lib/Npu/ll_aton/ll_aton_lib_sw_operators.c ****   if (common_params->pad_out_offsets_start[curr_axis] > 0)
1621:../../Middlewares/stedgeai-lib/Npu/ll_aton/ll_aton_lib_sw_operators.c ****   {
1622:../../Middlewares/stedgeai-lib/Npu/ll_aton/ll_aton_lib_sw_operators.c ****     common_params->out_target += common_params->pad_out_offsets_start[curr_axis];
1623:../../Middlewares/stedgeai-lib/Npu/ll_aton/ll_aton_lib_sw_operators.c ****   }
ARM GAS  /tmp/ccBdscOF.s 			page 50


1624:../../Middlewares/stedgeai-lib/Npu/ll_aton/ll_aton_lib_sw_operators.c **** 
1625:../../Middlewares/stedgeai-lib/Npu/ll_aton/ll_aton_lib_sw_operators.c ****   if (curr_axis == (common_params->tensor_rank - 1))
1626:../../Middlewares/stedgeai-lib/Npu/ll_aton/ll_aton_lib_sw_operators.c ****   {
1627:../../Middlewares/stedgeai-lib/Npu/ll_aton/ll_aton_lib_sw_operators.c ****     if (common_params->pad_out_offsets_start[curr_axis] > 0)
1628:../../Middlewares/stedgeai-lib/Npu/ll_aton/ll_aton_lib_sw_operators.c ****     {
1629:../../Middlewares/stedgeai-lib/Npu/ll_aton/ll_aton_lib_sw_operators.c ****       __ll_aton_lib_edge_framing_sw(curr_axis, common_params->nbytes, curr_out_ptr, common_params->
1630:../../Middlewares/stedgeai-lib/Npu/ll_aton/ll_aton_lib_sw_operators.c ****                                     common_params->pad_out_offsets_start[curr_axis]);
1631:../../Middlewares/stedgeai-lib/Npu/ll_aton/ll_aton_lib_sw_operators.c ****     }
1632:../../Middlewares/stedgeai-lib/Npu/ll_aton/ll_aton_lib_sw_operators.c **** 
1633:../../Middlewares/stedgeai-lib/Npu/ll_aton/ll_aton_lib_sw_operators.c ****     int32_t filling_bytes = common_params->min_shape[curr_axis] * common_params->nbytes;
1634:../../Middlewares/stedgeai-lib/Npu/ll_aton/ll_aton_lib_sw_operators.c **** 
1635:../../Middlewares/stedgeai-lib/Npu/ll_aton/ll_aton_lib_sw_operators.c ****     if (fill)
1636:../../Middlewares/stedgeai-lib/Npu/ll_aton/ll_aton_lib_sw_operators.c ****     {
1637:../../Middlewares/stedgeai-lib/Npu/ll_aton/ll_aton_lib_sw_operators.c **** #if defined(DUMP_DEBUG_SW_OPS)
1638:../../Middlewares/stedgeai-lib/Npu/ll_aton/ll_aton_lib_sw_operators.c ****       LL_ATON_PRINTF("%s(%d): memcpy, curr_axis=%d, dst=%p, src=%p, bytes=%d\n", __func__, __LINE__
1639:../../Middlewares/stedgeai-lib/Npu/ll_aton/ll_aton_lib_sw_operators.c ****                      (int8_t *)common_params->out_target, (int8_t *)common_params->in_target, filli
1640:../../Middlewares/stedgeai-lib/Npu/ll_aton/ll_aton_lib_sw_operators.c **** #endif
1641:../../Middlewares/stedgeai-lib/Npu/ll_aton/ll_aton_lib_sw_operators.c **** 
1642:../../Middlewares/stedgeai-lib/Npu/ll_aton/ll_aton_lib_sw_operators.c ****       memcpy(common_params->out_target, common_params->in_target, filling_bytes);
1643:../../Middlewares/stedgeai-lib/Npu/ll_aton/ll_aton_lib_sw_operators.c ****     }
1644:../../Middlewares/stedgeai-lib/Npu/ll_aton/ll_aton_lib_sw_operators.c **** 
1645:../../Middlewares/stedgeai-lib/Npu/ll_aton/ll_aton_lib_sw_operators.c ****     common_params->in_target += filling_bytes;
1646:../../Middlewares/stedgeai-lib/Npu/ll_aton/ll_aton_lib_sw_operators.c ****     common_params->out_target += filling_bytes;
1647:../../Middlewares/stedgeai-lib/Npu/ll_aton/ll_aton_lib_sw_operators.c **** 
1648:../../Middlewares/stedgeai-lib/Npu/ll_aton/ll_aton_lib_sw_operators.c **** #if defined(DUMP_DEBUG_SW_OPS)
1649:../../Middlewares/stedgeai-lib/Npu/ll_aton/ll_aton_lib_sw_operators.c ****     LL_ATON_PRINTF("%s(%d): out=%p, end=%p\n", __func__, __LINE__, (int8_t *)common_params->out_tar
1650:../../Middlewares/stedgeai-lib/Npu/ll_aton/ll_aton_lib_sw_operators.c ****                    (int8_t *)common_params->end_out_target);
1651:../../Middlewares/stedgeai-lib/Npu/ll_aton/ll_aton_lib_sw_operators.c **** #if (ATON_PLAT_HAS_FFLUSH)
1652:../../Middlewares/stedgeai-lib/Npu/ll_aton/ll_aton_lib_sw_operators.c ****     LL_ATON_FFLUSH(stdout);
1653:../../Middlewares/stedgeai-lib/Npu/ll_aton/ll_aton_lib_sw_operators.c **** #endif
1654:../../Middlewares/stedgeai-lib/Npu/ll_aton/ll_aton_lib_sw_operators.c **** #endif
1655:../../Middlewares/stedgeai-lib/Npu/ll_aton/ll_aton_lib_sw_operators.c ****     LL_ATON_ASSERT(common_params->out_target <= common_params->end_out_target);
1656:../../Middlewares/stedgeai-lib/Npu/ll_aton/ll_aton_lib_sw_operators.c ****   }
1657:../../Middlewares/stedgeai-lib/Npu/ll_aton/ll_aton_lib_sw_operators.c ****   else
1658:../../Middlewares/stedgeai-lib/Npu/ll_aton/ll_aton_lib_sw_operators.c ****   {
1659:../../Middlewares/stedgeai-lib/Npu/ll_aton/ll_aton_lib_sw_operators.c ****     for (int i = 0; i < common_params->min_shape[curr_axis]; i++)
1660:../../Middlewares/stedgeai-lib/Npu/ll_aton/ll_aton_lib_sw_operators.c ****     {
1661:../../Middlewares/stedgeai-lib/Npu/ll_aton/ll_aton_lib_sw_operators.c ****       __ll_aton_lib_pad_edge_sw(curr_axis + 1, common_params, fill);
1662:../../Middlewares/stedgeai-lib/Npu/ll_aton/ll_aton_lib_sw_operators.c ****     }
1663:../../Middlewares/stedgeai-lib/Npu/ll_aton/ll_aton_lib_sw_operators.c **** 
1664:../../Middlewares/stedgeai-lib/Npu/ll_aton/ll_aton_lib_sw_operators.c ****     if (common_params->pad_out_offsets_start[curr_axis] > 0)
1665:../../Middlewares/stedgeai-lib/Npu/ll_aton/ll_aton_lib_sw_operators.c ****     {
1666:../../Middlewares/stedgeai-lib/Npu/ll_aton/ll_aton_lib_sw_operators.c ****       int32_t nr_loops = common_params->pad_out_offsets_start[curr_axis] /
1667:../../Middlewares/stedgeai-lib/Npu/ll_aton/ll_aton_lib_sw_operators.c ****                          common_params->out_offsets[curr_axis]; // i.e.: pads_start[curr_axis];
1668:../../Middlewares/stedgeai-lib/Npu/ll_aton/ll_aton_lib_sw_operators.c ****       int32_t padding_bytes = common_params->pad_out_offsets_start[curr_axis] / nr_loops;
1669:../../Middlewares/stedgeai-lib/Npu/ll_aton/ll_aton_lib_sw_operators.c **** 
1670:../../Middlewares/stedgeai-lib/Npu/ll_aton/ll_aton_lib_sw_operators.c ****       int8_t *dst_ptr = curr_out_ptr;
1671:../../Middlewares/stedgeai-lib/Npu/ll_aton/ll_aton_lib_sw_operators.c ****       int8_t *src_ptr = curr_out_ptr + common_params->pad_out_offsets_start[curr_axis];
1672:../../Middlewares/stedgeai-lib/Npu/ll_aton/ll_aton_lib_sw_operators.c **** 
1673:../../Middlewares/stedgeai-lib/Npu/ll_aton/ll_aton_lib_sw_operators.c ****       for (int i = 0; i < nr_loops; i++)
1674:../../Middlewares/stedgeai-lib/Npu/ll_aton/ll_aton_lib_sw_operators.c ****       {
1675:../../Middlewares/stedgeai-lib/Npu/ll_aton/ll_aton_lib_sw_operators.c **** #if defined(DUMP_DEBUG_SW_OPS)
1676:../../Middlewares/stedgeai-lib/Npu/ll_aton/ll_aton_lib_sw_operators.c ****         LL_ATON_PRINTF("%s(%d): memcpy, curr_axis=%d, dst=%p, src=%p, bytes=%d, times=%d/%d\n", __f
1677:../../Middlewares/stedgeai-lib/Npu/ll_aton/ll_aton_lib_sw_operators.c ****                        curr_axis, (int8_t *)dst_ptr, (int8_t *)src_ptr, padding_bytes, i + 1, nr_lo
1678:../../Middlewares/stedgeai-lib/Npu/ll_aton/ll_aton_lib_sw_operators.c **** #endif
1679:../../Middlewares/stedgeai-lib/Npu/ll_aton/ll_aton_lib_sw_operators.c ****         memcpy(dst_ptr, src_ptr, padding_bytes);
1680:../../Middlewares/stedgeai-lib/Npu/ll_aton/ll_aton_lib_sw_operators.c ****         dst_ptr += padding_bytes;
ARM GAS  /tmp/ccBdscOF.s 			page 51


1681:../../Middlewares/stedgeai-lib/Npu/ll_aton/ll_aton_lib_sw_operators.c ****       }
1682:../../Middlewares/stedgeai-lib/Npu/ll_aton/ll_aton_lib_sw_operators.c ****     }
1683:../../Middlewares/stedgeai-lib/Npu/ll_aton/ll_aton_lib_sw_operators.c ****   }
1684:../../Middlewares/stedgeai-lib/Npu/ll_aton/ll_aton_lib_sw_operators.c **** 
1685:../../Middlewares/stedgeai-lib/Npu/ll_aton/ll_aton_lib_sw_operators.c ****   if (common_params->pad_out_offsets_end[curr_axis] > 0)
1686:../../Middlewares/stedgeai-lib/Npu/ll_aton/ll_aton_lib_sw_operators.c ****   {
1687:../../Middlewares/stedgeai-lib/Npu/ll_aton/ll_aton_lib_sw_operators.c ****     if (curr_axis == (common_params->tensor_rank - 1))
1688:../../Middlewares/stedgeai-lib/Npu/ll_aton/ll_aton_lib_sw_operators.c ****     {
1689:../../Middlewares/stedgeai-lib/Npu/ll_aton/ll_aton_lib_sw_operators.c ****       __ll_aton_lib_edge_framing_sw(curr_axis, common_params->nbytes, common_params->out_target,
1690:../../Middlewares/stedgeai-lib/Npu/ll_aton/ll_aton_lib_sw_operators.c ****                                     (common_params->out_target - common_params->nbytes),
1691:../../Middlewares/stedgeai-lib/Npu/ll_aton/ll_aton_lib_sw_operators.c ****                                     common_params->pad_out_offsets_end[curr_axis]);
1692:../../Middlewares/stedgeai-lib/Npu/ll_aton/ll_aton_lib_sw_operators.c ****     }
1693:../../Middlewares/stedgeai-lib/Npu/ll_aton/ll_aton_lib_sw_operators.c ****     else
1694:../../Middlewares/stedgeai-lib/Npu/ll_aton/ll_aton_lib_sw_operators.c ****     {
1695:../../Middlewares/stedgeai-lib/Npu/ll_aton/ll_aton_lib_sw_operators.c ****       int32_t nr_loops = common_params->pad_out_offsets_end[curr_axis] /
1696:../../Middlewares/stedgeai-lib/Npu/ll_aton/ll_aton_lib_sw_operators.c ****                          common_params->out_offsets[curr_axis]; // i.e. pads_end[curr_axis];
1697:../../Middlewares/stedgeai-lib/Npu/ll_aton/ll_aton_lib_sw_operators.c ****       int32_t padding_bytes = common_params->pad_out_offsets_end[curr_axis] / nr_loops;
1698:../../Middlewares/stedgeai-lib/Npu/ll_aton/ll_aton_lib_sw_operators.c **** 
1699:../../Middlewares/stedgeai-lib/Npu/ll_aton/ll_aton_lib_sw_operators.c ****       int8_t *dst_ptr = common_params->out_target;
1700:../../Middlewares/stedgeai-lib/Npu/ll_aton/ll_aton_lib_sw_operators.c ****       int8_t *src_ptr = common_params->out_target - (common_params->pad_out_offsets_end[curr_axis] 
1701:../../Middlewares/stedgeai-lib/Npu/ll_aton/ll_aton_lib_sw_operators.c **** 
1702:../../Middlewares/stedgeai-lib/Npu/ll_aton/ll_aton_lib_sw_operators.c ****       for (int i = 0; i < nr_loops; i++)
1703:../../Middlewares/stedgeai-lib/Npu/ll_aton/ll_aton_lib_sw_operators.c ****       {
1704:../../Middlewares/stedgeai-lib/Npu/ll_aton/ll_aton_lib_sw_operators.c **** #if defined(DUMP_DEBUG_SW_OPS)
1705:../../Middlewares/stedgeai-lib/Npu/ll_aton/ll_aton_lib_sw_operators.c ****         LL_ATON_PRINTF("%s(%d): memcpy, curr_axis=%d, dst=%p, src=%p, bytes=%d, times=%d/%d\n", __f
1706:../../Middlewares/stedgeai-lib/Npu/ll_aton/ll_aton_lib_sw_operators.c ****                        curr_axis, (int8_t *)dst_ptr, (int8_t *)src_ptr, padding_bytes, i + 1, nr_lo
1707:../../Middlewares/stedgeai-lib/Npu/ll_aton/ll_aton_lib_sw_operators.c **** #endif
1708:../../Middlewares/stedgeai-lib/Npu/ll_aton/ll_aton_lib_sw_operators.c ****         memcpy(dst_ptr, src_ptr, padding_bytes);
1709:../../Middlewares/stedgeai-lib/Npu/ll_aton/ll_aton_lib_sw_operators.c ****         dst_ptr += padding_bytes;
1710:../../Middlewares/stedgeai-lib/Npu/ll_aton/ll_aton_lib_sw_operators.c ****       }
1711:../../Middlewares/stedgeai-lib/Npu/ll_aton/ll_aton_lib_sw_operators.c ****     }
1712:../../Middlewares/stedgeai-lib/Npu/ll_aton/ll_aton_lib_sw_operators.c **** 
1713:../../Middlewares/stedgeai-lib/Npu/ll_aton/ll_aton_lib_sw_operators.c ****     common_params->out_target += common_params->pad_out_offsets_end[curr_axis];
1714:../../Middlewares/stedgeai-lib/Npu/ll_aton/ll_aton_lib_sw_operators.c **** 
1715:../../Middlewares/stedgeai-lib/Npu/ll_aton/ll_aton_lib_sw_operators.c **** #if defined(DUMP_DEBUG_SW_OPS)
1716:../../Middlewares/stedgeai-lib/Npu/ll_aton/ll_aton_lib_sw_operators.c ****     LL_ATON_PRINTF("%s(%d): out=%p, end=%p\n", __func__, __LINE__, (int8_t *)common_params->out_tar
1717:../../Middlewares/stedgeai-lib/Npu/ll_aton/ll_aton_lib_sw_operators.c ****                    (int8_t *)common_params->end_out_target);
1718:../../Middlewares/stedgeai-lib/Npu/ll_aton/ll_aton_lib_sw_operators.c **** #if (ATON_PLAT_HAS_FFLUSH)
1719:../../Middlewares/stedgeai-lib/Npu/ll_aton/ll_aton_lib_sw_operators.c ****     LL_ATON_FFLUSH(stdout);
1720:../../Middlewares/stedgeai-lib/Npu/ll_aton/ll_aton_lib_sw_operators.c **** #endif
1721:../../Middlewares/stedgeai-lib/Npu/ll_aton/ll_aton_lib_sw_operators.c **** #endif
1722:../../Middlewares/stedgeai-lib/Npu/ll_aton/ll_aton_lib_sw_operators.c ****     LL_ATON_ASSERT(common_params->out_target <= common_params->end_out_target);
1723:../../Middlewares/stedgeai-lib/Npu/ll_aton/ll_aton_lib_sw_operators.c ****   }
1724:../../Middlewares/stedgeai-lib/Npu/ll_aton/ll_aton_lib_sw_operators.c **** 
1725:../../Middlewares/stedgeai-lib/Npu/ll_aton/ll_aton_lib_sw_operators.c ****   if (common_params->pad_in_offsets_end[curr_axis] < 0)
1726:../../Middlewares/stedgeai-lib/Npu/ll_aton/ll_aton_lib_sw_operators.c ****   {
1727:../../Middlewares/stedgeai-lib/Npu/ll_aton/ll_aton_lib_sw_operators.c ****     common_params->in_target -= common_params->pad_in_offsets_end[curr_axis];
1728:../../Middlewares/stedgeai-lib/Npu/ll_aton/ll_aton_lib_sw_operators.c ****   }
1729:../../Middlewares/stedgeai-lib/Npu/ll_aton/ll_aton_lib_sw_operators.c **** }
1730:../../Middlewares/stedgeai-lib/Npu/ll_aton/ll_aton_lib_sw_operators.c **** 
1731:../../Middlewares/stedgeai-lib/Npu/ll_aton/ll_aton_lib_sw_operators.c **** static int __ll_aton_lib_pad_filling(__ll_pad_sw_params_t *common_params)
1732:../../Middlewares/stedgeai-lib/Npu/ll_aton/ll_aton_lib_sw_operators.c **** {
 547              		.loc 1 1732 1 is_stmt 1 view -0
 548              		.cfi_startproc
 549              		@ args = 0, pretend = 0, frame = 0
 550              		@ frame_needed = 0, uses_anonymous_args = 0
1733:../../Middlewares/stedgeai-lib/Npu/ll_aton/ll_aton_lib_sw_operators.c **** #ifndef NDEBUG
ARM GAS  /tmp/ccBdscOF.s 			page 52


1734:../../Middlewares/stedgeai-lib/Npu/ll_aton/ll_aton_lib_sw_operators.c ****   extern NN_Instance_TypeDef *volatile __ll_current_aton_ip_owner;
 551              		.loc 1 1734 3 view .LVU149
1735:../../Middlewares/stedgeai-lib/Npu/ll_aton/ll_aton_lib_sw_operators.c ****   LL_ATON_ASSERT(__ll_current_aton_ip_owner != NULL);
 552              		.loc 1 1735 3 view .LVU150
 553 0000 1B4B     		ldr	r3, .L51
1732:../../Middlewares/stedgeai-lib/Npu/ll_aton/ll_aton_lib_sw_operators.c **** #ifndef NDEBUG
 554              		.loc 1 1732 1 is_stmt 0 view .LVU151
 555 0002 10B5     		push	{r4, lr}
 556              		.cfi_def_cfa_offset 8
 557              		.cfi_offset 4, -8
 558              		.cfi_offset 14, -4
 559              		.loc 1 1735 3 view .LVU152
 560 0004 1B68     		ldr	r3, [r3]
1732:../../Middlewares/stedgeai-lib/Npu/ll_aton/ll_aton_lib_sw_operators.c **** #ifndef NDEBUG
 561              		.loc 1 1732 1 view .LVU153
 562 0006 0446     		mov	r4, r0
 563              		.loc 1 1735 3 view .LVU154
 564 0008 33B9     		cbnz	r3, .L38
 565              		.loc 1 1735 3 discriminator 1 view .LVU155
 566 000a 40F2C761 		movw	r1, #1735
 567 000e 194B     		ldr	r3, .L51+4
 568 0010 194A     		ldr	r2, .L51+8
 569 0012 1A48     		ldr	r0, .L51+12
 570              	.LVL44:
 571              		.loc 1 1735 3 discriminator 1 view .LVU156
 572 0014 FFF7FEFF 		bl	__assert_func
 573              	.LVL45:
 574              	.L38:
1736:../../Middlewares/stedgeai-lib/Npu/ll_aton/ll_aton_lib_sw_operators.c **** #endif // !NDEBUG
1737:../../Middlewares/stedgeai-lib/Npu/ll_aton/ll_aton_lib_sw_operators.c **** 
1738:../../Middlewares/stedgeai-lib/Npu/ll_aton/ll_aton_lib_sw_operators.c **** #if defined(DUMP_RESULTS_PAD_OP)
1739:../../Middlewares/stedgeai-lib/Npu/ll_aton/ll_aton_lib_sw_operators.c ****   int8_t *out_target = common_params->out_target;
1740:../../Middlewares/stedgeai-lib/Npu/ll_aton/ll_aton_lib_sw_operators.c **** #endif // DUMP_RESULTS_PAD_OP
1741:../../Middlewares/stedgeai-lib/Npu/ll_aton/ll_aton_lib_sw_operators.c **** 
1742:../../Middlewares/stedgeai-lib/Npu/ll_aton/ll_aton_lib_sw_operators.c ****   /* check if there is something to do */
1743:../../Middlewares/stedgeai-lib/Npu/ll_aton/ll_aton_lib_sw_operators.c ****   if (common_params->consecutive_bytes == 0)
 575              		.loc 1 1743 3 is_stmt 1 view .LVU157
 576              		.loc 1 1743 20 is_stmt 0 view .LVU158
 577 0018 C369     		ldr	r3, [r0, #28]
 578              		.loc 1 1743 6 view .LVU159
 579 001a 9BB1     		cbz	r3, .L44
1744:../../Middlewares/stedgeai-lib/Npu/ll_aton/ll_aton_lib_sw_operators.c ****   {
1745:../../Middlewares/stedgeai-lib/Npu/ll_aton/ll_aton_lib_sw_operators.c ****     goto dump_results; // nothing needs to be copied/filled in (just `memset`), so we are done!
1746:../../Middlewares/stedgeai-lib/Npu/ll_aton/ll_aton_lib_sw_operators.c ****   }
1747:../../Middlewares/stedgeai-lib/Npu/ll_aton/ll_aton_lib_sw_operators.c **** 
1748:../../Middlewares/stedgeai-lib/Npu/ll_aton/ll_aton_lib_sw_operators.c ****   /* fill with content */
1749:../../Middlewares/stedgeai-lib/Npu/ll_aton/ll_aton_lib_sw_operators.c ****   if ((common_params->consecutive_bytes < __LL_PAD_FILLING_DMA_MIN_BUFF_LEN) ||
 580              		.loc 1 1749 3 is_stmt 1 view .LVU160
 581              		.loc 1 1749 6 is_stmt 0 view .LVU161
 582 001c B3F5966F 		cmp	r3, #1200
 583 0020 02D3     		bcc	.L41
 584              		.loc 1 1749 78 discriminator 1 view .LVU162
 585 0022 C36A     		ldr	r3, [r0, #44]
 586 0024 2A2B     		cmp	r3, #42
 587 0026 0FD9     		bls	.L42
 588              	.L41:
1750:../../Middlewares/stedgeai-lib/Npu/ll_aton/ll_aton_lib_sw_operators.c ****       (common_params->tensor_rank > __LL_DMA_PAD_MAX_DIMS))
ARM GAS  /tmp/ccBdscOF.s 			page 53


1751:../../Middlewares/stedgeai-lib/Npu/ll_aton/ll_aton_lib_sw_operators.c ****   { // do it without HW support
1752:../../Middlewares/stedgeai-lib/Npu/ll_aton/ll_aton_lib_sw_operators.c ****     __ll_aton_lib_pad_filling_sw(0, common_params);
 589              		.loc 1 1752 5 is_stmt 1 view .LVU163
 590 0028 2146     		mov	r1, r4
 591 002a 0020     		movs	r0, #0
 592              	.LVL46:
 593              		.loc 1 1752 5 is_stmt 0 view .LVU164
 594 002c FFF7FEFF 		bl	__ll_aton_lib_pad_filling_sw
 595              	.LVL47:
1753:../../Middlewares/stedgeai-lib/Npu/ll_aton/ll_aton_lib_sw_operators.c **** 
1754:../../Middlewares/stedgeai-lib/Npu/ll_aton/ll_aton_lib_sw_operators.c ****     if (common_params->callback_function != NULL) /* take this as indication for "called as callbac
 596              		.loc 1 1754 5 is_stmt 1 view .LVU165
 597              		.loc 1 1754 8 is_stmt 0 view .LVU166
 598 0030 D4F89430 		ldr	r3, [r4, #148]
 599 0034 33B1     		cbz	r3, .L44
1755:../../Middlewares/stedgeai-lib/Npu/ll_aton/ll_aton_lib_sw_operators.c ****     {
1756:../../Middlewares/stedgeai-lib/Npu/ll_aton/ll_aton_lib_sw_operators.c ****       if ((common_params->end_out_target - common_params->saved_out_target) > 0)
 600              		.loc 1 1756 7 is_stmt 1 view .LVU167
 601              		.loc 1 1756 25 is_stmt 0 view .LVU168
 602 0036 216B     		ldr	r1, [r4, #48]
 603              		.loc 1 1756 57 view .LVU169
 604 0038 A06A     		ldr	r0, [r4, #40]
 605              		.loc 1 1756 42 view .LVU170
 606 003a 0B1A     		subs	r3, r1, r0
 607              		.loc 1 1756 10 view .LVU171
 608 003c 002B     		cmp	r3, #0
 609 003e 01DD     		ble	.L44
 610              	.LBB105:
1757:../../Middlewares/stedgeai-lib/Npu/ll_aton/ll_aton_lib_sw_operators.c ****       {
1758:../../Middlewares/stedgeai-lib/Npu/ll_aton/ll_aton_lib_sw_operators.c ****         /* *** MCU cache clean operation (SW) *** */
1759:../../Middlewares/stedgeai-lib/Npu/ll_aton/ll_aton_lib_sw_operators.c ****         uint32_t size = (uintptr_t)(common_params->end_out_target) - (uintptr_t)(common_params->sav
 611              		.loc 1 1759 9 is_stmt 1 view .LVU172
 612              	.LVL48:
1760:../../Middlewares/stedgeai-lib/Npu/ll_aton/ll_aton_lib_sw_operators.c ****         LL_ATON_Cache_MCU_Clean_Range(ATON_LIB_PHYSICAL_TO_VIRTUAL_ADDR((uintptr_t)common_params->s
 613              		.loc 1 1760 9 view .LVU173
 614              	.LBB106:
 615              	.LBI106:
 616              		.file 3 "../../Middlewares/stedgeai-lib/Npu/ll_aton/ll_aton_caches_interface.h"
   1:../../Middlewares/stedgeai-lib/Npu/ll_aton/ll_aton_caches_interface.h **** /**
   2:../../Middlewares/stedgeai-lib/Npu/ll_aton/ll_aton_caches_interface.h ****  ******************************************************************************
   3:../../Middlewares/stedgeai-lib/Npu/ll_aton/ll_aton_caches_interface.h ****  * @file    ll_aton_caches_interface.h
   4:../../Middlewares/stedgeai-lib/Npu/ll_aton/ll_aton_caches_interface.h ****  * @author  SRA Artificial Intelligence & Embedded Architectures
   5:../../Middlewares/stedgeai-lib/Npu/ll_aton/ll_aton_caches_interface.h ****  * @brief   Header file for defining an implementing generic cache handling
   6:../../Middlewares/stedgeai-lib/Npu/ll_aton/ll_aton_caches_interface.h ****  *          functions for the application writer
   7:../../Middlewares/stedgeai-lib/Npu/ll_aton/ll_aton_caches_interface.h ****  ******************************************************************************
   8:../../Middlewares/stedgeai-lib/Npu/ll_aton/ll_aton_caches_interface.h ****  * @attention
   9:../../Middlewares/stedgeai-lib/Npu/ll_aton/ll_aton_caches_interface.h ****  *
  10:../../Middlewares/stedgeai-lib/Npu/ll_aton/ll_aton_caches_interface.h ****  * Copyright (c) 2024 STMicroelectronics.
  11:../../Middlewares/stedgeai-lib/Npu/ll_aton/ll_aton_caches_interface.h ****  * All rights reserved.
  12:../../Middlewares/stedgeai-lib/Npu/ll_aton/ll_aton_caches_interface.h ****  *
  13:../../Middlewares/stedgeai-lib/Npu/ll_aton/ll_aton_caches_interface.h ****  * This software is licensed under terms that can be found in the LICENSE file
  14:../../Middlewares/stedgeai-lib/Npu/ll_aton/ll_aton_caches_interface.h ****  * in the root directory of this software component.
  15:../../Middlewares/stedgeai-lib/Npu/ll_aton/ll_aton_caches_interface.h ****  * If no LICENSE file comes with this software, it is provided AS-IS.
  16:../../Middlewares/stedgeai-lib/Npu/ll_aton/ll_aton_caches_interface.h ****  *
  17:../../Middlewares/stedgeai-lib/Npu/ll_aton/ll_aton_caches_interface.h ****  ******************************************************************************
  18:../../Middlewares/stedgeai-lib/Npu/ll_aton/ll_aton_caches_interface.h ****  */
  19:../../Middlewares/stedgeai-lib/Npu/ll_aton/ll_aton_caches_interface.h **** 
ARM GAS  /tmp/ccBdscOF.s 			page 54


  20:../../Middlewares/stedgeai-lib/Npu/ll_aton/ll_aton_caches_interface.h **** #ifndef __LL_ATON_CACHES_H
  21:../../Middlewares/stedgeai-lib/Npu/ll_aton/ll_aton_caches_interface.h **** #define __LL_ATON_CACHES_H
  22:../../Middlewares/stedgeai-lib/Npu/ll_aton/ll_aton_caches_interface.h **** 
  23:../../Middlewares/stedgeai-lib/Npu/ll_aton/ll_aton_caches_interface.h **** #include <stdint.h>
  24:../../Middlewares/stedgeai-lib/Npu/ll_aton/ll_aton_caches_interface.h **** 
  25:../../Middlewares/stedgeai-lib/Npu/ll_aton/ll_aton_caches_interface.h **** #ifdef __cplusplus
  26:../../Middlewares/stedgeai-lib/Npu/ll_aton/ll_aton_caches_interface.h **** extern "C"
  27:../../Middlewares/stedgeai-lib/Npu/ll_aton/ll_aton_caches_interface.h **** {
  28:../../Middlewares/stedgeai-lib/Npu/ll_aton/ll_aton_caches_interface.h **** #endif
  29:../../Middlewares/stedgeai-lib/Npu/ll_aton/ll_aton_caches_interface.h **** 
  30:../../Middlewares/stedgeai-lib/Npu/ll_aton/ll_aton_caches_interface.h **** #include "ll_aton_osal.h"
  31:../../Middlewares/stedgeai-lib/Npu/ll_aton/ll_aton_caches_interface.h **** #include "ll_aton_platform.h"
  32:../../Middlewares/stedgeai-lib/Npu/ll_aton/ll_aton_caches_interface.h **** 
  33:../../Middlewares/stedgeai-lib/Npu/ll_aton/ll_aton_caches_interface.h **** #if !defined(BUILD_AI_NETWORK_RELOC)
  34:../../Middlewares/stedgeai-lib/Npu/ll_aton/ll_aton_caches_interface.h **** 
  35:../../Middlewares/stedgeai-lib/Npu/ll_aton/ll_aton_caches_interface.h **** #if (LL_ATON_PLATFORM == LL_ATON_PLAT_STM32N6)
  36:../../Middlewares/stedgeai-lib/Npu/ll_aton/ll_aton_caches_interface.h **** 
  37:../../Middlewares/stedgeai-lib/Npu/ll_aton/ll_aton_caches_interface.h ****   /*** MCU cache maintenance functions ***/
  38:../../Middlewares/stedgeai-lib/Npu/ll_aton/ll_aton_caches_interface.h **** 
  39:../../Middlewares/stedgeai-lib/Npu/ll_aton/ll_aton_caches_interface.h ****   /**
  40:../../Middlewares/stedgeai-lib/Npu/ll_aton/ll_aton_caches_interface.h ****    * @brief perform MCU cache clean maintenance operation on an address range
  41:../../Middlewares/stedgeai-lib/Npu/ll_aton/ll_aton_caches_interface.h ****    * @details whenever the content of a buffer is changed by the application (which is especially t
  42:../../Middlewares/stedgeai-lib/Npu/ll_aton/ll_aton_caches_interface.h ****    *          buffers) cache maintenance MUST be taken into account before being able to run the ne
  43:../../Middlewares/stedgeai-lib/Npu/ll_aton/ll_aton_caches_interface.h ****    * @param[in] virtual_addr start address (host-side/virtual) of address range
  44:../../Middlewares/stedgeai-lib/Npu/ll_aton/ll_aton_caches_interface.h ****    * @param[in] size size of address range
  45:../../Middlewares/stedgeai-lib/Npu/ll_aton/ll_aton_caches_interface.h ****    *
  46:../../Middlewares/stedgeai-lib/Npu/ll_aton/ll_aton_caches_interface.h ****    * @note the address range should fulfill alignment constraints with respect to the MCU cache lin
  47:../../Middlewares/stedgeai-lib/Npu/ll_aton/ll_aton_caches_interface.h ****    *       for both its `address` & `size` (to better correspond to what this operation will actual
  48:../../Middlewares/stedgeai-lib/Npu/ll_aton/ll_aton_caches_interface.h ****    * @note this function is intended to handle the case where a buffer has been filled by the MCU/p
  49:../../Middlewares/stedgeai-lib/Npu/ll_aton/ll_aton_caches_interface.h ****    *       passing thru the MCU cache) and should be called AFTER that the buffer has been filled
  50:../../Middlewares/stedgeai-lib/Npu/ll_aton/ll_aton_caches_interface.h ****    */
  51:../../Middlewares/stedgeai-lib/Npu/ll_aton/ll_aton_caches_interface.h ****   static inline void LL_ATON_Cache_MCU_Clean_Range(uintptr_t virtual_addr, uint32_t size)
 617              		.loc 3 51 22 view .LVU174
 618              	.LBB107:
  52:../../Middlewares/stedgeai-lib/Npu/ll_aton/ll_aton_caches_interface.h ****   {
  53:../../Middlewares/stedgeai-lib/Npu/ll_aton/ll_aton_caches_interface.h ****     LL_ATON_OSAL_LOCK_MCU_CACHE();
 619              		.loc 3 53 34 view .LVU175
  54:../../Middlewares/stedgeai-lib/Npu/ll_aton/ll_aton_caches_interface.h ****     mcu_cache_clean_range(virtual_addr, virtual_addr + size);
 620              		.loc 3 54 5 view .LVU176
 621 0040 FFF7FEFF 		bl	mcu_cache_clean_range
 622              	.LVL49:
  55:../../Middlewares/stedgeai-lib/Npu/ll_aton/ll_aton_caches_interface.h ****     LL_ATON_OSAL_UNLOCK_MCU_CACHE();
 623              		.loc 3 55 36 view .LVU177
 624              	.L44:
 625              		.loc 3 55 36 is_stmt 0 view .LVU178
 626              	.LBE107:
 627              	.LBE106:
 628              	.LBE105:
1761:../../Middlewares/stedgeai-lib/Npu/ll_aton/ll_aton_lib_sw_operators.c ****                                       size);
1762:../../Middlewares/stedgeai-lib/Npu/ll_aton/ll_aton_lib_sw_operators.c ****       }
1763:../../Middlewares/stedgeai-lib/Npu/ll_aton/ll_aton_lib_sw_operators.c ****     }
1764:../../Middlewares/stedgeai-lib/Npu/ll_aton/ll_aton_lib_sw_operators.c **** 
1765:../../Middlewares/stedgeai-lib/Npu/ll_aton/ll_aton_lib_sw_operators.c ****   dump_results:
1766:../../Middlewares/stedgeai-lib/Npu/ll_aton/ll_aton_lib_sw_operators.c **** #if defined(DUMP_RESULTS_PAD_OP)
1767:../../Middlewares/stedgeai-lib/Npu/ll_aton/ll_aton_lib_sw_operators.c ****     /* debug output print */
1768:../../Middlewares/stedgeai-lib/Npu/ll_aton/ll_aton_lib_sw_operators.c ****     switch (common_params->nbytes)
1769:../../Middlewares/stedgeai-lib/Npu/ll_aton/ll_aton_lib_sw_operators.c ****     {
ARM GAS  /tmp/ccBdscOF.s 			page 55


1770:../../Middlewares/stedgeai-lib/Npu/ll_aton/ll_aton_lib_sw_operators.c ****     case 1:
1771:../../Middlewares/stedgeai-lib/Npu/ll_aton/ll_aton_lib_sw_operators.c ****     {
1772:../../Middlewares/stedgeai-lib/Npu/ll_aton/ll_aton_lib_sw_operators.c ****       int8_t *ptr = (int8_t *)out_target;
1773:../../Middlewares/stedgeai-lib/Npu/ll_aton/ll_aton_lib_sw_operators.c ****       for (uint32_t i = 0; i < common_params->out_size; i++)
1774:../../Middlewares/stedgeai-lib/Npu/ll_aton/ll_aton_lib_sw_operators.c ****       {
1775:../../Middlewares/stedgeai-lib/Npu/ll_aton/ll_aton_lib_sw_operators.c ****         LL_ATON_PRINTF("%d\n", ptr[i]);
1776:../../Middlewares/stedgeai-lib/Npu/ll_aton/ll_aton_lib_sw_operators.c ****       }
1777:../../Middlewares/stedgeai-lib/Npu/ll_aton/ll_aton_lib_sw_operators.c ****     }
1778:../../Middlewares/stedgeai-lib/Npu/ll_aton/ll_aton_lib_sw_operators.c ****     break;
1779:../../Middlewares/stedgeai-lib/Npu/ll_aton/ll_aton_lib_sw_operators.c ****     case 2:
1780:../../Middlewares/stedgeai-lib/Npu/ll_aton/ll_aton_lib_sw_operators.c ****     {
1781:../../Middlewares/stedgeai-lib/Npu/ll_aton/ll_aton_lib_sw_operators.c ****       int16_t *ptr = (int16_t *)(int8_t *)out_target;
1782:../../Middlewares/stedgeai-lib/Npu/ll_aton/ll_aton_lib_sw_operators.c ****       for (uint32_t i = 0; i < common_params->out_size / 2; i++)
1783:../../Middlewares/stedgeai-lib/Npu/ll_aton/ll_aton_lib_sw_operators.c ****       {
1784:../../Middlewares/stedgeai-lib/Npu/ll_aton/ll_aton_lib_sw_operators.c ****         LL_ATON_PRINTF("%d\n", ptr[i]);
1785:../../Middlewares/stedgeai-lib/Npu/ll_aton/ll_aton_lib_sw_operators.c ****       }
1786:../../Middlewares/stedgeai-lib/Npu/ll_aton/ll_aton_lib_sw_operators.c ****     }
1787:../../Middlewares/stedgeai-lib/Npu/ll_aton/ll_aton_lib_sw_operators.c ****     break;
1788:../../Middlewares/stedgeai-lib/Npu/ll_aton/ll_aton_lib_sw_operators.c ****     case 3: // NOTE: assuming no alignment
1789:../../Middlewares/stedgeai-lib/Npu/ll_aton/ll_aton_lib_sw_operators.c ****     {
1790:../../Middlewares/stedgeai-lib/Npu/ll_aton/ll_aton_lib_sw_operators.c ****       /* check endianness */
1791:../../Middlewares/stedgeai-lib/Npu/ll_aton/ll_aton_lib_sw_operators.c ****       const int32_t _const_val = 0x01020304;
1792:../../Middlewares/stedgeai-lib/Npu/ll_aton/ll_aton_lib_sw_operators.c ****       const int8_t *_const_val_ptr = (int8_t *)&_const_val;
1793:../../Middlewares/stedgeai-lib/Npu/ll_aton/ll_aton_lib_sw_operators.c ****       bool is_little_endian = (_const_val_ptr[0] == 0x04);
1794:../../Middlewares/stedgeai-lib/Npu/ll_aton/ll_aton_lib_sw_operators.c **** 
1795:../../Middlewares/stedgeai-lib/Npu/ll_aton/ll_aton_lib_sw_operators.c ****       int8_t *ptr = (int8_t *)out_target;
1796:../../Middlewares/stedgeai-lib/Npu/ll_aton/ll_aton_lib_sw_operators.c ****       if (is_little_endian)
1797:../../Middlewares/stedgeai-lib/Npu/ll_aton/ll_aton_lib_sw_operators.c ****       {
1798:../../Middlewares/stedgeai-lib/Npu/ll_aton/ll_aton_lib_sw_operators.c ****         for (uint32_t i = 0; i < common_params->out_size / 3; i += 3)
1799:../../Middlewares/stedgeai-lib/Npu/ll_aton/ll_aton_lib_sw_operators.c ****         {
1800:../../Middlewares/stedgeai-lib/Npu/ll_aton/ll_aton_lib_sw_operators.c ****           int32_t value = 0;
1801:../../Middlewares/stedgeai-lib/Npu/ll_aton/ll_aton_lib_sw_operators.c **** 
1802:../../Middlewares/stedgeai-lib/Npu/ll_aton/ll_aton_lib_sw_operators.c ****           value |= ptr[i];
1803:../../Middlewares/stedgeai-lib/Npu/ll_aton/ll_aton_lib_sw_operators.c ****           value |= ptr[i + 1] << 8;
1804:../../Middlewares/stedgeai-lib/Npu/ll_aton/ll_aton_lib_sw_operators.c ****           value |= ptr[i + 2] << 16;
1805:../../Middlewares/stedgeai-lib/Npu/ll_aton/ll_aton_lib_sw_operators.c **** 
1806:../../Middlewares/stedgeai-lib/Npu/ll_aton/ll_aton_lib_sw_operators.c ****           LL_ATON_PRINTF("%d\n", value);
1807:../../Middlewares/stedgeai-lib/Npu/ll_aton/ll_aton_lib_sw_operators.c ****         }
1808:../../Middlewares/stedgeai-lib/Npu/ll_aton/ll_aton_lib_sw_operators.c ****       }
1809:../../Middlewares/stedgeai-lib/Npu/ll_aton/ll_aton_lib_sw_operators.c ****       else
1810:../../Middlewares/stedgeai-lib/Npu/ll_aton/ll_aton_lib_sw_operators.c ****       {
1811:../../Middlewares/stedgeai-lib/Npu/ll_aton/ll_aton_lib_sw_operators.c ****         for (uint32_t i = 0; i < common_params->out_size / 3; i += 3)
1812:../../Middlewares/stedgeai-lib/Npu/ll_aton/ll_aton_lib_sw_operators.c ****         {
1813:../../Middlewares/stedgeai-lib/Npu/ll_aton/ll_aton_lib_sw_operators.c ****           int32_t value = 0;
1814:../../Middlewares/stedgeai-lib/Npu/ll_aton/ll_aton_lib_sw_operators.c **** 
1815:../../Middlewares/stedgeai-lib/Npu/ll_aton/ll_aton_lib_sw_operators.c ****           value |= ptr[i] << 16;
1816:../../Middlewares/stedgeai-lib/Npu/ll_aton/ll_aton_lib_sw_operators.c ****           value |= ptr[i + 1] << 8;
1817:../../Middlewares/stedgeai-lib/Npu/ll_aton/ll_aton_lib_sw_operators.c ****           value |= ptr[i + 2];
1818:../../Middlewares/stedgeai-lib/Npu/ll_aton/ll_aton_lib_sw_operators.c **** 
1819:../../Middlewares/stedgeai-lib/Npu/ll_aton/ll_aton_lib_sw_operators.c ****           LL_ATON_PRINTF("%d\n", value);
1820:../../Middlewares/stedgeai-lib/Npu/ll_aton/ll_aton_lib_sw_operators.c ****         }
1821:../../Middlewares/stedgeai-lib/Npu/ll_aton/ll_aton_lib_sw_operators.c ****       }
1822:../../Middlewares/stedgeai-lib/Npu/ll_aton/ll_aton_lib_sw_operators.c ****     }
1823:../../Middlewares/stedgeai-lib/Npu/ll_aton/ll_aton_lib_sw_operators.c ****     break;
1824:../../Middlewares/stedgeai-lib/Npu/ll_aton/ll_aton_lib_sw_operators.c ****     case 4:
1825:../../Middlewares/stedgeai-lib/Npu/ll_aton/ll_aton_lib_sw_operators.c ****     {
1826:../../Middlewares/stedgeai-lib/Npu/ll_aton/ll_aton_lib_sw_operators.c ****       int32_t *ptr = (int32_t *)(int8_t *)out_target;
ARM GAS  /tmp/ccBdscOF.s 			page 56


1827:../../Middlewares/stedgeai-lib/Npu/ll_aton/ll_aton_lib_sw_operators.c ****       for (uint32_t i = 0; i < common_params->out_size / 4; i++)
1828:../../Middlewares/stedgeai-lib/Npu/ll_aton/ll_aton_lib_sw_operators.c ****       {
1829:../../Middlewares/stedgeai-lib/Npu/ll_aton/ll_aton_lib_sw_operators.c ****         LL_ATON_PRINTF("%d\n", ptr[i]);
1830:../../Middlewares/stedgeai-lib/Npu/ll_aton/ll_aton_lib_sw_operators.c ****       }
1831:../../Middlewares/stedgeai-lib/Npu/ll_aton/ll_aton_lib_sw_operators.c ****     }
1832:../../Middlewares/stedgeai-lib/Npu/ll_aton/ll_aton_lib_sw_operators.c ****     break;
1833:../../Middlewares/stedgeai-lib/Npu/ll_aton/ll_aton_lib_sw_operators.c ****     default:
1834:../../Middlewares/stedgeai-lib/Npu/ll_aton/ll_aton_lib_sw_operators.c ****       LL_ATON_ASSERT(false);
1835:../../Middlewares/stedgeai-lib/Npu/ll_aton/ll_aton_lib_sw_operators.c ****       break;
1836:../../Middlewares/stedgeai-lib/Npu/ll_aton/ll_aton_lib_sw_operators.c ****     }
1837:../../Middlewares/stedgeai-lib/Npu/ll_aton/ll_aton_lib_sw_operators.c **** #endif // DUMP_RESULTS_PAD_OP
1838:../../Middlewares/stedgeai-lib/Npu/ll_aton/ll_aton_lib_sw_operators.c **** 
1839:../../Middlewares/stedgeai-lib/Npu/ll_aton/ll_aton_lib_sw_operators.c ****     return LL_ATON_OK;
1840:../../Middlewares/stedgeai-lib/Npu/ll_aton/ll_aton_lib_sw_operators.c ****   }
1841:../../Middlewares/stedgeai-lib/Npu/ll_aton/ll_aton_lib_sw_operators.c ****   else
1842:../../Middlewares/stedgeai-lib/Npu/ll_aton/ll_aton_lib_sw_operators.c ****   {                                               // perform second phase in HW
1843:../../Middlewares/stedgeai-lib/Npu/ll_aton/ll_aton_lib_sw_operators.c ****     if (common_params->callback_function != NULL) /* take this as indication for "called as callbac
1844:../../Middlewares/stedgeai-lib/Npu/ll_aton/ll_aton_lib_sw_operators.c ****     {
1845:../../Middlewares/stedgeai-lib/Npu/ll_aton/ll_aton_lib_sw_operators.c ****       common_params->callback_function = NULL;
1846:../../Middlewares/stedgeai-lib/Npu/ll_aton/ll_aton_lib_sw_operators.c ****       return LL_ATON_LIB_DMA_Pad_Filling(NULL);
1847:../../Middlewares/stedgeai-lib/Npu/ll_aton/ll_aton_lib_sw_operators.c ****     }
1848:../../Middlewares/stedgeai-lib/Npu/ll_aton/ll_aton_lib_sw_operators.c ****     else
1849:../../Middlewares/stedgeai-lib/Npu/ll_aton/ll_aton_lib_sw_operators.c ****     { // not a callback => `memset` (i.e. `framing`) has been executed in SW
1850:../../Middlewares/stedgeai-lib/Npu/ll_aton/ll_aton_lib_sw_operators.c ****       if ((common_params->end_out_target - common_params->saved_out_target) > 0)
1851:../../Middlewares/stedgeai-lib/Npu/ll_aton/ll_aton_lib_sw_operators.c ****       {
1852:../../Middlewares/stedgeai-lib/Npu/ll_aton/ll_aton_lib_sw_operators.c ****         /* *** MCU cache clean & invalidate operation (SW) *** */
1853:../../Middlewares/stedgeai-lib/Npu/ll_aton/ll_aton_lib_sw_operators.c ****         uint32_t size = (uintptr_t)(common_params->end_out_target) - (uintptr_t)(common_params->sav
1854:../../Middlewares/stedgeai-lib/Npu/ll_aton/ll_aton_lib_sw_operators.c ****         LL_ATON_Cache_MCU_Clean_Invalidate_Range(
1855:../../Middlewares/stedgeai-lib/Npu/ll_aton/ll_aton_lib_sw_operators.c ****             ATON_LIB_PHYSICAL_TO_VIRTUAL_ADDR((uintptr_t)common_params->saved_out_target), size);
1856:../../Middlewares/stedgeai-lib/Npu/ll_aton/ll_aton_lib_sw_operators.c ****       }
1857:../../Middlewares/stedgeai-lib/Npu/ll_aton/ll_aton_lib_sw_operators.c **** 
1858:../../Middlewares/stedgeai-lib/Npu/ll_aton/ll_aton_lib_sw_operators.c ****       return LL_ATON_LIB_DMA_Pad_Filling(common_params);
1859:../../Middlewares/stedgeai-lib/Npu/ll_aton/ll_aton_lib_sw_operators.c ****     }
1860:../../Middlewares/stedgeai-lib/Npu/ll_aton/ll_aton_lib_sw_operators.c ****   }
1861:../../Middlewares/stedgeai-lib/Npu/ll_aton/ll_aton_lib_sw_operators.c **** }
 629              		.loc 1 1861 1 view .LVU179
 630 0044 0020     		movs	r0, #0
 631 0046 10BD     		pop	{r4, pc}
 632              	.LVL50:
 633              	.L42:
1843:../../Middlewares/stedgeai-lib/Npu/ll_aton/ll_aton_lib_sw_operators.c ****     {
 634              		.loc 1 1843 5 is_stmt 1 view .LVU180
1843:../../Middlewares/stedgeai-lib/Npu/ll_aton/ll_aton_lib_sw_operators.c ****     {
 635              		.loc 1 1843 8 is_stmt 0 view .LVU181
 636 0048 D0F89430 		ldr	r3, [r0, #148]
 637 004c 33B1     		cbz	r3, .L45
1845:../../Middlewares/stedgeai-lib/Npu/ll_aton/ll_aton_lib_sw_operators.c ****       return LL_ATON_LIB_DMA_Pad_Filling(NULL);
 638              		.loc 1 1845 7 is_stmt 1 view .LVU182
1845:../../Middlewares/stedgeai-lib/Npu/ll_aton/ll_aton_lib_sw_operators.c ****       return LL_ATON_LIB_DMA_Pad_Filling(NULL);
 639              		.loc 1 1845 40 is_stmt 0 view .LVU183
 640 004e 0020     		movs	r0, #0
 641              	.LVL51:
1845:../../Middlewares/stedgeai-lib/Npu/ll_aton/ll_aton_lib_sw_operators.c ****       return LL_ATON_LIB_DMA_Pad_Filling(NULL);
 642              		.loc 1 1845 40 view .LVU184
 643 0050 C4F89400 		str	r0, [r4, #148]
1846:../../Middlewares/stedgeai-lib/Npu/ll_aton/ll_aton_lib_sw_operators.c ****     }
 644              		.loc 1 1846 7 is_stmt 1 view .LVU185
ARM GAS  /tmp/ccBdscOF.s 			page 57


 645              	.L50:
 646              		.loc 1 1861 1 is_stmt 0 view .LVU186
 647 0054 BDE81040 		pop	{r4, lr}
 648              		.cfi_remember_state
 649              		.cfi_restore 14
 650              		.cfi_restore 4
 651              		.cfi_def_cfa_offset 0
 652              	.LVL52:
1858:../../Middlewares/stedgeai-lib/Npu/ll_aton/ll_aton_lib_sw_operators.c ****     }
 653              		.loc 1 1858 14 view .LVU187
 654 0058 FFF7FEBF 		b	LL_ATON_LIB_DMA_Pad_Filling
 655              	.LVL53:
 656              	.L45:
 657              		.cfi_restore_state
1850:../../Middlewares/stedgeai-lib/Npu/ll_aton/ll_aton_lib_sw_operators.c ****       {
 658              		.loc 1 1850 7 is_stmt 1 view .LVU188
1850:../../Middlewares/stedgeai-lib/Npu/ll_aton/ll_aton_lib_sw_operators.c ****       {
 659              		.loc 1 1850 25 is_stmt 0 view .LVU189
 660 005c 016B     		ldr	r1, [r0, #48]
1850:../../Middlewares/stedgeai-lib/Npu/ll_aton/ll_aton_lib_sw_operators.c ****       {
 661              		.loc 1 1850 57 view .LVU190
 662 005e 806A     		ldr	r0, [r0, #40]
 663              	.LVL54:
1850:../../Middlewares/stedgeai-lib/Npu/ll_aton/ll_aton_lib_sw_operators.c ****       {
 664              		.loc 1 1850 42 view .LVU191
 665 0060 0B1A     		subs	r3, r1, r0
1850:../../Middlewares/stedgeai-lib/Npu/ll_aton/ll_aton_lib_sw_operators.c ****       {
 666              		.loc 1 1850 10 view .LVU192
 667 0062 002B     		cmp	r3, #0
 668 0064 01DD     		ble	.L46
 669              	.LBB108:
1853:../../Middlewares/stedgeai-lib/Npu/ll_aton/ll_aton_lib_sw_operators.c ****         LL_ATON_Cache_MCU_Clean_Invalidate_Range(
 670              		.loc 1 1853 9 is_stmt 1 view .LVU193
 671              	.LVL55:
1854:../../Middlewares/stedgeai-lib/Npu/ll_aton/ll_aton_lib_sw_operators.c ****             ATON_LIB_PHYSICAL_TO_VIRTUAL_ADDR((uintptr_t)common_params->saved_out_target), size);
 672              		.loc 1 1854 9 view .LVU194
 673              	.LBB109:
 674              	.LBI109:
  56:../../Middlewares/stedgeai-lib/Npu/ll_aton/ll_aton_caches_interface.h ****   }
  57:../../Middlewares/stedgeai-lib/Npu/ll_aton/ll_aton_caches_interface.h **** 
  58:../../Middlewares/stedgeai-lib/Npu/ll_aton/ll_aton_caches_interface.h ****   /**
  59:../../Middlewares/stedgeai-lib/Npu/ll_aton/ll_aton_caches_interface.h ****    * @brief perform MCU cache invalidate maintenance operation on an address range
  60:../../Middlewares/stedgeai-lib/Npu/ll_aton/ll_aton_caches_interface.h ****    * @details whenever the content of a buffer is changed by the application (which is especially t
  61:../../Middlewares/stedgeai-lib/Npu/ll_aton/ll_aton_caches_interface.h ****    *          buffers) cache maintenance MUST be taken into account before being able to run the ne
  62:../../Middlewares/stedgeai-lib/Npu/ll_aton/ll_aton_caches_interface.h ****    * @param[in] virtual_addr start address (host-side/virtual) of address range
  63:../../Middlewares/stedgeai-lib/Npu/ll_aton/ll_aton_caches_interface.h ****    * @param[in] size size of address range
  64:../../Middlewares/stedgeai-lib/Npu/ll_aton/ll_aton_caches_interface.h ****    *
  65:../../Middlewares/stedgeai-lib/Npu/ll_aton/ll_aton_caches_interface.h ****    * @note the address range should fulfill alignment constraints with respect to the MCU cache lin
  66:../../Middlewares/stedgeai-lib/Npu/ll_aton/ll_aton_caches_interface.h ****    *       for both its `address` & `size` (to better correspond to what this operation will actual
  67:../../Middlewares/stedgeai-lib/Npu/ll_aton/ll_aton_caches_interface.h ****    * @note this function is intended to handle the case where a buffer has been filled by-passing t
  68:../../Middlewares/stedgeai-lib/Npu/ll_aton/ll_aton_caches_interface.h ****    *       cache (e.g. using a DMA) and should be called BEFORE the buffer gets filled
  69:../../Middlewares/stedgeai-lib/Npu/ll_aton/ll_aton_caches_interface.h ****    */
  70:../../Middlewares/stedgeai-lib/Npu/ll_aton/ll_aton_caches_interface.h ****   static inline void LL_ATON_Cache_MCU_Invalidate_Range(uintptr_t virtual_addr, uint32_t size)
  71:../../Middlewares/stedgeai-lib/Npu/ll_aton/ll_aton_caches_interface.h ****   {
  72:../../Middlewares/stedgeai-lib/Npu/ll_aton/ll_aton_caches_interface.h ****     LL_ATON_OSAL_LOCK_MCU_CACHE();
  73:../../Middlewares/stedgeai-lib/Npu/ll_aton/ll_aton_caches_interface.h ****     mcu_cache_invalidate_range(virtual_addr, virtual_addr + size);
  74:../../Middlewares/stedgeai-lib/Npu/ll_aton/ll_aton_caches_interface.h ****     LL_ATON_OSAL_UNLOCK_MCU_CACHE();
ARM GAS  /tmp/ccBdscOF.s 			page 58


  75:../../Middlewares/stedgeai-lib/Npu/ll_aton/ll_aton_caches_interface.h ****   }
  76:../../Middlewares/stedgeai-lib/Npu/ll_aton/ll_aton_caches_interface.h **** 
  77:../../Middlewares/stedgeai-lib/Npu/ll_aton/ll_aton_caches_interface.h ****   /**
  78:../../Middlewares/stedgeai-lib/Npu/ll_aton/ll_aton_caches_interface.h ****    * @brief perform MCU cache clean & invalidate maintenance operation on an address range
  79:../../Middlewares/stedgeai-lib/Npu/ll_aton/ll_aton_caches_interface.h ****    * @details whenever the content of a buffer is changed by the application (which is especially t
  80:../../Middlewares/stedgeai-lib/Npu/ll_aton/ll_aton_caches_interface.h ****    *          buffers) cache maintenance MUST be taken into account before being able to run the ne
  81:../../Middlewares/stedgeai-lib/Npu/ll_aton/ll_aton_caches_interface.h ****    * @param[in] virtual_addr start address (host-side/virtual) of address range
  82:../../Middlewares/stedgeai-lib/Npu/ll_aton/ll_aton_caches_interface.h ****    * @param[in] size size of address range
  83:../../Middlewares/stedgeai-lib/Npu/ll_aton/ll_aton_caches_interface.h ****    *
  84:../../Middlewares/stedgeai-lib/Npu/ll_aton/ll_aton_caches_interface.h ****    * @note the address range should fulfill alignment constraints with respect to the MCU cache lin
  85:../../Middlewares/stedgeai-lib/Npu/ll_aton/ll_aton_caches_interface.h ****    *       for both its `address` & `size` (to better correspond to what this operation will actual
  86:../../Middlewares/stedgeai-lib/Npu/ll_aton/ll_aton_caches_interface.h ****    * @note this function is intended to handle the case where a buffer has been filled by the MCU/p
  87:../../Middlewares/stedgeai-lib/Npu/ll_aton/ll_aton_caches_interface.h ****    *       (such passing thru the MCU cache) and is gonna to be modified immediately afterwards by-
  88:../../Middlewares/stedgeai-lib/Npu/ll_aton/ll_aton_caches_interface.h ****    *       the MCU/processor cache (e.g. using a DMA). It should be called AFTER that the buffer ha
  89:../../Middlewares/stedgeai-lib/Npu/ll_aton/ll_aton_caches_interface.h ****    *       filled
  90:../../Middlewares/stedgeai-lib/Npu/ll_aton/ll_aton_caches_interface.h ****    */
  91:../../Middlewares/stedgeai-lib/Npu/ll_aton/ll_aton_caches_interface.h ****   static inline void LL_ATON_Cache_MCU_Clean_Invalidate_Range(uintptr_t virtual_addr, uint32_t size
 675              		.loc 3 91 22 view .LVU195
 676              	.LBB110:
  92:../../Middlewares/stedgeai-lib/Npu/ll_aton/ll_aton_caches_interface.h ****   {
  93:../../Middlewares/stedgeai-lib/Npu/ll_aton/ll_aton_caches_interface.h ****     LL_ATON_OSAL_LOCK_MCU_CACHE();
 677              		.loc 3 93 34 view .LVU196
  94:../../Middlewares/stedgeai-lib/Npu/ll_aton/ll_aton_caches_interface.h ****     mcu_cache_clean_invalidate_range(virtual_addr, virtual_addr + size);
 678              		.loc 3 94 5 view .LVU197
 679 0066 FFF7FEFF 		bl	mcu_cache_clean_invalidate_range
 680              	.LVL56:
  95:../../Middlewares/stedgeai-lib/Npu/ll_aton/ll_aton_caches_interface.h ****     LL_ATON_OSAL_UNLOCK_MCU_CACHE();
 681              		.loc 3 95 36 view .LVU198
 682              	.L46:
 683              		.loc 3 95 36 is_stmt 0 view .LVU199
 684              	.LBE110:
 685              	.LBE109:
 686              	.LBE108:
1858:../../Middlewares/stedgeai-lib/Npu/ll_aton/ll_aton_lib_sw_operators.c ****     }
 687              		.loc 1 1858 7 is_stmt 1 view .LVU200
1858:../../Middlewares/stedgeai-lib/Npu/ll_aton/ll_aton_lib_sw_operators.c ****     }
 688              		.loc 1 1858 14 is_stmt 0 view .LVU201
 689 006a 2046     		mov	r0, r4
 690 006c F2E7     		b	.L50
 691              	.L52:
 692 006e 00BF     		.align	2
 693              	.L51:
 694 0070 00000000 		.word	__ll_current_aton_ip_owner
 695 0074 00000000 		.word	.LC3
 696 0078 00000000 		.word	__func__.6
 697 007c 2D000000 		.word	.LC1
 698              		.cfi_endproc
 699              	.LFE366:
 701              		.section	.rodata.__ll_aton_lib_is_in_slice.str1.1,"aMS",%progbits,1
 702              	.LC4:
 703 0000 7265745F 		.ascii	"ret_numerator >= 0\000"
 703      6E756D65 
 703      7261746F 
 703      72203E3D 
 703      203000
 704              	.LC5:
 705 0013 7265745F 		.ascii	"ret_denominator > 0\000"
ARM GAS  /tmp/ccBdscOF.s 			page 59


 705      64656E6F 
 705      6D696E61 
 705      746F7220 
 705      3E203000 
 706              		.section	.text.__ll_aton_lib_is_in_slice,"ax",%progbits
 707              		.align	1
 708              		.syntax unified
 709              		.thumb
 710              		.thumb_func
 712              	__ll_aton_lib_is_in_slice:
 713              	.LVL57:
 714              	.LFB334:
 122:../../Middlewares/stedgeai-lib/Npu/ll_aton/ll_aton_lib_sw_operators.c ****   uint32_t index = elem->index;
 715              		.loc 1 122 1 is_stmt 1 view -0
 716              		.cfi_startproc
 717              		@ args = 0, pretend = 0, frame = 0
 718              		@ frame_needed = 0, uses_anonymous_args = 0
 123:../../Middlewares/stedgeai-lib/Npu/ll_aton/ll_aton_lib_sw_operators.c ****   uint32_t axis = elem->axis;
 719              		.loc 1 123 3 view .LVU203
 126:../../Middlewares/stedgeai-lib/Npu/ll_aton/ll_aton_lib_sw_operators.c **** 
 720              		.loc 1 126 55 is_stmt 0 view .LVU204
 721 0000 C369     		ldr	r3, [r0, #28]
 122:../../Middlewares/stedgeai-lib/Npu/ll_aton/ll_aton_lib_sw_operators.c ****   uint32_t index = elem->index;
 722              		.loc 1 122 1 view .LVU205
 723 0002 70B5     		push	{r4, r5, r6, lr}
 724              		.cfi_def_cfa_offset 16
 725              		.cfi_offset 4, -16
 726              		.cfi_offset 5, -12
 727              		.cfi_offset 6, -8
 728              		.cfi_offset 14, -4
 126:../../Middlewares/stedgeai-lib/Npu/ll_aton/ll_aton_lib_sw_operators.c **** 
 729              		.loc 1 126 55 view .LVU206
 730 0004 D1E90124 		ldrd	r2, r4, [r1, #4]
 731 0008 53F82250 		ldr	r5, [r3, r2, lsl #2]
 732              	.LVL58:
 128:../../Middlewares/stedgeai-lib/Npu/ll_aton/ll_aton_lib_sw_operators.c ****   int32_t ret_denominator = abs(common_params->slice_steps[axis]);
 733              		.loc 1 128 3 is_stmt 1 view .LVU207
 129:../../Middlewares/stedgeai-lib/Npu/ll_aton/ll_aton_lib_sw_operators.c **** 
 734              		.loc 1 129 3 view .LVU208
 136:../../Middlewares/stedgeai-lib/Npu/ll_aton/ll_aton_lib_sw_operators.c ****     min = common_params->slice_starts[axis];
 735              		.loc 1 136 57 is_stmt 0 view .LVU209
 736 000c 4369     		ldr	r3, [r0, #20]
 138:../../Middlewares/stedgeai-lib/Npu/ll_aton/ll_aton_lib_sw_operators.c ****   }
 737              		.loc 1 138 9 view .LVU210
 738 000e 8069     		ldr	r0, [r0, #24]
 739              	.LVL59:
 136:../../Middlewares/stedgeai-lib/Npu/ll_aton/ll_aton_lib_sw_operators.c ****     min = common_params->slice_starts[axis];
 740              		.loc 1 136 57 view .LVU211
 741 0010 53F82230 		ldr	r3, [r3, r2, lsl #2]
 138:../../Middlewares/stedgeai-lib/Npu/ll_aton/ll_aton_lib_sw_operators.c ****   }
 742              		.loc 1 138 9 view .LVU212
 743 0014 50F82200 		ldr	r0, [r0, r2, lsl #2]
 134:../../Middlewares/stedgeai-lib/Npu/ll_aton/ll_aton_lib_sw_operators.c ****   {
 744              		.loc 1 134 6 view .LVU213
 745 0018 002D     		cmp	r5, #0
 143:../../Middlewares/stedgeai-lib/Npu/ll_aton/ll_aton_lib_sw_operators.c ****     min = common_params->slice_ends[axis] + 1;
 746              		.loc 1 143 9 view .LVU214
ARM GAS  /tmp/ccBdscOF.s 			page 60


 747 001a BEBF     		ittt	lt
 748 001c 5E1C     		addlt	r6, r3, #1
 142:../../Middlewares/stedgeai-lib/Npu/ll_aton/ll_aton_lib_sw_operators.c ****     max = common_params->slice_starts[axis] + 1;
 749              		.loc 1 142 56 view .LVU215
 750 001e 1A1B     		sublt	r2, r3, r4
 144:../../Middlewares/stedgeai-lib/Npu/ll_aton/ll_aton_lib_sw_operators.c ****   }
 751              		.loc 1 144 9 view .LVU216
 752 0020 431C     		addlt	r3, r0, #1
 129:../../Middlewares/stedgeai-lib/Npu/ll_aton/ll_aton_lib_sw_operators.c **** 
 753              		.loc 1 129 11 view .LVU217
 754 0022 85EAE571 		eor	r1, r5, r5, asr #31
 755              	.LVL60:
 143:../../Middlewares/stedgeai-lib/Npu/ll_aton/ll_aton_lib_sw_operators.c ****     min = common_params->slice_ends[axis] + 1;
 756              		.loc 1 143 9 view .LVU218
 757 0026 B4BF     		ite	lt
 758 0028 3046     		movlt	r0, r6
 136:../../Middlewares/stedgeai-lib/Npu/ll_aton/ll_aton_lib_sw_operators.c ****     min = common_params->slice_starts[axis];
 759              		.loc 1 136 28 view .LVU219
 760 002a E21A     		subge	r2, r4, r3
 147:../../Middlewares/stedgeai-lib/Npu/ll_aton/ll_aton_lib_sw_operators.c ****   {
 761              		.loc 1 147 6 view .LVU220
 762 002c A342     		cmp	r3, r4
 129:../../Middlewares/stedgeai-lib/Npu/ll_aton/ll_aton_lib_sw_operators.c **** 
 763              		.loc 1 129 11 view .LVU221
 764 002e A1EBE571 		sub	r1, r1, r5, asr #31
 765              	.LVL61:
 131:../../Middlewares/stedgeai-lib/Npu/ll_aton/ll_aton_lib_sw_operators.c ****   int32_t max;
 766              		.loc 1 131 3 is_stmt 1 view .LVU222
 132:../../Middlewares/stedgeai-lib/Npu/ll_aton/ll_aton_lib_sw_operators.c **** 
 767              		.loc 1 132 3 view .LVU223
 134:../../Middlewares/stedgeai-lib/Npu/ll_aton/ll_aton_lib_sw_operators.c ****   {
 768              		.loc 1 134 3 view .LVU224
 136:../../Middlewares/stedgeai-lib/Npu/ll_aton/ll_aton_lib_sw_operators.c ****     min = common_params->slice_starts[axis];
 769              		.loc 1 136 5 view .LVU225
 137:../../Middlewares/stedgeai-lib/Npu/ll_aton/ll_aton_lib_sw_operators.c ****     max = common_params->slice_ends[axis];
 770              		.loc 1 137 5 view .LVU226
 138:../../Middlewares/stedgeai-lib/Npu/ll_aton/ll_aton_lib_sw_operators.c ****   }
 771              		.loc 1 138 5 view .LVU227
 142:../../Middlewares/stedgeai-lib/Npu/ll_aton/ll_aton_lib_sw_operators.c ****     max = common_params->slice_starts[axis] + 1;
 772              		.loc 1 142 5 view .LVU228
 143:../../Middlewares/stedgeai-lib/Npu/ll_aton/ll_aton_lib_sw_operators.c ****     min = common_params->slice_ends[axis] + 1;
 773              		.loc 1 143 5 view .LVU229
 144:../../Middlewares/stedgeai-lib/Npu/ll_aton/ll_aton_lib_sw_operators.c ****   }
 774              		.loc 1 144 5 view .LVU230
 147:../../Middlewares/stedgeai-lib/Npu/ll_aton/ll_aton_lib_sw_operators.c ****   {
 775              		.loc 1 147 3 view .LVU231
 147:../../Middlewares/stedgeai-lib/Npu/ll_aton/ll_aton_lib_sw_operators.c ****   {
 776              		.loc 1 147 6 is_stmt 0 view .LVU232
 777 0032 13D8     		bhi	.L61
 147:../../Middlewares/stedgeai-lib/Npu/ll_aton/ll_aton_lib_sw_operators.c ****   {
 778              		.loc 1 147 23 discriminator 1 view .LVU233
 779 0034 A042     		cmp	r0, r4
 780 0036 11D9     		bls	.L61
 147:../../Middlewares/stedgeai-lib/Npu/ll_aton/ll_aton_lib_sw_operators.c ****   {
 781              		.loc 1 147 59 discriminator 2 view .LVU234
 782 0038 92FBF1F0 		sdiv	r0, r2, r1
 783              	.LVL62:
ARM GAS  /tmp/ccBdscOF.s 			page 61


 147:../../Middlewares/stedgeai-lib/Npu/ll_aton/ll_aton_lib_sw_operators.c ****   {
 784              		.loc 1 147 59 discriminator 2 view .LVU235
 785 003c 01FB1021 		mls	r1, r1, r0, r2
 786              	.LVL63:
 147:../../Middlewares/stedgeai-lib/Npu/ll_aton/ll_aton_lib_sw_operators.c ****   {
 787              		.loc 1 147 41 discriminator 2 view .LVU236
 788 0040 61B9     		cbnz	r1, .L61
 149:../../Middlewares/stedgeai-lib/Npu/ll_aton/ll_aton_lib_sw_operators.c ****     LL_ATON_ASSERT(ret_denominator > 0);
 789              		.loc 1 149 5 is_stmt 1 view .LVU237
 790 0042 002A     		cmp	r2, #0
 791 0044 05DA     		bge	.L57
 149:../../Middlewares/stedgeai-lib/Npu/ll_aton/ll_aton_lib_sw_operators.c ****     LL_ATON_ASSERT(ret_denominator > 0);
 792              		.loc 1 149 5 is_stmt 0 discriminator 1 view .LVU238
 793 0046 9521     		movs	r1, #149
 794 0048 064B     		ldr	r3, .L63
 795              	.LVL64:
 149:../../Middlewares/stedgeai-lib/Npu/ll_aton/ll_aton_lib_sw_operators.c ****     LL_ATON_ASSERT(ret_denominator > 0);
 796              		.loc 1 149 5 discriminator 1 view .LVU239
 797 004a 074A     		ldr	r2, .L63+4
 798              	.LVL65:
 799              	.L62:
 800              	.LBB113:
 801              	.LBB114:
 150:../../Middlewares/stedgeai-lib/Npu/ll_aton/ll_aton_lib_sw_operators.c **** 
 802              		.loc 1 150 5 discriminator 1 view .LVU240
 803 004c 0748     		ldr	r0, .L63+8
 804 004e FFF7FEFF 		bl	__assert_func
 805              	.LVL66:
 806              	.L57:
 150:../../Middlewares/stedgeai-lib/Npu/ll_aton/ll_aton_lib_sw_operators.c **** 
 807              		.loc 1 150 5 discriminator 1 view .LVU241
 808              	.LBE114:
 809              	.LBE113:
 150:../../Middlewares/stedgeai-lib/Npu/ll_aton/ll_aton_lib_sw_operators.c **** 
 810              		.loc 1 150 5 is_stmt 1 view .LVU242
 811 0052 2DB9     		cbnz	r5, .L53
 812              	.LBB116:
 813              	.LBI113:
 121:../../Middlewares/stedgeai-lib/Npu/ll_aton/ll_aton_lib_sw_operators.c **** {
 814              		.loc 1 121 23 view .LVU243
 815              	.LVL67:
 816              	.LBB115:
 150:../../Middlewares/stedgeai-lib/Npu/ll_aton/ll_aton_lib_sw_operators.c **** 
 817              		.loc 1 150 5 is_stmt 0 discriminator 1 view .LVU244
 818 0054 9621     		movs	r1, #150
 819 0056 064B     		ldr	r3, .L63+12
 820              	.LVL68:
 150:../../Middlewares/stedgeai-lib/Npu/ll_aton/ll_aton_lib_sw_operators.c **** 
 821              		.loc 1 150 5 discriminator 1 view .LVU245
 822 0058 034A     		ldr	r2, .L63+4
 823              	.LVL69:
 150:../../Middlewares/stedgeai-lib/Npu/ll_aton/ll_aton_lib_sw_operators.c **** 
 824              		.loc 1 150 5 discriminator 1 view .LVU246
 825 005a F7E7     		b	.L62
 826              	.LVL70:
 827              	.L61:
 150:../../Middlewares/stedgeai-lib/Npu/ll_aton/ll_aton_lib_sw_operators.c **** 
ARM GAS  /tmp/ccBdscOF.s 			page 62


 828              		.loc 1 150 5 discriminator 1 view .LVU247
 829              	.LBE115:
 830              	.LBE116:
 156:../../Middlewares/stedgeai-lib/Npu/ll_aton/ll_aton_lib_sw_operators.c ****   }
 831              		.loc 1 156 12 view .LVU248
 832 005c 4FF0FF30 		mov	r0, #-1
 833              	.L53:
 158:../../Middlewares/stedgeai-lib/Npu/ll_aton/ll_aton_lib_sw_operators.c **** 
 834              		.loc 1 158 1 view .LVU249
 835 0060 70BD     		pop	{r4, r5, r6, pc}
 836              	.LVL71:
 837              	.L64:
 158:../../Middlewares/stedgeai-lib/Npu/ll_aton/ll_aton_lib_sw_operators.c **** 
 838              		.loc 1 158 1 view .LVU250
 839 0062 00BF     		.align	2
 840              	.L63:
 841 0064 00000000 		.word	.LC4
 842 0068 00000000 		.word	__func__.30
 843 006c 2D000000 		.word	.LC1
 844 0070 13000000 		.word	.LC5
 845              		.cfi_endproc
 846              	.LFE334:
 848              		.section	.rodata.__ll_transp_get_inner_out_axis.str1.1,"aMS",%progbits,1
 849              	.LC6:
 850 0000 3000     		.ascii	"0\000"
 851              		.section	.text.__ll_transp_get_inner_out_axis,"ax",%progbits
 852              		.align	1
 853              		.syntax unified
 854              		.thumb
 855              		.thumb_func
 857              	__ll_transp_get_inner_out_axis:
 858              	.LVL72:
 859              	.LFB353:
 991:../../Middlewares/stedgeai-lib/Npu/ll_aton/ll_aton_lib_sw_operators.c ****   for (unsigned int i = 0; i < common_params->rank; i++)
 860              		.loc 1 991 1 is_stmt 1 view -0
 861              		.cfi_startproc
 862              		@ args = 0, pretend = 0, frame = 0
 863              		@ frame_needed = 0, uses_anonymous_args = 0
 992:../../Middlewares/stedgeai-lib/Npu/ll_aton/ll_aton_lib_sw_operators.c ****   {
 864              		.loc 1 992 3 view .LVU252
 865              	.LBB121:
 992:../../Middlewares/stedgeai-lib/Npu/ll_aton/ll_aton_lib_sw_operators.c ****   {
 866              		.loc 1 992 8 view .LVU253
 992:../../Middlewares/stedgeai-lib/Npu/ll_aton/ll_aton_lib_sw_operators.c ****   {
 867              		.loc 1 992 45 is_stmt 0 discriminator 1 view .LVU254
 868 0000 0368     		ldr	r3, [r0]
 869              	.LBE121:
 991:../../Middlewares/stedgeai-lib/Npu/ll_aton/ll_aton_lib_sw_operators.c ****   for (unsigned int i = 0; i < common_params->rank; i++)
 870              		.loc 1 991 1 view .LVU255
 871 0002 0246     		mov	r2, r0
 872              	.LBB122:
 992:../../Middlewares/stedgeai-lib/Npu/ll_aton/ll_aton_lib_sw_operators.c ****   {
 873              		.loc 1 992 21 view .LVU256
 874 0004 0020     		movs	r0, #0
 875              	.LVL73:
 992:../../Middlewares/stedgeai-lib/Npu/ll_aton/ll_aton_lib_sw_operators.c ****   {
 876              		.loc 1 992 21 view .LVU257
ARM GAS  /tmp/ccBdscOF.s 			page 63


 877              	.LBE122:
 991:../../Middlewares/stedgeai-lib/Npu/ll_aton/ll_aton_lib_sw_operators.c ****   for (unsigned int i = 0; i < common_params->rank; i++)
 878              		.loc 1 991 1 view .LVU258
 879 0006 10B5     		push	{r4, lr}
 880              		.cfi_def_cfa_offset 8
 881              		.cfi_offset 4, -8
 882              		.cfi_offset 14, -4
 883              	.LBB123:
 994:../../Middlewares/stedgeai-lib/Npu/ll_aton/ll_aton_lib_sw_operators.c ****       return i;
 884              		.loc 1 994 68 view .LVU259
 885 0008 591E     		subs	r1, r3, #1
 992:../../Middlewares/stedgeai-lib/Npu/ll_aton/ll_aton_lib_sw_operators.c ****   {
 886              		.loc 1 992 21 view .LVU260
 887 000a 0133     		adds	r3, r3, #1
 888              	.LVL74:
 889              	.L66:
 992:../../Middlewares/stedgeai-lib/Npu/ll_aton/ll_aton_lib_sw_operators.c ****   {
 890              		.loc 1 992 30 is_stmt 1 discriminator 1 view .LVU261
 891 000c 013B     		subs	r3, r3, #1
 892 000e 06D1     		bne	.L68
 893              	.LBE123:
 894              	.LBB124:
 895              	.LBI124:
 990:../../Middlewares/stedgeai-lib/Npu/ll_aton/ll_aton_lib_sw_operators.c **** {
 896              		.loc 1 990 24 view .LVU262
 897              	.LVL75:
 898              	.LBB125:
 997:../../Middlewares/stedgeai-lib/Npu/ll_aton/ll_aton_lib_sw_operators.c ****   return common_params->rank; // make compiler happy
 899              		.loc 1 997 3 view .LVU263
 900 0010 40F2E531 		movw	r1, #997
 901 0014 054B     		ldr	r3, .L70
 902 0016 064A     		ldr	r2, .L70+4
 903              	.LVL76:
 997:../../Middlewares/stedgeai-lib/Npu/ll_aton/ll_aton_lib_sw_operators.c ****   return common_params->rank; // make compiler happy
 904              		.loc 1 997 3 is_stmt 0 view .LVU264
 905 0018 0648     		ldr	r0, .L70+8
 906              	.LVL77:
 997:../../Middlewares/stedgeai-lib/Npu/ll_aton/ll_aton_lib_sw_operators.c ****   return common_params->rank; // make compiler happy
 907              		.loc 1 997 3 view .LVU265
 908 001a FFF7FEFF 		bl	__assert_func
 909              	.LVL78:
 910              	.L68:
 997:../../Middlewares/stedgeai-lib/Npu/ll_aton/ll_aton_lib_sw_operators.c ****   return common_params->rank; // make compiler happy
 911              		.loc 1 997 3 view .LVU266
 912              	.LBE125:
 913              	.LBE124:
 914              	.LBB126:
 994:../../Middlewares/stedgeai-lib/Npu/ll_aton/ll_aton_lib_sw_operators.c ****       return i;
 915              		.loc 1 994 5 is_stmt 1 view .LVU267
 994:../../Middlewares/stedgeai-lib/Npu/ll_aton/ll_aton_lib_sw_operators.c ****       return i;
 916              		.loc 1 994 39 is_stmt 0 view .LVU268
 917 001e 5468     		ldr	r4, [r2, #4]
 994:../../Middlewares/stedgeai-lib/Npu/ll_aton/ll_aton_lib_sw_operators.c ****       return i;
 918              		.loc 1 994 10 view .LVU269
 919 0020 245C     		ldrb	r4, [r4, r0]	@ zero_extendqisi2
 994:../../Middlewares/stedgeai-lib/Npu/ll_aton/ll_aton_lib_sw_operators.c ****       return i;
 920              		.loc 1 994 8 view .LVU270
ARM GAS  /tmp/ccBdscOF.s 			page 64


 921 0022 8C42     		cmp	r4, r1
 922 0024 01D0     		beq	.L69
 992:../../Middlewares/stedgeai-lib/Npu/ll_aton/ll_aton_lib_sw_operators.c ****   {
 923              		.loc 1 992 54 is_stmt 1 discriminator 2 view .LVU271
 924 0026 0130     		adds	r0, r0, #1
 925              	.LVL79:
 992:../../Middlewares/stedgeai-lib/Npu/ll_aton/ll_aton_lib_sw_operators.c ****   {
 926              		.loc 1 992 54 is_stmt 0 discriminator 2 view .LVU272
 927 0028 F0E7     		b	.L66
 928              	.LVL80:
 929              	.L69:
 992:../../Middlewares/stedgeai-lib/Npu/ll_aton/ll_aton_lib_sw_operators.c ****   {
 930              		.loc 1 992 54 discriminator 2 view .LVU273
 931              	.LBE126:
 999:../../Middlewares/stedgeai-lib/Npu/ll_aton/ll_aton_lib_sw_operators.c **** 
 932              		.loc 1 999 1 view .LVU274
 933 002a 10BD     		pop	{r4, pc}
 934              	.L71:
 935              		.align	2
 936              	.L70:
 937 002c 00000000 		.word	.LC6
 938 0030 00000000 		.word	__func__.19
 939 0034 2D000000 		.word	.LC1
 940              		.cfi_endproc
 941              	.LFE353:
 943              		.section	.rodata.__ll_aton_lib_memset.isra.0.str1.1,"aMS",%progbits,1
 944              	.LC7:
 945 0000 28726573 		.ascii	"(rest_addr == 0) || (rest_addr == 2)\000"
 945      745F6164 
 945      6472203D 
 945      3D203029 
 945      207C7C20 
 946              	.LC8:
 947 0025 28726573 		.ascii	"(rest_dim == 0) || (rest_dim == 2)\000"
 947      745F6469 
 947      6D203D3D 
 947      20302920 
 947      7C7C2028 
 948              	.LC9:
 949 0048 286E2025 		.ascii	"(n % 4) == 0\000"
 949      20342920 
 949      3D3D2030 
 949      00
 950              	.LC10:
 951 0055 286E203D 		.ascii	"(n == 0) || ((((uintptr_t)_dst) % 4) == 0)\000"
 951      3D203029 
 951      207C7C20 
 951      28282828 
 951      75696E74 
 952              	.LC11:
 953 0080 286E2025 		.ascii	"(n % 3) == 0\000"
 953      20332920 
 953      3D3D2030 
 953      00
 954              	.LC12:
 955 008d 28282875 		.ascii	"(((uintptr_t)dst) % 4) == 0\000"
 955      696E7470 
ARM GAS  /tmp/ccBdscOF.s 			page 65


 955      74725F74 
 955      29647374 
 955      29202520 
 956              		.section	.text.__ll_aton_lib_memset.isra.0,"ax",%progbits
 957              		.align	1
 958              		.syntax unified
 959              		.thumb
 960              		.thumb_func
 962              	__ll_aton_lib_memset.isra.0:
 963              	.LVL81:
 964              	.LFB376:
1179:../../Middlewares/stedgeai-lib/Npu/ll_aton/ll_aton_lib_sw_operators.c **** {
 965              		.loc 1 1179 21 is_stmt 1 view -0
 966              		.cfi_startproc
 967              		@ args = 0, pretend = 0, frame = 0
 968              		@ frame_needed = 0, uses_anonymous_args = 0
1179:../../Middlewares/stedgeai-lib/Npu/ll_aton/ll_aton_lib_sw_operators.c **** {
 969              		.loc 1 1179 21 is_stmt 0 view .LVU276
 970 0000 10B5     		push	{r4, lr}
 971              		.cfi_def_cfa_offset 8
 972              		.cfi_offset 4, -8
 973              		.cfi_offset 14, -4
1179:../../Middlewares/stedgeai-lib/Npu/ll_aton/ll_aton_lib_sw_operators.c **** {
 974              		.loc 1 1179 21 view .LVU277
 975 0002 0446     		mov	r4, r0
 976 0004 0846     		mov	r0, r1
 977              	.LVL82:
1179:../../Middlewares/stedgeai-lib/Npu/ll_aton/ll_aton_lib_sw_operators.c **** {
 978              		.loc 1 1179 21 view .LVU278
 979 0006 1146     		mov	r1, r2
 980              	.LVL83:
1181:../../Middlewares/stedgeai-lib/Npu/ll_aton/ll_aton_lib_sw_operators.c ****   {
 981              		.loc 1 1181 3 is_stmt 1 view .LVU279
1181:../../Middlewares/stedgeai-lib/Npu/ll_aton/ll_aton_lib_sw_operators.c ****   {
 982              		.loc 1 1181 6 is_stmt 0 view .LVU280
 983 0008 1A46     		mov	r2, r3
 984              	.LVL84:
1181:../../Middlewares/stedgeai-lib/Npu/ll_aton/ll_aton_lib_sw_operators.c ****   {
 985              		.loc 1 1181 6 view .LVU281
 986 000a 002B     		cmp	r3, #0
 987 000c 4BD0     		beq	.L72
1183:../../Middlewares/stedgeai-lib/Npu/ll_aton/ll_aton_lib_sw_operators.c ****     {
 988              		.loc 1 1183 5 is_stmt 1 view .LVU282
 989 000e 631E     		subs	r3, r4, #1
 990              	.LVL85:
1183:../../Middlewares/stedgeai-lib/Npu/ll_aton/ll_aton_lib_sw_operators.c ****     {
 991              		.loc 1 1183 5 is_stmt 0 view .LVU283
 992 0010 032B     		cmp	r3, #3
 993 0012 00F28980 		bhi	.L74
 994 0016 DFE803F0 		tbb	[pc, r3]
 995              	.LVL86:
 996              	.L76:
 997 001a 02       		.byte	(.L79-.L76)/2
 998 001b 06       		.byte	(.L78-.L76)/2
 999 001c 47       		.byte	(.L77-.L76)/2
 1000 001d 69       		.byte	(.L75-.L76)/2
 1001              		.p2align 1
ARM GAS  /tmp/ccBdscOF.s 			page 66


 1002              	.L79:
1186:../../Middlewares/stedgeai-lib/Npu/ll_aton/ll_aton_lib_sw_operators.c ****     case 2:
 1003              		.loc 1 1186 7 is_stmt 1 view .LVU284
1202:../../Middlewares/stedgeai-lib/Npu/ll_aton/ll_aton_lib_sw_operators.c **** 
 1004              		.loc 1 1202 1 is_stmt 0 view .LVU285
 1005 001e BDE81040 		pop	{r4, lr}
 1006              		.cfi_remember_state
 1007              		.cfi_restore 14
 1008              		.cfi_restore 4
 1009              		.cfi_def_cfa_offset 0
1186:../../Middlewares/stedgeai-lib/Npu/ll_aton/ll_aton_lib_sw_operators.c ****     case 2:
 1010              		.loc 1 1186 14 view .LVU286
 1011 0022 FFF7FEBF 		b	memset
 1012              	.LVL87:
 1013              	.L78:
 1014              		.cfi_restore_state
1188:../../Middlewares/stedgeai-lib/Npu/ll_aton/ll_aton_lib_sw_operators.c ****     case 3:
 1015              		.loc 1 1188 7 is_stmt 1 view .LVU287
 1016              	.LBB143:
 1017              	.LBB144:
1116:../../Middlewares/stedgeai-lib/Npu/ll_aton/ll_aton_lib_sw_operators.c ****   if (rest_addr != 0)
 1018              		.loc 1 1116 3 is_stmt 0 view .LVU288
 1019 0026 10F00303 		ands	r3, r0, #3
 1020              	.LBE144:
 1021              	.LBE143:
1188:../../Middlewares/stedgeai-lib/Npu/ll_aton/ll_aton_lib_sw_operators.c ****     case 3:
 1022              		.loc 1 1188 14 view .LVU289
 1023 002a 09B2     		sxth	r1, r1
 1024              	.LVL88:
 1025              	.LBB148:
 1026              	.LBI143:
1111:../../Middlewares/stedgeai-lib/Npu/ll_aton/ll_aton_lib_sw_operators.c **** {
 1027              		.loc 1 1111 14 is_stmt 1 view .LVU290
 1028              	.LBB147:
1113:../../Middlewares/stedgeai-lib/Npu/ll_aton/ll_aton_lib_sw_operators.c ****   int8_t *_dst = (int8_t *)dst;
 1029              		.loc 1 1113 3 view .LVU291
1114:../../Middlewares/stedgeai-lib/Npu/ll_aton/ll_aton_lib_sw_operators.c **** 
 1030              		.loc 1 1114 3 view .LVU292
1116:../../Middlewares/stedgeai-lib/Npu/ll_aton/ll_aton_lib_sw_operators.c ****   if (rest_addr != 0)
 1031              		.loc 1 1116 3 view .LVU293
 1032 002c 0BD0     		beq	.L80
1116:../../Middlewares/stedgeai-lib/Npu/ll_aton/ll_aton_lib_sw_operators.c ****   if (rest_addr != 0)
 1033              		.loc 1 1116 3 is_stmt 0 discriminator 1 view .LVU294
 1034 002e 022B     		cmp	r3, #2
 1035 0030 06D0     		beq	.L81
1116:../../Middlewares/stedgeai-lib/Npu/ll_aton/ll_aton_lib_sw_operators.c ****   if (rest_addr != 0)
 1036              		.loc 1 1116 3 discriminator 2 view .LVU295
 1037 0032 40F25C41 		movw	r1, #1116
 1038              	.LVL89:
1116:../../Middlewares/stedgeai-lib/Npu/ll_aton/ll_aton_lib_sw_operators.c ****   if (rest_addr != 0)
 1039              		.loc 1 1116 3 discriminator 2 view .LVU296
 1040 0036 3F4B     		ldr	r3, .L116
 1041              	.LVL90:
1116:../../Middlewares/stedgeai-lib/Npu/ll_aton/ll_aton_lib_sw_operators.c ****   if (rest_addr != 0)
 1042              		.loc 1 1116 3 discriminator 2 view .LVU297
 1043 0038 3F4A     		ldr	r2, .L116+4
 1044              	.LVL91:
ARM GAS  /tmp/ccBdscOF.s 			page 67


 1045              	.L115:
1125:../../Middlewares/stedgeai-lib/Npu/ll_aton/ll_aton_lib_sw_operators.c ****   if (rest_dim != 0)
 1046              		.loc 1 1125 3 discriminator 2 view .LVU298
 1047 003a 4048     		ldr	r0, .L116+8
 1048 003c FFF7FEFF 		bl	__assert_func
 1049              	.LVL92:
 1050              	.L81:
1117:../../Middlewares/stedgeai-lib/Npu/ll_aton/ll_aton_lib_sw_operators.c ****   {
 1051              		.loc 1 1117 3 is_stmt 1 view .LVU299
1119:../../Middlewares/stedgeai-lib/Npu/ll_aton/ll_aton_lib_sw_operators.c ****     n -= 2;
 1052              		.loc 1 1119 5 view .LVU300
1119:../../Middlewares/stedgeai-lib/Npu/ll_aton/ll_aton_lib_sw_operators.c ****     n -= 2;
 1053              		.loc 1 1119 23 is_stmt 0 view .LVU301
 1054 0040 20F8021B 		strh	r1, [r0], #2	@ movhi
 1055              	.LVL93:
1120:../../Middlewares/stedgeai-lib/Npu/ll_aton/ll_aton_lib_sw_operators.c ****     _dst += 2;
 1056              		.loc 1 1120 5 is_stmt 1 view .LVU302
1120:../../Middlewares/stedgeai-lib/Npu/ll_aton/ll_aton_lib_sw_operators.c ****     _dst += 2;
 1057              		.loc 1 1120 7 is_stmt 0 view .LVU303
 1058 0044 023A     		subs	r2, r2, #2
 1059              	.LVL94:
1121:../../Middlewares/stedgeai-lib/Npu/ll_aton/ll_aton_lib_sw_operators.c ****   }
 1060              		.loc 1 1121 5 is_stmt 1 view .LVU304
 1061              	.L80:
1124:../../Middlewares/stedgeai-lib/Npu/ll_aton/ll_aton_lib_sw_operators.c ****   LL_ATON_ASSERT((rest_dim == 0) || (rest_dim == 2));
 1062              		.loc 1 1124 3 view .LVU305
1125:../../Middlewares/stedgeai-lib/Npu/ll_aton/ll_aton_lib_sw_operators.c ****   if (rest_dim != 0)
 1063              		.loc 1 1125 3 view .LVU306
 1064 0046 12F00303 		ands	r3, r2, #3
 1065              	.LVL95:
1125:../../Middlewares/stedgeai-lib/Npu/ll_aton/ll_aton_lib_sw_operators.c ****   if (rest_dim != 0)
 1066              		.loc 1 1125 3 is_stmt 0 view .LVU307
 1067 004a 0FD0     		beq	.L82
1125:../../Middlewares/stedgeai-lib/Npu/ll_aton/ll_aton_lib_sw_operators.c ****   if (rest_dim != 0)
 1068              		.loc 1 1125 3 discriminator 1 view .LVU308
 1069 004c 022B     		cmp	r3, #2
 1070 004e 04D0     		beq	.L83
1125:../../Middlewares/stedgeai-lib/Npu/ll_aton/ll_aton_lib_sw_operators.c ****   if (rest_dim != 0)
 1071              		.loc 1 1125 3 discriminator 2 view .LVU309
 1072 0050 40F26541 		movw	r1, #1125
 1073              	.LVL96:
1125:../../Middlewares/stedgeai-lib/Npu/ll_aton/ll_aton_lib_sw_operators.c ****   if (rest_dim != 0)
 1074              		.loc 1 1125 3 discriminator 2 view .LVU310
 1075 0054 3A4B     		ldr	r3, .L116+12
 1076              	.LVL97:
1125:../../Middlewares/stedgeai-lib/Npu/ll_aton/ll_aton_lib_sw_operators.c ****   if (rest_dim != 0)
 1077              		.loc 1 1125 3 discriminator 2 view .LVU311
 1078 0056 384A     		ldr	r2, .L116+4
 1079              	.LVL98:
1125:../../Middlewares/stedgeai-lib/Npu/ll_aton/ll_aton_lib_sw_operators.c ****   if (rest_dim != 0)
 1080              		.loc 1 1125 3 discriminator 2 view .LVU312
 1081 0058 EFE7     		b	.L115
 1082              	.LVL99:
 1083              	.L83:
1126:../../Middlewares/stedgeai-lib/Npu/ll_aton/ll_aton_lib_sw_operators.c ****   {
 1084              		.loc 1 1126 3 is_stmt 1 view .LVU313
1128:../../Middlewares/stedgeai-lib/Npu/ll_aton/ll_aton_lib_sw_operators.c ****     n -= 2;
ARM GAS  /tmp/ccBdscOF.s 			page 68


 1085              		.loc 1 1128 5 view .LVU314
1128:../../Middlewares/stedgeai-lib/Npu/ll_aton/ll_aton_lib_sw_operators.c ****     n -= 2;
 1086              		.loc 1 1128 28 is_stmt 0 view .LVU315
 1087 005a 023A     		subs	r2, r2, #2
 1088              	.LVL100:
1132:../../Middlewares/stedgeai-lib/Npu/ll_aton/ll_aton_lib_sw_operators.c ****   LL_ATON_ASSERT((n == 0) || ((((uintptr_t)_dst) % 4) == 0));
 1089              		.loc 1 1132 3 view .LVU316
 1090 005c 9407     		lsls	r4, r2, #30
1128:../../Middlewares/stedgeai-lib/Npu/ll_aton/ll_aton_lib_sw_operators.c ****     n -= 2;
 1091              		.loc 1 1128 34 view .LVU317
 1092 005e 8152     		strh	r1, [r0, r2]	@ movhi
1129:../../Middlewares/stedgeai-lib/Npu/ll_aton/ll_aton_lib_sw_operators.c ****   }
 1093              		.loc 1 1129 5 is_stmt 1 view .LVU318
1132:../../Middlewares/stedgeai-lib/Npu/ll_aton/ll_aton_lib_sw_operators.c ****   LL_ATON_ASSERT((n == 0) || ((((uintptr_t)_dst) % 4) == 0));
 1094              		.loc 1 1132 3 view .LVU319
 1095 0060 04D0     		beq	.L82
1132:../../Middlewares/stedgeai-lib/Npu/ll_aton/ll_aton_lib_sw_operators.c ****   LL_ATON_ASSERT((n == 0) || ((((uintptr_t)_dst) % 4) == 0));
 1096              		.loc 1 1132 3 is_stmt 0 discriminator 1 view .LVU320
 1097 0062 40F26C41 		movw	r1, #1132
 1098              	.LVL101:
1132:../../Middlewares/stedgeai-lib/Npu/ll_aton/ll_aton_lib_sw_operators.c ****   LL_ATON_ASSERT((n == 0) || ((((uintptr_t)_dst) % 4) == 0));
 1099              		.loc 1 1132 3 discriminator 1 view .LVU321
 1100 0066 374B     		ldr	r3, .L116+16
 1101              	.LVL102:
1132:../../Middlewares/stedgeai-lib/Npu/ll_aton/ll_aton_lib_sw_operators.c ****   LL_ATON_ASSERT((n == 0) || ((((uintptr_t)_dst) % 4) == 0));
 1102              		.loc 1 1132 3 discriminator 1 view .LVU322
 1103 0068 334A     		ldr	r2, .L116+4
 1104              	.LVL103:
1132:../../Middlewares/stedgeai-lib/Npu/ll_aton/ll_aton_lib_sw_operators.c ****   LL_ATON_ASSERT((n == 0) || ((((uintptr_t)_dst) % 4) == 0));
 1105              		.loc 1 1132 3 discriminator 1 view .LVU323
 1106 006a E6E7     		b	.L115
 1107              	.LVL104:
 1108              	.L82:
1133:../../Middlewares/stedgeai-lib/Npu/ll_aton/ll_aton_lib_sw_operators.c **** 
 1109              		.loc 1 1133 3 is_stmt 1 view .LVU324
 1110 006c DAB1     		cbz	r2, .L72
1133:../../Middlewares/stedgeai-lib/Npu/ll_aton/ll_aton_lib_sw_operators.c **** 
 1111              		.loc 1 1133 3 is_stmt 0 discriminator 1 view .LVU325
 1112 006e 10F00303 		ands	r3, r0, #3
 1113              	.LVL105:
1133:../../Middlewares/stedgeai-lib/Npu/ll_aton/ll_aton_lib_sw_operators.c **** 
 1114              		.loc 1 1133 3 discriminator 1 view .LVU326
 1115 0072 04D0     		beq	.L84
1133:../../Middlewares/stedgeai-lib/Npu/ll_aton/ll_aton_lib_sw_operators.c **** 
 1116              		.loc 1 1133 3 discriminator 2 view .LVU327
 1117 0074 40F26D41 		movw	r1, #1133
 1118              	.LVL106:
1133:../../Middlewares/stedgeai-lib/Npu/ll_aton/ll_aton_lib_sw_operators.c **** 
 1119              		.loc 1 1133 3 discriminator 2 view .LVU328
 1120 0078 334B     		ldr	r3, .L116+20
 1121 007a 2F4A     		ldr	r2, .L116+4
 1122 007c DDE7     		b	.L115
 1123              	.LVL107:
 1124              	.L84:
1135:../../Middlewares/stedgeai-lib/Npu/ll_aton/ll_aton_lib_sw_operators.c ****   {
 1125              		.loc 1 1135 3 is_stmt 1 view .LVU329
 1126              	.LBB145:
ARM GAS  /tmp/ccBdscOF.s 			page 69


1137:../../Middlewares/stedgeai-lib/Npu/ll_aton/ll_aton_lib_sw_operators.c ****     for (unsigned int i = 0; i < n; i += 4)
 1127              		.loc 1 1137 5 view .LVU330
1137:../../Middlewares/stedgeai-lib/Npu/ll_aton/ll_aton_lib_sw_operators.c ****     for (unsigned int i = 0; i < n; i += 4)
 1128              		.loc 1 1137 13 is_stmt 0 view .LVU331
 1129 007e 02F1FF3E 		add	lr, r2, #-1
 1130 0082 0332     		adds	r2, r2, #3
 1131 0084 4FEA9E0E 		lsr	lr, lr, #2
 1132 0088 032A     		cmp	r2, #3
 1133 008a 0EF1010E 		add	lr, lr, #1
 1134 008e 98BF     		it	ls
 1135 0090 4FF0010E 		movls	lr, #1
 1136 0094 4EF001E0 		dls	lr, lr
1137:../../Middlewares/stedgeai-lib/Npu/ll_aton/ll_aton_lib_sw_operators.c ****     for (unsigned int i = 0; i < n; i += 4)
 1137              		.loc 1 1137 55 view .LVU332
 1138 0098 8CB2     		uxth	r4, r1
1137:../../Middlewares/stedgeai-lib/Npu/ll_aton/ll_aton_lib_sw_operators.c ****     for (unsigned int i = 0; i < n; i += 4)
 1139              		.loc 1 1137 13 view .LVU333
 1140 009a 44EA0141 		orr	r1, r4, r1, lsl #16
 1141              	.LVL108:
1138:../../Middlewares/stedgeai-lib/Npu/ll_aton/ll_aton_lib_sw_operators.c ****     {
 1142              		.loc 1 1138 5 is_stmt 1 view .LVU334
 1143              	.LBB146:
1138:../../Middlewares/stedgeai-lib/Npu/ll_aton/ll_aton_lib_sw_operators.c ****     {
 1144              		.loc 1 1138 10 view .LVU335
1138:../../Middlewares/stedgeai-lib/Npu/ll_aton/ll_aton_lib_sw_operators.c ****     {
 1145              		.loc 1 1138 32 discriminator 1 view .LVU336
 1146              	.L85:
1140:../../Middlewares/stedgeai-lib/Npu/ll_aton/ll_aton_lib_sw_operators.c ****     }
 1147              		.loc 1 1140 7 view .LVU337
1140:../../Middlewares/stedgeai-lib/Npu/ll_aton/ll_aton_lib_sw_operators.c ****     }
 1148              		.loc 1 1140 32 is_stmt 0 view .LVU338
 1149 009e C150     		str	r1, [r0, r3]
1138:../../Middlewares/stedgeai-lib/Npu/ll_aton/ll_aton_lib_sw_operators.c ****     {
 1150              		.loc 1 1138 39 is_stmt 1 discriminator 3 view .LVU339
 1151 00a0 0433     		adds	r3, r3, #4
 1152              	.LVL109:
1138:../../Middlewares/stedgeai-lib/Npu/ll_aton/ll_aton_lib_sw_operators.c ****     {
 1153              		.loc 1 1138 32 discriminator 1 view .LVU340
 1154 00a2 0FF005C0 		le	lr, .L85
 1155              	.LVL110:
 1156              	.L72:
1138:../../Middlewares/stedgeai-lib/Npu/ll_aton/ll_aton_lib_sw_operators.c ****     {
 1157              		.loc 1 1138 32 is_stmt 0 discriminator 1 view .LVU341
 1158              	.LBE146:
 1159              	.LBE145:
 1160              	.LBE147:
 1161              	.LBE148:
1202:../../Middlewares/stedgeai-lib/Npu/ll_aton/ll_aton_lib_sw_operators.c **** 
 1162              		.loc 1 1202 1 view .LVU342
 1163 00a6 10BD     		pop	{r4, pc}
 1164              	.LVL111:
 1165              	.L77:
1190:../../Middlewares/stedgeai-lib/Npu/ll_aton/ll_aton_lib_sw_operators.c ****     case 4:
 1166              		.loc 1 1190 7 is_stmt 1 view .LVU343
 1167              	.LBB149:
 1168              	.LBI149:
1147:../../Middlewares/stedgeai-lib/Npu/ll_aton/ll_aton_lib_sw_operators.c **** {
ARM GAS  /tmp/ccBdscOF.s 			page 70


 1169              		.loc 1 1147 14 view .LVU344
 1170              	.LBB150:
1149:../../Middlewares/stedgeai-lib/Npu/ll_aton/ll_aton_lib_sw_operators.c ****   int32_t num_elems = (n / 3);
 1171              		.loc 1 1149 3 view .LVU345
1150:../../Middlewares/stedgeai-lib/Npu/ll_aton/ll_aton_lib_sw_operators.c ****   LL_ATON_ASSERT((n % 3) == 0);
 1172              		.loc 1 1150 3 view .LVU346
1150:../../Middlewares/stedgeai-lib/Npu/ll_aton/ll_aton_lib_sw_operators.c ****   LL_ATON_ASSERT((n % 3) == 0);
 1173              		.loc 1 1150 26 is_stmt 0 view .LVU347
 1174 00a8 0323     		movs	r3, #3
 1175 00aa B2FBF3F3 		udiv	r3, r2, r3
 1176              	.LVL112:
1151:../../Middlewares/stedgeai-lib/Npu/ll_aton/ll_aton_lib_sw_operators.c **** 
 1177              		.loc 1 1151 3 is_stmt 1 view .LVU348
 1178 00ae 03EB4304 		add	r4, r3, r3, lsl #1
 1179 00b2 A242     		cmp	r2, r4
 1180 00b4 15D1     		bne	.L86
 1181 00b6 002B     		cmp	r3, #0
 1182              	.LBB151:
1157:../../Middlewares/stedgeai-lib/Npu/ll_aton/ll_aton_lib_sw_operators.c ****   }
 1183              		.loc 1 1157 18 is_stmt 0 view .LVU349
 1184 00b8 03F1010E 		add	lr, r3, #1
 1185 00bc B8BF     		it	lt
 1186 00be 4FF0010E 		movlt	lr, #1
 1187 00c2 4EF001E0 		dls	lr, lr
1156:../../Middlewares/stedgeai-lib/Npu/ll_aton/ll_aton_lib_sw_operators.c ****     *_dst++ = (c >> 16) & 0xFF;
 1188              		.loc 1 1156 18 view .LVU350
 1189 00c6 0A12     		asrs	r2, r1, #8
 1190              	.LVL113:
1157:../../Middlewares/stedgeai-lib/Npu/ll_aton/ll_aton_lib_sw_operators.c ****   }
 1191              		.loc 1 1157 18 view .LVU351
 1192 00c8 0C14     		asrs	r4, r1, #16
 1193              	.LVL114:
 1194              	.L87:
1153:../../Middlewares/stedgeai-lib/Npu/ll_aton/ll_aton_lib_sw_operators.c ****   {
 1195              		.loc 1 1153 21 is_stmt 1 discriminator 1 view .LVU352
 1196 00ca 0330     		adds	r0, r0, #3
 1197              	.LVL115:
1153:../../Middlewares/stedgeai-lib/Npu/ll_aton/ll_aton_lib_sw_operators.c ****   {
 1198              		.loc 1 1153 21 is_stmt 0 discriminator 1 view .LVU353
 1199 00cc BEF1010E 		subs	lr, #1;bne	.L88
 1199      00D1
 1200 00d2 E8E7     		b	.L72
 1201              	.L88:
1155:../../Middlewares/stedgeai-lib/Npu/ll_aton/ll_aton_lib_sw_operators.c ****     *_dst++ = (c >> 8) & 0xFF;
 1202              		.loc 1 1155 5 is_stmt 1 view .LVU354
 1203              	.LVL116:
1155:../../Middlewares/stedgeai-lib/Npu/ll_aton/ll_aton_lib_sw_operators.c ****     *_dst++ = (c >> 8) & 0xFF;
 1204              		.loc 1 1155 13 is_stmt 0 view .LVU355
 1205 00d4 00F8031C 		strb	r1, [r0, #-3]
1156:../../Middlewares/stedgeai-lib/Npu/ll_aton/ll_aton_lib_sw_operators.c ****     *_dst++ = (c >> 16) & 0xFF;
 1206              		.loc 1 1156 5 is_stmt 1 view .LVU356
 1207              	.LVL117:
1156:../../Middlewares/stedgeai-lib/Npu/ll_aton/ll_aton_lib_sw_operators.c ****     *_dst++ = (c >> 16) & 0xFF;
 1208              		.loc 1 1156 13 is_stmt 0 view .LVU357
 1209 00d8 00F8022C 		strb	r2, [r0, #-2]
1157:../../Middlewares/stedgeai-lib/Npu/ll_aton/ll_aton_lib_sw_operators.c ****   }
 1210              		.loc 1 1157 5 is_stmt 1 view .LVU358
ARM GAS  /tmp/ccBdscOF.s 			page 71


 1211              	.LVL118:
1157:../../Middlewares/stedgeai-lib/Npu/ll_aton/ll_aton_lib_sw_operators.c ****   }
 1212              		.loc 1 1157 13 is_stmt 0 view .LVU359
 1213 00dc 00F8014C 		strb	r4, [r0, #-1]
1153:../../Middlewares/stedgeai-lib/Npu/ll_aton/ll_aton_lib_sw_operators.c ****   {
 1214              		.loc 1 1153 35 is_stmt 1 discriminator 3 view .LVU360
 1215 00e0 F3E7     		b	.L87
 1216              	.LVL119:
 1217              	.L86:
1153:../../Middlewares/stedgeai-lib/Npu/ll_aton/ll_aton_lib_sw_operators.c ****   {
 1218              		.loc 1 1153 35 is_stmt 0 discriminator 3 view .LVU361
 1219              	.LBE151:
1151:../../Middlewares/stedgeai-lib/Npu/ll_aton/ll_aton_lib_sw_operators.c **** 
 1220              		.loc 1 1151 3 discriminator 1 view .LVU362
 1221 00e2 40F27F41 		movw	r1, #1151
 1222              	.LVL120:
1151:../../Middlewares/stedgeai-lib/Npu/ll_aton/ll_aton_lib_sw_operators.c **** 
 1223              		.loc 1 1151 3 discriminator 1 view .LVU363
 1224 00e6 194B     		ldr	r3, .L116+24
 1225              	.LVL121:
1151:../../Middlewares/stedgeai-lib/Npu/ll_aton/ll_aton_lib_sw_operators.c **** 
 1226              		.loc 1 1151 3 discriminator 1 view .LVU364
 1227 00e8 194A     		ldr	r2, .L116+28
 1228              	.LVL122:
1151:../../Middlewares/stedgeai-lib/Npu/ll_aton/ll_aton_lib_sw_operators.c **** 
 1229              		.loc 1 1151 3 discriminator 1 view .LVU365
 1230 00ea A6E7     		b	.L115
 1231              	.LVL123:
 1232              	.L75:
1151:../../Middlewares/stedgeai-lib/Npu/ll_aton/ll_aton_lib_sw_operators.c **** 
 1233              		.loc 1 1151 3 discriminator 1 view .LVU366
 1234              	.LBE150:
 1235              	.LBE149:
1192:../../Middlewares/stedgeai-lib/Npu/ll_aton/ll_aton_lib_sw_operators.c ****     default:
 1236              		.loc 1 1192 7 is_stmt 1 view .LVU367
 1237              	.LBB152:
 1238              	.LBI152:
1163:../../Middlewares/stedgeai-lib/Npu/ll_aton/ll_aton_lib_sw_operators.c **** {
 1239              		.loc 1 1163 14 view .LVU368
 1240              	.LBB153:
1165:../../Middlewares/stedgeai-lib/Npu/ll_aton/ll_aton_lib_sw_operators.c ****   int32_t num_elems = (n / 4);
 1241              		.loc 1 1165 3 view .LVU369
1166:../../Middlewares/stedgeai-lib/Npu/ll_aton/ll_aton_lib_sw_operators.c **** 
 1242              		.loc 1 1166 3 view .LVU370
1168:../../Middlewares/stedgeai-lib/Npu/ll_aton/ll_aton_lib_sw_operators.c ****   LL_ATON_ASSERT((n % 4) == 0);
 1243              		.loc 1 1168 3 is_stmt 0 view .LVU371
 1244 00ec 10F00303 		ands	r3, r0, #3
1166:../../Middlewares/stedgeai-lib/Npu/ll_aton/ll_aton_lib_sw_operators.c **** 
 1245              		.loc 1 1166 26 view .LVU372
 1246 00f0 4FEA920E 		lsr	lr, r2, #2
 1247              	.LVL124:
1168:../../Middlewares/stedgeai-lib/Npu/ll_aton/ll_aton_lib_sw_operators.c ****   LL_ATON_ASSERT((n % 4) == 0);
 1248              		.loc 1 1168 3 is_stmt 1 view .LVU373
 1249 00f4 04D0     		beq	.L89
1168:../../Middlewares/stedgeai-lib/Npu/ll_aton/ll_aton_lib_sw_operators.c ****   LL_ATON_ASSERT((n % 4) == 0);
 1250              		.loc 1 1168 3 is_stmt 0 discriminator 1 view .LVU374
 1251 00f6 4FF49261 		mov	r1, #1168
ARM GAS  /tmp/ccBdscOF.s 			page 72


 1252              	.LVL125:
1168:../../Middlewares/stedgeai-lib/Npu/ll_aton/ll_aton_lib_sw_operators.c ****   LL_ATON_ASSERT((n % 4) == 0);
 1253              		.loc 1 1168 3 discriminator 1 view .LVU375
 1254 00fa 164B     		ldr	r3, .L116+32
 1255 00fc 164A     		ldr	r2, .L116+36
 1256              	.LVL126:
1168:../../Middlewares/stedgeai-lib/Npu/ll_aton/ll_aton_lib_sw_operators.c ****   LL_ATON_ASSERT((n % 4) == 0);
 1257              		.loc 1 1168 3 discriminator 1 view .LVU376
 1258 00fe 9CE7     		b	.L115
 1259              	.LVL127:
 1260              	.L89:
1169:../../Middlewares/stedgeai-lib/Npu/ll_aton/ll_aton_lib_sw_operators.c **** 
 1261              		.loc 1 1169 3 is_stmt 1 view .LVU377
 1262 0100 9207     		lsls	r2, r2, #30
 1263              	.LVL128:
1169:../../Middlewares/stedgeai-lib/Npu/ll_aton/ll_aton_lib_sw_operators.c **** 
 1264              		.loc 1 1169 3 is_stmt 0 view .LVU378
 1265 0102 0CD1     		bne	.L114
 1266 0104 BEF1000F 		cmp	lr, #0
 1267 0108 08BF     		it	eq
 1268 010a 4FF0010E 		moveq	lr, #1
 1269              	.LVL129:
1169:../../Middlewares/stedgeai-lib/Npu/ll_aton/ll_aton_lib_sw_operators.c **** 
 1270              		.loc 1 1169 3 view .LVU379
 1271 010e 4EF001E0 		dls	lr, lr
 1272              	.LVL130:
 1273              	.L90:
 1274              	.LBB154:
1173:../../Middlewares/stedgeai-lib/Npu/ll_aton/ll_aton_lib_sw_operators.c ****   }
 1275              		.loc 1 1173 5 is_stmt 1 view .LVU380
1173:../../Middlewares/stedgeai-lib/Npu/ll_aton/ll_aton_lib_sw_operators.c ****   }
 1276              		.loc 1 1173 13 is_stmt 0 view .LVU381
 1277 0112 40F82310 		str	r1, [r0, r3, lsl #2]
1171:../../Middlewares/stedgeai-lib/Npu/ll_aton/ll_aton_lib_sw_operators.c ****   {
 1278              		.loc 1 1171 35 is_stmt 1 discriminator 3 view .LVU382
 1279 0116 0133     		adds	r3, r3, #1
 1280              	.LVL131:
1171:../../Middlewares/stedgeai-lib/Npu/ll_aton/ll_aton_lib_sw_operators.c ****   {
 1281              		.loc 1 1171 21 discriminator 1 view .LVU383
 1282 0118 0FF005C8 		le	lr, .L90
1171:../../Middlewares/stedgeai-lib/Npu/ll_aton/ll_aton_lib_sw_operators.c ****   {
 1283              		.loc 1 1171 21 is_stmt 0 discriminator 1 view .LVU384
 1284 011c C3E7     		b	.L72
 1285              	.LVL132:
 1286              	.L114:
1171:../../Middlewares/stedgeai-lib/Npu/ll_aton/ll_aton_lib_sw_operators.c ****   {
 1287              		.loc 1 1171 21 discriminator 1 view .LVU385
 1288              	.LBE154:
1169:../../Middlewares/stedgeai-lib/Npu/ll_aton/ll_aton_lib_sw_operators.c **** 
 1289              		.loc 1 1169 3 discriminator 1 view .LVU386
 1290 011e 40F29141 		movw	r1, #1169
 1291              	.LVL133:
1169:../../Middlewares/stedgeai-lib/Npu/ll_aton/ll_aton_lib_sw_operators.c **** 
 1292              		.loc 1 1169 3 discriminator 1 view .LVU387
 1293 0122 084B     		ldr	r3, .L116+16
 1294 0124 0C4A     		ldr	r2, .L116+36
 1295 0126 88E7     		b	.L115
ARM GAS  /tmp/ccBdscOF.s 			page 73


 1296              	.LVL134:
 1297              	.L74:
1169:../../Middlewares/stedgeai-lib/Npu/ll_aton/ll_aton_lib_sw_operators.c **** 
 1298              		.loc 1 1169 3 discriminator 1 view .LVU388
 1299              	.LBE153:
 1300              	.LBE152:
 1301              	.LBB155:
 1302              	.LBI155:
1179:../../Middlewares/stedgeai-lib/Npu/ll_aton/ll_aton_lib_sw_operators.c **** {
 1303              		.loc 1 1179 21 is_stmt 1 view .LVU389
 1304              	.LBB156:
1194:../../Middlewares/stedgeai-lib/Npu/ll_aton/ll_aton_lib_sw_operators.c ****       return dst;
 1305              		.loc 1 1194 7 view .LVU390
 1306 0128 40F2AA41 		movw	r1, #1194
 1307              	.LVL135:
1194:../../Middlewares/stedgeai-lib/Npu/ll_aton/ll_aton_lib_sw_operators.c ****       return dst;
 1308              		.loc 1 1194 7 is_stmt 0 view .LVU391
 1309 012c 0B4B     		ldr	r3, .L116+40
 1310 012e 0C4A     		ldr	r2, .L116+44
 1311              	.LVL136:
1194:../../Middlewares/stedgeai-lib/Npu/ll_aton/ll_aton_lib_sw_operators.c ****       return dst;
 1312              		.loc 1 1194 7 view .LVU392
 1313 0130 83E7     		b	.L115
 1314              	.L117:
 1315 0132 00BF     		.align	2
 1316              	.L116:
 1317 0134 00000000 		.word	.LC7
 1318 0138 00000000 		.word	__func__.9
 1319 013c 2D000000 		.word	.LC1
 1320 0140 25000000 		.word	.LC8
 1321 0144 48000000 		.word	.LC9
 1322 0148 55000000 		.word	.LC10
 1323 014c 80000000 		.word	.LC11
 1324 0150 00000000 		.word	__func__.8
 1325 0154 8D000000 		.word	.LC12
 1326 0158 00000000 		.word	__func__.7
 1327 015c 00000000 		.word	.LC6
 1328 0160 00000000 		.word	__func__.10
 1329              	.LBE156:
 1330              	.LBE155:
 1331              		.cfi_endproc
 1332              	.LFE376:
 1334              		.section	.rodata.__ll_aton_lib_pad_edge_sw.str1.1,"aMS",%progbits,1
 1335              	.LC13:
 1336 0000 63757272 		.ascii	"curr_axis <= (common_params->tensor_rank - 1)\000"
 1336      5F617869 
 1336      73203C3D 
 1336      2028636F 
 1336      6D6D6F6E 
 1337              		.section	.text.__ll_aton_lib_pad_edge_sw,"ax",%progbits
 1338              		.align	1
 1339              		.syntax unified
 1340              		.thumb
 1341              		.thumb_func
 1343              	__ll_aton_lib_pad_edge_sw:
 1344              	.LVL137:
 1345              	.LFB365:
ARM GAS  /tmp/ccBdscOF.s 			page 74


1610:../../Middlewares/stedgeai-lib/Npu/ll_aton/ll_aton_lib_sw_operators.c ****   LL_ATON_ASSERT(curr_axis <= (common_params->tensor_rank - 1));
 1346              		.loc 1 1610 1 is_stmt 1 view -0
 1347              		.cfi_startproc
 1348              		@ args = 0, pretend = 0, frame = 0
 1349              		@ frame_needed = 0, uses_anonymous_args = 0
1611:../../Middlewares/stedgeai-lib/Npu/ll_aton/ll_aton_lib_sw_operators.c **** 
 1350              		.loc 1 1611 3 view .LVU394
1610:../../Middlewares/stedgeai-lib/Npu/ll_aton/ll_aton_lib_sw_operators.c ****   LL_ATON_ASSERT(curr_axis <= (common_params->tensor_rank - 1));
 1351              		.loc 1 1610 1 is_stmt 0 view .LVU395
 1352 0000 2DE9F047 		push	{r4, r5, r6, r7, r8, r9, r10, lr}
 1353              		.cfi_def_cfa_offset 32
 1354              		.cfi_offset 4, -32
 1355              		.cfi_offset 5, -28
 1356              		.cfi_offset 6, -24
 1357              		.cfi_offset 7, -20
 1358              		.cfi_offset 8, -16
 1359              		.cfi_offset 9, -12
 1360              		.cfi_offset 10, -8
 1361              		.cfi_offset 14, -4
1610:../../Middlewares/stedgeai-lib/Npu/ll_aton/ll_aton_lib_sw_operators.c ****   LL_ATON_ASSERT(curr_axis <= (common_params->tensor_rank - 1));
 1362              		.loc 1 1610 1 view .LVU396
 1363 0004 0C46     		mov	r4, r1
1611:../../Middlewares/stedgeai-lib/Npu/ll_aton/ll_aton_lib_sw_operators.c **** 
 1364              		.loc 1 1611 3 view .LVU397
 1365 0006 C96A     		ldr	r1, [r1, #44]
 1366              	.LVL138:
1610:../../Middlewares/stedgeai-lib/Npu/ll_aton/ll_aton_lib_sw_operators.c ****   LL_ATON_ASSERT(curr_axis <= (common_params->tensor_rank - 1));
 1367              		.loc 1 1610 1 view .LVU398
 1368 0008 0546     		mov	r5, r0
1611:../../Middlewares/stedgeai-lib/Npu/ll_aton/ll_aton_lib_sw_operators.c **** 
 1369              		.loc 1 1611 3 view .LVU399
 1370 000a 0139     		subs	r1, r1, #1
 1371 000c 8142     		cmp	r1, r0
1610:../../Middlewares/stedgeai-lib/Npu/ll_aton/ll_aton_lib_sw_operators.c ****   LL_ATON_ASSERT(curr_axis <= (common_params->tensor_rank - 1));
 1372              		.loc 1 1610 1 view .LVU400
 1373 000e 1746     		mov	r7, r2
1611:../../Middlewares/stedgeai-lib/Npu/ll_aton/ll_aton_lib_sw_operators.c **** 
 1374              		.loc 1 1611 3 view .LVU401
 1375 0010 06D2     		bcs	.L119
1611:../../Middlewares/stedgeai-lib/Npu/ll_aton/ll_aton_lib_sw_operators.c **** 
 1376              		.loc 1 1611 3 discriminator 1 view .LVU402
 1377 0012 40F24B61 		movw	r1, #1611
 1378 0016 594B     		ldr	r3, .L143
 1379 0018 594A     		ldr	r2, .L143+4
 1380              	.LVL139:
 1381              	.L142:
 1382              	.LBB157:
1655:../../Middlewares/stedgeai-lib/Npu/ll_aton/ll_aton_lib_sw_operators.c ****   }
 1383              		.loc 1 1655 5 discriminator 1 view .LVU403
 1384 001a 5A48     		ldr	r0, .L143+8
 1385 001c FFF7FEFF 		bl	__assert_func
 1386              	.LVL140:
 1387              	.L119:
1655:../../Middlewares/stedgeai-lib/Npu/ll_aton/ll_aton_lib_sw_operators.c ****   }
 1388              		.loc 1 1655 5 discriminator 1 view .LVU404
 1389              	.LBE157:
1613:../../Middlewares/stedgeai-lib/Npu/ll_aton/ll_aton_lib_sw_operators.c ****   {
ARM GAS  /tmp/ccBdscOF.s 			page 75


 1390              		.loc 1 1613 3 is_stmt 1 view .LVU405
1613:../../Middlewares/stedgeai-lib/Npu/ll_aton/ll_aton_lib_sw_operators.c ****   {
 1391              		.loc 1 1613 42 is_stmt 0 view .LVU406
 1392 0020 D4F8A430 		ldr	r3, [r4, #164]
1618:../../Middlewares/stedgeai-lib/Npu/ll_aton/ll_aton_lib_sw_operators.c **** 
 1393              		.loc 1 1618 11 view .LVU407
 1394 0024 E668     		ldr	r6, [r4, #12]
1613:../../Middlewares/stedgeai-lib/Npu/ll_aton/ll_aton_lib_sw_operators.c ****   {
 1395              		.loc 1 1613 42 view .LVU408
 1396 0026 53F82020 		ldr	r2, [r3, r0, lsl #2]
 1397              	.LVL141:
1613:../../Middlewares/stedgeai-lib/Npu/ll_aton/ll_aton_lib_sw_operators.c ****   {
 1398              		.loc 1 1613 42 view .LVU409
 1399 002a 4FEA8009 		lsl	r9, r0, #2
1613:../../Middlewares/stedgeai-lib/Npu/ll_aton/ll_aton_lib_sw_operators.c ****   {
 1400              		.loc 1 1613 6 view .LVU410
 1401 002e 002A     		cmp	r2, #0
1615:../../Middlewares/stedgeai-lib/Npu/ll_aton/ll_aton_lib_sw_operators.c ****   }
 1402              		.loc 1 1615 5 is_stmt 1 view .LVU411
1615:../../Middlewares/stedgeai-lib/Npu/ll_aton/ll_aton_lib_sw_operators.c ****   }
 1403              		.loc 1 1615 30 is_stmt 0 view .LVU412
 1404 0030 BEBF     		ittt	lt
 1405 0032 2368     		ldrlt	r3, [r4]
 1406 0034 9B1A     		sublt	r3, r3, r2
 1407 0036 2360     		strlt	r3, [r4]
1618:../../Middlewares/stedgeai-lib/Npu/ll_aton/ll_aton_lib_sw_operators.c **** 
 1408              		.loc 1 1618 3 is_stmt 1 view .LVU413
 1409              	.LVL142:
1620:../../Middlewares/stedgeai-lib/Npu/ll_aton/ll_aton_lib_sw_operators.c ****   {
 1410              		.loc 1 1620 3 view .LVU414
1620:../../Middlewares/stedgeai-lib/Npu/ll_aton/ll_aton_lib_sw_operators.c ****   {
 1411              		.loc 1 1620 43 is_stmt 0 view .LVU415
 1412 0038 D4F8AC30 		ldr	r3, [r4, #172]
 1413 003c 53F82030 		ldr	r3, [r3, r0, lsl #2]
1620:../../Middlewares/stedgeai-lib/Npu/ll_aton/ll_aton_lib_sw_operators.c ****   {
 1414              		.loc 1 1620 6 view .LVU416
 1415 0040 002B     		cmp	r3, #0
 1416 0042 40F39780 		ble	.L121
1622:../../Middlewares/stedgeai-lib/Npu/ll_aton/ll_aton_lib_sw_operators.c ****   }
 1417              		.loc 1 1622 5 is_stmt 1 view .LVU417
1622:../../Middlewares/stedgeai-lib/Npu/ll_aton/ll_aton_lib_sw_operators.c ****   }
 1418              		.loc 1 1622 31 is_stmt 0 view .LVU418
 1419 0046 F218     		adds	r2, r6, r3
1625:../../Middlewares/stedgeai-lib/Npu/ll_aton/ll_aton_lib_sw_operators.c ****   {
 1420              		.loc 1 1625 6 view .LVU419
 1421 0048 8142     		cmp	r1, r0
1622:../../Middlewares/stedgeai-lib/Npu/ll_aton/ll_aton_lib_sw_operators.c ****   }
 1422              		.loc 1 1622 31 view .LVU420
 1423 004a E260     		str	r2, [r4, #12]
1625:../../Middlewares/stedgeai-lib/Npu/ll_aton/ll_aton_lib_sw_operators.c ****   {
 1424              		.loc 1 1625 3 is_stmt 1 view .LVU421
1625:../../Middlewares/stedgeai-lib/Npu/ll_aton/ll_aton_lib_sw_operators.c ****   {
 1425              		.loc 1 1625 6 is_stmt 0 view .LVU422
 1426 004c 25D0     		beq	.L122
 1427              	.L138:
 1428              	.LBB160:
1659:../../Middlewares/stedgeai-lib/Npu/ll_aton/ll_aton_lib_sw_operators.c ****     {
ARM GAS  /tmp/ccBdscOF.s 			page 76


 1429              		.loc 1 1659 14 view .LVU423
 1430 004e 4FF00008 		mov	r8, #0
1661:../../Middlewares/stedgeai-lib/Npu/ll_aton/ll_aton_lib_sw_operators.c ****     }
 1431              		.loc 1 1661 43 view .LVU424
 1432 0052 05F1010A 		add	r10, r5, #1
 1433              	.LVL143:
 1434              	.L123:
1659:../../Middlewares/stedgeai-lib/Npu/ll_aton/ll_aton_lib_sw_operators.c ****     {
 1435              		.loc 1 1659 23 is_stmt 1 discriminator 1 view .LVU425
1659:../../Middlewares/stedgeai-lib/Npu/ll_aton/ll_aton_lib_sw_operators.c ****     {
 1436              		.loc 1 1659 49 is_stmt 0 discriminator 1 view .LVU426
 1437 0056 D4F8A030 		ldr	r3, [r4, #160]
1659:../../Middlewares/stedgeai-lib/Npu/ll_aton/ll_aton_lib_sw_operators.c ****     {
 1438              		.loc 1 1659 23 discriminator 1 view .LVU427
 1439 005a 53F80930 		ldr	r3, [r3, r9]
 1440 005e 4345     		cmp	r3, r8
 1441 0060 4ED8     		bhi	.L128
 1442              	.LBE160:
1664:../../Middlewares/stedgeai-lib/Npu/ll_aton/ll_aton_lib_sw_operators.c ****     {
 1443              		.loc 1 1664 5 is_stmt 1 view .LVU428
1664:../../Middlewares/stedgeai-lib/Npu/ll_aton/ll_aton_lib_sw_operators.c ****     {
 1444              		.loc 1 1664 45 is_stmt 0 view .LVU429
 1445 0062 D4F8AC30 		ldr	r3, [r4, #172]
 1446 0066 53F82570 		ldr	r7, [r3, r5, lsl #2]
 1447              	.LVL144:
1664:../../Middlewares/stedgeai-lib/Npu/ll_aton/ll_aton_lib_sw_operators.c ****     {
 1448              		.loc 1 1664 8 view .LVU430
 1449 006a 002F     		cmp	r7, #0
 1450 006c 32DD     		ble	.L129
 1451              	.LBB161:
1666:../../Middlewares/stedgeai-lib/Npu/ll_aton/ll_aton_lib_sw_operators.c ****                          common_params->out_offsets[curr_axis]; // i.e.: pads_start[curr_axis];
 1452              		.loc 1 1666 7 is_stmt 1 view .LVU431
1667:../../Middlewares/stedgeai-lib/Npu/ll_aton/ll_aton_lib_sw_operators.c ****       int32_t padding_bytes = common_params->pad_out_offsets_start[curr_axis] / nr_loops;
 1453              		.loc 1 1667 52 is_stmt 0 view .LVU432
 1454 006e D4F8B830 		ldr	r3, [r4, #184]
 1455              	.LBB162:
1673:../../Middlewares/stedgeai-lib/Npu/ll_aton/ll_aton_lib_sw_operators.c ****       {
 1456              		.loc 1 1673 16 view .LVU433
 1457 0072 4FF00009 		mov	r9, #0
 1458              	.LBE162:
1666:../../Middlewares/stedgeai-lib/Npu/ll_aton/ll_aton_lib_sw_operators.c ****                          common_params->out_offsets[curr_axis]; // i.e.: pads_start[curr_axis];
 1459              		.loc 1 1666 15 view .LVU434
 1460 0076 53F82530 		ldr	r3, [r3, r5, lsl #2]
 1461 007a 97FBF3F8 		sdiv	r8, r7, r3
 1462              	.LVL145:
1668:../../Middlewares/stedgeai-lib/Npu/ll_aton/ll_aton_lib_sw_operators.c **** 
 1463              		.loc 1 1668 7 is_stmt 1 view .LVU435
1668:../../Middlewares/stedgeai-lib/Npu/ll_aton/ll_aton_lib_sw_operators.c **** 
 1464              		.loc 1 1668 15 is_stmt 0 view .LVU436
 1465 007e 97FBF8FA 		sdiv	r10, r7, r8
 1466              	.LVL146:
1670:../../Middlewares/stedgeai-lib/Npu/ll_aton/ll_aton_lib_sw_operators.c ****       int8_t *src_ptr = curr_out_ptr + common_params->pad_out_offsets_start[curr_axis];
 1467              		.loc 1 1670 7 is_stmt 1 view .LVU437
1671:../../Middlewares/stedgeai-lib/Npu/ll_aton/ll_aton_lib_sw_operators.c **** 
 1468              		.loc 1 1671 7 view .LVU438
1671:../../Middlewares/stedgeai-lib/Npu/ll_aton/ll_aton_lib_sw_operators.c **** 
 1469              		.loc 1 1671 15 is_stmt 0 view .LVU439
ARM GAS  /tmp/ccBdscOF.s 			page 77


 1470 0082 3744     		add	r7, r7, r6
 1471              	.LVL147:
1673:../../Middlewares/stedgeai-lib/Npu/ll_aton/ll_aton_lib_sw_operators.c ****       {
 1472              		.loc 1 1673 7 is_stmt 1 view .LVU440
 1473              	.LBB163:
1673:../../Middlewares/stedgeai-lib/Npu/ll_aton/ll_aton_lib_sw_operators.c ****       {
 1474              		.loc 1 1673 12 view .LVU441
 1475              	.L130:
1673:../../Middlewares/stedgeai-lib/Npu/ll_aton/ll_aton_lib_sw_operators.c ****       {
 1476              		.loc 1 1673 25 discriminator 1 view .LVU442
 1477 0084 C145     		cmp	r9, r8
 1478 0086 25DA     		bge	.L129
1679:../../Middlewares/stedgeai-lib/Npu/ll_aton/ll_aton_lib_sw_operators.c ****         dst_ptr += padding_bytes;
 1479              		.loc 1 1679 9 view .LVU443
 1480 0088 3046     		mov	r0, r6
 1481 008a 5246     		mov	r2, r10
 1482 008c 3946     		mov	r1, r7
 1483 008e FFF7FEFF 		bl	memcpy
 1484              	.LVL148:
1680:../../Middlewares/stedgeai-lib/Npu/ll_aton/ll_aton_lib_sw_operators.c ****       }
 1485              		.loc 1 1680 9 view .LVU444
1680:../../Middlewares/stedgeai-lib/Npu/ll_aton/ll_aton_lib_sw_operators.c ****       }
 1486              		.loc 1 1680 17 is_stmt 0 view .LVU445
 1487 0092 5644     		add	r6, r6, r10
 1488              	.LVL149:
1673:../../Middlewares/stedgeai-lib/Npu/ll_aton/ll_aton_lib_sw_operators.c ****       {
 1489              		.loc 1 1673 38 is_stmt 1 discriminator 3 view .LVU446
 1490 0094 09F10109 		add	r9, r9, #1
 1491              	.LVL150:
1673:../../Middlewares/stedgeai-lib/Npu/ll_aton/ll_aton_lib_sw_operators.c ****       {
 1492              		.loc 1 1673 38 is_stmt 0 discriminator 3 view .LVU447
 1493 0098 F4E7     		b	.L130
 1494              	.LVL151:
 1495              	.L122:
1673:../../Middlewares/stedgeai-lib/Npu/ll_aton/ll_aton_lib_sw_operators.c ****       {
 1496              		.loc 1 1673 38 discriminator 3 view .LVU448
 1497              	.LBE163:
 1498              	.LBE161:
 1499              	.LBB164:
1629:../../Middlewares/stedgeai-lib/Npu/ll_aton/ll_aton_lib_sw_operators.c ****                                     common_params->pad_out_offsets_start[curr_axis]);
 1500              		.loc 1 1629 7 is_stmt 1 view .LVU449
 1501              	.LBB158:
 1502              	.LBI158:
1329:../../Middlewares/stedgeai-lib/Npu/ll_aton/ll_aton_lib_sw_operators.c ****                                                  int32_t length)
 1503              		.loc 1 1329 20 view .LVU450
 1504              	.LBB159:
1336:../../Middlewares/stedgeai-lib/Npu/ll_aton/ll_aton_lib_sw_operators.c **** }
 1505              		.loc 1 1336 3 view .LVU451
 1506 009a 2268     		ldr	r2, [r4]
 1507 009c 3146     		mov	r1, r6
 1508 009e 1268     		ldr	r2, [r2]
 1509 00a0 94F82000 		ldrb	r0, [r4, #32]	@ zero_extendqisi2
 1510              	.LVL152:
1336:../../Middlewares/stedgeai-lib/Npu/ll_aton/ll_aton_lib_sw_operators.c **** }
 1511              		.loc 1 1336 3 is_stmt 0 view .LVU452
 1512 00a4 FFF7FEFF 		bl	__ll_aton_lib_memset.isra.0
 1513              	.LVL153:
ARM GAS  /tmp/ccBdscOF.s 			page 78


 1514              	.L137:
1336:../../Middlewares/stedgeai-lib/Npu/ll_aton/ll_aton_lib_sw_operators.c **** }
 1515              		.loc 1 1336 3 view .LVU453
 1516              	.LBE159:
 1517              	.LBE158:
1633:../../Middlewares/stedgeai-lib/Npu/ll_aton/ll_aton_lib_sw_operators.c **** 
 1518              		.loc 1 1633 5 is_stmt 1 view .LVU454
1633:../../Middlewares/stedgeai-lib/Npu/ll_aton/ll_aton_lib_sw_operators.c **** 
 1519              		.loc 1 1633 53 is_stmt 0 view .LVU455
 1520 00a8 D4F8A030 		ldr	r3, [r4, #160]
1633:../../Middlewares/stedgeai-lib/Npu/ll_aton/ll_aton_lib_sw_operators.c **** 
 1521              		.loc 1 1633 80 view .LVU456
 1522 00ac 94F82060 		ldrb	r6, [r4, #32]	@ zero_extendqisi2
 1523              	.LVL154:
1633:../../Middlewares/stedgeai-lib/Npu/ll_aton/ll_aton_lib_sw_operators.c **** 
 1524              		.loc 1 1633 65 view .LVU457
 1525 00b0 53F82530 		ldr	r3, [r3, r5, lsl #2]
 1526 00b4 5E43     		muls	r6, r3, r6
 1527              	.LVL155:
1635:../../Middlewares/stedgeai-lib/Npu/ll_aton/ll_aton_lib_sw_operators.c ****     {
 1528              		.loc 1 1635 5 is_stmt 1 view .LVU458
1635:../../Middlewares/stedgeai-lib/Npu/ll_aton/ll_aton_lib_sw_operators.c ****     {
 1529              		.loc 1 1635 8 is_stmt 0 view .LVU459
 1530 00b6 27B1     		cbz	r7, .L124
1642:../../Middlewares/stedgeai-lib/Npu/ll_aton/ll_aton_lib_sw_operators.c ****     }
 1531              		.loc 1 1642 7 is_stmt 1 view .LVU460
 1532 00b8 3246     		mov	r2, r6
 1533 00ba 2168     		ldr	r1, [r4]
 1534 00bc E068     		ldr	r0, [r4, #12]
 1535 00be FFF7FEFF 		bl	memcpy
 1536              	.LVL156:
 1537              	.L124:
1645:../../Middlewares/stedgeai-lib/Npu/ll_aton/ll_aton_lib_sw_operators.c ****     common_params->out_target += filling_bytes;
 1538              		.loc 1 1645 5 view .LVU461
1645:../../Middlewares/stedgeai-lib/Npu/ll_aton/ll_aton_lib_sw_operators.c ****     common_params->out_target += filling_bytes;
 1539              		.loc 1 1645 30 is_stmt 0 view .LVU462
 1540 00c2 2368     		ldr	r3, [r4]
1655:../../Middlewares/stedgeai-lib/Npu/ll_aton/ll_aton_lib_sw_operators.c ****   }
 1541              		.loc 1 1655 5 view .LVU463
 1542 00c4 226B     		ldr	r2, [r4, #48]
1645:../../Middlewares/stedgeai-lib/Npu/ll_aton/ll_aton_lib_sw_operators.c ****     common_params->out_target += filling_bytes;
 1543              		.loc 1 1645 30 view .LVU464
 1544 00c6 3344     		add	r3, r3, r6
 1545 00c8 2360     		str	r3, [r4]
1646:../../Middlewares/stedgeai-lib/Npu/ll_aton/ll_aton_lib_sw_operators.c **** 
 1546              		.loc 1 1646 5 is_stmt 1 view .LVU465
1646:../../Middlewares/stedgeai-lib/Npu/ll_aton/ll_aton_lib_sw_operators.c **** 
 1547              		.loc 1 1646 31 is_stmt 0 view .LVU466
 1548 00ca E368     		ldr	r3, [r4, #12]
 1549 00cc 3344     		add	r3, r3, r6
1655:../../Middlewares/stedgeai-lib/Npu/ll_aton/ll_aton_lib_sw_operators.c ****   }
 1550              		.loc 1 1655 5 view .LVU467
 1551 00ce 9342     		cmp	r3, r2
1646:../../Middlewares/stedgeai-lib/Npu/ll_aton/ll_aton_lib_sw_operators.c **** 
 1552              		.loc 1 1646 31 view .LVU468
 1553 00d0 E360     		str	r3, [r4, #12]
1655:../../Middlewares/stedgeai-lib/Npu/ll_aton/ll_aton_lib_sw_operators.c ****   }
ARM GAS  /tmp/ccBdscOF.s 			page 79


 1554              		.loc 1 1655 5 is_stmt 1 view .LVU469
 1555 00d2 10D8     		bhi	.L125
 1556              	.LVL157:
 1557              	.L129:
1655:../../Middlewares/stedgeai-lib/Npu/ll_aton/ll_aton_lib_sw_operators.c ****   }
 1558              		.loc 1 1655 5 is_stmt 0 view .LVU470
 1559              	.LBE164:
1685:../../Middlewares/stedgeai-lib/Npu/ll_aton/ll_aton_lib_sw_operators.c ****   {
 1560              		.loc 1 1685 3 is_stmt 1 view .LVU471
1685:../../Middlewares/stedgeai-lib/Npu/ll_aton/ll_aton_lib_sw_operators.c ****   {
 1561              		.loc 1 1685 41 is_stmt 0 view .LVU472
 1562 00d4 D4F8B030 		ldr	r3, [r4, #176]
 1563 00d8 53F82530 		ldr	r3, [r3, r5, lsl #2]
1685:../../Middlewares/stedgeai-lib/Npu/ll_aton/ll_aton_lib_sw_operators.c ****   {
 1564              		.loc 1 1685 6 view .LVU473
 1565 00dc 002B     		cmp	r3, #0
 1566 00de 17DC     		bgt	.L126
 1567              	.L127:
1725:../../Middlewares/stedgeai-lib/Npu/ll_aton/ll_aton_lib_sw_operators.c ****   {
 1568              		.loc 1 1725 3 is_stmt 1 view .LVU474
1725:../../Middlewares/stedgeai-lib/Npu/ll_aton/ll_aton_lib_sw_operators.c ****   {
 1569              		.loc 1 1725 40 is_stmt 0 view .LVU475
 1570 00e0 D4F8A830 		ldr	r3, [r4, #168]
 1571 00e4 53F82520 		ldr	r2, [r3, r5, lsl #2]
1725:../../Middlewares/stedgeai-lib/Npu/ll_aton/ll_aton_lib_sw_operators.c ****   {
 1572              		.loc 1 1725 6 view .LVU476
 1573 00e8 002A     		cmp	r2, #0
 1574 00ea 02DA     		bge	.L118
1727:../../Middlewares/stedgeai-lib/Npu/ll_aton/ll_aton_lib_sw_operators.c ****   }
 1575              		.loc 1 1727 5 is_stmt 1 view .LVU477
1727:../../Middlewares/stedgeai-lib/Npu/ll_aton/ll_aton_lib_sw_operators.c ****   }
 1576              		.loc 1 1727 30 is_stmt 0 view .LVU478
 1577 00ec 2368     		ldr	r3, [r4]
 1578 00ee 9B1A     		subs	r3, r3, r2
 1579 00f0 2360     		str	r3, [r4]
 1580              	.L118:
1729:../../Middlewares/stedgeai-lib/Npu/ll_aton/ll_aton_lib_sw_operators.c **** 
 1581              		.loc 1 1729 1 view .LVU479
 1582 00f2 BDE8F087 		pop	{r4, r5, r6, r7, r8, r9, r10, pc}
 1583              	.LVL158:
 1584              	.L125:
 1585              	.LBB165:
1655:../../Middlewares/stedgeai-lib/Npu/ll_aton/ll_aton_lib_sw_operators.c ****   }
 1586              		.loc 1 1655 5 discriminator 1 view .LVU480
 1587 00f6 40F27761 		movw	r1, #1655
 1588 00fa 234B     		ldr	r3, .L143+12
 1589 00fc 204A     		ldr	r2, .L143+4
 1590 00fe 8CE7     		b	.L142
 1591              	.LVL159:
 1592              	.L128:
1655:../../Middlewares/stedgeai-lib/Npu/ll_aton/ll_aton_lib_sw_operators.c ****   }
 1593              		.loc 1 1655 5 discriminator 1 view .LVU481
 1594              	.LBE165:
 1595              	.LBB166:
1661:../../Middlewares/stedgeai-lib/Npu/ll_aton/ll_aton_lib_sw_operators.c ****     }
 1596              		.loc 1 1661 7 is_stmt 1 view .LVU482
 1597 0100 3A46     		mov	r2, r7
ARM GAS  /tmp/ccBdscOF.s 			page 80


 1598 0102 2146     		mov	r1, r4
 1599 0104 5046     		mov	r0, r10
 1600 0106 FFF77BFF 		bl	__ll_aton_lib_pad_edge_sw
 1601              	.LVL160:
1659:../../Middlewares/stedgeai-lib/Npu/ll_aton/ll_aton_lib_sw_operators.c ****     {
 1602              		.loc 1 1659 63 discriminator 3 view .LVU483
 1603 010a 08F10108 		add	r8, r8, #1
 1604              	.LVL161:
1659:../../Middlewares/stedgeai-lib/Npu/ll_aton/ll_aton_lib_sw_operators.c ****     {
 1605              		.loc 1 1659 63 is_stmt 0 discriminator 3 view .LVU484
 1606 010e A2E7     		b	.L123
 1607              	.LVL162:
 1608              	.L126:
1659:../../Middlewares/stedgeai-lib/Npu/ll_aton/ll_aton_lib_sw_operators.c ****     {
 1609              		.loc 1 1659 63 discriminator 3 view .LVU485
 1610              	.LBE166:
1687:../../Middlewares/stedgeai-lib/Npu/ll_aton/ll_aton_lib_sw_operators.c ****     {
 1611              		.loc 1 1687 5 is_stmt 1 view .LVU486
1687:../../Middlewares/stedgeai-lib/Npu/ll_aton/ll_aton_lib_sw_operators.c ****     {
 1612              		.loc 1 1687 50 is_stmt 0 view .LVU487
 1613 0110 E26A     		ldr	r2, [r4, #44]
1689:../../Middlewares/stedgeai-lib/Npu/ll_aton/ll_aton_lib_sw_operators.c ****                                     (common_params->out_target - common_params->nbytes),
 1614              		.loc 1 1689 84 view .LVU488
 1615 0112 E768     		ldr	r7, [r4, #12]
1687:../../Middlewares/stedgeai-lib/Npu/ll_aton/ll_aton_lib_sw_operators.c ****     {
 1616              		.loc 1 1687 50 view .LVU489
 1617 0114 013A     		subs	r2, r2, #1
1687:../../Middlewares/stedgeai-lib/Npu/ll_aton/ll_aton_lib_sw_operators.c ****     {
 1618              		.loc 1 1687 8 view .LVU490
 1619 0116 AA42     		cmp	r2, r5
 1620 0118 15D1     		bne	.L132
1689:../../Middlewares/stedgeai-lib/Npu/ll_aton/ll_aton_lib_sw_operators.c ****                                     (common_params->out_target - common_params->nbytes),
 1621              		.loc 1 1689 7 is_stmt 1 view .LVU491
 1622 011a 94F82000 		ldrb	r0, [r4, #32]	@ zero_extendqisi2
 1623              	.LVL163:
 1624              	.LBB167:
 1625              	.LBI167:
1329:../../Middlewares/stedgeai-lib/Npu/ll_aton/ll_aton_lib_sw_operators.c ****                                                  int32_t length)
 1626              		.loc 1 1329 20 view .LVU492
 1627              	.LBB168:
1336:../../Middlewares/stedgeai-lib/Npu/ll_aton/ll_aton_lib_sw_operators.c **** }
 1628              		.loc 1 1336 3 view .LVU493
 1629 011e 3946     		mov	r1, r7
 1630              	.LBE168:
 1631              	.LBE167:
1690:../../Middlewares/stedgeai-lib/Npu/ll_aton/ll_aton_lib_sw_operators.c ****                                     common_params->pad_out_offsets_end[curr_axis]);
 1632              		.loc 1 1690 64 is_stmt 0 view .LVU494
 1633 0120 3A1A     		subs	r2, r7, r0
 1634              	.LBB170:
 1635              	.LBB169:
1336:../../Middlewares/stedgeai-lib/Npu/ll_aton/ll_aton_lib_sw_operators.c **** }
 1636              		.loc 1 1336 3 view .LVU495
 1637 0122 1268     		ldr	r2, [r2]
 1638 0124 FFF7FEFF 		bl	__ll_aton_lib_memset.isra.0
 1639              	.LVL164:
 1640              	.L133:
1336:../../Middlewares/stedgeai-lib/Npu/ll_aton/ll_aton_lib_sw_operators.c **** }
ARM GAS  /tmp/ccBdscOF.s 			page 81


 1641              		.loc 1 1336 3 view .LVU496
 1642              	.LBE169:
 1643              	.LBE170:
1713:../../Middlewares/stedgeai-lib/Npu/ll_aton/ll_aton_lib_sw_operators.c **** 
 1644              		.loc 1 1713 5 is_stmt 1 view .LVU497
1713:../../Middlewares/stedgeai-lib/Npu/ll_aton/ll_aton_lib_sw_operators.c **** 
 1645              		.loc 1 1713 68 is_stmt 0 view .LVU498
 1646 0128 D4F8B020 		ldr	r2, [r4, #176]
1713:../../Middlewares/stedgeai-lib/Npu/ll_aton/ll_aton_lib_sw_operators.c **** 
 1647              		.loc 1 1713 31 view .LVU499
 1648 012c E368     		ldr	r3, [r4, #12]
 1649 012e 52F82520 		ldr	r2, [r2, r5, lsl #2]
 1650 0132 1344     		add	r3, r3, r2
1722:../../Middlewares/stedgeai-lib/Npu/ll_aton/ll_aton_lib_sw_operators.c ****   }
 1651              		.loc 1 1722 5 view .LVU500
 1652 0134 226B     		ldr	r2, [r4, #48]
1713:../../Middlewares/stedgeai-lib/Npu/ll_aton/ll_aton_lib_sw_operators.c **** 
 1653              		.loc 1 1713 31 view .LVU501
 1654 0136 E360     		str	r3, [r4, #12]
1722:../../Middlewares/stedgeai-lib/Npu/ll_aton/ll_aton_lib_sw_operators.c ****   }
 1655              		.loc 1 1722 5 is_stmt 1 view .LVU502
 1656 0138 9342     		cmp	r3, r2
 1657 013a D1D9     		bls	.L127
1722:../../Middlewares/stedgeai-lib/Npu/ll_aton/ll_aton_lib_sw_operators.c ****   }
 1658              		.loc 1 1722 5 is_stmt 0 discriminator 1 view .LVU503
 1659 013c 40F2BA61 		movw	r1, #1722
 1660 0140 114B     		ldr	r3, .L143+12
 1661 0142 0F4A     		ldr	r2, .L143+4
 1662 0144 69E7     		b	.L142
 1663              	.L132:
 1664              	.LBB171:
1695:../../Middlewares/stedgeai-lib/Npu/ll_aton/ll_aton_lib_sw_operators.c ****                          common_params->out_offsets[curr_axis]; // i.e. pads_end[curr_axis];
 1665              		.loc 1 1695 7 is_stmt 1 view .LVU504
1696:../../Middlewares/stedgeai-lib/Npu/ll_aton/ll_aton_lib_sw_operators.c ****       int32_t padding_bytes = common_params->pad_out_offsets_end[curr_axis] / nr_loops;
 1666              		.loc 1 1696 52 is_stmt 0 view .LVU505
 1667 0146 D4F8B820 		ldr	r2, [r4, #184]
 1668              	.LBB172:
1702:../../Middlewares/stedgeai-lib/Npu/ll_aton/ll_aton_lib_sw_operators.c ****       {
 1669              		.loc 1 1702 16 view .LVU506
 1670 014a 4FF00009 		mov	r9, #0
 1671              	.LBE172:
1695:../../Middlewares/stedgeai-lib/Npu/ll_aton/ll_aton_lib_sw_operators.c ****                          common_params->out_offsets[curr_axis]; // i.e. pads_end[curr_axis];
 1672              		.loc 1 1695 15 view .LVU507
 1673 014e 52F82520 		ldr	r2, [r2, r5, lsl #2]
 1674 0152 93FBF2F8 		sdiv	r8, r3, r2
 1675              	.LVL165:
1697:../../Middlewares/stedgeai-lib/Npu/ll_aton/ll_aton_lib_sw_operators.c **** 
 1676              		.loc 1 1697 7 is_stmt 1 view .LVU508
1699:../../Middlewares/stedgeai-lib/Npu/ll_aton/ll_aton_lib_sw_operators.c ****       int8_t *src_ptr = common_params->out_target - (common_params->pad_out_offsets_end[curr_axis] 
 1677              		.loc 1 1699 7 view .LVU509
1700:../../Middlewares/stedgeai-lib/Npu/ll_aton/ll_aton_lib_sw_operators.c **** 
 1678              		.loc 1 1700 7 view .LVU510
1697:../../Middlewares/stedgeai-lib/Npu/ll_aton/ll_aton_lib_sw_operators.c **** 
 1679              		.loc 1 1697 15 is_stmt 0 view .LVU511
 1680 0156 93FBF8F6 		sdiv	r6, r3, r8
 1681              	.LVL166:
1700:../../Middlewares/stedgeai-lib/Npu/ll_aton/ll_aton_lib_sw_operators.c **** 
ARM GAS  /tmp/ccBdscOF.s 			page 82


 1682              		.loc 1 1700 15 view .LVU512
 1683 015a A7EB060A 		sub	r10, r7, r6
 1684              	.LVL167:
1702:../../Middlewares/stedgeai-lib/Npu/ll_aton/ll_aton_lib_sw_operators.c ****       {
 1685              		.loc 1 1702 7 is_stmt 1 view .LVU513
 1686              	.LBB173:
1702:../../Middlewares/stedgeai-lib/Npu/ll_aton/ll_aton_lib_sw_operators.c ****       {
 1687              		.loc 1 1702 12 view .LVU514
 1688              	.L134:
1702:../../Middlewares/stedgeai-lib/Npu/ll_aton/ll_aton_lib_sw_operators.c ****       {
 1689              		.loc 1 1702 25 discriminator 1 view .LVU515
 1690 015e C145     		cmp	r9, r8
 1691 0160 E2DA     		bge	.L133
1708:../../Middlewares/stedgeai-lib/Npu/ll_aton/ll_aton_lib_sw_operators.c ****         dst_ptr += padding_bytes;
 1692              		.loc 1 1708 9 view .LVU516
 1693 0162 3846     		mov	r0, r7
 1694 0164 3246     		mov	r2, r6
 1695 0166 5146     		mov	r1, r10
 1696 0168 FFF7FEFF 		bl	memcpy
 1697              	.LVL168:
1709:../../Middlewares/stedgeai-lib/Npu/ll_aton/ll_aton_lib_sw_operators.c ****       }
 1698              		.loc 1 1709 9 view .LVU517
1709:../../Middlewares/stedgeai-lib/Npu/ll_aton/ll_aton_lib_sw_operators.c ****       }
 1699              		.loc 1 1709 17 is_stmt 0 view .LVU518
 1700 016c 3744     		add	r7, r7, r6
 1701              	.LVL169:
1702:../../Middlewares/stedgeai-lib/Npu/ll_aton/ll_aton_lib_sw_operators.c ****       {
 1702              		.loc 1 1702 38 is_stmt 1 discriminator 3 view .LVU519
 1703 016e 09F10109 		add	r9, r9, #1
 1704              	.LVL170:
1702:../../Middlewares/stedgeai-lib/Npu/ll_aton/ll_aton_lib_sw_operators.c ****       {
 1705              		.loc 1 1702 38 is_stmt 0 discriminator 3 view .LVU520
 1706 0172 F4E7     		b	.L134
 1707              	.LVL171:
 1708              	.L121:
1702:../../Middlewares/stedgeai-lib/Npu/ll_aton/ll_aton_lib_sw_operators.c ****       {
 1709              		.loc 1 1702 38 discriminator 3 view .LVU521
 1710              	.LBE173:
 1711              	.LBE171:
1625:../../Middlewares/stedgeai-lib/Npu/ll_aton/ll_aton_lib_sw_operators.c ****   {
 1712              		.loc 1 1625 3 is_stmt 1 view .LVU522
1625:../../Middlewares/stedgeai-lib/Npu/ll_aton/ll_aton_lib_sw_operators.c ****   {
 1713              		.loc 1 1625 6 is_stmt 0 view .LVU523
 1714 0174 8142     		cmp	r1, r0
 1715 0176 7FF46AAF 		bne	.L138
 1716 017a 95E7     		b	.L137
 1717              	.L144:
 1718              		.align	2
 1719              	.L143:
 1720 017c 00000000 		.word	.LC13
 1721 0180 00000000 		.word	__func__.2
 1722 0184 2D000000 		.word	.LC1
 1723 0188 73000000 		.word	.LC2
 1724              		.cfi_endproc
 1725              	.LFE365:
 1727              		.section	.rodata.__ll_aton_lib_copy_element.isra.0.str1.1,"aMS",%progbits,1
 1728              	.LC14:
ARM GAS  /tmp/ccBdscOF.s 			page 83


 1729 0000 28282875 		.ascii	"(((uintptr_t)in_target) % 2) == 0\000"
 1729      696E7470 
 1729      74725F74 
 1729      29696E5F 
 1729      74617267 
 1730              	.LC15:
 1731 0022 28282875 		.ascii	"(((uintptr_t)out_target) % 2) == 0\000"
 1731      696E7470 
 1731      74725F74 
 1731      296F7574 
 1731      5F746172 
 1732              	.LC16:
 1733 0045 28282875 		.ascii	"(((uintptr_t)in_target) % 4) == 0\000"
 1733      696E7470 
 1733      74725F74 
 1733      29696E5F 
 1733      74617267 
 1734              	.LC17:
 1735 0067 28282875 		.ascii	"(((uintptr_t)out_target) % 4) == 0\000"
 1735      696E7470 
 1735      74725F74 
 1735      296F7574 
 1735      5F746172 
 1736              		.section	.text.__ll_aton_lib_copy_element.isra.0,"ax",%progbits
 1737              		.align	1
 1738              		.syntax unified
 1739              		.thumb
 1740              		.thumb_func
 1742              	__ll_aton_lib_copy_element.isra.0:
 1743              	.LVL172:
 1744              	.LFB380:
  38:../../Middlewares/stedgeai-lib/Npu/ll_aton/ll_aton_lib_sw_operators.c **** {
 1745              		.loc 1 38 20 is_stmt 1 view -0
 1746              		.cfi_startproc
 1747              		@ args = 0, pretend = 0, frame = 0
 1748              		@ frame_needed = 0, uses_anonymous_args = 0
  40:../../Middlewares/stedgeai-lib/Npu/ll_aton/ll_aton_lib_sw_operators.c **** 
 1749              		.loc 1 40 3 view .LVU525
  42:../../Middlewares/stedgeai-lib/Npu/ll_aton/ll_aton_lib_sw_operators.c ****   {
 1750              		.loc 1 42 3 view .LVU526
 1751 0000 0138     		subs	r0, r0, #1
 1752              	.LVL173:
  38:../../Middlewares/stedgeai-lib/Npu/ll_aton/ll_aton_lib_sw_operators.c **** {
 1753              		.loc 1 38 20 is_stmt 0 view .LVU527
 1754 0002 08B5     		push	{r3, lr}
 1755              		.cfi_def_cfa_offset 8
 1756              		.cfi_offset 3, -8
 1757              		.cfi_offset 14, -4
  42:../../Middlewares/stedgeai-lib/Npu/ll_aton/ll_aton_lib_sw_operators.c ****   {
 1758              		.loc 1 42 3 view .LVU528
 1759 0004 0328     		cmp	r0, #3
 1760 0006 32D8     		bhi	.L146
 1761 0008 DFE800F0 		tbb	[pc, r0]
 1762              	.L148:
 1763 000c 02       		.byte	(.L151-.L148)/2
 1764 000d 06       		.byte	(.L150-.L148)/2
 1765 000e 18       		.byte	(.L149-.L148)/2
ARM GAS  /tmp/ccBdscOF.s 			page 84


 1766 000f 22       		.byte	(.L147-.L148)/2
 1767              		.p2align 1
 1768              	.L151:
  49:../../Middlewares/stedgeai-lib/Npu/ll_aton/ll_aton_lib_sw_operators.c ****     return;
 1769              		.loc 1 49 5 is_stmt 1 view .LVU529
  49:../../Middlewares/stedgeai-lib/Npu/ll_aton/ll_aton_lib_sw_operators.c ****     return;
 1770              		.loc 1 49 19 is_stmt 0 view .LVU530
 1771 0010 92F90030 		ldrsb	r3, [r2]
  49:../../Middlewares/stedgeai-lib/Npu/ll_aton/ll_aton_lib_sw_operators.c ****     return;
 1772              		.loc 1 49 17 view .LVU531
 1773 0014 0B70     		strb	r3, [r1]
  50:../../Middlewares/stedgeai-lib/Npu/ll_aton/ll_aton_lib_sw_operators.c **** 
 1774              		.loc 1 50 5 is_stmt 1 view .LVU532
 1775              	.LVL174:
 1776              	.L145:
  84:../../Middlewares/stedgeai-lib/Npu/ll_aton/ll_aton_lib_sw_operators.c **** 
 1777              		.loc 1 84 1 is_stmt 0 view .LVU533
 1778 0016 08BD     		pop	{r3, pc}
 1779              	.LVL175:
 1780              	.L150:
  57:../../Middlewares/stedgeai-lib/Npu/ll_aton/ll_aton_lib_sw_operators.c ****     LL_ATON_ASSERT((((uintptr_t)out_target) % 2) == 0);
 1781              		.loc 1 57 5 is_stmt 1 view .LVU534
 1782 0018 D007     		lsls	r0, r2, #31
 1783 001a 05D5     		bpl	.L153
  57:../../Middlewares/stedgeai-lib/Npu/ll_aton/ll_aton_lib_sw_operators.c ****     LL_ATON_ASSERT((((uintptr_t)out_target) % 2) == 0);
 1784              		.loc 1 57 5 is_stmt 0 discriminator 1 view .LVU535
 1785 001c 3921     		movs	r1, #57
 1786              	.LVL176:
  57:../../Middlewares/stedgeai-lib/Npu/ll_aton/ll_aton_lib_sw_operators.c ****     LL_ATON_ASSERT((((uintptr_t)out_target) % 2) == 0);
 1787              		.loc 1 57 5 discriminator 1 view .LVU536
 1788 001e 164B     		ldr	r3, .L158
 1789 0020 164A     		ldr	r2, .L158+4
 1790              	.LVL177:
 1791              	.L157:
 1792              	.LBB176:
 1793              	.LBB177:
  58:../../Middlewares/stedgeai-lib/Npu/ll_aton/ll_aton_lib_sw_operators.c **** 
 1794              		.loc 1 58 5 discriminator 1 view .LVU537
 1795 0022 1748     		ldr	r0, .L158+8
 1796 0024 FFF7FEFF 		bl	__assert_func
 1797              	.LVL178:
 1798              	.L153:
  58:../../Middlewares/stedgeai-lib/Npu/ll_aton/ll_aton_lib_sw_operators.c **** 
 1799              		.loc 1 58 5 discriminator 1 view .LVU538
 1800              	.LBE177:
 1801              	.LBE176:
  58:../../Middlewares/stedgeai-lib/Npu/ll_aton/ll_aton_lib_sw_operators.c **** 
 1802              		.loc 1 58 5 is_stmt 1 view .LVU539
 1803 0028 CB07     		lsls	r3, r1, #31
 1804 002a 03D5     		bpl	.L154
 1805              	.LBB179:
 1806              	.LBI176:
  38:../../Middlewares/stedgeai-lib/Npu/ll_aton/ll_aton_lib_sw_operators.c **** {
 1807              		.loc 1 38 20 view .LVU540
 1808              	.LVL179:
 1809              	.LBB178:
  58:../../Middlewares/stedgeai-lib/Npu/ll_aton/ll_aton_lib_sw_operators.c **** 
ARM GAS  /tmp/ccBdscOF.s 			page 85


 1810              		.loc 1 58 5 is_stmt 0 discriminator 1 view .LVU541
 1811 002c 3A21     		movs	r1, #58
 1812              	.LVL180:
  58:../../Middlewares/stedgeai-lib/Npu/ll_aton/ll_aton_lib_sw_operators.c **** 
 1813              		.loc 1 58 5 discriminator 1 view .LVU542
 1814 002e 154B     		ldr	r3, .L158+12
 1815 0030 124A     		ldr	r2, .L158+4
 1816              	.LVL181:
  58:../../Middlewares/stedgeai-lib/Npu/ll_aton/ll_aton_lib_sw_operators.c **** 
 1817              		.loc 1 58 5 discriminator 1 view .LVU543
 1818 0032 F6E7     		b	.L157
 1819              	.LVL182:
 1820              	.L154:
  58:../../Middlewares/stedgeai-lib/Npu/ll_aton/ll_aton_lib_sw_operators.c **** 
 1821              		.loc 1 58 5 discriminator 1 view .LVU544
 1822              	.LBE178:
 1823              	.LBE179:
  60:../../Middlewares/stedgeai-lib/Npu/ll_aton/ll_aton_lib_sw_operators.c ****     return;
 1824              		.loc 1 60 5 is_stmt 1 view .LVU545
  60:../../Middlewares/stedgeai-lib/Npu/ll_aton/ll_aton_lib_sw_operators.c ****     return;
 1825              		.loc 1 60 32 is_stmt 0 view .LVU546
 1826 0034 B2F90030 		ldrsh	r3, [r2]
  60:../../Middlewares/stedgeai-lib/Npu/ll_aton/ll_aton_lib_sw_operators.c ****     return;
 1827              		.loc 1 60 30 view .LVU547
 1828 0038 0B80     		strh	r3, [r1]	@ movhi
  61:../../Middlewares/stedgeai-lib/Npu/ll_aton/ll_aton_lib_sw_operators.c **** 
 1829              		.loc 1 61 5 is_stmt 1 view .LVU548
 1830 003a ECE7     		b	.L145
 1831              	.L149:
  64:../../Middlewares/stedgeai-lib/Npu/ll_aton/ll_aton_lib_sw_operators.c ****     *out_target++ = *in_target++;
 1832              		.loc 1 64 5 view .LVU549
 1833              	.LVL183:
  64:../../Middlewares/stedgeai-lib/Npu/ll_aton/ll_aton_lib_sw_operators.c ****     *out_target++ = *in_target++;
 1834              		.loc 1 64 21 is_stmt 0 view .LVU550
 1835 003c 92F90030 		ldrsb	r3, [r2]
  64:../../Middlewares/stedgeai-lib/Npu/ll_aton/ll_aton_lib_sw_operators.c ****     *out_target++ = *in_target++;
 1836              		.loc 1 64 19 view .LVU551
 1837 0040 0B70     		strb	r3, [r1]
  65:../../Middlewares/stedgeai-lib/Npu/ll_aton/ll_aton_lib_sw_operators.c ****     *out_target++ = *in_target++;
 1838              		.loc 1 65 5 is_stmt 1 view .LVU552
 1839              	.LVL184:
  65:../../Middlewares/stedgeai-lib/Npu/ll_aton/ll_aton_lib_sw_operators.c ****     *out_target++ = *in_target++;
 1840              		.loc 1 65 21 is_stmt 0 view .LVU553
 1841 0042 92F90130 		ldrsb	r3, [r2, #1]
  65:../../Middlewares/stedgeai-lib/Npu/ll_aton/ll_aton_lib_sw_operators.c ****     *out_target++ = *in_target++;
 1842              		.loc 1 65 19 view .LVU554
 1843 0046 4B70     		strb	r3, [r1, #1]
  66:../../Middlewares/stedgeai-lib/Npu/ll_aton/ll_aton_lib_sw_operators.c ****     return;
 1844              		.loc 1 66 5 is_stmt 1 view .LVU555
 1845              	.LVL185:
  66:../../Middlewares/stedgeai-lib/Npu/ll_aton/ll_aton_lib_sw_operators.c ****     return;
 1846              		.loc 1 66 21 is_stmt 0 view .LVU556
 1847 0048 92F90230 		ldrsb	r3, [r2, #2]
  66:../../Middlewares/stedgeai-lib/Npu/ll_aton/ll_aton_lib_sw_operators.c ****     return;
 1848              		.loc 1 66 19 view .LVU557
 1849 004c 8B70     		strb	r3, [r1, #2]
  67:../../Middlewares/stedgeai-lib/Npu/ll_aton/ll_aton_lib_sw_operators.c **** 
ARM GAS  /tmp/ccBdscOF.s 			page 86


 1850              		.loc 1 67 5 is_stmt 1 view .LVU558
 1851 004e E2E7     		b	.L145
 1852              	.LVL186:
 1853              	.L147:
  74:../../Middlewares/stedgeai-lib/Npu/ll_aton/ll_aton_lib_sw_operators.c ****     LL_ATON_ASSERT((((uintptr_t)out_target) % 4) == 0);
 1854              		.loc 1 74 5 view .LVU559
 1855 0050 9007     		lsls	r0, r2, #30
 1856 0052 03D0     		beq	.L155
  74:../../Middlewares/stedgeai-lib/Npu/ll_aton/ll_aton_lib_sw_operators.c ****     LL_ATON_ASSERT((((uintptr_t)out_target) % 4) == 0);
 1857              		.loc 1 74 5 is_stmt 0 discriminator 1 view .LVU560
 1858 0054 4A21     		movs	r1, #74
 1859              	.LVL187:
  74:../../Middlewares/stedgeai-lib/Npu/ll_aton/ll_aton_lib_sw_operators.c ****     LL_ATON_ASSERT((((uintptr_t)out_target) % 4) == 0);
 1860              		.loc 1 74 5 discriminator 1 view .LVU561
 1861 0056 0C4B     		ldr	r3, .L158+16
 1862 0058 084A     		ldr	r2, .L158+4
 1863              	.LVL188:
  74:../../Middlewares/stedgeai-lib/Npu/ll_aton/ll_aton_lib_sw_operators.c ****     LL_ATON_ASSERT((((uintptr_t)out_target) % 4) == 0);
 1864              		.loc 1 74 5 discriminator 1 view .LVU562
 1865 005a E2E7     		b	.L157
 1866              	.LVL189:
 1867              	.L155:
  75:../../Middlewares/stedgeai-lib/Npu/ll_aton/ll_aton_lib_sw_operators.c **** 
 1868              		.loc 1 75 5 is_stmt 1 view .LVU563
 1869 005c 8B07     		lsls	r3, r1, #30
 1870 005e 03D0     		beq	.L156
  75:../../Middlewares/stedgeai-lib/Npu/ll_aton/ll_aton_lib_sw_operators.c **** 
 1871              		.loc 1 75 5 is_stmt 0 discriminator 1 view .LVU564
 1872 0060 4B21     		movs	r1, #75
 1873              	.LVL190:
  75:../../Middlewares/stedgeai-lib/Npu/ll_aton/ll_aton_lib_sw_operators.c **** 
 1874              		.loc 1 75 5 discriminator 1 view .LVU565
 1875 0062 0A4B     		ldr	r3, .L158+20
 1876 0064 054A     		ldr	r2, .L158+4
 1877              	.LVL191:
  75:../../Middlewares/stedgeai-lib/Npu/ll_aton/ll_aton_lib_sw_operators.c **** 
 1878              		.loc 1 75 5 discriminator 1 view .LVU566
 1879 0066 DCE7     		b	.L157
 1880              	.LVL192:
 1881              	.L156:
  77:../../Middlewares/stedgeai-lib/Npu/ll_aton/ll_aton_lib_sw_operators.c ****     return;
 1882              		.loc 1 77 5 is_stmt 1 view .LVU567
  77:../../Middlewares/stedgeai-lib/Npu/ll_aton/ll_aton_lib_sw_operators.c ****     return;
 1883              		.loc 1 77 32 is_stmt 0 view .LVU568
 1884 0068 1368     		ldr	r3, [r2]
  77:../../Middlewares/stedgeai-lib/Npu/ll_aton/ll_aton_lib_sw_operators.c ****     return;
 1885              		.loc 1 77 30 view .LVU569
 1886 006a 0B60     		str	r3, [r1]
  78:../../Middlewares/stedgeai-lib/Npu/ll_aton/ll_aton_lib_sw_operators.c **** 
 1887              		.loc 1 78 5 is_stmt 1 view .LVU570
 1888 006c D3E7     		b	.L145
 1889              	.L146:
  81:../../Middlewares/stedgeai-lib/Npu/ll_aton/ll_aton_lib_sw_operators.c ****     return;
 1890              		.loc 1 81 5 view .LVU571
 1891 006e 5121     		movs	r1, #81
 1892              	.LVL193:
  81:../../Middlewares/stedgeai-lib/Npu/ll_aton/ll_aton_lib_sw_operators.c ****     return;
ARM GAS  /tmp/ccBdscOF.s 			page 87


 1893              		.loc 1 81 5 is_stmt 0 view .LVU572
 1894 0070 074B     		ldr	r3, .L158+24
 1895 0072 024A     		ldr	r2, .L158+4
 1896              	.LVL194:
  81:../../Middlewares/stedgeai-lib/Npu/ll_aton/ll_aton_lib_sw_operators.c ****     return;
 1897              		.loc 1 81 5 view .LVU573
 1898 0074 D5E7     		b	.L157
 1899              	.L159:
 1900 0076 00BF     		.align	2
 1901              	.L158:
 1902 0078 00000000 		.word	.LC14
 1903 007c 00000000 		.word	__func__.29
 1904 0080 2D000000 		.word	.LC1
 1905 0084 22000000 		.word	.LC15
 1906 0088 45000000 		.word	.LC16
 1907 008c 67000000 		.word	.LC17
 1908 0090 00000000 		.word	.LC6
 1909              		.cfi_endproc
 1910              	.LFE380:
 1912              		.section	.rodata.__ll_aton_lib_reflect_inner_framing_sw.isra.0.str1.1,"aMS",%progbits,1
 1913              	.LC18:
 1914 0000 6E5F656C 		.ascii	"n_elems > 0\000"
 1914      656D7320 
 1914      3E203000 
 1915              	.LC19:
 1916 000c 28282875 		.ascii	"(((uintptr_t)src) % 2) == 0\000"
 1916      696E7470 
 1916      74725F74 
 1916      29737263 
 1916      29202520 
 1917              	.LC20:
 1918 0028 28282875 		.ascii	"(((uintptr_t)src) % 4) == 0\000"
 1918      696E7470 
 1918      74725F74 
 1918      29737263 
 1918      29202520 
 1919              	.LC21:
 1920 0044 6473745F 		.ascii	"dst_ptr >= dst\000"
 1920      70747220 
 1920      3E3D2064 
 1920      737400
 1921              	.LC22:
 1922 0053 7372635F 		.ascii	"src_idx < n_elems\000"
 1922      69647820 
 1922      3C206E5F 
 1922      656C656D 
 1922      7300
 1923              	.LC23:
 1924 0065 7372635F 		.ascii	"src_idx >= 0\000"
 1924      69647820 
 1924      3E3D2030 
 1924      00
 1925              	.LC24:
 1926 0072 6473745F 		.ascii	"dst_ptr < last_ptr\000"
 1926      70747220 
 1926      3C206C61 
 1926      73745F70 
ARM GAS  /tmp/ccBdscOF.s 			page 88


 1926      747200
 1927              	.LC25:
 1928 0085 282D7372 		.ascii	"(-src_idx) < n_elems\000"
 1928      635F6964 
 1928      7829203C 
 1928      206E5F65 
 1928      6C656D73 
 1929              	.LC26:
 1930 009a 7372635F 		.ascii	"src_idx <= 0\000"
 1930      69647820 
 1930      3C3D2030 
 1930      00
 1931              		.section	.text.__ll_aton_lib_reflect_inner_framing_sw.isra.0,"ax",%progbits
 1932              		.align	1
 1933              		.syntax unified
 1934              		.thumb
 1935              		.thumb_func
 1937              	__ll_aton_lib_reflect_inner_framing_sw.isra.0:
 1938              	.LVL195:
 1939              	.LFB381:
1214:../../Middlewares/stedgeai-lib/Npu/ll_aton/ll_aton_lib_sw_operators.c ****                                                           int32_t n_elems, int32_t length, bool sta
 1940              		.loc 1 1214 20 is_stmt 1 view -0
 1941              		.cfi_startproc
 1942              		@ args = 8, pretend = 0, frame = 16
 1943              		@ frame_needed = 0, uses_anonymous_args = 0
1217:../../Middlewares/stedgeai-lib/Npu/ll_aton/ll_aton_lib_sw_operators.c ****   if (nbytes == 2)
 1944              		.loc 1 1217 3 view .LVU575
1214:../../Middlewares/stedgeai-lib/Npu/ll_aton/ll_aton_lib_sw_operators.c ****                                                           int32_t n_elems, int32_t length, bool sta
 1945              		.loc 1 1214 20 is_stmt 0 view .LVU576
 1946 0000 2DE9F04F 		push	{r4, r5, r6, r7, r8, r9, r10, fp, lr}
 1947              		.cfi_def_cfa_offset 36
 1948              		.cfi_offset 4, -36
 1949              		.cfi_offset 5, -32
 1950              		.cfi_offset 6, -28
 1951              		.cfi_offset 7, -24
 1952              		.cfi_offset 8, -20
 1953              		.cfi_offset 9, -16
 1954              		.cfi_offset 10, -12
 1955              		.cfi_offset 11, -8
 1956              		.cfi_offset 14, -4
1217:../../Middlewares/stedgeai-lib/Npu/ll_aton/ll_aton_lib_sw_operators.c ****   if (nbytes == 2)
 1957              		.loc 1 1217 3 view .LVU577
 1958 0004 1C1E     		subs	r4, r3, #0
1214:../../Middlewares/stedgeai-lib/Npu/ll_aton/ll_aton_lib_sw_operators.c ****                                                           int32_t n_elems, int32_t length, bool sta
 1959              		.loc 1 1214 20 view .LVU578
 1960 0006 85B0     		sub	sp, sp, #20
 1961              		.cfi_def_cfa_offset 56
1214:../../Middlewares/stedgeai-lib/Npu/ll_aton/ll_aton_lib_sw_operators.c ****                                                           int32_t n_elems, int32_t length, bool sta
 1962              		.loc 1 1214 20 view .LVU579
 1963 0008 0F46     		mov	r7, r1
 1964 000a 9246     		mov	r10, r2
 1965 000c DDF83880 		ldr	r8, [sp, #56]
 1966 0010 9DF83CB0 		ldrb	fp, [sp, #60]	@ zero_extendqisi2
1217:../../Middlewares/stedgeai-lib/Npu/ll_aton/ll_aton_lib_sw_operators.c ****   if (nbytes == 2)
 1967              		.loc 1 1217 3 view .LVU580
 1968 0014 06DC     		bgt	.L161
1217:../../Middlewares/stedgeai-lib/Npu/ll_aton/ll_aton_lib_sw_operators.c ****   if (nbytes == 2)
ARM GAS  /tmp/ccBdscOF.s 			page 89


 1969              		.loc 1 1217 3 discriminator 1 view .LVU581
 1970 0016 40F2C141 		movw	r1, #1217
 1971              	.LVL196:
1217:../../Middlewares/stedgeai-lib/Npu/ll_aton/ll_aton_lib_sw_operators.c ****   if (nbytes == 2)
 1972              		.loc 1 1217 3 discriminator 1 view .LVU582
 1973 001a 554B     		ldr	r3, .L196
 1974              	.LVL197:
1217:../../Middlewares/stedgeai-lib/Npu/ll_aton/ll_aton_lib_sw_operators.c ****   if (nbytes == 2)
 1975              		.loc 1 1217 3 discriminator 1 view .LVU583
 1976 001c 554A     		ldr	r2, .L196+4
 1977              	.LVL198:
 1978              	.L195:
1220:../../Middlewares/stedgeai-lib/Npu/ll_aton/ll_aton_lib_sw_operators.c ****   }
 1979              		.loc 1 1220 5 discriminator 1 view .LVU584
 1980 001e 5648     		ldr	r0, .L196+8
 1981 0020 FFF7FEFF 		bl	__assert_func
 1982              	.LVL199:
 1983              	.L161:
1218:../../Middlewares/stedgeai-lib/Npu/ll_aton/ll_aton_lib_sw_operators.c ****   {
 1984              		.loc 1 1218 3 is_stmt 1 view .LVU585
1218:../../Middlewares/stedgeai-lib/Npu/ll_aton/ll_aton_lib_sw_operators.c ****   {
 1985              		.loc 1 1218 6 is_stmt 0 view .LVU586
 1986 0024 0228     		cmp	r0, #2
 1987 0026 07D1     		bne	.L162
1220:../../Middlewares/stedgeai-lib/Npu/ll_aton/ll_aton_lib_sw_operators.c ****   }
 1988              		.loc 1 1220 5 is_stmt 1 view .LVU587
 1989 0028 12F0010F 		tst	r2, #1
 1990 002c 0ED0     		beq	.L163
1220:../../Middlewares/stedgeai-lib/Npu/ll_aton/ll_aton_lib_sw_operators.c ****   }
 1991              		.loc 1 1220 5 is_stmt 0 discriminator 1 view .LVU588
 1992 002e 40F2C441 		movw	r1, #1220
 1993              	.LVL200:
1220:../../Middlewares/stedgeai-lib/Npu/ll_aton/ll_aton_lib_sw_operators.c ****   }
 1994              		.loc 1 1220 5 discriminator 1 view .LVU589
 1995 0032 524B     		ldr	r3, .L196+12
 1996              	.LVL201:
1220:../../Middlewares/stedgeai-lib/Npu/ll_aton/ll_aton_lib_sw_operators.c ****   }
 1997              		.loc 1 1220 5 discriminator 1 view .LVU590
 1998 0034 4F4A     		ldr	r2, .L196+4
 1999              	.LVL202:
1220:../../Middlewares/stedgeai-lib/Npu/ll_aton/ll_aton_lib_sw_operators.c ****   }
 2000              		.loc 1 1220 5 discriminator 1 view .LVU591
 2001 0036 F2E7     		b	.L195
 2002              	.LVL203:
 2003              	.L162:
1222:../../Middlewares/stedgeai-lib/Npu/ll_aton/ll_aton_lib_sw_operators.c ****   {
 2004              		.loc 1 1222 3 is_stmt 1 view .LVU592
1222:../../Middlewares/stedgeai-lib/Npu/ll_aton/ll_aton_lib_sw_operators.c ****   {
 2005              		.loc 1 1222 6 is_stmt 0 view .LVU593
 2006 0038 0428     		cmp	r0, #4
 2007 003a 07D1     		bne	.L163
1224:../../Middlewares/stedgeai-lib/Npu/ll_aton/ll_aton_lib_sw_operators.c ****   }
 2008              		.loc 1 1224 5 is_stmt 1 view .LVU594
 2009 003c 12F0030F 		tst	r2, #3
 2010 0040 04D0     		beq	.L163
1224:../../Middlewares/stedgeai-lib/Npu/ll_aton/ll_aton_lib_sw_operators.c ****   }
 2011              		.loc 1 1224 5 is_stmt 0 discriminator 1 view .LVU595
ARM GAS  /tmp/ccBdscOF.s 			page 90


 2012 0042 4FF49961 		mov	r1, #1224
 2013              	.LVL204:
1224:../../Middlewares/stedgeai-lib/Npu/ll_aton/ll_aton_lib_sw_operators.c ****   }
 2014              		.loc 1 1224 5 discriminator 1 view .LVU596
 2015 0046 4E4B     		ldr	r3, .L196+16
 2016              	.LVL205:
1224:../../Middlewares/stedgeai-lib/Npu/ll_aton/ll_aton_lib_sw_operators.c ****   }
 2017              		.loc 1 1224 5 discriminator 1 view .LVU597
 2018 0048 4A4A     		ldr	r2, .L196+4
 2019              	.LVL206:
1224:../../Middlewares/stedgeai-lib/Npu/ll_aton/ll_aton_lib_sw_operators.c ****   }
 2020              		.loc 1 1224 5 discriminator 1 view .LVU598
 2021 004a E8E7     		b	.L195
 2022              	.LVL207:
 2023              	.L163:
1235:../../Middlewares/stedgeai-lib/Npu/ll_aton/ll_aton_lib_sw_operators.c **** 
 2024              		.loc 1 1235 3 is_stmt 1 view .LVU599
1237:../../Middlewares/stedgeai-lib/Npu/ll_aton/ll_aton_lib_sw_operators.c ****   {
 2025              		.loc 1 1237 3 view .LVU600
 2026              	.LBB184:
1240:../../Middlewares/stedgeai-lib/Npu/ll_aton/ll_aton_lib_sw_operators.c **** 
 2027              		.loc 1 1240 41 is_stmt 0 view .LVU601
 2028 004c B4F10109 		subs	r9, r4, #1
 2029 0050 18BF     		it	ne
 2030 0052 4FF00109 		movne	r9, #1
 2031              	.LBE184:
1237:../../Middlewares/stedgeai-lib/Npu/ll_aton/ll_aton_lib_sw_operators.c ****   {
 2032              		.loc 1 1237 6 view .LVU602
 2033 0056 BBF1000F 		cmp	fp, #0
 2034 005a 42D0     		beq	.L164
 2035              	.LBB187:
1239:../../Middlewares/stedgeai-lib/Npu/ll_aton/ll_aton_lib_sw_operators.c ****     int32_t src_idx = (n_elems > 1) ? 1 : 0;
 2036              		.loc 1 1239 5 is_stmt 1 view .LVU603
 2037              	.LBE187:
1235:../../Middlewares/stedgeai-lib/Npu/ll_aton/ll_aton_lib_sw_operators.c **** 
 2038              		.loc 1 1235 8 is_stmt 0 view .LVU604
 2039 005c 5E46     		mov	r6, fp
 2040              	.LBB188:
1240:../../Middlewares/stedgeai-lib/Npu/ll_aton/ll_aton_lib_sw_operators.c **** 
 2041              		.loc 1 1240 13 view .LVU605
 2042 005e 4D46     		mov	r5, r9
1239:../../Middlewares/stedgeai-lib/Npu/ll_aton/ll_aton_lib_sw_operators.c ****     int32_t src_idx = (n_elems > 1) ? 1 : 0;
 2043              		.loc 1 1239 36 view .LVU606
 2044 0060 A8EB0001 		sub	r1, r8, r0
 2045              	.LVL208:
1239:../../Middlewares/stedgeai-lib/Npu/ll_aton/ll_aton_lib_sw_operators.c ****     int32_t src_idx = (n_elems > 1) ? 1 : 0;
 2046              		.loc 1 1239 13 view .LVU607
 2047 0064 3944     		add	r1, r1, r7
 2048              	.LVL209:
1240:../../Middlewares/stedgeai-lib/Npu/ll_aton/ll_aton_lib_sw_operators.c **** 
 2049              		.loc 1 1240 5 is_stmt 1 view .LVU608
1242:../../Middlewares/stedgeai-lib/Npu/ll_aton/ll_aton_lib_sw_operators.c ****     {
 2050              		.loc 1 1242 5 view .LVU609
1242:../../Middlewares/stedgeai-lib/Npu/ll_aton/ll_aton_lib_sw_operators.c ****     {
 2051              		.loc 1 1242 19 discriminator 1 view .LVU610
 2052              	.LBB185:
1259:../../Middlewares/stedgeai-lib/Npu/ll_aton/ll_aton_lib_sw_operators.c ****         {
ARM GAS  /tmp/ccBdscOF.s 			page 91


 2053              		.loc 1 1259 33 is_stmt 0 view .LVU611
 2054 0066 631E     		subs	r3, r4, #1
 2055              	.LVL210:
 2056              	.L171:
1244:../../Middlewares/stedgeai-lib/Npu/ll_aton/ll_aton_lib_sw_operators.c ****       LL_ATON_ASSERT(src_idx < n_elems);
 2057              		.loc 1 1244 7 is_stmt 1 view .LVU612
 2058 0068 8F42     		cmp	r7, r1
 2059 006a 04D9     		bls	.L165
1244:../../Middlewares/stedgeai-lib/Npu/ll_aton/ll_aton_lib_sw_operators.c ****       LL_ATON_ASSERT(src_idx < n_elems);
 2060              		.loc 1 1244 7 is_stmt 0 discriminator 1 view .LVU613
 2061 006c 40F2DC41 		movw	r1, #1244
 2062              	.LVL211:
1244:../../Middlewares/stedgeai-lib/Npu/ll_aton/ll_aton_lib_sw_operators.c ****       LL_ATON_ASSERT(src_idx < n_elems);
 2063              		.loc 1 1244 7 discriminator 1 view .LVU614
 2064 0070 444B     		ldr	r3, .L196+20
 2065 0072 404A     		ldr	r2, .L196+4
 2066 0074 D3E7     		b	.L195
 2067              	.LVL212:
 2068              	.L165:
1245:../../Middlewares/stedgeai-lib/Npu/ll_aton/ll_aton_lib_sw_operators.c ****       LL_ATON_ASSERT(src_idx >= 0);
 2069              		.loc 1 1245 7 is_stmt 1 view .LVU615
 2070 0076 AC42     		cmp	r4, r5
 2071 0078 04DC     		bgt	.L166
1245:../../Middlewares/stedgeai-lib/Npu/ll_aton/ll_aton_lib_sw_operators.c ****       LL_ATON_ASSERT(src_idx >= 0);
 2072              		.loc 1 1245 7 is_stmt 0 discriminator 1 view .LVU616
 2073 007a 40F2DD41 		movw	r1, #1245
 2074              	.LVL213:
1245:../../Middlewares/stedgeai-lib/Npu/ll_aton/ll_aton_lib_sw_operators.c ****       LL_ATON_ASSERT(src_idx >= 0);
 2075              		.loc 1 1245 7 discriminator 1 view .LVU617
 2076 007e 424B     		ldr	r3, .L196+24
 2077 0080 3C4A     		ldr	r2, .L196+4
 2078 0082 CCE7     		b	.L195
 2079              	.LVL214:
 2080              	.L166:
1246:../../Middlewares/stedgeai-lib/Npu/ll_aton/ll_aton_lib_sw_operators.c **** 
 2081              		.loc 1 1246 7 is_stmt 1 view .LVU618
 2082 0084 6A1C     		adds	r2, r5, #1
 2083 0086 04D1     		bne	.L167
1246:../../Middlewares/stedgeai-lib/Npu/ll_aton/ll_aton_lib_sw_operators.c **** 
 2084              		.loc 1 1246 7 is_stmt 0 discriminator 1 view .LVU619
 2085 0088 40F2DE41 		movw	r1, #1246
 2086              	.LVL215:
1246:../../Middlewares/stedgeai-lib/Npu/ll_aton/ll_aton_lib_sw_operators.c **** 
 2087              		.loc 1 1246 7 discriminator 1 view .LVU620
 2088 008c 3F4B     		ldr	r3, .L196+28
 2089 008e 394A     		ldr	r2, .L196+4
 2090 0090 C5E7     		b	.L195
 2091              	.LVL216:
 2092              	.L167:
1254:../../Middlewares/stedgeai-lib/Npu/ll_aton/ll_aton_lib_sw_operators.c **** 
 2093              		.loc 1 1254 7 view .LVU621
 2094 0092 05FB00A2 		mla	r2, r5, r0, r10
 2095 0096 CDE90101 		strd	r0, r1, [sp, #4]
 2096 009a 0393     		str	r3, [sp, #12]
1253:../../Middlewares/stedgeai-lib/Npu/ll_aton/ll_aton_lib_sw_operators.c ****       __ll_aton_lib_copy_element(nbytes, src_idx, dst_ptr, src_ptr);
 2097              		.loc 1 1253 7 is_stmt 1 view .LVU622
 2098              	.LVL217:
ARM GAS  /tmp/ccBdscOF.s 			page 92


1254:../../Middlewares/stedgeai-lib/Npu/ll_aton/ll_aton_lib_sw_operators.c **** 
 2099              		.loc 1 1254 7 view .LVU623
 2100 009c FFF7FEFF 		bl	__ll_aton_lib_copy_element.isra.0
 2101              	.LVL218:
1256:../../Middlewares/stedgeai-lib/Npu/ll_aton/ll_aton_lib_sw_operators.c ****       if (forward)
 2102              		.loc 1 1256 7 view .LVU624
1256:../../Middlewares/stedgeai-lib/Npu/ll_aton/ll_aton_lib_sw_operators.c ****       if (forward)
 2103              		.loc 1 1256 15 is_stmt 0 view .LVU625
 2104 00a0 DDE90101 		ldrd	r0, r1, [sp, #4]
1257:../../Middlewares/stedgeai-lib/Npu/ll_aton/ll_aton_lib_sw_operators.c ****       {
 2105              		.loc 1 1257 10 view .LVU626
 2106 00a4 039B     		ldr	r3, [sp, #12]
1256:../../Middlewares/stedgeai-lib/Npu/ll_aton/ll_aton_lib_sw_operators.c ****       if (forward)
 2107              		.loc 1 1256 15 view .LVU627
 2108 00a6 091A     		subs	r1, r1, r0
 2109              	.LVL219:
1257:../../Middlewares/stedgeai-lib/Npu/ll_aton/ll_aton_lib_sw_operators.c ****       {
 2110              		.loc 1 1257 7 is_stmt 1 view .LVU628
1257:../../Middlewares/stedgeai-lib/Npu/ll_aton/ll_aton_lib_sw_operators.c ****       {
 2111              		.loc 1 1257 10 is_stmt 0 view .LVU629
 2112 00a8 7EB1     		cbz	r6, .L168
1259:../../Middlewares/stedgeai-lib/Npu/ll_aton/ll_aton_lib_sw_operators.c ****         {
 2113              		.loc 1 1259 9 is_stmt 1 view .LVU630
1259:../../Middlewares/stedgeai-lib/Npu/ll_aton/ll_aton_lib_sw_operators.c ****         {
 2114              		.loc 1 1259 12 is_stmt 0 view .LVU631
 2115 00aa AB42     		cmp	r3, r5
 2116 00ac 0BDC     		bgt	.L169
1261:../../Middlewares/stedgeai-lib/Npu/ll_aton/ll_aton_lib_sw_operators.c ****           src_idx = (n_elems > 1) ? (src_idx - 1) : 0;
 2117              		.loc 1 1261 11 is_stmt 1 view .LVU632
 2118              	.LVL220:
1262:../../Middlewares/stedgeai-lib/Npu/ll_aton/ll_aton_lib_sw_operators.c ****         }
 2119              		.loc 1 1262 11 view .LVU633
1262:../../Middlewares/stedgeai-lib/Npu/ll_aton/ll_aton_lib_sw_operators.c ****         }
 2120              		.loc 1 1262 51 is_stmt 0 view .LVU634
 2121 00ae 012C     		cmp	r4, #1
 2122 00b0 12D0     		beq	.L180
1262:../../Middlewares/stedgeai-lib/Npu/ll_aton/ll_aton_lib_sw_operators.c ****         }
 2123              		.loc 1 1262 51 discriminator 1 view .LVU635
 2124 00b2 013D     		subs	r5, r5, #1
 2125              	.LVL221:
 2126              	.L194:
1261:../../Middlewares/stedgeai-lib/Npu/ll_aton/ll_aton_lib_sw_operators.c ****           src_idx = (n_elems > 1) ? (src_idx - 1) : 0;
 2127              		.loc 1 1261 19 view .LVU636
 2128 00b4 0026     		movs	r6, #0
 2129              	.LVL222:
 2130              	.L170:
1261:../../Middlewares/stedgeai-lib/Npu/ll_aton/ll_aton_lib_sw_operators.c ****           src_idx = (n_elems > 1) ? (src_idx - 1) : 0;
 2131              		.loc 1 1261 19 view .LVU637
 2132              	.LBE185:
1242:../../Middlewares/stedgeai-lib/Npu/ll_aton/ll_aton_lib_sw_operators.c ****     {
 2133              		.loc 1 1242 31 is_stmt 1 view .LVU638
 2134 00b6 A8EB0008 		sub	r8, r8, r0
 2135              	.LVL223:
1242:../../Middlewares/stedgeai-lib/Npu/ll_aton/ll_aton_lib_sw_operators.c ****     {
 2136              		.loc 1 1242 19 discriminator 1 view .LVU639
 2137 00ba B8F1000F 		cmp	r8, #0
 2138 00be D3DC     		bgt	.L171
ARM GAS  /tmp/ccBdscOF.s 			page 93


 2139              	.LVL224:
 2140              	.L160:
1242:../../Middlewares/stedgeai-lib/Npu/ll_aton/ll_aton_lib_sw_operators.c ****     {
 2141              		.loc 1 1242 19 is_stmt 0 discriminator 1 view .LVU640
 2142              	.LBE188:
1327:../../Middlewares/stedgeai-lib/Npu/ll_aton/ll_aton_lib_sw_operators.c **** 
 2143              		.loc 1 1327 1 view .LVU641
 2144 00c0 05B0     		add	sp, sp, #20
 2145              		.cfi_remember_state
 2146              		.cfi_def_cfa_offset 36
 2147              		@ sp needed
 2148 00c2 BDE8F08F 		pop	{r4, r5, r6, r7, r8, r9, r10, fp, pc}
 2149              	.LVL225:
 2150              	.L169:
 2151              		.cfi_restore_state
 2152              	.LBB189:
 2153              	.LBB186:
1266:../../Middlewares/stedgeai-lib/Npu/ll_aton/ll_aton_lib_sw_operators.c ****         }
 2154              		.loc 1 1266 11 is_stmt 1 view .LVU642
1266:../../Middlewares/stedgeai-lib/Npu/ll_aton/ll_aton_lib_sw_operators.c ****         }
 2155              		.loc 1 1266 51 is_stmt 0 discriminator 1 view .LVU643
 2156 00c6 0135     		adds	r5, r5, #1
 2157              	.LVL226:
1266:../../Middlewares/stedgeai-lib/Npu/ll_aton/ll_aton_lib_sw_operators.c ****         }
 2158              		.loc 1 1266 51 discriminator 1 view .LVU644
 2159 00c8 F5E7     		b	.L170
 2160              	.LVL227:
 2161              	.L168:
1271:../../Middlewares/stedgeai-lib/Npu/ll_aton/ll_aton_lib_sw_operators.c ****         {
 2162              		.loc 1 1271 9 is_stmt 1 view .LVU645
1271:../../Middlewares/stedgeai-lib/Npu/ll_aton/ll_aton_lib_sw_operators.c ****         {
 2163              		.loc 1 1271 12 is_stmt 0 view .LVU646
 2164 00ca 3DB1     		cbz	r5, .L181
1278:../../Middlewares/stedgeai-lib/Npu/ll_aton/ll_aton_lib_sw_operators.c ****         }
 2165              		.loc 1 1278 11 is_stmt 1 view .LVU647
1278:../../Middlewares/stedgeai-lib/Npu/ll_aton/ll_aton_lib_sw_operators.c ****         }
 2166              		.loc 1 1278 51 is_stmt 0 view .LVU648
 2167 00cc 012C     		cmp	r4, #1
1278:../../Middlewares/stedgeai-lib/Npu/ll_aton/ll_aton_lib_sw_operators.c ****         }
 2168              		.loc 1 1278 51 discriminator 1 view .LVU649
 2169 00ce 05F1FF35 		add	r5, r5, #-1
 2170              	.LVL228:
1278:../../Middlewares/stedgeai-lib/Npu/ll_aton/ll_aton_lib_sw_operators.c ****         }
 2171              		.loc 1 1278 51 discriminator 1 view .LVU650
 2172 00d2 08BF     		it	eq
 2173 00d4 3546     		moveq	r5, r6
 2174              	.LVL229:
1278:../../Middlewares/stedgeai-lib/Npu/ll_aton/ll_aton_lib_sw_operators.c ****         }
 2175              		.loc 1 1278 51 discriminator 1 view .LVU651
 2176 00d6 EEE7     		b	.L170
 2177              	.LVL230:
 2178              	.L180:
1278:../../Middlewares/stedgeai-lib/Npu/ll_aton/ll_aton_lib_sw_operators.c ****         }
 2179              		.loc 1 1278 51 discriminator 2 view .LVU652
 2180 00d8 0025     		movs	r5, #0
 2181              	.LVL231:
1278:../../Middlewares/stedgeai-lib/Npu/ll_aton/ll_aton_lib_sw_operators.c ****         }
ARM GAS  /tmp/ccBdscOF.s 			page 94


 2182              		.loc 1 1278 51 discriminator 2 view .LVU653
 2183 00da EBE7     		b	.L194
 2184              	.LVL232:
 2185              	.L181:
1274:../../Middlewares/stedgeai-lib/Npu/ll_aton/ll_aton_lib_sw_operators.c ****         }
 2186              		.loc 1 1274 19 view .LVU654
 2187 00dc 4D46     		mov	r5, r9
 2188              	.LVL233:
1273:../../Middlewares/stedgeai-lib/Npu/ll_aton/ll_aton_lib_sw_operators.c ****           src_idx = (n_elems > 1) ? 1 : 0;
 2189              		.loc 1 1273 19 view .LVU655
 2190 00de 5E46     		mov	r6, fp
 2191              	.LVL234:
1273:../../Middlewares/stedgeai-lib/Npu/ll_aton/ll_aton_lib_sw_operators.c ****           src_idx = (n_elems > 1) ? 1 : 0;
 2192              		.loc 1 1273 19 view .LVU656
 2193 00e0 E9E7     		b	.L170
 2194              	.LVL235:
 2195              	.L164:
1273:../../Middlewares/stedgeai-lib/Npu/ll_aton/ll_aton_lib_sw_operators.c ****           src_idx = (n_elems > 1) ? 1 : 0;
 2196              		.loc 1 1273 19 view .LVU657
 2197              	.LBE186:
 2198              	.LBE189:
 2199              	.LBB190:
1285:../../Middlewares/stedgeai-lib/Npu/ll_aton/ll_aton_lib_sw_operators.c **** #ifndef NDEBUG
 2200              		.loc 1 1285 5 is_stmt 1 view .LVU658
1287:../../Middlewares/stedgeai-lib/Npu/ll_aton/ll_aton_lib_sw_operators.c **** #endif
 2201              		.loc 1 1287 5 view .LVU659
1290:../../Middlewares/stedgeai-lib/Npu/ll_aton/ll_aton_lib_sw_operators.c ****     for (; length > 0; length -= nbytes)
 2202              		.loc 1 1290 42 is_stmt 0 view .LVU660
 2203 00e2 C9F10009 		rsb	r9, r9, #0
 2204              	.LBE190:
1235:../../Middlewares/stedgeai-lib/Npu/ll_aton/ll_aton_lib_sw_operators.c **** 
 2205              		.loc 1 1235 8 view .LVU661
 2206 00e6 5E46     		mov	r6, fp
 2207              	.LBB193:
1290:../../Middlewares/stedgeai-lib/Npu/ll_aton/ll_aton_lib_sw_operators.c ****     for (; length > 0; length -= nbytes)
 2208              		.loc 1 1290 13 discriminator 4 view .LVU662
 2209 00e8 4D46     		mov	r5, r9
1287:../../Middlewares/stedgeai-lib/Npu/ll_aton/ll_aton_lib_sw_operators.c **** #endif
 2210              		.loc 1 1287 13 view .LVU663
 2211 00ea 07EB0803 		add	r3, r7, r8
 2212              	.LVL236:
1287:../../Middlewares/stedgeai-lib/Npu/ll_aton/ll_aton_lib_sw_operators.c **** #endif
 2213              		.loc 1 1287 13 view .LVU664
 2214 00ee 0193     		str	r3, [sp, #4]
 2215              	.LVL237:
1290:../../Middlewares/stedgeai-lib/Npu/ll_aton/ll_aton_lib_sw_operators.c ****     for (; length > 0; length -= nbytes)
 2216              		.loc 1 1290 5 is_stmt 1 view .LVU665
1291:../../Middlewares/stedgeai-lib/Npu/ll_aton/ll_aton_lib_sw_operators.c ****     {
 2217              		.loc 1 1291 5 view .LVU666
1291:../../Middlewares/stedgeai-lib/Npu/ll_aton/ll_aton_lib_sw_operators.c ****     {
 2218              		.loc 1 1291 19 discriminator 1 view .LVU667
 2219              	.LBB191:
1315:../../Middlewares/stedgeai-lib/Npu/ll_aton/ll_aton_lib_sw_operators.c ****         {
 2220              		.loc 1 1315 36 is_stmt 0 view .LVU668
 2221 00f0 631E     		subs	r3, r4, #1
 2222              	.LVL238:
 2223              	.L178:
ARM GAS  /tmp/ccBdscOF.s 			page 95


1293:../../Middlewares/stedgeai-lib/Npu/ll_aton/ll_aton_lib_sw_operators.c ****       LL_ATON_ASSERT((-src_idx) < n_elems);
 2224              		.loc 1 1293 7 is_stmt 1 view .LVU669
 2225 00f2 019A     		ldr	r2, [sp, #4]
 2226 00f4 BA42     		cmp	r2, r7
 2227 00f6 04D8     		bhi	.L172
1293:../../Middlewares/stedgeai-lib/Npu/ll_aton/ll_aton_lib_sw_operators.c ****       LL_ATON_ASSERT((-src_idx) < n_elems);
 2228              		.loc 1 1293 7 is_stmt 0 discriminator 1 view .LVU670
 2229 00f8 40F20D51 		movw	r1, #1293
 2230 00fc 244B     		ldr	r3, .L196+32
 2231 00fe 1D4A     		ldr	r2, .L196+4
 2232 0100 8DE7     		b	.L195
 2233              	.L172:
1294:../../Middlewares/stedgeai-lib/Npu/ll_aton/ll_aton_lib_sw_operators.c ****       LL_ATON_ASSERT(src_idx <= 0);
 2234              		.loc 1 1294 7 is_stmt 1 view .LVU671
 2235 0102 C5F1000B 		rsb	fp, r5, #0
 2236 0106 5C45     		cmp	r4, fp
 2237 0108 04DC     		bgt	.L173
1294:../../Middlewares/stedgeai-lib/Npu/ll_aton/ll_aton_lib_sw_operators.c ****       LL_ATON_ASSERT(src_idx <= 0);
 2238              		.loc 1 1294 7 is_stmt 0 discriminator 1 view .LVU672
 2239 010a 40F20E51 		movw	r1, #1294
 2240 010e 214B     		ldr	r3, .L196+36
 2241 0110 184A     		ldr	r2, .L196+4
 2242 0112 84E7     		b	.L195
 2243              	.L173:
1295:../../Middlewares/stedgeai-lib/Npu/ll_aton/ll_aton_lib_sw_operators.c **** 
 2244              		.loc 1 1295 7 is_stmt 1 view .LVU673
 2245 0114 012D     		cmp	r5, #1
 2246 0116 04D1     		bne	.L174
1295:../../Middlewares/stedgeai-lib/Npu/ll_aton/ll_aton_lib_sw_operators.c **** 
 2247              		.loc 1 1295 7 is_stmt 0 discriminator 1 view .LVU674
 2248 0118 40F20F51 		movw	r1, #1295
 2249 011c 1E4B     		ldr	r3, .L196+40
 2250 011e 154A     		ldr	r2, .L196+4
 2251 0120 7DE7     		b	.L195
 2252              	.L174:
1298:../../Middlewares/stedgeai-lib/Npu/ll_aton/ll_aton_lib_sw_operators.c **** 
 2253              		.loc 1 1298 7 view .LVU675
 2254 0122 3946     		mov	r1, r7
 2255 0124 05FB00A2 		mla	r2, r5, r0, r10
 2256 0128 0393     		str	r3, [sp, #12]
1297:../../Middlewares/stedgeai-lib/Npu/ll_aton/ll_aton_lib_sw_operators.c ****       __ll_aton_lib_copy_element(nbytes, src_idx, dst_ptr, src_ptr);
 2257              		.loc 1 1297 7 is_stmt 1 view .LVU676
 2258              	.LVL239:
1298:../../Middlewares/stedgeai-lib/Npu/ll_aton/ll_aton_lib_sw_operators.c **** 
 2259              		.loc 1 1298 7 view .LVU677
 2260 012a 0290     		str	r0, [sp, #8]
 2261 012c FFF7FEFF 		bl	__ll_aton_lib_copy_element.isra.0
 2262              	.LVL240:
1300:../../Middlewares/stedgeai-lib/Npu/ll_aton/ll_aton_lib_sw_operators.c ****       if (forward)
 2263              		.loc 1 1300 7 view .LVU678
1300:../../Middlewares/stedgeai-lib/Npu/ll_aton/ll_aton_lib_sw_operators.c ****       if (forward)
 2264              		.loc 1 1300 15 is_stmt 0 view .LVU679
 2265 0130 0298     		ldr	r0, [sp, #8]
1301:../../Middlewares/stedgeai-lib/Npu/ll_aton/ll_aton_lib_sw_operators.c ****       {
 2266              		.loc 1 1301 10 view .LVU680
 2267 0132 039B     		ldr	r3, [sp, #12]
1300:../../Middlewares/stedgeai-lib/Npu/ll_aton/ll_aton_lib_sw_operators.c ****       if (forward)
ARM GAS  /tmp/ccBdscOF.s 			page 96


 2268              		.loc 1 1300 15 view .LVU681
 2269 0134 0744     		add	r7, r7, r0
 2270              	.LVL241:
1301:../../Middlewares/stedgeai-lib/Npu/ll_aton/ll_aton_lib_sw_operators.c ****       {
 2271              		.loc 1 1301 7 is_stmt 1 view .LVU682
1301:../../Middlewares/stedgeai-lib/Npu/ll_aton/ll_aton_lib_sw_operators.c ****       {
 2272              		.loc 1 1301 10 is_stmt 0 view .LVU683
 2273 0136 4EB1     		cbz	r6, .L175
1303:../../Middlewares/stedgeai-lib/Npu/ll_aton/ll_aton_lib_sw_operators.c ****         {
 2274              		.loc 1 1303 9 is_stmt 1 view .LVU684
1303:../../Middlewares/stedgeai-lib/Npu/ll_aton/ll_aton_lib_sw_operators.c ****         {
 2275              		.loc 1 1303 12 is_stmt 0 view .LVU685
 2276 0138 8DB1     		cbz	r5, .L183
1310:../../Middlewares/stedgeai-lib/Npu/ll_aton/ll_aton_lib_sw_operators.c ****         }
 2277              		.loc 1 1310 11 is_stmt 1 view .LVU686
1310:../../Middlewares/stedgeai-lib/Npu/ll_aton/ll_aton_lib_sw_operators.c ****         }
 2278              		.loc 1 1310 51 is_stmt 0 view .LVU687
 2279 013a 012C     		cmp	r4, #1
 2280 013c 12D0     		beq	.L184
1310:../../Middlewares/stedgeai-lib/Npu/ll_aton/ll_aton_lib_sw_operators.c ****         }
 2281              		.loc 1 1310 51 discriminator 1 view .LVU688
 2282 013e 0135     		adds	r5, r5, #1
 2283              	.LVL242:
 2284              	.L176:
1310:../../Middlewares/stedgeai-lib/Npu/ll_aton/ll_aton_lib_sw_operators.c ****         }
 2285              		.loc 1 1310 51 discriminator 1 view .LVU689
 2286              	.LBE191:
1291:../../Middlewares/stedgeai-lib/Npu/ll_aton/ll_aton_lib_sw_operators.c ****     {
 2287              		.loc 1 1291 31 is_stmt 1 view .LVU690
 2288 0140 A8EB0008 		sub	r8, r8, r0
 2289              	.LVL243:
1291:../../Middlewares/stedgeai-lib/Npu/ll_aton/ll_aton_lib_sw_operators.c ****     {
 2290              		.loc 1 1291 19 discriminator 1 view .LVU691
 2291 0144 B8F1000F 		cmp	r8, #0
 2292 0148 D3DC     		bgt	.L178
 2293 014a B9E7     		b	.L160
 2294              	.LVL244:
 2295              	.L175:
 2296              	.LBB192:
1315:../../Middlewares/stedgeai-lib/Npu/ll_aton/ll_aton_lib_sw_operators.c ****         {
 2297              		.loc 1 1315 9 view .LVU692
1315:../../Middlewares/stedgeai-lib/Npu/ll_aton/ll_aton_lib_sw_operators.c ****         {
 2298              		.loc 1 1315 12 is_stmt 0 view .LVU693
 2299 014c 9B45     		cmp	fp, r3
 2300 014e 04DB     		blt	.L177
1317:../../Middlewares/stedgeai-lib/Npu/ll_aton/ll_aton_lib_sw_operators.c ****           src_idx = (n_elems > 1) ? (src_idx + 1) : 0;
 2301              		.loc 1 1317 11 is_stmt 1 view .LVU694
 2302              	.LVL245:
1318:../../Middlewares/stedgeai-lib/Npu/ll_aton/ll_aton_lib_sw_operators.c ****         }
 2303              		.loc 1 1318 11 view .LVU695
1318:../../Middlewares/stedgeai-lib/Npu/ll_aton/ll_aton_lib_sw_operators.c ****         }
 2304              		.loc 1 1318 51 is_stmt 0 view .LVU696
 2305 0150 012C     		cmp	r4, #1
 2306 0152 09D0     		beq	.L185
1317:../../Middlewares/stedgeai-lib/Npu/ll_aton/ll_aton_lib_sw_operators.c ****           src_idx = (n_elems > 1) ? (src_idx + 1) : 0;
 2307              		.loc 1 1317 19 view .LVU697
 2308 0154 0126     		movs	r6, #1
ARM GAS  /tmp/ccBdscOF.s 			page 97


1318:../../Middlewares/stedgeai-lib/Npu/ll_aton/ll_aton_lib_sw_operators.c ****         }
 2309              		.loc 1 1318 51 discriminator 1 view .LVU698
 2310 0156 0135     		adds	r5, r5, #1
 2311              	.LVL246:
1318:../../Middlewares/stedgeai-lib/Npu/ll_aton/ll_aton_lib_sw_operators.c ****         }
 2312              		.loc 1 1318 51 discriminator 1 view .LVU699
 2313 0158 F2E7     		b	.L176
 2314              	.LVL247:
 2315              	.L177:
1322:../../Middlewares/stedgeai-lib/Npu/ll_aton/ll_aton_lib_sw_operators.c ****         }
 2316              		.loc 1 1322 11 is_stmt 1 view .LVU700
1322:../../Middlewares/stedgeai-lib/Npu/ll_aton/ll_aton_lib_sw_operators.c ****         }
 2317              		.loc 1 1322 51 is_stmt 0 discriminator 1 view .LVU701
 2318 015a 013D     		subs	r5, r5, #1
 2319              	.LVL248:
1322:../../Middlewares/stedgeai-lib/Npu/ll_aton/ll_aton_lib_sw_operators.c ****         }
 2320              		.loc 1 1322 51 discriminator 1 view .LVU702
 2321 015c F0E7     		b	.L176
 2322              	.LVL249:
 2323              	.L183:
1306:../../Middlewares/stedgeai-lib/Npu/ll_aton/ll_aton_lib_sw_operators.c ****         }
 2324              		.loc 1 1306 19 discriminator 4 view .LVU703
 2325 015e 4D46     		mov	r5, r9
 2326              	.LVL250:
1305:../../Middlewares/stedgeai-lib/Npu/ll_aton/ll_aton_lib_sw_operators.c ****           src_idx = (n_elems > 1) ? -1 : 0;
 2327              		.loc 1 1305 19 view .LVU704
 2328 0160 0026     		movs	r6, #0
 2329              	.LVL251:
1305:../../Middlewares/stedgeai-lib/Npu/ll_aton/ll_aton_lib_sw_operators.c ****           src_idx = (n_elems > 1) ? -1 : 0;
 2330              		.loc 1 1305 19 view .LVU705
 2331 0162 EDE7     		b	.L176
 2332              	.LVL252:
 2333              	.L184:
1310:../../Middlewares/stedgeai-lib/Npu/ll_aton/ll_aton_lib_sw_operators.c ****         }
 2334              		.loc 1 1310 51 discriminator 2 view .LVU706
 2335 0164 0025     		movs	r5, #0
 2336              	.LVL253:
1310:../../Middlewares/stedgeai-lib/Npu/ll_aton/ll_aton_lib_sw_operators.c ****         }
 2337              		.loc 1 1310 51 discriminator 2 view .LVU707
 2338 0166 EBE7     		b	.L176
 2339              	.LVL254:
 2340              	.L185:
1310:../../Middlewares/stedgeai-lib/Npu/ll_aton/ll_aton_lib_sw_operators.c ****         }
 2341              		.loc 1 1310 51 discriminator 2 view .LVU708
 2342 0168 3546     		mov	r5, r6
 2343              	.LVL255:
1310:../../Middlewares/stedgeai-lib/Npu/ll_aton/ll_aton_lib_sw_operators.c ****         }
 2344              		.loc 1 1310 51 discriminator 2 view .LVU709
 2345 016a 2646     		mov	r6, r4
 2346 016c E8E7     		b	.L176
 2347              	.L197:
 2348 016e 00BF     		.align	2
 2349              	.L196:
 2350 0170 00000000 		.word	.LC18
 2351 0174 00000000 		.word	__func__.3
 2352 0178 2D000000 		.word	.LC1
 2353 017c 0C000000 		.word	.LC19
ARM GAS  /tmp/ccBdscOF.s 			page 98


 2354 0180 28000000 		.word	.LC20
 2355 0184 44000000 		.word	.LC21
 2356 0188 53000000 		.word	.LC22
 2357 018c 65000000 		.word	.LC23
 2358 0190 72000000 		.word	.LC24
 2359 0194 85000000 		.word	.LC25
 2360 0198 9A000000 		.word	.LC26
 2361              	.LBE192:
 2362              	.LBE193:
 2363              		.cfi_endproc
 2364              	.LFE381:
 2366              		.section	.rodata.__ll_aton_lib_pad_reflect_sw.str1.1,"aMS",%progbits,1
 2367              	.LC27:
 2368 0000 636F6D6D 		.ascii	"common_params->pad_in_offsets_start[curr_axis] >= 0"
 2368      6F6E5F70 
 2368      6172616D 
 2368      732D3E70 
 2368      61645F69 
 2369 0033 00       		.ascii	"\000"
 2370              	.LC28:
 2371 0034 7061645F 		.ascii	"pad_end >= 0\000"
 2371      656E6420 
 2371      3E3D2030 
 2371      00
 2372              	.LC29:
 2373 0041 6473745F 		.ascii	"dst_ptr >= curr_out_ptr\000"
 2373      70747220 
 2373      3E3D2063 
 2373      7572725F 
 2373      6F75745F 
 2374              	.LC30:
 2375 0059 6473745F 		.ascii	"dst_ptr < (dst_ptr + common_params->pad_out_offsets"
 2375      70747220 
 2375      3C202864 
 2375      73745F70 
 2375      7472202B 
 2376 008c 5F656E64 		.ascii	"_end[curr_axis])\000"
 2376      5B637572 
 2376      725F6178 
 2376      69735D29 
 2376      00
 2377              	.LC31:
 2378 009d 636F6D6D 		.ascii	"common_params->pad_in_offsets_end[curr_axis] >= 0\000"
 2378      6F6E5F70 
 2378      6172616D 
 2378      732D3E70 
 2378      61645F69 
 2379              		.section	.text.__ll_aton_lib_pad_reflect_sw,"ax",%progbits
 2380              		.align	1
 2381              		.syntax unified
 2382              		.thumb
 2383              		.thumb_func
 2385              	__ll_aton_lib_pad_reflect_sw:
 2386              	.LVL256:
 2387              	.LFB364:
1407:../../Middlewares/stedgeai-lib/Npu/ll_aton/ll_aton_lib_sw_operators.c ****   LL_ATON_ASSERT(curr_axis <= (common_params->tensor_rank - 1));
 2388              		.loc 1 1407 1 is_stmt 1 view -0
ARM GAS  /tmp/ccBdscOF.s 			page 99


 2389              		.cfi_startproc
 2390              		@ args = 0, pretend = 0, frame = 24
 2391              		@ frame_needed = 0, uses_anonymous_args = 0
1408:../../Middlewares/stedgeai-lib/Npu/ll_aton/ll_aton_lib_sw_operators.c ****   LL_ATON_ASSERT(common_params->pad_in_offsets_start[curr_axis] >= 0);
 2392              		.loc 1 1408 3 view .LVU711
1407:../../Middlewares/stedgeai-lib/Npu/ll_aton/ll_aton_lib_sw_operators.c ****   LL_ATON_ASSERT(curr_axis <= (common_params->tensor_rank - 1));
 2393              		.loc 1 1407 1 is_stmt 0 view .LVU712
 2394 0000 2DE9F04F 		push	{r4, r5, r6, r7, r8, r9, r10, fp, lr}
 2395              		.cfi_def_cfa_offset 36
 2396              		.cfi_offset 4, -36
 2397              		.cfi_offset 5, -32
 2398              		.cfi_offset 6, -28
 2399              		.cfi_offset 7, -24
 2400              		.cfi_offset 8, -20
 2401              		.cfi_offset 9, -16
 2402              		.cfi_offset 10, -12
 2403              		.cfi_offset 11, -8
 2404              		.cfi_offset 14, -4
 2405 0004 0C46     		mov	r4, r1
1408:../../Middlewares/stedgeai-lib/Npu/ll_aton/ll_aton_lib_sw_operators.c ****   LL_ATON_ASSERT(common_params->pad_in_offsets_start[curr_axis] >= 0);
 2406              		.loc 1 1408 3 view .LVU713
 2407 0006 C96A     		ldr	r1, [r1, #44]
 2408              	.LVL257:
1407:../../Middlewares/stedgeai-lib/Npu/ll_aton/ll_aton_lib_sw_operators.c ****   LL_ATON_ASSERT(curr_axis <= (common_params->tensor_rank - 1));
 2409              		.loc 1 1407 1 view .LVU714
 2410 0008 0546     		mov	r5, r0
1408:../../Middlewares/stedgeai-lib/Npu/ll_aton/ll_aton_lib_sw_operators.c ****   LL_ATON_ASSERT(common_params->pad_in_offsets_start[curr_axis] >= 0);
 2411              		.loc 1 1408 3 view .LVU715
 2412 000a 0139     		subs	r1, r1, #1
 2413 000c 8142     		cmp	r1, r0
1407:../../Middlewares/stedgeai-lib/Npu/ll_aton/ll_aton_lib_sw_operators.c ****   LL_ATON_ASSERT(curr_axis <= (common_params->tensor_rank - 1));
 2414              		.loc 1 1407 1 view .LVU716
 2415 000e 1746     		mov	r7, r2
 2416 0010 89B0     		sub	sp, sp, #36
 2417              		.cfi_def_cfa_offset 72
1408:../../Middlewares/stedgeai-lib/Npu/ll_aton/ll_aton_lib_sw_operators.c ****   LL_ATON_ASSERT(common_params->pad_in_offsets_start[curr_axis] >= 0);
 2418              		.loc 1 1408 3 view .LVU717
 2419 0012 06D2     		bcs	.L199
1408:../../Middlewares/stedgeai-lib/Npu/ll_aton/ll_aton_lib_sw_operators.c ****   LL_ATON_ASSERT(common_params->pad_in_offsets_start[curr_axis] >= 0);
 2420              		.loc 1 1408 3 discriminator 1 view .LVU718
 2421 0014 4FF4B061 		mov	r1, #1408
 2422 0018 B34B     		ldr	r3, .L243
 2423 001a B44A     		ldr	r2, .L243+4
 2424              	.LVL258:
 2425              	.L242:
1409:../../Middlewares/stedgeai-lib/Npu/ll_aton/ll_aton_lib_sw_operators.c **** 
 2426              		.loc 1 1409 3 discriminator 1 view .LVU719
 2427 001c B448     		ldr	r0, .L243+8
 2428 001e FFF7FEFF 		bl	__assert_func
 2429              	.LVL259:
 2430              	.L199:
1409:../../Middlewares/stedgeai-lib/Npu/ll_aton/ll_aton_lib_sw_operators.c **** 
 2431              		.loc 1 1409 3 is_stmt 1 view .LVU720
 2432 0022 8300     		lsls	r3, r0, #2
 2433 0024 0393     		str	r3, [sp, #12]
 2434 0026 D4F8A430 		ldr	r3, [r4, #164]
 2435 002a 53F82030 		ldr	r3, [r3, r0, lsl #2]
ARM GAS  /tmp/ccBdscOF.s 			page 100


 2436 002e 002B     		cmp	r3, #0
 2437 0030 04DA     		bge	.L200
1409:../../Middlewares/stedgeai-lib/Npu/ll_aton/ll_aton_lib_sw_operators.c **** 
 2438              		.loc 1 1409 3 is_stmt 0 discriminator 1 view .LVU721
 2439 0032 40F28151 		movw	r1, #1409
 2440 0036 AF4B     		ldr	r3, .L243+12
 2441 0038 AC4A     		ldr	r2, .L243+4
 2442              	.LVL260:
1409:../../Middlewares/stedgeai-lib/Npu/ll_aton/ll_aton_lib_sw_operators.c **** 
 2443              		.loc 1 1409 3 discriminator 1 view .LVU722
 2444 003a EFE7     		b	.L242
 2445              	.LVL261:
 2446              	.L200:
1411:../../Middlewares/stedgeai-lib/Npu/ll_aton/ll_aton_lib_sw_operators.c **** 
 2447              		.loc 1 1411 3 is_stmt 1 view .LVU723
1413:../../Middlewares/stedgeai-lib/Npu/ll_aton/ll_aton_lib_sw_operators.c ****   {
 2448              		.loc 1 1413 43 is_stmt 0 view .LVU724
 2449 003c D4F8AC30 		ldr	r3, [r4, #172]
1411:../../Middlewares/stedgeai-lib/Npu/ll_aton/ll_aton_lib_sw_operators.c **** 
 2450              		.loc 1 1411 11 view .LVU725
 2451 0040 D4F80C90 		ldr	r9, [r4, #12]
 2452              	.LVL262:
1413:../../Middlewares/stedgeai-lib/Npu/ll_aton/ll_aton_lib_sw_operators.c ****   {
 2453              		.loc 1 1413 3 is_stmt 1 view .LVU726
1413:../../Middlewares/stedgeai-lib/Npu/ll_aton/ll_aton_lib_sw_operators.c ****   {
 2454              		.loc 1 1413 43 is_stmt 0 view .LVU727
 2455 0044 53F82020 		ldr	r2, [r3, r0, lsl #2]
 2456              	.LVL263:
1413:../../Middlewares/stedgeai-lib/Npu/ll_aton/ll_aton_lib_sw_operators.c ****   {
 2457              		.loc 1 1413 6 view .LVU728
 2458 0048 002A     		cmp	r2, #0
 2459 004a 40F36B81 		ble	.L201
 2460              	.LBB194:
1423:../../Middlewares/stedgeai-lib/Npu/ll_aton/ll_aton_lib_sw_operators.c ****                                              common_params->pad_out_offsets_start[curr_axis], true)
 2461              		.loc 1 1423 70 view .LVU729
 2462 004e D4F8A030 		ldr	r3, [r4, #160]
 2463              	.LBE194:
1418:../../Middlewares/stedgeai-lib/Npu/ll_aton/ll_aton_lib_sw_operators.c ****   {
 2464              		.loc 1 1418 6 view .LVU730
 2465 0052 A942     		cmp	r1, r5
 2466              	.LBB195:
1423:../../Middlewares/stedgeai-lib/Npu/ll_aton/ll_aton_lib_sw_operators.c ****                                              common_params->pad_out_offsets_start[curr_axis], true)
 2467              		.loc 1 1423 70 view .LVU731
 2468 0054 53F82030 		ldr	r3, [r3, r0, lsl #2]
 2469              	.LBE195:
1415:../../Middlewares/stedgeai-lib/Npu/ll_aton/ll_aton_lib_sw_operators.c ****   }
 2470              		.loc 1 1415 5 is_stmt 1 view .LVU732
1415:../../Middlewares/stedgeai-lib/Npu/ll_aton/ll_aton_lib_sw_operators.c ****   }
 2471              		.loc 1 1415 31 is_stmt 0 view .LVU733
 2472 0058 09EB0200 		add	r0, r9, r2
 2473              	.LVL264:
1415:../../Middlewares/stedgeai-lib/Npu/ll_aton/ll_aton_lib_sw_operators.c ****   }
 2474              		.loc 1 1415 31 view .LVU734
 2475 005c E060     		str	r0, [r4, #12]
1418:../../Middlewares/stedgeai-lib/Npu/ll_aton/ll_aton_lib_sw_operators.c ****   {
 2476              		.loc 1 1418 3 is_stmt 1 view .LVU735
1418:../../Middlewares/stedgeai-lib/Npu/ll_aton/ll_aton_lib_sw_operators.c ****   {
ARM GAS  /tmp/ccBdscOF.s 			page 101


 2477              		.loc 1 1418 6 is_stmt 0 view .LVU736
 2478 005e 23D0     		beq	.L202
 2479              	.L231:
 2480              	.LBB196:
1453:../../Middlewares/stedgeai-lib/Npu/ll_aton/ll_aton_lib_sw_operators.c ****     {
 2481              		.loc 1 1453 14 view .LVU737
 2482 0060 0026     		movs	r6, #0
1455:../../Middlewares/stedgeai-lib/Npu/ll_aton/ll_aton_lib_sw_operators.c ****     }
 2483              		.loc 1 1455 46 view .LVU738
 2484 0062 05F10108 		add	r8, r5, #1
 2485              	.L203:
 2486              	.LVL265:
1453:../../Middlewares/stedgeai-lib/Npu/ll_aton/ll_aton_lib_sw_operators.c ****     {
 2487              		.loc 1 1453 23 is_stmt 1 discriminator 1 view .LVU739
1453:../../Middlewares/stedgeai-lib/Npu/ll_aton/ll_aton_lib_sw_operators.c ****     {
 2488              		.loc 1 1453 49 is_stmt 0 discriminator 1 view .LVU740
 2489 0066 D4F8A030 		ldr	r3, [r4, #160]
1453:../../Middlewares/stedgeai-lib/Npu/ll_aton/ll_aton_lib_sw_operators.c ****     {
 2490              		.loc 1 1453 23 discriminator 1 view .LVU741
 2491 006a 039A     		ldr	r2, [sp, #12]
 2492 006c 9B58     		ldr	r3, [r3, r2]
 2493 006e B342     		cmp	r3, r6
 2494 0070 50D8     		bhi	.L208
 2495              	.LBE196:
1458:../../Middlewares/stedgeai-lib/Npu/ll_aton/ll_aton_lib_sw_operators.c ****     {
 2496              		.loc 1 1458 5 is_stmt 1 view .LVU742
1458:../../Middlewares/stedgeai-lib/Npu/ll_aton/ll_aton_lib_sw_operators.c ****     {
 2497              		.loc 1 1458 45 is_stmt 0 view .LVU743
 2498 0072 D4F8AC30 		ldr	r3, [r4, #172]
 2499 0076 53F825A0 		ldr	r10, [r3, r5, lsl #2]
1458:../../Middlewares/stedgeai-lib/Npu/ll_aton/ll_aton_lib_sw_operators.c ****     {
 2500              		.loc 1 1458 8 view .LVU744
 2501 007a BAF1000F 		cmp	r10, #0
 2502 007e 32DD     		ble	.L209
 2503              	.LBB197:
1460:../../Middlewares/stedgeai-lib/Npu/ll_aton/ll_aton_lib_sw_operators.c ****                           common_params->out_offsets[curr_axis]; // i.e.: pads_start[curr_axis];
 2504              		.loc 1 1460 7 is_stmt 1 view .LVU745
1461:../../Middlewares/stedgeai-lib/Npu/ll_aton/ll_aton_lib_sw_operators.c ****       int32_t pad_end = common_params->pad_out_offsets_end[curr_axis] /
 2505              		.loc 1 1461 53 is_stmt 0 view .LVU746
 2506 0080 D4F8B830 		ldr	r3, [r4, #184]
 2507 0084 53F82520 		ldr	r2, [r3, r5, lsl #2]
1460:../../Middlewares/stedgeai-lib/Npu/ll_aton/ll_aton_lib_sw_operators.c ****                           common_params->out_offsets[curr_axis]; // i.e.: pads_start[curr_axis];
 2508              		.loc 1 1460 15 view .LVU747
 2509 0088 9AFBF2F3 		sdiv	r3, r10, r2
 2510 008c 0493     		str	r3, [sp, #16]
 2511              	.LVL266:
1462:../../Middlewares/stedgeai-lib/Npu/ll_aton/ll_aton_lib_sw_operators.c ****                         common_params->out_offsets[curr_axis]; // i.e.: pads_end[curr_axis];
 2512              		.loc 1 1462 7 is_stmt 1 view .LVU748
1462:../../Middlewares/stedgeai-lib/Npu/ll_aton/ll_aton_lib_sw_operators.c ****                         common_params->out_offsets[curr_axis]; // i.e.: pads_end[curr_axis];
 2513              		.loc 1 1462 59 is_stmt 0 view .LVU749
 2514 008e D4F8B030 		ldr	r3, [r4, #176]
 2515              	.LVL267:
1462:../../Middlewares/stedgeai-lib/Npu/ll_aton/ll_aton_lib_sw_operators.c ****                         common_params->out_offsets[curr_axis]; // i.e.: pads_end[curr_axis];
 2516              		.loc 1 1462 15 view .LVU750
 2517 0092 53F82530 		ldr	r3, [r3, r5, lsl #2]
 2518 0096 93FBF2F3 		sdiv	r3, r3, r2
 2519              	.LVL268:
ARM GAS  /tmp/ccBdscOF.s 			page 102


1465:../../Middlewares/stedgeai-lib/Npu/ll_aton/ll_aton_lib_sw_operators.c **** 
 2520              		.loc 1 1465 7 is_stmt 1 view .LVU751
 2521 009a 002B     		cmp	r3, #0
 2522 009c 41DA     		bge	.L210
1465:../../Middlewares/stedgeai-lib/Npu/ll_aton/ll_aton_lib_sw_operators.c **** 
 2523              		.loc 1 1465 7 is_stmt 0 discriminator 1 view .LVU752
 2524 009e 40F2B951 		movw	r1, #1465
 2525 00a2 954B     		ldr	r3, .L243+16
 2526              	.LVL269:
1465:../../Middlewares/stedgeai-lib/Npu/ll_aton/ll_aton_lib_sw_operators.c **** 
 2527              		.loc 1 1465 7 discriminator 1 view .LVU753
 2528 00a4 914A     		ldr	r2, .L243+4
 2529              	.LVL270:
1465:../../Middlewares/stedgeai-lib/Npu/ll_aton/ll_aton_lib_sw_operators.c **** 
 2530              		.loc 1 1465 7 discriminator 1 view .LVU754
 2531 00a6 B9E7     		b	.L242
 2532              	.LVL271:
 2533              	.L202:
1465:../../Middlewares/stedgeai-lib/Npu/ll_aton/ll_aton_lib_sw_operators.c **** 
 2534              		.loc 1 1465 7 discriminator 1 view .LVU755
 2535              	.LBE197:
 2536              	.LBB201:
1422:../../Middlewares/stedgeai-lib/Npu/ll_aton/ll_aton_lib_sw_operators.c ****                                              common_params->min_shape[curr_axis],
 2537              		.loc 1 1422 7 is_stmt 1 view .LVU756
 2538 00a8 0121     		movs	r1, #1
 2539 00aa CDE90021 		strd	r2, r1, [sp]
 2540 00ae 4946     		mov	r1, r9
 2541 00b0 2268     		ldr	r2, [r4]
 2542 00b2 94F82000 		ldrb	r0, [r4, #32]	@ zero_extendqisi2
 2543 00b6 FFF7FEFF 		bl	__ll_aton_lib_reflect_inner_framing_sw.isra.0
 2544              	.LVL272:
 2545              	.L230:
1427:../../Middlewares/stedgeai-lib/Npu/ll_aton/ll_aton_lib_sw_operators.c **** 
 2546              		.loc 1 1427 5 view .LVU757
1427:../../Middlewares/stedgeai-lib/Npu/ll_aton/ll_aton_lib_sw_operators.c **** 
 2547              		.loc 1 1427 53 is_stmt 0 view .LVU758
 2548 00ba D4F8A030 		ldr	r3, [r4, #160]
1427:../../Middlewares/stedgeai-lib/Npu/ll_aton/ll_aton_lib_sw_operators.c **** 
 2549              		.loc 1 1427 80 view .LVU759
 2550 00be 94F82060 		ldrb	r6, [r4, #32]	@ zero_extendqisi2
1427:../../Middlewares/stedgeai-lib/Npu/ll_aton/ll_aton_lib_sw_operators.c **** 
 2551              		.loc 1 1427 65 view .LVU760
 2552 00c2 53F82530 		ldr	r3, [r3, r5, lsl #2]
 2553 00c6 5E43     		muls	r6, r3, r6
 2554              	.LVL273:
1429:../../Middlewares/stedgeai-lib/Npu/ll_aton/ll_aton_lib_sw_operators.c ****     {
 2555              		.loc 1 1429 5 is_stmt 1 view .LVU761
1429:../../Middlewares/stedgeai-lib/Npu/ll_aton/ll_aton_lib_sw_operators.c ****     {
 2556              		.loc 1 1429 8 is_stmt 0 view .LVU762
 2557 00c8 27B1     		cbz	r7, .L204
1436:../../Middlewares/stedgeai-lib/Npu/ll_aton/ll_aton_lib_sw_operators.c ****     }
 2558              		.loc 1 1436 7 is_stmt 1 view .LVU763
 2559 00ca 3246     		mov	r2, r6
 2560 00cc 2168     		ldr	r1, [r4]
 2561 00ce E068     		ldr	r0, [r4, #12]
 2562 00d0 FFF7FEFF 		bl	memcpy
 2563              	.LVL274:
ARM GAS  /tmp/ccBdscOF.s 			page 103


 2564              	.L204:
1439:../../Middlewares/stedgeai-lib/Npu/ll_aton/ll_aton_lib_sw_operators.c ****     common_params->out_target += filling_bytes;
 2565              		.loc 1 1439 5 view .LVU764
1439:../../Middlewares/stedgeai-lib/Npu/ll_aton/ll_aton_lib_sw_operators.c ****     common_params->out_target += filling_bytes;
 2566              		.loc 1 1439 30 is_stmt 0 view .LVU765
 2567 00d4 2368     		ldr	r3, [r4]
1449:../../Middlewares/stedgeai-lib/Npu/ll_aton/ll_aton_lib_sw_operators.c ****   }
 2568              		.loc 1 1449 5 view .LVU766
 2569 00d6 226B     		ldr	r2, [r4, #48]
1439:../../Middlewares/stedgeai-lib/Npu/ll_aton/ll_aton_lib_sw_operators.c ****     common_params->out_target += filling_bytes;
 2570              		.loc 1 1439 30 view .LVU767
 2571 00d8 3344     		add	r3, r3, r6
 2572 00da 2360     		str	r3, [r4]
1440:../../Middlewares/stedgeai-lib/Npu/ll_aton/ll_aton_lib_sw_operators.c **** 
 2573              		.loc 1 1440 5 is_stmt 1 view .LVU768
1440:../../Middlewares/stedgeai-lib/Npu/ll_aton/ll_aton_lib_sw_operators.c **** 
 2574              		.loc 1 1440 31 is_stmt 0 view .LVU769
 2575 00dc E368     		ldr	r3, [r4, #12]
 2576 00de 3344     		add	r3, r3, r6
1449:../../Middlewares/stedgeai-lib/Npu/ll_aton/ll_aton_lib_sw_operators.c ****   }
 2577              		.loc 1 1449 5 view .LVU770
 2578 00e0 9342     		cmp	r3, r2
1440:../../Middlewares/stedgeai-lib/Npu/ll_aton/ll_aton_lib_sw_operators.c **** 
 2579              		.loc 1 1440 31 view .LVU771
 2580 00e2 E360     		str	r3, [r4, #12]
1449:../../Middlewares/stedgeai-lib/Npu/ll_aton/ll_aton_lib_sw_operators.c ****   }
 2581              		.loc 1 1449 5 is_stmt 1 view .LVU772
 2582 00e4 11D8     		bhi	.L205
 2583              	.LVL275:
 2584              	.L209:
1449:../../Middlewares/stedgeai-lib/Npu/ll_aton/ll_aton_lib_sw_operators.c ****   }
 2585              		.loc 1 1449 5 is_stmt 0 view .LVU773
 2586              	.LBE201:
1523:../../Middlewares/stedgeai-lib/Npu/ll_aton/ll_aton_lib_sw_operators.c ****   {
 2587              		.loc 1 1523 3 is_stmt 1 view .LVU774
1523:../../Middlewares/stedgeai-lib/Npu/ll_aton/ll_aton_lib_sw_operators.c ****   {
 2588              		.loc 1 1523 41 is_stmt 0 view .LVU775
 2589 00e6 D4F8B030 		ldr	r3, [r4, #176]
 2590 00ea 53F82530 		ldr	r3, [r3, r5, lsl #2]
1523:../../Middlewares/stedgeai-lib/Npu/ll_aton/ll_aton_lib_sw_operators.c ****   {
 2591              		.loc 1 1523 6 view .LVU776
 2592 00ee 002B     		cmp	r3, #0
 2593 00f0 6EDC     		bgt	.L206
 2594              	.LVL276:
 2595              	.L207:
1606:../../Middlewares/stedgeai-lib/Npu/ll_aton/ll_aton_lib_sw_operators.c **** }
 2596              		.loc 1 1606 3 is_stmt 1 view .LVU777
 2597 00f2 D4F8A830 		ldr	r3, [r4, #168]
 2598 00f6 53F82530 		ldr	r3, [r3, r5, lsl #2]
 2599 00fa 002B     		cmp	r3, #0
 2600 00fc 80F21681 		bge	.L198
1606:../../Middlewares/stedgeai-lib/Npu/ll_aton/ll_aton_lib_sw_operators.c **** }
 2601              		.loc 1 1606 3 is_stmt 0 discriminator 1 view .LVU778
 2602 0100 40F24661 		movw	r1, #1606
 2603 0104 7D4B     		ldr	r3, .L243+20
 2604 0106 794A     		ldr	r2, .L243+4
 2605 0108 88E7     		b	.L242
ARM GAS  /tmp/ccBdscOF.s 			page 104


 2606              	.LVL277:
 2607              	.L205:
 2608              	.LBB202:
1449:../../Middlewares/stedgeai-lib/Npu/ll_aton/ll_aton_lib_sw_operators.c ****   }
 2609              		.loc 1 1449 5 discriminator 1 view .LVU779
 2610 010a 40F2A951 		movw	r1, #1449
 2611 010e 7C4B     		ldr	r3, .L243+24
 2612 0110 764A     		ldr	r2, .L243+4
 2613 0112 83E7     		b	.L242
 2614              	.LVL278:
 2615              	.L208:
1449:../../Middlewares/stedgeai-lib/Npu/ll_aton/ll_aton_lib_sw_operators.c ****   }
 2616              		.loc 1 1449 5 discriminator 1 view .LVU780
 2617              	.LBE202:
 2618              	.LBB203:
1455:../../Middlewares/stedgeai-lib/Npu/ll_aton/ll_aton_lib_sw_operators.c ****     }
 2619              		.loc 1 1455 7 is_stmt 1 view .LVU781
 2620 0114 3A46     		mov	r2, r7
 2621 0116 2146     		mov	r1, r4
 2622 0118 4046     		mov	r0, r8
 2623 011a FFF771FF 		bl	__ll_aton_lib_pad_reflect_sw
 2624              	.LVL279:
1453:../../Middlewares/stedgeai-lib/Npu/ll_aton/ll_aton_lib_sw_operators.c ****     {
 2625              		.loc 1 1453 63 discriminator 3 view .LVU782
 2626 011e 0136     		adds	r6, r6, #1
 2627              	.LVL280:
1453:../../Middlewares/stedgeai-lib/Npu/ll_aton/ll_aton_lib_sw_operators.c ****     {
 2628              		.loc 1 1453 63 is_stmt 0 discriminator 3 view .LVU783
 2629 0120 A1E7     		b	.L203
 2630              	.LVL281:
 2631              	.L210:
1453:../../Middlewares/stedgeai-lib/Npu/ll_aton/ll_aton_lib_sw_operators.c ****     {
 2632              		.loc 1 1453 63 discriminator 3 view .LVU784
 2633              	.LBE203:
 2634              	.LBB204:
1467:../../Middlewares/stedgeai-lib/Npu/ll_aton/ll_aton_lib_sw_operators.c ****       int32_t n_elems = common_params->out_shape[curr_axis] - pad_start - pad_end;
 2635              		.loc 1 1467 7 is_stmt 1 view .LVU785
1468:../../Middlewares/stedgeai-lib/Npu/ll_aton/ll_aton_lib_sw_operators.c ****       int32_t padding_bytes = common_params->out_offsets[curr_axis];
 2636              		.loc 1 1468 7 view .LVU786
1468:../../Middlewares/stedgeai-lib/Npu/ll_aton/ll_aton_lib_sw_operators.c ****       int32_t padding_bytes = common_params->out_offsets[curr_axis];
 2637              		.loc 1 1468 49 is_stmt 0 view .LVU787
 2638 0122 D4F8B410 		ldr	r1, [r4, #180]
 2639              	.LBB198:
1477:../../Middlewares/stedgeai-lib/Npu/ll_aton/ll_aton_lib_sw_operators.c ****       {
 2640              		.loc 1 1477 16 view .LVU788
 2641 0126 4FF0000B 		mov	fp, #0
 2642              	.LBE198:
1468:../../Middlewares/stedgeai-lib/Npu/ll_aton/ll_aton_lib_sw_operators.c ****       int32_t padding_bytes = common_params->out_offsets[curr_axis];
 2643              		.loc 1 1468 61 view .LVU789
 2644 012a 51F82570 		ldr	r7, [r1, r5, lsl #2]
 2645 012e 9AFBF2F1 		sdiv	r1, r10, r2
 2646 0132 7F1A     		subs	r7, r7, r1
1468:../../Middlewares/stedgeai-lib/Npu/ll_aton/ll_aton_lib_sw_operators.c ****       int32_t padding_bytes = common_params->out_offsets[curr_axis];
 2647              		.loc 1 1468 15 view .LVU790
 2648 0134 FF1A     		subs	r7, r7, r3
 2649              	.LVL282:
1469:../../Middlewares/stedgeai-lib/Npu/ll_aton/ll_aton_lib_sw_operators.c **** 
ARM GAS  /tmp/ccBdscOF.s 			page 105


 2650              		.loc 1 1469 7 is_stmt 1 view .LVU791
1471:../../Middlewares/stedgeai-lib/Npu/ll_aton/ll_aton_lib_sw_operators.c ****       int8_t *src_ptr = curr_out_ptr + common_params->pad_out_offsets_start[curr_axis];
 2651              		.loc 1 1471 7 view .LVU792
1474:../../Middlewares/stedgeai-lib/Npu/ll_aton/ll_aton_lib_sw_operators.c **** 
 2652              		.loc 1 1474 43 is_stmt 0 view .LVU793
 2653 0136 012F     		cmp	r7, #1
 2654 0138 D4BF     		ite	le
 2655 013a 0021     		movle	r1, #0
 2656 013c 0121     		movgt	r1, #1
1476:../../Middlewares/stedgeai-lib/Npu/ll_aton/ll_aton_lib_sw_operators.c ****       for (int i = 0; i < nr_loops; i++)
 2657              		.loc 1 1476 12 view .LVU794
 2658 013e 4FF00108 		mov	r8, #1
1474:../../Middlewares/stedgeai-lib/Npu/ll_aton/ll_aton_lib_sw_operators.c **** 
 2659              		.loc 1 1474 15 view .LVU795
 2660 0142 0E46     		mov	r6, r1
 2661              	.LVL283:
1471:../../Middlewares/stedgeai-lib/Npu/ll_aton/ll_aton_lib_sw_operators.c ****       int8_t *src_ptr = curr_out_ptr + common_params->pad_out_offsets_start[curr_axis];
 2662              		.loc 1 1471 88 view .LVU796
 2663 0144 AAEB0203 		sub	r3, r10, r2
 2664              	.LVL284:
1474:../../Middlewares/stedgeai-lib/Npu/ll_aton/ll_aton_lib_sw_operators.c **** 
 2665              		.loc 1 1474 43 view .LVU797
 2666 0148 0591     		str	r1, [sp, #20]
 2667              	.LBB199:
1497:../../Middlewares/stedgeai-lib/Npu/ll_aton/ll_aton_lib_sw_operators.c ****           {
 2668              		.loc 1 1497 35 view .LVU798
 2669 014a 791E     		subs	r1, r7, #1
 2670              	.LBE199:
1471:../../Middlewares/stedgeai-lib/Npu/ll_aton/ll_aton_lib_sw_operators.c ****       int8_t *src_ptr = curr_out_ptr + common_params->pad_out_offsets_start[curr_axis];
 2671              		.loc 1 1471 15 view .LVU799
 2672 014c 4B44     		add	r3, r3, r9
 2673              	.LVL285:
1472:../../Middlewares/stedgeai-lib/Npu/ll_aton/ll_aton_lib_sw_operators.c **** 
 2674              		.loc 1 1472 7 is_stmt 1 view .LVU800
1474:../../Middlewares/stedgeai-lib/Npu/ll_aton/ll_aton_lib_sw_operators.c **** 
 2675              		.loc 1 1474 7 view .LVU801
1476:../../Middlewares/stedgeai-lib/Npu/ll_aton/ll_aton_lib_sw_operators.c ****       for (int i = 0; i < nr_loops; i++)
 2676              		.loc 1 1476 7 view .LVU802
1477:../../Middlewares/stedgeai-lib/Npu/ll_aton/ll_aton_lib_sw_operators.c ****       {
 2677              		.loc 1 1477 7 view .LVU803
 2678              	.LBB200:
1477:../../Middlewares/stedgeai-lib/Npu/ll_aton/ll_aton_lib_sw_operators.c ****       {
 2679              		.loc 1 1477 12 view .LVU804
1497:../../Middlewares/stedgeai-lib/Npu/ll_aton/ll_aton_lib_sw_operators.c ****           {
 2680              		.loc 1 1497 35 is_stmt 0 view .LVU805
 2681 014e 0691     		str	r1, [sp, #24]
 2682              	.LVL286:
 2683              	.L211:
1477:../../Middlewares/stedgeai-lib/Npu/ll_aton/ll_aton_lib_sw_operators.c ****       {
 2684              		.loc 1 1477 25 is_stmt 1 discriminator 1 view .LVU806
 2685 0150 0499     		ldr	r1, [sp, #16]
 2686 0152 8B45     		cmp	fp, r1
 2687 0154 C7DA     		bge	.L209
1487:../../Middlewares/stedgeai-lib/Npu/ll_aton/ll_aton_lib_sw_operators.c ****         LL_ATON_ASSERT(src_idx < n_elems);
 2688              		.loc 1 1487 9 view .LVU807
 2689 0156 4B45     		cmp	r3, r9
 2690 0158 04D2     		bcs	.L212
ARM GAS  /tmp/ccBdscOF.s 			page 106


1487:../../Middlewares/stedgeai-lib/Npu/ll_aton/ll_aton_lib_sw_operators.c ****         LL_ATON_ASSERT(src_idx < n_elems);
 2691              		.loc 1 1487 9 is_stmt 0 discriminator 1 view .LVU808
 2692 015a 40F2CF51 		movw	r1, #1487
 2693 015e 694B     		ldr	r3, .L243+28
 2694              	.LVL287:
1487:../../Middlewares/stedgeai-lib/Npu/ll_aton/ll_aton_lib_sw_operators.c ****         LL_ATON_ASSERT(src_idx < n_elems);
 2695              		.loc 1 1487 9 discriminator 1 view .LVU809
 2696 0160 624A     		ldr	r2, .L243+4
 2697 0162 5BE7     		b	.L242
 2698              	.LVL288:
 2699              	.L212:
1488:../../Middlewares/stedgeai-lib/Npu/ll_aton/ll_aton_lib_sw_operators.c ****         LL_ATON_ASSERT(src_idx >= 0);
 2700              		.loc 1 1488 9 is_stmt 1 view .LVU810
 2701 0164 BE42     		cmp	r6, r7
 2702 0166 04DB     		blt	.L213
1488:../../Middlewares/stedgeai-lib/Npu/ll_aton/ll_aton_lib_sw_operators.c ****         LL_ATON_ASSERT(src_idx >= 0);
 2703              		.loc 1 1488 9 is_stmt 0 discriminator 1 view .LVU811
 2704 0168 4FF4BA61 		mov	r1, #1488
 2705 016c 664B     		ldr	r3, .L243+32
 2706              	.LVL289:
1488:../../Middlewares/stedgeai-lib/Npu/ll_aton/ll_aton_lib_sw_operators.c ****         LL_ATON_ASSERT(src_idx >= 0);
 2707              		.loc 1 1488 9 discriminator 1 view .LVU812
 2708 016e 5F4A     		ldr	r2, .L243+4
 2709 0170 54E7     		b	.L242
 2710              	.LVL290:
 2711              	.L213:
1489:../../Middlewares/stedgeai-lib/Npu/ll_aton/ll_aton_lib_sw_operators.c **** 
 2712              		.loc 1 1489 9 is_stmt 1 view .LVU813
 2713 0172 711C     		adds	r1, r6, #1
 2714 0174 04D1     		bne	.L214
1489:../../Middlewares/stedgeai-lib/Npu/ll_aton/ll_aton_lib_sw_operators.c **** 
 2715              		.loc 1 1489 9 is_stmt 0 discriminator 1 view .LVU814
 2716 0176 40F2D151 		movw	r1, #1489
 2717 017a 644B     		ldr	r3, .L243+36
 2718              	.LVL291:
1489:../../Middlewares/stedgeai-lib/Npu/ll_aton/ll_aton_lib_sw_operators.c **** 
 2719              		.loc 1 1489 9 discriminator 1 view .LVU815
 2720 017c 5B4A     		ldr	r2, .L243+4
 2721 017e 4DE7     		b	.L242
 2722              	.LVL292:
 2723              	.L214:
1491:../../Middlewares/stedgeai-lib/Npu/ll_aton/ll_aton_lib_sw_operators.c **** 
 2724              		.loc 1 1491 9 is_stmt 1 view .LVU816
1491:../../Middlewares/stedgeai-lib/Npu/ll_aton/ll_aton_lib_sw_operators.c **** 
 2725              		.loc 1 1491 33 is_stmt 0 view .LVU817
 2726 0180 06FB02A1 		mla	r1, r6, r2, r10
1491:../../Middlewares/stedgeai-lib/Npu/ll_aton/ll_aton_lib_sw_operators.c **** 
 2727              		.loc 1 1491 9 view .LVU818
 2728 0184 1846     		mov	r0, r3
 2729 0186 4944     		add	r1, r1, r9
 2730 0188 0792     		str	r2, [sp, #28]
 2731 018a FFF7FEFF 		bl	memcpy
 2732              	.LVL293:
1493:../../Middlewares/stedgeai-lib/Npu/ll_aton/ll_aton_lib_sw_operators.c **** 
 2733              		.loc 1 1493 9 is_stmt 1 view .LVU819
1493:../../Middlewares/stedgeai-lib/Npu/ll_aton/ll_aton_lib_sw_operators.c **** 
 2734              		.loc 1 1493 17 is_stmt 0 view .LVU820
ARM GAS  /tmp/ccBdscOF.s 			page 107


 2735 018e 079A     		ldr	r2, [sp, #28]
 2736 0190 831A     		subs	r3, r0, r2
 2737              	.LVL294:
1495:../../Middlewares/stedgeai-lib/Npu/ll_aton/ll_aton_lib_sw_operators.c ****         {
 2738              		.loc 1 1495 9 is_stmt 1 view .LVU821
1495:../../Middlewares/stedgeai-lib/Npu/ll_aton/ll_aton_lib_sw_operators.c ****         {
 2739              		.loc 1 1495 12 is_stmt 0 view .LVU822
 2740 0192 B8F1000F 		cmp	r8, #0
 2741 0196 0CD0     		beq	.L215
1497:../../Middlewares/stedgeai-lib/Npu/ll_aton/ll_aton_lib_sw_operators.c ****           {
 2742              		.loc 1 1497 11 is_stmt 1 view .LVU823
1497:../../Middlewares/stedgeai-lib/Npu/ll_aton/ll_aton_lib_sw_operators.c ****           {
 2743              		.loc 1 1497 14 is_stmt 0 view .LVU824
 2744 0198 0699     		ldr	r1, [sp, #24]
 2745 019a B142     		cmp	r1, r6
 2746 019c 07DC     		bgt	.L216
1499:../../Middlewares/stedgeai-lib/Npu/ll_aton/ll_aton_lib_sw_operators.c ****             src_idx = (n_elems > 1) ? (src_idx - 1) : 0;
 2747              		.loc 1 1499 13 is_stmt 1 view .LVU825
 2748              	.LVL295:
1500:../../Middlewares/stedgeai-lib/Npu/ll_aton/ll_aton_lib_sw_operators.c ****           }
 2749              		.loc 1 1500 13 view .LVU826
1500:../../Middlewares/stedgeai-lib/Npu/ll_aton/ll_aton_lib_sw_operators.c ****           }
 2750              		.loc 1 1500 53 is_stmt 0 view .LVU827
 2751 019e 012F     		cmp	r7, #1
 2752 01a0 0EDD     		ble	.L232
1499:../../Middlewares/stedgeai-lib/Npu/ll_aton/ll_aton_lib_sw_operators.c ****             src_idx = (n_elems > 1) ? (src_idx - 1) : 0;
 2753              		.loc 1 1499 21 view .LVU828
 2754 01a2 4FF00008 		mov	r8, #0
1500:../../Middlewares/stedgeai-lib/Npu/ll_aton/ll_aton_lib_sw_operators.c ****           }
 2755              		.loc 1 1500 53 discriminator 1 view .LVU829
 2756 01a6 013E     		subs	r6, r6, #1
 2757              	.LVL296:
 2758              	.L217:
1477:../../Middlewares/stedgeai-lib/Npu/ll_aton/ll_aton_lib_sw_operators.c ****       {
 2759              		.loc 1 1477 38 is_stmt 1 discriminator 2 view .LVU830
 2760 01a8 0BF1010B 		add	fp, fp, #1
 2761              	.LVL297:
1477:../../Middlewares/stedgeai-lib/Npu/ll_aton/ll_aton_lib_sw_operators.c ****       {
 2762              		.loc 1 1477 38 is_stmt 0 discriminator 2 view .LVU831
 2763 01ac D0E7     		b	.L211
 2764              	.LVL298:
 2765              	.L216:
1504:../../Middlewares/stedgeai-lib/Npu/ll_aton/ll_aton_lib_sw_operators.c ****           }
 2766              		.loc 1 1504 13 is_stmt 1 view .LVU832
1504:../../Middlewares/stedgeai-lib/Npu/ll_aton/ll_aton_lib_sw_operators.c ****           }
 2767              		.loc 1 1504 53 is_stmt 0 discriminator 1 view .LVU833
 2768 01ae 0136     		adds	r6, r6, #1
 2769              	.LVL299:
1504:../../Middlewares/stedgeai-lib/Npu/ll_aton/ll_aton_lib_sw_operators.c ****           }
 2770              		.loc 1 1504 53 discriminator 1 view .LVU834
 2771 01b0 FAE7     		b	.L217
 2772              	.L215:
1509:../../Middlewares/stedgeai-lib/Npu/ll_aton/ll_aton_lib_sw_operators.c ****           {
 2773              		.loc 1 1509 11 is_stmt 1 view .LVU835
1509:../../Middlewares/stedgeai-lib/Npu/ll_aton/ll_aton_lib_sw_operators.c ****           {
 2774              		.loc 1 1509 14 is_stmt 0 view .LVU836
 2775 01b2 4EB1     		cbz	r6, .L233
ARM GAS  /tmp/ccBdscOF.s 			page 108


1516:../../Middlewares/stedgeai-lib/Npu/ll_aton/ll_aton_lib_sw_operators.c ****           }
 2776              		.loc 1 1516 13 is_stmt 1 view .LVU837
1516:../../Middlewares/stedgeai-lib/Npu/ll_aton/ll_aton_lib_sw_operators.c ****           }
 2777              		.loc 1 1516 53 is_stmt 0 view .LVU838
 2778 01b4 012F     		cmp	r7, #1
1516:../../Middlewares/stedgeai-lib/Npu/ll_aton/ll_aton_lib_sw_operators.c ****           }
 2779              		.loc 1 1516 53 discriminator 1 view .LVU839
 2780 01b6 06F1FF36 		add	r6, r6, #-1
 2781              	.LVL300:
1516:../../Middlewares/stedgeai-lib/Npu/ll_aton/ll_aton_lib_sw_operators.c ****           }
 2782              		.loc 1 1516 53 discriminator 1 view .LVU840
 2783 01ba D8BF     		it	le
 2784 01bc 4646     		movle	r6, r8
 2785              	.LVL301:
1516:../../Middlewares/stedgeai-lib/Npu/ll_aton/ll_aton_lib_sw_operators.c ****           }
 2786              		.loc 1 1516 53 discriminator 1 view .LVU841
 2787 01be F3E7     		b	.L217
 2788              	.LVL302:
 2789              	.L232:
1516:../../Middlewares/stedgeai-lib/Npu/ll_aton/ll_aton_lib_sw_operators.c ****           }
 2790              		.loc 1 1516 53 discriminator 1 view .LVU842
 2791 01c0 4FF00008 		mov	r8, #0
1516:../../Middlewares/stedgeai-lib/Npu/ll_aton/ll_aton_lib_sw_operators.c ****           }
 2792              		.loc 1 1516 53 discriminator 2 view .LVU843
 2793 01c4 4646     		mov	r6, r8
 2794              	.LVL303:
1516:../../Middlewares/stedgeai-lib/Npu/ll_aton/ll_aton_lib_sw_operators.c ****           }
 2795              		.loc 1 1516 53 discriminator 2 view .LVU844
 2796 01c6 EFE7     		b	.L217
 2797              	.LVL304:
 2798              	.L233:
1511:../../Middlewares/stedgeai-lib/Npu/ll_aton/ll_aton_lib_sw_operators.c ****             src_idx = (n_elems > 1) ? 1 : 0;
 2799              		.loc 1 1511 21 view .LVU845
 2800 01c8 4FF00108 		mov	r8, #1
 2801              	.LVL305:
1512:../../Middlewares/stedgeai-lib/Npu/ll_aton/ll_aton_lib_sw_operators.c ****           }
 2802              		.loc 1 1512 21 view .LVU846
 2803 01cc 059E     		ldr	r6, [sp, #20]
 2804              	.LVL306:
1512:../../Middlewares/stedgeai-lib/Npu/ll_aton/ll_aton_lib_sw_operators.c ****           }
 2805              		.loc 1 1512 21 view .LVU847
 2806 01ce EBE7     		b	.L217
 2807              	.LVL307:
 2808              	.L206:
1512:../../Middlewares/stedgeai-lib/Npu/ll_aton/ll_aton_lib_sw_operators.c ****           }
 2809              		.loc 1 1512 21 view .LVU848
 2810              	.LBE200:
 2811              	.LBE204:
1525:../../Middlewares/stedgeai-lib/Npu/ll_aton/ll_aton_lib_sw_operators.c ****     {
 2812              		.loc 1 1525 5 is_stmt 1 view .LVU849
1525:../../Middlewares/stedgeai-lib/Npu/ll_aton/ll_aton_lib_sw_operators.c ****     {
 2813              		.loc 1 1525 50 is_stmt 0 view .LVU850
 2814 01d0 E26A     		ldr	r2, [r4, #44]
 2815              	.LBB205:
1527:../../Middlewares/stedgeai-lib/Npu/ll_aton/ll_aton_lib_sw_operators.c ****       __ll_aton_lib_reflect_inner_framing_sw(curr_axis, common_params->nbytes, common_params->out_t
 2816              		.loc 1 1527 38 view .LVU851
 2817 01d2 D4F80CA0 		ldr	r10, [r4, #12]
ARM GAS  /tmp/ccBdscOF.s 			page 109


 2818              	.LBE205:
1525:../../Middlewares/stedgeai-lib/Npu/ll_aton/ll_aton_lib_sw_operators.c ****     {
 2819              		.loc 1 1525 50 view .LVU852
 2820 01d6 013A     		subs	r2, r2, #1
1525:../../Middlewares/stedgeai-lib/Npu/ll_aton/ll_aton_lib_sw_operators.c ****     {
 2821              		.loc 1 1525 8 view .LVU853
 2822 01d8 AA42     		cmp	r2, r5
 2823 01da 1DD1     		bne	.L219
 2824              	.LBB206:
1527:../../Middlewares/stedgeai-lib/Npu/ll_aton/ll_aton_lib_sw_operators.c ****       __ll_aton_lib_reflect_inner_framing_sw(curr_axis, common_params->nbytes, common_params->out_t
 2825              		.loc 1 1527 7 is_stmt 1 view .LVU854
1528:../../Middlewares/stedgeai-lib/Npu/ll_aton/ll_aton_lib_sw_operators.c ****                                              common_params->min_shape[curr_axis],
 2826              		.loc 1 1528 7 is_stmt 0 view .LVU855
 2827 01dc 0021     		movs	r1, #0
1529:../../Middlewares/stedgeai-lib/Npu/ll_aton/ll_aton_lib_sw_operators.c ****                                              common_params->pad_out_offsets_end[curr_axis], false);
 2828              		.loc 1 1529 70 view .LVU856
 2829 01de D4F8A020 		ldr	r2, [r4, #160]
1527:../../Middlewares/stedgeai-lib/Npu/ll_aton/ll_aton_lib_sw_operators.c ****       __ll_aton_lib_reflect_inner_framing_sw(curr_axis, common_params->nbytes, common_params->out_t
 2830              		.loc 1 1527 66 view .LVU857
 2831 01e2 94F82000 		ldrb	r0, [r4, #32]	@ zero_extendqisi2
 2832              	.LVL308:
1528:../../Middlewares/stedgeai-lib/Npu/ll_aton/ll_aton_lib_sw_operators.c ****                                              common_params->min_shape[curr_axis],
 2833              		.loc 1 1528 7 is_stmt 1 view .LVU858
 2834 01e6 CDE90031 		strd	r3, r1, [sp]
 2835 01ea 5146     		mov	r1, r10
 2836 01ec 52F82530 		ldr	r3, [r2, r5, lsl #2]
 2837 01f0 AAEB0002 		sub	r2, r10, r0
 2838 01f4 FFF7FEFF 		bl	__ll_aton_lib_reflect_inner_framing_sw.isra.0
 2839              	.LVL309:
 2840              	.L220:
1528:../../Middlewares/stedgeai-lib/Npu/ll_aton/ll_aton_lib_sw_operators.c ****                                              common_params->min_shape[curr_axis],
 2841              		.loc 1 1528 7 is_stmt 0 view .LVU859
 2842              	.LBE206:
1594:../../Middlewares/stedgeai-lib/Npu/ll_aton/ll_aton_lib_sw_operators.c **** 
 2843              		.loc 1 1594 5 is_stmt 1 view .LVU860
1594:../../Middlewares/stedgeai-lib/Npu/ll_aton/ll_aton_lib_sw_operators.c **** 
 2844              		.loc 1 1594 68 is_stmt 0 view .LVU861
 2845 01f8 D4F8B020 		ldr	r2, [r4, #176]
1594:../../Middlewares/stedgeai-lib/Npu/ll_aton/ll_aton_lib_sw_operators.c **** 
 2846              		.loc 1 1594 31 view .LVU862
 2847 01fc E368     		ldr	r3, [r4, #12]
 2848 01fe 52F82520 		ldr	r2, [r2, r5, lsl #2]
 2849 0202 1344     		add	r3, r3, r2
1603:../../Middlewares/stedgeai-lib/Npu/ll_aton/ll_aton_lib_sw_operators.c ****   }
 2850              		.loc 1 1603 5 view .LVU863
 2851 0204 226B     		ldr	r2, [r4, #48]
1594:../../Middlewares/stedgeai-lib/Npu/ll_aton/ll_aton_lib_sw_operators.c **** 
 2852              		.loc 1 1594 31 view .LVU864
 2853 0206 E360     		str	r3, [r4, #12]
1603:../../Middlewares/stedgeai-lib/Npu/ll_aton/ll_aton_lib_sw_operators.c ****   }
 2854              		.loc 1 1603 5 is_stmt 1 view .LVU865
 2855 0208 9342     		cmp	r3, r2
 2856 020a 7FF672AF 		bls	.L207
1603:../../Middlewares/stedgeai-lib/Npu/ll_aton/ll_aton_lib_sw_operators.c ****   }
 2857              		.loc 1 1603 5 is_stmt 0 discriminator 1 view .LVU866
 2858 020e 40F24361 		movw	r1, #1603
 2859 0212 3B4B     		ldr	r3, .L243+24
ARM GAS  /tmp/ccBdscOF.s 			page 110


 2860 0214 354A     		ldr	r2, .L243+4
 2861 0216 01E7     		b	.L242
 2862              	.LVL310:
 2863              	.L219:
 2864              	.LBB207:
1534:../../Middlewares/stedgeai-lib/Npu/ll_aton/ll_aton_lib_sw_operators.c ****                           common_params->out_offsets[curr_axis]; // i.e.: pads_start[curr_axis];
 2865              		.loc 1 1534 7 is_stmt 1 view .LVU867
1535:../../Middlewares/stedgeai-lib/Npu/ll_aton/ll_aton_lib_sw_operators.c ****       int32_t pad_end = common_params->pad_out_offsets_end[curr_axis] /
 2866              		.loc 1 1535 53 is_stmt 0 view .LVU868
 2867 0218 D4F8B820 		ldr	r2, [r4, #184]
1542:../../Middlewares/stedgeai-lib/Npu/ll_aton/ll_aton_lib_sw_operators.c **** 
 2868              		.loc 1 1542 49 view .LVU869
 2869 021c D4F8B410 		ldr	r1, [r4, #180]
1535:../../Middlewares/stedgeai-lib/Npu/ll_aton/ll_aton_lib_sw_operators.c ****       int32_t pad_end = common_params->pad_out_offsets_end[curr_axis] /
 2870              		.loc 1 1535 53 view .LVU870
 2871 0220 52F82520 		ldr	r2, [r2, r5, lsl #2]
 2872              	.LVL311:
1536:../../Middlewares/stedgeai-lib/Npu/ll_aton/ll_aton_lib_sw_operators.c ****                         common_params->out_offsets[curr_axis]; // i.e.: pads_end[curr_axis];
 2873              		.loc 1 1536 7 is_stmt 1 view .LVU871
1542:../../Middlewares/stedgeai-lib/Npu/ll_aton/ll_aton_lib_sw_operators.c **** 
 2874              		.loc 1 1542 83 is_stmt 0 discriminator 2 view .LVU872
 2875 0224 51F82570 		ldr	r7, [r1, r5, lsl #2]
1536:../../Middlewares/stedgeai-lib/Npu/ll_aton/ll_aton_lib_sw_operators.c ****                         common_params->out_offsets[curr_axis]; // i.e.: pads_end[curr_axis];
 2876              		.loc 1 1536 15 view .LVU873
 2877 0228 93FBF2F3 		sdiv	r3, r3, r2
 2878 022c 0493     		str	r3, [sp, #16]
 2879              	.LVL312:
1539:../../Middlewares/stedgeai-lib/Npu/ll_aton/ll_aton_lib_sw_operators.c **** 
 2880              		.loc 1 1539 7 is_stmt 1 view .LVU874
1541:../../Middlewares/stedgeai-lib/Npu/ll_aton/ll_aton_lib_sw_operators.c ****       int32_t n_elems = common_params->out_shape[curr_axis] - zero_neg(pad_start) - zero_neg(pad_en
 2881              		.loc 1 1541 7 view .LVU875
1542:../../Middlewares/stedgeai-lib/Npu/ll_aton/ll_aton_lib_sw_operators.c **** 
 2882              		.loc 1 1542 7 view .LVU876
 2883              	.LBB208:
 2884              	.LBI208:
1204:../../Middlewares/stedgeai-lib/Npu/ll_aton/ll_aton_lib_sw_operators.c **** {
 2885              		.loc 1 1204 24 view .LVU877
 2886              	.LBB209:
1206:../../Middlewares/stedgeai-lib/Npu/ll_aton/ll_aton_lib_sw_operators.c ****   if (value > 0)
 2887              		.loc 1 1206 3 view .LVU878
1207:../../Middlewares/stedgeai-lib/Npu/ll_aton/ll_aton_lib_sw_operators.c ****   {
 2888              		.loc 1 1207 3 view .LVU879
1211:../../Middlewares/stedgeai-lib/Npu/ll_aton/ll_aton_lib_sw_operators.c **** }
 2889              		.loc 1 1211 3 view .LVU880
1211:../../Middlewares/stedgeai-lib/Npu/ll_aton/ll_aton_lib_sw_operators.c **** }
 2890              		.loc 1 1211 3 is_stmt 0 view .LVU881
 2891              	.LBE209:
 2892              	.LBE208:
 2893              	.LBB210:
 2894              	.LBI210:
1204:../../Middlewares/stedgeai-lib/Npu/ll_aton/ll_aton_lib_sw_operators.c **** {
 2895              		.loc 1 1204 24 is_stmt 1 view .LVU882
 2896              	.LBB211:
1206:../../Middlewares/stedgeai-lib/Npu/ll_aton/ll_aton_lib_sw_operators.c ****   if (value > 0)
 2897              		.loc 1 1206 3 view .LVU883
1207:../../Middlewares/stedgeai-lib/Npu/ll_aton/ll_aton_lib_sw_operators.c ****   {
 2898              		.loc 1 1207 3 view .LVU884
ARM GAS  /tmp/ccBdscOF.s 			page 111


1211:../../Middlewares/stedgeai-lib/Npu/ll_aton/ll_aton_lib_sw_operators.c **** }
 2899              		.loc 1 1211 3 view .LVU885
1211:../../Middlewares/stedgeai-lib/Npu/ll_aton/ll_aton_lib_sw_operators.c **** }
 2900              		.loc 1 1211 3 is_stmt 0 view .LVU886
 2901              	.LBE211:
 2902              	.LBE210:
1534:../../Middlewares/stedgeai-lib/Npu/ll_aton/ll_aton_lib_sw_operators.c ****                           common_params->out_offsets[curr_axis]; // i.e.: pads_start[curr_axis];
 2903              		.loc 1 1534 63 view .LVU887
 2904 022e D4F8AC30 		ldr	r3, [r4, #172]
 2905              	.LVL313:
 2906              	.LBB214:
1550:../../Middlewares/stedgeai-lib/Npu/ll_aton/ll_aton_lib_sw_operators.c ****       {
 2907              		.loc 1 1550 16 view .LVU888
 2908 0232 4FF00008 		mov	r8, #0
 2909              	.LBE214:
1534:../../Middlewares/stedgeai-lib/Npu/ll_aton/ll_aton_lib_sw_operators.c ****                           common_params->out_offsets[curr_axis]; // i.e.: pads_start[curr_axis];
 2910              		.loc 1 1534 15 view .LVU889
 2911 0236 53F82500 		ldr	r0, [r3, r5, lsl #2]
 2912              	.LBB215:
 2913              	.LBB212:
1207:../../Middlewares/stedgeai-lib/Npu/ll_aton/ll_aton_lib_sw_operators.c ****   {
 2914              		.loc 1 1207 6 view .LVU890
 2915 023a 049B     		ldr	r3, [sp, #16]
 2916              	.LBE212:
 2917              	.LBE215:
1534:../../Middlewares/stedgeai-lib/Npu/ll_aton/ll_aton_lib_sw_operators.c ****                           common_params->out_offsets[curr_axis]; // i.e.: pads_start[curr_axis];
 2918              		.loc 1 1534 15 view .LVU891
 2919 023c 90FBF2F0 		sdiv	r0, r0, r2
 2920              	.LBB216:
 2921              	.LBB213:
1207:../../Middlewares/stedgeai-lib/Npu/ll_aton/ll_aton_lib_sw_operators.c ****   {
 2922              		.loc 1 1207 6 view .LVU892
 2923 0240 23EAE373 		bic	r3, r3, r3, asr #31
 2924              	.LBE213:
 2925              	.LBE216:
1542:../../Middlewares/stedgeai-lib/Npu/ll_aton/ll_aton_lib_sw_operators.c **** 
 2926              		.loc 1 1542 83 discriminator 2 view .LVU893
 2927 0244 0028     		cmp	r0, #0
 2928 0246 A8BF     		it	ge
 2929 0248 1B18     		addge	r3, r3, r0
 2930 024a FF1A     		subs	r7, r7, r3
 2931              	.LVL314:
1544:../../Middlewares/stedgeai-lib/Npu/ll_aton/ll_aton_lib_sw_operators.c ****       int8_t *src_ptr = common_params->out_target - padding_bytes;
 2932              		.loc 1 1544 7 is_stmt 1 view .LVU894
1545:../../Middlewares/stedgeai-lib/Npu/ll_aton/ll_aton_lib_sw_operators.c **** 
 2933              		.loc 1 1545 7 view .LVU895
1547:../../Middlewares/stedgeai-lib/Npu/ll_aton/ll_aton_lib_sw_operators.c **** 
 2934              		.loc 1 1547 7 view .LVU896
1547:../../Middlewares/stedgeai-lib/Npu/ll_aton/ll_aton_lib_sw_operators.c **** 
 2935              		.loc 1 1547 44 is_stmt 0 view .LVU897
 2936 024c 012F     		cmp	r7, #1
 2937 024e D4BF     		ite	le
 2938 0250 0023     		movle	r3, #0
 2939 0252 0123     		movgt	r3, #1
 2940 0254 5B42     		rsbs	r3, r3, #0
1547:../../Middlewares/stedgeai-lib/Npu/ll_aton/ll_aton_lib_sw_operators.c **** 
 2941              		.loc 1 1547 15 discriminator 4 view .LVU898
ARM GAS  /tmp/ccBdscOF.s 			page 112


 2942 0256 1E46     		mov	r6, r3
1547:../../Middlewares/stedgeai-lib/Npu/ll_aton/ll_aton_lib_sw_operators.c **** 
 2943              		.loc 1 1547 44 view .LVU899
 2944 0258 0593     		str	r3, [sp, #20]
 2945              	.LVL315:
1549:../../Middlewares/stedgeai-lib/Npu/ll_aton/ll_aton_lib_sw_operators.c ****       for (int i = 0; i < nr_loops; i++)
 2946              		.loc 1 1549 7 is_stmt 1 view .LVU900
1550:../../Middlewares/stedgeai-lib/Npu/ll_aton/ll_aton_lib_sw_operators.c ****       {
 2947              		.loc 1 1550 7 view .LVU901
 2948              	.LBB217:
1550:../../Middlewares/stedgeai-lib/Npu/ll_aton/ll_aton_lib_sw_operators.c ****       {
 2949              		.loc 1 1550 12 view .LVU902
1550:../../Middlewares/stedgeai-lib/Npu/ll_aton/ll_aton_lib_sw_operators.c ****       {
 2950              		.loc 1 1550 12 is_stmt 0 view .LVU903
 2951              	.LBE217:
1549:../../Middlewares/stedgeai-lib/Npu/ll_aton/ll_aton_lib_sw_operators.c ****       for (int i = 0; i < nr_loops; i++)
 2952              		.loc 1 1549 12 view .LVU904
 2953 025a C146     		mov	r9, r8
 2954              	.LVL316:
1544:../../Middlewares/stedgeai-lib/Npu/ll_aton/ll_aton_lib_sw_operators.c ****       int8_t *src_ptr = common_params->out_target - padding_bytes;
 2955              		.loc 1 1544 15 view .LVU905
 2956 025c 5346     		mov	r3, r10
 2957              	.LVL317:
 2958              	.LBB218:
1581:../../Middlewares/stedgeai-lib/Npu/ll_aton/ll_aton_lib_sw_operators.c ****           {
 2959              		.loc 1 1581 38 view .LVU906
 2960 025e 791E     		subs	r1, r7, #1
 2961 0260 0691     		str	r1, [sp, #24]
 2962              	.LVL318:
 2963              	.L221:
1550:../../Middlewares/stedgeai-lib/Npu/ll_aton/ll_aton_lib_sw_operators.c ****       {
 2964              		.loc 1 1550 25 is_stmt 1 discriminator 1 view .LVU907
1560:../../Middlewares/stedgeai-lib/Npu/ll_aton/ll_aton_lib_sw_operators.c ****         LL_ATON_ASSERT((-src_idx) < n_elems);
 2965              		.loc 1 1560 9 is_stmt 0 view .LVU908
 2966 0262 0398     		ldr	r0, [sp, #12]
 2967 0264 D4F8B010 		ldr	r1, [r4, #176]
 2968 0268 0958     		ldr	r1, [r1, r0]
1550:../../Middlewares/stedgeai-lib/Npu/ll_aton/ll_aton_lib_sw_operators.c ****       {
 2969              		.loc 1 1550 25 discriminator 1 view .LVU909
 2970 026a 0498     		ldr	r0, [sp, #16]
 2971 026c 8045     		cmp	r8, r0
 2972 026e C3DA     		bge	.L220
1560:../../Middlewares/stedgeai-lib/Npu/ll_aton/ll_aton_lib_sw_operators.c ****         LL_ATON_ASSERT((-src_idx) < n_elems);
 2973              		.loc 1 1560 9 is_stmt 1 view .LVU910
 2974 0270 0029     		cmp	r1, #0
 2975 0272 04DC     		bgt	.L222
1560:../../Middlewares/stedgeai-lib/Npu/ll_aton/ll_aton_lib_sw_operators.c ****         LL_ATON_ASSERT((-src_idx) < n_elems);
 2976              		.loc 1 1560 9 is_stmt 0 discriminator 1 view .LVU911
 2977 0274 4FF4C361 		mov	r1, #1560
 2978 0278 254B     		ldr	r3, .L243+40
 2979              	.LVL319:
1560:../../Middlewares/stedgeai-lib/Npu/ll_aton/ll_aton_lib_sw_operators.c ****         LL_ATON_ASSERT((-src_idx) < n_elems);
 2980              		.loc 1 1560 9 discriminator 1 view .LVU912
 2981 027a 1C4A     		ldr	r2, .L243+4
 2982 027c CEE6     		b	.L242
 2983              	.LVL320:
 2984              	.L222:
ARM GAS  /tmp/ccBdscOF.s 			page 113


1561:../../Middlewares/stedgeai-lib/Npu/ll_aton/ll_aton_lib_sw_operators.c ****         LL_ATON_ASSERT(src_idx <= 0);
 2985              		.loc 1 1561 9 is_stmt 1 view .LVU913
 2986 027e C6F1000B 		rsb	fp, r6, #0
 2987 0282 BB45     		cmp	fp, r7
 2988 0284 04DB     		blt	.L223
1561:../../Middlewares/stedgeai-lib/Npu/ll_aton/ll_aton_lib_sw_operators.c ****         LL_ATON_ASSERT(src_idx <= 0);
 2989              		.loc 1 1561 9 is_stmt 0 discriminator 1 view .LVU914
 2990 0286 40F21961 		movw	r1, #1561
 2991 028a 224B     		ldr	r3, .L243+44
 2992              	.LVL321:
1561:../../Middlewares/stedgeai-lib/Npu/ll_aton/ll_aton_lib_sw_operators.c ****         LL_ATON_ASSERT(src_idx <= 0);
 2993              		.loc 1 1561 9 discriminator 1 view .LVU915
 2994 028c 174A     		ldr	r2, .L243+4
 2995 028e C5E6     		b	.L242
 2996              	.LVL322:
 2997              	.L223:
1562:../../Middlewares/stedgeai-lib/Npu/ll_aton/ll_aton_lib_sw_operators.c **** 
 2998              		.loc 1 1562 9 is_stmt 1 view .LVU916
 2999 0290 012E     		cmp	r6, #1
 3000 0292 04D1     		bne	.L224
1562:../../Middlewares/stedgeai-lib/Npu/ll_aton/ll_aton_lib_sw_operators.c **** 
 3001              		.loc 1 1562 9 is_stmt 0 discriminator 1 view .LVU917
 3002 0294 40F21A61 		movw	r1, #1562
 3003 0298 1F4B     		ldr	r3, .L243+48
 3004              	.LVL323:
1562:../../Middlewares/stedgeai-lib/Npu/ll_aton/ll_aton_lib_sw_operators.c **** 
 3005              		.loc 1 1562 9 discriminator 1 view .LVU918
 3006 029a 144A     		ldr	r2, .L243+4
 3007 029c BEE6     		b	.L242
 3008              	.LVL324:
 3009              	.L224:
1564:../../Middlewares/stedgeai-lib/Npu/ll_aton/ll_aton_lib_sw_operators.c **** 
 3010              		.loc 1 1564 9 is_stmt 1 view .LVU919
1564:../../Middlewares/stedgeai-lib/Npu/ll_aton/ll_aton_lib_sw_operators.c **** 
 3011              		.loc 1 1564 33 is_stmt 0 view .LVU920
 3012 029e AAEB0201 		sub	r1, r10, r2
1564:../../Middlewares/stedgeai-lib/Npu/ll_aton/ll_aton_lib_sw_operators.c **** 
 3013              		.loc 1 1564 9 view .LVU921
 3014 02a2 1846     		mov	r0, r3
 3015 02a4 06FB0211 		mla	r1, r6, r2, r1
 3016 02a8 0792     		str	r2, [sp, #28]
 3017 02aa FFF7FEFF 		bl	memcpy
 3018              	.LVL325:
1564:../../Middlewares/stedgeai-lib/Npu/ll_aton/ll_aton_lib_sw_operators.c **** 
 3019              		.loc 1 1564 9 view .LVU922
 3020 02ae 0346     		mov	r3, r0
1566:../../Middlewares/stedgeai-lib/Npu/ll_aton/ll_aton_lib_sw_operators.c ****         if (forward)
 3021              		.loc 1 1566 9 is_stmt 1 view .LVU923
1566:../../Middlewares/stedgeai-lib/Npu/ll_aton/ll_aton_lib_sw_operators.c ****         if (forward)
 3022              		.loc 1 1566 17 is_stmt 0 view .LVU924
 3023 02b0 079A     		ldr	r2, [sp, #28]
 3024 02b2 1344     		add	r3, r3, r2
 3025              	.LVL326:
1567:../../Middlewares/stedgeai-lib/Npu/ll_aton/ll_aton_lib_sw_operators.c ****         {
 3026              		.loc 1 1567 9 is_stmt 1 view .LVU925
1567:../../Middlewares/stedgeai-lib/Npu/ll_aton/ll_aton_lib_sw_operators.c ****         {
 3027              		.loc 1 1567 12 is_stmt 0 view .LVU926
ARM GAS  /tmp/ccBdscOF.s 			page 114


 3028 02b4 B9F1000F 		cmp	r9, #0
 3029 02b8 06D0     		beq	.L225
1569:../../Middlewares/stedgeai-lib/Npu/ll_aton/ll_aton_lib_sw_operators.c ****           {
 3030              		.loc 1 1569 11 is_stmt 1 view .LVU927
1569:../../Middlewares/stedgeai-lib/Npu/ll_aton/ll_aton_lib_sw_operators.c ****           {
 3031              		.loc 1 1569 14 is_stmt 0 view .LVU928
 3032 02ba 86B1     		cbz	r6, .L235
1576:../../Middlewares/stedgeai-lib/Npu/ll_aton/ll_aton_lib_sw_operators.c ****           }
 3033              		.loc 1 1576 13 is_stmt 1 view .LVU929
1576:../../Middlewares/stedgeai-lib/Npu/ll_aton/ll_aton_lib_sw_operators.c ****           }
 3034              		.loc 1 1576 53 is_stmt 0 view .LVU930
 3035 02bc 012F     		cmp	r7, #1
 3036 02be 2FDD     		ble	.L241
1576:../../Middlewares/stedgeai-lib/Npu/ll_aton/ll_aton_lib_sw_operators.c ****           }
 3037              		.loc 1 1576 53 discriminator 1 view .LVU931
 3038 02c0 0136     		adds	r6, r6, #1
 3039              	.LVL327:
 3040              	.L226:
1550:../../Middlewares/stedgeai-lib/Npu/ll_aton/ll_aton_lib_sw_operators.c ****       {
 3041              		.loc 1 1550 38 is_stmt 1 discriminator 2 view .LVU932
 3042 02c2 08F10108 		add	r8, r8, #1
 3043              	.LVL328:
1550:../../Middlewares/stedgeai-lib/Npu/ll_aton/ll_aton_lib_sw_operators.c ****       {
 3044              		.loc 1 1550 38 is_stmt 0 discriminator 2 view .LVU933
 3045 02c6 CCE7     		b	.L221
 3046              	.LVL329:
 3047              	.L225:
1581:../../Middlewares/stedgeai-lib/Npu/ll_aton/ll_aton_lib_sw_operators.c ****           {
 3048              		.loc 1 1581 11 is_stmt 1 view .LVU934
1581:../../Middlewares/stedgeai-lib/Npu/ll_aton/ll_aton_lib_sw_operators.c ****           {
 3049              		.loc 1 1581 14 is_stmt 0 view .LVU935
 3050 02c8 0699     		ldr	r1, [sp, #24]
 3051 02ca 8B45     		cmp	fp, r1
 3052 02cc 05DB     		blt	.L227
1583:../../Middlewares/stedgeai-lib/Npu/ll_aton/ll_aton_lib_sw_operators.c ****             src_idx = (n_elems > 1) ? (src_idx + 1) : 0;
 3053              		.loc 1 1583 13 is_stmt 1 view .LVU936
 3054              	.LVL330:
1584:../../Middlewares/stedgeai-lib/Npu/ll_aton/ll_aton_lib_sw_operators.c ****           }
 3055              		.loc 1 1584 13 view .LVU937
1584:../../Middlewares/stedgeai-lib/Npu/ll_aton/ll_aton_lib_sw_operators.c ****           }
 3056              		.loc 1 1584 53 is_stmt 0 view .LVU938
 3057 02ce 012F     		cmp	r7, #1
 3058 02d0 24DD     		ble	.L237
1583:../../Middlewares/stedgeai-lib/Npu/ll_aton/ll_aton_lib_sw_operators.c ****             src_idx = (n_elems > 1) ? (src_idx + 1) : 0;
 3059              		.loc 1 1583 21 view .LVU939
 3060 02d2 4FF00109 		mov	r9, #1
1584:../../Middlewares/stedgeai-lib/Npu/ll_aton/ll_aton_lib_sw_operators.c ****           }
 3061              		.loc 1 1584 53 discriminator 1 view .LVU940
 3062 02d6 0136     		adds	r6, r6, #1
 3063              	.LVL331:
1584:../../Middlewares/stedgeai-lib/Npu/ll_aton/ll_aton_lib_sw_operators.c ****           }
 3064              		.loc 1 1584 53 discriminator 1 view .LVU941
 3065 02d8 F3E7     		b	.L226
 3066              	.LVL332:
 3067              	.L227:
1588:../../Middlewares/stedgeai-lib/Npu/ll_aton/ll_aton_lib_sw_operators.c ****           }
 3068              		.loc 1 1588 13 is_stmt 1 view .LVU942
ARM GAS  /tmp/ccBdscOF.s 			page 115


1588:../../Middlewares/stedgeai-lib/Npu/ll_aton/ll_aton_lib_sw_operators.c ****           }
 3069              		.loc 1 1588 53 is_stmt 0 discriminator 1 view .LVU943
 3070 02da 013E     		subs	r6, r6, #1
 3071              	.LVL333:
1588:../../Middlewares/stedgeai-lib/Npu/ll_aton/ll_aton_lib_sw_operators.c ****           }
 3072              		.loc 1 1588 53 discriminator 1 view .LVU944
 3073 02dc F1E7     		b	.L226
 3074              	.L235:
1571:../../Middlewares/stedgeai-lib/Npu/ll_aton/ll_aton_lib_sw_operators.c ****             src_idx = (n_elems > 1) ? -1 : 0;
 3075              		.loc 1 1571 21 view .LVU945
 3076 02de 4FF00009 		mov	r9, #0
 3077              	.LVL334:
1572:../../Middlewares/stedgeai-lib/Npu/ll_aton/ll_aton_lib_sw_operators.c ****           }
 3078              		.loc 1 1572 21 discriminator 4 view .LVU946
 3079 02e2 059E     		ldr	r6, [sp, #20]
 3080              	.LVL335:
1572:../../Middlewares/stedgeai-lib/Npu/ll_aton/ll_aton_lib_sw_operators.c ****           }
 3081              		.loc 1 1572 21 discriminator 4 view .LVU947
 3082 02e4 EDE7     		b	.L226
 3083              	.L244:
 3084 02e6 00BF     		.align	2
 3085              	.L243:
 3086 02e8 00000000 		.word	.LC13
 3087 02ec 00000000 		.word	__func__.4
 3088 02f0 2D000000 		.word	.LC1
 3089 02f4 00000000 		.word	.LC27
 3090 02f8 34000000 		.word	.LC28
 3091 02fc 9D000000 		.word	.LC31
 3092 0300 73000000 		.word	.LC2
 3093 0304 41000000 		.word	.LC29
 3094 0308 53000000 		.word	.LC22
 3095 030c 65000000 		.word	.LC23
 3096 0310 59000000 		.word	.LC30
 3097 0314 85000000 		.word	.LC25
 3098 0318 9A000000 		.word	.LC26
 3099              	.LVL336:
 3100              	.L237:
1572:../../Middlewares/stedgeai-lib/Npu/ll_aton/ll_aton_lib_sw_operators.c ****           }
 3101              		.loc 1 1572 21 discriminator 4 view .LVU948
 3102 031c 4FF00109 		mov	r9, #1
 3103              	.LVL337:
 3104              	.L241:
1576:../../Middlewares/stedgeai-lib/Npu/ll_aton/ll_aton_lib_sw_operators.c ****           }
 3105              		.loc 1 1576 53 discriminator 2 view .LVU949
 3106 0320 0026     		movs	r6, #0
 3107              	.LVL338:
1576:../../Middlewares/stedgeai-lib/Npu/ll_aton/ll_aton_lib_sw_operators.c ****           }
 3108              		.loc 1 1576 53 discriminator 2 view .LVU950
 3109 0322 CEE7     		b	.L226
 3110              	.LVL339:
 3111              	.L201:
1576:../../Middlewares/stedgeai-lib/Npu/ll_aton/ll_aton_lib_sw_operators.c ****           }
 3112              		.loc 1 1576 53 discriminator 2 view .LVU951
 3113              	.LBE218:
 3114              	.LBE207:
1418:../../Middlewares/stedgeai-lib/Npu/ll_aton/ll_aton_lib_sw_operators.c ****   {
 3115              		.loc 1 1418 3 is_stmt 1 view .LVU952
ARM GAS  /tmp/ccBdscOF.s 			page 116


1418:../../Middlewares/stedgeai-lib/Npu/ll_aton/ll_aton_lib_sw_operators.c ****   {
 3116              		.loc 1 1418 6 is_stmt 0 view .LVU953
 3117 0324 8142     		cmp	r1, r0
 3118 0326 7FF49BAE 		bne	.L231
 3119 032a C6E6     		b	.L230
 3120              	.LVL340:
 3121              	.L198:
1607:../../Middlewares/stedgeai-lib/Npu/ll_aton/ll_aton_lib_sw_operators.c **** 
 3122              		.loc 1 1607 1 view .LVU954
 3123 032c 09B0     		add	sp, sp, #36
 3124              		.cfi_def_cfa_offset 36
 3125              		@ sp needed
 3126 032e BDE8F08F 		pop	{r4, r5, r6, r7, r8, r9, r10, fp, pc}
1607:../../Middlewares/stedgeai-lib/Npu/ll_aton/ll_aton_lib_sw_operators.c **** 
 3127              		.loc 1 1607 1 view .LVU955
 3128              		.cfi_endproc
 3129              	.LFE364:
 3131 0332 00BF     		.section	.text.__ll_slice_copy_elem,"ax",%progbits
 3132              		.align	1
 3133              		.syntax unified
 3134              		.thumb
 3135              		.thumb_func
 3137              	__ll_slice_copy_elem:
 3138              	.LVL341:
 3139              	.LFB336:
 199:../../Middlewares/stedgeai-lib/Npu/ll_aton/ll_aton_lib_sw_operators.c ****   const uint8_t byte_size = LL_LIB_NBYTES(common_params->input->nbits);
 3140              		.loc 1 199 1 is_stmt 1 view -0
 3141              		.cfi_startproc
 3142              		@ args = 8, pretend = 0, frame = 0
 3143              		@ frame_needed = 0, uses_anonymous_args = 0
 200:../../Middlewares/stedgeai-lib/Npu/ll_aton/ll_aton_lib_sw_operators.c **** 
 3144              		.loc 1 200 3 view .LVU957
 199:../../Middlewares/stedgeai-lib/Npu/ll_aton/ll_aton_lib_sw_operators.c ****   const uint8_t byte_size = LL_LIB_NBYTES(common_params->input->nbits);
 3145              		.loc 1 199 1 is_stmt 0 view .LVU958
 3146 0000 2DE9F843 		push	{r3, r4, r5, r6, r7, r8, r9, lr}
 3147              		.cfi_def_cfa_offset 32
 3148              		.cfi_offset 3, -32
 3149              		.cfi_offset 4, -28
 3150              		.cfi_offset 5, -24
 3151              		.cfi_offset 6, -20
 3152              		.cfi_offset 7, -16
 3153              		.cfi_offset 8, -12
 3154              		.cfi_offset 9, -8
 3155              		.cfi_offset 14, -4
 199:../../Middlewares/stedgeai-lib/Npu/ll_aton/ll_aton_lib_sw_operators.c ****   const uint8_t byte_size = LL_LIB_NBYTES(common_params->input->nbits);
 3156              		.loc 1 199 1 view .LVU959
 3157 0004 1D46     		mov	r5, r3
 3158 0006 DDE90898 		ldrd	r9, r8, [sp, #32]
 3159 000a 0446     		mov	r4, r0
 3160              	.LVL342:
 202:../../Middlewares/stedgeai-lib/Npu/ll_aton/ll_aton_lib_sw_operators.c ****   if ((out_index = __ll_aton_lib_is_in_slice(common_params, linked_stack_list)) >= 0)
 3161              		.loc 1 202 3 is_stmt 1 view .LVU960
 203:../../Middlewares/stedgeai-lib/Npu/ll_aton/ll_aton_lib_sw_operators.c ****   {
 3162              		.loc 1 203 3 view .LVU961
 199:../../Middlewares/stedgeai-lib/Npu/ll_aton/ll_aton_lib_sw_operators.c ****   const uint8_t byte_size = LL_LIB_NBYTES(common_params->input->nbits);
 3163              		.loc 1 199 1 is_stmt 0 view .LVU962
 3164 000c 0F46     		mov	r7, r1
ARM GAS  /tmp/ccBdscOF.s 			page 117


 3165 000e 1646     		mov	r6, r2
 203:../../Middlewares/stedgeai-lib/Npu/ll_aton/ll_aton_lib_sw_operators.c ****   {
 3166              		.loc 1 203 20 view .LVU963
 3167 0010 FFF7FEFF 		bl	__ll_aton_lib_is_in_slice
 3168              	.LVL343:
 203:../../Middlewares/stedgeai-lib/Npu/ll_aton/ll_aton_lib_sw_operators.c ****   {
 3169              		.loc 1 203 6 discriminator 1 view .LVU964
 3170 0014 431C     		adds	r3, r0, #1
 3171 0016 0DD0     		beq	.L245
 3172              	.LBB219:
 206:../../Middlewares/stedgeai-lib/Npu/ll_aton/ll_aton_lib_sw_operators.c ****     int8_t *out_target = base_out_target + (out_index * out_offset);
 3173              		.loc 1 206 5 is_stmt 1 view .LVU965
 3174              	.LVL344:
 207:../../Middlewares/stedgeai-lib/Npu/ll_aton/ll_aton_lib_sw_operators.c **** 
 3175              		.loc 1 207 5 view .LVU966
 209:../../Middlewares/stedgeai-lib/Npu/ll_aton/ll_aton_lib_sw_operators.c ****   }
 3176              		.loc 1 209 5 view .LVU967
 3177              	.LBE219:
 200:../../Middlewares/stedgeai-lib/Npu/ll_aton/ll_aton_lib_sw_operators.c **** 
 3178              		.loc 1 200 29 is_stmt 0 view .LVU968
 3179 0018 2368     		ldr	r3, [r4]
 3180              	.LBB220:
 206:../../Middlewares/stedgeai-lib/Npu/ll_aton/ll_aton_lib_sw_operators.c ****     int8_t *out_target = base_out_target + (out_index * out_offset);
 3181              		.loc 1 206 68 view .LVU969
 3182 001a BA68     		ldr	r2, [r7, #8]
 3183              	.LBE220:
 200:../../Middlewares/stedgeai-lib/Npu/ll_aton/ll_aton_lib_sw_operators.c **** 
 3184              		.loc 1 200 29 view .LVU970
 3185 001c 93F82840 		ldrb	r4, [r3, #40]	@ zero_extendqisi2
 3186              	.LVL345:
 3187              	.LBB221:
 209:../../Middlewares/stedgeai-lib/Npu/ll_aton/ll_aton_lib_sw_operators.c ****   }
 3188              		.loc 1 209 5 view .LVU971
 3189 0020 05FB0081 		mla	r1, r5, r0, r8
 3190              	.LVL346:
 209:../../Middlewares/stedgeai-lib/Npu/ll_aton/ll_aton_lib_sw_operators.c ****   }
 3191              		.loc 1 209 5 view .LVU972
 3192              	.LBE221:
 200:../../Middlewares/stedgeai-lib/Npu/ll_aton/ll_aton_lib_sw_operators.c **** 
 3193              		.loc 1 200 29 view .LVU973
 3194 0024 0734     		adds	r4, r4, #7
 3195              	.LBB222:
 209:../../Middlewares/stedgeai-lib/Npu/ll_aton/ll_aton_lib_sw_operators.c ****   }
 3196              		.loc 1 209 5 view .LVU974
 3197 0026 02FB0692 		mla	r2, r2, r6, r9
 3198              	.LVL347:
 209:../../Middlewares/stedgeai-lib/Npu/ll_aton/ll_aton_lib_sw_operators.c ****   }
 3199              		.loc 1 209 5 view .LVU975
 3200 002a E008     		lsrs	r0, r4, #3
 3201              	.LVL348:
 209:../../Middlewares/stedgeai-lib/Npu/ll_aton/ll_aton_lib_sw_operators.c ****   }
 3202              		.loc 1 209 5 view .LVU976
 3203              	.LBE222:
 211:../../Middlewares/stedgeai-lib/Npu/ll_aton/ll_aton_lib_sw_operators.c **** 
 3204              		.loc 1 211 1 view .LVU977
 3205 002c BDE8F843 		pop	{r3, r4, r5, r6, r7, r8, r9, lr}
 3206              		.cfi_remember_state
ARM GAS  /tmp/ccBdscOF.s 			page 118


 3207              		.cfi_restore 14
 3208              		.cfi_restore 9
 3209              		.cfi_restore 8
 3210              		.cfi_restore 7
 3211              		.cfi_restore 6
 3212              		.cfi_restore 5
 3213              		.cfi_restore 4
 3214              		.cfi_restore 3
 3215              		.cfi_def_cfa_offset 0
 3216              	.LVL349:
 3217              	.LBB223:
 209:../../Middlewares/stedgeai-lib/Npu/ll_aton/ll_aton_lib_sw_operators.c ****   }
 3218              		.loc 1 209 5 view .LVU978
 3219 0030 FFF7FEBF 		b	__ll_aton_lib_copy_element.isra.0
 3220              	.LVL350:
 3221              	.L245:
 3222              		.cfi_restore_state
 209:../../Middlewares/stedgeai-lib/Npu/ll_aton/ll_aton_lib_sw_operators.c ****   }
 3223              		.loc 1 209 5 view .LVU979
 3224              	.LBE223:
 211:../../Middlewares/stedgeai-lib/Npu/ll_aton/ll_aton_lib_sw_operators.c **** 
 3225              		.loc 1 211 1 view .LVU980
 3226 0034 BDE8F883 		pop	{r3, r4, r5, r6, r7, r8, r9, pc}
 211:../../Middlewares/stedgeai-lib/Npu/ll_aton/ll_aton_lib_sw_operators.c **** 
 3227              		.loc 1 211 1 view .LVU981
 3228              		.cfi_endproc
 3229              	.LFE336:
 3231              		.section	.text.__ll_aton_lib_pad_4loop_filling,"ax",%progbits
 3232              		.align	1
 3233              		.syntax unified
 3234              		.thumb
 3235              		.thumb_func
 3237              	__ll_aton_lib_pad_4loop_filling:
 3238              	.LVL351:
 3239              	.LFB369:
1862:../../Middlewares/stedgeai-lib/Npu/ll_aton/ll_aton_lib_sw_operators.c **** 
1863:../../Middlewares/stedgeai-lib/Npu/ll_aton/ll_aton_lib_sw_operators.c **** static int __ll_aton_lib_pad_framing_sw(__ll_pad_sw_params_t *common_params)
1864:../../Middlewares/stedgeai-lib/Npu/ll_aton/ll_aton_lib_sw_operators.c **** {
1865:../../Middlewares/stedgeai-lib/Npu/ll_aton/ll_aton_lib_sw_operators.c **** #ifndef NDEBUG
1866:../../Middlewares/stedgeai-lib/Npu/ll_aton/ll_aton_lib_sw_operators.c ****   extern NN_Instance_TypeDef *volatile __ll_current_aton_ip_owner;
1867:../../Middlewares/stedgeai-lib/Npu/ll_aton/ll_aton_lib_sw_operators.c ****   LL_ATON_ASSERT(__ll_current_aton_ip_owner != NULL);
1868:../../Middlewares/stedgeai-lib/Npu/ll_aton/ll_aton_lib_sw_operators.c **** #endif // !NDEBUG
1869:../../Middlewares/stedgeai-lib/Npu/ll_aton/ll_aton_lib_sw_operators.c **** 
1870:../../Middlewares/stedgeai-lib/Npu/ll_aton/ll_aton_lib_sw_operators.c ****   /* reset input/output target pointers */
1871:../../Middlewares/stedgeai-lib/Npu/ll_aton/ll_aton_lib_sw_operators.c ****   common_params->in_target = common_params->saved_in_target;
1872:../../Middlewares/stedgeai-lib/Npu/ll_aton/ll_aton_lib_sw_operators.c ****   common_params->out_target = common_params->saved_out_target;
1873:../../Middlewares/stedgeai-lib/Npu/ll_aton/ll_aton_lib_sw_operators.c **** 
1874:../../Middlewares/stedgeai-lib/Npu/ll_aton/ll_aton_lib_sw_operators.c **** #if defined(DUMP_RESULTS_PAD_OP)
1875:../../Middlewares/stedgeai-lib/Npu/ll_aton/ll_aton_lib_sw_operators.c ****   int8_t *out_target = common_params->out_target;
1876:../../Middlewares/stedgeai-lib/Npu/ll_aton/ll_aton_lib_sw_operators.c **** #endif // DUMP_RESULTS_PAD_OP
1877:../../Middlewares/stedgeai-lib/Npu/ll_aton/ll_aton_lib_sw_operators.c **** 
1878:../../Middlewares/stedgeai-lib/Npu/ll_aton/ll_aton_lib_sw_operators.c ****   switch (common_params->mode)
1879:../../Middlewares/stedgeai-lib/Npu/ll_aton/ll_aton_lib_sw_operators.c ****   {
1880:../../Middlewares/stedgeai-lib/Npu/ll_aton/ll_aton_lib_sw_operators.c ****   case 1: // `reflect` mode
1881:../../Middlewares/stedgeai-lib/Npu/ll_aton/ll_aton_lib_sw_operators.c ****     __ll_aton_lib_pad_reflect_sw(0, common_params, false);
1882:../../Middlewares/stedgeai-lib/Npu/ll_aton/ll_aton_lib_sw_operators.c ****     break;
1883:../../Middlewares/stedgeai-lib/Npu/ll_aton/ll_aton_lib_sw_operators.c **** 
ARM GAS  /tmp/ccBdscOF.s 			page 119


1884:../../Middlewares/stedgeai-lib/Npu/ll_aton/ll_aton_lib_sw_operators.c ****   case 2: // `edge` mode
1885:../../Middlewares/stedgeai-lib/Npu/ll_aton/ll_aton_lib_sw_operators.c ****     __ll_aton_lib_pad_edge_sw(0, common_params, false);
1886:../../Middlewares/stedgeai-lib/Npu/ll_aton/ll_aton_lib_sw_operators.c ****     break;
1887:../../Middlewares/stedgeai-lib/Npu/ll_aton/ll_aton_lib_sw_operators.c **** 
1888:../../Middlewares/stedgeai-lib/Npu/ll_aton/ll_aton_lib_sw_operators.c ****   default:
1889:../../Middlewares/stedgeai-lib/Npu/ll_aton/ll_aton_lib_sw_operators.c ****     __LL_LIB_ERROR(_ERR_MODE, LL_ATON_INVALID_PARAM)
1890:../../Middlewares/stedgeai-lib/Npu/ll_aton/ll_aton_lib_sw_operators.c ****   }
1891:../../Middlewares/stedgeai-lib/Npu/ll_aton/ll_aton_lib_sw_operators.c **** 
1892:../../Middlewares/stedgeai-lib/Npu/ll_aton/ll_aton_lib_sw_operators.c ****   LL_ATON_ASSERT(common_params->callback_function != NULL); /* always "called as callback" */
1893:../../Middlewares/stedgeai-lib/Npu/ll_aton/ll_aton_lib_sw_operators.c ****   if ((common_params->end_out_target - common_params->saved_out_target) > 0)
1894:../../Middlewares/stedgeai-lib/Npu/ll_aton/ll_aton_lib_sw_operators.c ****   {
1895:../../Middlewares/stedgeai-lib/Npu/ll_aton/ll_aton_lib_sw_operators.c ****     /* *** MCU cache clean operation (SW) *** */
1896:../../Middlewares/stedgeai-lib/Npu/ll_aton/ll_aton_lib_sw_operators.c ****     uint32_t size = (uintptr_t)(common_params->end_out_target) - (uintptr_t)(common_params->saved_o
1897:../../Middlewares/stedgeai-lib/Npu/ll_aton/ll_aton_lib_sw_operators.c ****     LL_ATON_Cache_MCU_Clean_Range(ATON_LIB_PHYSICAL_TO_VIRTUAL_ADDR((uintptr_t)common_params->saved
1898:../../Middlewares/stedgeai-lib/Npu/ll_aton/ll_aton_lib_sw_operators.c ****   }
1899:../../Middlewares/stedgeai-lib/Npu/ll_aton/ll_aton_lib_sw_operators.c **** 
1900:../../Middlewares/stedgeai-lib/Npu/ll_aton/ll_aton_lib_sw_operators.c **** #if defined(DUMP_RESULTS_PAD_OP)
1901:../../Middlewares/stedgeai-lib/Npu/ll_aton/ll_aton_lib_sw_operators.c ****   /* debug output print */
1902:../../Middlewares/stedgeai-lib/Npu/ll_aton/ll_aton_lib_sw_operators.c ****   switch (common_params->nbytes)
1903:../../Middlewares/stedgeai-lib/Npu/ll_aton/ll_aton_lib_sw_operators.c ****   {
1904:../../Middlewares/stedgeai-lib/Npu/ll_aton/ll_aton_lib_sw_operators.c ****   case 1:
1905:../../Middlewares/stedgeai-lib/Npu/ll_aton/ll_aton_lib_sw_operators.c ****   {
1906:../../Middlewares/stedgeai-lib/Npu/ll_aton/ll_aton_lib_sw_operators.c ****     int8_t *ptr = (int8_t *)out_target;
1907:../../Middlewares/stedgeai-lib/Npu/ll_aton/ll_aton_lib_sw_operators.c ****     for (uint32_t i = 0; i < common_params->out_size; i++)
1908:../../Middlewares/stedgeai-lib/Npu/ll_aton/ll_aton_lib_sw_operators.c ****     {
1909:../../Middlewares/stedgeai-lib/Npu/ll_aton/ll_aton_lib_sw_operators.c ****       LL_ATON_PRINTF("%d\n", ptr[i]);
1910:../../Middlewares/stedgeai-lib/Npu/ll_aton/ll_aton_lib_sw_operators.c ****     }
1911:../../Middlewares/stedgeai-lib/Npu/ll_aton/ll_aton_lib_sw_operators.c ****   }
1912:../../Middlewares/stedgeai-lib/Npu/ll_aton/ll_aton_lib_sw_operators.c ****   break;
1913:../../Middlewares/stedgeai-lib/Npu/ll_aton/ll_aton_lib_sw_operators.c ****   case 2:
1914:../../Middlewares/stedgeai-lib/Npu/ll_aton/ll_aton_lib_sw_operators.c ****   {
1915:../../Middlewares/stedgeai-lib/Npu/ll_aton/ll_aton_lib_sw_operators.c ****     int16_t *ptr = (int16_t *)(int8_t *)out_target;
1916:../../Middlewares/stedgeai-lib/Npu/ll_aton/ll_aton_lib_sw_operators.c ****     for (uint32_t i = 0; i < common_params->out_size / 2; i++)
1917:../../Middlewares/stedgeai-lib/Npu/ll_aton/ll_aton_lib_sw_operators.c ****     {
1918:../../Middlewares/stedgeai-lib/Npu/ll_aton/ll_aton_lib_sw_operators.c ****       LL_ATON_PRINTF("%d\n", ptr[i]);
1919:../../Middlewares/stedgeai-lib/Npu/ll_aton/ll_aton_lib_sw_operators.c ****     }
1920:../../Middlewares/stedgeai-lib/Npu/ll_aton/ll_aton_lib_sw_operators.c ****   }
1921:../../Middlewares/stedgeai-lib/Npu/ll_aton/ll_aton_lib_sw_operators.c ****   break;
1922:../../Middlewares/stedgeai-lib/Npu/ll_aton/ll_aton_lib_sw_operators.c ****   case 3: // NOTE: assuming no alignment
1923:../../Middlewares/stedgeai-lib/Npu/ll_aton/ll_aton_lib_sw_operators.c ****   {
1924:../../Middlewares/stedgeai-lib/Npu/ll_aton/ll_aton_lib_sw_operators.c ****     /* check endianness */
1925:../../Middlewares/stedgeai-lib/Npu/ll_aton/ll_aton_lib_sw_operators.c ****     const int32_t _const_val = 0x01020304;
1926:../../Middlewares/stedgeai-lib/Npu/ll_aton/ll_aton_lib_sw_operators.c ****     const int8_t *_const_val_ptr = (int8_t *)&_const_val;
1927:../../Middlewares/stedgeai-lib/Npu/ll_aton/ll_aton_lib_sw_operators.c ****     bool is_little_endian = (_const_val_ptr[0] == 0x04);
1928:../../Middlewares/stedgeai-lib/Npu/ll_aton/ll_aton_lib_sw_operators.c **** 
1929:../../Middlewares/stedgeai-lib/Npu/ll_aton/ll_aton_lib_sw_operators.c ****     int8_t *ptr = (int8_t *)out_target;
1930:../../Middlewares/stedgeai-lib/Npu/ll_aton/ll_aton_lib_sw_operators.c ****     if (is_little_endian)
1931:../../Middlewares/stedgeai-lib/Npu/ll_aton/ll_aton_lib_sw_operators.c ****     {
1932:../../Middlewares/stedgeai-lib/Npu/ll_aton/ll_aton_lib_sw_operators.c ****       for (uint32_t i = 0; i < common_params->out_size / 3; i += 3)
1933:../../Middlewares/stedgeai-lib/Npu/ll_aton/ll_aton_lib_sw_operators.c ****       {
1934:../../Middlewares/stedgeai-lib/Npu/ll_aton/ll_aton_lib_sw_operators.c ****         int32_t value = 0;
1935:../../Middlewares/stedgeai-lib/Npu/ll_aton/ll_aton_lib_sw_operators.c **** 
1936:../../Middlewares/stedgeai-lib/Npu/ll_aton/ll_aton_lib_sw_operators.c ****         value |= ptr[i];
1937:../../Middlewares/stedgeai-lib/Npu/ll_aton/ll_aton_lib_sw_operators.c ****         value |= ptr[i + 1] << 8;
1938:../../Middlewares/stedgeai-lib/Npu/ll_aton/ll_aton_lib_sw_operators.c ****         value |= ptr[i + 2] << 16;
1939:../../Middlewares/stedgeai-lib/Npu/ll_aton/ll_aton_lib_sw_operators.c **** 
1940:../../Middlewares/stedgeai-lib/Npu/ll_aton/ll_aton_lib_sw_operators.c ****         LL_ATON_PRINTF("%d\n", value);
ARM GAS  /tmp/ccBdscOF.s 			page 120


1941:../../Middlewares/stedgeai-lib/Npu/ll_aton/ll_aton_lib_sw_operators.c ****       }
1942:../../Middlewares/stedgeai-lib/Npu/ll_aton/ll_aton_lib_sw_operators.c ****     }
1943:../../Middlewares/stedgeai-lib/Npu/ll_aton/ll_aton_lib_sw_operators.c ****     else
1944:../../Middlewares/stedgeai-lib/Npu/ll_aton/ll_aton_lib_sw_operators.c ****     {
1945:../../Middlewares/stedgeai-lib/Npu/ll_aton/ll_aton_lib_sw_operators.c ****       for (uint32_t i = 0; i < common_params->out_size / 3; i += 3)
1946:../../Middlewares/stedgeai-lib/Npu/ll_aton/ll_aton_lib_sw_operators.c ****       {
1947:../../Middlewares/stedgeai-lib/Npu/ll_aton/ll_aton_lib_sw_operators.c ****         int32_t value = 0;
1948:../../Middlewares/stedgeai-lib/Npu/ll_aton/ll_aton_lib_sw_operators.c **** 
1949:../../Middlewares/stedgeai-lib/Npu/ll_aton/ll_aton_lib_sw_operators.c ****         value |= ptr[i] << 16;
1950:../../Middlewares/stedgeai-lib/Npu/ll_aton/ll_aton_lib_sw_operators.c ****         value |= ptr[i + 1] << 8;
1951:../../Middlewares/stedgeai-lib/Npu/ll_aton/ll_aton_lib_sw_operators.c ****         value |= ptr[i + 2];
1952:../../Middlewares/stedgeai-lib/Npu/ll_aton/ll_aton_lib_sw_operators.c **** 
1953:../../Middlewares/stedgeai-lib/Npu/ll_aton/ll_aton_lib_sw_operators.c ****         LL_ATON_PRINTF("%d\n", value);
1954:../../Middlewares/stedgeai-lib/Npu/ll_aton/ll_aton_lib_sw_operators.c ****       }
1955:../../Middlewares/stedgeai-lib/Npu/ll_aton/ll_aton_lib_sw_operators.c ****     }
1956:../../Middlewares/stedgeai-lib/Npu/ll_aton/ll_aton_lib_sw_operators.c ****   }
1957:../../Middlewares/stedgeai-lib/Npu/ll_aton/ll_aton_lib_sw_operators.c ****   break;
1958:../../Middlewares/stedgeai-lib/Npu/ll_aton/ll_aton_lib_sw_operators.c ****   case 4:
1959:../../Middlewares/stedgeai-lib/Npu/ll_aton/ll_aton_lib_sw_operators.c ****   {
1960:../../Middlewares/stedgeai-lib/Npu/ll_aton/ll_aton_lib_sw_operators.c ****     int32_t *ptr = (int32_t *)(int8_t *)out_target;
1961:../../Middlewares/stedgeai-lib/Npu/ll_aton/ll_aton_lib_sw_operators.c ****     for (uint32_t i = 0; i < common_params->out_size / 4; i++)
1962:../../Middlewares/stedgeai-lib/Npu/ll_aton/ll_aton_lib_sw_operators.c ****     {
1963:../../Middlewares/stedgeai-lib/Npu/ll_aton/ll_aton_lib_sw_operators.c ****       LL_ATON_PRINTF("%d\n", ptr[i]);
1964:../../Middlewares/stedgeai-lib/Npu/ll_aton/ll_aton_lib_sw_operators.c ****     }
1965:../../Middlewares/stedgeai-lib/Npu/ll_aton/ll_aton_lib_sw_operators.c ****   }
1966:../../Middlewares/stedgeai-lib/Npu/ll_aton/ll_aton_lib_sw_operators.c ****   break;
1967:../../Middlewares/stedgeai-lib/Npu/ll_aton/ll_aton_lib_sw_operators.c ****   default:
1968:../../Middlewares/stedgeai-lib/Npu/ll_aton/ll_aton_lib_sw_operators.c ****     LL_ATON_ASSERT(false);
1969:../../Middlewares/stedgeai-lib/Npu/ll_aton/ll_aton_lib_sw_operators.c ****     break;
1970:../../Middlewares/stedgeai-lib/Npu/ll_aton/ll_aton_lib_sw_operators.c ****   }
1971:../../Middlewares/stedgeai-lib/Npu/ll_aton/ll_aton_lib_sw_operators.c **** #endif // DUMP_RESULTS_PAD_OP
1972:../../Middlewares/stedgeai-lib/Npu/ll_aton/ll_aton_lib_sw_operators.c **** 
1973:../../Middlewares/stedgeai-lib/Npu/ll_aton/ll_aton_lib_sw_operators.c ****   return LL_ATON_OK;
1974:../../Middlewares/stedgeai-lib/Npu/ll_aton/ll_aton_lib_sw_operators.c **** }
1975:../../Middlewares/stedgeai-lib/Npu/ll_aton/ll_aton_lib_sw_operators.c **** 
1976:../../Middlewares/stedgeai-lib/Npu/ll_aton/ll_aton_lib_sw_operators.c **** int LL_ATON_LIB_Pad_Standard(unsigned char *input, unsigned char *output, unsigned char *input_limi
1977:../../Middlewares/stedgeai-lib/Npu/ll_aton/ll_aton_lib_sw_operators.c ****                              unsigned char *output_limit, const uint32_t *min_shape, uint8_t mode, 
1978:../../Middlewares/stedgeai-lib/Npu/ll_aton/ll_aton_lib_sw_operators.c ****                              uint32_t out_elems, int32_t constant_value, uint32_t consecutive_axis,
1979:../../Middlewares/stedgeai-lib/Npu/ll_aton/ll_aton_lib_sw_operators.c ****                              uint32_t consecutive_elems, const int32_t *pad_in_offsets_start,
1980:../../Middlewares/stedgeai-lib/Npu/ll_aton/ll_aton_lib_sw_operators.c ****                              const int32_t *pad_in_offsets_end, const int32_t *pad_out_offsets_star
1981:../../Middlewares/stedgeai-lib/Npu/ll_aton/ll_aton_lib_sw_operators.c ****                              const int32_t *pad_out_offsets_end, const int32_t *out_shape, const in
1982:../../Middlewares/stedgeai-lib/Npu/ll_aton/ll_aton_lib_sw_operators.c ****                              size_t tensor_rank, int dma_in, int dma_out)
1983:../../Middlewares/stedgeai-lib/Npu/ll_aton/ll_aton_lib_sw_operators.c **** {
1984:../../Middlewares/stedgeai-lib/Npu/ll_aton/ll_aton_lib_sw_operators.c ****   LL_ATON_ASSERT(dma_in >= 0);
1985:../../Middlewares/stedgeai-lib/Npu/ll_aton/ll_aton_lib_sw_operators.c ****   LL_ATON_ASSERT(dma_out >= 0);
1986:../../Middlewares/stedgeai-lib/Npu/ll_aton/ll_aton_lib_sw_operators.c **** 
1987:../../Middlewares/stedgeai-lib/Npu/ll_aton/ll_aton_lib_sw_operators.c ****   size_t out_size = out_elems * nbytes;
1988:../../Middlewares/stedgeai-lib/Npu/ll_aton/ll_aton_lib_sw_operators.c ****   uint32_t consecutive_bytes = consecutive_elems * nbytes;
1989:../../Middlewares/stedgeai-lib/Npu/ll_aton/ll_aton_lib_sw_operators.c **** 
1990:../../Middlewares/stedgeai-lib/Npu/ll_aton/ll_aton_lib_sw_operators.c ****   __ll_pad_sw_params_t common_params = {
1991:../../Middlewares/stedgeai-lib/Npu/ll_aton/ll_aton_lib_sw_operators.c ****     .in_target = (int8_t *)input,
1992:../../Middlewares/stedgeai-lib/Npu/ll_aton/ll_aton_lib_sw_operators.c ****     .out_target = (int8_t *)output,
1993:../../Middlewares/stedgeai-lib/Npu/ll_aton/ll_aton_lib_sw_operators.c ****     .in_limit = (int8_t *)input_limit,
1994:../../Middlewares/stedgeai-lib/Npu/ll_aton/ll_aton_lib_sw_operators.c ****     .out_limit = (int8_t *)output_limit,
1995:../../Middlewares/stedgeai-lib/Npu/ll_aton/ll_aton_lib_sw_operators.c ****     .nbytes = nbytes,
1996:../../Middlewares/stedgeai-lib/Npu/ll_aton/ll_aton_lib_sw_operators.c ****     .mode = mode,
1997:../../Middlewares/stedgeai-lib/Npu/ll_aton/ll_aton_lib_sw_operators.c ****     .tensor_rank = tensor_rank,
ARM GAS  /tmp/ccBdscOF.s 			page 121


1998:../../Middlewares/stedgeai-lib/Npu/ll_aton/ll_aton_lib_sw_operators.c ****     .saved_in_target = (int8_t *)input,
1999:../../Middlewares/stedgeai-lib/Npu/ll_aton/ll_aton_lib_sw_operators.c ****     .saved_out_target = (int8_t *)output,
2000:../../Middlewares/stedgeai-lib/Npu/ll_aton/ll_aton_lib_sw_operators.c ****     .end_out_target = (int8_t *)output + out_size,
2001:../../Middlewares/stedgeai-lib/Npu/ll_aton/ll_aton_lib_sw_operators.c ****     .callback_function = NULL,
2002:../../Middlewares/stedgeai-lib/Npu/ll_aton/ll_aton_lib_sw_operators.c ****     .consecutive_axis = consecutive_axis,
2003:../../Middlewares/stedgeai-lib/Npu/ll_aton/ll_aton_lib_sw_operators.c ****     .consecutive_bytes = consecutive_bytes,
2004:../../Middlewares/stedgeai-lib/Npu/ll_aton/ll_aton_lib_sw_operators.c ****     .dma_in = dma_in,
2005:../../Middlewares/stedgeai-lib/Npu/ll_aton/ll_aton_lib_sw_operators.c ****     .dma_out = dma_out,
2006:../../Middlewares/stedgeai-lib/Npu/ll_aton/ll_aton_lib_sw_operators.c **** #if defined(DUMP_RESULTS_PAD_OP)
2007:../../Middlewares/stedgeai-lib/Npu/ll_aton/ll_aton_lib_sw_operators.c ****     .out_size = out_size,
2008:../../Middlewares/stedgeai-lib/Npu/ll_aton/ll_aton_lib_sw_operators.c **** #endif
2009:../../Middlewares/stedgeai-lib/Npu/ll_aton/ll_aton_lib_sw_operators.c **** 
2010:../../Middlewares/stedgeai-lib/Npu/ll_aton/ll_aton_lib_sw_operators.c ****     .min_shape = min_shape,
2011:../../Middlewares/stedgeai-lib/Npu/ll_aton/ll_aton_lib_sw_operators.c ****     .pad_in_offsets_start = pad_in_offsets_start,
2012:../../Middlewares/stedgeai-lib/Npu/ll_aton/ll_aton_lib_sw_operators.c ****     .pad_in_offsets_end = pad_in_offsets_end,
2013:../../Middlewares/stedgeai-lib/Npu/ll_aton/ll_aton_lib_sw_operators.c ****     .pad_out_offsets_start = pad_out_offsets_start,
2014:../../Middlewares/stedgeai-lib/Npu/ll_aton/ll_aton_lib_sw_operators.c ****     .pad_out_offsets_end = pad_out_offsets_end,
2015:../../Middlewares/stedgeai-lib/Npu/ll_aton/ll_aton_lib_sw_operators.c ****     .out_shape = out_shape,
2016:../../Middlewares/stedgeai-lib/Npu/ll_aton/ll_aton_lib_sw_operators.c ****     .out_offsets = out_offsets,
2017:../../Middlewares/stedgeai-lib/Npu/ll_aton/ll_aton_lib_sw_operators.c ****   };
2018:../../Middlewares/stedgeai-lib/Npu/ll_aton/ll_aton_lib_sw_operators.c **** 
2019:../../Middlewares/stedgeai-lib/Npu/ll_aton/ll_aton_lib_sw_operators.c ****   if (consecutive_bytes == 0)
2020:../../Middlewares/stedgeai-lib/Npu/ll_aton/ll_aton_lib_sw_operators.c ****   {
2021:../../Middlewares/stedgeai-lib/Npu/ll_aton/ll_aton_lib_sw_operators.c ****     // corner case: nothing needs to be copied/filled in (just `memset`), align with `onnxruntime (
2022:../../Middlewares/stedgeai-lib/Npu/ll_aton/ll_aton_lib_sw_operators.c ****     // reference implementation
2023:../../Middlewares/stedgeai-lib/Npu/ll_aton/ll_aton_lib_sw_operators.c ****     constant_value = 0;
2024:../../Middlewares/stedgeai-lib/Npu/ll_aton/ll_aton_lib_sw_operators.c ****   }
2025:../../Middlewares/stedgeai-lib/Npu/ll_aton/ll_aton_lib_sw_operators.c **** 
2026:../../Middlewares/stedgeai-lib/Npu/ll_aton/ll_aton_lib_sw_operators.c ****   switch (mode)
2027:../../Middlewares/stedgeai-lib/Npu/ll_aton/ll_aton_lib_sw_operators.c ****   {
2028:../../Middlewares/stedgeai-lib/Npu/ll_aton/ll_aton_lib_sw_operators.c ****   case 0: // `constant` mode
2029:../../Middlewares/stedgeai-lib/Npu/ll_aton/ll_aton_lib_sw_operators.c ****     /* fill output with constant value
2030:../../Middlewares/stedgeai-lib/Npu/ll_aton/ll_aton_lib_sw_operators.c ****        (TODO: trade-off between one shot and multiple single short shots - without overwriting non 
2031:../../Middlewares/stedgeai-lib/Npu/ll_aton/ll_aton_lib_sw_operators.c ****        ranges - still to be evaluated) */
2032:../../Middlewares/stedgeai-lib/Npu/ll_aton/ll_aton_lib_sw_operators.c ****     if ((out_size < __LL_PAD_FRAMING_DMA_MIN_BUFF_LEN) || (tensor_rank > __LL_DMA_PAD_MAX_DIMS))
2033:../../Middlewares/stedgeai-lib/Npu/ll_aton/ll_aton_lib_sw_operators.c ****     {
2034:../../Middlewares/stedgeai-lib/Npu/ll_aton/ll_aton_lib_sw_operators.c ****       __ll_aton_lib_memset(nbytes, (int8_t *)output, constant_value, out_size);
2035:../../Middlewares/stedgeai-lib/Npu/ll_aton/ll_aton_lib_sw_operators.c ****       return __ll_aton_lib_pad_filling(&common_params);
2036:../../Middlewares/stedgeai-lib/Npu/ll_aton/ll_aton_lib_sw_operators.c ****     }
2037:../../Middlewares/stedgeai-lib/Npu/ll_aton/ll_aton_lib_sw_operators.c ****     else
2038:../../Middlewares/stedgeai-lib/Npu/ll_aton/ll_aton_lib_sw_operators.c ****     {
2039:../../Middlewares/stedgeai-lib/Npu/ll_aton/ll_aton_lib_sw_operators.c ****       common_params.callback_function = (pad_callback_func_t)&__ll_aton_lib_pad_filling;
2040:../../Middlewares/stedgeai-lib/Npu/ll_aton/ll_aton_lib_sw_operators.c ****       return LL_ATON_LIB_DMA_Pad_Memset((int8_t *)output, constant_value, out_size, &common_params,
2041:../../Middlewares/stedgeai-lib/Npu/ll_aton/ll_aton_lib_sw_operators.c ****                                         true); // first phase (in this case `framing`) is made in H
2042:../../Middlewares/stedgeai-lib/Npu/ll_aton/ll_aton_lib_sw_operators.c ****     }
2043:../../Middlewares/stedgeai-lib/Npu/ll_aton/ll_aton_lib_sw_operators.c **** 
2044:../../Middlewares/stedgeai-lib/Npu/ll_aton/ll_aton_lib_sw_operators.c ****   case 1: // `reflect` mode
2045:../../Middlewares/stedgeai-lib/Npu/ll_aton/ll_aton_lib_sw_operators.c ****     if ((consecutive_bytes < __LL_PAD_FILLING_DMA_MIN_BUFF_LEN) || (tensor_rank > __LL_DMA_PAD_MAX_
2046:../../Middlewares/stedgeai-lib/Npu/ll_aton/ll_aton_lib_sw_operators.c ****     {                                                        // do it without HW support
2047:../../Middlewares/stedgeai-lib/Npu/ll_aton/ll_aton_lib_sw_operators.c ****       __ll_aton_lib_pad_reflect_sw(0, &common_params, true); // all (i.e. `filling` & `framing`) is
2048:../../Middlewares/stedgeai-lib/Npu/ll_aton/ll_aton_lib_sw_operators.c ****     }
2049:../../Middlewares/stedgeai-lib/Npu/ll_aton/ll_aton_lib_sw_operators.c ****     else
2050:../../Middlewares/stedgeai-lib/Npu/ll_aton/ll_aton_lib_sw_operators.c ****     {
2051:../../Middlewares/stedgeai-lib/Npu/ll_aton/ll_aton_lib_sw_operators.c ****       common_params.callback_function = (pad_callback_func_t)&__ll_aton_lib_pad_framing_sw;
2052:../../Middlewares/stedgeai-lib/Npu/ll_aton/ll_aton_lib_sw_operators.c ****       return LL_ATON_LIB_DMA_Pad_Filling(&common_params); // first phase (in this case `filling`) i
2053:../../Middlewares/stedgeai-lib/Npu/ll_aton/ll_aton_lib_sw_operators.c ****     }
2054:../../Middlewares/stedgeai-lib/Npu/ll_aton/ll_aton_lib_sw_operators.c ****     break;
ARM GAS  /tmp/ccBdscOF.s 			page 122


2055:../../Middlewares/stedgeai-lib/Npu/ll_aton/ll_aton_lib_sw_operators.c **** 
2056:../../Middlewares/stedgeai-lib/Npu/ll_aton/ll_aton_lib_sw_operators.c ****   case 2: // `edge` mode
2057:../../Middlewares/stedgeai-lib/Npu/ll_aton/ll_aton_lib_sw_operators.c ****     if ((consecutive_bytes < __LL_PAD_FILLING_DMA_MIN_BUFF_LEN) || (tensor_rank > __LL_DMA_PAD_MAX_
2058:../../Middlewares/stedgeai-lib/Npu/ll_aton/ll_aton_lib_sw_operators.c ****     {                                                     // do it without HW support
2059:../../Middlewares/stedgeai-lib/Npu/ll_aton/ll_aton_lib_sw_operators.c ****       __ll_aton_lib_pad_edge_sw(0, &common_params, true); // all is done in SW
2060:../../Middlewares/stedgeai-lib/Npu/ll_aton/ll_aton_lib_sw_operators.c ****     }
2061:../../Middlewares/stedgeai-lib/Npu/ll_aton/ll_aton_lib_sw_operators.c ****     else
2062:../../Middlewares/stedgeai-lib/Npu/ll_aton/ll_aton_lib_sw_operators.c ****     {
2063:../../Middlewares/stedgeai-lib/Npu/ll_aton/ll_aton_lib_sw_operators.c ****       common_params.callback_function = (pad_callback_func_t)&__ll_aton_lib_pad_framing_sw;
2064:../../Middlewares/stedgeai-lib/Npu/ll_aton/ll_aton_lib_sw_operators.c ****       return LL_ATON_LIB_DMA_Pad_Filling(&common_params); // first phase (in this case `filling`) i
2065:../../Middlewares/stedgeai-lib/Npu/ll_aton/ll_aton_lib_sw_operators.c ****     }
2066:../../Middlewares/stedgeai-lib/Npu/ll_aton/ll_aton_lib_sw_operators.c ****     break;
2067:../../Middlewares/stedgeai-lib/Npu/ll_aton/ll_aton_lib_sw_operators.c **** 
2068:../../Middlewares/stedgeai-lib/Npu/ll_aton/ll_aton_lib_sw_operators.c ****   default:
2069:../../Middlewares/stedgeai-lib/Npu/ll_aton/ll_aton_lib_sw_operators.c ****     __LL_LIB_ERROR(_ERR_MODE, LL_ATON_INVALID_PARAM)
2070:../../Middlewares/stedgeai-lib/Npu/ll_aton/ll_aton_lib_sw_operators.c ****   }
2071:../../Middlewares/stedgeai-lib/Npu/ll_aton/ll_aton_lib_sw_operators.c **** 
2072:../../Middlewares/stedgeai-lib/Npu/ll_aton/ll_aton_lib_sw_operators.c **** #if defined(DUMP_RESULTS_PAD_OP)
2073:../../Middlewares/stedgeai-lib/Npu/ll_aton/ll_aton_lib_sw_operators.c ****   /* debug output print */
2074:../../Middlewares/stedgeai-lib/Npu/ll_aton/ll_aton_lib_sw_operators.c ****   switch (common_params.nbytes)
2075:../../Middlewares/stedgeai-lib/Npu/ll_aton/ll_aton_lib_sw_operators.c ****   {
2076:../../Middlewares/stedgeai-lib/Npu/ll_aton/ll_aton_lib_sw_operators.c ****   case 1:
2077:../../Middlewares/stedgeai-lib/Npu/ll_aton/ll_aton_lib_sw_operators.c ****   {
2078:../../Middlewares/stedgeai-lib/Npu/ll_aton/ll_aton_lib_sw_operators.c ****     int8_t *ptr = (int8_t *)output;
2079:../../Middlewares/stedgeai-lib/Npu/ll_aton/ll_aton_lib_sw_operators.c ****     for (uint32_t i = 0; i < common_params.out_size; i++)
2080:../../Middlewares/stedgeai-lib/Npu/ll_aton/ll_aton_lib_sw_operators.c ****     {
2081:../../Middlewares/stedgeai-lib/Npu/ll_aton/ll_aton_lib_sw_operators.c ****       LL_ATON_PRINTF("%d\n", ptr[i]);
2082:../../Middlewares/stedgeai-lib/Npu/ll_aton/ll_aton_lib_sw_operators.c ****     }
2083:../../Middlewares/stedgeai-lib/Npu/ll_aton/ll_aton_lib_sw_operators.c ****   }
2084:../../Middlewares/stedgeai-lib/Npu/ll_aton/ll_aton_lib_sw_operators.c ****   break;
2085:../../Middlewares/stedgeai-lib/Npu/ll_aton/ll_aton_lib_sw_operators.c ****   case 2:
2086:../../Middlewares/stedgeai-lib/Npu/ll_aton/ll_aton_lib_sw_operators.c ****   {
2087:../../Middlewares/stedgeai-lib/Npu/ll_aton/ll_aton_lib_sw_operators.c ****     int16_t *ptr = (int16_t *)(int8_t *)output;
2088:../../Middlewares/stedgeai-lib/Npu/ll_aton/ll_aton_lib_sw_operators.c ****     for (uint32_t i = 0; i < common_params.out_size / 2; i++)
2089:../../Middlewares/stedgeai-lib/Npu/ll_aton/ll_aton_lib_sw_operators.c ****     {
2090:../../Middlewares/stedgeai-lib/Npu/ll_aton/ll_aton_lib_sw_operators.c ****       LL_ATON_PRINTF("%d\n", ptr[i]);
2091:../../Middlewares/stedgeai-lib/Npu/ll_aton/ll_aton_lib_sw_operators.c ****     }
2092:../../Middlewares/stedgeai-lib/Npu/ll_aton/ll_aton_lib_sw_operators.c ****   }
2093:../../Middlewares/stedgeai-lib/Npu/ll_aton/ll_aton_lib_sw_operators.c ****   break;
2094:../../Middlewares/stedgeai-lib/Npu/ll_aton/ll_aton_lib_sw_operators.c ****   case 3: // NOTE: assuming no alignment
2095:../../Middlewares/stedgeai-lib/Npu/ll_aton/ll_aton_lib_sw_operators.c ****   {
2096:../../Middlewares/stedgeai-lib/Npu/ll_aton/ll_aton_lib_sw_operators.c ****     /* check endianness */
2097:../../Middlewares/stedgeai-lib/Npu/ll_aton/ll_aton_lib_sw_operators.c ****     const int32_t _const_val = 0x01020304;
2098:../../Middlewares/stedgeai-lib/Npu/ll_aton/ll_aton_lib_sw_operators.c ****     const int8_t *_const_val_ptr = (int8_t *)&_const_val;
2099:../../Middlewares/stedgeai-lib/Npu/ll_aton/ll_aton_lib_sw_operators.c ****     bool is_little_endian = (_const_val_ptr[0] == 0x04);
2100:../../Middlewares/stedgeai-lib/Npu/ll_aton/ll_aton_lib_sw_operators.c **** 
2101:../../Middlewares/stedgeai-lib/Npu/ll_aton/ll_aton_lib_sw_operators.c ****     int8_t *ptr = (int8_t *)output;
2102:../../Middlewares/stedgeai-lib/Npu/ll_aton/ll_aton_lib_sw_operators.c ****     if (is_little_endian)
2103:../../Middlewares/stedgeai-lib/Npu/ll_aton/ll_aton_lib_sw_operators.c ****     {
2104:../../Middlewares/stedgeai-lib/Npu/ll_aton/ll_aton_lib_sw_operators.c ****       for (uint32_t i = 0; i < common_params.out_size / 3; i += 3)
2105:../../Middlewares/stedgeai-lib/Npu/ll_aton/ll_aton_lib_sw_operators.c ****       {
2106:../../Middlewares/stedgeai-lib/Npu/ll_aton/ll_aton_lib_sw_operators.c ****         int32_t value = 0;
2107:../../Middlewares/stedgeai-lib/Npu/ll_aton/ll_aton_lib_sw_operators.c **** 
2108:../../Middlewares/stedgeai-lib/Npu/ll_aton/ll_aton_lib_sw_operators.c ****         value |= ptr[i];
2109:../../Middlewares/stedgeai-lib/Npu/ll_aton/ll_aton_lib_sw_operators.c ****         value |= ptr[i + 1] << 8;
2110:../../Middlewares/stedgeai-lib/Npu/ll_aton/ll_aton_lib_sw_operators.c ****         value |= ptr[i + 2] << 16;
2111:../../Middlewares/stedgeai-lib/Npu/ll_aton/ll_aton_lib_sw_operators.c **** 
ARM GAS  /tmp/ccBdscOF.s 			page 123


2112:../../Middlewares/stedgeai-lib/Npu/ll_aton/ll_aton_lib_sw_operators.c ****         LL_ATON_PRINTF("%d\n", value);
2113:../../Middlewares/stedgeai-lib/Npu/ll_aton/ll_aton_lib_sw_operators.c ****       }
2114:../../Middlewares/stedgeai-lib/Npu/ll_aton/ll_aton_lib_sw_operators.c ****     }
2115:../../Middlewares/stedgeai-lib/Npu/ll_aton/ll_aton_lib_sw_operators.c ****     else
2116:../../Middlewares/stedgeai-lib/Npu/ll_aton/ll_aton_lib_sw_operators.c ****     {
2117:../../Middlewares/stedgeai-lib/Npu/ll_aton/ll_aton_lib_sw_operators.c ****       for (uint32_t i = 0; i < common_params.out_size / 3; i += 3)
2118:../../Middlewares/stedgeai-lib/Npu/ll_aton/ll_aton_lib_sw_operators.c ****       {
2119:../../Middlewares/stedgeai-lib/Npu/ll_aton/ll_aton_lib_sw_operators.c ****         int32_t value = 0;
2120:../../Middlewares/stedgeai-lib/Npu/ll_aton/ll_aton_lib_sw_operators.c **** 
2121:../../Middlewares/stedgeai-lib/Npu/ll_aton/ll_aton_lib_sw_operators.c ****         value |= ptr[i] << 16;
2122:../../Middlewares/stedgeai-lib/Npu/ll_aton/ll_aton_lib_sw_operators.c ****         value |= ptr[i + 1] << 8;
2123:../../Middlewares/stedgeai-lib/Npu/ll_aton/ll_aton_lib_sw_operators.c ****         value |= ptr[i + 2];
2124:../../Middlewares/stedgeai-lib/Npu/ll_aton/ll_aton_lib_sw_operators.c **** 
2125:../../Middlewares/stedgeai-lib/Npu/ll_aton/ll_aton_lib_sw_operators.c ****         LL_ATON_PRINTF("%d\n", value);
2126:../../Middlewares/stedgeai-lib/Npu/ll_aton/ll_aton_lib_sw_operators.c ****       }
2127:../../Middlewares/stedgeai-lib/Npu/ll_aton/ll_aton_lib_sw_operators.c ****     }
2128:../../Middlewares/stedgeai-lib/Npu/ll_aton/ll_aton_lib_sw_operators.c ****   }
2129:../../Middlewares/stedgeai-lib/Npu/ll_aton/ll_aton_lib_sw_operators.c ****   break;
2130:../../Middlewares/stedgeai-lib/Npu/ll_aton/ll_aton_lib_sw_operators.c ****   case 4:
2131:../../Middlewares/stedgeai-lib/Npu/ll_aton/ll_aton_lib_sw_operators.c ****   {
2132:../../Middlewares/stedgeai-lib/Npu/ll_aton/ll_aton_lib_sw_operators.c ****     int32_t *ptr = (int32_t *)(int8_t *)output;
2133:../../Middlewares/stedgeai-lib/Npu/ll_aton/ll_aton_lib_sw_operators.c ****     for (uint32_t i = 0; i < common_params.out_size / 4; i++)
2134:../../Middlewares/stedgeai-lib/Npu/ll_aton/ll_aton_lib_sw_operators.c ****     {
2135:../../Middlewares/stedgeai-lib/Npu/ll_aton/ll_aton_lib_sw_operators.c ****       LL_ATON_PRINTF("%d\n", ptr[i]);
2136:../../Middlewares/stedgeai-lib/Npu/ll_aton/ll_aton_lib_sw_operators.c ****     }
2137:../../Middlewares/stedgeai-lib/Npu/ll_aton/ll_aton_lib_sw_operators.c ****   }
2138:../../Middlewares/stedgeai-lib/Npu/ll_aton/ll_aton_lib_sw_operators.c ****   break;
2139:../../Middlewares/stedgeai-lib/Npu/ll_aton/ll_aton_lib_sw_operators.c ****   default:
2140:../../Middlewares/stedgeai-lib/Npu/ll_aton/ll_aton_lib_sw_operators.c ****     LL_ATON_ASSERT(false);
2141:../../Middlewares/stedgeai-lib/Npu/ll_aton/ll_aton_lib_sw_operators.c ****     break;
2142:../../Middlewares/stedgeai-lib/Npu/ll_aton/ll_aton_lib_sw_operators.c ****   }
2143:../../Middlewares/stedgeai-lib/Npu/ll_aton/ll_aton_lib_sw_operators.c **** #endif // DUMP_RESULTS_PAD_OP
2144:../../Middlewares/stedgeai-lib/Npu/ll_aton/ll_aton_lib_sw_operators.c **** 
2145:../../Middlewares/stedgeai-lib/Npu/ll_aton/ll_aton_lib_sw_operators.c ****   return LL_ATON_OK;
2146:../../Middlewares/stedgeai-lib/Npu/ll_aton/ll_aton_lib_sw_operators.c **** }
2147:../../Middlewares/stedgeai-lib/Npu/ll_aton/ll_aton_lib_sw_operators.c **** 
2148:../../Middlewares/stedgeai-lib/Npu/ll_aton/ll_aton_lib_sw_operators.c **** static int __ll_aton_lib_pad_4loop_filling(__ll_pad_sw_params_t *common_params)
2149:../../Middlewares/stedgeai-lib/Npu/ll_aton/ll_aton_lib_sw_operators.c **** {
 3240              		.loc 1 2149 1 is_stmt 1 view -0
 3241              		.cfi_startproc
 3242              		@ args = 0, pretend = 0, frame = 0
 3243              		@ frame_needed = 0, uses_anonymous_args = 0
2150:../../Middlewares/stedgeai-lib/Npu/ll_aton/ll_aton_lib_sw_operators.c **** #ifndef NDEBUG
2151:../../Middlewares/stedgeai-lib/Npu/ll_aton/ll_aton_lib_sw_operators.c ****   extern NN_Instance_TypeDef *volatile __ll_current_aton_ip_owner;
 3244              		.loc 1 2151 3 view .LVU983
2152:../../Middlewares/stedgeai-lib/Npu/ll_aton/ll_aton_lib_sw_operators.c ****   LL_ATON_ASSERT(__ll_current_aton_ip_owner != NULL);
 3245              		.loc 1 2152 3 view .LVU984
 3246 0000 0E4B     		ldr	r3, .L252
2149:../../Middlewares/stedgeai-lib/Npu/ll_aton/ll_aton_lib_sw_operators.c **** #ifndef NDEBUG
 3247              		.loc 1 2149 1 is_stmt 0 view .LVU985
 3248 0002 10B5     		push	{r4, lr}
 3249              		.cfi_def_cfa_offset 8
 3250              		.cfi_offset 4, -8
 3251              		.cfi_offset 14, -4
 3252              		.loc 1 2152 3 view .LVU986
 3253 0004 1B68     		ldr	r3, [r3]
2149:../../Middlewares/stedgeai-lib/Npu/ll_aton/ll_aton_lib_sw_operators.c **** #ifndef NDEBUG
ARM GAS  /tmp/ccBdscOF.s 			page 124


 3254              		.loc 1 2149 1 view .LVU987
 3255 0006 0446     		mov	r4, r0
 3256              		.loc 1 2152 3 view .LVU988
 3257 0008 33B9     		cbnz	r3, .L248
 3258              	.LBB230:
 3259              	.LBI230:
2148:../../Middlewares/stedgeai-lib/Npu/ll_aton/ll_aton_lib_sw_operators.c **** {
 3260              		.loc 1 2148 12 is_stmt 1 view .LVU989
 3261              	.LVL352:
 3262              	.LBB231:
 3263              		.loc 1 2152 3 is_stmt 0 discriminator 1 view .LVU990
 3264 000a 40F66801 		movw	r1, #2152
 3265 000e 0C4B     		ldr	r3, .L252+4
 3266 0010 0C4A     		ldr	r2, .L252+8
 3267 0012 0D48     		ldr	r0, .L252+12
 3268              	.LVL353:
 3269              		.loc 1 2152 3 discriminator 1 view .LVU991
 3270 0014 FFF7FEFF 		bl	__assert_func
 3271              	.LVL354:
 3272              	.L248:
 3273              		.loc 1 2152 3 discriminator 1 view .LVU992
 3274              	.LBE231:
 3275              	.LBE230:
2153:../../Middlewares/stedgeai-lib/Npu/ll_aton/ll_aton_lib_sw_operators.c **** #endif // !NDEBUG
2154:../../Middlewares/stedgeai-lib/Npu/ll_aton/ll_aton_lib_sw_operators.c **** 
2155:../../Middlewares/stedgeai-lib/Npu/ll_aton/ll_aton_lib_sw_operators.c ****   if (common_params->callback_function != NULL) /* take this as indication for "called as callback"
 3276              		.loc 1 2155 3 is_stmt 1 view .LVU993
 3277              		.loc 1 2155 6 is_stmt 0 view .LVU994
 3278 0018 D0F89430 		ldr	r3, [r0, #148]
 3279 001c 23B1     		cbz	r3, .L249
2156:../../Middlewares/stedgeai-lib/Npu/ll_aton/ll_aton_lib_sw_operators.c ****   {
2157:../../Middlewares/stedgeai-lib/Npu/ll_aton/ll_aton_lib_sw_operators.c ****     return LL_ATON_LIB_DMA_Pad_4Loop_Filling(NULL);
 3280              		.loc 1 2157 5 is_stmt 1 view .LVU995
 3281              		.loc 1 2157 12 is_stmt 0 view .LVU996
 3282 001e 0020     		movs	r0, #0
 3283              	.LVL355:
 3284              	.L251:
2158:../../Middlewares/stedgeai-lib/Npu/ll_aton/ll_aton_lib_sw_operators.c ****   }
2159:../../Middlewares/stedgeai-lib/Npu/ll_aton/ll_aton_lib_sw_operators.c ****   else // not a callback => `memset` (i.e. `framing`) has been executed in SW
2160:../../Middlewares/stedgeai-lib/Npu/ll_aton/ll_aton_lib_sw_operators.c ****   {
2161:../../Middlewares/stedgeai-lib/Npu/ll_aton/ll_aton_lib_sw_operators.c ****     if ((common_params->out_end - common_params->out_target) > 0)
2162:../../Middlewares/stedgeai-lib/Npu/ll_aton/ll_aton_lib_sw_operators.c ****     {
2163:../../Middlewares/stedgeai-lib/Npu/ll_aton/ll_aton_lib_sw_operators.c ****       /* *** MCU cache clean & invalidate operation (SW) *** */
2164:../../Middlewares/stedgeai-lib/Npu/ll_aton/ll_aton_lib_sw_operators.c ****       uint32_t size = (uintptr_t)(common_params->out_end) - (uintptr_t)(common_params->out_target);
2165:../../Middlewares/stedgeai-lib/Npu/ll_aton/ll_aton_lib_sw_operators.c ****       LL_ATON_Cache_MCU_Clean_Invalidate_Range(ATON_LIB_PHYSICAL_TO_VIRTUAL_ADDR((uintptr_t)common_
2166:../../Middlewares/stedgeai-lib/Npu/ll_aton/ll_aton_lib_sw_operators.c ****                                                size);
2167:../../Middlewares/stedgeai-lib/Npu/ll_aton/ll_aton_lib_sw_operators.c ****     }
2168:../../Middlewares/stedgeai-lib/Npu/ll_aton/ll_aton_lib_sw_operators.c **** 
2169:../../Middlewares/stedgeai-lib/Npu/ll_aton/ll_aton_lib_sw_operators.c ****     return LL_ATON_LIB_DMA_Pad_4Loop_Filling(common_params);
2170:../../Middlewares/stedgeai-lib/Npu/ll_aton/ll_aton_lib_sw_operators.c ****   }
2171:../../Middlewares/stedgeai-lib/Npu/ll_aton/ll_aton_lib_sw_operators.c **** }
 3285              		.loc 1 2171 1 view .LVU997
 3286 0020 BDE81040 		pop	{r4, lr}
 3287              		.cfi_remember_state
 3288              		.cfi_restore 14
 3289              		.cfi_restore 4
 3290              		.cfi_def_cfa_offset 0
ARM GAS  /tmp/ccBdscOF.s 			page 125


 3291              	.LVL356:
2169:../../Middlewares/stedgeai-lib/Npu/ll_aton/ll_aton_lib_sw_operators.c ****   }
 3292              		.loc 1 2169 12 view .LVU998
 3293 0024 FFF7FEBF 		b	LL_ATON_LIB_DMA_Pad_4Loop_Filling
 3294              	.LVL357:
 3295              	.L249:
 3296              		.cfi_restore_state
2161:../../Middlewares/stedgeai-lib/Npu/ll_aton/ll_aton_lib_sw_operators.c ****     {
 3297              		.loc 1 2161 5 is_stmt 1 view .LVU999
2161:../../Middlewares/stedgeai-lib/Npu/ll_aton/ll_aton_lib_sw_operators.c ****     {
 3298              		.loc 1 2161 48 is_stmt 0 view .LVU1000
 3299 0028 D0E90301 		ldrd	r0, r1, [r0, #12]
 3300              	.LVL358:
2161:../../Middlewares/stedgeai-lib/Npu/ll_aton/ll_aton_lib_sw_operators.c ****     {
 3301              		.loc 1 2161 33 view .LVU1001
 3302 002c 0B1A     		subs	r3, r1, r0
2161:../../Middlewares/stedgeai-lib/Npu/ll_aton/ll_aton_lib_sw_operators.c ****     {
 3303              		.loc 1 2161 8 view .LVU1002
 3304 002e 002B     		cmp	r3, #0
 3305 0030 01DD     		ble	.L250
 3306              	.LBB232:
2164:../../Middlewares/stedgeai-lib/Npu/ll_aton/ll_aton_lib_sw_operators.c ****       LL_ATON_Cache_MCU_Clean_Invalidate_Range(ATON_LIB_PHYSICAL_TO_VIRTUAL_ADDR((uintptr_t)common_
 3307              		.loc 1 2164 7 is_stmt 1 view .LVU1003
 3308              	.LVL359:
2165:../../Middlewares/stedgeai-lib/Npu/ll_aton/ll_aton_lib_sw_operators.c ****                                                size);
 3309              		.loc 1 2165 7 view .LVU1004
 3310              	.LBB233:
 3311              	.LBI233:
  91:../../Middlewares/stedgeai-lib/Npu/ll_aton/ll_aton_caches_interface.h ****   {
 3312              		.loc 3 91 22 view .LVU1005
 3313              	.LBB234:
  93:../../Middlewares/stedgeai-lib/Npu/ll_aton/ll_aton_caches_interface.h ****     mcu_cache_clean_invalidate_range(virtual_addr, virtual_addr + size);
 3314              		.loc 3 93 34 view .LVU1006
  94:../../Middlewares/stedgeai-lib/Npu/ll_aton/ll_aton_caches_interface.h ****     LL_ATON_OSAL_UNLOCK_MCU_CACHE();
 3315              		.loc 3 94 5 view .LVU1007
 3316 0032 FFF7FEFF 		bl	mcu_cache_clean_invalidate_range
 3317              	.LVL360:
 3318              		.loc 3 95 36 view .LVU1008
 3319              	.L250:
 3320              		.loc 3 95 36 is_stmt 0 view .LVU1009
 3321              	.LBE234:
 3322              	.LBE233:
 3323              	.LBE232:
2169:../../Middlewares/stedgeai-lib/Npu/ll_aton/ll_aton_lib_sw_operators.c ****   }
 3324              		.loc 1 2169 5 is_stmt 1 view .LVU1010
2169:../../Middlewares/stedgeai-lib/Npu/ll_aton/ll_aton_lib_sw_operators.c ****   }
 3325              		.loc 1 2169 12 is_stmt 0 view .LVU1011
 3326 0036 2046     		mov	r0, r4
 3327 0038 F2E7     		b	.L251
 3328              	.L253:
 3329 003a 00BF     		.align	2
 3330              	.L252:
 3331 003c 00000000 		.word	__ll_current_aton_ip_owner
 3332 0040 00000000 		.word	.LC3
 3333 0044 00000000 		.word	__func__.0
 3334 0048 2D000000 		.word	.LC1
 3335              		.cfi_endproc
ARM GAS  /tmp/ccBdscOF.s 			page 126


 3336              	.LFE369:
 3338              		.section	.rodata.__ll_aton_lib_pad_framing_sw.str1.1,"aMS",%progbits,1
 3339              	.LC32:
 3340 0000 636F6D6D 		.ascii	"common_params->callback_function != ((void *)0)\000"
 3340      6F6E5F70 
 3340      6172616D 
 3340      732D3E63 
 3340      616C6C62 
 3341              		.section	.text.__ll_aton_lib_pad_framing_sw,"ax",%progbits
 3342              		.align	1
 3343              		.syntax unified
 3344              		.thumb
 3345              		.thumb_func
 3347              	__ll_aton_lib_pad_framing_sw:
 3348              	.LVL361:
 3349              	.LFB367:
1864:../../Middlewares/stedgeai-lib/Npu/ll_aton/ll_aton_lib_sw_operators.c **** #ifndef NDEBUG
 3350              		.loc 1 1864 1 is_stmt 1 view -0
 3351              		.cfi_startproc
 3352              		@ args = 0, pretend = 0, frame = 0
 3353              		@ frame_needed = 0, uses_anonymous_args = 0
1866:../../Middlewares/stedgeai-lib/Npu/ll_aton/ll_aton_lib_sw_operators.c ****   LL_ATON_ASSERT(__ll_current_aton_ip_owner != NULL);
 3354              		.loc 1 1866 3 view .LVU1013
1867:../../Middlewares/stedgeai-lib/Npu/ll_aton/ll_aton_lib_sw_operators.c **** #endif // !NDEBUG
 3355              		.loc 1 1867 3 view .LVU1014
 3356 0000 1D4B     		ldr	r3, .L266
1864:../../Middlewares/stedgeai-lib/Npu/ll_aton/ll_aton_lib_sw_operators.c **** #ifndef NDEBUG
 3357              		.loc 1 1864 1 is_stmt 0 view .LVU1015
 3358 0002 10B5     		push	{r4, lr}
 3359              		.cfi_def_cfa_offset 8
 3360              		.cfi_offset 4, -8
 3361              		.cfi_offset 14, -4
1867:../../Middlewares/stedgeai-lib/Npu/ll_aton/ll_aton_lib_sw_operators.c **** #endif // !NDEBUG
 3362              		.loc 1 1867 3 view .LVU1016
 3363 0004 1B68     		ldr	r3, [r3]
1864:../../Middlewares/stedgeai-lib/Npu/ll_aton/ll_aton_lib_sw_operators.c **** #ifndef NDEBUG
 3364              		.loc 1 1864 1 view .LVU1017
 3365 0006 0446     		mov	r4, r0
1867:../../Middlewares/stedgeai-lib/Npu/ll_aton/ll_aton_lib_sw_operators.c **** #endif // !NDEBUG
 3366              		.loc 1 1867 3 view .LVU1018
 3367 0008 33B9     		cbnz	r3, .L255
1867:../../Middlewares/stedgeai-lib/Npu/ll_aton/ll_aton_lib_sw_operators.c **** #endif // !NDEBUG
 3368              		.loc 1 1867 3 discriminator 1 view .LVU1019
 3369 000a 40F24B71 		movw	r1, #1867
 3370 000e 1B4B     		ldr	r3, .L266+4
 3371 0010 1B4A     		ldr	r2, .L266+8
 3372              	.LVL362:
 3373              	.L265:
1892:../../Middlewares/stedgeai-lib/Npu/ll_aton/ll_aton_lib_sw_operators.c ****   if ((common_params->end_out_target - common_params->saved_out_target) > 0)
 3374              		.loc 1 1892 3 discriminator 1 view .LVU1020
 3375 0012 1C48     		ldr	r0, .L266+12
 3376 0014 FFF7FEFF 		bl	__assert_func
 3377              	.LVL363:
 3378              	.L255:
1871:../../Middlewares/stedgeai-lib/Npu/ll_aton/ll_aton_lib_sw_operators.c ****   common_params->out_target = common_params->saved_out_target;
 3379              		.loc 1 1871 3 is_stmt 1 view .LVU1021
1871:../../Middlewares/stedgeai-lib/Npu/ll_aton/ll_aton_lib_sw_operators.c ****   common_params->out_target = common_params->saved_out_target;
ARM GAS  /tmp/ccBdscOF.s 			page 127


 3380              		.loc 1 1871 28 is_stmt 0 view .LVU1022
 3381 0018 436A     		ldr	r3, [r0, #36]
 3382 001a 0360     		str	r3, [r0]
1872:../../Middlewares/stedgeai-lib/Npu/ll_aton/ll_aton_lib_sw_operators.c **** 
 3383              		.loc 1 1872 3 is_stmt 1 view .LVU1023
1872:../../Middlewares/stedgeai-lib/Npu/ll_aton/ll_aton_lib_sw_operators.c **** 
 3384              		.loc 1 1872 29 is_stmt 0 view .LVU1024
 3385 001c 836A     		ldr	r3, [r0, #40]
 3386 001e C360     		str	r3, [r0, #12]
1878:../../Middlewares/stedgeai-lib/Npu/ll_aton/ll_aton_lib_sw_operators.c ****   {
 3387              		.loc 1 1878 3 is_stmt 1 view .LVU1025
1878:../../Middlewares/stedgeai-lib/Npu/ll_aton/ll_aton_lib_sw_operators.c ****   {
 3388              		.loc 1 1878 24 is_stmt 0 view .LVU1026
 3389 0020 90F82130 		ldrb	r3, [r0, #33]	@ zero_extendqisi2
1878:../../Middlewares/stedgeai-lib/Npu/ll_aton/ll_aton_lib_sw_operators.c ****   {
 3390              		.loc 1 1878 3 view .LVU1027
 3391 0024 012B     		cmp	r3, #1
 3392 0026 0AD0     		beq	.L256
 3393 0028 022B     		cmp	r3, #2
 3394 002a 15D0     		beq	.L257
1889:../../Middlewares/stedgeai-lib/Npu/ll_aton/ll_aton_lib_sw_operators.c ****   }
 3395              		.loc 1 1889 5 is_stmt 1 view .LVU1028
 3396 002c 1020     		movs	r0, #16
 3397              	.LVL364:
1889:../../Middlewares/stedgeai-lib/Npu/ll_aton/ll_aton_lib_sw_operators.c ****   }
 3398              		.loc 1 1889 5 is_stmt 0 view .LVU1029
 3399 002e 40F26171 		movw	r1, #1889
 3400 0032 154A     		ldr	r2, .L266+16
 3401 0034 FFF7FEFF 		bl	__ll_lib_error
 3402              	.LVL365:
1889:../../Middlewares/stedgeai-lib/Npu/ll_aton/ll_aton_lib_sw_operators.c ****   }
 3403              		.loc 1 1889 5 is_stmt 1 discriminator 1 view .LVU1030
 3404 0038 6FF00100 		mvn	r0, #1
 3405              	.L254:
1974:../../Middlewares/stedgeai-lib/Npu/ll_aton/ll_aton_lib_sw_operators.c **** 
 3406              		.loc 1 1974 1 is_stmt 0 view .LVU1031
 3407 003c 10BD     		pop	{r4, pc}
 3408              	.LVL366:
 3409              	.L256:
1881:../../Middlewares/stedgeai-lib/Npu/ll_aton/ll_aton_lib_sw_operators.c ****     break;
 3410              		.loc 1 1881 5 is_stmt 1 view .LVU1032
 3411 003e 0022     		movs	r2, #0
 3412 0040 0146     		mov	r1, r0
 3413 0042 1046     		mov	r0, r2
 3414              	.LVL367:
1881:../../Middlewares/stedgeai-lib/Npu/ll_aton/ll_aton_lib_sw_operators.c ****     break;
 3415              		.loc 1 1881 5 is_stmt 0 view .LVU1033
 3416 0044 FFF7FEFF 		bl	__ll_aton_lib_pad_reflect_sw
 3417              	.LVL368:
1882:../../Middlewares/stedgeai-lib/Npu/ll_aton/ll_aton_lib_sw_operators.c **** 
 3418              		.loc 1 1882 5 is_stmt 1 view .LVU1034
 3419              	.L259:
1892:../../Middlewares/stedgeai-lib/Npu/ll_aton/ll_aton_lib_sw_operators.c ****   if ((common_params->end_out_target - common_params->saved_out_target) > 0)
 3420              		.loc 1 1892 3 view .LVU1035
 3421 0048 D4F89430 		ldr	r3, [r4, #148]
 3422 004c 53B9     		cbnz	r3, .L261
1892:../../Middlewares/stedgeai-lib/Npu/ll_aton/ll_aton_lib_sw_operators.c ****   if ((common_params->end_out_target - common_params->saved_out_target) > 0)
ARM GAS  /tmp/ccBdscOF.s 			page 128


 3423              		.loc 1 1892 3 is_stmt 0 discriminator 1 view .LVU1036
 3424 004e 40F26471 		movw	r1, #1892
 3425 0052 0E4B     		ldr	r3, .L266+20
 3426 0054 0A4A     		ldr	r2, .L266+8
 3427 0056 DCE7     		b	.L265
 3428              	.LVL369:
 3429              	.L257:
1885:../../Middlewares/stedgeai-lib/Npu/ll_aton/ll_aton_lib_sw_operators.c ****     break;
 3430              		.loc 1 1885 5 is_stmt 1 view .LVU1037
 3431 0058 0022     		movs	r2, #0
 3432 005a 0146     		mov	r1, r0
 3433 005c 1046     		mov	r0, r2
 3434              	.LVL370:
1885:../../Middlewares/stedgeai-lib/Npu/ll_aton/ll_aton_lib_sw_operators.c ****     break;
 3435              		.loc 1 1885 5 is_stmt 0 view .LVU1038
 3436 005e FFF7FEFF 		bl	__ll_aton_lib_pad_edge_sw
 3437              	.LVL371:
1886:../../Middlewares/stedgeai-lib/Npu/ll_aton/ll_aton_lib_sw_operators.c **** 
 3438              		.loc 1 1886 5 is_stmt 1 view .LVU1039
 3439 0062 F1E7     		b	.L259
 3440              	.L261:
1893:../../Middlewares/stedgeai-lib/Npu/ll_aton/ll_aton_lib_sw_operators.c ****   {
 3441              		.loc 1 1893 3 view .LVU1040
1893:../../Middlewares/stedgeai-lib/Npu/ll_aton/ll_aton_lib_sw_operators.c ****   {
 3442              		.loc 1 1893 21 is_stmt 0 view .LVU1041
 3443 0064 216B     		ldr	r1, [r4, #48]
1893:../../Middlewares/stedgeai-lib/Npu/ll_aton/ll_aton_lib_sw_operators.c ****   {
 3444              		.loc 1 1893 53 view .LVU1042
 3445 0066 A06A     		ldr	r0, [r4, #40]
1893:../../Middlewares/stedgeai-lib/Npu/ll_aton/ll_aton_lib_sw_operators.c ****   {
 3446              		.loc 1 1893 38 view .LVU1043
 3447 0068 0B1A     		subs	r3, r1, r0
1893:../../Middlewares/stedgeai-lib/Npu/ll_aton/ll_aton_lib_sw_operators.c ****   {
 3448              		.loc 1 1893 6 view .LVU1044
 3449 006a 002B     		cmp	r3, #0
 3450 006c 01DC     		bgt	.L262
 3451              	.L263:
1973:../../Middlewares/stedgeai-lib/Npu/ll_aton/ll_aton_lib_sw_operators.c **** }
 3452              		.loc 1 1973 10 view .LVU1045
 3453 006e 0020     		movs	r0, #0
 3454 0070 E4E7     		b	.L254
 3455              	.L262:
 3456              	.LBB238:
1896:../../Middlewares/stedgeai-lib/Npu/ll_aton/ll_aton_lib_sw_operators.c ****     LL_ATON_Cache_MCU_Clean_Range(ATON_LIB_PHYSICAL_TO_VIRTUAL_ADDR((uintptr_t)common_params->saved
 3457              		.loc 1 1896 5 is_stmt 1 view .LVU1046
 3458              	.LVL372:
1897:../../Middlewares/stedgeai-lib/Npu/ll_aton/ll_aton_lib_sw_operators.c ****   }
 3459              		.loc 1 1897 5 view .LVU1047
 3460              	.LBB239:
 3461              	.LBI239:
  51:../../Middlewares/stedgeai-lib/Npu/ll_aton/ll_aton_caches_interface.h ****   {
 3462              		.loc 3 51 22 view .LVU1048
 3463              	.LBB240:
  53:../../Middlewares/stedgeai-lib/Npu/ll_aton/ll_aton_caches_interface.h ****     mcu_cache_clean_range(virtual_addr, virtual_addr + size);
 3464              		.loc 3 53 34 view .LVU1049
  54:../../Middlewares/stedgeai-lib/Npu/ll_aton/ll_aton_caches_interface.h ****     LL_ATON_OSAL_UNLOCK_MCU_CACHE();
 3465              		.loc 3 54 5 view .LVU1050
ARM GAS  /tmp/ccBdscOF.s 			page 129


 3466 0072 FFF7FEFF 		bl	mcu_cache_clean_range
 3467              	.LVL373:
  55:../../Middlewares/stedgeai-lib/Npu/ll_aton/ll_aton_caches_interface.h ****   }
 3468              		.loc 3 55 36 view .LVU1051
  56:../../Middlewares/stedgeai-lib/Npu/ll_aton/ll_aton_caches_interface.h **** 
 3469              		.loc 3 56 3 is_stmt 0 view .LVU1052
 3470 0076 FAE7     		b	.L263
 3471              	.L267:
 3472              		.align	2
 3473              	.L266:
 3474 0078 00000000 		.word	__ll_current_aton_ip_owner
 3475 007c 00000000 		.word	.LC3
 3476 0080 00000000 		.word	__func__.12
 3477 0084 2D000000 		.word	.LC1
 3478 0088 00000000 		.word	__FUNCTION__.11
 3479 008c 00000000 		.word	.LC32
 3480              	.LBE240:
 3481              	.LBE239:
 3482              	.LBE238:
 3483              		.cfi_endproc
 3484              	.LFE367:
 3486              		.section	.rodata.__ll_aton_lib_transpose.str1.1,"aMS",%progbits,1
 3487              	.LC33:
 3488 0000 63757272 		.ascii	"curr_in_axis == (common_params->rank - 1)\000"
 3488      5F696E5F 
 3488      61786973 
 3488      203D3D20 
 3488      28636F6D 
 3489              	.LC34:
 3490 002a 656C656D 		.ascii	"elem->axis < (common_params->rank - 1)\000"
 3490      2D3E6178 
 3490      6973203C 
 3490      2028636F 
 3490      6D6D6F6E 
 3491              		.section	.text.__ll_aton_lib_transpose,"ax",%progbits
 3492              		.align	1
 3493              		.syntax unified
 3494              		.thumb
 3495              		.thumb_func
 3497              	__ll_aton_lib_transpose:
 3498              	.LVL374:
 3499              	.LFB349:
 905:../../Middlewares/stedgeai-lib/Npu/ll_aton/ll_aton_lib_sw_operators.c ****   __ll_stack_lnklst_t linked_stack_list = {.back_link = back_link, .axis = curr_in_axis, .index = 0
 3500              		.loc 1 905 1 is_stmt 1 view -0
 3501              		.cfi_startproc
 3502              		@ args = 0, pretend = 0, frame = 16
 3503              		@ frame_needed = 0, uses_anonymous_args = 0
 906:../../Middlewares/stedgeai-lib/Npu/ll_aton/ll_aton_lib_sw_operators.c **** 
 3504              		.loc 1 906 3 view .LVU1054
 905:../../Middlewares/stedgeai-lib/Npu/ll_aton/ll_aton_lib_sw_operators.c ****   __ll_stack_lnklst_t linked_stack_list = {.back_link = back_link, .axis = curr_in_axis, .index = 0
 3505              		.loc 1 905 1 is_stmt 0 view .LVU1055
 3506 0000 2DE9F043 		push	{r4, r5, r6, r7, r8, r9, lr}
 3507              		.cfi_def_cfa_offset 28
 3508              		.cfi_offset 4, -28
 3509              		.cfi_offset 5, -24
 3510              		.cfi_offset 6, -20
 3511              		.cfi_offset 7, -16
ARM GAS  /tmp/ccBdscOF.s 			page 130


 3512              		.cfi_offset 8, -12
 3513              		.cfi_offset 9, -8
 3514              		.cfi_offset 14, -4
 906:../../Middlewares/stedgeai-lib/Npu/ll_aton/ll_aton_lib_sw_operators.c **** 
 3515              		.loc 1 906 23 view .LVU1056
 3516 0004 0024     		movs	r4, #0
 908:../../Middlewares/stedgeai-lib/Npu/ll_aton/ll_aton_lib_sw_operators.c ****   { // intermediate axis
 3517              		.loc 1 908 36 view .LVU1057
 3518 0006 D3F800C0 		ldr	ip, [r3]
 905:../../Middlewares/stedgeai-lib/Npu/ll_aton/ll_aton_lib_sw_operators.c ****   __ll_stack_lnklst_t linked_stack_list = {.back_link = back_link, .axis = curr_in_axis, .index = 0
 3519              		.loc 1 905 1 view .LVU1058
 3520 000a 1D46     		mov	r5, r3
 908:../../Middlewares/stedgeai-lib/Npu/ll_aton/ll_aton_lib_sw_operators.c ****   { // intermediate axis
 3521              		.loc 1 908 43 view .LVU1059
 3522 000c 0CF1FF33 		add	r3, ip, #-1
 3523              	.LVL375:
 905:../../Middlewares/stedgeai-lib/Npu/ll_aton/ll_aton_lib_sw_operators.c ****   __ll_stack_lnklst_t linked_stack_list = {.back_link = back_link, .axis = curr_in_axis, .index = 0
 3524              		.loc 1 905 1 view .LVU1060
 3525 0010 85B0     		sub	sp, sp, #20
 3526              		.cfi_def_cfa_offset 48
 908:../../Middlewares/stedgeai-lib/Npu/ll_aton/ll_aton_lib_sw_operators.c ****   { // intermediate axis
 3527              		.loc 1 908 6 view .LVU1061
 3528 0012 8342     		cmp	r3, r0
 905:../../Middlewares/stedgeai-lib/Npu/ll_aton/ll_aton_lib_sw_operators.c ****   __ll_stack_lnklst_t linked_stack_list = {.back_link = back_link, .axis = curr_in_axis, .index = 0
 3529              		.loc 1 905 1 view .LVU1062
 3530 0014 0E46     		mov	r6, r1
 906:../../Middlewares/stedgeai-lib/Npu/ll_aton/ll_aton_lib_sw_operators.c **** 
 3531              		.loc 1 906 23 view .LVU1063
 3532 0016 CDE90120 		strd	r2, r0, [sp, #4]
 3533 001a 0394     		str	r4, [sp, #12]
 908:../../Middlewares/stedgeai-lib/Npu/ll_aton/ll_aton_lib_sw_operators.c ****   { // intermediate axis
 3534              		.loc 1 908 3 is_stmt 1 view .LVU1064
 908:../../Middlewares/stedgeai-lib/Npu/ll_aton/ll_aton_lib_sw_operators.c ****   { // intermediate axis
 3535              		.loc 1 908 6 is_stmt 0 view .LVU1065
 3536 001c 19D8     		bhi	.L286
 3537              	.LBB258:
 917:../../Middlewares/stedgeai-lib/Npu/ll_aton/ll_aton_lib_sw_operators.c **** 
 3538              		.loc 1 917 5 is_stmt 1 view .LVU1066
 3539 001e 1AD0     		beq	.L273
 917:../../Middlewares/stedgeai-lib/Npu/ll_aton/ll_aton_lib_sw_operators.c **** 
 3540              		.loc 1 917 5 is_stmt 0 discriminator 1 view .LVU1067
 3541 0020 40F29531 		movw	r1, #917
 3542              	.LVL376:
 917:../../Middlewares/stedgeai-lib/Npu/ll_aton/ll_aton_lib_sw_operators.c **** 
 3543              		.loc 1 917 5 discriminator 1 view .LVU1068
 3544 0024 344B     		ldr	r3, .L292
 3545 0026 354A     		ldr	r2, .L292+4
 3546              	.LVL377:
 3547              	.L291:
 3548              	.LBB259:
 3549              	.LBB260:
 3550              	.LBB261:
 3551              	.LBB262:
 3552              	.LBB263:
 3553              	.LBB264:
 860:../../Middlewares/stedgeai-lib/Npu/ll_aton/ll_aton_lib_sw_operators.c ****   return 0;
 3554              		.loc 1 860 3 view .LVU1069
ARM GAS  /tmp/ccBdscOF.s 			page 131


 3555 0028 3548     		ldr	r0, .L292+8
 3556              	.LVL378:
 860:../../Middlewares/stedgeai-lib/Npu/ll_aton/ll_aton_lib_sw_operators.c ****   return 0;
 3557              		.loc 1 860 3 view .LVU1070
 3558 002a FFF7FEFF 		bl	__assert_func
 3559              	.LVL379:
 3560              	.L271:
 860:../../Middlewares/stedgeai-lib/Npu/ll_aton/ll_aton_lib_sw_operators.c ****   return 0;
 3561              		.loc 1 860 3 view .LVU1071
 3562              	.LBE264:
 3563              	.LBE263:
 3564              	.LBE262:
 3565              	.LBE261:
 3566              	.LBE260:
 3567              	.LBE259:
 3568              	.LBE258:
 912:../../Middlewares/stedgeai-lib/Npu/ll_aton/ll_aton_lib_sw_operators.c ****     }
 3569              		.loc 1 912 7 is_stmt 1 view .LVU1072
 3570 002e 2B46     		mov	r3, r5
 3571 0030 3146     		mov	r1, r6
 3572 0032 3846     		mov	r0, r7
 3573 0034 01AA     		add	r2, sp, #4
 3574 0036 FFF7E3FF 		bl	__ll_aton_lib_transpose
 3575              	.LVL380:
 910:../../Middlewares/stedgeai-lib/Npu/ll_aton/ll_aton_lib_sw_operators.c ****     {
 3576              		.loc 1 910 115 discriminator 2 view .LVU1073
 3577 003a 039C     		ldr	r4, [sp, #12]
 3578 003c 0134     		adds	r4, r4, #1
 3579 003e 0394     		str	r4, [sp, #12]
 3580              	.L269:
 910:../../Middlewares/stedgeai-lib/Npu/ll_aton/ll_aton_lib_sw_operators.c ****     {
 3581              		.loc 1 910 36 discriminator 1 view .LVU1074
 910:../../Middlewares/stedgeai-lib/Npu/ll_aton/ll_aton_lib_sw_operators.c ****     {
 3582              		.loc 1 910 66 is_stmt 0 discriminator 1 view .LVU1075
 3583 0040 AB68     		ldr	r3, [r5, #8]
 910:../../Middlewares/stedgeai-lib/Npu/ll_aton/ll_aton_lib_sw_operators.c ****     {
 3584              		.loc 1 910 36 discriminator 1 view .LVU1076
 3585 0042 029A     		ldr	r2, [sp, #8]
 3586 0044 53F82230 		ldr	r3, [r3, r2, lsl #2]
 3587 0048 A342     		cmp	r3, r4
 3588 004a F0D8     		bhi	.L271
 3589              	.LVL381:
 3590              	.L268:
 949:../../Middlewares/stedgeai-lib/Npu/ll_aton/ll_aton_lib_sw_operators.c **** 
 3591              		.loc 1 949 1 view .LVU1077
 3592 004c 05B0     		add	sp, sp, #20
 3593              		.cfi_remember_state
 3594              		.cfi_def_cfa_offset 28
 3595              		@ sp needed
 3596 004e BDE8F083 		pop	{r4, r5, r6, r7, r8, r9, pc}
 3597              	.LVL382:
 3598              	.L286:
 3599              		.cfi_restore_state
 912:../../Middlewares/stedgeai-lib/Npu/ll_aton/ll_aton_lib_sw_operators.c ****     }
 3600              		.loc 1 912 44 view .LVU1078
 3601 0052 471C     		adds	r7, r0, #1
 3602 0054 F4E7     		b	.L269
ARM GAS  /tmp/ccBdscOF.s 			page 132


 3603              	.L273:
 3604              	.LBB287:
 920:../../Middlewares/stedgeai-lib/Npu/ll_aton/ll_aton_lib_sw_operators.c ****     int8_t *base_in_target = __ll_transp_get_input_base_pos(common_params, &linked_stack_list);
 3605              		.loc 1 920 5 is_stmt 1 view .LVU1079
 3606              	.LVL383:
 3607              	.LBB275:
 3608              	.LBI259:
 864:../../Middlewares/stedgeai-lib/Npu/ll_aton/ll_aton_lib_sw_operators.c ****                                                       const __ll_transp_params_t *common_params,
 3609              		.loc 1 864 23 view .LVU1080
 3610              	.LBB273:
 868:../../Middlewares/stedgeai-lib/Npu/ll_aton/ll_aton_lib_sw_operators.c ****   int8_t *target = common_params->out_tensor;
 3611              		.loc 1 868 3 view .LVU1081
 869:../../Middlewares/stedgeai-lib/Npu/ll_aton/ll_aton_lib_sw_operators.c **** 
 3612              		.loc 1 869 3 view .LVU1082
 869:../../Middlewares/stedgeai-lib/Npu/ll_aton/ll_aton_lib_sw_operators.c **** 
 3613              		.loc 1 869 11 is_stmt 0 view .LVU1083
 3614 0056 EF69     		ldr	r7, [r5, #28]
 3615              	.LVL384:
 871:../../Middlewares/stedgeai-lib/Npu/ll_aton/ll_aton_lib_sw_operators.c ****   {
 3616              		.loc 1 871 3 is_stmt 1 view .LVU1084
 3617              	.LBB271:
 871:../../Middlewares/stedgeai-lib/Npu/ll_aton/ll_aton_lib_sw_operators.c ****   {
 3618              		.loc 1 871 8 view .LVU1085
 3619              	.L274:
 871:../../Middlewares/stedgeai-lib/Npu/ll_aton/ll_aton_lib_sw_operators.c ****   {
 3620              		.loc 1 871 46 discriminator 1 view .LVU1086
 3621 0058 A445     		cmp	ip, r4
 3622 005a 16D1     		bne	.L278
 871:../../Middlewares/stedgeai-lib/Npu/ll_aton/ll_aton_lib_sw_operators.c ****   {
 3623              		.loc 1 871 46 is_stmt 0 discriminator 1 view .LVU1087
 3624              	.LBE271:
 881:../../Middlewares/stedgeai-lib/Npu/ll_aton/ll_aton_lib_sw_operators.c **** }
 3625              		.loc 1 881 3 is_stmt 1 view .LVU1088
 3626              	.LVL385:
 881:../../Middlewares/stedgeai-lib/Npu/ll_aton/ll_aton_lib_sw_operators.c **** }
 3627              		.loc 1 881 3 is_stmt 0 view .LVU1089
 3628              	.LBE273:
 3629              	.LBE275:
 921:../../Middlewares/stedgeai-lib/Npu/ll_aton/ll_aton_lib_sw_operators.c ****     uint32_t out_axes_offset = common_params->out_axis_off[inner_out_axis];
 3630              		.loc 1 921 5 is_stmt 1 view .LVU1090
 3631              	.LBB276:
 3632              	.LBI276:
 884:../../Middlewares/stedgeai-lib/Npu/ll_aton/ll_aton_lib_sw_operators.c ****                                               __ll_stack_lnklst_t *linked_stack_list)
 3633              		.loc 1 884 16 view .LVU1091
 3634              	.LBB277:
 887:../../Middlewares/stedgeai-lib/Npu/ll_aton/ll_aton_lib_sw_operators.c **** 
 3635              		.loc 1 887 3 view .LVU1092
 889:../../Middlewares/stedgeai-lib/Npu/ll_aton/ll_aton_lib_sw_operators.c **** 
 3636              		.loc 1 889 3 view .LVU1093
 889:../../Middlewares/stedgeai-lib/Npu/ll_aton/ll_aton_lib_sw_operators.c **** 
 3637              		.loc 1 889 17 is_stmt 0 view .LVU1094
 3638 005c D5F81880 		ldr	r8, [r5, #24]
 3639              	.LVL386:
 891:../../Middlewares/stedgeai-lib/Npu/ll_aton/ll_aton_lib_sw_operators.c **** 
 3640              		.loc 1 891 3 is_stmt 1 view .LVU1095
 893:../../Middlewares/stedgeai-lib/Npu/ll_aton/ll_aton_lib_sw_operators.c ****   {
 3641              		.loc 1 893 3 view .LVU1096
ARM GAS  /tmp/ccBdscOF.s 			page 133


 3642              	.LBB278:
 893:../../Middlewares/stedgeai-lib/Npu/ll_aton/ll_aton_lib_sw_operators.c ****   {
 3643              		.loc 1 893 8 view .LVU1097
 3644              	.L279:
 893:../../Middlewares/stedgeai-lib/Npu/ll_aton/ll_aton_lib_sw_operators.c ****   {
 3645              		.loc 1 893 71 discriminator 1 view .LVU1098
 3646 0060 62BB     		cbnz	r2, .L281
 893:../../Middlewares/stedgeai-lib/Npu/ll_aton/ll_aton_lib_sw_operators.c ****   {
 3647              		.loc 1 893 71 is_stmt 0 discriminator 1 view .LVU1099
 3648              	.LBE278:
 900:../../Middlewares/stedgeai-lib/Npu/ll_aton/ll_aton_lib_sw_operators.c **** }
 3649              		.loc 1 900 3 is_stmt 1 view .LVU1100
 3650              	.LVL387:
 900:../../Middlewares/stedgeai-lib/Npu/ll_aton/ll_aton_lib_sw_operators.c **** }
 3651              		.loc 1 900 3 is_stmt 0 view .LVU1101
 3652              	.LBE277:
 3653              	.LBE276:
 922:../../Middlewares/stedgeai-lib/Npu/ll_aton/ll_aton_lib_sw_operators.c **** 
 3654              		.loc 1 922 5 is_stmt 1 view .LVU1102
 922:../../Middlewares/stedgeai-lib/Npu/ll_aton/ll_aton_lib_sw_operators.c **** 
 3655              		.loc 1 922 14 is_stmt 0 view .LVU1103
 3656 0062 2B69     		ldr	r3, [r5, #16]
 924:../../Middlewares/stedgeai-lib/Npu/ll_aton/ll_aton_lib_sw_operators.c ****     const uint8_t byte_size = common_params->byte_size;
 3657              		.loc 1 924 60 view .LVU1104
 3658 0064 04F18044 		add	r4, r4, #1073741824
 922:../../Middlewares/stedgeai-lib/Npu/ll_aton/ll_aton_lib_sw_operators.c **** 
 3659              		.loc 1 922 14 view .LVU1105
 3660 0068 53F82660 		ldr	r6, [r3, r6, lsl #2]
 3661              	.LVL388:
 924:../../Middlewares/stedgeai-lib/Npu/ll_aton/ll_aton_lib_sw_operators.c ****     const uint8_t byte_size = common_params->byte_size;
 3662              		.loc 1 924 5 is_stmt 1 view .LVU1106
 924:../../Middlewares/stedgeai-lib/Npu/ll_aton/ll_aton_lib_sw_operators.c ****     const uint8_t byte_size = common_params->byte_size;
 3663              		.loc 1 924 20 is_stmt 0 view .LVU1107
 3664 006c AB68     		ldr	r3, [r5, #8]
 924:../../Middlewares/stedgeai-lib/Npu/ll_aton/ll_aton_lib_sw_operators.c ****     const uint8_t byte_size = common_params->byte_size;
 3665              		.loc 1 924 60 view .LVU1108
 3666 006e 013C     		subs	r4, r4, #1
 924:../../Middlewares/stedgeai-lib/Npu/ll_aton/ll_aton_lib_sw_operators.c ****     const uint8_t byte_size = common_params->byte_size;
 3667              		.loc 1 924 20 view .LVU1109
 3668 0070 53F82490 		ldr	r9, [r3, r4, lsl #2]
 3669              	.LVL389:
 925:../../Middlewares/stedgeai-lib/Npu/ll_aton/ll_aton_lib_sw_operators.c **** 
 3670              		.loc 1 925 5 is_stmt 1 view .LVU1110
 925:../../Middlewares/stedgeai-lib/Npu/ll_aton/ll_aton_lib_sw_operators.c **** 
 3671              		.loc 1 925 19 is_stmt 0 view .LVU1111
 3672 0074 2C7D     		ldrb	r4, [r5, #20]	@ zero_extendqisi2
 3673              	.LVL390:
 927:../../Middlewares/stedgeai-lib/Npu/ll_aton/ll_aton_lib_sw_operators.c ****     {
 3674              		.loc 1 927 5 is_stmt 1 view .LVU1112
 3675 0076 1146     		mov	r1, r2
 927:../../Middlewares/stedgeai-lib/Npu/ll_aton/ll_aton_lib_sw_operators.c ****     {
 3676              		.loc 1 927 8 is_stmt 0 view .LVU1113
 3677 0078 B442     		cmp	r4, r6
 3678 007a 39D1     		bne	.L282
 3679              	.LBB283:
 940:../../Middlewares/stedgeai-lib/Npu/ll_aton/ll_aton_lib_sw_operators.c **** 
 3680              		.loc 1 940 7 is_stmt 1 view .LVU1114
ARM GAS  /tmp/ccBdscOF.s 			page 134


 3681              	.LVL391:
 942:../../Middlewares/stedgeai-lib/Npu/ll_aton/ll_aton_lib_sw_operators.c ****       int8_t *out_target =
 3682              		.loc 1 942 7 view .LVU1115
 943:../../Middlewares/stedgeai-lib/Npu/ll_aton/ll_aton_lib_sw_operators.c ****           base_out_target + (linked_stack_list.index * out_axes_offset); // `byte_size == out_axes_
 3683              		.loc 1 943 7 view .LVU1116
 946:../../Middlewares/stedgeai-lib/Npu/ll_aton/ll_aton_lib_sw_operators.c ****     }
 3684              		.loc 1 946 7 view .LVU1117
 3685 007c 4146     		mov	r1, r8
 3686 007e 3846     		mov	r0, r7
 3687              	.LVL392:
 946:../../Middlewares/stedgeai-lib/Npu/ll_aton/ll_aton_lib_sw_operators.c ****     }
 3688              		.loc 1 946 7 is_stmt 0 view .LVU1118
 3689 0080 09FB04F2 		mul	r2, r9, r4
 3690              	.LVL393:
 946:../../Middlewares/stedgeai-lib/Npu/ll_aton/ll_aton_lib_sw_operators.c ****     }
 3691              		.loc 1 946 7 view .LVU1119
 3692 0084 FFF7FEFF 		bl	memcpy
 3693              	.LVL394:
 946:../../Middlewares/stedgeai-lib/Npu/ll_aton/ll_aton_lib_sw_operators.c ****     }
 3694              		.loc 1 946 7 view .LVU1120
 3695              	.LBE283:
 3696              	.LBE287:
 949:../../Middlewares/stedgeai-lib/Npu/ll_aton/ll_aton_lib_sw_operators.c **** 
 3697              		.loc 1 949 1 view .LVU1121
 3698 0088 E0E7     		b	.L268
 3699              	.LVL395:
 3700              	.L278:
 3701              	.LBB288:
 3702              	.LBB284:
 3703              	.LBB274:
 3704              	.LBB272:
 3705              	.LBB269:
 873:../../Middlewares/stedgeai-lib/Npu/ll_aton/ll_aton_lib_sw_operators.c ****       continue;
 3706              		.loc 1 873 5 is_stmt 1 view .LVU1122
 873:../../Middlewares/stedgeai-lib/Npu/ll_aton/ll_aton_lib_sw_operators.c ****       continue;
 3707              		.loc 1 873 8 is_stmt 0 view .LVU1123
 3708 008a A642     		cmp	r6, r4
 3709 008c 0CD0     		beq	.L275
 876:../../Middlewares/stedgeai-lib/Npu/ll_aton/ll_aton_lib_sw_operators.c ****     uint32_t input_index = __ll_transp_find_input_index(linked_stack_list, common_params->perm, out
 3710              		.loc 1 876 5 is_stmt 1 view .LVU1124
 876:../../Middlewares/stedgeai-lib/Npu/ll_aton/ll_aton_lib_sw_operators.c ****     uint32_t input_index = __ll_transp_find_input_index(linked_stack_list, common_params->perm, out
 3711              		.loc 1 876 14 is_stmt 0 view .LVU1125
 3712 008e 2B69     		ldr	r3, [r5, #16]
 3713 0090 53F824E0 		ldr	lr, [r3, r4, lsl #2]
 3714              	.LVL396:
 877:../../Middlewares/stedgeai-lib/Npu/ll_aton/ll_aton_lib_sw_operators.c ****     target += (input_index * axis_size);
 3715              		.loc 1 877 5 is_stmt 1 view .LVU1126
 3716              	.LBB267:
 3717              	.LBI263:
 849:../../Middlewares/stedgeai-lib/Npu/ll_aton/ll_aton_lib_sw_operators.c ****                                                     uint32_t output_axis)
 3718              		.loc 1 849 24 view .LVU1127
 3719              	.LBB265:
 852:../../Middlewares/stedgeai-lib/Npu/ll_aton/ll_aton_lib_sw_operators.c ****   for (; elem != NULL; elem = elem->back_link)
 3720              		.loc 1 852 3 view .LVU1128
 852:../../Middlewares/stedgeai-lib/Npu/ll_aton/ll_aton_lib_sw_operators.c ****   for (; elem != NULL; elem = elem->back_link)
 3721              		.loc 1 852 39 is_stmt 0 view .LVU1129
 3722 0094 6B68     		ldr	r3, [r5, #4]
ARM GAS  /tmp/ccBdscOF.s 			page 135


 852:../../Middlewares/stedgeai-lib/Npu/ll_aton/ll_aton_lib_sw_operators.c ****   for (; elem != NULL; elem = elem->back_link)
 3723              		.loc 1 852 12 view .LVU1130
 3724 0096 13F80480 		ldrb	r8, [r3, r4]	@ zero_extendqisi2
 3725              	.LVL397:
 853:../../Middlewares/stedgeai-lib/Npu/ll_aton/ll_aton_lib_sw_operators.c ****   {
 3726              		.loc 1 853 3 is_stmt 1 view .LVU1131
 853:../../Middlewares/stedgeai-lib/Npu/ll_aton/ll_aton_lib_sw_operators.c ****   {
 3727              		.loc 1 853 15 discriminator 1 view .LVU1132
 852:../../Middlewares/stedgeai-lib/Npu/ll_aton/ll_aton_lib_sw_operators.c ****   for (; elem != NULL; elem = elem->back_link)
 3728              		.loc 1 852 12 is_stmt 0 view .LVU1133
 3729 009a 01AB     		add	r3, sp, #4
 3730              	.LVL398:
 3731              	.L277:
 855:../../Middlewares/stedgeai-lib/Npu/ll_aton/ll_aton_lib_sw_operators.c ****     {
 3732              		.loc 1 855 5 is_stmt 1 view .LVU1134
 855:../../Middlewares/stedgeai-lib/Npu/ll_aton/ll_aton_lib_sw_operators.c ****     {
 3733              		.loc 1 855 8 is_stmt 0 view .LVU1135
 3734 009c 5968     		ldr	r1, [r3, #4]
 3735 009e 8845     		cmp	r8, r1
 3736 00a0 04D1     		bne	.L276
 857:../../Middlewares/stedgeai-lib/Npu/ll_aton/ll_aton_lib_sw_operators.c ****     }
 3737              		.loc 1 857 7 is_stmt 1 view .LVU1136
 3738              	.LVL399:
 857:../../Middlewares/stedgeai-lib/Npu/ll_aton/ll_aton_lib_sw_operators.c ****     }
 3739              		.loc 1 857 7 is_stmt 0 view .LVU1137
 3740              	.LBE265:
 3741              	.LBE267:
 878:../../Middlewares/stedgeai-lib/Npu/ll_aton/ll_aton_lib_sw_operators.c ****   }
 3742              		.loc 1 878 5 is_stmt 1 view .LVU1138
 878:../../Middlewares/stedgeai-lib/Npu/ll_aton/ll_aton_lib_sw_operators.c ****   }
 3743              		.loc 1 878 28 is_stmt 0 view .LVU1139
 3744 00a2 9B68     		ldr	r3, [r3, #8]
 3745              	.LVL400:
 878:../../Middlewares/stedgeai-lib/Npu/ll_aton/ll_aton_lib_sw_operators.c ****   }
 3746              		.loc 1 878 12 view .LVU1140
 3747 00a4 03FB0E77 		mla	r7, r3, lr, r7
 3748              	.LVL401:
 3749              	.L275:
 878:../../Middlewares/stedgeai-lib/Npu/ll_aton/ll_aton_lib_sw_operators.c ****   }
 3750              		.loc 1 878 12 view .LVU1141
 3751              	.LBE269:
 871:../../Middlewares/stedgeai-lib/Npu/ll_aton/ll_aton_lib_sw_operators.c ****   {
 3752              		.loc 1 871 80 is_stmt 1 discriminator 2 view .LVU1142
 3753 00a8 0134     		adds	r4, r4, #1
 3754              	.LVL402:
 871:../../Middlewares/stedgeai-lib/Npu/ll_aton/ll_aton_lib_sw_operators.c ****   {
 3755              		.loc 1 871 80 is_stmt 0 discriminator 2 view .LVU1143
 3756 00aa D5E7     		b	.L274
 3757              	.LVL403:
 3758              	.L276:
 3759              	.LBB270:
 3760              	.LBB268:
 3761              	.LBB266:
 853:../../Middlewares/stedgeai-lib/Npu/ll_aton/ll_aton_lib_sw_operators.c ****   {
 3762              		.loc 1 853 29 is_stmt 1 view .LVU1144
 3763 00ac 1B68     		ldr	r3, [r3]
 3764              	.LVL404:
ARM GAS  /tmp/ccBdscOF.s 			page 136


 853:../../Middlewares/stedgeai-lib/Npu/ll_aton/ll_aton_lib_sw_operators.c ****   {
 3765              		.loc 1 853 15 discriminator 1 view .LVU1145
 3766 00ae 002B     		cmp	r3, #0
 3767 00b0 F4D1     		bne	.L277
 860:../../Middlewares/stedgeai-lib/Npu/ll_aton/ll_aton_lib_sw_operators.c ****   return 0;
 3768              		.loc 1 860 3 view .LVU1146
 3769 00b2 4FF45771 		mov	r1, #860
 3770 00b6 134B     		ldr	r3, .L292+12
 3771              	.LVL405:
 860:../../Middlewares/stedgeai-lib/Npu/ll_aton/ll_aton_lib_sw_operators.c ****   return 0;
 3772              		.loc 1 860 3 is_stmt 0 view .LVU1147
 3773 00b8 134A     		ldr	r2, .L292+16
 3774              	.LVL406:
 860:../../Middlewares/stedgeai-lib/Npu/ll_aton/ll_aton_lib_sw_operators.c ****   return 0;
 3775              		.loc 1 860 3 view .LVU1148
 3776 00ba B5E7     		b	.L291
 3777              	.LVL407:
 3778              	.L281:
 860:../../Middlewares/stedgeai-lib/Npu/ll_aton/ll_aton_lib_sw_operators.c ****   return 0;
 3779              		.loc 1 860 3 view .LVU1149
 3780              	.LBE266:
 3781              	.LBE268:
 3782              	.LBE270:
 3783              	.LBE272:
 3784              	.LBE274:
 3785              	.LBE284:
 3786              	.LBB285:
 3787              	.LBB282:
 3788              	.LBB281:
 3789              	.LBB279:
 895:../../Middlewares/stedgeai-lib/Npu/ll_aton/ll_aton_lib_sw_operators.c ****     uint32_t axis_size = common_params->in_axis_off[elem->axis];
 3790              		.loc 1 895 5 is_stmt 1 view .LVU1150
 3791 00bc 5168     		ldr	r1, [r2, #4]
 3792 00be 8842     		cmp	r0, r1
 3793 00c0 04D8     		bhi	.L280
 895:../../Middlewares/stedgeai-lib/Npu/ll_aton/ll_aton_lib_sw_operators.c ****     uint32_t axis_size = common_params->in_axis_off[elem->axis];
 3794              		.loc 1 895 5 is_stmt 0 discriminator 1 view .LVU1151
 3795 00c2 40F27F31 		movw	r1, #895
 3796 00c6 114B     		ldr	r3, .L292+20
 3797 00c8 114A     		ldr	r2, .L292+24
 3798              	.LVL408:
 895:../../Middlewares/stedgeai-lib/Npu/ll_aton/ll_aton_lib_sw_operators.c ****     uint32_t axis_size = common_params->in_axis_off[elem->axis];
 3799              		.loc 1 895 5 discriminator 1 view .LVU1152
 3800 00ca ADE7     		b	.L291
 3801              	.LVL409:
 3802              	.L280:
 896:../../Middlewares/stedgeai-lib/Npu/ll_aton/ll_aton_lib_sw_operators.c ****     target += (elem->index * axis_size);
 3803              		.loc 1 896 5 is_stmt 1 view .LVU1153
 897:../../Middlewares/stedgeai-lib/Npu/ll_aton/ll_aton_lib_sw_operators.c ****   }
 3804              		.loc 1 897 5 view .LVU1154
 896:../../Middlewares/stedgeai-lib/Npu/ll_aton/ll_aton_lib_sw_operators.c ****     target += (elem->index * axis_size);
 3805              		.loc 1 896 14 is_stmt 0 view .LVU1155
 3806 00cc EB68     		ldr	r3, [r5, #12]
 897:../../Middlewares/stedgeai-lib/Npu/ll_aton/ll_aton_lib_sw_operators.c ****   }
 3807              		.loc 1 897 28 view .LVU1156
 3808 00ce 53F82110 		ldr	r1, [r3, r1, lsl #2]
 3809              	.LVL410:
ARM GAS  /tmp/ccBdscOF.s 			page 137


 897:../../Middlewares/stedgeai-lib/Npu/ll_aton/ll_aton_lib_sw_operators.c ****   }
 3810              		.loc 1 897 28 view .LVU1157
 3811 00d2 9368     		ldr	r3, [r2, #8]
 3812              	.LBE279:
 893:../../Middlewares/stedgeai-lib/Npu/ll_aton/ll_aton_lib_sw_operators.c ****   {
 3813              		.loc 1 893 85 discriminator 2 view .LVU1158
 3814 00d4 1268     		ldr	r2, [r2]
 3815              	.LVL411:
 3816              	.LBB280:
 897:../../Middlewares/stedgeai-lib/Npu/ll_aton/ll_aton_lib_sw_operators.c ****   }
 3817              		.loc 1 897 12 view .LVU1159
 3818 00d6 03FB0188 		mla	r8, r3, r1, r8
 3819              	.LVL412:
 897:../../Middlewares/stedgeai-lib/Npu/ll_aton/ll_aton_lib_sw_operators.c ****   }
 3820              		.loc 1 897 12 view .LVU1160
 3821              	.LBE280:
 893:../../Middlewares/stedgeai-lib/Npu/ll_aton/ll_aton_lib_sw_operators.c ****   {
 3822              		.loc 1 893 85 is_stmt 1 discriminator 2 view .LVU1161
 3823 00da C1E7     		b	.L279
 3824              	.LVL413:
 3825              	.L284:
 893:../../Middlewares/stedgeai-lib/Npu/ll_aton/ll_aton_lib_sw_operators.c ****   {
 3826              		.loc 1 893 85 is_stmt 0 discriminator 2 view .LVU1162
 3827              	.LBE281:
 3828              	.LBE282:
 3829              	.LBE285:
 3830              	.LBB286:
 932:../../Middlewares/stedgeai-lib/Npu/ll_aton/ll_aton_lib_sw_operators.c ****         int8_t *out_target = base_out_target + (linked_stack_list.index * out_axes_offset);
 3831              		.loc 1 932 9 is_stmt 1 view .LVU1163
 933:../../Middlewares/stedgeai-lib/Npu/ll_aton/ll_aton_lib_sw_operators.c **** 
 3832              		.loc 1 933 9 view .LVU1164
 935:../../Middlewares/stedgeai-lib/Npu/ll_aton/ll_aton_lib_sw_operators.c ****       }
 3833              		.loc 1 935 9 view .LVU1165
 3834 00dc 01FB0482 		mla	r2, r1, r4, r8
 3835              	.LVL414:
 935:../../Middlewares/stedgeai-lib/Npu/ll_aton/ll_aton_lib_sw_operators.c ****       }
 3836              		.loc 1 935 9 is_stmt 0 view .LVU1166
 3837 00e0 2046     		mov	r0, r4
 3838 00e2 01FB0671 		mla	r1, r1, r6, r7
 3839              	.LVL415:
 935:../../Middlewares/stedgeai-lib/Npu/ll_aton/ll_aton_lib_sw_operators.c ****       }
 3840              		.loc 1 935 9 view .LVU1167
 3841 00e6 FFF7FEFF 		bl	__ll_aton_lib_copy_element.isra.0
 3842              	.LVL416:
 935:../../Middlewares/stedgeai-lib/Npu/ll_aton/ll_aton_lib_sw_operators.c ****       }
 3843              		.loc 1 935 9 view .LVU1168
 3844              	.LBE286:
 929:../../Middlewares/stedgeai-lib/Npu/ll_aton/ll_aton_lib_sw_operators.c ****       {
 3845              		.loc 1 929 74 is_stmt 1 discriminator 2 view .LVU1169
 3846 00ea 0399     		ldr	r1, [sp, #12]
 3847 00ec 0131     		adds	r1, r1, #1
 3848 00ee 0391     		str	r1, [sp, #12]
 3849              	.LVL417:
 3850              	.L282:
 929:../../Middlewares/stedgeai-lib/Npu/ll_aton/ll_aton_lib_sw_operators.c ****       {
 3851              		.loc 1 929 38 discriminator 1 view .LVU1170
 3852 00f0 8945     		cmp	r9, r1
ARM GAS  /tmp/ccBdscOF.s 			page 138


 3853 00f2 F3D8     		bhi	.L284
 3854 00f4 AAE7     		b	.L268
 3855              	.L293:
 3856 00f6 00BF     		.align	2
 3857              	.L292:
 3858 00f8 00000000 		.word	.LC33
 3859 00fc 00000000 		.word	__func__.18
 3860 0100 2D000000 		.word	.LC1
 3861 0104 00000000 		.word	.LC6
 3862 0108 00000000 		.word	__func__.16
 3863 010c 2A000000 		.word	.LC34
 3864 0110 00000000 		.word	__func__.15
 3865              	.LBE288:
 3866              		.cfi_endproc
 3867              	.LFE349:
 3869              		.section	.rodata.__ll_aton_lib_slice.str1.1,"aMS",%progbits,1
 3870              	.LC35:
 3871 0000 63757272 		.ascii	"curr_in_axis == (common_params->slice_rank - 1)\000"
 3871      5F696E5F 
 3871      61786973 
 3871      203D3D20 
 3871      28636F6D 
 3872              	.LC36:
 3873 0030 656C656D 		.ascii	"elem->axis < (common_params->slice_rank - 1)\000"
 3873      2D3E6178 
 3873      6973203C 
 3873      2028636F 
 3873      6D6D6F6E 
 3874              		.section	.text.__ll_aton_lib_slice,"ax",%progbits
 3875              		.align	1
 3876              		.syntax unified
 3877              		.thumb
 3878              		.thumb_func
 3880              	__ll_aton_lib_slice:
 3881              	.LVL418:
 3882              	.LFB337:
 215:../../Middlewares/stedgeai-lib/Npu/ll_aton/ll_aton_lib_sw_operators.c ****   uint8_t slice_forwards = (common_params->slice_steps[curr_in_axis] < 0) ? 0 : 1;
 3883              		.loc 1 215 1 view -0
 3884              		.cfi_startproc
 3885              		@ args = 0, pretend = 0, frame = 24
 3886              		@ frame_needed = 0, uses_anonymous_args = 0
 216:../../Middlewares/stedgeai-lib/Npu/ll_aton/ll_aton_lib_sw_operators.c ****   __ll_stack_lnklst_t linked_stack_list = {
 3887              		.loc 1 216 3 view .LVU1172
 215:../../Middlewares/stedgeai-lib/Npu/ll_aton/ll_aton_lib_sw_operators.c ****   uint8_t slice_forwards = (common_params->slice_steps[curr_in_axis] < 0) ? 0 : 1;
 3888              		.loc 1 215 1 is_stmt 0 view .LVU1173
 3889 0000 2DE9F04F 		push	{r4, r5, r6, r7, r8, r9, r10, fp, lr}
 3890              		.cfi_def_cfa_offset 36
 3891              		.cfi_offset 4, -36
 3892              		.cfi_offset 5, -32
 3893              		.cfi_offset 6, -28
 3894              		.cfi_offset 7, -24
 3895              		.cfi_offset 8, -20
 3896              		.cfi_offset 9, -16
 3897              		.cfi_offset 10, -12
 3898              		.cfi_offset 11, -8
 3899              		.cfi_offset 14, -4
 216:../../Middlewares/stedgeai-lib/Npu/ll_aton/ll_aton_lib_sw_operators.c ****   __ll_stack_lnklst_t linked_stack_list = {
ARM GAS  /tmp/ccBdscOF.s 			page 139


 3900              		.loc 1 216 55 view .LVU1174
 3901 0004 D369     		ldr	r3, [r2, #28]
 215:../../Middlewares/stedgeai-lib/Npu/ll_aton/ll_aton_lib_sw_operators.c ****   uint8_t slice_forwards = (common_params->slice_steps[curr_in_axis] < 0) ? 0 : 1;
 3902              		.loc 1 215 1 view .LVU1175
 3903 0006 89B0     		sub	sp, sp, #36
 3904              		.cfi_def_cfa_offset 72
 216:../../Middlewares/stedgeai-lib/Npu/ll_aton/ll_aton_lib_sw_operators.c ****   __ll_stack_lnklst_t linked_stack_list = {
 3905              		.loc 1 216 55 view .LVU1176
 3906 0008 53F820B0 		ldr	fp, [r3, r0, lsl #2]
 3907              	.LVL419:
 217:../../Middlewares/stedgeai-lib/Npu/ll_aton/ll_aton_lib_sw_operators.c ****       .back_link = back_link, .axis = curr_in_axis, .index = common_params->slice_starts[curr_in_ax
 3908              		.loc 1 217 3 is_stmt 1 view .LVU1177
 217:../../Middlewares/stedgeai-lib/Npu/ll_aton/ll_aton_lib_sw_operators.c ****       .back_link = back_link, .axis = curr_in_axis, .index = common_params->slice_starts[curr_in_ax
 3909              		.loc 1 217 23 is_stmt 0 view .LVU1178
 3910 000c CDE90510 		strd	r1, r0, [sp, #20]
 218:../../Middlewares/stedgeai-lib/Npu/ll_aton/ll_aton_lib_sw_operators.c **** 
 3911              		.loc 1 218 89 view .LVU1179
 3912 0010 5369     		ldr	r3, [r2, #20]
 215:../../Middlewares/stedgeai-lib/Npu/ll_aton/ll_aton_lib_sw_operators.c ****   uint8_t slice_forwards = (common_params->slice_steps[curr_in_axis] < 0) ? 0 : 1;
 3913              		.loc 1 215 1 view .LVU1180
 3914 0012 0546     		mov	r5, r0
 218:../../Middlewares/stedgeai-lib/Npu/ll_aton/ll_aton_lib_sw_operators.c **** 
 3915              		.loc 1 218 89 view .LVU1181
 3916 0014 53F82060 		ldr	r6, [r3, r0, lsl #2]
 220:../../Middlewares/stedgeai-lib/Npu/ll_aton/ll_aton_lib_sw_operators.c **** 
 3917              		.loc 1 220 55 view .LVU1182
 3918 0018 9369     		ldr	r3, [r2, #24]
 217:../../Middlewares/stedgeai-lib/Npu/ll_aton/ll_aton_lib_sw_operators.c ****       .back_link = back_link, .axis = curr_in_axis, .index = common_params->slice_starts[curr_in_ax
 3919              		.loc 1 217 23 view .LVU1183
 3920 001a 0796     		str	r6, [sp, #28]
 220:../../Middlewares/stedgeai-lib/Npu/ll_aton/ll_aton_lib_sw_operators.c **** 
 3921              		.loc 1 220 3 is_stmt 1 view .LVU1184
 220:../../Middlewares/stedgeai-lib/Npu/ll_aton/ll_aton_lib_sw_operators.c **** 
 3922              		.loc 1 220 18 is_stmt 0 view .LVU1185
 3923 001c 53F820A0 		ldr	r10, [r3, r0, lsl #2]
 3924              	.LVL420:
 222:../../Middlewares/stedgeai-lib/Npu/ll_aton/ll_aton_lib_sw_operators.c ****   { // intermediate axis
 3925              		.loc 1 222 3 is_stmt 1 view .LVU1186
 222:../../Middlewares/stedgeai-lib/Npu/ll_aton/ll_aton_lib_sw_operators.c ****   { // intermediate axis
 3926              		.loc 1 222 49 is_stmt 0 view .LVU1187
 3927 0020 1369     		ldr	r3, [r2, #16]
 215:../../Middlewares/stedgeai-lib/Npu/ll_aton/ll_aton_lib_sw_operators.c ****   uint8_t slice_forwards = (common_params->slice_steps[curr_in_axis] < 0) ? 0 : 1;
 3928              		.loc 1 215 1 view .LVU1188
 3929 0022 0F46     		mov	r7, r1
 222:../../Middlewares/stedgeai-lib/Npu/ll_aton/ll_aton_lib_sw_operators.c ****   { // intermediate axis
 3930              		.loc 1 222 49 view .LVU1189
 3931 0024 013B     		subs	r3, r3, #1
 222:../../Middlewares/stedgeai-lib/Npu/ll_aton/ll_aton_lib_sw_operators.c ****   { // intermediate axis
 3932              		.loc 1 222 6 view .LVU1190
 3933 0026 8342     		cmp	r3, r0
 215:../../Middlewares/stedgeai-lib/Npu/ll_aton/ll_aton_lib_sw_operators.c ****   uint8_t slice_forwards = (common_params->slice_steps[curr_in_axis] < 0) ? 0 : 1;
 3934              		.loc 1 215 1 view .LVU1191
 3935 0028 1446     		mov	r4, r2
 222:../../Middlewares/stedgeai-lib/Npu/ll_aton/ll_aton_lib_sw_operators.c ****   { // intermediate axis
 3936              		.loc 1 222 6 view .LVU1192
 3937 002a 1DD9     		bls	.L295
 224:../../Middlewares/stedgeai-lib/Npu/ll_aton/ll_aton_lib_sw_operators.c ****     { // slicing forwards
ARM GAS  /tmp/ccBdscOF.s 			page 140


 3938              		.loc 1 224 5 is_stmt 1 view .LVU1193
 224:../../Middlewares/stedgeai-lib/Npu/ll_aton/ll_aton_lib_sw_operators.c ****     { // slicing forwards
 3939              		.loc 1 224 8 is_stmt 0 view .LVU1194
 3940 002c BBF1000F 		cmp	fp, #0
 228:../../Middlewares/stedgeai-lib/Npu/ll_aton/ll_aton_lib_sw_operators.c ****       }
 3941              		.loc 1 228 42 view .LVU1195
 3942 0030 05F10105 		add	r5, r5, #1
 224:../../Middlewares/stedgeai-lib/Npu/ll_aton/ll_aton_lib_sw_operators.c ****     { // slicing forwards
 3943              		.loc 1 224 8 view .LVU1196
 3944 0034 0DDB     		blt	.L297
 3945              	.LVL421:
 3946              	.L296:
 226:../../Middlewares/stedgeai-lib/Npu/ll_aton/ll_aton_lib_sw_operators.c ****       {
 3947              		.loc 1 226 38 is_stmt 1 discriminator 1 view .LVU1197
 3948 0036 5645     		cmp	r6, r10
 3949 0038 02D3     		bcc	.L298
 3950              	.LVL422:
 3951              	.L294:
 273:../../Middlewares/stedgeai-lib/Npu/ll_aton/ll_aton_lib_sw_operators.c **** 
 3952              		.loc 1 273 1 is_stmt 0 view .LVU1198
 3953 003a 09B0     		add	sp, sp, #36
 3954              		.cfi_remember_state
 3955              		.cfi_def_cfa_offset 36
 3956              		@ sp needed
 3957 003c BDE8F08F 		pop	{r4, r5, r6, r7, r8, r9, r10, fp, pc}
 3958              	.LVL423:
 3959              	.L298:
 3960              		.cfi_restore_state
 228:../../Middlewares/stedgeai-lib/Npu/ll_aton/ll_aton_lib_sw_operators.c ****       }
 3961              		.loc 1 228 9 is_stmt 1 view .LVU1199
 3962 0040 2246     		mov	r2, r4
 3963 0042 2846     		mov	r0, r5
 3964 0044 05A9     		add	r1, sp, #20
 3965 0046 FFF7DBFF 		bl	__ll_aton_lib_slice
 3966              	.LVL424:
 226:../../Middlewares/stedgeai-lib/Npu/ll_aton/ll_aton_lib_sw_operators.c ****       {
 3967              		.loc 1 226 74 discriminator 2 view .LVU1200
 3968 004a 079E     		ldr	r6, [sp, #28]
 3969 004c 0136     		adds	r6, r6, #1
 3970 004e 0796     		str	r6, [sp, #28]
 3971 0050 F1E7     		b	.L296
 3972              	.L297:
 233:../../Middlewares/stedgeai-lib/Npu/ll_aton/ll_aton_lib_sw_operators.c ****       {
 3973              		.loc 1 233 7 view .LVU1201
 235:../../Middlewares/stedgeai-lib/Npu/ll_aton/ll_aton_lib_sw_operators.c ****         linked_stack_list.index--;
 3974              		.loc 1 235 9 view .LVU1202
 3975 0052 2246     		mov	r2, r4
 3976 0054 2846     		mov	r0, r5
 3977 0056 05A9     		add	r1, sp, #20
 3978 0058 FFF7D2FF 		bl	__ll_aton_lib_slice
 3979              	.LVL425:
 236:../../Middlewares/stedgeai-lib/Npu/ll_aton/ll_aton_lib_sw_operators.c ****       } while (linked_stack_list.index > index_end);
 3980              		.loc 1 236 9 view .LVU1203
 236:../../Middlewares/stedgeai-lib/Npu/ll_aton/ll_aton_lib_sw_operators.c ****       } while (linked_stack_list.index > index_end);
 3981              		.loc 1 236 32 is_stmt 0 view .LVU1204
 3982 005c 079B     		ldr	r3, [sp, #28]
 3983 005e 013B     		subs	r3, r3, #1
ARM GAS  /tmp/ccBdscOF.s 			page 141


 237:../../Middlewares/stedgeai-lib/Npu/ll_aton/ll_aton_lib_sw_operators.c ****     }
 3984              		.loc 1 237 40 discriminator 1 view .LVU1205
 3985 0060 5345     		cmp	r3, r10
 236:../../Middlewares/stedgeai-lib/Npu/ll_aton/ll_aton_lib_sw_operators.c ****       } while (linked_stack_list.index > index_end);
 3986              		.loc 1 236 32 view .LVU1206
 3987 0062 0793     		str	r3, [sp, #28]
 237:../../Middlewares/stedgeai-lib/Npu/ll_aton/ll_aton_lib_sw_operators.c ****     }
 3988              		.loc 1 237 40 is_stmt 1 discriminator 1 view .LVU1207
 3989 0064 F5D8     		bhi	.L297
 3990 0066 E8E7     		b	.L294
 3991              	.LVL426:
 3992              	.L295:
 3993              	.LBB295:
 242:../../Middlewares/stedgeai-lib/Npu/ll_aton/ll_aton_lib_sw_operators.c **** 
 3994              		.loc 1 242 5 view .LVU1208
 3995 0068 05D0     		beq	.L301
 242:../../Middlewares/stedgeai-lib/Npu/ll_aton/ll_aton_lib_sw_operators.c **** 
 3996              		.loc 1 242 5 is_stmt 0 discriminator 1 view .LVU1209
 3997 006a F221     		movs	r1, #242
 3998              	.LVL427:
 242:../../Middlewares/stedgeai-lib/Npu/ll_aton/ll_aton_lib_sw_operators.c **** 
 3999              		.loc 1 242 5 discriminator 1 view .LVU1210
 4000 006c 284B     		ldr	r3, .L319
 4001 006e 294A     		ldr	r2, .L319+4
 4002              	.LVL428:
 4003              	.L318:
 4004              	.LBB296:
 4005              	.LBB297:
 4006              	.LBB298:
 4007              	.LBB299:
 172:../../Middlewares/stedgeai-lib/Npu/ll_aton/ll_aton_lib_sw_operators.c ****     uint32_t axis = elem->axis;
 4008              		.loc 1 172 5 discriminator 1 view .LVU1211
 4009 0070 2948     		ldr	r0, .L319+8
 4010 0072 FFF7FEFF 		bl	__assert_func
 4011              	.LVL429:
 4012              	.L301:
 172:../../Middlewares/stedgeai-lib/Npu/ll_aton/ll_aton_lib_sw_operators.c ****     uint32_t axis = elem->axis;
 4013              		.loc 1 172 5 discriminator 1 view .LVU1212
 4014              	.LBE299:
 4015              	.LBE298:
 4016              	.LBE297:
 4017              	.LBE296:
 245:../../Middlewares/stedgeai-lib/Npu/ll_aton/ll_aton_lib_sw_operators.c ****     int8_t *base_out_target =
 4018              		.loc 1 245 5 is_stmt 1 view .LVU1213
 246:../../Middlewares/stedgeai-lib/Npu/ll_aton/ll_aton_lib_sw_operators.c ****         __ll_slice_get_input_and_output_base_pos(common_params, &linked_stack_list, &base_in_target
 4019              		.loc 1 246 5 view .LVU1214
 4020              	.LBB308:
 4021              	.LBI296:
 160:../../Middlewares/stedgeai-lib/Npu/ll_aton/ll_aton_lib_sw_operators.c ****                                                         __ll_stack_lnklst_t *linked_stack_list, int
 4022              		.loc 1 160 16 view .LVU1215
 4023              	.LBB306:
 163:../../Middlewares/stedgeai-lib/Npu/ll_aton/ll_aton_lib_sw_operators.c **** 
 4024              		.loc 1 163 3 view .LVU1216
 165:../../Middlewares/stedgeai-lib/Npu/ll_aton/ll_aton_lib_sw_operators.c ****   int8_t *out_target = (int8_t *)LL_Buffer_addr_start(common_params->output);
 4025              		.loc 1 165 3 view .LVU1217
 165:../../Middlewares/stedgeai-lib/Npu/ll_aton/ll_aton_lib_sw_operators.c ****   int8_t *out_target = (int8_t *)LL_Buffer_addr_start(common_params->output);
 4026              		.loc 1 165 33 is_stmt 0 view .LVU1218
ARM GAS  /tmp/ccBdscOF.s 			page 142


 4027 0076 1068     		ldr	r0, [r2]
 4028              	.LVL430:
 165:../../Middlewares/stedgeai-lib/Npu/ll_aton/ll_aton_lib_sw_operators.c ****   int8_t *out_target = (int8_t *)LL_Buffer_addr_start(common_params->output);
 4029              		.loc 1 165 33 view .LVU1219
 4030 0078 FFF7FEFF 		bl	LL_Buffer_addr_start
 4031              	.LVL431:
 165:../../Middlewares/stedgeai-lib/Npu/ll_aton/ll_aton_lib_sw_operators.c ****   int8_t *out_target = (int8_t *)LL_Buffer_addr_start(common_params->output);
 4032              		.loc 1 165 33 view .LVU1220
 4033 007c 8146     		mov	r9, r0
 4034              	.LVL432:
 166:../../Middlewares/stedgeai-lib/Npu/ll_aton/ll_aton_lib_sw_operators.c **** 
 4035              		.loc 1 166 3 is_stmt 1 view .LVU1221
 166:../../Middlewares/stedgeai-lib/Npu/ll_aton/ll_aton_lib_sw_operators.c **** 
 4036              		.loc 1 166 34 is_stmt 0 view .LVU1222
 4037 007e A068     		ldr	r0, [r4, #8]
 4038              	.LVL433:
 166:../../Middlewares/stedgeai-lib/Npu/ll_aton/ll_aton_lib_sw_operators.c **** 
 4039              		.loc 1 166 34 view .LVU1223
 4040 0080 FFF7FEFF 		bl	LL_Buffer_addr_start
 4041              	.LVL434:
 4042 0084 8046     		mov	r8, r0
 4043              	.LVL435:
 168:../../Middlewares/stedgeai-lib/Npu/ll_aton/ll_aton_lib_sw_operators.c **** 
 4044              		.loc 1 168 3 is_stmt 1 view .LVU1224
 170:../../Middlewares/stedgeai-lib/Npu/ll_aton/ll_aton_lib_sw_operators.c ****   {
 4045              		.loc 1 170 3 view .LVU1225
 4046              	.LBB304:
 170:../../Middlewares/stedgeai-lib/Npu/ll_aton/ll_aton_lib_sw_operators.c ****   {
 4047              		.loc 1 170 8 view .LVU1226
 4048              	.L302:
 170:../../Middlewares/stedgeai-lib/Npu/ll_aton/ll_aton_lib_sw_operators.c ****   {
 4049              		.loc 1 170 71 discriminator 1 view .LVU1227
 4050 0086 CFB9     		cbnz	r7, .L304
 4051              	.LVL436:
 170:../../Middlewares/stedgeai-lib/Npu/ll_aton/ll_aton_lib_sw_operators.c ****   {
 4052              		.loc 1 170 71 is_stmt 0 discriminator 1 view .LVU1228
 4053              	.LBE304:
 4054              	.LBE306:
 4055              	.LBE308:
 249:../../Middlewares/stedgeai-lib/Npu/ll_aton/ll_aton_lib_sw_operators.c ****       return;
 4056              		.loc 1 249 5 is_stmt 1 view .LVU1229
 249:../../Middlewares/stedgeai-lib/Npu/ll_aton/ll_aton_lib_sw_operators.c ****       return;
 4057              		.loc 1 249 8 is_stmt 0 view .LVU1230
 4058 0088 B8F1000F 		cmp	r8, #0
 4059 008c D5D0     		beq	.L294
 252:../../Middlewares/stedgeai-lib/Npu/ll_aton/ll_aton_lib_sw_operators.c ****     uint32_t curr_in_axis_output_offset = common_params->output_axes_offsets[curr_in_axis];
 4060              		.loc 1 252 5 is_stmt 1 view .LVU1231
 252:../../Middlewares/stedgeai-lib/Npu/ll_aton/ll_aton_lib_sw_operators.c ****     uint32_t curr_in_axis_output_offset = common_params->output_axes_offsets[curr_in_axis];
 4061              		.loc 1 252 14 is_stmt 0 view .LVU1232
 4062 008e 6368     		ldr	r3, [r4, #4]
 255:../../Middlewares/stedgeai-lib/Npu/ll_aton/ll_aton_lib_sw_operators.c ****     { // slicing forwards
 4063              		.loc 1 255 8 view .LVU1233
 4064 0090 BBF1000F 		cmp	fp, #0
 252:../../Middlewares/stedgeai-lib/Npu/ll_aton/ll_aton_lib_sw_operators.c ****     uint32_t curr_in_axis_output_offset = common_params->output_axes_offsets[curr_in_axis];
 4065              		.loc 1 252 14 view .LVU1234
 4066 0094 53F82570 		ldr	r7, [r3, r5, lsl #2]
 4067              	.LVL437:
ARM GAS  /tmp/ccBdscOF.s 			page 143


 253:../../Middlewares/stedgeai-lib/Npu/ll_aton/ll_aton_lib_sw_operators.c **** 
 4068              		.loc 1 253 5 is_stmt 1 view .LVU1235
 253:../../Middlewares/stedgeai-lib/Npu/ll_aton/ll_aton_lib_sw_operators.c **** 
 4069              		.loc 1 253 14 is_stmt 0 view .LVU1236
 4070 0098 E368     		ldr	r3, [r4, #12]
 4071 009a 53F82550 		ldr	r5, [r3, r5, lsl #2]
 4072              	.LVL438:
 255:../../Middlewares/stedgeai-lib/Npu/ll_aton/ll_aton_lib_sw_operators.c ****     { // slicing forwards
 4073              		.loc 1 255 5 is_stmt 1 view .LVU1237
 255:../../Middlewares/stedgeai-lib/Npu/ll_aton/ll_aton_lib_sw_operators.c ****     { // slicing forwards
 4074              		.loc 1 255 8 is_stmt 0 view .LVU1238
 4075 009e 34DA     		bge	.L306
 4076              	.L307:
 265:../../Middlewares/stedgeai-lib/Npu/ll_aton/ll_aton_lib_sw_operators.c ****       {
 4077              		.loc 1 265 7 is_stmt 1 view .LVU1239
 267:../../Middlewares/stedgeai-lib/Npu/ll_aton/ll_aton_lib_sw_operators.c ****                              base_in_target, base_out_target);
 4078              		.loc 1 267 9 view .LVU1240
 4079 00a0 2B46     		mov	r3, r5
 4080 00a2 3A46     		mov	r2, r7
 4081 00a4 2046     		mov	r0, r4
 4082 00a6 CDE90098 		strd	r9, r8, [sp]
 4083 00aa 05A9     		add	r1, sp, #20
 4084 00ac FFF7FEFF 		bl	__ll_slice_copy_elem
 4085              	.LVL439:
 269:../../Middlewares/stedgeai-lib/Npu/ll_aton/ll_aton_lib_sw_operators.c ****       } while (linked_stack_list.index > index_end);
 4086              		.loc 1 269 9 view .LVU1241
 269:../../Middlewares/stedgeai-lib/Npu/ll_aton/ll_aton_lib_sw_operators.c ****       } while (linked_stack_list.index > index_end);
 4087              		.loc 1 269 32 is_stmt 0 view .LVU1242
 4088 00b0 079B     		ldr	r3, [sp, #28]
 4089 00b2 013B     		subs	r3, r3, #1
 270:../../Middlewares/stedgeai-lib/Npu/ll_aton/ll_aton_lib_sw_operators.c ****     }
 4090              		.loc 1 270 40 discriminator 1 view .LVU1243
 4091 00b4 5345     		cmp	r3, r10
 269:../../Middlewares/stedgeai-lib/Npu/ll_aton/ll_aton_lib_sw_operators.c ****       } while (linked_stack_list.index > index_end);
 4092              		.loc 1 269 32 view .LVU1244
 4093 00b6 0793     		str	r3, [sp, #28]
 270:../../Middlewares/stedgeai-lib/Npu/ll_aton/ll_aton_lib_sw_operators.c ****     }
 4094              		.loc 1 270 40 is_stmt 1 discriminator 1 view .LVU1245
 4095 00b8 F2D8     		bhi	.L307
 4096 00ba BEE7     		b	.L294
 4097              	.LVL440:
 4098              	.L304:
 4099              	.LBB309:
 4100              	.LBB307:
 4101              	.LBB305:
 4102              	.LBB302:
 172:../../Middlewares/stedgeai-lib/Npu/ll_aton/ll_aton_lib_sw_operators.c ****     uint32_t axis = elem->axis;
 4103              		.loc 1 172 5 view .LVU1246
 4104 00bc 7B68     		ldr	r3, [r7, #4]
 4105 00be 9D42     		cmp	r5, r3
 4106 00c0 03D8     		bhi	.L303
 172:../../Middlewares/stedgeai-lib/Npu/ll_aton/ll_aton_lib_sw_operators.c ****     uint32_t axis = elem->axis;
 4107              		.loc 1 172 5 is_stmt 0 discriminator 1 view .LVU1247
 4108 00c2 AC21     		movs	r1, #172
 4109 00c4 154B     		ldr	r3, .L319+12
 4110 00c6 164A     		ldr	r2, .L319+16
 4111 00c8 D2E7     		b	.L318
ARM GAS  /tmp/ccBdscOF.s 			page 144


 4112              	.L303:
 173:../../Middlewares/stedgeai-lib/Npu/ll_aton/ll_aton_lib_sw_operators.c **** 
 4113              		.loc 1 173 5 is_stmt 1 view .LVU1248
 4114              	.LVL441:
 176:../../Middlewares/stedgeai-lib/Npu/ll_aton/ll_aton_lib_sw_operators.c ****     in_target += (elem->index * in_axis_size);
 4115              		.loc 1 176 5 view .LVU1249
 177:../../Middlewares/stedgeai-lib/Npu/ll_aton/ll_aton_lib_sw_operators.c **** 
 4116              		.loc 1 177 5 view .LVU1250
 176:../../Middlewares/stedgeai-lib/Npu/ll_aton/ll_aton_lib_sw_operators.c ****     in_target += (elem->index * in_axis_size);
 4117              		.loc 1 176 61 is_stmt 0 view .LVU1251
 4118 00ca 6268     		ldr	r2, [r4, #4]
 180:../../Middlewares/stedgeai-lib/Npu/ll_aton/ll_aton_lib_sw_operators.c ****     {
 4119              		.loc 1 180 22 view .LVU1252
 4120 00cc 2046     		mov	r0, r4
 177:../../Middlewares/stedgeai-lib/Npu/ll_aton/ll_aton_lib_sw_operators.c **** 
 4121              		.loc 1 177 31 view .LVU1253
 4122 00ce 52F82310 		ldr	r1, [r2, r3, lsl #2]
 4123 00d2 BA68     		ldr	r2, [r7, #8]
 4124 00d4 0393     		str	r3, [sp, #12]
 177:../../Middlewares/stedgeai-lib/Npu/ll_aton/ll_aton_lib_sw_operators.c **** 
 4125              		.loc 1 177 15 view .LVU1254
 4126 00d6 02FB0199 		mla	r9, r2, r1, r9
 4127              	.LVL442:
 179:../../Middlewares/stedgeai-lib/Npu/ll_aton/ll_aton_lib_sw_operators.c ****     if ((out_index = __ll_aton_lib_is_in_slice(common_params, elem)) >= 0)
 4128              		.loc 1 179 5 is_stmt 1 view .LVU1255
 180:../../Middlewares/stedgeai-lib/Npu/ll_aton/ll_aton_lib_sw_operators.c ****     {
 4129              		.loc 1 180 5 view .LVU1256
 180:../../Middlewares/stedgeai-lib/Npu/ll_aton/ll_aton_lib_sw_operators.c ****     {
 4130              		.loc 1 180 22 is_stmt 0 view .LVU1257
 4131 00da 3946     		mov	r1, r7
 4132 00dc FFF7FEFF 		bl	__ll_aton_lib_is_in_slice
 4133              	.LVL443:
 180:../../Middlewares/stedgeai-lib/Npu/ll_aton/ll_aton_lib_sw_operators.c ****     {
 4134              		.loc 1 180 8 discriminator 1 view .LVU1258
 4135 00e0 431C     		adds	r3, r0, #1
 4136 00e2 AAD0     		beq	.L294
 4137              	.LBB300:
 183:../../Middlewares/stedgeai-lib/Npu/ll_aton/ll_aton_lib_sw_operators.c ****       out_target += (out_index * out_axis_size);
 4138              		.loc 1 183 7 is_stmt 1 view .LVU1259
 4139              	.LVL444:
 184:../../Middlewares/stedgeai-lib/Npu/ll_aton/ll_aton_lib_sw_operators.c ****     }
 4140              		.loc 1 184 7 view .LVU1260
 183:../../Middlewares/stedgeai-lib/Npu/ll_aton/ll_aton_lib_sw_operators.c ****       out_target += (out_index * out_axis_size);
 4141              		.loc 1 183 65 is_stmt 0 view .LVU1261
 4142 00e4 E268     		ldr	r2, [r4, #12]
 184:../../Middlewares/stedgeai-lib/Npu/ll_aton/ll_aton_lib_sw_operators.c ****     }
 4143              		.loc 1 184 32 view .LVU1262
 4144 00e6 039B     		ldr	r3, [sp, #12]
 4145              	.LBE300:
 4146              	.LBE302:
 170:../../Middlewares/stedgeai-lib/Npu/ll_aton/ll_aton_lib_sw_operators.c ****   {
 4147              		.loc 1 170 85 discriminator 2 view .LVU1263
 4148 00e8 3F68     		ldr	r7, [r7]
 4149              	.LVL445:
 4150              	.LBB303:
 4151              	.LBB301:
 184:../../Middlewares/stedgeai-lib/Npu/ll_aton/ll_aton_lib_sw_operators.c ****     }
ARM GAS  /tmp/ccBdscOF.s 			page 145


 4152              		.loc 1 184 32 view .LVU1264
 4153 00ea 52F82330 		ldr	r3, [r2, r3, lsl #2]
 184:../../Middlewares/stedgeai-lib/Npu/ll_aton/ll_aton_lib_sw_operators.c ****     }
 4154              		.loc 1 184 18 view .LVU1265
 4155 00ee 03FB0088 		mla	r8, r3, r0, r8
 4156              	.LVL446:
 184:../../Middlewares/stedgeai-lib/Npu/ll_aton/ll_aton_lib_sw_operators.c ****     }
 4157              		.loc 1 184 18 view .LVU1266
 4158              	.LBE301:
 4159              	.LBE303:
 170:../../Middlewares/stedgeai-lib/Npu/ll_aton/ll_aton_lib_sw_operators.c ****   {
 4160              		.loc 1 170 85 is_stmt 1 discriminator 2 view .LVU1267
 4161 00f2 C8E7     		b	.L302
 4162              	.LVL447:
 4163              	.L308:
 170:../../Middlewares/stedgeai-lib/Npu/ll_aton/ll_aton_lib_sw_operators.c ****   {
 4164              		.loc 1 170 85 is_stmt 0 discriminator 2 view .LVU1268
 4165              	.LBE305:
 4166              	.LBE307:
 4167              	.LBE309:
 259:../../Middlewares/stedgeai-lib/Npu/ll_aton/ll_aton_lib_sw_operators.c ****                              base_in_target, base_out_target);
 4168              		.loc 1 259 9 is_stmt 1 view .LVU1269
 4169 00f4 2B46     		mov	r3, r5
 4170 00f6 3A46     		mov	r2, r7
 4171 00f8 2046     		mov	r0, r4
 4172 00fa CDE90098 		strd	r9, r8, [sp]
 4173 00fe 05A9     		add	r1, sp, #20
 4174 0100 FFF7FEFF 		bl	__ll_slice_copy_elem
 4175              	.LVL448:
 257:../../Middlewares/stedgeai-lib/Npu/ll_aton/ll_aton_lib_sw_operators.c ****       {
 4176              		.loc 1 257 74 discriminator 2 view .LVU1270
 4177 0104 079E     		ldr	r6, [sp, #28]
 4178 0106 0136     		adds	r6, r6, #1
 4179 0108 0796     		str	r6, [sp, #28]
 4180              	.L306:
 257:../../Middlewares/stedgeai-lib/Npu/ll_aton/ll_aton_lib_sw_operators.c ****       {
 4181              		.loc 1 257 38 discriminator 1 view .LVU1271
 4182 010a B245     		cmp	r10, r6
 4183 010c F2D8     		bhi	.L308
 4184 010e 94E7     		b	.L294
 4185              	.L320:
 4186              		.align	2
 4187              	.L319:
 4188 0110 00000000 		.word	.LC35
 4189 0114 00000000 		.word	__func__.32
 4190 0118 2D000000 		.word	.LC1
 4191 011c 30000000 		.word	.LC36
 4192 0120 00000000 		.word	__func__.31
 4193              	.LBE295:
 4194              		.cfi_endproc
 4195              	.LFE337:
 4197              		.section	.text.LL_ATON_LIB_Slice,"ax",%progbits
 4198              		.align	1
 4199              		.global	LL_ATON_LIB_Slice
 4200              		.syntax unified
 4201              		.thumb
 4202              		.thumb_func
ARM GAS  /tmp/ccBdscOF.s 			page 146


 4204              	LL_ATON_LIB_Slice:
 4205              	.LVL449:
 4206              	.LFB338:
 278:../../Middlewares/stedgeai-lib/Npu/ll_aton/ll_aton_lib_sw_operators.c ****   if (slice_rank != input->ndims)
 4207              		.loc 1 278 1 view -0
 4208              		.cfi_startproc
 4209              		@ args = 16, pretend = 0, frame = 32
 4210              		@ frame_needed = 0, uses_anonymous_args = 0
 279:../../Middlewares/stedgeai-lib/Npu/ll_aton/ll_aton_lib_sw_operators.c ****   {
 4211              		.loc 1 279 3 view .LVU1273
 278:../../Middlewares/stedgeai-lib/Npu/ll_aton/ll_aton_lib_sw_operators.c ****   if (slice_rank != input->ndims)
 4212              		.loc 1 278 1 is_stmt 0 view .LVU1274
 4213 0000 70B5     		push	{r4, r5, r6, lr}
 4214              		.cfi_def_cfa_offset 16
 4215              		.cfi_offset 4, -16
 4216              		.cfi_offset 5, -12
 4217              		.cfi_offset 6, -8
 4218              		.cfi_offset 14, -4
 4219 0002 88B0     		sub	sp, sp, #32
 4220              		.cfi_def_cfa_offset 48
 279:../../Middlewares/stedgeai-lib/Npu/ll_aton/ll_aton_lib_sw_operators.c ****   {
 4221              		.loc 1 279 26 view .LVU1275
 4222 0004 90F82740 		ldrb	r4, [r0, #39]	@ zero_extendqisi2
 279:../../Middlewares/stedgeai-lib/Npu/ll_aton/ll_aton_lib_sw_operators.c ****   {
 4223              		.loc 1 279 6 view .LVU1276
 4224 0008 0C9D     		ldr	r5, [sp, #48]
 4225 000a AC42     		cmp	r4, r5
 4226 000c 09D0     		beq	.L322
 281:../../Middlewares/stedgeai-lib/Npu/ll_aton/ll_aton_lib_sw_operators.c ****   }
 4227              		.loc 1 281 5 is_stmt 1 view .LVU1277
 4228 000e 40F21911 		movw	r1, #281
 4229              	.LVL450:
 281:../../Middlewares/stedgeai-lib/Npu/ll_aton/ll_aton_lib_sw_operators.c ****   }
 4230              		.loc 1 281 5 is_stmt 0 view .LVU1278
 4231 0012 1A4A     		ldr	r2, .L331
 4232              	.LVL451:
 4233              	.L328:
 286:../../Middlewares/stedgeai-lib/Npu/ll_aton/ll_aton_lib_sw_operators.c ****   }
 4234              		.loc 1 286 5 view .LVU1279
 4235 0014 0F20     		movs	r0, #15
 4236              	.LVL452:
 4237              	.L329:
 286:../../Middlewares/stedgeai-lib/Npu/ll_aton/ll_aton_lib_sw_operators.c ****   }
 4238              		.loc 1 286 5 view .LVU1280
 4239 0016 FFF7FEFF 		bl	__ll_lib_error
 4240              	.LVL453:
 286:../../Middlewares/stedgeai-lib/Npu/ll_aton/ll_aton_lib_sw_operators.c ****   }
 4241              		.loc 1 286 5 is_stmt 1 discriminator 1 view .LVU1281
 281:../../Middlewares/stedgeai-lib/Npu/ll_aton/ll_aton_lib_sw_operators.c ****   }
 4242              		.loc 1 281 5 is_stmt 0 discriminator 1 view .LVU1282
 4243 001a 6FF00100 		mvn	r0, #1
 4244              	.L321:
 311:../../Middlewares/stedgeai-lib/Npu/ll_aton/ll_aton_lib_sw_operators.c **** 
 4245              		.loc 1 311 1 view .LVU1283
 4246 001e 08B0     		add	sp, sp, #32
 4247              		.cfi_remember_state
 4248              		.cfi_def_cfa_offset 16
ARM GAS  /tmp/ccBdscOF.s 			page 147


 4249              		@ sp needed
 4250 0020 70BD     		pop	{r4, r5, r6, pc}
 4251              	.LVL454:
 4252              	.L322:
 4253              		.cfi_restore_state
 281:../../Middlewares/stedgeai-lib/Npu/ll_aton/ll_aton_lib_sw_operators.c ****   }
 4254              		.loc 1 281 53 is_stmt 1 view .LVU1284
 284:../../Middlewares/stedgeai-lib/Npu/ll_aton/ll_aton_lib_sw_operators.c ****   {
 4255              		.loc 1 284 3 view .LVU1285
 284:../../Middlewares/stedgeai-lib/Npu/ll_aton/ll_aton_lib_sw_operators.c ****   {
 4256              		.loc 1 284 6 is_stmt 0 view .LVU1286
 4257 0022 92F82750 		ldrb	r5, [r2, #39]	@ zero_extendqisi2
 4258 0026 A542     		cmp	r5, r4
 4259 0028 03D0     		beq	.L324
 286:../../Middlewares/stedgeai-lib/Npu/ll_aton/ll_aton_lib_sw_operators.c ****   }
 4260              		.loc 1 286 5 is_stmt 1 view .LVU1287
 4261 002a 4FF48F71 		mov	r1, #286
 4262              	.LVL455:
 286:../../Middlewares/stedgeai-lib/Npu/ll_aton/ll_aton_lib_sw_operators.c ****   }
 4263              		.loc 1 286 5 is_stmt 0 view .LVU1288
 4264 002e 134A     		ldr	r2, .L331
 4265              	.LVL456:
 286:../../Middlewares/stedgeai-lib/Npu/ll_aton/ll_aton_lib_sw_operators.c ****   }
 4266              		.loc 1 286 5 view .LVU1289
 4267 0030 F0E7     		b	.L328
 4268              	.LVL457:
 4269              	.L324:
 286:../../Middlewares/stedgeai-lib/Npu/ll_aton/ll_aton_lib_sw_operators.c ****   }
 4270              		.loc 1 286 53 is_stmt 1 view .LVU1290
 289:../../Middlewares/stedgeai-lib/Npu/ll_aton/ll_aton_lib_sw_operators.c ****   { // TODO: should we support this?
 4271              		.loc 1 289 3 view .LVU1291
 289:../../Middlewares/stedgeai-lib/Npu/ll_aton/ll_aton_lib_sw_operators.c ****   { // TODO: should we support this?
 4272              		.loc 1 289 12 is_stmt 0 view .LVU1292
 4273 0032 90F82860 		ldrb	r6, [r0, #40]	@ zero_extendqisi2
 289:../../Middlewares/stedgeai-lib/Npu/ll_aton/ll_aton_lib_sw_operators.c ****   { // TODO: should we support this?
 4274              		.loc 1 289 6 view .LVU1293
 4275 0036 92F82840 		ldrb	r4, [r2, #40]	@ zero_extendqisi2
 4276 003a B442     		cmp	r4, r6
 4277 003c 04D0     		beq	.L326
 291:../../Middlewares/stedgeai-lib/Npu/ll_aton/ll_aton_lib_sw_operators.c ****   }
 4278              		.loc 1 291 5 is_stmt 1 view .LVU1294
 4279 003e 40F22311 		movw	r1, #291
 4280              	.LVL458:
 291:../../Middlewares/stedgeai-lib/Npu/ll_aton/ll_aton_lib_sw_operators.c ****   }
 4281              		.loc 1 291 5 is_stmt 0 view .LVU1295
 4282 0042 0E4A     		ldr	r2, .L331
 4283              	.LVL459:
 4284              	.L330:
 296:../../Middlewares/stedgeai-lib/Npu/ll_aton/ll_aton_lib_sw_operators.c ****   }
 4285              		.loc 1 296 5 view .LVU1296
 4286 0044 0620     		movs	r0, #6
 4287              	.LVL460:
 296:../../Middlewares/stedgeai-lib/Npu/ll_aton/ll_aton_lib_sw_operators.c ****   }
 4288              		.loc 1 296 5 view .LVU1297
 4289 0046 E6E7     		b	.L329
 4290              	.LVL461:
 4291              	.L326:
ARM GAS  /tmp/ccBdscOF.s 			page 148


 291:../../Middlewares/stedgeai-lib/Npu/ll_aton/ll_aton_lib_sw_operators.c ****   }
 4292              		.loc 1 291 54 is_stmt 1 view .LVU1298
 294:../../Middlewares/stedgeai-lib/Npu/ll_aton/ll_aton_lib_sw_operators.c ****   {
 4293              		.loc 1 294 3 view .LVU1299
 294:../../Middlewares/stedgeai-lib/Npu/ll_aton/ll_aton_lib_sw_operators.c ****   {
 4294              		.loc 1 294 6 is_stmt 0 view .LVU1300
 4295 0048 083C     		subs	r4, r4, #8
 4296 004a 182C     		cmp	r4, #24
 4297 004c 03D9     		bls	.L327
 296:../../Middlewares/stedgeai-lib/Npu/ll_aton/ll_aton_lib_sw_operators.c ****   }
 4298              		.loc 1 296 5 is_stmt 1 view .LVU1301
 4299 004e 4FF49471 		mov	r1, #296
 4300              	.LVL462:
 296:../../Middlewares/stedgeai-lib/Npu/ll_aton/ll_aton_lib_sw_operators.c ****   }
 4301              		.loc 1 296 5 is_stmt 0 view .LVU1302
 4302 0052 0A4A     		ldr	r2, .L331
 4303              	.LVL463:
 296:../../Middlewares/stedgeai-lib/Npu/ll_aton/ll_aton_lib_sw_operators.c ****   }
 4304              		.loc 1 296 5 view .LVU1303
 4305 0054 F6E7     		b	.L330
 4306              	.LVL464:
 4307              	.L327:
 296:../../Middlewares/stedgeai-lib/Npu/ll_aton/ll_aton_lib_sw_operators.c ****   }
 4308              		.loc 1 296 54 is_stmt 1 view .LVU1304
 299:../../Middlewares/stedgeai-lib/Npu/ll_aton/ll_aton_lib_sw_operators.c ****                                              .input_axes_offsets = input_axes_offsets,
 4309              		.loc 1 299 3 view .LVU1305
 299:../../Middlewares/stedgeai-lib/Npu/ll_aton/ll_aton_lib_sw_operators.c ****                                              .input_axes_offsets = input_axes_offsets,
 4310              		.loc 1 299 29 is_stmt 0 view .LVU1306
 4311 0056 CDE90001 		strd	r0, r1, [sp]
 308:../../Middlewares/stedgeai-lib/Npu/ll_aton/ll_aton_lib_sw_operators.c **** 
 4312              		.loc 1 308 3 view .LVU1307
 4313 005a 0021     		movs	r1, #0
 4314              	.LVL465:
 299:../../Middlewares/stedgeai-lib/Npu/ll_aton/ll_aton_lib_sw_operators.c ****                                              .input_axes_offsets = input_axes_offsets,
 4315              		.loc 1 299 29 view .LVU1308
 4316 005c CDE90223 		strd	r2, r3, [sp, #8]
 4317 0060 0D9B     		ldr	r3, [sp, #52]
 4318              	.LVL466:
 308:../../Middlewares/stedgeai-lib/Npu/ll_aton/ll_aton_lib_sw_operators.c **** 
 4319              		.loc 1 308 3 view .LVU1309
 4320 0062 0846     		mov	r0, r1
 4321              	.LVL467:
 299:../../Middlewares/stedgeai-lib/Npu/ll_aton/ll_aton_lib_sw_operators.c ****                                              .input_axes_offsets = input_axes_offsets,
 4322              		.loc 1 299 29 view .LVU1310
 4323 0064 0593     		str	r3, [sp, #20]
 4324 0066 0E9B     		ldr	r3, [sp, #56]
 308:../../Middlewares/stedgeai-lib/Npu/ll_aton/ll_aton_lib_sw_operators.c **** 
 4325              		.loc 1 308 3 view .LVU1311
 4326 0068 6A46     		mov	r2, sp
 4327              	.LVL468:
 299:../../Middlewares/stedgeai-lib/Npu/ll_aton/ll_aton_lib_sw_operators.c ****                                              .input_axes_offsets = input_axes_offsets,
 4328              		.loc 1 299 29 view .LVU1312
 4329 006a 0693     		str	r3, [sp, #24]
 4330 006c 0F9B     		ldr	r3, [sp, #60]
 4331 006e 0495     		str	r5, [sp, #16]
 4332 0070 0793     		str	r3, [sp, #28]
 308:../../Middlewares/stedgeai-lib/Npu/ll_aton/ll_aton_lib_sw_operators.c **** 
ARM GAS  /tmp/ccBdscOF.s 			page 149


 4333              		.loc 1 308 3 is_stmt 1 view .LVU1313
 4334 0072 FFF7FEFF 		bl	__ll_aton_lib_slice
 4335              	.LVL469:
 310:../../Middlewares/stedgeai-lib/Npu/ll_aton/ll_aton_lib_sw_operators.c **** }
 4336              		.loc 1 310 3 view .LVU1314
 310:../../Middlewares/stedgeai-lib/Npu/ll_aton/ll_aton_lib_sw_operators.c **** }
 4337              		.loc 1 310 10 is_stmt 0 view .LVU1315
 4338 0076 0020     		movs	r0, #0
 4339 0078 D1E7     		b	.L321
 4340              	.L332:
 4341 007a 00BF     		.align	2
 4342              	.L331:
 4343 007c 00000000 		.word	__FUNCTION__.33
 4344              		.cfi_endproc
 4345              	.LFE338:
 4347              		.section	.rodata.LL_ATON_LIB_Split.str1.1,"aMS",%progbits,1
 4348              	.LC37:
 4349 0000 646D615F 		.ascii	"dma_in == -1\000"
 4349      696E203D 
 4349      3D202D31 
 4349      00
 4350              	.LC38:
 4351 000d 646D615F 		.ascii	"dma_out == -1\000"
 4351      6F757420 
 4351      3D3D202D 
 4351      3100
 4352              	.LC39:
 4353 001b 646D615F 		.ascii	"dma_in != -1\000"
 4353      696E2021 
 4353      3D202D31 
 4353      00
 4354              	.LC40:
 4355 0028 646D615F 		.ascii	"dma_out != -1\000"
 4355      6F757420 
 4355      213D202D 
 4355      3100
 4356              	.LC41:
 4357 0036 72616E6B 		.ascii	"rank >= 3\000"
 4357      203E3D20 
 4357      3300
 4358              	.LC42:
 4359 0040 28696E70 		.ascii	"(input->batch == 0) || (input->batch == input->shap"
 4359      75742D3E 
 4359      62617463 
 4359      68203D3D 
 4359      20302920 
 4360 0073 655B7370 		.ascii	"e[split_onnx_axis])\000"
 4360      6C69745F 
 4360      6F6E6E78 
 4360      5F617869 
 4360      735D2900 
 4361              	.LC43:
 4362 0087 73706C69 		.ascii	"split_onnx_axis == (rank - 3)\000"
 4362      745F6F6E 
 4362      6E785F61 
 4362      78697320 
 4362      3D3D2028 
ARM GAS  /tmp/ccBdscOF.s 			page 150


 4363              	.LC44:
 4364 00a5 286F7574 		.ascii	"(out_nchannels % out_batch) == 0\000"
 4364      5F6E6368 
 4364      616E6E65 
 4364      6C732025 
 4364      206F7574 
 4365              		.section	.text.LL_ATON_LIB_Split,"ax",%progbits
 4366              		.align	1
 4367              		.global	LL_ATON_LIB_Split
 4368              		.syntax unified
 4369              		.thumb
 4370              		.thumb_func
 4372              	LL_ATON_LIB_Split:
 4373              	.LVL470:
 4374              	.LFB343:
 517:../../Middlewares/stedgeai-lib/Npu/ll_aton/ll_aton_lib_sw_operators.c ****   if (split_onnx_axis >= rank)
 4375              		.loc 1 517 1 is_stmt 1 view -0
 4376              		.cfi_startproc
 4377              		@ args = 24, pretend = 0, frame = 64
 4378              		@ frame_needed = 0, uses_anonymous_args = 0
 517:../../Middlewares/stedgeai-lib/Npu/ll_aton/ll_aton_lib_sw_operators.c ****   if (split_onnx_axis >= rank)
 4379              		.loc 1 517 1 is_stmt 0 view .LVU1317
 4380 0000 2DE9F04F 		push	{r4, r5, r6, r7, r8, r9, r10, fp, lr}
 4381              		.cfi_def_cfa_offset 36
 4382              		.cfi_offset 4, -36
 4383              		.cfi_offset 5, -32
 4384              		.cfi_offset 6, -28
 4385              		.cfi_offset 7, -24
 4386              		.cfi_offset 8, -20
 4387              		.cfi_offset 9, -16
 4388              		.cfi_offset 10, -12
 4389              		.cfi_offset 11, -8
 4390              		.cfi_offset 14, -4
 4391 0004 93B0     		sub	sp, sp, #76
 4392              		.cfi_def_cfa_offset 112
 517:../../Middlewares/stedgeai-lib/Npu/ll_aton/ll_aton_lib_sw_operators.c ****   if (split_onnx_axis >= rank)
 4393              		.loc 1 517 1 view .LVU1318
 4394 0006 8C46     		mov	ip, r1
 4395 0008 9946     		mov	r9, r3
 4396 000a 1146     		mov	r1, r2
 4397              	.LVL471:
 518:../../Middlewares/stedgeai-lib/Npu/ll_aton/ll_aton_lib_sw_operators.c ****   {
 4398              		.loc 1 518 3 is_stmt 1 view .LVU1319
 517:../../Middlewares/stedgeai-lib/Npu/ll_aton/ll_aton_lib_sw_operators.c ****   if (split_onnx_axis >= rank)
 4399              		.loc 1 517 1 is_stmt 0 view .LVU1320
 4400 000c DDE91C32 		ldrd	r3, r2, [sp, #112]
 4401              	.LVL472:
 518:../../Middlewares/stedgeai-lib/Npu/ll_aton/ll_aton_lib_sw_operators.c ****   {
 4402              		.loc 1 518 6 view .LVU1321
 4403 0010 9A42     		cmp	r2, r3
 517:../../Middlewares/stedgeai-lib/Npu/ll_aton/ll_aton_lib_sw_operators.c ****   if (split_onnx_axis >= rank)
 4404              		.loc 1 517 1 view .LVU1322
 4405 0012 0546     		mov	r5, r0
 4406 0014 DDE91F70 		ldrd	r7, r0, [sp, #124]
 4407              	.LVL473:
 517:../../Middlewares/stedgeai-lib/Npu/ll_aton/ll_aton_lib_sw_operators.c ****   if (split_onnx_axis >= rank)
 4408              		.loc 1 517 1 view .LVU1323
ARM GAS  /tmp/ccBdscOF.s 			page 151


 4409 0018 219C     		ldr	r4, [sp, #132]
 518:../../Middlewares/stedgeai-lib/Npu/ll_aton/ll_aton_lib_sw_operators.c ****   {
 4410              		.loc 1 518 6 view .LVU1324
 4411 001a 0AD3     		bcc	.L334
 520:../../Middlewares/stedgeai-lib/Npu/ll_aton/ll_aton_lib_sw_operators.c ****   }
 4412              		.loc 1 520 5 is_stmt 1 view .LVU1325
 4413 001c 4FF40271 		mov	r1, #520
 4414              	.LVL474:
 520:../../Middlewares/stedgeai-lib/Npu/ll_aton/ll_aton_lib_sw_operators.c ****   }
 4415              		.loc 1 520 5 is_stmt 0 view .LVU1326
 4416 0020 0320     		movs	r0, #3
 4417 0022 934A     		ldr	r2, .L422
 4418              	.L417:
 525:../../Middlewares/stedgeai-lib/Npu/ll_aton/ll_aton_lib_sw_operators.c ****   }
 4419              		.loc 1 525 5 view .LVU1327
 4420 0024 FFF7FEFF 		bl	__ll_lib_error
 4421              	.LVL475:
 525:../../Middlewares/stedgeai-lib/Npu/ll_aton/ll_aton_lib_sw_operators.c ****   }
 4422              		.loc 1 525 5 is_stmt 1 discriminator 1 view .LVU1328
 520:../../Middlewares/stedgeai-lib/Npu/ll_aton/ll_aton_lib_sw_operators.c ****   }
 4423              		.loc 1 520 5 is_stmt 0 discriminator 1 view .LVU1329
 4424 0028 6FF00100 		mvn	r0, #1
 4425              	.LVL476:
 4426              	.L333:
 642:../../Middlewares/stedgeai-lib/Npu/ll_aton/ll_aton_lib_sw_operators.c **** 
 4427              		.loc 1 642 1 view .LVU1330
 4428 002c 13B0     		add	sp, sp, #76
 4429              		.cfi_remember_state
 4430              		.cfi_def_cfa_offset 36
 4431              		@ sp needed
 4432 002e BDE8F08F 		pop	{r4, r5, r6, r7, r8, r9, r10, fp, pc}
 4433              	.LVL477:
 4434              	.L334:
 4435              		.cfi_restore_state
 520:../../Middlewares/stedgeai-lib/Npu/ll_aton/ll_aton_lib_sw_operators.c ****   }
 4436              		.loc 1 520 53 is_stmt 1 view .LVU1331
 523:../../Middlewares/stedgeai-lib/Npu/ll_aton/ll_aton_lib_sw_operators.c ****   {
 4437              		.loc 1 523 3 view .LVU1332
 523:../../Middlewares/stedgeai-lib/Npu/ll_aton/ll_aton_lib_sw_operators.c ****   {
 4438              		.loc 1 523 12 is_stmt 0 view .LVU1333
 4439 0032 95F82760 		ldrb	r6, [r5, #39]	@ zero_extendqisi2
 523:../../Middlewares/stedgeai-lib/Npu/ll_aton/ll_aton_lib_sw_operators.c ****   {
 4440              		.loc 1 523 6 view .LVU1334
 4441 0036 9E42     		cmp	r6, r3
 4442 0038 04D0     		beq	.L336
 525:../../Middlewares/stedgeai-lib/Npu/ll_aton/ll_aton_lib_sw_operators.c ****   }
 4443              		.loc 1 525 5 is_stmt 1 view .LVU1335
 4444 003a 40F20D21 		movw	r1, #525
 4445              	.LVL478:
 525:../../Middlewares/stedgeai-lib/Npu/ll_aton/ll_aton_lib_sw_operators.c ****   }
 4446              		.loc 1 525 5 is_stmt 0 view .LVU1336
 4447 003e 8C4A     		ldr	r2, .L422
 4448              	.L418:
 4449 0040 0F20     		movs	r0, #15
 4450 0042 EFE7     		b	.L417
 4451              	.LVL479:
 4452              	.L336:
ARM GAS  /tmp/ccBdscOF.s 			page 152


 525:../../Middlewares/stedgeai-lib/Npu/ll_aton/ll_aton_lib_sw_operators.c ****   }
 4453              		.loc 1 525 53 is_stmt 1 view .LVU1337
 528:../../Middlewares/stedgeai-lib/Npu/ll_aton/ll_aton_lib_sw_operators.c ****   {
 4454              		.loc 1 528 3 view .LVU1338
 528:../../Middlewares/stedgeai-lib/Npu/ll_aton/ll_aton_lib_sw_operators.c ****   {
 4455              		.loc 1 528 6 is_stmt 0 view .LVU1339
 4456 0044 91F827E0 		ldrb	lr, [r1, #39]	@ zero_extendqisi2
 4457 0048 B645     		cmp	lr, r6
 4458 004a 03D0     		beq	.L337
 530:../../Middlewares/stedgeai-lib/Npu/ll_aton/ll_aton_lib_sw_operators.c ****   }
 4459              		.loc 1 530 5 is_stmt 1 view .LVU1340
 4460 004c 40F21221 		movw	r1, #530
 4461              	.LVL480:
 530:../../Middlewares/stedgeai-lib/Npu/ll_aton/ll_aton_lib_sw_operators.c ****   }
 4462              		.loc 1 530 5 is_stmt 0 view .LVU1341
 4463 0050 874A     		ldr	r2, .L422
 4464 0052 F5E7     		b	.L418
 4465              	.LVL481:
 4466              	.L337:
 530:../../Middlewares/stedgeai-lib/Npu/ll_aton/ll_aton_lib_sw_operators.c ****   }
 4467              		.loc 1 530 53 is_stmt 1 view .LVU1342
 533:../../Middlewares/stedgeai-lib/Npu/ll_aton/ll_aton_lib_sw_operators.c ****   { // TODO: should we support this?
 4468              		.loc 1 533 3 view .LVU1343
 533:../../Middlewares/stedgeai-lib/Npu/ll_aton/ll_aton_lib_sw_operators.c ****   { // TODO: should we support this?
 4469              		.loc 1 533 12 is_stmt 0 view .LVU1344
 4470 0054 95F82860 		ldrb	r6, [r5, #40]	@ zero_extendqisi2
 533:../../Middlewares/stedgeai-lib/Npu/ll_aton/ll_aton_lib_sw_operators.c ****   { // TODO: should we support this?
 4471              		.loc 1 533 6 view .LVU1345
 4472 0058 91F828E0 		ldrb	lr, [r1, #40]	@ zero_extendqisi2
 4473 005c B645     		cmp	lr, r6
 4474 005e 04D0     		beq	.L338
 535:../../Middlewares/stedgeai-lib/Npu/ll_aton/ll_aton_lib_sw_operators.c ****   }
 4475              		.loc 1 535 5 is_stmt 1 view .LVU1346
 4476 0060 40F21721 		movw	r1, #535
 4477              	.LVL482:
 535:../../Middlewares/stedgeai-lib/Npu/ll_aton/ll_aton_lib_sw_operators.c ****   }
 4478              		.loc 1 535 5 is_stmt 0 view .LVU1347
 4479 0064 824A     		ldr	r2, .L422
 4480              	.L421:
 540:../../Middlewares/stedgeai-lib/Npu/ll_aton/ll_aton_lib_sw_operators.c ****   }
 4481              		.loc 1 540 5 view .LVU1348
 4482 0066 0620     		movs	r0, #6
 4483 0068 DCE7     		b	.L417
 4484              	.LVL483:
 4485              	.L338:
 535:../../Middlewares/stedgeai-lib/Npu/ll_aton/ll_aton_lib_sw_operators.c ****   }
 4486              		.loc 1 535 54 is_stmt 1 view .LVU1349
 538:../../Middlewares/stedgeai-lib/Npu/ll_aton/ll_aton_lib_sw_operators.c ****   {
 4487              		.loc 1 538 3 view .LVU1350
 538:../../Middlewares/stedgeai-lib/Npu/ll_aton/ll_aton_lib_sw_operators.c ****   {
 4488              		.loc 1 538 6 is_stmt 0 view .LVU1351
 4489 006a AEF1080E 		sub	lr, lr, #8
 4490 006e BEF1180F 		cmp	lr, #24
 4491 0072 03D9     		bls	.L339
 540:../../Middlewares/stedgeai-lib/Npu/ll_aton/ll_aton_lib_sw_operators.c ****   }
 4492              		.loc 1 540 5 is_stmt 1 view .LVU1352
 4493 0074 4FF40771 		mov	r1, #540
ARM GAS  /tmp/ccBdscOF.s 			page 153


 4494              	.LVL484:
 540:../../Middlewares/stedgeai-lib/Npu/ll_aton/ll_aton_lib_sw_operators.c ****   }
 4495              		.loc 1 540 5 is_stmt 0 view .LVU1353
 4496 0078 7D4A     		ldr	r2, .L422
 4497 007a F4E7     		b	.L421
 4498              	.LVL485:
 4499              	.L339:
 540:../../Middlewares/stedgeai-lib/Npu/ll_aton/ll_aton_lib_sw_operators.c ****   }
 4500              		.loc 1 540 54 is_stmt 1 view .LVU1354
 543:../../Middlewares/stedgeai-lib/Npu/ll_aton/ll_aton_lib_sw_operators.c ****     return LL_ATON_OK; // in case ONNX was out of specs
 4501              		.loc 1 543 3 view .LVU1355
 543:../../Middlewares/stedgeai-lib/Npu/ll_aton/ll_aton_lib_sw_operators.c ****     return LL_ATON_OK; // in case ONNX was out of specs
 4502              		.loc 1 543 19 is_stmt 0 discriminator 1 view .LVU1356
 4503 007c B9F1000F 		cmp	r9, #0
 4504 0080 6BD0     		beq	.L356
 546:../../Middlewares/stedgeai-lib/Npu/ll_aton/ll_aton_lib_sw_operators.c ****   {
 4505              		.loc 1 546 3 is_stmt 1 view .LVU1357
 4506 0082 032F     		cmp	r7, #3
 4507 0084 0FDC     		bgt	.L341
 4508 0086 002F     		cmp	r7, #0
 4509 0088 04DA     		bge	.L342
 4510              	.L343:
 637:../../Middlewares/stedgeai-lib/Npu/ll_aton/ll_aton_lib_sw_operators.c ****     break;
 4511              		.loc 1 637 5 view .LVU1358
 4512 008a 40F27D21 		movw	r1, #637
 4513              	.LVL486:
 637:../../Middlewares/stedgeai-lib/Npu/ll_aton/ll_aton_lib_sw_operators.c ****     break;
 4514              		.loc 1 637 5 is_stmt 0 view .LVU1359
 4515 008e 794B     		ldr	r3, .L422+4
 4516 0090 794A     		ldr	r2, .L422+8
 4517 0092 2AE0     		b	.L419
 4518              	.LVL487:
 4519              	.L342:
 546:../../Middlewares/stedgeai-lib/Npu/ll_aton/ll_aton_lib_sw_operators.c ****   {
 4520              		.loc 1 546 3 view .LVU1360
 4521 0094 07F1FF3E 		add	lr, r7, #-1
 4522 0098 BEF1020F 		cmp	lr, #2
 4523 009c 1FD8     		bhi	.L347
 4524 009e DFE80EF0 		tbb	[pc, lr]
 4525              	.L349:
 4526 00a2 93       		.byte	(.L351-.L349)/2
 4527 00a3 85       		.byte	(.L350-.L349)/2
 4528 00a4 BE       		.byte	(.L348-.L349)/2
 4529 00a5 00       		.p2align 1
 4530              	.L341:
 4531 00a6 A7F1040E 		sub	lr, r7, #4
 4532 00aa BEF1080F 		cmp	lr, #8
 4533 00ae ECD8     		bhi	.L343
 4534 00b0 4FF0010E 		mov	lr, #1
 4535 00b4 0EFA07FE 		lsl	lr, lr, r7
 4536 00b8 1EF42A6F 		tst	lr, #2720
 4537 00bc 40F09381 		bne	.L344
 4538 00c0 1EF4AA5F 		tst	lr, #5440
 4539 00c4 40F08181 		bne	.L345
 4540 00c8 042F     		cmp	r7, #4
 4541 00ca DED1     		bne	.L343
 588:../../Middlewares/stedgeai-lib/Npu/ll_aton/ll_aton_lib_sw_operators.c ****     LL_ATON_ASSERT(dma_out == -1);
ARM GAS  /tmp/ccBdscOF.s 			page 154


 4542              		.loc 1 588 5 is_stmt 1 view .LVU1361
 4543 00cc B0F1FF3F 		cmp	r0, #-1
 4544 00d0 00F09D80 		beq	.L370
 588:../../Middlewares/stedgeai-lib/Npu/ll_aton/ll_aton_lib_sw_operators.c ****     LL_ATON_ASSERT(dma_out == -1);
 4545              		.loc 1 588 5 is_stmt 0 discriminator 1 view .LVU1362
 4546 00d4 4FF41371 		mov	r1, #588
 4547              	.LVL488:
 588:../../Middlewares/stedgeai-lib/Npu/ll_aton/ll_aton_lib_sw_operators.c ****     LL_ATON_ASSERT(dma_out == -1);
 4548              		.loc 1 588 5 discriminator 1 view .LVU1363
 4549 00d8 684B     		ldr	r3, .L422+12
 4550 00da 674A     		ldr	r2, .L422+8
 4551 00dc 05E0     		b	.L419
 4552              	.LVL489:
 4553              	.L347:
 550:../../Middlewares/stedgeai-lib/Npu/ll_aton/ll_aton_lib_sw_operators.c ****     LL_ATON_ASSERT(dma_out == -1);
 4554              		.loc 1 550 5 is_stmt 1 view .LVU1364
 4555 00de 0130     		adds	r0, r0, #1
 4556 00e0 06D0     		beq	.L353
 550:../../Middlewares/stedgeai-lib/Npu/ll_aton/ll_aton_lib_sw_operators.c ****     LL_ATON_ASSERT(dma_out == -1);
 4557              		.loc 1 550 5 is_stmt 0 discriminator 1 view .LVU1365
 4558 00e2 40F22621 		movw	r1, #550
 4559              	.LVL490:
 550:../../Middlewares/stedgeai-lib/Npu/ll_aton/ll_aton_lib_sw_operators.c ****     LL_ATON_ASSERT(dma_out == -1);
 4560              		.loc 1 550 5 discriminator 1 view .LVU1366
 4561 00e6 654B     		ldr	r3, .L422+12
 4562 00e8 634A     		ldr	r2, .L422+8
 4563              	.LVL491:
 4564              	.L419:
 551:../../Middlewares/stedgeai-lib/Npu/ll_aton/ll_aton_lib_sw_operators.c **** 
 4565              		.loc 1 551 5 discriminator 1 view .LVU1367
 4566 00ea 6548     		ldr	r0, .L422+16
 4567 00ec FFF7FEFF 		bl	__assert_func
 4568              	.LVL492:
 4569              	.L353:
 551:../../Middlewares/stedgeai-lib/Npu/ll_aton/ll_aton_lib_sw_operators.c **** 
 4570              		.loc 1 551 5 is_stmt 1 view .LVU1368
 4571 00f0 0134     		adds	r4, r4, #1
 4572 00f2 04D0     		beq	.L354
 551:../../Middlewares/stedgeai-lib/Npu/ll_aton/ll_aton_lib_sw_operators.c **** 
 4573              		.loc 1 551 5 is_stmt 0 discriminator 1 view .LVU1369
 4574 00f4 40F22721 		movw	r1, #551
 4575              	.LVL493:
 551:../../Middlewares/stedgeai-lib/Npu/ll_aton/ll_aton_lib_sw_operators.c **** 
 4576              		.loc 1 551 5 discriminator 1 view .LVU1370
 4577 00f8 624B     		ldr	r3, .L422+20
 4578 00fa 5F4A     		ldr	r2, .L422+8
 4579 00fc F5E7     		b	.L419
 4580              	.LVL494:
 4581              	.L354:
 553:../../Middlewares/stedgeai-lib/Npu/ll_aton/ll_aton_lib_sw_operators.c ****     {
 4582              		.loc 1 553 5 is_stmt 1 view .LVU1371
 553:../../Middlewares/stedgeai-lib/Npu/ll_aton/ll_aton_lib_sw_operators.c ****     {
 4583              		.loc 1 553 8 is_stmt 0 view .LVU1372
 4584 00fe BCF1000F 		cmp	ip, #0
 4585 0102 05D0     		beq	.L355
 4586              	.L365:
 575:../../Middlewares/stedgeai-lib/Npu/ll_aton/ll_aton_lib_sw_operators.c ****     }
ARM GAS  /tmp/ccBdscOF.s 			page 155


 4587              		.loc 1 575 7 is_stmt 1 view .LVU1373
 4588 0104 0092     		str	r2, [sp]
 4589 0106 2846     		mov	r0, r5
 4590 0108 4A46     		mov	r2, r9
 4591 010a FFF7FEFF 		bl	__ll_aton_lib_split_aton_canonical
 4592              	.LVL495:
 575:../../Middlewares/stedgeai-lib/Npu/ll_aton/ll_aton_lib_sw_operators.c ****     }
 4593              		.loc 1 575 7 is_stmt 0 view .LVU1374
 4594 010e 24E0     		b	.L356
 4595              	.LVL496:
 4596              	.L355:
 559:../../Middlewares/stedgeai-lib/Npu/ll_aton/ll_aton_lib_sw_operators.c ****     }
 4597              		.loc 1 559 7 is_stmt 1 view .LVU1375
 4598              	.LBB338:
 4599              	.LBI338:
 404:../../Middlewares/stedgeai-lib/Npu/ll_aton/ll_aton_lib_sw_operators.c ****                                                const LL_Buffer_InfoTypeDef (*outputs)[], int nr_of_
 4600              		.loc 1 404 13 view .LVU1376
 4601              	.LBB339:
 408:../../Middlewares/stedgeai-lib/Npu/ll_aton/ll_aton_lib_sw_operators.c **** 
 4602              		.loc 1 408 3 view .LVU1377
 4603              	.LBB340:
 4604              	.LBI340:
 509:../../Middlewares/stedgeai-lib/Npu/ll_aton/ll_aton_NN_interface.h ****   {
 4605              		.loc 2 509 26 view .LVU1378
 4606              	.LBB341:
 4607              		.loc 2 511 5 view .LVU1379
 4608              		.loc 2 511 5 is_stmt 0 view .LVU1380
 4609              	.LBE341:
 4610              	.LBE340:
 412:../../Middlewares/stedgeai-lib/Npu/ll_aton/ll_aton_lib_sw_operators.c ****   for (int i = split_onnx_axis + 1; i < rank; i++)
 4611              		.loc 1 412 7 view .LVU1381
 4612 0110 0127     		movs	r7, #1
 4613              	.LBB343:
 4614              	.LBB342:
 4615              		.loc 2 511 28 view .LVU1382
 4616 0112 D5E90204 		ldrd	r0, r4, [r5, #8]
 4617 0116 201A     		subs	r0, r4, r0
 4618 0118 0390     		str	r0, [sp, #12]
 4619              	.LVL497:
 4620              		.loc 2 511 28 view .LVU1383
 4621              	.LBE342:
 4622              	.LBE343:
 410:../../Middlewares/stedgeai-lib/Npu/ll_aton/ll_aton_lib_sw_operators.c ****   int stop = tot_size;
 4623              		.loc 1 410 3 is_stmt 1 view .LVU1384
 411:../../Middlewares/stedgeai-lib/Npu/ll_aton/ll_aton_lib_sw_operators.c ****   int jump_base = 1;
 4624              		.loc 1 411 3 view .LVU1385
 412:../../Middlewares/stedgeai-lib/Npu/ll_aton/ll_aton_lib_sw_operators.c ****   for (int i = split_onnx_axis + 1; i < rank; i++)
 4625              		.loc 1 412 3 view .LVU1386
 413:../../Middlewares/stedgeai-lib/Npu/ll_aton/ll_aton_lib_sw_operators.c ****     jump_base *= input->shape[i];
 4626              		.loc 1 413 3 view .LVU1387
 4627              	.LBB344:
 413:../../Middlewares/stedgeai-lib/Npu/ll_aton/ll_aton_lib_sw_operators.c ****     jump_base *= input->shape[i];
 4628              		.loc 1 413 8 view .LVU1388
 413:../../Middlewares/stedgeai-lib/Npu/ll_aton/ll_aton_lib_sw_operators.c ****     jump_base *= input->shape[i];
 4629              		.loc 1 413 8 is_stmt 0 view .LVU1389
 4630              	.LBE344:
 412:../../Middlewares/stedgeai-lib/Npu/ll_aton/ll_aton_lib_sw_operators.c ****   for (int i = split_onnx_axis + 1; i < rank; i++)
ARM GAS  /tmp/ccBdscOF.s 			page 156


 4631              		.loc 1 412 7 view .LVU1390
 4632 011a D019     		adds	r0, r2, r7
 4633              	.LVL498:
 412:../../Middlewares/stedgeai-lib/Npu/ll_aton/ll_aton_lib_sw_operators.c ****   for (int i = split_onnx_axis + 1; i < rank; i++)
 4634              		.loc 1 412 7 view .LVU1391
 4635 011c 9842     		cmp	r0, r3
 4636              	.LBB345:
 414:../../Middlewares/stedgeai-lib/Npu/ll_aton/ll_aton_lib_sw_operators.c ****   jump_base *= LL_LIB_NBYTES(input->nbits);
 4637              		.loc 1 414 23 view .LVU1392
 4638 011e EC6A     		ldr	r4, [r5, #44]
 4639              	.LBE345:
 412:../../Middlewares/stedgeai-lib/Npu/ll_aton/ll_aton_lib_sw_operators.c ****   for (int i = split_onnx_axis + 1; i < rank; i++)
 4640              		.loc 1 412 7 view .LVU1393
 4641 0120 A3EB020E 		sub	lr, r3, r2
 4642 0124 02DC     		bgt	.L406
 4643 0126 B3F1004F 		cmp	r3, #-2147483648
 4644 012a 01D1     		bne	.L414
 4645              	.L406:
 412:../../Middlewares/stedgeai-lib/Npu/ll_aton/ll_aton_lib_sw_operators.c ****   for (int i = split_onnx_axis + 1; i < rank; i++)
 4646              		.loc 1 412 7 view .LVU1394
 4647 012c 4FF0010E 		mov	lr, #1
 4648              	.L414:
 4649 0130 4EF001E0 		dls	lr, lr
 4650              	.LVL499:
 4651              	.L357:
 4652              	.LBB346:
 413:../../Middlewares/stedgeai-lib/Npu/ll_aton/ll_aton_lib_sw_operators.c ****     jump_base *= input->shape[i];
 4653              		.loc 1 413 39 is_stmt 1 discriminator 1 view .LVU1395
 4654 0134 BEF1010E 		subs	lr, #1;bne	.L358
 4654      11D1
 4655              	.LBE346:
 415:../../Middlewares/stedgeai-lib/Npu/ll_aton/ll_aton_lib_sw_operators.c ****   int jump = jump_base * input->shape[split_onnx_axis];
 4656              		.loc 1 415 3 view .LVU1396
 4657              	.LVL500:
 416:../../Middlewares/stedgeai-lib/Npu/ll_aton/ll_aton_lib_sw_operators.c ****   // LL_ATON_PRINTF("onnx_axis=%d, aton_axis=%d, jump_base=%d, jump=%d\n", split_onnx_axis, aton_ax
 4658              		.loc 1 416 3 view .LVU1397
 415:../../Middlewares/stedgeai-lib/Npu/ll_aton/ll_aton_lib_sw_operators.c ****   int jump = jump_base * input->shape[split_onnx_axis];
 4659              		.loc 1 415 16 is_stmt 0 view .LVU1398
 4660 013a 0736     		adds	r6, r6, #7
 4661              	.LVL501:
 416:../../Middlewares/stedgeai-lib/Npu/ll_aton/ll_aton_lib_sw_operators.c ****   // LL_ATON_PRINTF("onnx_axis=%d, aton_axis=%d, jump_base=%d, jump=%d\n", split_onnx_axis, aton_ax
 4662              		.loc 1 416 38 view .LVU1399
 4663 013c 9300     		lsls	r3, r2, #2
 415:../../Middlewares/stedgeai-lib/Npu/ll_aton/ll_aton_lib_sw_operators.c ****   int jump = jump_base * input->shape[split_onnx_axis];
 4664              		.loc 1 415 16 view .LVU1400
 4665 013e F610     		asrs	r6, r6, #3
 4666              	.LVL502:
 416:../../Middlewares/stedgeai-lib/Npu/ll_aton/ll_aton_lib_sw_operators.c ****   // LL_ATON_PRINTF("onnx_axis=%d, aton_axis=%d, jump_base=%d, jump=%d\n", split_onnx_axis, aton_ax
 4667              		.loc 1 416 38 view .LVU1401
 4668 0140 0493     		str	r3, [sp, #16]
 415:../../Middlewares/stedgeai-lib/Npu/ll_aton/ll_aton_lib_sw_operators.c ****   int jump = jump_base * input->shape[split_onnx_axis];
 4669              		.loc 1 415 13 view .LVU1402
 4670 0142 07FB06F3 		mul	r3, r7, r6
 4671              	.LBB347:
 419:../../Middlewares/stedgeai-lib/Npu/ll_aton/ll_aton_lib_sw_operators.c ****   {
 4672              		.loc 1 419 12 view .LVU1403
 4673 0146 0027     		movs	r7, #0
ARM GAS  /tmp/ccBdscOF.s 			page 157


 4674              	.LVL503:
 419:../../Middlewares/stedgeai-lib/Npu/ll_aton/ll_aton_lib_sw_operators.c ****   {
 4675              		.loc 1 419 12 view .LVU1404
 4676              	.LBE347:
 415:../../Middlewares/stedgeai-lib/Npu/ll_aton/ll_aton_lib_sw_operators.c ****   int jump = jump_base * input->shape[split_onnx_axis];
 4677              		.loc 1 415 13 view .LVU1405
 4678 0148 0293     		str	r3, [sp, #8]
 410:../../Middlewares/stedgeai-lib/Npu/ll_aton/ll_aton_lib_sw_operators.c ****   int stop = tot_size;
 4679              		.loc 1 410 7 view .LVU1406
 4680 014a BA46     		mov	r10, r7
 416:../../Middlewares/stedgeai-lib/Npu/ll_aton/ll_aton_lib_sw_operators.c ****   // LL_ATON_PRINTF("onnx_axis=%d, aton_axis=%d, jump_base=%d, jump=%d\n", split_onnx_axis, aton_ax
 4681              		.loc 1 416 24 view .LVU1407
 4682 014c 54F82230 		ldr	r3, [r4, r2, lsl #2]
 4683 0150 0C46     		mov	r4, r1
 4684 0152 029A     		ldr	r2, [sp, #8]
 4685              	.LVL504:
 416:../../Middlewares/stedgeai-lib/Npu/ll_aton/ll_aton_lib_sw_operators.c ****   // LL_ATON_PRINTF("onnx_axis=%d, aton_axis=%d, jump_base=%d, jump=%d\n", split_onnx_axis, aton_ax
 4686              		.loc 1 416 24 view .LVU1408
 4687 0154 5343     		muls	r3, r2, r3
 4688              	.LVL505:
 419:../../Middlewares/stedgeai-lib/Npu/ll_aton/ll_aton_lib_sw_operators.c ****   {
 4689              		.loc 1 419 3 is_stmt 1 view .LVU1409
 4690              	.LBB350:
 419:../../Middlewares/stedgeai-lib/Npu/ll_aton/ll_aton_lib_sw_operators.c ****   {
 4691              		.loc 1 419 8 view .LVU1410
 4692              	.L359:
 419:../../Middlewares/stedgeai-lib/Npu/ll_aton/ll_aton_lib_sw_operators.c ****   {
 4693              		.loc 1 419 21 discriminator 1 view .LVU1411
 4694 0156 4F45     		cmp	r7, r9
 4695 0158 06DB     		blt	.L362
 4696              	.LVL506:
 4697              	.L356:
 419:../../Middlewares/stedgeai-lib/Npu/ll_aton/ll_aton_lib_sw_operators.c ****   {
 4698              		.loc 1 419 21 is_stmt 0 discriminator 1 view .LVU1412
 4699              	.LBE350:
 4700              	.LBE339:
 4701              	.LBE338:
 544:../../Middlewares/stedgeai-lib/Npu/ll_aton/ll_aton_lib_sw_operators.c **** 
 4702              		.loc 1 544 12 view .LVU1413
 4703 015a 0020     		movs	r0, #0
 4704 015c 66E7     		b	.L333
 4705              	.LVL507:
 4706              	.L358:
 4707              	.LBB354:
 4708              	.LBB353:
 4709              	.LBB351:
 414:../../Middlewares/stedgeai-lib/Npu/ll_aton/ll_aton_lib_sw_operators.c ****   jump_base *= LL_LIB_NBYTES(input->nbits);
 4710              		.loc 1 414 5 is_stmt 1 view .LVU1414
 414:../../Middlewares/stedgeai-lib/Npu/ll_aton/ll_aton_lib_sw_operators.c ****   jump_base *= LL_LIB_NBYTES(input->nbits);
 4711              		.loc 1 414 15 is_stmt 0 view .LVU1415
 4712 015e 54F82030 		ldr	r3, [r4, r0, lsl #2]
 413:../../Middlewares/stedgeai-lib/Npu/ll_aton/ll_aton_lib_sw_operators.c ****     jump_base *= input->shape[i];
 4713              		.loc 1 413 48 discriminator 3 view .LVU1416
 4714 0162 0130     		adds	r0, r0, #1
 4715              	.LVL508:
 414:../../Middlewares/stedgeai-lib/Npu/ll_aton/ll_aton_lib_sw_operators.c ****   jump_base *= LL_LIB_NBYTES(input->nbits);
 4716              		.loc 1 414 15 view .LVU1417
ARM GAS  /tmp/ccBdscOF.s 			page 158


 4717 0164 5F43     		muls	r7, r3, r7
 4718              	.LVL509:
 413:../../Middlewares/stedgeai-lib/Npu/ll_aton/ll_aton_lib_sw_operators.c ****     jump_base *= input->shape[i];
 4719              		.loc 1 413 48 is_stmt 1 discriminator 3 view .LVU1418
 4720 0166 E5E7     		b	.L357
 4721              	.LVL510:
 4722              	.L362:
 413:../../Middlewares/stedgeai-lib/Npu/ll_aton/ll_aton_lib_sw_operators.c ****     jump_base *= input->shape[i];
 4723              		.loc 1 413 48 is_stmt 0 discriminator 3 view .LVU1419
 4724              	.LBE351:
 4725              	.LBB352:
 4726              	.LBB348:
 421:../../Middlewares/stedgeai-lib/Npu/ll_aton/ll_aton_lib_sw_operators.c ****     // LL_ATON_PRINTF("i=%d copy_val=%d\n", i, copy_val);
 4727              		.loc 1 421 5 is_stmt 1 view .LVU1420
 426:../../Middlewares/stedgeai-lib/Npu/ll_aton/ll_aton_lib_sw_operators.c ****     {
 4728              		.loc 1 426 17 is_stmt 0 view .LVU1421
 4729 0168 D046     		mov	r8, r10
 425:../../Middlewares/stedgeai-lib/Npu/ll_aton/ll_aton_lib_sw_operators.c ****     for (source = start; source < stop; source += jump, dest += copy_val)
 4730              		.loc 1 425 9 view .LVU1422
 4731 016a 0026     		movs	r6, #0
 421:../../Middlewares/stedgeai-lib/Npu/ll_aton/ll_aton_lib_sw_operators.c ****     // LL_ATON_PRINTF("i=%d copy_val=%d\n", i, copy_val);
 4732              		.loc 1 421 57 view .LVU1423
 4733 016c 0499     		ldr	r1, [sp, #16]
 421:../../Middlewares/stedgeai-lib/Npu/ll_aton/ll_aton_lib_sw_operators.c ****     // LL_ATON_PRINTF("i=%d copy_val=%d\n", i, copy_val);
 4734              		.loc 1 421 39 view .LVU1424
 4735 016e E26A     		ldr	r2, [r4, #44]
 421:../../Middlewares/stedgeai-lib/Npu/ll_aton/ll_aton_lib_sw_operators.c ****     // LL_ATON_PRINTF("i=%d copy_val=%d\n", i, copy_val);
 4736              		.loc 1 421 57 view .LVU1425
 4737 0170 5258     		ldr	r2, [r2, r1]
 4738 0172 0299     		ldr	r1, [sp, #8]
 4739 0174 02FB01FB 		mul	fp, r2, r1
 4740              	.LVL511:
 424:../../Middlewares/stedgeai-lib/Npu/ll_aton/ll_aton_lib_sw_operators.c ****     int dest = 0;
 4741              		.loc 1 424 5 is_stmt 1 view .LVU1426
 425:../../Middlewares/stedgeai-lib/Npu/ll_aton/ll_aton_lib_sw_operators.c ****     for (source = start; source < stop; source += jump, dest += copy_val)
 4742              		.loc 1 425 5 view .LVU1427
 426:../../Middlewares/stedgeai-lib/Npu/ll_aton/ll_aton_lib_sw_operators.c ****     {
 4743              		.loc 1 426 5 view .LVU1428
 4744              	.L360:
 426:../../Middlewares/stedgeai-lib/Npu/ll_aton/ll_aton_lib_sw_operators.c ****     {
 4745              		.loc 1 426 33 discriminator 1 view .LVU1429
 4746 0178 039A     		ldr	r2, [sp, #12]
 4747 017a 4245     		cmp	r2, r8
 4748 017c 03DC     		bgt	.L361
 432:../../Middlewares/stedgeai-lib/Npu/ll_aton/ll_aton_lib_sw_operators.c ****   }
 4749              		.loc 1 432 5 view .LVU1430
 432:../../Middlewares/stedgeai-lib/Npu/ll_aton/ll_aton_lib_sw_operators.c ****   }
 4750              		.loc 1 432 11 is_stmt 0 view .LVU1431
 4751 017e DA44     		add	r10, r10, fp
 4752              	.LVL512:
 432:../../Middlewares/stedgeai-lib/Npu/ll_aton/ll_aton_lib_sw_operators.c ****   }
 4753              		.loc 1 432 11 view .LVU1432
 4754              	.LBE348:
 419:../../Middlewares/stedgeai-lib/Npu/ll_aton/ll_aton_lib_sw_operators.c ****   {
 4755              		.loc 1 419 39 is_stmt 1 discriminator 2 view .LVU1433
 4756 0180 0137     		adds	r7, r7, #1
 4757              	.LVL513:
ARM GAS  /tmp/ccBdscOF.s 			page 159


 419:../../Middlewares/stedgeai-lib/Npu/ll_aton/ll_aton_lib_sw_operators.c ****   {
 4758              		.loc 1 419 39 is_stmt 0 discriminator 2 view .LVU1434
 4759 0182 3834     		adds	r4, r4, #56
 4760 0184 E7E7     		b	.L359
 4761              	.L361:
 4762              	.LBB349:
 429:../../Middlewares/stedgeai-lib/Npu/ll_aton/ll_aton_lib_sw_operators.c ****              ATON_LIB_PHYSICAL_TO_VIRTUAL_ADDR(LL_Buffer_addr_start(input) + source), copy_val);
 4763              		.loc 1 429 14 view .LVU1435
 4764 0186 2046     		mov	r0, r4
 4765 0188 0693     		str	r3, [sp, #24]
 429:../../Middlewares/stedgeai-lib/Npu/ll_aton/ll_aton_lib_sw_operators.c ****              ATON_LIB_PHYSICAL_TO_VIRTUAL_ADDR(LL_Buffer_addr_start(input) + source), copy_val);
 4766              		.loc 1 429 7 is_stmt 1 view .LVU1436
 429:../../Middlewares/stedgeai-lib/Npu/ll_aton/ll_aton_lib_sw_operators.c ****              ATON_LIB_PHYSICAL_TO_VIRTUAL_ADDR(LL_Buffer_addr_start(input) + source), copy_val);
 4767              		.loc 1 429 14 is_stmt 0 view .LVU1437
 4768 018a FFF7FEFF 		bl	LL_Buffer_addr_start
 4769              	.LVL514:
 429:../../Middlewares/stedgeai-lib/Npu/ll_aton/ll_aton_lib_sw_operators.c ****              ATON_LIB_PHYSICAL_TO_VIRTUAL_ADDR(LL_Buffer_addr_start(input) + source), copy_val);
 4770              		.loc 1 429 14 discriminator 1 view .LVU1438
 4771 018e 8319     		adds	r3, r0, r6
 430:../../Middlewares/stedgeai-lib/Npu/ll_aton/ll_aton_lib_sw_operators.c ****     }
 4772              		.loc 1 430 14 view .LVU1439
 4773 0190 2846     		mov	r0, r5
 429:../../Middlewares/stedgeai-lib/Npu/ll_aton/ll_aton_lib_sw_operators.c ****              ATON_LIB_PHYSICAL_TO_VIRTUAL_ADDR(LL_Buffer_addr_start(input) + source), copy_val);
 4774              		.loc 1 429 14 discriminator 1 view .LVU1440
 4775 0192 0593     		str	r3, [sp, #20]
 430:../../Middlewares/stedgeai-lib/Npu/ll_aton/ll_aton_lib_sw_operators.c ****     }
 4776              		.loc 1 430 14 view .LVU1441
 4777 0194 FFF7FEFF 		bl	LL_Buffer_addr_start
 4778              	.LVL515:
 429:../../Middlewares/stedgeai-lib/Npu/ll_aton/ll_aton_lib_sw_operators.c ****              ATON_LIB_PHYSICAL_TO_VIRTUAL_ADDR(LL_Buffer_addr_start(input) + source), copy_val);
 4779              		.loc 1 429 7 view .LVU1442
 4780 0198 5A46     		mov	r2, fp
 4781 019a 00EB0801 		add	r1, r0, r8
 4782 019e 0598     		ldr	r0, [sp, #20]
 4783 01a0 FFF7FEFF 		bl	memcpy
 4784              	.LVL516:
 426:../../Middlewares/stedgeai-lib/Npu/ll_aton/ll_aton_lib_sw_operators.c ****     {
 4785              		.loc 1 426 55 is_stmt 1 discriminator 3 view .LVU1443
 426:../../Middlewares/stedgeai-lib/Npu/ll_aton/ll_aton_lib_sw_operators.c ****     {
 4786              		.loc 1 426 48 is_stmt 0 discriminator 3 view .LVU1444
 4787 01a4 069B     		ldr	r3, [sp, #24]
 426:../../Middlewares/stedgeai-lib/Npu/ll_aton/ll_aton_lib_sw_operators.c ****     {
 4788              		.loc 1 426 62 discriminator 3 view .LVU1445
 4789 01a6 5E44     		add	r6, r6, fp
 4790              	.LVL517:
 426:../../Middlewares/stedgeai-lib/Npu/ll_aton/ll_aton_lib_sw_operators.c ****     {
 4791              		.loc 1 426 48 discriminator 3 view .LVU1446
 4792 01a8 9844     		add	r8, r8, r3
 4793              	.LVL518:
 426:../../Middlewares/stedgeai-lib/Npu/ll_aton/ll_aton_lib_sw_operators.c ****     {
 4794              		.loc 1 426 48 discriminator 3 view .LVU1447
 4795 01aa E5E7     		b	.L360
 4796              	.LVL519:
 4797              	.L350:
 426:../../Middlewares/stedgeai-lib/Npu/ll_aton/ll_aton_lib_sw_operators.c ****     {
 4798              		.loc 1 426 48 discriminator 3 view .LVU1448
 4799              	.LBE349:
ARM GAS  /tmp/ccBdscOF.s 			page 160


 4800              	.LBE352:
 4801              	.LBE353:
 4802              	.LBE354:
 564:../../Middlewares/stedgeai-lib/Npu/ll_aton/ll_aton_lib_sw_operators.c ****     LL_ATON_ASSERT(dma_out == -1);
 4803              		.loc 1 564 5 is_stmt 1 view .LVU1449
 4804 01ac 461C     		adds	r6, r0, #1
 4805 01ae 04D0     		beq	.L363
 564:../../Middlewares/stedgeai-lib/Npu/ll_aton/ll_aton_lib_sw_operators.c ****     LL_ATON_ASSERT(dma_out == -1);
 4806              		.loc 1 564 5 is_stmt 0 discriminator 1 view .LVU1450
 4807 01b0 4FF40D71 		mov	r1, #564
 4808              	.LVL520:
 564:../../Middlewares/stedgeai-lib/Npu/ll_aton/ll_aton_lib_sw_operators.c ****     LL_ATON_ASSERT(dma_out == -1);
 4809              		.loc 1 564 5 discriminator 1 view .LVU1451
 4810 01b4 314B     		ldr	r3, .L422+12
 4811 01b6 304A     		ldr	r2, .L422+8
 4812 01b8 97E7     		b	.L419
 4813              	.LVL521:
 4814              	.L363:
 565:../../Middlewares/stedgeai-lib/Npu/ll_aton/ll_aton_lib_sw_operators.c ****   case HYBRID_CHANNEL_ATON:
 4815              		.loc 1 565 5 is_stmt 1 view .LVU1452
 4816 01ba 661C     		adds	r6, r4, #1
 4817 01bc 04D0     		beq	.L351
 565:../../Middlewares/stedgeai-lib/Npu/ll_aton/ll_aton_lib_sw_operators.c ****   case HYBRID_CHANNEL_ATON:
 4818              		.loc 1 565 5 is_stmt 0 discriminator 1 view .LVU1453
 4819 01be 40F23521 		movw	r1, #565
 4820              	.LVL522:
 565:../../Middlewares/stedgeai-lib/Npu/ll_aton/ll_aton_lib_sw_operators.c ****   case HYBRID_CHANNEL_ATON:
 4821              		.loc 1 565 5 discriminator 1 view .LVU1454
 4822 01c2 304B     		ldr	r3, .L422+20
 4823 01c4 2C4A     		ldr	r2, .L422+8
 4824 01c6 90E7     		b	.L419
 4825              	.LVL523:
 4826              	.L351:
 568:../../Middlewares/stedgeai-lib/Npu/ll_aton/ll_aton_lib_sw_operators.c ****     {
 4827              		.loc 1 568 5 is_stmt 1 view .LVU1455
 568:../../Middlewares/stedgeai-lib/Npu/ll_aton/ll_aton_lib_sw_operators.c ****     {
 4828              		.loc 1 568 8 is_stmt 0 view .LVU1456
 4829 01c8 BCF1000F 		cmp	ip, #0
 4830 01cc 04D1     		bne	.L364
 570:../../Middlewares/stedgeai-lib/Npu/ll_aton/ll_aton_lib_sw_operators.c ****     }
 4831              		.loc 1 570 7 is_stmt 1 view .LVU1457
 4832 01ce 40F23A21 		movw	r1, #570
 4833              	.LVL524:
 570:../../Middlewares/stedgeai-lib/Npu/ll_aton/ll_aton_lib_sw_operators.c ****     }
 4834              		.loc 1 570 7 is_stmt 0 view .LVU1458
 4835 01d2 274A     		ldr	r2, .L422
 4836              	.L420:
 594:../../Middlewares/stedgeai-lib/Npu/ll_aton/ll_aton_lib_sw_operators.c ****     }
 4837              		.loc 1 594 7 view .LVU1459
 4838 01d4 0920     		movs	r0, #9
 4839 01d6 25E7     		b	.L417
 4840              	.LVL525:
 4841              	.L364:
 570:../../Middlewares/stedgeai-lib/Npu/ll_aton/ll_aton_lib_sw_operators.c ****     }
 4842              		.loc 1 570 56 is_stmt 1 view .LVU1460
 573:../../Middlewares/stedgeai-lib/Npu/ll_aton/ll_aton_lib_sw_operators.c ****     {
 4843              		.loc 1 573 5 view .LVU1461
ARM GAS  /tmp/ccBdscOF.s 			page 161


 573:../../Middlewares/stedgeai-lib/Npu/ll_aton/ll_aton_lib_sw_operators.c ****     {
 4844              		.loc 1 573 8 is_stmt 0 view .LVU1462
 4845 01d8 B9F1180F 		cmp	r9, #24
 4846 01dc 92D8     		bhi	.L365
 573:../../Middlewares/stedgeai-lib/Npu/ll_aton/ll_aton_lib_sw_operators.c ****     {
 4847              		.loc 1 573 39 discriminator 1 view .LVU1463
 4848 01de 022F     		cmp	r7, #2
 4849 01e0 90D0     		beq	.L365
 579:../../Middlewares/stedgeai-lib/Npu/ll_aton/ll_aton_lib_sw_operators.c ****       LL_ATON_ASSERT(dma_out != -1);
 4850              		.loc 1 579 7 is_stmt 1 view .LVU1464
 4851 01e2 421C     		adds	r2, r0, #1
 4852 01e4 04D1     		bne	.L367
 579:../../Middlewares/stedgeai-lib/Npu/ll_aton/ll_aton_lib_sw_operators.c ****       LL_ATON_ASSERT(dma_out != -1);
 4853              		.loc 1 579 7 is_stmt 0 discriminator 1 view .LVU1465
 4854 01e6 40F24321 		movw	r1, #579
 4855              	.LVL526:
 579:../../Middlewares/stedgeai-lib/Npu/ll_aton/ll_aton_lib_sw_operators.c ****       LL_ATON_ASSERT(dma_out != -1);
 4856              		.loc 1 579 7 discriminator 1 view .LVU1466
 4857 01ea 274B     		ldr	r3, .L422+24
 4858 01ec 224A     		ldr	r2, .L422+8
 4859 01ee 7CE7     		b	.L419
 4860              	.LVL527:
 4861              	.L367:
 580:../../Middlewares/stedgeai-lib/Npu/ll_aton/ll_aton_lib_sw_operators.c **** 
 4862              		.loc 1 580 7 is_stmt 1 view .LVU1467
 4863 01f0 631C     		adds	r3, r4, #1
 4864 01f2 04D1     		bne	.L368
 580:../../Middlewares/stedgeai-lib/Npu/ll_aton/ll_aton_lib_sw_operators.c **** 
 4865              		.loc 1 580 7 is_stmt 0 discriminator 1 view .LVU1468
 4866 01f4 4FF41171 		mov	r1, #580
 4867              	.LVL528:
 580:../../Middlewares/stedgeai-lib/Npu/ll_aton/ll_aton_lib_sw_operators.c **** 
 4868              		.loc 1 580 7 discriminator 1 view .LVU1469
 4869 01f8 244B     		ldr	r3, .L422+28
 4870 01fa 1F4A     		ldr	r2, .L422+8
 4871 01fc 75E7     		b	.L419
 4872              	.LVL529:
 4873              	.L368:
 582:../../Middlewares/stedgeai-lib/Npu/ll_aton/ll_aton_lib_sw_operators.c ****                                                  dma_in, dma_out);
 4874              		.loc 1 582 7 is_stmt 1 view .LVU1470
 4875 01fe CDE90004 		strd	r0, r4, [sp]
 4876 0202 4A46     		mov	r2, r9
 4877 0204 2846     		mov	r0, r5
 4878 0206 1E9B     		ldr	r3, [sp, #120]
 4879 0208 FFF7FEFF 		bl	LL_ATON_LIB_DMA_Outputs_Channel_Split_Aton
 4880              	.LVL530:
 582:../../Middlewares/stedgeai-lib/Npu/ll_aton/ll_aton_lib_sw_operators.c ****                                                  dma_in, dma_out);
 4881              		.loc 1 582 7 is_stmt 0 view .LVU1471
 4882 020c A5E7     		b	.L356
 4883              	.LVL531:
 4884              	.L370:
 589:../../Middlewares/stedgeai-lib/Npu/ll_aton/ll_aton_lib_sw_operators.c ****   case HYBRID_CHANNEL_BATCHED:
 4885              		.loc 1 589 5 is_stmt 1 view .LVU1472
 4886 020e B4F1FF3F 		cmp	r4, #-1
 4887 0212 04D0     		beq	.L348
 589:../../Middlewares/stedgeai-lib/Npu/ll_aton/ll_aton_lib_sw_operators.c ****   case HYBRID_CHANNEL_BATCHED:
 4888              		.loc 1 589 5 is_stmt 0 discriminator 1 view .LVU1473
ARM GAS  /tmp/ccBdscOF.s 			page 162


 4889 0214 40F24D21 		movw	r1, #589
 4890              	.LVL532:
 589:../../Middlewares/stedgeai-lib/Npu/ll_aton/ll_aton_lib_sw_operators.c ****   case HYBRID_CHANNEL_BATCHED:
 4891              		.loc 1 589 5 discriminator 1 view .LVU1474
 4892 0218 1A4B     		ldr	r3, .L422+20
 4893 021a 174A     		ldr	r2, .L422+8
 4894 021c 65E7     		b	.L419
 4895              	.LVL533:
 4896              	.L348:
 592:../../Middlewares/stedgeai-lib/Npu/ll_aton/ll_aton_lib_sw_operators.c ****     {
 4897              		.loc 1 592 5 is_stmt 1 view .LVU1475
 592:../../Middlewares/stedgeai-lib/Npu/ll_aton/ll_aton_lib_sw_operators.c ****     {
 4898              		.loc 1 592 8 is_stmt 0 view .LVU1476
 4899 021e BCF1000F 		cmp	ip, #0
 4900 0222 03D1     		bne	.L371
 594:../../Middlewares/stedgeai-lib/Npu/ll_aton/ll_aton_lib_sw_operators.c ****     }
 4901              		.loc 1 594 7 is_stmt 1 view .LVU1477
 4902 0224 40F25221 		movw	r1, #594
 4903              	.LVL534:
 594:../../Middlewares/stedgeai-lib/Npu/ll_aton/ll_aton_lib_sw_operators.c ****     }
 4904              		.loc 1 594 7 is_stmt 0 view .LVU1478
 4905 0228 114A     		ldr	r2, .L422
 4906 022a D3E7     		b	.L420
 4907              	.LVL535:
 4908              	.L371:
 594:../../Middlewares/stedgeai-lib/Npu/ll_aton/ll_aton_lib_sw_operators.c ****     }
 4909              		.loc 1 594 56 is_stmt 1 view .LVU1479
 597:../../Middlewares/stedgeai-lib/Npu/ll_aton/ll_aton_lib_sw_operators.c ****     {
 4910              		.loc 1 597 5 view .LVU1480
 597:../../Middlewares/stedgeai-lib/Npu/ll_aton/ll_aton_lib_sw_operators.c ****     {
 4911              		.loc 1 597 8 is_stmt 0 view .LVU1481
 4912 022c B9F1180F 		cmp	r9, #24
 4913 0230 02D8     		bhi	.L372
 597:../../Middlewares/stedgeai-lib/Npu/ll_aton/ll_aton_lib_sw_operators.c ****     {
 4914              		.loc 1 597 39 discriminator 1 view .LVU1482
 4915 0232 042F     		cmp	r7, #4
 4916 0234 40F0B480 		bne	.L373
 4917              	.L372:
 599:../../Middlewares/stedgeai-lib/Npu/ll_aton/ll_aton_lib_sw_operators.c ****     }
 4918              		.loc 1 599 7 is_stmt 1 view .LVU1483
 4919              	.LVL536:
 4920              	.LBB355:
 4921              	.LBI355:
 438:../../Middlewares/stedgeai-lib/Npu/ll_aton/ll_aton_lib_sw_operators.c ****                                                 const LL_Buffer_InfoTypeDef (*outputs)[], uint32_t 
 4922              		.loc 1 438 13 view .LVU1484
 4923              	.LBB356:
 442:../../Middlewares/stedgeai-lib/Npu/ll_aton/ll_aton_lib_sw_operators.c ****   LL_ATON_ASSERT((input->batch == 0) ||
 4924              		.loc 1 442 3 view .LVU1485
 4925 0238 022B     		cmp	r3, #2
 4926 023a 04D8     		bhi	.L374
 442:../../Middlewares/stedgeai-lib/Npu/ll_aton/ll_aton_lib_sw_operators.c ****   LL_ATON_ASSERT((input->batch == 0) ||
 4927              		.loc 1 442 3 is_stmt 0 discriminator 1 view .LVU1486
 4928 023c 4FF4DD71 		mov	r1, #442
 4929              	.LVL537:
 442:../../Middlewares/stedgeai-lib/Npu/ll_aton/ll_aton_lib_sw_operators.c ****   LL_ATON_ASSERT((input->batch == 0) ||
 4930              		.loc 1 442 3 discriminator 1 view .LVU1487
 4931 0240 134B     		ldr	r3, .L422+32
ARM GAS  /tmp/ccBdscOF.s 			page 163


 4932              	.LVL538:
 442:../../Middlewares/stedgeai-lib/Npu/ll_aton/ll_aton_lib_sw_operators.c ****   LL_ATON_ASSERT((input->batch == 0) ||
 4933              		.loc 1 442 3 discriminator 1 view .LVU1488
 4934 0242 144A     		ldr	r2, .L422+36
 4935              	.LVL539:
 442:../../Middlewares/stedgeai-lib/Npu/ll_aton/ll_aton_lib_sw_operators.c ****   LL_ATON_ASSERT((input->batch == 0) ||
 4936              		.loc 1 442 3 discriminator 1 view .LVU1489
 4937 0244 51E7     		b	.L419
 4938              	.LVL540:
 4939              	.L374:
 443:../../Middlewares/stedgeai-lib/Npu/ll_aton/ll_aton_lib_sw_operators.c ****                  (input->batch == input->shape[split_onnx_axis])); // input tensor is ATON canonica
 4940              		.loc 1 443 3 is_stmt 1 view .LVU1490
 4941 0246 A869     		ldr	r0, [r5, #24]
 4942 0248 48B1     		cbz	r0, .L375
 443:../../Middlewares/stedgeai-lib/Npu/ll_aton/ll_aton_lib_sw_operators.c ****                  (input->batch == input->shape[split_onnx_axis])); // input tensor is ATON canonica
 4943              		.loc 1 443 3 is_stmt 0 discriminator 1 view .LVU1491
 4944 024a EC6A     		ldr	r4, [r5, #44]
 4945 024c 54F82240 		ldr	r4, [r4, r2, lsl #2]
 4946 0250 A042     		cmp	r0, r4
 4947 0252 04D0     		beq	.L375
 443:../../Middlewares/stedgeai-lib/Npu/ll_aton/ll_aton_lib_sw_operators.c ****                  (input->batch == input->shape[split_onnx_axis])); // input tensor is ATON canonica
 4948              		.loc 1 443 3 discriminator 2 view .LVU1492
 4949 0254 40F2BB11 		movw	r1, #443
 4950              	.LVL541:
 443:../../Middlewares/stedgeai-lib/Npu/ll_aton/ll_aton_lib_sw_operators.c ****                  (input->batch == input->shape[split_onnx_axis])); // input tensor is ATON canonica
 4951              		.loc 1 443 3 discriminator 2 view .LVU1493
 4952 0258 0F4B     		ldr	r3, .L422+40
 4953              	.LVL542:
 443:../../Middlewares/stedgeai-lib/Npu/ll_aton/ll_aton_lib_sw_operators.c ****                  (input->batch == input->shape[split_onnx_axis])); // input tensor is ATON canonica
 4954              		.loc 1 443 3 discriminator 2 view .LVU1494
 4955 025a 0E4A     		ldr	r2, .L422+36
 4956              	.LVL543:
 443:../../Middlewares/stedgeai-lib/Npu/ll_aton/ll_aton_lib_sw_operators.c ****                  (input->batch == input->shape[split_onnx_axis])); // input tensor is ATON canonica
 4957              		.loc 1 443 3 discriminator 2 view .LVU1495
 4958 025c 45E7     		b	.L419
 4959              	.LVL544:
 4960              	.L375:
 445:../../Middlewares/stedgeai-lib/Npu/ll_aton/ll_aton_lib_sw_operators.c **** 
 4961              		.loc 1 445 3 is_stmt 1 view .LVU1496
 4962 025e D81E     		subs	r0, r3, #3
 4963 0260 8242     		cmp	r2, r0
 4964 0262 1DD0     		beq	.L376
 445:../../Middlewares/stedgeai-lib/Npu/ll_aton/ll_aton_lib_sw_operators.c **** 
 4965              		.loc 1 445 3 is_stmt 0 discriminator 1 view .LVU1497
 4966 0264 40F2BD11 		movw	r1, #445
 4967              	.LVL545:
 445:../../Middlewares/stedgeai-lib/Npu/ll_aton/ll_aton_lib_sw_operators.c **** 
 4968              		.loc 1 445 3 discriminator 1 view .LVU1498
 4969 0268 0C4B     		ldr	r3, .L422+44
 4970              	.LVL546:
 445:../../Middlewares/stedgeai-lib/Npu/ll_aton/ll_aton_lib_sw_operators.c **** 
 4971              		.loc 1 445 3 discriminator 1 view .LVU1499
 4972 026a 0A4A     		ldr	r2, .L422+36
 4973              	.LVL547:
 445:../../Middlewares/stedgeai-lib/Npu/ll_aton/ll_aton_lib_sw_operators.c **** 
 4974              		.loc 1 445 3 discriminator 1 view .LVU1500
 4975 026c 3DE7     		b	.L419
ARM GAS  /tmp/ccBdscOF.s 			page 164


 4976              	.L423:
 4977 026e 00BF     		.align	2
 4978              	.L422:
 4979 0270 00000000 		.word	__FUNCTION__.28
 4980 0274 00000000 		.word	.LC6
 4981 0278 00000000 		.word	__func__.27
 4982 027c 00000000 		.word	.LC37
 4983 0280 2D000000 		.word	.LC1
 4984 0284 0D000000 		.word	.LC38
 4985 0288 1B000000 		.word	.LC39
 4986 028c 28000000 		.word	.LC40
 4987 0290 36000000 		.word	.LC41
 4988 0294 00000000 		.word	__func__.26
 4989 0298 40000000 		.word	.LC42
 4990 029c 87000000 		.word	.LC43
 4991              	.LVL548:
 4992              	.L376:
 447:../../Middlewares/stedgeai-lib/Npu/ll_aton/ll_aton_lib_sw_operators.c ****   uint32_t fheight = input->shape[rank - 2];
 4993              		.loc 1 447 3 is_stmt 1 view .LVU1501
 448:../../Middlewares/stedgeai-lib/Npu/ll_aton/ll_aton_lib_sw_operators.c ****   uint32_t fwidth = input->shape[rank - 1];
 4994              		.loc 1 448 27 is_stmt 0 view .LVU1502
 4995 02a0 E86A     		ldr	r0, [r5, #44]
 448:../../Middlewares/stedgeai-lib/Npu/ll_aton/ll_aton_lib_sw_operators.c ****   uint32_t fwidth = input->shape[rank - 1];
 4996              		.loc 1 448 34 view .LVU1503
 4997 02a2 03F18043 		add	r3, r3, #1073741824
 4998              	.LVL549:
 448:../../Middlewares/stedgeai-lib/Npu/ll_aton/ll_aton_lib_sw_operators.c ****   uint32_t fwidth = input->shape[rank - 1];
 4999              		.loc 1 448 34 view .LVU1504
 5000 02a6 023B     		subs	r3, r3, #2
 448:../../Middlewares/stedgeai-lib/Npu/ll_aton/ll_aton_lib_sw_operators.c ****   uint32_t fwidth = input->shape[rank - 1];
 5001              		.loc 1 448 12 view .LVU1505
 5002 02a8 50F82340 		ldr	r4, [r0, r3, lsl #2]
 447:../../Middlewares/stedgeai-lib/Npu/ll_aton/ll_aton_lib_sw_operators.c ****   uint32_t fheight = input->shape[rank - 2];
 5003              		.loc 1 447 21 view .LVU1506
 5004 02ac 0736     		adds	r6, r6, #7
 449:../../Middlewares/stedgeai-lib/Npu/ll_aton/ll_aton_lib_sw_operators.c ****   uint32_t in_nchannels = input->shape[split_onnx_axis];
 5005              		.loc 1 449 12 view .LVU1507
 5006 02ae 00EB8303 		add	r3, r0, r3, lsl #2
 447:../../Middlewares/stedgeai-lib/Npu/ll_aton/ll_aton_lib_sw_operators.c ****   uint32_t fheight = input->shape[rank - 2];
 5007              		.loc 1 447 21 view .LVU1508
 5008 02b2 4FEAE60B 		asr	fp, r6, #3
 5009              	.LVL550:
 448:../../Middlewares/stedgeai-lib/Npu/ll_aton/ll_aton_lib_sw_operators.c ****   uint32_t fwidth = input->shape[rank - 1];
 5010              		.loc 1 448 3 is_stmt 1 view .LVU1509
 448:../../Middlewares/stedgeai-lib/Npu/ll_aton/ll_aton_lib_sw_operators.c ****   uint32_t fwidth = input->shape[rank - 1];
 5011              		.loc 1 448 12 is_stmt 0 view .LVU1510
 5012 02b6 0894     		str	r4, [sp, #32]
 5013              	.LVL551:
 449:../../Middlewares/stedgeai-lib/Npu/ll_aton/ll_aton_lib_sw_operators.c ****   uint32_t in_nchannels = input->shape[split_onnx_axis];
 5014              		.loc 1 449 3 is_stmt 1 view .LVU1511
 449:../../Middlewares/stedgeai-lib/Npu/ll_aton/ll_aton_lib_sw_operators.c ****   uint32_t in_nchannels = input->shape[split_onnx_axis];
 5015              		.loc 1 449 12 is_stmt 0 view .LVU1512
 5016 02b8 5E68     		ldr	r6, [r3, #4]
 5017              	.LVL552:
 450:../../Middlewares/stedgeai-lib/Npu/ll_aton/ll_aton_lib_sw_operators.c ****   uint32_t batch_offset = in_nchannels * nbytes;
 5018              		.loc 1 450 3 is_stmt 1 view .LVU1513
 450:../../Middlewares/stedgeai-lib/Npu/ll_aton/ll_aton_lib_sw_operators.c ****   uint32_t batch_offset = in_nchannels * nbytes;
ARM GAS  /tmp/ccBdscOF.s 			page 165


 5019              		.loc 1 450 12 is_stmt 0 view .LVU1514
 5020 02ba 50F82240 		ldr	r4, [r0, r2, lsl #2]
 5021              	.LVL553:
 451:../../Middlewares/stedgeai-lib/Npu/ll_aton/ll_aton_lib_sw_operators.c **** 
 5022              		.loc 1 451 3 is_stmt 1 view .LVU1515
 450:../../Middlewares/stedgeai-lib/Npu/ll_aton/ll_aton_lib_sw_operators.c ****   uint32_t batch_offset = in_nchannels * nbytes;
 5023              		.loc 1 450 39 is_stmt 0 view .LVU1516
 5024 02be 9300     		lsls	r3, r2, #2
 5025 02c0 0B93     		str	r3, [sp, #44]
 451:../../Middlewares/stedgeai-lib/Npu/ll_aton/ll_aton_lib_sw_operators.c **** 
 5026              		.loc 1 451 12 view .LVU1517
 5027 02c2 04FB0BF3 		mul	r3, r4, fp
 5028              	.LBB357:
 5029              	.LBB358:
 460:../../Middlewares/stedgeai-lib/Npu/ll_aton/ll_aton_lib_sw_operators.c ****     uint32_t loop_offset = out_batch * nbytes;
 5030              		.loc 1 460 41 view .LVU1518
 5031 02c6 7443     		muls	r4, r6, r4
 5032              	.LVL554:
 460:../../Middlewares/stedgeai-lib/Npu/ll_aton/ll_aton_lib_sw_operators.c ****     uint32_t loop_offset = out_batch * nbytes;
 5033              		.loc 1 460 41 view .LVU1519
 5034              	.LBE358:
 5035              	.LBE357:
 455:../../Middlewares/stedgeai-lib/Npu/ll_aton/ll_aton_lib_sw_operators.c ****   for (int i = 0; i < nr_of_outputs; i++)
 5036              		.loc 1 455 31 view .LVU1520
 5037 02c8 2846     		mov	r0, r5
 5038              	.LVL555:
 451:../../Middlewares/stedgeai-lib/Npu/ll_aton/ll_aton_lib_sw_operators.c **** 
 5039              		.loc 1 451 12 view .LVU1521
 5040 02ca 0C93     		str	r3, [sp, #48]
 5041              	.LVL556:
 455:../../Middlewares/stedgeai-lib/Npu/ll_aton/ll_aton_lib_sw_operators.c ****   for (int i = 0; i < nr_of_outputs; i++)
 5042              		.loc 1 455 3 is_stmt 1 view .LVU1522
 455:../../Middlewares/stedgeai-lib/Npu/ll_aton/ll_aton_lib_sw_operators.c ****   for (int i = 0; i < nr_of_outputs; i++)
 5043              		.loc 1 455 31 is_stmt 0 view .LVU1523
 5044 02cc FFF7FEFF 		bl	LL_Buffer_addr_start
 5045              	.LVL557:
 5046              	.LBB373:
 5047              	.LBB371:
 460:../../Middlewares/stedgeai-lib/Npu/ll_aton/ll_aton_lib_sw_operators.c ****     uint32_t loop_offset = out_batch * nbytes;
 5048              		.loc 1 460 14 view .LVU1524
 5049 02d0 0BFB04F3 		mul	r3, fp, r4
 5050 02d4 0D93     		str	r3, [sp, #52]
 5051              	.LBE371:
 456:../../Middlewares/stedgeai-lib/Npu/ll_aton/ll_aton_lib_sw_operators.c ****   {
 5052              		.loc 1 456 12 view .LVU1525
 5053 02d6 0023     		movs	r3, #0
 5054 02d8 0C46     		mov	r4, r1
 5055 02da 0293     		str	r3, [sp, #8]
 5056 02dc 089B     		ldr	r3, [sp, #32]
 5057              	.LBE373:
 455:../../Middlewares/stedgeai-lib/Npu/ll_aton/ll_aton_lib_sw_operators.c ****   for (int i = 0; i < nr_of_outputs; i++)
 5058              		.loc 1 455 31 view .LVU1526
 5059 02de 0390     		str	r0, [sp, #12]
 5060              	.LVL558:
 456:../../Middlewares/stedgeai-lib/Npu/ll_aton/ll_aton_lib_sw_operators.c ****   {
 5061              		.loc 1 456 3 is_stmt 1 view .LVU1527
 5062              	.LBB374:
ARM GAS  /tmp/ccBdscOF.s 			page 166


 456:../../Middlewares/stedgeai-lib/Npu/ll_aton/ll_aton_lib_sw_operators.c ****   {
 5063              		.loc 1 456 8 view .LVU1528
 456:../../Middlewares/stedgeai-lib/Npu/ll_aton/ll_aton_lib_sw_operators.c ****   {
 5064              		.loc 1 456 21 discriminator 1 view .LVU1529
 5065 02e0 7343     		muls	r3, r6, r3
 5066 02e2 0F93     		str	r3, [sp, #60]
 5067              	.LVL559:
 5068              	.L384:
 5069              	.LBB372:
 458:../../Middlewares/stedgeai-lib/Npu/ll_aton/ll_aton_lib_sw_operators.c ****     uint32_t batch_depth_bytes = out_batch * nbytes;
 5070              		.loc 1 458 5 view .LVU1530
 459:../../Middlewares/stedgeai-lib/Npu/ll_aton/ll_aton_lib_sw_operators.c ****     uint32_t line_offset = in_nchannels * fwidth * nbytes;
 5071              		.loc 1 459 5 view .LVU1531
 462:../../Middlewares/stedgeai-lib/Npu/ll_aton/ll_aton_lib_sw_operators.c **** 
 5072              		.loc 1 462 14 is_stmt 0 view .LVU1532
 5073 02e4 0B99     		ldr	r1, [sp, #44]
 5074 02e6 E36A     		ldr	r3, [r4, #44]
 5075 02e8 258B     		ldrh	r5, [r4, #24]
 5076 02ea 5B58     		ldr	r3, [r3, r1]
 459:../../Middlewares/stedgeai-lib/Npu/ll_aton/ll_aton_lib_sw_operators.c ****     uint32_t line_offset = in_nchannels * fwidth * nbytes;
 5077              		.loc 1 459 14 view .LVU1533
 5078 02ec 05FB0BF2 		mul	r2, r5, fp
 5079              	.LVL560:
 460:../../Middlewares/stedgeai-lib/Npu/ll_aton/ll_aton_lib_sw_operators.c ****     uint32_t loop_offset = out_batch * nbytes;
 5080              		.loc 1 460 5 is_stmt 1 view .LVU1534
 461:../../Middlewares/stedgeai-lib/Npu/ll_aton/ll_aton_lib_sw_operators.c ****     uint32_t out_nchannels = (*outputs)[i].shape[split_onnx_axis];
 5081              		.loc 1 461 5 view .LVU1535
 462:../../Middlewares/stedgeai-lib/Npu/ll_aton/ll_aton_lib_sw_operators.c **** 
 5082              		.loc 1 462 5 view .LVU1536
 462:../../Middlewares/stedgeai-lib/Npu/ll_aton/ll_aton_lib_sw_operators.c **** 
 5083              		.loc 1 462 14 is_stmt 0 view .LVU1537
 5084 02f0 0493     		str	r3, [sp, #16]
 5085              	.LVL561:
 464:../../Middlewares/stedgeai-lib/Npu/ll_aton/ll_aton_lib_sw_operators.c ****     uint32_t frame_tot_cnt = out_nchannels / out_batch;
 5086              		.loc 1 464 5 is_stmt 1 view .LVU1538
 5087 02f2 B3FBF5F3 		udiv	r3, r3, r5
 5088              	.LVL562:
 464:../../Middlewares/stedgeai-lib/Npu/ll_aton/ll_aton_lib_sw_operators.c ****     uint32_t frame_tot_cnt = out_nchannels / out_batch;
 5089              		.loc 1 464 5 is_stmt 0 view .LVU1539
 5090 02f6 0993     		str	r3, [sp, #36]
 5091 02f8 0999     		ldr	r1, [sp, #36]
 5092 02fa 049B     		ldr	r3, [sp, #16]
 5093 02fc 05FB1135 		mls	r5, r5, r1, r3
 5094 0300 25B1     		cbz	r5, .L377
 464:../../Middlewares/stedgeai-lib/Npu/ll_aton/ll_aton_lib_sw_operators.c ****     uint32_t frame_tot_cnt = out_nchannels / out_batch;
 5095              		.loc 1 464 5 discriminator 1 view .LVU1540
 5096 0302 4FF4E871 		mov	r1, #464
 5097 0306 524B     		ldr	r3, .L424
 5098 0308 524A     		ldr	r2, .L424+4
 5099              	.LVL563:
 464:../../Middlewares/stedgeai-lib/Npu/ll_aton/ll_aton_lib_sw_operators.c ****     uint32_t frame_tot_cnt = out_nchannels / out_batch;
 5100              		.loc 1 464 5 discriminator 1 view .LVU1541
 5101 030a EEE6     		b	.L419
 5102              	.LVL564:
 5103              	.L377:
 467:../../Middlewares/stedgeai-lib/Npu/ll_aton/ll_aton_lib_sw_operators.c **** 
 5104              		.loc 1 467 34 view .LVU1542
ARM GAS  /tmp/ccBdscOF.s 			page 167


 5105 030c 2046     		mov	r0, r4
 5106 030e 0592     		str	r2, [sp, #20]
 465:../../Middlewares/stedgeai-lib/Npu/ll_aton/ll_aton_lib_sw_operators.c **** 
 5107              		.loc 1 465 5 is_stmt 1 view .LVU1543
 5108              	.LVL565:
 467:../../Middlewares/stedgeai-lib/Npu/ll_aton/ll_aton_lib_sw_operators.c **** 
 5109              		.loc 1 467 5 view .LVU1544
 467:../../Middlewares/stedgeai-lib/Npu/ll_aton/ll_aton_lib_sw_operators.c **** 
 5110              		.loc 1 467 34 is_stmt 0 view .LVU1545
 5111 0310 FFF7FEFF 		bl	LL_Buffer_addr_start
 5112              	.LVL566:
 467:../../Middlewares/stedgeai-lib/Npu/ll_aton/ll_aton_lib_sw_operators.c **** 
 5113              		.loc 1 467 34 view .LVU1546
 5114 0314 059A     		ldr	r2, [sp, #20]
 5115 0316 0790     		str	r0, [sp, #28]
 5116              	.LVL567:
 470:../../Middlewares/stedgeai-lib/Npu/ll_aton/ll_aton_lib_sw_operators.c ****     for (int j = 0; j < frame_tot_cnt; j++)
 5117              		.loc 1 470 5 is_stmt 1 view .LVU1547
 471:../../Middlewares/stedgeai-lib/Npu/ll_aton/ll_aton_lib_sw_operators.c ****     {
 5118              		.loc 1 471 5 view .LVU1548
 5119              	.LBB359:
 471:../../Middlewares/stedgeai-lib/Npu/ll_aton/ll_aton_lib_sw_operators.c ****     {
 5120              		.loc 1 471 10 view .LVU1549
 471:../../Middlewares/stedgeai-lib/Npu/ll_aton/ll_aton_lib_sw_operators.c ****     {
 5121              		.loc 1 471 10 is_stmt 0 view .LVU1550
 5122 0318 02FB06F3 		mul	r3, r2, r6
 5123 031c 0E93     		str	r3, [sp, #56]
 5124 031e 0F9B     		ldr	r3, [sp, #60]
 5125 0320 5343     		muls	r3, r2, r3
 5126 0322 0A93     		str	r3, [sp, #40]
 5127              	.LBE359:
 470:../../Middlewares/stedgeai-lib/Npu/ll_aton/ll_aton_lib_sw_operators.c ****     for (int j = 0; j < frame_tot_cnt; j++)
 5128              		.loc 1 470 20 view .LVU1551
 5129 0324 039B     		ldr	r3, [sp, #12]
 5130 0326 0693     		str	r3, [sp, #24]
 5131              	.LVL568:
 5132              	.L378:
 5133              	.LBB370:
 471:../../Middlewares/stedgeai-lib/Npu/ll_aton/ll_aton_lib_sw_operators.c ****     {
 5134              		.loc 1 471 23 is_stmt 1 discriminator 1 view .LVU1552
 5135 0328 099B     		ldr	r3, [sp, #36]
 5136 032a AB42     		cmp	r3, r5
 5137 032c 2CD0     		beq	.L382
 5138              	.LBB360:
 477:../../Middlewares/stedgeai-lib/Npu/ll_aton/ll_aton_lib_sw_operators.c ****       for (int x = 0; x < fheight; x++)
 5139              		.loc 1 477 22 is_stmt 0 view .LVU1553
 5140 032e 069B     		ldr	r3, [sp, #24]
 5141              	.LBB361:
 478:../../Middlewares/stedgeai-lib/Npu/ll_aton/ll_aton_lib_sw_operators.c ****       {
 5142              		.loc 1 478 16 view .LVU1554
 5143 0330 0027     		movs	r7, #0
 5144              	.LBE361:
 5145              	.LBE360:
 471:../../Middlewares/stedgeai-lib/Npu/ll_aton/ll_aton_lib_sw_operators.c ****     {
 5146              		.loc 1 471 23 discriminator 1 view .LVU1555
 5147 0332 DDF81C80 		ldr	r8, [sp, #28]
 5148              	.LBB368:
ARM GAS  /tmp/ccBdscOF.s 			page 168


 477:../../Middlewares/stedgeai-lib/Npu/ll_aton/ll_aton_lib_sw_operators.c ****       for (int x = 0; x < fheight; x++)
 5149              		.loc 1 477 22 view .LVU1556
 5150 0336 0593     		str	r3, [sp, #20]
 5151 0338 15E0     		b	.L383
 5152              	.LVL569:
 5153              	.L379:
 5154              	.LBB367:
 5155              	.LBB362:
 5156              	.LBB363:
 484:../../Middlewares/stedgeai-lib/Npu/ll_aton/ll_aton_lib_sw_operators.c **** 
 5157              		.loc 1 484 11 is_stmt 1 view .LVU1557
 5158 033a 1846     		mov	r0, r3
 5159 033c CDE91012 		strd	r1, r2, [sp, #64]
 5160 0340 FFF7FEFF 		bl	memcpy
 5161              	.LVL570:
 484:../../Middlewares/stedgeai-lib/Npu/ll_aton/ll_aton_lib_sw_operators.c **** 
 5162              		.loc 1 484 11 is_stmt 0 view .LVU1558
 5163 0344 0346     		mov	r3, r0
 486:../../Middlewares/stedgeai-lib/Npu/ll_aton/ll_aton_lib_sw_operators.c ****           batch_addr += batch_offset;
 5164              		.loc 1 486 11 is_stmt 1 view .LVU1559
 486:../../Middlewares/stedgeai-lib/Npu/ll_aton/ll_aton_lib_sw_operators.c ****           batch_addr += batch_offset;
 5165              		.loc 1 486 23 is_stmt 0 view .LVU1560
 5166 0346 119A     		ldr	r2, [sp, #68]
 487:../../Middlewares/stedgeai-lib/Npu/ll_aton/ll_aton_lib_sw_operators.c ****         }
 5167              		.loc 1 487 22 view .LVU1561
 5168 0348 0C98     		ldr	r0, [sp, #48]
 5169 034a 1099     		ldr	r1, [sp, #64]
 486:../../Middlewares/stedgeai-lib/Npu/ll_aton/ll_aton_lib_sw_operators.c ****           batch_addr += batch_offset;
 5170              		.loc 1 486 23 view .LVU1562
 5171 034c 1344     		add	r3, r3, r2
 5172              	.LVL571:
 487:../../Middlewares/stedgeai-lib/Npu/ll_aton/ll_aton_lib_sw_operators.c ****         }
 5173              		.loc 1 487 11 is_stmt 1 view .LVU1563
 487:../../Middlewares/stedgeai-lib/Npu/ll_aton/ll_aton_lib_sw_operators.c ****         }
 5174              		.loc 1 487 22 is_stmt 0 view .LVU1564
 5175 034e 0144     		add	r1, r1, r0
 5176              	.LVL572:
 482:../../Middlewares/stedgeai-lib/Npu/ll_aton/ll_aton_lib_sw_operators.c ****         {
 5177              		.loc 1 482 38 is_stmt 1 discriminator 3 view .LVU1565
 5178 0350 0AF1010A 		add	r10, r10, #1
 5179              	.LVL573:
 5180              	.L381:
 482:../../Middlewares/stedgeai-lib/Npu/ll_aton/ll_aton_lib_sw_operators.c ****         {
 5181              		.loc 1 482 27 discriminator 1 view .LVU1566
 5182 0354 B245     		cmp	r10, r6
 5183 0356 F0D1     		bne	.L379
 482:../../Middlewares/stedgeai-lib/Npu/ll_aton/ll_aton_lib_sw_operators.c ****         {
 5184              		.loc 1 482 27 is_stmt 0 discriminator 1 view .LVU1567
 5185 0358 0E9B     		ldr	r3, [sp, #56]
 5186              	.LVL574:
 482:../../Middlewares/stedgeai-lib/Npu/ll_aton/ll_aton_lib_sw_operators.c ****         {
 5187              		.loc 1 482 27 discriminator 1 view .LVU1568
 5188              	.LBE363:
 489:../../Middlewares/stedgeai-lib/Npu/ll_aton/ll_aton_lib_sw_operators.c ****       }
 5189              		.loc 1 489 19 view .LVU1569
 5190 035a 0D99     		ldr	r1, [sp, #52]
 5191              	.LVL575:
ARM GAS  /tmp/ccBdscOF.s 			page 169


 489:../../Middlewares/stedgeai-lib/Npu/ll_aton/ll_aton_lib_sw_operators.c ****       }
 5192              		.loc 1 489 19 view .LVU1570
 5193 035c 9844     		add	r8, r8, r3
 489:../../Middlewares/stedgeai-lib/Npu/ll_aton/ll_aton_lib_sw_operators.c ****       }
 5194              		.loc 1 489 9 is_stmt 1 view .LVU1571
 489:../../Middlewares/stedgeai-lib/Npu/ll_aton/ll_aton_lib_sw_operators.c ****       }
 5195              		.loc 1 489 19 is_stmt 0 view .LVU1572
 5196 035e 059B     		ldr	r3, [sp, #20]
 5197              	.LBE362:
 478:../../Middlewares/stedgeai-lib/Npu/ll_aton/ll_aton_lib_sw_operators.c ****       {
 5198              		.loc 1 478 37 discriminator 2 view .LVU1573
 5199 0360 0137     		adds	r7, r7, #1
 5200              	.LVL576:
 5201              	.LBB365:
 489:../../Middlewares/stedgeai-lib/Npu/ll_aton/ll_aton_lib_sw_operators.c ****       }
 5202              		.loc 1 489 19 view .LVU1574
 5203 0362 0B44     		add	r3, r3, r1
 5204 0364 0593     		str	r3, [sp, #20]
 5205              	.LVL577:
 489:../../Middlewares/stedgeai-lib/Npu/ll_aton/ll_aton_lib_sw_operators.c ****       }
 5206              		.loc 1 489 19 view .LVU1575
 5207              	.LBE365:
 478:../../Middlewares/stedgeai-lib/Npu/ll_aton/ll_aton_lib_sw_operators.c ****       {
 5208              		.loc 1 478 37 is_stmt 1 discriminator 2 view .LVU1576
 5209              	.L383:
 478:../../Middlewares/stedgeai-lib/Npu/ll_aton/ll_aton_lib_sw_operators.c ****       {
 5210              		.loc 1 478 25 discriminator 1 view .LVU1577
 5211 0366 089B     		ldr	r3, [sp, #32]
 5212 0368 BB42     		cmp	r3, r7
 5213 036a 04D0     		beq	.L380
 5214 036c 4346     		mov	r3, r8
 5215              	.LBB366:
 5216              	.LBB364:
 482:../../Middlewares/stedgeai-lib/Npu/ll_aton/ll_aton_lib_sw_operators.c ****         {
 5217              		.loc 1 482 18 is_stmt 0 view .LVU1578
 5218 036e 4FF0000A 		mov	r10, #0
 5219              	.LBE364:
 481:../../Middlewares/stedgeai-lib/Npu/ll_aton/ll_aton_lib_sw_operators.c ****         for (int y = 0; y < fwidth; y++)
 5220              		.loc 1 481 24 view .LVU1579
 5221 0372 0599     		ldr	r1, [sp, #20]
 5222 0374 EEE7     		b	.L381
 5223              	.L380:
 481:../../Middlewares/stedgeai-lib/Npu/ll_aton/ll_aton_lib_sw_operators.c ****         for (int y = 0; y < fwidth; y++)
 5224              		.loc 1 481 24 view .LVU1580
 5225 0376 079B     		ldr	r3, [sp, #28]
 5226 0378 0A99     		ldr	r1, [sp, #40]
 5227              	.LBE366:
 5228              	.LBE367:
 5229              	.LBE368:
 471:../../Middlewares/stedgeai-lib/Npu/ll_aton/ll_aton_lib_sw_operators.c ****     {
 5230              		.loc 1 471 41 discriminator 2 view .LVU1581
 5231 037a 0135     		adds	r5, r5, #1
 5232              	.LVL578:
 471:../../Middlewares/stedgeai-lib/Npu/ll_aton/ll_aton_lib_sw_operators.c ****     {
 5233              		.loc 1 471 41 discriminator 2 view .LVU1582
 5234 037c 0B44     		add	r3, r3, r1
 5235 037e 0793     		str	r3, [sp, #28]
ARM GAS  /tmp/ccBdscOF.s 			page 170


 5236              	.LBB369:
 491:../../Middlewares/stedgeai-lib/Npu/ll_aton/ll_aton_lib_sw_operators.c ****     }
 5237              		.loc 1 491 7 is_stmt 1 view .LVU1583
 491:../../Middlewares/stedgeai-lib/Npu/ll_aton/ll_aton_lib_sw_operators.c ****     }
 5238              		.loc 1 491 22 is_stmt 0 view .LVU1584
 5239 0380 069B     		ldr	r3, [sp, #24]
 5240 0382 1344     		add	r3, r3, r2
 5241 0384 0693     		str	r3, [sp, #24]
 5242              	.LVL579:
 491:../../Middlewares/stedgeai-lib/Npu/ll_aton/ll_aton_lib_sw_operators.c ****     }
 5243              		.loc 1 491 22 view .LVU1585
 5244              	.LBE369:
 471:../../Middlewares/stedgeai-lib/Npu/ll_aton/ll_aton_lib_sw_operators.c ****     {
 5245              		.loc 1 471 41 is_stmt 1 discriminator 2 view .LVU1586
 5246 0386 CFE7     		b	.L378
 5247              	.LVL580:
 5248              	.L382:
 471:../../Middlewares/stedgeai-lib/Npu/ll_aton/ll_aton_lib_sw_operators.c ****     {
 5249              		.loc 1 471 41 is_stmt 0 discriminator 2 view .LVU1587
 5250              	.LBE370:
 493:../../Middlewares/stedgeai-lib/Npu/ll_aton/ll_aton_lib_sw_operators.c ****   }
 5251              		.loc 1 493 5 is_stmt 1 view .LVU1588
 493:../../Middlewares/stedgeai-lib/Npu/ll_aton/ll_aton_lib_sw_operators.c ****   }
 5252              		.loc 1 493 16 is_stmt 0 view .LVU1589
 5253 0388 DDE90332 		ldrd	r3, r2, [sp, #12]
 5254 038c 02FB0B33 		mla	r3, r2, fp, r3
 5255 0390 0393     		str	r3, [sp, #12]
 5256              	.LVL581:
 493:../../Middlewares/stedgeai-lib/Npu/ll_aton/ll_aton_lib_sw_operators.c ****   }
 5257              		.loc 1 493 16 view .LVU1590
 5258              	.LBE372:
 456:../../Middlewares/stedgeai-lib/Npu/ll_aton/ll_aton_lib_sw_operators.c ****   {
 5259              		.loc 1 456 39 is_stmt 1 discriminator 2 view .LVU1591
 5260 0392 029B     		ldr	r3, [sp, #8]
 5261              	.LVL582:
 456:../../Middlewares/stedgeai-lib/Npu/ll_aton/ll_aton_lib_sw_operators.c ****   {
 5262              		.loc 1 456 21 is_stmt 0 discriminator 1 view .LVU1592
 5263 0394 3834     		adds	r4, r4, #56
 456:../../Middlewares/stedgeai-lib/Npu/ll_aton/ll_aton_lib_sw_operators.c ****   {
 5264              		.loc 1 456 39 discriminator 2 view .LVU1593
 5265 0396 0133     		adds	r3, r3, #1
 456:../../Middlewares/stedgeai-lib/Npu/ll_aton/ll_aton_lib_sw_operators.c ****   {
 5266              		.loc 1 456 21 discriminator 1 view .LVU1594
 5267 0398 4B45     		cmp	r3, r9
 456:../../Middlewares/stedgeai-lib/Npu/ll_aton/ll_aton_lib_sw_operators.c ****   {
 5268              		.loc 1 456 39 discriminator 2 view .LVU1595
 5269 039a 0293     		str	r3, [sp, #8]
 5270              	.LVL583:
 456:../../Middlewares/stedgeai-lib/Npu/ll_aton/ll_aton_lib_sw_operators.c ****   {
 5271              		.loc 1 456 21 is_stmt 1 discriminator 1 view .LVU1596
 5272 039c A2D1     		bne	.L384
 5273 039e DCE6     		b	.L356
 5274              	.LVL584:
 5275              	.L373:
 456:../../Middlewares/stedgeai-lib/Npu/ll_aton/ll_aton_lib_sw_operators.c ****   {
 5276              		.loc 1 456 21 is_stmt 0 discriminator 1 view .LVU1597
 5277              	.LBE374:
ARM GAS  /tmp/ccBdscOF.s 			page 171


 5278              	.LBE356:
 5279              	.LBE355:
 603:../../Middlewares/stedgeai-lib/Npu/ll_aton/ll_aton_lib_sw_operators.c ****       LL_ATON_ASSERT(dma_out != -1);
 5280              		.loc 1 603 7 is_stmt 1 view .LVU1598
 5281 03a0 471C     		adds	r7, r0, #1
 5282 03a2 04D1     		bne	.L385
 603:../../Middlewares/stedgeai-lib/Npu/ll_aton/ll_aton_lib_sw_operators.c ****       LL_ATON_ASSERT(dma_out != -1);
 5283              		.loc 1 603 7 is_stmt 0 discriminator 1 view .LVU1599
 5284 03a4 40F25B21 		movw	r1, #603
 5285              	.LVL585:
 603:../../Middlewares/stedgeai-lib/Npu/ll_aton/ll_aton_lib_sw_operators.c ****       LL_ATON_ASSERT(dma_out != -1);
 5286              		.loc 1 603 7 discriminator 1 view .LVU1600
 5287 03a8 2B4B     		ldr	r3, .L424+8
 5288 03aa 2C4A     		ldr	r2, .L424+12
 5289 03ac 9DE6     		b	.L419
 5290              	.LVL586:
 5291              	.L385:
 604:../../Middlewares/stedgeai-lib/Npu/ll_aton/ll_aton_lib_sw_operators.c **** 
 5292              		.loc 1 604 7 is_stmt 1 view .LVU1601
 5293 03ae 661C     		adds	r6, r4, #1
 5294 03b0 04D1     		bne	.L386
 604:../../Middlewares/stedgeai-lib/Npu/ll_aton/ll_aton_lib_sw_operators.c **** 
 5295              		.loc 1 604 7 is_stmt 0 discriminator 1 view .LVU1602
 5296 03b2 4FF41771 		mov	r1, #604
 5297              	.LVL587:
 604:../../Middlewares/stedgeai-lib/Npu/ll_aton/ll_aton_lib_sw_operators.c **** 
 5298              		.loc 1 604 7 discriminator 1 view .LVU1603
 5299 03b6 2A4B     		ldr	r3, .L424+16
 5300 03b8 284A     		ldr	r2, .L424+12
 5301 03ba 96E6     		b	.L419
 5302              	.LVL588:
 5303              	.L386:
 606:../../Middlewares/stedgeai-lib/Npu/ll_aton/ll_aton_lib_sw_operators.c ****                                                     dma_out);
 5304              		.loc 1 606 7 is_stmt 1 view .LVU1604
 5305 03bc 0346     		mov	r3, r0
 5306 03be 4A46     		mov	r2, r9
 5307 03c0 2846     		mov	r0, r5
 5308 03c2 0094     		str	r4, [sp]
 5309 03c4 FFF7FEFF 		bl	LL_ATON_LIB_DMA_Outputs_Channel_Split_Batched
 5310              	.LVL589:
 606:../../Middlewares/stedgeai-lib/Npu/ll_aton/ll_aton_lib_sw_operators.c ****                                                     dma_out);
 5311              		.loc 1 606 7 is_stmt 0 view .LVU1605
 5312 03c8 C7E6     		b	.L356
 5313              	.LVL590:
 5314              	.L345:
 615:../../Middlewares/stedgeai-lib/Npu/ll_aton/ll_aton_lib_sw_operators.c ****     LL_ATON_ASSERT(dma_out == -1);
 5315              		.loc 1 615 5 is_stmt 1 view .LVU1606
 5316 03ca 421C     		adds	r2, r0, #1
 5317 03cc 04D0     		beq	.L387
 615:../../Middlewares/stedgeai-lib/Npu/ll_aton/ll_aton_lib_sw_operators.c ****     LL_ATON_ASSERT(dma_out == -1);
 5318              		.loc 1 615 5 is_stmt 0 discriminator 1 view .LVU1607
 5319 03ce 40F26721 		movw	r1, #615
 5320              	.LVL591:
 615:../../Middlewares/stedgeai-lib/Npu/ll_aton/ll_aton_lib_sw_operators.c ****     LL_ATON_ASSERT(dma_out == -1);
 5321              		.loc 1 615 5 discriminator 1 view .LVU1608
 5322 03d2 244B     		ldr	r3, .L424+20
 5323 03d4 214A     		ldr	r2, .L424+12
ARM GAS  /tmp/ccBdscOF.s 			page 172


 5324 03d6 88E6     		b	.L419
 5325              	.LVL592:
 5326              	.L387:
 616:../../Middlewares/stedgeai-lib/Npu/ll_aton/ll_aton_lib_sw_operators.c ****   case DMA_FLAT_CANONICAL:
 5327              		.loc 1 616 5 is_stmt 1 view .LVU1609
 5328 03d8 631C     		adds	r3, r4, #1
 5329 03da 04D0     		beq	.L344
 616:../../Middlewares/stedgeai-lib/Npu/ll_aton/ll_aton_lib_sw_operators.c ****   case DMA_FLAT_CANONICAL:
 5330              		.loc 1 616 5 is_stmt 0 discriminator 1 view .LVU1610
 5331 03dc 4FF41A71 		mov	r1, #616
 5332              	.LVL593:
 616:../../Middlewares/stedgeai-lib/Npu/ll_aton/ll_aton_lib_sw_operators.c ****   case DMA_FLAT_CANONICAL:
 5333              		.loc 1 616 5 discriminator 1 view .LVU1611
 5334 03e0 214B     		ldr	r3, .L424+24
 5335 03e2 1E4A     		ldr	r2, .L424+12
 5336 03e4 81E6     		b	.L419
 5337              	.LVL594:
 5338              	.L344:
 622:../../Middlewares/stedgeai-lib/Npu/ll_aton/ll_aton_lib_sw_operators.c ****         (split_case == SW_CHANNEL_UNIFORM) || (split_case == SW_FLAT_MCD))
 5339              		.loc 1 622 5 is_stmt 1 view .LVU1612
 622:../../Middlewares/stedgeai-lib/Npu/ll_aton/ll_aton_lib_sw_operators.c ****         (split_case == SW_CHANNEL_UNIFORM) || (split_case == SW_FLAT_MCD))
 5340              		.loc 1 622 8 is_stmt 0 view .LVU1613
 5341 03e6 B9F1180F 		cmp	r9, #24
 5342 03ea 04D8     		bhi	.L388
 5343 03ec 4FF4AA53 		mov	r3, #5440
 5344 03f0 FB40     		lsrs	r3, r3, r7
 5345 03f2 DE07     		lsls	r6, r3, #31
 5346 03f4 17D5     		bpl	.L389
 5347              	.L388:
 625:../../Middlewares/stedgeai-lib/Npu/ll_aton/ll_aton_lib_sw_operators.c ****     }
 5348              		.loc 1 625 7 is_stmt 1 view .LVU1614
 5349              	.LVL595:
 5350              	.LBB375:
 5351              	.LBI375:
 313:../../Middlewares/stedgeai-lib/Npu/ll_aton/ll_aton_lib_sw_operators.c ****                                               const LL_Buffer_InfoTypeDef (*outputs)[], unsigned nr
 5352              		.loc 1 313 12 view .LVU1615
 5353              	.LBB376:
 319:../../Middlewares/stedgeai-lib/Npu/ll_aton/ll_aton_lib_sw_operators.c ****   int output_size = 0;
 5354              		.loc 1 319 3 view .LVU1616
 5355              	.LBB377:
 5356              	.LBI377:
 509:../../Middlewares/stedgeai-lib/Npu/ll_aton/ll_aton_NN_interface.h ****   {
 5357              		.loc 2 509 26 view .LVU1617
 5358              	.LBB378:
 5359              		.loc 2 511 5 view .LVU1618
 5360              		.loc 2 511 28 is_stmt 0 view .LVU1619
 5361 03f6 D5E90232 		ldrd	r3, r2, [r5, #8]
 5362 03fa 0C46     		mov	r4, r1
 5363 03fc D21A     		subs	r2, r2, r3
 5364              	.LVL596:
 5365              		.loc 2 511 28 view .LVU1620
 5366              	.LBE378:
 5367              	.LBE377:
 320:../../Middlewares/stedgeai-lib/Npu/ll_aton/ll_aton_lib_sw_operators.c **** 
 5368              		.loc 1 320 3 is_stmt 1 view .LVU1621
 322:../../Middlewares/stedgeai-lib/Npu/ll_aton/ll_aton_lib_sw_operators.c ****   {
 5369              		.loc 1 322 3 view .LVU1622
ARM GAS  /tmp/ccBdscOF.s 			page 173


 5370              	.LBB379:
 322:../../Middlewares/stedgeai-lib/Npu/ll_aton/ll_aton_lib_sw_operators.c ****   {
 5371              		.loc 1 322 8 view .LVU1623
 322:../../Middlewares/stedgeai-lib/Npu/ll_aton/ll_aton_lib_sw_operators.c ****   {
 5372              		.loc 1 322 26 discriminator 1 view .LVU1624
 5373              	.LBE379:
 320:../../Middlewares/stedgeai-lib/Npu/ll_aton/ll_aton_lib_sw_operators.c **** 
 5374              		.loc 1 320 7 is_stmt 0 view .LVU1625
 5375 03fe 49F001E0 		dls	lr, r9
 5376 0402 0023     		movs	r3, #0
 5377              	.LVL597:
 5378              	.L390:
 5379              	.LBB382:
 324:../../Middlewares/stedgeai-lib/Npu/ll_aton/ll_aton_lib_sw_operators.c ****   }
 5380              		.loc 1 324 5 is_stmt 1 view .LVU1626
 5381              	.LBB380:
 5382              	.LBI380:
 509:../../Middlewares/stedgeai-lib/Npu/ll_aton/ll_aton_NN_interface.h ****   {
 5383              		.loc 2 509 26 view .LVU1627
 5384              	.LBB381:
 5385              		.loc 2 511 5 view .LVU1628
 5386              		.loc 2 511 5 is_stmt 0 view .LVU1629
 5387              	.LBE381:
 5388              	.LBE380:
 324:../../Middlewares/stedgeai-lib/Npu/ll_aton/ll_aton_lib_sw_operators.c ****   }
 5389              		.loc 1 324 17 discriminator 1 view .LVU1630
 5390 0404 D4E90201 		ldrd	r0, r1, [r4, #8]
 5391 0408 091A     		subs	r1, r1, r0
 5392 040a 0B44     		add	r3, r3, r1
 5393              	.LVL598:
 322:../../Middlewares/stedgeai-lib/Npu/ll_aton/ll_aton_lib_sw_operators.c ****   {
 5394              		.loc 1 322 44 is_stmt 1 discriminator 3 view .LVU1631
 322:../../Middlewares/stedgeai-lib/Npu/ll_aton/ll_aton_lib_sw_operators.c ****   {
 5395              		.loc 1 322 26 discriminator 1 view .LVU1632
 5396 040c 3834     		adds	r4, r4, #56
 5397 040e 0FF007C8 		le	lr, .L390
 5398              	.LBE382:
 327:../../Middlewares/stedgeai-lib/Npu/ll_aton/ll_aton_lib_sw_operators.c ****   { // should never happen
 5399              		.loc 1 327 3 view .LVU1633
 327:../../Middlewares/stedgeai-lib/Npu/ll_aton/ll_aton_lib_sw_operators.c ****   { // should never happen
 5400              		.loc 1 327 6 is_stmt 0 view .LVU1634
 5401 0412 9A42     		cmp	r2, r3
 329:../../Middlewares/stedgeai-lib/Npu/ll_aton/ll_aton_lib_sw_operators.c ****   }
 5402              		.loc 1 329 5 view .LVU1635
 5403 0414 154A     		ldr	r2, .L424+28
 5404              	.LVL599:
 327:../../Middlewares/stedgeai-lib/Npu/ll_aton/ll_aton_lib_sw_operators.c ****   { // should never happen
 5405              		.loc 1 327 6 view .LVU1636
 5406 0416 02D0     		beq	.L391
 329:../../Middlewares/stedgeai-lib/Npu/ll_aton/ll_aton_lib_sw_operators.c ****   }
 5407              		.loc 1 329 5 is_stmt 1 view .LVU1637
 5408 0418 40F24911 		movw	r1, #329
 5409 041c DAE6     		b	.L420
 5410              	.L391:
 329:../../Middlewares/stedgeai-lib/Npu/ll_aton/ll_aton_lib_sw_operators.c ****   }
 5411              		.loc 1 329 54 view .LVU1638
 332:../../Middlewares/stedgeai-lib/Npu/ll_aton/ll_aton_lib_sw_operators.c ****   for (unsigned i = 0; i < nr_of_outputs; i++)
ARM GAS  /tmp/ccBdscOF.s 			page 174


 5412              		.loc 1 332 3 view .LVU1639
 5413              	.LVL600:
 333:../../Middlewares/stedgeai-lib/Npu/ll_aton/ll_aton_lib_sw_operators.c ****   {
 5414              		.loc 1 333 3 view .LVU1640
 5415              	.LBB383:
 333:../../Middlewares/stedgeai-lib/Npu/ll_aton/ll_aton_lib_sw_operators.c ****   {
 5416              		.loc 1 333 8 view .LVU1641
 333:../../Middlewares/stedgeai-lib/Npu/ll_aton/ll_aton_lib_sw_operators.c ****   {
 5417              		.loc 1 333 26 discriminator 1 view .LVU1642
 335:../../Middlewares/stedgeai-lib/Npu/ll_aton/ll_aton_lib_sw_operators.c ****     {
 5418              		.loc 1 335 5 view .LVU1643
 337:../../Middlewares/stedgeai-lib/Npu/ll_aton/ll_aton_lib_sw_operators.c ****     }
 5419              		.loc 1 337 7 view .LVU1644
 5420 041e 40F25111 		movw	r1, #337
 5421 0422 0820     		movs	r0, #8
 5422 0424 FEE5     		b	.L417
 5423              	.LVL601:
 5424              	.L389:
 337:../../Middlewares/stedgeai-lib/Npu/ll_aton/ll_aton_lib_sw_operators.c ****     }
 5425              		.loc 1 337 7 is_stmt 0 view .LVU1645
 5426              	.LBE383:
 5427              	.LBE376:
 5428              	.LBE375:
 629:../../Middlewares/stedgeai-lib/Npu/ll_aton/ll_aton_lib_sw_operators.c ****       LL_ATON_ASSERT(dma_out != -1);
 5429              		.loc 1 629 7 is_stmt 1 view .LVU1646
 5430 0426 421C     		adds	r2, r0, #1
 5431 0428 04D1     		bne	.L392
 629:../../Middlewares/stedgeai-lib/Npu/ll_aton/ll_aton_lib_sw_operators.c ****       LL_ATON_ASSERT(dma_out != -1);
 5432              		.loc 1 629 7 is_stmt 0 discriminator 1 view .LVU1647
 5433 042a 40F27521 		movw	r1, #629
 5434              	.LVL602:
 629:../../Middlewares/stedgeai-lib/Npu/ll_aton/ll_aton_lib_sw_operators.c ****       LL_ATON_ASSERT(dma_out != -1);
 5435              		.loc 1 629 7 discriminator 1 view .LVU1648
 5436 042e 0A4B     		ldr	r3, .L424+8
 5437 0430 0A4A     		ldr	r2, .L424+12
 5438 0432 5AE6     		b	.L419
 5439              	.LVL603:
 5440              	.L392:
 630:../../Middlewares/stedgeai-lib/Npu/ll_aton/ll_aton_lib_sw_operators.c **** 
 5441              		.loc 1 630 7 is_stmt 1 view .LVU1649
 5442 0434 631C     		adds	r3, r4, #1
 5443 0436 04D1     		bne	.L393
 630:../../Middlewares/stedgeai-lib/Npu/ll_aton/ll_aton_lib_sw_operators.c **** 
 5444              		.loc 1 630 7 is_stmt 0 discriminator 1 view .LVU1650
 5445 0438 40F27621 		movw	r1, #630
 5446              	.LVL604:
 630:../../Middlewares/stedgeai-lib/Npu/ll_aton/ll_aton_lib_sw_operators.c **** 
 5447              		.loc 1 630 7 discriminator 1 view .LVU1651
 5448 043c 084B     		ldr	r3, .L424+16
 5449 043e 074A     		ldr	r2, .L424+12
 5450 0440 53E6     		b	.L419
 5451              	.LVL605:
 5452              	.L393:
 632:../../Middlewares/stedgeai-lib/Npu/ll_aton/ll_aton_lib_sw_operators.c ****     }
 5453              		.loc 1 632 7 is_stmt 1 view .LVU1652
 5454 0442 0346     		mov	r3, r0
 5455 0444 4A46     		mov	r2, r9
ARM GAS  /tmp/ccBdscOF.s 			page 175


 5456 0446 2846     		mov	r0, r5
 5457 0448 0094     		str	r4, [sp]
 5458 044a FFF7FEFF 		bl	LL_ATON_LIB_DMA_Outputs_Flat_Copy
 5459              	.LVL606:
 635:../../Middlewares/stedgeai-lib/Npu/ll_aton/ll_aton_lib_sw_operators.c ****   default:
 5460              		.loc 1 635 3 view .LVU1653
 5461 044e 84E6     		b	.L356
 5462              	.L425:
 5463              		.align	2
 5464              	.L424:
 5465 0450 A5000000 		.word	.LC44
 5466 0454 00000000 		.word	__func__.26
 5467 0458 1B000000 		.word	.LC39
 5468 045c 00000000 		.word	__func__.27
 5469 0460 28000000 		.word	.LC40
 5470 0464 00000000 		.word	.LC37
 5471 0468 0D000000 		.word	.LC38
 5472 046c 00000000 		.word	__FUNCTION__.25
 5473              		.cfi_endproc
 5474              	.LFE343:
 5476              		.section	.text.LL_ATON_LIB_SW_SpaceToDepth,"ax",%progbits
 5477              		.align	1
 5478              		.global	LL_ATON_LIB_SW_SpaceToDepth
 5479              		.syntax unified
 5480              		.thumb
 5481              		.thumb_func
 5483              	LL_ATON_LIB_SW_SpaceToDepth:
 5484              	.LVL607:
 5485              	.LFB344:
 647:../../Middlewares/stedgeai-lib/Npu/ll_aton/ll_aton_lib_sw_operators.c ****   if (input->ndims != 4)
 5486              		.loc 1 647 1 view -0
 5487              		.cfi_startproc
 5488              		@ args = 8, pretend = 0, frame = 64
 5489              		@ frame_needed = 0, uses_anonymous_args = 0
 648:../../Middlewares/stedgeai-lib/Npu/ll_aton/ll_aton_lib_sw_operators.c ****   {
 5490              		.loc 1 648 3 view .LVU1655
 647:../../Middlewares/stedgeai-lib/Npu/ll_aton/ll_aton_lib_sw_operators.c ****   if (input->ndims != 4)
 5491              		.loc 1 647 1 is_stmt 0 view .LVU1656
 5492 0000 2DE9F04F 		push	{r4, r5, r6, r7, r8, r9, r10, fp, lr}
 5493              		.cfi_def_cfa_offset 36
 5494              		.cfi_offset 4, -36
 5495              		.cfi_offset 5, -32
 5496              		.cfi_offset 6, -28
 5497              		.cfi_offset 7, -24
 5498              		.cfi_offset 8, -20
 5499              		.cfi_offset 9, -16
 5500              		.cfi_offset 10, -12
 5501              		.cfi_offset 11, -8
 5502              		.cfi_offset 14, -4
 5503 0004 1D46     		mov	r5, r3
 648:../../Middlewares/stedgeai-lib/Npu/ll_aton/ll_aton_lib_sw_operators.c ****   {
 5504              		.loc 1 648 6 view .LVU1657
 5505 0006 90F82730 		ldrb	r3, [r0, #39]	@ zero_extendqisi2
 5506              	.LVL608:
 647:../../Middlewares/stedgeai-lib/Npu/ll_aton/ll_aton_lib_sw_operators.c ****   if (input->ndims != 4)
 5507              		.loc 1 647 1 view .LVU1658
 5508 000a 0446     		mov	r4, r0
ARM GAS  /tmp/ccBdscOF.s 			page 176


 648:../../Middlewares/stedgeai-lib/Npu/ll_aton/ll_aton_lib_sw_operators.c ****   {
 5509              		.loc 1 648 6 view .LVU1659
 5510 000c 042B     		cmp	r3, #4
 647:../../Middlewares/stedgeai-lib/Npu/ll_aton/ll_aton_lib_sw_operators.c ****   if (input->ndims != 4)
 5511              		.loc 1 647 1 view .LVU1660
 5512 000e 1646     		mov	r6, r2
 5513 0010 91B0     		sub	sp, sp, #68
 5514              		.cfi_def_cfa_offset 104
 648:../../Middlewares/stedgeai-lib/Npu/ll_aton/ll_aton_lib_sw_operators.c ****   {
 5515              		.loc 1 648 6 view .LVU1661
 5516 0012 0AD0     		beq	.L427
 650:../../Middlewares/stedgeai-lib/Npu/ll_aton/ll_aton_lib_sw_operators.c ****   }
 5517              		.loc 1 650 5 is_stmt 1 view .LVU1662
 5518 0014 40F28A21 		movw	r1, #650
 5519              	.LVL609:
 650:../../Middlewares/stedgeai-lib/Npu/ll_aton/ll_aton_lib_sw_operators.c ****   }
 5520              		.loc 1 650 5 is_stmt 0 view .LVU1663
 5521 0018 494A     		ldr	r2, .L444
 5522              	.LVL610:
 5523              	.L441:
 655:../../Middlewares/stedgeai-lib/Npu/ll_aton/ll_aton_lib_sw_operators.c ****   }
 5524              		.loc 1 655 5 view .LVU1664
 5525 001a 0F20     		movs	r0, #15
 5526              	.LVL611:
 5527              	.L442:
 655:../../Middlewares/stedgeai-lib/Npu/ll_aton/ll_aton_lib_sw_operators.c ****   }
 5528              		.loc 1 655 5 view .LVU1665
 5529 001c FFF7FEFF 		bl	__ll_lib_error
 5530              	.LVL612:
 655:../../Middlewares/stedgeai-lib/Npu/ll_aton/ll_aton_lib_sw_operators.c ****   }
 5531              		.loc 1 655 5 is_stmt 1 discriminator 1 view .LVU1666
 650:../../Middlewares/stedgeai-lib/Npu/ll_aton/ll_aton_lib_sw_operators.c ****   }
 5532              		.loc 1 650 5 is_stmt 0 discriminator 1 view .LVU1667
 5533 0020 6FF00100 		mvn	r0, #1
 5534              	.LVL613:
 5535              	.L426:
 714:../../Middlewares/stedgeai-lib/Npu/ll_aton/ll_aton_lib_sw_operators.c **** 
 5536              		.loc 1 714 1 view .LVU1668
 5537 0024 11B0     		add	sp, sp, #68
 5538              		.cfi_remember_state
 5539              		.cfi_def_cfa_offset 36
 5540              		@ sp needed
 5541 0026 BDE8F08F 		pop	{r4, r5, r6, r7, r8, r9, r10, fp, pc}
 5542              	.LVL614:
 5543              	.L427:
 5544              		.cfi_restore_state
 650:../../Middlewares/stedgeai-lib/Npu/ll_aton/ll_aton_lib_sw_operators.c ****   }
 5545              		.loc 1 650 53 is_stmt 1 view .LVU1669
 653:../../Middlewares/stedgeai-lib/Npu/ll_aton/ll_aton_lib_sw_operators.c ****   {
 5546              		.loc 1 653 3 view .LVU1670
 653:../../Middlewares/stedgeai-lib/Npu/ll_aton/ll_aton_lib_sw_operators.c ****   {
 5547              		.loc 1 653 6 is_stmt 0 view .LVU1671
 5548 002a 92F82730 		ldrb	r3, [r2, #39]	@ zero_extendqisi2
 5549 002e 042B     		cmp	r3, #4
 5550 0030 03D0     		beq	.L429
 655:../../Middlewares/stedgeai-lib/Npu/ll_aton/ll_aton_lib_sw_operators.c ****   }
 5551              		.loc 1 655 5 is_stmt 1 view .LVU1672
ARM GAS  /tmp/ccBdscOF.s 			page 177


 5552 0032 40F28F21 		movw	r1, #655
 5553              	.LVL615:
 655:../../Middlewares/stedgeai-lib/Npu/ll_aton/ll_aton_lib_sw_operators.c ****   }
 5554              		.loc 1 655 5 is_stmt 0 view .LVU1673
 5555 0036 424A     		ldr	r2, .L444
 5556              	.LVL616:
 655:../../Middlewares/stedgeai-lib/Npu/ll_aton/ll_aton_lib_sw_operators.c ****   }
 5557              		.loc 1 655 5 view .LVU1674
 5558 0038 EFE7     		b	.L441
 5559              	.LVL617:
 5560              	.L429:
 655:../../Middlewares/stedgeai-lib/Npu/ll_aton/ll_aton_lib_sw_operators.c ****   }
 5561              		.loc 1 655 53 is_stmt 1 view .LVU1675
 658:../../Middlewares/stedgeai-lib/Npu/ll_aton/ll_aton_lib_sw_operators.c ****   {
 5562              		.loc 1 658 3 view .LVU1676
 658:../../Middlewares/stedgeai-lib/Npu/ll_aton/ll_aton_lib_sw_operators.c ****   {
 5563              		.loc 1 658 12 is_stmt 0 view .LVU1677
 5564 003a 90F82820 		ldrb	r2, [r0, #40]	@ zero_extendqisi2
 5565              	.LVL618:
 658:../../Middlewares/stedgeai-lib/Npu/ll_aton/ll_aton_lib_sw_operators.c ****   {
 5566              		.loc 1 658 6 view .LVU1678
 5567 003e 96F82830 		ldrb	r3, [r6, #40]	@ zero_extendqisi2
 5568 0042 9342     		cmp	r3, r2
 5569 0044 04D0     		beq	.L431
 660:../../Middlewares/stedgeai-lib/Npu/ll_aton/ll_aton_lib_sw_operators.c ****   }
 5570              		.loc 1 660 5 is_stmt 1 view .LVU1679
 5571 0046 4FF42571 		mov	r1, #660
 5572              	.LVL619:
 660:../../Middlewares/stedgeai-lib/Npu/ll_aton/ll_aton_lib_sw_operators.c ****   }
 5573              		.loc 1 660 5 is_stmt 0 view .LVU1680
 5574 004a 3D4A     		ldr	r2, .L444
 5575              	.L443:
 665:../../Middlewares/stedgeai-lib/Npu/ll_aton/ll_aton_lib_sw_operators.c ****   }
 5576              		.loc 1 665 5 view .LVU1681
 5577 004c 0620     		movs	r0, #6
 5578              	.LVL620:
 665:../../Middlewares/stedgeai-lib/Npu/ll_aton/ll_aton_lib_sw_operators.c ****   }
 5579              		.loc 1 665 5 view .LVU1682
 5580 004e E5E7     		b	.L442
 5581              	.LVL621:
 5582              	.L431:
 660:../../Middlewares/stedgeai-lib/Npu/ll_aton/ll_aton_lib_sw_operators.c ****   }
 5583              		.loc 1 660 54 is_stmt 1 view .LVU1683
 663:../../Middlewares/stedgeai-lib/Npu/ll_aton/ll_aton_lib_sw_operators.c ****   {
 5584              		.loc 1 663 3 view .LVU1684
 663:../../Middlewares/stedgeai-lib/Npu/ll_aton/ll_aton_lib_sw_operators.c ****   {
 5585              		.loc 1 663 6 is_stmt 0 view .LVU1685
 5586 0050 083B     		subs	r3, r3, #8
 5587 0052 182B     		cmp	r3, #24
 5588 0054 03D9     		bls	.L432
 665:../../Middlewares/stedgeai-lib/Npu/ll_aton/ll_aton_lib_sw_operators.c ****   }
 5589              		.loc 1 665 5 is_stmt 1 view .LVU1686
 5590 0056 40F29921 		movw	r1, #665
 5591              	.LVL622:
 665:../../Middlewares/stedgeai-lib/Npu/ll_aton/ll_aton_lib_sw_operators.c ****   }
 5592              		.loc 1 665 5 is_stmt 0 view .LVU1687
 5593 005a 394A     		ldr	r2, .L444
ARM GAS  /tmp/ccBdscOF.s 			page 178


 5594 005c F6E7     		b	.L443
 5595              	.LVL623:
 5596              	.L432:
 665:../../Middlewares/stedgeai-lib/Npu/ll_aton/ll_aton_lib_sw_operators.c ****   }
 5597              		.loc 1 665 54 is_stmt 1 view .LVU1688
 668:../../Middlewares/stedgeai-lib/Npu/ll_aton/ll_aton_lib_sw_operators.c ****   uint32_t C = input->shape[1];
 5598              		.loc 1 668 3 view .LVU1689
 668:../../Middlewares/stedgeai-lib/Npu/ll_aton/ll_aton_lib_sw_operators.c ****   uint32_t C = input->shape[1];
 5599              		.loc 1 668 21 is_stmt 0 view .LVU1690
 5600 005e C36A     		ldr	r3, [r0, #44]
 668:../../Middlewares/stedgeai-lib/Npu/ll_aton/ll_aton_lib_sw_operators.c ****   uint32_t C = input->shape[1];
 5601              		.loc 1 668 12 view .LVU1691
 5602 0060 1A68     		ldr	r2, [r3]
 5603 0062 0192     		str	r2, [sp, #4]
 5604              	.LVL624:
 669:../../Middlewares/stedgeai-lib/Npu/ll_aton/ll_aton_lib_sw_operators.c ****   uint32_t H = input->shape[2];
 5605              		.loc 1 669 3 is_stmt 1 view .LVU1692
 669:../../Middlewares/stedgeai-lib/Npu/ll_aton/ll_aton_lib_sw_operators.c ****   uint32_t H = input->shape[2];
 5606              		.loc 1 669 12 is_stmt 0 view .LVU1693
 5607 0064 5A68     		ldr	r2, [r3, #4]
 5608              	.LVL625:
 669:../../Middlewares/stedgeai-lib/Npu/ll_aton/ll_aton_lib_sw_operators.c ****   uint32_t H = input->shape[2];
 5609              		.loc 1 669 12 view .LVU1694
 5610 0066 0092     		str	r2, [sp]
 5611              	.LVL626:
 670:../../Middlewares/stedgeai-lib/Npu/ll_aton/ll_aton_lib_sw_operators.c ****   uint32_t W = input->shape[3];
 5612              		.loc 1 670 3 is_stmt 1 view .LVU1695
 670:../../Middlewares/stedgeai-lib/Npu/ll_aton/ll_aton_lib_sw_operators.c ****   uint32_t W = input->shape[3];
 5613              		.loc 1 670 12 is_stmt 0 view .LVU1696
 5614 0068 9A68     		ldr	r2, [r3, #8]
 5615              	.LVL627:
 671:../../Middlewares/stedgeai-lib/Npu/ll_aton/ll_aton_lib_sw_operators.c **** 
 5616              		.loc 1 671 12 view .LVU1697
 5617 006a DB68     		ldr	r3, [r3, #12]
 5618              	.LVL628:
 670:../../Middlewares/stedgeai-lib/Npu/ll_aton/ll_aton_lib_sw_operators.c ****   uint32_t W = input->shape[3];
 5619              		.loc 1 670 12 view .LVU1698
 5620 006c 0292     		str	r2, [sp, #8]
 5621              	.LVL629:
 671:../../Middlewares/stedgeai-lib/Npu/ll_aton/ll_aton_lib_sw_operators.c **** 
 5622              		.loc 1 671 3 is_stmt 1 view .LVU1699
 671:../../Middlewares/stedgeai-lib/Npu/ll_aton/ll_aton_lib_sw_operators.c **** 
 5623              		.loc 1 671 12 is_stmt 0 view .LVU1700
 5624 006e 0393     		str	r3, [sp, #12]
 5625              	.LVL630:
 673:../../Middlewares/stedgeai-lib/Npu/ll_aton/ll_aton_lib_sw_operators.c ****   int8_t *out_base = (int8_t *)LL_Buffer_addr_start(output);
 5626              		.loc 1 673 3 is_stmt 1 view .LVU1701
 673:../../Middlewares/stedgeai-lib/Npu/ll_aton/ll_aton_lib_sw_operators.c ****   int8_t *out_base = (int8_t *)LL_Buffer_addr_start(output);
 5627              		.loc 1 673 31 is_stmt 0 view .LVU1702
 5628 0070 FFF7FEFF 		bl	LL_Buffer_addr_start
 5629              	.LVL631:
 673:../../Middlewares/stedgeai-lib/Npu/ll_aton/ll_aton_lib_sw_operators.c ****   int8_t *out_base = (int8_t *)LL_Buffer_addr_start(output);
 5630              		.loc 1 673 31 view .LVU1703
 5631 0074 0490     		str	r0, [sp, #16]
 5632              	.LVL632:
 674:../../Middlewares/stedgeai-lib/Npu/ll_aton/ll_aton_lib_sw_operators.c **** 
 5633              		.loc 1 674 3 is_stmt 1 view .LVU1704
ARM GAS  /tmp/ccBdscOF.s 			page 179


 674:../../Middlewares/stedgeai-lib/Npu/ll_aton/ll_aton_lib_sw_operators.c **** 
 5634              		.loc 1 674 32 is_stmt 0 view .LVU1705
 5635 0076 3046     		mov	r0, r6
 5636              	.LVL633:
 674:../../Middlewares/stedgeai-lib/Npu/ll_aton/ll_aton_lib_sw_operators.c **** 
 5637              		.loc 1 674 32 view .LVU1706
 5638 0078 FFF7FEFF 		bl	LL_Buffer_addr_start
 5639              	.LVL634:
 676:../../Middlewares/stedgeai-lib/Npu/ll_aton/ll_aton_lib_sw_operators.c ****   uint32_t output_tensor_offset_1 = output_axes_offsets[1];
 5640              		.loc 1 676 12 view .LVU1707
 5641 007c 2B68     		ldr	r3, [r5]
 674:../../Middlewares/stedgeai-lib/Npu/ll_aton/ll_aton_lib_sw_operators.c **** 
 5642              		.loc 1 674 32 view .LVU1708
 5643 007e 0590     		str	r0, [sp, #20]
 5644              	.LVL635:
 676:../../Middlewares/stedgeai-lib/Npu/ll_aton/ll_aton_lib_sw_operators.c ****   uint32_t output_tensor_offset_1 = output_axes_offsets[1];
 5645              		.loc 1 676 3 is_stmt 1 view .LVU1709
 676:../../Middlewares/stedgeai-lib/Npu/ll_aton/ll_aton_lib_sw_operators.c ****   uint32_t output_tensor_offset_1 = output_axes_offsets[1];
 5646              		.loc 1 676 12 is_stmt 0 view .LVU1710
 5647 0080 0693     		str	r3, [sp, #24]
 5648              	.LVL636:
 677:../../Middlewares/stedgeai-lib/Npu/ll_aton/ll_aton_lib_sw_operators.c ****   uint32_t output_tensor_offset_2 = output_axes_offsets[2];
 5649              		.loc 1 677 3 is_stmt 1 view .LVU1711
 677:../../Middlewares/stedgeai-lib/Npu/ll_aton/ll_aton_lib_sw_operators.c ****   uint32_t output_tensor_offset_2 = output_axes_offsets[2];
 5650              		.loc 1 677 12 is_stmt 0 view .LVU1712
 5651 0082 6B68     		ldr	r3, [r5, #4]
 5652              	.LVL637:
 677:../../Middlewares/stedgeai-lib/Npu/ll_aton/ll_aton_lib_sw_operators.c ****   uint32_t output_tensor_offset_2 = output_axes_offsets[2];
 5653              		.loc 1 677 12 view .LVU1713
 5654 0084 0793     		str	r3, [sp, #28]
 5655              	.LVL638:
 678:../../Middlewares/stedgeai-lib/Npu/ll_aton/ll_aton_lib_sw_operators.c ****   uint32_t output_tensor_offset_3 = output_axes_offsets[3];
 5656              		.loc 1 678 3 is_stmt 1 view .LVU1714
 678:../../Middlewares/stedgeai-lib/Npu/ll_aton/ll_aton_lib_sw_operators.c ****   uint32_t output_tensor_offset_3 = output_axes_offsets[3];
 5657              		.loc 1 678 12 is_stmt 0 view .LVU1715
 5658 0086 AB68     		ldr	r3, [r5, #8]
 5659              	.LVL639:
 678:../../Middlewares/stedgeai-lib/Npu/ll_aton/ll_aton_lib_sw_operators.c ****   uint32_t output_tensor_offset_3 = output_axes_offsets[3];
 5660              		.loc 1 678 12 view .LVU1716
 5661 0088 0893     		str	r3, [sp, #32]
 5662              	.LVL640:
 679:../../Middlewares/stedgeai-lib/Npu/ll_aton/ll_aton_lib_sw_operators.c **** 
 5663              		.loc 1 679 3 is_stmt 1 view .LVU1717
 679:../../Middlewares/stedgeai-lib/Npu/ll_aton/ll_aton_lib_sw_operators.c **** 
 5664              		.loc 1 679 12 is_stmt 0 view .LVU1718
 5665 008a EB68     		ldr	r3, [r5, #12]
 5666              	.LVL641:
 5667              	.LBB384:
 686:../../Middlewares/stedgeai-lib/Npu/ll_aton/ll_aton_lib_sw_operators.c ****   {
 5668              		.loc 1 686 3 view .LVU1719
 5669 008c 0025     		movs	r5, #0
 5670              	.LVL642:
 686:../../Middlewares/stedgeai-lib/Npu/ll_aton/ll_aton_lib_sw_operators.c ****   {
 5671              		.loc 1 686 3 view .LVU1720
 5672 008e AA46     		mov	r10, r5
 686:../../Middlewares/stedgeai-lib/Npu/ll_aton/ll_aton_lib_sw_operators.c ****   {
 5673              		.loc 1 686 17 view .LVU1721
ARM GAS  /tmp/ccBdscOF.s 			page 180


 5674 0090 A946     		mov	r9, r5
 5675              	.LBE384:
 679:../../Middlewares/stedgeai-lib/Npu/ll_aton/ll_aton_lib_sw_operators.c **** 
 5676              		.loc 1 679 12 view .LVU1722
 5677 0092 0993     		str	r3, [sp, #36]
 5678              	.LVL643:
 681:../../Middlewares/stedgeai-lib/Npu/ll_aton/ll_aton_lib_sw_operators.c ****   uint32_t input_tensor_offset_1 = input_axes_offsets[1];
 5679              		.loc 1 681 3 is_stmt 1 view .LVU1723
 681:../../Middlewares/stedgeai-lib/Npu/ll_aton/ll_aton_lib_sw_operators.c ****   uint32_t input_tensor_offset_1 = input_axes_offsets[1];
 5680              		.loc 1 681 12 is_stmt 0 view .LVU1724
 5681 0094 0B68     		ldr	r3, [r1]
 5682              	.LVL644:
 681:../../Middlewares/stedgeai-lib/Npu/ll_aton/ll_aton_lib_sw_operators.c ****   uint32_t input_tensor_offset_1 = input_axes_offsets[1];
 5683              		.loc 1 681 12 view .LVU1725
 5684 0096 0A93     		str	r3, [sp, #40]
 5685              	.LVL645:
 682:../../Middlewares/stedgeai-lib/Npu/ll_aton/ll_aton_lib_sw_operators.c ****   uint32_t input_tensor_offset_2 = input_axes_offsets[2];
 5686              		.loc 1 682 3 is_stmt 1 view .LVU1726
 682:../../Middlewares/stedgeai-lib/Npu/ll_aton/ll_aton_lib_sw_operators.c ****   uint32_t input_tensor_offset_2 = input_axes_offsets[2];
 5687              		.loc 1 682 12 is_stmt 0 view .LVU1727
 5688 0098 4B68     		ldr	r3, [r1, #4]
 5689              	.LVL646:
 682:../../Middlewares/stedgeai-lib/Npu/ll_aton/ll_aton_lib_sw_operators.c ****   uint32_t input_tensor_offset_2 = input_axes_offsets[2];
 5690              		.loc 1 682 12 view .LVU1728
 5691 009a 0B93     		str	r3, [sp, #44]
 5692              	.LVL647:
 683:../../Middlewares/stedgeai-lib/Npu/ll_aton/ll_aton_lib_sw_operators.c ****   uint32_t input_tensor_offset_3 = input_axes_offsets[3];
 5693              		.loc 1 683 3 is_stmt 1 view .LVU1729
 683:../../Middlewares/stedgeai-lib/Npu/ll_aton/ll_aton_lib_sw_operators.c ****   uint32_t input_tensor_offset_3 = input_axes_offsets[3];
 5694              		.loc 1 683 12 is_stmt 0 view .LVU1730
 5695 009c 8B68     		ldr	r3, [r1, #8]
 5696              	.LVL648:
 683:../../Middlewares/stedgeai-lib/Npu/ll_aton/ll_aton_lib_sw_operators.c ****   uint32_t input_tensor_offset_3 = input_axes_offsets[3];
 5697              		.loc 1 683 12 view .LVU1731
 5698 009e 0C93     		str	r3, [sp, #48]
 5699              	.LVL649:
 684:../../Middlewares/stedgeai-lib/Npu/ll_aton/ll_aton_lib_sw_operators.c **** 
 5700              		.loc 1 684 3 is_stmt 1 view .LVU1732
 684:../../Middlewares/stedgeai-lib/Npu/ll_aton/ll_aton_lib_sw_operators.c **** 
 5701              		.loc 1 684 12 is_stmt 0 view .LVU1733
 5702 00a0 CB68     		ldr	r3, [r1, #12]
 5703              	.LVL650:
 684:../../Middlewares/stedgeai-lib/Npu/ll_aton/ll_aton_lib_sw_operators.c **** 
 5704              		.loc 1 684 12 view .LVU1734
 5705 00a2 0D93     		str	r3, [sp, #52]
 5706              	.LVL651:
 686:../../Middlewares/stedgeai-lib/Npu/ll_aton/ll_aton_lib_sw_operators.c ****   {
 5707              		.loc 1 686 3 is_stmt 1 view .LVU1735
 5708              	.LBB397:
 686:../../Middlewares/stedgeai-lib/Npu/ll_aton/ll_aton_lib_sw_operators.c ****   {
 5709              		.loc 1 686 8 view .LVU1736
 5710              	.L433:
 686:../../Middlewares/stedgeai-lib/Npu/ll_aton/ll_aton_lib_sw_operators.c ****   {
 5711              		.loc 1 686 26 discriminator 1 view .LVU1737
 5712 00a4 019B     		ldr	r3, [sp, #4]
 5713 00a6 9945     		cmp	r9, r3
 5714 00a8 46D1     		bne	.L440
ARM GAS  /tmp/ccBdscOF.s 			page 181


 5715              	.LBE397:
 713:../../Middlewares/stedgeai-lib/Npu/ll_aton/ll_aton_lib_sw_operators.c **** }
 5716              		.loc 1 713 10 is_stmt 0 view .LVU1738
 5717 00aa 0020     		movs	r0, #0
 5718 00ac BAE7     		b	.L426
 5719              	.LVL652:
 5720              	.L434:
 713:../../Middlewares/stedgeai-lib/Npu/ll_aton/ll_aton_lib_sw_operators.c **** }
 5721              		.loc 1 713 10 view .LVU1739
 5722 00ae 0F93     		str	r3, [sp, #60]
 5723              	.LBB398:
 5724              	.LBB385:
 5725              	.LBB386:
 5726              	.LBB387:
 5727              	.LBB388:
 694:../../Middlewares/stedgeai-lib/Npu/ll_aton/ll_aton_lib_sw_operators.c ****           uint32_t w_rem = w % bs_w;
 5728              		.loc 1 694 11 is_stmt 1 view .LVU1740
 5729              	.LVL653:
 695:../../Middlewares/stedgeai-lib/Npu/ll_aton/ll_aton_lib_sw_operators.c ****           uint32_t out_c = c + (((h_rem * bs_w) + w_rem) * C);
 5730              		.loc 1 695 11 view .LVU1741
 696:../../Middlewares/stedgeai-lib/Npu/ll_aton/ll_aton_lib_sw_operators.c ****           uint32_t out_h = (h / bs_h);
 5731              		.loc 1 696 11 view .LVU1742
 697:../../Middlewares/stedgeai-lib/Npu/ll_aton/ll_aton_lib_sw_operators.c ****           uint32_t out_w = (w / bs_w);
 5732              		.loc 1 697 11 view .LVU1743
 698:../../Middlewares/stedgeai-lib/Npu/ll_aton/ll_aton_lib_sw_operators.c **** 
 5733              		.loc 1 698 11 view .LVU1744
 700:../../Middlewares/stedgeai-lib/Npu/ll_aton/ll_aton_lib_sw_operators.c ****                                                                     output_tensor_offset_1, output_
 5734              		.loc 1 700 11 view .LVU1745
 5735              	.LBB389:
 5736              	.LBI389:
  86:../../Middlewares/stedgeai-lib/Npu/ll_aton/ll_aton_lib_sw_operators.c ****                                                  uint32_t offset_1, uint32_t offset_2, uint32_t off
 5737              		.loc 1 86 24 view .LVU1746
 5738              	.LBB390:
  89:../../Middlewares/stedgeai-lib/Npu/ll_aton/ll_aton_lib_sw_operators.c **** 
 5739              		.loc 1 89 3 view .LVU1747
  91:../../Middlewares/stedgeai-lib/Npu/ll_aton/ll_aton_lib_sw_operators.c ****   result += (c * offset_1);
 5740              		.loc 1 91 3 view .LVU1748
  92:../../Middlewares/stedgeai-lib/Npu/ll_aton/ll_aton_lib_sw_operators.c ****   result += (h * offset_2);
 5741              		.loc 1 92 3 view .LVU1749
  93:../../Middlewares/stedgeai-lib/Npu/ll_aton/ll_aton_lib_sw_operators.c ****   result += (w * offset_3);
 5742              		.loc 1 93 3 view .LVU1750
  94:../../Middlewares/stedgeai-lib/Npu/ll_aton/ll_aton_lib_sw_operators.c **** 
 5743              		.loc 1 94 3 view .LVU1751
  96:../../Middlewares/stedgeai-lib/Npu/ll_aton/ll_aton_lib_sw_operators.c **** }
 5744              		.loc 1 96 3 view .LVU1752
  96:../../Middlewares/stedgeai-lib/Npu/ll_aton/ll_aton_lib_sw_operators.c **** }
 5745              		.loc 1 96 3 is_stmt 0 view .LVU1753
 5746              	.LBE390:
 5747              	.LBE389:
 703:../../Middlewares/stedgeai-lib/Npu/ll_aton/ll_aton_lib_sw_operators.c ****               in_base + __ll_aton_lib_calc_offset(n, c, h, w, input_tensor_offset_0, input_tensor_o
 5748              		.loc 1 703 11 is_stmt 1 view .LVU1754
 707:../../Middlewares/stedgeai-lib/Npu/ll_aton/ll_aton_lib_sw_operators.c ****         }
 5749              		.loc 1 707 11 view .LVU1755
 694:../../Middlewares/stedgeai-lib/Npu/ll_aton/ll_aton_lib_sw_operators.c ****           uint32_t w_rem = w % bs_w;
 5750              		.loc 1 694 20 is_stmt 0 view .LVU1756
 5751 00b0 1A9B     		ldr	r3, [sp, #104]
 707:../../Middlewares/stedgeai-lib/Npu/ll_aton/ll_aton_lib_sw_operators.c ****         }
ARM GAS  /tmp/ccBdscOF.s 			page 182


 5752              		.loc 1 707 11 view .LVU1757
 5753 00b2 0E92     		str	r2, [sp, #56]
 694:../../Middlewares/stedgeai-lib/Npu/ll_aton/ll_aton_lib_sw_operators.c ****           uint32_t w_rem = w % bs_w;
 5754              		.loc 1 694 20 view .LVU1758
 5755 00b4 B7FBF3F1 		udiv	r1, r7, r3
 5756              	.LVL654:
 694:../../Middlewares/stedgeai-lib/Npu/ll_aton/ll_aton_lib_sw_operators.c ****           uint32_t w_rem = w % bs_w;
 5757              		.loc 1 694 20 view .LVU1759
 5758 00b8 03FB117E 		mls	lr, r3, r1, r7
 695:../../Middlewares/stedgeai-lib/Npu/ll_aton/ll_aton_lib_sw_operators.c ****           uint32_t out_c = c + (((h_rem * bs_w) + w_rem) * C);
 5759              		.loc 1 695 20 view .LVU1760
 5760 00bc 1B9B     		ldr	r3, [sp, #108]
 5761 00be B6FBF3FC 		udiv	ip, r6, r3
 5762              	.LVL655:
 695:../../Middlewares/stedgeai-lib/Npu/ll_aton/ll_aton_lib_sw_operators.c ****           uint32_t out_c = c + (((h_rem * bs_w) + w_rem) * C);
 5763              		.loc 1 695 20 view .LVU1761
 5764 00c2 03FB1C60 		mls	r0, r3, ip, r6
 696:../../Middlewares/stedgeai-lib/Npu/ll_aton/ll_aton_lib_sw_operators.c ****           uint32_t out_h = (h / bs_h);
 5765              		.loc 1 696 49 view .LVU1762
 5766 00c6 03FB0E00 		mla	r0, r3, lr, r0
 696:../../Middlewares/stedgeai-lib/Npu/ll_aton/ll_aton_lib_sw_operators.c ****           uint32_t out_h = (h / bs_h);
 5767              		.loc 1 696 20 view .LVU1763
 5768 00ca 009B     		ldr	r3, [sp]
 5769              	.LBE388:
 692:../../Middlewares/stedgeai-lib/Npu/ll_aton/ll_aton_lib_sw_operators.c ****         {
 5770              		.loc 1 692 38 discriminator 3 view .LVU1764
 5771 00cc 0136     		adds	r6, r6, #1
 5772              	.LVL656:
 5773              	.LBB393:
 696:../../Middlewares/stedgeai-lib/Npu/ll_aton/ll_aton_lib_sw_operators.c ****           uint32_t out_h = (h / bs_h);
 5774              		.loc 1 696 20 view .LVU1765
 5775 00ce 03FB0080 		mla	r0, r3, r0, r8
 5776              	.LBB392:
 5777              	.LBB391:
  94:../../Middlewares/stedgeai-lib/Npu/ll_aton/ll_aton_lib_sw_operators.c **** 
 5778              		.loc 1 94 10 view .LVU1766
 5779 00d2 089B     		ldr	r3, [sp, #32]
 5780 00d4 03FB0151 		mla	r1, r3, r1, r5
 5781              	.LVL657:
  94:../../Middlewares/stedgeai-lib/Npu/ll_aton/ll_aton_lib_sw_operators.c **** 
 5782              		.loc 1 94 10 view .LVU1767
 5783 00d8 099B     		ldr	r3, [sp, #36]
 5784 00da 03FB0C11 		mla	r1, r3, ip, r1
 5785 00de 079B     		ldr	r3, [sp, #28]
 5786 00e0 03FB0011 		mla	r1, r3, r0, r1
 5787              	.LBE391:
 5788              	.LBE392:
 707:../../Middlewares/stedgeai-lib/Npu/ll_aton/ll_aton_lib_sw_operators.c ****         }
 5789              		.loc 1 707 38 view .LVU1768
 5790 00e4 94F82800 		ldrb	r0, [r4, #40]	@ zero_extendqisi2
 707:../../Middlewares/stedgeai-lib/Npu/ll_aton/ll_aton_lib_sw_operators.c ****         }
 5791              		.loc 1 707 11 view .LVU1769
 5792 00e8 059B     		ldr	r3, [sp, #20]
 707:../../Middlewares/stedgeai-lib/Npu/ll_aton/ll_aton_lib_sw_operators.c ****         }
 5793              		.loc 1 707 38 view .LVU1770
 5794 00ea 0730     		adds	r0, r0, #7
 707:../../Middlewares/stedgeai-lib/Npu/ll_aton/ll_aton_lib_sw_operators.c ****         }
ARM GAS  /tmp/ccBdscOF.s 			page 183


 5795              		.loc 1 707 11 view .LVU1771
 5796 00ec 1944     		add	r1, r1, r3
 5797 00ee C008     		lsrs	r0, r0, #3
 5798 00f0 FFF7FEFF 		bl	__ll_aton_lib_copy_element.isra.0
 5799              	.LVL658:
 707:../../Middlewares/stedgeai-lib/Npu/ll_aton/ll_aton_lib_sw_operators.c ****         }
 5800              		.loc 1 707 11 view .LVU1772
 5801              	.LBE393:
 692:../../Middlewares/stedgeai-lib/Npu/ll_aton/ll_aton_lib_sw_operators.c ****         {
 5802              		.loc 1 692 38 is_stmt 1 discriminator 3 view .LVU1773
 692:../../Middlewares/stedgeai-lib/Npu/ll_aton/ll_aton_lib_sw_operators.c ****         {
 5803              		.loc 1 692 38 is_stmt 0 discriminator 3 view .LVU1774
 5804 00f4 DDE90D32 		ldrd	r3, r2, [sp, #52]
 5805 00f8 1A44     		add	r2, r2, r3
 5806 00fa 0F9B     		ldr	r3, [sp, #60]
 5807              	.LVL659:
 5808              	.L436:
 692:../../Middlewares/stedgeai-lib/Npu/ll_aton/ll_aton_lib_sw_operators.c ****         {
 5809              		.loc 1 692 32 is_stmt 1 discriminator 1 view .LVU1775
 5810 00fc 0399     		ldr	r1, [sp, #12]
 5811 00fe 8E42     		cmp	r6, r1
 5812 0100 D5D1     		bne	.L434
 5813              	.LBE387:
 690:../../Middlewares/stedgeai-lib/Npu/ll_aton/ll_aton_lib_sw_operators.c ****       {
 5814              		.loc 1 690 36 discriminator 2 view .LVU1776
 5815 0102 0C9A     		ldr	r2, [sp, #48]
 5816 0104 0137     		adds	r7, r7, #1
 5817              	.LVL660:
 690:../../Middlewares/stedgeai-lib/Npu/ll_aton/ll_aton_lib_sw_operators.c ****       {
 5818              		.loc 1 690 36 is_stmt 0 discriminator 2 view .LVU1777
 5819 0106 1344     		add	r3, r3, r2
 5820              	.LVL661:
 5821              	.L437:
 690:../../Middlewares/stedgeai-lib/Npu/ll_aton/ll_aton_lib_sw_operators.c ****       {
 5822              		.loc 1 690 30 is_stmt 1 discriminator 1 view .LVU1778
 5823 0108 029A     		ldr	r2, [sp, #8]
 5824 010a 9742     		cmp	r7, r2
 5825 010c 06D0     		beq	.L435
 5826 010e 049A     		ldr	r2, [sp, #16]
 5827              	.LBB394:
 692:../../Middlewares/stedgeai-lib/Npu/ll_aton/ll_aton_lib_sw_operators.c ****         {
 5828              		.loc 1 692 23 is_stmt 0 view .LVU1779
 5829 0110 0026     		movs	r6, #0
 5830 0112 1A44     		add	r2, r2, r3
 5831 0114 F2E7     		b	.L436
 5832              	.LVL662:
 5833              	.L439:
 692:../../Middlewares/stedgeai-lib/Npu/ll_aton/ll_aton_lib_sw_operators.c ****         {
 5834              		.loc 1 692 23 view .LVU1780
 5835              	.LBE394:
 5836              	.LBE386:
 5837 0116 5B46     		mov	r3, fp
 5838              	.LBB395:
 690:../../Middlewares/stedgeai-lib/Npu/ll_aton/ll_aton_lib_sw_operators.c ****       {
 5839              		.loc 1 690 21 view .LVU1781
 5840 0118 0027     		movs	r7, #0
 5841 011a F5E7     		b	.L437
ARM GAS  /tmp/ccBdscOF.s 			page 184


 5842              	.LVL663:
 5843              	.L435:
 690:../../Middlewares/stedgeai-lib/Npu/ll_aton/ll_aton_lib_sw_operators.c ****       {
 5844              		.loc 1 690 21 view .LVU1782
 5845              	.LBE395:
 688:../../Middlewares/stedgeai-lib/Npu/ll_aton/ll_aton_lib_sw_operators.c ****     {
 5846              		.loc 1 688 34 is_stmt 1 discriminator 2 view .LVU1783
 5847 011c 0B9B     		ldr	r3, [sp, #44]
 5848 011e 08F10108 		add	r8, r8, #1
 5849              	.LVL664:
 688:../../Middlewares/stedgeai-lib/Npu/ll_aton/ll_aton_lib_sw_operators.c ****     {
 5850              		.loc 1 688 34 is_stmt 0 discriminator 2 view .LVU1784
 5851 0122 9B44     		add	fp, fp, r3
 5852              	.LVL665:
 5853              	.L438:
 688:../../Middlewares/stedgeai-lib/Npu/ll_aton/ll_aton_lib_sw_operators.c ****     {
 5854              		.loc 1 688 28 is_stmt 1 discriminator 1 view .LVU1785
 5855 0124 009B     		ldr	r3, [sp]
 5856 0126 9845     		cmp	r8, r3
 5857 0128 F5D1     		bne	.L439
 5858              	.LBE385:
 686:../../Middlewares/stedgeai-lib/Npu/ll_aton/ll_aton_lib_sw_operators.c ****   {
 5859              		.loc 1 686 32 discriminator 2 view .LVU1786
 5860 012a 0A9B     		ldr	r3, [sp, #40]
 5861 012c 09F10109 		add	r9, r9, #1
 5862              	.LVL666:
 686:../../Middlewares/stedgeai-lib/Npu/ll_aton/ll_aton_lib_sw_operators.c ****   {
 5863              		.loc 1 686 32 is_stmt 0 discriminator 2 view .LVU1787
 5864 0130 9A44     		add	r10, r10, r3
 5865 0132 069B     		ldr	r3, [sp, #24]
 5866 0134 1D44     		add	r5, r5, r3
 5867 0136 B5E7     		b	.L433
 5868              	.LVL667:
 5869              	.L440:
 686:../../Middlewares/stedgeai-lib/Npu/ll_aton/ll_aton_lib_sw_operators.c ****   {
 5870              		.loc 1 686 32 discriminator 2 view .LVU1788
 5871 0138 D346     		mov	fp, r10
 5872              	.LBB396:
 688:../../Middlewares/stedgeai-lib/Npu/ll_aton/ll_aton_lib_sw_operators.c ****     {
 5873              		.loc 1 688 19 view .LVU1789
 5874 013a 4FF00008 		mov	r8, #0
 5875 013e F1E7     		b	.L438
 5876              	.L445:
 5877              		.align	2
 5878              	.L444:
 5879 0140 00000000 		.word	__FUNCTION__.24
 5880              	.LBE396:
 5881              	.LBE398:
 5882              		.cfi_endproc
 5883              	.LFE344:
 5885              		.section	.text.LL_ATON_LIB_SW_DepthToSpace,"ax",%progbits
 5886              		.align	1
 5887              		.global	LL_ATON_LIB_SW_DepthToSpace
 5888              		.syntax unified
 5889              		.thumb
 5890              		.thumb_func
 5892              	LL_ATON_LIB_SW_DepthToSpace:
ARM GAS  /tmp/ccBdscOF.s 			page 185


 5893              	.LVL668:
 5894              	.LFB345:
 719:../../Middlewares/stedgeai-lib/Npu/ll_aton/ll_aton_lib_sw_operators.c ****   if (input->ndims != 4)
 5895              		.loc 1 719 1 is_stmt 1 view -0
 5896              		.cfi_startproc
 5897              		@ args = 12, pretend = 0, frame = 120
 5898              		@ frame_needed = 0, uses_anonymous_args = 0
 720:../../Middlewares/stedgeai-lib/Npu/ll_aton/ll_aton_lib_sw_operators.c ****   {
 5899              		.loc 1 720 3 view .LVU1791
 719:../../Middlewares/stedgeai-lib/Npu/ll_aton/ll_aton_lib_sw_operators.c ****   if (input->ndims != 4)
 5900              		.loc 1 719 1 is_stmt 0 view .LVU1792
 5901 0000 2DE9F04F 		push	{r4, r5, r6, r7, r8, r9, r10, fp, lr}
 5902              		.cfi_def_cfa_offset 36
 5903              		.cfi_offset 4, -36
 5904              		.cfi_offset 5, -32
 5905              		.cfi_offset 6, -28
 5906              		.cfi_offset 7, -24
 5907              		.cfi_offset 8, -20
 5908              		.cfi_offset 9, -16
 5909              		.cfi_offset 10, -12
 5910              		.cfi_offset 11, -8
 5911              		.cfi_offset 14, -4
 5912 0004 1E46     		mov	r6, r3
 720:../../Middlewares/stedgeai-lib/Npu/ll_aton/ll_aton_lib_sw_operators.c ****   {
 5913              		.loc 1 720 6 view .LVU1793
 5914 0006 90F82730 		ldrb	r3, [r0, #39]	@ zero_extendqisi2
 5915              	.LVL669:
 719:../../Middlewares/stedgeai-lib/Npu/ll_aton/ll_aton_lib_sw_operators.c ****   if (input->ndims != 4)
 5916              		.loc 1 719 1 view .LVU1794
 5917 000a 9FB0     		sub	sp, sp, #124
 5918              		.cfi_def_cfa_offset 160
 720:../../Middlewares/stedgeai-lib/Npu/ll_aton/ll_aton_lib_sw_operators.c ****   {
 5919              		.loc 1 720 6 view .LVU1795
 5920 000c 042B     		cmp	r3, #4
 719:../../Middlewares/stedgeai-lib/Npu/ll_aton/ll_aton_lib_sw_operators.c ****   if (input->ndims != 4)
 5921              		.loc 1 719 1 view .LVU1796
 5922 000e 1746     		mov	r7, r2
 5923 0010 2A9C     		ldr	r4, [sp, #168]
 5924 0012 0090     		str	r0, [sp]
 720:../../Middlewares/stedgeai-lib/Npu/ll_aton/ll_aton_lib_sw_operators.c ****   {
 5925              		.loc 1 720 6 view .LVU1797
 5926 0014 0AD0     		beq	.L447
 722:../../Middlewares/stedgeai-lib/Npu/ll_aton/ll_aton_lib_sw_operators.c ****   }
 5927              		.loc 1 722 5 is_stmt 1 view .LVU1798
 5928 0016 40F2D221 		movw	r1, #722
 5929              	.LVL670:
 722:../../Middlewares/stedgeai-lib/Npu/ll_aton/ll_aton_lib_sw_operators.c ****   }
 5930              		.loc 1 722 5 is_stmt 0 view .LVU1799
 5931 001a 974A     		ldr	r2, .L478
 5932              	.LVL671:
 5933              	.L475:
 727:../../Middlewares/stedgeai-lib/Npu/ll_aton/ll_aton_lib_sw_operators.c ****   }
 5934              		.loc 1 727 5 view .LVU1800
 5935 001c 0F20     		movs	r0, #15
 5936              	.LVL672:
 5937              	.L476:
 727:../../Middlewares/stedgeai-lib/Npu/ll_aton/ll_aton_lib_sw_operators.c ****   }
ARM GAS  /tmp/ccBdscOF.s 			page 186


 5938              		.loc 1 727 5 view .LVU1801
 5939 001e FFF7FEFF 		bl	__ll_lib_error
 5940              	.LVL673:
 727:../../Middlewares/stedgeai-lib/Npu/ll_aton/ll_aton_lib_sw_operators.c ****   }
 5941              		.loc 1 727 5 is_stmt 1 discriminator 1 view .LVU1802
 722:../../Middlewares/stedgeai-lib/Npu/ll_aton/ll_aton_lib_sw_operators.c ****   }
 5942              		.loc 1 722 5 is_stmt 0 discriminator 1 view .LVU1803
 5943 0022 6FF00100 		mvn	r0, #1
 5944              	.LVL674:
 5945              	.L446:
 828:../../Middlewares/stedgeai-lib/Npu/ll_aton/ll_aton_lib_sw_operators.c **** 
 5946              		.loc 1 828 1 view .LVU1804
 5947 0026 1FB0     		add	sp, sp, #124
 5948              		.cfi_remember_state
 5949              		.cfi_def_cfa_offset 36
 5950              	.LVL675:
 828:../../Middlewares/stedgeai-lib/Npu/ll_aton/ll_aton_lib_sw_operators.c **** 
 5951              		.loc 1 828 1 view .LVU1805
 5952              		@ sp needed
 5953 0028 BDE8F08F 		pop	{r4, r5, r6, r7, r8, r9, r10, fp, pc}
 5954              	.LVL676:
 5955              	.L447:
 5956              		.cfi_restore_state
 722:../../Middlewares/stedgeai-lib/Npu/ll_aton/ll_aton_lib_sw_operators.c ****   }
 5957              		.loc 1 722 53 is_stmt 1 view .LVU1806
 725:../../Middlewares/stedgeai-lib/Npu/ll_aton/ll_aton_lib_sw_operators.c ****   {
 5958              		.loc 1 725 3 view .LVU1807
 725:../../Middlewares/stedgeai-lib/Npu/ll_aton/ll_aton_lib_sw_operators.c ****   {
 5959              		.loc 1 725 6 is_stmt 0 view .LVU1808
 5960 002c 92F82730 		ldrb	r3, [r2, #39]	@ zero_extendqisi2
 5961 0030 042B     		cmp	r3, #4
 5962 0032 03D0     		beq	.L449
 727:../../Middlewares/stedgeai-lib/Npu/ll_aton/ll_aton_lib_sw_operators.c ****   }
 5963              		.loc 1 727 5 is_stmt 1 view .LVU1809
 5964 0034 40F2D721 		movw	r1, #727
 5965              	.LVL677:
 727:../../Middlewares/stedgeai-lib/Npu/ll_aton/ll_aton_lib_sw_operators.c ****   }
 5966              		.loc 1 727 5 is_stmt 0 view .LVU1810
 5967 0038 8F4A     		ldr	r2, .L478
 5968              	.LVL678:
 727:../../Middlewares/stedgeai-lib/Npu/ll_aton/ll_aton_lib_sw_operators.c ****   }
 5969              		.loc 1 727 5 view .LVU1811
 5970 003a EFE7     		b	.L475
 5971              	.LVL679:
 5972              	.L449:
 727:../../Middlewares/stedgeai-lib/Npu/ll_aton/ll_aton_lib_sw_operators.c ****   }
 5973              		.loc 1 727 53 is_stmt 1 view .LVU1812
 730:../../Middlewares/stedgeai-lib/Npu/ll_aton/ll_aton_lib_sw_operators.c ****   {
 5974              		.loc 1 730 3 view .LVU1813
 730:../../Middlewares/stedgeai-lib/Npu/ll_aton/ll_aton_lib_sw_operators.c ****   {
 5975              		.loc 1 730 12 is_stmt 0 view .LVU1814
 5976 003c 009B     		ldr	r3, [sp]
 5977 003e 93F82820 		ldrb	r2, [r3, #40]	@ zero_extendqisi2
 5978              	.LVL680:
 730:../../Middlewares/stedgeai-lib/Npu/ll_aton/ll_aton_lib_sw_operators.c ****   {
 5979              		.loc 1 730 6 view .LVU1815
 5980 0042 97F82830 		ldrb	r3, [r7, #40]	@ zero_extendqisi2
ARM GAS  /tmp/ccBdscOF.s 			page 187


 5981 0046 9342     		cmp	r3, r2
 5982 0048 04D0     		beq	.L451
 732:../../Middlewares/stedgeai-lib/Npu/ll_aton/ll_aton_lib_sw_operators.c ****   }
 5983              		.loc 1 732 5 is_stmt 1 view .LVU1816
 5984 004a 4FF43771 		mov	r1, #732
 5985              	.LVL681:
 732:../../Middlewares/stedgeai-lib/Npu/ll_aton/ll_aton_lib_sw_operators.c ****   }
 5986              		.loc 1 732 5 is_stmt 0 view .LVU1817
 5987 004e 8A4A     		ldr	r2, .L478
 5988              	.L477:
 737:../../Middlewares/stedgeai-lib/Npu/ll_aton/ll_aton_lib_sw_operators.c ****   }
 5989              		.loc 1 737 5 view .LVU1818
 5990 0050 0620     		movs	r0, #6
 5991              	.LVL682:
 737:../../Middlewares/stedgeai-lib/Npu/ll_aton/ll_aton_lib_sw_operators.c ****   }
 5992              		.loc 1 737 5 view .LVU1819
 5993 0052 E4E7     		b	.L476
 5994              	.LVL683:
 5995              	.L451:
 732:../../Middlewares/stedgeai-lib/Npu/ll_aton/ll_aton_lib_sw_operators.c ****   }
 5996              		.loc 1 732 54 is_stmt 1 view .LVU1820
 735:../../Middlewares/stedgeai-lib/Npu/ll_aton/ll_aton_lib_sw_operators.c ****   {
 5997              		.loc 1 735 3 view .LVU1821
 735:../../Middlewares/stedgeai-lib/Npu/ll_aton/ll_aton_lib_sw_operators.c ****   {
 5998              		.loc 1 735 6 is_stmt 0 view .LVU1822
 5999 0054 083B     		subs	r3, r3, #8
 6000 0056 182B     		cmp	r3, #24
 6001 0058 03D9     		bls	.L452
 737:../../Middlewares/stedgeai-lib/Npu/ll_aton/ll_aton_lib_sw_operators.c ****   }
 6002              		.loc 1 737 5 is_stmt 1 view .LVU1823
 6003 005a 40F2E121 		movw	r1, #737
 6004              	.LVL684:
 737:../../Middlewares/stedgeai-lib/Npu/ll_aton/ll_aton_lib_sw_operators.c ****   }
 6005              		.loc 1 737 5 is_stmt 0 view .LVU1824
 6006 005e 864A     		ldr	r2, .L478
 6007 0060 F6E7     		b	.L477
 6008              	.LVL685:
 6009              	.L452:
 737:../../Middlewares/stedgeai-lib/Npu/ll_aton/ll_aton_lib_sw_operators.c ****   }
 6010              		.loc 1 737 54 is_stmt 1 view .LVU1825
 740:../../Middlewares/stedgeai-lib/Npu/ll_aton/ll_aton_lib_sw_operators.c ****   uint32_t C = input->shape[1];
 6011              		.loc 1 740 3 view .LVU1826
 740:../../Middlewares/stedgeai-lib/Npu/ll_aton/ll_aton_lib_sw_operators.c ****   uint32_t C = input->shape[1];
 6012              		.loc 1 740 21 is_stmt 0 view .LVU1827
 6013 0062 009B     		ldr	r3, [sp]
 6014 0064 DB6A     		ldr	r3, [r3, #44]
 740:../../Middlewares/stedgeai-lib/Npu/ll_aton/ll_aton_lib_sw_operators.c ****   uint32_t C = input->shape[1];
 6015              		.loc 1 740 12 view .LVU1828
 6016 0066 1A68     		ldr	r2, [r3]
 6017 0068 0C92     		str	r2, [sp, #48]
 6018              	.LVL686:
 741:../../Middlewares/stedgeai-lib/Npu/ll_aton/ll_aton_lib_sw_operators.c ****   uint32_t H = input->shape[2];
 6019              		.loc 1 741 3 is_stmt 1 view .LVU1829
 741:../../Middlewares/stedgeai-lib/Npu/ll_aton/ll_aton_lib_sw_operators.c ****   uint32_t H = input->shape[2];
 6020              		.loc 1 741 12 is_stmt 0 view .LVU1830
 6021 006a 5A68     		ldr	r2, [r3, #4]
 6022              	.LVL687:
ARM GAS  /tmp/ccBdscOF.s 			page 188


 741:../../Middlewares/stedgeai-lib/Npu/ll_aton/ll_aton_lib_sw_operators.c ****   uint32_t H = input->shape[2];
 6023              		.loc 1 741 12 view .LVU1831
 6024 006c 0492     		str	r2, [sp, #16]
 6025              	.LVL688:
 742:../../Middlewares/stedgeai-lib/Npu/ll_aton/ll_aton_lib_sw_operators.c ****   uint32_t W = input->shape[3];
 6026              		.loc 1 742 3 is_stmt 1 view .LVU1832
 742:../../Middlewares/stedgeai-lib/Npu/ll_aton/ll_aton_lib_sw_operators.c ****   uint32_t W = input->shape[3];
 6027              		.loc 1 742 12 is_stmt 0 view .LVU1833
 6028 006e 9A68     		ldr	r2, [r3, #8]
 6029              	.LVL689:
 743:../../Middlewares/stedgeai-lib/Npu/ll_aton/ll_aton_lib_sw_operators.c **** 
 6030              		.loc 1 743 12 view .LVU1834
 6031 0070 DB68     		ldr	r3, [r3, #12]
 6032              	.LVL690:
 742:../../Middlewares/stedgeai-lib/Npu/ll_aton/ll_aton_lib_sw_operators.c ****   uint32_t W = input->shape[3];
 6033              		.loc 1 742 12 view .LVU1835
 6034 0072 0D92     		str	r2, [sp, #52]
 6035              	.LVL691:
 743:../../Middlewares/stedgeai-lib/Npu/ll_aton/ll_aton_lib_sw_operators.c **** 
 6036              		.loc 1 743 3 is_stmt 1 view .LVU1836
 743:../../Middlewares/stedgeai-lib/Npu/ll_aton/ll_aton_lib_sw_operators.c **** 
 6037              		.loc 1 743 12 is_stmt 0 view .LVU1837
 6038 0074 0E93     		str	r3, [sp, #56]
 6039              	.LVL692:
 745:../../Middlewares/stedgeai-lib/Npu/ll_aton/ll_aton_lib_sw_operators.c ****   uint32_t max_c = (C / bs_hw);
 6040              		.loc 1 745 3 is_stmt 1 view .LVU1838
 745:../../Middlewares/stedgeai-lib/Npu/ll_aton/ll_aton_lib_sw_operators.c ****   uint32_t max_c = (C / bs_hw);
 6041              		.loc 1 745 12 is_stmt 0 view .LVU1839
 6042 0076 DDE92832 		ldrd	r3, r2, [sp, #160]
 6043              	.LVL693:
 745:../../Middlewares/stedgeai-lib/Npu/ll_aton/ll_aton_lib_sw_operators.c ****   uint32_t max_c = (C / bs_hw);
 6044              		.loc 1 745 12 view .LVU1840
 6045 007a 02FB03F5 		mul	r5, r2, r3
 6046              	.LVL694:
 746:../../Middlewares/stedgeai-lib/Npu/ll_aton/ll_aton_lib_sw_operators.c **** 
 6047              		.loc 1 746 3 is_stmt 1 view .LVU1841
 746:../../Middlewares/stedgeai-lib/Npu/ll_aton/ll_aton_lib_sw_operators.c **** 
 6048              		.loc 1 746 12 is_stmt 0 view .LVU1842
 6049 007e 049B     		ldr	r3, [sp, #16]
 6050 0080 B3FBF5F3 		udiv	r3, r3, r5
 6051 0084 0193     		str	r3, [sp, #4]
 6052              	.LVL695:
 748:../../Middlewares/stedgeai-lib/Npu/ll_aton/ll_aton_lib_sw_operators.c ****   int8_t *out_base = (int8_t *)LL_Buffer_addr_start(output);
 6053              		.loc 1 748 3 is_stmt 1 view .LVU1843
 748:../../Middlewares/stedgeai-lib/Npu/ll_aton/ll_aton_lib_sw_operators.c ****   int8_t *out_base = (int8_t *)LL_Buffer_addr_start(output);
 6054              		.loc 1 748 31 is_stmt 0 view .LVU1844
 6055 0086 FFF7FEFF 		bl	LL_Buffer_addr_start
 6056              	.LVL696:
 748:../../Middlewares/stedgeai-lib/Npu/ll_aton/ll_aton_lib_sw_operators.c ****   int8_t *out_base = (int8_t *)LL_Buffer_addr_start(output);
 6057              		.loc 1 748 31 view .LVU1845
 6058 008a 0F90     		str	r0, [sp, #60]
 6059              	.LVL697:
 749:../../Middlewares/stedgeai-lib/Npu/ll_aton/ll_aton_lib_sw_operators.c **** 
 6060              		.loc 1 749 3 is_stmt 1 view .LVU1846
 749:../../Middlewares/stedgeai-lib/Npu/ll_aton/ll_aton_lib_sw_operators.c **** 
 6061              		.loc 1 749 32 is_stmt 0 view .LVU1847
 6062 008c 3846     		mov	r0, r7
ARM GAS  /tmp/ccBdscOF.s 			page 189


 6063              	.LVL698:
 749:../../Middlewares/stedgeai-lib/Npu/ll_aton/ll_aton_lib_sw_operators.c **** 
 6064              		.loc 1 749 32 view .LVU1848
 6065 008e FFF7FEFF 		bl	LL_Buffer_addr_start
 6066              	.LVL699:
 751:../../Middlewares/stedgeai-lib/Npu/ll_aton/ll_aton_lib_sw_operators.c ****   uint32_t output_tensor_offset_1 = output_axes_offsets[1];
 6067              		.loc 1 751 12 view .LVU1849
 6068 0092 3368     		ldr	r3, [r6]
 749:../../Middlewares/stedgeai-lib/Npu/ll_aton/ll_aton_lib_sw_operators.c **** 
 6069              		.loc 1 749 32 view .LVU1850
 6070 0094 1090     		str	r0, [sp, #64]
 6071              	.LVL700:
 751:../../Middlewares/stedgeai-lib/Npu/ll_aton/ll_aton_lib_sw_operators.c ****   uint32_t output_tensor_offset_1 = output_axes_offsets[1];
 6072              		.loc 1 751 3 is_stmt 1 view .LVU1851
 751:../../Middlewares/stedgeai-lib/Npu/ll_aton/ll_aton_lib_sw_operators.c ****   uint32_t output_tensor_offset_1 = output_axes_offsets[1];
 6073              		.loc 1 751 12 is_stmt 0 view .LVU1852
 6074 0096 1193     		str	r3, [sp, #68]
 6075              	.LVL701:
 752:../../Middlewares/stedgeai-lib/Npu/ll_aton/ll_aton_lib_sw_operators.c ****   uint32_t output_tensor_offset_2 = output_axes_offsets[2];
 6076              		.loc 1 752 3 is_stmt 1 view .LVU1853
 752:../../Middlewares/stedgeai-lib/Npu/ll_aton/ll_aton_lib_sw_operators.c ****   uint32_t output_tensor_offset_2 = output_axes_offsets[2];
 6077              		.loc 1 752 12 is_stmt 0 view .LVU1854
 6078 0098 7368     		ldr	r3, [r6, #4]
 6079              	.LVL702:
 752:../../Middlewares/stedgeai-lib/Npu/ll_aton/ll_aton_lib_sw_operators.c ****   uint32_t output_tensor_offset_2 = output_axes_offsets[2];
 6080              		.loc 1 752 12 view .LVU1855
 6081 009a 1293     		str	r3, [sp, #72]
 6082              	.LVL703:
 753:../../Middlewares/stedgeai-lib/Npu/ll_aton/ll_aton_lib_sw_operators.c ****   uint32_t output_tensor_offset_3 = output_axes_offsets[3];
 6083              		.loc 1 753 3 is_stmt 1 view .LVU1856
 753:../../Middlewares/stedgeai-lib/Npu/ll_aton/ll_aton_lib_sw_operators.c ****   uint32_t output_tensor_offset_3 = output_axes_offsets[3];
 6084              		.loc 1 753 12 is_stmt 0 view .LVU1857
 6085 009c B368     		ldr	r3, [r6, #8]
 6086              	.LVL704:
 753:../../Middlewares/stedgeai-lib/Npu/ll_aton/ll_aton_lib_sw_operators.c ****   uint32_t output_tensor_offset_3 = output_axes_offsets[3];
 6087              		.loc 1 753 12 view .LVU1858
 6088 009e 0593     		str	r3, [sp, #20]
 6089              	.LVL705:
 754:../../Middlewares/stedgeai-lib/Npu/ll_aton/ll_aton_lib_sw_operators.c **** 
 6090              		.loc 1 754 3 is_stmt 1 view .LVU1859
 754:../../Middlewares/stedgeai-lib/Npu/ll_aton/ll_aton_lib_sw_operators.c **** 
 6091              		.loc 1 754 12 is_stmt 0 view .LVU1860
 6092 00a0 F368     		ldr	r3, [r6, #12]
 6093              	.LVL706:
 754:../../Middlewares/stedgeai-lib/Npu/ll_aton/ll_aton_lib_sw_operators.c **** 
 6094              		.loc 1 754 12 view .LVU1861
 6095 00a2 0693     		str	r3, [sp, #24]
 6096              	.LVL707:
 756:../../Middlewares/stedgeai-lib/Npu/ll_aton/ll_aton_lib_sw_operators.c ****   uint32_t input_tensor_offset_1 = input_axes_offsets[1];
 6097              		.loc 1 756 3 is_stmt 1 view .LVU1862
 756:../../Middlewares/stedgeai-lib/Npu/ll_aton/ll_aton_lib_sw_operators.c ****   uint32_t input_tensor_offset_1 = input_axes_offsets[1];
 6098              		.loc 1 756 12 is_stmt 0 view .LVU1863
 6099 00a4 0B68     		ldr	r3, [r1]
 6100              	.LVL708:
 756:../../Middlewares/stedgeai-lib/Npu/ll_aton/ll_aton_lib_sw_operators.c ****   uint32_t input_tensor_offset_1 = input_axes_offsets[1];
 6101              		.loc 1 756 12 view .LVU1864
 6102 00a6 1393     		str	r3, [sp, #76]
ARM GAS  /tmp/ccBdscOF.s 			page 190


 6103              	.LVL709:
 757:../../Middlewares/stedgeai-lib/Npu/ll_aton/ll_aton_lib_sw_operators.c ****   uint32_t input_tensor_offset_2 = input_axes_offsets[2];
 6104              		.loc 1 757 3 is_stmt 1 view .LVU1865
 757:../../Middlewares/stedgeai-lib/Npu/ll_aton/ll_aton_lib_sw_operators.c ****   uint32_t input_tensor_offset_2 = input_axes_offsets[2];
 6105              		.loc 1 757 12 is_stmt 0 view .LVU1866
 6106 00a8 4B68     		ldr	r3, [r1, #4]
 6107              	.LVL710:
 757:../../Middlewares/stedgeai-lib/Npu/ll_aton/ll_aton_lib_sw_operators.c ****   uint32_t input_tensor_offset_2 = input_axes_offsets[2];
 6108              		.loc 1 757 12 view .LVU1867
 6109 00aa 0293     		str	r3, [sp, #8]
 6110              	.LVL711:
 758:../../Middlewares/stedgeai-lib/Npu/ll_aton/ll_aton_lib_sw_operators.c ****   uint32_t input_tensor_offset_3 = input_axes_offsets[3];
 6111              		.loc 1 758 3 is_stmt 1 view .LVU1868
 758:../../Middlewares/stedgeai-lib/Npu/ll_aton/ll_aton_lib_sw_operators.c ****   uint32_t input_tensor_offset_3 = input_axes_offsets[3];
 6112              		.loc 1 758 12 is_stmt 0 view .LVU1869
 6113 00ac 8B68     		ldr	r3, [r1, #8]
 6114              	.LVL712:
 758:../../Middlewares/stedgeai-lib/Npu/ll_aton/ll_aton_lib_sw_operators.c ****   uint32_t input_tensor_offset_3 = input_axes_offsets[3];
 6115              		.loc 1 758 12 view .LVU1870
 6116 00ae 1493     		str	r3, [sp, #80]
 6117              	.LVL713:
 759:../../Middlewares/stedgeai-lib/Npu/ll_aton/ll_aton_lib_sw_operators.c **** 
 6118              		.loc 1 759 3 is_stmt 1 view .LVU1871
 759:../../Middlewares/stedgeai-lib/Npu/ll_aton/ll_aton_lib_sw_operators.c **** 
 6119              		.loc 1 759 12 is_stmt 0 view .LVU1872
 6120 00b0 CB68     		ldr	r3, [r1, #12]
 6121              	.LVL714:
 759:../../Middlewares/stedgeai-lib/Npu/ll_aton/ll_aton_lib_sw_operators.c **** 
 6122              		.loc 1 759 12 view .LVU1873
 6123 00b2 1593     		str	r3, [sp, #84]
 6124              	.LVL715:
 761:../../Middlewares/stedgeai-lib/Npu/ll_aton/ll_aton_lib_sw_operators.c ****   { // `DCR`
 6125              		.loc 1 761 3 is_stmt 1 view .LVU1874
 761:../../Middlewares/stedgeai-lib/Npu/ll_aton/ll_aton_lib_sw_operators.c ****   { // `DCR`
 6126              		.loc 1 761 6 is_stmt 0 view .LVU1875
 6127 00b4 D4B1     		cbz	r4, .L453
 6128 00b6 0024     		movs	r4, #0
 6129 00b8 029B     		ldr	r3, [sp, #8]
 6130              	.LVL716:
 761:../../Middlewares/stedgeai-lib/Npu/ll_aton/ll_aton_lib_sw_operators.c ****   { // `DCR`
 6131              		.loc 1 761 6 view .LVU1876
 6132 00ba 029A     		ldr	r2, [sp, #8]
 6133 00bc 6B43     		muls	r3, r5, r3
 6134 00be 1993     		str	r3, [sp, #100]
 6135 00c0 299B     		ldr	r3, [sp, #164]
 6136 00c2 0B94     		str	r4, [sp, #44]
 6137 00c4 5343     		muls	r3, r2, r3
 6138 00c6 059A     		ldr	r2, [sp, #20]
 6139 00c8 1893     		str	r3, [sp, #96]
 6140 00ca 289B     		ldr	r3, [sp, #160]
 6141 00cc 5343     		muls	r3, r2, r3
 6142 00ce 069A     		ldr	r2, [sp, #24]
 6143 00d0 1793     		str	r3, [sp, #92]
 6144 00d2 299B     		ldr	r3, [sp, #164]
 6145 00d4 5343     		muls	r3, r2, r3
 6146 00d6 1693     		str	r3, [sp, #88]
 6147              	.LBB399:
ARM GAS  /tmp/ccBdscOF.s 			page 191


 792:../../Middlewares/stedgeai-lib/Npu/ll_aton/ll_aton_lib_sw_operators.c ****     {
 6148              		.loc 1 792 19 view .LVU1877
 6149 00d8 2346     		mov	r3, r4
 6150              	.LVL717:
 6151              	.L454:
 792:../../Middlewares/stedgeai-lib/Npu/ll_aton/ll_aton_lib_sw_operators.c ****     {
 6152              		.loc 1 792 28 is_stmt 1 discriminator 1 view .LVU1878
 6153 00da 0C9A     		ldr	r2, [sp, #48]
 6154 00dc 9342     		cmp	r3, r2
 6155 00de 0FD0     		beq	.L461
 6156 00e0 0B9A     		ldr	r2, [sp, #44]
 6157 00e2 0A94     		str	r4, [sp, #40]
 6158 00e4 0992     		str	r2, [sp, #36]
 6159              	.LBB400:
 794:../../Middlewares/stedgeai-lib/Npu/ll_aton/ll_aton_lib_sw_operators.c ****       {
 6160              		.loc 1 794 21 is_stmt 0 view .LVU1879
 6161 00e6 0022     		movs	r2, #0
 6162 00e8 0392     		str	r2, [sp, #12]
 6163 00ea ADE0     		b	.L468
 6164              	.LVL718:
 6165              	.L453:
 794:../../Middlewares/stedgeai-lib/Npu/ll_aton/ll_aton_lib_sw_operators.c ****       {
 6166              		.loc 1 794 21 view .LVU1880
 6167              	.LBE400:
 6168              	.LBE399:
 6169              	.LBB416:
 6170              	.LBB417:
 6171              	.LBB418:
 6172              	.LBB419:
 6173              	.LBB420:
 774:../../Middlewares/stedgeai-lib/Npu/ll_aton/ll_aton_lib_sw_operators.c ****             uint32_t out_w = off_w + ((c / max_c) % bs_w);
 6174              		.loc 1 774 50 view .LVU1881
 6175 00ec A046     		mov	r8, r4
 6176 00ee 299B     		ldr	r3, [sp, #164]
 6177              	.LVL719:
 774:../../Middlewares/stedgeai-lib/Npu/ll_aton/ll_aton_lib_sw_operators.c ****             uint32_t out_w = off_w + ((c / max_c) % bs_w);
 6178              		.loc 1 774 50 view .LVU1882
 6179 00f0 019A     		ldr	r2, [sp, #4]
 6180              	.LBE420:
 6181              	.LBE419:
 6182              	.LBE418:
 6183              	.LBE417:
 763:../../Middlewares/stedgeai-lib/Npu/ll_aton/ll_aton_lib_sw_operators.c ****     {
 6184              		.loc 1 763 19 view .LVU1883
 6185 00f2 0394     		str	r4, [sp, #12]
 6186              	.LBB444:
 6187              	.LBB441:
 6188              	.LBB438:
 6189              	.LBB435:
 774:../../Middlewares/stedgeai-lib/Npu/ll_aton/ll_aton_lib_sw_operators.c ****             uint32_t out_w = off_w + ((c / max_c) % bs_w);
 6190              		.loc 1 774 50 view .LVU1884
 6191 00f4 5343     		muls	r3, r2, r3
 6192 00f6 0793     		str	r3, [sp, #28]
 6193              	.LVL720:
 6194              	.L455:
 774:../../Middlewares/stedgeai-lib/Npu/ll_aton/ll_aton_lib_sw_operators.c ****             uint32_t out_w = off_w + ((c / max_c) % bs_w);
 6195              		.loc 1 774 50 view .LVU1885
ARM GAS  /tmp/ccBdscOF.s 			page 192


 6196              	.LBE435:
 6197              	.LBE438:
 6198              	.LBE441:
 6199              	.LBE444:
 763:../../Middlewares/stedgeai-lib/Npu/ll_aton/ll_aton_lib_sw_operators.c ****     {
 6200              		.loc 1 763 28 is_stmt 1 discriminator 1 view .LVU1886
 6201 00f8 039B     		ldr	r3, [sp, #12]
 6202 00fa 0C9A     		ldr	r2, [sp, #48]
 6203 00fc 9342     		cmp	r3, r2
 6204 00fe 4ED1     		bne	.L470
 6205              	.LVL721:
 6206              	.L461:
 763:../../Middlewares/stedgeai-lib/Npu/ll_aton/ll_aton_lib_sw_operators.c ****     {
 6207              		.loc 1 763 28 is_stmt 0 discriminator 1 view .LVU1887
 6208              	.LBE416:
 827:../../Middlewares/stedgeai-lib/Npu/ll_aton/ll_aton_lib_sw_operators.c **** }
 6209              		.loc 1 827 10 view .LVU1888
 6210 0100 0020     		movs	r0, #0
 6211 0102 90E7     		b	.L446
 6212              	.LVL722:
 6213              	.L456:
 827:../../Middlewares/stedgeai-lib/Npu/ll_aton/ll_aton_lib_sw_operators.c **** }
 6214              		.loc 1 827 10 view .LVU1889
 6215 0104 0993     		str	r3, [sp, #36]
 6216              	.LBB447:
 6217              	.LBB445:
 6218              	.LBB442:
 6219              	.LBB439:
 6220              	.LBB436:
 771:../../Middlewares/stedgeai-lib/Npu/ll_aton/ll_aton_lib_sw_operators.c ****             uint32_t off_w = (w * bs_w);
 6221              		.loc 1 771 13 is_stmt 1 view .LVU1890
 772:../../Middlewares/stedgeai-lib/Npu/ll_aton/ll_aton_lib_sw_operators.c ****             uint32_t out_c = c % max_c;
 6222              		.loc 1 772 13 view .LVU1891
 6223              	.LVL723:
 773:../../Middlewares/stedgeai-lib/Npu/ll_aton/ll_aton_lib_sw_operators.c ****             uint32_t out_h = off_h + (c / (max_c * bs_w));
 6224              		.loc 1 773 13 view .LVU1892
 774:../../Middlewares/stedgeai-lib/Npu/ll_aton/ll_aton_lib_sw_operators.c ****             uint32_t out_w = off_w + ((c / max_c) % bs_w);
 6225              		.loc 1 774 13 view .LVU1893
 775:../../Middlewares/stedgeai-lib/Npu/ll_aton/ll_aton_lib_sw_operators.c **** 
 6226              		.loc 1 775 13 view .LVU1894
 777:../../Middlewares/stedgeai-lib/Npu/ll_aton/ll_aton_lib_sw_operators.c ****                                                                       output_tensor_offset_1, outpu
 6227              		.loc 1 777 13 view .LVU1895
 6228              	.LBB421:
 6229              	.LBI421:
  86:../../Middlewares/stedgeai-lib/Npu/ll_aton/ll_aton_lib_sw_operators.c ****                                                  uint32_t offset_1, uint32_t offset_2, uint32_t off
 6230              		.loc 1 86 24 view .LVU1896
 6231              	.LBB422:
  89:../../Middlewares/stedgeai-lib/Npu/ll_aton/ll_aton_lib_sw_operators.c **** 
 6232              		.loc 1 89 3 view .LVU1897
  91:../../Middlewares/stedgeai-lib/Npu/ll_aton/ll_aton_lib_sw_operators.c ****   result += (c * offset_1);
 6233              		.loc 1 91 3 view .LVU1898
  92:../../Middlewares/stedgeai-lib/Npu/ll_aton/ll_aton_lib_sw_operators.c ****   result += (h * offset_2);
 6234              		.loc 1 92 3 view .LVU1899
 6235              	.LBE422:
 6236              	.LBE421:
 773:../../Middlewares/stedgeai-lib/Npu/ll_aton/ll_aton_lib_sw_operators.c ****             uint32_t out_h = off_h + (c / (max_c * bs_w));
 6237              		.loc 1 773 22 is_stmt 0 view .LVU1900
ARM GAS  /tmp/ccBdscOF.s 			page 193


 6238 0106 019B     		ldr	r3, [sp, #4]
 784:../../Middlewares/stedgeai-lib/Npu/ll_aton/ll_aton_lib_sw_operators.c ****           }
 6239              		.loc 1 784 13 view .LVU1901
 6240 0108 0892     		str	r2, [sp, #32]
 773:../../Middlewares/stedgeai-lib/Npu/ll_aton/ll_aton_lib_sw_operators.c ****             uint32_t out_h = off_h + (c / (max_c * bs_w));
 6241              		.loc 1 773 22 view .LVU1902
 6242 010a B5FBF3F0 		udiv	r0, r5, r3
 6243 010e 03FB1051 		mls	r1, r3, r0, r5
 6244              	.LBB429:
 6245              	.LBB423:
  92:../../Middlewares/stedgeai-lib/Npu/ll_aton/ll_aton_lib_sw_operators.c ****   result += (h * offset_2);
 6246              		.loc 1 92 10 view .LVU1903
 6247 0112 129B     		ldr	r3, [sp, #72]
 6248              	.LBE423:
 6249              	.LBE429:
 6250              	.LBE436:
 769:../../Middlewares/stedgeai-lib/Npu/ll_aton/ll_aton_lib_sw_operators.c ****           {
 6251              		.loc 1 769 40 discriminator 3 view .LVU1904
 6252 0114 0AF1010A 		add	r10, r10, #1
 6253              	.LVL724:
 6254              	.LBB437:
 6255              	.LBB430:
 6256              	.LBB424:
  92:../../Middlewares/stedgeai-lib/Npu/ll_aton/ll_aton_lib_sw_operators.c ****   result += (h * offset_2);
 6257              		.loc 1 92 10 view .LVU1905
 6258 0118 03FB0141 		mla	r1, r3, r1, r4
 6259              	.LVL725:
  93:../../Middlewares/stedgeai-lib/Npu/ll_aton/ll_aton_lib_sw_operators.c ****   result += (w * offset_3);
 6260              		.loc 1 93 3 is_stmt 1 view .LVU1906
 6261              	.LBE424:
 6262              	.LBE430:
 774:../../Middlewares/stedgeai-lib/Npu/ll_aton/ll_aton_lib_sw_operators.c ****             uint32_t out_w = off_w + ((c / max_c) % bs_w);
 6263              		.loc 1 774 41 is_stmt 0 view .LVU1907
 6264 011c 079B     		ldr	r3, [sp, #28]
 6265 011e B5FBF3FC 		udiv	ip, r5, r3
 6266              	.LBB431:
 6267              	.LBB425:
  93:../../Middlewares/stedgeai-lib/Npu/ll_aton/ll_aton_lib_sw_operators.c ****   result += (w * offset_3);
 6268              		.loc 1 93 10 view .LVU1908
 6269 0122 059B     		ldr	r3, [sp, #20]
 6270              	.LBE425:
 6271              	.LBE431:
 774:../../Middlewares/stedgeai-lib/Npu/ll_aton/ll_aton_lib_sw_operators.c ****             uint32_t out_w = off_w + ((c / max_c) % bs_w);
 6272              		.loc 1 774 22 view .LVU1909
 6273 0124 BC44     		add	ip, ip, r7
 6274              	.LVL726:
 6275              	.LBB432:
 6276              	.LBB426:
  93:../../Middlewares/stedgeai-lib/Npu/ll_aton/ll_aton_lib_sw_operators.c ****   result += (w * offset_3);
 6277              		.loc 1 93 10 view .LVU1910
 6278 0126 03FB0C11 		mla	r1, r3, ip, r1
 6279              	.LVL727:
  94:../../Middlewares/stedgeai-lib/Npu/ll_aton/ll_aton_lib_sw_operators.c **** 
 6280              		.loc 1 94 3 is_stmt 1 view .LVU1911
  96:../../Middlewares/stedgeai-lib/Npu/ll_aton/ll_aton_lib_sw_operators.c **** }
 6281              		.loc 1 96 3 view .LVU1912
  96:../../Middlewares/stedgeai-lib/Npu/ll_aton/ll_aton_lib_sw_operators.c **** }
ARM GAS  /tmp/ccBdscOF.s 			page 194


 6282              		.loc 1 96 3 is_stmt 0 view .LVU1913
 6283              	.LBE426:
 6284              	.LBE432:
 780:../../Middlewares/stedgeai-lib/Npu/ll_aton/ll_aton_lib_sw_operators.c ****                 in_base + __ll_aton_lib_calc_offset(n, c, h, w, input_tensor_offset_0, input_tensor
 6285              		.loc 1 780 13 is_stmt 1 view .LVU1914
 784:../../Middlewares/stedgeai-lib/Npu/ll_aton/ll_aton_lib_sw_operators.c ****           }
 6286              		.loc 1 784 13 view .LVU1915
 775:../../Middlewares/stedgeai-lib/Npu/ll_aton/ll_aton_lib_sw_operators.c **** 
 6287              		.loc 1 775 51 is_stmt 0 view .LVU1916
 6288 012a 299B     		ldr	r3, [sp, #164]
 6289 012c B0FBF3FC 		udiv	ip, r0, r3
 6290              	.LVL728:
 775:../../Middlewares/stedgeai-lib/Npu/ll_aton/ll_aton_lib_sw_operators.c **** 
 6291              		.loc 1 775 51 view .LVU1917
 6292 0130 03FB1C00 		mls	r0, r3, ip, r0
 6293              	.LBB433:
 6294              	.LBB427:
  94:../../Middlewares/stedgeai-lib/Npu/ll_aton/ll_aton_lib_sw_operators.c **** 
 6295              		.loc 1 94 10 view .LVU1918
 6296 0134 069B     		ldr	r3, [sp, #24]
 6297              	.LBE427:
 6298              	.LBE433:
 775:../../Middlewares/stedgeai-lib/Npu/ll_aton/ll_aton_lib_sw_operators.c **** 
 6299              		.loc 1 775 22 view .LVU1919
 6300 0136 3044     		add	r0, r0, r6
 6301              	.LBB434:
 6302              	.LBB428:
  94:../../Middlewares/stedgeai-lib/Npu/ll_aton/ll_aton_lib_sw_operators.c **** 
 6303              		.loc 1 94 10 view .LVU1920
 6304 0138 03FB0011 		mla	r1, r3, r0, r1
 6305              	.LVL729:
  94:../../Middlewares/stedgeai-lib/Npu/ll_aton/ll_aton_lib_sw_operators.c **** 
 6306              		.loc 1 94 10 view .LVU1921
 6307              	.LBE428:
 6308              	.LBE434:
 784:../../Middlewares/stedgeai-lib/Npu/ll_aton/ll_aton_lib_sw_operators.c ****           }
 6309              		.loc 1 784 40 view .LVU1922
 6310 013c 009B     		ldr	r3, [sp]
 6311 013e 93F82800 		ldrb	r0, [r3, #40]	@ zero_extendqisi2
 784:../../Middlewares/stedgeai-lib/Npu/ll_aton/ll_aton_lib_sw_operators.c ****           }
 6312              		.loc 1 784 13 view .LVU1923
 6313 0142 109B     		ldr	r3, [sp, #64]
 784:../../Middlewares/stedgeai-lib/Npu/ll_aton/ll_aton_lib_sw_operators.c ****           }
 6314              		.loc 1 784 40 view .LVU1924
 6315 0144 0730     		adds	r0, r0, #7
 784:../../Middlewares/stedgeai-lib/Npu/ll_aton/ll_aton_lib_sw_operators.c ****           }
 6316              		.loc 1 784 13 view .LVU1925
 6317 0146 1944     		add	r1, r1, r3
 6318 0148 C008     		lsrs	r0, r0, #3
 6319 014a FFF7FEFF 		bl	__ll_aton_lib_copy_element.isra.0
 6320              	.LVL730:
 784:../../Middlewares/stedgeai-lib/Npu/ll_aton/ll_aton_lib_sw_operators.c ****           }
 6321              		.loc 1 784 13 view .LVU1926
 6322              	.LBE437:
 769:../../Middlewares/stedgeai-lib/Npu/ll_aton/ll_aton_lib_sw_operators.c ****           {
 6323              		.loc 1 769 40 is_stmt 1 discriminator 3 view .LVU1927
 769:../../Middlewares/stedgeai-lib/Npu/ll_aton/ll_aton_lib_sw_operators.c ****           {
ARM GAS  /tmp/ccBdscOF.s 			page 195


 6324              		.loc 1 769 40 is_stmt 0 discriminator 3 view .LVU1928
 6325 014e 299B     		ldr	r3, [sp, #164]
 6326 0150 089A     		ldr	r2, [sp, #32]
 6327 0152 1E44     		add	r6, r6, r3
 6328              	.LVL731:
 769:../../Middlewares/stedgeai-lib/Npu/ll_aton/ll_aton_lib_sw_operators.c ****           {
 6329              		.loc 1 769 40 discriminator 3 view .LVU1929
 6330 0154 159B     		ldr	r3, [sp, #84]
 6331 0156 1A44     		add	r2, r2, r3
 6332 0158 099B     		ldr	r3, [sp, #36]
 6333              	.LVL732:
 6334              	.L458:
 769:../../Middlewares/stedgeai-lib/Npu/ll_aton/ll_aton_lib_sw_operators.c ****           {
 6335              		.loc 1 769 34 is_stmt 1 discriminator 1 view .LVU1930
 6336 015a 0E99     		ldr	r1, [sp, #56]
 6337 015c 8A45     		cmp	r10, r1
 6338 015e D1D1     		bne	.L456
 6339              	.LBE439:
 767:../../Middlewares/stedgeai-lib/Npu/ll_aton/ll_aton_lib_sw_operators.c ****         {
 6340              		.loc 1 767 38 discriminator 2 view .LVU1931
 6341 0160 289A     		ldr	r2, [sp, #160]
 6342 0162 0133     		adds	r3, r3, #1
 6343              	.LVL733:
 767:../../Middlewares/stedgeai-lib/Npu/ll_aton/ll_aton_lib_sw_operators.c ****         {
 6344              		.loc 1 767 38 is_stmt 0 discriminator 2 view .LVU1932
 6345 0164 1744     		add	r7, r7, r2
 6346 0166 149A     		ldr	r2, [sp, #80]
 6347 0168 9344     		add	fp, fp, r2
 6348              	.LVL734:
 6349              	.L459:
 767:../../Middlewares/stedgeai-lib/Npu/ll_aton/ll_aton_lib_sw_operators.c ****         {
 6350              		.loc 1 767 32 is_stmt 1 discriminator 1 view .LVU1933
 6351 016a 0D9A     		ldr	r2, [sp, #52]
 6352 016c 9342     		cmp	r3, r2
 6353 016e 08D0     		beq	.L457
 6354 0170 0026     		movs	r6, #0
 6355 0172 0F9A     		ldr	r2, [sp, #60]
 6356              	.LBB440:
 769:../../Middlewares/stedgeai-lib/Npu/ll_aton/ll_aton_lib_sw_operators.c ****           {
 6357              		.loc 1 769 25 is_stmt 0 view .LVU1934
 6358 0174 B246     		mov	r10, r6
 6359 0176 5A44     		add	r2, r2, fp
 6360 0178 EFE7     		b	.L458
 6361              	.LVL735:
 6362              	.L469:
 769:../../Middlewares/stedgeai-lib/Npu/ll_aton/ll_aton_lib_sw_operators.c ****           {
 6363              		.loc 1 769 25 view .LVU1935
 6364              	.LBE440:
 6365              	.LBE442:
 6366 017a 0027     		movs	r7, #0
 6367 017c CB46     		mov	fp, r9
 6368              	.LBB443:
 767:../../Middlewares/stedgeai-lib/Npu/ll_aton/ll_aton_lib_sw_operators.c ****         {
 6369              		.loc 1 767 23 view .LVU1936
 6370 017e 3B46     		mov	r3, r7
 6371 0180 F3E7     		b	.L459
 6372              	.LVL736:
ARM GAS  /tmp/ccBdscOF.s 			page 196


 6373              	.L457:
 767:../../Middlewares/stedgeai-lib/Npu/ll_aton/ll_aton_lib_sw_operators.c ****         {
 6374              		.loc 1 767 23 view .LVU1937
 6375              	.LBE443:
 765:../../Middlewares/stedgeai-lib/Npu/ll_aton/ll_aton_lib_sw_operators.c ****       {
 6376              		.loc 1 765 36 is_stmt 1 discriminator 2 view .LVU1938
 6377 0182 029B     		ldr	r3, [sp, #8]
 6378              	.LVL737:
 765:../../Middlewares/stedgeai-lib/Npu/ll_aton/ll_aton_lib_sw_operators.c ****       {
 6379              		.loc 1 765 36 is_stmt 0 discriminator 2 view .LVU1939
 6380 0184 0135     		adds	r5, r5, #1
 6381              	.LVL738:
 765:../../Middlewares/stedgeai-lib/Npu/ll_aton/ll_aton_lib_sw_operators.c ****       {
 6382              		.loc 1 765 36 discriminator 2 view .LVU1940
 6383 0186 9944     		add	r9, r9, r3
 6384              	.LVL739:
 6385              	.L460:
 765:../../Middlewares/stedgeai-lib/Npu/ll_aton/ll_aton_lib_sw_operators.c ****       {
 6386              		.loc 1 765 30 is_stmt 1 discriminator 1 view .LVU1941
 6387 0188 049B     		ldr	r3, [sp, #16]
 6388 018a 9D42     		cmp	r5, r3
 6389 018c F5D1     		bne	.L469
 6390              	.LBE445:
 763:../../Middlewares/stedgeai-lib/Npu/ll_aton/ll_aton_lib_sw_operators.c ****     {
 6391              		.loc 1 763 34 discriminator 2 view .LVU1942
 6392 018e 039B     		ldr	r3, [sp, #12]
 6393 0190 0133     		adds	r3, r3, #1
 6394 0192 0393     		str	r3, [sp, #12]
 6395              	.LVL740:
 763:../../Middlewares/stedgeai-lib/Npu/ll_aton/ll_aton_lib_sw_operators.c ****     {
 6396              		.loc 1 763 34 is_stmt 0 discriminator 2 view .LVU1943
 6397 0194 139B     		ldr	r3, [sp, #76]
 6398              	.LVL741:
 763:../../Middlewares/stedgeai-lib/Npu/ll_aton/ll_aton_lib_sw_operators.c ****     {
 6399              		.loc 1 763 34 discriminator 2 view .LVU1944
 6400 0196 9844     		add	r8, r8, r3
 6401 0198 119B     		ldr	r3, [sp, #68]
 6402 019a 1C44     		add	r4, r4, r3
 6403 019c ACE7     		b	.L455
 6404              	.LVL742:
 6405              	.L470:
 763:../../Middlewares/stedgeai-lib/Npu/ll_aton/ll_aton_lib_sw_operators.c ****     {
 6406              		.loc 1 763 34 discriminator 2 view .LVU1945
 6407 019e C146     		mov	r9, r8
 6408              	.LBB446:
 765:../../Middlewares/stedgeai-lib/Npu/ll_aton/ll_aton_lib_sw_operators.c ****       {
 6409              		.loc 1 765 21 view .LVU1946
 6410 01a0 0025     		movs	r5, #0
 6411 01a2 F1E7     		b	.L460
 6412              	.LVL743:
 6413              	.L462:
 765:../../Middlewares/stedgeai-lib/Npu/ll_aton/ll_aton_lib_sw_operators.c ****       {
 6414              		.loc 1 765 21 view .LVU1947
 6415 01a4 1D93     		str	r3, [sp, #116]
 6416              	.LBE446:
 6417              	.LBE447:
 6418              	.LBB448:
ARM GAS  /tmp/ccBdscOF.s 			page 197


 6419              	.LBB414:
 6420              	.LBB401:
 6421              	.LBB402:
 6422              	.LBB403:
 6423              	.LBB404:
 6424              	.LBB405:
 6425              	.LBB406:
 806:../../Middlewares/stedgeai-lib/Npu/ll_aton/ll_aton_lib_sw_operators.c ****                 uint32_t off_w = (w * bs_w);
 6426              		.loc 1 806 17 is_stmt 1 view .LVU1948
 807:../../Middlewares/stedgeai-lib/Npu/ll_aton/ll_aton_lib_sw_operators.c ****                 uint32_t out_h = off_h + c_rem_bs_2_div_bs;
 6427              		.loc 1 807 17 view .LVU1949
 6428              	.LVL744:
 808:../../Middlewares/stedgeai-lib/Npu/ll_aton/ll_aton_lib_sw_operators.c ****                 uint32_t out_w = off_w + c_rem_bs;
 6429              		.loc 1 808 17 view .LVU1950
 809:../../Middlewares/stedgeai-lib/Npu/ll_aton/ll_aton_lib_sw_operators.c **** 
 6430              		.loc 1 809 17 view .LVU1951
 811:../../Middlewares/stedgeai-lib/Npu/ll_aton/ll_aton_lib_sw_operators.c ****                     out_base + __ll_aton_lib_calc_offset(n, out_c, out_h, out_w, output_tensor_offs
 6431              		.loc 1 811 17 view .LVU1952
 815:../../Middlewares/stedgeai-lib/Npu/ll_aton/ll_aton_lib_sw_operators.c ****                     in_base + __ll_aton_lib_calc_offset(n, c, h, w, input_tensor_offset_0, input_te
 6432              		.loc 1 815 17 view .LVU1953
 819:../../Middlewares/stedgeai-lib/Npu/ll_aton/ll_aton_lib_sw_operators.c ****               }
 6433              		.loc 1 819 17 view .LVU1954
 819:../../Middlewares/stedgeai-lib/Npu/ll_aton/ll_aton_lib_sw_operators.c ****               }
 6434              		.loc 1 819 44 is_stmt 0 view .LVU1955
 6435 01a6 009B     		ldr	r3, [sp]
 819:../../Middlewares/stedgeai-lib/Npu/ll_aton/ll_aton_lib_sw_operators.c ****               }
 6436              		.loc 1 819 17 view .LVU1956
 6437 01a8 CDE91B12 		strd	r1, r2, [sp, #108]
 819:../../Middlewares/stedgeai-lib/Npu/ll_aton/ll_aton_lib_sw_operators.c ****               }
 6438              		.loc 1 819 44 view .LVU1957
 6439 01ac 93F82800 		ldrb	r0, [r3, #40]	@ zero_extendqisi2
 6440              	.LBE406:
 804:../../Middlewares/stedgeai-lib/Npu/ll_aton/ll_aton_lib_sw_operators.c ****               {
 6441              		.loc 1 804 44 discriminator 3 view .LVU1958
 6442 01b0 08F10108 		add	r8, r8, #1
 6443              	.LVL745:
 6444              	.LBB407:
 819:../../Middlewares/stedgeai-lib/Npu/ll_aton/ll_aton_lib_sw_operators.c ****               }
 6445              		.loc 1 819 44 view .LVU1959
 6446 01b4 0730     		adds	r0, r0, #7
 819:../../Middlewares/stedgeai-lib/Npu/ll_aton/ll_aton_lib_sw_operators.c ****               }
 6447              		.loc 1 819 17 view .LVU1960
 6448 01b6 C008     		lsrs	r0, r0, #3
 6449 01b8 FFF7FEFF 		bl	__ll_aton_lib_copy_element.isra.0
 6450              	.LVL746:
 819:../../Middlewares/stedgeai-lib/Npu/ll_aton/ll_aton_lib_sw_operators.c ****               }
 6451              		.loc 1 819 17 view .LVU1961
 6452              	.LBE407:
 804:../../Middlewares/stedgeai-lib/Npu/ll_aton/ll_aton_lib_sw_operators.c ****               {
 6453              		.loc 1 804 44 is_stmt 1 discriminator 3 view .LVU1962
 804:../../Middlewares/stedgeai-lib/Npu/ll_aton/ll_aton_lib_sw_operators.c ****               {
 6454              		.loc 1 804 44 is_stmt 0 discriminator 3 view .LVU1963
 6455 01bc 169B     		ldr	r3, [sp, #88]
 6456 01be 1B99     		ldr	r1, [sp, #108]
 6457 01c0 1C9A     		ldr	r2, [sp, #112]
 6458 01c2 1944     		add	r1, r1, r3
 6459 01c4 159B     		ldr	r3, [sp, #84]
ARM GAS  /tmp/ccBdscOF.s 			page 198


 6460 01c6 1A44     		add	r2, r2, r3
 6461 01c8 1D9B     		ldr	r3, [sp, #116]
 6462              	.LVL747:
 6463              	.L464:
 804:../../Middlewares/stedgeai-lib/Npu/ll_aton/ll_aton_lib_sw_operators.c ****               {
 6464              		.loc 1 804 38 is_stmt 1 discriminator 1 view .LVU1964
 6465 01ca 0E98     		ldr	r0, [sp, #56]
 6466 01cc 8045     		cmp	r8, r0
 6467 01ce E9D1     		bne	.L462
 6468              	.LBE405:
 802:../../Middlewares/stedgeai-lib/Npu/ll_aton/ll_aton_lib_sw_operators.c ****             {
 6469              		.loc 1 802 42 discriminator 2 view .LVU1965
 6470 01d0 179A     		ldr	r2, [sp, #92]
 6471 01d2 0BF1010B 		add	fp, fp, #1
 6472              	.LVL748:
 802:../../Middlewares/stedgeai-lib/Npu/ll_aton/ll_aton_lib_sw_operators.c ****             {
 6473              		.loc 1 802 42 is_stmt 0 discriminator 2 view .LVU1966
 6474 01d6 9244     		add	r10, r10, r2
 6475 01d8 149A     		ldr	r2, [sp, #80]
 6476 01da 9144     		add	r9, r9, r2
 6477              	.LVL749:
 6478              	.L465:
 802:../../Middlewares/stedgeai-lib/Npu/ll_aton/ll_aton_lib_sw_operators.c ****             {
 6479              		.loc 1 802 36 is_stmt 1 discriminator 1 view .LVU1967
 6480 01dc 0D9A     		ldr	r2, [sp, #52]
 6481 01de 9345     		cmp	fp, r2
 6482 01e0 10D0     		beq	.L463
 6483 01e2 1A9A     		ldr	r2, [sp, #104]
 6484              	.LBB408:
 804:../../Middlewares/stedgeai-lib/Npu/ll_aton/ll_aton_lib_sw_operators.c ****               {
 6485              		.loc 1 804 29 is_stmt 0 view .LVU1968
 6486 01e4 4FF00008 		mov	r8, #0
 6487 01e8 02EB0A01 		add	r1, r2, r10
 6488 01ec 0F9A     		ldr	r2, [sp, #60]
 6489 01ee 4A44     		add	r2, r2, r9
 6490 01f0 EBE7     		b	.L464
 6491              	.LVL750:
 6492              	.L471:
 804:../../Middlewares/stedgeai-lib/Npu/ll_aton/ll_aton_lib_sw_operators.c ****               {
 6493              		.loc 1 804 29 view .LVU1969
 6494 01f2 109A     		ldr	r2, [sp, #64]
 6495              	.LBE408:
 6496              	.LBE404:
 6497              	.LBE403:
 6498 01f4 B946     		mov	r9, r7
 6499 01f6 2A44     		add	r2, r2, r5
 6500              	.LBB410:
 6501              	.LBB409:
 802:../../Middlewares/stedgeai-lib/Npu/ll_aton/ll_aton_lib_sw_operators.c ****             {
 6502              		.loc 1 802 27 view .LVU1970
 6503 01f8 4FF0000B 		mov	fp, #0
 6504              	.LBE409:
 6505              	.LBE410:
 6506 01fc DDF820A0 		ldr	r10, [sp, #32]
 6507 0200 1A92     		str	r2, [sp, #104]
 6508 0202 EBE7     		b	.L465
 6509              	.LVL751:
ARM GAS  /tmp/ccBdscOF.s 			page 199


 6510              	.L463:
 798:../../Middlewares/stedgeai-lib/Npu/ll_aton/ll_aton_lib_sw_operators.c ****           {
 6511              		.loc 1 798 64 is_stmt 1 discriminator 2 view .LVU1971
 6512 0204 029A     		ldr	r2, [sp, #8]
 6513 0206 0136     		adds	r6, r6, #1
 6514              	.LVL752:
 798:../../Middlewares/stedgeai-lib/Npu/ll_aton/ll_aton_lib_sw_operators.c ****           {
 6515              		.loc 1 798 64 is_stmt 0 discriminator 2 view .LVU1972
 6516 0208 1744     		add	r7, r7, r2
 6517 020a 069A     		ldr	r2, [sp, #24]
 6518 020c 1544     		add	r5, r5, r2
 6519              	.LVL753:
 6520              	.L466:
 798:../../Middlewares/stedgeai-lib/Npu/ll_aton/ll_aton_lib_sw_operators.c ****           {
 6521              		.loc 1 798 48 is_stmt 1 discriminator 1 view .LVU1973
 6522 020e 299A     		ldr	r2, [sp, #164]
 6523 0210 9642     		cmp	r6, r2
 6524 0212 EED1     		bne	.L471
 6525              	.LBE402:
 796:../../Middlewares/stedgeai-lib/Npu/ll_aton/ll_aton_lib_sw_operators.c ****         {
 6526              		.loc 1 796 89 discriminator 2 view .LVU1974
 6527 0214 049A     		ldr	r2, [sp, #16]
 6528 0216 1899     		ldr	r1, [sp, #96]
 6529 0218 0132     		adds	r2, r2, #1
 6530 021a 0492     		str	r2, [sp, #16]
 6531              	.LVL754:
 796:../../Middlewares/stedgeai-lib/Npu/ll_aton/ll_aton_lib_sw_operators.c ****         {
 6532              		.loc 1 796 89 is_stmt 0 discriminator 2 view .LVU1975
 6533 021c 079A     		ldr	r2, [sp, #28]
 6534              	.LVL755:
 796:../../Middlewares/stedgeai-lib/Npu/ll_aton/ll_aton_lib_sw_operators.c ****         {
 6535              		.loc 1 796 89 discriminator 2 view .LVU1976
 6536 021e 0A44     		add	r2, r2, r1
 6537 0220 0792     		str	r2, [sp, #28]
 6538 0222 0599     		ldr	r1, [sp, #20]
 6539 0224 089A     		ldr	r2, [sp, #32]
 6540 0226 0A44     		add	r2, r2, r1
 6541 0228 0892     		str	r2, [sp, #32]
 6542              	.LVL756:
 6543              	.L467:
 796:../../Middlewares/stedgeai-lib/Npu/ll_aton/ll_aton_lib_sw_operators.c ****         {
 6544              		.loc 1 796 64 is_stmt 1 discriminator 1 view .LVU1977
 6545 022a 049A     		ldr	r2, [sp, #16]
 6546 022c 2899     		ldr	r1, [sp, #160]
 6547 022e 8A42     		cmp	r2, r1
 6548 0230 16D1     		bne	.L472
 6549              	.LBE401:
 794:../../Middlewares/stedgeai-lib/Npu/ll_aton/ll_aton_lib_sw_operators.c ****       {
 6550              		.loc 1 794 52 discriminator 2 view .LVU1978
 6551 0232 039A     		ldr	r2, [sp, #12]
 6552 0234 1999     		ldr	r1, [sp, #100]
 6553 0236 0132     		adds	r2, r2, #1
 6554 0238 0392     		str	r2, [sp, #12]
 6555              	.LVL757:
 794:../../Middlewares/stedgeai-lib/Npu/ll_aton/ll_aton_lib_sw_operators.c ****       {
 6556              		.loc 1 794 52 is_stmt 0 discriminator 2 view .LVU1979
 6557 023a 099A     		ldr	r2, [sp, #36]
ARM GAS  /tmp/ccBdscOF.s 			page 200


 6558              	.LVL758:
 794:../../Middlewares/stedgeai-lib/Npu/ll_aton/ll_aton_lib_sw_operators.c ****       {
 6559              		.loc 1 794 52 discriminator 2 view .LVU1980
 6560 023c 0A44     		add	r2, r2, r1
 6561 023e 0992     		str	r2, [sp, #36]
 6562 0240 1299     		ldr	r1, [sp, #72]
 6563 0242 0A9A     		ldr	r2, [sp, #40]
 6564 0244 0A44     		add	r2, r2, r1
 6565 0246 0A92     		str	r2, [sp, #40]
 6566              	.LVL759:
 6567              	.L468:
 794:../../Middlewares/stedgeai-lib/Npu/ll_aton/ll_aton_lib_sw_operators.c ****       {
 6568              		.loc 1 794 38 is_stmt 1 discriminator 1 view .LVU1981
 6569 0248 039A     		ldr	r2, [sp, #12]
 6570 024a 0199     		ldr	r1, [sp, #4]
 6571 024c 8A42     		cmp	r2, r1
 6572 024e 0BD1     		bne	.L473
 6573              	.LBE414:
 792:../../Middlewares/stedgeai-lib/Npu/ll_aton/ll_aton_lib_sw_operators.c ****     {
 6574              		.loc 1 792 34 discriminator 2 view .LVU1982
 6575 0250 0B9A     		ldr	r2, [sp, #44]
 6576 0252 1399     		ldr	r1, [sp, #76]
 6577 0254 0133     		adds	r3, r3, #1
 6578              	.LVL760:
 792:../../Middlewares/stedgeai-lib/Npu/ll_aton/ll_aton_lib_sw_operators.c ****     {
 6579              		.loc 1 792 34 is_stmt 0 discriminator 2 view .LVU1983
 6580 0256 0A44     		add	r2, r2, r1
 6581 0258 0B92     		str	r2, [sp, #44]
 6582 025a 119A     		ldr	r2, [sp, #68]
 6583 025c 1444     		add	r4, r4, r2
 6584 025e 3CE7     		b	.L454
 6585              	.LVL761:
 6586              	.L472:
 6587              	.LBB415:
 6588              	.LBB412:
 792:../../Middlewares/stedgeai-lib/Npu/ll_aton/ll_aton_lib_sw_operators.c ****     {
 6589              		.loc 1 792 34 discriminator 2 view .LVU1984
 6590 0260 0025     		movs	r5, #0
 6591 0262 079F     		ldr	r7, [sp, #28]
 6592              	.LBB411:
 798:../../Middlewares/stedgeai-lib/Npu/ll_aton/ll_aton_lib_sw_operators.c ****           {
 6593              		.loc 1 798 25 view .LVU1985
 6594 0264 2E46     		mov	r6, r5
 6595 0266 D2E7     		b	.L466
 6596              	.LVL762:
 6597              	.L473:
 798:../../Middlewares/stedgeai-lib/Npu/ll_aton/ll_aton_lib_sw_operators.c ****           {
 6598              		.loc 1 798 25 view .LVU1986
 6599              	.LBE411:
 6600              	.LBE412:
 6601 0268 0A9A     		ldr	r2, [sp, #40]
 6602              	.LVL763:
 798:../../Middlewares/stedgeai-lib/Npu/ll_aton/ll_aton_lib_sw_operators.c ****           {
 6603              		.loc 1 798 25 view .LVU1987
 6604 026a 0892     		str	r2, [sp, #32]
 6605 026c 099A     		ldr	r2, [sp, #36]
 6606 026e 0792     		str	r2, [sp, #28]
ARM GAS  /tmp/ccBdscOF.s 			page 201


 6607              	.LBB413:
 796:../../Middlewares/stedgeai-lib/Npu/ll_aton/ll_aton_lib_sw_operators.c ****         {
 6608              		.loc 1 796 23 view .LVU1988
 6609 0270 0022     		movs	r2, #0
 6610 0272 0492     		str	r2, [sp, #16]
 6611 0274 D9E7     		b	.L467
 6612              	.L479:
 6613 0276 00BF     		.align	2
 6614              	.L478:
 6615 0278 00000000 		.word	__FUNCTION__.23
 6616              	.LBE413:
 6617              	.LBE415:
 6618              	.LBE448:
 6619              		.cfi_endproc
 6620              	.LFE345:
 6622              		.section	.rodata.LL_ATON_LIB_Transpose.str1.1,"aMS",%progbits,1
 6623              	.LC45:
 6624 0000 2875696E 		.ascii	"(uint32_t)common_params->perm[output_axis] < (commo"
 6624      7433325F 
 6624      7429636F 
 6624      6D6D6F6E 
 6624      5F706172 
 6625 0033 6E5F7061 		.ascii	"n_params->rank - 1)\000"
 6625      72616D73 
 6625      2D3E7261 
 6625      6E6B202D 
 6625      20312900 
 6626              		.section	.text.LL_ATON_LIB_Transpose,"ax",%progbits
 6627              		.align	1
 6628              		.global	LL_ATON_LIB_Transpose
 6629              		.syntax unified
 6630              		.thumb
 6631              		.thumb_func
 6633              	LL_ATON_LIB_Transpose:
 6634              	.LVL764:
 6635              	.LFB355:
1048:../../Middlewares/stedgeai-lib/Npu/ll_aton/ll_aton_lib_sw_operators.c ****   if (input->ndims <= 2)
 6636              		.loc 1 1048 1 is_stmt 1 view -0
 6637              		.cfi_startproc
 6638              		@ args = 4, pretend = 0, frame = 80
 6639              		@ frame_needed = 0, uses_anonymous_args = 0
1049:../../Middlewares/stedgeai-lib/Npu/ll_aton/ll_aton_lib_sw_operators.c ****   {
 6640              		.loc 1 1049 3 view .LVU1990
1048:../../Middlewares/stedgeai-lib/Npu/ll_aton/ll_aton_lib_sw_operators.c ****   if (input->ndims <= 2)
 6641              		.loc 1 1048 1 is_stmt 0 view .LVU1991
 6642 0000 2DE9F04F 		push	{r4, r5, r6, r7, r8, r9, r10, fp, lr}
 6643              		.cfi_def_cfa_offset 36
 6644              		.cfi_offset 4, -36
 6645              		.cfi_offset 5, -32
 6646              		.cfi_offset 6, -28
 6647              		.cfi_offset 7, -24
 6648              		.cfi_offset 8, -20
 6649              		.cfi_offset 9, -16
 6650              		.cfi_offset 10, -12
 6651              		.cfi_offset 11, -8
 6652              		.cfi_offset 14, -4
 6653 0004 1D46     		mov	r5, r3
ARM GAS  /tmp/ccBdscOF.s 			page 202


1049:../../Middlewares/stedgeai-lib/Npu/ll_aton/ll_aton_lib_sw_operators.c ****   {
 6654              		.loc 1 1049 12 view .LVU1992
 6655 0006 90F82730 		ldrb	r3, [r0, #39]	@ zero_extendqisi2
 6656              	.LVL765:
1048:../../Middlewares/stedgeai-lib/Npu/ll_aton/ll_aton_lib_sw_operators.c ****   if (input->ndims <= 2)
 6657              		.loc 1 1048 1 view .LVU1993
 6658 000a 9046     		mov	r8, r2
1049:../../Middlewares/stedgeai-lib/Npu/ll_aton/ll_aton_lib_sw_operators.c ****   {
 6659              		.loc 1 1049 6 view .LVU1994
 6660 000c 022B     		cmp	r3, #2
1048:../../Middlewares/stedgeai-lib/Npu/ll_aton/ll_aton_lib_sw_operators.c ****   if (input->ndims <= 2)
 6661              		.loc 1 1048 1 view .LVU1995
 6662 000e 95B0     		sub	sp, sp, #84
 6663              		.cfi_def_cfa_offset 120
1049:../../Middlewares/stedgeai-lib/Npu/ll_aton/ll_aton_lib_sw_operators.c ****   {
 6664              		.loc 1 1049 6 view .LVU1996
 6665 0010 0AD8     		bhi	.L481
1051:../../Middlewares/stedgeai-lib/Npu/ll_aton/ll_aton_lib_sw_operators.c ****   }
 6666              		.loc 1 1051 5 is_stmt 1 view .LVU1997
 6667 0012 40F21B41 		movw	r1, #1051
 6668              	.LVL766:
1051:../../Middlewares/stedgeai-lib/Npu/ll_aton/ll_aton_lib_sw_operators.c ****   }
 6669              		.loc 1 1051 5 is_stmt 0 view .LVU1998
 6670 0016 664A     		ldr	r2, .L512
 6671              	.LVL767:
 6672              	.L509:
1056:../../Middlewares/stedgeai-lib/Npu/ll_aton/ll_aton_lib_sw_operators.c ****   }
 6673              		.loc 1 1056 5 view .LVU1999
 6674 0018 0F20     		movs	r0, #15
 6675              	.LVL768:
 6676              	.L510:
1056:../../Middlewares/stedgeai-lib/Npu/ll_aton/ll_aton_lib_sw_operators.c ****   }
 6677              		.loc 1 1056 5 view .LVU2000
 6678 001a FFF7FEFF 		bl	__ll_lib_error
 6679              	.LVL769:
1056:../../Middlewares/stedgeai-lib/Npu/ll_aton/ll_aton_lib_sw_operators.c ****   }
 6680              		.loc 1 1056 5 is_stmt 1 discriminator 1 view .LVU2001
1051:../../Middlewares/stedgeai-lib/Npu/ll_aton/ll_aton_lib_sw_operators.c ****   }
 6681              		.loc 1 1051 5 is_stmt 0 discriminator 1 view .LVU2002
 6682 001e 6FF00100 		mvn	r0, #1
 6683              	.LVL770:
 6684              	.L480:
1089:../../Middlewares/stedgeai-lib/Npu/ll_aton/ll_aton_lib_sw_operators.c **** 
 6685              		.loc 1 1089 1 view .LVU2003
 6686 0022 15B0     		add	sp, sp, #84
 6687              		.cfi_remember_state
 6688              		.cfi_def_cfa_offset 36
 6689              		@ sp needed
 6690 0024 BDE8F08F 		pop	{r4, r5, r6, r7, r8, r9, r10, fp, pc}
 6691              	.LVL771:
 6692              	.L481:
 6693              		.cfi_restore_state
1051:../../Middlewares/stedgeai-lib/Npu/ll_aton/ll_aton_lib_sw_operators.c ****   }
 6694              		.loc 1 1051 53 is_stmt 1 view .LVU2004
1054:../../Middlewares/stedgeai-lib/Npu/ll_aton/ll_aton_lib_sw_operators.c ****   {
 6695              		.loc 1 1054 3 view .LVU2005
1054:../../Middlewares/stedgeai-lib/Npu/ll_aton/ll_aton_lib_sw_operators.c ****   {
ARM GAS  /tmp/ccBdscOF.s 			page 203


 6696              		.loc 1 1054 6 is_stmt 0 view .LVU2006
 6697 0028 92F82770 		ldrb	r7, [r2, #39]	@ zero_extendqisi2
 6698 002c 9F42     		cmp	r7, r3
 6699 002e 03D0     		beq	.L483
1056:../../Middlewares/stedgeai-lib/Npu/ll_aton/ll_aton_lib_sw_operators.c ****   }
 6700              		.loc 1 1056 5 is_stmt 1 view .LVU2007
 6701 0030 4FF48461 		mov	r1, #1056
 6702              	.LVL772:
1056:../../Middlewares/stedgeai-lib/Npu/ll_aton/ll_aton_lib_sw_operators.c ****   }
 6703              		.loc 1 1056 5 is_stmt 0 view .LVU2008
 6704 0034 5E4A     		ldr	r2, .L512
 6705              	.LVL773:
1056:../../Middlewares/stedgeai-lib/Npu/ll_aton/ll_aton_lib_sw_operators.c ****   }
 6706              		.loc 1 1056 5 view .LVU2009
 6707 0036 EFE7     		b	.L509
 6708              	.LVL774:
 6709              	.L483:
1056:../../Middlewares/stedgeai-lib/Npu/ll_aton/ll_aton_lib_sw_operators.c ****   }
 6710              		.loc 1 1056 53 is_stmt 1 view .LVU2010
1059:../../Middlewares/stedgeai-lib/Npu/ll_aton/ll_aton_lib_sw_operators.c ****   { // TODO: should we support this?
 6711              		.loc 1 1059 3 view .LVU2011
1059:../../Middlewares/stedgeai-lib/Npu/ll_aton/ll_aton_lib_sw_operators.c ****   { // TODO: should we support this?
 6712              		.loc 1 1059 12 is_stmt 0 view .LVU2012
 6713 0038 90F82830 		ldrb	r3, [r0, #40]	@ zero_extendqisi2
1059:../../Middlewares/stedgeai-lib/Npu/ll_aton/ll_aton_lib_sw_operators.c ****   { // TODO: should we support this?
 6714              		.loc 1 1059 6 view .LVU2013
 6715 003c 92F82840 		ldrb	r4, [r2, #40]	@ zero_extendqisi2
 6716 0040 9C42     		cmp	r4, r3
 6717 0042 04D0     		beq	.L484
1061:../../Middlewares/stedgeai-lib/Npu/ll_aton/ll_aton_lib_sw_operators.c ****   }
 6718              		.loc 1 1061 5 is_stmt 1 view .LVU2014
 6719 0044 40F22541 		movw	r1, #1061
 6720              	.LVL775:
1061:../../Middlewares/stedgeai-lib/Npu/ll_aton/ll_aton_lib_sw_operators.c ****   }
 6721              		.loc 1 1061 5 is_stmt 0 view .LVU2015
 6722 0048 594A     		ldr	r2, .L512
 6723              	.LVL776:
 6724              	.L511:
1066:../../Middlewares/stedgeai-lib/Npu/ll_aton/ll_aton_lib_sw_operators.c ****   }
 6725              		.loc 1 1066 5 view .LVU2016
 6726 004a 0620     		movs	r0, #6
 6727              	.LVL777:
1066:../../Middlewares/stedgeai-lib/Npu/ll_aton/ll_aton_lib_sw_operators.c ****   }
 6728              		.loc 1 1066 5 view .LVU2017
 6729 004c E5E7     		b	.L510
 6730              	.LVL778:
 6731              	.L484:
1061:../../Middlewares/stedgeai-lib/Npu/ll_aton/ll_aton_lib_sw_operators.c ****   }
 6732              		.loc 1 1061 54 is_stmt 1 view .LVU2018
1064:../../Middlewares/stedgeai-lib/Npu/ll_aton/ll_aton_lib_sw_operators.c ****   {
 6733              		.loc 1 1064 3 view .LVU2019
1064:../../Middlewares/stedgeai-lib/Npu/ll_aton/ll_aton_lib_sw_operators.c ****   {
 6734              		.loc 1 1064 6 is_stmt 0 view .LVU2020
 6735 004e A4F10803 		sub	r3, r4, #8
 6736 0052 182B     		cmp	r3, #24
 6737 0054 03D9     		bls	.L485
1066:../../Middlewares/stedgeai-lib/Npu/ll_aton/ll_aton_lib_sw_operators.c ****   }
ARM GAS  /tmp/ccBdscOF.s 			page 204


 6738              		.loc 1 1066 5 is_stmt 1 view .LVU2021
 6739 0056 40F22A41 		movw	r1, #1066
 6740              	.LVL779:
1066:../../Middlewares/stedgeai-lib/Npu/ll_aton/ll_aton_lib_sw_operators.c ****   }
 6741              		.loc 1 1066 5 is_stmt 0 view .LVU2022
 6742 005a 554A     		ldr	r2, .L512
 6743              	.LVL780:
1066:../../Middlewares/stedgeai-lib/Npu/ll_aton/ll_aton_lib_sw_operators.c ****   }
 6744              		.loc 1 1066 5 view .LVU2023
 6745 005c F5E7     		b	.L511
 6746              	.LVL781:
 6747              	.L485:
1066:../../Middlewares/stedgeai-lib/Npu/ll_aton/ll_aton_lib_sw_operators.c ****   }
 6748              		.loc 1 1066 54 is_stmt 1 view .LVU2024
1069:../../Middlewares/stedgeai-lib/Npu/ll_aton/ll_aton_lib_sw_operators.c ****                                               .rank = input->ndims,
 6749              		.loc 1 1069 3 view .LVU2025
1069:../../Middlewares/stedgeai-lib/Npu/ll_aton/ll_aton_lib_sw_operators.c ****                                               .rank = input->ndims,
 6750              		.loc 1 1069 30 is_stmt 0 view .LVU2026
 6751 005e 1E9B     		ldr	r3, [sp, #120]
1074:../../Middlewares/stedgeai-lib/Npu/ll_aton/ll_aton_lib_sw_operators.c ****                                               .in_tensor = (int8_t *)LL_Buffer_addr_start(input),
 6752              		.loc 1 1074 60 view .LVU2027
 6753 0060 0734     		adds	r4, r4, #7
1071:../../Middlewares/stedgeai-lib/Npu/ll_aton/ll_aton_lib_sw_operators.c ****                                               .in_axis_off = input_axes_offsets,
 6754              		.loc 1 1071 69 view .LVU2028
 6755 0062 C66A     		ldr	r6, [r0, #44]
1069:../../Middlewares/stedgeai-lib/Npu/ll_aton/ll_aton_lib_sw_operators.c ****                                               .rank = input->ndims,
 6756              		.loc 1 1069 30 view .LVU2029
 6757 0064 0D93     		str	r3, [sp, #52]
1074:../../Middlewares/stedgeai-lib/Npu/ll_aton/ll_aton_lib_sw_operators.c ****                                               .in_tensor = (int8_t *)LL_Buffer_addr_start(input),
 6758              		.loc 1 1074 60 view .LVU2030
 6759 0066 E310     		asrs	r3, r4, #3
 6760 0068 0193     		str	r3, [sp, #4]
1069:../../Middlewares/stedgeai-lib/Npu/ll_aton/ll_aton_lib_sw_operators.c ****                                               .rank = input->ndims,
 6761              		.loc 1 1069 30 view .LVU2031
 6762 006a E308     		lsrs	r3, r4, #3
 6763 006c 0393     		str	r3, [sp, #12]
 6764 006e 8DF84430 		strb	r3, [sp, #68]
 6765 0072 CDE90E61 		strd	r6, r1, [sp, #56]
 6766 0076 0C97     		str	r7, [sp, #48]
 6767 0078 1095     		str	r5, [sp, #64]
1075:../../Middlewares/stedgeai-lib/Npu/ll_aton/ll_aton_lib_sw_operators.c ****                                               .out_tensor = (int8_t *)LL_Buffer_addr_start(output)}
 6768              		.loc 1 1075 70 view .LVU2032
 6769 007a FFF7FEFF 		bl	LL_Buffer_addr_start
 6770              	.LVL782:
1069:../../Middlewares/stedgeai-lib/Npu/ll_aton/ll_aton_lib_sw_operators.c ****                                               .rank = input->ndims,
 6771              		.loc 1 1069 30 view .LVU2033
 6772 007e 1290     		str	r0, [sp, #72]
1076:../../Middlewares/stedgeai-lib/Npu/ll_aton/ll_aton_lib_sw_operators.c **** 
 6773              		.loc 1 1076 71 view .LVU2034
 6774 0080 4046     		mov	r0, r8
 6775 0082 FFF7FEFF 		bl	LL_Buffer_addr_start
 6776              	.LVL783:
1078:../../Middlewares/stedgeai-lib/Npu/ll_aton/ll_aton_lib_sw_operators.c ****   {
 6777              		.loc 1 1078 6 view .LVU2035
 6778 0086 042F     		cmp	r7, #4
1069:../../Middlewares/stedgeai-lib/Npu/ll_aton/ll_aton_lib_sw_operators.c ****                                               .rank = input->ndims,
 6779              		.loc 1 1069 30 view .LVU2036
ARM GAS  /tmp/ccBdscOF.s 			page 205


 6780 0088 1390     		str	r0, [sp, #76]
1078:../../Middlewares/stedgeai-lib/Npu/ll_aton/ll_aton_lib_sw_operators.c ****   {
 6781              		.loc 1 1078 3 is_stmt 1 view .LVU2037
 6782              	.LBB469:
 6783              	.LBB470:
1004:../../Middlewares/stedgeai-lib/Npu/ll_aton/ll_aton_lib_sw_operators.c ****   uint32_t out_axes_offset = common_params->out_axis_off[inner_out_axis];
 6784              		.loc 1 1004 29 is_stmt 0 view .LVU2038
 6785 008a 0CA8     		add	r0, sp, #48
 6786              	.LBE470:
 6787              	.LBE469:
1078:../../Middlewares/stedgeai-lib/Npu/ll_aton/ll_aton_lib_sw_operators.c ****   {
 6788              		.loc 1 1078 6 view .LVU2039
 6789 008c 00F28780 		bhi	.L486
1080:../../Middlewares/stedgeai-lib/Npu/ll_aton/ll_aton_lib_sw_operators.c ****   }
 6790              		.loc 1 1080 5 is_stmt 1 view .LVU2040
 6791              	.LVL784:
 6792              	.LBB522:
 6793              	.LBI469:
1001:../../Middlewares/stedgeai-lib/Npu/ll_aton/ll_aton_lib_sw_operators.c **** {
 6794              		.loc 1 1001 13 view .LVU2041
 6795              	.LBB520:
1003:../../Middlewares/stedgeai-lib/Npu/ll_aton/ll_aton_lib_sw_operators.c ****   uint32_t inner_out_axis = __ll_transp_get_inner_out_axis(common_params);
 6796              		.loc 1 1003 3 view .LVU2042
1004:../../Middlewares/stedgeai-lib/Npu/ll_aton/ll_aton_lib_sw_operators.c ****   uint32_t out_axes_offset = common_params->out_axis_off[inner_out_axis];
 6797              		.loc 1 1004 3 view .LVU2043
1004:../../Middlewares/stedgeai-lib/Npu/ll_aton/ll_aton_lib_sw_operators.c ****   uint32_t out_axes_offset = common_params->out_axis_off[inner_out_axis];
 6798              		.loc 1 1004 29 is_stmt 0 view .LVU2044
 6799 0090 FFF7FEFF 		bl	__ll_transp_get_inner_out_axis
 6800              	.LVL785:
1005:../../Middlewares/stedgeai-lib/Npu/ll_aton/ll_aton_lib_sw_operators.c ****   const uint8_t byte_size = common_params->byte_size;
 6801              		.loc 1 1005 12 view .LVU2045
 6802 0094 55F82030 		ldr	r3, [r5, r0, lsl #2]
1008:../../Middlewares/stedgeai-lib/Npu/ll_aton/ll_aton_lib_sw_operators.c ****   uint32_t size_c = (common_params->rank == 4) ? common_params->in_shape_aton[1] : common_params->i
 6803              		.loc 1 1008 82 view .LVU2046
 6804 0098 042F     		cmp	r7, #4
1005:../../Middlewares/stedgeai-lib/Npu/ll_aton/ll_aton_lib_sw_operators.c ****   const uint8_t byte_size = common_params->byte_size;
 6805              		.loc 1 1005 12 view .LVU2047
 6806 009a 0593     		str	r3, [sp, #20]
1009:../../Middlewares/stedgeai-lib/Npu/ll_aton/ll_aton_lib_sw_operators.c ****   uint32_t size_h = (common_params->rank == 4) ? common_params->in_shape_aton[2] : common_params->i
 6807              		.loc 1 1009 82 discriminator 2 view .LVU2048
 6808 009c 3368     		ldr	r3, [r6]
 6809              	.LBB471:
1013:../../Middlewares/stedgeai-lib/Npu/ll_aton/ll_aton_lib_sw_operators.c ****   {
 6810              		.loc 1 1013 17 view .LVU2049
 6811 009e 4FF00004 		mov	r4, #0
 6812              	.LBE471:
1011:../../Middlewares/stedgeai-lib/Npu/ll_aton/ll_aton_lib_sw_operators.c **** 
 6813              		.loc 1 1011 82 discriminator 2 view .LVU2050
 6814 00a2 D6E90185 		ldrd	r8, r5, [r6, #4]
 6815              	.LVL786:
1009:../../Middlewares/stedgeai-lib/Npu/ll_aton/ll_aton_lib_sw_operators.c ****   uint32_t size_h = (common_params->rank == 4) ? common_params->in_shape_aton[2] : common_params->i
 6816              		.loc 1 1009 82 discriminator 2 view .LVU2051
 6817 00a6 0293     		str	r3, [sp, #8]
1008:../../Middlewares/stedgeai-lib/Npu/ll_aton/ll_aton_lib_sw_operators.c ****   uint32_t size_c = (common_params->rank == 4) ? common_params->in_shape_aton[1] : common_params->i
 6818              		.loc 1 1008 82 discriminator 2 view .LVU2052
 6819 00a8 13BF     		iteet	ne
 6820 00aa 0123     		movne	r3, #1
ARM GAS  /tmp/ccBdscOF.s 			page 206


1008:../../Middlewares/stedgeai-lib/Npu/ll_aton/ll_aton_lib_sw_operators.c ****   uint32_t size_c = (common_params->rank == 4) ? common_params->in_shape_aton[1] : common_params->i
 6821              		.loc 1 1008 82 discriminator 1 view .LVU2053
 6822 00ac 0693     		streq	r3, [sp, #24]
1009:../../Middlewares/stedgeai-lib/Npu/ll_aton/ll_aton_lib_sw_operators.c ****   uint32_t size_h = (common_params->rank == 4) ? common_params->in_shape_aton[2] : common_params->i
 6823              		.loc 1 1009 82 discriminator 1 view .LVU2054
 6824 00ae CDF80880 		streq	r8, [sp, #8]
1008:../../Middlewares/stedgeai-lib/Npu/ll_aton/ll_aton_lib_sw_operators.c ****   uint32_t size_c = (common_params->rank == 4) ? common_params->in_shape_aton[1] : common_params->i
 6825              		.loc 1 1008 82 discriminator 2 view .LVU2055
 6826 00b2 0693     		strne	r3, [sp, #24]
1010:../../Middlewares/stedgeai-lib/Npu/ll_aton/ll_aton_lib_sw_operators.c ****   uint32_t size_w = (common_params->rank == 4) ? common_params->in_shape_aton[3] : common_params->i
 6827              		.loc 1 1010 82 discriminator 1 view .LVU2056
 6828 00b4 08BF     		it	eq
 6829 00b6 A846     		moveq	r8, r5
 6830              	.LBB517:
 6831              	.LBB472:
 6832              	.LBB473:
 6833              	.LBB474:
 6834              	.LBB475:
1038:../../Middlewares/stedgeai-lib/Npu/ll_aton/ll_aton_lib_sw_operators.c ****           memcpy(base_out_target, base_in_target, size_in_bytes);
 6835              		.loc 1 1038 20 view .LVU2057
 6836 00b8 019B     		ldr	r3, [sp, #4]
 6837              	.LBE475:
 6838              	.LBE474:
 6839              	.LBE473:
 6840              	.LBE472:
 6841              	.LBE517:
1011:../../Middlewares/stedgeai-lib/Npu/ll_aton/ll_aton_lib_sw_operators.c **** 
 6842              		.loc 1 1011 82 discriminator 1 view .LVU2058
 6843 00ba 08BF     		it	eq
 6844 00bc F568     		ldreq	r5, [r6, #12]
1004:../../Middlewares/stedgeai-lib/Npu/ll_aton/ll_aton_lib_sw_operators.c ****   uint32_t out_axes_offset = common_params->out_axis_off[inner_out_axis];
 6845              		.loc 1 1004 29 view .LVU2059
 6846 00be 0490     		str	r0, [sp, #16]
 6847              	.LVL787:
1005:../../Middlewares/stedgeai-lib/Npu/ll_aton/ll_aton_lib_sw_operators.c ****   const uint8_t byte_size = common_params->byte_size;
 6848              		.loc 1 1005 3 is_stmt 1 view .LVU2060
1006:../../Middlewares/stedgeai-lib/Npu/ll_aton/ll_aton_lib_sw_operators.c **** 
 6849              		.loc 1 1006 3 view .LVU2061
1008:../../Middlewares/stedgeai-lib/Npu/ll_aton/ll_aton_lib_sw_operators.c ****   uint32_t size_c = (common_params->rank == 4) ? common_params->in_shape_aton[1] : common_params->i
 6850              		.loc 1 1008 3 view .LVU2062
1009:../../Middlewares/stedgeai-lib/Npu/ll_aton/ll_aton_lib_sw_operators.c ****   uint32_t size_h = (common_params->rank == 4) ? common_params->in_shape_aton[2] : common_params->i
 6851              		.loc 1 1009 3 view .LVU2063
1010:../../Middlewares/stedgeai-lib/Npu/ll_aton/ll_aton_lib_sw_operators.c ****   uint32_t size_w = (common_params->rank == 4) ? common_params->in_shape_aton[3] : common_params->i
 6852              		.loc 1 1010 3 view .LVU2064
1011:../../Middlewares/stedgeai-lib/Npu/ll_aton/ll_aton_lib_sw_operators.c **** 
 6853              		.loc 1 1011 3 view .LVU2065
1013:../../Middlewares/stedgeai-lib/Npu/ll_aton/ll_aton_lib_sw_operators.c ****   {
 6854              		.loc 1 1013 3 view .LVU2066
 6855              	.LBB518:
1013:../../Middlewares/stedgeai-lib/Npu/ll_aton/ll_aton_lib_sw_operators.c ****   {
 6856              		.loc 1 1013 8 view .LVU2067
 6857              	.LBB514:
 6858              	.LBB511:
 6859              	.LBB508:
 6860              	.LBB476:
1038:../../Middlewares/stedgeai-lib/Npu/ll_aton/ll_aton_lib_sw_operators.c ****           memcpy(base_out_target, base_in_target, size_in_bytes);
 6861              		.loc 1 1038 20 is_stmt 0 view .LVU2068
ARM GAS  /tmp/ccBdscOF.s 			page 207


 6862 00c0 6B43     		muls	r3, r5, r3
 6863 00c2 0793     		str	r3, [sp, #28]
 6864              	.LVL788:
 6865              	.L488:
1038:../../Middlewares/stedgeai-lib/Npu/ll_aton/ll_aton_lib_sw_operators.c ****           memcpy(base_out_target, base_in_target, size_in_bytes);
 6866              		.loc 1 1038 20 view .LVU2069
 6867              	.LBE476:
 6868              	.LBE508:
 6869              	.LBE511:
 6870              	.LBE514:
1013:../../Middlewares/stedgeai-lib/Npu/ll_aton/ll_aton_lib_sw_operators.c ****   {
 6871              		.loc 1 1013 38 is_stmt 1 discriminator 1 view .LVU2070
 6872 00c4 069B     		ldr	r3, [sp, #24]
 6873 00c6 A342     		cmp	r3, r4
 6874 00c8 67D1     		bne	.L508
 6875              	.LVL789:
 6876              	.L504:
1013:../../Middlewares/stedgeai-lib/Npu/ll_aton/ll_aton_lib_sw_operators.c ****   {
 6877              		.loc 1 1013 38 is_stmt 0 discriminator 1 view .LVU2071
 6878              	.LBE518:
 6879              	.LBE520:
 6880              	.LBE522:
1088:../../Middlewares/stedgeai-lib/Npu/ll_aton/ll_aton_lib_sw_operators.c **** }
 6881              		.loc 1 1088 10 view .LVU2072
 6882 00ca 0020     		movs	r0, #0
 6883 00cc A9E7     		b	.L480
 6884              	.LVL790:
 6885              	.L500:
 6886              	.LBB523:
 6887              	.LBB521:
 6888              	.LBB519:
 6889              	.LBB515:
 6890              	.LBB512:
 6891              	.LBB509:
1019:../../Middlewares/stedgeai-lib/Npu/ll_aton/ll_aton_lib_sw_operators.c ****         uint32_t *indexes = (common_params->rank == 4) ? &indexes_array[0] : &indexes_array[1];
 6892              		.loc 1 1019 9 is_stmt 1 view .LVU2073
1020:../../Middlewares/stedgeai-lib/Npu/ll_aton/ll_aton_lib_sw_operators.c **** 
 6893              		.loc 1 1020 43 is_stmt 0 view .LVU2074
 6894 00ce 0C9B     		ldr	r3, [sp, #48]
1020:../../Middlewares/stedgeai-lib/Npu/ll_aton/ll_aton_lib_sw_operators.c **** 
 6895              		.loc 1 1020 76 discriminator 1 view .LVU2075
 6896 00d0 09A9     		add	r1, sp, #36
1020:../../Middlewares/stedgeai-lib/Npu/ll_aton/ll_aton_lib_sw_operators.c **** 
 6897              		.loc 1 1020 76 view .LVU2076
 6898 00d2 042B     		cmp	r3, #4
1020:../../Middlewares/stedgeai-lib/Npu/ll_aton/ll_aton_lib_sw_operators.c **** 
 6899              		.loc 1 1020 76 discriminator 1 view .LVU2077
 6900 00d4 0AAA     		add	r2, sp, #40
 6901 00d6 0CBF     		ite	eq
 6902 00d8 8C46     		moveq	ip, r1
 6903 00da 9446     		movne	ip, r2
 6904              	.LBB477:
 6905              	.LBB478:
 6906              	.LBB479:
 962:../../Middlewares/stedgeai-lib/Npu/ll_aton/ll_aton_lib_sw_operators.c ****   {
 6907              		.loc 1 962 17 view .LVU2078
 6908 00dc 0021     		movs	r1, #0
ARM GAS  /tmp/ccBdscOF.s 			page 208


 6909              	.LBE479:
 6910              	.LBE478:
 6911              	.LBE477:
1019:../../Middlewares/stedgeai-lib/Npu/ll_aton/ll_aton_lib_sw_operators.c ****         uint32_t *indexes = (common_params->rank == 4) ? &indexes_array[0] : &indexes_array[1];
 6912              		.loc 1 1019 18 view .LVU2079
 6913 00de CDE90946 		strd	r4, r6, [sp, #36]
 6914              	.LBB491:
 6915              	.LBB488:
 960:../../Middlewares/stedgeai-lib/Npu/ll_aton/ll_aton_lib_sw_operators.c **** 
 6916              		.loc 1 960 11 view .LVU2080
 6917 00e2 DDF84CB0 		ldr	fp, [sp, #76]
 6918              	.LBB485:
 6919              	.LBB480:
 967:../../Middlewares/stedgeai-lib/Npu/ll_aton/ll_aton_lib_sw_operators.c **** 
 6920              		.loc 1 967 5 view .LVU2081
 6921 00e6 DDF83490 		ldr	r9, [sp, #52]
 970:../../Middlewares/stedgeai-lib/Npu/ll_aton/ll_aton_lib_sw_operators.c ****     target += (input_index * axis_size);
 6922              		.loc 1 970 39 view .LVU2082
 6923 00ea DDF840A0 		ldr	r10, [sp, #64]
 6924              	.LBE480:
 6925              	.LBE485:
 6926              	.LBE488:
 6927              	.LBE491:
1019:../../Middlewares/stedgeai-lib/Npu/ll_aton/ll_aton_lib_sw_operators.c ****         uint32_t *indexes = (common_params->rank == 4) ? &indexes_array[0] : &indexes_array[1];
 6928              		.loc 1 1019 18 view .LVU2083
 6929 00ee 0B97     		str	r7, [sp, #44]
1020:../../Middlewares/stedgeai-lib/Npu/ll_aton/ll_aton_lib_sw_operators.c **** 
 6930              		.loc 1 1020 9 is_stmt 1 view .LVU2084
 6931              	.LVL791:
1022:../../Middlewares/stedgeai-lib/Npu/ll_aton/ll_aton_lib_sw_operators.c ****         int8_t *base_in_target = __ll_transp_get_input_base_pos_3or4(common_params, indexes);
 6932              		.loc 1 1022 9 view .LVU2085
 6933              	.LBB492:
 6934              	.LBI477:
 957:../../Middlewares/stedgeai-lib/Npu/ll_aton/ll_aton_lib_sw_operators.c ****                                                            const __ll_transp_params_t *common_param
 6935              		.loc 1 957 23 view .LVU2086
 6936              	.LBB489:
 960:../../Middlewares/stedgeai-lib/Npu/ll_aton/ll_aton_lib_sw_operators.c **** 
 6937              		.loc 1 960 3 view .LVU2087
 962:../../Middlewares/stedgeai-lib/Npu/ll_aton/ll_aton_lib_sw_operators.c ****   {
 6938              		.loc 1 962 3 view .LVU2088
 6939              	.LBB486:
 962:../../Middlewares/stedgeai-lib/Npu/ll_aton/ll_aton_lib_sw_operators.c ****   {
 6940              		.loc 1 962 8 view .LVU2089
 6941              	.LBB483:
 967:../../Middlewares/stedgeai-lib/Npu/ll_aton/ll_aton_lib_sw_operators.c **** 
 6942              		.loc 1 967 5 is_stmt 0 view .LVU2090
 6943 00f0 03F1FF3E 		add	lr, r3, #-1
 6944 00f4 581C     		adds	r0, r3, #1
 6945              	.LVL792:
 6946              	.L490:
 967:../../Middlewares/stedgeai-lib/Npu/ll_aton/ll_aton_lib_sw_operators.c **** 
 6947              		.loc 1 967 5 view .LVU2091
 6948              	.LBE483:
 962:../../Middlewares/stedgeai-lib/Npu/ll_aton/ll_aton_lib_sw_operators.c ****   {
 6949              		.loc 1 962 46 is_stmt 1 discriminator 1 view .LVU2092
 6950 00f6 0138     		subs	r0, r0, #1
 6951 00f8 1DD1     		bne	.L493
ARM GAS  /tmp/ccBdscOF.s 			page 209


 962:../../Middlewares/stedgeai-lib/Npu/ll_aton/ll_aton_lib_sw_operators.c ****   {
 6952              		.loc 1 962 46 is_stmt 0 discriminator 1 view .LVU2093
 6953              	.LBE486:
 974:../../Middlewares/stedgeai-lib/Npu/ll_aton/ll_aton_lib_sw_operators.c **** }
 6954              		.loc 1 974 3 is_stmt 1 view .LVU2094
 6955              	.LVL793:
 974:../../Middlewares/stedgeai-lib/Npu/ll_aton/ll_aton_lib_sw_operators.c **** }
 6956              		.loc 1 974 3 is_stmt 0 view .LVU2095
 6957              	.LBE489:
 6958              	.LBE492:
1023:../../Middlewares/stedgeai-lib/Npu/ll_aton/ll_aton_lib_sw_operators.c **** 
 6959              		.loc 1 1023 9 is_stmt 1 view .LVU2096
 6960              	.LBB493:
 6961              	.LBI493:
 977:../../Middlewares/stedgeai-lib/Npu/ll_aton/ll_aton_lib_sw_operators.c **** {
 6962              		.loc 1 977 16 view .LVU2097
 6963              	.LBB494:
 979:../../Middlewares/stedgeai-lib/Npu/ll_aton/ll_aton_lib_sw_operators.c **** 
 6964              		.loc 1 979 3 view .LVU2098
 6965              	.LBB495:
 981:../../Middlewares/stedgeai-lib/Npu/ll_aton/ll_aton_lib_sw_operators.c ****   {
 6966              		.loc 1 981 17 is_stmt 0 view .LVU2099
 6967 00fa 0EF1010E 		add	lr, lr, #1
 6968 00fe 4FF00009 		mov	r9, #0
 6969 0102 4EF001E0 		dls	lr, lr
 6970              	.LBE495:
 979:../../Middlewares/stedgeai-lib/Npu/ll_aton/ll_aton_lib_sw_operators.c **** 
 6971              		.loc 1 979 17 view .LVU2100
 6972 0106 1299     		ldr	r1, [sp, #72]
 6973              	.LVL794:
 981:../../Middlewares/stedgeai-lib/Npu/ll_aton/ll_aton_lib_sw_operators.c ****   {
 6974              		.loc 1 981 3 is_stmt 1 view .LVU2101
 6975              	.LBB499:
 981:../../Middlewares/stedgeai-lib/Npu/ll_aton/ll_aton_lib_sw_operators.c ****   {
 6976              		.loc 1 981 8 view .LVU2102
 6977              	.LBB496:
 983:../../Middlewares/stedgeai-lib/Npu/ll_aton/ll_aton_lib_sw_operators.c ****     target += (indexes[axis] * axis_size);
 6978              		.loc 1 983 39 is_stmt 0 view .LVU2103
 6979 0108 0F9B     		ldr	r3, [sp, #60]
 6980              	.LVL795:
 6981              	.L494:
 983:../../Middlewares/stedgeai-lib/Npu/ll_aton/ll_aton_lib_sw_operators.c ****     target += (indexes[axis] * axis_size);
 6982              		.loc 1 983 39 view .LVU2104
 6983              	.LBE496:
 981:../../Middlewares/stedgeai-lib/Npu/ll_aton/ll_aton_lib_sw_operators.c ****   {
 6984              		.loc 1 981 32 is_stmt 1 discriminator 1 view .LVU2105
 6985 010a BEF1010E 		subs	lr, #1;bne	.L495
 6985      28D1
 981:../../Middlewares/stedgeai-lib/Npu/ll_aton/ll_aton_lib_sw_operators.c ****   {
 6986              		.loc 1 981 32 is_stmt 0 discriminator 1 view .LVU2106
 6987              	.LBE499:
 987:../../Middlewares/stedgeai-lib/Npu/ll_aton/ll_aton_lib_sw_operators.c **** }
 6988              		.loc 1 987 3 is_stmt 1 view .LVU2107
 6989              	.LVL796:
 987:../../Middlewares/stedgeai-lib/Npu/ll_aton/ll_aton_lib_sw_operators.c **** }
 6990              		.loc 1 987 3 is_stmt 0 view .LVU2108
 6991              	.LBE494:
ARM GAS  /tmp/ccBdscOF.s 			page 210


 6992              	.LBE493:
1025:../../Middlewares/stedgeai-lib/Npu/ll_aton/ll_aton_lib_sw_operators.c ****         {
 6993              		.loc 1 1025 9 is_stmt 1 view .LVU2109
1025:../../Middlewares/stedgeai-lib/Npu/ll_aton/ll_aton_lib_sw_operators.c ****         {
 6994              		.loc 1 1025 12 is_stmt 0 view .LVU2110
 6995 0110 059B     		ldr	r3, [sp, #20]
 6996 0112 019A     		ldr	r2, [sp, #4]
 6997 0114 9342     		cmp	r3, r2
 6998 0116 39D0     		beq	.L496
 6999 0118 DA46     		mov	r10, fp
 7000              	.LBB502:
1027:../../Middlewares/stedgeai-lib/Npu/ll_aton/ll_aton_lib_sw_operators.c ****           {
 7001              		.loc 1 1027 25 view .LVU2111
 7002 011a 4FF00009 		mov	r9, #0
 7003 011e 8B46     		mov	fp, r1
 7004              	.LVL797:
 7005              	.L497:
1027:../../Middlewares/stedgeai-lib/Npu/ll_aton/ll_aton_lib_sw_operators.c ****           {
 7006              		.loc 1 1027 46 is_stmt 1 discriminator 1 view .LVU2112
 7007 0120 A945     		cmp	r9, r5
 7008 0122 27D1     		bne	.L498
 7009              	.LVL798:
 7010              	.L499:
1027:../../Middlewares/stedgeai-lib/Npu/ll_aton/ll_aton_lib_sw_operators.c ****           {
 7011              		.loc 1 1027 46 is_stmt 0 discriminator 1 view .LVU2113
 7012              	.LBE502:
 7013              	.LBE509:
1017:../../Middlewares/stedgeai-lib/Npu/ll_aton/ll_aton_lib_sw_operators.c ****       {
 7014              		.loc 1 1017 59 is_stmt 1 discriminator 2 view .LVU2114
 7015 0124 0137     		adds	r7, r7, #1
 7016              	.LVL799:
 7017              	.L501:
1017:../../Middlewares/stedgeai-lib/Npu/ll_aton/ll_aton_lib_sw_operators.c ****       {
 7018              		.loc 1 1017 42 discriminator 1 view .LVU2115
 7019 0126 B845     		cmp	r8, r7
 7020 0128 D1D1     		bne	.L500
 7021              	.LBE512:
1015:../../Middlewares/stedgeai-lib/Npu/ll_aton/ll_aton_lib_sw_operators.c ****     {
 7022              		.loc 1 1015 57 discriminator 2 view .LVU2116
 7023 012a 0136     		adds	r6, r6, #1
 7024              	.LVL800:
 7025              	.L502:
1015:../../Middlewares/stedgeai-lib/Npu/ll_aton/ll_aton_lib_sw_operators.c ****     {
 7026              		.loc 1 1015 40 discriminator 1 view .LVU2117
 7027 012c 029B     		ldr	r3, [sp, #8]
 7028 012e B342     		cmp	r3, r6
 7029 0130 31D1     		bne	.L507
 7030              	.LBE515:
1013:../../Middlewares/stedgeai-lib/Npu/ll_aton/ll_aton_lib_sw_operators.c ****   {
 7031              		.loc 1 1013 55 discriminator 2 view .LVU2118
 7032 0132 0134     		adds	r4, r4, #1
 7033              	.LVL801:
1013:../../Middlewares/stedgeai-lib/Npu/ll_aton/ll_aton_lib_sw_operators.c ****   {
 7034              		.loc 1 1013 55 is_stmt 0 discriminator 2 view .LVU2119
 7035 0134 C6E7     		b	.L488
 7036              	.LVL802:
 7037              	.L493:
ARM GAS  /tmp/ccBdscOF.s 			page 211


 7038              	.LBB516:
 7039              	.LBB513:
 7040              	.LBB510:
 7041              	.LBB504:
 7042              	.LBB490:
 7043              	.LBB487:
 7044              	.LBB484:
 964:../../Middlewares/stedgeai-lib/Npu/ll_aton/ll_aton_lib_sw_operators.c ****       continue;
 7045              		.loc 1 964 5 is_stmt 1 view .LVU2120
 964:../../Middlewares/stedgeai-lib/Npu/ll_aton/ll_aton_lib_sw_operators.c ****       continue;
 7046              		.loc 1 964 8 is_stmt 0 view .LVU2121
 7047 0136 049A     		ldr	r2, [sp, #16]
 7048 0138 8A42     		cmp	r2, r1
 7049 013a 10D0     		beq	.L491
 967:../../Middlewares/stedgeai-lib/Npu/ll_aton/ll_aton_lib_sw_operators.c **** 
 7050              		.loc 1 967 5 is_stmt 1 view .LVU2122
 7051 013c 19F80120 		ldrb	r2, [r9, r1]	@ zero_extendqisi2
 7052 0140 9645     		cmp	lr, r2
 7053 0142 06D8     		bhi	.L492
 967:../../Middlewares/stedgeai-lib/Npu/ll_aton/ll_aton_lib_sw_operators.c **** 
 7054              		.loc 1 967 5 is_stmt 0 discriminator 1 view .LVU2123
 7055 0144 40F2C731 		movw	r1, #967
 7056              	.LVL803:
 967:../../Middlewares/stedgeai-lib/Npu/ll_aton/ll_aton_lib_sw_operators.c **** 
 7057              		.loc 1 967 5 discriminator 1 view .LVU2124
 7058 0148 1A4B     		ldr	r3, .L512+4
 7059 014a 1B4A     		ldr	r2, .L512+8
 7060 014c 1B48     		ldr	r0, .L512+12
 7061 014e FFF7FEFF 		bl	__assert_func
 7062              	.LVL804:
 7063              	.L492:
 969:../../Middlewares/stedgeai-lib/Npu/ll_aton/ll_aton_lib_sw_operators.c ****     uint32_t axis_size = common_params->out_axis_off[output_axis];
 7064              		.loc 1 969 5 is_stmt 1 view .LVU2125
 7065              	.LBB481:
 7066              	.LBI481:
 951:../../Middlewares/stedgeai-lib/Npu/ll_aton/ll_aton_lib_sw_operators.c **** {
 7067              		.loc 1 951 24 view .LVU2126
 7068              	.LBB482:
 953:../../Middlewares/stedgeai-lib/Npu/ll_aton/ll_aton_lib_sw_operators.c ****   return indexes[input_axis];
 7069              		.loc 1 953 3 view .LVU2127
 954:../../Middlewares/stedgeai-lib/Npu/ll_aton/ll_aton_lib_sw_operators.c **** }
 7070              		.loc 1 954 3 view .LVU2128
 954:../../Middlewares/stedgeai-lib/Npu/ll_aton/ll_aton_lib_sw_operators.c **** }
 7071              		.loc 1 954 3 is_stmt 0 view .LVU2129
 7072              	.LBE482:
 7073              	.LBE481:
 970:../../Middlewares/stedgeai-lib/Npu/ll_aton/ll_aton_lib_sw_operators.c ****     target += (input_index * axis_size);
 7074              		.loc 1 970 5 is_stmt 1 view .LVU2130
 971:../../Middlewares/stedgeai-lib/Npu/ll_aton/ll_aton_lib_sw_operators.c ****   }
 7075              		.loc 1 971 5 view .LVU2131
 971:../../Middlewares/stedgeai-lib/Npu/ll_aton/ll_aton_lib_sw_operators.c ****   }
 7076              		.loc 1 971 28 is_stmt 0 view .LVU2132
 7077 0152 5CF82220 		ldr	r2, [ip, r2, lsl #2]
 7078              	.LVL805:
 971:../../Middlewares/stedgeai-lib/Npu/ll_aton/ll_aton_lib_sw_operators.c ****   }
 7079              		.loc 1 971 12 view .LVU2133
 7080 0156 5AF82130 		ldr	r3, [r10, r1, lsl #2]
ARM GAS  /tmp/ccBdscOF.s 			page 212


 7081 015a 03FB02BB 		mla	fp, r3, r2, fp
 7082              	.LVL806:
 7083              	.L491:
 971:../../Middlewares/stedgeai-lib/Npu/ll_aton/ll_aton_lib_sw_operators.c ****   }
 7084              		.loc 1 971 12 view .LVU2134
 7085              	.LBE484:
 962:../../Middlewares/stedgeai-lib/Npu/ll_aton/ll_aton_lib_sw_operators.c ****   {
 7086              		.loc 1 962 80 is_stmt 1 discriminator 2 view .LVU2135
 7087 015e 0131     		adds	r1, r1, #1
 7088              	.LVL807:
 962:../../Middlewares/stedgeai-lib/Npu/ll_aton/ll_aton_lib_sw_operators.c ****   {
 7089              		.loc 1 962 80 is_stmt 0 discriminator 2 view .LVU2136
 7090 0160 C9E7     		b	.L490
 7091              	.LVL808:
 7092              	.L495:
 962:../../Middlewares/stedgeai-lib/Npu/ll_aton/ll_aton_lib_sw_operators.c ****   {
 7093              		.loc 1 962 80 discriminator 2 view .LVU2137
 7094              	.LBE487:
 7095              	.LBE490:
 7096              	.LBE504:
 7097              	.LBB505:
 7098              	.LBB501:
 7099              	.LBB500:
 7100              	.LBB497:
 983:../../Middlewares/stedgeai-lib/Npu/ll_aton/ll_aton_lib_sw_operators.c ****     target += (indexes[axis] * axis_size);
 7101              		.loc 1 983 5 is_stmt 1 view .LVU2138
 984:../../Middlewares/stedgeai-lib/Npu/ll_aton/ll_aton_lib_sw_operators.c ****   }
 7102              		.loc 1 984 5 view .LVU2139
 984:../../Middlewares/stedgeai-lib/Npu/ll_aton/ll_aton_lib_sw_operators.c ****   }
 7103              		.loc 1 984 30 is_stmt 0 view .LVU2140
 7104 0162 5CF82920 		ldr	r2, [ip, r9, lsl #2]
 984:../../Middlewares/stedgeai-lib/Npu/ll_aton/ll_aton_lib_sw_operators.c ****   }
 7105              		.loc 1 984 12 view .LVU2141
 7106 0166 53F82900 		ldr	r0, [r3, r9, lsl #2]
 7107              	.LBE497:
 981:../../Middlewares/stedgeai-lib/Npu/ll_aton/ll_aton_lib_sw_operators.c ****   {
 7108              		.loc 1 981 65 discriminator 3 view .LVU2142
 7109 016a 09F10109 		add	r9, r9, #1
 7110              	.LVL809:
 7111              	.LBB498:
 984:../../Middlewares/stedgeai-lib/Npu/ll_aton/ll_aton_lib_sw_operators.c ****   }
 7112              		.loc 1 984 12 view .LVU2143
 7113 016e 02FB0011 		mla	r1, r2, r0, r1
 7114              	.LVL810:
 984:../../Middlewares/stedgeai-lib/Npu/ll_aton/ll_aton_lib_sw_operators.c ****   }
 7115              		.loc 1 984 12 view .LVU2144
 7116              	.LBE498:
 981:../../Middlewares/stedgeai-lib/Npu/ll_aton/ll_aton_lib_sw_operators.c ****   {
 7117              		.loc 1 981 65 is_stmt 1 discriminator 3 view .LVU2145
 7118 0172 CAE7     		b	.L494
 7119              	.LVL811:
 7120              	.L498:
 981:../../Middlewares/stedgeai-lib/Npu/ll_aton/ll_aton_lib_sw_operators.c ****   {
 7121              		.loc 1 981 65 is_stmt 0 discriminator 3 view .LVU2146
 7122              	.LBE500:
 7123              	.LBE501:
 7124              	.LBE505:
ARM GAS  /tmp/ccBdscOF.s 			page 213


 7125              	.LBB506:
 7126              	.LBB503:
1030:../../Middlewares/stedgeai-lib/Npu/ll_aton/ll_aton_lib_sw_operators.c ****             int8_t *out_target = base_out_target + (index_w * out_axes_offset);
 7127              		.loc 1 1030 13 is_stmt 1 view .LVU2147
1031:../../Middlewares/stedgeai-lib/Npu/ll_aton/ll_aton_lib_sw_operators.c **** 
 7128              		.loc 1 1031 13 view .LVU2148
1033:../../Middlewares/stedgeai-lib/Npu/ll_aton/ll_aton_lib_sw_operators.c ****           }
 7129              		.loc 1 1033 13 view .LVU2149
 7130 0174 5A46     		mov	r2, fp
 7131 0176 5146     		mov	r1, r10
 7132 0178 0398     		ldr	r0, [sp, #12]
 7133 017a FFF7FEFF 		bl	__ll_aton_lib_copy_element.isra.0
 7134              	.LVL812:
 7135              	.LBE503:
1027:../../Middlewares/stedgeai-lib/Npu/ll_aton/ll_aton_lib_sw_operators.c ****           {
 7136              		.loc 1 1027 63 discriminator 3 view .LVU2150
 7137 017e 059B     		ldr	r3, [sp, #20]
 7138 0180 09F10109 		add	r9, r9, #1
 7139              	.LVL813:
1027:../../Middlewares/stedgeai-lib/Npu/ll_aton/ll_aton_lib_sw_operators.c ****           {
 7140              		.loc 1 1027 63 is_stmt 0 discriminator 3 view .LVU2151
 7141 0184 9A44     		add	r10, r10, r3
 7142              	.LVL814:
1027:../../Middlewares/stedgeai-lib/Npu/ll_aton/ll_aton_lib_sw_operators.c ****           {
 7143              		.loc 1 1027 63 discriminator 3 view .LVU2152
 7144 0186 019B     		ldr	r3, [sp, #4]
 7145 0188 9B44     		add	fp, fp, r3
 7146              	.LVL815:
1027:../../Middlewares/stedgeai-lib/Npu/ll_aton/ll_aton_lib_sw_operators.c ****           {
 7147              		.loc 1 1027 63 discriminator 3 view .LVU2153
 7148 018a C9E7     		b	.L497
 7149              	.LVL816:
 7150              	.L496:
1027:../../Middlewares/stedgeai-lib/Npu/ll_aton/ll_aton_lib_sw_operators.c ****           {
 7151              		.loc 1 1027 63 discriminator 3 view .LVU2154
 7152              	.LBE506:
 7153              	.LBB507:
1038:../../Middlewares/stedgeai-lib/Npu/ll_aton/ll_aton_lib_sw_operators.c ****           memcpy(base_out_target, base_in_target, size_in_bytes);
 7154              		.loc 1 1038 11 is_stmt 1 view .LVU2155
1039:../../Middlewares/stedgeai-lib/Npu/ll_aton/ll_aton_lib_sw_operators.c ****         }
 7155              		.loc 1 1039 11 view .LVU2156
 7156 018c 5846     		mov	r0, fp
 7157 018e 079A     		ldr	r2, [sp, #28]
 7158 0190 FFF7FEFF 		bl	memcpy
 7159              	.LVL817:
1039:../../Middlewares/stedgeai-lib/Npu/ll_aton/ll_aton_lib_sw_operators.c ****         }
 7160              		.loc 1 1039 11 is_stmt 0 view .LVU2157
 7161 0194 C6E7     		b	.L499
 7162              	.LVL818:
 7163              	.L507:
1039:../../Middlewares/stedgeai-lib/Npu/ll_aton/ll_aton_lib_sw_operators.c ****         }
 7164              		.loc 1 1039 11 view .LVU2158
 7165              	.LBE507:
 7166              	.LBE510:
1017:../../Middlewares/stedgeai-lib/Npu/ll_aton/ll_aton_lib_sw_operators.c ****       {
 7167              		.loc 1 1017 21 view .LVU2159
 7168 0196 0027     		movs	r7, #0
ARM GAS  /tmp/ccBdscOF.s 			page 214


 7169 0198 C5E7     		b	.L501
 7170              	.LVL819:
 7171              	.L508:
1017:../../Middlewares/stedgeai-lib/Npu/ll_aton/ll_aton_lib_sw_operators.c ****       {
 7172              		.loc 1 1017 21 view .LVU2160
 7173              	.LBE513:
1015:../../Middlewares/stedgeai-lib/Npu/ll_aton/ll_aton_lib_sw_operators.c ****     {
 7174              		.loc 1 1015 19 view .LVU2161
 7175 019a 0026     		movs	r6, #0
 7176 019c C6E7     		b	.L502
 7177              	.LVL820:
 7178              	.L486:
1015:../../Middlewares/stedgeai-lib/Npu/ll_aton/ll_aton_lib_sw_operators.c ****     {
 7179              		.loc 1 1015 19 view .LVU2162
 7180              	.LBE516:
 7181              	.LBE519:
 7182              	.LBE521:
 7183              	.LBE523:
 7184              	.LBB524:
1084:../../Middlewares/stedgeai-lib/Npu/ll_aton/ll_aton_lib_sw_operators.c ****     __ll_aton_lib_transpose(0, inner_out_axis, NULL, &common_params);
 7185              		.loc 1 1084 5 is_stmt 1 view .LVU2163
1084:../../Middlewares/stedgeai-lib/Npu/ll_aton/ll_aton_lib_sw_operators.c ****     __ll_aton_lib_transpose(0, inner_out_axis, NULL, &common_params);
 7186              		.loc 1 1084 31 is_stmt 0 view .LVU2164
 7187 019e FFF7FEFF 		bl	__ll_transp_get_inner_out_axis
 7188              	.LVL821:
1085:../../Middlewares/stedgeai-lib/Npu/ll_aton/ll_aton_lib_sw_operators.c ****   }
 7189              		.loc 1 1085 5 view .LVU2165
 7190 01a2 0022     		movs	r2, #0
1084:../../Middlewares/stedgeai-lib/Npu/ll_aton/ll_aton_lib_sw_operators.c ****     __ll_aton_lib_transpose(0, inner_out_axis, NULL, &common_params);
 7191              		.loc 1 1084 31 view .LVU2166
 7192 01a4 0146     		mov	r1, r0
 7193              	.LVL822:
1085:../../Middlewares/stedgeai-lib/Npu/ll_aton/ll_aton_lib_sw_operators.c ****   }
 7194              		.loc 1 1085 5 is_stmt 1 view .LVU2167
 7195 01a6 0CAB     		add	r3, sp, #48
 7196 01a8 1046     		mov	r0, r2
 7197              	.LVL823:
1085:../../Middlewares/stedgeai-lib/Npu/ll_aton/ll_aton_lib_sw_operators.c ****   }
 7198              		.loc 1 1085 5 is_stmt 0 view .LVU2168
 7199 01aa FFF7FEFF 		bl	__ll_aton_lib_transpose
 7200              	.LVL824:
1085:../../Middlewares/stedgeai-lib/Npu/ll_aton/ll_aton_lib_sw_operators.c ****   }
 7201              		.loc 1 1085 5 view .LVU2169
 7202 01ae 8CE7     		b	.L504
 7203              	.L513:
 7204              		.align	2
 7205              	.L512:
 7206 01b0 00000000 		.word	__FUNCTION__.22
 7207 01b4 00000000 		.word	.LC45
 7208 01b8 00000000 		.word	__func__.20
 7209 01bc 2D000000 		.word	.LC1
 7210              	.LBE524:
 7211              		.cfi_endproc
 7212              	.LFE355:
 7214              		.section	.rodata.LL_ATON_LIB_Pad_Standard.str1.1,"aMS",%progbits,1
 7215              	.LC46:
 7216 0000 646D615F 		.ascii	"dma_in >= 0\000"
ARM GAS  /tmp/ccBdscOF.s 			page 215


 7216      696E203E 
 7216      3D203000 
 7217              	.LC47:
 7218 000c 646D615F 		.ascii	"dma_out >= 0\000"
 7218      6F757420 
 7218      3E3D2030 
 7218      00
 7219              		.section	.text.LL_ATON_LIB_Pad_Standard,"ax",%progbits
 7220              		.align	1
 7221              		.global	LL_ATON_LIB_Pad_Standard
 7222              		.syntax unified
 7223              		.thumb
 7224              		.thumb_func
 7226              	LL_ATON_LIB_Pad_Standard:
 7227              	.LVL825:
 7228              	.LFB368:
1983:../../Middlewares/stedgeai-lib/Npu/ll_aton/ll_aton_lib_sw_operators.c ****   LL_ATON_ASSERT(dma_in >= 0);
 7229              		.loc 1 1983 1 is_stmt 1 view -0
 7230              		.cfi_startproc
 7231              		@ args = 64, pretend = 0, frame = 200
 7232              		@ frame_needed = 0, uses_anonymous_args = 0
1983:../../Middlewares/stedgeai-lib/Npu/ll_aton/ll_aton_lib_sw_operators.c ****   LL_ATON_ASSERT(dma_in >= 0);
 7233              		.loc 1 1983 1 is_stmt 0 view .LVU2171
 7234 0000 2DE9F04F 		push	{r4, r5, r6, r7, r8, r9, r10, fp, lr}
 7235              		.cfi_def_cfa_offset 36
 7236              		.cfi_offset 4, -36
 7237              		.cfi_offset 5, -32
 7238              		.cfi_offset 6, -28
 7239              		.cfi_offset 7, -24
 7240              		.cfi_offset 8, -20
 7241              		.cfi_offset 9, -16
 7242              		.cfi_offset 10, -12
 7243              		.cfi_offset 11, -8
 7244              		.cfi_offset 14, -4
 7245 0004 B5B0     		sub	sp, sp, #212
 7246              		.cfi_def_cfa_offset 248
1983:../../Middlewares/stedgeai-lib/Npu/ll_aton/ll_aton_lib_sw_operators.c ****   LL_ATON_ASSERT(dma_in >= 0);
 7247              		.loc 1 1983 1 view .LVU2172
 7248 0006 9346     		mov	fp, r2
1984:../../Middlewares/stedgeai-lib/Npu/ll_aton/ll_aton_lib_sw_operators.c ****   LL_ATON_ASSERT(dma_out >= 0);
 7249              		.loc 1 1984 3 view .LVU2173
 7250 0008 DDE94B92 		ldrd	r9, r2, [sp, #300]
 7251              	.LVL826:
1984:../../Middlewares/stedgeai-lib/Npu/ll_aton/ll_aton_lib_sw_operators.c ****   LL_ATON_ASSERT(dma_out >= 0);
 7252              		.loc 1 1984 3 view .LVU2174
 7253 000c 002A     		cmp	r2, #0
1983:../../Middlewares/stedgeai-lib/Npu/ll_aton/ll_aton_lib_sw_operators.c ****   LL_ATON_ASSERT(dma_in >= 0);
 7254              		.loc 1 1983 1 view .LVU2175
 7255 000e 8246     		mov	r10, r0
 7256 0010 0D46     		mov	r5, r1
 7257 0012 9DF8FC40 		ldrb	r4, [sp, #252]	@ zero_extendqisi2
 7258 0016 9DF80081 		ldrb	r8, [sp, #256]	@ zero_extendqisi2
1984:../../Middlewares/stedgeai-lib/Npu/ll_aton/ll_aton_lib_sw_operators.c ****   LL_ATON_ASSERT(dma_out >= 0);
 7259              		.loc 1 1984 3 view .LVU2176
 7260 001a 06DA     		bge	.L515
1984:../../Middlewares/stedgeai-lib/Npu/ll_aton/ll_aton_lib_sw_operators.c ****   LL_ATON_ASSERT(dma_out >= 0);
 7261              		.loc 1 1984 3 discriminator 1 view .LVU2177
ARM GAS  /tmp/ccBdscOF.s 			page 216


 7262 001c 4FF4F861 		mov	r1, #1984
 7263              	.LVL827:
1984:../../Middlewares/stedgeai-lib/Npu/ll_aton/ll_aton_lib_sw_operators.c ****   LL_ATON_ASSERT(dma_out >= 0);
 7264              		.loc 1 1984 3 discriminator 1 view .LVU2178
 7265 0020 494B     		ldr	r3, .L538
 7266              	.LVL828:
1984:../../Middlewares/stedgeai-lib/Npu/ll_aton/ll_aton_lib_sw_operators.c ****   LL_ATON_ASSERT(dma_out >= 0);
 7267              		.loc 1 1984 3 discriminator 1 view .LVU2179
 7268 0022 4A4A     		ldr	r2, .L538+4
 7269              	.L537:
1985:../../Middlewares/stedgeai-lib/Npu/ll_aton/ll_aton_lib_sw_operators.c **** 
 7270              		.loc 1 1985 3 discriminator 1 view .LVU2180
 7271 0024 4A48     		ldr	r0, .L538+8
 7272              	.LVL829:
1985:../../Middlewares/stedgeai-lib/Npu/ll_aton/ll_aton_lib_sw_operators.c **** 
 7273              		.loc 1 1985 3 discriminator 1 view .LVU2181
 7274 0026 FFF7FEFF 		bl	__assert_func
 7275              	.LVL830:
 7276              	.L515:
1985:../../Middlewares/stedgeai-lib/Npu/ll_aton/ll_aton_lib_sw_operators.c **** 
 7277              		.loc 1 1985 3 is_stmt 1 view .LVU2182
 7278 002a 4D9A     		ldr	r2, [sp, #308]
 7279 002c 002A     		cmp	r2, #0
 7280 002e 04DA     		bge	.L516
1985:../../Middlewares/stedgeai-lib/Npu/ll_aton/ll_aton_lib_sw_operators.c **** 
 7281              		.loc 1 1985 3 is_stmt 0 discriminator 1 view .LVU2183
 7282 0030 40F2C171 		movw	r1, #1985
 7283              	.LVL831:
1985:../../Middlewares/stedgeai-lib/Npu/ll_aton/ll_aton_lib_sw_operators.c **** 
 7284              		.loc 1 1985 3 discriminator 1 view .LVU2184
 7285 0034 474B     		ldr	r3, .L538+12
 7286              	.LVL832:
1985:../../Middlewares/stedgeai-lib/Npu/ll_aton/ll_aton_lib_sw_operators.c **** 
 7287              		.loc 1 1985 3 discriminator 1 view .LVU2185
 7288 0036 454A     		ldr	r2, .L538+4
 7289 0038 F4E7     		b	.L537
 7290              	.LVL833:
 7291              	.L516:
1987:../../Middlewares/stedgeai-lib/Npu/ll_aton/ll_aton_lib_sw_operators.c ****   uint32_t consecutive_bytes = consecutive_elems * nbytes;
 7292              		.loc 1 1987 10 view .LVU2186
 7293 003a 419E     		ldr	r6, [sp, #260]
1988:../../Middlewares/stedgeai-lib/Npu/ll_aton/ll_aton_lib_sw_operators.c **** 
 7294              		.loc 1 1988 12 view .LVU2187
 7295 003c 449F     		ldr	r7, [sp, #272]
1990:../../Middlewares/stedgeai-lib/Npu/ll_aton/ll_aton_lib_sw_operators.c ****     .in_target = (int8_t *)input,
 7296              		.loc 1 1990 24 view .LVU2188
 7297 003e BC22     		movs	r2, #188
 7298 0040 0021     		movs	r1, #0
 7299              	.LVL834:
1990:../../Middlewares/stedgeai-lib/Npu/ll_aton/ll_aton_lib_sw_operators.c ****     .in_target = (int8_t *)input,
 7300              		.loc 1 1990 24 view .LVU2189
 7301 0042 05A8     		add	r0, sp, #20
 7302              	.LVL835:
1990:../../Middlewares/stedgeai-lib/Npu/ll_aton/ll_aton_lib_sw_operators.c ****     .in_target = (int8_t *)input,
 7303              		.loc 1 1990 24 view .LVU2190
 7304 0044 0393     		str	r3, [sp, #12]
1987:../../Middlewares/stedgeai-lib/Npu/ll_aton/ll_aton_lib_sw_operators.c ****   uint32_t consecutive_bytes = consecutive_elems * nbytes;
ARM GAS  /tmp/ccBdscOF.s 			page 217


 7305              		.loc 1 1987 3 is_stmt 1 view .LVU2191
1987:../../Middlewares/stedgeai-lib/Npu/ll_aton/ll_aton_lib_sw_operators.c ****   uint32_t consecutive_bytes = consecutive_elems * nbytes;
 7306              		.loc 1 1987 10 is_stmt 0 view .LVU2192
 7307 0046 06FB08F6 		mul	r6, r6, r8
 7308              	.LVL836:
1988:../../Middlewares/stedgeai-lib/Npu/ll_aton/ll_aton_lib_sw_operators.c **** 
 7309              		.loc 1 1988 3 is_stmt 1 view .LVU2193
1990:../../Middlewares/stedgeai-lib/Npu/ll_aton/ll_aton_lib_sw_operators.c ****     .in_target = (int8_t *)input,
 7310              		.loc 1 1990 24 is_stmt 0 view .LVU2194
 7311 004a FFF7FEFF 		bl	memset
 7312              	.LVL837:
1988:../../Middlewares/stedgeai-lib/Npu/ll_aton/ll_aton_lib_sw_operators.c **** 
 7313              		.loc 1 1988 12 view .LVU2195
 7314 004e 07FB08F7 		mul	r7, r7, r8
 7315              	.LVL838:
1990:../../Middlewares/stedgeai-lib/Npu/ll_aton/ll_aton_lib_sw_operators.c ****     .in_target = (int8_t *)input,
 7316              		.loc 1 1990 3 is_stmt 1 view .LVU2196
1990:../../Middlewares/stedgeai-lib/Npu/ll_aton/ll_aton_lib_sw_operators.c ****     .in_target = (int8_t *)input,
 7317              		.loc 1 1990 24 is_stmt 0 view .LVU2197
 7318 0052 039B     		ldr	r3, [sp, #12]
 7319 0054 CDE906B5 		strd	fp, r5, [sp, #24]
 7320 0058 0993     		str	r3, [sp, #36]
 7321 005a 439B     		ldr	r3, [sp, #268]
 7322 005c CDE90DA5 		strd	r10, r5, [sp, #52]
 7323 0060 CDE90A37 		strd	r3, r7, [sp, #40]
2000:../../Middlewares/stedgeai-lib/Npu/ll_aton/ll_aton_lib_sw_operators.c ****     .callback_function = NULL,
 7324              		.loc 1 2000 40 view .LVU2198
 7325 0064 AB19     		adds	r3, r5, r6
1990:../../Middlewares/stedgeai-lib/Npu/ll_aton/ll_aton_lib_sw_operators.c ****     .in_target = (int8_t *)input,
 7326              		.loc 1 1990 24 view .LVU2199
 7327 0066 1093     		str	r3, [sp, #64]
 7328 0068 4C9B     		ldr	r3, [sp, #304]
 7329 006a CDF810A0 		str	r10, [sp, #16]
 7330 006e 2A93     		str	r3, [sp, #168]
 7331 0070 4D9B     		ldr	r3, [sp, #308]
 7332 0072 8DF83080 		strb	r8, [sp, #48]
 7333 0076 2B93     		str	r3, [sp, #172]
 7334 0078 3E9B     		ldr	r3, [sp, #248]
 7335 007a 8DF83140 		strb	r4, [sp, #49]
 7336 007e 2C93     		str	r3, [sp, #176]
 7337 0080 459B     		ldr	r3, [sp, #276]
 7338 0082 CDF83C90 		str	r9, [sp, #60]
 7339 0086 2D93     		str	r3, [sp, #180]
 7340 0088 469B     		ldr	r3, [sp, #280]
 7341 008a 2E93     		str	r3, [sp, #184]
 7342 008c 479B     		ldr	r3, [sp, #284]
 7343 008e 2F93     		str	r3, [sp, #188]
 7344 0090 489B     		ldr	r3, [sp, #288]
 7345 0092 3093     		str	r3, [sp, #192]
 7346 0094 499B     		ldr	r3, [sp, #292]
 7347 0096 3193     		str	r3, [sp, #196]
 7348 0098 4A9B     		ldr	r3, [sp, #296]
 7349 009a 3293     		str	r3, [sp, #200]
2019:../../Middlewares/stedgeai-lib/Npu/ll_aton/ll_aton_lib_sw_operators.c ****   {
 7350              		.loc 1 2019 3 is_stmt 1 view .LVU2200
2019:../../Middlewares/stedgeai-lib/Npu/ll_aton/ll_aton_lib_sw_operators.c ****   {
 7351              		.loc 1 2019 6 is_stmt 0 view .LVU2201
ARM GAS  /tmp/ccBdscOF.s 			page 218


 7352 009c 002F     		cmp	r7, #0
 7353 009e 44D0     		beq	.L517
2026:../../Middlewares/stedgeai-lib/Npu/ll_aton/ll_aton_lib_sw_operators.c ****   {
 7354              		.loc 1 2026 3 is_stmt 1 view .LVU2202
 7355 00a0 012C     		cmp	r4, #1
 7356 00a2 23D0     		beq	.L518
 7357 00a4 022C     		cmp	r4, #2
 7358 00a6 2ED0     		beq	.L519
 7359 00a8 002C     		cmp	r4, #0
 7360 00aa 44D1     		bne	.L520
 7361              	.LVL839:
 7362              	.L529:
2032:../../Middlewares/stedgeai-lib/Npu/ll_aton/ll_aton_lib_sw_operators.c ****     {
 7363              		.loc 1 2032 5 view .LVU2203
2032:../../Middlewares/stedgeai-lib/Npu/ll_aton/ll_aton_lib_sw_operators.c ****     {
 7364              		.loc 1 2032 8 is_stmt 0 view .LVU2204
 7365 00ac 40F68B23 		movw	r3, #2699
 7366 00b0 9E42     		cmp	r6, r3
 7367 00b2 02D9     		bls	.L521
2032:../../Middlewares/stedgeai-lib/Npu/ll_aton/ll_aton_lib_sw_operators.c ****     {
 7368              		.loc 1 2032 56 discriminator 1 view .LVU2205
 7369 00b4 B9F12A0F 		cmp	r9, #42
 7370 00b8 0DD9     		bls	.L522
 7371              	.L521:
2034:../../Middlewares/stedgeai-lib/Npu/ll_aton/ll_aton_lib_sw_operators.c ****       return __ll_aton_lib_pad_filling(&common_params);
 7372              		.loc 1 2034 7 is_stmt 1 view .LVU2206
 7373 00ba 4046     		mov	r0, r8
 7374 00bc 3346     		mov	r3, r6
 7375 00be 2946     		mov	r1, r5
 7376 00c0 429A     		ldr	r2, [sp, #264]
 7377 00c2 FFF7FEFF 		bl	__ll_aton_lib_memset.isra.0
 7378              	.LVL840:
2035:../../Middlewares/stedgeai-lib/Npu/ll_aton/ll_aton_lib_sw_operators.c ****     }
 7379              		.loc 1 2035 7 view .LVU2207
2035:../../Middlewares/stedgeai-lib/Npu/ll_aton/ll_aton_lib_sw_operators.c ****     }
 7380              		.loc 1 2035 14 is_stmt 0 view .LVU2208
 7381 00c6 04A8     		add	r0, sp, #16
 7382 00c8 FFF7FEFF 		bl	__ll_aton_lib_pad_filling
 7383              	.LVL841:
 7384              	.L514:
2146:../../Middlewares/stedgeai-lib/Npu/ll_aton/ll_aton_lib_sw_operators.c **** 
 7385              		.loc 1 2146 1 view .LVU2209
 7386 00cc 35B0     		add	sp, sp, #212
 7387              		.cfi_remember_state
 7388              		.cfi_def_cfa_offset 36
 7389              		@ sp needed
 7390 00ce BDE8F08F 		pop	{r4, r5, r6, r7, r8, r9, r10, fp, pc}
 7391              	.LVL842:
 7392              	.L530:
 7393              		.cfi_restore_state
2026:../../Middlewares/stedgeai-lib/Npu/ll_aton/ll_aton_lib_sw_operators.c ****   {
 7394              		.loc 1 2026 3 view .LVU2210
 7395 00d2 4294     		str	r4, [sp, #264]
 7396 00d4 EAE7     		b	.L529
 7397              	.LVL843:
 7398              	.L522:
2039:../../Middlewares/stedgeai-lib/Npu/ll_aton/ll_aton_lib_sw_operators.c ****       return LL_ATON_LIB_DMA_Pad_Memset((int8_t *)output, constant_value, out_size, &common_params,
ARM GAS  /tmp/ccBdscOF.s 			page 219


 7399              		.loc 1 2039 7 is_stmt 1 view .LVU2211
2039:../../Middlewares/stedgeai-lib/Npu/ll_aton/ll_aton_lib_sw_operators.c ****       return LL_ATON_LIB_DMA_Pad_Memset((int8_t *)output, constant_value, out_size, &common_params,
 7400              		.loc 1 2039 39 is_stmt 0 view .LVU2212
 7401 00d6 204B     		ldr	r3, .L538+16
2040:../../Middlewares/stedgeai-lib/Npu/ll_aton/ll_aton_lib_sw_operators.c ****                                         true); // first phase (in this case `framing`) is made in H
 7402              		.loc 1 2040 14 view .LVU2213
 7403 00d8 3246     		mov	r2, r6
2039:../../Middlewares/stedgeai-lib/Npu/ll_aton/ll_aton_lib_sw_operators.c ****       return LL_ATON_LIB_DMA_Pad_Memset((int8_t *)output, constant_value, out_size, &common_params,
 7404              		.loc 1 2039 39 view .LVU2214
 7405 00da 2993     		str	r3, [sp, #164]
2040:../../Middlewares/stedgeai-lib/Npu/ll_aton/ll_aton_lib_sw_operators.c ****                                         true); // first phase (in this case `framing`) is made in H
 7406              		.loc 1 2040 7 is_stmt 1 view .LVU2215
2040:../../Middlewares/stedgeai-lib/Npu/ll_aton/ll_aton_lib_sw_operators.c ****                                         true); // first phase (in this case `framing`) is made in H
 7407              		.loc 1 2040 14 is_stmt 0 view .LVU2216
 7408 00dc 0123     		movs	r3, #1
 7409 00de 2846     		mov	r0, r5
 7410 00e0 0093     		str	r3, [sp]
 7411 00e2 4299     		ldr	r1, [sp, #264]
 7412 00e4 04AB     		add	r3, sp, #16
 7413 00e6 FFF7FEFF 		bl	LL_ATON_LIB_DMA_Pad_Memset
 7414              	.LVL844:
 7415 00ea EFE7     		b	.L514
 7416              	.LVL845:
 7417              	.L518:
2045:../../Middlewares/stedgeai-lib/Npu/ll_aton/ll_aton_lib_sw_operators.c ****     {                                                        // do it without HW support
 7418              		.loc 1 2045 5 is_stmt 1 view .LVU2217
2045:../../Middlewares/stedgeai-lib/Npu/ll_aton/ll_aton_lib_sw_operators.c ****     {                                                        // do it without HW support
 7419              		.loc 1 2045 8 is_stmt 0 view .LVU2218
 7420 00ec B7F5966F 		cmp	r7, #1200
 7421 00f0 02D3     		bcc	.L524
2045:../../Middlewares/stedgeai-lib/Npu/ll_aton/ll_aton_lib_sw_operators.c ****     {                                                        // do it without HW support
 7422              		.loc 1 2045 65 discriminator 1 view .LVU2219
 7423 00f2 B9F12A0F 		cmp	r9, #42
 7424 00f6 12D9     		bls	.L527
 7425              	.LVL846:
 7426              	.L524:
2047:../../Middlewares/stedgeai-lib/Npu/ll_aton/ll_aton_lib_sw_operators.c ****     }
 7427              		.loc 1 2047 7 is_stmt 1 view .LVU2220
 7428 00f8 0122     		movs	r2, #1
 7429 00fa 0020     		movs	r0, #0
 7430 00fc 04A9     		add	r1, sp, #16
 7431 00fe FFF7FEFF 		bl	__ll_aton_lib_pad_reflect_sw
 7432              	.LVL847:
2054:../../Middlewares/stedgeai-lib/Npu/ll_aton/ll_aton_lib_sw_operators.c **** 
 7433              		.loc 1 2054 5 view .LVU2221
 7434              	.L528:
2145:../../Middlewares/stedgeai-lib/Npu/ll_aton/ll_aton_lib_sw_operators.c **** }
 7435              		.loc 1 2145 10 is_stmt 0 view .LVU2222
 7436 0102 0020     		movs	r0, #0
 7437 0104 E2E7     		b	.L514
 7438              	.LVL848:
 7439              	.L519:
2057:../../Middlewares/stedgeai-lib/Npu/ll_aton/ll_aton_lib_sw_operators.c ****     {                                                     // do it without HW support
 7440              		.loc 1 2057 5 is_stmt 1 view .LVU2223
2057:../../Middlewares/stedgeai-lib/Npu/ll_aton/ll_aton_lib_sw_operators.c ****     {                                                     // do it without HW support
 7441              		.loc 1 2057 8 is_stmt 0 view .LVU2224
 7442 0106 B7F5966F 		cmp	r7, #1200
ARM GAS  /tmp/ccBdscOF.s 			page 220


 7443 010a 02D3     		bcc	.L526
2057:../../Middlewares/stedgeai-lib/Npu/ll_aton/ll_aton_lib_sw_operators.c ****     {                                                     // do it without HW support
 7444              		.loc 1 2057 65 discriminator 1 view .LVU2225
 7445 010c B9F12A0F 		cmp	r9, #42
 7446 0110 05D9     		bls	.L527
 7447              	.LVL849:
 7448              	.L526:
2059:../../Middlewares/stedgeai-lib/Npu/ll_aton/ll_aton_lib_sw_operators.c ****     }
 7449              		.loc 1 2059 7 is_stmt 1 view .LVU2226
 7450 0112 0122     		movs	r2, #1
 7451 0114 0020     		movs	r0, #0
 7452 0116 04A9     		add	r1, sp, #16
 7453 0118 FFF7FEFF 		bl	__ll_aton_lib_pad_edge_sw
 7454              	.LVL850:
2066:../../Middlewares/stedgeai-lib/Npu/ll_aton/ll_aton_lib_sw_operators.c **** 
 7455              		.loc 1 2066 5 view .LVU2227
 7456 011c F1E7     		b	.L528
 7457              	.LVL851:
 7458              	.L527:
2063:../../Middlewares/stedgeai-lib/Npu/ll_aton/ll_aton_lib_sw_operators.c ****       return LL_ATON_LIB_DMA_Pad_Filling(&common_params); // first phase (in this case `filling`) i
 7459              		.loc 1 2063 7 view .LVU2228
2063:../../Middlewares/stedgeai-lib/Npu/ll_aton/ll_aton_lib_sw_operators.c ****       return LL_ATON_LIB_DMA_Pad_Filling(&common_params); // first phase (in this case `filling`) i
 7460              		.loc 1 2063 39 is_stmt 0 view .LVU2229
 7461 011e 0F4B     		ldr	r3, .L538+20
2064:../../Middlewares/stedgeai-lib/Npu/ll_aton/ll_aton_lib_sw_operators.c ****     }
 7462              		.loc 1 2064 14 view .LVU2230
 7463 0120 04A8     		add	r0, sp, #16
2063:../../Middlewares/stedgeai-lib/Npu/ll_aton/ll_aton_lib_sw_operators.c ****       return LL_ATON_LIB_DMA_Pad_Filling(&common_params); // first phase (in this case `filling`) i
 7464              		.loc 1 2063 39 view .LVU2231
 7465 0122 2993     		str	r3, [sp, #164]
2064:../../Middlewares/stedgeai-lib/Npu/ll_aton/ll_aton_lib_sw_operators.c ****     }
 7466              		.loc 1 2064 7 is_stmt 1 view .LVU2232
2064:../../Middlewares/stedgeai-lib/Npu/ll_aton/ll_aton_lib_sw_operators.c ****     }
 7467              		.loc 1 2064 14 is_stmt 0 view .LVU2233
 7468 0124 FFF7FEFF 		bl	LL_ATON_LIB_DMA_Pad_Filling
 7469              	.LVL852:
 7470 0128 D0E7     		b	.L514
 7471              	.L517:
2023:../../Middlewares/stedgeai-lib/Npu/ll_aton/ll_aton_lib_sw_operators.c ****   }
 7472              		.loc 1 2023 5 is_stmt 1 view .LVU2234
 7473              	.LVL853:
2026:../../Middlewares/stedgeai-lib/Npu/ll_aton/ll_aton_lib_sw_operators.c ****   {
 7474              		.loc 1 2026 3 view .LVU2235
 7475 012a 012C     		cmp	r4, #1
 7476 012c E4D0     		beq	.L524
 7477 012e 022C     		cmp	r4, #2
 7478 0130 EFD0     		beq	.L526
 7479 0132 002C     		cmp	r4, #0
 7480 0134 CDD0     		beq	.L530
 7481              	.LVL854:
 7482              	.L520:
2069:../../Middlewares/stedgeai-lib/Npu/ll_aton/ll_aton_lib_sw_operators.c ****   }
 7483              		.loc 1 2069 5 view .LVU2236
 7484 0136 1020     		movs	r0, #16
 7485 0138 40F61501 		movw	r1, #2069
 7486 013c 084A     		ldr	r2, .L538+24
 7487 013e FFF7FEFF 		bl	__ll_lib_error
ARM GAS  /tmp/ccBdscOF.s 			page 221


 7488              	.LVL855:
2069:../../Middlewares/stedgeai-lib/Npu/ll_aton/ll_aton_lib_sw_operators.c ****   }
 7489              		.loc 1 2069 5 discriminator 1 view .LVU2237
 7490 0142 6FF00100 		mvn	r0, #1
2069:../../Middlewares/stedgeai-lib/Npu/ll_aton/ll_aton_lib_sw_operators.c ****   }
 7491              		.loc 1 2069 5 is_stmt 0 view .LVU2238
 7492 0146 C1E7     		b	.L514
 7493              	.L539:
 7494              		.align	2
 7495              	.L538:
 7496 0148 00000000 		.word	.LC46
 7497 014c 00000000 		.word	__func__.14
 7498 0150 2D000000 		.word	.LC1
 7499 0154 0C000000 		.word	.LC47
 7500 0158 00000000 		.word	__ll_aton_lib_pad_filling
 7501 015c 00000000 		.word	__ll_aton_lib_pad_framing_sw
 7502 0160 00000000 		.word	__FUNCTION__.13
 7503              		.cfi_endproc
 7504              	.LFE368:
 7506              		.section	.rodata.LL_ATON_LIB_Pad_4Loop.str1.1,"aMS",%progbits,1
 7507              	.LC48:
 7508 0000 706F7369 		.ascii	"positive_4loop != ((void *)0)\000"
 7508      74697665 
 7508      5F346C6F 
 7508      6F702021 
 7508      3D202828 
 7509              		.section	.text.LL_ATON_LIB_Pad_4Loop,"ax",%progbits
 7510              		.align	1
 7511              		.global	LL_ATON_LIB_Pad_4Loop
 7512              		.syntax unified
 7513              		.thumb
 7514              		.thumb_func
 7516              	LL_ATON_LIB_Pad_4Loop:
 7517              	.LVL856:
 7518              	.LFB370:
2172:../../Middlewares/stedgeai-lib/Npu/ll_aton/ll_aton_lib_sw_operators.c **** 
2173:../../Middlewares/stedgeai-lib/Npu/ll_aton/ll_aton_lib_sw_operators.c **** int LL_ATON_LIB_Pad_4Loop(unsigned char *input_start, unsigned char *input_end, unsigned char *inpu
2174:../../Middlewares/stedgeai-lib/Npu/ll_aton/ll_aton_lib_sw_operators.c ****                           unsigned char *output_start, unsigned char *output_end, unsigned char *ou
2175:../../Middlewares/stedgeai-lib/Npu/ll_aton/ll_aton_lib_sw_operators.c ****                           int32_t constant_value, uint8_t nbytes, uint32_t *negative_4loop, uint32_
2176:../../Middlewares/stedgeai-lib/Npu/ll_aton/ll_aton_lib_sw_operators.c ****                           int dma_in, int dma_out)
2177:../../Middlewares/stedgeai-lib/Npu/ll_aton/ll_aton_lib_sw_operators.c **** {
 7519              		.loc 1 2177 1 is_stmt 1 view -0
 7520              		.cfi_startproc
 7521              		@ args = 32, pretend = 0, frame = 192
 7522              		@ frame_needed = 0, uses_anonymous_args = 0
2178:../../Middlewares/stedgeai-lib/Npu/ll_aton/ll_aton_lib_sw_operators.c ****   LL_ATON_ASSERT(dma_in >= 0);
 7523              		.loc 1 2178 3 view .LVU2240
2177:../../Middlewares/stedgeai-lib/Npu/ll_aton/ll_aton_lib_sw_operators.c ****   LL_ATON_ASSERT(dma_in >= 0);
 7524              		.loc 1 2177 1 is_stmt 0 view .LVU2241
 7525 0000 2DE9F04F 		push	{r4, r5, r6, r7, r8, r9, r10, fp, lr}
 7526              		.cfi_def_cfa_offset 36
 7527              		.cfi_offset 4, -36
 7528              		.cfi_offset 5, -32
 7529              		.cfi_offset 6, -28
 7530              		.cfi_offset 7, -24
 7531              		.cfi_offset 8, -20
 7532              		.cfi_offset 9, -16
ARM GAS  /tmp/ccBdscOF.s 			page 222


 7533              		.cfi_offset 10, -12
 7534              		.cfi_offset 11, -8
 7535              		.cfi_offset 14, -4
 7536 0004 B3B0     		sub	sp, sp, #204
 7537              		.cfi_def_cfa_offset 240
2177:../../Middlewares/stedgeai-lib/Npu/ll_aton/ll_aton_lib_sw_operators.c ****   LL_ATON_ASSERT(dma_in >= 0);
 7538              		.loc 1 2177 1 view .LVU2242
 7539 0006 DDE9414B 		ldrd	r4, fp, [sp, #260]
 7540              		.loc 1 2178 3 view .LVU2243
 7541 000a BBF1000F 		cmp	fp, #0
2177:../../Middlewares/stedgeai-lib/Npu/ll_aton/ll_aton_lib_sw_operators.c ****   LL_ATON_ASSERT(dma_in >= 0);
 7542              		.loc 1 2177 1 view .LVU2244
 7543 000e 8046     		mov	r8, r0
 7544 0010 0F46     		mov	r7, r1
 7545 0012 1646     		mov	r6, r2
 7546 0014 1D46     		mov	r5, r3
 7547 0016 9DF8FC90 		ldrb	r9, [sp, #252]	@ zero_extendqisi2
 7548 001a DDF80CA1 		ldr	r10, [sp, #268]
 7549              		.loc 1 2178 3 view .LVU2245
 7550 001e 06DA     		bge	.L541
 7551              		.loc 1 2178 3 discriminator 1 view .LVU2246
 7552 0020 40F68201 		movw	r1, #2178
 7553              	.LVL857:
 7554              		.loc 1 2178 3 discriminator 1 view .LVU2247
 7555 0024 294B     		ldr	r3, .L547
 7556              	.LVL858:
 7557              		.loc 1 2178 3 discriminator 1 view .LVU2248
 7558 0026 2A4A     		ldr	r2, .L547+4
 7559              	.LVL859:
 7560              	.L546:
2179:../../Middlewares/stedgeai-lib/Npu/ll_aton/ll_aton_lib_sw_operators.c ****   LL_ATON_ASSERT(dma_out >= 0);
 7561              		.loc 1 2179 3 discriminator 1 view .LVU2249
 7562 0028 2A48     		ldr	r0, .L547+8
 7563              	.LVL860:
 7564              		.loc 1 2179 3 discriminator 1 view .LVU2250
 7565 002a FFF7FEFF 		bl	__assert_func
 7566              	.LVL861:
 7567              	.L541:
 7568              		.loc 1 2179 3 is_stmt 1 view .LVU2251
 7569 002e BAF1000F 		cmp	r10, #0
 7570 0032 04DA     		bge	.L542
 7571              		.loc 1 2179 3 is_stmt 0 discriminator 1 view .LVU2252
 7572 0034 40F68301 		movw	r1, #2179
 7573              	.LVL862:
 7574              		.loc 1 2179 3 discriminator 1 view .LVU2253
 7575 0038 274B     		ldr	r3, .L547+12
 7576              	.LVL863:
 7577              		.loc 1 2179 3 discriminator 1 view .LVU2254
 7578 003a 254A     		ldr	r2, .L547+4
 7579              	.LVL864:
 7580              		.loc 1 2179 3 discriminator 1 view .LVU2255
 7581 003c F4E7     		b	.L546
 7582              	.LVL865:
 7583              	.L542:
2180:../../Middlewares/stedgeai-lib/Npu/ll_aton/ll_aton_lib_sw_operators.c ****   LL_ATON_ASSERT(positive_4loop != NULL);
 7584              		.loc 1 2180 3 is_stmt 1 view .LVU2256
 7585 003e 24B9     		cbnz	r4, .L543
ARM GAS  /tmp/ccBdscOF.s 			page 223


 7586              		.loc 1 2180 3 is_stmt 0 discriminator 1 view .LVU2257
 7587 0040 40F68401 		movw	r1, #2180
 7588              	.LVL866:
 7589              		.loc 1 2180 3 discriminator 1 view .LVU2258
 7590 0044 254B     		ldr	r3, .L547+16
 7591              	.LVL867:
 7592              		.loc 1 2180 3 discriminator 1 view .LVU2259
 7593 0046 224A     		ldr	r2, .L547+4
 7594              	.LVL868:
 7595              		.loc 1 2180 3 discriminator 1 view .LVU2260
 7596 0048 EEE7     		b	.L546
 7597              	.LVL869:
 7598              	.L543:
2181:../../Middlewares/stedgeai-lib/Npu/ll_aton/ll_aton_lib_sw_operators.c **** 
2182:../../Middlewares/stedgeai-lib/Npu/ll_aton/ll_aton_lib_sw_operators.c ****   __ll_pad_sw_params_t common_params = {
 7599              		.loc 1 2182 3 is_stmt 1 view .LVU2261
 7600              		.loc 1 2182 24 is_stmt 0 view .LVU2262
 7601 004a A822     		movs	r2, #168
 7602              	.LVL870:
 7603              		.loc 1 2182 24 view .LVU2263
 7604 004c 0021     		movs	r1, #0
 7605              	.LVL871:
 7606              		.loc 1 2182 24 view .LVU2264
 7607 004e 08A8     		add	r0, sp, #32
 7608              	.LVL872:
 7609              		.loc 1 2182 24 view .LVU2265
 7610 0050 FFF7FEFF 		bl	memset
 7611              	.LVL873:
 7612              		.loc 1 2182 24 view .LVU2266
 7613 0054 3C9B     		ldr	r3, [sp, #240]
 7614 0056 CDE90287 		strd	r8, r7, [sp, #8]
 7615 005a 0693     		str	r3, [sp, #24]
 7616 005c 409F     		ldr	r7, [sp, #256]
 7617              	.LVL874:
 7618              		.loc 1 2182 24 view .LVU2267
 7619 005e 3D9B     		ldr	r3, [sp, #244]
 7620 0060 CDE90465 		strd	r6, r5, [sp, #16]
 7621 0064 0FAE     		add	r6, sp, #60
 7622              	.LVL875:
 7623              		.loc 1 2182 24 view .LVU2268
 7624 0066 0793     		str	r3, [sp, #28]
 7625 0068 0FCF     		ldmia	r7!, {r0, r1, r2, r3}
 7626 006a 0FC6     		stmia	r6!, {r0, r1, r2, r3}
 7627 006c 0FCF     		ldmia	r7!, {r0, r1, r2, r3}
 7628 006e 0FC6     		stmia	r6!, {r0, r1, r2, r3}
 7629 0070 97E80F00 		ldm	r7, {r0, r1, r2, r3}
 7630 0074 8DF82890 		strb	r9, [sp, #40]
 7631 0078 86E80F00 		stm	r6, {r0, r1, r2, r3}
 7632 007c 0FCC     		ldmia	r4!, {r0, r1, r2, r3}
 7633 007e 1BAE     		add	r6, sp, #108
 7634 0080 0FC6     		stmia	r6!, {r0, r1, r2, r3}
 7635 0082 0FCC     		ldmia	r4!, {r0, r1, r2, r3}
 7636 0084 0FC6     		stmia	r6!, {r0, r1, r2, r3}
 7637 0086 94E80F00 		ldm	r4, {r0, r1, r2, r3}
 7638 008a 86E80F00 		stm	r6, {r0, r1, r2, r3}
2183:../../Middlewares/stedgeai-lib/Npu/ll_aton/ll_aton_lib_sw_operators.c ****       .in_target = (int8_t *)input_start,
2184:../../Middlewares/stedgeai-lib/Npu/ll_aton/ll_aton_lib_sw_operators.c ****       .in_end = (int8_t *)input_end,
ARM GAS  /tmp/ccBdscOF.s 			page 224


2185:../../Middlewares/stedgeai-lib/Npu/ll_aton/ll_aton_lib_sw_operators.c ****       .in_limit = (int8_t *)input_limit,
2186:../../Middlewares/stedgeai-lib/Npu/ll_aton/ll_aton_lib_sw_operators.c ****       .out_target = (int8_t *)output_start,
2187:../../Middlewares/stedgeai-lib/Npu/ll_aton/ll_aton_lib_sw_operators.c ****       .out_end = (int8_t *)output_end,
2188:../../Middlewares/stedgeai-lib/Npu/ll_aton/ll_aton_lib_sw_operators.c ****       .out_limit = (int8_t *)output_limit,
2189:../../Middlewares/stedgeai-lib/Npu/ll_aton/ll_aton_lib_sw_operators.c ****       .nbytes = nbytes,
2190:../../Middlewares/stedgeai-lib/Npu/ll_aton/ll_aton_lib_sw_operators.c ****       .callback_function = NULL,
2191:../../Middlewares/stedgeai-lib/Npu/ll_aton/ll_aton_lib_sw_operators.c ****       .dma_in = dma_in,
2192:../../Middlewares/stedgeai-lib/Npu/ll_aton/ll_aton_lib_sw_operators.c ****       .dma_out = dma_out,
2193:../../Middlewares/stedgeai-lib/Npu/ll_aton/ll_aton_lib_sw_operators.c ****       .negative_4loop = *((struct four_axes *)negative_4loop),
2194:../../Middlewares/stedgeai-lib/Npu/ll_aton/ll_aton_lib_sw_operators.c ****       .positive_4loop = *((struct four_axes *)positive_4loop),
2195:../../Middlewares/stedgeai-lib/Npu/ll_aton/ll_aton_lib_sw_operators.c ****   };
2196:../../Middlewares/stedgeai-lib/Npu/ll_aton/ll_aton_lib_sw_operators.c **** 
2197:../../Middlewares/stedgeai-lib/Npu/ll_aton/ll_aton_lib_sw_operators.c ****   /* fill output with constant value
2198:../../Middlewares/stedgeai-lib/Npu/ll_aton/ll_aton_lib_sw_operators.c ****      (TODO: trade-off between one shot and multiple single short shots - without overwriting non co
2199:../../Middlewares/stedgeai-lib/Npu/ll_aton/ll_aton_lib_sw_operators.c ****      ranges - still to be evaluated) */
2200:../../Middlewares/stedgeai-lib/Npu/ll_aton/ll_aton_lib_sw_operators.c ****   size_t out_size = (size_t)(output_end - output_start);
 7639              		.loc 1 2200 41 view .LVU2269
 7640 008e 3C9B     		ldr	r3, [sp, #240]
2182:../../Middlewares/stedgeai-lib/Npu/ll_aton/ll_aton_lib_sw_operators.c ****       .in_target = (int8_t *)input_start,
 7641              		.loc 1 2182 24 view .LVU2270
 7642 0090 CDE928BA 		strd	fp, r10, [sp, #160]
 7643              		.loc 1 2200 3 is_stmt 1 view .LVU2271
 7644              		.loc 1 2200 41 is_stmt 0 view .LVU2272
 7645 0094 5A1B     		subs	r2, r3, r5
 7646              	.LVL876:
2201:../../Middlewares/stedgeai-lib/Npu/ll_aton/ll_aton_lib_sw_operators.c ****   if (out_size < __LL_PAD_FRAMING_DMA_MIN_BUFF_LEN)
 7647              		.loc 1 2201 3 is_stmt 1 view .LVU2273
 7648              		.loc 1 2201 6 is_stmt 0 view .LVU2274
 7649 0096 40F68B23 		movw	r3, #2699
 7650 009a 9A42     		cmp	r2, r3
 7651 009c 0BD8     		bhi	.L544
2202:../../Middlewares/stedgeai-lib/Npu/ll_aton/ll_aton_lib_sw_operators.c ****   {
2203:../../Middlewares/stedgeai-lib/Npu/ll_aton/ll_aton_lib_sw_operators.c ****     __ll_aton_lib_memset(nbytes, (int8_t *)output_start, constant_value, out_size);
 7652              		.loc 1 2203 5 is_stmt 1 view .LVU2275
 7653 009e 1346     		mov	r3, r2
 7654 00a0 4846     		mov	r0, r9
 7655 00a2 2946     		mov	r1, r5
 7656 00a4 3E9A     		ldr	r2, [sp, #248]
 7657              	.LVL877:
 7658              		.loc 1 2203 5 is_stmt 0 view .LVU2276
 7659 00a6 FFF7FEFF 		bl	__ll_aton_lib_memset.isra.0
 7660              	.LVL878:
2204:../../Middlewares/stedgeai-lib/Npu/ll_aton/ll_aton_lib_sw_operators.c ****     return __ll_aton_lib_pad_4loop_filling(&common_params);
 7661              		.loc 1 2204 5 is_stmt 1 view .LVU2277
 7662              		.loc 1 2204 12 is_stmt 0 view .LVU2278
 7663 00aa 02A8     		add	r0, sp, #8
 7664 00ac FFF7FEFF 		bl	__ll_aton_lib_pad_4loop_filling
 7665              	.LVL879:
 7666              	.L540:
2205:../../Middlewares/stedgeai-lib/Npu/ll_aton/ll_aton_lib_sw_operators.c ****   }
2206:../../Middlewares/stedgeai-lib/Npu/ll_aton/ll_aton_lib_sw_operators.c ****   else
2207:../../Middlewares/stedgeai-lib/Npu/ll_aton/ll_aton_lib_sw_operators.c ****   {
2208:../../Middlewares/stedgeai-lib/Npu/ll_aton/ll_aton_lib_sw_operators.c ****     common_params.callback_function = (pad_callback_func_t)&__ll_aton_lib_pad_4loop_filling;
2209:../../Middlewares/stedgeai-lib/Npu/ll_aton/ll_aton_lib_sw_operators.c ****     return LL_ATON_LIB_DMA_Pad_Memset((int8_t *)output_start, constant_value, out_size, &common_par
2210:../../Middlewares/stedgeai-lib/Npu/ll_aton/ll_aton_lib_sw_operators.c ****                                       false); // first phase (in this case `framing`) is made in HW
2211:../../Middlewares/stedgeai-lib/Npu/ll_aton/ll_aton_lib_sw_operators.c ****   }
2212:../../Middlewares/stedgeai-lib/Npu/ll_aton/ll_aton_lib_sw_operators.c **** }
ARM GAS  /tmp/ccBdscOF.s 			page 225


 7667              		.loc 1 2212 1 view .LVU2279
 7668 00b0 33B0     		add	sp, sp, #204
 7669              		.cfi_remember_state
 7670              		.cfi_def_cfa_offset 36
 7671              		@ sp needed
 7672 00b2 BDE8F08F 		pop	{r4, r5, r6, r7, r8, r9, r10, fp, pc}
 7673              	.LVL880:
 7674              	.L544:
 7675              		.cfi_restore_state
2208:../../Middlewares/stedgeai-lib/Npu/ll_aton/ll_aton_lib_sw_operators.c ****     return LL_ATON_LIB_DMA_Pad_Memset((int8_t *)output_start, constant_value, out_size, &common_par
 7676              		.loc 1 2208 5 is_stmt 1 view .LVU2280
2208:../../Middlewares/stedgeai-lib/Npu/ll_aton/ll_aton_lib_sw_operators.c ****     return LL_ATON_LIB_DMA_Pad_Memset((int8_t *)output_start, constant_value, out_size, &common_par
 7677              		.loc 1 2208 37 is_stmt 0 view .LVU2281
 7678 00b6 0A4B     		ldr	r3, .L547+20
2209:../../Middlewares/stedgeai-lib/Npu/ll_aton/ll_aton_lib_sw_operators.c ****                                       false); // first phase (in this case `framing`) is made in HW
 7679              		.loc 1 2209 12 view .LVU2282
 7680 00b8 2846     		mov	r0, r5
2208:../../Middlewares/stedgeai-lib/Npu/ll_aton/ll_aton_lib_sw_operators.c ****     return LL_ATON_LIB_DMA_Pad_Memset((int8_t *)output_start, constant_value, out_size, &common_par
 7681              		.loc 1 2208 37 view .LVU2283
 7682 00ba 2793     		str	r3, [sp, #156]
2209:../../Middlewares/stedgeai-lib/Npu/ll_aton/ll_aton_lib_sw_operators.c ****                                       false); // first phase (in this case `framing`) is made in HW
 7683              		.loc 1 2209 5 is_stmt 1 view .LVU2284
2209:../../Middlewares/stedgeai-lib/Npu/ll_aton/ll_aton_lib_sw_operators.c ****                                       false); // first phase (in this case `framing`) is made in HW
 7684              		.loc 1 2209 12 is_stmt 0 view .LVU2285
 7685 00bc 0023     		movs	r3, #0
 7686 00be 3E99     		ldr	r1, [sp, #248]
 7687 00c0 0093     		str	r3, [sp]
 7688 00c2 02AB     		add	r3, sp, #8
 7689 00c4 FFF7FEFF 		bl	LL_ATON_LIB_DMA_Pad_Memset
 7690              	.LVL881:
2209:../../Middlewares/stedgeai-lib/Npu/ll_aton/ll_aton_lib_sw_operators.c ****                                       false); // first phase (in this case `framing`) is made in HW
 7691              		.loc 1 2209 12 view .LVU2286
 7692 00c8 F2E7     		b	.L540
 7693              	.L548:
 7694 00ca 00BF     		.align	2
 7695              	.L547:
 7696 00cc 00000000 		.word	.LC46
 7697 00d0 00000000 		.word	__func__.1
 7698 00d4 2D000000 		.word	.LC1
 7699 00d8 0C000000 		.word	.LC47
 7700 00dc 00000000 		.word	.LC48
 7701 00e0 00000000 		.word	__ll_aton_lib_pad_4loop_filling
 7702              		.cfi_endproc
 7703              	.LFE370:
 7705              		.section	.rodata.__func__.0,"a"
 7708              	__func__.0:
 7709 0000 5F5F6C6C 		.ascii	"__ll_aton_lib_pad_4loop_filling\000"
 7709      5F61746F 
 7709      6E5F6C69 
 7709      625F7061 
 7709      645F346C 
 7710              		.section	.rodata.__func__.1,"a"
 7713              	__func__.1:
 7714 0000 4C4C5F41 		.ascii	"LL_ATON_LIB_Pad_4Loop\000"
 7714      544F4E5F 
 7714      4C49425F 
 7714      5061645F 
ARM GAS  /tmp/ccBdscOF.s 			page 226


 7714      344C6F6F 
 7715              		.section	.rodata.__func__.2,"a"
 7718              	__func__.2:
 7719 0000 5F5F6C6C 		.ascii	"__ll_aton_lib_pad_edge_sw\000"
 7719      5F61746F 
 7719      6E5F6C69 
 7719      625F7061 
 7719      645F6564 
 7720              		.section	.rodata.__func__.3,"a"
 7723              	__func__.3:
 7724 0000 5F5F6C6C 		.ascii	"__ll_aton_lib_reflect_inner_framing_sw\000"
 7724      5F61746F 
 7724      6E5F6C69 
 7724      625F7265 
 7724      666C6563 
 7725              		.section	.rodata.__func__.4,"a"
 7728              	__func__.4:
 7729 0000 5F5F6C6C 		.ascii	"__ll_aton_lib_pad_reflect_sw\000"
 7729      5F61746F 
 7729      6E5F6C69 
 7729      625F7061 
 7729      645F7265 
 7730              		.section	.rodata.__func__.5,"a"
 7733              	__func__.5:
 7734 0000 5F5F6C6C 		.ascii	"__ll_aton_lib_pad_filling_sw\000"
 7734      5F61746F 
 7734      6E5F6C69 
 7734      625F7061 
 7734      645F6669 
 7735              		.section	.rodata.__func__.6,"a"
 7738              	__func__.6:
 7739 0000 5F5F6C6C 		.ascii	"__ll_aton_lib_pad_filling\000"
 7739      5F61746F 
 7739      6E5F6C69 
 7739      625F7061 
 7739      645F6669 
 7740              		.section	.rodata.__func__.7,"a"
 7743              	__func__.7:
 7744 0000 5F5F6C6C 		.ascii	"__ll_aton_lib_memset32\000"
 7744      5F61746F 
 7744      6E5F6C69 
 7744      625F6D65 
 7744      6D736574 
 7745              		.section	.rodata.__func__.8,"a"
 7748              	__func__.8:
 7749 0000 5F5F6C6C 		.ascii	"__ll_aton_lib_memset24\000"
 7749      5F61746F 
 7749      6E5F6C69 
 7749      625F6D65 
 7749      6D736574 
 7750              		.section	.rodata.__func__.9,"a"
 7753              	__func__.9:
 7754 0000 5F5F6C6C 		.ascii	"__ll_aton_lib_memset16\000"
 7754      5F61746F 
 7754      6E5F6C69 
 7754      625F6D65 
 7754      6D736574 
ARM GAS  /tmp/ccBdscOF.s 			page 227


 7755              		.section	.rodata.__func__.10,"a"
 7758              	__func__.10:
 7759 0000 5F5F6C6C 		.ascii	"__ll_aton_lib_memset\000"
 7759      5F61746F 
 7759      6E5F6C69 
 7759      625F6D65 
 7759      6D736574 
 7760              		.section	.rodata.__FUNCTION__.11,"a"
 7763              	__FUNCTION__.11:
 7764 0000 5F5F6C6C 		.ascii	"__ll_aton_lib_pad_framing_sw\000"
 7764      5F61746F 
 7764      6E5F6C69 
 7764      625F7061 
 7764      645F6672 
 7765              		.section	.rodata.__func__.12,"a"
 7768              	__func__.12:
 7769 0000 5F5F6C6C 		.ascii	"__ll_aton_lib_pad_framing_sw\000"
 7769      5F61746F 
 7769      6E5F6C69 
 7769      625F7061 
 7769      645F6672 
 7770              		.section	.rodata.__FUNCTION__.13,"a"
 7773              	__FUNCTION__.13:
 7774 0000 4C4C5F41 		.ascii	"LL_ATON_LIB_Pad_Standard\000"
 7774      544F4E5F 
 7774      4C49425F 
 7774      5061645F 
 7774      5374616E 
 7775              		.section	.rodata.__func__.14,"a"
 7778              	__func__.14:
 7779 0000 4C4C5F41 		.ascii	"LL_ATON_LIB_Pad_Standard\000"
 7779      544F4E5F 
 7779      4C49425F 
 7779      5061645F 
 7779      5374616E 
 7780              		.section	.rodata.__func__.15,"a"
 7783              	__func__.15:
 7784 0000 5F5F6C6C 		.ascii	"__ll_transp_get_input_base_pos\000"
 7784      5F747261 
 7784      6E73705F 
 7784      6765745F 
 7784      696E7075 
 7785              		.section	.rodata.__func__.16,"a"
 7788              	__func__.16:
 7789 0000 5F5F6C6C 		.ascii	"__ll_transp_find_input_index\000"
 7789      5F747261 
 7789      6E73705F 
 7789      66696E64 
 7789      5F696E70 
 7790              		.section	.rodata.__func__.18,"a"
 7793              	__func__.18:
 7794 0000 5F5F6C6C 		.ascii	"__ll_aton_lib_transpose\000"
 7794      5F61746F 
 7794      6E5F6C69 
 7794      625F7472 
 7794      616E7370 
 7795              		.section	.rodata.__func__.19,"a"
ARM GAS  /tmp/ccBdscOF.s 			page 228


 7798              	__func__.19:
 7799 0000 5F5F6C6C 		.ascii	"__ll_transp_get_inner_out_axis\000"
 7799      5F747261 
 7799      6E73705F 
 7799      6765745F 
 7799      696E6E65 
 7800              		.section	.rodata.__func__.20,"a"
 7803              	__func__.20:
 7804 0000 5F5F6C6C 		.ascii	"__ll_transp_get_output_base_pos_3or4\000"
 7804      5F747261 
 7804      6E73705F 
 7804      6765745F 
 7804      6F757470 
 7805              		.section	.rodata.__FUNCTION__.22,"a"
 7808              	__FUNCTION__.22:
 7809 0000 4C4C5F41 		.ascii	"LL_ATON_LIB_Transpose\000"
 7809      544F4E5F 
 7809      4C49425F 
 7809      5472616E 
 7809      73706F73 
 7810              		.section	.rodata.__FUNCTION__.23,"a"
 7813              	__FUNCTION__.23:
 7814 0000 4C4C5F41 		.ascii	"LL_ATON_LIB_SW_DepthToSpace\000"
 7814      544F4E5F 
 7814      4C49425F 
 7814      53575F44 
 7814      65707468 
 7815              		.section	.rodata.__FUNCTION__.24,"a"
 7818              	__FUNCTION__.24:
 7819 0000 4C4C5F41 		.ascii	"LL_ATON_LIB_SW_SpaceToDepth\000"
 7819      544F4E5F 
 7819      4C49425F 
 7819      53575F53 
 7819      70616365 
 7820              		.section	.rodata.__FUNCTION__.25,"a"
 7823              	__FUNCTION__.25:
 7824 0000 5F5F6C6C 		.ascii	"__ll_aton_lib_sw_outputs_flat_copy\000"
 7824      5F61746F 
 7824      6E5F6C69 
 7824      625F7377 
 7824      5F6F7574 
 7825              		.section	.rodata.__func__.26,"a"
 7828              	__func__.26:
 7829 0000 5F5F6C6C 		.ascii	"__ll_aton_lib_split_channel_batched\000"
 7829      5F61746F 
 7829      6E5F6C69 
 7829      625F7370 
 7829      6C69745F 
 7830              		.section	.rodata.__func__.27,"a"
 7833              	__func__.27:
 7834 0000 4C4C5F41 		.ascii	"LL_ATON_LIB_Split\000"
 7834      544F4E5F 
 7834      4C49425F 
 7834      53706C69 
 7834      7400
 7835              		.section	.rodata.__FUNCTION__.28,"a"
 7838              	__FUNCTION__.28:
ARM GAS  /tmp/ccBdscOF.s 			page 229


 7839 0000 4C4C5F41 		.ascii	"LL_ATON_LIB_Split\000"
 7839      544F4E5F 
 7839      4C49425F 
 7839      53706C69 
 7839      7400
 7840              		.section	.rodata.__func__.29,"a"
 7843              	__func__.29:
 7844 0000 5F5F6C6C 		.ascii	"__ll_aton_lib_copy_element\000"
 7844      5F61746F 
 7844      6E5F6C69 
 7844      625F636F 
 7844      70795F65 
 7845              		.section	.rodata.__func__.30,"a"
 7848              	__func__.30:
 7849 0000 5F5F6C6C 		.ascii	"__ll_aton_lib_is_in_slice\000"
 7849      5F61746F 
 7849      6E5F6C69 
 7849      625F6973 
 7849      5F696E5F 
 7850              		.section	.rodata.__func__.31,"a"
 7853              	__func__.31:
 7854 0000 5F5F6C6C 		.ascii	"__ll_slice_get_input_and_output_base_pos\000"
 7854      5F736C69 
 7854      63655F67 
 7854      65745F69 
 7854      6E707574 
 7855              		.section	.rodata.__func__.32,"a"
 7858              	__func__.32:
 7859 0000 5F5F6C6C 		.ascii	"__ll_aton_lib_slice\000"
 7859      5F61746F 
 7859      6E5F6C69 
 7859      625F736C 
 7859      69636500 
 7860              		.section	.rodata.__FUNCTION__.33,"a"
 7863              	__FUNCTION__.33:
 7864 0000 4C4C5F41 		.ascii	"LL_ATON_LIB_Slice\000"
 7864      544F4E5F 
 7864      4C49425F 
 7864      536C6963 
 7864      6500
 7865              		.section	.rodata.onnx_lut,"a"
 7866              		.align	2
 7869              	onnx_lut:
 7870 0000 00000000 		.word	0
 7871 0004 02000000 		.word	2
 7872 0008 03000000 		.word	3
 7873 000c 01000000 		.word	1
 7874              		.section	.rodata.aton_lut,"a"
 7875              		.align	2
 7878              	aton_lut:
 7879 0000 00000000 		.word	0
 7880 0004 03000000 		.word	3
 7881 0008 01000000 		.word	1
 7882 000c 02000000 		.word	2
 7883              		.text
 7884              	.Letext0:
 7885              		.file 4 "/home/min/snap/code/235/.local/share/stm32cube/bundles/gnu-tools-for-stm32/14.3.1+st.2/ar
ARM GAS  /tmp/ccBdscOF.s 			page 230


 7886              		.file 5 "/home/min/snap/code/235/.local/share/stm32cube/bundles/gnu-tools-for-stm32/14.3.1+st.2/ar
 7887              		.file 6 "/home/min/snap/code/235/.local/share/stm32cube/bundles/gnu-tools-for-stm32/14.3.1+st.2/li
 7888              		.file 7 "../../Middlewares/stedgeai-lib/Npu/ll_aton/ll_aton_cipher.h"
 7889              		.file 8 "../../Middlewares/stedgeai-lib/Npu/ll_aton/ll_aton_lib_sw_operators.h"
 7890              		.file 9 "../../Middlewares/stedgeai-lib/Npu/ll_aton/ll_aton_lib.h"
 7891              		.file 10 "/home/min/snap/code/235/.local/share/stm32cube/bundles/gnu-tools-for-stm32/14.3.1+st.2/a
 7892              		.file 11 "../../Middlewares/stedgeai-lib/Npu/Devices/STM32N6xx/mcu_cache.h"
 7893              		.file 12 "/home/min/snap/code/235/.local/share/stm32cube/bundles/gnu-tools-for-stm32/14.3.1+st.2/a
 7894              		.file 13 "<built-in>"
ARM GAS  /tmp/ccBdscOF.s 			page 231


DEFINED SYMBOLS
                            *ABS*:00000000 ll_aton_lib_sw_operators.c
     /tmp/ccBdscOF.s:26     .text.LL_Buffer_addr_start:00000000 $t
     /tmp/ccBdscOF.s:31     .text.LL_Buffer_addr_start:00000000 LL_Buffer_addr_start
     /tmp/ccBdscOF.s:76     .text.__ll_aton_lib_split_aton_canonical:00000000 $t
     /tmp/ccBdscOF.s:81     .text.__ll_aton_lib_split_aton_canonical:00000000 __ll_aton_lib_split_aton_canonical
     /tmp/ccBdscOF.s:332    .text.__ll_aton_lib_split_aton_canonical:000000e4 $d
     /tmp/ccBdscOF.s:7878   .rodata.aton_lut:00000000 aton_lut
     /tmp/ccBdscOF.s:7869   .rodata.onnx_lut:00000000 onnx_lut
     /tmp/ccBdscOF.s:349    .text.__ll_aton_lib_pad_filling_sw:00000000 $t
     /tmp/ccBdscOF.s:354    .text.__ll_aton_lib_pad_filling_sw:00000000 __ll_aton_lib_pad_filling_sw
     /tmp/ccBdscOF.s:528    .text.__ll_aton_lib_pad_filling_sw:000000c4 $d
     /tmp/ccBdscOF.s:7733   .rodata.__func__.5:00000000 __func__.5
     /tmp/ccBdscOF.s:539    .text.__ll_aton_lib_pad_filling:00000000 $t
     /tmp/ccBdscOF.s:544    .text.__ll_aton_lib_pad_filling:00000000 __ll_aton_lib_pad_filling
     /tmp/ccBdscOF.s:694    .text.__ll_aton_lib_pad_filling:00000070 $d
     /tmp/ccBdscOF.s:7738   .rodata.__func__.6:00000000 __func__.6
     /tmp/ccBdscOF.s:707    .text.__ll_aton_lib_is_in_slice:00000000 $t
     /tmp/ccBdscOF.s:712    .text.__ll_aton_lib_is_in_slice:00000000 __ll_aton_lib_is_in_slice
     /tmp/ccBdscOF.s:841    .text.__ll_aton_lib_is_in_slice:00000064 $d
     /tmp/ccBdscOF.s:7848   .rodata.__func__.30:00000000 __func__.30
     /tmp/ccBdscOF.s:852    .text.__ll_transp_get_inner_out_axis:00000000 $t
     /tmp/ccBdscOF.s:857    .text.__ll_transp_get_inner_out_axis:00000000 __ll_transp_get_inner_out_axis
     /tmp/ccBdscOF.s:937    .text.__ll_transp_get_inner_out_axis:0000002c $d
     /tmp/ccBdscOF.s:7798   .rodata.__func__.19:00000000 __func__.19
     /tmp/ccBdscOF.s:957    .text.__ll_aton_lib_memset.isra.0:00000000 $t
     /tmp/ccBdscOF.s:962    .text.__ll_aton_lib_memset.isra.0:00000000 __ll_aton_lib_memset.isra.0
     /tmp/ccBdscOF.s:997    .text.__ll_aton_lib_memset.isra.0:0000001a $d
     /tmp/ccBdscOF.s:1001   .text.__ll_aton_lib_memset.isra.0:0000001e $t
     /tmp/ccBdscOF.s:1317   .text.__ll_aton_lib_memset.isra.0:00000134 $d
     /tmp/ccBdscOF.s:7753   .rodata.__func__.9:00000000 __func__.9
     /tmp/ccBdscOF.s:7748   .rodata.__func__.8:00000000 __func__.8
     /tmp/ccBdscOF.s:7743   .rodata.__func__.7:00000000 __func__.7
     /tmp/ccBdscOF.s:7758   .rodata.__func__.10:00000000 __func__.10
     /tmp/ccBdscOF.s:1338   .text.__ll_aton_lib_pad_edge_sw:00000000 $t
     /tmp/ccBdscOF.s:1343   .text.__ll_aton_lib_pad_edge_sw:00000000 __ll_aton_lib_pad_edge_sw
     /tmp/ccBdscOF.s:1720   .text.__ll_aton_lib_pad_edge_sw:0000017c $d
     /tmp/ccBdscOF.s:7718   .rodata.__func__.2:00000000 __func__.2
     /tmp/ccBdscOF.s:1737   .text.__ll_aton_lib_copy_element.isra.0:00000000 $t
     /tmp/ccBdscOF.s:1742   .text.__ll_aton_lib_copy_element.isra.0:00000000 __ll_aton_lib_copy_element.isra.0
     /tmp/ccBdscOF.s:1763   .text.__ll_aton_lib_copy_element.isra.0:0000000c $d
     /tmp/ccBdscOF.s:1767   .text.__ll_aton_lib_copy_element.isra.0:00000010 $t
     /tmp/ccBdscOF.s:1902   .text.__ll_aton_lib_copy_element.isra.0:00000078 $d
     /tmp/ccBdscOF.s:7843   .rodata.__func__.29:00000000 __func__.29
     /tmp/ccBdscOF.s:1932   .text.__ll_aton_lib_reflect_inner_framing_sw.isra.0:00000000 $t
     /tmp/ccBdscOF.s:1937   .text.__ll_aton_lib_reflect_inner_framing_sw.isra.0:00000000 __ll_aton_lib_reflect_inner_framing_sw.isra.0
     /tmp/ccBdscOF.s:2350   .text.__ll_aton_lib_reflect_inner_framing_sw.isra.0:00000170 $d
     /tmp/ccBdscOF.s:7723   .rodata.__func__.3:00000000 __func__.3
     /tmp/ccBdscOF.s:2380   .text.__ll_aton_lib_pad_reflect_sw:00000000 $t
     /tmp/ccBdscOF.s:2385   .text.__ll_aton_lib_pad_reflect_sw:00000000 __ll_aton_lib_pad_reflect_sw
     /tmp/ccBdscOF.s:3086   .text.__ll_aton_lib_pad_reflect_sw:000002e8 $d
     /tmp/ccBdscOF.s:7728   .rodata.__func__.4:00000000 __func__.4
     /tmp/ccBdscOF.s:3102   .text.__ll_aton_lib_pad_reflect_sw:0000031c $t
     /tmp/ccBdscOF.s:3132   .text.__ll_slice_copy_elem:00000000 $t
     /tmp/ccBdscOF.s:3137   .text.__ll_slice_copy_elem:00000000 __ll_slice_copy_elem
     /tmp/ccBdscOF.s:3232   .text.__ll_aton_lib_pad_4loop_filling:00000000 $t
     /tmp/ccBdscOF.s:3237   .text.__ll_aton_lib_pad_4loop_filling:00000000 __ll_aton_lib_pad_4loop_filling
ARM GAS  /tmp/ccBdscOF.s 			page 232


     /tmp/ccBdscOF.s:3331   .text.__ll_aton_lib_pad_4loop_filling:0000003c $d
     /tmp/ccBdscOF.s:7708   .rodata.__func__.0:00000000 __func__.0
     /tmp/ccBdscOF.s:3342   .text.__ll_aton_lib_pad_framing_sw:00000000 $t
     /tmp/ccBdscOF.s:3347   .text.__ll_aton_lib_pad_framing_sw:00000000 __ll_aton_lib_pad_framing_sw
     /tmp/ccBdscOF.s:3474   .text.__ll_aton_lib_pad_framing_sw:00000078 $d
     /tmp/ccBdscOF.s:7768   .rodata.__func__.12:00000000 __func__.12
     /tmp/ccBdscOF.s:7763   .rodata.__FUNCTION__.11:00000000 __FUNCTION__.11
     /tmp/ccBdscOF.s:3492   .text.__ll_aton_lib_transpose:00000000 $t
     /tmp/ccBdscOF.s:3497   .text.__ll_aton_lib_transpose:00000000 __ll_aton_lib_transpose
     /tmp/ccBdscOF.s:3858   .text.__ll_aton_lib_transpose:000000f8 $d
     /tmp/ccBdscOF.s:7793   .rodata.__func__.18:00000000 __func__.18
     /tmp/ccBdscOF.s:7788   .rodata.__func__.16:00000000 __func__.16
     /tmp/ccBdscOF.s:7783   .rodata.__func__.15:00000000 __func__.15
     /tmp/ccBdscOF.s:3875   .text.__ll_aton_lib_slice:00000000 $t
     /tmp/ccBdscOF.s:3880   .text.__ll_aton_lib_slice:00000000 __ll_aton_lib_slice
     /tmp/ccBdscOF.s:4188   .text.__ll_aton_lib_slice:00000110 $d
     /tmp/ccBdscOF.s:7858   .rodata.__func__.32:00000000 __func__.32
     /tmp/ccBdscOF.s:7853   .rodata.__func__.31:00000000 __func__.31
     /tmp/ccBdscOF.s:4198   .text.LL_ATON_LIB_Slice:00000000 $t
     /tmp/ccBdscOF.s:4204   .text.LL_ATON_LIB_Slice:00000000 LL_ATON_LIB_Slice
     /tmp/ccBdscOF.s:4343   .text.LL_ATON_LIB_Slice:0000007c $d
     /tmp/ccBdscOF.s:7863   .rodata.__FUNCTION__.33:00000000 __FUNCTION__.33
     /tmp/ccBdscOF.s:4366   .text.LL_ATON_LIB_Split:00000000 $t
     /tmp/ccBdscOF.s:4372   .text.LL_ATON_LIB_Split:00000000 LL_ATON_LIB_Split
     /tmp/ccBdscOF.s:4526   .text.LL_ATON_LIB_Split:000000a2 $d
     /tmp/ccBdscOF.s:4979   .text.LL_ATON_LIB_Split:00000270 $d
     /tmp/ccBdscOF.s:7838   .rodata.__FUNCTION__.28:00000000 __FUNCTION__.28
     /tmp/ccBdscOF.s:7833   .rodata.__func__.27:00000000 __func__.27
     /tmp/ccBdscOF.s:7828   .rodata.__func__.26:00000000 __func__.26
     /tmp/ccBdscOF.s:4995   .text.LL_ATON_LIB_Split:000002a0 $t
     /tmp/ccBdscOF.s:5465   .text.LL_ATON_LIB_Split:00000450 $d
     /tmp/ccBdscOF.s:7823   .rodata.__FUNCTION__.25:00000000 __FUNCTION__.25
     /tmp/ccBdscOF.s:5477   .text.LL_ATON_LIB_SW_SpaceToDepth:00000000 $t
     /tmp/ccBdscOF.s:5483   .text.LL_ATON_LIB_SW_SpaceToDepth:00000000 LL_ATON_LIB_SW_SpaceToDepth
     /tmp/ccBdscOF.s:5879   .text.LL_ATON_LIB_SW_SpaceToDepth:00000140 $d
     /tmp/ccBdscOF.s:7818   .rodata.__FUNCTION__.24:00000000 __FUNCTION__.24
     /tmp/ccBdscOF.s:5886   .text.LL_ATON_LIB_SW_DepthToSpace:00000000 $t
     /tmp/ccBdscOF.s:5892   .text.LL_ATON_LIB_SW_DepthToSpace:00000000 LL_ATON_LIB_SW_DepthToSpace
     /tmp/ccBdscOF.s:6615   .text.LL_ATON_LIB_SW_DepthToSpace:00000278 $d
     /tmp/ccBdscOF.s:7813   .rodata.__FUNCTION__.23:00000000 __FUNCTION__.23
     /tmp/ccBdscOF.s:6627   .text.LL_ATON_LIB_Transpose:00000000 $t
     /tmp/ccBdscOF.s:6633   .text.LL_ATON_LIB_Transpose:00000000 LL_ATON_LIB_Transpose
     /tmp/ccBdscOF.s:7206   .text.LL_ATON_LIB_Transpose:000001b0 $d
     /tmp/ccBdscOF.s:7808   .rodata.__FUNCTION__.22:00000000 __FUNCTION__.22
     /tmp/ccBdscOF.s:7803   .rodata.__func__.20:00000000 __func__.20
     /tmp/ccBdscOF.s:7220   .text.LL_ATON_LIB_Pad_Standard:00000000 $t
     /tmp/ccBdscOF.s:7226   .text.LL_ATON_LIB_Pad_Standard:00000000 LL_ATON_LIB_Pad_Standard
     /tmp/ccBdscOF.s:7496   .text.LL_ATON_LIB_Pad_Standard:00000148 $d
     /tmp/ccBdscOF.s:7778   .rodata.__func__.14:00000000 __func__.14
     /tmp/ccBdscOF.s:7773   .rodata.__FUNCTION__.13:00000000 __FUNCTION__.13
     /tmp/ccBdscOF.s:7510   .text.LL_ATON_LIB_Pad_4Loop:00000000 $t
     /tmp/ccBdscOF.s:7516   .text.LL_ATON_LIB_Pad_4Loop:00000000 LL_ATON_LIB_Pad_4Loop
     /tmp/ccBdscOF.s:7696   .text.LL_ATON_LIB_Pad_4Loop:000000cc $d
     /tmp/ccBdscOF.s:7713   .rodata.__func__.1:00000000 __func__.1
     /tmp/ccBdscOF.s:7866   .rodata.onnx_lut:00000000 $d
     /tmp/ccBdscOF.s:7875   .rodata.aton_lut:00000000 $d
     /tmp/ccBdscOF.s:4529   .text.LL_ATON_LIB_Split:000000a5 $d
ARM GAS  /tmp/ccBdscOF.s 			page 233


     /tmp/ccBdscOF.s:4529   .text.LL_ATON_LIB_Split:000000a6 $t
                           .group:00000000 wm4.0.0340b1c6b35792986b320b0caf0e6143
                           .group:00000000 wm4._newlib_version.h.4.0eb654b64686e2bd29646258853f6c22
                           .group:00000000 wm4.newlib.h.27.b904f6f8971bd921b436e5701877de32
                           .group:00000000 wm4.ieeefp.h.77.99029d7b8220a2cd73dd257e2bbe825d
                           .group:00000000 wm4.features.h.22.4b93ad64e0d80833c46a20ecae380bb0
                           .group:00000000 wm4.config.h.224.10ee1ad185d877c6e334e6581faab44d
                           .group:00000000 wm4._intsup.h.10.48bafbb683905c4daa4565a85aeeb264
                           .group:00000000 wm4._ansi.h.8.aeadd4934928258a76627d21910677e3
                           .group:00000000 wm4._default_types.h.6.959254cf5f09734ea7516c89e8bb21bd
                           .group:00000000 wm4._stdint.h.10.c24fa3af3bc1706662bb5593a907e841
                           .group:00000000 wm4.stdint.h.23.d53047a68f4a85177f80b422d52785ed
                           .group:00000000 wm4.stddef.h.282.7970ed65cf547222aae8d8248c9ccfba
                           .group:00000000 wm4.inttypes.h.28.684aa7736e7ecc9a6ffc44acc61c7a90
                           .group:00000000 wm4.stdbool.h.29.c08aa3eec75cf5b9b5003883f43253f0
                           .group:00000000 wm4.assert.h.11.db24e541f16414db224bf986d21017e2
                           .group:00000000 wm4.errno.h.2.ba016d646105af6cad23be83630b6a3f
                           .group:00000000 wm4.stddef.h.39.077cb1b1a2a1d5569862ced6eea2f272
                           .group:00000000 wm4.cdefs.h.49.56fd742369e655e7e8a7e365e706e208
                           .group:00000000 wm4._types.h.20.dd0d04dca3800a0d2a6129b87f3adbb2
                           .group:00000000 wm4.stddef.h.173.4903093a50a8482cb062b176ea61fac3
                           .group:00000000 wm4._types.h.127.3bdfe3ff8ea2d0985b03d9cbe93480e3
                           .group:00000000 wm4.reent.h.18.25503cdc8b7e55dd0d6ea7b3e5af7a03
                           .group:00000000 wm4.lock.h.2.1461d1fff82dffe8bfddc23307f6484f
                           .group:00000000 wm4.reent.h.78.6d702f69a6d6435d2dbe915b10150b1a
                           .group:00000000 wm4.errno.h.18.87873c1c5b242e8a4fdc43daa9aad824
                           .group:00000000 wm4.stdio.h.27.3fc80220048df77954e38daec3bb9670
                           .group:00000000 wm4.stddef.h.173.1cea4f16a943c8e875db6791959c3141
                           .group:00000000 wm4.stdarg.h.34.3a23a216c0c293b3d2ea2e89281481e6
                           .group:00000000 wm4.stdio.h.47.dc31ec4674d7bcb103c9f08809549f45
                           .group:00000000 wm4.stdio.h.2.4aa87247282eca6c8f36f9de33d8df1a
                           .group:00000000 wm4.stdio.h.87.a1e20d2651f9bfb66e51bfbe849db00a
                           .group:00000000 wm4.ll_aton_util.h.34.9098eaa90d3d72b819973556e3e5fe44
                           .group:00000000 wm4.ll_aton_attributes.h.20.26d469460cb32db5740effdc8cc403f3
                           .group:00000000 wm4.ll_aton_config.h.20.27cfa9f6f5afc4105991355367358a39
                           .group:00000000 wm4.ll_aton_osal.h.20.08c7c488030992aa35928699d77c6f6e
                           .group:00000000 wm4.ll_aton_platform.h.20.8f1d4e7781c282794886ffdd00ccd30b
                           .group:00000000 wm4.stm32n6xx.h.34.c523a1ffdf274a69e8802892c6776332
                           .group:00000000 wm4.stm32n657xx.h.26.acd272cb67318cc1a4791ce2f0720ca6
                           .group:00000000 wm4.cmsis_version.h.30.d128735bf87720f7436b74fefeb5043c
                           .group:00000000 wm4.core_cm55.h.67.25006a3ce7048d64bcddd2996d5fac93
                           .group:00000000 wm4.arm_acle.h.28.a0697f530ff2dbf8c463bef049b82760
                           .group:00000000 wm4.cmsis_gcc.h.39.eba7438bc45fd1a6e6376b63ffe44436
                           .group:00000000 wm4.cmsis_gcc_m.h.24.e590ec51aeda3a1242400351d73f5dce
                           .group:00000000 wm4.core_cm55.h.213.0528f46a674315ef8d35c4477e230358
                           .group:00000000 wm4.armv8m_mpu.h.24.bf28cc25bee30a7ff9d2f7a44a5e2230
                           .group:00000000 wm4.armv8m_pmu.h.24.6ded195d2625055391fd378c0e1d2519
                           .group:00000000 wm4.core_cm55.h.4477.396e822ef855bcfb932819ad48de1c4c
                           .group:00000000 wm4.armv7m_cachel1.h.24.936dd92d6e204a8d0b17d5e4ea4a356e
                           .group:00000000 wm4.stm32n657xx.h.575.78d331c417ec710388ced647138f735f
                           .group:00000000 wm4.stm32n6xx.h.116.b4247d9785590e7c5ec9234ffb2153bf
                           .group:00000000 wm4.ll_aton_platform.h.205.098bebcb126012e5dfc0544db0a7d4c8
                           .group:00000000 wm4.syslimits.h.34.de5cbd310098bc5895998b6bde577ed2
                           .group:00000000 wm4.limits.h.9.70fb0ada6f71b16202a66baaa6d8ea70
                           .group:00000000 wm4.limits.h.60.56a1ae353e2028a24298ec6463b8b593
                           .group:00000000 wm4.string.h.8.c4b8571ce60dff2817f43fec8b86aecd
                           .group:00000000 wm4.string.h.177.59a005921fa78485abc80a0267de5752
ARM GAS  /tmp/ccBdscOF.s 			page 234


                           .group:00000000 wm4.ATONidxs.h.16.969ebf3fd32e13543179e6907b3869c9
                           .group:00000000 wm4.ATON.h.19.0bce86f27eb7ac354272c44c1804cd24
                           .group:00000000 wm4.ll_aton_rcompat.h.22.4788366561a5f8dfb37661f794bdd403
                           .group:00000000 wm4.ll_aton_platform.h.279.2fa1ab569e6816db5b603cc3ef09d875
                           .group:00000000 wm4.ll_aton.h.44.a69cab2c3dfd65cb5a1024375349aaea
                           .group:00000000 wm4.ll_aton_cipher.h.20.e98fdae11c912f4036a83cedb835e14e
                           .group:00000000 wm4.math.h.13.47cfc34cae8a1153323939c4d32cf7c2
                           .group:00000000 wm4.ll_aton_lib_sw_operators.h.36.ffce4404543dc6b47c059d7f35efd083
                           .group:00000000 wm4.ll_aton_lib.h.33.e67d8c8c1221cf0e13c3ad10a8b89996
                           .group:00000000 wm4.stdlib.h.13.4ed386f5c1a80d71e72172885d946ef2
                           .group:00000000 wm4.alloca.h.8.dfc0c703c47ec3e69746825b17d9e66d
                           .group:00000000 wm4.stdlib.h.56.f4862cfbf4363a1db01842d5bdf72c18
                           .group:00000000 wm4.ll_aton_rt_user_api.h.21.44fe1c9f8282309fb1760d7816b478cb

UNDEFINED SYMBOLS
memcpy
__assert_func
mcu_cache_clean_range
LL_ATON_LIB_DMA_Pad_Filling
mcu_cache_clean_invalidate_range
__ll_current_aton_ip_owner
memset
LL_ATON_LIB_DMA_Pad_4Loop_Filling
__ll_lib_error
LL_ATON_LIB_DMA_Outputs_Channel_Split_Aton
LL_ATON_LIB_DMA_Outputs_Channel_Split_Batched
LL_ATON_LIB_DMA_Outputs_Flat_Copy
LL_ATON_LIB_DMA_Pad_Memset
