ARM GAS  /tmp/ccYuK7WA.s 			page 1


   1              		.arch armv8.1-m.main
   2              		.fpu fpv5-d16
   3              		.arch_extension dsp
   4              		.arch_extension fp
   5              		.arch_extension fp.dp
   6              		.arch_extension mve
   7              		.arch_extension mve.fp
   8              		.eabi_attribute 5, "cortex-m55"
   9              		.eabi_attribute 28, 1
  10              		.eabi_attribute 20, 1
  11              		.eabi_attribute 21, 1
  12              		.eabi_attribute 23, 3
  13              		.eabi_attribute 24, 1
  14              		.eabi_attribute 25, 1
  15              		.eabi_attribute 26, 1
  16              		.eabi_attribute 30, 4
  17              		.eabi_attribute 34, 1
  18              		.eabi_attribute 38, 1
  19              		.eabi_attribute 18, 4
  20              		.file	"stai_network.c"
  21              		.text
  22              	.Ltext0:
  23              		.cfi_sections	.debug_frame
  24              		.file 1 "../../Model/STM32N6570-DK/stai_network.c"
  25              		.section	.text.LL_Buffer_addr_start,"ax",%progbits
  26              		.align	1
  27              		.syntax unified
  28              		.thumb
  29              		.thumb_func
  31              	LL_Buffer_addr_start:
  32              	.LVL0:
  33              	.LFB15:
  34              		.file 2 "../../Middlewares/stedgeai-lib/Npu/ll_aton/ll_aton_NN_interface.h"
   1:../../Middlewares/stedgeai-lib/Npu/ll_aton/ll_aton_NN_interface.h **** /**
   2:../../Middlewares/stedgeai-lib/Npu/ll_aton/ll_aton_NN_interface.h ****  ******************************************************************************
   3:../../Middlewares/stedgeai-lib/Npu/ll_aton/ll_aton_NN_interface.h ****  * @file    ll_aton_NN_interface.h
   4:../../Middlewares/stedgeai-lib/Npu/ll_aton/ll_aton_NN_interface.h ****  * @author  SRA Artificial Intelligence & Embedded Architectures
   5:../../Middlewares/stedgeai-lib/Npu/ll_aton/ll_aton_NN_interface.h ****  * @brief   Interface that defines a NN generated by the AtoNN Compiler.
   6:../../Middlewares/stedgeai-lib/Npu/ll_aton/ll_aton_NN_interface.h ****  ******************************************************************************
   7:../../Middlewares/stedgeai-lib/Npu/ll_aton/ll_aton_NN_interface.h ****  * @attention
   8:../../Middlewares/stedgeai-lib/Npu/ll_aton/ll_aton_NN_interface.h ****  *
   9:../../Middlewares/stedgeai-lib/Npu/ll_aton/ll_aton_NN_interface.h ****  * Copyright (c) 2024 STMicroelectronics.
  10:../../Middlewares/stedgeai-lib/Npu/ll_aton/ll_aton_NN_interface.h ****  * All rights reserved.
  11:../../Middlewares/stedgeai-lib/Npu/ll_aton/ll_aton_NN_interface.h ****  *
  12:../../Middlewares/stedgeai-lib/Npu/ll_aton/ll_aton_NN_interface.h ****  * This software is licensed under terms that can be found in the LICENSE file
  13:../../Middlewares/stedgeai-lib/Npu/ll_aton/ll_aton_NN_interface.h ****  * in the root directory of this software component.
  14:../../Middlewares/stedgeai-lib/Npu/ll_aton/ll_aton_NN_interface.h ****  * If no LICENSE file comes with this software, it is provided AS-IS.
  15:../../Middlewares/stedgeai-lib/Npu/ll_aton/ll_aton_NN_interface.h ****  *
  16:../../Middlewares/stedgeai-lib/Npu/ll_aton/ll_aton_NN_interface.h ****  ******************************************************************************
  17:../../Middlewares/stedgeai-lib/Npu/ll_aton/ll_aton_NN_interface.h ****  */
  18:../../Middlewares/stedgeai-lib/Npu/ll_aton/ll_aton_NN_interface.h **** 
  19:../../Middlewares/stedgeai-lib/Npu/ll_aton/ll_aton_NN_interface.h **** #ifndef __LL_ATON_NN_INTERFACE_H
  20:../../Middlewares/stedgeai-lib/Npu/ll_aton/ll_aton_NN_interface.h **** #define __LL_ATON_NN_INTERFACE_H
  21:../../Middlewares/stedgeai-lib/Npu/ll_aton/ll_aton_NN_interface.h **** 
  22:../../Middlewares/stedgeai-lib/Npu/ll_aton/ll_aton_NN_interface.h **** #ifdef __cplusplus
  23:../../Middlewares/stedgeai-lib/Npu/ll_aton/ll_aton_NN_interface.h **** extern "C"
  24:../../Middlewares/stedgeai-lib/Npu/ll_aton/ll_aton_NN_interface.h **** {
ARM GAS  /tmp/ccYuK7WA.s 			page 2


  25:../../Middlewares/stedgeai-lib/Npu/ll_aton/ll_aton_NN_interface.h **** #endif
  26:../../Middlewares/stedgeai-lib/Npu/ll_aton/ll_aton_NN_interface.h **** 
  27:../../Middlewares/stedgeai-lib/Npu/ll_aton/ll_aton_NN_interface.h **** #include <stdbool.h>
  28:../../Middlewares/stedgeai-lib/Npu/ll_aton/ll_aton_NN_interface.h **** #include <stddef.h>
  29:../../Middlewares/stedgeai-lib/Npu/ll_aton/ll_aton_NN_interface.h **** #include <stdint.h>
  30:../../Middlewares/stedgeai-lib/Npu/ll_aton/ll_aton_NN_interface.h **** 
  31:../../Middlewares/stedgeai-lib/Npu/ll_aton/ll_aton_NN_interface.h **** #include "ll_aton_config.h"
  32:../../Middlewares/stedgeai-lib/Npu/ll_aton/ll_aton_NN_interface.h **** 
  33:../../Middlewares/stedgeai-lib/Npu/ll_aton/ll_aton_NN_interface.h **** #include "ll_aton_attributes.h"
  34:../../Middlewares/stedgeai-lib/Npu/ll_aton/ll_aton_NN_interface.h **** #include "ll_aton_cipher.h"
  35:../../Middlewares/stedgeai-lib/Npu/ll_aton/ll_aton_NN_interface.h **** #include "ll_aton_util.h"
  36:../../Middlewares/stedgeai-lib/Npu/ll_aton/ll_aton_NN_interface.h **** 
  37:../../Middlewares/stedgeai-lib/Npu/ll_aton/ll_aton_NN_interface.h ****   /** @defgroup User I/O Return Values & Callback Event Types
  38:../../Middlewares/stedgeai-lib/Npu/ll_aton/ll_aton_NN_interface.h ****    * @{
  39:../../Middlewares/stedgeai-lib/Npu/ll_aton/ll_aton_NN_interface.h ****    */
  40:../../Middlewares/stedgeai-lib/Npu/ll_aton/ll_aton_NN_interface.h **** 
  41:../../Middlewares/stedgeai-lib/Npu/ll_aton/ll_aton_NN_interface.h ****   typedef enum LL_ATON_User_IO_Result
  42:../../Middlewares/stedgeai-lib/Npu/ll_aton/ll_aton_NN_interface.h ****   {
  43:../../Middlewares/stedgeai-lib/Npu/ll_aton/ll_aton_NN_interface.h ****     LL_ATON_User_IO_NOERROR,     /**< */
  44:../../Middlewares/stedgeai-lib/Npu/ll_aton/ll_aton_NN_interface.h ****     LL_ATON_User_IO_WRONG_ALIGN, /**< */
  45:../../Middlewares/stedgeai-lib/Npu/ll_aton/ll_aton_NN_interface.h ****     LL_ATON_User_IO_WRONG_SIZE,  /**< */
  46:../../Middlewares/stedgeai-lib/Npu/ll_aton/ll_aton_NN_interface.h ****     LL_ATON_User_IO_WRONG_INDEX, /**< */
  47:../../Middlewares/stedgeai-lib/Npu/ll_aton/ll_aton_NN_interface.h ****   } LL_ATON_User_IO_Result_t;
  48:../../Middlewares/stedgeai-lib/Npu/ll_aton/ll_aton_NN_interface.h **** 
  49:../../Middlewares/stedgeai-lib/Npu/ll_aton/ll_aton_NN_interface.h ****   typedef enum LL_ATON_RT_Callbacktype
  50:../../Middlewares/stedgeai-lib/Npu/ll_aton/ll_aton_NN_interface.h ****   {
  51:../../Middlewares/stedgeai-lib/Npu/ll_aton/ll_aton_NN_interface.h ****     LL_ATON_RT_Callbacktype_PRE_START,  /**< Callback called before start_epoch_block */
  52:../../Middlewares/stedgeai-lib/Npu/ll_aton/ll_aton_NN_interface.h ****     LL_ATON_RT_Callbacktype_POST_START, /**< Callback called after start_epoch_block */
  53:../../Middlewares/stedgeai-lib/Npu/ll_aton/ll_aton_NN_interface.h ****     LL_ATON_RT_Callbacktype_PRE_END,    /**< Callback called before end_epoch_block */
  54:../../Middlewares/stedgeai-lib/Npu/ll_aton/ll_aton_NN_interface.h ****     LL_ATON_RT_Callbacktype_POST_END,   /**< Callback called after end_epoch_block */
  55:../../Middlewares/stedgeai-lib/Npu/ll_aton/ll_aton_NN_interface.h ****     LL_ATON_RT_Callbacktype_NN_Init,    /**< Callback called after `LL_ATON_RT_Init_Network`,
  56:../../Middlewares/stedgeai-lib/Npu/ll_aton/ll_aton_NN_interface.h ****                                          *     NOTE: 3rd parameter passed is `NULL` */
  57:../../Middlewares/stedgeai-lib/Npu/ll_aton/ll_aton_NN_interface.h ****     LL_ATON_RT_Callbacktype_NN_DeInit,  /**< Callback called after `LL_ATON_RT_DeInit_Network`,
  58:../../Middlewares/stedgeai-lib/Npu/ll_aton/ll_aton_NN_interface.h ****                                          *     NOTE: 3rd parameter passed is `NULL` */
  59:../../Middlewares/stedgeai-lib/Npu/ll_aton/ll_aton_NN_interface.h ****     LL_ATON_RT_Callbacktype_RT_Init,    /**< Callback called after `LL_ATON_RT_RuntimeInit` */
  60:../../Middlewares/stedgeai-lib/Npu/ll_aton/ll_aton_NN_interface.h ****     LL_ATON_RT_Callbacktype_RT_Deinit,  /**< Callback called before `LL_ATON_RT_RuntimeDeInit` */
  61:../../Middlewares/stedgeai-lib/Npu/ll_aton/ll_aton_NN_interface.h ****   } LL_ATON_RT_Callbacktype_t;
  62:../../Middlewares/stedgeai-lib/Npu/ll_aton/ll_aton_NN_interface.h **** 
  63:../../Middlewares/stedgeai-lib/Npu/ll_aton/ll_aton_NN_interface.h ****   /**
  64:../../Middlewares/stedgeai-lib/Npu/ll_aton/ll_aton_NN_interface.h ****    * @}
  65:../../Middlewares/stedgeai-lib/Npu/ll_aton/ll_aton_NN_interface.h ****    */
  66:../../Middlewares/stedgeai-lib/Npu/ll_aton/ll_aton_NN_interface.h **** 
  67:../../Middlewares/stedgeai-lib/Npu/ll_aton/ll_aton_NN_interface.h ****   /** @defgroup Handle-style Data Types for Epoch Blocks
  68:../../Middlewares/stedgeai-lib/Npu/ll_aton/ll_aton_NN_interface.h ****    * @{
  69:../../Middlewares/stedgeai-lib/Npu/ll_aton/ll_aton_NN_interface.h ****    */
  70:../../Middlewares/stedgeai-lib/Npu/ll_aton/ll_aton_NN_interface.h **** 
  71:../../Middlewares/stedgeai-lib/Npu/ll_aton/ll_aton_NN_interface.h ****   /* this is needed to avoid some compilers (e.g. KEIL) that observe a strict semantic about conver
  72:../../Middlewares/stedgeai-lib/Npu/ll_aton/ll_aton_NN_interface.h ****    * pointers to integers in cost initializers
  73:../../Middlewares/stedgeai-lib/Npu/ll_aton/ll_aton_NN_interface.h ****    */
  74:../../Middlewares/stedgeai-lib/Npu/ll_aton/ll_aton_NN_interface.h ****   typedef union
  75:../../Middlewares/stedgeai-lib/Npu/ll_aton/ll_aton_NN_interface.h ****   {
  76:../../Middlewares/stedgeai-lib/Npu/ll_aton/ll_aton_NN_interface.h ****     unsigned char *p;
  77:../../Middlewares/stedgeai-lib/Npu/ll_aton/ll_aton_NN_interface.h ****     uintptr_t i;
  78:../../Middlewares/stedgeai-lib/Npu/ll_aton/ll_aton_NN_interface.h ****   } __LL_address_t;
  79:../../Middlewares/stedgeai-lib/Npu/ll_aton/ll_aton_NN_interface.h **** 
  80:../../Middlewares/stedgeai-lib/Npu/ll_aton/ll_aton_NN_interface.h ****   typedef void (*EpochBlock_FuncPtr_t)(const void *epoch_block);
  81:../../Middlewares/stedgeai-lib/Npu/ll_aton/ll_aton_NN_interface.h **** 
ARM GAS  /tmp/ccYuK7WA.s 			page 3


  82:../../Middlewares/stedgeai-lib/Npu/ll_aton/ll_aton_NN_interface.h ****   typedef enum
  83:../../Middlewares/stedgeai-lib/Npu/ll_aton/ll_aton_NN_interface.h ****   {
  84:../../Middlewares/stedgeai-lib/Npu/ll_aton/ll_aton_NN_interface.h ****     EpochBlock_Flags_NONE = 0x0,                 /**< */
  85:../../Middlewares/stedgeai-lib/Npu/ll_aton/ll_aton_NN_interface.h ****     EpochBlock_Flags_epoch_start = (0x1 << 0),   /**< First EpochBlock of an Epoch */
  86:../../Middlewares/stedgeai-lib/Npu/ll_aton/ll_aton_NN_interface.h ****     EpochBlock_Flags_epoch_end = (0x1 << 1),     /**< Last EpochBlock of an Epoch */
  87:../../Middlewares/stedgeai-lib/Npu/ll_aton/ll_aton_NN_interface.h ****     EpochBlock_Flags_blob = (0x1 << 2),          /**< Item is an Epoch Blob */
  88:../../Middlewares/stedgeai-lib/Npu/ll_aton/ll_aton_NN_interface.h ****     EpochBlock_Flags_last_eb = (0x1 << 3),       /**< Last EpochBlock */
  89:../../Middlewares/stedgeai-lib/Npu/ll_aton/ll_aton_NN_interface.h ****     EpochBlock_Flags_pure_hw = (0x1 << 4),       /**< Pure HW EpochBlock */
  90:../../Middlewares/stedgeai-lib/Npu/ll_aton/ll_aton_NN_interface.h ****     EpochBlock_Flags_pure_sw = (0x1 << 5),       /**< Pure SW EpochBlock */
  91:../../Middlewares/stedgeai-lib/Npu/ll_aton/ll_aton_NN_interface.h ****     EpochBlock_Flags_hybrid = (0x1 << 6),        /**< Hybrid EpochBlock (i.e. mixed HW/SW) */
  92:../../Middlewares/stedgeai-lib/Npu/ll_aton/ll_aton_NN_interface.h ****     EpochBlock_Flags_internal = (0x1 << 7),      /**< ATON lib internal EpochBlock (used to impleme
  93:../../Middlewares/stedgeai-lib/Npu/ll_aton/ll_aton_NN_interface.h ****     EpochBlock_Flags_blob_encrypted = (0x1 << 8) /**< The blob is encrypted and must be decrypted o
  94:../../Middlewares/stedgeai-lib/Npu/ll_aton/ll_aton_NN_interface.h ****   } EpochBlock_Flags_t;
  95:../../Middlewares/stedgeai-lib/Npu/ll_aton/ll_aton_NN_interface.h **** 
  96:../../Middlewares/stedgeai-lib/Npu/ll_aton/ll_aton_NN_interface.h ****   typedef struct
  97:../../Middlewares/stedgeai-lib/Npu/ll_aton/ll_aton_NN_interface.h ****   {
  98:../../Middlewares/stedgeai-lib/Npu/ll_aton/ll_aton_NN_interface.h ****     EpochBlock_FuncPtr_t start_epoch_block; /**< Method to execute the EpochBlock */
  99:../../Middlewares/stedgeai-lib/Npu/ll_aton/ll_aton_NN_interface.h ****     EpochBlock_FuncPtr_t end_epoch_block;   /**< Method to be executed when the EpochBlock ends */
 100:../../Middlewares/stedgeai-lib/Npu/ll_aton/ll_aton_NN_interface.h ****     uintptr_t blob_address;                 /**< Blob address (in case this EpochBlock represents a
 101:../../Middlewares/stedgeai-lib/Npu/ll_aton/ll_aton_NN_interface.h ****     uint32_t wait_mask;                     /**< Mask needed to check when an EpochBlock ends
 102:../../Middlewares/stedgeai-lib/Npu/ll_aton/ll_aton_NN_interface.h ****                                              *    - if epoch blob: number (not bitmask) of epoch co
 103:../../Middlewares/stedgeai-lib/Npu/ll_aton/ll_aton_NN_interface.h ****                                              *    - otherwise: bitmask with all output streaming en
 104:../../Middlewares/stedgeai-lib/Npu/ll_aton/ll_aton_NN_interface.h ****     uint16_t flags;                         /**< EpochBlock flags */
 105:../../Middlewares/stedgeai-lib/Npu/ll_aton/ll_aton_NN_interface.h **** #ifdef LL_ATON_EB_DBG_INFO
 106:../../Middlewares/stedgeai-lib/Npu/ll_aton/ll_aton_NN_interface.h ****     int16_t epoch_num;             /**< Epoch number / First epoch number within blob */
 107:../../Middlewares/stedgeai-lib/Npu/ll_aton/ll_aton_NN_interface.h ****     int16_t last_epoch_num;        /**< Epoch number / Last epoch number within blob */
 108:../../Middlewares/stedgeai-lib/Npu/ll_aton/ll_aton_NN_interface.h ****     uint32_t in_streng_mask;       /**< Debug information about input streaming engines used in epo
 109:../../Middlewares/stedgeai-lib/Npu/ll_aton/ll_aton_NN_interface.h ****     uint32_t out_streng_mask;      /**< Debug information about output streaming engines used in ep
 110:../../Middlewares/stedgeai-lib/Npu/ll_aton/ll_aton_NN_interface.h ****     uint64_t estimated_npu_cycles; /**< Debug information estimates for NPU cycles in epoch w/o mem
 111:../../Middlewares/stedgeai-lib/Npu/ll_aton/ll_aton_NN_interface.h ****     uint64_t estimated_tot_cycles; /**< Debug information estimates for NPU cycles in epoch w/ memo
 112:../../Middlewares/stedgeai-lib/Npu/ll_aton/ll_aton_NN_interface.h **** #endif                             // LL_ATON_EB_DBG_INFO
 113:../../Middlewares/stedgeai-lib/Npu/ll_aton/ll_aton_NN_interface.h ****   } EpochBlock_ItemTypeDef;
 114:../../Middlewares/stedgeai-lib/Npu/ll_aton/ll_aton_NN_interface.h ****   typedef EpochBlock_ItemTypeDef LL_ATON_RT_EpochBlockItem_t;
 115:../../Middlewares/stedgeai-lib/Npu/ll_aton/ll_aton_NN_interface.h **** 
 116:../../Middlewares/stedgeai-lib/Npu/ll_aton/ll_aton_NN_interface.h ****   /**
 117:../../Middlewares/stedgeai-lib/Npu/ll_aton/ll_aton_NN_interface.h ****    * @}
 118:../../Middlewares/stedgeai-lib/Npu/ll_aton/ll_aton_NN_interface.h ****    */
 119:../../Middlewares/stedgeai-lib/Npu/ll_aton/ll_aton_NN_interface.h **** 
 120:../../Middlewares/stedgeai-lib/Npu/ll_aton/ll_aton_NN_interface.h ****   /** @defgroup Helper Function Declarations for User Callbacks
 121:../../Middlewares/stedgeai-lib/Npu/ll_aton/ll_aton_NN_interface.h ****    * @{
 122:../../Middlewares/stedgeai-lib/Npu/ll_aton/ll_aton_NN_interface.h ****    */
 123:../../Middlewares/stedgeai-lib/Npu/ll_aton/ll_aton_NN_interface.h **** 
 124:../../Middlewares/stedgeai-lib/Npu/ll_aton/ll_aton_NN_interface.h ****   /**
 125:../../Middlewares/stedgeai-lib/Npu/ll_aton/ll_aton_NN_interface.h ****    * @brief Checks if the pointed element is the last one of an array of `const EpochBlock_ItemType
 126:../../Middlewares/stedgeai-lib/Npu/ll_aton/ll_aton_NN_interface.h ****    *
 127:../../Middlewares/stedgeai-lib/Npu/ll_aton/ll_aton_NN_interface.h ****    */
 128:../../Middlewares/stedgeai-lib/Npu/ll_aton/ll_aton_NN_interface.h ****   static inline bool EpochBlock_IsLastEpochBlock(const EpochBlock_ItemTypeDef *eb);
 129:../../Middlewares/stedgeai-lib/Npu/ll_aton/ll_aton_NN_interface.h **** 
 130:../../Middlewares/stedgeai-lib/Npu/ll_aton/ll_aton_NN_interface.h ****   /**
 131:../../Middlewares/stedgeai-lib/Npu/ll_aton/ll_aton_NN_interface.h ****    * @brief Checks if the pointed element is the first EpochBlock of an Epoch
 132:../../Middlewares/stedgeai-lib/Npu/ll_aton/ll_aton_NN_interface.h ****    *
 133:../../Middlewares/stedgeai-lib/Npu/ll_aton/ll_aton_NN_interface.h ****    */
 134:../../Middlewares/stedgeai-lib/Npu/ll_aton/ll_aton_NN_interface.h ****   static inline bool EpochBlock_IsEpochStart(const EpochBlock_ItemTypeDef *eb);
 135:../../Middlewares/stedgeai-lib/Npu/ll_aton/ll_aton_NN_interface.h **** 
 136:../../Middlewares/stedgeai-lib/Npu/ll_aton/ll_aton_NN_interface.h ****   /**
 137:../../Middlewares/stedgeai-lib/Npu/ll_aton/ll_aton_NN_interface.h ****    * @brief Checks if the pointed element is the last EpochBlock of an Epoch
 138:../../Middlewares/stedgeai-lib/Npu/ll_aton/ll_aton_NN_interface.h ****    *
ARM GAS  /tmp/ccYuK7WA.s 			page 4


 139:../../Middlewares/stedgeai-lib/Npu/ll_aton/ll_aton_NN_interface.h ****    */
 140:../../Middlewares/stedgeai-lib/Npu/ll_aton/ll_aton_NN_interface.h ****   static inline bool EpochBlock_IsEpochEnd(const EpochBlock_ItemTypeDef *eb);
 141:../../Middlewares/stedgeai-lib/Npu/ll_aton/ll_aton_NN_interface.h **** 
 142:../../Middlewares/stedgeai-lib/Npu/ll_aton/ll_aton_NN_interface.h ****   /**
 143:../../Middlewares/stedgeai-lib/Npu/ll_aton/ll_aton_NN_interface.h ****    * @brief Checks if the pointed element is the an Epoch Blob
 144:../../Middlewares/stedgeai-lib/Npu/ll_aton/ll_aton_NN_interface.h ****    *
 145:../../Middlewares/stedgeai-lib/Npu/ll_aton/ll_aton_NN_interface.h ****    */
 146:../../Middlewares/stedgeai-lib/Npu/ll_aton/ll_aton_NN_interface.h ****   static inline bool EpochBlock_IsEpochBlob(const EpochBlock_ItemTypeDef *eb);
 147:../../Middlewares/stedgeai-lib/Npu/ll_aton/ll_aton_NN_interface.h **** 
 148:../../Middlewares/stedgeai-lib/Npu/ll_aton/ll_aton_NN_interface.h ****   /**
 149:../../Middlewares/stedgeai-lib/Npu/ll_aton/ll_aton_NN_interface.h ****    * @brief Checks if - in case this epoch is a blob (see above) - the blob is encrypted
 150:../../Middlewares/stedgeai-lib/Npu/ll_aton/ll_aton_NN_interface.h ****    *
 151:../../Middlewares/stedgeai-lib/Npu/ll_aton/ll_aton_NN_interface.h ****    */
 152:../../Middlewares/stedgeai-lib/Npu/ll_aton/ll_aton_NN_interface.h ****   static inline bool EpochBlock_IsBlobEncrypted(const EpochBlock_ItemTypeDef *eb);
 153:../../Middlewares/stedgeai-lib/Npu/ll_aton/ll_aton_NN_interface.h **** 
 154:../../Middlewares/stedgeai-lib/Npu/ll_aton/ll_aton_NN_interface.h ****   /**
 155:../../Middlewares/stedgeai-lib/Npu/ll_aton/ll_aton_NN_interface.h ****    * @brief Checks if the pointed element is pure SW epoch
 156:../../Middlewares/stedgeai-lib/Npu/ll_aton/ll_aton_NN_interface.h ****    *
 157:../../Middlewares/stedgeai-lib/Npu/ll_aton/ll_aton_NN_interface.h ****    */
 158:../../Middlewares/stedgeai-lib/Npu/ll_aton/ll_aton_NN_interface.h ****   static inline bool EpochBlock_IsEpochPureSW(const EpochBlock_ItemTypeDef *eb);
 159:../../Middlewares/stedgeai-lib/Npu/ll_aton/ll_aton_NN_interface.h **** 
 160:../../Middlewares/stedgeai-lib/Npu/ll_aton/ll_aton_NN_interface.h ****   /**
 161:../../Middlewares/stedgeai-lib/Npu/ll_aton/ll_aton_NN_interface.h ****    * @brief Checks if the pointed element is a pure HW or mixed SW/HW epoch
 162:../../Middlewares/stedgeai-lib/Npu/ll_aton/ll_aton_NN_interface.h ****    *
 163:../../Middlewares/stedgeai-lib/Npu/ll_aton/ll_aton_NN_interface.h ****    */
 164:../../Middlewares/stedgeai-lib/Npu/ll_aton/ll_aton_NN_interface.h ****   static inline bool EpochBlock_IsEpochPureHW(const EpochBlock_ItemTypeDef *eb);
 165:../../Middlewares/stedgeai-lib/Npu/ll_aton/ll_aton_NN_interface.h **** 
 166:../../Middlewares/stedgeai-lib/Npu/ll_aton/ll_aton_NN_interface.h ****   /**
 167:../../Middlewares/stedgeai-lib/Npu/ll_aton/ll_aton_NN_interface.h ****    * @brief Checks if the pointed element is a hybrid epoch
 168:../../Middlewares/stedgeai-lib/Npu/ll_aton/ll_aton_NN_interface.h ****    *
 169:../../Middlewares/stedgeai-lib/Npu/ll_aton/ll_aton_NN_interface.h ****    */
 170:../../Middlewares/stedgeai-lib/Npu/ll_aton/ll_aton_NN_interface.h ****   static inline bool EpochBlock_IsEpochHybrid(const EpochBlock_ItemTypeDef *eb);
 171:../../Middlewares/stedgeai-lib/Npu/ll_aton/ll_aton_NN_interface.h **** 
 172:../../Middlewares/stedgeai-lib/Npu/ll_aton/ll_aton_NN_interface.h ****   /**
 173:../../Middlewares/stedgeai-lib/Npu/ll_aton/ll_aton_NN_interface.h ****    * @brief Checks if the pointed element is an internal epoch
 174:../../Middlewares/stedgeai-lib/Npu/ll_aton/ll_aton_NN_interface.h ****    *
 175:../../Middlewares/stedgeai-lib/Npu/ll_aton/ll_aton_NN_interface.h ****    */
 176:../../Middlewares/stedgeai-lib/Npu/ll_aton/ll_aton_NN_interface.h ****   static inline bool EpochBlock_IsEpochInternal(const EpochBlock_ItemTypeDef *eb);
 177:../../Middlewares/stedgeai-lib/Npu/ll_aton/ll_aton_NN_interface.h **** 
 178:../../Middlewares/stedgeai-lib/Npu/ll_aton/ll_aton_NN_interface.h ****   /**
 179:../../Middlewares/stedgeai-lib/Npu/ll_aton/ll_aton_NN_interface.h ****    * @brief Returns the Epoch controller id to use
 180:../../Middlewares/stedgeai-lib/Npu/ll_aton/ll_aton_NN_interface.h ****    *
 181:../../Middlewares/stedgeai-lib/Npu/ll_aton/ll_aton_NN_interface.h ****    */
 182:../../Middlewares/stedgeai-lib/Npu/ll_aton/ll_aton_NN_interface.h ****   static inline uint32_t EpochBlock_EpochControllerUnit(const EpochBlock_ItemTypeDef *eb);
 183:../../Middlewares/stedgeai-lib/Npu/ll_aton/ll_aton_NN_interface.h **** 
 184:../../Middlewares/stedgeai-lib/Npu/ll_aton/ll_aton_NN_interface.h ****   /**
 185:../../Middlewares/stedgeai-lib/Npu/ll_aton/ll_aton_NN_interface.h ****    * @brief Returns the address of the configuration of the epoch controller (the blob address)
 186:../../Middlewares/stedgeai-lib/Npu/ll_aton/ll_aton_NN_interface.h ****    *
 187:../../Middlewares/stedgeai-lib/Npu/ll_aton/ll_aton_NN_interface.h ****    */
 188:../../Middlewares/stedgeai-lib/Npu/ll_aton/ll_aton_NN_interface.h ****   static inline uintptr_t EpochBlock_EpochBlobAddr(const EpochBlock_ItemTypeDef *eb);
 189:../../Middlewares/stedgeai-lib/Npu/ll_aton/ll_aton_NN_interface.h **** 
 190:../../Middlewares/stedgeai-lib/Npu/ll_aton/ll_aton_NN_interface.h ****   /**
 191:../../Middlewares/stedgeai-lib/Npu/ll_aton/ll_aton_NN_interface.h ****    * @brief ATON buffer types definition
 192:../../Middlewares/stedgeai-lib/Npu/ll_aton/ll_aton_NN_interface.h ****    */
 193:../../Middlewares/stedgeai-lib/Npu/ll_aton/ll_aton_NN_interface.h **** 
 194:../../Middlewares/stedgeai-lib/Npu/ll_aton/ll_aton_NN_interface.h ****   /**
 195:../../Middlewares/stedgeai-lib/Npu/ll_aton/ll_aton_NN_interface.h ****    * @}
ARM GAS  /tmp/ccYuK7WA.s 			page 5


 196:../../Middlewares/stedgeai-lib/Npu/ll_aton/ll_aton_NN_interface.h ****    */
 197:../../Middlewares/stedgeai-lib/Npu/ll_aton/ll_aton_NN_interface.h **** 
 198:../../Middlewares/stedgeai-lib/Npu/ll_aton/ll_aton_NN_interface.h ****   /** @defgroup Handle-style Data Types for Input, Output, and Internal Buffers
 199:../../Middlewares/stedgeai-lib/Npu/ll_aton/ll_aton_NN_interface.h ****    * @{
 200:../../Middlewares/stedgeai-lib/Npu/ll_aton/ll_aton_NN_interface.h ****    */
 201:../../Middlewares/stedgeai-lib/Npu/ll_aton/ll_aton_NN_interface.h **** 
 202:../../Middlewares/stedgeai-lib/Npu/ll_aton/ll_aton_NN_interface.h ****   typedef enum
 203:../../Middlewares/stedgeai-lib/Npu/ll_aton/ll_aton_NN_interface.h ****   {
 204:../../Middlewares/stedgeai-lib/Npu/ll_aton/ll_aton_NN_interface.h ****     DataType_UNDEFINED = 0,
 205:../../Middlewares/stedgeai-lib/Npu/ll_aton/ll_aton_NN_interface.h ****     DataType_FLOAT = 1,
 206:../../Middlewares/stedgeai-lib/Npu/ll_aton/ll_aton_NN_interface.h ****     DataType_UINT2 = 2,
 207:../../Middlewares/stedgeai-lib/Npu/ll_aton/ll_aton_NN_interface.h ****     DataType_INT2 = 3,
 208:../../Middlewares/stedgeai-lib/Npu/ll_aton/ll_aton_NN_interface.h ****     DataType_UINT4 = 4,
 209:../../Middlewares/stedgeai-lib/Npu/ll_aton/ll_aton_NN_interface.h ****     DataType_INT4 = 5,
 210:../../Middlewares/stedgeai-lib/Npu/ll_aton/ll_aton_NN_interface.h ****     DataType_UINT8 = 6,
 211:../../Middlewares/stedgeai-lib/Npu/ll_aton/ll_aton_NN_interface.h ****     DataType_INT8 = 7,
 212:../../Middlewares/stedgeai-lib/Npu/ll_aton/ll_aton_NN_interface.h ****     DataType_UINT16 = 8,
 213:../../Middlewares/stedgeai-lib/Npu/ll_aton/ll_aton_NN_interface.h ****     DataType_INT16 = 9,
 214:../../Middlewares/stedgeai-lib/Npu/ll_aton/ll_aton_NN_interface.h ****     DataType_INT32 = 10,
 215:../../Middlewares/stedgeai-lib/Npu/ll_aton/ll_aton_NN_interface.h ****     DataType_INT64 = 11,
 216:../../Middlewares/stedgeai-lib/Npu/ll_aton/ll_aton_NN_interface.h ****     DataType_STRING = 12,
 217:../../Middlewares/stedgeai-lib/Npu/ll_aton/ll_aton_NN_interface.h ****     DataType_BOOL = 13,
 218:../../Middlewares/stedgeai-lib/Npu/ll_aton/ll_aton_NN_interface.h ****     DataType_FLOAT16 = 14,
 219:../../Middlewares/stedgeai-lib/Npu/ll_aton/ll_aton_NN_interface.h ****     DataType_DOUBLE = 15,
 220:../../Middlewares/stedgeai-lib/Npu/ll_aton/ll_aton_NN_interface.h ****     DataType_UINT32 = 16,
 221:../../Middlewares/stedgeai-lib/Npu/ll_aton/ll_aton_NN_interface.h ****     DataType_UINT64 = 17,
 222:../../Middlewares/stedgeai-lib/Npu/ll_aton/ll_aton_NN_interface.h ****     DataType_COMPLEX64 = 18,
 223:../../Middlewares/stedgeai-lib/Npu/ll_aton/ll_aton_NN_interface.h ****     DataType_COMPLEX128 = 19,
 224:../../Middlewares/stedgeai-lib/Npu/ll_aton/ll_aton_NN_interface.h ****     DataType_BFLOAT16 = 20,
 225:../../Middlewares/stedgeai-lib/Npu/ll_aton/ll_aton_NN_interface.h ****     DataType_FXP = 100 // AtoNN specific
 226:../../Middlewares/stedgeai-lib/Npu/ll_aton/ll_aton_NN_interface.h ****   } Buffer_DataType_TypeDef;
 227:../../Middlewares/stedgeai-lib/Npu/ll_aton/ll_aton_NN_interface.h **** 
 228:../../Middlewares/stedgeai-lib/Npu/ll_aton/ll_aton_NN_interface.h ****   /**
 229:../../Middlewares/stedgeai-lib/Npu/ll_aton/ll_aton_NN_interface.h ****    * @brief ATON buffer Channel position
 230:../../Middlewares/stedgeai-lib/Npu/ll_aton/ll_aton_NN_interface.h ****    */
 231:../../Middlewares/stedgeai-lib/Npu/ll_aton/ll_aton_NN_interface.h **** 
 232:../../Middlewares/stedgeai-lib/Npu/ll_aton/ll_aton_NN_interface.h ****   typedef enum
 233:../../Middlewares/stedgeai-lib/Npu/ll_aton/ll_aton_NN_interface.h ****   {
 234:../../Middlewares/stedgeai-lib/Npu/ll_aton/ll_aton_NN_interface.h ****     CHPos_UNDEFINED = 0, /**< No channel present */
 235:../../Middlewares/stedgeai-lib/Npu/ll_aton/ll_aton_NN_interface.h ****     CHPos_First = 1,     /**< Channel First         ( ...B C H W )*/
 236:../../Middlewares/stedgeai-lib/Npu/ll_aton/ll_aton_NN_interface.h ****     CHPos_Last = 2,      /**< Channel Last          ( ...B H W C ) */
 237:../../Middlewares/stedgeai-lib/Npu/ll_aton/ll_aton_NN_interface.h ****     CHPos_Mixed = 3,     /**< Channel with Batch(b) ( ...B C/b H W b ) */
 238:../../Middlewares/stedgeai-lib/Npu/ll_aton/ll_aton_NN_interface.h ****   } Buffer_CHPos_TypeDef;
 239:../../Middlewares/stedgeai-lib/Npu/ll_aton/ll_aton_NN_interface.h **** 
 240:../../Middlewares/stedgeai-lib/Npu/ll_aton/ll_aton_NN_interface.h ****   /**
 241:../../Middlewares/stedgeai-lib/Npu/ll_aton/ll_aton_NN_interface.h ****    * @brief ATON buffer definition
 242:../../Middlewares/stedgeai-lib/Npu/ll_aton/ll_aton_NN_interface.h ****    */
 243:../../Middlewares/stedgeai-lib/Npu/ll_aton/ll_aton_NN_interface.h ****   typedef struct
 244:../../Middlewares/stedgeai-lib/Npu/ll_aton/ll_aton_NN_interface.h ****   {
 245:../../Middlewares/stedgeai-lib/Npu/ll_aton/ll_aton_NN_interface.h ****     const char *name;             /**< Buffer name. NULL if end of list */
 246:../../Middlewares/stedgeai-lib/Npu/ll_aton/ll_aton_NN_interface.h ****     __LL_address_t addr_base;     /**< Buffer base address */
 247:../../Middlewares/stedgeai-lib/Npu/ll_aton/ll_aton_NN_interface.h ****     uint32_t offset_start;        /**< Offset of the buffer start address from the base address */
 248:../../Middlewares/stedgeai-lib/Npu/ll_aton/ll_aton_NN_interface.h ****     uint32_t offset_end;          /**< Offset of the buffer end address from the base address
 249:../../Middlewares/stedgeai-lib/Npu/ll_aton/ll_aton_NN_interface.h ****                                    *   (first bytes address beyond buffer length) */
 250:../../Middlewares/stedgeai-lib/Npu/ll_aton/ll_aton_NN_interface.h ****     uint32_t offset_limit;        /**< Offset of the limiter address from the base address,
 251:../../Middlewares/stedgeai-lib/Npu/ll_aton/ll_aton_NN_interface.h ****                                    *   (needed for configuring streaming engines) */
 252:../../Middlewares/stedgeai-lib/Npu/ll_aton/ll_aton_NN_interface.h ****     uint8_t is_user_allocated;    /**< */
ARM GAS  /tmp/ccYuK7WA.s 			page 6


 253:../../Middlewares/stedgeai-lib/Npu/ll_aton/ll_aton_NN_interface.h ****     uint8_t is_param;             /**< */
 254:../../Middlewares/stedgeai-lib/Npu/ll_aton/ll_aton_NN_interface.h ****     uint16_t epoch;               /**< */
 255:../../Middlewares/stedgeai-lib/Npu/ll_aton/ll_aton_NN_interface.h ****     uint32_t batch;               /**< */
 256:../../Middlewares/stedgeai-lib/Npu/ll_aton/ll_aton_NN_interface.h ****     const uint32_t *mem_shape;    /**< shape as seen by the user in memory (only valid for input/ou
 257:../../Middlewares/stedgeai-lib/Npu/ll_aton/ll_aton_NN_interface.h ****     uint16_t mem_ndims;           /**< Number of dimensions of mem_shape (Length of mem_shape) */
 258:../../Middlewares/stedgeai-lib/Npu/ll_aton/ll_aton_NN_interface.h ****     Buffer_CHPos_TypeDef chpos;   /**< Position  of channels dimension in mem shape */
 259:../../Middlewares/stedgeai-lib/Npu/ll_aton/ll_aton_NN_interface.h ****     Buffer_DataType_TypeDef type; /**< */
 260:../../Middlewares/stedgeai-lib/Npu/ll_aton/ll_aton_NN_interface.h ****     int8_t Qm;                    /**< */
 261:../../Middlewares/stedgeai-lib/Npu/ll_aton/ll_aton_NN_interface.h ****     int8_t Qn;                    /**< */
 262:../../Middlewares/stedgeai-lib/Npu/ll_aton/ll_aton_NN_interface.h ****     uint8_t Qunsigned;            /**< */
 263:../../Middlewares/stedgeai-lib/Npu/ll_aton/ll_aton_NN_interface.h ****     uint8_t ndims;                /**< */
 264:../../Middlewares/stedgeai-lib/Npu/ll_aton/ll_aton_NN_interface.h ****     uint8_t nbits;                /**< */
 265:../../Middlewares/stedgeai-lib/Npu/ll_aton/ll_aton_NN_interface.h ****     uint8_t per_channel;          /**< */
 266:../../Middlewares/stedgeai-lib/Npu/ll_aton/ll_aton_NN_interface.h ****     const uint32_t *shape;        /**< */
 267:../../Middlewares/stedgeai-lib/Npu/ll_aton/ll_aton_NN_interface.h ****     const float *scale;           /**< */
 268:../../Middlewares/stedgeai-lib/Npu/ll_aton/ll_aton_NN_interface.h ****     const int16_t *offset;        /**< This can become int8 or uint8 based on the Qunsigned field.
 269:../../Middlewares/stedgeai-lib/Npu/ll_aton/ll_aton_NN_interface.h ****                                    *   (This field Must have the same format of the quantized value
 270:../../Middlewares/stedgeai-lib/Npu/ll_aton/ll_aton_NN_interface.h ****   } LL_Buffer_InfoTypeDef;
 271:../../Middlewares/stedgeai-lib/Npu/ll_aton/ll_aton_NN_interface.h **** 
 272:../../Middlewares/stedgeai-lib/Npu/ll_aton/ll_aton_NN_interface.h ****   /**
 273:../../Middlewares/stedgeai-lib/Npu/ll_aton/ll_aton_NN_interface.h ****    * @}
 274:../../Middlewares/stedgeai-lib/Npu/ll_aton/ll_aton_NN_interface.h ****    */
 275:../../Middlewares/stedgeai-lib/Npu/ll_aton/ll_aton_NN_interface.h **** 
 276:../../Middlewares/stedgeai-lib/Npu/ll_aton/ll_aton_NN_interface.h ****   /** @defgroup Helper Function Declarations for Buffer Analysis
 277:../../Middlewares/stedgeai-lib/Npu/ll_aton/ll_aton_NN_interface.h ****    * @{
 278:../../Middlewares/stedgeai-lib/Npu/ll_aton/ll_aton_NN_interface.h ****    */
 279:../../Middlewares/stedgeai-lib/Npu/ll_aton/ll_aton_NN_interface.h **** 
 280:../../Middlewares/stedgeai-lib/Npu/ll_aton/ll_aton_NN_interface.h ****   /**
 281:../../Middlewares/stedgeai-lib/Npu/ll_aton/ll_aton_NN_interface.h ****    * @brief returns the base address of the mem pool the buffer is allocated in
 282:../../Middlewares/stedgeai-lib/Npu/ll_aton/ll_aton_NN_interface.h ****    *
 283:../../Middlewares/stedgeai-lib/Npu/ll_aton/ll_aton_NN_interface.h ****    */
 284:../../Middlewares/stedgeai-lib/Npu/ll_aton/ll_aton_NN_interface.h ****   static inline unsigned char *LL_Buffer_addr_base(const LL_Buffer_InfoTypeDef *buf);
 285:../../Middlewares/stedgeai-lib/Npu/ll_aton/ll_aton_NN_interface.h **** 
 286:../../Middlewares/stedgeai-lib/Npu/ll_aton/ll_aton_NN_interface.h ****   /**
 287:../../Middlewares/stedgeai-lib/Npu/ll_aton/ll_aton_NN_interface.h ****    * @brief returns the start address of the buffer
 288:../../Middlewares/stedgeai-lib/Npu/ll_aton/ll_aton_NN_interface.h ****    *
 289:../../Middlewares/stedgeai-lib/Npu/ll_aton/ll_aton_NN_interface.h ****    */
 290:../../Middlewares/stedgeai-lib/Npu/ll_aton/ll_aton_NN_interface.h ****   static inline unsigned char *LL_Buffer_addr_start(const LL_Buffer_InfoTypeDef *buf);
 291:../../Middlewares/stedgeai-lib/Npu/ll_aton/ll_aton_NN_interface.h **** 
 292:../../Middlewares/stedgeai-lib/Npu/ll_aton/ll_aton_NN_interface.h ****   /**
 293:../../Middlewares/stedgeai-lib/Npu/ll_aton/ll_aton_NN_interface.h ****    * @brief returns the end address of the buffer
 294:../../Middlewares/stedgeai-lib/Npu/ll_aton/ll_aton_NN_interface.h ****    *
 295:../../Middlewares/stedgeai-lib/Npu/ll_aton/ll_aton_NN_interface.h ****    */
 296:../../Middlewares/stedgeai-lib/Npu/ll_aton/ll_aton_NN_interface.h ****   static inline unsigned char *LL_Buffer_addr_end(const LL_Buffer_InfoTypeDef *buf);
 297:../../Middlewares/stedgeai-lib/Npu/ll_aton/ll_aton_NN_interface.h **** 
 298:../../Middlewares/stedgeai-lib/Npu/ll_aton/ll_aton_NN_interface.h ****   /**
 299:../../Middlewares/stedgeai-lib/Npu/ll_aton/ll_aton_NN_interface.h ****    * @brief returns the limit address of the buffer
 300:../../Middlewares/stedgeai-lib/Npu/ll_aton/ll_aton_NN_interface.h ****    *
 301:../../Middlewares/stedgeai-lib/Npu/ll_aton/ll_aton_NN_interface.h ****    */
 302:../../Middlewares/stedgeai-lib/Npu/ll_aton/ll_aton_NN_interface.h ****   static inline unsigned char *LL_Buffer_addr_limit(const LL_Buffer_InfoTypeDef *buf);
 303:../../Middlewares/stedgeai-lib/Npu/ll_aton/ll_aton_NN_interface.h **** 
 304:../../Middlewares/stedgeai-lib/Npu/ll_aton/ll_aton_NN_interface.h ****   /**
 305:../../Middlewares/stedgeai-lib/Npu/ll_aton/ll_aton_NN_interface.h ****    * @brief returns the length of the buffer
 306:../../Middlewares/stedgeai-lib/Npu/ll_aton/ll_aton_NN_interface.h ****    *
 307:../../Middlewares/stedgeai-lib/Npu/ll_aton/ll_aton_NN_interface.h ****    */
 308:../../Middlewares/stedgeai-lib/Npu/ll_aton/ll_aton_NN_interface.h ****   static inline uint32_t LL_Buffer_len(const LL_Buffer_InfoTypeDef *buf);
 309:../../Middlewares/stedgeai-lib/Npu/ll_aton/ll_aton_NN_interface.h **** 
ARM GAS  /tmp/ccYuK7WA.s 			page 7


 310:../../Middlewares/stedgeai-lib/Npu/ll_aton/ll_aton_NN_interface.h ****   /**
 311:../../Middlewares/stedgeai-lib/Npu/ll_aton/ll_aton_NN_interface.h ****    * @brief returns the buffer elements number of bits
 312:../../Middlewares/stedgeai-lib/Npu/ll_aton/ll_aton_NN_interface.h ****    *
 313:../../Middlewares/stedgeai-lib/Npu/ll_aton/ll_aton_NN_interface.h ****    */
 314:../../Middlewares/stedgeai-lib/Npu/ll_aton/ll_aton_NN_interface.h ****   static inline uint32_t LL_Buffer_bits(const LL_Buffer_InfoTypeDef *buf);
 315:../../Middlewares/stedgeai-lib/Npu/ll_aton/ll_aton_NN_interface.h **** 
 316:../../Middlewares/stedgeai-lib/Npu/ll_aton/ll_aton_NN_interface.h ****   /**
 317:../../Middlewares/stedgeai-lib/Npu/ll_aton/ll_aton_NN_interface.h ****    * @}
 318:../../Middlewares/stedgeai-lib/Npu/ll_aton/ll_aton_NN_interface.h ****    */
 319:../../Middlewares/stedgeai-lib/Npu/ll_aton/ll_aton_NN_interface.h **** 
 320:../../Middlewares/stedgeai-lib/Npu/ll_aton/ll_aton_NN_interface.h ****   /** @defgroup Handle-style Data Types and Declaration Macros for ATON Runtime Execution & User AP
 321:../../Middlewares/stedgeai-lib/Npu/ll_aton/ll_aton_NN_interface.h ****    * @{
 322:../../Middlewares/stedgeai-lib/Npu/ll_aton/ll_aton_NN_interface.h ****    */
 323:../../Middlewares/stedgeai-lib/Npu/ll_aton/ll_aton_NN_interface.h **** 
 324:../../Middlewares/stedgeai-lib/Npu/ll_aton/ll_aton_NN_interface.h ****   struct __nn_instance_struct; // forward declaration
 325:../../Middlewares/stedgeai-lib/Npu/ll_aton/ll_aton_NN_interface.h ****   typedef struct __nn_instance_struct NN_Instance_TypeDef;
 326:../../Middlewares/stedgeai-lib/Npu/ll_aton/ll_aton_NN_interface.h **** 
 327:../../Middlewares/stedgeai-lib/Npu/ll_aton/ll_aton_NN_interface.h **** /**
 328:../../Middlewares/stedgeai-lib/Npu/ll_aton/ll_aton_NN_interface.h ****  * @brief Declare the function prototypes for named NN interface functions generated by the AtoNN c
 329:../../Middlewares/stedgeai-lib/Npu/ll_aton/ll_aton_NN_interface.h ****  * @param network_name name of the network as provided by option `--network-name`
 330:../../Middlewares/stedgeai-lib/Npu/ll_aton/ll_aton_NN_interface.h ****  */
 331:../../Middlewares/stedgeai-lib/Npu/ll_aton/ll_aton_NN_interface.h **** #define LL_ATON_DECLARE_NAMED_NN_PROTOS(network_name)                                              
 332:../../Middlewares/stedgeai-lib/Npu/ll_aton/ll_aton_NN_interface.h ****   extern bool LL_ATON_EC_Network_Init_##network_name(void);                                        
 333:../../Middlewares/stedgeai-lib/Npu/ll_aton/ll_aton_NN_interface.h ****   extern bool LL_ATON_EC_Inference_Init_##network_name(void);                                      
 334:../../Middlewares/stedgeai-lib/Npu/ll_aton/ll_aton_NN_interface.h ****   extern LL_ATON_User_IO_Result_t LL_ATON_Set_User_Input_Buffer_##network_name(uint32_t num, void *
 335:../../Middlewares/stedgeai-lib/Npu/ll_aton/ll_aton_NN_interface.h ****                                                                                uint32_t size);     
 336:../../Middlewares/stedgeai-lib/Npu/ll_aton/ll_aton_NN_interface.h ****   extern void *LL_ATON_Get_User_Input_Buffer_##network_name(uint32_t num);                         
 337:../../Middlewares/stedgeai-lib/Npu/ll_aton/ll_aton_NN_interface.h ****   extern LL_ATON_User_IO_Result_t LL_ATON_Set_User_Output_Buffer_##network_name(uint32_t num, void 
 338:../../Middlewares/stedgeai-lib/Npu/ll_aton/ll_aton_NN_interface.h ****                                                                                 uint32_t size);    
 339:../../Middlewares/stedgeai-lib/Npu/ll_aton/ll_aton_NN_interface.h ****   extern void *LL_ATON_Get_User_Output_Buffer_##network_name(uint32_t num);                        
 340:../../Middlewares/stedgeai-lib/Npu/ll_aton/ll_aton_NN_interface.h ****   extern const EpochBlock_ItemTypeDef *LL_ATON_EpochBlockItems_##network_name(void);               
 341:../../Middlewares/stedgeai-lib/Npu/ll_aton/ll_aton_NN_interface.h ****   extern const LL_Buffer_InfoTypeDef *LL_ATON_Output_Buffers_Info_##network_name(void);            
 342:../../Middlewares/stedgeai-lib/Npu/ll_aton/ll_aton_NN_interface.h ****   extern const LL_Buffer_InfoTypeDef *LL_ATON_Input_Buffers_Info_##network_name(void);             
 343:../../Middlewares/stedgeai-lib/Npu/ll_aton/ll_aton_NN_interface.h ****   extern const LL_Streng_EncryptionTypedef *LL_ATON_WeightEncryption_Info_##network_name(void);    
 344:../../Middlewares/stedgeai-lib/Npu/ll_aton/ll_aton_NN_interface.h ****   extern const LL_Streng_EncryptionTypedef *LL_ATON_BlobEncryption_Info_##network_name(void);      
 345:../../Middlewares/stedgeai-lib/Npu/ll_aton/ll_aton_NN_interface.h ****   extern const LL_Buffer_InfoTypeDef *LL_ATON_Internal_Buffers_Info_##network_name(void);
 346:../../Middlewares/stedgeai-lib/Npu/ll_aton/ll_aton_NN_interface.h **** 
 347:../../Middlewares/stedgeai-lib/Npu/ll_aton/ll_aton_NN_interface.h ****   /**
 348:../../Middlewares/stedgeai-lib/Npu/ll_aton/ll_aton_NN_interface.h ****    * @brief  Type definitions for NN interface functions
 349:../../Middlewares/stedgeai-lib/Npu/ll_aton/ll_aton_NN_interface.h ****    */
 350:../../Middlewares/stedgeai-lib/Npu/ll_aton/ll_aton_NN_interface.h ****   typedef bool (*NN_EC_Hook_TypeDef)(void);
 351:../../Middlewares/stedgeai-lib/Npu/ll_aton/ll_aton_NN_interface.h ****   typedef LL_ATON_User_IO_Result_t (*NN_InputSetter_TypeDef)(uint32_t num, void *buffer, uint32_t s
 352:../../Middlewares/stedgeai-lib/Npu/ll_aton/ll_aton_NN_interface.h ****   typedef void *(*NN_InputGetter_TypeDef)(uint32_t num);
 353:../../Middlewares/stedgeai-lib/Npu/ll_aton/ll_aton_NN_interface.h ****   typedef LL_ATON_User_IO_Result_t (*NN_OutputSetter_TypeDef)(uint32_t num, void *buffer, uint32_t 
 354:../../Middlewares/stedgeai-lib/Npu/ll_aton/ll_aton_NN_interface.h ****   typedef void *(*NN_OutputGetter_TypeDef)(uint32_t num);
 355:../../Middlewares/stedgeai-lib/Npu/ll_aton/ll_aton_NN_interface.h ****   typedef const EpochBlock_ItemTypeDef *(*NN_EpochBlockItems_TypeDef)(void);
 356:../../Middlewares/stedgeai-lib/Npu/ll_aton/ll_aton_NN_interface.h ****   typedef const LL_Streng_EncryptionTypedef *(*NN_Encryption_Info_TypeDef)(void);
 357:../../Middlewares/stedgeai-lib/Npu/ll_aton/ll_aton_NN_interface.h ****   typedef const LL_Buffer_InfoTypeDef *(*NN_Buffers_Info_TypeDef)(void);
 358:../../Middlewares/stedgeai-lib/Npu/ll_aton/ll_aton_NN_interface.h **** 
 359:../../Middlewares/stedgeai-lib/Npu/ll_aton/ll_aton_NN_interface.h ****   typedef void (*TraceRuntime_FuncPtr_t)(LL_ATON_RT_Callbacktype_t ctype);
 360:../../Middlewares/stedgeai-lib/Npu/ll_aton/ll_aton_NN_interface.h **** 
 361:../../Middlewares/stedgeai-lib/Npu/ll_aton/ll_aton_NN_interface.h ****   typedef void (*TraceEpochBlock_FuncPtr_t)(LL_ATON_RT_Callbacktype_t ctype, const NN_Instance_Type
 362:../../Middlewares/stedgeai-lib/Npu/ll_aton/ll_aton_NN_interface.h ****                                             const EpochBlock_ItemTypeDef *epoch_block);
 363:../../Middlewares/stedgeai-lib/Npu/ll_aton/ll_aton_NN_interface.h **** 
 364:../../Middlewares/stedgeai-lib/Npu/ll_aton/ll_aton_NN_interface.h ****   typedef struct
 365:../../Middlewares/stedgeai-lib/Npu/ll_aton/ll_aton_NN_interface.h ****   {
 366:../../Middlewares/stedgeai-lib/Npu/ll_aton/ll_aton_NN_interface.h ****     const char *network_name;
ARM GAS  /tmp/ccYuK7WA.s 			page 8


 367:../../Middlewares/stedgeai-lib/Npu/ll_aton/ll_aton_NN_interface.h ****     NN_EC_Hook_TypeDef ec_network_init;
 368:../../Middlewares/stedgeai-lib/Npu/ll_aton/ll_aton_NN_interface.h ****     NN_EC_Hook_TypeDef ec_inference_init;
 369:../../Middlewares/stedgeai-lib/Npu/ll_aton/ll_aton_NN_interface.h ****     NN_InputSetter_TypeDef input_setter;
 370:../../Middlewares/stedgeai-lib/Npu/ll_aton/ll_aton_NN_interface.h ****     NN_InputGetter_TypeDef input_getter;
 371:../../Middlewares/stedgeai-lib/Npu/ll_aton/ll_aton_NN_interface.h ****     NN_OutputSetter_TypeDef output_setter;
 372:../../Middlewares/stedgeai-lib/Npu/ll_aton/ll_aton_NN_interface.h ****     NN_OutputGetter_TypeDef output_getter;
 373:../../Middlewares/stedgeai-lib/Npu/ll_aton/ll_aton_NN_interface.h ****     NN_EpochBlockItems_TypeDef epoch_block_items;
 374:../../Middlewares/stedgeai-lib/Npu/ll_aton/ll_aton_NN_interface.h ****     NN_Buffers_Info_TypeDef output_buffers_info;
 375:../../Middlewares/stedgeai-lib/Npu/ll_aton/ll_aton_NN_interface.h ****     NN_Buffers_Info_TypeDef input_buffers_info;
 376:../../Middlewares/stedgeai-lib/Npu/ll_aton/ll_aton_NN_interface.h ****     NN_Encryption_Info_TypeDef blob_encryption_info;
 377:../../Middlewares/stedgeai-lib/Npu/ll_aton/ll_aton_NN_interface.h ****     NN_Encryption_Info_TypeDef weight_encryption_info;
 378:../../Middlewares/stedgeai-lib/Npu/ll_aton/ll_aton_NN_interface.h ****     NN_Buffers_Info_TypeDef internal_buffers_info;
 379:../../Middlewares/stedgeai-lib/Npu/ll_aton/ll_aton_NN_interface.h ****   } NN_Interface_TypeDef;
 380:../../Middlewares/stedgeai-lib/Npu/ll_aton/ll_aton_NN_interface.h **** 
 381:../../Middlewares/stedgeai-lib/Npu/ll_aton/ll_aton_NN_interface.h ****   typedef struct
 382:../../Middlewares/stedgeai-lib/Npu/ll_aton/ll_aton_NN_interface.h ****   {
 383:../../Middlewares/stedgeai-lib/Npu/ll_aton/ll_aton_NN_interface.h ****     const EpochBlock_ItemTypeDef *volatile current_epoch_block; // pointer to current epoch block
 384:../../Middlewares/stedgeai-lib/Npu/ll_aton/ll_aton_NN_interface.h ****     const EpochBlock_ItemTypeDef *volatile first_epoch_block;   // pointer to first epoch block in 
 385:../../Middlewares/stedgeai-lib/Npu/ll_aton/ll_aton_NN_interface.h ****     const EpochBlock_ItemTypeDef *volatile next_epoch_block;    // pointer to epoch block to be ins
 386:../../Middlewares/stedgeai-lib/Npu/ll_aton/ll_aton_NN_interface.h **** 
 387:../../Middlewares/stedgeai-lib/Npu/ll_aton/ll_aton_NN_interface.h ****     const EpochBlock_ItemTypeDef *volatile saved_current_epoch_block; // pointer to saved current e
 388:../../Middlewares/stedgeai-lib/Npu/ll_aton/ll_aton_NN_interface.h ****     const EpochBlock_ItemTypeDef
 389:../../Middlewares/stedgeai-lib/Npu/ll_aton/ll_aton_NN_interface.h ****         *volatile saved_first_epoch_block; // pointer to saved first epoch block in current epoch l
 390:../../Middlewares/stedgeai-lib/Npu/ll_aton/ll_aton_NN_interface.h **** 
 391:../../Middlewares/stedgeai-lib/Npu/ll_aton/ll_aton_NN_interface.h ****     bool inference_started; // inference has been started
 392:../../Middlewares/stedgeai-lib/Npu/ll_aton/ll_aton_NN_interface.h **** 
 393:../../Middlewares/stedgeai-lib/Npu/ll_aton/ll_aton_NN_interface.h **** #if (LL_ATON_RT_MODE == LL_ATON_RT_ASYNC)
 394:../../Middlewares/stedgeai-lib/Npu/ll_aton/ll_aton_NN_interface.h ****     volatile uint32_t triggered_events;        // currently triggered events/IRQs in current epoch
 395:../../Middlewares/stedgeai-lib/Npu/ll_aton/ll_aton_NN_interface.h ****     volatile bool current_epoch_block_started; // has current epoch block already been started
 396:../../Middlewares/stedgeai-lib/Npu/ll_aton/ll_aton_NN_interface.h **** #endif                                         // (LL_ATON_RT_MODE == LL_ATON_RT_ASYNC)
 397:../../Middlewares/stedgeai-lib/Npu/ll_aton/ll_aton_NN_interface.h **** 
 398:../../Middlewares/stedgeai-lib/Npu/ll_aton/ll_aton_NN_interface.h **** #ifndef NDEBUG
 399:../../Middlewares/stedgeai-lib/Npu/ll_aton/ll_aton_NN_interface.h ****     volatile uint32_t
 400:../../Middlewares/stedgeai-lib/Npu/ll_aton/ll_aton_NN_interface.h ****         nr_of_epoch_blocks; // number of epoch blocks in network (includes also terminating empty e
 401:../../Middlewares/stedgeai-lib/Npu/ll_aton/ll_aton_NN_interface.h ****     volatile uint32_t saved_nr_of_epoch_blocks; // number of epoch blocks in saved network (include
 402:../../Middlewares/stedgeai-lib/Npu/ll_aton/ll_aton_NN_interface.h ****                                                 // empty epoch block)
 403:../../Middlewares/stedgeai-lib/Npu/ll_aton/ll_aton_NN_interface.h **** #endif                                          // !NDEBUG
 404:../../Middlewares/stedgeai-lib/Npu/ll_aton/ll_aton_NN_interface.h **** 
 405:../../Middlewares/stedgeai-lib/Npu/ll_aton/ll_aton_NN_interface.h ****     TraceEpochBlock_FuncPtr_t epoch_callback_function; // epoch callback function
 406:../../Middlewares/stedgeai-lib/Npu/ll_aton/ll_aton_NN_interface.h **** 
 407:../../Middlewares/stedgeai-lib/Npu/ll_aton/ll_aton_NN_interface.h **** #if defined(LL_ATON_RT_RELOC)
 408:../../Middlewares/stedgeai-lib/Npu/ll_aton/ll_aton_NN_interface.h ****     uint32_t inst_reloc;
 409:../../Middlewares/stedgeai-lib/Npu/ll_aton/ll_aton_NN_interface.h **** #endif
 410:../../Middlewares/stedgeai-lib/Npu/ll_aton/ll_aton_NN_interface.h **** 
 411:../../Middlewares/stedgeai-lib/Npu/ll_aton/ll_aton_NN_interface.h ****   } NN_Execution_State_TypeDef;
 412:../../Middlewares/stedgeai-lib/Npu/ll_aton/ll_aton_NN_interface.h **** 
 413:../../Middlewares/stedgeai-lib/Npu/ll_aton/ll_aton_NN_interface.h ****   struct __nn_instance_struct
 414:../../Middlewares/stedgeai-lib/Npu/ll_aton/ll_aton_NN_interface.h ****   {
 415:../../Middlewares/stedgeai-lib/Npu/ll_aton/ll_aton_NN_interface.h ****     const NN_Interface_TypeDef *network;
 416:../../Middlewares/stedgeai-lib/Npu/ll_aton/ll_aton_NN_interface.h ****     NN_Execution_State_TypeDef exec_state;
 417:../../Middlewares/stedgeai-lib/Npu/ll_aton/ll_aton_NN_interface.h ****   };
 418:../../Middlewares/stedgeai-lib/Npu/ll_aton/ll_aton_NN_interface.h **** 
 419:../../Middlewares/stedgeai-lib/Npu/ll_aton/ll_aton_NN_interface.h ****   /**
 420:../../Middlewares/stedgeai-lib/Npu/ll_aton/ll_aton_NN_interface.h ****    * @}
 421:../../Middlewares/stedgeai-lib/Npu/ll_aton/ll_aton_NN_interface.h ****    */
 422:../../Middlewares/stedgeai-lib/Npu/ll_aton/ll_aton_NN_interface.h **** 
 423:../../Middlewares/stedgeai-lib/Npu/ll_aton/ll_aton_NN_interface.h ****   /** @defgroup Helper Function Inline Implementations
ARM GAS  /tmp/ccYuK7WA.s 			page 9


 424:../../Middlewares/stedgeai-lib/Npu/ll_aton/ll_aton_NN_interface.h ****    * @{
 425:../../Middlewares/stedgeai-lib/Npu/ll_aton/ll_aton_NN_interface.h ****    */
 426:../../Middlewares/stedgeai-lib/Npu/ll_aton/ll_aton_NN_interface.h **** 
 427:../../Middlewares/stedgeai-lib/Npu/ll_aton/ll_aton_NN_interface.h ****   static inline bool EpochBlock_IsLastEpochBlock(const EpochBlock_ItemTypeDef *eb)
 428:../../Middlewares/stedgeai-lib/Npu/ll_aton/ll_aton_NN_interface.h ****   {
 429:../../Middlewares/stedgeai-lib/Npu/ll_aton/ll_aton_NN_interface.h ****     return ((eb->flags & EpochBlock_Flags_last_eb) != 0);
 430:../../Middlewares/stedgeai-lib/Npu/ll_aton/ll_aton_NN_interface.h ****   }
 431:../../Middlewares/stedgeai-lib/Npu/ll_aton/ll_aton_NN_interface.h **** 
 432:../../Middlewares/stedgeai-lib/Npu/ll_aton/ll_aton_NN_interface.h ****   static inline bool EpochBlock_IsEpochStart(const EpochBlock_ItemTypeDef *eb)
 433:../../Middlewares/stedgeai-lib/Npu/ll_aton/ll_aton_NN_interface.h ****   {
 434:../../Middlewares/stedgeai-lib/Npu/ll_aton/ll_aton_NN_interface.h ****     return ((eb->flags & EpochBlock_Flags_epoch_start) != 0);
 435:../../Middlewares/stedgeai-lib/Npu/ll_aton/ll_aton_NN_interface.h ****   }
 436:../../Middlewares/stedgeai-lib/Npu/ll_aton/ll_aton_NN_interface.h **** 
 437:../../Middlewares/stedgeai-lib/Npu/ll_aton/ll_aton_NN_interface.h ****   static inline bool EpochBlock_IsEpochEnd(const EpochBlock_ItemTypeDef *eb)
 438:../../Middlewares/stedgeai-lib/Npu/ll_aton/ll_aton_NN_interface.h ****   {
 439:../../Middlewares/stedgeai-lib/Npu/ll_aton/ll_aton_NN_interface.h ****     return ((eb->flags & EpochBlock_Flags_epoch_end) != 0);
 440:../../Middlewares/stedgeai-lib/Npu/ll_aton/ll_aton_NN_interface.h ****   }
 441:../../Middlewares/stedgeai-lib/Npu/ll_aton/ll_aton_NN_interface.h **** 
 442:../../Middlewares/stedgeai-lib/Npu/ll_aton/ll_aton_NN_interface.h ****   static inline bool EpochBlock_IsEpochBlob(const EpochBlock_ItemTypeDef *eb)
 443:../../Middlewares/stedgeai-lib/Npu/ll_aton/ll_aton_NN_interface.h ****   {
 444:../../Middlewares/stedgeai-lib/Npu/ll_aton/ll_aton_NN_interface.h ****     return ((eb->flags & EpochBlock_Flags_blob) != 0);
 445:../../Middlewares/stedgeai-lib/Npu/ll_aton/ll_aton_NN_interface.h ****   }
 446:../../Middlewares/stedgeai-lib/Npu/ll_aton/ll_aton_NN_interface.h **** 
 447:../../Middlewares/stedgeai-lib/Npu/ll_aton/ll_aton_NN_interface.h ****   static inline bool EpochBlock_IsBlobEncrypted(const EpochBlock_ItemTypeDef *eb)
 448:../../Middlewares/stedgeai-lib/Npu/ll_aton/ll_aton_NN_interface.h ****   {
 449:../../Middlewares/stedgeai-lib/Npu/ll_aton/ll_aton_NN_interface.h ****     return ((eb->flags & EpochBlock_Flags_blob_encrypted) != 0);
 450:../../Middlewares/stedgeai-lib/Npu/ll_aton/ll_aton_NN_interface.h ****   }
 451:../../Middlewares/stedgeai-lib/Npu/ll_aton/ll_aton_NN_interface.h **** 
 452:../../Middlewares/stedgeai-lib/Npu/ll_aton/ll_aton_NN_interface.h ****   static inline bool EpochBlock_IsEpochPureSW(const EpochBlock_ItemTypeDef *eb)
 453:../../Middlewares/stedgeai-lib/Npu/ll_aton/ll_aton_NN_interface.h ****   {
 454:../../Middlewares/stedgeai-lib/Npu/ll_aton/ll_aton_NN_interface.h ****     return ((eb->flags & EpochBlock_Flags_pure_sw) != 0);
 455:../../Middlewares/stedgeai-lib/Npu/ll_aton/ll_aton_NN_interface.h ****   }
 456:../../Middlewares/stedgeai-lib/Npu/ll_aton/ll_aton_NN_interface.h **** 
 457:../../Middlewares/stedgeai-lib/Npu/ll_aton/ll_aton_NN_interface.h ****   static inline bool EpochBlock_IsEpochPureHW(const EpochBlock_ItemTypeDef *eb)
 458:../../Middlewares/stedgeai-lib/Npu/ll_aton/ll_aton_NN_interface.h ****   {
 459:../../Middlewares/stedgeai-lib/Npu/ll_aton/ll_aton_NN_interface.h ****     return ((eb->flags & EpochBlock_Flags_pure_hw) != 0);
 460:../../Middlewares/stedgeai-lib/Npu/ll_aton/ll_aton_NN_interface.h ****   }
 461:../../Middlewares/stedgeai-lib/Npu/ll_aton/ll_aton_NN_interface.h **** 
 462:../../Middlewares/stedgeai-lib/Npu/ll_aton/ll_aton_NN_interface.h ****   static inline bool EpochBlock_IsEpochHybrid(const EpochBlock_ItemTypeDef *eb)
 463:../../Middlewares/stedgeai-lib/Npu/ll_aton/ll_aton_NN_interface.h ****   {
 464:../../Middlewares/stedgeai-lib/Npu/ll_aton/ll_aton_NN_interface.h ****     return ((eb->flags & EpochBlock_Flags_hybrid) != 0);
 465:../../Middlewares/stedgeai-lib/Npu/ll_aton/ll_aton_NN_interface.h ****   }
 466:../../Middlewares/stedgeai-lib/Npu/ll_aton/ll_aton_NN_interface.h **** 
 467:../../Middlewares/stedgeai-lib/Npu/ll_aton/ll_aton_NN_interface.h ****   static inline bool EpochBlock_IsEpochInternal(const EpochBlock_ItemTypeDef *eb)
 468:../../Middlewares/stedgeai-lib/Npu/ll_aton/ll_aton_NN_interface.h ****   {
 469:../../Middlewares/stedgeai-lib/Npu/ll_aton/ll_aton_NN_interface.h ****     return ((eb->flags & EpochBlock_Flags_internal) != 0);
 470:../../Middlewares/stedgeai-lib/Npu/ll_aton/ll_aton_NN_interface.h ****   }
 471:../../Middlewares/stedgeai-lib/Npu/ll_aton/ll_aton_NN_interface.h **** 
 472:../../Middlewares/stedgeai-lib/Npu/ll_aton/ll_aton_NN_interface.h ****   static inline uint32_t EpochBlock_EpochControllerUnit(const EpochBlock_ItemTypeDef *eb)
 473:../../Middlewares/stedgeai-lib/Npu/ll_aton/ll_aton_NN_interface.h ****   {
 474:../../Middlewares/stedgeai-lib/Npu/ll_aton/ll_aton_NN_interface.h ****     LL_ATON_ASSERT(EpochBlock_IsEpochBlob(eb));
 475:../../Middlewares/stedgeai-lib/Npu/ll_aton/ll_aton_NN_interface.h ****     return eb->wait_mask;
 476:../../Middlewares/stedgeai-lib/Npu/ll_aton/ll_aton_NN_interface.h ****   }
 477:../../Middlewares/stedgeai-lib/Npu/ll_aton/ll_aton_NN_interface.h **** 
 478:../../Middlewares/stedgeai-lib/Npu/ll_aton/ll_aton_NN_interface.h ****   static inline uintptr_t EpochBlock_EpochBlobAddr(const EpochBlock_ItemTypeDef *eb)
 479:../../Middlewares/stedgeai-lib/Npu/ll_aton/ll_aton_NN_interface.h ****   {
 480:../../Middlewares/stedgeai-lib/Npu/ll_aton/ll_aton_NN_interface.h ****     LL_ATON_ASSERT(EpochBlock_IsEpochBlob(eb));
ARM GAS  /tmp/ccYuK7WA.s 			page 10


 481:../../Middlewares/stedgeai-lib/Npu/ll_aton/ll_aton_NN_interface.h ****     return eb->blob_address;
 482:../../Middlewares/stedgeai-lib/Npu/ll_aton/ll_aton_NN_interface.h ****   }
 483:../../Middlewares/stedgeai-lib/Npu/ll_aton/ll_aton_NN_interface.h **** 
 484:../../Middlewares/stedgeai-lib/Npu/ll_aton/ll_aton_NN_interface.h ****   static inline unsigned char *LL_Buffer_addr_base(const LL_Buffer_InfoTypeDef *buf)
 485:../../Middlewares/stedgeai-lib/Npu/ll_aton/ll_aton_NN_interface.h ****   {
 486:../../Middlewares/stedgeai-lib/Npu/ll_aton/ll_aton_NN_interface.h ****     if (buf->is_user_allocated)
 487:../../Middlewares/stedgeai-lib/Npu/ll_aton/ll_aton_NN_interface.h ****     {
 488:../../Middlewares/stedgeai-lib/Npu/ll_aton/ll_aton_NN_interface.h ****       unsigned char **tmp = (unsigned char **)buf->addr_base.p;
 489:../../Middlewares/stedgeai-lib/Npu/ll_aton/ll_aton_NN_interface.h ****       return *tmp;
 490:../../Middlewares/stedgeai-lib/Npu/ll_aton/ll_aton_NN_interface.h ****     }
 491:../../Middlewares/stedgeai-lib/Npu/ll_aton/ll_aton_NN_interface.h ****     return buf->addr_base.p;
 492:../../Middlewares/stedgeai-lib/Npu/ll_aton/ll_aton_NN_interface.h ****   }
 493:../../Middlewares/stedgeai-lib/Npu/ll_aton/ll_aton_NN_interface.h **** 
 494:../../Middlewares/stedgeai-lib/Npu/ll_aton/ll_aton_NN_interface.h ****   static inline unsigned char *LL_Buffer_addr_start(const LL_Buffer_InfoTypeDef *buf)
 495:../../Middlewares/stedgeai-lib/Npu/ll_aton/ll_aton_NN_interface.h ****   {
  35              		.loc 2 495 3 view -0
  36              		.cfi_startproc
  37              		@ args = 0, pretend = 0, frame = 0
  38              		@ frame_needed = 0, uses_anonymous_args = 0
  39              		@ link register save eliminated.
 496:../../Middlewares/stedgeai-lib/Npu/ll_aton/ll_aton_NN_interface.h ****     return LL_Buffer_addr_base(buf) + buf->offset_start;
  40              		.loc 2 496 5 view .LVU1
  41              	.LBB9:
  42              	.LBI9:
 484:../../Middlewares/stedgeai-lib/Npu/ll_aton/ll_aton_NN_interface.h ****   {
  43              		.loc 2 484 32 view .LVU2
  44              	.LBB10:
 486:../../Middlewares/stedgeai-lib/Npu/ll_aton/ll_aton_NN_interface.h ****     {
  45              		.loc 2 486 5 view .LVU3
 486:../../Middlewares/stedgeai-lib/Npu/ll_aton/ll_aton_NN_interface.h ****     {
  46              		.loc 2 486 8 is_stmt 0 view .LVU4
  47 0000 027D     		ldrb	r2, [r0, #20]	@ zero_extendqisi2
  48              	.LBB11:
 488:../../Middlewares/stedgeai-lib/Npu/ll_aton/ll_aton_NN_interface.h ****       return *tmp;
  49              		.loc 2 488 23 view .LVU5
  50 0002 4368     		ldr	r3, [r0, #4]
  51              	.LBE11:
 486:../../Middlewares/stedgeai-lib/Npu/ll_aton/ll_aton_NN_interface.h ****     {
  52              		.loc 2 486 8 view .LVU6
  53 0004 02B1     		cbz	r2, .L2
  54              	.LBB12:
 488:../../Middlewares/stedgeai-lib/Npu/ll_aton/ll_aton_NN_interface.h ****       return *tmp;
  55              		.loc 2 488 7 is_stmt 1 view .LVU7
  56              	.LVL1:
 489:../../Middlewares/stedgeai-lib/Npu/ll_aton/ll_aton_NN_interface.h ****     }
  57              		.loc 2 489 7 view .LVU8
 489:../../Middlewares/stedgeai-lib/Npu/ll_aton/ll_aton_NN_interface.h ****     }
  58              		.loc 2 489 14 is_stmt 0 view .LVU9
  59 0006 1B68     		ldr	r3, [r3]
  60              	.LVL2:
  61              	.L2:
 489:../../Middlewares/stedgeai-lib/Npu/ll_aton/ll_aton_NN_interface.h ****     }
  62              		.loc 2 489 14 view .LVU10
  63              	.LBE12:
  64              	.LBE10:
  65              	.LBE9:
  66              		.loc 2 496 37 discriminator 1 view .LVU11
ARM GAS  /tmp/ccYuK7WA.s 			page 11


  67 0008 8068     		ldr	r0, [r0, #8]
  68              	.LVL3:
 497:../../Middlewares/stedgeai-lib/Npu/ll_aton/ll_aton_NN_interface.h ****   }
  69              		.loc 2 497 3 view .LVU12
  70 000a 1844     		add	r0, r0, r3
  71 000c 7047     		bx	lr
  72              		.cfi_endproc
  73              	.LFE15:
  75              		.section	.text.__ll_aton_stai_check_context_network_handle.constprop.0,"ax",%progbits
  76              		.align	1
  77              		.syntax unified
  78              		.thumb
  79              		.thumb_func
  81              	__ll_aton_stai_check_context_network_handle.constprop.0:
  82              	.LVL4:
  83              	.LFB345:
  84              		.file 3 "../../Middlewares/stedgeai-lib/Npu/ll_aton/ll_aton_stai_internal.h"
   1:../../Middlewares/stedgeai-lib/Npu/ll_aton/ll_aton_stai_internal.h **** /**
   2:../../Middlewares/stedgeai-lib/Npu/ll_aton/ll_aton_stai_internal.h ****  ******************************************************************************
   3:../../Middlewares/stedgeai-lib/Npu/ll_aton/ll_aton_stai_internal.h ****  * @file    ll_aton_stai_internal.h
   4:../../Middlewares/stedgeai-lib/Npu/ll_aton/ll_aton_stai_internal.h ****  * @author  SRA Artificial Intelligence & Embedded Architectures
   5:../../Middlewares/stedgeai-lib/Npu/ll_aton/ll_aton_stai_internal.h ****  * @brief   Implementation of ST.AI public & internal APIs for ATON
   6:../../Middlewares/stedgeai-lib/Npu/ll_aton/ll_aton_stai_internal.h ****  ******************************************************************************
   7:../../Middlewares/stedgeai-lib/Npu/ll_aton/ll_aton_stai_internal.h ****  * @attention
   8:../../Middlewares/stedgeai-lib/Npu/ll_aton/ll_aton_stai_internal.h ****  *
   9:../../Middlewares/stedgeai-lib/Npu/ll_aton/ll_aton_stai_internal.h ****  * Copyright (c) 2024 STMicroelectronics.
  10:../../Middlewares/stedgeai-lib/Npu/ll_aton/ll_aton_stai_internal.h ****  * All rights reserved.
  11:../../Middlewares/stedgeai-lib/Npu/ll_aton/ll_aton_stai_internal.h ****  *
  12:../../Middlewares/stedgeai-lib/Npu/ll_aton/ll_aton_stai_internal.h ****  * This software is licensed under terms that can be found in the LICENSE file
  13:../../Middlewares/stedgeai-lib/Npu/ll_aton/ll_aton_stai_internal.h ****  * in the root directory of this software component.
  14:../../Middlewares/stedgeai-lib/Npu/ll_aton/ll_aton_stai_internal.h ****  * If no LICENSE file comes with this software, it is provided AS-IS.
  15:../../Middlewares/stedgeai-lib/Npu/ll_aton/ll_aton_stai_internal.h ****  *
  16:../../Middlewares/stedgeai-lib/Npu/ll_aton/ll_aton_stai_internal.h ****  ******************************************************************************
  17:../../Middlewares/stedgeai-lib/Npu/ll_aton/ll_aton_stai_internal.h ****  */
  18:../../Middlewares/stedgeai-lib/Npu/ll_aton/ll_aton_stai_internal.h **** 
  19:../../Middlewares/stedgeai-lib/Npu/ll_aton/ll_aton_stai_internal.h **** #ifndef __LL_ATON_STAI_INTERNAL_H
  20:../../Middlewares/stedgeai-lib/Npu/ll_aton/ll_aton_stai_internal.h **** #define __LL_ATON_STAI_INTERNAL_H
  21:../../Middlewares/stedgeai-lib/Npu/ll_aton/ll_aton_stai_internal.h **** 
  22:../../Middlewares/stedgeai-lib/Npu/ll_aton/ll_aton_stai_internal.h **** // ATON headers
  23:../../Middlewares/stedgeai-lib/Npu/ll_aton/ll_aton_stai_internal.h **** #include "ll_aton_rt_user_api.h"
  24:../../Middlewares/stedgeai-lib/Npu/ll_aton/ll_aton_stai_internal.h **** #include "ll_aton_util.h"
  25:../../Middlewares/stedgeai-lib/Npu/ll_aton/ll_aton_stai_internal.h **** 
  26:../../Middlewares/stedgeai-lib/Npu/ll_aton/ll_aton_stai_internal.h **** // ST.AI headers
  27:../../Middlewares/stedgeai-lib/Npu/ll_aton/ll_aton_stai_internal.h **** #include "stai_aton_common.h"
  28:../../Middlewares/stedgeai-lib/Npu/ll_aton/ll_aton_stai_internal.h **** 
  29:../../Middlewares/stedgeai-lib/Npu/ll_aton/ll_aton_stai_internal.h **** #ifdef __cplusplus
  30:../../Middlewares/stedgeai-lib/Npu/ll_aton/ll_aton_stai_internal.h **** extern "C"
  31:../../Middlewares/stedgeai-lib/Npu/ll_aton/ll_aton_stai_internal.h **** {
  32:../../Middlewares/stedgeai-lib/Npu/ll_aton/ll_aton_stai_internal.h **** #endif
  33:../../Middlewares/stedgeai-lib/Npu/ll_aton/ll_aton_stai_internal.h **** 
  34:../../Middlewares/stedgeai-lib/Npu/ll_aton/ll_aton_stai_internal.h **** /*****************************************************************************/
  35:../../Middlewares/stedgeai-lib/Npu/ll_aton/ll_aton_stai_internal.h **** #define STAI_INTERNAL_ENTRY /* STAI_INTERNAL_ENTRY */
  36:../../Middlewares/stedgeai-lib/Npu/ll_aton/ll_aton_stai_internal.h **** #define STAI_SIZE(_size)    ((stai_size)(_size))
  37:../../Middlewares/stedgeai-lib/Npu/ll_aton/ll_aton_stai_internal.h **** 
  38:../../Middlewares/stedgeai-lib/Npu/ll_aton/ll_aton_stai_internal.h **** /*****************************************************************************/
  39:../../Middlewares/stedgeai-lib/Npu/ll_aton/ll_aton_stai_internal.h **** #define STAI_INIT_BUFFER(_flags, _size, _address)                                                  
  40:../../Middlewares/stedgeai-lib/Npu/ll_aton/ll_aton_stai_internal.h ****   {                                                                                                
ARM GAS  /tmp/ccYuK7WA.s 			page 12


  41:../../Middlewares/stedgeai-lib/Npu/ll_aton/ll_aton_stai_internal.h ****     .size = (_size), .address = (uintptr_t)(_address), .flags = (_flags),                          
  42:../../Middlewares/stedgeai-lib/Npu/ll_aton/ll_aton_stai_internal.h ****   }
  43:../../Middlewares/stedgeai-lib/Npu/ll_aton/ll_aton_stai_internal.h **** 
  44:../../Middlewares/stedgeai-lib/Npu/ll_aton/ll_aton_stai_internal.h **** #define STAI_INIT_TENSOR(_name, _flags, _fmt, _size_bytes, _shape, _scale, _zeropoint)             
  45:../../Middlewares/stedgeai-lib/Npu/ll_aton/ll_aton_stai_internal.h ****   {                                                                                                
  46:../../Middlewares/stedgeai-lib/Npu/ll_aton/ll_aton_stai_internal.h ****     .size_bytes = (_size_bytes), .flags = (_flags), .format = (stai_format)(_fmt), .shape = STAI_PA
  47:../../Middlewares/stedgeai-lib/Npu/ll_aton/ll_aton_stai_internal.h ****     .scale = STAI_PACK(_scale), .zeropoint = STAI_PACK(_zeropoint), .name = (_name)                
  48:../../Middlewares/stedgeai-lib/Npu/ll_aton/ll_aton_stai_internal.h ****   }
  49:../../Middlewares/stedgeai-lib/Npu/ll_aton/ll_aton_stai_internal.h **** 
  50:../../Middlewares/stedgeai-lib/Npu/ll_aton/ll_aton_stai_internal.h **** #define STAI_INIT_ARRAY(_size, _ptr)                                                               
  51:../../Middlewares/stedgeai-lib/Npu/ll_aton/ll_aton_stai_internal.h ****   {                                                                                                
  52:../../Middlewares/stedgeai-lib/Npu/ll_aton/ll_aton_stai_internal.h ****     .size = STAI_SIZE(_size), .data = STAI_PACK(_ptr)                                              
  53:../../Middlewares/stedgeai-lib/Npu/ll_aton/ll_aton_stai_internal.h ****   }
  54:../../Middlewares/stedgeai-lib/Npu/ll_aton/ll_aton_stai_internal.h **** 
  55:../../Middlewares/stedgeai-lib/Npu/ll_aton/ll_aton_stai_internal.h **** #define STAI_CAST_ARRAY(_type, _size, _ptr)                                                        
  56:../../Middlewares/stedgeai-lib/Npu/ll_aton/ll_aton_stai_internal.h ****   {                                                                                                
  57:../../Middlewares/stedgeai-lib/Npu/ll_aton/ll_aton_stai_internal.h ****     .size = STAI_SIZE(_size), .data = (_type)STAI_PACK(_ptr)                                       
  58:../../Middlewares/stedgeai-lib/Npu/ll_aton/ll_aton_stai_internal.h ****   }
  59:../../Middlewares/stedgeai-lib/Npu/ll_aton/ll_aton_stai_internal.h **** 
  60:../../Middlewares/stedgeai-lib/Npu/ll_aton/ll_aton_stai_internal.h **** #define STAI_DECLARE_ARRAY(_type, _size, _array_initializer)                                       
  61:../../Middlewares/stedgeai-lib/Npu/ll_aton/ll_aton_stai_internal.h ****   {                                                                                                
  62:../../Middlewares/stedgeai-lib/Npu/ll_aton/ll_aton_stai_internal.h ****     .size = STAI_SIZE(_size), .data = (_type[_size])STAI_PACK(_array_initializer)                  
  63:../../Middlewares/stedgeai-lib/Npu/ll_aton/ll_aton_stai_internal.h ****   }
  64:../../Middlewares/stedgeai-lib/Npu/ll_aton/ll_aton_stai_internal.h **** 
  65:../../Middlewares/stedgeai-lib/Npu/ll_aton/ll_aton_stai_internal.h **** #define STAI_EMPTY_ARRAY()                                                                         
  66:../../Middlewares/stedgeai-lib/Npu/ll_aton/ll_aton_stai_internal.h ****   {                                                                                                
  67:../../Middlewares/stedgeai-lib/Npu/ll_aton/ll_aton_stai_internal.h ****     .size = 0, .data = NULL                                                                        
  68:../../Middlewares/stedgeai-lib/Npu/ll_aton/ll_aton_stai_internal.h ****   }
  69:../../Middlewares/stedgeai-lib/Npu/ll_aton/ll_aton_stai_internal.h **** 
  70:../../Middlewares/stedgeai-lib/Npu/ll_aton/ll_aton_stai_internal.h **** #define STAI_INIT_VERSION(_major, _minor, _micro)                                                  
  71:../../Middlewares/stedgeai-lib/Npu/ll_aton/ll_aton_stai_internal.h ****   {                                                                                                
  72:../../Middlewares/stedgeai-lib/Npu/ll_aton/ll_aton_stai_internal.h ****     .major = (_major), .minor = (_minor), .micro = (_micro), .reserved = 0x0                       
  73:../../Middlewares/stedgeai-lib/Npu/ll_aton/ll_aton_stai_internal.h ****   }
  74:../../Middlewares/stedgeai-lib/Npu/ll_aton/ll_aton_stai_internal.h **** 
  75:../../Middlewares/stedgeai-lib/Npu/ll_aton/ll_aton_stai_internal.h **** /*****************************************************************************/
  76:../../Middlewares/stedgeai-lib/Npu/ll_aton/ll_aton_stai_internal.h **** /**  Internal ATON ST.AI APIs                                               **/
  77:../../Middlewares/stedgeai-lib/Npu/ll_aton/ll_aton_stai_internal.h **** /*****************************************************************************/
  78:../../Middlewares/stedgeai-lib/Npu/ll_aton/ll_aton_stai_internal.h **** 
  79:../../Middlewares/stedgeai-lib/Npu/ll_aton/ll_aton_stai_internal.h **** /*****************************************************************************/
  80:../../Middlewares/stedgeai-lib/Npu/ll_aton/ll_aton_stai_internal.h **** /**Macros **/
  81:../../Middlewares/stedgeai-lib/Npu/ll_aton/ll_aton_stai_internal.h **** /* Set context error */
  82:../../Middlewares/stedgeai-lib/Npu/ll_aton/ll_aton_stai_internal.h **** #define __LL_ATON_STAI_SET_1ST_CTX_ERROR_AND_RETURN(ctx, err)                                      
  83:../../Middlewares/stedgeai-lib/Npu/ll_aton/ll_aton_stai_internal.h ****   do                                                                                               
  84:../../Middlewares/stedgeai-lib/Npu/ll_aton/ll_aton_stai_internal.h ****   {                                                                                                
  85:../../Middlewares/stedgeai-lib/Npu/ll_aton/ll_aton_stai_internal.h ****     /* check context handle */                                                                     
  86:../../Middlewares/stedgeai-lib/Npu/ll_aton/ll_aton_stai_internal.h ****     if (!(ctx))                                                                                    
  87:../../Middlewares/stedgeai-lib/Npu/ll_aton/ll_aton_stai_internal.h ****       return STAI_ERROR_NETWORK_INVALID_CONTEXT_HANDLE;                                            
  88:../../Middlewares/stedgeai-lib/Npu/ll_aton/ll_aton_stai_internal.h ****                                                                                                    
  89:../../Middlewares/stedgeai-lib/Npu/ll_aton/ll_aton_stai_internal.h ****     if (((ctx)->first_error) < STAI_ERROR_GENERIC)                                                 
  90:../../Middlewares/stedgeai-lib/Npu/ll_aton/ll_aton_stai_internal.h ****       (ctx)->first_error = (err);                                                                  
  91:../../Middlewares/stedgeai-lib/Npu/ll_aton/ll_aton_stai_internal.h ****     return (err);                                                                                  
  92:../../Middlewares/stedgeai-lib/Npu/ll_aton/ll_aton_stai_internal.h ****   } while (0)
  93:../../Middlewares/stedgeai-lib/Npu/ll_aton/ll_aton_stai_internal.h **** 
  94:../../Middlewares/stedgeai-lib/Npu/ll_aton/ll_aton_stai_internal.h **** /* check context & network interface handle */
  95:../../Middlewares/stedgeai-lib/Npu/ll_aton/ll_aton_stai_internal.h **** #define __LL_ATON_STAI_ACQUIRE_INTERFACE(_net_interface, _network)                                 
  96:../../Middlewares/stedgeai-lib/Npu/ll_aton/ll_aton_stai_internal.h ****   const NN_Interface_TypeDef *_net_interface = NULL;                                               
  97:../../Middlewares/stedgeai-lib/Npu/ll_aton/ll_aton_stai_internal.h ****   stai_return_code _ret = __ll_aton_stai_check_context_network_handle(_network, &_net_interface);  
ARM GAS  /tmp/ccYuK7WA.s 			page 13


  98:../../Middlewares/stedgeai-lib/Npu/ll_aton/ll_aton_stai_internal.h ****   if (_ret >= STAI_ERROR_GENERIC)                                                                  
  99:../../Middlewares/stedgeai-lib/Npu/ll_aton/ll_aton_stai_internal.h ****     return _ret;
 100:../../Middlewares/stedgeai-lib/Npu/ll_aton/ll_aton_stai_internal.h **** 
 101:../../Middlewares/stedgeai-lib/Npu/ll_aton/ll_aton_stai_internal.h **** #define __LL_ATON_START_CONT_EXEC(_nn_instance)                                                    
 102:../../Middlewares/stedgeai-lib/Npu/ll_aton/ll_aton_stai_internal.h ****   do                                                                                               
 103:../../Middlewares/stedgeai-lib/Npu/ll_aton/ll_aton_stai_internal.h ****   {                                                                                                
 104:../../Middlewares/stedgeai-lib/Npu/ll_aton/ll_aton_stai_internal.h ****     STAI_ASSERT((_nn_instance) != NULL);                                                           
 105:../../Middlewares/stedgeai-lib/Npu/ll_aton/ll_aton_stai_internal.h ****     _stai_aton_context *_stai_nn_ctx =                                                             
 106:../../Middlewares/stedgeai-lib/Npu/ll_aton/ll_aton_stai_internal.h ****         (_stai_aton_context *)((void *)(_nn_instance)) - offsetof(_stai_aton_context, network_insta
 107:../../Middlewares/stedgeai-lib/Npu/ll_aton/ll_aton_stai_internal.h ****                                                                                                    
 108:../../Middlewares/stedgeai-lib/Npu/ll_aton/ll_aton_stai_internal.h ****     /* start/continue execution */                                                                 
 109:../../Middlewares/stedgeai-lib/Npu/ll_aton/ll_aton_stai_internal.h ****     __ll_aton_stai_set_execution_status(LL_ATON_RT_RunEpochBlock((_nn_instance)), _stai_nn_ctx);   
 110:../../Middlewares/stedgeai-lib/Npu/ll_aton/ll_aton_stai_internal.h ****                                                                                                    
 111:../../Middlewares/stedgeai-lib/Npu/ll_aton/ll_aton_stai_internal.h ****     /* get current execution status */                                                             
 112:../../Middlewares/stedgeai-lib/Npu/ll_aton/ll_aton_stai_internal.h ****     stai_return_code current_exec_status = __ll_aton_stai_get_execution_status(_stai_nn_ctx);      
 113:../../Middlewares/stedgeai-lib/Npu/ll_aton/ll_aton_stai_internal.h ****     return current_exec_status;                                                                    
 114:../../Middlewares/stedgeai-lib/Npu/ll_aton/ll_aton_stai_internal.h ****   } while (0)
 115:../../Middlewares/stedgeai-lib/Npu/ll_aton/ll_aton_stai_internal.h **** 
 116:../../Middlewares/stedgeai-lib/Npu/ll_aton/ll_aton_stai_internal.h ****   /** Functions **/
 117:../../Middlewares/stedgeai-lib/Npu/ll_aton/ll_aton_stai_internal.h ****   STAI_API_DECLARE_BEGIN
 118:../../Middlewares/stedgeai-lib/Npu/ll_aton/ll_aton_stai_internal.h **** 
 119:../../Middlewares/stedgeai-lib/Npu/ll_aton/ll_aton_stai_internal.h ****   STAI_INTERNAL_ENTRY
 120:../../Middlewares/stedgeai-lib/Npu/ll_aton/ll_aton_stai_internal.h ****   static inline stai_return_code __ll_aton_stai_check_context_network_handle(stai_network *network,
  85              		.loc 3 120 34 is_stmt 1 view -0
  86              		.cfi_startproc
  87              		@ args = 0, pretend = 0, frame = 0
  88              		@ frame_needed = 0, uses_anonymous_args = 0
  89              		@ link register save eliminated.
 121:../../Middlewares/stedgeai-lib/Npu/ll_aton/ll_aton_stai_internal.h ****                                                                              const NN_Interface_Typ
 122:../../Middlewares/stedgeai-lib/Npu/ll_aton/ll_aton_stai_internal.h ****   {
 123:../../Middlewares/stedgeai-lib/Npu/ll_aton/ll_aton_stai_internal.h ****     /* check context handle */
 124:../../Middlewares/stedgeai-lib/Npu/ll_aton/ll_aton_stai_internal.h ****     if (!network)
  90              		.loc 3 124 5 view .LVU14
  91              		.loc 3 124 8 is_stmt 0 view .LVU15
  92 0000 40B1     		cbz	r0, .L7
 125:../../Middlewares/stedgeai-lib/Npu/ll_aton/ll_aton_stai_internal.h ****       return STAI_ERROR_NETWORK_INVALID_CONTEXT_HANDLE;
 126:../../Middlewares/stedgeai-lib/Npu/ll_aton/ll_aton_stai_internal.h **** 
 127:../../Middlewares/stedgeai-lib/Npu/ll_aton/ll_aton_stai_internal.h ****     /* check network handle */
 128:../../Middlewares/stedgeai-lib/Npu/ll_aton/ll_aton_stai_internal.h ****     _stai_aton_context *context_ptr = (_stai_aton_context *)network;
  93              		.loc 3 128 5 is_stmt 1 view .LVU16
  94              	.LVL5:
 129:../../Middlewares/stedgeai-lib/Npu/ll_aton/ll_aton_stai_internal.h ****     const NN_Interface_TypeDef *nn_i_ptr = context_ptr->network_instance.network;
  95              		.loc 3 129 5 view .LVU17
  96              		.loc 3 129 33 is_stmt 0 view .LVU18
  97 0002 0368     		ldr	r3, [r0]
  98              	.LVL6:
 130:../../Middlewares/stedgeai-lib/Npu/ll_aton/ll_aton_stai_internal.h ****     if (!nn_i_ptr)
  99              		.loc 3 130 5 is_stmt 1 view .LVU19
 100              		.loc 3 130 8 is_stmt 0 view .LVU20
 101 0004 4BB9     		cbnz	r3, .L8
 131:../../Middlewares/stedgeai-lib/Npu/ll_aton/ll_aton_stai_internal.h ****     {
 132:../../Middlewares/stedgeai-lib/Npu/ll_aton/ll_aton_stai_internal.h ****       __LL_ATON_STAI_SET_1ST_CTX_ERROR_AND_RETURN(context_ptr, STAI_ERROR_NETWORK_INVALID_CONTEXT_H
 102              		.loc 3 132 7 is_stmt 1 view .LVU21
 103              		.loc 3 132 7 view .LVU22
 104              		.loc 3 132 7 discriminator 2 view .LVU23
 105 0006 C36B     		ldr	r3, [r0, #60]
 106              	.LVL7:
ARM GAS  /tmp/ccYuK7WA.s 			page 14


 107              		.loc 3 132 7 is_stmt 0 discriminator 2 view .LVU24
 108 0008 B3F5003F 		cmp	r3, #131072
 109              		.loc 3 132 7 is_stmt 1 discriminator 3 view .LVU25
 110 000c 3CBF     		itt	cc
 111 000e 4FF44033 		movcc	r3, #196608
 112 0012 C363     		strcc	r3, [r0, #60]
 113              	.LVL8:
 114              	.L7:
 125:../../Middlewares/stedgeai-lib/Npu/ll_aton/ll_aton_stai_internal.h **** 
 115              		.loc 3 125 14 is_stmt 0 view .LVU26
 116 0014 4FF44030 		mov	r0, #196608
 117              	.LVL9:
 125:../../Middlewares/stedgeai-lib/Npu/ll_aton/ll_aton_stai_internal.h **** 
 118              		.loc 3 125 14 view .LVU27
 119 0018 7047     		bx	lr
 120              	.LVL10:
 121              	.L8:
 122              		.loc 3 132 7 is_stmt 1 view .LVU28
 133:../../Middlewares/stedgeai-lib/Npu/ll_aton/ll_aton_stai_internal.h ****     }
 134:../../Middlewares/stedgeai-lib/Npu/ll_aton/ll_aton_stai_internal.h **** 
 135:../../Middlewares/stedgeai-lib/Npu/ll_aton/ll_aton_stai_internal.h ****     /* save network pointer */
 136:../../Middlewares/stedgeai-lib/Npu/ll_aton/ll_aton_stai_internal.h ****     *nn_i_ptr_ptr = nn_i_ptr;
 123              		.loc 3 136 5 view .LVU29
 137:../../Middlewares/stedgeai-lib/Npu/ll_aton/ll_aton_stai_internal.h ****     return STAI_SUCCESS;
 124              		.loc 3 137 12 is_stmt 0 view .LVU30
 125 001a 0020     		movs	r0, #0
 126              	.LVL11:
 136:../../Middlewares/stedgeai-lib/Npu/ll_aton/ll_aton_stai_internal.h ****     return STAI_SUCCESS;
 127              		.loc 3 136 19 view .LVU31
 128 001c 0B60     		str	r3, [r1]
 129              		.loc 3 137 5 is_stmt 1 view .LVU32
 138:../../Middlewares/stedgeai-lib/Npu/ll_aton/ll_aton_stai_internal.h ****   }
 130              		.loc 3 138 3 is_stmt 0 view .LVU33
 131 001e 7047     		bx	lr
 132              		.cfi_endproc
 133              	.LFE345:
 135              		.section	.rodata.__ll_aton_stai_network_set_outputs_or_activations.str1.1,"aMS",%progbits,1
 136              	.LC0:
 137 0000 62756666 		.ascii	"buffer_info->offset_start == 0\000"
 137      65725F69 
 137      6E666F2D 
 137      3E6F6666 
 137      7365745F 
 138              	.LC1:
 139 001f 2E2E2F2E 		.ascii	"../../Model/STM32N6570-DK/stai_network.c\000"
 139      2E2F4D6F 
 139      64656C2F 
 139      53544D33 
 139      324E3635 
 140              	.LC2:
 141 0048 61646472 		.ascii	"address_location != ((void *)0)\000"
 141      6573735F 
 141      6C6F6361 
 141      74696F6E 
 141      20213D20 
 142              		.section	.text.__ll_aton_stai_network_set_outputs_or_activations,"ax",%progbits
 143              		.align	1
ARM GAS  /tmp/ccYuK7WA.s 			page 15


 144              		.syntax unified
 145              		.thumb
 146              		.thumb_func
 148              	__ll_aton_stai_network_set_outputs_or_activations:
 149              	.LVL12:
 150              	.LFB322:
   1:../../Model/STM32N6570-DK/stai_network.c **** 
   2:../../Model/STM32N6570-DK/stai_network.c **** /* AUTOGENERATED DO NOT MODIFY */
   3:../../Model/STM32N6570-DK/stai_network.c **** 
   4:../../Model/STM32N6570-DK/stai_network.c **** /**
   5:../../Model/STM32N6570-DK/stai_network.c ****  ******************************************************************************
   6:../../Model/STM32N6570-DK/stai_network.c ****  * @file    stai_network.c
   7:../../Model/STM32N6570-DK/stai_network.c ****  * @author  SRA Artificial Intelligence & Embedded Architectures
   8:../../Model/STM32N6570-DK/stai_network.c ****  * @brief   Implementation of ST.AI platform public APIs for ATON
   9:../../Model/STM32N6570-DK/stai_network.c ****  ******************************************************************************
  10:../../Model/STM32N6570-DK/stai_network.c ****  * @attention
  11:../../Model/STM32N6570-DK/stai_network.c ****  *
  12:../../Model/STM32N6570-DK/stai_network.c ****  * Copyright (c) 2024 STMicroelectronics.
  13:../../Model/STM32N6570-DK/stai_network.c ****  * All rights reserved.
  14:../../Model/STM32N6570-DK/stai_network.c ****  *
  15:../../Model/STM32N6570-DK/stai_network.c ****  * This software is licensed under terms that can be found in the LICENSE file
  16:../../Model/STM32N6570-DK/stai_network.c ****  * in the root directory of this software component.
  17:../../Model/STM32N6570-DK/stai_network.c ****  * If no LICENSE file comes with this software, it is provided AS-IS.
  18:../../Model/STM32N6570-DK/stai_network.c ****  *
  19:../../Model/STM32N6570-DK/stai_network.c ****  ******************************************************************************
  20:../../Model/STM32N6570-DK/stai_network.c ****  */
  21:../../Model/STM32N6570-DK/stai_network.c **** 
  22:../../Model/STM32N6570-DK/stai_network.c **** #include "stai_network.h"
  23:../../Model/STM32N6570-DK/stai_network.c **** #include "ll_aton_rt_user_api.h"
  24:../../Model/STM32N6570-DK/stai_network.c **** #include "ll_aton_util.h"
  25:../../Model/STM32N6570-DK/stai_network.c **** #include "ll_aton_version.h"
  26:../../Model/STM32N6570-DK/stai_network.c **** 
  27:../../Model/STM32N6570-DK/stai_network.c **** /* Status variables */
  28:../../Model/STM32N6570-DK/stai_network.c **** LL_ATON_DECLARE_NAMED_NN_INTERFACE(network);
  29:../../Model/STM32N6570-DK/stai_network.c **** 
  30:../../Model/STM32N6570-DK/stai_network.c **** /* Helper macros & functions */
  31:../../Model/STM32N6570-DK/stai_network.c **** #define __LL_ATON_STAI_CHECK_NETWORK_INTERFACE(nn_interface_ptr, ctx)                              
  32:../../Model/STM32N6570-DK/stai_network.c ****   do                                                                                               
  33:../../Model/STM32N6570-DK/stai_network.c ****   {                                                                                                
  34:../../Model/STM32N6570-DK/stai_network.c ****     if ((nn_interface_ptr) != &NN_Interface_network)                                               
  35:../../Model/STM32N6570-DK/stai_network.c ****       __LL_ATON_STAI_SET_1ST_CTX_ERROR_AND_RETURN((ctx), STAI_ERROR_NETWORK_INVALID_CONTEXT_HANDLE)
  36:../../Model/STM32N6570-DK/stai_network.c ****   } while (0)
  37:../../Model/STM32N6570-DK/stai_network.c **** 
  38:../../Model/STM32N6570-DK/stai_network.c **** static inline stai_return_code __ll_aton_stai_network_get_inputs_or_weights(stai_network *network,
  39:../../Model/STM32N6570-DK/stai_network.c ****                                                                                           stai_ptr 
  40:../../Model/STM32N6570-DK/stai_network.c ****                                                                                           stai_size
  41:../../Model/STM32N6570-DK/stai_network.c ****                                                                                           bool inpu
  42:../../Model/STM32N6570-DK/stai_network.c **** {
  43:../../Model/STM32N6570-DK/stai_network.c ****   __LL_ATON_STAI_ACQUIRE_INTERFACE(nn_i_ptr, network);
  44:../../Model/STM32N6570-DK/stai_network.c ****   __LL_ATON_STAI_CHECK_NETWORK_INTERFACE(nn_i_ptr, (_stai_aton_context *)network);
  45:../../Model/STM32N6570-DK/stai_network.c **** 
  46:../../Model/STM32N6570-DK/stai_network.c ****   /* check parameters */
  47:../../Model/STM32N6570-DK/stai_network.c ****   if (!n_ptrs)
  48:../../Model/STM32N6570-DK/stai_network.c ****     __LL_ATON_STAI_SET_1ST_CTX_ERROR_AND_RETURN((_stai_aton_context *)network,
  49:../../Model/STM32N6570-DK/stai_network.c ****                                                 STAI_ERROR_NETWORK_INVALID_API_ARGUMENTS);
  50:../../Model/STM32N6570-DK/stai_network.c **** 
  51:../../Model/STM32N6570-DK/stai_network.c ****   /* get input buffers */
ARM GAS  /tmp/ccYuK7WA.s 			page 16


  52:../../Model/STM32N6570-DK/stai_network.c ****   const LL_Buffer_InfoTypeDef *input_buffers = nn_i_ptr->input_buffers_info();
  53:../../Model/STM32N6570-DK/stai_network.c **** 
  54:../../Model/STM32N6570-DK/stai_network.c ****   /* copy buffer addresses */
  55:../../Model/STM32N6570-DK/stai_network.c ****   unsigned cnt = 0;
  56:../../Model/STM32N6570-DK/stai_network.c ****   if (input_buffers != NULL)
  57:../../Model/STM32N6570-DK/stai_network.c ****   {
  58:../../Model/STM32N6570-DK/stai_network.c ****     for (unsigned idx = 0; input_buffers[idx].name != NULL; idx++)
  59:../../Model/STM32N6570-DK/stai_network.c ****     {
  60:../../Model/STM32N6570-DK/stai_network.c ****       const LL_Buffer_InfoTypeDef *buffer_info = &input_buffers[idx];
  61:../../Model/STM32N6570-DK/stai_network.c ****       if (inputs == !buffer_info->is_param)
  62:../../Model/STM32N6570-DK/stai_network.c ****       {
  63:../../Model/STM32N6570-DK/stai_network.c ****         if (pointers)
  64:../../Model/STM32N6570-DK/stai_network.c ****         {
  65:../../Model/STM32N6570-DK/stai_network.c ****           if (buffer_info->is_user_allocated) // is it an user allocatable buffer
  66:../../Model/STM32N6570-DK/stai_network.c ****           {
  67:../../Model/STM32N6570-DK/stai_network.c ****             LL_ATON_ASSERT(buffer_info->offset_start ==
  68:../../Model/STM32N6570-DK/stai_network.c ****                            0); // user allocated buffers always have an offset equal to zero
  69:../../Model/STM32N6570-DK/stai_network.c ****             pointers[cnt] = LL_Buffer_addr_start(buffer_info); // user allocated buffers are saved 
  70:../../Model/STM32N6570-DK/stai_network.c ****             LL_ATON_ASSERT(((uintptr_t)pointers[cnt] % STAI_CACHE_USER_BUFFER_ALIGNMENT) == 0);
  71:../../Model/STM32N6570-DK/stai_network.c ****           }
  72:../../Model/STM32N6570-DK/stai_network.c ****           else // buffer is not user allocatable
  73:../../Model/STM32N6570-DK/stai_network.c ****           {
  74:../../Model/STM32N6570-DK/stai_network.c ****             pointers[cnt] = ATON_LIB_PHYSICAL_TO_VIRTUAL_ADDR(LL_Buffer_addr_start(buffer_info));
  75:../../Model/STM32N6570-DK/stai_network.c ****           }
  76:../../Model/STM32N6570-DK/stai_network.c ****         }
  77:../../Model/STM32N6570-DK/stai_network.c ****         cnt++;
  78:../../Model/STM32N6570-DK/stai_network.c ****       }
  79:../../Model/STM32N6570-DK/stai_network.c ****     }
  80:../../Model/STM32N6570-DK/stai_network.c ****   }
  81:../../Model/STM32N6570-DK/stai_network.c ****   else
  82:../../Model/STM32N6570-DK/stai_network.c ****   {
  83:../../Model/STM32N6570-DK/stai_network.c ****     STAI_ASSERT((inputs ? STAI_NETWORK_IN_NUM : STAI_NETWORK_WEIGHTS_NUM) == 0);
  84:../../Model/STM32N6570-DK/stai_network.c ****   }
  85:../../Model/STM32N6570-DK/stai_network.c **** #ifndef NDEBUG
  86:../../Model/STM32N6570-DK/stai_network.c ****   if (inputs)
  87:../../Model/STM32N6570-DK/stai_network.c ****   {
  88:../../Model/STM32N6570-DK/stai_network.c ****     STAI_ASSERT(cnt == STAI_NETWORK_IN_NUM);
  89:../../Model/STM32N6570-DK/stai_network.c ****   }
  90:../../Model/STM32N6570-DK/stai_network.c ****   else
  91:../../Model/STM32N6570-DK/stai_network.c ****   {
  92:../../Model/STM32N6570-DK/stai_network.c ****     STAI_ASSERT(cnt == STAI_NETWORK_WEIGHTS_NUM);
  93:../../Model/STM32N6570-DK/stai_network.c ****   }
  94:../../Model/STM32N6570-DK/stai_network.c **** #endif // !NDEBUG
  95:../../Model/STM32N6570-DK/stai_network.c **** 
  96:../../Model/STM32N6570-DK/stai_network.c ****   /* save number of elements return value */
  97:../../Model/STM32N6570-DK/stai_network.c ****   if (inputs)
  98:../../Model/STM32N6570-DK/stai_network.c ****   {
  99:../../Model/STM32N6570-DK/stai_network.c ****     *n_ptrs = STAI_NETWORK_IN_NUM;
 100:../../Model/STM32N6570-DK/stai_network.c ****   }
 101:../../Model/STM32N6570-DK/stai_network.c ****   else
 102:../../Model/STM32N6570-DK/stai_network.c ****   {
 103:../../Model/STM32N6570-DK/stai_network.c ****     *n_ptrs = STAI_NETWORK_WEIGHTS_NUM;
 104:../../Model/STM32N6570-DK/stai_network.c ****   }
 105:../../Model/STM32N6570-DK/stai_network.c **** 
 106:../../Model/STM32N6570-DK/stai_network.c ****   return STAI_SUCCESS;
 107:../../Model/STM32N6570-DK/stai_network.c **** }
 108:../../Model/STM32N6570-DK/stai_network.c **** 
ARM GAS  /tmp/ccYuK7WA.s 			page 17


 109:../../Model/STM32N6570-DK/stai_network.c **** static inline stai_return_code __ll_aton_stai_network_get_outputs_or_activations(stai_network *netw
 110:../../Model/STM32N6570-DK/stai_network.c ****                                                                                                stai
 111:../../Model/STM32N6570-DK/stai_network.c ****                                                                                                stai
 112:../../Model/STM32N6570-DK/stai_network.c ****                                                                                                bool
 113:../../Model/STM32N6570-DK/stai_network.c **** {
 114:../../Model/STM32N6570-DK/stai_network.c ****   /* check context & network interface handle */
 115:../../Model/STM32N6570-DK/stai_network.c ****   __LL_ATON_STAI_ACQUIRE_INTERFACE(nn_i_ptr, network);
 116:../../Model/STM32N6570-DK/stai_network.c ****   __LL_ATON_STAI_CHECK_NETWORK_INTERFACE(nn_i_ptr, (_stai_aton_context *)network);
 117:../../Model/STM32N6570-DK/stai_network.c **** 
 118:../../Model/STM32N6570-DK/stai_network.c ****   /* check parameters */
 119:../../Model/STM32N6570-DK/stai_network.c ****   if (!n_ptrs)
 120:../../Model/STM32N6570-DK/stai_network.c ****     __LL_ATON_STAI_SET_1ST_CTX_ERROR_AND_RETURN((_stai_aton_context *)network,
 121:../../Model/STM32N6570-DK/stai_network.c ****                                                 STAI_ERROR_NETWORK_INVALID_API_ARGUMENTS);
 122:../../Model/STM32N6570-DK/stai_network.c **** 
 123:../../Model/STM32N6570-DK/stai_network.c ****   /* get output buffers */
 124:../../Model/STM32N6570-DK/stai_network.c ****   const LL_Buffer_InfoTypeDef *out_activ_buffers;
 125:../../Model/STM32N6570-DK/stai_network.c ****   if (outputs)
 126:../../Model/STM32N6570-DK/stai_network.c ****   {
 127:../../Model/STM32N6570-DK/stai_network.c ****     out_activ_buffers = nn_i_ptr->output_buffers_info();
 128:../../Model/STM32N6570-DK/stai_network.c ****   }
 129:../../Model/STM32N6570-DK/stai_network.c ****   else
 130:../../Model/STM32N6570-DK/stai_network.c ****   {
 131:../../Model/STM32N6570-DK/stai_network.c ****     out_activ_buffers = nn_i_ptr->internal_buffers_info();
 132:../../Model/STM32N6570-DK/stai_network.c ****   }
 133:../../Model/STM32N6570-DK/stai_network.c **** 
 134:../../Model/STM32N6570-DK/stai_network.c ****   /* copy buffer addresses */
 135:../../Model/STM32N6570-DK/stai_network.c ****   unsigned cnt = 0;
 136:../../Model/STM32N6570-DK/stai_network.c ****   if (out_activ_buffers != NULL)
 137:../../Model/STM32N6570-DK/stai_network.c ****   {
 138:../../Model/STM32N6570-DK/stai_network.c ****     for (unsigned idx = 0; out_activ_buffers[idx].name != NULL; idx++)
 139:../../Model/STM32N6570-DK/stai_network.c ****     {
 140:../../Model/STM32N6570-DK/stai_network.c ****       const LL_Buffer_InfoTypeDef *buffer_info = &out_activ_buffers[idx];
 141:../../Model/STM32N6570-DK/stai_network.c ****       STAI_ASSERT(!buffer_info->is_param); // may never happen
 142:../../Model/STM32N6570-DK/stai_network.c ****       if (pointers)
 143:../../Model/STM32N6570-DK/stai_network.c ****       {
 144:../../Model/STM32N6570-DK/stai_network.c ****         if (buffer_info->is_user_allocated) // is it a user allocatable buffer
 145:../../Model/STM32N6570-DK/stai_network.c ****         {
 146:../../Model/STM32N6570-DK/stai_network.c ****           LL_ATON_ASSERT(buffer_info->offset_start == 0); // user allocated buffers always have an 
 147:../../Model/STM32N6570-DK/stai_network.c ****           pointers[cnt] = LL_Buffer_addr_start(buffer_info); // user allocated buffers are saved wi
 148:../../Model/STM32N6570-DK/stai_network.c ****           LL_ATON_ASSERT(((uintptr_t)pointers[cnt] % STAI_CACHE_USER_BUFFER_ALIGNMENT) == 0);
 149:../../Model/STM32N6570-DK/stai_network.c ****         }
 150:../../Model/STM32N6570-DK/stai_network.c ****         else // buffer is not user allocatable
 151:../../Model/STM32N6570-DK/stai_network.c ****         {
 152:../../Model/STM32N6570-DK/stai_network.c ****           pointers[cnt] = ATON_LIB_PHYSICAL_TO_VIRTUAL_ADDR(LL_Buffer_addr_start(buffer_info));
 153:../../Model/STM32N6570-DK/stai_network.c ****         }
 154:../../Model/STM32N6570-DK/stai_network.c ****       }
 155:../../Model/STM32N6570-DK/stai_network.c ****       cnt++;
 156:../../Model/STM32N6570-DK/stai_network.c ****     }
 157:../../Model/STM32N6570-DK/stai_network.c ****   }
 158:../../Model/STM32N6570-DK/stai_network.c ****   else
 159:../../Model/STM32N6570-DK/stai_network.c ****   {
 160:../../Model/STM32N6570-DK/stai_network.c ****     STAI_ASSERT((outputs ? STAI_NETWORK_OUT_NUM : STAI_NETWORK_ACTIVATIONS_NUM) == 0);
 161:../../Model/STM32N6570-DK/stai_network.c ****   }
 162:../../Model/STM32N6570-DK/stai_network.c **** #ifndef NDEBUG
 163:../../Model/STM32N6570-DK/stai_network.c ****   if (outputs)
 164:../../Model/STM32N6570-DK/stai_network.c ****   {
 165:../../Model/STM32N6570-DK/stai_network.c ****     STAI_ASSERT(cnt == STAI_NETWORK_OUT_NUM);
ARM GAS  /tmp/ccYuK7WA.s 			page 18


 166:../../Model/STM32N6570-DK/stai_network.c ****   }
 167:../../Model/STM32N6570-DK/stai_network.c ****   else
 168:../../Model/STM32N6570-DK/stai_network.c ****   {
 169:../../Model/STM32N6570-DK/stai_network.c ****     STAI_ASSERT(cnt == STAI_NETWORK_ACTIVATIONS_NUM);
 170:../../Model/STM32N6570-DK/stai_network.c ****   }
 171:../../Model/STM32N6570-DK/stai_network.c **** #endif // !NDEBUG
 172:../../Model/STM32N6570-DK/stai_network.c **** 
 173:../../Model/STM32N6570-DK/stai_network.c ****   /* save number of elements return value */
 174:../../Model/STM32N6570-DK/stai_network.c ****   if (outputs)
 175:../../Model/STM32N6570-DK/stai_network.c ****   {
 176:../../Model/STM32N6570-DK/stai_network.c ****     *n_ptrs = STAI_NETWORK_OUT_NUM;
 177:../../Model/STM32N6570-DK/stai_network.c ****   }
 178:../../Model/STM32N6570-DK/stai_network.c ****   else
 179:../../Model/STM32N6570-DK/stai_network.c ****   {
 180:../../Model/STM32N6570-DK/stai_network.c ****     *n_ptrs = STAI_NETWORK_ACTIVATIONS_NUM;
 181:../../Model/STM32N6570-DK/stai_network.c ****   }
 182:../../Model/STM32N6570-DK/stai_network.c **** 
 183:../../Model/STM32N6570-DK/stai_network.c ****   return STAI_SUCCESS;
 184:../../Model/STM32N6570-DK/stai_network.c **** }
 185:../../Model/STM32N6570-DK/stai_network.c **** 
 186:../../Model/STM32N6570-DK/stai_network.c **** static inline stai_return_code __ll_aton_stai_network_set_inputs_or_weights(stai_network *network,
 187:../../Model/STM32N6570-DK/stai_network.c ****                                                                                           const sta
 188:../../Model/STM32N6570-DK/stai_network.c ****                                                                                           const sta
 189:../../Model/STM32N6570-DK/stai_network.c ****                                                                                           bool inpu
 190:../../Model/STM32N6570-DK/stai_network.c **** {
 191:../../Model/STM32N6570-DK/stai_network.c ****   /* check context & network interface handle */
 192:../../Model/STM32N6570-DK/stai_network.c ****   __LL_ATON_STAI_ACQUIRE_INTERFACE(nn_i_ptr, network);
 193:../../Model/STM32N6570-DK/stai_network.c ****   __LL_ATON_STAI_CHECK_NETWORK_INTERFACE(nn_i_ptr, (_stai_aton_context *)network);
 194:../../Model/STM32N6570-DK/stai_network.c **** 
 195:../../Model/STM32N6570-DK/stai_network.c ****   /* get input buffers */
 196:../../Model/STM32N6570-DK/stai_network.c ****   const LL_Buffer_InfoTypeDef *input_buffers = nn_i_ptr->input_buffers_info();
 197:../../Model/STM32N6570-DK/stai_network.c **** 
 198:../../Model/STM32N6570-DK/stai_network.c ****   /* check values & addresses */
 199:../../Model/STM32N6570-DK/stai_network.c ****   LL_ATON_ASSERT(input_buffers != NULL);
 200:../../Model/STM32N6570-DK/stai_network.c ****   if (input_buffers && !pointers)
 201:../../Model/STM32N6570-DK/stai_network.c ****     __LL_ATON_STAI_SET_1ST_CTX_ERROR_AND_RETURN((_stai_aton_context *)network,
 202:../../Model/STM32N6570-DK/stai_network.c ****                                                 STAI_ERROR_NETWORK_INVALID_API_ARGUMENTS);
 203:../../Model/STM32N6570-DK/stai_network.c **** 
 204:../../Model/STM32N6570-DK/stai_network.c ****   if (inputs)
 205:../../Model/STM32N6570-DK/stai_network.c ****   {
 206:../../Model/STM32N6570-DK/stai_network.c ****     if (n_ptrs != STAI_NETWORK_IN_NUM)
 207:../../Model/STM32N6570-DK/stai_network.c ****       __LL_ATON_STAI_SET_1ST_CTX_ERROR_AND_RETURN((_stai_aton_context *)network, STAI_ERROR_NETWORK
 208:../../Model/STM32N6570-DK/stai_network.c ****   }
 209:../../Model/STM32N6570-DK/stai_network.c ****   else
 210:../../Model/STM32N6570-DK/stai_network.c ****   {
 211:../../Model/STM32N6570-DK/stai_network.c ****     if (n_ptrs != STAI_NETWORK_WEIGHTS_NUM)
 212:../../Model/STM32N6570-DK/stai_network.c ****       __LL_ATON_STAI_SET_1ST_CTX_ERROR_AND_RETURN((_stai_aton_context *)network,
 213:../../Model/STM32N6570-DK/stai_network.c ****                                                   STAI_ERROR_NETWORK_INVALID_WEIGHTS_NUM);
 214:../../Model/STM32N6570-DK/stai_network.c ****   }
 215:../../Model/STM32N6570-DK/stai_network.c **** 
 216:../../Model/STM32N6570-DK/stai_network.c ****   unsigned cnt = 0;
 217:../../Model/STM32N6570-DK/stai_network.c ****   if (input_buffers != NULL)
 218:../../Model/STM32N6570-DK/stai_network.c ****   {
 219:../../Model/STM32N6570-DK/stai_network.c ****     for (unsigned idx = 0; input_buffers[idx].name != NULL; idx++)
 220:../../Model/STM32N6570-DK/stai_network.c ****     {
 221:../../Model/STM32N6570-DK/stai_network.c ****       const LL_Buffer_InfoTypeDef *buffer_info = &input_buffers[idx];
 222:../../Model/STM32N6570-DK/stai_network.c ****       if (inputs == !buffer_info->is_param)
ARM GAS  /tmp/ccYuK7WA.s 			page 19


 223:../../Model/STM32N6570-DK/stai_network.c ****       {
 224:../../Model/STM32N6570-DK/stai_network.c ****         if (buffer_info->is_user_allocated) // is it an user allocatable buffer
 225:../../Model/STM32N6570-DK/stai_network.c ****         {
 226:../../Model/STM32N6570-DK/stai_network.c ****           LL_ATON_ASSERT(buffer_info->offset_start == 0); // user allocated buffers always have an 
 227:../../Model/STM32N6570-DK/stai_network.c ****           unsigned char **address_location = (unsigned char **)buffer_info->addr_base.p;
 228:../../Model/STM32N6570-DK/stai_network.c ****           unsigned char *new_address = pointers[cnt];
 229:../../Model/STM32N6570-DK/stai_network.c **** 
 230:../../Model/STM32N6570-DK/stai_network.c ****           if (((uintptr_t)new_address % STAI_CACHE_USER_BUFFER_ALIGNMENT) != 0) // check new addres
 231:../../Model/STM32N6570-DK/stai_network.c ****           {                                                                     // new address is n
 232:../../Model/STM32N6570-DK/stai_network.c ****             __LL_ATON_STAI_SET_1ST_CTX_ERROR_AND_RETURN((_stai_aton_context *)network,
 233:../../Model/STM32N6570-DK/stai_network.c ****                                                         STAI_ERROR_INVALID_BUFFER_ALIGNMENT);
 234:../../Model/STM32N6570-DK/stai_network.c ****           }
 235:../../Model/STM32N6570-DK/stai_network.c ****           else // new address is aligned
 236:../../Model/STM32N6570-DK/stai_network.c ****           {
 237:../../Model/STM32N6570-DK/stai_network.c ****             LL_ATON_ASSERT(address_location != NULL);
 238:../../Model/STM32N6570-DK/stai_network.c ****             *address_location = new_address;
 239:../../Model/STM32N6570-DK/stai_network.c ****           }
 240:../../Model/STM32N6570-DK/stai_network.c ****         }
 241:../../Model/STM32N6570-DK/stai_network.c ****         else // buffer is not user allocatable
 242:../../Model/STM32N6570-DK/stai_network.c ****         {
 243:../../Model/STM32N6570-DK/stai_network.c ****           if (ATON_LIB_VIRTUAL_TO_PHYSICAL_ADDR(pointers[cnt]) != LL_Buffer_addr_start(buffer_info)
 244:../../Model/STM32N6570-DK/stai_network.c ****             __LL_ATON_STAI_SET_1ST_CTX_ERROR_AND_RETURN((_stai_aton_context *)network,
 245:../../Model/STM32N6570-DK/stai_network.c ****                                                         STAI_ERROR_NETWORK_INVALID_IN_PTR);
 246:../../Model/STM32N6570-DK/stai_network.c ****         }
 247:../../Model/STM32N6570-DK/stai_network.c ****         cnt++;
 248:../../Model/STM32N6570-DK/stai_network.c ****       }
 249:../../Model/STM32N6570-DK/stai_network.c ****     }
 250:../../Model/STM32N6570-DK/stai_network.c ****   }
 251:../../Model/STM32N6570-DK/stai_network.c ****   else
 252:../../Model/STM32N6570-DK/stai_network.c ****   {
 253:../../Model/STM32N6570-DK/stai_network.c ****     STAI_ASSERT((inputs ? STAI_NETWORK_IN_NUM : STAI_NETWORK_WEIGHTS_NUM) == 0);
 254:../../Model/STM32N6570-DK/stai_network.c ****   }
 255:../../Model/STM32N6570-DK/stai_network.c **** #ifndef NDEBUG
 256:../../Model/STM32N6570-DK/stai_network.c ****   if (inputs)
 257:../../Model/STM32N6570-DK/stai_network.c ****   {
 258:../../Model/STM32N6570-DK/stai_network.c ****     STAI_ASSERT(cnt == STAI_NETWORK_IN_NUM);
 259:../../Model/STM32N6570-DK/stai_network.c ****   }
 260:../../Model/STM32N6570-DK/stai_network.c ****   else
 261:../../Model/STM32N6570-DK/stai_network.c ****   {
 262:../../Model/STM32N6570-DK/stai_network.c ****     STAI_ASSERT(cnt == STAI_NETWORK_WEIGHTS_NUM);
 263:../../Model/STM32N6570-DK/stai_network.c ****   }
 264:../../Model/STM32N6570-DK/stai_network.c **** #endif // !NDEBUG
 265:../../Model/STM32N6570-DK/stai_network.c **** 
 266:../../Model/STM32N6570-DK/stai_network.c ****   return STAI_SUCCESS;
 267:../../Model/STM32N6570-DK/stai_network.c **** }
 268:../../Model/STM32N6570-DK/stai_network.c **** 
 269:../../Model/STM32N6570-DK/stai_network.c **** static inline stai_return_code __ll_aton_stai_network_set_outputs_or_activations(stai_network *netw
 270:../../Model/STM32N6570-DK/stai_network.c ****                                                                                                cons
 271:../../Model/STM32N6570-DK/stai_network.c ****                                                                                                cons
 272:../../Model/STM32N6570-DK/stai_network.c ****                                                                                                bool
 273:../../Model/STM32N6570-DK/stai_network.c **** {
 151              		.loc 1 273 1 is_stmt 1 view -0
 152              		.cfi_startproc
 153              		@ args = 0, pretend = 0, frame = 8
 154              		@ frame_needed = 0, uses_anonymous_args = 0
 274:../../Model/STM32N6570-DK/stai_network.c ****   /* check context & network interface handle */
 275:../../Model/STM32N6570-DK/stai_network.c ****   __LL_ATON_STAI_ACQUIRE_INTERFACE(nn_i_ptr, network);
ARM GAS  /tmp/ccYuK7WA.s 			page 20


 155              		.loc 1 275 3 view .LVU35
 273:../../Model/STM32N6570-DK/stai_network.c ****   /* check context & network interface handle */
 156              		.loc 1 273 1 is_stmt 0 view .LVU36
 157 0000 2DE9F341 		push	{r0, r1, r4, r5, r6, r7, r8, lr}
 158              		.cfi_def_cfa_offset 32
 159              		.cfi_offset 4, -24
 160              		.cfi_offset 5, -20
 161              		.cfi_offset 6, -16
 162              		.cfi_offset 7, -12
 163              		.cfi_offset 8, -8
 164              		.cfi_offset 14, -4
 273:../../Model/STM32N6570-DK/stai_network.c ****   /* check context & network interface handle */
 165              		.loc 1 273 1 view .LVU37
 166 0004 9846     		mov	r8, r3
 167              		.loc 1 275 3 view .LVU38
 168 0006 0023     		movs	r3, #0
 169              	.LVL13:
 273:../../Model/STM32N6570-DK/stai_network.c ****   /* check context & network interface handle */
 170              		.loc 1 273 1 view .LVU39
 171 0008 0F46     		mov	r7, r1
 172              		.loc 1 275 3 view .LVU40
 173 000a 01A9     		add	r1, sp, #4
 174              	.LVL14:
 273:../../Model/STM32N6570-DK/stai_network.c ****   /* check context & network interface handle */
 175              		.loc 1 273 1 view .LVU41
 176 000c 0446     		mov	r4, r0
 177              		.loc 1 275 3 view .LVU42
 178 000e 0193     		str	r3, [sp, #4]
 179              		.loc 1 275 3 is_stmt 1 view .LVU43
 180 0010 FFF7FEFF 		bl	__ll_aton_stai_check_context_network_handle.constprop.0
 181              	.LVL15:
 182              		.loc 1 275 3 discriminator 1 view .LVU44
 183 0014 B0F5003F 		cmp	r0, #131072
 273:../../Model/STM32N6570-DK/stai_network.c ****   /* check context & network interface handle */
 184              		.loc 1 273 1 is_stmt 0 view .LVU45
 185 0018 1646     		mov	r6, r2
 186              		.loc 1 275 3 discriminator 1 view .LVU46
 187 001a 04D3     		bcc	.L14
 188              	.LVL16:
 189              	.L18:
 190              		.loc 1 275 3 discriminator 1 view .LVU47
 191 001c 4FF44030 		mov	r0, #196608
 192              	.L13:
 276:../../Model/STM32N6570-DK/stai_network.c ****   __LL_ATON_STAI_CHECK_NETWORK_INTERFACE(nn_i_ptr, (_stai_aton_context *)network);
 277:../../Model/STM32N6570-DK/stai_network.c **** 
 278:../../Model/STM32N6570-DK/stai_network.c ****   /* get output buffers */
 279:../../Model/STM32N6570-DK/stai_network.c ****   const LL_Buffer_InfoTypeDef *out_activ_buffers;
 280:../../Model/STM32N6570-DK/stai_network.c ****   if (outputs)
 281:../../Model/STM32N6570-DK/stai_network.c ****   {
 282:../../Model/STM32N6570-DK/stai_network.c ****     out_activ_buffers = nn_i_ptr->output_buffers_info();
 283:../../Model/STM32N6570-DK/stai_network.c ****   }
 284:../../Model/STM32N6570-DK/stai_network.c ****   else
 285:../../Model/STM32N6570-DK/stai_network.c ****   {
 286:../../Model/STM32N6570-DK/stai_network.c ****     out_activ_buffers = nn_i_ptr->output_buffers_info();
 287:../../Model/STM32N6570-DK/stai_network.c ****   }
 288:../../Model/STM32N6570-DK/stai_network.c **** 
 289:../../Model/STM32N6570-DK/stai_network.c ****   /* check values & addresses */
ARM GAS  /tmp/ccYuK7WA.s 			page 21


 290:../../Model/STM32N6570-DK/stai_network.c ****   if (out_activ_buffers && !pointers)
 291:../../Model/STM32N6570-DK/stai_network.c ****     __LL_ATON_STAI_SET_1ST_CTX_ERROR_AND_RETURN((_stai_aton_context *)network,
 292:../../Model/STM32N6570-DK/stai_network.c ****                                                 STAI_ERROR_NETWORK_INVALID_API_ARGUMENTS);
 293:../../Model/STM32N6570-DK/stai_network.c **** 
 294:../../Model/STM32N6570-DK/stai_network.c ****   if (outputs)
 295:../../Model/STM32N6570-DK/stai_network.c ****   {
 296:../../Model/STM32N6570-DK/stai_network.c ****     if (n_ptrs != STAI_NETWORK_OUT_NUM)
 297:../../Model/STM32N6570-DK/stai_network.c ****       __LL_ATON_STAI_SET_1ST_CTX_ERROR_AND_RETURN((_stai_aton_context *)network, STAI_ERROR_NETWORK
 298:../../Model/STM32N6570-DK/stai_network.c ****   }
 299:../../Model/STM32N6570-DK/stai_network.c ****   else
 300:../../Model/STM32N6570-DK/stai_network.c ****   {
 301:../../Model/STM32N6570-DK/stai_network.c ****     if (n_ptrs != STAI_NETWORK_ACTIVATIONS_NUM)
 302:../../Model/STM32N6570-DK/stai_network.c ****       __LL_ATON_STAI_SET_1ST_CTX_ERROR_AND_RETURN((_stai_aton_context *)network, STAI_ERROR_NETWORK
 303:../../Model/STM32N6570-DK/stai_network.c ****   }
 304:../../Model/STM32N6570-DK/stai_network.c **** 
 305:../../Model/STM32N6570-DK/stai_network.c ****   unsigned cnt = 0;
 306:../../Model/STM32N6570-DK/stai_network.c ****   if (out_activ_buffers != NULL)
 307:../../Model/STM32N6570-DK/stai_network.c ****   {
 308:../../Model/STM32N6570-DK/stai_network.c ****     for (unsigned idx = 0; out_activ_buffers[idx].name != NULL; idx++)
 309:../../Model/STM32N6570-DK/stai_network.c ****     {
 310:../../Model/STM32N6570-DK/stai_network.c ****       const LL_Buffer_InfoTypeDef *buffer_info = &out_activ_buffers[idx];
 311:../../Model/STM32N6570-DK/stai_network.c ****       if (buffer_info->is_user_allocated) // is it an user allocatable buffer
 312:../../Model/STM32N6570-DK/stai_network.c ****       {
 313:../../Model/STM32N6570-DK/stai_network.c ****         LL_ATON_ASSERT(buffer_info->offset_start == 0); // user allocated buffers always have an of
 314:../../Model/STM32N6570-DK/stai_network.c ****         unsigned char **address_location = (unsigned char **)buffer_info->addr_base.p;
 315:../../Model/STM32N6570-DK/stai_network.c ****         unsigned char *new_address = pointers[cnt];
 316:../../Model/STM32N6570-DK/stai_network.c **** 
 317:../../Model/STM32N6570-DK/stai_network.c ****         if (((uintptr_t)new_address % STAI_CACHE_USER_BUFFER_ALIGNMENT) != 0) // check new address 
 318:../../Model/STM32N6570-DK/stai_network.c ****         {                                                                     // new address is not
 319:../../Model/STM32N6570-DK/stai_network.c ****           __LL_ATON_STAI_SET_1ST_CTX_ERROR_AND_RETURN((_stai_aton_context *)network,
 320:../../Model/STM32N6570-DK/stai_network.c ****                                                       STAI_ERROR_INVALID_BUFFER_ALIGNMENT);
 321:../../Model/STM32N6570-DK/stai_network.c ****         }
 322:../../Model/STM32N6570-DK/stai_network.c ****         else // new address is aligned
 323:../../Model/STM32N6570-DK/stai_network.c ****         {
 324:../../Model/STM32N6570-DK/stai_network.c ****           LL_ATON_ASSERT(address_location != NULL);
 325:../../Model/STM32N6570-DK/stai_network.c ****           *address_location = new_address;
 326:../../Model/STM32N6570-DK/stai_network.c ****         }
 327:../../Model/STM32N6570-DK/stai_network.c ****       }
 328:../../Model/STM32N6570-DK/stai_network.c ****       else // buffer is not user allocatable
 329:../../Model/STM32N6570-DK/stai_network.c ****       {
 330:../../Model/STM32N6570-DK/stai_network.c ****         STAI_ASSERT(!buffer_info->is_param);
 331:../../Model/STM32N6570-DK/stai_network.c ****         if (ATON_LIB_VIRTUAL_TO_PHYSICAL_ADDR(pointers[cnt]) != LL_Buffer_addr_start(out_activ_buff
 332:../../Model/STM32N6570-DK/stai_network.c ****           __LL_ATON_STAI_SET_1ST_CTX_ERROR_AND_RETURN((_stai_aton_context *)network,
 333:../../Model/STM32N6570-DK/stai_network.c ****                                                       STAI_ERROR_NETWORK_INVALID_OUT_PTR);
 334:../../Model/STM32N6570-DK/stai_network.c ****       }
 335:../../Model/STM32N6570-DK/stai_network.c ****       cnt++;
 336:../../Model/STM32N6570-DK/stai_network.c ****     }
 337:../../Model/STM32N6570-DK/stai_network.c ****   }
 338:../../Model/STM32N6570-DK/stai_network.c ****   else
 339:../../Model/STM32N6570-DK/stai_network.c ****   {
 340:../../Model/STM32N6570-DK/stai_network.c ****     STAI_ASSERT((outputs ? STAI_NETWORK_OUT_NUM : STAI_NETWORK_ACTIVATIONS_NUM) == 0);
 341:../../Model/STM32N6570-DK/stai_network.c ****   }
 342:../../Model/STM32N6570-DK/stai_network.c **** #ifndef NDEBUG
 343:../../Model/STM32N6570-DK/stai_network.c ****   if (outputs)
 344:../../Model/STM32N6570-DK/stai_network.c ****   {
 345:../../Model/STM32N6570-DK/stai_network.c ****     STAI_ASSERT(cnt == STAI_NETWORK_OUT_NUM);
 346:../../Model/STM32N6570-DK/stai_network.c ****   }
ARM GAS  /tmp/ccYuK7WA.s 			page 22


 347:../../Model/STM32N6570-DK/stai_network.c ****   else
 348:../../Model/STM32N6570-DK/stai_network.c ****   {
 349:../../Model/STM32N6570-DK/stai_network.c ****     STAI_ASSERT(cnt == STAI_NETWORK_ACTIVATIONS_NUM);
 350:../../Model/STM32N6570-DK/stai_network.c ****   }
 351:../../Model/STM32N6570-DK/stai_network.c **** #endif // !NDEBUG
 352:../../Model/STM32N6570-DK/stai_network.c **** 
 353:../../Model/STM32N6570-DK/stai_network.c ****   return STAI_SUCCESS;
 354:../../Model/STM32N6570-DK/stai_network.c **** }
 193              		.loc 1 354 1 view .LVU48
 194 0020 02B0     		add	sp, sp, #8
 195              		.cfi_remember_state
 196              		.cfi_def_cfa_offset 24
 197              		@ sp needed
 198 0022 BDE8F081 		pop	{r4, r5, r6, r7, r8, pc}
 199              	.LVL17:
 200              	.L14:
 201              		.cfi_restore_state
 275:../../Model/STM32N6570-DK/stai_network.c ****   __LL_ATON_STAI_CHECK_NETWORK_INTERFACE(nn_i_ptr, (_stai_aton_context *)network);
 202              		.loc 1 275 54 is_stmt 1 view .LVU49
 276:../../Model/STM32N6570-DK/stai_network.c ****   __LL_ATON_STAI_CHECK_NETWORK_INTERFACE(nn_i_ptr, (_stai_aton_context *)network);
 203              		.loc 1 276 3 view .LVU50
 276:../../Model/STM32N6570-DK/stai_network.c ****   __LL_ATON_STAI_CHECK_NETWORK_INTERFACE(nn_i_ptr, (_stai_aton_context *)network);
 204              		.loc 1 276 3 view .LVU51
 205 0026 3A4B     		ldr	r3, .L69
 206 0028 019A     		ldr	r2, [sp, #4]
 207              	.LVL18:
 276:../../Model/STM32N6570-DK/stai_network.c ****   __LL_ATON_STAI_CHECK_NETWORK_INTERFACE(nn_i_ptr, (_stai_aton_context *)network);
 208              		.loc 1 276 3 is_stmt 0 view .LVU52
 209 002a 9A42     		cmp	r2, r3
 210 002c 09D0     		beq	.L16
 276:../../Model/STM32N6570-DK/stai_network.c ****   __LL_ATON_STAI_CHECK_NETWORK_INTERFACE(nn_i_ptr, (_stai_aton_context *)network);
 211              		.loc 1 276 3 is_stmt 1 discriminator 1 view .LVU53
 276:../../Model/STM32N6570-DK/stai_network.c ****   __LL_ATON_STAI_CHECK_NETWORK_INTERFACE(nn_i_ptr, (_stai_aton_context *)network);
 212              		.loc 1 276 3 discriminator 1 view .LVU54
 213 002e 002C     		cmp	r4, #0
 214 0030 F4D0     		beq	.L18
 276:../../Model/STM32N6570-DK/stai_network.c ****   __LL_ATON_STAI_CHECK_NETWORK_INTERFACE(nn_i_ptr, (_stai_aton_context *)network);
 215              		.loc 1 276 3 discriminator 3 view .LVU55
 216 0032 E36B     		ldr	r3, [r4, #60]
 217 0034 B3F5003F 		cmp	r3, #131072
 218 0038 F0D2     		bcs	.L18
 276:../../Model/STM32N6570-DK/stai_network.c ****   __LL_ATON_STAI_CHECK_NETWORK_INTERFACE(nn_i_ptr, (_stai_aton_context *)network);
 219              		.loc 1 276 3 discriminator 4 view .LVU56
 220 003a 4FF44033 		mov	r3, #196608
 221 003e E363     		str	r3, [r4, #60]
 222 0040 ECE7     		b	.L18
 223              	.L16:
 276:../../Model/STM32N6570-DK/stai_network.c ****   __LL_ATON_STAI_CHECK_NETWORK_INTERFACE(nn_i_ptr, (_stai_aton_context *)network);
 224              		.loc 1 276 3 view .LVU57
 276:../../Model/STM32N6570-DK/stai_network.c ****   __LL_ATON_STAI_CHECK_NETWORK_INTERFACE(nn_i_ptr, (_stai_aton_context *)network);
 225              		.loc 1 276 3 view .LVU58
 279:../../Model/STM32N6570-DK/stai_network.c ****   if (outputs)
 226              		.loc 1 279 3 view .LVU59
 280:../../Model/STM32N6570-DK/stai_network.c ****   {
 227              		.loc 1 280 3 view .LVU60
 280:../../Model/STM32N6570-DK/stai_network.c ****   {
 228              		.loc 1 280 6 is_stmt 0 view .LVU61
ARM GAS  /tmp/ccYuK7WA.s 			page 23


 229 0042 B8F1000F 		cmp	r8, #0
 230 0046 0DD0     		beq	.L19
 282:../../Model/STM32N6570-DK/stai_network.c ****   }
 231              		.loc 1 282 5 is_stmt 1 view .LVU62
 282:../../Model/STM32N6570-DK/stai_network.c ****   }
 232              		.loc 1 282 25 is_stmt 0 view .LVU63
 233 0048 FFF7FEFF 		bl	LL_ATON_Output_Buffers_Info_network
 234              	.LVL19:
 290:../../Model/STM32N6570-DK/stai_network.c ****     __LL_ATON_STAI_SET_1ST_CTX_ERROR_AND_RETURN((_stai_aton_context *)network,
 235              		.loc 1 290 3 is_stmt 1 view .LVU64
 290:../../Model/STM32N6570-DK/stai_network.c ****     __LL_ATON_STAI_SET_1ST_CTX_ERROR_AND_RETURN((_stai_aton_context *)network,
 236              		.loc 1 290 6 is_stmt 0 view .LVU65
 237 004c 0546     		mov	r5, r0
 238 004e 70B9     		cbnz	r0, .L20
 296:../../Model/STM32N6570-DK/stai_network.c ****       __LL_ATON_STAI_SET_1ST_CTX_ERROR_AND_RETURN((_stai_aton_context *)network, STAI_ERROR_NETWORK
 239              		.loc 1 296 5 is_stmt 1 view .LVU66
 296:../../Model/STM32N6570-DK/stai_network.c ****       __LL_ATON_STAI_SET_1ST_CTX_ERROR_AND_RETURN((_stai_aton_context *)network, STAI_ERROR_NETWORK
 240              		.loc 1 296 8 is_stmt 0 view .LVU67
 241 0050 012E     		cmp	r6, #1
 242              	.L67:
 301:../../Model/STM32N6570-DK/stai_network.c ****       __LL_ATON_STAI_SET_1ST_CTX_ERROR_AND_RETURN((_stai_aton_context *)network, STAI_ERROR_NETWORK
 243              		.loc 1 301 8 view .LVU68
 244 0052 59D0     		beq	.L39
 245              	.L40:
 297:../../Model/STM32N6570-DK/stai_network.c ****   }
 246              		.loc 1 297 7 is_stmt 1 view .LVU69
 297:../../Model/STM32N6570-DK/stai_network.c ****   }
 247              		.loc 1 297 7 view .LVU70
 248 0054 002C     		cmp	r4, #0
 249 0056 E1D0     		beq	.L18
 297:../../Model/STM32N6570-DK/stai_network.c ****   }
 250              		.loc 1 297 7 discriminator 2 view .LVU71
 251 0058 E36B     		ldr	r3, [r4, #60]
 252 005a B3F5003F 		cmp	r3, #131072
 253 005e 16D3     		bcc	.L27
 254              	.L28:
 297:../../Model/STM32N6570-DK/stai_network.c ****   }
 255              		.loc 1 297 7 is_stmt 0 discriminator 5 view .LVU72
 256 0060 2C48     		ldr	r0, .L69+4
 257              	.LVL20:
 297:../../Model/STM32N6570-DK/stai_network.c ****   }
 258              		.loc 1 297 7 discriminator 5 view .LVU73
 259 0062 DDE7     		b	.L13
 260              	.LVL21:
 261              	.L19:
 286:../../Model/STM32N6570-DK/stai_network.c ****   }
 262              		.loc 1 286 5 is_stmt 1 view .LVU74
 286:../../Model/STM32N6570-DK/stai_network.c ****   }
 263              		.loc 1 286 25 is_stmt 0 view .LVU75
 264 0064 FFF7FEFF 		bl	LL_ATON_Output_Buffers_Info_network
 265              	.LVL22:
 290:../../Model/STM32N6570-DK/stai_network.c ****     __LL_ATON_STAI_SET_1ST_CTX_ERROR_AND_RETURN((_stai_aton_context *)network,
 266              		.loc 1 290 3 is_stmt 1 view .LVU76
 290:../../Model/STM32N6570-DK/stai_network.c ****     __LL_ATON_STAI_SET_1ST_CTX_ERROR_AND_RETURN((_stai_aton_context *)network,
 267              		.loc 1 290 6 is_stmt 0 view .LVU77
 268 0068 0546     		mov	r5, r0
 269 006a 0028     		cmp	r0, #0
ARM GAS  /tmp/ccYuK7WA.s 			page 24


 270 006c 4ED0     		beq	.L22
 271              	.L20:
 290:../../Model/STM32N6570-DK/stai_network.c ****     __LL_ATON_STAI_SET_1ST_CTX_ERROR_AND_RETURN((_stai_aton_context *)network,
 272              		.loc 1 290 25 discriminator 1 view .LVU78
 273 006e 4FB9     		cbnz	r7, .L23
 291:../../Model/STM32N6570-DK/stai_network.c ****                                                 STAI_ERROR_NETWORK_INVALID_API_ARGUMENTS);
 274              		.loc 1 291 5 is_stmt 1 view .LVU79
 291:../../Model/STM32N6570-DK/stai_network.c ****                                                 STAI_ERROR_NETWORK_INVALID_API_ARGUMENTS);
 275              		.loc 1 291 5 view .LVU80
 276 0070 002C     		cmp	r4, #0
 277 0072 D3D0     		beq	.L18
 291:../../Model/STM32N6570-DK/stai_network.c ****                                                 STAI_ERROR_NETWORK_INVALID_API_ARGUMENTS);
 278              		.loc 1 291 5 discriminator 2 view .LVU81
 279 0074 E36B     		ldr	r3, [r4, #60]
 280 0076 B3F5003F 		cmp	r3, #131072
 281 007a 01D2     		bcs	.L24
 291:../../Model/STM32N6570-DK/stai_network.c ****                                                 STAI_ERROR_NETWORK_INVALID_API_ARGUMENTS);
 282              		.loc 1 291 5 discriminator 3 view .LVU82
 283 007c 264B     		ldr	r3, .L69+8
 284 007e E363     		str	r3, [r4, #60]
 285              	.L24:
 291:../../Model/STM32N6570-DK/stai_network.c ****                                                 STAI_ERROR_NETWORK_INVALID_API_ARGUMENTS);
 286              		.loc 1 291 5 is_stmt 0 discriminator 5 view .LVU83
 287 0080 2548     		ldr	r0, .L69+8
 288              	.LVL23:
 291:../../Model/STM32N6570-DK/stai_network.c ****                                                 STAI_ERROR_NETWORK_INVALID_API_ARGUMENTS);
 289              		.loc 1 291 5 discriminator 5 view .LVU84
 290 0082 CDE7     		b	.L13
 291              	.LVL24:
 292              	.L23:
 291:../../Model/STM32N6570-DK/stai_network.c ****                                                 STAI_ERROR_NETWORK_INVALID_API_ARGUMENTS);
 293              		.loc 1 291 5 is_stmt 1 view .LVU85
 294:../../Model/STM32N6570-DK/stai_network.c ****   {
 294              		.loc 1 294 3 view .LVU86
 294:../../Model/STM32N6570-DK/stai_network.c ****   {
 295              		.loc 1 294 6 is_stmt 0 view .LVU87
 296 0084 B8F1000F 		cmp	r8, #0
 297 0088 37D1     		bne	.L25
 301:../../Model/STM32N6570-DK/stai_network.c ****       __LL_ATON_STAI_SET_1ST_CTX_ERROR_AND_RETURN((_stai_aton_context *)network, STAI_ERROR_NETWORK
 298              		.loc 1 301 5 is_stmt 1 view .LVU88
 301:../../Model/STM32N6570-DK/stai_network.c ****       __LL_ATON_STAI_SET_1ST_CTX_ERROR_AND_RETURN((_stai_aton_context *)network, STAI_ERROR_NETWORK
 299              		.loc 1 301 8 is_stmt 0 view .LVU89
 300 008a 5E2E     		cmp	r6, #94
 301 008c 36E0     		b	.L68
 302              	.L27:
 297:../../Model/STM32N6570-DK/stai_network.c ****   }
 303              		.loc 1 297 7 is_stmt 1 discriminator 3 view .LVU90
 304 008e 214B     		ldr	r3, .L69+4
 305 0090 E363     		str	r3, [r4, #60]
 306 0092 E5E7     		b	.L28
 307              	.LVL25:
 308              	.L38:
 309              	.LBB13:
 310              	.LBB14:
 310:../../Model/STM32N6570-DK/stai_network.c ****       if (buffer_info->is_user_allocated) // is it an user allocatable buffer
 311              		.loc 1 310 7 view .LVU91
 311:../../Model/STM32N6570-DK/stai_network.c ****       {
ARM GAS  /tmp/ccYuK7WA.s 			page 25


 312              		.loc 1 311 7 view .LVU92
 311:../../Model/STM32N6570-DK/stai_network.c ****       {
 313              		.loc 1 311 10 is_stmt 0 view .LVU93
 314 0094 337D     		ldrb	r3, [r6, #20]	@ zero_extendqisi2
 315 0096 03B3     		cbz	r3, .L31
 316              	.LBB15:
 313:../../Model/STM32N6570-DK/stai_network.c ****         unsigned char **address_location = (unsigned char **)buffer_info->addr_base.p;
 317              		.loc 1 313 9 is_stmt 1 view .LVU94
 318 0098 B368     		ldr	r3, [r6, #8]
 319 009a 33B1     		cbz	r3, .L32
 313:../../Model/STM32N6570-DK/stai_network.c ****         unsigned char **address_location = (unsigned char **)buffer_info->addr_base.p;
 320              		.loc 1 313 9 is_stmt 0 discriminator 1 view .LVU95
 321 009c 40F23911 		movw	r1, #313
 322 00a0 1E4B     		ldr	r3, .L69+12
 323 00a2 1F4A     		ldr	r2, .L69+16
 324              	.L65:
 324:../../Model/STM32N6570-DK/stai_network.c ****           *address_location = new_address;
 325              		.loc 1 324 11 discriminator 1 view .LVU96
 326 00a4 1F48     		ldr	r0, .L69+20
 327 00a6 FFF7FEFF 		bl	__assert_func
 328              	.LVL26:
 329              	.L32:
 314:../../Model/STM32N6570-DK/stai_network.c ****         unsigned char *new_address = pointers[cnt];
 330              		.loc 1 314 9 is_stmt 1 view .LVU97
 315:../../Model/STM32N6570-DK/stai_network.c **** 
 331              		.loc 1 315 24 is_stmt 0 view .LVU98
 332 00aa 0A68     		ldr	r2, [r1]
 314:../../Model/STM32N6570-DK/stai_network.c ****         unsigned char *new_address = pointers[cnt];
 333              		.loc 1 314 25 view .LVU99
 334 00ac 7368     		ldr	r3, [r6, #4]
 335              	.LVL27:
 315:../../Model/STM32N6570-DK/stai_network.c **** 
 336              		.loc 1 315 9 is_stmt 1 view .LVU100
 317:../../Model/STM32N6570-DK/stai_network.c ****         {                                                                     // new address is not
 337              		.loc 1 317 9 view .LVU101
 317:../../Model/STM32N6570-DK/stai_network.c ****         {                                                                     // new address is not
 338              		.loc 1 317 12 is_stmt 0 view .LVU102
 339 00ae D006     		lsls	r0, r2, #27
 340 00b0 09D0     		beq	.L33
 319:../../Model/STM32N6570-DK/stai_network.c ****                                                       STAI_ERROR_INVALID_BUFFER_ALIGNMENT);
 341              		.loc 1 319 11 is_stmt 1 view .LVU103
 319:../../Model/STM32N6570-DK/stai_network.c ****                                                       STAI_ERROR_INVALID_BUFFER_ALIGNMENT);
 342              		.loc 1 319 11 view .LVU104
 343 00b2 002C     		cmp	r4, #0
 344 00b4 B2D0     		beq	.L18
 319:../../Model/STM32N6570-DK/stai_network.c ****                                                       STAI_ERROR_INVALID_BUFFER_ALIGNMENT);
 345              		.loc 1 319 11 discriminator 2 view .LVU105
 346 00b6 E36B     		ldr	r3, [r4, #60]
 347              	.LVL28:
 319:../../Model/STM32N6570-DK/stai_network.c ****                                                       STAI_ERROR_INVALID_BUFFER_ALIGNMENT);
 348              		.loc 1 319 11 is_stmt 0 discriminator 5 view .LVU106
 349 00b8 1B48     		ldr	r0, .L69+24
 319:../../Model/STM32N6570-DK/stai_network.c ****                                                       STAI_ERROR_INVALID_BUFFER_ALIGNMENT);
 350              		.loc 1 319 11 discriminator 2 view .LVU107
 351 00ba B3F5003F 		cmp	r3, #131072
 319:../../Model/STM32N6570-DK/stai_network.c ****                                                       STAI_ERROR_INVALID_BUFFER_ALIGNMENT);
 352              		.loc 1 319 11 is_stmt 1 discriminator 3 view .LVU108
ARM GAS  /tmp/ccYuK7WA.s 			page 26


 353 00be 3CBF     		itt	cc
 354 00c0 194B     		ldrcc	r3, .L69+24
 355 00c2 E363     		strcc	r3, [r4, #60]
 356 00c4 ACE7     		b	.L13
 357              	.LVL29:
 358              	.L33:
 319:../../Model/STM32N6570-DK/stai_network.c ****                                                       STAI_ERROR_INVALID_BUFFER_ALIGNMENT);
 359              		.loc 1 319 11 view .LVU109
 324:../../Model/STM32N6570-DK/stai_network.c ****           *address_location = new_address;
 360              		.loc 1 324 11 view .LVU110
 361 00c6 23B9     		cbnz	r3, .L35
 324:../../Model/STM32N6570-DK/stai_network.c ****           *address_location = new_address;
 362              		.loc 1 324 11 is_stmt 0 discriminator 1 view .LVU111
 363 00c8 4FF4A271 		mov	r1, #324
 364 00cc 174B     		ldr	r3, .L69+28
 365              	.LVL30:
 324:../../Model/STM32N6570-DK/stai_network.c ****           *address_location = new_address;
 366              		.loc 1 324 11 discriminator 1 view .LVU112
 367 00ce 144A     		ldr	r2, .L69+16
 368              	.LVL31:
 324:../../Model/STM32N6570-DK/stai_network.c ****           *address_location = new_address;
 369              		.loc 1 324 11 discriminator 1 view .LVU113
 370 00d0 E8E7     		b	.L65
 371              	.LVL32:
 372              	.L35:
 325:../../Model/STM32N6570-DK/stai_network.c ****         }
 373              		.loc 1 325 11 is_stmt 1 view .LVU114
 325:../../Model/STM32N6570-DK/stai_network.c ****         }
 374              		.loc 1 325 29 is_stmt 0 view .LVU115
 375 00d2 1A60     		str	r2, [r3]
 376              	.LVL33:
 377              	.L36:
 325:../../Model/STM32N6570-DK/stai_network.c ****         }
 378              		.loc 1 325 29 view .LVU116
 379              	.LBE15:
 332:../../Model/STM32N6570-DK/stai_network.c ****                                                       STAI_ERROR_NETWORK_INVALID_OUT_PTR);
 380              		.loc 1 332 11 is_stmt 1 view .LVU117
 335:../../Model/STM32N6570-DK/stai_network.c ****     }
 381              		.loc 1 335 7 view .LVU118
 335:../../Model/STM32N6570-DK/stai_network.c ****     }
 382              		.loc 1 335 7 is_stmt 0 view .LVU119
 383              	.LBE14:
 308:../../Model/STM32N6570-DK/stai_network.c ****     {
 384              		.loc 1 308 68 is_stmt 1 discriminator 2 view .LVU120
 308:../../Model/STM32N6570-DK/stai_network.c ****     {
 385              		.loc 1 308 68 is_stmt 0 discriminator 2 view .LVU121
 386 00d4 3836     		adds	r6, r6, #56
 387              	.LVL34:
 308:../../Model/STM32N6570-DK/stai_network.c ****     {
 388              		.loc 1 308 68 discriminator 2 view .LVU122
 389 00d6 0431     		adds	r1, r1, #4
 390 00d8 13E0     		b	.L30
 391              	.LVL35:
 392              	.L31:
 393              	.LBB16:
 330:../../Model/STM32N6570-DK/stai_network.c ****         if (ATON_LIB_VIRTUAL_TO_PHYSICAL_ADDR(pointers[cnt]) != LL_Buffer_addr_start(out_activ_buff
 394              		.loc 1 330 9 is_stmt 1 view .LVU123
ARM GAS  /tmp/ccYuK7WA.s 			page 27


 330:../../Model/STM32N6570-DK/stai_network.c ****         if (ATON_LIB_VIRTUAL_TO_PHYSICAL_ADDR(pointers[cnt]) != LL_Buffer_addr_start(out_activ_buff
 395              		.loc 1 330 9 view .LVU124
 330:../../Model/STM32N6570-DK/stai_network.c ****         if (ATON_LIB_VIRTUAL_TO_PHYSICAL_ADDR(pointers[cnt]) != LL_Buffer_addr_start(out_activ_buff
 396              		.loc 1 330 9 view .LVU125
 330:../../Model/STM32N6570-DK/stai_network.c ****         if (ATON_LIB_VIRTUAL_TO_PHYSICAL_ADDR(pointers[cnt]) != LL_Buffer_addr_start(out_activ_buff
 397              		.loc 1 330 44 view .LVU126
 331:../../Model/STM32N6570-DK/stai_network.c ****           __LL_ATON_STAI_SET_1ST_CTX_ERROR_AND_RETURN((_stai_aton_context *)network,
 398              		.loc 1 331 9 view .LVU127
 331:../../Model/STM32N6570-DK/stai_network.c ****           __LL_ATON_STAI_SET_1ST_CTX_ERROR_AND_RETURN((_stai_aton_context *)network,
 399              		.loc 1 331 65 is_stmt 0 view .LVU128
 400 00da 2846     		mov	r0, r5
 401 00dc FFF7FEFF 		bl	LL_Buffer_addr_start
 402              	.LVL36:
 331:../../Model/STM32N6570-DK/stai_network.c ****           __LL_ATON_STAI_SET_1ST_CTX_ERROR_AND_RETURN((_stai_aton_context *)network,
 403              		.loc 1 331 13 view .LVU129
 404 00e0 0F68     		ldr	r7, [r1]
 331:../../Model/STM32N6570-DK/stai_network.c ****           __LL_ATON_STAI_SET_1ST_CTX_ERROR_AND_RETURN((_stai_aton_context *)network,
 405              		.loc 1 331 12 discriminator 1 view .LVU130
 406 00e2 8742     		cmp	r7, r0
 407 00e4 F6D0     		beq	.L36
 332:../../Model/STM32N6570-DK/stai_network.c ****                                                       STAI_ERROR_NETWORK_INVALID_OUT_PTR);
 408              		.loc 1 332 11 is_stmt 1 view .LVU131
 332:../../Model/STM32N6570-DK/stai_network.c ****                                                       STAI_ERROR_NETWORK_INVALID_OUT_PTR);
 409              		.loc 1 332 11 view .LVU132
 410 00e6 002C     		cmp	r4, #0
 411 00e8 98D0     		beq	.L18
 332:../../Model/STM32N6570-DK/stai_network.c ****                                                       STAI_ERROR_NETWORK_INVALID_OUT_PTR);
 412              		.loc 1 332 11 discriminator 2 view .LVU133
 413 00ea E36B     		ldr	r3, [r4, #60]
 332:../../Model/STM32N6570-DK/stai_network.c ****                                                       STAI_ERROR_NETWORK_INVALID_OUT_PTR);
 414              		.loc 1 332 11 is_stmt 0 discriminator 5 view .LVU134
 415 00ec 1048     		ldr	r0, .L69+32
 332:../../Model/STM32N6570-DK/stai_network.c ****                                                       STAI_ERROR_NETWORK_INVALID_OUT_PTR);
 416              		.loc 1 332 11 discriminator 2 view .LVU135
 417 00ee B3F5003F 		cmp	r3, #131072
 332:../../Model/STM32N6570-DK/stai_network.c ****                                                       STAI_ERROR_NETWORK_INVALID_OUT_PTR);
 418              		.loc 1 332 11 is_stmt 1 discriminator 3 view .LVU136
 419 00f2 3CBF     		itt	cc
 420 00f4 0E4B     		ldrcc	r3, .L69+32
 421 00f6 E363     		strcc	r3, [r4, #60]
 422 00f8 92E7     		b	.L13
 423              	.LVL37:
 424              	.L25:
 332:../../Model/STM32N6570-DK/stai_network.c ****                                                       STAI_ERROR_NETWORK_INVALID_OUT_PTR);
 425              		.loc 1 332 11 is_stmt 0 discriminator 3 view .LVU137
 426              	.LBE16:
 427              	.LBE13:
 296:../../Model/STM32N6570-DK/stai_network.c ****       __LL_ATON_STAI_SET_1ST_CTX_ERROR_AND_RETURN((_stai_aton_context *)network, STAI_ERROR_NETWORK
 428              		.loc 1 296 5 is_stmt 1 view .LVU138
 296:../../Model/STM32N6570-DK/stai_network.c ****       __LL_ATON_STAI_SET_1ST_CTX_ERROR_AND_RETURN((_stai_aton_context *)network, STAI_ERROR_NETWORK
 429              		.loc 1 296 8 is_stmt 0 view .LVU139
 430 00fa 012E     		cmp	r6, #1
 431              	.L68:
 301:../../Model/STM32N6570-DK/stai_network.c ****       __LL_ATON_STAI_SET_1ST_CTX_ERROR_AND_RETURN((_stai_aton_context *)network, STAI_ERROR_NETWORK
 432              		.loc 1 301 8 view .LVU140
 433 00fc AAD1     		bne	.L40
 434              	.LVL38:
ARM GAS  /tmp/ccYuK7WA.s 			page 28


 301:../../Model/STM32N6570-DK/stai_network.c ****       __LL_ATON_STAI_SET_1ST_CTX_ERROR_AND_RETURN((_stai_aton_context *)network, STAI_ERROR_NETWORK
 435              		.loc 1 301 8 view .LVU141
 436 00fe 2E46     		mov	r6, r5
 437              	.LVL39:
 301:../../Model/STM32N6570-DK/stai_network.c ****       __LL_ATON_STAI_SET_1ST_CTX_ERROR_AND_RETURN((_stai_aton_context *)network, STAI_ERROR_NETWORK
 438              		.loc 1 301 8 view .LVU142
 439 0100 3946     		mov	r1, r7
 440              	.LVL40:
 441              	.L30:
 442              	.LBB17:
 308:../../Model/STM32N6570-DK/stai_network.c ****     {
 443              		.loc 1 308 56 is_stmt 1 discriminator 1 view .LVU143
 444 0102 3368     		ldr	r3, [r6]
 445 0104 002B     		cmp	r3, #0
 446 0106 C5D1     		bne	.L38
 447              	.L39:
 308:../../Model/STM32N6570-DK/stai_network.c ****     {
 448              		.loc 1 308 56 is_stmt 0 discriminator 1 view .LVU144
 449              	.LBE17:
 353:../../Model/STM32N6570-DK/stai_network.c **** }
 450              		.loc 1 353 10 view .LVU145
 451 0108 0020     		movs	r0, #0
 452 010a 89E7     		b	.L13
 453              	.LVL41:
 454              	.L22:
 301:../../Model/STM32N6570-DK/stai_network.c ****       __LL_ATON_STAI_SET_1ST_CTX_ERROR_AND_RETURN((_stai_aton_context *)network, STAI_ERROR_NETWORK
 455              		.loc 1 301 5 is_stmt 1 view .LVU146
 301:../../Model/STM32N6570-DK/stai_network.c ****       __LL_ATON_STAI_SET_1ST_CTX_ERROR_AND_RETURN((_stai_aton_context *)network, STAI_ERROR_NETWORK
 456              		.loc 1 301 8 is_stmt 0 view .LVU147
 457 010c 5E2E     		cmp	r6, #94
 458 010e A0E7     		b	.L67
 459              	.L70:
 460              		.align	2
 461              	.L69:
 462 0110 00000000 		.word	NN_Interface_network
 463 0114 21000400 		.word	262177
 464 0118 01000200 		.word	131073
 465 011c 00000000 		.word	.LC0
 466 0120 00000000 		.word	__func__.0
 467 0124 1F000000 		.word	.LC1
 468 0128 70000400 		.word	262256
 469 012c 48000000 		.word	.LC2
 470 0130 20000400 		.word	262176
 471              		.cfi_endproc
 472              	.LFE322:
 474              		.section	.rodata.__ll_aton_stai_network_set_inputs_or_weights.str1.1,"aMS",%progbits,1
 475              	.LC3:
 476 0000 696E7075 		.ascii	"input_buffers != ((void *)0)\000"
 476      745F6275 
 476      66666572 
 476      7320213D 
 476      20282876 
 477              		.section	.text.__ll_aton_stai_network_set_inputs_or_weights,"ax",%progbits
 478              		.align	1
 479              		.syntax unified
 480              		.thumb
 481              		.thumb_func
ARM GAS  /tmp/ccYuK7WA.s 			page 29


 483              	__ll_aton_stai_network_set_inputs_or_weights:
 484              	.LVL42:
 485              	.LFB321:
 190:../../Model/STM32N6570-DK/stai_network.c ****   /* check context & network interface handle */
 486              		.loc 1 190 1 is_stmt 1 view -0
 487              		.cfi_startproc
 488              		@ args = 0, pretend = 0, frame = 8
 489              		@ frame_needed = 0, uses_anonymous_args = 0
 192:../../Model/STM32N6570-DK/stai_network.c ****   __LL_ATON_STAI_CHECK_NETWORK_INTERFACE(nn_i_ptr, (_stai_aton_context *)network);
 490              		.loc 1 192 3 view .LVU149
 190:../../Model/STM32N6570-DK/stai_network.c ****   /* check context & network interface handle */
 491              		.loc 1 190 1 is_stmt 0 view .LVU150
 492 0000 2DE9F341 		push	{r0, r1, r4, r5, r6, r7, r8, lr}
 493              		.cfi_def_cfa_offset 32
 494              		.cfi_offset 4, -24
 495              		.cfi_offset 5, -20
 496              		.cfi_offset 6, -16
 497              		.cfi_offset 7, -12
 498              		.cfi_offset 8, -8
 499              		.cfi_offset 14, -4
 190:../../Model/STM32N6570-DK/stai_network.c ****   /* check context & network interface handle */
 500              		.loc 1 190 1 view .LVU151
 501 0004 1F46     		mov	r7, r3
 192:../../Model/STM32N6570-DK/stai_network.c ****   __LL_ATON_STAI_CHECK_NETWORK_INTERFACE(nn_i_ptr, (_stai_aton_context *)network);
 502              		.loc 1 192 3 view .LVU152
 503 0006 0023     		movs	r3, #0
 504              	.LVL43:
 190:../../Model/STM32N6570-DK/stai_network.c ****   /* check context & network interface handle */
 505              		.loc 1 190 1 view .LVU153
 506 0008 0E46     		mov	r6, r1
 192:../../Model/STM32N6570-DK/stai_network.c ****   __LL_ATON_STAI_CHECK_NETWORK_INTERFACE(nn_i_ptr, (_stai_aton_context *)network);
 507              		.loc 1 192 3 view .LVU154
 508 000a 01A9     		add	r1, sp, #4
 509              	.LVL44:
 190:../../Model/STM32N6570-DK/stai_network.c ****   /* check context & network interface handle */
 510              		.loc 1 190 1 view .LVU155
 511 000c 0446     		mov	r4, r0
 192:../../Model/STM32N6570-DK/stai_network.c ****   __LL_ATON_STAI_CHECK_NETWORK_INTERFACE(nn_i_ptr, (_stai_aton_context *)network);
 512              		.loc 1 192 3 view .LVU156
 513 000e 0193     		str	r3, [sp, #4]
 192:../../Model/STM32N6570-DK/stai_network.c ****   __LL_ATON_STAI_CHECK_NETWORK_INTERFACE(nn_i_ptr, (_stai_aton_context *)network);
 514              		.loc 1 192 3 is_stmt 1 view .LVU157
 515 0010 FFF7FEFF 		bl	__ll_aton_stai_check_context_network_handle.constprop.0
 516              	.LVL45:
 192:../../Model/STM32N6570-DK/stai_network.c ****   __LL_ATON_STAI_CHECK_NETWORK_INTERFACE(nn_i_ptr, (_stai_aton_context *)network);
 517              		.loc 1 192 3 discriminator 1 view .LVU158
 518 0014 B0F5003F 		cmp	r0, #131072
 190:../../Model/STM32N6570-DK/stai_network.c ****   /* check context & network interface handle */
 519              		.loc 1 190 1 is_stmt 0 view .LVU159
 520 0018 9046     		mov	r8, r2
 192:../../Model/STM32N6570-DK/stai_network.c ****   __LL_ATON_STAI_CHECK_NETWORK_INTERFACE(nn_i_ptr, (_stai_aton_context *)network);
 521              		.loc 1 192 3 discriminator 1 view .LVU160
 522 001a 0BD2     		bcs	.L73
 192:../../Model/STM32N6570-DK/stai_network.c ****   __LL_ATON_STAI_CHECK_NETWORK_INTERFACE(nn_i_ptr, (_stai_aton_context *)network);
 523              		.loc 1 192 54 is_stmt 1 view .LVU161
 193:../../Model/STM32N6570-DK/stai_network.c **** 
 524              		.loc 1 193 3 view .LVU162
ARM GAS  /tmp/ccYuK7WA.s 			page 30


 193:../../Model/STM32N6570-DK/stai_network.c **** 
 525              		.loc 1 193 3 view .LVU163
 526 001c 3E4B     		ldr	r3, .L117
 527 001e 019A     		ldr	r2, [sp, #4]
 528              	.LVL46:
 193:../../Model/STM32N6570-DK/stai_network.c **** 
 529              		.loc 1 193 3 is_stmt 0 view .LVU164
 530 0020 9A42     		cmp	r2, r3
 531 0022 0CD0     		beq	.L74
 193:../../Model/STM32N6570-DK/stai_network.c **** 
 532              		.loc 1 193 3 is_stmt 1 discriminator 1 view .LVU165
 193:../../Model/STM32N6570-DK/stai_network.c **** 
 533              		.loc 1 193 3 discriminator 1 view .LVU166
 534 0024 34B1     		cbz	r4, .L73
 193:../../Model/STM32N6570-DK/stai_network.c **** 
 535              		.loc 1 193 3 discriminator 3 view .LVU167
 536 0026 E36B     		ldr	r3, [r4, #60]
 537 0028 B3F5003F 		cmp	r3, #131072
 193:../../Model/STM32N6570-DK/stai_network.c **** 
 538              		.loc 1 193 3 discriminator 4 view .LVU168
 539 002c 3CBF     		itt	cc
 540 002e 4FF44033 		movcc	r3, #196608
 541 0032 E363     		strcc	r3, [r4, #60]
 542              	.LVL47:
 543              	.L73:
 192:../../Model/STM32N6570-DK/stai_network.c ****   __LL_ATON_STAI_CHECK_NETWORK_INTERFACE(nn_i_ptr, (_stai_aton_context *)network);
 544              		.loc 1 192 3 is_stmt 0 discriminator 1 view .LVU169
 545 0034 4FF44030 		mov	r0, #196608
 546              	.L71:
 267:../../Model/STM32N6570-DK/stai_network.c **** 
 547              		.loc 1 267 1 view .LVU170
 548 0038 02B0     		add	sp, sp, #8
 549              		.cfi_remember_state
 550              		.cfi_def_cfa_offset 24
 551              		@ sp needed
 552 003a BDE8F081 		pop	{r4, r5, r6, r7, r8, pc}
 553              	.LVL48:
 554              	.L74:
 555              		.cfi_restore_state
 193:../../Model/STM32N6570-DK/stai_network.c **** 
 556              		.loc 1 193 3 is_stmt 1 view .LVU171
 193:../../Model/STM32N6570-DK/stai_network.c **** 
 557              		.loc 1 193 3 view .LVU172
 196:../../Model/STM32N6570-DK/stai_network.c **** 
 558              		.loc 1 196 3 view .LVU173
 196:../../Model/STM32N6570-DK/stai_network.c **** 
 559              		.loc 1 196 48 is_stmt 0 view .LVU174
 560 003e FFF7FEFF 		bl	LL_ATON_Input_Buffers_Info_network
 561              	.LVL49:
 199:../../Model/STM32N6570-DK/stai_network.c ****   if (input_buffers && !pointers)
 562              		.loc 1 199 3 is_stmt 1 view .LVU175
 563 0042 0546     		mov	r5, r0
 564 0044 28B9     		cbnz	r0, .L77
 199:../../Model/STM32N6570-DK/stai_network.c ****   if (input_buffers && !pointers)
 565              		.loc 1 199 3 is_stmt 0 discriminator 1 view .LVU176
 566 0046 C721     		movs	r1, #199
 567 0048 344B     		ldr	r3, .L117+4
ARM GAS  /tmp/ccYuK7WA.s 			page 31


 568 004a 354A     		ldr	r2, .L117+8
 569              	.LVL50:
 570              	.L116:
 571              	.LBB18:
 572              	.LBB19:
 573              	.LBB20:
 226:../../Model/STM32N6570-DK/stai_network.c ****           unsigned char **address_location = (unsigned char **)buffer_info->addr_base.p;
 574              		.loc 1 226 11 discriminator 1 view .LVU177
 575 004c 3548     		ldr	r0, .L117+12
 576 004e FFF7FEFF 		bl	__assert_func
 577              	.LVL51:
 578              	.L77:
 226:../../Model/STM32N6570-DK/stai_network.c ****           unsigned char **address_location = (unsigned char **)buffer_info->addr_base.p;
 579              		.loc 1 226 11 discriminator 1 view .LVU178
 580              	.LBE20:
 581              	.LBE19:
 582              	.LBE18:
 200:../../Model/STM32N6570-DK/stai_network.c ****     __LL_ATON_STAI_SET_1ST_CTX_ERROR_AND_RETURN((_stai_aton_context *)network,
 583              		.loc 1 200 3 is_stmt 1 view .LVU179
 200:../../Model/STM32N6570-DK/stai_network.c ****     __LL_ATON_STAI_SET_1ST_CTX_ERROR_AND_RETURN((_stai_aton_context *)network,
 584              		.loc 1 200 21 is_stmt 0 discriminator 1 view .LVU180
 585 0052 4EB9     		cbnz	r6, .L78
 201:../../Model/STM32N6570-DK/stai_network.c ****                                                 STAI_ERROR_NETWORK_INVALID_API_ARGUMENTS);
 586              		.loc 1 201 5 is_stmt 1 view .LVU181
 201:../../Model/STM32N6570-DK/stai_network.c ****                                                 STAI_ERROR_NETWORK_INVALID_API_ARGUMENTS);
 587              		.loc 1 201 5 view .LVU182
 588 0054 002C     		cmp	r4, #0
 589 0056 EDD0     		beq	.L73
 201:../../Model/STM32N6570-DK/stai_network.c ****                                                 STAI_ERROR_NETWORK_INVALID_API_ARGUMENTS);
 590              		.loc 1 201 5 discriminator 2 view .LVU183
 591 0058 E36B     		ldr	r3, [r4, #60]
 201:../../Model/STM32N6570-DK/stai_network.c ****                                                 STAI_ERROR_NETWORK_INVALID_API_ARGUMENTS);
 592              		.loc 1 201 5 is_stmt 0 discriminator 5 view .LVU184
 593 005a 3348     		ldr	r0, .L117+16
 594              	.LVL52:
 201:../../Model/STM32N6570-DK/stai_network.c ****                                                 STAI_ERROR_NETWORK_INVALID_API_ARGUMENTS);
 595              		.loc 1 201 5 discriminator 2 view .LVU185
 596 005c B3F5003F 		cmp	r3, #131072
 201:../../Model/STM32N6570-DK/stai_network.c ****                                                 STAI_ERROR_NETWORK_INVALID_API_ARGUMENTS);
 597              		.loc 1 201 5 is_stmt 1 discriminator 3 view .LVU186
 598 0060 3CBF     		itt	cc
 599 0062 314B     		ldrcc	r3, .L117+16
 600 0064 E363     		strcc	r3, [r4, #60]
 601 0066 E7E7     		b	.L71
 602              	.LVL53:
 603              	.L78:
 201:../../Model/STM32N6570-DK/stai_network.c ****                                                 STAI_ERROR_NETWORK_INVALID_API_ARGUMENTS);
 604              		.loc 1 201 5 view .LVU187
 204:../../Model/STM32N6570-DK/stai_network.c ****   {
 605              		.loc 1 204 3 view .LVU188
 204:../../Model/STM32N6570-DK/stai_network.c ****   {
 606              		.loc 1 204 6 is_stmt 0 view .LVU189
 607 0068 FFB1     		cbz	r7, .L80
 206:../../Model/STM32N6570-DK/stai_network.c ****       __LL_ATON_STAI_SET_1ST_CTX_ERROR_AND_RETURN((_stai_aton_context *)network, STAI_ERROR_NETWORK
 608              		.loc 1 206 5 is_stmt 1 view .LVU190
 206:../../Model/STM32N6570-DK/stai_network.c ****       __LL_ATON_STAI_SET_1ST_CTX_ERROR_AND_RETURN((_stai_aton_context *)network, STAI_ERROR_NETWORK
 609              		.loc 1 206 8 is_stmt 0 view .LVU191
ARM GAS  /tmp/ccYuK7WA.s 			page 32


 610 006a B8F1010F 		cmp	r8, #1
 611 006e 12D1     		bne	.L81
 612              	.L84:
 190:../../Model/STM32N6570-DK/stai_network.c ****   /* check context & network interface handle */
 613              		.loc 1 190 1 view .LVU192
 614 0070 0021     		movs	r1, #0
 615              	.LVL54:
 616              	.L82:
 617              	.LBB26:
 219:../../Model/STM32N6570-DK/stai_network.c ****     {
 618              		.loc 1 219 52 is_stmt 1 discriminator 1 view .LVU193
 619 0072 2868     		ldr	r0, [r5]
 620 0074 0028     		cmp	r0, #0
 621 0076 DFD0     		beq	.L71
 622              	.LBB23:
 221:../../Model/STM32N6570-DK/stai_network.c ****       if (inputs == !buffer_info->is_param)
 623              		.loc 1 221 7 view .LVU194
 624              	.LVL55:
 222:../../Model/STM32N6570-DK/stai_network.c ****       {
 625              		.loc 1 222 7 view .LVU195
 222:../../Model/STM32N6570-DK/stai_network.c ****       {
 626              		.loc 1 222 21 is_stmt 0 view .LVU196
 627 0078 6A7D     		ldrb	r2, [r5, #21]	@ zero_extendqisi2
 222:../../Model/STM32N6570-DK/stai_network.c ****       {
 628              		.loc 1 222 10 view .LVU197
 629 007a B2FA82F2 		clz	r2, r2
 630 007e 5209     		lsrs	r2, r2, #5
 631 0080 BA42     		cmp	r2, r7
 632 0082 35D1     		bne	.L86
 224:../../Model/STM32N6570-DK/stai_network.c ****         {
 633              		.loc 1 224 9 is_stmt 1 view .LVU198
 224:../../Model/STM32N6570-DK/stai_network.c ****         {
 634              		.loc 1 224 12 is_stmt 0 view .LVU199
 635 0084 2B7D     		ldrb	r3, [r5, #20]	@ zero_extendqisi2
 636 0086 002B     		cmp	r3, #0
 637 0088 34D0     		beq	.L87
 638              	.LBB21:
 226:../../Model/STM32N6570-DK/stai_network.c ****           unsigned char **address_location = (unsigned char **)buffer_info->addr_base.p;
 639              		.loc 1 226 11 is_stmt 1 view .LVU200
 640 008a AB68     		ldr	r3, [r5, #8]
 641 008c D3B1     		cbz	r3, .L88
 226:../../Model/STM32N6570-DK/stai_network.c ****           unsigned char **address_location = (unsigned char **)buffer_info->addr_base.p;
 642              		.loc 1 226 11 is_stmt 0 discriminator 1 view .LVU201
 643 008e E221     		movs	r1, #226
 644              	.LVL56:
 226:../../Model/STM32N6570-DK/stai_network.c ****           unsigned char **address_location = (unsigned char **)buffer_info->addr_base.p;
 645              		.loc 1 226 11 discriminator 1 view .LVU202
 646 0090 264B     		ldr	r3, .L117+20
 647 0092 234A     		ldr	r2, .L117+8
 648 0094 DAE7     		b	.L116
 649              	.LVL57:
 650              	.L81:
 226:../../Model/STM32N6570-DK/stai_network.c ****           unsigned char **address_location = (unsigned char **)buffer_info->addr_base.p;
 651              		.loc 1 226 11 discriminator 1 view .LVU203
 652              	.LBE21:
 653              	.LBE23:
 654              	.LBE26:
ARM GAS  /tmp/ccYuK7WA.s 			page 33


 207:../../Model/STM32N6570-DK/stai_network.c ****   }
 655              		.loc 1 207 7 is_stmt 1 view .LVU204
 207:../../Model/STM32N6570-DK/stai_network.c ****   }
 656              		.loc 1 207 7 view .LVU205
 657 0096 002C     		cmp	r4, #0
 658 0098 CCD0     		beq	.L73
 207:../../Model/STM32N6570-DK/stai_network.c ****   }
 659              		.loc 1 207 7 discriminator 2 view .LVU206
 660 009a E36B     		ldr	r3, [r4, #60]
 207:../../Model/STM32N6570-DK/stai_network.c ****   }
 661              		.loc 1 207 7 is_stmt 0 discriminator 5 view .LVU207
 662 009c 2448     		ldr	r0, .L117+24
 663              	.LVL58:
 207:../../Model/STM32N6570-DK/stai_network.c ****   }
 664              		.loc 1 207 7 discriminator 2 view .LVU208
 665 009e B3F5003F 		cmp	r3, #131072
 207:../../Model/STM32N6570-DK/stai_network.c ****   }
 666              		.loc 1 207 7 is_stmt 1 discriminator 3 view .LVU209
 667 00a2 3CBF     		itt	cc
 668 00a4 224B     		ldrcc	r3, .L117+24
 669 00a6 E363     		strcc	r3, [r4, #60]
 670 00a8 C6E7     		b	.L71
 671              	.LVL59:
 672              	.L80:
 211:../../Model/STM32N6570-DK/stai_network.c ****       __LL_ATON_STAI_SET_1ST_CTX_ERROR_AND_RETURN((_stai_aton_context *)network,
 673              		.loc 1 211 5 view .LVU210
 211:../../Model/STM32N6570-DK/stai_network.c ****       __LL_ATON_STAI_SET_1ST_CTX_ERROR_AND_RETURN((_stai_aton_context *)network,
 674              		.loc 1 211 8 is_stmt 0 view .LVU211
 675 00aa B8F1000F 		cmp	r8, #0
 676 00ae DFD0     		beq	.L84
 212:../../Model/STM32N6570-DK/stai_network.c ****                                                   STAI_ERROR_NETWORK_INVALID_WEIGHTS_NUM);
 677              		.loc 1 212 7 is_stmt 1 view .LVU212
 212:../../Model/STM32N6570-DK/stai_network.c ****                                                   STAI_ERROR_NETWORK_INVALID_WEIGHTS_NUM);
 678              		.loc 1 212 7 view .LVU213
 679 00b0 002C     		cmp	r4, #0
 680 00b2 BFD0     		beq	.L73
 212:../../Model/STM32N6570-DK/stai_network.c ****                                                   STAI_ERROR_NETWORK_INVALID_WEIGHTS_NUM);
 681              		.loc 1 212 7 discriminator 2 view .LVU214
 682 00b4 E36B     		ldr	r3, [r4, #60]
 212:../../Model/STM32N6570-DK/stai_network.c ****                                                   STAI_ERROR_NETWORK_INVALID_WEIGHTS_NUM);
 683              		.loc 1 212 7 is_stmt 0 discriminator 5 view .LVU215
 684 00b6 1F48     		ldr	r0, .L117+28
 685              	.LVL60:
 212:../../Model/STM32N6570-DK/stai_network.c ****                                                   STAI_ERROR_NETWORK_INVALID_WEIGHTS_NUM);
 686              		.loc 1 212 7 discriminator 2 view .LVU216
 687 00b8 B3F5003F 		cmp	r3, #131072
 212:../../Model/STM32N6570-DK/stai_network.c ****                                                   STAI_ERROR_NETWORK_INVALID_WEIGHTS_NUM);
 688              		.loc 1 212 7 is_stmt 1 discriminator 3 view .LVU217
 689 00bc 3CBF     		itt	cc
 690 00be 1D4B     		ldrcc	r3, .L117+28
 691 00c0 E363     		strcc	r3, [r4, #60]
 692 00c2 B9E7     		b	.L71
 693              	.LVL61:
 694              	.L88:
 695              	.LBB27:
 696              	.LBB24:
 697              	.LBB22:
ARM GAS  /tmp/ccYuK7WA.s 			page 34


 227:../../Model/STM32N6570-DK/stai_network.c ****           unsigned char *new_address = pointers[cnt];
 698              		.loc 1 227 11 view .LVU218
 228:../../Model/STM32N6570-DK/stai_network.c **** 
 699              		.loc 1 228 26 is_stmt 0 view .LVU219
 700 00c4 56F82120 		ldr	r2, [r6, r1, lsl #2]
 227:../../Model/STM32N6570-DK/stai_network.c ****           unsigned char *new_address = pointers[cnt];
 701              		.loc 1 227 27 view .LVU220
 702 00c8 6B68     		ldr	r3, [r5, #4]
 703              	.LVL62:
 228:../../Model/STM32N6570-DK/stai_network.c **** 
 704              		.loc 1 228 11 is_stmt 1 view .LVU221
 230:../../Model/STM32N6570-DK/stai_network.c ****           {                                                                     // new address is n
 705              		.loc 1 230 11 view .LVU222
 230:../../Model/STM32N6570-DK/stai_network.c ****           {                                                                     // new address is n
 706              		.loc 1 230 14 is_stmt 0 view .LVU223
 707 00ca D006     		lsls	r0, r2, #27
 708 00cc 09D0     		beq	.L89
 232:../../Model/STM32N6570-DK/stai_network.c ****                                                         STAI_ERROR_INVALID_BUFFER_ALIGNMENT);
 709              		.loc 1 232 13 is_stmt 1 view .LVU224
 232:../../Model/STM32N6570-DK/stai_network.c ****                                                         STAI_ERROR_INVALID_BUFFER_ALIGNMENT);
 710              		.loc 1 232 13 view .LVU225
 711 00ce 002C     		cmp	r4, #0
 712 00d0 B0D0     		beq	.L73
 232:../../Model/STM32N6570-DK/stai_network.c ****                                                         STAI_ERROR_INVALID_BUFFER_ALIGNMENT);
 713              		.loc 1 232 13 discriminator 2 view .LVU226
 714 00d2 E36B     		ldr	r3, [r4, #60]
 715              	.LVL63:
 232:../../Model/STM32N6570-DK/stai_network.c ****                                                         STAI_ERROR_INVALID_BUFFER_ALIGNMENT);
 716              		.loc 1 232 13 is_stmt 0 discriminator 5 view .LVU227
 717 00d4 1848     		ldr	r0, .L117+32
 232:../../Model/STM32N6570-DK/stai_network.c ****                                                         STAI_ERROR_INVALID_BUFFER_ALIGNMENT);
 718              		.loc 1 232 13 discriminator 2 view .LVU228
 719 00d6 B3F5003F 		cmp	r3, #131072
 232:../../Model/STM32N6570-DK/stai_network.c ****                                                         STAI_ERROR_INVALID_BUFFER_ALIGNMENT);
 720              		.loc 1 232 13 is_stmt 1 discriminator 3 view .LVU229
 721 00da 3CBF     		itt	cc
 722 00dc 164B     		ldrcc	r3, .L117+32
 723 00de E363     		strcc	r3, [r4, #60]
 724 00e0 AAE7     		b	.L71
 725              	.LVL64:
 726              	.L89:
 232:../../Model/STM32N6570-DK/stai_network.c ****                                                         STAI_ERROR_INVALID_BUFFER_ALIGNMENT);
 727              		.loc 1 232 13 view .LVU230
 237:../../Model/STM32N6570-DK/stai_network.c ****             *address_location = new_address;
 728              		.loc 1 237 13 view .LVU231
 729 00e2 1BB9     		cbnz	r3, .L91
 237:../../Model/STM32N6570-DK/stai_network.c ****             *address_location = new_address;
 730              		.loc 1 237 13 is_stmt 0 discriminator 1 view .LVU232
 731 00e4 ED21     		movs	r1, #237
 732              	.LVL65:
 237:../../Model/STM32N6570-DK/stai_network.c ****             *address_location = new_address;
 733              		.loc 1 237 13 discriminator 1 view .LVU233
 734 00e6 154B     		ldr	r3, .L117+36
 735              	.LVL66:
 237:../../Model/STM32N6570-DK/stai_network.c ****             *address_location = new_address;
 736              		.loc 1 237 13 discriminator 1 view .LVU234
 737 00e8 0D4A     		ldr	r2, .L117+8
ARM GAS  /tmp/ccYuK7WA.s 			page 35


 738              	.LVL67:
 237:../../Model/STM32N6570-DK/stai_network.c ****             *address_location = new_address;
 739              		.loc 1 237 13 discriminator 1 view .LVU235
 740 00ea AFE7     		b	.L116
 741              	.LVL68:
 742              	.L91:
 238:../../Model/STM32N6570-DK/stai_network.c ****           }
 743              		.loc 1 238 13 is_stmt 1 view .LVU236
 238:../../Model/STM32N6570-DK/stai_network.c ****           }
 744              		.loc 1 238 31 is_stmt 0 view .LVU237
 745 00ec 1A60     		str	r2, [r3]
 746              	.LVL69:
 747              	.L92:
 238:../../Model/STM32N6570-DK/stai_network.c ****           }
 748              		.loc 1 238 31 view .LVU238
 749              	.LBE22:
 244:../../Model/STM32N6570-DK/stai_network.c ****                                                         STAI_ERROR_NETWORK_INVALID_IN_PTR);
 750              		.loc 1 244 13 is_stmt 1 view .LVU239
 247:../../Model/STM32N6570-DK/stai_network.c ****       }
 751              		.loc 1 247 9 view .LVU240
 247:../../Model/STM32N6570-DK/stai_network.c ****       }
 752              		.loc 1 247 12 is_stmt 0 view .LVU241
 753 00ee 0131     		adds	r1, r1, #1
 754              	.LVL70:
 755              	.L86:
 247:../../Model/STM32N6570-DK/stai_network.c ****       }
 756              		.loc 1 247 12 view .LVU242
 757              	.LBE24:
 219:../../Model/STM32N6570-DK/stai_network.c ****     {
 758              		.loc 1 219 64 is_stmt 1 discriminator 2 view .LVU243
 759 00f0 3835     		adds	r5, r5, #56
 760              	.LVL71:
 219:../../Model/STM32N6570-DK/stai_network.c ****     {
 761              		.loc 1 219 64 is_stmt 0 discriminator 2 view .LVU244
 762 00f2 BEE7     		b	.L82
 763              	.LVL72:
 764              	.L87:
 765              	.LBB25:
 243:../../Model/STM32N6570-DK/stai_network.c ****             __LL_ATON_STAI_SET_1ST_CTX_ERROR_AND_RETURN((_stai_aton_context *)network,
 766              		.loc 1 243 11 is_stmt 1 view .LVU245
 243:../../Model/STM32N6570-DK/stai_network.c ****             __LL_ATON_STAI_SET_1ST_CTX_ERROR_AND_RETURN((_stai_aton_context *)network,
 767              		.loc 1 243 67 is_stmt 0 view .LVU246
 768 00f4 2846     		mov	r0, r5
 769 00f6 FFF7FEFF 		bl	LL_Buffer_addr_start
 770              	.LVL73:
 243:../../Model/STM32N6570-DK/stai_network.c ****             __LL_ATON_STAI_SET_1ST_CTX_ERROR_AND_RETURN((_stai_aton_context *)network,
 771              		.loc 1 243 15 view .LVU247
 772 00fa 56F82180 		ldr	r8, [r6, r1, lsl #2]
 243:../../Model/STM32N6570-DK/stai_network.c ****             __LL_ATON_STAI_SET_1ST_CTX_ERROR_AND_RETURN((_stai_aton_context *)network,
 773              		.loc 1 243 14 discriminator 1 view .LVU248
 774 00fe 8045     		cmp	r8, r0
 775 0100 F5D0     		beq	.L92
 244:../../Model/STM32N6570-DK/stai_network.c ****                                                         STAI_ERROR_NETWORK_INVALID_IN_PTR);
 776              		.loc 1 244 13 is_stmt 1 view .LVU249
 244:../../Model/STM32N6570-DK/stai_network.c ****                                                         STAI_ERROR_NETWORK_INVALID_IN_PTR);
 777              		.loc 1 244 13 view .LVU250
 778 0102 002C     		cmp	r4, #0
ARM GAS  /tmp/ccYuK7WA.s 			page 36


 779 0104 96D0     		beq	.L73
 244:../../Model/STM32N6570-DK/stai_network.c ****                                                         STAI_ERROR_NETWORK_INVALID_IN_PTR);
 780              		.loc 1 244 13 discriminator 2 view .LVU251
 781 0106 E36B     		ldr	r3, [r4, #60]
 244:../../Model/STM32N6570-DK/stai_network.c ****                                                         STAI_ERROR_NETWORK_INVALID_IN_PTR);
 782              		.loc 1 244 13 is_stmt 0 discriminator 5 view .LVU252
 783 0108 0D48     		ldr	r0, .L117+40
 244:../../Model/STM32N6570-DK/stai_network.c ****                                                         STAI_ERROR_NETWORK_INVALID_IN_PTR);
 784              		.loc 1 244 13 discriminator 2 view .LVU253
 785 010a B3F5003F 		cmp	r3, #131072
 244:../../Model/STM32N6570-DK/stai_network.c ****                                                         STAI_ERROR_NETWORK_INVALID_IN_PTR);
 786              		.loc 1 244 13 is_stmt 1 discriminator 3 view .LVU254
 787 010e 3CBF     		itt	cc
 788 0110 0B4B     		ldrcc	r3, .L117+40
 789 0112 E363     		strcc	r3, [r4, #60]
 790 0114 90E7     		b	.L71
 791              	.L118:
 792 0116 00BF     		.align	2
 793              	.L117:
 794 0118 00000000 		.word	NN_Interface_network
 795 011c 00000000 		.word	.LC3
 796 0120 00000000 		.word	__func__.1
 797 0124 1F000000 		.word	.LC1
 798 0128 01000200 		.word	131073
 799 012c 00000000 		.word	.LC0
 800 0130 11000400 		.word	262161
 801 0134 41000400 		.word	262209
 802 0138 70000400 		.word	262256
 803 013c 48000000 		.word	.LC2
 804 0140 10000400 		.word	262160
 805              	.LBE25:
 806              	.LBE27:
 807              		.cfi_endproc
 808              	.LFE321:
 810              		.section	.rodata.__ll_aton_stai_network_get_outputs_or_activations.str1.1,"aMS",%progbits,1
 811              	.LC4:
 812 0000 28287569 		.ascii	"((uintptr_t)pointers[cnt] % (32)) == 0\000"
 812      6E747074 
 812      725F7429 
 812      706F696E 
 812      74657273 
 813              		.section	.text.__ll_aton_stai_network_get_outputs_or_activations,"ax",%progbits
 814              		.align	1
 815              		.syntax unified
 816              		.thumb
 817              		.thumb_func
 819              	__ll_aton_stai_network_get_outputs_or_activations:
 820              	.LVL74:
 821              	.LFB320:
 113:../../Model/STM32N6570-DK/stai_network.c ****   /* check context & network interface handle */
 822              		.loc 1 113 1 view -0
 823              		.cfi_startproc
 824              		@ args = 0, pretend = 0, frame = 8
 825              		@ frame_needed = 0, uses_anonymous_args = 0
 113:../../Model/STM32N6570-DK/stai_network.c ****   /* check context & network interface handle */
 826              		.loc 1 113 1 is_stmt 0 view .LVU256
 827 0000 F7B5     		push	{r0, r1, r2, r4, r5, r6, r7, lr}
ARM GAS  /tmp/ccYuK7WA.s 			page 37


 828              		.cfi_def_cfa_offset 32
 829              		.cfi_offset 4, -20
 830              		.cfi_offset 5, -16
 831              		.cfi_offset 6, -12
 832              		.cfi_offset 7, -8
 833              		.cfi_offset 14, -4
 113:../../Model/STM32N6570-DK/stai_network.c ****   /* check context & network interface handle */
 834              		.loc 1 113 1 view .LVU257
 835 0002 1E46     		mov	r6, r3
 115:../../Model/STM32N6570-DK/stai_network.c ****   __LL_ATON_STAI_CHECK_NETWORK_INTERFACE(nn_i_ptr, (_stai_aton_context *)network);
 836              		.loc 1 115 3 view .LVU258
 837 0004 0023     		movs	r3, #0
 838              	.LVL75:
 113:../../Model/STM32N6570-DK/stai_network.c ****   /* check context & network interface handle */
 839              		.loc 1 113 1 view .LVU259
 840 0006 0F46     		mov	r7, r1
 115:../../Model/STM32N6570-DK/stai_network.c ****   __LL_ATON_STAI_CHECK_NETWORK_INTERFACE(nn_i_ptr, (_stai_aton_context *)network);
 841              		.loc 1 115 3 view .LVU260
 842 0008 01A9     		add	r1, sp, #4
 843              	.LVL76:
 113:../../Model/STM32N6570-DK/stai_network.c ****   /* check context & network interface handle */
 844              		.loc 1 113 1 view .LVU261
 845 000a 0446     		mov	r4, r0
 115:../../Model/STM32N6570-DK/stai_network.c ****   __LL_ATON_STAI_CHECK_NETWORK_INTERFACE(nn_i_ptr, (_stai_aton_context *)network);
 846              		.loc 1 115 3 view .LVU262
 847 000c 0193     		str	r3, [sp, #4]
 848 000e FFF7FEFF 		bl	__ll_aton_stai_check_context_network_handle.constprop.0
 849              	.LVL77:
 115:../../Model/STM32N6570-DK/stai_network.c ****   __LL_ATON_STAI_CHECK_NETWORK_INTERFACE(nn_i_ptr, (_stai_aton_context *)network);
 850              		.loc 1 115 3 discriminator 1 view .LVU263
 851 0012 B0F5003F 		cmp	r0, #131072
 113:../../Model/STM32N6570-DK/stai_network.c ****   /* check context & network interface handle */
 852              		.loc 1 113 1 view .LVU264
 853 0016 1546     		mov	r5, r2
 115:../../Model/STM32N6570-DK/stai_network.c ****   __LL_ATON_STAI_CHECK_NETWORK_INTERFACE(nn_i_ptr, (_stai_aton_context *)network);
 854              		.loc 1 115 3 is_stmt 1 view .LVU265
 115:../../Model/STM32N6570-DK/stai_network.c ****   __LL_ATON_STAI_CHECK_NETWORK_INTERFACE(nn_i_ptr, (_stai_aton_context *)network);
 855              		.loc 1 115 3 view .LVU266
 856              	.LVL78:
 115:../../Model/STM32N6570-DK/stai_network.c ****   __LL_ATON_STAI_CHECK_NETWORK_INTERFACE(nn_i_ptr, (_stai_aton_context *)network);
 857              		.loc 1 115 3 discriminator 1 view .LVU267
 858 0018 0BD2     		bcs	.L120
 115:../../Model/STM32N6570-DK/stai_network.c ****   __LL_ATON_STAI_CHECK_NETWORK_INTERFACE(nn_i_ptr, (_stai_aton_context *)network);
 859              		.loc 1 115 54 view .LVU268
 116:../../Model/STM32N6570-DK/stai_network.c **** 
 860              		.loc 1 116 3 view .LVU269
 116:../../Model/STM32N6570-DK/stai_network.c **** 
 861              		.loc 1 116 3 view .LVU270
 862 001a 254B     		ldr	r3, .L150
 863 001c 019A     		ldr	r2, [sp, #4]
 864              	.LVL79:
 116:../../Model/STM32N6570-DK/stai_network.c **** 
 865              		.loc 1 116 3 is_stmt 0 view .LVU271
 866 001e 9A42     		cmp	r2, r3
 867 0020 0BD0     		beq	.L121
 116:../../Model/STM32N6570-DK/stai_network.c **** 
 868              		.loc 1 116 3 is_stmt 1 discriminator 1 view .LVU272
ARM GAS  /tmp/ccYuK7WA.s 			page 38


 116:../../Model/STM32N6570-DK/stai_network.c **** 
 869              		.loc 1 116 3 discriminator 1 view .LVU273
 870 0022 34B1     		cbz	r4, .L120
 116:../../Model/STM32N6570-DK/stai_network.c **** 
 871              		.loc 1 116 3 discriminator 3 view .LVU274
 872 0024 E36B     		ldr	r3, [r4, #60]
 873 0026 B3F5003F 		cmp	r3, #131072
 116:../../Model/STM32N6570-DK/stai_network.c **** 
 874              		.loc 1 116 3 discriminator 4 view .LVU275
 875 002a 3CBF     		itt	cc
 876 002c 4FF44033 		movcc	r3, #196608
 877 0030 E363     		strcc	r3, [r4, #60]
 878              	.L120:
 115:../../Model/STM32N6570-DK/stai_network.c ****   __LL_ATON_STAI_CHECK_NETWORK_INTERFACE(nn_i_ptr, (_stai_aton_context *)network);
 879              		.loc 1 115 3 is_stmt 0 discriminator 1 view .LVU276
 880 0032 4FF44030 		mov	r0, #196608
 881              	.LVL80:
 882              	.L119:
 184:../../Model/STM32N6570-DK/stai_network.c **** 
 883              		.loc 1 184 1 view .LVU277
 884 0036 03B0     		add	sp, sp, #12
 885              		.cfi_remember_state
 886              		.cfi_def_cfa_offset 20
 887              		@ sp needed
 888 0038 F0BD     		pop	{r4, r5, r6, r7, pc}
 889              	.LVL81:
 890              	.L121:
 891              		.cfi_restore_state
 116:../../Model/STM32N6570-DK/stai_network.c **** 
 892              		.loc 1 116 3 is_stmt 1 view .LVU278
 116:../../Model/STM32N6570-DK/stai_network.c **** 
 893              		.loc 1 116 3 view .LVU279
 119:../../Model/STM32N6570-DK/stai_network.c ****     __LL_ATON_STAI_SET_1ST_CTX_ERROR_AND_RETURN((_stai_aton_context *)network,
 894              		.loc 1 119 3 view .LVU280
 119:../../Model/STM32N6570-DK/stai_network.c ****     __LL_ATON_STAI_SET_1ST_CTX_ERROR_AND_RETURN((_stai_aton_context *)network,
 895              		.loc 1 119 6 is_stmt 0 view .LVU281
 896 003a 4DB9     		cbnz	r5, .L123
 120:../../Model/STM32N6570-DK/stai_network.c ****                                                 STAI_ERROR_NETWORK_INVALID_API_ARGUMENTS);
 897              		.loc 1 120 5 is_stmt 1 view .LVU282
 120:../../Model/STM32N6570-DK/stai_network.c ****                                                 STAI_ERROR_NETWORK_INVALID_API_ARGUMENTS);
 898              		.loc 1 120 5 view .LVU283
 899 003c 002C     		cmp	r4, #0
 900 003e F8D0     		beq	.L120
 120:../../Model/STM32N6570-DK/stai_network.c ****                                                 STAI_ERROR_NETWORK_INVALID_API_ARGUMENTS);
 901              		.loc 1 120 5 discriminator 2 view .LVU284
 902 0040 E36B     		ldr	r3, [r4, #60]
 903 0042 B3F5003F 		cmp	r3, #131072
 904 0046 01D2     		bcs	.L124
 120:../../Model/STM32N6570-DK/stai_network.c ****                                                 STAI_ERROR_NETWORK_INVALID_API_ARGUMENTS);
 905              		.loc 1 120 5 discriminator 3 view .LVU285
 906 0048 1A4B     		ldr	r3, .L150+4
 907 004a E363     		str	r3, [r4, #60]
 908              	.L124:
 120:../../Model/STM32N6570-DK/stai_network.c ****                                                 STAI_ERROR_NETWORK_INVALID_API_ARGUMENTS);
 909              		.loc 1 120 5 is_stmt 0 discriminator 5 view .LVU286
 910 004c 1948     		ldr	r0, .L150+4
 911              	.LVL82:
ARM GAS  /tmp/ccYuK7WA.s 			page 39


 120:../../Model/STM32N6570-DK/stai_network.c ****                                                 STAI_ERROR_NETWORK_INVALID_API_ARGUMENTS);
 912              		.loc 1 120 5 discriminator 5 view .LVU287
 913 004e F2E7     		b	.L119
 914              	.LVL83:
 915              	.L123:
 120:../../Model/STM32N6570-DK/stai_network.c ****                                                 STAI_ERROR_NETWORK_INVALID_API_ARGUMENTS);
 916              		.loc 1 120 5 is_stmt 1 view .LVU288
 124:../../Model/STM32N6570-DK/stai_network.c ****   if (outputs)
 917              		.loc 1 124 3 view .LVU289
 125:../../Model/STM32N6570-DK/stai_network.c ****   {
 918              		.loc 1 125 3 view .LVU290
 125:../../Model/STM32N6570-DK/stai_network.c ****   {
 919              		.loc 1 125 6 is_stmt 0 view .LVU291
 920 0050 36B1     		cbz	r6, .L125
 127:../../Model/STM32N6570-DK/stai_network.c ****   }
 921              		.loc 1 127 5 is_stmt 1 view .LVU292
 127:../../Model/STM32N6570-DK/stai_network.c ****   }
 922              		.loc 1 127 25 is_stmt 0 view .LVU293
 923 0052 FFF7FEFF 		bl	LL_ATON_Output_Buffers_Info_network
 924              	.LVL84:
 135:../../Model/STM32N6570-DK/stai_network.c ****   if (out_activ_buffers != NULL)
 925              		.loc 1 135 3 is_stmt 1 view .LVU294
 136:../../Model/STM32N6570-DK/stai_network.c ****   {
 926              		.loc 1 136 3 view .LVU295
 136:../../Model/STM32N6570-DK/stai_network.c ****   {
 927              		.loc 1 136 6 is_stmt 0 view .LVU296
 928 0056 30B9     		cbnz	r0, .L126
 929              	.LVL85:
 930              	.L135:
 176:../../Model/STM32N6570-DK/stai_network.c ****   }
 931              		.loc 1 176 5 is_stmt 1 view .LVU297
 932 0058 0123     		movs	r3, #1
 933              	.L136:
 183:../../Model/STM32N6570-DK/stai_network.c **** }
 934              		.loc 1 183 10 is_stmt 0 view .LVU298
 935 005a 0020     		movs	r0, #0
 176:../../Model/STM32N6570-DK/stai_network.c ****   }
 936              		.loc 1 176 13 view .LVU299
 937 005c 2B60     		str	r3, [r5]
 938 005e EAE7     		b	.L119
 939              	.LVL86:
 940              	.L125:
 131:../../Model/STM32N6570-DK/stai_network.c ****   }
 941              		.loc 1 131 5 is_stmt 1 view .LVU300
 131:../../Model/STM32N6570-DK/stai_network.c ****   }
 942              		.loc 1 131 25 is_stmt 0 view .LVU301
 943 0060 FFF7FEFF 		bl	LL_ATON_Internal_Buffers_Info_network
 944              	.LVL87:
 135:../../Model/STM32N6570-DK/stai_network.c ****   if (out_activ_buffers != NULL)
 945              		.loc 1 135 3 is_stmt 1 view .LVU302
 136:../../Model/STM32N6570-DK/stai_network.c ****   {
 946              		.loc 1 136 3 view .LVU303
 136:../../Model/STM32N6570-DK/stai_network.c ****   {
 947              		.loc 1 136 6 is_stmt 0 view .LVU304
 948 0064 28B1     		cbz	r0, .L127
 949              	.L126:
 136:../../Model/STM32N6570-DK/stai_network.c ****   {
ARM GAS  /tmp/ccYuK7WA.s 			page 40


 950              		.loc 1 136 6 view .LVU305
 951 0066 0446     		mov	r4, r0
 952              	.LVL88:
 136:../../Model/STM32N6570-DK/stai_network.c ****   {
 953              		.loc 1 136 6 view .LVU306
 954 0068 3946     		mov	r1, r7
 955              	.LVL89:
 956              	.L128:
 957              	.LBB34:
 138:../../Model/STM32N6570-DK/stai_network.c ****     {
 958              		.loc 1 138 56 is_stmt 1 discriminator 1 view .LVU307
 959 006a 2368     		ldr	r3, [r4]
 960 006c 1BB9     		cbnz	r3, .L134
 961              	.LBE34:
 160:../../Model/STM32N6570-DK/stai_network.c ****   }
 962              		.loc 1 160 5 view .LVU308
 160:../../Model/STM32N6570-DK/stai_network.c ****   }
 963              		.loc 1 160 5 view .LVU309
 160:../../Model/STM32N6570-DK/stai_network.c ****   }
 964              		.loc 1 160 5 view .LVU310
 160:../../Model/STM32N6570-DK/stai_network.c ****   }
 965              		.loc 1 160 86 view .LVU311
 163:../../Model/STM32N6570-DK/stai_network.c ****   {
 966              		.loc 1 163 3 view .LVU312
 165:../../Model/STM32N6570-DK/stai_network.c ****   }
 967              		.loc 1 165 5 view .LVU313
 165:../../Model/STM32N6570-DK/stai_network.c ****   }
 968              		.loc 1 165 5 view .LVU314
 165:../../Model/STM32N6570-DK/stai_network.c ****   }
 969              		.loc 1 165 5 view .LVU315
 165:../../Model/STM32N6570-DK/stai_network.c ****   }
 970              		.loc 1 165 45 view .LVU316
 169:../../Model/STM32N6570-DK/stai_network.c ****   }
 971              		.loc 1 169 5 view .LVU317
 169:../../Model/STM32N6570-DK/stai_network.c ****   }
 972              		.loc 1 169 5 view .LVU318
 169:../../Model/STM32N6570-DK/stai_network.c ****   }
 973              		.loc 1 169 5 view .LVU319
 169:../../Model/STM32N6570-DK/stai_network.c ****   }
 974              		.loc 1 169 53 view .LVU320
 174:../../Model/STM32N6570-DK/stai_network.c ****   {
 975              		.loc 1 174 3 view .LVU321
 174:../../Model/STM32N6570-DK/stai_network.c ****   {
 976              		.loc 1 174 6 is_stmt 0 view .LVU322
 977 006e 002E     		cmp	r6, #0
 978 0070 F2D1     		bne	.L135
 979              	.LVL90:
 980              	.L127:
 180:../../Model/STM32N6570-DK/stai_network.c ****   }
 981              		.loc 1 180 5 is_stmt 1 view .LVU323
 982 0072 5E23     		movs	r3, #94
 983 0074 F1E7     		b	.L136
 984              	.LVL91:
 985              	.L134:
 986              	.LBB38:
 987              	.LBB35:
 140:../../Model/STM32N6570-DK/stai_network.c ****       STAI_ASSERT(!buffer_info->is_param); // may never happen
ARM GAS  /tmp/ccYuK7WA.s 			page 41


 988              		.loc 1 140 7 view .LVU324
 141:../../Model/STM32N6570-DK/stai_network.c ****       if (pointers)
 989              		.loc 1 141 7 view .LVU325
 141:../../Model/STM32N6570-DK/stai_network.c ****       if (pointers)
 990              		.loc 1 141 7 view .LVU326
 141:../../Model/STM32N6570-DK/stai_network.c ****       if (pointers)
 991              		.loc 1 141 7 view .LVU327
 141:../../Model/STM32N6570-DK/stai_network.c ****       if (pointers)
 992              		.loc 1 141 42 view .LVU328
 142:../../Model/STM32N6570-DK/stai_network.c ****       {
 993              		.loc 1 142 7 view .LVU329
 142:../../Model/STM32N6570-DK/stai_network.c ****       {
 994              		.loc 1 142 10 is_stmt 0 view .LVU330
 995 0076 BFB1     		cbz	r7, .L130
 144:../../Model/STM32N6570-DK/stai_network.c ****         {
 996              		.loc 1 144 9 is_stmt 1 view .LVU331
 144:../../Model/STM32N6570-DK/stai_network.c ****         {
 997              		.loc 1 144 12 is_stmt 0 view .LVU332
 998 0078 237D     		ldrb	r3, [r4, #20]	@ zero_extendqisi2
 999 007a 8BB1     		cbz	r3, .L131
 146:../../Model/STM32N6570-DK/stai_network.c ****           pointers[cnt] = LL_Buffer_addr_start(buffer_info); // user allocated buffers are saved wi
 1000              		.loc 1 146 11 is_stmt 1 view .LVU333
 1001 007c A368     		ldr	r3, [r4, #8]
 1002 007e 2BB1     		cbz	r3, .L132
 146:../../Model/STM32N6570-DK/stai_network.c ****           pointers[cnt] = LL_Buffer_addr_start(buffer_info); // user allocated buffers are saved wi
 1003              		.loc 1 146 11 is_stmt 0 discriminator 1 view .LVU334
 1004 0080 9221     		movs	r1, #146
 1005 0082 0D4B     		ldr	r3, .L150+8
 1006 0084 0D4A     		ldr	r2, .L150+12
 1007              	.L149:
 146:../../Model/STM32N6570-DK/stai_network.c ****           pointers[cnt] = LL_Buffer_addr_start(buffer_info); // user allocated buffers are saved wi
 1008              		.loc 1 146 11 discriminator 1 view .LVU335
 1009              	.LBE35:
 1010              	.LBE38:
 1011              	.LBB39:
 1012              	.LBB40:
 1013              	.LBB41:
 1014              	.LBB42:
 148:../../Model/STM32N6570-DK/stai_network.c ****         }
 1015              		.loc 1 148 11 discriminator 1 view .LVU336
 1016 0086 0E48     		ldr	r0, .L150+16
 1017 0088 FFF7FEFF 		bl	__assert_func
 1018              	.LVL92:
 1019              	.L132:
 148:../../Model/STM32N6570-DK/stai_network.c ****         }
 1020              		.loc 1 148 11 discriminator 1 view .LVU337
 1021              	.LBE42:
 1022              	.LBE41:
 1023              	.LBE40:
 1024              	.LBE39:
 1025              	.LBB46:
 1026              	.LBB36:
 147:../../Model/STM32N6570-DK/stai_network.c ****           LL_ATON_ASSERT(((uintptr_t)pointers[cnt] % STAI_CACHE_USER_BUFFER_ALIGNMENT) == 0);
 1027              		.loc 1 147 11 is_stmt 1 view .LVU338
 147:../../Model/STM32N6570-DK/stai_network.c ****           LL_ATON_ASSERT(((uintptr_t)pointers[cnt] % STAI_CACHE_USER_BUFFER_ALIGNMENT) == 0);
 1028              		.loc 1 147 27 is_stmt 0 view .LVU339
 1029 008c 2046     		mov	r0, r4
ARM GAS  /tmp/ccYuK7WA.s 			page 42


 1030 008e FFF7FEFF 		bl	LL_Buffer_addr_start
 1031              	.LVL93:
 148:../../Model/STM32N6570-DK/stai_network.c ****         }
 1032              		.loc 1 148 11 view .LVU340
 1033 0092 C306     		lsls	r3, r0, #27
 147:../../Model/STM32N6570-DK/stai_network.c ****           LL_ATON_ASSERT(((uintptr_t)pointers[cnt] % STAI_CACHE_USER_BUFFER_ALIGNMENT) == 0);
 1034              		.loc 1 147 25 discriminator 1 view .LVU341
 1035 0094 0860     		str	r0, [r1]
 148:../../Model/STM32N6570-DK/stai_network.c ****         }
 1036              		.loc 1 148 11 is_stmt 1 view .LVU342
 1037 0096 07D0     		beq	.L130
 1038              	.LBE36:
 1039              	.LBE46:
 1040              	.LBB47:
 1041              	.LBI39:
 109:../../Model/STM32N6570-DK/stai_network.c ****                                                                                                stai
 1042              		.loc 1 109 32 view .LVU343
 1043              	.LVL94:
 1044              	.LBB45:
 1045              	.LBB44:
 1046              	.LBB43:
 148:../../Model/STM32N6570-DK/stai_network.c ****         }
 1047              		.loc 1 148 11 is_stmt 0 discriminator 1 view .LVU344
 1048 0098 9421     		movs	r1, #148
 1049 009a 0A4B     		ldr	r3, .L150+20
 1050 009c 074A     		ldr	r2, .L150+12
 1051 009e F2E7     		b	.L149
 1052              	.LVL95:
 1053              	.L131:
 148:../../Model/STM32N6570-DK/stai_network.c ****         }
 1054              		.loc 1 148 11 discriminator 1 view .LVU345
 1055              	.LBE43:
 1056              	.LBE44:
 1057              	.LBE45:
 1058              	.LBE47:
 1059              	.LBB48:
 1060              	.LBB37:
 152:../../Model/STM32N6570-DK/stai_network.c ****         }
 1061              		.loc 1 152 11 is_stmt 1 view .LVU346
 152:../../Model/STM32N6570-DK/stai_network.c ****         }
 1062              		.loc 1 152 27 is_stmt 0 view .LVU347
 1063 00a0 2046     		mov	r0, r4
 1064 00a2 FFF7FEFF 		bl	LL_Buffer_addr_start
 1065              	.LVL96:
 152:../../Model/STM32N6570-DK/stai_network.c ****         }
 1066              		.loc 1 152 25 discriminator 1 view .LVU348
 1067 00a6 0860     		str	r0, [r1]
 1068              	.L130:
 155:../../Model/STM32N6570-DK/stai_network.c ****     }
 1069              		.loc 1 155 7 is_stmt 1 view .LVU349
 1070              	.LVL97:
 155:../../Model/STM32N6570-DK/stai_network.c ****     }
 1071              		.loc 1 155 7 is_stmt 0 view .LVU350
 1072              	.LBE37:
 138:../../Model/STM32N6570-DK/stai_network.c ****     {
 1073              		.loc 1 138 68 is_stmt 1 discriminator 2 view .LVU351
 138:../../Model/STM32N6570-DK/stai_network.c ****     {
ARM GAS  /tmp/ccYuK7WA.s 			page 43


 1074              		.loc 1 138 68 is_stmt 0 discriminator 2 view .LVU352
 1075 00a8 3834     		adds	r4, r4, #56
 1076              	.LVL98:
 138:../../Model/STM32N6570-DK/stai_network.c ****     {
 1077              		.loc 1 138 68 discriminator 2 view .LVU353
 1078 00aa 0431     		adds	r1, r1, #4
 1079 00ac DDE7     		b	.L128
 1080              	.L151:
 1081 00ae 00BF     		.align	2
 1082              	.L150:
 1083 00b0 00000000 		.word	NN_Interface_network
 1084 00b4 01000200 		.word	131073
 1085 00b8 00000000 		.word	.LC0
 1086 00bc 00000000 		.word	__func__.2
 1087 00c0 1F000000 		.word	.LC1
 1088 00c4 00000000 		.word	.LC4
 1089              	.LBE48:
 1090              		.cfi_endproc
 1091              	.LFE320:
 1093              		.section	.text.__ll_aton_stai_network_get_inputs_or_weights,"ax",%progbits
 1094              		.align	1
 1095              		.syntax unified
 1096              		.thumb
 1097              		.thumb_func
 1099              	__ll_aton_stai_network_get_inputs_or_weights:
 1100              	.LVL99:
 1101              	.LFB319:
  42:../../Model/STM32N6570-DK/stai_network.c ****   __LL_ATON_STAI_ACQUIRE_INTERFACE(nn_i_ptr, network);
 1102              		.loc 1 42 1 is_stmt 1 view -0
 1103              		.cfi_startproc
 1104              		@ args = 0, pretend = 0, frame = 8
 1105              		@ frame_needed = 0, uses_anonymous_args = 0
  42:../../Model/STM32N6570-DK/stai_network.c ****   __LL_ATON_STAI_ACQUIRE_INTERFACE(nn_i_ptr, network);
 1106              		.loc 1 42 1 is_stmt 0 view .LVU355
 1107 0000 2DE9F341 		push	{r0, r1, r4, r5, r6, r7, r8, lr}
 1108              		.cfi_def_cfa_offset 32
 1109              		.cfi_offset 4, -24
 1110              		.cfi_offset 5, -20
 1111              		.cfi_offset 6, -16
 1112              		.cfi_offset 7, -12
 1113              		.cfi_offset 8, -8
 1114              		.cfi_offset 14, -4
  43:../../Model/STM32N6570-DK/stai_network.c ****   __LL_ATON_STAI_CHECK_NETWORK_INTERFACE(nn_i_ptr, (_stai_aton_context *)network);
 1115              		.loc 1 43 3 view .LVU356
 1116 0004 0025     		movs	r5, #0
  42:../../Model/STM32N6570-DK/stai_network.c ****   __LL_ATON_STAI_ACQUIRE_INTERFACE(nn_i_ptr, network);
 1117              		.loc 1 42 1 view .LVU357
 1118 0006 0E46     		mov	r6, r1
  43:../../Model/STM32N6570-DK/stai_network.c ****   __LL_ATON_STAI_CHECK_NETWORK_INTERFACE(nn_i_ptr, (_stai_aton_context *)network);
 1119              		.loc 1 43 3 view .LVU358
 1120 0008 01A9     		add	r1, sp, #4
 1121              	.LVL100:
  42:../../Model/STM32N6570-DK/stai_network.c ****   __LL_ATON_STAI_ACQUIRE_INTERFACE(nn_i_ptr, network);
 1122              		.loc 1 42 1 view .LVU359
 1123 000a 0446     		mov	r4, r0
 1124 000c 9846     		mov	r8, r3
  43:../../Model/STM32N6570-DK/stai_network.c ****   __LL_ATON_STAI_CHECK_NETWORK_INTERFACE(nn_i_ptr, (_stai_aton_context *)network);
ARM GAS  /tmp/ccYuK7WA.s 			page 44


 1125              		.loc 1 43 3 view .LVU360
 1126 000e 0195     		str	r5, [sp, #4]
 1127 0010 FFF7FEFF 		bl	__ll_aton_stai_check_context_network_handle.constprop.0
 1128              	.LVL101:
  43:../../Model/STM32N6570-DK/stai_network.c ****   __LL_ATON_STAI_CHECK_NETWORK_INTERFACE(nn_i_ptr, (_stai_aton_context *)network);
 1129              		.loc 1 43 3 discriminator 1 view .LVU361
 1130 0014 B0F5003F 		cmp	r0, #131072
  42:../../Model/STM32N6570-DK/stai_network.c ****   __LL_ATON_STAI_ACQUIRE_INTERFACE(nn_i_ptr, network);
 1131              		.loc 1 42 1 view .LVU362
 1132 0018 1746     		mov	r7, r2
  43:../../Model/STM32N6570-DK/stai_network.c ****   __LL_ATON_STAI_CHECK_NETWORK_INTERFACE(nn_i_ptr, (_stai_aton_context *)network);
 1133              		.loc 1 43 3 is_stmt 1 view .LVU363
  43:../../Model/STM32N6570-DK/stai_network.c ****   __LL_ATON_STAI_CHECK_NETWORK_INTERFACE(nn_i_ptr, (_stai_aton_context *)network);
 1134              		.loc 1 43 3 view .LVU364
 1135              	.LVL102:
  43:../../Model/STM32N6570-DK/stai_network.c ****   __LL_ATON_STAI_CHECK_NETWORK_INTERFACE(nn_i_ptr, (_stai_aton_context *)network);
 1136              		.loc 1 43 3 discriminator 1 view .LVU365
 1137 001a 0BD2     		bcs	.L153
  43:../../Model/STM32N6570-DK/stai_network.c ****   __LL_ATON_STAI_CHECK_NETWORK_INTERFACE(nn_i_ptr, (_stai_aton_context *)network);
 1138              		.loc 1 43 54 view .LVU366
  44:../../Model/STM32N6570-DK/stai_network.c **** 
 1139              		.loc 1 44 3 view .LVU367
  44:../../Model/STM32N6570-DK/stai_network.c **** 
 1140              		.loc 1 44 3 view .LVU368
 1141 001c 264B     		ldr	r3, .L180
 1142 001e 019A     		ldr	r2, [sp, #4]
 1143              	.LVL103:
  44:../../Model/STM32N6570-DK/stai_network.c **** 
 1144              		.loc 1 44 3 is_stmt 0 view .LVU369
 1145 0020 9A42     		cmp	r2, r3
 1146 0022 0CD0     		beq	.L154
  44:../../Model/STM32N6570-DK/stai_network.c **** 
 1147              		.loc 1 44 3 is_stmt 1 discriminator 1 view .LVU370
  44:../../Model/STM32N6570-DK/stai_network.c **** 
 1148              		.loc 1 44 3 discriminator 1 view .LVU371
 1149 0024 34B1     		cbz	r4, .L153
  44:../../Model/STM32N6570-DK/stai_network.c **** 
 1150              		.loc 1 44 3 discriminator 3 view .LVU372
 1151 0026 E36B     		ldr	r3, [r4, #60]
 1152 0028 B3F5003F 		cmp	r3, #131072
  44:../../Model/STM32N6570-DK/stai_network.c **** 
 1153              		.loc 1 44 3 discriminator 4 view .LVU373
 1154 002c 3CBF     		itt	cc
 1155 002e 4FF44033 		movcc	r3, #196608
 1156 0032 E363     		strcc	r3, [r4, #60]
 1157              	.L153:
  43:../../Model/STM32N6570-DK/stai_network.c ****   __LL_ATON_STAI_CHECK_NETWORK_INTERFACE(nn_i_ptr, (_stai_aton_context *)network);
 1158              		.loc 1 43 3 is_stmt 0 discriminator 1 view .LVU374
 1159 0034 4FF44030 		mov	r0, #196608
 1160              	.LVL104:
 1161              	.L152:
 107:../../Model/STM32N6570-DK/stai_network.c **** 
 1162              		.loc 1 107 1 view .LVU375
 1163 0038 02B0     		add	sp, sp, #8
 1164              		.cfi_remember_state
 1165              		.cfi_def_cfa_offset 24
 1166              		@ sp needed
ARM GAS  /tmp/ccYuK7WA.s 			page 45


 1167 003a BDE8F081 		pop	{r4, r5, r6, r7, r8, pc}
 1168              	.LVL105:
 1169              	.L154:
 1170              		.cfi_restore_state
  44:../../Model/STM32N6570-DK/stai_network.c **** 
 1171              		.loc 1 44 3 is_stmt 1 view .LVU376
  44:../../Model/STM32N6570-DK/stai_network.c **** 
 1172              		.loc 1 44 3 view .LVU377
  47:../../Model/STM32N6570-DK/stai_network.c ****     __LL_ATON_STAI_SET_1ST_CTX_ERROR_AND_RETURN((_stai_aton_context *)network,
 1173              		.loc 1 47 3 view .LVU378
  47:../../Model/STM32N6570-DK/stai_network.c ****     __LL_ATON_STAI_SET_1ST_CTX_ERROR_AND_RETURN((_stai_aton_context *)network,
 1174              		.loc 1 47 6 is_stmt 0 view .LVU379
 1175 003e 4FB9     		cbnz	r7, .L156
  48:../../Model/STM32N6570-DK/stai_network.c ****                                                 STAI_ERROR_NETWORK_INVALID_API_ARGUMENTS);
 1176              		.loc 1 48 5 is_stmt 1 view .LVU380
  48:../../Model/STM32N6570-DK/stai_network.c ****                                                 STAI_ERROR_NETWORK_INVALID_API_ARGUMENTS);
 1177              		.loc 1 48 5 view .LVU381
 1178 0040 002C     		cmp	r4, #0
 1179 0042 F7D0     		beq	.L153
  48:../../Model/STM32N6570-DK/stai_network.c ****                                                 STAI_ERROR_NETWORK_INVALID_API_ARGUMENTS);
 1180              		.loc 1 48 5 discriminator 2 view .LVU382
 1181 0044 E36B     		ldr	r3, [r4, #60]
 1182 0046 B3F5003F 		cmp	r3, #131072
 1183 004a 01D2     		bcs	.L157
  48:../../Model/STM32N6570-DK/stai_network.c ****                                                 STAI_ERROR_NETWORK_INVALID_API_ARGUMENTS);
 1184              		.loc 1 48 5 discriminator 3 view .LVU383
 1185 004c 1B4B     		ldr	r3, .L180+4
 1186 004e E363     		str	r3, [r4, #60]
 1187              	.L157:
  48:../../Model/STM32N6570-DK/stai_network.c ****                                                 STAI_ERROR_NETWORK_INVALID_API_ARGUMENTS);
 1188              		.loc 1 48 5 is_stmt 0 discriminator 5 view .LVU384
 1189 0050 1A48     		ldr	r0, .L180+4
 1190              	.LVL106:
  48:../../Model/STM32N6570-DK/stai_network.c ****                                                 STAI_ERROR_NETWORK_INVALID_API_ARGUMENTS);
 1191              		.loc 1 48 5 discriminator 5 view .LVU385
 1192 0052 F1E7     		b	.L152
 1193              	.LVL107:
 1194              	.L156:
  48:../../Model/STM32N6570-DK/stai_network.c ****                                                 STAI_ERROR_NETWORK_INVALID_API_ARGUMENTS);
 1195              		.loc 1 48 5 is_stmt 1 view .LVU386
  52:../../Model/STM32N6570-DK/stai_network.c **** 
 1196              		.loc 1 52 3 view .LVU387
  52:../../Model/STM32N6570-DK/stai_network.c **** 
 1197              		.loc 1 52 48 is_stmt 0 view .LVU388
 1198 0054 FFF7FEFF 		bl	LL_ATON_Input_Buffers_Info_network
 1199              	.LVL108:
  55:../../Model/STM32N6570-DK/stai_network.c ****   if (input_buffers != NULL)
 1200              		.loc 1 55 3 is_stmt 1 view .LVU389
  56:../../Model/STM32N6570-DK/stai_network.c ****   {
 1201              		.loc 1 56 3 view .LVU390
  56:../../Model/STM32N6570-DK/stai_network.c ****   {
 1202              		.loc 1 56 6 is_stmt 0 view .LVU391
 1203 0058 0446     		mov	r4, r0
 1204              	.LVL109:
  56:../../Model/STM32N6570-DK/stai_network.c ****   {
 1205              		.loc 1 56 6 view .LVU392
 1206 005a A8B9     		cbnz	r0, .L159
ARM GAS  /tmp/ccYuK7WA.s 			page 46


 1207              	.LVL110:
 1208              	.L158:
  83:../../Model/STM32N6570-DK/stai_network.c ****   }
 1209              		.loc 1 83 5 is_stmt 1 view .LVU393
  83:../../Model/STM32N6570-DK/stai_network.c ****   }
 1210              		.loc 1 83 5 view .LVU394
  83:../../Model/STM32N6570-DK/stai_network.c ****   }
 1211              		.loc 1 83 5 view .LVU395
  83:../../Model/STM32N6570-DK/stai_network.c ****   }
 1212              		.loc 1 83 80 view .LVU396
  86:../../Model/STM32N6570-DK/stai_network.c ****   {
 1213              		.loc 1 86 3 view .LVU397
  88:../../Model/STM32N6570-DK/stai_network.c ****   }
 1214              		.loc 1 88 5 view .LVU398
  88:../../Model/STM32N6570-DK/stai_network.c ****   }
 1215              		.loc 1 88 5 view .LVU399
  88:../../Model/STM32N6570-DK/stai_network.c ****   }
 1216              		.loc 1 88 5 view .LVU400
  88:../../Model/STM32N6570-DK/stai_network.c ****   }
 1217              		.loc 1 88 44 view .LVU401
  92:../../Model/STM32N6570-DK/stai_network.c ****   }
 1218              		.loc 1 92 5 view .LVU402
  92:../../Model/STM32N6570-DK/stai_network.c ****   }
 1219              		.loc 1 92 5 view .LVU403
  92:../../Model/STM32N6570-DK/stai_network.c ****   }
 1220              		.loc 1 92 5 view .LVU404
  92:../../Model/STM32N6570-DK/stai_network.c ****   }
 1221              		.loc 1 92 49 view .LVU405
  97:../../Model/STM32N6570-DK/stai_network.c ****   {
 1222              		.loc 1 97 3 view .LVU406
 106:../../Model/STM32N6570-DK/stai_network.c **** }
 1223              		.loc 1 106 10 is_stmt 0 view .LVU407
 1224 005c 0020     		movs	r0, #0
  97:../../Model/STM32N6570-DK/stai_network.c ****   {
 1225              		.loc 1 97 6 view .LVU408
 1226 005e C7F80080 		str	r8, [r7]
 1227 0062 E9E7     		b	.L152
 1228              	.LVL111:
 1229              	.L164:
 1230              	.LBB55:
 1231              	.LBB56:
  69:../../Model/STM32N6570-DK/stai_network.c ****             LL_ATON_ASSERT(((uintptr_t)pointers[cnt] % STAI_CACHE_USER_BUFFER_ALIGNMENT) == 0);
 1232              		.loc 1 69 13 is_stmt 1 view .LVU409
  69:../../Model/STM32N6570-DK/stai_network.c ****             LL_ATON_ASSERT(((uintptr_t)pointers[cnt] % STAI_CACHE_USER_BUFFER_ALIGNMENT) == 0);
 1233              		.loc 1 69 29 is_stmt 0 view .LVU410
 1234 0064 2046     		mov	r0, r4
 1235 0066 FFF7FEFF 		bl	LL_Buffer_addr_start
 1236              	.LVL112:
  70:../../Model/STM32N6570-DK/stai_network.c ****           }
 1237              		.loc 1 70 13 view .LVU411
 1238 006a C306     		lsls	r3, r0, #27
  69:../../Model/STM32N6570-DK/stai_network.c ****             LL_ATON_ASSERT(((uintptr_t)pointers[cnt] % STAI_CACHE_USER_BUFFER_ALIGNMENT) == 0);
 1239              		.loc 1 69 27 discriminator 1 view .LVU412
 1240 006c 46F82500 		str	r0, [r6, r5, lsl #2]
  70:../../Model/STM32N6570-DK/stai_network.c ****           }
 1241              		.loc 1 70 13 is_stmt 1 view .LVU413
 1242 0070 08D0     		beq	.L162
ARM GAS  /tmp/ccYuK7WA.s 			page 47


  70:../../Model/STM32N6570-DK/stai_network.c ****           }
 1243              		.loc 1 70 13 is_stmt 0 view .LVU414
 1244              	.LBE56:
 1245              	.LBE55:
 1246              	.LBB59:
 1247              	.LBI59:
  38:../../Model/STM32N6570-DK/stai_network.c ****                                                                                           stai_ptr 
 1248              		.loc 1 38 32 is_stmt 1 view .LVU415
 1249              	.LVL113:
 1250              	.LBB60:
 1251              	.LBB61:
 1252              	.LBB62:
  70:../../Model/STM32N6570-DK/stai_network.c ****           }
 1253              		.loc 1 70 13 is_stmt 0 discriminator 1 view .LVU416
 1254 0072 4621     		movs	r1, #70
 1255 0074 124B     		ldr	r3, .L180+8
 1256 0076 134A     		ldr	r2, .L180+12
 1257 0078 1AE0     		b	.L179
 1258              	.LVL114:
 1259              	.L163:
  70:../../Model/STM32N6570-DK/stai_network.c ****           }
 1260              		.loc 1 70 13 discriminator 1 view .LVU417
 1261              	.LBE62:
 1262              	.LBE61:
 1263              	.LBE60:
 1264              	.LBE59:
 1265              	.LBB66:
 1266              	.LBB57:
  74:../../Model/STM32N6570-DK/stai_network.c ****           }
 1267              		.loc 1 74 13 is_stmt 1 view .LVU418
  74:../../Model/STM32N6570-DK/stai_network.c ****           }
 1268              		.loc 1 74 29 is_stmt 0 view .LVU419
 1269 007a 2046     		mov	r0, r4
 1270 007c FFF7FEFF 		bl	LL_Buffer_addr_start
 1271              	.LVL115:
  74:../../Model/STM32N6570-DK/stai_network.c ****           }
 1272              		.loc 1 74 27 discriminator 1 view .LVU420
 1273 0080 46F82500 		str	r0, [r6, r5, lsl #2]
 1274              	.L162:
  77:../../Model/STM32N6570-DK/stai_network.c ****       }
 1275              		.loc 1 77 9 is_stmt 1 view .LVU421
  77:../../Model/STM32N6570-DK/stai_network.c ****       }
 1276              		.loc 1 77 12 is_stmt 0 view .LVU422
 1277 0084 0135     		adds	r5, r5, #1
 1278              	.LVL116:
 1279              	.L160:
  77:../../Model/STM32N6570-DK/stai_network.c ****       }
 1280              		.loc 1 77 12 view .LVU423
 1281              	.LBE57:
  58:../../Model/STM32N6570-DK/stai_network.c ****     {
 1282              		.loc 1 58 64 is_stmt 1 discriminator 2 view .LVU424
 1283 0086 3834     		adds	r4, r4, #56
 1284              	.LVL117:
 1285              	.L159:
  58:../../Model/STM32N6570-DK/stai_network.c ****     {
 1286              		.loc 1 58 52 discriminator 1 view .LVU425
 1287 0088 2368     		ldr	r3, [r4]
ARM GAS  /tmp/ccYuK7WA.s 			page 48


 1288 008a 002B     		cmp	r3, #0
 1289 008c E6D0     		beq	.L158
 1290              	.LBB58:
  60:../../Model/STM32N6570-DK/stai_network.c ****       if (inputs == !buffer_info->is_param)
 1291              		.loc 1 60 7 view .LVU426
 1292              	.LVL118:
  61:../../Model/STM32N6570-DK/stai_network.c ****       {
 1293              		.loc 1 61 7 view .LVU427
  61:../../Model/STM32N6570-DK/stai_network.c ****       {
 1294              		.loc 1 61 21 is_stmt 0 view .LVU428
 1295 008e 617D     		ldrb	r1, [r4, #21]	@ zero_extendqisi2
  61:../../Model/STM32N6570-DK/stai_network.c ****       {
 1296              		.loc 1 61 10 view .LVU429
 1297 0090 B1FA81F1 		clz	r1, r1
 1298 0094 4909     		lsrs	r1, r1, #5
 1299 0096 4145     		cmp	r1, r8
 1300 0098 F5D1     		bne	.L160
  63:../../Model/STM32N6570-DK/stai_network.c ****         {
 1301              		.loc 1 63 9 is_stmt 1 view .LVU430
  63:../../Model/STM32N6570-DK/stai_network.c ****         {
 1302              		.loc 1 63 12 is_stmt 0 view .LVU431
 1303 009a 002E     		cmp	r6, #0
 1304 009c F2D0     		beq	.L162
  65:../../Model/STM32N6570-DK/stai_network.c ****           {
 1305              		.loc 1 65 11 is_stmt 1 view .LVU432
  65:../../Model/STM32N6570-DK/stai_network.c ****           {
 1306              		.loc 1 65 14 is_stmt 0 view .LVU433
 1307 009e 237D     		ldrb	r3, [r4, #20]	@ zero_extendqisi2
 1308 00a0 002B     		cmp	r3, #0
 1309 00a2 EAD0     		beq	.L163
  67:../../Model/STM32N6570-DK/stai_network.c ****                            0); // user allocated buffers always have an offset equal to zero
 1310              		.loc 1 67 13 is_stmt 1 view .LVU434
 1311 00a4 A368     		ldr	r3, [r4, #8]
 1312 00a6 002B     		cmp	r3, #0
 1313 00a8 DCD0     		beq	.L164
  67:../../Model/STM32N6570-DK/stai_network.c ****                            0); // user allocated buffers always have an offset equal to zero
 1314              		.loc 1 67 13 is_stmt 0 discriminator 1 view .LVU435
 1315 00aa 4321     		movs	r1, #67
 1316 00ac 064B     		ldr	r3, .L180+16
 1317 00ae 054A     		ldr	r2, .L180+12
 1318              	.L179:
 1319              	.LBE58:
 1320              	.LBE66:
 1321              	.LBB67:
 1322              	.LBB65:
 1323              	.LBB64:
 1324              	.LBB63:
  70:../../Model/STM32N6570-DK/stai_network.c ****           }
 1325              		.loc 1 70 13 discriminator 1 view .LVU436
 1326 00b0 0648     		ldr	r0, .L180+20
 1327 00b2 FFF7FEFF 		bl	__assert_func
 1328              	.LVL119:
 1329              	.L181:
 1330 00b6 00BF     		.align	2
 1331              	.L180:
 1332 00b8 00000000 		.word	NN_Interface_network
 1333 00bc 01000200 		.word	131073
ARM GAS  /tmp/ccYuK7WA.s 			page 49


 1334 00c0 00000000 		.word	.LC4
 1335 00c4 00000000 		.word	__func__.3
 1336 00c8 00000000 		.word	.LC0
 1337 00cc 1F000000 		.word	.LC1
 1338              	.LBE63:
 1339              	.LBE64:
 1340              	.LBE65:
 1341              	.LBE67:
 1342              		.cfi_endproc
 1343              	.LFE319:
 1345              		.section	.text.stai_network_init,"ax",%progbits
 1346              		.align	1
 1347              		.global	stai_network_init
 1348              		.syntax unified
 1349              		.thumb
 1350              		.thumb_func
 1352              	stai_network_init:
 1353              	.LVL120:
 1354              	.LFB323:
 355:../../Model/STM32N6570-DK/stai_network.c **** 
 356:../../Model/STM32N6570-DK/stai_network.c **** /*****************************************************************************/
 357:../../Model/STM32N6570-DK/stai_network.c **** /*  Network management APIs  */
 358:../../Model/STM32N6570-DK/stai_network.c **** STAI_API_ENTRY
 359:../../Model/STM32N6570-DK/stai_network.c **** stai_return_code stai_network_init(stai_network *network)
 360:../../Model/STM32N6570-DK/stai_network.c **** {
 1355              		.loc 1 360 1 is_stmt 1 view -0
 1356              		.cfi_startproc
 1357              		@ args = 0, pretend = 0, frame = 0
 1358              		@ frame_needed = 0, uses_anonymous_args = 0
 361:../../Model/STM32N6570-DK/stai_network.c ****   /* check context handle */
 362:../../Model/STM32N6570-DK/stai_network.c ****   if (!network)
 1359              		.loc 1 362 3 view .LVU438
 360:../../Model/STM32N6570-DK/stai_network.c ****   /* check context handle */
 1360              		.loc 1 360 1 is_stmt 0 view .LVU439
 1361 0000 10B5     		push	{r4, lr}
 1362              		.cfi_def_cfa_offset 8
 1363              		.cfi_offset 4, -8
 1364              		.cfi_offset 14, -4
 1365              		.loc 1 362 6 view .LVU440
 1366 0002 40B1     		cbz	r0, .L183
 363:../../Model/STM32N6570-DK/stai_network.c ****     return STAI_ERROR_NETWORK_INVALID_CONTEXT_HANDLE;
 364:../../Model/STM32N6570-DK/stai_network.c **** 
 365:../../Model/STM32N6570-DK/stai_network.c ****   _stai_aton_context *ctx = (_stai_aton_context *)network;
 1367              		.loc 1 365 3 is_stmt 1 view .LVU441
 1368              	.LVL121:
 366:../../Model/STM32N6570-DK/stai_network.c ****   if (ctx->network_instance.network != NULL) // already initialized
 1369              		.loc 1 366 3 view .LVU442
 1370              		.loc 1 366 6 is_stmt 0 view .LVU443
 1371 0004 0468     		ldr	r4, [r0]
 1372 0006 4CB1     		cbz	r4, .L184
 367:../../Model/STM32N6570-DK/stai_network.c ****     __LL_ATON_STAI_SET_1ST_CTX_ERROR_AND_RETURN(ctx, STAI_ERROR_NETWORK_INVALID_CONTEXT_HANDLE);
 1373              		.loc 1 367 5 is_stmt 1 view .LVU444
 1374              		.loc 1 367 5 view .LVU445
 1375              		.loc 1 367 5 discriminator 2 view .LVU446
 1376 0008 C26B     		ldr	r2, [r0, #60]
 1377 000a B2F5003F 		cmp	r2, #131072
 1378              		.loc 1 367 5 discriminator 3 view .LVU447
ARM GAS  /tmp/ccYuK7WA.s 			page 50


 1379 000e 3CBF     		itt	cc
 1380 0010 4FF44032 		movcc	r2, #196608
 1381 0014 C263     		strcc	r2, [r0, #60]
 1382              	.LVL122:
 1383              	.L183:
 363:../../Model/STM32N6570-DK/stai_network.c ****     return STAI_ERROR_NETWORK_INVALID_CONTEXT_HANDLE;
 1384              		.loc 1 363 12 is_stmt 0 view .LVU448
 1385 0016 4FF44030 		mov	r0, #196608
 1386              	.LVL123:
 1387              	.L182:
 368:../../Model/STM32N6570-DK/stai_network.c **** 
 369:../../Model/STM32N6570-DK/stai_network.c ****   ctx->network_instance.network = (const NN_Interface_TypeDef *)&NN_Interface_network;
 370:../../Model/STM32N6570-DK/stai_network.c ****   ctx->exec_status = STAI_SUCCESS;
 371:../../Model/STM32N6570-DK/stai_network.c ****   ctx->first_error = STAI_SUCCESS;
 372:../../Model/STM32N6570-DK/stai_network.c **** 
 373:../../Model/STM32N6570-DK/stai_network.c ****   __ll_aton_stai_init_network_instance(ctx);
 374:../../Model/STM32N6570-DK/stai_network.c **** 
 375:../../Model/STM32N6570-DK/stai_network.c ****   return STAI_SUCCESS;
 376:../../Model/STM32N6570-DK/stai_network.c **** }
 1388              		.loc 1 376 1 view .LVU449
 1389 001a 10BD     		pop	{r4, pc}
 1390              	.LVL124:
 1391              	.L184:
 367:../../Model/STM32N6570-DK/stai_network.c ****     __LL_ATON_STAI_SET_1ST_CTX_ERROR_AND_RETURN(ctx, STAI_ERROR_NETWORK_INVALID_CONTEXT_HANDLE);
 1392              		.loc 1 367 5 is_stmt 1 view .LVU450
 369:../../Model/STM32N6570-DK/stai_network.c ****   ctx->exec_status = STAI_SUCCESS;
 1393              		.loc 1 369 3 view .LVU451
 369:../../Model/STM32N6570-DK/stai_network.c ****   ctx->exec_status = STAI_SUCCESS;
 1394              		.loc 1 369 33 is_stmt 0 view .LVU452
 1395 001c 034A     		ldr	r2, .L189
 371:../../Model/STM32N6570-DK/stai_network.c **** 
 1396              		.loc 1 371 20 view .LVU453
 1397 001e C0E90E44 		strd	r4, r4, [r0, #56]
 369:../../Model/STM32N6570-DK/stai_network.c ****   ctx->exec_status = STAI_SUCCESS;
 1398              		.loc 1 369 33 view .LVU454
 1399 0022 0260     		str	r2, [r0]
 370:../../Model/STM32N6570-DK/stai_network.c ****   ctx->first_error = STAI_SUCCESS;
 1400              		.loc 1 370 3 is_stmt 1 view .LVU455
 373:../../Model/STM32N6570-DK/stai_network.c **** 
 1401              		.loc 1 373 3 view .LVU456
 1402 0024 FFF7FEFF 		bl	__ll_aton_stai_init_network_instance
 1403              	.LVL125:
 375:../../Model/STM32N6570-DK/stai_network.c **** }
 1404              		.loc 1 375 3 view .LVU457
 375:../../Model/STM32N6570-DK/stai_network.c **** }
 1405              		.loc 1 375 10 is_stmt 0 view .LVU458
 1406 0028 2046     		mov	r0, r4
 1407 002a F6E7     		b	.L182
 1408              	.L190:
 1409              		.align	2
 1410              	.L189:
 1411 002c 00000000 		.word	NN_Interface_network
 1412              		.cfi_endproc
 1413              	.LFE323:
 1415              		.section	.text.stai_network_deinit,"ax",%progbits
 1416              		.align	1
 1417              		.global	stai_network_deinit
ARM GAS  /tmp/ccYuK7WA.s 			page 51


 1418              		.syntax unified
 1419              		.thumb
 1420              		.thumb_func
 1422              	stai_network_deinit:
 1423              	.LVL126:
 1424              	.LFB324:
 377:../../Model/STM32N6570-DK/stai_network.c **** 
 378:../../Model/STM32N6570-DK/stai_network.c **** STAI_API_ENTRY
 379:../../Model/STM32N6570-DK/stai_network.c **** stai_return_code stai_network_deinit(stai_network *network)
 380:../../Model/STM32N6570-DK/stai_network.c **** {
 1425              		.loc 1 380 1 is_stmt 1 view -0
 1426              		.cfi_startproc
 1427              		@ args = 0, pretend = 0, frame = 8
 1428              		@ frame_needed = 0, uses_anonymous_args = 0
 381:../../Model/STM32N6570-DK/stai_network.c ****   __LL_ATON_STAI_ACQUIRE_INTERFACE(nn_i_ptr, network);
 1429              		.loc 1 381 3 view .LVU460
 1430 0000 0023     		movs	r3, #0
 380:../../Model/STM32N6570-DK/stai_network.c ****   __LL_ATON_STAI_ACQUIRE_INTERFACE(nn_i_ptr, network);
 1431              		.loc 1 380 1 is_stmt 0 view .LVU461
 1432 0002 37B5     		push	{r0, r1, r2, r4, r5, lr}
 1433              		.cfi_def_cfa_offset 24
 1434              		.cfi_offset 4, -12
 1435              		.cfi_offset 5, -8
 1436              		.cfi_offset 14, -4
 1437              		.loc 1 381 3 view .LVU462
 1438 0004 01A9     		add	r1, sp, #4
 380:../../Model/STM32N6570-DK/stai_network.c ****   __LL_ATON_STAI_ACQUIRE_INTERFACE(nn_i_ptr, network);
 1439              		.loc 1 380 1 view .LVU463
 1440 0006 0446     		mov	r4, r0
 1441              		.loc 1 381 3 view .LVU464
 1442 0008 0193     		str	r3, [sp, #4]
 1443              		.loc 1 381 3 is_stmt 1 view .LVU465
 1444 000a FFF7FEFF 		bl	__ll_aton_stai_check_context_network_handle.constprop.0
 1445              	.LVL127:
 1446              		.loc 1 381 3 discriminator 1 view .LVU466
 1447 000e B0F5003F 		cmp	r0, #131072
 1448 0012 0BD2     		bcs	.L192
 1449              		.loc 1 381 54 view .LVU467
 382:../../Model/STM32N6570-DK/stai_network.c ****   __LL_ATON_STAI_CHECK_NETWORK_INTERFACE(nn_i_ptr, (_stai_aton_context *)network);
 1450              		.loc 1 382 3 view .LVU468
 1451              		.loc 1 382 3 view .LVU469
 1452 0014 164B     		ldr	r3, .L206
 1453 0016 019A     		ldr	r2, [sp, #4]
 1454 0018 9A42     		cmp	r2, r3
 1455 001a 0BD0     		beq	.L193
 1456              		.loc 1 382 3 discriminator 1 view .LVU470
 1457              		.loc 1 382 3 discriminator 1 view .LVU471
 1458 001c 34B1     		cbz	r4, .L192
 1459              		.loc 1 382 3 discriminator 3 view .LVU472
 1460 001e E36B     		ldr	r3, [r4, #60]
 1461 0020 B3F5003F 		cmp	r3, #131072
 1462              		.loc 1 382 3 discriminator 4 view .LVU473
 1463 0024 3CBF     		itt	cc
 1464 0026 4FF44033 		movcc	r3, #196608
 1465 002a E363     		strcc	r3, [r4, #60]
 1466              	.L192:
 381:../../Model/STM32N6570-DK/stai_network.c ****   __LL_ATON_STAI_ACQUIRE_INTERFACE(nn_i_ptr, network);
ARM GAS  /tmp/ccYuK7WA.s 			page 52


 1467              		.loc 1 381 3 is_stmt 0 discriminator 1 view .LVU474
 1468 002c 4FF44030 		mov	r0, #196608
 1469              	.LVL128:
 1470              	.L191:
 383:../../Model/STM32N6570-DK/stai_network.c ****   _stai_aton_context *ctx = (_stai_aton_context *)network;
 384:../../Model/STM32N6570-DK/stai_network.c **** 
 385:../../Model/STM32N6570-DK/stai_network.c ****   if (ctx->exec_status != STAI_DONE && ctx->exec_status != STAI_SUCCESS)
 386:../../Model/STM32N6570-DK/stai_network.c ****   {
 387:../../Model/STM32N6570-DK/stai_network.c ****     __LL_ATON_STAI_SET_1ST_CTX_ERROR_AND_RETURN(ctx, STAI_ERROR_NETWORK_STILL_RUNNING);
 388:../../Model/STM32N6570-DK/stai_network.c ****   }
 389:../../Model/STM32N6570-DK/stai_network.c **** 
 390:../../Model/STM32N6570-DK/stai_network.c ****   __ll_aton_stai_deinit_network_instance(ctx);
 391:../../Model/STM32N6570-DK/stai_network.c **** 
 392:../../Model/STM32N6570-DK/stai_network.c ****   ctx->network_instance.network = NULL;
 393:../../Model/STM32N6570-DK/stai_network.c **** 
 394:../../Model/STM32N6570-DK/stai_network.c ****   ctx->callback = NULL;
 395:../../Model/STM32N6570-DK/stai_network.c ****   ctx->callback_cookie = NULL;
 396:../../Model/STM32N6570-DK/stai_network.c ****   LL_ATON_RT_SetNetworkCallback(&ctx->network_instance, NULL);
 397:../../Model/STM32N6570-DK/stai_network.c **** 
 398:../../Model/STM32N6570-DK/stai_network.c ****   ctx->exec_status = STAI_SUCCESS;
 399:../../Model/STM32N6570-DK/stai_network.c ****   ctx->first_error = STAI_SUCCESS;
 400:../../Model/STM32N6570-DK/stai_network.c **** 
 401:../../Model/STM32N6570-DK/stai_network.c ****   return STAI_SUCCESS;
 402:../../Model/STM32N6570-DK/stai_network.c **** }
 1471              		.loc 1 402 1 view .LVU475
 1472 0030 03B0     		add	sp, sp, #12
 1473              		.cfi_remember_state
 1474              		.cfi_def_cfa_offset 12
 1475              		@ sp needed
 1476 0032 30BD     		pop	{r4, r5, pc}
 1477              	.LVL129:
 1478              	.L193:
 1479              		.cfi_restore_state
 382:../../Model/STM32N6570-DK/stai_network.c ****   __LL_ATON_STAI_CHECK_NETWORK_INTERFACE(nn_i_ptr, (_stai_aton_context *)network);
 1480              		.loc 1 382 3 is_stmt 1 view .LVU476
 382:../../Model/STM32N6570-DK/stai_network.c ****   __LL_ATON_STAI_CHECK_NETWORK_INTERFACE(nn_i_ptr, (_stai_aton_context *)network);
 1481              		.loc 1 382 3 view .LVU477
 383:../../Model/STM32N6570-DK/stai_network.c ****   _stai_aton_context *ctx = (_stai_aton_context *)network;
 1482              		.loc 1 383 3 view .LVU478
 385:../../Model/STM32N6570-DK/stai_network.c ****   {
 1483              		.loc 1 385 3 view .LVU479
 385:../../Model/STM32N6570-DK/stai_network.c ****   {
 1484              		.loc 1 385 10 is_stmt 0 view .LVU480
 1485 0034 A36B     		ldr	r3, [r4, #56]
 385:../../Model/STM32N6570-DK/stai_network.c ****   {
 1486              		.loc 1 385 6 view .LVU481
 1487 0036 122B     		cmp	r3, #18
 1488 0038 0AD0     		beq	.L195
 385:../../Model/STM32N6570-DK/stai_network.c ****   {
 1489              		.loc 1 385 37 discriminator 1 view .LVU482
 1490 003a 4BB1     		cbz	r3, .L195
 387:../../Model/STM32N6570-DK/stai_network.c ****   }
 1491              		.loc 1 387 5 is_stmt 1 view .LVU483
 387:../../Model/STM32N6570-DK/stai_network.c ****   }
 1492              		.loc 1 387 5 view .LVU484
 387:../../Model/STM32N6570-DK/stai_network.c ****   }
 1493              		.loc 1 387 5 discriminator 2 view .LVU485
ARM GAS  /tmp/ccYuK7WA.s 			page 53


 1494 003c E36B     		ldr	r3, [r4, #60]
 387:../../Model/STM32N6570-DK/stai_network.c ****   }
 1495              		.loc 1 387 5 is_stmt 0 discriminator 5 view .LVU486
 1496 003e 4FF4A020 		mov	r0, #327680
 1497              	.LVL130:
 387:../../Model/STM32N6570-DK/stai_network.c ****   }
 1498              		.loc 1 387 5 discriminator 2 view .LVU487
 1499 0042 B3F5003F 		cmp	r3, #131072
 387:../../Model/STM32N6570-DK/stai_network.c ****   }
 1500              		.loc 1 387 5 is_stmt 1 discriminator 3 view .LVU488
 1501 0046 3CBF     		itt	cc
 1502 0048 4FF4A023 		movcc	r3, #327680
 1503 004c E363     		strcc	r3, [r4, #60]
 1504 004e EFE7     		b	.L191
 1505              	.LVL131:
 1506              	.L195:
 387:../../Model/STM32N6570-DK/stai_network.c ****   }
 1507              		.loc 1 387 5 view .LVU489
 390:../../Model/STM32N6570-DK/stai_network.c **** 
 1508              		.loc 1 390 3 view .LVU490
 392:../../Model/STM32N6570-DK/stai_network.c **** 
 1509              		.loc 1 392 33 is_stmt 0 view .LVU491
 1510 0050 0025     		movs	r5, #0
 390:../../Model/STM32N6570-DK/stai_network.c **** 
 1511              		.loc 1 390 3 view .LVU492
 1512 0052 2046     		mov	r0, r4
 1513              	.LVL132:
 390:../../Model/STM32N6570-DK/stai_network.c **** 
 1514              		.loc 1 390 3 view .LVU493
 1515 0054 FFF7FEFF 		bl	__ll_aton_stai_deinit_network_instance
 1516              	.LVL133:
 392:../../Model/STM32N6570-DK/stai_network.c **** 
 1517              		.loc 1 392 3 is_stmt 1 view .LVU494
 396:../../Model/STM32N6570-DK/stai_network.c **** 
 1518              		.loc 1 396 3 is_stmt 0 view .LVU495
 1519 0058 2046     		mov	r0, r4
 1520 005a 2946     		mov	r1, r5
 395:../../Model/STM32N6570-DK/stai_network.c ****   LL_ATON_RT_SetNetworkCallback(&ctx->network_instance, NULL);
 1521              		.loc 1 395 24 view .LVU496
 1522 005c C4E90C55 		strd	r5, r5, [r4, #48]
 392:../../Model/STM32N6570-DK/stai_network.c **** 
 1523              		.loc 1 392 33 view .LVU497
 1524 0060 2560     		str	r5, [r4]
 394:../../Model/STM32N6570-DK/stai_network.c ****   ctx->callback_cookie = NULL;
 1525              		.loc 1 394 3 is_stmt 1 view .LVU498
 396:../../Model/STM32N6570-DK/stai_network.c **** 
 1526              		.loc 1 396 3 view .LVU499
 1527 0062 FFF7FEFF 		bl	LL_ATON_RT_SetNetworkCallback
 1528              	.LVL134:
 398:../../Model/STM32N6570-DK/stai_network.c ****   ctx->first_error = STAI_SUCCESS;
 1529              		.loc 1 398 3 view .LVU500
 401:../../Model/STM32N6570-DK/stai_network.c **** }
 1530              		.loc 1 401 10 is_stmt 0 view .LVU501
 1531 0066 2846     		mov	r0, r5
 399:../../Model/STM32N6570-DK/stai_network.c **** 
 1532              		.loc 1 399 20 view .LVU502
 1533 0068 C4E90E55 		strd	r5, r5, [r4, #56]
ARM GAS  /tmp/ccYuK7WA.s 			page 54


 401:../../Model/STM32N6570-DK/stai_network.c **** }
 1534              		.loc 1 401 3 is_stmt 1 view .LVU503
 401:../../Model/STM32N6570-DK/stai_network.c **** }
 1535              		.loc 1 401 10 is_stmt 0 view .LVU504
 1536 006c E0E7     		b	.L191
 1537              	.L207:
 1538 006e 00BF     		.align	2
 1539              	.L206:
 1540 0070 00000000 		.word	NN_Interface_network
 1541              		.cfi_endproc
 1542              	.LFE324:
 1544              		.section	.text.stai_network_run,"ax",%progbits
 1545              		.align	1
 1546              		.global	stai_network_run
 1547              		.syntax unified
 1548              		.thumb
 1549              		.thumb_func
 1551              	stai_network_run:
 1552              	.LVL135:
 1553              	.LFB325:
 403:../../Model/STM32N6570-DK/stai_network.c **** 
 404:../../Model/STM32N6570-DK/stai_network.c **** STAI_API_ENTRY
 405:../../Model/STM32N6570-DK/stai_network.c **** stai_return_code stai_network_run(stai_network *network, const stai_run_mode mode)
 406:../../Model/STM32N6570-DK/stai_network.c **** {
 1554              		.loc 1 406 1 is_stmt 1 view -0
 1555              		.cfi_startproc
 1556              		@ args = 0, pretend = 0, frame = 8
 1557              		@ frame_needed = 0, uses_anonymous_args = 0
 407:../../Model/STM32N6570-DK/stai_network.c ****   /* check context & network interface handle */
 408:../../Model/STM32N6570-DK/stai_network.c ****   __LL_ATON_STAI_ACQUIRE_INTERFACE(nn_i_ptr, network);
 1558              		.loc 1 408 3 view .LVU506
 1559 0000 0023     		movs	r3, #0
 406:../../Model/STM32N6570-DK/stai_network.c ****   /* check context & network interface handle */
 1560              		.loc 1 406 1 is_stmt 0 view .LVU507
 1561 0002 13B5     		push	{r0, r1, r4, lr}
 1562              		.cfi_def_cfa_offset 16
 1563              		.cfi_offset 4, -8
 1564              		.cfi_offset 14, -4
 406:../../Model/STM32N6570-DK/stai_network.c ****   /* check context & network interface handle */
 1565              		.loc 1 406 1 view .LVU508
 1566 0004 0C46     		mov	r4, r1
 1567              		.loc 1 408 3 view .LVU509
 1568 0006 01A9     		add	r1, sp, #4
 1569              	.LVL136:
 406:../../Model/STM32N6570-DK/stai_network.c ****   /* check context & network interface handle */
 1570              		.loc 1 406 1 view .LVU510
 1571 0008 0246     		mov	r2, r0
 1572              		.loc 1 408 3 view .LVU511
 1573 000a 0193     		str	r3, [sp, #4]
 1574              		.loc 1 408 3 is_stmt 1 view .LVU512
 1575 000c FFF7FEFF 		bl	__ll_aton_stai_check_context_network_handle.constprop.0
 1576              	.LVL137:
 1577              		.loc 1 408 3 discriminator 1 view .LVU513
 1578 0010 B0F5003F 		cmp	r0, #131072
 1579 0014 0BD2     		bcs	.L211
 1580              		.loc 1 408 54 view .LVU514
 409:../../Model/STM32N6570-DK/stai_network.c ****   __LL_ATON_STAI_CHECK_NETWORK_INTERFACE(nn_i_ptr, (_stai_aton_context *)network);
ARM GAS  /tmp/ccYuK7WA.s 			page 55


 1581              		.loc 1 409 3 view .LVU515
 1582              		.loc 1 409 3 view .LVU516
 1583 0016 0B4B     		ldr	r3, .L215
 1584 0018 0199     		ldr	r1, [sp, #4]
 1585 001a 9942     		cmp	r1, r3
 1586 001c 0BD0     		beq	.L210
 1587              		.loc 1 409 3 discriminator 1 view .LVU517
 1588              		.loc 1 409 3 discriminator 1 view .LVU518
 1589 001e 32B1     		cbz	r2, .L211
 1590              		.loc 1 409 3 discriminator 3 view .LVU519
 1591 0020 D36B     		ldr	r3, [r2, #60]
 1592 0022 B3F5003F 		cmp	r3, #131072
 1593 0026 02D2     		bcs	.L211
 1594              		.loc 1 409 3 discriminator 4 view .LVU520
 1595 0028 4FF44033 		mov	r3, #196608
 1596 002c D363     		str	r3, [r2, #60]
 1597              	.L211:
 410:../../Model/STM32N6570-DK/stai_network.c **** 
 411:../../Model/STM32N6570-DK/stai_network.c ****   return __ll_aton_stai_run(network, mode);
 412:../../Model/STM32N6570-DK/stai_network.c **** }
 1598              		.loc 1 412 1 is_stmt 0 view .LVU521
 1599 002e 4FF44030 		mov	r0, #196608
 1600              	.LVL138:
 1601              		.loc 1 412 1 view .LVU522
 1602 0032 02B0     		add	sp, sp, #8
 1603              		.cfi_remember_state
 1604              		.cfi_def_cfa_offset 8
 1605              		@ sp needed
 1606 0034 10BD     		pop	{r4, pc}
 1607              	.LVL139:
 1608              	.L210:
 1609              		.cfi_restore_state
 409:../../Model/STM32N6570-DK/stai_network.c ****   __LL_ATON_STAI_CHECK_NETWORK_INTERFACE(nn_i_ptr, (_stai_aton_context *)network);
 1610              		.loc 1 409 3 is_stmt 1 view .LVU523
 409:../../Model/STM32N6570-DK/stai_network.c ****   __LL_ATON_STAI_CHECK_NETWORK_INTERFACE(nn_i_ptr, (_stai_aton_context *)network);
 1611              		.loc 1 409 3 view .LVU524
 411:../../Model/STM32N6570-DK/stai_network.c **** }
 1612              		.loc 1 411 3 view .LVU525
 411:../../Model/STM32N6570-DK/stai_network.c **** }
 1613              		.loc 1 411 10 is_stmt 0 view .LVU526
 1614 0036 2146     		mov	r1, r4
 1615 0038 1046     		mov	r0, r2
 1616              	.LVL140:
 1617              		.loc 1 412 1 view .LVU527
 1618 003a 02B0     		add	sp, sp, #8
 1619              		.cfi_def_cfa_offset 8
 1620              		@ sp needed
 1621 003c BDE81040 		pop	{r4, lr}
 1622              		.cfi_restore 14
 1623              		.cfi_restore 4
 1624              		.cfi_def_cfa_offset 0
 411:../../Model/STM32N6570-DK/stai_network.c **** }
 1625              		.loc 1 411 10 view .LVU528
 1626 0040 FFF7FEBF 		b	__ll_aton_stai_run
 1627              	.LVL141:
 1628              	.L216:
 411:../../Model/STM32N6570-DK/stai_network.c **** }
ARM GAS  /tmp/ccYuK7WA.s 			page 56


 1629              		.loc 1 411 10 view .LVU529
 1630              		.align	2
 1631              	.L215:
 1632 0044 00000000 		.word	NN_Interface_network
 1633              		.cfi_endproc
 1634              	.LFE325:
 1636              		.section	.text.stai_network_train,"ax",%progbits
 1637              		.align	1
 1638              		.global	stai_network_train
 1639              		.syntax unified
 1640              		.thumb
 1641              		.thumb_func
 1643              	stai_network_train:
 1644              	.LVL142:
 1645              	.LFB326:
 413:../../Model/STM32N6570-DK/stai_network.c **** 
 414:../../Model/STM32N6570-DK/stai_network.c **** STAI_API_ENTRY
 415:../../Model/STM32N6570-DK/stai_network.c **** stai_return_code stai_network_train(stai_network *network, const stai_run_mode mode)
 416:../../Model/STM32N6570-DK/stai_network.c **** {
 1646              		.loc 1 416 1 is_stmt 1 view -0
 1647              		.cfi_startproc
 1648              		@ args = 0, pretend = 0, frame = 8
 1649              		@ frame_needed = 0, uses_anonymous_args = 0
 417:../../Model/STM32N6570-DK/stai_network.c ****   LL_ATON_LIB_UNUSED(mode);
 1650              		.loc 1 417 3 view .LVU531
 418:../../Model/STM32N6570-DK/stai_network.c **** 
 419:../../Model/STM32N6570-DK/stai_network.c ****   /* check context & network interface handle */
 420:../../Model/STM32N6570-DK/stai_network.c ****   __LL_ATON_STAI_ACQUIRE_INTERFACE(nn_i_ptr, network);
 1651              		.loc 1 420 3 view .LVU532
 1652 0000 0023     		movs	r3, #0
 416:../../Model/STM32N6570-DK/stai_network.c ****   LL_ATON_LIB_UNUSED(mode);
 1653              		.loc 1 416 1 is_stmt 0 view .LVU533
 1654 0002 07B5     		push	{r0, r1, r2, lr}
 1655              		.cfi_def_cfa_offset 16
 1656              		.cfi_offset 14, -4
 1657              		.loc 1 420 3 view .LVU534
 1658 0004 01A9     		add	r1, sp, #4
 1659              	.LVL143:
 416:../../Model/STM32N6570-DK/stai_network.c ****   LL_ATON_LIB_UNUSED(mode);
 1660              		.loc 1 416 1 view .LVU535
 1661 0006 0246     		mov	r2, r0
 1662              		.loc 1 420 3 view .LVU536
 1663 0008 0193     		str	r3, [sp, #4]
 1664              		.loc 1 420 3 is_stmt 1 view .LVU537
 1665 000a FFF7FEFF 		bl	__ll_aton_stai_check_context_network_handle.constprop.0
 1666              	.LVL144:
 1667              		.loc 1 420 3 discriminator 1 view .LVU538
 1668 000e B0F5003F 		cmp	r0, #131072
 1669 0012 0BD2     		bcs	.L218
 1670              		.loc 1 420 54 view .LVU539
 421:../../Model/STM32N6570-DK/stai_network.c ****   __LL_ATON_STAI_CHECK_NETWORK_INTERFACE(nn_i_ptr, (_stai_aton_context *)network);
 1671              		.loc 1 421 3 view .LVU540
 1672              		.loc 1 421 3 view .LVU541
 1673 0014 0D4B     		ldr	r3, .L229
 1674 0016 0199     		ldr	r1, [sp, #4]
 1675 0018 9942     		cmp	r1, r3
 1676 001a 0AD0     		beq	.L219
ARM GAS  /tmp/ccYuK7WA.s 			page 57


 1677              		.loc 1 421 3 discriminator 1 view .LVU542
 1678              		.loc 1 421 3 discriminator 1 view .LVU543
 1679 001c 32B1     		cbz	r2, .L218
 1680              		.loc 1 421 3 discriminator 3 view .LVU544
 1681 001e D36B     		ldr	r3, [r2, #60]
 1682 0020 B3F5003F 		cmp	r3, #131072
 1683 0024 02D2     		bcs	.L218
 1684              		.loc 1 421 3 discriminator 4 view .LVU545
 1685 0026 4FF44033 		mov	r3, #196608
 1686 002a D363     		str	r3, [r2, #60]
 1687              	.L218:
 420:../../Model/STM32N6570-DK/stai_network.c ****   __LL_ATON_STAI_CHECK_NETWORK_INTERFACE(nn_i_ptr, (_stai_aton_context *)network);
 1688              		.loc 1 420 3 is_stmt 0 discriminator 1 view .LVU546
 1689 002c 4FF44030 		mov	r0, #196608
 1690              	.LVL145:
 422:../../Model/STM32N6570-DK/stai_network.c **** 
 423:../../Model/STM32N6570-DK/stai_network.c ****   __LL_ATON_STAI_SET_1ST_CTX_ERROR_AND_RETURN((_stai_aton_context *)network, STAI_ERROR_NOT_IMPLEME
 1691              		.loc 1 423 3 is_stmt 1 view .LVU547
 1692 0030 06E0     		b	.L217
 1693              	.LVL146:
 1694              	.L219:
 421:../../Model/STM32N6570-DK/stai_network.c **** 
 1695              		.loc 1 421 3 view .LVU548
 421:../../Model/STM32N6570-DK/stai_network.c **** 
 1696              		.loc 1 421 3 view .LVU549
 1697              		.loc 1 423 3 view .LVU550
 1698              		.loc 1 423 3 view .LVU551
 1699 0032 002A     		cmp	r2, #0
 1700 0034 FAD0     		beq	.L218
 1701              		.loc 1 423 3 discriminator 2 view .LVU552
 1702 0036 D36B     		ldr	r3, [r2, #60]
 1703 0038 B3F5003F 		cmp	r3, #131072
 1704 003c 02D3     		bcc	.L220
 1705              	.L222:
 1706              		.loc 1 423 3 is_stmt 0 discriminator 5 view .LVU553
 1707 003e 0448     		ldr	r0, .L229+4
 1708              	.LVL147:
 1709              	.L217:
 424:../../Model/STM32N6570-DK/stai_network.c **** }
 1710              		.loc 1 424 1 view .LVU554
 1711 0040 03B0     		add	sp, sp, #12
 1712              		.cfi_remember_state
 1713              		.cfi_def_cfa_offset 4
 1714              		@ sp needed
 1715 0042 00BD     		pop	{pc}
 1716              	.LVL148:
 1717              	.L220:
 1718              		.cfi_restore_state
 423:../../Model/STM32N6570-DK/stai_network.c **** }
 1719              		.loc 1 423 3 is_stmt 1 discriminator 3 view .LVU555
 1720 0044 024B     		ldr	r3, .L229+4
 1721 0046 D363     		str	r3, [r2, #60]
 1722 0048 F9E7     		b	.L222
 1723              	.L230:
 1724 004a 00BF     		.align	2
 1725              	.L229:
 1726 004c 00000000 		.word	NN_Interface_network
ARM GAS  /tmp/ccYuK7WA.s 			page 58


 1727 0050 60000400 		.word	262240
 1728              		.cfi_endproc
 1729              	.LFE326:
 1731              		.section	.text.stai_network_get_inputs,"ax",%progbits
 1732              		.align	1
 1733              		.global	stai_network_get_inputs
 1734              		.syntax unified
 1735              		.thumb
 1736              		.thumb_func
 1738              	stai_network_get_inputs:
 1739              	.LVL149:
 1740              	.LFB327:
 425:../../Model/STM32N6570-DK/stai_network.c **** 
 426:../../Model/STM32N6570-DK/stai_network.c **** /*****************************************************************************/
 427:../../Model/STM32N6570-DK/stai_network.c **** /*  Getters APIs  */
 428:../../Model/STM32N6570-DK/stai_network.c **** STAI_API_ENTRY
 429:../../Model/STM32N6570-DK/stai_network.c **** stai_return_code stai_network_get_inputs(stai_network *network, stai_ptr *inputs, stai_size *n_inpu
 430:../../Model/STM32N6570-DK/stai_network.c **** {
 1741              		.loc 1 430 1 view -0
 1742              		.cfi_startproc
 1743              		@ args = 0, pretend = 0, frame = 0
 1744              		@ frame_needed = 0, uses_anonymous_args = 0
 1745              		@ link register save eliminated.
 431:../../Model/STM32N6570-DK/stai_network.c ****   return __ll_aton_stai_network_get_inputs_or_weights(network, inputs, n_inputs, true);
 1746              		.loc 1 431 3 view .LVU557
 1747              		.loc 1 431 10 is_stmt 0 view .LVU558
 1748 0000 0123     		movs	r3, #1
 1749 0002 FFF7FEBF 		b	__ll_aton_stai_network_get_inputs_or_weights
 1750              	.LVL150:
 1751              		.loc 1 431 10 view .LVU559
 1752              		.cfi_endproc
 1753              	.LFE327:
 1755              		.section	.text.stai_network_get_weights,"ax",%progbits
 1756              		.align	1
 1757              		.global	stai_network_get_weights
 1758              		.syntax unified
 1759              		.thumb
 1760              		.thumb_func
 1762              	stai_network_get_weights:
 1763              	.LVL151:
 1764              	.LFB328:
 432:../../Model/STM32N6570-DK/stai_network.c **** }
 433:../../Model/STM32N6570-DK/stai_network.c **** 
 434:../../Model/STM32N6570-DK/stai_network.c **** STAI_API_ENTRY
 435:../../Model/STM32N6570-DK/stai_network.c **** stai_return_code stai_network_get_weights(stai_network *network, stai_ptr *weights, stai_size *n_we
 436:../../Model/STM32N6570-DK/stai_network.c **** {
 1765              		.loc 1 436 1 is_stmt 1 view -0
 1766              		.cfi_startproc
 1767              		@ args = 0, pretend = 0, frame = 0
 1768              		@ frame_needed = 0, uses_anonymous_args = 0
 1769              		@ link register save eliminated.
 437:../../Model/STM32N6570-DK/stai_network.c ****   return __ll_aton_stai_network_get_inputs_or_weights(network, weights, n_weights, false);
 1770              		.loc 1 437 3 view .LVU561
 1771              		.loc 1 437 10 is_stmt 0 view .LVU562
 1772 0000 0023     		movs	r3, #0
 1773 0002 FFF7FEBF 		b	__ll_aton_stai_network_get_inputs_or_weights
 1774              	.LVL152:
ARM GAS  /tmp/ccYuK7WA.s 			page 59


 1775              		.loc 1 437 10 view .LVU563
 1776              		.cfi_endproc
 1777              	.LFE328:
 1779              		.section	.text.stai_network_get_outputs,"ax",%progbits
 1780              		.align	1
 1781              		.global	stai_network_get_outputs
 1782              		.syntax unified
 1783              		.thumb
 1784              		.thumb_func
 1786              	stai_network_get_outputs:
 1787              	.LVL153:
 1788              	.LFB329:
 438:../../Model/STM32N6570-DK/stai_network.c **** }
 439:../../Model/STM32N6570-DK/stai_network.c **** 
 440:../../Model/STM32N6570-DK/stai_network.c **** STAI_API_ENTRY
 441:../../Model/STM32N6570-DK/stai_network.c **** stai_return_code stai_network_get_outputs(stai_network *network, stai_ptr *outputs, stai_size *n_ou
 442:../../Model/STM32N6570-DK/stai_network.c **** {
 1789              		.loc 1 442 1 is_stmt 1 view -0
 1790              		.cfi_startproc
 1791              		@ args = 0, pretend = 0, frame = 0
 1792              		@ frame_needed = 0, uses_anonymous_args = 0
 1793              		@ link register save eliminated.
 443:../../Model/STM32N6570-DK/stai_network.c ****   return __ll_aton_stai_network_get_outputs_or_activations(network, outputs, n_outputs, true);
 1794              		.loc 1 443 3 view .LVU565
 1795              		.loc 1 443 10 is_stmt 0 view .LVU566
 1796 0000 0123     		movs	r3, #1
 1797 0002 FFF7FEBF 		b	__ll_aton_stai_network_get_outputs_or_activations
 1798              	.LVL154:
 1799              		.loc 1 443 10 view .LVU567
 1800              		.cfi_endproc
 1801              	.LFE329:
 1803              		.section	.text.stai_network_get_activations,"ax",%progbits
 1804              		.align	1
 1805              		.global	stai_network_get_activations
 1806              		.syntax unified
 1807              		.thumb
 1808              		.thumb_func
 1810              	stai_network_get_activations:
 1811              	.LVL155:
 1812              	.LFB330:
 444:../../Model/STM32N6570-DK/stai_network.c **** }
 445:../../Model/STM32N6570-DK/stai_network.c **** 
 446:../../Model/STM32N6570-DK/stai_network.c **** STAI_API_ENTRY
 447:../../Model/STM32N6570-DK/stai_network.c **** stai_return_code stai_network_get_activations(stai_network *network, stai_ptr *activations,
 448:../../Model/STM32N6570-DK/stai_network.c ****                                                             stai_size *n_activations)
 449:../../Model/STM32N6570-DK/stai_network.c **** {
 1813              		.loc 1 449 1 is_stmt 1 view -0
 1814              		.cfi_startproc
 1815              		@ args = 0, pretend = 0, frame = 0
 1816              		@ frame_needed = 0, uses_anonymous_args = 0
 1817              		@ link register save eliminated.
 450:../../Model/STM32N6570-DK/stai_network.c ****   return __ll_aton_stai_network_get_outputs_or_activations(network, activations, n_activations, fal
 1818              		.loc 1 450 3 view .LVU569
 1819              		.loc 1 450 10 is_stmt 0 view .LVU570
 1820 0000 0023     		movs	r3, #0
 1821 0002 FFF7FEBF 		b	__ll_aton_stai_network_get_outputs_or_activations
 1822              	.LVL156:
ARM GAS  /tmp/ccYuK7WA.s 			page 60


 1823              		.loc 1 450 10 view .LVU571
 1824              		.cfi_endproc
 1825              	.LFE330:
 1827              		.section	.rodata.stai_network_get_info.str1.1,"aMS",%progbits,1
 1828              	.LC5:
 1829 0000 4D617920 		.ascii	"May  7 2026 14:43:10\000"
 1829      20372032 
 1829      30323620 
 1829      31343A34 
 1829      333A3130 
 1830              	.LC6:
 1831 0015 6E657477 		.ascii	"network\000"
 1831      6F726B00 
 1832              	.LC7:
 1833 001d 32303236 		.ascii	"2026-03-18 23:18:41\000"
 1833      2D30332D 
 1833      31382032 
 1833      333A3138 
 1833      3A343100 
 1834              		.section	.text.stai_network_get_info,"ax",%progbits
 1835              		.align	1
 1836              		.global	stai_network_get_info
 1837              		.syntax unified
 1838              		.thumb
 1839              		.thumb_func
 1841              	stai_network_get_info:
 1842              	.LVL157:
 1843              	.LFB331:
 451:../../Model/STM32N6570-DK/stai_network.c **** }
 452:../../Model/STM32N6570-DK/stai_network.c **** 
 453:../../Model/STM32N6570-DK/stai_network.c **** static const stai_network_info __stai_network_network_info;
 454:../../Model/STM32N6570-DK/stai_network.c **** STAI_API_ENTRY
 455:../../Model/STM32N6570-DK/stai_network.c **** stai_return_code stai_network_get_info(stai_network *network, stai_network_info *info)
 456:../../Model/STM32N6570-DK/stai_network.c **** {
 1844              		.loc 1 456 1 is_stmt 1 view -0
 1845              		.cfi_startproc
 1846              		@ args = 0, pretend = 0, frame = 8
 1847              		@ frame_needed = 0, uses_anonymous_args = 0
 457:../../Model/STM32N6570-DK/stai_network.c ****   /* check context & network interface handle */
 458:../../Model/STM32N6570-DK/stai_network.c ****   __LL_ATON_STAI_ACQUIRE_INTERFACE(nn_i_ptr, network);
 1848              		.loc 1 458 3 view .LVU573
 456:../../Model/STM32N6570-DK/stai_network.c ****   /* check context & network interface handle */
 1849              		.loc 1 456 1 is_stmt 0 view .LVU574
 1850 0000 37B5     		push	{r0, r1, r2, r4, r5, lr}
 1851              		.cfi_def_cfa_offset 24
 1852              		.cfi_offset 4, -12
 1853              		.cfi_offset 5, -8
 1854              		.cfi_offset 14, -4
 1855              		.loc 1 458 3 view .LVU575
 1856 0002 0025     		movs	r5, #0
 456:../../Model/STM32N6570-DK/stai_network.c ****   /* check context & network interface handle */
 1857              		.loc 1 456 1 view .LVU576
 1858 0004 0C46     		mov	r4, r1
 1859              		.loc 1 458 3 view .LVU577
 1860 0006 01A9     		add	r1, sp, #4
 1861              	.LVL158:
 456:../../Model/STM32N6570-DK/stai_network.c ****   /* check context & network interface handle */
ARM GAS  /tmp/ccYuK7WA.s 			page 61


 1862              		.loc 1 456 1 view .LVU578
 1863 0008 0246     		mov	r2, r0
 1864              		.loc 1 458 3 view .LVU579
 1865 000a 0195     		str	r5, [sp, #4]
 1866              		.loc 1 458 3 is_stmt 1 view .LVU580
 1867 000c FFF7FEFF 		bl	__ll_aton_stai_check_context_network_handle.constprop.0
 1868              	.LVL159:
 1869              		.loc 1 458 3 discriminator 1 view .LVU581
 1870 0010 B0F5003F 		cmp	r0, #131072
 1871 0014 0BD2     		bcs	.L236
 1872              		.loc 1 458 54 view .LVU582
 459:../../Model/STM32N6570-DK/stai_network.c ****   __LL_ATON_STAI_CHECK_NETWORK_INTERFACE(nn_i_ptr, (_stai_aton_context *)network);
 1873              		.loc 1 459 3 view .LVU583
 1874              		.loc 1 459 3 view .LVU584
 1875 0016 1B4B     		ldr	r3, .L242
 1876 0018 0199     		ldr	r1, [sp, #4]
 1877 001a 9942     		cmp	r1, r3
 1878 001c 0BD0     		beq	.L237
 1879              		.loc 1 459 3 discriminator 1 view .LVU585
 1880              		.loc 1 459 3 discriminator 1 view .LVU586
 1881 001e 32B1     		cbz	r2, .L236
 1882              		.loc 1 459 3 discriminator 3 view .LVU587
 1883 0020 D36B     		ldr	r3, [r2, #60]
 1884 0022 B3F5003F 		cmp	r3, #131072
 1885              		.loc 1 459 3 discriminator 4 view .LVU588
 1886 0026 3CBF     		itt	cc
 1887 0028 4FF44033 		movcc	r3, #196608
 1888 002c D363     		strcc	r3, [r2, #60]
 1889              	.L236:
 458:../../Model/STM32N6570-DK/stai_network.c ****   __LL_ATON_STAI_CHECK_NETWORK_INTERFACE(nn_i_ptr, (_stai_aton_context *)network);
 1890              		.loc 1 458 3 is_stmt 0 discriminator 1 view .LVU589
 1891 002e 4FF44030 		mov	r0, #196608
 1892              	.LVL160:
 1893              	.L235:
 460:../../Model/STM32N6570-DK/stai_network.c **** 
 461:../../Model/STM32N6570-DK/stai_network.c ****   // Copy of network info struct
 462:../../Model/STM32N6570-DK/stai_network.c ****   *info = __stai_network_network_info;
 463:../../Model/STM32N6570-DK/stai_network.c **** 
 464:../../Model/STM32N6570-DK/stai_network.c ****   return STAI_SUCCESS;
 465:../../Model/STM32N6570-DK/stai_network.c **** }
 1894              		.loc 1 465 1 view .LVU590
 1895 0032 03B0     		add	sp, sp, #12
 1896              		.cfi_remember_state
 1897              		.cfi_def_cfa_offset 12
 1898              		@ sp needed
 1899 0034 30BD     		pop	{r4, r5, pc}
 1900              	.LVL161:
 1901              	.L237:
 1902              		.cfi_restore_state
 459:../../Model/STM32N6570-DK/stai_network.c **** 
 1903              		.loc 1 459 3 is_stmt 1 view .LVU591
 459:../../Model/STM32N6570-DK/stai_network.c **** 
 1904              		.loc 1 459 3 view .LVU592
 462:../../Model/STM32N6570-DK/stai_network.c **** 
 1905              		.loc 1 462 3 view .LVU593
 462:../../Model/STM32N6570-DK/stai_network.c **** 
 1906              		.loc 1 462 9 is_stmt 0 view .LVU594
ARM GAS  /tmp/ccYuK7WA.s 			page 62


 1907 0036 5022     		movs	r2, #80
 1908              	.LVL162:
 462:../../Model/STM32N6570-DK/stai_network.c **** 
 1909              		.loc 1 462 9 view .LVU595
 1910 0038 2946     		mov	r1, r5
 1911 003a 2046     		mov	r0, r4
 1912              	.LVL163:
 462:../../Model/STM32N6570-DK/stai_network.c **** 
 1913              		.loc 1 462 9 view .LVU596
 1914 003c FFF7FEFF 		bl	memset
 1915              	.LVL164:
 1916 0040 114B     		ldr	r3, .L242+4
 1917 0042 40F22112 		movw	r2, #289
 1918 0046 6360     		str	r3, [r4, #4]
 1919 0048 104B     		ldr	r3, .L242+8
 464:../../Model/STM32N6570-DK/stai_network.c **** }
 1920              		.loc 1 464 10 view .LVU597
 1921 004a 2846     		mov	r0, r5
 462:../../Model/STM32N6570-DK/stai_network.c **** 
 1922              		.loc 1 462 9 view .LVU598
 1923 004c A360     		str	r3, [r4, #8]
 1924 004e 104B     		ldr	r3, .L242+12
 1925 0050 E360     		str	r3, [r4, #12]
 1926 0052 40F20113 		movw	r3, #257
 1927 0056 A382     		strh	r3, [r4, #20]	@ movhi
 1928 0058 0323     		movs	r3, #3
 1929 005a A375     		strb	r3, [r4, #22]
 1930 005c 2376     		strb	r3, [r4, #24]
 1931 005e 0123     		movs	r3, #1
 1932 0060 2377     		strb	r3, [r4, #28]
 1933 0062 4FF0E053 		mov	r3, #469762048
 1934 0066 C4E90A23 		strd	r2, r3, [r4, #40]
 1935 006a 4FF00113 		mov	r3, #65537
 1936 006e 2363     		str	r3, [r4, #48]
 1937 0070 5E23     		movs	r3, #94
 1938 0072 A386     		strh	r3, [r4, #52]	@ movhi
 1939 0074 074B     		ldr	r3, .L242+16
 1940 0076 E363     		str	r3, [r4, #60]
 1941 0078 074B     		ldr	r3, .L242+20
 1942 007a 2364     		str	r3, [r4, #64]
 1943 007c 074B     		ldr	r3, .L242+24
 1944 007e 6364     		str	r3, [r4, #68]
 464:../../Model/STM32N6570-DK/stai_network.c **** }
 1945              		.loc 1 464 3 is_stmt 1 view .LVU599
 464:../../Model/STM32N6570-DK/stai_network.c **** }
 1946              		.loc 1 464 10 is_stmt 0 view .LVU600
 1947 0080 D7E7     		b	.L235
 1948              	.L243:
 1949 0082 00BF     		.align	2
 1950              	.L242:
 1951 0084 00000000 		.word	NN_Interface_network
 1952 0088 00000000 		.word	.LC5
 1953 008c 15000000 		.word	.LC6
 1954 0090 1D000000 		.word	.LC7
 1955 0094 00000000 		.word	__compound_literal.3
 1956 0098 00000000 		.word	__compound_literal.7
 1957 009c 00000000 		.word	__compound_literal.256
ARM GAS  /tmp/ccYuK7WA.s 			page 63


 1958              		.cfi_endproc
 1959              	.LFE331:
 1961              		.section	.text.stai_network_get_states,"ax",%progbits
 1962              		.align	1
 1963              		.global	stai_network_get_states
 1964              		.syntax unified
 1965              		.thumb
 1966              		.thumb_func
 1968              	stai_network_get_states:
 1969              	.LVL165:
 1970              	.LFB332:
 466:../../Model/STM32N6570-DK/stai_network.c **** 
 467:../../Model/STM32N6570-DK/stai_network.c **** STAI_API_ENTRY
 468:../../Model/STM32N6570-DK/stai_network.c **** stai_return_code stai_network_get_states(stai_network *network, stai_ptr *states, stai_size *n_stat
 469:../../Model/STM32N6570-DK/stai_network.c **** {
 1971              		.loc 1 469 1 is_stmt 1 view -0
 1972              		.cfi_startproc
 1973              		@ args = 0, pretend = 0, frame = 8
 1974              		@ frame_needed = 0, uses_anonymous_args = 0
 470:../../Model/STM32N6570-DK/stai_network.c ****   LL_ATON_LIB_UNUSED(states);
 1975              		.loc 1 470 3 view .LVU602
 471:../../Model/STM32N6570-DK/stai_network.c **** 
 472:../../Model/STM32N6570-DK/stai_network.c ****   /* check context & network interface handle */
 473:../../Model/STM32N6570-DK/stai_network.c ****   __LL_ATON_STAI_ACQUIRE_INTERFACE(nn_i_ptr, network);
 1976              		.loc 1 473 3 view .LVU603
 469:../../Model/STM32N6570-DK/stai_network.c ****   LL_ATON_LIB_UNUSED(states);
 1977              		.loc 1 469 1 is_stmt 0 view .LVU604
 1978 0000 37B5     		push	{r0, r1, r2, r4, r5, lr}
 1979              		.cfi_def_cfa_offset 24
 1980              		.cfi_offset 4, -12
 1981              		.cfi_offset 5, -8
 1982              		.cfi_offset 14, -4
 1983              		.loc 1 473 3 view .LVU605
 1984 0002 0024     		movs	r4, #0
 1985 0004 01A9     		add	r1, sp, #4
 1986              	.LVL166:
 469:../../Model/STM32N6570-DK/stai_network.c ****   LL_ATON_LIB_UNUSED(states);
 1987              		.loc 1 469 1 view .LVU606
 1988 0006 0546     		mov	r5, r0
 1989              		.loc 1 473 3 view .LVU607
 1990 0008 0194     		str	r4, [sp, #4]
 1991              		.loc 1 473 3 is_stmt 1 view .LVU608
 1992 000a FFF7FEFF 		bl	__ll_aton_stai_check_context_network_handle.constprop.0
 1993              	.LVL167:
 1994              		.loc 1 473 3 discriminator 1 view .LVU609
 1995 000e B0F5003F 		cmp	r0, #131072
 1996 0012 0BD2     		bcs	.L245
 1997              		.loc 1 473 54 view .LVU610
 474:../../Model/STM32N6570-DK/stai_network.c ****   __LL_ATON_STAI_CHECK_NETWORK_INTERFACE(nn_i_ptr, (_stai_aton_context *)network);
 1998              		.loc 1 474 3 view .LVU611
 1999              		.loc 1 474 3 view .LVU612
 2000 0014 094B     		ldr	r3, .L251
 2001 0016 0199     		ldr	r1, [sp, #4]
 2002 0018 9942     		cmp	r1, r3
 2003 001a 0BD0     		beq	.L246
 2004              		.loc 1 474 3 discriminator 1 view .LVU613
 2005              		.loc 1 474 3 discriminator 1 view .LVU614
ARM GAS  /tmp/ccYuK7WA.s 			page 64


 2006 001c 35B1     		cbz	r5, .L245
 2007              		.loc 1 474 3 discriminator 3 view .LVU615
 2008 001e EB6B     		ldr	r3, [r5, #60]
 2009 0020 B3F5003F 		cmp	r3, #131072
 2010              		.loc 1 474 3 discriminator 4 view .LVU616
 2011 0024 3CBF     		itt	cc
 2012 0026 4FF44033 		movcc	r3, #196608
 2013 002a EB63     		strcc	r3, [r5, #60]
 2014              	.L245:
 473:../../Model/STM32N6570-DK/stai_network.c ****   __LL_ATON_STAI_CHECK_NETWORK_INTERFACE(nn_i_ptr, (_stai_aton_context *)network);
 2015              		.loc 1 473 3 is_stmt 0 discriminator 1 view .LVU617
 2016 002c 4FF44030 		mov	r0, #196608
 2017              	.LVL168:
 2018              	.L244:
 475:../../Model/STM32N6570-DK/stai_network.c **** 
 476:../../Model/STM32N6570-DK/stai_network.c ****   *n_states = 0;
 477:../../Model/STM32N6570-DK/stai_network.c ****   return STAI_SUCCESS;
 478:../../Model/STM32N6570-DK/stai_network.c **** }
 2019              		.loc 1 478 1 view .LVU618
 2020 0030 03B0     		add	sp, sp, #12
 2021              		.cfi_remember_state
 2022              		.cfi_def_cfa_offset 12
 2023              		@ sp needed
 2024 0032 30BD     		pop	{r4, r5, pc}
 2025              	.LVL169:
 2026              	.L246:
 2027              		.cfi_restore_state
 474:../../Model/STM32N6570-DK/stai_network.c **** 
 2028              		.loc 1 474 3 is_stmt 1 view .LVU619
 474:../../Model/STM32N6570-DK/stai_network.c **** 
 2029              		.loc 1 474 3 view .LVU620
 476:../../Model/STM32N6570-DK/stai_network.c ****   return STAI_SUCCESS;
 2030              		.loc 1 476 3 view .LVU621
 477:../../Model/STM32N6570-DK/stai_network.c **** }
 2031              		.loc 1 477 10 is_stmt 0 view .LVU622
 2032 0034 2046     		mov	r0, r4
 2033              	.LVL170:
 476:../../Model/STM32N6570-DK/stai_network.c ****   return STAI_SUCCESS;
 2034              		.loc 1 476 13 view .LVU623
 2035 0036 1460     		str	r4, [r2]
 477:../../Model/STM32N6570-DK/stai_network.c **** }
 2036              		.loc 1 477 3 is_stmt 1 view .LVU624
 477:../../Model/STM32N6570-DK/stai_network.c **** }
 2037              		.loc 1 477 10 is_stmt 0 view .LVU625
 2038 0038 FAE7     		b	.L244
 2039              	.L252:
 2040 003a 00BF     		.align	2
 2041              	.L251:
 2042 003c 00000000 		.word	NN_Interface_network
 2043              		.cfi_endproc
 2044              	.LFE332:
 2046              		.section	.text.stai_network_get_error,"ax",%progbits
 2047              		.align	1
 2048              		.global	stai_network_get_error
 2049              		.syntax unified
 2050              		.thumb
 2051              		.thumb_func
ARM GAS  /tmp/ccYuK7WA.s 			page 65


 2053              	stai_network_get_error:
 2054              	.LVL171:
 2055              	.LFB333:
 479:../../Model/STM32N6570-DK/stai_network.c **** 
 480:../../Model/STM32N6570-DK/stai_network.c **** STAI_API_ENTRY
 481:../../Model/STM32N6570-DK/stai_network.c **** stai_return_code stai_network_get_error(stai_network *network)
 482:../../Model/STM32N6570-DK/stai_network.c **** {
 2056              		.loc 1 482 1 is_stmt 1 view -0
 2057              		.cfi_startproc
 2058              		@ args = 0, pretend = 0, frame = 8
 2059              		@ frame_needed = 0, uses_anonymous_args = 0
 483:../../Model/STM32N6570-DK/stai_network.c ****   __LL_ATON_STAI_ACQUIRE_INTERFACE(nn_i_ptr, network);
 2060              		.loc 1 483 3 view .LVU627
 2061 0000 0023     		movs	r3, #0
 482:../../Model/STM32N6570-DK/stai_network.c ****   __LL_ATON_STAI_ACQUIRE_INTERFACE(nn_i_ptr, network);
 2062              		.loc 1 482 1 is_stmt 0 view .LVU628
 2063 0002 07B5     		push	{r0, r1, r2, lr}
 2064              		.cfi_def_cfa_offset 16
 2065              		.cfi_offset 14, -4
 2066              		.loc 1 483 3 view .LVU629
 2067 0004 01A9     		add	r1, sp, #4
 482:../../Model/STM32N6570-DK/stai_network.c ****   __LL_ATON_STAI_ACQUIRE_INTERFACE(nn_i_ptr, network);
 2068              		.loc 1 482 1 view .LVU630
 2069 0006 0246     		mov	r2, r0
 2070              		.loc 1 483 3 view .LVU631
 2071 0008 0193     		str	r3, [sp, #4]
 2072              		.loc 1 483 3 is_stmt 1 view .LVU632
 2073 000a FFF7FEFF 		bl	__ll_aton_stai_check_context_network_handle.constprop.0
 2074              	.LVL172:
 2075              		.loc 1 483 3 discriminator 1 view .LVU633
 2076 000e B0F5003F 		cmp	r0, #131072
 2077 0012 0BD2     		bcs	.L254
 2078              		.loc 1 483 54 view .LVU634
 484:../../Model/STM32N6570-DK/stai_network.c ****   __LL_ATON_STAI_CHECK_NETWORK_INTERFACE(nn_i_ptr, (_stai_aton_context *)network);
 2079              		.loc 1 484 3 view .LVU635
 2080              		.loc 1 484 3 view .LVU636
 2081 0014 084B     		ldr	r3, .L260
 2082 0016 0199     		ldr	r1, [sp, #4]
 2083 0018 9942     		cmp	r1, r3
 2084 001a 0BD0     		beq	.L255
 2085              		.loc 1 484 3 discriminator 1 view .LVU637
 2086              		.loc 1 484 3 discriminator 1 view .LVU638
 2087 001c 32B1     		cbz	r2, .L254
 2088              		.loc 1 484 3 discriminator 3 view .LVU639
 2089 001e D36B     		ldr	r3, [r2, #60]
 2090 0020 B3F5003F 		cmp	r3, #131072
 2091              		.loc 1 484 3 discriminator 4 view .LVU640
 2092 0024 3CBF     		itt	cc
 2093 0026 4FF44033 		movcc	r3, #196608
 2094 002a D363     		strcc	r3, [r2, #60]
 2095              	.L254:
 483:../../Model/STM32N6570-DK/stai_network.c ****   __LL_ATON_STAI_ACQUIRE_INTERFACE(nn_i_ptr, network);
 2096              		.loc 1 483 3 is_stmt 0 discriminator 1 view .LVU641
 2097 002c 4FF44030 		mov	r0, #196608
 2098              	.LVL173:
 2099              	.L253:
 485:../../Model/STM32N6570-DK/stai_network.c ****   _stai_aton_context *ctx = (_stai_aton_context *)network;
ARM GAS  /tmp/ccYuK7WA.s 			page 66


 486:../../Model/STM32N6570-DK/stai_network.c **** 
 487:../../Model/STM32N6570-DK/stai_network.c ****   // return 1st generated error or STAI_SUCCESS if no errors so far
 488:../../Model/STM32N6570-DK/stai_network.c ****   return ctx->first_error;
 489:../../Model/STM32N6570-DK/stai_network.c **** }
 2100              		.loc 1 489 1 view .LVU642
 2101 0030 03B0     		add	sp, sp, #12
 2102              		.cfi_remember_state
 2103              		.cfi_def_cfa_offset 4
 2104              		@ sp needed
 2105 0032 00BD     		pop	{pc}
 2106              	.LVL174:
 2107              	.L255:
 2108              		.cfi_restore_state
 484:../../Model/STM32N6570-DK/stai_network.c ****   __LL_ATON_STAI_CHECK_NETWORK_INTERFACE(nn_i_ptr, (_stai_aton_context *)network);
 2109              		.loc 1 484 3 is_stmt 1 view .LVU643
 484:../../Model/STM32N6570-DK/stai_network.c ****   __LL_ATON_STAI_CHECK_NETWORK_INTERFACE(nn_i_ptr, (_stai_aton_context *)network);
 2110              		.loc 1 484 3 view .LVU644
 485:../../Model/STM32N6570-DK/stai_network.c ****   _stai_aton_context *ctx = (_stai_aton_context *)network;
 2111              		.loc 1 485 3 view .LVU645
 488:../../Model/STM32N6570-DK/stai_network.c **** }
 2112              		.loc 1 488 3 view .LVU646
 488:../../Model/STM32N6570-DK/stai_network.c **** }
 2113              		.loc 1 488 13 is_stmt 0 view .LVU647
 2114 0034 D06B     		ldr	r0, [r2, #60]
 2115              	.LVL175:
 488:../../Model/STM32N6570-DK/stai_network.c **** }
 2116              		.loc 1 488 13 view .LVU648
 2117 0036 FBE7     		b	.L253
 2118              	.L261:
 2119              		.align	2
 2120              	.L260:
 2121 0038 00000000 		.word	NN_Interface_network
 2122              		.cfi_endproc
 2123              	.LFE333:
 2125              		.section	.text.stai_network_set_inputs,"ax",%progbits
 2126              		.align	1
 2127              		.global	stai_network_set_inputs
 2128              		.syntax unified
 2129              		.thumb
 2130              		.thumb_func
 2132              	stai_network_set_inputs:
 2133              	.LVL176:
 2134              	.LFB334:
 490:../../Model/STM32N6570-DK/stai_network.c **** 
 491:../../Model/STM32N6570-DK/stai_network.c **** /*****************************************************************************/
 492:../../Model/STM32N6570-DK/stai_network.c **** /*  Setters APIs  */
 493:../../Model/STM32N6570-DK/stai_network.c **** STAI_API_ENTRY
 494:../../Model/STM32N6570-DK/stai_network.c **** stai_return_code stai_network_set_inputs(stai_network *network, const stai_ptr *inputs,
 495:../../Model/STM32N6570-DK/stai_network.c ****                                                        const stai_size n_inputs)
 496:../../Model/STM32N6570-DK/stai_network.c **** {
 2135              		.loc 1 496 1 is_stmt 1 view -0
 2136              		.cfi_startproc
 2137              		@ args = 0, pretend = 0, frame = 0
 2138              		@ frame_needed = 0, uses_anonymous_args = 0
 2139              		@ link register save eliminated.
 497:../../Model/STM32N6570-DK/stai_network.c ****   return __ll_aton_stai_network_set_inputs_or_weights(network, inputs, n_inputs, true);
 2140              		.loc 1 497 3 view .LVU650
ARM GAS  /tmp/ccYuK7WA.s 			page 67


 2141              		.loc 1 497 10 is_stmt 0 view .LVU651
 2142 0000 0123     		movs	r3, #1
 2143 0002 FFF7FEBF 		b	__ll_aton_stai_network_set_inputs_or_weights
 2144              	.LVL177:
 2145              		.loc 1 497 10 view .LVU652
 2146              		.cfi_endproc
 2147              	.LFE334:
 2149              		.section	.text.stai_network_set_weights,"ax",%progbits
 2150              		.align	1
 2151              		.global	stai_network_set_weights
 2152              		.syntax unified
 2153              		.thumb
 2154              		.thumb_func
 2156              	stai_network_set_weights:
 2157              	.LVL178:
 2158              	.LFB335:
 498:../../Model/STM32N6570-DK/stai_network.c **** }
 499:../../Model/STM32N6570-DK/stai_network.c **** 
 500:../../Model/STM32N6570-DK/stai_network.c **** STAI_API_ENTRY
 501:../../Model/STM32N6570-DK/stai_network.c **** stai_return_code stai_network_set_weights(stai_network *network, const stai_ptr *weights,
 502:../../Model/STM32N6570-DK/stai_network.c ****                                                         const stai_size n_weights)
 503:../../Model/STM32N6570-DK/stai_network.c **** {
 2159              		.loc 1 503 1 is_stmt 1 view -0
 2160              		.cfi_startproc
 2161              		@ args = 0, pretend = 0, frame = 0
 2162              		@ frame_needed = 0, uses_anonymous_args = 0
 2163              		@ link register save eliminated.
 504:../../Model/STM32N6570-DK/stai_network.c ****   return __ll_aton_stai_network_set_inputs_or_weights(network, weights, n_weights, false);
 2164              		.loc 1 504 3 view .LVU654
 2165              		.loc 1 504 10 is_stmt 0 view .LVU655
 2166 0000 0023     		movs	r3, #0
 2167 0002 FFF7FEBF 		b	__ll_aton_stai_network_set_inputs_or_weights
 2168              	.LVL179:
 2169              		.loc 1 504 10 view .LVU656
 2170              		.cfi_endproc
 2171              	.LFE335:
 2173              		.section	.text.stai_network_set_outputs,"ax",%progbits
 2174              		.align	1
 2175              		.global	stai_network_set_outputs
 2176              		.syntax unified
 2177              		.thumb
 2178              		.thumb_func
 2180              	stai_network_set_outputs:
 2181              	.LVL180:
 2182              	.LFB336:
 505:../../Model/STM32N6570-DK/stai_network.c **** }
 506:../../Model/STM32N6570-DK/stai_network.c **** 
 507:../../Model/STM32N6570-DK/stai_network.c **** STAI_API_ENTRY
 508:../../Model/STM32N6570-DK/stai_network.c **** stai_return_code stai_network_set_outputs(stai_network *network, const stai_ptr *outputs,
 509:../../Model/STM32N6570-DK/stai_network.c ****                                                         const stai_size n_outputs)
 510:../../Model/STM32N6570-DK/stai_network.c **** {
 2183              		.loc 1 510 1 is_stmt 1 view -0
 2184              		.cfi_startproc
 2185              		@ args = 0, pretend = 0, frame = 0
 2186              		@ frame_needed = 0, uses_anonymous_args = 0
 2187              		@ link register save eliminated.
 511:../../Model/STM32N6570-DK/stai_network.c ****   return __ll_aton_stai_network_set_outputs_or_activations(network, outputs, n_outputs, true);
ARM GAS  /tmp/ccYuK7WA.s 			page 68


 2188              		.loc 1 511 3 view .LVU658
 2189              		.loc 1 511 10 is_stmt 0 view .LVU659
 2190 0000 0123     		movs	r3, #1
 2191 0002 FFF7FEBF 		b	__ll_aton_stai_network_set_outputs_or_activations
 2192              	.LVL181:
 2193              		.loc 1 511 10 view .LVU660
 2194              		.cfi_endproc
 2195              	.LFE336:
 2197              		.section	.text.stai_network_set_activations,"ax",%progbits
 2198              		.align	1
 2199              		.global	stai_network_set_activations
 2200              		.syntax unified
 2201              		.thumb
 2202              		.thumb_func
 2204              	stai_network_set_activations:
 2205              	.LVL182:
 2206              	.LFB337:
 512:../../Model/STM32N6570-DK/stai_network.c **** }
 513:../../Model/STM32N6570-DK/stai_network.c **** 
 514:../../Model/STM32N6570-DK/stai_network.c **** STAI_API_ENTRY
 515:../../Model/STM32N6570-DK/stai_network.c **** stai_return_code stai_network_set_activations(stai_network *network, const stai_ptr *activations,
 516:../../Model/STM32N6570-DK/stai_network.c ****                                                             const stai_size n_activations)
 517:../../Model/STM32N6570-DK/stai_network.c **** {
 2207              		.loc 1 517 1 is_stmt 1 view -0
 2208              		.cfi_startproc
 2209              		@ args = 0, pretend = 0, frame = 0
 2210              		@ frame_needed = 0, uses_anonymous_args = 0
 2211              		@ link register save eliminated.
 518:../../Model/STM32N6570-DK/stai_network.c ****   return __ll_aton_stai_network_set_outputs_or_activations(network, activations, n_activations, fal
 2212              		.loc 1 518 3 view .LVU662
 2213              		.loc 1 518 10 is_stmt 0 view .LVU663
 2214 0000 0023     		movs	r3, #0
 2215 0002 FFF7FEBF 		b	__ll_aton_stai_network_set_outputs_or_activations
 2216              	.LVL183:
 2217              		.loc 1 518 10 view .LVU664
 2218              		.cfi_endproc
 2219              	.LFE337:
 2221              		.section	.text.stai_network_set_states,"ax",%progbits
 2222              		.align	1
 2223              		.global	stai_network_set_states
 2224              		.syntax unified
 2225              		.thumb
 2226              		.thumb_func
 2228              	stai_network_set_states:
 2229              	.LVL184:
 2230              	.LFB338:
 519:../../Model/STM32N6570-DK/stai_network.c **** }
 520:../../Model/STM32N6570-DK/stai_network.c **** 
 521:../../Model/STM32N6570-DK/stai_network.c **** STAI_API_ENTRY
 522:../../Model/STM32N6570-DK/stai_network.c **** stai_return_code stai_network_set_states(stai_network *network, const stai_ptr *states,
 523:../../Model/STM32N6570-DK/stai_network.c ****                                                        const stai_size n_states)
 524:../../Model/STM32N6570-DK/stai_network.c **** {
 2231              		.loc 1 524 1 is_stmt 1 view -0
 2232              		.cfi_startproc
 2233              		@ args = 0, pretend = 0, frame = 8
 2234              		@ frame_needed = 0, uses_anonymous_args = 0
 525:../../Model/STM32N6570-DK/stai_network.c ****   LL_ATON_LIB_UNUSED(states);
ARM GAS  /tmp/ccYuK7WA.s 			page 69


 2235              		.loc 1 525 3 view .LVU666
 526:../../Model/STM32N6570-DK/stai_network.c **** 
 527:../../Model/STM32N6570-DK/stai_network.c ****   /* check context & network interface handle */
 528:../../Model/STM32N6570-DK/stai_network.c ****   __LL_ATON_STAI_ACQUIRE_INTERFACE(nn_i_ptr, network);
 2236              		.loc 1 528 3 view .LVU667
 2237 0000 0023     		movs	r3, #0
 524:../../Model/STM32N6570-DK/stai_network.c ****   LL_ATON_LIB_UNUSED(states);
 2238              		.loc 1 524 1 is_stmt 0 view .LVU668
 2239 0002 13B5     		push	{r0, r1, r4, lr}
 2240              		.cfi_def_cfa_offset 16
 2241              		.cfi_offset 4, -8
 2242              		.cfi_offset 14, -4
 2243              		.loc 1 528 3 view .LVU669
 2244 0004 01A9     		add	r1, sp, #4
 2245              	.LVL185:
 524:../../Model/STM32N6570-DK/stai_network.c ****   LL_ATON_LIB_UNUSED(states);
 2246              		.loc 1 524 1 view .LVU670
 2247 0006 0446     		mov	r4, r0
 2248              		.loc 1 528 3 view .LVU671
 2249 0008 0193     		str	r3, [sp, #4]
 2250              		.loc 1 528 3 is_stmt 1 view .LVU672
 2251 000a FFF7FEFF 		bl	__ll_aton_stai_check_context_network_handle.constprop.0
 2252              	.LVL186:
 2253              		.loc 1 528 3 discriminator 1 view .LVU673
 2254 000e B0F5003F 		cmp	r0, #131072
 2255 0012 0BD2     		bcs	.L267
 2256              		.loc 1 528 54 view .LVU674
 529:../../Model/STM32N6570-DK/stai_network.c ****   __LL_ATON_STAI_CHECK_NETWORK_INTERFACE(nn_i_ptr, (_stai_aton_context *)network);
 2257              		.loc 1 529 3 view .LVU675
 2258              		.loc 1 529 3 view .LVU676
 2259 0014 0E4B     		ldr	r3, .L280
 2260 0016 0199     		ldr	r1, [sp, #4]
 2261 0018 9942     		cmp	r1, r3
 2262 001a 0CD0     		beq	.L268
 2263              		.loc 1 529 3 discriminator 1 view .LVU677
 2264              		.loc 1 529 3 discriminator 1 view .LVU678
 2265 001c 34B1     		cbz	r4, .L267
 2266              		.loc 1 529 3 discriminator 3 view .LVU679
 2267 001e E36B     		ldr	r3, [r4, #60]
 2268 0020 B3F5003F 		cmp	r3, #131072
 2269              		.loc 1 529 3 discriminator 4 view .LVU680
 2270 0024 3CBF     		itt	cc
 2271 0026 4FF44033 		movcc	r3, #196608
 2272 002a E363     		strcc	r3, [r4, #60]
 2273              	.L267:
 528:../../Model/STM32N6570-DK/stai_network.c ****   __LL_ATON_STAI_CHECK_NETWORK_INTERFACE(nn_i_ptr, (_stai_aton_context *)network);
 2274              		.loc 1 528 3 is_stmt 0 discriminator 1 view .LVU681
 2275 002c 4FF44032 		mov	r2, #196608
 2276              	.LVL187:
 2277              	.L269:
 530:../../Model/STM32N6570-DK/stai_network.c **** 
 531:../../Model/STM32N6570-DK/stai_network.c ****   if (n_states != 0)
 532:../../Model/STM32N6570-DK/stai_network.c ****     __LL_ATON_STAI_SET_1ST_CTX_ERROR_AND_RETURN((_stai_aton_context *)network, STAI_ERROR_NETWORK_I
 533:../../Model/STM32N6570-DK/stai_network.c ****   else
 534:../../Model/STM32N6570-DK/stai_network.c ****     return STAI_SUCCESS;
 535:../../Model/STM32N6570-DK/stai_network.c **** }
 2278              		.loc 1 535 1 view .LVU682
ARM GAS  /tmp/ccYuK7WA.s 			page 70


 2279 0030 1046     		mov	r0, r2
 2280              	.LVL188:
 2281              		.loc 1 535 1 view .LVU683
 2282 0032 02B0     		add	sp, sp, #8
 2283              		.cfi_remember_state
 2284              		.cfi_def_cfa_offset 8
 2285              		@ sp needed
 2286 0034 10BD     		pop	{r4, pc}
 2287              	.LVL189:
 2288              	.L268:
 2289              		.cfi_restore_state
 529:../../Model/STM32N6570-DK/stai_network.c **** 
 2290              		.loc 1 529 3 is_stmt 1 view .LVU684
 529:../../Model/STM32N6570-DK/stai_network.c **** 
 2291              		.loc 1 529 3 view .LVU685
 531:../../Model/STM32N6570-DK/stai_network.c ****     __LL_ATON_STAI_SET_1ST_CTX_ERROR_AND_RETURN((_stai_aton_context *)network, STAI_ERROR_NETWORK_I
 2292              		.loc 1 531 3 view .LVU686
 531:../../Model/STM32N6570-DK/stai_network.c ****     __LL_ATON_STAI_SET_1ST_CTX_ERROR_AND_RETURN((_stai_aton_context *)network, STAI_ERROR_NETWORK_I
 2293              		.loc 1 531 6 is_stmt 0 view .LVU687
 2294 0036 002A     		cmp	r2, #0
 2295 0038 FAD0     		beq	.L269
 532:../../Model/STM32N6570-DK/stai_network.c ****   else
 2296              		.loc 1 532 5 is_stmt 1 view .LVU688
 532:../../Model/STM32N6570-DK/stai_network.c ****   else
 2297              		.loc 1 532 5 view .LVU689
 2298 003a 002C     		cmp	r4, #0
 2299 003c F6D0     		beq	.L267
 532:../../Model/STM32N6570-DK/stai_network.c ****   else
 2300              		.loc 1 532 5 discriminator 2 view .LVU690
 2301 003e E36B     		ldr	r3, [r4, #60]
 532:../../Model/STM32N6570-DK/stai_network.c ****   else
 2302              		.loc 1 532 5 is_stmt 0 discriminator 5 view .LVU691
 2303 0040 044A     		ldr	r2, .L280+4
 2304              	.LVL190:
 532:../../Model/STM32N6570-DK/stai_network.c ****   else
 2305              		.loc 1 532 5 discriminator 2 view .LVU692
 2306 0042 B3F5003F 		cmp	r3, #131072
 532:../../Model/STM32N6570-DK/stai_network.c ****   else
 2307              		.loc 1 532 5 is_stmt 1 discriminator 3 view .LVU693
 2308 0046 3CBF     		itt	cc
 2309 0048 024B     		ldrcc	r3, .L280+4
 2310 004a E363     		strcc	r3, [r4, #60]
 2311 004c F0E7     		b	.L269
 2312              	.L281:
 2313 004e 00BF     		.align	2
 2314              	.L280:
 2315 0050 00000000 		.word	NN_Interface_network
 2316 0054 31000400 		.word	262193
 2317              		.cfi_endproc
 2318              	.LFE338:
 2320              		.section	.text.stai_network_set_callback,"ax",%progbits
 2321              		.align	1
 2322              		.global	stai_network_set_callback
 2323              		.syntax unified
 2324              		.thumb
 2325              		.thumb_func
 2327              	stai_network_set_callback:
ARM GAS  /tmp/ccYuK7WA.s 			page 71


 2328              	.LVL191:
 2329              	.LFB339:
 536:../../Model/STM32N6570-DK/stai_network.c **** 
 537:../../Model/STM32N6570-DK/stai_network.c **** STAI_API_ENTRY
 538:../../Model/STM32N6570-DK/stai_network.c **** stai_return_code stai_network_set_callback(stai_network *network, const stai_event_cb cb, void *cb_
 539:../../Model/STM32N6570-DK/stai_network.c **** {
 2330              		.loc 1 539 1 view -0
 2331              		.cfi_startproc
 2332              		@ args = 0, pretend = 0, frame = 0
 2333              		@ frame_needed = 0, uses_anonymous_args = 0
 540:../../Model/STM32N6570-DK/stai_network.c ****   if (network == NULL)
 2334              		.loc 1 540 3 view .LVU695
 539:../../Model/STM32N6570-DK/stai_network.c ****   if (network == NULL)
 2335              		.loc 1 539 1 is_stmt 0 view .LVU696
 2336 0000 10B5     		push	{r4, lr}
 2337              		.cfi_def_cfa_offset 8
 2338              		.cfi_offset 4, -8
 2339              		.cfi_offset 14, -4
 2340              		.loc 1 540 6 view .LVU697
 2341 0002 58B1     		cbz	r0, .L283
 541:../../Model/STM32N6570-DK/stai_network.c ****   {
 542:../../Model/STM32N6570-DK/stai_network.c ****     return STAI_ERROR_NETWORK_INVALID_CONTEXT_HANDLE;
 543:../../Model/STM32N6570-DK/stai_network.c ****   }
 544:../../Model/STM32N6570-DK/stai_network.c **** 
 545:../../Model/STM32N6570-DK/stai_network.c ****   _stai_aton_context *nn_ctx = (_stai_aton_context *)network;
 2342              		.loc 1 545 3 is_stmt 1 view .LVU698
 2343              	.LVL192:
 546:../../Model/STM32N6570-DK/stai_network.c **** 
 547:../../Model/STM32N6570-DK/stai_network.c ****   if ((nn_ctx->network_instance.network != NULL) &&
 2344              		.loc 1 547 3 view .LVU699
 2345              		.loc 1 547 32 is_stmt 0 view .LVU700
 2346 0004 0368     		ldr	r3, [r0]
 2347              		.loc 1 547 6 view .LVU701
 2348 0006 63B1     		cbz	r3, .L284
 2349              		.loc 1 547 50 discriminator 1 view .LVU702
 2350 0008 0A4C     		ldr	r4, .L296
 2351 000a A342     		cmp	r3, r4
 2352 000c 09D0     		beq	.L284
 548:../../Model/STM32N6570-DK/stai_network.c ****       (nn_ctx->network_instance.network != &NN_Interface_network))
 549:../../Model/STM32N6570-DK/stai_network.c ****   {
 550:../../Model/STM32N6570-DK/stai_network.c ****     __LL_ATON_STAI_SET_1ST_CTX_ERROR_AND_RETURN(nn_ctx, STAI_ERROR_NETWORK_INVALID_CONTEXT_HANDLE);
 2353              		.loc 1 550 5 is_stmt 1 view .LVU703
 2354              		.loc 1 550 5 view .LVU704
 2355              		.loc 1 550 5 discriminator 2 view .LVU705
 2356 000e C36B     		ldr	r3, [r0, #60]
 2357 0010 B3F5003F 		cmp	r3, #131072
 2358              		.loc 1 550 5 discriminator 3 view .LVU706
 2359 0014 3CBF     		itt	cc
 2360 0016 4FF44033 		movcc	r3, #196608
 2361 001a C363     		strcc	r3, [r0, #60]
 2362              	.LVL193:
 2363              	.L283:
 542:../../Model/STM32N6570-DK/stai_network.c ****   }
 2364              		.loc 1 542 12 is_stmt 0 view .LVU707
 2365 001c 4FF44030 		mov	r0, #196608
 2366              	.LVL194:
 2367              	.L282:
ARM GAS  /tmp/ccYuK7WA.s 			page 72


 551:../../Model/STM32N6570-DK/stai_network.c ****   }
 552:../../Model/STM32N6570-DK/stai_network.c **** 
 553:../../Model/STM32N6570-DK/stai_network.c ****   nn_ctx->callback = cb;
 554:../../Model/STM32N6570-DK/stai_network.c ****   nn_ctx->callback_cookie = cb_cookie;
 555:../../Model/STM32N6570-DK/stai_network.c **** 
 556:../../Model/STM32N6570-DK/stai_network.c ****   LL_ATON_RT_SetNetworkCallback(&nn_ctx->network_instance,
 557:../../Model/STM32N6570-DK/stai_network.c ****                                 (cb != NULL) ? _stai_aton_internal_epoch_block_callback : NULL);
 558:../../Model/STM32N6570-DK/stai_network.c **** 
 559:../../Model/STM32N6570-DK/stai_network.c ****   return STAI_SUCCESS;
 560:../../Model/STM32N6570-DK/stai_network.c **** }
 2368              		.loc 1 560 1 view .LVU708
 2369 0020 10BD     		pop	{r4, pc}
 2370              	.LVL195:
 2371              	.L284:
 550:../../Model/STM32N6570-DK/stai_network.c ****   }
 2372              		.loc 1 550 5 is_stmt 1 view .LVU709
 553:../../Model/STM32N6570-DK/stai_network.c ****   nn_ctx->callback_cookie = cb_cookie;
 2373              		.loc 1 553 3 view .LVU710
 554:../../Model/STM32N6570-DK/stai_network.c **** 
 2374              		.loc 1 554 27 is_stmt 0 view .LVU711
 2375 0022 C0E90C12 		strd	r1, r2, [r0, #48]
 556:../../Model/STM32N6570-DK/stai_network.c ****                                 (cb != NULL) ? _stai_aton_internal_epoch_block_callback : NULL);
 2376              		.loc 1 556 3 is_stmt 1 view .LVU712
 2377 0026 01B1     		cbz	r1, .L286
 556:../../Model/STM32N6570-DK/stai_network.c ****                                 (cb != NULL) ? _stai_aton_internal_epoch_block_callback : NULL);
 2378              		.loc 1 556 3 is_stmt 0 discriminator 1 view .LVU713
 2379 0028 0349     		ldr	r1, .L296+4
 2380              	.LVL196:
 2381              	.L286:
 556:../../Model/STM32N6570-DK/stai_network.c ****                                 (cb != NULL) ? _stai_aton_internal_epoch_block_callback : NULL);
 2382              		.loc 1 556 3 discriminator 4 view .LVU714
 2383 002a FFF7FEFF 		bl	LL_ATON_RT_SetNetworkCallback
 2384              	.LVL197:
 559:../../Model/STM32N6570-DK/stai_network.c **** }
 2385              		.loc 1 559 3 is_stmt 1 view .LVU715
 559:../../Model/STM32N6570-DK/stai_network.c **** }
 2386              		.loc 1 559 10 is_stmt 0 view .LVU716
 2387 002e 0020     		movs	r0, #0
 2388 0030 F6E7     		b	.L282
 2389              	.L297:
 2390 0032 00BF     		.align	2
 2391              	.L296:
 2392 0034 00000000 		.word	NN_Interface_network
 2393 0038 00000000 		.word	_stai_aton_internal_epoch_block_callback
 2394              		.cfi_endproc
 2395              	.LFE339:
 2397              		.section	.text.stai_ext_network_run_continue,"ax",%progbits
 2398              		.align	1
 2399              		.global	stai_ext_network_run_continue
 2400              		.syntax unified
 2401              		.thumb
 2402              		.thumb_func
 2404              	stai_ext_network_run_continue:
 2405              	.LVL198:
 2406              	.LFB340:
 561:../../Model/STM32N6570-DK/stai_network.c **** 
 562:../../Model/STM32N6570-DK/stai_network.c **** /***************************************************************************/
ARM GAS  /tmp/ccYuK7WA.s 			page 73


 563:../../Model/STM32N6570-DK/stai_network.c **** /*  Extended ATON Target Specific APIs  */
 564:../../Model/STM32N6570-DK/stai_network.c **** STAI_API_ENTRY
 565:../../Model/STM32N6570-DK/stai_network.c **** stai_return_code stai_ext_network_run_continue(stai_network *network)
 566:../../Model/STM32N6570-DK/stai_network.c **** {
 2407              		.loc 1 566 1 is_stmt 1 view -0
 2408              		.cfi_startproc
 2409              		@ args = 0, pretend = 0, frame = 8
 2410              		@ frame_needed = 0, uses_anonymous_args = 0
 567:../../Model/STM32N6570-DK/stai_network.c ****   _stai_aton_context *nn_ctx = (_stai_aton_context *)network;
 2411              		.loc 1 567 3 view .LVU718
 568:../../Model/STM32N6570-DK/stai_network.c ****   if (nn_ctx == NULL)
 2412              		.loc 1 568 3 view .LVU719
 566:../../Model/STM32N6570-DK/stai_network.c ****   _stai_aton_context *nn_ctx = (_stai_aton_context *)network;
 2413              		.loc 1 566 1 is_stmt 0 view .LVU720
 2414 0000 13B5     		push	{r0, r1, r4, lr}
 2415              		.cfi_def_cfa_offset 16
 2416              		.cfi_offset 4, -8
 2417              		.cfi_offset 14, -4
 2418              		.loc 1 568 6 view .LVU721
 2419 0002 0446     		mov	r4, r0
 2420 0004 90B1     		cbz	r0, .L300
 569:../../Model/STM32N6570-DK/stai_network.c ****   {
 570:../../Model/STM32N6570-DK/stai_network.c ****     __LL_ATON_STAI_SET_1ST_CTX_ERROR_AND_RETURN((_stai_aton_context *)network,
 2421              		.loc 1 570 5 is_stmt 1 view .LVU722
 571:../../Model/STM32N6570-DK/stai_network.c ****                                                 STAI_ERROR_NETWORK_INVALID_CONTEXT_HANDLE);
 572:../../Model/STM32N6570-DK/stai_network.c ****   }
 573:../../Model/STM32N6570-DK/stai_network.c **** 
 574:../../Model/STM32N6570-DK/stai_network.c ****   __LL_ATON_STAI_ACQUIRE_INTERFACE(nn_i_ptr, network);
 2422              		.loc 1 574 3 view .LVU723
 2423 0006 0023     		movs	r3, #0
 2424 0008 01A9     		add	r1, sp, #4
 2425 000a 0193     		str	r3, [sp, #4]
 2426              		.loc 1 574 3 view .LVU724
 2427 000c FFF7FEFF 		bl	__ll_aton_stai_check_context_network_handle.constprop.0
 2428              	.LVL199:
 2429              		.loc 1 574 3 discriminator 1 view .LVU725
 2430 0010 B0F5003F 		cmp	r0, #131072
 2431 0014 0AD2     		bcs	.L300
 2432              		.loc 1 574 54 view .LVU726
 575:../../Model/STM32N6570-DK/stai_network.c ****   __LL_ATON_STAI_CHECK_NETWORK_INTERFACE(nn_i_ptr, nn_ctx);
 2433              		.loc 1 575 3 view .LVU727
 2434              		.loc 1 575 3 view .LVU728
 2435 0016 124B     		ldr	r3, .L306
 2436 0018 019A     		ldr	r2, [sp, #4]
 2437 001a 9A42     		cmp	r2, r3
 2438 001c 0AD0     		beq	.L302
 2439              		.loc 1 575 3 discriminator 1 view .LVU729
 2440              		.loc 1 575 3 discriminator 1 view .LVU730
 2441              		.loc 1 575 3 discriminator 3 view .LVU731
 2442 001e E36B     		ldr	r3, [r4, #60]
 2443 0020 B3F5003F 		cmp	r3, #131072
 2444              		.loc 1 575 3 discriminator 4 view .LVU732
 2445 0024 3CBF     		itt	cc
 2446 0026 4FF44033 		movcc	r3, #196608
 2447 002a E363     		strcc	r3, [r4, #60]
 2448              	.LVL200:
 2449              	.L300:
ARM GAS  /tmp/ccYuK7WA.s 			page 74


 570:../../Model/STM32N6570-DK/stai_network.c ****                                                 STAI_ERROR_NETWORK_INVALID_CONTEXT_HANDLE);
 2450              		.loc 1 570 5 is_stmt 0 discriminator 1 view .LVU733
 2451 002c 4FF44030 		mov	r0, #196608
 2452              	.L298:
 576:../../Model/STM32N6570-DK/stai_network.c **** 
 577:../../Model/STM32N6570-DK/stai_network.c ****   if (nn_ctx->network_instance.exec_state.current_epoch_block == NULL)
 578:../../Model/STM32N6570-DK/stai_network.c ****   {
 579:../../Model/STM32N6570-DK/stai_network.c ****     __LL_ATON_STAI_SET_1ST_CTX_ERROR_AND_RETURN(nn_ctx, STAI_ERROR_NETWORK_INVALID_API_ARGUMENTS);
 580:../../Model/STM32N6570-DK/stai_network.c ****   }
 581:../../Model/STM32N6570-DK/stai_network.c **** 
 582:../../Model/STM32N6570-DK/stai_network.c ****   __LL_ATON_START_CONT_EXEC(&nn_ctx->network_instance);
 583:../../Model/STM32N6570-DK/stai_network.c **** }
 2453              		.loc 1 583 1 view .LVU734
 2454 0030 02B0     		add	sp, sp, #8
 2455              		.cfi_remember_state
 2456              		.cfi_def_cfa_offset 8
 2457              		@ sp needed
 2458 0032 10BD     		pop	{r4, pc}
 2459              	.LVL201:
 2460              	.L302:
 2461              		.cfi_restore_state
 575:../../Model/STM32N6570-DK/stai_network.c **** 
 2462              		.loc 1 575 3 is_stmt 1 view .LVU735
 575:../../Model/STM32N6570-DK/stai_network.c **** 
 2463              		.loc 1 575 3 view .LVU736
 577:../../Model/STM32N6570-DK/stai_network.c ****   {
 2464              		.loc 1 577 3 view .LVU737
 577:../../Model/STM32N6570-DK/stai_network.c ****   {
 2465              		.loc 1 577 42 is_stmt 0 view .LVU738
 2466 0034 6368     		ldr	r3, [r4, #4]
 577:../../Model/STM32N6570-DK/stai_network.c ****   {
 2467              		.loc 1 577 6 view .LVU739
 2468 0036 3BB9     		cbnz	r3, .L304
 579:../../Model/STM32N6570-DK/stai_network.c ****   }
 2469              		.loc 1 579 5 is_stmt 1 view .LVU740
 579:../../Model/STM32N6570-DK/stai_network.c ****   }
 2470              		.loc 1 579 5 view .LVU741
 579:../../Model/STM32N6570-DK/stai_network.c ****   }
 2471              		.loc 1 579 5 discriminator 2 view .LVU742
 2472 0038 E36B     		ldr	r3, [r4, #60]
 579:../../Model/STM32N6570-DK/stai_network.c ****   }
 2473              		.loc 1 579 5 is_stmt 0 discriminator 5 view .LVU743
 2474 003a 0A48     		ldr	r0, .L306+4
 2475              	.LVL202:
 579:../../Model/STM32N6570-DK/stai_network.c ****   }
 2476              		.loc 1 579 5 discriminator 2 view .LVU744
 2477 003c B3F5003F 		cmp	r3, #131072
 579:../../Model/STM32N6570-DK/stai_network.c ****   }
 2478              		.loc 1 579 5 is_stmt 1 discriminator 3 view .LVU745
 2479 0040 3CBF     		itt	cc
 2480 0042 084B     		ldrcc	r3, .L306+4
 2481 0044 E363     		strcc	r3, [r4, #60]
 2482 0046 F3E7     		b	.L298
 2483              	.LVL203:
 2484              	.L304:
 579:../../Model/STM32N6570-DK/stai_network.c ****   }
 2485              		.loc 1 579 5 view .LVU746
ARM GAS  /tmp/ccYuK7WA.s 			page 75


 582:../../Model/STM32N6570-DK/stai_network.c **** }
 2486              		.loc 1 582 3 view .LVU747
 2487              	.LBB68:
 582:../../Model/STM32N6570-DK/stai_network.c **** }
 2488              		.loc 1 582 3 view .LVU748
 582:../../Model/STM32N6570-DK/stai_network.c **** }
 2489              		.loc 1 582 3 view .LVU749
 582:../../Model/STM32N6570-DK/stai_network.c **** }
 2490              		.loc 1 582 3 view .LVU750
 582:../../Model/STM32N6570-DK/stai_network.c **** }
 2491              		.loc 1 582 3 view .LVU751
 582:../../Model/STM32N6570-DK/stai_network.c **** }
 2492              		.loc 1 582 3 view .LVU752
 582:../../Model/STM32N6570-DK/stai_network.c **** }
 2493              		.loc 1 582 3 view .LVU753
 2494 0048 2046     		mov	r0, r4
 2495              	.LVL204:
 582:../../Model/STM32N6570-DK/stai_network.c **** }
 2496              		.loc 1 582 3 is_stmt 0 view .LVU754
 2497 004a FFF7FEFF 		bl	LL_ATON_RT_RunEpochBlock
 2498              	.LVL205:
 582:../../Model/STM32N6570-DK/stai_network.c **** }
 2499              		.loc 1 582 3 discriminator 1 view .LVU755
 2500 004e 2146     		mov	r1, r4
 2501 0050 FFF7FEFF 		bl	__ll_aton_stai_set_execution_status
 2502              	.LVL206:
 582:../../Model/STM32N6570-DK/stai_network.c **** }
 2503              		.loc 1 582 3 is_stmt 1 discriminator 2 view .LVU756
 2504 0054 2046     		mov	r0, r4
 2505              	.LBE68:
 2506              		.loc 1 583 1 is_stmt 0 view .LVU757
 2507 0056 02B0     		add	sp, sp, #8
 2508              		.cfi_def_cfa_offset 8
 2509              		@ sp needed
 2510 0058 BDE81040 		pop	{r4, lr}
 2511              		.cfi_restore 14
 2512              		.cfi_restore 4
 2513              		.cfi_def_cfa_offset 0
 2514              	.LVL207:
 2515              	.LBB69:
 582:../../Model/STM32N6570-DK/stai_network.c **** }
 2516              		.loc 1 582 3 discriminator 2 view .LVU758
 2517 005c FFF7FEBF 		b	__ll_aton_stai_get_execution_status
 2518              	.LVL208:
 2519              	.L307:
 582:../../Model/STM32N6570-DK/stai_network.c **** }
 2520              		.loc 1 582 3 discriminator 2 view .LVU759
 2521              		.align	2
 2522              	.L306:
 2523 0060 00000000 		.word	NN_Interface_network
 2524 0064 01000200 		.word	131073
 2525              	.LBE69:
 2526              		.cfi_endproc
 2527              	.LFE340:
 2529              		.section	.text.stai_ext_network_get_nn_run_status,"ax",%progbits
 2530              		.align	1
 2531              		.global	stai_ext_network_get_nn_run_status
ARM GAS  /tmp/ccYuK7WA.s 			page 76


 2532              		.syntax unified
 2533              		.thumb
 2534              		.thumb_func
 2536              	stai_ext_network_get_nn_run_status:
 2537              	.LVL209:
 2538              	.LFB341:
 584:../../Model/STM32N6570-DK/stai_network.c **** 
 585:../../Model/STM32N6570-DK/stai_network.c **** STAI_API_ENTRY
 586:../../Model/STM32N6570-DK/stai_network.c **** stai_return_code stai_ext_network_get_nn_run_status(stai_network *network)
 587:../../Model/STM32N6570-DK/stai_network.c **** {
 2539              		.loc 1 587 1 is_stmt 1 view -0
 2540              		.cfi_startproc
 2541              		@ args = 0, pretend = 0, frame = 8
 2542              		@ frame_needed = 0, uses_anonymous_args = 0
 588:../../Model/STM32N6570-DK/stai_network.c ****   /* check context & network interface handle */
 589:../../Model/STM32N6570-DK/stai_network.c ****   __LL_ATON_STAI_ACQUIRE_INTERFACE(nn_i_ptr, network);
 2543              		.loc 1 589 3 view .LVU761
 2544 0000 0023     		movs	r3, #0
 587:../../Model/STM32N6570-DK/stai_network.c ****   /* check context & network interface handle */
 2545              		.loc 1 587 1 is_stmt 0 view .LVU762
 2546 0002 07B5     		push	{r0, r1, r2, lr}
 2547              		.cfi_def_cfa_offset 16
 2548              		.cfi_offset 14, -4
 2549              		.loc 1 589 3 view .LVU763
 2550 0004 01A9     		add	r1, sp, #4
 587:../../Model/STM32N6570-DK/stai_network.c ****   /* check context & network interface handle */
 2551              		.loc 1 587 1 view .LVU764
 2552 0006 0246     		mov	r2, r0
 2553              		.loc 1 589 3 view .LVU765
 2554 0008 0193     		str	r3, [sp, #4]
 2555              		.loc 1 589 3 is_stmt 1 view .LVU766
 2556 000a FFF7FEFF 		bl	__ll_aton_stai_check_context_network_handle.constprop.0
 2557              	.LVL210:
 2558              		.loc 1 589 3 discriminator 1 view .LVU767
 2559 000e B0F5003F 		cmp	r0, #131072
 2560 0012 0BD2     		bcs	.L311
 2561              		.loc 1 589 54 view .LVU768
 590:../../Model/STM32N6570-DK/stai_network.c ****   __LL_ATON_STAI_CHECK_NETWORK_INTERFACE(nn_i_ptr, (_stai_aton_context *)network);
 2562              		.loc 1 590 3 view .LVU769
 2563              		.loc 1 590 3 view .LVU770
 2564 0014 0A4B     		ldr	r3, .L315
 2565 0016 0199     		ldr	r1, [sp, #4]
 2566 0018 9942     		cmp	r1, r3
 2567 001a 0BD0     		beq	.L310
 2568              		.loc 1 590 3 discriminator 1 view .LVU771
 2569              		.loc 1 590 3 discriminator 1 view .LVU772
 2570 001c 32B1     		cbz	r2, .L311
 2571              		.loc 1 590 3 discriminator 3 view .LVU773
 2572 001e D36B     		ldr	r3, [r2, #60]
 2573 0020 B3F5003F 		cmp	r3, #131072
 2574 0024 02D2     		bcs	.L311
 2575              		.loc 1 590 3 discriminator 4 view .LVU774
 2576 0026 4FF44033 		mov	r3, #196608
 2577 002a D363     		str	r3, [r2, #60]
 2578              	.L311:
 591:../../Model/STM32N6570-DK/stai_network.c **** 
 592:../../Model/STM32N6570-DK/stai_network.c ****   /* get current execution status */
ARM GAS  /tmp/ccYuK7WA.s 			page 77


 593:../../Model/STM32N6570-DK/stai_network.c ****   STAI_ASSERT(network != NULL);
 594:../../Model/STM32N6570-DK/stai_network.c ****   _stai_aton_context *stai_nn_ctx =
 595:../../Model/STM32N6570-DK/stai_network.c ****       (_stai_aton_context *)((void *)network) - offsetof(_stai_aton_context, network_instance);
 596:../../Model/STM32N6570-DK/stai_network.c ****   stai_return_code current_exec_status = __ll_aton_stai_get_execution_status(stai_nn_ctx);
 597:../../Model/STM32N6570-DK/stai_network.c **** 
 598:../../Model/STM32N6570-DK/stai_network.c ****   return current_exec_status;
 599:../../Model/STM32N6570-DK/stai_network.c **** }
 2579              		.loc 1 599 1 is_stmt 0 view .LVU775
 2580 002c 4FF44030 		mov	r0, #196608
 2581              	.LVL211:
 2582              		.loc 1 599 1 view .LVU776
 2583 0030 03B0     		add	sp, sp, #12
 2584              		.cfi_remember_state
 2585              		.cfi_def_cfa_offset 4
 2586              		@ sp needed
 2587 0032 00BD     		pop	{pc}
 2588              	.LVL212:
 2589              	.L310:
 2590              		.cfi_restore_state
 590:../../Model/STM32N6570-DK/stai_network.c ****   __LL_ATON_STAI_CHECK_NETWORK_INTERFACE(nn_i_ptr, (_stai_aton_context *)network);
 2591              		.loc 1 590 3 is_stmt 1 view .LVU777
 590:../../Model/STM32N6570-DK/stai_network.c ****   __LL_ATON_STAI_CHECK_NETWORK_INTERFACE(nn_i_ptr, (_stai_aton_context *)network);
 2592              		.loc 1 590 3 view .LVU778
 593:../../Model/STM32N6570-DK/stai_network.c ****   _stai_aton_context *stai_nn_ctx =
 2593              		.loc 1 593 3 view .LVU779
 593:../../Model/STM32N6570-DK/stai_network.c ****   _stai_aton_context *stai_nn_ctx =
 2594              		.loc 1 593 3 view .LVU780
 593:../../Model/STM32N6570-DK/stai_network.c ****   _stai_aton_context *stai_nn_ctx =
 2595              		.loc 1 593 3 view .LVU781
 593:../../Model/STM32N6570-DK/stai_network.c ****   _stai_aton_context *stai_nn_ctx =
 2596              		.loc 1 593 31 view .LVU782
 594:../../Model/STM32N6570-DK/stai_network.c ****       (_stai_aton_context *)((void *)network) - offsetof(_stai_aton_context, network_instance);
 2597              		.loc 1 594 3 view .LVU783
 596:../../Model/STM32N6570-DK/stai_network.c **** 
 2598              		.loc 1 596 3 view .LVU784
 596:../../Model/STM32N6570-DK/stai_network.c **** 
 2599              		.loc 1 596 42 is_stmt 0 view .LVU785
 2600 0034 1046     		mov	r0, r2
 2601              	.LVL213:
 2602              		.loc 1 599 1 view .LVU786
 2603 0036 03B0     		add	sp, sp, #12
 2604              		.cfi_def_cfa_offset 4
 2605              		@ sp needed
 2606 0038 5DF804EB 		ldr	lr, [sp], #4
 596:../../Model/STM32N6570-DK/stai_network.c **** 
 2607              		.loc 1 596 42 view .LVU787
 2608 003c FFF7FEBF 		b	__ll_aton_stai_get_execution_status
 2609              	.LVL214:
 2610              	.L316:
 596:../../Model/STM32N6570-DK/stai_network.c **** 
 2611              		.loc 1 596 42 view .LVU788
 2612              		.align	2
 2613              	.L315:
 2614 0040 00000000 		.word	NN_Interface_network
 2615              		.cfi_endproc
 2616              	.LFE341:
 2618              		.section	.text.stai_ext_network_new_inference,"ax",%progbits
ARM GAS  /tmp/ccYuK7WA.s 			page 78


 2619              		.align	1
 2620              		.global	stai_ext_network_new_inference
 2621              		.syntax unified
 2622              		.thumb
 2623              		.thumb_func
 2625              	stai_ext_network_new_inference:
 2626              	.LVL215:
 2627              	.LFB342:
 600:../../Model/STM32N6570-DK/stai_network.c **** 
 601:../../Model/STM32N6570-DK/stai_network.c **** STAI_API_ENTRY
 602:../../Model/STM32N6570-DK/stai_network.c **** stai_return_code stai_ext_network_new_inference(stai_network *network)
 603:../../Model/STM32N6570-DK/stai_network.c **** {
 2628              		.loc 1 603 1 is_stmt 1 view -0
 2629              		.cfi_startproc
 2630              		@ args = 0, pretend = 0, frame = 0
 2631              		@ frame_needed = 0, uses_anonymous_args = 0
 2632              		@ link register save eliminated.
 604:../../Model/STM32N6570-DK/stai_network.c ****   return __ll_aton_stai_reset(network);
 2633              		.loc 1 604 3 view .LVU790
 2634              		.loc 1 604 10 is_stmt 0 view .LVU791
 2635 0000 FFF7FEBF 		b	__ll_aton_stai_reset
 2636              	.LVL216:
 2637              		.loc 1 604 10 view .LVU792
 2638              		.cfi_endproc
 2639              	.LFE342:
 2641              		.section	.rodata.__func__.0,"a"
 2644              	__func__.0:
 2645 0000 5F5F6C6C 		.ascii	"__ll_aton_stai_network_set_outputs_or_activations\000"
 2645      5F61746F 
 2645      6E5F7374 
 2645      61695F6E 
 2645      6574776F 
 2646              		.section	.rodata.__func__.1,"a"
 2649              	__func__.1:
 2650 0000 5F5F6C6C 		.ascii	"__ll_aton_stai_network_set_inputs_or_weights\000"
 2650      5F61746F 
 2650      6E5F7374 
 2650      61695F6E 
 2650      6574776F 
 2651              		.section	.rodata.__func__.2,"a"
 2654              	__func__.2:
 2655 0000 5F5F6C6C 		.ascii	"__ll_aton_stai_network_get_outputs_or_activations\000"
 2655      5F61746F 
 2655      6E5F7374 
 2655      61695F6E 
 2655      6574776F 
 2656              		.section	.rodata.__func__.3,"a"
 2659              	__func__.3:
 2660 0000 5F5F6C6C 		.ascii	"__ll_aton_stai_network_get_inputs_or_weights\000"
 2660      5F61746F 
 2660      6E5F7374 
 2660      61695F6E 
 2660      6574776F 
 2661              		.section	.rodata.str1.1,"aMS",%progbits,1
 2662              	.LC8:
 2663 0000 5472616E 		.ascii	"Transpose_1_out_0\000"
 2663      73706F73 
ARM GAS  /tmp/ccYuK7WA.s 			page 79


 2663      655F315F 
 2663      6F75745F 
 2663      3000
 2664              	.LC9:
 2665 0012 5175616E 		.ascii	"Quantize_5_out_0\000"
 2665      74697A65 
 2665      5F355F6F 
 2665      75745F30 
 2665      00
 2666              	.LC10:
 2667 0023 436F6E76 		.ascii	"Conv2D_12_zero_off_out_10\000"
 2667      32445F31 
 2667      325F7A65 
 2667      726F5F6F 
 2667      66665F6F 
 2668              	.LC11:
 2669 003d 436F6E76 		.ascii	"Conv2D_16_zero_off_out_19\000"
 2669      32445F31 
 2669      365F7A65 
 2669      726F5F6F 
 2669      66665F6F 
 2670              	.LC12:
 2671 0057 436F6E76 		.ascii	"Conv2D_16_off_bias_out_25\000"
 2671      32445F31 
 2671      365F6F66 
 2671      665F6269 
 2671      61735F6F 
 2672              	.LC13:
 2673 0071 436F6E76 		.ascii	"Conv2D_24_zero_off_out_37\000"
 2673      32445F32 
 2673      345F7A65 
 2673      726F5F6F 
 2673      66665F6F 
 2674              	.LC14:
 2675 008b 436F6E76 		.ascii	"Conv2D_28_zero_off_out_46\000"
 2675      32445F32 
 2675      385F7A65 
 2675      726F5F6F 
 2675      66665F6F 
 2676              	.LC15:
 2677 00a5 436F6E76 		.ascii	"Conv2D_28_off_bias_out_52\000"
 2677      32445F32 
 2677      385F6F66 
 2677      665F6269 
 2677      61735F6F 
 2678              	.LC16:
 2679 00bf 436F6E76 		.ascii	"Conv2D_36_zero_off_out_64\000"
 2679      32445F33 
 2679      365F7A65 
 2679      726F5F6F 
 2679      66665F6F 
 2680              	.LC17:
 2681 00d9 436F6E76 		.ascii	"Conv2D_40_zero_off_out_73\000"
 2681      32445F34 
 2681      305F7A65 
 2681      726F5F6F 
 2681      66665F6F 
ARM GAS  /tmp/ccYuK7WA.s 			page 80


 2682              	.LC18:
 2683 00f3 4164645F 		.ascii	"Add_43_out_0\000"
 2683      34335F6F 
 2683      75745F30 
 2683      00
 2684              	.LC19:
 2685 0100 436F6E76 		.ascii	"Conv2D_46_off_bias_out_88\000"
 2685      32445F34 
 2685      365F6F66 
 2685      665F6269 
 2685      61735F6F 
 2686              	.LC20:
 2687 011a 436F6E76 		.ascii	"Conv2D_54_zero_off_out_100\000"
 2687      32445F35 
 2687      345F7A65 
 2687      726F5F6F 
 2687      66665F6F 
 2688              	.LC21:
 2689 0135 436F6E76 		.ascii	"Conv2D_58_zero_off_out_109\000"
 2689      32445F35 
 2689      385F7A65 
 2689      726F5F6F 
 2689      66665F6F 
 2690              	.LC22:
 2691 0150 436F6E76 		.ascii	"Conv2D_58_off_bias_out_115\000"
 2691      32445F35 
 2691      385F6F66 
 2691      665F6269 
 2691      61735F6F 
 2692              	.LC23:
 2693 016b 436F6E76 		.ascii	"Conv2D_66_zero_off_out_127\000"
 2693      32445F36 
 2693      365F7A65 
 2693      726F5F6F 
 2693      66665F6F 
 2694              	.LC24:
 2695 0186 436F6E76 		.ascii	"Conv2D_70_zero_off_out_136\000"
 2695      32445F37 
 2695      305F7A65 
 2695      726F5F6F 
 2695      66665F6F 
 2696              	.LC25:
 2697 01a1 4164645F 		.ascii	"Add_73_out_0\000"
 2697      37335F6F 
 2697      75745F30 
 2697      00
 2698              	.LC26:
 2699 01ae 436F6E76 		.ascii	"Conv2D_81_zero_off_out_154\000"
 2699      32445F38 
 2699      315F7A65 
 2699      726F5F6F 
 2699      66665F6F 
 2700              	.LC27:
 2701 01c9 436F6E76 		.ascii	"Conv2D_85_zero_off_out_163\000"
 2701      32445F38 
 2701      355F7A65 
 2701      726F5F6F 
ARM GAS  /tmp/ccYuK7WA.s 			page 81


 2701      66665F6F 
 2702              	.LC28:
 2703 01e4 4164645F 		.ascii	"Add_88_out_0\000"
 2703      38385F6F 
 2703      75745F30 
 2703      00
 2704              	.LC29:
 2705 01f1 436F6E76 		.ascii	"Conv2D_91_off_bias_out_178\000"
 2705      32445F39 
 2705      315F6F66 
 2705      665F6269 
 2705      61735F6F 
 2706              	.LC30:
 2707 020c 436F6E76 		.ascii	"Conv2D_99_zero_off_out_190\000"
 2707      32445F39 
 2707      395F7A65 
 2707      726F5F6F 
 2707      66665F6F 
 2708              	.LC31:
 2709 0227 436F6E76 		.ascii	"Conv2D_103_zero_off_out_199\000"
 2709      32445F31 
 2709      30335F7A 
 2709      65726F5F 
 2709      6F66665F 
 2710              	.LC32:
 2711 0243 436F6E76 		.ascii	"Conv2D_103_off_bias_out_205\000"
 2711      32445F31 
 2711      30335F6F 
 2711      66665F62 
 2711      6961735F 
 2712              	.LC33:
 2713 025f 436F6E76 		.ascii	"Conv2D_111_zero_off_out_214\000"
 2713      32445F31 
 2713      31315F7A 
 2713      65726F5F 
 2713      6F66665F 
 2714              	.LC34:
 2715 027b 436F6E76 		.ascii	"Conv2D_115_zero_off_out_223\000"
 2715      32445F31 
 2715      31355F7A 
 2715      65726F5F 
 2715      6F66665F 
 2716              	.LC35:
 2717 0297 4164645F 		.ascii	"Add_118_out_0\000"
 2717      3131385F 
 2717      6F75745F 
 2717      3000
 2718              	.LC36:
 2719 02a5 436F6E76 		.ascii	"Conv2D_126_zero_off_out_241\000"
 2719      32445F31 
 2719      32365F7A 
 2719      65726F5F 
 2719      6F66665F 
 2720              	.LC37:
 2721 02c1 436F6E76 		.ascii	"Conv2D_130_zero_off_out_250\000"
 2721      32445F31 
 2721      33305F7A 
ARM GAS  /tmp/ccYuK7WA.s 			page 82


 2721      65726F5F 
 2721      6F66665F 
 2722              	.LC38:
 2723 02dd 4164645F 		.ascii	"Add_133_out_0\000"
 2723      3133335F 
 2723      6F75745F 
 2723      3000
 2724              	.LC39:
 2725 02eb 436F6E76 		.ascii	"Conv2D_141_zero_off_out_268\000"
 2725      32445F31 
 2725      34315F7A 
 2725      65726F5F 
 2725      6F66665F 
 2726              	.LC40:
 2727 0307 436F6E76 		.ascii	"Conv2D_145_zero_off_out_277\000"
 2727      32445F31 
 2727      34355F7A 
 2727      65726F5F 
 2727      6F66665F 
 2728              	.LC41:
 2729 0323 4164645F 		.ascii	"Add_148_out_0\000"
 2729      3134385F 
 2729      6F75745F 
 2729      3000
 2730              	.LC42:
 2731 0331 436F6E76 		.ascii	"Conv2D_154_out_0_cp_in_29_cp_in_30_cp_in_31\000"
 2731      32445F31 
 2731      35345F6F 
 2731      75745F30 
 2731      5F63705F 
 2732              	.LC43:
 2733 035d 436F6E76 		.ascii	"Conv2D_151_off_bias_out_289\000"
 2733      32445F31 
 2733      35315F6F 
 2733      66665F62 
 2733      6961735F 
 2734              	.LC44:
 2735 0379 436F6E76 		.ascii	"Conv2D_159_zero_off_out_298\000"
 2735      32445F31 
 2735      35395F7A 
 2735      65726F5F 
 2735      6F66665F 
 2736              	.LC45:
 2737 0395 436F6E76 		.ascii	"Conv2D_163_zero_off_out_307\000"
 2737      32445F31 
 2737      36335F7A 
 2737      65726F5F 
 2737      6F66665F 
 2738              	.LC46:
 2739 03b1 436F6E76 		.ascii	"Conv2D_163_off_bias_out_313\000"
 2739      32445F31 
 2739      36335F6F 
 2739      66665F62 
 2739      6961735F 
 2740              	.LC47:
 2741 03cd 436F6E76 		.ascii	"Conv2D_171_zero_off_out_325\000"
 2741      32445F31 
ARM GAS  /tmp/ccYuK7WA.s 			page 83


 2741      37315F7A 
 2741      65726F5F 
 2741      6F66665F 
 2742              	.LC48:
 2743 03e9 436F6E76 		.ascii	"Conv2D_175_zero_off_out_334\000"
 2743      32445F31 
 2743      37355F7A 
 2743      65726F5F 
 2743      6F66665F 
 2744              	.LC49:
 2745 0405 436F6E76 		.ascii	"Conv2D_175_out_0_cp_in_40_cp_in_41\000"
 2745      32445F31 
 2745      37355F6F 
 2745      75745F30 
 2745      5F63705F 
 2746              	.LC50:
 2747 0428 4164645F 		.ascii	"Add_178_out_0\000"
 2747      3137385F 
 2747      6F75745F 
 2747      3000
 2748              	.LC51:
 2749 0436 436F6E76 		.ascii	"Conv2D_186_zero_off_out_352\000"
 2749      32445F31 
 2749      38365F7A 
 2749      65726F5F 
 2749      6F66665F 
 2750              	.LC52:
 2751 0452 436F6E76 		.ascii	"Conv2D_190_zero_off_out_361\000"
 2751      32445F31 
 2751      39305F7A 
 2751      65726F5F 
 2751      6F66665F 
 2752              	.LC53:
 2753 046e 436F6E76 		.ascii	"Conv2D_190_out_0_cp_in_45_cp_in_46\000"
 2753      32445F31 
 2753      39305F6F 
 2753      75745F30 
 2753      5F63705F 
 2754              	.LC54:
 2755 0491 4164645F 		.ascii	"Add_193_out_0\000"
 2755      3139335F 
 2755      6F75745F 
 2755      3000
 2756              	.LC55:
 2757 049f 436F6E76 		.ascii	"Conv2D_201_zero_off_out_379\000"
 2757      32445F32 
 2757      30315F7A 
 2757      65726F5F 
 2757      6F66665F 
 2758              	.LC56:
 2759 04bb 436F6E76 		.ascii	"Conv2D_205_zero_off_out_388\000"
 2759      32445F32 
 2759      30355F7A 
 2759      65726F5F 
 2759      6F66665F 
 2760              	.LC57:
 2761 04d7 436F6E76 		.ascii	"Conv2D_205_out_0_cp_in_50_cp_in_51\000"
ARM GAS  /tmp/ccYuK7WA.s 			page 84


 2761      32445F32 
 2761      30355F6F 
 2761      75745F30 
 2761      5F63705F 
 2762              	.LC58:
 2763 04fa 436F6E76 		.ascii	"Conv2D_205_off_bias_out_394\000"
 2763      32445F32 
 2763      30355F6F 
 2763      66665F62 
 2763      6961735F 
 2764              	.LC59:
 2765 0516 436F6E76 		.ascii	"Conv2D_208_out_0_cp_in_52_cp_in_53_cp_in_54\000"
 2765      32445F32 
 2765      30385F6F 
 2765      75745F30 
 2765      5F63705F 
 2766              	.LC60:
 2767 0542 436F6E76 		.ascii	"Conv2D_213_zero_off_out_406\000"
 2767      32445F32 
 2767      31335F7A 
 2767      65726F5F 
 2767      6F66665F 
 2768              	.LC61:
 2769 055e 436F6E76 		.ascii	"Conv2D_217_zero_off_out_415\000"
 2769      32445F32 
 2769      31375F7A 
 2769      65726F5F 
 2769      6F66665F 
 2770              	.LC62:
 2771 057a 436F6E76 		.ascii	"Conv2D_217_out_0_cp_in_55_cp_in_56_cp_in_57\000"
 2771      32445F32 
 2771      31375F6F 
 2771      75745F30 
 2771      5F63705F 
 2772              	.LC63:
 2773 05a6 4164645F 		.ascii	"Add_220_out_0\000"
 2773      3232305F 
 2773      6F75745F 
 2773      3000
 2774              	.LC64:
 2775 05b4 436F6E76 		.ascii	"Conv2D_223_out_0_cp_in_58_cp_in_59_cp_in_60\000"
 2775      32445F32 
 2775      32335F6F 
 2775      75745F30 
 2775      5F63705F 
 2776              	.LC65:
 2777 05e0 436F6E76 		.ascii	"Conv2D_228_zero_off_out_433\000"
 2777      32445F32 
 2777      32385F7A 
 2777      65726F5F 
 2777      6F66665F 
 2778              	.LC66:
 2779 05fc 436F6E76 		.ascii	"Conv2D_232_zero_off_out_442\000"
 2779      32445F32 
 2779      33325F7A 
 2779      65726F5F 
 2779      6F66665F 
ARM GAS  /tmp/ccYuK7WA.s 			page 85


 2780              	.LC67:
 2781 0618 436F6E76 		.ascii	"Conv2D_232_out_0_cp_in_61_cp_in_62_cp_in_63\000"
 2781      32445F32 
 2781      33325F6F 
 2781      75745F30 
 2781      5F63705F 
 2782              	.LC68:
 2783 0644 4164645F 		.ascii	"Add_235_out_0\000"
 2783      3233355F 
 2783      6F75745F 
 2783      3000
 2784              	.LC69:
 2785 0652 436F6E76 		.ascii	"Conv2D_238_out_0_cp_in_64_cp_in_65_cp_in_66\000"
 2785      32445F32 
 2785      33385F6F 
 2785      75745F30 
 2785      5F63705F 
 2786              	.LC70:
 2787 067e 436F6E76 		.ascii	"Conv2D_243_zero_off_out_460\000"
 2787      32445F32 
 2787      34335F7A 
 2787      65726F5F 
 2787      6F66665F 
 2788              	.LC71:
 2789 069a 436F6E76 		.ascii	"Conv2D_247_zero_off_out_469\000"
 2789      32445F32 
 2789      34375F7A 
 2789      65726F5F 
 2789      6F66665F 
 2790              	.LC72:
 2791 06b6 436F6E76 		.ascii	"Conv2D_247_out_0_cp_in_67_cp_in_68_cp_in_69\000"
 2791      32445F32 
 2791      34375F6F 
 2791      75745F30 
 2791      5F63705F 
 2792              	.LC73:
 2793 06e2 436F6E76 		.ascii	"Conv2D_247_off_bias_out_475\000"
 2793      32445F32 
 2793      34375F6F 
 2793      66665F62 
 2793      6961735F 
 2794              	.LC74:
 2795 06fe 436F6E76 		.ascii	"Conv2D_250_out_0_cp_in_70_cp_in_71_cp_in_72\000"
 2795      32445F32 
 2795      35305F6F 
 2795      75745F30 
 2795      5F63705F 
 2796              	.LC75:
 2797 072a 436F6E76 		.ascii	"Conv2D_254_zero_off_out_487\000"
 2797      32445F32 
 2797      35345F7A 
 2797      65726F5F 
 2797      6F66665F 
 2798              	.LC76:
 2799 0746 436F6E76 		.ascii	"Conv2D_254_out_0_cp_in_73_cp_in_74_cp_in_75\000"
 2799      32445F32 
 2799      35345F6F 
ARM GAS  /tmp/ccYuK7WA.s 			page 86


 2799      75745F30 
 2799      5F63705F 
 2800              	.LC77:
 2801 0772 436F6E76 		.ascii	"Conv2D_254_off_bias_out_493\000"
 2801      32445F32 
 2801      35345F6F 
 2801      66665F62 
 2801      6961735F 
 2802              	.LC78:
 2803 078e 52657369 		.ascii	"Resize_257_out_0\000"
 2803      7A655F32 
 2803      35375F6F 
 2803      75745F30 
 2803      00
 2804              	.LC79:
 2805 079f 4164645F 		.ascii	"Add_258_out_0\000"
 2805      3235385F 
 2805      6F75745F 
 2805      3000
 2806              	.LC80:
 2807 07ad 436F6E76 		.ascii	"Conv2D_262_off_bias_out_502\000"
 2807      32445F32 
 2807      36325F6F 
 2807      66665F62 
 2807      6961735F 
 2808              	.LC81:
 2809 07c9 436F6E76 		.ascii	"Conv2D_265_off_bias_out_511\000"
 2809      32445F32 
 2809      36355F6F 
 2809      66665F62 
 2809      6961735F 
 2810              	.LC82:
 2811 07e5 52657369 		.ascii	"Resize_269_out_0\000"
 2811      7A655F32 
 2811      36395F6F 
 2811      75745F30 
 2811      00
 2812              	.LC83:
 2813 07f6 4164645F 		.ascii	"Add_270_out_0\000"
 2813      3237305F 
 2813      6F75745F 
 2813      3000
 2814              	.LC84:
 2815 0804 436F6E76 		.ascii	"Conv2D_274_off_bias_out_520\000"
 2815      32445F32 
 2815      37345F6F 
 2815      66665F62 
 2815      6961735F 
 2816              	.LC85:
 2817 0820 436F6E76 		.ascii	"Conv2D_277_off_bias_out_529\000"
 2817      32445F32 
 2817      37375F6F 
 2817      66665F62 
 2817      6961735F 
 2818              	.LC86:
 2819 083c 52657369 		.ascii	"Resize_281_out_0\000"
 2819      7A655F32 
ARM GAS  /tmp/ccYuK7WA.s 			page 87


 2819      38315F6F 
 2819      75745F30 
 2819      00
 2820              	.LC87:
 2821 084d 4164645F 		.ascii	"Add_282_out_0\000"
 2821      3238325F 
 2821      6F75745F 
 2821      3000
 2822              	.LC88:
 2823 085b 436F6E76 		.ascii	"Conv2D_286_off_bias_out_538\000"
 2823      32445F32 
 2823      38365F6F 
 2823      66665F62 
 2823      6961735F 
 2824              	.LC89:
 2825 0877 436F6E76 		.ascii	"Conv2D_294_zero_off_out_550\000"
 2825      32445F32 
 2825      39345F7A 
 2825      65726F5F 
 2825      6F66665F 
 2826              	.LC90:
 2827 0893 436F6E76 		.ascii	"Conv2D_294_off_bias_out_556\000"
 2827      32445F32 
 2827      39345F6F 
 2827      66665F62 
 2827      6961735F 
 2828              	.LC91:
 2829 08af 436F6E76 		.ascii	"Conv2D_301_zero_off_out_568\000"
 2829      32445F33 
 2829      30315F7A 
 2829      65726F5F 
 2829      6F66665F 
 2830              	.LC92:
 2831 08cb 436F6E76 		.ascii	"Conv2D_301_off_bias_out_574\000"
 2831      32445F33 
 2831      30315F6F 
 2831      66665F62 
 2831      6961735F 
 2832              	.LC93:
 2833 08e7 4D617850 		.ascii	"MaxPool_304_out_0\000"
 2833      6F6F6C5F 
 2833      3330345F 
 2833      6F75745F 
 2833      3000
 2834              	.LC94:
 2835 08f9 4578705F 		.ascii	"Exp_306_out_0\000"
 2835      3330365F 
 2835      6F75745F 
 2835      3000
 2836              	.LC95:
 2837 0907 44657175 		.ascii	"Dequantize_311_out_0\000"
 2837      616E7469 
 2837      7A655F33 
 2837      31315F6F 
 2837      75745F30 
 2838              	.LC96:
 2839 091c 4578705F 		.ascii	"Exp_306_out_0_inserted_out766\000"
ARM GAS  /tmp/ccYuK7WA.s 			page 88


 2839      3330365F 
 2839      6F75745F 
 2839      305F696E 
 2839      73657274 
 2840              	.LC97:
 2841 093a 52656475 		.ascii	"ReduceSum_307_out_0\000"
 2841      63655375 
 2841      6D5F3330 
 2841      375F6F75 
 2841      745F3000 
 2842              	.LC98:
 2843 094e 52656475 		.ascii	"ReduceSum_307_out_0_inserted_out767\000"
 2843      63655375 
 2843      6D5F3330 
 2843      375F6F75 
 2843      745F305F 
 2844              	.LC99:
 2845 0972 44657175 		.ascii	"Dequantize_309_out_0\000"
 2845      616E7469 
 2845      7A655F33 
 2845      30395F6F 
 2845      75745F30 
 2846              	.LC100:
 2847 0987 4469765F 		.ascii	"Div_312_out_0\000"
 2847      3331325F 
 2847      6F75745F 
 2847      3000
 2848              	.LC101:
 2849 0995 5175616E 		.ascii	"Quantize_313_out_0\000"
 2849      74697A65 
 2849      5F333133 
 2849      5F6F7574 
 2849      5F3000
 2850              		.section	.data.__compound_literal.256,"aw"
 2851              		.align	2
 2854              	__compound_literal.256:
 2855 0000 00000300 		.word	196608
 2856 0004 89000000 		.word	137
 2857 0008 40040400 		.word	263232
 2858 000c 04000000 		.word	4
 2859 0010 00000000 		.word	__compound_literal.8
 2860 0014 01000000 		.word	1
 2861 0018 00000000 		.word	__compound_literal.9
 2862 001c 01000000 		.word	1
 2863 0020 00000000 		.word	__compound_literal.10
 2864 0024 00000000 		.word	.LC8
 2865 0028 00000300 		.word	196608
 2866 002c 89000000 		.word	137
 2867 0030 40048400 		.word	8651840
 2868 0034 04000000 		.word	4
 2869 0038 00000000 		.word	__compound_literal.11
 2870 003c 01000000 		.word	1
 2871 0040 00000000 		.word	__compound_literal.12
 2872 0044 01000000 		.word	1
 2873 0048 00000000 		.word	__compound_literal.13
 2874 004c 12000000 		.word	.LC9
 2875 0050 00000800 		.word	524288
ARM GAS  /tmp/ccYuK7WA.s 			page 89


 2876 0054 89000000 		.word	137
 2877 0058 40040400 		.word	263232
 2878 005c 04000000 		.word	4
 2879 0060 00000000 		.word	__compound_literal.14
 2880 0064 01000000 		.word	1
 2881 0068 00000000 		.word	__compound_literal.15
 2882 006c 01000000 		.word	1
 2883 0070 00000000 		.word	__compound_literal.16
 2884 0074 23000000 		.word	.LC10
 2885 0078 00000800 		.word	524288
 2886 007c 89000000 		.word	137
 2887 0080 40040400 		.word	263232
 2888 0084 04000000 		.word	4
 2889 0088 00000000 		.word	__compound_literal.17
 2890 008c 01000000 		.word	1
 2891 0090 00000000 		.word	__compound_literal.18
 2892 0094 01000000 		.word	1
 2893 0098 00000000 		.word	__compound_literal.19
 2894 009c 3D000000 		.word	.LC11
 2895 00a0 00000400 		.word	262144
 2896 00a4 89000000 		.word	137
 2897 00a8 40048400 		.word	8651840
 2898 00ac 04000000 		.word	4
 2899 00b0 00000000 		.word	__compound_literal.20
 2900 00b4 01000000 		.word	1
 2901 00b8 00000000 		.word	__compound_literal.21
 2902 00bc 01000000 		.word	1
 2903 00c0 00000000 		.word	__compound_literal.22
 2904 00c4 57000000 		.word	.LC12
 2905 00c8 00001800 		.word	1572864
 2906 00cc 89000000 		.word	137
 2907 00d0 40040400 		.word	263232
 2908 00d4 04000000 		.word	4
 2909 00d8 00000000 		.word	__compound_literal.23
 2910 00dc 01000000 		.word	1
 2911 00e0 00000000 		.word	__compound_literal.24
 2912 00e4 01000000 		.word	1
 2913 00e8 00000000 		.word	__compound_literal.25
 2914 00ec 71000000 		.word	.LC13
 2915 00f0 00000600 		.word	393216
 2916 00f4 89000000 		.word	137
 2917 00f8 40040400 		.word	263232
 2918 00fc 04000000 		.word	4
 2919 0100 00000000 		.word	__compound_literal.26
 2920 0104 01000000 		.word	1
 2921 0108 00000000 		.word	__compound_literal.27
 2922 010c 01000000 		.word	1
 2923 0110 00000000 		.word	__compound_literal.28
 2924 0114 8B000000 		.word	.LC14
 2925 0118 00800100 		.word	98304
 2926 011c 89000000 		.word	137
 2927 0120 40048400 		.word	8651840
 2928 0124 04000000 		.word	4
 2929 0128 00000000 		.word	__compound_literal.29
 2930 012c 01000000 		.word	1
 2931 0130 00000000 		.word	__compound_literal.30
 2932 0134 01000000 		.word	1
ARM GAS  /tmp/ccYuK7WA.s 			page 90


 2933 0138 00000000 		.word	__compound_literal.31
 2934 013c A5000000 		.word	.LC15
 2935 0140 00000900 		.word	589824
 2936 0144 89000000 		.word	137
 2937 0148 40040400 		.word	263232
 2938 014c 04000000 		.word	4
 2939 0150 00000000 		.word	__compound_literal.32
 2940 0154 01000000 		.word	1
 2941 0158 00000000 		.word	__compound_literal.33
 2942 015c 01000000 		.word	1
 2943 0160 00000000 		.word	__compound_literal.34
 2944 0164 BF000000 		.word	.LC16
 2945 0168 00000900 		.word	589824
 2946 016c 89000000 		.word	137
 2947 0170 40040400 		.word	263232
 2948 0174 04000000 		.word	4
 2949 0178 00000000 		.word	__compound_literal.35
 2950 017c 01000000 		.word	1
 2951 0180 00000000 		.word	__compound_literal.36
 2952 0184 01000000 		.word	1
 2953 0188 00000000 		.word	__compound_literal.37
 2954 018c D9000000 		.word	.LC17
 2955 0190 00800100 		.word	98304
 2956 0194 89000000 		.word	137
 2957 0198 40048400 		.word	8651840
 2958 019c 04000000 		.word	4
 2959 01a0 00000000 		.word	__compound_literal.38
 2960 01a4 01000000 		.word	1
 2961 01a8 00000000 		.word	__compound_literal.39
 2962 01ac 01000000 		.word	1
 2963 01b0 00000000 		.word	__compound_literal.40
 2964 01b4 F3000000 		.word	.LC18
 2965 01b8 00800100 		.word	98304
 2966 01bc 89000000 		.word	137
 2967 01c0 40048400 		.word	8651840
 2968 01c4 04000000 		.word	4
 2969 01c8 00000000 		.word	__compound_literal.41
 2970 01cc 01000000 		.word	1
 2971 01d0 00000000 		.word	__compound_literal.42
 2972 01d4 01000000 		.word	1
 2973 01d8 00000000 		.word	__compound_literal.43
 2974 01dc 00010000 		.word	.LC19
 2975 01e0 00000900 		.word	589824
 2976 01e4 89000000 		.word	137
 2977 01e8 40040400 		.word	263232
 2978 01ec 04000000 		.word	4
 2979 01f0 00000000 		.word	__compound_literal.44
 2980 01f4 01000000 		.word	1
 2981 01f8 00000000 		.word	__compound_literal.45
 2982 01fc 01000000 		.word	1
 2983 0200 00000000 		.word	__compound_literal.46
 2984 0204 1A010000 		.word	.LC20
 2985 0208 00400200 		.word	147456
 2986 020c 89000000 		.word	137
 2987 0210 40040400 		.word	263232
 2988 0214 04000000 		.word	4
 2989 0218 00000000 		.word	__compound_literal.47
ARM GAS  /tmp/ccYuK7WA.s 			page 91


 2990 021c 01000000 		.word	1
 2991 0220 00000000 		.word	__compound_literal.48
 2992 0224 01000000 		.word	1
 2993 0228 00000000 		.word	__compound_literal.49
 2994 022c 35010000 		.word	.LC21
 2995 0230 00800000 		.word	32768
 2996 0234 09010000 		.word	265
 2997 0238 40048400 		.word	8651840
 2998 023c 05000000 		.word	5
 2999 0240 00000000 		.word	__compound_literal.50
 3000 0244 01000000 		.word	1
 3001 0248 00000000 		.word	__compound_literal.51
 3002 024c 01000000 		.word	1
 3003 0250 00000000 		.word	__compound_literal.52
 3004 0254 50010000 		.word	.LC22
 3005 0258 00000300 		.word	196608
 3006 025c 89000000 		.word	137
 3007 0260 40040400 		.word	263232
 3008 0264 04000000 		.word	4
 3009 0268 00000000 		.word	__compound_literal.53
 3010 026c 01000000 		.word	1
 3011 0270 00000000 		.word	__compound_literal.54
 3012 0274 01000000 		.word	1
 3013 0278 00000000 		.word	__compound_literal.55
 3014 027c 6B010000 		.word	.LC23
 3015 0280 00000300 		.word	196608
 3016 0284 89000000 		.word	137
 3017 0288 40040400 		.word	263232
 3018 028c 04000000 		.word	4
 3019 0290 00000000 		.word	__compound_literal.56
 3020 0294 01000000 		.word	1
 3021 0298 00000000 		.word	__compound_literal.57
 3022 029c 01000000 		.word	1
 3023 02a0 00000000 		.word	__compound_literal.58
 3024 02a4 86010000 		.word	.LC24
 3025 02a8 00800000 		.word	32768
 3026 02ac 09010000 		.word	265
 3027 02b0 40048400 		.word	8651840
 3028 02b4 05000000 		.word	5
 3029 02b8 00000000 		.word	__compound_literal.59
 3030 02bc 01000000 		.word	1
 3031 02c0 00000000 		.word	__compound_literal.60
 3032 02c4 01000000 		.word	1
 3033 02c8 00000000 		.word	__compound_literal.61
 3034 02cc A1010000 		.word	.LC25
 3035 02d0 00000300 		.word	196608
 3036 02d4 89000000 		.word	137
 3037 02d8 40040400 		.word	263232
 3038 02dc 04000000 		.word	4
 3039 02e0 00000000 		.word	__compound_literal.62
 3040 02e4 01000000 		.word	1
 3041 02e8 00000000 		.word	__compound_literal.63
 3042 02ec 01000000 		.word	1
 3043 02f0 00000000 		.word	__compound_literal.64
 3044 02f4 AE010000 		.word	.LC26
 3045 02f8 00000300 		.word	196608
 3046 02fc 89000000 		.word	137
ARM GAS  /tmp/ccYuK7WA.s 			page 92


 3047 0300 40040400 		.word	263232
 3048 0304 04000000 		.word	4
 3049 0308 00000000 		.word	__compound_literal.65
 3050 030c 01000000 		.word	1
 3051 0310 00000000 		.word	__compound_literal.66
 3052 0314 01000000 		.word	1
 3053 0318 00000000 		.word	__compound_literal.67
 3054 031c C9010000 		.word	.LC27
 3055 0320 00800000 		.word	32768
 3056 0324 09010000 		.word	265
 3057 0328 40048400 		.word	8651840
 3058 032c 05000000 		.word	5
 3059 0330 00000000 		.word	__compound_literal.68
 3060 0334 01000000 		.word	1
 3061 0338 00000000 		.word	__compound_literal.69
 3062 033c 01000000 		.word	1
 3063 0340 00000000 		.word	__compound_literal.70
 3064 0344 E4010000 		.word	.LC28
 3065 0348 00800000 		.word	32768
 3066 034c 09010000 		.word	265
 3067 0350 40048400 		.word	8651840
 3068 0354 05000000 		.word	5
 3069 0358 00000000 		.word	__compound_literal.71
 3070 035c 01000000 		.word	1
 3071 0360 00000000 		.word	__compound_literal.72
 3072 0364 01000000 		.word	1
 3073 0368 00000000 		.word	__compound_literal.73
 3074 036c F1010000 		.word	.LC29
 3075 0370 00000300 		.word	196608
 3076 0374 89000000 		.word	137
 3077 0378 40040400 		.word	263232
 3078 037c 04000000 		.word	4
 3079 0380 00000000 		.word	__compound_literal.74
 3080 0384 01000000 		.word	1
 3081 0388 00000000 		.word	__compound_literal.75
 3082 038c 01000000 		.word	1
 3083 0390 00000000 		.word	__compound_literal.76
 3084 0394 0C020000 		.word	.LC30
 3085 0398 00C00000 		.word	49152
 3086 039c 89000000 		.word	137
 3087 03a0 40040400 		.word	263232
 3088 03a4 04000000 		.word	4
 3089 03a8 00000000 		.word	__compound_literal.77
 3090 03ac 01000000 		.word	1
 3091 03b0 00000000 		.word	__compound_literal.78
 3092 03b4 01000000 		.word	1
 3093 03b8 00000000 		.word	__compound_literal.79
 3094 03bc 27020000 		.word	.LC31
 3095 03c0 00400000 		.word	16384
 3096 03c4 09010000 		.word	265
 3097 03c8 40048400 		.word	8651840
 3098 03cc 05000000 		.word	5
 3099 03d0 00000000 		.word	__compound_literal.80
 3100 03d4 01000000 		.word	1
 3101 03d8 00000000 		.word	__compound_literal.81
 3102 03dc 01000000 		.word	1
 3103 03e0 00000000 		.word	__compound_literal.82
ARM GAS  /tmp/ccYuK7WA.s 			page 93


 3104 03e4 43020000 		.word	.LC32
 3105 03e8 00800100 		.word	98304
 3106 03ec 89000000 		.word	137
 3107 03f0 40040400 		.word	263232
 3108 03f4 04000000 		.word	4
 3109 03f8 00000000 		.word	__compound_literal.83
 3110 03fc 01000000 		.word	1
 3111 0400 00000000 		.word	__compound_literal.84
 3112 0404 01000000 		.word	1
 3113 0408 00000000 		.word	__compound_literal.85
 3114 040c 5F020000 		.word	.LC33
 3115 0410 00800100 		.word	98304
 3116 0414 89000000 		.word	137
 3117 0418 40040400 		.word	263232
 3118 041c 04000000 		.word	4
 3119 0420 00000000 		.word	__compound_literal.86
 3120 0424 01000000 		.word	1
 3121 0428 00000000 		.word	__compound_literal.87
 3122 042c 01000000 		.word	1
 3123 0430 00000000 		.word	__compound_literal.88
 3124 0434 7B020000 		.word	.LC34
 3125 0438 00400000 		.word	16384
 3126 043c 09010000 		.word	265
 3127 0440 40048400 		.word	8651840
 3128 0444 05000000 		.word	5
 3129 0448 00000000 		.word	__compound_literal.89
 3130 044c 01000000 		.word	1
 3131 0450 00000000 		.word	__compound_literal.90
 3132 0454 01000000 		.word	1
 3133 0458 00000000 		.word	__compound_literal.91
 3134 045c 97020000 		.word	.LC35
 3135 0460 00800100 		.word	98304
 3136 0464 89000000 		.word	137
 3137 0468 40040400 		.word	263232
 3138 046c 04000000 		.word	4
 3139 0470 00000000 		.word	__compound_literal.92
 3140 0474 01000000 		.word	1
 3141 0478 00000000 		.word	__compound_literal.93
 3142 047c 01000000 		.word	1
 3143 0480 00000000 		.word	__compound_literal.94
 3144 0484 A5020000 		.word	.LC36
 3145 0488 00800100 		.word	98304
 3146 048c 89000000 		.word	137
 3147 0490 40040400 		.word	263232
 3148 0494 04000000 		.word	4
 3149 0498 00000000 		.word	__compound_literal.95
 3150 049c 01000000 		.word	1
 3151 04a0 00000000 		.word	__compound_literal.96
 3152 04a4 01000000 		.word	1
 3153 04a8 00000000 		.word	__compound_literal.97
 3154 04ac C1020000 		.word	.LC37
 3155 04b0 00400000 		.word	16384
 3156 04b4 09010000 		.word	265
 3157 04b8 40048400 		.word	8651840
 3158 04bc 05000000 		.word	5
 3159 04c0 00000000 		.word	__compound_literal.98
 3160 04c4 01000000 		.word	1
ARM GAS  /tmp/ccYuK7WA.s 			page 94


 3161 04c8 00000000 		.word	__compound_literal.99
 3162 04cc 01000000 		.word	1
 3163 04d0 00000000 		.word	__compound_literal.100
 3164 04d4 DD020000 		.word	.LC38
 3165 04d8 00800100 		.word	98304
 3166 04dc 89000000 		.word	137
 3167 04e0 40040400 		.word	263232
 3168 04e4 04000000 		.word	4
 3169 04e8 00000000 		.word	__compound_literal.101
 3170 04ec 01000000 		.word	1
 3171 04f0 00000000 		.word	__compound_literal.102
 3172 04f4 01000000 		.word	1
 3173 04f8 00000000 		.word	__compound_literal.103
 3174 04fc EB020000 		.word	.LC39
 3175 0500 00800100 		.word	98304
 3176 0504 89000000 		.word	137
 3177 0508 40040400 		.word	263232
 3178 050c 04000000 		.word	4
 3179 0510 00000000 		.word	__compound_literal.104
 3180 0514 01000000 		.word	1
 3181 0518 00000000 		.word	__compound_literal.105
 3182 051c 01000000 		.word	1
 3183 0520 00000000 		.word	__compound_literal.106
 3184 0524 07030000 		.word	.LC40
 3185 0528 00400000 		.word	16384
 3186 052c 09010000 		.word	265
 3187 0530 40048400 		.word	8651840
 3188 0534 05000000 		.word	5
 3189 0538 00000000 		.word	__compound_literal.107
 3190 053c 01000000 		.word	1
 3191 0540 00000000 		.word	__compound_literal.108
 3192 0544 01000000 		.word	1
 3193 0548 00000000 		.word	__compound_literal.109
 3194 054c 23030000 		.word	.LC41
 3195 0550 00000300 		.word	196608
 3196 0554 09010000 		.word	265
 3197 0558 4F088400 		.word	8652879
 3198 055c 05000000 		.word	5
 3199 0560 00000000 		.word	__compound_literal.110
 3200 0564 00000000 		.word	0
 3201 0568 00000000 		.word	0
 3202 056c 00000000 		.word	0
 3203 0570 00000000 		.word	0
 3204 0574 31030000 		.word	.LC42
 3205 0578 00400000 		.word	16384
 3206 057c 09010000 		.word	265
 3207 0580 40048400 		.word	8651840
 3208 0584 05000000 		.word	5
 3209 0588 00000000 		.word	__compound_literal.111
 3210 058c 01000000 		.word	1
 3211 0590 00000000 		.word	__compound_literal.112
 3212 0594 01000000 		.word	1
 3213 0598 00000000 		.word	__compound_literal.113
 3214 059c 5D030000 		.word	.LC43
 3215 05a0 00800100 		.word	98304
 3216 05a4 89000000 		.word	137
 3217 05a8 40040400 		.word	263232
ARM GAS  /tmp/ccYuK7WA.s 			page 95


 3218 05ac 04000000 		.word	4
 3219 05b0 00000000 		.word	__compound_literal.114
 3220 05b4 01000000 		.word	1
 3221 05b8 00000000 		.word	__compound_literal.115
 3222 05bc 01000000 		.word	1
 3223 05c0 00000000 		.word	__compound_literal.116
 3224 05c4 79030000 		.word	.LC44
 3225 05c8 00800100 		.word	98304
 3226 05cc 89000000 		.word	137
 3227 05d0 40040400 		.word	263232
 3228 05d4 04000000 		.word	4
 3229 05d8 00000000 		.word	__compound_literal.117
 3230 05dc 01000000 		.word	1
 3231 05e0 00000000 		.word	__compound_literal.118
 3232 05e4 01000000 		.word	1
 3233 05e8 00000000 		.word	__compound_literal.119
 3234 05ec 95030000 		.word	.LC45
 3235 05f0 00600000 		.word	24576
 3236 05f4 09010000 		.word	265
 3237 05f8 40048400 		.word	8651840
 3238 05fc 05000000 		.word	5
 3239 0600 00000000 		.word	__compound_literal.120
 3240 0604 01000000 		.word	1
 3241 0608 00000000 		.word	__compound_literal.121
 3242 060c 01000000 		.word	1
 3243 0610 00000000 		.word	__compound_literal.122
 3244 0614 B1030000 		.word	.LC46
 3245 0618 00400200 		.word	147456
 3246 061c 89000000 		.word	137
 3247 0620 40040400 		.word	263232
 3248 0624 04000000 		.word	4
 3249 0628 00000000 		.word	__compound_literal.123
 3250 062c 01000000 		.word	1
 3251 0630 00000000 		.word	__compound_literal.124
 3252 0634 01000000 		.word	1
 3253 0638 00000000 		.word	__compound_literal.125
 3254 063c CD030000 		.word	.LC47
 3255 0640 00400200 		.word	147456
 3256 0644 89000000 		.word	137
 3257 0648 40040400 		.word	263232
 3258 064c 04000000 		.word	4
 3259 0650 00000000 		.word	__compound_literal.126
 3260 0654 01000000 		.word	1
 3261 0658 00000000 		.word	__compound_literal.127
 3262 065c 01000000 		.word	1
 3263 0660 00000000 		.word	__compound_literal.128
 3264 0664 E9030000 		.word	.LC48
 3265 0668 00C00000 		.word	49152
 3266 066c 09010000 		.word	265
 3267 0670 4F088400 		.word	8652879
 3268 0674 05000000 		.word	5
 3269 0678 00000000 		.word	__compound_literal.129
 3270 067c 00000000 		.word	0
 3271 0680 00000000 		.word	0
 3272 0684 00000000 		.word	0
 3273 0688 00000000 		.word	0
 3274 068c 05040000 		.word	.LC49
ARM GAS  /tmp/ccYuK7WA.s 			page 96


 3275 0690 00600000 		.word	24576
 3276 0694 09010000 		.word	265
 3277 0698 40048400 		.word	8651840
 3278 069c 05000000 		.word	5
 3279 06a0 00000000 		.word	__compound_literal.130
 3280 06a4 01000000 		.word	1
 3281 06a8 00000000 		.word	__compound_literal.131
 3282 06ac 01000000 		.word	1
 3283 06b0 00000000 		.word	__compound_literal.132
 3284 06b4 28040000 		.word	.LC50
 3285 06b8 00400200 		.word	147456
 3286 06bc 89000000 		.word	137
 3287 06c0 40040400 		.word	263232
 3288 06c4 04000000 		.word	4
 3289 06c8 00000000 		.word	__compound_literal.133
 3290 06cc 01000000 		.word	1
 3291 06d0 00000000 		.word	__compound_literal.134
 3292 06d4 01000000 		.word	1
 3293 06d8 00000000 		.word	__compound_literal.135
 3294 06dc 36040000 		.word	.LC51
 3295 06e0 00400200 		.word	147456
 3296 06e4 89000000 		.word	137
 3297 06e8 40040400 		.word	263232
 3298 06ec 04000000 		.word	4
 3299 06f0 00000000 		.word	__compound_literal.136
 3300 06f4 01000000 		.word	1
 3301 06f8 00000000 		.word	__compound_literal.137
 3302 06fc 01000000 		.word	1
 3303 0700 00000000 		.word	__compound_literal.138
 3304 0704 52040000 		.word	.LC52
 3305 0708 00C00000 		.word	49152
 3306 070c 09010000 		.word	265
 3307 0710 4F088400 		.word	8652879
 3308 0714 05000000 		.word	5
 3309 0718 00000000 		.word	__compound_literal.139
 3310 071c 00000000 		.word	0
 3311 0720 00000000 		.word	0
 3312 0724 00000000 		.word	0
 3313 0728 00000000 		.word	0
 3314 072c 6E040000 		.word	.LC53
 3315 0730 00600000 		.word	24576
 3316 0734 09010000 		.word	265
 3317 0738 40048400 		.word	8651840
 3318 073c 05000000 		.word	5
 3319 0740 00000000 		.word	__compound_literal.140
 3320 0744 01000000 		.word	1
 3321 0748 00000000 		.word	__compound_literal.141
 3322 074c 01000000 		.word	1
 3323 0750 00000000 		.word	__compound_literal.142
 3324 0754 91040000 		.word	.LC54
 3325 0758 00400200 		.word	147456
 3326 075c 89000000 		.word	137
 3327 0760 40040400 		.word	263232
 3328 0764 04000000 		.word	4
 3329 0768 00000000 		.word	__compound_literal.143
 3330 076c 01000000 		.word	1
 3331 0770 00000000 		.word	__compound_literal.144
ARM GAS  /tmp/ccYuK7WA.s 			page 97


 3332 0774 01000000 		.word	1
 3333 0778 00000000 		.word	__compound_literal.145
 3334 077c 9F040000 		.word	.LC55
 3335 0780 00900000 		.word	36864
 3336 0784 89000000 		.word	137
 3337 0788 40040400 		.word	263232
 3338 078c 04000000 		.word	4
 3339 0790 00000000 		.word	__compound_literal.146
 3340 0794 01000000 		.word	1
 3341 0798 00000000 		.word	__compound_literal.147
 3342 079c 01000000 		.word	1
 3343 07a0 00000000 		.word	__compound_literal.148
 3344 07a4 BB040000 		.word	.LC56
 3345 07a8 00500000 		.word	20480
 3346 07ac 09010000 		.word	265
 3347 07b0 4F088400 		.word	8652879
 3348 07b4 05000000 		.word	5
 3349 07b8 00000000 		.word	__compound_literal.149
 3350 07bc 00000000 		.word	0
 3351 07c0 00000000 		.word	0
 3352 07c4 00000000 		.word	0
 3353 07c8 00000000 		.word	0
 3354 07cc D7040000 		.word	.LC57
 3355 07d0 00280000 		.word	10240
 3356 07d4 09010000 		.word	265
 3357 07d8 40048400 		.word	8651840
 3358 07dc 05000000 		.word	5
 3359 07e0 00000000 		.word	__compound_literal.150
 3360 07e4 01000000 		.word	1
 3361 07e8 00000000 		.word	__compound_literal.151
 3362 07ec 01000000 		.word	1
 3363 07f0 00000000 		.word	__compound_literal.152
 3364 07f4 FA040000 		.word	.LC58
 3365 07f8 00E00100 		.word	122880
 3366 07fc 09010000 		.word	265
 3367 0800 4F088400 		.word	8652879
 3368 0804 05000000 		.word	5
 3369 0808 00000000 		.word	__compound_literal.153
 3370 080c 00000000 		.word	0
 3371 0810 00000000 		.word	0
 3372 0814 00000000 		.word	0
 3373 0818 00000000 		.word	0
 3374 081c 16050000 		.word	.LC59
 3375 0820 00F00000 		.word	61440
 3376 0824 89000000 		.word	137
 3377 0828 40040400 		.word	263232
 3378 082c 04000000 		.word	4
 3379 0830 00000000 		.word	__compound_literal.154
 3380 0834 01000000 		.word	1
 3381 0838 00000000 		.word	__compound_literal.155
 3382 083c 01000000 		.word	1
 3383 0840 00000000 		.word	__compound_literal.156
 3384 0844 42050000 		.word	.LC60
 3385 0848 00F00000 		.word	61440
 3386 084c 89000000 		.word	137
 3387 0850 40040400 		.word	263232
 3388 0854 04000000 		.word	4
ARM GAS  /tmp/ccYuK7WA.s 			page 98


 3389 0858 00000000 		.word	__compound_literal.157
 3390 085c 01000000 		.word	1
 3391 0860 00000000 		.word	__compound_literal.158
 3392 0864 01000000 		.word	1
 3393 0868 00000000 		.word	__compound_literal.159
 3394 086c 5E050000 		.word	.LC61
 3395 0870 00500000 		.word	20480
 3396 0874 09010000 		.word	265
 3397 0878 4F088400 		.word	8652879
 3398 087c 05000000 		.word	5
 3399 0880 00000000 		.word	__compound_literal.160
 3400 0884 00000000 		.word	0
 3401 0888 00000000 		.word	0
 3402 088c 00000000 		.word	0
 3403 0890 00000000 		.word	0
 3404 0894 7A050000 		.word	.LC62
 3405 0898 00280000 		.word	10240
 3406 089c 09010000 		.word	265
 3407 08a0 40048400 		.word	8651840
 3408 08a4 05000000 		.word	5
 3409 08a8 00000000 		.word	__compound_literal.161
 3410 08ac 01000000 		.word	1
 3411 08b0 00000000 		.word	__compound_literal.162
 3412 08b4 01000000 		.word	1
 3413 08b8 00000000 		.word	__compound_literal.163
 3414 08bc A6050000 		.word	.LC63
 3415 08c0 00E00100 		.word	122880
 3416 08c4 09010000 		.word	265
 3417 08c8 4F088400 		.word	8652879
 3418 08cc 05000000 		.word	5
 3419 08d0 00000000 		.word	__compound_literal.164
 3420 08d4 00000000 		.word	0
 3421 08d8 00000000 		.word	0
 3422 08dc 00000000 		.word	0
 3423 08e0 00000000 		.word	0
 3424 08e4 B4050000 		.word	.LC64
 3425 08e8 00F00000 		.word	61440
 3426 08ec 89000000 		.word	137
 3427 08f0 40040400 		.word	263232
 3428 08f4 04000000 		.word	4
 3429 08f8 00000000 		.word	__compound_literal.165
 3430 08fc 01000000 		.word	1
 3431 0900 00000000 		.word	__compound_literal.166
 3432 0904 01000000 		.word	1
 3433 0908 00000000 		.word	__compound_literal.167
 3434 090c E0050000 		.word	.LC65
 3435 0910 00F00000 		.word	61440
 3436 0914 89000000 		.word	137
 3437 0918 40040400 		.word	263232
 3438 091c 04000000 		.word	4
 3439 0920 00000000 		.word	__compound_literal.168
 3440 0924 01000000 		.word	1
 3441 0928 00000000 		.word	__compound_literal.169
 3442 092c 01000000 		.word	1
 3443 0930 00000000 		.word	__compound_literal.170
 3444 0934 FC050000 		.word	.LC66
 3445 0938 00500000 		.word	20480
ARM GAS  /tmp/ccYuK7WA.s 			page 99


 3446 093c 09010000 		.word	265
 3447 0940 4F088400 		.word	8652879
 3448 0944 05000000 		.word	5
 3449 0948 00000000 		.word	__compound_literal.171
 3450 094c 00000000 		.word	0
 3451 0950 00000000 		.word	0
 3452 0954 00000000 		.word	0
 3453 0958 00000000 		.word	0
 3454 095c 18060000 		.word	.LC67
 3455 0960 00280000 		.word	10240
 3456 0964 09010000 		.word	265
 3457 0968 40048400 		.word	8651840
 3458 096c 05000000 		.word	5
 3459 0970 00000000 		.word	__compound_literal.172
 3460 0974 01000000 		.word	1
 3461 0978 00000000 		.word	__compound_literal.173
 3462 097c 01000000 		.word	1
 3463 0980 00000000 		.word	__compound_literal.174
 3464 0984 44060000 		.word	.LC68
 3465 0988 00E00100 		.word	122880
 3466 098c 09010000 		.word	265
 3467 0990 4F088400 		.word	8652879
 3468 0994 05000000 		.word	5
 3469 0998 00000000 		.word	__compound_literal.175
 3470 099c 00000000 		.word	0
 3471 09a0 00000000 		.word	0
 3472 09a4 00000000 		.word	0
 3473 09a8 00000000 		.word	0
 3474 09ac 52060000 		.word	.LC69
 3475 09b0 00F00000 		.word	61440
 3476 09b4 89000000 		.word	137
 3477 09b8 40040400 		.word	263232
 3478 09bc 04000000 		.word	4
 3479 09c0 00000000 		.word	__compound_literal.176
 3480 09c4 01000000 		.word	1
 3481 09c8 00000000 		.word	__compound_literal.177
 3482 09cc 01000000 		.word	1
 3483 09d0 00000000 		.word	__compound_literal.178
 3484 09d4 7E060000 		.word	.LC70
 3485 09d8 00F00000 		.word	61440
 3486 09dc 89000000 		.word	137
 3487 09e0 40040400 		.word	263232
 3488 09e4 04000000 		.word	4
 3489 09e8 00000000 		.word	__compound_literal.179
 3490 09ec 01000000 		.word	1
 3491 09f0 00000000 		.word	__compound_literal.180
 3492 09f4 01000000 		.word	1
 3493 09f8 00000000 		.word	__compound_literal.181
 3494 09fc 9A060000 		.word	.LC71
 3495 0a00 00A00000 		.word	40960
 3496 0a04 09010000 		.word	265
 3497 0a08 4F088400 		.word	8652879
 3498 0a0c 05000000 		.word	5
 3499 0a10 00000000 		.word	__compound_literal.182
 3500 0a14 00000000 		.word	0
 3501 0a18 00000000 		.word	0
 3502 0a1c 00000000 		.word	0
ARM GAS  /tmp/ccYuK7WA.s 			page 100


 3503 0a20 00000000 		.word	0
 3504 0a24 B6060000 		.word	.LC72
 3505 0a28 00500000 		.word	20480
 3506 0a2c 09010000 		.word	265
 3507 0a30 40048400 		.word	8651840
 3508 0a34 05000000 		.word	5
 3509 0a38 00000000 		.word	__compound_literal.183
 3510 0a3c 01000000 		.word	1
 3511 0a40 00000000 		.word	__compound_literal.184
 3512 0a44 01000000 		.word	1
 3513 0a48 00000000 		.word	__compound_literal.185
 3514 0a4c E2060000 		.word	.LC73
 3515 0a50 00800200 		.word	163840
 3516 0a54 09010000 		.word	265
 3517 0a58 4F088400 		.word	8652879
 3518 0a5c 05000000 		.word	5
 3519 0a60 00000000 		.word	__compound_literal.186
 3520 0a64 00000000 		.word	0
 3521 0a68 00000000 		.word	0
 3522 0a6c 00000000 		.word	0
 3523 0a70 00000000 		.word	0
 3524 0a74 FE060000 		.word	.LC74
 3525 0a78 00400100 		.word	81920
 3526 0a7c 89000000 		.word	137
 3527 0a80 40040400 		.word	263232
 3528 0a84 04000000 		.word	4
 3529 0a88 00000000 		.word	__compound_literal.187
 3530 0a8c 01000000 		.word	1
 3531 0a90 00000000 		.word	__compound_literal.188
 3532 0a94 01000000 		.word	1
 3533 0a98 00000000 		.word	__compound_literal.189
 3534 0a9c 2A070000 		.word	.LC75
 3535 0aa0 00200000 		.word	8192
 3536 0aa4 09010000 		.word	265
 3537 0aa8 4F088400 		.word	8652879
 3538 0aac 05000000 		.word	5
 3539 0ab0 00000000 		.word	__compound_literal.190
 3540 0ab4 00000000 		.word	0
 3541 0ab8 00000000 		.word	0
 3542 0abc 00000000 		.word	0
 3543 0ac0 00000000 		.word	0
 3544 0ac4 46070000 		.word	.LC76
 3545 0ac8 00100000 		.word	4096
 3546 0acc 89000000 		.word	137
 3547 0ad0 40048400 		.word	8651840
 3548 0ad4 04000000 		.word	4
 3549 0ad8 00000000 		.word	__compound_literal.191
 3550 0adc 01000000 		.word	1
 3551 0ae0 00000000 		.word	__compound_literal.192
 3552 0ae4 01000000 		.word	1
 3553 0ae8 00000000 		.word	__compound_literal.193
 3554 0aec 72070000 		.word	.LC77
 3555 0af0 00400000 		.word	16384
 3556 0af4 89000000 		.word	137
 3557 0af8 40048400 		.word	8651840
 3558 0afc 04000000 		.word	4
 3559 0b00 00000000 		.word	__compound_literal.194
ARM GAS  /tmp/ccYuK7WA.s 			page 101


 3560 0b04 01000000 		.word	1
 3561 0b08 00000000 		.word	__compound_literal.195
 3562 0b0c 01000000 		.word	1
 3563 0b10 00000000 		.word	__compound_literal.196
 3564 0b14 8E070000 		.word	.LC78
 3565 0b18 00400000 		.word	16384
 3566 0b1c 89000000 		.word	137
 3567 0b20 40048400 		.word	8651840
 3568 0b24 04000000 		.word	4
 3569 0b28 00000000 		.word	__compound_literal.197
 3570 0b2c 01000000 		.word	1
 3571 0b30 00000000 		.word	__compound_literal.198
 3572 0b34 01000000 		.word	1
 3573 0b38 00000000 		.word	__compound_literal.199
 3574 0b3c 9F070000 		.word	.LC79
 3575 0b40 00400000 		.word	16384
 3576 0b44 89000000 		.word	137
 3577 0b48 40048400 		.word	8651840
 3578 0b4c 04000000 		.word	4
 3579 0b50 00000000 		.word	__compound_literal.200
 3580 0b54 01000000 		.word	1
 3581 0b58 00000000 		.word	__compound_literal.201
 3582 0b5c 01000000 		.word	1
 3583 0b60 00000000 		.word	__compound_literal.202
 3584 0b64 AD070000 		.word	.LC80
 3585 0b68 00200000 		.word	8192
 3586 0b6c 89000000 		.word	137
 3587 0b70 40048400 		.word	8651840
 3588 0b74 04000000 		.word	4
 3589 0b78 00000000 		.word	__compound_literal.203
 3590 0b7c 01000000 		.word	1
 3591 0b80 00000000 		.word	__compound_literal.204
 3592 0b84 01000000 		.word	1
 3593 0b88 00000000 		.word	__compound_literal.205
 3594 0b8c C9070000 		.word	.LC81
 3595 0b90 00800000 		.word	32768
 3596 0b94 89000000 		.word	137
 3597 0b98 40048400 		.word	8651840
 3598 0b9c 04000000 		.word	4
 3599 0ba0 00000000 		.word	__compound_literal.206
 3600 0ba4 01000000 		.word	1
 3601 0ba8 00000000 		.word	__compound_literal.207
 3602 0bac 01000000 		.word	1
 3603 0bb0 00000000 		.word	__compound_literal.208
 3604 0bb4 E5070000 		.word	.LC82
 3605 0bb8 00800000 		.word	32768
 3606 0bbc 89000000 		.word	137
 3607 0bc0 40048400 		.word	8651840
 3608 0bc4 04000000 		.word	4
 3609 0bc8 00000000 		.word	__compound_literal.209
 3610 0bcc 01000000 		.word	1
 3611 0bd0 00000000 		.word	__compound_literal.210
 3612 0bd4 01000000 		.word	1
 3613 0bd8 00000000 		.word	__compound_literal.211
 3614 0bdc F6070000 		.word	.LC83
 3615 0be0 00800000 		.word	32768
 3616 0be4 89000000 		.word	137
ARM GAS  /tmp/ccYuK7WA.s 			page 102


 3617 0be8 40048400 		.word	8651840
 3618 0bec 04000000 		.word	4
 3619 0bf0 00000000 		.word	__compound_literal.212
 3620 0bf4 01000000 		.word	1
 3621 0bf8 00000000 		.word	__compound_literal.213
 3622 0bfc 01000000 		.word	1
 3623 0c00 00000000 		.word	__compound_literal.214
 3624 0c04 04080000 		.word	.LC84
 3625 0c08 00600000 		.word	24576
 3626 0c0c 89000000 		.word	137
 3627 0c10 40048400 		.word	8651840
 3628 0c14 04000000 		.word	4
 3629 0c18 00000000 		.word	__compound_literal.215
 3630 0c1c 01000000 		.word	1
 3631 0c20 00000000 		.word	__compound_literal.216
 3632 0c24 01000000 		.word	1
 3633 0c28 00000000 		.word	__compound_literal.217
 3634 0c2c 20080000 		.word	.LC85
 3635 0c30 00800100 		.word	98304
 3636 0c34 89000000 		.word	137
 3637 0c38 40048400 		.word	8651840
 3638 0c3c 04000000 		.word	4
 3639 0c40 00000000 		.word	__compound_literal.218
 3640 0c44 01000000 		.word	1
 3641 0c48 00000000 		.word	__compound_literal.219
 3642 0c4c 01000000 		.word	1
 3643 0c50 00000000 		.word	__compound_literal.220
 3644 0c54 3C080000 		.word	.LC86
 3645 0c58 00800100 		.word	98304
 3646 0c5c 49000000 		.word	73
 3647 0c60 40048400 		.word	8651840
 3648 0c64 04000000 		.word	4
 3649 0c68 00000000 		.word	__compound_literal.221
 3650 0c6c 01000000 		.word	1
 3651 0c70 00000000 		.word	__compound_literal.222
 3652 0c74 01000000 		.word	1
 3653 0c78 00000000 		.word	__compound_literal.223
 3654 0c7c 4D080000 		.word	.LC87
 3655 0c80 00800100 		.word	98304
 3656 0c84 89000000 		.word	137
 3657 0c88 40048400 		.word	8651840
 3658 0c8c 04000000 		.word	4
 3659 0c90 00000000 		.word	__compound_literal.224
 3660 0c94 01000000 		.word	1
 3661 0c98 00000000 		.word	__compound_literal.225
 3662 0c9c 01000000 		.word	1
 3663 0ca0 00000000 		.word	__compound_literal.226
 3664 0ca4 5B080000 		.word	.LC88
 3665 0ca8 00800100 		.word	98304
 3666 0cac 49000000 		.word	73
 3667 0cb0 40040400 		.word	263232
 3668 0cb4 04000000 		.word	4
 3669 0cb8 00000000 		.word	__compound_literal.227
 3670 0cbc 01000000 		.word	1
 3671 0cc0 00000000 		.word	__compound_literal.228
 3672 0cc4 01000000 		.word	1
 3673 0cc8 00000000 		.word	__compound_literal.229
ARM GAS  /tmp/ccYuK7WA.s 			page 103


 3674 0ccc 77080000 		.word	.LC89
 3675 0cd0 00800100 		.word	98304
 3676 0cd4 89000000 		.word	137
 3677 0cd8 40048400 		.word	8651840
 3678 0cdc 04000000 		.word	4
 3679 0ce0 00000000 		.word	__compound_literal.230
 3680 0ce4 01000000 		.word	1
 3681 0ce8 00000000 		.word	__compound_literal.231
 3682 0cec 01000000 		.word	1
 3683 0cf0 00000000 		.word	__compound_literal.232
 3684 0cf4 93080000 		.word	.LC90
 3685 0cf8 00000600 		.word	393216
 3686 0cfc 09010000 		.word	265
 3687 0d00 40040400 		.word	263232
 3688 0d04 05000000 		.word	5
 3689 0d08 00000000 		.word	__compound_literal.233
 3690 0d0c 01000000 		.word	1
 3691 0d10 00000000 		.word	__compound_literal.234
 3692 0d14 01000000 		.word	1
 3693 0d18 00000000 		.word	__compound_literal.235
 3694 0d1c AF080000 		.word	.LC91
 3695 0d20 00100100 		.word	69632
 3696 0d24 89000000 		.word	137
 3697 0d28 40048400 		.word	8651840
 3698 0d2c 04000000 		.word	4
 3699 0d30 00000000 		.word	__compound_literal.236
 3700 0d34 01000000 		.word	1
 3701 0d38 00000000 		.word	__compound_literal.237
 3702 0d3c 01000000 		.word	1
 3703 0d40 00000000 		.word	__compound_literal.238
 3704 0d44 CB080000 		.word	.LC92
 3705 0d48 11000000 		.word	17
 3706 0d4c 89000000 		.word	137
 3707 0d50 40048400 		.word	8651840
 3708 0d54 04000000 		.word	4
 3709 0d58 00000000 		.word	__compound_literal.239
 3710 0d5c 01000000 		.word	1
 3711 0d60 00000000 		.word	__compound_literal.240
 3712 0d64 01000000 		.word	1
 3713 0d68 00000000 		.word	__compound_literal.241
 3714 0d6c E7080000 		.word	.LC93
 3715 0d70 00100100 		.word	69632
 3716 0d74 89000000 		.word	137
 3717 0d78 40048400 		.word	8651840
 3718 0d7c 04000000 		.word	4
 3719 0d80 00000000 		.word	__compound_literal.242
 3720 0d84 01000000 		.word	1
 3721 0d88 00000000 		.word	__compound_literal.243
 3722 0d8c 01000000 		.word	1
 3723 0d90 00000000 		.word	__compound_literal.244
 3724 0d94 F9080000 		.word	.LC94
 3725 0d98 00400400 		.word	278528
 3726 0d9c 89000000 		.word	137
 3727 0da0 40108200 		.word	8523840
 3728 0da4 04000000 		.word	4
 3729 0da8 00000000 		.word	__compound_literal.245
 3730 0dac 00000000 		.word	0
ARM GAS  /tmp/ccYuK7WA.s 			page 104


 3731 0db0 00000000 		.word	0
 3732 0db4 00000000 		.word	0
 3733 0db8 00000000 		.word	0
 3734 0dbc 07090000 		.word	.LC95
 3735 0dc0 00400400 		.word	278528
 3736 0dc4 89000000 		.word	137
 3737 0dc8 40108200 		.word	8523840
 3738 0dcc 04000000 		.word	4
 3739 0dd0 00000000 		.word	__compound_literal.246
 3740 0dd4 00000000 		.word	0
 3741 0dd8 00000000 		.word	0
 3742 0ddc 00000000 		.word	0
 3743 0de0 00000000 		.word	0
 3744 0de4 1C090000 		.word	.LC96
 3745 0de8 44000000 		.word	68
 3746 0dec 89000000 		.word	137
 3747 0df0 40108200 		.word	8523840
 3748 0df4 04000000 		.word	4
 3749 0df8 00000000 		.word	__compound_literal.247
 3750 0dfc 00000000 		.word	0
 3751 0e00 00000000 		.word	0
 3752 0e04 00000000 		.word	0
 3753 0e08 00000000 		.word	0
 3754 0e0c 3A090000 		.word	.LC97
 3755 0e10 11000000 		.word	17
 3756 0e14 89000000 		.word	137
 3757 0e18 40048400 		.word	8651840
 3758 0e1c 04000000 		.word	4
 3759 0e20 00000000 		.word	__compound_literal.248
 3760 0e24 01000000 		.word	1
 3761 0e28 00000000 		.word	__compound_literal.249
 3762 0e2c 01000000 		.word	1
 3763 0e30 00000000 		.word	__compound_literal.250
 3764 0e34 4E090000 		.word	.LC98
 3765 0e38 44000000 		.word	68
 3766 0e3c 89000000 		.word	137
 3767 0e40 40108200 		.word	8523840
 3768 0e44 04000000 		.word	4
 3769 0e48 00000000 		.word	__compound_literal.251
 3770 0e4c 00000000 		.word	0
 3771 0e50 00000000 		.word	0
 3772 0e54 00000000 		.word	0
 3773 0e58 00000000 		.word	0
 3774 0e5c 72090000 		.word	.LC99
 3775 0e60 00400400 		.word	278528
 3776 0e64 89000000 		.word	137
 3777 0e68 40108200 		.word	8523840
 3778 0e6c 04000000 		.word	4
 3779 0e70 00000000 		.word	__compound_literal.252
 3780 0e74 00000000 		.word	0
 3781 0e78 00000000 		.word	0
 3782 0e7c 00000000 		.word	0
 3783 0e80 00000000 		.word	0
 3784 0e84 87090000 		.word	.LC100
 3785 0e88 00100100 		.word	69632
 3786 0e8c 89000000 		.word	137
 3787 0e90 40048400 		.word	8651840
ARM GAS  /tmp/ccYuK7WA.s 			page 105


 3788 0e94 04000000 		.word	4
 3789 0e98 00000000 		.word	__compound_literal.253
 3790 0e9c 01000000 		.word	1
 3791 0ea0 00000000 		.word	__compound_literal.254
 3792 0ea4 01000000 		.word	1
 3793 0ea8 00000000 		.word	__compound_literal.255
 3794 0eac 95090000 		.word	.LC101
 3795              		.section	.data.__compound_literal.255,"aw"
 3796              		.align	1
 3799              	__compound_literal.255:
 3800 0000 80FF     		.short	-128
 3801              		.section	.data.__compound_literal.254,"aw"
 3802              		.align	2
 3805              	__compound_literal.254:
 3806 0000 7FD66B3B 		.word	996923007
 3807              		.section	.data.__compound_literal.253,"aw"
 3808              		.align	2
 3811              	__compound_literal.253:
 3812 0000 01000000 		.word	1
 3813 0004 40000000 		.word	64
 3814 0008 40000000 		.word	64
 3815 000c 11000000 		.word	17
 3816              		.section	.data.__compound_literal.252,"aw"
 3817              		.align	2
 3820              	__compound_literal.252:
 3821 0000 01000000 		.word	1
 3822 0004 40000000 		.word	64
 3823 0008 40000000 		.word	64
 3824 000c 11000000 		.word	17
 3825              		.section	.data.__compound_literal.251,"aw"
 3826              		.align	2
 3829              	__compound_literal.251:
 3830 0000 01000000 		.word	1
 3831 0004 01000000 		.word	1
 3832 0008 01000000 		.word	1
 3833 000c 11000000 		.word	17
 3834              		.section	.data.__compound_literal.250,"aw"
 3835              		.align	1
 3838              	__compound_literal.250:
 3839 0000 80FF     		.short	-128
 3840              		.section	.data.__compound_literal.249,"aw"
 3841              		.align	2
 3844              	__compound_literal.249:
 3845 0000 C30E1440 		.word	1075056323
 3846              		.section	.data.__compound_literal.248,"aw"
 3847              		.align	2
 3850              	__compound_literal.248:
 3851 0000 01000000 		.word	1
 3852 0004 01000000 		.word	1
 3853 0008 01000000 		.word	1
 3854 000c 11000000 		.word	17
 3855              		.section	.data.__compound_literal.247,"aw"
 3856              		.align	2
 3859              	__compound_literal.247:
 3860 0000 01000000 		.word	1
 3861 0004 01000000 		.word	1
 3862 0008 01000000 		.word	1
ARM GAS  /tmp/ccYuK7WA.s 			page 106


 3863 000c 11000000 		.word	17
 3864              		.section	.data.__compound_literal.246,"aw"
 3865              		.align	2
 3868              	__compound_literal.246:
 3869 0000 01000000 		.word	1
 3870 0004 40000000 		.word	64
 3871 0008 40000000 		.word	64
 3872 000c 11000000 		.word	17
 3873              		.section	.data.__compound_literal.245,"aw"
 3874              		.align	2
 3877              	__compound_literal.245:
 3878 0000 01000000 		.word	1
 3879 0004 40000000 		.word	64
 3880 0008 40000000 		.word	64
 3881 000c 11000000 		.word	17
 3882              		.section	.data.__compound_literal.244,"aw"
 3883              		.align	1
 3886              	__compound_literal.244:
 3887 0000 80FF     		.short	-128
 3888              		.section	.data.__compound_literal.243,"aw"
 3889              		.align	2
 3892              	__compound_literal.243:
 3893 0000 8180803B 		.word	998277249
 3894              		.section	.data.__compound_literal.242,"aw"
 3895              		.align	2
 3898              	__compound_literal.242:
 3899 0000 01000000 		.word	1
 3900 0004 40000000 		.word	64
 3901 0008 40000000 		.word	64
 3902 000c 11000000 		.word	17
 3903              		.section	.data.__compound_literal.241,"aw"
 3904              		.align	1
 3907              	__compound_literal.241:
 3908 0000 C4FF     		.short	-60
 3909              		.section	.data.__compound_literal.240,"aw"
 3910              		.align	2
 3913              	__compound_literal.240:
 3914 0000 E94A6D3E 		.word	1047349993
 3915              		.section	.data.__compound_literal.239,"aw"
 3916              		.align	2
 3919              	__compound_literal.239:
 3920 0000 01000000 		.word	1
 3921 0004 01000000 		.word	1
 3922 0008 01000000 		.word	1
 3923 000c 11000000 		.word	17
 3924              		.section	.data.__compound_literal.238,"aw"
 3925              		.align	1
 3928              	__compound_literal.238:
 3929 0000 C4FF     		.short	-60
 3930              		.section	.data.__compound_literal.237,"aw"
 3931              		.align	2
 3934              	__compound_literal.237:
 3935 0000 E94A6D3E 		.word	1047349993
 3936              		.section	.data.__compound_literal.236,"aw"
 3937              		.align	2
 3940              	__compound_literal.236:
 3941 0000 01000000 		.word	1
ARM GAS  /tmp/ccYuK7WA.s 			page 107


 3942 0004 40000000 		.word	64
 3943 0008 40000000 		.word	64
 3944 000c 11000000 		.word	17
 3945              		.section	.bss.__compound_literal.235,"aw",%nobits
 3946              		.align	1
 3949              	__compound_literal.235:
 3950 0000 0000     		.space	2
 3951              		.section	.data.__compound_literal.234,"aw"
 3952              		.align	2
 3955              	__compound_literal.234:
 3956 0000 5233143D 		.word	1024734034
 3957              		.section	.data.__compound_literal.233,"aw"
 3958              		.align	2
 3961              	__compound_literal.233:
 3962 0000 01000000 		.word	1
 3963 0004 04000000 		.word	4
 3964 0008 40000000 		.word	64
 3965 000c 40000000 		.word	64
 3966 0010 18000000 		.word	24
 3967              		.section	.data.__compound_literal.232,"aw"
 3968              		.align	1
 3971              	__compound_literal.232:
 3972 0000 FDFF     		.short	-3
 3973              		.section	.data.__compound_literal.231,"aw"
 3974              		.align	2
 3977              	__compound_literal.231:
 3978 0000 4A81833D 		.word	1032028490
 3979              		.section	.data.__compound_literal.230,"aw"
 3980              		.align	2
 3983              	__compound_literal.230:
 3984 0000 01000000 		.word	1
 3985 0004 40000000 		.word	64
 3986 0008 40000000 		.word	64
 3987 000c 18000000 		.word	24
 3988              		.section	.bss.__compound_literal.229,"aw",%nobits
 3989              		.align	1
 3992              	__compound_literal.229:
 3993 0000 0000     		.space	2
 3994              		.section	.data.__compound_literal.228,"aw"
 3995              		.align	2
 3998              	__compound_literal.228:
 3999 0000 1D86393D 		.word	1027180061
 4000              		.section	.data.__compound_literal.227,"aw"
 4001              		.align	2
 4004              	__compound_literal.227:
 4005 0000 01000000 		.word	1
 4006 0004 18000000 		.word	24
 4007 0008 40000000 		.word	64
 4008 000c 40000000 		.word	64
 4009              		.section	.data.__compound_literal.226,"aw"
 4010              		.align	1
 4013              	__compound_literal.226:
 4014 0000 0400     		.short	4
 4015              		.section	.data.__compound_literal.225,"aw"
 4016              		.align	2
 4019              	__compound_literal.225:
 4020 0000 54FA693D 		.word	1030355540
ARM GAS  /tmp/ccYuK7WA.s 			page 108


 4021              		.section	.data.__compound_literal.224,"aw"
 4022              		.align	2
 4025              	__compound_literal.224:
 4026 0000 01000000 		.word	1
 4027 0004 40000000 		.word	64
 4028 0008 40000000 		.word	64
 4029 000c 18000000 		.word	24
 4030              		.section	.data.__compound_literal.223,"aw"
 4031              		.align	1
 4034              	__compound_literal.223:
 4035 0000 D6FF     		.short	-42
 4036              		.section	.data.__compound_literal.222,"aw"
 4037              		.align	2
 4040              	__compound_literal.222:
 4041 0000 E527893D 		.word	1032398821
 4042              		.section	.data.__compound_literal.221,"aw"
 4043              		.align	2
 4046              	__compound_literal.221:
 4047 0000 01000000 		.word	1
 4048 0004 18000000 		.word	24
 4049 0008 40000000 		.word	64
 4050 000c 40000000 		.word	64
 4051              		.section	.data.__compound_literal.220,"aw"
 4052              		.align	1
 4055              	__compound_literal.220:
 4056 0000 80FF     		.short	-128
 4057              		.section	.data.__compound_literal.219,"aw"
 4058              		.align	2
 4061              	__compound_literal.219:
 4062 0000 E538303D 		.word	1026570469
 4063              		.section	.data.__compound_literal.218,"aw"
 4064              		.align	2
 4067              	__compound_literal.218:
 4068 0000 01000000 		.word	1
 4069 0004 40000000 		.word	64
 4070 0008 40000000 		.word	64
 4071 000c 18000000 		.word	24
 4072              		.section	.data.__compound_literal.217,"aw"
 4073              		.align	1
 4076              	__compound_literal.217:
 4077 0000 80FF     		.short	-128
 4078              		.section	.data.__compound_literal.216,"aw"
 4079              		.align	2
 4082              	__compound_literal.216:
 4083 0000 E538303D 		.word	1026570469
 4084              		.section	.data.__compound_literal.215,"aw"
 4085              		.align	2
 4088              	__compound_literal.215:
 4089 0000 01000000 		.word	1
 4090 0004 20000000 		.word	32
 4091 0008 20000000 		.word	32
 4092 000c 18000000 		.word	24
 4093              		.section	.data.__compound_literal.214,"aw"
 4094              		.align	1
 4097              	__compound_literal.214:
 4098 0000 FAFF     		.short	-6
 4099              		.section	.data.__compound_literal.213,"aw"
ARM GAS  /tmp/ccYuK7WA.s 			page 109


 4100              		.align	2
 4103              	__compound_literal.213:
 4104 0000 78FE883D 		.word	1032388216
 4105              		.section	.data.__compound_literal.212,"aw"
 4106              		.align	2
 4109              	__compound_literal.212:
 4110 0000 01000000 		.word	1
 4111 0004 20000000 		.word	32
 4112 0008 20000000 		.word	32
 4113 000c 20000000 		.word	32
 4114              		.section	.data.__compound_literal.211,"aw"
 4115              		.align	1
 4118              	__compound_literal.211:
 4119 0000 C5FF     		.short	-59
 4120              		.section	.data.__compound_literal.210,"aw"
 4121              		.align	2
 4124              	__compound_literal.210:
 4125 0000 11795D3D 		.word	1029536017
 4126              		.section	.data.__compound_literal.209,"aw"
 4127              		.align	2
 4130              	__compound_literal.209:
 4131 0000 01000000 		.word	1
 4132 0004 20000000 		.word	32
 4133 0008 20000000 		.word	32
 4134 000c 20000000 		.word	32
 4135              		.section	.data.__compound_literal.208,"aw"
 4136              		.align	1
 4139              	__compound_literal.208:
 4140 0000 80FF     		.short	-128
 4141              		.section	.data.__compound_literal.207,"aw"
 4142              		.align	2
 4145              	__compound_literal.207:
 4146 0000 50CF203D 		.word	1025560400
 4147              		.section	.data.__compound_literal.206,"aw"
 4148              		.align	2
 4151              	__compound_literal.206:
 4152 0000 01000000 		.word	1
 4153 0004 20000000 		.word	32
 4154 0008 20000000 		.word	32
 4155 000c 20000000 		.word	32
 4156              		.section	.data.__compound_literal.205,"aw"
 4157              		.align	1
 4160              	__compound_literal.205:
 4161 0000 80FF     		.short	-128
 4162              		.section	.data.__compound_literal.204,"aw"
 4163              		.align	2
 4166              	__compound_literal.204:
 4167 0000 50CF203D 		.word	1025560400
 4168              		.section	.data.__compound_literal.203,"aw"
 4169              		.align	2
 4172              	__compound_literal.203:
 4173 0000 01000000 		.word	1
 4174 0004 10000000 		.word	16
 4175 0008 10000000 		.word	16
 4176 000c 20000000 		.word	32
 4177              		.section	.data.__compound_literal.202,"aw"
 4178              		.align	1
ARM GAS  /tmp/ccYuK7WA.s 			page 110


 4181              	__compound_literal.202:
 4182 0000 0D00     		.short	13
 4183              		.section	.data.__compound_literal.201,"aw"
 4184              		.align	2
 4187              	__compound_literal.201:
 4188 0000 63CE8D3D 		.word	1032703587
 4189              		.section	.data.__compound_literal.200,"aw"
 4190              		.align	2
 4193              	__compound_literal.200:
 4194 0000 01000000 		.word	1
 4195 0004 10000000 		.word	16
 4196 0008 10000000 		.word	16
 4197 000c 40000000 		.word	64
 4198              		.section	.data.__compound_literal.199,"aw"
 4199              		.align	1
 4202              	__compound_literal.199:
 4203 0000 0200     		.short	2
 4204              		.section	.data.__compound_literal.198,"aw"
 4205              		.align	2
 4208              	__compound_literal.198:
 4209 0000 BFB49A3D 		.word	1033548991
 4210              		.section	.data.__compound_literal.197,"aw"
 4211              		.align	2
 4214              	__compound_literal.197:
 4215 0000 01000000 		.word	1
 4216 0004 10000000 		.word	16
 4217 0008 10000000 		.word	16
 4218 000c 40000000 		.word	64
 4219              		.section	.data.__compound_literal.196,"aw"
 4220              		.align	1
 4223              	__compound_literal.196:
 4224 0000 0400     		.short	4
 4225              		.section	.data.__compound_literal.195,"aw"
 4226              		.align	2
 4229              	__compound_literal.195:
 4230 0000 2915A83D 		.word	1034425641
 4231              		.section	.data.__compound_literal.194,"aw"
 4232              		.align	2
 4235              	__compound_literal.194:
 4236 0000 01000000 		.word	1
 4237 0004 10000000 		.word	16
 4238 0008 10000000 		.word	16
 4239 000c 40000000 		.word	64
 4240              		.section	.data.__compound_literal.193,"aw"
 4241              		.align	1
 4244              	__compound_literal.193:
 4245 0000 0400     		.short	4
 4246              		.section	.data.__compound_literal.192,"aw"
 4247              		.align	2
 4250              	__compound_literal.192:
 4251 0000 2915A83D 		.word	1034425641
 4252              		.section	.data.__compound_literal.191,"aw"
 4253              		.align	2
 4256              	__compound_literal.191:
 4257 0000 01000000 		.word	1
 4258 0004 08000000 		.word	8
 4259 0008 08000000 		.word	8
ARM GAS  /tmp/ccYuK7WA.s 			page 111


 4260 000c 40000000 		.word	64
 4261              		.section	.data.__compound_literal.190,"aw"
 4262              		.align	2
 4265              	__compound_literal.190:
 4266 0000 01000000 		.word	1
 4267 0004 04000000 		.word	4
 4268 0008 08000000 		.word	8
 4269 000c 08000000 		.word	8
 4270 0010 10000000 		.word	16
 4271              		.section	.bss.__compound_literal.189,"aw",%nobits
 4272              		.align	1
 4275              	__compound_literal.189:
 4276 0000 0000     		.space	2
 4277              		.section	.data.__compound_literal.188,"aw"
 4278              		.align	2
 4281              	__compound_literal.188:
 4282 0000 C1C0C03C 		.word	1019265217
 4283              		.section	.data.__compound_literal.187,"aw"
 4284              		.align	2
 4287              	__compound_literal.187:
 4288 0000 01000000 		.word	1
 4289 0004 08000000 		.word	8
 4290 0008 08000000 		.word	8
 4291 000c 00050000 		.word	1280
 4292              		.section	.data.__compound_literal.186,"aw"
 4293              		.align	2
 4296              	__compound_literal.186:
 4297 0000 01000000 		.word	1
 4298 0004 40000000 		.word	64
 4299 0008 08000000 		.word	8
 4300 000c 08000000 		.word	8
 4301 0010 14000000 		.word	20
 4302              		.section	.data.__compound_literal.185,"aw"
 4303              		.align	1
 4306              	__compound_literal.185:
 4307 0000 FBFF     		.short	-5
 4308              		.section	.data.__compound_literal.184,"aw"
 4309              		.align	2
 4312              	__compound_literal.184:
 4313 0000 F4931C3E 		.word	1042060276
 4314              		.section	.data.__compound_literal.183,"aw"
 4315              		.align	2
 4318              	__compound_literal.183:
 4319 0000 01000000 		.word	1
 4320 0004 10000000 		.word	16
 4321 0008 08000000 		.word	8
 4322 000c 08000000 		.word	8
 4323 0010 14000000 		.word	20
 4324              		.section	.data.__compound_literal.182,"aw"
 4325              		.align	2
 4328              	__compound_literal.182:
 4329 0000 01000000 		.word	1
 4330 0004 10000000 		.word	16
 4331 0008 08000000 		.word	8
 4332 000c 08000000 		.word	8
 4333 0010 14000000 		.word	20
 4334              		.section	.bss.__compound_literal.181,"aw",%nobits
ARM GAS  /tmp/ccYuK7WA.s 			page 112


 4335              		.align	1
 4338              	__compound_literal.181:
 4339 0000 0000     		.space	2
 4340              		.section	.data.__compound_literal.180,"aw"
 4341              		.align	2
 4344              	__compound_literal.180:
 4345 0000 C1C0C03C 		.word	1019265217
 4346              		.section	.data.__compound_literal.179,"aw"
 4347              		.align	2
 4350              	__compound_literal.179:
 4351 0000 01000000 		.word	1
 4352 0004 08000000 		.word	8
 4353 0008 08000000 		.word	8
 4354 000c C0030000 		.word	960
 4355              		.section	.bss.__compound_literal.178,"aw",%nobits
 4356              		.align	1
 4359              	__compound_literal.178:
 4360 0000 0000     		.space	2
 4361              		.section	.data.__compound_literal.177,"aw"
 4362              		.align	2
 4365              	__compound_literal.177:
 4366 0000 C1C0C03C 		.word	1019265217
 4367              		.section	.data.__compound_literal.176,"aw"
 4368              		.align	2
 4371              	__compound_literal.176:
 4372 0000 01000000 		.word	1
 4373 0004 08000000 		.word	8
 4374 0008 08000000 		.word	8
 4375 000c C0030000 		.word	960
 4376              		.section	.data.__compound_literal.175,"aw"
 4377              		.align	2
 4380              	__compound_literal.175:
 4381 0000 01000000 		.word	1
 4382 0004 28000000 		.word	40
 4383 0008 08000000 		.word	8
 4384 000c 08000000 		.word	8
 4385 0010 18000000 		.word	24
 4386              		.section	.data.__compound_literal.174,"aw"
 4387              		.align	1
 4390              	__compound_literal.174:
 4391 0000 1700     		.short	23
 4392              		.section	.data.__compound_literal.173,"aw"
 4393              		.align	2
 4396              	__compound_literal.173:
 4397 0000 5EE4AE3E 		.word	1051649118
 4398              		.section	.data.__compound_literal.172,"aw"
 4399              		.align	2
 4402              	__compound_literal.172:
 4403 0000 01000000 		.word	1
 4404 0004 08000000 		.word	8
 4405 0008 08000000 		.word	8
 4406 000c 08000000 		.word	8
 4407 0010 14000000 		.word	20
 4408              		.section	.data.__compound_literal.171,"aw"
 4409              		.align	2
 4412              	__compound_literal.171:
 4413 0000 01000000 		.word	1
ARM GAS  /tmp/ccYuK7WA.s 			page 113


 4414 0004 08000000 		.word	8
 4415 0008 08000000 		.word	8
 4416 000c 08000000 		.word	8
 4417 0010 14000000 		.word	20
 4418              		.section	.bss.__compound_literal.170,"aw",%nobits
 4419              		.align	1
 4422              	__compound_literal.170:
 4423 0000 0000     		.space	2
 4424              		.section	.data.__compound_literal.169,"aw"
 4425              		.align	2
 4428              	__compound_literal.169:
 4429 0000 C1C0C03C 		.word	1019265217
 4430              		.section	.data.__compound_literal.168,"aw"
 4431              		.align	2
 4434              	__compound_literal.168:
 4435 0000 01000000 		.word	1
 4436 0004 08000000 		.word	8
 4437 0008 08000000 		.word	8
 4438 000c C0030000 		.word	960
 4439              		.section	.bss.__compound_literal.167,"aw",%nobits
 4440              		.align	1
 4443              	__compound_literal.167:
 4444 0000 0000     		.space	2
 4445              		.section	.data.__compound_literal.166,"aw"
 4446              		.align	2
 4449              	__compound_literal.166:
 4450 0000 C1C0C03C 		.word	1019265217
 4451              		.section	.data.__compound_literal.165,"aw"
 4452              		.align	2
 4455              	__compound_literal.165:
 4456 0000 01000000 		.word	1
 4457 0004 08000000 		.word	8
 4458 0008 08000000 		.word	8
 4459 000c C0030000 		.word	960
 4460              		.section	.data.__compound_literal.164,"aw"
 4461              		.align	2
 4464              	__compound_literal.164:
 4465 0000 01000000 		.word	1
 4466 0004 28000000 		.word	40
 4467 0008 08000000 		.word	8
 4468 000c 08000000 		.word	8
 4469 0010 18000000 		.word	24
 4470              		.section	.data.__compound_literal.163,"aw"
 4471              		.align	1
 4474              	__compound_literal.163:
 4475 0000 FCFF     		.short	-4
 4476              		.section	.data.__compound_literal.162,"aw"
 4477              		.align	2
 4480              	__compound_literal.162:
 4481 0000 9CCD293E 		.word	1042927004
 4482              		.section	.data.__compound_literal.161,"aw"
 4483              		.align	2
 4486              	__compound_literal.161:
 4487 0000 01000000 		.word	1
 4488 0004 08000000 		.word	8
 4489 0008 08000000 		.word	8
 4490 000c 08000000 		.word	8
ARM GAS  /tmp/ccYuK7WA.s 			page 114


 4491 0010 14000000 		.word	20
 4492              		.section	.data.__compound_literal.160,"aw"
 4493              		.align	2
 4496              	__compound_literal.160:
 4497 0000 01000000 		.word	1
 4498 0004 08000000 		.word	8
 4499 0008 08000000 		.word	8
 4500 000c 08000000 		.word	8
 4501 0010 14000000 		.word	20
 4502              		.section	.bss.__compound_literal.159,"aw",%nobits
 4503              		.align	1
 4506              	__compound_literal.159:
 4507 0000 0000     		.space	2
 4508              		.section	.data.__compound_literal.158,"aw"
 4509              		.align	2
 4512              	__compound_literal.158:
 4513 0000 C1C0C03C 		.word	1019265217
 4514              		.section	.data.__compound_literal.157,"aw"
 4515              		.align	2
 4518              	__compound_literal.157:
 4519 0000 01000000 		.word	1
 4520 0004 08000000 		.word	8
 4521 0008 08000000 		.word	8
 4522 000c C0030000 		.word	960
 4523              		.section	.bss.__compound_literal.156,"aw",%nobits
 4524              		.align	1
 4527              	__compound_literal.156:
 4528 0000 0000     		.space	2
 4529              		.section	.data.__compound_literal.155,"aw"
 4530              		.align	2
 4533              	__compound_literal.155:
 4534 0000 C1C0C03C 		.word	1019265217
 4535              		.section	.data.__compound_literal.154,"aw"
 4536              		.align	2
 4539              	__compound_literal.154:
 4540 0000 01000000 		.word	1
 4541 0004 08000000 		.word	8
 4542 0008 08000000 		.word	8
 4543 000c C0030000 		.word	960
 4544              		.section	.data.__compound_literal.153,"aw"
 4545              		.align	2
 4548              	__compound_literal.153:
 4549 0000 01000000 		.word	1
 4550 0004 28000000 		.word	40
 4551 0008 08000000 		.word	8
 4552 000c 08000000 		.word	8
 4553 0010 18000000 		.word	24
 4554              		.section	.data.__compound_literal.152,"aw"
 4555              		.align	1
 4558              	__compound_literal.152:
 4559 0000 0200     		.short	2
 4560              		.section	.data.__compound_literal.151,"aw"
 4561              		.align	2
 4564              	__compound_literal.151:
 4565 0000 8A6D0F3E 		.word	1041198474
 4566              		.section	.data.__compound_literal.150,"aw"
 4567              		.align	2
ARM GAS  /tmp/ccYuK7WA.s 			page 115


 4570              	__compound_literal.150:
 4571 0000 01000000 		.word	1
 4572 0004 08000000 		.word	8
 4573 0008 08000000 		.word	8
 4574 000c 08000000 		.word	8
 4575 0010 14000000 		.word	20
 4576              		.section	.data.__compound_literal.149,"aw"
 4577              		.align	2
 4580              	__compound_literal.149:
 4581 0000 01000000 		.word	1
 4582 0004 08000000 		.word	8
 4583 0008 08000000 		.word	8
 4584 000c 08000000 		.word	8
 4585 0010 14000000 		.word	20
 4586              		.section	.bss.__compound_literal.148,"aw",%nobits
 4587              		.align	1
 4590              	__compound_literal.148:
 4591 0000 0000     		.space	2
 4592              		.section	.data.__compound_literal.147,"aw"
 4593              		.align	2
 4596              	__compound_literal.147:
 4597 0000 C1C0C03C 		.word	1019265217
 4598              		.section	.data.__compound_literal.146,"aw"
 4599              		.align	2
 4602              	__compound_literal.146:
 4603 0000 01000000 		.word	1
 4604 0004 08000000 		.word	8
 4605 0008 08000000 		.word	8
 4606 000c 40020000 		.word	576
 4607              		.section	.bss.__compound_literal.145,"aw",%nobits
 4608              		.align	1
 4611              	__compound_literal.145:
 4612 0000 0000     		.space	2
 4613              		.section	.data.__compound_literal.144,"aw"
 4614              		.align	2
 4617              	__compound_literal.144:
 4618 0000 C1C0C03C 		.word	1019265217
 4619              		.section	.data.__compound_literal.143,"aw"
 4620              		.align	2
 4623              	__compound_literal.143:
 4624 0000 01000000 		.word	1
 4625 0004 10000000 		.word	16
 4626 0008 10000000 		.word	16
 4627 000c 40020000 		.word	576
 4628              		.section	.data.__compound_literal.142,"aw"
 4629              		.align	1
 4632              	__compound_literal.142:
 4633 0000 F8FF     		.short	-8
 4634              		.section	.data.__compound_literal.141,"aw"
 4635              		.align	2
 4638              	__compound_literal.141:
 4639 0000 DE8F8E3E 		.word	1049530334
 4640              		.section	.data.__compound_literal.140,"aw"
 4641              		.align	2
 4644              	__compound_literal.140:
 4645 0000 01000000 		.word	1
 4646 0004 04000000 		.word	4
ARM GAS  /tmp/ccYuK7WA.s 			page 116


 4647 0008 10000000 		.word	16
 4648 000c 10000000 		.word	16
 4649 0010 18000000 		.word	24
 4650              		.section	.data.__compound_literal.139,"aw"
 4651              		.align	2
 4654              	__compound_literal.139:
 4655 0000 01000000 		.word	1
 4656 0004 04000000 		.word	4
 4657 0008 10000000 		.word	16
 4658 000c 10000000 		.word	16
 4659 0010 18000000 		.word	24
 4660              		.section	.bss.__compound_literal.138,"aw",%nobits
 4661              		.align	1
 4664              	__compound_literal.138:
 4665 0000 0000     		.space	2
 4666              		.section	.data.__compound_literal.137,"aw"
 4667              		.align	2
 4670              	__compound_literal.137:
 4671 0000 C1C0C03C 		.word	1019265217
 4672              		.section	.data.__compound_literal.136,"aw"
 4673              		.align	2
 4676              	__compound_literal.136:
 4677 0000 01000000 		.word	1
 4678 0004 10000000 		.word	16
 4679 0008 10000000 		.word	16
 4680 000c 40020000 		.word	576
 4681              		.section	.bss.__compound_literal.135,"aw",%nobits
 4682              		.align	1
 4685              	__compound_literal.135:
 4686 0000 0000     		.space	2
 4687              		.section	.data.__compound_literal.134,"aw"
 4688              		.align	2
 4691              	__compound_literal.134:
 4692 0000 C1C0C03C 		.word	1019265217
 4693              		.section	.data.__compound_literal.133,"aw"
 4694              		.align	2
 4697              	__compound_literal.133:
 4698 0000 01000000 		.word	1
 4699 0004 10000000 		.word	16
 4700 0008 10000000 		.word	16
 4701 000c 40020000 		.word	576
 4702              		.section	.data.__compound_literal.132,"aw"
 4703              		.align	1
 4706              	__compound_literal.132:
 4707 0000 0700     		.short	7
 4708              		.section	.data.__compound_literal.131,"aw"
 4709              		.align	2
 4712              	__compound_literal.131:
 4713 0000 1363533E 		.word	1045652243
 4714              		.section	.data.__compound_literal.130,"aw"
 4715              		.align	2
 4718              	__compound_literal.130:
 4719 0000 01000000 		.word	1
 4720 0004 04000000 		.word	4
 4721 0008 10000000 		.word	16
 4722 000c 10000000 		.word	16
 4723 0010 18000000 		.word	24
ARM GAS  /tmp/ccYuK7WA.s 			page 117


 4724              		.section	.data.__compound_literal.129,"aw"
 4725              		.align	2
 4728              	__compound_literal.129:
 4729 0000 01000000 		.word	1
 4730 0004 04000000 		.word	4
 4731 0008 10000000 		.word	16
 4732 000c 10000000 		.word	16
 4733 0010 18000000 		.word	24
 4734              		.section	.bss.__compound_literal.128,"aw",%nobits
 4735              		.align	1
 4738              	__compound_literal.128:
 4739 0000 0000     		.space	2
 4740              		.section	.data.__compound_literal.127,"aw"
 4741              		.align	2
 4744              	__compound_literal.127:
 4745 0000 C1C0C03C 		.word	1019265217
 4746              		.section	.data.__compound_literal.126,"aw"
 4747              		.align	2
 4750              	__compound_literal.126:
 4751 0000 01000000 		.word	1
 4752 0004 10000000 		.word	16
 4753 0008 10000000 		.word	16
 4754 000c 40020000 		.word	576
 4755              		.section	.bss.__compound_literal.125,"aw",%nobits
 4756              		.align	1
 4759              	__compound_literal.125:
 4760 0000 0000     		.space	2
 4761              		.section	.data.__compound_literal.124,"aw"
 4762              		.align	2
 4765              	__compound_literal.124:
 4766 0000 C1C0C03C 		.word	1019265217
 4767              		.section	.data.__compound_literal.123,"aw"
 4768              		.align	2
 4771              	__compound_literal.123:
 4772 0000 01000000 		.word	1
 4773 0004 10000000 		.word	16
 4774 0008 10000000 		.word	16
 4775 000c 40020000 		.word	576
 4776              		.section	.data.__compound_literal.122,"aw"
 4777              		.align	1
 4780              	__compound_literal.122:
 4781 0000 0500     		.short	5
 4782              		.section	.data.__compound_literal.121,"aw"
 4783              		.align	2
 4786              	__compound_literal.121:
 4787 0000 17C7383E 		.word	1043908375
 4788              		.section	.data.__compound_literal.120,"aw"
 4789              		.align	2
 4792              	__compound_literal.120:
 4793 0000 01000000 		.word	1
 4794 0004 04000000 		.word	4
 4795 0008 10000000 		.word	16
 4796 000c 10000000 		.word	16
 4797 0010 18000000 		.word	24
 4798              		.section	.bss.__compound_literal.119,"aw",%nobits
 4799              		.align	1
 4802              	__compound_literal.119:
ARM GAS  /tmp/ccYuK7WA.s 			page 118


 4803 0000 0000     		.space	2
 4804              		.section	.data.__compound_literal.118,"aw"
 4805              		.align	2
 4808              	__compound_literal.118:
 4809 0000 C1C0C03C 		.word	1019265217
 4810              		.section	.data.__compound_literal.117,"aw"
 4811              		.align	2
 4814              	__compound_literal.117:
 4815 0000 01000000 		.word	1
 4816 0004 10000000 		.word	16
 4817 0008 10000000 		.word	16
 4818 000c 80010000 		.word	384
 4819              		.section	.bss.__compound_literal.116,"aw",%nobits
 4820              		.align	1
 4823              	__compound_literal.116:
 4824 0000 0000     		.space	2
 4825              		.section	.data.__compound_literal.115,"aw"
 4826              		.align	2
 4829              	__compound_literal.115:
 4830 0000 C1C0C03C 		.word	1019265217
 4831              		.section	.data.__compound_literal.114,"aw"
 4832              		.align	2
 4835              	__compound_literal.114:
 4836 0000 01000000 		.word	1
 4837 0004 10000000 		.word	16
 4838 0008 10000000 		.word	16
 4839 000c 80010000 		.word	384
 4840              		.section	.data.__compound_literal.113,"aw"
 4841              		.align	1
 4844              	__compound_literal.113:
 4845 0000 0500     		.short	5
 4846              		.section	.data.__compound_literal.112,"aw"
 4847              		.align	2
 4850              	__compound_literal.112:
 4851 0000 8AFED93C 		.word	1020919434
 4852              		.section	.data.__compound_literal.111,"aw"
 4853              		.align	2
 4856              	__compound_literal.111:
 4857 0000 01000000 		.word	1
 4858 0004 04000000 		.word	4
 4859 0008 10000000 		.word	16
 4860 000c 10000000 		.word	16
 4861 0010 10000000 		.word	16
 4862              		.section	.data.__compound_literal.110,"aw"
 4863              		.align	2
 4866              	__compound_literal.110:
 4867 0000 01000000 		.word	1
 4868 0004 10000000 		.word	16
 4869 0008 10000000 		.word	16
 4870 000c 10000000 		.word	16
 4871 0010 18000000 		.word	24
 4872              		.section	.bss.__compound_literal.109,"aw",%nobits
 4873              		.align	1
 4876              	__compound_literal.109:
 4877 0000 0000     		.space	2
 4878              		.section	.data.__compound_literal.108,"aw"
 4879              		.align	2
ARM GAS  /tmp/ccYuK7WA.s 			page 119


 4882              	__compound_literal.108:
 4883 0000 7FD88B3E 		.word	1049352319
 4884              		.section	.data.__compound_literal.107,"aw"
 4885              		.align	2
 4888              	__compound_literal.107:
 4889 0000 01000000 		.word	1
 4890 0004 04000000 		.word	4
 4891 0008 10000000 		.word	16
 4892 000c 10000000 		.word	16
 4893 0010 10000000 		.word	16
 4894              		.section	.bss.__compound_literal.106,"aw",%nobits
 4895              		.align	1
 4898              	__compound_literal.106:
 4899 0000 0000     		.space	2
 4900              		.section	.data.__compound_literal.105,"aw"
 4901              		.align	2
 4904              	__compound_literal.105:
 4905 0000 C1C0C03C 		.word	1019265217
 4906              		.section	.data.__compound_literal.104,"aw"
 4907              		.align	2
 4910              	__compound_literal.104:
 4911 0000 01000000 		.word	1
 4912 0004 10000000 		.word	16
 4913 0008 10000000 		.word	16
 4914 000c 80010000 		.word	384
 4915              		.section	.bss.__compound_literal.103,"aw",%nobits
 4916              		.align	1
 4919              	__compound_literal.103:
 4920 0000 0000     		.space	2
 4921              		.section	.data.__compound_literal.102,"aw"
 4922              		.align	2
 4925              	__compound_literal.102:
 4926 0000 C1C0C03C 		.word	1019265217
 4927              		.section	.data.__compound_literal.101,"aw"
 4928              		.align	2
 4931              	__compound_literal.101:
 4932 0000 01000000 		.word	1
 4933 0004 10000000 		.word	16
 4934 0008 10000000 		.word	16
 4935 000c 80010000 		.word	384
 4936              		.section	.data.__compound_literal.100,"aw"
 4937              		.align	1
 4940              	__compound_literal.100:
 4941 0000 0100     		.short	1
 4942              		.section	.data.__compound_literal.99,"aw"
 4943              		.align	2
 4946              	__compound_literal.99:
 4947 0000 B09D813E 		.word	1048681904
 4948              		.section	.data.__compound_literal.98,"aw"
 4949              		.align	2
 4952              	__compound_literal.98:
 4953 0000 01000000 		.word	1
 4954 0004 04000000 		.word	4
 4955 0008 10000000 		.word	16
 4956 000c 10000000 		.word	16
 4957 0010 10000000 		.word	16
 4958              		.section	.bss.__compound_literal.97,"aw",%nobits
ARM GAS  /tmp/ccYuK7WA.s 			page 120


 4959              		.align	1
 4962              	__compound_literal.97:
 4963 0000 0000     		.space	2
 4964              		.section	.data.__compound_literal.96,"aw"
 4965              		.align	2
 4968              	__compound_literal.96:
 4969 0000 C1C0C03C 		.word	1019265217
 4970              		.section	.data.__compound_literal.95,"aw"
 4971              		.align	2
 4974              	__compound_literal.95:
 4975 0000 01000000 		.word	1
 4976 0004 10000000 		.word	16
 4977 0008 10000000 		.word	16
 4978 000c 80010000 		.word	384
 4979              		.section	.bss.__compound_literal.94,"aw",%nobits
 4980              		.align	1
 4983              	__compound_literal.94:
 4984 0000 0000     		.space	2
 4985              		.section	.data.__compound_literal.93,"aw"
 4986              		.align	2
 4989              	__compound_literal.93:
 4990 0000 C1C0C03C 		.word	1019265217
 4991              		.section	.data.__compound_literal.92,"aw"
 4992              		.align	2
 4995              	__compound_literal.92:
 4996 0000 01000000 		.word	1
 4997 0004 10000000 		.word	16
 4998 0008 10000000 		.word	16
 4999 000c 80010000 		.word	384
 5000              		.section	.data.__compound_literal.91,"aw"
 5001              		.align	1
 5004              	__compound_literal.91:
 5005 0000 FAFF     		.short	-6
 5006              		.section	.data.__compound_literal.90,"aw"
 5007              		.align	2
 5010              	__compound_literal.90:
 5011 0000 58E56C3E 		.word	1047323992
 5012              		.section	.data.__compound_literal.89,"aw"
 5013              		.align	2
 5016              	__compound_literal.89:
 5017 0000 01000000 		.word	1
 5018 0004 04000000 		.word	4
 5019 0008 10000000 		.word	16
 5020 000c 10000000 		.word	16
 5021 0010 10000000 		.word	16
 5022              		.section	.bss.__compound_literal.88,"aw",%nobits
 5023              		.align	1
 5026              	__compound_literal.88:
 5027 0000 0000     		.space	2
 5028              		.section	.data.__compound_literal.87,"aw"
 5029              		.align	2
 5032              	__compound_literal.87:
 5033 0000 C1C0C03C 		.word	1019265217
 5034              		.section	.data.__compound_literal.86,"aw"
 5035              		.align	2
 5038              	__compound_literal.86:
 5039 0000 01000000 		.word	1
ARM GAS  /tmp/ccYuK7WA.s 			page 121


 5040 0004 10000000 		.word	16
 5041 0008 10000000 		.word	16
 5042 000c 80010000 		.word	384
 5043              		.section	.bss.__compound_literal.85,"aw",%nobits
 5044              		.align	1
 5047              	__compound_literal.85:
 5048 0000 0000     		.space	2
 5049              		.section	.data.__compound_literal.84,"aw"
 5050              		.align	2
 5053              	__compound_literal.84:
 5054 0000 C1C0C03C 		.word	1019265217
 5055              		.section	.data.__compound_literal.83,"aw"
 5056              		.align	2
 5059              	__compound_literal.83:
 5060 0000 01000000 		.word	1
 5061 0004 10000000 		.word	16
 5062 0008 10000000 		.word	16
 5063 000c 80010000 		.word	384
 5064              		.section	.bss.__compound_literal.82,"aw",%nobits
 5065              		.align	1
 5068              	__compound_literal.82:
 5069 0000 0000     		.space	2
 5070              		.section	.data.__compound_literal.81,"aw"
 5071              		.align	2
 5074              	__compound_literal.81:
 5075 0000 4F655F3E 		.word	1046439247
 5076              		.section	.data.__compound_literal.80,"aw"
 5077              		.align	2
 5080              	__compound_literal.80:
 5081 0000 01000000 		.word	1
 5082 0004 04000000 		.word	4
 5083 0008 10000000 		.word	16
 5084 000c 10000000 		.word	16
 5085 0010 10000000 		.word	16
 5086              		.section	.bss.__compound_literal.79,"aw",%nobits
 5087              		.align	1
 5090              	__compound_literal.79:
 5091 0000 0000     		.space	2
 5092              		.section	.data.__compound_literal.78,"aw"
 5093              		.align	2
 5096              	__compound_literal.78:
 5097 0000 C1C0C03C 		.word	1019265217
 5098              		.section	.data.__compound_literal.77,"aw"
 5099              		.align	2
 5102              	__compound_literal.77:
 5103 0000 01000000 		.word	1
 5104 0004 10000000 		.word	16
 5105 0008 10000000 		.word	16
 5106 000c C0000000 		.word	192
 5107              		.section	.bss.__compound_literal.76,"aw",%nobits
 5108              		.align	1
 5111              	__compound_literal.76:
 5112 0000 0000     		.space	2
 5113              		.section	.data.__compound_literal.75,"aw"
 5114              		.align	2
 5117              	__compound_literal.75:
 5118 0000 C1C0C03C 		.word	1019265217
ARM GAS  /tmp/ccYuK7WA.s 			page 122


 5119              		.section	.data.__compound_literal.74,"aw"
 5120              		.align	2
 5123              	__compound_literal.74:
 5124 0000 01000000 		.word	1
 5125 0004 20000000 		.word	32
 5126 0008 20000000 		.word	32
 5127 000c C0000000 		.word	192
 5128              		.section	.data.__compound_literal.73,"aw"
 5129              		.align	1
 5132              	__compound_literal.73:
 5133 0000 FCFF     		.short	-4
 5134              		.section	.data.__compound_literal.72,"aw"
 5135              		.align	2
 5138              	__compound_literal.72:
 5139 0000 A675053D 		.word	1023767974
 5140              		.section	.data.__compound_literal.71,"aw"
 5141              		.align	2
 5144              	__compound_literal.71:
 5145 0000 01000000 		.word	1
 5146 0004 02000000 		.word	2
 5147 0008 20000000 		.word	32
 5148 000c 20000000 		.word	32
 5149 0010 10000000 		.word	16
 5150              		.section	.data.__compound_literal.70,"aw"
 5151              		.align	1
 5154              	__compound_literal.70:
 5155 0000 0600     		.short	6
 5156              		.section	.data.__compound_literal.69,"aw"
 5157              		.align	2
 5160              	__compound_literal.69:
 5161 0000 CA3BB63E 		.word	1052130250
 5162              		.section	.data.__compound_literal.68,"aw"
 5163              		.align	2
 5166              	__compound_literal.68:
 5167 0000 01000000 		.word	1
 5168 0004 02000000 		.word	2
 5169 0008 20000000 		.word	32
 5170 000c 20000000 		.word	32
 5171 0010 10000000 		.word	16
 5172              		.section	.bss.__compound_literal.67,"aw",%nobits
 5173              		.align	1
 5176              	__compound_literal.67:
 5177 0000 0000     		.space	2
 5178              		.section	.data.__compound_literal.66,"aw"
 5179              		.align	2
 5182              	__compound_literal.66:
 5183 0000 C1C0C03C 		.word	1019265217
 5184              		.section	.data.__compound_literal.65,"aw"
 5185              		.align	2
 5188              	__compound_literal.65:
 5189 0000 01000000 		.word	1
 5190 0004 20000000 		.word	32
 5191 0008 20000000 		.word	32
 5192 000c C0000000 		.word	192
 5193              		.section	.bss.__compound_literal.64,"aw",%nobits
 5194              		.align	1
 5197              	__compound_literal.64:
ARM GAS  /tmp/ccYuK7WA.s 			page 123


 5198 0000 0000     		.space	2
 5199              		.section	.data.__compound_literal.63,"aw"
 5200              		.align	2
 5203              	__compound_literal.63:
 5204 0000 C1C0C03C 		.word	1019265217
 5205              		.section	.data.__compound_literal.62,"aw"
 5206              		.align	2
 5209              	__compound_literal.62:
 5210 0000 01000000 		.word	1
 5211 0004 20000000 		.word	32
 5212 0008 20000000 		.word	32
 5213 000c C0000000 		.word	192
 5214              		.section	.data.__compound_literal.61,"aw"
 5215              		.align	1
 5218              	__compound_literal.61:
 5219 0000 0100     		.short	1
 5220              		.section	.data.__compound_literal.60,"aw"
 5221              		.align	2
 5224              	__compound_literal.60:
 5225 0000 83DE8F3E 		.word	1049616003
 5226              		.section	.data.__compound_literal.59,"aw"
 5227              		.align	2
 5230              	__compound_literal.59:
 5231 0000 01000000 		.word	1
 5232 0004 02000000 		.word	2
 5233 0008 20000000 		.word	32
 5234 000c 20000000 		.word	32
 5235 0010 10000000 		.word	16
 5236              		.section	.bss.__compound_literal.58,"aw",%nobits
 5237              		.align	1
 5240              	__compound_literal.58:
 5241 0000 0000     		.space	2
 5242              		.section	.data.__compound_literal.57,"aw"
 5243              		.align	2
 5246              	__compound_literal.57:
 5247 0000 C1C0C03C 		.word	1019265217
 5248              		.section	.data.__compound_literal.56,"aw"
 5249              		.align	2
 5252              	__compound_literal.56:
 5253 0000 01000000 		.word	1
 5254 0004 20000000 		.word	32
 5255 0008 20000000 		.word	32
 5256 000c C0000000 		.word	192
 5257              		.section	.bss.__compound_literal.55,"aw",%nobits
 5258              		.align	1
 5261              	__compound_literal.55:
 5262 0000 0000     		.space	2
 5263              		.section	.data.__compound_literal.54,"aw"
 5264              		.align	2
 5267              	__compound_literal.54:
 5268 0000 C1C0C03C 		.word	1019265217
 5269              		.section	.data.__compound_literal.53,"aw"
 5270              		.align	2
 5273              	__compound_literal.53:
 5274 0000 01000000 		.word	1
 5275 0004 20000000 		.word	32
 5276 0008 20000000 		.word	32
ARM GAS  /tmp/ccYuK7WA.s 			page 124


 5277 000c C0000000 		.word	192
 5278              		.section	.data.__compound_literal.52,"aw"
 5279              		.align	1
 5282              	__compound_literal.52:
 5283 0000 0500     		.short	5
 5284              		.section	.data.__compound_literal.51,"aw"
 5285              		.align	2
 5288              	__compound_literal.51:
 5289 0000 B0014E3E 		.word	1045299632
 5290              		.section	.data.__compound_literal.50,"aw"
 5291              		.align	2
 5294              	__compound_literal.50:
 5295 0000 01000000 		.word	1
 5296 0004 02000000 		.word	2
 5297 0008 20000000 		.word	32
 5298 000c 20000000 		.word	32
 5299 0010 10000000 		.word	16
 5300              		.section	.bss.__compound_literal.49,"aw",%nobits
 5301              		.align	1
 5304              	__compound_literal.49:
 5305 0000 0000     		.space	2
 5306              		.section	.data.__compound_literal.48,"aw"
 5307              		.align	2
 5310              	__compound_literal.48:
 5311 0000 C1C0C03C 		.word	1019265217
 5312              		.section	.data.__compound_literal.47,"aw"
 5313              		.align	2
 5316              	__compound_literal.47:
 5317 0000 01000000 		.word	1
 5318 0004 20000000 		.word	32
 5319 0008 20000000 		.word	32
 5320 000c 90000000 		.word	144
 5321              		.section	.bss.__compound_literal.46,"aw",%nobits
 5322              		.align	1
 5325              	__compound_literal.46:
 5326 0000 0000     		.space	2
 5327              		.section	.data.__compound_literal.45,"aw"
 5328              		.align	2
 5331              	__compound_literal.45:
 5332 0000 C1C0C03C 		.word	1019265217
 5333              		.section	.data.__compound_literal.44,"aw"
 5334              		.align	2
 5337              	__compound_literal.44:
 5338 0000 01000000 		.word	1
 5339 0004 40000000 		.word	64
 5340 0008 40000000 		.word	64
 5341 000c 90000000 		.word	144
 5342              		.section	.data.__compound_literal.43,"aw"
 5343              		.align	1
 5346              	__compound_literal.43:
 5347 0000 0E00     		.short	14
 5348              		.section	.data.__compound_literal.42,"aw"
 5349              		.align	2
 5352              	__compound_literal.42:
 5353 0000 6469283D 		.word	1026058596
 5354              		.section	.data.__compound_literal.41,"aw"
 5355              		.align	2
ARM GAS  /tmp/ccYuK7WA.s 			page 125


 5358              	__compound_literal.41:
 5359 0000 01000000 		.word	1
 5360 0004 40000000 		.word	64
 5361 0008 40000000 		.word	64
 5362 000c 18000000 		.word	24
 5363              		.section	.data.__compound_literal.40,"aw"
 5364              		.align	1
 5367              	__compound_literal.40:
 5368 0000 0100     		.short	1
 5369              		.section	.data.__compound_literal.39,"aw"
 5370              		.align	2
 5373              	__compound_literal.39:
 5374 0000 97F9BE3E 		.word	1052703127
 5375              		.section	.data.__compound_literal.38,"aw"
 5376              		.align	2
 5379              	__compound_literal.38:
 5380 0000 01000000 		.word	1
 5381 0004 40000000 		.word	64
 5382 0008 40000000 		.word	64
 5383 000c 18000000 		.word	24
 5384              		.section	.bss.__compound_literal.37,"aw",%nobits
 5385              		.align	1
 5388              	__compound_literal.37:
 5389 0000 0000     		.space	2
 5390              		.section	.data.__compound_literal.36,"aw"
 5391              		.align	2
 5394              	__compound_literal.36:
 5395 0000 C1C0C03C 		.word	1019265217
 5396              		.section	.data.__compound_literal.35,"aw"
 5397              		.align	2
 5400              	__compound_literal.35:
 5401 0000 01000000 		.word	1
 5402 0004 40000000 		.word	64
 5403 0008 40000000 		.word	64
 5404 000c 90000000 		.word	144
 5405              		.section	.bss.__compound_literal.34,"aw",%nobits
 5406              		.align	1
 5409              	__compound_literal.34:
 5410 0000 0000     		.space	2
 5411              		.section	.data.__compound_literal.33,"aw"
 5412              		.align	2
 5415              	__compound_literal.33:
 5416 0000 C1C0C03C 		.word	1019265217
 5417              		.section	.data.__compound_literal.32,"aw"
 5418              		.align	2
 5421              	__compound_literal.32:
 5422 0000 01000000 		.word	1
 5423 0004 40000000 		.word	64
 5424 0008 40000000 		.word	64
 5425 000c 90000000 		.word	144
 5426              		.section	.data.__compound_literal.31,"aw"
 5427              		.align	1
 5430              	__compound_literal.31:
 5431 0000 0400     		.short	4
 5432              		.section	.data.__compound_literal.30,"aw"
 5433              		.align	2
 5436              	__compound_literal.30:
ARM GAS  /tmp/ccYuK7WA.s 			page 126


 5437 0000 FCE7A33E 		.word	1050929148
 5438              		.section	.data.__compound_literal.29,"aw"
 5439              		.align	2
 5442              	__compound_literal.29:
 5443 0000 01000000 		.word	1
 5444 0004 40000000 		.word	64
 5445 0008 40000000 		.word	64
 5446 000c 18000000 		.word	24
 5447              		.section	.bss.__compound_literal.28,"aw",%nobits
 5448              		.align	1
 5451              	__compound_literal.28:
 5452 0000 0000     		.space	2
 5453              		.section	.data.__compound_literal.27,"aw"
 5454              		.align	2
 5457              	__compound_literal.27:
 5458 0000 C1C0C03C 		.word	1019265217
 5459              		.section	.data.__compound_literal.26,"aw"
 5460              		.align	2
 5463              	__compound_literal.26:
 5464 0000 01000000 		.word	1
 5465 0004 40000000 		.word	64
 5466 0008 40000000 		.word	64
 5467 000c 60000000 		.word	96
 5468              		.section	.bss.__compound_literal.25,"aw",%nobits
 5469              		.align	1
 5472              	__compound_literal.25:
 5473 0000 0000     		.space	2
 5474              		.section	.data.__compound_literal.24,"aw"
 5475              		.align	2
 5478              	__compound_literal.24:
 5479 0000 C1C0C03C 		.word	1019265217
 5480              		.section	.data.__compound_literal.23,"aw"
 5481              		.align	2
 5484              	__compound_literal.23:
 5485 0000 01000000 		.word	1
 5486 0004 80000000 		.word	128
 5487 0008 80000000 		.word	128
 5488 000c 60000000 		.word	96
 5489              		.section	.data.__compound_literal.22,"aw"
 5490              		.align	1
 5493              	__compound_literal.22:
 5494 0000 0600     		.short	6
 5495              		.section	.data.__compound_literal.21,"aw"
 5496              		.align	2
 5499              	__compound_literal.21:
 5500 0000 F8DDB73E 		.word	1052237304
 5501              		.section	.data.__compound_literal.20,"aw"
 5502              		.align	2
 5505              	__compound_literal.20:
 5506 0000 01000000 		.word	1
 5507 0004 80000000 		.word	128
 5508 0008 80000000 		.word	128
 5509 000c 10000000 		.word	16
 5510              		.section	.bss.__compound_literal.19,"aw",%nobits
 5511              		.align	1
 5514              	__compound_literal.19:
 5515 0000 0000     		.space	2
ARM GAS  /tmp/ccYuK7WA.s 			page 127


 5516              		.section	.data.__compound_literal.18,"aw"
 5517              		.align	2
 5520              	__compound_literal.18:
 5521 0000 C1C0C03C 		.word	1019265217
 5522              		.section	.data.__compound_literal.17,"aw"
 5523              		.align	2
 5526              	__compound_literal.17:
 5527 0000 01000000 		.word	1
 5528 0004 80000000 		.word	128
 5529 0008 80000000 		.word	128
 5530 000c 20000000 		.word	32
 5531              		.section	.bss.__compound_literal.16,"aw",%nobits
 5532              		.align	1
 5535              	__compound_literal.16:
 5536 0000 0000     		.space	2
 5537              		.section	.data.__compound_literal.15,"aw"
 5538              		.align	2
 5541              	__compound_literal.15:
 5542 0000 C1C0C03C 		.word	1019265217
 5543              		.section	.data.__compound_literal.14,"aw"
 5544              		.align	2
 5547              	__compound_literal.14:
 5548 0000 01000000 		.word	1
 5549 0004 80000000 		.word	128
 5550 0008 80000000 		.word	128
 5551 000c 20000000 		.word	32
 5552              		.section	.data.__compound_literal.13,"aw"
 5553              		.align	1
 5556              	__compound_literal.13:
 5557 0000 FFFF     		.short	-1
 5558              		.section	.data.__compound_literal.12,"aw"
 5559              		.align	2
 5562              	__compound_literal.12:
 5563 0000 8180003C 		.word	1006665857
 5564              		.section	.data.__compound_literal.11,"aw"
 5565              		.align	2
 5568              	__compound_literal.11:
 5569 0000 01000000 		.word	1
 5570 0004 00010000 		.word	256
 5571 0008 00010000 		.word	256
 5572 000c 03000000 		.word	3
 5573              		.section	.data.__compound_literal.10,"aw"
 5574              		.align	1
 5577              	__compound_literal.10:
 5578 0000 7F00     		.short	127
 5579              		.section	.data.__compound_literal.9,"aw"
 5580              		.align	2
 5583              	__compound_literal.9:
 5584 0000 8180003C 		.word	1006665857
 5585              		.section	.data.__compound_literal.8,"aw"
 5586              		.align	2
 5589              	__compound_literal.8:
 5590 0000 01000000 		.word	1
 5591 0004 00010000 		.word	256
 5592 0008 00010000 		.word	256
 5593 000c 03000000 		.word	3
 5594              		.section	.rodata.str1.1
ARM GAS  /tmp/ccYuK7WA.s 			page 128


 5595              	.LC102:
 5596 09a8 5472616E 		.ascii	"Transpose_314_out_0\000"
 5596      73706F73 
 5596      655F3331 
 5596      345F6F75 
 5596      745F3000 
 5597              		.section	.data.__compound_literal.7,"aw"
 5598              		.align	2
 5601              	__compound_literal.7:
 5602 0000 00100100 		.word	69632
 5603 0004 89000000 		.word	137
 5604 0008 40048400 		.word	8651840
 5605 000c 04000000 		.word	4
 5606 0010 00000000 		.word	__compound_literal.4
 5607 0014 01000000 		.word	1
 5608 0018 00000000 		.word	__compound_literal.5
 5609 001c 01000000 		.word	1
 5610 0020 00000000 		.word	__compound_literal.6
 5611 0024 A8090000 		.word	.LC102
 5612              		.section	.data.__compound_literal.6,"aw"
 5613              		.align	1
 5616              	__compound_literal.6:
 5617 0000 80FF     		.short	-128
 5618              		.section	.data.__compound_literal.5,"aw"
 5619              		.align	2
 5622              	__compound_literal.5:
 5623 0000 7FD66B3B 		.word	996923007
 5624              		.section	.data.__compound_literal.4,"aw"
 5625              		.align	2
 5628              	__compound_literal.4:
 5629 0000 01000000 		.word	1
 5630 0004 40000000 		.word	64
 5631 0008 40000000 		.word	64
 5632 000c 11000000 		.word	17
 5633              		.section	.rodata.str1.1
 5634              	.LC103:
 5635 09bc 496E7075 		.ascii	"Input_0_out_0\000"
 5635      745F305F 
 5635      6F75745F 
 5635      3000
 5636              		.section	.data.__compound_literal.3,"aw"
 5637              		.align	2
 5640              	__compound_literal.3:
 5641 0000 00000300 		.word	196608
 5642 0004 81000000 		.word	129
 5643 0008 40040400 		.word	263232
 5644 000c 04000000 		.word	4
 5645 0010 00000000 		.word	__compound_literal.0
 5646 0014 01000000 		.word	1
 5647 0018 00000000 		.word	__compound_literal.1
 5648 001c 01000000 		.word	1
 5649 0020 00000000 		.word	__compound_literal.2
 5650 0024 BC090000 		.word	.LC103
 5651              		.section	.data.__compound_literal.2,"aw"
 5652              		.align	1
 5655              	__compound_literal.2:
 5656 0000 7F00     		.short	127
ARM GAS  /tmp/ccYuK7WA.s 			page 129


 5657              		.section	.data.__compound_literal.1,"aw"
 5658              		.align	2
 5661              	__compound_literal.1:
 5662 0000 8180003C 		.word	1006665857
 5663              		.section	.data.__compound_literal.0,"aw"
 5664              		.align	2
 5667              	__compound_literal.0:
 5668 0000 01000000 		.word	1
 5669 0004 00010000 		.word	256
 5670 0008 00010000 		.word	256
 5671 000c 03000000 		.word	3
 5672              		.section	.rodata.NN_Interface_network,"a"
 5673              		.align	2
 5676              	NN_Interface_network:
 5677 0000 15000000 		.word	.LC6
 5678 0004 00000000 		.word	LL_ATON_EC_Network_Init_network
 5679 0008 00000000 		.word	LL_ATON_EC_Inference_Init_network
 5680 000c 00000000 		.word	LL_ATON_Set_User_Input_Buffer_network
 5681 0010 00000000 		.word	LL_ATON_Get_User_Input_Buffer_network
 5682 0014 00000000 		.word	LL_ATON_Set_User_Output_Buffer_network
 5683 0018 00000000 		.word	LL_ATON_Get_User_Output_Buffer_network
 5684 001c 00000000 		.word	LL_ATON_EpochBlockItems_network
 5685 0020 00000000 		.word	LL_ATON_Output_Buffers_Info_network
 5686 0024 00000000 		.word	LL_ATON_Input_Buffers_Info_network
 5687 0028 00000000 		.word	LL_ATON_BlobEncryption_Info_network
 5688 002c 00000000 		.word	LL_ATON_WeightEncryption_Info_network
 5689 0030 00000000 		.word	LL_ATON_Internal_Buffers_Info_network
 5690              		.text
 5691              	.Letext0:
 5692              		.file 4 "/opt/st/stm32cubeide_2.1.1/plugins/com.st.stm32cube.ide.mcu.externaltools.gnu-tools-for-s
 5693              		.file 5 "/opt/st/stm32cubeide_2.1.1/plugins/com.st.stm32cube.ide.mcu.externaltools.gnu-tools-for-s
 5694              		.file 6 "../../Middlewares/stedgeai-lib/Npu/ll_aton/ll_aton_cipher.h"
 5695              		.file 7 "../../Middlewares/stedgeai-lib/Npu/ll_aton/ll_aton_rt_user_api.h"
 5696              		.file 8 "../../Middlewares/stedgeai-lib/Inc/stai.h"
 5697              		.file 9 "../../Middlewares/stedgeai-lib/Npu/ll_aton/stai_aton_common.h"
 5698              		.file 10 "/opt/st/stm32cubeide_2.1.1/plugins/com.st.stm32cube.ide.mcu.externaltools.gnu-tools-for-
 5699              		.file 11 "<built-in>"
ARM GAS  /tmp/ccYuK7WA.s 			page 130


DEFINED SYMBOLS
                            *ABS*:00000000 stai_network.c
     /tmp/ccYuK7WA.s:26     .text.LL_Buffer_addr_start:00000000 $t
     /tmp/ccYuK7WA.s:31     .text.LL_Buffer_addr_start:00000000 LL_Buffer_addr_start
     /tmp/ccYuK7WA.s:76     .text.__ll_aton_stai_check_context_network_handle.constprop.0:00000000 $t
     /tmp/ccYuK7WA.s:81     .text.__ll_aton_stai_check_context_network_handle.constprop.0:00000000 __ll_aton_stai_check_context_network_handle.constprop.0
     /tmp/ccYuK7WA.s:143    .text.__ll_aton_stai_network_set_outputs_or_activations:00000000 $t
     /tmp/ccYuK7WA.s:148    .text.__ll_aton_stai_network_set_outputs_or_activations:00000000 __ll_aton_stai_network_set_outputs_or_activations
     /tmp/ccYuK7WA.s:462    .text.__ll_aton_stai_network_set_outputs_or_activations:00000110 $d
     /tmp/ccYuK7WA.s:5676   .rodata.NN_Interface_network:00000000 NN_Interface_network
     /tmp/ccYuK7WA.s:2644   .rodata.__func__.0:00000000 __func__.0
     /tmp/ccYuK7WA.s:478    .text.__ll_aton_stai_network_set_inputs_or_weights:00000000 $t
     /tmp/ccYuK7WA.s:483    .text.__ll_aton_stai_network_set_inputs_or_weights:00000000 __ll_aton_stai_network_set_inputs_or_weights
     /tmp/ccYuK7WA.s:794    .text.__ll_aton_stai_network_set_inputs_or_weights:00000118 $d
     /tmp/ccYuK7WA.s:2649   .rodata.__func__.1:00000000 __func__.1
     /tmp/ccYuK7WA.s:814    .text.__ll_aton_stai_network_get_outputs_or_activations:00000000 $t
     /tmp/ccYuK7WA.s:819    .text.__ll_aton_stai_network_get_outputs_or_activations:00000000 __ll_aton_stai_network_get_outputs_or_activations
     /tmp/ccYuK7WA.s:1083   .text.__ll_aton_stai_network_get_outputs_or_activations:000000b0 $d
     /tmp/ccYuK7WA.s:2654   .rodata.__func__.2:00000000 __func__.2
     /tmp/ccYuK7WA.s:1094   .text.__ll_aton_stai_network_get_inputs_or_weights:00000000 $t
     /tmp/ccYuK7WA.s:1099   .text.__ll_aton_stai_network_get_inputs_or_weights:00000000 __ll_aton_stai_network_get_inputs_or_weights
     /tmp/ccYuK7WA.s:1332   .text.__ll_aton_stai_network_get_inputs_or_weights:000000b8 $d
     /tmp/ccYuK7WA.s:2659   .rodata.__func__.3:00000000 __func__.3
     /tmp/ccYuK7WA.s:1346   .text.stai_network_init:00000000 $t
     /tmp/ccYuK7WA.s:1352   .text.stai_network_init:00000000 stai_network_init
     /tmp/ccYuK7WA.s:1411   .text.stai_network_init:0000002c $d
     /tmp/ccYuK7WA.s:1416   .text.stai_network_deinit:00000000 $t
     /tmp/ccYuK7WA.s:1422   .text.stai_network_deinit:00000000 stai_network_deinit
     /tmp/ccYuK7WA.s:1540   .text.stai_network_deinit:00000070 $d
     /tmp/ccYuK7WA.s:1545   .text.stai_network_run:00000000 $t
     /tmp/ccYuK7WA.s:1551   .text.stai_network_run:00000000 stai_network_run
     /tmp/ccYuK7WA.s:1632   .text.stai_network_run:00000044 $d
     /tmp/ccYuK7WA.s:1637   .text.stai_network_train:00000000 $t
     /tmp/ccYuK7WA.s:1643   .text.stai_network_train:00000000 stai_network_train
     /tmp/ccYuK7WA.s:1726   .text.stai_network_train:0000004c $d
     /tmp/ccYuK7WA.s:1732   .text.stai_network_get_inputs:00000000 $t
     /tmp/ccYuK7WA.s:1738   .text.stai_network_get_inputs:00000000 stai_network_get_inputs
     /tmp/ccYuK7WA.s:1756   .text.stai_network_get_weights:00000000 $t
     /tmp/ccYuK7WA.s:1762   .text.stai_network_get_weights:00000000 stai_network_get_weights
     /tmp/ccYuK7WA.s:1780   .text.stai_network_get_outputs:00000000 $t
     /tmp/ccYuK7WA.s:1786   .text.stai_network_get_outputs:00000000 stai_network_get_outputs
     /tmp/ccYuK7WA.s:1804   .text.stai_network_get_activations:00000000 $t
     /tmp/ccYuK7WA.s:1810   .text.stai_network_get_activations:00000000 stai_network_get_activations
     /tmp/ccYuK7WA.s:1835   .text.stai_network_get_info:00000000 $t
     /tmp/ccYuK7WA.s:1841   .text.stai_network_get_info:00000000 stai_network_get_info
     /tmp/ccYuK7WA.s:1951   .text.stai_network_get_info:00000084 $d
     /tmp/ccYuK7WA.s:5640   .data.__compound_literal.3:00000000 __compound_literal.3
     /tmp/ccYuK7WA.s:5601   .data.__compound_literal.7:00000000 __compound_literal.7
     /tmp/ccYuK7WA.s:2854   .data.__compound_literal.256:00000000 __compound_literal.256
     /tmp/ccYuK7WA.s:1962   .text.stai_network_get_states:00000000 $t
     /tmp/ccYuK7WA.s:1968   .text.stai_network_get_states:00000000 stai_network_get_states
     /tmp/ccYuK7WA.s:2042   .text.stai_network_get_states:0000003c $d
     /tmp/ccYuK7WA.s:2047   .text.stai_network_get_error:00000000 $t
     /tmp/ccYuK7WA.s:2053   .text.stai_network_get_error:00000000 stai_network_get_error
     /tmp/ccYuK7WA.s:2121   .text.stai_network_get_error:00000038 $d
     /tmp/ccYuK7WA.s:2126   .text.stai_network_set_inputs:00000000 $t
     /tmp/ccYuK7WA.s:2132   .text.stai_network_set_inputs:00000000 stai_network_set_inputs
ARM GAS  /tmp/ccYuK7WA.s 			page 131


     /tmp/ccYuK7WA.s:2150   .text.stai_network_set_weights:00000000 $t
     /tmp/ccYuK7WA.s:2156   .text.stai_network_set_weights:00000000 stai_network_set_weights
     /tmp/ccYuK7WA.s:2174   .text.stai_network_set_outputs:00000000 $t
     /tmp/ccYuK7WA.s:2180   .text.stai_network_set_outputs:00000000 stai_network_set_outputs
     /tmp/ccYuK7WA.s:2198   .text.stai_network_set_activations:00000000 $t
     /tmp/ccYuK7WA.s:2204   .text.stai_network_set_activations:00000000 stai_network_set_activations
     /tmp/ccYuK7WA.s:2222   .text.stai_network_set_states:00000000 $t
     /tmp/ccYuK7WA.s:2228   .text.stai_network_set_states:00000000 stai_network_set_states
     /tmp/ccYuK7WA.s:2315   .text.stai_network_set_states:00000050 $d
     /tmp/ccYuK7WA.s:2321   .text.stai_network_set_callback:00000000 $t
     /tmp/ccYuK7WA.s:2327   .text.stai_network_set_callback:00000000 stai_network_set_callback
     /tmp/ccYuK7WA.s:2392   .text.stai_network_set_callback:00000034 $d
     /tmp/ccYuK7WA.s:2398   .text.stai_ext_network_run_continue:00000000 $t
     /tmp/ccYuK7WA.s:2404   .text.stai_ext_network_run_continue:00000000 stai_ext_network_run_continue
     /tmp/ccYuK7WA.s:2523   .text.stai_ext_network_run_continue:00000060 $d
     /tmp/ccYuK7WA.s:2530   .text.stai_ext_network_get_nn_run_status:00000000 $t
     /tmp/ccYuK7WA.s:2536   .text.stai_ext_network_get_nn_run_status:00000000 stai_ext_network_get_nn_run_status
     /tmp/ccYuK7WA.s:2614   .text.stai_ext_network_get_nn_run_status:00000040 $d
     /tmp/ccYuK7WA.s:2619   .text.stai_ext_network_new_inference:00000000 $t
     /tmp/ccYuK7WA.s:2625   .text.stai_ext_network_new_inference:00000000 stai_ext_network_new_inference
     /tmp/ccYuK7WA.s:2851   .data.__compound_literal.256:00000000 $d
     /tmp/ccYuK7WA.s:5589   .data.__compound_literal.8:00000000 __compound_literal.8
     /tmp/ccYuK7WA.s:5583   .data.__compound_literal.9:00000000 __compound_literal.9
     /tmp/ccYuK7WA.s:5577   .data.__compound_literal.10:00000000 __compound_literal.10
     /tmp/ccYuK7WA.s:5568   .data.__compound_literal.11:00000000 __compound_literal.11
     /tmp/ccYuK7WA.s:5562   .data.__compound_literal.12:00000000 __compound_literal.12
     /tmp/ccYuK7WA.s:5556   .data.__compound_literal.13:00000000 __compound_literal.13
     /tmp/ccYuK7WA.s:5547   .data.__compound_literal.14:00000000 __compound_literal.14
     /tmp/ccYuK7WA.s:5541   .data.__compound_literal.15:00000000 __compound_literal.15
     /tmp/ccYuK7WA.s:5535   .bss.__compound_literal.16:00000000 __compound_literal.16
     /tmp/ccYuK7WA.s:5526   .data.__compound_literal.17:00000000 __compound_literal.17
     /tmp/ccYuK7WA.s:5520   .data.__compound_literal.18:00000000 __compound_literal.18
     /tmp/ccYuK7WA.s:5514   .bss.__compound_literal.19:00000000 __compound_literal.19
     /tmp/ccYuK7WA.s:5505   .data.__compound_literal.20:00000000 __compound_literal.20
     /tmp/ccYuK7WA.s:5499   .data.__compound_literal.21:00000000 __compound_literal.21
     /tmp/ccYuK7WA.s:5493   .data.__compound_literal.22:00000000 __compound_literal.22
     /tmp/ccYuK7WA.s:5484   .data.__compound_literal.23:00000000 __compound_literal.23
     /tmp/ccYuK7WA.s:5478   .data.__compound_literal.24:00000000 __compound_literal.24
     /tmp/ccYuK7WA.s:5472   .bss.__compound_literal.25:00000000 __compound_literal.25
     /tmp/ccYuK7WA.s:5463   .data.__compound_literal.26:00000000 __compound_literal.26
     /tmp/ccYuK7WA.s:5457   .data.__compound_literal.27:00000000 __compound_literal.27
     /tmp/ccYuK7WA.s:5451   .bss.__compound_literal.28:00000000 __compound_literal.28
     /tmp/ccYuK7WA.s:5442   .data.__compound_literal.29:00000000 __compound_literal.29
     /tmp/ccYuK7WA.s:5436   .data.__compound_literal.30:00000000 __compound_literal.30
     /tmp/ccYuK7WA.s:5430   .data.__compound_literal.31:00000000 __compound_literal.31
     /tmp/ccYuK7WA.s:5421   .data.__compound_literal.32:00000000 __compound_literal.32
     /tmp/ccYuK7WA.s:5415   .data.__compound_literal.33:00000000 __compound_literal.33
     /tmp/ccYuK7WA.s:5409   .bss.__compound_literal.34:00000000 __compound_literal.34
     /tmp/ccYuK7WA.s:5400   .data.__compound_literal.35:00000000 __compound_literal.35
     /tmp/ccYuK7WA.s:5394   .data.__compound_literal.36:00000000 __compound_literal.36
     /tmp/ccYuK7WA.s:5388   .bss.__compound_literal.37:00000000 __compound_literal.37
     /tmp/ccYuK7WA.s:5379   .data.__compound_literal.38:00000000 __compound_literal.38
     /tmp/ccYuK7WA.s:5373   .data.__compound_literal.39:00000000 __compound_literal.39
     /tmp/ccYuK7WA.s:5367   .data.__compound_literal.40:00000000 __compound_literal.40
     /tmp/ccYuK7WA.s:5358   .data.__compound_literal.41:00000000 __compound_literal.41
     /tmp/ccYuK7WA.s:5352   .data.__compound_literal.42:00000000 __compound_literal.42
     /tmp/ccYuK7WA.s:5346   .data.__compound_literal.43:00000000 __compound_literal.43
ARM GAS  /tmp/ccYuK7WA.s 			page 132


     /tmp/ccYuK7WA.s:5337   .data.__compound_literal.44:00000000 __compound_literal.44
     /tmp/ccYuK7WA.s:5331   .data.__compound_literal.45:00000000 __compound_literal.45
     /tmp/ccYuK7WA.s:5325   .bss.__compound_literal.46:00000000 __compound_literal.46
     /tmp/ccYuK7WA.s:5316   .data.__compound_literal.47:00000000 __compound_literal.47
     /tmp/ccYuK7WA.s:5310   .data.__compound_literal.48:00000000 __compound_literal.48
     /tmp/ccYuK7WA.s:5304   .bss.__compound_literal.49:00000000 __compound_literal.49
     /tmp/ccYuK7WA.s:5294   .data.__compound_literal.50:00000000 __compound_literal.50
     /tmp/ccYuK7WA.s:5288   .data.__compound_literal.51:00000000 __compound_literal.51
     /tmp/ccYuK7WA.s:5282   .data.__compound_literal.52:00000000 __compound_literal.52
     /tmp/ccYuK7WA.s:5273   .data.__compound_literal.53:00000000 __compound_literal.53
     /tmp/ccYuK7WA.s:5267   .data.__compound_literal.54:00000000 __compound_literal.54
     /tmp/ccYuK7WA.s:5261   .bss.__compound_literal.55:00000000 __compound_literal.55
     /tmp/ccYuK7WA.s:5252   .data.__compound_literal.56:00000000 __compound_literal.56
     /tmp/ccYuK7WA.s:5246   .data.__compound_literal.57:00000000 __compound_literal.57
     /tmp/ccYuK7WA.s:5240   .bss.__compound_literal.58:00000000 __compound_literal.58
     /tmp/ccYuK7WA.s:5230   .data.__compound_literal.59:00000000 __compound_literal.59
     /tmp/ccYuK7WA.s:5224   .data.__compound_literal.60:00000000 __compound_literal.60
     /tmp/ccYuK7WA.s:5218   .data.__compound_literal.61:00000000 __compound_literal.61
     /tmp/ccYuK7WA.s:5209   .data.__compound_literal.62:00000000 __compound_literal.62
     /tmp/ccYuK7WA.s:5203   .data.__compound_literal.63:00000000 __compound_literal.63
     /tmp/ccYuK7WA.s:5197   .bss.__compound_literal.64:00000000 __compound_literal.64
     /tmp/ccYuK7WA.s:5188   .data.__compound_literal.65:00000000 __compound_literal.65
     /tmp/ccYuK7WA.s:5182   .data.__compound_literal.66:00000000 __compound_literal.66
     /tmp/ccYuK7WA.s:5176   .bss.__compound_literal.67:00000000 __compound_literal.67
     /tmp/ccYuK7WA.s:5166   .data.__compound_literal.68:00000000 __compound_literal.68
     /tmp/ccYuK7WA.s:5160   .data.__compound_literal.69:00000000 __compound_literal.69
     /tmp/ccYuK7WA.s:5154   .data.__compound_literal.70:00000000 __compound_literal.70
     /tmp/ccYuK7WA.s:5144   .data.__compound_literal.71:00000000 __compound_literal.71
     /tmp/ccYuK7WA.s:5138   .data.__compound_literal.72:00000000 __compound_literal.72
     /tmp/ccYuK7WA.s:5132   .data.__compound_literal.73:00000000 __compound_literal.73
     /tmp/ccYuK7WA.s:5123   .data.__compound_literal.74:00000000 __compound_literal.74
     /tmp/ccYuK7WA.s:5117   .data.__compound_literal.75:00000000 __compound_literal.75
     /tmp/ccYuK7WA.s:5111   .bss.__compound_literal.76:00000000 __compound_literal.76
     /tmp/ccYuK7WA.s:5102   .data.__compound_literal.77:00000000 __compound_literal.77
     /tmp/ccYuK7WA.s:5096   .data.__compound_literal.78:00000000 __compound_literal.78
     /tmp/ccYuK7WA.s:5090   .bss.__compound_literal.79:00000000 __compound_literal.79
     /tmp/ccYuK7WA.s:5080   .data.__compound_literal.80:00000000 __compound_literal.80
     /tmp/ccYuK7WA.s:5074   .data.__compound_literal.81:00000000 __compound_literal.81
     /tmp/ccYuK7WA.s:5068   .bss.__compound_literal.82:00000000 __compound_literal.82
     /tmp/ccYuK7WA.s:5059   .data.__compound_literal.83:00000000 __compound_literal.83
     /tmp/ccYuK7WA.s:5053   .data.__compound_literal.84:00000000 __compound_literal.84
     /tmp/ccYuK7WA.s:5047   .bss.__compound_literal.85:00000000 __compound_literal.85
     /tmp/ccYuK7WA.s:5038   .data.__compound_literal.86:00000000 __compound_literal.86
     /tmp/ccYuK7WA.s:5032   .data.__compound_literal.87:00000000 __compound_literal.87
     /tmp/ccYuK7WA.s:5026   .bss.__compound_literal.88:00000000 __compound_literal.88
     /tmp/ccYuK7WA.s:5016   .data.__compound_literal.89:00000000 __compound_literal.89
     /tmp/ccYuK7WA.s:5010   .data.__compound_literal.90:00000000 __compound_literal.90
     /tmp/ccYuK7WA.s:5004   .data.__compound_literal.91:00000000 __compound_literal.91
     /tmp/ccYuK7WA.s:4995   .data.__compound_literal.92:00000000 __compound_literal.92
     /tmp/ccYuK7WA.s:4989   .data.__compound_literal.93:00000000 __compound_literal.93
     /tmp/ccYuK7WA.s:4983   .bss.__compound_literal.94:00000000 __compound_literal.94
     /tmp/ccYuK7WA.s:4974   .data.__compound_literal.95:00000000 __compound_literal.95
     /tmp/ccYuK7WA.s:4968   .data.__compound_literal.96:00000000 __compound_literal.96
     /tmp/ccYuK7WA.s:4962   .bss.__compound_literal.97:00000000 __compound_literal.97
     /tmp/ccYuK7WA.s:4952   .data.__compound_literal.98:00000000 __compound_literal.98
     /tmp/ccYuK7WA.s:4946   .data.__compound_literal.99:00000000 __compound_literal.99
     /tmp/ccYuK7WA.s:4940   .data.__compound_literal.100:00000000 __compound_literal.100
ARM GAS  /tmp/ccYuK7WA.s 			page 133


     /tmp/ccYuK7WA.s:4931   .data.__compound_literal.101:00000000 __compound_literal.101
     /tmp/ccYuK7WA.s:4925   .data.__compound_literal.102:00000000 __compound_literal.102
     /tmp/ccYuK7WA.s:4919   .bss.__compound_literal.103:00000000 __compound_literal.103
     /tmp/ccYuK7WA.s:4910   .data.__compound_literal.104:00000000 __compound_literal.104
     /tmp/ccYuK7WA.s:4904   .data.__compound_literal.105:00000000 __compound_literal.105
     /tmp/ccYuK7WA.s:4898   .bss.__compound_literal.106:00000000 __compound_literal.106
     /tmp/ccYuK7WA.s:4888   .data.__compound_literal.107:00000000 __compound_literal.107
     /tmp/ccYuK7WA.s:4882   .data.__compound_literal.108:00000000 __compound_literal.108
     /tmp/ccYuK7WA.s:4876   .bss.__compound_literal.109:00000000 __compound_literal.109
     /tmp/ccYuK7WA.s:4866   .data.__compound_literal.110:00000000 __compound_literal.110
     /tmp/ccYuK7WA.s:4856   .data.__compound_literal.111:00000000 __compound_literal.111
     /tmp/ccYuK7WA.s:4850   .data.__compound_literal.112:00000000 __compound_literal.112
     /tmp/ccYuK7WA.s:4844   .data.__compound_literal.113:00000000 __compound_literal.113
     /tmp/ccYuK7WA.s:4835   .data.__compound_literal.114:00000000 __compound_literal.114
     /tmp/ccYuK7WA.s:4829   .data.__compound_literal.115:00000000 __compound_literal.115
     /tmp/ccYuK7WA.s:4823   .bss.__compound_literal.116:00000000 __compound_literal.116
     /tmp/ccYuK7WA.s:4814   .data.__compound_literal.117:00000000 __compound_literal.117
     /tmp/ccYuK7WA.s:4808   .data.__compound_literal.118:00000000 __compound_literal.118
     /tmp/ccYuK7WA.s:4802   .bss.__compound_literal.119:00000000 __compound_literal.119
     /tmp/ccYuK7WA.s:4792   .data.__compound_literal.120:00000000 __compound_literal.120
     /tmp/ccYuK7WA.s:4786   .data.__compound_literal.121:00000000 __compound_literal.121
     /tmp/ccYuK7WA.s:4780   .data.__compound_literal.122:00000000 __compound_literal.122
     /tmp/ccYuK7WA.s:4771   .data.__compound_literal.123:00000000 __compound_literal.123
     /tmp/ccYuK7WA.s:4765   .data.__compound_literal.124:00000000 __compound_literal.124
     /tmp/ccYuK7WA.s:4759   .bss.__compound_literal.125:00000000 __compound_literal.125
     /tmp/ccYuK7WA.s:4750   .data.__compound_literal.126:00000000 __compound_literal.126
     /tmp/ccYuK7WA.s:4744   .data.__compound_literal.127:00000000 __compound_literal.127
     /tmp/ccYuK7WA.s:4738   .bss.__compound_literal.128:00000000 __compound_literal.128
     /tmp/ccYuK7WA.s:4728   .data.__compound_literal.129:00000000 __compound_literal.129
     /tmp/ccYuK7WA.s:4718   .data.__compound_literal.130:00000000 __compound_literal.130
     /tmp/ccYuK7WA.s:4712   .data.__compound_literal.131:00000000 __compound_literal.131
     /tmp/ccYuK7WA.s:4706   .data.__compound_literal.132:00000000 __compound_literal.132
     /tmp/ccYuK7WA.s:4697   .data.__compound_literal.133:00000000 __compound_literal.133
     /tmp/ccYuK7WA.s:4691   .data.__compound_literal.134:00000000 __compound_literal.134
     /tmp/ccYuK7WA.s:4685   .bss.__compound_literal.135:00000000 __compound_literal.135
     /tmp/ccYuK7WA.s:4676   .data.__compound_literal.136:00000000 __compound_literal.136
     /tmp/ccYuK7WA.s:4670   .data.__compound_literal.137:00000000 __compound_literal.137
     /tmp/ccYuK7WA.s:4664   .bss.__compound_literal.138:00000000 __compound_literal.138
     /tmp/ccYuK7WA.s:4654   .data.__compound_literal.139:00000000 __compound_literal.139
     /tmp/ccYuK7WA.s:4644   .data.__compound_literal.140:00000000 __compound_literal.140
     /tmp/ccYuK7WA.s:4638   .data.__compound_literal.141:00000000 __compound_literal.141
     /tmp/ccYuK7WA.s:4632   .data.__compound_literal.142:00000000 __compound_literal.142
     /tmp/ccYuK7WA.s:4623   .data.__compound_literal.143:00000000 __compound_literal.143
     /tmp/ccYuK7WA.s:4617   .data.__compound_literal.144:00000000 __compound_literal.144
     /tmp/ccYuK7WA.s:4611   .bss.__compound_literal.145:00000000 __compound_literal.145
     /tmp/ccYuK7WA.s:4602   .data.__compound_literal.146:00000000 __compound_literal.146
     /tmp/ccYuK7WA.s:4596   .data.__compound_literal.147:00000000 __compound_literal.147
     /tmp/ccYuK7WA.s:4590   .bss.__compound_literal.148:00000000 __compound_literal.148
     /tmp/ccYuK7WA.s:4580   .data.__compound_literal.149:00000000 __compound_literal.149
     /tmp/ccYuK7WA.s:4570   .data.__compound_literal.150:00000000 __compound_literal.150
     /tmp/ccYuK7WA.s:4564   .data.__compound_literal.151:00000000 __compound_literal.151
     /tmp/ccYuK7WA.s:4558   .data.__compound_literal.152:00000000 __compound_literal.152
     /tmp/ccYuK7WA.s:4548   .data.__compound_literal.153:00000000 __compound_literal.153
     /tmp/ccYuK7WA.s:4539   .data.__compound_literal.154:00000000 __compound_literal.154
     /tmp/ccYuK7WA.s:4533   .data.__compound_literal.155:00000000 __compound_literal.155
     /tmp/ccYuK7WA.s:4527   .bss.__compound_literal.156:00000000 __compound_literal.156
     /tmp/ccYuK7WA.s:4518   .data.__compound_literal.157:00000000 __compound_literal.157
ARM GAS  /tmp/ccYuK7WA.s 			page 134


     /tmp/ccYuK7WA.s:4512   .data.__compound_literal.158:00000000 __compound_literal.158
     /tmp/ccYuK7WA.s:4506   .bss.__compound_literal.159:00000000 __compound_literal.159
     /tmp/ccYuK7WA.s:4496   .data.__compound_literal.160:00000000 __compound_literal.160
     /tmp/ccYuK7WA.s:4486   .data.__compound_literal.161:00000000 __compound_literal.161
     /tmp/ccYuK7WA.s:4480   .data.__compound_literal.162:00000000 __compound_literal.162
     /tmp/ccYuK7WA.s:4474   .data.__compound_literal.163:00000000 __compound_literal.163
     /tmp/ccYuK7WA.s:4464   .data.__compound_literal.164:00000000 __compound_literal.164
     /tmp/ccYuK7WA.s:4455   .data.__compound_literal.165:00000000 __compound_literal.165
     /tmp/ccYuK7WA.s:4449   .data.__compound_literal.166:00000000 __compound_literal.166
     /tmp/ccYuK7WA.s:4443   .bss.__compound_literal.167:00000000 __compound_literal.167
     /tmp/ccYuK7WA.s:4434   .data.__compound_literal.168:00000000 __compound_literal.168
     /tmp/ccYuK7WA.s:4428   .data.__compound_literal.169:00000000 __compound_literal.169
     /tmp/ccYuK7WA.s:4422   .bss.__compound_literal.170:00000000 __compound_literal.170
     /tmp/ccYuK7WA.s:4412   .data.__compound_literal.171:00000000 __compound_literal.171
     /tmp/ccYuK7WA.s:4402   .data.__compound_literal.172:00000000 __compound_literal.172
     /tmp/ccYuK7WA.s:4396   .data.__compound_literal.173:00000000 __compound_literal.173
     /tmp/ccYuK7WA.s:4390   .data.__compound_literal.174:00000000 __compound_literal.174
     /tmp/ccYuK7WA.s:4380   .data.__compound_literal.175:00000000 __compound_literal.175
     /tmp/ccYuK7WA.s:4371   .data.__compound_literal.176:00000000 __compound_literal.176
     /tmp/ccYuK7WA.s:4365   .data.__compound_literal.177:00000000 __compound_literal.177
     /tmp/ccYuK7WA.s:4359   .bss.__compound_literal.178:00000000 __compound_literal.178
     /tmp/ccYuK7WA.s:4350   .data.__compound_literal.179:00000000 __compound_literal.179
     /tmp/ccYuK7WA.s:4344   .data.__compound_literal.180:00000000 __compound_literal.180
     /tmp/ccYuK7WA.s:4338   .bss.__compound_literal.181:00000000 __compound_literal.181
     /tmp/ccYuK7WA.s:4328   .data.__compound_literal.182:00000000 __compound_literal.182
     /tmp/ccYuK7WA.s:4318   .data.__compound_literal.183:00000000 __compound_literal.183
     /tmp/ccYuK7WA.s:4312   .data.__compound_literal.184:00000000 __compound_literal.184
     /tmp/ccYuK7WA.s:4306   .data.__compound_literal.185:00000000 __compound_literal.185
     /tmp/ccYuK7WA.s:4296   .data.__compound_literal.186:00000000 __compound_literal.186
     /tmp/ccYuK7WA.s:4287   .data.__compound_literal.187:00000000 __compound_literal.187
     /tmp/ccYuK7WA.s:4281   .data.__compound_literal.188:00000000 __compound_literal.188
     /tmp/ccYuK7WA.s:4275   .bss.__compound_literal.189:00000000 __compound_literal.189
     /tmp/ccYuK7WA.s:4265   .data.__compound_literal.190:00000000 __compound_literal.190
     /tmp/ccYuK7WA.s:4256   .data.__compound_literal.191:00000000 __compound_literal.191
     /tmp/ccYuK7WA.s:4250   .data.__compound_literal.192:00000000 __compound_literal.192
     /tmp/ccYuK7WA.s:4244   .data.__compound_literal.193:00000000 __compound_literal.193
     /tmp/ccYuK7WA.s:4235   .data.__compound_literal.194:00000000 __compound_literal.194
     /tmp/ccYuK7WA.s:4229   .data.__compound_literal.195:00000000 __compound_literal.195
     /tmp/ccYuK7WA.s:4223   .data.__compound_literal.196:00000000 __compound_literal.196
     /tmp/ccYuK7WA.s:4214   .data.__compound_literal.197:00000000 __compound_literal.197
     /tmp/ccYuK7WA.s:4208   .data.__compound_literal.198:00000000 __compound_literal.198
     /tmp/ccYuK7WA.s:4202   .data.__compound_literal.199:00000000 __compound_literal.199
     /tmp/ccYuK7WA.s:4193   .data.__compound_literal.200:00000000 __compound_literal.200
     /tmp/ccYuK7WA.s:4187   .data.__compound_literal.201:00000000 __compound_literal.201
     /tmp/ccYuK7WA.s:4181   .data.__compound_literal.202:00000000 __compound_literal.202
     /tmp/ccYuK7WA.s:4172   .data.__compound_literal.203:00000000 __compound_literal.203
     /tmp/ccYuK7WA.s:4166   .data.__compound_literal.204:00000000 __compound_literal.204
     /tmp/ccYuK7WA.s:4160   .data.__compound_literal.205:00000000 __compound_literal.205
     /tmp/ccYuK7WA.s:4151   .data.__compound_literal.206:00000000 __compound_literal.206
     /tmp/ccYuK7WA.s:4145   .data.__compound_literal.207:00000000 __compound_literal.207
     /tmp/ccYuK7WA.s:4139   .data.__compound_literal.208:00000000 __compound_literal.208
     /tmp/ccYuK7WA.s:4130   .data.__compound_literal.209:00000000 __compound_literal.209
     /tmp/ccYuK7WA.s:4124   .data.__compound_literal.210:00000000 __compound_literal.210
     /tmp/ccYuK7WA.s:4118   .data.__compound_literal.211:00000000 __compound_literal.211
     /tmp/ccYuK7WA.s:4109   .data.__compound_literal.212:00000000 __compound_literal.212
     /tmp/ccYuK7WA.s:4103   .data.__compound_literal.213:00000000 __compound_literal.213
     /tmp/ccYuK7WA.s:4097   .data.__compound_literal.214:00000000 __compound_literal.214
ARM GAS  /tmp/ccYuK7WA.s 			page 135


     /tmp/ccYuK7WA.s:4088   .data.__compound_literal.215:00000000 __compound_literal.215
     /tmp/ccYuK7WA.s:4082   .data.__compound_literal.216:00000000 __compound_literal.216
     /tmp/ccYuK7WA.s:4076   .data.__compound_literal.217:00000000 __compound_literal.217
     /tmp/ccYuK7WA.s:4067   .data.__compound_literal.218:00000000 __compound_literal.218
     /tmp/ccYuK7WA.s:4061   .data.__compound_literal.219:00000000 __compound_literal.219
     /tmp/ccYuK7WA.s:4055   .data.__compound_literal.220:00000000 __compound_literal.220
     /tmp/ccYuK7WA.s:4046   .data.__compound_literal.221:00000000 __compound_literal.221
     /tmp/ccYuK7WA.s:4040   .data.__compound_literal.222:00000000 __compound_literal.222
     /tmp/ccYuK7WA.s:4034   .data.__compound_literal.223:00000000 __compound_literal.223
     /tmp/ccYuK7WA.s:4025   .data.__compound_literal.224:00000000 __compound_literal.224
     /tmp/ccYuK7WA.s:4019   .data.__compound_literal.225:00000000 __compound_literal.225
     /tmp/ccYuK7WA.s:4013   .data.__compound_literal.226:00000000 __compound_literal.226
     /tmp/ccYuK7WA.s:4004   .data.__compound_literal.227:00000000 __compound_literal.227
     /tmp/ccYuK7WA.s:3998   .data.__compound_literal.228:00000000 __compound_literal.228
     /tmp/ccYuK7WA.s:3992   .bss.__compound_literal.229:00000000 __compound_literal.229
     /tmp/ccYuK7WA.s:3983   .data.__compound_literal.230:00000000 __compound_literal.230
     /tmp/ccYuK7WA.s:3977   .data.__compound_literal.231:00000000 __compound_literal.231
     /tmp/ccYuK7WA.s:3971   .data.__compound_literal.232:00000000 __compound_literal.232
     /tmp/ccYuK7WA.s:3961   .data.__compound_literal.233:00000000 __compound_literal.233
     /tmp/ccYuK7WA.s:3955   .data.__compound_literal.234:00000000 __compound_literal.234
     /tmp/ccYuK7WA.s:3949   .bss.__compound_literal.235:00000000 __compound_literal.235
     /tmp/ccYuK7WA.s:3940   .data.__compound_literal.236:00000000 __compound_literal.236
     /tmp/ccYuK7WA.s:3934   .data.__compound_literal.237:00000000 __compound_literal.237
     /tmp/ccYuK7WA.s:3928   .data.__compound_literal.238:00000000 __compound_literal.238
     /tmp/ccYuK7WA.s:3919   .data.__compound_literal.239:00000000 __compound_literal.239
     /tmp/ccYuK7WA.s:3913   .data.__compound_literal.240:00000000 __compound_literal.240
     /tmp/ccYuK7WA.s:3907   .data.__compound_literal.241:00000000 __compound_literal.241
     /tmp/ccYuK7WA.s:3898   .data.__compound_literal.242:00000000 __compound_literal.242
     /tmp/ccYuK7WA.s:3892   .data.__compound_literal.243:00000000 __compound_literal.243
     /tmp/ccYuK7WA.s:3886   .data.__compound_literal.244:00000000 __compound_literal.244
     /tmp/ccYuK7WA.s:3877   .data.__compound_literal.245:00000000 __compound_literal.245
     /tmp/ccYuK7WA.s:3868   .data.__compound_literal.246:00000000 __compound_literal.246
     /tmp/ccYuK7WA.s:3859   .data.__compound_literal.247:00000000 __compound_literal.247
     /tmp/ccYuK7WA.s:3850   .data.__compound_literal.248:00000000 __compound_literal.248
     /tmp/ccYuK7WA.s:3844   .data.__compound_literal.249:00000000 __compound_literal.249
     /tmp/ccYuK7WA.s:3838   .data.__compound_literal.250:00000000 __compound_literal.250
     /tmp/ccYuK7WA.s:3829   .data.__compound_literal.251:00000000 __compound_literal.251
     /tmp/ccYuK7WA.s:3820   .data.__compound_literal.252:00000000 __compound_literal.252
     /tmp/ccYuK7WA.s:3811   .data.__compound_literal.253:00000000 __compound_literal.253
     /tmp/ccYuK7WA.s:3805   .data.__compound_literal.254:00000000 __compound_literal.254
     /tmp/ccYuK7WA.s:3799   .data.__compound_literal.255:00000000 __compound_literal.255
     /tmp/ccYuK7WA.s:3796   .data.__compound_literal.255:00000000 $d
     /tmp/ccYuK7WA.s:3802   .data.__compound_literal.254:00000000 $d
     /tmp/ccYuK7WA.s:3808   .data.__compound_literal.253:00000000 $d
     /tmp/ccYuK7WA.s:3817   .data.__compound_literal.252:00000000 $d
     /tmp/ccYuK7WA.s:3826   .data.__compound_literal.251:00000000 $d
     /tmp/ccYuK7WA.s:3835   .data.__compound_literal.250:00000000 $d
     /tmp/ccYuK7WA.s:3841   .data.__compound_literal.249:00000000 $d
     /tmp/ccYuK7WA.s:3847   .data.__compound_literal.248:00000000 $d
     /tmp/ccYuK7WA.s:3856   .data.__compound_literal.247:00000000 $d
     /tmp/ccYuK7WA.s:3865   .data.__compound_literal.246:00000000 $d
     /tmp/ccYuK7WA.s:3874   .data.__compound_literal.245:00000000 $d
     /tmp/ccYuK7WA.s:3883   .data.__compound_literal.244:00000000 $d
     /tmp/ccYuK7WA.s:3889   .data.__compound_literal.243:00000000 $d
     /tmp/ccYuK7WA.s:3895   .data.__compound_literal.242:00000000 $d
     /tmp/ccYuK7WA.s:3904   .data.__compound_literal.241:00000000 $d
     /tmp/ccYuK7WA.s:3910   .data.__compound_literal.240:00000000 $d
ARM GAS  /tmp/ccYuK7WA.s 			page 136


     /tmp/ccYuK7WA.s:3916   .data.__compound_literal.239:00000000 $d
     /tmp/ccYuK7WA.s:3925   .data.__compound_literal.238:00000000 $d
     /tmp/ccYuK7WA.s:3931   .data.__compound_literal.237:00000000 $d
     /tmp/ccYuK7WA.s:3937   .data.__compound_literal.236:00000000 $d
     /tmp/ccYuK7WA.s:3946   .bss.__compound_literal.235:00000000 $d
     /tmp/ccYuK7WA.s:3952   .data.__compound_literal.234:00000000 $d
     /tmp/ccYuK7WA.s:3958   .data.__compound_literal.233:00000000 $d
     /tmp/ccYuK7WA.s:3968   .data.__compound_literal.232:00000000 $d
     /tmp/ccYuK7WA.s:3974   .data.__compound_literal.231:00000000 $d
     /tmp/ccYuK7WA.s:3980   .data.__compound_literal.230:00000000 $d
     /tmp/ccYuK7WA.s:3989   .bss.__compound_literal.229:00000000 $d
     /tmp/ccYuK7WA.s:3995   .data.__compound_literal.228:00000000 $d
     /tmp/ccYuK7WA.s:4001   .data.__compound_literal.227:00000000 $d
     /tmp/ccYuK7WA.s:4010   .data.__compound_literal.226:00000000 $d
     /tmp/ccYuK7WA.s:4016   .data.__compound_literal.225:00000000 $d
     /tmp/ccYuK7WA.s:4022   .data.__compound_literal.224:00000000 $d
     /tmp/ccYuK7WA.s:4031   .data.__compound_literal.223:00000000 $d
     /tmp/ccYuK7WA.s:4037   .data.__compound_literal.222:00000000 $d
     /tmp/ccYuK7WA.s:4043   .data.__compound_literal.221:00000000 $d
     /tmp/ccYuK7WA.s:4052   .data.__compound_literal.220:00000000 $d
     /tmp/ccYuK7WA.s:4058   .data.__compound_literal.219:00000000 $d
     /tmp/ccYuK7WA.s:4064   .data.__compound_literal.218:00000000 $d
     /tmp/ccYuK7WA.s:4073   .data.__compound_literal.217:00000000 $d
     /tmp/ccYuK7WA.s:4079   .data.__compound_literal.216:00000000 $d
     /tmp/ccYuK7WA.s:4085   .data.__compound_literal.215:00000000 $d
     /tmp/ccYuK7WA.s:4094   .data.__compound_literal.214:00000000 $d
     /tmp/ccYuK7WA.s:4100   .data.__compound_literal.213:00000000 $d
     /tmp/ccYuK7WA.s:4106   .data.__compound_literal.212:00000000 $d
     /tmp/ccYuK7WA.s:4115   .data.__compound_literal.211:00000000 $d
     /tmp/ccYuK7WA.s:4121   .data.__compound_literal.210:00000000 $d
     /tmp/ccYuK7WA.s:4127   .data.__compound_literal.209:00000000 $d
     /tmp/ccYuK7WA.s:4136   .data.__compound_literal.208:00000000 $d
     /tmp/ccYuK7WA.s:4142   .data.__compound_literal.207:00000000 $d
     /tmp/ccYuK7WA.s:4148   .data.__compound_literal.206:00000000 $d
     /tmp/ccYuK7WA.s:4157   .data.__compound_literal.205:00000000 $d
     /tmp/ccYuK7WA.s:4163   .data.__compound_literal.204:00000000 $d
     /tmp/ccYuK7WA.s:4169   .data.__compound_literal.203:00000000 $d
     /tmp/ccYuK7WA.s:4178   .data.__compound_literal.202:00000000 $d
     /tmp/ccYuK7WA.s:4184   .data.__compound_literal.201:00000000 $d
     /tmp/ccYuK7WA.s:4190   .data.__compound_literal.200:00000000 $d
     /tmp/ccYuK7WA.s:4199   .data.__compound_literal.199:00000000 $d
     /tmp/ccYuK7WA.s:4205   .data.__compound_literal.198:00000000 $d
     /tmp/ccYuK7WA.s:4211   .data.__compound_literal.197:00000000 $d
     /tmp/ccYuK7WA.s:4220   .data.__compound_literal.196:00000000 $d
     /tmp/ccYuK7WA.s:4226   .data.__compound_literal.195:00000000 $d
     /tmp/ccYuK7WA.s:4232   .data.__compound_literal.194:00000000 $d
     /tmp/ccYuK7WA.s:4241   .data.__compound_literal.193:00000000 $d
     /tmp/ccYuK7WA.s:4247   .data.__compound_literal.192:00000000 $d
     /tmp/ccYuK7WA.s:4253   .data.__compound_literal.191:00000000 $d
     /tmp/ccYuK7WA.s:4262   .data.__compound_literal.190:00000000 $d
     /tmp/ccYuK7WA.s:4272   .bss.__compound_literal.189:00000000 $d
     /tmp/ccYuK7WA.s:4278   .data.__compound_literal.188:00000000 $d
     /tmp/ccYuK7WA.s:4284   .data.__compound_literal.187:00000000 $d
     /tmp/ccYuK7WA.s:4293   .data.__compound_literal.186:00000000 $d
     /tmp/ccYuK7WA.s:4303   .data.__compound_literal.185:00000000 $d
     /tmp/ccYuK7WA.s:4309   .data.__compound_literal.184:00000000 $d
     /tmp/ccYuK7WA.s:4315   .data.__compound_literal.183:00000000 $d
ARM GAS  /tmp/ccYuK7WA.s 			page 137


     /tmp/ccYuK7WA.s:4325   .data.__compound_literal.182:00000000 $d
     /tmp/ccYuK7WA.s:4335   .bss.__compound_literal.181:00000000 $d
     /tmp/ccYuK7WA.s:4341   .data.__compound_literal.180:00000000 $d
     /tmp/ccYuK7WA.s:4347   .data.__compound_literal.179:00000000 $d
     /tmp/ccYuK7WA.s:4356   .bss.__compound_literal.178:00000000 $d
     /tmp/ccYuK7WA.s:4362   .data.__compound_literal.177:00000000 $d
     /tmp/ccYuK7WA.s:4368   .data.__compound_literal.176:00000000 $d
     /tmp/ccYuK7WA.s:4377   .data.__compound_literal.175:00000000 $d
     /tmp/ccYuK7WA.s:4387   .data.__compound_literal.174:00000000 $d
     /tmp/ccYuK7WA.s:4393   .data.__compound_literal.173:00000000 $d
     /tmp/ccYuK7WA.s:4399   .data.__compound_literal.172:00000000 $d
     /tmp/ccYuK7WA.s:4409   .data.__compound_literal.171:00000000 $d
     /tmp/ccYuK7WA.s:4419   .bss.__compound_literal.170:00000000 $d
     /tmp/ccYuK7WA.s:4425   .data.__compound_literal.169:00000000 $d
     /tmp/ccYuK7WA.s:4431   .data.__compound_literal.168:00000000 $d
     /tmp/ccYuK7WA.s:4440   .bss.__compound_literal.167:00000000 $d
     /tmp/ccYuK7WA.s:4446   .data.__compound_literal.166:00000000 $d
     /tmp/ccYuK7WA.s:4452   .data.__compound_literal.165:00000000 $d
     /tmp/ccYuK7WA.s:4461   .data.__compound_literal.164:00000000 $d
     /tmp/ccYuK7WA.s:4471   .data.__compound_literal.163:00000000 $d
     /tmp/ccYuK7WA.s:4477   .data.__compound_literal.162:00000000 $d
     /tmp/ccYuK7WA.s:4483   .data.__compound_literal.161:00000000 $d
     /tmp/ccYuK7WA.s:4493   .data.__compound_literal.160:00000000 $d
     /tmp/ccYuK7WA.s:4503   .bss.__compound_literal.159:00000000 $d
     /tmp/ccYuK7WA.s:4509   .data.__compound_literal.158:00000000 $d
     /tmp/ccYuK7WA.s:4515   .data.__compound_literal.157:00000000 $d
     /tmp/ccYuK7WA.s:4524   .bss.__compound_literal.156:00000000 $d
     /tmp/ccYuK7WA.s:4530   .data.__compound_literal.155:00000000 $d
     /tmp/ccYuK7WA.s:4536   .data.__compound_literal.154:00000000 $d
     /tmp/ccYuK7WA.s:4545   .data.__compound_literal.153:00000000 $d
     /tmp/ccYuK7WA.s:4555   .data.__compound_literal.152:00000000 $d
     /tmp/ccYuK7WA.s:4561   .data.__compound_literal.151:00000000 $d
     /tmp/ccYuK7WA.s:4567   .data.__compound_literal.150:00000000 $d
     /tmp/ccYuK7WA.s:4577   .data.__compound_literal.149:00000000 $d
     /tmp/ccYuK7WA.s:4587   .bss.__compound_literal.148:00000000 $d
     /tmp/ccYuK7WA.s:4593   .data.__compound_literal.147:00000000 $d
     /tmp/ccYuK7WA.s:4599   .data.__compound_literal.146:00000000 $d
     /tmp/ccYuK7WA.s:4608   .bss.__compound_literal.145:00000000 $d
     /tmp/ccYuK7WA.s:4614   .data.__compound_literal.144:00000000 $d
     /tmp/ccYuK7WA.s:4620   .data.__compound_literal.143:00000000 $d
     /tmp/ccYuK7WA.s:4629   .data.__compound_literal.142:00000000 $d
     /tmp/ccYuK7WA.s:4635   .data.__compound_literal.141:00000000 $d
     /tmp/ccYuK7WA.s:4641   .data.__compound_literal.140:00000000 $d
     /tmp/ccYuK7WA.s:4651   .data.__compound_literal.139:00000000 $d
     /tmp/ccYuK7WA.s:4661   .bss.__compound_literal.138:00000000 $d
     /tmp/ccYuK7WA.s:4667   .data.__compound_literal.137:00000000 $d
     /tmp/ccYuK7WA.s:4673   .data.__compound_literal.136:00000000 $d
     /tmp/ccYuK7WA.s:4682   .bss.__compound_literal.135:00000000 $d
     /tmp/ccYuK7WA.s:4688   .data.__compound_literal.134:00000000 $d
     /tmp/ccYuK7WA.s:4694   .data.__compound_literal.133:00000000 $d
     /tmp/ccYuK7WA.s:4703   .data.__compound_literal.132:00000000 $d
     /tmp/ccYuK7WA.s:4709   .data.__compound_literal.131:00000000 $d
     /tmp/ccYuK7WA.s:4715   .data.__compound_literal.130:00000000 $d
     /tmp/ccYuK7WA.s:4725   .data.__compound_literal.129:00000000 $d
     /tmp/ccYuK7WA.s:4735   .bss.__compound_literal.128:00000000 $d
     /tmp/ccYuK7WA.s:4741   .data.__compound_literal.127:00000000 $d
     /tmp/ccYuK7WA.s:4747   .data.__compound_literal.126:00000000 $d
ARM GAS  /tmp/ccYuK7WA.s 			page 138


     /tmp/ccYuK7WA.s:4756   .bss.__compound_literal.125:00000000 $d
     /tmp/ccYuK7WA.s:4762   .data.__compound_literal.124:00000000 $d
     /tmp/ccYuK7WA.s:4768   .data.__compound_literal.123:00000000 $d
     /tmp/ccYuK7WA.s:4777   .data.__compound_literal.122:00000000 $d
     /tmp/ccYuK7WA.s:4783   .data.__compound_literal.121:00000000 $d
     /tmp/ccYuK7WA.s:4789   .data.__compound_literal.120:00000000 $d
     /tmp/ccYuK7WA.s:4799   .bss.__compound_literal.119:00000000 $d
     /tmp/ccYuK7WA.s:4805   .data.__compound_literal.118:00000000 $d
     /tmp/ccYuK7WA.s:4811   .data.__compound_literal.117:00000000 $d
     /tmp/ccYuK7WA.s:4820   .bss.__compound_literal.116:00000000 $d
     /tmp/ccYuK7WA.s:4826   .data.__compound_literal.115:00000000 $d
     /tmp/ccYuK7WA.s:4832   .data.__compound_literal.114:00000000 $d
     /tmp/ccYuK7WA.s:4841   .data.__compound_literal.113:00000000 $d
     /tmp/ccYuK7WA.s:4847   .data.__compound_literal.112:00000000 $d
     /tmp/ccYuK7WA.s:4853   .data.__compound_literal.111:00000000 $d
     /tmp/ccYuK7WA.s:4863   .data.__compound_literal.110:00000000 $d
     /tmp/ccYuK7WA.s:4873   .bss.__compound_literal.109:00000000 $d
     /tmp/ccYuK7WA.s:4879   .data.__compound_literal.108:00000000 $d
     /tmp/ccYuK7WA.s:4885   .data.__compound_literal.107:00000000 $d
     /tmp/ccYuK7WA.s:4895   .bss.__compound_literal.106:00000000 $d
     /tmp/ccYuK7WA.s:4901   .data.__compound_literal.105:00000000 $d
     /tmp/ccYuK7WA.s:4907   .data.__compound_literal.104:00000000 $d
     /tmp/ccYuK7WA.s:4916   .bss.__compound_literal.103:00000000 $d
     /tmp/ccYuK7WA.s:4922   .data.__compound_literal.102:00000000 $d
     /tmp/ccYuK7WA.s:4928   .data.__compound_literal.101:00000000 $d
     /tmp/ccYuK7WA.s:4937   .data.__compound_literal.100:00000000 $d
     /tmp/ccYuK7WA.s:4943   .data.__compound_literal.99:00000000 $d
     /tmp/ccYuK7WA.s:4949   .data.__compound_literal.98:00000000 $d
     /tmp/ccYuK7WA.s:4959   .bss.__compound_literal.97:00000000 $d
     /tmp/ccYuK7WA.s:4965   .data.__compound_literal.96:00000000 $d
     /tmp/ccYuK7WA.s:4971   .data.__compound_literal.95:00000000 $d
     /tmp/ccYuK7WA.s:4980   .bss.__compound_literal.94:00000000 $d
     /tmp/ccYuK7WA.s:4986   .data.__compound_literal.93:00000000 $d
     /tmp/ccYuK7WA.s:4992   .data.__compound_literal.92:00000000 $d
     /tmp/ccYuK7WA.s:5001   .data.__compound_literal.91:00000000 $d
     /tmp/ccYuK7WA.s:5007   .data.__compound_literal.90:00000000 $d
     /tmp/ccYuK7WA.s:5013   .data.__compound_literal.89:00000000 $d
     /tmp/ccYuK7WA.s:5023   .bss.__compound_literal.88:00000000 $d
     /tmp/ccYuK7WA.s:5029   .data.__compound_literal.87:00000000 $d
     /tmp/ccYuK7WA.s:5035   .data.__compound_literal.86:00000000 $d
     /tmp/ccYuK7WA.s:5044   .bss.__compound_literal.85:00000000 $d
     /tmp/ccYuK7WA.s:5050   .data.__compound_literal.84:00000000 $d
     /tmp/ccYuK7WA.s:5056   .data.__compound_literal.83:00000000 $d
     /tmp/ccYuK7WA.s:5065   .bss.__compound_literal.82:00000000 $d
     /tmp/ccYuK7WA.s:5071   .data.__compound_literal.81:00000000 $d
     /tmp/ccYuK7WA.s:5077   .data.__compound_literal.80:00000000 $d
     /tmp/ccYuK7WA.s:5087   .bss.__compound_literal.79:00000000 $d
     /tmp/ccYuK7WA.s:5093   .data.__compound_literal.78:00000000 $d
     /tmp/ccYuK7WA.s:5099   .data.__compound_literal.77:00000000 $d
     /tmp/ccYuK7WA.s:5108   .bss.__compound_literal.76:00000000 $d
     /tmp/ccYuK7WA.s:5114   .data.__compound_literal.75:00000000 $d
     /tmp/ccYuK7WA.s:5120   .data.__compound_literal.74:00000000 $d
     /tmp/ccYuK7WA.s:5129   .data.__compound_literal.73:00000000 $d
     /tmp/ccYuK7WA.s:5135   .data.__compound_literal.72:00000000 $d
     /tmp/ccYuK7WA.s:5141   .data.__compound_literal.71:00000000 $d
     /tmp/ccYuK7WA.s:5151   .data.__compound_literal.70:00000000 $d
     /tmp/ccYuK7WA.s:5157   .data.__compound_literal.69:00000000 $d
ARM GAS  /tmp/ccYuK7WA.s 			page 139


     /tmp/ccYuK7WA.s:5163   .data.__compound_literal.68:00000000 $d
     /tmp/ccYuK7WA.s:5173   .bss.__compound_literal.67:00000000 $d
     /tmp/ccYuK7WA.s:5179   .data.__compound_literal.66:00000000 $d
     /tmp/ccYuK7WA.s:5185   .data.__compound_literal.65:00000000 $d
     /tmp/ccYuK7WA.s:5194   .bss.__compound_literal.64:00000000 $d
     /tmp/ccYuK7WA.s:5200   .data.__compound_literal.63:00000000 $d
     /tmp/ccYuK7WA.s:5206   .data.__compound_literal.62:00000000 $d
     /tmp/ccYuK7WA.s:5215   .data.__compound_literal.61:00000000 $d
     /tmp/ccYuK7WA.s:5221   .data.__compound_literal.60:00000000 $d
     /tmp/ccYuK7WA.s:5227   .data.__compound_literal.59:00000000 $d
     /tmp/ccYuK7WA.s:5237   .bss.__compound_literal.58:00000000 $d
     /tmp/ccYuK7WA.s:5243   .data.__compound_literal.57:00000000 $d
     /tmp/ccYuK7WA.s:5249   .data.__compound_literal.56:00000000 $d
     /tmp/ccYuK7WA.s:5258   .bss.__compound_literal.55:00000000 $d
     /tmp/ccYuK7WA.s:5264   .data.__compound_literal.54:00000000 $d
     /tmp/ccYuK7WA.s:5270   .data.__compound_literal.53:00000000 $d
     /tmp/ccYuK7WA.s:5279   .data.__compound_literal.52:00000000 $d
     /tmp/ccYuK7WA.s:5285   .data.__compound_literal.51:00000000 $d
     /tmp/ccYuK7WA.s:5291   .data.__compound_literal.50:00000000 $d
     /tmp/ccYuK7WA.s:5301   .bss.__compound_literal.49:00000000 $d
     /tmp/ccYuK7WA.s:5307   .data.__compound_literal.48:00000000 $d
     /tmp/ccYuK7WA.s:5313   .data.__compound_literal.47:00000000 $d
     /tmp/ccYuK7WA.s:5322   .bss.__compound_literal.46:00000000 $d
     /tmp/ccYuK7WA.s:5328   .data.__compound_literal.45:00000000 $d
     /tmp/ccYuK7WA.s:5334   .data.__compound_literal.44:00000000 $d
     /tmp/ccYuK7WA.s:5343   .data.__compound_literal.43:00000000 $d
     /tmp/ccYuK7WA.s:5349   .data.__compound_literal.42:00000000 $d
     /tmp/ccYuK7WA.s:5355   .data.__compound_literal.41:00000000 $d
     /tmp/ccYuK7WA.s:5364   .data.__compound_literal.40:00000000 $d
     /tmp/ccYuK7WA.s:5370   .data.__compound_literal.39:00000000 $d
     /tmp/ccYuK7WA.s:5376   .data.__compound_literal.38:00000000 $d
     /tmp/ccYuK7WA.s:5385   .bss.__compound_literal.37:00000000 $d
     /tmp/ccYuK7WA.s:5391   .data.__compound_literal.36:00000000 $d
     /tmp/ccYuK7WA.s:5397   .data.__compound_literal.35:00000000 $d
     /tmp/ccYuK7WA.s:5406   .bss.__compound_literal.34:00000000 $d
     /tmp/ccYuK7WA.s:5412   .data.__compound_literal.33:00000000 $d
     /tmp/ccYuK7WA.s:5418   .data.__compound_literal.32:00000000 $d
     /tmp/ccYuK7WA.s:5427   .data.__compound_literal.31:00000000 $d
     /tmp/ccYuK7WA.s:5433   .data.__compound_literal.30:00000000 $d
     /tmp/ccYuK7WA.s:5439   .data.__compound_literal.29:00000000 $d
     /tmp/ccYuK7WA.s:5448   .bss.__compound_literal.28:00000000 $d
     /tmp/ccYuK7WA.s:5454   .data.__compound_literal.27:00000000 $d
     /tmp/ccYuK7WA.s:5460   .data.__compound_literal.26:00000000 $d
     /tmp/ccYuK7WA.s:5469   .bss.__compound_literal.25:00000000 $d
     /tmp/ccYuK7WA.s:5475   .data.__compound_literal.24:00000000 $d
     /tmp/ccYuK7WA.s:5481   .data.__compound_literal.23:00000000 $d
     /tmp/ccYuK7WA.s:5490   .data.__compound_literal.22:00000000 $d
     /tmp/ccYuK7WA.s:5496   .data.__compound_literal.21:00000000 $d
     /tmp/ccYuK7WA.s:5502   .data.__compound_literal.20:00000000 $d
     /tmp/ccYuK7WA.s:5511   .bss.__compound_literal.19:00000000 $d
     /tmp/ccYuK7WA.s:5517   .data.__compound_literal.18:00000000 $d
     /tmp/ccYuK7WA.s:5523   .data.__compound_literal.17:00000000 $d
     /tmp/ccYuK7WA.s:5532   .bss.__compound_literal.16:00000000 $d
     /tmp/ccYuK7WA.s:5538   .data.__compound_literal.15:00000000 $d
     /tmp/ccYuK7WA.s:5544   .data.__compound_literal.14:00000000 $d
     /tmp/ccYuK7WA.s:5553   .data.__compound_literal.13:00000000 $d
     /tmp/ccYuK7WA.s:5559   .data.__compound_literal.12:00000000 $d
ARM GAS  /tmp/ccYuK7WA.s 			page 140


     /tmp/ccYuK7WA.s:5565   .data.__compound_literal.11:00000000 $d
     /tmp/ccYuK7WA.s:5574   .data.__compound_literal.10:00000000 $d
     /tmp/ccYuK7WA.s:5580   .data.__compound_literal.9:00000000 $d
     /tmp/ccYuK7WA.s:5586   .data.__compound_literal.8:00000000 $d
     /tmp/ccYuK7WA.s:5598   .data.__compound_literal.7:00000000 $d
     /tmp/ccYuK7WA.s:5628   .data.__compound_literal.4:00000000 __compound_literal.4
     /tmp/ccYuK7WA.s:5622   .data.__compound_literal.5:00000000 __compound_literal.5
     /tmp/ccYuK7WA.s:5616   .data.__compound_literal.6:00000000 __compound_literal.6
     /tmp/ccYuK7WA.s:5613   .data.__compound_literal.6:00000000 $d
     /tmp/ccYuK7WA.s:5619   .data.__compound_literal.5:00000000 $d
     /tmp/ccYuK7WA.s:5625   .data.__compound_literal.4:00000000 $d
     /tmp/ccYuK7WA.s:5637   .data.__compound_literal.3:00000000 $d
     /tmp/ccYuK7WA.s:5667   .data.__compound_literal.0:00000000 __compound_literal.0
     /tmp/ccYuK7WA.s:5661   .data.__compound_literal.1:00000000 __compound_literal.1
     /tmp/ccYuK7WA.s:5655   .data.__compound_literal.2:00000000 __compound_literal.2
     /tmp/ccYuK7WA.s:5652   .data.__compound_literal.2:00000000 $d
     /tmp/ccYuK7WA.s:5658   .data.__compound_literal.1:00000000 $d
     /tmp/ccYuK7WA.s:5664   .data.__compound_literal.0:00000000 $d
     /tmp/ccYuK7WA.s:5673   .rodata.NN_Interface_network:00000000 $d
                           .group:00000000 wm4.0.0340b1c6b35792986b320b0caf0e6143
                           .group:00000000 wm4.ll_aton_config.h.20.27cfa9f6f5afc4105991355367358a39
                           .group:00000000 wm4.stdbool.h.29.c08aa3eec75cf5b9b5003883f43253f0
                           .group:00000000 wm4.stddef.h.39.811583f327f35b0df7808fda70b062a0
                           .group:00000000 wm4._newlib_version.h.4.0eb654b64686e2bd29646258853f6c22
                           .group:00000000 wm4.features.h.33.d554620bb17bd3b714c3fb5c268772bc
                           .group:00000000 wm4._default_types.h.15.247e5cd201eca3442cbf5404108c4935
                           .group:00000000 wm4._intsup.h.10.48bafbb683905c4daa4565a85aeeb264
                           .group:00000000 wm4._stdint.h.10.c24fa3af3bc1706662bb5593a907e841
                           .group:00000000 wm4.stdint.h.23.d53047a68f4a85177f80b422d52785ed
                           .group:00000000 wm4.ll_aton_attributes.h.20.26d469460cb32db5740effdc8cc403f3
                           .group:00000000 wm4.ll_aton_cipher.h.20.e98fdae11c912f4036a83cedb835e14e
                           .group:00000000 wm4.newlib.h.7.decd5b9657e2c5df625d9eac6e10520c
                           .group:00000000 wm4.ieeefp.h.77.99029d7b8220a2cd73dd257e2bbe825d
                           .group:00000000 wm4.config.h.224.10ee1ad185d877c6e334e6581faab44d
                           .group:00000000 wm4._ansi.h.31.de524f58584151836e90d8620a16f8e8
                           .group:00000000 wm4.assert.h.11.db24e541f16414db224bf986d21017e2
                           .group:00000000 wm4.errno.h.2.ba016d646105af6cad23be83630b6a3f
                           .group:00000000 wm4.cdefs.h.49.56fd742369e655e7e8a7e365e706e208
                           .group:00000000 wm4._types.h.20.dd0d04dca3800a0d2a6129b87f3adbb2
                           .group:00000000 wm4.stddef.h.173.4903093a50a8482cb062b176ea61fac3
                           .group:00000000 wm4._types.h.127.3bdfe3ff8ea2d0985b03d9cbe93480e3
                           .group:00000000 wm4.reent.h.18.25503cdc8b7e55dd0d6ea7b3e5af7a03
                           .group:00000000 wm4.lock.h.2.1461d1fff82dffe8bfddc23307f6484f
                           .group:00000000 wm4.reent.h.78.6d702f69a6d6435d2dbe915b10150b1a
                           .group:00000000 wm4.errno.h.18.87873c1c5b242e8a4fdc43daa9aad824
                           .group:00000000 wm4.stdio.h.27.3fc80220048df77954e38daec3bb9670
                           .group:00000000 wm4.stddef.h.173.1cea4f16a943c8e875db6791959c3141
                           .group:00000000 wm4.stdarg.h.34.3a23a216c0c293b3d2ea2e89281481e6
                           .group:00000000 wm4.stdio.h.47.dc31ec4674d7bcb103c9f08809549f45
                           .group:00000000 wm4.stdio.h.2.4aa87247282eca6c8f36f9de33d8df1a
                           .group:00000000 wm4.stdio.h.87.a1e20d2651f9bfb66e51bfbe849db00a
                           .group:00000000 wm4.ll_aton_util.h.34.9098eaa90d3d72b819973556e3e5fe44
                           .group:00000000 wm4.ll_aton_osal.h.20.08c7c488030992aa35928699d77c6f6e
                           .group:00000000 wm4.ll_aton_platform.h.20.8f1d4e7781c282794886ffdd00ccd30b
                           .group:00000000 wm4.stm32n6xx.h.34.c523a1ffdf274a69e8802892c6776332
                           .group:00000000 wm4.stm32n657xx.h.26.acd272cb67318cc1a4791ce2f0720ca6
                           .group:00000000 wm4.cmsis_version.h.30.d128735bf87720f7436b74fefeb5043c
ARM GAS  /tmp/ccYuK7WA.s 			page 141


                           .group:00000000 wm4.core_cm55.h.67.25006a3ce7048d64bcddd2996d5fac93
                           .group:00000000 wm4.arm_acle.h.28.a0697f530ff2dbf8c463bef049b82760
                           .group:00000000 wm4.cmsis_gcc.h.39.eba7438bc45fd1a6e6376b63ffe44436
                           .group:00000000 wm4.cmsis_gcc_m.h.24.e590ec51aeda3a1242400351d73f5dce
                           .group:00000000 wm4.core_cm55.h.213.0528f46a674315ef8d35c4477e230358
                           .group:00000000 wm4.armv8m_mpu.h.24.bf28cc25bee30a7ff9d2f7a44a5e2230
                           .group:00000000 wm4.armv8m_pmu.h.24.6ded195d2625055391fd378c0e1d2519
                           .group:00000000 wm4.core_cm55.h.4477.396e822ef855bcfb932819ad48de1c4c
                           .group:00000000 wm4.armv7m_cachel1.h.24.936dd92d6e204a8d0b17d5e4ea4a356e
                           .group:00000000 wm4.stm32n657xx.h.575.78d331c417ec710388ced647138f735f
                           .group:00000000 wm4.stm32n6xx.h.116.b4247d9785590e7c5ec9234ffb2153bf
                           .group:00000000 wm4.ll_aton_platform.h.205.098bebcb126012e5dfc0544db0a7d4c8
                           .group:00000000 wm4.inttypes.h.14.b28deb26920e51e0da310220ef0f9003
                           .group:00000000 wm4.inttypes.h.28.684aa7736e7ecc9a6ffc44acc61c7a90
                           .group:00000000 wm4.syslimits.h.34.de5cbd310098bc5895998b6bde577ed2
                           .group:00000000 wm4.limits.h.9.70fb0ada6f71b16202a66baaa6d8ea70
                           .group:00000000 wm4.limits.h.60.56a1ae353e2028a24298ec6463b8b593
                           .group:00000000 wm4.string.h.8.c4b8571ce60dff2817f43fec8b86aecd
                           .group:00000000 wm4.string.h.177.59a005921fa78485abc80a0267de5752
                           .group:00000000 wm4.ATONidxs.h.16.969ebf3fd32e13543179e6907b3869c9
                           .group:00000000 wm4.ATON.h.19.0bce86f27eb7ac354272c44c1804cd24
                           .group:00000000 wm4.ll_aton_rcompat.h.22.4788366561a5f8dfb37661f794bdd403
                           .group:00000000 wm4.ll_aton_platform.h.279.2fa1ab569e6816db5b603cc3ef09d875
                           .group:00000000 wm4.ll_aton_rt_user_api.h.71.52957347efa02883c6e8b1a7f756d297
                           .group:00000000 wm4.stai.h.24.a274645e79490de4e05332b397550d1f
                           .group:00000000 wm4.stai_debug.h.37.4be079c70c66033549ba26b63a31db94
                           .group:00000000 wm4.ll_aton_stai_internal.h.35.4ede4d59178f196dca4b635c5600498b
                           .group:00000000 wm4.stai_network.h.57.8dfb21a08a1ef1a6e6a309b63eb85b05
                           .group:00000000 wm4.ll_aton_version.h.20.4fe5a5919aaeaa0d3ac9d2820d4f14d4

UNDEFINED SYMBOLS
LL_ATON_Output_Buffers_Info_network
__assert_func
LL_ATON_Input_Buffers_Info_network
LL_ATON_Internal_Buffers_Info_network
__ll_aton_stai_init_network_instance
__ll_aton_stai_deinit_network_instance
LL_ATON_RT_SetNetworkCallback
__ll_aton_stai_run
memset
_stai_aton_internal_epoch_block_callback
LL_ATON_RT_RunEpochBlock
__ll_aton_stai_set_execution_status
__ll_aton_stai_get_execution_status
__ll_aton_stai_reset
LL_ATON_EC_Network_Init_network
LL_ATON_EC_Inference_Init_network
LL_ATON_Set_User_Input_Buffer_network
LL_ATON_Get_User_Input_Buffer_network
LL_ATON_Set_User_Output_Buffer_network
LL_ATON_Get_User_Output_Buffer_network
LL_ATON_EpochBlockItems_network
LL_ATON_BlobEncryption_Info_network
LL_ATON_WeightEncryption_Info_network
