ARM GAS  /tmp/ccS31Hxi.s 			page 1


   1              		.arch armv8.1-m.main
   2              		.fpu fpv5-d16
   3              		.arch_extension dsp
   4              		.arch_extension fp
   5              		.arch_extension fp.dp
   6              		.arch_extension mve
   7              		.arch_extension mve.fp
   8              		.eabi_attribute 5, "cortex-m55"
   9              		.eabi_attribute 28, 1
  10              		.eabi_attribute 20, 1
  11              		.eabi_attribute 21, 1
  12              		.eabi_attribute 23, 3
  13              		.eabi_attribute 24, 1
  14              		.eabi_attribute 25, 1
  15              		.eabi_attribute 26, 1
  16              		.eabi_attribute 30, 4
  17              		.eabi_attribute 34, 1
  18              		.eabi_attribute 38, 1
  19              		.eabi_attribute 18, 4
  20              		.file	"vision_models_pp_maxi_is8.c"
  21              		.text
  22              	.Ltext0:
  23              		.cfi_sections	.debug_frame
  24              		.file 1 "../../Middlewares/stm32-vision-models-postprocessing/lib_vision_models_pp/Src/vision_mode
  25              		.section	.text.vision_models_maxi_p_is8ou16,"ax",%progbits
  26              		.align	1
  27              		.global	vision_models_maxi_p_is8ou16
  28              		.syntax unified
  29              		.thumb
  30              		.thumb_func
  32              	vision_models_maxi_p_is8ou16:
  33              	.LVL0:
  34              	.LFB778:
   1:../../Middlewares/stm32-vision-models-postprocessing/lib_vision_models_pp/Src/vision_models_pp_maxi_is8.c **** /*---------------------------------------------------------------------------------------------
   2:../../Middlewares/stm32-vision-models-postprocessing/lib_vision_models_pp/Src/vision_models_pp_maxi_is8.c ****  * Copyright (c) 2023 STMicroelectronics.
   3:../../Middlewares/stm32-vision-models-postprocessing/lib_vision_models_pp/Src/vision_models_pp_maxi_is8.c ****  * All rights reserved.
   4:../../Middlewares/stm32-vision-models-postprocessing/lib_vision_models_pp/Src/vision_models_pp_maxi_is8.c ****  *
   5:../../Middlewares/stm32-vision-models-postprocessing/lib_vision_models_pp/Src/vision_models_pp_maxi_is8.c ****  * This software is licensed under terms that can be found in the LICENSE file in
   6:../../Middlewares/stm32-vision-models-postprocessing/lib_vision_models_pp/Src/vision_models_pp_maxi_is8.c ****  * the root directory of this software component.
   7:../../Middlewares/stm32-vision-models-postprocessing/lib_vision_models_pp/Src/vision_models_pp_maxi_is8.c ****  * If no LICENSE file comes with this software, it is provided AS-IS.
   8:../../Middlewares/stm32-vision-models-postprocessing/lib_vision_models_pp/Src/vision_models_pp_maxi_is8.c ****  *--------------------------------------------------------------------------------------------*/
   9:../../Middlewares/stm32-vision-models-postprocessing/lib_vision_models_pp/Src/vision_models_pp_maxi_is8.c **** 
  10:../../Middlewares/stm32-vision-models-postprocessing/lib_vision_models_pp/Src/vision_models_pp_maxi_is8.c **** #include "vision_models_pp.h"
  11:../../Middlewares/stm32-vision-models-postprocessing/lib_vision_models_pp/Src/vision_models_pp_maxi_is8.c **** 
  12:../../Middlewares/stm32-vision-models-postprocessing/lib_vision_models_pp/Src/vision_models_pp_maxi_is8.c **** #include "stdio.h"
  13:../../Middlewares/stm32-vision-models-postprocessing/lib_vision_models_pp/Src/vision_models_pp_maxi_is8.c **** 
  14:../../Middlewares/stm32-vision-models-postprocessing/lib_vision_models_pp/Src/vision_models_pp_maxi_is8.c **** 
  15:../../Middlewares/stm32-vision-models-postprocessing/lib_vision_models_pp/Src/vision_models_pp_maxi_is8.c **** void vision_models_maxi_p_is8ou8(int8_t *arr, uint32_t len_arr, uint32_t offset, int8_t *maxim, uin
  16:../../Middlewares/stm32-vision-models-postprocessing/lib_vision_models_pp/Src/vision_models_pp_maxi_is8.c **** {
  17:../../Middlewares/stm32-vision-models-postprocessing/lib_vision_models_pp/Src/vision_models_pp_maxi_is8.c **** #ifdef VISION_MODELS_MAXI_P_IS8OU8_MVE
  18:../../Middlewares/stm32-vision-models-postprocessing/lib_vision_models_pp/Src/vision_models_pp_maxi_is8.c ****   if (15*offset < UCHAR_MAX) {
  19:../../Middlewares/stm32-vision-models-postprocessing/lib_vision_models_pp/Src/vision_models_pp_maxi_is8.c ****     int8x16_t   s8x16_max_val = vdupq_n_s8(SCHAR_MIN);
  20:../../Middlewares/stm32-vision-models-postprocessing/lib_vision_models_pp/Src/vision_models_pp_maxi_is8.c ****     uint8x16_t   u8x16_max_idx = vdupq_n_u8(0);
  21:../../Middlewares/stm32-vision-models-postprocessing/lib_vision_models_pp/Src/vision_models_pp_maxi_is8.c **** 
  22:../../Middlewares/stm32-vision-models-postprocessing/lib_vision_models_pp/Src/vision_models_pp_maxi_is8.c ****     parallelize = MIN(parallelize, 16);
  23:../../Middlewares/stm32-vision-models-postprocessing/lib_vision_models_pp/Src/vision_models_pp_maxi_is8.c ****     mve_pred16_t p = vctp8q(parallelize);
  24:../../Middlewares/stm32-vision-models-postprocessing/lib_vision_models_pp/Src/vision_models_pp_maxi_is8.c **** 
ARM GAS  /tmp/ccS31Hxi.s 			page 2


  25:../../Middlewares/stm32-vision-models-postprocessing/lib_vision_models_pp/Src/vision_models_pp_maxi_is8.c ****     uint8x16_t u8x16_idx = vdupq_n_u8(0);
  26:../../Middlewares/stm32-vision-models-postprocessing/lib_vision_models_pp/Src/vision_models_pp_maxi_is8.c ****     uint8x16_t u8x16_offset = vidupq_n_u8(0,1) * (uint8_t)offset;
  27:../../Middlewares/stm32-vision-models-postprocessing/lib_vision_models_pp/Src/vision_models_pp_maxi_is8.c **** 
  28:../../Middlewares/stm32-vision-models-postprocessing/lib_vision_models_pp/Src/vision_models_pp_maxi_is8.c ****     for (uint8_t i = 0; i < len_arr; i++)
  29:../../Middlewares/stm32-vision-models-postprocessing/lib_vision_models_pp/Src/vision_models_pp_maxi_is8.c ****     {
  30:../../Middlewares/stm32-vision-models-postprocessing/lib_vision_models_pp/Src/vision_models_pp_maxi_is8.c ****       // load up to 16 int8
  31:../../Middlewares/stm32-vision-models-postprocessing/lib_vision_models_pp/Src/vision_models_pp_maxi_is8.c ****       int8x16_t s8x16_val = vldrbq_gather_offset_z_s8(arr, u8x16_offset, p);
  32:../../Middlewares/stm32-vision-models-postprocessing/lib_vision_models_pp/Src/vision_models_pp_maxi_is8.c ****       arr++;
  33:../../Middlewares/stm32-vision-models-postprocessing/lib_vision_models_pp/Src/vision_models_pp_maxi_is8.c ****       // Compare according to p to create p0
  34:../../Middlewares/stm32-vision-models-postprocessing/lib_vision_models_pp/Src/vision_models_pp_maxi_is8.c ****       mve_pred16_t p0 = vcmpgtq_m_s8(s8x16_val, s8x16_max_val, p);
  35:../../Middlewares/stm32-vision-models-postprocessing/lib_vision_models_pp/Src/vision_models_pp_maxi_is8.c **** 
  36:../../Middlewares/stm32-vision-models-postprocessing/lib_vision_models_pp/Src/vision_models_pp_maxi_is8.c ****       // according to p0: update with s8x16_val or keep s8x16_blk_minmax_val
  37:../../Middlewares/stm32-vision-models-postprocessing/lib_vision_models_pp/Src/vision_models_pp_maxi_is8.c ****       s8x16_max_val = vpselq_s8(s8x16_val, s8x16_max_val, p0);
  38:../../Middlewares/stm32-vision-models-postprocessing/lib_vision_models_pp/Src/vision_models_pp_maxi_is8.c ****       /* according to p0: store per-lane extrema indexes*/
  39:../../Middlewares/stm32-vision-models-postprocessing/lib_vision_models_pp/Src/vision_models_pp_maxi_is8.c ****       u8x16_max_idx = vpselq_u8(u8x16_idx, u8x16_max_idx, p0);
  40:../../Middlewares/stm32-vision-models-postprocessing/lib_vision_models_pp/Src/vision_models_pp_maxi_is8.c ****       u8x16_idx+=1;
  41:../../Middlewares/stm32-vision-models-postprocessing/lib_vision_models_pp/Src/vision_models_pp_maxi_is8.c **** 
  42:../../Middlewares/stm32-vision-models-postprocessing/lib_vision_models_pp/Src/vision_models_pp_maxi_is8.c ****     }
  43:../../Middlewares/stm32-vision-models-postprocessing/lib_vision_models_pp/Src/vision_models_pp_maxi_is8.c ****     vstrbq_p_u8(index,u8x16_max_idx,p);
  44:../../Middlewares/stm32-vision-models-postprocessing/lib_vision_models_pp/Src/vision_models_pp_maxi_is8.c ****     vstrbq_p_s8(maxim,s8x16_max_val,p);
  45:../../Middlewares/stm32-vision-models-postprocessing/lib_vision_models_pp/Src/vision_models_pp_maxi_is8.c ****   } else {
  46:../../Middlewares/stm32-vision-models-postprocessing/lib_vision_models_pp/Src/vision_models_pp_maxi_is8.c ****     uint16_t _tmpIdx[8];
  47:../../Middlewares/stm32-vision-models-postprocessing/lib_vision_models_pp/Src/vision_models_pp_maxi_is8.c ****     uint16_t _parallelize = MIN(8,parallelize);
  48:../../Middlewares/stm32-vision-models-postprocessing/lib_vision_models_pp/Src/vision_models_pp_maxi_is8.c ****     vision_models_maxi_p_is8ou16(arr,len_arr,offset,maxim,_tmpIdx,_parallelize);
  49:../../Middlewares/stm32-vision-models-postprocessing/lib_vision_models_pp/Src/vision_models_pp_maxi_is8.c ****     maxim+=_parallelize;
  50:../../Middlewares/stm32-vision-models-postprocessing/lib_vision_models_pp/Src/vision_models_pp_maxi_is8.c ****     for ( uint16_t i = 0; i < _parallelize; i++) {
  51:../../Middlewares/stm32-vision-models-postprocessing/lib_vision_models_pp/Src/vision_models_pp_maxi_is8.c ****       *index++ = _tmpIdx[i];
  52:../../Middlewares/stm32-vision-models-postprocessing/lib_vision_models_pp/Src/vision_models_pp_maxi_is8.c ****     }
  53:../../Middlewares/stm32-vision-models-postprocessing/lib_vision_models_pp/Src/vision_models_pp_maxi_is8.c ****     parallelize-=_parallelize;
  54:../../Middlewares/stm32-vision-models-postprocessing/lib_vision_models_pp/Src/vision_models_pp_maxi_is8.c ****     arr+=_parallelize*offset;
  55:../../Middlewares/stm32-vision-models-postprocessing/lib_vision_models_pp/Src/vision_models_pp_maxi_is8.c ****     vision_models_maxi_p_is8ou16(arr,len_arr,offset,maxim,_tmpIdx,parallelize);
  56:../../Middlewares/stm32-vision-models-postprocessing/lib_vision_models_pp/Src/vision_models_pp_maxi_is8.c ****     for ( uint32_t i = 0; i < parallelize; i++) {
  57:../../Middlewares/stm32-vision-models-postprocessing/lib_vision_models_pp/Src/vision_models_pp_maxi_is8.c ****       *index++ = _tmpIdx[i];
  58:../../Middlewares/stm32-vision-models-postprocessing/lib_vision_models_pp/Src/vision_models_pp_maxi_is8.c ****     }
  59:../../Middlewares/stm32-vision-models-postprocessing/lib_vision_models_pp/Src/vision_models_pp_maxi_is8.c ****   }
  60:../../Middlewares/stm32-vision-models-postprocessing/lib_vision_models_pp/Src/vision_models_pp_maxi_is8.c **** #else
  61:../../Middlewares/stm32-vision-models-postprocessing/lib_vision_models_pp/Src/vision_models_pp_maxi_is8.c ****   parallelize = MIN(16, parallelize);
  62:../../Middlewares/stm32-vision-models-postprocessing/lib_vision_models_pp/Src/vision_models_pp_maxi_is8.c ****   if(parallelize*offset < UCHAR_MAX) {
  63:../../Middlewares/stm32-vision-models-postprocessing/lib_vision_models_pp/Src/vision_models_pp_maxi_is8.c ****   for (uint8_t k = 0; k < parallelize; k++)
  64:../../Middlewares/stm32-vision-models-postprocessing/lib_vision_models_pp/Src/vision_models_pp_maxi_is8.c ****     {
  65:../../Middlewares/stm32-vision-models-postprocessing/lib_vision_models_pp/Src/vision_models_pp_maxi_is8.c ****       *index = 0;
  66:../../Middlewares/stm32-vision-models-postprocessing/lib_vision_models_pp/Src/vision_models_pp_maxi_is8.c ****       *maxim = arr[k*offset];
  67:../../Middlewares/stm32-vision-models-postprocessing/lib_vision_models_pp/Src/vision_models_pp_maxi_is8.c **** 
  68:../../Middlewares/stm32-vision-models-postprocessing/lib_vision_models_pp/Src/vision_models_pp_maxi_is8.c ****       for (uint8_t i = 1; i < len_arr; i++)
  69:../../Middlewares/stm32-vision-models-postprocessing/lib_vision_models_pp/Src/vision_models_pp_maxi_is8.c ****       {
  70:../../Middlewares/stm32-vision-models-postprocessing/lib_vision_models_pp/Src/vision_models_pp_maxi_is8.c ****         if (arr[k*offset+i] > *maxim)
  71:../../Middlewares/stm32-vision-models-postprocessing/lib_vision_models_pp/Src/vision_models_pp_maxi_is8.c ****         {
  72:../../Middlewares/stm32-vision-models-postprocessing/lib_vision_models_pp/Src/vision_models_pp_maxi_is8.c ****           *maxim = arr[k*offset+i];
  73:../../Middlewares/stm32-vision-models-postprocessing/lib_vision_models_pp/Src/vision_models_pp_maxi_is8.c ****           *index = i;
  74:../../Middlewares/stm32-vision-models-postprocessing/lib_vision_models_pp/Src/vision_models_pp_maxi_is8.c ****         }
  75:../../Middlewares/stm32-vision-models-postprocessing/lib_vision_models_pp/Src/vision_models_pp_maxi_is8.c ****       }
  76:../../Middlewares/stm32-vision-models-postprocessing/lib_vision_models_pp/Src/vision_models_pp_maxi_is8.c ****       maxim++;
  77:../../Middlewares/stm32-vision-models-postprocessing/lib_vision_models_pp/Src/vision_models_pp_maxi_is8.c ****       index++;
  78:../../Middlewares/stm32-vision-models-postprocessing/lib_vision_models_pp/Src/vision_models_pp_maxi_is8.c ****     }
  79:../../Middlewares/stm32-vision-models-postprocessing/lib_vision_models_pp/Src/vision_models_pp_maxi_is8.c ****   } else {
  80:../../Middlewares/stm32-vision-models-postprocessing/lib_vision_models_pp/Src/vision_models_pp_maxi_is8.c ****     uint16_t _tmpIdx[8];
  81:../../Middlewares/stm32-vision-models-postprocessing/lib_vision_models_pp/Src/vision_models_pp_maxi_is8.c ****     uint16_t _parallelize = MIN(8,parallelize);
ARM GAS  /tmp/ccS31Hxi.s 			page 3


  82:../../Middlewares/stm32-vision-models-postprocessing/lib_vision_models_pp/Src/vision_models_pp_maxi_is8.c ****     vision_models_maxi_p_is8ou16(arr,len_arr,offset,maxim,_tmpIdx,_parallelize);
  83:../../Middlewares/stm32-vision-models-postprocessing/lib_vision_models_pp/Src/vision_models_pp_maxi_is8.c ****     maxim+=_parallelize;
  84:../../Middlewares/stm32-vision-models-postprocessing/lib_vision_models_pp/Src/vision_models_pp_maxi_is8.c ****     for ( uint16_t i = 0; i <_parallelize; i++) {
  85:../../Middlewares/stm32-vision-models-postprocessing/lib_vision_models_pp/Src/vision_models_pp_maxi_is8.c ****       *index++ = _tmpIdx[i];
  86:../../Middlewares/stm32-vision-models-postprocessing/lib_vision_models_pp/Src/vision_models_pp_maxi_is8.c ****     }
  87:../../Middlewares/stm32-vision-models-postprocessing/lib_vision_models_pp/Src/vision_models_pp_maxi_is8.c ****     parallelize-=_parallelize;
  88:../../Middlewares/stm32-vision-models-postprocessing/lib_vision_models_pp/Src/vision_models_pp_maxi_is8.c ****     arr+=_parallelize*offset;
  89:../../Middlewares/stm32-vision-models-postprocessing/lib_vision_models_pp/Src/vision_models_pp_maxi_is8.c ****     vision_models_maxi_p_is8ou16(arr,len_arr,offset,maxim,_tmpIdx,parallelize);
  90:../../Middlewares/stm32-vision-models-postprocessing/lib_vision_models_pp/Src/vision_models_pp_maxi_is8.c ****     for ( int i = 0; i < parallelize; i++) {
  91:../../Middlewares/stm32-vision-models-postprocessing/lib_vision_models_pp/Src/vision_models_pp_maxi_is8.c ****       *index++ = _tmpIdx[i];
  92:../../Middlewares/stm32-vision-models-postprocessing/lib_vision_models_pp/Src/vision_models_pp_maxi_is8.c ****     }
  93:../../Middlewares/stm32-vision-models-postprocessing/lib_vision_models_pp/Src/vision_models_pp_maxi_is8.c ****   }
  94:../../Middlewares/stm32-vision-models-postprocessing/lib_vision_models_pp/Src/vision_models_pp_maxi_is8.c **** 
  95:../../Middlewares/stm32-vision-models-postprocessing/lib_vision_models_pp/Src/vision_models_pp_maxi_is8.c **** #endif
  96:../../Middlewares/stm32-vision-models-postprocessing/lib_vision_models_pp/Src/vision_models_pp_maxi_is8.c **** 
  97:../../Middlewares/stm32-vision-models-postprocessing/lib_vision_models_pp/Src/vision_models_pp_maxi_is8.c **** }
  98:../../Middlewares/stm32-vision-models-postprocessing/lib_vision_models_pp/Src/vision_models_pp_maxi_is8.c **** 
  99:../../Middlewares/stm32-vision-models-postprocessing/lib_vision_models_pp/Src/vision_models_pp_maxi_is8.c **** void vision_models_maxi_p_is8ou16(int8_t *arr, uint32_t len_arr, uint32_t offset, int8_t *maxim, ui
 100:../../Middlewares/stm32-vision-models-postprocessing/lib_vision_models_pp/Src/vision_models_pp_maxi_is8.c **** {
  35              		.loc 1 100 1 view -0
  36              		.cfi_startproc
  37              		@ args = 8, pretend = 0, frame = 0
  38              		@ frame_needed = 0, uses_anonymous_args = 0
 101:../../Middlewares/stm32-vision-models-postprocessing/lib_vision_models_pp/Src/vision_models_pp_maxi_is8.c **** #ifdef VISION_MODELS_MAXI_P_IS8OU16_MVE
 102:../../Middlewares/stm32-vision-models-postprocessing/lib_vision_models_pp/Src/vision_models_pp_maxi_is8.c ****   int16x8_t   s16x8_max_val = vdupq_n_s16(SHRT_MIN);
  39              		.loc 1 102 3 view .LVU1
 100:../../Middlewares/stm32-vision-models-postprocessing/lib_vision_models_pp/Src/vision_models_pp_maxi_is8.c **** #ifdef VISION_MODELS_MAXI_P_IS8OU16_MVE
  40              		.loc 1 100 1 is_stmt 0 view .LVU2
  41 0000 F0B5     		push	{r4, r5, r6, r7, lr}
  42              		.cfi_def_cfa_offset 20
  43              		.cfi_offset 4, -20
  44              		.cfi_offset 5, -16
  45              		.cfi_offset 6, -12
  46              		.cfi_offset 7, -8
  47              		.cfi_offset 14, -4
  48              		.loc 1 102 31 view .LVU3
  49 0002 4FF40044 		mov	r4, #32768
  50 0006 A6EE304B 		vdup.16	q3, r4
  51              	.LVL1:
 103:../../Middlewares/stm32-vision-models-postprocessing/lib_vision_models_pp/Src/vision_models_pp_maxi_is8.c ****   uint16x8_t   u16x8_max_idx = vdupq_n_u16(0);
  52              		.loc 1 103 3 is_stmt 1 view .LVU4
  53              		.loc 1 103 32 is_stmt 0 view .LVU5
  54 000a 0024     		movs	r4, #0
 100:../../Middlewares/stm32-vision-models-postprocessing/lib_vision_models_pp/Src/vision_models_pp_maxi_is8.c **** #ifdef VISION_MODELS_MAXI_P_IS8OU16_MVE
  55              		.loc 1 100 1 view .LVU6
  56 000c 2DED088B 		vpush.64	{d8, d9, d10, d11}
  57              		.cfi_def_cfa_offset 52
  58              		.cfi_offset 80, -52
  59              		.cfi_offset 81, -48
  60              		.cfi_offset 82, -44
  61              		.cfi_offset 83, -40
  62              		.cfi_offset 84, -36
  63              		.cfi_offset 85, -32
  64              		.cfi_offset 86, -28
  65              		.cfi_offset 87, -24
 104:../../Middlewares/stm32-vision-models-postprocessing/lib_vision_models_pp/Src/vision_models_pp_maxi_is8.c **** 
 105:../../Middlewares/stm32-vision-models-postprocessing/lib_vision_models_pp/Src/vision_models_pp_maxi_is8.c ****   parallelize = MIN(parallelize, 8);
ARM GAS  /tmp/ccS31Hxi.s 			page 4


  66              		.loc 1 105 15 view .LVU7
  67 0010 0E9D     		ldr	r5, [sp, #56]
  68              	.LBB69:
  69              	.LBB70:
  70              		.file 2 "/opt/st/stm32cubeide_2.1.1/plugins/com.st.stm32cube.ide.mcu.externaltools.gnu-tools-for-s
   1:/opt/st/stm32cubeide_2.1.1/plugins/com.st.stm32cube.ide.mcu.externaltools.gnu-tools-for-stm32.14.3.rel1.linux64_1.0.100.202602081740/tools/lib/gcc/arm-none-eabi/14.3.1/include/arm_mve.h **** /* Arm MVE intrinsics include file.
   2:/opt/st/stm32cubeide_2.1.1/plugins/com.st.stm32cube.ide.mcu.externaltools.gnu-tools-for-stm32.14.3.rel1.linux64_1.0.100.202602081740/tools/lib/gcc/arm-none-eabi/14.3.1/include/arm_mve.h **** 
   3:/opt/st/stm32cubeide_2.1.1/plugins/com.st.stm32cube.ide.mcu.externaltools.gnu-tools-for-stm32.14.3.rel1.linux64_1.0.100.202602081740/tools/lib/gcc/arm-none-eabi/14.3.1/include/arm_mve.h ****    Copyright (C) 2019-2024 Free Software Foundation, Inc.
   4:/opt/st/stm32cubeide_2.1.1/plugins/com.st.stm32cube.ide.mcu.externaltools.gnu-tools-for-stm32.14.3.rel1.linux64_1.0.100.202602081740/tools/lib/gcc/arm-none-eabi/14.3.1/include/arm_mve.h ****    Contributed by Arm.
   5:/opt/st/stm32cubeide_2.1.1/plugins/com.st.stm32cube.ide.mcu.externaltools.gnu-tools-for-stm32.14.3.rel1.linux64_1.0.100.202602081740/tools/lib/gcc/arm-none-eabi/14.3.1/include/arm_mve.h **** 
   6:/opt/st/stm32cubeide_2.1.1/plugins/com.st.stm32cube.ide.mcu.externaltools.gnu-tools-for-stm32.14.3.rel1.linux64_1.0.100.202602081740/tools/lib/gcc/arm-none-eabi/14.3.1/include/arm_mve.h ****    This file is part of GCC.
   7:/opt/st/stm32cubeide_2.1.1/plugins/com.st.stm32cube.ide.mcu.externaltools.gnu-tools-for-stm32.14.3.rel1.linux64_1.0.100.202602081740/tools/lib/gcc/arm-none-eabi/14.3.1/include/arm_mve.h **** 
   8:/opt/st/stm32cubeide_2.1.1/plugins/com.st.stm32cube.ide.mcu.externaltools.gnu-tools-for-stm32.14.3.rel1.linux64_1.0.100.202602081740/tools/lib/gcc/arm-none-eabi/14.3.1/include/arm_mve.h ****    GCC is free software; you can redistribute it and/or modify it
   9:/opt/st/stm32cubeide_2.1.1/plugins/com.st.stm32cube.ide.mcu.externaltools.gnu-tools-for-stm32.14.3.rel1.linux64_1.0.100.202602081740/tools/lib/gcc/arm-none-eabi/14.3.1/include/arm_mve.h ****    under the terms of the GNU General Public License as published
  10:/opt/st/stm32cubeide_2.1.1/plugins/com.st.stm32cube.ide.mcu.externaltools.gnu-tools-for-stm32.14.3.rel1.linux64_1.0.100.202602081740/tools/lib/gcc/arm-none-eabi/14.3.1/include/arm_mve.h ****    by the Free Software Foundation; either version 3, or (at your
  11:/opt/st/stm32cubeide_2.1.1/plugins/com.st.stm32cube.ide.mcu.externaltools.gnu-tools-for-stm32.14.3.rel1.linux64_1.0.100.202602081740/tools/lib/gcc/arm-none-eabi/14.3.1/include/arm_mve.h ****    option) any later version.
  12:/opt/st/stm32cubeide_2.1.1/plugins/com.st.stm32cube.ide.mcu.externaltools.gnu-tools-for-stm32.14.3.rel1.linux64_1.0.100.202602081740/tools/lib/gcc/arm-none-eabi/14.3.1/include/arm_mve.h **** 
  13:/opt/st/stm32cubeide_2.1.1/plugins/com.st.stm32cube.ide.mcu.externaltools.gnu-tools-for-stm32.14.3.rel1.linux64_1.0.100.202602081740/tools/lib/gcc/arm-none-eabi/14.3.1/include/arm_mve.h ****    GCC is distributed in the hope that it will be useful, but WITHOUT
  14:/opt/st/stm32cubeide_2.1.1/plugins/com.st.stm32cube.ide.mcu.externaltools.gnu-tools-for-stm32.14.3.rel1.linux64_1.0.100.202602081740/tools/lib/gcc/arm-none-eabi/14.3.1/include/arm_mve.h ****    ANY WARRANTY; without even the implied warranty of MERCHANTABILITY
  15:/opt/st/stm32cubeide_2.1.1/plugins/com.st.stm32cube.ide.mcu.externaltools.gnu-tools-for-stm32.14.3.rel1.linux64_1.0.100.202602081740/tools/lib/gcc/arm-none-eabi/14.3.1/include/arm_mve.h ****    or FITNESS FOR A PARTICULAR PURPOSE.  See the GNU General Public
  16:/opt/st/stm32cubeide_2.1.1/plugins/com.st.stm32cube.ide.mcu.externaltools.gnu-tools-for-stm32.14.3.rel1.linux64_1.0.100.202602081740/tools/lib/gcc/arm-none-eabi/14.3.1/include/arm_mve.h ****    License for more details.
  17:/opt/st/stm32cubeide_2.1.1/plugins/com.st.stm32cube.ide.mcu.externaltools.gnu-tools-for-stm32.14.3.rel1.linux64_1.0.100.202602081740/tools/lib/gcc/arm-none-eabi/14.3.1/include/arm_mve.h **** 
  18:/opt/st/stm32cubeide_2.1.1/plugins/com.st.stm32cube.ide.mcu.externaltools.gnu-tools-for-stm32.14.3.rel1.linux64_1.0.100.202602081740/tools/lib/gcc/arm-none-eabi/14.3.1/include/arm_mve.h ****    Under Section 7 of GPL version 3, you are granted additional
  19:/opt/st/stm32cubeide_2.1.1/plugins/com.st.stm32cube.ide.mcu.externaltools.gnu-tools-for-stm32.14.3.rel1.linux64_1.0.100.202602081740/tools/lib/gcc/arm-none-eabi/14.3.1/include/arm_mve.h ****    permissions described in the GCC Runtime Library Exception, version
  20:/opt/st/stm32cubeide_2.1.1/plugins/com.st.stm32cube.ide.mcu.externaltools.gnu-tools-for-stm32.14.3.rel1.linux64_1.0.100.202602081740/tools/lib/gcc/arm-none-eabi/14.3.1/include/arm_mve.h ****    3.1, as published by the Free Software Foundation.
  21:/opt/st/stm32cubeide_2.1.1/plugins/com.st.stm32cube.ide.mcu.externaltools.gnu-tools-for-stm32.14.3.rel1.linux64_1.0.100.202602081740/tools/lib/gcc/arm-none-eabi/14.3.1/include/arm_mve.h **** 
  22:/opt/st/stm32cubeide_2.1.1/plugins/com.st.stm32cube.ide.mcu.externaltools.gnu-tools-for-stm32.14.3.rel1.linux64_1.0.100.202602081740/tools/lib/gcc/arm-none-eabi/14.3.1/include/arm_mve.h ****    You should have received a copy of the GNU General Public License
  23:/opt/st/stm32cubeide_2.1.1/plugins/com.st.stm32cube.ide.mcu.externaltools.gnu-tools-for-stm32.14.3.rel1.linux64_1.0.100.202602081740/tools/lib/gcc/arm-none-eabi/14.3.1/include/arm_mve.h ****    along with GCC; see the file COPYING3.  If not see
  24:/opt/st/stm32cubeide_2.1.1/plugins/com.st.stm32cube.ide.mcu.externaltools.gnu-tools-for-stm32.14.3.rel1.linux64_1.0.100.202602081740/tools/lib/gcc/arm-none-eabi/14.3.1/include/arm_mve.h ****    <http://www.gnu.org/licenses/>.  */
  25:/opt/st/stm32cubeide_2.1.1/plugins/com.st.stm32cube.ide.mcu.externaltools.gnu-tools-for-stm32.14.3.rel1.linux64_1.0.100.202602081740/tools/lib/gcc/arm-none-eabi/14.3.1/include/arm_mve.h **** 
  26:/opt/st/stm32cubeide_2.1.1/plugins/com.st.stm32cube.ide.mcu.externaltools.gnu-tools-for-stm32.14.3.rel1.linux64_1.0.100.202602081740/tools/lib/gcc/arm-none-eabi/14.3.1/include/arm_mve.h **** #ifndef _GCC_ARM_MVE_H
  27:/opt/st/stm32cubeide_2.1.1/plugins/com.st.stm32cube.ide.mcu.externaltools.gnu-tools-for-stm32.14.3.rel1.linux64_1.0.100.202602081740/tools/lib/gcc/arm-none-eabi/14.3.1/include/arm_mve.h **** #define _GCC_ARM_MVE_H
  28:/opt/st/stm32cubeide_2.1.1/plugins/com.st.stm32cube.ide.mcu.externaltools.gnu-tools-for-stm32.14.3.rel1.linux64_1.0.100.202602081740/tools/lib/gcc/arm-none-eabi/14.3.1/include/arm_mve.h **** 
  29:/opt/st/stm32cubeide_2.1.1/plugins/com.st.stm32cube.ide.mcu.externaltools.gnu-tools-for-stm32.14.3.rel1.linux64_1.0.100.202602081740/tools/lib/gcc/arm-none-eabi/14.3.1/include/arm_mve.h **** #if __ARM_BIG_ENDIAN
  30:/opt/st/stm32cubeide_2.1.1/plugins/com.st.stm32cube.ide.mcu.externaltools.gnu-tools-for-stm32.14.3.rel1.linux64_1.0.100.202602081740/tools/lib/gcc/arm-none-eabi/14.3.1/include/arm_mve.h **** #error "MVE intrinsics are not supported in Big-Endian mode."
  31:/opt/st/stm32cubeide_2.1.1/plugins/com.st.stm32cube.ide.mcu.externaltools.gnu-tools-for-stm32.14.3.rel1.linux64_1.0.100.202602081740/tools/lib/gcc/arm-none-eabi/14.3.1/include/arm_mve.h **** #elif !__ARM_FEATURE_MVE
  32:/opt/st/stm32cubeide_2.1.1/plugins/com.st.stm32cube.ide.mcu.externaltools.gnu-tools-for-stm32.14.3.rel1.linux64_1.0.100.202602081740/tools/lib/gcc/arm-none-eabi/14.3.1/include/arm_mve.h **** #error "MVE feature not supported"
  33:/opt/st/stm32cubeide_2.1.1/plugins/com.st.stm32cube.ide.mcu.externaltools.gnu-tools-for-stm32.14.3.rel1.linux64_1.0.100.202602081740/tools/lib/gcc/arm-none-eabi/14.3.1/include/arm_mve.h **** #else
  34:/opt/st/stm32cubeide_2.1.1/plugins/com.st.stm32cube.ide.mcu.externaltools.gnu-tools-for-stm32.14.3.rel1.linux64_1.0.100.202602081740/tools/lib/gcc/arm-none-eabi/14.3.1/include/arm_mve.h **** 
  35:/opt/st/stm32cubeide_2.1.1/plugins/com.st.stm32cube.ide.mcu.externaltools.gnu-tools-for-stm32.14.3.rel1.linux64_1.0.100.202602081740/tools/lib/gcc/arm-none-eabi/14.3.1/include/arm_mve.h **** #include <stdint.h>
  36:/opt/st/stm32cubeide_2.1.1/plugins/com.st.stm32cube.ide.mcu.externaltools.gnu-tools-for-stm32.14.3.rel1.linux64_1.0.100.202602081740/tools/lib/gcc/arm-none-eabi/14.3.1/include/arm_mve.h **** #ifndef  __cplusplus
  37:/opt/st/stm32cubeide_2.1.1/plugins/com.st.stm32cube.ide.mcu.externaltools.gnu-tools-for-stm32.14.3.rel1.linux64_1.0.100.202602081740/tools/lib/gcc/arm-none-eabi/14.3.1/include/arm_mve.h **** #include <stdbool.h>
  38:/opt/st/stm32cubeide_2.1.1/plugins/com.st.stm32cube.ide.mcu.externaltools.gnu-tools-for-stm32.14.3.rel1.linux64_1.0.100.202602081740/tools/lib/gcc/arm-none-eabi/14.3.1/include/arm_mve.h **** #endif
  39:/opt/st/stm32cubeide_2.1.1/plugins/com.st.stm32cube.ide.mcu.externaltools.gnu-tools-for-stm32.14.3.rel1.linux64_1.0.100.202602081740/tools/lib/gcc/arm-none-eabi/14.3.1/include/arm_mve.h **** #include "arm_mve_types.h"
  40:/opt/st/stm32cubeide_2.1.1/plugins/com.st.stm32cube.ide.mcu.externaltools.gnu-tools-for-stm32.14.3.rel1.linux64_1.0.100.202602081740/tools/lib/gcc/arm-none-eabi/14.3.1/include/arm_mve.h **** 
  41:/opt/st/stm32cubeide_2.1.1/plugins/com.st.stm32cube.ide.mcu.externaltools.gnu-tools-for-stm32.14.3.rel1.linux64_1.0.100.202602081740/tools/lib/gcc/arm-none-eabi/14.3.1/include/arm_mve.h **** #ifdef __ARM_MVE_PRESERVE_USER_NAMESPACE
  42:/opt/st/stm32cubeide_2.1.1/plugins/com.st.stm32cube.ide.mcu.externaltools.gnu-tools-for-stm32.14.3.rel1.linux64_1.0.100.202602081740/tools/lib/gcc/arm-none-eabi/14.3.1/include/arm_mve.h **** #pragma GCC arm "arm_mve.h" true
  43:/opt/st/stm32cubeide_2.1.1/plugins/com.st.stm32cube.ide.mcu.externaltools.gnu-tools-for-stm32.14.3.rel1.linux64_1.0.100.202602081740/tools/lib/gcc/arm-none-eabi/14.3.1/include/arm_mve.h **** #else
  44:/opt/st/stm32cubeide_2.1.1/plugins/com.st.stm32cube.ide.mcu.externaltools.gnu-tools-for-stm32.14.3.rel1.linux64_1.0.100.202602081740/tools/lib/gcc/arm-none-eabi/14.3.1/include/arm_mve.h **** #pragma GCC arm "arm_mve.h" false
  45:/opt/st/stm32cubeide_2.1.1/plugins/com.st.stm32cube.ide.mcu.externaltools.gnu-tools-for-stm32.14.3.rel1.linux64_1.0.100.202602081740/tools/lib/gcc/arm-none-eabi/14.3.1/include/arm_mve.h **** #endif
  46:/opt/st/stm32cubeide_2.1.1/plugins/com.st.stm32cube.ide.mcu.externaltools.gnu-tools-for-stm32.14.3.rel1.linux64_1.0.100.202602081740/tools/lib/gcc/arm-none-eabi/14.3.1/include/arm_mve.h **** 
  47:/opt/st/stm32cubeide_2.1.1/plugins/com.st.stm32cube.ide.mcu.externaltools.gnu-tools-for-stm32.14.3.rel1.linux64_1.0.100.202602081740/tools/lib/gcc/arm-none-eabi/14.3.1/include/arm_mve.h **** #ifndef __ARM_MVE_PRESERVE_USER_NAMESPACE
  48:/opt/st/stm32cubeide_2.1.1/plugins/com.st.stm32cube.ide.mcu.externaltools.gnu-tools-for-stm32.14.3.rel1.linux64_1.0.100.202602081740/tools/lib/gcc/arm-none-eabi/14.3.1/include/arm_mve.h **** #define vst4q(__addr, __value) __arm_vst4q(__addr, __value)
  49:/opt/st/stm32cubeide_2.1.1/plugins/com.st.stm32cube.ide.mcu.externaltools.gnu-tools-for-stm32.14.3.rel1.linux64_1.0.100.202602081740/tools/lib/gcc/arm-none-eabi/14.3.1/include/arm_mve.h **** #define vornq(__a, __b) __arm_vornq(__a, __b)
  50:/opt/st/stm32cubeide_2.1.1/plugins/com.st.stm32cube.ide.mcu.externaltools.gnu-tools-for-stm32.14.3.rel1.linux64_1.0.100.202602081740/tools/lib/gcc/arm-none-eabi/14.3.1/include/arm_mve.h **** #define vbicq(__a, __b) __arm_vbicq(__a, __b)
  51:/opt/st/stm32cubeide_2.1.1/plugins/com.st.stm32cube.ide.mcu.externaltools.gnu-tools-for-stm32.14.3.rel1.linux64_1.0.100.202602081740/tools/lib/gcc/arm-none-eabi/14.3.1/include/arm_mve.h **** #define vbicq_m_n(__a, __imm, __p) __arm_vbicq_m_n(__a, __imm, __p)
  52:/opt/st/stm32cubeide_2.1.1/plugins/com.st.stm32cube.ide.mcu.externaltools.gnu-tools-for-stm32.14.3.rel1.linux64_1.0.100.202602081740/tools/lib/gcc/arm-none-eabi/14.3.1/include/arm_mve.h **** #define vshlcq(__a, __b, __imm) __arm_vshlcq(__a, __b, __imm)
ARM GAS  /tmp/ccS31Hxi.s 			page 5


  53:/opt/st/stm32cubeide_2.1.1/plugins/com.st.stm32cube.ide.mcu.externaltools.gnu-tools-for-stm32.14.3.rel1.linux64_1.0.100.202602081740/tools/lib/gcc/arm-none-eabi/14.3.1/include/arm_mve.h **** #define vbicq_m(__inactive, __a, __b, __p) __arm_vbicq_m(__inactive, __a, __b, __p)
  54:/opt/st/stm32cubeide_2.1.1/plugins/com.st.stm32cube.ide.mcu.externaltools.gnu-tools-for-stm32.14.3.rel1.linux64_1.0.100.202602081740/tools/lib/gcc/arm-none-eabi/14.3.1/include/arm_mve.h **** #define vornq_m(__inactive, __a, __b, __p) __arm_vornq_m(__inactive, __a, __b, __p)
  55:/opt/st/stm32cubeide_2.1.1/plugins/com.st.stm32cube.ide.mcu.externaltools.gnu-tools-for-stm32.14.3.rel1.linux64_1.0.100.202602081740/tools/lib/gcc/arm-none-eabi/14.3.1/include/arm_mve.h **** #define vstrbq_scatter_offset(__base, __offset, __value) __arm_vstrbq_scatter_offset(__base, __offs
  56:/opt/st/stm32cubeide_2.1.1/plugins/com.st.stm32cube.ide.mcu.externaltools.gnu-tools-for-stm32.14.3.rel1.linux64_1.0.100.202602081740/tools/lib/gcc/arm-none-eabi/14.3.1/include/arm_mve.h **** #define vstrbq(__addr, __value) __arm_vstrbq(__addr, __value)
  57:/opt/st/stm32cubeide_2.1.1/plugins/com.st.stm32cube.ide.mcu.externaltools.gnu-tools-for-stm32.14.3.rel1.linux64_1.0.100.202602081740/tools/lib/gcc/arm-none-eabi/14.3.1/include/arm_mve.h **** #define vstrwq_scatter_base(__addr, __offset, __value) __arm_vstrwq_scatter_base(__addr, __offset, 
  58:/opt/st/stm32cubeide_2.1.1/plugins/com.st.stm32cube.ide.mcu.externaltools.gnu-tools-for-stm32.14.3.rel1.linux64_1.0.100.202602081740/tools/lib/gcc/arm-none-eabi/14.3.1/include/arm_mve.h **** #define vldrbq_gather_offset(__base, __offset) __arm_vldrbq_gather_offset(__base, __offset)
  59:/opt/st/stm32cubeide_2.1.1/plugins/com.st.stm32cube.ide.mcu.externaltools.gnu-tools-for-stm32.14.3.rel1.linux64_1.0.100.202602081740/tools/lib/gcc/arm-none-eabi/14.3.1/include/arm_mve.h **** #define vstrbq_p(__addr, __value, __p) __arm_vstrbq_p(__addr, __value, __p)
  60:/opt/st/stm32cubeide_2.1.1/plugins/com.st.stm32cube.ide.mcu.externaltools.gnu-tools-for-stm32.14.3.rel1.linux64_1.0.100.202602081740/tools/lib/gcc/arm-none-eabi/14.3.1/include/arm_mve.h **** #define vstrbq_scatter_offset_p(__base, __offset, __value, __p) __arm_vstrbq_scatter_offset_p(__bas
  61:/opt/st/stm32cubeide_2.1.1/plugins/com.st.stm32cube.ide.mcu.externaltools.gnu-tools-for-stm32.14.3.rel1.linux64_1.0.100.202602081740/tools/lib/gcc/arm-none-eabi/14.3.1/include/arm_mve.h **** #define vstrwq_scatter_base_p(__addr, __offset, __value, __p) __arm_vstrwq_scatter_base_p(__addr, _
  62:/opt/st/stm32cubeide_2.1.1/plugins/com.st.stm32cube.ide.mcu.externaltools.gnu-tools-for-stm32.14.3.rel1.linux64_1.0.100.202602081740/tools/lib/gcc/arm-none-eabi/14.3.1/include/arm_mve.h **** #define vldrbq_gather_offset_z(__base, __offset, __p) __arm_vldrbq_gather_offset_z(__base, __offset
  63:/opt/st/stm32cubeide_2.1.1/plugins/com.st.stm32cube.ide.mcu.externaltools.gnu-tools-for-stm32.14.3.rel1.linux64_1.0.100.202602081740/tools/lib/gcc/arm-none-eabi/14.3.1/include/arm_mve.h **** #define vldrhq_gather_offset(__base, __offset) __arm_vldrhq_gather_offset(__base, __offset)
  64:/opt/st/stm32cubeide_2.1.1/plugins/com.st.stm32cube.ide.mcu.externaltools.gnu-tools-for-stm32.14.3.rel1.linux64_1.0.100.202602081740/tools/lib/gcc/arm-none-eabi/14.3.1/include/arm_mve.h **** #define vldrhq_gather_offset_z(__base, __offset, __p) __arm_vldrhq_gather_offset_z(__base, __offset
  65:/opt/st/stm32cubeide_2.1.1/plugins/com.st.stm32cube.ide.mcu.externaltools.gnu-tools-for-stm32.14.3.rel1.linux64_1.0.100.202602081740/tools/lib/gcc/arm-none-eabi/14.3.1/include/arm_mve.h **** #define vldrhq_gather_shifted_offset(__base, __offset) __arm_vldrhq_gather_shifted_offset(__base, _
  66:/opt/st/stm32cubeide_2.1.1/plugins/com.st.stm32cube.ide.mcu.externaltools.gnu-tools-for-stm32.14.3.rel1.linux64_1.0.100.202602081740/tools/lib/gcc/arm-none-eabi/14.3.1/include/arm_mve.h **** #define vldrhq_gather_shifted_offset_z(__base, __offset, __p) __arm_vldrhq_gather_shifted_offset_z(
  67:/opt/st/stm32cubeide_2.1.1/plugins/com.st.stm32cube.ide.mcu.externaltools.gnu-tools-for-stm32.14.3.rel1.linux64_1.0.100.202602081740/tools/lib/gcc/arm-none-eabi/14.3.1/include/arm_mve.h **** #define vldrdq_gather_offset(__base, __offset) __arm_vldrdq_gather_offset(__base, __offset)
  68:/opt/st/stm32cubeide_2.1.1/plugins/com.st.stm32cube.ide.mcu.externaltools.gnu-tools-for-stm32.14.3.rel1.linux64_1.0.100.202602081740/tools/lib/gcc/arm-none-eabi/14.3.1/include/arm_mve.h **** #define vldrdq_gather_offset_z(__base, __offset, __p) __arm_vldrdq_gather_offset_z(__base, __offset
  69:/opt/st/stm32cubeide_2.1.1/plugins/com.st.stm32cube.ide.mcu.externaltools.gnu-tools-for-stm32.14.3.rel1.linux64_1.0.100.202602081740/tools/lib/gcc/arm-none-eabi/14.3.1/include/arm_mve.h **** #define vldrdq_gather_shifted_offset(__base, __offset) __arm_vldrdq_gather_shifted_offset(__base, _
  70:/opt/st/stm32cubeide_2.1.1/plugins/com.st.stm32cube.ide.mcu.externaltools.gnu-tools-for-stm32.14.3.rel1.linux64_1.0.100.202602081740/tools/lib/gcc/arm-none-eabi/14.3.1/include/arm_mve.h **** #define vldrdq_gather_shifted_offset_z(__base, __offset, __p) __arm_vldrdq_gather_shifted_offset_z(
  71:/opt/st/stm32cubeide_2.1.1/plugins/com.st.stm32cube.ide.mcu.externaltools.gnu-tools-for-stm32.14.3.rel1.linux64_1.0.100.202602081740/tools/lib/gcc/arm-none-eabi/14.3.1/include/arm_mve.h **** #define vldrwq_gather_offset(__base, __offset) __arm_vldrwq_gather_offset(__base, __offset)
  72:/opt/st/stm32cubeide_2.1.1/plugins/com.st.stm32cube.ide.mcu.externaltools.gnu-tools-for-stm32.14.3.rel1.linux64_1.0.100.202602081740/tools/lib/gcc/arm-none-eabi/14.3.1/include/arm_mve.h **** #define vldrwq_gather_offset_z(__base, __offset, __p) __arm_vldrwq_gather_offset_z(__base, __offset
  73:/opt/st/stm32cubeide_2.1.1/plugins/com.st.stm32cube.ide.mcu.externaltools.gnu-tools-for-stm32.14.3.rel1.linux64_1.0.100.202602081740/tools/lib/gcc/arm-none-eabi/14.3.1/include/arm_mve.h **** #define vldrwq_gather_shifted_offset(__base, __offset) __arm_vldrwq_gather_shifted_offset(__base, _
  74:/opt/st/stm32cubeide_2.1.1/plugins/com.st.stm32cube.ide.mcu.externaltools.gnu-tools-for-stm32.14.3.rel1.linux64_1.0.100.202602081740/tools/lib/gcc/arm-none-eabi/14.3.1/include/arm_mve.h **** #define vldrwq_gather_shifted_offset_z(__base, __offset, __p) __arm_vldrwq_gather_shifted_offset_z(
  75:/opt/st/stm32cubeide_2.1.1/plugins/com.st.stm32cube.ide.mcu.externaltools.gnu-tools-for-stm32.14.3.rel1.linux64_1.0.100.202602081740/tools/lib/gcc/arm-none-eabi/14.3.1/include/arm_mve.h **** #define vstrhq_scatter_offset(__base, __offset, __value) __arm_vstrhq_scatter_offset(__base, __offs
  76:/opt/st/stm32cubeide_2.1.1/plugins/com.st.stm32cube.ide.mcu.externaltools.gnu-tools-for-stm32.14.3.rel1.linux64_1.0.100.202602081740/tools/lib/gcc/arm-none-eabi/14.3.1/include/arm_mve.h **** #define vstrhq_scatter_offset_p(__base, __offset, __value, __p) __arm_vstrhq_scatter_offset_p(__bas
  77:/opt/st/stm32cubeide_2.1.1/plugins/com.st.stm32cube.ide.mcu.externaltools.gnu-tools-for-stm32.14.3.rel1.linux64_1.0.100.202602081740/tools/lib/gcc/arm-none-eabi/14.3.1/include/arm_mve.h **** #define vstrhq_scatter_shifted_offset(__base, __offset, __value) __arm_vstrhq_scatter_shifted_offse
  78:/opt/st/stm32cubeide_2.1.1/plugins/com.st.stm32cube.ide.mcu.externaltools.gnu-tools-for-stm32.14.3.rel1.linux64_1.0.100.202602081740/tools/lib/gcc/arm-none-eabi/14.3.1/include/arm_mve.h **** #define vstrhq_scatter_shifted_offset_p(__base, __offset, __value, __p) __arm_vstrhq_scatter_shifte
  79:/opt/st/stm32cubeide_2.1.1/plugins/com.st.stm32cube.ide.mcu.externaltools.gnu-tools-for-stm32.14.3.rel1.linux64_1.0.100.202602081740/tools/lib/gcc/arm-none-eabi/14.3.1/include/arm_mve.h **** #define vstrhq(__addr, __value) __arm_vstrhq(__addr, __value)
  80:/opt/st/stm32cubeide_2.1.1/plugins/com.st.stm32cube.ide.mcu.externaltools.gnu-tools-for-stm32.14.3.rel1.linux64_1.0.100.202602081740/tools/lib/gcc/arm-none-eabi/14.3.1/include/arm_mve.h **** #define vstrhq_p(__addr, __value, __p) __arm_vstrhq_p(__addr, __value, __p)
  81:/opt/st/stm32cubeide_2.1.1/plugins/com.st.stm32cube.ide.mcu.externaltools.gnu-tools-for-stm32.14.3.rel1.linux64_1.0.100.202602081740/tools/lib/gcc/arm-none-eabi/14.3.1/include/arm_mve.h **** #define vstrwq(__addr, __value) __arm_vstrwq(__addr, __value)
  82:/opt/st/stm32cubeide_2.1.1/plugins/com.st.stm32cube.ide.mcu.externaltools.gnu-tools-for-stm32.14.3.rel1.linux64_1.0.100.202602081740/tools/lib/gcc/arm-none-eabi/14.3.1/include/arm_mve.h **** #define vstrwq_p(__addr, __value, __p) __arm_vstrwq_p(__addr, __value, __p)
  83:/opt/st/stm32cubeide_2.1.1/plugins/com.st.stm32cube.ide.mcu.externaltools.gnu-tools-for-stm32.14.3.rel1.linux64_1.0.100.202602081740/tools/lib/gcc/arm-none-eabi/14.3.1/include/arm_mve.h **** #define vstrdq_scatter_base_p(__addr, __offset, __value, __p) __arm_vstrdq_scatter_base_p(__addr, _
  84:/opt/st/stm32cubeide_2.1.1/plugins/com.st.stm32cube.ide.mcu.externaltools.gnu-tools-for-stm32.14.3.rel1.linux64_1.0.100.202602081740/tools/lib/gcc/arm-none-eabi/14.3.1/include/arm_mve.h **** #define vstrdq_scatter_base(__addr, __offset, __value) __arm_vstrdq_scatter_base(__addr, __offset, 
  85:/opt/st/stm32cubeide_2.1.1/plugins/com.st.stm32cube.ide.mcu.externaltools.gnu-tools-for-stm32.14.3.rel1.linux64_1.0.100.202602081740/tools/lib/gcc/arm-none-eabi/14.3.1/include/arm_mve.h **** #define vstrdq_scatter_offset_p(__base, __offset, __value, __p) __arm_vstrdq_scatter_offset_p(__bas
  86:/opt/st/stm32cubeide_2.1.1/plugins/com.st.stm32cube.ide.mcu.externaltools.gnu-tools-for-stm32.14.3.rel1.linux64_1.0.100.202602081740/tools/lib/gcc/arm-none-eabi/14.3.1/include/arm_mve.h **** #define vstrdq_scatter_offset(__base, __offset, __value) __arm_vstrdq_scatter_offset(__base, __offs
  87:/opt/st/stm32cubeide_2.1.1/plugins/com.st.stm32cube.ide.mcu.externaltools.gnu-tools-for-stm32.14.3.rel1.linux64_1.0.100.202602081740/tools/lib/gcc/arm-none-eabi/14.3.1/include/arm_mve.h **** #define vstrdq_scatter_shifted_offset_p(__base, __offset, __value, __p) __arm_vstrdq_scatter_shifte
  88:/opt/st/stm32cubeide_2.1.1/plugins/com.st.stm32cube.ide.mcu.externaltools.gnu-tools-for-stm32.14.3.rel1.linux64_1.0.100.202602081740/tools/lib/gcc/arm-none-eabi/14.3.1/include/arm_mve.h **** #define vstrdq_scatter_shifted_offset(__base, __offset, __value) __arm_vstrdq_scatter_shifted_offse
  89:/opt/st/stm32cubeide_2.1.1/plugins/com.st.stm32cube.ide.mcu.externaltools.gnu-tools-for-stm32.14.3.rel1.linux64_1.0.100.202602081740/tools/lib/gcc/arm-none-eabi/14.3.1/include/arm_mve.h **** #define vstrwq_scatter_offset_p(__base, __offset, __value, __p) __arm_vstrwq_scatter_offset_p(__bas
  90:/opt/st/stm32cubeide_2.1.1/plugins/com.st.stm32cube.ide.mcu.externaltools.gnu-tools-for-stm32.14.3.rel1.linux64_1.0.100.202602081740/tools/lib/gcc/arm-none-eabi/14.3.1/include/arm_mve.h **** #define vstrwq_scatter_offset(__base, __offset, __value) __arm_vstrwq_scatter_offset(__base, __offs
  91:/opt/st/stm32cubeide_2.1.1/plugins/com.st.stm32cube.ide.mcu.externaltools.gnu-tools-for-stm32.14.3.rel1.linux64_1.0.100.202602081740/tools/lib/gcc/arm-none-eabi/14.3.1/include/arm_mve.h **** #define vstrwq_scatter_shifted_offset_p(__base, __offset, __value, __p) __arm_vstrwq_scatter_shifte
  92:/opt/st/stm32cubeide_2.1.1/plugins/com.st.stm32cube.ide.mcu.externaltools.gnu-tools-for-stm32.14.3.rel1.linux64_1.0.100.202602081740/tools/lib/gcc/arm-none-eabi/14.3.1/include/arm_mve.h **** #define vstrwq_scatter_shifted_offset(__base, __offset, __value) __arm_vstrwq_scatter_shifted_offse
  93:/opt/st/stm32cubeide_2.1.1/plugins/com.st.stm32cube.ide.mcu.externaltools.gnu-tools-for-stm32.14.3.rel1.linux64_1.0.100.202602081740/tools/lib/gcc/arm-none-eabi/14.3.1/include/arm_mve.h **** #define vuninitializedq(__v) __arm_vuninitializedq(__v)
  94:/opt/st/stm32cubeide_2.1.1/plugins/com.st.stm32cube.ide.mcu.externaltools.gnu-tools-for-stm32.14.3.rel1.linux64_1.0.100.202602081740/tools/lib/gcc/arm-none-eabi/14.3.1/include/arm_mve.h **** #define vddupq_m(__inactive, __a, __imm, __p) __arm_vddupq_m(__inactive, __a, __imm, __p)
  95:/opt/st/stm32cubeide_2.1.1/plugins/com.st.stm32cube.ide.mcu.externaltools.gnu-tools-for-stm32.14.3.rel1.linux64_1.0.100.202602081740/tools/lib/gcc/arm-none-eabi/14.3.1/include/arm_mve.h **** #define vddupq_u8(__a, __imm) __arm_vddupq_u8(__a, __imm)
  96:/opt/st/stm32cubeide_2.1.1/plugins/com.st.stm32cube.ide.mcu.externaltools.gnu-tools-for-stm32.14.3.rel1.linux64_1.0.100.202602081740/tools/lib/gcc/arm-none-eabi/14.3.1/include/arm_mve.h **** #define vddupq_u32(__a, __imm) __arm_vddupq_u32(__a, __imm)
  97:/opt/st/stm32cubeide_2.1.1/plugins/com.st.stm32cube.ide.mcu.externaltools.gnu-tools-for-stm32.14.3.rel1.linux64_1.0.100.202602081740/tools/lib/gcc/arm-none-eabi/14.3.1/include/arm_mve.h **** #define vddupq_u16(__a, __imm) __arm_vddupq_u16(__a, __imm)
  98:/opt/st/stm32cubeide_2.1.1/plugins/com.st.stm32cube.ide.mcu.externaltools.gnu-tools-for-stm32.14.3.rel1.linux64_1.0.100.202602081740/tools/lib/gcc/arm-none-eabi/14.3.1/include/arm_mve.h **** #define vdwdupq_m(__inactive, __a, __b, __imm, __p) __arm_vdwdupq_m(__inactive, __a, __b, __imm, __
  99:/opt/st/stm32cubeide_2.1.1/plugins/com.st.stm32cube.ide.mcu.externaltools.gnu-tools-for-stm32.14.3.rel1.linux64_1.0.100.202602081740/tools/lib/gcc/arm-none-eabi/14.3.1/include/arm_mve.h **** #define vdwdupq_u8(__a, __b, __imm) __arm_vdwdupq_u8(__a, __b, __imm)
 100:/opt/st/stm32cubeide_2.1.1/plugins/com.st.stm32cube.ide.mcu.externaltools.gnu-tools-for-stm32.14.3.rel1.linux64_1.0.100.202602081740/tools/lib/gcc/arm-none-eabi/14.3.1/include/arm_mve.h **** #define vdwdupq_u32(__a, __b, __imm) __arm_vdwdupq_u32(__a, __b, __imm)
 101:/opt/st/stm32cubeide_2.1.1/plugins/com.st.stm32cube.ide.mcu.externaltools.gnu-tools-for-stm32.14.3.rel1.linux64_1.0.100.202602081740/tools/lib/gcc/arm-none-eabi/14.3.1/include/arm_mve.h **** #define vdwdupq_u16(__a, __b, __imm) __arm_vdwdupq_u16(__a, __b, __imm)
 102:/opt/st/stm32cubeide_2.1.1/plugins/com.st.stm32cube.ide.mcu.externaltools.gnu-tools-for-stm32.14.3.rel1.linux64_1.0.100.202602081740/tools/lib/gcc/arm-none-eabi/14.3.1/include/arm_mve.h **** #define vidupq_m(__inactive, __a, __imm, __p) __arm_vidupq_m(__inactive, __a, __imm, __p)
 103:/opt/st/stm32cubeide_2.1.1/plugins/com.st.stm32cube.ide.mcu.externaltools.gnu-tools-for-stm32.14.3.rel1.linux64_1.0.100.202602081740/tools/lib/gcc/arm-none-eabi/14.3.1/include/arm_mve.h **** #define vidupq_u8(__a, __imm) __arm_vidupq_u8(__a, __imm)
 104:/opt/st/stm32cubeide_2.1.1/plugins/com.st.stm32cube.ide.mcu.externaltools.gnu-tools-for-stm32.14.3.rel1.linux64_1.0.100.202602081740/tools/lib/gcc/arm-none-eabi/14.3.1/include/arm_mve.h **** #define vidupq_u32(__a, __imm) __arm_vidupq_u32(__a, __imm)
 105:/opt/st/stm32cubeide_2.1.1/plugins/com.st.stm32cube.ide.mcu.externaltools.gnu-tools-for-stm32.14.3.rel1.linux64_1.0.100.202602081740/tools/lib/gcc/arm-none-eabi/14.3.1/include/arm_mve.h **** #define vidupq_u16(__a, __imm) __arm_vidupq_u16(__a, __imm)
 106:/opt/st/stm32cubeide_2.1.1/plugins/com.st.stm32cube.ide.mcu.externaltools.gnu-tools-for-stm32.14.3.rel1.linux64_1.0.100.202602081740/tools/lib/gcc/arm-none-eabi/14.3.1/include/arm_mve.h **** #define viwdupq_m(__inactive, __a, __b, __imm, __p) __arm_viwdupq_m(__inactive, __a, __b, __imm, __
 107:/opt/st/stm32cubeide_2.1.1/plugins/com.st.stm32cube.ide.mcu.externaltools.gnu-tools-for-stm32.14.3.rel1.linux64_1.0.100.202602081740/tools/lib/gcc/arm-none-eabi/14.3.1/include/arm_mve.h **** #define viwdupq_u8(__a, __b, __imm) __arm_viwdupq_u8(__a, __b, __imm)
 108:/opt/st/stm32cubeide_2.1.1/plugins/com.st.stm32cube.ide.mcu.externaltools.gnu-tools-for-stm32.14.3.rel1.linux64_1.0.100.202602081740/tools/lib/gcc/arm-none-eabi/14.3.1/include/arm_mve.h **** #define viwdupq_u32(__a, __b, __imm) __arm_viwdupq_u32(__a, __b, __imm)
 109:/opt/st/stm32cubeide_2.1.1/plugins/com.st.stm32cube.ide.mcu.externaltools.gnu-tools-for-stm32.14.3.rel1.linux64_1.0.100.202602081740/tools/lib/gcc/arm-none-eabi/14.3.1/include/arm_mve.h **** #define viwdupq_u16(__a, __b, __imm) __arm_viwdupq_u16(__a, __b, __imm)
ARM GAS  /tmp/ccS31Hxi.s 			page 6


 110:/opt/st/stm32cubeide_2.1.1/plugins/com.st.stm32cube.ide.mcu.externaltools.gnu-tools-for-stm32.14.3.rel1.linux64_1.0.100.202602081740/tools/lib/gcc/arm-none-eabi/14.3.1/include/arm_mve.h **** #define vstrdq_scatter_base_wb(__addr, __offset, __value) __arm_vstrdq_scatter_base_wb(__addr, __of
 111:/opt/st/stm32cubeide_2.1.1/plugins/com.st.stm32cube.ide.mcu.externaltools.gnu-tools-for-stm32.14.3.rel1.linux64_1.0.100.202602081740/tools/lib/gcc/arm-none-eabi/14.3.1/include/arm_mve.h **** #define vstrdq_scatter_base_wb_p(__addr, __offset, __value, __p) __arm_vstrdq_scatter_base_wb_p(__a
 112:/opt/st/stm32cubeide_2.1.1/plugins/com.st.stm32cube.ide.mcu.externaltools.gnu-tools-for-stm32.14.3.rel1.linux64_1.0.100.202602081740/tools/lib/gcc/arm-none-eabi/14.3.1/include/arm_mve.h **** #define vstrwq_scatter_base_wb_p(__addr, __offset, __value, __p) __arm_vstrwq_scatter_base_wb_p(__a
 113:/opt/st/stm32cubeide_2.1.1/plugins/com.st.stm32cube.ide.mcu.externaltools.gnu-tools-for-stm32.14.3.rel1.linux64_1.0.100.202602081740/tools/lib/gcc/arm-none-eabi/14.3.1/include/arm_mve.h **** #define vstrwq_scatter_base_wb(__addr, __offset, __value) __arm_vstrwq_scatter_base_wb(__addr, __of
 114:/opt/st/stm32cubeide_2.1.1/plugins/com.st.stm32cube.ide.mcu.externaltools.gnu-tools-for-stm32.14.3.rel1.linux64_1.0.100.202602081740/tools/lib/gcc/arm-none-eabi/14.3.1/include/arm_mve.h **** #define vddupq_x_u8(__a, __imm, __p) __arm_vddupq_x_u8(__a, __imm, __p)
 115:/opt/st/stm32cubeide_2.1.1/plugins/com.st.stm32cube.ide.mcu.externaltools.gnu-tools-for-stm32.14.3.rel1.linux64_1.0.100.202602081740/tools/lib/gcc/arm-none-eabi/14.3.1/include/arm_mve.h **** #define vddupq_x_u16(__a, __imm, __p) __arm_vddupq_x_u16(__a, __imm, __p)
 116:/opt/st/stm32cubeide_2.1.1/plugins/com.st.stm32cube.ide.mcu.externaltools.gnu-tools-for-stm32.14.3.rel1.linux64_1.0.100.202602081740/tools/lib/gcc/arm-none-eabi/14.3.1/include/arm_mve.h **** #define vddupq_x_u32(__a, __imm, __p) __arm_vddupq_x_u32(__a, __imm, __p)
 117:/opt/st/stm32cubeide_2.1.1/plugins/com.st.stm32cube.ide.mcu.externaltools.gnu-tools-for-stm32.14.3.rel1.linux64_1.0.100.202602081740/tools/lib/gcc/arm-none-eabi/14.3.1/include/arm_mve.h **** #define vdwdupq_x_u8(__a, __b, __imm, __p) __arm_vdwdupq_x_u8(__a, __b, __imm, __p)
 118:/opt/st/stm32cubeide_2.1.1/plugins/com.st.stm32cube.ide.mcu.externaltools.gnu-tools-for-stm32.14.3.rel1.linux64_1.0.100.202602081740/tools/lib/gcc/arm-none-eabi/14.3.1/include/arm_mve.h **** #define vdwdupq_x_u16(__a, __b, __imm, __p) __arm_vdwdupq_x_u16(__a, __b, __imm, __p)
 119:/opt/st/stm32cubeide_2.1.1/plugins/com.st.stm32cube.ide.mcu.externaltools.gnu-tools-for-stm32.14.3.rel1.linux64_1.0.100.202602081740/tools/lib/gcc/arm-none-eabi/14.3.1/include/arm_mve.h **** #define vdwdupq_x_u32(__a, __b, __imm, __p) __arm_vdwdupq_x_u32(__a, __b, __imm, __p)
 120:/opt/st/stm32cubeide_2.1.1/plugins/com.st.stm32cube.ide.mcu.externaltools.gnu-tools-for-stm32.14.3.rel1.linux64_1.0.100.202602081740/tools/lib/gcc/arm-none-eabi/14.3.1/include/arm_mve.h **** #define vidupq_x_u8(__a, __imm, __p) __arm_vidupq_x_u8(__a, __imm, __p)
 121:/opt/st/stm32cubeide_2.1.1/plugins/com.st.stm32cube.ide.mcu.externaltools.gnu-tools-for-stm32.14.3.rel1.linux64_1.0.100.202602081740/tools/lib/gcc/arm-none-eabi/14.3.1/include/arm_mve.h **** #define vidupq_x_u16(__a, __imm, __p) __arm_vidupq_x_u16(__a, __imm, __p)
 122:/opt/st/stm32cubeide_2.1.1/plugins/com.st.stm32cube.ide.mcu.externaltools.gnu-tools-for-stm32.14.3.rel1.linux64_1.0.100.202602081740/tools/lib/gcc/arm-none-eabi/14.3.1/include/arm_mve.h **** #define vidupq_x_u32(__a, __imm, __p) __arm_vidupq_x_u32(__a, __imm, __p)
 123:/opt/st/stm32cubeide_2.1.1/plugins/com.st.stm32cube.ide.mcu.externaltools.gnu-tools-for-stm32.14.3.rel1.linux64_1.0.100.202602081740/tools/lib/gcc/arm-none-eabi/14.3.1/include/arm_mve.h **** #define viwdupq_x_u8(__a, __b, __imm, __p) __arm_viwdupq_x_u8(__a, __b, __imm, __p)
 124:/opt/st/stm32cubeide_2.1.1/plugins/com.st.stm32cube.ide.mcu.externaltools.gnu-tools-for-stm32.14.3.rel1.linux64_1.0.100.202602081740/tools/lib/gcc/arm-none-eabi/14.3.1/include/arm_mve.h **** #define viwdupq_x_u16(__a, __b, __imm, __p) __arm_viwdupq_x_u16(__a, __b, __imm, __p)
 125:/opt/st/stm32cubeide_2.1.1/plugins/com.st.stm32cube.ide.mcu.externaltools.gnu-tools-for-stm32.14.3.rel1.linux64_1.0.100.202602081740/tools/lib/gcc/arm-none-eabi/14.3.1/include/arm_mve.h **** #define viwdupq_x_u32(__a, __b, __imm, __p) __arm_viwdupq_x_u32(__a, __b, __imm, __p)
 126:/opt/st/stm32cubeide_2.1.1/plugins/com.st.stm32cube.ide.mcu.externaltools.gnu-tools-for-stm32.14.3.rel1.linux64_1.0.100.202602081740/tools/lib/gcc/arm-none-eabi/14.3.1/include/arm_mve.h **** #define vbicq_x(__a, __b, __p) __arm_vbicq_x(__a, __b, __p)
 127:/opt/st/stm32cubeide_2.1.1/plugins/com.st.stm32cube.ide.mcu.externaltools.gnu-tools-for-stm32.14.3.rel1.linux64_1.0.100.202602081740/tools/lib/gcc/arm-none-eabi/14.3.1/include/arm_mve.h **** #define vornq_x(__a, __b, __p) __arm_vornq_x(__a, __b, __p)
 128:/opt/st/stm32cubeide_2.1.1/plugins/com.st.stm32cube.ide.mcu.externaltools.gnu-tools-for-stm32.14.3.rel1.linux64_1.0.100.202602081740/tools/lib/gcc/arm-none-eabi/14.3.1/include/arm_mve.h **** #define vadciq(__a, __b, __carry_out) __arm_vadciq(__a, __b, __carry_out)
 129:/opt/st/stm32cubeide_2.1.1/plugins/com.st.stm32cube.ide.mcu.externaltools.gnu-tools-for-stm32.14.3.rel1.linux64_1.0.100.202602081740/tools/lib/gcc/arm-none-eabi/14.3.1/include/arm_mve.h **** #define vadciq_m(__inactive, __a, __b, __carry_out, __p) __arm_vadciq_m(__inactive, __a, __b, __car
 130:/opt/st/stm32cubeide_2.1.1/plugins/com.st.stm32cube.ide.mcu.externaltools.gnu-tools-for-stm32.14.3.rel1.linux64_1.0.100.202602081740/tools/lib/gcc/arm-none-eabi/14.3.1/include/arm_mve.h **** #define vadcq(__a, __b, __carry) __arm_vadcq(__a, __b, __carry)
 131:/opt/st/stm32cubeide_2.1.1/plugins/com.st.stm32cube.ide.mcu.externaltools.gnu-tools-for-stm32.14.3.rel1.linux64_1.0.100.202602081740/tools/lib/gcc/arm-none-eabi/14.3.1/include/arm_mve.h **** #define vadcq_m(__inactive, __a, __b, __carry, __p) __arm_vadcq_m(__inactive, __a, __b, __carry, __
 132:/opt/st/stm32cubeide_2.1.1/plugins/com.st.stm32cube.ide.mcu.externaltools.gnu-tools-for-stm32.14.3.rel1.linux64_1.0.100.202602081740/tools/lib/gcc/arm-none-eabi/14.3.1/include/arm_mve.h **** #define vsbciq(__a, __b, __carry_out) __arm_vsbciq(__a, __b, __carry_out)
 133:/opt/st/stm32cubeide_2.1.1/plugins/com.st.stm32cube.ide.mcu.externaltools.gnu-tools-for-stm32.14.3.rel1.linux64_1.0.100.202602081740/tools/lib/gcc/arm-none-eabi/14.3.1/include/arm_mve.h **** #define vsbciq_m(__inactive, __a, __b, __carry_out, __p) __arm_vsbciq_m(__inactive, __a, __b, __car
 134:/opt/st/stm32cubeide_2.1.1/plugins/com.st.stm32cube.ide.mcu.externaltools.gnu-tools-for-stm32.14.3.rel1.linux64_1.0.100.202602081740/tools/lib/gcc/arm-none-eabi/14.3.1/include/arm_mve.h **** #define vsbcq(__a, __b, __carry) __arm_vsbcq(__a, __b, __carry)
 135:/opt/st/stm32cubeide_2.1.1/plugins/com.st.stm32cube.ide.mcu.externaltools.gnu-tools-for-stm32.14.3.rel1.linux64_1.0.100.202602081740/tools/lib/gcc/arm-none-eabi/14.3.1/include/arm_mve.h **** #define vsbcq_m(__inactive, __a, __b, __carry, __p) __arm_vsbcq_m(__inactive, __a, __b, __carry, __
 136:/opt/st/stm32cubeide_2.1.1/plugins/com.st.stm32cube.ide.mcu.externaltools.gnu-tools-for-stm32.14.3.rel1.linux64_1.0.100.202602081740/tools/lib/gcc/arm-none-eabi/14.3.1/include/arm_mve.h **** #define vst1q_p(__addr, __value, __p) __arm_vst1q_p(__addr, __value, __p)
 137:/opt/st/stm32cubeide_2.1.1/plugins/com.st.stm32cube.ide.mcu.externaltools.gnu-tools-for-stm32.14.3.rel1.linux64_1.0.100.202602081740/tools/lib/gcc/arm-none-eabi/14.3.1/include/arm_mve.h **** #define vst2q(__addr, __value) __arm_vst2q(__addr, __value)
 138:/opt/st/stm32cubeide_2.1.1/plugins/com.st.stm32cube.ide.mcu.externaltools.gnu-tools-for-stm32.14.3.rel1.linux64_1.0.100.202602081740/tools/lib/gcc/arm-none-eabi/14.3.1/include/arm_mve.h **** #define vld1q_z(__base, __p) __arm_vld1q_z(__base, __p)
 139:/opt/st/stm32cubeide_2.1.1/plugins/com.st.stm32cube.ide.mcu.externaltools.gnu-tools-for-stm32.14.3.rel1.linux64_1.0.100.202602081740/tools/lib/gcc/arm-none-eabi/14.3.1/include/arm_mve.h **** #define vld2q(__addr) __arm_vld2q(__addr)
 140:/opt/st/stm32cubeide_2.1.1/plugins/com.st.stm32cube.ide.mcu.externaltools.gnu-tools-for-stm32.14.3.rel1.linux64_1.0.100.202602081740/tools/lib/gcc/arm-none-eabi/14.3.1/include/arm_mve.h **** #define vld4q(__addr) __arm_vld4q(__addr)
 141:/opt/st/stm32cubeide_2.1.1/plugins/com.st.stm32cube.ide.mcu.externaltools.gnu-tools-for-stm32.14.3.rel1.linux64_1.0.100.202602081740/tools/lib/gcc/arm-none-eabi/14.3.1/include/arm_mve.h **** #define vsetq_lane(__a, __b, __idx) __arm_vsetq_lane(__a, __b, __idx)
 142:/opt/st/stm32cubeide_2.1.1/plugins/com.st.stm32cube.ide.mcu.externaltools.gnu-tools-for-stm32.14.3.rel1.linux64_1.0.100.202602081740/tools/lib/gcc/arm-none-eabi/14.3.1/include/arm_mve.h **** #define vgetq_lane(__a, __idx) __arm_vgetq_lane(__a, __idx)
 143:/opt/st/stm32cubeide_2.1.1/plugins/com.st.stm32cube.ide.mcu.externaltools.gnu-tools-for-stm32.14.3.rel1.linux64_1.0.100.202602081740/tools/lib/gcc/arm-none-eabi/14.3.1/include/arm_mve.h **** #define vshlcq_m(__a, __b, __imm, __p) __arm_vshlcq_m(__a, __b, __imm, __p)
 144:/opt/st/stm32cubeide_2.1.1/plugins/com.st.stm32cube.ide.mcu.externaltools.gnu-tools-for-stm32.14.3.rel1.linux64_1.0.100.202602081740/tools/lib/gcc/arm-none-eabi/14.3.1/include/arm_mve.h **** #define vcvttq_f32(__a) __arm_vcvttq_f32(__a)
 145:/opt/st/stm32cubeide_2.1.1/plugins/com.st.stm32cube.ide.mcu.externaltools.gnu-tools-for-stm32.14.3.rel1.linux64_1.0.100.202602081740/tools/lib/gcc/arm-none-eabi/14.3.1/include/arm_mve.h **** #define vcvtbq_f32(__a) __arm_vcvtbq_f32(__a)
 146:/opt/st/stm32cubeide_2.1.1/plugins/com.st.stm32cube.ide.mcu.externaltools.gnu-tools-for-stm32.14.3.rel1.linux64_1.0.100.202602081740/tools/lib/gcc/arm-none-eabi/14.3.1/include/arm_mve.h **** #define vcvtq(__a) __arm_vcvtq(__a)
 147:/opt/st/stm32cubeide_2.1.1/plugins/com.st.stm32cube.ide.mcu.externaltools.gnu-tools-for-stm32.14.3.rel1.linux64_1.0.100.202602081740/tools/lib/gcc/arm-none-eabi/14.3.1/include/arm_mve.h **** #define vcvtq_n(__a, __imm6) __arm_vcvtq_n(__a, __imm6)
 148:/opt/st/stm32cubeide_2.1.1/plugins/com.st.stm32cube.ide.mcu.externaltools.gnu-tools-for-stm32.14.3.rel1.linux64_1.0.100.202602081740/tools/lib/gcc/arm-none-eabi/14.3.1/include/arm_mve.h **** #define vcvtaq_m(__inactive, __a, __p) __arm_vcvtaq_m(__inactive, __a, __p)
 149:/opt/st/stm32cubeide_2.1.1/plugins/com.st.stm32cube.ide.mcu.externaltools.gnu-tools-for-stm32.14.3.rel1.linux64_1.0.100.202602081740/tools/lib/gcc/arm-none-eabi/14.3.1/include/arm_mve.h **** #define vcvtq_m(__inactive, __a, __p) __arm_vcvtq_m(__inactive, __a, __p)
 150:/opt/st/stm32cubeide_2.1.1/plugins/com.st.stm32cube.ide.mcu.externaltools.gnu-tools-for-stm32.14.3.rel1.linux64_1.0.100.202602081740/tools/lib/gcc/arm-none-eabi/14.3.1/include/arm_mve.h **** #define vcvtbq_m(__a, __b, __p) __arm_vcvtbq_m(__a, __b, __p)
 151:/opt/st/stm32cubeide_2.1.1/plugins/com.st.stm32cube.ide.mcu.externaltools.gnu-tools-for-stm32.14.3.rel1.linux64_1.0.100.202602081740/tools/lib/gcc/arm-none-eabi/14.3.1/include/arm_mve.h **** #define vcvttq_m(__a, __b, __p) __arm_vcvttq_m(__a, __b, __p)
 152:/opt/st/stm32cubeide_2.1.1/plugins/com.st.stm32cube.ide.mcu.externaltools.gnu-tools-for-stm32.14.3.rel1.linux64_1.0.100.202602081740/tools/lib/gcc/arm-none-eabi/14.3.1/include/arm_mve.h **** #define vcvtmq_m(__inactive, __a, __p) __arm_vcvtmq_m(__inactive, __a, __p)
 153:/opt/st/stm32cubeide_2.1.1/plugins/com.st.stm32cube.ide.mcu.externaltools.gnu-tools-for-stm32.14.3.rel1.linux64_1.0.100.202602081740/tools/lib/gcc/arm-none-eabi/14.3.1/include/arm_mve.h **** #define vcvtnq_m(__inactive, __a, __p) __arm_vcvtnq_m(__inactive, __a, __p)
 154:/opt/st/stm32cubeide_2.1.1/plugins/com.st.stm32cube.ide.mcu.externaltools.gnu-tools-for-stm32.14.3.rel1.linux64_1.0.100.202602081740/tools/lib/gcc/arm-none-eabi/14.3.1/include/arm_mve.h **** #define vcvtpq_m(__inactive, __a, __p) __arm_vcvtpq_m(__inactive, __a, __p)
 155:/opt/st/stm32cubeide_2.1.1/plugins/com.st.stm32cube.ide.mcu.externaltools.gnu-tools-for-stm32.14.3.rel1.linux64_1.0.100.202602081740/tools/lib/gcc/arm-none-eabi/14.3.1/include/arm_mve.h **** #define vcvtq_m_n(__inactive, __a, __imm6, __p) __arm_vcvtq_m_n(__inactive, __a, __imm6, __p)
 156:/opt/st/stm32cubeide_2.1.1/plugins/com.st.stm32cube.ide.mcu.externaltools.gnu-tools-for-stm32.14.3.rel1.linux64_1.0.100.202602081740/tools/lib/gcc/arm-none-eabi/14.3.1/include/arm_mve.h **** #define vcvtq_x(__a, __p) __arm_vcvtq_x(__a, __p)
 157:/opt/st/stm32cubeide_2.1.1/plugins/com.st.stm32cube.ide.mcu.externaltools.gnu-tools-for-stm32.14.3.rel1.linux64_1.0.100.202602081740/tools/lib/gcc/arm-none-eabi/14.3.1/include/arm_mve.h **** #define vcvtq_x_n(__a, __imm6, __p) __arm_vcvtq_x_n(__a, __imm6, __p)
 158:/opt/st/stm32cubeide_2.1.1/plugins/com.st.stm32cube.ide.mcu.externaltools.gnu-tools-for-stm32.14.3.rel1.linux64_1.0.100.202602081740/tools/lib/gcc/arm-none-eabi/14.3.1/include/arm_mve.h **** 
 159:/opt/st/stm32cubeide_2.1.1/plugins/com.st.stm32cube.ide.mcu.externaltools.gnu-tools-for-stm32.14.3.rel1.linux64_1.0.100.202602081740/tools/lib/gcc/arm-none-eabi/14.3.1/include/arm_mve.h **** 
 160:/opt/st/stm32cubeide_2.1.1/plugins/com.st.stm32cube.ide.mcu.externaltools.gnu-tools-for-stm32.14.3.rel1.linux64_1.0.100.202602081740/tools/lib/gcc/arm-none-eabi/14.3.1/include/arm_mve.h **** #define vst4q_s8( __addr, __value) __arm_vst4q_s8( __addr, __value)
 161:/opt/st/stm32cubeide_2.1.1/plugins/com.st.stm32cube.ide.mcu.externaltools.gnu-tools-for-stm32.14.3.rel1.linux64_1.0.100.202602081740/tools/lib/gcc/arm-none-eabi/14.3.1/include/arm_mve.h **** #define vst4q_s16( __addr, __value) __arm_vst4q_s16( __addr, __value)
 162:/opt/st/stm32cubeide_2.1.1/plugins/com.st.stm32cube.ide.mcu.externaltools.gnu-tools-for-stm32.14.3.rel1.linux64_1.0.100.202602081740/tools/lib/gcc/arm-none-eabi/14.3.1/include/arm_mve.h **** #define vst4q_s32( __addr, __value) __arm_vst4q_s32( __addr, __value)
 163:/opt/st/stm32cubeide_2.1.1/plugins/com.st.stm32cube.ide.mcu.externaltools.gnu-tools-for-stm32.14.3.rel1.linux64_1.0.100.202602081740/tools/lib/gcc/arm-none-eabi/14.3.1/include/arm_mve.h **** #define vst4q_u8( __addr, __value) __arm_vst4q_u8( __addr, __value)
 164:/opt/st/stm32cubeide_2.1.1/plugins/com.st.stm32cube.ide.mcu.externaltools.gnu-tools-for-stm32.14.3.rel1.linux64_1.0.100.202602081740/tools/lib/gcc/arm-none-eabi/14.3.1/include/arm_mve.h **** #define vst4q_u16( __addr, __value) __arm_vst4q_u16( __addr, __value)
 165:/opt/st/stm32cubeide_2.1.1/plugins/com.st.stm32cube.ide.mcu.externaltools.gnu-tools-for-stm32.14.3.rel1.linux64_1.0.100.202602081740/tools/lib/gcc/arm-none-eabi/14.3.1/include/arm_mve.h **** #define vst4q_u32( __addr, __value) __arm_vst4q_u32( __addr, __value)
 166:/opt/st/stm32cubeide_2.1.1/plugins/com.st.stm32cube.ide.mcu.externaltools.gnu-tools-for-stm32.14.3.rel1.linux64_1.0.100.202602081740/tools/lib/gcc/arm-none-eabi/14.3.1/include/arm_mve.h **** #define vst4q_f16( __addr, __value) __arm_vst4q_f16( __addr, __value)
ARM GAS  /tmp/ccS31Hxi.s 			page 7


 167:/opt/st/stm32cubeide_2.1.1/plugins/com.st.stm32cube.ide.mcu.externaltools.gnu-tools-for-stm32.14.3.rel1.linux64_1.0.100.202602081740/tools/lib/gcc/arm-none-eabi/14.3.1/include/arm_mve.h **** #define vst4q_f32( __addr, __value) __arm_vst4q_f32( __addr, __value)
 168:/opt/st/stm32cubeide_2.1.1/plugins/com.st.stm32cube.ide.mcu.externaltools.gnu-tools-for-stm32.14.3.rel1.linux64_1.0.100.202602081740/tools/lib/gcc/arm-none-eabi/14.3.1/include/arm_mve.h **** #define vcvttq_f32_f16(__a) __arm_vcvttq_f32_f16(__a)
 169:/opt/st/stm32cubeide_2.1.1/plugins/com.st.stm32cube.ide.mcu.externaltools.gnu-tools-for-stm32.14.3.rel1.linux64_1.0.100.202602081740/tools/lib/gcc/arm-none-eabi/14.3.1/include/arm_mve.h **** #define vcvtbq_f32_f16(__a) __arm_vcvtbq_f32_f16(__a)
 170:/opt/st/stm32cubeide_2.1.1/plugins/com.st.stm32cube.ide.mcu.externaltools.gnu-tools-for-stm32.14.3.rel1.linux64_1.0.100.202602081740/tools/lib/gcc/arm-none-eabi/14.3.1/include/arm_mve.h **** #define vcvtq_f16_s16(__a) __arm_vcvtq_f16_s16(__a)
 171:/opt/st/stm32cubeide_2.1.1/plugins/com.st.stm32cube.ide.mcu.externaltools.gnu-tools-for-stm32.14.3.rel1.linux64_1.0.100.202602081740/tools/lib/gcc/arm-none-eabi/14.3.1/include/arm_mve.h **** #define vcvtq_f32_s32(__a) __arm_vcvtq_f32_s32(__a)
 172:/opt/st/stm32cubeide_2.1.1/plugins/com.st.stm32cube.ide.mcu.externaltools.gnu-tools-for-stm32.14.3.rel1.linux64_1.0.100.202602081740/tools/lib/gcc/arm-none-eabi/14.3.1/include/arm_mve.h **** #define vcvtq_f16_u16(__a) __arm_vcvtq_f16_u16(__a)
 173:/opt/st/stm32cubeide_2.1.1/plugins/com.st.stm32cube.ide.mcu.externaltools.gnu-tools-for-stm32.14.3.rel1.linux64_1.0.100.202602081740/tools/lib/gcc/arm-none-eabi/14.3.1/include/arm_mve.h **** #define vcvtq_f32_u32(__a) __arm_vcvtq_f32_u32(__a)
 174:/opt/st/stm32cubeide_2.1.1/plugins/com.st.stm32cube.ide.mcu.externaltools.gnu-tools-for-stm32.14.3.rel1.linux64_1.0.100.202602081740/tools/lib/gcc/arm-none-eabi/14.3.1/include/arm_mve.h **** #define vcvtaq_s16_f16(__a) __arm_vcvtaq_s16_f16(__a)
 175:/opt/st/stm32cubeide_2.1.1/plugins/com.st.stm32cube.ide.mcu.externaltools.gnu-tools-for-stm32.14.3.rel1.linux64_1.0.100.202602081740/tools/lib/gcc/arm-none-eabi/14.3.1/include/arm_mve.h **** #define vcvtaq_s32_f32(__a) __arm_vcvtaq_s32_f32(__a)
 176:/opt/st/stm32cubeide_2.1.1/plugins/com.st.stm32cube.ide.mcu.externaltools.gnu-tools-for-stm32.14.3.rel1.linux64_1.0.100.202602081740/tools/lib/gcc/arm-none-eabi/14.3.1/include/arm_mve.h **** #define vcvtnq_s16_f16(__a) __arm_vcvtnq_s16_f16(__a)
 177:/opt/st/stm32cubeide_2.1.1/plugins/com.st.stm32cube.ide.mcu.externaltools.gnu-tools-for-stm32.14.3.rel1.linux64_1.0.100.202602081740/tools/lib/gcc/arm-none-eabi/14.3.1/include/arm_mve.h **** #define vcvtnq_s32_f32(__a) __arm_vcvtnq_s32_f32(__a)
 178:/opt/st/stm32cubeide_2.1.1/plugins/com.st.stm32cube.ide.mcu.externaltools.gnu-tools-for-stm32.14.3.rel1.linux64_1.0.100.202602081740/tools/lib/gcc/arm-none-eabi/14.3.1/include/arm_mve.h **** #define vcvtpq_s16_f16(__a) __arm_vcvtpq_s16_f16(__a)
 179:/opt/st/stm32cubeide_2.1.1/plugins/com.st.stm32cube.ide.mcu.externaltools.gnu-tools-for-stm32.14.3.rel1.linux64_1.0.100.202602081740/tools/lib/gcc/arm-none-eabi/14.3.1/include/arm_mve.h **** #define vcvtpq_s32_f32(__a) __arm_vcvtpq_s32_f32(__a)
 180:/opt/st/stm32cubeide_2.1.1/plugins/com.st.stm32cube.ide.mcu.externaltools.gnu-tools-for-stm32.14.3.rel1.linux64_1.0.100.202602081740/tools/lib/gcc/arm-none-eabi/14.3.1/include/arm_mve.h **** #define vcvtmq_s16_f16(__a) __arm_vcvtmq_s16_f16(__a)
 181:/opt/st/stm32cubeide_2.1.1/plugins/com.st.stm32cube.ide.mcu.externaltools.gnu-tools-for-stm32.14.3.rel1.linux64_1.0.100.202602081740/tools/lib/gcc/arm-none-eabi/14.3.1/include/arm_mve.h **** #define vcvtmq_s32_f32(__a) __arm_vcvtmq_s32_f32(__a)
 182:/opt/st/stm32cubeide_2.1.1/plugins/com.st.stm32cube.ide.mcu.externaltools.gnu-tools-for-stm32.14.3.rel1.linux64_1.0.100.202602081740/tools/lib/gcc/arm-none-eabi/14.3.1/include/arm_mve.h **** #define vcvtq_s16_f16(__a) __arm_vcvtq_s16_f16(__a)
 183:/opt/st/stm32cubeide_2.1.1/plugins/com.st.stm32cube.ide.mcu.externaltools.gnu-tools-for-stm32.14.3.rel1.linux64_1.0.100.202602081740/tools/lib/gcc/arm-none-eabi/14.3.1/include/arm_mve.h **** #define vcvtq_s32_f32(__a) __arm_vcvtq_s32_f32(__a)
 184:/opt/st/stm32cubeide_2.1.1/plugins/com.st.stm32cube.ide.mcu.externaltools.gnu-tools-for-stm32.14.3.rel1.linux64_1.0.100.202602081740/tools/lib/gcc/arm-none-eabi/14.3.1/include/arm_mve.h **** #define vcvtq_u16_f16(__a) __arm_vcvtq_u16_f16(__a)
 185:/opt/st/stm32cubeide_2.1.1/plugins/com.st.stm32cube.ide.mcu.externaltools.gnu-tools-for-stm32.14.3.rel1.linux64_1.0.100.202602081740/tools/lib/gcc/arm-none-eabi/14.3.1/include/arm_mve.h **** #define vcvtq_u32_f32(__a) __arm_vcvtq_u32_f32(__a)
 186:/opt/st/stm32cubeide_2.1.1/plugins/com.st.stm32cube.ide.mcu.externaltools.gnu-tools-for-stm32.14.3.rel1.linux64_1.0.100.202602081740/tools/lib/gcc/arm-none-eabi/14.3.1/include/arm_mve.h **** #define vcvtpq_u16_f16(__a) __arm_vcvtpq_u16_f16(__a)
 187:/opt/st/stm32cubeide_2.1.1/plugins/com.st.stm32cube.ide.mcu.externaltools.gnu-tools-for-stm32.14.3.rel1.linux64_1.0.100.202602081740/tools/lib/gcc/arm-none-eabi/14.3.1/include/arm_mve.h **** #define vcvtpq_u32_f32(__a) __arm_vcvtpq_u32_f32(__a)
 188:/opt/st/stm32cubeide_2.1.1/plugins/com.st.stm32cube.ide.mcu.externaltools.gnu-tools-for-stm32.14.3.rel1.linux64_1.0.100.202602081740/tools/lib/gcc/arm-none-eabi/14.3.1/include/arm_mve.h **** #define vcvtnq_u16_f16(__a) __arm_vcvtnq_u16_f16(__a)
 189:/opt/st/stm32cubeide_2.1.1/plugins/com.st.stm32cube.ide.mcu.externaltools.gnu-tools-for-stm32.14.3.rel1.linux64_1.0.100.202602081740/tools/lib/gcc/arm-none-eabi/14.3.1/include/arm_mve.h **** #define vcvtnq_u32_f32(__a) __arm_vcvtnq_u32_f32(__a)
 190:/opt/st/stm32cubeide_2.1.1/plugins/com.st.stm32cube.ide.mcu.externaltools.gnu-tools-for-stm32.14.3.rel1.linux64_1.0.100.202602081740/tools/lib/gcc/arm-none-eabi/14.3.1/include/arm_mve.h **** #define vcvtmq_u16_f16(__a) __arm_vcvtmq_u16_f16(__a)
 191:/opt/st/stm32cubeide_2.1.1/plugins/com.st.stm32cube.ide.mcu.externaltools.gnu-tools-for-stm32.14.3.rel1.linux64_1.0.100.202602081740/tools/lib/gcc/arm-none-eabi/14.3.1/include/arm_mve.h **** #define vcvtmq_u32_f32(__a) __arm_vcvtmq_u32_f32(__a)
 192:/opt/st/stm32cubeide_2.1.1/plugins/com.st.stm32cube.ide.mcu.externaltools.gnu-tools-for-stm32.14.3.rel1.linux64_1.0.100.202602081740/tools/lib/gcc/arm-none-eabi/14.3.1/include/arm_mve.h **** #define vcvtaq_u16_f16(__a) __arm_vcvtaq_u16_f16(__a)
 193:/opt/st/stm32cubeide_2.1.1/plugins/com.st.stm32cube.ide.mcu.externaltools.gnu-tools-for-stm32.14.3.rel1.linux64_1.0.100.202602081740/tools/lib/gcc/arm-none-eabi/14.3.1/include/arm_mve.h **** #define vcvtaq_u32_f32(__a) __arm_vcvtaq_u32_f32(__a)
 194:/opt/st/stm32cubeide_2.1.1/plugins/com.st.stm32cube.ide.mcu.externaltools.gnu-tools-for-stm32.14.3.rel1.linux64_1.0.100.202602081740/tools/lib/gcc/arm-none-eabi/14.3.1/include/arm_mve.h **** #define vctp16q(__a) __arm_vctp16q(__a)
 195:/opt/st/stm32cubeide_2.1.1/plugins/com.st.stm32cube.ide.mcu.externaltools.gnu-tools-for-stm32.14.3.rel1.linux64_1.0.100.202602081740/tools/lib/gcc/arm-none-eabi/14.3.1/include/arm_mve.h **** #define vctp32q(__a) __arm_vctp32q(__a)
 196:/opt/st/stm32cubeide_2.1.1/plugins/com.st.stm32cube.ide.mcu.externaltools.gnu-tools-for-stm32.14.3.rel1.linux64_1.0.100.202602081740/tools/lib/gcc/arm-none-eabi/14.3.1/include/arm_mve.h **** #define vctp64q(__a) __arm_vctp64q(__a)
 197:/opt/st/stm32cubeide_2.1.1/plugins/com.st.stm32cube.ide.mcu.externaltools.gnu-tools-for-stm32.14.3.rel1.linux64_1.0.100.202602081740/tools/lib/gcc/arm-none-eabi/14.3.1/include/arm_mve.h **** #define vctp8q(__a) __arm_vctp8q(__a)
 198:/opt/st/stm32cubeide_2.1.1/plugins/com.st.stm32cube.ide.mcu.externaltools.gnu-tools-for-stm32.14.3.rel1.linux64_1.0.100.202602081740/tools/lib/gcc/arm-none-eabi/14.3.1/include/arm_mve.h **** #define vpnot(__a) __arm_vpnot(__a)
 199:/opt/st/stm32cubeide_2.1.1/plugins/com.st.stm32cube.ide.mcu.externaltools.gnu-tools-for-stm32.14.3.rel1.linux64_1.0.100.202602081740/tools/lib/gcc/arm-none-eabi/14.3.1/include/arm_mve.h **** #define vcvtq_n_f16_s16(__a,  __imm6) __arm_vcvtq_n_f16_s16(__a,  __imm6)
 200:/opt/st/stm32cubeide_2.1.1/plugins/com.st.stm32cube.ide.mcu.externaltools.gnu-tools-for-stm32.14.3.rel1.linux64_1.0.100.202602081740/tools/lib/gcc/arm-none-eabi/14.3.1/include/arm_mve.h **** #define vcvtq_n_f32_s32(__a,  __imm6) __arm_vcvtq_n_f32_s32(__a,  __imm6)
 201:/opt/st/stm32cubeide_2.1.1/plugins/com.st.stm32cube.ide.mcu.externaltools.gnu-tools-for-stm32.14.3.rel1.linux64_1.0.100.202602081740/tools/lib/gcc/arm-none-eabi/14.3.1/include/arm_mve.h **** #define vcvtq_n_f16_u16(__a,  __imm6) __arm_vcvtq_n_f16_u16(__a,  __imm6)
 202:/opt/st/stm32cubeide_2.1.1/plugins/com.st.stm32cube.ide.mcu.externaltools.gnu-tools-for-stm32.14.3.rel1.linux64_1.0.100.202602081740/tools/lib/gcc/arm-none-eabi/14.3.1/include/arm_mve.h **** #define vcvtq_n_f32_u32(__a,  __imm6) __arm_vcvtq_n_f32_u32(__a,  __imm6)
 203:/opt/st/stm32cubeide_2.1.1/plugins/com.st.stm32cube.ide.mcu.externaltools.gnu-tools-for-stm32.14.3.rel1.linux64_1.0.100.202602081740/tools/lib/gcc/arm-none-eabi/14.3.1/include/arm_mve.h **** #define vcvtq_n_s16_f16(__a,  __imm6) __arm_vcvtq_n_s16_f16(__a,  __imm6)
 204:/opt/st/stm32cubeide_2.1.1/plugins/com.st.stm32cube.ide.mcu.externaltools.gnu-tools-for-stm32.14.3.rel1.linux64_1.0.100.202602081740/tools/lib/gcc/arm-none-eabi/14.3.1/include/arm_mve.h **** #define vcvtq_n_s32_f32(__a,  __imm6) __arm_vcvtq_n_s32_f32(__a,  __imm6)
 205:/opt/st/stm32cubeide_2.1.1/plugins/com.st.stm32cube.ide.mcu.externaltools.gnu-tools-for-stm32.14.3.rel1.linux64_1.0.100.202602081740/tools/lib/gcc/arm-none-eabi/14.3.1/include/arm_mve.h **** #define vcvtq_n_u16_f16(__a,  __imm6) __arm_vcvtq_n_u16_f16(__a,  __imm6)
 206:/opt/st/stm32cubeide_2.1.1/plugins/com.st.stm32cube.ide.mcu.externaltools.gnu-tools-for-stm32.14.3.rel1.linux64_1.0.100.202602081740/tools/lib/gcc/arm-none-eabi/14.3.1/include/arm_mve.h **** #define vcvtq_n_u32_f32(__a,  __imm6) __arm_vcvtq_n_u32_f32(__a,  __imm6)
 207:/opt/st/stm32cubeide_2.1.1/plugins/com.st.stm32cube.ide.mcu.externaltools.gnu-tools-for-stm32.14.3.rel1.linux64_1.0.100.202602081740/tools/lib/gcc/arm-none-eabi/14.3.1/include/arm_mve.h **** #define vornq_u8(__a, __b) __arm_vornq_u8(__a, __b)
 208:/opt/st/stm32cubeide_2.1.1/plugins/com.st.stm32cube.ide.mcu.externaltools.gnu-tools-for-stm32.14.3.rel1.linux64_1.0.100.202602081740/tools/lib/gcc/arm-none-eabi/14.3.1/include/arm_mve.h **** #define vbicq_u8(__a, __b) __arm_vbicq_u8(__a, __b)
 209:/opt/st/stm32cubeide_2.1.1/plugins/com.st.stm32cube.ide.mcu.externaltools.gnu-tools-for-stm32.14.3.rel1.linux64_1.0.100.202602081740/tools/lib/gcc/arm-none-eabi/14.3.1/include/arm_mve.h **** #define vornq_s8(__a, __b) __arm_vornq_s8(__a, __b)
 210:/opt/st/stm32cubeide_2.1.1/plugins/com.st.stm32cube.ide.mcu.externaltools.gnu-tools-for-stm32.14.3.rel1.linux64_1.0.100.202602081740/tools/lib/gcc/arm-none-eabi/14.3.1/include/arm_mve.h **** #define vbicq_s8(__a, __b) __arm_vbicq_s8(__a, __b)
 211:/opt/st/stm32cubeide_2.1.1/plugins/com.st.stm32cube.ide.mcu.externaltools.gnu-tools-for-stm32.14.3.rel1.linux64_1.0.100.202602081740/tools/lib/gcc/arm-none-eabi/14.3.1/include/arm_mve.h **** #define vornq_u16(__a, __b) __arm_vornq_u16(__a, __b)
 212:/opt/st/stm32cubeide_2.1.1/plugins/com.st.stm32cube.ide.mcu.externaltools.gnu-tools-for-stm32.14.3.rel1.linux64_1.0.100.202602081740/tools/lib/gcc/arm-none-eabi/14.3.1/include/arm_mve.h **** #define vbicq_u16(__a, __b) __arm_vbicq_u16(__a, __b)
 213:/opt/st/stm32cubeide_2.1.1/plugins/com.st.stm32cube.ide.mcu.externaltools.gnu-tools-for-stm32.14.3.rel1.linux64_1.0.100.202602081740/tools/lib/gcc/arm-none-eabi/14.3.1/include/arm_mve.h **** #define vornq_s16(__a, __b) __arm_vornq_s16(__a, __b)
 214:/opt/st/stm32cubeide_2.1.1/plugins/com.st.stm32cube.ide.mcu.externaltools.gnu-tools-for-stm32.14.3.rel1.linux64_1.0.100.202602081740/tools/lib/gcc/arm-none-eabi/14.3.1/include/arm_mve.h **** #define vbicq_s16(__a, __b) __arm_vbicq_s16(__a, __b)
 215:/opt/st/stm32cubeide_2.1.1/plugins/com.st.stm32cube.ide.mcu.externaltools.gnu-tools-for-stm32.14.3.rel1.linux64_1.0.100.202602081740/tools/lib/gcc/arm-none-eabi/14.3.1/include/arm_mve.h **** #define vornq_u32(__a, __b) __arm_vornq_u32(__a, __b)
 216:/opt/st/stm32cubeide_2.1.1/plugins/com.st.stm32cube.ide.mcu.externaltools.gnu-tools-for-stm32.14.3.rel1.linux64_1.0.100.202602081740/tools/lib/gcc/arm-none-eabi/14.3.1/include/arm_mve.h **** #define vbicq_u32(__a, __b) __arm_vbicq_u32(__a, __b)
 217:/opt/st/stm32cubeide_2.1.1/plugins/com.st.stm32cube.ide.mcu.externaltools.gnu-tools-for-stm32.14.3.rel1.linux64_1.0.100.202602081740/tools/lib/gcc/arm-none-eabi/14.3.1/include/arm_mve.h **** #define vornq_s32(__a, __b) __arm_vornq_s32(__a, __b)
 218:/opt/st/stm32cubeide_2.1.1/plugins/com.st.stm32cube.ide.mcu.externaltools.gnu-tools-for-stm32.14.3.rel1.linux64_1.0.100.202602081740/tools/lib/gcc/arm-none-eabi/14.3.1/include/arm_mve.h **** #define vbicq_s32(__a, __b) __arm_vbicq_s32(__a, __b)
 219:/opt/st/stm32cubeide_2.1.1/plugins/com.st.stm32cube.ide.mcu.externaltools.gnu-tools-for-stm32.14.3.rel1.linux64_1.0.100.202602081740/tools/lib/gcc/arm-none-eabi/14.3.1/include/arm_mve.h **** #define vbicq_n_u16(__a,  __imm) __arm_vbicq_n_u16(__a,  __imm)
 220:/opt/st/stm32cubeide_2.1.1/plugins/com.st.stm32cube.ide.mcu.externaltools.gnu-tools-for-stm32.14.3.rel1.linux64_1.0.100.202602081740/tools/lib/gcc/arm-none-eabi/14.3.1/include/arm_mve.h **** #define vornq_f16(__a, __b) __arm_vornq_f16(__a, __b)
 221:/opt/st/stm32cubeide_2.1.1/plugins/com.st.stm32cube.ide.mcu.externaltools.gnu-tools-for-stm32.14.3.rel1.linux64_1.0.100.202602081740/tools/lib/gcc/arm-none-eabi/14.3.1/include/arm_mve.h **** #define vbicq_f16(__a, __b) __arm_vbicq_f16(__a, __b)
 222:/opt/st/stm32cubeide_2.1.1/plugins/com.st.stm32cube.ide.mcu.externaltools.gnu-tools-for-stm32.14.3.rel1.linux64_1.0.100.202602081740/tools/lib/gcc/arm-none-eabi/14.3.1/include/arm_mve.h **** #define vbicq_n_s16(__a,  __imm) __arm_vbicq_n_s16(__a,  __imm)
 223:/opt/st/stm32cubeide_2.1.1/plugins/com.st.stm32cube.ide.mcu.externaltools.gnu-tools-for-stm32.14.3.rel1.linux64_1.0.100.202602081740/tools/lib/gcc/arm-none-eabi/14.3.1/include/arm_mve.h **** #define vbicq_n_u32(__a,  __imm) __arm_vbicq_n_u32(__a,  __imm)
ARM GAS  /tmp/ccS31Hxi.s 			page 8


 224:/opt/st/stm32cubeide_2.1.1/plugins/com.st.stm32cube.ide.mcu.externaltools.gnu-tools-for-stm32.14.3.rel1.linux64_1.0.100.202602081740/tools/lib/gcc/arm-none-eabi/14.3.1/include/arm_mve.h **** #define vornq_f32(__a, __b) __arm_vornq_f32(__a, __b)
 225:/opt/st/stm32cubeide_2.1.1/plugins/com.st.stm32cube.ide.mcu.externaltools.gnu-tools-for-stm32.14.3.rel1.linux64_1.0.100.202602081740/tools/lib/gcc/arm-none-eabi/14.3.1/include/arm_mve.h **** #define vbicq_f32(__a, __b) __arm_vbicq_f32(__a, __b)
 226:/opt/st/stm32cubeide_2.1.1/plugins/com.st.stm32cube.ide.mcu.externaltools.gnu-tools-for-stm32.14.3.rel1.linux64_1.0.100.202602081740/tools/lib/gcc/arm-none-eabi/14.3.1/include/arm_mve.h **** #define vbicq_n_s32(__a,  __imm) __arm_vbicq_n_s32(__a,  __imm)
 227:/opt/st/stm32cubeide_2.1.1/plugins/com.st.stm32cube.ide.mcu.externaltools.gnu-tools-for-stm32.14.3.rel1.linux64_1.0.100.202602081740/tools/lib/gcc/arm-none-eabi/14.3.1/include/arm_mve.h **** #define vctp8q_m(__a, __p) __arm_vctp8q_m(__a, __p)
 228:/opt/st/stm32cubeide_2.1.1/plugins/com.st.stm32cube.ide.mcu.externaltools.gnu-tools-for-stm32.14.3.rel1.linux64_1.0.100.202602081740/tools/lib/gcc/arm-none-eabi/14.3.1/include/arm_mve.h **** #define vctp64q_m(__a, __p) __arm_vctp64q_m(__a, __p)
 229:/opt/st/stm32cubeide_2.1.1/plugins/com.st.stm32cube.ide.mcu.externaltools.gnu-tools-for-stm32.14.3.rel1.linux64_1.0.100.202602081740/tools/lib/gcc/arm-none-eabi/14.3.1/include/arm_mve.h **** #define vctp32q_m(__a, __p) __arm_vctp32q_m(__a, __p)
 230:/opt/st/stm32cubeide_2.1.1/plugins/com.st.stm32cube.ide.mcu.externaltools.gnu-tools-for-stm32.14.3.rel1.linux64_1.0.100.202602081740/tools/lib/gcc/arm-none-eabi/14.3.1/include/arm_mve.h **** #define vctp16q_m(__a, __p) __arm_vctp16q_m(__a, __p)
 231:/opt/st/stm32cubeide_2.1.1/plugins/com.st.stm32cube.ide.mcu.externaltools.gnu-tools-for-stm32.14.3.rel1.linux64_1.0.100.202602081740/tools/lib/gcc/arm-none-eabi/14.3.1/include/arm_mve.h **** #define vcvttq_f16_f32(__a, __b) __arm_vcvttq_f16_f32(__a, __b)
 232:/opt/st/stm32cubeide_2.1.1/plugins/com.st.stm32cube.ide.mcu.externaltools.gnu-tools-for-stm32.14.3.rel1.linux64_1.0.100.202602081740/tools/lib/gcc/arm-none-eabi/14.3.1/include/arm_mve.h **** #define vcvtbq_f16_f32(__a, __b) __arm_vcvtbq_f16_f32(__a, __b)
 233:/opt/st/stm32cubeide_2.1.1/plugins/com.st.stm32cube.ide.mcu.externaltools.gnu-tools-for-stm32.14.3.rel1.linux64_1.0.100.202602081740/tools/lib/gcc/arm-none-eabi/14.3.1/include/arm_mve.h **** #define vbicq_m_n_s16(__a,  __imm, __p) __arm_vbicq_m_n_s16(__a,  __imm, __p)
 234:/opt/st/stm32cubeide_2.1.1/plugins/com.st.stm32cube.ide.mcu.externaltools.gnu-tools-for-stm32.14.3.rel1.linux64_1.0.100.202602081740/tools/lib/gcc/arm-none-eabi/14.3.1/include/arm_mve.h **** #define vbicq_m_n_s32(__a,  __imm, __p) __arm_vbicq_m_n_s32(__a,  __imm, __p)
 235:/opt/st/stm32cubeide_2.1.1/plugins/com.st.stm32cube.ide.mcu.externaltools.gnu-tools-for-stm32.14.3.rel1.linux64_1.0.100.202602081740/tools/lib/gcc/arm-none-eabi/14.3.1/include/arm_mve.h **** #define vbicq_m_n_u16(__a,  __imm, __p) __arm_vbicq_m_n_u16(__a,  __imm, __p)
 236:/opt/st/stm32cubeide_2.1.1/plugins/com.st.stm32cube.ide.mcu.externaltools.gnu-tools-for-stm32.14.3.rel1.linux64_1.0.100.202602081740/tools/lib/gcc/arm-none-eabi/14.3.1/include/arm_mve.h **** #define vbicq_m_n_u32(__a,  __imm, __p) __arm_vbicq_m_n_u32(__a,  __imm, __p)
 237:/opt/st/stm32cubeide_2.1.1/plugins/com.st.stm32cube.ide.mcu.externaltools.gnu-tools-for-stm32.14.3.rel1.linux64_1.0.100.202602081740/tools/lib/gcc/arm-none-eabi/14.3.1/include/arm_mve.h **** #define vcvtaq_m_s16_f16(__inactive, __a, __p) __arm_vcvtaq_m_s16_f16(__inactive, __a, __p)
 238:/opt/st/stm32cubeide_2.1.1/plugins/com.st.stm32cube.ide.mcu.externaltools.gnu-tools-for-stm32.14.3.rel1.linux64_1.0.100.202602081740/tools/lib/gcc/arm-none-eabi/14.3.1/include/arm_mve.h **** #define vcvtaq_m_u16_f16(__inactive, __a, __p) __arm_vcvtaq_m_u16_f16(__inactive, __a, __p)
 239:/opt/st/stm32cubeide_2.1.1/plugins/com.st.stm32cube.ide.mcu.externaltools.gnu-tools-for-stm32.14.3.rel1.linux64_1.0.100.202602081740/tools/lib/gcc/arm-none-eabi/14.3.1/include/arm_mve.h **** #define vcvtaq_m_s32_f32(__inactive, __a, __p) __arm_vcvtaq_m_s32_f32(__inactive, __a, __p)
 240:/opt/st/stm32cubeide_2.1.1/plugins/com.st.stm32cube.ide.mcu.externaltools.gnu-tools-for-stm32.14.3.rel1.linux64_1.0.100.202602081740/tools/lib/gcc/arm-none-eabi/14.3.1/include/arm_mve.h **** #define vcvtaq_m_u32_f32(__inactive, __a, __p) __arm_vcvtaq_m_u32_f32(__inactive, __a, __p)
 241:/opt/st/stm32cubeide_2.1.1/plugins/com.st.stm32cube.ide.mcu.externaltools.gnu-tools-for-stm32.14.3.rel1.linux64_1.0.100.202602081740/tools/lib/gcc/arm-none-eabi/14.3.1/include/arm_mve.h **** #define vcvtq_m_f16_s16(__inactive, __a, __p) __arm_vcvtq_m_f16_s16(__inactive, __a, __p)
 242:/opt/st/stm32cubeide_2.1.1/plugins/com.st.stm32cube.ide.mcu.externaltools.gnu-tools-for-stm32.14.3.rel1.linux64_1.0.100.202602081740/tools/lib/gcc/arm-none-eabi/14.3.1/include/arm_mve.h **** #define vcvtq_m_f16_u16(__inactive, __a, __p) __arm_vcvtq_m_f16_u16(__inactive, __a, __p)
 243:/opt/st/stm32cubeide_2.1.1/plugins/com.st.stm32cube.ide.mcu.externaltools.gnu-tools-for-stm32.14.3.rel1.linux64_1.0.100.202602081740/tools/lib/gcc/arm-none-eabi/14.3.1/include/arm_mve.h **** #define vcvtq_m_f32_s32(__inactive, __a, __p) __arm_vcvtq_m_f32_s32(__inactive, __a, __p)
 244:/opt/st/stm32cubeide_2.1.1/plugins/com.st.stm32cube.ide.mcu.externaltools.gnu-tools-for-stm32.14.3.rel1.linux64_1.0.100.202602081740/tools/lib/gcc/arm-none-eabi/14.3.1/include/arm_mve.h **** #define vcvtq_m_f32_u32(__inactive, __a, __p) __arm_vcvtq_m_f32_u32(__inactive, __a, __p)
 245:/opt/st/stm32cubeide_2.1.1/plugins/com.st.stm32cube.ide.mcu.externaltools.gnu-tools-for-stm32.14.3.rel1.linux64_1.0.100.202602081740/tools/lib/gcc/arm-none-eabi/14.3.1/include/arm_mve.h **** #define vshlcq_s8(__a,  __b,  __imm) __arm_vshlcq_s8(__a,  __b,  __imm)
 246:/opt/st/stm32cubeide_2.1.1/plugins/com.st.stm32cube.ide.mcu.externaltools.gnu-tools-for-stm32.14.3.rel1.linux64_1.0.100.202602081740/tools/lib/gcc/arm-none-eabi/14.3.1/include/arm_mve.h **** #define vshlcq_u8(__a,  __b,  __imm) __arm_vshlcq_u8(__a,  __b,  __imm)
 247:/opt/st/stm32cubeide_2.1.1/plugins/com.st.stm32cube.ide.mcu.externaltools.gnu-tools-for-stm32.14.3.rel1.linux64_1.0.100.202602081740/tools/lib/gcc/arm-none-eabi/14.3.1/include/arm_mve.h **** #define vshlcq_s16(__a,  __b,  __imm) __arm_vshlcq_s16(__a,  __b,  __imm)
 248:/opt/st/stm32cubeide_2.1.1/plugins/com.st.stm32cube.ide.mcu.externaltools.gnu-tools-for-stm32.14.3.rel1.linux64_1.0.100.202602081740/tools/lib/gcc/arm-none-eabi/14.3.1/include/arm_mve.h **** #define vshlcq_u16(__a,  __b,  __imm) __arm_vshlcq_u16(__a,  __b,  __imm)
 249:/opt/st/stm32cubeide_2.1.1/plugins/com.st.stm32cube.ide.mcu.externaltools.gnu-tools-for-stm32.14.3.rel1.linux64_1.0.100.202602081740/tools/lib/gcc/arm-none-eabi/14.3.1/include/arm_mve.h **** #define vshlcq_s32(__a,  __b,  __imm) __arm_vshlcq_s32(__a,  __b,  __imm)
 250:/opt/st/stm32cubeide_2.1.1/plugins/com.st.stm32cube.ide.mcu.externaltools.gnu-tools-for-stm32.14.3.rel1.linux64_1.0.100.202602081740/tools/lib/gcc/arm-none-eabi/14.3.1/include/arm_mve.h **** #define vshlcq_u32(__a,  __b,  __imm) __arm_vshlcq_u32(__a,  __b,  __imm)
 251:/opt/st/stm32cubeide_2.1.1/plugins/com.st.stm32cube.ide.mcu.externaltools.gnu-tools-for-stm32.14.3.rel1.linux64_1.0.100.202602081740/tools/lib/gcc/arm-none-eabi/14.3.1/include/arm_mve.h **** #define vcvtbq_m_f16_f32(__a, __b, __p) __arm_vcvtbq_m_f16_f32(__a, __b, __p)
 252:/opt/st/stm32cubeide_2.1.1/plugins/com.st.stm32cube.ide.mcu.externaltools.gnu-tools-for-stm32.14.3.rel1.linux64_1.0.100.202602081740/tools/lib/gcc/arm-none-eabi/14.3.1/include/arm_mve.h **** #define vcvtbq_m_f32_f16(__inactive, __a, __p) __arm_vcvtbq_m_f32_f16(__inactive, __a, __p)
 253:/opt/st/stm32cubeide_2.1.1/plugins/com.st.stm32cube.ide.mcu.externaltools.gnu-tools-for-stm32.14.3.rel1.linux64_1.0.100.202602081740/tools/lib/gcc/arm-none-eabi/14.3.1/include/arm_mve.h **** #define vcvttq_m_f16_f32(__a, __b, __p) __arm_vcvttq_m_f16_f32(__a, __b, __p)
 254:/opt/st/stm32cubeide_2.1.1/plugins/com.st.stm32cube.ide.mcu.externaltools.gnu-tools-for-stm32.14.3.rel1.linux64_1.0.100.202602081740/tools/lib/gcc/arm-none-eabi/14.3.1/include/arm_mve.h **** #define vcvttq_m_f32_f16(__inactive, __a, __p) __arm_vcvttq_m_f32_f16(__inactive, __a, __p)
 255:/opt/st/stm32cubeide_2.1.1/plugins/com.st.stm32cube.ide.mcu.externaltools.gnu-tools-for-stm32.14.3.rel1.linux64_1.0.100.202602081740/tools/lib/gcc/arm-none-eabi/14.3.1/include/arm_mve.h **** #define vcvtmq_m_s16_f16(__inactive, __a, __p) __arm_vcvtmq_m_s16_f16(__inactive, __a, __p)
 256:/opt/st/stm32cubeide_2.1.1/plugins/com.st.stm32cube.ide.mcu.externaltools.gnu-tools-for-stm32.14.3.rel1.linux64_1.0.100.202602081740/tools/lib/gcc/arm-none-eabi/14.3.1/include/arm_mve.h **** #define vcvtnq_m_s16_f16(__inactive, __a, __p) __arm_vcvtnq_m_s16_f16(__inactive, __a, __p)
 257:/opt/st/stm32cubeide_2.1.1/plugins/com.st.stm32cube.ide.mcu.externaltools.gnu-tools-for-stm32.14.3.rel1.linux64_1.0.100.202602081740/tools/lib/gcc/arm-none-eabi/14.3.1/include/arm_mve.h **** #define vcvtpq_m_s16_f16(__inactive, __a, __p) __arm_vcvtpq_m_s16_f16(__inactive, __a, __p)
 258:/opt/st/stm32cubeide_2.1.1/plugins/com.st.stm32cube.ide.mcu.externaltools.gnu-tools-for-stm32.14.3.rel1.linux64_1.0.100.202602081740/tools/lib/gcc/arm-none-eabi/14.3.1/include/arm_mve.h **** #define vcvtq_m_s16_f16(__inactive, __a, __p) __arm_vcvtq_m_s16_f16(__inactive, __a, __p)
 259:/opt/st/stm32cubeide_2.1.1/plugins/com.st.stm32cube.ide.mcu.externaltools.gnu-tools-for-stm32.14.3.rel1.linux64_1.0.100.202602081740/tools/lib/gcc/arm-none-eabi/14.3.1/include/arm_mve.h **** #define vcvtmq_m_u16_f16(__inactive, __a, __p) __arm_vcvtmq_m_u16_f16(__inactive, __a, __p)
 260:/opt/st/stm32cubeide_2.1.1/plugins/com.st.stm32cube.ide.mcu.externaltools.gnu-tools-for-stm32.14.3.rel1.linux64_1.0.100.202602081740/tools/lib/gcc/arm-none-eabi/14.3.1/include/arm_mve.h **** #define vcvtnq_m_u16_f16(__inactive, __a, __p) __arm_vcvtnq_m_u16_f16(__inactive, __a, __p)
 261:/opt/st/stm32cubeide_2.1.1/plugins/com.st.stm32cube.ide.mcu.externaltools.gnu-tools-for-stm32.14.3.rel1.linux64_1.0.100.202602081740/tools/lib/gcc/arm-none-eabi/14.3.1/include/arm_mve.h **** #define vcvtpq_m_u16_f16(__inactive, __a, __p) __arm_vcvtpq_m_u16_f16(__inactive, __a, __p)
 262:/opt/st/stm32cubeide_2.1.1/plugins/com.st.stm32cube.ide.mcu.externaltools.gnu-tools-for-stm32.14.3.rel1.linux64_1.0.100.202602081740/tools/lib/gcc/arm-none-eabi/14.3.1/include/arm_mve.h **** #define vcvtq_m_u16_f16(__inactive, __a, __p) __arm_vcvtq_m_u16_f16(__inactive, __a, __p)
 263:/opt/st/stm32cubeide_2.1.1/plugins/com.st.stm32cube.ide.mcu.externaltools.gnu-tools-for-stm32.14.3.rel1.linux64_1.0.100.202602081740/tools/lib/gcc/arm-none-eabi/14.3.1/include/arm_mve.h **** #define vcvtmq_m_s32_f32(__inactive, __a, __p) __arm_vcvtmq_m_s32_f32(__inactive, __a, __p)
 264:/opt/st/stm32cubeide_2.1.1/plugins/com.st.stm32cube.ide.mcu.externaltools.gnu-tools-for-stm32.14.3.rel1.linux64_1.0.100.202602081740/tools/lib/gcc/arm-none-eabi/14.3.1/include/arm_mve.h **** #define vcvtnq_m_s32_f32(__inactive, __a, __p) __arm_vcvtnq_m_s32_f32(__inactive, __a, __p)
 265:/opt/st/stm32cubeide_2.1.1/plugins/com.st.stm32cube.ide.mcu.externaltools.gnu-tools-for-stm32.14.3.rel1.linux64_1.0.100.202602081740/tools/lib/gcc/arm-none-eabi/14.3.1/include/arm_mve.h **** #define vcvtpq_m_s32_f32(__inactive, __a, __p) __arm_vcvtpq_m_s32_f32(__inactive, __a, __p)
 266:/opt/st/stm32cubeide_2.1.1/plugins/com.st.stm32cube.ide.mcu.externaltools.gnu-tools-for-stm32.14.3.rel1.linux64_1.0.100.202602081740/tools/lib/gcc/arm-none-eabi/14.3.1/include/arm_mve.h **** #define vcvtq_m_s32_f32(__inactive, __a, __p) __arm_vcvtq_m_s32_f32(__inactive, __a, __p)
 267:/opt/st/stm32cubeide_2.1.1/plugins/com.st.stm32cube.ide.mcu.externaltools.gnu-tools-for-stm32.14.3.rel1.linux64_1.0.100.202602081740/tools/lib/gcc/arm-none-eabi/14.3.1/include/arm_mve.h **** #define vcvtmq_m_u32_f32(__inactive, __a, __p) __arm_vcvtmq_m_u32_f32(__inactive, __a, __p)
 268:/opt/st/stm32cubeide_2.1.1/plugins/com.st.stm32cube.ide.mcu.externaltools.gnu-tools-for-stm32.14.3.rel1.linux64_1.0.100.202602081740/tools/lib/gcc/arm-none-eabi/14.3.1/include/arm_mve.h **** #define vcvtnq_m_u32_f32(__inactive, __a, __p) __arm_vcvtnq_m_u32_f32(__inactive, __a, __p)
 269:/opt/st/stm32cubeide_2.1.1/plugins/com.st.stm32cube.ide.mcu.externaltools.gnu-tools-for-stm32.14.3.rel1.linux64_1.0.100.202602081740/tools/lib/gcc/arm-none-eabi/14.3.1/include/arm_mve.h **** #define vcvtpq_m_u32_f32(__inactive, __a, __p) __arm_vcvtpq_m_u32_f32(__inactive, __a, __p)
 270:/opt/st/stm32cubeide_2.1.1/plugins/com.st.stm32cube.ide.mcu.externaltools.gnu-tools-for-stm32.14.3.rel1.linux64_1.0.100.202602081740/tools/lib/gcc/arm-none-eabi/14.3.1/include/arm_mve.h **** #define vcvtq_m_u32_f32(__inactive, __a, __p) __arm_vcvtq_m_u32_f32(__inactive, __a, __p)
 271:/opt/st/stm32cubeide_2.1.1/plugins/com.st.stm32cube.ide.mcu.externaltools.gnu-tools-for-stm32.14.3.rel1.linux64_1.0.100.202602081740/tools/lib/gcc/arm-none-eabi/14.3.1/include/arm_mve.h **** #define vcvtq_m_n_f16_u16(__inactive, __a,  __imm6, __p) __arm_vcvtq_m_n_f16_u16(__inactive, __a,  
 272:/opt/st/stm32cubeide_2.1.1/plugins/com.st.stm32cube.ide.mcu.externaltools.gnu-tools-for-stm32.14.3.rel1.linux64_1.0.100.202602081740/tools/lib/gcc/arm-none-eabi/14.3.1/include/arm_mve.h **** #define vcvtq_m_n_f16_s16(__inactive, __a,  __imm6, __p) __arm_vcvtq_m_n_f16_s16(__inactive, __a,  
 273:/opt/st/stm32cubeide_2.1.1/plugins/com.st.stm32cube.ide.mcu.externaltools.gnu-tools-for-stm32.14.3.rel1.linux64_1.0.100.202602081740/tools/lib/gcc/arm-none-eabi/14.3.1/include/arm_mve.h **** #define vcvtq_m_n_f32_u32(__inactive, __a,  __imm6, __p) __arm_vcvtq_m_n_f32_u32(__inactive, __a,  
 274:/opt/st/stm32cubeide_2.1.1/plugins/com.st.stm32cube.ide.mcu.externaltools.gnu-tools-for-stm32.14.3.rel1.linux64_1.0.100.202602081740/tools/lib/gcc/arm-none-eabi/14.3.1/include/arm_mve.h **** #define vcvtq_m_n_f32_s32(__inactive, __a,  __imm6, __p) __arm_vcvtq_m_n_f32_s32(__inactive, __a,  
 275:/opt/st/stm32cubeide_2.1.1/plugins/com.st.stm32cube.ide.mcu.externaltools.gnu-tools-for-stm32.14.3.rel1.linux64_1.0.100.202602081740/tools/lib/gcc/arm-none-eabi/14.3.1/include/arm_mve.h **** #define vbicq_m_s8(__inactive, __a, __b, __p) __arm_vbicq_m_s8(__inactive, __a, __b, __p)
 276:/opt/st/stm32cubeide_2.1.1/plugins/com.st.stm32cube.ide.mcu.externaltools.gnu-tools-for-stm32.14.3.rel1.linux64_1.0.100.202602081740/tools/lib/gcc/arm-none-eabi/14.3.1/include/arm_mve.h **** #define vbicq_m_s32(__inactive, __a, __b, __p) __arm_vbicq_m_s32(__inactive, __a, __b, __p)
 277:/opt/st/stm32cubeide_2.1.1/plugins/com.st.stm32cube.ide.mcu.externaltools.gnu-tools-for-stm32.14.3.rel1.linux64_1.0.100.202602081740/tools/lib/gcc/arm-none-eabi/14.3.1/include/arm_mve.h **** #define vbicq_m_s16(__inactive, __a, __b, __p) __arm_vbicq_m_s16(__inactive, __a, __b, __p)
 278:/opt/st/stm32cubeide_2.1.1/plugins/com.st.stm32cube.ide.mcu.externaltools.gnu-tools-for-stm32.14.3.rel1.linux64_1.0.100.202602081740/tools/lib/gcc/arm-none-eabi/14.3.1/include/arm_mve.h **** #define vbicq_m_u8(__inactive, __a, __b, __p) __arm_vbicq_m_u8(__inactive, __a, __b, __p)
 279:/opt/st/stm32cubeide_2.1.1/plugins/com.st.stm32cube.ide.mcu.externaltools.gnu-tools-for-stm32.14.3.rel1.linux64_1.0.100.202602081740/tools/lib/gcc/arm-none-eabi/14.3.1/include/arm_mve.h **** #define vbicq_m_u32(__inactive, __a, __b, __p) __arm_vbicq_m_u32(__inactive, __a, __b, __p)
 280:/opt/st/stm32cubeide_2.1.1/plugins/com.st.stm32cube.ide.mcu.externaltools.gnu-tools-for-stm32.14.3.rel1.linux64_1.0.100.202602081740/tools/lib/gcc/arm-none-eabi/14.3.1/include/arm_mve.h **** #define vbicq_m_u16(__inactive, __a, __b, __p) __arm_vbicq_m_u16(__inactive, __a, __b, __p)
ARM GAS  /tmp/ccS31Hxi.s 			page 9


 281:/opt/st/stm32cubeide_2.1.1/plugins/com.st.stm32cube.ide.mcu.externaltools.gnu-tools-for-stm32.14.3.rel1.linux64_1.0.100.202602081740/tools/lib/gcc/arm-none-eabi/14.3.1/include/arm_mve.h **** #define vornq_m_s8(__inactive, __a, __b, __p) __arm_vornq_m_s8(__inactive, __a, __b, __p)
 282:/opt/st/stm32cubeide_2.1.1/plugins/com.st.stm32cube.ide.mcu.externaltools.gnu-tools-for-stm32.14.3.rel1.linux64_1.0.100.202602081740/tools/lib/gcc/arm-none-eabi/14.3.1/include/arm_mve.h **** #define vornq_m_s32(__inactive, __a, __b, __p) __arm_vornq_m_s32(__inactive, __a, __b, __p)
 283:/opt/st/stm32cubeide_2.1.1/plugins/com.st.stm32cube.ide.mcu.externaltools.gnu-tools-for-stm32.14.3.rel1.linux64_1.0.100.202602081740/tools/lib/gcc/arm-none-eabi/14.3.1/include/arm_mve.h **** #define vornq_m_s16(__inactive, __a, __b, __p) __arm_vornq_m_s16(__inactive, __a, __b, __p)
 284:/opt/st/stm32cubeide_2.1.1/plugins/com.st.stm32cube.ide.mcu.externaltools.gnu-tools-for-stm32.14.3.rel1.linux64_1.0.100.202602081740/tools/lib/gcc/arm-none-eabi/14.3.1/include/arm_mve.h **** #define vornq_m_u8(__inactive, __a, __b, __p) __arm_vornq_m_u8(__inactive, __a, __b, __p)
 285:/opt/st/stm32cubeide_2.1.1/plugins/com.st.stm32cube.ide.mcu.externaltools.gnu-tools-for-stm32.14.3.rel1.linux64_1.0.100.202602081740/tools/lib/gcc/arm-none-eabi/14.3.1/include/arm_mve.h **** #define vornq_m_u32(__inactive, __a, __b, __p) __arm_vornq_m_u32(__inactive, __a, __b, __p)
 286:/opt/st/stm32cubeide_2.1.1/plugins/com.st.stm32cube.ide.mcu.externaltools.gnu-tools-for-stm32.14.3.rel1.linux64_1.0.100.202602081740/tools/lib/gcc/arm-none-eabi/14.3.1/include/arm_mve.h **** #define vornq_m_u16(__inactive, __a, __b, __p) __arm_vornq_m_u16(__inactive, __a, __b, __p)
 287:/opt/st/stm32cubeide_2.1.1/plugins/com.st.stm32cube.ide.mcu.externaltools.gnu-tools-for-stm32.14.3.rel1.linux64_1.0.100.202602081740/tools/lib/gcc/arm-none-eabi/14.3.1/include/arm_mve.h **** #define vbicq_m_f32(__inactive, __a, __b, __p) __arm_vbicq_m_f32(__inactive, __a, __b, __p)
 288:/opt/st/stm32cubeide_2.1.1/plugins/com.st.stm32cube.ide.mcu.externaltools.gnu-tools-for-stm32.14.3.rel1.linux64_1.0.100.202602081740/tools/lib/gcc/arm-none-eabi/14.3.1/include/arm_mve.h **** #define vbicq_m_f16(__inactive, __a, __b, __p) __arm_vbicq_m_f16(__inactive, __a, __b, __p)
 289:/opt/st/stm32cubeide_2.1.1/plugins/com.st.stm32cube.ide.mcu.externaltools.gnu-tools-for-stm32.14.3.rel1.linux64_1.0.100.202602081740/tools/lib/gcc/arm-none-eabi/14.3.1/include/arm_mve.h **** #define vcvtq_m_n_s32_f32(__inactive, __a,  __imm6, __p) __arm_vcvtq_m_n_s32_f32(__inactive, __a,  
 290:/opt/st/stm32cubeide_2.1.1/plugins/com.st.stm32cube.ide.mcu.externaltools.gnu-tools-for-stm32.14.3.rel1.linux64_1.0.100.202602081740/tools/lib/gcc/arm-none-eabi/14.3.1/include/arm_mve.h **** #define vcvtq_m_n_s16_f16(__inactive, __a,  __imm6, __p) __arm_vcvtq_m_n_s16_f16(__inactive, __a,  
 291:/opt/st/stm32cubeide_2.1.1/plugins/com.st.stm32cube.ide.mcu.externaltools.gnu-tools-for-stm32.14.3.rel1.linux64_1.0.100.202602081740/tools/lib/gcc/arm-none-eabi/14.3.1/include/arm_mve.h **** #define vcvtq_m_n_u32_f32(__inactive, __a,  __imm6, __p) __arm_vcvtq_m_n_u32_f32(__inactive, __a,  
 292:/opt/st/stm32cubeide_2.1.1/plugins/com.st.stm32cube.ide.mcu.externaltools.gnu-tools-for-stm32.14.3.rel1.linux64_1.0.100.202602081740/tools/lib/gcc/arm-none-eabi/14.3.1/include/arm_mve.h **** #define vcvtq_m_n_u16_f16(__inactive, __a,  __imm6, __p) __arm_vcvtq_m_n_u16_f16(__inactive, __a,  
 293:/opt/st/stm32cubeide_2.1.1/plugins/com.st.stm32cube.ide.mcu.externaltools.gnu-tools-for-stm32.14.3.rel1.linux64_1.0.100.202602081740/tools/lib/gcc/arm-none-eabi/14.3.1/include/arm_mve.h **** #define vornq_m_f32(__inactive, __a, __b, __p) __arm_vornq_m_f32(__inactive, __a, __b, __p)
 294:/opt/st/stm32cubeide_2.1.1/plugins/com.st.stm32cube.ide.mcu.externaltools.gnu-tools-for-stm32.14.3.rel1.linux64_1.0.100.202602081740/tools/lib/gcc/arm-none-eabi/14.3.1/include/arm_mve.h **** #define vornq_m_f16(__inactive, __a, __b, __p) __arm_vornq_m_f16(__inactive, __a, __b, __p)
 295:/opt/st/stm32cubeide_2.1.1/plugins/com.st.stm32cube.ide.mcu.externaltools.gnu-tools-for-stm32.14.3.rel1.linux64_1.0.100.202602081740/tools/lib/gcc/arm-none-eabi/14.3.1/include/arm_mve.h **** #define vstrbq_s8( __addr, __value) __arm_vstrbq_s8( __addr, __value)
 296:/opt/st/stm32cubeide_2.1.1/plugins/com.st.stm32cube.ide.mcu.externaltools.gnu-tools-for-stm32.14.3.rel1.linux64_1.0.100.202602081740/tools/lib/gcc/arm-none-eabi/14.3.1/include/arm_mve.h **** #define vstrbq_u8( __addr, __value) __arm_vstrbq_u8( __addr, __value)
 297:/opt/st/stm32cubeide_2.1.1/plugins/com.st.stm32cube.ide.mcu.externaltools.gnu-tools-for-stm32.14.3.rel1.linux64_1.0.100.202602081740/tools/lib/gcc/arm-none-eabi/14.3.1/include/arm_mve.h **** #define vstrbq_u16( __addr, __value) __arm_vstrbq_u16( __addr, __value)
 298:/opt/st/stm32cubeide_2.1.1/plugins/com.st.stm32cube.ide.mcu.externaltools.gnu-tools-for-stm32.14.3.rel1.linux64_1.0.100.202602081740/tools/lib/gcc/arm-none-eabi/14.3.1/include/arm_mve.h **** #define vstrbq_scatter_offset_s8( __base, __offset, __value) __arm_vstrbq_scatter_offset_s8( __base
 299:/opt/st/stm32cubeide_2.1.1/plugins/com.st.stm32cube.ide.mcu.externaltools.gnu-tools-for-stm32.14.3.rel1.linux64_1.0.100.202602081740/tools/lib/gcc/arm-none-eabi/14.3.1/include/arm_mve.h **** #define vstrbq_scatter_offset_u8( __base, __offset, __value) __arm_vstrbq_scatter_offset_u8( __base
 300:/opt/st/stm32cubeide_2.1.1/plugins/com.st.stm32cube.ide.mcu.externaltools.gnu-tools-for-stm32.14.3.rel1.linux64_1.0.100.202602081740/tools/lib/gcc/arm-none-eabi/14.3.1/include/arm_mve.h **** #define vstrbq_scatter_offset_u16( __base, __offset, __value) __arm_vstrbq_scatter_offset_u16( __ba
 301:/opt/st/stm32cubeide_2.1.1/plugins/com.st.stm32cube.ide.mcu.externaltools.gnu-tools-for-stm32.14.3.rel1.linux64_1.0.100.202602081740/tools/lib/gcc/arm-none-eabi/14.3.1/include/arm_mve.h **** #define vstrbq_s16( __addr, __value) __arm_vstrbq_s16( __addr, __value)
 302:/opt/st/stm32cubeide_2.1.1/plugins/com.st.stm32cube.ide.mcu.externaltools.gnu-tools-for-stm32.14.3.rel1.linux64_1.0.100.202602081740/tools/lib/gcc/arm-none-eabi/14.3.1/include/arm_mve.h **** #define vstrbq_u32( __addr, __value) __arm_vstrbq_u32( __addr, __value)
 303:/opt/st/stm32cubeide_2.1.1/plugins/com.st.stm32cube.ide.mcu.externaltools.gnu-tools-for-stm32.14.3.rel1.linux64_1.0.100.202602081740/tools/lib/gcc/arm-none-eabi/14.3.1/include/arm_mve.h **** #define vstrbq_scatter_offset_s16( __base, __offset, __value) __arm_vstrbq_scatter_offset_s16( __ba
 304:/opt/st/stm32cubeide_2.1.1/plugins/com.st.stm32cube.ide.mcu.externaltools.gnu-tools-for-stm32.14.3.rel1.linux64_1.0.100.202602081740/tools/lib/gcc/arm-none-eabi/14.3.1/include/arm_mve.h **** #define vstrbq_scatter_offset_u32( __base, __offset, __value) __arm_vstrbq_scatter_offset_u32( __ba
 305:/opt/st/stm32cubeide_2.1.1/plugins/com.st.stm32cube.ide.mcu.externaltools.gnu-tools-for-stm32.14.3.rel1.linux64_1.0.100.202602081740/tools/lib/gcc/arm-none-eabi/14.3.1/include/arm_mve.h **** #define vstrbq_s32( __addr, __value) __arm_vstrbq_s32( __addr, __value)
 306:/opt/st/stm32cubeide_2.1.1/plugins/com.st.stm32cube.ide.mcu.externaltools.gnu-tools-for-stm32.14.3.rel1.linux64_1.0.100.202602081740/tools/lib/gcc/arm-none-eabi/14.3.1/include/arm_mve.h **** #define vstrbq_scatter_offset_s32( __base, __offset, __value) __arm_vstrbq_scatter_offset_s32( __ba
 307:/opt/st/stm32cubeide_2.1.1/plugins/com.st.stm32cube.ide.mcu.externaltools.gnu-tools-for-stm32.14.3.rel1.linux64_1.0.100.202602081740/tools/lib/gcc/arm-none-eabi/14.3.1/include/arm_mve.h **** #define vstrwq_scatter_base_s32(__addr,  __offset, __value) __arm_vstrwq_scatter_base_s32(__addr,  
 308:/opt/st/stm32cubeide_2.1.1/plugins/com.st.stm32cube.ide.mcu.externaltools.gnu-tools-for-stm32.14.3.rel1.linux64_1.0.100.202602081740/tools/lib/gcc/arm-none-eabi/14.3.1/include/arm_mve.h **** #define vstrwq_scatter_base_u32(__addr,  __offset, __value) __arm_vstrwq_scatter_base_u32(__addr,  
 309:/opt/st/stm32cubeide_2.1.1/plugins/com.st.stm32cube.ide.mcu.externaltools.gnu-tools-for-stm32.14.3.rel1.linux64_1.0.100.202602081740/tools/lib/gcc/arm-none-eabi/14.3.1/include/arm_mve.h **** #define vldrbq_gather_offset_u8(__base, __offset) __arm_vldrbq_gather_offset_u8(__base, __offset)
 310:/opt/st/stm32cubeide_2.1.1/plugins/com.st.stm32cube.ide.mcu.externaltools.gnu-tools-for-stm32.14.3.rel1.linux64_1.0.100.202602081740/tools/lib/gcc/arm-none-eabi/14.3.1/include/arm_mve.h **** #define vldrbq_gather_offset_s8(__base, __offset) __arm_vldrbq_gather_offset_s8(__base, __offset)
 311:/opt/st/stm32cubeide_2.1.1/plugins/com.st.stm32cube.ide.mcu.externaltools.gnu-tools-for-stm32.14.3.rel1.linux64_1.0.100.202602081740/tools/lib/gcc/arm-none-eabi/14.3.1/include/arm_mve.h **** #define vldrbq_s8(__base) __arm_vldrbq_s8(__base)
 312:/opt/st/stm32cubeide_2.1.1/plugins/com.st.stm32cube.ide.mcu.externaltools.gnu-tools-for-stm32.14.3.rel1.linux64_1.0.100.202602081740/tools/lib/gcc/arm-none-eabi/14.3.1/include/arm_mve.h **** #define vldrbq_u8(__base) __arm_vldrbq_u8(__base)
 313:/opt/st/stm32cubeide_2.1.1/plugins/com.st.stm32cube.ide.mcu.externaltools.gnu-tools-for-stm32.14.3.rel1.linux64_1.0.100.202602081740/tools/lib/gcc/arm-none-eabi/14.3.1/include/arm_mve.h **** #define vldrbq_gather_offset_u16(__base, __offset) __arm_vldrbq_gather_offset_u16(__base, __offset)
 314:/opt/st/stm32cubeide_2.1.1/plugins/com.st.stm32cube.ide.mcu.externaltools.gnu-tools-for-stm32.14.3.rel1.linux64_1.0.100.202602081740/tools/lib/gcc/arm-none-eabi/14.3.1/include/arm_mve.h **** #define vldrbq_gather_offset_s16(__base, __offset) __arm_vldrbq_gather_offset_s16(__base, __offset)
 315:/opt/st/stm32cubeide_2.1.1/plugins/com.st.stm32cube.ide.mcu.externaltools.gnu-tools-for-stm32.14.3.rel1.linux64_1.0.100.202602081740/tools/lib/gcc/arm-none-eabi/14.3.1/include/arm_mve.h **** #define vldrbq_s16(__base) __arm_vldrbq_s16(__base)
 316:/opt/st/stm32cubeide_2.1.1/plugins/com.st.stm32cube.ide.mcu.externaltools.gnu-tools-for-stm32.14.3.rel1.linux64_1.0.100.202602081740/tools/lib/gcc/arm-none-eabi/14.3.1/include/arm_mve.h **** #define vldrbq_u16(__base) __arm_vldrbq_u16(__base)
 317:/opt/st/stm32cubeide_2.1.1/plugins/com.st.stm32cube.ide.mcu.externaltools.gnu-tools-for-stm32.14.3.rel1.linux64_1.0.100.202602081740/tools/lib/gcc/arm-none-eabi/14.3.1/include/arm_mve.h **** #define vldrbq_gather_offset_u32(__base, __offset) __arm_vldrbq_gather_offset_u32(__base, __offset)
 318:/opt/st/stm32cubeide_2.1.1/plugins/com.st.stm32cube.ide.mcu.externaltools.gnu-tools-for-stm32.14.3.rel1.linux64_1.0.100.202602081740/tools/lib/gcc/arm-none-eabi/14.3.1/include/arm_mve.h **** #define vldrbq_gather_offset_s32(__base, __offset) __arm_vldrbq_gather_offset_s32(__base, __offset)
 319:/opt/st/stm32cubeide_2.1.1/plugins/com.st.stm32cube.ide.mcu.externaltools.gnu-tools-for-stm32.14.3.rel1.linux64_1.0.100.202602081740/tools/lib/gcc/arm-none-eabi/14.3.1/include/arm_mve.h **** #define vldrbq_s32(__base) __arm_vldrbq_s32(__base)
 320:/opt/st/stm32cubeide_2.1.1/plugins/com.st.stm32cube.ide.mcu.externaltools.gnu-tools-for-stm32.14.3.rel1.linux64_1.0.100.202602081740/tools/lib/gcc/arm-none-eabi/14.3.1/include/arm_mve.h **** #define vldrbq_u32(__base) __arm_vldrbq_u32(__base)
 321:/opt/st/stm32cubeide_2.1.1/plugins/com.st.stm32cube.ide.mcu.externaltools.gnu-tools-for-stm32.14.3.rel1.linux64_1.0.100.202602081740/tools/lib/gcc/arm-none-eabi/14.3.1/include/arm_mve.h **** #define vldrwq_gather_base_s32(__addr,  __offset) __arm_vldrwq_gather_base_s32(__addr,  __offset)
 322:/opt/st/stm32cubeide_2.1.1/plugins/com.st.stm32cube.ide.mcu.externaltools.gnu-tools-for-stm32.14.3.rel1.linux64_1.0.100.202602081740/tools/lib/gcc/arm-none-eabi/14.3.1/include/arm_mve.h **** #define vldrwq_gather_base_u32(__addr,  __offset) __arm_vldrwq_gather_base_u32(__addr,  __offset)
 323:/opt/st/stm32cubeide_2.1.1/plugins/com.st.stm32cube.ide.mcu.externaltools.gnu-tools-for-stm32.14.3.rel1.linux64_1.0.100.202602081740/tools/lib/gcc/arm-none-eabi/14.3.1/include/arm_mve.h **** #define vstrbq_p_s8( __addr, __value, __p) __arm_vstrbq_p_s8( __addr, __value, __p)
 324:/opt/st/stm32cubeide_2.1.1/plugins/com.st.stm32cube.ide.mcu.externaltools.gnu-tools-for-stm32.14.3.rel1.linux64_1.0.100.202602081740/tools/lib/gcc/arm-none-eabi/14.3.1/include/arm_mve.h **** #define vstrbq_p_s32( __addr, __value, __p) __arm_vstrbq_p_s32( __addr, __value, __p)
 325:/opt/st/stm32cubeide_2.1.1/plugins/com.st.stm32cube.ide.mcu.externaltools.gnu-tools-for-stm32.14.3.rel1.linux64_1.0.100.202602081740/tools/lib/gcc/arm-none-eabi/14.3.1/include/arm_mve.h **** #define vstrbq_p_s16( __addr, __value, __p) __arm_vstrbq_p_s16( __addr, __value, __p)
 326:/opt/st/stm32cubeide_2.1.1/plugins/com.st.stm32cube.ide.mcu.externaltools.gnu-tools-for-stm32.14.3.rel1.linux64_1.0.100.202602081740/tools/lib/gcc/arm-none-eabi/14.3.1/include/arm_mve.h **** #define vstrbq_p_u8( __addr, __value, __p) __arm_vstrbq_p_u8( __addr, __value, __p)
 327:/opt/st/stm32cubeide_2.1.1/plugins/com.st.stm32cube.ide.mcu.externaltools.gnu-tools-for-stm32.14.3.rel1.linux64_1.0.100.202602081740/tools/lib/gcc/arm-none-eabi/14.3.1/include/arm_mve.h **** #define vstrbq_p_u32( __addr, __value, __p) __arm_vstrbq_p_u32( __addr, __value, __p)
 328:/opt/st/stm32cubeide_2.1.1/plugins/com.st.stm32cube.ide.mcu.externaltools.gnu-tools-for-stm32.14.3.rel1.linux64_1.0.100.202602081740/tools/lib/gcc/arm-none-eabi/14.3.1/include/arm_mve.h **** #define vstrbq_p_u16( __addr, __value, __p) __arm_vstrbq_p_u16( __addr, __value, __p)
 329:/opt/st/stm32cubeide_2.1.1/plugins/com.st.stm32cube.ide.mcu.externaltools.gnu-tools-for-stm32.14.3.rel1.linux64_1.0.100.202602081740/tools/lib/gcc/arm-none-eabi/14.3.1/include/arm_mve.h **** #define vstrbq_scatter_offset_p_s8( __base, __offset, __value, __p) __arm_vstrbq_scatter_offset_p_s
 330:/opt/st/stm32cubeide_2.1.1/plugins/com.st.stm32cube.ide.mcu.externaltools.gnu-tools-for-stm32.14.3.rel1.linux64_1.0.100.202602081740/tools/lib/gcc/arm-none-eabi/14.3.1/include/arm_mve.h **** #define vstrbq_scatter_offset_p_s32( __base, __offset, __value, __p) __arm_vstrbq_scatter_offset_p_
 331:/opt/st/stm32cubeide_2.1.1/plugins/com.st.stm32cube.ide.mcu.externaltools.gnu-tools-for-stm32.14.3.rel1.linux64_1.0.100.202602081740/tools/lib/gcc/arm-none-eabi/14.3.1/include/arm_mve.h **** #define vstrbq_scatter_offset_p_s16( __base, __offset, __value, __p) __arm_vstrbq_scatter_offset_p_
 332:/opt/st/stm32cubeide_2.1.1/plugins/com.st.stm32cube.ide.mcu.externaltools.gnu-tools-for-stm32.14.3.rel1.linux64_1.0.100.202602081740/tools/lib/gcc/arm-none-eabi/14.3.1/include/arm_mve.h **** #define vstrbq_scatter_offset_p_u8( __base, __offset, __value, __p) __arm_vstrbq_scatter_offset_p_u
 333:/opt/st/stm32cubeide_2.1.1/plugins/com.st.stm32cube.ide.mcu.externaltools.gnu-tools-for-stm32.14.3.rel1.linux64_1.0.100.202602081740/tools/lib/gcc/arm-none-eabi/14.3.1/include/arm_mve.h **** #define vstrbq_scatter_offset_p_u32( __base, __offset, __value, __p) __arm_vstrbq_scatter_offset_p_
 334:/opt/st/stm32cubeide_2.1.1/plugins/com.st.stm32cube.ide.mcu.externaltools.gnu-tools-for-stm32.14.3.rel1.linux64_1.0.100.202602081740/tools/lib/gcc/arm-none-eabi/14.3.1/include/arm_mve.h **** #define vstrbq_scatter_offset_p_u16( __base, __offset, __value, __p) __arm_vstrbq_scatter_offset_p_
 335:/opt/st/stm32cubeide_2.1.1/plugins/com.st.stm32cube.ide.mcu.externaltools.gnu-tools-for-stm32.14.3.rel1.linux64_1.0.100.202602081740/tools/lib/gcc/arm-none-eabi/14.3.1/include/arm_mve.h **** #define vstrwq_scatter_base_p_s32(__addr,  __offset, __value, __p) __arm_vstrwq_scatter_base_p_s32(
 336:/opt/st/stm32cubeide_2.1.1/plugins/com.st.stm32cube.ide.mcu.externaltools.gnu-tools-for-stm32.14.3.rel1.linux64_1.0.100.202602081740/tools/lib/gcc/arm-none-eabi/14.3.1/include/arm_mve.h **** #define vstrwq_scatter_base_p_u32(__addr,  __offset, __value, __p) __arm_vstrwq_scatter_base_p_u32(
 337:/opt/st/stm32cubeide_2.1.1/plugins/com.st.stm32cube.ide.mcu.externaltools.gnu-tools-for-stm32.14.3.rel1.linux64_1.0.100.202602081740/tools/lib/gcc/arm-none-eabi/14.3.1/include/arm_mve.h **** #define vldrbq_gather_offset_z_s16(__base, __offset, __p) __arm_vldrbq_gather_offset_z_s16(__base, 
ARM GAS  /tmp/ccS31Hxi.s 			page 10


 338:/opt/st/stm32cubeide_2.1.1/plugins/com.st.stm32cube.ide.mcu.externaltools.gnu-tools-for-stm32.14.3.rel1.linux64_1.0.100.202602081740/tools/lib/gcc/arm-none-eabi/14.3.1/include/arm_mve.h **** #define vldrbq_gather_offset_z_u8(__base, __offset, __p) __arm_vldrbq_gather_offset_z_u8(__base, __
 339:/opt/st/stm32cubeide_2.1.1/plugins/com.st.stm32cube.ide.mcu.externaltools.gnu-tools-for-stm32.14.3.rel1.linux64_1.0.100.202602081740/tools/lib/gcc/arm-none-eabi/14.3.1/include/arm_mve.h **** #define vldrbq_gather_offset_z_s32(__base, __offset, __p) __arm_vldrbq_gather_offset_z_s32(__base, 
 340:/opt/st/stm32cubeide_2.1.1/plugins/com.st.stm32cube.ide.mcu.externaltools.gnu-tools-for-stm32.14.3.rel1.linux64_1.0.100.202602081740/tools/lib/gcc/arm-none-eabi/14.3.1/include/arm_mve.h **** #define vldrbq_gather_offset_z_u16(__base, __offset, __p) __arm_vldrbq_gather_offset_z_u16(__base, 
 341:/opt/st/stm32cubeide_2.1.1/plugins/com.st.stm32cube.ide.mcu.externaltools.gnu-tools-for-stm32.14.3.rel1.linux64_1.0.100.202602081740/tools/lib/gcc/arm-none-eabi/14.3.1/include/arm_mve.h **** #define vldrbq_gather_offset_z_u32(__base, __offset, __p) __arm_vldrbq_gather_offset_z_u32(__base, 
 342:/opt/st/stm32cubeide_2.1.1/plugins/com.st.stm32cube.ide.mcu.externaltools.gnu-tools-for-stm32.14.3.rel1.linux64_1.0.100.202602081740/tools/lib/gcc/arm-none-eabi/14.3.1/include/arm_mve.h **** #define vldrbq_gather_offset_z_s8(__base, __offset, __p) __arm_vldrbq_gather_offset_z_s8(__base, __
 343:/opt/st/stm32cubeide_2.1.1/plugins/com.st.stm32cube.ide.mcu.externaltools.gnu-tools-for-stm32.14.3.rel1.linux64_1.0.100.202602081740/tools/lib/gcc/arm-none-eabi/14.3.1/include/arm_mve.h **** #define vldrbq_z_s16(__base, __p) __arm_vldrbq_z_s16(__base, __p)
 344:/opt/st/stm32cubeide_2.1.1/plugins/com.st.stm32cube.ide.mcu.externaltools.gnu-tools-for-stm32.14.3.rel1.linux64_1.0.100.202602081740/tools/lib/gcc/arm-none-eabi/14.3.1/include/arm_mve.h **** #define vldrbq_z_u8(__base, __p) __arm_vldrbq_z_u8(__base, __p)
 345:/opt/st/stm32cubeide_2.1.1/plugins/com.st.stm32cube.ide.mcu.externaltools.gnu-tools-for-stm32.14.3.rel1.linux64_1.0.100.202602081740/tools/lib/gcc/arm-none-eabi/14.3.1/include/arm_mve.h **** #define vldrbq_z_s8(__base, __p) __arm_vldrbq_z_s8(__base, __p)
 346:/opt/st/stm32cubeide_2.1.1/plugins/com.st.stm32cube.ide.mcu.externaltools.gnu-tools-for-stm32.14.3.rel1.linux64_1.0.100.202602081740/tools/lib/gcc/arm-none-eabi/14.3.1/include/arm_mve.h **** #define vldrbq_z_s32(__base, __p) __arm_vldrbq_z_s32(__base, __p)
 347:/opt/st/stm32cubeide_2.1.1/plugins/com.st.stm32cube.ide.mcu.externaltools.gnu-tools-for-stm32.14.3.rel1.linux64_1.0.100.202602081740/tools/lib/gcc/arm-none-eabi/14.3.1/include/arm_mve.h **** #define vldrbq_z_u16(__base, __p) __arm_vldrbq_z_u16(__base, __p)
 348:/opt/st/stm32cubeide_2.1.1/plugins/com.st.stm32cube.ide.mcu.externaltools.gnu-tools-for-stm32.14.3.rel1.linux64_1.0.100.202602081740/tools/lib/gcc/arm-none-eabi/14.3.1/include/arm_mve.h **** #define vldrbq_z_u32(__base, __p) __arm_vldrbq_z_u32(__base, __p)
 349:/opt/st/stm32cubeide_2.1.1/plugins/com.st.stm32cube.ide.mcu.externaltools.gnu-tools-for-stm32.14.3.rel1.linux64_1.0.100.202602081740/tools/lib/gcc/arm-none-eabi/14.3.1/include/arm_mve.h **** #define vldrwq_gather_base_z_u32(__addr,  __offset, __p) __arm_vldrwq_gather_base_z_u32(__addr,  __
 350:/opt/st/stm32cubeide_2.1.1/plugins/com.st.stm32cube.ide.mcu.externaltools.gnu-tools-for-stm32.14.3.rel1.linux64_1.0.100.202602081740/tools/lib/gcc/arm-none-eabi/14.3.1/include/arm_mve.h **** #define vldrwq_gather_base_z_s32(__addr,  __offset, __p) __arm_vldrwq_gather_base_z_s32(__addr,  __
 351:/opt/st/stm32cubeide_2.1.1/plugins/com.st.stm32cube.ide.mcu.externaltools.gnu-tools-for-stm32.14.3.rel1.linux64_1.0.100.202602081740/tools/lib/gcc/arm-none-eabi/14.3.1/include/arm_mve.h **** #define vldrhq_gather_offset_s32(__base, __offset) __arm_vldrhq_gather_offset_s32(__base, __offset)
 352:/opt/st/stm32cubeide_2.1.1/plugins/com.st.stm32cube.ide.mcu.externaltools.gnu-tools-for-stm32.14.3.rel1.linux64_1.0.100.202602081740/tools/lib/gcc/arm-none-eabi/14.3.1/include/arm_mve.h **** #define vldrhq_gather_offset_s16(__base, __offset) __arm_vldrhq_gather_offset_s16(__base, __offset)
 353:/opt/st/stm32cubeide_2.1.1/plugins/com.st.stm32cube.ide.mcu.externaltools.gnu-tools-for-stm32.14.3.rel1.linux64_1.0.100.202602081740/tools/lib/gcc/arm-none-eabi/14.3.1/include/arm_mve.h **** #define vldrhq_gather_offset_u32(__base, __offset) __arm_vldrhq_gather_offset_u32(__base, __offset)
 354:/opt/st/stm32cubeide_2.1.1/plugins/com.st.stm32cube.ide.mcu.externaltools.gnu-tools-for-stm32.14.3.rel1.linux64_1.0.100.202602081740/tools/lib/gcc/arm-none-eabi/14.3.1/include/arm_mve.h **** #define vldrhq_gather_offset_u16(__base, __offset) __arm_vldrhq_gather_offset_u16(__base, __offset)
 355:/opt/st/stm32cubeide_2.1.1/plugins/com.st.stm32cube.ide.mcu.externaltools.gnu-tools-for-stm32.14.3.rel1.linux64_1.0.100.202602081740/tools/lib/gcc/arm-none-eabi/14.3.1/include/arm_mve.h **** #define vldrhq_gather_offset_z_s32(__base, __offset, __p) __arm_vldrhq_gather_offset_z_s32(__base, 
 356:/opt/st/stm32cubeide_2.1.1/plugins/com.st.stm32cube.ide.mcu.externaltools.gnu-tools-for-stm32.14.3.rel1.linux64_1.0.100.202602081740/tools/lib/gcc/arm-none-eabi/14.3.1/include/arm_mve.h **** #define vldrhq_gather_offset_z_s16(__base, __offset, __p) __arm_vldrhq_gather_offset_z_s16(__base, 
 357:/opt/st/stm32cubeide_2.1.1/plugins/com.st.stm32cube.ide.mcu.externaltools.gnu-tools-for-stm32.14.3.rel1.linux64_1.0.100.202602081740/tools/lib/gcc/arm-none-eabi/14.3.1/include/arm_mve.h **** #define vldrhq_gather_offset_z_u32(__base, __offset, __p) __arm_vldrhq_gather_offset_z_u32(__base, 
 358:/opt/st/stm32cubeide_2.1.1/plugins/com.st.stm32cube.ide.mcu.externaltools.gnu-tools-for-stm32.14.3.rel1.linux64_1.0.100.202602081740/tools/lib/gcc/arm-none-eabi/14.3.1/include/arm_mve.h **** #define vldrhq_gather_offset_z_u16(__base, __offset, __p) __arm_vldrhq_gather_offset_z_u16(__base, 
 359:/opt/st/stm32cubeide_2.1.1/plugins/com.st.stm32cube.ide.mcu.externaltools.gnu-tools-for-stm32.14.3.rel1.linux64_1.0.100.202602081740/tools/lib/gcc/arm-none-eabi/14.3.1/include/arm_mve.h **** #define vldrhq_gather_shifted_offset_s32(__base, __offset) __arm_vldrhq_gather_shifted_offset_s32(_
 360:/opt/st/stm32cubeide_2.1.1/plugins/com.st.stm32cube.ide.mcu.externaltools.gnu-tools-for-stm32.14.3.rel1.linux64_1.0.100.202602081740/tools/lib/gcc/arm-none-eabi/14.3.1/include/arm_mve.h **** #define vldrhq_gather_shifted_offset_s16(__base, __offset) __arm_vldrhq_gather_shifted_offset_s16(_
 361:/opt/st/stm32cubeide_2.1.1/plugins/com.st.stm32cube.ide.mcu.externaltools.gnu-tools-for-stm32.14.3.rel1.linux64_1.0.100.202602081740/tools/lib/gcc/arm-none-eabi/14.3.1/include/arm_mve.h **** #define vldrhq_gather_shifted_offset_u32(__base, __offset) __arm_vldrhq_gather_shifted_offset_u32(_
 362:/opt/st/stm32cubeide_2.1.1/plugins/com.st.stm32cube.ide.mcu.externaltools.gnu-tools-for-stm32.14.3.rel1.linux64_1.0.100.202602081740/tools/lib/gcc/arm-none-eabi/14.3.1/include/arm_mve.h **** #define vldrhq_gather_shifted_offset_u16(__base, __offset) __arm_vldrhq_gather_shifted_offset_u16(_
 363:/opt/st/stm32cubeide_2.1.1/plugins/com.st.stm32cube.ide.mcu.externaltools.gnu-tools-for-stm32.14.3.rel1.linux64_1.0.100.202602081740/tools/lib/gcc/arm-none-eabi/14.3.1/include/arm_mve.h **** #define vldrhq_gather_shifted_offset_z_s32(__base, __offset, __p) __arm_vldrhq_gather_shifted_offse
 364:/opt/st/stm32cubeide_2.1.1/plugins/com.st.stm32cube.ide.mcu.externaltools.gnu-tools-for-stm32.14.3.rel1.linux64_1.0.100.202602081740/tools/lib/gcc/arm-none-eabi/14.3.1/include/arm_mve.h **** #define vldrhq_gather_shifted_offset_z_s16(__base, __offset, __p) __arm_vldrhq_gather_shifted_offse
 365:/opt/st/stm32cubeide_2.1.1/plugins/com.st.stm32cube.ide.mcu.externaltools.gnu-tools-for-stm32.14.3.rel1.linux64_1.0.100.202602081740/tools/lib/gcc/arm-none-eabi/14.3.1/include/arm_mve.h **** #define vldrhq_gather_shifted_offset_z_u32(__base, __offset, __p) __arm_vldrhq_gather_shifted_offse
 366:/opt/st/stm32cubeide_2.1.1/plugins/com.st.stm32cube.ide.mcu.externaltools.gnu-tools-for-stm32.14.3.rel1.linux64_1.0.100.202602081740/tools/lib/gcc/arm-none-eabi/14.3.1/include/arm_mve.h **** #define vldrhq_gather_shifted_offset_z_u16(__base, __offset, __p) __arm_vldrhq_gather_shifted_offse
 367:/opt/st/stm32cubeide_2.1.1/plugins/com.st.stm32cube.ide.mcu.externaltools.gnu-tools-for-stm32.14.3.rel1.linux64_1.0.100.202602081740/tools/lib/gcc/arm-none-eabi/14.3.1/include/arm_mve.h **** #define vldrhq_s32(__base) __arm_vldrhq_s32(__base)
 368:/opt/st/stm32cubeide_2.1.1/plugins/com.st.stm32cube.ide.mcu.externaltools.gnu-tools-for-stm32.14.3.rel1.linux64_1.0.100.202602081740/tools/lib/gcc/arm-none-eabi/14.3.1/include/arm_mve.h **** #define vldrhq_s16(__base) __arm_vldrhq_s16(__base)
 369:/opt/st/stm32cubeide_2.1.1/plugins/com.st.stm32cube.ide.mcu.externaltools.gnu-tools-for-stm32.14.3.rel1.linux64_1.0.100.202602081740/tools/lib/gcc/arm-none-eabi/14.3.1/include/arm_mve.h **** #define vldrhq_u32(__base) __arm_vldrhq_u32(__base)
 370:/opt/st/stm32cubeide_2.1.1/plugins/com.st.stm32cube.ide.mcu.externaltools.gnu-tools-for-stm32.14.3.rel1.linux64_1.0.100.202602081740/tools/lib/gcc/arm-none-eabi/14.3.1/include/arm_mve.h **** #define vldrhq_u16(__base) __arm_vldrhq_u16(__base)
 371:/opt/st/stm32cubeide_2.1.1/plugins/com.st.stm32cube.ide.mcu.externaltools.gnu-tools-for-stm32.14.3.rel1.linux64_1.0.100.202602081740/tools/lib/gcc/arm-none-eabi/14.3.1/include/arm_mve.h **** #define vldrhq_z_s32(__base, __p) __arm_vldrhq_z_s32(__base, __p)
 372:/opt/st/stm32cubeide_2.1.1/plugins/com.st.stm32cube.ide.mcu.externaltools.gnu-tools-for-stm32.14.3.rel1.linux64_1.0.100.202602081740/tools/lib/gcc/arm-none-eabi/14.3.1/include/arm_mve.h **** #define vldrhq_z_s16(__base, __p) __arm_vldrhq_z_s16(__base, __p)
 373:/opt/st/stm32cubeide_2.1.1/plugins/com.st.stm32cube.ide.mcu.externaltools.gnu-tools-for-stm32.14.3.rel1.linux64_1.0.100.202602081740/tools/lib/gcc/arm-none-eabi/14.3.1/include/arm_mve.h **** #define vldrhq_z_u32(__base, __p) __arm_vldrhq_z_u32(__base, __p)
 374:/opt/st/stm32cubeide_2.1.1/plugins/com.st.stm32cube.ide.mcu.externaltools.gnu-tools-for-stm32.14.3.rel1.linux64_1.0.100.202602081740/tools/lib/gcc/arm-none-eabi/14.3.1/include/arm_mve.h **** #define vldrhq_z_u16(__base, __p) __arm_vldrhq_z_u16(__base, __p)
 375:/opt/st/stm32cubeide_2.1.1/plugins/com.st.stm32cube.ide.mcu.externaltools.gnu-tools-for-stm32.14.3.rel1.linux64_1.0.100.202602081740/tools/lib/gcc/arm-none-eabi/14.3.1/include/arm_mve.h **** #define vldrwq_s32(__base) __arm_vldrwq_s32(__base)
 376:/opt/st/stm32cubeide_2.1.1/plugins/com.st.stm32cube.ide.mcu.externaltools.gnu-tools-for-stm32.14.3.rel1.linux64_1.0.100.202602081740/tools/lib/gcc/arm-none-eabi/14.3.1/include/arm_mve.h **** #define vldrwq_u32(__base) __arm_vldrwq_u32(__base)
 377:/opt/st/stm32cubeide_2.1.1/plugins/com.st.stm32cube.ide.mcu.externaltools.gnu-tools-for-stm32.14.3.rel1.linux64_1.0.100.202602081740/tools/lib/gcc/arm-none-eabi/14.3.1/include/arm_mve.h **** #define vldrwq_z_s32(__base, __p) __arm_vldrwq_z_s32(__base, __p)
 378:/opt/st/stm32cubeide_2.1.1/plugins/com.st.stm32cube.ide.mcu.externaltools.gnu-tools-for-stm32.14.3.rel1.linux64_1.0.100.202602081740/tools/lib/gcc/arm-none-eabi/14.3.1/include/arm_mve.h **** #define vldrwq_z_u32(__base, __p) __arm_vldrwq_z_u32(__base, __p)
 379:/opt/st/stm32cubeide_2.1.1/plugins/com.st.stm32cube.ide.mcu.externaltools.gnu-tools-for-stm32.14.3.rel1.linux64_1.0.100.202602081740/tools/lib/gcc/arm-none-eabi/14.3.1/include/arm_mve.h **** #define vldrhq_f16(__base) __arm_vldrhq_f16(__base)
 380:/opt/st/stm32cubeide_2.1.1/plugins/com.st.stm32cube.ide.mcu.externaltools.gnu-tools-for-stm32.14.3.rel1.linux64_1.0.100.202602081740/tools/lib/gcc/arm-none-eabi/14.3.1/include/arm_mve.h **** #define vldrhq_z_f16(__base, __p) __arm_vldrhq_z_f16(__base, __p)
 381:/opt/st/stm32cubeide_2.1.1/plugins/com.st.stm32cube.ide.mcu.externaltools.gnu-tools-for-stm32.14.3.rel1.linux64_1.0.100.202602081740/tools/lib/gcc/arm-none-eabi/14.3.1/include/arm_mve.h **** #define vldrwq_f32(__base) __arm_vldrwq_f32(__base)
 382:/opt/st/stm32cubeide_2.1.1/plugins/com.st.stm32cube.ide.mcu.externaltools.gnu-tools-for-stm32.14.3.rel1.linux64_1.0.100.202602081740/tools/lib/gcc/arm-none-eabi/14.3.1/include/arm_mve.h **** #define vldrwq_z_f32(__base, __p) __arm_vldrwq_z_f32(__base, __p)
 383:/opt/st/stm32cubeide_2.1.1/plugins/com.st.stm32cube.ide.mcu.externaltools.gnu-tools-for-stm32.14.3.rel1.linux64_1.0.100.202602081740/tools/lib/gcc/arm-none-eabi/14.3.1/include/arm_mve.h **** #define vldrdq_gather_base_s64(__addr,  __offset) __arm_vldrdq_gather_base_s64(__addr,  __offset)
 384:/opt/st/stm32cubeide_2.1.1/plugins/com.st.stm32cube.ide.mcu.externaltools.gnu-tools-for-stm32.14.3.rel1.linux64_1.0.100.202602081740/tools/lib/gcc/arm-none-eabi/14.3.1/include/arm_mve.h **** #define vldrdq_gather_base_u64(__addr,  __offset) __arm_vldrdq_gather_base_u64(__addr,  __offset)
 385:/opt/st/stm32cubeide_2.1.1/plugins/com.st.stm32cube.ide.mcu.externaltools.gnu-tools-for-stm32.14.3.rel1.linux64_1.0.100.202602081740/tools/lib/gcc/arm-none-eabi/14.3.1/include/arm_mve.h **** #define vldrdq_gather_base_z_s64(__addr,  __offset, __p) __arm_vldrdq_gather_base_z_s64(__addr,  __
 386:/opt/st/stm32cubeide_2.1.1/plugins/com.st.stm32cube.ide.mcu.externaltools.gnu-tools-for-stm32.14.3.rel1.linux64_1.0.100.202602081740/tools/lib/gcc/arm-none-eabi/14.3.1/include/arm_mve.h **** #define vldrdq_gather_base_z_u64(__addr,  __offset, __p) __arm_vldrdq_gather_base_z_u64(__addr,  __
 387:/opt/st/stm32cubeide_2.1.1/plugins/com.st.stm32cube.ide.mcu.externaltools.gnu-tools-for-stm32.14.3.rel1.linux64_1.0.100.202602081740/tools/lib/gcc/arm-none-eabi/14.3.1/include/arm_mve.h **** #define vldrdq_gather_offset_s64(__base, __offset) __arm_vldrdq_gather_offset_s64(__base, __offset)
 388:/opt/st/stm32cubeide_2.1.1/plugins/com.st.stm32cube.ide.mcu.externaltools.gnu-tools-for-stm32.14.3.rel1.linux64_1.0.100.202602081740/tools/lib/gcc/arm-none-eabi/14.3.1/include/arm_mve.h **** #define vldrdq_gather_offset_u64(__base, __offset) __arm_vldrdq_gather_offset_u64(__base, __offset)
 389:/opt/st/stm32cubeide_2.1.1/plugins/com.st.stm32cube.ide.mcu.externaltools.gnu-tools-for-stm32.14.3.rel1.linux64_1.0.100.202602081740/tools/lib/gcc/arm-none-eabi/14.3.1/include/arm_mve.h **** #define vldrdq_gather_offset_z_s64(__base, __offset, __p) __arm_vldrdq_gather_offset_z_s64(__base, 
 390:/opt/st/stm32cubeide_2.1.1/plugins/com.st.stm32cube.ide.mcu.externaltools.gnu-tools-for-stm32.14.3.rel1.linux64_1.0.100.202602081740/tools/lib/gcc/arm-none-eabi/14.3.1/include/arm_mve.h **** #define vldrdq_gather_offset_z_u64(__base, __offset, __p) __arm_vldrdq_gather_offset_z_u64(__base, 
 391:/opt/st/stm32cubeide_2.1.1/plugins/com.st.stm32cube.ide.mcu.externaltools.gnu-tools-for-stm32.14.3.rel1.linux64_1.0.100.202602081740/tools/lib/gcc/arm-none-eabi/14.3.1/include/arm_mve.h **** #define vldrdq_gather_shifted_offset_s64(__base, __offset) __arm_vldrdq_gather_shifted_offset_s64(_
 392:/opt/st/stm32cubeide_2.1.1/plugins/com.st.stm32cube.ide.mcu.externaltools.gnu-tools-for-stm32.14.3.rel1.linux64_1.0.100.202602081740/tools/lib/gcc/arm-none-eabi/14.3.1/include/arm_mve.h **** #define vldrdq_gather_shifted_offset_u64(__base, __offset) __arm_vldrdq_gather_shifted_offset_u64(_
 393:/opt/st/stm32cubeide_2.1.1/plugins/com.st.stm32cube.ide.mcu.externaltools.gnu-tools-for-stm32.14.3.rel1.linux64_1.0.100.202602081740/tools/lib/gcc/arm-none-eabi/14.3.1/include/arm_mve.h **** #define vldrdq_gather_shifted_offset_z_s64(__base, __offset, __p) __arm_vldrdq_gather_shifted_offse
 394:/opt/st/stm32cubeide_2.1.1/plugins/com.st.stm32cube.ide.mcu.externaltools.gnu-tools-for-stm32.14.3.rel1.linux64_1.0.100.202602081740/tools/lib/gcc/arm-none-eabi/14.3.1/include/arm_mve.h **** #define vldrdq_gather_shifted_offset_z_u64(__base, __offset, __p) __arm_vldrdq_gather_shifted_offse
ARM GAS  /tmp/ccS31Hxi.s 			page 11


 395:/opt/st/stm32cubeide_2.1.1/plugins/com.st.stm32cube.ide.mcu.externaltools.gnu-tools-for-stm32.14.3.rel1.linux64_1.0.100.202602081740/tools/lib/gcc/arm-none-eabi/14.3.1/include/arm_mve.h **** #define vldrhq_gather_offset_f16(__base, __offset) __arm_vldrhq_gather_offset_f16(__base, __offset)
 396:/opt/st/stm32cubeide_2.1.1/plugins/com.st.stm32cube.ide.mcu.externaltools.gnu-tools-for-stm32.14.3.rel1.linux64_1.0.100.202602081740/tools/lib/gcc/arm-none-eabi/14.3.1/include/arm_mve.h **** #define vldrhq_gather_offset_z_f16(__base, __offset, __p) __arm_vldrhq_gather_offset_z_f16(__base, 
 397:/opt/st/stm32cubeide_2.1.1/plugins/com.st.stm32cube.ide.mcu.externaltools.gnu-tools-for-stm32.14.3.rel1.linux64_1.0.100.202602081740/tools/lib/gcc/arm-none-eabi/14.3.1/include/arm_mve.h **** #define vldrhq_gather_shifted_offset_f16(__base, __offset) __arm_vldrhq_gather_shifted_offset_f16(_
 398:/opt/st/stm32cubeide_2.1.1/plugins/com.st.stm32cube.ide.mcu.externaltools.gnu-tools-for-stm32.14.3.rel1.linux64_1.0.100.202602081740/tools/lib/gcc/arm-none-eabi/14.3.1/include/arm_mve.h **** #define vldrhq_gather_shifted_offset_z_f16(__base, __offset, __p) __arm_vldrhq_gather_shifted_offse
 399:/opt/st/stm32cubeide_2.1.1/plugins/com.st.stm32cube.ide.mcu.externaltools.gnu-tools-for-stm32.14.3.rel1.linux64_1.0.100.202602081740/tools/lib/gcc/arm-none-eabi/14.3.1/include/arm_mve.h **** #define vldrwq_gather_base_f32(__addr,  __offset) __arm_vldrwq_gather_base_f32(__addr,  __offset)
 400:/opt/st/stm32cubeide_2.1.1/plugins/com.st.stm32cube.ide.mcu.externaltools.gnu-tools-for-stm32.14.3.rel1.linux64_1.0.100.202602081740/tools/lib/gcc/arm-none-eabi/14.3.1/include/arm_mve.h **** #define vldrwq_gather_base_z_f32(__addr,  __offset, __p) __arm_vldrwq_gather_base_z_f32(__addr,  __
 401:/opt/st/stm32cubeide_2.1.1/plugins/com.st.stm32cube.ide.mcu.externaltools.gnu-tools-for-stm32.14.3.rel1.linux64_1.0.100.202602081740/tools/lib/gcc/arm-none-eabi/14.3.1/include/arm_mve.h **** #define vldrwq_gather_offset_f32(__base, __offset) __arm_vldrwq_gather_offset_f32(__base, __offset)
 402:/opt/st/stm32cubeide_2.1.1/plugins/com.st.stm32cube.ide.mcu.externaltools.gnu-tools-for-stm32.14.3.rel1.linux64_1.0.100.202602081740/tools/lib/gcc/arm-none-eabi/14.3.1/include/arm_mve.h **** #define vldrwq_gather_offset_s32(__base, __offset) __arm_vldrwq_gather_offset_s32(__base, __offset)
 403:/opt/st/stm32cubeide_2.1.1/plugins/com.st.stm32cube.ide.mcu.externaltools.gnu-tools-for-stm32.14.3.rel1.linux64_1.0.100.202602081740/tools/lib/gcc/arm-none-eabi/14.3.1/include/arm_mve.h **** #define vldrwq_gather_offset_u32(__base, __offset) __arm_vldrwq_gather_offset_u32(__base, __offset)
 404:/opt/st/stm32cubeide_2.1.1/plugins/com.st.stm32cube.ide.mcu.externaltools.gnu-tools-for-stm32.14.3.rel1.linux64_1.0.100.202602081740/tools/lib/gcc/arm-none-eabi/14.3.1/include/arm_mve.h **** #define vldrwq_gather_offset_z_f32(__base, __offset, __p) __arm_vldrwq_gather_offset_z_f32(__base, 
 405:/opt/st/stm32cubeide_2.1.1/plugins/com.st.stm32cube.ide.mcu.externaltools.gnu-tools-for-stm32.14.3.rel1.linux64_1.0.100.202602081740/tools/lib/gcc/arm-none-eabi/14.3.1/include/arm_mve.h **** #define vldrwq_gather_offset_z_s32(__base, __offset, __p) __arm_vldrwq_gather_offset_z_s32(__base, 
 406:/opt/st/stm32cubeide_2.1.1/plugins/com.st.stm32cube.ide.mcu.externaltools.gnu-tools-for-stm32.14.3.rel1.linux64_1.0.100.202602081740/tools/lib/gcc/arm-none-eabi/14.3.1/include/arm_mve.h **** #define vldrwq_gather_offset_z_u32(__base, __offset, __p) __arm_vldrwq_gather_offset_z_u32(__base, 
 407:/opt/st/stm32cubeide_2.1.1/plugins/com.st.stm32cube.ide.mcu.externaltools.gnu-tools-for-stm32.14.3.rel1.linux64_1.0.100.202602081740/tools/lib/gcc/arm-none-eabi/14.3.1/include/arm_mve.h **** #define vldrwq_gather_shifted_offset_f32(__base, __offset) __arm_vldrwq_gather_shifted_offset_f32(_
 408:/opt/st/stm32cubeide_2.1.1/plugins/com.st.stm32cube.ide.mcu.externaltools.gnu-tools-for-stm32.14.3.rel1.linux64_1.0.100.202602081740/tools/lib/gcc/arm-none-eabi/14.3.1/include/arm_mve.h **** #define vldrwq_gather_shifted_offset_s32(__base, __offset) __arm_vldrwq_gather_shifted_offset_s32(_
 409:/opt/st/stm32cubeide_2.1.1/plugins/com.st.stm32cube.ide.mcu.externaltools.gnu-tools-for-stm32.14.3.rel1.linux64_1.0.100.202602081740/tools/lib/gcc/arm-none-eabi/14.3.1/include/arm_mve.h **** #define vldrwq_gather_shifted_offset_u32(__base, __offset) __arm_vldrwq_gather_shifted_offset_u32(_
 410:/opt/st/stm32cubeide_2.1.1/plugins/com.st.stm32cube.ide.mcu.externaltools.gnu-tools-for-stm32.14.3.rel1.linux64_1.0.100.202602081740/tools/lib/gcc/arm-none-eabi/14.3.1/include/arm_mve.h **** #define vldrwq_gather_shifted_offset_z_f32(__base, __offset, __p) __arm_vldrwq_gather_shifted_offse
 411:/opt/st/stm32cubeide_2.1.1/plugins/com.st.stm32cube.ide.mcu.externaltools.gnu-tools-for-stm32.14.3.rel1.linux64_1.0.100.202602081740/tools/lib/gcc/arm-none-eabi/14.3.1/include/arm_mve.h **** #define vldrwq_gather_shifted_offset_z_s32(__base, __offset, __p) __arm_vldrwq_gather_shifted_offse
 412:/opt/st/stm32cubeide_2.1.1/plugins/com.st.stm32cube.ide.mcu.externaltools.gnu-tools-for-stm32.14.3.rel1.linux64_1.0.100.202602081740/tools/lib/gcc/arm-none-eabi/14.3.1/include/arm_mve.h **** #define vldrwq_gather_shifted_offset_z_u32(__base, __offset, __p) __arm_vldrwq_gather_shifted_offse
 413:/opt/st/stm32cubeide_2.1.1/plugins/com.st.stm32cube.ide.mcu.externaltools.gnu-tools-for-stm32.14.3.rel1.linux64_1.0.100.202602081740/tools/lib/gcc/arm-none-eabi/14.3.1/include/arm_mve.h **** #define vstrhq_f16(__addr, __value) __arm_vstrhq_f16(__addr, __value)
 414:/opt/st/stm32cubeide_2.1.1/plugins/com.st.stm32cube.ide.mcu.externaltools.gnu-tools-for-stm32.14.3.rel1.linux64_1.0.100.202602081740/tools/lib/gcc/arm-none-eabi/14.3.1/include/arm_mve.h **** #define vstrhq_scatter_offset_s32( __base, __offset, __value) __arm_vstrhq_scatter_offset_s32( __ba
 415:/opt/st/stm32cubeide_2.1.1/plugins/com.st.stm32cube.ide.mcu.externaltools.gnu-tools-for-stm32.14.3.rel1.linux64_1.0.100.202602081740/tools/lib/gcc/arm-none-eabi/14.3.1/include/arm_mve.h **** #define vstrhq_scatter_offset_s16( __base, __offset, __value) __arm_vstrhq_scatter_offset_s16( __ba
 416:/opt/st/stm32cubeide_2.1.1/plugins/com.st.stm32cube.ide.mcu.externaltools.gnu-tools-for-stm32.14.3.rel1.linux64_1.0.100.202602081740/tools/lib/gcc/arm-none-eabi/14.3.1/include/arm_mve.h **** #define vstrhq_scatter_offset_u32( __base, __offset, __value) __arm_vstrhq_scatter_offset_u32( __ba
 417:/opt/st/stm32cubeide_2.1.1/plugins/com.st.stm32cube.ide.mcu.externaltools.gnu-tools-for-stm32.14.3.rel1.linux64_1.0.100.202602081740/tools/lib/gcc/arm-none-eabi/14.3.1/include/arm_mve.h **** #define vstrhq_scatter_offset_u16( __base, __offset, __value) __arm_vstrhq_scatter_offset_u16( __ba
 418:/opt/st/stm32cubeide_2.1.1/plugins/com.st.stm32cube.ide.mcu.externaltools.gnu-tools-for-stm32.14.3.rel1.linux64_1.0.100.202602081740/tools/lib/gcc/arm-none-eabi/14.3.1/include/arm_mve.h **** #define vstrhq_scatter_offset_p_s32( __base, __offset, __value, __p) __arm_vstrhq_scatter_offset_p_
 419:/opt/st/stm32cubeide_2.1.1/plugins/com.st.stm32cube.ide.mcu.externaltools.gnu-tools-for-stm32.14.3.rel1.linux64_1.0.100.202602081740/tools/lib/gcc/arm-none-eabi/14.3.1/include/arm_mve.h **** #define vstrhq_scatter_offset_p_s16( __base, __offset, __value, __p) __arm_vstrhq_scatter_offset_p_
 420:/opt/st/stm32cubeide_2.1.1/plugins/com.st.stm32cube.ide.mcu.externaltools.gnu-tools-for-stm32.14.3.rel1.linux64_1.0.100.202602081740/tools/lib/gcc/arm-none-eabi/14.3.1/include/arm_mve.h **** #define vstrhq_scatter_offset_p_u32( __base, __offset, __value, __p) __arm_vstrhq_scatter_offset_p_
 421:/opt/st/stm32cubeide_2.1.1/plugins/com.st.stm32cube.ide.mcu.externaltools.gnu-tools-for-stm32.14.3.rel1.linux64_1.0.100.202602081740/tools/lib/gcc/arm-none-eabi/14.3.1/include/arm_mve.h **** #define vstrhq_scatter_offset_p_u16( __base, __offset, __value, __p) __arm_vstrhq_scatter_offset_p_
 422:/opt/st/stm32cubeide_2.1.1/plugins/com.st.stm32cube.ide.mcu.externaltools.gnu-tools-for-stm32.14.3.rel1.linux64_1.0.100.202602081740/tools/lib/gcc/arm-none-eabi/14.3.1/include/arm_mve.h **** #define vstrhq_scatter_shifted_offset_s32( __base, __offset, __value) __arm_vstrhq_scatter_shifted_
 423:/opt/st/stm32cubeide_2.1.1/plugins/com.st.stm32cube.ide.mcu.externaltools.gnu-tools-for-stm32.14.3.rel1.linux64_1.0.100.202602081740/tools/lib/gcc/arm-none-eabi/14.3.1/include/arm_mve.h **** #define vstrhq_scatter_shifted_offset_s16( __base, __offset, __value) __arm_vstrhq_scatter_shifted_
 424:/opt/st/stm32cubeide_2.1.1/plugins/com.st.stm32cube.ide.mcu.externaltools.gnu-tools-for-stm32.14.3.rel1.linux64_1.0.100.202602081740/tools/lib/gcc/arm-none-eabi/14.3.1/include/arm_mve.h **** #define vstrhq_scatter_shifted_offset_u32( __base, __offset, __value) __arm_vstrhq_scatter_shifted_
 425:/opt/st/stm32cubeide_2.1.1/plugins/com.st.stm32cube.ide.mcu.externaltools.gnu-tools-for-stm32.14.3.rel1.linux64_1.0.100.202602081740/tools/lib/gcc/arm-none-eabi/14.3.1/include/arm_mve.h **** #define vstrhq_scatter_shifted_offset_u16( __base, __offset, __value) __arm_vstrhq_scatter_shifted_
 426:/opt/st/stm32cubeide_2.1.1/plugins/com.st.stm32cube.ide.mcu.externaltools.gnu-tools-for-stm32.14.3.rel1.linux64_1.0.100.202602081740/tools/lib/gcc/arm-none-eabi/14.3.1/include/arm_mve.h **** #define vstrhq_scatter_shifted_offset_p_s32( __base, __offset, __value, __p) __arm_vstrhq_scatter_s
 427:/opt/st/stm32cubeide_2.1.1/plugins/com.st.stm32cube.ide.mcu.externaltools.gnu-tools-for-stm32.14.3.rel1.linux64_1.0.100.202602081740/tools/lib/gcc/arm-none-eabi/14.3.1/include/arm_mve.h **** #define vstrhq_scatter_shifted_offset_p_s16( __base, __offset, __value, __p) __arm_vstrhq_scatter_s
 428:/opt/st/stm32cubeide_2.1.1/plugins/com.st.stm32cube.ide.mcu.externaltools.gnu-tools-for-stm32.14.3.rel1.linux64_1.0.100.202602081740/tools/lib/gcc/arm-none-eabi/14.3.1/include/arm_mve.h **** #define vstrhq_scatter_shifted_offset_p_u32( __base, __offset, __value, __p) __arm_vstrhq_scatter_s
 429:/opt/st/stm32cubeide_2.1.1/plugins/com.st.stm32cube.ide.mcu.externaltools.gnu-tools-for-stm32.14.3.rel1.linux64_1.0.100.202602081740/tools/lib/gcc/arm-none-eabi/14.3.1/include/arm_mve.h **** #define vstrhq_scatter_shifted_offset_p_u16( __base, __offset, __value, __p) __arm_vstrhq_scatter_s
 430:/opt/st/stm32cubeide_2.1.1/plugins/com.st.stm32cube.ide.mcu.externaltools.gnu-tools-for-stm32.14.3.rel1.linux64_1.0.100.202602081740/tools/lib/gcc/arm-none-eabi/14.3.1/include/arm_mve.h **** #define vstrhq_s32(__addr, __value) __arm_vstrhq_s32(__addr, __value)
 431:/opt/st/stm32cubeide_2.1.1/plugins/com.st.stm32cube.ide.mcu.externaltools.gnu-tools-for-stm32.14.3.rel1.linux64_1.0.100.202602081740/tools/lib/gcc/arm-none-eabi/14.3.1/include/arm_mve.h **** #define vstrhq_s16(__addr, __value) __arm_vstrhq_s16(__addr, __value)
 432:/opt/st/stm32cubeide_2.1.1/plugins/com.st.stm32cube.ide.mcu.externaltools.gnu-tools-for-stm32.14.3.rel1.linux64_1.0.100.202602081740/tools/lib/gcc/arm-none-eabi/14.3.1/include/arm_mve.h **** #define vstrhq_u32(__addr, __value) __arm_vstrhq_u32(__addr, __value)
 433:/opt/st/stm32cubeide_2.1.1/plugins/com.st.stm32cube.ide.mcu.externaltools.gnu-tools-for-stm32.14.3.rel1.linux64_1.0.100.202602081740/tools/lib/gcc/arm-none-eabi/14.3.1/include/arm_mve.h **** #define vstrhq_u16(__addr, __value) __arm_vstrhq_u16(__addr, __value)
 434:/opt/st/stm32cubeide_2.1.1/plugins/com.st.stm32cube.ide.mcu.externaltools.gnu-tools-for-stm32.14.3.rel1.linux64_1.0.100.202602081740/tools/lib/gcc/arm-none-eabi/14.3.1/include/arm_mve.h **** #define vstrhq_p_f16(__addr, __value, __p) __arm_vstrhq_p_f16(__addr, __value, __p)
 435:/opt/st/stm32cubeide_2.1.1/plugins/com.st.stm32cube.ide.mcu.externaltools.gnu-tools-for-stm32.14.3.rel1.linux64_1.0.100.202602081740/tools/lib/gcc/arm-none-eabi/14.3.1/include/arm_mve.h **** #define vstrhq_p_s32(__addr, __value, __p) __arm_vstrhq_p_s32(__addr, __value, __p)
 436:/opt/st/stm32cubeide_2.1.1/plugins/com.st.stm32cube.ide.mcu.externaltools.gnu-tools-for-stm32.14.3.rel1.linux64_1.0.100.202602081740/tools/lib/gcc/arm-none-eabi/14.3.1/include/arm_mve.h **** #define vstrhq_p_s16(__addr, __value, __p) __arm_vstrhq_p_s16(__addr, __value, __p)
 437:/opt/st/stm32cubeide_2.1.1/plugins/com.st.stm32cube.ide.mcu.externaltools.gnu-tools-for-stm32.14.3.rel1.linux64_1.0.100.202602081740/tools/lib/gcc/arm-none-eabi/14.3.1/include/arm_mve.h **** #define vstrhq_p_u32(__addr, __value, __p) __arm_vstrhq_p_u32(__addr, __value, __p)
 438:/opt/st/stm32cubeide_2.1.1/plugins/com.st.stm32cube.ide.mcu.externaltools.gnu-tools-for-stm32.14.3.rel1.linux64_1.0.100.202602081740/tools/lib/gcc/arm-none-eabi/14.3.1/include/arm_mve.h **** #define vstrhq_p_u16(__addr, __value, __p) __arm_vstrhq_p_u16(__addr, __value, __p)
 439:/opt/st/stm32cubeide_2.1.1/plugins/com.st.stm32cube.ide.mcu.externaltools.gnu-tools-for-stm32.14.3.rel1.linux64_1.0.100.202602081740/tools/lib/gcc/arm-none-eabi/14.3.1/include/arm_mve.h **** #define vstrwq_f32(__addr, __value) __arm_vstrwq_f32(__addr, __value)
 440:/opt/st/stm32cubeide_2.1.1/plugins/com.st.stm32cube.ide.mcu.externaltools.gnu-tools-for-stm32.14.3.rel1.linux64_1.0.100.202602081740/tools/lib/gcc/arm-none-eabi/14.3.1/include/arm_mve.h **** #define vstrwq_s32(__addr, __value) __arm_vstrwq_s32(__addr, __value)
 441:/opt/st/stm32cubeide_2.1.1/plugins/com.st.stm32cube.ide.mcu.externaltools.gnu-tools-for-stm32.14.3.rel1.linux64_1.0.100.202602081740/tools/lib/gcc/arm-none-eabi/14.3.1/include/arm_mve.h **** #define vstrwq_u32(__addr, __value) __arm_vstrwq_u32(__addr, __value)
 442:/opt/st/stm32cubeide_2.1.1/plugins/com.st.stm32cube.ide.mcu.externaltools.gnu-tools-for-stm32.14.3.rel1.linux64_1.0.100.202602081740/tools/lib/gcc/arm-none-eabi/14.3.1/include/arm_mve.h **** #define vstrwq_p_f32(__addr, __value, __p) __arm_vstrwq_p_f32(__addr, __value, __p)
 443:/opt/st/stm32cubeide_2.1.1/plugins/com.st.stm32cube.ide.mcu.externaltools.gnu-tools-for-stm32.14.3.rel1.linux64_1.0.100.202602081740/tools/lib/gcc/arm-none-eabi/14.3.1/include/arm_mve.h **** #define vstrwq_p_s32(__addr, __value, __p) __arm_vstrwq_p_s32(__addr, __value, __p)
 444:/opt/st/stm32cubeide_2.1.1/plugins/com.st.stm32cube.ide.mcu.externaltools.gnu-tools-for-stm32.14.3.rel1.linux64_1.0.100.202602081740/tools/lib/gcc/arm-none-eabi/14.3.1/include/arm_mve.h **** #define vstrwq_p_u32(__addr, __value, __p) __arm_vstrwq_p_u32(__addr, __value, __p)
 445:/opt/st/stm32cubeide_2.1.1/plugins/com.st.stm32cube.ide.mcu.externaltools.gnu-tools-for-stm32.14.3.rel1.linux64_1.0.100.202602081740/tools/lib/gcc/arm-none-eabi/14.3.1/include/arm_mve.h **** #define vstrdq_scatter_base_p_s64(__addr, __offset, __value, __p) __arm_vstrdq_scatter_base_p_s64(_
 446:/opt/st/stm32cubeide_2.1.1/plugins/com.st.stm32cube.ide.mcu.externaltools.gnu-tools-for-stm32.14.3.rel1.linux64_1.0.100.202602081740/tools/lib/gcc/arm-none-eabi/14.3.1/include/arm_mve.h **** #define vstrdq_scatter_base_p_u64(__addr, __offset, __value, __p) __arm_vstrdq_scatter_base_p_u64(_
 447:/opt/st/stm32cubeide_2.1.1/plugins/com.st.stm32cube.ide.mcu.externaltools.gnu-tools-for-stm32.14.3.rel1.linux64_1.0.100.202602081740/tools/lib/gcc/arm-none-eabi/14.3.1/include/arm_mve.h **** #define vstrdq_scatter_base_s64(__addr, __offset, __value) __arm_vstrdq_scatter_base_s64(__addr, __
 448:/opt/st/stm32cubeide_2.1.1/plugins/com.st.stm32cube.ide.mcu.externaltools.gnu-tools-for-stm32.14.3.rel1.linux64_1.0.100.202602081740/tools/lib/gcc/arm-none-eabi/14.3.1/include/arm_mve.h **** #define vstrdq_scatter_base_u64(__addr, __offset, __value) __arm_vstrdq_scatter_base_u64(__addr, __
 449:/opt/st/stm32cubeide_2.1.1/plugins/com.st.stm32cube.ide.mcu.externaltools.gnu-tools-for-stm32.14.3.rel1.linux64_1.0.100.202602081740/tools/lib/gcc/arm-none-eabi/14.3.1/include/arm_mve.h **** #define vstrdq_scatter_offset_p_s64(__base, __offset, __value, __p) __arm_vstrdq_scatter_offset_p_s
 450:/opt/st/stm32cubeide_2.1.1/plugins/com.st.stm32cube.ide.mcu.externaltools.gnu-tools-for-stm32.14.3.rel1.linux64_1.0.100.202602081740/tools/lib/gcc/arm-none-eabi/14.3.1/include/arm_mve.h **** #define vstrdq_scatter_offset_p_u64(__base, __offset, __value, __p) __arm_vstrdq_scatter_offset_p_u
 451:/opt/st/stm32cubeide_2.1.1/plugins/com.st.stm32cube.ide.mcu.externaltools.gnu-tools-for-stm32.14.3.rel1.linux64_1.0.100.202602081740/tools/lib/gcc/arm-none-eabi/14.3.1/include/arm_mve.h **** #define vstrdq_scatter_offset_s64(__base, __offset, __value) __arm_vstrdq_scatter_offset_s64(__base
ARM GAS  /tmp/ccS31Hxi.s 			page 12


 452:/opt/st/stm32cubeide_2.1.1/plugins/com.st.stm32cube.ide.mcu.externaltools.gnu-tools-for-stm32.14.3.rel1.linux64_1.0.100.202602081740/tools/lib/gcc/arm-none-eabi/14.3.1/include/arm_mve.h **** #define vstrdq_scatter_offset_u64(__base, __offset, __value) __arm_vstrdq_scatter_offset_u64(__base
 453:/opt/st/stm32cubeide_2.1.1/plugins/com.st.stm32cube.ide.mcu.externaltools.gnu-tools-for-stm32.14.3.rel1.linux64_1.0.100.202602081740/tools/lib/gcc/arm-none-eabi/14.3.1/include/arm_mve.h **** #define vstrdq_scatter_shifted_offset_p_s64(__base, __offset, __value, __p) __arm_vstrdq_scatter_sh
 454:/opt/st/stm32cubeide_2.1.1/plugins/com.st.stm32cube.ide.mcu.externaltools.gnu-tools-for-stm32.14.3.rel1.linux64_1.0.100.202602081740/tools/lib/gcc/arm-none-eabi/14.3.1/include/arm_mve.h **** #define vstrdq_scatter_shifted_offset_p_u64(__base, __offset, __value, __p) __arm_vstrdq_scatter_sh
 455:/opt/st/stm32cubeide_2.1.1/plugins/com.st.stm32cube.ide.mcu.externaltools.gnu-tools-for-stm32.14.3.rel1.linux64_1.0.100.202602081740/tools/lib/gcc/arm-none-eabi/14.3.1/include/arm_mve.h **** #define vstrdq_scatter_shifted_offset_s64(__base, __offset, __value) __arm_vstrdq_scatter_shifted_o
 456:/opt/st/stm32cubeide_2.1.1/plugins/com.st.stm32cube.ide.mcu.externaltools.gnu-tools-for-stm32.14.3.rel1.linux64_1.0.100.202602081740/tools/lib/gcc/arm-none-eabi/14.3.1/include/arm_mve.h **** #define vstrdq_scatter_shifted_offset_u64(__base, __offset, __value) __arm_vstrdq_scatter_shifted_o
 457:/opt/st/stm32cubeide_2.1.1/plugins/com.st.stm32cube.ide.mcu.externaltools.gnu-tools-for-stm32.14.3.rel1.linux64_1.0.100.202602081740/tools/lib/gcc/arm-none-eabi/14.3.1/include/arm_mve.h **** #define vstrhq_scatter_offset_f16(__base, __offset, __value) __arm_vstrhq_scatter_offset_f16(__base
 458:/opt/st/stm32cubeide_2.1.1/plugins/com.st.stm32cube.ide.mcu.externaltools.gnu-tools-for-stm32.14.3.rel1.linux64_1.0.100.202602081740/tools/lib/gcc/arm-none-eabi/14.3.1/include/arm_mve.h **** #define vstrhq_scatter_offset_p_f16(__base, __offset, __value, __p) __arm_vstrhq_scatter_offset_p_f
 459:/opt/st/stm32cubeide_2.1.1/plugins/com.st.stm32cube.ide.mcu.externaltools.gnu-tools-for-stm32.14.3.rel1.linux64_1.0.100.202602081740/tools/lib/gcc/arm-none-eabi/14.3.1/include/arm_mve.h **** #define vstrhq_scatter_shifted_offset_f16(__base, __offset, __value) __arm_vstrhq_scatter_shifted_o
 460:/opt/st/stm32cubeide_2.1.1/plugins/com.st.stm32cube.ide.mcu.externaltools.gnu-tools-for-stm32.14.3.rel1.linux64_1.0.100.202602081740/tools/lib/gcc/arm-none-eabi/14.3.1/include/arm_mve.h **** #define vstrhq_scatter_shifted_offset_p_f16(__base, __offset, __value, __p) __arm_vstrhq_scatter_sh
 461:/opt/st/stm32cubeide_2.1.1/plugins/com.st.stm32cube.ide.mcu.externaltools.gnu-tools-for-stm32.14.3.rel1.linux64_1.0.100.202602081740/tools/lib/gcc/arm-none-eabi/14.3.1/include/arm_mve.h **** #define vstrwq_scatter_base_f32(__addr, __offset, __value) __arm_vstrwq_scatter_base_f32(__addr, __
 462:/opt/st/stm32cubeide_2.1.1/plugins/com.st.stm32cube.ide.mcu.externaltools.gnu-tools-for-stm32.14.3.rel1.linux64_1.0.100.202602081740/tools/lib/gcc/arm-none-eabi/14.3.1/include/arm_mve.h **** #define vstrwq_scatter_base_p_f32(__addr, __offset, __value, __p) __arm_vstrwq_scatter_base_p_f32(_
 463:/opt/st/stm32cubeide_2.1.1/plugins/com.st.stm32cube.ide.mcu.externaltools.gnu-tools-for-stm32.14.3.rel1.linux64_1.0.100.202602081740/tools/lib/gcc/arm-none-eabi/14.3.1/include/arm_mve.h **** #define vstrwq_scatter_offset_f32(__base, __offset, __value) __arm_vstrwq_scatter_offset_f32(__base
 464:/opt/st/stm32cubeide_2.1.1/plugins/com.st.stm32cube.ide.mcu.externaltools.gnu-tools-for-stm32.14.3.rel1.linux64_1.0.100.202602081740/tools/lib/gcc/arm-none-eabi/14.3.1/include/arm_mve.h **** #define vstrwq_scatter_offset_p_f32(__base, __offset, __value, __p) __arm_vstrwq_scatter_offset_p_f
 465:/opt/st/stm32cubeide_2.1.1/plugins/com.st.stm32cube.ide.mcu.externaltools.gnu-tools-for-stm32.14.3.rel1.linux64_1.0.100.202602081740/tools/lib/gcc/arm-none-eabi/14.3.1/include/arm_mve.h **** #define vstrwq_scatter_offset_p_s32(__base, __offset, __value, __p) __arm_vstrwq_scatter_offset_p_s
 466:/opt/st/stm32cubeide_2.1.1/plugins/com.st.stm32cube.ide.mcu.externaltools.gnu-tools-for-stm32.14.3.rel1.linux64_1.0.100.202602081740/tools/lib/gcc/arm-none-eabi/14.3.1/include/arm_mve.h **** #define vstrwq_scatter_offset_p_u32(__base, __offset, __value, __p) __arm_vstrwq_scatter_offset_p_u
 467:/opt/st/stm32cubeide_2.1.1/plugins/com.st.stm32cube.ide.mcu.externaltools.gnu-tools-for-stm32.14.3.rel1.linux64_1.0.100.202602081740/tools/lib/gcc/arm-none-eabi/14.3.1/include/arm_mve.h **** #define vstrwq_scatter_offset_s32(__base, __offset, __value) __arm_vstrwq_scatter_offset_s32(__base
 468:/opt/st/stm32cubeide_2.1.1/plugins/com.st.stm32cube.ide.mcu.externaltools.gnu-tools-for-stm32.14.3.rel1.linux64_1.0.100.202602081740/tools/lib/gcc/arm-none-eabi/14.3.1/include/arm_mve.h **** #define vstrwq_scatter_offset_u32(__base, __offset, __value) __arm_vstrwq_scatter_offset_u32(__base
 469:/opt/st/stm32cubeide_2.1.1/plugins/com.st.stm32cube.ide.mcu.externaltools.gnu-tools-for-stm32.14.3.rel1.linux64_1.0.100.202602081740/tools/lib/gcc/arm-none-eabi/14.3.1/include/arm_mve.h **** #define vstrwq_scatter_shifted_offset_f32(__base, __offset, __value) __arm_vstrwq_scatter_shifted_o
 470:/opt/st/stm32cubeide_2.1.1/plugins/com.st.stm32cube.ide.mcu.externaltools.gnu-tools-for-stm32.14.3.rel1.linux64_1.0.100.202602081740/tools/lib/gcc/arm-none-eabi/14.3.1/include/arm_mve.h **** #define vstrwq_scatter_shifted_offset_p_f32(__base, __offset, __value, __p) __arm_vstrwq_scatter_sh
 471:/opt/st/stm32cubeide_2.1.1/plugins/com.st.stm32cube.ide.mcu.externaltools.gnu-tools-for-stm32.14.3.rel1.linux64_1.0.100.202602081740/tools/lib/gcc/arm-none-eabi/14.3.1/include/arm_mve.h **** #define vstrwq_scatter_shifted_offset_p_s32(__base, __offset, __value, __p) __arm_vstrwq_scatter_sh
 472:/opt/st/stm32cubeide_2.1.1/plugins/com.st.stm32cube.ide.mcu.externaltools.gnu-tools-for-stm32.14.3.rel1.linux64_1.0.100.202602081740/tools/lib/gcc/arm-none-eabi/14.3.1/include/arm_mve.h **** #define vstrwq_scatter_shifted_offset_p_u32(__base, __offset, __value, __p) __arm_vstrwq_scatter_sh
 473:/opt/st/stm32cubeide_2.1.1/plugins/com.st.stm32cube.ide.mcu.externaltools.gnu-tools-for-stm32.14.3.rel1.linux64_1.0.100.202602081740/tools/lib/gcc/arm-none-eabi/14.3.1/include/arm_mve.h **** #define vstrwq_scatter_shifted_offset_s32(__base, __offset, __value) __arm_vstrwq_scatter_shifted_o
 474:/opt/st/stm32cubeide_2.1.1/plugins/com.st.stm32cube.ide.mcu.externaltools.gnu-tools-for-stm32.14.3.rel1.linux64_1.0.100.202602081740/tools/lib/gcc/arm-none-eabi/14.3.1/include/arm_mve.h **** #define vstrwq_scatter_shifted_offset_u32(__base, __offset, __value) __arm_vstrwq_scatter_shifted_o
 475:/opt/st/stm32cubeide_2.1.1/plugins/com.st.stm32cube.ide.mcu.externaltools.gnu-tools-for-stm32.14.3.rel1.linux64_1.0.100.202602081740/tools/lib/gcc/arm-none-eabi/14.3.1/include/arm_mve.h **** #define vuninitializedq_u8(void) __arm_vuninitializedq_u8(void)
 476:/opt/st/stm32cubeide_2.1.1/plugins/com.st.stm32cube.ide.mcu.externaltools.gnu-tools-for-stm32.14.3.rel1.linux64_1.0.100.202602081740/tools/lib/gcc/arm-none-eabi/14.3.1/include/arm_mve.h **** #define vuninitializedq_u16(void) __arm_vuninitializedq_u16(void)
 477:/opt/st/stm32cubeide_2.1.1/plugins/com.st.stm32cube.ide.mcu.externaltools.gnu-tools-for-stm32.14.3.rel1.linux64_1.0.100.202602081740/tools/lib/gcc/arm-none-eabi/14.3.1/include/arm_mve.h **** #define vuninitializedq_u32(void) __arm_vuninitializedq_u32(void)
 478:/opt/st/stm32cubeide_2.1.1/plugins/com.st.stm32cube.ide.mcu.externaltools.gnu-tools-for-stm32.14.3.rel1.linux64_1.0.100.202602081740/tools/lib/gcc/arm-none-eabi/14.3.1/include/arm_mve.h **** #define vuninitializedq_u64(void) __arm_vuninitializedq_u64(void)
 479:/opt/st/stm32cubeide_2.1.1/plugins/com.st.stm32cube.ide.mcu.externaltools.gnu-tools-for-stm32.14.3.rel1.linux64_1.0.100.202602081740/tools/lib/gcc/arm-none-eabi/14.3.1/include/arm_mve.h **** #define vuninitializedq_s8(void) __arm_vuninitializedq_s8(void)
 480:/opt/st/stm32cubeide_2.1.1/plugins/com.st.stm32cube.ide.mcu.externaltools.gnu-tools-for-stm32.14.3.rel1.linux64_1.0.100.202602081740/tools/lib/gcc/arm-none-eabi/14.3.1/include/arm_mve.h **** #define vuninitializedq_s16(void) __arm_vuninitializedq_s16(void)
 481:/opt/st/stm32cubeide_2.1.1/plugins/com.st.stm32cube.ide.mcu.externaltools.gnu-tools-for-stm32.14.3.rel1.linux64_1.0.100.202602081740/tools/lib/gcc/arm-none-eabi/14.3.1/include/arm_mve.h **** #define vuninitializedq_s32(void) __arm_vuninitializedq_s32(void)
 482:/opt/st/stm32cubeide_2.1.1/plugins/com.st.stm32cube.ide.mcu.externaltools.gnu-tools-for-stm32.14.3.rel1.linux64_1.0.100.202602081740/tools/lib/gcc/arm-none-eabi/14.3.1/include/arm_mve.h **** #define vuninitializedq_s64(void) __arm_vuninitializedq_s64(void)
 483:/opt/st/stm32cubeide_2.1.1/plugins/com.st.stm32cube.ide.mcu.externaltools.gnu-tools-for-stm32.14.3.rel1.linux64_1.0.100.202602081740/tools/lib/gcc/arm-none-eabi/14.3.1/include/arm_mve.h **** #define vuninitializedq_f16(void) __arm_vuninitializedq_f16(void)
 484:/opt/st/stm32cubeide_2.1.1/plugins/com.st.stm32cube.ide.mcu.externaltools.gnu-tools-for-stm32.14.3.rel1.linux64_1.0.100.202602081740/tools/lib/gcc/arm-none-eabi/14.3.1/include/arm_mve.h **** #define vuninitializedq_f32(void) __arm_vuninitializedq_f32(void)
 485:/opt/st/stm32cubeide_2.1.1/plugins/com.st.stm32cube.ide.mcu.externaltools.gnu-tools-for-stm32.14.3.rel1.linux64_1.0.100.202602081740/tools/lib/gcc/arm-none-eabi/14.3.1/include/arm_mve.h **** #define vddupq_m_n_u8(__inactive, __a,  __imm, __p) __arm_vddupq_m_n_u8(__inactive, __a,  __imm, __
 486:/opt/st/stm32cubeide_2.1.1/plugins/com.st.stm32cube.ide.mcu.externaltools.gnu-tools-for-stm32.14.3.rel1.linux64_1.0.100.202602081740/tools/lib/gcc/arm-none-eabi/14.3.1/include/arm_mve.h **** #define vddupq_m_n_u32(__inactive, __a,  __imm, __p) __arm_vddupq_m_n_u32(__inactive, __a,  __imm, 
 487:/opt/st/stm32cubeide_2.1.1/plugins/com.st.stm32cube.ide.mcu.externaltools.gnu-tools-for-stm32.14.3.rel1.linux64_1.0.100.202602081740/tools/lib/gcc/arm-none-eabi/14.3.1/include/arm_mve.h **** #define vddupq_m_n_u16(__inactive, __a,  __imm, __p) __arm_vddupq_m_n_u16(__inactive, __a,  __imm, 
 488:/opt/st/stm32cubeide_2.1.1/plugins/com.st.stm32cube.ide.mcu.externaltools.gnu-tools-for-stm32.14.3.rel1.linux64_1.0.100.202602081740/tools/lib/gcc/arm-none-eabi/14.3.1/include/arm_mve.h **** #define vddupq_m_wb_u8(__inactive,  __a,  __imm, __p) __arm_vddupq_m_wb_u8(__inactive,  __a,  __imm
 489:/opt/st/stm32cubeide_2.1.1/plugins/com.st.stm32cube.ide.mcu.externaltools.gnu-tools-for-stm32.14.3.rel1.linux64_1.0.100.202602081740/tools/lib/gcc/arm-none-eabi/14.3.1/include/arm_mve.h **** #define vddupq_m_wb_u16(__inactive,  __a,  __imm, __p) __arm_vddupq_m_wb_u16(__inactive,  __a,  __i
 490:/opt/st/stm32cubeide_2.1.1/plugins/com.st.stm32cube.ide.mcu.externaltools.gnu-tools-for-stm32.14.3.rel1.linux64_1.0.100.202602081740/tools/lib/gcc/arm-none-eabi/14.3.1/include/arm_mve.h **** #define vddupq_m_wb_u32(__inactive,  __a,  __imm, __p) __arm_vddupq_m_wb_u32(__inactive,  __a,  __i
 491:/opt/st/stm32cubeide_2.1.1/plugins/com.st.stm32cube.ide.mcu.externaltools.gnu-tools-for-stm32.14.3.rel1.linux64_1.0.100.202602081740/tools/lib/gcc/arm-none-eabi/14.3.1/include/arm_mve.h **** #define vddupq_n_u8(__a,  __imm) __arm_vddupq_n_u8(__a,  __imm)
 492:/opt/st/stm32cubeide_2.1.1/plugins/com.st.stm32cube.ide.mcu.externaltools.gnu-tools-for-stm32.14.3.rel1.linux64_1.0.100.202602081740/tools/lib/gcc/arm-none-eabi/14.3.1/include/arm_mve.h **** #define vddupq_n_u32(__a,  __imm) __arm_vddupq_n_u32(__a,  __imm)
 493:/opt/st/stm32cubeide_2.1.1/plugins/com.st.stm32cube.ide.mcu.externaltools.gnu-tools-for-stm32.14.3.rel1.linux64_1.0.100.202602081740/tools/lib/gcc/arm-none-eabi/14.3.1/include/arm_mve.h **** #define vddupq_n_u16(__a,  __imm) __arm_vddupq_n_u16(__a,  __imm)
 494:/opt/st/stm32cubeide_2.1.1/plugins/com.st.stm32cube.ide.mcu.externaltools.gnu-tools-for-stm32.14.3.rel1.linux64_1.0.100.202602081740/tools/lib/gcc/arm-none-eabi/14.3.1/include/arm_mve.h **** #define vddupq_wb_u8( __a,  __imm) __arm_vddupq_wb_u8( __a,  __imm)
 495:/opt/st/stm32cubeide_2.1.1/plugins/com.st.stm32cube.ide.mcu.externaltools.gnu-tools-for-stm32.14.3.rel1.linux64_1.0.100.202602081740/tools/lib/gcc/arm-none-eabi/14.3.1/include/arm_mve.h **** #define vddupq_wb_u16( __a,  __imm) __arm_vddupq_wb_u16( __a,  __imm)
 496:/opt/st/stm32cubeide_2.1.1/plugins/com.st.stm32cube.ide.mcu.externaltools.gnu-tools-for-stm32.14.3.rel1.linux64_1.0.100.202602081740/tools/lib/gcc/arm-none-eabi/14.3.1/include/arm_mve.h **** #define vddupq_wb_u32( __a,  __imm) __arm_vddupq_wb_u32( __a,  __imm)
 497:/opt/st/stm32cubeide_2.1.1/plugins/com.st.stm32cube.ide.mcu.externaltools.gnu-tools-for-stm32.14.3.rel1.linux64_1.0.100.202602081740/tools/lib/gcc/arm-none-eabi/14.3.1/include/arm_mve.h **** #define vdwdupq_m_n_u8(__inactive, __a, __b,  __imm, __p) __arm_vdwdupq_m_n_u8(__inactive, __a, __b
 498:/opt/st/stm32cubeide_2.1.1/plugins/com.st.stm32cube.ide.mcu.externaltools.gnu-tools-for-stm32.14.3.rel1.linux64_1.0.100.202602081740/tools/lib/gcc/arm-none-eabi/14.3.1/include/arm_mve.h **** #define vdwdupq_m_n_u32(__inactive, __a, __b,  __imm, __p) __arm_vdwdupq_m_n_u32(__inactive, __a, _
 499:/opt/st/stm32cubeide_2.1.1/plugins/com.st.stm32cube.ide.mcu.externaltools.gnu-tools-for-stm32.14.3.rel1.linux64_1.0.100.202602081740/tools/lib/gcc/arm-none-eabi/14.3.1/include/arm_mve.h **** #define vdwdupq_m_n_u16(__inactive, __a, __b,  __imm, __p) __arm_vdwdupq_m_n_u16(__inactive, __a, _
 500:/opt/st/stm32cubeide_2.1.1/plugins/com.st.stm32cube.ide.mcu.externaltools.gnu-tools-for-stm32.14.3.rel1.linux64_1.0.100.202602081740/tools/lib/gcc/arm-none-eabi/14.3.1/include/arm_mve.h **** #define vdwdupq_m_wb_u8(__inactive,  __a, __b,  __imm, __p) __arm_vdwdupq_m_wb_u8(__inactive,  __a,
 501:/opt/st/stm32cubeide_2.1.1/plugins/com.st.stm32cube.ide.mcu.externaltools.gnu-tools-for-stm32.14.3.rel1.linux64_1.0.100.202602081740/tools/lib/gcc/arm-none-eabi/14.3.1/include/arm_mve.h **** #define vdwdupq_m_wb_u32(__inactive,  __a, __b,  __imm, __p) __arm_vdwdupq_m_wb_u32(__inactive,  __
 502:/opt/st/stm32cubeide_2.1.1/plugins/com.st.stm32cube.ide.mcu.externaltools.gnu-tools-for-stm32.14.3.rel1.linux64_1.0.100.202602081740/tools/lib/gcc/arm-none-eabi/14.3.1/include/arm_mve.h **** #define vdwdupq_m_wb_u16(__inactive,  __a, __b,  __imm, __p) __arm_vdwdupq_m_wb_u16(__inactive,  __
 503:/opt/st/stm32cubeide_2.1.1/plugins/com.st.stm32cube.ide.mcu.externaltools.gnu-tools-for-stm32.14.3.rel1.linux64_1.0.100.202602081740/tools/lib/gcc/arm-none-eabi/14.3.1/include/arm_mve.h **** #define vdwdupq_n_u8(__a, __b,  __imm) __arm_vdwdupq_n_u8(__a, __b,  __imm)
 504:/opt/st/stm32cubeide_2.1.1/plugins/com.st.stm32cube.ide.mcu.externaltools.gnu-tools-for-stm32.14.3.rel1.linux64_1.0.100.202602081740/tools/lib/gcc/arm-none-eabi/14.3.1/include/arm_mve.h **** #define vdwdupq_n_u32(__a, __b,  __imm) __arm_vdwdupq_n_u32(__a, __b,  __imm)
 505:/opt/st/stm32cubeide_2.1.1/plugins/com.st.stm32cube.ide.mcu.externaltools.gnu-tools-for-stm32.14.3.rel1.linux64_1.0.100.202602081740/tools/lib/gcc/arm-none-eabi/14.3.1/include/arm_mve.h **** #define vdwdupq_n_u16(__a, __b,  __imm) __arm_vdwdupq_n_u16(__a, __b,  __imm)
 506:/opt/st/stm32cubeide_2.1.1/plugins/com.st.stm32cube.ide.mcu.externaltools.gnu-tools-for-stm32.14.3.rel1.linux64_1.0.100.202602081740/tools/lib/gcc/arm-none-eabi/14.3.1/include/arm_mve.h **** #define vdwdupq_wb_u8( __a, __b,  __imm) __arm_vdwdupq_wb_u8( __a, __b,  __imm)
 507:/opt/st/stm32cubeide_2.1.1/plugins/com.st.stm32cube.ide.mcu.externaltools.gnu-tools-for-stm32.14.3.rel1.linux64_1.0.100.202602081740/tools/lib/gcc/arm-none-eabi/14.3.1/include/arm_mve.h **** #define vdwdupq_wb_u32( __a, __b,  __imm) __arm_vdwdupq_wb_u32( __a, __b,  __imm)
 508:/opt/st/stm32cubeide_2.1.1/plugins/com.st.stm32cube.ide.mcu.externaltools.gnu-tools-for-stm32.14.3.rel1.linux64_1.0.100.202602081740/tools/lib/gcc/arm-none-eabi/14.3.1/include/arm_mve.h **** #define vdwdupq_wb_u16( __a, __b,  __imm) __arm_vdwdupq_wb_u16( __a, __b,  __imm)
ARM GAS  /tmp/ccS31Hxi.s 			page 13


 509:/opt/st/stm32cubeide_2.1.1/plugins/com.st.stm32cube.ide.mcu.externaltools.gnu-tools-for-stm32.14.3.rel1.linux64_1.0.100.202602081740/tools/lib/gcc/arm-none-eabi/14.3.1/include/arm_mve.h **** #define vidupq_m_n_u8(__inactive, __a,  __imm, __p) __arm_vidupq_m_n_u8(__inactive, __a,  __imm, __
 510:/opt/st/stm32cubeide_2.1.1/plugins/com.st.stm32cube.ide.mcu.externaltools.gnu-tools-for-stm32.14.3.rel1.linux64_1.0.100.202602081740/tools/lib/gcc/arm-none-eabi/14.3.1/include/arm_mve.h **** #define vidupq_m_n_u32(__inactive, __a,  __imm, __p) __arm_vidupq_m_n_u32(__inactive, __a,  __imm, 
 511:/opt/st/stm32cubeide_2.1.1/plugins/com.st.stm32cube.ide.mcu.externaltools.gnu-tools-for-stm32.14.3.rel1.linux64_1.0.100.202602081740/tools/lib/gcc/arm-none-eabi/14.3.1/include/arm_mve.h **** #define vidupq_m_n_u16(__inactive, __a,  __imm, __p) __arm_vidupq_m_n_u16(__inactive, __a,  __imm, 
 512:/opt/st/stm32cubeide_2.1.1/plugins/com.st.stm32cube.ide.mcu.externaltools.gnu-tools-for-stm32.14.3.rel1.linux64_1.0.100.202602081740/tools/lib/gcc/arm-none-eabi/14.3.1/include/arm_mve.h **** #define vidupq_m_wb_u8(__inactive,  __a,  __imm, __p) __arm_vidupq_m_wb_u8(__inactive,  __a,  __imm
 513:/opt/st/stm32cubeide_2.1.1/plugins/com.st.stm32cube.ide.mcu.externaltools.gnu-tools-for-stm32.14.3.rel1.linux64_1.0.100.202602081740/tools/lib/gcc/arm-none-eabi/14.3.1/include/arm_mve.h **** #define vidupq_m_wb_u16(__inactive,  __a,  __imm, __p) __arm_vidupq_m_wb_u16(__inactive,  __a,  __i
 514:/opt/st/stm32cubeide_2.1.1/plugins/com.st.stm32cube.ide.mcu.externaltools.gnu-tools-for-stm32.14.3.rel1.linux64_1.0.100.202602081740/tools/lib/gcc/arm-none-eabi/14.3.1/include/arm_mve.h **** #define vidupq_m_wb_u32(__inactive,  __a,  __imm, __p) __arm_vidupq_m_wb_u32(__inactive,  __a,  __i
 515:/opt/st/stm32cubeide_2.1.1/plugins/com.st.stm32cube.ide.mcu.externaltools.gnu-tools-for-stm32.14.3.rel1.linux64_1.0.100.202602081740/tools/lib/gcc/arm-none-eabi/14.3.1/include/arm_mve.h **** #define vidupq_n_u8(__a,  __imm) __arm_vidupq_n_u8(__a,  __imm)
 516:/opt/st/stm32cubeide_2.1.1/plugins/com.st.stm32cube.ide.mcu.externaltools.gnu-tools-for-stm32.14.3.rel1.linux64_1.0.100.202602081740/tools/lib/gcc/arm-none-eabi/14.3.1/include/arm_mve.h **** #define vidupq_n_u32(__a,  __imm) __arm_vidupq_n_u32(__a,  __imm)
 517:/opt/st/stm32cubeide_2.1.1/plugins/com.st.stm32cube.ide.mcu.externaltools.gnu-tools-for-stm32.14.3.rel1.linux64_1.0.100.202602081740/tools/lib/gcc/arm-none-eabi/14.3.1/include/arm_mve.h **** #define vidupq_n_u16(__a,  __imm) __arm_vidupq_n_u16(__a,  __imm)
 518:/opt/st/stm32cubeide_2.1.1/plugins/com.st.stm32cube.ide.mcu.externaltools.gnu-tools-for-stm32.14.3.rel1.linux64_1.0.100.202602081740/tools/lib/gcc/arm-none-eabi/14.3.1/include/arm_mve.h **** #define vidupq_wb_u8( __a,  __imm) __arm_vidupq_wb_u8( __a,  __imm)
 519:/opt/st/stm32cubeide_2.1.1/plugins/com.st.stm32cube.ide.mcu.externaltools.gnu-tools-for-stm32.14.3.rel1.linux64_1.0.100.202602081740/tools/lib/gcc/arm-none-eabi/14.3.1/include/arm_mve.h **** #define vidupq_wb_u16( __a,  __imm) __arm_vidupq_wb_u16( __a,  __imm)
 520:/opt/st/stm32cubeide_2.1.1/plugins/com.st.stm32cube.ide.mcu.externaltools.gnu-tools-for-stm32.14.3.rel1.linux64_1.0.100.202602081740/tools/lib/gcc/arm-none-eabi/14.3.1/include/arm_mve.h **** #define vidupq_wb_u32( __a,  __imm) __arm_vidupq_wb_u32( __a,  __imm)
 521:/opt/st/stm32cubeide_2.1.1/plugins/com.st.stm32cube.ide.mcu.externaltools.gnu-tools-for-stm32.14.3.rel1.linux64_1.0.100.202602081740/tools/lib/gcc/arm-none-eabi/14.3.1/include/arm_mve.h **** #define viwdupq_m_n_u8(__inactive, __a, __b,  __imm, __p) __arm_viwdupq_m_n_u8(__inactive, __a, __b
 522:/opt/st/stm32cubeide_2.1.1/plugins/com.st.stm32cube.ide.mcu.externaltools.gnu-tools-for-stm32.14.3.rel1.linux64_1.0.100.202602081740/tools/lib/gcc/arm-none-eabi/14.3.1/include/arm_mve.h **** #define viwdupq_m_n_u32(__inactive, __a, __b,  __imm, __p) __arm_viwdupq_m_n_u32(__inactive, __a, _
 523:/opt/st/stm32cubeide_2.1.1/plugins/com.st.stm32cube.ide.mcu.externaltools.gnu-tools-for-stm32.14.3.rel1.linux64_1.0.100.202602081740/tools/lib/gcc/arm-none-eabi/14.3.1/include/arm_mve.h **** #define viwdupq_m_n_u16(__inactive, __a, __b,  __imm, __p) __arm_viwdupq_m_n_u16(__inactive, __a, _
 524:/opt/st/stm32cubeide_2.1.1/plugins/com.st.stm32cube.ide.mcu.externaltools.gnu-tools-for-stm32.14.3.rel1.linux64_1.0.100.202602081740/tools/lib/gcc/arm-none-eabi/14.3.1/include/arm_mve.h **** #define viwdupq_m_wb_u8(__inactive,  __a, __b,  __imm, __p) __arm_viwdupq_m_wb_u8(__inactive,  __a,
 525:/opt/st/stm32cubeide_2.1.1/plugins/com.st.stm32cube.ide.mcu.externaltools.gnu-tools-for-stm32.14.3.rel1.linux64_1.0.100.202602081740/tools/lib/gcc/arm-none-eabi/14.3.1/include/arm_mve.h **** #define viwdupq_m_wb_u32(__inactive,  __a, __b,  __imm, __p) __arm_viwdupq_m_wb_u32(__inactive,  __
 526:/opt/st/stm32cubeide_2.1.1/plugins/com.st.stm32cube.ide.mcu.externaltools.gnu-tools-for-stm32.14.3.rel1.linux64_1.0.100.202602081740/tools/lib/gcc/arm-none-eabi/14.3.1/include/arm_mve.h **** #define viwdupq_m_wb_u16(__inactive,  __a, __b,  __imm, __p) __arm_viwdupq_m_wb_u16(__inactive,  __
 527:/opt/st/stm32cubeide_2.1.1/plugins/com.st.stm32cube.ide.mcu.externaltools.gnu-tools-for-stm32.14.3.rel1.linux64_1.0.100.202602081740/tools/lib/gcc/arm-none-eabi/14.3.1/include/arm_mve.h **** #define viwdupq_n_u8(__a, __b,  __imm) __arm_viwdupq_n_u8(__a, __b,  __imm)
 528:/opt/st/stm32cubeide_2.1.1/plugins/com.st.stm32cube.ide.mcu.externaltools.gnu-tools-for-stm32.14.3.rel1.linux64_1.0.100.202602081740/tools/lib/gcc/arm-none-eabi/14.3.1/include/arm_mve.h **** #define viwdupq_n_u32(__a, __b,  __imm) __arm_viwdupq_n_u32(__a, __b,  __imm)
 529:/opt/st/stm32cubeide_2.1.1/plugins/com.st.stm32cube.ide.mcu.externaltools.gnu-tools-for-stm32.14.3.rel1.linux64_1.0.100.202602081740/tools/lib/gcc/arm-none-eabi/14.3.1/include/arm_mve.h **** #define viwdupq_n_u16(__a, __b,  __imm) __arm_viwdupq_n_u16(__a, __b,  __imm)
 530:/opt/st/stm32cubeide_2.1.1/plugins/com.st.stm32cube.ide.mcu.externaltools.gnu-tools-for-stm32.14.3.rel1.linux64_1.0.100.202602081740/tools/lib/gcc/arm-none-eabi/14.3.1/include/arm_mve.h **** #define viwdupq_wb_u8( __a, __b,  __imm) __arm_viwdupq_wb_u8( __a, __b,  __imm)
 531:/opt/st/stm32cubeide_2.1.1/plugins/com.st.stm32cube.ide.mcu.externaltools.gnu-tools-for-stm32.14.3.rel1.linux64_1.0.100.202602081740/tools/lib/gcc/arm-none-eabi/14.3.1/include/arm_mve.h **** #define viwdupq_wb_u32( __a, __b,  __imm) __arm_viwdupq_wb_u32( __a, __b,  __imm)
 532:/opt/st/stm32cubeide_2.1.1/plugins/com.st.stm32cube.ide.mcu.externaltools.gnu-tools-for-stm32.14.3.rel1.linux64_1.0.100.202602081740/tools/lib/gcc/arm-none-eabi/14.3.1/include/arm_mve.h **** #define viwdupq_wb_u16( __a, __b,  __imm) __arm_viwdupq_wb_u16( __a, __b,  __imm)
 533:/opt/st/stm32cubeide_2.1.1/plugins/com.st.stm32cube.ide.mcu.externaltools.gnu-tools-for-stm32.14.3.rel1.linux64_1.0.100.202602081740/tools/lib/gcc/arm-none-eabi/14.3.1/include/arm_mve.h **** #define vldrdq_gather_base_wb_s64(__addr, __offset) __arm_vldrdq_gather_base_wb_s64(__addr, __offse
 534:/opt/st/stm32cubeide_2.1.1/plugins/com.st.stm32cube.ide.mcu.externaltools.gnu-tools-for-stm32.14.3.rel1.linux64_1.0.100.202602081740/tools/lib/gcc/arm-none-eabi/14.3.1/include/arm_mve.h **** #define vldrdq_gather_base_wb_u64(__addr, __offset) __arm_vldrdq_gather_base_wb_u64(__addr, __offse
 535:/opt/st/stm32cubeide_2.1.1/plugins/com.st.stm32cube.ide.mcu.externaltools.gnu-tools-for-stm32.14.3.rel1.linux64_1.0.100.202602081740/tools/lib/gcc/arm-none-eabi/14.3.1/include/arm_mve.h **** #define vldrdq_gather_base_wb_z_s64(__addr, __offset, __p) __arm_vldrdq_gather_base_wb_z_s64(__addr
 536:/opt/st/stm32cubeide_2.1.1/plugins/com.st.stm32cube.ide.mcu.externaltools.gnu-tools-for-stm32.14.3.rel1.linux64_1.0.100.202602081740/tools/lib/gcc/arm-none-eabi/14.3.1/include/arm_mve.h **** #define vldrdq_gather_base_wb_z_u64(__addr, __offset, __p) __arm_vldrdq_gather_base_wb_z_u64(__addr
 537:/opt/st/stm32cubeide_2.1.1/plugins/com.st.stm32cube.ide.mcu.externaltools.gnu-tools-for-stm32.14.3.rel1.linux64_1.0.100.202602081740/tools/lib/gcc/arm-none-eabi/14.3.1/include/arm_mve.h **** #define vldrwq_gather_base_wb_f32(__addr, __offset) __arm_vldrwq_gather_base_wb_f32(__addr, __offse
 538:/opt/st/stm32cubeide_2.1.1/plugins/com.st.stm32cube.ide.mcu.externaltools.gnu-tools-for-stm32.14.3.rel1.linux64_1.0.100.202602081740/tools/lib/gcc/arm-none-eabi/14.3.1/include/arm_mve.h **** #define vldrwq_gather_base_wb_s32(__addr, __offset) __arm_vldrwq_gather_base_wb_s32(__addr, __offse
 539:/opt/st/stm32cubeide_2.1.1/plugins/com.st.stm32cube.ide.mcu.externaltools.gnu-tools-for-stm32.14.3.rel1.linux64_1.0.100.202602081740/tools/lib/gcc/arm-none-eabi/14.3.1/include/arm_mve.h **** #define vldrwq_gather_base_wb_u32(__addr, __offset) __arm_vldrwq_gather_base_wb_u32(__addr, __offse
 540:/opt/st/stm32cubeide_2.1.1/plugins/com.st.stm32cube.ide.mcu.externaltools.gnu-tools-for-stm32.14.3.rel1.linux64_1.0.100.202602081740/tools/lib/gcc/arm-none-eabi/14.3.1/include/arm_mve.h **** #define vldrwq_gather_base_wb_z_f32(__addr, __offset, __p) __arm_vldrwq_gather_base_wb_z_f32(__addr
 541:/opt/st/stm32cubeide_2.1.1/plugins/com.st.stm32cube.ide.mcu.externaltools.gnu-tools-for-stm32.14.3.rel1.linux64_1.0.100.202602081740/tools/lib/gcc/arm-none-eabi/14.3.1/include/arm_mve.h **** #define vldrwq_gather_base_wb_z_s32(__addr, __offset, __p) __arm_vldrwq_gather_base_wb_z_s32(__addr
 542:/opt/st/stm32cubeide_2.1.1/plugins/com.st.stm32cube.ide.mcu.externaltools.gnu-tools-for-stm32.14.3.rel1.linux64_1.0.100.202602081740/tools/lib/gcc/arm-none-eabi/14.3.1/include/arm_mve.h **** #define vldrwq_gather_base_wb_z_u32(__addr, __offset, __p) __arm_vldrwq_gather_base_wb_z_u32(__addr
 543:/opt/st/stm32cubeide_2.1.1/plugins/com.st.stm32cube.ide.mcu.externaltools.gnu-tools-for-stm32.14.3.rel1.linux64_1.0.100.202602081740/tools/lib/gcc/arm-none-eabi/14.3.1/include/arm_mve.h **** #define vstrdq_scatter_base_wb_p_s64(__addr, __offset, __value, __p) __arm_vstrdq_scatter_base_wb_p
 544:/opt/st/stm32cubeide_2.1.1/plugins/com.st.stm32cube.ide.mcu.externaltools.gnu-tools-for-stm32.14.3.rel1.linux64_1.0.100.202602081740/tools/lib/gcc/arm-none-eabi/14.3.1/include/arm_mve.h **** #define vstrdq_scatter_base_wb_p_u64(__addr, __offset, __value, __p) __arm_vstrdq_scatter_base_wb_p
 545:/opt/st/stm32cubeide_2.1.1/plugins/com.st.stm32cube.ide.mcu.externaltools.gnu-tools-for-stm32.14.3.rel1.linux64_1.0.100.202602081740/tools/lib/gcc/arm-none-eabi/14.3.1/include/arm_mve.h **** #define vstrdq_scatter_base_wb_s64(__addr, __offset, __value) __arm_vstrdq_scatter_base_wb_s64(__ad
 546:/opt/st/stm32cubeide_2.1.1/plugins/com.st.stm32cube.ide.mcu.externaltools.gnu-tools-for-stm32.14.3.rel1.linux64_1.0.100.202602081740/tools/lib/gcc/arm-none-eabi/14.3.1/include/arm_mve.h **** #define vstrdq_scatter_base_wb_u64(__addr, __offset, __value) __arm_vstrdq_scatter_base_wb_u64(__ad
 547:/opt/st/stm32cubeide_2.1.1/plugins/com.st.stm32cube.ide.mcu.externaltools.gnu-tools-for-stm32.14.3.rel1.linux64_1.0.100.202602081740/tools/lib/gcc/arm-none-eabi/14.3.1/include/arm_mve.h **** #define vstrwq_scatter_base_wb_p_s32(__addr, __offset, __value, __p) __arm_vstrwq_scatter_base_wb_p
 548:/opt/st/stm32cubeide_2.1.1/plugins/com.st.stm32cube.ide.mcu.externaltools.gnu-tools-for-stm32.14.3.rel1.linux64_1.0.100.202602081740/tools/lib/gcc/arm-none-eabi/14.3.1/include/arm_mve.h **** #define vstrwq_scatter_base_wb_p_f32(__addr, __offset, __value, __p) __arm_vstrwq_scatter_base_wb_p
 549:/opt/st/stm32cubeide_2.1.1/plugins/com.st.stm32cube.ide.mcu.externaltools.gnu-tools-for-stm32.14.3.rel1.linux64_1.0.100.202602081740/tools/lib/gcc/arm-none-eabi/14.3.1/include/arm_mve.h **** #define vstrwq_scatter_base_wb_p_u32(__addr, __offset, __value, __p) __arm_vstrwq_scatter_base_wb_p
 550:/opt/st/stm32cubeide_2.1.1/plugins/com.st.stm32cube.ide.mcu.externaltools.gnu-tools-for-stm32.14.3.rel1.linux64_1.0.100.202602081740/tools/lib/gcc/arm-none-eabi/14.3.1/include/arm_mve.h **** #define vstrwq_scatter_base_wb_s32(__addr, __offset, __value) __arm_vstrwq_scatter_base_wb_s32(__ad
 551:/opt/st/stm32cubeide_2.1.1/plugins/com.st.stm32cube.ide.mcu.externaltools.gnu-tools-for-stm32.14.3.rel1.linux64_1.0.100.202602081740/tools/lib/gcc/arm-none-eabi/14.3.1/include/arm_mve.h **** #define vstrwq_scatter_base_wb_u32(__addr, __offset, __value) __arm_vstrwq_scatter_base_wb_u32(__ad
 552:/opt/st/stm32cubeide_2.1.1/plugins/com.st.stm32cube.ide.mcu.externaltools.gnu-tools-for-stm32.14.3.rel1.linux64_1.0.100.202602081740/tools/lib/gcc/arm-none-eabi/14.3.1/include/arm_mve.h **** #define vstrwq_scatter_base_wb_f32(__addr, __offset, __value) __arm_vstrwq_scatter_base_wb_f32(__ad
 553:/opt/st/stm32cubeide_2.1.1/plugins/com.st.stm32cube.ide.mcu.externaltools.gnu-tools-for-stm32.14.3.rel1.linux64_1.0.100.202602081740/tools/lib/gcc/arm-none-eabi/14.3.1/include/arm_mve.h **** #define vddupq_x_n_u8(__a,  __imm, __p) __arm_vddupq_x_n_u8(__a,  __imm, __p)
 554:/opt/st/stm32cubeide_2.1.1/plugins/com.st.stm32cube.ide.mcu.externaltools.gnu-tools-for-stm32.14.3.rel1.linux64_1.0.100.202602081740/tools/lib/gcc/arm-none-eabi/14.3.1/include/arm_mve.h **** #define vddupq_x_n_u16(__a,  __imm, __p) __arm_vddupq_x_n_u16(__a,  __imm, __p)
 555:/opt/st/stm32cubeide_2.1.1/plugins/com.st.stm32cube.ide.mcu.externaltools.gnu-tools-for-stm32.14.3.rel1.linux64_1.0.100.202602081740/tools/lib/gcc/arm-none-eabi/14.3.1/include/arm_mve.h **** #define vddupq_x_n_u32(__a,  __imm, __p) __arm_vddupq_x_n_u32(__a,  __imm, __p)
 556:/opt/st/stm32cubeide_2.1.1/plugins/com.st.stm32cube.ide.mcu.externaltools.gnu-tools-for-stm32.14.3.rel1.linux64_1.0.100.202602081740/tools/lib/gcc/arm-none-eabi/14.3.1/include/arm_mve.h **** #define vddupq_x_wb_u8(__a,  __imm, __p) __arm_vddupq_x_wb_u8(__a,  __imm, __p)
 557:/opt/st/stm32cubeide_2.1.1/plugins/com.st.stm32cube.ide.mcu.externaltools.gnu-tools-for-stm32.14.3.rel1.linux64_1.0.100.202602081740/tools/lib/gcc/arm-none-eabi/14.3.1/include/arm_mve.h **** #define vddupq_x_wb_u16(__a,  __imm, __p) __arm_vddupq_x_wb_u16(__a,  __imm, __p)
 558:/opt/st/stm32cubeide_2.1.1/plugins/com.st.stm32cube.ide.mcu.externaltools.gnu-tools-for-stm32.14.3.rel1.linux64_1.0.100.202602081740/tools/lib/gcc/arm-none-eabi/14.3.1/include/arm_mve.h **** #define vddupq_x_wb_u32(__a,  __imm, __p) __arm_vddupq_x_wb_u32(__a,  __imm, __p)
 559:/opt/st/stm32cubeide_2.1.1/plugins/com.st.stm32cube.ide.mcu.externaltools.gnu-tools-for-stm32.14.3.rel1.linux64_1.0.100.202602081740/tools/lib/gcc/arm-none-eabi/14.3.1/include/arm_mve.h **** #define vdwdupq_x_n_u8(__a, __b,  __imm, __p) __arm_vdwdupq_x_n_u8(__a, __b,  __imm, __p)
 560:/opt/st/stm32cubeide_2.1.1/plugins/com.st.stm32cube.ide.mcu.externaltools.gnu-tools-for-stm32.14.3.rel1.linux64_1.0.100.202602081740/tools/lib/gcc/arm-none-eabi/14.3.1/include/arm_mve.h **** #define vdwdupq_x_n_u16(__a, __b,  __imm, __p) __arm_vdwdupq_x_n_u16(__a, __b,  __imm, __p)
 561:/opt/st/stm32cubeide_2.1.1/plugins/com.st.stm32cube.ide.mcu.externaltools.gnu-tools-for-stm32.14.3.rel1.linux64_1.0.100.202602081740/tools/lib/gcc/arm-none-eabi/14.3.1/include/arm_mve.h **** #define vdwdupq_x_n_u32(__a, __b,  __imm, __p) __arm_vdwdupq_x_n_u32(__a, __b,  __imm, __p)
 562:/opt/st/stm32cubeide_2.1.1/plugins/com.st.stm32cube.ide.mcu.externaltools.gnu-tools-for-stm32.14.3.rel1.linux64_1.0.100.202602081740/tools/lib/gcc/arm-none-eabi/14.3.1/include/arm_mve.h **** #define vdwdupq_x_wb_u8(__a, __b,  __imm, __p) __arm_vdwdupq_x_wb_u8(__a, __b,  __imm, __p)
 563:/opt/st/stm32cubeide_2.1.1/plugins/com.st.stm32cube.ide.mcu.externaltools.gnu-tools-for-stm32.14.3.rel1.linux64_1.0.100.202602081740/tools/lib/gcc/arm-none-eabi/14.3.1/include/arm_mve.h **** #define vdwdupq_x_wb_u16(__a, __b,  __imm, __p) __arm_vdwdupq_x_wb_u16(__a, __b,  __imm, __p)
 564:/opt/st/stm32cubeide_2.1.1/plugins/com.st.stm32cube.ide.mcu.externaltools.gnu-tools-for-stm32.14.3.rel1.linux64_1.0.100.202602081740/tools/lib/gcc/arm-none-eabi/14.3.1/include/arm_mve.h **** #define vdwdupq_x_wb_u32(__a, __b,  __imm, __p) __arm_vdwdupq_x_wb_u32(__a, __b,  __imm, __p)
 565:/opt/st/stm32cubeide_2.1.1/plugins/com.st.stm32cube.ide.mcu.externaltools.gnu-tools-for-stm32.14.3.rel1.linux64_1.0.100.202602081740/tools/lib/gcc/arm-none-eabi/14.3.1/include/arm_mve.h **** #define vidupq_x_n_u8(__a,  __imm, __p) __arm_vidupq_x_n_u8(__a,  __imm, __p)
ARM GAS  /tmp/ccS31Hxi.s 			page 14


 566:/opt/st/stm32cubeide_2.1.1/plugins/com.st.stm32cube.ide.mcu.externaltools.gnu-tools-for-stm32.14.3.rel1.linux64_1.0.100.202602081740/tools/lib/gcc/arm-none-eabi/14.3.1/include/arm_mve.h **** #define vidupq_x_n_u16(__a,  __imm, __p) __arm_vidupq_x_n_u16(__a,  __imm, __p)
 567:/opt/st/stm32cubeide_2.1.1/plugins/com.st.stm32cube.ide.mcu.externaltools.gnu-tools-for-stm32.14.3.rel1.linux64_1.0.100.202602081740/tools/lib/gcc/arm-none-eabi/14.3.1/include/arm_mve.h **** #define vidupq_x_n_u32(__a,  __imm, __p) __arm_vidupq_x_n_u32(__a,  __imm, __p)
 568:/opt/st/stm32cubeide_2.1.1/plugins/com.st.stm32cube.ide.mcu.externaltools.gnu-tools-for-stm32.14.3.rel1.linux64_1.0.100.202602081740/tools/lib/gcc/arm-none-eabi/14.3.1/include/arm_mve.h **** #define vidupq_x_wb_u8(__a,  __imm, __p) __arm_vidupq_x_wb_u8(__a,  __imm, __p)
 569:/opt/st/stm32cubeide_2.1.1/plugins/com.st.stm32cube.ide.mcu.externaltools.gnu-tools-for-stm32.14.3.rel1.linux64_1.0.100.202602081740/tools/lib/gcc/arm-none-eabi/14.3.1/include/arm_mve.h **** #define vidupq_x_wb_u16(__a,  __imm, __p) __arm_vidupq_x_wb_u16(__a,  __imm, __p)
 570:/opt/st/stm32cubeide_2.1.1/plugins/com.st.stm32cube.ide.mcu.externaltools.gnu-tools-for-stm32.14.3.rel1.linux64_1.0.100.202602081740/tools/lib/gcc/arm-none-eabi/14.3.1/include/arm_mve.h **** #define vidupq_x_wb_u32(__a,  __imm, __p) __arm_vidupq_x_wb_u32(__a,  __imm, __p)
 571:/opt/st/stm32cubeide_2.1.1/plugins/com.st.stm32cube.ide.mcu.externaltools.gnu-tools-for-stm32.14.3.rel1.linux64_1.0.100.202602081740/tools/lib/gcc/arm-none-eabi/14.3.1/include/arm_mve.h **** #define viwdupq_x_n_u8(__a, __b,  __imm, __p) __arm_viwdupq_x_n_u8(__a, __b,  __imm, __p)
 572:/opt/st/stm32cubeide_2.1.1/plugins/com.st.stm32cube.ide.mcu.externaltools.gnu-tools-for-stm32.14.3.rel1.linux64_1.0.100.202602081740/tools/lib/gcc/arm-none-eabi/14.3.1/include/arm_mve.h **** #define viwdupq_x_n_u16(__a, __b,  __imm, __p) __arm_viwdupq_x_n_u16(__a, __b,  __imm, __p)
 573:/opt/st/stm32cubeide_2.1.1/plugins/com.st.stm32cube.ide.mcu.externaltools.gnu-tools-for-stm32.14.3.rel1.linux64_1.0.100.202602081740/tools/lib/gcc/arm-none-eabi/14.3.1/include/arm_mve.h **** #define viwdupq_x_n_u32(__a, __b,  __imm, __p) __arm_viwdupq_x_n_u32(__a, __b,  __imm, __p)
 574:/opt/st/stm32cubeide_2.1.1/plugins/com.st.stm32cube.ide.mcu.externaltools.gnu-tools-for-stm32.14.3.rel1.linux64_1.0.100.202602081740/tools/lib/gcc/arm-none-eabi/14.3.1/include/arm_mve.h **** #define viwdupq_x_wb_u8(__a, __b,  __imm, __p) __arm_viwdupq_x_wb_u8(__a, __b,  __imm, __p)
 575:/opt/st/stm32cubeide_2.1.1/plugins/com.st.stm32cube.ide.mcu.externaltools.gnu-tools-for-stm32.14.3.rel1.linux64_1.0.100.202602081740/tools/lib/gcc/arm-none-eabi/14.3.1/include/arm_mve.h **** #define viwdupq_x_wb_u16(__a, __b,  __imm, __p) __arm_viwdupq_x_wb_u16(__a, __b,  __imm, __p)
 576:/opt/st/stm32cubeide_2.1.1/plugins/com.st.stm32cube.ide.mcu.externaltools.gnu-tools-for-stm32.14.3.rel1.linux64_1.0.100.202602081740/tools/lib/gcc/arm-none-eabi/14.3.1/include/arm_mve.h **** #define viwdupq_x_wb_u32(__a, __b,  __imm, __p) __arm_viwdupq_x_wb_u32(__a, __b,  __imm, __p)
 577:/opt/st/stm32cubeide_2.1.1/plugins/com.st.stm32cube.ide.mcu.externaltools.gnu-tools-for-stm32.14.3.rel1.linux64_1.0.100.202602081740/tools/lib/gcc/arm-none-eabi/14.3.1/include/arm_mve.h **** #define vbicq_x_s8(__a, __b, __p) __arm_vbicq_x_s8(__a, __b, __p)
 578:/opt/st/stm32cubeide_2.1.1/plugins/com.st.stm32cube.ide.mcu.externaltools.gnu-tools-for-stm32.14.3.rel1.linux64_1.0.100.202602081740/tools/lib/gcc/arm-none-eabi/14.3.1/include/arm_mve.h **** #define vbicq_x_s16(__a, __b, __p) __arm_vbicq_x_s16(__a, __b, __p)
 579:/opt/st/stm32cubeide_2.1.1/plugins/com.st.stm32cube.ide.mcu.externaltools.gnu-tools-for-stm32.14.3.rel1.linux64_1.0.100.202602081740/tools/lib/gcc/arm-none-eabi/14.3.1/include/arm_mve.h **** #define vbicq_x_s32(__a, __b, __p) __arm_vbicq_x_s32(__a, __b, __p)
 580:/opt/st/stm32cubeide_2.1.1/plugins/com.st.stm32cube.ide.mcu.externaltools.gnu-tools-for-stm32.14.3.rel1.linux64_1.0.100.202602081740/tools/lib/gcc/arm-none-eabi/14.3.1/include/arm_mve.h **** #define vbicq_x_u8(__a, __b, __p) __arm_vbicq_x_u8(__a, __b, __p)
 581:/opt/st/stm32cubeide_2.1.1/plugins/com.st.stm32cube.ide.mcu.externaltools.gnu-tools-for-stm32.14.3.rel1.linux64_1.0.100.202602081740/tools/lib/gcc/arm-none-eabi/14.3.1/include/arm_mve.h **** #define vbicq_x_u16(__a, __b, __p) __arm_vbicq_x_u16(__a, __b, __p)
 582:/opt/st/stm32cubeide_2.1.1/plugins/com.st.stm32cube.ide.mcu.externaltools.gnu-tools-for-stm32.14.3.rel1.linux64_1.0.100.202602081740/tools/lib/gcc/arm-none-eabi/14.3.1/include/arm_mve.h **** #define vbicq_x_u32(__a, __b, __p) __arm_vbicq_x_u32(__a, __b, __p)
 583:/opt/st/stm32cubeide_2.1.1/plugins/com.st.stm32cube.ide.mcu.externaltools.gnu-tools-for-stm32.14.3.rel1.linux64_1.0.100.202602081740/tools/lib/gcc/arm-none-eabi/14.3.1/include/arm_mve.h **** #define vornq_x_s8(__a, __b, __p) __arm_vornq_x_s8(__a, __b, __p)
 584:/opt/st/stm32cubeide_2.1.1/plugins/com.st.stm32cube.ide.mcu.externaltools.gnu-tools-for-stm32.14.3.rel1.linux64_1.0.100.202602081740/tools/lib/gcc/arm-none-eabi/14.3.1/include/arm_mve.h **** #define vornq_x_s16(__a, __b, __p) __arm_vornq_x_s16(__a, __b, __p)
 585:/opt/st/stm32cubeide_2.1.1/plugins/com.st.stm32cube.ide.mcu.externaltools.gnu-tools-for-stm32.14.3.rel1.linux64_1.0.100.202602081740/tools/lib/gcc/arm-none-eabi/14.3.1/include/arm_mve.h **** #define vornq_x_s32(__a, __b, __p) __arm_vornq_x_s32(__a, __b, __p)
 586:/opt/st/stm32cubeide_2.1.1/plugins/com.st.stm32cube.ide.mcu.externaltools.gnu-tools-for-stm32.14.3.rel1.linux64_1.0.100.202602081740/tools/lib/gcc/arm-none-eabi/14.3.1/include/arm_mve.h **** #define vornq_x_u8(__a, __b, __p) __arm_vornq_x_u8(__a, __b, __p)
 587:/opt/st/stm32cubeide_2.1.1/plugins/com.st.stm32cube.ide.mcu.externaltools.gnu-tools-for-stm32.14.3.rel1.linux64_1.0.100.202602081740/tools/lib/gcc/arm-none-eabi/14.3.1/include/arm_mve.h **** #define vornq_x_u16(__a, __b, __p) __arm_vornq_x_u16(__a, __b, __p)
 588:/opt/st/stm32cubeide_2.1.1/plugins/com.st.stm32cube.ide.mcu.externaltools.gnu-tools-for-stm32.14.3.rel1.linux64_1.0.100.202602081740/tools/lib/gcc/arm-none-eabi/14.3.1/include/arm_mve.h **** #define vornq_x_u32(__a, __b, __p) __arm_vornq_x_u32(__a, __b, __p)
 589:/opt/st/stm32cubeide_2.1.1/plugins/com.st.stm32cube.ide.mcu.externaltools.gnu-tools-for-stm32.14.3.rel1.linux64_1.0.100.202602081740/tools/lib/gcc/arm-none-eabi/14.3.1/include/arm_mve.h **** #define vcvtaq_x_s16_f16(__a, __p) __arm_vcvtaq_x_s16_f16(__a, __p)
 590:/opt/st/stm32cubeide_2.1.1/plugins/com.st.stm32cube.ide.mcu.externaltools.gnu-tools-for-stm32.14.3.rel1.linux64_1.0.100.202602081740/tools/lib/gcc/arm-none-eabi/14.3.1/include/arm_mve.h **** #define vcvtaq_x_s32_f32(__a, __p) __arm_vcvtaq_x_s32_f32(__a, __p)
 591:/opt/st/stm32cubeide_2.1.1/plugins/com.st.stm32cube.ide.mcu.externaltools.gnu-tools-for-stm32.14.3.rel1.linux64_1.0.100.202602081740/tools/lib/gcc/arm-none-eabi/14.3.1/include/arm_mve.h **** #define vcvtaq_x_u16_f16(__a, __p) __arm_vcvtaq_x_u16_f16(__a, __p)
 592:/opt/st/stm32cubeide_2.1.1/plugins/com.st.stm32cube.ide.mcu.externaltools.gnu-tools-for-stm32.14.3.rel1.linux64_1.0.100.202602081740/tools/lib/gcc/arm-none-eabi/14.3.1/include/arm_mve.h **** #define vcvtaq_x_u32_f32(__a, __p) __arm_vcvtaq_x_u32_f32(__a, __p)
 593:/opt/st/stm32cubeide_2.1.1/plugins/com.st.stm32cube.ide.mcu.externaltools.gnu-tools-for-stm32.14.3.rel1.linux64_1.0.100.202602081740/tools/lib/gcc/arm-none-eabi/14.3.1/include/arm_mve.h **** #define vcvtnq_x_s16_f16(__a, __p) __arm_vcvtnq_x_s16_f16(__a, __p)
 594:/opt/st/stm32cubeide_2.1.1/plugins/com.st.stm32cube.ide.mcu.externaltools.gnu-tools-for-stm32.14.3.rel1.linux64_1.0.100.202602081740/tools/lib/gcc/arm-none-eabi/14.3.1/include/arm_mve.h **** #define vcvtnq_x_s32_f32(__a, __p) __arm_vcvtnq_x_s32_f32(__a, __p)
 595:/opt/st/stm32cubeide_2.1.1/plugins/com.st.stm32cube.ide.mcu.externaltools.gnu-tools-for-stm32.14.3.rel1.linux64_1.0.100.202602081740/tools/lib/gcc/arm-none-eabi/14.3.1/include/arm_mve.h **** #define vcvtnq_x_u16_f16(__a, __p) __arm_vcvtnq_x_u16_f16(__a, __p)
 596:/opt/st/stm32cubeide_2.1.1/plugins/com.st.stm32cube.ide.mcu.externaltools.gnu-tools-for-stm32.14.3.rel1.linux64_1.0.100.202602081740/tools/lib/gcc/arm-none-eabi/14.3.1/include/arm_mve.h **** #define vcvtnq_x_u32_f32(__a, __p) __arm_vcvtnq_x_u32_f32(__a, __p)
 597:/opt/st/stm32cubeide_2.1.1/plugins/com.st.stm32cube.ide.mcu.externaltools.gnu-tools-for-stm32.14.3.rel1.linux64_1.0.100.202602081740/tools/lib/gcc/arm-none-eabi/14.3.1/include/arm_mve.h **** #define vcvtpq_x_s16_f16(__a, __p) __arm_vcvtpq_x_s16_f16(__a, __p)
 598:/opt/st/stm32cubeide_2.1.1/plugins/com.st.stm32cube.ide.mcu.externaltools.gnu-tools-for-stm32.14.3.rel1.linux64_1.0.100.202602081740/tools/lib/gcc/arm-none-eabi/14.3.1/include/arm_mve.h **** #define vcvtpq_x_s32_f32(__a, __p) __arm_vcvtpq_x_s32_f32(__a, __p)
 599:/opt/st/stm32cubeide_2.1.1/plugins/com.st.stm32cube.ide.mcu.externaltools.gnu-tools-for-stm32.14.3.rel1.linux64_1.0.100.202602081740/tools/lib/gcc/arm-none-eabi/14.3.1/include/arm_mve.h **** #define vcvtpq_x_u16_f16(__a, __p) __arm_vcvtpq_x_u16_f16(__a, __p)
 600:/opt/st/stm32cubeide_2.1.1/plugins/com.st.stm32cube.ide.mcu.externaltools.gnu-tools-for-stm32.14.3.rel1.linux64_1.0.100.202602081740/tools/lib/gcc/arm-none-eabi/14.3.1/include/arm_mve.h **** #define vcvtpq_x_u32_f32(__a, __p) __arm_vcvtpq_x_u32_f32(__a, __p)
 601:/opt/st/stm32cubeide_2.1.1/plugins/com.st.stm32cube.ide.mcu.externaltools.gnu-tools-for-stm32.14.3.rel1.linux64_1.0.100.202602081740/tools/lib/gcc/arm-none-eabi/14.3.1/include/arm_mve.h **** #define vcvtmq_x_s16_f16(__a, __p) __arm_vcvtmq_x_s16_f16(__a, __p)
 602:/opt/st/stm32cubeide_2.1.1/plugins/com.st.stm32cube.ide.mcu.externaltools.gnu-tools-for-stm32.14.3.rel1.linux64_1.0.100.202602081740/tools/lib/gcc/arm-none-eabi/14.3.1/include/arm_mve.h **** #define vcvtmq_x_s32_f32(__a, __p) __arm_vcvtmq_x_s32_f32(__a, __p)
 603:/opt/st/stm32cubeide_2.1.1/plugins/com.st.stm32cube.ide.mcu.externaltools.gnu-tools-for-stm32.14.3.rel1.linux64_1.0.100.202602081740/tools/lib/gcc/arm-none-eabi/14.3.1/include/arm_mve.h **** #define vcvtmq_x_u16_f16(__a, __p) __arm_vcvtmq_x_u16_f16(__a, __p)
 604:/opt/st/stm32cubeide_2.1.1/plugins/com.st.stm32cube.ide.mcu.externaltools.gnu-tools-for-stm32.14.3.rel1.linux64_1.0.100.202602081740/tools/lib/gcc/arm-none-eabi/14.3.1/include/arm_mve.h **** #define vcvtmq_x_u32_f32(__a, __p) __arm_vcvtmq_x_u32_f32(__a, __p)
 605:/opt/st/stm32cubeide_2.1.1/plugins/com.st.stm32cube.ide.mcu.externaltools.gnu-tools-for-stm32.14.3.rel1.linux64_1.0.100.202602081740/tools/lib/gcc/arm-none-eabi/14.3.1/include/arm_mve.h **** #define vcvtbq_x_f32_f16(__a, __p) __arm_vcvtbq_x_f32_f16(__a, __p)
 606:/opt/st/stm32cubeide_2.1.1/plugins/com.st.stm32cube.ide.mcu.externaltools.gnu-tools-for-stm32.14.3.rel1.linux64_1.0.100.202602081740/tools/lib/gcc/arm-none-eabi/14.3.1/include/arm_mve.h **** #define vcvttq_x_f32_f16(__a, __p) __arm_vcvttq_x_f32_f16(__a, __p)
 607:/opt/st/stm32cubeide_2.1.1/plugins/com.st.stm32cube.ide.mcu.externaltools.gnu-tools-for-stm32.14.3.rel1.linux64_1.0.100.202602081740/tools/lib/gcc/arm-none-eabi/14.3.1/include/arm_mve.h **** #define vcvtq_x_f16_u16(__a, __p) __arm_vcvtq_x_f16_u16(__a, __p)
 608:/opt/st/stm32cubeide_2.1.1/plugins/com.st.stm32cube.ide.mcu.externaltools.gnu-tools-for-stm32.14.3.rel1.linux64_1.0.100.202602081740/tools/lib/gcc/arm-none-eabi/14.3.1/include/arm_mve.h **** #define vcvtq_x_f16_s16(__a, __p) __arm_vcvtq_x_f16_s16(__a, __p)
 609:/opt/st/stm32cubeide_2.1.1/plugins/com.st.stm32cube.ide.mcu.externaltools.gnu-tools-for-stm32.14.3.rel1.linux64_1.0.100.202602081740/tools/lib/gcc/arm-none-eabi/14.3.1/include/arm_mve.h **** #define vcvtq_x_f32_s32(__a, __p) __arm_vcvtq_x_f32_s32(__a, __p)
 610:/opt/st/stm32cubeide_2.1.1/plugins/com.st.stm32cube.ide.mcu.externaltools.gnu-tools-for-stm32.14.3.rel1.linux64_1.0.100.202602081740/tools/lib/gcc/arm-none-eabi/14.3.1/include/arm_mve.h **** #define vcvtq_x_f32_u32(__a, __p) __arm_vcvtq_x_f32_u32(__a, __p)
 611:/opt/st/stm32cubeide_2.1.1/plugins/com.st.stm32cube.ide.mcu.externaltools.gnu-tools-for-stm32.14.3.rel1.linux64_1.0.100.202602081740/tools/lib/gcc/arm-none-eabi/14.3.1/include/arm_mve.h **** #define vcvtq_x_n_f16_s16(__a,  __imm6, __p) __arm_vcvtq_x_n_f16_s16(__a,  __imm6, __p)
 612:/opt/st/stm32cubeide_2.1.1/plugins/com.st.stm32cube.ide.mcu.externaltools.gnu-tools-for-stm32.14.3.rel1.linux64_1.0.100.202602081740/tools/lib/gcc/arm-none-eabi/14.3.1/include/arm_mve.h **** #define vcvtq_x_n_f16_u16(__a,  __imm6, __p) __arm_vcvtq_x_n_f16_u16(__a,  __imm6, __p)
 613:/opt/st/stm32cubeide_2.1.1/plugins/com.st.stm32cube.ide.mcu.externaltools.gnu-tools-for-stm32.14.3.rel1.linux64_1.0.100.202602081740/tools/lib/gcc/arm-none-eabi/14.3.1/include/arm_mve.h **** #define vcvtq_x_n_f32_s32(__a,  __imm6, __p) __arm_vcvtq_x_n_f32_s32(__a,  __imm6, __p)
 614:/opt/st/stm32cubeide_2.1.1/plugins/com.st.stm32cube.ide.mcu.externaltools.gnu-tools-for-stm32.14.3.rel1.linux64_1.0.100.202602081740/tools/lib/gcc/arm-none-eabi/14.3.1/include/arm_mve.h **** #define vcvtq_x_n_f32_u32(__a,  __imm6, __p) __arm_vcvtq_x_n_f32_u32(__a,  __imm6, __p)
 615:/opt/st/stm32cubeide_2.1.1/plugins/com.st.stm32cube.ide.mcu.externaltools.gnu-tools-for-stm32.14.3.rel1.linux64_1.0.100.202602081740/tools/lib/gcc/arm-none-eabi/14.3.1/include/arm_mve.h **** #define vcvtq_x_s16_f16(__a, __p) __arm_vcvtq_x_s16_f16(__a, __p)
 616:/opt/st/stm32cubeide_2.1.1/plugins/com.st.stm32cube.ide.mcu.externaltools.gnu-tools-for-stm32.14.3.rel1.linux64_1.0.100.202602081740/tools/lib/gcc/arm-none-eabi/14.3.1/include/arm_mve.h **** #define vcvtq_x_s32_f32(__a, __p) __arm_vcvtq_x_s32_f32(__a, __p)
 617:/opt/st/stm32cubeide_2.1.1/plugins/com.st.stm32cube.ide.mcu.externaltools.gnu-tools-for-stm32.14.3.rel1.linux64_1.0.100.202602081740/tools/lib/gcc/arm-none-eabi/14.3.1/include/arm_mve.h **** #define vcvtq_x_u16_f16(__a, __p) __arm_vcvtq_x_u16_f16(__a, __p)
 618:/opt/st/stm32cubeide_2.1.1/plugins/com.st.stm32cube.ide.mcu.externaltools.gnu-tools-for-stm32.14.3.rel1.linux64_1.0.100.202602081740/tools/lib/gcc/arm-none-eabi/14.3.1/include/arm_mve.h **** #define vcvtq_x_u32_f32(__a, __p) __arm_vcvtq_x_u32_f32(__a, __p)
 619:/opt/st/stm32cubeide_2.1.1/plugins/com.st.stm32cube.ide.mcu.externaltools.gnu-tools-for-stm32.14.3.rel1.linux64_1.0.100.202602081740/tools/lib/gcc/arm-none-eabi/14.3.1/include/arm_mve.h **** #define vcvtq_x_n_s16_f16(__a,  __imm6, __p) __arm_vcvtq_x_n_s16_f16(__a,  __imm6, __p)
 620:/opt/st/stm32cubeide_2.1.1/plugins/com.st.stm32cube.ide.mcu.externaltools.gnu-tools-for-stm32.14.3.rel1.linux64_1.0.100.202602081740/tools/lib/gcc/arm-none-eabi/14.3.1/include/arm_mve.h **** #define vcvtq_x_n_s32_f32(__a,  __imm6, __p) __arm_vcvtq_x_n_s32_f32(__a,  __imm6, __p)
 621:/opt/st/stm32cubeide_2.1.1/plugins/com.st.stm32cube.ide.mcu.externaltools.gnu-tools-for-stm32.14.3.rel1.linux64_1.0.100.202602081740/tools/lib/gcc/arm-none-eabi/14.3.1/include/arm_mve.h **** #define vcvtq_x_n_u16_f16(__a,  __imm6, __p) __arm_vcvtq_x_n_u16_f16(__a,  __imm6, __p)
 622:/opt/st/stm32cubeide_2.1.1/plugins/com.st.stm32cube.ide.mcu.externaltools.gnu-tools-for-stm32.14.3.rel1.linux64_1.0.100.202602081740/tools/lib/gcc/arm-none-eabi/14.3.1/include/arm_mve.h **** #define vcvtq_x_n_u32_f32(__a,  __imm6, __p) __arm_vcvtq_x_n_u32_f32(__a,  __imm6, __p)
ARM GAS  /tmp/ccS31Hxi.s 			page 15


 623:/opt/st/stm32cubeide_2.1.1/plugins/com.st.stm32cube.ide.mcu.externaltools.gnu-tools-for-stm32.14.3.rel1.linux64_1.0.100.202602081740/tools/lib/gcc/arm-none-eabi/14.3.1/include/arm_mve.h **** #define vbicq_x_f16(__a, __b, __p) __arm_vbicq_x_f16(__a, __b, __p)
 624:/opt/st/stm32cubeide_2.1.1/plugins/com.st.stm32cube.ide.mcu.externaltools.gnu-tools-for-stm32.14.3.rel1.linux64_1.0.100.202602081740/tools/lib/gcc/arm-none-eabi/14.3.1/include/arm_mve.h **** #define vbicq_x_f32(__a, __b, __p) __arm_vbicq_x_f32(__a, __b, __p)
 625:/opt/st/stm32cubeide_2.1.1/plugins/com.st.stm32cube.ide.mcu.externaltools.gnu-tools-for-stm32.14.3.rel1.linux64_1.0.100.202602081740/tools/lib/gcc/arm-none-eabi/14.3.1/include/arm_mve.h **** #define vornq_x_f16(__a, __b, __p) __arm_vornq_x_f16(__a, __b, __p)
 626:/opt/st/stm32cubeide_2.1.1/plugins/com.st.stm32cube.ide.mcu.externaltools.gnu-tools-for-stm32.14.3.rel1.linux64_1.0.100.202602081740/tools/lib/gcc/arm-none-eabi/14.3.1/include/arm_mve.h **** #define vornq_x_f32(__a, __b, __p) __arm_vornq_x_f32(__a, __b, __p)
 627:/opt/st/stm32cubeide_2.1.1/plugins/com.st.stm32cube.ide.mcu.externaltools.gnu-tools-for-stm32.14.3.rel1.linux64_1.0.100.202602081740/tools/lib/gcc/arm-none-eabi/14.3.1/include/arm_mve.h **** #define vadciq_s32(__a, __b,  __carry_out) __arm_vadciq_s32(__a, __b,  __carry_out)
 628:/opt/st/stm32cubeide_2.1.1/plugins/com.st.stm32cube.ide.mcu.externaltools.gnu-tools-for-stm32.14.3.rel1.linux64_1.0.100.202602081740/tools/lib/gcc/arm-none-eabi/14.3.1/include/arm_mve.h **** #define vadciq_u32(__a, __b,  __carry_out) __arm_vadciq_u32(__a, __b,  __carry_out)
 629:/opt/st/stm32cubeide_2.1.1/plugins/com.st.stm32cube.ide.mcu.externaltools.gnu-tools-for-stm32.14.3.rel1.linux64_1.0.100.202602081740/tools/lib/gcc/arm-none-eabi/14.3.1/include/arm_mve.h **** #define vadciq_m_s32(__inactive, __a, __b,  __carry_out, __p) __arm_vadciq_m_s32(__inactive, __a, _
 630:/opt/st/stm32cubeide_2.1.1/plugins/com.st.stm32cube.ide.mcu.externaltools.gnu-tools-for-stm32.14.3.rel1.linux64_1.0.100.202602081740/tools/lib/gcc/arm-none-eabi/14.3.1/include/arm_mve.h **** #define vadciq_m_u32(__inactive, __a, __b,  __carry_out, __p) __arm_vadciq_m_u32(__inactive, __a, _
 631:/opt/st/stm32cubeide_2.1.1/plugins/com.st.stm32cube.ide.mcu.externaltools.gnu-tools-for-stm32.14.3.rel1.linux64_1.0.100.202602081740/tools/lib/gcc/arm-none-eabi/14.3.1/include/arm_mve.h **** #define vadcq_s32(__a, __b,  __carry) __arm_vadcq_s32(__a, __b,  __carry)
 632:/opt/st/stm32cubeide_2.1.1/plugins/com.st.stm32cube.ide.mcu.externaltools.gnu-tools-for-stm32.14.3.rel1.linux64_1.0.100.202602081740/tools/lib/gcc/arm-none-eabi/14.3.1/include/arm_mve.h **** #define vadcq_u32(__a, __b,  __carry) __arm_vadcq_u32(__a, __b,  __carry)
 633:/opt/st/stm32cubeide_2.1.1/plugins/com.st.stm32cube.ide.mcu.externaltools.gnu-tools-for-stm32.14.3.rel1.linux64_1.0.100.202602081740/tools/lib/gcc/arm-none-eabi/14.3.1/include/arm_mve.h **** #define vadcq_m_s32(__inactive, __a, __b,  __carry, __p) __arm_vadcq_m_s32(__inactive, __a, __b,  _
 634:/opt/st/stm32cubeide_2.1.1/plugins/com.st.stm32cube.ide.mcu.externaltools.gnu-tools-for-stm32.14.3.rel1.linux64_1.0.100.202602081740/tools/lib/gcc/arm-none-eabi/14.3.1/include/arm_mve.h **** #define vadcq_m_u32(__inactive, __a, __b,  __carry, __p) __arm_vadcq_m_u32(__inactive, __a, __b,  _
 635:/opt/st/stm32cubeide_2.1.1/plugins/com.st.stm32cube.ide.mcu.externaltools.gnu-tools-for-stm32.14.3.rel1.linux64_1.0.100.202602081740/tools/lib/gcc/arm-none-eabi/14.3.1/include/arm_mve.h **** #define vsbciq_s32(__a, __b,  __carry_out) __arm_vsbciq_s32(__a, __b,  __carry_out)
 636:/opt/st/stm32cubeide_2.1.1/plugins/com.st.stm32cube.ide.mcu.externaltools.gnu-tools-for-stm32.14.3.rel1.linux64_1.0.100.202602081740/tools/lib/gcc/arm-none-eabi/14.3.1/include/arm_mve.h **** #define vsbciq_u32(__a, __b,  __carry_out) __arm_vsbciq_u32(__a, __b,  __carry_out)
 637:/opt/st/stm32cubeide_2.1.1/plugins/com.st.stm32cube.ide.mcu.externaltools.gnu-tools-for-stm32.14.3.rel1.linux64_1.0.100.202602081740/tools/lib/gcc/arm-none-eabi/14.3.1/include/arm_mve.h **** #define vsbciq_m_s32(__inactive, __a, __b,  __carry_out, __p) __arm_vsbciq_m_s32(__inactive, __a, _
 638:/opt/st/stm32cubeide_2.1.1/plugins/com.st.stm32cube.ide.mcu.externaltools.gnu-tools-for-stm32.14.3.rel1.linux64_1.0.100.202602081740/tools/lib/gcc/arm-none-eabi/14.3.1/include/arm_mve.h **** #define vsbciq_m_u32(__inactive, __a, __b,  __carry_out, __p) __arm_vsbciq_m_u32(__inactive, __a, _
 639:/opt/st/stm32cubeide_2.1.1/plugins/com.st.stm32cube.ide.mcu.externaltools.gnu-tools-for-stm32.14.3.rel1.linux64_1.0.100.202602081740/tools/lib/gcc/arm-none-eabi/14.3.1/include/arm_mve.h **** #define vsbcq_s32(__a, __b,  __carry) __arm_vsbcq_s32(__a, __b,  __carry)
 640:/opt/st/stm32cubeide_2.1.1/plugins/com.st.stm32cube.ide.mcu.externaltools.gnu-tools-for-stm32.14.3.rel1.linux64_1.0.100.202602081740/tools/lib/gcc/arm-none-eabi/14.3.1/include/arm_mve.h **** #define vsbcq_u32(__a, __b,  __carry) __arm_vsbcq_u32(__a, __b,  __carry)
 641:/opt/st/stm32cubeide_2.1.1/plugins/com.st.stm32cube.ide.mcu.externaltools.gnu-tools-for-stm32.14.3.rel1.linux64_1.0.100.202602081740/tools/lib/gcc/arm-none-eabi/14.3.1/include/arm_mve.h **** #define vsbcq_m_s32(__inactive, __a, __b,  __carry, __p) __arm_vsbcq_m_s32(__inactive, __a, __b,  _
 642:/opt/st/stm32cubeide_2.1.1/plugins/com.st.stm32cube.ide.mcu.externaltools.gnu-tools-for-stm32.14.3.rel1.linux64_1.0.100.202602081740/tools/lib/gcc/arm-none-eabi/14.3.1/include/arm_mve.h **** #define vsbcq_m_u32(__inactive, __a, __b,  __carry, __p) __arm_vsbcq_m_u32(__inactive, __a, __b,  _
 643:/opt/st/stm32cubeide_2.1.1/plugins/com.st.stm32cube.ide.mcu.externaltools.gnu-tools-for-stm32.14.3.rel1.linux64_1.0.100.202602081740/tools/lib/gcc/arm-none-eabi/14.3.1/include/arm_mve.h **** #define vst1q_p_u8(__addr, __value, __p) __arm_vst1q_p_u8(__addr, __value, __p)
 644:/opt/st/stm32cubeide_2.1.1/plugins/com.st.stm32cube.ide.mcu.externaltools.gnu-tools-for-stm32.14.3.rel1.linux64_1.0.100.202602081740/tools/lib/gcc/arm-none-eabi/14.3.1/include/arm_mve.h **** #define vst1q_p_s8(__addr, __value, __p) __arm_vst1q_p_s8(__addr, __value, __p)
 645:/opt/st/stm32cubeide_2.1.1/plugins/com.st.stm32cube.ide.mcu.externaltools.gnu-tools-for-stm32.14.3.rel1.linux64_1.0.100.202602081740/tools/lib/gcc/arm-none-eabi/14.3.1/include/arm_mve.h **** #define vst2q_s8(__addr, __value) __arm_vst2q_s8(__addr, __value)
 646:/opt/st/stm32cubeide_2.1.1/plugins/com.st.stm32cube.ide.mcu.externaltools.gnu-tools-for-stm32.14.3.rel1.linux64_1.0.100.202602081740/tools/lib/gcc/arm-none-eabi/14.3.1/include/arm_mve.h **** #define vst2q_u8(__addr, __value) __arm_vst2q_u8(__addr, __value)
 647:/opt/st/stm32cubeide_2.1.1/plugins/com.st.stm32cube.ide.mcu.externaltools.gnu-tools-for-stm32.14.3.rel1.linux64_1.0.100.202602081740/tools/lib/gcc/arm-none-eabi/14.3.1/include/arm_mve.h **** #define vld1q_z_u8(__base, __p) __arm_vld1q_z_u8(__base, __p)
 648:/opt/st/stm32cubeide_2.1.1/plugins/com.st.stm32cube.ide.mcu.externaltools.gnu-tools-for-stm32.14.3.rel1.linux64_1.0.100.202602081740/tools/lib/gcc/arm-none-eabi/14.3.1/include/arm_mve.h **** #define vld1q_z_s8(__base, __p) __arm_vld1q_z_s8(__base, __p)
 649:/opt/st/stm32cubeide_2.1.1/plugins/com.st.stm32cube.ide.mcu.externaltools.gnu-tools-for-stm32.14.3.rel1.linux64_1.0.100.202602081740/tools/lib/gcc/arm-none-eabi/14.3.1/include/arm_mve.h **** #define vld2q_s8(__addr) __arm_vld2q_s8(__addr)
 650:/opt/st/stm32cubeide_2.1.1/plugins/com.st.stm32cube.ide.mcu.externaltools.gnu-tools-for-stm32.14.3.rel1.linux64_1.0.100.202602081740/tools/lib/gcc/arm-none-eabi/14.3.1/include/arm_mve.h **** #define vld2q_u8(__addr) __arm_vld2q_u8(__addr)
 651:/opt/st/stm32cubeide_2.1.1/plugins/com.st.stm32cube.ide.mcu.externaltools.gnu-tools-for-stm32.14.3.rel1.linux64_1.0.100.202602081740/tools/lib/gcc/arm-none-eabi/14.3.1/include/arm_mve.h **** #define vld4q_s8(__addr) __arm_vld4q_s8(__addr)
 652:/opt/st/stm32cubeide_2.1.1/plugins/com.st.stm32cube.ide.mcu.externaltools.gnu-tools-for-stm32.14.3.rel1.linux64_1.0.100.202602081740/tools/lib/gcc/arm-none-eabi/14.3.1/include/arm_mve.h **** #define vld4q_u8(__addr) __arm_vld4q_u8(__addr)
 653:/opt/st/stm32cubeide_2.1.1/plugins/com.st.stm32cube.ide.mcu.externaltools.gnu-tools-for-stm32.14.3.rel1.linux64_1.0.100.202602081740/tools/lib/gcc/arm-none-eabi/14.3.1/include/arm_mve.h **** #define vst1q_p_u16(__addr, __value, __p) __arm_vst1q_p_u16(__addr, __value, __p)
 654:/opt/st/stm32cubeide_2.1.1/plugins/com.st.stm32cube.ide.mcu.externaltools.gnu-tools-for-stm32.14.3.rel1.linux64_1.0.100.202602081740/tools/lib/gcc/arm-none-eabi/14.3.1/include/arm_mve.h **** #define vst1q_p_s16(__addr, __value, __p) __arm_vst1q_p_s16(__addr, __value, __p)
 655:/opt/st/stm32cubeide_2.1.1/plugins/com.st.stm32cube.ide.mcu.externaltools.gnu-tools-for-stm32.14.3.rel1.linux64_1.0.100.202602081740/tools/lib/gcc/arm-none-eabi/14.3.1/include/arm_mve.h **** #define vst2q_s16(__addr, __value) __arm_vst2q_s16(__addr, __value)
 656:/opt/st/stm32cubeide_2.1.1/plugins/com.st.stm32cube.ide.mcu.externaltools.gnu-tools-for-stm32.14.3.rel1.linux64_1.0.100.202602081740/tools/lib/gcc/arm-none-eabi/14.3.1/include/arm_mve.h **** #define vst2q_u16(__addr, __value) __arm_vst2q_u16(__addr, __value)
 657:/opt/st/stm32cubeide_2.1.1/plugins/com.st.stm32cube.ide.mcu.externaltools.gnu-tools-for-stm32.14.3.rel1.linux64_1.0.100.202602081740/tools/lib/gcc/arm-none-eabi/14.3.1/include/arm_mve.h **** #define vld1q_z_u16(__base, __p) __arm_vld1q_z_u16(__base, __p)
 658:/opt/st/stm32cubeide_2.1.1/plugins/com.st.stm32cube.ide.mcu.externaltools.gnu-tools-for-stm32.14.3.rel1.linux64_1.0.100.202602081740/tools/lib/gcc/arm-none-eabi/14.3.1/include/arm_mve.h **** #define vld1q_z_s16(__base, __p) __arm_vld1q_z_s16(__base, __p)
 659:/opt/st/stm32cubeide_2.1.1/plugins/com.st.stm32cube.ide.mcu.externaltools.gnu-tools-for-stm32.14.3.rel1.linux64_1.0.100.202602081740/tools/lib/gcc/arm-none-eabi/14.3.1/include/arm_mve.h **** #define vld2q_s16(__addr) __arm_vld2q_s16(__addr)
 660:/opt/st/stm32cubeide_2.1.1/plugins/com.st.stm32cube.ide.mcu.externaltools.gnu-tools-for-stm32.14.3.rel1.linux64_1.0.100.202602081740/tools/lib/gcc/arm-none-eabi/14.3.1/include/arm_mve.h **** #define vld2q_u16(__addr) __arm_vld2q_u16(__addr)
 661:/opt/st/stm32cubeide_2.1.1/plugins/com.st.stm32cube.ide.mcu.externaltools.gnu-tools-for-stm32.14.3.rel1.linux64_1.0.100.202602081740/tools/lib/gcc/arm-none-eabi/14.3.1/include/arm_mve.h **** #define vld4q_s16(__addr) __arm_vld4q_s16(__addr)
 662:/opt/st/stm32cubeide_2.1.1/plugins/com.st.stm32cube.ide.mcu.externaltools.gnu-tools-for-stm32.14.3.rel1.linux64_1.0.100.202602081740/tools/lib/gcc/arm-none-eabi/14.3.1/include/arm_mve.h **** #define vld4q_u16(__addr) __arm_vld4q_u16(__addr)
 663:/opt/st/stm32cubeide_2.1.1/plugins/com.st.stm32cube.ide.mcu.externaltools.gnu-tools-for-stm32.14.3.rel1.linux64_1.0.100.202602081740/tools/lib/gcc/arm-none-eabi/14.3.1/include/arm_mve.h **** #define vst1q_p_u32(__addr, __value, __p) __arm_vst1q_p_u32(__addr, __value, __p)
 664:/opt/st/stm32cubeide_2.1.1/plugins/com.st.stm32cube.ide.mcu.externaltools.gnu-tools-for-stm32.14.3.rel1.linux64_1.0.100.202602081740/tools/lib/gcc/arm-none-eabi/14.3.1/include/arm_mve.h **** #define vst1q_p_s32(__addr, __value, __p) __arm_vst1q_p_s32(__addr, __value, __p)
 665:/opt/st/stm32cubeide_2.1.1/plugins/com.st.stm32cube.ide.mcu.externaltools.gnu-tools-for-stm32.14.3.rel1.linux64_1.0.100.202602081740/tools/lib/gcc/arm-none-eabi/14.3.1/include/arm_mve.h **** #define vst2q_s32(__addr, __value) __arm_vst2q_s32(__addr, __value)
 666:/opt/st/stm32cubeide_2.1.1/plugins/com.st.stm32cube.ide.mcu.externaltools.gnu-tools-for-stm32.14.3.rel1.linux64_1.0.100.202602081740/tools/lib/gcc/arm-none-eabi/14.3.1/include/arm_mve.h **** #define vst2q_u32(__addr, __value) __arm_vst2q_u32(__addr, __value)
 667:/opt/st/stm32cubeide_2.1.1/plugins/com.st.stm32cube.ide.mcu.externaltools.gnu-tools-for-stm32.14.3.rel1.linux64_1.0.100.202602081740/tools/lib/gcc/arm-none-eabi/14.3.1/include/arm_mve.h **** #define vld1q_z_u32(__base, __p) __arm_vld1q_z_u32(__base, __p)
 668:/opt/st/stm32cubeide_2.1.1/plugins/com.st.stm32cube.ide.mcu.externaltools.gnu-tools-for-stm32.14.3.rel1.linux64_1.0.100.202602081740/tools/lib/gcc/arm-none-eabi/14.3.1/include/arm_mve.h **** #define vld1q_z_s32(__base, __p) __arm_vld1q_z_s32(__base, __p)
 669:/opt/st/stm32cubeide_2.1.1/plugins/com.st.stm32cube.ide.mcu.externaltools.gnu-tools-for-stm32.14.3.rel1.linux64_1.0.100.202602081740/tools/lib/gcc/arm-none-eabi/14.3.1/include/arm_mve.h **** #define vld2q_s32(__addr) __arm_vld2q_s32(__addr)
 670:/opt/st/stm32cubeide_2.1.1/plugins/com.st.stm32cube.ide.mcu.externaltools.gnu-tools-for-stm32.14.3.rel1.linux64_1.0.100.202602081740/tools/lib/gcc/arm-none-eabi/14.3.1/include/arm_mve.h **** #define vld2q_u32(__addr) __arm_vld2q_u32(__addr)
 671:/opt/st/stm32cubeide_2.1.1/plugins/com.st.stm32cube.ide.mcu.externaltools.gnu-tools-for-stm32.14.3.rel1.linux64_1.0.100.202602081740/tools/lib/gcc/arm-none-eabi/14.3.1/include/arm_mve.h **** #define vld4q_s32(__addr) __arm_vld4q_s32(__addr)
 672:/opt/st/stm32cubeide_2.1.1/plugins/com.st.stm32cube.ide.mcu.externaltools.gnu-tools-for-stm32.14.3.rel1.linux64_1.0.100.202602081740/tools/lib/gcc/arm-none-eabi/14.3.1/include/arm_mve.h **** #define vld4q_u32(__addr) __arm_vld4q_u32(__addr)
 673:/opt/st/stm32cubeide_2.1.1/plugins/com.st.stm32cube.ide.mcu.externaltools.gnu-tools-for-stm32.14.3.rel1.linux64_1.0.100.202602081740/tools/lib/gcc/arm-none-eabi/14.3.1/include/arm_mve.h **** #define vld4q_f16(__addr) __arm_vld4q_f16(__addr)
 674:/opt/st/stm32cubeide_2.1.1/plugins/com.st.stm32cube.ide.mcu.externaltools.gnu-tools-for-stm32.14.3.rel1.linux64_1.0.100.202602081740/tools/lib/gcc/arm-none-eabi/14.3.1/include/arm_mve.h **** #define vld2q_f16(__addr) __arm_vld2q_f16(__addr)
 675:/opt/st/stm32cubeide_2.1.1/plugins/com.st.stm32cube.ide.mcu.externaltools.gnu-tools-for-stm32.14.3.rel1.linux64_1.0.100.202602081740/tools/lib/gcc/arm-none-eabi/14.3.1/include/arm_mve.h **** #define vld1q_z_f16(__base, __p) __arm_vld1q_z_f16(__base, __p)
 676:/opt/st/stm32cubeide_2.1.1/plugins/com.st.stm32cube.ide.mcu.externaltools.gnu-tools-for-stm32.14.3.rel1.linux64_1.0.100.202602081740/tools/lib/gcc/arm-none-eabi/14.3.1/include/arm_mve.h **** #define vst2q_f16(__addr, __value) __arm_vst2q_f16(__addr, __value)
 677:/opt/st/stm32cubeide_2.1.1/plugins/com.st.stm32cube.ide.mcu.externaltools.gnu-tools-for-stm32.14.3.rel1.linux64_1.0.100.202602081740/tools/lib/gcc/arm-none-eabi/14.3.1/include/arm_mve.h **** #define vst1q_p_f16(__addr, __value, __p) __arm_vst1q_p_f16(__addr, __value, __p)
 678:/opt/st/stm32cubeide_2.1.1/plugins/com.st.stm32cube.ide.mcu.externaltools.gnu-tools-for-stm32.14.3.rel1.linux64_1.0.100.202602081740/tools/lib/gcc/arm-none-eabi/14.3.1/include/arm_mve.h **** #define vld4q_f32(__addr) __arm_vld4q_f32(__addr)
 679:/opt/st/stm32cubeide_2.1.1/plugins/com.st.stm32cube.ide.mcu.externaltools.gnu-tools-for-stm32.14.3.rel1.linux64_1.0.100.202602081740/tools/lib/gcc/arm-none-eabi/14.3.1/include/arm_mve.h **** #define vld2q_f32(__addr) __arm_vld2q_f32(__addr)
ARM GAS  /tmp/ccS31Hxi.s 			page 16


 680:/opt/st/stm32cubeide_2.1.1/plugins/com.st.stm32cube.ide.mcu.externaltools.gnu-tools-for-stm32.14.3.rel1.linux64_1.0.100.202602081740/tools/lib/gcc/arm-none-eabi/14.3.1/include/arm_mve.h **** #define vld1q_z_f32(__base, __p) __arm_vld1q_z_f32(__base, __p)
 681:/opt/st/stm32cubeide_2.1.1/plugins/com.st.stm32cube.ide.mcu.externaltools.gnu-tools-for-stm32.14.3.rel1.linux64_1.0.100.202602081740/tools/lib/gcc/arm-none-eabi/14.3.1/include/arm_mve.h **** #define vst2q_f32(__addr, __value) __arm_vst2q_f32(__addr, __value)
 682:/opt/st/stm32cubeide_2.1.1/plugins/com.st.stm32cube.ide.mcu.externaltools.gnu-tools-for-stm32.14.3.rel1.linux64_1.0.100.202602081740/tools/lib/gcc/arm-none-eabi/14.3.1/include/arm_mve.h **** #define vst1q_p_f32(__addr, __value, __p) __arm_vst1q_p_f32(__addr, __value, __p)
 683:/opt/st/stm32cubeide_2.1.1/plugins/com.st.stm32cube.ide.mcu.externaltools.gnu-tools-for-stm32.14.3.rel1.linux64_1.0.100.202602081740/tools/lib/gcc/arm-none-eabi/14.3.1/include/arm_mve.h **** #define vsetq_lane_f16(__a, __b,  __idx) __arm_vsetq_lane_f16(__a, __b,  __idx)
 684:/opt/st/stm32cubeide_2.1.1/plugins/com.st.stm32cube.ide.mcu.externaltools.gnu-tools-for-stm32.14.3.rel1.linux64_1.0.100.202602081740/tools/lib/gcc/arm-none-eabi/14.3.1/include/arm_mve.h **** #define vsetq_lane_f32(__a, __b,  __idx) __arm_vsetq_lane_f32(__a, __b,  __idx)
 685:/opt/st/stm32cubeide_2.1.1/plugins/com.st.stm32cube.ide.mcu.externaltools.gnu-tools-for-stm32.14.3.rel1.linux64_1.0.100.202602081740/tools/lib/gcc/arm-none-eabi/14.3.1/include/arm_mve.h **** #define vsetq_lane_s16(__a, __b,  __idx) __arm_vsetq_lane_s16(__a, __b,  __idx)
 686:/opt/st/stm32cubeide_2.1.1/plugins/com.st.stm32cube.ide.mcu.externaltools.gnu-tools-for-stm32.14.3.rel1.linux64_1.0.100.202602081740/tools/lib/gcc/arm-none-eabi/14.3.1/include/arm_mve.h **** #define vsetq_lane_s32(__a, __b,  __idx) __arm_vsetq_lane_s32(__a, __b,  __idx)
 687:/opt/st/stm32cubeide_2.1.1/plugins/com.st.stm32cube.ide.mcu.externaltools.gnu-tools-for-stm32.14.3.rel1.linux64_1.0.100.202602081740/tools/lib/gcc/arm-none-eabi/14.3.1/include/arm_mve.h **** #define vsetq_lane_s8(__a, __b,  __idx) __arm_vsetq_lane_s8(__a, __b,  __idx)
 688:/opt/st/stm32cubeide_2.1.1/plugins/com.st.stm32cube.ide.mcu.externaltools.gnu-tools-for-stm32.14.3.rel1.linux64_1.0.100.202602081740/tools/lib/gcc/arm-none-eabi/14.3.1/include/arm_mve.h **** #define vsetq_lane_s64(__a, __b,  __idx) __arm_vsetq_lane_s64(__a, __b,  __idx)
 689:/opt/st/stm32cubeide_2.1.1/plugins/com.st.stm32cube.ide.mcu.externaltools.gnu-tools-for-stm32.14.3.rel1.linux64_1.0.100.202602081740/tools/lib/gcc/arm-none-eabi/14.3.1/include/arm_mve.h **** #define vsetq_lane_u8(__a, __b,  __idx) __arm_vsetq_lane_u8(__a, __b,  __idx)
 690:/opt/st/stm32cubeide_2.1.1/plugins/com.st.stm32cube.ide.mcu.externaltools.gnu-tools-for-stm32.14.3.rel1.linux64_1.0.100.202602081740/tools/lib/gcc/arm-none-eabi/14.3.1/include/arm_mve.h **** #define vsetq_lane_u16(__a, __b,  __idx) __arm_vsetq_lane_u16(__a, __b,  __idx)
 691:/opt/st/stm32cubeide_2.1.1/plugins/com.st.stm32cube.ide.mcu.externaltools.gnu-tools-for-stm32.14.3.rel1.linux64_1.0.100.202602081740/tools/lib/gcc/arm-none-eabi/14.3.1/include/arm_mve.h **** #define vsetq_lane_u32(__a, __b,  __idx) __arm_vsetq_lane_u32(__a, __b,  __idx)
 692:/opt/st/stm32cubeide_2.1.1/plugins/com.st.stm32cube.ide.mcu.externaltools.gnu-tools-for-stm32.14.3.rel1.linux64_1.0.100.202602081740/tools/lib/gcc/arm-none-eabi/14.3.1/include/arm_mve.h **** #define vsetq_lane_u64(__a, __b,  __idx) __arm_vsetq_lane_u64(__a, __b,  __idx)
 693:/opt/st/stm32cubeide_2.1.1/plugins/com.st.stm32cube.ide.mcu.externaltools.gnu-tools-for-stm32.14.3.rel1.linux64_1.0.100.202602081740/tools/lib/gcc/arm-none-eabi/14.3.1/include/arm_mve.h **** #define vgetq_lane_f16(__a,  __idx) __arm_vgetq_lane_f16(__a,  __idx)
 694:/opt/st/stm32cubeide_2.1.1/plugins/com.st.stm32cube.ide.mcu.externaltools.gnu-tools-for-stm32.14.3.rel1.linux64_1.0.100.202602081740/tools/lib/gcc/arm-none-eabi/14.3.1/include/arm_mve.h **** #define vgetq_lane_f32(__a,  __idx) __arm_vgetq_lane_f32(__a,  __idx)
 695:/opt/st/stm32cubeide_2.1.1/plugins/com.st.stm32cube.ide.mcu.externaltools.gnu-tools-for-stm32.14.3.rel1.linux64_1.0.100.202602081740/tools/lib/gcc/arm-none-eabi/14.3.1/include/arm_mve.h **** #define vgetq_lane_s16(__a,  __idx) __arm_vgetq_lane_s16(__a,  __idx)
 696:/opt/st/stm32cubeide_2.1.1/plugins/com.st.stm32cube.ide.mcu.externaltools.gnu-tools-for-stm32.14.3.rel1.linux64_1.0.100.202602081740/tools/lib/gcc/arm-none-eabi/14.3.1/include/arm_mve.h **** #define vgetq_lane_s32(__a,  __idx) __arm_vgetq_lane_s32(__a,  __idx)
 697:/opt/st/stm32cubeide_2.1.1/plugins/com.st.stm32cube.ide.mcu.externaltools.gnu-tools-for-stm32.14.3.rel1.linux64_1.0.100.202602081740/tools/lib/gcc/arm-none-eabi/14.3.1/include/arm_mve.h **** #define vgetq_lane_s8(__a,  __idx) __arm_vgetq_lane_s8(__a,  __idx)
 698:/opt/st/stm32cubeide_2.1.1/plugins/com.st.stm32cube.ide.mcu.externaltools.gnu-tools-for-stm32.14.3.rel1.linux64_1.0.100.202602081740/tools/lib/gcc/arm-none-eabi/14.3.1/include/arm_mve.h **** #define vgetq_lane_s64(__a,  __idx) __arm_vgetq_lane_s64(__a,  __idx)
 699:/opt/st/stm32cubeide_2.1.1/plugins/com.st.stm32cube.ide.mcu.externaltools.gnu-tools-for-stm32.14.3.rel1.linux64_1.0.100.202602081740/tools/lib/gcc/arm-none-eabi/14.3.1/include/arm_mve.h **** #define vgetq_lane_u8(__a,  __idx) __arm_vgetq_lane_u8(__a,  __idx)
 700:/opt/st/stm32cubeide_2.1.1/plugins/com.st.stm32cube.ide.mcu.externaltools.gnu-tools-for-stm32.14.3.rel1.linux64_1.0.100.202602081740/tools/lib/gcc/arm-none-eabi/14.3.1/include/arm_mve.h **** #define vgetq_lane_u16(__a,  __idx) __arm_vgetq_lane_u16(__a,  __idx)
 701:/opt/st/stm32cubeide_2.1.1/plugins/com.st.stm32cube.ide.mcu.externaltools.gnu-tools-for-stm32.14.3.rel1.linux64_1.0.100.202602081740/tools/lib/gcc/arm-none-eabi/14.3.1/include/arm_mve.h **** #define vgetq_lane_u32(__a,  __idx) __arm_vgetq_lane_u32(__a,  __idx)
 702:/opt/st/stm32cubeide_2.1.1/plugins/com.st.stm32cube.ide.mcu.externaltools.gnu-tools-for-stm32.14.3.rel1.linux64_1.0.100.202602081740/tools/lib/gcc/arm-none-eabi/14.3.1/include/arm_mve.h **** #define vgetq_lane_u64(__a,  __idx) __arm_vgetq_lane_u64(__a,  __idx)
 703:/opt/st/stm32cubeide_2.1.1/plugins/com.st.stm32cube.ide.mcu.externaltools.gnu-tools-for-stm32.14.3.rel1.linux64_1.0.100.202602081740/tools/lib/gcc/arm-none-eabi/14.3.1/include/arm_mve.h **** #define sqrshr(__p0, __p1) __arm_sqrshr(__p0, __p1)
 704:/opt/st/stm32cubeide_2.1.1/plugins/com.st.stm32cube.ide.mcu.externaltools.gnu-tools-for-stm32.14.3.rel1.linux64_1.0.100.202602081740/tools/lib/gcc/arm-none-eabi/14.3.1/include/arm_mve.h **** #define sqrshrl(__p0, __p1) __arm_sqrshrl(__p0, __p1)
 705:/opt/st/stm32cubeide_2.1.1/plugins/com.st.stm32cube.ide.mcu.externaltools.gnu-tools-for-stm32.14.3.rel1.linux64_1.0.100.202602081740/tools/lib/gcc/arm-none-eabi/14.3.1/include/arm_mve.h **** #define sqrshrl_sat48(__p0, __p1) __arm_sqrshrl_sat48(__p0, __p1)
 706:/opt/st/stm32cubeide_2.1.1/plugins/com.st.stm32cube.ide.mcu.externaltools.gnu-tools-for-stm32.14.3.rel1.linux64_1.0.100.202602081740/tools/lib/gcc/arm-none-eabi/14.3.1/include/arm_mve.h **** #define sqshl(__p0, __p1) __arm_sqshl(__p0, __p1)
 707:/opt/st/stm32cubeide_2.1.1/plugins/com.st.stm32cube.ide.mcu.externaltools.gnu-tools-for-stm32.14.3.rel1.linux64_1.0.100.202602081740/tools/lib/gcc/arm-none-eabi/14.3.1/include/arm_mve.h **** #define sqshll(__p0, __p1) __arm_sqshll(__p0, __p1)
 708:/opt/st/stm32cubeide_2.1.1/plugins/com.st.stm32cube.ide.mcu.externaltools.gnu-tools-for-stm32.14.3.rel1.linux64_1.0.100.202602081740/tools/lib/gcc/arm-none-eabi/14.3.1/include/arm_mve.h **** #define srshr(__p0, __p1) __arm_srshr(__p0, __p1)
 709:/opt/st/stm32cubeide_2.1.1/plugins/com.st.stm32cube.ide.mcu.externaltools.gnu-tools-for-stm32.14.3.rel1.linux64_1.0.100.202602081740/tools/lib/gcc/arm-none-eabi/14.3.1/include/arm_mve.h **** #define srshrl(__p0, __p1) __arm_srshrl(__p0, __p1)
 710:/opt/st/stm32cubeide_2.1.1/plugins/com.st.stm32cube.ide.mcu.externaltools.gnu-tools-for-stm32.14.3.rel1.linux64_1.0.100.202602081740/tools/lib/gcc/arm-none-eabi/14.3.1/include/arm_mve.h **** #define uqrshl(__p0, __p1) __arm_uqrshl(__p0, __p1)
 711:/opt/st/stm32cubeide_2.1.1/plugins/com.st.stm32cube.ide.mcu.externaltools.gnu-tools-for-stm32.14.3.rel1.linux64_1.0.100.202602081740/tools/lib/gcc/arm-none-eabi/14.3.1/include/arm_mve.h **** #define uqrshll(__p0, __p1) __arm_uqrshll(__p0, __p1)
 712:/opt/st/stm32cubeide_2.1.1/plugins/com.st.stm32cube.ide.mcu.externaltools.gnu-tools-for-stm32.14.3.rel1.linux64_1.0.100.202602081740/tools/lib/gcc/arm-none-eabi/14.3.1/include/arm_mve.h **** #define uqrshll_sat48(__p0, __p1) __arm_uqrshll_sat48(__p0, __p1)
 713:/opt/st/stm32cubeide_2.1.1/plugins/com.st.stm32cube.ide.mcu.externaltools.gnu-tools-for-stm32.14.3.rel1.linux64_1.0.100.202602081740/tools/lib/gcc/arm-none-eabi/14.3.1/include/arm_mve.h **** #define uqshl(__p0, __p1) __arm_uqshl(__p0, __p1)
 714:/opt/st/stm32cubeide_2.1.1/plugins/com.st.stm32cube.ide.mcu.externaltools.gnu-tools-for-stm32.14.3.rel1.linux64_1.0.100.202602081740/tools/lib/gcc/arm-none-eabi/14.3.1/include/arm_mve.h **** #define uqshll(__p0, __p1) __arm_uqshll(__p0, __p1)
 715:/opt/st/stm32cubeide_2.1.1/plugins/com.st.stm32cube.ide.mcu.externaltools.gnu-tools-for-stm32.14.3.rel1.linux64_1.0.100.202602081740/tools/lib/gcc/arm-none-eabi/14.3.1/include/arm_mve.h **** #define urshr(__p0, __p1) __arm_urshr(__p0, __p1)
 716:/opt/st/stm32cubeide_2.1.1/plugins/com.st.stm32cube.ide.mcu.externaltools.gnu-tools-for-stm32.14.3.rel1.linux64_1.0.100.202602081740/tools/lib/gcc/arm-none-eabi/14.3.1/include/arm_mve.h **** #define urshrl(__p0, __p1) __arm_urshrl(__p0, __p1)
 717:/opt/st/stm32cubeide_2.1.1/plugins/com.st.stm32cube.ide.mcu.externaltools.gnu-tools-for-stm32.14.3.rel1.linux64_1.0.100.202602081740/tools/lib/gcc/arm-none-eabi/14.3.1/include/arm_mve.h **** #define lsll(__p0, __p1) __arm_lsll(__p0, __p1)
 718:/opt/st/stm32cubeide_2.1.1/plugins/com.st.stm32cube.ide.mcu.externaltools.gnu-tools-for-stm32.14.3.rel1.linux64_1.0.100.202602081740/tools/lib/gcc/arm-none-eabi/14.3.1/include/arm_mve.h **** #define asrl(__p0, __p1) __arm_asrl(__p0, __p1)
 719:/opt/st/stm32cubeide_2.1.1/plugins/com.st.stm32cube.ide.mcu.externaltools.gnu-tools-for-stm32.14.3.rel1.linux64_1.0.100.202602081740/tools/lib/gcc/arm-none-eabi/14.3.1/include/arm_mve.h **** #define vshlcq_m_s8(__a,  __b,  __imm, __p) __arm_vshlcq_m_s8(__a,  __b,  __imm, __p)
 720:/opt/st/stm32cubeide_2.1.1/plugins/com.st.stm32cube.ide.mcu.externaltools.gnu-tools-for-stm32.14.3.rel1.linux64_1.0.100.202602081740/tools/lib/gcc/arm-none-eabi/14.3.1/include/arm_mve.h **** #define vshlcq_m_u8(__a,  __b,  __imm, __p) __arm_vshlcq_m_u8(__a,  __b,  __imm, __p)
 721:/opt/st/stm32cubeide_2.1.1/plugins/com.st.stm32cube.ide.mcu.externaltools.gnu-tools-for-stm32.14.3.rel1.linux64_1.0.100.202602081740/tools/lib/gcc/arm-none-eabi/14.3.1/include/arm_mve.h **** #define vshlcq_m_s16(__a,  __b,  __imm, __p) __arm_vshlcq_m_s16(__a,  __b,  __imm, __p)
 722:/opt/st/stm32cubeide_2.1.1/plugins/com.st.stm32cube.ide.mcu.externaltools.gnu-tools-for-stm32.14.3.rel1.linux64_1.0.100.202602081740/tools/lib/gcc/arm-none-eabi/14.3.1/include/arm_mve.h **** #define vshlcq_m_u16(__a,  __b,  __imm, __p) __arm_vshlcq_m_u16(__a,  __b,  __imm, __p)
 723:/opt/st/stm32cubeide_2.1.1/plugins/com.st.stm32cube.ide.mcu.externaltools.gnu-tools-for-stm32.14.3.rel1.linux64_1.0.100.202602081740/tools/lib/gcc/arm-none-eabi/14.3.1/include/arm_mve.h **** #define vshlcq_m_s32(__a,  __b,  __imm, __p) __arm_vshlcq_m_s32(__a,  __b,  __imm, __p)
 724:/opt/st/stm32cubeide_2.1.1/plugins/com.st.stm32cube.ide.mcu.externaltools.gnu-tools-for-stm32.14.3.rel1.linux64_1.0.100.202602081740/tools/lib/gcc/arm-none-eabi/14.3.1/include/arm_mve.h **** #define vshlcq_m_u32(__a,  __b,  __imm, __p) __arm_vshlcq_m_u32(__a,  __b,  __imm, __p)
 725:/opt/st/stm32cubeide_2.1.1/plugins/com.st.stm32cube.ide.mcu.externaltools.gnu-tools-for-stm32.14.3.rel1.linux64_1.0.100.202602081740/tools/lib/gcc/arm-none-eabi/14.3.1/include/arm_mve.h **** #endif
 726:/opt/st/stm32cubeide_2.1.1/plugins/com.st.stm32cube.ide.mcu.externaltools.gnu-tools-for-stm32.14.3.rel1.linux64_1.0.100.202602081740/tools/lib/gcc/arm-none-eabi/14.3.1/include/arm_mve.h **** 
 727:/opt/st/stm32cubeide_2.1.1/plugins/com.st.stm32cube.ide.mcu.externaltools.gnu-tools-for-stm32.14.3.rel1.linux64_1.0.100.202602081740/tools/lib/gcc/arm-none-eabi/14.3.1/include/arm_mve.h **** /* For big-endian, GCC's vector indices are reversed within each 64 bits
 728:/opt/st/stm32cubeide_2.1.1/plugins/com.st.stm32cube.ide.mcu.externaltools.gnu-tools-for-stm32.14.3.rel1.linux64_1.0.100.202602081740/tools/lib/gcc/arm-none-eabi/14.3.1/include/arm_mve.h ****    compared to the architectural lane indices used by MVE intrinsics.  */
 729:/opt/st/stm32cubeide_2.1.1/plugins/com.st.stm32cube.ide.mcu.externaltools.gnu-tools-for-stm32.14.3.rel1.linux64_1.0.100.202602081740/tools/lib/gcc/arm-none-eabi/14.3.1/include/arm_mve.h **** #define __ARM_NUM_LANES(__v) (sizeof (__v) / sizeof (__v[0]))
 730:/opt/st/stm32cubeide_2.1.1/plugins/com.st.stm32cube.ide.mcu.externaltools.gnu-tools-for-stm32.14.3.rel1.linux64_1.0.100.202602081740/tools/lib/gcc/arm-none-eabi/14.3.1/include/arm_mve.h **** #ifdef __ARM_BIG_ENDIAN
 731:/opt/st/stm32cubeide_2.1.1/plugins/com.st.stm32cube.ide.mcu.externaltools.gnu-tools-for-stm32.14.3.rel1.linux64_1.0.100.202602081740/tools/lib/gcc/arm-none-eabi/14.3.1/include/arm_mve.h **** #define __ARM_LANEQ(__vec, __idx) (__idx ^ (__ARM_NUM_LANES(__vec)/2 - 1))
 732:/opt/st/stm32cubeide_2.1.1/plugins/com.st.stm32cube.ide.mcu.externaltools.gnu-tools-for-stm32.14.3.rel1.linux64_1.0.100.202602081740/tools/lib/gcc/arm-none-eabi/14.3.1/include/arm_mve.h **** #else
 733:/opt/st/stm32cubeide_2.1.1/plugins/com.st.stm32cube.ide.mcu.externaltools.gnu-tools-for-stm32.14.3.rel1.linux64_1.0.100.202602081740/tools/lib/gcc/arm-none-eabi/14.3.1/include/arm_mve.h **** #define __ARM_LANEQ(__vec, __idx) __idx
 734:/opt/st/stm32cubeide_2.1.1/plugins/com.st.stm32cube.ide.mcu.externaltools.gnu-tools-for-stm32.14.3.rel1.linux64_1.0.100.202602081740/tools/lib/gcc/arm-none-eabi/14.3.1/include/arm_mve.h **** #endif
 735:/opt/st/stm32cubeide_2.1.1/plugins/com.st.stm32cube.ide.mcu.externaltools.gnu-tools-for-stm32.14.3.rel1.linux64_1.0.100.202602081740/tools/lib/gcc/arm-none-eabi/14.3.1/include/arm_mve.h **** #define __ARM_CHECK_LANEQ(__vec, __idx)		 \
 736:/opt/st/stm32cubeide_2.1.1/plugins/com.st.stm32cube.ide.mcu.externaltools.gnu-tools-for-stm32.14.3.rel1.linux64_1.0.100.202602081740/tools/lib/gcc/arm-none-eabi/14.3.1/include/arm_mve.h ****   __builtin_arm_lane_check (__ARM_NUM_LANES(__vec),     \
ARM GAS  /tmp/ccS31Hxi.s 			page 17


 737:/opt/st/stm32cubeide_2.1.1/plugins/com.st.stm32cube.ide.mcu.externaltools.gnu-tools-for-stm32.14.3.rel1.linux64_1.0.100.202602081740/tools/lib/gcc/arm-none-eabi/14.3.1/include/arm_mve.h **** 			    __ARM_LANEQ(__vec, __idx))
 738:/opt/st/stm32cubeide_2.1.1/plugins/com.st.stm32cube.ide.mcu.externaltools.gnu-tools-for-stm32.14.3.rel1.linux64_1.0.100.202602081740/tools/lib/gcc/arm-none-eabi/14.3.1/include/arm_mve.h **** 
 739:/opt/st/stm32cubeide_2.1.1/plugins/com.st.stm32cube.ide.mcu.externaltools.gnu-tools-for-stm32.14.3.rel1.linux64_1.0.100.202602081740/tools/lib/gcc/arm-none-eabi/14.3.1/include/arm_mve.h **** __extension__ extern __inline void
 740:/opt/st/stm32cubeide_2.1.1/plugins/com.st.stm32cube.ide.mcu.externaltools.gnu-tools-for-stm32.14.3.rel1.linux64_1.0.100.202602081740/tools/lib/gcc/arm-none-eabi/14.3.1/include/arm_mve.h **** __attribute__ ((__always_inline__, __gnu_inline__, __artificial__))
 741:/opt/st/stm32cubeide_2.1.1/plugins/com.st.stm32cube.ide.mcu.externaltools.gnu-tools-for-stm32.14.3.rel1.linux64_1.0.100.202602081740/tools/lib/gcc/arm-none-eabi/14.3.1/include/arm_mve.h **** __arm_vst4q_s8 (int8_t * __addr, int8x16x4_t __value)
 742:/opt/st/stm32cubeide_2.1.1/plugins/com.st.stm32cube.ide.mcu.externaltools.gnu-tools-for-stm32.14.3.rel1.linux64_1.0.100.202602081740/tools/lib/gcc/arm-none-eabi/14.3.1/include/arm_mve.h **** {
 743:/opt/st/stm32cubeide_2.1.1/plugins/com.st.stm32cube.ide.mcu.externaltools.gnu-tools-for-stm32.14.3.rel1.linux64_1.0.100.202602081740/tools/lib/gcc/arm-none-eabi/14.3.1/include/arm_mve.h ****   union { int8x16x4_t __i; __builtin_neon_xi __o; } __rv;
 744:/opt/st/stm32cubeide_2.1.1/plugins/com.st.stm32cube.ide.mcu.externaltools.gnu-tools-for-stm32.14.3.rel1.linux64_1.0.100.202602081740/tools/lib/gcc/arm-none-eabi/14.3.1/include/arm_mve.h ****   __rv.__i = __value;
 745:/opt/st/stm32cubeide_2.1.1/plugins/com.st.stm32cube.ide.mcu.externaltools.gnu-tools-for-stm32.14.3.rel1.linux64_1.0.100.202602081740/tools/lib/gcc/arm-none-eabi/14.3.1/include/arm_mve.h ****   __builtin_mve_vst4qv16qi ((__builtin_neon_qi *) __addr, __rv.__o);
 746:/opt/st/stm32cubeide_2.1.1/plugins/com.st.stm32cube.ide.mcu.externaltools.gnu-tools-for-stm32.14.3.rel1.linux64_1.0.100.202602081740/tools/lib/gcc/arm-none-eabi/14.3.1/include/arm_mve.h **** }
 747:/opt/st/stm32cubeide_2.1.1/plugins/com.st.stm32cube.ide.mcu.externaltools.gnu-tools-for-stm32.14.3.rel1.linux64_1.0.100.202602081740/tools/lib/gcc/arm-none-eabi/14.3.1/include/arm_mve.h **** 
 748:/opt/st/stm32cubeide_2.1.1/plugins/com.st.stm32cube.ide.mcu.externaltools.gnu-tools-for-stm32.14.3.rel1.linux64_1.0.100.202602081740/tools/lib/gcc/arm-none-eabi/14.3.1/include/arm_mve.h **** __extension__ extern __inline void
 749:/opt/st/stm32cubeide_2.1.1/plugins/com.st.stm32cube.ide.mcu.externaltools.gnu-tools-for-stm32.14.3.rel1.linux64_1.0.100.202602081740/tools/lib/gcc/arm-none-eabi/14.3.1/include/arm_mve.h **** __attribute__ ((__always_inline__, __gnu_inline__, __artificial__))
 750:/opt/st/stm32cubeide_2.1.1/plugins/com.st.stm32cube.ide.mcu.externaltools.gnu-tools-for-stm32.14.3.rel1.linux64_1.0.100.202602081740/tools/lib/gcc/arm-none-eabi/14.3.1/include/arm_mve.h **** __arm_vst4q_s16 (int16_t * __addr, int16x8x4_t __value)
 751:/opt/st/stm32cubeide_2.1.1/plugins/com.st.stm32cube.ide.mcu.externaltools.gnu-tools-for-stm32.14.3.rel1.linux64_1.0.100.202602081740/tools/lib/gcc/arm-none-eabi/14.3.1/include/arm_mve.h **** {
 752:/opt/st/stm32cubeide_2.1.1/plugins/com.st.stm32cube.ide.mcu.externaltools.gnu-tools-for-stm32.14.3.rel1.linux64_1.0.100.202602081740/tools/lib/gcc/arm-none-eabi/14.3.1/include/arm_mve.h ****   union { int16x8x4_t __i; __builtin_neon_xi __o; } __rv;
 753:/opt/st/stm32cubeide_2.1.1/plugins/com.st.stm32cube.ide.mcu.externaltools.gnu-tools-for-stm32.14.3.rel1.linux64_1.0.100.202602081740/tools/lib/gcc/arm-none-eabi/14.3.1/include/arm_mve.h ****   __rv.__i = __value;
 754:/opt/st/stm32cubeide_2.1.1/plugins/com.st.stm32cube.ide.mcu.externaltools.gnu-tools-for-stm32.14.3.rel1.linux64_1.0.100.202602081740/tools/lib/gcc/arm-none-eabi/14.3.1/include/arm_mve.h ****   __builtin_mve_vst4qv8hi ((__builtin_neon_hi *) __addr, __rv.__o);
 755:/opt/st/stm32cubeide_2.1.1/plugins/com.st.stm32cube.ide.mcu.externaltools.gnu-tools-for-stm32.14.3.rel1.linux64_1.0.100.202602081740/tools/lib/gcc/arm-none-eabi/14.3.1/include/arm_mve.h **** }
 756:/opt/st/stm32cubeide_2.1.1/plugins/com.st.stm32cube.ide.mcu.externaltools.gnu-tools-for-stm32.14.3.rel1.linux64_1.0.100.202602081740/tools/lib/gcc/arm-none-eabi/14.3.1/include/arm_mve.h **** 
 757:/opt/st/stm32cubeide_2.1.1/plugins/com.st.stm32cube.ide.mcu.externaltools.gnu-tools-for-stm32.14.3.rel1.linux64_1.0.100.202602081740/tools/lib/gcc/arm-none-eabi/14.3.1/include/arm_mve.h **** __extension__ extern __inline void
 758:/opt/st/stm32cubeide_2.1.1/plugins/com.st.stm32cube.ide.mcu.externaltools.gnu-tools-for-stm32.14.3.rel1.linux64_1.0.100.202602081740/tools/lib/gcc/arm-none-eabi/14.3.1/include/arm_mve.h **** __attribute__ ((__always_inline__, __gnu_inline__, __artificial__))
 759:/opt/st/stm32cubeide_2.1.1/plugins/com.st.stm32cube.ide.mcu.externaltools.gnu-tools-for-stm32.14.3.rel1.linux64_1.0.100.202602081740/tools/lib/gcc/arm-none-eabi/14.3.1/include/arm_mve.h **** __arm_vst4q_s32 (int32_t * __addr, int32x4x4_t __value)
 760:/opt/st/stm32cubeide_2.1.1/plugins/com.st.stm32cube.ide.mcu.externaltools.gnu-tools-for-stm32.14.3.rel1.linux64_1.0.100.202602081740/tools/lib/gcc/arm-none-eabi/14.3.1/include/arm_mve.h **** {
 761:/opt/st/stm32cubeide_2.1.1/plugins/com.st.stm32cube.ide.mcu.externaltools.gnu-tools-for-stm32.14.3.rel1.linux64_1.0.100.202602081740/tools/lib/gcc/arm-none-eabi/14.3.1/include/arm_mve.h ****   union { int32x4x4_t __i; __builtin_neon_xi __o; } __rv;
 762:/opt/st/stm32cubeide_2.1.1/plugins/com.st.stm32cube.ide.mcu.externaltools.gnu-tools-for-stm32.14.3.rel1.linux64_1.0.100.202602081740/tools/lib/gcc/arm-none-eabi/14.3.1/include/arm_mve.h ****   __rv.__i = __value;
 763:/opt/st/stm32cubeide_2.1.1/plugins/com.st.stm32cube.ide.mcu.externaltools.gnu-tools-for-stm32.14.3.rel1.linux64_1.0.100.202602081740/tools/lib/gcc/arm-none-eabi/14.3.1/include/arm_mve.h ****   __builtin_mve_vst4qv4si ((__builtin_neon_si *) __addr, __rv.__o);
 764:/opt/st/stm32cubeide_2.1.1/plugins/com.st.stm32cube.ide.mcu.externaltools.gnu-tools-for-stm32.14.3.rel1.linux64_1.0.100.202602081740/tools/lib/gcc/arm-none-eabi/14.3.1/include/arm_mve.h **** }
 765:/opt/st/stm32cubeide_2.1.1/plugins/com.st.stm32cube.ide.mcu.externaltools.gnu-tools-for-stm32.14.3.rel1.linux64_1.0.100.202602081740/tools/lib/gcc/arm-none-eabi/14.3.1/include/arm_mve.h **** 
 766:/opt/st/stm32cubeide_2.1.1/plugins/com.st.stm32cube.ide.mcu.externaltools.gnu-tools-for-stm32.14.3.rel1.linux64_1.0.100.202602081740/tools/lib/gcc/arm-none-eabi/14.3.1/include/arm_mve.h **** __extension__ extern __inline void
 767:/opt/st/stm32cubeide_2.1.1/plugins/com.st.stm32cube.ide.mcu.externaltools.gnu-tools-for-stm32.14.3.rel1.linux64_1.0.100.202602081740/tools/lib/gcc/arm-none-eabi/14.3.1/include/arm_mve.h **** __attribute__ ((__always_inline__, __gnu_inline__, __artificial__))
 768:/opt/st/stm32cubeide_2.1.1/plugins/com.st.stm32cube.ide.mcu.externaltools.gnu-tools-for-stm32.14.3.rel1.linux64_1.0.100.202602081740/tools/lib/gcc/arm-none-eabi/14.3.1/include/arm_mve.h **** __arm_vst4q_u8 (uint8_t * __addr, uint8x16x4_t __value)
 769:/opt/st/stm32cubeide_2.1.1/plugins/com.st.stm32cube.ide.mcu.externaltools.gnu-tools-for-stm32.14.3.rel1.linux64_1.0.100.202602081740/tools/lib/gcc/arm-none-eabi/14.3.1/include/arm_mve.h **** {
 770:/opt/st/stm32cubeide_2.1.1/plugins/com.st.stm32cube.ide.mcu.externaltools.gnu-tools-for-stm32.14.3.rel1.linux64_1.0.100.202602081740/tools/lib/gcc/arm-none-eabi/14.3.1/include/arm_mve.h ****   union { uint8x16x4_t __i; __builtin_neon_xi __o; } __rv;
 771:/opt/st/stm32cubeide_2.1.1/plugins/com.st.stm32cube.ide.mcu.externaltools.gnu-tools-for-stm32.14.3.rel1.linux64_1.0.100.202602081740/tools/lib/gcc/arm-none-eabi/14.3.1/include/arm_mve.h ****   __rv.__i = __value;
 772:/opt/st/stm32cubeide_2.1.1/plugins/com.st.stm32cube.ide.mcu.externaltools.gnu-tools-for-stm32.14.3.rel1.linux64_1.0.100.202602081740/tools/lib/gcc/arm-none-eabi/14.3.1/include/arm_mve.h ****   __builtin_mve_vst4qv16qi ((__builtin_neon_qi *) __addr, __rv.__o);
 773:/opt/st/stm32cubeide_2.1.1/plugins/com.st.stm32cube.ide.mcu.externaltools.gnu-tools-for-stm32.14.3.rel1.linux64_1.0.100.202602081740/tools/lib/gcc/arm-none-eabi/14.3.1/include/arm_mve.h **** }
 774:/opt/st/stm32cubeide_2.1.1/plugins/com.st.stm32cube.ide.mcu.externaltools.gnu-tools-for-stm32.14.3.rel1.linux64_1.0.100.202602081740/tools/lib/gcc/arm-none-eabi/14.3.1/include/arm_mve.h **** 
 775:/opt/st/stm32cubeide_2.1.1/plugins/com.st.stm32cube.ide.mcu.externaltools.gnu-tools-for-stm32.14.3.rel1.linux64_1.0.100.202602081740/tools/lib/gcc/arm-none-eabi/14.3.1/include/arm_mve.h **** __extension__ extern __inline void
 776:/opt/st/stm32cubeide_2.1.1/plugins/com.st.stm32cube.ide.mcu.externaltools.gnu-tools-for-stm32.14.3.rel1.linux64_1.0.100.202602081740/tools/lib/gcc/arm-none-eabi/14.3.1/include/arm_mve.h **** __attribute__ ((__always_inline__, __gnu_inline__, __artificial__))
 777:/opt/st/stm32cubeide_2.1.1/plugins/com.st.stm32cube.ide.mcu.externaltools.gnu-tools-for-stm32.14.3.rel1.linux64_1.0.100.202602081740/tools/lib/gcc/arm-none-eabi/14.3.1/include/arm_mve.h **** __arm_vst4q_u16 (uint16_t * __addr, uint16x8x4_t __value)
 778:/opt/st/stm32cubeide_2.1.1/plugins/com.st.stm32cube.ide.mcu.externaltools.gnu-tools-for-stm32.14.3.rel1.linux64_1.0.100.202602081740/tools/lib/gcc/arm-none-eabi/14.3.1/include/arm_mve.h **** {
 779:/opt/st/stm32cubeide_2.1.1/plugins/com.st.stm32cube.ide.mcu.externaltools.gnu-tools-for-stm32.14.3.rel1.linux64_1.0.100.202602081740/tools/lib/gcc/arm-none-eabi/14.3.1/include/arm_mve.h ****   union { uint16x8x4_t __i; __builtin_neon_xi __o; } __rv;
 780:/opt/st/stm32cubeide_2.1.1/plugins/com.st.stm32cube.ide.mcu.externaltools.gnu-tools-for-stm32.14.3.rel1.linux64_1.0.100.202602081740/tools/lib/gcc/arm-none-eabi/14.3.1/include/arm_mve.h ****   __rv.__i = __value;
 781:/opt/st/stm32cubeide_2.1.1/plugins/com.st.stm32cube.ide.mcu.externaltools.gnu-tools-for-stm32.14.3.rel1.linux64_1.0.100.202602081740/tools/lib/gcc/arm-none-eabi/14.3.1/include/arm_mve.h ****   __builtin_mve_vst4qv8hi ((__builtin_neon_hi *) __addr, __rv.__o);
 782:/opt/st/stm32cubeide_2.1.1/plugins/com.st.stm32cube.ide.mcu.externaltools.gnu-tools-for-stm32.14.3.rel1.linux64_1.0.100.202602081740/tools/lib/gcc/arm-none-eabi/14.3.1/include/arm_mve.h **** }
 783:/opt/st/stm32cubeide_2.1.1/plugins/com.st.stm32cube.ide.mcu.externaltools.gnu-tools-for-stm32.14.3.rel1.linux64_1.0.100.202602081740/tools/lib/gcc/arm-none-eabi/14.3.1/include/arm_mve.h **** 
 784:/opt/st/stm32cubeide_2.1.1/plugins/com.st.stm32cube.ide.mcu.externaltools.gnu-tools-for-stm32.14.3.rel1.linux64_1.0.100.202602081740/tools/lib/gcc/arm-none-eabi/14.3.1/include/arm_mve.h **** __extension__ extern __inline void
 785:/opt/st/stm32cubeide_2.1.1/plugins/com.st.stm32cube.ide.mcu.externaltools.gnu-tools-for-stm32.14.3.rel1.linux64_1.0.100.202602081740/tools/lib/gcc/arm-none-eabi/14.3.1/include/arm_mve.h **** __attribute__ ((__always_inline__, __gnu_inline__, __artificial__))
 786:/opt/st/stm32cubeide_2.1.1/plugins/com.st.stm32cube.ide.mcu.externaltools.gnu-tools-for-stm32.14.3.rel1.linux64_1.0.100.202602081740/tools/lib/gcc/arm-none-eabi/14.3.1/include/arm_mve.h **** __arm_vst4q_u32 (uint32_t * __addr, uint32x4x4_t __value)
 787:/opt/st/stm32cubeide_2.1.1/plugins/com.st.stm32cube.ide.mcu.externaltools.gnu-tools-for-stm32.14.3.rel1.linux64_1.0.100.202602081740/tools/lib/gcc/arm-none-eabi/14.3.1/include/arm_mve.h **** {
 788:/opt/st/stm32cubeide_2.1.1/plugins/com.st.stm32cube.ide.mcu.externaltools.gnu-tools-for-stm32.14.3.rel1.linux64_1.0.100.202602081740/tools/lib/gcc/arm-none-eabi/14.3.1/include/arm_mve.h ****   union { uint32x4x4_t __i; __builtin_neon_xi __o; } __rv;
 789:/opt/st/stm32cubeide_2.1.1/plugins/com.st.stm32cube.ide.mcu.externaltools.gnu-tools-for-stm32.14.3.rel1.linux64_1.0.100.202602081740/tools/lib/gcc/arm-none-eabi/14.3.1/include/arm_mve.h ****   __rv.__i = __value;
 790:/opt/st/stm32cubeide_2.1.1/plugins/com.st.stm32cube.ide.mcu.externaltools.gnu-tools-for-stm32.14.3.rel1.linux64_1.0.100.202602081740/tools/lib/gcc/arm-none-eabi/14.3.1/include/arm_mve.h ****   __builtin_mve_vst4qv4si ((__builtin_neon_si *) __addr, __rv.__o);
 791:/opt/st/stm32cubeide_2.1.1/plugins/com.st.stm32cube.ide.mcu.externaltools.gnu-tools-for-stm32.14.3.rel1.linux64_1.0.100.202602081740/tools/lib/gcc/arm-none-eabi/14.3.1/include/arm_mve.h **** }
 792:/opt/st/stm32cubeide_2.1.1/plugins/com.st.stm32cube.ide.mcu.externaltools.gnu-tools-for-stm32.14.3.rel1.linux64_1.0.100.202602081740/tools/lib/gcc/arm-none-eabi/14.3.1/include/arm_mve.h **** 
 793:/opt/st/stm32cubeide_2.1.1/plugins/com.st.stm32cube.ide.mcu.externaltools.gnu-tools-for-stm32.14.3.rel1.linux64_1.0.100.202602081740/tools/lib/gcc/arm-none-eabi/14.3.1/include/arm_mve.h **** __extension__ extern __inline mve_pred16_t
ARM GAS  /tmp/ccS31Hxi.s 			page 18


 794:/opt/st/stm32cubeide_2.1.1/plugins/com.st.stm32cube.ide.mcu.externaltools.gnu-tools-for-stm32.14.3.rel1.linux64_1.0.100.202602081740/tools/lib/gcc/arm-none-eabi/14.3.1/include/arm_mve.h **** __attribute__ ((__always_inline__, __gnu_inline__, __artificial__))
 795:/opt/st/stm32cubeide_2.1.1/plugins/com.st.stm32cube.ide.mcu.externaltools.gnu-tools-for-stm32.14.3.rel1.linux64_1.0.100.202602081740/tools/lib/gcc/arm-none-eabi/14.3.1/include/arm_mve.h **** __arm_vctp16q (uint32_t __a)
 796:/opt/st/stm32cubeide_2.1.1/plugins/com.st.stm32cube.ide.mcu.externaltools.gnu-tools-for-stm32.14.3.rel1.linux64_1.0.100.202602081740/tools/lib/gcc/arm-none-eabi/14.3.1/include/arm_mve.h **** {
 797:/opt/st/stm32cubeide_2.1.1/plugins/com.st.stm32cube.ide.mcu.externaltools.gnu-tools-for-stm32.14.3.rel1.linux64_1.0.100.202602081740/tools/lib/gcc/arm-none-eabi/14.3.1/include/arm_mve.h ****   return __builtin_mve_vctp16qv8bi (__a);
 798:/opt/st/stm32cubeide_2.1.1/plugins/com.st.stm32cube.ide.mcu.externaltools.gnu-tools-for-stm32.14.3.rel1.linux64_1.0.100.202602081740/tools/lib/gcc/arm-none-eabi/14.3.1/include/arm_mve.h **** }
 799:/opt/st/stm32cubeide_2.1.1/plugins/com.st.stm32cube.ide.mcu.externaltools.gnu-tools-for-stm32.14.3.rel1.linux64_1.0.100.202602081740/tools/lib/gcc/arm-none-eabi/14.3.1/include/arm_mve.h **** 
 800:/opt/st/stm32cubeide_2.1.1/plugins/com.st.stm32cube.ide.mcu.externaltools.gnu-tools-for-stm32.14.3.rel1.linux64_1.0.100.202602081740/tools/lib/gcc/arm-none-eabi/14.3.1/include/arm_mve.h **** __extension__ extern __inline mve_pred16_t
 801:/opt/st/stm32cubeide_2.1.1/plugins/com.st.stm32cube.ide.mcu.externaltools.gnu-tools-for-stm32.14.3.rel1.linux64_1.0.100.202602081740/tools/lib/gcc/arm-none-eabi/14.3.1/include/arm_mve.h **** __attribute__ ((__always_inline__, __gnu_inline__, __artificial__))
 802:/opt/st/stm32cubeide_2.1.1/plugins/com.st.stm32cube.ide.mcu.externaltools.gnu-tools-for-stm32.14.3.rel1.linux64_1.0.100.202602081740/tools/lib/gcc/arm-none-eabi/14.3.1/include/arm_mve.h **** __arm_vctp32q (uint32_t __a)
 803:/opt/st/stm32cubeide_2.1.1/plugins/com.st.stm32cube.ide.mcu.externaltools.gnu-tools-for-stm32.14.3.rel1.linux64_1.0.100.202602081740/tools/lib/gcc/arm-none-eabi/14.3.1/include/arm_mve.h **** {
 804:/opt/st/stm32cubeide_2.1.1/plugins/com.st.stm32cube.ide.mcu.externaltools.gnu-tools-for-stm32.14.3.rel1.linux64_1.0.100.202602081740/tools/lib/gcc/arm-none-eabi/14.3.1/include/arm_mve.h ****   return __builtin_mve_vctp32qv4bi (__a);
 805:/opt/st/stm32cubeide_2.1.1/plugins/com.st.stm32cube.ide.mcu.externaltools.gnu-tools-for-stm32.14.3.rel1.linux64_1.0.100.202602081740/tools/lib/gcc/arm-none-eabi/14.3.1/include/arm_mve.h **** }
 806:/opt/st/stm32cubeide_2.1.1/plugins/com.st.stm32cube.ide.mcu.externaltools.gnu-tools-for-stm32.14.3.rel1.linux64_1.0.100.202602081740/tools/lib/gcc/arm-none-eabi/14.3.1/include/arm_mve.h **** 
 807:/opt/st/stm32cubeide_2.1.1/plugins/com.st.stm32cube.ide.mcu.externaltools.gnu-tools-for-stm32.14.3.rel1.linux64_1.0.100.202602081740/tools/lib/gcc/arm-none-eabi/14.3.1/include/arm_mve.h **** __extension__ extern __inline mve_pred16_t
 808:/opt/st/stm32cubeide_2.1.1/plugins/com.st.stm32cube.ide.mcu.externaltools.gnu-tools-for-stm32.14.3.rel1.linux64_1.0.100.202602081740/tools/lib/gcc/arm-none-eabi/14.3.1/include/arm_mve.h **** __attribute__ ((__always_inline__, __gnu_inline__, __artificial__))
 809:/opt/st/stm32cubeide_2.1.1/plugins/com.st.stm32cube.ide.mcu.externaltools.gnu-tools-for-stm32.14.3.rel1.linux64_1.0.100.202602081740/tools/lib/gcc/arm-none-eabi/14.3.1/include/arm_mve.h **** __arm_vctp64q (uint32_t __a)
 810:/opt/st/stm32cubeide_2.1.1/plugins/com.st.stm32cube.ide.mcu.externaltools.gnu-tools-for-stm32.14.3.rel1.linux64_1.0.100.202602081740/tools/lib/gcc/arm-none-eabi/14.3.1/include/arm_mve.h **** {
 811:/opt/st/stm32cubeide_2.1.1/plugins/com.st.stm32cube.ide.mcu.externaltools.gnu-tools-for-stm32.14.3.rel1.linux64_1.0.100.202602081740/tools/lib/gcc/arm-none-eabi/14.3.1/include/arm_mve.h ****   return __builtin_mve_vctp64qv2qi (__a);
 812:/opt/st/stm32cubeide_2.1.1/plugins/com.st.stm32cube.ide.mcu.externaltools.gnu-tools-for-stm32.14.3.rel1.linux64_1.0.100.202602081740/tools/lib/gcc/arm-none-eabi/14.3.1/include/arm_mve.h **** }
 813:/opt/st/stm32cubeide_2.1.1/plugins/com.st.stm32cube.ide.mcu.externaltools.gnu-tools-for-stm32.14.3.rel1.linux64_1.0.100.202602081740/tools/lib/gcc/arm-none-eabi/14.3.1/include/arm_mve.h **** 
 814:/opt/st/stm32cubeide_2.1.1/plugins/com.st.stm32cube.ide.mcu.externaltools.gnu-tools-for-stm32.14.3.rel1.linux64_1.0.100.202602081740/tools/lib/gcc/arm-none-eabi/14.3.1/include/arm_mve.h **** __extension__ extern __inline mve_pred16_t
 815:/opt/st/stm32cubeide_2.1.1/plugins/com.st.stm32cube.ide.mcu.externaltools.gnu-tools-for-stm32.14.3.rel1.linux64_1.0.100.202602081740/tools/lib/gcc/arm-none-eabi/14.3.1/include/arm_mve.h **** __attribute__ ((__always_inline__, __gnu_inline__, __artificial__))
 816:/opt/st/stm32cubeide_2.1.1/plugins/com.st.stm32cube.ide.mcu.externaltools.gnu-tools-for-stm32.14.3.rel1.linux64_1.0.100.202602081740/tools/lib/gcc/arm-none-eabi/14.3.1/include/arm_mve.h **** __arm_vctp8q (uint32_t __a)
 817:/opt/st/stm32cubeide_2.1.1/plugins/com.st.stm32cube.ide.mcu.externaltools.gnu-tools-for-stm32.14.3.rel1.linux64_1.0.100.202602081740/tools/lib/gcc/arm-none-eabi/14.3.1/include/arm_mve.h **** {
 818:/opt/st/stm32cubeide_2.1.1/plugins/com.st.stm32cube.ide.mcu.externaltools.gnu-tools-for-stm32.14.3.rel1.linux64_1.0.100.202602081740/tools/lib/gcc/arm-none-eabi/14.3.1/include/arm_mve.h ****   return __builtin_mve_vctp8qv16bi (__a);
 819:/opt/st/stm32cubeide_2.1.1/plugins/com.st.stm32cube.ide.mcu.externaltools.gnu-tools-for-stm32.14.3.rel1.linux64_1.0.100.202602081740/tools/lib/gcc/arm-none-eabi/14.3.1/include/arm_mve.h **** }
 820:/opt/st/stm32cubeide_2.1.1/plugins/com.st.stm32cube.ide.mcu.externaltools.gnu-tools-for-stm32.14.3.rel1.linux64_1.0.100.202602081740/tools/lib/gcc/arm-none-eabi/14.3.1/include/arm_mve.h **** 
 821:/opt/st/stm32cubeide_2.1.1/plugins/com.st.stm32cube.ide.mcu.externaltools.gnu-tools-for-stm32.14.3.rel1.linux64_1.0.100.202602081740/tools/lib/gcc/arm-none-eabi/14.3.1/include/arm_mve.h **** __extension__ extern __inline mve_pred16_t
 822:/opt/st/stm32cubeide_2.1.1/plugins/com.st.stm32cube.ide.mcu.externaltools.gnu-tools-for-stm32.14.3.rel1.linux64_1.0.100.202602081740/tools/lib/gcc/arm-none-eabi/14.3.1/include/arm_mve.h **** __attribute__ ((__always_inline__, __gnu_inline__, __artificial__))
 823:/opt/st/stm32cubeide_2.1.1/plugins/com.st.stm32cube.ide.mcu.externaltools.gnu-tools-for-stm32.14.3.rel1.linux64_1.0.100.202602081740/tools/lib/gcc/arm-none-eabi/14.3.1/include/arm_mve.h **** __arm_vpnot (mve_pred16_t __a)
 824:/opt/st/stm32cubeide_2.1.1/plugins/com.st.stm32cube.ide.mcu.externaltools.gnu-tools-for-stm32.14.3.rel1.linux64_1.0.100.202602081740/tools/lib/gcc/arm-none-eabi/14.3.1/include/arm_mve.h **** {
 825:/opt/st/stm32cubeide_2.1.1/plugins/com.st.stm32cube.ide.mcu.externaltools.gnu-tools-for-stm32.14.3.rel1.linux64_1.0.100.202602081740/tools/lib/gcc/arm-none-eabi/14.3.1/include/arm_mve.h ****   return __builtin_mve_vpnotv16bi (__a);
 826:/opt/st/stm32cubeide_2.1.1/plugins/com.st.stm32cube.ide.mcu.externaltools.gnu-tools-for-stm32.14.3.rel1.linux64_1.0.100.202602081740/tools/lib/gcc/arm-none-eabi/14.3.1/include/arm_mve.h **** }
 827:/opt/st/stm32cubeide_2.1.1/plugins/com.st.stm32cube.ide.mcu.externaltools.gnu-tools-for-stm32.14.3.rel1.linux64_1.0.100.202602081740/tools/lib/gcc/arm-none-eabi/14.3.1/include/arm_mve.h **** 
 828:/opt/st/stm32cubeide_2.1.1/plugins/com.st.stm32cube.ide.mcu.externaltools.gnu-tools-for-stm32.14.3.rel1.linux64_1.0.100.202602081740/tools/lib/gcc/arm-none-eabi/14.3.1/include/arm_mve.h **** __extension__ extern __inline uint8x16_t
 829:/opt/st/stm32cubeide_2.1.1/plugins/com.st.stm32cube.ide.mcu.externaltools.gnu-tools-for-stm32.14.3.rel1.linux64_1.0.100.202602081740/tools/lib/gcc/arm-none-eabi/14.3.1/include/arm_mve.h **** __attribute__ ((__always_inline__, __gnu_inline__, __artificial__))
 830:/opt/st/stm32cubeide_2.1.1/plugins/com.st.stm32cube.ide.mcu.externaltools.gnu-tools-for-stm32.14.3.rel1.linux64_1.0.100.202602081740/tools/lib/gcc/arm-none-eabi/14.3.1/include/arm_mve.h **** __arm_vornq_u8 (uint8x16_t __a, uint8x16_t __b)
 831:/opt/st/stm32cubeide_2.1.1/plugins/com.st.stm32cube.ide.mcu.externaltools.gnu-tools-for-stm32.14.3.rel1.linux64_1.0.100.202602081740/tools/lib/gcc/arm-none-eabi/14.3.1/include/arm_mve.h **** {
 832:/opt/st/stm32cubeide_2.1.1/plugins/com.st.stm32cube.ide.mcu.externaltools.gnu-tools-for-stm32.14.3.rel1.linux64_1.0.100.202602081740/tools/lib/gcc/arm-none-eabi/14.3.1/include/arm_mve.h ****   return __builtin_mve_vornq_uv16qi (__a, __b);
 833:/opt/st/stm32cubeide_2.1.1/plugins/com.st.stm32cube.ide.mcu.externaltools.gnu-tools-for-stm32.14.3.rel1.linux64_1.0.100.202602081740/tools/lib/gcc/arm-none-eabi/14.3.1/include/arm_mve.h **** }
 834:/opt/st/stm32cubeide_2.1.1/plugins/com.st.stm32cube.ide.mcu.externaltools.gnu-tools-for-stm32.14.3.rel1.linux64_1.0.100.202602081740/tools/lib/gcc/arm-none-eabi/14.3.1/include/arm_mve.h **** 
 835:/opt/st/stm32cubeide_2.1.1/plugins/com.st.stm32cube.ide.mcu.externaltools.gnu-tools-for-stm32.14.3.rel1.linux64_1.0.100.202602081740/tools/lib/gcc/arm-none-eabi/14.3.1/include/arm_mve.h **** __extension__ extern __inline uint8x16_t
 836:/opt/st/stm32cubeide_2.1.1/plugins/com.st.stm32cube.ide.mcu.externaltools.gnu-tools-for-stm32.14.3.rel1.linux64_1.0.100.202602081740/tools/lib/gcc/arm-none-eabi/14.3.1/include/arm_mve.h **** __attribute__ ((__always_inline__, __gnu_inline__, __artificial__))
 837:/opt/st/stm32cubeide_2.1.1/plugins/com.st.stm32cube.ide.mcu.externaltools.gnu-tools-for-stm32.14.3.rel1.linux64_1.0.100.202602081740/tools/lib/gcc/arm-none-eabi/14.3.1/include/arm_mve.h **** __arm_vbicq_u8 (uint8x16_t __a, uint8x16_t __b)
 838:/opt/st/stm32cubeide_2.1.1/plugins/com.st.stm32cube.ide.mcu.externaltools.gnu-tools-for-stm32.14.3.rel1.linux64_1.0.100.202602081740/tools/lib/gcc/arm-none-eabi/14.3.1/include/arm_mve.h **** {
 839:/opt/st/stm32cubeide_2.1.1/plugins/com.st.stm32cube.ide.mcu.externaltools.gnu-tools-for-stm32.14.3.rel1.linux64_1.0.100.202602081740/tools/lib/gcc/arm-none-eabi/14.3.1/include/arm_mve.h ****   return __builtin_mve_vbicq_uv16qi (__a, __b);
 840:/opt/st/stm32cubeide_2.1.1/plugins/com.st.stm32cube.ide.mcu.externaltools.gnu-tools-for-stm32.14.3.rel1.linux64_1.0.100.202602081740/tools/lib/gcc/arm-none-eabi/14.3.1/include/arm_mve.h **** }
 841:/opt/st/stm32cubeide_2.1.1/plugins/com.st.stm32cube.ide.mcu.externaltools.gnu-tools-for-stm32.14.3.rel1.linux64_1.0.100.202602081740/tools/lib/gcc/arm-none-eabi/14.3.1/include/arm_mve.h **** 
 842:/opt/st/stm32cubeide_2.1.1/plugins/com.st.stm32cube.ide.mcu.externaltools.gnu-tools-for-stm32.14.3.rel1.linux64_1.0.100.202602081740/tools/lib/gcc/arm-none-eabi/14.3.1/include/arm_mve.h **** __extension__ extern __inline int8x16_t
 843:/opt/st/stm32cubeide_2.1.1/plugins/com.st.stm32cube.ide.mcu.externaltools.gnu-tools-for-stm32.14.3.rel1.linux64_1.0.100.202602081740/tools/lib/gcc/arm-none-eabi/14.3.1/include/arm_mve.h **** __attribute__ ((__always_inline__, __gnu_inline__, __artificial__))
 844:/opt/st/stm32cubeide_2.1.1/plugins/com.st.stm32cube.ide.mcu.externaltools.gnu-tools-for-stm32.14.3.rel1.linux64_1.0.100.202602081740/tools/lib/gcc/arm-none-eabi/14.3.1/include/arm_mve.h **** __arm_vornq_s8 (int8x16_t __a, int8x16_t __b)
 845:/opt/st/stm32cubeide_2.1.1/plugins/com.st.stm32cube.ide.mcu.externaltools.gnu-tools-for-stm32.14.3.rel1.linux64_1.0.100.202602081740/tools/lib/gcc/arm-none-eabi/14.3.1/include/arm_mve.h **** {
 846:/opt/st/stm32cubeide_2.1.1/plugins/com.st.stm32cube.ide.mcu.externaltools.gnu-tools-for-stm32.14.3.rel1.linux64_1.0.100.202602081740/tools/lib/gcc/arm-none-eabi/14.3.1/include/arm_mve.h ****   return __builtin_mve_vornq_sv16qi (__a, __b);
 847:/opt/st/stm32cubeide_2.1.1/plugins/com.st.stm32cube.ide.mcu.externaltools.gnu-tools-for-stm32.14.3.rel1.linux64_1.0.100.202602081740/tools/lib/gcc/arm-none-eabi/14.3.1/include/arm_mve.h **** }
 848:/opt/st/stm32cubeide_2.1.1/plugins/com.st.stm32cube.ide.mcu.externaltools.gnu-tools-for-stm32.14.3.rel1.linux64_1.0.100.202602081740/tools/lib/gcc/arm-none-eabi/14.3.1/include/arm_mve.h **** 
 849:/opt/st/stm32cubeide_2.1.1/plugins/com.st.stm32cube.ide.mcu.externaltools.gnu-tools-for-stm32.14.3.rel1.linux64_1.0.100.202602081740/tools/lib/gcc/arm-none-eabi/14.3.1/include/arm_mve.h **** __extension__ extern __inline int8x16_t
 850:/opt/st/stm32cubeide_2.1.1/plugins/com.st.stm32cube.ide.mcu.externaltools.gnu-tools-for-stm32.14.3.rel1.linux64_1.0.100.202602081740/tools/lib/gcc/arm-none-eabi/14.3.1/include/arm_mve.h **** __attribute__ ((__always_inline__, __gnu_inline__, __artificial__))
ARM GAS  /tmp/ccS31Hxi.s 			page 19


 851:/opt/st/stm32cubeide_2.1.1/plugins/com.st.stm32cube.ide.mcu.externaltools.gnu-tools-for-stm32.14.3.rel1.linux64_1.0.100.202602081740/tools/lib/gcc/arm-none-eabi/14.3.1/include/arm_mve.h **** __arm_vbicq_s8 (int8x16_t __a, int8x16_t __b)
 852:/opt/st/stm32cubeide_2.1.1/plugins/com.st.stm32cube.ide.mcu.externaltools.gnu-tools-for-stm32.14.3.rel1.linux64_1.0.100.202602081740/tools/lib/gcc/arm-none-eabi/14.3.1/include/arm_mve.h **** {
 853:/opt/st/stm32cubeide_2.1.1/plugins/com.st.stm32cube.ide.mcu.externaltools.gnu-tools-for-stm32.14.3.rel1.linux64_1.0.100.202602081740/tools/lib/gcc/arm-none-eabi/14.3.1/include/arm_mve.h ****   return __builtin_mve_vbicq_sv16qi (__a, __b);
 854:/opt/st/stm32cubeide_2.1.1/plugins/com.st.stm32cube.ide.mcu.externaltools.gnu-tools-for-stm32.14.3.rel1.linux64_1.0.100.202602081740/tools/lib/gcc/arm-none-eabi/14.3.1/include/arm_mve.h **** }
 855:/opt/st/stm32cubeide_2.1.1/plugins/com.st.stm32cube.ide.mcu.externaltools.gnu-tools-for-stm32.14.3.rel1.linux64_1.0.100.202602081740/tools/lib/gcc/arm-none-eabi/14.3.1/include/arm_mve.h **** 
 856:/opt/st/stm32cubeide_2.1.1/plugins/com.st.stm32cube.ide.mcu.externaltools.gnu-tools-for-stm32.14.3.rel1.linux64_1.0.100.202602081740/tools/lib/gcc/arm-none-eabi/14.3.1/include/arm_mve.h **** __extension__ extern __inline uint16x8_t
 857:/opt/st/stm32cubeide_2.1.1/plugins/com.st.stm32cube.ide.mcu.externaltools.gnu-tools-for-stm32.14.3.rel1.linux64_1.0.100.202602081740/tools/lib/gcc/arm-none-eabi/14.3.1/include/arm_mve.h **** __attribute__ ((__always_inline__, __gnu_inline__, __artificial__))
 858:/opt/st/stm32cubeide_2.1.1/plugins/com.st.stm32cube.ide.mcu.externaltools.gnu-tools-for-stm32.14.3.rel1.linux64_1.0.100.202602081740/tools/lib/gcc/arm-none-eabi/14.3.1/include/arm_mve.h **** __arm_vornq_u16 (uint16x8_t __a, uint16x8_t __b)
 859:/opt/st/stm32cubeide_2.1.1/plugins/com.st.stm32cube.ide.mcu.externaltools.gnu-tools-for-stm32.14.3.rel1.linux64_1.0.100.202602081740/tools/lib/gcc/arm-none-eabi/14.3.1/include/arm_mve.h **** {
 860:/opt/st/stm32cubeide_2.1.1/plugins/com.st.stm32cube.ide.mcu.externaltools.gnu-tools-for-stm32.14.3.rel1.linux64_1.0.100.202602081740/tools/lib/gcc/arm-none-eabi/14.3.1/include/arm_mve.h ****   return __builtin_mve_vornq_uv8hi (__a, __b);
 861:/opt/st/stm32cubeide_2.1.1/plugins/com.st.stm32cube.ide.mcu.externaltools.gnu-tools-for-stm32.14.3.rel1.linux64_1.0.100.202602081740/tools/lib/gcc/arm-none-eabi/14.3.1/include/arm_mve.h **** }
 862:/opt/st/stm32cubeide_2.1.1/plugins/com.st.stm32cube.ide.mcu.externaltools.gnu-tools-for-stm32.14.3.rel1.linux64_1.0.100.202602081740/tools/lib/gcc/arm-none-eabi/14.3.1/include/arm_mve.h **** 
 863:/opt/st/stm32cubeide_2.1.1/plugins/com.st.stm32cube.ide.mcu.externaltools.gnu-tools-for-stm32.14.3.rel1.linux64_1.0.100.202602081740/tools/lib/gcc/arm-none-eabi/14.3.1/include/arm_mve.h **** __extension__ extern __inline uint16x8_t
 864:/opt/st/stm32cubeide_2.1.1/plugins/com.st.stm32cube.ide.mcu.externaltools.gnu-tools-for-stm32.14.3.rel1.linux64_1.0.100.202602081740/tools/lib/gcc/arm-none-eabi/14.3.1/include/arm_mve.h **** __attribute__ ((__always_inline__, __gnu_inline__, __artificial__))
 865:/opt/st/stm32cubeide_2.1.1/plugins/com.st.stm32cube.ide.mcu.externaltools.gnu-tools-for-stm32.14.3.rel1.linux64_1.0.100.202602081740/tools/lib/gcc/arm-none-eabi/14.3.1/include/arm_mve.h **** __arm_vbicq_u16 (uint16x8_t __a, uint16x8_t __b)
 866:/opt/st/stm32cubeide_2.1.1/plugins/com.st.stm32cube.ide.mcu.externaltools.gnu-tools-for-stm32.14.3.rel1.linux64_1.0.100.202602081740/tools/lib/gcc/arm-none-eabi/14.3.1/include/arm_mve.h **** {
 867:/opt/st/stm32cubeide_2.1.1/plugins/com.st.stm32cube.ide.mcu.externaltools.gnu-tools-for-stm32.14.3.rel1.linux64_1.0.100.202602081740/tools/lib/gcc/arm-none-eabi/14.3.1/include/arm_mve.h ****   return __builtin_mve_vbicq_uv8hi (__a, __b);
 868:/opt/st/stm32cubeide_2.1.1/plugins/com.st.stm32cube.ide.mcu.externaltools.gnu-tools-for-stm32.14.3.rel1.linux64_1.0.100.202602081740/tools/lib/gcc/arm-none-eabi/14.3.1/include/arm_mve.h **** }
 869:/opt/st/stm32cubeide_2.1.1/plugins/com.st.stm32cube.ide.mcu.externaltools.gnu-tools-for-stm32.14.3.rel1.linux64_1.0.100.202602081740/tools/lib/gcc/arm-none-eabi/14.3.1/include/arm_mve.h **** 
 870:/opt/st/stm32cubeide_2.1.1/plugins/com.st.stm32cube.ide.mcu.externaltools.gnu-tools-for-stm32.14.3.rel1.linux64_1.0.100.202602081740/tools/lib/gcc/arm-none-eabi/14.3.1/include/arm_mve.h **** __extension__ extern __inline int16x8_t
 871:/opt/st/stm32cubeide_2.1.1/plugins/com.st.stm32cube.ide.mcu.externaltools.gnu-tools-for-stm32.14.3.rel1.linux64_1.0.100.202602081740/tools/lib/gcc/arm-none-eabi/14.3.1/include/arm_mve.h **** __attribute__ ((__always_inline__, __gnu_inline__, __artificial__))
 872:/opt/st/stm32cubeide_2.1.1/plugins/com.st.stm32cube.ide.mcu.externaltools.gnu-tools-for-stm32.14.3.rel1.linux64_1.0.100.202602081740/tools/lib/gcc/arm-none-eabi/14.3.1/include/arm_mve.h **** __arm_vornq_s16 (int16x8_t __a, int16x8_t __b)
 873:/opt/st/stm32cubeide_2.1.1/plugins/com.st.stm32cube.ide.mcu.externaltools.gnu-tools-for-stm32.14.3.rel1.linux64_1.0.100.202602081740/tools/lib/gcc/arm-none-eabi/14.3.1/include/arm_mve.h **** {
 874:/opt/st/stm32cubeide_2.1.1/plugins/com.st.stm32cube.ide.mcu.externaltools.gnu-tools-for-stm32.14.3.rel1.linux64_1.0.100.202602081740/tools/lib/gcc/arm-none-eabi/14.3.1/include/arm_mve.h ****   return __builtin_mve_vornq_sv8hi (__a, __b);
 875:/opt/st/stm32cubeide_2.1.1/plugins/com.st.stm32cube.ide.mcu.externaltools.gnu-tools-for-stm32.14.3.rel1.linux64_1.0.100.202602081740/tools/lib/gcc/arm-none-eabi/14.3.1/include/arm_mve.h **** }
 876:/opt/st/stm32cubeide_2.1.1/plugins/com.st.stm32cube.ide.mcu.externaltools.gnu-tools-for-stm32.14.3.rel1.linux64_1.0.100.202602081740/tools/lib/gcc/arm-none-eabi/14.3.1/include/arm_mve.h **** 
 877:/opt/st/stm32cubeide_2.1.1/plugins/com.st.stm32cube.ide.mcu.externaltools.gnu-tools-for-stm32.14.3.rel1.linux64_1.0.100.202602081740/tools/lib/gcc/arm-none-eabi/14.3.1/include/arm_mve.h **** __extension__ extern __inline int16x8_t
 878:/opt/st/stm32cubeide_2.1.1/plugins/com.st.stm32cube.ide.mcu.externaltools.gnu-tools-for-stm32.14.3.rel1.linux64_1.0.100.202602081740/tools/lib/gcc/arm-none-eabi/14.3.1/include/arm_mve.h **** __attribute__ ((__always_inline__, __gnu_inline__, __artificial__))
 879:/opt/st/stm32cubeide_2.1.1/plugins/com.st.stm32cube.ide.mcu.externaltools.gnu-tools-for-stm32.14.3.rel1.linux64_1.0.100.202602081740/tools/lib/gcc/arm-none-eabi/14.3.1/include/arm_mve.h **** __arm_vbicq_s16 (int16x8_t __a, int16x8_t __b)
 880:/opt/st/stm32cubeide_2.1.1/plugins/com.st.stm32cube.ide.mcu.externaltools.gnu-tools-for-stm32.14.3.rel1.linux64_1.0.100.202602081740/tools/lib/gcc/arm-none-eabi/14.3.1/include/arm_mve.h **** {
 881:/opt/st/stm32cubeide_2.1.1/plugins/com.st.stm32cube.ide.mcu.externaltools.gnu-tools-for-stm32.14.3.rel1.linux64_1.0.100.202602081740/tools/lib/gcc/arm-none-eabi/14.3.1/include/arm_mve.h ****   return __builtin_mve_vbicq_sv8hi (__a, __b);
 882:/opt/st/stm32cubeide_2.1.1/plugins/com.st.stm32cube.ide.mcu.externaltools.gnu-tools-for-stm32.14.3.rel1.linux64_1.0.100.202602081740/tools/lib/gcc/arm-none-eabi/14.3.1/include/arm_mve.h **** }
 883:/opt/st/stm32cubeide_2.1.1/plugins/com.st.stm32cube.ide.mcu.externaltools.gnu-tools-for-stm32.14.3.rel1.linux64_1.0.100.202602081740/tools/lib/gcc/arm-none-eabi/14.3.1/include/arm_mve.h **** 
 884:/opt/st/stm32cubeide_2.1.1/plugins/com.st.stm32cube.ide.mcu.externaltools.gnu-tools-for-stm32.14.3.rel1.linux64_1.0.100.202602081740/tools/lib/gcc/arm-none-eabi/14.3.1/include/arm_mve.h **** __extension__ extern __inline uint32x4_t
 885:/opt/st/stm32cubeide_2.1.1/plugins/com.st.stm32cube.ide.mcu.externaltools.gnu-tools-for-stm32.14.3.rel1.linux64_1.0.100.202602081740/tools/lib/gcc/arm-none-eabi/14.3.1/include/arm_mve.h **** __attribute__ ((__always_inline__, __gnu_inline__, __artificial__))
 886:/opt/st/stm32cubeide_2.1.1/plugins/com.st.stm32cube.ide.mcu.externaltools.gnu-tools-for-stm32.14.3.rel1.linux64_1.0.100.202602081740/tools/lib/gcc/arm-none-eabi/14.3.1/include/arm_mve.h **** __arm_vornq_u32 (uint32x4_t __a, uint32x4_t __b)
 887:/opt/st/stm32cubeide_2.1.1/plugins/com.st.stm32cube.ide.mcu.externaltools.gnu-tools-for-stm32.14.3.rel1.linux64_1.0.100.202602081740/tools/lib/gcc/arm-none-eabi/14.3.1/include/arm_mve.h **** {
 888:/opt/st/stm32cubeide_2.1.1/plugins/com.st.stm32cube.ide.mcu.externaltools.gnu-tools-for-stm32.14.3.rel1.linux64_1.0.100.202602081740/tools/lib/gcc/arm-none-eabi/14.3.1/include/arm_mve.h ****   return __builtin_mve_vornq_uv4si (__a, __b);
 889:/opt/st/stm32cubeide_2.1.1/plugins/com.st.stm32cube.ide.mcu.externaltools.gnu-tools-for-stm32.14.3.rel1.linux64_1.0.100.202602081740/tools/lib/gcc/arm-none-eabi/14.3.1/include/arm_mve.h **** }
 890:/opt/st/stm32cubeide_2.1.1/plugins/com.st.stm32cube.ide.mcu.externaltools.gnu-tools-for-stm32.14.3.rel1.linux64_1.0.100.202602081740/tools/lib/gcc/arm-none-eabi/14.3.1/include/arm_mve.h **** 
 891:/opt/st/stm32cubeide_2.1.1/plugins/com.st.stm32cube.ide.mcu.externaltools.gnu-tools-for-stm32.14.3.rel1.linux64_1.0.100.202602081740/tools/lib/gcc/arm-none-eabi/14.3.1/include/arm_mve.h **** __extension__ extern __inline uint32x4_t
 892:/opt/st/stm32cubeide_2.1.1/plugins/com.st.stm32cube.ide.mcu.externaltools.gnu-tools-for-stm32.14.3.rel1.linux64_1.0.100.202602081740/tools/lib/gcc/arm-none-eabi/14.3.1/include/arm_mve.h **** __attribute__ ((__always_inline__, __gnu_inline__, __artificial__))
 893:/opt/st/stm32cubeide_2.1.1/plugins/com.st.stm32cube.ide.mcu.externaltools.gnu-tools-for-stm32.14.3.rel1.linux64_1.0.100.202602081740/tools/lib/gcc/arm-none-eabi/14.3.1/include/arm_mve.h **** __arm_vbicq_u32 (uint32x4_t __a, uint32x4_t __b)
 894:/opt/st/stm32cubeide_2.1.1/plugins/com.st.stm32cube.ide.mcu.externaltools.gnu-tools-for-stm32.14.3.rel1.linux64_1.0.100.202602081740/tools/lib/gcc/arm-none-eabi/14.3.1/include/arm_mve.h **** {
 895:/opt/st/stm32cubeide_2.1.1/plugins/com.st.stm32cube.ide.mcu.externaltools.gnu-tools-for-stm32.14.3.rel1.linux64_1.0.100.202602081740/tools/lib/gcc/arm-none-eabi/14.3.1/include/arm_mve.h ****   return __builtin_mve_vbicq_uv4si (__a, __b);
 896:/opt/st/stm32cubeide_2.1.1/plugins/com.st.stm32cube.ide.mcu.externaltools.gnu-tools-for-stm32.14.3.rel1.linux64_1.0.100.202602081740/tools/lib/gcc/arm-none-eabi/14.3.1/include/arm_mve.h **** }
 897:/opt/st/stm32cubeide_2.1.1/plugins/com.st.stm32cube.ide.mcu.externaltools.gnu-tools-for-stm32.14.3.rel1.linux64_1.0.100.202602081740/tools/lib/gcc/arm-none-eabi/14.3.1/include/arm_mve.h **** 
 898:/opt/st/stm32cubeide_2.1.1/plugins/com.st.stm32cube.ide.mcu.externaltools.gnu-tools-for-stm32.14.3.rel1.linux64_1.0.100.202602081740/tools/lib/gcc/arm-none-eabi/14.3.1/include/arm_mve.h **** __extension__ extern __inline int32x4_t
 899:/opt/st/stm32cubeide_2.1.1/plugins/com.st.stm32cube.ide.mcu.externaltools.gnu-tools-for-stm32.14.3.rel1.linux64_1.0.100.202602081740/tools/lib/gcc/arm-none-eabi/14.3.1/include/arm_mve.h **** __attribute__ ((__always_inline__, __gnu_inline__, __artificial__))
 900:/opt/st/stm32cubeide_2.1.1/plugins/com.st.stm32cube.ide.mcu.externaltools.gnu-tools-for-stm32.14.3.rel1.linux64_1.0.100.202602081740/tools/lib/gcc/arm-none-eabi/14.3.1/include/arm_mve.h **** __arm_vornq_s32 (int32x4_t __a, int32x4_t __b)
 901:/opt/st/stm32cubeide_2.1.1/plugins/com.st.stm32cube.ide.mcu.externaltools.gnu-tools-for-stm32.14.3.rel1.linux64_1.0.100.202602081740/tools/lib/gcc/arm-none-eabi/14.3.1/include/arm_mve.h **** {
 902:/opt/st/stm32cubeide_2.1.1/plugins/com.st.stm32cube.ide.mcu.externaltools.gnu-tools-for-stm32.14.3.rel1.linux64_1.0.100.202602081740/tools/lib/gcc/arm-none-eabi/14.3.1/include/arm_mve.h ****   return __builtin_mve_vornq_sv4si (__a, __b);
 903:/opt/st/stm32cubeide_2.1.1/plugins/com.st.stm32cube.ide.mcu.externaltools.gnu-tools-for-stm32.14.3.rel1.linux64_1.0.100.202602081740/tools/lib/gcc/arm-none-eabi/14.3.1/include/arm_mve.h **** }
 904:/opt/st/stm32cubeide_2.1.1/plugins/com.st.stm32cube.ide.mcu.externaltools.gnu-tools-for-stm32.14.3.rel1.linux64_1.0.100.202602081740/tools/lib/gcc/arm-none-eabi/14.3.1/include/arm_mve.h **** 
 905:/opt/st/stm32cubeide_2.1.1/plugins/com.st.stm32cube.ide.mcu.externaltools.gnu-tools-for-stm32.14.3.rel1.linux64_1.0.100.202602081740/tools/lib/gcc/arm-none-eabi/14.3.1/include/arm_mve.h **** __extension__ extern __inline int32x4_t
 906:/opt/st/stm32cubeide_2.1.1/plugins/com.st.stm32cube.ide.mcu.externaltools.gnu-tools-for-stm32.14.3.rel1.linux64_1.0.100.202602081740/tools/lib/gcc/arm-none-eabi/14.3.1/include/arm_mve.h **** __attribute__ ((__always_inline__, __gnu_inline__, __artificial__))
 907:/opt/st/stm32cubeide_2.1.1/plugins/com.st.stm32cube.ide.mcu.externaltools.gnu-tools-for-stm32.14.3.rel1.linux64_1.0.100.202602081740/tools/lib/gcc/arm-none-eabi/14.3.1/include/arm_mve.h **** __arm_vbicq_s32 (int32x4_t __a, int32x4_t __b)
ARM GAS  /tmp/ccS31Hxi.s 			page 20


 908:/opt/st/stm32cubeide_2.1.1/plugins/com.st.stm32cube.ide.mcu.externaltools.gnu-tools-for-stm32.14.3.rel1.linux64_1.0.100.202602081740/tools/lib/gcc/arm-none-eabi/14.3.1/include/arm_mve.h **** {
 909:/opt/st/stm32cubeide_2.1.1/plugins/com.st.stm32cube.ide.mcu.externaltools.gnu-tools-for-stm32.14.3.rel1.linux64_1.0.100.202602081740/tools/lib/gcc/arm-none-eabi/14.3.1/include/arm_mve.h ****   return __builtin_mve_vbicq_sv4si (__a, __b);
 910:/opt/st/stm32cubeide_2.1.1/plugins/com.st.stm32cube.ide.mcu.externaltools.gnu-tools-for-stm32.14.3.rel1.linux64_1.0.100.202602081740/tools/lib/gcc/arm-none-eabi/14.3.1/include/arm_mve.h **** }
 911:/opt/st/stm32cubeide_2.1.1/plugins/com.st.stm32cube.ide.mcu.externaltools.gnu-tools-for-stm32.14.3.rel1.linux64_1.0.100.202602081740/tools/lib/gcc/arm-none-eabi/14.3.1/include/arm_mve.h **** 
 912:/opt/st/stm32cubeide_2.1.1/plugins/com.st.stm32cube.ide.mcu.externaltools.gnu-tools-for-stm32.14.3.rel1.linux64_1.0.100.202602081740/tools/lib/gcc/arm-none-eabi/14.3.1/include/arm_mve.h **** __extension__ extern __inline uint16x8_t
 913:/opt/st/stm32cubeide_2.1.1/plugins/com.st.stm32cube.ide.mcu.externaltools.gnu-tools-for-stm32.14.3.rel1.linux64_1.0.100.202602081740/tools/lib/gcc/arm-none-eabi/14.3.1/include/arm_mve.h **** __attribute__ ((__always_inline__, __gnu_inline__, __artificial__))
 914:/opt/st/stm32cubeide_2.1.1/plugins/com.st.stm32cube.ide.mcu.externaltools.gnu-tools-for-stm32.14.3.rel1.linux64_1.0.100.202602081740/tools/lib/gcc/arm-none-eabi/14.3.1/include/arm_mve.h **** __arm_vbicq_n_u16 (uint16x8_t __a, const int __imm)
 915:/opt/st/stm32cubeide_2.1.1/plugins/com.st.stm32cube.ide.mcu.externaltools.gnu-tools-for-stm32.14.3.rel1.linux64_1.0.100.202602081740/tools/lib/gcc/arm-none-eabi/14.3.1/include/arm_mve.h **** {
 916:/opt/st/stm32cubeide_2.1.1/plugins/com.st.stm32cube.ide.mcu.externaltools.gnu-tools-for-stm32.14.3.rel1.linux64_1.0.100.202602081740/tools/lib/gcc/arm-none-eabi/14.3.1/include/arm_mve.h ****   return __builtin_mve_vbicq_n_uv8hi (__a, __imm);
 917:/opt/st/stm32cubeide_2.1.1/plugins/com.st.stm32cube.ide.mcu.externaltools.gnu-tools-for-stm32.14.3.rel1.linux64_1.0.100.202602081740/tools/lib/gcc/arm-none-eabi/14.3.1/include/arm_mve.h **** }
 918:/opt/st/stm32cubeide_2.1.1/plugins/com.st.stm32cube.ide.mcu.externaltools.gnu-tools-for-stm32.14.3.rel1.linux64_1.0.100.202602081740/tools/lib/gcc/arm-none-eabi/14.3.1/include/arm_mve.h **** 
 919:/opt/st/stm32cubeide_2.1.1/plugins/com.st.stm32cube.ide.mcu.externaltools.gnu-tools-for-stm32.14.3.rel1.linux64_1.0.100.202602081740/tools/lib/gcc/arm-none-eabi/14.3.1/include/arm_mve.h **** __extension__ extern __inline int16x8_t
 920:/opt/st/stm32cubeide_2.1.1/plugins/com.st.stm32cube.ide.mcu.externaltools.gnu-tools-for-stm32.14.3.rel1.linux64_1.0.100.202602081740/tools/lib/gcc/arm-none-eabi/14.3.1/include/arm_mve.h **** __attribute__ ((__always_inline__, __gnu_inline__, __artificial__))
 921:/opt/st/stm32cubeide_2.1.1/plugins/com.st.stm32cube.ide.mcu.externaltools.gnu-tools-for-stm32.14.3.rel1.linux64_1.0.100.202602081740/tools/lib/gcc/arm-none-eabi/14.3.1/include/arm_mve.h **** __arm_vbicq_n_s16 (int16x8_t __a, const int __imm)
 922:/opt/st/stm32cubeide_2.1.1/plugins/com.st.stm32cube.ide.mcu.externaltools.gnu-tools-for-stm32.14.3.rel1.linux64_1.0.100.202602081740/tools/lib/gcc/arm-none-eabi/14.3.1/include/arm_mve.h **** {
 923:/opt/st/stm32cubeide_2.1.1/plugins/com.st.stm32cube.ide.mcu.externaltools.gnu-tools-for-stm32.14.3.rel1.linux64_1.0.100.202602081740/tools/lib/gcc/arm-none-eabi/14.3.1/include/arm_mve.h ****   return __builtin_mve_vbicq_n_sv8hi (__a, __imm);
 924:/opt/st/stm32cubeide_2.1.1/plugins/com.st.stm32cube.ide.mcu.externaltools.gnu-tools-for-stm32.14.3.rel1.linux64_1.0.100.202602081740/tools/lib/gcc/arm-none-eabi/14.3.1/include/arm_mve.h **** }
 925:/opt/st/stm32cubeide_2.1.1/plugins/com.st.stm32cube.ide.mcu.externaltools.gnu-tools-for-stm32.14.3.rel1.linux64_1.0.100.202602081740/tools/lib/gcc/arm-none-eabi/14.3.1/include/arm_mve.h **** 
 926:/opt/st/stm32cubeide_2.1.1/plugins/com.st.stm32cube.ide.mcu.externaltools.gnu-tools-for-stm32.14.3.rel1.linux64_1.0.100.202602081740/tools/lib/gcc/arm-none-eabi/14.3.1/include/arm_mve.h **** __extension__ extern __inline uint32x4_t
 927:/opt/st/stm32cubeide_2.1.1/plugins/com.st.stm32cube.ide.mcu.externaltools.gnu-tools-for-stm32.14.3.rel1.linux64_1.0.100.202602081740/tools/lib/gcc/arm-none-eabi/14.3.1/include/arm_mve.h **** __attribute__ ((__always_inline__, __gnu_inline__, __artificial__))
 928:/opt/st/stm32cubeide_2.1.1/plugins/com.st.stm32cube.ide.mcu.externaltools.gnu-tools-for-stm32.14.3.rel1.linux64_1.0.100.202602081740/tools/lib/gcc/arm-none-eabi/14.3.1/include/arm_mve.h **** __arm_vbicq_n_u32 (uint32x4_t __a, const int __imm)
 929:/opt/st/stm32cubeide_2.1.1/plugins/com.st.stm32cube.ide.mcu.externaltools.gnu-tools-for-stm32.14.3.rel1.linux64_1.0.100.202602081740/tools/lib/gcc/arm-none-eabi/14.3.1/include/arm_mve.h **** {
 930:/opt/st/stm32cubeide_2.1.1/plugins/com.st.stm32cube.ide.mcu.externaltools.gnu-tools-for-stm32.14.3.rel1.linux64_1.0.100.202602081740/tools/lib/gcc/arm-none-eabi/14.3.1/include/arm_mve.h ****   return __builtin_mve_vbicq_n_uv4si (__a, __imm);
 931:/opt/st/stm32cubeide_2.1.1/plugins/com.st.stm32cube.ide.mcu.externaltools.gnu-tools-for-stm32.14.3.rel1.linux64_1.0.100.202602081740/tools/lib/gcc/arm-none-eabi/14.3.1/include/arm_mve.h **** }
 932:/opt/st/stm32cubeide_2.1.1/plugins/com.st.stm32cube.ide.mcu.externaltools.gnu-tools-for-stm32.14.3.rel1.linux64_1.0.100.202602081740/tools/lib/gcc/arm-none-eabi/14.3.1/include/arm_mve.h **** 
 933:/opt/st/stm32cubeide_2.1.1/plugins/com.st.stm32cube.ide.mcu.externaltools.gnu-tools-for-stm32.14.3.rel1.linux64_1.0.100.202602081740/tools/lib/gcc/arm-none-eabi/14.3.1/include/arm_mve.h **** __extension__ extern __inline int32x4_t
 934:/opt/st/stm32cubeide_2.1.1/plugins/com.st.stm32cube.ide.mcu.externaltools.gnu-tools-for-stm32.14.3.rel1.linux64_1.0.100.202602081740/tools/lib/gcc/arm-none-eabi/14.3.1/include/arm_mve.h **** __attribute__ ((__always_inline__, __gnu_inline__, __artificial__))
 935:/opt/st/stm32cubeide_2.1.1/plugins/com.st.stm32cube.ide.mcu.externaltools.gnu-tools-for-stm32.14.3.rel1.linux64_1.0.100.202602081740/tools/lib/gcc/arm-none-eabi/14.3.1/include/arm_mve.h **** __arm_vbicq_n_s32 (int32x4_t __a, const int __imm)
 936:/opt/st/stm32cubeide_2.1.1/plugins/com.st.stm32cube.ide.mcu.externaltools.gnu-tools-for-stm32.14.3.rel1.linux64_1.0.100.202602081740/tools/lib/gcc/arm-none-eabi/14.3.1/include/arm_mve.h **** {
 937:/opt/st/stm32cubeide_2.1.1/plugins/com.st.stm32cube.ide.mcu.externaltools.gnu-tools-for-stm32.14.3.rel1.linux64_1.0.100.202602081740/tools/lib/gcc/arm-none-eabi/14.3.1/include/arm_mve.h ****   return __builtin_mve_vbicq_n_sv4si (__a, __imm);
 938:/opt/st/stm32cubeide_2.1.1/plugins/com.st.stm32cube.ide.mcu.externaltools.gnu-tools-for-stm32.14.3.rel1.linux64_1.0.100.202602081740/tools/lib/gcc/arm-none-eabi/14.3.1/include/arm_mve.h **** }
 939:/opt/st/stm32cubeide_2.1.1/plugins/com.st.stm32cube.ide.mcu.externaltools.gnu-tools-for-stm32.14.3.rel1.linux64_1.0.100.202602081740/tools/lib/gcc/arm-none-eabi/14.3.1/include/arm_mve.h **** 
 940:/opt/st/stm32cubeide_2.1.1/plugins/com.st.stm32cube.ide.mcu.externaltools.gnu-tools-for-stm32.14.3.rel1.linux64_1.0.100.202602081740/tools/lib/gcc/arm-none-eabi/14.3.1/include/arm_mve.h **** __extension__ extern __inline mve_pred16_t
 941:/opt/st/stm32cubeide_2.1.1/plugins/com.st.stm32cube.ide.mcu.externaltools.gnu-tools-for-stm32.14.3.rel1.linux64_1.0.100.202602081740/tools/lib/gcc/arm-none-eabi/14.3.1/include/arm_mve.h **** __attribute__ ((__always_inline__, __gnu_inline__, __artificial__))
 942:/opt/st/stm32cubeide_2.1.1/plugins/com.st.stm32cube.ide.mcu.externaltools.gnu-tools-for-stm32.14.3.rel1.linux64_1.0.100.202602081740/tools/lib/gcc/arm-none-eabi/14.3.1/include/arm_mve.h **** __arm_vctp8q_m (uint32_t __a, mve_pred16_t __p)
 943:/opt/st/stm32cubeide_2.1.1/plugins/com.st.stm32cube.ide.mcu.externaltools.gnu-tools-for-stm32.14.3.rel1.linux64_1.0.100.202602081740/tools/lib/gcc/arm-none-eabi/14.3.1/include/arm_mve.h **** {
 944:/opt/st/stm32cubeide_2.1.1/plugins/com.st.stm32cube.ide.mcu.externaltools.gnu-tools-for-stm32.14.3.rel1.linux64_1.0.100.202602081740/tools/lib/gcc/arm-none-eabi/14.3.1/include/arm_mve.h ****   return __builtin_mve_vctp8q_mv16bi (__a, __p);
 945:/opt/st/stm32cubeide_2.1.1/plugins/com.st.stm32cube.ide.mcu.externaltools.gnu-tools-for-stm32.14.3.rel1.linux64_1.0.100.202602081740/tools/lib/gcc/arm-none-eabi/14.3.1/include/arm_mve.h **** }
 946:/opt/st/stm32cubeide_2.1.1/plugins/com.st.stm32cube.ide.mcu.externaltools.gnu-tools-for-stm32.14.3.rel1.linux64_1.0.100.202602081740/tools/lib/gcc/arm-none-eabi/14.3.1/include/arm_mve.h **** 
 947:/opt/st/stm32cubeide_2.1.1/plugins/com.st.stm32cube.ide.mcu.externaltools.gnu-tools-for-stm32.14.3.rel1.linux64_1.0.100.202602081740/tools/lib/gcc/arm-none-eabi/14.3.1/include/arm_mve.h **** __extension__ extern __inline mve_pred16_t
 948:/opt/st/stm32cubeide_2.1.1/plugins/com.st.stm32cube.ide.mcu.externaltools.gnu-tools-for-stm32.14.3.rel1.linux64_1.0.100.202602081740/tools/lib/gcc/arm-none-eabi/14.3.1/include/arm_mve.h **** __attribute__ ((__always_inline__, __gnu_inline__, __artificial__))
 949:/opt/st/stm32cubeide_2.1.1/plugins/com.st.stm32cube.ide.mcu.externaltools.gnu-tools-for-stm32.14.3.rel1.linux64_1.0.100.202602081740/tools/lib/gcc/arm-none-eabi/14.3.1/include/arm_mve.h **** __arm_vctp64q_m (uint32_t __a, mve_pred16_t __p)
 950:/opt/st/stm32cubeide_2.1.1/plugins/com.st.stm32cube.ide.mcu.externaltools.gnu-tools-for-stm32.14.3.rel1.linux64_1.0.100.202602081740/tools/lib/gcc/arm-none-eabi/14.3.1/include/arm_mve.h **** {
 951:/opt/st/stm32cubeide_2.1.1/plugins/com.st.stm32cube.ide.mcu.externaltools.gnu-tools-for-stm32.14.3.rel1.linux64_1.0.100.202602081740/tools/lib/gcc/arm-none-eabi/14.3.1/include/arm_mve.h ****   return __builtin_mve_vctp64q_mv2qi (__a, __p);
 952:/opt/st/stm32cubeide_2.1.1/plugins/com.st.stm32cube.ide.mcu.externaltools.gnu-tools-for-stm32.14.3.rel1.linux64_1.0.100.202602081740/tools/lib/gcc/arm-none-eabi/14.3.1/include/arm_mve.h **** }
 953:/opt/st/stm32cubeide_2.1.1/plugins/com.st.stm32cube.ide.mcu.externaltools.gnu-tools-for-stm32.14.3.rel1.linux64_1.0.100.202602081740/tools/lib/gcc/arm-none-eabi/14.3.1/include/arm_mve.h **** 
 954:/opt/st/stm32cubeide_2.1.1/plugins/com.st.stm32cube.ide.mcu.externaltools.gnu-tools-for-stm32.14.3.rel1.linux64_1.0.100.202602081740/tools/lib/gcc/arm-none-eabi/14.3.1/include/arm_mve.h **** __extension__ extern __inline mve_pred16_t
 955:/opt/st/stm32cubeide_2.1.1/plugins/com.st.stm32cube.ide.mcu.externaltools.gnu-tools-for-stm32.14.3.rel1.linux64_1.0.100.202602081740/tools/lib/gcc/arm-none-eabi/14.3.1/include/arm_mve.h **** __attribute__ ((__always_inline__, __gnu_inline__, __artificial__))
 956:/opt/st/stm32cubeide_2.1.1/plugins/com.st.stm32cube.ide.mcu.externaltools.gnu-tools-for-stm32.14.3.rel1.linux64_1.0.100.202602081740/tools/lib/gcc/arm-none-eabi/14.3.1/include/arm_mve.h **** __arm_vctp32q_m (uint32_t __a, mve_pred16_t __p)
 957:/opt/st/stm32cubeide_2.1.1/plugins/com.st.stm32cube.ide.mcu.externaltools.gnu-tools-for-stm32.14.3.rel1.linux64_1.0.100.202602081740/tools/lib/gcc/arm-none-eabi/14.3.1/include/arm_mve.h **** {
 958:/opt/st/stm32cubeide_2.1.1/plugins/com.st.stm32cube.ide.mcu.externaltools.gnu-tools-for-stm32.14.3.rel1.linux64_1.0.100.202602081740/tools/lib/gcc/arm-none-eabi/14.3.1/include/arm_mve.h ****   return __builtin_mve_vctp32q_mv4bi (__a, __p);
 959:/opt/st/stm32cubeide_2.1.1/plugins/com.st.stm32cube.ide.mcu.externaltools.gnu-tools-for-stm32.14.3.rel1.linux64_1.0.100.202602081740/tools/lib/gcc/arm-none-eabi/14.3.1/include/arm_mve.h **** }
 960:/opt/st/stm32cubeide_2.1.1/plugins/com.st.stm32cube.ide.mcu.externaltools.gnu-tools-for-stm32.14.3.rel1.linux64_1.0.100.202602081740/tools/lib/gcc/arm-none-eabi/14.3.1/include/arm_mve.h **** 
 961:/opt/st/stm32cubeide_2.1.1/plugins/com.st.stm32cube.ide.mcu.externaltools.gnu-tools-for-stm32.14.3.rel1.linux64_1.0.100.202602081740/tools/lib/gcc/arm-none-eabi/14.3.1/include/arm_mve.h **** __extension__ extern __inline mve_pred16_t
 962:/opt/st/stm32cubeide_2.1.1/plugins/com.st.stm32cube.ide.mcu.externaltools.gnu-tools-for-stm32.14.3.rel1.linux64_1.0.100.202602081740/tools/lib/gcc/arm-none-eabi/14.3.1/include/arm_mve.h **** __attribute__ ((__always_inline__, __gnu_inline__, __artificial__))
 963:/opt/st/stm32cubeide_2.1.1/plugins/com.st.stm32cube.ide.mcu.externaltools.gnu-tools-for-stm32.14.3.rel1.linux64_1.0.100.202602081740/tools/lib/gcc/arm-none-eabi/14.3.1/include/arm_mve.h **** __arm_vctp16q_m (uint32_t __a, mve_pred16_t __p)
 964:/opt/st/stm32cubeide_2.1.1/plugins/com.st.stm32cube.ide.mcu.externaltools.gnu-tools-for-stm32.14.3.rel1.linux64_1.0.100.202602081740/tools/lib/gcc/arm-none-eabi/14.3.1/include/arm_mve.h **** {
ARM GAS  /tmp/ccS31Hxi.s 			page 21


 965:/opt/st/stm32cubeide_2.1.1/plugins/com.st.stm32cube.ide.mcu.externaltools.gnu-tools-for-stm32.14.3.rel1.linux64_1.0.100.202602081740/tools/lib/gcc/arm-none-eabi/14.3.1/include/arm_mve.h ****   return __builtin_mve_vctp16q_mv8bi (__a, __p);
 966:/opt/st/stm32cubeide_2.1.1/plugins/com.st.stm32cube.ide.mcu.externaltools.gnu-tools-for-stm32.14.3.rel1.linux64_1.0.100.202602081740/tools/lib/gcc/arm-none-eabi/14.3.1/include/arm_mve.h **** }
 967:/opt/st/stm32cubeide_2.1.1/plugins/com.st.stm32cube.ide.mcu.externaltools.gnu-tools-for-stm32.14.3.rel1.linux64_1.0.100.202602081740/tools/lib/gcc/arm-none-eabi/14.3.1/include/arm_mve.h **** 
 968:/opt/st/stm32cubeide_2.1.1/plugins/com.st.stm32cube.ide.mcu.externaltools.gnu-tools-for-stm32.14.3.rel1.linux64_1.0.100.202602081740/tools/lib/gcc/arm-none-eabi/14.3.1/include/arm_mve.h **** __extension__ extern __inline int16x8_t
 969:/opt/st/stm32cubeide_2.1.1/plugins/com.st.stm32cube.ide.mcu.externaltools.gnu-tools-for-stm32.14.3.rel1.linux64_1.0.100.202602081740/tools/lib/gcc/arm-none-eabi/14.3.1/include/arm_mve.h **** __attribute__ ((__always_inline__, __gnu_inline__, __artificial__))
 970:/opt/st/stm32cubeide_2.1.1/plugins/com.st.stm32cube.ide.mcu.externaltools.gnu-tools-for-stm32.14.3.rel1.linux64_1.0.100.202602081740/tools/lib/gcc/arm-none-eabi/14.3.1/include/arm_mve.h **** __arm_vbicq_m_n_s16 (int16x8_t __a, const int __imm, mve_pred16_t __p)
 971:/opt/st/stm32cubeide_2.1.1/plugins/com.st.stm32cube.ide.mcu.externaltools.gnu-tools-for-stm32.14.3.rel1.linux64_1.0.100.202602081740/tools/lib/gcc/arm-none-eabi/14.3.1/include/arm_mve.h **** {
 972:/opt/st/stm32cubeide_2.1.1/plugins/com.st.stm32cube.ide.mcu.externaltools.gnu-tools-for-stm32.14.3.rel1.linux64_1.0.100.202602081740/tools/lib/gcc/arm-none-eabi/14.3.1/include/arm_mve.h ****   return __builtin_mve_vbicq_m_n_sv8hi (__a, __imm, __p);
 973:/opt/st/stm32cubeide_2.1.1/plugins/com.st.stm32cube.ide.mcu.externaltools.gnu-tools-for-stm32.14.3.rel1.linux64_1.0.100.202602081740/tools/lib/gcc/arm-none-eabi/14.3.1/include/arm_mve.h **** }
 974:/opt/st/stm32cubeide_2.1.1/plugins/com.st.stm32cube.ide.mcu.externaltools.gnu-tools-for-stm32.14.3.rel1.linux64_1.0.100.202602081740/tools/lib/gcc/arm-none-eabi/14.3.1/include/arm_mve.h **** 
 975:/opt/st/stm32cubeide_2.1.1/plugins/com.st.stm32cube.ide.mcu.externaltools.gnu-tools-for-stm32.14.3.rel1.linux64_1.0.100.202602081740/tools/lib/gcc/arm-none-eabi/14.3.1/include/arm_mve.h **** __extension__ extern __inline int32x4_t
 976:/opt/st/stm32cubeide_2.1.1/plugins/com.st.stm32cube.ide.mcu.externaltools.gnu-tools-for-stm32.14.3.rel1.linux64_1.0.100.202602081740/tools/lib/gcc/arm-none-eabi/14.3.1/include/arm_mve.h **** __attribute__ ((__always_inline__, __gnu_inline__, __artificial__))
 977:/opt/st/stm32cubeide_2.1.1/plugins/com.st.stm32cube.ide.mcu.externaltools.gnu-tools-for-stm32.14.3.rel1.linux64_1.0.100.202602081740/tools/lib/gcc/arm-none-eabi/14.3.1/include/arm_mve.h **** __arm_vbicq_m_n_s32 (int32x4_t __a, const int __imm, mve_pred16_t __p)
 978:/opt/st/stm32cubeide_2.1.1/plugins/com.st.stm32cube.ide.mcu.externaltools.gnu-tools-for-stm32.14.3.rel1.linux64_1.0.100.202602081740/tools/lib/gcc/arm-none-eabi/14.3.1/include/arm_mve.h **** {
 979:/opt/st/stm32cubeide_2.1.1/plugins/com.st.stm32cube.ide.mcu.externaltools.gnu-tools-for-stm32.14.3.rel1.linux64_1.0.100.202602081740/tools/lib/gcc/arm-none-eabi/14.3.1/include/arm_mve.h ****   return __builtin_mve_vbicq_m_n_sv4si (__a, __imm, __p);
 980:/opt/st/stm32cubeide_2.1.1/plugins/com.st.stm32cube.ide.mcu.externaltools.gnu-tools-for-stm32.14.3.rel1.linux64_1.0.100.202602081740/tools/lib/gcc/arm-none-eabi/14.3.1/include/arm_mve.h **** }
 981:/opt/st/stm32cubeide_2.1.1/plugins/com.st.stm32cube.ide.mcu.externaltools.gnu-tools-for-stm32.14.3.rel1.linux64_1.0.100.202602081740/tools/lib/gcc/arm-none-eabi/14.3.1/include/arm_mve.h **** 
 982:/opt/st/stm32cubeide_2.1.1/plugins/com.st.stm32cube.ide.mcu.externaltools.gnu-tools-for-stm32.14.3.rel1.linux64_1.0.100.202602081740/tools/lib/gcc/arm-none-eabi/14.3.1/include/arm_mve.h **** __extension__ extern __inline uint16x8_t
 983:/opt/st/stm32cubeide_2.1.1/plugins/com.st.stm32cube.ide.mcu.externaltools.gnu-tools-for-stm32.14.3.rel1.linux64_1.0.100.202602081740/tools/lib/gcc/arm-none-eabi/14.3.1/include/arm_mve.h **** __attribute__ ((__always_inline__, __gnu_inline__, __artificial__))
 984:/opt/st/stm32cubeide_2.1.1/plugins/com.st.stm32cube.ide.mcu.externaltools.gnu-tools-for-stm32.14.3.rel1.linux64_1.0.100.202602081740/tools/lib/gcc/arm-none-eabi/14.3.1/include/arm_mve.h **** __arm_vbicq_m_n_u16 (uint16x8_t __a, const int __imm, mve_pred16_t __p)
 985:/opt/st/stm32cubeide_2.1.1/plugins/com.st.stm32cube.ide.mcu.externaltools.gnu-tools-for-stm32.14.3.rel1.linux64_1.0.100.202602081740/tools/lib/gcc/arm-none-eabi/14.3.1/include/arm_mve.h **** {
 986:/opt/st/stm32cubeide_2.1.1/plugins/com.st.stm32cube.ide.mcu.externaltools.gnu-tools-for-stm32.14.3.rel1.linux64_1.0.100.202602081740/tools/lib/gcc/arm-none-eabi/14.3.1/include/arm_mve.h ****   return __builtin_mve_vbicq_m_n_uv8hi (__a, __imm, __p);
 987:/opt/st/stm32cubeide_2.1.1/plugins/com.st.stm32cube.ide.mcu.externaltools.gnu-tools-for-stm32.14.3.rel1.linux64_1.0.100.202602081740/tools/lib/gcc/arm-none-eabi/14.3.1/include/arm_mve.h **** }
 988:/opt/st/stm32cubeide_2.1.1/plugins/com.st.stm32cube.ide.mcu.externaltools.gnu-tools-for-stm32.14.3.rel1.linux64_1.0.100.202602081740/tools/lib/gcc/arm-none-eabi/14.3.1/include/arm_mve.h **** 
 989:/opt/st/stm32cubeide_2.1.1/plugins/com.st.stm32cube.ide.mcu.externaltools.gnu-tools-for-stm32.14.3.rel1.linux64_1.0.100.202602081740/tools/lib/gcc/arm-none-eabi/14.3.1/include/arm_mve.h **** __extension__ extern __inline uint32x4_t
 990:/opt/st/stm32cubeide_2.1.1/plugins/com.st.stm32cube.ide.mcu.externaltools.gnu-tools-for-stm32.14.3.rel1.linux64_1.0.100.202602081740/tools/lib/gcc/arm-none-eabi/14.3.1/include/arm_mve.h **** __attribute__ ((__always_inline__, __gnu_inline__, __artificial__))
 991:/opt/st/stm32cubeide_2.1.1/plugins/com.st.stm32cube.ide.mcu.externaltools.gnu-tools-for-stm32.14.3.rel1.linux64_1.0.100.202602081740/tools/lib/gcc/arm-none-eabi/14.3.1/include/arm_mve.h **** __arm_vbicq_m_n_u32 (uint32x4_t __a, const int __imm, mve_pred16_t __p)
 992:/opt/st/stm32cubeide_2.1.1/plugins/com.st.stm32cube.ide.mcu.externaltools.gnu-tools-for-stm32.14.3.rel1.linux64_1.0.100.202602081740/tools/lib/gcc/arm-none-eabi/14.3.1/include/arm_mve.h **** {
 993:/opt/st/stm32cubeide_2.1.1/plugins/com.st.stm32cube.ide.mcu.externaltools.gnu-tools-for-stm32.14.3.rel1.linux64_1.0.100.202602081740/tools/lib/gcc/arm-none-eabi/14.3.1/include/arm_mve.h ****   return __builtin_mve_vbicq_m_n_uv4si (__a, __imm, __p);
 994:/opt/st/stm32cubeide_2.1.1/plugins/com.st.stm32cube.ide.mcu.externaltools.gnu-tools-for-stm32.14.3.rel1.linux64_1.0.100.202602081740/tools/lib/gcc/arm-none-eabi/14.3.1/include/arm_mve.h **** }
 995:/opt/st/stm32cubeide_2.1.1/plugins/com.st.stm32cube.ide.mcu.externaltools.gnu-tools-for-stm32.14.3.rel1.linux64_1.0.100.202602081740/tools/lib/gcc/arm-none-eabi/14.3.1/include/arm_mve.h **** 
 996:/opt/st/stm32cubeide_2.1.1/plugins/com.st.stm32cube.ide.mcu.externaltools.gnu-tools-for-stm32.14.3.rel1.linux64_1.0.100.202602081740/tools/lib/gcc/arm-none-eabi/14.3.1/include/arm_mve.h **** __extension__ extern __inline int8x16_t
 997:/opt/st/stm32cubeide_2.1.1/plugins/com.st.stm32cube.ide.mcu.externaltools.gnu-tools-for-stm32.14.3.rel1.linux64_1.0.100.202602081740/tools/lib/gcc/arm-none-eabi/14.3.1/include/arm_mve.h **** __attribute__ ((__always_inline__, __gnu_inline__, __artificial__))
 998:/opt/st/stm32cubeide_2.1.1/plugins/com.st.stm32cube.ide.mcu.externaltools.gnu-tools-for-stm32.14.3.rel1.linux64_1.0.100.202602081740/tools/lib/gcc/arm-none-eabi/14.3.1/include/arm_mve.h **** __arm_vshlcq_s8 (int8x16_t __a, uint32_t * __b, const int __imm)
 999:/opt/st/stm32cubeide_2.1.1/plugins/com.st.stm32cube.ide.mcu.externaltools.gnu-tools-for-stm32.14.3.rel1.linux64_1.0.100.202602081740/tools/lib/gcc/arm-none-eabi/14.3.1/include/arm_mve.h **** {
1000:/opt/st/stm32cubeide_2.1.1/plugins/com.st.stm32cube.ide.mcu.externaltools.gnu-tools-for-stm32.14.3.rel1.linux64_1.0.100.202602081740/tools/lib/gcc/arm-none-eabi/14.3.1/include/arm_mve.h ****   int8x16_t __res = __builtin_mve_vshlcq_vec_sv16qi (__a, *__b, __imm);
1001:/opt/st/stm32cubeide_2.1.1/plugins/com.st.stm32cube.ide.mcu.externaltools.gnu-tools-for-stm32.14.3.rel1.linux64_1.0.100.202602081740/tools/lib/gcc/arm-none-eabi/14.3.1/include/arm_mve.h ****   *__b = __builtin_mve_vshlcq_carry_sv16qi (__a, *__b, __imm);
1002:/opt/st/stm32cubeide_2.1.1/plugins/com.st.stm32cube.ide.mcu.externaltools.gnu-tools-for-stm32.14.3.rel1.linux64_1.0.100.202602081740/tools/lib/gcc/arm-none-eabi/14.3.1/include/arm_mve.h ****   return __res;
1003:/opt/st/stm32cubeide_2.1.1/plugins/com.st.stm32cube.ide.mcu.externaltools.gnu-tools-for-stm32.14.3.rel1.linux64_1.0.100.202602081740/tools/lib/gcc/arm-none-eabi/14.3.1/include/arm_mve.h **** }
1004:/opt/st/stm32cubeide_2.1.1/plugins/com.st.stm32cube.ide.mcu.externaltools.gnu-tools-for-stm32.14.3.rel1.linux64_1.0.100.202602081740/tools/lib/gcc/arm-none-eabi/14.3.1/include/arm_mve.h **** 
1005:/opt/st/stm32cubeide_2.1.1/plugins/com.st.stm32cube.ide.mcu.externaltools.gnu-tools-for-stm32.14.3.rel1.linux64_1.0.100.202602081740/tools/lib/gcc/arm-none-eabi/14.3.1/include/arm_mve.h **** __extension__ extern __inline uint8x16_t
1006:/opt/st/stm32cubeide_2.1.1/plugins/com.st.stm32cube.ide.mcu.externaltools.gnu-tools-for-stm32.14.3.rel1.linux64_1.0.100.202602081740/tools/lib/gcc/arm-none-eabi/14.3.1/include/arm_mve.h **** __attribute__ ((__always_inline__, __gnu_inline__, __artificial__))
1007:/opt/st/stm32cubeide_2.1.1/plugins/com.st.stm32cube.ide.mcu.externaltools.gnu-tools-for-stm32.14.3.rel1.linux64_1.0.100.202602081740/tools/lib/gcc/arm-none-eabi/14.3.1/include/arm_mve.h **** __arm_vshlcq_u8 (uint8x16_t __a, uint32_t * __b, const int __imm)
1008:/opt/st/stm32cubeide_2.1.1/plugins/com.st.stm32cube.ide.mcu.externaltools.gnu-tools-for-stm32.14.3.rel1.linux64_1.0.100.202602081740/tools/lib/gcc/arm-none-eabi/14.3.1/include/arm_mve.h **** {
1009:/opt/st/stm32cubeide_2.1.1/plugins/com.st.stm32cube.ide.mcu.externaltools.gnu-tools-for-stm32.14.3.rel1.linux64_1.0.100.202602081740/tools/lib/gcc/arm-none-eabi/14.3.1/include/arm_mve.h ****   uint8x16_t __res = __builtin_mve_vshlcq_vec_uv16qi (__a, *__b, __imm);
1010:/opt/st/stm32cubeide_2.1.1/plugins/com.st.stm32cube.ide.mcu.externaltools.gnu-tools-for-stm32.14.3.rel1.linux64_1.0.100.202602081740/tools/lib/gcc/arm-none-eabi/14.3.1/include/arm_mve.h ****   *__b = __builtin_mve_vshlcq_carry_uv16qi (__a, *__b, __imm);
1011:/opt/st/stm32cubeide_2.1.1/plugins/com.st.stm32cube.ide.mcu.externaltools.gnu-tools-for-stm32.14.3.rel1.linux64_1.0.100.202602081740/tools/lib/gcc/arm-none-eabi/14.3.1/include/arm_mve.h ****   return __res;
1012:/opt/st/stm32cubeide_2.1.1/plugins/com.st.stm32cube.ide.mcu.externaltools.gnu-tools-for-stm32.14.3.rel1.linux64_1.0.100.202602081740/tools/lib/gcc/arm-none-eabi/14.3.1/include/arm_mve.h **** }
1013:/opt/st/stm32cubeide_2.1.1/plugins/com.st.stm32cube.ide.mcu.externaltools.gnu-tools-for-stm32.14.3.rel1.linux64_1.0.100.202602081740/tools/lib/gcc/arm-none-eabi/14.3.1/include/arm_mve.h **** 
1014:/opt/st/stm32cubeide_2.1.1/plugins/com.st.stm32cube.ide.mcu.externaltools.gnu-tools-for-stm32.14.3.rel1.linux64_1.0.100.202602081740/tools/lib/gcc/arm-none-eabi/14.3.1/include/arm_mve.h **** __extension__ extern __inline int16x8_t
1015:/opt/st/stm32cubeide_2.1.1/plugins/com.st.stm32cube.ide.mcu.externaltools.gnu-tools-for-stm32.14.3.rel1.linux64_1.0.100.202602081740/tools/lib/gcc/arm-none-eabi/14.3.1/include/arm_mve.h **** __attribute__ ((__always_inline__, __gnu_inline__, __artificial__))
1016:/opt/st/stm32cubeide_2.1.1/plugins/com.st.stm32cube.ide.mcu.externaltools.gnu-tools-for-stm32.14.3.rel1.linux64_1.0.100.202602081740/tools/lib/gcc/arm-none-eabi/14.3.1/include/arm_mve.h **** __arm_vshlcq_s16 (int16x8_t __a, uint32_t * __b, const int __imm)
1017:/opt/st/stm32cubeide_2.1.1/plugins/com.st.stm32cube.ide.mcu.externaltools.gnu-tools-for-stm32.14.3.rel1.linux64_1.0.100.202602081740/tools/lib/gcc/arm-none-eabi/14.3.1/include/arm_mve.h **** {
1018:/opt/st/stm32cubeide_2.1.1/plugins/com.st.stm32cube.ide.mcu.externaltools.gnu-tools-for-stm32.14.3.rel1.linux64_1.0.100.202602081740/tools/lib/gcc/arm-none-eabi/14.3.1/include/arm_mve.h ****   int16x8_t __res = __builtin_mve_vshlcq_vec_sv8hi (__a, *__b, __imm);
1019:/opt/st/stm32cubeide_2.1.1/plugins/com.st.stm32cube.ide.mcu.externaltools.gnu-tools-for-stm32.14.3.rel1.linux64_1.0.100.202602081740/tools/lib/gcc/arm-none-eabi/14.3.1/include/arm_mve.h ****   *__b = __builtin_mve_vshlcq_carry_sv8hi (__a, *__b, __imm);
1020:/opt/st/stm32cubeide_2.1.1/plugins/com.st.stm32cube.ide.mcu.externaltools.gnu-tools-for-stm32.14.3.rel1.linux64_1.0.100.202602081740/tools/lib/gcc/arm-none-eabi/14.3.1/include/arm_mve.h ****   return __res;
1021:/opt/st/stm32cubeide_2.1.1/plugins/com.st.stm32cube.ide.mcu.externaltools.gnu-tools-for-stm32.14.3.rel1.linux64_1.0.100.202602081740/tools/lib/gcc/arm-none-eabi/14.3.1/include/arm_mve.h **** }
ARM GAS  /tmp/ccS31Hxi.s 			page 22


1022:/opt/st/stm32cubeide_2.1.1/plugins/com.st.stm32cube.ide.mcu.externaltools.gnu-tools-for-stm32.14.3.rel1.linux64_1.0.100.202602081740/tools/lib/gcc/arm-none-eabi/14.3.1/include/arm_mve.h **** 
1023:/opt/st/stm32cubeide_2.1.1/plugins/com.st.stm32cube.ide.mcu.externaltools.gnu-tools-for-stm32.14.3.rel1.linux64_1.0.100.202602081740/tools/lib/gcc/arm-none-eabi/14.3.1/include/arm_mve.h **** __extension__ extern __inline uint16x8_t
1024:/opt/st/stm32cubeide_2.1.1/plugins/com.st.stm32cube.ide.mcu.externaltools.gnu-tools-for-stm32.14.3.rel1.linux64_1.0.100.202602081740/tools/lib/gcc/arm-none-eabi/14.3.1/include/arm_mve.h **** __attribute__ ((__always_inline__, __gnu_inline__, __artificial__))
1025:/opt/st/stm32cubeide_2.1.1/plugins/com.st.stm32cube.ide.mcu.externaltools.gnu-tools-for-stm32.14.3.rel1.linux64_1.0.100.202602081740/tools/lib/gcc/arm-none-eabi/14.3.1/include/arm_mve.h **** __arm_vshlcq_u16 (uint16x8_t __a, uint32_t * __b, const int __imm)
1026:/opt/st/stm32cubeide_2.1.1/plugins/com.st.stm32cube.ide.mcu.externaltools.gnu-tools-for-stm32.14.3.rel1.linux64_1.0.100.202602081740/tools/lib/gcc/arm-none-eabi/14.3.1/include/arm_mve.h **** {
1027:/opt/st/stm32cubeide_2.1.1/plugins/com.st.stm32cube.ide.mcu.externaltools.gnu-tools-for-stm32.14.3.rel1.linux64_1.0.100.202602081740/tools/lib/gcc/arm-none-eabi/14.3.1/include/arm_mve.h ****   uint16x8_t __res = __builtin_mve_vshlcq_vec_uv8hi (__a, *__b, __imm);
1028:/opt/st/stm32cubeide_2.1.1/plugins/com.st.stm32cube.ide.mcu.externaltools.gnu-tools-for-stm32.14.3.rel1.linux64_1.0.100.202602081740/tools/lib/gcc/arm-none-eabi/14.3.1/include/arm_mve.h ****   *__b = __builtin_mve_vshlcq_carry_uv8hi (__a, *__b, __imm);
1029:/opt/st/stm32cubeide_2.1.1/plugins/com.st.stm32cube.ide.mcu.externaltools.gnu-tools-for-stm32.14.3.rel1.linux64_1.0.100.202602081740/tools/lib/gcc/arm-none-eabi/14.3.1/include/arm_mve.h ****   return __res;
1030:/opt/st/stm32cubeide_2.1.1/plugins/com.st.stm32cube.ide.mcu.externaltools.gnu-tools-for-stm32.14.3.rel1.linux64_1.0.100.202602081740/tools/lib/gcc/arm-none-eabi/14.3.1/include/arm_mve.h **** }
1031:/opt/st/stm32cubeide_2.1.1/plugins/com.st.stm32cube.ide.mcu.externaltools.gnu-tools-for-stm32.14.3.rel1.linux64_1.0.100.202602081740/tools/lib/gcc/arm-none-eabi/14.3.1/include/arm_mve.h **** 
1032:/opt/st/stm32cubeide_2.1.1/plugins/com.st.stm32cube.ide.mcu.externaltools.gnu-tools-for-stm32.14.3.rel1.linux64_1.0.100.202602081740/tools/lib/gcc/arm-none-eabi/14.3.1/include/arm_mve.h **** __extension__ extern __inline int32x4_t
1033:/opt/st/stm32cubeide_2.1.1/plugins/com.st.stm32cube.ide.mcu.externaltools.gnu-tools-for-stm32.14.3.rel1.linux64_1.0.100.202602081740/tools/lib/gcc/arm-none-eabi/14.3.1/include/arm_mve.h **** __attribute__ ((__always_inline__, __gnu_inline__, __artificial__))
1034:/opt/st/stm32cubeide_2.1.1/plugins/com.st.stm32cube.ide.mcu.externaltools.gnu-tools-for-stm32.14.3.rel1.linux64_1.0.100.202602081740/tools/lib/gcc/arm-none-eabi/14.3.1/include/arm_mve.h **** __arm_vshlcq_s32 (int32x4_t __a, uint32_t * __b, const int __imm)
1035:/opt/st/stm32cubeide_2.1.1/plugins/com.st.stm32cube.ide.mcu.externaltools.gnu-tools-for-stm32.14.3.rel1.linux64_1.0.100.202602081740/tools/lib/gcc/arm-none-eabi/14.3.1/include/arm_mve.h **** {
1036:/opt/st/stm32cubeide_2.1.1/plugins/com.st.stm32cube.ide.mcu.externaltools.gnu-tools-for-stm32.14.3.rel1.linux64_1.0.100.202602081740/tools/lib/gcc/arm-none-eabi/14.3.1/include/arm_mve.h ****   int32x4_t __res = __builtin_mve_vshlcq_vec_sv4si (__a, *__b, __imm);
1037:/opt/st/stm32cubeide_2.1.1/plugins/com.st.stm32cube.ide.mcu.externaltools.gnu-tools-for-stm32.14.3.rel1.linux64_1.0.100.202602081740/tools/lib/gcc/arm-none-eabi/14.3.1/include/arm_mve.h ****   *__b = __builtin_mve_vshlcq_carry_sv4si (__a, *__b, __imm);
1038:/opt/st/stm32cubeide_2.1.1/plugins/com.st.stm32cube.ide.mcu.externaltools.gnu-tools-for-stm32.14.3.rel1.linux64_1.0.100.202602081740/tools/lib/gcc/arm-none-eabi/14.3.1/include/arm_mve.h ****   return __res;
1039:/opt/st/stm32cubeide_2.1.1/plugins/com.st.stm32cube.ide.mcu.externaltools.gnu-tools-for-stm32.14.3.rel1.linux64_1.0.100.202602081740/tools/lib/gcc/arm-none-eabi/14.3.1/include/arm_mve.h **** }
1040:/opt/st/stm32cubeide_2.1.1/plugins/com.st.stm32cube.ide.mcu.externaltools.gnu-tools-for-stm32.14.3.rel1.linux64_1.0.100.202602081740/tools/lib/gcc/arm-none-eabi/14.3.1/include/arm_mve.h **** 
1041:/opt/st/stm32cubeide_2.1.1/plugins/com.st.stm32cube.ide.mcu.externaltools.gnu-tools-for-stm32.14.3.rel1.linux64_1.0.100.202602081740/tools/lib/gcc/arm-none-eabi/14.3.1/include/arm_mve.h **** __extension__ extern __inline uint32x4_t
1042:/opt/st/stm32cubeide_2.1.1/plugins/com.st.stm32cube.ide.mcu.externaltools.gnu-tools-for-stm32.14.3.rel1.linux64_1.0.100.202602081740/tools/lib/gcc/arm-none-eabi/14.3.1/include/arm_mve.h **** __attribute__ ((__always_inline__, __gnu_inline__, __artificial__))
1043:/opt/st/stm32cubeide_2.1.1/plugins/com.st.stm32cube.ide.mcu.externaltools.gnu-tools-for-stm32.14.3.rel1.linux64_1.0.100.202602081740/tools/lib/gcc/arm-none-eabi/14.3.1/include/arm_mve.h **** __arm_vshlcq_u32 (uint32x4_t __a, uint32_t * __b, const int __imm)
1044:/opt/st/stm32cubeide_2.1.1/plugins/com.st.stm32cube.ide.mcu.externaltools.gnu-tools-for-stm32.14.3.rel1.linux64_1.0.100.202602081740/tools/lib/gcc/arm-none-eabi/14.3.1/include/arm_mve.h **** {
1045:/opt/st/stm32cubeide_2.1.1/plugins/com.st.stm32cube.ide.mcu.externaltools.gnu-tools-for-stm32.14.3.rel1.linux64_1.0.100.202602081740/tools/lib/gcc/arm-none-eabi/14.3.1/include/arm_mve.h ****   uint32x4_t __res = __builtin_mve_vshlcq_vec_uv4si (__a, *__b, __imm);
1046:/opt/st/stm32cubeide_2.1.1/plugins/com.st.stm32cube.ide.mcu.externaltools.gnu-tools-for-stm32.14.3.rel1.linux64_1.0.100.202602081740/tools/lib/gcc/arm-none-eabi/14.3.1/include/arm_mve.h ****   *__b = __builtin_mve_vshlcq_carry_uv4si (__a, *__b, __imm);
1047:/opt/st/stm32cubeide_2.1.1/plugins/com.st.stm32cube.ide.mcu.externaltools.gnu-tools-for-stm32.14.3.rel1.linux64_1.0.100.202602081740/tools/lib/gcc/arm-none-eabi/14.3.1/include/arm_mve.h ****   return __res;
1048:/opt/st/stm32cubeide_2.1.1/plugins/com.st.stm32cube.ide.mcu.externaltools.gnu-tools-for-stm32.14.3.rel1.linux64_1.0.100.202602081740/tools/lib/gcc/arm-none-eabi/14.3.1/include/arm_mve.h **** }
1049:/opt/st/stm32cubeide_2.1.1/plugins/com.st.stm32cube.ide.mcu.externaltools.gnu-tools-for-stm32.14.3.rel1.linux64_1.0.100.202602081740/tools/lib/gcc/arm-none-eabi/14.3.1/include/arm_mve.h **** 
1050:/opt/st/stm32cubeide_2.1.1/plugins/com.st.stm32cube.ide.mcu.externaltools.gnu-tools-for-stm32.14.3.rel1.linux64_1.0.100.202602081740/tools/lib/gcc/arm-none-eabi/14.3.1/include/arm_mve.h **** __extension__ extern __inline int8x16_t
1051:/opt/st/stm32cubeide_2.1.1/plugins/com.st.stm32cube.ide.mcu.externaltools.gnu-tools-for-stm32.14.3.rel1.linux64_1.0.100.202602081740/tools/lib/gcc/arm-none-eabi/14.3.1/include/arm_mve.h **** __attribute__ ((__always_inline__, __gnu_inline__, __artificial__))
1052:/opt/st/stm32cubeide_2.1.1/plugins/com.st.stm32cube.ide.mcu.externaltools.gnu-tools-for-stm32.14.3.rel1.linux64_1.0.100.202602081740/tools/lib/gcc/arm-none-eabi/14.3.1/include/arm_mve.h **** __arm_vbicq_m_s8 (int8x16_t __inactive, int8x16_t __a, int8x16_t __b, mve_pred16_t __p)
1053:/opt/st/stm32cubeide_2.1.1/plugins/com.st.stm32cube.ide.mcu.externaltools.gnu-tools-for-stm32.14.3.rel1.linux64_1.0.100.202602081740/tools/lib/gcc/arm-none-eabi/14.3.1/include/arm_mve.h **** {
1054:/opt/st/stm32cubeide_2.1.1/plugins/com.st.stm32cube.ide.mcu.externaltools.gnu-tools-for-stm32.14.3.rel1.linux64_1.0.100.202602081740/tools/lib/gcc/arm-none-eabi/14.3.1/include/arm_mve.h ****   return __builtin_mve_vbicq_m_sv16qi (__inactive, __a, __b, __p);
1055:/opt/st/stm32cubeide_2.1.1/plugins/com.st.stm32cube.ide.mcu.externaltools.gnu-tools-for-stm32.14.3.rel1.linux64_1.0.100.202602081740/tools/lib/gcc/arm-none-eabi/14.3.1/include/arm_mve.h **** }
1056:/opt/st/stm32cubeide_2.1.1/plugins/com.st.stm32cube.ide.mcu.externaltools.gnu-tools-for-stm32.14.3.rel1.linux64_1.0.100.202602081740/tools/lib/gcc/arm-none-eabi/14.3.1/include/arm_mve.h **** 
1057:/opt/st/stm32cubeide_2.1.1/plugins/com.st.stm32cube.ide.mcu.externaltools.gnu-tools-for-stm32.14.3.rel1.linux64_1.0.100.202602081740/tools/lib/gcc/arm-none-eabi/14.3.1/include/arm_mve.h **** __extension__ extern __inline int32x4_t
1058:/opt/st/stm32cubeide_2.1.1/plugins/com.st.stm32cube.ide.mcu.externaltools.gnu-tools-for-stm32.14.3.rel1.linux64_1.0.100.202602081740/tools/lib/gcc/arm-none-eabi/14.3.1/include/arm_mve.h **** __attribute__ ((__always_inline__, __gnu_inline__, __artificial__))
1059:/opt/st/stm32cubeide_2.1.1/plugins/com.st.stm32cube.ide.mcu.externaltools.gnu-tools-for-stm32.14.3.rel1.linux64_1.0.100.202602081740/tools/lib/gcc/arm-none-eabi/14.3.1/include/arm_mve.h **** __arm_vbicq_m_s32 (int32x4_t __inactive, int32x4_t __a, int32x4_t __b, mve_pred16_t __p)
1060:/opt/st/stm32cubeide_2.1.1/plugins/com.st.stm32cube.ide.mcu.externaltools.gnu-tools-for-stm32.14.3.rel1.linux64_1.0.100.202602081740/tools/lib/gcc/arm-none-eabi/14.3.1/include/arm_mve.h **** {
1061:/opt/st/stm32cubeide_2.1.1/plugins/com.st.stm32cube.ide.mcu.externaltools.gnu-tools-for-stm32.14.3.rel1.linux64_1.0.100.202602081740/tools/lib/gcc/arm-none-eabi/14.3.1/include/arm_mve.h ****   return __builtin_mve_vbicq_m_sv4si (__inactive, __a, __b, __p);
1062:/opt/st/stm32cubeide_2.1.1/plugins/com.st.stm32cube.ide.mcu.externaltools.gnu-tools-for-stm32.14.3.rel1.linux64_1.0.100.202602081740/tools/lib/gcc/arm-none-eabi/14.3.1/include/arm_mve.h **** }
1063:/opt/st/stm32cubeide_2.1.1/plugins/com.st.stm32cube.ide.mcu.externaltools.gnu-tools-for-stm32.14.3.rel1.linux64_1.0.100.202602081740/tools/lib/gcc/arm-none-eabi/14.3.1/include/arm_mve.h **** 
1064:/opt/st/stm32cubeide_2.1.1/plugins/com.st.stm32cube.ide.mcu.externaltools.gnu-tools-for-stm32.14.3.rel1.linux64_1.0.100.202602081740/tools/lib/gcc/arm-none-eabi/14.3.1/include/arm_mve.h **** __extension__ extern __inline int16x8_t
1065:/opt/st/stm32cubeide_2.1.1/plugins/com.st.stm32cube.ide.mcu.externaltools.gnu-tools-for-stm32.14.3.rel1.linux64_1.0.100.202602081740/tools/lib/gcc/arm-none-eabi/14.3.1/include/arm_mve.h **** __attribute__ ((__always_inline__, __gnu_inline__, __artificial__))
1066:/opt/st/stm32cubeide_2.1.1/plugins/com.st.stm32cube.ide.mcu.externaltools.gnu-tools-for-stm32.14.3.rel1.linux64_1.0.100.202602081740/tools/lib/gcc/arm-none-eabi/14.3.1/include/arm_mve.h **** __arm_vbicq_m_s16 (int16x8_t __inactive, int16x8_t __a, int16x8_t __b, mve_pred16_t __p)
1067:/opt/st/stm32cubeide_2.1.1/plugins/com.st.stm32cube.ide.mcu.externaltools.gnu-tools-for-stm32.14.3.rel1.linux64_1.0.100.202602081740/tools/lib/gcc/arm-none-eabi/14.3.1/include/arm_mve.h **** {
1068:/opt/st/stm32cubeide_2.1.1/plugins/com.st.stm32cube.ide.mcu.externaltools.gnu-tools-for-stm32.14.3.rel1.linux64_1.0.100.202602081740/tools/lib/gcc/arm-none-eabi/14.3.1/include/arm_mve.h ****   return __builtin_mve_vbicq_m_sv8hi (__inactive, __a, __b, __p);
1069:/opt/st/stm32cubeide_2.1.1/plugins/com.st.stm32cube.ide.mcu.externaltools.gnu-tools-for-stm32.14.3.rel1.linux64_1.0.100.202602081740/tools/lib/gcc/arm-none-eabi/14.3.1/include/arm_mve.h **** }
1070:/opt/st/stm32cubeide_2.1.1/plugins/com.st.stm32cube.ide.mcu.externaltools.gnu-tools-for-stm32.14.3.rel1.linux64_1.0.100.202602081740/tools/lib/gcc/arm-none-eabi/14.3.1/include/arm_mve.h **** 
1071:/opt/st/stm32cubeide_2.1.1/plugins/com.st.stm32cube.ide.mcu.externaltools.gnu-tools-for-stm32.14.3.rel1.linux64_1.0.100.202602081740/tools/lib/gcc/arm-none-eabi/14.3.1/include/arm_mve.h **** __extension__ extern __inline uint8x16_t
1072:/opt/st/stm32cubeide_2.1.1/plugins/com.st.stm32cube.ide.mcu.externaltools.gnu-tools-for-stm32.14.3.rel1.linux64_1.0.100.202602081740/tools/lib/gcc/arm-none-eabi/14.3.1/include/arm_mve.h **** __attribute__ ((__always_inline__, __gnu_inline__, __artificial__))
1073:/opt/st/stm32cubeide_2.1.1/plugins/com.st.stm32cube.ide.mcu.externaltools.gnu-tools-for-stm32.14.3.rel1.linux64_1.0.100.202602081740/tools/lib/gcc/arm-none-eabi/14.3.1/include/arm_mve.h **** __arm_vbicq_m_u8 (uint8x16_t __inactive, uint8x16_t __a, uint8x16_t __b, mve_pred16_t __p)
1074:/opt/st/stm32cubeide_2.1.1/plugins/com.st.stm32cube.ide.mcu.externaltools.gnu-tools-for-stm32.14.3.rel1.linux64_1.0.100.202602081740/tools/lib/gcc/arm-none-eabi/14.3.1/include/arm_mve.h **** {
1075:/opt/st/stm32cubeide_2.1.1/plugins/com.st.stm32cube.ide.mcu.externaltools.gnu-tools-for-stm32.14.3.rel1.linux64_1.0.100.202602081740/tools/lib/gcc/arm-none-eabi/14.3.1/include/arm_mve.h ****   return __builtin_mve_vbicq_m_uv16qi (__inactive, __a, __b, __p);
1076:/opt/st/stm32cubeide_2.1.1/plugins/com.st.stm32cube.ide.mcu.externaltools.gnu-tools-for-stm32.14.3.rel1.linux64_1.0.100.202602081740/tools/lib/gcc/arm-none-eabi/14.3.1/include/arm_mve.h **** }
1077:/opt/st/stm32cubeide_2.1.1/plugins/com.st.stm32cube.ide.mcu.externaltools.gnu-tools-for-stm32.14.3.rel1.linux64_1.0.100.202602081740/tools/lib/gcc/arm-none-eabi/14.3.1/include/arm_mve.h **** 
1078:/opt/st/stm32cubeide_2.1.1/plugins/com.st.stm32cube.ide.mcu.externaltools.gnu-tools-for-stm32.14.3.rel1.linux64_1.0.100.202602081740/tools/lib/gcc/arm-none-eabi/14.3.1/include/arm_mve.h **** __extension__ extern __inline uint32x4_t
ARM GAS  /tmp/ccS31Hxi.s 			page 23


1079:/opt/st/stm32cubeide_2.1.1/plugins/com.st.stm32cube.ide.mcu.externaltools.gnu-tools-for-stm32.14.3.rel1.linux64_1.0.100.202602081740/tools/lib/gcc/arm-none-eabi/14.3.1/include/arm_mve.h **** __attribute__ ((__always_inline__, __gnu_inline__, __artificial__))
1080:/opt/st/stm32cubeide_2.1.1/plugins/com.st.stm32cube.ide.mcu.externaltools.gnu-tools-for-stm32.14.3.rel1.linux64_1.0.100.202602081740/tools/lib/gcc/arm-none-eabi/14.3.1/include/arm_mve.h **** __arm_vbicq_m_u32 (uint32x4_t __inactive, uint32x4_t __a, uint32x4_t __b, mve_pred16_t __p)
1081:/opt/st/stm32cubeide_2.1.1/plugins/com.st.stm32cube.ide.mcu.externaltools.gnu-tools-for-stm32.14.3.rel1.linux64_1.0.100.202602081740/tools/lib/gcc/arm-none-eabi/14.3.1/include/arm_mve.h **** {
1082:/opt/st/stm32cubeide_2.1.1/plugins/com.st.stm32cube.ide.mcu.externaltools.gnu-tools-for-stm32.14.3.rel1.linux64_1.0.100.202602081740/tools/lib/gcc/arm-none-eabi/14.3.1/include/arm_mve.h ****   return __builtin_mve_vbicq_m_uv4si (__inactive, __a, __b, __p);
1083:/opt/st/stm32cubeide_2.1.1/plugins/com.st.stm32cube.ide.mcu.externaltools.gnu-tools-for-stm32.14.3.rel1.linux64_1.0.100.202602081740/tools/lib/gcc/arm-none-eabi/14.3.1/include/arm_mve.h **** }
1084:/opt/st/stm32cubeide_2.1.1/plugins/com.st.stm32cube.ide.mcu.externaltools.gnu-tools-for-stm32.14.3.rel1.linux64_1.0.100.202602081740/tools/lib/gcc/arm-none-eabi/14.3.1/include/arm_mve.h **** 
1085:/opt/st/stm32cubeide_2.1.1/plugins/com.st.stm32cube.ide.mcu.externaltools.gnu-tools-for-stm32.14.3.rel1.linux64_1.0.100.202602081740/tools/lib/gcc/arm-none-eabi/14.3.1/include/arm_mve.h **** __extension__ extern __inline uint16x8_t
1086:/opt/st/stm32cubeide_2.1.1/plugins/com.st.stm32cube.ide.mcu.externaltools.gnu-tools-for-stm32.14.3.rel1.linux64_1.0.100.202602081740/tools/lib/gcc/arm-none-eabi/14.3.1/include/arm_mve.h **** __attribute__ ((__always_inline__, __gnu_inline__, __artificial__))
1087:/opt/st/stm32cubeide_2.1.1/plugins/com.st.stm32cube.ide.mcu.externaltools.gnu-tools-for-stm32.14.3.rel1.linux64_1.0.100.202602081740/tools/lib/gcc/arm-none-eabi/14.3.1/include/arm_mve.h **** __arm_vbicq_m_u16 (uint16x8_t __inactive, uint16x8_t __a, uint16x8_t __b, mve_pred16_t __p)
1088:/opt/st/stm32cubeide_2.1.1/plugins/com.st.stm32cube.ide.mcu.externaltools.gnu-tools-for-stm32.14.3.rel1.linux64_1.0.100.202602081740/tools/lib/gcc/arm-none-eabi/14.3.1/include/arm_mve.h **** {
1089:/opt/st/stm32cubeide_2.1.1/plugins/com.st.stm32cube.ide.mcu.externaltools.gnu-tools-for-stm32.14.3.rel1.linux64_1.0.100.202602081740/tools/lib/gcc/arm-none-eabi/14.3.1/include/arm_mve.h ****   return __builtin_mve_vbicq_m_uv8hi (__inactive, __a, __b, __p);
1090:/opt/st/stm32cubeide_2.1.1/plugins/com.st.stm32cube.ide.mcu.externaltools.gnu-tools-for-stm32.14.3.rel1.linux64_1.0.100.202602081740/tools/lib/gcc/arm-none-eabi/14.3.1/include/arm_mve.h **** }
1091:/opt/st/stm32cubeide_2.1.1/plugins/com.st.stm32cube.ide.mcu.externaltools.gnu-tools-for-stm32.14.3.rel1.linux64_1.0.100.202602081740/tools/lib/gcc/arm-none-eabi/14.3.1/include/arm_mve.h **** 
1092:/opt/st/stm32cubeide_2.1.1/plugins/com.st.stm32cube.ide.mcu.externaltools.gnu-tools-for-stm32.14.3.rel1.linux64_1.0.100.202602081740/tools/lib/gcc/arm-none-eabi/14.3.1/include/arm_mve.h **** __extension__ extern __inline int8x16_t
1093:/opt/st/stm32cubeide_2.1.1/plugins/com.st.stm32cube.ide.mcu.externaltools.gnu-tools-for-stm32.14.3.rel1.linux64_1.0.100.202602081740/tools/lib/gcc/arm-none-eabi/14.3.1/include/arm_mve.h **** __attribute__ ((__always_inline__, __gnu_inline__, __artificial__))
1094:/opt/st/stm32cubeide_2.1.1/plugins/com.st.stm32cube.ide.mcu.externaltools.gnu-tools-for-stm32.14.3.rel1.linux64_1.0.100.202602081740/tools/lib/gcc/arm-none-eabi/14.3.1/include/arm_mve.h **** __arm_vornq_m_s8 (int8x16_t __inactive, int8x16_t __a, int8x16_t __b, mve_pred16_t __p)
1095:/opt/st/stm32cubeide_2.1.1/plugins/com.st.stm32cube.ide.mcu.externaltools.gnu-tools-for-stm32.14.3.rel1.linux64_1.0.100.202602081740/tools/lib/gcc/arm-none-eabi/14.3.1/include/arm_mve.h **** {
1096:/opt/st/stm32cubeide_2.1.1/plugins/com.st.stm32cube.ide.mcu.externaltools.gnu-tools-for-stm32.14.3.rel1.linux64_1.0.100.202602081740/tools/lib/gcc/arm-none-eabi/14.3.1/include/arm_mve.h ****   return __builtin_mve_vornq_m_sv16qi (__inactive, __a, __b, __p);
1097:/opt/st/stm32cubeide_2.1.1/plugins/com.st.stm32cube.ide.mcu.externaltools.gnu-tools-for-stm32.14.3.rel1.linux64_1.0.100.202602081740/tools/lib/gcc/arm-none-eabi/14.3.1/include/arm_mve.h **** }
1098:/opt/st/stm32cubeide_2.1.1/plugins/com.st.stm32cube.ide.mcu.externaltools.gnu-tools-for-stm32.14.3.rel1.linux64_1.0.100.202602081740/tools/lib/gcc/arm-none-eabi/14.3.1/include/arm_mve.h **** 
1099:/opt/st/stm32cubeide_2.1.1/plugins/com.st.stm32cube.ide.mcu.externaltools.gnu-tools-for-stm32.14.3.rel1.linux64_1.0.100.202602081740/tools/lib/gcc/arm-none-eabi/14.3.1/include/arm_mve.h **** __extension__ extern __inline int32x4_t
1100:/opt/st/stm32cubeide_2.1.1/plugins/com.st.stm32cube.ide.mcu.externaltools.gnu-tools-for-stm32.14.3.rel1.linux64_1.0.100.202602081740/tools/lib/gcc/arm-none-eabi/14.3.1/include/arm_mve.h **** __attribute__ ((__always_inline__, __gnu_inline__, __artificial__))
1101:/opt/st/stm32cubeide_2.1.1/plugins/com.st.stm32cube.ide.mcu.externaltools.gnu-tools-for-stm32.14.3.rel1.linux64_1.0.100.202602081740/tools/lib/gcc/arm-none-eabi/14.3.1/include/arm_mve.h **** __arm_vornq_m_s32 (int32x4_t __inactive, int32x4_t __a, int32x4_t __b, mve_pred16_t __p)
1102:/opt/st/stm32cubeide_2.1.1/plugins/com.st.stm32cube.ide.mcu.externaltools.gnu-tools-for-stm32.14.3.rel1.linux64_1.0.100.202602081740/tools/lib/gcc/arm-none-eabi/14.3.1/include/arm_mve.h **** {
1103:/opt/st/stm32cubeide_2.1.1/plugins/com.st.stm32cube.ide.mcu.externaltools.gnu-tools-for-stm32.14.3.rel1.linux64_1.0.100.202602081740/tools/lib/gcc/arm-none-eabi/14.3.1/include/arm_mve.h ****   return __builtin_mve_vornq_m_sv4si (__inactive, __a, __b, __p);
1104:/opt/st/stm32cubeide_2.1.1/plugins/com.st.stm32cube.ide.mcu.externaltools.gnu-tools-for-stm32.14.3.rel1.linux64_1.0.100.202602081740/tools/lib/gcc/arm-none-eabi/14.3.1/include/arm_mve.h **** }
1105:/opt/st/stm32cubeide_2.1.1/plugins/com.st.stm32cube.ide.mcu.externaltools.gnu-tools-for-stm32.14.3.rel1.linux64_1.0.100.202602081740/tools/lib/gcc/arm-none-eabi/14.3.1/include/arm_mve.h **** 
1106:/opt/st/stm32cubeide_2.1.1/plugins/com.st.stm32cube.ide.mcu.externaltools.gnu-tools-for-stm32.14.3.rel1.linux64_1.0.100.202602081740/tools/lib/gcc/arm-none-eabi/14.3.1/include/arm_mve.h **** __extension__ extern __inline int16x8_t
1107:/opt/st/stm32cubeide_2.1.1/plugins/com.st.stm32cube.ide.mcu.externaltools.gnu-tools-for-stm32.14.3.rel1.linux64_1.0.100.202602081740/tools/lib/gcc/arm-none-eabi/14.3.1/include/arm_mve.h **** __attribute__ ((__always_inline__, __gnu_inline__, __artificial__))
1108:/opt/st/stm32cubeide_2.1.1/plugins/com.st.stm32cube.ide.mcu.externaltools.gnu-tools-for-stm32.14.3.rel1.linux64_1.0.100.202602081740/tools/lib/gcc/arm-none-eabi/14.3.1/include/arm_mve.h **** __arm_vornq_m_s16 (int16x8_t __inactive, int16x8_t __a, int16x8_t __b, mve_pred16_t __p)
1109:/opt/st/stm32cubeide_2.1.1/plugins/com.st.stm32cube.ide.mcu.externaltools.gnu-tools-for-stm32.14.3.rel1.linux64_1.0.100.202602081740/tools/lib/gcc/arm-none-eabi/14.3.1/include/arm_mve.h **** {
1110:/opt/st/stm32cubeide_2.1.1/plugins/com.st.stm32cube.ide.mcu.externaltools.gnu-tools-for-stm32.14.3.rel1.linux64_1.0.100.202602081740/tools/lib/gcc/arm-none-eabi/14.3.1/include/arm_mve.h ****   return __builtin_mve_vornq_m_sv8hi (__inactive, __a, __b, __p);
1111:/opt/st/stm32cubeide_2.1.1/plugins/com.st.stm32cube.ide.mcu.externaltools.gnu-tools-for-stm32.14.3.rel1.linux64_1.0.100.202602081740/tools/lib/gcc/arm-none-eabi/14.3.1/include/arm_mve.h **** }
1112:/opt/st/stm32cubeide_2.1.1/plugins/com.st.stm32cube.ide.mcu.externaltools.gnu-tools-for-stm32.14.3.rel1.linux64_1.0.100.202602081740/tools/lib/gcc/arm-none-eabi/14.3.1/include/arm_mve.h **** 
1113:/opt/st/stm32cubeide_2.1.1/plugins/com.st.stm32cube.ide.mcu.externaltools.gnu-tools-for-stm32.14.3.rel1.linux64_1.0.100.202602081740/tools/lib/gcc/arm-none-eabi/14.3.1/include/arm_mve.h **** __extension__ extern __inline uint8x16_t
1114:/opt/st/stm32cubeide_2.1.1/plugins/com.st.stm32cube.ide.mcu.externaltools.gnu-tools-for-stm32.14.3.rel1.linux64_1.0.100.202602081740/tools/lib/gcc/arm-none-eabi/14.3.1/include/arm_mve.h **** __attribute__ ((__always_inline__, __gnu_inline__, __artificial__))
1115:/opt/st/stm32cubeide_2.1.1/plugins/com.st.stm32cube.ide.mcu.externaltools.gnu-tools-for-stm32.14.3.rel1.linux64_1.0.100.202602081740/tools/lib/gcc/arm-none-eabi/14.3.1/include/arm_mve.h **** __arm_vornq_m_u8 (uint8x16_t __inactive, uint8x16_t __a, uint8x16_t __b, mve_pred16_t __p)
1116:/opt/st/stm32cubeide_2.1.1/plugins/com.st.stm32cube.ide.mcu.externaltools.gnu-tools-for-stm32.14.3.rel1.linux64_1.0.100.202602081740/tools/lib/gcc/arm-none-eabi/14.3.1/include/arm_mve.h **** {
1117:/opt/st/stm32cubeide_2.1.1/plugins/com.st.stm32cube.ide.mcu.externaltools.gnu-tools-for-stm32.14.3.rel1.linux64_1.0.100.202602081740/tools/lib/gcc/arm-none-eabi/14.3.1/include/arm_mve.h ****   return __builtin_mve_vornq_m_uv16qi (__inactive, __a, __b, __p);
1118:/opt/st/stm32cubeide_2.1.1/plugins/com.st.stm32cube.ide.mcu.externaltools.gnu-tools-for-stm32.14.3.rel1.linux64_1.0.100.202602081740/tools/lib/gcc/arm-none-eabi/14.3.1/include/arm_mve.h **** }
1119:/opt/st/stm32cubeide_2.1.1/plugins/com.st.stm32cube.ide.mcu.externaltools.gnu-tools-for-stm32.14.3.rel1.linux64_1.0.100.202602081740/tools/lib/gcc/arm-none-eabi/14.3.1/include/arm_mve.h **** 
1120:/opt/st/stm32cubeide_2.1.1/plugins/com.st.stm32cube.ide.mcu.externaltools.gnu-tools-for-stm32.14.3.rel1.linux64_1.0.100.202602081740/tools/lib/gcc/arm-none-eabi/14.3.1/include/arm_mve.h **** __extension__ extern __inline uint32x4_t
1121:/opt/st/stm32cubeide_2.1.1/plugins/com.st.stm32cube.ide.mcu.externaltools.gnu-tools-for-stm32.14.3.rel1.linux64_1.0.100.202602081740/tools/lib/gcc/arm-none-eabi/14.3.1/include/arm_mve.h **** __attribute__ ((__always_inline__, __gnu_inline__, __artificial__))
1122:/opt/st/stm32cubeide_2.1.1/plugins/com.st.stm32cube.ide.mcu.externaltools.gnu-tools-for-stm32.14.3.rel1.linux64_1.0.100.202602081740/tools/lib/gcc/arm-none-eabi/14.3.1/include/arm_mve.h **** __arm_vornq_m_u32 (uint32x4_t __inactive, uint32x4_t __a, uint32x4_t __b, mve_pred16_t __p)
1123:/opt/st/stm32cubeide_2.1.1/plugins/com.st.stm32cube.ide.mcu.externaltools.gnu-tools-for-stm32.14.3.rel1.linux64_1.0.100.202602081740/tools/lib/gcc/arm-none-eabi/14.3.1/include/arm_mve.h **** {
1124:/opt/st/stm32cubeide_2.1.1/plugins/com.st.stm32cube.ide.mcu.externaltools.gnu-tools-for-stm32.14.3.rel1.linux64_1.0.100.202602081740/tools/lib/gcc/arm-none-eabi/14.3.1/include/arm_mve.h ****   return __builtin_mve_vornq_m_uv4si (__inactive, __a, __b, __p);
1125:/opt/st/stm32cubeide_2.1.1/plugins/com.st.stm32cube.ide.mcu.externaltools.gnu-tools-for-stm32.14.3.rel1.linux64_1.0.100.202602081740/tools/lib/gcc/arm-none-eabi/14.3.1/include/arm_mve.h **** }
1126:/opt/st/stm32cubeide_2.1.1/plugins/com.st.stm32cube.ide.mcu.externaltools.gnu-tools-for-stm32.14.3.rel1.linux64_1.0.100.202602081740/tools/lib/gcc/arm-none-eabi/14.3.1/include/arm_mve.h **** 
1127:/opt/st/stm32cubeide_2.1.1/plugins/com.st.stm32cube.ide.mcu.externaltools.gnu-tools-for-stm32.14.3.rel1.linux64_1.0.100.202602081740/tools/lib/gcc/arm-none-eabi/14.3.1/include/arm_mve.h **** __extension__ extern __inline uint16x8_t
1128:/opt/st/stm32cubeide_2.1.1/plugins/com.st.stm32cube.ide.mcu.externaltools.gnu-tools-for-stm32.14.3.rel1.linux64_1.0.100.202602081740/tools/lib/gcc/arm-none-eabi/14.3.1/include/arm_mve.h **** __attribute__ ((__always_inline__, __gnu_inline__, __artificial__))
1129:/opt/st/stm32cubeide_2.1.1/plugins/com.st.stm32cube.ide.mcu.externaltools.gnu-tools-for-stm32.14.3.rel1.linux64_1.0.100.202602081740/tools/lib/gcc/arm-none-eabi/14.3.1/include/arm_mve.h **** __arm_vornq_m_u16 (uint16x8_t __inactive, uint16x8_t __a, uint16x8_t __b, mve_pred16_t __p)
1130:/opt/st/stm32cubeide_2.1.1/plugins/com.st.stm32cube.ide.mcu.externaltools.gnu-tools-for-stm32.14.3.rel1.linux64_1.0.100.202602081740/tools/lib/gcc/arm-none-eabi/14.3.1/include/arm_mve.h **** {
1131:/opt/st/stm32cubeide_2.1.1/plugins/com.st.stm32cube.ide.mcu.externaltools.gnu-tools-for-stm32.14.3.rel1.linux64_1.0.100.202602081740/tools/lib/gcc/arm-none-eabi/14.3.1/include/arm_mve.h ****   return __builtin_mve_vornq_m_uv8hi (__inactive, __a, __b, __p);
1132:/opt/st/stm32cubeide_2.1.1/plugins/com.st.stm32cube.ide.mcu.externaltools.gnu-tools-for-stm32.14.3.rel1.linux64_1.0.100.202602081740/tools/lib/gcc/arm-none-eabi/14.3.1/include/arm_mve.h **** }
1133:/opt/st/stm32cubeide_2.1.1/plugins/com.st.stm32cube.ide.mcu.externaltools.gnu-tools-for-stm32.14.3.rel1.linux64_1.0.100.202602081740/tools/lib/gcc/arm-none-eabi/14.3.1/include/arm_mve.h **** 
1134:/opt/st/stm32cubeide_2.1.1/plugins/com.st.stm32cube.ide.mcu.externaltools.gnu-tools-for-stm32.14.3.rel1.linux64_1.0.100.202602081740/tools/lib/gcc/arm-none-eabi/14.3.1/include/arm_mve.h **** __extension__ extern __inline void
1135:/opt/st/stm32cubeide_2.1.1/plugins/com.st.stm32cube.ide.mcu.externaltools.gnu-tools-for-stm32.14.3.rel1.linux64_1.0.100.202602081740/tools/lib/gcc/arm-none-eabi/14.3.1/include/arm_mve.h **** __attribute__ ((__always_inline__, __gnu_inline__, __artificial__))
ARM GAS  /tmp/ccS31Hxi.s 			page 24


1136:/opt/st/stm32cubeide_2.1.1/plugins/com.st.stm32cube.ide.mcu.externaltools.gnu-tools-for-stm32.14.3.rel1.linux64_1.0.100.202602081740/tools/lib/gcc/arm-none-eabi/14.3.1/include/arm_mve.h **** __arm_vstrbq_scatter_offset_s8 (int8_t * __base, uint8x16_t __offset, int8x16_t __value)
1137:/opt/st/stm32cubeide_2.1.1/plugins/com.st.stm32cube.ide.mcu.externaltools.gnu-tools-for-stm32.14.3.rel1.linux64_1.0.100.202602081740/tools/lib/gcc/arm-none-eabi/14.3.1/include/arm_mve.h **** {
1138:/opt/st/stm32cubeide_2.1.1/plugins/com.st.stm32cube.ide.mcu.externaltools.gnu-tools-for-stm32.14.3.rel1.linux64_1.0.100.202602081740/tools/lib/gcc/arm-none-eabi/14.3.1/include/arm_mve.h ****   __builtin_mve_vstrbq_scatter_offset_sv16qi ((__builtin_neon_qi *) __base, __offset, __value);
1139:/opt/st/stm32cubeide_2.1.1/plugins/com.st.stm32cube.ide.mcu.externaltools.gnu-tools-for-stm32.14.3.rel1.linux64_1.0.100.202602081740/tools/lib/gcc/arm-none-eabi/14.3.1/include/arm_mve.h **** }
1140:/opt/st/stm32cubeide_2.1.1/plugins/com.st.stm32cube.ide.mcu.externaltools.gnu-tools-for-stm32.14.3.rel1.linux64_1.0.100.202602081740/tools/lib/gcc/arm-none-eabi/14.3.1/include/arm_mve.h **** 
1141:/opt/st/stm32cubeide_2.1.1/plugins/com.st.stm32cube.ide.mcu.externaltools.gnu-tools-for-stm32.14.3.rel1.linux64_1.0.100.202602081740/tools/lib/gcc/arm-none-eabi/14.3.1/include/arm_mve.h **** __extension__ extern __inline void
1142:/opt/st/stm32cubeide_2.1.1/plugins/com.st.stm32cube.ide.mcu.externaltools.gnu-tools-for-stm32.14.3.rel1.linux64_1.0.100.202602081740/tools/lib/gcc/arm-none-eabi/14.3.1/include/arm_mve.h **** __attribute__ ((__always_inline__, __gnu_inline__, __artificial__))
1143:/opt/st/stm32cubeide_2.1.1/plugins/com.st.stm32cube.ide.mcu.externaltools.gnu-tools-for-stm32.14.3.rel1.linux64_1.0.100.202602081740/tools/lib/gcc/arm-none-eabi/14.3.1/include/arm_mve.h **** __arm_vstrbq_scatter_offset_s32 (int8_t * __base, uint32x4_t __offset, int32x4_t __value)
1144:/opt/st/stm32cubeide_2.1.1/plugins/com.st.stm32cube.ide.mcu.externaltools.gnu-tools-for-stm32.14.3.rel1.linux64_1.0.100.202602081740/tools/lib/gcc/arm-none-eabi/14.3.1/include/arm_mve.h **** {
1145:/opt/st/stm32cubeide_2.1.1/plugins/com.st.stm32cube.ide.mcu.externaltools.gnu-tools-for-stm32.14.3.rel1.linux64_1.0.100.202602081740/tools/lib/gcc/arm-none-eabi/14.3.1/include/arm_mve.h ****   __builtin_mve_vstrbq_scatter_offset_sv4si ((__builtin_neon_qi *) __base, __offset, __value);
1146:/opt/st/stm32cubeide_2.1.1/plugins/com.st.stm32cube.ide.mcu.externaltools.gnu-tools-for-stm32.14.3.rel1.linux64_1.0.100.202602081740/tools/lib/gcc/arm-none-eabi/14.3.1/include/arm_mve.h **** }
1147:/opt/st/stm32cubeide_2.1.1/plugins/com.st.stm32cube.ide.mcu.externaltools.gnu-tools-for-stm32.14.3.rel1.linux64_1.0.100.202602081740/tools/lib/gcc/arm-none-eabi/14.3.1/include/arm_mve.h **** 
1148:/opt/st/stm32cubeide_2.1.1/plugins/com.st.stm32cube.ide.mcu.externaltools.gnu-tools-for-stm32.14.3.rel1.linux64_1.0.100.202602081740/tools/lib/gcc/arm-none-eabi/14.3.1/include/arm_mve.h **** __extension__ extern __inline void
1149:/opt/st/stm32cubeide_2.1.1/plugins/com.st.stm32cube.ide.mcu.externaltools.gnu-tools-for-stm32.14.3.rel1.linux64_1.0.100.202602081740/tools/lib/gcc/arm-none-eabi/14.3.1/include/arm_mve.h **** __attribute__ ((__always_inline__, __gnu_inline__, __artificial__))
1150:/opt/st/stm32cubeide_2.1.1/plugins/com.st.stm32cube.ide.mcu.externaltools.gnu-tools-for-stm32.14.3.rel1.linux64_1.0.100.202602081740/tools/lib/gcc/arm-none-eabi/14.3.1/include/arm_mve.h **** __arm_vstrbq_scatter_offset_s16 (int8_t * __base, uint16x8_t __offset, int16x8_t __value)
1151:/opt/st/stm32cubeide_2.1.1/plugins/com.st.stm32cube.ide.mcu.externaltools.gnu-tools-for-stm32.14.3.rel1.linux64_1.0.100.202602081740/tools/lib/gcc/arm-none-eabi/14.3.1/include/arm_mve.h **** {
1152:/opt/st/stm32cubeide_2.1.1/plugins/com.st.stm32cube.ide.mcu.externaltools.gnu-tools-for-stm32.14.3.rel1.linux64_1.0.100.202602081740/tools/lib/gcc/arm-none-eabi/14.3.1/include/arm_mve.h ****   __builtin_mve_vstrbq_scatter_offset_sv8hi ((__builtin_neon_qi *) __base, __offset, __value);
1153:/opt/st/stm32cubeide_2.1.1/plugins/com.st.stm32cube.ide.mcu.externaltools.gnu-tools-for-stm32.14.3.rel1.linux64_1.0.100.202602081740/tools/lib/gcc/arm-none-eabi/14.3.1/include/arm_mve.h **** }
1154:/opt/st/stm32cubeide_2.1.1/plugins/com.st.stm32cube.ide.mcu.externaltools.gnu-tools-for-stm32.14.3.rel1.linux64_1.0.100.202602081740/tools/lib/gcc/arm-none-eabi/14.3.1/include/arm_mve.h **** 
1155:/opt/st/stm32cubeide_2.1.1/plugins/com.st.stm32cube.ide.mcu.externaltools.gnu-tools-for-stm32.14.3.rel1.linux64_1.0.100.202602081740/tools/lib/gcc/arm-none-eabi/14.3.1/include/arm_mve.h **** __extension__ extern __inline void
1156:/opt/st/stm32cubeide_2.1.1/plugins/com.st.stm32cube.ide.mcu.externaltools.gnu-tools-for-stm32.14.3.rel1.linux64_1.0.100.202602081740/tools/lib/gcc/arm-none-eabi/14.3.1/include/arm_mve.h **** __attribute__ ((__always_inline__, __gnu_inline__, __artificial__))
1157:/opt/st/stm32cubeide_2.1.1/plugins/com.st.stm32cube.ide.mcu.externaltools.gnu-tools-for-stm32.14.3.rel1.linux64_1.0.100.202602081740/tools/lib/gcc/arm-none-eabi/14.3.1/include/arm_mve.h **** __arm_vstrbq_scatter_offset_u8 (uint8_t * __base, uint8x16_t __offset, uint8x16_t __value)
1158:/opt/st/stm32cubeide_2.1.1/plugins/com.st.stm32cube.ide.mcu.externaltools.gnu-tools-for-stm32.14.3.rel1.linux64_1.0.100.202602081740/tools/lib/gcc/arm-none-eabi/14.3.1/include/arm_mve.h **** {
1159:/opt/st/stm32cubeide_2.1.1/plugins/com.st.stm32cube.ide.mcu.externaltools.gnu-tools-for-stm32.14.3.rel1.linux64_1.0.100.202602081740/tools/lib/gcc/arm-none-eabi/14.3.1/include/arm_mve.h ****   __builtin_mve_vstrbq_scatter_offset_uv16qi ((__builtin_neon_qi *) __base, __offset, __value);
1160:/opt/st/stm32cubeide_2.1.1/plugins/com.st.stm32cube.ide.mcu.externaltools.gnu-tools-for-stm32.14.3.rel1.linux64_1.0.100.202602081740/tools/lib/gcc/arm-none-eabi/14.3.1/include/arm_mve.h **** }
1161:/opt/st/stm32cubeide_2.1.1/plugins/com.st.stm32cube.ide.mcu.externaltools.gnu-tools-for-stm32.14.3.rel1.linux64_1.0.100.202602081740/tools/lib/gcc/arm-none-eabi/14.3.1/include/arm_mve.h **** 
1162:/opt/st/stm32cubeide_2.1.1/plugins/com.st.stm32cube.ide.mcu.externaltools.gnu-tools-for-stm32.14.3.rel1.linux64_1.0.100.202602081740/tools/lib/gcc/arm-none-eabi/14.3.1/include/arm_mve.h **** __extension__ extern __inline void
1163:/opt/st/stm32cubeide_2.1.1/plugins/com.st.stm32cube.ide.mcu.externaltools.gnu-tools-for-stm32.14.3.rel1.linux64_1.0.100.202602081740/tools/lib/gcc/arm-none-eabi/14.3.1/include/arm_mve.h **** __attribute__ ((__always_inline__, __gnu_inline__, __artificial__))
1164:/opt/st/stm32cubeide_2.1.1/plugins/com.st.stm32cube.ide.mcu.externaltools.gnu-tools-for-stm32.14.3.rel1.linux64_1.0.100.202602081740/tools/lib/gcc/arm-none-eabi/14.3.1/include/arm_mve.h **** __arm_vstrbq_scatter_offset_u32 (uint8_t * __base, uint32x4_t __offset, uint32x4_t __value)
1165:/opt/st/stm32cubeide_2.1.1/plugins/com.st.stm32cube.ide.mcu.externaltools.gnu-tools-for-stm32.14.3.rel1.linux64_1.0.100.202602081740/tools/lib/gcc/arm-none-eabi/14.3.1/include/arm_mve.h **** {
1166:/opt/st/stm32cubeide_2.1.1/plugins/com.st.stm32cube.ide.mcu.externaltools.gnu-tools-for-stm32.14.3.rel1.linux64_1.0.100.202602081740/tools/lib/gcc/arm-none-eabi/14.3.1/include/arm_mve.h ****   __builtin_mve_vstrbq_scatter_offset_uv4si ((__builtin_neon_qi *) __base, __offset, __value);
1167:/opt/st/stm32cubeide_2.1.1/plugins/com.st.stm32cube.ide.mcu.externaltools.gnu-tools-for-stm32.14.3.rel1.linux64_1.0.100.202602081740/tools/lib/gcc/arm-none-eabi/14.3.1/include/arm_mve.h **** }
1168:/opt/st/stm32cubeide_2.1.1/plugins/com.st.stm32cube.ide.mcu.externaltools.gnu-tools-for-stm32.14.3.rel1.linux64_1.0.100.202602081740/tools/lib/gcc/arm-none-eabi/14.3.1/include/arm_mve.h **** 
1169:/opt/st/stm32cubeide_2.1.1/plugins/com.st.stm32cube.ide.mcu.externaltools.gnu-tools-for-stm32.14.3.rel1.linux64_1.0.100.202602081740/tools/lib/gcc/arm-none-eabi/14.3.1/include/arm_mve.h **** __extension__ extern __inline void
1170:/opt/st/stm32cubeide_2.1.1/plugins/com.st.stm32cube.ide.mcu.externaltools.gnu-tools-for-stm32.14.3.rel1.linux64_1.0.100.202602081740/tools/lib/gcc/arm-none-eabi/14.3.1/include/arm_mve.h **** __attribute__ ((__always_inline__, __gnu_inline__, __artificial__))
1171:/opt/st/stm32cubeide_2.1.1/plugins/com.st.stm32cube.ide.mcu.externaltools.gnu-tools-for-stm32.14.3.rel1.linux64_1.0.100.202602081740/tools/lib/gcc/arm-none-eabi/14.3.1/include/arm_mve.h **** __arm_vstrbq_scatter_offset_u16 (uint8_t * __base, uint16x8_t __offset, uint16x8_t __value)
1172:/opt/st/stm32cubeide_2.1.1/plugins/com.st.stm32cube.ide.mcu.externaltools.gnu-tools-for-stm32.14.3.rel1.linux64_1.0.100.202602081740/tools/lib/gcc/arm-none-eabi/14.3.1/include/arm_mve.h **** {
1173:/opt/st/stm32cubeide_2.1.1/plugins/com.st.stm32cube.ide.mcu.externaltools.gnu-tools-for-stm32.14.3.rel1.linux64_1.0.100.202602081740/tools/lib/gcc/arm-none-eabi/14.3.1/include/arm_mve.h ****   __builtin_mve_vstrbq_scatter_offset_uv8hi ((__builtin_neon_qi *) __base, __offset, __value);
1174:/opt/st/stm32cubeide_2.1.1/plugins/com.st.stm32cube.ide.mcu.externaltools.gnu-tools-for-stm32.14.3.rel1.linux64_1.0.100.202602081740/tools/lib/gcc/arm-none-eabi/14.3.1/include/arm_mve.h **** }
1175:/opt/st/stm32cubeide_2.1.1/plugins/com.st.stm32cube.ide.mcu.externaltools.gnu-tools-for-stm32.14.3.rel1.linux64_1.0.100.202602081740/tools/lib/gcc/arm-none-eabi/14.3.1/include/arm_mve.h **** 
1176:/opt/st/stm32cubeide_2.1.1/plugins/com.st.stm32cube.ide.mcu.externaltools.gnu-tools-for-stm32.14.3.rel1.linux64_1.0.100.202602081740/tools/lib/gcc/arm-none-eabi/14.3.1/include/arm_mve.h **** __extension__ extern __inline void
1177:/opt/st/stm32cubeide_2.1.1/plugins/com.st.stm32cube.ide.mcu.externaltools.gnu-tools-for-stm32.14.3.rel1.linux64_1.0.100.202602081740/tools/lib/gcc/arm-none-eabi/14.3.1/include/arm_mve.h **** __attribute__ ((__always_inline__, __gnu_inline__, __artificial__))
1178:/opt/st/stm32cubeide_2.1.1/plugins/com.st.stm32cube.ide.mcu.externaltools.gnu-tools-for-stm32.14.3.rel1.linux64_1.0.100.202602081740/tools/lib/gcc/arm-none-eabi/14.3.1/include/arm_mve.h **** __arm_vstrbq_s8 (int8_t * __addr, int8x16_t __value)
1179:/opt/st/stm32cubeide_2.1.1/plugins/com.st.stm32cube.ide.mcu.externaltools.gnu-tools-for-stm32.14.3.rel1.linux64_1.0.100.202602081740/tools/lib/gcc/arm-none-eabi/14.3.1/include/arm_mve.h **** {
1180:/opt/st/stm32cubeide_2.1.1/plugins/com.st.stm32cube.ide.mcu.externaltools.gnu-tools-for-stm32.14.3.rel1.linux64_1.0.100.202602081740/tools/lib/gcc/arm-none-eabi/14.3.1/include/arm_mve.h ****   __builtin_mve_vstrbq_sv16qi ((__builtin_neon_qi *) __addr, __value);
1181:/opt/st/stm32cubeide_2.1.1/plugins/com.st.stm32cube.ide.mcu.externaltools.gnu-tools-for-stm32.14.3.rel1.linux64_1.0.100.202602081740/tools/lib/gcc/arm-none-eabi/14.3.1/include/arm_mve.h **** }
1182:/opt/st/stm32cubeide_2.1.1/plugins/com.st.stm32cube.ide.mcu.externaltools.gnu-tools-for-stm32.14.3.rel1.linux64_1.0.100.202602081740/tools/lib/gcc/arm-none-eabi/14.3.1/include/arm_mve.h **** 
1183:/opt/st/stm32cubeide_2.1.1/plugins/com.st.stm32cube.ide.mcu.externaltools.gnu-tools-for-stm32.14.3.rel1.linux64_1.0.100.202602081740/tools/lib/gcc/arm-none-eabi/14.3.1/include/arm_mve.h **** __extension__ extern __inline void
1184:/opt/st/stm32cubeide_2.1.1/plugins/com.st.stm32cube.ide.mcu.externaltools.gnu-tools-for-stm32.14.3.rel1.linux64_1.0.100.202602081740/tools/lib/gcc/arm-none-eabi/14.3.1/include/arm_mve.h **** __attribute__ ((__always_inline__, __gnu_inline__, __artificial__))
1185:/opt/st/stm32cubeide_2.1.1/plugins/com.st.stm32cube.ide.mcu.externaltools.gnu-tools-for-stm32.14.3.rel1.linux64_1.0.100.202602081740/tools/lib/gcc/arm-none-eabi/14.3.1/include/arm_mve.h **** __arm_vstrbq_s32 (int8_t * __addr, int32x4_t __value)
1186:/opt/st/stm32cubeide_2.1.1/plugins/com.st.stm32cube.ide.mcu.externaltools.gnu-tools-for-stm32.14.3.rel1.linux64_1.0.100.202602081740/tools/lib/gcc/arm-none-eabi/14.3.1/include/arm_mve.h **** {
1187:/opt/st/stm32cubeide_2.1.1/plugins/com.st.stm32cube.ide.mcu.externaltools.gnu-tools-for-stm32.14.3.rel1.linux64_1.0.100.202602081740/tools/lib/gcc/arm-none-eabi/14.3.1/include/arm_mve.h ****   __builtin_mve_vstrbq_sv4si ((__builtin_neon_qi *) __addr, __value);
1188:/opt/st/stm32cubeide_2.1.1/plugins/com.st.stm32cube.ide.mcu.externaltools.gnu-tools-for-stm32.14.3.rel1.linux64_1.0.100.202602081740/tools/lib/gcc/arm-none-eabi/14.3.1/include/arm_mve.h **** }
1189:/opt/st/stm32cubeide_2.1.1/plugins/com.st.stm32cube.ide.mcu.externaltools.gnu-tools-for-stm32.14.3.rel1.linux64_1.0.100.202602081740/tools/lib/gcc/arm-none-eabi/14.3.1/include/arm_mve.h **** 
1190:/opt/st/stm32cubeide_2.1.1/plugins/com.st.stm32cube.ide.mcu.externaltools.gnu-tools-for-stm32.14.3.rel1.linux64_1.0.100.202602081740/tools/lib/gcc/arm-none-eabi/14.3.1/include/arm_mve.h **** __extension__ extern __inline void
1191:/opt/st/stm32cubeide_2.1.1/plugins/com.st.stm32cube.ide.mcu.externaltools.gnu-tools-for-stm32.14.3.rel1.linux64_1.0.100.202602081740/tools/lib/gcc/arm-none-eabi/14.3.1/include/arm_mve.h **** __attribute__ ((__always_inline__, __gnu_inline__, __artificial__))
1192:/opt/st/stm32cubeide_2.1.1/plugins/com.st.stm32cube.ide.mcu.externaltools.gnu-tools-for-stm32.14.3.rel1.linux64_1.0.100.202602081740/tools/lib/gcc/arm-none-eabi/14.3.1/include/arm_mve.h **** __arm_vstrbq_s16 (int8_t * __addr, int16x8_t __value)
ARM GAS  /tmp/ccS31Hxi.s 			page 25


1193:/opt/st/stm32cubeide_2.1.1/plugins/com.st.stm32cube.ide.mcu.externaltools.gnu-tools-for-stm32.14.3.rel1.linux64_1.0.100.202602081740/tools/lib/gcc/arm-none-eabi/14.3.1/include/arm_mve.h **** {
1194:/opt/st/stm32cubeide_2.1.1/plugins/com.st.stm32cube.ide.mcu.externaltools.gnu-tools-for-stm32.14.3.rel1.linux64_1.0.100.202602081740/tools/lib/gcc/arm-none-eabi/14.3.1/include/arm_mve.h ****   __builtin_mve_vstrbq_sv8hi ((__builtin_neon_qi *) __addr, __value);
1195:/opt/st/stm32cubeide_2.1.1/plugins/com.st.stm32cube.ide.mcu.externaltools.gnu-tools-for-stm32.14.3.rel1.linux64_1.0.100.202602081740/tools/lib/gcc/arm-none-eabi/14.3.1/include/arm_mve.h **** }
1196:/opt/st/stm32cubeide_2.1.1/plugins/com.st.stm32cube.ide.mcu.externaltools.gnu-tools-for-stm32.14.3.rel1.linux64_1.0.100.202602081740/tools/lib/gcc/arm-none-eabi/14.3.1/include/arm_mve.h **** 
1197:/opt/st/stm32cubeide_2.1.1/plugins/com.st.stm32cube.ide.mcu.externaltools.gnu-tools-for-stm32.14.3.rel1.linux64_1.0.100.202602081740/tools/lib/gcc/arm-none-eabi/14.3.1/include/arm_mve.h **** __extension__ extern __inline void
1198:/opt/st/stm32cubeide_2.1.1/plugins/com.st.stm32cube.ide.mcu.externaltools.gnu-tools-for-stm32.14.3.rel1.linux64_1.0.100.202602081740/tools/lib/gcc/arm-none-eabi/14.3.1/include/arm_mve.h **** __attribute__ ((__always_inline__, __gnu_inline__, __artificial__))
1199:/opt/st/stm32cubeide_2.1.1/plugins/com.st.stm32cube.ide.mcu.externaltools.gnu-tools-for-stm32.14.3.rel1.linux64_1.0.100.202602081740/tools/lib/gcc/arm-none-eabi/14.3.1/include/arm_mve.h **** __arm_vstrbq_u8 (uint8_t * __addr, uint8x16_t __value)
1200:/opt/st/stm32cubeide_2.1.1/plugins/com.st.stm32cube.ide.mcu.externaltools.gnu-tools-for-stm32.14.3.rel1.linux64_1.0.100.202602081740/tools/lib/gcc/arm-none-eabi/14.3.1/include/arm_mve.h **** {
1201:/opt/st/stm32cubeide_2.1.1/plugins/com.st.stm32cube.ide.mcu.externaltools.gnu-tools-for-stm32.14.3.rel1.linux64_1.0.100.202602081740/tools/lib/gcc/arm-none-eabi/14.3.1/include/arm_mve.h ****   __builtin_mve_vstrbq_uv16qi ((__builtin_neon_qi *) __addr, __value);
1202:/opt/st/stm32cubeide_2.1.1/plugins/com.st.stm32cube.ide.mcu.externaltools.gnu-tools-for-stm32.14.3.rel1.linux64_1.0.100.202602081740/tools/lib/gcc/arm-none-eabi/14.3.1/include/arm_mve.h **** }
1203:/opt/st/stm32cubeide_2.1.1/plugins/com.st.stm32cube.ide.mcu.externaltools.gnu-tools-for-stm32.14.3.rel1.linux64_1.0.100.202602081740/tools/lib/gcc/arm-none-eabi/14.3.1/include/arm_mve.h **** 
1204:/opt/st/stm32cubeide_2.1.1/plugins/com.st.stm32cube.ide.mcu.externaltools.gnu-tools-for-stm32.14.3.rel1.linux64_1.0.100.202602081740/tools/lib/gcc/arm-none-eabi/14.3.1/include/arm_mve.h **** __extension__ extern __inline void
1205:/opt/st/stm32cubeide_2.1.1/plugins/com.st.stm32cube.ide.mcu.externaltools.gnu-tools-for-stm32.14.3.rel1.linux64_1.0.100.202602081740/tools/lib/gcc/arm-none-eabi/14.3.1/include/arm_mve.h **** __attribute__ ((__always_inline__, __gnu_inline__, __artificial__))
1206:/opt/st/stm32cubeide_2.1.1/plugins/com.st.stm32cube.ide.mcu.externaltools.gnu-tools-for-stm32.14.3.rel1.linux64_1.0.100.202602081740/tools/lib/gcc/arm-none-eabi/14.3.1/include/arm_mve.h **** __arm_vstrbq_u32 (uint8_t * __addr, uint32x4_t __value)
1207:/opt/st/stm32cubeide_2.1.1/plugins/com.st.stm32cube.ide.mcu.externaltools.gnu-tools-for-stm32.14.3.rel1.linux64_1.0.100.202602081740/tools/lib/gcc/arm-none-eabi/14.3.1/include/arm_mve.h **** {
1208:/opt/st/stm32cubeide_2.1.1/plugins/com.st.stm32cube.ide.mcu.externaltools.gnu-tools-for-stm32.14.3.rel1.linux64_1.0.100.202602081740/tools/lib/gcc/arm-none-eabi/14.3.1/include/arm_mve.h ****   __builtin_mve_vstrbq_uv4si ((__builtin_neon_qi *) __addr, __value);
1209:/opt/st/stm32cubeide_2.1.1/plugins/com.st.stm32cube.ide.mcu.externaltools.gnu-tools-for-stm32.14.3.rel1.linux64_1.0.100.202602081740/tools/lib/gcc/arm-none-eabi/14.3.1/include/arm_mve.h **** }
1210:/opt/st/stm32cubeide_2.1.1/plugins/com.st.stm32cube.ide.mcu.externaltools.gnu-tools-for-stm32.14.3.rel1.linux64_1.0.100.202602081740/tools/lib/gcc/arm-none-eabi/14.3.1/include/arm_mve.h **** 
1211:/opt/st/stm32cubeide_2.1.1/plugins/com.st.stm32cube.ide.mcu.externaltools.gnu-tools-for-stm32.14.3.rel1.linux64_1.0.100.202602081740/tools/lib/gcc/arm-none-eabi/14.3.1/include/arm_mve.h **** __extension__ extern __inline void
1212:/opt/st/stm32cubeide_2.1.1/plugins/com.st.stm32cube.ide.mcu.externaltools.gnu-tools-for-stm32.14.3.rel1.linux64_1.0.100.202602081740/tools/lib/gcc/arm-none-eabi/14.3.1/include/arm_mve.h **** __attribute__ ((__always_inline__, __gnu_inline__, __artificial__))
1213:/opt/st/stm32cubeide_2.1.1/plugins/com.st.stm32cube.ide.mcu.externaltools.gnu-tools-for-stm32.14.3.rel1.linux64_1.0.100.202602081740/tools/lib/gcc/arm-none-eabi/14.3.1/include/arm_mve.h **** __arm_vstrbq_u16 (uint8_t * __addr, uint16x8_t __value)
1214:/opt/st/stm32cubeide_2.1.1/plugins/com.st.stm32cube.ide.mcu.externaltools.gnu-tools-for-stm32.14.3.rel1.linux64_1.0.100.202602081740/tools/lib/gcc/arm-none-eabi/14.3.1/include/arm_mve.h **** {
1215:/opt/st/stm32cubeide_2.1.1/plugins/com.st.stm32cube.ide.mcu.externaltools.gnu-tools-for-stm32.14.3.rel1.linux64_1.0.100.202602081740/tools/lib/gcc/arm-none-eabi/14.3.1/include/arm_mve.h ****   __builtin_mve_vstrbq_uv8hi ((__builtin_neon_qi *) __addr, __value);
1216:/opt/st/stm32cubeide_2.1.1/plugins/com.st.stm32cube.ide.mcu.externaltools.gnu-tools-for-stm32.14.3.rel1.linux64_1.0.100.202602081740/tools/lib/gcc/arm-none-eabi/14.3.1/include/arm_mve.h **** }
1217:/opt/st/stm32cubeide_2.1.1/plugins/com.st.stm32cube.ide.mcu.externaltools.gnu-tools-for-stm32.14.3.rel1.linux64_1.0.100.202602081740/tools/lib/gcc/arm-none-eabi/14.3.1/include/arm_mve.h **** 
1218:/opt/st/stm32cubeide_2.1.1/plugins/com.st.stm32cube.ide.mcu.externaltools.gnu-tools-for-stm32.14.3.rel1.linux64_1.0.100.202602081740/tools/lib/gcc/arm-none-eabi/14.3.1/include/arm_mve.h **** __extension__ extern __inline void
1219:/opt/st/stm32cubeide_2.1.1/plugins/com.st.stm32cube.ide.mcu.externaltools.gnu-tools-for-stm32.14.3.rel1.linux64_1.0.100.202602081740/tools/lib/gcc/arm-none-eabi/14.3.1/include/arm_mve.h **** __attribute__ ((__always_inline__, __gnu_inline__, __artificial__))
1220:/opt/st/stm32cubeide_2.1.1/plugins/com.st.stm32cube.ide.mcu.externaltools.gnu-tools-for-stm32.14.3.rel1.linux64_1.0.100.202602081740/tools/lib/gcc/arm-none-eabi/14.3.1/include/arm_mve.h **** __arm_vstrwq_scatter_base_s32 (uint32x4_t __addr, const int __offset, int32x4_t __value)
1221:/opt/st/stm32cubeide_2.1.1/plugins/com.st.stm32cube.ide.mcu.externaltools.gnu-tools-for-stm32.14.3.rel1.linux64_1.0.100.202602081740/tools/lib/gcc/arm-none-eabi/14.3.1/include/arm_mve.h **** {
1222:/opt/st/stm32cubeide_2.1.1/plugins/com.st.stm32cube.ide.mcu.externaltools.gnu-tools-for-stm32.14.3.rel1.linux64_1.0.100.202602081740/tools/lib/gcc/arm-none-eabi/14.3.1/include/arm_mve.h ****   __builtin_mve_vstrwq_scatter_base_sv4si (__addr, __offset, __value);
1223:/opt/st/stm32cubeide_2.1.1/plugins/com.st.stm32cube.ide.mcu.externaltools.gnu-tools-for-stm32.14.3.rel1.linux64_1.0.100.202602081740/tools/lib/gcc/arm-none-eabi/14.3.1/include/arm_mve.h **** }
1224:/opt/st/stm32cubeide_2.1.1/plugins/com.st.stm32cube.ide.mcu.externaltools.gnu-tools-for-stm32.14.3.rel1.linux64_1.0.100.202602081740/tools/lib/gcc/arm-none-eabi/14.3.1/include/arm_mve.h **** 
1225:/opt/st/stm32cubeide_2.1.1/plugins/com.st.stm32cube.ide.mcu.externaltools.gnu-tools-for-stm32.14.3.rel1.linux64_1.0.100.202602081740/tools/lib/gcc/arm-none-eabi/14.3.1/include/arm_mve.h **** __extension__ extern __inline void
1226:/opt/st/stm32cubeide_2.1.1/plugins/com.st.stm32cube.ide.mcu.externaltools.gnu-tools-for-stm32.14.3.rel1.linux64_1.0.100.202602081740/tools/lib/gcc/arm-none-eabi/14.3.1/include/arm_mve.h **** __attribute__ ((__always_inline__, __gnu_inline__, __artificial__))
1227:/opt/st/stm32cubeide_2.1.1/plugins/com.st.stm32cube.ide.mcu.externaltools.gnu-tools-for-stm32.14.3.rel1.linux64_1.0.100.202602081740/tools/lib/gcc/arm-none-eabi/14.3.1/include/arm_mve.h **** __arm_vstrwq_scatter_base_u32 (uint32x4_t __addr, const int __offset, uint32x4_t __value)
1228:/opt/st/stm32cubeide_2.1.1/plugins/com.st.stm32cube.ide.mcu.externaltools.gnu-tools-for-stm32.14.3.rel1.linux64_1.0.100.202602081740/tools/lib/gcc/arm-none-eabi/14.3.1/include/arm_mve.h **** {
1229:/opt/st/stm32cubeide_2.1.1/plugins/com.st.stm32cube.ide.mcu.externaltools.gnu-tools-for-stm32.14.3.rel1.linux64_1.0.100.202602081740/tools/lib/gcc/arm-none-eabi/14.3.1/include/arm_mve.h ****   __builtin_mve_vstrwq_scatter_base_uv4si (__addr, __offset, __value);
1230:/opt/st/stm32cubeide_2.1.1/plugins/com.st.stm32cube.ide.mcu.externaltools.gnu-tools-for-stm32.14.3.rel1.linux64_1.0.100.202602081740/tools/lib/gcc/arm-none-eabi/14.3.1/include/arm_mve.h **** }
1231:/opt/st/stm32cubeide_2.1.1/plugins/com.st.stm32cube.ide.mcu.externaltools.gnu-tools-for-stm32.14.3.rel1.linux64_1.0.100.202602081740/tools/lib/gcc/arm-none-eabi/14.3.1/include/arm_mve.h **** 
1232:/opt/st/stm32cubeide_2.1.1/plugins/com.st.stm32cube.ide.mcu.externaltools.gnu-tools-for-stm32.14.3.rel1.linux64_1.0.100.202602081740/tools/lib/gcc/arm-none-eabi/14.3.1/include/arm_mve.h **** __extension__ extern __inline uint8x16_t
1233:/opt/st/stm32cubeide_2.1.1/plugins/com.st.stm32cube.ide.mcu.externaltools.gnu-tools-for-stm32.14.3.rel1.linux64_1.0.100.202602081740/tools/lib/gcc/arm-none-eabi/14.3.1/include/arm_mve.h **** __attribute__ ((__always_inline__, __gnu_inline__, __artificial__))
1234:/opt/st/stm32cubeide_2.1.1/plugins/com.st.stm32cube.ide.mcu.externaltools.gnu-tools-for-stm32.14.3.rel1.linux64_1.0.100.202602081740/tools/lib/gcc/arm-none-eabi/14.3.1/include/arm_mve.h **** __arm_vldrbq_gather_offset_u8 (uint8_t const * __base, uint8x16_t __offset)
1235:/opt/st/stm32cubeide_2.1.1/plugins/com.st.stm32cube.ide.mcu.externaltools.gnu-tools-for-stm32.14.3.rel1.linux64_1.0.100.202602081740/tools/lib/gcc/arm-none-eabi/14.3.1/include/arm_mve.h **** {
1236:/opt/st/stm32cubeide_2.1.1/plugins/com.st.stm32cube.ide.mcu.externaltools.gnu-tools-for-stm32.14.3.rel1.linux64_1.0.100.202602081740/tools/lib/gcc/arm-none-eabi/14.3.1/include/arm_mve.h ****   return __builtin_mve_vldrbq_gather_offset_uv16qi ((__builtin_neon_qi *) __base, __offset);
1237:/opt/st/stm32cubeide_2.1.1/plugins/com.st.stm32cube.ide.mcu.externaltools.gnu-tools-for-stm32.14.3.rel1.linux64_1.0.100.202602081740/tools/lib/gcc/arm-none-eabi/14.3.1/include/arm_mve.h **** }
1238:/opt/st/stm32cubeide_2.1.1/plugins/com.st.stm32cube.ide.mcu.externaltools.gnu-tools-for-stm32.14.3.rel1.linux64_1.0.100.202602081740/tools/lib/gcc/arm-none-eabi/14.3.1/include/arm_mve.h **** 
1239:/opt/st/stm32cubeide_2.1.1/plugins/com.st.stm32cube.ide.mcu.externaltools.gnu-tools-for-stm32.14.3.rel1.linux64_1.0.100.202602081740/tools/lib/gcc/arm-none-eabi/14.3.1/include/arm_mve.h **** __extension__ extern __inline int8x16_t
1240:/opt/st/stm32cubeide_2.1.1/plugins/com.st.stm32cube.ide.mcu.externaltools.gnu-tools-for-stm32.14.3.rel1.linux64_1.0.100.202602081740/tools/lib/gcc/arm-none-eabi/14.3.1/include/arm_mve.h **** __attribute__ ((__always_inline__, __gnu_inline__, __artificial__))
1241:/opt/st/stm32cubeide_2.1.1/plugins/com.st.stm32cube.ide.mcu.externaltools.gnu-tools-for-stm32.14.3.rel1.linux64_1.0.100.202602081740/tools/lib/gcc/arm-none-eabi/14.3.1/include/arm_mve.h **** __arm_vldrbq_gather_offset_s8 (int8_t const * __base, uint8x16_t __offset)
1242:/opt/st/stm32cubeide_2.1.1/plugins/com.st.stm32cube.ide.mcu.externaltools.gnu-tools-for-stm32.14.3.rel1.linux64_1.0.100.202602081740/tools/lib/gcc/arm-none-eabi/14.3.1/include/arm_mve.h **** {
1243:/opt/st/stm32cubeide_2.1.1/plugins/com.st.stm32cube.ide.mcu.externaltools.gnu-tools-for-stm32.14.3.rel1.linux64_1.0.100.202602081740/tools/lib/gcc/arm-none-eabi/14.3.1/include/arm_mve.h ****   return __builtin_mve_vldrbq_gather_offset_sv16qi ((__builtin_neon_qi *) __base, __offset);
1244:/opt/st/stm32cubeide_2.1.1/plugins/com.st.stm32cube.ide.mcu.externaltools.gnu-tools-for-stm32.14.3.rel1.linux64_1.0.100.202602081740/tools/lib/gcc/arm-none-eabi/14.3.1/include/arm_mve.h **** }
1245:/opt/st/stm32cubeide_2.1.1/plugins/com.st.stm32cube.ide.mcu.externaltools.gnu-tools-for-stm32.14.3.rel1.linux64_1.0.100.202602081740/tools/lib/gcc/arm-none-eabi/14.3.1/include/arm_mve.h **** 
1246:/opt/st/stm32cubeide_2.1.1/plugins/com.st.stm32cube.ide.mcu.externaltools.gnu-tools-for-stm32.14.3.rel1.linux64_1.0.100.202602081740/tools/lib/gcc/arm-none-eabi/14.3.1/include/arm_mve.h **** __extension__ extern __inline int8x16_t
1247:/opt/st/stm32cubeide_2.1.1/plugins/com.st.stm32cube.ide.mcu.externaltools.gnu-tools-for-stm32.14.3.rel1.linux64_1.0.100.202602081740/tools/lib/gcc/arm-none-eabi/14.3.1/include/arm_mve.h **** __attribute__ ((__always_inline__, __gnu_inline__, __artificial__))
1248:/opt/st/stm32cubeide_2.1.1/plugins/com.st.stm32cube.ide.mcu.externaltools.gnu-tools-for-stm32.14.3.rel1.linux64_1.0.100.202602081740/tools/lib/gcc/arm-none-eabi/14.3.1/include/arm_mve.h **** __arm_vldrbq_s8 (int8_t const * __base)
1249:/opt/st/stm32cubeide_2.1.1/plugins/com.st.stm32cube.ide.mcu.externaltools.gnu-tools-for-stm32.14.3.rel1.linux64_1.0.100.202602081740/tools/lib/gcc/arm-none-eabi/14.3.1/include/arm_mve.h **** {
ARM GAS  /tmp/ccS31Hxi.s 			page 26


1250:/opt/st/stm32cubeide_2.1.1/plugins/com.st.stm32cube.ide.mcu.externaltools.gnu-tools-for-stm32.14.3.rel1.linux64_1.0.100.202602081740/tools/lib/gcc/arm-none-eabi/14.3.1/include/arm_mve.h ****   return __builtin_mve_vldrbq_sv16qi ((__builtin_neon_qi *) __base);
1251:/opt/st/stm32cubeide_2.1.1/plugins/com.st.stm32cube.ide.mcu.externaltools.gnu-tools-for-stm32.14.3.rel1.linux64_1.0.100.202602081740/tools/lib/gcc/arm-none-eabi/14.3.1/include/arm_mve.h **** }
1252:/opt/st/stm32cubeide_2.1.1/plugins/com.st.stm32cube.ide.mcu.externaltools.gnu-tools-for-stm32.14.3.rel1.linux64_1.0.100.202602081740/tools/lib/gcc/arm-none-eabi/14.3.1/include/arm_mve.h **** 
1253:/opt/st/stm32cubeide_2.1.1/plugins/com.st.stm32cube.ide.mcu.externaltools.gnu-tools-for-stm32.14.3.rel1.linux64_1.0.100.202602081740/tools/lib/gcc/arm-none-eabi/14.3.1/include/arm_mve.h **** __extension__ extern __inline uint8x16_t
1254:/opt/st/stm32cubeide_2.1.1/plugins/com.st.stm32cube.ide.mcu.externaltools.gnu-tools-for-stm32.14.3.rel1.linux64_1.0.100.202602081740/tools/lib/gcc/arm-none-eabi/14.3.1/include/arm_mve.h **** __attribute__ ((__always_inline__, __gnu_inline__, __artificial__))
1255:/opt/st/stm32cubeide_2.1.1/plugins/com.st.stm32cube.ide.mcu.externaltools.gnu-tools-for-stm32.14.3.rel1.linux64_1.0.100.202602081740/tools/lib/gcc/arm-none-eabi/14.3.1/include/arm_mve.h **** __arm_vldrbq_u8 (uint8_t const * __base)
1256:/opt/st/stm32cubeide_2.1.1/plugins/com.st.stm32cube.ide.mcu.externaltools.gnu-tools-for-stm32.14.3.rel1.linux64_1.0.100.202602081740/tools/lib/gcc/arm-none-eabi/14.3.1/include/arm_mve.h **** {
1257:/opt/st/stm32cubeide_2.1.1/plugins/com.st.stm32cube.ide.mcu.externaltools.gnu-tools-for-stm32.14.3.rel1.linux64_1.0.100.202602081740/tools/lib/gcc/arm-none-eabi/14.3.1/include/arm_mve.h ****   return __builtin_mve_vldrbq_uv16qi ((__builtin_neon_qi *) __base);
1258:/opt/st/stm32cubeide_2.1.1/plugins/com.st.stm32cube.ide.mcu.externaltools.gnu-tools-for-stm32.14.3.rel1.linux64_1.0.100.202602081740/tools/lib/gcc/arm-none-eabi/14.3.1/include/arm_mve.h **** }
1259:/opt/st/stm32cubeide_2.1.1/plugins/com.st.stm32cube.ide.mcu.externaltools.gnu-tools-for-stm32.14.3.rel1.linux64_1.0.100.202602081740/tools/lib/gcc/arm-none-eabi/14.3.1/include/arm_mve.h **** 
1260:/opt/st/stm32cubeide_2.1.1/plugins/com.st.stm32cube.ide.mcu.externaltools.gnu-tools-for-stm32.14.3.rel1.linux64_1.0.100.202602081740/tools/lib/gcc/arm-none-eabi/14.3.1/include/arm_mve.h **** __extension__ extern __inline uint16x8_t
1261:/opt/st/stm32cubeide_2.1.1/plugins/com.st.stm32cube.ide.mcu.externaltools.gnu-tools-for-stm32.14.3.rel1.linux64_1.0.100.202602081740/tools/lib/gcc/arm-none-eabi/14.3.1/include/arm_mve.h **** __attribute__ ((__always_inline__, __gnu_inline__, __artificial__))
1262:/opt/st/stm32cubeide_2.1.1/plugins/com.st.stm32cube.ide.mcu.externaltools.gnu-tools-for-stm32.14.3.rel1.linux64_1.0.100.202602081740/tools/lib/gcc/arm-none-eabi/14.3.1/include/arm_mve.h **** __arm_vldrbq_gather_offset_u16 (uint8_t const * __base, uint16x8_t __offset)
1263:/opt/st/stm32cubeide_2.1.1/plugins/com.st.stm32cube.ide.mcu.externaltools.gnu-tools-for-stm32.14.3.rel1.linux64_1.0.100.202602081740/tools/lib/gcc/arm-none-eabi/14.3.1/include/arm_mve.h **** {
1264:/opt/st/stm32cubeide_2.1.1/plugins/com.st.stm32cube.ide.mcu.externaltools.gnu-tools-for-stm32.14.3.rel1.linux64_1.0.100.202602081740/tools/lib/gcc/arm-none-eabi/14.3.1/include/arm_mve.h ****   return __builtin_mve_vldrbq_gather_offset_uv8hi ((__builtin_neon_qi *) __base, __offset);
1265:/opt/st/stm32cubeide_2.1.1/plugins/com.st.stm32cube.ide.mcu.externaltools.gnu-tools-for-stm32.14.3.rel1.linux64_1.0.100.202602081740/tools/lib/gcc/arm-none-eabi/14.3.1/include/arm_mve.h **** }
1266:/opt/st/stm32cubeide_2.1.1/plugins/com.st.stm32cube.ide.mcu.externaltools.gnu-tools-for-stm32.14.3.rel1.linux64_1.0.100.202602081740/tools/lib/gcc/arm-none-eabi/14.3.1/include/arm_mve.h **** 
1267:/opt/st/stm32cubeide_2.1.1/plugins/com.st.stm32cube.ide.mcu.externaltools.gnu-tools-for-stm32.14.3.rel1.linux64_1.0.100.202602081740/tools/lib/gcc/arm-none-eabi/14.3.1/include/arm_mve.h **** __extension__ extern __inline int16x8_t
1268:/opt/st/stm32cubeide_2.1.1/plugins/com.st.stm32cube.ide.mcu.externaltools.gnu-tools-for-stm32.14.3.rel1.linux64_1.0.100.202602081740/tools/lib/gcc/arm-none-eabi/14.3.1/include/arm_mve.h **** __attribute__ ((__always_inline__, __gnu_inline__, __artificial__))
1269:/opt/st/stm32cubeide_2.1.1/plugins/com.st.stm32cube.ide.mcu.externaltools.gnu-tools-for-stm32.14.3.rel1.linux64_1.0.100.202602081740/tools/lib/gcc/arm-none-eabi/14.3.1/include/arm_mve.h **** __arm_vldrbq_gather_offset_s16 (int8_t const * __base, uint16x8_t __offset)
1270:/opt/st/stm32cubeide_2.1.1/plugins/com.st.stm32cube.ide.mcu.externaltools.gnu-tools-for-stm32.14.3.rel1.linux64_1.0.100.202602081740/tools/lib/gcc/arm-none-eabi/14.3.1/include/arm_mve.h **** {
1271:/opt/st/stm32cubeide_2.1.1/plugins/com.st.stm32cube.ide.mcu.externaltools.gnu-tools-for-stm32.14.3.rel1.linux64_1.0.100.202602081740/tools/lib/gcc/arm-none-eabi/14.3.1/include/arm_mve.h ****   return __builtin_mve_vldrbq_gather_offset_sv8hi ((__builtin_neon_qi *) __base, __offset);
1272:/opt/st/stm32cubeide_2.1.1/plugins/com.st.stm32cube.ide.mcu.externaltools.gnu-tools-for-stm32.14.3.rel1.linux64_1.0.100.202602081740/tools/lib/gcc/arm-none-eabi/14.3.1/include/arm_mve.h **** }
1273:/opt/st/stm32cubeide_2.1.1/plugins/com.st.stm32cube.ide.mcu.externaltools.gnu-tools-for-stm32.14.3.rel1.linux64_1.0.100.202602081740/tools/lib/gcc/arm-none-eabi/14.3.1/include/arm_mve.h **** 
1274:/opt/st/stm32cubeide_2.1.1/plugins/com.st.stm32cube.ide.mcu.externaltools.gnu-tools-for-stm32.14.3.rel1.linux64_1.0.100.202602081740/tools/lib/gcc/arm-none-eabi/14.3.1/include/arm_mve.h **** __extension__ extern __inline int16x8_t
1275:/opt/st/stm32cubeide_2.1.1/plugins/com.st.stm32cube.ide.mcu.externaltools.gnu-tools-for-stm32.14.3.rel1.linux64_1.0.100.202602081740/tools/lib/gcc/arm-none-eabi/14.3.1/include/arm_mve.h **** __attribute__ ((__always_inline__, __gnu_inline__, __artificial__))
1276:/opt/st/stm32cubeide_2.1.1/plugins/com.st.stm32cube.ide.mcu.externaltools.gnu-tools-for-stm32.14.3.rel1.linux64_1.0.100.202602081740/tools/lib/gcc/arm-none-eabi/14.3.1/include/arm_mve.h **** __arm_vldrbq_s16 (int8_t const * __base)
1277:/opt/st/stm32cubeide_2.1.1/plugins/com.st.stm32cube.ide.mcu.externaltools.gnu-tools-for-stm32.14.3.rel1.linux64_1.0.100.202602081740/tools/lib/gcc/arm-none-eabi/14.3.1/include/arm_mve.h **** {
1278:/opt/st/stm32cubeide_2.1.1/plugins/com.st.stm32cube.ide.mcu.externaltools.gnu-tools-for-stm32.14.3.rel1.linux64_1.0.100.202602081740/tools/lib/gcc/arm-none-eabi/14.3.1/include/arm_mve.h ****   return __builtin_mve_vldrbq_sv8hi ((__builtin_neon_qi *) __base);
1279:/opt/st/stm32cubeide_2.1.1/plugins/com.st.stm32cube.ide.mcu.externaltools.gnu-tools-for-stm32.14.3.rel1.linux64_1.0.100.202602081740/tools/lib/gcc/arm-none-eabi/14.3.1/include/arm_mve.h **** }
1280:/opt/st/stm32cubeide_2.1.1/plugins/com.st.stm32cube.ide.mcu.externaltools.gnu-tools-for-stm32.14.3.rel1.linux64_1.0.100.202602081740/tools/lib/gcc/arm-none-eabi/14.3.1/include/arm_mve.h **** 
1281:/opt/st/stm32cubeide_2.1.1/plugins/com.st.stm32cube.ide.mcu.externaltools.gnu-tools-for-stm32.14.3.rel1.linux64_1.0.100.202602081740/tools/lib/gcc/arm-none-eabi/14.3.1/include/arm_mve.h **** __extension__ extern __inline uint16x8_t
1282:/opt/st/stm32cubeide_2.1.1/plugins/com.st.stm32cube.ide.mcu.externaltools.gnu-tools-for-stm32.14.3.rel1.linux64_1.0.100.202602081740/tools/lib/gcc/arm-none-eabi/14.3.1/include/arm_mve.h **** __attribute__ ((__always_inline__, __gnu_inline__, __artificial__))
1283:/opt/st/stm32cubeide_2.1.1/plugins/com.st.stm32cube.ide.mcu.externaltools.gnu-tools-for-stm32.14.3.rel1.linux64_1.0.100.202602081740/tools/lib/gcc/arm-none-eabi/14.3.1/include/arm_mve.h **** __arm_vldrbq_u16 (uint8_t const * __base)
1284:/opt/st/stm32cubeide_2.1.1/plugins/com.st.stm32cube.ide.mcu.externaltools.gnu-tools-for-stm32.14.3.rel1.linux64_1.0.100.202602081740/tools/lib/gcc/arm-none-eabi/14.3.1/include/arm_mve.h **** {
1285:/opt/st/stm32cubeide_2.1.1/plugins/com.st.stm32cube.ide.mcu.externaltools.gnu-tools-for-stm32.14.3.rel1.linux64_1.0.100.202602081740/tools/lib/gcc/arm-none-eabi/14.3.1/include/arm_mve.h ****   return __builtin_mve_vldrbq_uv8hi ((__builtin_neon_qi *) __base);
1286:/opt/st/stm32cubeide_2.1.1/plugins/com.st.stm32cube.ide.mcu.externaltools.gnu-tools-for-stm32.14.3.rel1.linux64_1.0.100.202602081740/tools/lib/gcc/arm-none-eabi/14.3.1/include/arm_mve.h **** }
1287:/opt/st/stm32cubeide_2.1.1/plugins/com.st.stm32cube.ide.mcu.externaltools.gnu-tools-for-stm32.14.3.rel1.linux64_1.0.100.202602081740/tools/lib/gcc/arm-none-eabi/14.3.1/include/arm_mve.h **** 
1288:/opt/st/stm32cubeide_2.1.1/plugins/com.st.stm32cube.ide.mcu.externaltools.gnu-tools-for-stm32.14.3.rel1.linux64_1.0.100.202602081740/tools/lib/gcc/arm-none-eabi/14.3.1/include/arm_mve.h **** __extension__ extern __inline uint32x4_t
1289:/opt/st/stm32cubeide_2.1.1/plugins/com.st.stm32cube.ide.mcu.externaltools.gnu-tools-for-stm32.14.3.rel1.linux64_1.0.100.202602081740/tools/lib/gcc/arm-none-eabi/14.3.1/include/arm_mve.h **** __attribute__ ((__always_inline__, __gnu_inline__, __artificial__))
1290:/opt/st/stm32cubeide_2.1.1/plugins/com.st.stm32cube.ide.mcu.externaltools.gnu-tools-for-stm32.14.3.rel1.linux64_1.0.100.202602081740/tools/lib/gcc/arm-none-eabi/14.3.1/include/arm_mve.h **** __arm_vldrbq_gather_offset_u32 (uint8_t const * __base, uint32x4_t __offset)
1291:/opt/st/stm32cubeide_2.1.1/plugins/com.st.stm32cube.ide.mcu.externaltools.gnu-tools-for-stm32.14.3.rel1.linux64_1.0.100.202602081740/tools/lib/gcc/arm-none-eabi/14.3.1/include/arm_mve.h **** {
1292:/opt/st/stm32cubeide_2.1.1/plugins/com.st.stm32cube.ide.mcu.externaltools.gnu-tools-for-stm32.14.3.rel1.linux64_1.0.100.202602081740/tools/lib/gcc/arm-none-eabi/14.3.1/include/arm_mve.h ****   return __builtin_mve_vldrbq_gather_offset_uv4si ((__builtin_neon_qi *) __base, __offset);
1293:/opt/st/stm32cubeide_2.1.1/plugins/com.st.stm32cube.ide.mcu.externaltools.gnu-tools-for-stm32.14.3.rel1.linux64_1.0.100.202602081740/tools/lib/gcc/arm-none-eabi/14.3.1/include/arm_mve.h **** }
1294:/opt/st/stm32cubeide_2.1.1/plugins/com.st.stm32cube.ide.mcu.externaltools.gnu-tools-for-stm32.14.3.rel1.linux64_1.0.100.202602081740/tools/lib/gcc/arm-none-eabi/14.3.1/include/arm_mve.h **** 
1295:/opt/st/stm32cubeide_2.1.1/plugins/com.st.stm32cube.ide.mcu.externaltools.gnu-tools-for-stm32.14.3.rel1.linux64_1.0.100.202602081740/tools/lib/gcc/arm-none-eabi/14.3.1/include/arm_mve.h **** __extension__ extern __inline int32x4_t
1296:/opt/st/stm32cubeide_2.1.1/plugins/com.st.stm32cube.ide.mcu.externaltools.gnu-tools-for-stm32.14.3.rel1.linux64_1.0.100.202602081740/tools/lib/gcc/arm-none-eabi/14.3.1/include/arm_mve.h **** __attribute__ ((__always_inline__, __gnu_inline__, __artificial__))
1297:/opt/st/stm32cubeide_2.1.1/plugins/com.st.stm32cube.ide.mcu.externaltools.gnu-tools-for-stm32.14.3.rel1.linux64_1.0.100.202602081740/tools/lib/gcc/arm-none-eabi/14.3.1/include/arm_mve.h **** __arm_vldrbq_gather_offset_s32 (int8_t const * __base, uint32x4_t __offset)
1298:/opt/st/stm32cubeide_2.1.1/plugins/com.st.stm32cube.ide.mcu.externaltools.gnu-tools-for-stm32.14.3.rel1.linux64_1.0.100.202602081740/tools/lib/gcc/arm-none-eabi/14.3.1/include/arm_mve.h **** {
1299:/opt/st/stm32cubeide_2.1.1/plugins/com.st.stm32cube.ide.mcu.externaltools.gnu-tools-for-stm32.14.3.rel1.linux64_1.0.100.202602081740/tools/lib/gcc/arm-none-eabi/14.3.1/include/arm_mve.h ****   return __builtin_mve_vldrbq_gather_offset_sv4si ((__builtin_neon_qi *) __base, __offset);
1300:/opt/st/stm32cubeide_2.1.1/plugins/com.st.stm32cube.ide.mcu.externaltools.gnu-tools-for-stm32.14.3.rel1.linux64_1.0.100.202602081740/tools/lib/gcc/arm-none-eabi/14.3.1/include/arm_mve.h **** }
1301:/opt/st/stm32cubeide_2.1.1/plugins/com.st.stm32cube.ide.mcu.externaltools.gnu-tools-for-stm32.14.3.rel1.linux64_1.0.100.202602081740/tools/lib/gcc/arm-none-eabi/14.3.1/include/arm_mve.h **** 
1302:/opt/st/stm32cubeide_2.1.1/plugins/com.st.stm32cube.ide.mcu.externaltools.gnu-tools-for-stm32.14.3.rel1.linux64_1.0.100.202602081740/tools/lib/gcc/arm-none-eabi/14.3.1/include/arm_mve.h **** __extension__ extern __inline int32x4_t
1303:/opt/st/stm32cubeide_2.1.1/plugins/com.st.stm32cube.ide.mcu.externaltools.gnu-tools-for-stm32.14.3.rel1.linux64_1.0.100.202602081740/tools/lib/gcc/arm-none-eabi/14.3.1/include/arm_mve.h **** __attribute__ ((__always_inline__, __gnu_inline__, __artificial__))
1304:/opt/st/stm32cubeide_2.1.1/plugins/com.st.stm32cube.ide.mcu.externaltools.gnu-tools-for-stm32.14.3.rel1.linux64_1.0.100.202602081740/tools/lib/gcc/arm-none-eabi/14.3.1/include/arm_mve.h **** __arm_vldrbq_s32 (int8_t const * __base)
1305:/opt/st/stm32cubeide_2.1.1/plugins/com.st.stm32cube.ide.mcu.externaltools.gnu-tools-for-stm32.14.3.rel1.linux64_1.0.100.202602081740/tools/lib/gcc/arm-none-eabi/14.3.1/include/arm_mve.h **** {
1306:/opt/st/stm32cubeide_2.1.1/plugins/com.st.stm32cube.ide.mcu.externaltools.gnu-tools-for-stm32.14.3.rel1.linux64_1.0.100.202602081740/tools/lib/gcc/arm-none-eabi/14.3.1/include/arm_mve.h ****   return __builtin_mve_vldrbq_sv4si ((__builtin_neon_qi *) __base);
ARM GAS  /tmp/ccS31Hxi.s 			page 27


1307:/opt/st/stm32cubeide_2.1.1/plugins/com.st.stm32cube.ide.mcu.externaltools.gnu-tools-for-stm32.14.3.rel1.linux64_1.0.100.202602081740/tools/lib/gcc/arm-none-eabi/14.3.1/include/arm_mve.h **** }
1308:/opt/st/stm32cubeide_2.1.1/plugins/com.st.stm32cube.ide.mcu.externaltools.gnu-tools-for-stm32.14.3.rel1.linux64_1.0.100.202602081740/tools/lib/gcc/arm-none-eabi/14.3.1/include/arm_mve.h **** 
1309:/opt/st/stm32cubeide_2.1.1/plugins/com.st.stm32cube.ide.mcu.externaltools.gnu-tools-for-stm32.14.3.rel1.linux64_1.0.100.202602081740/tools/lib/gcc/arm-none-eabi/14.3.1/include/arm_mve.h **** __extension__ extern __inline uint32x4_t
1310:/opt/st/stm32cubeide_2.1.1/plugins/com.st.stm32cube.ide.mcu.externaltools.gnu-tools-for-stm32.14.3.rel1.linux64_1.0.100.202602081740/tools/lib/gcc/arm-none-eabi/14.3.1/include/arm_mve.h **** __attribute__ ((__always_inline__, __gnu_inline__, __artificial__))
1311:/opt/st/stm32cubeide_2.1.1/plugins/com.st.stm32cube.ide.mcu.externaltools.gnu-tools-for-stm32.14.3.rel1.linux64_1.0.100.202602081740/tools/lib/gcc/arm-none-eabi/14.3.1/include/arm_mve.h **** __arm_vldrbq_u32 (uint8_t const * __base)
1312:/opt/st/stm32cubeide_2.1.1/plugins/com.st.stm32cube.ide.mcu.externaltools.gnu-tools-for-stm32.14.3.rel1.linux64_1.0.100.202602081740/tools/lib/gcc/arm-none-eabi/14.3.1/include/arm_mve.h **** {
1313:/opt/st/stm32cubeide_2.1.1/plugins/com.st.stm32cube.ide.mcu.externaltools.gnu-tools-for-stm32.14.3.rel1.linux64_1.0.100.202602081740/tools/lib/gcc/arm-none-eabi/14.3.1/include/arm_mve.h ****   return __builtin_mve_vldrbq_uv4si ((__builtin_neon_qi *) __base);
1314:/opt/st/stm32cubeide_2.1.1/plugins/com.st.stm32cube.ide.mcu.externaltools.gnu-tools-for-stm32.14.3.rel1.linux64_1.0.100.202602081740/tools/lib/gcc/arm-none-eabi/14.3.1/include/arm_mve.h **** }
1315:/opt/st/stm32cubeide_2.1.1/plugins/com.st.stm32cube.ide.mcu.externaltools.gnu-tools-for-stm32.14.3.rel1.linux64_1.0.100.202602081740/tools/lib/gcc/arm-none-eabi/14.3.1/include/arm_mve.h **** 
1316:/opt/st/stm32cubeide_2.1.1/plugins/com.st.stm32cube.ide.mcu.externaltools.gnu-tools-for-stm32.14.3.rel1.linux64_1.0.100.202602081740/tools/lib/gcc/arm-none-eabi/14.3.1/include/arm_mve.h **** __extension__ extern __inline int32x4_t
1317:/opt/st/stm32cubeide_2.1.1/plugins/com.st.stm32cube.ide.mcu.externaltools.gnu-tools-for-stm32.14.3.rel1.linux64_1.0.100.202602081740/tools/lib/gcc/arm-none-eabi/14.3.1/include/arm_mve.h **** __attribute__ ((__always_inline__, __gnu_inline__, __artificial__))
1318:/opt/st/stm32cubeide_2.1.1/plugins/com.st.stm32cube.ide.mcu.externaltools.gnu-tools-for-stm32.14.3.rel1.linux64_1.0.100.202602081740/tools/lib/gcc/arm-none-eabi/14.3.1/include/arm_mve.h **** __arm_vldrwq_gather_base_s32 (uint32x4_t __addr, const int __offset)
1319:/opt/st/stm32cubeide_2.1.1/plugins/com.st.stm32cube.ide.mcu.externaltools.gnu-tools-for-stm32.14.3.rel1.linux64_1.0.100.202602081740/tools/lib/gcc/arm-none-eabi/14.3.1/include/arm_mve.h **** {
1320:/opt/st/stm32cubeide_2.1.1/plugins/com.st.stm32cube.ide.mcu.externaltools.gnu-tools-for-stm32.14.3.rel1.linux64_1.0.100.202602081740/tools/lib/gcc/arm-none-eabi/14.3.1/include/arm_mve.h ****   return __builtin_mve_vldrwq_gather_base_sv4si (__addr, __offset);
1321:/opt/st/stm32cubeide_2.1.1/plugins/com.st.stm32cube.ide.mcu.externaltools.gnu-tools-for-stm32.14.3.rel1.linux64_1.0.100.202602081740/tools/lib/gcc/arm-none-eabi/14.3.1/include/arm_mve.h **** }
1322:/opt/st/stm32cubeide_2.1.1/plugins/com.st.stm32cube.ide.mcu.externaltools.gnu-tools-for-stm32.14.3.rel1.linux64_1.0.100.202602081740/tools/lib/gcc/arm-none-eabi/14.3.1/include/arm_mve.h **** 
1323:/opt/st/stm32cubeide_2.1.1/plugins/com.st.stm32cube.ide.mcu.externaltools.gnu-tools-for-stm32.14.3.rel1.linux64_1.0.100.202602081740/tools/lib/gcc/arm-none-eabi/14.3.1/include/arm_mve.h **** __extension__ extern __inline uint32x4_t
1324:/opt/st/stm32cubeide_2.1.1/plugins/com.st.stm32cube.ide.mcu.externaltools.gnu-tools-for-stm32.14.3.rel1.linux64_1.0.100.202602081740/tools/lib/gcc/arm-none-eabi/14.3.1/include/arm_mve.h **** __attribute__ ((__always_inline__, __gnu_inline__, __artificial__))
1325:/opt/st/stm32cubeide_2.1.1/plugins/com.st.stm32cube.ide.mcu.externaltools.gnu-tools-for-stm32.14.3.rel1.linux64_1.0.100.202602081740/tools/lib/gcc/arm-none-eabi/14.3.1/include/arm_mve.h **** __arm_vldrwq_gather_base_u32 (uint32x4_t __addr, const int __offset)
1326:/opt/st/stm32cubeide_2.1.1/plugins/com.st.stm32cube.ide.mcu.externaltools.gnu-tools-for-stm32.14.3.rel1.linux64_1.0.100.202602081740/tools/lib/gcc/arm-none-eabi/14.3.1/include/arm_mve.h **** {
1327:/opt/st/stm32cubeide_2.1.1/plugins/com.st.stm32cube.ide.mcu.externaltools.gnu-tools-for-stm32.14.3.rel1.linux64_1.0.100.202602081740/tools/lib/gcc/arm-none-eabi/14.3.1/include/arm_mve.h ****   return __builtin_mve_vldrwq_gather_base_uv4si (__addr, __offset);
1328:/opt/st/stm32cubeide_2.1.1/plugins/com.st.stm32cube.ide.mcu.externaltools.gnu-tools-for-stm32.14.3.rel1.linux64_1.0.100.202602081740/tools/lib/gcc/arm-none-eabi/14.3.1/include/arm_mve.h **** }
1329:/opt/st/stm32cubeide_2.1.1/plugins/com.st.stm32cube.ide.mcu.externaltools.gnu-tools-for-stm32.14.3.rel1.linux64_1.0.100.202602081740/tools/lib/gcc/arm-none-eabi/14.3.1/include/arm_mve.h **** 
1330:/opt/st/stm32cubeide_2.1.1/plugins/com.st.stm32cube.ide.mcu.externaltools.gnu-tools-for-stm32.14.3.rel1.linux64_1.0.100.202602081740/tools/lib/gcc/arm-none-eabi/14.3.1/include/arm_mve.h **** __extension__ extern __inline void
1331:/opt/st/stm32cubeide_2.1.1/plugins/com.st.stm32cube.ide.mcu.externaltools.gnu-tools-for-stm32.14.3.rel1.linux64_1.0.100.202602081740/tools/lib/gcc/arm-none-eabi/14.3.1/include/arm_mve.h **** __attribute__ ((__always_inline__, __gnu_inline__, __artificial__))
1332:/opt/st/stm32cubeide_2.1.1/plugins/com.st.stm32cube.ide.mcu.externaltools.gnu-tools-for-stm32.14.3.rel1.linux64_1.0.100.202602081740/tools/lib/gcc/arm-none-eabi/14.3.1/include/arm_mve.h **** __arm_vstrbq_p_s8 (int8_t * __addr, int8x16_t __value, mve_pred16_t __p)
1333:/opt/st/stm32cubeide_2.1.1/plugins/com.st.stm32cube.ide.mcu.externaltools.gnu-tools-for-stm32.14.3.rel1.linux64_1.0.100.202602081740/tools/lib/gcc/arm-none-eabi/14.3.1/include/arm_mve.h **** {
1334:/opt/st/stm32cubeide_2.1.1/plugins/com.st.stm32cube.ide.mcu.externaltools.gnu-tools-for-stm32.14.3.rel1.linux64_1.0.100.202602081740/tools/lib/gcc/arm-none-eabi/14.3.1/include/arm_mve.h ****   __builtin_mve_vstrbq_p_sv16qi ((__builtin_neon_qi *) __addr, __value, __p);
1335:/opt/st/stm32cubeide_2.1.1/plugins/com.st.stm32cube.ide.mcu.externaltools.gnu-tools-for-stm32.14.3.rel1.linux64_1.0.100.202602081740/tools/lib/gcc/arm-none-eabi/14.3.1/include/arm_mve.h **** }
1336:/opt/st/stm32cubeide_2.1.1/plugins/com.st.stm32cube.ide.mcu.externaltools.gnu-tools-for-stm32.14.3.rel1.linux64_1.0.100.202602081740/tools/lib/gcc/arm-none-eabi/14.3.1/include/arm_mve.h **** 
1337:/opt/st/stm32cubeide_2.1.1/plugins/com.st.stm32cube.ide.mcu.externaltools.gnu-tools-for-stm32.14.3.rel1.linux64_1.0.100.202602081740/tools/lib/gcc/arm-none-eabi/14.3.1/include/arm_mve.h **** __extension__ extern __inline void
1338:/opt/st/stm32cubeide_2.1.1/plugins/com.st.stm32cube.ide.mcu.externaltools.gnu-tools-for-stm32.14.3.rel1.linux64_1.0.100.202602081740/tools/lib/gcc/arm-none-eabi/14.3.1/include/arm_mve.h **** __attribute__ ((__always_inline__, __gnu_inline__, __artificial__))
1339:/opt/st/stm32cubeide_2.1.1/plugins/com.st.stm32cube.ide.mcu.externaltools.gnu-tools-for-stm32.14.3.rel1.linux64_1.0.100.202602081740/tools/lib/gcc/arm-none-eabi/14.3.1/include/arm_mve.h **** __arm_vstrbq_p_s32 (int8_t * __addr, int32x4_t __value, mve_pred16_t __p)
1340:/opt/st/stm32cubeide_2.1.1/plugins/com.st.stm32cube.ide.mcu.externaltools.gnu-tools-for-stm32.14.3.rel1.linux64_1.0.100.202602081740/tools/lib/gcc/arm-none-eabi/14.3.1/include/arm_mve.h **** {
1341:/opt/st/stm32cubeide_2.1.1/plugins/com.st.stm32cube.ide.mcu.externaltools.gnu-tools-for-stm32.14.3.rel1.linux64_1.0.100.202602081740/tools/lib/gcc/arm-none-eabi/14.3.1/include/arm_mve.h ****   __builtin_mve_vstrbq_p_sv4si ((__builtin_neon_qi *) __addr, __value, __p);
1342:/opt/st/stm32cubeide_2.1.1/plugins/com.st.stm32cube.ide.mcu.externaltools.gnu-tools-for-stm32.14.3.rel1.linux64_1.0.100.202602081740/tools/lib/gcc/arm-none-eabi/14.3.1/include/arm_mve.h **** }
1343:/opt/st/stm32cubeide_2.1.1/plugins/com.st.stm32cube.ide.mcu.externaltools.gnu-tools-for-stm32.14.3.rel1.linux64_1.0.100.202602081740/tools/lib/gcc/arm-none-eabi/14.3.1/include/arm_mve.h **** 
1344:/opt/st/stm32cubeide_2.1.1/plugins/com.st.stm32cube.ide.mcu.externaltools.gnu-tools-for-stm32.14.3.rel1.linux64_1.0.100.202602081740/tools/lib/gcc/arm-none-eabi/14.3.1/include/arm_mve.h **** __extension__ extern __inline void
1345:/opt/st/stm32cubeide_2.1.1/plugins/com.st.stm32cube.ide.mcu.externaltools.gnu-tools-for-stm32.14.3.rel1.linux64_1.0.100.202602081740/tools/lib/gcc/arm-none-eabi/14.3.1/include/arm_mve.h **** __attribute__ ((__always_inline__, __gnu_inline__, __artificial__))
1346:/opt/st/stm32cubeide_2.1.1/plugins/com.st.stm32cube.ide.mcu.externaltools.gnu-tools-for-stm32.14.3.rel1.linux64_1.0.100.202602081740/tools/lib/gcc/arm-none-eabi/14.3.1/include/arm_mve.h **** __arm_vstrbq_p_s16 (int8_t * __addr, int16x8_t __value, mve_pred16_t __p)
1347:/opt/st/stm32cubeide_2.1.1/plugins/com.st.stm32cube.ide.mcu.externaltools.gnu-tools-for-stm32.14.3.rel1.linux64_1.0.100.202602081740/tools/lib/gcc/arm-none-eabi/14.3.1/include/arm_mve.h **** {
1348:/opt/st/stm32cubeide_2.1.1/plugins/com.st.stm32cube.ide.mcu.externaltools.gnu-tools-for-stm32.14.3.rel1.linux64_1.0.100.202602081740/tools/lib/gcc/arm-none-eabi/14.3.1/include/arm_mve.h ****   __builtin_mve_vstrbq_p_sv8hi ((__builtin_neon_qi *) __addr, __value, __p);
1349:/opt/st/stm32cubeide_2.1.1/plugins/com.st.stm32cube.ide.mcu.externaltools.gnu-tools-for-stm32.14.3.rel1.linux64_1.0.100.202602081740/tools/lib/gcc/arm-none-eabi/14.3.1/include/arm_mve.h **** }
1350:/opt/st/stm32cubeide_2.1.1/plugins/com.st.stm32cube.ide.mcu.externaltools.gnu-tools-for-stm32.14.3.rel1.linux64_1.0.100.202602081740/tools/lib/gcc/arm-none-eabi/14.3.1/include/arm_mve.h **** 
1351:/opt/st/stm32cubeide_2.1.1/plugins/com.st.stm32cube.ide.mcu.externaltools.gnu-tools-for-stm32.14.3.rel1.linux64_1.0.100.202602081740/tools/lib/gcc/arm-none-eabi/14.3.1/include/arm_mve.h **** __extension__ extern __inline void
1352:/opt/st/stm32cubeide_2.1.1/plugins/com.st.stm32cube.ide.mcu.externaltools.gnu-tools-for-stm32.14.3.rel1.linux64_1.0.100.202602081740/tools/lib/gcc/arm-none-eabi/14.3.1/include/arm_mve.h **** __attribute__ ((__always_inline__, __gnu_inline__, __artificial__))
1353:/opt/st/stm32cubeide_2.1.1/plugins/com.st.stm32cube.ide.mcu.externaltools.gnu-tools-for-stm32.14.3.rel1.linux64_1.0.100.202602081740/tools/lib/gcc/arm-none-eabi/14.3.1/include/arm_mve.h **** __arm_vstrbq_p_u8 (uint8_t * __addr, uint8x16_t __value, mve_pred16_t __p)
1354:/opt/st/stm32cubeide_2.1.1/plugins/com.st.stm32cube.ide.mcu.externaltools.gnu-tools-for-stm32.14.3.rel1.linux64_1.0.100.202602081740/tools/lib/gcc/arm-none-eabi/14.3.1/include/arm_mve.h **** {
1355:/opt/st/stm32cubeide_2.1.1/plugins/com.st.stm32cube.ide.mcu.externaltools.gnu-tools-for-stm32.14.3.rel1.linux64_1.0.100.202602081740/tools/lib/gcc/arm-none-eabi/14.3.1/include/arm_mve.h ****   __builtin_mve_vstrbq_p_uv16qi ((__builtin_neon_qi *) __addr, __value, __p);
1356:/opt/st/stm32cubeide_2.1.1/plugins/com.st.stm32cube.ide.mcu.externaltools.gnu-tools-for-stm32.14.3.rel1.linux64_1.0.100.202602081740/tools/lib/gcc/arm-none-eabi/14.3.1/include/arm_mve.h **** }
1357:/opt/st/stm32cubeide_2.1.1/plugins/com.st.stm32cube.ide.mcu.externaltools.gnu-tools-for-stm32.14.3.rel1.linux64_1.0.100.202602081740/tools/lib/gcc/arm-none-eabi/14.3.1/include/arm_mve.h **** 
1358:/opt/st/stm32cubeide_2.1.1/plugins/com.st.stm32cube.ide.mcu.externaltools.gnu-tools-for-stm32.14.3.rel1.linux64_1.0.100.202602081740/tools/lib/gcc/arm-none-eabi/14.3.1/include/arm_mve.h **** __extension__ extern __inline void
1359:/opt/st/stm32cubeide_2.1.1/plugins/com.st.stm32cube.ide.mcu.externaltools.gnu-tools-for-stm32.14.3.rel1.linux64_1.0.100.202602081740/tools/lib/gcc/arm-none-eabi/14.3.1/include/arm_mve.h **** __attribute__ ((__always_inline__, __gnu_inline__, __artificial__))
1360:/opt/st/stm32cubeide_2.1.1/plugins/com.st.stm32cube.ide.mcu.externaltools.gnu-tools-for-stm32.14.3.rel1.linux64_1.0.100.202602081740/tools/lib/gcc/arm-none-eabi/14.3.1/include/arm_mve.h **** __arm_vstrbq_p_u32 (uint8_t * __addr, uint32x4_t __value, mve_pred16_t __p)
1361:/opt/st/stm32cubeide_2.1.1/plugins/com.st.stm32cube.ide.mcu.externaltools.gnu-tools-for-stm32.14.3.rel1.linux64_1.0.100.202602081740/tools/lib/gcc/arm-none-eabi/14.3.1/include/arm_mve.h **** {
1362:/opt/st/stm32cubeide_2.1.1/plugins/com.st.stm32cube.ide.mcu.externaltools.gnu-tools-for-stm32.14.3.rel1.linux64_1.0.100.202602081740/tools/lib/gcc/arm-none-eabi/14.3.1/include/arm_mve.h ****   __builtin_mve_vstrbq_p_uv4si ((__builtin_neon_qi *) __addr, __value, __p);
1363:/opt/st/stm32cubeide_2.1.1/plugins/com.st.stm32cube.ide.mcu.externaltools.gnu-tools-for-stm32.14.3.rel1.linux64_1.0.100.202602081740/tools/lib/gcc/arm-none-eabi/14.3.1/include/arm_mve.h **** }
ARM GAS  /tmp/ccS31Hxi.s 			page 28


1364:/opt/st/stm32cubeide_2.1.1/plugins/com.st.stm32cube.ide.mcu.externaltools.gnu-tools-for-stm32.14.3.rel1.linux64_1.0.100.202602081740/tools/lib/gcc/arm-none-eabi/14.3.1/include/arm_mve.h **** 
1365:/opt/st/stm32cubeide_2.1.1/plugins/com.st.stm32cube.ide.mcu.externaltools.gnu-tools-for-stm32.14.3.rel1.linux64_1.0.100.202602081740/tools/lib/gcc/arm-none-eabi/14.3.1/include/arm_mve.h **** __extension__ extern __inline void
1366:/opt/st/stm32cubeide_2.1.1/plugins/com.st.stm32cube.ide.mcu.externaltools.gnu-tools-for-stm32.14.3.rel1.linux64_1.0.100.202602081740/tools/lib/gcc/arm-none-eabi/14.3.1/include/arm_mve.h **** __attribute__ ((__always_inline__, __gnu_inline__, __artificial__))
1367:/opt/st/stm32cubeide_2.1.1/plugins/com.st.stm32cube.ide.mcu.externaltools.gnu-tools-for-stm32.14.3.rel1.linux64_1.0.100.202602081740/tools/lib/gcc/arm-none-eabi/14.3.1/include/arm_mve.h **** __arm_vstrbq_p_u16 (uint8_t * __addr, uint16x8_t __value, mve_pred16_t __p)
1368:/opt/st/stm32cubeide_2.1.1/plugins/com.st.stm32cube.ide.mcu.externaltools.gnu-tools-for-stm32.14.3.rel1.linux64_1.0.100.202602081740/tools/lib/gcc/arm-none-eabi/14.3.1/include/arm_mve.h **** {
1369:/opt/st/stm32cubeide_2.1.1/plugins/com.st.stm32cube.ide.mcu.externaltools.gnu-tools-for-stm32.14.3.rel1.linux64_1.0.100.202602081740/tools/lib/gcc/arm-none-eabi/14.3.1/include/arm_mve.h ****   __builtin_mve_vstrbq_p_uv8hi ((__builtin_neon_qi *) __addr, __value, __p);
1370:/opt/st/stm32cubeide_2.1.1/plugins/com.st.stm32cube.ide.mcu.externaltools.gnu-tools-for-stm32.14.3.rel1.linux64_1.0.100.202602081740/tools/lib/gcc/arm-none-eabi/14.3.1/include/arm_mve.h **** }
1371:/opt/st/stm32cubeide_2.1.1/plugins/com.st.stm32cube.ide.mcu.externaltools.gnu-tools-for-stm32.14.3.rel1.linux64_1.0.100.202602081740/tools/lib/gcc/arm-none-eabi/14.3.1/include/arm_mve.h **** 
1372:/opt/st/stm32cubeide_2.1.1/plugins/com.st.stm32cube.ide.mcu.externaltools.gnu-tools-for-stm32.14.3.rel1.linux64_1.0.100.202602081740/tools/lib/gcc/arm-none-eabi/14.3.1/include/arm_mve.h **** __extension__ extern __inline void
1373:/opt/st/stm32cubeide_2.1.1/plugins/com.st.stm32cube.ide.mcu.externaltools.gnu-tools-for-stm32.14.3.rel1.linux64_1.0.100.202602081740/tools/lib/gcc/arm-none-eabi/14.3.1/include/arm_mve.h **** __attribute__ ((__always_inline__, __gnu_inline__, __artificial__))
1374:/opt/st/stm32cubeide_2.1.1/plugins/com.st.stm32cube.ide.mcu.externaltools.gnu-tools-for-stm32.14.3.rel1.linux64_1.0.100.202602081740/tools/lib/gcc/arm-none-eabi/14.3.1/include/arm_mve.h **** __arm_vstrbq_scatter_offset_p_s8 (int8_t * __base, uint8x16_t __offset, int8x16_t __value, mve_pred
1375:/opt/st/stm32cubeide_2.1.1/plugins/com.st.stm32cube.ide.mcu.externaltools.gnu-tools-for-stm32.14.3.rel1.linux64_1.0.100.202602081740/tools/lib/gcc/arm-none-eabi/14.3.1/include/arm_mve.h **** {
1376:/opt/st/stm32cubeide_2.1.1/plugins/com.st.stm32cube.ide.mcu.externaltools.gnu-tools-for-stm32.14.3.rel1.linux64_1.0.100.202602081740/tools/lib/gcc/arm-none-eabi/14.3.1/include/arm_mve.h ****   __builtin_mve_vstrbq_scatter_offset_p_sv16qi ((__builtin_neon_qi *) __base, __offset, __value, __
1377:/opt/st/stm32cubeide_2.1.1/plugins/com.st.stm32cube.ide.mcu.externaltools.gnu-tools-for-stm32.14.3.rel1.linux64_1.0.100.202602081740/tools/lib/gcc/arm-none-eabi/14.3.1/include/arm_mve.h **** }
1378:/opt/st/stm32cubeide_2.1.1/plugins/com.st.stm32cube.ide.mcu.externaltools.gnu-tools-for-stm32.14.3.rel1.linux64_1.0.100.202602081740/tools/lib/gcc/arm-none-eabi/14.3.1/include/arm_mve.h **** 
1379:/opt/st/stm32cubeide_2.1.1/plugins/com.st.stm32cube.ide.mcu.externaltools.gnu-tools-for-stm32.14.3.rel1.linux64_1.0.100.202602081740/tools/lib/gcc/arm-none-eabi/14.3.1/include/arm_mve.h **** __extension__ extern __inline void
1380:/opt/st/stm32cubeide_2.1.1/plugins/com.st.stm32cube.ide.mcu.externaltools.gnu-tools-for-stm32.14.3.rel1.linux64_1.0.100.202602081740/tools/lib/gcc/arm-none-eabi/14.3.1/include/arm_mve.h **** __attribute__ ((__always_inline__, __gnu_inline__, __artificial__))
1381:/opt/st/stm32cubeide_2.1.1/plugins/com.st.stm32cube.ide.mcu.externaltools.gnu-tools-for-stm32.14.3.rel1.linux64_1.0.100.202602081740/tools/lib/gcc/arm-none-eabi/14.3.1/include/arm_mve.h **** __arm_vstrbq_scatter_offset_p_s32 (int8_t * __base, uint32x4_t __offset, int32x4_t __value, mve_pre
1382:/opt/st/stm32cubeide_2.1.1/plugins/com.st.stm32cube.ide.mcu.externaltools.gnu-tools-for-stm32.14.3.rel1.linux64_1.0.100.202602081740/tools/lib/gcc/arm-none-eabi/14.3.1/include/arm_mve.h **** {
1383:/opt/st/stm32cubeide_2.1.1/plugins/com.st.stm32cube.ide.mcu.externaltools.gnu-tools-for-stm32.14.3.rel1.linux64_1.0.100.202602081740/tools/lib/gcc/arm-none-eabi/14.3.1/include/arm_mve.h ****   __builtin_mve_vstrbq_scatter_offset_p_sv4si ((__builtin_neon_qi *) __base, __offset, __value, __p
1384:/opt/st/stm32cubeide_2.1.1/plugins/com.st.stm32cube.ide.mcu.externaltools.gnu-tools-for-stm32.14.3.rel1.linux64_1.0.100.202602081740/tools/lib/gcc/arm-none-eabi/14.3.1/include/arm_mve.h **** }
1385:/opt/st/stm32cubeide_2.1.1/plugins/com.st.stm32cube.ide.mcu.externaltools.gnu-tools-for-stm32.14.3.rel1.linux64_1.0.100.202602081740/tools/lib/gcc/arm-none-eabi/14.3.1/include/arm_mve.h **** 
1386:/opt/st/stm32cubeide_2.1.1/plugins/com.st.stm32cube.ide.mcu.externaltools.gnu-tools-for-stm32.14.3.rel1.linux64_1.0.100.202602081740/tools/lib/gcc/arm-none-eabi/14.3.1/include/arm_mve.h **** __extension__ extern __inline void
1387:/opt/st/stm32cubeide_2.1.1/plugins/com.st.stm32cube.ide.mcu.externaltools.gnu-tools-for-stm32.14.3.rel1.linux64_1.0.100.202602081740/tools/lib/gcc/arm-none-eabi/14.3.1/include/arm_mve.h **** __attribute__ ((__always_inline__, __gnu_inline__, __artificial__))
1388:/opt/st/stm32cubeide_2.1.1/plugins/com.st.stm32cube.ide.mcu.externaltools.gnu-tools-for-stm32.14.3.rel1.linux64_1.0.100.202602081740/tools/lib/gcc/arm-none-eabi/14.3.1/include/arm_mve.h **** __arm_vstrbq_scatter_offset_p_s16 (int8_t * __base, uint16x8_t __offset, int16x8_t __value, mve_pre
1389:/opt/st/stm32cubeide_2.1.1/plugins/com.st.stm32cube.ide.mcu.externaltools.gnu-tools-for-stm32.14.3.rel1.linux64_1.0.100.202602081740/tools/lib/gcc/arm-none-eabi/14.3.1/include/arm_mve.h **** {
1390:/opt/st/stm32cubeide_2.1.1/plugins/com.st.stm32cube.ide.mcu.externaltools.gnu-tools-for-stm32.14.3.rel1.linux64_1.0.100.202602081740/tools/lib/gcc/arm-none-eabi/14.3.1/include/arm_mve.h ****   __builtin_mve_vstrbq_scatter_offset_p_sv8hi ((__builtin_neon_qi *) __base, __offset, __value, __p
1391:/opt/st/stm32cubeide_2.1.1/plugins/com.st.stm32cube.ide.mcu.externaltools.gnu-tools-for-stm32.14.3.rel1.linux64_1.0.100.202602081740/tools/lib/gcc/arm-none-eabi/14.3.1/include/arm_mve.h **** }
1392:/opt/st/stm32cubeide_2.1.1/plugins/com.st.stm32cube.ide.mcu.externaltools.gnu-tools-for-stm32.14.3.rel1.linux64_1.0.100.202602081740/tools/lib/gcc/arm-none-eabi/14.3.1/include/arm_mve.h **** 
1393:/opt/st/stm32cubeide_2.1.1/plugins/com.st.stm32cube.ide.mcu.externaltools.gnu-tools-for-stm32.14.3.rel1.linux64_1.0.100.202602081740/tools/lib/gcc/arm-none-eabi/14.3.1/include/arm_mve.h **** __extension__ extern __inline void
1394:/opt/st/stm32cubeide_2.1.1/plugins/com.st.stm32cube.ide.mcu.externaltools.gnu-tools-for-stm32.14.3.rel1.linux64_1.0.100.202602081740/tools/lib/gcc/arm-none-eabi/14.3.1/include/arm_mve.h **** __attribute__ ((__always_inline__, __gnu_inline__, __artificial__))
1395:/opt/st/stm32cubeide_2.1.1/plugins/com.st.stm32cube.ide.mcu.externaltools.gnu-tools-for-stm32.14.3.rel1.linux64_1.0.100.202602081740/tools/lib/gcc/arm-none-eabi/14.3.1/include/arm_mve.h **** __arm_vstrbq_scatter_offset_p_u8 (uint8_t * __base, uint8x16_t __offset, uint8x16_t __value, mve_pr
1396:/opt/st/stm32cubeide_2.1.1/plugins/com.st.stm32cube.ide.mcu.externaltools.gnu-tools-for-stm32.14.3.rel1.linux64_1.0.100.202602081740/tools/lib/gcc/arm-none-eabi/14.3.1/include/arm_mve.h **** {
1397:/opt/st/stm32cubeide_2.1.1/plugins/com.st.stm32cube.ide.mcu.externaltools.gnu-tools-for-stm32.14.3.rel1.linux64_1.0.100.202602081740/tools/lib/gcc/arm-none-eabi/14.3.1/include/arm_mve.h ****   __builtin_mve_vstrbq_scatter_offset_p_uv16qi ((__builtin_neon_qi *) __base, __offset, __value, __
1398:/opt/st/stm32cubeide_2.1.1/plugins/com.st.stm32cube.ide.mcu.externaltools.gnu-tools-for-stm32.14.3.rel1.linux64_1.0.100.202602081740/tools/lib/gcc/arm-none-eabi/14.3.1/include/arm_mve.h **** }
1399:/opt/st/stm32cubeide_2.1.1/plugins/com.st.stm32cube.ide.mcu.externaltools.gnu-tools-for-stm32.14.3.rel1.linux64_1.0.100.202602081740/tools/lib/gcc/arm-none-eabi/14.3.1/include/arm_mve.h **** 
1400:/opt/st/stm32cubeide_2.1.1/plugins/com.st.stm32cube.ide.mcu.externaltools.gnu-tools-for-stm32.14.3.rel1.linux64_1.0.100.202602081740/tools/lib/gcc/arm-none-eabi/14.3.1/include/arm_mve.h **** __extension__ extern __inline void
1401:/opt/st/stm32cubeide_2.1.1/plugins/com.st.stm32cube.ide.mcu.externaltools.gnu-tools-for-stm32.14.3.rel1.linux64_1.0.100.202602081740/tools/lib/gcc/arm-none-eabi/14.3.1/include/arm_mve.h **** __attribute__ ((__always_inline__, __gnu_inline__, __artificial__))
1402:/opt/st/stm32cubeide_2.1.1/plugins/com.st.stm32cube.ide.mcu.externaltools.gnu-tools-for-stm32.14.3.rel1.linux64_1.0.100.202602081740/tools/lib/gcc/arm-none-eabi/14.3.1/include/arm_mve.h **** __arm_vstrbq_scatter_offset_p_u32 (uint8_t * __base, uint32x4_t __offset, uint32x4_t __value, mve_p
1403:/opt/st/stm32cubeide_2.1.1/plugins/com.st.stm32cube.ide.mcu.externaltools.gnu-tools-for-stm32.14.3.rel1.linux64_1.0.100.202602081740/tools/lib/gcc/arm-none-eabi/14.3.1/include/arm_mve.h **** {
1404:/opt/st/stm32cubeide_2.1.1/plugins/com.st.stm32cube.ide.mcu.externaltools.gnu-tools-for-stm32.14.3.rel1.linux64_1.0.100.202602081740/tools/lib/gcc/arm-none-eabi/14.3.1/include/arm_mve.h ****   __builtin_mve_vstrbq_scatter_offset_p_uv4si ((__builtin_neon_qi *) __base, __offset, __value, __p
1405:/opt/st/stm32cubeide_2.1.1/plugins/com.st.stm32cube.ide.mcu.externaltools.gnu-tools-for-stm32.14.3.rel1.linux64_1.0.100.202602081740/tools/lib/gcc/arm-none-eabi/14.3.1/include/arm_mve.h **** }
1406:/opt/st/stm32cubeide_2.1.1/plugins/com.st.stm32cube.ide.mcu.externaltools.gnu-tools-for-stm32.14.3.rel1.linux64_1.0.100.202602081740/tools/lib/gcc/arm-none-eabi/14.3.1/include/arm_mve.h **** 
1407:/opt/st/stm32cubeide_2.1.1/plugins/com.st.stm32cube.ide.mcu.externaltools.gnu-tools-for-stm32.14.3.rel1.linux64_1.0.100.202602081740/tools/lib/gcc/arm-none-eabi/14.3.1/include/arm_mve.h **** __extension__ extern __inline void
1408:/opt/st/stm32cubeide_2.1.1/plugins/com.st.stm32cube.ide.mcu.externaltools.gnu-tools-for-stm32.14.3.rel1.linux64_1.0.100.202602081740/tools/lib/gcc/arm-none-eabi/14.3.1/include/arm_mve.h **** __attribute__ ((__always_inline__, __gnu_inline__, __artificial__))
1409:/opt/st/stm32cubeide_2.1.1/plugins/com.st.stm32cube.ide.mcu.externaltools.gnu-tools-for-stm32.14.3.rel1.linux64_1.0.100.202602081740/tools/lib/gcc/arm-none-eabi/14.3.1/include/arm_mve.h **** __arm_vstrbq_scatter_offset_p_u16 (uint8_t * __base, uint16x8_t __offset, uint16x8_t __value, mve_p
1410:/opt/st/stm32cubeide_2.1.1/plugins/com.st.stm32cube.ide.mcu.externaltools.gnu-tools-for-stm32.14.3.rel1.linux64_1.0.100.202602081740/tools/lib/gcc/arm-none-eabi/14.3.1/include/arm_mve.h **** {
1411:/opt/st/stm32cubeide_2.1.1/plugins/com.st.stm32cube.ide.mcu.externaltools.gnu-tools-for-stm32.14.3.rel1.linux64_1.0.100.202602081740/tools/lib/gcc/arm-none-eabi/14.3.1/include/arm_mve.h ****   __builtin_mve_vstrbq_scatter_offset_p_uv8hi ((__builtin_neon_qi *) __base, __offset, __value, __p
1412:/opt/st/stm32cubeide_2.1.1/plugins/com.st.stm32cube.ide.mcu.externaltools.gnu-tools-for-stm32.14.3.rel1.linux64_1.0.100.202602081740/tools/lib/gcc/arm-none-eabi/14.3.1/include/arm_mve.h **** }
1413:/opt/st/stm32cubeide_2.1.1/plugins/com.st.stm32cube.ide.mcu.externaltools.gnu-tools-for-stm32.14.3.rel1.linux64_1.0.100.202602081740/tools/lib/gcc/arm-none-eabi/14.3.1/include/arm_mve.h **** 
1414:/opt/st/stm32cubeide_2.1.1/plugins/com.st.stm32cube.ide.mcu.externaltools.gnu-tools-for-stm32.14.3.rel1.linux64_1.0.100.202602081740/tools/lib/gcc/arm-none-eabi/14.3.1/include/arm_mve.h **** __extension__ extern __inline void
1415:/opt/st/stm32cubeide_2.1.1/plugins/com.st.stm32cube.ide.mcu.externaltools.gnu-tools-for-stm32.14.3.rel1.linux64_1.0.100.202602081740/tools/lib/gcc/arm-none-eabi/14.3.1/include/arm_mve.h **** __attribute__ ((__always_inline__, __gnu_inline__, __artificial__))
1416:/opt/st/stm32cubeide_2.1.1/plugins/com.st.stm32cube.ide.mcu.externaltools.gnu-tools-for-stm32.14.3.rel1.linux64_1.0.100.202602081740/tools/lib/gcc/arm-none-eabi/14.3.1/include/arm_mve.h **** __arm_vstrwq_scatter_base_p_s32 (uint32x4_t __addr, const int __offset, int32x4_t __value, mve_pred
1417:/opt/st/stm32cubeide_2.1.1/plugins/com.st.stm32cube.ide.mcu.externaltools.gnu-tools-for-stm32.14.3.rel1.linux64_1.0.100.202602081740/tools/lib/gcc/arm-none-eabi/14.3.1/include/arm_mve.h **** {
1418:/opt/st/stm32cubeide_2.1.1/plugins/com.st.stm32cube.ide.mcu.externaltools.gnu-tools-for-stm32.14.3.rel1.linux64_1.0.100.202602081740/tools/lib/gcc/arm-none-eabi/14.3.1/include/arm_mve.h ****   __builtin_mve_vstrwq_scatter_base_p_sv4si (__addr, __offset, __value, __p);
1419:/opt/st/stm32cubeide_2.1.1/plugins/com.st.stm32cube.ide.mcu.externaltools.gnu-tools-for-stm32.14.3.rel1.linux64_1.0.100.202602081740/tools/lib/gcc/arm-none-eabi/14.3.1/include/arm_mve.h **** }
1420:/opt/st/stm32cubeide_2.1.1/plugins/com.st.stm32cube.ide.mcu.externaltools.gnu-tools-for-stm32.14.3.rel1.linux64_1.0.100.202602081740/tools/lib/gcc/arm-none-eabi/14.3.1/include/arm_mve.h **** 
ARM GAS  /tmp/ccS31Hxi.s 			page 29


1421:/opt/st/stm32cubeide_2.1.1/plugins/com.st.stm32cube.ide.mcu.externaltools.gnu-tools-for-stm32.14.3.rel1.linux64_1.0.100.202602081740/tools/lib/gcc/arm-none-eabi/14.3.1/include/arm_mve.h **** __extension__ extern __inline void
1422:/opt/st/stm32cubeide_2.1.1/plugins/com.st.stm32cube.ide.mcu.externaltools.gnu-tools-for-stm32.14.3.rel1.linux64_1.0.100.202602081740/tools/lib/gcc/arm-none-eabi/14.3.1/include/arm_mve.h **** __attribute__ ((__always_inline__, __gnu_inline__, __artificial__))
1423:/opt/st/stm32cubeide_2.1.1/plugins/com.st.stm32cube.ide.mcu.externaltools.gnu-tools-for-stm32.14.3.rel1.linux64_1.0.100.202602081740/tools/lib/gcc/arm-none-eabi/14.3.1/include/arm_mve.h **** __arm_vstrwq_scatter_base_p_u32 (uint32x4_t __addr, const int __offset, uint32x4_t __value, mve_pre
1424:/opt/st/stm32cubeide_2.1.1/plugins/com.st.stm32cube.ide.mcu.externaltools.gnu-tools-for-stm32.14.3.rel1.linux64_1.0.100.202602081740/tools/lib/gcc/arm-none-eabi/14.3.1/include/arm_mve.h **** {
1425:/opt/st/stm32cubeide_2.1.1/plugins/com.st.stm32cube.ide.mcu.externaltools.gnu-tools-for-stm32.14.3.rel1.linux64_1.0.100.202602081740/tools/lib/gcc/arm-none-eabi/14.3.1/include/arm_mve.h ****   __builtin_mve_vstrwq_scatter_base_p_uv4si (__addr, __offset, __value, __p);
1426:/opt/st/stm32cubeide_2.1.1/plugins/com.st.stm32cube.ide.mcu.externaltools.gnu-tools-for-stm32.14.3.rel1.linux64_1.0.100.202602081740/tools/lib/gcc/arm-none-eabi/14.3.1/include/arm_mve.h **** }
1427:/opt/st/stm32cubeide_2.1.1/plugins/com.st.stm32cube.ide.mcu.externaltools.gnu-tools-for-stm32.14.3.rel1.linux64_1.0.100.202602081740/tools/lib/gcc/arm-none-eabi/14.3.1/include/arm_mve.h **** 
1428:/opt/st/stm32cubeide_2.1.1/plugins/com.st.stm32cube.ide.mcu.externaltools.gnu-tools-for-stm32.14.3.rel1.linux64_1.0.100.202602081740/tools/lib/gcc/arm-none-eabi/14.3.1/include/arm_mve.h **** __extension__ extern __inline int8x16_t
1429:/opt/st/stm32cubeide_2.1.1/plugins/com.st.stm32cube.ide.mcu.externaltools.gnu-tools-for-stm32.14.3.rel1.linux64_1.0.100.202602081740/tools/lib/gcc/arm-none-eabi/14.3.1/include/arm_mve.h **** __attribute__ ((__always_inline__, __gnu_inline__, __artificial__))
1430:/opt/st/stm32cubeide_2.1.1/plugins/com.st.stm32cube.ide.mcu.externaltools.gnu-tools-for-stm32.14.3.rel1.linux64_1.0.100.202602081740/tools/lib/gcc/arm-none-eabi/14.3.1/include/arm_mve.h **** __arm_vldrbq_gather_offset_z_s8 (int8_t const * __base, uint8x16_t __offset, mve_pred16_t __p)
1431:/opt/st/stm32cubeide_2.1.1/plugins/com.st.stm32cube.ide.mcu.externaltools.gnu-tools-for-stm32.14.3.rel1.linux64_1.0.100.202602081740/tools/lib/gcc/arm-none-eabi/14.3.1/include/arm_mve.h **** {
1432:/opt/st/stm32cubeide_2.1.1/plugins/com.st.stm32cube.ide.mcu.externaltools.gnu-tools-for-stm32.14.3.rel1.linux64_1.0.100.202602081740/tools/lib/gcc/arm-none-eabi/14.3.1/include/arm_mve.h ****   return __builtin_mve_vldrbq_gather_offset_z_sv16qi ((__builtin_neon_qi *) __base, __offset, __p);
1433:/opt/st/stm32cubeide_2.1.1/plugins/com.st.stm32cube.ide.mcu.externaltools.gnu-tools-for-stm32.14.3.rel1.linux64_1.0.100.202602081740/tools/lib/gcc/arm-none-eabi/14.3.1/include/arm_mve.h **** }
1434:/opt/st/stm32cubeide_2.1.1/plugins/com.st.stm32cube.ide.mcu.externaltools.gnu-tools-for-stm32.14.3.rel1.linux64_1.0.100.202602081740/tools/lib/gcc/arm-none-eabi/14.3.1/include/arm_mve.h **** 
1435:/opt/st/stm32cubeide_2.1.1/plugins/com.st.stm32cube.ide.mcu.externaltools.gnu-tools-for-stm32.14.3.rel1.linux64_1.0.100.202602081740/tools/lib/gcc/arm-none-eabi/14.3.1/include/arm_mve.h **** __extension__ extern __inline int32x4_t
1436:/opt/st/stm32cubeide_2.1.1/plugins/com.st.stm32cube.ide.mcu.externaltools.gnu-tools-for-stm32.14.3.rel1.linux64_1.0.100.202602081740/tools/lib/gcc/arm-none-eabi/14.3.1/include/arm_mve.h **** __attribute__ ((__always_inline__, __gnu_inline__, __artificial__))
1437:/opt/st/stm32cubeide_2.1.1/plugins/com.st.stm32cube.ide.mcu.externaltools.gnu-tools-for-stm32.14.3.rel1.linux64_1.0.100.202602081740/tools/lib/gcc/arm-none-eabi/14.3.1/include/arm_mve.h **** __arm_vldrbq_gather_offset_z_s32 (int8_t const * __base, uint32x4_t __offset, mve_pred16_t __p)
1438:/opt/st/stm32cubeide_2.1.1/plugins/com.st.stm32cube.ide.mcu.externaltools.gnu-tools-for-stm32.14.3.rel1.linux64_1.0.100.202602081740/tools/lib/gcc/arm-none-eabi/14.3.1/include/arm_mve.h **** {
1439:/opt/st/stm32cubeide_2.1.1/plugins/com.st.stm32cube.ide.mcu.externaltools.gnu-tools-for-stm32.14.3.rel1.linux64_1.0.100.202602081740/tools/lib/gcc/arm-none-eabi/14.3.1/include/arm_mve.h ****   return __builtin_mve_vldrbq_gather_offset_z_sv4si ((__builtin_neon_qi *) __base, __offset, __p);
1440:/opt/st/stm32cubeide_2.1.1/plugins/com.st.stm32cube.ide.mcu.externaltools.gnu-tools-for-stm32.14.3.rel1.linux64_1.0.100.202602081740/tools/lib/gcc/arm-none-eabi/14.3.1/include/arm_mve.h **** }
1441:/opt/st/stm32cubeide_2.1.1/plugins/com.st.stm32cube.ide.mcu.externaltools.gnu-tools-for-stm32.14.3.rel1.linux64_1.0.100.202602081740/tools/lib/gcc/arm-none-eabi/14.3.1/include/arm_mve.h **** 
1442:/opt/st/stm32cubeide_2.1.1/plugins/com.st.stm32cube.ide.mcu.externaltools.gnu-tools-for-stm32.14.3.rel1.linux64_1.0.100.202602081740/tools/lib/gcc/arm-none-eabi/14.3.1/include/arm_mve.h **** __extension__ extern __inline int16x8_t
1443:/opt/st/stm32cubeide_2.1.1/plugins/com.st.stm32cube.ide.mcu.externaltools.gnu-tools-for-stm32.14.3.rel1.linux64_1.0.100.202602081740/tools/lib/gcc/arm-none-eabi/14.3.1/include/arm_mve.h **** __attribute__ ((__always_inline__, __gnu_inline__, __artificial__))
1444:/opt/st/stm32cubeide_2.1.1/plugins/com.st.stm32cube.ide.mcu.externaltools.gnu-tools-for-stm32.14.3.rel1.linux64_1.0.100.202602081740/tools/lib/gcc/arm-none-eabi/14.3.1/include/arm_mve.h **** __arm_vldrbq_gather_offset_z_s16 (int8_t const * __base, uint16x8_t __offset, mve_pred16_t __p)
1445:/opt/st/stm32cubeide_2.1.1/plugins/com.st.stm32cube.ide.mcu.externaltools.gnu-tools-for-stm32.14.3.rel1.linux64_1.0.100.202602081740/tools/lib/gcc/arm-none-eabi/14.3.1/include/arm_mve.h **** {
1446:/opt/st/stm32cubeide_2.1.1/plugins/com.st.stm32cube.ide.mcu.externaltools.gnu-tools-for-stm32.14.3.rel1.linux64_1.0.100.202602081740/tools/lib/gcc/arm-none-eabi/14.3.1/include/arm_mve.h ****   return __builtin_mve_vldrbq_gather_offset_z_sv8hi ((__builtin_neon_qi *) __base, __offset, __p);
1447:/opt/st/stm32cubeide_2.1.1/plugins/com.st.stm32cube.ide.mcu.externaltools.gnu-tools-for-stm32.14.3.rel1.linux64_1.0.100.202602081740/tools/lib/gcc/arm-none-eabi/14.3.1/include/arm_mve.h **** }
1448:/opt/st/stm32cubeide_2.1.1/plugins/com.st.stm32cube.ide.mcu.externaltools.gnu-tools-for-stm32.14.3.rel1.linux64_1.0.100.202602081740/tools/lib/gcc/arm-none-eabi/14.3.1/include/arm_mve.h **** 
1449:/opt/st/stm32cubeide_2.1.1/plugins/com.st.stm32cube.ide.mcu.externaltools.gnu-tools-for-stm32.14.3.rel1.linux64_1.0.100.202602081740/tools/lib/gcc/arm-none-eabi/14.3.1/include/arm_mve.h **** __extension__ extern __inline uint8x16_t
1450:/opt/st/stm32cubeide_2.1.1/plugins/com.st.stm32cube.ide.mcu.externaltools.gnu-tools-for-stm32.14.3.rel1.linux64_1.0.100.202602081740/tools/lib/gcc/arm-none-eabi/14.3.1/include/arm_mve.h **** __attribute__ ((__always_inline__, __gnu_inline__, __artificial__))
1451:/opt/st/stm32cubeide_2.1.1/plugins/com.st.stm32cube.ide.mcu.externaltools.gnu-tools-for-stm32.14.3.rel1.linux64_1.0.100.202602081740/tools/lib/gcc/arm-none-eabi/14.3.1/include/arm_mve.h **** __arm_vldrbq_gather_offset_z_u8 (uint8_t const * __base, uint8x16_t __offset, mve_pred16_t __p)
1452:/opt/st/stm32cubeide_2.1.1/plugins/com.st.stm32cube.ide.mcu.externaltools.gnu-tools-for-stm32.14.3.rel1.linux64_1.0.100.202602081740/tools/lib/gcc/arm-none-eabi/14.3.1/include/arm_mve.h **** {
1453:/opt/st/stm32cubeide_2.1.1/plugins/com.st.stm32cube.ide.mcu.externaltools.gnu-tools-for-stm32.14.3.rel1.linux64_1.0.100.202602081740/tools/lib/gcc/arm-none-eabi/14.3.1/include/arm_mve.h ****   return __builtin_mve_vldrbq_gather_offset_z_uv16qi ((__builtin_neon_qi *) __base, __offset, __p);
1454:/opt/st/stm32cubeide_2.1.1/plugins/com.st.stm32cube.ide.mcu.externaltools.gnu-tools-for-stm32.14.3.rel1.linux64_1.0.100.202602081740/tools/lib/gcc/arm-none-eabi/14.3.1/include/arm_mve.h **** }
1455:/opt/st/stm32cubeide_2.1.1/plugins/com.st.stm32cube.ide.mcu.externaltools.gnu-tools-for-stm32.14.3.rel1.linux64_1.0.100.202602081740/tools/lib/gcc/arm-none-eabi/14.3.1/include/arm_mve.h **** 
1456:/opt/st/stm32cubeide_2.1.1/plugins/com.st.stm32cube.ide.mcu.externaltools.gnu-tools-for-stm32.14.3.rel1.linux64_1.0.100.202602081740/tools/lib/gcc/arm-none-eabi/14.3.1/include/arm_mve.h **** __extension__ extern __inline uint32x4_t
1457:/opt/st/stm32cubeide_2.1.1/plugins/com.st.stm32cube.ide.mcu.externaltools.gnu-tools-for-stm32.14.3.rel1.linux64_1.0.100.202602081740/tools/lib/gcc/arm-none-eabi/14.3.1/include/arm_mve.h **** __attribute__ ((__always_inline__, __gnu_inline__, __artificial__))
1458:/opt/st/stm32cubeide_2.1.1/plugins/com.st.stm32cube.ide.mcu.externaltools.gnu-tools-for-stm32.14.3.rel1.linux64_1.0.100.202602081740/tools/lib/gcc/arm-none-eabi/14.3.1/include/arm_mve.h **** __arm_vldrbq_gather_offset_z_u32 (uint8_t const * __base, uint32x4_t __offset, mve_pred16_t __p)
1459:/opt/st/stm32cubeide_2.1.1/plugins/com.st.stm32cube.ide.mcu.externaltools.gnu-tools-for-stm32.14.3.rel1.linux64_1.0.100.202602081740/tools/lib/gcc/arm-none-eabi/14.3.1/include/arm_mve.h **** {
1460:/opt/st/stm32cubeide_2.1.1/plugins/com.st.stm32cube.ide.mcu.externaltools.gnu-tools-for-stm32.14.3.rel1.linux64_1.0.100.202602081740/tools/lib/gcc/arm-none-eabi/14.3.1/include/arm_mve.h ****   return __builtin_mve_vldrbq_gather_offset_z_uv4si ((__builtin_neon_qi *) __base, __offset, __p);
1461:/opt/st/stm32cubeide_2.1.1/plugins/com.st.stm32cube.ide.mcu.externaltools.gnu-tools-for-stm32.14.3.rel1.linux64_1.0.100.202602081740/tools/lib/gcc/arm-none-eabi/14.3.1/include/arm_mve.h **** }
1462:/opt/st/stm32cubeide_2.1.1/plugins/com.st.stm32cube.ide.mcu.externaltools.gnu-tools-for-stm32.14.3.rel1.linux64_1.0.100.202602081740/tools/lib/gcc/arm-none-eabi/14.3.1/include/arm_mve.h **** 
1463:/opt/st/stm32cubeide_2.1.1/plugins/com.st.stm32cube.ide.mcu.externaltools.gnu-tools-for-stm32.14.3.rel1.linux64_1.0.100.202602081740/tools/lib/gcc/arm-none-eabi/14.3.1/include/arm_mve.h **** __extension__ extern __inline uint16x8_t
1464:/opt/st/stm32cubeide_2.1.1/plugins/com.st.stm32cube.ide.mcu.externaltools.gnu-tools-for-stm32.14.3.rel1.linux64_1.0.100.202602081740/tools/lib/gcc/arm-none-eabi/14.3.1/include/arm_mve.h **** __attribute__ ((__always_inline__, __gnu_inline__, __artificial__))
1465:/opt/st/stm32cubeide_2.1.1/plugins/com.st.stm32cube.ide.mcu.externaltools.gnu-tools-for-stm32.14.3.rel1.linux64_1.0.100.202602081740/tools/lib/gcc/arm-none-eabi/14.3.1/include/arm_mve.h **** __arm_vldrbq_gather_offset_z_u16 (uint8_t const * __base, uint16x8_t __offset, mve_pred16_t __p)
1466:/opt/st/stm32cubeide_2.1.1/plugins/com.st.stm32cube.ide.mcu.externaltools.gnu-tools-for-stm32.14.3.rel1.linux64_1.0.100.202602081740/tools/lib/gcc/arm-none-eabi/14.3.1/include/arm_mve.h **** {
1467:/opt/st/stm32cubeide_2.1.1/plugins/com.st.stm32cube.ide.mcu.externaltools.gnu-tools-for-stm32.14.3.rel1.linux64_1.0.100.202602081740/tools/lib/gcc/arm-none-eabi/14.3.1/include/arm_mve.h ****   return __builtin_mve_vldrbq_gather_offset_z_uv8hi ((__builtin_neon_qi *) __base, __offset, __p);
1468:/opt/st/stm32cubeide_2.1.1/plugins/com.st.stm32cube.ide.mcu.externaltools.gnu-tools-for-stm32.14.3.rel1.linux64_1.0.100.202602081740/tools/lib/gcc/arm-none-eabi/14.3.1/include/arm_mve.h **** }
1469:/opt/st/stm32cubeide_2.1.1/plugins/com.st.stm32cube.ide.mcu.externaltools.gnu-tools-for-stm32.14.3.rel1.linux64_1.0.100.202602081740/tools/lib/gcc/arm-none-eabi/14.3.1/include/arm_mve.h **** 
1470:/opt/st/stm32cubeide_2.1.1/plugins/com.st.stm32cube.ide.mcu.externaltools.gnu-tools-for-stm32.14.3.rel1.linux64_1.0.100.202602081740/tools/lib/gcc/arm-none-eabi/14.3.1/include/arm_mve.h **** __extension__ extern __inline int8x16_t
1471:/opt/st/stm32cubeide_2.1.1/plugins/com.st.stm32cube.ide.mcu.externaltools.gnu-tools-for-stm32.14.3.rel1.linux64_1.0.100.202602081740/tools/lib/gcc/arm-none-eabi/14.3.1/include/arm_mve.h **** __attribute__ ((__always_inline__, __gnu_inline__, __artificial__))
1472:/opt/st/stm32cubeide_2.1.1/plugins/com.st.stm32cube.ide.mcu.externaltools.gnu-tools-for-stm32.14.3.rel1.linux64_1.0.100.202602081740/tools/lib/gcc/arm-none-eabi/14.3.1/include/arm_mve.h **** __arm_vldrbq_z_s8 (int8_t const * __base, mve_pred16_t __p)
1473:/opt/st/stm32cubeide_2.1.1/plugins/com.st.stm32cube.ide.mcu.externaltools.gnu-tools-for-stm32.14.3.rel1.linux64_1.0.100.202602081740/tools/lib/gcc/arm-none-eabi/14.3.1/include/arm_mve.h **** {
1474:/opt/st/stm32cubeide_2.1.1/plugins/com.st.stm32cube.ide.mcu.externaltools.gnu-tools-for-stm32.14.3.rel1.linux64_1.0.100.202602081740/tools/lib/gcc/arm-none-eabi/14.3.1/include/arm_mve.h ****   return __builtin_mve_vldrbq_z_sv16qi ((__builtin_neon_qi *) __base, __p);
1475:/opt/st/stm32cubeide_2.1.1/plugins/com.st.stm32cube.ide.mcu.externaltools.gnu-tools-for-stm32.14.3.rel1.linux64_1.0.100.202602081740/tools/lib/gcc/arm-none-eabi/14.3.1/include/arm_mve.h **** }
1476:/opt/st/stm32cubeide_2.1.1/plugins/com.st.stm32cube.ide.mcu.externaltools.gnu-tools-for-stm32.14.3.rel1.linux64_1.0.100.202602081740/tools/lib/gcc/arm-none-eabi/14.3.1/include/arm_mve.h **** 
1477:/opt/st/stm32cubeide_2.1.1/plugins/com.st.stm32cube.ide.mcu.externaltools.gnu-tools-for-stm32.14.3.rel1.linux64_1.0.100.202602081740/tools/lib/gcc/arm-none-eabi/14.3.1/include/arm_mve.h **** __extension__ extern __inline int32x4_t
ARM GAS  /tmp/ccS31Hxi.s 			page 30


1478:/opt/st/stm32cubeide_2.1.1/plugins/com.st.stm32cube.ide.mcu.externaltools.gnu-tools-for-stm32.14.3.rel1.linux64_1.0.100.202602081740/tools/lib/gcc/arm-none-eabi/14.3.1/include/arm_mve.h **** __attribute__ ((__always_inline__, __gnu_inline__, __artificial__))
1479:/opt/st/stm32cubeide_2.1.1/plugins/com.st.stm32cube.ide.mcu.externaltools.gnu-tools-for-stm32.14.3.rel1.linux64_1.0.100.202602081740/tools/lib/gcc/arm-none-eabi/14.3.1/include/arm_mve.h **** __arm_vldrbq_z_s32 (int8_t const * __base, mve_pred16_t __p)
1480:/opt/st/stm32cubeide_2.1.1/plugins/com.st.stm32cube.ide.mcu.externaltools.gnu-tools-for-stm32.14.3.rel1.linux64_1.0.100.202602081740/tools/lib/gcc/arm-none-eabi/14.3.1/include/arm_mve.h **** {
1481:/opt/st/stm32cubeide_2.1.1/plugins/com.st.stm32cube.ide.mcu.externaltools.gnu-tools-for-stm32.14.3.rel1.linux64_1.0.100.202602081740/tools/lib/gcc/arm-none-eabi/14.3.1/include/arm_mve.h ****   return __builtin_mve_vldrbq_z_sv4si ((__builtin_neon_qi *) __base, __p);
1482:/opt/st/stm32cubeide_2.1.1/plugins/com.st.stm32cube.ide.mcu.externaltools.gnu-tools-for-stm32.14.3.rel1.linux64_1.0.100.202602081740/tools/lib/gcc/arm-none-eabi/14.3.1/include/arm_mve.h **** }
1483:/opt/st/stm32cubeide_2.1.1/plugins/com.st.stm32cube.ide.mcu.externaltools.gnu-tools-for-stm32.14.3.rel1.linux64_1.0.100.202602081740/tools/lib/gcc/arm-none-eabi/14.3.1/include/arm_mve.h **** 
1484:/opt/st/stm32cubeide_2.1.1/plugins/com.st.stm32cube.ide.mcu.externaltools.gnu-tools-for-stm32.14.3.rel1.linux64_1.0.100.202602081740/tools/lib/gcc/arm-none-eabi/14.3.1/include/arm_mve.h **** __extension__ extern __inline int16x8_t
1485:/opt/st/stm32cubeide_2.1.1/plugins/com.st.stm32cube.ide.mcu.externaltools.gnu-tools-for-stm32.14.3.rel1.linux64_1.0.100.202602081740/tools/lib/gcc/arm-none-eabi/14.3.1/include/arm_mve.h **** __attribute__ ((__always_inline__, __gnu_inline__, __artificial__))
1486:/opt/st/stm32cubeide_2.1.1/plugins/com.st.stm32cube.ide.mcu.externaltools.gnu-tools-for-stm32.14.3.rel1.linux64_1.0.100.202602081740/tools/lib/gcc/arm-none-eabi/14.3.1/include/arm_mve.h **** __arm_vldrbq_z_s16 (int8_t const * __base, mve_pred16_t __p)
1487:/opt/st/stm32cubeide_2.1.1/plugins/com.st.stm32cube.ide.mcu.externaltools.gnu-tools-for-stm32.14.3.rel1.linux64_1.0.100.202602081740/tools/lib/gcc/arm-none-eabi/14.3.1/include/arm_mve.h **** {
1488:/opt/st/stm32cubeide_2.1.1/plugins/com.st.stm32cube.ide.mcu.externaltools.gnu-tools-for-stm32.14.3.rel1.linux64_1.0.100.202602081740/tools/lib/gcc/arm-none-eabi/14.3.1/include/arm_mve.h ****   return __builtin_mve_vldrbq_z_sv8hi ((__builtin_neon_qi *) __base, __p);
1489:/opt/st/stm32cubeide_2.1.1/plugins/com.st.stm32cube.ide.mcu.externaltools.gnu-tools-for-stm32.14.3.rel1.linux64_1.0.100.202602081740/tools/lib/gcc/arm-none-eabi/14.3.1/include/arm_mve.h **** }
1490:/opt/st/stm32cubeide_2.1.1/plugins/com.st.stm32cube.ide.mcu.externaltools.gnu-tools-for-stm32.14.3.rel1.linux64_1.0.100.202602081740/tools/lib/gcc/arm-none-eabi/14.3.1/include/arm_mve.h **** 
1491:/opt/st/stm32cubeide_2.1.1/plugins/com.st.stm32cube.ide.mcu.externaltools.gnu-tools-for-stm32.14.3.rel1.linux64_1.0.100.202602081740/tools/lib/gcc/arm-none-eabi/14.3.1/include/arm_mve.h **** __extension__ extern __inline uint8x16_t
1492:/opt/st/stm32cubeide_2.1.1/plugins/com.st.stm32cube.ide.mcu.externaltools.gnu-tools-for-stm32.14.3.rel1.linux64_1.0.100.202602081740/tools/lib/gcc/arm-none-eabi/14.3.1/include/arm_mve.h **** __attribute__ ((__always_inline__, __gnu_inline__, __artificial__))
1493:/opt/st/stm32cubeide_2.1.1/plugins/com.st.stm32cube.ide.mcu.externaltools.gnu-tools-for-stm32.14.3.rel1.linux64_1.0.100.202602081740/tools/lib/gcc/arm-none-eabi/14.3.1/include/arm_mve.h **** __arm_vldrbq_z_u8 (uint8_t const * __base, mve_pred16_t __p)
1494:/opt/st/stm32cubeide_2.1.1/plugins/com.st.stm32cube.ide.mcu.externaltools.gnu-tools-for-stm32.14.3.rel1.linux64_1.0.100.202602081740/tools/lib/gcc/arm-none-eabi/14.3.1/include/arm_mve.h **** {
1495:/opt/st/stm32cubeide_2.1.1/plugins/com.st.stm32cube.ide.mcu.externaltools.gnu-tools-for-stm32.14.3.rel1.linux64_1.0.100.202602081740/tools/lib/gcc/arm-none-eabi/14.3.1/include/arm_mve.h ****   return __builtin_mve_vldrbq_z_uv16qi ((__builtin_neon_qi *) __base, __p);
1496:/opt/st/stm32cubeide_2.1.1/plugins/com.st.stm32cube.ide.mcu.externaltools.gnu-tools-for-stm32.14.3.rel1.linux64_1.0.100.202602081740/tools/lib/gcc/arm-none-eabi/14.3.1/include/arm_mve.h **** }
1497:/opt/st/stm32cubeide_2.1.1/plugins/com.st.stm32cube.ide.mcu.externaltools.gnu-tools-for-stm32.14.3.rel1.linux64_1.0.100.202602081740/tools/lib/gcc/arm-none-eabi/14.3.1/include/arm_mve.h **** 
1498:/opt/st/stm32cubeide_2.1.1/plugins/com.st.stm32cube.ide.mcu.externaltools.gnu-tools-for-stm32.14.3.rel1.linux64_1.0.100.202602081740/tools/lib/gcc/arm-none-eabi/14.3.1/include/arm_mve.h **** __extension__ extern __inline uint32x4_t
1499:/opt/st/stm32cubeide_2.1.1/plugins/com.st.stm32cube.ide.mcu.externaltools.gnu-tools-for-stm32.14.3.rel1.linux64_1.0.100.202602081740/tools/lib/gcc/arm-none-eabi/14.3.1/include/arm_mve.h **** __attribute__ ((__always_inline__, __gnu_inline__, __artificial__))
1500:/opt/st/stm32cubeide_2.1.1/plugins/com.st.stm32cube.ide.mcu.externaltools.gnu-tools-for-stm32.14.3.rel1.linux64_1.0.100.202602081740/tools/lib/gcc/arm-none-eabi/14.3.1/include/arm_mve.h **** __arm_vldrbq_z_u32 (uint8_t const * __base, mve_pred16_t __p)
1501:/opt/st/stm32cubeide_2.1.1/plugins/com.st.stm32cube.ide.mcu.externaltools.gnu-tools-for-stm32.14.3.rel1.linux64_1.0.100.202602081740/tools/lib/gcc/arm-none-eabi/14.3.1/include/arm_mve.h **** {
1502:/opt/st/stm32cubeide_2.1.1/plugins/com.st.stm32cube.ide.mcu.externaltools.gnu-tools-for-stm32.14.3.rel1.linux64_1.0.100.202602081740/tools/lib/gcc/arm-none-eabi/14.3.1/include/arm_mve.h ****   return __builtin_mve_vldrbq_z_uv4si ((__builtin_neon_qi *) __base, __p);
1503:/opt/st/stm32cubeide_2.1.1/plugins/com.st.stm32cube.ide.mcu.externaltools.gnu-tools-for-stm32.14.3.rel1.linux64_1.0.100.202602081740/tools/lib/gcc/arm-none-eabi/14.3.1/include/arm_mve.h **** }
1504:/opt/st/stm32cubeide_2.1.1/plugins/com.st.stm32cube.ide.mcu.externaltools.gnu-tools-for-stm32.14.3.rel1.linux64_1.0.100.202602081740/tools/lib/gcc/arm-none-eabi/14.3.1/include/arm_mve.h **** 
1505:/opt/st/stm32cubeide_2.1.1/plugins/com.st.stm32cube.ide.mcu.externaltools.gnu-tools-for-stm32.14.3.rel1.linux64_1.0.100.202602081740/tools/lib/gcc/arm-none-eabi/14.3.1/include/arm_mve.h **** __extension__ extern __inline uint16x8_t
1506:/opt/st/stm32cubeide_2.1.1/plugins/com.st.stm32cube.ide.mcu.externaltools.gnu-tools-for-stm32.14.3.rel1.linux64_1.0.100.202602081740/tools/lib/gcc/arm-none-eabi/14.3.1/include/arm_mve.h **** __attribute__ ((__always_inline__, __gnu_inline__, __artificial__))
1507:/opt/st/stm32cubeide_2.1.1/plugins/com.st.stm32cube.ide.mcu.externaltools.gnu-tools-for-stm32.14.3.rel1.linux64_1.0.100.202602081740/tools/lib/gcc/arm-none-eabi/14.3.1/include/arm_mve.h **** __arm_vldrbq_z_u16 (uint8_t const * __base, mve_pred16_t __p)
1508:/opt/st/stm32cubeide_2.1.1/plugins/com.st.stm32cube.ide.mcu.externaltools.gnu-tools-for-stm32.14.3.rel1.linux64_1.0.100.202602081740/tools/lib/gcc/arm-none-eabi/14.3.1/include/arm_mve.h **** {
1509:/opt/st/stm32cubeide_2.1.1/plugins/com.st.stm32cube.ide.mcu.externaltools.gnu-tools-for-stm32.14.3.rel1.linux64_1.0.100.202602081740/tools/lib/gcc/arm-none-eabi/14.3.1/include/arm_mve.h ****   return __builtin_mve_vldrbq_z_uv8hi ((__builtin_neon_qi *) __base, __p);
1510:/opt/st/stm32cubeide_2.1.1/plugins/com.st.stm32cube.ide.mcu.externaltools.gnu-tools-for-stm32.14.3.rel1.linux64_1.0.100.202602081740/tools/lib/gcc/arm-none-eabi/14.3.1/include/arm_mve.h **** }
1511:/opt/st/stm32cubeide_2.1.1/plugins/com.st.stm32cube.ide.mcu.externaltools.gnu-tools-for-stm32.14.3.rel1.linux64_1.0.100.202602081740/tools/lib/gcc/arm-none-eabi/14.3.1/include/arm_mve.h **** 
1512:/opt/st/stm32cubeide_2.1.1/plugins/com.st.stm32cube.ide.mcu.externaltools.gnu-tools-for-stm32.14.3.rel1.linux64_1.0.100.202602081740/tools/lib/gcc/arm-none-eabi/14.3.1/include/arm_mve.h **** __extension__ extern __inline int32x4_t
1513:/opt/st/stm32cubeide_2.1.1/plugins/com.st.stm32cube.ide.mcu.externaltools.gnu-tools-for-stm32.14.3.rel1.linux64_1.0.100.202602081740/tools/lib/gcc/arm-none-eabi/14.3.1/include/arm_mve.h **** __attribute__ ((__always_inline__, __gnu_inline__, __artificial__))
1514:/opt/st/stm32cubeide_2.1.1/plugins/com.st.stm32cube.ide.mcu.externaltools.gnu-tools-for-stm32.14.3.rel1.linux64_1.0.100.202602081740/tools/lib/gcc/arm-none-eabi/14.3.1/include/arm_mve.h **** __arm_vldrwq_gather_base_z_s32 (uint32x4_t __addr, const int __offset, mve_pred16_t __p)
1515:/opt/st/stm32cubeide_2.1.1/plugins/com.st.stm32cube.ide.mcu.externaltools.gnu-tools-for-stm32.14.3.rel1.linux64_1.0.100.202602081740/tools/lib/gcc/arm-none-eabi/14.3.1/include/arm_mve.h **** {
1516:/opt/st/stm32cubeide_2.1.1/plugins/com.st.stm32cube.ide.mcu.externaltools.gnu-tools-for-stm32.14.3.rel1.linux64_1.0.100.202602081740/tools/lib/gcc/arm-none-eabi/14.3.1/include/arm_mve.h ****   return __builtin_mve_vldrwq_gather_base_z_sv4si (__addr, __offset, __p);
1517:/opt/st/stm32cubeide_2.1.1/plugins/com.st.stm32cube.ide.mcu.externaltools.gnu-tools-for-stm32.14.3.rel1.linux64_1.0.100.202602081740/tools/lib/gcc/arm-none-eabi/14.3.1/include/arm_mve.h **** }
1518:/opt/st/stm32cubeide_2.1.1/plugins/com.st.stm32cube.ide.mcu.externaltools.gnu-tools-for-stm32.14.3.rel1.linux64_1.0.100.202602081740/tools/lib/gcc/arm-none-eabi/14.3.1/include/arm_mve.h **** 
1519:/opt/st/stm32cubeide_2.1.1/plugins/com.st.stm32cube.ide.mcu.externaltools.gnu-tools-for-stm32.14.3.rel1.linux64_1.0.100.202602081740/tools/lib/gcc/arm-none-eabi/14.3.1/include/arm_mve.h **** __extension__ extern __inline uint32x4_t
1520:/opt/st/stm32cubeide_2.1.1/plugins/com.st.stm32cube.ide.mcu.externaltools.gnu-tools-for-stm32.14.3.rel1.linux64_1.0.100.202602081740/tools/lib/gcc/arm-none-eabi/14.3.1/include/arm_mve.h **** __attribute__ ((__always_inline__, __gnu_inline__, __artificial__))
1521:/opt/st/stm32cubeide_2.1.1/plugins/com.st.stm32cube.ide.mcu.externaltools.gnu-tools-for-stm32.14.3.rel1.linux64_1.0.100.202602081740/tools/lib/gcc/arm-none-eabi/14.3.1/include/arm_mve.h **** __arm_vldrwq_gather_base_z_u32 (uint32x4_t __addr, const int __offset, mve_pred16_t __p)
1522:/opt/st/stm32cubeide_2.1.1/plugins/com.st.stm32cube.ide.mcu.externaltools.gnu-tools-for-stm32.14.3.rel1.linux64_1.0.100.202602081740/tools/lib/gcc/arm-none-eabi/14.3.1/include/arm_mve.h **** {
1523:/opt/st/stm32cubeide_2.1.1/plugins/com.st.stm32cube.ide.mcu.externaltools.gnu-tools-for-stm32.14.3.rel1.linux64_1.0.100.202602081740/tools/lib/gcc/arm-none-eabi/14.3.1/include/arm_mve.h ****   return __builtin_mve_vldrwq_gather_base_z_uv4si (__addr, __offset, __p);
1524:/opt/st/stm32cubeide_2.1.1/plugins/com.st.stm32cube.ide.mcu.externaltools.gnu-tools-for-stm32.14.3.rel1.linux64_1.0.100.202602081740/tools/lib/gcc/arm-none-eabi/14.3.1/include/arm_mve.h **** }
1525:/opt/st/stm32cubeide_2.1.1/plugins/com.st.stm32cube.ide.mcu.externaltools.gnu-tools-for-stm32.14.3.rel1.linux64_1.0.100.202602081740/tools/lib/gcc/arm-none-eabi/14.3.1/include/arm_mve.h **** 
1526:/opt/st/stm32cubeide_2.1.1/plugins/com.st.stm32cube.ide.mcu.externaltools.gnu-tools-for-stm32.14.3.rel1.linux64_1.0.100.202602081740/tools/lib/gcc/arm-none-eabi/14.3.1/include/arm_mve.h **** __extension__ extern __inline int32x4_t
1527:/opt/st/stm32cubeide_2.1.1/plugins/com.st.stm32cube.ide.mcu.externaltools.gnu-tools-for-stm32.14.3.rel1.linux64_1.0.100.202602081740/tools/lib/gcc/arm-none-eabi/14.3.1/include/arm_mve.h **** __attribute__ ((__always_inline__, __gnu_inline__, __artificial__))
1528:/opt/st/stm32cubeide_2.1.1/plugins/com.st.stm32cube.ide.mcu.externaltools.gnu-tools-for-stm32.14.3.rel1.linux64_1.0.100.202602081740/tools/lib/gcc/arm-none-eabi/14.3.1/include/arm_mve.h **** __arm_vldrhq_gather_offset_s32 (int16_t const * __base, uint32x4_t __offset)
1529:/opt/st/stm32cubeide_2.1.1/plugins/com.st.stm32cube.ide.mcu.externaltools.gnu-tools-for-stm32.14.3.rel1.linux64_1.0.100.202602081740/tools/lib/gcc/arm-none-eabi/14.3.1/include/arm_mve.h **** {
1530:/opt/st/stm32cubeide_2.1.1/plugins/com.st.stm32cube.ide.mcu.externaltools.gnu-tools-for-stm32.14.3.rel1.linux64_1.0.100.202602081740/tools/lib/gcc/arm-none-eabi/14.3.1/include/arm_mve.h ****   return __builtin_mve_vldrhq_gather_offset_sv4si ((__builtin_neon_hi *) __base, __offset);
1531:/opt/st/stm32cubeide_2.1.1/plugins/com.st.stm32cube.ide.mcu.externaltools.gnu-tools-for-stm32.14.3.rel1.linux64_1.0.100.202602081740/tools/lib/gcc/arm-none-eabi/14.3.1/include/arm_mve.h **** }
1532:/opt/st/stm32cubeide_2.1.1/plugins/com.st.stm32cube.ide.mcu.externaltools.gnu-tools-for-stm32.14.3.rel1.linux64_1.0.100.202602081740/tools/lib/gcc/arm-none-eabi/14.3.1/include/arm_mve.h **** 
1533:/opt/st/stm32cubeide_2.1.1/plugins/com.st.stm32cube.ide.mcu.externaltools.gnu-tools-for-stm32.14.3.rel1.linux64_1.0.100.202602081740/tools/lib/gcc/arm-none-eabi/14.3.1/include/arm_mve.h **** __extension__ extern __inline int16x8_t
1534:/opt/st/stm32cubeide_2.1.1/plugins/com.st.stm32cube.ide.mcu.externaltools.gnu-tools-for-stm32.14.3.rel1.linux64_1.0.100.202602081740/tools/lib/gcc/arm-none-eabi/14.3.1/include/arm_mve.h **** __attribute__ ((__always_inline__, __gnu_inline__, __artificial__))
ARM GAS  /tmp/ccS31Hxi.s 			page 31


1535:/opt/st/stm32cubeide_2.1.1/plugins/com.st.stm32cube.ide.mcu.externaltools.gnu-tools-for-stm32.14.3.rel1.linux64_1.0.100.202602081740/tools/lib/gcc/arm-none-eabi/14.3.1/include/arm_mve.h **** __arm_vldrhq_gather_offset_s16 (int16_t const * __base, uint16x8_t __offset)
1536:/opt/st/stm32cubeide_2.1.1/plugins/com.st.stm32cube.ide.mcu.externaltools.gnu-tools-for-stm32.14.3.rel1.linux64_1.0.100.202602081740/tools/lib/gcc/arm-none-eabi/14.3.1/include/arm_mve.h **** {
1537:/opt/st/stm32cubeide_2.1.1/plugins/com.st.stm32cube.ide.mcu.externaltools.gnu-tools-for-stm32.14.3.rel1.linux64_1.0.100.202602081740/tools/lib/gcc/arm-none-eabi/14.3.1/include/arm_mve.h ****   return __builtin_mve_vldrhq_gather_offset_sv8hi ((__builtin_neon_hi *) __base, __offset);
1538:/opt/st/stm32cubeide_2.1.1/plugins/com.st.stm32cube.ide.mcu.externaltools.gnu-tools-for-stm32.14.3.rel1.linux64_1.0.100.202602081740/tools/lib/gcc/arm-none-eabi/14.3.1/include/arm_mve.h **** }
1539:/opt/st/stm32cubeide_2.1.1/plugins/com.st.stm32cube.ide.mcu.externaltools.gnu-tools-for-stm32.14.3.rel1.linux64_1.0.100.202602081740/tools/lib/gcc/arm-none-eabi/14.3.1/include/arm_mve.h **** 
1540:/opt/st/stm32cubeide_2.1.1/plugins/com.st.stm32cube.ide.mcu.externaltools.gnu-tools-for-stm32.14.3.rel1.linux64_1.0.100.202602081740/tools/lib/gcc/arm-none-eabi/14.3.1/include/arm_mve.h **** __extension__ extern __inline uint32x4_t
1541:/opt/st/stm32cubeide_2.1.1/plugins/com.st.stm32cube.ide.mcu.externaltools.gnu-tools-for-stm32.14.3.rel1.linux64_1.0.100.202602081740/tools/lib/gcc/arm-none-eabi/14.3.1/include/arm_mve.h **** __attribute__ ((__always_inline__, __gnu_inline__, __artificial__))
1542:/opt/st/stm32cubeide_2.1.1/plugins/com.st.stm32cube.ide.mcu.externaltools.gnu-tools-for-stm32.14.3.rel1.linux64_1.0.100.202602081740/tools/lib/gcc/arm-none-eabi/14.3.1/include/arm_mve.h **** __arm_vldrhq_gather_offset_u32 (uint16_t const * __base, uint32x4_t __offset)
1543:/opt/st/stm32cubeide_2.1.1/plugins/com.st.stm32cube.ide.mcu.externaltools.gnu-tools-for-stm32.14.3.rel1.linux64_1.0.100.202602081740/tools/lib/gcc/arm-none-eabi/14.3.1/include/arm_mve.h **** {
1544:/opt/st/stm32cubeide_2.1.1/plugins/com.st.stm32cube.ide.mcu.externaltools.gnu-tools-for-stm32.14.3.rel1.linux64_1.0.100.202602081740/tools/lib/gcc/arm-none-eabi/14.3.1/include/arm_mve.h ****   return __builtin_mve_vldrhq_gather_offset_uv4si ((__builtin_neon_hi *) __base, __offset);
1545:/opt/st/stm32cubeide_2.1.1/plugins/com.st.stm32cube.ide.mcu.externaltools.gnu-tools-for-stm32.14.3.rel1.linux64_1.0.100.202602081740/tools/lib/gcc/arm-none-eabi/14.3.1/include/arm_mve.h **** }
1546:/opt/st/stm32cubeide_2.1.1/plugins/com.st.stm32cube.ide.mcu.externaltools.gnu-tools-for-stm32.14.3.rel1.linux64_1.0.100.202602081740/tools/lib/gcc/arm-none-eabi/14.3.1/include/arm_mve.h **** 
1547:/opt/st/stm32cubeide_2.1.1/plugins/com.st.stm32cube.ide.mcu.externaltools.gnu-tools-for-stm32.14.3.rel1.linux64_1.0.100.202602081740/tools/lib/gcc/arm-none-eabi/14.3.1/include/arm_mve.h **** __extension__ extern __inline uint16x8_t
1548:/opt/st/stm32cubeide_2.1.1/plugins/com.st.stm32cube.ide.mcu.externaltools.gnu-tools-for-stm32.14.3.rel1.linux64_1.0.100.202602081740/tools/lib/gcc/arm-none-eabi/14.3.1/include/arm_mve.h **** __attribute__ ((__always_inline__, __gnu_inline__, __artificial__))
1549:/opt/st/stm32cubeide_2.1.1/plugins/com.st.stm32cube.ide.mcu.externaltools.gnu-tools-for-stm32.14.3.rel1.linux64_1.0.100.202602081740/tools/lib/gcc/arm-none-eabi/14.3.1/include/arm_mve.h **** __arm_vldrhq_gather_offset_u16 (uint16_t const * __base, uint16x8_t __offset)
1550:/opt/st/stm32cubeide_2.1.1/plugins/com.st.stm32cube.ide.mcu.externaltools.gnu-tools-for-stm32.14.3.rel1.linux64_1.0.100.202602081740/tools/lib/gcc/arm-none-eabi/14.3.1/include/arm_mve.h **** {
1551:/opt/st/stm32cubeide_2.1.1/plugins/com.st.stm32cube.ide.mcu.externaltools.gnu-tools-for-stm32.14.3.rel1.linux64_1.0.100.202602081740/tools/lib/gcc/arm-none-eabi/14.3.1/include/arm_mve.h ****   return __builtin_mve_vldrhq_gather_offset_uv8hi ((__builtin_neon_hi *) __base, __offset);
1552:/opt/st/stm32cubeide_2.1.1/plugins/com.st.stm32cube.ide.mcu.externaltools.gnu-tools-for-stm32.14.3.rel1.linux64_1.0.100.202602081740/tools/lib/gcc/arm-none-eabi/14.3.1/include/arm_mve.h **** }
1553:/opt/st/stm32cubeide_2.1.1/plugins/com.st.stm32cube.ide.mcu.externaltools.gnu-tools-for-stm32.14.3.rel1.linux64_1.0.100.202602081740/tools/lib/gcc/arm-none-eabi/14.3.1/include/arm_mve.h **** 
1554:/opt/st/stm32cubeide_2.1.1/plugins/com.st.stm32cube.ide.mcu.externaltools.gnu-tools-for-stm32.14.3.rel1.linux64_1.0.100.202602081740/tools/lib/gcc/arm-none-eabi/14.3.1/include/arm_mve.h **** __extension__ extern __inline int32x4_t
1555:/opt/st/stm32cubeide_2.1.1/plugins/com.st.stm32cube.ide.mcu.externaltools.gnu-tools-for-stm32.14.3.rel1.linux64_1.0.100.202602081740/tools/lib/gcc/arm-none-eabi/14.3.1/include/arm_mve.h **** __attribute__ ((__always_inline__, __gnu_inline__, __artificial__))
1556:/opt/st/stm32cubeide_2.1.1/plugins/com.st.stm32cube.ide.mcu.externaltools.gnu-tools-for-stm32.14.3.rel1.linux64_1.0.100.202602081740/tools/lib/gcc/arm-none-eabi/14.3.1/include/arm_mve.h **** __arm_vldrhq_gather_offset_z_s32 (int16_t const * __base, uint32x4_t __offset, mve_pred16_t __p)
1557:/opt/st/stm32cubeide_2.1.1/plugins/com.st.stm32cube.ide.mcu.externaltools.gnu-tools-for-stm32.14.3.rel1.linux64_1.0.100.202602081740/tools/lib/gcc/arm-none-eabi/14.3.1/include/arm_mve.h **** {
1558:/opt/st/stm32cubeide_2.1.1/plugins/com.st.stm32cube.ide.mcu.externaltools.gnu-tools-for-stm32.14.3.rel1.linux64_1.0.100.202602081740/tools/lib/gcc/arm-none-eabi/14.3.1/include/arm_mve.h ****   return __builtin_mve_vldrhq_gather_offset_z_sv4si ((__builtin_neon_hi *) __base, __offset, __p);
1559:/opt/st/stm32cubeide_2.1.1/plugins/com.st.stm32cube.ide.mcu.externaltools.gnu-tools-for-stm32.14.3.rel1.linux64_1.0.100.202602081740/tools/lib/gcc/arm-none-eabi/14.3.1/include/arm_mve.h **** }
1560:/opt/st/stm32cubeide_2.1.1/plugins/com.st.stm32cube.ide.mcu.externaltools.gnu-tools-for-stm32.14.3.rel1.linux64_1.0.100.202602081740/tools/lib/gcc/arm-none-eabi/14.3.1/include/arm_mve.h **** 
1561:/opt/st/stm32cubeide_2.1.1/plugins/com.st.stm32cube.ide.mcu.externaltools.gnu-tools-for-stm32.14.3.rel1.linux64_1.0.100.202602081740/tools/lib/gcc/arm-none-eabi/14.3.1/include/arm_mve.h **** __extension__ extern __inline int16x8_t
1562:/opt/st/stm32cubeide_2.1.1/plugins/com.st.stm32cube.ide.mcu.externaltools.gnu-tools-for-stm32.14.3.rel1.linux64_1.0.100.202602081740/tools/lib/gcc/arm-none-eabi/14.3.1/include/arm_mve.h **** __attribute__ ((__always_inline__, __gnu_inline__, __artificial__))
1563:/opt/st/stm32cubeide_2.1.1/plugins/com.st.stm32cube.ide.mcu.externaltools.gnu-tools-for-stm32.14.3.rel1.linux64_1.0.100.202602081740/tools/lib/gcc/arm-none-eabi/14.3.1/include/arm_mve.h **** __arm_vldrhq_gather_offset_z_s16 (int16_t const * __base, uint16x8_t __offset, mve_pred16_t __p)
1564:/opt/st/stm32cubeide_2.1.1/plugins/com.st.stm32cube.ide.mcu.externaltools.gnu-tools-for-stm32.14.3.rel1.linux64_1.0.100.202602081740/tools/lib/gcc/arm-none-eabi/14.3.1/include/arm_mve.h **** {
1565:/opt/st/stm32cubeide_2.1.1/plugins/com.st.stm32cube.ide.mcu.externaltools.gnu-tools-for-stm32.14.3.rel1.linux64_1.0.100.202602081740/tools/lib/gcc/arm-none-eabi/14.3.1/include/arm_mve.h ****   return __builtin_mve_vldrhq_gather_offset_z_sv8hi ((__builtin_neon_hi *) __base, __offset, __p);
1566:/opt/st/stm32cubeide_2.1.1/plugins/com.st.stm32cube.ide.mcu.externaltools.gnu-tools-for-stm32.14.3.rel1.linux64_1.0.100.202602081740/tools/lib/gcc/arm-none-eabi/14.3.1/include/arm_mve.h **** }
1567:/opt/st/stm32cubeide_2.1.1/plugins/com.st.stm32cube.ide.mcu.externaltools.gnu-tools-for-stm32.14.3.rel1.linux64_1.0.100.202602081740/tools/lib/gcc/arm-none-eabi/14.3.1/include/arm_mve.h **** 
1568:/opt/st/stm32cubeide_2.1.1/plugins/com.st.stm32cube.ide.mcu.externaltools.gnu-tools-for-stm32.14.3.rel1.linux64_1.0.100.202602081740/tools/lib/gcc/arm-none-eabi/14.3.1/include/arm_mve.h **** __extension__ extern __inline uint32x4_t
1569:/opt/st/stm32cubeide_2.1.1/plugins/com.st.stm32cube.ide.mcu.externaltools.gnu-tools-for-stm32.14.3.rel1.linux64_1.0.100.202602081740/tools/lib/gcc/arm-none-eabi/14.3.1/include/arm_mve.h **** __attribute__ ((__always_inline__, __gnu_inline__, __artificial__))
1570:/opt/st/stm32cubeide_2.1.1/plugins/com.st.stm32cube.ide.mcu.externaltools.gnu-tools-for-stm32.14.3.rel1.linux64_1.0.100.202602081740/tools/lib/gcc/arm-none-eabi/14.3.1/include/arm_mve.h **** __arm_vldrhq_gather_offset_z_u32 (uint16_t const * __base, uint32x4_t __offset, mve_pred16_t __p)
1571:/opt/st/stm32cubeide_2.1.1/plugins/com.st.stm32cube.ide.mcu.externaltools.gnu-tools-for-stm32.14.3.rel1.linux64_1.0.100.202602081740/tools/lib/gcc/arm-none-eabi/14.3.1/include/arm_mve.h **** {
1572:/opt/st/stm32cubeide_2.1.1/plugins/com.st.stm32cube.ide.mcu.externaltools.gnu-tools-for-stm32.14.3.rel1.linux64_1.0.100.202602081740/tools/lib/gcc/arm-none-eabi/14.3.1/include/arm_mve.h ****   return __builtin_mve_vldrhq_gather_offset_z_uv4si ((__builtin_neon_hi *) __base, __offset, __p);
1573:/opt/st/stm32cubeide_2.1.1/plugins/com.st.stm32cube.ide.mcu.externaltools.gnu-tools-for-stm32.14.3.rel1.linux64_1.0.100.202602081740/tools/lib/gcc/arm-none-eabi/14.3.1/include/arm_mve.h **** }
1574:/opt/st/stm32cubeide_2.1.1/plugins/com.st.stm32cube.ide.mcu.externaltools.gnu-tools-for-stm32.14.3.rel1.linux64_1.0.100.202602081740/tools/lib/gcc/arm-none-eabi/14.3.1/include/arm_mve.h **** 
1575:/opt/st/stm32cubeide_2.1.1/plugins/com.st.stm32cube.ide.mcu.externaltools.gnu-tools-for-stm32.14.3.rel1.linux64_1.0.100.202602081740/tools/lib/gcc/arm-none-eabi/14.3.1/include/arm_mve.h **** __extension__ extern __inline uint16x8_t
1576:/opt/st/stm32cubeide_2.1.1/plugins/com.st.stm32cube.ide.mcu.externaltools.gnu-tools-for-stm32.14.3.rel1.linux64_1.0.100.202602081740/tools/lib/gcc/arm-none-eabi/14.3.1/include/arm_mve.h **** __attribute__ ((__always_inline__, __gnu_inline__, __artificial__))
1577:/opt/st/stm32cubeide_2.1.1/plugins/com.st.stm32cube.ide.mcu.externaltools.gnu-tools-for-stm32.14.3.rel1.linux64_1.0.100.202602081740/tools/lib/gcc/arm-none-eabi/14.3.1/include/arm_mve.h **** __arm_vldrhq_gather_offset_z_u16 (uint16_t const * __base, uint16x8_t __offset, mve_pred16_t __p)
1578:/opt/st/stm32cubeide_2.1.1/plugins/com.st.stm32cube.ide.mcu.externaltools.gnu-tools-for-stm32.14.3.rel1.linux64_1.0.100.202602081740/tools/lib/gcc/arm-none-eabi/14.3.1/include/arm_mve.h **** {
1579:/opt/st/stm32cubeide_2.1.1/plugins/com.st.stm32cube.ide.mcu.externaltools.gnu-tools-for-stm32.14.3.rel1.linux64_1.0.100.202602081740/tools/lib/gcc/arm-none-eabi/14.3.1/include/arm_mve.h ****   return __builtin_mve_vldrhq_gather_offset_z_uv8hi ((__builtin_neon_hi *) __base, __offset, __p);
1580:/opt/st/stm32cubeide_2.1.1/plugins/com.st.stm32cube.ide.mcu.externaltools.gnu-tools-for-stm32.14.3.rel1.linux64_1.0.100.202602081740/tools/lib/gcc/arm-none-eabi/14.3.1/include/arm_mve.h **** }
1581:/opt/st/stm32cubeide_2.1.1/plugins/com.st.stm32cube.ide.mcu.externaltools.gnu-tools-for-stm32.14.3.rel1.linux64_1.0.100.202602081740/tools/lib/gcc/arm-none-eabi/14.3.1/include/arm_mve.h **** 
1582:/opt/st/stm32cubeide_2.1.1/plugins/com.st.stm32cube.ide.mcu.externaltools.gnu-tools-for-stm32.14.3.rel1.linux64_1.0.100.202602081740/tools/lib/gcc/arm-none-eabi/14.3.1/include/arm_mve.h **** __extension__ extern __inline int32x4_t
1583:/opt/st/stm32cubeide_2.1.1/plugins/com.st.stm32cube.ide.mcu.externaltools.gnu-tools-for-stm32.14.3.rel1.linux64_1.0.100.202602081740/tools/lib/gcc/arm-none-eabi/14.3.1/include/arm_mve.h **** __attribute__ ((__always_inline__, __gnu_inline__, __artificial__))
1584:/opt/st/stm32cubeide_2.1.1/plugins/com.st.stm32cube.ide.mcu.externaltools.gnu-tools-for-stm32.14.3.rel1.linux64_1.0.100.202602081740/tools/lib/gcc/arm-none-eabi/14.3.1/include/arm_mve.h **** __arm_vldrhq_gather_shifted_offset_s32 (int16_t const * __base, uint32x4_t __offset)
1585:/opt/st/stm32cubeide_2.1.1/plugins/com.st.stm32cube.ide.mcu.externaltools.gnu-tools-for-stm32.14.3.rel1.linux64_1.0.100.202602081740/tools/lib/gcc/arm-none-eabi/14.3.1/include/arm_mve.h **** {
1586:/opt/st/stm32cubeide_2.1.1/plugins/com.st.stm32cube.ide.mcu.externaltools.gnu-tools-for-stm32.14.3.rel1.linux64_1.0.100.202602081740/tools/lib/gcc/arm-none-eabi/14.3.1/include/arm_mve.h ****   return __builtin_mve_vldrhq_gather_shifted_offset_sv4si ((__builtin_neon_hi *) __base, __offset);
1587:/opt/st/stm32cubeide_2.1.1/plugins/com.st.stm32cube.ide.mcu.externaltools.gnu-tools-for-stm32.14.3.rel1.linux64_1.0.100.202602081740/tools/lib/gcc/arm-none-eabi/14.3.1/include/arm_mve.h **** }
1588:/opt/st/stm32cubeide_2.1.1/plugins/com.st.stm32cube.ide.mcu.externaltools.gnu-tools-for-stm32.14.3.rel1.linux64_1.0.100.202602081740/tools/lib/gcc/arm-none-eabi/14.3.1/include/arm_mve.h **** 
1589:/opt/st/stm32cubeide_2.1.1/plugins/com.st.stm32cube.ide.mcu.externaltools.gnu-tools-for-stm32.14.3.rel1.linux64_1.0.100.202602081740/tools/lib/gcc/arm-none-eabi/14.3.1/include/arm_mve.h **** __extension__ extern __inline int16x8_t
1590:/opt/st/stm32cubeide_2.1.1/plugins/com.st.stm32cube.ide.mcu.externaltools.gnu-tools-for-stm32.14.3.rel1.linux64_1.0.100.202602081740/tools/lib/gcc/arm-none-eabi/14.3.1/include/arm_mve.h **** __attribute__ ((__always_inline__, __gnu_inline__, __artificial__))
1591:/opt/st/stm32cubeide_2.1.1/plugins/com.st.stm32cube.ide.mcu.externaltools.gnu-tools-for-stm32.14.3.rel1.linux64_1.0.100.202602081740/tools/lib/gcc/arm-none-eabi/14.3.1/include/arm_mve.h **** __arm_vldrhq_gather_shifted_offset_s16 (int16_t const * __base, uint16x8_t __offset)
ARM GAS  /tmp/ccS31Hxi.s 			page 32


1592:/opt/st/stm32cubeide_2.1.1/plugins/com.st.stm32cube.ide.mcu.externaltools.gnu-tools-for-stm32.14.3.rel1.linux64_1.0.100.202602081740/tools/lib/gcc/arm-none-eabi/14.3.1/include/arm_mve.h **** {
1593:/opt/st/stm32cubeide_2.1.1/plugins/com.st.stm32cube.ide.mcu.externaltools.gnu-tools-for-stm32.14.3.rel1.linux64_1.0.100.202602081740/tools/lib/gcc/arm-none-eabi/14.3.1/include/arm_mve.h ****   return __builtin_mve_vldrhq_gather_shifted_offset_sv8hi ((__builtin_neon_hi *) __base, __offset);
1594:/opt/st/stm32cubeide_2.1.1/plugins/com.st.stm32cube.ide.mcu.externaltools.gnu-tools-for-stm32.14.3.rel1.linux64_1.0.100.202602081740/tools/lib/gcc/arm-none-eabi/14.3.1/include/arm_mve.h **** }
1595:/opt/st/stm32cubeide_2.1.1/plugins/com.st.stm32cube.ide.mcu.externaltools.gnu-tools-for-stm32.14.3.rel1.linux64_1.0.100.202602081740/tools/lib/gcc/arm-none-eabi/14.3.1/include/arm_mve.h **** 
1596:/opt/st/stm32cubeide_2.1.1/plugins/com.st.stm32cube.ide.mcu.externaltools.gnu-tools-for-stm32.14.3.rel1.linux64_1.0.100.202602081740/tools/lib/gcc/arm-none-eabi/14.3.1/include/arm_mve.h **** __extension__ extern __inline uint32x4_t
1597:/opt/st/stm32cubeide_2.1.1/plugins/com.st.stm32cube.ide.mcu.externaltools.gnu-tools-for-stm32.14.3.rel1.linux64_1.0.100.202602081740/tools/lib/gcc/arm-none-eabi/14.3.1/include/arm_mve.h **** __attribute__ ((__always_inline__, __gnu_inline__, __artificial__))
1598:/opt/st/stm32cubeide_2.1.1/plugins/com.st.stm32cube.ide.mcu.externaltools.gnu-tools-for-stm32.14.3.rel1.linux64_1.0.100.202602081740/tools/lib/gcc/arm-none-eabi/14.3.1/include/arm_mve.h **** __arm_vldrhq_gather_shifted_offset_u32 (uint16_t const * __base, uint32x4_t __offset)
1599:/opt/st/stm32cubeide_2.1.1/plugins/com.st.stm32cube.ide.mcu.externaltools.gnu-tools-for-stm32.14.3.rel1.linux64_1.0.100.202602081740/tools/lib/gcc/arm-none-eabi/14.3.1/include/arm_mve.h **** {
1600:/opt/st/stm32cubeide_2.1.1/plugins/com.st.stm32cube.ide.mcu.externaltools.gnu-tools-for-stm32.14.3.rel1.linux64_1.0.100.202602081740/tools/lib/gcc/arm-none-eabi/14.3.1/include/arm_mve.h ****   return __builtin_mve_vldrhq_gather_shifted_offset_uv4si ((__builtin_neon_hi *) __base, __offset);
1601:/opt/st/stm32cubeide_2.1.1/plugins/com.st.stm32cube.ide.mcu.externaltools.gnu-tools-for-stm32.14.3.rel1.linux64_1.0.100.202602081740/tools/lib/gcc/arm-none-eabi/14.3.1/include/arm_mve.h **** }
1602:/opt/st/stm32cubeide_2.1.1/plugins/com.st.stm32cube.ide.mcu.externaltools.gnu-tools-for-stm32.14.3.rel1.linux64_1.0.100.202602081740/tools/lib/gcc/arm-none-eabi/14.3.1/include/arm_mve.h **** 
1603:/opt/st/stm32cubeide_2.1.1/plugins/com.st.stm32cube.ide.mcu.externaltools.gnu-tools-for-stm32.14.3.rel1.linux64_1.0.100.202602081740/tools/lib/gcc/arm-none-eabi/14.3.1/include/arm_mve.h **** __extension__ extern __inline uint16x8_t
1604:/opt/st/stm32cubeide_2.1.1/plugins/com.st.stm32cube.ide.mcu.externaltools.gnu-tools-for-stm32.14.3.rel1.linux64_1.0.100.202602081740/tools/lib/gcc/arm-none-eabi/14.3.1/include/arm_mve.h **** __attribute__ ((__always_inline__, __gnu_inline__, __artificial__))
1605:/opt/st/stm32cubeide_2.1.1/plugins/com.st.stm32cube.ide.mcu.externaltools.gnu-tools-for-stm32.14.3.rel1.linux64_1.0.100.202602081740/tools/lib/gcc/arm-none-eabi/14.3.1/include/arm_mve.h **** __arm_vldrhq_gather_shifted_offset_u16 (uint16_t const * __base, uint16x8_t __offset)
1606:/opt/st/stm32cubeide_2.1.1/plugins/com.st.stm32cube.ide.mcu.externaltools.gnu-tools-for-stm32.14.3.rel1.linux64_1.0.100.202602081740/tools/lib/gcc/arm-none-eabi/14.3.1/include/arm_mve.h **** {
1607:/opt/st/stm32cubeide_2.1.1/plugins/com.st.stm32cube.ide.mcu.externaltools.gnu-tools-for-stm32.14.3.rel1.linux64_1.0.100.202602081740/tools/lib/gcc/arm-none-eabi/14.3.1/include/arm_mve.h ****   return __builtin_mve_vldrhq_gather_shifted_offset_uv8hi ((__builtin_neon_hi *) __base, __offset);
1608:/opt/st/stm32cubeide_2.1.1/plugins/com.st.stm32cube.ide.mcu.externaltools.gnu-tools-for-stm32.14.3.rel1.linux64_1.0.100.202602081740/tools/lib/gcc/arm-none-eabi/14.3.1/include/arm_mve.h **** }
1609:/opt/st/stm32cubeide_2.1.1/plugins/com.st.stm32cube.ide.mcu.externaltools.gnu-tools-for-stm32.14.3.rel1.linux64_1.0.100.202602081740/tools/lib/gcc/arm-none-eabi/14.3.1/include/arm_mve.h **** 
1610:/opt/st/stm32cubeide_2.1.1/plugins/com.st.stm32cube.ide.mcu.externaltools.gnu-tools-for-stm32.14.3.rel1.linux64_1.0.100.202602081740/tools/lib/gcc/arm-none-eabi/14.3.1/include/arm_mve.h **** __extension__ extern __inline int32x4_t
1611:/opt/st/stm32cubeide_2.1.1/plugins/com.st.stm32cube.ide.mcu.externaltools.gnu-tools-for-stm32.14.3.rel1.linux64_1.0.100.202602081740/tools/lib/gcc/arm-none-eabi/14.3.1/include/arm_mve.h **** __attribute__ ((__always_inline__, __gnu_inline__, __artificial__))
1612:/opt/st/stm32cubeide_2.1.1/plugins/com.st.stm32cube.ide.mcu.externaltools.gnu-tools-for-stm32.14.3.rel1.linux64_1.0.100.202602081740/tools/lib/gcc/arm-none-eabi/14.3.1/include/arm_mve.h **** __arm_vldrhq_gather_shifted_offset_z_s32 (int16_t const * __base, uint32x4_t __offset, mve_pred16_t
1613:/opt/st/stm32cubeide_2.1.1/plugins/com.st.stm32cube.ide.mcu.externaltools.gnu-tools-for-stm32.14.3.rel1.linux64_1.0.100.202602081740/tools/lib/gcc/arm-none-eabi/14.3.1/include/arm_mve.h **** {
1614:/opt/st/stm32cubeide_2.1.1/plugins/com.st.stm32cube.ide.mcu.externaltools.gnu-tools-for-stm32.14.3.rel1.linux64_1.0.100.202602081740/tools/lib/gcc/arm-none-eabi/14.3.1/include/arm_mve.h ****   return __builtin_mve_vldrhq_gather_shifted_offset_z_sv4si ((__builtin_neon_hi *) __base, __offset
1615:/opt/st/stm32cubeide_2.1.1/plugins/com.st.stm32cube.ide.mcu.externaltools.gnu-tools-for-stm32.14.3.rel1.linux64_1.0.100.202602081740/tools/lib/gcc/arm-none-eabi/14.3.1/include/arm_mve.h **** }
1616:/opt/st/stm32cubeide_2.1.1/plugins/com.st.stm32cube.ide.mcu.externaltools.gnu-tools-for-stm32.14.3.rel1.linux64_1.0.100.202602081740/tools/lib/gcc/arm-none-eabi/14.3.1/include/arm_mve.h **** 
1617:/opt/st/stm32cubeide_2.1.1/plugins/com.st.stm32cube.ide.mcu.externaltools.gnu-tools-for-stm32.14.3.rel1.linux64_1.0.100.202602081740/tools/lib/gcc/arm-none-eabi/14.3.1/include/arm_mve.h **** __extension__ extern __inline int16x8_t
1618:/opt/st/stm32cubeide_2.1.1/plugins/com.st.stm32cube.ide.mcu.externaltools.gnu-tools-for-stm32.14.3.rel1.linux64_1.0.100.202602081740/tools/lib/gcc/arm-none-eabi/14.3.1/include/arm_mve.h **** __attribute__ ((__always_inline__, __gnu_inline__, __artificial__))
1619:/opt/st/stm32cubeide_2.1.1/plugins/com.st.stm32cube.ide.mcu.externaltools.gnu-tools-for-stm32.14.3.rel1.linux64_1.0.100.202602081740/tools/lib/gcc/arm-none-eabi/14.3.1/include/arm_mve.h **** __arm_vldrhq_gather_shifted_offset_z_s16 (int16_t const * __base, uint16x8_t __offset, mve_pred16_t
1620:/opt/st/stm32cubeide_2.1.1/plugins/com.st.stm32cube.ide.mcu.externaltools.gnu-tools-for-stm32.14.3.rel1.linux64_1.0.100.202602081740/tools/lib/gcc/arm-none-eabi/14.3.1/include/arm_mve.h **** {
1621:/opt/st/stm32cubeide_2.1.1/plugins/com.st.stm32cube.ide.mcu.externaltools.gnu-tools-for-stm32.14.3.rel1.linux64_1.0.100.202602081740/tools/lib/gcc/arm-none-eabi/14.3.1/include/arm_mve.h ****   return __builtin_mve_vldrhq_gather_shifted_offset_z_sv8hi ((__builtin_neon_hi *) __base, __offset
1622:/opt/st/stm32cubeide_2.1.1/plugins/com.st.stm32cube.ide.mcu.externaltools.gnu-tools-for-stm32.14.3.rel1.linux64_1.0.100.202602081740/tools/lib/gcc/arm-none-eabi/14.3.1/include/arm_mve.h **** }
1623:/opt/st/stm32cubeide_2.1.1/plugins/com.st.stm32cube.ide.mcu.externaltools.gnu-tools-for-stm32.14.3.rel1.linux64_1.0.100.202602081740/tools/lib/gcc/arm-none-eabi/14.3.1/include/arm_mve.h **** 
1624:/opt/st/stm32cubeide_2.1.1/plugins/com.st.stm32cube.ide.mcu.externaltools.gnu-tools-for-stm32.14.3.rel1.linux64_1.0.100.202602081740/tools/lib/gcc/arm-none-eabi/14.3.1/include/arm_mve.h **** __extension__ extern __inline uint32x4_t
1625:/opt/st/stm32cubeide_2.1.1/plugins/com.st.stm32cube.ide.mcu.externaltools.gnu-tools-for-stm32.14.3.rel1.linux64_1.0.100.202602081740/tools/lib/gcc/arm-none-eabi/14.3.1/include/arm_mve.h **** __attribute__ ((__always_inline__, __gnu_inline__, __artificial__))
1626:/opt/st/stm32cubeide_2.1.1/plugins/com.st.stm32cube.ide.mcu.externaltools.gnu-tools-for-stm32.14.3.rel1.linux64_1.0.100.202602081740/tools/lib/gcc/arm-none-eabi/14.3.1/include/arm_mve.h **** __arm_vldrhq_gather_shifted_offset_z_u32 (uint16_t const * __base, uint32x4_t __offset, mve_pred16_
1627:/opt/st/stm32cubeide_2.1.1/plugins/com.st.stm32cube.ide.mcu.externaltools.gnu-tools-for-stm32.14.3.rel1.linux64_1.0.100.202602081740/tools/lib/gcc/arm-none-eabi/14.3.1/include/arm_mve.h **** {
1628:/opt/st/stm32cubeide_2.1.1/plugins/com.st.stm32cube.ide.mcu.externaltools.gnu-tools-for-stm32.14.3.rel1.linux64_1.0.100.202602081740/tools/lib/gcc/arm-none-eabi/14.3.1/include/arm_mve.h ****   return __builtin_mve_vldrhq_gather_shifted_offset_z_uv4si ((__builtin_neon_hi *) __base, __offset
1629:/opt/st/stm32cubeide_2.1.1/plugins/com.st.stm32cube.ide.mcu.externaltools.gnu-tools-for-stm32.14.3.rel1.linux64_1.0.100.202602081740/tools/lib/gcc/arm-none-eabi/14.3.1/include/arm_mve.h **** }
1630:/opt/st/stm32cubeide_2.1.1/plugins/com.st.stm32cube.ide.mcu.externaltools.gnu-tools-for-stm32.14.3.rel1.linux64_1.0.100.202602081740/tools/lib/gcc/arm-none-eabi/14.3.1/include/arm_mve.h **** 
1631:/opt/st/stm32cubeide_2.1.1/plugins/com.st.stm32cube.ide.mcu.externaltools.gnu-tools-for-stm32.14.3.rel1.linux64_1.0.100.202602081740/tools/lib/gcc/arm-none-eabi/14.3.1/include/arm_mve.h **** __extension__ extern __inline uint16x8_t
1632:/opt/st/stm32cubeide_2.1.1/plugins/com.st.stm32cube.ide.mcu.externaltools.gnu-tools-for-stm32.14.3.rel1.linux64_1.0.100.202602081740/tools/lib/gcc/arm-none-eabi/14.3.1/include/arm_mve.h **** __attribute__ ((__always_inline__, __gnu_inline__, __artificial__))
1633:/opt/st/stm32cubeide_2.1.1/plugins/com.st.stm32cube.ide.mcu.externaltools.gnu-tools-for-stm32.14.3.rel1.linux64_1.0.100.202602081740/tools/lib/gcc/arm-none-eabi/14.3.1/include/arm_mve.h **** __arm_vldrhq_gather_shifted_offset_z_u16 (uint16_t const * __base, uint16x8_t __offset, mve_pred16_
1634:/opt/st/stm32cubeide_2.1.1/plugins/com.st.stm32cube.ide.mcu.externaltools.gnu-tools-for-stm32.14.3.rel1.linux64_1.0.100.202602081740/tools/lib/gcc/arm-none-eabi/14.3.1/include/arm_mve.h **** {
1635:/opt/st/stm32cubeide_2.1.1/plugins/com.st.stm32cube.ide.mcu.externaltools.gnu-tools-for-stm32.14.3.rel1.linux64_1.0.100.202602081740/tools/lib/gcc/arm-none-eabi/14.3.1/include/arm_mve.h ****   return __builtin_mve_vldrhq_gather_shifted_offset_z_uv8hi ((__builtin_neon_hi *) __base, __offset
1636:/opt/st/stm32cubeide_2.1.1/plugins/com.st.stm32cube.ide.mcu.externaltools.gnu-tools-for-stm32.14.3.rel1.linux64_1.0.100.202602081740/tools/lib/gcc/arm-none-eabi/14.3.1/include/arm_mve.h **** }
1637:/opt/st/stm32cubeide_2.1.1/plugins/com.st.stm32cube.ide.mcu.externaltools.gnu-tools-for-stm32.14.3.rel1.linux64_1.0.100.202602081740/tools/lib/gcc/arm-none-eabi/14.3.1/include/arm_mve.h **** 
1638:/opt/st/stm32cubeide_2.1.1/plugins/com.st.stm32cube.ide.mcu.externaltools.gnu-tools-for-stm32.14.3.rel1.linux64_1.0.100.202602081740/tools/lib/gcc/arm-none-eabi/14.3.1/include/arm_mve.h **** __extension__ extern __inline int32x4_t
1639:/opt/st/stm32cubeide_2.1.1/plugins/com.st.stm32cube.ide.mcu.externaltools.gnu-tools-for-stm32.14.3.rel1.linux64_1.0.100.202602081740/tools/lib/gcc/arm-none-eabi/14.3.1/include/arm_mve.h **** __attribute__ ((__always_inline__, __gnu_inline__, __artificial__))
1640:/opt/st/stm32cubeide_2.1.1/plugins/com.st.stm32cube.ide.mcu.externaltools.gnu-tools-for-stm32.14.3.rel1.linux64_1.0.100.202602081740/tools/lib/gcc/arm-none-eabi/14.3.1/include/arm_mve.h **** __arm_vldrhq_s32 (int16_t const * __base)
1641:/opt/st/stm32cubeide_2.1.1/plugins/com.st.stm32cube.ide.mcu.externaltools.gnu-tools-for-stm32.14.3.rel1.linux64_1.0.100.202602081740/tools/lib/gcc/arm-none-eabi/14.3.1/include/arm_mve.h **** {
1642:/opt/st/stm32cubeide_2.1.1/plugins/com.st.stm32cube.ide.mcu.externaltools.gnu-tools-for-stm32.14.3.rel1.linux64_1.0.100.202602081740/tools/lib/gcc/arm-none-eabi/14.3.1/include/arm_mve.h ****   return __builtin_mve_vldrhq_sv4si ((__builtin_neon_hi *) __base);
1643:/opt/st/stm32cubeide_2.1.1/plugins/com.st.stm32cube.ide.mcu.externaltools.gnu-tools-for-stm32.14.3.rel1.linux64_1.0.100.202602081740/tools/lib/gcc/arm-none-eabi/14.3.1/include/arm_mve.h **** }
1644:/opt/st/stm32cubeide_2.1.1/plugins/com.st.stm32cube.ide.mcu.externaltools.gnu-tools-for-stm32.14.3.rel1.linux64_1.0.100.202602081740/tools/lib/gcc/arm-none-eabi/14.3.1/include/arm_mve.h **** 
1645:/opt/st/stm32cubeide_2.1.1/plugins/com.st.stm32cube.ide.mcu.externaltools.gnu-tools-for-stm32.14.3.rel1.linux64_1.0.100.202602081740/tools/lib/gcc/arm-none-eabi/14.3.1/include/arm_mve.h **** __extension__ extern __inline int16x8_t
1646:/opt/st/stm32cubeide_2.1.1/plugins/com.st.stm32cube.ide.mcu.externaltools.gnu-tools-for-stm32.14.3.rel1.linux64_1.0.100.202602081740/tools/lib/gcc/arm-none-eabi/14.3.1/include/arm_mve.h **** __attribute__ ((__always_inline__, __gnu_inline__, __artificial__))
1647:/opt/st/stm32cubeide_2.1.1/plugins/com.st.stm32cube.ide.mcu.externaltools.gnu-tools-for-stm32.14.3.rel1.linux64_1.0.100.202602081740/tools/lib/gcc/arm-none-eabi/14.3.1/include/arm_mve.h **** __arm_vldrhq_s16 (int16_t const * __base)
1648:/opt/st/stm32cubeide_2.1.1/plugins/com.st.stm32cube.ide.mcu.externaltools.gnu-tools-for-stm32.14.3.rel1.linux64_1.0.100.202602081740/tools/lib/gcc/arm-none-eabi/14.3.1/include/arm_mve.h **** {
ARM GAS  /tmp/ccS31Hxi.s 			page 33


1649:/opt/st/stm32cubeide_2.1.1/plugins/com.st.stm32cube.ide.mcu.externaltools.gnu-tools-for-stm32.14.3.rel1.linux64_1.0.100.202602081740/tools/lib/gcc/arm-none-eabi/14.3.1/include/arm_mve.h ****   return __builtin_mve_vldrhq_sv8hi ((__builtin_neon_hi *) __base);
1650:/opt/st/stm32cubeide_2.1.1/plugins/com.st.stm32cube.ide.mcu.externaltools.gnu-tools-for-stm32.14.3.rel1.linux64_1.0.100.202602081740/tools/lib/gcc/arm-none-eabi/14.3.1/include/arm_mve.h **** }
1651:/opt/st/stm32cubeide_2.1.1/plugins/com.st.stm32cube.ide.mcu.externaltools.gnu-tools-for-stm32.14.3.rel1.linux64_1.0.100.202602081740/tools/lib/gcc/arm-none-eabi/14.3.1/include/arm_mve.h **** 
1652:/opt/st/stm32cubeide_2.1.1/plugins/com.st.stm32cube.ide.mcu.externaltools.gnu-tools-for-stm32.14.3.rel1.linux64_1.0.100.202602081740/tools/lib/gcc/arm-none-eabi/14.3.1/include/arm_mve.h **** __extension__ extern __inline uint32x4_t
1653:/opt/st/stm32cubeide_2.1.1/plugins/com.st.stm32cube.ide.mcu.externaltools.gnu-tools-for-stm32.14.3.rel1.linux64_1.0.100.202602081740/tools/lib/gcc/arm-none-eabi/14.3.1/include/arm_mve.h **** __attribute__ ((__always_inline__, __gnu_inline__, __artificial__))
1654:/opt/st/stm32cubeide_2.1.1/plugins/com.st.stm32cube.ide.mcu.externaltools.gnu-tools-for-stm32.14.3.rel1.linux64_1.0.100.202602081740/tools/lib/gcc/arm-none-eabi/14.3.1/include/arm_mve.h **** __arm_vldrhq_u32 (uint16_t const * __base)
1655:/opt/st/stm32cubeide_2.1.1/plugins/com.st.stm32cube.ide.mcu.externaltools.gnu-tools-for-stm32.14.3.rel1.linux64_1.0.100.202602081740/tools/lib/gcc/arm-none-eabi/14.3.1/include/arm_mve.h **** {
1656:/opt/st/stm32cubeide_2.1.1/plugins/com.st.stm32cube.ide.mcu.externaltools.gnu-tools-for-stm32.14.3.rel1.linux64_1.0.100.202602081740/tools/lib/gcc/arm-none-eabi/14.3.1/include/arm_mve.h ****   return __builtin_mve_vldrhq_uv4si ((__builtin_neon_hi *) __base);
1657:/opt/st/stm32cubeide_2.1.1/plugins/com.st.stm32cube.ide.mcu.externaltools.gnu-tools-for-stm32.14.3.rel1.linux64_1.0.100.202602081740/tools/lib/gcc/arm-none-eabi/14.3.1/include/arm_mve.h **** }
1658:/opt/st/stm32cubeide_2.1.1/plugins/com.st.stm32cube.ide.mcu.externaltools.gnu-tools-for-stm32.14.3.rel1.linux64_1.0.100.202602081740/tools/lib/gcc/arm-none-eabi/14.3.1/include/arm_mve.h **** 
1659:/opt/st/stm32cubeide_2.1.1/plugins/com.st.stm32cube.ide.mcu.externaltools.gnu-tools-for-stm32.14.3.rel1.linux64_1.0.100.202602081740/tools/lib/gcc/arm-none-eabi/14.3.1/include/arm_mve.h **** __extension__ extern __inline uint16x8_t
1660:/opt/st/stm32cubeide_2.1.1/plugins/com.st.stm32cube.ide.mcu.externaltools.gnu-tools-for-stm32.14.3.rel1.linux64_1.0.100.202602081740/tools/lib/gcc/arm-none-eabi/14.3.1/include/arm_mve.h **** __attribute__ ((__always_inline__, __gnu_inline__, __artificial__))
1661:/opt/st/stm32cubeide_2.1.1/plugins/com.st.stm32cube.ide.mcu.externaltools.gnu-tools-for-stm32.14.3.rel1.linux64_1.0.100.202602081740/tools/lib/gcc/arm-none-eabi/14.3.1/include/arm_mve.h **** __arm_vldrhq_u16 (uint16_t const * __base)
1662:/opt/st/stm32cubeide_2.1.1/plugins/com.st.stm32cube.ide.mcu.externaltools.gnu-tools-for-stm32.14.3.rel1.linux64_1.0.100.202602081740/tools/lib/gcc/arm-none-eabi/14.3.1/include/arm_mve.h **** {
1663:/opt/st/stm32cubeide_2.1.1/plugins/com.st.stm32cube.ide.mcu.externaltools.gnu-tools-for-stm32.14.3.rel1.linux64_1.0.100.202602081740/tools/lib/gcc/arm-none-eabi/14.3.1/include/arm_mve.h ****   return __builtin_mve_vldrhq_uv8hi ((__builtin_neon_hi *) __base);
1664:/opt/st/stm32cubeide_2.1.1/plugins/com.st.stm32cube.ide.mcu.externaltools.gnu-tools-for-stm32.14.3.rel1.linux64_1.0.100.202602081740/tools/lib/gcc/arm-none-eabi/14.3.1/include/arm_mve.h **** }
1665:/opt/st/stm32cubeide_2.1.1/plugins/com.st.stm32cube.ide.mcu.externaltools.gnu-tools-for-stm32.14.3.rel1.linux64_1.0.100.202602081740/tools/lib/gcc/arm-none-eabi/14.3.1/include/arm_mve.h **** 
1666:/opt/st/stm32cubeide_2.1.1/plugins/com.st.stm32cube.ide.mcu.externaltools.gnu-tools-for-stm32.14.3.rel1.linux64_1.0.100.202602081740/tools/lib/gcc/arm-none-eabi/14.3.1/include/arm_mve.h **** __extension__ extern __inline int32x4_t
1667:/opt/st/stm32cubeide_2.1.1/plugins/com.st.stm32cube.ide.mcu.externaltools.gnu-tools-for-stm32.14.3.rel1.linux64_1.0.100.202602081740/tools/lib/gcc/arm-none-eabi/14.3.1/include/arm_mve.h **** __attribute__ ((__always_inline__, __gnu_inline__, __artificial__))
1668:/opt/st/stm32cubeide_2.1.1/plugins/com.st.stm32cube.ide.mcu.externaltools.gnu-tools-for-stm32.14.3.rel1.linux64_1.0.100.202602081740/tools/lib/gcc/arm-none-eabi/14.3.1/include/arm_mve.h **** __arm_vldrhq_z_s32 (int16_t const * __base, mve_pred16_t __p)
1669:/opt/st/stm32cubeide_2.1.1/plugins/com.st.stm32cube.ide.mcu.externaltools.gnu-tools-for-stm32.14.3.rel1.linux64_1.0.100.202602081740/tools/lib/gcc/arm-none-eabi/14.3.1/include/arm_mve.h **** {
1670:/opt/st/stm32cubeide_2.1.1/plugins/com.st.stm32cube.ide.mcu.externaltools.gnu-tools-for-stm32.14.3.rel1.linux64_1.0.100.202602081740/tools/lib/gcc/arm-none-eabi/14.3.1/include/arm_mve.h ****   return __builtin_mve_vldrhq_z_sv4si ((__builtin_neon_hi *) __base, __p);
1671:/opt/st/stm32cubeide_2.1.1/plugins/com.st.stm32cube.ide.mcu.externaltools.gnu-tools-for-stm32.14.3.rel1.linux64_1.0.100.202602081740/tools/lib/gcc/arm-none-eabi/14.3.1/include/arm_mve.h **** }
1672:/opt/st/stm32cubeide_2.1.1/plugins/com.st.stm32cube.ide.mcu.externaltools.gnu-tools-for-stm32.14.3.rel1.linux64_1.0.100.202602081740/tools/lib/gcc/arm-none-eabi/14.3.1/include/arm_mve.h **** 
1673:/opt/st/stm32cubeide_2.1.1/plugins/com.st.stm32cube.ide.mcu.externaltools.gnu-tools-for-stm32.14.3.rel1.linux64_1.0.100.202602081740/tools/lib/gcc/arm-none-eabi/14.3.1/include/arm_mve.h **** __extension__ extern __inline int16x8_t
1674:/opt/st/stm32cubeide_2.1.1/plugins/com.st.stm32cube.ide.mcu.externaltools.gnu-tools-for-stm32.14.3.rel1.linux64_1.0.100.202602081740/tools/lib/gcc/arm-none-eabi/14.3.1/include/arm_mve.h **** __attribute__ ((__always_inline__, __gnu_inline__, __artificial__))
1675:/opt/st/stm32cubeide_2.1.1/plugins/com.st.stm32cube.ide.mcu.externaltools.gnu-tools-for-stm32.14.3.rel1.linux64_1.0.100.202602081740/tools/lib/gcc/arm-none-eabi/14.3.1/include/arm_mve.h **** __arm_vldrhq_z_s16 (int16_t const * __base, mve_pred16_t __p)
1676:/opt/st/stm32cubeide_2.1.1/plugins/com.st.stm32cube.ide.mcu.externaltools.gnu-tools-for-stm32.14.3.rel1.linux64_1.0.100.202602081740/tools/lib/gcc/arm-none-eabi/14.3.1/include/arm_mve.h **** {
1677:/opt/st/stm32cubeide_2.1.1/plugins/com.st.stm32cube.ide.mcu.externaltools.gnu-tools-for-stm32.14.3.rel1.linux64_1.0.100.202602081740/tools/lib/gcc/arm-none-eabi/14.3.1/include/arm_mve.h ****   return __builtin_mve_vldrhq_z_sv8hi ((__builtin_neon_hi *) __base, __p);
1678:/opt/st/stm32cubeide_2.1.1/plugins/com.st.stm32cube.ide.mcu.externaltools.gnu-tools-for-stm32.14.3.rel1.linux64_1.0.100.202602081740/tools/lib/gcc/arm-none-eabi/14.3.1/include/arm_mve.h **** }
1679:/opt/st/stm32cubeide_2.1.1/plugins/com.st.stm32cube.ide.mcu.externaltools.gnu-tools-for-stm32.14.3.rel1.linux64_1.0.100.202602081740/tools/lib/gcc/arm-none-eabi/14.3.1/include/arm_mve.h **** 
1680:/opt/st/stm32cubeide_2.1.1/plugins/com.st.stm32cube.ide.mcu.externaltools.gnu-tools-for-stm32.14.3.rel1.linux64_1.0.100.202602081740/tools/lib/gcc/arm-none-eabi/14.3.1/include/arm_mve.h **** __extension__ extern __inline uint32x4_t
1681:/opt/st/stm32cubeide_2.1.1/plugins/com.st.stm32cube.ide.mcu.externaltools.gnu-tools-for-stm32.14.3.rel1.linux64_1.0.100.202602081740/tools/lib/gcc/arm-none-eabi/14.3.1/include/arm_mve.h **** __attribute__ ((__always_inline__, __gnu_inline__, __artificial__))
1682:/opt/st/stm32cubeide_2.1.1/plugins/com.st.stm32cube.ide.mcu.externaltools.gnu-tools-for-stm32.14.3.rel1.linux64_1.0.100.202602081740/tools/lib/gcc/arm-none-eabi/14.3.1/include/arm_mve.h **** __arm_vldrhq_z_u32 (uint16_t const * __base, mve_pred16_t __p)
1683:/opt/st/stm32cubeide_2.1.1/plugins/com.st.stm32cube.ide.mcu.externaltools.gnu-tools-for-stm32.14.3.rel1.linux64_1.0.100.202602081740/tools/lib/gcc/arm-none-eabi/14.3.1/include/arm_mve.h **** {
1684:/opt/st/stm32cubeide_2.1.1/plugins/com.st.stm32cube.ide.mcu.externaltools.gnu-tools-for-stm32.14.3.rel1.linux64_1.0.100.202602081740/tools/lib/gcc/arm-none-eabi/14.3.1/include/arm_mve.h ****   return __builtin_mve_vldrhq_z_uv4si ((__builtin_neon_hi *) __base, __p);
1685:/opt/st/stm32cubeide_2.1.1/plugins/com.st.stm32cube.ide.mcu.externaltools.gnu-tools-for-stm32.14.3.rel1.linux64_1.0.100.202602081740/tools/lib/gcc/arm-none-eabi/14.3.1/include/arm_mve.h **** }
1686:/opt/st/stm32cubeide_2.1.1/plugins/com.st.stm32cube.ide.mcu.externaltools.gnu-tools-for-stm32.14.3.rel1.linux64_1.0.100.202602081740/tools/lib/gcc/arm-none-eabi/14.3.1/include/arm_mve.h **** 
1687:/opt/st/stm32cubeide_2.1.1/plugins/com.st.stm32cube.ide.mcu.externaltools.gnu-tools-for-stm32.14.3.rel1.linux64_1.0.100.202602081740/tools/lib/gcc/arm-none-eabi/14.3.1/include/arm_mve.h **** __extension__ extern __inline uint16x8_t
1688:/opt/st/stm32cubeide_2.1.1/plugins/com.st.stm32cube.ide.mcu.externaltools.gnu-tools-for-stm32.14.3.rel1.linux64_1.0.100.202602081740/tools/lib/gcc/arm-none-eabi/14.3.1/include/arm_mve.h **** __attribute__ ((__always_inline__, __gnu_inline__, __artificial__))
1689:/opt/st/stm32cubeide_2.1.1/plugins/com.st.stm32cube.ide.mcu.externaltools.gnu-tools-for-stm32.14.3.rel1.linux64_1.0.100.202602081740/tools/lib/gcc/arm-none-eabi/14.3.1/include/arm_mve.h **** __arm_vldrhq_z_u16 (uint16_t const * __base, mve_pred16_t __p)
1690:/opt/st/stm32cubeide_2.1.1/plugins/com.st.stm32cube.ide.mcu.externaltools.gnu-tools-for-stm32.14.3.rel1.linux64_1.0.100.202602081740/tools/lib/gcc/arm-none-eabi/14.3.1/include/arm_mve.h **** {
1691:/opt/st/stm32cubeide_2.1.1/plugins/com.st.stm32cube.ide.mcu.externaltools.gnu-tools-for-stm32.14.3.rel1.linux64_1.0.100.202602081740/tools/lib/gcc/arm-none-eabi/14.3.1/include/arm_mve.h ****   return __builtin_mve_vldrhq_z_uv8hi ((__builtin_neon_hi *) __base, __p);
1692:/opt/st/stm32cubeide_2.1.1/plugins/com.st.stm32cube.ide.mcu.externaltools.gnu-tools-for-stm32.14.3.rel1.linux64_1.0.100.202602081740/tools/lib/gcc/arm-none-eabi/14.3.1/include/arm_mve.h **** }
1693:/opt/st/stm32cubeide_2.1.1/plugins/com.st.stm32cube.ide.mcu.externaltools.gnu-tools-for-stm32.14.3.rel1.linux64_1.0.100.202602081740/tools/lib/gcc/arm-none-eabi/14.3.1/include/arm_mve.h **** 
1694:/opt/st/stm32cubeide_2.1.1/plugins/com.st.stm32cube.ide.mcu.externaltools.gnu-tools-for-stm32.14.3.rel1.linux64_1.0.100.202602081740/tools/lib/gcc/arm-none-eabi/14.3.1/include/arm_mve.h **** __extension__ extern __inline int32x4_t
1695:/opt/st/stm32cubeide_2.1.1/plugins/com.st.stm32cube.ide.mcu.externaltools.gnu-tools-for-stm32.14.3.rel1.linux64_1.0.100.202602081740/tools/lib/gcc/arm-none-eabi/14.3.1/include/arm_mve.h **** __attribute__ ((__always_inline__, __gnu_inline__, __artificial__))
1696:/opt/st/stm32cubeide_2.1.1/plugins/com.st.stm32cube.ide.mcu.externaltools.gnu-tools-for-stm32.14.3.rel1.linux64_1.0.100.202602081740/tools/lib/gcc/arm-none-eabi/14.3.1/include/arm_mve.h **** __arm_vldrwq_s32 (int32_t const * __base)
1697:/opt/st/stm32cubeide_2.1.1/plugins/com.st.stm32cube.ide.mcu.externaltools.gnu-tools-for-stm32.14.3.rel1.linux64_1.0.100.202602081740/tools/lib/gcc/arm-none-eabi/14.3.1/include/arm_mve.h **** {
1698:/opt/st/stm32cubeide_2.1.1/plugins/com.st.stm32cube.ide.mcu.externaltools.gnu-tools-for-stm32.14.3.rel1.linux64_1.0.100.202602081740/tools/lib/gcc/arm-none-eabi/14.3.1/include/arm_mve.h ****   return __builtin_mve_vldrwq_sv4si ((__builtin_neon_si *) __base);
1699:/opt/st/stm32cubeide_2.1.1/plugins/com.st.stm32cube.ide.mcu.externaltools.gnu-tools-for-stm32.14.3.rel1.linux64_1.0.100.202602081740/tools/lib/gcc/arm-none-eabi/14.3.1/include/arm_mve.h **** }
1700:/opt/st/stm32cubeide_2.1.1/plugins/com.st.stm32cube.ide.mcu.externaltools.gnu-tools-for-stm32.14.3.rel1.linux64_1.0.100.202602081740/tools/lib/gcc/arm-none-eabi/14.3.1/include/arm_mve.h **** 
1701:/opt/st/stm32cubeide_2.1.1/plugins/com.st.stm32cube.ide.mcu.externaltools.gnu-tools-for-stm32.14.3.rel1.linux64_1.0.100.202602081740/tools/lib/gcc/arm-none-eabi/14.3.1/include/arm_mve.h **** __extension__ extern __inline uint32x4_t
1702:/opt/st/stm32cubeide_2.1.1/plugins/com.st.stm32cube.ide.mcu.externaltools.gnu-tools-for-stm32.14.3.rel1.linux64_1.0.100.202602081740/tools/lib/gcc/arm-none-eabi/14.3.1/include/arm_mve.h **** __attribute__ ((__always_inline__, __gnu_inline__, __artificial__))
1703:/opt/st/stm32cubeide_2.1.1/plugins/com.st.stm32cube.ide.mcu.externaltools.gnu-tools-for-stm32.14.3.rel1.linux64_1.0.100.202602081740/tools/lib/gcc/arm-none-eabi/14.3.1/include/arm_mve.h **** __arm_vldrwq_u32 (uint32_t const * __base)
1704:/opt/st/stm32cubeide_2.1.1/plugins/com.st.stm32cube.ide.mcu.externaltools.gnu-tools-for-stm32.14.3.rel1.linux64_1.0.100.202602081740/tools/lib/gcc/arm-none-eabi/14.3.1/include/arm_mve.h **** {
1705:/opt/st/stm32cubeide_2.1.1/plugins/com.st.stm32cube.ide.mcu.externaltools.gnu-tools-for-stm32.14.3.rel1.linux64_1.0.100.202602081740/tools/lib/gcc/arm-none-eabi/14.3.1/include/arm_mve.h ****   return __builtin_mve_vldrwq_uv4si ((__builtin_neon_si *) __base);
ARM GAS  /tmp/ccS31Hxi.s 			page 34


1706:/opt/st/stm32cubeide_2.1.1/plugins/com.st.stm32cube.ide.mcu.externaltools.gnu-tools-for-stm32.14.3.rel1.linux64_1.0.100.202602081740/tools/lib/gcc/arm-none-eabi/14.3.1/include/arm_mve.h **** }
1707:/opt/st/stm32cubeide_2.1.1/plugins/com.st.stm32cube.ide.mcu.externaltools.gnu-tools-for-stm32.14.3.rel1.linux64_1.0.100.202602081740/tools/lib/gcc/arm-none-eabi/14.3.1/include/arm_mve.h **** 
1708:/opt/st/stm32cubeide_2.1.1/plugins/com.st.stm32cube.ide.mcu.externaltools.gnu-tools-for-stm32.14.3.rel1.linux64_1.0.100.202602081740/tools/lib/gcc/arm-none-eabi/14.3.1/include/arm_mve.h **** 
1709:/opt/st/stm32cubeide_2.1.1/plugins/com.st.stm32cube.ide.mcu.externaltools.gnu-tools-for-stm32.14.3.rel1.linux64_1.0.100.202602081740/tools/lib/gcc/arm-none-eabi/14.3.1/include/arm_mve.h **** __extension__ extern __inline int32x4_t
1710:/opt/st/stm32cubeide_2.1.1/plugins/com.st.stm32cube.ide.mcu.externaltools.gnu-tools-for-stm32.14.3.rel1.linux64_1.0.100.202602081740/tools/lib/gcc/arm-none-eabi/14.3.1/include/arm_mve.h **** __attribute__ ((__always_inline__, __gnu_inline__, __artificial__))
1711:/opt/st/stm32cubeide_2.1.1/plugins/com.st.stm32cube.ide.mcu.externaltools.gnu-tools-for-stm32.14.3.rel1.linux64_1.0.100.202602081740/tools/lib/gcc/arm-none-eabi/14.3.1/include/arm_mve.h **** __arm_vldrwq_z_s32 (int32_t const * __base, mve_pred16_t __p)
1712:/opt/st/stm32cubeide_2.1.1/plugins/com.st.stm32cube.ide.mcu.externaltools.gnu-tools-for-stm32.14.3.rel1.linux64_1.0.100.202602081740/tools/lib/gcc/arm-none-eabi/14.3.1/include/arm_mve.h **** {
1713:/opt/st/stm32cubeide_2.1.1/plugins/com.st.stm32cube.ide.mcu.externaltools.gnu-tools-for-stm32.14.3.rel1.linux64_1.0.100.202602081740/tools/lib/gcc/arm-none-eabi/14.3.1/include/arm_mve.h ****   return __builtin_mve_vldrwq_z_sv4si ((__builtin_neon_si *) __base, __p);
1714:/opt/st/stm32cubeide_2.1.1/plugins/com.st.stm32cube.ide.mcu.externaltools.gnu-tools-for-stm32.14.3.rel1.linux64_1.0.100.202602081740/tools/lib/gcc/arm-none-eabi/14.3.1/include/arm_mve.h **** }
1715:/opt/st/stm32cubeide_2.1.1/plugins/com.st.stm32cube.ide.mcu.externaltools.gnu-tools-for-stm32.14.3.rel1.linux64_1.0.100.202602081740/tools/lib/gcc/arm-none-eabi/14.3.1/include/arm_mve.h **** 
1716:/opt/st/stm32cubeide_2.1.1/plugins/com.st.stm32cube.ide.mcu.externaltools.gnu-tools-for-stm32.14.3.rel1.linux64_1.0.100.202602081740/tools/lib/gcc/arm-none-eabi/14.3.1/include/arm_mve.h **** __extension__ extern __inline uint32x4_t
1717:/opt/st/stm32cubeide_2.1.1/plugins/com.st.stm32cube.ide.mcu.externaltools.gnu-tools-for-stm32.14.3.rel1.linux64_1.0.100.202602081740/tools/lib/gcc/arm-none-eabi/14.3.1/include/arm_mve.h **** __attribute__ ((__always_inline__, __gnu_inline__, __artificial__))
1718:/opt/st/stm32cubeide_2.1.1/plugins/com.st.stm32cube.ide.mcu.externaltools.gnu-tools-for-stm32.14.3.rel1.linux64_1.0.100.202602081740/tools/lib/gcc/arm-none-eabi/14.3.1/include/arm_mve.h **** __arm_vldrwq_z_u32 (uint32_t const * __base, mve_pred16_t __p)
1719:/opt/st/stm32cubeide_2.1.1/plugins/com.st.stm32cube.ide.mcu.externaltools.gnu-tools-for-stm32.14.3.rel1.linux64_1.0.100.202602081740/tools/lib/gcc/arm-none-eabi/14.3.1/include/arm_mve.h **** {
1720:/opt/st/stm32cubeide_2.1.1/plugins/com.st.stm32cube.ide.mcu.externaltools.gnu-tools-for-stm32.14.3.rel1.linux64_1.0.100.202602081740/tools/lib/gcc/arm-none-eabi/14.3.1/include/arm_mve.h ****   return __builtin_mve_vldrwq_z_uv4si ((__builtin_neon_si *) __base, __p);
1721:/opt/st/stm32cubeide_2.1.1/plugins/com.st.stm32cube.ide.mcu.externaltools.gnu-tools-for-stm32.14.3.rel1.linux64_1.0.100.202602081740/tools/lib/gcc/arm-none-eabi/14.3.1/include/arm_mve.h **** }
1722:/opt/st/stm32cubeide_2.1.1/plugins/com.st.stm32cube.ide.mcu.externaltools.gnu-tools-for-stm32.14.3.rel1.linux64_1.0.100.202602081740/tools/lib/gcc/arm-none-eabi/14.3.1/include/arm_mve.h **** 
1723:/opt/st/stm32cubeide_2.1.1/plugins/com.st.stm32cube.ide.mcu.externaltools.gnu-tools-for-stm32.14.3.rel1.linux64_1.0.100.202602081740/tools/lib/gcc/arm-none-eabi/14.3.1/include/arm_mve.h **** __extension__ extern __inline int64x2_t
1724:/opt/st/stm32cubeide_2.1.1/plugins/com.st.stm32cube.ide.mcu.externaltools.gnu-tools-for-stm32.14.3.rel1.linux64_1.0.100.202602081740/tools/lib/gcc/arm-none-eabi/14.3.1/include/arm_mve.h **** __attribute__ ((__always_inline__, __gnu_inline__, __artificial__))
1725:/opt/st/stm32cubeide_2.1.1/plugins/com.st.stm32cube.ide.mcu.externaltools.gnu-tools-for-stm32.14.3.rel1.linux64_1.0.100.202602081740/tools/lib/gcc/arm-none-eabi/14.3.1/include/arm_mve.h **** __arm_vldrdq_gather_base_s64 (uint64x2_t __addr, const int __offset)
1726:/opt/st/stm32cubeide_2.1.1/plugins/com.st.stm32cube.ide.mcu.externaltools.gnu-tools-for-stm32.14.3.rel1.linux64_1.0.100.202602081740/tools/lib/gcc/arm-none-eabi/14.3.1/include/arm_mve.h **** {
1727:/opt/st/stm32cubeide_2.1.1/plugins/com.st.stm32cube.ide.mcu.externaltools.gnu-tools-for-stm32.14.3.rel1.linux64_1.0.100.202602081740/tools/lib/gcc/arm-none-eabi/14.3.1/include/arm_mve.h ****   return __builtin_mve_vldrdq_gather_base_sv2di (__addr, __offset);
1728:/opt/st/stm32cubeide_2.1.1/plugins/com.st.stm32cube.ide.mcu.externaltools.gnu-tools-for-stm32.14.3.rel1.linux64_1.0.100.202602081740/tools/lib/gcc/arm-none-eabi/14.3.1/include/arm_mve.h **** }
1729:/opt/st/stm32cubeide_2.1.1/plugins/com.st.stm32cube.ide.mcu.externaltools.gnu-tools-for-stm32.14.3.rel1.linux64_1.0.100.202602081740/tools/lib/gcc/arm-none-eabi/14.3.1/include/arm_mve.h **** 
1730:/opt/st/stm32cubeide_2.1.1/plugins/com.st.stm32cube.ide.mcu.externaltools.gnu-tools-for-stm32.14.3.rel1.linux64_1.0.100.202602081740/tools/lib/gcc/arm-none-eabi/14.3.1/include/arm_mve.h **** __extension__ extern __inline uint64x2_t
1731:/opt/st/stm32cubeide_2.1.1/plugins/com.st.stm32cube.ide.mcu.externaltools.gnu-tools-for-stm32.14.3.rel1.linux64_1.0.100.202602081740/tools/lib/gcc/arm-none-eabi/14.3.1/include/arm_mve.h **** __attribute__ ((__always_inline__, __gnu_inline__, __artificial__))
1732:/opt/st/stm32cubeide_2.1.1/plugins/com.st.stm32cube.ide.mcu.externaltools.gnu-tools-for-stm32.14.3.rel1.linux64_1.0.100.202602081740/tools/lib/gcc/arm-none-eabi/14.3.1/include/arm_mve.h **** __arm_vldrdq_gather_base_u64 (uint64x2_t __addr, const int __offset)
1733:/opt/st/stm32cubeide_2.1.1/plugins/com.st.stm32cube.ide.mcu.externaltools.gnu-tools-for-stm32.14.3.rel1.linux64_1.0.100.202602081740/tools/lib/gcc/arm-none-eabi/14.3.1/include/arm_mve.h **** {
1734:/opt/st/stm32cubeide_2.1.1/plugins/com.st.stm32cube.ide.mcu.externaltools.gnu-tools-for-stm32.14.3.rel1.linux64_1.0.100.202602081740/tools/lib/gcc/arm-none-eabi/14.3.1/include/arm_mve.h ****   return __builtin_mve_vldrdq_gather_base_uv2di (__addr, __offset);
1735:/opt/st/stm32cubeide_2.1.1/plugins/com.st.stm32cube.ide.mcu.externaltools.gnu-tools-for-stm32.14.3.rel1.linux64_1.0.100.202602081740/tools/lib/gcc/arm-none-eabi/14.3.1/include/arm_mve.h **** }
1736:/opt/st/stm32cubeide_2.1.1/plugins/com.st.stm32cube.ide.mcu.externaltools.gnu-tools-for-stm32.14.3.rel1.linux64_1.0.100.202602081740/tools/lib/gcc/arm-none-eabi/14.3.1/include/arm_mve.h **** 
1737:/opt/st/stm32cubeide_2.1.1/plugins/com.st.stm32cube.ide.mcu.externaltools.gnu-tools-for-stm32.14.3.rel1.linux64_1.0.100.202602081740/tools/lib/gcc/arm-none-eabi/14.3.1/include/arm_mve.h **** __extension__ extern __inline int64x2_t
1738:/opt/st/stm32cubeide_2.1.1/plugins/com.st.stm32cube.ide.mcu.externaltools.gnu-tools-for-stm32.14.3.rel1.linux64_1.0.100.202602081740/tools/lib/gcc/arm-none-eabi/14.3.1/include/arm_mve.h **** __attribute__ ((__always_inline__, __gnu_inline__, __artificial__))
1739:/opt/st/stm32cubeide_2.1.1/plugins/com.st.stm32cube.ide.mcu.externaltools.gnu-tools-for-stm32.14.3.rel1.linux64_1.0.100.202602081740/tools/lib/gcc/arm-none-eabi/14.3.1/include/arm_mve.h **** __arm_vldrdq_gather_base_z_s64 (uint64x2_t __addr, const int __offset, mve_pred16_t __p)
1740:/opt/st/stm32cubeide_2.1.1/plugins/com.st.stm32cube.ide.mcu.externaltools.gnu-tools-for-stm32.14.3.rel1.linux64_1.0.100.202602081740/tools/lib/gcc/arm-none-eabi/14.3.1/include/arm_mve.h **** {
1741:/opt/st/stm32cubeide_2.1.1/plugins/com.st.stm32cube.ide.mcu.externaltools.gnu-tools-for-stm32.14.3.rel1.linux64_1.0.100.202602081740/tools/lib/gcc/arm-none-eabi/14.3.1/include/arm_mve.h ****   return __builtin_mve_vldrdq_gather_base_z_sv2di (__addr, __offset, __p);
1742:/opt/st/stm32cubeide_2.1.1/plugins/com.st.stm32cube.ide.mcu.externaltools.gnu-tools-for-stm32.14.3.rel1.linux64_1.0.100.202602081740/tools/lib/gcc/arm-none-eabi/14.3.1/include/arm_mve.h **** }
1743:/opt/st/stm32cubeide_2.1.1/plugins/com.st.stm32cube.ide.mcu.externaltools.gnu-tools-for-stm32.14.3.rel1.linux64_1.0.100.202602081740/tools/lib/gcc/arm-none-eabi/14.3.1/include/arm_mve.h **** 
1744:/opt/st/stm32cubeide_2.1.1/plugins/com.st.stm32cube.ide.mcu.externaltools.gnu-tools-for-stm32.14.3.rel1.linux64_1.0.100.202602081740/tools/lib/gcc/arm-none-eabi/14.3.1/include/arm_mve.h **** __extension__ extern __inline uint64x2_t
1745:/opt/st/stm32cubeide_2.1.1/plugins/com.st.stm32cube.ide.mcu.externaltools.gnu-tools-for-stm32.14.3.rel1.linux64_1.0.100.202602081740/tools/lib/gcc/arm-none-eabi/14.3.1/include/arm_mve.h **** __attribute__ ((__always_inline__, __gnu_inline__, __artificial__))
1746:/opt/st/stm32cubeide_2.1.1/plugins/com.st.stm32cube.ide.mcu.externaltools.gnu-tools-for-stm32.14.3.rel1.linux64_1.0.100.202602081740/tools/lib/gcc/arm-none-eabi/14.3.1/include/arm_mve.h **** __arm_vldrdq_gather_base_z_u64 (uint64x2_t __addr, const int __offset, mve_pred16_t __p)
1747:/opt/st/stm32cubeide_2.1.1/plugins/com.st.stm32cube.ide.mcu.externaltools.gnu-tools-for-stm32.14.3.rel1.linux64_1.0.100.202602081740/tools/lib/gcc/arm-none-eabi/14.3.1/include/arm_mve.h **** {
1748:/opt/st/stm32cubeide_2.1.1/plugins/com.st.stm32cube.ide.mcu.externaltools.gnu-tools-for-stm32.14.3.rel1.linux64_1.0.100.202602081740/tools/lib/gcc/arm-none-eabi/14.3.1/include/arm_mve.h ****   return __builtin_mve_vldrdq_gather_base_z_uv2di (__addr, __offset, __p);
1749:/opt/st/stm32cubeide_2.1.1/plugins/com.st.stm32cube.ide.mcu.externaltools.gnu-tools-for-stm32.14.3.rel1.linux64_1.0.100.202602081740/tools/lib/gcc/arm-none-eabi/14.3.1/include/arm_mve.h **** }
1750:/opt/st/stm32cubeide_2.1.1/plugins/com.st.stm32cube.ide.mcu.externaltools.gnu-tools-for-stm32.14.3.rel1.linux64_1.0.100.202602081740/tools/lib/gcc/arm-none-eabi/14.3.1/include/arm_mve.h **** 
1751:/opt/st/stm32cubeide_2.1.1/plugins/com.st.stm32cube.ide.mcu.externaltools.gnu-tools-for-stm32.14.3.rel1.linux64_1.0.100.202602081740/tools/lib/gcc/arm-none-eabi/14.3.1/include/arm_mve.h **** __extension__ extern __inline int64x2_t
1752:/opt/st/stm32cubeide_2.1.1/plugins/com.st.stm32cube.ide.mcu.externaltools.gnu-tools-for-stm32.14.3.rel1.linux64_1.0.100.202602081740/tools/lib/gcc/arm-none-eabi/14.3.1/include/arm_mve.h **** __attribute__ ((__always_inline__, __gnu_inline__, __artificial__))
1753:/opt/st/stm32cubeide_2.1.1/plugins/com.st.stm32cube.ide.mcu.externaltools.gnu-tools-for-stm32.14.3.rel1.linux64_1.0.100.202602081740/tools/lib/gcc/arm-none-eabi/14.3.1/include/arm_mve.h **** __arm_vldrdq_gather_offset_s64 (int64_t const * __base, uint64x2_t __offset)
1754:/opt/st/stm32cubeide_2.1.1/plugins/com.st.stm32cube.ide.mcu.externaltools.gnu-tools-for-stm32.14.3.rel1.linux64_1.0.100.202602081740/tools/lib/gcc/arm-none-eabi/14.3.1/include/arm_mve.h **** {
1755:/opt/st/stm32cubeide_2.1.1/plugins/com.st.stm32cube.ide.mcu.externaltools.gnu-tools-for-stm32.14.3.rel1.linux64_1.0.100.202602081740/tools/lib/gcc/arm-none-eabi/14.3.1/include/arm_mve.h ****   return __builtin_mve_vldrdq_gather_offset_sv2di ((__builtin_neon_di *) __base, __offset);
1756:/opt/st/stm32cubeide_2.1.1/plugins/com.st.stm32cube.ide.mcu.externaltools.gnu-tools-for-stm32.14.3.rel1.linux64_1.0.100.202602081740/tools/lib/gcc/arm-none-eabi/14.3.1/include/arm_mve.h **** }
1757:/opt/st/stm32cubeide_2.1.1/plugins/com.st.stm32cube.ide.mcu.externaltools.gnu-tools-for-stm32.14.3.rel1.linux64_1.0.100.202602081740/tools/lib/gcc/arm-none-eabi/14.3.1/include/arm_mve.h **** 
1758:/opt/st/stm32cubeide_2.1.1/plugins/com.st.stm32cube.ide.mcu.externaltools.gnu-tools-for-stm32.14.3.rel1.linux64_1.0.100.202602081740/tools/lib/gcc/arm-none-eabi/14.3.1/include/arm_mve.h **** __extension__ extern __inline uint64x2_t
1759:/opt/st/stm32cubeide_2.1.1/plugins/com.st.stm32cube.ide.mcu.externaltools.gnu-tools-for-stm32.14.3.rel1.linux64_1.0.100.202602081740/tools/lib/gcc/arm-none-eabi/14.3.1/include/arm_mve.h **** __attribute__ ((__always_inline__, __gnu_inline__, __artificial__))
1760:/opt/st/stm32cubeide_2.1.1/plugins/com.st.stm32cube.ide.mcu.externaltools.gnu-tools-for-stm32.14.3.rel1.linux64_1.0.100.202602081740/tools/lib/gcc/arm-none-eabi/14.3.1/include/arm_mve.h **** __arm_vldrdq_gather_offset_u64 (uint64_t const * __base, uint64x2_t __offset)
1761:/opt/st/stm32cubeide_2.1.1/plugins/com.st.stm32cube.ide.mcu.externaltools.gnu-tools-for-stm32.14.3.rel1.linux64_1.0.100.202602081740/tools/lib/gcc/arm-none-eabi/14.3.1/include/arm_mve.h **** {
1762:/opt/st/stm32cubeide_2.1.1/plugins/com.st.stm32cube.ide.mcu.externaltools.gnu-tools-for-stm32.14.3.rel1.linux64_1.0.100.202602081740/tools/lib/gcc/arm-none-eabi/14.3.1/include/arm_mve.h ****   return __builtin_mve_vldrdq_gather_offset_uv2di ((__builtin_neon_di *) __base, __offset);
ARM GAS  /tmp/ccS31Hxi.s 			page 35


1763:/opt/st/stm32cubeide_2.1.1/plugins/com.st.stm32cube.ide.mcu.externaltools.gnu-tools-for-stm32.14.3.rel1.linux64_1.0.100.202602081740/tools/lib/gcc/arm-none-eabi/14.3.1/include/arm_mve.h **** }
1764:/opt/st/stm32cubeide_2.1.1/plugins/com.st.stm32cube.ide.mcu.externaltools.gnu-tools-for-stm32.14.3.rel1.linux64_1.0.100.202602081740/tools/lib/gcc/arm-none-eabi/14.3.1/include/arm_mve.h **** 
1765:/opt/st/stm32cubeide_2.1.1/plugins/com.st.stm32cube.ide.mcu.externaltools.gnu-tools-for-stm32.14.3.rel1.linux64_1.0.100.202602081740/tools/lib/gcc/arm-none-eabi/14.3.1/include/arm_mve.h **** __extension__ extern __inline int64x2_t
1766:/opt/st/stm32cubeide_2.1.1/plugins/com.st.stm32cube.ide.mcu.externaltools.gnu-tools-for-stm32.14.3.rel1.linux64_1.0.100.202602081740/tools/lib/gcc/arm-none-eabi/14.3.1/include/arm_mve.h **** __attribute__ ((__always_inline__, __gnu_inline__, __artificial__))
1767:/opt/st/stm32cubeide_2.1.1/plugins/com.st.stm32cube.ide.mcu.externaltools.gnu-tools-for-stm32.14.3.rel1.linux64_1.0.100.202602081740/tools/lib/gcc/arm-none-eabi/14.3.1/include/arm_mve.h **** __arm_vldrdq_gather_offset_z_s64 (int64_t const * __base, uint64x2_t __offset, mve_pred16_t __p)
1768:/opt/st/stm32cubeide_2.1.1/plugins/com.st.stm32cube.ide.mcu.externaltools.gnu-tools-for-stm32.14.3.rel1.linux64_1.0.100.202602081740/tools/lib/gcc/arm-none-eabi/14.3.1/include/arm_mve.h **** {
1769:/opt/st/stm32cubeide_2.1.1/plugins/com.st.stm32cube.ide.mcu.externaltools.gnu-tools-for-stm32.14.3.rel1.linux64_1.0.100.202602081740/tools/lib/gcc/arm-none-eabi/14.3.1/include/arm_mve.h ****   return __builtin_mve_vldrdq_gather_offset_z_sv2di ((__builtin_neon_di *) __base, __offset, __p);
1770:/opt/st/stm32cubeide_2.1.1/plugins/com.st.stm32cube.ide.mcu.externaltools.gnu-tools-for-stm32.14.3.rel1.linux64_1.0.100.202602081740/tools/lib/gcc/arm-none-eabi/14.3.1/include/arm_mve.h **** }
1771:/opt/st/stm32cubeide_2.1.1/plugins/com.st.stm32cube.ide.mcu.externaltools.gnu-tools-for-stm32.14.3.rel1.linux64_1.0.100.202602081740/tools/lib/gcc/arm-none-eabi/14.3.1/include/arm_mve.h **** 
1772:/opt/st/stm32cubeide_2.1.1/plugins/com.st.stm32cube.ide.mcu.externaltools.gnu-tools-for-stm32.14.3.rel1.linux64_1.0.100.202602081740/tools/lib/gcc/arm-none-eabi/14.3.1/include/arm_mve.h **** 
1773:/opt/st/stm32cubeide_2.1.1/plugins/com.st.stm32cube.ide.mcu.externaltools.gnu-tools-for-stm32.14.3.rel1.linux64_1.0.100.202602081740/tools/lib/gcc/arm-none-eabi/14.3.1/include/arm_mve.h **** __extension__ extern __inline uint64x2_t
1774:/opt/st/stm32cubeide_2.1.1/plugins/com.st.stm32cube.ide.mcu.externaltools.gnu-tools-for-stm32.14.3.rel1.linux64_1.0.100.202602081740/tools/lib/gcc/arm-none-eabi/14.3.1/include/arm_mve.h **** __attribute__ ((__always_inline__, __gnu_inline__, __artificial__))
1775:/opt/st/stm32cubeide_2.1.1/plugins/com.st.stm32cube.ide.mcu.externaltools.gnu-tools-for-stm32.14.3.rel1.linux64_1.0.100.202602081740/tools/lib/gcc/arm-none-eabi/14.3.1/include/arm_mve.h **** __arm_vldrdq_gather_offset_z_u64 (uint64_t const * __base, uint64x2_t __offset, mve_pred16_t __p)
1776:/opt/st/stm32cubeide_2.1.1/plugins/com.st.stm32cube.ide.mcu.externaltools.gnu-tools-for-stm32.14.3.rel1.linux64_1.0.100.202602081740/tools/lib/gcc/arm-none-eabi/14.3.1/include/arm_mve.h **** {
1777:/opt/st/stm32cubeide_2.1.1/plugins/com.st.stm32cube.ide.mcu.externaltools.gnu-tools-for-stm32.14.3.rel1.linux64_1.0.100.202602081740/tools/lib/gcc/arm-none-eabi/14.3.1/include/arm_mve.h ****   return __builtin_mve_vldrdq_gather_offset_z_uv2di ((__builtin_neon_di *) __base, __offset, __p);
1778:/opt/st/stm32cubeide_2.1.1/plugins/com.st.stm32cube.ide.mcu.externaltools.gnu-tools-for-stm32.14.3.rel1.linux64_1.0.100.202602081740/tools/lib/gcc/arm-none-eabi/14.3.1/include/arm_mve.h **** }
1779:/opt/st/stm32cubeide_2.1.1/plugins/com.st.stm32cube.ide.mcu.externaltools.gnu-tools-for-stm32.14.3.rel1.linux64_1.0.100.202602081740/tools/lib/gcc/arm-none-eabi/14.3.1/include/arm_mve.h **** 
1780:/opt/st/stm32cubeide_2.1.1/plugins/com.st.stm32cube.ide.mcu.externaltools.gnu-tools-for-stm32.14.3.rel1.linux64_1.0.100.202602081740/tools/lib/gcc/arm-none-eabi/14.3.1/include/arm_mve.h **** __extension__ extern __inline int64x2_t
1781:/opt/st/stm32cubeide_2.1.1/plugins/com.st.stm32cube.ide.mcu.externaltools.gnu-tools-for-stm32.14.3.rel1.linux64_1.0.100.202602081740/tools/lib/gcc/arm-none-eabi/14.3.1/include/arm_mve.h **** __attribute__ ((__always_inline__, __gnu_inline__, __artificial__))
1782:/opt/st/stm32cubeide_2.1.1/plugins/com.st.stm32cube.ide.mcu.externaltools.gnu-tools-for-stm32.14.3.rel1.linux64_1.0.100.202602081740/tools/lib/gcc/arm-none-eabi/14.3.1/include/arm_mve.h **** __arm_vldrdq_gather_shifted_offset_s64 (int64_t const * __base, uint64x2_t __offset)
1783:/opt/st/stm32cubeide_2.1.1/plugins/com.st.stm32cube.ide.mcu.externaltools.gnu-tools-for-stm32.14.3.rel1.linux64_1.0.100.202602081740/tools/lib/gcc/arm-none-eabi/14.3.1/include/arm_mve.h **** {
1784:/opt/st/stm32cubeide_2.1.1/plugins/com.st.stm32cube.ide.mcu.externaltools.gnu-tools-for-stm32.14.3.rel1.linux64_1.0.100.202602081740/tools/lib/gcc/arm-none-eabi/14.3.1/include/arm_mve.h ****   return __builtin_mve_vldrdq_gather_shifted_offset_sv2di ((__builtin_neon_di *) __base, __offset);
1785:/opt/st/stm32cubeide_2.1.1/plugins/com.st.stm32cube.ide.mcu.externaltools.gnu-tools-for-stm32.14.3.rel1.linux64_1.0.100.202602081740/tools/lib/gcc/arm-none-eabi/14.3.1/include/arm_mve.h **** }
1786:/opt/st/stm32cubeide_2.1.1/plugins/com.st.stm32cube.ide.mcu.externaltools.gnu-tools-for-stm32.14.3.rel1.linux64_1.0.100.202602081740/tools/lib/gcc/arm-none-eabi/14.3.1/include/arm_mve.h **** 
1787:/opt/st/stm32cubeide_2.1.1/plugins/com.st.stm32cube.ide.mcu.externaltools.gnu-tools-for-stm32.14.3.rel1.linux64_1.0.100.202602081740/tools/lib/gcc/arm-none-eabi/14.3.1/include/arm_mve.h **** __extension__ extern __inline uint64x2_t
1788:/opt/st/stm32cubeide_2.1.1/plugins/com.st.stm32cube.ide.mcu.externaltools.gnu-tools-for-stm32.14.3.rel1.linux64_1.0.100.202602081740/tools/lib/gcc/arm-none-eabi/14.3.1/include/arm_mve.h **** __attribute__ ((__always_inline__, __gnu_inline__, __artificial__))
1789:/opt/st/stm32cubeide_2.1.1/plugins/com.st.stm32cube.ide.mcu.externaltools.gnu-tools-for-stm32.14.3.rel1.linux64_1.0.100.202602081740/tools/lib/gcc/arm-none-eabi/14.3.1/include/arm_mve.h **** __arm_vldrdq_gather_shifted_offset_u64 (uint64_t const * __base, uint64x2_t __offset)
1790:/opt/st/stm32cubeide_2.1.1/plugins/com.st.stm32cube.ide.mcu.externaltools.gnu-tools-for-stm32.14.3.rel1.linux64_1.0.100.202602081740/tools/lib/gcc/arm-none-eabi/14.3.1/include/arm_mve.h **** {
1791:/opt/st/stm32cubeide_2.1.1/plugins/com.st.stm32cube.ide.mcu.externaltools.gnu-tools-for-stm32.14.3.rel1.linux64_1.0.100.202602081740/tools/lib/gcc/arm-none-eabi/14.3.1/include/arm_mve.h ****   return __builtin_mve_vldrdq_gather_shifted_offset_uv2di ((__builtin_neon_di *) __base, __offset);
1792:/opt/st/stm32cubeide_2.1.1/plugins/com.st.stm32cube.ide.mcu.externaltools.gnu-tools-for-stm32.14.3.rel1.linux64_1.0.100.202602081740/tools/lib/gcc/arm-none-eabi/14.3.1/include/arm_mve.h **** }
1793:/opt/st/stm32cubeide_2.1.1/plugins/com.st.stm32cube.ide.mcu.externaltools.gnu-tools-for-stm32.14.3.rel1.linux64_1.0.100.202602081740/tools/lib/gcc/arm-none-eabi/14.3.1/include/arm_mve.h **** 
1794:/opt/st/stm32cubeide_2.1.1/plugins/com.st.stm32cube.ide.mcu.externaltools.gnu-tools-for-stm32.14.3.rel1.linux64_1.0.100.202602081740/tools/lib/gcc/arm-none-eabi/14.3.1/include/arm_mve.h **** __extension__ extern __inline int64x2_t
1795:/opt/st/stm32cubeide_2.1.1/plugins/com.st.stm32cube.ide.mcu.externaltools.gnu-tools-for-stm32.14.3.rel1.linux64_1.0.100.202602081740/tools/lib/gcc/arm-none-eabi/14.3.1/include/arm_mve.h **** __attribute__ ((__always_inline__, __gnu_inline__, __artificial__))
1796:/opt/st/stm32cubeide_2.1.1/plugins/com.st.stm32cube.ide.mcu.externaltools.gnu-tools-for-stm32.14.3.rel1.linux64_1.0.100.202602081740/tools/lib/gcc/arm-none-eabi/14.3.1/include/arm_mve.h **** __arm_vldrdq_gather_shifted_offset_z_s64 (int64_t const * __base, uint64x2_t __offset, mve_pred16_t
1797:/opt/st/stm32cubeide_2.1.1/plugins/com.st.stm32cube.ide.mcu.externaltools.gnu-tools-for-stm32.14.3.rel1.linux64_1.0.100.202602081740/tools/lib/gcc/arm-none-eabi/14.3.1/include/arm_mve.h **** {
1798:/opt/st/stm32cubeide_2.1.1/plugins/com.st.stm32cube.ide.mcu.externaltools.gnu-tools-for-stm32.14.3.rel1.linux64_1.0.100.202602081740/tools/lib/gcc/arm-none-eabi/14.3.1/include/arm_mve.h ****   return __builtin_mve_vldrdq_gather_shifted_offset_z_sv2di ((__builtin_neon_di *) __base, __offset
1799:/opt/st/stm32cubeide_2.1.1/plugins/com.st.stm32cube.ide.mcu.externaltools.gnu-tools-for-stm32.14.3.rel1.linux64_1.0.100.202602081740/tools/lib/gcc/arm-none-eabi/14.3.1/include/arm_mve.h **** }
1800:/opt/st/stm32cubeide_2.1.1/plugins/com.st.stm32cube.ide.mcu.externaltools.gnu-tools-for-stm32.14.3.rel1.linux64_1.0.100.202602081740/tools/lib/gcc/arm-none-eabi/14.3.1/include/arm_mve.h **** 
1801:/opt/st/stm32cubeide_2.1.1/plugins/com.st.stm32cube.ide.mcu.externaltools.gnu-tools-for-stm32.14.3.rel1.linux64_1.0.100.202602081740/tools/lib/gcc/arm-none-eabi/14.3.1/include/arm_mve.h **** __extension__ extern __inline uint64x2_t
1802:/opt/st/stm32cubeide_2.1.1/plugins/com.st.stm32cube.ide.mcu.externaltools.gnu-tools-for-stm32.14.3.rel1.linux64_1.0.100.202602081740/tools/lib/gcc/arm-none-eabi/14.3.1/include/arm_mve.h **** __attribute__ ((__always_inline__, __gnu_inline__, __artificial__))
1803:/opt/st/stm32cubeide_2.1.1/plugins/com.st.stm32cube.ide.mcu.externaltools.gnu-tools-for-stm32.14.3.rel1.linux64_1.0.100.202602081740/tools/lib/gcc/arm-none-eabi/14.3.1/include/arm_mve.h **** __arm_vldrdq_gather_shifted_offset_z_u64 (uint64_t const * __base, uint64x2_t __offset, mve_pred16_
1804:/opt/st/stm32cubeide_2.1.1/plugins/com.st.stm32cube.ide.mcu.externaltools.gnu-tools-for-stm32.14.3.rel1.linux64_1.0.100.202602081740/tools/lib/gcc/arm-none-eabi/14.3.1/include/arm_mve.h **** {
1805:/opt/st/stm32cubeide_2.1.1/plugins/com.st.stm32cube.ide.mcu.externaltools.gnu-tools-for-stm32.14.3.rel1.linux64_1.0.100.202602081740/tools/lib/gcc/arm-none-eabi/14.3.1/include/arm_mve.h ****   return __builtin_mve_vldrdq_gather_shifted_offset_z_uv2di ((__builtin_neon_di *) __base, __offset
1806:/opt/st/stm32cubeide_2.1.1/plugins/com.st.stm32cube.ide.mcu.externaltools.gnu-tools-for-stm32.14.3.rel1.linux64_1.0.100.202602081740/tools/lib/gcc/arm-none-eabi/14.3.1/include/arm_mve.h **** }
1807:/opt/st/stm32cubeide_2.1.1/plugins/com.st.stm32cube.ide.mcu.externaltools.gnu-tools-for-stm32.14.3.rel1.linux64_1.0.100.202602081740/tools/lib/gcc/arm-none-eabi/14.3.1/include/arm_mve.h **** 
1808:/opt/st/stm32cubeide_2.1.1/plugins/com.st.stm32cube.ide.mcu.externaltools.gnu-tools-for-stm32.14.3.rel1.linux64_1.0.100.202602081740/tools/lib/gcc/arm-none-eabi/14.3.1/include/arm_mve.h **** __extension__ extern __inline int32x4_t
1809:/opt/st/stm32cubeide_2.1.1/plugins/com.st.stm32cube.ide.mcu.externaltools.gnu-tools-for-stm32.14.3.rel1.linux64_1.0.100.202602081740/tools/lib/gcc/arm-none-eabi/14.3.1/include/arm_mve.h **** __attribute__ ((__always_inline__, __gnu_inline__, __artificial__))
1810:/opt/st/stm32cubeide_2.1.1/plugins/com.st.stm32cube.ide.mcu.externaltools.gnu-tools-for-stm32.14.3.rel1.linux64_1.0.100.202602081740/tools/lib/gcc/arm-none-eabi/14.3.1/include/arm_mve.h **** __arm_vldrwq_gather_offset_s32 (int32_t const * __base, uint32x4_t __offset)
1811:/opt/st/stm32cubeide_2.1.1/plugins/com.st.stm32cube.ide.mcu.externaltools.gnu-tools-for-stm32.14.3.rel1.linux64_1.0.100.202602081740/tools/lib/gcc/arm-none-eabi/14.3.1/include/arm_mve.h **** {
1812:/opt/st/stm32cubeide_2.1.1/plugins/com.st.stm32cube.ide.mcu.externaltools.gnu-tools-for-stm32.14.3.rel1.linux64_1.0.100.202602081740/tools/lib/gcc/arm-none-eabi/14.3.1/include/arm_mve.h ****   return __builtin_mve_vldrwq_gather_offset_sv4si ((__builtin_neon_si *) __base, __offset);
1813:/opt/st/stm32cubeide_2.1.1/plugins/com.st.stm32cube.ide.mcu.externaltools.gnu-tools-for-stm32.14.3.rel1.linux64_1.0.100.202602081740/tools/lib/gcc/arm-none-eabi/14.3.1/include/arm_mve.h **** }
1814:/opt/st/stm32cubeide_2.1.1/plugins/com.st.stm32cube.ide.mcu.externaltools.gnu-tools-for-stm32.14.3.rel1.linux64_1.0.100.202602081740/tools/lib/gcc/arm-none-eabi/14.3.1/include/arm_mve.h **** 
1815:/opt/st/stm32cubeide_2.1.1/plugins/com.st.stm32cube.ide.mcu.externaltools.gnu-tools-for-stm32.14.3.rel1.linux64_1.0.100.202602081740/tools/lib/gcc/arm-none-eabi/14.3.1/include/arm_mve.h **** __extension__ extern __inline uint32x4_t
1816:/opt/st/stm32cubeide_2.1.1/plugins/com.st.stm32cube.ide.mcu.externaltools.gnu-tools-for-stm32.14.3.rel1.linux64_1.0.100.202602081740/tools/lib/gcc/arm-none-eabi/14.3.1/include/arm_mve.h **** __attribute__ ((__always_inline__, __gnu_inline__, __artificial__))
1817:/opt/st/stm32cubeide_2.1.1/plugins/com.st.stm32cube.ide.mcu.externaltools.gnu-tools-for-stm32.14.3.rel1.linux64_1.0.100.202602081740/tools/lib/gcc/arm-none-eabi/14.3.1/include/arm_mve.h **** __arm_vldrwq_gather_offset_u32 (uint32_t const * __base, uint32x4_t __offset)
1818:/opt/st/stm32cubeide_2.1.1/plugins/com.st.stm32cube.ide.mcu.externaltools.gnu-tools-for-stm32.14.3.rel1.linux64_1.0.100.202602081740/tools/lib/gcc/arm-none-eabi/14.3.1/include/arm_mve.h **** {
1819:/opt/st/stm32cubeide_2.1.1/plugins/com.st.stm32cube.ide.mcu.externaltools.gnu-tools-for-stm32.14.3.rel1.linux64_1.0.100.202602081740/tools/lib/gcc/arm-none-eabi/14.3.1/include/arm_mve.h ****   return __builtin_mve_vldrwq_gather_offset_uv4si ((__builtin_neon_si *) __base, __offset);
ARM GAS  /tmp/ccS31Hxi.s 			page 36


1820:/opt/st/stm32cubeide_2.1.1/plugins/com.st.stm32cube.ide.mcu.externaltools.gnu-tools-for-stm32.14.3.rel1.linux64_1.0.100.202602081740/tools/lib/gcc/arm-none-eabi/14.3.1/include/arm_mve.h **** }
1821:/opt/st/stm32cubeide_2.1.1/plugins/com.st.stm32cube.ide.mcu.externaltools.gnu-tools-for-stm32.14.3.rel1.linux64_1.0.100.202602081740/tools/lib/gcc/arm-none-eabi/14.3.1/include/arm_mve.h **** 
1822:/opt/st/stm32cubeide_2.1.1/plugins/com.st.stm32cube.ide.mcu.externaltools.gnu-tools-for-stm32.14.3.rel1.linux64_1.0.100.202602081740/tools/lib/gcc/arm-none-eabi/14.3.1/include/arm_mve.h **** __extension__ extern __inline int32x4_t
1823:/opt/st/stm32cubeide_2.1.1/plugins/com.st.stm32cube.ide.mcu.externaltools.gnu-tools-for-stm32.14.3.rel1.linux64_1.0.100.202602081740/tools/lib/gcc/arm-none-eabi/14.3.1/include/arm_mve.h **** __attribute__ ((__always_inline__, __gnu_inline__, __artificial__))
1824:/opt/st/stm32cubeide_2.1.1/plugins/com.st.stm32cube.ide.mcu.externaltools.gnu-tools-for-stm32.14.3.rel1.linux64_1.0.100.202602081740/tools/lib/gcc/arm-none-eabi/14.3.1/include/arm_mve.h **** __arm_vldrwq_gather_offset_z_s32 (int32_t const * __base, uint32x4_t __offset, mve_pred16_t __p)
1825:/opt/st/stm32cubeide_2.1.1/plugins/com.st.stm32cube.ide.mcu.externaltools.gnu-tools-for-stm32.14.3.rel1.linux64_1.0.100.202602081740/tools/lib/gcc/arm-none-eabi/14.3.1/include/arm_mve.h **** {
1826:/opt/st/stm32cubeide_2.1.1/plugins/com.st.stm32cube.ide.mcu.externaltools.gnu-tools-for-stm32.14.3.rel1.linux64_1.0.100.202602081740/tools/lib/gcc/arm-none-eabi/14.3.1/include/arm_mve.h ****   return __builtin_mve_vldrwq_gather_offset_z_sv4si ((__builtin_neon_si *) __base, __offset, __p);
1827:/opt/st/stm32cubeide_2.1.1/plugins/com.st.stm32cube.ide.mcu.externaltools.gnu-tools-for-stm32.14.3.rel1.linux64_1.0.100.202602081740/tools/lib/gcc/arm-none-eabi/14.3.1/include/arm_mve.h **** }
1828:/opt/st/stm32cubeide_2.1.1/plugins/com.st.stm32cube.ide.mcu.externaltools.gnu-tools-for-stm32.14.3.rel1.linux64_1.0.100.202602081740/tools/lib/gcc/arm-none-eabi/14.3.1/include/arm_mve.h **** 
1829:/opt/st/stm32cubeide_2.1.1/plugins/com.st.stm32cube.ide.mcu.externaltools.gnu-tools-for-stm32.14.3.rel1.linux64_1.0.100.202602081740/tools/lib/gcc/arm-none-eabi/14.3.1/include/arm_mve.h **** __extension__ extern __inline uint32x4_t
1830:/opt/st/stm32cubeide_2.1.1/plugins/com.st.stm32cube.ide.mcu.externaltools.gnu-tools-for-stm32.14.3.rel1.linux64_1.0.100.202602081740/tools/lib/gcc/arm-none-eabi/14.3.1/include/arm_mve.h **** __attribute__ ((__always_inline__, __gnu_inline__, __artificial__))
1831:/opt/st/stm32cubeide_2.1.1/plugins/com.st.stm32cube.ide.mcu.externaltools.gnu-tools-for-stm32.14.3.rel1.linux64_1.0.100.202602081740/tools/lib/gcc/arm-none-eabi/14.3.1/include/arm_mve.h **** __arm_vldrwq_gather_offset_z_u32 (uint32_t const * __base, uint32x4_t __offset, mve_pred16_t __p)
1832:/opt/st/stm32cubeide_2.1.1/plugins/com.st.stm32cube.ide.mcu.externaltools.gnu-tools-for-stm32.14.3.rel1.linux64_1.0.100.202602081740/tools/lib/gcc/arm-none-eabi/14.3.1/include/arm_mve.h **** {
1833:/opt/st/stm32cubeide_2.1.1/plugins/com.st.stm32cube.ide.mcu.externaltools.gnu-tools-for-stm32.14.3.rel1.linux64_1.0.100.202602081740/tools/lib/gcc/arm-none-eabi/14.3.1/include/arm_mve.h ****   return __builtin_mve_vldrwq_gather_offset_z_uv4si ((__builtin_neon_si *) __base, __offset, __p);
1834:/opt/st/stm32cubeide_2.1.1/plugins/com.st.stm32cube.ide.mcu.externaltools.gnu-tools-for-stm32.14.3.rel1.linux64_1.0.100.202602081740/tools/lib/gcc/arm-none-eabi/14.3.1/include/arm_mve.h **** }
1835:/opt/st/stm32cubeide_2.1.1/plugins/com.st.stm32cube.ide.mcu.externaltools.gnu-tools-for-stm32.14.3.rel1.linux64_1.0.100.202602081740/tools/lib/gcc/arm-none-eabi/14.3.1/include/arm_mve.h **** 
1836:/opt/st/stm32cubeide_2.1.1/plugins/com.st.stm32cube.ide.mcu.externaltools.gnu-tools-for-stm32.14.3.rel1.linux64_1.0.100.202602081740/tools/lib/gcc/arm-none-eabi/14.3.1/include/arm_mve.h **** __extension__ extern __inline int32x4_t
1837:/opt/st/stm32cubeide_2.1.1/plugins/com.st.stm32cube.ide.mcu.externaltools.gnu-tools-for-stm32.14.3.rel1.linux64_1.0.100.202602081740/tools/lib/gcc/arm-none-eabi/14.3.1/include/arm_mve.h **** __attribute__ ((__always_inline__, __gnu_inline__, __artificial__))
1838:/opt/st/stm32cubeide_2.1.1/plugins/com.st.stm32cube.ide.mcu.externaltools.gnu-tools-for-stm32.14.3.rel1.linux64_1.0.100.202602081740/tools/lib/gcc/arm-none-eabi/14.3.1/include/arm_mve.h **** __arm_vldrwq_gather_shifted_offset_s32 (int32_t const * __base, uint32x4_t __offset)
1839:/opt/st/stm32cubeide_2.1.1/plugins/com.st.stm32cube.ide.mcu.externaltools.gnu-tools-for-stm32.14.3.rel1.linux64_1.0.100.202602081740/tools/lib/gcc/arm-none-eabi/14.3.1/include/arm_mve.h **** {
1840:/opt/st/stm32cubeide_2.1.1/plugins/com.st.stm32cube.ide.mcu.externaltools.gnu-tools-for-stm32.14.3.rel1.linux64_1.0.100.202602081740/tools/lib/gcc/arm-none-eabi/14.3.1/include/arm_mve.h ****   return __builtin_mve_vldrwq_gather_shifted_offset_sv4si ((__builtin_neon_si *) __base, __offset);
1841:/opt/st/stm32cubeide_2.1.1/plugins/com.st.stm32cube.ide.mcu.externaltools.gnu-tools-for-stm32.14.3.rel1.linux64_1.0.100.202602081740/tools/lib/gcc/arm-none-eabi/14.3.1/include/arm_mve.h **** }
1842:/opt/st/stm32cubeide_2.1.1/plugins/com.st.stm32cube.ide.mcu.externaltools.gnu-tools-for-stm32.14.3.rel1.linux64_1.0.100.202602081740/tools/lib/gcc/arm-none-eabi/14.3.1/include/arm_mve.h **** 
1843:/opt/st/stm32cubeide_2.1.1/plugins/com.st.stm32cube.ide.mcu.externaltools.gnu-tools-for-stm32.14.3.rel1.linux64_1.0.100.202602081740/tools/lib/gcc/arm-none-eabi/14.3.1/include/arm_mve.h **** __extension__ extern __inline uint32x4_t
1844:/opt/st/stm32cubeide_2.1.1/plugins/com.st.stm32cube.ide.mcu.externaltools.gnu-tools-for-stm32.14.3.rel1.linux64_1.0.100.202602081740/tools/lib/gcc/arm-none-eabi/14.3.1/include/arm_mve.h **** __attribute__ ((__always_inline__, __gnu_inline__, __artificial__))
1845:/opt/st/stm32cubeide_2.1.1/plugins/com.st.stm32cube.ide.mcu.externaltools.gnu-tools-for-stm32.14.3.rel1.linux64_1.0.100.202602081740/tools/lib/gcc/arm-none-eabi/14.3.1/include/arm_mve.h **** __arm_vldrwq_gather_shifted_offset_u32 (uint32_t const * __base, uint32x4_t __offset)
1846:/opt/st/stm32cubeide_2.1.1/plugins/com.st.stm32cube.ide.mcu.externaltools.gnu-tools-for-stm32.14.3.rel1.linux64_1.0.100.202602081740/tools/lib/gcc/arm-none-eabi/14.3.1/include/arm_mve.h **** {
1847:/opt/st/stm32cubeide_2.1.1/plugins/com.st.stm32cube.ide.mcu.externaltools.gnu-tools-for-stm32.14.3.rel1.linux64_1.0.100.202602081740/tools/lib/gcc/arm-none-eabi/14.3.1/include/arm_mve.h ****   return __builtin_mve_vldrwq_gather_shifted_offset_uv4si ((__builtin_neon_si *) __base, __offset);
1848:/opt/st/stm32cubeide_2.1.1/plugins/com.st.stm32cube.ide.mcu.externaltools.gnu-tools-for-stm32.14.3.rel1.linux64_1.0.100.202602081740/tools/lib/gcc/arm-none-eabi/14.3.1/include/arm_mve.h **** }
1849:/opt/st/stm32cubeide_2.1.1/plugins/com.st.stm32cube.ide.mcu.externaltools.gnu-tools-for-stm32.14.3.rel1.linux64_1.0.100.202602081740/tools/lib/gcc/arm-none-eabi/14.3.1/include/arm_mve.h **** 
1850:/opt/st/stm32cubeide_2.1.1/plugins/com.st.stm32cube.ide.mcu.externaltools.gnu-tools-for-stm32.14.3.rel1.linux64_1.0.100.202602081740/tools/lib/gcc/arm-none-eabi/14.3.1/include/arm_mve.h **** __extension__ extern __inline int32x4_t
1851:/opt/st/stm32cubeide_2.1.1/plugins/com.st.stm32cube.ide.mcu.externaltools.gnu-tools-for-stm32.14.3.rel1.linux64_1.0.100.202602081740/tools/lib/gcc/arm-none-eabi/14.3.1/include/arm_mve.h **** __attribute__ ((__always_inline__, __gnu_inline__, __artificial__))
1852:/opt/st/stm32cubeide_2.1.1/plugins/com.st.stm32cube.ide.mcu.externaltools.gnu-tools-for-stm32.14.3.rel1.linux64_1.0.100.202602081740/tools/lib/gcc/arm-none-eabi/14.3.1/include/arm_mve.h **** __arm_vldrwq_gather_shifted_offset_z_s32 (int32_t const * __base, uint32x4_t __offset, mve_pred16_t
1853:/opt/st/stm32cubeide_2.1.1/plugins/com.st.stm32cube.ide.mcu.externaltools.gnu-tools-for-stm32.14.3.rel1.linux64_1.0.100.202602081740/tools/lib/gcc/arm-none-eabi/14.3.1/include/arm_mve.h **** {
1854:/opt/st/stm32cubeide_2.1.1/plugins/com.st.stm32cube.ide.mcu.externaltools.gnu-tools-for-stm32.14.3.rel1.linux64_1.0.100.202602081740/tools/lib/gcc/arm-none-eabi/14.3.1/include/arm_mve.h ****   return __builtin_mve_vldrwq_gather_shifted_offset_z_sv4si ((__builtin_neon_si *) __base, __offset
1855:/opt/st/stm32cubeide_2.1.1/plugins/com.st.stm32cube.ide.mcu.externaltools.gnu-tools-for-stm32.14.3.rel1.linux64_1.0.100.202602081740/tools/lib/gcc/arm-none-eabi/14.3.1/include/arm_mve.h **** }
1856:/opt/st/stm32cubeide_2.1.1/plugins/com.st.stm32cube.ide.mcu.externaltools.gnu-tools-for-stm32.14.3.rel1.linux64_1.0.100.202602081740/tools/lib/gcc/arm-none-eabi/14.3.1/include/arm_mve.h **** 
1857:/opt/st/stm32cubeide_2.1.1/plugins/com.st.stm32cube.ide.mcu.externaltools.gnu-tools-for-stm32.14.3.rel1.linux64_1.0.100.202602081740/tools/lib/gcc/arm-none-eabi/14.3.1/include/arm_mve.h **** __extension__ extern __inline uint32x4_t
1858:/opt/st/stm32cubeide_2.1.1/plugins/com.st.stm32cube.ide.mcu.externaltools.gnu-tools-for-stm32.14.3.rel1.linux64_1.0.100.202602081740/tools/lib/gcc/arm-none-eabi/14.3.1/include/arm_mve.h **** __attribute__ ((__always_inline__, __gnu_inline__, __artificial__))
1859:/opt/st/stm32cubeide_2.1.1/plugins/com.st.stm32cube.ide.mcu.externaltools.gnu-tools-for-stm32.14.3.rel1.linux64_1.0.100.202602081740/tools/lib/gcc/arm-none-eabi/14.3.1/include/arm_mve.h **** __arm_vldrwq_gather_shifted_offset_z_u32 (uint32_t const * __base, uint32x4_t __offset, mve_pred16_
1860:/opt/st/stm32cubeide_2.1.1/plugins/com.st.stm32cube.ide.mcu.externaltools.gnu-tools-for-stm32.14.3.rel1.linux64_1.0.100.202602081740/tools/lib/gcc/arm-none-eabi/14.3.1/include/arm_mve.h **** {
1861:/opt/st/stm32cubeide_2.1.1/plugins/com.st.stm32cube.ide.mcu.externaltools.gnu-tools-for-stm32.14.3.rel1.linux64_1.0.100.202602081740/tools/lib/gcc/arm-none-eabi/14.3.1/include/arm_mve.h ****   return __builtin_mve_vldrwq_gather_shifted_offset_z_uv4si ((__builtin_neon_si *) __base, __offset
1862:/opt/st/stm32cubeide_2.1.1/plugins/com.st.stm32cube.ide.mcu.externaltools.gnu-tools-for-stm32.14.3.rel1.linux64_1.0.100.202602081740/tools/lib/gcc/arm-none-eabi/14.3.1/include/arm_mve.h **** }
1863:/opt/st/stm32cubeide_2.1.1/plugins/com.st.stm32cube.ide.mcu.externaltools.gnu-tools-for-stm32.14.3.rel1.linux64_1.0.100.202602081740/tools/lib/gcc/arm-none-eabi/14.3.1/include/arm_mve.h **** 
1864:/opt/st/stm32cubeide_2.1.1/plugins/com.st.stm32cube.ide.mcu.externaltools.gnu-tools-for-stm32.14.3.rel1.linux64_1.0.100.202602081740/tools/lib/gcc/arm-none-eabi/14.3.1/include/arm_mve.h **** __extension__ extern __inline void
1865:/opt/st/stm32cubeide_2.1.1/plugins/com.st.stm32cube.ide.mcu.externaltools.gnu-tools-for-stm32.14.3.rel1.linux64_1.0.100.202602081740/tools/lib/gcc/arm-none-eabi/14.3.1/include/arm_mve.h **** __attribute__ ((__always_inline__, __gnu_inline__, __artificial__))
1866:/opt/st/stm32cubeide_2.1.1/plugins/com.st.stm32cube.ide.mcu.externaltools.gnu-tools-for-stm32.14.3.rel1.linux64_1.0.100.202602081740/tools/lib/gcc/arm-none-eabi/14.3.1/include/arm_mve.h **** __arm_vstrhq_scatter_offset_s32 (int16_t * __base, uint32x4_t __offset, int32x4_t __value)
1867:/opt/st/stm32cubeide_2.1.1/plugins/com.st.stm32cube.ide.mcu.externaltools.gnu-tools-for-stm32.14.3.rel1.linux64_1.0.100.202602081740/tools/lib/gcc/arm-none-eabi/14.3.1/include/arm_mve.h **** {
1868:/opt/st/stm32cubeide_2.1.1/plugins/com.st.stm32cube.ide.mcu.externaltools.gnu-tools-for-stm32.14.3.rel1.linux64_1.0.100.202602081740/tools/lib/gcc/arm-none-eabi/14.3.1/include/arm_mve.h ****   __builtin_mve_vstrhq_scatter_offset_sv4si ((__builtin_neon_hi *) __base, __offset, __value);
1869:/opt/st/stm32cubeide_2.1.1/plugins/com.st.stm32cube.ide.mcu.externaltools.gnu-tools-for-stm32.14.3.rel1.linux64_1.0.100.202602081740/tools/lib/gcc/arm-none-eabi/14.3.1/include/arm_mve.h **** }
1870:/opt/st/stm32cubeide_2.1.1/plugins/com.st.stm32cube.ide.mcu.externaltools.gnu-tools-for-stm32.14.3.rel1.linux64_1.0.100.202602081740/tools/lib/gcc/arm-none-eabi/14.3.1/include/arm_mve.h **** 
1871:/opt/st/stm32cubeide_2.1.1/plugins/com.st.stm32cube.ide.mcu.externaltools.gnu-tools-for-stm32.14.3.rel1.linux64_1.0.100.202602081740/tools/lib/gcc/arm-none-eabi/14.3.1/include/arm_mve.h **** __extension__ extern __inline void
1872:/opt/st/stm32cubeide_2.1.1/plugins/com.st.stm32cube.ide.mcu.externaltools.gnu-tools-for-stm32.14.3.rel1.linux64_1.0.100.202602081740/tools/lib/gcc/arm-none-eabi/14.3.1/include/arm_mve.h **** __attribute__ ((__always_inline__, __gnu_inline__, __artificial__))
1873:/opt/st/stm32cubeide_2.1.1/plugins/com.st.stm32cube.ide.mcu.externaltools.gnu-tools-for-stm32.14.3.rel1.linux64_1.0.100.202602081740/tools/lib/gcc/arm-none-eabi/14.3.1/include/arm_mve.h **** __arm_vstrhq_scatter_offset_s16 (int16_t * __base, uint16x8_t __offset, int16x8_t __value)
1874:/opt/st/stm32cubeide_2.1.1/plugins/com.st.stm32cube.ide.mcu.externaltools.gnu-tools-for-stm32.14.3.rel1.linux64_1.0.100.202602081740/tools/lib/gcc/arm-none-eabi/14.3.1/include/arm_mve.h **** {
1875:/opt/st/stm32cubeide_2.1.1/plugins/com.st.stm32cube.ide.mcu.externaltools.gnu-tools-for-stm32.14.3.rel1.linux64_1.0.100.202602081740/tools/lib/gcc/arm-none-eabi/14.3.1/include/arm_mve.h ****   __builtin_mve_vstrhq_scatter_offset_sv8hi ((__builtin_neon_hi *) __base, __offset, __value);
1876:/opt/st/stm32cubeide_2.1.1/plugins/com.st.stm32cube.ide.mcu.externaltools.gnu-tools-for-stm32.14.3.rel1.linux64_1.0.100.202602081740/tools/lib/gcc/arm-none-eabi/14.3.1/include/arm_mve.h **** }
ARM GAS  /tmp/ccS31Hxi.s 			page 37


1877:/opt/st/stm32cubeide_2.1.1/plugins/com.st.stm32cube.ide.mcu.externaltools.gnu-tools-for-stm32.14.3.rel1.linux64_1.0.100.202602081740/tools/lib/gcc/arm-none-eabi/14.3.1/include/arm_mve.h **** 
1878:/opt/st/stm32cubeide_2.1.1/plugins/com.st.stm32cube.ide.mcu.externaltools.gnu-tools-for-stm32.14.3.rel1.linux64_1.0.100.202602081740/tools/lib/gcc/arm-none-eabi/14.3.1/include/arm_mve.h **** __extension__ extern __inline void
1879:/opt/st/stm32cubeide_2.1.1/plugins/com.st.stm32cube.ide.mcu.externaltools.gnu-tools-for-stm32.14.3.rel1.linux64_1.0.100.202602081740/tools/lib/gcc/arm-none-eabi/14.3.1/include/arm_mve.h **** __attribute__ ((__always_inline__, __gnu_inline__, __artificial__))
1880:/opt/st/stm32cubeide_2.1.1/plugins/com.st.stm32cube.ide.mcu.externaltools.gnu-tools-for-stm32.14.3.rel1.linux64_1.0.100.202602081740/tools/lib/gcc/arm-none-eabi/14.3.1/include/arm_mve.h **** __arm_vstrhq_scatter_offset_u32 (uint16_t * __base, uint32x4_t __offset, uint32x4_t __value)
1881:/opt/st/stm32cubeide_2.1.1/plugins/com.st.stm32cube.ide.mcu.externaltools.gnu-tools-for-stm32.14.3.rel1.linux64_1.0.100.202602081740/tools/lib/gcc/arm-none-eabi/14.3.1/include/arm_mve.h **** {
1882:/opt/st/stm32cubeide_2.1.1/plugins/com.st.stm32cube.ide.mcu.externaltools.gnu-tools-for-stm32.14.3.rel1.linux64_1.0.100.202602081740/tools/lib/gcc/arm-none-eabi/14.3.1/include/arm_mve.h ****   __builtin_mve_vstrhq_scatter_offset_uv4si ((__builtin_neon_hi *) __base, __offset, __value);
1883:/opt/st/stm32cubeide_2.1.1/plugins/com.st.stm32cube.ide.mcu.externaltools.gnu-tools-for-stm32.14.3.rel1.linux64_1.0.100.202602081740/tools/lib/gcc/arm-none-eabi/14.3.1/include/arm_mve.h **** }
1884:/opt/st/stm32cubeide_2.1.1/plugins/com.st.stm32cube.ide.mcu.externaltools.gnu-tools-for-stm32.14.3.rel1.linux64_1.0.100.202602081740/tools/lib/gcc/arm-none-eabi/14.3.1/include/arm_mve.h **** 
1885:/opt/st/stm32cubeide_2.1.1/plugins/com.st.stm32cube.ide.mcu.externaltools.gnu-tools-for-stm32.14.3.rel1.linux64_1.0.100.202602081740/tools/lib/gcc/arm-none-eabi/14.3.1/include/arm_mve.h **** __extension__ extern __inline void
1886:/opt/st/stm32cubeide_2.1.1/plugins/com.st.stm32cube.ide.mcu.externaltools.gnu-tools-for-stm32.14.3.rel1.linux64_1.0.100.202602081740/tools/lib/gcc/arm-none-eabi/14.3.1/include/arm_mve.h **** __attribute__ ((__always_inline__, __gnu_inline__, __artificial__))
1887:/opt/st/stm32cubeide_2.1.1/plugins/com.st.stm32cube.ide.mcu.externaltools.gnu-tools-for-stm32.14.3.rel1.linux64_1.0.100.202602081740/tools/lib/gcc/arm-none-eabi/14.3.1/include/arm_mve.h **** __arm_vstrhq_scatter_offset_u16 (uint16_t * __base, uint16x8_t __offset, uint16x8_t __value)
1888:/opt/st/stm32cubeide_2.1.1/plugins/com.st.stm32cube.ide.mcu.externaltools.gnu-tools-for-stm32.14.3.rel1.linux64_1.0.100.202602081740/tools/lib/gcc/arm-none-eabi/14.3.1/include/arm_mve.h **** {
1889:/opt/st/stm32cubeide_2.1.1/plugins/com.st.stm32cube.ide.mcu.externaltools.gnu-tools-for-stm32.14.3.rel1.linux64_1.0.100.202602081740/tools/lib/gcc/arm-none-eabi/14.3.1/include/arm_mve.h ****   __builtin_mve_vstrhq_scatter_offset_uv8hi ((__builtin_neon_hi *) __base, __offset, __value);
1890:/opt/st/stm32cubeide_2.1.1/plugins/com.st.stm32cube.ide.mcu.externaltools.gnu-tools-for-stm32.14.3.rel1.linux64_1.0.100.202602081740/tools/lib/gcc/arm-none-eabi/14.3.1/include/arm_mve.h **** }
1891:/opt/st/stm32cubeide_2.1.1/plugins/com.st.stm32cube.ide.mcu.externaltools.gnu-tools-for-stm32.14.3.rel1.linux64_1.0.100.202602081740/tools/lib/gcc/arm-none-eabi/14.3.1/include/arm_mve.h **** 
1892:/opt/st/stm32cubeide_2.1.1/plugins/com.st.stm32cube.ide.mcu.externaltools.gnu-tools-for-stm32.14.3.rel1.linux64_1.0.100.202602081740/tools/lib/gcc/arm-none-eabi/14.3.1/include/arm_mve.h **** __extension__ extern __inline void
1893:/opt/st/stm32cubeide_2.1.1/plugins/com.st.stm32cube.ide.mcu.externaltools.gnu-tools-for-stm32.14.3.rel1.linux64_1.0.100.202602081740/tools/lib/gcc/arm-none-eabi/14.3.1/include/arm_mve.h **** __attribute__ ((__always_inline__, __gnu_inline__, __artificial__))
1894:/opt/st/stm32cubeide_2.1.1/plugins/com.st.stm32cube.ide.mcu.externaltools.gnu-tools-for-stm32.14.3.rel1.linux64_1.0.100.202602081740/tools/lib/gcc/arm-none-eabi/14.3.1/include/arm_mve.h **** __arm_vstrhq_scatter_offset_p_s32 (int16_t * __base, uint32x4_t __offset, int32x4_t __value, mve_pr
1895:/opt/st/stm32cubeide_2.1.1/plugins/com.st.stm32cube.ide.mcu.externaltools.gnu-tools-for-stm32.14.3.rel1.linux64_1.0.100.202602081740/tools/lib/gcc/arm-none-eabi/14.3.1/include/arm_mve.h **** {
1896:/opt/st/stm32cubeide_2.1.1/plugins/com.st.stm32cube.ide.mcu.externaltools.gnu-tools-for-stm32.14.3.rel1.linux64_1.0.100.202602081740/tools/lib/gcc/arm-none-eabi/14.3.1/include/arm_mve.h ****   __builtin_mve_vstrhq_scatter_offset_p_sv4si ((__builtin_neon_hi *) __base, __offset, __value, __p
1897:/opt/st/stm32cubeide_2.1.1/plugins/com.st.stm32cube.ide.mcu.externaltools.gnu-tools-for-stm32.14.3.rel1.linux64_1.0.100.202602081740/tools/lib/gcc/arm-none-eabi/14.3.1/include/arm_mve.h **** }
1898:/opt/st/stm32cubeide_2.1.1/plugins/com.st.stm32cube.ide.mcu.externaltools.gnu-tools-for-stm32.14.3.rel1.linux64_1.0.100.202602081740/tools/lib/gcc/arm-none-eabi/14.3.1/include/arm_mve.h **** 
1899:/opt/st/stm32cubeide_2.1.1/plugins/com.st.stm32cube.ide.mcu.externaltools.gnu-tools-for-stm32.14.3.rel1.linux64_1.0.100.202602081740/tools/lib/gcc/arm-none-eabi/14.3.1/include/arm_mve.h **** __extension__ extern __inline void
1900:/opt/st/stm32cubeide_2.1.1/plugins/com.st.stm32cube.ide.mcu.externaltools.gnu-tools-for-stm32.14.3.rel1.linux64_1.0.100.202602081740/tools/lib/gcc/arm-none-eabi/14.3.1/include/arm_mve.h **** __attribute__ ((__always_inline__, __gnu_inline__, __artificial__))
1901:/opt/st/stm32cubeide_2.1.1/plugins/com.st.stm32cube.ide.mcu.externaltools.gnu-tools-for-stm32.14.3.rel1.linux64_1.0.100.202602081740/tools/lib/gcc/arm-none-eabi/14.3.1/include/arm_mve.h **** __arm_vstrhq_scatter_offset_p_s16 (int16_t * __base, uint16x8_t __offset, int16x8_t __value, mve_pr
1902:/opt/st/stm32cubeide_2.1.1/plugins/com.st.stm32cube.ide.mcu.externaltools.gnu-tools-for-stm32.14.3.rel1.linux64_1.0.100.202602081740/tools/lib/gcc/arm-none-eabi/14.3.1/include/arm_mve.h **** {
1903:/opt/st/stm32cubeide_2.1.1/plugins/com.st.stm32cube.ide.mcu.externaltools.gnu-tools-for-stm32.14.3.rel1.linux64_1.0.100.202602081740/tools/lib/gcc/arm-none-eabi/14.3.1/include/arm_mve.h ****   __builtin_mve_vstrhq_scatter_offset_p_sv8hi ((__builtin_neon_hi *) __base, __offset, __value, __p
1904:/opt/st/stm32cubeide_2.1.1/plugins/com.st.stm32cube.ide.mcu.externaltools.gnu-tools-for-stm32.14.3.rel1.linux64_1.0.100.202602081740/tools/lib/gcc/arm-none-eabi/14.3.1/include/arm_mve.h **** }
1905:/opt/st/stm32cubeide_2.1.1/plugins/com.st.stm32cube.ide.mcu.externaltools.gnu-tools-for-stm32.14.3.rel1.linux64_1.0.100.202602081740/tools/lib/gcc/arm-none-eabi/14.3.1/include/arm_mve.h **** 
1906:/opt/st/stm32cubeide_2.1.1/plugins/com.st.stm32cube.ide.mcu.externaltools.gnu-tools-for-stm32.14.3.rel1.linux64_1.0.100.202602081740/tools/lib/gcc/arm-none-eabi/14.3.1/include/arm_mve.h **** __extension__ extern __inline void
1907:/opt/st/stm32cubeide_2.1.1/plugins/com.st.stm32cube.ide.mcu.externaltools.gnu-tools-for-stm32.14.3.rel1.linux64_1.0.100.202602081740/tools/lib/gcc/arm-none-eabi/14.3.1/include/arm_mve.h **** __attribute__ ((__always_inline__, __gnu_inline__, __artificial__))
1908:/opt/st/stm32cubeide_2.1.1/plugins/com.st.stm32cube.ide.mcu.externaltools.gnu-tools-for-stm32.14.3.rel1.linux64_1.0.100.202602081740/tools/lib/gcc/arm-none-eabi/14.3.1/include/arm_mve.h **** __arm_vstrhq_scatter_offset_p_u32 (uint16_t * __base, uint32x4_t __offset, uint32x4_t __value, mve_
1909:/opt/st/stm32cubeide_2.1.1/plugins/com.st.stm32cube.ide.mcu.externaltools.gnu-tools-for-stm32.14.3.rel1.linux64_1.0.100.202602081740/tools/lib/gcc/arm-none-eabi/14.3.1/include/arm_mve.h **** {
1910:/opt/st/stm32cubeide_2.1.1/plugins/com.st.stm32cube.ide.mcu.externaltools.gnu-tools-for-stm32.14.3.rel1.linux64_1.0.100.202602081740/tools/lib/gcc/arm-none-eabi/14.3.1/include/arm_mve.h ****   __builtin_mve_vstrhq_scatter_offset_p_uv4si ((__builtin_neon_hi *) __base, __offset, __value, __p
1911:/opt/st/stm32cubeide_2.1.1/plugins/com.st.stm32cube.ide.mcu.externaltools.gnu-tools-for-stm32.14.3.rel1.linux64_1.0.100.202602081740/tools/lib/gcc/arm-none-eabi/14.3.1/include/arm_mve.h **** }
1912:/opt/st/stm32cubeide_2.1.1/plugins/com.st.stm32cube.ide.mcu.externaltools.gnu-tools-for-stm32.14.3.rel1.linux64_1.0.100.202602081740/tools/lib/gcc/arm-none-eabi/14.3.1/include/arm_mve.h **** 
1913:/opt/st/stm32cubeide_2.1.1/plugins/com.st.stm32cube.ide.mcu.externaltools.gnu-tools-for-stm32.14.3.rel1.linux64_1.0.100.202602081740/tools/lib/gcc/arm-none-eabi/14.3.1/include/arm_mve.h **** __extension__ extern __inline void
1914:/opt/st/stm32cubeide_2.1.1/plugins/com.st.stm32cube.ide.mcu.externaltools.gnu-tools-for-stm32.14.3.rel1.linux64_1.0.100.202602081740/tools/lib/gcc/arm-none-eabi/14.3.1/include/arm_mve.h **** __attribute__ ((__always_inline__, __gnu_inline__, __artificial__))
1915:/opt/st/stm32cubeide_2.1.1/plugins/com.st.stm32cube.ide.mcu.externaltools.gnu-tools-for-stm32.14.3.rel1.linux64_1.0.100.202602081740/tools/lib/gcc/arm-none-eabi/14.3.1/include/arm_mve.h **** __arm_vstrhq_scatter_offset_p_u16 (uint16_t * __base, uint16x8_t __offset, uint16x8_t __value, mve_
1916:/opt/st/stm32cubeide_2.1.1/plugins/com.st.stm32cube.ide.mcu.externaltools.gnu-tools-for-stm32.14.3.rel1.linux64_1.0.100.202602081740/tools/lib/gcc/arm-none-eabi/14.3.1/include/arm_mve.h **** {
1917:/opt/st/stm32cubeide_2.1.1/plugins/com.st.stm32cube.ide.mcu.externaltools.gnu-tools-for-stm32.14.3.rel1.linux64_1.0.100.202602081740/tools/lib/gcc/arm-none-eabi/14.3.1/include/arm_mve.h ****   __builtin_mve_vstrhq_scatter_offset_p_uv8hi ((__builtin_neon_hi *) __base, __offset, __value, __p
1918:/opt/st/stm32cubeide_2.1.1/plugins/com.st.stm32cube.ide.mcu.externaltools.gnu-tools-for-stm32.14.3.rel1.linux64_1.0.100.202602081740/tools/lib/gcc/arm-none-eabi/14.3.1/include/arm_mve.h **** }
1919:/opt/st/stm32cubeide_2.1.1/plugins/com.st.stm32cube.ide.mcu.externaltools.gnu-tools-for-stm32.14.3.rel1.linux64_1.0.100.202602081740/tools/lib/gcc/arm-none-eabi/14.3.1/include/arm_mve.h **** 
1920:/opt/st/stm32cubeide_2.1.1/plugins/com.st.stm32cube.ide.mcu.externaltools.gnu-tools-for-stm32.14.3.rel1.linux64_1.0.100.202602081740/tools/lib/gcc/arm-none-eabi/14.3.1/include/arm_mve.h **** __extension__ extern __inline void
1921:/opt/st/stm32cubeide_2.1.1/plugins/com.st.stm32cube.ide.mcu.externaltools.gnu-tools-for-stm32.14.3.rel1.linux64_1.0.100.202602081740/tools/lib/gcc/arm-none-eabi/14.3.1/include/arm_mve.h **** __attribute__ ((__always_inline__, __gnu_inline__, __artificial__))
1922:/opt/st/stm32cubeide_2.1.1/plugins/com.st.stm32cube.ide.mcu.externaltools.gnu-tools-for-stm32.14.3.rel1.linux64_1.0.100.202602081740/tools/lib/gcc/arm-none-eabi/14.3.1/include/arm_mve.h **** __arm_vstrhq_scatter_shifted_offset_s32 (int16_t * __base, uint32x4_t __offset, int32x4_t __value)
1923:/opt/st/stm32cubeide_2.1.1/plugins/com.st.stm32cube.ide.mcu.externaltools.gnu-tools-for-stm32.14.3.rel1.linux64_1.0.100.202602081740/tools/lib/gcc/arm-none-eabi/14.3.1/include/arm_mve.h **** {
1924:/opt/st/stm32cubeide_2.1.1/plugins/com.st.stm32cube.ide.mcu.externaltools.gnu-tools-for-stm32.14.3.rel1.linux64_1.0.100.202602081740/tools/lib/gcc/arm-none-eabi/14.3.1/include/arm_mve.h ****   __builtin_mve_vstrhq_scatter_shifted_offset_sv4si ((__builtin_neon_hi *) __base, __offset, __valu
1925:/opt/st/stm32cubeide_2.1.1/plugins/com.st.stm32cube.ide.mcu.externaltools.gnu-tools-for-stm32.14.3.rel1.linux64_1.0.100.202602081740/tools/lib/gcc/arm-none-eabi/14.3.1/include/arm_mve.h **** }
1926:/opt/st/stm32cubeide_2.1.1/plugins/com.st.stm32cube.ide.mcu.externaltools.gnu-tools-for-stm32.14.3.rel1.linux64_1.0.100.202602081740/tools/lib/gcc/arm-none-eabi/14.3.1/include/arm_mve.h **** 
1927:/opt/st/stm32cubeide_2.1.1/plugins/com.st.stm32cube.ide.mcu.externaltools.gnu-tools-for-stm32.14.3.rel1.linux64_1.0.100.202602081740/tools/lib/gcc/arm-none-eabi/14.3.1/include/arm_mve.h **** __extension__ extern __inline void
1928:/opt/st/stm32cubeide_2.1.1/plugins/com.st.stm32cube.ide.mcu.externaltools.gnu-tools-for-stm32.14.3.rel1.linux64_1.0.100.202602081740/tools/lib/gcc/arm-none-eabi/14.3.1/include/arm_mve.h **** __attribute__ ((__always_inline__, __gnu_inline__, __artificial__))
1929:/opt/st/stm32cubeide_2.1.1/plugins/com.st.stm32cube.ide.mcu.externaltools.gnu-tools-for-stm32.14.3.rel1.linux64_1.0.100.202602081740/tools/lib/gcc/arm-none-eabi/14.3.1/include/arm_mve.h **** __arm_vstrhq_scatter_shifted_offset_s16 (int16_t * __base, uint16x8_t __offset, int16x8_t __value)
1930:/opt/st/stm32cubeide_2.1.1/plugins/com.st.stm32cube.ide.mcu.externaltools.gnu-tools-for-stm32.14.3.rel1.linux64_1.0.100.202602081740/tools/lib/gcc/arm-none-eabi/14.3.1/include/arm_mve.h **** {
1931:/opt/st/stm32cubeide_2.1.1/plugins/com.st.stm32cube.ide.mcu.externaltools.gnu-tools-for-stm32.14.3.rel1.linux64_1.0.100.202602081740/tools/lib/gcc/arm-none-eabi/14.3.1/include/arm_mve.h ****   __builtin_mve_vstrhq_scatter_shifted_offset_sv8hi ((__builtin_neon_hi *) __base, __offset, __valu
1932:/opt/st/stm32cubeide_2.1.1/plugins/com.st.stm32cube.ide.mcu.externaltools.gnu-tools-for-stm32.14.3.rel1.linux64_1.0.100.202602081740/tools/lib/gcc/arm-none-eabi/14.3.1/include/arm_mve.h **** }
1933:/opt/st/stm32cubeide_2.1.1/plugins/com.st.stm32cube.ide.mcu.externaltools.gnu-tools-for-stm32.14.3.rel1.linux64_1.0.100.202602081740/tools/lib/gcc/arm-none-eabi/14.3.1/include/arm_mve.h **** 
ARM GAS  /tmp/ccS31Hxi.s 			page 38


1934:/opt/st/stm32cubeide_2.1.1/plugins/com.st.stm32cube.ide.mcu.externaltools.gnu-tools-for-stm32.14.3.rel1.linux64_1.0.100.202602081740/tools/lib/gcc/arm-none-eabi/14.3.1/include/arm_mve.h **** __extension__ extern __inline void
1935:/opt/st/stm32cubeide_2.1.1/plugins/com.st.stm32cube.ide.mcu.externaltools.gnu-tools-for-stm32.14.3.rel1.linux64_1.0.100.202602081740/tools/lib/gcc/arm-none-eabi/14.3.1/include/arm_mve.h **** __attribute__ ((__always_inline__, __gnu_inline__, __artificial__))
1936:/opt/st/stm32cubeide_2.1.1/plugins/com.st.stm32cube.ide.mcu.externaltools.gnu-tools-for-stm32.14.3.rel1.linux64_1.0.100.202602081740/tools/lib/gcc/arm-none-eabi/14.3.1/include/arm_mve.h **** __arm_vstrhq_scatter_shifted_offset_u32 (uint16_t * __base, uint32x4_t __offset, uint32x4_t __value
1937:/opt/st/stm32cubeide_2.1.1/plugins/com.st.stm32cube.ide.mcu.externaltools.gnu-tools-for-stm32.14.3.rel1.linux64_1.0.100.202602081740/tools/lib/gcc/arm-none-eabi/14.3.1/include/arm_mve.h **** {
1938:/opt/st/stm32cubeide_2.1.1/plugins/com.st.stm32cube.ide.mcu.externaltools.gnu-tools-for-stm32.14.3.rel1.linux64_1.0.100.202602081740/tools/lib/gcc/arm-none-eabi/14.3.1/include/arm_mve.h ****   __builtin_mve_vstrhq_scatter_shifted_offset_uv4si ((__builtin_neon_hi *) __base, __offset, __valu
1939:/opt/st/stm32cubeide_2.1.1/plugins/com.st.stm32cube.ide.mcu.externaltools.gnu-tools-for-stm32.14.3.rel1.linux64_1.0.100.202602081740/tools/lib/gcc/arm-none-eabi/14.3.1/include/arm_mve.h **** }
1940:/opt/st/stm32cubeide_2.1.1/plugins/com.st.stm32cube.ide.mcu.externaltools.gnu-tools-for-stm32.14.3.rel1.linux64_1.0.100.202602081740/tools/lib/gcc/arm-none-eabi/14.3.1/include/arm_mve.h **** 
1941:/opt/st/stm32cubeide_2.1.1/plugins/com.st.stm32cube.ide.mcu.externaltools.gnu-tools-for-stm32.14.3.rel1.linux64_1.0.100.202602081740/tools/lib/gcc/arm-none-eabi/14.3.1/include/arm_mve.h **** __extension__ extern __inline void
1942:/opt/st/stm32cubeide_2.1.1/plugins/com.st.stm32cube.ide.mcu.externaltools.gnu-tools-for-stm32.14.3.rel1.linux64_1.0.100.202602081740/tools/lib/gcc/arm-none-eabi/14.3.1/include/arm_mve.h **** __attribute__ ((__always_inline__, __gnu_inline__, __artificial__))
1943:/opt/st/stm32cubeide_2.1.1/plugins/com.st.stm32cube.ide.mcu.externaltools.gnu-tools-for-stm32.14.3.rel1.linux64_1.0.100.202602081740/tools/lib/gcc/arm-none-eabi/14.3.1/include/arm_mve.h **** __arm_vstrhq_scatter_shifted_offset_u16 (uint16_t * __base, uint16x8_t __offset, uint16x8_t __value
1944:/opt/st/stm32cubeide_2.1.1/plugins/com.st.stm32cube.ide.mcu.externaltools.gnu-tools-for-stm32.14.3.rel1.linux64_1.0.100.202602081740/tools/lib/gcc/arm-none-eabi/14.3.1/include/arm_mve.h **** {
1945:/opt/st/stm32cubeide_2.1.1/plugins/com.st.stm32cube.ide.mcu.externaltools.gnu-tools-for-stm32.14.3.rel1.linux64_1.0.100.202602081740/tools/lib/gcc/arm-none-eabi/14.3.1/include/arm_mve.h ****   __builtin_mve_vstrhq_scatter_shifted_offset_uv8hi ((__builtin_neon_hi *) __base, __offset, __valu
1946:/opt/st/stm32cubeide_2.1.1/plugins/com.st.stm32cube.ide.mcu.externaltools.gnu-tools-for-stm32.14.3.rel1.linux64_1.0.100.202602081740/tools/lib/gcc/arm-none-eabi/14.3.1/include/arm_mve.h **** }
1947:/opt/st/stm32cubeide_2.1.1/plugins/com.st.stm32cube.ide.mcu.externaltools.gnu-tools-for-stm32.14.3.rel1.linux64_1.0.100.202602081740/tools/lib/gcc/arm-none-eabi/14.3.1/include/arm_mve.h **** 
1948:/opt/st/stm32cubeide_2.1.1/plugins/com.st.stm32cube.ide.mcu.externaltools.gnu-tools-for-stm32.14.3.rel1.linux64_1.0.100.202602081740/tools/lib/gcc/arm-none-eabi/14.3.1/include/arm_mve.h **** __extension__ extern __inline void
1949:/opt/st/stm32cubeide_2.1.1/plugins/com.st.stm32cube.ide.mcu.externaltools.gnu-tools-for-stm32.14.3.rel1.linux64_1.0.100.202602081740/tools/lib/gcc/arm-none-eabi/14.3.1/include/arm_mve.h **** __attribute__ ((__always_inline__, __gnu_inline__, __artificial__))
1950:/opt/st/stm32cubeide_2.1.1/plugins/com.st.stm32cube.ide.mcu.externaltools.gnu-tools-for-stm32.14.3.rel1.linux64_1.0.100.202602081740/tools/lib/gcc/arm-none-eabi/14.3.1/include/arm_mve.h **** __arm_vstrhq_scatter_shifted_offset_p_s32 (int16_t * __base, uint32x4_t __offset, int32x4_t __value
1951:/opt/st/stm32cubeide_2.1.1/plugins/com.st.stm32cube.ide.mcu.externaltools.gnu-tools-for-stm32.14.3.rel1.linux64_1.0.100.202602081740/tools/lib/gcc/arm-none-eabi/14.3.1/include/arm_mve.h **** {
1952:/opt/st/stm32cubeide_2.1.1/plugins/com.st.stm32cube.ide.mcu.externaltools.gnu-tools-for-stm32.14.3.rel1.linux64_1.0.100.202602081740/tools/lib/gcc/arm-none-eabi/14.3.1/include/arm_mve.h ****   __builtin_mve_vstrhq_scatter_shifted_offset_p_sv4si ((__builtin_neon_hi *) __base, __offset, __va
1953:/opt/st/stm32cubeide_2.1.1/plugins/com.st.stm32cube.ide.mcu.externaltools.gnu-tools-for-stm32.14.3.rel1.linux64_1.0.100.202602081740/tools/lib/gcc/arm-none-eabi/14.3.1/include/arm_mve.h **** }
1954:/opt/st/stm32cubeide_2.1.1/plugins/com.st.stm32cube.ide.mcu.externaltools.gnu-tools-for-stm32.14.3.rel1.linux64_1.0.100.202602081740/tools/lib/gcc/arm-none-eabi/14.3.1/include/arm_mve.h **** 
1955:/opt/st/stm32cubeide_2.1.1/plugins/com.st.stm32cube.ide.mcu.externaltools.gnu-tools-for-stm32.14.3.rel1.linux64_1.0.100.202602081740/tools/lib/gcc/arm-none-eabi/14.3.1/include/arm_mve.h **** __extension__ extern __inline void
1956:/opt/st/stm32cubeide_2.1.1/plugins/com.st.stm32cube.ide.mcu.externaltools.gnu-tools-for-stm32.14.3.rel1.linux64_1.0.100.202602081740/tools/lib/gcc/arm-none-eabi/14.3.1/include/arm_mve.h **** __attribute__ ((__always_inline__, __gnu_inline__, __artificial__))
1957:/opt/st/stm32cubeide_2.1.1/plugins/com.st.stm32cube.ide.mcu.externaltools.gnu-tools-for-stm32.14.3.rel1.linux64_1.0.100.202602081740/tools/lib/gcc/arm-none-eabi/14.3.1/include/arm_mve.h **** __arm_vstrhq_scatter_shifted_offset_p_s16 (int16_t * __base, uint16x8_t __offset, int16x8_t __value
1958:/opt/st/stm32cubeide_2.1.1/plugins/com.st.stm32cube.ide.mcu.externaltools.gnu-tools-for-stm32.14.3.rel1.linux64_1.0.100.202602081740/tools/lib/gcc/arm-none-eabi/14.3.1/include/arm_mve.h **** {
1959:/opt/st/stm32cubeide_2.1.1/plugins/com.st.stm32cube.ide.mcu.externaltools.gnu-tools-for-stm32.14.3.rel1.linux64_1.0.100.202602081740/tools/lib/gcc/arm-none-eabi/14.3.1/include/arm_mve.h ****   __builtin_mve_vstrhq_scatter_shifted_offset_p_sv8hi ((__builtin_neon_hi *) __base, __offset, __va
1960:/opt/st/stm32cubeide_2.1.1/plugins/com.st.stm32cube.ide.mcu.externaltools.gnu-tools-for-stm32.14.3.rel1.linux64_1.0.100.202602081740/tools/lib/gcc/arm-none-eabi/14.3.1/include/arm_mve.h **** }
1961:/opt/st/stm32cubeide_2.1.1/plugins/com.st.stm32cube.ide.mcu.externaltools.gnu-tools-for-stm32.14.3.rel1.linux64_1.0.100.202602081740/tools/lib/gcc/arm-none-eabi/14.3.1/include/arm_mve.h **** 
1962:/opt/st/stm32cubeide_2.1.1/plugins/com.st.stm32cube.ide.mcu.externaltools.gnu-tools-for-stm32.14.3.rel1.linux64_1.0.100.202602081740/tools/lib/gcc/arm-none-eabi/14.3.1/include/arm_mve.h **** __extension__ extern __inline void
1963:/opt/st/stm32cubeide_2.1.1/plugins/com.st.stm32cube.ide.mcu.externaltools.gnu-tools-for-stm32.14.3.rel1.linux64_1.0.100.202602081740/tools/lib/gcc/arm-none-eabi/14.3.1/include/arm_mve.h **** __attribute__ ((__always_inline__, __gnu_inline__, __artificial__))
1964:/opt/st/stm32cubeide_2.1.1/plugins/com.st.stm32cube.ide.mcu.externaltools.gnu-tools-for-stm32.14.3.rel1.linux64_1.0.100.202602081740/tools/lib/gcc/arm-none-eabi/14.3.1/include/arm_mve.h **** __arm_vstrhq_scatter_shifted_offset_p_u32 (uint16_t * __base, uint32x4_t __offset, uint32x4_t __val
1965:/opt/st/stm32cubeide_2.1.1/plugins/com.st.stm32cube.ide.mcu.externaltools.gnu-tools-for-stm32.14.3.rel1.linux64_1.0.100.202602081740/tools/lib/gcc/arm-none-eabi/14.3.1/include/arm_mve.h **** {
1966:/opt/st/stm32cubeide_2.1.1/plugins/com.st.stm32cube.ide.mcu.externaltools.gnu-tools-for-stm32.14.3.rel1.linux64_1.0.100.202602081740/tools/lib/gcc/arm-none-eabi/14.3.1/include/arm_mve.h ****   __builtin_mve_vstrhq_scatter_shifted_offset_p_uv4si ((__builtin_neon_hi *) __base, __offset, __va
1967:/opt/st/stm32cubeide_2.1.1/plugins/com.st.stm32cube.ide.mcu.externaltools.gnu-tools-for-stm32.14.3.rel1.linux64_1.0.100.202602081740/tools/lib/gcc/arm-none-eabi/14.3.1/include/arm_mve.h **** }
1968:/opt/st/stm32cubeide_2.1.1/plugins/com.st.stm32cube.ide.mcu.externaltools.gnu-tools-for-stm32.14.3.rel1.linux64_1.0.100.202602081740/tools/lib/gcc/arm-none-eabi/14.3.1/include/arm_mve.h **** 
1969:/opt/st/stm32cubeide_2.1.1/plugins/com.st.stm32cube.ide.mcu.externaltools.gnu-tools-for-stm32.14.3.rel1.linux64_1.0.100.202602081740/tools/lib/gcc/arm-none-eabi/14.3.1/include/arm_mve.h **** __extension__ extern __inline void
1970:/opt/st/stm32cubeide_2.1.1/plugins/com.st.stm32cube.ide.mcu.externaltools.gnu-tools-for-stm32.14.3.rel1.linux64_1.0.100.202602081740/tools/lib/gcc/arm-none-eabi/14.3.1/include/arm_mve.h **** __attribute__ ((__always_inline__, __gnu_inline__, __artificial__))
1971:/opt/st/stm32cubeide_2.1.1/plugins/com.st.stm32cube.ide.mcu.externaltools.gnu-tools-for-stm32.14.3.rel1.linux64_1.0.100.202602081740/tools/lib/gcc/arm-none-eabi/14.3.1/include/arm_mve.h **** __arm_vstrhq_scatter_shifted_offset_p_u16 (uint16_t * __base, uint16x8_t __offset, uint16x8_t __val
1972:/opt/st/stm32cubeide_2.1.1/plugins/com.st.stm32cube.ide.mcu.externaltools.gnu-tools-for-stm32.14.3.rel1.linux64_1.0.100.202602081740/tools/lib/gcc/arm-none-eabi/14.3.1/include/arm_mve.h **** {
1973:/opt/st/stm32cubeide_2.1.1/plugins/com.st.stm32cube.ide.mcu.externaltools.gnu-tools-for-stm32.14.3.rel1.linux64_1.0.100.202602081740/tools/lib/gcc/arm-none-eabi/14.3.1/include/arm_mve.h ****   __builtin_mve_vstrhq_scatter_shifted_offset_p_uv8hi ((__builtin_neon_hi *) __base, __offset, __va
1974:/opt/st/stm32cubeide_2.1.1/plugins/com.st.stm32cube.ide.mcu.externaltools.gnu-tools-for-stm32.14.3.rel1.linux64_1.0.100.202602081740/tools/lib/gcc/arm-none-eabi/14.3.1/include/arm_mve.h **** }
1975:/opt/st/stm32cubeide_2.1.1/plugins/com.st.stm32cube.ide.mcu.externaltools.gnu-tools-for-stm32.14.3.rel1.linux64_1.0.100.202602081740/tools/lib/gcc/arm-none-eabi/14.3.1/include/arm_mve.h **** 
1976:/opt/st/stm32cubeide_2.1.1/plugins/com.st.stm32cube.ide.mcu.externaltools.gnu-tools-for-stm32.14.3.rel1.linux64_1.0.100.202602081740/tools/lib/gcc/arm-none-eabi/14.3.1/include/arm_mve.h **** __extension__ extern __inline void
1977:/opt/st/stm32cubeide_2.1.1/plugins/com.st.stm32cube.ide.mcu.externaltools.gnu-tools-for-stm32.14.3.rel1.linux64_1.0.100.202602081740/tools/lib/gcc/arm-none-eabi/14.3.1/include/arm_mve.h **** __attribute__ ((__always_inline__, __gnu_inline__, __artificial__))
1978:/opt/st/stm32cubeide_2.1.1/plugins/com.st.stm32cube.ide.mcu.externaltools.gnu-tools-for-stm32.14.3.rel1.linux64_1.0.100.202602081740/tools/lib/gcc/arm-none-eabi/14.3.1/include/arm_mve.h **** __arm_vstrhq_s32 (int16_t * __addr, int32x4_t __value)
1979:/opt/st/stm32cubeide_2.1.1/plugins/com.st.stm32cube.ide.mcu.externaltools.gnu-tools-for-stm32.14.3.rel1.linux64_1.0.100.202602081740/tools/lib/gcc/arm-none-eabi/14.3.1/include/arm_mve.h **** {
1980:/opt/st/stm32cubeide_2.1.1/plugins/com.st.stm32cube.ide.mcu.externaltools.gnu-tools-for-stm32.14.3.rel1.linux64_1.0.100.202602081740/tools/lib/gcc/arm-none-eabi/14.3.1/include/arm_mve.h ****   __builtin_mve_vstrhq_sv4si ((__builtin_neon_hi *) __addr, __value);
1981:/opt/st/stm32cubeide_2.1.1/plugins/com.st.stm32cube.ide.mcu.externaltools.gnu-tools-for-stm32.14.3.rel1.linux64_1.0.100.202602081740/tools/lib/gcc/arm-none-eabi/14.3.1/include/arm_mve.h **** }
1982:/opt/st/stm32cubeide_2.1.1/plugins/com.st.stm32cube.ide.mcu.externaltools.gnu-tools-for-stm32.14.3.rel1.linux64_1.0.100.202602081740/tools/lib/gcc/arm-none-eabi/14.3.1/include/arm_mve.h **** 
1983:/opt/st/stm32cubeide_2.1.1/plugins/com.st.stm32cube.ide.mcu.externaltools.gnu-tools-for-stm32.14.3.rel1.linux64_1.0.100.202602081740/tools/lib/gcc/arm-none-eabi/14.3.1/include/arm_mve.h **** __extension__ extern __inline void
1984:/opt/st/stm32cubeide_2.1.1/plugins/com.st.stm32cube.ide.mcu.externaltools.gnu-tools-for-stm32.14.3.rel1.linux64_1.0.100.202602081740/tools/lib/gcc/arm-none-eabi/14.3.1/include/arm_mve.h **** __attribute__ ((__always_inline__, __gnu_inline__, __artificial__))
1985:/opt/st/stm32cubeide_2.1.1/plugins/com.st.stm32cube.ide.mcu.externaltools.gnu-tools-for-stm32.14.3.rel1.linux64_1.0.100.202602081740/tools/lib/gcc/arm-none-eabi/14.3.1/include/arm_mve.h **** __arm_vstrhq_s16 (int16_t * __addr, int16x8_t __value)
1986:/opt/st/stm32cubeide_2.1.1/plugins/com.st.stm32cube.ide.mcu.externaltools.gnu-tools-for-stm32.14.3.rel1.linux64_1.0.100.202602081740/tools/lib/gcc/arm-none-eabi/14.3.1/include/arm_mve.h **** {
1987:/opt/st/stm32cubeide_2.1.1/plugins/com.st.stm32cube.ide.mcu.externaltools.gnu-tools-for-stm32.14.3.rel1.linux64_1.0.100.202602081740/tools/lib/gcc/arm-none-eabi/14.3.1/include/arm_mve.h ****   __builtin_mve_vstrhq_sv8hi ((__builtin_neon_hi *) __addr, __value);
1988:/opt/st/stm32cubeide_2.1.1/plugins/com.st.stm32cube.ide.mcu.externaltools.gnu-tools-for-stm32.14.3.rel1.linux64_1.0.100.202602081740/tools/lib/gcc/arm-none-eabi/14.3.1/include/arm_mve.h **** }
1989:/opt/st/stm32cubeide_2.1.1/plugins/com.st.stm32cube.ide.mcu.externaltools.gnu-tools-for-stm32.14.3.rel1.linux64_1.0.100.202602081740/tools/lib/gcc/arm-none-eabi/14.3.1/include/arm_mve.h **** 
1990:/opt/st/stm32cubeide_2.1.1/plugins/com.st.stm32cube.ide.mcu.externaltools.gnu-tools-for-stm32.14.3.rel1.linux64_1.0.100.202602081740/tools/lib/gcc/arm-none-eabi/14.3.1/include/arm_mve.h **** __extension__ extern __inline void
ARM GAS  /tmp/ccS31Hxi.s 			page 39


1991:/opt/st/stm32cubeide_2.1.1/plugins/com.st.stm32cube.ide.mcu.externaltools.gnu-tools-for-stm32.14.3.rel1.linux64_1.0.100.202602081740/tools/lib/gcc/arm-none-eabi/14.3.1/include/arm_mve.h **** __attribute__ ((__always_inline__, __gnu_inline__, __artificial__))
1992:/opt/st/stm32cubeide_2.1.1/plugins/com.st.stm32cube.ide.mcu.externaltools.gnu-tools-for-stm32.14.3.rel1.linux64_1.0.100.202602081740/tools/lib/gcc/arm-none-eabi/14.3.1/include/arm_mve.h **** __arm_vstrhq_u32 (uint16_t * __addr, uint32x4_t __value)
1993:/opt/st/stm32cubeide_2.1.1/plugins/com.st.stm32cube.ide.mcu.externaltools.gnu-tools-for-stm32.14.3.rel1.linux64_1.0.100.202602081740/tools/lib/gcc/arm-none-eabi/14.3.1/include/arm_mve.h **** {
1994:/opt/st/stm32cubeide_2.1.1/plugins/com.st.stm32cube.ide.mcu.externaltools.gnu-tools-for-stm32.14.3.rel1.linux64_1.0.100.202602081740/tools/lib/gcc/arm-none-eabi/14.3.1/include/arm_mve.h ****   __builtin_mve_vstrhq_uv4si ((__builtin_neon_hi *) __addr, __value);
1995:/opt/st/stm32cubeide_2.1.1/plugins/com.st.stm32cube.ide.mcu.externaltools.gnu-tools-for-stm32.14.3.rel1.linux64_1.0.100.202602081740/tools/lib/gcc/arm-none-eabi/14.3.1/include/arm_mve.h **** }
1996:/opt/st/stm32cubeide_2.1.1/plugins/com.st.stm32cube.ide.mcu.externaltools.gnu-tools-for-stm32.14.3.rel1.linux64_1.0.100.202602081740/tools/lib/gcc/arm-none-eabi/14.3.1/include/arm_mve.h **** 
1997:/opt/st/stm32cubeide_2.1.1/plugins/com.st.stm32cube.ide.mcu.externaltools.gnu-tools-for-stm32.14.3.rel1.linux64_1.0.100.202602081740/tools/lib/gcc/arm-none-eabi/14.3.1/include/arm_mve.h **** __extension__ extern __inline void
1998:/opt/st/stm32cubeide_2.1.1/plugins/com.st.stm32cube.ide.mcu.externaltools.gnu-tools-for-stm32.14.3.rel1.linux64_1.0.100.202602081740/tools/lib/gcc/arm-none-eabi/14.3.1/include/arm_mve.h **** __attribute__ ((__always_inline__, __gnu_inline__, __artificial__))
1999:/opt/st/stm32cubeide_2.1.1/plugins/com.st.stm32cube.ide.mcu.externaltools.gnu-tools-for-stm32.14.3.rel1.linux64_1.0.100.202602081740/tools/lib/gcc/arm-none-eabi/14.3.1/include/arm_mve.h **** __arm_vstrhq_u16 (uint16_t * __addr, uint16x8_t __value)
2000:/opt/st/stm32cubeide_2.1.1/plugins/com.st.stm32cube.ide.mcu.externaltools.gnu-tools-for-stm32.14.3.rel1.linux64_1.0.100.202602081740/tools/lib/gcc/arm-none-eabi/14.3.1/include/arm_mve.h **** {
2001:/opt/st/stm32cubeide_2.1.1/plugins/com.st.stm32cube.ide.mcu.externaltools.gnu-tools-for-stm32.14.3.rel1.linux64_1.0.100.202602081740/tools/lib/gcc/arm-none-eabi/14.3.1/include/arm_mve.h ****   __builtin_mve_vstrhq_uv8hi ((__builtin_neon_hi *) __addr, __value);
2002:/opt/st/stm32cubeide_2.1.1/plugins/com.st.stm32cube.ide.mcu.externaltools.gnu-tools-for-stm32.14.3.rel1.linux64_1.0.100.202602081740/tools/lib/gcc/arm-none-eabi/14.3.1/include/arm_mve.h **** }
2003:/opt/st/stm32cubeide_2.1.1/plugins/com.st.stm32cube.ide.mcu.externaltools.gnu-tools-for-stm32.14.3.rel1.linux64_1.0.100.202602081740/tools/lib/gcc/arm-none-eabi/14.3.1/include/arm_mve.h **** 
2004:/opt/st/stm32cubeide_2.1.1/plugins/com.st.stm32cube.ide.mcu.externaltools.gnu-tools-for-stm32.14.3.rel1.linux64_1.0.100.202602081740/tools/lib/gcc/arm-none-eabi/14.3.1/include/arm_mve.h **** __extension__ extern __inline void
2005:/opt/st/stm32cubeide_2.1.1/plugins/com.st.stm32cube.ide.mcu.externaltools.gnu-tools-for-stm32.14.3.rel1.linux64_1.0.100.202602081740/tools/lib/gcc/arm-none-eabi/14.3.1/include/arm_mve.h **** __attribute__ ((__always_inline__, __gnu_inline__, __artificial__))
2006:/opt/st/stm32cubeide_2.1.1/plugins/com.st.stm32cube.ide.mcu.externaltools.gnu-tools-for-stm32.14.3.rel1.linux64_1.0.100.202602081740/tools/lib/gcc/arm-none-eabi/14.3.1/include/arm_mve.h **** __arm_vstrhq_p_s32 (int16_t * __addr, int32x4_t __value, mve_pred16_t __p)
2007:/opt/st/stm32cubeide_2.1.1/plugins/com.st.stm32cube.ide.mcu.externaltools.gnu-tools-for-stm32.14.3.rel1.linux64_1.0.100.202602081740/tools/lib/gcc/arm-none-eabi/14.3.1/include/arm_mve.h **** {
2008:/opt/st/stm32cubeide_2.1.1/plugins/com.st.stm32cube.ide.mcu.externaltools.gnu-tools-for-stm32.14.3.rel1.linux64_1.0.100.202602081740/tools/lib/gcc/arm-none-eabi/14.3.1/include/arm_mve.h ****   __builtin_mve_vstrhq_p_sv4si ((__builtin_neon_hi *) __addr, __value, __p);
2009:/opt/st/stm32cubeide_2.1.1/plugins/com.st.stm32cube.ide.mcu.externaltools.gnu-tools-for-stm32.14.3.rel1.linux64_1.0.100.202602081740/tools/lib/gcc/arm-none-eabi/14.3.1/include/arm_mve.h **** }
2010:/opt/st/stm32cubeide_2.1.1/plugins/com.st.stm32cube.ide.mcu.externaltools.gnu-tools-for-stm32.14.3.rel1.linux64_1.0.100.202602081740/tools/lib/gcc/arm-none-eabi/14.3.1/include/arm_mve.h **** 
2011:/opt/st/stm32cubeide_2.1.1/plugins/com.st.stm32cube.ide.mcu.externaltools.gnu-tools-for-stm32.14.3.rel1.linux64_1.0.100.202602081740/tools/lib/gcc/arm-none-eabi/14.3.1/include/arm_mve.h **** __extension__ extern __inline void
2012:/opt/st/stm32cubeide_2.1.1/plugins/com.st.stm32cube.ide.mcu.externaltools.gnu-tools-for-stm32.14.3.rel1.linux64_1.0.100.202602081740/tools/lib/gcc/arm-none-eabi/14.3.1/include/arm_mve.h **** __attribute__ ((__always_inline__, __gnu_inline__, __artificial__))
2013:/opt/st/stm32cubeide_2.1.1/plugins/com.st.stm32cube.ide.mcu.externaltools.gnu-tools-for-stm32.14.3.rel1.linux64_1.0.100.202602081740/tools/lib/gcc/arm-none-eabi/14.3.1/include/arm_mve.h **** __arm_vstrhq_p_s16 (int16_t * __addr, int16x8_t __value, mve_pred16_t __p)
2014:/opt/st/stm32cubeide_2.1.1/plugins/com.st.stm32cube.ide.mcu.externaltools.gnu-tools-for-stm32.14.3.rel1.linux64_1.0.100.202602081740/tools/lib/gcc/arm-none-eabi/14.3.1/include/arm_mve.h **** {
2015:/opt/st/stm32cubeide_2.1.1/plugins/com.st.stm32cube.ide.mcu.externaltools.gnu-tools-for-stm32.14.3.rel1.linux64_1.0.100.202602081740/tools/lib/gcc/arm-none-eabi/14.3.1/include/arm_mve.h ****   __builtin_mve_vstrhq_p_sv8hi ((__builtin_neon_hi *) __addr, __value, __p);
2016:/opt/st/stm32cubeide_2.1.1/plugins/com.st.stm32cube.ide.mcu.externaltools.gnu-tools-for-stm32.14.3.rel1.linux64_1.0.100.202602081740/tools/lib/gcc/arm-none-eabi/14.3.1/include/arm_mve.h **** }
2017:/opt/st/stm32cubeide_2.1.1/plugins/com.st.stm32cube.ide.mcu.externaltools.gnu-tools-for-stm32.14.3.rel1.linux64_1.0.100.202602081740/tools/lib/gcc/arm-none-eabi/14.3.1/include/arm_mve.h **** 
2018:/opt/st/stm32cubeide_2.1.1/plugins/com.st.stm32cube.ide.mcu.externaltools.gnu-tools-for-stm32.14.3.rel1.linux64_1.0.100.202602081740/tools/lib/gcc/arm-none-eabi/14.3.1/include/arm_mve.h **** __extension__ extern __inline void
2019:/opt/st/stm32cubeide_2.1.1/plugins/com.st.stm32cube.ide.mcu.externaltools.gnu-tools-for-stm32.14.3.rel1.linux64_1.0.100.202602081740/tools/lib/gcc/arm-none-eabi/14.3.1/include/arm_mve.h **** __attribute__ ((__always_inline__, __gnu_inline__, __artificial__))
2020:/opt/st/stm32cubeide_2.1.1/plugins/com.st.stm32cube.ide.mcu.externaltools.gnu-tools-for-stm32.14.3.rel1.linux64_1.0.100.202602081740/tools/lib/gcc/arm-none-eabi/14.3.1/include/arm_mve.h **** __arm_vstrhq_p_u32 (uint16_t * __addr, uint32x4_t __value, mve_pred16_t __p)
2021:/opt/st/stm32cubeide_2.1.1/plugins/com.st.stm32cube.ide.mcu.externaltools.gnu-tools-for-stm32.14.3.rel1.linux64_1.0.100.202602081740/tools/lib/gcc/arm-none-eabi/14.3.1/include/arm_mve.h **** {
2022:/opt/st/stm32cubeide_2.1.1/plugins/com.st.stm32cube.ide.mcu.externaltools.gnu-tools-for-stm32.14.3.rel1.linux64_1.0.100.202602081740/tools/lib/gcc/arm-none-eabi/14.3.1/include/arm_mve.h ****   __builtin_mve_vstrhq_p_uv4si ((__builtin_neon_hi *) __addr, __value, __p);
2023:/opt/st/stm32cubeide_2.1.1/plugins/com.st.stm32cube.ide.mcu.externaltools.gnu-tools-for-stm32.14.3.rel1.linux64_1.0.100.202602081740/tools/lib/gcc/arm-none-eabi/14.3.1/include/arm_mve.h **** }
2024:/opt/st/stm32cubeide_2.1.1/plugins/com.st.stm32cube.ide.mcu.externaltools.gnu-tools-for-stm32.14.3.rel1.linux64_1.0.100.202602081740/tools/lib/gcc/arm-none-eabi/14.3.1/include/arm_mve.h **** 
2025:/opt/st/stm32cubeide_2.1.1/plugins/com.st.stm32cube.ide.mcu.externaltools.gnu-tools-for-stm32.14.3.rel1.linux64_1.0.100.202602081740/tools/lib/gcc/arm-none-eabi/14.3.1/include/arm_mve.h **** __extension__ extern __inline void
2026:/opt/st/stm32cubeide_2.1.1/plugins/com.st.stm32cube.ide.mcu.externaltools.gnu-tools-for-stm32.14.3.rel1.linux64_1.0.100.202602081740/tools/lib/gcc/arm-none-eabi/14.3.1/include/arm_mve.h **** __attribute__ ((__always_inline__, __gnu_inline__, __artificial__))
2027:/opt/st/stm32cubeide_2.1.1/plugins/com.st.stm32cube.ide.mcu.externaltools.gnu-tools-for-stm32.14.3.rel1.linux64_1.0.100.202602081740/tools/lib/gcc/arm-none-eabi/14.3.1/include/arm_mve.h **** __arm_vstrhq_p_u16 (uint16_t * __addr, uint16x8_t __value, mve_pred16_t __p)
2028:/opt/st/stm32cubeide_2.1.1/plugins/com.st.stm32cube.ide.mcu.externaltools.gnu-tools-for-stm32.14.3.rel1.linux64_1.0.100.202602081740/tools/lib/gcc/arm-none-eabi/14.3.1/include/arm_mve.h **** {
2029:/opt/st/stm32cubeide_2.1.1/plugins/com.st.stm32cube.ide.mcu.externaltools.gnu-tools-for-stm32.14.3.rel1.linux64_1.0.100.202602081740/tools/lib/gcc/arm-none-eabi/14.3.1/include/arm_mve.h ****   __builtin_mve_vstrhq_p_uv8hi ((__builtin_neon_hi *) __addr, __value, __p);
2030:/opt/st/stm32cubeide_2.1.1/plugins/com.st.stm32cube.ide.mcu.externaltools.gnu-tools-for-stm32.14.3.rel1.linux64_1.0.100.202602081740/tools/lib/gcc/arm-none-eabi/14.3.1/include/arm_mve.h **** }
2031:/opt/st/stm32cubeide_2.1.1/plugins/com.st.stm32cube.ide.mcu.externaltools.gnu-tools-for-stm32.14.3.rel1.linux64_1.0.100.202602081740/tools/lib/gcc/arm-none-eabi/14.3.1/include/arm_mve.h **** 
2032:/opt/st/stm32cubeide_2.1.1/plugins/com.st.stm32cube.ide.mcu.externaltools.gnu-tools-for-stm32.14.3.rel1.linux64_1.0.100.202602081740/tools/lib/gcc/arm-none-eabi/14.3.1/include/arm_mve.h **** __extension__ extern __inline void
2033:/opt/st/stm32cubeide_2.1.1/plugins/com.st.stm32cube.ide.mcu.externaltools.gnu-tools-for-stm32.14.3.rel1.linux64_1.0.100.202602081740/tools/lib/gcc/arm-none-eabi/14.3.1/include/arm_mve.h **** __attribute__ ((__always_inline__, __gnu_inline__, __artificial__))
2034:/opt/st/stm32cubeide_2.1.1/plugins/com.st.stm32cube.ide.mcu.externaltools.gnu-tools-for-stm32.14.3.rel1.linux64_1.0.100.202602081740/tools/lib/gcc/arm-none-eabi/14.3.1/include/arm_mve.h **** __arm_vstrwq_s32 (int32_t * __addr, int32x4_t __value)
2035:/opt/st/stm32cubeide_2.1.1/plugins/com.st.stm32cube.ide.mcu.externaltools.gnu-tools-for-stm32.14.3.rel1.linux64_1.0.100.202602081740/tools/lib/gcc/arm-none-eabi/14.3.1/include/arm_mve.h **** {
2036:/opt/st/stm32cubeide_2.1.1/plugins/com.st.stm32cube.ide.mcu.externaltools.gnu-tools-for-stm32.14.3.rel1.linux64_1.0.100.202602081740/tools/lib/gcc/arm-none-eabi/14.3.1/include/arm_mve.h ****   __builtin_mve_vstrwq_sv4si ((__builtin_neon_si *) __addr, __value);
2037:/opt/st/stm32cubeide_2.1.1/plugins/com.st.stm32cube.ide.mcu.externaltools.gnu-tools-for-stm32.14.3.rel1.linux64_1.0.100.202602081740/tools/lib/gcc/arm-none-eabi/14.3.1/include/arm_mve.h **** }
2038:/opt/st/stm32cubeide_2.1.1/plugins/com.st.stm32cube.ide.mcu.externaltools.gnu-tools-for-stm32.14.3.rel1.linux64_1.0.100.202602081740/tools/lib/gcc/arm-none-eabi/14.3.1/include/arm_mve.h **** 
2039:/opt/st/stm32cubeide_2.1.1/plugins/com.st.stm32cube.ide.mcu.externaltools.gnu-tools-for-stm32.14.3.rel1.linux64_1.0.100.202602081740/tools/lib/gcc/arm-none-eabi/14.3.1/include/arm_mve.h **** __extension__ extern __inline void
2040:/opt/st/stm32cubeide_2.1.1/plugins/com.st.stm32cube.ide.mcu.externaltools.gnu-tools-for-stm32.14.3.rel1.linux64_1.0.100.202602081740/tools/lib/gcc/arm-none-eabi/14.3.1/include/arm_mve.h **** __attribute__ ((__always_inline__, __gnu_inline__, __artificial__))
2041:/opt/st/stm32cubeide_2.1.1/plugins/com.st.stm32cube.ide.mcu.externaltools.gnu-tools-for-stm32.14.3.rel1.linux64_1.0.100.202602081740/tools/lib/gcc/arm-none-eabi/14.3.1/include/arm_mve.h **** __arm_vstrwq_u32 (uint32_t * __addr, uint32x4_t __value)
2042:/opt/st/stm32cubeide_2.1.1/plugins/com.st.stm32cube.ide.mcu.externaltools.gnu-tools-for-stm32.14.3.rel1.linux64_1.0.100.202602081740/tools/lib/gcc/arm-none-eabi/14.3.1/include/arm_mve.h **** {
2043:/opt/st/stm32cubeide_2.1.1/plugins/com.st.stm32cube.ide.mcu.externaltools.gnu-tools-for-stm32.14.3.rel1.linux64_1.0.100.202602081740/tools/lib/gcc/arm-none-eabi/14.3.1/include/arm_mve.h ****   __builtin_mve_vstrwq_uv4si ((__builtin_neon_si *) __addr, __value);
2044:/opt/st/stm32cubeide_2.1.1/plugins/com.st.stm32cube.ide.mcu.externaltools.gnu-tools-for-stm32.14.3.rel1.linux64_1.0.100.202602081740/tools/lib/gcc/arm-none-eabi/14.3.1/include/arm_mve.h **** }
2045:/opt/st/stm32cubeide_2.1.1/plugins/com.st.stm32cube.ide.mcu.externaltools.gnu-tools-for-stm32.14.3.rel1.linux64_1.0.100.202602081740/tools/lib/gcc/arm-none-eabi/14.3.1/include/arm_mve.h **** 
2046:/opt/st/stm32cubeide_2.1.1/plugins/com.st.stm32cube.ide.mcu.externaltools.gnu-tools-for-stm32.14.3.rel1.linux64_1.0.100.202602081740/tools/lib/gcc/arm-none-eabi/14.3.1/include/arm_mve.h **** __extension__ extern __inline void
2047:/opt/st/stm32cubeide_2.1.1/plugins/com.st.stm32cube.ide.mcu.externaltools.gnu-tools-for-stm32.14.3.rel1.linux64_1.0.100.202602081740/tools/lib/gcc/arm-none-eabi/14.3.1/include/arm_mve.h **** __attribute__ ((__always_inline__, __gnu_inline__, __artificial__))
ARM GAS  /tmp/ccS31Hxi.s 			page 40


2048:/opt/st/stm32cubeide_2.1.1/plugins/com.st.stm32cube.ide.mcu.externaltools.gnu-tools-for-stm32.14.3.rel1.linux64_1.0.100.202602081740/tools/lib/gcc/arm-none-eabi/14.3.1/include/arm_mve.h **** __arm_vstrwq_p_s32 (int32_t * __addr, int32x4_t __value, mve_pred16_t __p)
2049:/opt/st/stm32cubeide_2.1.1/plugins/com.st.stm32cube.ide.mcu.externaltools.gnu-tools-for-stm32.14.3.rel1.linux64_1.0.100.202602081740/tools/lib/gcc/arm-none-eabi/14.3.1/include/arm_mve.h **** {
2050:/opt/st/stm32cubeide_2.1.1/plugins/com.st.stm32cube.ide.mcu.externaltools.gnu-tools-for-stm32.14.3.rel1.linux64_1.0.100.202602081740/tools/lib/gcc/arm-none-eabi/14.3.1/include/arm_mve.h ****   __builtin_mve_vstrwq_p_sv4si ((__builtin_neon_si *) __addr, __value, __p);
2051:/opt/st/stm32cubeide_2.1.1/plugins/com.st.stm32cube.ide.mcu.externaltools.gnu-tools-for-stm32.14.3.rel1.linux64_1.0.100.202602081740/tools/lib/gcc/arm-none-eabi/14.3.1/include/arm_mve.h **** }
2052:/opt/st/stm32cubeide_2.1.1/plugins/com.st.stm32cube.ide.mcu.externaltools.gnu-tools-for-stm32.14.3.rel1.linux64_1.0.100.202602081740/tools/lib/gcc/arm-none-eabi/14.3.1/include/arm_mve.h **** 
2053:/opt/st/stm32cubeide_2.1.1/plugins/com.st.stm32cube.ide.mcu.externaltools.gnu-tools-for-stm32.14.3.rel1.linux64_1.0.100.202602081740/tools/lib/gcc/arm-none-eabi/14.3.1/include/arm_mve.h **** __extension__ extern __inline void
2054:/opt/st/stm32cubeide_2.1.1/plugins/com.st.stm32cube.ide.mcu.externaltools.gnu-tools-for-stm32.14.3.rel1.linux64_1.0.100.202602081740/tools/lib/gcc/arm-none-eabi/14.3.1/include/arm_mve.h **** __attribute__ ((__always_inline__, __gnu_inline__, __artificial__))
2055:/opt/st/stm32cubeide_2.1.1/plugins/com.st.stm32cube.ide.mcu.externaltools.gnu-tools-for-stm32.14.3.rel1.linux64_1.0.100.202602081740/tools/lib/gcc/arm-none-eabi/14.3.1/include/arm_mve.h **** __arm_vstrwq_p_u32 (uint32_t * __addr, uint32x4_t __value, mve_pred16_t __p)
2056:/opt/st/stm32cubeide_2.1.1/plugins/com.st.stm32cube.ide.mcu.externaltools.gnu-tools-for-stm32.14.3.rel1.linux64_1.0.100.202602081740/tools/lib/gcc/arm-none-eabi/14.3.1/include/arm_mve.h **** {
2057:/opt/st/stm32cubeide_2.1.1/plugins/com.st.stm32cube.ide.mcu.externaltools.gnu-tools-for-stm32.14.3.rel1.linux64_1.0.100.202602081740/tools/lib/gcc/arm-none-eabi/14.3.1/include/arm_mve.h ****   __builtin_mve_vstrwq_p_uv4si ((__builtin_neon_si *) __addr, __value, __p);
2058:/opt/st/stm32cubeide_2.1.1/plugins/com.st.stm32cube.ide.mcu.externaltools.gnu-tools-for-stm32.14.3.rel1.linux64_1.0.100.202602081740/tools/lib/gcc/arm-none-eabi/14.3.1/include/arm_mve.h **** }
2059:/opt/st/stm32cubeide_2.1.1/plugins/com.st.stm32cube.ide.mcu.externaltools.gnu-tools-for-stm32.14.3.rel1.linux64_1.0.100.202602081740/tools/lib/gcc/arm-none-eabi/14.3.1/include/arm_mve.h **** 
2060:/opt/st/stm32cubeide_2.1.1/plugins/com.st.stm32cube.ide.mcu.externaltools.gnu-tools-for-stm32.14.3.rel1.linux64_1.0.100.202602081740/tools/lib/gcc/arm-none-eabi/14.3.1/include/arm_mve.h **** __extension__ extern __inline void
2061:/opt/st/stm32cubeide_2.1.1/plugins/com.st.stm32cube.ide.mcu.externaltools.gnu-tools-for-stm32.14.3.rel1.linux64_1.0.100.202602081740/tools/lib/gcc/arm-none-eabi/14.3.1/include/arm_mve.h **** __attribute__ ((__always_inline__, __gnu_inline__, __artificial__))
2062:/opt/st/stm32cubeide_2.1.1/plugins/com.st.stm32cube.ide.mcu.externaltools.gnu-tools-for-stm32.14.3.rel1.linux64_1.0.100.202602081740/tools/lib/gcc/arm-none-eabi/14.3.1/include/arm_mve.h **** __arm_vstrdq_scatter_base_p_s64 (uint64x2_t __addr, const int __offset, int64x2_t __value, mve_pred
2063:/opt/st/stm32cubeide_2.1.1/plugins/com.st.stm32cube.ide.mcu.externaltools.gnu-tools-for-stm32.14.3.rel1.linux64_1.0.100.202602081740/tools/lib/gcc/arm-none-eabi/14.3.1/include/arm_mve.h **** {
2064:/opt/st/stm32cubeide_2.1.1/plugins/com.st.stm32cube.ide.mcu.externaltools.gnu-tools-for-stm32.14.3.rel1.linux64_1.0.100.202602081740/tools/lib/gcc/arm-none-eabi/14.3.1/include/arm_mve.h ****   __builtin_mve_vstrdq_scatter_base_p_sv2di (__addr, __offset, __value, __p);
2065:/opt/st/stm32cubeide_2.1.1/plugins/com.st.stm32cube.ide.mcu.externaltools.gnu-tools-for-stm32.14.3.rel1.linux64_1.0.100.202602081740/tools/lib/gcc/arm-none-eabi/14.3.1/include/arm_mve.h **** }
2066:/opt/st/stm32cubeide_2.1.1/plugins/com.st.stm32cube.ide.mcu.externaltools.gnu-tools-for-stm32.14.3.rel1.linux64_1.0.100.202602081740/tools/lib/gcc/arm-none-eabi/14.3.1/include/arm_mve.h **** 
2067:/opt/st/stm32cubeide_2.1.1/plugins/com.st.stm32cube.ide.mcu.externaltools.gnu-tools-for-stm32.14.3.rel1.linux64_1.0.100.202602081740/tools/lib/gcc/arm-none-eabi/14.3.1/include/arm_mve.h **** __extension__ extern __inline void
2068:/opt/st/stm32cubeide_2.1.1/plugins/com.st.stm32cube.ide.mcu.externaltools.gnu-tools-for-stm32.14.3.rel1.linux64_1.0.100.202602081740/tools/lib/gcc/arm-none-eabi/14.3.1/include/arm_mve.h **** __attribute__ ((__always_inline__, __gnu_inline__, __artificial__))
2069:/opt/st/stm32cubeide_2.1.1/plugins/com.st.stm32cube.ide.mcu.externaltools.gnu-tools-for-stm32.14.3.rel1.linux64_1.0.100.202602081740/tools/lib/gcc/arm-none-eabi/14.3.1/include/arm_mve.h **** __arm_vstrdq_scatter_base_p_u64 (uint64x2_t __addr, const int __offset, uint64x2_t __value, mve_pre
2070:/opt/st/stm32cubeide_2.1.1/plugins/com.st.stm32cube.ide.mcu.externaltools.gnu-tools-for-stm32.14.3.rel1.linux64_1.0.100.202602081740/tools/lib/gcc/arm-none-eabi/14.3.1/include/arm_mve.h **** {
2071:/opt/st/stm32cubeide_2.1.1/plugins/com.st.stm32cube.ide.mcu.externaltools.gnu-tools-for-stm32.14.3.rel1.linux64_1.0.100.202602081740/tools/lib/gcc/arm-none-eabi/14.3.1/include/arm_mve.h ****   __builtin_mve_vstrdq_scatter_base_p_uv2di (__addr, __offset, __value, __p);
2072:/opt/st/stm32cubeide_2.1.1/plugins/com.st.stm32cube.ide.mcu.externaltools.gnu-tools-for-stm32.14.3.rel1.linux64_1.0.100.202602081740/tools/lib/gcc/arm-none-eabi/14.3.1/include/arm_mve.h **** }
2073:/opt/st/stm32cubeide_2.1.1/plugins/com.st.stm32cube.ide.mcu.externaltools.gnu-tools-for-stm32.14.3.rel1.linux64_1.0.100.202602081740/tools/lib/gcc/arm-none-eabi/14.3.1/include/arm_mve.h **** 
2074:/opt/st/stm32cubeide_2.1.1/plugins/com.st.stm32cube.ide.mcu.externaltools.gnu-tools-for-stm32.14.3.rel1.linux64_1.0.100.202602081740/tools/lib/gcc/arm-none-eabi/14.3.1/include/arm_mve.h **** __extension__ extern __inline void
2075:/opt/st/stm32cubeide_2.1.1/plugins/com.st.stm32cube.ide.mcu.externaltools.gnu-tools-for-stm32.14.3.rel1.linux64_1.0.100.202602081740/tools/lib/gcc/arm-none-eabi/14.3.1/include/arm_mve.h **** __attribute__ ((__always_inline__, __gnu_inline__, __artificial__))
2076:/opt/st/stm32cubeide_2.1.1/plugins/com.st.stm32cube.ide.mcu.externaltools.gnu-tools-for-stm32.14.3.rel1.linux64_1.0.100.202602081740/tools/lib/gcc/arm-none-eabi/14.3.1/include/arm_mve.h **** __arm_vstrdq_scatter_base_s64 (uint64x2_t __addr, const int __offset, int64x2_t __value)
2077:/opt/st/stm32cubeide_2.1.1/plugins/com.st.stm32cube.ide.mcu.externaltools.gnu-tools-for-stm32.14.3.rel1.linux64_1.0.100.202602081740/tools/lib/gcc/arm-none-eabi/14.3.1/include/arm_mve.h **** {
2078:/opt/st/stm32cubeide_2.1.1/plugins/com.st.stm32cube.ide.mcu.externaltools.gnu-tools-for-stm32.14.3.rel1.linux64_1.0.100.202602081740/tools/lib/gcc/arm-none-eabi/14.3.1/include/arm_mve.h ****   __builtin_mve_vstrdq_scatter_base_sv2di (__addr, __offset, __value);
2079:/opt/st/stm32cubeide_2.1.1/plugins/com.st.stm32cube.ide.mcu.externaltools.gnu-tools-for-stm32.14.3.rel1.linux64_1.0.100.202602081740/tools/lib/gcc/arm-none-eabi/14.3.1/include/arm_mve.h **** }
2080:/opt/st/stm32cubeide_2.1.1/plugins/com.st.stm32cube.ide.mcu.externaltools.gnu-tools-for-stm32.14.3.rel1.linux64_1.0.100.202602081740/tools/lib/gcc/arm-none-eabi/14.3.1/include/arm_mve.h **** 
2081:/opt/st/stm32cubeide_2.1.1/plugins/com.st.stm32cube.ide.mcu.externaltools.gnu-tools-for-stm32.14.3.rel1.linux64_1.0.100.202602081740/tools/lib/gcc/arm-none-eabi/14.3.1/include/arm_mve.h **** __extension__ extern __inline void
2082:/opt/st/stm32cubeide_2.1.1/plugins/com.st.stm32cube.ide.mcu.externaltools.gnu-tools-for-stm32.14.3.rel1.linux64_1.0.100.202602081740/tools/lib/gcc/arm-none-eabi/14.3.1/include/arm_mve.h **** __attribute__ ((__always_inline__, __gnu_inline__, __artificial__))
2083:/opt/st/stm32cubeide_2.1.1/plugins/com.st.stm32cube.ide.mcu.externaltools.gnu-tools-for-stm32.14.3.rel1.linux64_1.0.100.202602081740/tools/lib/gcc/arm-none-eabi/14.3.1/include/arm_mve.h **** __arm_vstrdq_scatter_base_u64 (uint64x2_t __addr, const int __offset, uint64x2_t __value)
2084:/opt/st/stm32cubeide_2.1.1/plugins/com.st.stm32cube.ide.mcu.externaltools.gnu-tools-for-stm32.14.3.rel1.linux64_1.0.100.202602081740/tools/lib/gcc/arm-none-eabi/14.3.1/include/arm_mve.h **** {
2085:/opt/st/stm32cubeide_2.1.1/plugins/com.st.stm32cube.ide.mcu.externaltools.gnu-tools-for-stm32.14.3.rel1.linux64_1.0.100.202602081740/tools/lib/gcc/arm-none-eabi/14.3.1/include/arm_mve.h ****   __builtin_mve_vstrdq_scatter_base_uv2di (__addr, __offset, __value);
2086:/opt/st/stm32cubeide_2.1.1/plugins/com.st.stm32cube.ide.mcu.externaltools.gnu-tools-for-stm32.14.3.rel1.linux64_1.0.100.202602081740/tools/lib/gcc/arm-none-eabi/14.3.1/include/arm_mve.h **** }
2087:/opt/st/stm32cubeide_2.1.1/plugins/com.st.stm32cube.ide.mcu.externaltools.gnu-tools-for-stm32.14.3.rel1.linux64_1.0.100.202602081740/tools/lib/gcc/arm-none-eabi/14.3.1/include/arm_mve.h **** 
2088:/opt/st/stm32cubeide_2.1.1/plugins/com.st.stm32cube.ide.mcu.externaltools.gnu-tools-for-stm32.14.3.rel1.linux64_1.0.100.202602081740/tools/lib/gcc/arm-none-eabi/14.3.1/include/arm_mve.h **** __extension__ extern __inline void
2089:/opt/st/stm32cubeide_2.1.1/plugins/com.st.stm32cube.ide.mcu.externaltools.gnu-tools-for-stm32.14.3.rel1.linux64_1.0.100.202602081740/tools/lib/gcc/arm-none-eabi/14.3.1/include/arm_mve.h **** __attribute__ ((__always_inline__, __gnu_inline__, __artificial__))
2090:/opt/st/stm32cubeide_2.1.1/plugins/com.st.stm32cube.ide.mcu.externaltools.gnu-tools-for-stm32.14.3.rel1.linux64_1.0.100.202602081740/tools/lib/gcc/arm-none-eabi/14.3.1/include/arm_mve.h **** __arm_vstrdq_scatter_offset_p_s64 (int64_t * __base, uint64x2_t __offset, int64x2_t __value, mve_pr
2091:/opt/st/stm32cubeide_2.1.1/plugins/com.st.stm32cube.ide.mcu.externaltools.gnu-tools-for-stm32.14.3.rel1.linux64_1.0.100.202602081740/tools/lib/gcc/arm-none-eabi/14.3.1/include/arm_mve.h **** {
2092:/opt/st/stm32cubeide_2.1.1/plugins/com.st.stm32cube.ide.mcu.externaltools.gnu-tools-for-stm32.14.3.rel1.linux64_1.0.100.202602081740/tools/lib/gcc/arm-none-eabi/14.3.1/include/arm_mve.h ****   __builtin_mve_vstrdq_scatter_offset_p_sv2di ((__builtin_neon_di *) __base, __offset, __value, __p
2093:/opt/st/stm32cubeide_2.1.1/plugins/com.st.stm32cube.ide.mcu.externaltools.gnu-tools-for-stm32.14.3.rel1.linux64_1.0.100.202602081740/tools/lib/gcc/arm-none-eabi/14.3.1/include/arm_mve.h **** }
2094:/opt/st/stm32cubeide_2.1.1/plugins/com.st.stm32cube.ide.mcu.externaltools.gnu-tools-for-stm32.14.3.rel1.linux64_1.0.100.202602081740/tools/lib/gcc/arm-none-eabi/14.3.1/include/arm_mve.h **** 
2095:/opt/st/stm32cubeide_2.1.1/plugins/com.st.stm32cube.ide.mcu.externaltools.gnu-tools-for-stm32.14.3.rel1.linux64_1.0.100.202602081740/tools/lib/gcc/arm-none-eabi/14.3.1/include/arm_mve.h **** __extension__ extern __inline void
2096:/opt/st/stm32cubeide_2.1.1/plugins/com.st.stm32cube.ide.mcu.externaltools.gnu-tools-for-stm32.14.3.rel1.linux64_1.0.100.202602081740/tools/lib/gcc/arm-none-eabi/14.3.1/include/arm_mve.h **** __attribute__ ((__always_inline__, __gnu_inline__, __artificial__))
2097:/opt/st/stm32cubeide_2.1.1/plugins/com.st.stm32cube.ide.mcu.externaltools.gnu-tools-for-stm32.14.3.rel1.linux64_1.0.100.202602081740/tools/lib/gcc/arm-none-eabi/14.3.1/include/arm_mve.h **** __arm_vstrdq_scatter_offset_p_u64 (uint64_t * __base, uint64x2_t __offset, uint64x2_t __value, mve_
2098:/opt/st/stm32cubeide_2.1.1/plugins/com.st.stm32cube.ide.mcu.externaltools.gnu-tools-for-stm32.14.3.rel1.linux64_1.0.100.202602081740/tools/lib/gcc/arm-none-eabi/14.3.1/include/arm_mve.h **** {
2099:/opt/st/stm32cubeide_2.1.1/plugins/com.st.stm32cube.ide.mcu.externaltools.gnu-tools-for-stm32.14.3.rel1.linux64_1.0.100.202602081740/tools/lib/gcc/arm-none-eabi/14.3.1/include/arm_mve.h ****   __builtin_mve_vstrdq_scatter_offset_p_uv2di ((__builtin_neon_di *) __base, __offset, __value, __p
2100:/opt/st/stm32cubeide_2.1.1/plugins/com.st.stm32cube.ide.mcu.externaltools.gnu-tools-for-stm32.14.3.rel1.linux64_1.0.100.202602081740/tools/lib/gcc/arm-none-eabi/14.3.1/include/arm_mve.h **** }
2101:/opt/st/stm32cubeide_2.1.1/plugins/com.st.stm32cube.ide.mcu.externaltools.gnu-tools-for-stm32.14.3.rel1.linux64_1.0.100.202602081740/tools/lib/gcc/arm-none-eabi/14.3.1/include/arm_mve.h **** 
2102:/opt/st/stm32cubeide_2.1.1/plugins/com.st.stm32cube.ide.mcu.externaltools.gnu-tools-for-stm32.14.3.rel1.linux64_1.0.100.202602081740/tools/lib/gcc/arm-none-eabi/14.3.1/include/arm_mve.h **** __extension__ extern __inline void
2103:/opt/st/stm32cubeide_2.1.1/plugins/com.st.stm32cube.ide.mcu.externaltools.gnu-tools-for-stm32.14.3.rel1.linux64_1.0.100.202602081740/tools/lib/gcc/arm-none-eabi/14.3.1/include/arm_mve.h **** __attribute__ ((__always_inline__, __gnu_inline__, __artificial__))
2104:/opt/st/stm32cubeide_2.1.1/plugins/com.st.stm32cube.ide.mcu.externaltools.gnu-tools-for-stm32.14.3.rel1.linux64_1.0.100.202602081740/tools/lib/gcc/arm-none-eabi/14.3.1/include/arm_mve.h **** __arm_vstrdq_scatter_offset_s64 (int64_t * __base, uint64x2_t __offset, int64x2_t __value)
ARM GAS  /tmp/ccS31Hxi.s 			page 41


2105:/opt/st/stm32cubeide_2.1.1/plugins/com.st.stm32cube.ide.mcu.externaltools.gnu-tools-for-stm32.14.3.rel1.linux64_1.0.100.202602081740/tools/lib/gcc/arm-none-eabi/14.3.1/include/arm_mve.h **** {
2106:/opt/st/stm32cubeide_2.1.1/plugins/com.st.stm32cube.ide.mcu.externaltools.gnu-tools-for-stm32.14.3.rel1.linux64_1.0.100.202602081740/tools/lib/gcc/arm-none-eabi/14.3.1/include/arm_mve.h ****   __builtin_mve_vstrdq_scatter_offset_sv2di ((__builtin_neon_di *) __base, __offset, __value);
2107:/opt/st/stm32cubeide_2.1.1/plugins/com.st.stm32cube.ide.mcu.externaltools.gnu-tools-for-stm32.14.3.rel1.linux64_1.0.100.202602081740/tools/lib/gcc/arm-none-eabi/14.3.1/include/arm_mve.h **** }
2108:/opt/st/stm32cubeide_2.1.1/plugins/com.st.stm32cube.ide.mcu.externaltools.gnu-tools-for-stm32.14.3.rel1.linux64_1.0.100.202602081740/tools/lib/gcc/arm-none-eabi/14.3.1/include/arm_mve.h **** 
2109:/opt/st/stm32cubeide_2.1.1/plugins/com.st.stm32cube.ide.mcu.externaltools.gnu-tools-for-stm32.14.3.rel1.linux64_1.0.100.202602081740/tools/lib/gcc/arm-none-eabi/14.3.1/include/arm_mve.h **** __extension__ extern __inline void
2110:/opt/st/stm32cubeide_2.1.1/plugins/com.st.stm32cube.ide.mcu.externaltools.gnu-tools-for-stm32.14.3.rel1.linux64_1.0.100.202602081740/tools/lib/gcc/arm-none-eabi/14.3.1/include/arm_mve.h **** __attribute__ ((__always_inline__, __gnu_inline__, __artificial__))
2111:/opt/st/stm32cubeide_2.1.1/plugins/com.st.stm32cube.ide.mcu.externaltools.gnu-tools-for-stm32.14.3.rel1.linux64_1.0.100.202602081740/tools/lib/gcc/arm-none-eabi/14.3.1/include/arm_mve.h **** __arm_vstrdq_scatter_offset_u64 (uint64_t * __base, uint64x2_t __offset, uint64x2_t __value)
2112:/opt/st/stm32cubeide_2.1.1/plugins/com.st.stm32cube.ide.mcu.externaltools.gnu-tools-for-stm32.14.3.rel1.linux64_1.0.100.202602081740/tools/lib/gcc/arm-none-eabi/14.3.1/include/arm_mve.h **** {
2113:/opt/st/stm32cubeide_2.1.1/plugins/com.st.stm32cube.ide.mcu.externaltools.gnu-tools-for-stm32.14.3.rel1.linux64_1.0.100.202602081740/tools/lib/gcc/arm-none-eabi/14.3.1/include/arm_mve.h ****   __builtin_mve_vstrdq_scatter_offset_uv2di ((__builtin_neon_di *) __base, __offset, __value);
2114:/opt/st/stm32cubeide_2.1.1/plugins/com.st.stm32cube.ide.mcu.externaltools.gnu-tools-for-stm32.14.3.rel1.linux64_1.0.100.202602081740/tools/lib/gcc/arm-none-eabi/14.3.1/include/arm_mve.h **** }
2115:/opt/st/stm32cubeide_2.1.1/plugins/com.st.stm32cube.ide.mcu.externaltools.gnu-tools-for-stm32.14.3.rel1.linux64_1.0.100.202602081740/tools/lib/gcc/arm-none-eabi/14.3.1/include/arm_mve.h **** 
2116:/opt/st/stm32cubeide_2.1.1/plugins/com.st.stm32cube.ide.mcu.externaltools.gnu-tools-for-stm32.14.3.rel1.linux64_1.0.100.202602081740/tools/lib/gcc/arm-none-eabi/14.3.1/include/arm_mve.h **** __extension__ extern __inline void
2117:/opt/st/stm32cubeide_2.1.1/plugins/com.st.stm32cube.ide.mcu.externaltools.gnu-tools-for-stm32.14.3.rel1.linux64_1.0.100.202602081740/tools/lib/gcc/arm-none-eabi/14.3.1/include/arm_mve.h **** __attribute__ ((__always_inline__, __gnu_inline__, __artificial__))
2118:/opt/st/stm32cubeide_2.1.1/plugins/com.st.stm32cube.ide.mcu.externaltools.gnu-tools-for-stm32.14.3.rel1.linux64_1.0.100.202602081740/tools/lib/gcc/arm-none-eabi/14.3.1/include/arm_mve.h **** __arm_vstrdq_scatter_shifted_offset_p_s64 (int64_t * __base, uint64x2_t __offset, int64x2_t __value
2119:/opt/st/stm32cubeide_2.1.1/plugins/com.st.stm32cube.ide.mcu.externaltools.gnu-tools-for-stm32.14.3.rel1.linux64_1.0.100.202602081740/tools/lib/gcc/arm-none-eabi/14.3.1/include/arm_mve.h **** {
2120:/opt/st/stm32cubeide_2.1.1/plugins/com.st.stm32cube.ide.mcu.externaltools.gnu-tools-for-stm32.14.3.rel1.linux64_1.0.100.202602081740/tools/lib/gcc/arm-none-eabi/14.3.1/include/arm_mve.h ****   __builtin_mve_vstrdq_scatter_shifted_offset_p_sv2di ((__builtin_neon_di *) __base, __offset, __va
2121:/opt/st/stm32cubeide_2.1.1/plugins/com.st.stm32cube.ide.mcu.externaltools.gnu-tools-for-stm32.14.3.rel1.linux64_1.0.100.202602081740/tools/lib/gcc/arm-none-eabi/14.3.1/include/arm_mve.h **** }
2122:/opt/st/stm32cubeide_2.1.1/plugins/com.st.stm32cube.ide.mcu.externaltools.gnu-tools-for-stm32.14.3.rel1.linux64_1.0.100.202602081740/tools/lib/gcc/arm-none-eabi/14.3.1/include/arm_mve.h **** 
2123:/opt/st/stm32cubeide_2.1.1/plugins/com.st.stm32cube.ide.mcu.externaltools.gnu-tools-for-stm32.14.3.rel1.linux64_1.0.100.202602081740/tools/lib/gcc/arm-none-eabi/14.3.1/include/arm_mve.h **** __extension__ extern __inline void
2124:/opt/st/stm32cubeide_2.1.1/plugins/com.st.stm32cube.ide.mcu.externaltools.gnu-tools-for-stm32.14.3.rel1.linux64_1.0.100.202602081740/tools/lib/gcc/arm-none-eabi/14.3.1/include/arm_mve.h **** __attribute__ ((__always_inline__, __gnu_inline__, __artificial__))
2125:/opt/st/stm32cubeide_2.1.1/plugins/com.st.stm32cube.ide.mcu.externaltools.gnu-tools-for-stm32.14.3.rel1.linux64_1.0.100.202602081740/tools/lib/gcc/arm-none-eabi/14.3.1/include/arm_mve.h **** __arm_vstrdq_scatter_shifted_offset_p_u64 (uint64_t * __base, uint64x2_t __offset, uint64x2_t __val
2126:/opt/st/stm32cubeide_2.1.1/plugins/com.st.stm32cube.ide.mcu.externaltools.gnu-tools-for-stm32.14.3.rel1.linux64_1.0.100.202602081740/tools/lib/gcc/arm-none-eabi/14.3.1/include/arm_mve.h **** {
2127:/opt/st/stm32cubeide_2.1.1/plugins/com.st.stm32cube.ide.mcu.externaltools.gnu-tools-for-stm32.14.3.rel1.linux64_1.0.100.202602081740/tools/lib/gcc/arm-none-eabi/14.3.1/include/arm_mve.h ****   __builtin_mve_vstrdq_scatter_shifted_offset_p_uv2di ((__builtin_neon_di *) __base, __offset, __va
2128:/opt/st/stm32cubeide_2.1.1/plugins/com.st.stm32cube.ide.mcu.externaltools.gnu-tools-for-stm32.14.3.rel1.linux64_1.0.100.202602081740/tools/lib/gcc/arm-none-eabi/14.3.1/include/arm_mve.h **** }
2129:/opt/st/stm32cubeide_2.1.1/plugins/com.st.stm32cube.ide.mcu.externaltools.gnu-tools-for-stm32.14.3.rel1.linux64_1.0.100.202602081740/tools/lib/gcc/arm-none-eabi/14.3.1/include/arm_mve.h **** 
2130:/opt/st/stm32cubeide_2.1.1/plugins/com.st.stm32cube.ide.mcu.externaltools.gnu-tools-for-stm32.14.3.rel1.linux64_1.0.100.202602081740/tools/lib/gcc/arm-none-eabi/14.3.1/include/arm_mve.h **** __extension__ extern __inline void
2131:/opt/st/stm32cubeide_2.1.1/plugins/com.st.stm32cube.ide.mcu.externaltools.gnu-tools-for-stm32.14.3.rel1.linux64_1.0.100.202602081740/tools/lib/gcc/arm-none-eabi/14.3.1/include/arm_mve.h **** __attribute__ ((__always_inline__, __gnu_inline__, __artificial__))
2132:/opt/st/stm32cubeide_2.1.1/plugins/com.st.stm32cube.ide.mcu.externaltools.gnu-tools-for-stm32.14.3.rel1.linux64_1.0.100.202602081740/tools/lib/gcc/arm-none-eabi/14.3.1/include/arm_mve.h **** __arm_vstrdq_scatter_shifted_offset_s64 (int64_t * __base, uint64x2_t __offset, int64x2_t __value)
2133:/opt/st/stm32cubeide_2.1.1/plugins/com.st.stm32cube.ide.mcu.externaltools.gnu-tools-for-stm32.14.3.rel1.linux64_1.0.100.202602081740/tools/lib/gcc/arm-none-eabi/14.3.1/include/arm_mve.h **** {
2134:/opt/st/stm32cubeide_2.1.1/plugins/com.st.stm32cube.ide.mcu.externaltools.gnu-tools-for-stm32.14.3.rel1.linux64_1.0.100.202602081740/tools/lib/gcc/arm-none-eabi/14.3.1/include/arm_mve.h ****   __builtin_mve_vstrdq_scatter_shifted_offset_sv2di ((__builtin_neon_di *) __base, __offset, __valu
2135:/opt/st/stm32cubeide_2.1.1/plugins/com.st.stm32cube.ide.mcu.externaltools.gnu-tools-for-stm32.14.3.rel1.linux64_1.0.100.202602081740/tools/lib/gcc/arm-none-eabi/14.3.1/include/arm_mve.h **** }
2136:/opt/st/stm32cubeide_2.1.1/plugins/com.st.stm32cube.ide.mcu.externaltools.gnu-tools-for-stm32.14.3.rel1.linux64_1.0.100.202602081740/tools/lib/gcc/arm-none-eabi/14.3.1/include/arm_mve.h **** 
2137:/opt/st/stm32cubeide_2.1.1/plugins/com.st.stm32cube.ide.mcu.externaltools.gnu-tools-for-stm32.14.3.rel1.linux64_1.0.100.202602081740/tools/lib/gcc/arm-none-eabi/14.3.1/include/arm_mve.h **** __extension__ extern __inline void
2138:/opt/st/stm32cubeide_2.1.1/plugins/com.st.stm32cube.ide.mcu.externaltools.gnu-tools-for-stm32.14.3.rel1.linux64_1.0.100.202602081740/tools/lib/gcc/arm-none-eabi/14.3.1/include/arm_mve.h **** __attribute__ ((__always_inline__, __gnu_inline__, __artificial__))
2139:/opt/st/stm32cubeide_2.1.1/plugins/com.st.stm32cube.ide.mcu.externaltools.gnu-tools-for-stm32.14.3.rel1.linux64_1.0.100.202602081740/tools/lib/gcc/arm-none-eabi/14.3.1/include/arm_mve.h **** __arm_vstrdq_scatter_shifted_offset_u64 (uint64_t * __base, uint64x2_t __offset, uint64x2_t __value
2140:/opt/st/stm32cubeide_2.1.1/plugins/com.st.stm32cube.ide.mcu.externaltools.gnu-tools-for-stm32.14.3.rel1.linux64_1.0.100.202602081740/tools/lib/gcc/arm-none-eabi/14.3.1/include/arm_mve.h **** {
2141:/opt/st/stm32cubeide_2.1.1/plugins/com.st.stm32cube.ide.mcu.externaltools.gnu-tools-for-stm32.14.3.rel1.linux64_1.0.100.202602081740/tools/lib/gcc/arm-none-eabi/14.3.1/include/arm_mve.h ****   __builtin_mve_vstrdq_scatter_shifted_offset_uv2di ((__builtin_neon_di *) __base, __offset, __valu
2142:/opt/st/stm32cubeide_2.1.1/plugins/com.st.stm32cube.ide.mcu.externaltools.gnu-tools-for-stm32.14.3.rel1.linux64_1.0.100.202602081740/tools/lib/gcc/arm-none-eabi/14.3.1/include/arm_mve.h **** }
2143:/opt/st/stm32cubeide_2.1.1/plugins/com.st.stm32cube.ide.mcu.externaltools.gnu-tools-for-stm32.14.3.rel1.linux64_1.0.100.202602081740/tools/lib/gcc/arm-none-eabi/14.3.1/include/arm_mve.h **** 
2144:/opt/st/stm32cubeide_2.1.1/plugins/com.st.stm32cube.ide.mcu.externaltools.gnu-tools-for-stm32.14.3.rel1.linux64_1.0.100.202602081740/tools/lib/gcc/arm-none-eabi/14.3.1/include/arm_mve.h **** __extension__ extern __inline void
2145:/opt/st/stm32cubeide_2.1.1/plugins/com.st.stm32cube.ide.mcu.externaltools.gnu-tools-for-stm32.14.3.rel1.linux64_1.0.100.202602081740/tools/lib/gcc/arm-none-eabi/14.3.1/include/arm_mve.h **** __attribute__ ((__always_inline__, __gnu_inline__, __artificial__))
2146:/opt/st/stm32cubeide_2.1.1/plugins/com.st.stm32cube.ide.mcu.externaltools.gnu-tools-for-stm32.14.3.rel1.linux64_1.0.100.202602081740/tools/lib/gcc/arm-none-eabi/14.3.1/include/arm_mve.h **** __arm_vstrwq_scatter_offset_p_s32 (int32_t * __base, uint32x4_t __offset, int32x4_t __value, mve_pr
2147:/opt/st/stm32cubeide_2.1.1/plugins/com.st.stm32cube.ide.mcu.externaltools.gnu-tools-for-stm32.14.3.rel1.linux64_1.0.100.202602081740/tools/lib/gcc/arm-none-eabi/14.3.1/include/arm_mve.h **** {
2148:/opt/st/stm32cubeide_2.1.1/plugins/com.st.stm32cube.ide.mcu.externaltools.gnu-tools-for-stm32.14.3.rel1.linux64_1.0.100.202602081740/tools/lib/gcc/arm-none-eabi/14.3.1/include/arm_mve.h ****   __builtin_mve_vstrwq_scatter_offset_p_sv4si ((__builtin_neon_si *) __base, __offset, __value, __p
2149:/opt/st/stm32cubeide_2.1.1/plugins/com.st.stm32cube.ide.mcu.externaltools.gnu-tools-for-stm32.14.3.rel1.linux64_1.0.100.202602081740/tools/lib/gcc/arm-none-eabi/14.3.1/include/arm_mve.h **** }
2150:/opt/st/stm32cubeide_2.1.1/plugins/com.st.stm32cube.ide.mcu.externaltools.gnu-tools-for-stm32.14.3.rel1.linux64_1.0.100.202602081740/tools/lib/gcc/arm-none-eabi/14.3.1/include/arm_mve.h **** 
2151:/opt/st/stm32cubeide_2.1.1/plugins/com.st.stm32cube.ide.mcu.externaltools.gnu-tools-for-stm32.14.3.rel1.linux64_1.0.100.202602081740/tools/lib/gcc/arm-none-eabi/14.3.1/include/arm_mve.h **** __extension__ extern __inline void
2152:/opt/st/stm32cubeide_2.1.1/plugins/com.st.stm32cube.ide.mcu.externaltools.gnu-tools-for-stm32.14.3.rel1.linux64_1.0.100.202602081740/tools/lib/gcc/arm-none-eabi/14.3.1/include/arm_mve.h **** __attribute__ ((__always_inline__, __gnu_inline__, __artificial__))
2153:/opt/st/stm32cubeide_2.1.1/plugins/com.st.stm32cube.ide.mcu.externaltools.gnu-tools-for-stm32.14.3.rel1.linux64_1.0.100.202602081740/tools/lib/gcc/arm-none-eabi/14.3.1/include/arm_mve.h **** __arm_vstrwq_scatter_offset_p_u32 (uint32_t * __base, uint32x4_t __offset, uint32x4_t __value, mve_
2154:/opt/st/stm32cubeide_2.1.1/plugins/com.st.stm32cube.ide.mcu.externaltools.gnu-tools-for-stm32.14.3.rel1.linux64_1.0.100.202602081740/tools/lib/gcc/arm-none-eabi/14.3.1/include/arm_mve.h **** {
2155:/opt/st/stm32cubeide_2.1.1/plugins/com.st.stm32cube.ide.mcu.externaltools.gnu-tools-for-stm32.14.3.rel1.linux64_1.0.100.202602081740/tools/lib/gcc/arm-none-eabi/14.3.1/include/arm_mve.h ****   __builtin_mve_vstrwq_scatter_offset_p_uv4si ((__builtin_neon_si *) __base, __offset, __value, __p
2156:/opt/st/stm32cubeide_2.1.1/plugins/com.st.stm32cube.ide.mcu.externaltools.gnu-tools-for-stm32.14.3.rel1.linux64_1.0.100.202602081740/tools/lib/gcc/arm-none-eabi/14.3.1/include/arm_mve.h **** }
2157:/opt/st/stm32cubeide_2.1.1/plugins/com.st.stm32cube.ide.mcu.externaltools.gnu-tools-for-stm32.14.3.rel1.linux64_1.0.100.202602081740/tools/lib/gcc/arm-none-eabi/14.3.1/include/arm_mve.h **** 
2158:/opt/st/stm32cubeide_2.1.1/plugins/com.st.stm32cube.ide.mcu.externaltools.gnu-tools-for-stm32.14.3.rel1.linux64_1.0.100.202602081740/tools/lib/gcc/arm-none-eabi/14.3.1/include/arm_mve.h **** __extension__ extern __inline void
2159:/opt/st/stm32cubeide_2.1.1/plugins/com.st.stm32cube.ide.mcu.externaltools.gnu-tools-for-stm32.14.3.rel1.linux64_1.0.100.202602081740/tools/lib/gcc/arm-none-eabi/14.3.1/include/arm_mve.h **** __attribute__ ((__always_inline__, __gnu_inline__, __artificial__))
2160:/opt/st/stm32cubeide_2.1.1/plugins/com.st.stm32cube.ide.mcu.externaltools.gnu-tools-for-stm32.14.3.rel1.linux64_1.0.100.202602081740/tools/lib/gcc/arm-none-eabi/14.3.1/include/arm_mve.h **** __arm_vstrwq_scatter_offset_s32 (int32_t * __base, uint32x4_t __offset, int32x4_t __value)
2161:/opt/st/stm32cubeide_2.1.1/plugins/com.st.stm32cube.ide.mcu.externaltools.gnu-tools-for-stm32.14.3.rel1.linux64_1.0.100.202602081740/tools/lib/gcc/arm-none-eabi/14.3.1/include/arm_mve.h **** {
ARM GAS  /tmp/ccS31Hxi.s 			page 42


2162:/opt/st/stm32cubeide_2.1.1/plugins/com.st.stm32cube.ide.mcu.externaltools.gnu-tools-for-stm32.14.3.rel1.linux64_1.0.100.202602081740/tools/lib/gcc/arm-none-eabi/14.3.1/include/arm_mve.h ****   __builtin_mve_vstrwq_scatter_offset_sv4si ((__builtin_neon_si *) __base, __offset, __value);
2163:/opt/st/stm32cubeide_2.1.1/plugins/com.st.stm32cube.ide.mcu.externaltools.gnu-tools-for-stm32.14.3.rel1.linux64_1.0.100.202602081740/tools/lib/gcc/arm-none-eabi/14.3.1/include/arm_mve.h **** }
2164:/opt/st/stm32cubeide_2.1.1/plugins/com.st.stm32cube.ide.mcu.externaltools.gnu-tools-for-stm32.14.3.rel1.linux64_1.0.100.202602081740/tools/lib/gcc/arm-none-eabi/14.3.1/include/arm_mve.h **** 
2165:/opt/st/stm32cubeide_2.1.1/plugins/com.st.stm32cube.ide.mcu.externaltools.gnu-tools-for-stm32.14.3.rel1.linux64_1.0.100.202602081740/tools/lib/gcc/arm-none-eabi/14.3.1/include/arm_mve.h **** __extension__ extern __inline void
2166:/opt/st/stm32cubeide_2.1.1/plugins/com.st.stm32cube.ide.mcu.externaltools.gnu-tools-for-stm32.14.3.rel1.linux64_1.0.100.202602081740/tools/lib/gcc/arm-none-eabi/14.3.1/include/arm_mve.h **** __attribute__ ((__always_inline__, __gnu_inline__, __artificial__))
2167:/opt/st/stm32cubeide_2.1.1/plugins/com.st.stm32cube.ide.mcu.externaltools.gnu-tools-for-stm32.14.3.rel1.linux64_1.0.100.202602081740/tools/lib/gcc/arm-none-eabi/14.3.1/include/arm_mve.h **** __arm_vstrwq_scatter_offset_u32 (uint32_t * __base, uint32x4_t __offset, uint32x4_t __value)
2168:/opt/st/stm32cubeide_2.1.1/plugins/com.st.stm32cube.ide.mcu.externaltools.gnu-tools-for-stm32.14.3.rel1.linux64_1.0.100.202602081740/tools/lib/gcc/arm-none-eabi/14.3.1/include/arm_mve.h **** {
2169:/opt/st/stm32cubeide_2.1.1/plugins/com.st.stm32cube.ide.mcu.externaltools.gnu-tools-for-stm32.14.3.rel1.linux64_1.0.100.202602081740/tools/lib/gcc/arm-none-eabi/14.3.1/include/arm_mve.h ****   __builtin_mve_vstrwq_scatter_offset_uv4si ((__builtin_neon_si *) __base, __offset, __value);
2170:/opt/st/stm32cubeide_2.1.1/plugins/com.st.stm32cube.ide.mcu.externaltools.gnu-tools-for-stm32.14.3.rel1.linux64_1.0.100.202602081740/tools/lib/gcc/arm-none-eabi/14.3.1/include/arm_mve.h **** }
2171:/opt/st/stm32cubeide_2.1.1/plugins/com.st.stm32cube.ide.mcu.externaltools.gnu-tools-for-stm32.14.3.rel1.linux64_1.0.100.202602081740/tools/lib/gcc/arm-none-eabi/14.3.1/include/arm_mve.h **** 
2172:/opt/st/stm32cubeide_2.1.1/plugins/com.st.stm32cube.ide.mcu.externaltools.gnu-tools-for-stm32.14.3.rel1.linux64_1.0.100.202602081740/tools/lib/gcc/arm-none-eabi/14.3.1/include/arm_mve.h **** __extension__ extern __inline void
2173:/opt/st/stm32cubeide_2.1.1/plugins/com.st.stm32cube.ide.mcu.externaltools.gnu-tools-for-stm32.14.3.rel1.linux64_1.0.100.202602081740/tools/lib/gcc/arm-none-eabi/14.3.1/include/arm_mve.h **** __attribute__ ((__always_inline__, __gnu_inline__, __artificial__))
2174:/opt/st/stm32cubeide_2.1.1/plugins/com.st.stm32cube.ide.mcu.externaltools.gnu-tools-for-stm32.14.3.rel1.linux64_1.0.100.202602081740/tools/lib/gcc/arm-none-eabi/14.3.1/include/arm_mve.h **** __arm_vstrwq_scatter_shifted_offset_p_s32 (int32_t * __base, uint32x4_t __offset, int32x4_t __value
2175:/opt/st/stm32cubeide_2.1.1/plugins/com.st.stm32cube.ide.mcu.externaltools.gnu-tools-for-stm32.14.3.rel1.linux64_1.0.100.202602081740/tools/lib/gcc/arm-none-eabi/14.3.1/include/arm_mve.h **** {
2176:/opt/st/stm32cubeide_2.1.1/plugins/com.st.stm32cube.ide.mcu.externaltools.gnu-tools-for-stm32.14.3.rel1.linux64_1.0.100.202602081740/tools/lib/gcc/arm-none-eabi/14.3.1/include/arm_mve.h ****   __builtin_mve_vstrwq_scatter_shifted_offset_p_sv4si ((__builtin_neon_si *) __base, __offset, __va
2177:/opt/st/stm32cubeide_2.1.1/plugins/com.st.stm32cube.ide.mcu.externaltools.gnu-tools-for-stm32.14.3.rel1.linux64_1.0.100.202602081740/tools/lib/gcc/arm-none-eabi/14.3.1/include/arm_mve.h **** }
2178:/opt/st/stm32cubeide_2.1.1/plugins/com.st.stm32cube.ide.mcu.externaltools.gnu-tools-for-stm32.14.3.rel1.linux64_1.0.100.202602081740/tools/lib/gcc/arm-none-eabi/14.3.1/include/arm_mve.h **** 
2179:/opt/st/stm32cubeide_2.1.1/plugins/com.st.stm32cube.ide.mcu.externaltools.gnu-tools-for-stm32.14.3.rel1.linux64_1.0.100.202602081740/tools/lib/gcc/arm-none-eabi/14.3.1/include/arm_mve.h **** __extension__ extern __inline void
2180:/opt/st/stm32cubeide_2.1.1/plugins/com.st.stm32cube.ide.mcu.externaltools.gnu-tools-for-stm32.14.3.rel1.linux64_1.0.100.202602081740/tools/lib/gcc/arm-none-eabi/14.3.1/include/arm_mve.h **** __attribute__ ((__always_inline__, __gnu_inline__, __artificial__))
2181:/opt/st/stm32cubeide_2.1.1/plugins/com.st.stm32cube.ide.mcu.externaltools.gnu-tools-for-stm32.14.3.rel1.linux64_1.0.100.202602081740/tools/lib/gcc/arm-none-eabi/14.3.1/include/arm_mve.h **** __arm_vstrwq_scatter_shifted_offset_p_u32 (uint32_t * __base, uint32x4_t __offset, uint32x4_t __val
2182:/opt/st/stm32cubeide_2.1.1/plugins/com.st.stm32cube.ide.mcu.externaltools.gnu-tools-for-stm32.14.3.rel1.linux64_1.0.100.202602081740/tools/lib/gcc/arm-none-eabi/14.3.1/include/arm_mve.h **** {
2183:/opt/st/stm32cubeide_2.1.1/plugins/com.st.stm32cube.ide.mcu.externaltools.gnu-tools-for-stm32.14.3.rel1.linux64_1.0.100.202602081740/tools/lib/gcc/arm-none-eabi/14.3.1/include/arm_mve.h ****   __builtin_mve_vstrwq_scatter_shifted_offset_p_uv4si ((__builtin_neon_si *) __base, __offset, __va
2184:/opt/st/stm32cubeide_2.1.1/plugins/com.st.stm32cube.ide.mcu.externaltools.gnu-tools-for-stm32.14.3.rel1.linux64_1.0.100.202602081740/tools/lib/gcc/arm-none-eabi/14.3.1/include/arm_mve.h **** }
2185:/opt/st/stm32cubeide_2.1.1/plugins/com.st.stm32cube.ide.mcu.externaltools.gnu-tools-for-stm32.14.3.rel1.linux64_1.0.100.202602081740/tools/lib/gcc/arm-none-eabi/14.3.1/include/arm_mve.h **** 
2186:/opt/st/stm32cubeide_2.1.1/plugins/com.st.stm32cube.ide.mcu.externaltools.gnu-tools-for-stm32.14.3.rel1.linux64_1.0.100.202602081740/tools/lib/gcc/arm-none-eabi/14.3.1/include/arm_mve.h **** __extension__ extern __inline void
2187:/opt/st/stm32cubeide_2.1.1/plugins/com.st.stm32cube.ide.mcu.externaltools.gnu-tools-for-stm32.14.3.rel1.linux64_1.0.100.202602081740/tools/lib/gcc/arm-none-eabi/14.3.1/include/arm_mve.h **** __attribute__ ((__always_inline__, __gnu_inline__, __artificial__))
2188:/opt/st/stm32cubeide_2.1.1/plugins/com.st.stm32cube.ide.mcu.externaltools.gnu-tools-for-stm32.14.3.rel1.linux64_1.0.100.202602081740/tools/lib/gcc/arm-none-eabi/14.3.1/include/arm_mve.h **** __arm_vstrwq_scatter_shifted_offset_s32 (int32_t * __base, uint32x4_t __offset, int32x4_t __value)
2189:/opt/st/stm32cubeide_2.1.1/plugins/com.st.stm32cube.ide.mcu.externaltools.gnu-tools-for-stm32.14.3.rel1.linux64_1.0.100.202602081740/tools/lib/gcc/arm-none-eabi/14.3.1/include/arm_mve.h **** {
2190:/opt/st/stm32cubeide_2.1.1/plugins/com.st.stm32cube.ide.mcu.externaltools.gnu-tools-for-stm32.14.3.rel1.linux64_1.0.100.202602081740/tools/lib/gcc/arm-none-eabi/14.3.1/include/arm_mve.h ****   __builtin_mve_vstrwq_scatter_shifted_offset_sv4si ((__builtin_neon_si *) __base, __offset, __valu
2191:/opt/st/stm32cubeide_2.1.1/plugins/com.st.stm32cube.ide.mcu.externaltools.gnu-tools-for-stm32.14.3.rel1.linux64_1.0.100.202602081740/tools/lib/gcc/arm-none-eabi/14.3.1/include/arm_mve.h **** }
2192:/opt/st/stm32cubeide_2.1.1/plugins/com.st.stm32cube.ide.mcu.externaltools.gnu-tools-for-stm32.14.3.rel1.linux64_1.0.100.202602081740/tools/lib/gcc/arm-none-eabi/14.3.1/include/arm_mve.h **** 
2193:/opt/st/stm32cubeide_2.1.1/plugins/com.st.stm32cube.ide.mcu.externaltools.gnu-tools-for-stm32.14.3.rel1.linux64_1.0.100.202602081740/tools/lib/gcc/arm-none-eabi/14.3.1/include/arm_mve.h **** __extension__ extern __inline void
2194:/opt/st/stm32cubeide_2.1.1/plugins/com.st.stm32cube.ide.mcu.externaltools.gnu-tools-for-stm32.14.3.rel1.linux64_1.0.100.202602081740/tools/lib/gcc/arm-none-eabi/14.3.1/include/arm_mve.h **** __attribute__ ((__always_inline__, __gnu_inline__, __artificial__))
2195:/opt/st/stm32cubeide_2.1.1/plugins/com.st.stm32cube.ide.mcu.externaltools.gnu-tools-for-stm32.14.3.rel1.linux64_1.0.100.202602081740/tools/lib/gcc/arm-none-eabi/14.3.1/include/arm_mve.h **** __arm_vstrwq_scatter_shifted_offset_u32 (uint32_t * __base, uint32x4_t __offset, uint32x4_t __value
2196:/opt/st/stm32cubeide_2.1.1/plugins/com.st.stm32cube.ide.mcu.externaltools.gnu-tools-for-stm32.14.3.rel1.linux64_1.0.100.202602081740/tools/lib/gcc/arm-none-eabi/14.3.1/include/arm_mve.h **** {
2197:/opt/st/stm32cubeide_2.1.1/plugins/com.st.stm32cube.ide.mcu.externaltools.gnu-tools-for-stm32.14.3.rel1.linux64_1.0.100.202602081740/tools/lib/gcc/arm-none-eabi/14.3.1/include/arm_mve.h ****   __builtin_mve_vstrwq_scatter_shifted_offset_uv4si ((__builtin_neon_si *) __base, __offset, __valu
2198:/opt/st/stm32cubeide_2.1.1/plugins/com.st.stm32cube.ide.mcu.externaltools.gnu-tools-for-stm32.14.3.rel1.linux64_1.0.100.202602081740/tools/lib/gcc/arm-none-eabi/14.3.1/include/arm_mve.h **** }
2199:/opt/st/stm32cubeide_2.1.1/plugins/com.st.stm32cube.ide.mcu.externaltools.gnu-tools-for-stm32.14.3.rel1.linux64_1.0.100.202602081740/tools/lib/gcc/arm-none-eabi/14.3.1/include/arm_mve.h **** 
2200:/opt/st/stm32cubeide_2.1.1/plugins/com.st.stm32cube.ide.mcu.externaltools.gnu-tools-for-stm32.14.3.rel1.linux64_1.0.100.202602081740/tools/lib/gcc/arm-none-eabi/14.3.1/include/arm_mve.h **** __extension__ extern __inline uint8x16_t
2201:/opt/st/stm32cubeide_2.1.1/plugins/com.st.stm32cube.ide.mcu.externaltools.gnu-tools-for-stm32.14.3.rel1.linux64_1.0.100.202602081740/tools/lib/gcc/arm-none-eabi/14.3.1/include/arm_mve.h **** __attribute__ ((__always_inline__, __gnu_inline__, __artificial__))
2202:/opt/st/stm32cubeide_2.1.1/plugins/com.st.stm32cube.ide.mcu.externaltools.gnu-tools-for-stm32.14.3.rel1.linux64_1.0.100.202602081740/tools/lib/gcc/arm-none-eabi/14.3.1/include/arm_mve.h **** __arm_vddupq_m_n_u8 (uint8x16_t __inactive, uint32_t __a, const int __imm, mve_pred16_t __p)
2203:/opt/st/stm32cubeide_2.1.1/plugins/com.st.stm32cube.ide.mcu.externaltools.gnu-tools-for-stm32.14.3.rel1.linux64_1.0.100.202602081740/tools/lib/gcc/arm-none-eabi/14.3.1/include/arm_mve.h **** {
2204:/opt/st/stm32cubeide_2.1.1/plugins/com.st.stm32cube.ide.mcu.externaltools.gnu-tools-for-stm32.14.3.rel1.linux64_1.0.100.202602081740/tools/lib/gcc/arm-none-eabi/14.3.1/include/arm_mve.h ****   return __builtin_mve_vddupq_m_n_uv16qi (__inactive, __a, __imm, __p);
2205:/opt/st/stm32cubeide_2.1.1/plugins/com.st.stm32cube.ide.mcu.externaltools.gnu-tools-for-stm32.14.3.rel1.linux64_1.0.100.202602081740/tools/lib/gcc/arm-none-eabi/14.3.1/include/arm_mve.h **** }
2206:/opt/st/stm32cubeide_2.1.1/plugins/com.st.stm32cube.ide.mcu.externaltools.gnu-tools-for-stm32.14.3.rel1.linux64_1.0.100.202602081740/tools/lib/gcc/arm-none-eabi/14.3.1/include/arm_mve.h **** 
2207:/opt/st/stm32cubeide_2.1.1/plugins/com.st.stm32cube.ide.mcu.externaltools.gnu-tools-for-stm32.14.3.rel1.linux64_1.0.100.202602081740/tools/lib/gcc/arm-none-eabi/14.3.1/include/arm_mve.h **** __extension__ extern __inline uint32x4_t
2208:/opt/st/stm32cubeide_2.1.1/plugins/com.st.stm32cube.ide.mcu.externaltools.gnu-tools-for-stm32.14.3.rel1.linux64_1.0.100.202602081740/tools/lib/gcc/arm-none-eabi/14.3.1/include/arm_mve.h **** __attribute__ ((__always_inline__, __gnu_inline__, __artificial__))
2209:/opt/st/stm32cubeide_2.1.1/plugins/com.st.stm32cube.ide.mcu.externaltools.gnu-tools-for-stm32.14.3.rel1.linux64_1.0.100.202602081740/tools/lib/gcc/arm-none-eabi/14.3.1/include/arm_mve.h **** __arm_vddupq_m_n_u32 (uint32x4_t __inactive, uint32_t __a, const int __imm, mve_pred16_t __p)
2210:/opt/st/stm32cubeide_2.1.1/plugins/com.st.stm32cube.ide.mcu.externaltools.gnu-tools-for-stm32.14.3.rel1.linux64_1.0.100.202602081740/tools/lib/gcc/arm-none-eabi/14.3.1/include/arm_mve.h **** {
2211:/opt/st/stm32cubeide_2.1.1/plugins/com.st.stm32cube.ide.mcu.externaltools.gnu-tools-for-stm32.14.3.rel1.linux64_1.0.100.202602081740/tools/lib/gcc/arm-none-eabi/14.3.1/include/arm_mve.h ****   return __builtin_mve_vddupq_m_n_uv4si (__inactive, __a, __imm, __p);
2212:/opt/st/stm32cubeide_2.1.1/plugins/com.st.stm32cube.ide.mcu.externaltools.gnu-tools-for-stm32.14.3.rel1.linux64_1.0.100.202602081740/tools/lib/gcc/arm-none-eabi/14.3.1/include/arm_mve.h **** }
2213:/opt/st/stm32cubeide_2.1.1/plugins/com.st.stm32cube.ide.mcu.externaltools.gnu-tools-for-stm32.14.3.rel1.linux64_1.0.100.202602081740/tools/lib/gcc/arm-none-eabi/14.3.1/include/arm_mve.h **** 
2214:/opt/st/stm32cubeide_2.1.1/plugins/com.st.stm32cube.ide.mcu.externaltools.gnu-tools-for-stm32.14.3.rel1.linux64_1.0.100.202602081740/tools/lib/gcc/arm-none-eabi/14.3.1/include/arm_mve.h **** __extension__ extern __inline uint16x8_t
2215:/opt/st/stm32cubeide_2.1.1/plugins/com.st.stm32cube.ide.mcu.externaltools.gnu-tools-for-stm32.14.3.rel1.linux64_1.0.100.202602081740/tools/lib/gcc/arm-none-eabi/14.3.1/include/arm_mve.h **** __attribute__ ((__always_inline__, __gnu_inline__, __artificial__))
2216:/opt/st/stm32cubeide_2.1.1/plugins/com.st.stm32cube.ide.mcu.externaltools.gnu-tools-for-stm32.14.3.rel1.linux64_1.0.100.202602081740/tools/lib/gcc/arm-none-eabi/14.3.1/include/arm_mve.h **** __arm_vddupq_m_n_u16 (uint16x8_t __inactive, uint32_t __a, const int __imm, mve_pred16_t __p)
2217:/opt/st/stm32cubeide_2.1.1/plugins/com.st.stm32cube.ide.mcu.externaltools.gnu-tools-for-stm32.14.3.rel1.linux64_1.0.100.202602081740/tools/lib/gcc/arm-none-eabi/14.3.1/include/arm_mve.h **** {
2218:/opt/st/stm32cubeide_2.1.1/plugins/com.st.stm32cube.ide.mcu.externaltools.gnu-tools-for-stm32.14.3.rel1.linux64_1.0.100.202602081740/tools/lib/gcc/arm-none-eabi/14.3.1/include/arm_mve.h ****   return __builtin_mve_vddupq_m_n_uv8hi (__inactive, __a, __imm, __p);
ARM GAS  /tmp/ccS31Hxi.s 			page 43


2219:/opt/st/stm32cubeide_2.1.1/plugins/com.st.stm32cube.ide.mcu.externaltools.gnu-tools-for-stm32.14.3.rel1.linux64_1.0.100.202602081740/tools/lib/gcc/arm-none-eabi/14.3.1/include/arm_mve.h **** }
2220:/opt/st/stm32cubeide_2.1.1/plugins/com.st.stm32cube.ide.mcu.externaltools.gnu-tools-for-stm32.14.3.rel1.linux64_1.0.100.202602081740/tools/lib/gcc/arm-none-eabi/14.3.1/include/arm_mve.h **** 
2221:/opt/st/stm32cubeide_2.1.1/plugins/com.st.stm32cube.ide.mcu.externaltools.gnu-tools-for-stm32.14.3.rel1.linux64_1.0.100.202602081740/tools/lib/gcc/arm-none-eabi/14.3.1/include/arm_mve.h **** __extension__ extern __inline uint8x16_t
2222:/opt/st/stm32cubeide_2.1.1/plugins/com.st.stm32cube.ide.mcu.externaltools.gnu-tools-for-stm32.14.3.rel1.linux64_1.0.100.202602081740/tools/lib/gcc/arm-none-eabi/14.3.1/include/arm_mve.h **** __attribute__ ((__always_inline__, __gnu_inline__, __artificial__))
2223:/opt/st/stm32cubeide_2.1.1/plugins/com.st.stm32cube.ide.mcu.externaltools.gnu-tools-for-stm32.14.3.rel1.linux64_1.0.100.202602081740/tools/lib/gcc/arm-none-eabi/14.3.1/include/arm_mve.h **** __arm_vddupq_m_wb_u8 (uint8x16_t __inactive, uint32_t * __a, const int __imm, mve_pred16_t __p)
2224:/opt/st/stm32cubeide_2.1.1/plugins/com.st.stm32cube.ide.mcu.externaltools.gnu-tools-for-stm32.14.3.rel1.linux64_1.0.100.202602081740/tools/lib/gcc/arm-none-eabi/14.3.1/include/arm_mve.h **** {
2225:/opt/st/stm32cubeide_2.1.1/plugins/com.st.stm32cube.ide.mcu.externaltools.gnu-tools-for-stm32.14.3.rel1.linux64_1.0.100.202602081740/tools/lib/gcc/arm-none-eabi/14.3.1/include/arm_mve.h ****   uint8x16_t __res = __builtin_mve_vddupq_m_n_uv16qi (__inactive, * __a, __imm, __p);
2226:/opt/st/stm32cubeide_2.1.1/plugins/com.st.stm32cube.ide.mcu.externaltools.gnu-tools-for-stm32.14.3.rel1.linux64_1.0.100.202602081740/tools/lib/gcc/arm-none-eabi/14.3.1/include/arm_mve.h ****   *__a -= __imm * 16u;
2227:/opt/st/stm32cubeide_2.1.1/plugins/com.st.stm32cube.ide.mcu.externaltools.gnu-tools-for-stm32.14.3.rel1.linux64_1.0.100.202602081740/tools/lib/gcc/arm-none-eabi/14.3.1/include/arm_mve.h ****   return __res;
2228:/opt/st/stm32cubeide_2.1.1/plugins/com.st.stm32cube.ide.mcu.externaltools.gnu-tools-for-stm32.14.3.rel1.linux64_1.0.100.202602081740/tools/lib/gcc/arm-none-eabi/14.3.1/include/arm_mve.h **** }
2229:/opt/st/stm32cubeide_2.1.1/plugins/com.st.stm32cube.ide.mcu.externaltools.gnu-tools-for-stm32.14.3.rel1.linux64_1.0.100.202602081740/tools/lib/gcc/arm-none-eabi/14.3.1/include/arm_mve.h **** 
2230:/opt/st/stm32cubeide_2.1.1/plugins/com.st.stm32cube.ide.mcu.externaltools.gnu-tools-for-stm32.14.3.rel1.linux64_1.0.100.202602081740/tools/lib/gcc/arm-none-eabi/14.3.1/include/arm_mve.h **** __extension__ extern __inline uint16x8_t
2231:/opt/st/stm32cubeide_2.1.1/plugins/com.st.stm32cube.ide.mcu.externaltools.gnu-tools-for-stm32.14.3.rel1.linux64_1.0.100.202602081740/tools/lib/gcc/arm-none-eabi/14.3.1/include/arm_mve.h **** __attribute__ ((__always_inline__, __gnu_inline__, __artificial__))
2232:/opt/st/stm32cubeide_2.1.1/plugins/com.st.stm32cube.ide.mcu.externaltools.gnu-tools-for-stm32.14.3.rel1.linux64_1.0.100.202602081740/tools/lib/gcc/arm-none-eabi/14.3.1/include/arm_mve.h **** __arm_vddupq_m_wb_u16 (uint16x8_t __inactive, uint32_t * __a, const int __imm, mve_pred16_t __p)
2233:/opt/st/stm32cubeide_2.1.1/plugins/com.st.stm32cube.ide.mcu.externaltools.gnu-tools-for-stm32.14.3.rel1.linux64_1.0.100.202602081740/tools/lib/gcc/arm-none-eabi/14.3.1/include/arm_mve.h **** {
2234:/opt/st/stm32cubeide_2.1.1/plugins/com.st.stm32cube.ide.mcu.externaltools.gnu-tools-for-stm32.14.3.rel1.linux64_1.0.100.202602081740/tools/lib/gcc/arm-none-eabi/14.3.1/include/arm_mve.h ****   uint16x8_t __res = __builtin_mve_vddupq_m_n_uv8hi (__inactive, *__a, __imm, __p);
2235:/opt/st/stm32cubeide_2.1.1/plugins/com.st.stm32cube.ide.mcu.externaltools.gnu-tools-for-stm32.14.3.rel1.linux64_1.0.100.202602081740/tools/lib/gcc/arm-none-eabi/14.3.1/include/arm_mve.h ****   *__a -= __imm * 8u;
2236:/opt/st/stm32cubeide_2.1.1/plugins/com.st.stm32cube.ide.mcu.externaltools.gnu-tools-for-stm32.14.3.rel1.linux64_1.0.100.202602081740/tools/lib/gcc/arm-none-eabi/14.3.1/include/arm_mve.h ****   return __res;
2237:/opt/st/stm32cubeide_2.1.1/plugins/com.st.stm32cube.ide.mcu.externaltools.gnu-tools-for-stm32.14.3.rel1.linux64_1.0.100.202602081740/tools/lib/gcc/arm-none-eabi/14.3.1/include/arm_mve.h **** }
2238:/opt/st/stm32cubeide_2.1.1/plugins/com.st.stm32cube.ide.mcu.externaltools.gnu-tools-for-stm32.14.3.rel1.linux64_1.0.100.202602081740/tools/lib/gcc/arm-none-eabi/14.3.1/include/arm_mve.h **** 
2239:/opt/st/stm32cubeide_2.1.1/plugins/com.st.stm32cube.ide.mcu.externaltools.gnu-tools-for-stm32.14.3.rel1.linux64_1.0.100.202602081740/tools/lib/gcc/arm-none-eabi/14.3.1/include/arm_mve.h **** __extension__ extern __inline uint32x4_t
2240:/opt/st/stm32cubeide_2.1.1/plugins/com.st.stm32cube.ide.mcu.externaltools.gnu-tools-for-stm32.14.3.rel1.linux64_1.0.100.202602081740/tools/lib/gcc/arm-none-eabi/14.3.1/include/arm_mve.h **** __attribute__ ((__always_inline__, __gnu_inline__, __artificial__))
2241:/opt/st/stm32cubeide_2.1.1/plugins/com.st.stm32cube.ide.mcu.externaltools.gnu-tools-for-stm32.14.3.rel1.linux64_1.0.100.202602081740/tools/lib/gcc/arm-none-eabi/14.3.1/include/arm_mve.h **** __arm_vddupq_m_wb_u32 (uint32x4_t __inactive, uint32_t * __a, const int __imm, mve_pred16_t __p)
2242:/opt/st/stm32cubeide_2.1.1/plugins/com.st.stm32cube.ide.mcu.externaltools.gnu-tools-for-stm32.14.3.rel1.linux64_1.0.100.202602081740/tools/lib/gcc/arm-none-eabi/14.3.1/include/arm_mve.h **** {
2243:/opt/st/stm32cubeide_2.1.1/plugins/com.st.stm32cube.ide.mcu.externaltools.gnu-tools-for-stm32.14.3.rel1.linux64_1.0.100.202602081740/tools/lib/gcc/arm-none-eabi/14.3.1/include/arm_mve.h ****   uint32x4_t __res = __builtin_mve_vddupq_m_n_uv4si (__inactive, *__a, __imm, __p);
2244:/opt/st/stm32cubeide_2.1.1/plugins/com.st.stm32cube.ide.mcu.externaltools.gnu-tools-for-stm32.14.3.rel1.linux64_1.0.100.202602081740/tools/lib/gcc/arm-none-eabi/14.3.1/include/arm_mve.h ****   *__a -= __imm * 4u;
2245:/opt/st/stm32cubeide_2.1.1/plugins/com.st.stm32cube.ide.mcu.externaltools.gnu-tools-for-stm32.14.3.rel1.linux64_1.0.100.202602081740/tools/lib/gcc/arm-none-eabi/14.3.1/include/arm_mve.h ****   return __res;
2246:/opt/st/stm32cubeide_2.1.1/plugins/com.st.stm32cube.ide.mcu.externaltools.gnu-tools-for-stm32.14.3.rel1.linux64_1.0.100.202602081740/tools/lib/gcc/arm-none-eabi/14.3.1/include/arm_mve.h **** }
2247:/opt/st/stm32cubeide_2.1.1/plugins/com.st.stm32cube.ide.mcu.externaltools.gnu-tools-for-stm32.14.3.rel1.linux64_1.0.100.202602081740/tools/lib/gcc/arm-none-eabi/14.3.1/include/arm_mve.h **** 
2248:/opt/st/stm32cubeide_2.1.1/plugins/com.st.stm32cube.ide.mcu.externaltools.gnu-tools-for-stm32.14.3.rel1.linux64_1.0.100.202602081740/tools/lib/gcc/arm-none-eabi/14.3.1/include/arm_mve.h **** __extension__ extern __inline uint8x16_t
2249:/opt/st/stm32cubeide_2.1.1/plugins/com.st.stm32cube.ide.mcu.externaltools.gnu-tools-for-stm32.14.3.rel1.linux64_1.0.100.202602081740/tools/lib/gcc/arm-none-eabi/14.3.1/include/arm_mve.h **** __attribute__ ((__always_inline__, __gnu_inline__, __artificial__))
2250:/opt/st/stm32cubeide_2.1.1/plugins/com.st.stm32cube.ide.mcu.externaltools.gnu-tools-for-stm32.14.3.rel1.linux64_1.0.100.202602081740/tools/lib/gcc/arm-none-eabi/14.3.1/include/arm_mve.h **** __arm_vddupq_n_u8 (uint32_t __a, const int __imm)
2251:/opt/st/stm32cubeide_2.1.1/plugins/com.st.stm32cube.ide.mcu.externaltools.gnu-tools-for-stm32.14.3.rel1.linux64_1.0.100.202602081740/tools/lib/gcc/arm-none-eabi/14.3.1/include/arm_mve.h **** {
2252:/opt/st/stm32cubeide_2.1.1/plugins/com.st.stm32cube.ide.mcu.externaltools.gnu-tools-for-stm32.14.3.rel1.linux64_1.0.100.202602081740/tools/lib/gcc/arm-none-eabi/14.3.1/include/arm_mve.h ****   return __builtin_mve_vddupq_n_uv16qi (__a, __imm);
2253:/opt/st/stm32cubeide_2.1.1/plugins/com.st.stm32cube.ide.mcu.externaltools.gnu-tools-for-stm32.14.3.rel1.linux64_1.0.100.202602081740/tools/lib/gcc/arm-none-eabi/14.3.1/include/arm_mve.h **** }
2254:/opt/st/stm32cubeide_2.1.1/plugins/com.st.stm32cube.ide.mcu.externaltools.gnu-tools-for-stm32.14.3.rel1.linux64_1.0.100.202602081740/tools/lib/gcc/arm-none-eabi/14.3.1/include/arm_mve.h **** 
2255:/opt/st/stm32cubeide_2.1.1/plugins/com.st.stm32cube.ide.mcu.externaltools.gnu-tools-for-stm32.14.3.rel1.linux64_1.0.100.202602081740/tools/lib/gcc/arm-none-eabi/14.3.1/include/arm_mve.h **** __extension__ extern __inline uint32x4_t
2256:/opt/st/stm32cubeide_2.1.1/plugins/com.st.stm32cube.ide.mcu.externaltools.gnu-tools-for-stm32.14.3.rel1.linux64_1.0.100.202602081740/tools/lib/gcc/arm-none-eabi/14.3.1/include/arm_mve.h **** __attribute__ ((__always_inline__, __gnu_inline__, __artificial__))
2257:/opt/st/stm32cubeide_2.1.1/plugins/com.st.stm32cube.ide.mcu.externaltools.gnu-tools-for-stm32.14.3.rel1.linux64_1.0.100.202602081740/tools/lib/gcc/arm-none-eabi/14.3.1/include/arm_mve.h **** __arm_vddupq_n_u32 (uint32_t __a, const int __imm)
2258:/opt/st/stm32cubeide_2.1.1/plugins/com.st.stm32cube.ide.mcu.externaltools.gnu-tools-for-stm32.14.3.rel1.linux64_1.0.100.202602081740/tools/lib/gcc/arm-none-eabi/14.3.1/include/arm_mve.h **** {
2259:/opt/st/stm32cubeide_2.1.1/plugins/com.st.stm32cube.ide.mcu.externaltools.gnu-tools-for-stm32.14.3.rel1.linux64_1.0.100.202602081740/tools/lib/gcc/arm-none-eabi/14.3.1/include/arm_mve.h ****   return __builtin_mve_vddupq_n_uv4si (__a, __imm);
2260:/opt/st/stm32cubeide_2.1.1/plugins/com.st.stm32cube.ide.mcu.externaltools.gnu-tools-for-stm32.14.3.rel1.linux64_1.0.100.202602081740/tools/lib/gcc/arm-none-eabi/14.3.1/include/arm_mve.h **** }
2261:/opt/st/stm32cubeide_2.1.1/plugins/com.st.stm32cube.ide.mcu.externaltools.gnu-tools-for-stm32.14.3.rel1.linux64_1.0.100.202602081740/tools/lib/gcc/arm-none-eabi/14.3.1/include/arm_mve.h **** 
2262:/opt/st/stm32cubeide_2.1.1/plugins/com.st.stm32cube.ide.mcu.externaltools.gnu-tools-for-stm32.14.3.rel1.linux64_1.0.100.202602081740/tools/lib/gcc/arm-none-eabi/14.3.1/include/arm_mve.h **** __extension__ extern __inline uint16x8_t
2263:/opt/st/stm32cubeide_2.1.1/plugins/com.st.stm32cube.ide.mcu.externaltools.gnu-tools-for-stm32.14.3.rel1.linux64_1.0.100.202602081740/tools/lib/gcc/arm-none-eabi/14.3.1/include/arm_mve.h **** __attribute__ ((__always_inline__, __gnu_inline__, __artificial__))
2264:/opt/st/stm32cubeide_2.1.1/plugins/com.st.stm32cube.ide.mcu.externaltools.gnu-tools-for-stm32.14.3.rel1.linux64_1.0.100.202602081740/tools/lib/gcc/arm-none-eabi/14.3.1/include/arm_mve.h **** __arm_vddupq_n_u16 (uint32_t __a, const int __imm)
2265:/opt/st/stm32cubeide_2.1.1/plugins/com.st.stm32cube.ide.mcu.externaltools.gnu-tools-for-stm32.14.3.rel1.linux64_1.0.100.202602081740/tools/lib/gcc/arm-none-eabi/14.3.1/include/arm_mve.h **** {
2266:/opt/st/stm32cubeide_2.1.1/plugins/com.st.stm32cube.ide.mcu.externaltools.gnu-tools-for-stm32.14.3.rel1.linux64_1.0.100.202602081740/tools/lib/gcc/arm-none-eabi/14.3.1/include/arm_mve.h ****   return __builtin_mve_vddupq_n_uv8hi (__a, __imm);
2267:/opt/st/stm32cubeide_2.1.1/plugins/com.st.stm32cube.ide.mcu.externaltools.gnu-tools-for-stm32.14.3.rel1.linux64_1.0.100.202602081740/tools/lib/gcc/arm-none-eabi/14.3.1/include/arm_mve.h **** }
2268:/opt/st/stm32cubeide_2.1.1/plugins/com.st.stm32cube.ide.mcu.externaltools.gnu-tools-for-stm32.14.3.rel1.linux64_1.0.100.202602081740/tools/lib/gcc/arm-none-eabi/14.3.1/include/arm_mve.h **** 
2269:/opt/st/stm32cubeide_2.1.1/plugins/com.st.stm32cube.ide.mcu.externaltools.gnu-tools-for-stm32.14.3.rel1.linux64_1.0.100.202602081740/tools/lib/gcc/arm-none-eabi/14.3.1/include/arm_mve.h **** __extension__ extern __inline uint8x16_t
2270:/opt/st/stm32cubeide_2.1.1/plugins/com.st.stm32cube.ide.mcu.externaltools.gnu-tools-for-stm32.14.3.rel1.linux64_1.0.100.202602081740/tools/lib/gcc/arm-none-eabi/14.3.1/include/arm_mve.h **** __attribute__ ((__always_inline__, __gnu_inline__, __artificial__))
2271:/opt/st/stm32cubeide_2.1.1/plugins/com.st.stm32cube.ide.mcu.externaltools.gnu-tools-for-stm32.14.3.rel1.linux64_1.0.100.202602081740/tools/lib/gcc/arm-none-eabi/14.3.1/include/arm_mve.h **** __arm_vdwdupq_m_n_u8 (uint8x16_t __inactive, uint32_t __a, uint32_t __b, const int __imm, mve_pred1
2272:/opt/st/stm32cubeide_2.1.1/plugins/com.st.stm32cube.ide.mcu.externaltools.gnu-tools-for-stm32.14.3.rel1.linux64_1.0.100.202602081740/tools/lib/gcc/arm-none-eabi/14.3.1/include/arm_mve.h **** {
2273:/opt/st/stm32cubeide_2.1.1/plugins/com.st.stm32cube.ide.mcu.externaltools.gnu-tools-for-stm32.14.3.rel1.linux64_1.0.100.202602081740/tools/lib/gcc/arm-none-eabi/14.3.1/include/arm_mve.h ****   uint64_t __c = ((uint64_t) __b) << 32;
2274:/opt/st/stm32cubeide_2.1.1/plugins/com.st.stm32cube.ide.mcu.externaltools.gnu-tools-for-stm32.14.3.rel1.linux64_1.0.100.202602081740/tools/lib/gcc/arm-none-eabi/14.3.1/include/arm_mve.h ****   return __builtin_mve_vdwdupq_m_n_uv16qi (__inactive, __a, __c, __imm, __p);
2275:/opt/st/stm32cubeide_2.1.1/plugins/com.st.stm32cube.ide.mcu.externaltools.gnu-tools-for-stm32.14.3.rel1.linux64_1.0.100.202602081740/tools/lib/gcc/arm-none-eabi/14.3.1/include/arm_mve.h **** }
ARM GAS  /tmp/ccS31Hxi.s 			page 44


2276:/opt/st/stm32cubeide_2.1.1/plugins/com.st.stm32cube.ide.mcu.externaltools.gnu-tools-for-stm32.14.3.rel1.linux64_1.0.100.202602081740/tools/lib/gcc/arm-none-eabi/14.3.1/include/arm_mve.h **** 
2277:/opt/st/stm32cubeide_2.1.1/plugins/com.st.stm32cube.ide.mcu.externaltools.gnu-tools-for-stm32.14.3.rel1.linux64_1.0.100.202602081740/tools/lib/gcc/arm-none-eabi/14.3.1/include/arm_mve.h **** __extension__ extern __inline uint32x4_t
2278:/opt/st/stm32cubeide_2.1.1/plugins/com.st.stm32cube.ide.mcu.externaltools.gnu-tools-for-stm32.14.3.rel1.linux64_1.0.100.202602081740/tools/lib/gcc/arm-none-eabi/14.3.1/include/arm_mve.h **** __attribute__ ((__always_inline__, __gnu_inline__, __artificial__))
2279:/opt/st/stm32cubeide_2.1.1/plugins/com.st.stm32cube.ide.mcu.externaltools.gnu-tools-for-stm32.14.3.rel1.linux64_1.0.100.202602081740/tools/lib/gcc/arm-none-eabi/14.3.1/include/arm_mve.h **** __arm_vdwdupq_m_n_u32 (uint32x4_t __inactive, uint32_t __a, uint32_t __b, const int __imm, mve_pred
2280:/opt/st/stm32cubeide_2.1.1/plugins/com.st.stm32cube.ide.mcu.externaltools.gnu-tools-for-stm32.14.3.rel1.linux64_1.0.100.202602081740/tools/lib/gcc/arm-none-eabi/14.3.1/include/arm_mve.h **** {
2281:/opt/st/stm32cubeide_2.1.1/plugins/com.st.stm32cube.ide.mcu.externaltools.gnu-tools-for-stm32.14.3.rel1.linux64_1.0.100.202602081740/tools/lib/gcc/arm-none-eabi/14.3.1/include/arm_mve.h ****   uint64_t __c = ((uint64_t) __b) << 32;
2282:/opt/st/stm32cubeide_2.1.1/plugins/com.st.stm32cube.ide.mcu.externaltools.gnu-tools-for-stm32.14.3.rel1.linux64_1.0.100.202602081740/tools/lib/gcc/arm-none-eabi/14.3.1/include/arm_mve.h ****   return __builtin_mve_vdwdupq_m_n_uv4si (__inactive, __a, __c, __imm, __p);
2283:/opt/st/stm32cubeide_2.1.1/plugins/com.st.stm32cube.ide.mcu.externaltools.gnu-tools-for-stm32.14.3.rel1.linux64_1.0.100.202602081740/tools/lib/gcc/arm-none-eabi/14.3.1/include/arm_mve.h **** }
2284:/opt/st/stm32cubeide_2.1.1/plugins/com.st.stm32cube.ide.mcu.externaltools.gnu-tools-for-stm32.14.3.rel1.linux64_1.0.100.202602081740/tools/lib/gcc/arm-none-eabi/14.3.1/include/arm_mve.h **** 
2285:/opt/st/stm32cubeide_2.1.1/plugins/com.st.stm32cube.ide.mcu.externaltools.gnu-tools-for-stm32.14.3.rel1.linux64_1.0.100.202602081740/tools/lib/gcc/arm-none-eabi/14.3.1/include/arm_mve.h **** __extension__ extern __inline uint16x8_t
2286:/opt/st/stm32cubeide_2.1.1/plugins/com.st.stm32cube.ide.mcu.externaltools.gnu-tools-for-stm32.14.3.rel1.linux64_1.0.100.202602081740/tools/lib/gcc/arm-none-eabi/14.3.1/include/arm_mve.h **** __attribute__ ((__always_inline__, __gnu_inline__, __artificial__))
2287:/opt/st/stm32cubeide_2.1.1/plugins/com.st.stm32cube.ide.mcu.externaltools.gnu-tools-for-stm32.14.3.rel1.linux64_1.0.100.202602081740/tools/lib/gcc/arm-none-eabi/14.3.1/include/arm_mve.h **** __arm_vdwdupq_m_n_u16 (uint16x8_t __inactive, uint32_t __a, uint32_t __b, const int __imm, mve_pred
2288:/opt/st/stm32cubeide_2.1.1/plugins/com.st.stm32cube.ide.mcu.externaltools.gnu-tools-for-stm32.14.3.rel1.linux64_1.0.100.202602081740/tools/lib/gcc/arm-none-eabi/14.3.1/include/arm_mve.h **** {
2289:/opt/st/stm32cubeide_2.1.1/plugins/com.st.stm32cube.ide.mcu.externaltools.gnu-tools-for-stm32.14.3.rel1.linux64_1.0.100.202602081740/tools/lib/gcc/arm-none-eabi/14.3.1/include/arm_mve.h ****   uint64_t __c = ((uint64_t) __b) << 32;
2290:/opt/st/stm32cubeide_2.1.1/plugins/com.st.stm32cube.ide.mcu.externaltools.gnu-tools-for-stm32.14.3.rel1.linux64_1.0.100.202602081740/tools/lib/gcc/arm-none-eabi/14.3.1/include/arm_mve.h ****   return __builtin_mve_vdwdupq_m_n_uv8hi (__inactive, __a, __c, __imm, __p);
2291:/opt/st/stm32cubeide_2.1.1/plugins/com.st.stm32cube.ide.mcu.externaltools.gnu-tools-for-stm32.14.3.rel1.linux64_1.0.100.202602081740/tools/lib/gcc/arm-none-eabi/14.3.1/include/arm_mve.h **** }
2292:/opt/st/stm32cubeide_2.1.1/plugins/com.st.stm32cube.ide.mcu.externaltools.gnu-tools-for-stm32.14.3.rel1.linux64_1.0.100.202602081740/tools/lib/gcc/arm-none-eabi/14.3.1/include/arm_mve.h **** 
2293:/opt/st/stm32cubeide_2.1.1/plugins/com.st.stm32cube.ide.mcu.externaltools.gnu-tools-for-stm32.14.3.rel1.linux64_1.0.100.202602081740/tools/lib/gcc/arm-none-eabi/14.3.1/include/arm_mve.h **** __extension__ extern __inline uint8x16_t
2294:/opt/st/stm32cubeide_2.1.1/plugins/com.st.stm32cube.ide.mcu.externaltools.gnu-tools-for-stm32.14.3.rel1.linux64_1.0.100.202602081740/tools/lib/gcc/arm-none-eabi/14.3.1/include/arm_mve.h **** __attribute__ ((__always_inline__, __gnu_inline__, __artificial__))
2295:/opt/st/stm32cubeide_2.1.1/plugins/com.st.stm32cube.ide.mcu.externaltools.gnu-tools-for-stm32.14.3.rel1.linux64_1.0.100.202602081740/tools/lib/gcc/arm-none-eabi/14.3.1/include/arm_mve.h **** __arm_vdwdupq_m_wb_u8 (uint8x16_t __inactive, uint32_t * __a, uint32_t __b, const int __imm, mve_pr
2296:/opt/st/stm32cubeide_2.1.1/plugins/com.st.stm32cube.ide.mcu.externaltools.gnu-tools-for-stm32.14.3.rel1.linux64_1.0.100.202602081740/tools/lib/gcc/arm-none-eabi/14.3.1/include/arm_mve.h **** {
2297:/opt/st/stm32cubeide_2.1.1/plugins/com.st.stm32cube.ide.mcu.externaltools.gnu-tools-for-stm32.14.3.rel1.linux64_1.0.100.202602081740/tools/lib/gcc/arm-none-eabi/14.3.1/include/arm_mve.h ****   uint64_t __c = ((uint64_t) __b) << 32;
2298:/opt/st/stm32cubeide_2.1.1/plugins/com.st.stm32cube.ide.mcu.externaltools.gnu-tools-for-stm32.14.3.rel1.linux64_1.0.100.202602081740/tools/lib/gcc/arm-none-eabi/14.3.1/include/arm_mve.h ****   uint8x16_t __res =  __builtin_mve_vdwdupq_m_n_uv16qi (__inactive, *__a, __c, __imm, __p);
2299:/opt/st/stm32cubeide_2.1.1/plugins/com.st.stm32cube.ide.mcu.externaltools.gnu-tools-for-stm32.14.3.rel1.linux64_1.0.100.202602081740/tools/lib/gcc/arm-none-eabi/14.3.1/include/arm_mve.h ****   *__a = __builtin_mve_vdwdupq_m_wb_uv16qi (__inactive, *__a, __c, __imm, __p);
2300:/opt/st/stm32cubeide_2.1.1/plugins/com.st.stm32cube.ide.mcu.externaltools.gnu-tools-for-stm32.14.3.rel1.linux64_1.0.100.202602081740/tools/lib/gcc/arm-none-eabi/14.3.1/include/arm_mve.h ****   return __res;
2301:/opt/st/stm32cubeide_2.1.1/plugins/com.st.stm32cube.ide.mcu.externaltools.gnu-tools-for-stm32.14.3.rel1.linux64_1.0.100.202602081740/tools/lib/gcc/arm-none-eabi/14.3.1/include/arm_mve.h **** }
2302:/opt/st/stm32cubeide_2.1.1/plugins/com.st.stm32cube.ide.mcu.externaltools.gnu-tools-for-stm32.14.3.rel1.linux64_1.0.100.202602081740/tools/lib/gcc/arm-none-eabi/14.3.1/include/arm_mve.h **** 
2303:/opt/st/stm32cubeide_2.1.1/plugins/com.st.stm32cube.ide.mcu.externaltools.gnu-tools-for-stm32.14.3.rel1.linux64_1.0.100.202602081740/tools/lib/gcc/arm-none-eabi/14.3.1/include/arm_mve.h **** __extension__ extern __inline uint32x4_t
2304:/opt/st/stm32cubeide_2.1.1/plugins/com.st.stm32cube.ide.mcu.externaltools.gnu-tools-for-stm32.14.3.rel1.linux64_1.0.100.202602081740/tools/lib/gcc/arm-none-eabi/14.3.1/include/arm_mve.h **** __attribute__ ((__always_inline__, __gnu_inline__, __artificial__))
2305:/opt/st/stm32cubeide_2.1.1/plugins/com.st.stm32cube.ide.mcu.externaltools.gnu-tools-for-stm32.14.3.rel1.linux64_1.0.100.202602081740/tools/lib/gcc/arm-none-eabi/14.3.1/include/arm_mve.h **** __arm_vdwdupq_m_wb_u32 (uint32x4_t __inactive, uint32_t * __a, uint32_t __b, const int __imm, mve_p
2306:/opt/st/stm32cubeide_2.1.1/plugins/com.st.stm32cube.ide.mcu.externaltools.gnu-tools-for-stm32.14.3.rel1.linux64_1.0.100.202602081740/tools/lib/gcc/arm-none-eabi/14.3.1/include/arm_mve.h **** {
2307:/opt/st/stm32cubeide_2.1.1/plugins/com.st.stm32cube.ide.mcu.externaltools.gnu-tools-for-stm32.14.3.rel1.linux64_1.0.100.202602081740/tools/lib/gcc/arm-none-eabi/14.3.1/include/arm_mve.h ****   uint64_t __c = ((uint64_t) __b) << 32;
2308:/opt/st/stm32cubeide_2.1.1/plugins/com.st.stm32cube.ide.mcu.externaltools.gnu-tools-for-stm32.14.3.rel1.linux64_1.0.100.202602081740/tools/lib/gcc/arm-none-eabi/14.3.1/include/arm_mve.h ****   uint32x4_t __res =  __builtin_mve_vdwdupq_m_n_uv4si (__inactive, *__a, __c, __imm, __p);
2309:/opt/st/stm32cubeide_2.1.1/plugins/com.st.stm32cube.ide.mcu.externaltools.gnu-tools-for-stm32.14.3.rel1.linux64_1.0.100.202602081740/tools/lib/gcc/arm-none-eabi/14.3.1/include/arm_mve.h ****   *__a = __builtin_mve_vdwdupq_m_wb_uv4si (__inactive, *__a, __c, __imm, __p);
2310:/opt/st/stm32cubeide_2.1.1/plugins/com.st.stm32cube.ide.mcu.externaltools.gnu-tools-for-stm32.14.3.rel1.linux64_1.0.100.202602081740/tools/lib/gcc/arm-none-eabi/14.3.1/include/arm_mve.h ****   return __res;
2311:/opt/st/stm32cubeide_2.1.1/plugins/com.st.stm32cube.ide.mcu.externaltools.gnu-tools-for-stm32.14.3.rel1.linux64_1.0.100.202602081740/tools/lib/gcc/arm-none-eabi/14.3.1/include/arm_mve.h **** }
2312:/opt/st/stm32cubeide_2.1.1/plugins/com.st.stm32cube.ide.mcu.externaltools.gnu-tools-for-stm32.14.3.rel1.linux64_1.0.100.202602081740/tools/lib/gcc/arm-none-eabi/14.3.1/include/arm_mve.h **** 
2313:/opt/st/stm32cubeide_2.1.1/plugins/com.st.stm32cube.ide.mcu.externaltools.gnu-tools-for-stm32.14.3.rel1.linux64_1.0.100.202602081740/tools/lib/gcc/arm-none-eabi/14.3.1/include/arm_mve.h **** __extension__ extern __inline uint16x8_t
2314:/opt/st/stm32cubeide_2.1.1/plugins/com.st.stm32cube.ide.mcu.externaltools.gnu-tools-for-stm32.14.3.rel1.linux64_1.0.100.202602081740/tools/lib/gcc/arm-none-eabi/14.3.1/include/arm_mve.h **** __attribute__ ((__always_inline__, __gnu_inline__, __artificial__))
2315:/opt/st/stm32cubeide_2.1.1/plugins/com.st.stm32cube.ide.mcu.externaltools.gnu-tools-for-stm32.14.3.rel1.linux64_1.0.100.202602081740/tools/lib/gcc/arm-none-eabi/14.3.1/include/arm_mve.h **** __arm_vdwdupq_m_wb_u16 (uint16x8_t __inactive, uint32_t * __a, uint32_t __b, const int __imm, mve_p
2316:/opt/st/stm32cubeide_2.1.1/plugins/com.st.stm32cube.ide.mcu.externaltools.gnu-tools-for-stm32.14.3.rel1.linux64_1.0.100.202602081740/tools/lib/gcc/arm-none-eabi/14.3.1/include/arm_mve.h **** {
2317:/opt/st/stm32cubeide_2.1.1/plugins/com.st.stm32cube.ide.mcu.externaltools.gnu-tools-for-stm32.14.3.rel1.linux64_1.0.100.202602081740/tools/lib/gcc/arm-none-eabi/14.3.1/include/arm_mve.h ****   uint64_t __c = ((uint64_t) __b) << 32;
2318:/opt/st/stm32cubeide_2.1.1/plugins/com.st.stm32cube.ide.mcu.externaltools.gnu-tools-for-stm32.14.3.rel1.linux64_1.0.100.202602081740/tools/lib/gcc/arm-none-eabi/14.3.1/include/arm_mve.h ****   uint16x8_t __res =  __builtin_mve_vdwdupq_m_n_uv8hi (__inactive, *__a, __c, __imm, __p);
2319:/opt/st/stm32cubeide_2.1.1/plugins/com.st.stm32cube.ide.mcu.externaltools.gnu-tools-for-stm32.14.3.rel1.linux64_1.0.100.202602081740/tools/lib/gcc/arm-none-eabi/14.3.1/include/arm_mve.h ****   *__a = __builtin_mve_vdwdupq_m_wb_uv8hi (__inactive, *__a, __c, __imm, __p);
2320:/opt/st/stm32cubeide_2.1.1/plugins/com.st.stm32cube.ide.mcu.externaltools.gnu-tools-for-stm32.14.3.rel1.linux64_1.0.100.202602081740/tools/lib/gcc/arm-none-eabi/14.3.1/include/arm_mve.h ****   return __res;
2321:/opt/st/stm32cubeide_2.1.1/plugins/com.st.stm32cube.ide.mcu.externaltools.gnu-tools-for-stm32.14.3.rel1.linux64_1.0.100.202602081740/tools/lib/gcc/arm-none-eabi/14.3.1/include/arm_mve.h **** }
2322:/opt/st/stm32cubeide_2.1.1/plugins/com.st.stm32cube.ide.mcu.externaltools.gnu-tools-for-stm32.14.3.rel1.linux64_1.0.100.202602081740/tools/lib/gcc/arm-none-eabi/14.3.1/include/arm_mve.h **** 
2323:/opt/st/stm32cubeide_2.1.1/plugins/com.st.stm32cube.ide.mcu.externaltools.gnu-tools-for-stm32.14.3.rel1.linux64_1.0.100.202602081740/tools/lib/gcc/arm-none-eabi/14.3.1/include/arm_mve.h **** __extension__ extern __inline uint8x16_t
2324:/opt/st/stm32cubeide_2.1.1/plugins/com.st.stm32cube.ide.mcu.externaltools.gnu-tools-for-stm32.14.3.rel1.linux64_1.0.100.202602081740/tools/lib/gcc/arm-none-eabi/14.3.1/include/arm_mve.h **** __attribute__ ((__always_inline__, __gnu_inline__, __artificial__))
2325:/opt/st/stm32cubeide_2.1.1/plugins/com.st.stm32cube.ide.mcu.externaltools.gnu-tools-for-stm32.14.3.rel1.linux64_1.0.100.202602081740/tools/lib/gcc/arm-none-eabi/14.3.1/include/arm_mve.h **** __arm_vdwdupq_n_u8 (uint32_t __a, uint32_t __b, const int __imm)
2326:/opt/st/stm32cubeide_2.1.1/plugins/com.st.stm32cube.ide.mcu.externaltools.gnu-tools-for-stm32.14.3.rel1.linux64_1.0.100.202602081740/tools/lib/gcc/arm-none-eabi/14.3.1/include/arm_mve.h **** {
2327:/opt/st/stm32cubeide_2.1.1/plugins/com.st.stm32cube.ide.mcu.externaltools.gnu-tools-for-stm32.14.3.rel1.linux64_1.0.100.202602081740/tools/lib/gcc/arm-none-eabi/14.3.1/include/arm_mve.h ****   uint64_t __c = ((uint64_t) __b) << 32;
2328:/opt/st/stm32cubeide_2.1.1/plugins/com.st.stm32cube.ide.mcu.externaltools.gnu-tools-for-stm32.14.3.rel1.linux64_1.0.100.202602081740/tools/lib/gcc/arm-none-eabi/14.3.1/include/arm_mve.h ****   return __builtin_mve_vdwdupq_n_uv16qi (__a, __c, __imm);
2329:/opt/st/stm32cubeide_2.1.1/plugins/com.st.stm32cube.ide.mcu.externaltools.gnu-tools-for-stm32.14.3.rel1.linux64_1.0.100.202602081740/tools/lib/gcc/arm-none-eabi/14.3.1/include/arm_mve.h **** }
2330:/opt/st/stm32cubeide_2.1.1/plugins/com.st.stm32cube.ide.mcu.externaltools.gnu-tools-for-stm32.14.3.rel1.linux64_1.0.100.202602081740/tools/lib/gcc/arm-none-eabi/14.3.1/include/arm_mve.h **** 
2331:/opt/st/stm32cubeide_2.1.1/plugins/com.st.stm32cube.ide.mcu.externaltools.gnu-tools-for-stm32.14.3.rel1.linux64_1.0.100.202602081740/tools/lib/gcc/arm-none-eabi/14.3.1/include/arm_mve.h **** __extension__ extern __inline uint32x4_t
2332:/opt/st/stm32cubeide_2.1.1/plugins/com.st.stm32cube.ide.mcu.externaltools.gnu-tools-for-stm32.14.3.rel1.linux64_1.0.100.202602081740/tools/lib/gcc/arm-none-eabi/14.3.1/include/arm_mve.h **** __attribute__ ((__always_inline__, __gnu_inline__, __artificial__))
ARM GAS  /tmp/ccS31Hxi.s 			page 45


2333:/opt/st/stm32cubeide_2.1.1/plugins/com.st.stm32cube.ide.mcu.externaltools.gnu-tools-for-stm32.14.3.rel1.linux64_1.0.100.202602081740/tools/lib/gcc/arm-none-eabi/14.3.1/include/arm_mve.h **** __arm_vdwdupq_n_u32 (uint32_t __a, uint32_t __b, const int __imm)
2334:/opt/st/stm32cubeide_2.1.1/plugins/com.st.stm32cube.ide.mcu.externaltools.gnu-tools-for-stm32.14.3.rel1.linux64_1.0.100.202602081740/tools/lib/gcc/arm-none-eabi/14.3.1/include/arm_mve.h **** {
2335:/opt/st/stm32cubeide_2.1.1/plugins/com.st.stm32cube.ide.mcu.externaltools.gnu-tools-for-stm32.14.3.rel1.linux64_1.0.100.202602081740/tools/lib/gcc/arm-none-eabi/14.3.1/include/arm_mve.h ****   uint64_t __c = ((uint64_t) __b) << 32;
2336:/opt/st/stm32cubeide_2.1.1/plugins/com.st.stm32cube.ide.mcu.externaltools.gnu-tools-for-stm32.14.3.rel1.linux64_1.0.100.202602081740/tools/lib/gcc/arm-none-eabi/14.3.1/include/arm_mve.h ****   return __builtin_mve_vdwdupq_n_uv4si (__a, __c, __imm);
2337:/opt/st/stm32cubeide_2.1.1/plugins/com.st.stm32cube.ide.mcu.externaltools.gnu-tools-for-stm32.14.3.rel1.linux64_1.0.100.202602081740/tools/lib/gcc/arm-none-eabi/14.3.1/include/arm_mve.h **** }
2338:/opt/st/stm32cubeide_2.1.1/plugins/com.st.stm32cube.ide.mcu.externaltools.gnu-tools-for-stm32.14.3.rel1.linux64_1.0.100.202602081740/tools/lib/gcc/arm-none-eabi/14.3.1/include/arm_mve.h **** 
2339:/opt/st/stm32cubeide_2.1.1/plugins/com.st.stm32cube.ide.mcu.externaltools.gnu-tools-for-stm32.14.3.rel1.linux64_1.0.100.202602081740/tools/lib/gcc/arm-none-eabi/14.3.1/include/arm_mve.h **** __extension__ extern __inline uint16x8_t
2340:/opt/st/stm32cubeide_2.1.1/plugins/com.st.stm32cube.ide.mcu.externaltools.gnu-tools-for-stm32.14.3.rel1.linux64_1.0.100.202602081740/tools/lib/gcc/arm-none-eabi/14.3.1/include/arm_mve.h **** __attribute__ ((__always_inline__, __gnu_inline__, __artificial__))
2341:/opt/st/stm32cubeide_2.1.1/plugins/com.st.stm32cube.ide.mcu.externaltools.gnu-tools-for-stm32.14.3.rel1.linux64_1.0.100.202602081740/tools/lib/gcc/arm-none-eabi/14.3.1/include/arm_mve.h **** __arm_vdwdupq_n_u16 (uint32_t __a, uint32_t __b, const int __imm)
2342:/opt/st/stm32cubeide_2.1.1/plugins/com.st.stm32cube.ide.mcu.externaltools.gnu-tools-for-stm32.14.3.rel1.linux64_1.0.100.202602081740/tools/lib/gcc/arm-none-eabi/14.3.1/include/arm_mve.h **** {
2343:/opt/st/stm32cubeide_2.1.1/plugins/com.st.stm32cube.ide.mcu.externaltools.gnu-tools-for-stm32.14.3.rel1.linux64_1.0.100.202602081740/tools/lib/gcc/arm-none-eabi/14.3.1/include/arm_mve.h ****   uint64_t __c = ((uint64_t) __b) << 32;
2344:/opt/st/stm32cubeide_2.1.1/plugins/com.st.stm32cube.ide.mcu.externaltools.gnu-tools-for-stm32.14.3.rel1.linux64_1.0.100.202602081740/tools/lib/gcc/arm-none-eabi/14.3.1/include/arm_mve.h ****   return __builtin_mve_vdwdupq_n_uv8hi (__a, __c, __imm);
2345:/opt/st/stm32cubeide_2.1.1/plugins/com.st.stm32cube.ide.mcu.externaltools.gnu-tools-for-stm32.14.3.rel1.linux64_1.0.100.202602081740/tools/lib/gcc/arm-none-eabi/14.3.1/include/arm_mve.h **** }
2346:/opt/st/stm32cubeide_2.1.1/plugins/com.st.stm32cube.ide.mcu.externaltools.gnu-tools-for-stm32.14.3.rel1.linux64_1.0.100.202602081740/tools/lib/gcc/arm-none-eabi/14.3.1/include/arm_mve.h **** 
2347:/opt/st/stm32cubeide_2.1.1/plugins/com.st.stm32cube.ide.mcu.externaltools.gnu-tools-for-stm32.14.3.rel1.linux64_1.0.100.202602081740/tools/lib/gcc/arm-none-eabi/14.3.1/include/arm_mve.h **** __extension__ extern __inline uint8x16_t
2348:/opt/st/stm32cubeide_2.1.1/plugins/com.st.stm32cube.ide.mcu.externaltools.gnu-tools-for-stm32.14.3.rel1.linux64_1.0.100.202602081740/tools/lib/gcc/arm-none-eabi/14.3.1/include/arm_mve.h **** __attribute__ ((__always_inline__, __gnu_inline__, __artificial__))
2349:/opt/st/stm32cubeide_2.1.1/plugins/com.st.stm32cube.ide.mcu.externaltools.gnu-tools-for-stm32.14.3.rel1.linux64_1.0.100.202602081740/tools/lib/gcc/arm-none-eabi/14.3.1/include/arm_mve.h **** __arm_vdwdupq_wb_u8 (uint32_t * __a, uint32_t __b, const int __imm)
2350:/opt/st/stm32cubeide_2.1.1/plugins/com.st.stm32cube.ide.mcu.externaltools.gnu-tools-for-stm32.14.3.rel1.linux64_1.0.100.202602081740/tools/lib/gcc/arm-none-eabi/14.3.1/include/arm_mve.h **** {
2351:/opt/st/stm32cubeide_2.1.1/plugins/com.st.stm32cube.ide.mcu.externaltools.gnu-tools-for-stm32.14.3.rel1.linux64_1.0.100.202602081740/tools/lib/gcc/arm-none-eabi/14.3.1/include/arm_mve.h ****   uint64_t __c = ((uint64_t) __b) << 32;
2352:/opt/st/stm32cubeide_2.1.1/plugins/com.st.stm32cube.ide.mcu.externaltools.gnu-tools-for-stm32.14.3.rel1.linux64_1.0.100.202602081740/tools/lib/gcc/arm-none-eabi/14.3.1/include/arm_mve.h ****   uint8x16_t __res = __builtin_mve_vdwdupq_n_uv16qi (*__a, __c, __imm);
2353:/opt/st/stm32cubeide_2.1.1/plugins/com.st.stm32cube.ide.mcu.externaltools.gnu-tools-for-stm32.14.3.rel1.linux64_1.0.100.202602081740/tools/lib/gcc/arm-none-eabi/14.3.1/include/arm_mve.h ****   *__a = __builtin_mve_vdwdupq_wb_uv16qi (*__a, __c, __imm);
2354:/opt/st/stm32cubeide_2.1.1/plugins/com.st.stm32cube.ide.mcu.externaltools.gnu-tools-for-stm32.14.3.rel1.linux64_1.0.100.202602081740/tools/lib/gcc/arm-none-eabi/14.3.1/include/arm_mve.h ****   return __res;
2355:/opt/st/stm32cubeide_2.1.1/plugins/com.st.stm32cube.ide.mcu.externaltools.gnu-tools-for-stm32.14.3.rel1.linux64_1.0.100.202602081740/tools/lib/gcc/arm-none-eabi/14.3.1/include/arm_mve.h **** }
2356:/opt/st/stm32cubeide_2.1.1/plugins/com.st.stm32cube.ide.mcu.externaltools.gnu-tools-for-stm32.14.3.rel1.linux64_1.0.100.202602081740/tools/lib/gcc/arm-none-eabi/14.3.1/include/arm_mve.h **** 
2357:/opt/st/stm32cubeide_2.1.1/plugins/com.st.stm32cube.ide.mcu.externaltools.gnu-tools-for-stm32.14.3.rel1.linux64_1.0.100.202602081740/tools/lib/gcc/arm-none-eabi/14.3.1/include/arm_mve.h **** __extension__ extern __inline uint32x4_t
2358:/opt/st/stm32cubeide_2.1.1/plugins/com.st.stm32cube.ide.mcu.externaltools.gnu-tools-for-stm32.14.3.rel1.linux64_1.0.100.202602081740/tools/lib/gcc/arm-none-eabi/14.3.1/include/arm_mve.h **** __attribute__ ((__always_inline__, __gnu_inline__, __artificial__))
2359:/opt/st/stm32cubeide_2.1.1/plugins/com.st.stm32cube.ide.mcu.externaltools.gnu-tools-for-stm32.14.3.rel1.linux64_1.0.100.202602081740/tools/lib/gcc/arm-none-eabi/14.3.1/include/arm_mve.h **** __arm_vdwdupq_wb_u32 (uint32_t * __a, uint32_t __b, const int __imm)
2360:/opt/st/stm32cubeide_2.1.1/plugins/com.st.stm32cube.ide.mcu.externaltools.gnu-tools-for-stm32.14.3.rel1.linux64_1.0.100.202602081740/tools/lib/gcc/arm-none-eabi/14.3.1/include/arm_mve.h **** {
2361:/opt/st/stm32cubeide_2.1.1/plugins/com.st.stm32cube.ide.mcu.externaltools.gnu-tools-for-stm32.14.3.rel1.linux64_1.0.100.202602081740/tools/lib/gcc/arm-none-eabi/14.3.1/include/arm_mve.h ****   uint64_t __c = ((uint64_t) __b) << 32;
2362:/opt/st/stm32cubeide_2.1.1/plugins/com.st.stm32cube.ide.mcu.externaltools.gnu-tools-for-stm32.14.3.rel1.linux64_1.0.100.202602081740/tools/lib/gcc/arm-none-eabi/14.3.1/include/arm_mve.h ****   uint32x4_t __res = __builtin_mve_vdwdupq_n_uv4si (*__a, __c, __imm);
2363:/opt/st/stm32cubeide_2.1.1/plugins/com.st.stm32cube.ide.mcu.externaltools.gnu-tools-for-stm32.14.3.rel1.linux64_1.0.100.202602081740/tools/lib/gcc/arm-none-eabi/14.3.1/include/arm_mve.h ****   *__a = __builtin_mve_vdwdupq_wb_uv4si (*__a, __c, __imm);
2364:/opt/st/stm32cubeide_2.1.1/plugins/com.st.stm32cube.ide.mcu.externaltools.gnu-tools-for-stm32.14.3.rel1.linux64_1.0.100.202602081740/tools/lib/gcc/arm-none-eabi/14.3.1/include/arm_mve.h ****   return __res;
2365:/opt/st/stm32cubeide_2.1.1/plugins/com.st.stm32cube.ide.mcu.externaltools.gnu-tools-for-stm32.14.3.rel1.linux64_1.0.100.202602081740/tools/lib/gcc/arm-none-eabi/14.3.1/include/arm_mve.h **** }
2366:/opt/st/stm32cubeide_2.1.1/plugins/com.st.stm32cube.ide.mcu.externaltools.gnu-tools-for-stm32.14.3.rel1.linux64_1.0.100.202602081740/tools/lib/gcc/arm-none-eabi/14.3.1/include/arm_mve.h **** 
2367:/opt/st/stm32cubeide_2.1.1/plugins/com.st.stm32cube.ide.mcu.externaltools.gnu-tools-for-stm32.14.3.rel1.linux64_1.0.100.202602081740/tools/lib/gcc/arm-none-eabi/14.3.1/include/arm_mve.h **** __extension__ extern __inline uint16x8_t
2368:/opt/st/stm32cubeide_2.1.1/plugins/com.st.stm32cube.ide.mcu.externaltools.gnu-tools-for-stm32.14.3.rel1.linux64_1.0.100.202602081740/tools/lib/gcc/arm-none-eabi/14.3.1/include/arm_mve.h **** __attribute__ ((__always_inline__, __gnu_inline__, __artificial__))
2369:/opt/st/stm32cubeide_2.1.1/plugins/com.st.stm32cube.ide.mcu.externaltools.gnu-tools-for-stm32.14.3.rel1.linux64_1.0.100.202602081740/tools/lib/gcc/arm-none-eabi/14.3.1/include/arm_mve.h **** __arm_vdwdupq_wb_u16 (uint32_t * __a, uint32_t __b, const int __imm)
2370:/opt/st/stm32cubeide_2.1.1/plugins/com.st.stm32cube.ide.mcu.externaltools.gnu-tools-for-stm32.14.3.rel1.linux64_1.0.100.202602081740/tools/lib/gcc/arm-none-eabi/14.3.1/include/arm_mve.h **** {
2371:/opt/st/stm32cubeide_2.1.1/plugins/com.st.stm32cube.ide.mcu.externaltools.gnu-tools-for-stm32.14.3.rel1.linux64_1.0.100.202602081740/tools/lib/gcc/arm-none-eabi/14.3.1/include/arm_mve.h ****   uint64_t __c = ((uint64_t) __b) << 32;
2372:/opt/st/stm32cubeide_2.1.1/plugins/com.st.stm32cube.ide.mcu.externaltools.gnu-tools-for-stm32.14.3.rel1.linux64_1.0.100.202602081740/tools/lib/gcc/arm-none-eabi/14.3.1/include/arm_mve.h ****   uint16x8_t __res = __builtin_mve_vdwdupq_n_uv8hi (*__a, __c, __imm);
2373:/opt/st/stm32cubeide_2.1.1/plugins/com.st.stm32cube.ide.mcu.externaltools.gnu-tools-for-stm32.14.3.rel1.linux64_1.0.100.202602081740/tools/lib/gcc/arm-none-eabi/14.3.1/include/arm_mve.h ****   *__a = __builtin_mve_vdwdupq_wb_uv8hi (*__a, __c, __imm);
2374:/opt/st/stm32cubeide_2.1.1/plugins/com.st.stm32cube.ide.mcu.externaltools.gnu-tools-for-stm32.14.3.rel1.linux64_1.0.100.202602081740/tools/lib/gcc/arm-none-eabi/14.3.1/include/arm_mve.h ****   return __res;
2375:/opt/st/stm32cubeide_2.1.1/plugins/com.st.stm32cube.ide.mcu.externaltools.gnu-tools-for-stm32.14.3.rel1.linux64_1.0.100.202602081740/tools/lib/gcc/arm-none-eabi/14.3.1/include/arm_mve.h **** }
2376:/opt/st/stm32cubeide_2.1.1/plugins/com.st.stm32cube.ide.mcu.externaltools.gnu-tools-for-stm32.14.3.rel1.linux64_1.0.100.202602081740/tools/lib/gcc/arm-none-eabi/14.3.1/include/arm_mve.h **** 
2377:/opt/st/stm32cubeide_2.1.1/plugins/com.st.stm32cube.ide.mcu.externaltools.gnu-tools-for-stm32.14.3.rel1.linux64_1.0.100.202602081740/tools/lib/gcc/arm-none-eabi/14.3.1/include/arm_mve.h **** __extension__ extern __inline uint8x16_t
2378:/opt/st/stm32cubeide_2.1.1/plugins/com.st.stm32cube.ide.mcu.externaltools.gnu-tools-for-stm32.14.3.rel1.linux64_1.0.100.202602081740/tools/lib/gcc/arm-none-eabi/14.3.1/include/arm_mve.h **** __attribute__ ((__always_inline__, __gnu_inline__, __artificial__))
2379:/opt/st/stm32cubeide_2.1.1/plugins/com.st.stm32cube.ide.mcu.externaltools.gnu-tools-for-stm32.14.3.rel1.linux64_1.0.100.202602081740/tools/lib/gcc/arm-none-eabi/14.3.1/include/arm_mve.h **** __arm_vidupq_m_n_u8 (uint8x16_t __inactive, uint32_t __a, const int __imm, mve_pred16_t __p)
2380:/opt/st/stm32cubeide_2.1.1/plugins/com.st.stm32cube.ide.mcu.externaltools.gnu-tools-for-stm32.14.3.rel1.linux64_1.0.100.202602081740/tools/lib/gcc/arm-none-eabi/14.3.1/include/arm_mve.h **** {
2381:/opt/st/stm32cubeide_2.1.1/plugins/com.st.stm32cube.ide.mcu.externaltools.gnu-tools-for-stm32.14.3.rel1.linux64_1.0.100.202602081740/tools/lib/gcc/arm-none-eabi/14.3.1/include/arm_mve.h ****   return __builtin_mve_vidupq_m_n_uv16qi (__inactive, __a, __imm, __p);
2382:/opt/st/stm32cubeide_2.1.1/plugins/com.st.stm32cube.ide.mcu.externaltools.gnu-tools-for-stm32.14.3.rel1.linux64_1.0.100.202602081740/tools/lib/gcc/arm-none-eabi/14.3.1/include/arm_mve.h **** }
2383:/opt/st/stm32cubeide_2.1.1/plugins/com.st.stm32cube.ide.mcu.externaltools.gnu-tools-for-stm32.14.3.rel1.linux64_1.0.100.202602081740/tools/lib/gcc/arm-none-eabi/14.3.1/include/arm_mve.h **** 
2384:/opt/st/stm32cubeide_2.1.1/plugins/com.st.stm32cube.ide.mcu.externaltools.gnu-tools-for-stm32.14.3.rel1.linux64_1.0.100.202602081740/tools/lib/gcc/arm-none-eabi/14.3.1/include/arm_mve.h **** __extension__ extern __inline uint32x4_t
2385:/opt/st/stm32cubeide_2.1.1/plugins/com.st.stm32cube.ide.mcu.externaltools.gnu-tools-for-stm32.14.3.rel1.linux64_1.0.100.202602081740/tools/lib/gcc/arm-none-eabi/14.3.1/include/arm_mve.h **** __attribute__ ((__always_inline__, __gnu_inline__, __artificial__))
2386:/opt/st/stm32cubeide_2.1.1/plugins/com.st.stm32cube.ide.mcu.externaltools.gnu-tools-for-stm32.14.3.rel1.linux64_1.0.100.202602081740/tools/lib/gcc/arm-none-eabi/14.3.1/include/arm_mve.h **** __arm_vidupq_m_n_u32 (uint32x4_t __inactive, uint32_t __a, const int __imm, mve_pred16_t __p)
2387:/opt/st/stm32cubeide_2.1.1/plugins/com.st.stm32cube.ide.mcu.externaltools.gnu-tools-for-stm32.14.3.rel1.linux64_1.0.100.202602081740/tools/lib/gcc/arm-none-eabi/14.3.1/include/arm_mve.h **** {
2388:/opt/st/stm32cubeide_2.1.1/plugins/com.st.stm32cube.ide.mcu.externaltools.gnu-tools-for-stm32.14.3.rel1.linux64_1.0.100.202602081740/tools/lib/gcc/arm-none-eabi/14.3.1/include/arm_mve.h ****   return __builtin_mve_vidupq_m_n_uv4si (__inactive, __a, __imm, __p);
2389:/opt/st/stm32cubeide_2.1.1/plugins/com.st.stm32cube.ide.mcu.externaltools.gnu-tools-for-stm32.14.3.rel1.linux64_1.0.100.202602081740/tools/lib/gcc/arm-none-eabi/14.3.1/include/arm_mve.h **** }
ARM GAS  /tmp/ccS31Hxi.s 			page 46


2390:/opt/st/stm32cubeide_2.1.1/plugins/com.st.stm32cube.ide.mcu.externaltools.gnu-tools-for-stm32.14.3.rel1.linux64_1.0.100.202602081740/tools/lib/gcc/arm-none-eabi/14.3.1/include/arm_mve.h **** 
2391:/opt/st/stm32cubeide_2.1.1/plugins/com.st.stm32cube.ide.mcu.externaltools.gnu-tools-for-stm32.14.3.rel1.linux64_1.0.100.202602081740/tools/lib/gcc/arm-none-eabi/14.3.1/include/arm_mve.h **** __extension__ extern __inline uint16x8_t
2392:/opt/st/stm32cubeide_2.1.1/plugins/com.st.stm32cube.ide.mcu.externaltools.gnu-tools-for-stm32.14.3.rel1.linux64_1.0.100.202602081740/tools/lib/gcc/arm-none-eabi/14.3.1/include/arm_mve.h **** __attribute__ ((__always_inline__, __gnu_inline__, __artificial__))
2393:/opt/st/stm32cubeide_2.1.1/plugins/com.st.stm32cube.ide.mcu.externaltools.gnu-tools-for-stm32.14.3.rel1.linux64_1.0.100.202602081740/tools/lib/gcc/arm-none-eabi/14.3.1/include/arm_mve.h **** __arm_vidupq_m_n_u16 (uint16x8_t __inactive, uint32_t __a, const int __imm, mve_pred16_t __p)
2394:/opt/st/stm32cubeide_2.1.1/plugins/com.st.stm32cube.ide.mcu.externaltools.gnu-tools-for-stm32.14.3.rel1.linux64_1.0.100.202602081740/tools/lib/gcc/arm-none-eabi/14.3.1/include/arm_mve.h **** {
2395:/opt/st/stm32cubeide_2.1.1/plugins/com.st.stm32cube.ide.mcu.externaltools.gnu-tools-for-stm32.14.3.rel1.linux64_1.0.100.202602081740/tools/lib/gcc/arm-none-eabi/14.3.1/include/arm_mve.h ****   return __builtin_mve_vidupq_m_n_uv8hi (__inactive, __a, __imm, __p);
2396:/opt/st/stm32cubeide_2.1.1/plugins/com.st.stm32cube.ide.mcu.externaltools.gnu-tools-for-stm32.14.3.rel1.linux64_1.0.100.202602081740/tools/lib/gcc/arm-none-eabi/14.3.1/include/arm_mve.h **** }
2397:/opt/st/stm32cubeide_2.1.1/plugins/com.st.stm32cube.ide.mcu.externaltools.gnu-tools-for-stm32.14.3.rel1.linux64_1.0.100.202602081740/tools/lib/gcc/arm-none-eabi/14.3.1/include/arm_mve.h **** 
2398:/opt/st/stm32cubeide_2.1.1/plugins/com.st.stm32cube.ide.mcu.externaltools.gnu-tools-for-stm32.14.3.rel1.linux64_1.0.100.202602081740/tools/lib/gcc/arm-none-eabi/14.3.1/include/arm_mve.h **** __extension__ extern __inline uint8x16_t
2399:/opt/st/stm32cubeide_2.1.1/plugins/com.st.stm32cube.ide.mcu.externaltools.gnu-tools-for-stm32.14.3.rel1.linux64_1.0.100.202602081740/tools/lib/gcc/arm-none-eabi/14.3.1/include/arm_mve.h **** __attribute__ ((__always_inline__, __gnu_inline__, __artificial__))
2400:/opt/st/stm32cubeide_2.1.1/plugins/com.st.stm32cube.ide.mcu.externaltools.gnu-tools-for-stm32.14.3.rel1.linux64_1.0.100.202602081740/tools/lib/gcc/arm-none-eabi/14.3.1/include/arm_mve.h **** __arm_vidupq_n_u8 (uint32_t __a, const int __imm)
2401:/opt/st/stm32cubeide_2.1.1/plugins/com.st.stm32cube.ide.mcu.externaltools.gnu-tools-for-stm32.14.3.rel1.linux64_1.0.100.202602081740/tools/lib/gcc/arm-none-eabi/14.3.1/include/arm_mve.h **** {
2402:/opt/st/stm32cubeide_2.1.1/plugins/com.st.stm32cube.ide.mcu.externaltools.gnu-tools-for-stm32.14.3.rel1.linux64_1.0.100.202602081740/tools/lib/gcc/arm-none-eabi/14.3.1/include/arm_mve.h ****   return __builtin_mve_vidupq_n_uv16qi (__a, __imm);
2403:/opt/st/stm32cubeide_2.1.1/plugins/com.st.stm32cube.ide.mcu.externaltools.gnu-tools-for-stm32.14.3.rel1.linux64_1.0.100.202602081740/tools/lib/gcc/arm-none-eabi/14.3.1/include/arm_mve.h **** }
2404:/opt/st/stm32cubeide_2.1.1/plugins/com.st.stm32cube.ide.mcu.externaltools.gnu-tools-for-stm32.14.3.rel1.linux64_1.0.100.202602081740/tools/lib/gcc/arm-none-eabi/14.3.1/include/arm_mve.h **** 
2405:/opt/st/stm32cubeide_2.1.1/plugins/com.st.stm32cube.ide.mcu.externaltools.gnu-tools-for-stm32.14.3.rel1.linux64_1.0.100.202602081740/tools/lib/gcc/arm-none-eabi/14.3.1/include/arm_mve.h **** __extension__ extern __inline uint8x16_t
2406:/opt/st/stm32cubeide_2.1.1/plugins/com.st.stm32cube.ide.mcu.externaltools.gnu-tools-for-stm32.14.3.rel1.linux64_1.0.100.202602081740/tools/lib/gcc/arm-none-eabi/14.3.1/include/arm_mve.h **** __attribute__ ((__always_inline__, __gnu_inline__, __artificial__))
2407:/opt/st/stm32cubeide_2.1.1/plugins/com.st.stm32cube.ide.mcu.externaltools.gnu-tools-for-stm32.14.3.rel1.linux64_1.0.100.202602081740/tools/lib/gcc/arm-none-eabi/14.3.1/include/arm_mve.h **** __arm_vidupq_m_wb_u8 (uint8x16_t __inactive, uint32_t * __a, const int __imm, mve_pred16_t __p)
2408:/opt/st/stm32cubeide_2.1.1/plugins/com.st.stm32cube.ide.mcu.externaltools.gnu-tools-for-stm32.14.3.rel1.linux64_1.0.100.202602081740/tools/lib/gcc/arm-none-eabi/14.3.1/include/arm_mve.h **** {
2409:/opt/st/stm32cubeide_2.1.1/plugins/com.st.stm32cube.ide.mcu.externaltools.gnu-tools-for-stm32.14.3.rel1.linux64_1.0.100.202602081740/tools/lib/gcc/arm-none-eabi/14.3.1/include/arm_mve.h ****   uint8x16_t __res = __builtin_mve_vidupq_m_n_uv16qi (__inactive, *__a, __imm, __p);
2410:/opt/st/stm32cubeide_2.1.1/plugins/com.st.stm32cube.ide.mcu.externaltools.gnu-tools-for-stm32.14.3.rel1.linux64_1.0.100.202602081740/tools/lib/gcc/arm-none-eabi/14.3.1/include/arm_mve.h ****   *__a += __imm * 16u;
2411:/opt/st/stm32cubeide_2.1.1/plugins/com.st.stm32cube.ide.mcu.externaltools.gnu-tools-for-stm32.14.3.rel1.linux64_1.0.100.202602081740/tools/lib/gcc/arm-none-eabi/14.3.1/include/arm_mve.h ****   return __res;
2412:/opt/st/stm32cubeide_2.1.1/plugins/com.st.stm32cube.ide.mcu.externaltools.gnu-tools-for-stm32.14.3.rel1.linux64_1.0.100.202602081740/tools/lib/gcc/arm-none-eabi/14.3.1/include/arm_mve.h **** }
2413:/opt/st/stm32cubeide_2.1.1/plugins/com.st.stm32cube.ide.mcu.externaltools.gnu-tools-for-stm32.14.3.rel1.linux64_1.0.100.202602081740/tools/lib/gcc/arm-none-eabi/14.3.1/include/arm_mve.h **** 
2414:/opt/st/stm32cubeide_2.1.1/plugins/com.st.stm32cube.ide.mcu.externaltools.gnu-tools-for-stm32.14.3.rel1.linux64_1.0.100.202602081740/tools/lib/gcc/arm-none-eabi/14.3.1/include/arm_mve.h **** __extension__ extern __inline uint16x8_t
2415:/opt/st/stm32cubeide_2.1.1/plugins/com.st.stm32cube.ide.mcu.externaltools.gnu-tools-for-stm32.14.3.rel1.linux64_1.0.100.202602081740/tools/lib/gcc/arm-none-eabi/14.3.1/include/arm_mve.h **** __attribute__ ((__always_inline__, __gnu_inline__, __artificial__))
2416:/opt/st/stm32cubeide_2.1.1/plugins/com.st.stm32cube.ide.mcu.externaltools.gnu-tools-for-stm32.14.3.rel1.linux64_1.0.100.202602081740/tools/lib/gcc/arm-none-eabi/14.3.1/include/arm_mve.h **** __arm_vidupq_m_wb_u16 (uint16x8_t __inactive, uint32_t * __a, const int __imm, mve_pred16_t __p)
2417:/opt/st/stm32cubeide_2.1.1/plugins/com.st.stm32cube.ide.mcu.externaltools.gnu-tools-for-stm32.14.3.rel1.linux64_1.0.100.202602081740/tools/lib/gcc/arm-none-eabi/14.3.1/include/arm_mve.h **** {
2418:/opt/st/stm32cubeide_2.1.1/plugins/com.st.stm32cube.ide.mcu.externaltools.gnu-tools-for-stm32.14.3.rel1.linux64_1.0.100.202602081740/tools/lib/gcc/arm-none-eabi/14.3.1/include/arm_mve.h ****   uint16x8_t __res = __builtin_mve_vidupq_m_n_uv8hi (__inactive, *__a, __imm, __p);
2419:/opt/st/stm32cubeide_2.1.1/plugins/com.st.stm32cube.ide.mcu.externaltools.gnu-tools-for-stm32.14.3.rel1.linux64_1.0.100.202602081740/tools/lib/gcc/arm-none-eabi/14.3.1/include/arm_mve.h ****   *__a += __imm * 8u;
2420:/opt/st/stm32cubeide_2.1.1/plugins/com.st.stm32cube.ide.mcu.externaltools.gnu-tools-for-stm32.14.3.rel1.linux64_1.0.100.202602081740/tools/lib/gcc/arm-none-eabi/14.3.1/include/arm_mve.h ****   return __res;
2421:/opt/st/stm32cubeide_2.1.1/plugins/com.st.stm32cube.ide.mcu.externaltools.gnu-tools-for-stm32.14.3.rel1.linux64_1.0.100.202602081740/tools/lib/gcc/arm-none-eabi/14.3.1/include/arm_mve.h **** }
2422:/opt/st/stm32cubeide_2.1.1/plugins/com.st.stm32cube.ide.mcu.externaltools.gnu-tools-for-stm32.14.3.rel1.linux64_1.0.100.202602081740/tools/lib/gcc/arm-none-eabi/14.3.1/include/arm_mve.h **** 
2423:/opt/st/stm32cubeide_2.1.1/plugins/com.st.stm32cube.ide.mcu.externaltools.gnu-tools-for-stm32.14.3.rel1.linux64_1.0.100.202602081740/tools/lib/gcc/arm-none-eabi/14.3.1/include/arm_mve.h **** __extension__ extern __inline uint32x4_t
2424:/opt/st/stm32cubeide_2.1.1/plugins/com.st.stm32cube.ide.mcu.externaltools.gnu-tools-for-stm32.14.3.rel1.linux64_1.0.100.202602081740/tools/lib/gcc/arm-none-eabi/14.3.1/include/arm_mve.h **** __attribute__ ((__always_inline__, __gnu_inline__, __artificial__))
2425:/opt/st/stm32cubeide_2.1.1/plugins/com.st.stm32cube.ide.mcu.externaltools.gnu-tools-for-stm32.14.3.rel1.linux64_1.0.100.202602081740/tools/lib/gcc/arm-none-eabi/14.3.1/include/arm_mve.h **** __arm_vidupq_m_wb_u32 (uint32x4_t __inactive, uint32_t * __a, const int __imm, mve_pred16_t __p)
2426:/opt/st/stm32cubeide_2.1.1/plugins/com.st.stm32cube.ide.mcu.externaltools.gnu-tools-for-stm32.14.3.rel1.linux64_1.0.100.202602081740/tools/lib/gcc/arm-none-eabi/14.3.1/include/arm_mve.h **** {
2427:/opt/st/stm32cubeide_2.1.1/plugins/com.st.stm32cube.ide.mcu.externaltools.gnu-tools-for-stm32.14.3.rel1.linux64_1.0.100.202602081740/tools/lib/gcc/arm-none-eabi/14.3.1/include/arm_mve.h ****   uint32x4_t __res = __builtin_mve_vidupq_m_n_uv4si (__inactive, *__a, __imm, __p);
2428:/opt/st/stm32cubeide_2.1.1/plugins/com.st.stm32cube.ide.mcu.externaltools.gnu-tools-for-stm32.14.3.rel1.linux64_1.0.100.202602081740/tools/lib/gcc/arm-none-eabi/14.3.1/include/arm_mve.h ****   *__a += __imm * 4u;
2429:/opt/st/stm32cubeide_2.1.1/plugins/com.st.stm32cube.ide.mcu.externaltools.gnu-tools-for-stm32.14.3.rel1.linux64_1.0.100.202602081740/tools/lib/gcc/arm-none-eabi/14.3.1/include/arm_mve.h ****   return __res;
2430:/opt/st/stm32cubeide_2.1.1/plugins/com.st.stm32cube.ide.mcu.externaltools.gnu-tools-for-stm32.14.3.rel1.linux64_1.0.100.202602081740/tools/lib/gcc/arm-none-eabi/14.3.1/include/arm_mve.h **** }
2431:/opt/st/stm32cubeide_2.1.1/plugins/com.st.stm32cube.ide.mcu.externaltools.gnu-tools-for-stm32.14.3.rel1.linux64_1.0.100.202602081740/tools/lib/gcc/arm-none-eabi/14.3.1/include/arm_mve.h **** 
2432:/opt/st/stm32cubeide_2.1.1/plugins/com.st.stm32cube.ide.mcu.externaltools.gnu-tools-for-stm32.14.3.rel1.linux64_1.0.100.202602081740/tools/lib/gcc/arm-none-eabi/14.3.1/include/arm_mve.h **** __extension__ extern __inline uint32x4_t
2433:/opt/st/stm32cubeide_2.1.1/plugins/com.st.stm32cube.ide.mcu.externaltools.gnu-tools-for-stm32.14.3.rel1.linux64_1.0.100.202602081740/tools/lib/gcc/arm-none-eabi/14.3.1/include/arm_mve.h **** __attribute__ ((__always_inline__, __gnu_inline__, __artificial__))
2434:/opt/st/stm32cubeide_2.1.1/plugins/com.st.stm32cube.ide.mcu.externaltools.gnu-tools-for-stm32.14.3.rel1.linux64_1.0.100.202602081740/tools/lib/gcc/arm-none-eabi/14.3.1/include/arm_mve.h **** __arm_vidupq_n_u32 (uint32_t __a, const int __imm)
2435:/opt/st/stm32cubeide_2.1.1/plugins/com.st.stm32cube.ide.mcu.externaltools.gnu-tools-for-stm32.14.3.rel1.linux64_1.0.100.202602081740/tools/lib/gcc/arm-none-eabi/14.3.1/include/arm_mve.h **** {
2436:/opt/st/stm32cubeide_2.1.1/plugins/com.st.stm32cube.ide.mcu.externaltools.gnu-tools-for-stm32.14.3.rel1.linux64_1.0.100.202602081740/tools/lib/gcc/arm-none-eabi/14.3.1/include/arm_mve.h ****   return __builtin_mve_vidupq_n_uv4si (__a, __imm);
2437:/opt/st/stm32cubeide_2.1.1/plugins/com.st.stm32cube.ide.mcu.externaltools.gnu-tools-for-stm32.14.3.rel1.linux64_1.0.100.202602081740/tools/lib/gcc/arm-none-eabi/14.3.1/include/arm_mve.h **** }
2438:/opt/st/stm32cubeide_2.1.1/plugins/com.st.stm32cube.ide.mcu.externaltools.gnu-tools-for-stm32.14.3.rel1.linux64_1.0.100.202602081740/tools/lib/gcc/arm-none-eabi/14.3.1/include/arm_mve.h **** 
2439:/opt/st/stm32cubeide_2.1.1/plugins/com.st.stm32cube.ide.mcu.externaltools.gnu-tools-for-stm32.14.3.rel1.linux64_1.0.100.202602081740/tools/lib/gcc/arm-none-eabi/14.3.1/include/arm_mve.h **** __extension__ extern __inline uint16x8_t
2440:/opt/st/stm32cubeide_2.1.1/plugins/com.st.stm32cube.ide.mcu.externaltools.gnu-tools-for-stm32.14.3.rel1.linux64_1.0.100.202602081740/tools/lib/gcc/arm-none-eabi/14.3.1/include/arm_mve.h **** __attribute__ ((__always_inline__, __gnu_inline__, __artificial__))
2441:/opt/st/stm32cubeide_2.1.1/plugins/com.st.stm32cube.ide.mcu.externaltools.gnu-tools-for-stm32.14.3.rel1.linux64_1.0.100.202602081740/tools/lib/gcc/arm-none-eabi/14.3.1/include/arm_mve.h **** __arm_vidupq_n_u16 (uint32_t __a, const int __imm)
2442:/opt/st/stm32cubeide_2.1.1/plugins/com.st.stm32cube.ide.mcu.externaltools.gnu-tools-for-stm32.14.3.rel1.linux64_1.0.100.202602081740/tools/lib/gcc/arm-none-eabi/14.3.1/include/arm_mve.h **** {
2443:/opt/st/stm32cubeide_2.1.1/plugins/com.st.stm32cube.ide.mcu.externaltools.gnu-tools-for-stm32.14.3.rel1.linux64_1.0.100.202602081740/tools/lib/gcc/arm-none-eabi/14.3.1/include/arm_mve.h ****   return __builtin_mve_vidupq_n_uv8hi (__a, __imm);
  71              		.loc 2 2443 10 view .LVU8
  72 0012 2646     		mov	r6, r4
  73              	.LBE70:
ARM GAS  /tmp/ccS31Hxi.s 			page 47


  74              	.LBE69:
  75              		.loc 1 105 15 view .LVU9
  76 0014 082D     		cmp	r5, #8
  77 0016 28BF     		it	cs
  78 0018 0825     		movcs	r5, #8
  79              	.LBB73:
  80              	.LBB74:
 797:/opt/st/stm32cubeide_2.1.1/plugins/com.st.stm32cube.ide.mcu.externaltools.gnu-tools-for-stm32.14.3.rel1.linux64_1.0.100.202602081740/tools/lib/gcc/arm-none-eabi/14.3.1/include/arm_mve.h **** }
  81              		.loc 2 797 10 view .LVU10
  82 001a 15F001E8 		vctp.16	r5
  83              	.LBE74:
  84              	.LBE73:
  85              	.LBB76:
  86              	.LBB71:
  87              		.loc 2 2443 10 view .LVU11
  88 001e 17EE6E2F 		vidup.u16	q1, r6, #1
  89              	.LBE71:
  90              	.LBE76:
 106:../../Middlewares/stm32-vision-models-postprocessing/lib_vision_models_pp/Src/vision_models_pp_maxi_is8.c ****   mve_pred16_t p = vctp16q(parallelize);
 107:../../Middlewares/stm32-vision-models-postprocessing/lib_vision_models_pp/Src/vision_models_pp_maxi_is8.c **** 
 108:../../Middlewares/stm32-vision-models-postprocessing/lib_vision_models_pp/Src/vision_models_pp_maxi_is8.c ****   uint16x8_t u16x8_idx = vdupq_n_u16(0);
 109:../../Middlewares/stm32-vision-models-postprocessing/lib_vision_models_pp/Src/vision_models_pp_maxi_is8.c ****   uint16x8_t u16x8_offset = vidupq_n_u16(0,1) * (uint16_t)offset;
  91              		.loc 1 109 47 discriminator 1 view .LVU12
  92 0022 A0EE302B 		vdup.16	q0, r2
 103:../../Middlewares/stm32-vision-models-postprocessing/lib_vision_models_pp/Src/vision_models_pp_maxi_is8.c **** 
  93              		.loc 1 103 32 view .LVU13
  94 0026 A4EE304B 		vdup.16	q2, r4
  95              	.LVL2:
 105:../../Middlewares/stm32-vision-models-postprocessing/lib_vision_models_pp/Src/vision_models_pp_maxi_is8.c ****   mve_pred16_t p = vctp16q(parallelize);
  96              		.loc 1 105 3 is_stmt 1 view .LVU14
 106:../../Middlewares/stm32-vision-models-postprocessing/lib_vision_models_pp/Src/vision_models_pp_maxi_is8.c ****   mve_pred16_t p = vctp16q(parallelize);
  97              		.loc 1 106 3 view .LVU15
  98              	.LBB77:
  99              	.LBI73:
 795:/opt/st/stm32cubeide_2.1.1/plugins/com.st.stm32cube.ide.mcu.externaltools.gnu-tools-for-stm32.14.3.rel1.linux64_1.0.100.202602081740/tools/lib/gcc/arm-none-eabi/14.3.1/include/arm_mve.h **** {
 100              		.loc 2 795 1 view .LVU16
 101              	.LBB75:
 797:/opt/st/stm32cubeide_2.1.1/plugins/com.st.stm32cube.ide.mcu.externaltools.gnu-tools-for-stm32.14.3.rel1.linux64_1.0.100.202602081740/tools/lib/gcc/arm-none-eabi/14.3.1/include/arm_mve.h **** }
 102              		.loc 2 797 3 view .LVU17
 797:/opt/st/stm32cubeide_2.1.1/plugins/com.st.stm32cube.ide.mcu.externaltools.gnu-tools-for-stm32.14.3.rel1.linux64_1.0.100.202602081740/tools/lib/gcc/arm-none-eabi/14.3.1/include/arm_mve.h **** }
 103              		.loc 2 797 10 is_stmt 0 view .LVU18
 104 002a FDEE105A 		vmrs	r5, p0	@ movhi
 105              	.LVL3:
 797:/opt/st/stm32cubeide_2.1.1/plugins/com.st.stm32cube.ide.mcu.externaltools.gnu-tools-for-stm32.14.3.rel1.linux64_1.0.100.202602081740/tools/lib/gcc/arm-none-eabi/14.3.1/include/arm_mve.h **** }
 106              		.loc 2 797 10 view .LVU19
 107              	.LBE75:
 108              	.LBE77:
 108:../../Middlewares/stm32-vision-models-postprocessing/lib_vision_models_pp/Src/vision_models_pp_maxi_is8.c ****   uint16x8_t u16x8_offset = vidupq_n_u16(0,1) * (uint16_t)offset;
 109              		.loc 1 108 3 is_stmt 1 view .LVU20
 110              		.loc 1 109 3 view .LVU21
 111              	.LBB78:
 112              	.LBI69:
2441:/opt/st/stm32cubeide_2.1.1/plugins/com.st.stm32cube.ide.mcu.externaltools.gnu-tools-for-stm32.14.3.rel1.linux64_1.0.100.202602081740/tools/lib/gcc/arm-none-eabi/14.3.1/include/arm_mve.h **** {
 113              		.loc 2 2441 1 view .LVU22
 114              	.LBB72:
 115              		.loc 2 2443 3 view .LVU23
 116              		.loc 2 2443 3 is_stmt 0 view .LVU24
ARM GAS  /tmp/ccS31Hxi.s 			page 48


 117              	.LBE72:
 118              	.LBE78:
 119              		.loc 1 109 14 discriminator 1 view .LVU25
 120 002e 10EF5209 		vmul.i16	q0, q0, q1
 121              	.LVL4:
 110:../../Middlewares/stm32-vision-models-postprocessing/lib_vision_models_pp/Src/vision_models_pp_maxi_is8.c **** 
 111:../../Middlewares/stm32-vision-models-postprocessing/lib_vision_models_pp/Src/vision_models_pp_maxi_is8.c ****   for (uint8_t i = 0; i < len_arr; i++)
 122              		.loc 1 111 3 is_stmt 1 view .LVU26
 123              	.LBB79:
 124              		.loc 1 111 8 view .LVU27
 125              		.loc 1 111 3 is_stmt 0 view .LVU28
 126 0032 2246     		mov	r2, r4
 127              	.LVL5:
 128              		.loc 1 111 3 view .LVU29
 129              	.LBE79:
 108:../../Middlewares/stm32-vision-models-postprocessing/lib_vision_models_pp/Src/vision_models_pp_maxi_is8.c ****   uint16x8_t u16x8_offset = vidupq_n_u16(0,1) * (uint16_t)offset;
 130              		.loc 1 108 26 view .LVU30
 131 0034 24EF5421 		vmov	q1, q2
 132              	.LBB86:
 133              	.LBB80:
 112:../../Middlewares/stm32-vision-models-postprocessing/lib_vision_models_pp/Src/vision_models_pp_maxi_is8.c ****   {
 113:../../Middlewares/stm32-vision-models-postprocessing/lib_vision_models_pp/Src/vision_models_pp_maxi_is8.c ****     // load up to 16 int8
 114:../../Middlewares/stm32-vision-models-postprocessing/lib_vision_models_pp/Src/vision_models_pp_maxi_is8.c ****     int16x8_t s16x8_val = vldrbq_gather_offset_z_s16(arr, u16x8_offset, p);
 115:../../Middlewares/stm32-vision-models-postprocessing/lib_vision_models_pp/Src/vision_models_pp_maxi_is8.c ****     arr++;
 116:../../Middlewares/stm32-vision-models-postprocessing/lib_vision_models_pp/Src/vision_models_pp_maxi_is8.c ****     // Compare according to p to create p0
 117:../../Middlewares/stm32-vision-models-postprocessing/lib_vision_models_pp/Src/vision_models_pp_maxi_is8.c ****     mve_pred16_t p0 = vcmpgtq_m_s16(s16x8_val, s16x8_max_val, p);
 118:../../Middlewares/stm32-vision-models-postprocessing/lib_vision_models_pp/Src/vision_models_pp_maxi_is8.c **** 
 119:../../Middlewares/stm32-vision-models-postprocessing/lib_vision_models_pp/Src/vision_models_pp_maxi_is8.c ****     // according to p0: update with s16x8_val or keep s16x8_blk_minmax_val
 120:../../Middlewares/stm32-vision-models-postprocessing/lib_vision_models_pp/Src/vision_models_pp_maxi_is8.c ****     s16x8_max_val = vpselq_s16(s16x8_val, s16x8_max_val, p0);
 121:../../Middlewares/stm32-vision-models-postprocessing/lib_vision_models_pp/Src/vision_models_pp_maxi_is8.c ****     /* according to p0: store per-lane extrema indexes*/
 122:../../Middlewares/stm32-vision-models-postprocessing/lib_vision_models_pp/Src/vision_models_pp_maxi_is8.c ****     u16x8_max_idx = vpselq_u16(u16x8_idx, u16x8_max_idx, p0);
 123:../../Middlewares/stm32-vision-models-postprocessing/lib_vision_models_pp/Src/vision_models_pp_maxi_is8.c ****     u16x8_idx+=1;
 134              		.loc 1 123 14 view .LVU31
 135 0038 80EF51A8 		vmov.i16	q5, #0x1  @ v8hi
 136              	.LBB81:
 137              	.LBB82:
1446:/opt/st/stm32cubeide_2.1.1/plugins/com.st.stm32cube.ide.mcu.externaltools.gnu-tools-for-stm32.14.3.rel1.linux64_1.0.100.202602081740/tools/lib/gcc/arm-none-eabi/14.3.1/include/arm_mve.h **** }
 138              		.loc 2 1446 10 view .LVU32
 139 003c AFB2     		uxth	r7, r5
 140              	.LVL6:
 141              	.L2:
1446:/opt/st/stm32cubeide_2.1.1/plugins/com.st.stm32cube.ide.mcu.externaltools.gnu-tools-for-stm32.14.3.rel1.linux64_1.0.100.202602081740/tools/lib/gcc/arm-none-eabi/14.3.1/include/arm_mve.h **** }
 142              		.loc 2 1446 10 view .LVU33
 143 003e D4B2     		uxtb	r4, r2
 144              	.LBE82:
 145              	.LBE81:
 146              	.LBE80:
 111:../../Middlewares/stm32-vision-models-postprocessing/lib_vision_models_pp/Src/vision_models_pp_maxi_is8.c ****   {
 147              		.loc 1 111 25 discriminator 1 view .LVU34
 148 0040 A142     		cmp	r1, r4
 149 0042 00EB0206 		add	r6, r0, r2
 150              	.LVL7:
 111:../../Middlewares/stm32-vision-models-postprocessing/lib_vision_models_pp/Src/vision_models_pp_maxi_is8.c ****   {
 151              		.loc 1 111 25 is_stmt 1 discriminator 1 view .LVU35
 152 0046 02F10102 		add	r2, r2, #1
 153              	.LVL8:
 111:../../Middlewares/stm32-vision-models-postprocessing/lib_vision_models_pp/Src/vision_models_pp_maxi_is8.c ****   {
ARM GAS  /tmp/ccS31Hxi.s 			page 49


 154              		.loc 1 111 25 is_stmt 0 discriminator 1 view .LVU36
 155 004a 0DD8     		bhi	.L3
 111:../../Middlewares/stm32-vision-models-postprocessing/lib_vision_models_pp/Src/vision_models_pp_maxi_is8.c ****   {
 156              		.loc 1 111 25 discriminator 1 view .LVU37
 157              	.LBE86:
 124:../../Middlewares/stm32-vision-models-postprocessing/lib_vision_models_pp/Src/vision_models_pp_maxi_is8.c **** 
 125:../../Middlewares/stm32-vision-models-postprocessing/lib_vision_models_pp/Src/vision_models_pp_maxi_is8.c ****   }
 126:../../Middlewares/stm32-vision-models-postprocessing/lib_vision_models_pp/Src/vision_models_pp_maxi_is8.c ****   vstrhq_p_u16(index,u16x8_max_idx,p);
 158              		.loc 1 126 3 is_stmt 1 view .LVU38
 159              	.LVL9:
 160              	.LBB87:
 161              	.LBI87:
2027:/opt/st/stm32cubeide_2.1.1/plugins/com.st.stm32cube.ide.mcu.externaltools.gnu-tools-for-stm32.14.3.rel1.linux64_1.0.100.202602081740/tools/lib/gcc/arm-none-eabi/14.3.1/include/arm_mve.h **** {
 162              		.loc 2 2027 1 view .LVU39
 163              	.LBB88:
2029:/opt/st/stm32cubeide_2.1.1/plugins/com.st.stm32cube.ide.mcu.externaltools.gnu-tools-for-stm32.14.3.rel1.linux64_1.0.100.202602081740/tools/lib/gcc/arm-none-eabi/14.3.1/include/arm_mve.h **** }
 164              		.loc 2 2029 3 view .LVU40
 165 004c EDEE105A 		vmsr	p0, r5	@ movhi
 166 0050 0D9A     		ldr	r2, [sp, #52]
 167              	.LVL10:
2029:/opt/st/stm32cubeide_2.1.1/plugins/com.st.stm32cube.ide.mcu.externaltools.gnu-tools-for-stm32.14.3.rel1.linux64_1.0.100.202602081740/tools/lib/gcc/arm-none-eabi/14.3.1/include/arm_mve.h **** }
 168              		.loc 2 2029 3 is_stmt 0 view .LVU41
 169 0052 71FE4D0F 		vpst
 170 0056 82ED805E 		vstrht.16	q2, [r2]
 171              	.LVL11:
2029:/opt/st/stm32cubeide_2.1.1/plugins/com.st.stm32cube.ide.mcu.externaltools.gnu-tools-for-stm32.14.3.rel1.linux64_1.0.100.202602081740/tools/lib/gcc/arm-none-eabi/14.3.1/include/arm_mve.h **** }
 172              		.loc 2 2029 3 view .LVU42
 173              	.LBE88:
 174              	.LBE87:
 127:../../Middlewares/stm32-vision-models-postprocessing/lib_vision_models_pp/Src/vision_models_pp_maxi_is8.c ****   vstrbq_p_s16(maxim,s16x8_max_val,p);
 175              		.loc 1 127 3 is_stmt 1 view .LVU43
 176              	.LBB89:
 177              	.LBI89:
1346:/opt/st/stm32cubeide_2.1.1/plugins/com.st.stm32cube.ide.mcu.externaltools.gnu-tools-for-stm32.14.3.rel1.linux64_1.0.100.202602081740/tools/lib/gcc/arm-none-eabi/14.3.1/include/arm_mve.h **** {
 178              		.loc 2 1346 1 view .LVU44
 179              	.LBB90:
1348:/opt/st/stm32cubeide_2.1.1/plugins/com.st.stm32cube.ide.mcu.externaltools.gnu-tools-for-stm32.14.3.rel1.linux64_1.0.100.202602081740/tools/lib/gcc/arm-none-eabi/14.3.1/include/arm_mve.h **** }
 180              		.loc 2 1348 3 view .LVU45
 181 005a 71FE4D0F 		vpst
 182 005e 83ED806E 		vstrbt.16	q3, [r3]
 183              	.LVL12:
1348:/opt/st/stm32cubeide_2.1.1/plugins/com.st.stm32cube.ide.mcu.externaltools.gnu-tools-for-stm32.14.3.rel1.linux64_1.0.100.202602081740/tools/lib/gcc/arm-none-eabi/14.3.1/include/arm_mve.h **** }
 184              		.loc 2 1348 3 is_stmt 0 view .LVU46
 185              	.LBE90:
 186              	.LBE89:
 128:../../Middlewares/stm32-vision-models-postprocessing/lib_vision_models_pp/Src/vision_models_pp_maxi_is8.c **** #else
 129:../../Middlewares/stm32-vision-models-postprocessing/lib_vision_models_pp/Src/vision_models_pp_maxi_is8.c ****   parallelize = MIN(8, parallelize);
 130:../../Middlewares/stm32-vision-models-postprocessing/lib_vision_models_pp/Src/vision_models_pp_maxi_is8.c ****   for (uint8_t k = 0; k < parallelize; k++)
 131:../../Middlewares/stm32-vision-models-postprocessing/lib_vision_models_pp/Src/vision_models_pp_maxi_is8.c ****   {
 132:../../Middlewares/stm32-vision-models-postprocessing/lib_vision_models_pp/Src/vision_models_pp_maxi_is8.c ****     *index = 0;
 133:../../Middlewares/stm32-vision-models-postprocessing/lib_vision_models_pp/Src/vision_models_pp_maxi_is8.c ****     *maxim = arr[k*offset];
 134:../../Middlewares/stm32-vision-models-postprocessing/lib_vision_models_pp/Src/vision_models_pp_maxi_is8.c **** 
 135:../../Middlewares/stm32-vision-models-postprocessing/lib_vision_models_pp/Src/vision_models_pp_maxi_is8.c ****     for (uint16_t i = 1; i < len_arr; i++)
 136:../../Middlewares/stm32-vision-models-postprocessing/lib_vision_models_pp/Src/vision_models_pp_maxi_is8.c ****     {
 137:../../Middlewares/stm32-vision-models-postprocessing/lib_vision_models_pp/Src/vision_models_pp_maxi_is8.c ****       if (arr[k*offset+i] > *maxim)
 138:../../Middlewares/stm32-vision-models-postprocessing/lib_vision_models_pp/Src/vision_models_pp_maxi_is8.c ****       {
 139:../../Middlewares/stm32-vision-models-postprocessing/lib_vision_models_pp/Src/vision_models_pp_maxi_is8.c ****         *maxim = arr[k*offset+i];
ARM GAS  /tmp/ccS31Hxi.s 			page 50


 140:../../Middlewares/stm32-vision-models-postprocessing/lib_vision_models_pp/Src/vision_models_pp_maxi_is8.c ****         *index = i;
 141:../../Middlewares/stm32-vision-models-postprocessing/lib_vision_models_pp/Src/vision_models_pp_maxi_is8.c ****       }
 142:../../Middlewares/stm32-vision-models-postprocessing/lib_vision_models_pp/Src/vision_models_pp_maxi_is8.c ****     }
 143:../../Middlewares/stm32-vision-models-postprocessing/lib_vision_models_pp/Src/vision_models_pp_maxi_is8.c ****     maxim++;
 144:../../Middlewares/stm32-vision-models-postprocessing/lib_vision_models_pp/Src/vision_models_pp_maxi_is8.c ****     index++;
 145:../../Middlewares/stm32-vision-models-postprocessing/lib_vision_models_pp/Src/vision_models_pp_maxi_is8.c ****   }
 146:../../Middlewares/stm32-vision-models-postprocessing/lib_vision_models_pp/Src/vision_models_pp_maxi_is8.c **** #endif
 147:../../Middlewares/stm32-vision-models-postprocessing/lib_vision_models_pp/Src/vision_models_pp_maxi_is8.c **** }
 187              		.loc 1 147 1 view .LVU47
 188 0062 BDEC088B 		vldm	sp!, {d8-d11}
 189              		.cfi_remember_state
 190              		.cfi_restore 86
 191              		.cfi_restore 87
 192              		.cfi_restore 84
 193              		.cfi_restore 85
 194              		.cfi_restore 82
 195              		.cfi_restore 83
 196              		.cfi_restore 80
 197              		.cfi_restore 81
 198              		.cfi_def_cfa_offset 20
 199 0066 F0BD     		pop	{r4, r5, r6, r7, pc}
 200              	.LVL13:
 201              	.L3:
 202              		.cfi_restore_state
 203              	.LBB91:
 204              	.LBB85:
 114:../../Middlewares/stm32-vision-models-postprocessing/lib_vision_models_pp/Src/vision_models_pp_maxi_is8.c ****     arr++;
 205              		.loc 1 114 5 is_stmt 1 view .LVU48
 206              	.LBB84:
 207              	.LBI81:
1444:/opt/st/stm32cubeide_2.1.1/plugins/com.st.stm32cube.ide.mcu.externaltools.gnu-tools-for-stm32.14.3.rel1.linux64_1.0.100.202602081740/tools/lib/gcc/arm-none-eabi/14.3.1/include/arm_mve.h **** {
 208              		.loc 2 1444 1 view .LVU49
 209              	.LBB83:
1446:/opt/st/stm32cubeide_2.1.1/plugins/com.st.stm32cube.ide.mcu.externaltools.gnu-tools-for-stm32.14.3.rel1.linux64_1.0.100.202602081740/tools/lib/gcc/arm-none-eabi/14.3.1/include/arm_mve.h **** }
 210              		.loc 2 1446 3 view .LVU50
1446:/opt/st/stm32cubeide_2.1.1/plugins/com.st.stm32cube.ide.mcu.externaltools.gnu-tools-for-stm32.14.3.rel1.linux64_1.0.100.202602081740/tools/lib/gcc/arm-none-eabi/14.3.1/include/arm_mve.h **** }
 211              		.loc 2 1446 10 is_stmt 0 view .LVU51
 212 0068 EDEE107A 		vmsr	p0, r7	@ movhi
 213 006c 71FE4D0F 		vpst
 214 0070 96EC808E 		vldrbt.s16	q4, [r6, q0]
 215              	.LVL14:
1446:/opt/st/stm32cubeide_2.1.1/plugins/com.st.stm32cube.ide.mcu.externaltools.gnu-tools-for-stm32.14.3.rel1.linux64_1.0.100.202602081740/tools/lib/gcc/arm-none-eabi/14.3.1/include/arm_mve.h **** }
 216              		.loc 2 1446 10 view .LVU52
 217              	.LBE83:
 218              	.LBE84:
 115:../../Middlewares/stm32-vision-models-postprocessing/lib_vision_models_pp/Src/vision_models_pp_maxi_is8.c ****     // Compare according to p to create p0
 219              		.loc 1 115 5 is_stmt 1 view .LVU53
 117:../../Middlewares/stm32-vision-models-postprocessing/lib_vision_models_pp/Src/vision_models_pp_maxi_is8.c **** 
 220              		.loc 1 117 5 view .LVU54
 117:../../Middlewares/stm32-vision-models-postprocessing/lib_vision_models_pp/Src/vision_models_pp_maxi_is8.c **** 
 221              		.loc 1 117 23 is_stmt 0 view .LVU55
 222 0074 71FE4D0F 		vpst
 223 0078 19FE071F 		vcmpt.s16	gt, q4, q3
 224              	.LVL15:
 120:../../Middlewares/stm32-vision-models-postprocessing/lib_vision_models_pp/Src/vision_models_pp_maxi_is8.c ****     /* according to p0: store per-lane extrema indexes*/
 225              		.loc 1 120 5 is_stmt 1 view .LVU56
 122:../../Middlewares/stm32-vision-models-postprocessing/lib_vision_models_pp/Src/vision_models_pp_maxi_is8.c ****     u16x8_idx+=1;
ARM GAS  /tmp/ccS31Hxi.s 			page 51


 226              		.loc 1 122 21 is_stmt 0 view .LVU57
 227 007c 33FE054F 		vpsel	q2, q1, q2
 228              	.LVL16:
 120:../../Middlewares/stm32-vision-models-postprocessing/lib_vision_models_pp/Src/vision_models_pp_maxi_is8.c ****     /* according to p0: store per-lane extrema indexes*/
 229              		.loc 1 120 21 view .LVU58
 230 0080 39FE076F 		vpsel	q3, q4, q3
 231              	.LVL17:
 122:../../Middlewares/stm32-vision-models-postprocessing/lib_vision_models_pp/Src/vision_models_pp_maxi_is8.c ****     u16x8_idx+=1;
 232              		.loc 1 122 5 is_stmt 1 view .LVU59
 123:../../Middlewares/stm32-vision-models-postprocessing/lib_vision_models_pp/Src/vision_models_pp_maxi_is8.c **** 
 233              		.loc 1 123 5 view .LVU60
 123:../../Middlewares/stm32-vision-models-postprocessing/lib_vision_models_pp/Src/vision_models_pp_maxi_is8.c **** 
 234              		.loc 1 123 14 is_stmt 0 view .LVU61
 235 0084 12EF4A28 		vadd.i16	q1, q1, q5
 236              	.LVL18:
 123:../../Middlewares/stm32-vision-models-postprocessing/lib_vision_models_pp/Src/vision_models_pp_maxi_is8.c **** 
 237              		.loc 1 123 14 view .LVU62
 238              	.LBE85:
 111:../../Middlewares/stm32-vision-models-postprocessing/lib_vision_models_pp/Src/vision_models_pp_maxi_is8.c ****   {
 239              		.loc 1 111 37 is_stmt 1 discriminator 3 view .LVU63
 111:../../Middlewares/stm32-vision-models-postprocessing/lib_vision_models_pp/Src/vision_models_pp_maxi_is8.c ****   {
 240              		.loc 1 111 37 is_stmt 0 discriminator 3 view .LVU64
 241 0088 D9E7     		b	.L2
 242              	.LBE91:
 243              		.cfi_endproc
 244              	.LFE778:
 246              		.section	.text.vision_models_maxi_p_is8ou8,"ax",%progbits
 247              		.align	1
 248              		.global	vision_models_maxi_p_is8ou8
 249              		.syntax unified
 250              		.thumb
 251              		.thumb_func
 253              	vision_models_maxi_p_is8ou8:
 254              	.LVL19:
 255              	.LFB777:
  16:../../Middlewares/stm32-vision-models-postprocessing/lib_vision_models_pp/Src/vision_models_pp_maxi_is8.c **** #ifdef VISION_MODELS_MAXI_P_IS8OU8_MVE
 256              		.loc 1 16 1 is_stmt 1 view -0
 257              		.cfi_startproc
 258              		@ args = 8, pretend = 0, frame = 16
 259              		@ frame_needed = 0, uses_anonymous_args = 0
  18:../../Middlewares/stm32-vision-models-postprocessing/lib_vision_models_pp/Src/vision_models_pp_maxi_is8.c ****     int8x16_t   s8x16_max_val = vdupq_n_s8(SCHAR_MIN);
 260              		.loc 1 18 3 view .LVU66
  16:../../Middlewares/stm32-vision-models-postprocessing/lib_vision_models_pp/Src/vision_models_pp_maxi_is8.c **** #ifdef VISION_MODELS_MAXI_P_IS8OU8_MVE
 261              		.loc 1 16 1 is_stmt 0 view .LVU67
 262 0000 2DE9F04F 		push	{r4, r5, r6, r7, r8, r9, r10, fp, lr}
 263              		.cfi_def_cfa_offset 36
 264              		.cfi_offset 4, -36
 265              		.cfi_offset 5, -32
 266              		.cfi_offset 6, -28
 267              		.cfi_offset 7, -24
 268              		.cfi_offset 8, -20
 269              		.cfi_offset 9, -16
 270              		.cfi_offset 10, -12
 271              		.cfi_offset 11, -8
 272              		.cfi_offset 14, -4
 273 0004 2DED088B 		vpush.64	{d8, d9, d10, d11}
 274              		.cfi_def_cfa_offset 68
ARM GAS  /tmp/ccS31Hxi.s 			page 52


 275              		.cfi_offset 80, -68
 276              		.cfi_offset 81, -64
 277              		.cfi_offset 82, -60
 278              		.cfi_offset 83, -56
 279              		.cfi_offset 84, -52
 280              		.cfi_offset 85, -48
 281              		.cfi_offset 86, -44
 282              		.cfi_offset 87, -40
  18:../../Middlewares/stm32-vision-models-postprocessing/lib_vision_models_pp/Src/vision_models_pp_maxi_is8.c ****     int8x16_t   s8x16_max_val = vdupq_n_s8(SCHAR_MIN);
 283              		.loc 1 18 9 view .LVU68
 284 0008 C2EB0216 		rsb	r6, r2, r2, lsl #4
  16:../../Middlewares/stm32-vision-models-postprocessing/lib_vision_models_pp/Src/vision_models_pp_maxi_is8.c **** #ifdef VISION_MODELS_MAXI_P_IS8OU8_MVE
 285              		.loc 1 16 1 view .LVU69
 286 000c 87B0     		sub	sp, sp, #28
 287              		.cfi_def_cfa_offset 96
  18:../../Middlewares/stm32-vision-models-postprocessing/lib_vision_models_pp/Src/vision_models_pp_maxi_is8.c ****     int8x16_t   s8x16_max_val = vdupq_n_s8(SCHAR_MIN);
 288              		.loc 1 18 6 view .LVU70
 289 000e FE2E     		cmp	r6, #254
  16:../../Middlewares/stm32-vision-models-postprocessing/lib_vision_models_pp/Src/vision_models_pp_maxi_is8.c **** #ifdef VISION_MODELS_MAXI_P_IS8OU8_MVE
 290              		.loc 1 16 1 view .LVU71
 291 0010 8146     		mov	r9, r0
 292 0012 8A46     		mov	r10, r1
 293 0014 1746     		mov	r7, r2
 294 0016 1D46     		mov	r5, r3
 295 0018 199C     		ldr	r4, [sp, #100]
  18:../../Middlewares/stm32-vision-models-postprocessing/lib_vision_models_pp/Src/vision_models_pp_maxi_is8.c ****     int8x16_t   s8x16_max_val = vdupq_n_s8(SCHAR_MIN);
 296              		.loc 1 18 6 view .LVU72
 297 001a 40D8     		bhi	.L5
 298              	.LBB92:
  19:../../Middlewares/stm32-vision-models-postprocessing/lib_vision_models_pp/Src/vision_models_pp_maxi_is8.c ****     uint8x16_t   u8x16_max_idx = vdupq_n_u8(0);
 299              		.loc 1 19 5 is_stmt 1 view .LVU73
  19:../../Middlewares/stm32-vision-models-postprocessing/lib_vision_models_pp/Src/vision_models_pp_maxi_is8.c ****     uint8x16_t   u8x16_max_idx = vdupq_n_u8(0);
 300              		.loc 1 19 33 is_stmt 0 view .LVU74
 301 001c 8023     		movs	r3, #128
 302              	.LVL20:
  19:../../Middlewares/stm32-vision-models-postprocessing/lib_vision_models_pp/Src/vision_models_pp_maxi_is8.c ****     uint8x16_t   u8x16_max_idx = vdupq_n_u8(0);
 303              		.loc 1 19 33 view .LVU75
 304 001e E6EE103B 		vdup.8	q3, r3
 305              	.LVL21:
  20:../../Middlewares/stm32-vision-models-postprocessing/lib_vision_models_pp/Src/vision_models_pp_maxi_is8.c **** 
 306              		.loc 1 20 5 is_stmt 1 view .LVU76
  20:../../Middlewares/stm32-vision-models-postprocessing/lib_vision_models_pp/Src/vision_models_pp_maxi_is8.c **** 
 307              		.loc 1 20 34 is_stmt 0 view .LVU77
 308 0022 0023     		movs	r3, #0
  22:../../Middlewares/stm32-vision-models-postprocessing/lib_vision_models_pp/Src/vision_models_pp_maxi_is8.c ****     mve_pred16_t p = vctp8q(parallelize);
 309              		.loc 1 22 17 view .LVU78
 310 0024 102C     		cmp	r4, #16
 311 0026 28BF     		it	cs
 312 0028 1024     		movcs	r4, #16
 313              	.LBB93:
 314              	.LBB94:
2402:/opt/st/stm32cubeide_2.1.1/plugins/com.st.stm32cube.ide.mcu.externaltools.gnu-tools-for-stm32.14.3.rel1.linux64_1.0.100.202602081740/tools/lib/gcc/arm-none-eabi/14.3.1/include/arm_mve.h **** }
 315              		.loc 2 2402 10 view .LVU79
 316 002a 1846     		mov	r0, r3
 317              	.LVL22:
2402:/opt/st/stm32cubeide_2.1.1/plugins/com.st.stm32cube.ide.mcu.externaltools.gnu-tools-for-stm32.14.3.rel1.linux64_1.0.100.202602081740/tools/lib/gcc/arm-none-eabi/14.3.1/include/arm_mve.h **** }
 318              		.loc 2 2402 10 view .LVU80
ARM GAS  /tmp/ccS31Hxi.s 			page 53


 319              	.LBE94:
 320              	.LBE93:
 321              	.LBB97:
 322              	.LBB98:
 818:/opt/st/stm32cubeide_2.1.1/plugins/com.st.stm32cube.ide.mcu.externaltools.gnu-tools-for-stm32.14.3.rel1.linux64_1.0.100.202602081740/tools/lib/gcc/arm-none-eabi/14.3.1/include/arm_mve.h **** }
 323              		.loc 2 818 10 view .LVU81
 324 002c 04F001E8 		vctp.8	r4
 325              	.LBE98:
 326              	.LBE97:
 327              	.LBB101:
 328              	.LBB95:
2402:/opt/st/stm32cubeide_2.1.1/plugins/com.st.stm32cube.ide.mcu.externaltools.gnu-tools-for-stm32.14.3.rel1.linux64_1.0.100.202602081740/tools/lib/gcc/arm-none-eabi/14.3.1/include/arm_mve.h **** }
 329              		.loc 2 2402 10 view .LVU82
 330 0030 01EE6E2F 		vidup.u8	q1, r0, #1
 331              	.LBE95:
 332              	.LBE101:
  20:../../Middlewares/stm32-vision-models-postprocessing/lib_vision_models_pp/Src/vision_models_pp_maxi_is8.c **** 
 333              		.loc 1 20 34 view .LVU83
 334 0034 E4EE103B 		vdup.8	q2, r3
 335              	.LVL23:
  22:../../Middlewares/stm32-vision-models-postprocessing/lib_vision_models_pp/Src/vision_models_pp_maxi_is8.c ****     mve_pred16_t p = vctp8q(parallelize);
 336              		.loc 1 22 5 is_stmt 1 view .LVU84
  23:../../Middlewares/stm32-vision-models-postprocessing/lib_vision_models_pp/Src/vision_models_pp_maxi_is8.c **** 
 337              		.loc 1 23 5 view .LVU85
 338              	.LBB102:
 339              	.LBI97:
 816:/opt/st/stm32cubeide_2.1.1/plugins/com.st.stm32cube.ide.mcu.externaltools.gnu-tools-for-stm32.14.3.rel1.linux64_1.0.100.202602081740/tools/lib/gcc/arm-none-eabi/14.3.1/include/arm_mve.h **** {
 340              		.loc 2 816 1 view .LVU86
 341              	.LBB99:
 818:/opt/st/stm32cubeide_2.1.1/plugins/com.st.stm32cube.ide.mcu.externaltools.gnu-tools-for-stm32.14.3.rel1.linux64_1.0.100.202602081740/tools/lib/gcc/arm-none-eabi/14.3.1/include/arm_mve.h **** }
 342              		.loc 2 818 3 view .LVU87
 343              	.LBE99:
 344              	.LBE102:
  26:../../Middlewares/stm32-vision-models-postprocessing/lib_vision_models_pp/Src/vision_models_pp_maxi_is8.c **** 
 345              		.loc 1 26 48 is_stmt 0 discriminator 1 view .LVU88
 346 0038 E0EE107B 		vdup.8	q0, r7
 347              	.LBB103:
 348              	.LBB100:
 818:/opt/st/stm32cubeide_2.1.1/plugins/com.st.stm32cube.ide.mcu.externaltools.gnu-tools-for-stm32.14.3.rel1.linux64_1.0.100.202602081740/tools/lib/gcc/arm-none-eabi/14.3.1/include/arm_mve.h **** }
 349              		.loc 2 818 10 view .LVU89
 350 003c FDEE102A 		vmrs	r2, p0	@ movhi
 351              	.LVL24:
 818:/opt/st/stm32cubeide_2.1.1/plugins/com.st.stm32cube.ide.mcu.externaltools.gnu-tools-for-stm32.14.3.rel1.linux64_1.0.100.202602081740/tools/lib/gcc/arm-none-eabi/14.3.1/include/arm_mve.h **** }
 352              		.loc 2 818 10 view .LVU90
 353              	.LBE100:
 354              	.LBE103:
  25:../../Middlewares/stm32-vision-models-postprocessing/lib_vision_models_pp/Src/vision_models_pp_maxi_is8.c ****     uint8x16_t u8x16_offset = vidupq_n_u8(0,1) * (uint8_t)offset;
 355              		.loc 1 25 5 is_stmt 1 view .LVU91
  26:../../Middlewares/stm32-vision-models-postprocessing/lib_vision_models_pp/Src/vision_models_pp_maxi_is8.c **** 
 356              		.loc 1 26 5 view .LVU92
 357              	.LBB104:
 358              	.LBI93:
2400:/opt/st/stm32cubeide_2.1.1/plugins/com.st.stm32cube.ide.mcu.externaltools.gnu-tools-for-stm32.14.3.rel1.linux64_1.0.100.202602081740/tools/lib/gcc/arm-none-eabi/14.3.1/include/arm_mve.h **** {
 359              		.loc 2 2400 1 view .LVU93
 360              	.LBB96:
2402:/opt/st/stm32cubeide_2.1.1/plugins/com.st.stm32cube.ide.mcu.externaltools.gnu-tools-for-stm32.14.3.rel1.linux64_1.0.100.202602081740/tools/lib/gcc/arm-none-eabi/14.3.1/include/arm_mve.h **** }
 361              		.loc 2 2402 3 view .LVU94
ARM GAS  /tmp/ccS31Hxi.s 			page 54


2402:/opt/st/stm32cubeide_2.1.1/plugins/com.st.stm32cube.ide.mcu.externaltools.gnu-tools-for-stm32.14.3.rel1.linux64_1.0.100.202602081740/tools/lib/gcc/arm-none-eabi/14.3.1/include/arm_mve.h **** }
 362              		.loc 2 2402 3 is_stmt 0 view .LVU95
 363              	.LBE96:
 364              	.LBE104:
  26:../../Middlewares/stm32-vision-models-postprocessing/lib_vision_models_pp/Src/vision_models_pp_maxi_is8.c **** 
 365              		.loc 1 26 16 discriminator 1 view .LVU96
 366 0040 00EF5209 		vmul.i8	q0, q0, q1
 367              	.LVL25:
  28:../../Middlewares/stm32-vision-models-postprocessing/lib_vision_models_pp/Src/vision_models_pp_maxi_is8.c ****     {
 368              		.loc 1 28 5 is_stmt 1 view .LVU97
 369              	.LBB105:
  28:../../Middlewares/stm32-vision-models-postprocessing/lib_vision_models_pp/Src/vision_models_pp_maxi_is8.c ****     {
 370              		.loc 1 28 10 view .LVU98
 371              	.LBB106:
  40:../../Middlewares/stm32-vision-models-postprocessing/lib_vision_models_pp/Src/vision_models_pp_maxi_is8.c **** 
 372              		.loc 1 40 16 is_stmt 0 view .LVU99
 373 0044 80EF51AE 		vmov.i8	q5, #0x1  @ v16qi
 374              	.LBE106:
 375              	.LBE105:
  25:../../Middlewares/stm32-vision-models-postprocessing/lib_vision_models_pp/Src/vision_models_pp_maxi_is8.c ****     uint8x16_t u8x16_offset = vidupq_n_u8(0,1) * (uint8_t)offset;
 376              		.loc 1 25 28 view .LVU100
 377 0048 24EF5421 		vmov	q1, q2
 378              	.LBB113:
 379              	.LBB111:
 380              	.LBB107:
 381              	.LBB108:
1432:/opt/st/stm32cubeide_2.1.1/plugins/com.st.stm32cube.ide.mcu.externaltools.gnu-tools-for-stm32.14.3.rel1.linux64_1.0.100.202602081740/tools/lib/gcc/arm-none-eabi/14.3.1/include/arm_mve.h **** }
 382              		.loc 2 1432 10 view .LVU101
 383 004c 90B2     		uxth	r0, r2
 384              	.LVL26:
 385              	.L6:
1432:/opt/st/stm32cubeide_2.1.1/plugins/com.st.stm32cube.ide.mcu.externaltools.gnu-tools-for-stm32.14.3.rel1.linux64_1.0.100.202602081740/tools/lib/gcc/arm-none-eabi/14.3.1/include/arm_mve.h **** }
 386              		.loc 2 1432 10 view .LVU102
 387 004e D9B2     		uxtb	r1, r3
 388              	.LBE108:
 389              	.LBE107:
 390              	.LBE111:
  28:../../Middlewares/stm32-vision-models-postprocessing/lib_vision_models_pp/Src/vision_models_pp_maxi_is8.c ****     {
 391              		.loc 1 28 27 discriminator 1 view .LVU103
 392 0050 8A45     		cmp	r10, r1
 393 0052 09EB0304 		add	r4, r9, r3
 394              	.LVL27:
  28:../../Middlewares/stm32-vision-models-postprocessing/lib_vision_models_pp/Src/vision_models_pp_maxi_is8.c ****     {
 395              		.loc 1 28 27 is_stmt 1 discriminator 1 view .LVU104
 396 0056 03F10103 		add	r3, r3, #1
 397              	.LVL28:
  28:../../Middlewares/stm32-vision-models-postprocessing/lib_vision_models_pp/Src/vision_models_pp_maxi_is8.c ****     {
 398              		.loc 1 28 27 is_stmt 0 discriminator 1 view .LVU105
 399 005a 0FD8     		bhi	.L7
  28:../../Middlewares/stm32-vision-models-postprocessing/lib_vision_models_pp/Src/vision_models_pp_maxi_is8.c ****     {
 400              		.loc 1 28 27 discriminator 1 view .LVU106
 401              	.LBE113:
  43:../../Middlewares/stm32-vision-models-postprocessing/lib_vision_models_pp/Src/vision_models_pp_maxi_is8.c ****     vstrbq_p_s8(maxim,s8x16_max_val,p);
 402              		.loc 1 43 5 is_stmt 1 view .LVU107
 403              	.LVL29:
 404              	.LBB114:
 405              	.LBI114:
ARM GAS  /tmp/ccS31Hxi.s 			page 55


1353:/opt/st/stm32cubeide_2.1.1/plugins/com.st.stm32cube.ide.mcu.externaltools.gnu-tools-for-stm32.14.3.rel1.linux64_1.0.100.202602081740/tools/lib/gcc/arm-none-eabi/14.3.1/include/arm_mve.h **** {
 406              		.loc 2 1353 1 view .LVU108
 407              	.LBB115:
1355:/opt/st/stm32cubeide_2.1.1/plugins/com.st.stm32cube.ide.mcu.externaltools.gnu-tools-for-stm32.14.3.rel1.linux64_1.0.100.202602081740/tools/lib/gcc/arm-none-eabi/14.3.1/include/arm_mve.h **** }
 408              		.loc 2 1355 3 view .LVU109
 409 005c EDEE102A 		vmsr	p0, r2	@ movhi
 410 0060 189B     		ldr	r3, [sp, #96]
 411              	.LVL30:
1355:/opt/st/stm32cubeide_2.1.1/plugins/com.st.stm32cube.ide.mcu.externaltools.gnu-tools-for-stm32.14.3.rel1.linux64_1.0.100.202602081740/tools/lib/gcc/arm-none-eabi/14.3.1/include/arm_mve.h **** }
 412              		.loc 2 1355 3 is_stmt 0 view .LVU110
 413 0062 71FE4D0F 		vpst
 414 0066 83ED005E 		vstrbt.8	q2, [r3]
 415              	.LVL31:
1355:/opt/st/stm32cubeide_2.1.1/plugins/com.st.stm32cube.ide.mcu.externaltools.gnu-tools-for-stm32.14.3.rel1.linux64_1.0.100.202602081740/tools/lib/gcc/arm-none-eabi/14.3.1/include/arm_mve.h **** }
 416              		.loc 2 1355 3 view .LVU111
 417              	.LBE115:
 418              	.LBE114:
  44:../../Middlewares/stm32-vision-models-postprocessing/lib_vision_models_pp/Src/vision_models_pp_maxi_is8.c ****   } else {
 419              		.loc 1 44 5 is_stmt 1 view .LVU112
 420              	.LBB116:
 421              	.LBI116:
1332:/opt/st/stm32cubeide_2.1.1/plugins/com.st.stm32cube.ide.mcu.externaltools.gnu-tools-for-stm32.14.3.rel1.linux64_1.0.100.202602081740/tools/lib/gcc/arm-none-eabi/14.3.1/include/arm_mve.h **** {
 422              		.loc 2 1332 1 view .LVU113
 423              	.LBB117:
1334:/opt/st/stm32cubeide_2.1.1/plugins/com.st.stm32cube.ide.mcu.externaltools.gnu-tools-for-stm32.14.3.rel1.linux64_1.0.100.202602081740/tools/lib/gcc/arm-none-eabi/14.3.1/include/arm_mve.h **** }
 424              		.loc 2 1334 3 view .LVU114
 425 006a 71FE4D0F 		vpst
 426 006e 85ED007E 		vstrbt.8	q3, [r5]
 427              	.LVL32:
 428              	.L4:
1334:/opt/st/stm32cubeide_2.1.1/plugins/com.st.stm32cube.ide.mcu.externaltools.gnu-tools-for-stm32.14.3.rel1.linux64_1.0.100.202602081740/tools/lib/gcc/arm-none-eabi/14.3.1/include/arm_mve.h **** }
 429              		.loc 2 1334 3 is_stmt 0 view .LVU115
 430              	.LBE117:
 431              	.LBE116:
 432              	.LBE92:
  97:../../Middlewares/stm32-vision-models-postprocessing/lib_vision_models_pp/Src/vision_models_pp_maxi_is8.c **** 
 433              		.loc 1 97 1 view .LVU116
 434 0072 07B0     		add	sp, sp, #28
 435              		.cfi_remember_state
 436              		.cfi_def_cfa_offset 68
 437              		@ sp needed
 438 0074 BDEC088B 		vldm	sp!, {d8-d11}
 439              		.cfi_restore 86
 440              		.cfi_restore 87
 441              		.cfi_restore 84
 442              		.cfi_restore 85
 443              		.cfi_restore 82
 444              		.cfi_restore 83
 445              		.cfi_restore 80
 446              		.cfi_restore 81
 447              		.cfi_def_cfa_offset 36
 448 0078 BDE8F08F 		pop	{r4, r5, r6, r7, r8, r9, r10, fp, pc}
 449              	.LVL33:
 450              	.L7:
 451              		.cfi_restore_state
 452              	.LBB119:
 453              	.LBB118:
ARM GAS  /tmp/ccS31Hxi.s 			page 56


 454              	.LBB112:
  31:../../Middlewares/stm32-vision-models-postprocessing/lib_vision_models_pp/Src/vision_models_pp_maxi_is8.c ****       arr++;
 455              		.loc 1 31 7 is_stmt 1 view .LVU117
 456              	.LBB110:
 457              	.LBI107:
1430:/opt/st/stm32cubeide_2.1.1/plugins/com.st.stm32cube.ide.mcu.externaltools.gnu-tools-for-stm32.14.3.rel1.linux64_1.0.100.202602081740/tools/lib/gcc/arm-none-eabi/14.3.1/include/arm_mve.h **** {
 458              		.loc 2 1430 1 view .LVU118
 459              	.LBB109:
1432:/opt/st/stm32cubeide_2.1.1/plugins/com.st.stm32cube.ide.mcu.externaltools.gnu-tools-for-stm32.14.3.rel1.linux64_1.0.100.202602081740/tools/lib/gcc/arm-none-eabi/14.3.1/include/arm_mve.h **** }
 460              		.loc 2 1432 3 view .LVU119
1432:/opt/st/stm32cubeide_2.1.1/plugins/com.st.stm32cube.ide.mcu.externaltools.gnu-tools-for-stm32.14.3.rel1.linux64_1.0.100.202602081740/tools/lib/gcc/arm-none-eabi/14.3.1/include/arm_mve.h **** }
 461              		.loc 2 1432 10 is_stmt 0 view .LVU120
 462 007c EDEE100A 		vmsr	p0, r0	@ movhi
 463 0080 71FE4D0F 		vpst
 464 0084 94FC008E 		vldrbt.u8	q4, [r4, q0]
 465              	.LVL34:
1432:/opt/st/stm32cubeide_2.1.1/plugins/com.st.stm32cube.ide.mcu.externaltools.gnu-tools-for-stm32.14.3.rel1.linux64_1.0.100.202602081740/tools/lib/gcc/arm-none-eabi/14.3.1/include/arm_mve.h **** }
 466              		.loc 2 1432 10 view .LVU121
 467              	.LBE109:
 468              	.LBE110:
  32:../../Middlewares/stm32-vision-models-postprocessing/lib_vision_models_pp/Src/vision_models_pp_maxi_is8.c ****       // Compare according to p to create p0
 469              		.loc 1 32 7 is_stmt 1 view .LVU122
  34:../../Middlewares/stm32-vision-models-postprocessing/lib_vision_models_pp/Src/vision_models_pp_maxi_is8.c **** 
 470              		.loc 1 34 7 view .LVU123
  34:../../Middlewares/stm32-vision-models-postprocessing/lib_vision_models_pp/Src/vision_models_pp_maxi_is8.c **** 
 471              		.loc 1 34 25 is_stmt 0 view .LVU124
 472 0088 71FE4D0F 		vpst
 473 008c 09FE071F 		vcmpt.s8	gt, q4, q3
 474              	.LVL35:
  37:../../Middlewares/stm32-vision-models-postprocessing/lib_vision_models_pp/Src/vision_models_pp_maxi_is8.c ****       /* according to p0: store per-lane extrema indexes*/
 475              		.loc 1 37 7 is_stmt 1 view .LVU125
  39:../../Middlewares/stm32-vision-models-postprocessing/lib_vision_models_pp/Src/vision_models_pp_maxi_is8.c ****       u8x16_idx+=1;
 476              		.loc 1 39 23 is_stmt 0 view .LVU126
 477 0090 33FE054F 		vpsel	q2, q1, q2
 478              	.LVL36:
  37:../../Middlewares/stm32-vision-models-postprocessing/lib_vision_models_pp/Src/vision_models_pp_maxi_is8.c ****       /* according to p0: store per-lane extrema indexes*/
 479              		.loc 1 37 23 view .LVU127
 480 0094 39FE076F 		vpsel	q3, q4, q3
 481              	.LVL37:
  39:../../Middlewares/stm32-vision-models-postprocessing/lib_vision_models_pp/Src/vision_models_pp_maxi_is8.c ****       u8x16_idx+=1;
 482              		.loc 1 39 7 is_stmt 1 view .LVU128
  40:../../Middlewares/stm32-vision-models-postprocessing/lib_vision_models_pp/Src/vision_models_pp_maxi_is8.c **** 
 483              		.loc 1 40 7 view .LVU129
  40:../../Middlewares/stm32-vision-models-postprocessing/lib_vision_models_pp/Src/vision_models_pp_maxi_is8.c **** 
 484              		.loc 1 40 16 is_stmt 0 view .LVU130
 485 0098 02EF4A28 		vadd.i8	q1, q1, q5
 486              	.LVL38:
  40:../../Middlewares/stm32-vision-models-postprocessing/lib_vision_models_pp/Src/vision_models_pp_maxi_is8.c **** 
 487              		.loc 1 40 16 view .LVU131
 488              	.LBE112:
  28:../../Middlewares/stm32-vision-models-postprocessing/lib_vision_models_pp/Src/vision_models_pp_maxi_is8.c ****     {
 489              		.loc 1 28 39 is_stmt 1 discriminator 3 view .LVU132
  28:../../Middlewares/stm32-vision-models-postprocessing/lib_vision_models_pp/Src/vision_models_pp_maxi_is8.c ****     {
 490              		.loc 1 28 39 is_stmt 0 discriminator 3 view .LVU133
 491 009c D7E7     		b	.L6
 492              	.LVL39:
 493              	.L5:
ARM GAS  /tmp/ccS31Hxi.s 			page 57


  28:../../Middlewares/stm32-vision-models-postprocessing/lib_vision_models_pp/Src/vision_models_pp_maxi_is8.c ****     {
 494              		.loc 1 28 39 discriminator 3 view .LVU134
 495              	.LBE118:
 496              	.LBE119:
 497              	.LBB120:
  46:../../Middlewares/stm32-vision-models-postprocessing/lib_vision_models_pp/Src/vision_models_pp_maxi_is8.c ****     uint16_t _parallelize = MIN(8,parallelize);
 498              		.loc 1 46 5 is_stmt 1 view .LVU135
  47:../../Middlewares/stm32-vision-models-postprocessing/lib_vision_models_pp/Src/vision_models_pp_maxi_is8.c ****     vision_models_maxi_p_is8ou16(arr,len_arr,offset,maxim,_tmpIdx,_parallelize);
 499              		.loc 1 47 5 view .LVU136
  47:../../Middlewares/stm32-vision-models-postprocessing/lib_vision_models_pp/Src/vision_models_pp_maxi_is8.c ****     vision_models_maxi_p_is8ou16(arr,len_arr,offset,maxim,_tmpIdx,_parallelize);
 500              		.loc 1 47 29 is_stmt 0 view .LVU137
 501 009e 082C     		cmp	r4, #8
 502 00a0 2646     		mov	r6, r4
 503 00a2 28BF     		it	cs
 504 00a4 0826     		movcs	r6, #8
 505              	.LVL40:
  48:../../Middlewares/stm32-vision-models-postprocessing/lib_vision_models_pp/Src/vision_models_pp_maxi_is8.c ****     maxim+=_parallelize;
 506              		.loc 1 48 5 is_stmt 1 view .LVU138
 507 00a6 0DF1080B 		add	fp, sp, #8
 508 00aa 0196     		str	r6, [sp, #4]
 509 00ac CDF800B0 		str	fp, [sp]
 510 00b0 FFF7FEFF 		bl	vision_models_maxi_p_is8ou16
 511              	.LVL41:
  49:../../Middlewares/stm32-vision-models-postprocessing/lib_vision_models_pp/Src/vision_models_pp_maxi_is8.c ****     for ( uint16_t i = 0; i < _parallelize; i++) {
 512              		.loc 1 49 5 view .LVU139
 513 00b4 06F1010E 		add	lr, r6, #1
 514 00b8 D846     		mov	r8, fp
 515              	.LBB121:
  50:../../Middlewares/stm32-vision-models-postprocessing/lib_vision_models_pp/Src/vision_models_pp_maxi_is8.c ****       *index++ = _tmpIdx[i];
 516              		.loc 1 50 5 is_stmt 0 view .LVU140
 517 00ba 5946     		mov	r1, fp
 518              	.LVL42:
  50:../../Middlewares/stm32-vision-models-postprocessing/lib_vision_models_pp/Src/vision_models_pp_maxi_is8.c ****       *index++ = _tmpIdx[i];
 519              		.loc 1 50 5 view .LVU141
 520 00bc 4EF001E0 		dls	lr, lr
 521 00c0 189A     		ldr	r2, [sp, #96]
 522              	.LBE121:
  49:../../Middlewares/stm32-vision-models-postprocessing/lib_vision_models_pp/Src/vision_models_pp_maxi_is8.c ****     for ( uint16_t i = 0; i < _parallelize; i++) {
 523              		.loc 1 49 10 view .LVU142
 524 00c2 3344     		add	r3, r3, r6
 525              	.LVL43:
  50:../../Middlewares/stm32-vision-models-postprocessing/lib_vision_models_pp/Src/vision_models_pp_maxi_is8.c ****       *index++ = _tmpIdx[i];
 526              		.loc 1 50 5 is_stmt 1 view .LVU143
 527              	.LBB122:
  50:../../Middlewares/stm32-vision-models-postprocessing/lib_vision_models_pp/Src/vision_models_pp_maxi_is8.c ****       *index++ = _tmpIdx[i];
 528              		.loc 1 50 11 view .LVU144
  50:../../Middlewares/stm32-vision-models-postprocessing/lib_vision_models_pp/Src/vision_models_pp_maxi_is8.c ****       *index++ = _tmpIdx[i];
 529              		.loc 1 50 11 is_stmt 0 view .LVU145
 530 00c4 9519     		adds	r5, r2, r6
 531              	.LVL44:
 532              	.L9:
  50:../../Middlewares/stm32-vision-models-postprocessing/lib_vision_models_pp/Src/vision_models_pp_maxi_is8.c ****       *index++ = _tmpIdx[i];
 533              		.loc 1 50 29 is_stmt 1 discriminator 1 view .LVU146
 534 00c6 BEF1010E 		subs	lr, #1;bne	.L10
 534      1AD1
 535              	.LBE122:
  53:../../Middlewares/stm32-vision-models-postprocessing/lib_vision_models_pp/Src/vision_models_pp_maxi_is8.c ****     arr+=_parallelize*offset;
ARM GAS  /tmp/ccS31Hxi.s 			page 58


 536              		.loc 1 53 5 view .LVU147
 537              	.LVL45:
  54:../../Middlewares/stm32-vision-models-postprocessing/lib_vision_models_pp/Src/vision_models_pp_maxi_is8.c ****     vision_models_maxi_p_is8ou16(arr,len_arr,offset,maxim,_tmpIdx,parallelize);
 538              		.loc 1 54 5 view .LVU148
  55:../../Middlewares/stm32-vision-models-postprocessing/lib_vision_models_pp/Src/vision_models_pp_maxi_is8.c ****     for ( uint32_t i = 0; i < parallelize; i++) {
 539              		.loc 1 55 5 view .LVU149
  53:../../Middlewares/stm32-vision-models-postprocessing/lib_vision_models_pp/Src/vision_models_pp_maxi_is8.c ****     arr+=_parallelize*offset;
 540              		.loc 1 53 16 is_stmt 0 view .LVU150
 541 00cc A21B     		subs	r2, r4, r6
 542              	.LVL46:
  55:../../Middlewares/stm32-vision-models-postprocessing/lib_vision_models_pp/Src/vision_models_pp_maxi_is8.c ****     for ( uint32_t i = 0; i < parallelize; i++) {
 543              		.loc 1 55 5 view .LVU151
 544 00ce CDE900B2 		strd	fp, r2, [sp]
 545 00d2 5146     		mov	r1, r10
 546 00d4 3A46     		mov	r2, r7
 547              	.LVL47:
  55:../../Middlewares/stm32-vision-models-postprocessing/lib_vision_models_pp/Src/vision_models_pp_maxi_is8.c ****     for ( uint32_t i = 0; i < parallelize; i++) {
 548              		.loc 1 55 5 view .LVU152
 549 00d6 07FB0690 		mla	r0, r7, r6, r9
 550              	.LVL48:
  55:../../Middlewares/stm32-vision-models-postprocessing/lib_vision_models_pp/Src/vision_models_pp_maxi_is8.c ****     for ( uint32_t i = 0; i < parallelize; i++) {
 551              		.loc 1 55 5 view .LVU153
 552 00da FFF7FEFF 		bl	vision_models_maxi_p_is8ou16
 553              	.LVL49:
  56:../../Middlewares/stm32-vision-models-postprocessing/lib_vision_models_pp/Src/vision_models_pp_maxi_is8.c ****       *index++ = _tmpIdx[i];
 554              		.loc 1 56 5 is_stmt 1 view .LVU154
 555              	.LBB123:
  56:../../Middlewares/stm32-vision-models-postprocessing/lib_vision_models_pp/Src/vision_models_pp_maxi_is8.c ****       *index++ = _tmpIdx[i];
 556              		.loc 1 56 11 view .LVU155
  56:../../Middlewares/stm32-vision-models-postprocessing/lib_vision_models_pp/Src/vision_models_pp_maxi_is8.c ****       *index++ = _tmpIdx[i];
 557              		.loc 1 56 11 is_stmt 0 view .LVU156
 558 00de 189B     		ldr	r3, [sp, #96]
 559              	.LVL50:
  56:../../Middlewares/stm32-vision-models-postprocessing/lib_vision_models_pp/Src/vision_models_pp_maxi_is8.c ****       *index++ = _tmpIdx[i];
 560              		.loc 1 56 11 view .LVU157
 561 00e0 04EB030E 		add	lr, r4, r3
 562 00e4 AEEB050E 		sub	lr, lr, r5
 563 00e8 0EF1010E 		add	lr, lr, #1
 564 00ec 4EF001E0 		dls	lr, lr
 565              	.LVL51:
 566              	.L11:
  56:../../Middlewares/stm32-vision-models-postprocessing/lib_vision_models_pp/Src/vision_models_pp_maxi_is8.c ****       *index++ = _tmpIdx[i];
 567              		.loc 1 56 29 is_stmt 1 discriminator 1 view .LVU158
 568 00f0 BEF1010E 		subs	lr, #1;bne	.L12
 568      00D1
 569 00f6 BCE7     		b	.L4
 570              	.L12:
  57:../../Middlewares/stm32-vision-models-postprocessing/lib_vision_models_pp/Src/vision_models_pp_maxi_is8.c ****     }
 571              		.loc 1 57 7 view .LVU159
  57:../../Middlewares/stm32-vision-models-postprocessing/lib_vision_models_pp/Src/vision_models_pp_maxi_is8.c ****     }
 572              		.loc 1 57 25 is_stmt 0 view .LVU160
 573 00f8 38F8023B 		ldrh	r3, [r8], #2
 574              	.LVL52:
  57:../../Middlewares/stm32-vision-models-postprocessing/lib_vision_models_pp/Src/vision_models_pp_maxi_is8.c ****     }
 575              		.loc 1 57 16 view .LVU161
 576 00fc 05F8013B 		strb	r3, [r5], #1
 577              	.LVL53:
ARM GAS  /tmp/ccS31Hxi.s 			page 59


  56:../../Middlewares/stm32-vision-models-postprocessing/lib_vision_models_pp/Src/vision_models_pp_maxi_is8.c ****       *index++ = _tmpIdx[i];
 578              		.loc 1 56 45 is_stmt 1 discriminator 3 view .LVU162
  56:../../Middlewares/stm32-vision-models-postprocessing/lib_vision_models_pp/Src/vision_models_pp_maxi_is8.c ****       *index++ = _tmpIdx[i];
 579              		.loc 1 56 45 is_stmt 0 discriminator 3 view .LVU163
 580 0100 F6E7     		b	.L11
 581              	.LVL54:
 582              	.L10:
  56:../../Middlewares/stm32-vision-models-postprocessing/lib_vision_models_pp/Src/vision_models_pp_maxi_is8.c ****       *index++ = _tmpIdx[i];
 583              		.loc 1 56 45 discriminator 3 view .LVU164
 584              	.LBE123:
 585              	.LBB124:
  51:../../Middlewares/stm32-vision-models-postprocessing/lib_vision_models_pp/Src/vision_models_pp_maxi_is8.c ****     }
 586              		.loc 1 51 7 is_stmt 1 view .LVU165
  51:../../Middlewares/stm32-vision-models-postprocessing/lib_vision_models_pp/Src/vision_models_pp_maxi_is8.c ****     }
 587              		.loc 1 51 25 is_stmt 0 view .LVU166
 588 0102 31F8020B 		ldrh	r0, [r1], #2
 589              	.LVL55:
  51:../../Middlewares/stm32-vision-models-postprocessing/lib_vision_models_pp/Src/vision_models_pp_maxi_is8.c ****     }
 590              		.loc 1 51 16 view .LVU167
 591 0106 02F8010B 		strb	r0, [r2], #1
 592              	.LVL56:
  50:../../Middlewares/stm32-vision-models-postprocessing/lib_vision_models_pp/Src/vision_models_pp_maxi_is8.c ****       *index++ = _tmpIdx[i];
 593              		.loc 1 50 46 is_stmt 1 discriminator 3 view .LVU168
 594 010a DCE7     		b	.L9
 595              	.LBE124:
 596              	.LBE120:
 597              		.cfi_endproc
 598              	.LFE777:
 600              		.section	.text.vision_models_maxi_tr_p_is8ou8,"ax",%progbits
 601              		.align	1
 602              		.global	vision_models_maxi_tr_p_is8ou8
 603              		.syntax unified
 604              		.thumb
 605              		.thumb_func
 607              	vision_models_maxi_tr_p_is8ou8:
 608              	.LVL57:
 609              	.LFB779:
 148:../../Middlewares/stm32-vision-models-postprocessing/lib_vision_models_pp/Src/vision_models_pp_maxi_is8.c **** 
 149:../../Middlewares/stm32-vision-models-postprocessing/lib_vision_models_pp/Src/vision_models_pp_maxi_is8.c **** 
 150:../../Middlewares/stm32-vision-models-postprocessing/lib_vision_models_pp/Src/vision_models_pp_maxi_is8.c **** 
 151:../../Middlewares/stm32-vision-models-postprocessing/lib_vision_models_pp/Src/vision_models_pp_maxi_is8.c **** /* return max value and it's index from a transposed array */
 152:../../Middlewares/stm32-vision-models-postprocessing/lib_vision_models_pp/Src/vision_models_pp_maxi_is8.c **** void vision_models_maxi_tr_p_is8ou8(int8_t *arr, uint32_t len_arr, uint32_t offset, int8_t *maxim, 
 153:../../Middlewares/stm32-vision-models-postprocessing/lib_vision_models_pp/Src/vision_models_pp_maxi_is8.c **** {
 610              		.loc 1 153 1 view -0
 611              		.cfi_startproc
 612              		@ args = 8, pretend = 0, frame = 0
 613              		@ frame_needed = 0, uses_anonymous_args = 0
 154:../../Middlewares/stm32-vision-models-postprocessing/lib_vision_models_pp/Src/vision_models_pp_maxi_is8.c ****   #ifdef VISION_MODELS_MAXI_TR_P_IS8OU8_MVE
 155:../../Middlewares/stm32-vision-models-postprocessing/lib_vision_models_pp/Src/vision_models_pp_maxi_is8.c ****   int8x16_t      s8x16_max_val = vdupq_n_s8(Q7_MIN);
 614              		.loc 1 155 3 view .LVU170
 153:../../Middlewares/stm32-vision-models-postprocessing/lib_vision_models_pp/Src/vision_models_pp_maxi_is8.c ****   #ifdef VISION_MODELS_MAXI_TR_P_IS8OU8_MVE
 615              		.loc 1 153 1 is_stmt 0 view .LVU171
 616 0000 70B5     		push	{r4, r5, r6, lr}
 617              		.cfi_def_cfa_offset 16
 618              		.cfi_offset 4, -16
 619              		.cfi_offset 5, -12
 620              		.cfi_offset 6, -8
ARM GAS  /tmp/ccS31Hxi.s 			page 60


 621              		.cfi_offset 14, -4
 622              		.loc 1 155 34 view .LVU172
 623 0002 8024     		movs	r4, #128
 624 0004 E6EE104B 		vdup.8	q3, r4
 625              	.LVL58:
 156:../../Middlewares/stm32-vision-models-postprocessing/lib_vision_models_pp/Src/vision_models_pp_maxi_is8.c ****   uint8x16_t     u8x16_max_idx = vdupq_n_u8(0);
 626              		.loc 1 156 3 is_stmt 1 view .LVU173
 627              		.loc 1 156 34 is_stmt 0 view .LVU174
 628 0008 0024     		movs	r4, #0
 153:../../Middlewares/stm32-vision-models-postprocessing/lib_vision_models_pp/Src/vision_models_pp_maxi_is8.c ****   #ifdef VISION_MODELS_MAXI_TR_P_IS8OU8_MVE
 629              		.loc 1 153 1 view .LVU175
 630 000a 2DED048B 		vpush.64	{d8, d9}
 631              		.cfi_def_cfa_offset 32
 632              		.cfi_offset 80, -32
 633              		.cfi_offset 81, -28
 634              		.cfi_offset 82, -24
 635              		.cfi_offset 83, -20
 636              		.loc 1 156 34 view .LVU176
 637 000e E4EE104B 		vdup.8	q2, r4
 638              	.LVL59:
 157:../../Middlewares/stm32-vision-models-postprocessing/lib_vision_models_pp/Src/vision_models_pp_maxi_is8.c ****   parallelize = MIN(parallelize, 16);
 639              		.loc 1 157 3 is_stmt 1 view .LVU177
 158:../../Middlewares/stm32-vision-models-postprocessing/lib_vision_models_pp/Src/vision_models_pp_maxi_is8.c ****   mve_pred16_t    p = vctp8q(parallelize);
 640              		.loc 1 158 3 view .LVU178
 641              	.LBB125:
 642              	.LBI125:
 816:/opt/st/stm32cubeide_2.1.1/plugins/com.st.stm32cube.ide.mcu.externaltools.gnu-tools-for-stm32.14.3.rel1.linux64_1.0.100.202602081740/tools/lib/gcc/arm-none-eabi/14.3.1/include/arm_mve.h **** {
 643              		.loc 2 816 1 view .LVU179
 644              	.LBB126:
 818:/opt/st/stm32cubeide_2.1.1/plugins/com.st.stm32cube.ide.mcu.externaltools.gnu-tools-for-stm32.14.3.rel1.linux64_1.0.100.202602081740/tools/lib/gcc/arm-none-eabi/14.3.1/include/arm_mve.h **** }
 645              		.loc 2 818 3 view .LVU180
 646              	.LBE126:
 647              	.LBE125:
 157:../../Middlewares/stm32-vision-models-postprocessing/lib_vision_models_pp/Src/vision_models_pp_maxi_is8.c ****   mve_pred16_t    p = vctp8q(parallelize);
 648              		.loc 1 157 15 is_stmt 0 view .LVU181
 649 0012 099C     		ldr	r4, [sp, #36]
 650              	.LBB128:
 651              	.LBB129:
 159:../../Middlewares/stm32-vision-models-postprocessing/lib_vision_models_pp/Src/vision_models_pp_maxi_is8.c **** 
 160:../../Middlewares/stm32-vision-models-postprocessing/lib_vision_models_pp/Src/vision_models_pp_maxi_is8.c ****   uint8x16_t u8x16_idx = vdupq_n_u8(0);
 161:../../Middlewares/stm32-vision-models-postprocessing/lib_vision_models_pp/Src/vision_models_pp_maxi_is8.c ****   for (uint32_t i = 0; i < len_arr; i++)
 162:../../Middlewares/stm32-vision-models-postprocessing/lib_vision_models_pp/Src/vision_models_pp_maxi_is8.c ****   {
 163:../../Middlewares/stm32-vision-models-postprocessing/lib_vision_models_pp/Src/vision_models_pp_maxi_is8.c ****     // load up to 16 int8
 164:../../Middlewares/stm32-vision-models-postprocessing/lib_vision_models_pp/Src/vision_models_pp_maxi_is8.c ****     int8x16_t s8x16_val = vld1q_z_s8(&arr[i*offset], p);
 165:../../Middlewares/stm32-vision-models-postprocessing/lib_vision_models_pp/Src/vision_models_pp_maxi_is8.c ****     // Compare according to p to create p0
 166:../../Middlewares/stm32-vision-models-postprocessing/lib_vision_models_pp/Src/vision_models_pp_maxi_is8.c ****     mve_pred16_t p0 = vcmpgtq_m_s8(s8x16_val, s8x16_max_val, p);
 167:../../Middlewares/stm32-vision-models-postprocessing/lib_vision_models_pp/Src/vision_models_pp_maxi_is8.c **** 
 168:../../Middlewares/stm32-vision-models-postprocessing/lib_vision_models_pp/Src/vision_models_pp_maxi_is8.c ****     // according to p0: update with s8x16_val or keep s8x16_blk_minmax_val
 169:../../Middlewares/stm32-vision-models-postprocessing/lib_vision_models_pp/Src/vision_models_pp_maxi_is8.c ****     s8x16_max_val = vpselq_s8(s8x16_val, s8x16_max_val, p0);
 170:../../Middlewares/stm32-vision-models-postprocessing/lib_vision_models_pp/Src/vision_models_pp_maxi_is8.c ****     /* according to p0: store per-lane extrema indexes*/
 171:../../Middlewares/stm32-vision-models-postprocessing/lib_vision_models_pp/Src/vision_models_pp_maxi_is8.c ****     u8x16_max_idx = vpselq_u8(u8x16_idx, u8x16_max_idx, p0);
 172:../../Middlewares/stm32-vision-models-postprocessing/lib_vision_models_pp/Src/vision_models_pp_maxi_is8.c ****     u8x16_idx+=1;
 652              		.loc 1 172 14 view .LVU182
 653 0014 01F1010E 		add	lr, r1, #1
 654              	.LBE129:
 655              	.LBE128:
 157:../../Middlewares/stm32-vision-models-postprocessing/lib_vision_models_pp/Src/vision_models_pp_maxi_is8.c ****   mve_pred16_t    p = vctp8q(parallelize);
ARM GAS  /tmp/ccS31Hxi.s 			page 61


 656              		.loc 1 157 15 view .LVU183
 657 0018 102C     		cmp	r4, #16
 658 001a 28BF     		it	cs
 659 001c 1024     		movcs	r4, #16
 660              	.LBB139:
 661              	.LBB127:
 818:/opt/st/stm32cubeide_2.1.1/plugins/com.st.stm32cube.ide.mcu.externaltools.gnu-tools-for-stm32.14.3.rel1.linux64_1.0.100.202602081740/tools/lib/gcc/arm-none-eabi/14.3.1/include/arm_mve.h **** }
 662              		.loc 2 818 10 view .LVU184
 663 001e 04F001E8 		vctp.8	r4
 664 0022 FDEE104A 		vmrs	r4, p0	@ movhi
 665              	.LVL60:
 818:/opt/st/stm32cubeide_2.1.1/plugins/com.st.stm32cube.ide.mcu.externaltools.gnu-tools-for-stm32.14.3.rel1.linux64_1.0.100.202602081740/tools/lib/gcc/arm-none-eabi/14.3.1/include/arm_mve.h **** }
 666              		.loc 2 818 10 view .LVU185
 667              	.LBE127:
 668              	.LBE139:
 160:../../Middlewares/stm32-vision-models-postprocessing/lib_vision_models_pp/Src/vision_models_pp_maxi_is8.c ****   for (uint32_t i = 0; i < len_arr; i++)
 669              		.loc 1 160 3 is_stmt 1 view .LVU186
 161:../../Middlewares/stm32-vision-models-postprocessing/lib_vision_models_pp/Src/vision_models_pp_maxi_is8.c ****   {
 670              		.loc 1 161 3 view .LVU187
 671              	.LBB140:
 161:../../Middlewares/stm32-vision-models-postprocessing/lib_vision_models_pp/Src/vision_models_pp_maxi_is8.c ****   {
 672              		.loc 1 161 8 view .LVU188
 161:../../Middlewares/stm32-vision-models-postprocessing/lib_vision_models_pp/Src/vision_models_pp_maxi_is8.c ****   {
 673              		.loc 1 161 8 is_stmt 0 view .LVU189
 674              	.LBE140:
 160:../../Middlewares/stm32-vision-models-postprocessing/lib_vision_models_pp/Src/vision_models_pp_maxi_is8.c ****   for (uint32_t i = 0; i < len_arr; i++)
 675              		.loc 1 160 26 view .LVU190
 676 0026 24EF5421 		vmov	q1, q2
 677              	.LBB141:
 678              	.LBB136:
 679              		.loc 1 172 14 view .LVU191
 680 002a 80EF518E 		vmov.i8	q4, #0x1  @ v16qi
 681 002e 4EF001E0 		dls	lr, lr
 682              	.LBE136:
 683              	.LBE141:
 153:../../Middlewares/stm32-vision-models-postprocessing/lib_vision_models_pp/Src/vision_models_pp_maxi_is8.c ****   #ifdef VISION_MODELS_MAXI_TR_P_IS8OU8_MVE
 684              		.loc 1 153 1 view .LVU192
 685 0032 089D     		ldr	r5, [sp, #32]
 686              	.LBB142:
 687              	.LBB137:
 688              	.LBB130:
 689              	.LBB131:
 690              	.LBB132:
1474:/opt/st/stm32cubeide_2.1.1/plugins/com.st.stm32cube.ide.mcu.externaltools.gnu-tools-for-stm32.14.3.rel1.linux64_1.0.100.202602081740/tools/lib/gcc/arm-none-eabi/14.3.1/include/arm_mve.h **** }
 691              		.loc 2 1474 10 view .LVU193
 692 0034 A6B2     		uxth	r6, r4
 693              	.LVL61:
 694              	.L14:
1474:/opt/st/stm32cubeide_2.1.1/plugins/com.st.stm32cube.ide.mcu.externaltools.gnu-tools-for-stm32.14.3.rel1.linux64_1.0.100.202602081740/tools/lib/gcc/arm-none-eabi/14.3.1/include/arm_mve.h **** }
 695              		.loc 2 1474 10 view .LVU194
 696              	.LBE132:
 697              	.LBE131:
 698              	.LBE130:
 699              	.LBE137:
 161:../../Middlewares/stm32-vision-models-postprocessing/lib_vision_models_pp/Src/vision_models_pp_maxi_is8.c ****   {
 700              		.loc 1 161 26 is_stmt 1 discriminator 1 view .LVU195
 701 0036 BEF1010E 		subs	lr, #1;bne	.L15
ARM GAS  /tmp/ccS31Hxi.s 			page 62


 701      0CD1
 161:../../Middlewares/stm32-vision-models-postprocessing/lib_vision_models_pp/Src/vision_models_pp_maxi_is8.c ****   {
 702              		.loc 1 161 26 is_stmt 0 discriminator 1 view .LVU196
 703              	.LBE142:
 173:../../Middlewares/stm32-vision-models-postprocessing/lib_vision_models_pp/Src/vision_models_pp_maxi_is8.c **** 
 174:../../Middlewares/stm32-vision-models-postprocessing/lib_vision_models_pp/Src/vision_models_pp_maxi_is8.c ****   }
 175:../../Middlewares/stm32-vision-models-postprocessing/lib_vision_models_pp/Src/vision_models_pp_maxi_is8.c ****   vstrbq_p_u8((uint8_t *)index,u8x16_max_idx,p);
 704              		.loc 1 175 3 is_stmt 1 view .LVU197
 705              	.LVL62:
 706              	.LBB143:
 707              	.LBI143:
1353:/opt/st/stm32cubeide_2.1.1/plugins/com.st.stm32cube.ide.mcu.externaltools.gnu-tools-for-stm32.14.3.rel1.linux64_1.0.100.202602081740/tools/lib/gcc/arm-none-eabi/14.3.1/include/arm_mve.h **** {
 708              		.loc 2 1353 1 view .LVU198
 709              	.LBB144:
1355:/opt/st/stm32cubeide_2.1.1/plugins/com.st.stm32cube.ide.mcu.externaltools.gnu-tools-for-stm32.14.3.rel1.linux64_1.0.100.202602081740/tools/lib/gcc/arm-none-eabi/14.3.1/include/arm_mve.h **** }
 710              		.loc 2 1355 3 view .LVU199
 711 003c EDEE104A 		vmsr	p0, r4	@ movhi
 712 0040 71FE4D0F 		vpst
 713 0044 85ED005E 		vstrbt.8	q2, [r5]
 714              	.LVL63:
1355:/opt/st/stm32cubeide_2.1.1/plugins/com.st.stm32cube.ide.mcu.externaltools.gnu-tools-for-stm32.14.3.rel1.linux64_1.0.100.202602081740/tools/lib/gcc/arm-none-eabi/14.3.1/include/arm_mve.h **** }
 715              		.loc 2 1355 3 is_stmt 0 view .LVU200
 716              	.LBE144:
 717              	.LBE143:
 176:../../Middlewares/stm32-vision-models-postprocessing/lib_vision_models_pp/Src/vision_models_pp_maxi_is8.c ****   vstrbq_p_s8((int8_t *)maxim,s8x16_max_val,p);
 718              		.loc 1 176 3 is_stmt 1 view .LVU201
 719              	.LBB145:
 720              	.LBI145:
1332:/opt/st/stm32cubeide_2.1.1/plugins/com.st.stm32cube.ide.mcu.externaltools.gnu-tools-for-stm32.14.3.rel1.linux64_1.0.100.202602081740/tools/lib/gcc/arm-none-eabi/14.3.1/include/arm_mve.h **** {
 721              		.loc 2 1332 1 view .LVU202
 722              	.LBB146:
1334:/opt/st/stm32cubeide_2.1.1/plugins/com.st.stm32cube.ide.mcu.externaltools.gnu-tools-for-stm32.14.3.rel1.linux64_1.0.100.202602081740/tools/lib/gcc/arm-none-eabi/14.3.1/include/arm_mve.h **** }
 723              		.loc 2 1334 3 view .LVU203
 724 0048 71FE4D0F 		vpst
 725 004c 83ED007E 		vstrbt.8	q3, [r3]
 726              	.LVL64:
1334:/opt/st/stm32cubeide_2.1.1/plugins/com.st.stm32cube.ide.mcu.externaltools.gnu-tools-for-stm32.14.3.rel1.linux64_1.0.100.202602081740/tools/lib/gcc/arm-none-eabi/14.3.1/include/arm_mve.h **** }
 727              		.loc 2 1334 3 is_stmt 0 view .LVU204
 728              	.LBE146:
 729              	.LBE145:
 177:../../Middlewares/stm32-vision-models-postprocessing/lib_vision_models_pp/Src/vision_models_pp_maxi_is8.c **** #else
 178:../../Middlewares/stm32-vision-models-postprocessing/lib_vision_models_pp/Src/vision_models_pp_maxi_is8.c ****   parallelize = MIN(16, parallelize);
 179:../../Middlewares/stm32-vision-models-postprocessing/lib_vision_models_pp/Src/vision_models_pp_maxi_is8.c ****   for (uint8_t k = 0; k < parallelize; k++)
 180:../../Middlewares/stm32-vision-models-postprocessing/lib_vision_models_pp/Src/vision_models_pp_maxi_is8.c ****   {
 181:../../Middlewares/stm32-vision-models-postprocessing/lib_vision_models_pp/Src/vision_models_pp_maxi_is8.c ****     *index = 0;
 182:../../Middlewares/stm32-vision-models-postprocessing/lib_vision_models_pp/Src/vision_models_pp_maxi_is8.c ****     *maxim = arr[k];
 183:../../Middlewares/stm32-vision-models-postprocessing/lib_vision_models_pp/Src/vision_models_pp_maxi_is8.c ****     for (uint32_t i = 1; i < len_arr; i++)
 184:../../Middlewares/stm32-vision-models-postprocessing/lib_vision_models_pp/Src/vision_models_pp_maxi_is8.c ****     {
 185:../../Middlewares/stm32-vision-models-postprocessing/lib_vision_models_pp/Src/vision_models_pp_maxi_is8.c ****       if (arr[k+i*offset] > *maxim)
 186:../../Middlewares/stm32-vision-models-postprocessing/lib_vision_models_pp/Src/vision_models_pp_maxi_is8.c ****       {
 187:../../Middlewares/stm32-vision-models-postprocessing/lib_vision_models_pp/Src/vision_models_pp_maxi_is8.c ****         *maxim = arr[k+i*offset];
 188:../../Middlewares/stm32-vision-models-postprocessing/lib_vision_models_pp/Src/vision_models_pp_maxi_is8.c ****         *index = i;
 189:../../Middlewares/stm32-vision-models-postprocessing/lib_vision_models_pp/Src/vision_models_pp_maxi_is8.c ****       }
 190:../../Middlewares/stm32-vision-models-postprocessing/lib_vision_models_pp/Src/vision_models_pp_maxi_is8.c ****     }
 191:../../Middlewares/stm32-vision-models-postprocessing/lib_vision_models_pp/Src/vision_models_pp_maxi_is8.c ****     maxim++;
 192:../../Middlewares/stm32-vision-models-postprocessing/lib_vision_models_pp/Src/vision_models_pp_maxi_is8.c ****     index++;
 193:../../Middlewares/stm32-vision-models-postprocessing/lib_vision_models_pp/Src/vision_models_pp_maxi_is8.c ****   }
ARM GAS  /tmp/ccS31Hxi.s 			page 63


 194:../../Middlewares/stm32-vision-models-postprocessing/lib_vision_models_pp/Src/vision_models_pp_maxi_is8.c **** #endif
 195:../../Middlewares/stm32-vision-models-postprocessing/lib_vision_models_pp/Src/vision_models_pp_maxi_is8.c **** }
 730              		.loc 1 195 1 view .LVU205
 731 0050 BDEC048B 		vldm	sp!, {d8-d9}
 732              		.cfi_remember_state
 733              		.cfi_restore 82
 734              		.cfi_restore 83
 735              		.cfi_restore 80
 736              		.cfi_restore 81
 737              		.cfi_def_cfa_offset 16
 738 0054 70BD     		pop	{r4, r5, r6, pc}
 739              	.LVL65:
 740              	.L15:
 741              		.cfi_restore_state
 742              	.LBB147:
 743              	.LBB138:
 164:../../Middlewares/stm32-vision-models-postprocessing/lib_vision_models_pp/Src/vision_models_pp_maxi_is8.c ****     // Compare according to p to create p0
 744              		.loc 1 164 5 is_stmt 1 view .LVU206
 745              	.LBB135:
 746              	.LBI130:
2444:/opt/st/stm32cubeide_2.1.1/plugins/com.st.stm32cube.ide.mcu.externaltools.gnu-tools-for-stm32.14.3.rel1.linux64_1.0.100.202602081740/tools/lib/gcc/arm-none-eabi/14.3.1/include/arm_mve.h **** }
2445:/opt/st/stm32cubeide_2.1.1/plugins/com.st.stm32cube.ide.mcu.externaltools.gnu-tools-for-stm32.14.3.rel1.linux64_1.0.100.202602081740/tools/lib/gcc/arm-none-eabi/14.3.1/include/arm_mve.h **** 
2446:/opt/st/stm32cubeide_2.1.1/plugins/com.st.stm32cube.ide.mcu.externaltools.gnu-tools-for-stm32.14.3.rel1.linux64_1.0.100.202602081740/tools/lib/gcc/arm-none-eabi/14.3.1/include/arm_mve.h **** __extension__ extern __inline uint8x16_t
2447:/opt/st/stm32cubeide_2.1.1/plugins/com.st.stm32cube.ide.mcu.externaltools.gnu-tools-for-stm32.14.3.rel1.linux64_1.0.100.202602081740/tools/lib/gcc/arm-none-eabi/14.3.1/include/arm_mve.h **** __attribute__ ((__always_inline__, __gnu_inline__, __artificial__))
2448:/opt/st/stm32cubeide_2.1.1/plugins/com.st.stm32cube.ide.mcu.externaltools.gnu-tools-for-stm32.14.3.rel1.linux64_1.0.100.202602081740/tools/lib/gcc/arm-none-eabi/14.3.1/include/arm_mve.h **** __arm_vidupq_wb_u8 (uint32_t * __a, const int __imm)
2449:/opt/st/stm32cubeide_2.1.1/plugins/com.st.stm32cube.ide.mcu.externaltools.gnu-tools-for-stm32.14.3.rel1.linux64_1.0.100.202602081740/tools/lib/gcc/arm-none-eabi/14.3.1/include/arm_mve.h **** {
2450:/opt/st/stm32cubeide_2.1.1/plugins/com.st.stm32cube.ide.mcu.externaltools.gnu-tools-for-stm32.14.3.rel1.linux64_1.0.100.202602081740/tools/lib/gcc/arm-none-eabi/14.3.1/include/arm_mve.h ****   uint8x16_t __res = __builtin_mve_vidupq_n_uv16qi (*__a, __imm);
2451:/opt/st/stm32cubeide_2.1.1/plugins/com.st.stm32cube.ide.mcu.externaltools.gnu-tools-for-stm32.14.3.rel1.linux64_1.0.100.202602081740/tools/lib/gcc/arm-none-eabi/14.3.1/include/arm_mve.h ****   *__a += __imm * 16u;
2452:/opt/st/stm32cubeide_2.1.1/plugins/com.st.stm32cube.ide.mcu.externaltools.gnu-tools-for-stm32.14.3.rel1.linux64_1.0.100.202602081740/tools/lib/gcc/arm-none-eabi/14.3.1/include/arm_mve.h ****   return __res;
2453:/opt/st/stm32cubeide_2.1.1/plugins/com.st.stm32cube.ide.mcu.externaltools.gnu-tools-for-stm32.14.3.rel1.linux64_1.0.100.202602081740/tools/lib/gcc/arm-none-eabi/14.3.1/include/arm_mve.h **** }
2454:/opt/st/stm32cubeide_2.1.1/plugins/com.st.stm32cube.ide.mcu.externaltools.gnu-tools-for-stm32.14.3.rel1.linux64_1.0.100.202602081740/tools/lib/gcc/arm-none-eabi/14.3.1/include/arm_mve.h **** 
2455:/opt/st/stm32cubeide_2.1.1/plugins/com.st.stm32cube.ide.mcu.externaltools.gnu-tools-for-stm32.14.3.rel1.linux64_1.0.100.202602081740/tools/lib/gcc/arm-none-eabi/14.3.1/include/arm_mve.h **** __extension__ extern __inline uint16x8_t
2456:/opt/st/stm32cubeide_2.1.1/plugins/com.st.stm32cube.ide.mcu.externaltools.gnu-tools-for-stm32.14.3.rel1.linux64_1.0.100.202602081740/tools/lib/gcc/arm-none-eabi/14.3.1/include/arm_mve.h **** __attribute__ ((__always_inline__, __gnu_inline__, __artificial__))
2457:/opt/st/stm32cubeide_2.1.1/plugins/com.st.stm32cube.ide.mcu.externaltools.gnu-tools-for-stm32.14.3.rel1.linux64_1.0.100.202602081740/tools/lib/gcc/arm-none-eabi/14.3.1/include/arm_mve.h **** __arm_vidupq_wb_u16 (uint32_t * __a, const int __imm)
2458:/opt/st/stm32cubeide_2.1.1/plugins/com.st.stm32cube.ide.mcu.externaltools.gnu-tools-for-stm32.14.3.rel1.linux64_1.0.100.202602081740/tools/lib/gcc/arm-none-eabi/14.3.1/include/arm_mve.h **** {
2459:/opt/st/stm32cubeide_2.1.1/plugins/com.st.stm32cube.ide.mcu.externaltools.gnu-tools-for-stm32.14.3.rel1.linux64_1.0.100.202602081740/tools/lib/gcc/arm-none-eabi/14.3.1/include/arm_mve.h ****   uint16x8_t __res = __builtin_mve_vidupq_n_uv8hi (*__a, __imm);
2460:/opt/st/stm32cubeide_2.1.1/plugins/com.st.stm32cube.ide.mcu.externaltools.gnu-tools-for-stm32.14.3.rel1.linux64_1.0.100.202602081740/tools/lib/gcc/arm-none-eabi/14.3.1/include/arm_mve.h ****   *__a += __imm * 8u;
2461:/opt/st/stm32cubeide_2.1.1/plugins/com.st.stm32cube.ide.mcu.externaltools.gnu-tools-for-stm32.14.3.rel1.linux64_1.0.100.202602081740/tools/lib/gcc/arm-none-eabi/14.3.1/include/arm_mve.h ****   return __res;
2462:/opt/st/stm32cubeide_2.1.1/plugins/com.st.stm32cube.ide.mcu.externaltools.gnu-tools-for-stm32.14.3.rel1.linux64_1.0.100.202602081740/tools/lib/gcc/arm-none-eabi/14.3.1/include/arm_mve.h **** }
2463:/opt/st/stm32cubeide_2.1.1/plugins/com.st.stm32cube.ide.mcu.externaltools.gnu-tools-for-stm32.14.3.rel1.linux64_1.0.100.202602081740/tools/lib/gcc/arm-none-eabi/14.3.1/include/arm_mve.h **** 
2464:/opt/st/stm32cubeide_2.1.1/plugins/com.st.stm32cube.ide.mcu.externaltools.gnu-tools-for-stm32.14.3.rel1.linux64_1.0.100.202602081740/tools/lib/gcc/arm-none-eabi/14.3.1/include/arm_mve.h **** __extension__ extern __inline uint32x4_t
2465:/opt/st/stm32cubeide_2.1.1/plugins/com.st.stm32cube.ide.mcu.externaltools.gnu-tools-for-stm32.14.3.rel1.linux64_1.0.100.202602081740/tools/lib/gcc/arm-none-eabi/14.3.1/include/arm_mve.h **** __attribute__ ((__always_inline__, __gnu_inline__, __artificial__))
2466:/opt/st/stm32cubeide_2.1.1/plugins/com.st.stm32cube.ide.mcu.externaltools.gnu-tools-for-stm32.14.3.rel1.linux64_1.0.100.202602081740/tools/lib/gcc/arm-none-eabi/14.3.1/include/arm_mve.h **** __arm_vidupq_wb_u32 (uint32_t * __a, const int __imm)
2467:/opt/st/stm32cubeide_2.1.1/plugins/com.st.stm32cube.ide.mcu.externaltools.gnu-tools-for-stm32.14.3.rel1.linux64_1.0.100.202602081740/tools/lib/gcc/arm-none-eabi/14.3.1/include/arm_mve.h **** {
2468:/opt/st/stm32cubeide_2.1.1/plugins/com.st.stm32cube.ide.mcu.externaltools.gnu-tools-for-stm32.14.3.rel1.linux64_1.0.100.202602081740/tools/lib/gcc/arm-none-eabi/14.3.1/include/arm_mve.h ****   uint32x4_t __res = __builtin_mve_vidupq_n_uv4si (*__a, __imm);
2469:/opt/st/stm32cubeide_2.1.1/plugins/com.st.stm32cube.ide.mcu.externaltools.gnu-tools-for-stm32.14.3.rel1.linux64_1.0.100.202602081740/tools/lib/gcc/arm-none-eabi/14.3.1/include/arm_mve.h ****   *__a += __imm * 4u;
2470:/opt/st/stm32cubeide_2.1.1/plugins/com.st.stm32cube.ide.mcu.externaltools.gnu-tools-for-stm32.14.3.rel1.linux64_1.0.100.202602081740/tools/lib/gcc/arm-none-eabi/14.3.1/include/arm_mve.h ****   return __res;
2471:/opt/st/stm32cubeide_2.1.1/plugins/com.st.stm32cube.ide.mcu.externaltools.gnu-tools-for-stm32.14.3.rel1.linux64_1.0.100.202602081740/tools/lib/gcc/arm-none-eabi/14.3.1/include/arm_mve.h **** }
2472:/opt/st/stm32cubeide_2.1.1/plugins/com.st.stm32cube.ide.mcu.externaltools.gnu-tools-for-stm32.14.3.rel1.linux64_1.0.100.202602081740/tools/lib/gcc/arm-none-eabi/14.3.1/include/arm_mve.h **** 
2473:/opt/st/stm32cubeide_2.1.1/plugins/com.st.stm32cube.ide.mcu.externaltools.gnu-tools-for-stm32.14.3.rel1.linux64_1.0.100.202602081740/tools/lib/gcc/arm-none-eabi/14.3.1/include/arm_mve.h **** __extension__ extern __inline uint8x16_t
2474:/opt/st/stm32cubeide_2.1.1/plugins/com.st.stm32cube.ide.mcu.externaltools.gnu-tools-for-stm32.14.3.rel1.linux64_1.0.100.202602081740/tools/lib/gcc/arm-none-eabi/14.3.1/include/arm_mve.h **** __attribute__ ((__always_inline__, __gnu_inline__, __artificial__))
2475:/opt/st/stm32cubeide_2.1.1/plugins/com.st.stm32cube.ide.mcu.externaltools.gnu-tools-for-stm32.14.3.rel1.linux64_1.0.100.202602081740/tools/lib/gcc/arm-none-eabi/14.3.1/include/arm_mve.h **** __arm_vddupq_wb_u8 (uint32_t * __a, const int __imm)
2476:/opt/st/stm32cubeide_2.1.1/plugins/com.st.stm32cube.ide.mcu.externaltools.gnu-tools-for-stm32.14.3.rel1.linux64_1.0.100.202602081740/tools/lib/gcc/arm-none-eabi/14.3.1/include/arm_mve.h **** {
2477:/opt/st/stm32cubeide_2.1.1/plugins/com.st.stm32cube.ide.mcu.externaltools.gnu-tools-for-stm32.14.3.rel1.linux64_1.0.100.202602081740/tools/lib/gcc/arm-none-eabi/14.3.1/include/arm_mve.h ****   uint8x16_t __res = __builtin_mve_vddupq_n_uv16qi (*__a, __imm);
2478:/opt/st/stm32cubeide_2.1.1/plugins/com.st.stm32cube.ide.mcu.externaltools.gnu-tools-for-stm32.14.3.rel1.linux64_1.0.100.202602081740/tools/lib/gcc/arm-none-eabi/14.3.1/include/arm_mve.h ****   *__a -= __imm * 16u;
2479:/opt/st/stm32cubeide_2.1.1/plugins/com.st.stm32cube.ide.mcu.externaltools.gnu-tools-for-stm32.14.3.rel1.linux64_1.0.100.202602081740/tools/lib/gcc/arm-none-eabi/14.3.1/include/arm_mve.h ****   return __res;
2480:/opt/st/stm32cubeide_2.1.1/plugins/com.st.stm32cube.ide.mcu.externaltools.gnu-tools-for-stm32.14.3.rel1.linux64_1.0.100.202602081740/tools/lib/gcc/arm-none-eabi/14.3.1/include/arm_mve.h **** }
ARM GAS  /tmp/ccS31Hxi.s 			page 64


2481:/opt/st/stm32cubeide_2.1.1/plugins/com.st.stm32cube.ide.mcu.externaltools.gnu-tools-for-stm32.14.3.rel1.linux64_1.0.100.202602081740/tools/lib/gcc/arm-none-eabi/14.3.1/include/arm_mve.h **** 
2482:/opt/st/stm32cubeide_2.1.1/plugins/com.st.stm32cube.ide.mcu.externaltools.gnu-tools-for-stm32.14.3.rel1.linux64_1.0.100.202602081740/tools/lib/gcc/arm-none-eabi/14.3.1/include/arm_mve.h **** __extension__ extern __inline uint16x8_t
2483:/opt/st/stm32cubeide_2.1.1/plugins/com.st.stm32cube.ide.mcu.externaltools.gnu-tools-for-stm32.14.3.rel1.linux64_1.0.100.202602081740/tools/lib/gcc/arm-none-eabi/14.3.1/include/arm_mve.h **** __attribute__ ((__always_inline__, __gnu_inline__, __artificial__))
2484:/opt/st/stm32cubeide_2.1.1/plugins/com.st.stm32cube.ide.mcu.externaltools.gnu-tools-for-stm32.14.3.rel1.linux64_1.0.100.202602081740/tools/lib/gcc/arm-none-eabi/14.3.1/include/arm_mve.h **** __arm_vddupq_wb_u16 (uint32_t * __a, const int __imm)
2485:/opt/st/stm32cubeide_2.1.1/plugins/com.st.stm32cube.ide.mcu.externaltools.gnu-tools-for-stm32.14.3.rel1.linux64_1.0.100.202602081740/tools/lib/gcc/arm-none-eabi/14.3.1/include/arm_mve.h **** {
2486:/opt/st/stm32cubeide_2.1.1/plugins/com.st.stm32cube.ide.mcu.externaltools.gnu-tools-for-stm32.14.3.rel1.linux64_1.0.100.202602081740/tools/lib/gcc/arm-none-eabi/14.3.1/include/arm_mve.h ****   uint16x8_t __res = __builtin_mve_vddupq_n_uv8hi (*__a, __imm);
2487:/opt/st/stm32cubeide_2.1.1/plugins/com.st.stm32cube.ide.mcu.externaltools.gnu-tools-for-stm32.14.3.rel1.linux64_1.0.100.202602081740/tools/lib/gcc/arm-none-eabi/14.3.1/include/arm_mve.h ****   *__a -= __imm * 8u;
2488:/opt/st/stm32cubeide_2.1.1/plugins/com.st.stm32cube.ide.mcu.externaltools.gnu-tools-for-stm32.14.3.rel1.linux64_1.0.100.202602081740/tools/lib/gcc/arm-none-eabi/14.3.1/include/arm_mve.h ****   return __res;
2489:/opt/st/stm32cubeide_2.1.1/plugins/com.st.stm32cube.ide.mcu.externaltools.gnu-tools-for-stm32.14.3.rel1.linux64_1.0.100.202602081740/tools/lib/gcc/arm-none-eabi/14.3.1/include/arm_mve.h **** }
2490:/opt/st/stm32cubeide_2.1.1/plugins/com.st.stm32cube.ide.mcu.externaltools.gnu-tools-for-stm32.14.3.rel1.linux64_1.0.100.202602081740/tools/lib/gcc/arm-none-eabi/14.3.1/include/arm_mve.h **** 
2491:/opt/st/stm32cubeide_2.1.1/plugins/com.st.stm32cube.ide.mcu.externaltools.gnu-tools-for-stm32.14.3.rel1.linux64_1.0.100.202602081740/tools/lib/gcc/arm-none-eabi/14.3.1/include/arm_mve.h **** __extension__ extern __inline uint32x4_t
2492:/opt/st/stm32cubeide_2.1.1/plugins/com.st.stm32cube.ide.mcu.externaltools.gnu-tools-for-stm32.14.3.rel1.linux64_1.0.100.202602081740/tools/lib/gcc/arm-none-eabi/14.3.1/include/arm_mve.h **** __attribute__ ((__always_inline__, __gnu_inline__, __artificial__))
2493:/opt/st/stm32cubeide_2.1.1/plugins/com.st.stm32cube.ide.mcu.externaltools.gnu-tools-for-stm32.14.3.rel1.linux64_1.0.100.202602081740/tools/lib/gcc/arm-none-eabi/14.3.1/include/arm_mve.h **** __arm_vddupq_wb_u32 (uint32_t * __a, const int __imm)
2494:/opt/st/stm32cubeide_2.1.1/plugins/com.st.stm32cube.ide.mcu.externaltools.gnu-tools-for-stm32.14.3.rel1.linux64_1.0.100.202602081740/tools/lib/gcc/arm-none-eabi/14.3.1/include/arm_mve.h **** {
2495:/opt/st/stm32cubeide_2.1.1/plugins/com.st.stm32cube.ide.mcu.externaltools.gnu-tools-for-stm32.14.3.rel1.linux64_1.0.100.202602081740/tools/lib/gcc/arm-none-eabi/14.3.1/include/arm_mve.h ****   uint32x4_t __res = __builtin_mve_vddupq_n_uv4si (*__a, __imm);
2496:/opt/st/stm32cubeide_2.1.1/plugins/com.st.stm32cube.ide.mcu.externaltools.gnu-tools-for-stm32.14.3.rel1.linux64_1.0.100.202602081740/tools/lib/gcc/arm-none-eabi/14.3.1/include/arm_mve.h ****   *__a -= __imm * 4u;
2497:/opt/st/stm32cubeide_2.1.1/plugins/com.st.stm32cube.ide.mcu.externaltools.gnu-tools-for-stm32.14.3.rel1.linux64_1.0.100.202602081740/tools/lib/gcc/arm-none-eabi/14.3.1/include/arm_mve.h ****   return __res;
2498:/opt/st/stm32cubeide_2.1.1/plugins/com.st.stm32cube.ide.mcu.externaltools.gnu-tools-for-stm32.14.3.rel1.linux64_1.0.100.202602081740/tools/lib/gcc/arm-none-eabi/14.3.1/include/arm_mve.h **** }
2499:/opt/st/stm32cubeide_2.1.1/plugins/com.st.stm32cube.ide.mcu.externaltools.gnu-tools-for-stm32.14.3.rel1.linux64_1.0.100.202602081740/tools/lib/gcc/arm-none-eabi/14.3.1/include/arm_mve.h **** 
2500:/opt/st/stm32cubeide_2.1.1/plugins/com.st.stm32cube.ide.mcu.externaltools.gnu-tools-for-stm32.14.3.rel1.linux64_1.0.100.202602081740/tools/lib/gcc/arm-none-eabi/14.3.1/include/arm_mve.h **** __extension__ extern __inline uint8x16_t
2501:/opt/st/stm32cubeide_2.1.1/plugins/com.st.stm32cube.ide.mcu.externaltools.gnu-tools-for-stm32.14.3.rel1.linux64_1.0.100.202602081740/tools/lib/gcc/arm-none-eabi/14.3.1/include/arm_mve.h **** __attribute__ ((__always_inline__, __gnu_inline__, __artificial__))
2502:/opt/st/stm32cubeide_2.1.1/plugins/com.st.stm32cube.ide.mcu.externaltools.gnu-tools-for-stm32.14.3.rel1.linux64_1.0.100.202602081740/tools/lib/gcc/arm-none-eabi/14.3.1/include/arm_mve.h **** __arm_viwdupq_m_n_u8 (uint8x16_t __inactive, uint32_t __a, uint32_t __b, const int __imm, mve_pred1
2503:/opt/st/stm32cubeide_2.1.1/plugins/com.st.stm32cube.ide.mcu.externaltools.gnu-tools-for-stm32.14.3.rel1.linux64_1.0.100.202602081740/tools/lib/gcc/arm-none-eabi/14.3.1/include/arm_mve.h **** {
2504:/opt/st/stm32cubeide_2.1.1/plugins/com.st.stm32cube.ide.mcu.externaltools.gnu-tools-for-stm32.14.3.rel1.linux64_1.0.100.202602081740/tools/lib/gcc/arm-none-eabi/14.3.1/include/arm_mve.h ****   uint64_t __c = ((uint64_t) __b) << 32;
2505:/opt/st/stm32cubeide_2.1.1/plugins/com.st.stm32cube.ide.mcu.externaltools.gnu-tools-for-stm32.14.3.rel1.linux64_1.0.100.202602081740/tools/lib/gcc/arm-none-eabi/14.3.1/include/arm_mve.h ****   return __builtin_mve_viwdupq_m_n_uv16qi (__inactive, __a, __c, __imm, __p);
2506:/opt/st/stm32cubeide_2.1.1/plugins/com.st.stm32cube.ide.mcu.externaltools.gnu-tools-for-stm32.14.3.rel1.linux64_1.0.100.202602081740/tools/lib/gcc/arm-none-eabi/14.3.1/include/arm_mve.h **** }
2507:/opt/st/stm32cubeide_2.1.1/plugins/com.st.stm32cube.ide.mcu.externaltools.gnu-tools-for-stm32.14.3.rel1.linux64_1.0.100.202602081740/tools/lib/gcc/arm-none-eabi/14.3.1/include/arm_mve.h **** 
2508:/opt/st/stm32cubeide_2.1.1/plugins/com.st.stm32cube.ide.mcu.externaltools.gnu-tools-for-stm32.14.3.rel1.linux64_1.0.100.202602081740/tools/lib/gcc/arm-none-eabi/14.3.1/include/arm_mve.h **** __extension__ extern __inline uint32x4_t
2509:/opt/st/stm32cubeide_2.1.1/plugins/com.st.stm32cube.ide.mcu.externaltools.gnu-tools-for-stm32.14.3.rel1.linux64_1.0.100.202602081740/tools/lib/gcc/arm-none-eabi/14.3.1/include/arm_mve.h **** __attribute__ ((__always_inline__, __gnu_inline__, __artificial__))
2510:/opt/st/stm32cubeide_2.1.1/plugins/com.st.stm32cube.ide.mcu.externaltools.gnu-tools-for-stm32.14.3.rel1.linux64_1.0.100.202602081740/tools/lib/gcc/arm-none-eabi/14.3.1/include/arm_mve.h **** __arm_viwdupq_m_n_u32 (uint32x4_t __inactive, uint32_t __a, uint32_t __b, const int __imm, mve_pred
2511:/opt/st/stm32cubeide_2.1.1/plugins/com.st.stm32cube.ide.mcu.externaltools.gnu-tools-for-stm32.14.3.rel1.linux64_1.0.100.202602081740/tools/lib/gcc/arm-none-eabi/14.3.1/include/arm_mve.h **** {
2512:/opt/st/stm32cubeide_2.1.1/plugins/com.st.stm32cube.ide.mcu.externaltools.gnu-tools-for-stm32.14.3.rel1.linux64_1.0.100.202602081740/tools/lib/gcc/arm-none-eabi/14.3.1/include/arm_mve.h ****   uint64_t __c = ((uint64_t) __b) << 32;
2513:/opt/st/stm32cubeide_2.1.1/plugins/com.st.stm32cube.ide.mcu.externaltools.gnu-tools-for-stm32.14.3.rel1.linux64_1.0.100.202602081740/tools/lib/gcc/arm-none-eabi/14.3.1/include/arm_mve.h ****   return __builtin_mve_viwdupq_m_n_uv4si (__inactive, __a, __c, __imm, __p);
2514:/opt/st/stm32cubeide_2.1.1/plugins/com.st.stm32cube.ide.mcu.externaltools.gnu-tools-for-stm32.14.3.rel1.linux64_1.0.100.202602081740/tools/lib/gcc/arm-none-eabi/14.3.1/include/arm_mve.h **** }
2515:/opt/st/stm32cubeide_2.1.1/plugins/com.st.stm32cube.ide.mcu.externaltools.gnu-tools-for-stm32.14.3.rel1.linux64_1.0.100.202602081740/tools/lib/gcc/arm-none-eabi/14.3.1/include/arm_mve.h **** 
2516:/opt/st/stm32cubeide_2.1.1/plugins/com.st.stm32cube.ide.mcu.externaltools.gnu-tools-for-stm32.14.3.rel1.linux64_1.0.100.202602081740/tools/lib/gcc/arm-none-eabi/14.3.1/include/arm_mve.h **** __extension__ extern __inline uint16x8_t
2517:/opt/st/stm32cubeide_2.1.1/plugins/com.st.stm32cube.ide.mcu.externaltools.gnu-tools-for-stm32.14.3.rel1.linux64_1.0.100.202602081740/tools/lib/gcc/arm-none-eabi/14.3.1/include/arm_mve.h **** __attribute__ ((__always_inline__, __gnu_inline__, __artificial__))
2518:/opt/st/stm32cubeide_2.1.1/plugins/com.st.stm32cube.ide.mcu.externaltools.gnu-tools-for-stm32.14.3.rel1.linux64_1.0.100.202602081740/tools/lib/gcc/arm-none-eabi/14.3.1/include/arm_mve.h **** __arm_viwdupq_m_n_u16 (uint16x8_t __inactive, uint32_t __a, uint32_t __b, const int __imm, mve_pred
2519:/opt/st/stm32cubeide_2.1.1/plugins/com.st.stm32cube.ide.mcu.externaltools.gnu-tools-for-stm32.14.3.rel1.linux64_1.0.100.202602081740/tools/lib/gcc/arm-none-eabi/14.3.1/include/arm_mve.h **** {
2520:/opt/st/stm32cubeide_2.1.1/plugins/com.st.stm32cube.ide.mcu.externaltools.gnu-tools-for-stm32.14.3.rel1.linux64_1.0.100.202602081740/tools/lib/gcc/arm-none-eabi/14.3.1/include/arm_mve.h ****   uint64_t __c = ((uint64_t) __b) << 32;
2521:/opt/st/stm32cubeide_2.1.1/plugins/com.st.stm32cube.ide.mcu.externaltools.gnu-tools-for-stm32.14.3.rel1.linux64_1.0.100.202602081740/tools/lib/gcc/arm-none-eabi/14.3.1/include/arm_mve.h ****   return __builtin_mve_viwdupq_m_n_uv8hi (__inactive, __a, __c, __imm, __p);
2522:/opt/st/stm32cubeide_2.1.1/plugins/com.st.stm32cube.ide.mcu.externaltools.gnu-tools-for-stm32.14.3.rel1.linux64_1.0.100.202602081740/tools/lib/gcc/arm-none-eabi/14.3.1/include/arm_mve.h **** }
2523:/opt/st/stm32cubeide_2.1.1/plugins/com.st.stm32cube.ide.mcu.externaltools.gnu-tools-for-stm32.14.3.rel1.linux64_1.0.100.202602081740/tools/lib/gcc/arm-none-eabi/14.3.1/include/arm_mve.h **** 
2524:/opt/st/stm32cubeide_2.1.1/plugins/com.st.stm32cube.ide.mcu.externaltools.gnu-tools-for-stm32.14.3.rel1.linux64_1.0.100.202602081740/tools/lib/gcc/arm-none-eabi/14.3.1/include/arm_mve.h **** __extension__ extern __inline uint8x16_t
2525:/opt/st/stm32cubeide_2.1.1/plugins/com.st.stm32cube.ide.mcu.externaltools.gnu-tools-for-stm32.14.3.rel1.linux64_1.0.100.202602081740/tools/lib/gcc/arm-none-eabi/14.3.1/include/arm_mve.h **** __attribute__ ((__always_inline__, __gnu_inline__, __artificial__))
2526:/opt/st/stm32cubeide_2.1.1/plugins/com.st.stm32cube.ide.mcu.externaltools.gnu-tools-for-stm32.14.3.rel1.linux64_1.0.100.202602081740/tools/lib/gcc/arm-none-eabi/14.3.1/include/arm_mve.h **** __arm_viwdupq_m_wb_u8 (uint8x16_t __inactive, uint32_t * __a, uint32_t __b, const int __imm, mve_pr
2527:/opt/st/stm32cubeide_2.1.1/plugins/com.st.stm32cube.ide.mcu.externaltools.gnu-tools-for-stm32.14.3.rel1.linux64_1.0.100.202602081740/tools/lib/gcc/arm-none-eabi/14.3.1/include/arm_mve.h **** {
2528:/opt/st/stm32cubeide_2.1.1/plugins/com.st.stm32cube.ide.mcu.externaltools.gnu-tools-for-stm32.14.3.rel1.linux64_1.0.100.202602081740/tools/lib/gcc/arm-none-eabi/14.3.1/include/arm_mve.h ****   uint64_t __c = ((uint64_t) __b) << 32;
2529:/opt/st/stm32cubeide_2.1.1/plugins/com.st.stm32cube.ide.mcu.externaltools.gnu-tools-for-stm32.14.3.rel1.linux64_1.0.100.202602081740/tools/lib/gcc/arm-none-eabi/14.3.1/include/arm_mve.h ****   uint8x16_t __res = __builtin_mve_viwdupq_m_n_uv16qi (__inactive, *__a, __c, __imm, __p);
2530:/opt/st/stm32cubeide_2.1.1/plugins/com.st.stm32cube.ide.mcu.externaltools.gnu-tools-for-stm32.14.3.rel1.linux64_1.0.100.202602081740/tools/lib/gcc/arm-none-eabi/14.3.1/include/arm_mve.h ****   *__a =  __builtin_mve_viwdupq_m_wb_uv16qi (__inactive, *__a, __c, __imm, __p);
2531:/opt/st/stm32cubeide_2.1.1/plugins/com.st.stm32cube.ide.mcu.externaltools.gnu-tools-for-stm32.14.3.rel1.linux64_1.0.100.202602081740/tools/lib/gcc/arm-none-eabi/14.3.1/include/arm_mve.h ****   return __res;
2532:/opt/st/stm32cubeide_2.1.1/plugins/com.st.stm32cube.ide.mcu.externaltools.gnu-tools-for-stm32.14.3.rel1.linux64_1.0.100.202602081740/tools/lib/gcc/arm-none-eabi/14.3.1/include/arm_mve.h **** }
2533:/opt/st/stm32cubeide_2.1.1/plugins/com.st.stm32cube.ide.mcu.externaltools.gnu-tools-for-stm32.14.3.rel1.linux64_1.0.100.202602081740/tools/lib/gcc/arm-none-eabi/14.3.1/include/arm_mve.h **** 
2534:/opt/st/stm32cubeide_2.1.1/plugins/com.st.stm32cube.ide.mcu.externaltools.gnu-tools-for-stm32.14.3.rel1.linux64_1.0.100.202602081740/tools/lib/gcc/arm-none-eabi/14.3.1/include/arm_mve.h **** __extension__ extern __inline uint32x4_t
2535:/opt/st/stm32cubeide_2.1.1/plugins/com.st.stm32cube.ide.mcu.externaltools.gnu-tools-for-stm32.14.3.rel1.linux64_1.0.100.202602081740/tools/lib/gcc/arm-none-eabi/14.3.1/include/arm_mve.h **** __attribute__ ((__always_inline__, __gnu_inline__, __artificial__))
2536:/opt/st/stm32cubeide_2.1.1/plugins/com.st.stm32cube.ide.mcu.externaltools.gnu-tools-for-stm32.14.3.rel1.linux64_1.0.100.202602081740/tools/lib/gcc/arm-none-eabi/14.3.1/include/arm_mve.h **** __arm_viwdupq_m_wb_u32 (uint32x4_t __inactive, uint32_t * __a, uint32_t __b, const int __imm, mve_p
2537:/opt/st/stm32cubeide_2.1.1/plugins/com.st.stm32cube.ide.mcu.externaltools.gnu-tools-for-stm32.14.3.rel1.linux64_1.0.100.202602081740/tools/lib/gcc/arm-none-eabi/14.3.1/include/arm_mve.h **** {
ARM GAS  /tmp/ccS31Hxi.s 			page 65


2538:/opt/st/stm32cubeide_2.1.1/plugins/com.st.stm32cube.ide.mcu.externaltools.gnu-tools-for-stm32.14.3.rel1.linux64_1.0.100.202602081740/tools/lib/gcc/arm-none-eabi/14.3.1/include/arm_mve.h ****   uint64_t __c = ((uint64_t) __b) << 32;
2539:/opt/st/stm32cubeide_2.1.1/plugins/com.st.stm32cube.ide.mcu.externaltools.gnu-tools-for-stm32.14.3.rel1.linux64_1.0.100.202602081740/tools/lib/gcc/arm-none-eabi/14.3.1/include/arm_mve.h ****   uint32x4_t __res = __builtin_mve_viwdupq_m_n_uv4si (__inactive, *__a, __c, __imm, __p);
2540:/opt/st/stm32cubeide_2.1.1/plugins/com.st.stm32cube.ide.mcu.externaltools.gnu-tools-for-stm32.14.3.rel1.linux64_1.0.100.202602081740/tools/lib/gcc/arm-none-eabi/14.3.1/include/arm_mve.h ****   *__a =  __builtin_mve_viwdupq_m_wb_uv4si (__inactive, *__a, __c, __imm, __p);
2541:/opt/st/stm32cubeide_2.1.1/plugins/com.st.stm32cube.ide.mcu.externaltools.gnu-tools-for-stm32.14.3.rel1.linux64_1.0.100.202602081740/tools/lib/gcc/arm-none-eabi/14.3.1/include/arm_mve.h ****   return __res;
2542:/opt/st/stm32cubeide_2.1.1/plugins/com.st.stm32cube.ide.mcu.externaltools.gnu-tools-for-stm32.14.3.rel1.linux64_1.0.100.202602081740/tools/lib/gcc/arm-none-eabi/14.3.1/include/arm_mve.h **** }
2543:/opt/st/stm32cubeide_2.1.1/plugins/com.st.stm32cube.ide.mcu.externaltools.gnu-tools-for-stm32.14.3.rel1.linux64_1.0.100.202602081740/tools/lib/gcc/arm-none-eabi/14.3.1/include/arm_mve.h **** 
2544:/opt/st/stm32cubeide_2.1.1/plugins/com.st.stm32cube.ide.mcu.externaltools.gnu-tools-for-stm32.14.3.rel1.linux64_1.0.100.202602081740/tools/lib/gcc/arm-none-eabi/14.3.1/include/arm_mve.h **** __extension__ extern __inline uint16x8_t
2545:/opt/st/stm32cubeide_2.1.1/plugins/com.st.stm32cube.ide.mcu.externaltools.gnu-tools-for-stm32.14.3.rel1.linux64_1.0.100.202602081740/tools/lib/gcc/arm-none-eabi/14.3.1/include/arm_mve.h **** __attribute__ ((__always_inline__, __gnu_inline__, __artificial__))
2546:/opt/st/stm32cubeide_2.1.1/plugins/com.st.stm32cube.ide.mcu.externaltools.gnu-tools-for-stm32.14.3.rel1.linux64_1.0.100.202602081740/tools/lib/gcc/arm-none-eabi/14.3.1/include/arm_mve.h **** __arm_viwdupq_m_wb_u16 (uint16x8_t __inactive, uint32_t * __a, uint32_t __b, const int __imm, mve_p
2547:/opt/st/stm32cubeide_2.1.1/plugins/com.st.stm32cube.ide.mcu.externaltools.gnu-tools-for-stm32.14.3.rel1.linux64_1.0.100.202602081740/tools/lib/gcc/arm-none-eabi/14.3.1/include/arm_mve.h **** {
2548:/opt/st/stm32cubeide_2.1.1/plugins/com.st.stm32cube.ide.mcu.externaltools.gnu-tools-for-stm32.14.3.rel1.linux64_1.0.100.202602081740/tools/lib/gcc/arm-none-eabi/14.3.1/include/arm_mve.h ****   uint64_t __c = ((uint64_t) __b) << 32;
2549:/opt/st/stm32cubeide_2.1.1/plugins/com.st.stm32cube.ide.mcu.externaltools.gnu-tools-for-stm32.14.3.rel1.linux64_1.0.100.202602081740/tools/lib/gcc/arm-none-eabi/14.3.1/include/arm_mve.h ****   uint16x8_t __res = __builtin_mve_viwdupq_m_n_uv8hi (__inactive, *__a, __c, __imm, __p);
2550:/opt/st/stm32cubeide_2.1.1/plugins/com.st.stm32cube.ide.mcu.externaltools.gnu-tools-for-stm32.14.3.rel1.linux64_1.0.100.202602081740/tools/lib/gcc/arm-none-eabi/14.3.1/include/arm_mve.h ****   *__a =  __builtin_mve_viwdupq_m_wb_uv8hi (__inactive, *__a, __c, __imm, __p);
2551:/opt/st/stm32cubeide_2.1.1/plugins/com.st.stm32cube.ide.mcu.externaltools.gnu-tools-for-stm32.14.3.rel1.linux64_1.0.100.202602081740/tools/lib/gcc/arm-none-eabi/14.3.1/include/arm_mve.h ****   return __res;
2552:/opt/st/stm32cubeide_2.1.1/plugins/com.st.stm32cube.ide.mcu.externaltools.gnu-tools-for-stm32.14.3.rel1.linux64_1.0.100.202602081740/tools/lib/gcc/arm-none-eabi/14.3.1/include/arm_mve.h **** }
2553:/opt/st/stm32cubeide_2.1.1/plugins/com.st.stm32cube.ide.mcu.externaltools.gnu-tools-for-stm32.14.3.rel1.linux64_1.0.100.202602081740/tools/lib/gcc/arm-none-eabi/14.3.1/include/arm_mve.h **** 
2554:/opt/st/stm32cubeide_2.1.1/plugins/com.st.stm32cube.ide.mcu.externaltools.gnu-tools-for-stm32.14.3.rel1.linux64_1.0.100.202602081740/tools/lib/gcc/arm-none-eabi/14.3.1/include/arm_mve.h **** __extension__ extern __inline uint8x16_t
2555:/opt/st/stm32cubeide_2.1.1/plugins/com.st.stm32cube.ide.mcu.externaltools.gnu-tools-for-stm32.14.3.rel1.linux64_1.0.100.202602081740/tools/lib/gcc/arm-none-eabi/14.3.1/include/arm_mve.h **** __attribute__ ((__always_inline__, __gnu_inline__, __artificial__))
2556:/opt/st/stm32cubeide_2.1.1/plugins/com.st.stm32cube.ide.mcu.externaltools.gnu-tools-for-stm32.14.3.rel1.linux64_1.0.100.202602081740/tools/lib/gcc/arm-none-eabi/14.3.1/include/arm_mve.h **** __arm_viwdupq_n_u8 (uint32_t __a, uint32_t __b, const int __imm)
2557:/opt/st/stm32cubeide_2.1.1/plugins/com.st.stm32cube.ide.mcu.externaltools.gnu-tools-for-stm32.14.3.rel1.linux64_1.0.100.202602081740/tools/lib/gcc/arm-none-eabi/14.3.1/include/arm_mve.h **** {
2558:/opt/st/stm32cubeide_2.1.1/plugins/com.st.stm32cube.ide.mcu.externaltools.gnu-tools-for-stm32.14.3.rel1.linux64_1.0.100.202602081740/tools/lib/gcc/arm-none-eabi/14.3.1/include/arm_mve.h ****   uint64_t __c = ((uint64_t) __b) << 32;
2559:/opt/st/stm32cubeide_2.1.1/plugins/com.st.stm32cube.ide.mcu.externaltools.gnu-tools-for-stm32.14.3.rel1.linux64_1.0.100.202602081740/tools/lib/gcc/arm-none-eabi/14.3.1/include/arm_mve.h ****   return __builtin_mve_viwdupq_n_uv16qi (__a, __c, __imm);
2560:/opt/st/stm32cubeide_2.1.1/plugins/com.st.stm32cube.ide.mcu.externaltools.gnu-tools-for-stm32.14.3.rel1.linux64_1.0.100.202602081740/tools/lib/gcc/arm-none-eabi/14.3.1/include/arm_mve.h **** }
2561:/opt/st/stm32cubeide_2.1.1/plugins/com.st.stm32cube.ide.mcu.externaltools.gnu-tools-for-stm32.14.3.rel1.linux64_1.0.100.202602081740/tools/lib/gcc/arm-none-eabi/14.3.1/include/arm_mve.h **** 
2562:/opt/st/stm32cubeide_2.1.1/plugins/com.st.stm32cube.ide.mcu.externaltools.gnu-tools-for-stm32.14.3.rel1.linux64_1.0.100.202602081740/tools/lib/gcc/arm-none-eabi/14.3.1/include/arm_mve.h **** __extension__ extern __inline uint32x4_t
2563:/opt/st/stm32cubeide_2.1.1/plugins/com.st.stm32cube.ide.mcu.externaltools.gnu-tools-for-stm32.14.3.rel1.linux64_1.0.100.202602081740/tools/lib/gcc/arm-none-eabi/14.3.1/include/arm_mve.h **** __attribute__ ((__always_inline__, __gnu_inline__, __artificial__))
2564:/opt/st/stm32cubeide_2.1.1/plugins/com.st.stm32cube.ide.mcu.externaltools.gnu-tools-for-stm32.14.3.rel1.linux64_1.0.100.202602081740/tools/lib/gcc/arm-none-eabi/14.3.1/include/arm_mve.h **** __arm_viwdupq_n_u32 (uint32_t __a, uint32_t __b, const int __imm)
2565:/opt/st/stm32cubeide_2.1.1/plugins/com.st.stm32cube.ide.mcu.externaltools.gnu-tools-for-stm32.14.3.rel1.linux64_1.0.100.202602081740/tools/lib/gcc/arm-none-eabi/14.3.1/include/arm_mve.h **** {
2566:/opt/st/stm32cubeide_2.1.1/plugins/com.st.stm32cube.ide.mcu.externaltools.gnu-tools-for-stm32.14.3.rel1.linux64_1.0.100.202602081740/tools/lib/gcc/arm-none-eabi/14.3.1/include/arm_mve.h ****   uint64_t __c = ((uint64_t) __b) << 32;
2567:/opt/st/stm32cubeide_2.1.1/plugins/com.st.stm32cube.ide.mcu.externaltools.gnu-tools-for-stm32.14.3.rel1.linux64_1.0.100.202602081740/tools/lib/gcc/arm-none-eabi/14.3.1/include/arm_mve.h ****   return __builtin_mve_viwdupq_n_uv4si (__a, __c, __imm);
2568:/opt/st/stm32cubeide_2.1.1/plugins/com.st.stm32cube.ide.mcu.externaltools.gnu-tools-for-stm32.14.3.rel1.linux64_1.0.100.202602081740/tools/lib/gcc/arm-none-eabi/14.3.1/include/arm_mve.h **** }
2569:/opt/st/stm32cubeide_2.1.1/plugins/com.st.stm32cube.ide.mcu.externaltools.gnu-tools-for-stm32.14.3.rel1.linux64_1.0.100.202602081740/tools/lib/gcc/arm-none-eabi/14.3.1/include/arm_mve.h **** 
2570:/opt/st/stm32cubeide_2.1.1/plugins/com.st.stm32cube.ide.mcu.externaltools.gnu-tools-for-stm32.14.3.rel1.linux64_1.0.100.202602081740/tools/lib/gcc/arm-none-eabi/14.3.1/include/arm_mve.h **** __extension__ extern __inline uint16x8_t
2571:/opt/st/stm32cubeide_2.1.1/plugins/com.st.stm32cube.ide.mcu.externaltools.gnu-tools-for-stm32.14.3.rel1.linux64_1.0.100.202602081740/tools/lib/gcc/arm-none-eabi/14.3.1/include/arm_mve.h **** __attribute__ ((__always_inline__, __gnu_inline__, __artificial__))
2572:/opt/st/stm32cubeide_2.1.1/plugins/com.st.stm32cube.ide.mcu.externaltools.gnu-tools-for-stm32.14.3.rel1.linux64_1.0.100.202602081740/tools/lib/gcc/arm-none-eabi/14.3.1/include/arm_mve.h **** __arm_viwdupq_n_u16 (uint32_t __a, uint32_t __b, const int __imm)
2573:/opt/st/stm32cubeide_2.1.1/plugins/com.st.stm32cube.ide.mcu.externaltools.gnu-tools-for-stm32.14.3.rel1.linux64_1.0.100.202602081740/tools/lib/gcc/arm-none-eabi/14.3.1/include/arm_mve.h **** {
2574:/opt/st/stm32cubeide_2.1.1/plugins/com.st.stm32cube.ide.mcu.externaltools.gnu-tools-for-stm32.14.3.rel1.linux64_1.0.100.202602081740/tools/lib/gcc/arm-none-eabi/14.3.1/include/arm_mve.h ****   uint64_t __c = ((uint64_t) __b) << 32;
2575:/opt/st/stm32cubeide_2.1.1/plugins/com.st.stm32cube.ide.mcu.externaltools.gnu-tools-for-stm32.14.3.rel1.linux64_1.0.100.202602081740/tools/lib/gcc/arm-none-eabi/14.3.1/include/arm_mve.h ****   return __builtin_mve_viwdupq_n_uv8hi (__a, __c, __imm);
2576:/opt/st/stm32cubeide_2.1.1/plugins/com.st.stm32cube.ide.mcu.externaltools.gnu-tools-for-stm32.14.3.rel1.linux64_1.0.100.202602081740/tools/lib/gcc/arm-none-eabi/14.3.1/include/arm_mve.h **** }
2577:/opt/st/stm32cubeide_2.1.1/plugins/com.st.stm32cube.ide.mcu.externaltools.gnu-tools-for-stm32.14.3.rel1.linux64_1.0.100.202602081740/tools/lib/gcc/arm-none-eabi/14.3.1/include/arm_mve.h **** 
2578:/opt/st/stm32cubeide_2.1.1/plugins/com.st.stm32cube.ide.mcu.externaltools.gnu-tools-for-stm32.14.3.rel1.linux64_1.0.100.202602081740/tools/lib/gcc/arm-none-eabi/14.3.1/include/arm_mve.h **** __extension__ extern __inline uint8x16_t
2579:/opt/st/stm32cubeide_2.1.1/plugins/com.st.stm32cube.ide.mcu.externaltools.gnu-tools-for-stm32.14.3.rel1.linux64_1.0.100.202602081740/tools/lib/gcc/arm-none-eabi/14.3.1/include/arm_mve.h **** __attribute__ ((__always_inline__, __gnu_inline__, __artificial__))
2580:/opt/st/stm32cubeide_2.1.1/plugins/com.st.stm32cube.ide.mcu.externaltools.gnu-tools-for-stm32.14.3.rel1.linux64_1.0.100.202602081740/tools/lib/gcc/arm-none-eabi/14.3.1/include/arm_mve.h **** __arm_viwdupq_wb_u8 (uint32_t * __a, uint32_t __b, const int __imm)
2581:/opt/st/stm32cubeide_2.1.1/plugins/com.st.stm32cube.ide.mcu.externaltools.gnu-tools-for-stm32.14.3.rel1.linux64_1.0.100.202602081740/tools/lib/gcc/arm-none-eabi/14.3.1/include/arm_mve.h **** {
2582:/opt/st/stm32cubeide_2.1.1/plugins/com.st.stm32cube.ide.mcu.externaltools.gnu-tools-for-stm32.14.3.rel1.linux64_1.0.100.202602081740/tools/lib/gcc/arm-none-eabi/14.3.1/include/arm_mve.h ****   uint64_t __c = ((uint64_t) __b) << 32;
2583:/opt/st/stm32cubeide_2.1.1/plugins/com.st.stm32cube.ide.mcu.externaltools.gnu-tools-for-stm32.14.3.rel1.linux64_1.0.100.202602081740/tools/lib/gcc/arm-none-eabi/14.3.1/include/arm_mve.h ****   uint8x16_t __res = __builtin_mve_viwdupq_n_uv16qi (*__a, __c, __imm);
2584:/opt/st/stm32cubeide_2.1.1/plugins/com.st.stm32cube.ide.mcu.externaltools.gnu-tools-for-stm32.14.3.rel1.linux64_1.0.100.202602081740/tools/lib/gcc/arm-none-eabi/14.3.1/include/arm_mve.h ****   *__a = __builtin_mve_viwdupq_wb_uv16qi (*__a, __c, __imm);
2585:/opt/st/stm32cubeide_2.1.1/plugins/com.st.stm32cube.ide.mcu.externaltools.gnu-tools-for-stm32.14.3.rel1.linux64_1.0.100.202602081740/tools/lib/gcc/arm-none-eabi/14.3.1/include/arm_mve.h ****   return __res;
2586:/opt/st/stm32cubeide_2.1.1/plugins/com.st.stm32cube.ide.mcu.externaltools.gnu-tools-for-stm32.14.3.rel1.linux64_1.0.100.202602081740/tools/lib/gcc/arm-none-eabi/14.3.1/include/arm_mve.h **** }
2587:/opt/st/stm32cubeide_2.1.1/plugins/com.st.stm32cube.ide.mcu.externaltools.gnu-tools-for-stm32.14.3.rel1.linux64_1.0.100.202602081740/tools/lib/gcc/arm-none-eabi/14.3.1/include/arm_mve.h **** 
2588:/opt/st/stm32cubeide_2.1.1/plugins/com.st.stm32cube.ide.mcu.externaltools.gnu-tools-for-stm32.14.3.rel1.linux64_1.0.100.202602081740/tools/lib/gcc/arm-none-eabi/14.3.1/include/arm_mve.h **** __extension__ extern __inline uint32x4_t
2589:/opt/st/stm32cubeide_2.1.1/plugins/com.st.stm32cube.ide.mcu.externaltools.gnu-tools-for-stm32.14.3.rel1.linux64_1.0.100.202602081740/tools/lib/gcc/arm-none-eabi/14.3.1/include/arm_mve.h **** __attribute__ ((__always_inline__, __gnu_inline__, __artificial__))
2590:/opt/st/stm32cubeide_2.1.1/plugins/com.st.stm32cube.ide.mcu.externaltools.gnu-tools-for-stm32.14.3.rel1.linux64_1.0.100.202602081740/tools/lib/gcc/arm-none-eabi/14.3.1/include/arm_mve.h **** __arm_viwdupq_wb_u32 (uint32_t * __a, uint32_t __b, const int __imm)
2591:/opt/st/stm32cubeide_2.1.1/plugins/com.st.stm32cube.ide.mcu.externaltools.gnu-tools-for-stm32.14.3.rel1.linux64_1.0.100.202602081740/tools/lib/gcc/arm-none-eabi/14.3.1/include/arm_mve.h **** {
2592:/opt/st/stm32cubeide_2.1.1/plugins/com.st.stm32cube.ide.mcu.externaltools.gnu-tools-for-stm32.14.3.rel1.linux64_1.0.100.202602081740/tools/lib/gcc/arm-none-eabi/14.3.1/include/arm_mve.h ****   uint64_t __c = ((uint64_t) __b) << 32;
2593:/opt/st/stm32cubeide_2.1.1/plugins/com.st.stm32cube.ide.mcu.externaltools.gnu-tools-for-stm32.14.3.rel1.linux64_1.0.100.202602081740/tools/lib/gcc/arm-none-eabi/14.3.1/include/arm_mve.h ****   uint32x4_t __res = __builtin_mve_viwdupq_n_uv4si (*__a, __c, __imm);
2594:/opt/st/stm32cubeide_2.1.1/plugins/com.st.stm32cube.ide.mcu.externaltools.gnu-tools-for-stm32.14.3.rel1.linux64_1.0.100.202602081740/tools/lib/gcc/arm-none-eabi/14.3.1/include/arm_mve.h ****   *__a = __builtin_mve_viwdupq_wb_uv4si (*__a, __c, __imm);
ARM GAS  /tmp/ccS31Hxi.s 			page 66


2595:/opt/st/stm32cubeide_2.1.1/plugins/com.st.stm32cube.ide.mcu.externaltools.gnu-tools-for-stm32.14.3.rel1.linux64_1.0.100.202602081740/tools/lib/gcc/arm-none-eabi/14.3.1/include/arm_mve.h ****   return __res;
2596:/opt/st/stm32cubeide_2.1.1/plugins/com.st.stm32cube.ide.mcu.externaltools.gnu-tools-for-stm32.14.3.rel1.linux64_1.0.100.202602081740/tools/lib/gcc/arm-none-eabi/14.3.1/include/arm_mve.h **** }
2597:/opt/st/stm32cubeide_2.1.1/plugins/com.st.stm32cube.ide.mcu.externaltools.gnu-tools-for-stm32.14.3.rel1.linux64_1.0.100.202602081740/tools/lib/gcc/arm-none-eabi/14.3.1/include/arm_mve.h **** 
2598:/opt/st/stm32cubeide_2.1.1/plugins/com.st.stm32cube.ide.mcu.externaltools.gnu-tools-for-stm32.14.3.rel1.linux64_1.0.100.202602081740/tools/lib/gcc/arm-none-eabi/14.3.1/include/arm_mve.h **** __extension__ extern __inline uint16x8_t
2599:/opt/st/stm32cubeide_2.1.1/plugins/com.st.stm32cube.ide.mcu.externaltools.gnu-tools-for-stm32.14.3.rel1.linux64_1.0.100.202602081740/tools/lib/gcc/arm-none-eabi/14.3.1/include/arm_mve.h **** __attribute__ ((__always_inline__, __gnu_inline__, __artificial__))
2600:/opt/st/stm32cubeide_2.1.1/plugins/com.st.stm32cube.ide.mcu.externaltools.gnu-tools-for-stm32.14.3.rel1.linux64_1.0.100.202602081740/tools/lib/gcc/arm-none-eabi/14.3.1/include/arm_mve.h **** __arm_viwdupq_wb_u16 (uint32_t * __a, uint32_t __b, const int __imm)
2601:/opt/st/stm32cubeide_2.1.1/plugins/com.st.stm32cube.ide.mcu.externaltools.gnu-tools-for-stm32.14.3.rel1.linux64_1.0.100.202602081740/tools/lib/gcc/arm-none-eabi/14.3.1/include/arm_mve.h **** {
2602:/opt/st/stm32cubeide_2.1.1/plugins/com.st.stm32cube.ide.mcu.externaltools.gnu-tools-for-stm32.14.3.rel1.linux64_1.0.100.202602081740/tools/lib/gcc/arm-none-eabi/14.3.1/include/arm_mve.h ****   uint64_t __c = ((uint64_t) __b) << 32;
2603:/opt/st/stm32cubeide_2.1.1/plugins/com.st.stm32cube.ide.mcu.externaltools.gnu-tools-for-stm32.14.3.rel1.linux64_1.0.100.202602081740/tools/lib/gcc/arm-none-eabi/14.3.1/include/arm_mve.h ****   uint16x8_t __res = __builtin_mve_viwdupq_n_uv8hi (*__a, __c, __imm);
2604:/opt/st/stm32cubeide_2.1.1/plugins/com.st.stm32cube.ide.mcu.externaltools.gnu-tools-for-stm32.14.3.rel1.linux64_1.0.100.202602081740/tools/lib/gcc/arm-none-eabi/14.3.1/include/arm_mve.h ****   *__a = __builtin_mve_viwdupq_wb_uv8hi (*__a, __c, __imm);
2605:/opt/st/stm32cubeide_2.1.1/plugins/com.st.stm32cube.ide.mcu.externaltools.gnu-tools-for-stm32.14.3.rel1.linux64_1.0.100.202602081740/tools/lib/gcc/arm-none-eabi/14.3.1/include/arm_mve.h ****   return __res;
2606:/opt/st/stm32cubeide_2.1.1/plugins/com.st.stm32cube.ide.mcu.externaltools.gnu-tools-for-stm32.14.3.rel1.linux64_1.0.100.202602081740/tools/lib/gcc/arm-none-eabi/14.3.1/include/arm_mve.h **** }
2607:/opt/st/stm32cubeide_2.1.1/plugins/com.st.stm32cube.ide.mcu.externaltools.gnu-tools-for-stm32.14.3.rel1.linux64_1.0.100.202602081740/tools/lib/gcc/arm-none-eabi/14.3.1/include/arm_mve.h **** 
2608:/opt/st/stm32cubeide_2.1.1/plugins/com.st.stm32cube.ide.mcu.externaltools.gnu-tools-for-stm32.14.3.rel1.linux64_1.0.100.202602081740/tools/lib/gcc/arm-none-eabi/14.3.1/include/arm_mve.h **** 
2609:/opt/st/stm32cubeide_2.1.1/plugins/com.st.stm32cube.ide.mcu.externaltools.gnu-tools-for-stm32.14.3.rel1.linux64_1.0.100.202602081740/tools/lib/gcc/arm-none-eabi/14.3.1/include/arm_mve.h **** __extension__ extern __inline int64x2_t
2610:/opt/st/stm32cubeide_2.1.1/plugins/com.st.stm32cube.ide.mcu.externaltools.gnu-tools-for-stm32.14.3.rel1.linux64_1.0.100.202602081740/tools/lib/gcc/arm-none-eabi/14.3.1/include/arm_mve.h **** __attribute__ ((__always_inline__, __gnu_inline__, __artificial__))
2611:/opt/st/stm32cubeide_2.1.1/plugins/com.st.stm32cube.ide.mcu.externaltools.gnu-tools-for-stm32.14.3.rel1.linux64_1.0.100.202602081740/tools/lib/gcc/arm-none-eabi/14.3.1/include/arm_mve.h **** __arm_vldrdq_gather_base_wb_s64 (uint64x2_t * __addr, const int __offset)
2612:/opt/st/stm32cubeide_2.1.1/plugins/com.st.stm32cube.ide.mcu.externaltools.gnu-tools-for-stm32.14.3.rel1.linux64_1.0.100.202602081740/tools/lib/gcc/arm-none-eabi/14.3.1/include/arm_mve.h **** {
2613:/opt/st/stm32cubeide_2.1.1/plugins/com.st.stm32cube.ide.mcu.externaltools.gnu-tools-for-stm32.14.3.rel1.linux64_1.0.100.202602081740/tools/lib/gcc/arm-none-eabi/14.3.1/include/arm_mve.h ****   int64x2_t
2614:/opt/st/stm32cubeide_2.1.1/plugins/com.st.stm32cube.ide.mcu.externaltools.gnu-tools-for-stm32.14.3.rel1.linux64_1.0.100.202602081740/tools/lib/gcc/arm-none-eabi/14.3.1/include/arm_mve.h ****   result = __builtin_mve_vldrdq_gather_base_nowb_sv2di (*__addr, __offset);
2615:/opt/st/stm32cubeide_2.1.1/plugins/com.st.stm32cube.ide.mcu.externaltools.gnu-tools-for-stm32.14.3.rel1.linux64_1.0.100.202602081740/tools/lib/gcc/arm-none-eabi/14.3.1/include/arm_mve.h ****   *__addr = __builtin_mve_vldrdq_gather_base_wb_sv2di (*__addr, __offset);
2616:/opt/st/stm32cubeide_2.1.1/plugins/com.st.stm32cube.ide.mcu.externaltools.gnu-tools-for-stm32.14.3.rel1.linux64_1.0.100.202602081740/tools/lib/gcc/arm-none-eabi/14.3.1/include/arm_mve.h ****   return result;
2617:/opt/st/stm32cubeide_2.1.1/plugins/com.st.stm32cube.ide.mcu.externaltools.gnu-tools-for-stm32.14.3.rel1.linux64_1.0.100.202602081740/tools/lib/gcc/arm-none-eabi/14.3.1/include/arm_mve.h **** }
2618:/opt/st/stm32cubeide_2.1.1/plugins/com.st.stm32cube.ide.mcu.externaltools.gnu-tools-for-stm32.14.3.rel1.linux64_1.0.100.202602081740/tools/lib/gcc/arm-none-eabi/14.3.1/include/arm_mve.h **** 
2619:/opt/st/stm32cubeide_2.1.1/plugins/com.st.stm32cube.ide.mcu.externaltools.gnu-tools-for-stm32.14.3.rel1.linux64_1.0.100.202602081740/tools/lib/gcc/arm-none-eabi/14.3.1/include/arm_mve.h **** __extension__ extern __inline uint64x2_t
2620:/opt/st/stm32cubeide_2.1.1/plugins/com.st.stm32cube.ide.mcu.externaltools.gnu-tools-for-stm32.14.3.rel1.linux64_1.0.100.202602081740/tools/lib/gcc/arm-none-eabi/14.3.1/include/arm_mve.h **** __attribute__ ((__always_inline__, __gnu_inline__, __artificial__))
2621:/opt/st/stm32cubeide_2.1.1/plugins/com.st.stm32cube.ide.mcu.externaltools.gnu-tools-for-stm32.14.3.rel1.linux64_1.0.100.202602081740/tools/lib/gcc/arm-none-eabi/14.3.1/include/arm_mve.h **** __arm_vldrdq_gather_base_wb_u64 (uint64x2_t * __addr, const int __offset)
2622:/opt/st/stm32cubeide_2.1.1/plugins/com.st.stm32cube.ide.mcu.externaltools.gnu-tools-for-stm32.14.3.rel1.linux64_1.0.100.202602081740/tools/lib/gcc/arm-none-eabi/14.3.1/include/arm_mve.h **** {
2623:/opt/st/stm32cubeide_2.1.1/plugins/com.st.stm32cube.ide.mcu.externaltools.gnu-tools-for-stm32.14.3.rel1.linux64_1.0.100.202602081740/tools/lib/gcc/arm-none-eabi/14.3.1/include/arm_mve.h ****   uint64x2_t
2624:/opt/st/stm32cubeide_2.1.1/plugins/com.st.stm32cube.ide.mcu.externaltools.gnu-tools-for-stm32.14.3.rel1.linux64_1.0.100.202602081740/tools/lib/gcc/arm-none-eabi/14.3.1/include/arm_mve.h ****   result = __builtin_mve_vldrdq_gather_base_nowb_uv2di (*__addr, __offset);
2625:/opt/st/stm32cubeide_2.1.1/plugins/com.st.stm32cube.ide.mcu.externaltools.gnu-tools-for-stm32.14.3.rel1.linux64_1.0.100.202602081740/tools/lib/gcc/arm-none-eabi/14.3.1/include/arm_mve.h ****   *__addr = __builtin_mve_vldrdq_gather_base_wb_uv2di (*__addr, __offset);
2626:/opt/st/stm32cubeide_2.1.1/plugins/com.st.stm32cube.ide.mcu.externaltools.gnu-tools-for-stm32.14.3.rel1.linux64_1.0.100.202602081740/tools/lib/gcc/arm-none-eabi/14.3.1/include/arm_mve.h ****   return result;
2627:/opt/st/stm32cubeide_2.1.1/plugins/com.st.stm32cube.ide.mcu.externaltools.gnu-tools-for-stm32.14.3.rel1.linux64_1.0.100.202602081740/tools/lib/gcc/arm-none-eabi/14.3.1/include/arm_mve.h **** }
2628:/opt/st/stm32cubeide_2.1.1/plugins/com.st.stm32cube.ide.mcu.externaltools.gnu-tools-for-stm32.14.3.rel1.linux64_1.0.100.202602081740/tools/lib/gcc/arm-none-eabi/14.3.1/include/arm_mve.h **** 
2629:/opt/st/stm32cubeide_2.1.1/plugins/com.st.stm32cube.ide.mcu.externaltools.gnu-tools-for-stm32.14.3.rel1.linux64_1.0.100.202602081740/tools/lib/gcc/arm-none-eabi/14.3.1/include/arm_mve.h **** __extension__ extern __inline int64x2_t
2630:/opt/st/stm32cubeide_2.1.1/plugins/com.st.stm32cube.ide.mcu.externaltools.gnu-tools-for-stm32.14.3.rel1.linux64_1.0.100.202602081740/tools/lib/gcc/arm-none-eabi/14.3.1/include/arm_mve.h **** __attribute__ ((__always_inline__, __gnu_inline__, __artificial__))
2631:/opt/st/stm32cubeide_2.1.1/plugins/com.st.stm32cube.ide.mcu.externaltools.gnu-tools-for-stm32.14.3.rel1.linux64_1.0.100.202602081740/tools/lib/gcc/arm-none-eabi/14.3.1/include/arm_mve.h **** __arm_vldrdq_gather_base_wb_z_s64 (uint64x2_t * __addr, const int __offset, mve_pred16_t __p)
2632:/opt/st/stm32cubeide_2.1.1/plugins/com.st.stm32cube.ide.mcu.externaltools.gnu-tools-for-stm32.14.3.rel1.linux64_1.0.100.202602081740/tools/lib/gcc/arm-none-eabi/14.3.1/include/arm_mve.h **** {
2633:/opt/st/stm32cubeide_2.1.1/plugins/com.st.stm32cube.ide.mcu.externaltools.gnu-tools-for-stm32.14.3.rel1.linux64_1.0.100.202602081740/tools/lib/gcc/arm-none-eabi/14.3.1/include/arm_mve.h ****   int64x2_t
2634:/opt/st/stm32cubeide_2.1.1/plugins/com.st.stm32cube.ide.mcu.externaltools.gnu-tools-for-stm32.14.3.rel1.linux64_1.0.100.202602081740/tools/lib/gcc/arm-none-eabi/14.3.1/include/arm_mve.h ****   result = __builtin_mve_vldrdq_gather_base_nowb_z_sv2di (*__addr, __offset, __p);
2635:/opt/st/stm32cubeide_2.1.1/plugins/com.st.stm32cube.ide.mcu.externaltools.gnu-tools-for-stm32.14.3.rel1.linux64_1.0.100.202602081740/tools/lib/gcc/arm-none-eabi/14.3.1/include/arm_mve.h ****   *__addr = __builtin_mve_vldrdq_gather_base_wb_z_sv2di (*__addr, __offset, __p);
2636:/opt/st/stm32cubeide_2.1.1/plugins/com.st.stm32cube.ide.mcu.externaltools.gnu-tools-for-stm32.14.3.rel1.linux64_1.0.100.202602081740/tools/lib/gcc/arm-none-eabi/14.3.1/include/arm_mve.h ****   return result;
2637:/opt/st/stm32cubeide_2.1.1/plugins/com.st.stm32cube.ide.mcu.externaltools.gnu-tools-for-stm32.14.3.rel1.linux64_1.0.100.202602081740/tools/lib/gcc/arm-none-eabi/14.3.1/include/arm_mve.h **** }
2638:/opt/st/stm32cubeide_2.1.1/plugins/com.st.stm32cube.ide.mcu.externaltools.gnu-tools-for-stm32.14.3.rel1.linux64_1.0.100.202602081740/tools/lib/gcc/arm-none-eabi/14.3.1/include/arm_mve.h **** 
2639:/opt/st/stm32cubeide_2.1.1/plugins/com.st.stm32cube.ide.mcu.externaltools.gnu-tools-for-stm32.14.3.rel1.linux64_1.0.100.202602081740/tools/lib/gcc/arm-none-eabi/14.3.1/include/arm_mve.h **** __extension__ extern __inline uint64x2_t
2640:/opt/st/stm32cubeide_2.1.1/plugins/com.st.stm32cube.ide.mcu.externaltools.gnu-tools-for-stm32.14.3.rel1.linux64_1.0.100.202602081740/tools/lib/gcc/arm-none-eabi/14.3.1/include/arm_mve.h **** __attribute__ ((__always_inline__, __gnu_inline__, __artificial__))
2641:/opt/st/stm32cubeide_2.1.1/plugins/com.st.stm32cube.ide.mcu.externaltools.gnu-tools-for-stm32.14.3.rel1.linux64_1.0.100.202602081740/tools/lib/gcc/arm-none-eabi/14.3.1/include/arm_mve.h **** __arm_vldrdq_gather_base_wb_z_u64 (uint64x2_t * __addr, const int __offset, mve_pred16_t __p)
2642:/opt/st/stm32cubeide_2.1.1/plugins/com.st.stm32cube.ide.mcu.externaltools.gnu-tools-for-stm32.14.3.rel1.linux64_1.0.100.202602081740/tools/lib/gcc/arm-none-eabi/14.3.1/include/arm_mve.h **** {
2643:/opt/st/stm32cubeide_2.1.1/plugins/com.st.stm32cube.ide.mcu.externaltools.gnu-tools-for-stm32.14.3.rel1.linux64_1.0.100.202602081740/tools/lib/gcc/arm-none-eabi/14.3.1/include/arm_mve.h ****   uint64x2_t
2644:/opt/st/stm32cubeide_2.1.1/plugins/com.st.stm32cube.ide.mcu.externaltools.gnu-tools-for-stm32.14.3.rel1.linux64_1.0.100.202602081740/tools/lib/gcc/arm-none-eabi/14.3.1/include/arm_mve.h ****   result = __builtin_mve_vldrdq_gather_base_nowb_z_uv2di (*__addr, __offset, __p);
2645:/opt/st/stm32cubeide_2.1.1/plugins/com.st.stm32cube.ide.mcu.externaltools.gnu-tools-for-stm32.14.3.rel1.linux64_1.0.100.202602081740/tools/lib/gcc/arm-none-eabi/14.3.1/include/arm_mve.h ****   *__addr = __builtin_mve_vldrdq_gather_base_wb_z_uv2di (*__addr, __offset, __p);
2646:/opt/st/stm32cubeide_2.1.1/plugins/com.st.stm32cube.ide.mcu.externaltools.gnu-tools-for-stm32.14.3.rel1.linux64_1.0.100.202602081740/tools/lib/gcc/arm-none-eabi/14.3.1/include/arm_mve.h ****   return result;
2647:/opt/st/stm32cubeide_2.1.1/plugins/com.st.stm32cube.ide.mcu.externaltools.gnu-tools-for-stm32.14.3.rel1.linux64_1.0.100.202602081740/tools/lib/gcc/arm-none-eabi/14.3.1/include/arm_mve.h **** }
2648:/opt/st/stm32cubeide_2.1.1/plugins/com.st.stm32cube.ide.mcu.externaltools.gnu-tools-for-stm32.14.3.rel1.linux64_1.0.100.202602081740/tools/lib/gcc/arm-none-eabi/14.3.1/include/arm_mve.h **** 
2649:/opt/st/stm32cubeide_2.1.1/plugins/com.st.stm32cube.ide.mcu.externaltools.gnu-tools-for-stm32.14.3.rel1.linux64_1.0.100.202602081740/tools/lib/gcc/arm-none-eabi/14.3.1/include/arm_mve.h **** __extension__ extern __inline int32x4_t
2650:/opt/st/stm32cubeide_2.1.1/plugins/com.st.stm32cube.ide.mcu.externaltools.gnu-tools-for-stm32.14.3.rel1.linux64_1.0.100.202602081740/tools/lib/gcc/arm-none-eabi/14.3.1/include/arm_mve.h **** __attribute__ ((__always_inline__, __gnu_inline__, __artificial__))
2651:/opt/st/stm32cubeide_2.1.1/plugins/com.st.stm32cube.ide.mcu.externaltools.gnu-tools-for-stm32.14.3.rel1.linux64_1.0.100.202602081740/tools/lib/gcc/arm-none-eabi/14.3.1/include/arm_mve.h **** __arm_vldrwq_gather_base_wb_s32 (uint32x4_t * __addr, const int __offset)
ARM GAS  /tmp/ccS31Hxi.s 			page 67


2652:/opt/st/stm32cubeide_2.1.1/plugins/com.st.stm32cube.ide.mcu.externaltools.gnu-tools-for-stm32.14.3.rel1.linux64_1.0.100.202602081740/tools/lib/gcc/arm-none-eabi/14.3.1/include/arm_mve.h **** {
2653:/opt/st/stm32cubeide_2.1.1/plugins/com.st.stm32cube.ide.mcu.externaltools.gnu-tools-for-stm32.14.3.rel1.linux64_1.0.100.202602081740/tools/lib/gcc/arm-none-eabi/14.3.1/include/arm_mve.h ****   int32x4_t
2654:/opt/st/stm32cubeide_2.1.1/plugins/com.st.stm32cube.ide.mcu.externaltools.gnu-tools-for-stm32.14.3.rel1.linux64_1.0.100.202602081740/tools/lib/gcc/arm-none-eabi/14.3.1/include/arm_mve.h ****   result = __builtin_mve_vldrwq_gather_base_nowb_sv4si (*__addr, __offset);
2655:/opt/st/stm32cubeide_2.1.1/plugins/com.st.stm32cube.ide.mcu.externaltools.gnu-tools-for-stm32.14.3.rel1.linux64_1.0.100.202602081740/tools/lib/gcc/arm-none-eabi/14.3.1/include/arm_mve.h ****   *__addr = __builtin_mve_vldrwq_gather_base_wb_sv4si (*__addr, __offset);
2656:/opt/st/stm32cubeide_2.1.1/plugins/com.st.stm32cube.ide.mcu.externaltools.gnu-tools-for-stm32.14.3.rel1.linux64_1.0.100.202602081740/tools/lib/gcc/arm-none-eabi/14.3.1/include/arm_mve.h ****   return result;
2657:/opt/st/stm32cubeide_2.1.1/plugins/com.st.stm32cube.ide.mcu.externaltools.gnu-tools-for-stm32.14.3.rel1.linux64_1.0.100.202602081740/tools/lib/gcc/arm-none-eabi/14.3.1/include/arm_mve.h **** }
2658:/opt/st/stm32cubeide_2.1.1/plugins/com.st.stm32cube.ide.mcu.externaltools.gnu-tools-for-stm32.14.3.rel1.linux64_1.0.100.202602081740/tools/lib/gcc/arm-none-eabi/14.3.1/include/arm_mve.h **** 
2659:/opt/st/stm32cubeide_2.1.1/plugins/com.st.stm32cube.ide.mcu.externaltools.gnu-tools-for-stm32.14.3.rel1.linux64_1.0.100.202602081740/tools/lib/gcc/arm-none-eabi/14.3.1/include/arm_mve.h **** __extension__ extern __inline uint32x4_t
2660:/opt/st/stm32cubeide_2.1.1/plugins/com.st.stm32cube.ide.mcu.externaltools.gnu-tools-for-stm32.14.3.rel1.linux64_1.0.100.202602081740/tools/lib/gcc/arm-none-eabi/14.3.1/include/arm_mve.h **** __attribute__ ((__always_inline__, __gnu_inline__, __artificial__))
2661:/opt/st/stm32cubeide_2.1.1/plugins/com.st.stm32cube.ide.mcu.externaltools.gnu-tools-for-stm32.14.3.rel1.linux64_1.0.100.202602081740/tools/lib/gcc/arm-none-eabi/14.3.1/include/arm_mve.h **** __arm_vldrwq_gather_base_wb_u32 (uint32x4_t * __addr, const int __offset)
2662:/opt/st/stm32cubeide_2.1.1/plugins/com.st.stm32cube.ide.mcu.externaltools.gnu-tools-for-stm32.14.3.rel1.linux64_1.0.100.202602081740/tools/lib/gcc/arm-none-eabi/14.3.1/include/arm_mve.h **** {
2663:/opt/st/stm32cubeide_2.1.1/plugins/com.st.stm32cube.ide.mcu.externaltools.gnu-tools-for-stm32.14.3.rel1.linux64_1.0.100.202602081740/tools/lib/gcc/arm-none-eabi/14.3.1/include/arm_mve.h ****   uint32x4_t
2664:/opt/st/stm32cubeide_2.1.1/plugins/com.st.stm32cube.ide.mcu.externaltools.gnu-tools-for-stm32.14.3.rel1.linux64_1.0.100.202602081740/tools/lib/gcc/arm-none-eabi/14.3.1/include/arm_mve.h ****   result = __builtin_mve_vldrwq_gather_base_nowb_uv4si (*__addr, __offset);
2665:/opt/st/stm32cubeide_2.1.1/plugins/com.st.stm32cube.ide.mcu.externaltools.gnu-tools-for-stm32.14.3.rel1.linux64_1.0.100.202602081740/tools/lib/gcc/arm-none-eabi/14.3.1/include/arm_mve.h ****   *__addr = __builtin_mve_vldrwq_gather_base_wb_uv4si (*__addr, __offset);
2666:/opt/st/stm32cubeide_2.1.1/plugins/com.st.stm32cube.ide.mcu.externaltools.gnu-tools-for-stm32.14.3.rel1.linux64_1.0.100.202602081740/tools/lib/gcc/arm-none-eabi/14.3.1/include/arm_mve.h ****   return result;
2667:/opt/st/stm32cubeide_2.1.1/plugins/com.st.stm32cube.ide.mcu.externaltools.gnu-tools-for-stm32.14.3.rel1.linux64_1.0.100.202602081740/tools/lib/gcc/arm-none-eabi/14.3.1/include/arm_mve.h **** }
2668:/opt/st/stm32cubeide_2.1.1/plugins/com.st.stm32cube.ide.mcu.externaltools.gnu-tools-for-stm32.14.3.rel1.linux64_1.0.100.202602081740/tools/lib/gcc/arm-none-eabi/14.3.1/include/arm_mve.h **** 
2669:/opt/st/stm32cubeide_2.1.1/plugins/com.st.stm32cube.ide.mcu.externaltools.gnu-tools-for-stm32.14.3.rel1.linux64_1.0.100.202602081740/tools/lib/gcc/arm-none-eabi/14.3.1/include/arm_mve.h **** __extension__ extern __inline int32x4_t
2670:/opt/st/stm32cubeide_2.1.1/plugins/com.st.stm32cube.ide.mcu.externaltools.gnu-tools-for-stm32.14.3.rel1.linux64_1.0.100.202602081740/tools/lib/gcc/arm-none-eabi/14.3.1/include/arm_mve.h **** __attribute__ ((__always_inline__, __gnu_inline__, __artificial__))
2671:/opt/st/stm32cubeide_2.1.1/plugins/com.st.stm32cube.ide.mcu.externaltools.gnu-tools-for-stm32.14.3.rel1.linux64_1.0.100.202602081740/tools/lib/gcc/arm-none-eabi/14.3.1/include/arm_mve.h **** __arm_vldrwq_gather_base_wb_z_s32 (uint32x4_t * __addr, const int __offset, mve_pred16_t __p)
2672:/opt/st/stm32cubeide_2.1.1/plugins/com.st.stm32cube.ide.mcu.externaltools.gnu-tools-for-stm32.14.3.rel1.linux64_1.0.100.202602081740/tools/lib/gcc/arm-none-eabi/14.3.1/include/arm_mve.h **** {
2673:/opt/st/stm32cubeide_2.1.1/plugins/com.st.stm32cube.ide.mcu.externaltools.gnu-tools-for-stm32.14.3.rel1.linux64_1.0.100.202602081740/tools/lib/gcc/arm-none-eabi/14.3.1/include/arm_mve.h ****   int32x4_t
2674:/opt/st/stm32cubeide_2.1.1/plugins/com.st.stm32cube.ide.mcu.externaltools.gnu-tools-for-stm32.14.3.rel1.linux64_1.0.100.202602081740/tools/lib/gcc/arm-none-eabi/14.3.1/include/arm_mve.h ****   result = __builtin_mve_vldrwq_gather_base_nowb_z_sv4si (*__addr, __offset, __p);
2675:/opt/st/stm32cubeide_2.1.1/plugins/com.st.stm32cube.ide.mcu.externaltools.gnu-tools-for-stm32.14.3.rel1.linux64_1.0.100.202602081740/tools/lib/gcc/arm-none-eabi/14.3.1/include/arm_mve.h ****   *__addr = __builtin_mve_vldrwq_gather_base_wb_z_sv4si (*__addr, __offset, __p);
2676:/opt/st/stm32cubeide_2.1.1/plugins/com.st.stm32cube.ide.mcu.externaltools.gnu-tools-for-stm32.14.3.rel1.linux64_1.0.100.202602081740/tools/lib/gcc/arm-none-eabi/14.3.1/include/arm_mve.h ****   return result;
2677:/opt/st/stm32cubeide_2.1.1/plugins/com.st.stm32cube.ide.mcu.externaltools.gnu-tools-for-stm32.14.3.rel1.linux64_1.0.100.202602081740/tools/lib/gcc/arm-none-eabi/14.3.1/include/arm_mve.h **** }
2678:/opt/st/stm32cubeide_2.1.1/plugins/com.st.stm32cube.ide.mcu.externaltools.gnu-tools-for-stm32.14.3.rel1.linux64_1.0.100.202602081740/tools/lib/gcc/arm-none-eabi/14.3.1/include/arm_mve.h **** 
2679:/opt/st/stm32cubeide_2.1.1/plugins/com.st.stm32cube.ide.mcu.externaltools.gnu-tools-for-stm32.14.3.rel1.linux64_1.0.100.202602081740/tools/lib/gcc/arm-none-eabi/14.3.1/include/arm_mve.h **** __extension__ extern __inline uint32x4_t
2680:/opt/st/stm32cubeide_2.1.1/plugins/com.st.stm32cube.ide.mcu.externaltools.gnu-tools-for-stm32.14.3.rel1.linux64_1.0.100.202602081740/tools/lib/gcc/arm-none-eabi/14.3.1/include/arm_mve.h **** __attribute__ ((__always_inline__, __gnu_inline__, __artificial__))
2681:/opt/st/stm32cubeide_2.1.1/plugins/com.st.stm32cube.ide.mcu.externaltools.gnu-tools-for-stm32.14.3.rel1.linux64_1.0.100.202602081740/tools/lib/gcc/arm-none-eabi/14.3.1/include/arm_mve.h **** __arm_vldrwq_gather_base_wb_z_u32 (uint32x4_t * __addr, const int __offset, mve_pred16_t __p)
2682:/opt/st/stm32cubeide_2.1.1/plugins/com.st.stm32cube.ide.mcu.externaltools.gnu-tools-for-stm32.14.3.rel1.linux64_1.0.100.202602081740/tools/lib/gcc/arm-none-eabi/14.3.1/include/arm_mve.h **** {
2683:/opt/st/stm32cubeide_2.1.1/plugins/com.st.stm32cube.ide.mcu.externaltools.gnu-tools-for-stm32.14.3.rel1.linux64_1.0.100.202602081740/tools/lib/gcc/arm-none-eabi/14.3.1/include/arm_mve.h ****   uint32x4_t
2684:/opt/st/stm32cubeide_2.1.1/plugins/com.st.stm32cube.ide.mcu.externaltools.gnu-tools-for-stm32.14.3.rel1.linux64_1.0.100.202602081740/tools/lib/gcc/arm-none-eabi/14.3.1/include/arm_mve.h ****   result = __builtin_mve_vldrwq_gather_base_nowb_z_uv4si (*__addr, __offset, __p);
2685:/opt/st/stm32cubeide_2.1.1/plugins/com.st.stm32cube.ide.mcu.externaltools.gnu-tools-for-stm32.14.3.rel1.linux64_1.0.100.202602081740/tools/lib/gcc/arm-none-eabi/14.3.1/include/arm_mve.h ****   *__addr = __builtin_mve_vldrwq_gather_base_wb_z_uv4si (*__addr, __offset, __p);
2686:/opt/st/stm32cubeide_2.1.1/plugins/com.st.stm32cube.ide.mcu.externaltools.gnu-tools-for-stm32.14.3.rel1.linux64_1.0.100.202602081740/tools/lib/gcc/arm-none-eabi/14.3.1/include/arm_mve.h ****   return result;
2687:/opt/st/stm32cubeide_2.1.1/plugins/com.st.stm32cube.ide.mcu.externaltools.gnu-tools-for-stm32.14.3.rel1.linux64_1.0.100.202602081740/tools/lib/gcc/arm-none-eabi/14.3.1/include/arm_mve.h **** }
2688:/opt/st/stm32cubeide_2.1.1/plugins/com.st.stm32cube.ide.mcu.externaltools.gnu-tools-for-stm32.14.3.rel1.linux64_1.0.100.202602081740/tools/lib/gcc/arm-none-eabi/14.3.1/include/arm_mve.h **** 
2689:/opt/st/stm32cubeide_2.1.1/plugins/com.st.stm32cube.ide.mcu.externaltools.gnu-tools-for-stm32.14.3.rel1.linux64_1.0.100.202602081740/tools/lib/gcc/arm-none-eabi/14.3.1/include/arm_mve.h **** __extension__ extern __inline void
2690:/opt/st/stm32cubeide_2.1.1/plugins/com.st.stm32cube.ide.mcu.externaltools.gnu-tools-for-stm32.14.3.rel1.linux64_1.0.100.202602081740/tools/lib/gcc/arm-none-eabi/14.3.1/include/arm_mve.h **** __attribute__ ((__always_inline__, __gnu_inline__, __artificial__))
2691:/opt/st/stm32cubeide_2.1.1/plugins/com.st.stm32cube.ide.mcu.externaltools.gnu-tools-for-stm32.14.3.rel1.linux64_1.0.100.202602081740/tools/lib/gcc/arm-none-eabi/14.3.1/include/arm_mve.h **** __arm_vstrdq_scatter_base_wb_s64 (uint64x2_t * __addr, const int __offset, int64x2_t __value)
2692:/opt/st/stm32cubeide_2.1.1/plugins/com.st.stm32cube.ide.mcu.externaltools.gnu-tools-for-stm32.14.3.rel1.linux64_1.0.100.202602081740/tools/lib/gcc/arm-none-eabi/14.3.1/include/arm_mve.h **** {
2693:/opt/st/stm32cubeide_2.1.1/plugins/com.st.stm32cube.ide.mcu.externaltools.gnu-tools-for-stm32.14.3.rel1.linux64_1.0.100.202602081740/tools/lib/gcc/arm-none-eabi/14.3.1/include/arm_mve.h ****   *__addr = __builtin_mve_vstrdq_scatter_base_wb_sv2di (*__addr, __offset, __value);
2694:/opt/st/stm32cubeide_2.1.1/plugins/com.st.stm32cube.ide.mcu.externaltools.gnu-tools-for-stm32.14.3.rel1.linux64_1.0.100.202602081740/tools/lib/gcc/arm-none-eabi/14.3.1/include/arm_mve.h **** }
2695:/opt/st/stm32cubeide_2.1.1/plugins/com.st.stm32cube.ide.mcu.externaltools.gnu-tools-for-stm32.14.3.rel1.linux64_1.0.100.202602081740/tools/lib/gcc/arm-none-eabi/14.3.1/include/arm_mve.h **** 
2696:/opt/st/stm32cubeide_2.1.1/plugins/com.st.stm32cube.ide.mcu.externaltools.gnu-tools-for-stm32.14.3.rel1.linux64_1.0.100.202602081740/tools/lib/gcc/arm-none-eabi/14.3.1/include/arm_mve.h **** __extension__ extern __inline void
2697:/opt/st/stm32cubeide_2.1.1/plugins/com.st.stm32cube.ide.mcu.externaltools.gnu-tools-for-stm32.14.3.rel1.linux64_1.0.100.202602081740/tools/lib/gcc/arm-none-eabi/14.3.1/include/arm_mve.h **** __attribute__ ((__always_inline__, __gnu_inline__, __artificial__))
2698:/opt/st/stm32cubeide_2.1.1/plugins/com.st.stm32cube.ide.mcu.externaltools.gnu-tools-for-stm32.14.3.rel1.linux64_1.0.100.202602081740/tools/lib/gcc/arm-none-eabi/14.3.1/include/arm_mve.h **** __arm_vstrdq_scatter_base_wb_u64 (uint64x2_t * __addr, const int __offset, uint64x2_t __value)
2699:/opt/st/stm32cubeide_2.1.1/plugins/com.st.stm32cube.ide.mcu.externaltools.gnu-tools-for-stm32.14.3.rel1.linux64_1.0.100.202602081740/tools/lib/gcc/arm-none-eabi/14.3.1/include/arm_mve.h **** {
2700:/opt/st/stm32cubeide_2.1.1/plugins/com.st.stm32cube.ide.mcu.externaltools.gnu-tools-for-stm32.14.3.rel1.linux64_1.0.100.202602081740/tools/lib/gcc/arm-none-eabi/14.3.1/include/arm_mve.h ****   *__addr = __builtin_mve_vstrdq_scatter_base_wb_uv2di (*__addr, __offset, __value);
2701:/opt/st/stm32cubeide_2.1.1/plugins/com.st.stm32cube.ide.mcu.externaltools.gnu-tools-for-stm32.14.3.rel1.linux64_1.0.100.202602081740/tools/lib/gcc/arm-none-eabi/14.3.1/include/arm_mve.h **** }
2702:/opt/st/stm32cubeide_2.1.1/plugins/com.st.stm32cube.ide.mcu.externaltools.gnu-tools-for-stm32.14.3.rel1.linux64_1.0.100.202602081740/tools/lib/gcc/arm-none-eabi/14.3.1/include/arm_mve.h **** 
2703:/opt/st/stm32cubeide_2.1.1/plugins/com.st.stm32cube.ide.mcu.externaltools.gnu-tools-for-stm32.14.3.rel1.linux64_1.0.100.202602081740/tools/lib/gcc/arm-none-eabi/14.3.1/include/arm_mve.h **** __extension__ extern __inline void
2704:/opt/st/stm32cubeide_2.1.1/plugins/com.st.stm32cube.ide.mcu.externaltools.gnu-tools-for-stm32.14.3.rel1.linux64_1.0.100.202602081740/tools/lib/gcc/arm-none-eabi/14.3.1/include/arm_mve.h **** __attribute__ ((__always_inline__, __gnu_inline__, __artificial__))
2705:/opt/st/stm32cubeide_2.1.1/plugins/com.st.stm32cube.ide.mcu.externaltools.gnu-tools-for-stm32.14.3.rel1.linux64_1.0.100.202602081740/tools/lib/gcc/arm-none-eabi/14.3.1/include/arm_mve.h **** __arm_vstrdq_scatter_base_wb_p_s64 (uint64x2_t * __addr, const int __offset, int64x2_t __value, mve
2706:/opt/st/stm32cubeide_2.1.1/plugins/com.st.stm32cube.ide.mcu.externaltools.gnu-tools-for-stm32.14.3.rel1.linux64_1.0.100.202602081740/tools/lib/gcc/arm-none-eabi/14.3.1/include/arm_mve.h **** {
2707:/opt/st/stm32cubeide_2.1.1/plugins/com.st.stm32cube.ide.mcu.externaltools.gnu-tools-for-stm32.14.3.rel1.linux64_1.0.100.202602081740/tools/lib/gcc/arm-none-eabi/14.3.1/include/arm_mve.h ****  *__addr =  __builtin_mve_vstrdq_scatter_base_wb_p_sv2di (*__addr, __offset, __value, __p);
2708:/opt/st/stm32cubeide_2.1.1/plugins/com.st.stm32cube.ide.mcu.externaltools.gnu-tools-for-stm32.14.3.rel1.linux64_1.0.100.202602081740/tools/lib/gcc/arm-none-eabi/14.3.1/include/arm_mve.h **** }
ARM GAS  /tmp/ccS31Hxi.s 			page 68


2709:/opt/st/stm32cubeide_2.1.1/plugins/com.st.stm32cube.ide.mcu.externaltools.gnu-tools-for-stm32.14.3.rel1.linux64_1.0.100.202602081740/tools/lib/gcc/arm-none-eabi/14.3.1/include/arm_mve.h **** 
2710:/opt/st/stm32cubeide_2.1.1/plugins/com.st.stm32cube.ide.mcu.externaltools.gnu-tools-for-stm32.14.3.rel1.linux64_1.0.100.202602081740/tools/lib/gcc/arm-none-eabi/14.3.1/include/arm_mve.h **** __extension__ extern __inline void
2711:/opt/st/stm32cubeide_2.1.1/plugins/com.st.stm32cube.ide.mcu.externaltools.gnu-tools-for-stm32.14.3.rel1.linux64_1.0.100.202602081740/tools/lib/gcc/arm-none-eabi/14.3.1/include/arm_mve.h **** __attribute__ ((__always_inline__, __gnu_inline__, __artificial__))
2712:/opt/st/stm32cubeide_2.1.1/plugins/com.st.stm32cube.ide.mcu.externaltools.gnu-tools-for-stm32.14.3.rel1.linux64_1.0.100.202602081740/tools/lib/gcc/arm-none-eabi/14.3.1/include/arm_mve.h **** __arm_vstrdq_scatter_base_wb_p_u64 (uint64x2_t * __addr, const int __offset, uint64x2_t __value, mv
2713:/opt/st/stm32cubeide_2.1.1/plugins/com.st.stm32cube.ide.mcu.externaltools.gnu-tools-for-stm32.14.3.rel1.linux64_1.0.100.202602081740/tools/lib/gcc/arm-none-eabi/14.3.1/include/arm_mve.h **** {
2714:/opt/st/stm32cubeide_2.1.1/plugins/com.st.stm32cube.ide.mcu.externaltools.gnu-tools-for-stm32.14.3.rel1.linux64_1.0.100.202602081740/tools/lib/gcc/arm-none-eabi/14.3.1/include/arm_mve.h ****   *__addr = __builtin_mve_vstrdq_scatter_base_wb_p_uv2di (*__addr, __offset, __value, __p);
2715:/opt/st/stm32cubeide_2.1.1/plugins/com.st.stm32cube.ide.mcu.externaltools.gnu-tools-for-stm32.14.3.rel1.linux64_1.0.100.202602081740/tools/lib/gcc/arm-none-eabi/14.3.1/include/arm_mve.h **** }
2716:/opt/st/stm32cubeide_2.1.1/plugins/com.st.stm32cube.ide.mcu.externaltools.gnu-tools-for-stm32.14.3.rel1.linux64_1.0.100.202602081740/tools/lib/gcc/arm-none-eabi/14.3.1/include/arm_mve.h **** 
2717:/opt/st/stm32cubeide_2.1.1/plugins/com.st.stm32cube.ide.mcu.externaltools.gnu-tools-for-stm32.14.3.rel1.linux64_1.0.100.202602081740/tools/lib/gcc/arm-none-eabi/14.3.1/include/arm_mve.h **** __extension__ extern __inline void
2718:/opt/st/stm32cubeide_2.1.1/plugins/com.st.stm32cube.ide.mcu.externaltools.gnu-tools-for-stm32.14.3.rel1.linux64_1.0.100.202602081740/tools/lib/gcc/arm-none-eabi/14.3.1/include/arm_mve.h **** __attribute__ ((__always_inline__, __gnu_inline__, __artificial__))
2719:/opt/st/stm32cubeide_2.1.1/plugins/com.st.stm32cube.ide.mcu.externaltools.gnu-tools-for-stm32.14.3.rel1.linux64_1.0.100.202602081740/tools/lib/gcc/arm-none-eabi/14.3.1/include/arm_mve.h **** __arm_vstrwq_scatter_base_wb_p_s32 (uint32x4_t * __addr, const int __offset, int32x4_t __value, mve
2720:/opt/st/stm32cubeide_2.1.1/plugins/com.st.stm32cube.ide.mcu.externaltools.gnu-tools-for-stm32.14.3.rel1.linux64_1.0.100.202602081740/tools/lib/gcc/arm-none-eabi/14.3.1/include/arm_mve.h **** {
2721:/opt/st/stm32cubeide_2.1.1/plugins/com.st.stm32cube.ide.mcu.externaltools.gnu-tools-for-stm32.14.3.rel1.linux64_1.0.100.202602081740/tools/lib/gcc/arm-none-eabi/14.3.1/include/arm_mve.h ****   *__addr = __builtin_mve_vstrwq_scatter_base_wb_p_sv4si (*__addr, __offset, __value, __p);
2722:/opt/st/stm32cubeide_2.1.1/plugins/com.st.stm32cube.ide.mcu.externaltools.gnu-tools-for-stm32.14.3.rel1.linux64_1.0.100.202602081740/tools/lib/gcc/arm-none-eabi/14.3.1/include/arm_mve.h **** }
2723:/opt/st/stm32cubeide_2.1.1/plugins/com.st.stm32cube.ide.mcu.externaltools.gnu-tools-for-stm32.14.3.rel1.linux64_1.0.100.202602081740/tools/lib/gcc/arm-none-eabi/14.3.1/include/arm_mve.h **** 
2724:/opt/st/stm32cubeide_2.1.1/plugins/com.st.stm32cube.ide.mcu.externaltools.gnu-tools-for-stm32.14.3.rel1.linux64_1.0.100.202602081740/tools/lib/gcc/arm-none-eabi/14.3.1/include/arm_mve.h **** __extension__ extern __inline void
2725:/opt/st/stm32cubeide_2.1.1/plugins/com.st.stm32cube.ide.mcu.externaltools.gnu-tools-for-stm32.14.3.rel1.linux64_1.0.100.202602081740/tools/lib/gcc/arm-none-eabi/14.3.1/include/arm_mve.h **** __attribute__ ((__always_inline__, __gnu_inline__, __artificial__))
2726:/opt/st/stm32cubeide_2.1.1/plugins/com.st.stm32cube.ide.mcu.externaltools.gnu-tools-for-stm32.14.3.rel1.linux64_1.0.100.202602081740/tools/lib/gcc/arm-none-eabi/14.3.1/include/arm_mve.h **** __arm_vstrwq_scatter_base_wb_p_u32 (uint32x4_t * __addr, const int __offset, uint32x4_t __value, mv
2727:/opt/st/stm32cubeide_2.1.1/plugins/com.st.stm32cube.ide.mcu.externaltools.gnu-tools-for-stm32.14.3.rel1.linux64_1.0.100.202602081740/tools/lib/gcc/arm-none-eabi/14.3.1/include/arm_mve.h **** {
2728:/opt/st/stm32cubeide_2.1.1/plugins/com.st.stm32cube.ide.mcu.externaltools.gnu-tools-for-stm32.14.3.rel1.linux64_1.0.100.202602081740/tools/lib/gcc/arm-none-eabi/14.3.1/include/arm_mve.h ****   *__addr = __builtin_mve_vstrwq_scatter_base_wb_p_uv4si (*__addr, __offset, __value, __p);
2729:/opt/st/stm32cubeide_2.1.1/plugins/com.st.stm32cube.ide.mcu.externaltools.gnu-tools-for-stm32.14.3.rel1.linux64_1.0.100.202602081740/tools/lib/gcc/arm-none-eabi/14.3.1/include/arm_mve.h **** }
2730:/opt/st/stm32cubeide_2.1.1/plugins/com.st.stm32cube.ide.mcu.externaltools.gnu-tools-for-stm32.14.3.rel1.linux64_1.0.100.202602081740/tools/lib/gcc/arm-none-eabi/14.3.1/include/arm_mve.h **** 
2731:/opt/st/stm32cubeide_2.1.1/plugins/com.st.stm32cube.ide.mcu.externaltools.gnu-tools-for-stm32.14.3.rel1.linux64_1.0.100.202602081740/tools/lib/gcc/arm-none-eabi/14.3.1/include/arm_mve.h **** __extension__ extern __inline void
2732:/opt/st/stm32cubeide_2.1.1/plugins/com.st.stm32cube.ide.mcu.externaltools.gnu-tools-for-stm32.14.3.rel1.linux64_1.0.100.202602081740/tools/lib/gcc/arm-none-eabi/14.3.1/include/arm_mve.h **** __attribute__ ((__always_inline__, __gnu_inline__, __artificial__))
2733:/opt/st/stm32cubeide_2.1.1/plugins/com.st.stm32cube.ide.mcu.externaltools.gnu-tools-for-stm32.14.3.rel1.linux64_1.0.100.202602081740/tools/lib/gcc/arm-none-eabi/14.3.1/include/arm_mve.h **** __arm_vstrwq_scatter_base_wb_s32 (uint32x4_t * __addr, const int __offset, int32x4_t __value)
2734:/opt/st/stm32cubeide_2.1.1/plugins/com.st.stm32cube.ide.mcu.externaltools.gnu-tools-for-stm32.14.3.rel1.linux64_1.0.100.202602081740/tools/lib/gcc/arm-none-eabi/14.3.1/include/arm_mve.h **** {
2735:/opt/st/stm32cubeide_2.1.1/plugins/com.st.stm32cube.ide.mcu.externaltools.gnu-tools-for-stm32.14.3.rel1.linux64_1.0.100.202602081740/tools/lib/gcc/arm-none-eabi/14.3.1/include/arm_mve.h ****   *__addr = __builtin_mve_vstrwq_scatter_base_wb_sv4si (*__addr, __offset, __value);
2736:/opt/st/stm32cubeide_2.1.1/plugins/com.st.stm32cube.ide.mcu.externaltools.gnu-tools-for-stm32.14.3.rel1.linux64_1.0.100.202602081740/tools/lib/gcc/arm-none-eabi/14.3.1/include/arm_mve.h **** }
2737:/opt/st/stm32cubeide_2.1.1/plugins/com.st.stm32cube.ide.mcu.externaltools.gnu-tools-for-stm32.14.3.rel1.linux64_1.0.100.202602081740/tools/lib/gcc/arm-none-eabi/14.3.1/include/arm_mve.h **** 
2738:/opt/st/stm32cubeide_2.1.1/plugins/com.st.stm32cube.ide.mcu.externaltools.gnu-tools-for-stm32.14.3.rel1.linux64_1.0.100.202602081740/tools/lib/gcc/arm-none-eabi/14.3.1/include/arm_mve.h **** __extension__ extern __inline void
2739:/opt/st/stm32cubeide_2.1.1/plugins/com.st.stm32cube.ide.mcu.externaltools.gnu-tools-for-stm32.14.3.rel1.linux64_1.0.100.202602081740/tools/lib/gcc/arm-none-eabi/14.3.1/include/arm_mve.h **** __attribute__ ((__always_inline__, __gnu_inline__, __artificial__))
2740:/opt/st/stm32cubeide_2.1.1/plugins/com.st.stm32cube.ide.mcu.externaltools.gnu-tools-for-stm32.14.3.rel1.linux64_1.0.100.202602081740/tools/lib/gcc/arm-none-eabi/14.3.1/include/arm_mve.h **** __arm_vstrwq_scatter_base_wb_u32 (uint32x4_t * __addr, const int __offset, uint32x4_t __value)
2741:/opt/st/stm32cubeide_2.1.1/plugins/com.st.stm32cube.ide.mcu.externaltools.gnu-tools-for-stm32.14.3.rel1.linux64_1.0.100.202602081740/tools/lib/gcc/arm-none-eabi/14.3.1/include/arm_mve.h **** {
2742:/opt/st/stm32cubeide_2.1.1/plugins/com.st.stm32cube.ide.mcu.externaltools.gnu-tools-for-stm32.14.3.rel1.linux64_1.0.100.202602081740/tools/lib/gcc/arm-none-eabi/14.3.1/include/arm_mve.h ****   *__addr = __builtin_mve_vstrwq_scatter_base_wb_uv4si (*__addr, __offset, __value);
2743:/opt/st/stm32cubeide_2.1.1/plugins/com.st.stm32cube.ide.mcu.externaltools.gnu-tools-for-stm32.14.3.rel1.linux64_1.0.100.202602081740/tools/lib/gcc/arm-none-eabi/14.3.1/include/arm_mve.h **** }
2744:/opt/st/stm32cubeide_2.1.1/plugins/com.st.stm32cube.ide.mcu.externaltools.gnu-tools-for-stm32.14.3.rel1.linux64_1.0.100.202602081740/tools/lib/gcc/arm-none-eabi/14.3.1/include/arm_mve.h **** 
2745:/opt/st/stm32cubeide_2.1.1/plugins/com.st.stm32cube.ide.mcu.externaltools.gnu-tools-for-stm32.14.3.rel1.linux64_1.0.100.202602081740/tools/lib/gcc/arm-none-eabi/14.3.1/include/arm_mve.h **** __extension__ extern __inline uint8x16_t
2746:/opt/st/stm32cubeide_2.1.1/plugins/com.st.stm32cube.ide.mcu.externaltools.gnu-tools-for-stm32.14.3.rel1.linux64_1.0.100.202602081740/tools/lib/gcc/arm-none-eabi/14.3.1/include/arm_mve.h **** __attribute__ ((__always_inline__, __gnu_inline__, __artificial__))
2747:/opt/st/stm32cubeide_2.1.1/plugins/com.st.stm32cube.ide.mcu.externaltools.gnu-tools-for-stm32.14.3.rel1.linux64_1.0.100.202602081740/tools/lib/gcc/arm-none-eabi/14.3.1/include/arm_mve.h **** __arm_vddupq_x_n_u8 (uint32_t __a, const int __imm, mve_pred16_t __p)
2748:/opt/st/stm32cubeide_2.1.1/plugins/com.st.stm32cube.ide.mcu.externaltools.gnu-tools-for-stm32.14.3.rel1.linux64_1.0.100.202602081740/tools/lib/gcc/arm-none-eabi/14.3.1/include/arm_mve.h **** {
2749:/opt/st/stm32cubeide_2.1.1/plugins/com.st.stm32cube.ide.mcu.externaltools.gnu-tools-for-stm32.14.3.rel1.linux64_1.0.100.202602081740/tools/lib/gcc/arm-none-eabi/14.3.1/include/arm_mve.h ****   return __builtin_mve_vddupq_m_n_uv16qi (__arm_vuninitializedq_u8 (), __a, __imm, __p);
2750:/opt/st/stm32cubeide_2.1.1/plugins/com.st.stm32cube.ide.mcu.externaltools.gnu-tools-for-stm32.14.3.rel1.linux64_1.0.100.202602081740/tools/lib/gcc/arm-none-eabi/14.3.1/include/arm_mve.h **** }
2751:/opt/st/stm32cubeide_2.1.1/plugins/com.st.stm32cube.ide.mcu.externaltools.gnu-tools-for-stm32.14.3.rel1.linux64_1.0.100.202602081740/tools/lib/gcc/arm-none-eabi/14.3.1/include/arm_mve.h **** 
2752:/opt/st/stm32cubeide_2.1.1/plugins/com.st.stm32cube.ide.mcu.externaltools.gnu-tools-for-stm32.14.3.rel1.linux64_1.0.100.202602081740/tools/lib/gcc/arm-none-eabi/14.3.1/include/arm_mve.h **** __extension__ extern __inline uint16x8_t
2753:/opt/st/stm32cubeide_2.1.1/plugins/com.st.stm32cube.ide.mcu.externaltools.gnu-tools-for-stm32.14.3.rel1.linux64_1.0.100.202602081740/tools/lib/gcc/arm-none-eabi/14.3.1/include/arm_mve.h **** __attribute__ ((__always_inline__, __gnu_inline__, __artificial__))
2754:/opt/st/stm32cubeide_2.1.1/plugins/com.st.stm32cube.ide.mcu.externaltools.gnu-tools-for-stm32.14.3.rel1.linux64_1.0.100.202602081740/tools/lib/gcc/arm-none-eabi/14.3.1/include/arm_mve.h **** __arm_vddupq_x_n_u16 (uint32_t __a, const int __imm, mve_pred16_t __p)
2755:/opt/st/stm32cubeide_2.1.1/plugins/com.st.stm32cube.ide.mcu.externaltools.gnu-tools-for-stm32.14.3.rel1.linux64_1.0.100.202602081740/tools/lib/gcc/arm-none-eabi/14.3.1/include/arm_mve.h **** {
2756:/opt/st/stm32cubeide_2.1.1/plugins/com.st.stm32cube.ide.mcu.externaltools.gnu-tools-for-stm32.14.3.rel1.linux64_1.0.100.202602081740/tools/lib/gcc/arm-none-eabi/14.3.1/include/arm_mve.h ****   return __builtin_mve_vddupq_m_n_uv8hi (__arm_vuninitializedq_u16 (), __a, __imm, __p);
2757:/opt/st/stm32cubeide_2.1.1/plugins/com.st.stm32cube.ide.mcu.externaltools.gnu-tools-for-stm32.14.3.rel1.linux64_1.0.100.202602081740/tools/lib/gcc/arm-none-eabi/14.3.1/include/arm_mve.h **** }
2758:/opt/st/stm32cubeide_2.1.1/plugins/com.st.stm32cube.ide.mcu.externaltools.gnu-tools-for-stm32.14.3.rel1.linux64_1.0.100.202602081740/tools/lib/gcc/arm-none-eabi/14.3.1/include/arm_mve.h **** 
2759:/opt/st/stm32cubeide_2.1.1/plugins/com.st.stm32cube.ide.mcu.externaltools.gnu-tools-for-stm32.14.3.rel1.linux64_1.0.100.202602081740/tools/lib/gcc/arm-none-eabi/14.3.1/include/arm_mve.h **** __extension__ extern __inline uint32x4_t
2760:/opt/st/stm32cubeide_2.1.1/plugins/com.st.stm32cube.ide.mcu.externaltools.gnu-tools-for-stm32.14.3.rel1.linux64_1.0.100.202602081740/tools/lib/gcc/arm-none-eabi/14.3.1/include/arm_mve.h **** __attribute__ ((__always_inline__, __gnu_inline__, __artificial__))
2761:/opt/st/stm32cubeide_2.1.1/plugins/com.st.stm32cube.ide.mcu.externaltools.gnu-tools-for-stm32.14.3.rel1.linux64_1.0.100.202602081740/tools/lib/gcc/arm-none-eabi/14.3.1/include/arm_mve.h **** __arm_vddupq_x_n_u32 (uint32_t __a, const int __imm, mve_pred16_t __p)
2762:/opt/st/stm32cubeide_2.1.1/plugins/com.st.stm32cube.ide.mcu.externaltools.gnu-tools-for-stm32.14.3.rel1.linux64_1.0.100.202602081740/tools/lib/gcc/arm-none-eabi/14.3.1/include/arm_mve.h **** {
2763:/opt/st/stm32cubeide_2.1.1/plugins/com.st.stm32cube.ide.mcu.externaltools.gnu-tools-for-stm32.14.3.rel1.linux64_1.0.100.202602081740/tools/lib/gcc/arm-none-eabi/14.3.1/include/arm_mve.h ****   return __builtin_mve_vddupq_m_n_uv4si (__arm_vuninitializedq_u32 (), __a, __imm, __p);
2764:/opt/st/stm32cubeide_2.1.1/plugins/com.st.stm32cube.ide.mcu.externaltools.gnu-tools-for-stm32.14.3.rel1.linux64_1.0.100.202602081740/tools/lib/gcc/arm-none-eabi/14.3.1/include/arm_mve.h **** }
2765:/opt/st/stm32cubeide_2.1.1/plugins/com.st.stm32cube.ide.mcu.externaltools.gnu-tools-for-stm32.14.3.rel1.linux64_1.0.100.202602081740/tools/lib/gcc/arm-none-eabi/14.3.1/include/arm_mve.h **** 
ARM GAS  /tmp/ccS31Hxi.s 			page 69


2766:/opt/st/stm32cubeide_2.1.1/plugins/com.st.stm32cube.ide.mcu.externaltools.gnu-tools-for-stm32.14.3.rel1.linux64_1.0.100.202602081740/tools/lib/gcc/arm-none-eabi/14.3.1/include/arm_mve.h **** __extension__ extern __inline uint8x16_t
2767:/opt/st/stm32cubeide_2.1.1/plugins/com.st.stm32cube.ide.mcu.externaltools.gnu-tools-for-stm32.14.3.rel1.linux64_1.0.100.202602081740/tools/lib/gcc/arm-none-eabi/14.3.1/include/arm_mve.h **** __attribute__ ((__always_inline__, __gnu_inline__, __artificial__))
2768:/opt/st/stm32cubeide_2.1.1/plugins/com.st.stm32cube.ide.mcu.externaltools.gnu-tools-for-stm32.14.3.rel1.linux64_1.0.100.202602081740/tools/lib/gcc/arm-none-eabi/14.3.1/include/arm_mve.h **** __arm_vddupq_x_wb_u8 (uint32_t *__a, const int __imm, mve_pred16_t __p)
2769:/opt/st/stm32cubeide_2.1.1/plugins/com.st.stm32cube.ide.mcu.externaltools.gnu-tools-for-stm32.14.3.rel1.linux64_1.0.100.202602081740/tools/lib/gcc/arm-none-eabi/14.3.1/include/arm_mve.h **** {
2770:/opt/st/stm32cubeide_2.1.1/plugins/com.st.stm32cube.ide.mcu.externaltools.gnu-tools-for-stm32.14.3.rel1.linux64_1.0.100.202602081740/tools/lib/gcc/arm-none-eabi/14.3.1/include/arm_mve.h ****   uint8x16_t __arg1 = __arm_vuninitializedq_u8 ();
2771:/opt/st/stm32cubeide_2.1.1/plugins/com.st.stm32cube.ide.mcu.externaltools.gnu-tools-for-stm32.14.3.rel1.linux64_1.0.100.202602081740/tools/lib/gcc/arm-none-eabi/14.3.1/include/arm_mve.h ****   uint8x16_t __res = __builtin_mve_vddupq_m_n_uv16qi (__arg1, * __a, __imm, __p);
2772:/opt/st/stm32cubeide_2.1.1/plugins/com.st.stm32cube.ide.mcu.externaltools.gnu-tools-for-stm32.14.3.rel1.linux64_1.0.100.202602081740/tools/lib/gcc/arm-none-eabi/14.3.1/include/arm_mve.h ****   *__a -= __imm * 16u;
2773:/opt/st/stm32cubeide_2.1.1/plugins/com.st.stm32cube.ide.mcu.externaltools.gnu-tools-for-stm32.14.3.rel1.linux64_1.0.100.202602081740/tools/lib/gcc/arm-none-eabi/14.3.1/include/arm_mve.h ****   return __res;
2774:/opt/st/stm32cubeide_2.1.1/plugins/com.st.stm32cube.ide.mcu.externaltools.gnu-tools-for-stm32.14.3.rel1.linux64_1.0.100.202602081740/tools/lib/gcc/arm-none-eabi/14.3.1/include/arm_mve.h **** }
2775:/opt/st/stm32cubeide_2.1.1/plugins/com.st.stm32cube.ide.mcu.externaltools.gnu-tools-for-stm32.14.3.rel1.linux64_1.0.100.202602081740/tools/lib/gcc/arm-none-eabi/14.3.1/include/arm_mve.h **** 
2776:/opt/st/stm32cubeide_2.1.1/plugins/com.st.stm32cube.ide.mcu.externaltools.gnu-tools-for-stm32.14.3.rel1.linux64_1.0.100.202602081740/tools/lib/gcc/arm-none-eabi/14.3.1/include/arm_mve.h **** __extension__ extern __inline uint16x8_t
2777:/opt/st/stm32cubeide_2.1.1/plugins/com.st.stm32cube.ide.mcu.externaltools.gnu-tools-for-stm32.14.3.rel1.linux64_1.0.100.202602081740/tools/lib/gcc/arm-none-eabi/14.3.1/include/arm_mve.h **** __attribute__ ((__always_inline__, __gnu_inline__, __artificial__))
2778:/opt/st/stm32cubeide_2.1.1/plugins/com.st.stm32cube.ide.mcu.externaltools.gnu-tools-for-stm32.14.3.rel1.linux64_1.0.100.202602081740/tools/lib/gcc/arm-none-eabi/14.3.1/include/arm_mve.h **** __arm_vddupq_x_wb_u16 (uint32_t *__a, const int __imm, mve_pred16_t __p)
2779:/opt/st/stm32cubeide_2.1.1/plugins/com.st.stm32cube.ide.mcu.externaltools.gnu-tools-for-stm32.14.3.rel1.linux64_1.0.100.202602081740/tools/lib/gcc/arm-none-eabi/14.3.1/include/arm_mve.h **** {
2780:/opt/st/stm32cubeide_2.1.1/plugins/com.st.stm32cube.ide.mcu.externaltools.gnu-tools-for-stm32.14.3.rel1.linux64_1.0.100.202602081740/tools/lib/gcc/arm-none-eabi/14.3.1/include/arm_mve.h ****   uint16x8_t __arg1 = __arm_vuninitializedq_u16 ();
2781:/opt/st/stm32cubeide_2.1.1/plugins/com.st.stm32cube.ide.mcu.externaltools.gnu-tools-for-stm32.14.3.rel1.linux64_1.0.100.202602081740/tools/lib/gcc/arm-none-eabi/14.3.1/include/arm_mve.h ****   uint16x8_t __res = __builtin_mve_vddupq_m_n_uv8hi (__arg1, *__a, __imm, __p);
2782:/opt/st/stm32cubeide_2.1.1/plugins/com.st.stm32cube.ide.mcu.externaltools.gnu-tools-for-stm32.14.3.rel1.linux64_1.0.100.202602081740/tools/lib/gcc/arm-none-eabi/14.3.1/include/arm_mve.h ****   *__a -= __imm * 8u;
2783:/opt/st/stm32cubeide_2.1.1/plugins/com.st.stm32cube.ide.mcu.externaltools.gnu-tools-for-stm32.14.3.rel1.linux64_1.0.100.202602081740/tools/lib/gcc/arm-none-eabi/14.3.1/include/arm_mve.h ****   return __res;
2784:/opt/st/stm32cubeide_2.1.1/plugins/com.st.stm32cube.ide.mcu.externaltools.gnu-tools-for-stm32.14.3.rel1.linux64_1.0.100.202602081740/tools/lib/gcc/arm-none-eabi/14.3.1/include/arm_mve.h **** }
2785:/opt/st/stm32cubeide_2.1.1/plugins/com.st.stm32cube.ide.mcu.externaltools.gnu-tools-for-stm32.14.3.rel1.linux64_1.0.100.202602081740/tools/lib/gcc/arm-none-eabi/14.3.1/include/arm_mve.h **** 
2786:/opt/st/stm32cubeide_2.1.1/plugins/com.st.stm32cube.ide.mcu.externaltools.gnu-tools-for-stm32.14.3.rel1.linux64_1.0.100.202602081740/tools/lib/gcc/arm-none-eabi/14.3.1/include/arm_mve.h **** __extension__ extern __inline uint32x4_t
2787:/opt/st/stm32cubeide_2.1.1/plugins/com.st.stm32cube.ide.mcu.externaltools.gnu-tools-for-stm32.14.3.rel1.linux64_1.0.100.202602081740/tools/lib/gcc/arm-none-eabi/14.3.1/include/arm_mve.h **** __attribute__ ((__always_inline__, __gnu_inline__, __artificial__))
2788:/opt/st/stm32cubeide_2.1.1/plugins/com.st.stm32cube.ide.mcu.externaltools.gnu-tools-for-stm32.14.3.rel1.linux64_1.0.100.202602081740/tools/lib/gcc/arm-none-eabi/14.3.1/include/arm_mve.h **** __arm_vddupq_x_wb_u32 (uint32_t *__a, const int __imm, mve_pred16_t __p)
2789:/opt/st/stm32cubeide_2.1.1/plugins/com.st.stm32cube.ide.mcu.externaltools.gnu-tools-for-stm32.14.3.rel1.linux64_1.0.100.202602081740/tools/lib/gcc/arm-none-eabi/14.3.1/include/arm_mve.h **** {
2790:/opt/st/stm32cubeide_2.1.1/plugins/com.st.stm32cube.ide.mcu.externaltools.gnu-tools-for-stm32.14.3.rel1.linux64_1.0.100.202602081740/tools/lib/gcc/arm-none-eabi/14.3.1/include/arm_mve.h ****   uint32x4_t __arg1 = __arm_vuninitializedq_u32 ();
2791:/opt/st/stm32cubeide_2.1.1/plugins/com.st.stm32cube.ide.mcu.externaltools.gnu-tools-for-stm32.14.3.rel1.linux64_1.0.100.202602081740/tools/lib/gcc/arm-none-eabi/14.3.1/include/arm_mve.h ****   uint32x4_t __res = __builtin_mve_vddupq_m_n_uv4si (__arg1, *__a, __imm, __p);
2792:/opt/st/stm32cubeide_2.1.1/plugins/com.st.stm32cube.ide.mcu.externaltools.gnu-tools-for-stm32.14.3.rel1.linux64_1.0.100.202602081740/tools/lib/gcc/arm-none-eabi/14.3.1/include/arm_mve.h ****   *__a -= __imm * 4u;
2793:/opt/st/stm32cubeide_2.1.1/plugins/com.st.stm32cube.ide.mcu.externaltools.gnu-tools-for-stm32.14.3.rel1.linux64_1.0.100.202602081740/tools/lib/gcc/arm-none-eabi/14.3.1/include/arm_mve.h ****   return __res;
2794:/opt/st/stm32cubeide_2.1.1/plugins/com.st.stm32cube.ide.mcu.externaltools.gnu-tools-for-stm32.14.3.rel1.linux64_1.0.100.202602081740/tools/lib/gcc/arm-none-eabi/14.3.1/include/arm_mve.h **** }
2795:/opt/st/stm32cubeide_2.1.1/plugins/com.st.stm32cube.ide.mcu.externaltools.gnu-tools-for-stm32.14.3.rel1.linux64_1.0.100.202602081740/tools/lib/gcc/arm-none-eabi/14.3.1/include/arm_mve.h **** 
2796:/opt/st/stm32cubeide_2.1.1/plugins/com.st.stm32cube.ide.mcu.externaltools.gnu-tools-for-stm32.14.3.rel1.linux64_1.0.100.202602081740/tools/lib/gcc/arm-none-eabi/14.3.1/include/arm_mve.h **** __extension__ extern __inline uint8x16_t
2797:/opt/st/stm32cubeide_2.1.1/plugins/com.st.stm32cube.ide.mcu.externaltools.gnu-tools-for-stm32.14.3.rel1.linux64_1.0.100.202602081740/tools/lib/gcc/arm-none-eabi/14.3.1/include/arm_mve.h **** __attribute__ ((__always_inline__, __gnu_inline__, __artificial__))
2798:/opt/st/stm32cubeide_2.1.1/plugins/com.st.stm32cube.ide.mcu.externaltools.gnu-tools-for-stm32.14.3.rel1.linux64_1.0.100.202602081740/tools/lib/gcc/arm-none-eabi/14.3.1/include/arm_mve.h **** __arm_vdwdupq_x_n_u8 (uint32_t __a, uint32_t __b, const int __imm, mve_pred16_t __p)
2799:/opt/st/stm32cubeide_2.1.1/plugins/com.st.stm32cube.ide.mcu.externaltools.gnu-tools-for-stm32.14.3.rel1.linux64_1.0.100.202602081740/tools/lib/gcc/arm-none-eabi/14.3.1/include/arm_mve.h **** {
2800:/opt/st/stm32cubeide_2.1.1/plugins/com.st.stm32cube.ide.mcu.externaltools.gnu-tools-for-stm32.14.3.rel1.linux64_1.0.100.202602081740/tools/lib/gcc/arm-none-eabi/14.3.1/include/arm_mve.h ****   uint64_t __c = ((uint64_t) __b) << 32;
2801:/opt/st/stm32cubeide_2.1.1/plugins/com.st.stm32cube.ide.mcu.externaltools.gnu-tools-for-stm32.14.3.rel1.linux64_1.0.100.202602081740/tools/lib/gcc/arm-none-eabi/14.3.1/include/arm_mve.h ****   return __builtin_mve_vdwdupq_m_n_uv16qi (__arm_vuninitializedq_u8 (), __a, __c, __imm, __p);
2802:/opt/st/stm32cubeide_2.1.1/plugins/com.st.stm32cube.ide.mcu.externaltools.gnu-tools-for-stm32.14.3.rel1.linux64_1.0.100.202602081740/tools/lib/gcc/arm-none-eabi/14.3.1/include/arm_mve.h **** }
2803:/opt/st/stm32cubeide_2.1.1/plugins/com.st.stm32cube.ide.mcu.externaltools.gnu-tools-for-stm32.14.3.rel1.linux64_1.0.100.202602081740/tools/lib/gcc/arm-none-eabi/14.3.1/include/arm_mve.h **** 
2804:/opt/st/stm32cubeide_2.1.1/plugins/com.st.stm32cube.ide.mcu.externaltools.gnu-tools-for-stm32.14.3.rel1.linux64_1.0.100.202602081740/tools/lib/gcc/arm-none-eabi/14.3.1/include/arm_mve.h **** __extension__ extern __inline uint16x8_t
2805:/opt/st/stm32cubeide_2.1.1/plugins/com.st.stm32cube.ide.mcu.externaltools.gnu-tools-for-stm32.14.3.rel1.linux64_1.0.100.202602081740/tools/lib/gcc/arm-none-eabi/14.3.1/include/arm_mve.h **** __attribute__ ((__always_inline__, __gnu_inline__, __artificial__))
2806:/opt/st/stm32cubeide_2.1.1/plugins/com.st.stm32cube.ide.mcu.externaltools.gnu-tools-for-stm32.14.3.rel1.linux64_1.0.100.202602081740/tools/lib/gcc/arm-none-eabi/14.3.1/include/arm_mve.h **** __arm_vdwdupq_x_n_u16 (uint32_t __a, uint32_t __b, const int __imm, mve_pred16_t __p)
2807:/opt/st/stm32cubeide_2.1.1/plugins/com.st.stm32cube.ide.mcu.externaltools.gnu-tools-for-stm32.14.3.rel1.linux64_1.0.100.202602081740/tools/lib/gcc/arm-none-eabi/14.3.1/include/arm_mve.h **** {
2808:/opt/st/stm32cubeide_2.1.1/plugins/com.st.stm32cube.ide.mcu.externaltools.gnu-tools-for-stm32.14.3.rel1.linux64_1.0.100.202602081740/tools/lib/gcc/arm-none-eabi/14.3.1/include/arm_mve.h ****   uint64_t __c = ((uint64_t) __b) << 32;
2809:/opt/st/stm32cubeide_2.1.1/plugins/com.st.stm32cube.ide.mcu.externaltools.gnu-tools-for-stm32.14.3.rel1.linux64_1.0.100.202602081740/tools/lib/gcc/arm-none-eabi/14.3.1/include/arm_mve.h ****   return __builtin_mve_vdwdupq_m_n_uv8hi (__arm_vuninitializedq_u16 (), __a, __c, __imm, __p);
2810:/opt/st/stm32cubeide_2.1.1/plugins/com.st.stm32cube.ide.mcu.externaltools.gnu-tools-for-stm32.14.3.rel1.linux64_1.0.100.202602081740/tools/lib/gcc/arm-none-eabi/14.3.1/include/arm_mve.h **** }
2811:/opt/st/stm32cubeide_2.1.1/plugins/com.st.stm32cube.ide.mcu.externaltools.gnu-tools-for-stm32.14.3.rel1.linux64_1.0.100.202602081740/tools/lib/gcc/arm-none-eabi/14.3.1/include/arm_mve.h **** 
2812:/opt/st/stm32cubeide_2.1.1/plugins/com.st.stm32cube.ide.mcu.externaltools.gnu-tools-for-stm32.14.3.rel1.linux64_1.0.100.202602081740/tools/lib/gcc/arm-none-eabi/14.3.1/include/arm_mve.h **** __extension__ extern __inline uint32x4_t
2813:/opt/st/stm32cubeide_2.1.1/plugins/com.st.stm32cube.ide.mcu.externaltools.gnu-tools-for-stm32.14.3.rel1.linux64_1.0.100.202602081740/tools/lib/gcc/arm-none-eabi/14.3.1/include/arm_mve.h **** __attribute__ ((__always_inline__, __gnu_inline__, __artificial__))
2814:/opt/st/stm32cubeide_2.1.1/plugins/com.st.stm32cube.ide.mcu.externaltools.gnu-tools-for-stm32.14.3.rel1.linux64_1.0.100.202602081740/tools/lib/gcc/arm-none-eabi/14.3.1/include/arm_mve.h **** __arm_vdwdupq_x_n_u32 (uint32_t __a, uint32_t __b, const int __imm, mve_pred16_t __p)
2815:/opt/st/stm32cubeide_2.1.1/plugins/com.st.stm32cube.ide.mcu.externaltools.gnu-tools-for-stm32.14.3.rel1.linux64_1.0.100.202602081740/tools/lib/gcc/arm-none-eabi/14.3.1/include/arm_mve.h **** {
2816:/opt/st/stm32cubeide_2.1.1/plugins/com.st.stm32cube.ide.mcu.externaltools.gnu-tools-for-stm32.14.3.rel1.linux64_1.0.100.202602081740/tools/lib/gcc/arm-none-eabi/14.3.1/include/arm_mve.h ****   uint64_t __c = ((uint64_t) __b) << 32;
2817:/opt/st/stm32cubeide_2.1.1/plugins/com.st.stm32cube.ide.mcu.externaltools.gnu-tools-for-stm32.14.3.rel1.linux64_1.0.100.202602081740/tools/lib/gcc/arm-none-eabi/14.3.1/include/arm_mve.h ****   return __builtin_mve_vdwdupq_m_n_uv4si (__arm_vuninitializedq_u32 (), __a, __c, __imm, __p);
2818:/opt/st/stm32cubeide_2.1.1/plugins/com.st.stm32cube.ide.mcu.externaltools.gnu-tools-for-stm32.14.3.rel1.linux64_1.0.100.202602081740/tools/lib/gcc/arm-none-eabi/14.3.1/include/arm_mve.h **** }
2819:/opt/st/stm32cubeide_2.1.1/plugins/com.st.stm32cube.ide.mcu.externaltools.gnu-tools-for-stm32.14.3.rel1.linux64_1.0.100.202602081740/tools/lib/gcc/arm-none-eabi/14.3.1/include/arm_mve.h **** 
2820:/opt/st/stm32cubeide_2.1.1/plugins/com.st.stm32cube.ide.mcu.externaltools.gnu-tools-for-stm32.14.3.rel1.linux64_1.0.100.202602081740/tools/lib/gcc/arm-none-eabi/14.3.1/include/arm_mve.h **** __extension__ extern __inline uint8x16_t
2821:/opt/st/stm32cubeide_2.1.1/plugins/com.st.stm32cube.ide.mcu.externaltools.gnu-tools-for-stm32.14.3.rel1.linux64_1.0.100.202602081740/tools/lib/gcc/arm-none-eabi/14.3.1/include/arm_mve.h **** __attribute__ ((__always_inline__, __gnu_inline__, __artificial__))
2822:/opt/st/stm32cubeide_2.1.1/plugins/com.st.stm32cube.ide.mcu.externaltools.gnu-tools-for-stm32.14.3.rel1.linux64_1.0.100.202602081740/tools/lib/gcc/arm-none-eabi/14.3.1/include/arm_mve.h **** __arm_vdwdupq_x_wb_u8 (uint32_t *__a, uint32_t __b, const int __imm, mve_pred16_t __p)
ARM GAS  /tmp/ccS31Hxi.s 			page 70


2823:/opt/st/stm32cubeide_2.1.1/plugins/com.st.stm32cube.ide.mcu.externaltools.gnu-tools-for-stm32.14.3.rel1.linux64_1.0.100.202602081740/tools/lib/gcc/arm-none-eabi/14.3.1/include/arm_mve.h **** {
2824:/opt/st/stm32cubeide_2.1.1/plugins/com.st.stm32cube.ide.mcu.externaltools.gnu-tools-for-stm32.14.3.rel1.linux64_1.0.100.202602081740/tools/lib/gcc/arm-none-eabi/14.3.1/include/arm_mve.h ****   uint64_t __c = ((uint64_t) __b) << 32;
2825:/opt/st/stm32cubeide_2.1.1/plugins/com.st.stm32cube.ide.mcu.externaltools.gnu-tools-for-stm32.14.3.rel1.linux64_1.0.100.202602081740/tools/lib/gcc/arm-none-eabi/14.3.1/include/arm_mve.h ****   uint8x16_t __arg1 = __arm_vuninitializedq_u8 ();
2826:/opt/st/stm32cubeide_2.1.1/plugins/com.st.stm32cube.ide.mcu.externaltools.gnu-tools-for-stm32.14.3.rel1.linux64_1.0.100.202602081740/tools/lib/gcc/arm-none-eabi/14.3.1/include/arm_mve.h ****   uint8x16_t __res = __builtin_mve_vdwdupq_m_n_uv16qi (__arg1, *__a, __c, __imm, __p);
2827:/opt/st/stm32cubeide_2.1.1/plugins/com.st.stm32cube.ide.mcu.externaltools.gnu-tools-for-stm32.14.3.rel1.linux64_1.0.100.202602081740/tools/lib/gcc/arm-none-eabi/14.3.1/include/arm_mve.h ****   *__a = __builtin_mve_vdwdupq_m_wb_uv16qi (__arg1, *__a, __c, __imm, __p);
2828:/opt/st/stm32cubeide_2.1.1/plugins/com.st.stm32cube.ide.mcu.externaltools.gnu-tools-for-stm32.14.3.rel1.linux64_1.0.100.202602081740/tools/lib/gcc/arm-none-eabi/14.3.1/include/arm_mve.h ****   return __res;
2829:/opt/st/stm32cubeide_2.1.1/plugins/com.st.stm32cube.ide.mcu.externaltools.gnu-tools-for-stm32.14.3.rel1.linux64_1.0.100.202602081740/tools/lib/gcc/arm-none-eabi/14.3.1/include/arm_mve.h **** }
2830:/opt/st/stm32cubeide_2.1.1/plugins/com.st.stm32cube.ide.mcu.externaltools.gnu-tools-for-stm32.14.3.rel1.linux64_1.0.100.202602081740/tools/lib/gcc/arm-none-eabi/14.3.1/include/arm_mve.h **** 
2831:/opt/st/stm32cubeide_2.1.1/plugins/com.st.stm32cube.ide.mcu.externaltools.gnu-tools-for-stm32.14.3.rel1.linux64_1.0.100.202602081740/tools/lib/gcc/arm-none-eabi/14.3.1/include/arm_mve.h **** __extension__ extern __inline uint16x8_t
2832:/opt/st/stm32cubeide_2.1.1/plugins/com.st.stm32cube.ide.mcu.externaltools.gnu-tools-for-stm32.14.3.rel1.linux64_1.0.100.202602081740/tools/lib/gcc/arm-none-eabi/14.3.1/include/arm_mve.h **** __attribute__ ((__always_inline__, __gnu_inline__, __artificial__))
2833:/opt/st/stm32cubeide_2.1.1/plugins/com.st.stm32cube.ide.mcu.externaltools.gnu-tools-for-stm32.14.3.rel1.linux64_1.0.100.202602081740/tools/lib/gcc/arm-none-eabi/14.3.1/include/arm_mve.h **** __arm_vdwdupq_x_wb_u16 (uint32_t *__a, uint32_t __b, const int __imm, mve_pred16_t __p)
2834:/opt/st/stm32cubeide_2.1.1/plugins/com.st.stm32cube.ide.mcu.externaltools.gnu-tools-for-stm32.14.3.rel1.linux64_1.0.100.202602081740/tools/lib/gcc/arm-none-eabi/14.3.1/include/arm_mve.h **** {
2835:/opt/st/stm32cubeide_2.1.1/plugins/com.st.stm32cube.ide.mcu.externaltools.gnu-tools-for-stm32.14.3.rel1.linux64_1.0.100.202602081740/tools/lib/gcc/arm-none-eabi/14.3.1/include/arm_mve.h ****   uint64_t __c = ((uint64_t) __b) << 32;
2836:/opt/st/stm32cubeide_2.1.1/plugins/com.st.stm32cube.ide.mcu.externaltools.gnu-tools-for-stm32.14.3.rel1.linux64_1.0.100.202602081740/tools/lib/gcc/arm-none-eabi/14.3.1/include/arm_mve.h ****   uint16x8_t __arg1 = __arm_vuninitializedq_u16 ();
2837:/opt/st/stm32cubeide_2.1.1/plugins/com.st.stm32cube.ide.mcu.externaltools.gnu-tools-for-stm32.14.3.rel1.linux64_1.0.100.202602081740/tools/lib/gcc/arm-none-eabi/14.3.1/include/arm_mve.h ****   uint16x8_t __res =  __builtin_mve_vdwdupq_m_n_uv8hi (__arg1, *__a, __c, __imm, __p);
2838:/opt/st/stm32cubeide_2.1.1/plugins/com.st.stm32cube.ide.mcu.externaltools.gnu-tools-for-stm32.14.3.rel1.linux64_1.0.100.202602081740/tools/lib/gcc/arm-none-eabi/14.3.1/include/arm_mve.h ****   *__a = __builtin_mve_vdwdupq_m_wb_uv8hi (__arg1, *__a, __c, __imm, __p);
2839:/opt/st/stm32cubeide_2.1.1/plugins/com.st.stm32cube.ide.mcu.externaltools.gnu-tools-for-stm32.14.3.rel1.linux64_1.0.100.202602081740/tools/lib/gcc/arm-none-eabi/14.3.1/include/arm_mve.h ****   return __res;
2840:/opt/st/stm32cubeide_2.1.1/plugins/com.st.stm32cube.ide.mcu.externaltools.gnu-tools-for-stm32.14.3.rel1.linux64_1.0.100.202602081740/tools/lib/gcc/arm-none-eabi/14.3.1/include/arm_mve.h **** }
2841:/opt/st/stm32cubeide_2.1.1/plugins/com.st.stm32cube.ide.mcu.externaltools.gnu-tools-for-stm32.14.3.rel1.linux64_1.0.100.202602081740/tools/lib/gcc/arm-none-eabi/14.3.1/include/arm_mve.h **** 
2842:/opt/st/stm32cubeide_2.1.1/plugins/com.st.stm32cube.ide.mcu.externaltools.gnu-tools-for-stm32.14.3.rel1.linux64_1.0.100.202602081740/tools/lib/gcc/arm-none-eabi/14.3.1/include/arm_mve.h **** __extension__ extern __inline uint32x4_t
2843:/opt/st/stm32cubeide_2.1.1/plugins/com.st.stm32cube.ide.mcu.externaltools.gnu-tools-for-stm32.14.3.rel1.linux64_1.0.100.202602081740/tools/lib/gcc/arm-none-eabi/14.3.1/include/arm_mve.h **** __attribute__ ((__always_inline__, __gnu_inline__, __artificial__))
2844:/opt/st/stm32cubeide_2.1.1/plugins/com.st.stm32cube.ide.mcu.externaltools.gnu-tools-for-stm32.14.3.rel1.linux64_1.0.100.202602081740/tools/lib/gcc/arm-none-eabi/14.3.1/include/arm_mve.h **** __arm_vdwdupq_x_wb_u32 (uint32_t *__a, uint32_t __b, const int __imm, mve_pred16_t __p)
2845:/opt/st/stm32cubeide_2.1.1/plugins/com.st.stm32cube.ide.mcu.externaltools.gnu-tools-for-stm32.14.3.rel1.linux64_1.0.100.202602081740/tools/lib/gcc/arm-none-eabi/14.3.1/include/arm_mve.h **** {
2846:/opt/st/stm32cubeide_2.1.1/plugins/com.st.stm32cube.ide.mcu.externaltools.gnu-tools-for-stm32.14.3.rel1.linux64_1.0.100.202602081740/tools/lib/gcc/arm-none-eabi/14.3.1/include/arm_mve.h ****   uint64_t __c = ((uint64_t) __b) << 32;
2847:/opt/st/stm32cubeide_2.1.1/plugins/com.st.stm32cube.ide.mcu.externaltools.gnu-tools-for-stm32.14.3.rel1.linux64_1.0.100.202602081740/tools/lib/gcc/arm-none-eabi/14.3.1/include/arm_mve.h ****   uint32x4_t __arg1 = __arm_vuninitializedq_u32 ();
2848:/opt/st/stm32cubeide_2.1.1/plugins/com.st.stm32cube.ide.mcu.externaltools.gnu-tools-for-stm32.14.3.rel1.linux64_1.0.100.202602081740/tools/lib/gcc/arm-none-eabi/14.3.1/include/arm_mve.h ****   uint32x4_t __res =  __builtin_mve_vdwdupq_m_n_uv4si (__arg1, *__a, __c, __imm, __p);
2849:/opt/st/stm32cubeide_2.1.1/plugins/com.st.stm32cube.ide.mcu.externaltools.gnu-tools-for-stm32.14.3.rel1.linux64_1.0.100.202602081740/tools/lib/gcc/arm-none-eabi/14.3.1/include/arm_mve.h ****   *__a = __builtin_mve_vdwdupq_m_wb_uv4si (__arg1, *__a, __c, __imm, __p);
2850:/opt/st/stm32cubeide_2.1.1/plugins/com.st.stm32cube.ide.mcu.externaltools.gnu-tools-for-stm32.14.3.rel1.linux64_1.0.100.202602081740/tools/lib/gcc/arm-none-eabi/14.3.1/include/arm_mve.h ****   return __res;
2851:/opt/st/stm32cubeide_2.1.1/plugins/com.st.stm32cube.ide.mcu.externaltools.gnu-tools-for-stm32.14.3.rel1.linux64_1.0.100.202602081740/tools/lib/gcc/arm-none-eabi/14.3.1/include/arm_mve.h **** }
2852:/opt/st/stm32cubeide_2.1.1/plugins/com.st.stm32cube.ide.mcu.externaltools.gnu-tools-for-stm32.14.3.rel1.linux64_1.0.100.202602081740/tools/lib/gcc/arm-none-eabi/14.3.1/include/arm_mve.h **** 
2853:/opt/st/stm32cubeide_2.1.1/plugins/com.st.stm32cube.ide.mcu.externaltools.gnu-tools-for-stm32.14.3.rel1.linux64_1.0.100.202602081740/tools/lib/gcc/arm-none-eabi/14.3.1/include/arm_mve.h **** __extension__ extern __inline uint8x16_t
2854:/opt/st/stm32cubeide_2.1.1/plugins/com.st.stm32cube.ide.mcu.externaltools.gnu-tools-for-stm32.14.3.rel1.linux64_1.0.100.202602081740/tools/lib/gcc/arm-none-eabi/14.3.1/include/arm_mve.h **** __attribute__ ((__always_inline__, __gnu_inline__, __artificial__))
2855:/opt/st/stm32cubeide_2.1.1/plugins/com.st.stm32cube.ide.mcu.externaltools.gnu-tools-for-stm32.14.3.rel1.linux64_1.0.100.202602081740/tools/lib/gcc/arm-none-eabi/14.3.1/include/arm_mve.h **** __arm_vidupq_x_n_u8 (uint32_t __a, const int __imm, mve_pred16_t __p)
2856:/opt/st/stm32cubeide_2.1.1/plugins/com.st.stm32cube.ide.mcu.externaltools.gnu-tools-for-stm32.14.3.rel1.linux64_1.0.100.202602081740/tools/lib/gcc/arm-none-eabi/14.3.1/include/arm_mve.h **** {
2857:/opt/st/stm32cubeide_2.1.1/plugins/com.st.stm32cube.ide.mcu.externaltools.gnu-tools-for-stm32.14.3.rel1.linux64_1.0.100.202602081740/tools/lib/gcc/arm-none-eabi/14.3.1/include/arm_mve.h ****   return __builtin_mve_vidupq_m_n_uv16qi (__arm_vuninitializedq_u8 (), __a, __imm, __p);
2858:/opt/st/stm32cubeide_2.1.1/plugins/com.st.stm32cube.ide.mcu.externaltools.gnu-tools-for-stm32.14.3.rel1.linux64_1.0.100.202602081740/tools/lib/gcc/arm-none-eabi/14.3.1/include/arm_mve.h **** }
2859:/opt/st/stm32cubeide_2.1.1/plugins/com.st.stm32cube.ide.mcu.externaltools.gnu-tools-for-stm32.14.3.rel1.linux64_1.0.100.202602081740/tools/lib/gcc/arm-none-eabi/14.3.1/include/arm_mve.h **** 
2860:/opt/st/stm32cubeide_2.1.1/plugins/com.st.stm32cube.ide.mcu.externaltools.gnu-tools-for-stm32.14.3.rel1.linux64_1.0.100.202602081740/tools/lib/gcc/arm-none-eabi/14.3.1/include/arm_mve.h **** __extension__ extern __inline uint16x8_t
2861:/opt/st/stm32cubeide_2.1.1/plugins/com.st.stm32cube.ide.mcu.externaltools.gnu-tools-for-stm32.14.3.rel1.linux64_1.0.100.202602081740/tools/lib/gcc/arm-none-eabi/14.3.1/include/arm_mve.h **** __attribute__ ((__always_inline__, __gnu_inline__, __artificial__))
2862:/opt/st/stm32cubeide_2.1.1/plugins/com.st.stm32cube.ide.mcu.externaltools.gnu-tools-for-stm32.14.3.rel1.linux64_1.0.100.202602081740/tools/lib/gcc/arm-none-eabi/14.3.1/include/arm_mve.h **** __arm_vidupq_x_n_u16 (uint32_t __a, const int __imm, mve_pred16_t __p)
2863:/opt/st/stm32cubeide_2.1.1/plugins/com.st.stm32cube.ide.mcu.externaltools.gnu-tools-for-stm32.14.3.rel1.linux64_1.0.100.202602081740/tools/lib/gcc/arm-none-eabi/14.3.1/include/arm_mve.h **** {
2864:/opt/st/stm32cubeide_2.1.1/plugins/com.st.stm32cube.ide.mcu.externaltools.gnu-tools-for-stm32.14.3.rel1.linux64_1.0.100.202602081740/tools/lib/gcc/arm-none-eabi/14.3.1/include/arm_mve.h ****   return __builtin_mve_vidupq_m_n_uv8hi (__arm_vuninitializedq_u16 (), __a, __imm, __p);
2865:/opt/st/stm32cubeide_2.1.1/plugins/com.st.stm32cube.ide.mcu.externaltools.gnu-tools-for-stm32.14.3.rel1.linux64_1.0.100.202602081740/tools/lib/gcc/arm-none-eabi/14.3.1/include/arm_mve.h **** }
2866:/opt/st/stm32cubeide_2.1.1/plugins/com.st.stm32cube.ide.mcu.externaltools.gnu-tools-for-stm32.14.3.rel1.linux64_1.0.100.202602081740/tools/lib/gcc/arm-none-eabi/14.3.1/include/arm_mve.h **** 
2867:/opt/st/stm32cubeide_2.1.1/plugins/com.st.stm32cube.ide.mcu.externaltools.gnu-tools-for-stm32.14.3.rel1.linux64_1.0.100.202602081740/tools/lib/gcc/arm-none-eabi/14.3.1/include/arm_mve.h **** __extension__ extern __inline uint32x4_t
2868:/opt/st/stm32cubeide_2.1.1/plugins/com.st.stm32cube.ide.mcu.externaltools.gnu-tools-for-stm32.14.3.rel1.linux64_1.0.100.202602081740/tools/lib/gcc/arm-none-eabi/14.3.1/include/arm_mve.h **** __attribute__ ((__always_inline__, __gnu_inline__, __artificial__))
2869:/opt/st/stm32cubeide_2.1.1/plugins/com.st.stm32cube.ide.mcu.externaltools.gnu-tools-for-stm32.14.3.rel1.linux64_1.0.100.202602081740/tools/lib/gcc/arm-none-eabi/14.3.1/include/arm_mve.h **** __arm_vidupq_x_n_u32 (uint32_t __a, const int __imm, mve_pred16_t __p)
2870:/opt/st/stm32cubeide_2.1.1/plugins/com.st.stm32cube.ide.mcu.externaltools.gnu-tools-for-stm32.14.3.rel1.linux64_1.0.100.202602081740/tools/lib/gcc/arm-none-eabi/14.3.1/include/arm_mve.h **** {
2871:/opt/st/stm32cubeide_2.1.1/plugins/com.st.stm32cube.ide.mcu.externaltools.gnu-tools-for-stm32.14.3.rel1.linux64_1.0.100.202602081740/tools/lib/gcc/arm-none-eabi/14.3.1/include/arm_mve.h ****   return __builtin_mve_vidupq_m_n_uv4si (__arm_vuninitializedq_u32 (), __a, __imm, __p);
2872:/opt/st/stm32cubeide_2.1.1/plugins/com.st.stm32cube.ide.mcu.externaltools.gnu-tools-for-stm32.14.3.rel1.linux64_1.0.100.202602081740/tools/lib/gcc/arm-none-eabi/14.3.1/include/arm_mve.h **** }
2873:/opt/st/stm32cubeide_2.1.1/plugins/com.st.stm32cube.ide.mcu.externaltools.gnu-tools-for-stm32.14.3.rel1.linux64_1.0.100.202602081740/tools/lib/gcc/arm-none-eabi/14.3.1/include/arm_mve.h **** 
2874:/opt/st/stm32cubeide_2.1.1/plugins/com.st.stm32cube.ide.mcu.externaltools.gnu-tools-for-stm32.14.3.rel1.linux64_1.0.100.202602081740/tools/lib/gcc/arm-none-eabi/14.3.1/include/arm_mve.h **** __extension__ extern __inline uint8x16_t
2875:/opt/st/stm32cubeide_2.1.1/plugins/com.st.stm32cube.ide.mcu.externaltools.gnu-tools-for-stm32.14.3.rel1.linux64_1.0.100.202602081740/tools/lib/gcc/arm-none-eabi/14.3.1/include/arm_mve.h **** __attribute__ ((__always_inline__, __gnu_inline__, __artificial__))
2876:/opt/st/stm32cubeide_2.1.1/plugins/com.st.stm32cube.ide.mcu.externaltools.gnu-tools-for-stm32.14.3.rel1.linux64_1.0.100.202602081740/tools/lib/gcc/arm-none-eabi/14.3.1/include/arm_mve.h **** __arm_vidupq_x_wb_u8 (uint32_t *__a, const int __imm, mve_pred16_t __p)
2877:/opt/st/stm32cubeide_2.1.1/plugins/com.st.stm32cube.ide.mcu.externaltools.gnu-tools-for-stm32.14.3.rel1.linux64_1.0.100.202602081740/tools/lib/gcc/arm-none-eabi/14.3.1/include/arm_mve.h **** {
2878:/opt/st/stm32cubeide_2.1.1/plugins/com.st.stm32cube.ide.mcu.externaltools.gnu-tools-for-stm32.14.3.rel1.linux64_1.0.100.202602081740/tools/lib/gcc/arm-none-eabi/14.3.1/include/arm_mve.h ****   uint8x16_t __arg1 = __arm_vuninitializedq_u8 ();
2879:/opt/st/stm32cubeide_2.1.1/plugins/com.st.stm32cube.ide.mcu.externaltools.gnu-tools-for-stm32.14.3.rel1.linux64_1.0.100.202602081740/tools/lib/gcc/arm-none-eabi/14.3.1/include/arm_mve.h ****   uint8x16_t __res = __builtin_mve_vidupq_m_n_uv16qi (__arg1, *__a, __imm, __p);
ARM GAS  /tmp/ccS31Hxi.s 			page 71


2880:/opt/st/stm32cubeide_2.1.1/plugins/com.st.stm32cube.ide.mcu.externaltools.gnu-tools-for-stm32.14.3.rel1.linux64_1.0.100.202602081740/tools/lib/gcc/arm-none-eabi/14.3.1/include/arm_mve.h ****   *__a += __imm * 16u;
2881:/opt/st/stm32cubeide_2.1.1/plugins/com.st.stm32cube.ide.mcu.externaltools.gnu-tools-for-stm32.14.3.rel1.linux64_1.0.100.202602081740/tools/lib/gcc/arm-none-eabi/14.3.1/include/arm_mve.h ****   return __res;
2882:/opt/st/stm32cubeide_2.1.1/plugins/com.st.stm32cube.ide.mcu.externaltools.gnu-tools-for-stm32.14.3.rel1.linux64_1.0.100.202602081740/tools/lib/gcc/arm-none-eabi/14.3.1/include/arm_mve.h **** }
2883:/opt/st/stm32cubeide_2.1.1/plugins/com.st.stm32cube.ide.mcu.externaltools.gnu-tools-for-stm32.14.3.rel1.linux64_1.0.100.202602081740/tools/lib/gcc/arm-none-eabi/14.3.1/include/arm_mve.h **** 
2884:/opt/st/stm32cubeide_2.1.1/plugins/com.st.stm32cube.ide.mcu.externaltools.gnu-tools-for-stm32.14.3.rel1.linux64_1.0.100.202602081740/tools/lib/gcc/arm-none-eabi/14.3.1/include/arm_mve.h **** __extension__ extern __inline uint16x8_t
2885:/opt/st/stm32cubeide_2.1.1/plugins/com.st.stm32cube.ide.mcu.externaltools.gnu-tools-for-stm32.14.3.rel1.linux64_1.0.100.202602081740/tools/lib/gcc/arm-none-eabi/14.3.1/include/arm_mve.h **** __attribute__ ((__always_inline__, __gnu_inline__, __artificial__))
2886:/opt/st/stm32cubeide_2.1.1/plugins/com.st.stm32cube.ide.mcu.externaltools.gnu-tools-for-stm32.14.3.rel1.linux64_1.0.100.202602081740/tools/lib/gcc/arm-none-eabi/14.3.1/include/arm_mve.h **** __arm_vidupq_x_wb_u16 (uint32_t *__a, const int __imm, mve_pred16_t __p)
2887:/opt/st/stm32cubeide_2.1.1/plugins/com.st.stm32cube.ide.mcu.externaltools.gnu-tools-for-stm32.14.3.rel1.linux64_1.0.100.202602081740/tools/lib/gcc/arm-none-eabi/14.3.1/include/arm_mve.h **** {
2888:/opt/st/stm32cubeide_2.1.1/plugins/com.st.stm32cube.ide.mcu.externaltools.gnu-tools-for-stm32.14.3.rel1.linux64_1.0.100.202602081740/tools/lib/gcc/arm-none-eabi/14.3.1/include/arm_mve.h ****   uint16x8_t __arg1 = __arm_vuninitializedq_u16 ();
2889:/opt/st/stm32cubeide_2.1.1/plugins/com.st.stm32cube.ide.mcu.externaltools.gnu-tools-for-stm32.14.3.rel1.linux64_1.0.100.202602081740/tools/lib/gcc/arm-none-eabi/14.3.1/include/arm_mve.h ****   uint16x8_t __res = __builtin_mve_vidupq_m_n_uv8hi (__arg1, *__a, __imm, __p);
2890:/opt/st/stm32cubeide_2.1.1/plugins/com.st.stm32cube.ide.mcu.externaltools.gnu-tools-for-stm32.14.3.rel1.linux64_1.0.100.202602081740/tools/lib/gcc/arm-none-eabi/14.3.1/include/arm_mve.h ****   *__a += __imm * 8u;
2891:/opt/st/stm32cubeide_2.1.1/plugins/com.st.stm32cube.ide.mcu.externaltools.gnu-tools-for-stm32.14.3.rel1.linux64_1.0.100.202602081740/tools/lib/gcc/arm-none-eabi/14.3.1/include/arm_mve.h ****   return __res;
2892:/opt/st/stm32cubeide_2.1.1/plugins/com.st.stm32cube.ide.mcu.externaltools.gnu-tools-for-stm32.14.3.rel1.linux64_1.0.100.202602081740/tools/lib/gcc/arm-none-eabi/14.3.1/include/arm_mve.h **** }
2893:/opt/st/stm32cubeide_2.1.1/plugins/com.st.stm32cube.ide.mcu.externaltools.gnu-tools-for-stm32.14.3.rel1.linux64_1.0.100.202602081740/tools/lib/gcc/arm-none-eabi/14.3.1/include/arm_mve.h **** 
2894:/opt/st/stm32cubeide_2.1.1/plugins/com.st.stm32cube.ide.mcu.externaltools.gnu-tools-for-stm32.14.3.rel1.linux64_1.0.100.202602081740/tools/lib/gcc/arm-none-eabi/14.3.1/include/arm_mve.h **** __extension__ extern __inline uint32x4_t
2895:/opt/st/stm32cubeide_2.1.1/plugins/com.st.stm32cube.ide.mcu.externaltools.gnu-tools-for-stm32.14.3.rel1.linux64_1.0.100.202602081740/tools/lib/gcc/arm-none-eabi/14.3.1/include/arm_mve.h **** __attribute__ ((__always_inline__, __gnu_inline__, __artificial__))
2896:/opt/st/stm32cubeide_2.1.1/plugins/com.st.stm32cube.ide.mcu.externaltools.gnu-tools-for-stm32.14.3.rel1.linux64_1.0.100.202602081740/tools/lib/gcc/arm-none-eabi/14.3.1/include/arm_mve.h **** __arm_vidupq_x_wb_u32 (uint32_t *__a, const int __imm, mve_pred16_t __p)
2897:/opt/st/stm32cubeide_2.1.1/plugins/com.st.stm32cube.ide.mcu.externaltools.gnu-tools-for-stm32.14.3.rel1.linux64_1.0.100.202602081740/tools/lib/gcc/arm-none-eabi/14.3.1/include/arm_mve.h **** {
2898:/opt/st/stm32cubeide_2.1.1/plugins/com.st.stm32cube.ide.mcu.externaltools.gnu-tools-for-stm32.14.3.rel1.linux64_1.0.100.202602081740/tools/lib/gcc/arm-none-eabi/14.3.1/include/arm_mve.h ****   uint32x4_t __arg1 = __arm_vuninitializedq_u32 ();
2899:/opt/st/stm32cubeide_2.1.1/plugins/com.st.stm32cube.ide.mcu.externaltools.gnu-tools-for-stm32.14.3.rel1.linux64_1.0.100.202602081740/tools/lib/gcc/arm-none-eabi/14.3.1/include/arm_mve.h ****   uint32x4_t __res = __builtin_mve_vidupq_m_n_uv4si (__arg1, *__a, __imm, __p);
2900:/opt/st/stm32cubeide_2.1.1/plugins/com.st.stm32cube.ide.mcu.externaltools.gnu-tools-for-stm32.14.3.rel1.linux64_1.0.100.202602081740/tools/lib/gcc/arm-none-eabi/14.3.1/include/arm_mve.h ****   *__a += __imm * 4u;
2901:/opt/st/stm32cubeide_2.1.1/plugins/com.st.stm32cube.ide.mcu.externaltools.gnu-tools-for-stm32.14.3.rel1.linux64_1.0.100.202602081740/tools/lib/gcc/arm-none-eabi/14.3.1/include/arm_mve.h ****   return __res;
2902:/opt/st/stm32cubeide_2.1.1/plugins/com.st.stm32cube.ide.mcu.externaltools.gnu-tools-for-stm32.14.3.rel1.linux64_1.0.100.202602081740/tools/lib/gcc/arm-none-eabi/14.3.1/include/arm_mve.h **** }
2903:/opt/st/stm32cubeide_2.1.1/plugins/com.st.stm32cube.ide.mcu.externaltools.gnu-tools-for-stm32.14.3.rel1.linux64_1.0.100.202602081740/tools/lib/gcc/arm-none-eabi/14.3.1/include/arm_mve.h **** 
2904:/opt/st/stm32cubeide_2.1.1/plugins/com.st.stm32cube.ide.mcu.externaltools.gnu-tools-for-stm32.14.3.rel1.linux64_1.0.100.202602081740/tools/lib/gcc/arm-none-eabi/14.3.1/include/arm_mve.h **** __extension__ extern __inline uint8x16_t
2905:/opt/st/stm32cubeide_2.1.1/plugins/com.st.stm32cube.ide.mcu.externaltools.gnu-tools-for-stm32.14.3.rel1.linux64_1.0.100.202602081740/tools/lib/gcc/arm-none-eabi/14.3.1/include/arm_mve.h **** __attribute__ ((__always_inline__, __gnu_inline__, __artificial__))
2906:/opt/st/stm32cubeide_2.1.1/plugins/com.st.stm32cube.ide.mcu.externaltools.gnu-tools-for-stm32.14.3.rel1.linux64_1.0.100.202602081740/tools/lib/gcc/arm-none-eabi/14.3.1/include/arm_mve.h **** __arm_viwdupq_x_n_u8 (uint32_t __a, uint32_t __b, const int __imm, mve_pred16_t __p)
2907:/opt/st/stm32cubeide_2.1.1/plugins/com.st.stm32cube.ide.mcu.externaltools.gnu-tools-for-stm32.14.3.rel1.linux64_1.0.100.202602081740/tools/lib/gcc/arm-none-eabi/14.3.1/include/arm_mve.h **** {
2908:/opt/st/stm32cubeide_2.1.1/plugins/com.st.stm32cube.ide.mcu.externaltools.gnu-tools-for-stm32.14.3.rel1.linux64_1.0.100.202602081740/tools/lib/gcc/arm-none-eabi/14.3.1/include/arm_mve.h ****   uint64_t __c = ((uint64_t) __b) << 32;
2909:/opt/st/stm32cubeide_2.1.1/plugins/com.st.stm32cube.ide.mcu.externaltools.gnu-tools-for-stm32.14.3.rel1.linux64_1.0.100.202602081740/tools/lib/gcc/arm-none-eabi/14.3.1/include/arm_mve.h ****   return __builtin_mve_viwdupq_m_n_uv16qi (__arm_vuninitializedq_u8 (), __a, __c, __imm, __p);
2910:/opt/st/stm32cubeide_2.1.1/plugins/com.st.stm32cube.ide.mcu.externaltools.gnu-tools-for-stm32.14.3.rel1.linux64_1.0.100.202602081740/tools/lib/gcc/arm-none-eabi/14.3.1/include/arm_mve.h **** }
2911:/opt/st/stm32cubeide_2.1.1/plugins/com.st.stm32cube.ide.mcu.externaltools.gnu-tools-for-stm32.14.3.rel1.linux64_1.0.100.202602081740/tools/lib/gcc/arm-none-eabi/14.3.1/include/arm_mve.h **** 
2912:/opt/st/stm32cubeide_2.1.1/plugins/com.st.stm32cube.ide.mcu.externaltools.gnu-tools-for-stm32.14.3.rel1.linux64_1.0.100.202602081740/tools/lib/gcc/arm-none-eabi/14.3.1/include/arm_mve.h **** __extension__ extern __inline uint16x8_t
2913:/opt/st/stm32cubeide_2.1.1/plugins/com.st.stm32cube.ide.mcu.externaltools.gnu-tools-for-stm32.14.3.rel1.linux64_1.0.100.202602081740/tools/lib/gcc/arm-none-eabi/14.3.1/include/arm_mve.h **** __attribute__ ((__always_inline__, __gnu_inline__, __artificial__))
2914:/opt/st/stm32cubeide_2.1.1/plugins/com.st.stm32cube.ide.mcu.externaltools.gnu-tools-for-stm32.14.3.rel1.linux64_1.0.100.202602081740/tools/lib/gcc/arm-none-eabi/14.3.1/include/arm_mve.h **** __arm_viwdupq_x_n_u16 (uint32_t __a, uint32_t __b, const int __imm, mve_pred16_t __p)
2915:/opt/st/stm32cubeide_2.1.1/plugins/com.st.stm32cube.ide.mcu.externaltools.gnu-tools-for-stm32.14.3.rel1.linux64_1.0.100.202602081740/tools/lib/gcc/arm-none-eabi/14.3.1/include/arm_mve.h **** {
2916:/opt/st/stm32cubeide_2.1.1/plugins/com.st.stm32cube.ide.mcu.externaltools.gnu-tools-for-stm32.14.3.rel1.linux64_1.0.100.202602081740/tools/lib/gcc/arm-none-eabi/14.3.1/include/arm_mve.h ****   uint64_t __c = ((uint64_t) __b) << 32;
2917:/opt/st/stm32cubeide_2.1.1/plugins/com.st.stm32cube.ide.mcu.externaltools.gnu-tools-for-stm32.14.3.rel1.linux64_1.0.100.202602081740/tools/lib/gcc/arm-none-eabi/14.3.1/include/arm_mve.h ****   return __builtin_mve_viwdupq_m_n_uv8hi (__arm_vuninitializedq_u16 (), __a, __c, __imm, __p);
2918:/opt/st/stm32cubeide_2.1.1/plugins/com.st.stm32cube.ide.mcu.externaltools.gnu-tools-for-stm32.14.3.rel1.linux64_1.0.100.202602081740/tools/lib/gcc/arm-none-eabi/14.3.1/include/arm_mve.h **** }
2919:/opt/st/stm32cubeide_2.1.1/plugins/com.st.stm32cube.ide.mcu.externaltools.gnu-tools-for-stm32.14.3.rel1.linux64_1.0.100.202602081740/tools/lib/gcc/arm-none-eabi/14.3.1/include/arm_mve.h **** 
2920:/opt/st/stm32cubeide_2.1.1/plugins/com.st.stm32cube.ide.mcu.externaltools.gnu-tools-for-stm32.14.3.rel1.linux64_1.0.100.202602081740/tools/lib/gcc/arm-none-eabi/14.3.1/include/arm_mve.h **** __extension__ extern __inline uint32x4_t
2921:/opt/st/stm32cubeide_2.1.1/plugins/com.st.stm32cube.ide.mcu.externaltools.gnu-tools-for-stm32.14.3.rel1.linux64_1.0.100.202602081740/tools/lib/gcc/arm-none-eabi/14.3.1/include/arm_mve.h **** __attribute__ ((__always_inline__, __gnu_inline__, __artificial__))
2922:/opt/st/stm32cubeide_2.1.1/plugins/com.st.stm32cube.ide.mcu.externaltools.gnu-tools-for-stm32.14.3.rel1.linux64_1.0.100.202602081740/tools/lib/gcc/arm-none-eabi/14.3.1/include/arm_mve.h **** __arm_viwdupq_x_n_u32 (uint32_t __a, uint32_t __b, const int __imm, mve_pred16_t __p)
2923:/opt/st/stm32cubeide_2.1.1/plugins/com.st.stm32cube.ide.mcu.externaltools.gnu-tools-for-stm32.14.3.rel1.linux64_1.0.100.202602081740/tools/lib/gcc/arm-none-eabi/14.3.1/include/arm_mve.h **** {
2924:/opt/st/stm32cubeide_2.1.1/plugins/com.st.stm32cube.ide.mcu.externaltools.gnu-tools-for-stm32.14.3.rel1.linux64_1.0.100.202602081740/tools/lib/gcc/arm-none-eabi/14.3.1/include/arm_mve.h ****   uint64_t __c = ((uint64_t) __b) << 32;
2925:/opt/st/stm32cubeide_2.1.1/plugins/com.st.stm32cube.ide.mcu.externaltools.gnu-tools-for-stm32.14.3.rel1.linux64_1.0.100.202602081740/tools/lib/gcc/arm-none-eabi/14.3.1/include/arm_mve.h ****   return __builtin_mve_viwdupq_m_n_uv4si (__arm_vuninitializedq_u32 (), __a, __c, __imm, __p);
2926:/opt/st/stm32cubeide_2.1.1/plugins/com.st.stm32cube.ide.mcu.externaltools.gnu-tools-for-stm32.14.3.rel1.linux64_1.0.100.202602081740/tools/lib/gcc/arm-none-eabi/14.3.1/include/arm_mve.h **** }
2927:/opt/st/stm32cubeide_2.1.1/plugins/com.st.stm32cube.ide.mcu.externaltools.gnu-tools-for-stm32.14.3.rel1.linux64_1.0.100.202602081740/tools/lib/gcc/arm-none-eabi/14.3.1/include/arm_mve.h **** 
2928:/opt/st/stm32cubeide_2.1.1/plugins/com.st.stm32cube.ide.mcu.externaltools.gnu-tools-for-stm32.14.3.rel1.linux64_1.0.100.202602081740/tools/lib/gcc/arm-none-eabi/14.3.1/include/arm_mve.h **** __extension__ extern __inline uint8x16_t
2929:/opt/st/stm32cubeide_2.1.1/plugins/com.st.stm32cube.ide.mcu.externaltools.gnu-tools-for-stm32.14.3.rel1.linux64_1.0.100.202602081740/tools/lib/gcc/arm-none-eabi/14.3.1/include/arm_mve.h **** __attribute__ ((__always_inline__, __gnu_inline__, __artificial__))
2930:/opt/st/stm32cubeide_2.1.1/plugins/com.st.stm32cube.ide.mcu.externaltools.gnu-tools-for-stm32.14.3.rel1.linux64_1.0.100.202602081740/tools/lib/gcc/arm-none-eabi/14.3.1/include/arm_mve.h **** __arm_viwdupq_x_wb_u8 (uint32_t *__a, uint32_t __b, const int __imm, mve_pred16_t __p)
2931:/opt/st/stm32cubeide_2.1.1/plugins/com.st.stm32cube.ide.mcu.externaltools.gnu-tools-for-stm32.14.3.rel1.linux64_1.0.100.202602081740/tools/lib/gcc/arm-none-eabi/14.3.1/include/arm_mve.h **** {
2932:/opt/st/stm32cubeide_2.1.1/plugins/com.st.stm32cube.ide.mcu.externaltools.gnu-tools-for-stm32.14.3.rel1.linux64_1.0.100.202602081740/tools/lib/gcc/arm-none-eabi/14.3.1/include/arm_mve.h ****   uint64_t __c = ((uint64_t) __b) << 32;
2933:/opt/st/stm32cubeide_2.1.1/plugins/com.st.stm32cube.ide.mcu.externaltools.gnu-tools-for-stm32.14.3.rel1.linux64_1.0.100.202602081740/tools/lib/gcc/arm-none-eabi/14.3.1/include/arm_mve.h ****   uint8x16_t __arg1 = __arm_vuninitializedq_u8 ();
2934:/opt/st/stm32cubeide_2.1.1/plugins/com.st.stm32cube.ide.mcu.externaltools.gnu-tools-for-stm32.14.3.rel1.linux64_1.0.100.202602081740/tools/lib/gcc/arm-none-eabi/14.3.1/include/arm_mve.h ****   uint8x16_t __res = __builtin_mve_viwdupq_m_n_uv16qi (__arg1, *__a, __c, __imm, __p);
2935:/opt/st/stm32cubeide_2.1.1/plugins/com.st.stm32cube.ide.mcu.externaltools.gnu-tools-for-stm32.14.3.rel1.linux64_1.0.100.202602081740/tools/lib/gcc/arm-none-eabi/14.3.1/include/arm_mve.h ****   *__a =  __builtin_mve_viwdupq_m_wb_uv16qi (__arg1, *__a, __c, __imm, __p);
2936:/opt/st/stm32cubeide_2.1.1/plugins/com.st.stm32cube.ide.mcu.externaltools.gnu-tools-for-stm32.14.3.rel1.linux64_1.0.100.202602081740/tools/lib/gcc/arm-none-eabi/14.3.1/include/arm_mve.h ****   return __res;
ARM GAS  /tmp/ccS31Hxi.s 			page 72


2937:/opt/st/stm32cubeide_2.1.1/plugins/com.st.stm32cube.ide.mcu.externaltools.gnu-tools-for-stm32.14.3.rel1.linux64_1.0.100.202602081740/tools/lib/gcc/arm-none-eabi/14.3.1/include/arm_mve.h **** }
2938:/opt/st/stm32cubeide_2.1.1/plugins/com.st.stm32cube.ide.mcu.externaltools.gnu-tools-for-stm32.14.3.rel1.linux64_1.0.100.202602081740/tools/lib/gcc/arm-none-eabi/14.3.1/include/arm_mve.h **** 
2939:/opt/st/stm32cubeide_2.1.1/plugins/com.st.stm32cube.ide.mcu.externaltools.gnu-tools-for-stm32.14.3.rel1.linux64_1.0.100.202602081740/tools/lib/gcc/arm-none-eabi/14.3.1/include/arm_mve.h **** __extension__ extern __inline uint16x8_t
2940:/opt/st/stm32cubeide_2.1.1/plugins/com.st.stm32cube.ide.mcu.externaltools.gnu-tools-for-stm32.14.3.rel1.linux64_1.0.100.202602081740/tools/lib/gcc/arm-none-eabi/14.3.1/include/arm_mve.h **** __attribute__ ((__always_inline__, __gnu_inline__, __artificial__))
2941:/opt/st/stm32cubeide_2.1.1/plugins/com.st.stm32cube.ide.mcu.externaltools.gnu-tools-for-stm32.14.3.rel1.linux64_1.0.100.202602081740/tools/lib/gcc/arm-none-eabi/14.3.1/include/arm_mve.h **** __arm_viwdupq_x_wb_u16 (uint32_t *__a, uint32_t __b, const int __imm, mve_pred16_t __p)
2942:/opt/st/stm32cubeide_2.1.1/plugins/com.st.stm32cube.ide.mcu.externaltools.gnu-tools-for-stm32.14.3.rel1.linux64_1.0.100.202602081740/tools/lib/gcc/arm-none-eabi/14.3.1/include/arm_mve.h **** {
2943:/opt/st/stm32cubeide_2.1.1/plugins/com.st.stm32cube.ide.mcu.externaltools.gnu-tools-for-stm32.14.3.rel1.linux64_1.0.100.202602081740/tools/lib/gcc/arm-none-eabi/14.3.1/include/arm_mve.h ****   uint64_t __c = ((uint64_t) __b) << 32;
2944:/opt/st/stm32cubeide_2.1.1/plugins/com.st.stm32cube.ide.mcu.externaltools.gnu-tools-for-stm32.14.3.rel1.linux64_1.0.100.202602081740/tools/lib/gcc/arm-none-eabi/14.3.1/include/arm_mve.h ****   uint16x8_t __arg1 = __arm_vuninitializedq_u16 ();
2945:/opt/st/stm32cubeide_2.1.1/plugins/com.st.stm32cube.ide.mcu.externaltools.gnu-tools-for-stm32.14.3.rel1.linux64_1.0.100.202602081740/tools/lib/gcc/arm-none-eabi/14.3.1/include/arm_mve.h ****   uint16x8_t __res = __builtin_mve_viwdupq_m_n_uv8hi (__arg1, *__a, __c, __imm, __p);
2946:/opt/st/stm32cubeide_2.1.1/plugins/com.st.stm32cube.ide.mcu.externaltools.gnu-tools-for-stm32.14.3.rel1.linux64_1.0.100.202602081740/tools/lib/gcc/arm-none-eabi/14.3.1/include/arm_mve.h ****   *__a =  __builtin_mve_viwdupq_m_wb_uv8hi (__arg1, *__a, __c, __imm, __p);
2947:/opt/st/stm32cubeide_2.1.1/plugins/com.st.stm32cube.ide.mcu.externaltools.gnu-tools-for-stm32.14.3.rel1.linux64_1.0.100.202602081740/tools/lib/gcc/arm-none-eabi/14.3.1/include/arm_mve.h ****   return __res;
2948:/opt/st/stm32cubeide_2.1.1/plugins/com.st.stm32cube.ide.mcu.externaltools.gnu-tools-for-stm32.14.3.rel1.linux64_1.0.100.202602081740/tools/lib/gcc/arm-none-eabi/14.3.1/include/arm_mve.h **** }
2949:/opt/st/stm32cubeide_2.1.1/plugins/com.st.stm32cube.ide.mcu.externaltools.gnu-tools-for-stm32.14.3.rel1.linux64_1.0.100.202602081740/tools/lib/gcc/arm-none-eabi/14.3.1/include/arm_mve.h **** 
2950:/opt/st/stm32cubeide_2.1.1/plugins/com.st.stm32cube.ide.mcu.externaltools.gnu-tools-for-stm32.14.3.rel1.linux64_1.0.100.202602081740/tools/lib/gcc/arm-none-eabi/14.3.1/include/arm_mve.h **** __extension__ extern __inline uint32x4_t
2951:/opt/st/stm32cubeide_2.1.1/plugins/com.st.stm32cube.ide.mcu.externaltools.gnu-tools-for-stm32.14.3.rel1.linux64_1.0.100.202602081740/tools/lib/gcc/arm-none-eabi/14.3.1/include/arm_mve.h **** __attribute__ ((__always_inline__, __gnu_inline__, __artificial__))
2952:/opt/st/stm32cubeide_2.1.1/plugins/com.st.stm32cube.ide.mcu.externaltools.gnu-tools-for-stm32.14.3.rel1.linux64_1.0.100.202602081740/tools/lib/gcc/arm-none-eabi/14.3.1/include/arm_mve.h **** __arm_viwdupq_x_wb_u32 (uint32_t *__a, uint32_t __b, const int __imm, mve_pred16_t __p)
2953:/opt/st/stm32cubeide_2.1.1/plugins/com.st.stm32cube.ide.mcu.externaltools.gnu-tools-for-stm32.14.3.rel1.linux64_1.0.100.202602081740/tools/lib/gcc/arm-none-eabi/14.3.1/include/arm_mve.h **** {
2954:/opt/st/stm32cubeide_2.1.1/plugins/com.st.stm32cube.ide.mcu.externaltools.gnu-tools-for-stm32.14.3.rel1.linux64_1.0.100.202602081740/tools/lib/gcc/arm-none-eabi/14.3.1/include/arm_mve.h ****   uint64_t __c = ((uint64_t) __b) << 32;
2955:/opt/st/stm32cubeide_2.1.1/plugins/com.st.stm32cube.ide.mcu.externaltools.gnu-tools-for-stm32.14.3.rel1.linux64_1.0.100.202602081740/tools/lib/gcc/arm-none-eabi/14.3.1/include/arm_mve.h ****   uint32x4_t __arg1 = __arm_vuninitializedq_u32 ();
2956:/opt/st/stm32cubeide_2.1.1/plugins/com.st.stm32cube.ide.mcu.externaltools.gnu-tools-for-stm32.14.3.rel1.linux64_1.0.100.202602081740/tools/lib/gcc/arm-none-eabi/14.3.1/include/arm_mve.h ****   uint32x4_t __res = __builtin_mve_viwdupq_m_n_uv4si (__arg1, *__a, __c, __imm, __p);
2957:/opt/st/stm32cubeide_2.1.1/plugins/com.st.stm32cube.ide.mcu.externaltools.gnu-tools-for-stm32.14.3.rel1.linux64_1.0.100.202602081740/tools/lib/gcc/arm-none-eabi/14.3.1/include/arm_mve.h ****   *__a =  __builtin_mve_viwdupq_m_wb_uv4si (__arg1, *__a, __c, __imm, __p);
2958:/opt/st/stm32cubeide_2.1.1/plugins/com.st.stm32cube.ide.mcu.externaltools.gnu-tools-for-stm32.14.3.rel1.linux64_1.0.100.202602081740/tools/lib/gcc/arm-none-eabi/14.3.1/include/arm_mve.h ****   return __res;
2959:/opt/st/stm32cubeide_2.1.1/plugins/com.st.stm32cube.ide.mcu.externaltools.gnu-tools-for-stm32.14.3.rel1.linux64_1.0.100.202602081740/tools/lib/gcc/arm-none-eabi/14.3.1/include/arm_mve.h **** }
2960:/opt/st/stm32cubeide_2.1.1/plugins/com.st.stm32cube.ide.mcu.externaltools.gnu-tools-for-stm32.14.3.rel1.linux64_1.0.100.202602081740/tools/lib/gcc/arm-none-eabi/14.3.1/include/arm_mve.h **** 
2961:/opt/st/stm32cubeide_2.1.1/plugins/com.st.stm32cube.ide.mcu.externaltools.gnu-tools-for-stm32.14.3.rel1.linux64_1.0.100.202602081740/tools/lib/gcc/arm-none-eabi/14.3.1/include/arm_mve.h **** __extension__ extern __inline int8x16_t
2962:/opt/st/stm32cubeide_2.1.1/plugins/com.st.stm32cube.ide.mcu.externaltools.gnu-tools-for-stm32.14.3.rel1.linux64_1.0.100.202602081740/tools/lib/gcc/arm-none-eabi/14.3.1/include/arm_mve.h **** __attribute__ ((__always_inline__, __gnu_inline__, __artificial__))
2963:/opt/st/stm32cubeide_2.1.1/plugins/com.st.stm32cube.ide.mcu.externaltools.gnu-tools-for-stm32.14.3.rel1.linux64_1.0.100.202602081740/tools/lib/gcc/arm-none-eabi/14.3.1/include/arm_mve.h **** __arm_vbicq_x_s8 (int8x16_t __a, int8x16_t __b, mve_pred16_t __p)
2964:/opt/st/stm32cubeide_2.1.1/plugins/com.st.stm32cube.ide.mcu.externaltools.gnu-tools-for-stm32.14.3.rel1.linux64_1.0.100.202602081740/tools/lib/gcc/arm-none-eabi/14.3.1/include/arm_mve.h **** {
2965:/opt/st/stm32cubeide_2.1.1/plugins/com.st.stm32cube.ide.mcu.externaltools.gnu-tools-for-stm32.14.3.rel1.linux64_1.0.100.202602081740/tools/lib/gcc/arm-none-eabi/14.3.1/include/arm_mve.h ****   return __builtin_mve_vbicq_m_sv16qi (__arm_vuninitializedq_s8 (), __a, __b, __p);
2966:/opt/st/stm32cubeide_2.1.1/plugins/com.st.stm32cube.ide.mcu.externaltools.gnu-tools-for-stm32.14.3.rel1.linux64_1.0.100.202602081740/tools/lib/gcc/arm-none-eabi/14.3.1/include/arm_mve.h **** }
2967:/opt/st/stm32cubeide_2.1.1/plugins/com.st.stm32cube.ide.mcu.externaltools.gnu-tools-for-stm32.14.3.rel1.linux64_1.0.100.202602081740/tools/lib/gcc/arm-none-eabi/14.3.1/include/arm_mve.h **** 
2968:/opt/st/stm32cubeide_2.1.1/plugins/com.st.stm32cube.ide.mcu.externaltools.gnu-tools-for-stm32.14.3.rel1.linux64_1.0.100.202602081740/tools/lib/gcc/arm-none-eabi/14.3.1/include/arm_mve.h **** __extension__ extern __inline int16x8_t
2969:/opt/st/stm32cubeide_2.1.1/plugins/com.st.stm32cube.ide.mcu.externaltools.gnu-tools-for-stm32.14.3.rel1.linux64_1.0.100.202602081740/tools/lib/gcc/arm-none-eabi/14.3.1/include/arm_mve.h **** __attribute__ ((__always_inline__, __gnu_inline__, __artificial__))
2970:/opt/st/stm32cubeide_2.1.1/plugins/com.st.stm32cube.ide.mcu.externaltools.gnu-tools-for-stm32.14.3.rel1.linux64_1.0.100.202602081740/tools/lib/gcc/arm-none-eabi/14.3.1/include/arm_mve.h **** __arm_vbicq_x_s16 (int16x8_t __a, int16x8_t __b, mve_pred16_t __p)
2971:/opt/st/stm32cubeide_2.1.1/plugins/com.st.stm32cube.ide.mcu.externaltools.gnu-tools-for-stm32.14.3.rel1.linux64_1.0.100.202602081740/tools/lib/gcc/arm-none-eabi/14.3.1/include/arm_mve.h **** {
2972:/opt/st/stm32cubeide_2.1.1/plugins/com.st.stm32cube.ide.mcu.externaltools.gnu-tools-for-stm32.14.3.rel1.linux64_1.0.100.202602081740/tools/lib/gcc/arm-none-eabi/14.3.1/include/arm_mve.h ****   return __builtin_mve_vbicq_m_sv8hi (__arm_vuninitializedq_s16 (), __a, __b, __p);
2973:/opt/st/stm32cubeide_2.1.1/plugins/com.st.stm32cube.ide.mcu.externaltools.gnu-tools-for-stm32.14.3.rel1.linux64_1.0.100.202602081740/tools/lib/gcc/arm-none-eabi/14.3.1/include/arm_mve.h **** }
2974:/opt/st/stm32cubeide_2.1.1/plugins/com.st.stm32cube.ide.mcu.externaltools.gnu-tools-for-stm32.14.3.rel1.linux64_1.0.100.202602081740/tools/lib/gcc/arm-none-eabi/14.3.1/include/arm_mve.h **** 
2975:/opt/st/stm32cubeide_2.1.1/plugins/com.st.stm32cube.ide.mcu.externaltools.gnu-tools-for-stm32.14.3.rel1.linux64_1.0.100.202602081740/tools/lib/gcc/arm-none-eabi/14.3.1/include/arm_mve.h **** __extension__ extern __inline int32x4_t
2976:/opt/st/stm32cubeide_2.1.1/plugins/com.st.stm32cube.ide.mcu.externaltools.gnu-tools-for-stm32.14.3.rel1.linux64_1.0.100.202602081740/tools/lib/gcc/arm-none-eabi/14.3.1/include/arm_mve.h **** __attribute__ ((__always_inline__, __gnu_inline__, __artificial__))
2977:/opt/st/stm32cubeide_2.1.1/plugins/com.st.stm32cube.ide.mcu.externaltools.gnu-tools-for-stm32.14.3.rel1.linux64_1.0.100.202602081740/tools/lib/gcc/arm-none-eabi/14.3.1/include/arm_mve.h **** __arm_vbicq_x_s32 (int32x4_t __a, int32x4_t __b, mve_pred16_t __p)
2978:/opt/st/stm32cubeide_2.1.1/plugins/com.st.stm32cube.ide.mcu.externaltools.gnu-tools-for-stm32.14.3.rel1.linux64_1.0.100.202602081740/tools/lib/gcc/arm-none-eabi/14.3.1/include/arm_mve.h **** {
2979:/opt/st/stm32cubeide_2.1.1/plugins/com.st.stm32cube.ide.mcu.externaltools.gnu-tools-for-stm32.14.3.rel1.linux64_1.0.100.202602081740/tools/lib/gcc/arm-none-eabi/14.3.1/include/arm_mve.h ****   return __builtin_mve_vbicq_m_sv4si (__arm_vuninitializedq_s32 (), __a, __b, __p);
2980:/opt/st/stm32cubeide_2.1.1/plugins/com.st.stm32cube.ide.mcu.externaltools.gnu-tools-for-stm32.14.3.rel1.linux64_1.0.100.202602081740/tools/lib/gcc/arm-none-eabi/14.3.1/include/arm_mve.h **** }
2981:/opt/st/stm32cubeide_2.1.1/plugins/com.st.stm32cube.ide.mcu.externaltools.gnu-tools-for-stm32.14.3.rel1.linux64_1.0.100.202602081740/tools/lib/gcc/arm-none-eabi/14.3.1/include/arm_mve.h **** 
2982:/opt/st/stm32cubeide_2.1.1/plugins/com.st.stm32cube.ide.mcu.externaltools.gnu-tools-for-stm32.14.3.rel1.linux64_1.0.100.202602081740/tools/lib/gcc/arm-none-eabi/14.3.1/include/arm_mve.h **** __extension__ extern __inline uint8x16_t
2983:/opt/st/stm32cubeide_2.1.1/plugins/com.st.stm32cube.ide.mcu.externaltools.gnu-tools-for-stm32.14.3.rel1.linux64_1.0.100.202602081740/tools/lib/gcc/arm-none-eabi/14.3.1/include/arm_mve.h **** __attribute__ ((__always_inline__, __gnu_inline__, __artificial__))
2984:/opt/st/stm32cubeide_2.1.1/plugins/com.st.stm32cube.ide.mcu.externaltools.gnu-tools-for-stm32.14.3.rel1.linux64_1.0.100.202602081740/tools/lib/gcc/arm-none-eabi/14.3.1/include/arm_mve.h **** __arm_vbicq_x_u8 (uint8x16_t __a, uint8x16_t __b, mve_pred16_t __p)
2985:/opt/st/stm32cubeide_2.1.1/plugins/com.st.stm32cube.ide.mcu.externaltools.gnu-tools-for-stm32.14.3.rel1.linux64_1.0.100.202602081740/tools/lib/gcc/arm-none-eabi/14.3.1/include/arm_mve.h **** {
2986:/opt/st/stm32cubeide_2.1.1/plugins/com.st.stm32cube.ide.mcu.externaltools.gnu-tools-for-stm32.14.3.rel1.linux64_1.0.100.202602081740/tools/lib/gcc/arm-none-eabi/14.3.1/include/arm_mve.h ****   return __builtin_mve_vbicq_m_uv16qi (__arm_vuninitializedq_u8 (), __a, __b, __p);
2987:/opt/st/stm32cubeide_2.1.1/plugins/com.st.stm32cube.ide.mcu.externaltools.gnu-tools-for-stm32.14.3.rel1.linux64_1.0.100.202602081740/tools/lib/gcc/arm-none-eabi/14.3.1/include/arm_mve.h **** }
2988:/opt/st/stm32cubeide_2.1.1/plugins/com.st.stm32cube.ide.mcu.externaltools.gnu-tools-for-stm32.14.3.rel1.linux64_1.0.100.202602081740/tools/lib/gcc/arm-none-eabi/14.3.1/include/arm_mve.h **** 
2989:/opt/st/stm32cubeide_2.1.1/plugins/com.st.stm32cube.ide.mcu.externaltools.gnu-tools-for-stm32.14.3.rel1.linux64_1.0.100.202602081740/tools/lib/gcc/arm-none-eabi/14.3.1/include/arm_mve.h **** __extension__ extern __inline uint16x8_t
2990:/opt/st/stm32cubeide_2.1.1/plugins/com.st.stm32cube.ide.mcu.externaltools.gnu-tools-for-stm32.14.3.rel1.linux64_1.0.100.202602081740/tools/lib/gcc/arm-none-eabi/14.3.1/include/arm_mve.h **** __attribute__ ((__always_inline__, __gnu_inline__, __artificial__))
2991:/opt/st/stm32cubeide_2.1.1/plugins/com.st.stm32cube.ide.mcu.externaltools.gnu-tools-for-stm32.14.3.rel1.linux64_1.0.100.202602081740/tools/lib/gcc/arm-none-eabi/14.3.1/include/arm_mve.h **** __arm_vbicq_x_u16 (uint16x8_t __a, uint16x8_t __b, mve_pred16_t __p)
2992:/opt/st/stm32cubeide_2.1.1/plugins/com.st.stm32cube.ide.mcu.externaltools.gnu-tools-for-stm32.14.3.rel1.linux64_1.0.100.202602081740/tools/lib/gcc/arm-none-eabi/14.3.1/include/arm_mve.h **** {
2993:/opt/st/stm32cubeide_2.1.1/plugins/com.st.stm32cube.ide.mcu.externaltools.gnu-tools-for-stm32.14.3.rel1.linux64_1.0.100.202602081740/tools/lib/gcc/arm-none-eabi/14.3.1/include/arm_mve.h ****   return __builtin_mve_vbicq_m_uv8hi (__arm_vuninitializedq_u16 (), __a, __b, __p);
ARM GAS  /tmp/ccS31Hxi.s 			page 73


2994:/opt/st/stm32cubeide_2.1.1/plugins/com.st.stm32cube.ide.mcu.externaltools.gnu-tools-for-stm32.14.3.rel1.linux64_1.0.100.202602081740/tools/lib/gcc/arm-none-eabi/14.3.1/include/arm_mve.h **** }
2995:/opt/st/stm32cubeide_2.1.1/plugins/com.st.stm32cube.ide.mcu.externaltools.gnu-tools-for-stm32.14.3.rel1.linux64_1.0.100.202602081740/tools/lib/gcc/arm-none-eabi/14.3.1/include/arm_mve.h **** 
2996:/opt/st/stm32cubeide_2.1.1/plugins/com.st.stm32cube.ide.mcu.externaltools.gnu-tools-for-stm32.14.3.rel1.linux64_1.0.100.202602081740/tools/lib/gcc/arm-none-eabi/14.3.1/include/arm_mve.h **** __extension__ extern __inline uint32x4_t
2997:/opt/st/stm32cubeide_2.1.1/plugins/com.st.stm32cube.ide.mcu.externaltools.gnu-tools-for-stm32.14.3.rel1.linux64_1.0.100.202602081740/tools/lib/gcc/arm-none-eabi/14.3.1/include/arm_mve.h **** __attribute__ ((__always_inline__, __gnu_inline__, __artificial__))
2998:/opt/st/stm32cubeide_2.1.1/plugins/com.st.stm32cube.ide.mcu.externaltools.gnu-tools-for-stm32.14.3.rel1.linux64_1.0.100.202602081740/tools/lib/gcc/arm-none-eabi/14.3.1/include/arm_mve.h **** __arm_vbicq_x_u32 (uint32x4_t __a, uint32x4_t __b, mve_pred16_t __p)
2999:/opt/st/stm32cubeide_2.1.1/plugins/com.st.stm32cube.ide.mcu.externaltools.gnu-tools-for-stm32.14.3.rel1.linux64_1.0.100.202602081740/tools/lib/gcc/arm-none-eabi/14.3.1/include/arm_mve.h **** {
3000:/opt/st/stm32cubeide_2.1.1/plugins/com.st.stm32cube.ide.mcu.externaltools.gnu-tools-for-stm32.14.3.rel1.linux64_1.0.100.202602081740/tools/lib/gcc/arm-none-eabi/14.3.1/include/arm_mve.h ****   return __builtin_mve_vbicq_m_uv4si (__arm_vuninitializedq_u32 (), __a, __b, __p);
3001:/opt/st/stm32cubeide_2.1.1/plugins/com.st.stm32cube.ide.mcu.externaltools.gnu-tools-for-stm32.14.3.rel1.linux64_1.0.100.202602081740/tools/lib/gcc/arm-none-eabi/14.3.1/include/arm_mve.h **** }
3002:/opt/st/stm32cubeide_2.1.1/plugins/com.st.stm32cube.ide.mcu.externaltools.gnu-tools-for-stm32.14.3.rel1.linux64_1.0.100.202602081740/tools/lib/gcc/arm-none-eabi/14.3.1/include/arm_mve.h **** 
3003:/opt/st/stm32cubeide_2.1.1/plugins/com.st.stm32cube.ide.mcu.externaltools.gnu-tools-for-stm32.14.3.rel1.linux64_1.0.100.202602081740/tools/lib/gcc/arm-none-eabi/14.3.1/include/arm_mve.h **** __extension__ extern __inline int8x16_t
3004:/opt/st/stm32cubeide_2.1.1/plugins/com.st.stm32cube.ide.mcu.externaltools.gnu-tools-for-stm32.14.3.rel1.linux64_1.0.100.202602081740/tools/lib/gcc/arm-none-eabi/14.3.1/include/arm_mve.h **** __attribute__ ((__always_inline__, __gnu_inline__, __artificial__))
3005:/opt/st/stm32cubeide_2.1.1/plugins/com.st.stm32cube.ide.mcu.externaltools.gnu-tools-for-stm32.14.3.rel1.linux64_1.0.100.202602081740/tools/lib/gcc/arm-none-eabi/14.3.1/include/arm_mve.h **** __arm_vornq_x_s8 (int8x16_t __a, int8x16_t __b, mve_pred16_t __p)
3006:/opt/st/stm32cubeide_2.1.1/plugins/com.st.stm32cube.ide.mcu.externaltools.gnu-tools-for-stm32.14.3.rel1.linux64_1.0.100.202602081740/tools/lib/gcc/arm-none-eabi/14.3.1/include/arm_mve.h **** {
3007:/opt/st/stm32cubeide_2.1.1/plugins/com.st.stm32cube.ide.mcu.externaltools.gnu-tools-for-stm32.14.3.rel1.linux64_1.0.100.202602081740/tools/lib/gcc/arm-none-eabi/14.3.1/include/arm_mve.h ****   return __builtin_mve_vornq_m_sv16qi (__arm_vuninitializedq_s8 (), __a, __b, __p);
3008:/opt/st/stm32cubeide_2.1.1/plugins/com.st.stm32cube.ide.mcu.externaltools.gnu-tools-for-stm32.14.3.rel1.linux64_1.0.100.202602081740/tools/lib/gcc/arm-none-eabi/14.3.1/include/arm_mve.h **** }
3009:/opt/st/stm32cubeide_2.1.1/plugins/com.st.stm32cube.ide.mcu.externaltools.gnu-tools-for-stm32.14.3.rel1.linux64_1.0.100.202602081740/tools/lib/gcc/arm-none-eabi/14.3.1/include/arm_mve.h **** 
3010:/opt/st/stm32cubeide_2.1.1/plugins/com.st.stm32cube.ide.mcu.externaltools.gnu-tools-for-stm32.14.3.rel1.linux64_1.0.100.202602081740/tools/lib/gcc/arm-none-eabi/14.3.1/include/arm_mve.h **** __extension__ extern __inline int16x8_t
3011:/opt/st/stm32cubeide_2.1.1/plugins/com.st.stm32cube.ide.mcu.externaltools.gnu-tools-for-stm32.14.3.rel1.linux64_1.0.100.202602081740/tools/lib/gcc/arm-none-eabi/14.3.1/include/arm_mve.h **** __attribute__ ((__always_inline__, __gnu_inline__, __artificial__))
3012:/opt/st/stm32cubeide_2.1.1/plugins/com.st.stm32cube.ide.mcu.externaltools.gnu-tools-for-stm32.14.3.rel1.linux64_1.0.100.202602081740/tools/lib/gcc/arm-none-eabi/14.3.1/include/arm_mve.h **** __arm_vornq_x_s16 (int16x8_t __a, int16x8_t __b, mve_pred16_t __p)
3013:/opt/st/stm32cubeide_2.1.1/plugins/com.st.stm32cube.ide.mcu.externaltools.gnu-tools-for-stm32.14.3.rel1.linux64_1.0.100.202602081740/tools/lib/gcc/arm-none-eabi/14.3.1/include/arm_mve.h **** {
3014:/opt/st/stm32cubeide_2.1.1/plugins/com.st.stm32cube.ide.mcu.externaltools.gnu-tools-for-stm32.14.3.rel1.linux64_1.0.100.202602081740/tools/lib/gcc/arm-none-eabi/14.3.1/include/arm_mve.h ****   return __builtin_mve_vornq_m_sv8hi (__arm_vuninitializedq_s16 (), __a, __b, __p);
3015:/opt/st/stm32cubeide_2.1.1/plugins/com.st.stm32cube.ide.mcu.externaltools.gnu-tools-for-stm32.14.3.rel1.linux64_1.0.100.202602081740/tools/lib/gcc/arm-none-eabi/14.3.1/include/arm_mve.h **** }
3016:/opt/st/stm32cubeide_2.1.1/plugins/com.st.stm32cube.ide.mcu.externaltools.gnu-tools-for-stm32.14.3.rel1.linux64_1.0.100.202602081740/tools/lib/gcc/arm-none-eabi/14.3.1/include/arm_mve.h **** 
3017:/opt/st/stm32cubeide_2.1.1/plugins/com.st.stm32cube.ide.mcu.externaltools.gnu-tools-for-stm32.14.3.rel1.linux64_1.0.100.202602081740/tools/lib/gcc/arm-none-eabi/14.3.1/include/arm_mve.h **** __extension__ extern __inline int32x4_t
3018:/opt/st/stm32cubeide_2.1.1/plugins/com.st.stm32cube.ide.mcu.externaltools.gnu-tools-for-stm32.14.3.rel1.linux64_1.0.100.202602081740/tools/lib/gcc/arm-none-eabi/14.3.1/include/arm_mve.h **** __attribute__ ((__always_inline__, __gnu_inline__, __artificial__))
3019:/opt/st/stm32cubeide_2.1.1/plugins/com.st.stm32cube.ide.mcu.externaltools.gnu-tools-for-stm32.14.3.rel1.linux64_1.0.100.202602081740/tools/lib/gcc/arm-none-eabi/14.3.1/include/arm_mve.h **** __arm_vornq_x_s32 (int32x4_t __a, int32x4_t __b, mve_pred16_t __p)
3020:/opt/st/stm32cubeide_2.1.1/plugins/com.st.stm32cube.ide.mcu.externaltools.gnu-tools-for-stm32.14.3.rel1.linux64_1.0.100.202602081740/tools/lib/gcc/arm-none-eabi/14.3.1/include/arm_mve.h **** {
3021:/opt/st/stm32cubeide_2.1.1/plugins/com.st.stm32cube.ide.mcu.externaltools.gnu-tools-for-stm32.14.3.rel1.linux64_1.0.100.202602081740/tools/lib/gcc/arm-none-eabi/14.3.1/include/arm_mve.h ****   return __builtin_mve_vornq_m_sv4si (__arm_vuninitializedq_s32 (), __a, __b, __p);
3022:/opt/st/stm32cubeide_2.1.1/plugins/com.st.stm32cube.ide.mcu.externaltools.gnu-tools-for-stm32.14.3.rel1.linux64_1.0.100.202602081740/tools/lib/gcc/arm-none-eabi/14.3.1/include/arm_mve.h **** }
3023:/opt/st/stm32cubeide_2.1.1/plugins/com.st.stm32cube.ide.mcu.externaltools.gnu-tools-for-stm32.14.3.rel1.linux64_1.0.100.202602081740/tools/lib/gcc/arm-none-eabi/14.3.1/include/arm_mve.h **** 
3024:/opt/st/stm32cubeide_2.1.1/plugins/com.st.stm32cube.ide.mcu.externaltools.gnu-tools-for-stm32.14.3.rel1.linux64_1.0.100.202602081740/tools/lib/gcc/arm-none-eabi/14.3.1/include/arm_mve.h **** __extension__ extern __inline uint8x16_t
3025:/opt/st/stm32cubeide_2.1.1/plugins/com.st.stm32cube.ide.mcu.externaltools.gnu-tools-for-stm32.14.3.rel1.linux64_1.0.100.202602081740/tools/lib/gcc/arm-none-eabi/14.3.1/include/arm_mve.h **** __attribute__ ((__always_inline__, __gnu_inline__, __artificial__))
3026:/opt/st/stm32cubeide_2.1.1/plugins/com.st.stm32cube.ide.mcu.externaltools.gnu-tools-for-stm32.14.3.rel1.linux64_1.0.100.202602081740/tools/lib/gcc/arm-none-eabi/14.3.1/include/arm_mve.h **** __arm_vornq_x_u8 (uint8x16_t __a, uint8x16_t __b, mve_pred16_t __p)
3027:/opt/st/stm32cubeide_2.1.1/plugins/com.st.stm32cube.ide.mcu.externaltools.gnu-tools-for-stm32.14.3.rel1.linux64_1.0.100.202602081740/tools/lib/gcc/arm-none-eabi/14.3.1/include/arm_mve.h **** {
3028:/opt/st/stm32cubeide_2.1.1/plugins/com.st.stm32cube.ide.mcu.externaltools.gnu-tools-for-stm32.14.3.rel1.linux64_1.0.100.202602081740/tools/lib/gcc/arm-none-eabi/14.3.1/include/arm_mve.h ****   return __builtin_mve_vornq_m_uv16qi (__arm_vuninitializedq_u8 (), __a, __b, __p);
3029:/opt/st/stm32cubeide_2.1.1/plugins/com.st.stm32cube.ide.mcu.externaltools.gnu-tools-for-stm32.14.3.rel1.linux64_1.0.100.202602081740/tools/lib/gcc/arm-none-eabi/14.3.1/include/arm_mve.h **** }
3030:/opt/st/stm32cubeide_2.1.1/plugins/com.st.stm32cube.ide.mcu.externaltools.gnu-tools-for-stm32.14.3.rel1.linux64_1.0.100.202602081740/tools/lib/gcc/arm-none-eabi/14.3.1/include/arm_mve.h **** 
3031:/opt/st/stm32cubeide_2.1.1/plugins/com.st.stm32cube.ide.mcu.externaltools.gnu-tools-for-stm32.14.3.rel1.linux64_1.0.100.202602081740/tools/lib/gcc/arm-none-eabi/14.3.1/include/arm_mve.h **** __extension__ extern __inline uint16x8_t
3032:/opt/st/stm32cubeide_2.1.1/plugins/com.st.stm32cube.ide.mcu.externaltools.gnu-tools-for-stm32.14.3.rel1.linux64_1.0.100.202602081740/tools/lib/gcc/arm-none-eabi/14.3.1/include/arm_mve.h **** __attribute__ ((__always_inline__, __gnu_inline__, __artificial__))
3033:/opt/st/stm32cubeide_2.1.1/plugins/com.st.stm32cube.ide.mcu.externaltools.gnu-tools-for-stm32.14.3.rel1.linux64_1.0.100.202602081740/tools/lib/gcc/arm-none-eabi/14.3.1/include/arm_mve.h **** __arm_vornq_x_u16 (uint16x8_t __a, uint16x8_t __b, mve_pred16_t __p)
3034:/opt/st/stm32cubeide_2.1.1/plugins/com.st.stm32cube.ide.mcu.externaltools.gnu-tools-for-stm32.14.3.rel1.linux64_1.0.100.202602081740/tools/lib/gcc/arm-none-eabi/14.3.1/include/arm_mve.h **** {
3035:/opt/st/stm32cubeide_2.1.1/plugins/com.st.stm32cube.ide.mcu.externaltools.gnu-tools-for-stm32.14.3.rel1.linux64_1.0.100.202602081740/tools/lib/gcc/arm-none-eabi/14.3.1/include/arm_mve.h ****   return __builtin_mve_vornq_m_uv8hi (__arm_vuninitializedq_u16 (), __a, __b, __p);
3036:/opt/st/stm32cubeide_2.1.1/plugins/com.st.stm32cube.ide.mcu.externaltools.gnu-tools-for-stm32.14.3.rel1.linux64_1.0.100.202602081740/tools/lib/gcc/arm-none-eabi/14.3.1/include/arm_mve.h **** }
3037:/opt/st/stm32cubeide_2.1.1/plugins/com.st.stm32cube.ide.mcu.externaltools.gnu-tools-for-stm32.14.3.rel1.linux64_1.0.100.202602081740/tools/lib/gcc/arm-none-eabi/14.3.1/include/arm_mve.h **** 
3038:/opt/st/stm32cubeide_2.1.1/plugins/com.st.stm32cube.ide.mcu.externaltools.gnu-tools-for-stm32.14.3.rel1.linux64_1.0.100.202602081740/tools/lib/gcc/arm-none-eabi/14.3.1/include/arm_mve.h **** __extension__ extern __inline uint32x4_t
3039:/opt/st/stm32cubeide_2.1.1/plugins/com.st.stm32cube.ide.mcu.externaltools.gnu-tools-for-stm32.14.3.rel1.linux64_1.0.100.202602081740/tools/lib/gcc/arm-none-eabi/14.3.1/include/arm_mve.h **** __attribute__ ((__always_inline__, __gnu_inline__, __artificial__))
3040:/opt/st/stm32cubeide_2.1.1/plugins/com.st.stm32cube.ide.mcu.externaltools.gnu-tools-for-stm32.14.3.rel1.linux64_1.0.100.202602081740/tools/lib/gcc/arm-none-eabi/14.3.1/include/arm_mve.h **** __arm_vornq_x_u32 (uint32x4_t __a, uint32x4_t __b, mve_pred16_t __p)
3041:/opt/st/stm32cubeide_2.1.1/plugins/com.st.stm32cube.ide.mcu.externaltools.gnu-tools-for-stm32.14.3.rel1.linux64_1.0.100.202602081740/tools/lib/gcc/arm-none-eabi/14.3.1/include/arm_mve.h **** {
3042:/opt/st/stm32cubeide_2.1.1/plugins/com.st.stm32cube.ide.mcu.externaltools.gnu-tools-for-stm32.14.3.rel1.linux64_1.0.100.202602081740/tools/lib/gcc/arm-none-eabi/14.3.1/include/arm_mve.h ****   return __builtin_mve_vornq_m_uv4si (__arm_vuninitializedq_u32 (), __a, __b, __p);
3043:/opt/st/stm32cubeide_2.1.1/plugins/com.st.stm32cube.ide.mcu.externaltools.gnu-tools-for-stm32.14.3.rel1.linux64_1.0.100.202602081740/tools/lib/gcc/arm-none-eabi/14.3.1/include/arm_mve.h **** }
3044:/opt/st/stm32cubeide_2.1.1/plugins/com.st.stm32cube.ide.mcu.externaltools.gnu-tools-for-stm32.14.3.rel1.linux64_1.0.100.202602081740/tools/lib/gcc/arm-none-eabi/14.3.1/include/arm_mve.h **** 
3045:/opt/st/stm32cubeide_2.1.1/plugins/com.st.stm32cube.ide.mcu.externaltools.gnu-tools-for-stm32.14.3.rel1.linux64_1.0.100.202602081740/tools/lib/gcc/arm-none-eabi/14.3.1/include/arm_mve.h **** __extension__ extern __inline int32x4_t
3046:/opt/st/stm32cubeide_2.1.1/plugins/com.st.stm32cube.ide.mcu.externaltools.gnu-tools-for-stm32.14.3.rel1.linux64_1.0.100.202602081740/tools/lib/gcc/arm-none-eabi/14.3.1/include/arm_mve.h **** __attribute__ ((__always_inline__, __gnu_inline__, __artificial__))
3047:/opt/st/stm32cubeide_2.1.1/plugins/com.st.stm32cube.ide.mcu.externaltools.gnu-tools-for-stm32.14.3.rel1.linux64_1.0.100.202602081740/tools/lib/gcc/arm-none-eabi/14.3.1/include/arm_mve.h **** __arm_vadciq_s32 (int32x4_t __a, int32x4_t __b, unsigned * __carry_out)
3048:/opt/st/stm32cubeide_2.1.1/plugins/com.st.stm32cube.ide.mcu.externaltools.gnu-tools-for-stm32.14.3.rel1.linux64_1.0.100.202602081740/tools/lib/gcc/arm-none-eabi/14.3.1/include/arm_mve.h **** {
3049:/opt/st/stm32cubeide_2.1.1/plugins/com.st.stm32cube.ide.mcu.externaltools.gnu-tools-for-stm32.14.3.rel1.linux64_1.0.100.202602081740/tools/lib/gcc/arm-none-eabi/14.3.1/include/arm_mve.h ****   int32x4_t __res = __builtin_mve_vadciq_sv4si (__a, __b);
3050:/opt/st/stm32cubeide_2.1.1/plugins/com.st.stm32cube.ide.mcu.externaltools.gnu-tools-for-stm32.14.3.rel1.linux64_1.0.100.202602081740/tools/lib/gcc/arm-none-eabi/14.3.1/include/arm_mve.h ****   *__carry_out = (__builtin_arm_get_fpscr_nzcvqc () >> 29) & 0x1u;
ARM GAS  /tmp/ccS31Hxi.s 			page 74


3051:/opt/st/stm32cubeide_2.1.1/plugins/com.st.stm32cube.ide.mcu.externaltools.gnu-tools-for-stm32.14.3.rel1.linux64_1.0.100.202602081740/tools/lib/gcc/arm-none-eabi/14.3.1/include/arm_mve.h ****   return __res;
3052:/opt/st/stm32cubeide_2.1.1/plugins/com.st.stm32cube.ide.mcu.externaltools.gnu-tools-for-stm32.14.3.rel1.linux64_1.0.100.202602081740/tools/lib/gcc/arm-none-eabi/14.3.1/include/arm_mve.h **** }
3053:/opt/st/stm32cubeide_2.1.1/plugins/com.st.stm32cube.ide.mcu.externaltools.gnu-tools-for-stm32.14.3.rel1.linux64_1.0.100.202602081740/tools/lib/gcc/arm-none-eabi/14.3.1/include/arm_mve.h **** 
3054:/opt/st/stm32cubeide_2.1.1/plugins/com.st.stm32cube.ide.mcu.externaltools.gnu-tools-for-stm32.14.3.rel1.linux64_1.0.100.202602081740/tools/lib/gcc/arm-none-eabi/14.3.1/include/arm_mve.h **** __extension__ extern __inline uint32x4_t
3055:/opt/st/stm32cubeide_2.1.1/plugins/com.st.stm32cube.ide.mcu.externaltools.gnu-tools-for-stm32.14.3.rel1.linux64_1.0.100.202602081740/tools/lib/gcc/arm-none-eabi/14.3.1/include/arm_mve.h **** __attribute__ ((__always_inline__, __gnu_inline__, __artificial__))
3056:/opt/st/stm32cubeide_2.1.1/plugins/com.st.stm32cube.ide.mcu.externaltools.gnu-tools-for-stm32.14.3.rel1.linux64_1.0.100.202602081740/tools/lib/gcc/arm-none-eabi/14.3.1/include/arm_mve.h **** __arm_vadciq_u32 (uint32x4_t __a, uint32x4_t __b, unsigned * __carry_out)
3057:/opt/st/stm32cubeide_2.1.1/plugins/com.st.stm32cube.ide.mcu.externaltools.gnu-tools-for-stm32.14.3.rel1.linux64_1.0.100.202602081740/tools/lib/gcc/arm-none-eabi/14.3.1/include/arm_mve.h **** {
3058:/opt/st/stm32cubeide_2.1.1/plugins/com.st.stm32cube.ide.mcu.externaltools.gnu-tools-for-stm32.14.3.rel1.linux64_1.0.100.202602081740/tools/lib/gcc/arm-none-eabi/14.3.1/include/arm_mve.h ****   uint32x4_t __res = __builtin_mve_vadciq_uv4si (__a, __b);
3059:/opt/st/stm32cubeide_2.1.1/plugins/com.st.stm32cube.ide.mcu.externaltools.gnu-tools-for-stm32.14.3.rel1.linux64_1.0.100.202602081740/tools/lib/gcc/arm-none-eabi/14.3.1/include/arm_mve.h ****   *__carry_out = (__builtin_arm_get_fpscr_nzcvqc () >> 29) & 0x1u;
3060:/opt/st/stm32cubeide_2.1.1/plugins/com.st.stm32cube.ide.mcu.externaltools.gnu-tools-for-stm32.14.3.rel1.linux64_1.0.100.202602081740/tools/lib/gcc/arm-none-eabi/14.3.1/include/arm_mve.h ****   return __res;
3061:/opt/st/stm32cubeide_2.1.1/plugins/com.st.stm32cube.ide.mcu.externaltools.gnu-tools-for-stm32.14.3.rel1.linux64_1.0.100.202602081740/tools/lib/gcc/arm-none-eabi/14.3.1/include/arm_mve.h **** }
3062:/opt/st/stm32cubeide_2.1.1/plugins/com.st.stm32cube.ide.mcu.externaltools.gnu-tools-for-stm32.14.3.rel1.linux64_1.0.100.202602081740/tools/lib/gcc/arm-none-eabi/14.3.1/include/arm_mve.h **** 
3063:/opt/st/stm32cubeide_2.1.1/plugins/com.st.stm32cube.ide.mcu.externaltools.gnu-tools-for-stm32.14.3.rel1.linux64_1.0.100.202602081740/tools/lib/gcc/arm-none-eabi/14.3.1/include/arm_mve.h **** __extension__ extern __inline int32x4_t
3064:/opt/st/stm32cubeide_2.1.1/plugins/com.st.stm32cube.ide.mcu.externaltools.gnu-tools-for-stm32.14.3.rel1.linux64_1.0.100.202602081740/tools/lib/gcc/arm-none-eabi/14.3.1/include/arm_mve.h **** __attribute__ ((__always_inline__, __gnu_inline__, __artificial__))
3065:/opt/st/stm32cubeide_2.1.1/plugins/com.st.stm32cube.ide.mcu.externaltools.gnu-tools-for-stm32.14.3.rel1.linux64_1.0.100.202602081740/tools/lib/gcc/arm-none-eabi/14.3.1/include/arm_mve.h **** __arm_vadciq_m_s32 (int32x4_t __inactive, int32x4_t __a, int32x4_t __b, unsigned * __carry_out, mve
3066:/opt/st/stm32cubeide_2.1.1/plugins/com.st.stm32cube.ide.mcu.externaltools.gnu-tools-for-stm32.14.3.rel1.linux64_1.0.100.202602081740/tools/lib/gcc/arm-none-eabi/14.3.1/include/arm_mve.h **** {
3067:/opt/st/stm32cubeide_2.1.1/plugins/com.st.stm32cube.ide.mcu.externaltools.gnu-tools-for-stm32.14.3.rel1.linux64_1.0.100.202602081740/tools/lib/gcc/arm-none-eabi/14.3.1/include/arm_mve.h ****   int32x4_t __res =  __builtin_mve_vadciq_m_sv4si (__inactive, __a, __b, __p);
3068:/opt/st/stm32cubeide_2.1.1/plugins/com.st.stm32cube.ide.mcu.externaltools.gnu-tools-for-stm32.14.3.rel1.linux64_1.0.100.202602081740/tools/lib/gcc/arm-none-eabi/14.3.1/include/arm_mve.h ****   *__carry_out = (__builtin_arm_get_fpscr_nzcvqc () >> 29) & 0x1u;
3069:/opt/st/stm32cubeide_2.1.1/plugins/com.st.stm32cube.ide.mcu.externaltools.gnu-tools-for-stm32.14.3.rel1.linux64_1.0.100.202602081740/tools/lib/gcc/arm-none-eabi/14.3.1/include/arm_mve.h ****   return __res;
3070:/opt/st/stm32cubeide_2.1.1/plugins/com.st.stm32cube.ide.mcu.externaltools.gnu-tools-for-stm32.14.3.rel1.linux64_1.0.100.202602081740/tools/lib/gcc/arm-none-eabi/14.3.1/include/arm_mve.h **** }
3071:/opt/st/stm32cubeide_2.1.1/plugins/com.st.stm32cube.ide.mcu.externaltools.gnu-tools-for-stm32.14.3.rel1.linux64_1.0.100.202602081740/tools/lib/gcc/arm-none-eabi/14.3.1/include/arm_mve.h **** 
3072:/opt/st/stm32cubeide_2.1.1/plugins/com.st.stm32cube.ide.mcu.externaltools.gnu-tools-for-stm32.14.3.rel1.linux64_1.0.100.202602081740/tools/lib/gcc/arm-none-eabi/14.3.1/include/arm_mve.h **** __extension__ extern __inline uint32x4_t
3073:/opt/st/stm32cubeide_2.1.1/plugins/com.st.stm32cube.ide.mcu.externaltools.gnu-tools-for-stm32.14.3.rel1.linux64_1.0.100.202602081740/tools/lib/gcc/arm-none-eabi/14.3.1/include/arm_mve.h **** __attribute__ ((__always_inline__, __gnu_inline__, __artificial__))
3074:/opt/st/stm32cubeide_2.1.1/plugins/com.st.stm32cube.ide.mcu.externaltools.gnu-tools-for-stm32.14.3.rel1.linux64_1.0.100.202602081740/tools/lib/gcc/arm-none-eabi/14.3.1/include/arm_mve.h **** __arm_vadciq_m_u32 (uint32x4_t __inactive, uint32x4_t __a, uint32x4_t __b, unsigned * __carry_out, 
3075:/opt/st/stm32cubeide_2.1.1/plugins/com.st.stm32cube.ide.mcu.externaltools.gnu-tools-for-stm32.14.3.rel1.linux64_1.0.100.202602081740/tools/lib/gcc/arm-none-eabi/14.3.1/include/arm_mve.h **** {
3076:/opt/st/stm32cubeide_2.1.1/plugins/com.st.stm32cube.ide.mcu.externaltools.gnu-tools-for-stm32.14.3.rel1.linux64_1.0.100.202602081740/tools/lib/gcc/arm-none-eabi/14.3.1/include/arm_mve.h ****   uint32x4_t __res = __builtin_mve_vadciq_m_uv4si (__inactive, __a, __b, __p);
3077:/opt/st/stm32cubeide_2.1.1/plugins/com.st.stm32cube.ide.mcu.externaltools.gnu-tools-for-stm32.14.3.rel1.linux64_1.0.100.202602081740/tools/lib/gcc/arm-none-eabi/14.3.1/include/arm_mve.h ****   *__carry_out = (__builtin_arm_get_fpscr_nzcvqc () >> 29) & 0x1u;
3078:/opt/st/stm32cubeide_2.1.1/plugins/com.st.stm32cube.ide.mcu.externaltools.gnu-tools-for-stm32.14.3.rel1.linux64_1.0.100.202602081740/tools/lib/gcc/arm-none-eabi/14.3.1/include/arm_mve.h ****   return __res;
3079:/opt/st/stm32cubeide_2.1.1/plugins/com.st.stm32cube.ide.mcu.externaltools.gnu-tools-for-stm32.14.3.rel1.linux64_1.0.100.202602081740/tools/lib/gcc/arm-none-eabi/14.3.1/include/arm_mve.h **** }
3080:/opt/st/stm32cubeide_2.1.1/plugins/com.st.stm32cube.ide.mcu.externaltools.gnu-tools-for-stm32.14.3.rel1.linux64_1.0.100.202602081740/tools/lib/gcc/arm-none-eabi/14.3.1/include/arm_mve.h **** 
3081:/opt/st/stm32cubeide_2.1.1/plugins/com.st.stm32cube.ide.mcu.externaltools.gnu-tools-for-stm32.14.3.rel1.linux64_1.0.100.202602081740/tools/lib/gcc/arm-none-eabi/14.3.1/include/arm_mve.h **** __extension__ extern __inline int32x4_t
3082:/opt/st/stm32cubeide_2.1.1/plugins/com.st.stm32cube.ide.mcu.externaltools.gnu-tools-for-stm32.14.3.rel1.linux64_1.0.100.202602081740/tools/lib/gcc/arm-none-eabi/14.3.1/include/arm_mve.h **** __attribute__ ((__always_inline__, __gnu_inline__, __artificial__))
3083:/opt/st/stm32cubeide_2.1.1/plugins/com.st.stm32cube.ide.mcu.externaltools.gnu-tools-for-stm32.14.3.rel1.linux64_1.0.100.202602081740/tools/lib/gcc/arm-none-eabi/14.3.1/include/arm_mve.h **** __arm_vadcq_s32 (int32x4_t __a, int32x4_t __b, unsigned * __carry)
3084:/opt/st/stm32cubeide_2.1.1/plugins/com.st.stm32cube.ide.mcu.externaltools.gnu-tools-for-stm32.14.3.rel1.linux64_1.0.100.202602081740/tools/lib/gcc/arm-none-eabi/14.3.1/include/arm_mve.h **** {
3085:/opt/st/stm32cubeide_2.1.1/plugins/com.st.stm32cube.ide.mcu.externaltools.gnu-tools-for-stm32.14.3.rel1.linux64_1.0.100.202602081740/tools/lib/gcc/arm-none-eabi/14.3.1/include/arm_mve.h ****   __builtin_arm_set_fpscr_nzcvqc((__builtin_arm_get_fpscr_nzcvqc () & ~0x20000000u) | ((*__carry & 
3086:/opt/st/stm32cubeide_2.1.1/plugins/com.st.stm32cube.ide.mcu.externaltools.gnu-tools-for-stm32.14.3.rel1.linux64_1.0.100.202602081740/tools/lib/gcc/arm-none-eabi/14.3.1/include/arm_mve.h ****   int32x4_t __res = __builtin_mve_vadcq_sv4si (__a, __b);
3087:/opt/st/stm32cubeide_2.1.1/plugins/com.st.stm32cube.ide.mcu.externaltools.gnu-tools-for-stm32.14.3.rel1.linux64_1.0.100.202602081740/tools/lib/gcc/arm-none-eabi/14.3.1/include/arm_mve.h ****   *__carry = (__builtin_arm_get_fpscr_nzcvqc () >> 29) & 0x1u;
3088:/opt/st/stm32cubeide_2.1.1/plugins/com.st.stm32cube.ide.mcu.externaltools.gnu-tools-for-stm32.14.3.rel1.linux64_1.0.100.202602081740/tools/lib/gcc/arm-none-eabi/14.3.1/include/arm_mve.h ****   return __res;
3089:/opt/st/stm32cubeide_2.1.1/plugins/com.st.stm32cube.ide.mcu.externaltools.gnu-tools-for-stm32.14.3.rel1.linux64_1.0.100.202602081740/tools/lib/gcc/arm-none-eabi/14.3.1/include/arm_mve.h **** }
3090:/opt/st/stm32cubeide_2.1.1/plugins/com.st.stm32cube.ide.mcu.externaltools.gnu-tools-for-stm32.14.3.rel1.linux64_1.0.100.202602081740/tools/lib/gcc/arm-none-eabi/14.3.1/include/arm_mve.h **** 
3091:/opt/st/stm32cubeide_2.1.1/plugins/com.st.stm32cube.ide.mcu.externaltools.gnu-tools-for-stm32.14.3.rel1.linux64_1.0.100.202602081740/tools/lib/gcc/arm-none-eabi/14.3.1/include/arm_mve.h **** __extension__ extern __inline uint32x4_t
3092:/opt/st/stm32cubeide_2.1.1/plugins/com.st.stm32cube.ide.mcu.externaltools.gnu-tools-for-stm32.14.3.rel1.linux64_1.0.100.202602081740/tools/lib/gcc/arm-none-eabi/14.3.1/include/arm_mve.h **** __attribute__ ((__always_inline__, __gnu_inline__, __artificial__))
3093:/opt/st/stm32cubeide_2.1.1/plugins/com.st.stm32cube.ide.mcu.externaltools.gnu-tools-for-stm32.14.3.rel1.linux64_1.0.100.202602081740/tools/lib/gcc/arm-none-eabi/14.3.1/include/arm_mve.h **** __arm_vadcq_u32 (uint32x4_t __a, uint32x4_t __b, unsigned * __carry)
3094:/opt/st/stm32cubeide_2.1.1/plugins/com.st.stm32cube.ide.mcu.externaltools.gnu-tools-for-stm32.14.3.rel1.linux64_1.0.100.202602081740/tools/lib/gcc/arm-none-eabi/14.3.1/include/arm_mve.h **** {
3095:/opt/st/stm32cubeide_2.1.1/plugins/com.st.stm32cube.ide.mcu.externaltools.gnu-tools-for-stm32.14.3.rel1.linux64_1.0.100.202602081740/tools/lib/gcc/arm-none-eabi/14.3.1/include/arm_mve.h ****   __builtin_arm_set_fpscr_nzcvqc((__builtin_arm_get_fpscr_nzcvqc () & ~0x20000000u) | ((*__carry & 
3096:/opt/st/stm32cubeide_2.1.1/plugins/com.st.stm32cube.ide.mcu.externaltools.gnu-tools-for-stm32.14.3.rel1.linux64_1.0.100.202602081740/tools/lib/gcc/arm-none-eabi/14.3.1/include/arm_mve.h ****   uint32x4_t __res = __builtin_mve_vadcq_uv4si (__a, __b);
3097:/opt/st/stm32cubeide_2.1.1/plugins/com.st.stm32cube.ide.mcu.externaltools.gnu-tools-for-stm32.14.3.rel1.linux64_1.0.100.202602081740/tools/lib/gcc/arm-none-eabi/14.3.1/include/arm_mve.h ****   *__carry = (__builtin_arm_get_fpscr_nzcvqc () >> 29) & 0x1u;
3098:/opt/st/stm32cubeide_2.1.1/plugins/com.st.stm32cube.ide.mcu.externaltools.gnu-tools-for-stm32.14.3.rel1.linux64_1.0.100.202602081740/tools/lib/gcc/arm-none-eabi/14.3.1/include/arm_mve.h ****   return __res;
3099:/opt/st/stm32cubeide_2.1.1/plugins/com.st.stm32cube.ide.mcu.externaltools.gnu-tools-for-stm32.14.3.rel1.linux64_1.0.100.202602081740/tools/lib/gcc/arm-none-eabi/14.3.1/include/arm_mve.h **** }
3100:/opt/st/stm32cubeide_2.1.1/plugins/com.st.stm32cube.ide.mcu.externaltools.gnu-tools-for-stm32.14.3.rel1.linux64_1.0.100.202602081740/tools/lib/gcc/arm-none-eabi/14.3.1/include/arm_mve.h **** 
3101:/opt/st/stm32cubeide_2.1.1/plugins/com.st.stm32cube.ide.mcu.externaltools.gnu-tools-for-stm32.14.3.rel1.linux64_1.0.100.202602081740/tools/lib/gcc/arm-none-eabi/14.3.1/include/arm_mve.h **** __extension__ extern __inline int32x4_t
3102:/opt/st/stm32cubeide_2.1.1/plugins/com.st.stm32cube.ide.mcu.externaltools.gnu-tools-for-stm32.14.3.rel1.linux64_1.0.100.202602081740/tools/lib/gcc/arm-none-eabi/14.3.1/include/arm_mve.h **** __attribute__ ((__always_inline__, __gnu_inline__, __artificial__))
3103:/opt/st/stm32cubeide_2.1.1/plugins/com.st.stm32cube.ide.mcu.externaltools.gnu-tools-for-stm32.14.3.rel1.linux64_1.0.100.202602081740/tools/lib/gcc/arm-none-eabi/14.3.1/include/arm_mve.h **** __arm_vadcq_m_s32 (int32x4_t __inactive, int32x4_t __a, int32x4_t __b, unsigned * __carry, mve_pred
3104:/opt/st/stm32cubeide_2.1.1/plugins/com.st.stm32cube.ide.mcu.externaltools.gnu-tools-for-stm32.14.3.rel1.linux64_1.0.100.202602081740/tools/lib/gcc/arm-none-eabi/14.3.1/include/arm_mve.h **** {
3105:/opt/st/stm32cubeide_2.1.1/plugins/com.st.stm32cube.ide.mcu.externaltools.gnu-tools-for-stm32.14.3.rel1.linux64_1.0.100.202602081740/tools/lib/gcc/arm-none-eabi/14.3.1/include/arm_mve.h ****   __builtin_arm_set_fpscr_nzcvqc((__builtin_arm_get_fpscr_nzcvqc () & ~0x20000000u) | ((*__carry & 
3106:/opt/st/stm32cubeide_2.1.1/plugins/com.st.stm32cube.ide.mcu.externaltools.gnu-tools-for-stm32.14.3.rel1.linux64_1.0.100.202602081740/tools/lib/gcc/arm-none-eabi/14.3.1/include/arm_mve.h ****   int32x4_t __res = __builtin_mve_vadcq_m_sv4si (__inactive, __a, __b, __p);
3107:/opt/st/stm32cubeide_2.1.1/plugins/com.st.stm32cube.ide.mcu.externaltools.gnu-tools-for-stm32.14.3.rel1.linux64_1.0.100.202602081740/tools/lib/gcc/arm-none-eabi/14.3.1/include/arm_mve.h ****   *__carry = (__builtin_arm_get_fpscr_nzcvqc () >> 29) & 0x1u;
ARM GAS  /tmp/ccS31Hxi.s 			page 75


3108:/opt/st/stm32cubeide_2.1.1/plugins/com.st.stm32cube.ide.mcu.externaltools.gnu-tools-for-stm32.14.3.rel1.linux64_1.0.100.202602081740/tools/lib/gcc/arm-none-eabi/14.3.1/include/arm_mve.h ****   return __res;
3109:/opt/st/stm32cubeide_2.1.1/plugins/com.st.stm32cube.ide.mcu.externaltools.gnu-tools-for-stm32.14.3.rel1.linux64_1.0.100.202602081740/tools/lib/gcc/arm-none-eabi/14.3.1/include/arm_mve.h **** }
3110:/opt/st/stm32cubeide_2.1.1/plugins/com.st.stm32cube.ide.mcu.externaltools.gnu-tools-for-stm32.14.3.rel1.linux64_1.0.100.202602081740/tools/lib/gcc/arm-none-eabi/14.3.1/include/arm_mve.h **** 
3111:/opt/st/stm32cubeide_2.1.1/plugins/com.st.stm32cube.ide.mcu.externaltools.gnu-tools-for-stm32.14.3.rel1.linux64_1.0.100.202602081740/tools/lib/gcc/arm-none-eabi/14.3.1/include/arm_mve.h **** __extension__ extern __inline uint32x4_t
3112:/opt/st/stm32cubeide_2.1.1/plugins/com.st.stm32cube.ide.mcu.externaltools.gnu-tools-for-stm32.14.3.rel1.linux64_1.0.100.202602081740/tools/lib/gcc/arm-none-eabi/14.3.1/include/arm_mve.h **** __attribute__ ((__always_inline__, __gnu_inline__, __artificial__))
3113:/opt/st/stm32cubeide_2.1.1/plugins/com.st.stm32cube.ide.mcu.externaltools.gnu-tools-for-stm32.14.3.rel1.linux64_1.0.100.202602081740/tools/lib/gcc/arm-none-eabi/14.3.1/include/arm_mve.h **** __arm_vadcq_m_u32 (uint32x4_t __inactive, uint32x4_t __a, uint32x4_t __b, unsigned * __carry, mve_p
3114:/opt/st/stm32cubeide_2.1.1/plugins/com.st.stm32cube.ide.mcu.externaltools.gnu-tools-for-stm32.14.3.rel1.linux64_1.0.100.202602081740/tools/lib/gcc/arm-none-eabi/14.3.1/include/arm_mve.h **** {
3115:/opt/st/stm32cubeide_2.1.1/plugins/com.st.stm32cube.ide.mcu.externaltools.gnu-tools-for-stm32.14.3.rel1.linux64_1.0.100.202602081740/tools/lib/gcc/arm-none-eabi/14.3.1/include/arm_mve.h ****   __builtin_arm_set_fpscr_nzcvqc((__builtin_arm_get_fpscr_nzcvqc () & ~0x20000000u) | ((*__carry & 
3116:/opt/st/stm32cubeide_2.1.1/plugins/com.st.stm32cube.ide.mcu.externaltools.gnu-tools-for-stm32.14.3.rel1.linux64_1.0.100.202602081740/tools/lib/gcc/arm-none-eabi/14.3.1/include/arm_mve.h ****   uint32x4_t __res =  __builtin_mve_vadcq_m_uv4si (__inactive, __a, __b, __p);
3117:/opt/st/stm32cubeide_2.1.1/plugins/com.st.stm32cube.ide.mcu.externaltools.gnu-tools-for-stm32.14.3.rel1.linux64_1.0.100.202602081740/tools/lib/gcc/arm-none-eabi/14.3.1/include/arm_mve.h ****   *__carry = (__builtin_arm_get_fpscr_nzcvqc () >> 29) & 0x1u;
3118:/opt/st/stm32cubeide_2.1.1/plugins/com.st.stm32cube.ide.mcu.externaltools.gnu-tools-for-stm32.14.3.rel1.linux64_1.0.100.202602081740/tools/lib/gcc/arm-none-eabi/14.3.1/include/arm_mve.h ****   return __res;
3119:/opt/st/stm32cubeide_2.1.1/plugins/com.st.stm32cube.ide.mcu.externaltools.gnu-tools-for-stm32.14.3.rel1.linux64_1.0.100.202602081740/tools/lib/gcc/arm-none-eabi/14.3.1/include/arm_mve.h **** }
3120:/opt/st/stm32cubeide_2.1.1/plugins/com.st.stm32cube.ide.mcu.externaltools.gnu-tools-for-stm32.14.3.rel1.linux64_1.0.100.202602081740/tools/lib/gcc/arm-none-eabi/14.3.1/include/arm_mve.h **** 
3121:/opt/st/stm32cubeide_2.1.1/plugins/com.st.stm32cube.ide.mcu.externaltools.gnu-tools-for-stm32.14.3.rel1.linux64_1.0.100.202602081740/tools/lib/gcc/arm-none-eabi/14.3.1/include/arm_mve.h **** __extension__ extern __inline int32x4_t
3122:/opt/st/stm32cubeide_2.1.1/plugins/com.st.stm32cube.ide.mcu.externaltools.gnu-tools-for-stm32.14.3.rel1.linux64_1.0.100.202602081740/tools/lib/gcc/arm-none-eabi/14.3.1/include/arm_mve.h **** __attribute__ ((__always_inline__, __gnu_inline__, __artificial__))
3123:/opt/st/stm32cubeide_2.1.1/plugins/com.st.stm32cube.ide.mcu.externaltools.gnu-tools-for-stm32.14.3.rel1.linux64_1.0.100.202602081740/tools/lib/gcc/arm-none-eabi/14.3.1/include/arm_mve.h **** __arm_vsbciq_s32 (int32x4_t __a, int32x4_t __b, unsigned * __carry_out)
3124:/opt/st/stm32cubeide_2.1.1/plugins/com.st.stm32cube.ide.mcu.externaltools.gnu-tools-for-stm32.14.3.rel1.linux64_1.0.100.202602081740/tools/lib/gcc/arm-none-eabi/14.3.1/include/arm_mve.h **** {
3125:/opt/st/stm32cubeide_2.1.1/plugins/com.st.stm32cube.ide.mcu.externaltools.gnu-tools-for-stm32.14.3.rel1.linux64_1.0.100.202602081740/tools/lib/gcc/arm-none-eabi/14.3.1/include/arm_mve.h ****   int32x4_t __res = __builtin_mve_vsbciq_sv4si (__a, __b);
3126:/opt/st/stm32cubeide_2.1.1/plugins/com.st.stm32cube.ide.mcu.externaltools.gnu-tools-for-stm32.14.3.rel1.linux64_1.0.100.202602081740/tools/lib/gcc/arm-none-eabi/14.3.1/include/arm_mve.h ****   *__carry_out = (__builtin_arm_get_fpscr_nzcvqc () >> 29) & 0x1u;
3127:/opt/st/stm32cubeide_2.1.1/plugins/com.st.stm32cube.ide.mcu.externaltools.gnu-tools-for-stm32.14.3.rel1.linux64_1.0.100.202602081740/tools/lib/gcc/arm-none-eabi/14.3.1/include/arm_mve.h ****   return __res;
3128:/opt/st/stm32cubeide_2.1.1/plugins/com.st.stm32cube.ide.mcu.externaltools.gnu-tools-for-stm32.14.3.rel1.linux64_1.0.100.202602081740/tools/lib/gcc/arm-none-eabi/14.3.1/include/arm_mve.h **** }
3129:/opt/st/stm32cubeide_2.1.1/plugins/com.st.stm32cube.ide.mcu.externaltools.gnu-tools-for-stm32.14.3.rel1.linux64_1.0.100.202602081740/tools/lib/gcc/arm-none-eabi/14.3.1/include/arm_mve.h **** 
3130:/opt/st/stm32cubeide_2.1.1/plugins/com.st.stm32cube.ide.mcu.externaltools.gnu-tools-for-stm32.14.3.rel1.linux64_1.0.100.202602081740/tools/lib/gcc/arm-none-eabi/14.3.1/include/arm_mve.h **** __extension__ extern __inline uint32x4_t
3131:/opt/st/stm32cubeide_2.1.1/plugins/com.st.stm32cube.ide.mcu.externaltools.gnu-tools-for-stm32.14.3.rel1.linux64_1.0.100.202602081740/tools/lib/gcc/arm-none-eabi/14.3.1/include/arm_mve.h **** __attribute__ ((__always_inline__, __gnu_inline__, __artificial__))
3132:/opt/st/stm32cubeide_2.1.1/plugins/com.st.stm32cube.ide.mcu.externaltools.gnu-tools-for-stm32.14.3.rel1.linux64_1.0.100.202602081740/tools/lib/gcc/arm-none-eabi/14.3.1/include/arm_mve.h **** __arm_vsbciq_u32 (uint32x4_t __a, uint32x4_t __b, unsigned * __carry_out)
3133:/opt/st/stm32cubeide_2.1.1/plugins/com.st.stm32cube.ide.mcu.externaltools.gnu-tools-for-stm32.14.3.rel1.linux64_1.0.100.202602081740/tools/lib/gcc/arm-none-eabi/14.3.1/include/arm_mve.h **** {
3134:/opt/st/stm32cubeide_2.1.1/plugins/com.st.stm32cube.ide.mcu.externaltools.gnu-tools-for-stm32.14.3.rel1.linux64_1.0.100.202602081740/tools/lib/gcc/arm-none-eabi/14.3.1/include/arm_mve.h ****   uint32x4_t __res = __builtin_mve_vsbciq_uv4si (__a, __b);
3135:/opt/st/stm32cubeide_2.1.1/plugins/com.st.stm32cube.ide.mcu.externaltools.gnu-tools-for-stm32.14.3.rel1.linux64_1.0.100.202602081740/tools/lib/gcc/arm-none-eabi/14.3.1/include/arm_mve.h ****   *__carry_out = (__builtin_arm_get_fpscr_nzcvqc () >> 29) & 0x1u;
3136:/opt/st/stm32cubeide_2.1.1/plugins/com.st.stm32cube.ide.mcu.externaltools.gnu-tools-for-stm32.14.3.rel1.linux64_1.0.100.202602081740/tools/lib/gcc/arm-none-eabi/14.3.1/include/arm_mve.h ****   return __res;
3137:/opt/st/stm32cubeide_2.1.1/plugins/com.st.stm32cube.ide.mcu.externaltools.gnu-tools-for-stm32.14.3.rel1.linux64_1.0.100.202602081740/tools/lib/gcc/arm-none-eabi/14.3.1/include/arm_mve.h **** }
3138:/opt/st/stm32cubeide_2.1.1/plugins/com.st.stm32cube.ide.mcu.externaltools.gnu-tools-for-stm32.14.3.rel1.linux64_1.0.100.202602081740/tools/lib/gcc/arm-none-eabi/14.3.1/include/arm_mve.h **** 
3139:/opt/st/stm32cubeide_2.1.1/plugins/com.st.stm32cube.ide.mcu.externaltools.gnu-tools-for-stm32.14.3.rel1.linux64_1.0.100.202602081740/tools/lib/gcc/arm-none-eabi/14.3.1/include/arm_mve.h **** __extension__ extern __inline int32x4_t
3140:/opt/st/stm32cubeide_2.1.1/plugins/com.st.stm32cube.ide.mcu.externaltools.gnu-tools-for-stm32.14.3.rel1.linux64_1.0.100.202602081740/tools/lib/gcc/arm-none-eabi/14.3.1/include/arm_mve.h **** __attribute__ ((__always_inline__, __gnu_inline__, __artificial__))
3141:/opt/st/stm32cubeide_2.1.1/plugins/com.st.stm32cube.ide.mcu.externaltools.gnu-tools-for-stm32.14.3.rel1.linux64_1.0.100.202602081740/tools/lib/gcc/arm-none-eabi/14.3.1/include/arm_mve.h **** __arm_vsbciq_m_s32 (int32x4_t __inactive, int32x4_t __a, int32x4_t __b, unsigned * __carry_out, mve
3142:/opt/st/stm32cubeide_2.1.1/plugins/com.st.stm32cube.ide.mcu.externaltools.gnu-tools-for-stm32.14.3.rel1.linux64_1.0.100.202602081740/tools/lib/gcc/arm-none-eabi/14.3.1/include/arm_mve.h **** {
3143:/opt/st/stm32cubeide_2.1.1/plugins/com.st.stm32cube.ide.mcu.externaltools.gnu-tools-for-stm32.14.3.rel1.linux64_1.0.100.202602081740/tools/lib/gcc/arm-none-eabi/14.3.1/include/arm_mve.h ****   int32x4_t __res = __builtin_mve_vsbciq_m_sv4si (__inactive, __a, __b, __p);
3144:/opt/st/stm32cubeide_2.1.1/plugins/com.st.stm32cube.ide.mcu.externaltools.gnu-tools-for-stm32.14.3.rel1.linux64_1.0.100.202602081740/tools/lib/gcc/arm-none-eabi/14.3.1/include/arm_mve.h ****   *__carry_out = (__builtin_arm_get_fpscr_nzcvqc () >> 29) & 0x1u;
3145:/opt/st/stm32cubeide_2.1.1/plugins/com.st.stm32cube.ide.mcu.externaltools.gnu-tools-for-stm32.14.3.rel1.linux64_1.0.100.202602081740/tools/lib/gcc/arm-none-eabi/14.3.1/include/arm_mve.h ****   return __res;
3146:/opt/st/stm32cubeide_2.1.1/plugins/com.st.stm32cube.ide.mcu.externaltools.gnu-tools-for-stm32.14.3.rel1.linux64_1.0.100.202602081740/tools/lib/gcc/arm-none-eabi/14.3.1/include/arm_mve.h **** }
3147:/opt/st/stm32cubeide_2.1.1/plugins/com.st.stm32cube.ide.mcu.externaltools.gnu-tools-for-stm32.14.3.rel1.linux64_1.0.100.202602081740/tools/lib/gcc/arm-none-eabi/14.3.1/include/arm_mve.h **** 
3148:/opt/st/stm32cubeide_2.1.1/plugins/com.st.stm32cube.ide.mcu.externaltools.gnu-tools-for-stm32.14.3.rel1.linux64_1.0.100.202602081740/tools/lib/gcc/arm-none-eabi/14.3.1/include/arm_mve.h **** __extension__ extern __inline uint32x4_t
3149:/opt/st/stm32cubeide_2.1.1/plugins/com.st.stm32cube.ide.mcu.externaltools.gnu-tools-for-stm32.14.3.rel1.linux64_1.0.100.202602081740/tools/lib/gcc/arm-none-eabi/14.3.1/include/arm_mve.h **** __attribute__ ((__always_inline__, __gnu_inline__, __artificial__))
3150:/opt/st/stm32cubeide_2.1.1/plugins/com.st.stm32cube.ide.mcu.externaltools.gnu-tools-for-stm32.14.3.rel1.linux64_1.0.100.202602081740/tools/lib/gcc/arm-none-eabi/14.3.1/include/arm_mve.h **** __arm_vsbciq_m_u32 (uint32x4_t __inactive, uint32x4_t __a, uint32x4_t __b, unsigned * __carry_out, 
3151:/opt/st/stm32cubeide_2.1.1/plugins/com.st.stm32cube.ide.mcu.externaltools.gnu-tools-for-stm32.14.3.rel1.linux64_1.0.100.202602081740/tools/lib/gcc/arm-none-eabi/14.3.1/include/arm_mve.h **** {
3152:/opt/st/stm32cubeide_2.1.1/plugins/com.st.stm32cube.ide.mcu.externaltools.gnu-tools-for-stm32.14.3.rel1.linux64_1.0.100.202602081740/tools/lib/gcc/arm-none-eabi/14.3.1/include/arm_mve.h ****   uint32x4_t __res = __builtin_mve_vsbciq_m_uv4si (__inactive, __a, __b, __p);
3153:/opt/st/stm32cubeide_2.1.1/plugins/com.st.stm32cube.ide.mcu.externaltools.gnu-tools-for-stm32.14.3.rel1.linux64_1.0.100.202602081740/tools/lib/gcc/arm-none-eabi/14.3.1/include/arm_mve.h ****   *__carry_out = (__builtin_arm_get_fpscr_nzcvqc () >> 29) & 0x1u;
3154:/opt/st/stm32cubeide_2.1.1/plugins/com.st.stm32cube.ide.mcu.externaltools.gnu-tools-for-stm32.14.3.rel1.linux64_1.0.100.202602081740/tools/lib/gcc/arm-none-eabi/14.3.1/include/arm_mve.h ****   return __res;
3155:/opt/st/stm32cubeide_2.1.1/plugins/com.st.stm32cube.ide.mcu.externaltools.gnu-tools-for-stm32.14.3.rel1.linux64_1.0.100.202602081740/tools/lib/gcc/arm-none-eabi/14.3.1/include/arm_mve.h **** }
3156:/opt/st/stm32cubeide_2.1.1/plugins/com.st.stm32cube.ide.mcu.externaltools.gnu-tools-for-stm32.14.3.rel1.linux64_1.0.100.202602081740/tools/lib/gcc/arm-none-eabi/14.3.1/include/arm_mve.h **** 
3157:/opt/st/stm32cubeide_2.1.1/plugins/com.st.stm32cube.ide.mcu.externaltools.gnu-tools-for-stm32.14.3.rel1.linux64_1.0.100.202602081740/tools/lib/gcc/arm-none-eabi/14.3.1/include/arm_mve.h **** __extension__ extern __inline int32x4_t
3158:/opt/st/stm32cubeide_2.1.1/plugins/com.st.stm32cube.ide.mcu.externaltools.gnu-tools-for-stm32.14.3.rel1.linux64_1.0.100.202602081740/tools/lib/gcc/arm-none-eabi/14.3.1/include/arm_mve.h **** __attribute__ ((__always_inline__, __gnu_inline__, __artificial__))
3159:/opt/st/stm32cubeide_2.1.1/plugins/com.st.stm32cube.ide.mcu.externaltools.gnu-tools-for-stm32.14.3.rel1.linux64_1.0.100.202602081740/tools/lib/gcc/arm-none-eabi/14.3.1/include/arm_mve.h **** __arm_vsbcq_s32 (int32x4_t __a, int32x4_t __b, unsigned * __carry)
3160:/opt/st/stm32cubeide_2.1.1/plugins/com.st.stm32cube.ide.mcu.externaltools.gnu-tools-for-stm32.14.3.rel1.linux64_1.0.100.202602081740/tools/lib/gcc/arm-none-eabi/14.3.1/include/arm_mve.h **** {
3161:/opt/st/stm32cubeide_2.1.1/plugins/com.st.stm32cube.ide.mcu.externaltools.gnu-tools-for-stm32.14.3.rel1.linux64_1.0.100.202602081740/tools/lib/gcc/arm-none-eabi/14.3.1/include/arm_mve.h ****   __builtin_arm_set_fpscr_nzcvqc((__builtin_arm_get_fpscr_nzcvqc () & ~0x20000000u) | ((*__carry & 
3162:/opt/st/stm32cubeide_2.1.1/plugins/com.st.stm32cube.ide.mcu.externaltools.gnu-tools-for-stm32.14.3.rel1.linux64_1.0.100.202602081740/tools/lib/gcc/arm-none-eabi/14.3.1/include/arm_mve.h ****   int32x4_t __res = __builtin_mve_vsbcq_sv4si (__a, __b);
3163:/opt/st/stm32cubeide_2.1.1/plugins/com.st.stm32cube.ide.mcu.externaltools.gnu-tools-for-stm32.14.3.rel1.linux64_1.0.100.202602081740/tools/lib/gcc/arm-none-eabi/14.3.1/include/arm_mve.h ****   *__carry = (__builtin_arm_get_fpscr_nzcvqc () >> 29) & 0x1u;
3164:/opt/st/stm32cubeide_2.1.1/plugins/com.st.stm32cube.ide.mcu.externaltools.gnu-tools-for-stm32.14.3.rel1.linux64_1.0.100.202602081740/tools/lib/gcc/arm-none-eabi/14.3.1/include/arm_mve.h ****   return __res;
ARM GAS  /tmp/ccS31Hxi.s 			page 76


3165:/opt/st/stm32cubeide_2.1.1/plugins/com.st.stm32cube.ide.mcu.externaltools.gnu-tools-for-stm32.14.3.rel1.linux64_1.0.100.202602081740/tools/lib/gcc/arm-none-eabi/14.3.1/include/arm_mve.h **** }
3166:/opt/st/stm32cubeide_2.1.1/plugins/com.st.stm32cube.ide.mcu.externaltools.gnu-tools-for-stm32.14.3.rel1.linux64_1.0.100.202602081740/tools/lib/gcc/arm-none-eabi/14.3.1/include/arm_mve.h **** 
3167:/opt/st/stm32cubeide_2.1.1/plugins/com.st.stm32cube.ide.mcu.externaltools.gnu-tools-for-stm32.14.3.rel1.linux64_1.0.100.202602081740/tools/lib/gcc/arm-none-eabi/14.3.1/include/arm_mve.h **** __extension__ extern __inline uint32x4_t
3168:/opt/st/stm32cubeide_2.1.1/plugins/com.st.stm32cube.ide.mcu.externaltools.gnu-tools-for-stm32.14.3.rel1.linux64_1.0.100.202602081740/tools/lib/gcc/arm-none-eabi/14.3.1/include/arm_mve.h **** __attribute__ ((__always_inline__, __gnu_inline__, __artificial__))
3169:/opt/st/stm32cubeide_2.1.1/plugins/com.st.stm32cube.ide.mcu.externaltools.gnu-tools-for-stm32.14.3.rel1.linux64_1.0.100.202602081740/tools/lib/gcc/arm-none-eabi/14.3.1/include/arm_mve.h **** __arm_vsbcq_u32 (uint32x4_t __a, uint32x4_t __b, unsigned * __carry)
3170:/opt/st/stm32cubeide_2.1.1/plugins/com.st.stm32cube.ide.mcu.externaltools.gnu-tools-for-stm32.14.3.rel1.linux64_1.0.100.202602081740/tools/lib/gcc/arm-none-eabi/14.3.1/include/arm_mve.h **** {
3171:/opt/st/stm32cubeide_2.1.1/plugins/com.st.stm32cube.ide.mcu.externaltools.gnu-tools-for-stm32.14.3.rel1.linux64_1.0.100.202602081740/tools/lib/gcc/arm-none-eabi/14.3.1/include/arm_mve.h ****   __builtin_arm_set_fpscr_nzcvqc((__builtin_arm_get_fpscr_nzcvqc () & ~0x20000000u) | ((*__carry & 
3172:/opt/st/stm32cubeide_2.1.1/plugins/com.st.stm32cube.ide.mcu.externaltools.gnu-tools-for-stm32.14.3.rel1.linux64_1.0.100.202602081740/tools/lib/gcc/arm-none-eabi/14.3.1/include/arm_mve.h ****   uint32x4_t __res =  __builtin_mve_vsbcq_uv4si (__a, __b);
3173:/opt/st/stm32cubeide_2.1.1/plugins/com.st.stm32cube.ide.mcu.externaltools.gnu-tools-for-stm32.14.3.rel1.linux64_1.0.100.202602081740/tools/lib/gcc/arm-none-eabi/14.3.1/include/arm_mve.h ****   *__carry = (__builtin_arm_get_fpscr_nzcvqc () >> 29) & 0x1u;
3174:/opt/st/stm32cubeide_2.1.1/plugins/com.st.stm32cube.ide.mcu.externaltools.gnu-tools-for-stm32.14.3.rel1.linux64_1.0.100.202602081740/tools/lib/gcc/arm-none-eabi/14.3.1/include/arm_mve.h ****   return __res;
3175:/opt/st/stm32cubeide_2.1.1/plugins/com.st.stm32cube.ide.mcu.externaltools.gnu-tools-for-stm32.14.3.rel1.linux64_1.0.100.202602081740/tools/lib/gcc/arm-none-eabi/14.3.1/include/arm_mve.h **** }
3176:/opt/st/stm32cubeide_2.1.1/plugins/com.st.stm32cube.ide.mcu.externaltools.gnu-tools-for-stm32.14.3.rel1.linux64_1.0.100.202602081740/tools/lib/gcc/arm-none-eabi/14.3.1/include/arm_mve.h **** 
3177:/opt/st/stm32cubeide_2.1.1/plugins/com.st.stm32cube.ide.mcu.externaltools.gnu-tools-for-stm32.14.3.rel1.linux64_1.0.100.202602081740/tools/lib/gcc/arm-none-eabi/14.3.1/include/arm_mve.h **** __extension__ extern __inline int32x4_t
3178:/opt/st/stm32cubeide_2.1.1/plugins/com.st.stm32cube.ide.mcu.externaltools.gnu-tools-for-stm32.14.3.rel1.linux64_1.0.100.202602081740/tools/lib/gcc/arm-none-eabi/14.3.1/include/arm_mve.h **** __attribute__ ((__always_inline__, __gnu_inline__, __artificial__))
3179:/opt/st/stm32cubeide_2.1.1/plugins/com.st.stm32cube.ide.mcu.externaltools.gnu-tools-for-stm32.14.3.rel1.linux64_1.0.100.202602081740/tools/lib/gcc/arm-none-eabi/14.3.1/include/arm_mve.h **** __arm_vsbcq_m_s32 (int32x4_t __inactive, int32x4_t __a, int32x4_t __b, unsigned * __carry, mve_pred
3180:/opt/st/stm32cubeide_2.1.1/plugins/com.st.stm32cube.ide.mcu.externaltools.gnu-tools-for-stm32.14.3.rel1.linux64_1.0.100.202602081740/tools/lib/gcc/arm-none-eabi/14.3.1/include/arm_mve.h **** {
3181:/opt/st/stm32cubeide_2.1.1/plugins/com.st.stm32cube.ide.mcu.externaltools.gnu-tools-for-stm32.14.3.rel1.linux64_1.0.100.202602081740/tools/lib/gcc/arm-none-eabi/14.3.1/include/arm_mve.h ****   __builtin_arm_set_fpscr_nzcvqc((__builtin_arm_get_fpscr_nzcvqc () & ~0x20000000u) | ((*__carry & 
3182:/opt/st/stm32cubeide_2.1.1/plugins/com.st.stm32cube.ide.mcu.externaltools.gnu-tools-for-stm32.14.3.rel1.linux64_1.0.100.202602081740/tools/lib/gcc/arm-none-eabi/14.3.1/include/arm_mve.h ****   int32x4_t __res = __builtin_mve_vsbcq_m_sv4si (__inactive, __a, __b, __p);
3183:/opt/st/stm32cubeide_2.1.1/plugins/com.st.stm32cube.ide.mcu.externaltools.gnu-tools-for-stm32.14.3.rel1.linux64_1.0.100.202602081740/tools/lib/gcc/arm-none-eabi/14.3.1/include/arm_mve.h ****   *__carry = (__builtin_arm_get_fpscr_nzcvqc () >> 29) & 0x1u;
3184:/opt/st/stm32cubeide_2.1.1/plugins/com.st.stm32cube.ide.mcu.externaltools.gnu-tools-for-stm32.14.3.rel1.linux64_1.0.100.202602081740/tools/lib/gcc/arm-none-eabi/14.3.1/include/arm_mve.h ****   return __res;
3185:/opt/st/stm32cubeide_2.1.1/plugins/com.st.stm32cube.ide.mcu.externaltools.gnu-tools-for-stm32.14.3.rel1.linux64_1.0.100.202602081740/tools/lib/gcc/arm-none-eabi/14.3.1/include/arm_mve.h **** }
3186:/opt/st/stm32cubeide_2.1.1/plugins/com.st.stm32cube.ide.mcu.externaltools.gnu-tools-for-stm32.14.3.rel1.linux64_1.0.100.202602081740/tools/lib/gcc/arm-none-eabi/14.3.1/include/arm_mve.h **** 
3187:/opt/st/stm32cubeide_2.1.1/plugins/com.st.stm32cube.ide.mcu.externaltools.gnu-tools-for-stm32.14.3.rel1.linux64_1.0.100.202602081740/tools/lib/gcc/arm-none-eabi/14.3.1/include/arm_mve.h **** __extension__ extern __inline uint32x4_t
3188:/opt/st/stm32cubeide_2.1.1/plugins/com.st.stm32cube.ide.mcu.externaltools.gnu-tools-for-stm32.14.3.rel1.linux64_1.0.100.202602081740/tools/lib/gcc/arm-none-eabi/14.3.1/include/arm_mve.h **** __attribute__ ((__always_inline__, __gnu_inline__, __artificial__))
3189:/opt/st/stm32cubeide_2.1.1/plugins/com.st.stm32cube.ide.mcu.externaltools.gnu-tools-for-stm32.14.3.rel1.linux64_1.0.100.202602081740/tools/lib/gcc/arm-none-eabi/14.3.1/include/arm_mve.h **** __arm_vsbcq_m_u32 (uint32x4_t __inactive, uint32x4_t __a, uint32x4_t __b, unsigned * __carry, mve_p
3190:/opt/st/stm32cubeide_2.1.1/plugins/com.st.stm32cube.ide.mcu.externaltools.gnu-tools-for-stm32.14.3.rel1.linux64_1.0.100.202602081740/tools/lib/gcc/arm-none-eabi/14.3.1/include/arm_mve.h **** {
3191:/opt/st/stm32cubeide_2.1.1/plugins/com.st.stm32cube.ide.mcu.externaltools.gnu-tools-for-stm32.14.3.rel1.linux64_1.0.100.202602081740/tools/lib/gcc/arm-none-eabi/14.3.1/include/arm_mve.h ****   __builtin_arm_set_fpscr_nzcvqc((__builtin_arm_get_fpscr_nzcvqc () & ~0x20000000u) | ((*__carry & 
3192:/opt/st/stm32cubeide_2.1.1/plugins/com.st.stm32cube.ide.mcu.externaltools.gnu-tools-for-stm32.14.3.rel1.linux64_1.0.100.202602081740/tools/lib/gcc/arm-none-eabi/14.3.1/include/arm_mve.h ****   uint32x4_t __res = __builtin_mve_vsbcq_m_uv4si (__inactive, __a, __b, __p);
3193:/opt/st/stm32cubeide_2.1.1/plugins/com.st.stm32cube.ide.mcu.externaltools.gnu-tools-for-stm32.14.3.rel1.linux64_1.0.100.202602081740/tools/lib/gcc/arm-none-eabi/14.3.1/include/arm_mve.h ****   *__carry = (__builtin_arm_get_fpscr_nzcvqc () >> 29) & 0x1u;
3194:/opt/st/stm32cubeide_2.1.1/plugins/com.st.stm32cube.ide.mcu.externaltools.gnu-tools-for-stm32.14.3.rel1.linux64_1.0.100.202602081740/tools/lib/gcc/arm-none-eabi/14.3.1/include/arm_mve.h ****   return __res;
3195:/opt/st/stm32cubeide_2.1.1/plugins/com.st.stm32cube.ide.mcu.externaltools.gnu-tools-for-stm32.14.3.rel1.linux64_1.0.100.202602081740/tools/lib/gcc/arm-none-eabi/14.3.1/include/arm_mve.h **** }
3196:/opt/st/stm32cubeide_2.1.1/plugins/com.st.stm32cube.ide.mcu.externaltools.gnu-tools-for-stm32.14.3.rel1.linux64_1.0.100.202602081740/tools/lib/gcc/arm-none-eabi/14.3.1/include/arm_mve.h **** 
3197:/opt/st/stm32cubeide_2.1.1/plugins/com.st.stm32cube.ide.mcu.externaltools.gnu-tools-for-stm32.14.3.rel1.linux64_1.0.100.202602081740/tools/lib/gcc/arm-none-eabi/14.3.1/include/arm_mve.h **** __extension__ extern __inline void
3198:/opt/st/stm32cubeide_2.1.1/plugins/com.st.stm32cube.ide.mcu.externaltools.gnu-tools-for-stm32.14.3.rel1.linux64_1.0.100.202602081740/tools/lib/gcc/arm-none-eabi/14.3.1/include/arm_mve.h **** __attribute__ ((__always_inline__, __gnu_inline__, __artificial__))
3199:/opt/st/stm32cubeide_2.1.1/plugins/com.st.stm32cube.ide.mcu.externaltools.gnu-tools-for-stm32.14.3.rel1.linux64_1.0.100.202602081740/tools/lib/gcc/arm-none-eabi/14.3.1/include/arm_mve.h **** __arm_vst1q_p_u8 (uint8_t * __addr, uint8x16_t __value, mve_pred16_t __p)
3200:/opt/st/stm32cubeide_2.1.1/plugins/com.st.stm32cube.ide.mcu.externaltools.gnu-tools-for-stm32.14.3.rel1.linux64_1.0.100.202602081740/tools/lib/gcc/arm-none-eabi/14.3.1/include/arm_mve.h **** {
3201:/opt/st/stm32cubeide_2.1.1/plugins/com.st.stm32cube.ide.mcu.externaltools.gnu-tools-for-stm32.14.3.rel1.linux64_1.0.100.202602081740/tools/lib/gcc/arm-none-eabi/14.3.1/include/arm_mve.h ****   return __arm_vstrbq_p_u8 (__addr, __value, __p);
3202:/opt/st/stm32cubeide_2.1.1/plugins/com.st.stm32cube.ide.mcu.externaltools.gnu-tools-for-stm32.14.3.rel1.linux64_1.0.100.202602081740/tools/lib/gcc/arm-none-eabi/14.3.1/include/arm_mve.h **** }
3203:/opt/st/stm32cubeide_2.1.1/plugins/com.st.stm32cube.ide.mcu.externaltools.gnu-tools-for-stm32.14.3.rel1.linux64_1.0.100.202602081740/tools/lib/gcc/arm-none-eabi/14.3.1/include/arm_mve.h **** 
3204:/opt/st/stm32cubeide_2.1.1/plugins/com.st.stm32cube.ide.mcu.externaltools.gnu-tools-for-stm32.14.3.rel1.linux64_1.0.100.202602081740/tools/lib/gcc/arm-none-eabi/14.3.1/include/arm_mve.h **** __extension__ extern __inline void
3205:/opt/st/stm32cubeide_2.1.1/plugins/com.st.stm32cube.ide.mcu.externaltools.gnu-tools-for-stm32.14.3.rel1.linux64_1.0.100.202602081740/tools/lib/gcc/arm-none-eabi/14.3.1/include/arm_mve.h **** __attribute__ ((__always_inline__, __gnu_inline__, __artificial__))
3206:/opt/st/stm32cubeide_2.1.1/plugins/com.st.stm32cube.ide.mcu.externaltools.gnu-tools-for-stm32.14.3.rel1.linux64_1.0.100.202602081740/tools/lib/gcc/arm-none-eabi/14.3.1/include/arm_mve.h **** __arm_vst1q_p_s8 (int8_t * __addr, int8x16_t __value, mve_pred16_t __p)
3207:/opt/st/stm32cubeide_2.1.1/plugins/com.st.stm32cube.ide.mcu.externaltools.gnu-tools-for-stm32.14.3.rel1.linux64_1.0.100.202602081740/tools/lib/gcc/arm-none-eabi/14.3.1/include/arm_mve.h **** {
3208:/opt/st/stm32cubeide_2.1.1/plugins/com.st.stm32cube.ide.mcu.externaltools.gnu-tools-for-stm32.14.3.rel1.linux64_1.0.100.202602081740/tools/lib/gcc/arm-none-eabi/14.3.1/include/arm_mve.h ****   return __arm_vstrbq_p_s8 (__addr, __value, __p);
3209:/opt/st/stm32cubeide_2.1.1/plugins/com.st.stm32cube.ide.mcu.externaltools.gnu-tools-for-stm32.14.3.rel1.linux64_1.0.100.202602081740/tools/lib/gcc/arm-none-eabi/14.3.1/include/arm_mve.h **** }
3210:/opt/st/stm32cubeide_2.1.1/plugins/com.st.stm32cube.ide.mcu.externaltools.gnu-tools-for-stm32.14.3.rel1.linux64_1.0.100.202602081740/tools/lib/gcc/arm-none-eabi/14.3.1/include/arm_mve.h **** 
3211:/opt/st/stm32cubeide_2.1.1/plugins/com.st.stm32cube.ide.mcu.externaltools.gnu-tools-for-stm32.14.3.rel1.linux64_1.0.100.202602081740/tools/lib/gcc/arm-none-eabi/14.3.1/include/arm_mve.h **** __extension__ extern __inline void
3212:/opt/st/stm32cubeide_2.1.1/plugins/com.st.stm32cube.ide.mcu.externaltools.gnu-tools-for-stm32.14.3.rel1.linux64_1.0.100.202602081740/tools/lib/gcc/arm-none-eabi/14.3.1/include/arm_mve.h **** __attribute__ ((__always_inline__, __gnu_inline__, __artificial__))
3213:/opt/st/stm32cubeide_2.1.1/plugins/com.st.stm32cube.ide.mcu.externaltools.gnu-tools-for-stm32.14.3.rel1.linux64_1.0.100.202602081740/tools/lib/gcc/arm-none-eabi/14.3.1/include/arm_mve.h **** __arm_vst2q_s8 (int8_t * __addr, int8x16x2_t __value)
3214:/opt/st/stm32cubeide_2.1.1/plugins/com.st.stm32cube.ide.mcu.externaltools.gnu-tools-for-stm32.14.3.rel1.linux64_1.0.100.202602081740/tools/lib/gcc/arm-none-eabi/14.3.1/include/arm_mve.h **** {
3215:/opt/st/stm32cubeide_2.1.1/plugins/com.st.stm32cube.ide.mcu.externaltools.gnu-tools-for-stm32.14.3.rel1.linux64_1.0.100.202602081740/tools/lib/gcc/arm-none-eabi/14.3.1/include/arm_mve.h ****   union { int8x16x2_t __i; __builtin_neon_oi __o; } __rv;
3216:/opt/st/stm32cubeide_2.1.1/plugins/com.st.stm32cube.ide.mcu.externaltools.gnu-tools-for-stm32.14.3.rel1.linux64_1.0.100.202602081740/tools/lib/gcc/arm-none-eabi/14.3.1/include/arm_mve.h ****   __rv.__i = __value;
3217:/opt/st/stm32cubeide_2.1.1/plugins/com.st.stm32cube.ide.mcu.externaltools.gnu-tools-for-stm32.14.3.rel1.linux64_1.0.100.202602081740/tools/lib/gcc/arm-none-eabi/14.3.1/include/arm_mve.h ****   __builtin_mve_vst2qv16qi ((__builtin_neon_qi *) __addr, __rv.__o);
3218:/opt/st/stm32cubeide_2.1.1/plugins/com.st.stm32cube.ide.mcu.externaltools.gnu-tools-for-stm32.14.3.rel1.linux64_1.0.100.202602081740/tools/lib/gcc/arm-none-eabi/14.3.1/include/arm_mve.h **** }
3219:/opt/st/stm32cubeide_2.1.1/plugins/com.st.stm32cube.ide.mcu.externaltools.gnu-tools-for-stm32.14.3.rel1.linux64_1.0.100.202602081740/tools/lib/gcc/arm-none-eabi/14.3.1/include/arm_mve.h **** 
3220:/opt/st/stm32cubeide_2.1.1/plugins/com.st.stm32cube.ide.mcu.externaltools.gnu-tools-for-stm32.14.3.rel1.linux64_1.0.100.202602081740/tools/lib/gcc/arm-none-eabi/14.3.1/include/arm_mve.h **** __extension__ extern __inline void
3221:/opt/st/stm32cubeide_2.1.1/plugins/com.st.stm32cube.ide.mcu.externaltools.gnu-tools-for-stm32.14.3.rel1.linux64_1.0.100.202602081740/tools/lib/gcc/arm-none-eabi/14.3.1/include/arm_mve.h **** __attribute__ ((__always_inline__, __gnu_inline__, __artificial__))
ARM GAS  /tmp/ccS31Hxi.s 			page 77


3222:/opt/st/stm32cubeide_2.1.1/plugins/com.st.stm32cube.ide.mcu.externaltools.gnu-tools-for-stm32.14.3.rel1.linux64_1.0.100.202602081740/tools/lib/gcc/arm-none-eabi/14.3.1/include/arm_mve.h **** __arm_vst2q_u8 (uint8_t * __addr, uint8x16x2_t __value)
3223:/opt/st/stm32cubeide_2.1.1/plugins/com.st.stm32cube.ide.mcu.externaltools.gnu-tools-for-stm32.14.3.rel1.linux64_1.0.100.202602081740/tools/lib/gcc/arm-none-eabi/14.3.1/include/arm_mve.h **** {
3224:/opt/st/stm32cubeide_2.1.1/plugins/com.st.stm32cube.ide.mcu.externaltools.gnu-tools-for-stm32.14.3.rel1.linux64_1.0.100.202602081740/tools/lib/gcc/arm-none-eabi/14.3.1/include/arm_mve.h ****   union { uint8x16x2_t __i; __builtin_neon_oi __o; } __rv;
3225:/opt/st/stm32cubeide_2.1.1/plugins/com.st.stm32cube.ide.mcu.externaltools.gnu-tools-for-stm32.14.3.rel1.linux64_1.0.100.202602081740/tools/lib/gcc/arm-none-eabi/14.3.1/include/arm_mve.h ****   __rv.__i = __value;
3226:/opt/st/stm32cubeide_2.1.1/plugins/com.st.stm32cube.ide.mcu.externaltools.gnu-tools-for-stm32.14.3.rel1.linux64_1.0.100.202602081740/tools/lib/gcc/arm-none-eabi/14.3.1/include/arm_mve.h ****   __builtin_mve_vst2qv16qi ((__builtin_neon_qi *) __addr, __rv.__o);
3227:/opt/st/stm32cubeide_2.1.1/plugins/com.st.stm32cube.ide.mcu.externaltools.gnu-tools-for-stm32.14.3.rel1.linux64_1.0.100.202602081740/tools/lib/gcc/arm-none-eabi/14.3.1/include/arm_mve.h **** }
3228:/opt/st/stm32cubeide_2.1.1/plugins/com.st.stm32cube.ide.mcu.externaltools.gnu-tools-for-stm32.14.3.rel1.linux64_1.0.100.202602081740/tools/lib/gcc/arm-none-eabi/14.3.1/include/arm_mve.h **** 
3229:/opt/st/stm32cubeide_2.1.1/plugins/com.st.stm32cube.ide.mcu.externaltools.gnu-tools-for-stm32.14.3.rel1.linux64_1.0.100.202602081740/tools/lib/gcc/arm-none-eabi/14.3.1/include/arm_mve.h **** __extension__ extern __inline uint8x16_t
3230:/opt/st/stm32cubeide_2.1.1/plugins/com.st.stm32cube.ide.mcu.externaltools.gnu-tools-for-stm32.14.3.rel1.linux64_1.0.100.202602081740/tools/lib/gcc/arm-none-eabi/14.3.1/include/arm_mve.h **** __attribute__ ((__always_inline__, __gnu_inline__, __artificial__))
3231:/opt/st/stm32cubeide_2.1.1/plugins/com.st.stm32cube.ide.mcu.externaltools.gnu-tools-for-stm32.14.3.rel1.linux64_1.0.100.202602081740/tools/lib/gcc/arm-none-eabi/14.3.1/include/arm_mve.h **** __arm_vld1q_z_u8 (uint8_t const *__base, mve_pred16_t __p)
3232:/opt/st/stm32cubeide_2.1.1/plugins/com.st.stm32cube.ide.mcu.externaltools.gnu-tools-for-stm32.14.3.rel1.linux64_1.0.100.202602081740/tools/lib/gcc/arm-none-eabi/14.3.1/include/arm_mve.h **** {
3233:/opt/st/stm32cubeide_2.1.1/plugins/com.st.stm32cube.ide.mcu.externaltools.gnu-tools-for-stm32.14.3.rel1.linux64_1.0.100.202602081740/tools/lib/gcc/arm-none-eabi/14.3.1/include/arm_mve.h ****   return __arm_vldrbq_z_u8 ( __base, __p);
3234:/opt/st/stm32cubeide_2.1.1/plugins/com.st.stm32cube.ide.mcu.externaltools.gnu-tools-for-stm32.14.3.rel1.linux64_1.0.100.202602081740/tools/lib/gcc/arm-none-eabi/14.3.1/include/arm_mve.h **** }
3235:/opt/st/stm32cubeide_2.1.1/plugins/com.st.stm32cube.ide.mcu.externaltools.gnu-tools-for-stm32.14.3.rel1.linux64_1.0.100.202602081740/tools/lib/gcc/arm-none-eabi/14.3.1/include/arm_mve.h **** 
3236:/opt/st/stm32cubeide_2.1.1/plugins/com.st.stm32cube.ide.mcu.externaltools.gnu-tools-for-stm32.14.3.rel1.linux64_1.0.100.202602081740/tools/lib/gcc/arm-none-eabi/14.3.1/include/arm_mve.h **** __extension__ extern __inline int8x16_t
3237:/opt/st/stm32cubeide_2.1.1/plugins/com.st.stm32cube.ide.mcu.externaltools.gnu-tools-for-stm32.14.3.rel1.linux64_1.0.100.202602081740/tools/lib/gcc/arm-none-eabi/14.3.1/include/arm_mve.h **** __attribute__ ((__always_inline__, __gnu_inline__, __artificial__))
3238:/opt/st/stm32cubeide_2.1.1/plugins/com.st.stm32cube.ide.mcu.externaltools.gnu-tools-for-stm32.14.3.rel1.linux64_1.0.100.202602081740/tools/lib/gcc/arm-none-eabi/14.3.1/include/arm_mve.h **** __arm_vld1q_z_s8 (int8_t const *__base, mve_pred16_t __p)
 747              		.loc 2 3238 1 view .LVU207
3239:/opt/st/stm32cubeide_2.1.1/plugins/com.st.stm32cube.ide.mcu.externaltools.gnu-tools-for-stm32.14.3.rel1.linux64_1.0.100.202602081740/tools/lib/gcc/arm-none-eabi/14.3.1/include/arm_mve.h **** {
3240:/opt/st/stm32cubeide_2.1.1/plugins/com.st.stm32cube.ide.mcu.externaltools.gnu-tools-for-stm32.14.3.rel1.linux64_1.0.100.202602081740/tools/lib/gcc/arm-none-eabi/14.3.1/include/arm_mve.h ****   return __arm_vldrbq_z_s8 ( __base, __p);
 748              		.loc 2 3240 3 view .LVU208
 749              	.LBB134:
 750              	.LBI131:
1472:/opt/st/stm32cubeide_2.1.1/plugins/com.st.stm32cube.ide.mcu.externaltools.gnu-tools-for-stm32.14.3.rel1.linux64_1.0.100.202602081740/tools/lib/gcc/arm-none-eabi/14.3.1/include/arm_mve.h **** {
 751              		.loc 2 1472 1 view .LVU209
 752              	.LBB133:
1474:/opt/st/stm32cubeide_2.1.1/plugins/com.st.stm32cube.ide.mcu.externaltools.gnu-tools-for-stm32.14.3.rel1.linux64_1.0.100.202602081740/tools/lib/gcc/arm-none-eabi/14.3.1/include/arm_mve.h **** }
 753              		.loc 2 1474 3 view .LVU210
1474:/opt/st/stm32cubeide_2.1.1/plugins/com.st.stm32cube.ide.mcu.externaltools.gnu-tools-for-stm32.14.3.rel1.linux64_1.0.100.202602081740/tools/lib/gcc/arm-none-eabi/14.3.1/include/arm_mve.h **** }
 754              		.loc 2 1474 10 is_stmt 0 view .LVU211
 755 0056 EDEE106A 		vmsr	p0, r6	@ movhi
 756 005a 71FE4D0F 		vpst
 757 005e 90ED001E 		vldrbt.8	q0, [r0]
 758              	.LVL66:
1474:/opt/st/stm32cubeide_2.1.1/plugins/com.st.stm32cube.ide.mcu.externaltools.gnu-tools-for-stm32.14.3.rel1.linux64_1.0.100.202602081740/tools/lib/gcc/arm-none-eabi/14.3.1/include/arm_mve.h **** }
 759              		.loc 2 1474 10 view .LVU212
 760              	.LBE133:
 761              	.LBE134:
 762              	.LBE135:
 166:../../Middlewares/stm32-vision-models-postprocessing/lib_vision_models_pp/Src/vision_models_pp_maxi_is8.c **** 
 763              		.loc 1 166 5 is_stmt 1 view .LVU213
 166:../../Middlewares/stm32-vision-models-postprocessing/lib_vision_models_pp/Src/vision_models_pp_maxi_is8.c **** 
 764              		.loc 1 166 23 is_stmt 0 view .LVU214
 765 0062 71FE4D0F 		vpst
 766 0066 01FE071F 		vcmpt.s8	gt, q0, q3
 767              	.LVL67:
 169:../../Middlewares/stm32-vision-models-postprocessing/lib_vision_models_pp/Src/vision_models_pp_maxi_is8.c ****     /* according to p0: store per-lane extrema indexes*/
 768              		.loc 1 169 5 is_stmt 1 view .LVU215
 769 006a 1044     		add	r0, r0, r2
 171:../../Middlewares/stm32-vision-models-postprocessing/lib_vision_models_pp/Src/vision_models_pp_maxi_is8.c ****     u8x16_idx+=1;
 770              		.loc 1 171 21 is_stmt 0 view .LVU216
 771 006c 33FE054F 		vpsel	q2, q1, q2
 772              	.LVL68:
 169:../../Middlewares/stm32-vision-models-postprocessing/lib_vision_models_pp/Src/vision_models_pp_maxi_is8.c ****     /* according to p0: store per-lane extrema indexes*/
 773              		.loc 1 169 21 view .LVU217
 774 0070 31FE076F 		vpsel	q3, q0, q3
 775              	.LVL69:
ARM GAS  /tmp/ccS31Hxi.s 			page 78


 171:../../Middlewares/stm32-vision-models-postprocessing/lib_vision_models_pp/Src/vision_models_pp_maxi_is8.c ****     u8x16_idx+=1;
 776              		.loc 1 171 5 is_stmt 1 view .LVU218
 172:../../Middlewares/stm32-vision-models-postprocessing/lib_vision_models_pp/Src/vision_models_pp_maxi_is8.c **** 
 777              		.loc 1 172 5 view .LVU219
 172:../../Middlewares/stm32-vision-models-postprocessing/lib_vision_models_pp/Src/vision_models_pp_maxi_is8.c **** 
 778              		.loc 1 172 14 is_stmt 0 view .LVU220
 779 0074 02EF4828 		vadd.i8	q1, q1, q4
 780              	.LVL70:
 172:../../Middlewares/stm32-vision-models-postprocessing/lib_vision_models_pp/Src/vision_models_pp_maxi_is8.c **** 
 781              		.loc 1 172 14 view .LVU221
 782              	.LBE138:
 161:../../Middlewares/stm32-vision-models-postprocessing/lib_vision_models_pp/Src/vision_models_pp_maxi_is8.c ****   {
 783              		.loc 1 161 38 is_stmt 1 discriminator 3 view .LVU222
 784 0078 DDE7     		b	.L14
 785              	.LBE147:
 786              		.cfi_endproc
 787              	.LFE779:
 789              		.section	.text.vision_models_maxi_tr_p_is8ou16,"ax",%progbits
 790              		.align	1
 791              		.global	vision_models_maxi_tr_p_is8ou16
 792              		.syntax unified
 793              		.thumb
 794              		.thumb_func
 796              	vision_models_maxi_tr_p_is8ou16:
 797              	.LVL71:
 798              	.LFB780:
 196:../../Middlewares/stm32-vision-models-postprocessing/lib_vision_models_pp/Src/vision_models_pp_maxi_is8.c **** 
 197:../../Middlewares/stm32-vision-models-postprocessing/lib_vision_models_pp/Src/vision_models_pp_maxi_is8.c **** 
 198:../../Middlewares/stm32-vision-models-postprocessing/lib_vision_models_pp/Src/vision_models_pp_maxi_is8.c **** void vision_models_maxi_tr_p_is8ou16(int8_t *arr, uint32_t len_arr, uint32_t offset, int8_t *maxim,
 199:../../Middlewares/stm32-vision-models-postprocessing/lib_vision_models_pp/Src/vision_models_pp_maxi_is8.c **** {
 799              		.loc 1 199 1 view -0
 800              		.cfi_startproc
 801              		@ args = 8, pretend = 0, frame = 16
 802              		@ frame_needed = 0, uses_anonymous_args = 0
 200:../../Middlewares/stm32-vision-models-postprocessing/lib_vision_models_pp/Src/vision_models_pp_maxi_is8.c **** #ifdef VISION_MODELS_MAXI_TR_P_IS8OU16_MVE
 201:../../Middlewares/stm32-vision-models-postprocessing/lib_vision_models_pp/Src/vision_models_pp_maxi_is8.c ****   int8x16_t  s8x16_max_val = vdupq_n_s8(Q7_MIN);
 803              		.loc 1 201 3 view .LVU224
 199:../../Middlewares/stm32-vision-models-postprocessing/lib_vision_models_pp/Src/vision_models_pp_maxi_is8.c **** #ifdef VISION_MODELS_MAXI_TR_P_IS8OU16_MVE
 804              		.loc 1 199 1 is_stmt 0 view .LVU225
 805 0000 F0B5     		push	{r4, r5, r6, r7, lr}
 806              		.cfi_def_cfa_offset 20
 807              		.cfi_offset 4, -20
 808              		.cfi_offset 5, -16
 809              		.cfi_offset 6, -12
 810              		.cfi_offset 7, -8
 811              		.cfi_offset 14, -4
 812 0002 2DED108B 		vpush.64	{d8, d9, d10, d11, d12, d13, d14, d15}
 813              		.cfi_def_cfa_offset 84
 814              		.cfi_offset 80, -84
 815              		.cfi_offset 81, -80
 816              		.cfi_offset 82, -76
 817              		.cfi_offset 83, -72
 818              		.cfi_offset 84, -68
 819              		.cfi_offset 85, -64
 820              		.cfi_offset 86, -60
 821              		.cfi_offset 87, -56
 822              		.cfi_offset 88, -52
ARM GAS  /tmp/ccS31Hxi.s 			page 79


 823              		.cfi_offset 89, -48
 824              		.cfi_offset 90, -44
 825              		.cfi_offset 91, -40
 826              		.cfi_offset 92, -36
 827              		.cfi_offset 93, -32
 828              		.cfi_offset 94, -28
 829              		.cfi_offset 95, -24
 830              		.loc 1 201 30 view .LVU226
 831 0006 8024     		movs	r4, #128
 199:../../Middlewares/stm32-vision-models-postprocessing/lib_vision_models_pp/Src/vision_models_pp_maxi_is8.c **** #ifdef VISION_MODELS_MAXI_TR_P_IS8OU16_MVE
 832              		.loc 1 199 1 view .LVU227
 833 0008 85B0     		sub	sp, sp, #20
 834              		.cfi_def_cfa_offset 104
 202:../../Middlewares/stm32-vision-models-postprocessing/lib_vision_models_pp/Src/vision_models_pp_maxi_is8.c ****   uint8x16_t u8x16_max_idx = vdupq_n_u8(0);
 203:../../Middlewares/stm32-vision-models-postprocessing/lib_vision_models_pp/Src/vision_models_pp_maxi_is8.c ****   uint8x16_t u8x16_max_idx_blk = vdupq_n_u8(0);
 204:../../Middlewares/stm32-vision-models-postprocessing/lib_vision_models_pp/Src/vision_models_pp_maxi_is8.c ****   parallelize = MIN(parallelize, 16);
 835              		.loc 1 204 15 view .LVU228
 836 000a 1B9D     		ldr	r5, [sp, #108]
 201:../../Middlewares/stm32-vision-models-postprocessing/lib_vision_models_pp/Src/vision_models_pp_maxi_is8.c ****   uint8x16_t u8x16_max_idx = vdupq_n_u8(0);
 837              		.loc 1 201 30 view .LVU229
 838 000c E6EE104B 		vdup.8	q3, r4
 839              		.loc 1 204 15 view .LVU230
 840 0010 102D     		cmp	r5, #16
 841 0012 28BF     		it	cs
 842 0014 1025     		movcs	r5, #16
 202:../../Middlewares/stm32-vision-models-postprocessing/lib_vision_models_pp/Src/vision_models_pp_maxi_is8.c ****   uint8x16_t u8x16_max_idx = vdupq_n_u8(0);
 843              		.loc 1 202 30 view .LVU231
 844 0016 0024     		movs	r4, #0
 845              	.LBB148:
 846              	.LBB149:
 818:/opt/st/stm32cubeide_2.1.1/plugins/com.st.stm32cube.ide.mcu.externaltools.gnu-tools-for-stm32.14.3.rel1.linux64_1.0.100.202602081740/tools/lib/gcc/arm-none-eabi/14.3.1/include/arm_mve.h **** }
 847              		.loc 2 818 10 view .LVU232
 848 0018 05F001E8 		vctp.8	r5
 849              	.LBE149:
 850              	.LBE148:
 202:../../Middlewares/stm32-vision-models-postprocessing/lib_vision_models_pp/Src/vision_models_pp_maxi_is8.c ****   uint8x16_t u8x16_max_idx = vdupq_n_u8(0);
 851              		.loc 1 202 30 view .LVU233
 852 001c E8EE104B 		vdup.8	q4, r4
 201:../../Middlewares/stm32-vision-models-postprocessing/lib_vision_models_pp/Src/vision_models_pp_maxi_is8.c ****   uint8x16_t u8x16_max_idx = vdupq_n_u8(0);
 853              		.loc 1 201 30 view .LVU234
 854 0020 8DED007E 		vstrb.8	q3, [sp]
 855              	.LVL72:
 202:../../Middlewares/stm32-vision-models-postprocessing/lib_vision_models_pp/Src/vision_models_pp_maxi_is8.c ****   uint8x16_t u8x16_max_idx = vdupq_n_u8(0);
 856              		.loc 1 202 3 is_stmt 1 view .LVU235
 203:../../Middlewares/stm32-vision-models-postprocessing/lib_vision_models_pp/Src/vision_models_pp_maxi_is8.c ****   parallelize = MIN(parallelize, 16);
 857              		.loc 1 203 3 view .LVU236
 858              		.loc 1 204 3 view .LVU237
 205:../../Middlewares/stm32-vision-models-postprocessing/lib_vision_models_pp/Src/vision_models_pp_maxi_is8.c ****   mve_pred16_t    p = vctp8q(parallelize);
 859              		.loc 1 205 3 view .LVU238
 860              	.LBB151:
 861              	.LBI148:
 816:/opt/st/stm32cubeide_2.1.1/plugins/com.st.stm32cube.ide.mcu.externaltools.gnu-tools-for-stm32.14.3.rel1.linux64_1.0.100.202602081740/tools/lib/gcc/arm-none-eabi/14.3.1/include/arm_mve.h **** {
 862              		.loc 2 816 1 view .LVU239
 863              	.LBB150:
 818:/opt/st/stm32cubeide_2.1.1/plugins/com.st.stm32cube.ide.mcu.externaltools.gnu-tools-for-stm32.14.3.rel1.linux64_1.0.100.202602081740/tools/lib/gcc/arm-none-eabi/14.3.1/include/arm_mve.h **** }
 864              		.loc 2 818 3 view .LVU240
 818:/opt/st/stm32cubeide_2.1.1/plugins/com.st.stm32cube.ide.mcu.externaltools.gnu-tools-for-stm32.14.3.rel1.linux64_1.0.100.202602081740/tools/lib/gcc/arm-none-eabi/14.3.1/include/arm_mve.h **** }
ARM GAS  /tmp/ccS31Hxi.s 			page 80


 865              		.loc 2 818 10 is_stmt 0 view .LVU241
 866 0024 FDEE107A 		vmrs	r7, p0	@ movhi
 867              	.LVL73:
 818:/opt/st/stm32cubeide_2.1.1/plugins/com.st.stm32cube.ide.mcu.externaltools.gnu-tools-for-stm32.14.3.rel1.linux64_1.0.100.202602081740/tools/lib/gcc/arm-none-eabi/14.3.1/include/arm_mve.h **** }
 868              		.loc 2 818 10 view .LVU242
 869              	.LBE150:
 870              	.LBE151:
 206:../../Middlewares/stm32-vision-models-postprocessing/lib_vision_models_pp/Src/vision_models_pp_maxi_is8.c **** 
 207:../../Middlewares/stm32-vision-models-postprocessing/lib_vision_models_pp/Src/vision_models_pp_maxi_is8.c ****   int8_t idx_blk = 0;
 871              		.loc 1 207 3 is_stmt 1 view .LVU243
 208:../../Middlewares/stm32-vision-models-postprocessing/lib_vision_models_pp/Src/vision_models_pp_maxi_is8.c ****   while (len_arr > 0)
 872              		.loc 1 208 3 view .LVU244
 203:../../Middlewares/stm32-vision-models-postprocessing/lib_vision_models_pp/Src/vision_models_pp_maxi_is8.c ****   parallelize = MIN(parallelize, 16);
 873              		.loc 1 203 34 is_stmt 0 view .LVU245
 874 0028 28EF5841 		vmov	q2, q4
 202:../../Middlewares/stm32-vision-models-postprocessing/lib_vision_models_pp/Src/vision_models_pp_maxi_is8.c ****   uint8x16_t u8x16_max_idx_blk = vdupq_n_u8(0);
 875              		.loc 1 202 30 view .LVU246
 876 002c 28EF5861 		vmov	q3, q4
 877              	.LVL74:
 201:../../Middlewares/stm32-vision-models-postprocessing/lib_vision_models_pp/Src/vision_models_pp_maxi_is8.c ****   uint8x16_t u8x16_max_idx = vdupq_n_u8(0);
 878              		.loc 1 201 30 view .LVU247
 879 0030 9DED001E 		vldrb.8	q0, [sp]
 880              	.LBB152:
 881              	.LBB153:
 882              	.LBB154:
 883              	.LBB155:
 884              	.LBB156:
 885              	.LBB157:
1474:/opt/st/stm32cubeide_2.1.1/plugins/com.st.stm32cube.ide.mcu.externaltools.gnu-tools-for-stm32.14.3.rel1.linux64_1.0.100.202602081740/tools/lib/gcc/arm-none-eabi/14.3.1/include/arm_mve.h **** }
 886              		.loc 2 1474 10 view .LVU248
 887 0034 BDB2     		uxth	r5, r7
 888              	.LVL75:
 889              	.L17:
1474:/opt/st/stm32cubeide_2.1.1/plugins/com.st.stm32cube.ide.mcu.externaltools.gnu-tools-for-stm32.14.3.rel1.linux64_1.0.100.202602081740/tools/lib/gcc/arm-none-eabi/14.3.1/include/arm_mve.h **** }
 890              		.loc 2 1474 10 view .LVU249
 891              	.LBE157:
 892              	.LBE156:
 893              	.LBE155:
 894              	.LBE154:
 895              	.LBE153:
 896              	.LBE152:
 897              		.loc 1 208 18 is_stmt 1 view .LVU250
 898 0036 01BB     		cbnz	r1, .L19
 209:../../Middlewares/stm32-vision-models-postprocessing/lib_vision_models_pp/Src/vision_models_pp_maxi_is8.c ****   {
 210:../../Middlewares/stm32-vision-models-postprocessing/lib_vision_models_pp/Src/vision_models_pp_maxi_is8.c ****     int maxIter = MIN(len_arr, 0x100);
 211:../../Middlewares/stm32-vision-models-postprocessing/lib_vision_models_pp/Src/vision_models_pp_maxi_is8.c ****     uint8x16_t u8x16_blk_idx = vdupq_n_u8(0);
 212:../../Middlewares/stm32-vision-models-postprocessing/lib_vision_models_pp/Src/vision_models_pp_maxi_is8.c ****     uint8x16_t u8x16_blk_max_idx = vdupq_n_u8(0);
 213:../../Middlewares/stm32-vision-models-postprocessing/lib_vision_models_pp/Src/vision_models_pp_maxi_is8.c ****     int8x16_t  s8x16_blk_max_val = vdupq_n_s8(Q7_MIN);
 214:../../Middlewares/stm32-vision-models-postprocessing/lib_vision_models_pp/Src/vision_models_pp_maxi_is8.c ****     mve_pred16_t p0;
 215:../../Middlewares/stm32-vision-models-postprocessing/lib_vision_models_pp/Src/vision_models_pp_maxi_is8.c ****     // Process each block up to 256 i.e. 0x100
 216:../../Middlewares/stm32-vision-models-postprocessing/lib_vision_models_pp/Src/vision_models_pp_maxi_is8.c ****     for (int i = 0; i < maxIter; i++)
 217:../../Middlewares/stm32-vision-models-postprocessing/lib_vision_models_pp/Src/vision_models_pp_maxi_is8.c ****     {
 218:../../Middlewares/stm32-vision-models-postprocessing/lib_vision_models_pp/Src/vision_models_pp_maxi_is8.c ****       // load up to 16 int8
 219:../../Middlewares/stm32-vision-models-postprocessing/lib_vision_models_pp/Src/vision_models_pp_maxi_is8.c ****       int8x16_t s8x16_val = vld1q_z_s8(&arr[i*offset], p);
 220:../../Middlewares/stm32-vision-models-postprocessing/lib_vision_models_pp/Src/vision_models_pp_maxi_is8.c ****       // Compare according to p to create p0
 221:../../Middlewares/stm32-vision-models-postprocessing/lib_vision_models_pp/Src/vision_models_pp_maxi_is8.c ****       p0 = vcmpgtq_m_s8(s8x16_val, s8x16_blk_max_val, p);
 222:../../Middlewares/stm32-vision-models-postprocessing/lib_vision_models_pp/Src/vision_models_pp_maxi_is8.c **** 
ARM GAS  /tmp/ccS31Hxi.s 			page 81


 223:../../Middlewares/stm32-vision-models-postprocessing/lib_vision_models_pp/Src/vision_models_pp_maxi_is8.c ****       // according to p0: update with s8x16_val or keep s8x16_blk_max_val
 224:../../Middlewares/stm32-vision-models-postprocessing/lib_vision_models_pp/Src/vision_models_pp_maxi_is8.c ****       s8x16_blk_max_val = vpselq_s8(s8x16_val, s8x16_blk_max_val, p0);
 225:../../Middlewares/stm32-vision-models-postprocessing/lib_vision_models_pp/Src/vision_models_pp_maxi_is8.c ****       /* according to p0: store per-lane extrema indexes*/
 226:../../Middlewares/stm32-vision-models-postprocessing/lib_vision_models_pp/Src/vision_models_pp_maxi_is8.c ****       u8x16_blk_max_idx = vpselq_u8(u8x16_blk_idx, u8x16_blk_max_idx, p0);
 227:../../Middlewares/stm32-vision-models-postprocessing/lib_vision_models_pp/Src/vision_models_pp_maxi_is8.c ****       u8x16_blk_idx+=1;
 228:../../Middlewares/stm32-vision-models-postprocessing/lib_vision_models_pp/Src/vision_models_pp_maxi_is8.c ****     }
 229:../../Middlewares/stm32-vision-models-postprocessing/lib_vision_models_pp/Src/vision_models_pp_maxi_is8.c ****     len_arr -= 0x100;
 230:../../Middlewares/stm32-vision-models-postprocessing/lib_vision_models_pp/Src/vision_models_pp_maxi_is8.c ****     // Compare according to global max to create p0
 231:../../Middlewares/stm32-vision-models-postprocessing/lib_vision_models_pp/Src/vision_models_pp_maxi_is8.c ****     p0 = vcmpgtq_m_s8(s8x16_blk_max_val, s8x16_max_val, p);
 232:../../Middlewares/stm32-vision-models-postprocessing/lib_vision_models_pp/Src/vision_models_pp_maxi_is8.c **** 
 233:../../Middlewares/stm32-vision-models-postprocessing/lib_vision_models_pp/Src/vision_models_pp_maxi_is8.c ****     // update global max value
 234:../../Middlewares/stm32-vision-models-postprocessing/lib_vision_models_pp/Src/vision_models_pp_maxi_is8.c ****     s8x16_max_val = vpselq_s8(s8x16_blk_max_val, s8x16_max_val, p0);
 235:../../Middlewares/stm32-vision-models-postprocessing/lib_vision_models_pp/Src/vision_models_pp_maxi_is8.c ****     u8x16_max_idx = vpselq_u8(u8x16_blk_max_idx, u8x16_max_idx, p0);
 236:../../Middlewares/stm32-vision-models-postprocessing/lib_vision_models_pp/Src/vision_models_pp_maxi_is8.c ****     u8x16_max_idx_blk = vdupq_m_n_u8(u8x16_max_idx_blk, idx_blk, p0);
 237:../../Middlewares/stm32-vision-models-postprocessing/lib_vision_models_pp/Src/vision_models_pp_maxi_is8.c ****     idx_blk++;
 238:../../Middlewares/stm32-vision-models-postprocessing/lib_vision_models_pp/Src/vision_models_pp_maxi_is8.c ****   }
 239:../../Middlewares/stm32-vision-models-postprocessing/lib_vision_models_pp/Src/vision_models_pp_maxi_is8.c ****   // From u8 to u16 build whole index
 240:../../Middlewares/stm32-vision-models-postprocessing/lib_vision_models_pp/Src/vision_models_pp_maxi_is8.c ****   uint16x8x2_t   u16x8x2_idx;
 899              		.loc 1 240 3 view .LVU251
 241:../../Middlewares/stm32-vision-models-postprocessing/lib_vision_models_pp/Src/vision_models_pp_maxi_is8.c ****   uint16x8x2_t   u16x8x2_idx_blk;
 900              		.loc 1 241 3 view .LVU252
 242:../../Middlewares/stm32-vision-models-postprocessing/lib_vision_models_pp/Src/vision_models_pp_maxi_is8.c ****   // idx = max_idx + max_idx_blk * <block_size>
 243:../../Middlewares/stm32-vision-models-postprocessing/lib_vision_models_pp/Src/vision_models_pp_maxi_is8.c ****   u16x8x2_idx.val[0] = vmovlbq_u8(u8x16_max_idx);
 901              		.loc 1 243 3 view .LVU253
 244:../../Middlewares/stm32-vision-models-postprocessing/lib_vision_models_pp/Src/vision_models_pp_maxi_is8.c ****   u16x8x2_idx_blk.val[0] = vmovlbq_u8(u8x16_max_idx_blk);
 902              		.loc 1 244 28 is_stmt 0 view .LVU254
 903 0038 A8FE448F 		vmovlb.u8	q4, q2
 245:../../Middlewares/stm32-vision-models-postprocessing/lib_vision_models_pp/Src/vision_models_pp_maxi_is8.c ****   u16x8x2_idx.val[0] = vmlaq_n_u16(u16x8x2_idx.val[0], u16x8x2_idx_blk.val[0], 256);
 904              		.loc 1 245 24 view .LVU255
 905 003c 4FF48072 		mov	r2, #256
 906              	.LVL76:
 243:../../Middlewares/stm32-vision-models-postprocessing/lib_vision_models_pp/Src/vision_models_pp_maxi_is8.c ****   u16x8x2_idx_blk.val[0] = vmovlbq_u8(u8x16_max_idx_blk);
 907              		.loc 1 243 24 view .LVU256
 908 0040 A8FE462F 		vmovlb.u8	q1, q3
 909              	.LVL77:
 244:../../Middlewares/stm32-vision-models-postprocessing/lib_vision_models_pp/Src/vision_models_pp_maxi_is8.c ****   u16x8x2_idx_blk.val[0] = vmovlbq_u8(u8x16_max_idx_blk);
 910              		.loc 1 244 3 is_stmt 1 view .LVU257
 911              		.loc 1 245 3 view .LVU258
 246:../../Middlewares/stm32-vision-models-postprocessing/lib_vision_models_pp/Src/vision_models_pp_maxi_is8.c ****   // idx = max_idx + max_idx_blk * <block_size>
 247:../../Middlewares/stm32-vision-models-postprocessing/lib_vision_models_pp/Src/vision_models_pp_maxi_is8.c ****   u16x8x2_idx.val[1] = vmovltq_u8(u8x16_max_idx);
 912              		.loc 1 247 3 view .LVU259
 248:../../Middlewares/stm32-vision-models-postprocessing/lib_vision_models_pp/Src/vision_models_pp_maxi_is8.c ****   u16x8x2_idx_blk.val[1] = vmovltq_u8(u8x16_max_idx_blk);
 913              		.loc 1 248 28 is_stmt 0 view .LVU260
 914 0044 A8FE445F 		vmovlt.u8	q2, q2
 915              	.LVL78:
 247:../../Middlewares/stm32-vision-models-postprocessing/lib_vision_models_pp/Src/vision_models_pp_maxi_is8.c ****   u16x8x2_idx_blk.val[1] = vmovltq_u8(u8x16_max_idx_blk);
 916              		.loc 1 247 24 view .LVU261
 917 0048 A8FE467F 		vmovlt.u8	q3, q3
 918              	.LVL79:
 919              		.loc 1 248 3 is_stmt 1 view .LVU262
 249:../../Middlewares/stm32-vision-models-postprocessing/lib_vision_models_pp/Src/vision_models_pp_maxi_is8.c ****   u16x8x2_idx.val[1] = vmlaq_n_u16(u16x8x2_idx.val[1], u16x8x2_idx_blk.val[1], 256);
 920              		.loc 1 249 3 view .LVU263
 250:../../Middlewares/stm32-vision-models-postprocessing/lib_vision_models_pp/Src/vision_models_pp_maxi_is8.c **** 
 251:../../Middlewares/stm32-vision-models-postprocessing/lib_vision_models_pp/Src/vision_models_pp_maxi_is8.c ****   vst2q_u16((uint16_t *)index,u16x8x2_idx);
 921              		.loc 1 251 3 view .LVU264
 922              		.loc 1 251 3 is_stmt 0 view .LVU265
 923 004c 19EE422E 		vmla.u16	q1, q4, r2
ARM GAS  /tmp/ccS31Hxi.s 			page 82


 924              	.LVL80:
 925              		.loc 1 251 3 view .LVU266
 926 0050 15EE426E 		vmla.u16	q3, q2, r2
 927              	.LVL81:
 928              		.loc 1 251 3 view .LVU267
 929 0054 22EF52C1 		vmov	q6, q1
 930              	.LVL82:
 931              		.loc 1 251 3 view .LVU268
 932 0058 26EF56E1 		vmov	q7, q3
 933              	.LVL83:
 934              	.LBB165:
 935              	.LBI165:
3241:/opt/st/stm32cubeide_2.1.1/plugins/com.st.stm32cube.ide.mcu.externaltools.gnu-tools-for-stm32.14.3.rel1.linux64_1.0.100.202602081740/tools/lib/gcc/arm-none-eabi/14.3.1/include/arm_mve.h **** }
3242:/opt/st/stm32cubeide_2.1.1/plugins/com.st.stm32cube.ide.mcu.externaltools.gnu-tools-for-stm32.14.3.rel1.linux64_1.0.100.202602081740/tools/lib/gcc/arm-none-eabi/14.3.1/include/arm_mve.h **** 
3243:/opt/st/stm32cubeide_2.1.1/plugins/com.st.stm32cube.ide.mcu.externaltools.gnu-tools-for-stm32.14.3.rel1.linux64_1.0.100.202602081740/tools/lib/gcc/arm-none-eabi/14.3.1/include/arm_mve.h **** __extension__ extern __inline int8x16x2_t
3244:/opt/st/stm32cubeide_2.1.1/plugins/com.st.stm32cube.ide.mcu.externaltools.gnu-tools-for-stm32.14.3.rel1.linux64_1.0.100.202602081740/tools/lib/gcc/arm-none-eabi/14.3.1/include/arm_mve.h **** __attribute__ ((__always_inline__, __gnu_inline__, __artificial__))
3245:/opt/st/stm32cubeide_2.1.1/plugins/com.st.stm32cube.ide.mcu.externaltools.gnu-tools-for-stm32.14.3.rel1.linux64_1.0.100.202602081740/tools/lib/gcc/arm-none-eabi/14.3.1/include/arm_mve.h **** __arm_vld2q_s8 (int8_t const * __addr)
3246:/opt/st/stm32cubeide_2.1.1/plugins/com.st.stm32cube.ide.mcu.externaltools.gnu-tools-for-stm32.14.3.rel1.linux64_1.0.100.202602081740/tools/lib/gcc/arm-none-eabi/14.3.1/include/arm_mve.h **** {
3247:/opt/st/stm32cubeide_2.1.1/plugins/com.st.stm32cube.ide.mcu.externaltools.gnu-tools-for-stm32.14.3.rel1.linux64_1.0.100.202602081740/tools/lib/gcc/arm-none-eabi/14.3.1/include/arm_mve.h ****   union { int8x16x2_t __i; __builtin_neon_oi __o; } __rv;
3248:/opt/st/stm32cubeide_2.1.1/plugins/com.st.stm32cube.ide.mcu.externaltools.gnu-tools-for-stm32.14.3.rel1.linux64_1.0.100.202602081740/tools/lib/gcc/arm-none-eabi/14.3.1/include/arm_mve.h ****   __rv.__o = __builtin_mve_vld2qv16qi ((__builtin_neon_qi *) __addr);
3249:/opt/st/stm32cubeide_2.1.1/plugins/com.st.stm32cube.ide.mcu.externaltools.gnu-tools-for-stm32.14.3.rel1.linux64_1.0.100.202602081740/tools/lib/gcc/arm-none-eabi/14.3.1/include/arm_mve.h ****   return __rv.__i;
3250:/opt/st/stm32cubeide_2.1.1/plugins/com.st.stm32cube.ide.mcu.externaltools.gnu-tools-for-stm32.14.3.rel1.linux64_1.0.100.202602081740/tools/lib/gcc/arm-none-eabi/14.3.1/include/arm_mve.h **** }
3251:/opt/st/stm32cubeide_2.1.1/plugins/com.st.stm32cube.ide.mcu.externaltools.gnu-tools-for-stm32.14.3.rel1.linux64_1.0.100.202602081740/tools/lib/gcc/arm-none-eabi/14.3.1/include/arm_mve.h **** 
3252:/opt/st/stm32cubeide_2.1.1/plugins/com.st.stm32cube.ide.mcu.externaltools.gnu-tools-for-stm32.14.3.rel1.linux64_1.0.100.202602081740/tools/lib/gcc/arm-none-eabi/14.3.1/include/arm_mve.h **** __extension__ extern __inline uint8x16x2_t
3253:/opt/st/stm32cubeide_2.1.1/plugins/com.st.stm32cube.ide.mcu.externaltools.gnu-tools-for-stm32.14.3.rel1.linux64_1.0.100.202602081740/tools/lib/gcc/arm-none-eabi/14.3.1/include/arm_mve.h **** __attribute__ ((__always_inline__, __gnu_inline__, __artificial__))
3254:/opt/st/stm32cubeide_2.1.1/plugins/com.st.stm32cube.ide.mcu.externaltools.gnu-tools-for-stm32.14.3.rel1.linux64_1.0.100.202602081740/tools/lib/gcc/arm-none-eabi/14.3.1/include/arm_mve.h **** __arm_vld2q_u8 (uint8_t const * __addr)
3255:/opt/st/stm32cubeide_2.1.1/plugins/com.st.stm32cube.ide.mcu.externaltools.gnu-tools-for-stm32.14.3.rel1.linux64_1.0.100.202602081740/tools/lib/gcc/arm-none-eabi/14.3.1/include/arm_mve.h **** {
3256:/opt/st/stm32cubeide_2.1.1/plugins/com.st.stm32cube.ide.mcu.externaltools.gnu-tools-for-stm32.14.3.rel1.linux64_1.0.100.202602081740/tools/lib/gcc/arm-none-eabi/14.3.1/include/arm_mve.h ****   union { uint8x16x2_t __i; __builtin_neon_oi __o; } __rv;
3257:/opt/st/stm32cubeide_2.1.1/plugins/com.st.stm32cube.ide.mcu.externaltools.gnu-tools-for-stm32.14.3.rel1.linux64_1.0.100.202602081740/tools/lib/gcc/arm-none-eabi/14.3.1/include/arm_mve.h ****   __rv.__o = __builtin_mve_vld2qv16qi ((__builtin_neon_qi *) __addr);
3258:/opt/st/stm32cubeide_2.1.1/plugins/com.st.stm32cube.ide.mcu.externaltools.gnu-tools-for-stm32.14.3.rel1.linux64_1.0.100.202602081740/tools/lib/gcc/arm-none-eabi/14.3.1/include/arm_mve.h ****   return __rv.__i;
3259:/opt/st/stm32cubeide_2.1.1/plugins/com.st.stm32cube.ide.mcu.externaltools.gnu-tools-for-stm32.14.3.rel1.linux64_1.0.100.202602081740/tools/lib/gcc/arm-none-eabi/14.3.1/include/arm_mve.h **** }
3260:/opt/st/stm32cubeide_2.1.1/plugins/com.st.stm32cube.ide.mcu.externaltools.gnu-tools-for-stm32.14.3.rel1.linux64_1.0.100.202602081740/tools/lib/gcc/arm-none-eabi/14.3.1/include/arm_mve.h **** 
3261:/opt/st/stm32cubeide_2.1.1/plugins/com.st.stm32cube.ide.mcu.externaltools.gnu-tools-for-stm32.14.3.rel1.linux64_1.0.100.202602081740/tools/lib/gcc/arm-none-eabi/14.3.1/include/arm_mve.h **** __extension__ extern __inline int8x16x4_t
3262:/opt/st/stm32cubeide_2.1.1/plugins/com.st.stm32cube.ide.mcu.externaltools.gnu-tools-for-stm32.14.3.rel1.linux64_1.0.100.202602081740/tools/lib/gcc/arm-none-eabi/14.3.1/include/arm_mve.h **** __attribute__ ((__always_inline__, __gnu_inline__, __artificial__))
3263:/opt/st/stm32cubeide_2.1.1/plugins/com.st.stm32cube.ide.mcu.externaltools.gnu-tools-for-stm32.14.3.rel1.linux64_1.0.100.202602081740/tools/lib/gcc/arm-none-eabi/14.3.1/include/arm_mve.h **** __arm_vld4q_s8 (int8_t const * __addr)
3264:/opt/st/stm32cubeide_2.1.1/plugins/com.st.stm32cube.ide.mcu.externaltools.gnu-tools-for-stm32.14.3.rel1.linux64_1.0.100.202602081740/tools/lib/gcc/arm-none-eabi/14.3.1/include/arm_mve.h **** {
3265:/opt/st/stm32cubeide_2.1.1/plugins/com.st.stm32cube.ide.mcu.externaltools.gnu-tools-for-stm32.14.3.rel1.linux64_1.0.100.202602081740/tools/lib/gcc/arm-none-eabi/14.3.1/include/arm_mve.h ****   union { int8x16x4_t __i; __builtin_neon_xi __o; } __rv;
3266:/opt/st/stm32cubeide_2.1.1/plugins/com.st.stm32cube.ide.mcu.externaltools.gnu-tools-for-stm32.14.3.rel1.linux64_1.0.100.202602081740/tools/lib/gcc/arm-none-eabi/14.3.1/include/arm_mve.h ****   __rv.__o = __builtin_mve_vld4qv16qi ((__builtin_neon_qi *) __addr);
3267:/opt/st/stm32cubeide_2.1.1/plugins/com.st.stm32cube.ide.mcu.externaltools.gnu-tools-for-stm32.14.3.rel1.linux64_1.0.100.202602081740/tools/lib/gcc/arm-none-eabi/14.3.1/include/arm_mve.h ****   return __rv.__i;
3268:/opt/st/stm32cubeide_2.1.1/plugins/com.st.stm32cube.ide.mcu.externaltools.gnu-tools-for-stm32.14.3.rel1.linux64_1.0.100.202602081740/tools/lib/gcc/arm-none-eabi/14.3.1/include/arm_mve.h **** }
3269:/opt/st/stm32cubeide_2.1.1/plugins/com.st.stm32cube.ide.mcu.externaltools.gnu-tools-for-stm32.14.3.rel1.linux64_1.0.100.202602081740/tools/lib/gcc/arm-none-eabi/14.3.1/include/arm_mve.h **** 
3270:/opt/st/stm32cubeide_2.1.1/plugins/com.st.stm32cube.ide.mcu.externaltools.gnu-tools-for-stm32.14.3.rel1.linux64_1.0.100.202602081740/tools/lib/gcc/arm-none-eabi/14.3.1/include/arm_mve.h **** __extension__ extern __inline uint8x16x4_t
3271:/opt/st/stm32cubeide_2.1.1/plugins/com.st.stm32cube.ide.mcu.externaltools.gnu-tools-for-stm32.14.3.rel1.linux64_1.0.100.202602081740/tools/lib/gcc/arm-none-eabi/14.3.1/include/arm_mve.h **** __attribute__ ((__always_inline__, __gnu_inline__, __artificial__))
3272:/opt/st/stm32cubeide_2.1.1/plugins/com.st.stm32cube.ide.mcu.externaltools.gnu-tools-for-stm32.14.3.rel1.linux64_1.0.100.202602081740/tools/lib/gcc/arm-none-eabi/14.3.1/include/arm_mve.h **** __arm_vld4q_u8 (uint8_t const * __addr)
3273:/opt/st/stm32cubeide_2.1.1/plugins/com.st.stm32cube.ide.mcu.externaltools.gnu-tools-for-stm32.14.3.rel1.linux64_1.0.100.202602081740/tools/lib/gcc/arm-none-eabi/14.3.1/include/arm_mve.h **** {
3274:/opt/st/stm32cubeide_2.1.1/plugins/com.st.stm32cube.ide.mcu.externaltools.gnu-tools-for-stm32.14.3.rel1.linux64_1.0.100.202602081740/tools/lib/gcc/arm-none-eabi/14.3.1/include/arm_mve.h ****   union { uint8x16x4_t __i; __builtin_neon_xi __o; } __rv;
3275:/opt/st/stm32cubeide_2.1.1/plugins/com.st.stm32cube.ide.mcu.externaltools.gnu-tools-for-stm32.14.3.rel1.linux64_1.0.100.202602081740/tools/lib/gcc/arm-none-eabi/14.3.1/include/arm_mve.h ****   __rv.__o = __builtin_mve_vld4qv16qi ((__builtin_neon_qi *) __addr);
3276:/opt/st/stm32cubeide_2.1.1/plugins/com.st.stm32cube.ide.mcu.externaltools.gnu-tools-for-stm32.14.3.rel1.linux64_1.0.100.202602081740/tools/lib/gcc/arm-none-eabi/14.3.1/include/arm_mve.h ****   return __rv.__i;
3277:/opt/st/stm32cubeide_2.1.1/plugins/com.st.stm32cube.ide.mcu.externaltools.gnu-tools-for-stm32.14.3.rel1.linux64_1.0.100.202602081740/tools/lib/gcc/arm-none-eabi/14.3.1/include/arm_mve.h **** }
3278:/opt/st/stm32cubeide_2.1.1/plugins/com.st.stm32cube.ide.mcu.externaltools.gnu-tools-for-stm32.14.3.rel1.linux64_1.0.100.202602081740/tools/lib/gcc/arm-none-eabi/14.3.1/include/arm_mve.h **** 
3279:/opt/st/stm32cubeide_2.1.1/plugins/com.st.stm32cube.ide.mcu.externaltools.gnu-tools-for-stm32.14.3.rel1.linux64_1.0.100.202602081740/tools/lib/gcc/arm-none-eabi/14.3.1/include/arm_mve.h **** __extension__ extern __inline void
3280:/opt/st/stm32cubeide_2.1.1/plugins/com.st.stm32cube.ide.mcu.externaltools.gnu-tools-for-stm32.14.3.rel1.linux64_1.0.100.202602081740/tools/lib/gcc/arm-none-eabi/14.3.1/include/arm_mve.h **** __attribute__ ((__always_inline__, __gnu_inline__, __artificial__))
3281:/opt/st/stm32cubeide_2.1.1/plugins/com.st.stm32cube.ide.mcu.externaltools.gnu-tools-for-stm32.14.3.rel1.linux64_1.0.100.202602081740/tools/lib/gcc/arm-none-eabi/14.3.1/include/arm_mve.h **** __arm_vst1q_p_u16 (uint16_t * __addr, uint16x8_t __value, mve_pred16_t __p)
3282:/opt/st/stm32cubeide_2.1.1/plugins/com.st.stm32cube.ide.mcu.externaltools.gnu-tools-for-stm32.14.3.rel1.linux64_1.0.100.202602081740/tools/lib/gcc/arm-none-eabi/14.3.1/include/arm_mve.h **** {
3283:/opt/st/stm32cubeide_2.1.1/plugins/com.st.stm32cube.ide.mcu.externaltools.gnu-tools-for-stm32.14.3.rel1.linux64_1.0.100.202602081740/tools/lib/gcc/arm-none-eabi/14.3.1/include/arm_mve.h ****   return __arm_vstrhq_p_u16 (__addr, __value, __p);
3284:/opt/st/stm32cubeide_2.1.1/plugins/com.st.stm32cube.ide.mcu.externaltools.gnu-tools-for-stm32.14.3.rel1.linux64_1.0.100.202602081740/tools/lib/gcc/arm-none-eabi/14.3.1/include/arm_mve.h **** }
3285:/opt/st/stm32cubeide_2.1.1/plugins/com.st.stm32cube.ide.mcu.externaltools.gnu-tools-for-stm32.14.3.rel1.linux64_1.0.100.202602081740/tools/lib/gcc/arm-none-eabi/14.3.1/include/arm_mve.h **** 
ARM GAS  /tmp/ccS31Hxi.s 			page 83


3286:/opt/st/stm32cubeide_2.1.1/plugins/com.st.stm32cube.ide.mcu.externaltools.gnu-tools-for-stm32.14.3.rel1.linux64_1.0.100.202602081740/tools/lib/gcc/arm-none-eabi/14.3.1/include/arm_mve.h **** __extension__ extern __inline void
3287:/opt/st/stm32cubeide_2.1.1/plugins/com.st.stm32cube.ide.mcu.externaltools.gnu-tools-for-stm32.14.3.rel1.linux64_1.0.100.202602081740/tools/lib/gcc/arm-none-eabi/14.3.1/include/arm_mve.h **** __attribute__ ((__always_inline__, __gnu_inline__, __artificial__))
3288:/opt/st/stm32cubeide_2.1.1/plugins/com.st.stm32cube.ide.mcu.externaltools.gnu-tools-for-stm32.14.3.rel1.linux64_1.0.100.202602081740/tools/lib/gcc/arm-none-eabi/14.3.1/include/arm_mve.h **** __arm_vst1q_p_s16 (int16_t * __addr, int16x8_t __value, mve_pred16_t __p)
3289:/opt/st/stm32cubeide_2.1.1/plugins/com.st.stm32cube.ide.mcu.externaltools.gnu-tools-for-stm32.14.3.rel1.linux64_1.0.100.202602081740/tools/lib/gcc/arm-none-eabi/14.3.1/include/arm_mve.h **** {
3290:/opt/st/stm32cubeide_2.1.1/plugins/com.st.stm32cube.ide.mcu.externaltools.gnu-tools-for-stm32.14.3.rel1.linux64_1.0.100.202602081740/tools/lib/gcc/arm-none-eabi/14.3.1/include/arm_mve.h ****   return __arm_vstrhq_p_s16 (__addr, __value, __p);
3291:/opt/st/stm32cubeide_2.1.1/plugins/com.st.stm32cube.ide.mcu.externaltools.gnu-tools-for-stm32.14.3.rel1.linux64_1.0.100.202602081740/tools/lib/gcc/arm-none-eabi/14.3.1/include/arm_mve.h **** }
3292:/opt/st/stm32cubeide_2.1.1/plugins/com.st.stm32cube.ide.mcu.externaltools.gnu-tools-for-stm32.14.3.rel1.linux64_1.0.100.202602081740/tools/lib/gcc/arm-none-eabi/14.3.1/include/arm_mve.h **** 
3293:/opt/st/stm32cubeide_2.1.1/plugins/com.st.stm32cube.ide.mcu.externaltools.gnu-tools-for-stm32.14.3.rel1.linux64_1.0.100.202602081740/tools/lib/gcc/arm-none-eabi/14.3.1/include/arm_mve.h **** __extension__ extern __inline void
3294:/opt/st/stm32cubeide_2.1.1/plugins/com.st.stm32cube.ide.mcu.externaltools.gnu-tools-for-stm32.14.3.rel1.linux64_1.0.100.202602081740/tools/lib/gcc/arm-none-eabi/14.3.1/include/arm_mve.h **** __attribute__ ((__always_inline__, __gnu_inline__, __artificial__))
3295:/opt/st/stm32cubeide_2.1.1/plugins/com.st.stm32cube.ide.mcu.externaltools.gnu-tools-for-stm32.14.3.rel1.linux64_1.0.100.202602081740/tools/lib/gcc/arm-none-eabi/14.3.1/include/arm_mve.h **** __arm_vst2q_s16 (int16_t * __addr, int16x8x2_t __value)
3296:/opt/st/stm32cubeide_2.1.1/plugins/com.st.stm32cube.ide.mcu.externaltools.gnu-tools-for-stm32.14.3.rel1.linux64_1.0.100.202602081740/tools/lib/gcc/arm-none-eabi/14.3.1/include/arm_mve.h **** {
3297:/opt/st/stm32cubeide_2.1.1/plugins/com.st.stm32cube.ide.mcu.externaltools.gnu-tools-for-stm32.14.3.rel1.linux64_1.0.100.202602081740/tools/lib/gcc/arm-none-eabi/14.3.1/include/arm_mve.h ****   union { int16x8x2_t __i; __builtin_neon_oi __o; } __rv;
3298:/opt/st/stm32cubeide_2.1.1/plugins/com.st.stm32cube.ide.mcu.externaltools.gnu-tools-for-stm32.14.3.rel1.linux64_1.0.100.202602081740/tools/lib/gcc/arm-none-eabi/14.3.1/include/arm_mve.h ****   __rv.__i = __value;
3299:/opt/st/stm32cubeide_2.1.1/plugins/com.st.stm32cube.ide.mcu.externaltools.gnu-tools-for-stm32.14.3.rel1.linux64_1.0.100.202602081740/tools/lib/gcc/arm-none-eabi/14.3.1/include/arm_mve.h ****   __builtin_mve_vst2qv8hi ((__builtin_neon_hi *) __addr, __rv.__o);
3300:/opt/st/stm32cubeide_2.1.1/plugins/com.st.stm32cube.ide.mcu.externaltools.gnu-tools-for-stm32.14.3.rel1.linux64_1.0.100.202602081740/tools/lib/gcc/arm-none-eabi/14.3.1/include/arm_mve.h **** }
3301:/opt/st/stm32cubeide_2.1.1/plugins/com.st.stm32cube.ide.mcu.externaltools.gnu-tools-for-stm32.14.3.rel1.linux64_1.0.100.202602081740/tools/lib/gcc/arm-none-eabi/14.3.1/include/arm_mve.h **** 
3302:/opt/st/stm32cubeide_2.1.1/plugins/com.st.stm32cube.ide.mcu.externaltools.gnu-tools-for-stm32.14.3.rel1.linux64_1.0.100.202602081740/tools/lib/gcc/arm-none-eabi/14.3.1/include/arm_mve.h **** __extension__ extern __inline void
3303:/opt/st/stm32cubeide_2.1.1/plugins/com.st.stm32cube.ide.mcu.externaltools.gnu-tools-for-stm32.14.3.rel1.linux64_1.0.100.202602081740/tools/lib/gcc/arm-none-eabi/14.3.1/include/arm_mve.h **** __attribute__ ((__always_inline__, __gnu_inline__, __artificial__))
3304:/opt/st/stm32cubeide_2.1.1/plugins/com.st.stm32cube.ide.mcu.externaltools.gnu-tools-for-stm32.14.3.rel1.linux64_1.0.100.202602081740/tools/lib/gcc/arm-none-eabi/14.3.1/include/arm_mve.h **** __arm_vst2q_u16 (uint16_t * __addr, uint16x8x2_t __value)
 936              		.loc 2 3304 1 is_stmt 1 view .LVU269
 937              	.LBB166:
3305:/opt/st/stm32cubeide_2.1.1/plugins/com.st.stm32cube.ide.mcu.externaltools.gnu-tools-for-stm32.14.3.rel1.linux64_1.0.100.202602081740/tools/lib/gcc/arm-none-eabi/14.3.1/include/arm_mve.h **** {
3306:/opt/st/stm32cubeide_2.1.1/plugins/com.st.stm32cube.ide.mcu.externaltools.gnu-tools-for-stm32.14.3.rel1.linux64_1.0.100.202602081740/tools/lib/gcc/arm-none-eabi/14.3.1/include/arm_mve.h ****   union { uint16x8x2_t __i; __builtin_neon_oi __o; } __rv;
 938              		.loc 2 3306 3 view .LVU270
3307:/opt/st/stm32cubeide_2.1.1/plugins/com.st.stm32cube.ide.mcu.externaltools.gnu-tools-for-stm32.14.3.rel1.linux64_1.0.100.202602081740/tools/lib/gcc/arm-none-eabi/14.3.1/include/arm_mve.h ****   __rv.__i = __value;
 939              		.loc 2 3307 3 view .LVU271
3308:/opt/st/stm32cubeide_2.1.1/plugins/com.st.stm32cube.ide.mcu.externaltools.gnu-tools-for-stm32.14.3.rel1.linux64_1.0.100.202602081740/tools/lib/gcc/arm-none-eabi/14.3.1/include/arm_mve.h ****   __builtin_mve_vst2qv8hi ((__builtin_neon_hi *) __addr, __rv.__o);
 940              		.loc 2 3308 3 view .LVU272
 941 005c 1A9A     		ldr	r2, [sp, #104]
 942              	.LBE166:
 943              	.LBE165:
 944              	.LBB168:
 945              	.LBB169:
1334:/opt/st/stm32cubeide_2.1.1/plugins/com.st.stm32cube.ide.mcu.externaltools.gnu-tools-for-stm32.14.3.rel1.linux64_1.0.100.202602081740/tools/lib/gcc/arm-none-eabi/14.3.1/include/arm_mve.h **** }
 946              		.loc 2 1334 3 is_stmt 0 view .LVU273
 947 005e EDEE107A 		vmsr	p0, r7	@ movhi
 948              	.LBE169:
 949              	.LBE168:
 950              	.LBB171:
 951              	.LBB167:
 952              		.loc 2 3308 3 view .LVU274
 953 0062 82FC80DE 		vst20.16	{q6, q7}, [r2]
 954 0066 82FCA0DE 		vst21.16	{q6, q7}, [r2]
 955              	.LVL84:
 956              		.loc 2 3308 3 view .LVU275
 957              	.LBE167:
 958              	.LBE171:
 252:../../Middlewares/stm32-vision-models-postprocessing/lib_vision_models_pp/Src/vision_models_pp_maxi_is8.c ****   vstrbq_p_s8((int8_t *)maxim,s8x16_max_val,p);
 959              		.loc 1 252 3 is_stmt 1 view .LVU276
 960              	.LBB172:
 961              	.LBI168:
1332:/opt/st/stm32cubeide_2.1.1/plugins/com.st.stm32cube.ide.mcu.externaltools.gnu-tools-for-stm32.14.3.rel1.linux64_1.0.100.202602081740/tools/lib/gcc/arm-none-eabi/14.3.1/include/arm_mve.h **** {
 962              		.loc 2 1332 1 view .LVU277
 963              	.LBB170:
1334:/opt/st/stm32cubeide_2.1.1/plugins/com.st.stm32cube.ide.mcu.externaltools.gnu-tools-for-stm32.14.3.rel1.linux64_1.0.100.202602081740/tools/lib/gcc/arm-none-eabi/14.3.1/include/arm_mve.h **** }
 964              		.loc 2 1334 3 view .LVU278
 965 006a 71FE4D0F 		vpst
ARM GAS  /tmp/ccS31Hxi.s 			page 84


 966 006e 83ED001E 		vstrbt.8	q0, [r3]
 967              	.LVL85:
1334:/opt/st/stm32cubeide_2.1.1/plugins/com.st.stm32cube.ide.mcu.externaltools.gnu-tools-for-stm32.14.3.rel1.linux64_1.0.100.202602081740/tools/lib/gcc/arm-none-eabi/14.3.1/include/arm_mve.h **** }
 968              		.loc 2 1334 3 is_stmt 0 view .LVU279
 969              	.LBE170:
 970              	.LBE172:
 253:../../Middlewares/stm32-vision-models-postprocessing/lib_vision_models_pp/Src/vision_models_pp_maxi_is8.c **** #else
 254:../../Middlewares/stm32-vision-models-postprocessing/lib_vision_models_pp/Src/vision_models_pp_maxi_is8.c ****   parallelize = MIN(16, parallelize);
 255:../../Middlewares/stm32-vision-models-postprocessing/lib_vision_models_pp/Src/vision_models_pp_maxi_is8.c ****   for (uint16_t k = 0; k < parallelize; k++)
 256:../../Middlewares/stm32-vision-models-postprocessing/lib_vision_models_pp/Src/vision_models_pp_maxi_is8.c ****   {
 257:../../Middlewares/stm32-vision-models-postprocessing/lib_vision_models_pp/Src/vision_models_pp_maxi_is8.c ****     *index = 0;
 258:../../Middlewares/stm32-vision-models-postprocessing/lib_vision_models_pp/Src/vision_models_pp_maxi_is8.c ****     *maxim = arr[k];
 259:../../Middlewares/stm32-vision-models-postprocessing/lib_vision_models_pp/Src/vision_models_pp_maxi_is8.c ****     for (uint16_t i = 1; i < len_arr; i++)
 260:../../Middlewares/stm32-vision-models-postprocessing/lib_vision_models_pp/Src/vision_models_pp_maxi_is8.c ****     {
 261:../../Middlewares/stm32-vision-models-postprocessing/lib_vision_models_pp/Src/vision_models_pp_maxi_is8.c ****       if (arr[k+i*offset] > *maxim)
 262:../../Middlewares/stm32-vision-models-postprocessing/lib_vision_models_pp/Src/vision_models_pp_maxi_is8.c ****       {
 263:../../Middlewares/stm32-vision-models-postprocessing/lib_vision_models_pp/Src/vision_models_pp_maxi_is8.c ****         *maxim = arr[k+i*offset];
 264:../../Middlewares/stm32-vision-models-postprocessing/lib_vision_models_pp/Src/vision_models_pp_maxi_is8.c ****         *index = i;
 265:../../Middlewares/stm32-vision-models-postprocessing/lib_vision_models_pp/Src/vision_models_pp_maxi_is8.c ****       }
 266:../../Middlewares/stm32-vision-models-postprocessing/lib_vision_models_pp/Src/vision_models_pp_maxi_is8.c ****     }
 267:../../Middlewares/stm32-vision-models-postprocessing/lib_vision_models_pp/Src/vision_models_pp_maxi_is8.c ****     maxim++;
 268:../../Middlewares/stm32-vision-models-postprocessing/lib_vision_models_pp/Src/vision_models_pp_maxi_is8.c ****     index++;
 269:../../Middlewares/stm32-vision-models-postprocessing/lib_vision_models_pp/Src/vision_models_pp_maxi_is8.c ****   }
 270:../../Middlewares/stm32-vision-models-postprocessing/lib_vision_models_pp/Src/vision_models_pp_maxi_is8.c **** #endif
 271:../../Middlewares/stm32-vision-models-postprocessing/lib_vision_models_pp/Src/vision_models_pp_maxi_is8.c **** }
 971              		.loc 1 271 1 view .LVU280
 972 0072 05B0     		add	sp, sp, #20
 973              		.cfi_remember_state
 974              		.cfi_def_cfa_offset 84
 975              		@ sp needed
 976 0074 BDEC108B 		vldm	sp!, {d8-d15}
 977              		.cfi_restore 94
 978              		.cfi_restore 95
 979              		.cfi_restore 92
 980              		.cfi_restore 93
 981              		.cfi_restore 90
 982              		.cfi_restore 91
 983              		.cfi_restore 88
 984              		.cfi_restore 89
 985              		.cfi_restore 86
 986              		.cfi_restore 87
 987              		.cfi_restore 84
 988              		.cfi_restore 85
 989              		.cfi_restore 82
 990              		.cfi_restore 83
 991              		.cfi_restore 80
 992              		.cfi_restore 81
 993              		.cfi_def_cfa_offset 20
 994              	.LVL86:
 995              		.loc 1 271 1 view .LVU281
 996 0078 F0BD     		pop	{r4, r5, r6, r7, pc}
 997              	.LVL87:
 998              	.L19:
 999              		.cfi_restore_state
 1000              	.LBB173:
 210:../../Middlewares/stm32-vision-models-postprocessing/lib_vision_models_pp/Src/vision_models_pp_maxi_is8.c ****     uint8x16_t u8x16_blk_idx = vdupq_n_u8(0);
 1001              		.loc 1 210 5 is_stmt 1 view .LVU282
ARM GAS  /tmp/ccS31Hxi.s 			page 85


 210:../../Middlewares/stm32-vision-models-postprocessing/lib_vision_models_pp/Src/vision_models_pp_maxi_is8.c ****     uint8x16_t u8x16_blk_idx = vdupq_n_u8(0);
 1002              		.loc 1 210 19 is_stmt 0 view .LVU283
 1003 007a B1F5807F 		cmp	r1, #256
 1004 007e 8C46     		mov	ip, r1
 1005 0080 28BF     		it	cs
 1006 0082 4FF4807C 		movcs	ip, #256
 1007              	.LVL88:
 211:../../Middlewares/stm32-vision-models-postprocessing/lib_vision_models_pp/Src/vision_models_pp_maxi_is8.c ****     uint8x16_t u8x16_blk_max_idx = vdupq_n_u8(0);
 1008              		.loc 1 211 5 is_stmt 1 view .LVU284
 212:../../Middlewares/stm32-vision-models-postprocessing/lib_vision_models_pp/Src/vision_models_pp_maxi_is8.c ****     int8x16_t  s8x16_blk_max_val = vdupq_n_s8(Q7_MIN);
 1009              		.loc 1 212 5 view .LVU285
 213:../../Middlewares/stm32-vision-models-postprocessing/lib_vision_models_pp/Src/vision_models_pp_maxi_is8.c ****     mve_pred16_t p0;
 1010              		.loc 1 213 5 view .LVU286
 214:../../Middlewares/stm32-vision-models-postprocessing/lib_vision_models_pp/Src/vision_models_pp_maxi_is8.c ****     // Process each block up to 256 i.e. 0x100
 1011              		.loc 1 214 5 view .LVU287
 216:../../Middlewares/stm32-vision-models-postprocessing/lib_vision_models_pp/Src/vision_models_pp_maxi_is8.c ****     {
 1012              		.loc 1 216 5 view .LVU288
 1013              	.LBB163:
 216:../../Middlewares/stm32-vision-models-postprocessing/lib_vision_models_pp/Src/vision_models_pp_maxi_is8.c ****     {
 1014              		.loc 1 216 10 view .LVU289
 216:../../Middlewares/stm32-vision-models-postprocessing/lib_vision_models_pp/Src/vision_models_pp_maxi_is8.c ****     {
 1015              		.loc 1 216 23 discriminator 1 view .LVU290
 1016 0086 0646     		mov	r6, r0
 1017              	.LBE163:
 213:../../Middlewares/stm32-vision-models-postprocessing/lib_vision_models_pp/Src/vision_models_pp_maxi_is8.c ****     mve_pred16_t p0;
 1018              		.loc 1 213 36 is_stmt 0 view .LVU291
 1019 0088 9DED003E 		vldrb.8	q1, [sp]
 212:../../Middlewares/stm32-vision-models-postprocessing/lib_vision_models_pp/Src/vision_models_pp_maxi_is8.c ****     int8x16_t  s8x16_blk_max_val = vdupq_n_s8(Q7_MIN);
 1020              		.loc 1 212 36 view .LVU292
 1021 008c 28EF58A1 		vmov	q5, q4
 211:../../Middlewares/stm32-vision-models-postprocessing/lib_vision_models_pp/Src/vision_models_pp_maxi_is8.c ****     uint8x16_t u8x16_blk_max_idx = vdupq_n_u8(0);
 1022              		.loc 1 211 32 view .LVU293
 1023 0090 28EF58C1 		vmov	q6, q4
 1024              	.LBB164:
 1025              	.LBB161:
 227:../../Middlewares/stm32-vision-models-postprocessing/lib_vision_models_pp/Src/vision_models_pp_maxi_is8.c ****     }
 1026              		.loc 1 227 20 view .LVU294
 1027 0094 4CF001E0 		dls	lr, ip
 1028              	.LVL89:
 1029              	.L18:
 219:../../Middlewares/stm32-vision-models-postprocessing/lib_vision_models_pp/Src/vision_models_pp_maxi_is8.c ****       // Compare according to p to create p0
 1030              		.loc 1 219 7 is_stmt 1 view .LVU295
 1031              	.LBB160:
 1032              	.LBI155:
3238:/opt/st/stm32cubeide_2.1.1/plugins/com.st.stm32cube.ide.mcu.externaltools.gnu-tools-for-stm32.14.3.rel1.linux64_1.0.100.202602081740/tools/lib/gcc/arm-none-eabi/14.3.1/include/arm_mve.h **** {
 1033              		.loc 2 3238 1 view .LVU296
3240:/opt/st/stm32cubeide_2.1.1/plugins/com.st.stm32cube.ide.mcu.externaltools.gnu-tools-for-stm32.14.3.rel1.linux64_1.0.100.202602081740/tools/lib/gcc/arm-none-eabi/14.3.1/include/arm_mve.h **** }
 1034              		.loc 2 3240 3 view .LVU297
 1035              	.LBB159:
 1036              	.LBI156:
1472:/opt/st/stm32cubeide_2.1.1/plugins/com.st.stm32cube.ide.mcu.externaltools.gnu-tools-for-stm32.14.3.rel1.linux64_1.0.100.202602081740/tools/lib/gcc/arm-none-eabi/14.3.1/include/arm_mve.h **** {
 1037              		.loc 2 1472 1 view .LVU298
 1038              	.LBB158:
1474:/opt/st/stm32cubeide_2.1.1/plugins/com.st.stm32cube.ide.mcu.externaltools.gnu-tools-for-stm32.14.3.rel1.linux64_1.0.100.202602081740/tools/lib/gcc/arm-none-eabi/14.3.1/include/arm_mve.h **** }
 1039              		.loc 2 1474 3 view .LVU299
1474:/opt/st/stm32cubeide_2.1.1/plugins/com.st.stm32cube.ide.mcu.externaltools.gnu-tools-for-stm32.14.3.rel1.linux64_1.0.100.202602081740/tools/lib/gcc/arm-none-eabi/14.3.1/include/arm_mve.h **** }
 1040              		.loc 2 1474 10 is_stmt 0 view .LVU300
ARM GAS  /tmp/ccS31Hxi.s 			page 86


 1041 0098 EDEE105A 		vmsr	p0, r5	@ movhi
 1042 009c 71FE4D0F 		vpst
 1043 00a0 96ED00FE 		vldrbt.8	q7, [r6]
 1044              	.LVL90:
1474:/opt/st/stm32cubeide_2.1.1/plugins/com.st.stm32cube.ide.mcu.externaltools.gnu-tools-for-stm32.14.3.rel1.linux64_1.0.100.202602081740/tools/lib/gcc/arm-none-eabi/14.3.1/include/arm_mve.h **** }
 1045              		.loc 2 1474 10 view .LVU301
 1046              	.LBE158:
 1047              	.LBE159:
 1048              	.LBE160:
 221:../../Middlewares/stm32-vision-models-postprocessing/lib_vision_models_pp/Src/vision_models_pp_maxi_is8.c **** 
 1049              		.loc 1 221 7 is_stmt 1 view .LVU302
 221:../../Middlewares/stm32-vision-models-postprocessing/lib_vision_models_pp/Src/vision_models_pp_maxi_is8.c **** 
 1050              		.loc 1 221 12 is_stmt 0 view .LVU303
 1051 00a4 71FE4D0F 		vpst
 1052 00a8 0FFE031F 		vcmpt.s8	gt, q7, q1
 1053              	.LVL91:
 224:../../Middlewares/stm32-vision-models-postprocessing/lib_vision_models_pp/Src/vision_models_pp_maxi_is8.c ****       /* according to p0: store per-lane extrema indexes*/
 1054              		.loc 1 224 7 is_stmt 1 view .LVU304
 224:../../Middlewares/stm32-vision-models-postprocessing/lib_vision_models_pp/Src/vision_models_pp_maxi_is8.c ****       /* according to p0: store per-lane extrema indexes*/
 1055              		.loc 1 224 27 is_stmt 0 view .LVU305
 1056 00ac 3FFE032F 		vpsel	q1, q7, q1
 1057              	.LVL92:
 226:../../Middlewares/stm32-vision-models-postprocessing/lib_vision_models_pp/Src/vision_models_pp_maxi_is8.c ****       u8x16_blk_idx+=1;
 1058              		.loc 1 226 7 is_stmt 1 view .LVU306
 227:../../Middlewares/stm32-vision-models-postprocessing/lib_vision_models_pp/Src/vision_models_pp_maxi_is8.c ****     }
 1059              		.loc 1 227 20 is_stmt 0 view .LVU307
 1060 00b0 80EF51EE 		vmov.i8	q7, #0x1  @ v16qi
 1061              	.LVL93:
 226:../../Middlewares/stm32-vision-models-postprocessing/lib_vision_models_pp/Src/vision_models_pp_maxi_is8.c ****       u8x16_blk_idx+=1;
 1062              		.loc 1 226 27 view .LVU308
 1063 00b4 3DFE0BAF 		vpsel	q5, q6, q5
 1064              	.LVL94:
 227:../../Middlewares/stm32-vision-models-postprocessing/lib_vision_models_pp/Src/vision_models_pp_maxi_is8.c ****     }
 1065              		.loc 1 227 7 is_stmt 1 view .LVU309
 1066              	.LBE161:
 216:../../Middlewares/stm32-vision-models-postprocessing/lib_vision_models_pp/Src/vision_models_pp_maxi_is8.c ****     {
 1067              		.loc 1 216 23 is_stmt 0 discriminator 1 view .LVU310
 1068 00b8 1644     		add	r6, r6, r2
 1069              	.LVL95:
 1070              	.LBB162:
 227:../../Middlewares/stm32-vision-models-postprocessing/lib_vision_models_pp/Src/vision_models_pp_maxi_is8.c ****     }
 1071              		.loc 1 227 20 view .LVU311
 1072 00ba 0CEF4EC8 		vadd.i8	q6, q6, q7
 1073              	.LVL96:
 227:../../Middlewares/stm32-vision-models-postprocessing/lib_vision_models_pp/Src/vision_models_pp_maxi_is8.c ****     }
 1074              		.loc 1 227 20 view .LVU312
 1075              	.LBE162:
 216:../../Middlewares/stm32-vision-models-postprocessing/lib_vision_models_pp/Src/vision_models_pp_maxi_is8.c ****     {
 1076              		.loc 1 216 35 is_stmt 1 discriminator 3 view .LVU313
 216:../../Middlewares/stm32-vision-models-postprocessing/lib_vision_models_pp/Src/vision_models_pp_maxi_is8.c ****     {
 1077              		.loc 1 216 23 discriminator 1 view .LVU314
 1078 00be 0FF015C8 		le	lr, .L18
 1079              	.LBE164:
 229:../../Middlewares/stm32-vision-models-postprocessing/lib_vision_models_pp/Src/vision_models_pp_maxi_is8.c ****     // Compare according to global max to create p0
 1080              		.loc 1 229 5 view .LVU315
 231:../../Middlewares/stm32-vision-models-postprocessing/lib_vision_models_pp/Src/vision_models_pp_maxi_is8.c **** 
 1081              		.loc 1 231 10 is_stmt 0 view .LVU316
ARM GAS  /tmp/ccS31Hxi.s 			page 87


 1082 00c2 EDEE105A 		vmsr	p0, r5	@ movhi
 1083              	.LVL97:
 231:../../Middlewares/stm32-vision-models-postprocessing/lib_vision_models_pp/Src/vision_models_pp_maxi_is8.c **** 
 1084              		.loc 1 231 10 view .LVU317
 1085 00c6 71FE4D0F 		vpst
 1086 00ca 03FE011F 		vcmpt.s8	gt, q1, q0
 229:../../Middlewares/stm32-vision-models-postprocessing/lib_vision_models_pp/Src/vision_models_pp_maxi_is8.c ****     // Compare according to global max to create p0
 1087              		.loc 1 229 13 view .LVU318
 1088 00ce A1F58071 		sub	r1, r1, #256
 1089              	.LVL98:
 231:../../Middlewares/stm32-vision-models-postprocessing/lib_vision_models_pp/Src/vision_models_pp_maxi_is8.c **** 
 1090              		.loc 1 231 5 is_stmt 1 view .LVU319
 234:../../Middlewares/stm32-vision-models-postprocessing/lib_vision_models_pp/Src/vision_models_pp_maxi_is8.c ****     u8x16_max_idx = vpselq_u8(u8x16_blk_max_idx, u8x16_max_idx, p0);
 1091              		.loc 1 234 5 view .LVU320
 236:../../Middlewares/stm32-vision-models-postprocessing/lib_vision_models_pp/Src/vision_models_pp_maxi_is8.c ****     idx_blk++;
 1092              		.loc 1 236 25 is_stmt 0 view .LVU321
 1093 00d2 71FE4D0F 		vpst
 1094 00d6 E4EE104B 		vdupt.8	q2, r4
 1095              	.LVL99:
 234:../../Middlewares/stm32-vision-models-postprocessing/lib_vision_models_pp/Src/vision_models_pp_maxi_is8.c ****     u8x16_max_idx = vpselq_u8(u8x16_blk_max_idx, u8x16_max_idx, p0);
 1096              		.loc 1 234 21 view .LVU322
 1097 00da 33FE010F 		vpsel	q0, q1, q0
 1098              	.LVL100:
 235:../../Middlewares/stm32-vision-models-postprocessing/lib_vision_models_pp/Src/vision_models_pp_maxi_is8.c ****     u8x16_max_idx_blk = vdupq_m_n_u8(u8x16_max_idx_blk, idx_blk, p0);
 1099              		.loc 1 235 5 is_stmt 1 view .LVU323
 235:../../Middlewares/stm32-vision-models-postprocessing/lib_vision_models_pp/Src/vision_models_pp_maxi_is8.c ****     u8x16_max_idx_blk = vdupq_m_n_u8(u8x16_max_idx_blk, idx_blk, p0);
 1100              		.loc 1 235 21 is_stmt 0 view .LVU324
 1101 00de 3BFE076F 		vpsel	q3, q5, q3
 1102              	.LVL101:
 236:../../Middlewares/stm32-vision-models-postprocessing/lib_vision_models_pp/Src/vision_models_pp_maxi_is8.c ****     idx_blk++;
 1103              		.loc 1 236 5 is_stmt 1 view .LVU325
 237:../../Middlewares/stm32-vision-models-postprocessing/lib_vision_models_pp/Src/vision_models_pp_maxi_is8.c ****   }
 1104              		.loc 1 237 5 view .LVU326
 237:../../Middlewares/stm32-vision-models-postprocessing/lib_vision_models_pp/Src/vision_models_pp_maxi_is8.c ****   }
 1105              		.loc 1 237 5 is_stmt 0 view .LVU327
 1106 00e2 0134     		adds	r4, r4, #1
 1107              	.LVL102:
 237:../../Middlewares/stm32-vision-models-postprocessing/lib_vision_models_pp/Src/vision_models_pp_maxi_is8.c ****   }
 1108              		.loc 1 237 5 view .LVU328
 1109 00e4 A7E7     		b	.L17
 1110              	.LBE173:
 1111              		.cfi_endproc
 1112              	.LFE780:
 1114              		.section	.text.vision_models_maxi_tr_p_is8ou32,"ax",%progbits
 1115              		.align	1
 1116              		.global	vision_models_maxi_tr_p_is8ou32
 1117              		.syntax unified
 1118              		.thumb
 1119              		.thumb_func
 1121              	vision_models_maxi_tr_p_is8ou32:
 1122              	.LVL103:
 1123              	.LFB781:
 272:../../Middlewares/stm32-vision-models-postprocessing/lib_vision_models_pp/Src/vision_models_pp_maxi_is8.c **** #include "stdio.h"
 273:../../Middlewares/stm32-vision-models-postprocessing/lib_vision_models_pp/Src/vision_models_pp_maxi_is8.c **** 
 274:../../Middlewares/stm32-vision-models-postprocessing/lib_vision_models_pp/Src/vision_models_pp_maxi_is8.c **** void vision_models_maxi_tr_p_is8ou32(int8_t *arr, uint32_t len_arr, uint32_t offset, int8_t *maxim,
 275:../../Middlewares/stm32-vision-models-postprocessing/lib_vision_models_pp/Src/vision_models_pp_maxi_is8.c **** {
 1124              		.loc 1 275 1 is_stmt 1 view -0
ARM GAS  /tmp/ccS31Hxi.s 			page 88


 1125              		.cfi_startproc
 1126              		@ args = 8, pretend = 0, frame = 64
 1127              		@ frame_needed = 0, uses_anonymous_args = 0
 276:../../Middlewares/stm32-vision-models-postprocessing/lib_vision_models_pp/Src/vision_models_pp_maxi_is8.c **** #ifdef VISION_MODELS_MAXI_TR_P_IS8OU32_MVE
 277:../../Middlewares/stm32-vision-models-postprocessing/lib_vision_models_pp/Src/vision_models_pp_maxi_is8.c ****   int8x16_t  s8x16_max_val = vdupq_n_s8(Q7_MIN);
 1128              		.loc 1 277 3 view .LVU330
 275:../../Middlewares/stm32-vision-models-postprocessing/lib_vision_models_pp/Src/vision_models_pp_maxi_is8.c **** #ifdef VISION_MODELS_MAXI_TR_P_IS8OU32_MVE
 1129              		.loc 1 275 1 is_stmt 0 view .LVU331
 1130 0000 2DE9F04F 		push	{r4, r5, r6, r7, r8, r9, r10, fp, lr}
 1131              		.cfi_def_cfa_offset 36
 1132              		.cfi_offset 4, -36
 1133              		.cfi_offset 5, -32
 1134              		.cfi_offset 6, -28
 1135              		.cfi_offset 7, -24
 1136              		.cfi_offset 8, -20
 1137              		.cfi_offset 9, -16
 1138              		.cfi_offset 10, -12
 1139              		.cfi_offset 11, -8
 1140              		.cfi_offset 14, -4
 1141 0004 2DED088B 		vpush.64	{d8, d9, d10, d11}
 1142              		.cfi_def_cfa_offset 68
 1143              		.cfi_offset 80, -68
 1144              		.cfi_offset 81, -64
 1145              		.cfi_offset 82, -60
 1146              		.cfi_offset 83, -56
 1147              		.cfi_offset 84, -52
 1148              		.cfi_offset 85, -48
 1149              		.cfi_offset 86, -44
 1150              		.cfi_offset 87, -40
 1151 0008 91B0     		sub	sp, sp, #68
 1152              		.cfi_def_cfa_offset 136
 278:../../Middlewares/stm32-vision-models-postprocessing/lib_vision_models_pp/Src/vision_models_pp_maxi_is8.c ****   parallelize = MIN(parallelize, 16);
 1153              		.loc 1 278 15 view .LVU332
 1154 000a 239D     		ldr	r5, [sp, #140]
 275:../../Middlewares/stm32-vision-models-postprocessing/lib_vision_models_pp/Src/vision_models_pp_maxi_is8.c **** #ifdef VISION_MODELS_MAXI_TR_P_IS8OU32_MVE
 1155              		.loc 1 275 1 view .LVU333
 1156 000c 0393     		str	r3, [sp, #12]
 1157              		.loc 1 278 15 view .LVU334
 1158 000e 102D     		cmp	r5, #16
 1159 0010 28BF     		it	cs
 1160 0012 1025     		movcs	r5, #16
 277:../../Middlewares/stm32-vision-models-postprocessing/lib_vision_models_pp/Src/vision_models_pp_maxi_is8.c ****   parallelize = MIN(parallelize, 16);
 1161              		.loc 1 277 30 view .LVU335
 1162 0014 8023     		movs	r3, #128
 1163              	.LVL104:
 1164              	.LBB174:
 1165              	.LBB175:
 818:/opt/st/stm32cubeide_2.1.1/plugins/com.st.stm32cube.ide.mcu.externaltools.gnu-tools-for-stm32.14.3.rel1.linux64_1.0.100.202602081740/tools/lib/gcc/arm-none-eabi/14.3.1/include/arm_mve.h **** }
 1166              		.loc 2 818 10 view .LVU336
 1167 0016 05F001E8 		vctp.8	r5
 1168              	.LBE175:
 1169              	.LBE174:
 277:../../Middlewares/stm32-vision-models-postprocessing/lib_vision_models_pp/Src/vision_models_pp_maxi_is8.c ****   parallelize = MIN(parallelize, 16);
 1170              		.loc 1 277 30 view .LVU337
 1171 001a E6EE103B 		vdup.8	q3, r3
 1172              	.LBB178:
 1173              	.LBB176:
ARM GAS  /tmp/ccS31Hxi.s 			page 89


 818:/opt/st/stm32cubeide_2.1.1/plugins/com.st.stm32cube.ide.mcu.externaltools.gnu-tools-for-stm32.14.3.rel1.linux64_1.0.100.202602081740/tools/lib/gcc/arm-none-eabi/14.3.1/include/arm_mve.h **** }
 1174              		.loc 2 818 10 view .LVU338
 1175 001e FDEE103A 		vmrs	r3, p0	@ movhi
 1176 0022 ADF80230 		strh	r3, [sp, #2]	@ movhi
 1177              	.LBE176:
 1178              	.LBE178:
 279:../../Middlewares/stm32-vision-models-postprocessing/lib_vision_models_pp/Src/vision_models_pp_maxi_is8.c ****   mve_pred16_t    p = vctp8q(parallelize);
 280:../../Middlewares/stm32-vision-models-postprocessing/lib_vision_models_pp/Src/vision_models_pp_maxi_is8.c **** 
 281:../../Middlewares/stm32-vision-models-postprocessing/lib_vision_models_pp/Src/vision_models_pp_maxi_is8.c ****   uint32_t offset_blk = 0;
 282:../../Middlewares/stm32-vision-models-postprocessing/lib_vision_models_pp/Src/vision_models_pp_maxi_is8.c ****   int8_t *pArr = arr;
 283:../../Middlewares/stm32-vision-models-postprocessing/lib_vision_models_pp/Src/vision_models_pp_maxi_is8.c ****   uint8x16_t u8x16_blk_max_idx = vdupq_n_u8(0);
 1179              		.loc 1 283 34 view .LVU339
 1180 0026 0023     		movs	r3, #0
 1181 0028 E8EE103B 		vdup.8	q4, r3
 275:../../Middlewares/stm32-vision-models-postprocessing/lib_vision_models_pp/Src/vision_models_pp_maxi_is8.c **** #ifdef VISION_MODELS_MAXI_TR_P_IS8OU32_MVE
 1182              		.loc 1 275 1 view .LVU340
 1183 002c 8B46     		mov	fp, r1
 1184              	.LBB179:
 1185              	.LBB180:
 1186              	.LBB181:
 284:../../Middlewares/stm32-vision-models-postprocessing/lib_vision_models_pp/Src/vision_models_pp_maxi_is8.c ****   int8x16_t  s8x16_blk_max_val = vdupq_n_s8(Q7_MIN);
 285:../../Middlewares/stm32-vision-models-postprocessing/lib_vision_models_pp/Src/vision_models_pp_maxi_is8.c **** 
 286:../../Middlewares/stm32-vision-models-postprocessing/lib_vision_models_pp/Src/vision_models_pp_maxi_is8.c ****   while (len_arr > 0)
 287:../../Middlewares/stm32-vision-models-postprocessing/lib_vision_models_pp/Src/vision_models_pp_maxi_is8.c ****   {
 288:../../Middlewares/stm32-vision-models-postprocessing/lib_vision_models_pp/Src/vision_models_pp_maxi_is8.c ****     int maxIter = MIN(len_arr, 256);
 289:../../Middlewares/stm32-vision-models-postprocessing/lib_vision_models_pp/Src/vision_models_pp_maxi_is8.c ****     uint8x16_t u8x16_idx = vdupq_n_u8(0);
 290:../../Middlewares/stm32-vision-models-postprocessing/lib_vision_models_pp/Src/vision_models_pp_maxi_is8.c ****     mve_pred16_t p0;
 291:../../Middlewares/stm32-vision-models-postprocessing/lib_vision_models_pp/Src/vision_models_pp_maxi_is8.c ****     // Process each block up to 256 i.e. 0x100
 292:../../Middlewares/stm32-vision-models-postprocessing/lib_vision_models_pp/Src/vision_models_pp_maxi_is8.c ****     for (int i = 0; i < maxIter; i++)
 293:../../Middlewares/stm32-vision-models-postprocessing/lib_vision_models_pp/Src/vision_models_pp_maxi_is8.c ****     {
 294:../../Middlewares/stm32-vision-models-postprocessing/lib_vision_models_pp/Src/vision_models_pp_maxi_is8.c ****       // load up to 16 int8
 295:../../Middlewares/stm32-vision-models-postprocessing/lib_vision_models_pp/Src/vision_models_pp_maxi_is8.c ****       int8x16_t s8x16_val = vld1q_z_s8(pArr, p);
 296:../../Middlewares/stm32-vision-models-postprocessing/lib_vision_models_pp/Src/vision_models_pp_maxi_is8.c ****      // Compare according to p to create p0
 297:../../Middlewares/stm32-vision-models-postprocessing/lib_vision_models_pp/Src/vision_models_pp_maxi_is8.c ****       p0 = vcmpgtq_m_s8(s8x16_val, s8x16_blk_max_val, p);
 298:../../Middlewares/stm32-vision-models-postprocessing/lib_vision_models_pp/Src/vision_models_pp_maxi_is8.c **** 
 299:../../Middlewares/stm32-vision-models-postprocessing/lib_vision_models_pp/Src/vision_models_pp_maxi_is8.c ****       // according to p0: update with s8x16_val or keep s8x16_blk_max_val
 300:../../Middlewares/stm32-vision-models-postprocessing/lib_vision_models_pp/Src/vision_models_pp_maxi_is8.c ****       s8x16_blk_max_val = vpselq_s8(s8x16_val, s8x16_blk_max_val, p0);
 301:../../Middlewares/stm32-vision-models-postprocessing/lib_vision_models_pp/Src/vision_models_pp_maxi_is8.c ****       /* according to p0: store per-lane extrema indexes*/
 302:../../Middlewares/stm32-vision-models-postprocessing/lib_vision_models_pp/Src/vision_models_pp_maxi_is8.c ****       u8x16_blk_max_idx = vpselq_u8(u8x16_idx, u8x16_blk_max_idx, p0);
 303:../../Middlewares/stm32-vision-models-postprocessing/lib_vision_models_pp/Src/vision_models_pp_maxi_is8.c ****       u8x16_idx+=1;
 1187              		.loc 1 303 16 view .LVU341
 1188 002e 80EF51AE 		vmov.i8	q5, #0x1  @ v16qi
 1189              	.LBE181:
 1190              	.LBE180:
 1191              	.LBE179:
 277:../../Middlewares/stm32-vision-models-postprocessing/lib_vision_models_pp/Src/vision_models_pp_maxi_is8.c ****   parallelize = MIN(parallelize, 16);
 1192              		.loc 1 277 14 discriminator 1 view .LVU342
 1193 0032 8DED107E 		vstrb.8	q3, [sp, #16]
 278:../../Middlewares/stm32-vision-models-postprocessing/lib_vision_models_pp/Src/vision_models_pp_maxi_is8.c ****   mve_pred16_t    p = vctp8q(parallelize);
 1194              		.loc 1 278 3 is_stmt 1 view .LVU343
 1195              	.LVL105:
 279:../../Middlewares/stm32-vision-models-postprocessing/lib_vision_models_pp/Src/vision_models_pp_maxi_is8.c **** 
 1196              		.loc 1 279 3 view .LVU344
 1197              	.LBB199:
 1198              	.LBI174:
 816:/opt/st/stm32cubeide_2.1.1/plugins/com.st.stm32cube.ide.mcu.externaltools.gnu-tools-for-stm32.14.3.rel1.linux64_1.0.100.202602081740/tools/lib/gcc/arm-none-eabi/14.3.1/include/arm_mve.h **** {
 1199              		.loc 2 816 1 view .LVU345
ARM GAS  /tmp/ccS31Hxi.s 			page 90


 1200              	.LBB177:
 818:/opt/st/stm32cubeide_2.1.1/plugins/com.st.stm32cube.ide.mcu.externaltools.gnu-tools-for-stm32.14.3.rel1.linux64_1.0.100.202602081740/tools/lib/gcc/arm-none-eabi/14.3.1/include/arm_mve.h **** }
 1201              		.loc 2 818 3 view .LVU346
 818:/opt/st/stm32cubeide_2.1.1/plugins/com.st.stm32cube.ide.mcu.externaltools.gnu-tools-for-stm32.14.3.rel1.linux64_1.0.100.202602081740/tools/lib/gcc/arm-none-eabi/14.3.1/include/arm_mve.h **** }
 1202              		.loc 2 818 3 is_stmt 0 view .LVU347
 1203              	.LBE177:
 1204              	.LBE199:
 281:../../Middlewares/stm32-vision-models-postprocessing/lib_vision_models_pp/Src/vision_models_pp_maxi_is8.c ****   int8_t *pArr = arr;
 1205              		.loc 1 281 3 is_stmt 1 view .LVU348
 282:../../Middlewares/stm32-vision-models-postprocessing/lib_vision_models_pp/Src/vision_models_pp_maxi_is8.c ****   uint8x16_t u8x16_blk_max_idx = vdupq_n_u8(0);
 1206              		.loc 1 282 3 view .LVU349
 283:../../Middlewares/stm32-vision-models-postprocessing/lib_vision_models_pp/Src/vision_models_pp_maxi_is8.c ****   int8x16_t  s8x16_blk_max_val = vdupq_n_s8(Q7_MIN);
 1207              		.loc 1 283 3 view .LVU350
 283:../../Middlewares/stm32-vision-models-postprocessing/lib_vision_models_pp/Src/vision_models_pp_maxi_is8.c ****   int8x16_t  s8x16_blk_max_val = vdupq_n_s8(Q7_MIN);
 1208              		.loc 1 283 14 is_stmt 0 discriminator 1 view .LVU351
 1209 0036 8DED209E 		vstrb.8	q4, [sp, #32]
 284:../../Middlewares/stm32-vision-models-postprocessing/lib_vision_models_pp/Src/vision_models_pp_maxi_is8.c **** 
 1210              		.loc 1 284 3 is_stmt 1 view .LVU352
 284:../../Middlewares/stm32-vision-models-postprocessing/lib_vision_models_pp/Src/vision_models_pp_maxi_is8.c **** 
 1211              		.loc 1 284 14 is_stmt 0 discriminator 1 view .LVU353
 1212 003a 8DED307E 		vstrb.8	q3, [sp, #48]
 286:../../Middlewares/stm32-vision-models-postprocessing/lib_vision_models_pp/Src/vision_models_pp_maxi_is8.c ****   {
 1213              		.loc 1 286 3 is_stmt 1 view .LVU354
 1214              	.LBB200:
 1215              	.LBB193:
 1216              	.LBB191:
 1217              	.LBB182:
 1218              	.LBB183:
 1219              	.LBB184:
1474:/opt/st/stm32cubeide_2.1.1/plugins/com.st.stm32cube.ide.mcu.externaltools.gnu-tools-for-stm32.14.3.rel1.linux64_1.0.100.202602081740/tools/lib/gcc/arm-none-eabi/14.3.1/include/arm_mve.h **** }
 1220              		.loc 2 1474 10 is_stmt 0 view .LVU355
 1221 003e BDF802C0 		ldrh	ip, [sp, #2]
 1222              	.LVL106:
1474:/opt/st/stm32cubeide_2.1.1/plugins/com.st.stm32cube.ide.mcu.externaltools.gnu-tools-for-stm32.14.3.rel1.linux64_1.0.100.202602081740/tools/lib/gcc/arm-none-eabi/14.3.1/include/arm_mve.h **** }
 1223              		.loc 2 1474 10 view .LVU356
 1224              	.LBE184:
 1225              	.LBE183:
 1226              	.LBE182:
 1227              	.LBE191:
 1228              	.LBE193:
 1229              	.LBE200:
 277:../../Middlewares/stm32-vision-models-postprocessing/lib_vision_models_pp/Src/vision_models_pp_maxi_is8.c ****   parallelize = MIN(parallelize, 16);
 1230              		.loc 1 277 14 discriminator 1 view .LVU357
 1231 0042 0DF11008 		add	r8, sp, #16
 283:../../Middlewares/stm32-vision-models-postprocessing/lib_vision_models_pp/Src/vision_models_pp_maxi_is8.c ****   int8x16_t  s8x16_blk_max_val = vdupq_n_s8(Q7_MIN);
 1232              		.loc 1 283 14 discriminator 1 view .LVU358
 1233 0046 08AE     		add	r6, sp, #32
 284:../../Middlewares/stm32-vision-models-postprocessing/lib_vision_models_pp/Src/vision_models_pp_maxi_is8.c **** 
 1234              		.loc 1 284 14 discriminator 1 view .LVU359
 1235 0048 0CAF     		add	r7, sp, #48
 1236              	.LVL107:
 1237              	.L22:
 284:../../Middlewares/stm32-vision-models-postprocessing/lib_vision_models_pp/Src/vision_models_pp_maxi_is8.c **** 
 1238              		.loc 1 284 14 discriminator 1 view .LVU360
 1239 004a ABEB0103 		sub	r3, fp, r1
 1240 004e 0293     		str	r3, [sp, #8]
 1241              	.LVL108:
ARM GAS  /tmp/ccS31Hxi.s 			page 91


 286:../../Middlewares/stm32-vision-models-postprocessing/lib_vision_models_pp/Src/vision_models_pp_maxi_is8.c ****   {
 1242              		.loc 1 286 18 is_stmt 1 view .LVU361
 1243 0050 69B9     		cbnz	r1, .L27
 304:../../Middlewares/stm32-vision-models-postprocessing/lib_vision_models_pp/Src/vision_models_pp_maxi_is8.c ****       pArr+=offset;
 305:../../Middlewares/stm32-vision-models-postprocessing/lib_vision_models_pp/Src/vision_models_pp_maxi_is8.c **** 
 306:../../Middlewares/stm32-vision-models-postprocessing/lib_vision_models_pp/Src/vision_models_pp_maxi_is8.c ****     } // internal loop (max 256)
 307:../../Middlewares/stm32-vision-models-postprocessing/lib_vision_models_pp/Src/vision_models_pp_maxi_is8.c ****     len_arr -= 256;
 308:../../Middlewares/stm32-vision-models-postprocessing/lib_vision_models_pp/Src/vision_models_pp_maxi_is8.c ****     // Compare according to global max to create p0
 309:../../Middlewares/stm32-vision-models-postprocessing/lib_vision_models_pp/Src/vision_models_pp_maxi_is8.c ****     p0 = vcmpgtq_m_s8(s8x16_blk_max_val, s8x16_max_val, p);
 310:../../Middlewares/stm32-vision-models-postprocessing/lib_vision_models_pp/Src/vision_models_pp_maxi_is8.c **** 
 311:../../Middlewares/stm32-vision-models-postprocessing/lib_vision_models_pp/Src/vision_models_pp_maxi_is8.c ****     // update global max value
 312:../../Middlewares/stm32-vision-models-postprocessing/lib_vision_models_pp/Src/vision_models_pp_maxi_is8.c ****     for (uint32_t e = 0; e < parallelize; e++) {
 313:../../Middlewares/stm32-vision-models-postprocessing/lib_vision_models_pp/Src/vision_models_pp_maxi_is8.c ****       if (s8x16_blk_max_val[e] > s8x16_max_val[e]) {
 314:../../Middlewares/stm32-vision-models-postprocessing/lib_vision_models_pp/Src/vision_models_pp_maxi_is8.c ****         index[e] = offset_blk + u8x16_blk_max_idx[e];
 315:../../Middlewares/stm32-vision-models-postprocessing/lib_vision_models_pp/Src/vision_models_pp_maxi_is8.c ****       }
 316:../../Middlewares/stm32-vision-models-postprocessing/lib_vision_models_pp/Src/vision_models_pp_maxi_is8.c ****     }
 317:../../Middlewares/stm32-vision-models-postprocessing/lib_vision_models_pp/Src/vision_models_pp_maxi_is8.c ****     s8x16_max_val = vpselq_s8(s8x16_blk_max_val, s8x16_max_val, p0);
 318:../../Middlewares/stm32-vision-models-postprocessing/lib_vision_models_pp/Src/vision_models_pp_maxi_is8.c ****     offset_blk+=256;
 319:../../Middlewares/stm32-vision-models-postprocessing/lib_vision_models_pp/Src/vision_models_pp_maxi_is8.c ****   }
 320:../../Middlewares/stm32-vision-models-postprocessing/lib_vision_models_pp/Src/vision_models_pp_maxi_is8.c ****   vstrbq_p_s8((int8_t *)maxim,s8x16_max_val,p);
 1244              		.loc 1 320 3 view .LVU362
 1245              	.LVL109:
 1246              	.LBB201:
 1247              	.LBI201:
1332:/opt/st/stm32cubeide_2.1.1/plugins/com.st.stm32cube.ide.mcu.externaltools.gnu-tools-for-stm32.14.3.rel1.linux64_1.0.100.202602081740/tools/lib/gcc/arm-none-eabi/14.3.1/include/arm_mve.h **** {
 1248              		.loc 2 1332 1 view .LVU363
 1249              	.LBB202:
1334:/opt/st/stm32cubeide_2.1.1/plugins/com.st.stm32cube.ide.mcu.externaltools.gnu-tools-for-stm32.14.3.rel1.linux64_1.0.100.202602081740/tools/lib/gcc/arm-none-eabi/14.3.1/include/arm_mve.h **** }
 1250              		.loc 2 1334 3 view .LVU364
 1251 0052 BDF80220 		ldrh	r2, [sp, #2]	@ movhi
 1252              	.LVL110:
1334:/opt/st/stm32cubeide_2.1.1/plugins/com.st.stm32cube.ide.mcu.externaltools.gnu-tools-for-stm32.14.3.rel1.linux64_1.0.100.202602081740/tools/lib/gcc/arm-none-eabi/14.3.1/include/arm_mve.h **** }
 1253              		.loc 2 1334 3 is_stmt 0 view .LVU365
 1254 0056 039B     		ldr	r3, [sp, #12]
 1255              	.LVL111:
1334:/opt/st/stm32cubeide_2.1.1/plugins/com.st.stm32cube.ide.mcu.externaltools.gnu-tools-for-stm32.14.3.rel1.linux64_1.0.100.202602081740/tools/lib/gcc/arm-none-eabi/14.3.1/include/arm_mve.h **** }
 1256              		.loc 2 1334 3 view .LVU366
 1257 0058 EDEE102A 		vmsr	p0, r2	@ movhi
 1258 005c 71FE4D0F 		vpst
 1259 0060 83ED007E 		vstrbt.8	q3, [r3]
 1260              	.LVL112:
1334:/opt/st/stm32cubeide_2.1.1/plugins/com.st.stm32cube.ide.mcu.externaltools.gnu-tools-for-stm32.14.3.rel1.linux64_1.0.100.202602081740/tools/lib/gcc/arm-none-eabi/14.3.1/include/arm_mve.h **** }
 1261              		.loc 2 1334 3 view .LVU367
 1262              	.LBE202:
 1263              	.LBE201:
 321:../../Middlewares/stm32-vision-models-postprocessing/lib_vision_models_pp/Src/vision_models_pp_maxi_is8.c **** #else
 322:../../Middlewares/stm32-vision-models-postprocessing/lib_vision_models_pp/Src/vision_models_pp_maxi_is8.c ****   parallelize = MIN(16, parallelize);
 323:../../Middlewares/stm32-vision-models-postprocessing/lib_vision_models_pp/Src/vision_models_pp_maxi_is8.c ****   for (uint32_t p = 0; p < parallelize; p++) {
 324:../../Middlewares/stm32-vision-models-postprocessing/lib_vision_models_pp/Src/vision_models_pp_maxi_is8.c **** 
 325:../../Middlewares/stm32-vision-models-postprocessing/lib_vision_models_pp/Src/vision_models_pp_maxi_is8.c ****     *index = 0;
 326:../../Middlewares/stm32-vision-models-postprocessing/lib_vision_models_pp/Src/vision_models_pp_maxi_is8.c ****     *maxim = arr[p];
 327:../../Middlewares/stm32-vision-models-postprocessing/lib_vision_models_pp/Src/vision_models_pp_maxi_is8.c **** 
 328:../../Middlewares/stm32-vision-models-postprocessing/lib_vision_models_pp/Src/vision_models_pp_maxi_is8.c ****     for (uint32_t i = 1; i < len_arr; i++)
 329:../../Middlewares/stm32-vision-models-postprocessing/lib_vision_models_pp/Src/vision_models_pp_maxi_is8.c ****     {
 330:../../Middlewares/stm32-vision-models-postprocessing/lib_vision_models_pp/Src/vision_models_pp_maxi_is8.c ****       if (arr[p+i*offset] > *maxim)
 331:../../Middlewares/stm32-vision-models-postprocessing/lib_vision_models_pp/Src/vision_models_pp_maxi_is8.c ****       {
 332:../../Middlewares/stm32-vision-models-postprocessing/lib_vision_models_pp/Src/vision_models_pp_maxi_is8.c ****         *maxim = arr[p+i*offset];
ARM GAS  /tmp/ccS31Hxi.s 			page 92


 333:../../Middlewares/stm32-vision-models-postprocessing/lib_vision_models_pp/Src/vision_models_pp_maxi_is8.c ****         *index = (uint32_t)i;
 334:../../Middlewares/stm32-vision-models-postprocessing/lib_vision_models_pp/Src/vision_models_pp_maxi_is8.c ****       }
 335:../../Middlewares/stm32-vision-models-postprocessing/lib_vision_models_pp/Src/vision_models_pp_maxi_is8.c ****     }
 336:../../Middlewares/stm32-vision-models-postprocessing/lib_vision_models_pp/Src/vision_models_pp_maxi_is8.c ****     maxim++;
 337:../../Middlewares/stm32-vision-models-postprocessing/lib_vision_models_pp/Src/vision_models_pp_maxi_is8.c ****     index++;
 338:../../Middlewares/stm32-vision-models-postprocessing/lib_vision_models_pp/Src/vision_models_pp_maxi_is8.c ****   }
 339:../../Middlewares/stm32-vision-models-postprocessing/lib_vision_models_pp/Src/vision_models_pp_maxi_is8.c **** #endif
 340:../../Middlewares/stm32-vision-models-postprocessing/lib_vision_models_pp/Src/vision_models_pp_maxi_is8.c **** }
 1264              		.loc 1 340 1 view .LVU368
 1265 0064 11B0     		add	sp, sp, #68
 1266              		.cfi_remember_state
 1267              		.cfi_def_cfa_offset 68
 1268              		@ sp needed
 1269 0066 BDEC088B 		vldm	sp!, {d8-d11}
 1270              		.cfi_restore 86
 1271              		.cfi_restore 87
 1272              		.cfi_restore 84
 1273              		.cfi_restore 85
 1274              		.cfi_restore 82
 1275              		.cfi_restore 83
 1276              		.cfi_restore 80
 1277              		.cfi_restore 81
 1278              		.cfi_def_cfa_offset 36
 1279 006a BDE8F08F 		pop	{r4, r5, r6, r7, r8, r9, r10, fp, pc}
 1280              	.LVL113:
 1281              	.L27:
 1282              		.cfi_restore_state
 1283              	.LBB203:
 288:../../Middlewares/stm32-vision-models-postprocessing/lib_vision_models_pp/Src/vision_models_pp_maxi_is8.c ****     uint8x16_t u8x16_idx = vdupq_n_u8(0);
 1284              		.loc 1 288 5 is_stmt 1 view .LVU369
 288:../../Middlewares/stm32-vision-models-postprocessing/lib_vision_models_pp/Src/vision_models_pp_maxi_is8.c ****     uint8x16_t u8x16_idx = vdupq_n_u8(0);
 1285              		.loc 1 288 19 is_stmt 0 view .LVU370
 1286 006e B1F5807F 		cmp	r1, #256
 1287 0072 0C46     		mov	r4, r1
 1288 0074 28BF     		it	cs
 1289 0076 4FF48074 		movcs	r4, #256
 1290              	.LVL114:
 289:../../Middlewares/stm32-vision-models-postprocessing/lib_vision_models_pp/Src/vision_models_pp_maxi_is8.c ****     mve_pred16_t p0;
 1291              		.loc 1 289 5 is_stmt 1 view .LVU371
 290:../../Middlewares/stm32-vision-models-postprocessing/lib_vision_models_pp/Src/vision_models_pp_maxi_is8.c ****     // Process each block up to 256 i.e. 0x100
 1292              		.loc 1 290 5 view .LVU372
 292:../../Middlewares/stm32-vision-models-postprocessing/lib_vision_models_pp/Src/vision_models_pp_maxi_is8.c ****     {
 1293              		.loc 1 292 5 view .LVU373
 1294              	.LBB194:
 292:../../Middlewares/stm32-vision-models-postprocessing/lib_vision_models_pp/Src/vision_models_pp_maxi_is8.c ****     {
 1295              		.loc 1 292 10 view .LVU374
 292:../../Middlewares/stm32-vision-models-postprocessing/lib_vision_models_pp/Src/vision_models_pp_maxi_is8.c ****     {
 1296              		.loc 1 292 23 discriminator 1 view .LVU375
 1297              	.LBE194:
 289:../../Middlewares/stm32-vision-models-postprocessing/lib_vision_models_pp/Src/vision_models_pp_maxi_is8.c ****     mve_pred16_t p0;
 1298              		.loc 1 289 28 is_stmt 0 view .LVU376
 1299 007a 28EF5801 		vmov	q0, q4
 288:../../Middlewares/stm32-vision-models-postprocessing/lib_vision_models_pp/Src/vision_models_pp_maxi_is8.c ****     uint8x16_t u8x16_idx = vdupq_n_u8(0);
 1300              		.loc 1 288 19 view .LVU377
 1301 007e 2346     		mov	r3, r4
 1302              	.LVL115:
 288:../../Middlewares/stm32-vision-models-postprocessing/lib_vision_models_pp/Src/vision_models_pp_maxi_is8.c ****     uint8x16_t u8x16_idx = vdupq_n_u8(0);
ARM GAS  /tmp/ccS31Hxi.s 			page 93


 1303              		.loc 1 288 19 view .LVU378
 1304 0080 8146     		mov	r9, r0
 1305              	.LBB195:
 1306              	.LBB192:
 303:../../Middlewares/stm32-vision-models-postprocessing/lib_vision_models_pp/Src/vision_models_pp_maxi_is8.c ****       pArr+=offset;
 1307              		.loc 1 303 16 view .LVU379
 1308 0082 44F001E0 		dls	lr, r4
 1309              	.LVL116:
 1310              	.L23:
 295:../../Middlewares/stm32-vision-models-postprocessing/lib_vision_models_pp/Src/vision_models_pp_maxi_is8.c ****      // Compare according to p to create p0
 1311              		.loc 1 295 7 is_stmt 1 view .LVU380
 1312              	.LBB189:
 1313              	.LBI182:
3238:/opt/st/stm32cubeide_2.1.1/plugins/com.st.stm32cube.ide.mcu.externaltools.gnu-tools-for-stm32.14.3.rel1.linux64_1.0.100.202602081740/tools/lib/gcc/arm-none-eabi/14.3.1/include/arm_mve.h **** {
 1314              		.loc 2 3238 1 view .LVU381
3240:/opt/st/stm32cubeide_2.1.1/plugins/com.st.stm32cube.ide.mcu.externaltools.gnu-tools-for-stm32.14.3.rel1.linux64_1.0.100.202602081740/tools/lib/gcc/arm-none-eabi/14.3.1/include/arm_mve.h **** }
 1315              		.loc 2 3240 3 view .LVU382
 1316              	.LBB187:
 1317              	.LBI183:
1472:/opt/st/stm32cubeide_2.1.1/plugins/com.st.stm32cube.ide.mcu.externaltools.gnu-tools-for-stm32.14.3.rel1.linux64_1.0.100.202602081740/tools/lib/gcc/arm-none-eabi/14.3.1/include/arm_mve.h **** {
 1318              		.loc 2 1472 1 view .LVU383
 1319              	.LBB185:
1474:/opt/st/stm32cubeide_2.1.1/plugins/com.st.stm32cube.ide.mcu.externaltools.gnu-tools-for-stm32.14.3.rel1.linux64_1.0.100.202602081740/tools/lib/gcc/arm-none-eabi/14.3.1/include/arm_mve.h **** }
 1320              		.loc 2 1474 3 view .LVU384
1474:/opt/st/stm32cubeide_2.1.1/plugins/com.st.stm32cube.ide.mcu.externaltools.gnu-tools-for-stm32.14.3.rel1.linux64_1.0.100.202602081740/tools/lib/gcc/arm-none-eabi/14.3.1/include/arm_mve.h **** }
 1321              		.loc 2 1474 10 is_stmt 0 view .LVU385
 1322 0086 EDEE10CA 		vmsr	p0, ip	@ movhi
 1323              	.LBE185:
 1324              	.LBE187:
 1325              	.LBE189:
 297:../../Middlewares/stm32-vision-models-postprocessing/lib_vision_models_pp/Src/vision_models_pp_maxi_is8.c **** 
 1326              		.loc 1 297 12 view .LVU386
 1327 008a 97ED005E 		vldrb.8	q2, [r7]
 1328              	.LBB190:
 1329              	.LBB188:
 1330              	.LBB186:
1474:/opt/st/stm32cubeide_2.1.1/plugins/com.st.stm32cube.ide.mcu.externaltools.gnu-tools-for-stm32.14.3.rel1.linux64_1.0.100.202602081740/tools/lib/gcc/arm-none-eabi/14.3.1/include/arm_mve.h **** }
 1331              		.loc 2 1474 10 view .LVU387
 1332 008e 71FE4D0F 		vpst
 1333 0092 99ED003E 		vldrbt.8	q1, [r9]
 1334              	.LVL117:
1474:/opt/st/stm32cubeide_2.1.1/plugins/com.st.stm32cube.ide.mcu.externaltools.gnu-tools-for-stm32.14.3.rel1.linux64_1.0.100.202602081740/tools/lib/gcc/arm-none-eabi/14.3.1/include/arm_mve.h **** }
 1335              		.loc 2 1474 10 view .LVU388
 1336              	.LBE186:
 1337              	.LBE188:
 1338              	.LBE190:
 297:../../Middlewares/stm32-vision-models-postprocessing/lib_vision_models_pp/Src/vision_models_pp_maxi_is8.c **** 
 1339              		.loc 1 297 7 is_stmt 1 view .LVU389
 297:../../Middlewares/stm32-vision-models-postprocessing/lib_vision_models_pp/Src/vision_models_pp_maxi_is8.c **** 
 1340              		.loc 1 297 12 is_stmt 0 view .LVU390
 1341 0096 71FE4D0F 		vpst
 1342 009a 03FE051F 		vcmpt.s8	gt, q1, q2
 1343              	.LVL118:
 300:../../Middlewares/stm32-vision-models-postprocessing/lib_vision_models_pp/Src/vision_models_pp_maxi_is8.c ****       /* according to p0: store per-lane extrema indexes*/
 1344              		.loc 1 300 7 is_stmt 1 view .LVU391
 300:../../Middlewares/stm32-vision-models-postprocessing/lib_vision_models_pp/Src/vision_models_pp_maxi_is8.c ****       /* according to p0: store per-lane extrema indexes*/
 1345              		.loc 1 300 27 is_stmt 0 view .LVU392
ARM GAS  /tmp/ccS31Hxi.s 			page 94


 1346 009e 33FE052F 		vpsel	q1, q1, q2
 1347              	.LVL119:
 302:../../Middlewares/stm32-vision-models-postprocessing/lib_vision_models_pp/Src/vision_models_pp_maxi_is8.c ****       u8x16_idx+=1;
 1348              		.loc 1 302 27 view .LVU393
 1349 00a2 96ED005E 		vldrb.8	q2, [r6]
 1350 00a6 31FE054F 		vpsel	q2, q0, q2
 300:../../Middlewares/stm32-vision-models-postprocessing/lib_vision_models_pp/Src/vision_models_pp_maxi_is8.c ****       /* according to p0: store per-lane extrema indexes*/
 1351              		.loc 1 300 25 discriminator 1 view .LVU394
 1352 00aa 87ED003E 		vstrb.8	q1, [r7]
 302:../../Middlewares/stm32-vision-models-postprocessing/lib_vision_models_pp/Src/vision_models_pp_maxi_is8.c ****       u8x16_idx+=1;
 1353              		.loc 1 302 7 is_stmt 1 view .LVU395
 302:../../Middlewares/stm32-vision-models-postprocessing/lib_vision_models_pp/Src/vision_models_pp_maxi_is8.c ****       u8x16_idx+=1;
 1354              		.loc 1 302 25 is_stmt 0 discriminator 1 view .LVU396
 1355 00ae 86ED005E 		vstrb.8	q2, [r6]
 303:../../Middlewares/stm32-vision-models-postprocessing/lib_vision_models_pp/Src/vision_models_pp_maxi_is8.c ****       pArr+=offset;
 1356              		.loc 1 303 7 is_stmt 1 view .LVU397
 303:../../Middlewares/stm32-vision-models-postprocessing/lib_vision_models_pp/Src/vision_models_pp_maxi_is8.c ****       pArr+=offset;
 1357              		.loc 1 303 16 is_stmt 0 view .LVU398
 1358 00b2 00EF4A08 		vadd.i8	q0, q0, q5
 1359              	.LVL120:
 304:../../Middlewares/stm32-vision-models-postprocessing/lib_vision_models_pp/Src/vision_models_pp_maxi_is8.c **** 
 1360              		.loc 1 304 7 is_stmt 1 view .LVU399
 304:../../Middlewares/stm32-vision-models-postprocessing/lib_vision_models_pp/Src/vision_models_pp_maxi_is8.c **** 
 1361              		.loc 1 304 11 is_stmt 0 view .LVU400
 1362 00b6 9144     		add	r9, r9, r2
 1363              	.LVL121:
 304:../../Middlewares/stm32-vision-models-postprocessing/lib_vision_models_pp/Src/vision_models_pp_maxi_is8.c **** 
 1364              		.loc 1 304 11 view .LVU401
 1365              	.LBE192:
 292:../../Middlewares/stm32-vision-models-postprocessing/lib_vision_models_pp/Src/vision_models_pp_maxi_is8.c ****     {
 1366              		.loc 1 292 35 is_stmt 1 discriminator 3 view .LVU402
 292:../../Middlewares/stm32-vision-models-postprocessing/lib_vision_models_pp/Src/vision_models_pp_maxi_is8.c ****     {
 1367              		.loc 1 292 23 discriminator 1 view .LVU403
 1368 00b8 013B     		subs	r3, r3, #1
 1369 00ba 0FF01DC0 		le	lr, .L23
 1370              	.LBE195:
 309:../../Middlewares/stm32-vision-models-postprocessing/lib_vision_models_pp/Src/vision_models_pp_maxi_is8.c **** 
 1371              		.loc 1 309 10 is_stmt 0 view .LVU404
 1372 00be EDEE10CA 		vmsr	p0, ip	@ movhi
 1373              	.LVL122:
 309:../../Middlewares/stm32-vision-models-postprocessing/lib_vision_models_pp/Src/vision_models_pp_maxi_is8.c **** 
 1374              		.loc 1 309 10 view .LVU405
 1375 00c2 BE46     		mov	lr, r7
 1376 00c4 71FE4D0F 		vpst
 1377 00c8 03FE071F 		vcmpt.s8	gt, q1, q3
 1378 00cc 04FB0200 		mla	r0, r4, r2, r0
 307:../../Middlewares/stm32-vision-models-postprocessing/lib_vision_models_pp/Src/vision_models_pp_maxi_is8.c ****     // Compare according to global max to create p0
 1379              		.loc 1 307 5 is_stmt 1 view .LVU406
 1380              	.LBB196:
 314:../../Middlewares/stm32-vision-models-postprocessing/lib_vision_models_pp/Src/vision_models_pp_maxi_is8.c ****       }
 1381              		.loc 1 314 50 is_stmt 0 view .LVU407
 1382 00d0 EC1A     		subs	r4, r5, r3
 1383              	.LVL123:
 314:../../Middlewares/stm32-vision-models-postprocessing/lib_vision_models_pp/Src/vision_models_pp_maxi_is8.c ****       }
 1384              		.loc 1 314 50 view .LVU408
 1385 00d2 0134     		adds	r4, r4, #1
 1386              	.LBE196:
ARM GAS  /tmp/ccS31Hxi.s 			page 95


 307:../../Middlewares/stm32-vision-models-postprocessing/lib_vision_models_pp/Src/vision_models_pp_maxi_is8.c ****     // Compare according to global max to create p0
 1387              		.loc 1 307 13 view .LVU409
 1388 00d4 A1F58071 		sub	r1, r1, #256
 1389              	.LVL124:
 309:../../Middlewares/stm32-vision-models-postprocessing/lib_vision_models_pp/Src/vision_models_pp_maxi_is8.c **** 
 1390              		.loc 1 309 5 is_stmt 1 view .LVU410
 312:../../Middlewares/stm32-vision-models-postprocessing/lib_vision_models_pp/Src/vision_models_pp_maxi_is8.c ****       if (s8x16_blk_max_val[e] > s8x16_max_val[e]) {
 1391              		.loc 1 312 5 view .LVU411
 1392              	.LBB197:
 312:../../Middlewares/stm32-vision-models-postprocessing/lib_vision_models_pp/Src/vision_models_pp_maxi_is8.c ****       if (s8x16_blk_max_val[e] > s8x16_max_val[e]) {
 1393              		.loc 1 312 10 view .LVU412
 312:../../Middlewares/stm32-vision-models-postprocessing/lib_vision_models_pp/Src/vision_models_pp_maxi_is8.c ****       if (s8x16_blk_max_val[e] > s8x16_max_val[e]) {
 1394              		.loc 1 312 10 is_stmt 0 view .LVU413
 1395 00d8 0DF11009 		add	r9, sp, #16
 1396              	.LVL125:
 314:../../Middlewares/stm32-vision-models-postprocessing/lib_vision_models_pp/Src/vision_models_pp_maxi_is8.c ****       }
 1397              		.loc 1 314 50 view .LVU414
 1398 00dc 0194     		str	r4, [sp, #4]
 1399              	.LVL126:
 1400              	.L24:
 312:../../Middlewares/stm32-vision-models-postprocessing/lib_vision_models_pp/Src/vision_models_pp_maxi_is8.c ****       if (s8x16_blk_max_val[e] > s8x16_max_val[e]) {
 1401              		.loc 1 312 28 is_stmt 1 discriminator 1 view .LVU415
 1402 00de 019C     		ldr	r4, [sp, #4]
 1403 00e0 013C     		subs	r4, r4, #1
 1404 00e2 0194     		str	r4, [sp, #4]
 1405 00e4 04D1     		bne	.L26
 1406              	.LBE197:
 317:../../Middlewares/stm32-vision-models-postprocessing/lib_vision_models_pp/Src/vision_models_pp_maxi_is8.c ****     offset_blk+=256;
 1407              		.loc 1 317 5 view .LVU416
 317:../../Middlewares/stm32-vision-models-postprocessing/lib_vision_models_pp/Src/vision_models_pp_maxi_is8.c ****     offset_blk+=256;
 1408              		.loc 1 317 21 is_stmt 0 view .LVU417
 1409 00e6 33FE076F 		vpsel	q3, q1, q3
 317:../../Middlewares/stm32-vision-models-postprocessing/lib_vision_models_pp/Src/vision_models_pp_maxi_is8.c ****     offset_blk+=256;
 1410              		.loc 1 317 19 discriminator 1 view .LVU418
 1411 00ea 88ED007E 		vstrb.8	q3, [r8]
 318:../../Middlewares/stm32-vision-models-postprocessing/lib_vision_models_pp/Src/vision_models_pp_maxi_is8.c ****   }
 1412              		.loc 1 318 5 is_stmt 1 view .LVU419
 1413              	.LVL127:
 318:../../Middlewares/stm32-vision-models-postprocessing/lib_vision_models_pp/Src/vision_models_pp_maxi_is8.c ****   }
 1414              		.loc 1 318 5 is_stmt 0 view .LVU420
 1415 00ee ACE7     		b	.L22
 1416              	.LVL128:
 1417              	.L26:
 1418              	.LBB198:
 313:../../Middlewares/stm32-vision-models-postprocessing/lib_vision_models_pp/Src/vision_models_pp_maxi_is8.c ****         index[e] = offset_blk + u8x16_blk_max_idx[e];
 1419              		.loc 1 313 7 is_stmt 1 view .LVU421
 313:../../Middlewares/stm32-vision-models-postprocessing/lib_vision_models_pp/Src/vision_models_pp_maxi_is8.c ****         index[e] = offset_blk + u8x16_blk_max_idx[e];
 1420              		.loc 1 313 28 is_stmt 0 view .LVU422
 1421 00f0 1EF9014B 		ldrsb	r4, [lr], #1
 313:../../Middlewares/stm32-vision-models-postprocessing/lib_vision_models_pp/Src/vision_models_pp_maxi_is8.c ****         index[e] = offset_blk + u8x16_blk_max_idx[e];
 1422              		.loc 1 313 47 view .LVU423
 1423 00f4 19F901AB 		ldrsb	r10, [r9], #1
 313:../../Middlewares/stm32-vision-models-postprocessing/lib_vision_models_pp/Src/vision_models_pp_maxi_is8.c ****         index[e] = offset_blk + u8x16_blk_max_idx[e];
 1424              		.loc 1 313 10 view .LVU424
 1425 00f8 5445     		cmp	r4, r10
 1426 00fa 06DD     		ble	.L25
 314:../../Middlewares/stm32-vision-models-postprocessing/lib_vision_models_pp/Src/vision_models_pp_maxi_is8.c ****       }
ARM GAS  /tmp/ccS31Hxi.s 			page 96


 1427              		.loc 1 314 9 is_stmt 1 view .LVU425
 314:../../Middlewares/stm32-vision-models-postprocessing/lib_vision_models_pp/Src/vision_models_pp_maxi_is8.c ****       }
 1428              		.loc 1 314 31 is_stmt 0 view .LVU426
 1429 00fc 029C     		ldr	r4, [sp, #8]
 314:../../Middlewares/stm32-vision-models-postprocessing/lib_vision_models_pp/Src/vision_models_pp_maxi_is8.c ****       }
 1430              		.loc 1 314 50 view .LVU427
 1431 00fe 16F803A0 		ldrb	r10, [r6, r3]	@ zero_extendqisi2
 314:../../Middlewares/stm32-vision-models-postprocessing/lib_vision_models_pp/Src/vision_models_pp_maxi_is8.c ****       }
 1432              		.loc 1 314 31 view .LVU428
 1433 0102 A244     		add	r10, r10, r4
 314:../../Middlewares/stm32-vision-models-postprocessing/lib_vision_models_pp/Src/vision_models_pp_maxi_is8.c ****       }
 1434              		.loc 1 314 18 view .LVU429
 1435 0104 229C     		ldr	r4, [sp, #136]
 1436 0106 44F823A0 		str	r10, [r4, r3, lsl #2]
 1437              	.L25:
 312:../../Middlewares/stm32-vision-models-postprocessing/lib_vision_models_pp/Src/vision_models_pp_maxi_is8.c ****       if (s8x16_blk_max_val[e] > s8x16_max_val[e]) {
 1438              		.loc 1 312 44 is_stmt 1 discriminator 2 view .LVU430
 1439 010a 0133     		adds	r3, r3, #1
 1440              	.LVL129:
 312:../../Middlewares/stm32-vision-models-postprocessing/lib_vision_models_pp/Src/vision_models_pp_maxi_is8.c ****       if (s8x16_blk_max_val[e] > s8x16_max_val[e]) {
 1441              		.loc 1 312 44 is_stmt 0 discriminator 2 view .LVU431
 1442 010c E7E7     		b	.L24
 1443              	.LBE198:
 1444              	.LBE203:
 1445              		.cfi_endproc
 1446              	.LFE781:
 1448              		.text
 1449              	.Letext0:
 1450              		.file 3 "/opt/st/stm32cubeide_2.1.1/plugins/com.st.stm32cube.ide.mcu.externaltools.gnu-tools-for-s
 1451              		.file 4 "/opt/st/stm32cubeide_2.1.1/plugins/com.st.stm32cube.ide.mcu.externaltools.gnu-tools-for-s
 1452              		.file 5 "/opt/st/stm32cubeide_2.1.1/plugins/com.st.stm32cube.ide.mcu.externaltools.gnu-tools-for-s
 1453              		.file 6 "../../STM32Cube_FW_N6/Drivers/CMSIS/DSP/Include/arm_math_types.h"
ARM GAS  /tmp/ccS31Hxi.s 			page 97


DEFINED SYMBOLS
                            *ABS*:00000000 vision_models_pp_maxi_is8.c
     /tmp/ccS31Hxi.s:26     .text.vision_models_maxi_p_is8ou16:00000000 $t
     /tmp/ccS31Hxi.s:32     .text.vision_models_maxi_p_is8ou16:00000000 vision_models_maxi_p_is8ou16
     /tmp/ccS31Hxi.s:247    .text.vision_models_maxi_p_is8ou8:00000000 $t
     /tmp/ccS31Hxi.s:253    .text.vision_models_maxi_p_is8ou8:00000000 vision_models_maxi_p_is8ou8
     /tmp/ccS31Hxi.s:601    .text.vision_models_maxi_tr_p_is8ou8:00000000 $t
     /tmp/ccS31Hxi.s:607    .text.vision_models_maxi_tr_p_is8ou8:00000000 vision_models_maxi_tr_p_is8ou8
     /tmp/ccS31Hxi.s:790    .text.vision_models_maxi_tr_p_is8ou16:00000000 $t
     /tmp/ccS31Hxi.s:796    .text.vision_models_maxi_tr_p_is8ou16:00000000 vision_models_maxi_tr_p_is8ou16
     /tmp/ccS31Hxi.s:1115   .text.vision_models_maxi_tr_p_is8ou32:00000000 $t
     /tmp/ccS31Hxi.s:1121   .text.vision_models_maxi_tr_p_is8ou32:00000000 vision_models_maxi_tr_p_is8ou32
                           .group:00000000 wm4.0.0340b1c6b35792986b320b0caf0e6143
                           .group:00000000 wm4.vision_models_pp.h.11.7ec557b595f01374518e44eaad6f267b
                           .group:00000000 wm4.arm_math_types.h.28.9e71aea5cdf6aebdd83091bf39b4832a
                           .group:00000000 wm4._newlib_version.h.4.0eb654b64686e2bd29646258853f6c22
                           .group:00000000 wm4.features.h.33.d554620bb17bd3b714c3fb5c268772bc
                           .group:00000000 wm4._default_types.h.15.247e5cd201eca3442cbf5404108c4935
                           .group:00000000 wm4._intsup.h.10.48bafbb683905c4daa4565a85aeeb264
                           .group:00000000 wm4._stdint.h.10.c24fa3af3bc1706662bb5593a907e841
                           .group:00000000 wm4.stdint.h.23.d53047a68f4a85177f80b422d52785ed
                           .group:00000000 wm4.arm_acle.h.28.a0697f530ff2dbf8c463bef049b82760
                           .group:00000000 wm4.cmsis_gcc.h.39.eba7438bc45fd1a6e6376b63ffe44436
                           .group:00000000 wm4.cmsis_gcc_m.h.24.e590ec51aeda3a1242400351d73f5dce
                           .group:00000000 wm4.newlib.h.7.decd5b9657e2c5df625d9eac6e10520c
                           .group:00000000 wm4.ieeefp.h.77.99029d7b8220a2cd73dd257e2bbe825d
                           .group:00000000 wm4.config.h.224.10ee1ad185d877c6e334e6581faab44d
                           .group:00000000 wm4._ansi.h.31.de524f58584151836e90d8620a16f8e8
                           .group:00000000 wm4.stddef.h.39.811583f327f35b0df7808fda70b062a0
                           .group:00000000 wm4.cdefs.h.49.56fd742369e655e7e8a7e365e706e208
                           .group:00000000 wm4._types.h.20.dd0d04dca3800a0d2a6129b87f3adbb2
                           .group:00000000 wm4.stddef.h.173.4903093a50a8482cb062b176ea61fac3
                           .group:00000000 wm4._types.h.127.3bdfe3ff8ea2d0985b03d9cbe93480e3
                           .group:00000000 wm4.reent.h.18.25503cdc8b7e55dd0d6ea7b3e5af7a03
                           .group:00000000 wm4.lock.h.2.1461d1fff82dffe8bfddc23307f6484f
                           .group:00000000 wm4.reent.h.78.6d702f69a6d6435d2dbe915b10150b1a
                           .group:00000000 wm4.string.h.15.dab3980bf35408a4c507182805e2de3a
                           .group:00000000 wm4.stddef.h.173.1cea4f16a943c8e875db6791959c3141
                           .group:00000000 wm4.string.h.177.59a005921fa78485abc80a0267de5752
                           .group:00000000 wm4.math.h.13.47cfc34cae8a1153323939c4d32cf7c2
                           .group:00000000 wm4.float.h.29.0e9d9baf95ec39f9555dc80c6e28186b
                           .group:00000000 wm4.syslimits.h.34.de5cbd310098bc5895998b6bde577ed2
                           .group:00000000 wm4.limits.h.9.70fb0ada6f71b16202a66baaa6d8ea70
                           .group:00000000 wm4.limits.h.60.56a1ae353e2028a24298ec6463b8b593
                           .group:00000000 wm4.arm_math_types.h.116.3e44bd031718f65bdb345972ddc8cf86
                           .group:00000000 wm4.stdbool.h.29.c08aa3eec75cf5b9b5003883f43253f0
                           .group:00000000 wm4.arm_mve.h.48.53b982d307987e8d8669fd51fdc5e583
                           .group:00000000 wm4.arm_math_types.h.605.32c5d7843b3dcaa8f5174feea7de7445
                           .group:00000000 wm4.arm_math_memory.h.28.3ee75b06517df8378241b72d6c61e5b0
                           .group:00000000 wm4.none.h.185.db055cca83e83f96d8d0bb450fbdf4bb
                           .group:00000000 wm4.utils.h.41.820d6032ed1c0d7dd5bd2ed80938ee65
                           .group:00000000 wm4.fast_math_functions.h.28.aa389abd5521cfceab0e76a6af3dd2e2
                           .group:00000000 wm4.matrix_functions.h.28.8fc8488c73b2d6f328b0946db3460102
                           .group:00000000 wm4.controller_functions.h.28.388735b97ccd96442b0ac9e554629f36
                           .group:00000000 wm4.filtering_functions.h.46.6cf1424fb1f86d5f9958d208b83340a1
                           .group:00000000 wm4.vision_models_pp.h.29.92dde2700b86d5540e882b4b68a47bca
                           .group:00000000 wm4.stdio.h.27.3fc80220048df77954e38daec3bb9670
ARM GAS  /tmp/ccS31Hxi.s 			page 98


                           .group:00000000 wm4.stdarg.h.34.3a23a216c0c293b3d2ea2e89281481e6
                           .group:00000000 wm4.stdio.h.47.dc31ec4674d7bcb103c9f08809549f45
                           .group:00000000 wm4.stdio.h.2.4aa87247282eca6c8f36f9de33d8df1a
                           .group:00000000 wm4.stdio.h.87.a1e20d2651f9bfb66e51bfbe849db00a

NO UNDEFINED SYMBOLS
