ARM GAS  /tmp/cc1JbEzq.s 			page 1


   1              		.arch armv8.1-m.main
   2              		.fpu fpv5-d16
   3              		.arch_extension dsp
   4              		.arch_extension fp
   5              		.arch_extension fp.dp
   6              		.arch_extension mve
   7              		.arch_extension mve.fp
   8              		.eabi_attribute 5, "cortex-m55"
   9              		.eabi_attribute 28, 1
  10              		.eabi_attribute 20, 1
  11              		.eabi_attribute 21, 1
  12              		.eabi_attribute 23, 3
  13              		.eabi_attribute 24, 1
  14              		.eabi_attribute 25, 1
  15              		.eabi_attribute 26, 1
  16              		.eabi_attribute 30, 4
  17              		.eabi_attribute 34, 1
  18              		.eabi_attribute 38, 1
  19              		.eabi_attribute 18, 4
  20              		.file	"vision_models_pp_maxi_iu8.c"
  21              		.text
  22              	.Ltext0:
  23              		.cfi_sections	.debug_frame
  24              		.file 1 "../../Middlewares/stm32-vision-models-postprocessing/lib_vision_models_pp/Src/vision_mode
  25              		.section	.text.vision_models_maxi_iu8ou8,"ax",%progbits
  26              		.align	1
  27              		.global	vision_models_maxi_iu8ou8
  28              		.syntax unified
  29              		.thumb
  30              		.thumb_func
  32              	vision_models_maxi_iu8ou8:
  33              	.LVL0:
  34              	.LFB777:
   1:../../Middlewares/stm32-vision-models-postprocessing/lib_vision_models_pp/Src/vision_models_pp_maxi_iu8.c **** /*---------------------------------------------------------------------------------------------
   2:../../Middlewares/stm32-vision-models-postprocessing/lib_vision_models_pp/Src/vision_models_pp_maxi_iu8.c ****  * Copyright (c) 2023 STMicroelectronics.
   3:../../Middlewares/stm32-vision-models-postprocessing/lib_vision_models_pp/Src/vision_models_pp_maxi_iu8.c ****  * All rights reserved.
   4:../../Middlewares/stm32-vision-models-postprocessing/lib_vision_models_pp/Src/vision_models_pp_maxi_iu8.c ****  *
   5:../../Middlewares/stm32-vision-models-postprocessing/lib_vision_models_pp/Src/vision_models_pp_maxi_iu8.c ****  * This software is licensed under terms that can be found in the LICENSE file in
   6:../../Middlewares/stm32-vision-models-postprocessing/lib_vision_models_pp/Src/vision_models_pp_maxi_iu8.c ****  * the root directory of this software component.
   7:../../Middlewares/stm32-vision-models-postprocessing/lib_vision_models_pp/Src/vision_models_pp_maxi_iu8.c ****  * If no LICENSE file comes with this software, it is provided AS-IS.
   8:../../Middlewares/stm32-vision-models-postprocessing/lib_vision_models_pp/Src/vision_models_pp_maxi_iu8.c ****  *--------------------------------------------------------------------------------------------*/
   9:../../Middlewares/stm32-vision-models-postprocessing/lib_vision_models_pp/Src/vision_models_pp_maxi_iu8.c **** 
  10:../../Middlewares/stm32-vision-models-postprocessing/lib_vision_models_pp/Src/vision_models_pp_maxi_iu8.c **** #include "vision_models_pp.h"
  11:../../Middlewares/stm32-vision-models-postprocessing/lib_vision_models_pp/Src/vision_models_pp_maxi_iu8.c **** 
  12:../../Middlewares/stm32-vision-models-postprocessing/lib_vision_models_pp/Src/vision_models_pp_maxi_iu8.c **** #include "stdio.h"
  13:../../Middlewares/stm32-vision-models-postprocessing/lib_vision_models_pp/Src/vision_models_pp_maxi_iu8.c **** 
  14:../../Middlewares/stm32-vision-models-postprocessing/lib_vision_models_pp/Src/vision_models_pp_maxi_iu8.c **** void vision_models_maxi_iu8ou8(uint8_t *arr, uint32_t len_arr, uint8_t *pMaxim, uint8_t *pIndex)
  15:../../Middlewares/stm32-vision-models-postprocessing/lib_vision_models_pp/Src/vision_models_pp_maxi_iu8.c **** {
  35              		.loc 1 15 1 view -0
  36              		.cfi_startproc
  37              		@ args = 0, pretend = 0, frame = 0
  38              		@ frame_needed = 0, uses_anonymous_args = 0
  16:../../Middlewares/stm32-vision-models-postprocessing/lib_vision_models_pp/Src/vision_models_pp_maxi_iu8.c **** #ifdef VISION_MODELS_MAXI_IU8OU8_MVE
  17:../../Middlewares/stm32-vision-models-postprocessing/lib_vision_models_pp/Src/vision_models_pp_maxi_iu8.c ****   uint8_t maxValue = 0;
  39              		.loc 1 17 3 view .LVU1
  18:../../Middlewares/stm32-vision-models-postprocessing/lib_vision_models_pp/Src/vision_models_pp_maxi_iu8.c ****   uint8_t *pSrc = arr;
  40              		.loc 1 18 3 view .LVU2
ARM GAS  /tmp/cc1JbEzq.s 			page 2


  19:../../Middlewares/stm32-vision-models-postprocessing/lib_vision_models_pp/Src/vision_models_pp_maxi_iu8.c ****   uint8x16_t u8x16_max_val = vdupq_n_u8(0);
  41              		.loc 1 19 3 view .LVU3
  15:../../Middlewares/stm32-vision-models-postprocessing/lib_vision_models_pp/Src/vision_models_pp_maxi_iu8.c **** #ifdef VISION_MODELS_MAXI_IU8OU8_MVE
  42              		.loc 1 15 1 is_stmt 0 view .LVU4
  43 0000 10B5     		push	{r4, lr}
  44              		.cfi_def_cfa_offset 8
  45              		.cfi_offset 4, -8
  46              		.cfi_offset 14, -4
  47              		.loc 1 19 30 view .LVU5
  48 0002 0024     		movs	r4, #0
  49              	.LBB51:
  20:../../Middlewares/stm32-vision-models-postprocessing/lib_vision_models_pp/Src/vision_models_pp_maxi_iu8.c ****   uint8x16_t u8x16_max_idx = vdupq_n_u8(0);
  21:../../Middlewares/stm32-vision-models-postprocessing/lib_vision_models_pp/Src/vision_models_pp_maxi_iu8.c ****   int32_t iter = len_arr;
  22:../../Middlewares/stm32-vision-models-postprocessing/lib_vision_models_pp/Src/vision_models_pp_maxi_iu8.c ****   uint8x16_t u8x16_idx = vidupq_n_u8(0,1);
  23:../../Middlewares/stm32-vision-models-postprocessing/lib_vision_models_pp/Src/vision_models_pp_maxi_iu8.c ****   uint8_t index =  0xFF;
  24:../../Middlewares/stm32-vision-models-postprocessing/lib_vision_models_pp/Src/vision_models_pp_maxi_iu8.c ****   while(iter > 0)
  25:../../Middlewares/stm32-vision-models-postprocessing/lib_vision_models_pp/Src/vision_models_pp_maxi_iu8.c ****   {
  26:../../Middlewares/stm32-vision-models-postprocessing/lib_vision_models_pp/Src/vision_models_pp_maxi_iu8.c ****     mve_pred16_t p = vctp8q(iter);
  27:../../Middlewares/stm32-vision-models-postprocessing/lib_vision_models_pp/Src/vision_models_pp_maxi_iu8.c ****     // load up to 16 int8
  28:../../Middlewares/stm32-vision-models-postprocessing/lib_vision_models_pp/Src/vision_models_pp_maxi_iu8.c ****     uint8x16_t u8x16_val = vld1q_z_u8(pSrc, p);
  29:../../Middlewares/stm32-vision-models-postprocessing/lib_vision_models_pp/Src/vision_models_pp_maxi_iu8.c ****     pSrc+=16;
  30:../../Middlewares/stm32-vision-models-postprocessing/lib_vision_models_pp/Src/vision_models_pp_maxi_iu8.c ****     // Compare according to p to create p0
  31:../../Middlewares/stm32-vision-models-postprocessing/lib_vision_models_pp/Src/vision_models_pp_maxi_iu8.c ****     mve_pred16_t p0 = vcmpcsq_m_u8(u8x16_val, u8x16_max_val, p);
  32:../../Middlewares/stm32-vision-models-postprocessing/lib_vision_models_pp/Src/vision_models_pp_maxi_iu8.c **** 
  33:../../Middlewares/stm32-vision-models-postprocessing/lib_vision_models_pp/Src/vision_models_pp_maxi_iu8.c ****     u8x16_max_val = vpselq_u8(u8x16_val, u8x16_max_val, p0);
  34:../../Middlewares/stm32-vision-models-postprocessing/lib_vision_models_pp/Src/vision_models_pp_maxi_iu8.c ****     u8x16_max_idx = vpselq_u8(u8x16_idx, u8x16_max_idx, p0);
  35:../../Middlewares/stm32-vision-models-postprocessing/lib_vision_models_pp/Src/vision_models_pp_maxi_iu8.c **** 
  36:../../Middlewares/stm32-vision-models-postprocessing/lib_vision_models_pp/Src/vision_models_pp_maxi_iu8.c ****     u8x16_idx+=16;
  50              		.loc 1 36 14 view .LVU6
  51 0004 01F10F0E 		add	lr, r1, #15
  52 0008 4FEA1E1E 		lsr	lr, lr, #4
  53 000c 11F1100F 		cmn	r1, #16
  54              	.LBE51:
  19:../../Middlewares/stm32-vision-models-postprocessing/lib_vision_models_pp/Src/vision_models_pp_maxi_iu8.c ****   uint8x16_t u8x16_max_idx = vdupq_n_u8(0);
  55              		.loc 1 19 30 view .LVU7
  56 0010 E6EE104B 		vdup.8	q3, r4
  57              	.LVL1:
  20:../../Middlewares/stm32-vision-models-postprocessing/lib_vision_models_pp/Src/vision_models_pp_maxi_iu8.c ****   uint8x16_t u8x16_max_idx = vdupq_n_u8(0);
  58              		.loc 1 20 3 is_stmt 1 view .LVU8
  21:../../Middlewares/stm32-vision-models-postprocessing/lib_vision_models_pp/Src/vision_models_pp_maxi_iu8.c ****   uint8x16_t u8x16_idx = vidupq_n_u8(0,1);
  59              		.loc 1 21 3 view .LVU9
  22:../../Middlewares/stm32-vision-models-postprocessing/lib_vision_models_pp/Src/vision_models_pp_maxi_iu8.c ****   uint8_t index =  0xFF;
  60              		.loc 1 22 3 view .LVU10
  61              	.LBB57:
  62              	.LBI57:
  63              		.file 2 "/home/min/snap/code/235/.local/share/stm32cube/bundles/gnu-tools-for-stm32/14.3.1+st.2/li
   1:/home/min/snap/code/235/.local/share/stm32cube/bundles/gnu-tools-for-stm32/14.3.1+st.2/lib/gcc/arm-none-eabi/14.3.1/include/arm_mve.h **** /* Arm MVE intrinsics include file.
   2:/home/min/snap/code/235/.local/share/stm32cube/bundles/gnu-tools-for-stm32/14.3.1+st.2/lib/gcc/arm-none-eabi/14.3.1/include/arm_mve.h **** 
   3:/home/min/snap/code/235/.local/share/stm32cube/bundles/gnu-tools-for-stm32/14.3.1+st.2/lib/gcc/arm-none-eabi/14.3.1/include/arm_mve.h ****    Copyright (C) 2019-2024 Free Software Foundation, Inc.
   4:/home/min/snap/code/235/.local/share/stm32cube/bundles/gnu-tools-for-stm32/14.3.1+st.2/lib/gcc/arm-none-eabi/14.3.1/include/arm_mve.h ****    Contributed by Arm.
   5:/home/min/snap/code/235/.local/share/stm32cube/bundles/gnu-tools-for-stm32/14.3.1+st.2/lib/gcc/arm-none-eabi/14.3.1/include/arm_mve.h **** 
   6:/home/min/snap/code/235/.local/share/stm32cube/bundles/gnu-tools-for-stm32/14.3.1+st.2/lib/gcc/arm-none-eabi/14.3.1/include/arm_mve.h ****    This file is part of GCC.
   7:/home/min/snap/code/235/.local/share/stm32cube/bundles/gnu-tools-for-stm32/14.3.1+st.2/lib/gcc/arm-none-eabi/14.3.1/include/arm_mve.h **** 
   8:/home/min/snap/code/235/.local/share/stm32cube/bundles/gnu-tools-for-stm32/14.3.1+st.2/lib/gcc/arm-none-eabi/14.3.1/include/arm_mve.h ****    GCC is free software; you can redistribute it and/or modify it
   9:/home/min/snap/code/235/.local/share/stm32cube/bundles/gnu-tools-for-stm32/14.3.1+st.2/lib/gcc/arm-none-eabi/14.3.1/include/arm_mve.h ****    under the terms of the GNU General Public License as published
  10:/home/min/snap/code/235/.local/share/stm32cube/bundles/gnu-tools-for-stm32/14.3.1+st.2/lib/gcc/arm-none-eabi/14.3.1/include/arm_mve.h ****    by the Free Software Foundation; either version 3, or (at your
  11:/home/min/snap/code/235/.local/share/stm32cube/bundles/gnu-tools-for-stm32/14.3.1+st.2/lib/gcc/arm-none-eabi/14.3.1/include/arm_mve.h ****    option) any later version.
ARM GAS  /tmp/cc1JbEzq.s 			page 3


  12:/home/min/snap/code/235/.local/share/stm32cube/bundles/gnu-tools-for-stm32/14.3.1+st.2/lib/gcc/arm-none-eabi/14.3.1/include/arm_mve.h **** 
  13:/home/min/snap/code/235/.local/share/stm32cube/bundles/gnu-tools-for-stm32/14.3.1+st.2/lib/gcc/arm-none-eabi/14.3.1/include/arm_mve.h ****    GCC is distributed in the hope that it will be useful, but WITHOUT
  14:/home/min/snap/code/235/.local/share/stm32cube/bundles/gnu-tools-for-stm32/14.3.1+st.2/lib/gcc/arm-none-eabi/14.3.1/include/arm_mve.h ****    ANY WARRANTY; without even the implied warranty of MERCHANTABILITY
  15:/home/min/snap/code/235/.local/share/stm32cube/bundles/gnu-tools-for-stm32/14.3.1+st.2/lib/gcc/arm-none-eabi/14.3.1/include/arm_mve.h ****    or FITNESS FOR A PARTICULAR PURPOSE.  See the GNU General Public
  16:/home/min/snap/code/235/.local/share/stm32cube/bundles/gnu-tools-for-stm32/14.3.1+st.2/lib/gcc/arm-none-eabi/14.3.1/include/arm_mve.h ****    License for more details.
  17:/home/min/snap/code/235/.local/share/stm32cube/bundles/gnu-tools-for-stm32/14.3.1+st.2/lib/gcc/arm-none-eabi/14.3.1/include/arm_mve.h **** 
  18:/home/min/snap/code/235/.local/share/stm32cube/bundles/gnu-tools-for-stm32/14.3.1+st.2/lib/gcc/arm-none-eabi/14.3.1/include/arm_mve.h ****    Under Section 7 of GPL version 3, you are granted additional
  19:/home/min/snap/code/235/.local/share/stm32cube/bundles/gnu-tools-for-stm32/14.3.1+st.2/lib/gcc/arm-none-eabi/14.3.1/include/arm_mve.h ****    permissions described in the GCC Runtime Library Exception, version
  20:/home/min/snap/code/235/.local/share/stm32cube/bundles/gnu-tools-for-stm32/14.3.1+st.2/lib/gcc/arm-none-eabi/14.3.1/include/arm_mve.h ****    3.1, as published by the Free Software Foundation.
  21:/home/min/snap/code/235/.local/share/stm32cube/bundles/gnu-tools-for-stm32/14.3.1+st.2/lib/gcc/arm-none-eabi/14.3.1/include/arm_mve.h **** 
  22:/home/min/snap/code/235/.local/share/stm32cube/bundles/gnu-tools-for-stm32/14.3.1+st.2/lib/gcc/arm-none-eabi/14.3.1/include/arm_mve.h ****    You should have received a copy of the GNU General Public License
  23:/home/min/snap/code/235/.local/share/stm32cube/bundles/gnu-tools-for-stm32/14.3.1+st.2/lib/gcc/arm-none-eabi/14.3.1/include/arm_mve.h ****    along with GCC; see the file COPYING3.  If not see
  24:/home/min/snap/code/235/.local/share/stm32cube/bundles/gnu-tools-for-stm32/14.3.1+st.2/lib/gcc/arm-none-eabi/14.3.1/include/arm_mve.h ****    <http://www.gnu.org/licenses/>.  */
  25:/home/min/snap/code/235/.local/share/stm32cube/bundles/gnu-tools-for-stm32/14.3.1+st.2/lib/gcc/arm-none-eabi/14.3.1/include/arm_mve.h **** 
  26:/home/min/snap/code/235/.local/share/stm32cube/bundles/gnu-tools-for-stm32/14.3.1+st.2/lib/gcc/arm-none-eabi/14.3.1/include/arm_mve.h **** #ifndef _GCC_ARM_MVE_H
  27:/home/min/snap/code/235/.local/share/stm32cube/bundles/gnu-tools-for-stm32/14.3.1+st.2/lib/gcc/arm-none-eabi/14.3.1/include/arm_mve.h **** #define _GCC_ARM_MVE_H
  28:/home/min/snap/code/235/.local/share/stm32cube/bundles/gnu-tools-for-stm32/14.3.1+st.2/lib/gcc/arm-none-eabi/14.3.1/include/arm_mve.h **** 
  29:/home/min/snap/code/235/.local/share/stm32cube/bundles/gnu-tools-for-stm32/14.3.1+st.2/lib/gcc/arm-none-eabi/14.3.1/include/arm_mve.h **** #if __ARM_BIG_ENDIAN
  30:/home/min/snap/code/235/.local/share/stm32cube/bundles/gnu-tools-for-stm32/14.3.1+st.2/lib/gcc/arm-none-eabi/14.3.1/include/arm_mve.h **** #error "MVE intrinsics are not supported in Big-Endian mode."
  31:/home/min/snap/code/235/.local/share/stm32cube/bundles/gnu-tools-for-stm32/14.3.1+st.2/lib/gcc/arm-none-eabi/14.3.1/include/arm_mve.h **** #elif !__ARM_FEATURE_MVE
  32:/home/min/snap/code/235/.local/share/stm32cube/bundles/gnu-tools-for-stm32/14.3.1+st.2/lib/gcc/arm-none-eabi/14.3.1/include/arm_mve.h **** #error "MVE feature not supported"
  33:/home/min/snap/code/235/.local/share/stm32cube/bundles/gnu-tools-for-stm32/14.3.1+st.2/lib/gcc/arm-none-eabi/14.3.1/include/arm_mve.h **** #else
  34:/home/min/snap/code/235/.local/share/stm32cube/bundles/gnu-tools-for-stm32/14.3.1+st.2/lib/gcc/arm-none-eabi/14.3.1/include/arm_mve.h **** 
  35:/home/min/snap/code/235/.local/share/stm32cube/bundles/gnu-tools-for-stm32/14.3.1+st.2/lib/gcc/arm-none-eabi/14.3.1/include/arm_mve.h **** #include <stdint.h>
  36:/home/min/snap/code/235/.local/share/stm32cube/bundles/gnu-tools-for-stm32/14.3.1+st.2/lib/gcc/arm-none-eabi/14.3.1/include/arm_mve.h **** #ifndef  __cplusplus
  37:/home/min/snap/code/235/.local/share/stm32cube/bundles/gnu-tools-for-stm32/14.3.1+st.2/lib/gcc/arm-none-eabi/14.3.1/include/arm_mve.h **** #include <stdbool.h>
  38:/home/min/snap/code/235/.local/share/stm32cube/bundles/gnu-tools-for-stm32/14.3.1+st.2/lib/gcc/arm-none-eabi/14.3.1/include/arm_mve.h **** #endif
  39:/home/min/snap/code/235/.local/share/stm32cube/bundles/gnu-tools-for-stm32/14.3.1+st.2/lib/gcc/arm-none-eabi/14.3.1/include/arm_mve.h **** #include "arm_mve_types.h"
  40:/home/min/snap/code/235/.local/share/stm32cube/bundles/gnu-tools-for-stm32/14.3.1+st.2/lib/gcc/arm-none-eabi/14.3.1/include/arm_mve.h **** 
  41:/home/min/snap/code/235/.local/share/stm32cube/bundles/gnu-tools-for-stm32/14.3.1+st.2/lib/gcc/arm-none-eabi/14.3.1/include/arm_mve.h **** #ifdef __ARM_MVE_PRESERVE_USER_NAMESPACE
  42:/home/min/snap/code/235/.local/share/stm32cube/bundles/gnu-tools-for-stm32/14.3.1+st.2/lib/gcc/arm-none-eabi/14.3.1/include/arm_mve.h **** #pragma GCC arm "arm_mve.h" true
  43:/home/min/snap/code/235/.local/share/stm32cube/bundles/gnu-tools-for-stm32/14.3.1+st.2/lib/gcc/arm-none-eabi/14.3.1/include/arm_mve.h **** #else
  44:/home/min/snap/code/235/.local/share/stm32cube/bundles/gnu-tools-for-stm32/14.3.1+st.2/lib/gcc/arm-none-eabi/14.3.1/include/arm_mve.h **** #pragma GCC arm "arm_mve.h" false
  45:/home/min/snap/code/235/.local/share/stm32cube/bundles/gnu-tools-for-stm32/14.3.1+st.2/lib/gcc/arm-none-eabi/14.3.1/include/arm_mve.h **** #endif
  46:/home/min/snap/code/235/.local/share/stm32cube/bundles/gnu-tools-for-stm32/14.3.1+st.2/lib/gcc/arm-none-eabi/14.3.1/include/arm_mve.h **** 
  47:/home/min/snap/code/235/.local/share/stm32cube/bundles/gnu-tools-for-stm32/14.3.1+st.2/lib/gcc/arm-none-eabi/14.3.1/include/arm_mve.h **** #ifndef __ARM_MVE_PRESERVE_USER_NAMESPACE
  48:/home/min/snap/code/235/.local/share/stm32cube/bundles/gnu-tools-for-stm32/14.3.1+st.2/lib/gcc/arm-none-eabi/14.3.1/include/arm_mve.h **** #define vst4q(__addr, __value) __arm_vst4q(__addr, __value)
  49:/home/min/snap/code/235/.local/share/stm32cube/bundles/gnu-tools-for-stm32/14.3.1+st.2/lib/gcc/arm-none-eabi/14.3.1/include/arm_mve.h **** #define vornq(__a, __b) __arm_vornq(__a, __b)
  50:/home/min/snap/code/235/.local/share/stm32cube/bundles/gnu-tools-for-stm32/14.3.1+st.2/lib/gcc/arm-none-eabi/14.3.1/include/arm_mve.h **** #define vbicq(__a, __b) __arm_vbicq(__a, __b)
  51:/home/min/snap/code/235/.local/share/stm32cube/bundles/gnu-tools-for-stm32/14.3.1+st.2/lib/gcc/arm-none-eabi/14.3.1/include/arm_mve.h **** #define vbicq_m_n(__a, __imm, __p) __arm_vbicq_m_n(__a, __imm, __p)
  52:/home/min/snap/code/235/.local/share/stm32cube/bundles/gnu-tools-for-stm32/14.3.1+st.2/lib/gcc/arm-none-eabi/14.3.1/include/arm_mve.h **** #define vshlcq(__a, __b, __imm) __arm_vshlcq(__a, __b, __imm)
  53:/home/min/snap/code/235/.local/share/stm32cube/bundles/gnu-tools-for-stm32/14.3.1+st.2/lib/gcc/arm-none-eabi/14.3.1/include/arm_mve.h **** #define vbicq_m(__inactive, __a, __b, __p) __arm_vbicq_m(__inactive, __a, __b, __p)
  54:/home/min/snap/code/235/.local/share/stm32cube/bundles/gnu-tools-for-stm32/14.3.1+st.2/lib/gcc/arm-none-eabi/14.3.1/include/arm_mve.h **** #define vornq_m(__inactive, __a, __b, __p) __arm_vornq_m(__inactive, __a, __b, __p)
  55:/home/min/snap/code/235/.local/share/stm32cube/bundles/gnu-tools-for-stm32/14.3.1+st.2/lib/gcc/arm-none-eabi/14.3.1/include/arm_mve.h **** #define vstrbq_scatter_offset(__base, __offset, __value) __arm_vstrbq_scatter_offset(__base, __offs
  56:/home/min/snap/code/235/.local/share/stm32cube/bundles/gnu-tools-for-stm32/14.3.1+st.2/lib/gcc/arm-none-eabi/14.3.1/include/arm_mve.h **** #define vstrbq(__addr, __value) __arm_vstrbq(__addr, __value)
  57:/home/min/snap/code/235/.local/share/stm32cube/bundles/gnu-tools-for-stm32/14.3.1+st.2/lib/gcc/arm-none-eabi/14.3.1/include/arm_mve.h **** #define vstrwq_scatter_base(__addr, __offset, __value) __arm_vstrwq_scatter_base(__addr, __offset, 
  58:/home/min/snap/code/235/.local/share/stm32cube/bundles/gnu-tools-for-stm32/14.3.1+st.2/lib/gcc/arm-none-eabi/14.3.1/include/arm_mve.h **** #define vldrbq_gather_offset(__base, __offset) __arm_vldrbq_gather_offset(__base, __offset)
  59:/home/min/snap/code/235/.local/share/stm32cube/bundles/gnu-tools-for-stm32/14.3.1+st.2/lib/gcc/arm-none-eabi/14.3.1/include/arm_mve.h **** #define vstrbq_p(__addr, __value, __p) __arm_vstrbq_p(__addr, __value, __p)
  60:/home/min/snap/code/235/.local/share/stm32cube/bundles/gnu-tools-for-stm32/14.3.1+st.2/lib/gcc/arm-none-eabi/14.3.1/include/arm_mve.h **** #define vstrbq_scatter_offset_p(__base, __offset, __value, __p) __arm_vstrbq_scatter_offset_p(__bas
  61:/home/min/snap/code/235/.local/share/stm32cube/bundles/gnu-tools-for-stm32/14.3.1+st.2/lib/gcc/arm-none-eabi/14.3.1/include/arm_mve.h **** #define vstrwq_scatter_base_p(__addr, __offset, __value, __p) __arm_vstrwq_scatter_base_p(__addr, _
  62:/home/min/snap/code/235/.local/share/stm32cube/bundles/gnu-tools-for-stm32/14.3.1+st.2/lib/gcc/arm-none-eabi/14.3.1/include/arm_mve.h **** #define vldrbq_gather_offset_z(__base, __offset, __p) __arm_vldrbq_gather_offset_z(__base, __offset
  63:/home/min/snap/code/235/.local/share/stm32cube/bundles/gnu-tools-for-stm32/14.3.1+st.2/lib/gcc/arm-none-eabi/14.3.1/include/arm_mve.h **** #define vldrhq_gather_offset(__base, __offset) __arm_vldrhq_gather_offset(__base, __offset)
  64:/home/min/snap/code/235/.local/share/stm32cube/bundles/gnu-tools-for-stm32/14.3.1+st.2/lib/gcc/arm-none-eabi/14.3.1/include/arm_mve.h **** #define vldrhq_gather_offset_z(__base, __offset, __p) __arm_vldrhq_gather_offset_z(__base, __offset
  65:/home/min/snap/code/235/.local/share/stm32cube/bundles/gnu-tools-for-stm32/14.3.1+st.2/lib/gcc/arm-none-eabi/14.3.1/include/arm_mve.h **** #define vldrhq_gather_shifted_offset(__base, __offset) __arm_vldrhq_gather_shifted_offset(__base, _
  66:/home/min/snap/code/235/.local/share/stm32cube/bundles/gnu-tools-for-stm32/14.3.1+st.2/lib/gcc/arm-none-eabi/14.3.1/include/arm_mve.h **** #define vldrhq_gather_shifted_offset_z(__base, __offset, __p) __arm_vldrhq_gather_shifted_offset_z(
  67:/home/min/snap/code/235/.local/share/stm32cube/bundles/gnu-tools-for-stm32/14.3.1+st.2/lib/gcc/arm-none-eabi/14.3.1/include/arm_mve.h **** #define vldrdq_gather_offset(__base, __offset) __arm_vldrdq_gather_offset(__base, __offset)
  68:/home/min/snap/code/235/.local/share/stm32cube/bundles/gnu-tools-for-stm32/14.3.1+st.2/lib/gcc/arm-none-eabi/14.3.1/include/arm_mve.h **** #define vldrdq_gather_offset_z(__base, __offset, __p) __arm_vldrdq_gather_offset_z(__base, __offset
ARM GAS  /tmp/cc1JbEzq.s 			page 4


  69:/home/min/snap/code/235/.local/share/stm32cube/bundles/gnu-tools-for-stm32/14.3.1+st.2/lib/gcc/arm-none-eabi/14.3.1/include/arm_mve.h **** #define vldrdq_gather_shifted_offset(__base, __offset) __arm_vldrdq_gather_shifted_offset(__base, _
  70:/home/min/snap/code/235/.local/share/stm32cube/bundles/gnu-tools-for-stm32/14.3.1+st.2/lib/gcc/arm-none-eabi/14.3.1/include/arm_mve.h **** #define vldrdq_gather_shifted_offset_z(__base, __offset, __p) __arm_vldrdq_gather_shifted_offset_z(
  71:/home/min/snap/code/235/.local/share/stm32cube/bundles/gnu-tools-for-stm32/14.3.1+st.2/lib/gcc/arm-none-eabi/14.3.1/include/arm_mve.h **** #define vldrwq_gather_offset(__base, __offset) __arm_vldrwq_gather_offset(__base, __offset)
  72:/home/min/snap/code/235/.local/share/stm32cube/bundles/gnu-tools-for-stm32/14.3.1+st.2/lib/gcc/arm-none-eabi/14.3.1/include/arm_mve.h **** #define vldrwq_gather_offset_z(__base, __offset, __p) __arm_vldrwq_gather_offset_z(__base, __offset
  73:/home/min/snap/code/235/.local/share/stm32cube/bundles/gnu-tools-for-stm32/14.3.1+st.2/lib/gcc/arm-none-eabi/14.3.1/include/arm_mve.h **** #define vldrwq_gather_shifted_offset(__base, __offset) __arm_vldrwq_gather_shifted_offset(__base, _
  74:/home/min/snap/code/235/.local/share/stm32cube/bundles/gnu-tools-for-stm32/14.3.1+st.2/lib/gcc/arm-none-eabi/14.3.1/include/arm_mve.h **** #define vldrwq_gather_shifted_offset_z(__base, __offset, __p) __arm_vldrwq_gather_shifted_offset_z(
  75:/home/min/snap/code/235/.local/share/stm32cube/bundles/gnu-tools-for-stm32/14.3.1+st.2/lib/gcc/arm-none-eabi/14.3.1/include/arm_mve.h **** #define vstrhq_scatter_offset(__base, __offset, __value) __arm_vstrhq_scatter_offset(__base, __offs
  76:/home/min/snap/code/235/.local/share/stm32cube/bundles/gnu-tools-for-stm32/14.3.1+st.2/lib/gcc/arm-none-eabi/14.3.1/include/arm_mve.h **** #define vstrhq_scatter_offset_p(__base, __offset, __value, __p) __arm_vstrhq_scatter_offset_p(__bas
  77:/home/min/snap/code/235/.local/share/stm32cube/bundles/gnu-tools-for-stm32/14.3.1+st.2/lib/gcc/arm-none-eabi/14.3.1/include/arm_mve.h **** #define vstrhq_scatter_shifted_offset(__base, __offset, __value) __arm_vstrhq_scatter_shifted_offse
  78:/home/min/snap/code/235/.local/share/stm32cube/bundles/gnu-tools-for-stm32/14.3.1+st.2/lib/gcc/arm-none-eabi/14.3.1/include/arm_mve.h **** #define vstrhq_scatter_shifted_offset_p(__base, __offset, __value, __p) __arm_vstrhq_scatter_shifte
  79:/home/min/snap/code/235/.local/share/stm32cube/bundles/gnu-tools-for-stm32/14.3.1+st.2/lib/gcc/arm-none-eabi/14.3.1/include/arm_mve.h **** #define vstrhq(__addr, __value) __arm_vstrhq(__addr, __value)
  80:/home/min/snap/code/235/.local/share/stm32cube/bundles/gnu-tools-for-stm32/14.3.1+st.2/lib/gcc/arm-none-eabi/14.3.1/include/arm_mve.h **** #define vstrhq_p(__addr, __value, __p) __arm_vstrhq_p(__addr, __value, __p)
  81:/home/min/snap/code/235/.local/share/stm32cube/bundles/gnu-tools-for-stm32/14.3.1+st.2/lib/gcc/arm-none-eabi/14.3.1/include/arm_mve.h **** #define vstrwq(__addr, __value) __arm_vstrwq(__addr, __value)
  82:/home/min/snap/code/235/.local/share/stm32cube/bundles/gnu-tools-for-stm32/14.3.1+st.2/lib/gcc/arm-none-eabi/14.3.1/include/arm_mve.h **** #define vstrwq_p(__addr, __value, __p) __arm_vstrwq_p(__addr, __value, __p)
  83:/home/min/snap/code/235/.local/share/stm32cube/bundles/gnu-tools-for-stm32/14.3.1+st.2/lib/gcc/arm-none-eabi/14.3.1/include/arm_mve.h **** #define vstrdq_scatter_base_p(__addr, __offset, __value, __p) __arm_vstrdq_scatter_base_p(__addr, _
  84:/home/min/snap/code/235/.local/share/stm32cube/bundles/gnu-tools-for-stm32/14.3.1+st.2/lib/gcc/arm-none-eabi/14.3.1/include/arm_mve.h **** #define vstrdq_scatter_base(__addr, __offset, __value) __arm_vstrdq_scatter_base(__addr, __offset, 
  85:/home/min/snap/code/235/.local/share/stm32cube/bundles/gnu-tools-for-stm32/14.3.1+st.2/lib/gcc/arm-none-eabi/14.3.1/include/arm_mve.h **** #define vstrdq_scatter_offset_p(__base, __offset, __value, __p) __arm_vstrdq_scatter_offset_p(__bas
  86:/home/min/snap/code/235/.local/share/stm32cube/bundles/gnu-tools-for-stm32/14.3.1+st.2/lib/gcc/arm-none-eabi/14.3.1/include/arm_mve.h **** #define vstrdq_scatter_offset(__base, __offset, __value) __arm_vstrdq_scatter_offset(__base, __offs
  87:/home/min/snap/code/235/.local/share/stm32cube/bundles/gnu-tools-for-stm32/14.3.1+st.2/lib/gcc/arm-none-eabi/14.3.1/include/arm_mve.h **** #define vstrdq_scatter_shifted_offset_p(__base, __offset, __value, __p) __arm_vstrdq_scatter_shifte
  88:/home/min/snap/code/235/.local/share/stm32cube/bundles/gnu-tools-for-stm32/14.3.1+st.2/lib/gcc/arm-none-eabi/14.3.1/include/arm_mve.h **** #define vstrdq_scatter_shifted_offset(__base, __offset, __value) __arm_vstrdq_scatter_shifted_offse
  89:/home/min/snap/code/235/.local/share/stm32cube/bundles/gnu-tools-for-stm32/14.3.1+st.2/lib/gcc/arm-none-eabi/14.3.1/include/arm_mve.h **** #define vstrwq_scatter_offset_p(__base, __offset, __value, __p) __arm_vstrwq_scatter_offset_p(__bas
  90:/home/min/snap/code/235/.local/share/stm32cube/bundles/gnu-tools-for-stm32/14.3.1+st.2/lib/gcc/arm-none-eabi/14.3.1/include/arm_mve.h **** #define vstrwq_scatter_offset(__base, __offset, __value) __arm_vstrwq_scatter_offset(__base, __offs
  91:/home/min/snap/code/235/.local/share/stm32cube/bundles/gnu-tools-for-stm32/14.3.1+st.2/lib/gcc/arm-none-eabi/14.3.1/include/arm_mve.h **** #define vstrwq_scatter_shifted_offset_p(__base, __offset, __value, __p) __arm_vstrwq_scatter_shifte
  92:/home/min/snap/code/235/.local/share/stm32cube/bundles/gnu-tools-for-stm32/14.3.1+st.2/lib/gcc/arm-none-eabi/14.3.1/include/arm_mve.h **** #define vstrwq_scatter_shifted_offset(__base, __offset, __value) __arm_vstrwq_scatter_shifted_offse
  93:/home/min/snap/code/235/.local/share/stm32cube/bundles/gnu-tools-for-stm32/14.3.1+st.2/lib/gcc/arm-none-eabi/14.3.1/include/arm_mve.h **** #define vuninitializedq(__v) __arm_vuninitializedq(__v)
  94:/home/min/snap/code/235/.local/share/stm32cube/bundles/gnu-tools-for-stm32/14.3.1+st.2/lib/gcc/arm-none-eabi/14.3.1/include/arm_mve.h **** #define vddupq_m(__inactive, __a, __imm, __p) __arm_vddupq_m(__inactive, __a, __imm, __p)
  95:/home/min/snap/code/235/.local/share/stm32cube/bundles/gnu-tools-for-stm32/14.3.1+st.2/lib/gcc/arm-none-eabi/14.3.1/include/arm_mve.h **** #define vddupq_u8(__a, __imm) __arm_vddupq_u8(__a, __imm)
  96:/home/min/snap/code/235/.local/share/stm32cube/bundles/gnu-tools-for-stm32/14.3.1+st.2/lib/gcc/arm-none-eabi/14.3.1/include/arm_mve.h **** #define vddupq_u32(__a, __imm) __arm_vddupq_u32(__a, __imm)
  97:/home/min/snap/code/235/.local/share/stm32cube/bundles/gnu-tools-for-stm32/14.3.1+st.2/lib/gcc/arm-none-eabi/14.3.1/include/arm_mve.h **** #define vddupq_u16(__a, __imm) __arm_vddupq_u16(__a, __imm)
  98:/home/min/snap/code/235/.local/share/stm32cube/bundles/gnu-tools-for-stm32/14.3.1+st.2/lib/gcc/arm-none-eabi/14.3.1/include/arm_mve.h **** #define vdwdupq_m(__inactive, __a, __b, __imm, __p) __arm_vdwdupq_m(__inactive, __a, __b, __imm, __
  99:/home/min/snap/code/235/.local/share/stm32cube/bundles/gnu-tools-for-stm32/14.3.1+st.2/lib/gcc/arm-none-eabi/14.3.1/include/arm_mve.h **** #define vdwdupq_u8(__a, __b, __imm) __arm_vdwdupq_u8(__a, __b, __imm)
 100:/home/min/snap/code/235/.local/share/stm32cube/bundles/gnu-tools-for-stm32/14.3.1+st.2/lib/gcc/arm-none-eabi/14.3.1/include/arm_mve.h **** #define vdwdupq_u32(__a, __b, __imm) __arm_vdwdupq_u32(__a, __b, __imm)
 101:/home/min/snap/code/235/.local/share/stm32cube/bundles/gnu-tools-for-stm32/14.3.1+st.2/lib/gcc/arm-none-eabi/14.3.1/include/arm_mve.h **** #define vdwdupq_u16(__a, __b, __imm) __arm_vdwdupq_u16(__a, __b, __imm)
 102:/home/min/snap/code/235/.local/share/stm32cube/bundles/gnu-tools-for-stm32/14.3.1+st.2/lib/gcc/arm-none-eabi/14.3.1/include/arm_mve.h **** #define vidupq_m(__inactive, __a, __imm, __p) __arm_vidupq_m(__inactive, __a, __imm, __p)
 103:/home/min/snap/code/235/.local/share/stm32cube/bundles/gnu-tools-for-stm32/14.3.1+st.2/lib/gcc/arm-none-eabi/14.3.1/include/arm_mve.h **** #define vidupq_u8(__a, __imm) __arm_vidupq_u8(__a, __imm)
 104:/home/min/snap/code/235/.local/share/stm32cube/bundles/gnu-tools-for-stm32/14.3.1+st.2/lib/gcc/arm-none-eabi/14.3.1/include/arm_mve.h **** #define vidupq_u32(__a, __imm) __arm_vidupq_u32(__a, __imm)
 105:/home/min/snap/code/235/.local/share/stm32cube/bundles/gnu-tools-for-stm32/14.3.1+st.2/lib/gcc/arm-none-eabi/14.3.1/include/arm_mve.h **** #define vidupq_u16(__a, __imm) __arm_vidupq_u16(__a, __imm)
 106:/home/min/snap/code/235/.local/share/stm32cube/bundles/gnu-tools-for-stm32/14.3.1+st.2/lib/gcc/arm-none-eabi/14.3.1/include/arm_mve.h **** #define viwdupq_m(__inactive, __a, __b, __imm, __p) __arm_viwdupq_m(__inactive, __a, __b, __imm, __
 107:/home/min/snap/code/235/.local/share/stm32cube/bundles/gnu-tools-for-stm32/14.3.1+st.2/lib/gcc/arm-none-eabi/14.3.1/include/arm_mve.h **** #define viwdupq_u8(__a, __b, __imm) __arm_viwdupq_u8(__a, __b, __imm)
 108:/home/min/snap/code/235/.local/share/stm32cube/bundles/gnu-tools-for-stm32/14.3.1+st.2/lib/gcc/arm-none-eabi/14.3.1/include/arm_mve.h **** #define viwdupq_u32(__a, __b, __imm) __arm_viwdupq_u32(__a, __b, __imm)
 109:/home/min/snap/code/235/.local/share/stm32cube/bundles/gnu-tools-for-stm32/14.3.1+st.2/lib/gcc/arm-none-eabi/14.3.1/include/arm_mve.h **** #define viwdupq_u16(__a, __b, __imm) __arm_viwdupq_u16(__a, __b, __imm)
 110:/home/min/snap/code/235/.local/share/stm32cube/bundles/gnu-tools-for-stm32/14.3.1+st.2/lib/gcc/arm-none-eabi/14.3.1/include/arm_mve.h **** #define vstrdq_scatter_base_wb(__addr, __offset, __value) __arm_vstrdq_scatter_base_wb(__addr, __of
 111:/home/min/snap/code/235/.local/share/stm32cube/bundles/gnu-tools-for-stm32/14.3.1+st.2/lib/gcc/arm-none-eabi/14.3.1/include/arm_mve.h **** #define vstrdq_scatter_base_wb_p(__addr, __offset, __value, __p) __arm_vstrdq_scatter_base_wb_p(__a
 112:/home/min/snap/code/235/.local/share/stm32cube/bundles/gnu-tools-for-stm32/14.3.1+st.2/lib/gcc/arm-none-eabi/14.3.1/include/arm_mve.h **** #define vstrwq_scatter_base_wb_p(__addr, __offset, __value, __p) __arm_vstrwq_scatter_base_wb_p(__a
 113:/home/min/snap/code/235/.local/share/stm32cube/bundles/gnu-tools-for-stm32/14.3.1+st.2/lib/gcc/arm-none-eabi/14.3.1/include/arm_mve.h **** #define vstrwq_scatter_base_wb(__addr, __offset, __value) __arm_vstrwq_scatter_base_wb(__addr, __of
 114:/home/min/snap/code/235/.local/share/stm32cube/bundles/gnu-tools-for-stm32/14.3.1+st.2/lib/gcc/arm-none-eabi/14.3.1/include/arm_mve.h **** #define vddupq_x_u8(__a, __imm, __p) __arm_vddupq_x_u8(__a, __imm, __p)
 115:/home/min/snap/code/235/.local/share/stm32cube/bundles/gnu-tools-for-stm32/14.3.1+st.2/lib/gcc/arm-none-eabi/14.3.1/include/arm_mve.h **** #define vddupq_x_u16(__a, __imm, __p) __arm_vddupq_x_u16(__a, __imm, __p)
 116:/home/min/snap/code/235/.local/share/stm32cube/bundles/gnu-tools-for-stm32/14.3.1+st.2/lib/gcc/arm-none-eabi/14.3.1/include/arm_mve.h **** #define vddupq_x_u32(__a, __imm, __p) __arm_vddupq_x_u32(__a, __imm, __p)
 117:/home/min/snap/code/235/.local/share/stm32cube/bundles/gnu-tools-for-stm32/14.3.1+st.2/lib/gcc/arm-none-eabi/14.3.1/include/arm_mve.h **** #define vdwdupq_x_u8(__a, __b, __imm, __p) __arm_vdwdupq_x_u8(__a, __b, __imm, __p)
 118:/home/min/snap/code/235/.local/share/stm32cube/bundles/gnu-tools-for-stm32/14.3.1+st.2/lib/gcc/arm-none-eabi/14.3.1/include/arm_mve.h **** #define vdwdupq_x_u16(__a, __b, __imm, __p) __arm_vdwdupq_x_u16(__a, __b, __imm, __p)
 119:/home/min/snap/code/235/.local/share/stm32cube/bundles/gnu-tools-for-stm32/14.3.1+st.2/lib/gcc/arm-none-eabi/14.3.1/include/arm_mve.h **** #define vdwdupq_x_u32(__a, __b, __imm, __p) __arm_vdwdupq_x_u32(__a, __b, __imm, __p)
 120:/home/min/snap/code/235/.local/share/stm32cube/bundles/gnu-tools-for-stm32/14.3.1+st.2/lib/gcc/arm-none-eabi/14.3.1/include/arm_mve.h **** #define vidupq_x_u8(__a, __imm, __p) __arm_vidupq_x_u8(__a, __imm, __p)
 121:/home/min/snap/code/235/.local/share/stm32cube/bundles/gnu-tools-for-stm32/14.3.1+st.2/lib/gcc/arm-none-eabi/14.3.1/include/arm_mve.h **** #define vidupq_x_u16(__a, __imm, __p) __arm_vidupq_x_u16(__a, __imm, __p)
 122:/home/min/snap/code/235/.local/share/stm32cube/bundles/gnu-tools-for-stm32/14.3.1+st.2/lib/gcc/arm-none-eabi/14.3.1/include/arm_mve.h **** #define vidupq_x_u32(__a, __imm, __p) __arm_vidupq_x_u32(__a, __imm, __p)
 123:/home/min/snap/code/235/.local/share/stm32cube/bundles/gnu-tools-for-stm32/14.3.1+st.2/lib/gcc/arm-none-eabi/14.3.1/include/arm_mve.h **** #define viwdupq_x_u8(__a, __b, __imm, __p) __arm_viwdupq_x_u8(__a, __b, __imm, __p)
 124:/home/min/snap/code/235/.local/share/stm32cube/bundles/gnu-tools-for-stm32/14.3.1+st.2/lib/gcc/arm-none-eabi/14.3.1/include/arm_mve.h **** #define viwdupq_x_u16(__a, __b, __imm, __p) __arm_viwdupq_x_u16(__a, __b, __imm, __p)
 125:/home/min/snap/code/235/.local/share/stm32cube/bundles/gnu-tools-for-stm32/14.3.1+st.2/lib/gcc/arm-none-eabi/14.3.1/include/arm_mve.h **** #define viwdupq_x_u32(__a, __b, __imm, __p) __arm_viwdupq_x_u32(__a, __b, __imm, __p)
ARM GAS  /tmp/cc1JbEzq.s 			page 5


 126:/home/min/snap/code/235/.local/share/stm32cube/bundles/gnu-tools-for-stm32/14.3.1+st.2/lib/gcc/arm-none-eabi/14.3.1/include/arm_mve.h **** #define vbicq_x(__a, __b, __p) __arm_vbicq_x(__a, __b, __p)
 127:/home/min/snap/code/235/.local/share/stm32cube/bundles/gnu-tools-for-stm32/14.3.1+st.2/lib/gcc/arm-none-eabi/14.3.1/include/arm_mve.h **** #define vornq_x(__a, __b, __p) __arm_vornq_x(__a, __b, __p)
 128:/home/min/snap/code/235/.local/share/stm32cube/bundles/gnu-tools-for-stm32/14.3.1+st.2/lib/gcc/arm-none-eabi/14.3.1/include/arm_mve.h **** #define vadciq(__a, __b, __carry_out) __arm_vadciq(__a, __b, __carry_out)
 129:/home/min/snap/code/235/.local/share/stm32cube/bundles/gnu-tools-for-stm32/14.3.1+st.2/lib/gcc/arm-none-eabi/14.3.1/include/arm_mve.h **** #define vadciq_m(__inactive, __a, __b, __carry_out, __p) __arm_vadciq_m(__inactive, __a, __b, __car
 130:/home/min/snap/code/235/.local/share/stm32cube/bundles/gnu-tools-for-stm32/14.3.1+st.2/lib/gcc/arm-none-eabi/14.3.1/include/arm_mve.h **** #define vadcq(__a, __b, __carry) __arm_vadcq(__a, __b, __carry)
 131:/home/min/snap/code/235/.local/share/stm32cube/bundles/gnu-tools-for-stm32/14.3.1+st.2/lib/gcc/arm-none-eabi/14.3.1/include/arm_mve.h **** #define vadcq_m(__inactive, __a, __b, __carry, __p) __arm_vadcq_m(__inactive, __a, __b, __carry, __
 132:/home/min/snap/code/235/.local/share/stm32cube/bundles/gnu-tools-for-stm32/14.3.1+st.2/lib/gcc/arm-none-eabi/14.3.1/include/arm_mve.h **** #define vsbciq(__a, __b, __carry_out) __arm_vsbciq(__a, __b, __carry_out)
 133:/home/min/snap/code/235/.local/share/stm32cube/bundles/gnu-tools-for-stm32/14.3.1+st.2/lib/gcc/arm-none-eabi/14.3.1/include/arm_mve.h **** #define vsbciq_m(__inactive, __a, __b, __carry_out, __p) __arm_vsbciq_m(__inactive, __a, __b, __car
 134:/home/min/snap/code/235/.local/share/stm32cube/bundles/gnu-tools-for-stm32/14.3.1+st.2/lib/gcc/arm-none-eabi/14.3.1/include/arm_mve.h **** #define vsbcq(__a, __b, __carry) __arm_vsbcq(__a, __b, __carry)
 135:/home/min/snap/code/235/.local/share/stm32cube/bundles/gnu-tools-for-stm32/14.3.1+st.2/lib/gcc/arm-none-eabi/14.3.1/include/arm_mve.h **** #define vsbcq_m(__inactive, __a, __b, __carry, __p) __arm_vsbcq_m(__inactive, __a, __b, __carry, __
 136:/home/min/snap/code/235/.local/share/stm32cube/bundles/gnu-tools-for-stm32/14.3.1+st.2/lib/gcc/arm-none-eabi/14.3.1/include/arm_mve.h **** #define vst1q_p(__addr, __value, __p) __arm_vst1q_p(__addr, __value, __p)
 137:/home/min/snap/code/235/.local/share/stm32cube/bundles/gnu-tools-for-stm32/14.3.1+st.2/lib/gcc/arm-none-eabi/14.3.1/include/arm_mve.h **** #define vst2q(__addr, __value) __arm_vst2q(__addr, __value)
 138:/home/min/snap/code/235/.local/share/stm32cube/bundles/gnu-tools-for-stm32/14.3.1+st.2/lib/gcc/arm-none-eabi/14.3.1/include/arm_mve.h **** #define vld1q_z(__base, __p) __arm_vld1q_z(__base, __p)
 139:/home/min/snap/code/235/.local/share/stm32cube/bundles/gnu-tools-for-stm32/14.3.1+st.2/lib/gcc/arm-none-eabi/14.3.1/include/arm_mve.h **** #define vld2q(__addr) __arm_vld2q(__addr)
 140:/home/min/snap/code/235/.local/share/stm32cube/bundles/gnu-tools-for-stm32/14.3.1+st.2/lib/gcc/arm-none-eabi/14.3.1/include/arm_mve.h **** #define vld4q(__addr) __arm_vld4q(__addr)
 141:/home/min/snap/code/235/.local/share/stm32cube/bundles/gnu-tools-for-stm32/14.3.1+st.2/lib/gcc/arm-none-eabi/14.3.1/include/arm_mve.h **** #define vsetq_lane(__a, __b, __idx) __arm_vsetq_lane(__a, __b, __idx)
 142:/home/min/snap/code/235/.local/share/stm32cube/bundles/gnu-tools-for-stm32/14.3.1+st.2/lib/gcc/arm-none-eabi/14.3.1/include/arm_mve.h **** #define vgetq_lane(__a, __idx) __arm_vgetq_lane(__a, __idx)
 143:/home/min/snap/code/235/.local/share/stm32cube/bundles/gnu-tools-for-stm32/14.3.1+st.2/lib/gcc/arm-none-eabi/14.3.1/include/arm_mve.h **** #define vshlcq_m(__a, __b, __imm, __p) __arm_vshlcq_m(__a, __b, __imm, __p)
 144:/home/min/snap/code/235/.local/share/stm32cube/bundles/gnu-tools-for-stm32/14.3.1+st.2/lib/gcc/arm-none-eabi/14.3.1/include/arm_mve.h **** #define vcvttq_f32(__a) __arm_vcvttq_f32(__a)
 145:/home/min/snap/code/235/.local/share/stm32cube/bundles/gnu-tools-for-stm32/14.3.1+st.2/lib/gcc/arm-none-eabi/14.3.1/include/arm_mve.h **** #define vcvtbq_f32(__a) __arm_vcvtbq_f32(__a)
 146:/home/min/snap/code/235/.local/share/stm32cube/bundles/gnu-tools-for-stm32/14.3.1+st.2/lib/gcc/arm-none-eabi/14.3.1/include/arm_mve.h **** #define vcvtq(__a) __arm_vcvtq(__a)
 147:/home/min/snap/code/235/.local/share/stm32cube/bundles/gnu-tools-for-stm32/14.3.1+st.2/lib/gcc/arm-none-eabi/14.3.1/include/arm_mve.h **** #define vcvtq_n(__a, __imm6) __arm_vcvtq_n(__a, __imm6)
 148:/home/min/snap/code/235/.local/share/stm32cube/bundles/gnu-tools-for-stm32/14.3.1+st.2/lib/gcc/arm-none-eabi/14.3.1/include/arm_mve.h **** #define vcvtaq_m(__inactive, __a, __p) __arm_vcvtaq_m(__inactive, __a, __p)
 149:/home/min/snap/code/235/.local/share/stm32cube/bundles/gnu-tools-for-stm32/14.3.1+st.2/lib/gcc/arm-none-eabi/14.3.1/include/arm_mve.h **** #define vcvtq_m(__inactive, __a, __p) __arm_vcvtq_m(__inactive, __a, __p)
 150:/home/min/snap/code/235/.local/share/stm32cube/bundles/gnu-tools-for-stm32/14.3.1+st.2/lib/gcc/arm-none-eabi/14.3.1/include/arm_mve.h **** #define vcvtbq_m(__a, __b, __p) __arm_vcvtbq_m(__a, __b, __p)
 151:/home/min/snap/code/235/.local/share/stm32cube/bundles/gnu-tools-for-stm32/14.3.1+st.2/lib/gcc/arm-none-eabi/14.3.1/include/arm_mve.h **** #define vcvttq_m(__a, __b, __p) __arm_vcvttq_m(__a, __b, __p)
 152:/home/min/snap/code/235/.local/share/stm32cube/bundles/gnu-tools-for-stm32/14.3.1+st.2/lib/gcc/arm-none-eabi/14.3.1/include/arm_mve.h **** #define vcvtmq_m(__inactive, __a, __p) __arm_vcvtmq_m(__inactive, __a, __p)
 153:/home/min/snap/code/235/.local/share/stm32cube/bundles/gnu-tools-for-stm32/14.3.1+st.2/lib/gcc/arm-none-eabi/14.3.1/include/arm_mve.h **** #define vcvtnq_m(__inactive, __a, __p) __arm_vcvtnq_m(__inactive, __a, __p)
 154:/home/min/snap/code/235/.local/share/stm32cube/bundles/gnu-tools-for-stm32/14.3.1+st.2/lib/gcc/arm-none-eabi/14.3.1/include/arm_mve.h **** #define vcvtpq_m(__inactive, __a, __p) __arm_vcvtpq_m(__inactive, __a, __p)
 155:/home/min/snap/code/235/.local/share/stm32cube/bundles/gnu-tools-for-stm32/14.3.1+st.2/lib/gcc/arm-none-eabi/14.3.1/include/arm_mve.h **** #define vcvtq_m_n(__inactive, __a, __imm6, __p) __arm_vcvtq_m_n(__inactive, __a, __imm6, __p)
 156:/home/min/snap/code/235/.local/share/stm32cube/bundles/gnu-tools-for-stm32/14.3.1+st.2/lib/gcc/arm-none-eabi/14.3.1/include/arm_mve.h **** #define vcvtq_x(__a, __p) __arm_vcvtq_x(__a, __p)
 157:/home/min/snap/code/235/.local/share/stm32cube/bundles/gnu-tools-for-stm32/14.3.1+st.2/lib/gcc/arm-none-eabi/14.3.1/include/arm_mve.h **** #define vcvtq_x_n(__a, __imm6, __p) __arm_vcvtq_x_n(__a, __imm6, __p)
 158:/home/min/snap/code/235/.local/share/stm32cube/bundles/gnu-tools-for-stm32/14.3.1+st.2/lib/gcc/arm-none-eabi/14.3.1/include/arm_mve.h **** 
 159:/home/min/snap/code/235/.local/share/stm32cube/bundles/gnu-tools-for-stm32/14.3.1+st.2/lib/gcc/arm-none-eabi/14.3.1/include/arm_mve.h **** 
 160:/home/min/snap/code/235/.local/share/stm32cube/bundles/gnu-tools-for-stm32/14.3.1+st.2/lib/gcc/arm-none-eabi/14.3.1/include/arm_mve.h **** #define vst4q_s8( __addr, __value) __arm_vst4q_s8( __addr, __value)
 161:/home/min/snap/code/235/.local/share/stm32cube/bundles/gnu-tools-for-stm32/14.3.1+st.2/lib/gcc/arm-none-eabi/14.3.1/include/arm_mve.h **** #define vst4q_s16( __addr, __value) __arm_vst4q_s16( __addr, __value)
 162:/home/min/snap/code/235/.local/share/stm32cube/bundles/gnu-tools-for-stm32/14.3.1+st.2/lib/gcc/arm-none-eabi/14.3.1/include/arm_mve.h **** #define vst4q_s32( __addr, __value) __arm_vst4q_s32( __addr, __value)
 163:/home/min/snap/code/235/.local/share/stm32cube/bundles/gnu-tools-for-stm32/14.3.1+st.2/lib/gcc/arm-none-eabi/14.3.1/include/arm_mve.h **** #define vst4q_u8( __addr, __value) __arm_vst4q_u8( __addr, __value)
 164:/home/min/snap/code/235/.local/share/stm32cube/bundles/gnu-tools-for-stm32/14.3.1+st.2/lib/gcc/arm-none-eabi/14.3.1/include/arm_mve.h **** #define vst4q_u16( __addr, __value) __arm_vst4q_u16( __addr, __value)
 165:/home/min/snap/code/235/.local/share/stm32cube/bundles/gnu-tools-for-stm32/14.3.1+st.2/lib/gcc/arm-none-eabi/14.3.1/include/arm_mve.h **** #define vst4q_u32( __addr, __value) __arm_vst4q_u32( __addr, __value)
 166:/home/min/snap/code/235/.local/share/stm32cube/bundles/gnu-tools-for-stm32/14.3.1+st.2/lib/gcc/arm-none-eabi/14.3.1/include/arm_mve.h **** #define vst4q_f16( __addr, __value) __arm_vst4q_f16( __addr, __value)
 167:/home/min/snap/code/235/.local/share/stm32cube/bundles/gnu-tools-for-stm32/14.3.1+st.2/lib/gcc/arm-none-eabi/14.3.1/include/arm_mve.h **** #define vst4q_f32( __addr, __value) __arm_vst4q_f32( __addr, __value)
 168:/home/min/snap/code/235/.local/share/stm32cube/bundles/gnu-tools-for-stm32/14.3.1+st.2/lib/gcc/arm-none-eabi/14.3.1/include/arm_mve.h **** #define vcvttq_f32_f16(__a) __arm_vcvttq_f32_f16(__a)
 169:/home/min/snap/code/235/.local/share/stm32cube/bundles/gnu-tools-for-stm32/14.3.1+st.2/lib/gcc/arm-none-eabi/14.3.1/include/arm_mve.h **** #define vcvtbq_f32_f16(__a) __arm_vcvtbq_f32_f16(__a)
 170:/home/min/snap/code/235/.local/share/stm32cube/bundles/gnu-tools-for-stm32/14.3.1+st.2/lib/gcc/arm-none-eabi/14.3.1/include/arm_mve.h **** #define vcvtq_f16_s16(__a) __arm_vcvtq_f16_s16(__a)
 171:/home/min/snap/code/235/.local/share/stm32cube/bundles/gnu-tools-for-stm32/14.3.1+st.2/lib/gcc/arm-none-eabi/14.3.1/include/arm_mve.h **** #define vcvtq_f32_s32(__a) __arm_vcvtq_f32_s32(__a)
 172:/home/min/snap/code/235/.local/share/stm32cube/bundles/gnu-tools-for-stm32/14.3.1+st.2/lib/gcc/arm-none-eabi/14.3.1/include/arm_mve.h **** #define vcvtq_f16_u16(__a) __arm_vcvtq_f16_u16(__a)
 173:/home/min/snap/code/235/.local/share/stm32cube/bundles/gnu-tools-for-stm32/14.3.1+st.2/lib/gcc/arm-none-eabi/14.3.1/include/arm_mve.h **** #define vcvtq_f32_u32(__a) __arm_vcvtq_f32_u32(__a)
 174:/home/min/snap/code/235/.local/share/stm32cube/bundles/gnu-tools-for-stm32/14.3.1+st.2/lib/gcc/arm-none-eabi/14.3.1/include/arm_mve.h **** #define vcvtaq_s16_f16(__a) __arm_vcvtaq_s16_f16(__a)
 175:/home/min/snap/code/235/.local/share/stm32cube/bundles/gnu-tools-for-stm32/14.3.1+st.2/lib/gcc/arm-none-eabi/14.3.1/include/arm_mve.h **** #define vcvtaq_s32_f32(__a) __arm_vcvtaq_s32_f32(__a)
 176:/home/min/snap/code/235/.local/share/stm32cube/bundles/gnu-tools-for-stm32/14.3.1+st.2/lib/gcc/arm-none-eabi/14.3.1/include/arm_mve.h **** #define vcvtnq_s16_f16(__a) __arm_vcvtnq_s16_f16(__a)
 177:/home/min/snap/code/235/.local/share/stm32cube/bundles/gnu-tools-for-stm32/14.3.1+st.2/lib/gcc/arm-none-eabi/14.3.1/include/arm_mve.h **** #define vcvtnq_s32_f32(__a) __arm_vcvtnq_s32_f32(__a)
 178:/home/min/snap/code/235/.local/share/stm32cube/bundles/gnu-tools-for-stm32/14.3.1+st.2/lib/gcc/arm-none-eabi/14.3.1/include/arm_mve.h **** #define vcvtpq_s16_f16(__a) __arm_vcvtpq_s16_f16(__a)
 179:/home/min/snap/code/235/.local/share/stm32cube/bundles/gnu-tools-for-stm32/14.3.1+st.2/lib/gcc/arm-none-eabi/14.3.1/include/arm_mve.h **** #define vcvtpq_s32_f32(__a) __arm_vcvtpq_s32_f32(__a)
 180:/home/min/snap/code/235/.local/share/stm32cube/bundles/gnu-tools-for-stm32/14.3.1+st.2/lib/gcc/arm-none-eabi/14.3.1/include/arm_mve.h **** #define vcvtmq_s16_f16(__a) __arm_vcvtmq_s16_f16(__a)
 181:/home/min/snap/code/235/.local/share/stm32cube/bundles/gnu-tools-for-stm32/14.3.1+st.2/lib/gcc/arm-none-eabi/14.3.1/include/arm_mve.h **** #define vcvtmq_s32_f32(__a) __arm_vcvtmq_s32_f32(__a)
 182:/home/min/snap/code/235/.local/share/stm32cube/bundles/gnu-tools-for-stm32/14.3.1+st.2/lib/gcc/arm-none-eabi/14.3.1/include/arm_mve.h **** #define vcvtq_s16_f16(__a) __arm_vcvtq_s16_f16(__a)
ARM GAS  /tmp/cc1JbEzq.s 			page 6


 183:/home/min/snap/code/235/.local/share/stm32cube/bundles/gnu-tools-for-stm32/14.3.1+st.2/lib/gcc/arm-none-eabi/14.3.1/include/arm_mve.h **** #define vcvtq_s32_f32(__a) __arm_vcvtq_s32_f32(__a)
 184:/home/min/snap/code/235/.local/share/stm32cube/bundles/gnu-tools-for-stm32/14.3.1+st.2/lib/gcc/arm-none-eabi/14.3.1/include/arm_mve.h **** #define vcvtq_u16_f16(__a) __arm_vcvtq_u16_f16(__a)
 185:/home/min/snap/code/235/.local/share/stm32cube/bundles/gnu-tools-for-stm32/14.3.1+st.2/lib/gcc/arm-none-eabi/14.3.1/include/arm_mve.h **** #define vcvtq_u32_f32(__a) __arm_vcvtq_u32_f32(__a)
 186:/home/min/snap/code/235/.local/share/stm32cube/bundles/gnu-tools-for-stm32/14.3.1+st.2/lib/gcc/arm-none-eabi/14.3.1/include/arm_mve.h **** #define vcvtpq_u16_f16(__a) __arm_vcvtpq_u16_f16(__a)
 187:/home/min/snap/code/235/.local/share/stm32cube/bundles/gnu-tools-for-stm32/14.3.1+st.2/lib/gcc/arm-none-eabi/14.3.1/include/arm_mve.h **** #define vcvtpq_u32_f32(__a) __arm_vcvtpq_u32_f32(__a)
 188:/home/min/snap/code/235/.local/share/stm32cube/bundles/gnu-tools-for-stm32/14.3.1+st.2/lib/gcc/arm-none-eabi/14.3.1/include/arm_mve.h **** #define vcvtnq_u16_f16(__a) __arm_vcvtnq_u16_f16(__a)
 189:/home/min/snap/code/235/.local/share/stm32cube/bundles/gnu-tools-for-stm32/14.3.1+st.2/lib/gcc/arm-none-eabi/14.3.1/include/arm_mve.h **** #define vcvtnq_u32_f32(__a) __arm_vcvtnq_u32_f32(__a)
 190:/home/min/snap/code/235/.local/share/stm32cube/bundles/gnu-tools-for-stm32/14.3.1+st.2/lib/gcc/arm-none-eabi/14.3.1/include/arm_mve.h **** #define vcvtmq_u16_f16(__a) __arm_vcvtmq_u16_f16(__a)
 191:/home/min/snap/code/235/.local/share/stm32cube/bundles/gnu-tools-for-stm32/14.3.1+st.2/lib/gcc/arm-none-eabi/14.3.1/include/arm_mve.h **** #define vcvtmq_u32_f32(__a) __arm_vcvtmq_u32_f32(__a)
 192:/home/min/snap/code/235/.local/share/stm32cube/bundles/gnu-tools-for-stm32/14.3.1+st.2/lib/gcc/arm-none-eabi/14.3.1/include/arm_mve.h **** #define vcvtaq_u16_f16(__a) __arm_vcvtaq_u16_f16(__a)
 193:/home/min/snap/code/235/.local/share/stm32cube/bundles/gnu-tools-for-stm32/14.3.1+st.2/lib/gcc/arm-none-eabi/14.3.1/include/arm_mve.h **** #define vcvtaq_u32_f32(__a) __arm_vcvtaq_u32_f32(__a)
 194:/home/min/snap/code/235/.local/share/stm32cube/bundles/gnu-tools-for-stm32/14.3.1+st.2/lib/gcc/arm-none-eabi/14.3.1/include/arm_mve.h **** #define vctp16q(__a) __arm_vctp16q(__a)
 195:/home/min/snap/code/235/.local/share/stm32cube/bundles/gnu-tools-for-stm32/14.3.1+st.2/lib/gcc/arm-none-eabi/14.3.1/include/arm_mve.h **** #define vctp32q(__a) __arm_vctp32q(__a)
 196:/home/min/snap/code/235/.local/share/stm32cube/bundles/gnu-tools-for-stm32/14.3.1+st.2/lib/gcc/arm-none-eabi/14.3.1/include/arm_mve.h **** #define vctp64q(__a) __arm_vctp64q(__a)
 197:/home/min/snap/code/235/.local/share/stm32cube/bundles/gnu-tools-for-stm32/14.3.1+st.2/lib/gcc/arm-none-eabi/14.3.1/include/arm_mve.h **** #define vctp8q(__a) __arm_vctp8q(__a)
 198:/home/min/snap/code/235/.local/share/stm32cube/bundles/gnu-tools-for-stm32/14.3.1+st.2/lib/gcc/arm-none-eabi/14.3.1/include/arm_mve.h **** #define vpnot(__a) __arm_vpnot(__a)
 199:/home/min/snap/code/235/.local/share/stm32cube/bundles/gnu-tools-for-stm32/14.3.1+st.2/lib/gcc/arm-none-eabi/14.3.1/include/arm_mve.h **** #define vcvtq_n_f16_s16(__a,  __imm6) __arm_vcvtq_n_f16_s16(__a,  __imm6)
 200:/home/min/snap/code/235/.local/share/stm32cube/bundles/gnu-tools-for-stm32/14.3.1+st.2/lib/gcc/arm-none-eabi/14.3.1/include/arm_mve.h **** #define vcvtq_n_f32_s32(__a,  __imm6) __arm_vcvtq_n_f32_s32(__a,  __imm6)
 201:/home/min/snap/code/235/.local/share/stm32cube/bundles/gnu-tools-for-stm32/14.3.1+st.2/lib/gcc/arm-none-eabi/14.3.1/include/arm_mve.h **** #define vcvtq_n_f16_u16(__a,  __imm6) __arm_vcvtq_n_f16_u16(__a,  __imm6)
 202:/home/min/snap/code/235/.local/share/stm32cube/bundles/gnu-tools-for-stm32/14.3.1+st.2/lib/gcc/arm-none-eabi/14.3.1/include/arm_mve.h **** #define vcvtq_n_f32_u32(__a,  __imm6) __arm_vcvtq_n_f32_u32(__a,  __imm6)
 203:/home/min/snap/code/235/.local/share/stm32cube/bundles/gnu-tools-for-stm32/14.3.1+st.2/lib/gcc/arm-none-eabi/14.3.1/include/arm_mve.h **** #define vcvtq_n_s16_f16(__a,  __imm6) __arm_vcvtq_n_s16_f16(__a,  __imm6)
 204:/home/min/snap/code/235/.local/share/stm32cube/bundles/gnu-tools-for-stm32/14.3.1+st.2/lib/gcc/arm-none-eabi/14.3.1/include/arm_mve.h **** #define vcvtq_n_s32_f32(__a,  __imm6) __arm_vcvtq_n_s32_f32(__a,  __imm6)
 205:/home/min/snap/code/235/.local/share/stm32cube/bundles/gnu-tools-for-stm32/14.3.1+st.2/lib/gcc/arm-none-eabi/14.3.1/include/arm_mve.h **** #define vcvtq_n_u16_f16(__a,  __imm6) __arm_vcvtq_n_u16_f16(__a,  __imm6)
 206:/home/min/snap/code/235/.local/share/stm32cube/bundles/gnu-tools-for-stm32/14.3.1+st.2/lib/gcc/arm-none-eabi/14.3.1/include/arm_mve.h **** #define vcvtq_n_u32_f32(__a,  __imm6) __arm_vcvtq_n_u32_f32(__a,  __imm6)
 207:/home/min/snap/code/235/.local/share/stm32cube/bundles/gnu-tools-for-stm32/14.3.1+st.2/lib/gcc/arm-none-eabi/14.3.1/include/arm_mve.h **** #define vornq_u8(__a, __b) __arm_vornq_u8(__a, __b)
 208:/home/min/snap/code/235/.local/share/stm32cube/bundles/gnu-tools-for-stm32/14.3.1+st.2/lib/gcc/arm-none-eabi/14.3.1/include/arm_mve.h **** #define vbicq_u8(__a, __b) __arm_vbicq_u8(__a, __b)
 209:/home/min/snap/code/235/.local/share/stm32cube/bundles/gnu-tools-for-stm32/14.3.1+st.2/lib/gcc/arm-none-eabi/14.3.1/include/arm_mve.h **** #define vornq_s8(__a, __b) __arm_vornq_s8(__a, __b)
 210:/home/min/snap/code/235/.local/share/stm32cube/bundles/gnu-tools-for-stm32/14.3.1+st.2/lib/gcc/arm-none-eabi/14.3.1/include/arm_mve.h **** #define vbicq_s8(__a, __b) __arm_vbicq_s8(__a, __b)
 211:/home/min/snap/code/235/.local/share/stm32cube/bundles/gnu-tools-for-stm32/14.3.1+st.2/lib/gcc/arm-none-eabi/14.3.1/include/arm_mve.h **** #define vornq_u16(__a, __b) __arm_vornq_u16(__a, __b)
 212:/home/min/snap/code/235/.local/share/stm32cube/bundles/gnu-tools-for-stm32/14.3.1+st.2/lib/gcc/arm-none-eabi/14.3.1/include/arm_mve.h **** #define vbicq_u16(__a, __b) __arm_vbicq_u16(__a, __b)
 213:/home/min/snap/code/235/.local/share/stm32cube/bundles/gnu-tools-for-stm32/14.3.1+st.2/lib/gcc/arm-none-eabi/14.3.1/include/arm_mve.h **** #define vornq_s16(__a, __b) __arm_vornq_s16(__a, __b)
 214:/home/min/snap/code/235/.local/share/stm32cube/bundles/gnu-tools-for-stm32/14.3.1+st.2/lib/gcc/arm-none-eabi/14.3.1/include/arm_mve.h **** #define vbicq_s16(__a, __b) __arm_vbicq_s16(__a, __b)
 215:/home/min/snap/code/235/.local/share/stm32cube/bundles/gnu-tools-for-stm32/14.3.1+st.2/lib/gcc/arm-none-eabi/14.3.1/include/arm_mve.h **** #define vornq_u32(__a, __b) __arm_vornq_u32(__a, __b)
 216:/home/min/snap/code/235/.local/share/stm32cube/bundles/gnu-tools-for-stm32/14.3.1+st.2/lib/gcc/arm-none-eabi/14.3.1/include/arm_mve.h **** #define vbicq_u32(__a, __b) __arm_vbicq_u32(__a, __b)
 217:/home/min/snap/code/235/.local/share/stm32cube/bundles/gnu-tools-for-stm32/14.3.1+st.2/lib/gcc/arm-none-eabi/14.3.1/include/arm_mve.h **** #define vornq_s32(__a, __b) __arm_vornq_s32(__a, __b)
 218:/home/min/snap/code/235/.local/share/stm32cube/bundles/gnu-tools-for-stm32/14.3.1+st.2/lib/gcc/arm-none-eabi/14.3.1/include/arm_mve.h **** #define vbicq_s32(__a, __b) __arm_vbicq_s32(__a, __b)
 219:/home/min/snap/code/235/.local/share/stm32cube/bundles/gnu-tools-for-stm32/14.3.1+st.2/lib/gcc/arm-none-eabi/14.3.1/include/arm_mve.h **** #define vbicq_n_u16(__a,  __imm) __arm_vbicq_n_u16(__a,  __imm)
 220:/home/min/snap/code/235/.local/share/stm32cube/bundles/gnu-tools-for-stm32/14.3.1+st.2/lib/gcc/arm-none-eabi/14.3.1/include/arm_mve.h **** #define vornq_f16(__a, __b) __arm_vornq_f16(__a, __b)
 221:/home/min/snap/code/235/.local/share/stm32cube/bundles/gnu-tools-for-stm32/14.3.1+st.2/lib/gcc/arm-none-eabi/14.3.1/include/arm_mve.h **** #define vbicq_f16(__a, __b) __arm_vbicq_f16(__a, __b)
 222:/home/min/snap/code/235/.local/share/stm32cube/bundles/gnu-tools-for-stm32/14.3.1+st.2/lib/gcc/arm-none-eabi/14.3.1/include/arm_mve.h **** #define vbicq_n_s16(__a,  __imm) __arm_vbicq_n_s16(__a,  __imm)
 223:/home/min/snap/code/235/.local/share/stm32cube/bundles/gnu-tools-for-stm32/14.3.1+st.2/lib/gcc/arm-none-eabi/14.3.1/include/arm_mve.h **** #define vbicq_n_u32(__a,  __imm) __arm_vbicq_n_u32(__a,  __imm)
 224:/home/min/snap/code/235/.local/share/stm32cube/bundles/gnu-tools-for-stm32/14.3.1+st.2/lib/gcc/arm-none-eabi/14.3.1/include/arm_mve.h **** #define vornq_f32(__a, __b) __arm_vornq_f32(__a, __b)
 225:/home/min/snap/code/235/.local/share/stm32cube/bundles/gnu-tools-for-stm32/14.3.1+st.2/lib/gcc/arm-none-eabi/14.3.1/include/arm_mve.h **** #define vbicq_f32(__a, __b) __arm_vbicq_f32(__a, __b)
 226:/home/min/snap/code/235/.local/share/stm32cube/bundles/gnu-tools-for-stm32/14.3.1+st.2/lib/gcc/arm-none-eabi/14.3.1/include/arm_mve.h **** #define vbicq_n_s32(__a,  __imm) __arm_vbicq_n_s32(__a,  __imm)
 227:/home/min/snap/code/235/.local/share/stm32cube/bundles/gnu-tools-for-stm32/14.3.1+st.2/lib/gcc/arm-none-eabi/14.3.1/include/arm_mve.h **** #define vctp8q_m(__a, __p) __arm_vctp8q_m(__a, __p)
 228:/home/min/snap/code/235/.local/share/stm32cube/bundles/gnu-tools-for-stm32/14.3.1+st.2/lib/gcc/arm-none-eabi/14.3.1/include/arm_mve.h **** #define vctp64q_m(__a, __p) __arm_vctp64q_m(__a, __p)
 229:/home/min/snap/code/235/.local/share/stm32cube/bundles/gnu-tools-for-stm32/14.3.1+st.2/lib/gcc/arm-none-eabi/14.3.1/include/arm_mve.h **** #define vctp32q_m(__a, __p) __arm_vctp32q_m(__a, __p)
 230:/home/min/snap/code/235/.local/share/stm32cube/bundles/gnu-tools-for-stm32/14.3.1+st.2/lib/gcc/arm-none-eabi/14.3.1/include/arm_mve.h **** #define vctp16q_m(__a, __p) __arm_vctp16q_m(__a, __p)
 231:/home/min/snap/code/235/.local/share/stm32cube/bundles/gnu-tools-for-stm32/14.3.1+st.2/lib/gcc/arm-none-eabi/14.3.1/include/arm_mve.h **** #define vcvttq_f16_f32(__a, __b) __arm_vcvttq_f16_f32(__a, __b)
 232:/home/min/snap/code/235/.local/share/stm32cube/bundles/gnu-tools-for-stm32/14.3.1+st.2/lib/gcc/arm-none-eabi/14.3.1/include/arm_mve.h **** #define vcvtbq_f16_f32(__a, __b) __arm_vcvtbq_f16_f32(__a, __b)
 233:/home/min/snap/code/235/.local/share/stm32cube/bundles/gnu-tools-for-stm32/14.3.1+st.2/lib/gcc/arm-none-eabi/14.3.1/include/arm_mve.h **** #define vbicq_m_n_s16(__a,  __imm, __p) __arm_vbicq_m_n_s16(__a,  __imm, __p)
 234:/home/min/snap/code/235/.local/share/stm32cube/bundles/gnu-tools-for-stm32/14.3.1+st.2/lib/gcc/arm-none-eabi/14.3.1/include/arm_mve.h **** #define vbicq_m_n_s32(__a,  __imm, __p) __arm_vbicq_m_n_s32(__a,  __imm, __p)
 235:/home/min/snap/code/235/.local/share/stm32cube/bundles/gnu-tools-for-stm32/14.3.1+st.2/lib/gcc/arm-none-eabi/14.3.1/include/arm_mve.h **** #define vbicq_m_n_u16(__a,  __imm, __p) __arm_vbicq_m_n_u16(__a,  __imm, __p)
 236:/home/min/snap/code/235/.local/share/stm32cube/bundles/gnu-tools-for-stm32/14.3.1+st.2/lib/gcc/arm-none-eabi/14.3.1/include/arm_mve.h **** #define vbicq_m_n_u32(__a,  __imm, __p) __arm_vbicq_m_n_u32(__a,  __imm, __p)
 237:/home/min/snap/code/235/.local/share/stm32cube/bundles/gnu-tools-for-stm32/14.3.1+st.2/lib/gcc/arm-none-eabi/14.3.1/include/arm_mve.h **** #define vcvtaq_m_s16_f16(__inactive, __a, __p) __arm_vcvtaq_m_s16_f16(__inactive, __a, __p)
 238:/home/min/snap/code/235/.local/share/stm32cube/bundles/gnu-tools-for-stm32/14.3.1+st.2/lib/gcc/arm-none-eabi/14.3.1/include/arm_mve.h **** #define vcvtaq_m_u16_f16(__inactive, __a, __p) __arm_vcvtaq_m_u16_f16(__inactive, __a, __p)
 239:/home/min/snap/code/235/.local/share/stm32cube/bundles/gnu-tools-for-stm32/14.3.1+st.2/lib/gcc/arm-none-eabi/14.3.1/include/arm_mve.h **** #define vcvtaq_m_s32_f32(__inactive, __a, __p) __arm_vcvtaq_m_s32_f32(__inactive, __a, __p)
ARM GAS  /tmp/cc1JbEzq.s 			page 7


 240:/home/min/snap/code/235/.local/share/stm32cube/bundles/gnu-tools-for-stm32/14.3.1+st.2/lib/gcc/arm-none-eabi/14.3.1/include/arm_mve.h **** #define vcvtaq_m_u32_f32(__inactive, __a, __p) __arm_vcvtaq_m_u32_f32(__inactive, __a, __p)
 241:/home/min/snap/code/235/.local/share/stm32cube/bundles/gnu-tools-for-stm32/14.3.1+st.2/lib/gcc/arm-none-eabi/14.3.1/include/arm_mve.h **** #define vcvtq_m_f16_s16(__inactive, __a, __p) __arm_vcvtq_m_f16_s16(__inactive, __a, __p)
 242:/home/min/snap/code/235/.local/share/stm32cube/bundles/gnu-tools-for-stm32/14.3.1+st.2/lib/gcc/arm-none-eabi/14.3.1/include/arm_mve.h **** #define vcvtq_m_f16_u16(__inactive, __a, __p) __arm_vcvtq_m_f16_u16(__inactive, __a, __p)
 243:/home/min/snap/code/235/.local/share/stm32cube/bundles/gnu-tools-for-stm32/14.3.1+st.2/lib/gcc/arm-none-eabi/14.3.1/include/arm_mve.h **** #define vcvtq_m_f32_s32(__inactive, __a, __p) __arm_vcvtq_m_f32_s32(__inactive, __a, __p)
 244:/home/min/snap/code/235/.local/share/stm32cube/bundles/gnu-tools-for-stm32/14.3.1+st.2/lib/gcc/arm-none-eabi/14.3.1/include/arm_mve.h **** #define vcvtq_m_f32_u32(__inactive, __a, __p) __arm_vcvtq_m_f32_u32(__inactive, __a, __p)
 245:/home/min/snap/code/235/.local/share/stm32cube/bundles/gnu-tools-for-stm32/14.3.1+st.2/lib/gcc/arm-none-eabi/14.3.1/include/arm_mve.h **** #define vshlcq_s8(__a,  __b,  __imm) __arm_vshlcq_s8(__a,  __b,  __imm)
 246:/home/min/snap/code/235/.local/share/stm32cube/bundles/gnu-tools-for-stm32/14.3.1+st.2/lib/gcc/arm-none-eabi/14.3.1/include/arm_mve.h **** #define vshlcq_u8(__a,  __b,  __imm) __arm_vshlcq_u8(__a,  __b,  __imm)
 247:/home/min/snap/code/235/.local/share/stm32cube/bundles/gnu-tools-for-stm32/14.3.1+st.2/lib/gcc/arm-none-eabi/14.3.1/include/arm_mve.h **** #define vshlcq_s16(__a,  __b,  __imm) __arm_vshlcq_s16(__a,  __b,  __imm)
 248:/home/min/snap/code/235/.local/share/stm32cube/bundles/gnu-tools-for-stm32/14.3.1+st.2/lib/gcc/arm-none-eabi/14.3.1/include/arm_mve.h **** #define vshlcq_u16(__a,  __b,  __imm) __arm_vshlcq_u16(__a,  __b,  __imm)
 249:/home/min/snap/code/235/.local/share/stm32cube/bundles/gnu-tools-for-stm32/14.3.1+st.2/lib/gcc/arm-none-eabi/14.3.1/include/arm_mve.h **** #define vshlcq_s32(__a,  __b,  __imm) __arm_vshlcq_s32(__a,  __b,  __imm)
 250:/home/min/snap/code/235/.local/share/stm32cube/bundles/gnu-tools-for-stm32/14.3.1+st.2/lib/gcc/arm-none-eabi/14.3.1/include/arm_mve.h **** #define vshlcq_u32(__a,  __b,  __imm) __arm_vshlcq_u32(__a,  __b,  __imm)
 251:/home/min/snap/code/235/.local/share/stm32cube/bundles/gnu-tools-for-stm32/14.3.1+st.2/lib/gcc/arm-none-eabi/14.3.1/include/arm_mve.h **** #define vcvtbq_m_f16_f32(__a, __b, __p) __arm_vcvtbq_m_f16_f32(__a, __b, __p)
 252:/home/min/snap/code/235/.local/share/stm32cube/bundles/gnu-tools-for-stm32/14.3.1+st.2/lib/gcc/arm-none-eabi/14.3.1/include/arm_mve.h **** #define vcvtbq_m_f32_f16(__inactive, __a, __p) __arm_vcvtbq_m_f32_f16(__inactive, __a, __p)
 253:/home/min/snap/code/235/.local/share/stm32cube/bundles/gnu-tools-for-stm32/14.3.1+st.2/lib/gcc/arm-none-eabi/14.3.1/include/arm_mve.h **** #define vcvttq_m_f16_f32(__a, __b, __p) __arm_vcvttq_m_f16_f32(__a, __b, __p)
 254:/home/min/snap/code/235/.local/share/stm32cube/bundles/gnu-tools-for-stm32/14.3.1+st.2/lib/gcc/arm-none-eabi/14.3.1/include/arm_mve.h **** #define vcvttq_m_f32_f16(__inactive, __a, __p) __arm_vcvttq_m_f32_f16(__inactive, __a, __p)
 255:/home/min/snap/code/235/.local/share/stm32cube/bundles/gnu-tools-for-stm32/14.3.1+st.2/lib/gcc/arm-none-eabi/14.3.1/include/arm_mve.h **** #define vcvtmq_m_s16_f16(__inactive, __a, __p) __arm_vcvtmq_m_s16_f16(__inactive, __a, __p)
 256:/home/min/snap/code/235/.local/share/stm32cube/bundles/gnu-tools-for-stm32/14.3.1+st.2/lib/gcc/arm-none-eabi/14.3.1/include/arm_mve.h **** #define vcvtnq_m_s16_f16(__inactive, __a, __p) __arm_vcvtnq_m_s16_f16(__inactive, __a, __p)
 257:/home/min/snap/code/235/.local/share/stm32cube/bundles/gnu-tools-for-stm32/14.3.1+st.2/lib/gcc/arm-none-eabi/14.3.1/include/arm_mve.h **** #define vcvtpq_m_s16_f16(__inactive, __a, __p) __arm_vcvtpq_m_s16_f16(__inactive, __a, __p)
 258:/home/min/snap/code/235/.local/share/stm32cube/bundles/gnu-tools-for-stm32/14.3.1+st.2/lib/gcc/arm-none-eabi/14.3.1/include/arm_mve.h **** #define vcvtq_m_s16_f16(__inactive, __a, __p) __arm_vcvtq_m_s16_f16(__inactive, __a, __p)
 259:/home/min/snap/code/235/.local/share/stm32cube/bundles/gnu-tools-for-stm32/14.3.1+st.2/lib/gcc/arm-none-eabi/14.3.1/include/arm_mve.h **** #define vcvtmq_m_u16_f16(__inactive, __a, __p) __arm_vcvtmq_m_u16_f16(__inactive, __a, __p)
 260:/home/min/snap/code/235/.local/share/stm32cube/bundles/gnu-tools-for-stm32/14.3.1+st.2/lib/gcc/arm-none-eabi/14.3.1/include/arm_mve.h **** #define vcvtnq_m_u16_f16(__inactive, __a, __p) __arm_vcvtnq_m_u16_f16(__inactive, __a, __p)
 261:/home/min/snap/code/235/.local/share/stm32cube/bundles/gnu-tools-for-stm32/14.3.1+st.2/lib/gcc/arm-none-eabi/14.3.1/include/arm_mve.h **** #define vcvtpq_m_u16_f16(__inactive, __a, __p) __arm_vcvtpq_m_u16_f16(__inactive, __a, __p)
 262:/home/min/snap/code/235/.local/share/stm32cube/bundles/gnu-tools-for-stm32/14.3.1+st.2/lib/gcc/arm-none-eabi/14.3.1/include/arm_mve.h **** #define vcvtq_m_u16_f16(__inactive, __a, __p) __arm_vcvtq_m_u16_f16(__inactive, __a, __p)
 263:/home/min/snap/code/235/.local/share/stm32cube/bundles/gnu-tools-for-stm32/14.3.1+st.2/lib/gcc/arm-none-eabi/14.3.1/include/arm_mve.h **** #define vcvtmq_m_s32_f32(__inactive, __a, __p) __arm_vcvtmq_m_s32_f32(__inactive, __a, __p)
 264:/home/min/snap/code/235/.local/share/stm32cube/bundles/gnu-tools-for-stm32/14.3.1+st.2/lib/gcc/arm-none-eabi/14.3.1/include/arm_mve.h **** #define vcvtnq_m_s32_f32(__inactive, __a, __p) __arm_vcvtnq_m_s32_f32(__inactive, __a, __p)
 265:/home/min/snap/code/235/.local/share/stm32cube/bundles/gnu-tools-for-stm32/14.3.1+st.2/lib/gcc/arm-none-eabi/14.3.1/include/arm_mve.h **** #define vcvtpq_m_s32_f32(__inactive, __a, __p) __arm_vcvtpq_m_s32_f32(__inactive, __a, __p)
 266:/home/min/snap/code/235/.local/share/stm32cube/bundles/gnu-tools-for-stm32/14.3.1+st.2/lib/gcc/arm-none-eabi/14.3.1/include/arm_mve.h **** #define vcvtq_m_s32_f32(__inactive, __a, __p) __arm_vcvtq_m_s32_f32(__inactive, __a, __p)
 267:/home/min/snap/code/235/.local/share/stm32cube/bundles/gnu-tools-for-stm32/14.3.1+st.2/lib/gcc/arm-none-eabi/14.3.1/include/arm_mve.h **** #define vcvtmq_m_u32_f32(__inactive, __a, __p) __arm_vcvtmq_m_u32_f32(__inactive, __a, __p)
 268:/home/min/snap/code/235/.local/share/stm32cube/bundles/gnu-tools-for-stm32/14.3.1+st.2/lib/gcc/arm-none-eabi/14.3.1/include/arm_mve.h **** #define vcvtnq_m_u32_f32(__inactive, __a, __p) __arm_vcvtnq_m_u32_f32(__inactive, __a, __p)
 269:/home/min/snap/code/235/.local/share/stm32cube/bundles/gnu-tools-for-stm32/14.3.1+st.2/lib/gcc/arm-none-eabi/14.3.1/include/arm_mve.h **** #define vcvtpq_m_u32_f32(__inactive, __a, __p) __arm_vcvtpq_m_u32_f32(__inactive, __a, __p)
 270:/home/min/snap/code/235/.local/share/stm32cube/bundles/gnu-tools-for-stm32/14.3.1+st.2/lib/gcc/arm-none-eabi/14.3.1/include/arm_mve.h **** #define vcvtq_m_u32_f32(__inactive, __a, __p) __arm_vcvtq_m_u32_f32(__inactive, __a, __p)
 271:/home/min/snap/code/235/.local/share/stm32cube/bundles/gnu-tools-for-stm32/14.3.1+st.2/lib/gcc/arm-none-eabi/14.3.1/include/arm_mve.h **** #define vcvtq_m_n_f16_u16(__inactive, __a,  __imm6, __p) __arm_vcvtq_m_n_f16_u16(__inactive, __a,  
 272:/home/min/snap/code/235/.local/share/stm32cube/bundles/gnu-tools-for-stm32/14.3.1+st.2/lib/gcc/arm-none-eabi/14.3.1/include/arm_mve.h **** #define vcvtq_m_n_f16_s16(__inactive, __a,  __imm6, __p) __arm_vcvtq_m_n_f16_s16(__inactive, __a,  
 273:/home/min/snap/code/235/.local/share/stm32cube/bundles/gnu-tools-for-stm32/14.3.1+st.2/lib/gcc/arm-none-eabi/14.3.1/include/arm_mve.h **** #define vcvtq_m_n_f32_u32(__inactive, __a,  __imm6, __p) __arm_vcvtq_m_n_f32_u32(__inactive, __a,  
 274:/home/min/snap/code/235/.local/share/stm32cube/bundles/gnu-tools-for-stm32/14.3.1+st.2/lib/gcc/arm-none-eabi/14.3.1/include/arm_mve.h **** #define vcvtq_m_n_f32_s32(__inactive, __a,  __imm6, __p) __arm_vcvtq_m_n_f32_s32(__inactive, __a,  
 275:/home/min/snap/code/235/.local/share/stm32cube/bundles/gnu-tools-for-stm32/14.3.1+st.2/lib/gcc/arm-none-eabi/14.3.1/include/arm_mve.h **** #define vbicq_m_s8(__inactive, __a, __b, __p) __arm_vbicq_m_s8(__inactive, __a, __b, __p)
 276:/home/min/snap/code/235/.local/share/stm32cube/bundles/gnu-tools-for-stm32/14.3.1+st.2/lib/gcc/arm-none-eabi/14.3.1/include/arm_mve.h **** #define vbicq_m_s32(__inactive, __a, __b, __p) __arm_vbicq_m_s32(__inactive, __a, __b, __p)
 277:/home/min/snap/code/235/.local/share/stm32cube/bundles/gnu-tools-for-stm32/14.3.1+st.2/lib/gcc/arm-none-eabi/14.3.1/include/arm_mve.h **** #define vbicq_m_s16(__inactive, __a, __b, __p) __arm_vbicq_m_s16(__inactive, __a, __b, __p)
 278:/home/min/snap/code/235/.local/share/stm32cube/bundles/gnu-tools-for-stm32/14.3.1+st.2/lib/gcc/arm-none-eabi/14.3.1/include/arm_mve.h **** #define vbicq_m_u8(__inactive, __a, __b, __p) __arm_vbicq_m_u8(__inactive, __a, __b, __p)
 279:/home/min/snap/code/235/.local/share/stm32cube/bundles/gnu-tools-for-stm32/14.3.1+st.2/lib/gcc/arm-none-eabi/14.3.1/include/arm_mve.h **** #define vbicq_m_u32(__inactive, __a, __b, __p) __arm_vbicq_m_u32(__inactive, __a, __b, __p)
 280:/home/min/snap/code/235/.local/share/stm32cube/bundles/gnu-tools-for-stm32/14.3.1+st.2/lib/gcc/arm-none-eabi/14.3.1/include/arm_mve.h **** #define vbicq_m_u16(__inactive, __a, __b, __p) __arm_vbicq_m_u16(__inactive, __a, __b, __p)
 281:/home/min/snap/code/235/.local/share/stm32cube/bundles/gnu-tools-for-stm32/14.3.1+st.2/lib/gcc/arm-none-eabi/14.3.1/include/arm_mve.h **** #define vornq_m_s8(__inactive, __a, __b, __p) __arm_vornq_m_s8(__inactive, __a, __b, __p)
 282:/home/min/snap/code/235/.local/share/stm32cube/bundles/gnu-tools-for-stm32/14.3.1+st.2/lib/gcc/arm-none-eabi/14.3.1/include/arm_mve.h **** #define vornq_m_s32(__inactive, __a, __b, __p) __arm_vornq_m_s32(__inactive, __a, __b, __p)
 283:/home/min/snap/code/235/.local/share/stm32cube/bundles/gnu-tools-for-stm32/14.3.1+st.2/lib/gcc/arm-none-eabi/14.3.1/include/arm_mve.h **** #define vornq_m_s16(__inactive, __a, __b, __p) __arm_vornq_m_s16(__inactive, __a, __b, __p)
 284:/home/min/snap/code/235/.local/share/stm32cube/bundles/gnu-tools-for-stm32/14.3.1+st.2/lib/gcc/arm-none-eabi/14.3.1/include/arm_mve.h **** #define vornq_m_u8(__inactive, __a, __b, __p) __arm_vornq_m_u8(__inactive, __a, __b, __p)
 285:/home/min/snap/code/235/.local/share/stm32cube/bundles/gnu-tools-for-stm32/14.3.1+st.2/lib/gcc/arm-none-eabi/14.3.1/include/arm_mve.h **** #define vornq_m_u32(__inactive, __a, __b, __p) __arm_vornq_m_u32(__inactive, __a, __b, __p)
 286:/home/min/snap/code/235/.local/share/stm32cube/bundles/gnu-tools-for-stm32/14.3.1+st.2/lib/gcc/arm-none-eabi/14.3.1/include/arm_mve.h **** #define vornq_m_u16(__inactive, __a, __b, __p) __arm_vornq_m_u16(__inactive, __a, __b, __p)
 287:/home/min/snap/code/235/.local/share/stm32cube/bundles/gnu-tools-for-stm32/14.3.1+st.2/lib/gcc/arm-none-eabi/14.3.1/include/arm_mve.h **** #define vbicq_m_f32(__inactive, __a, __b, __p) __arm_vbicq_m_f32(__inactive, __a, __b, __p)
 288:/home/min/snap/code/235/.local/share/stm32cube/bundles/gnu-tools-for-stm32/14.3.1+st.2/lib/gcc/arm-none-eabi/14.3.1/include/arm_mve.h **** #define vbicq_m_f16(__inactive, __a, __b, __p) __arm_vbicq_m_f16(__inactive, __a, __b, __p)
 289:/home/min/snap/code/235/.local/share/stm32cube/bundles/gnu-tools-for-stm32/14.3.1+st.2/lib/gcc/arm-none-eabi/14.3.1/include/arm_mve.h **** #define vcvtq_m_n_s32_f32(__inactive, __a,  __imm6, __p) __arm_vcvtq_m_n_s32_f32(__inactive, __a,  
 290:/home/min/snap/code/235/.local/share/stm32cube/bundles/gnu-tools-for-stm32/14.3.1+st.2/lib/gcc/arm-none-eabi/14.3.1/include/arm_mve.h **** #define vcvtq_m_n_s16_f16(__inactive, __a,  __imm6, __p) __arm_vcvtq_m_n_s16_f16(__inactive, __a,  
 291:/home/min/snap/code/235/.local/share/stm32cube/bundles/gnu-tools-for-stm32/14.3.1+st.2/lib/gcc/arm-none-eabi/14.3.1/include/arm_mve.h **** #define vcvtq_m_n_u32_f32(__inactive, __a,  __imm6, __p) __arm_vcvtq_m_n_u32_f32(__inactive, __a,  
 292:/home/min/snap/code/235/.local/share/stm32cube/bundles/gnu-tools-for-stm32/14.3.1+st.2/lib/gcc/arm-none-eabi/14.3.1/include/arm_mve.h **** #define vcvtq_m_n_u16_f16(__inactive, __a,  __imm6, __p) __arm_vcvtq_m_n_u16_f16(__inactive, __a,  
 293:/home/min/snap/code/235/.local/share/stm32cube/bundles/gnu-tools-for-stm32/14.3.1+st.2/lib/gcc/arm-none-eabi/14.3.1/include/arm_mve.h **** #define vornq_m_f32(__inactive, __a, __b, __p) __arm_vornq_m_f32(__inactive, __a, __b, __p)
 294:/home/min/snap/code/235/.local/share/stm32cube/bundles/gnu-tools-for-stm32/14.3.1+st.2/lib/gcc/arm-none-eabi/14.3.1/include/arm_mve.h **** #define vornq_m_f16(__inactive, __a, __b, __p) __arm_vornq_m_f16(__inactive, __a, __b, __p)
 295:/home/min/snap/code/235/.local/share/stm32cube/bundles/gnu-tools-for-stm32/14.3.1+st.2/lib/gcc/arm-none-eabi/14.3.1/include/arm_mve.h **** #define vstrbq_s8( __addr, __value) __arm_vstrbq_s8( __addr, __value)
 296:/home/min/snap/code/235/.local/share/stm32cube/bundles/gnu-tools-for-stm32/14.3.1+st.2/lib/gcc/arm-none-eabi/14.3.1/include/arm_mve.h **** #define vstrbq_u8( __addr, __value) __arm_vstrbq_u8( __addr, __value)
ARM GAS  /tmp/cc1JbEzq.s 			page 8


 297:/home/min/snap/code/235/.local/share/stm32cube/bundles/gnu-tools-for-stm32/14.3.1+st.2/lib/gcc/arm-none-eabi/14.3.1/include/arm_mve.h **** #define vstrbq_u16( __addr, __value) __arm_vstrbq_u16( __addr, __value)
 298:/home/min/snap/code/235/.local/share/stm32cube/bundles/gnu-tools-for-stm32/14.3.1+st.2/lib/gcc/arm-none-eabi/14.3.1/include/arm_mve.h **** #define vstrbq_scatter_offset_s8( __base, __offset, __value) __arm_vstrbq_scatter_offset_s8( __base
 299:/home/min/snap/code/235/.local/share/stm32cube/bundles/gnu-tools-for-stm32/14.3.1+st.2/lib/gcc/arm-none-eabi/14.3.1/include/arm_mve.h **** #define vstrbq_scatter_offset_u8( __base, __offset, __value) __arm_vstrbq_scatter_offset_u8( __base
 300:/home/min/snap/code/235/.local/share/stm32cube/bundles/gnu-tools-for-stm32/14.3.1+st.2/lib/gcc/arm-none-eabi/14.3.1/include/arm_mve.h **** #define vstrbq_scatter_offset_u16( __base, __offset, __value) __arm_vstrbq_scatter_offset_u16( __ba
 301:/home/min/snap/code/235/.local/share/stm32cube/bundles/gnu-tools-for-stm32/14.3.1+st.2/lib/gcc/arm-none-eabi/14.3.1/include/arm_mve.h **** #define vstrbq_s16( __addr, __value) __arm_vstrbq_s16( __addr, __value)
 302:/home/min/snap/code/235/.local/share/stm32cube/bundles/gnu-tools-for-stm32/14.3.1+st.2/lib/gcc/arm-none-eabi/14.3.1/include/arm_mve.h **** #define vstrbq_u32( __addr, __value) __arm_vstrbq_u32( __addr, __value)
 303:/home/min/snap/code/235/.local/share/stm32cube/bundles/gnu-tools-for-stm32/14.3.1+st.2/lib/gcc/arm-none-eabi/14.3.1/include/arm_mve.h **** #define vstrbq_scatter_offset_s16( __base, __offset, __value) __arm_vstrbq_scatter_offset_s16( __ba
 304:/home/min/snap/code/235/.local/share/stm32cube/bundles/gnu-tools-for-stm32/14.3.1+st.2/lib/gcc/arm-none-eabi/14.3.1/include/arm_mve.h **** #define vstrbq_scatter_offset_u32( __base, __offset, __value) __arm_vstrbq_scatter_offset_u32( __ba
 305:/home/min/snap/code/235/.local/share/stm32cube/bundles/gnu-tools-for-stm32/14.3.1+st.2/lib/gcc/arm-none-eabi/14.3.1/include/arm_mve.h **** #define vstrbq_s32( __addr, __value) __arm_vstrbq_s32( __addr, __value)
 306:/home/min/snap/code/235/.local/share/stm32cube/bundles/gnu-tools-for-stm32/14.3.1+st.2/lib/gcc/arm-none-eabi/14.3.1/include/arm_mve.h **** #define vstrbq_scatter_offset_s32( __base, __offset, __value) __arm_vstrbq_scatter_offset_s32( __ba
 307:/home/min/snap/code/235/.local/share/stm32cube/bundles/gnu-tools-for-stm32/14.3.1+st.2/lib/gcc/arm-none-eabi/14.3.1/include/arm_mve.h **** #define vstrwq_scatter_base_s32(__addr,  __offset, __value) __arm_vstrwq_scatter_base_s32(__addr,  
 308:/home/min/snap/code/235/.local/share/stm32cube/bundles/gnu-tools-for-stm32/14.3.1+st.2/lib/gcc/arm-none-eabi/14.3.1/include/arm_mve.h **** #define vstrwq_scatter_base_u32(__addr,  __offset, __value) __arm_vstrwq_scatter_base_u32(__addr,  
 309:/home/min/snap/code/235/.local/share/stm32cube/bundles/gnu-tools-for-stm32/14.3.1+st.2/lib/gcc/arm-none-eabi/14.3.1/include/arm_mve.h **** #define vldrbq_gather_offset_u8(__base, __offset) __arm_vldrbq_gather_offset_u8(__base, __offset)
 310:/home/min/snap/code/235/.local/share/stm32cube/bundles/gnu-tools-for-stm32/14.3.1+st.2/lib/gcc/arm-none-eabi/14.3.1/include/arm_mve.h **** #define vldrbq_gather_offset_s8(__base, __offset) __arm_vldrbq_gather_offset_s8(__base, __offset)
 311:/home/min/snap/code/235/.local/share/stm32cube/bundles/gnu-tools-for-stm32/14.3.1+st.2/lib/gcc/arm-none-eabi/14.3.1/include/arm_mve.h **** #define vldrbq_s8(__base) __arm_vldrbq_s8(__base)
 312:/home/min/snap/code/235/.local/share/stm32cube/bundles/gnu-tools-for-stm32/14.3.1+st.2/lib/gcc/arm-none-eabi/14.3.1/include/arm_mve.h **** #define vldrbq_u8(__base) __arm_vldrbq_u8(__base)
 313:/home/min/snap/code/235/.local/share/stm32cube/bundles/gnu-tools-for-stm32/14.3.1+st.2/lib/gcc/arm-none-eabi/14.3.1/include/arm_mve.h **** #define vldrbq_gather_offset_u16(__base, __offset) __arm_vldrbq_gather_offset_u16(__base, __offset)
 314:/home/min/snap/code/235/.local/share/stm32cube/bundles/gnu-tools-for-stm32/14.3.1+st.2/lib/gcc/arm-none-eabi/14.3.1/include/arm_mve.h **** #define vldrbq_gather_offset_s16(__base, __offset) __arm_vldrbq_gather_offset_s16(__base, __offset)
 315:/home/min/snap/code/235/.local/share/stm32cube/bundles/gnu-tools-for-stm32/14.3.1+st.2/lib/gcc/arm-none-eabi/14.3.1/include/arm_mve.h **** #define vldrbq_s16(__base) __arm_vldrbq_s16(__base)
 316:/home/min/snap/code/235/.local/share/stm32cube/bundles/gnu-tools-for-stm32/14.3.1+st.2/lib/gcc/arm-none-eabi/14.3.1/include/arm_mve.h **** #define vldrbq_u16(__base) __arm_vldrbq_u16(__base)
 317:/home/min/snap/code/235/.local/share/stm32cube/bundles/gnu-tools-for-stm32/14.3.1+st.2/lib/gcc/arm-none-eabi/14.3.1/include/arm_mve.h **** #define vldrbq_gather_offset_u32(__base, __offset) __arm_vldrbq_gather_offset_u32(__base, __offset)
 318:/home/min/snap/code/235/.local/share/stm32cube/bundles/gnu-tools-for-stm32/14.3.1+st.2/lib/gcc/arm-none-eabi/14.3.1/include/arm_mve.h **** #define vldrbq_gather_offset_s32(__base, __offset) __arm_vldrbq_gather_offset_s32(__base, __offset)
 319:/home/min/snap/code/235/.local/share/stm32cube/bundles/gnu-tools-for-stm32/14.3.1+st.2/lib/gcc/arm-none-eabi/14.3.1/include/arm_mve.h **** #define vldrbq_s32(__base) __arm_vldrbq_s32(__base)
 320:/home/min/snap/code/235/.local/share/stm32cube/bundles/gnu-tools-for-stm32/14.3.1+st.2/lib/gcc/arm-none-eabi/14.3.1/include/arm_mve.h **** #define vldrbq_u32(__base) __arm_vldrbq_u32(__base)
 321:/home/min/snap/code/235/.local/share/stm32cube/bundles/gnu-tools-for-stm32/14.3.1+st.2/lib/gcc/arm-none-eabi/14.3.1/include/arm_mve.h **** #define vldrwq_gather_base_s32(__addr,  __offset) __arm_vldrwq_gather_base_s32(__addr,  __offset)
 322:/home/min/snap/code/235/.local/share/stm32cube/bundles/gnu-tools-for-stm32/14.3.1+st.2/lib/gcc/arm-none-eabi/14.3.1/include/arm_mve.h **** #define vldrwq_gather_base_u32(__addr,  __offset) __arm_vldrwq_gather_base_u32(__addr,  __offset)
 323:/home/min/snap/code/235/.local/share/stm32cube/bundles/gnu-tools-for-stm32/14.3.1+st.2/lib/gcc/arm-none-eabi/14.3.1/include/arm_mve.h **** #define vstrbq_p_s8( __addr, __value, __p) __arm_vstrbq_p_s8( __addr, __value, __p)
 324:/home/min/snap/code/235/.local/share/stm32cube/bundles/gnu-tools-for-stm32/14.3.1+st.2/lib/gcc/arm-none-eabi/14.3.1/include/arm_mve.h **** #define vstrbq_p_s32( __addr, __value, __p) __arm_vstrbq_p_s32( __addr, __value, __p)
 325:/home/min/snap/code/235/.local/share/stm32cube/bundles/gnu-tools-for-stm32/14.3.1+st.2/lib/gcc/arm-none-eabi/14.3.1/include/arm_mve.h **** #define vstrbq_p_s16( __addr, __value, __p) __arm_vstrbq_p_s16( __addr, __value, __p)
 326:/home/min/snap/code/235/.local/share/stm32cube/bundles/gnu-tools-for-stm32/14.3.1+st.2/lib/gcc/arm-none-eabi/14.3.1/include/arm_mve.h **** #define vstrbq_p_u8( __addr, __value, __p) __arm_vstrbq_p_u8( __addr, __value, __p)
 327:/home/min/snap/code/235/.local/share/stm32cube/bundles/gnu-tools-for-stm32/14.3.1+st.2/lib/gcc/arm-none-eabi/14.3.1/include/arm_mve.h **** #define vstrbq_p_u32( __addr, __value, __p) __arm_vstrbq_p_u32( __addr, __value, __p)
 328:/home/min/snap/code/235/.local/share/stm32cube/bundles/gnu-tools-for-stm32/14.3.1+st.2/lib/gcc/arm-none-eabi/14.3.1/include/arm_mve.h **** #define vstrbq_p_u16( __addr, __value, __p) __arm_vstrbq_p_u16( __addr, __value, __p)
 329:/home/min/snap/code/235/.local/share/stm32cube/bundles/gnu-tools-for-stm32/14.3.1+st.2/lib/gcc/arm-none-eabi/14.3.1/include/arm_mve.h **** #define vstrbq_scatter_offset_p_s8( __base, __offset, __value, __p) __arm_vstrbq_scatter_offset_p_s
 330:/home/min/snap/code/235/.local/share/stm32cube/bundles/gnu-tools-for-stm32/14.3.1+st.2/lib/gcc/arm-none-eabi/14.3.1/include/arm_mve.h **** #define vstrbq_scatter_offset_p_s32( __base, __offset, __value, __p) __arm_vstrbq_scatter_offset_p_
 331:/home/min/snap/code/235/.local/share/stm32cube/bundles/gnu-tools-for-stm32/14.3.1+st.2/lib/gcc/arm-none-eabi/14.3.1/include/arm_mve.h **** #define vstrbq_scatter_offset_p_s16( __base, __offset, __value, __p) __arm_vstrbq_scatter_offset_p_
 332:/home/min/snap/code/235/.local/share/stm32cube/bundles/gnu-tools-for-stm32/14.3.1+st.2/lib/gcc/arm-none-eabi/14.3.1/include/arm_mve.h **** #define vstrbq_scatter_offset_p_u8( __base, __offset, __value, __p) __arm_vstrbq_scatter_offset_p_u
 333:/home/min/snap/code/235/.local/share/stm32cube/bundles/gnu-tools-for-stm32/14.3.1+st.2/lib/gcc/arm-none-eabi/14.3.1/include/arm_mve.h **** #define vstrbq_scatter_offset_p_u32( __base, __offset, __value, __p) __arm_vstrbq_scatter_offset_p_
 334:/home/min/snap/code/235/.local/share/stm32cube/bundles/gnu-tools-for-stm32/14.3.1+st.2/lib/gcc/arm-none-eabi/14.3.1/include/arm_mve.h **** #define vstrbq_scatter_offset_p_u16( __base, __offset, __value, __p) __arm_vstrbq_scatter_offset_p_
 335:/home/min/snap/code/235/.local/share/stm32cube/bundles/gnu-tools-for-stm32/14.3.1+st.2/lib/gcc/arm-none-eabi/14.3.1/include/arm_mve.h **** #define vstrwq_scatter_base_p_s32(__addr,  __offset, __value, __p) __arm_vstrwq_scatter_base_p_s32(
 336:/home/min/snap/code/235/.local/share/stm32cube/bundles/gnu-tools-for-stm32/14.3.1+st.2/lib/gcc/arm-none-eabi/14.3.1/include/arm_mve.h **** #define vstrwq_scatter_base_p_u32(__addr,  __offset, __value, __p) __arm_vstrwq_scatter_base_p_u32(
 337:/home/min/snap/code/235/.local/share/stm32cube/bundles/gnu-tools-for-stm32/14.3.1+st.2/lib/gcc/arm-none-eabi/14.3.1/include/arm_mve.h **** #define vldrbq_gather_offset_z_s16(__base, __offset, __p) __arm_vldrbq_gather_offset_z_s16(__base, 
 338:/home/min/snap/code/235/.local/share/stm32cube/bundles/gnu-tools-for-stm32/14.3.1+st.2/lib/gcc/arm-none-eabi/14.3.1/include/arm_mve.h **** #define vldrbq_gather_offset_z_u8(__base, __offset, __p) __arm_vldrbq_gather_offset_z_u8(__base, __
 339:/home/min/snap/code/235/.local/share/stm32cube/bundles/gnu-tools-for-stm32/14.3.1+st.2/lib/gcc/arm-none-eabi/14.3.1/include/arm_mve.h **** #define vldrbq_gather_offset_z_s32(__base, __offset, __p) __arm_vldrbq_gather_offset_z_s32(__base, 
 340:/home/min/snap/code/235/.local/share/stm32cube/bundles/gnu-tools-for-stm32/14.3.1+st.2/lib/gcc/arm-none-eabi/14.3.1/include/arm_mve.h **** #define vldrbq_gather_offset_z_u16(__base, __offset, __p) __arm_vldrbq_gather_offset_z_u16(__base, 
 341:/home/min/snap/code/235/.local/share/stm32cube/bundles/gnu-tools-for-stm32/14.3.1+st.2/lib/gcc/arm-none-eabi/14.3.1/include/arm_mve.h **** #define vldrbq_gather_offset_z_u32(__base, __offset, __p) __arm_vldrbq_gather_offset_z_u32(__base, 
 342:/home/min/snap/code/235/.local/share/stm32cube/bundles/gnu-tools-for-stm32/14.3.1+st.2/lib/gcc/arm-none-eabi/14.3.1/include/arm_mve.h **** #define vldrbq_gather_offset_z_s8(__base, __offset, __p) __arm_vldrbq_gather_offset_z_s8(__base, __
 343:/home/min/snap/code/235/.local/share/stm32cube/bundles/gnu-tools-for-stm32/14.3.1+st.2/lib/gcc/arm-none-eabi/14.3.1/include/arm_mve.h **** #define vldrbq_z_s16(__base, __p) __arm_vldrbq_z_s16(__base, __p)
 344:/home/min/snap/code/235/.local/share/stm32cube/bundles/gnu-tools-for-stm32/14.3.1+st.2/lib/gcc/arm-none-eabi/14.3.1/include/arm_mve.h **** #define vldrbq_z_u8(__base, __p) __arm_vldrbq_z_u8(__base, __p)
 345:/home/min/snap/code/235/.local/share/stm32cube/bundles/gnu-tools-for-stm32/14.3.1+st.2/lib/gcc/arm-none-eabi/14.3.1/include/arm_mve.h **** #define vldrbq_z_s8(__base, __p) __arm_vldrbq_z_s8(__base, __p)
 346:/home/min/snap/code/235/.local/share/stm32cube/bundles/gnu-tools-for-stm32/14.3.1+st.2/lib/gcc/arm-none-eabi/14.3.1/include/arm_mve.h **** #define vldrbq_z_s32(__base, __p) __arm_vldrbq_z_s32(__base, __p)
 347:/home/min/snap/code/235/.local/share/stm32cube/bundles/gnu-tools-for-stm32/14.3.1+st.2/lib/gcc/arm-none-eabi/14.3.1/include/arm_mve.h **** #define vldrbq_z_u16(__base, __p) __arm_vldrbq_z_u16(__base, __p)
 348:/home/min/snap/code/235/.local/share/stm32cube/bundles/gnu-tools-for-stm32/14.3.1+st.2/lib/gcc/arm-none-eabi/14.3.1/include/arm_mve.h **** #define vldrbq_z_u32(__base, __p) __arm_vldrbq_z_u32(__base, __p)
 349:/home/min/snap/code/235/.local/share/stm32cube/bundles/gnu-tools-for-stm32/14.3.1+st.2/lib/gcc/arm-none-eabi/14.3.1/include/arm_mve.h **** #define vldrwq_gather_base_z_u32(__addr,  __offset, __p) __arm_vldrwq_gather_base_z_u32(__addr,  __
 350:/home/min/snap/code/235/.local/share/stm32cube/bundles/gnu-tools-for-stm32/14.3.1+st.2/lib/gcc/arm-none-eabi/14.3.1/include/arm_mve.h **** #define vldrwq_gather_base_z_s32(__addr,  __offset, __p) __arm_vldrwq_gather_base_z_s32(__addr,  __
 351:/home/min/snap/code/235/.local/share/stm32cube/bundles/gnu-tools-for-stm32/14.3.1+st.2/lib/gcc/arm-none-eabi/14.3.1/include/arm_mve.h **** #define vldrhq_gather_offset_s32(__base, __offset) __arm_vldrhq_gather_offset_s32(__base, __offset)
 352:/home/min/snap/code/235/.local/share/stm32cube/bundles/gnu-tools-for-stm32/14.3.1+st.2/lib/gcc/arm-none-eabi/14.3.1/include/arm_mve.h **** #define vldrhq_gather_offset_s16(__base, __offset) __arm_vldrhq_gather_offset_s16(__base, __offset)
 353:/home/min/snap/code/235/.local/share/stm32cube/bundles/gnu-tools-for-stm32/14.3.1+st.2/lib/gcc/arm-none-eabi/14.3.1/include/arm_mve.h **** #define vldrhq_gather_offset_u32(__base, __offset) __arm_vldrhq_gather_offset_u32(__base, __offset)
ARM GAS  /tmp/cc1JbEzq.s 			page 9


 354:/home/min/snap/code/235/.local/share/stm32cube/bundles/gnu-tools-for-stm32/14.3.1+st.2/lib/gcc/arm-none-eabi/14.3.1/include/arm_mve.h **** #define vldrhq_gather_offset_u16(__base, __offset) __arm_vldrhq_gather_offset_u16(__base, __offset)
 355:/home/min/snap/code/235/.local/share/stm32cube/bundles/gnu-tools-for-stm32/14.3.1+st.2/lib/gcc/arm-none-eabi/14.3.1/include/arm_mve.h **** #define vldrhq_gather_offset_z_s32(__base, __offset, __p) __arm_vldrhq_gather_offset_z_s32(__base, 
 356:/home/min/snap/code/235/.local/share/stm32cube/bundles/gnu-tools-for-stm32/14.3.1+st.2/lib/gcc/arm-none-eabi/14.3.1/include/arm_mve.h **** #define vldrhq_gather_offset_z_s16(__base, __offset, __p) __arm_vldrhq_gather_offset_z_s16(__base, 
 357:/home/min/snap/code/235/.local/share/stm32cube/bundles/gnu-tools-for-stm32/14.3.1+st.2/lib/gcc/arm-none-eabi/14.3.1/include/arm_mve.h **** #define vldrhq_gather_offset_z_u32(__base, __offset, __p) __arm_vldrhq_gather_offset_z_u32(__base, 
 358:/home/min/snap/code/235/.local/share/stm32cube/bundles/gnu-tools-for-stm32/14.3.1+st.2/lib/gcc/arm-none-eabi/14.3.1/include/arm_mve.h **** #define vldrhq_gather_offset_z_u16(__base, __offset, __p) __arm_vldrhq_gather_offset_z_u16(__base, 
 359:/home/min/snap/code/235/.local/share/stm32cube/bundles/gnu-tools-for-stm32/14.3.1+st.2/lib/gcc/arm-none-eabi/14.3.1/include/arm_mve.h **** #define vldrhq_gather_shifted_offset_s32(__base, __offset) __arm_vldrhq_gather_shifted_offset_s32(_
 360:/home/min/snap/code/235/.local/share/stm32cube/bundles/gnu-tools-for-stm32/14.3.1+st.2/lib/gcc/arm-none-eabi/14.3.1/include/arm_mve.h **** #define vldrhq_gather_shifted_offset_s16(__base, __offset) __arm_vldrhq_gather_shifted_offset_s16(_
 361:/home/min/snap/code/235/.local/share/stm32cube/bundles/gnu-tools-for-stm32/14.3.1+st.2/lib/gcc/arm-none-eabi/14.3.1/include/arm_mve.h **** #define vldrhq_gather_shifted_offset_u32(__base, __offset) __arm_vldrhq_gather_shifted_offset_u32(_
 362:/home/min/snap/code/235/.local/share/stm32cube/bundles/gnu-tools-for-stm32/14.3.1+st.2/lib/gcc/arm-none-eabi/14.3.1/include/arm_mve.h **** #define vldrhq_gather_shifted_offset_u16(__base, __offset) __arm_vldrhq_gather_shifted_offset_u16(_
 363:/home/min/snap/code/235/.local/share/stm32cube/bundles/gnu-tools-for-stm32/14.3.1+st.2/lib/gcc/arm-none-eabi/14.3.1/include/arm_mve.h **** #define vldrhq_gather_shifted_offset_z_s32(__base, __offset, __p) __arm_vldrhq_gather_shifted_offse
 364:/home/min/snap/code/235/.local/share/stm32cube/bundles/gnu-tools-for-stm32/14.3.1+st.2/lib/gcc/arm-none-eabi/14.3.1/include/arm_mve.h **** #define vldrhq_gather_shifted_offset_z_s16(__base, __offset, __p) __arm_vldrhq_gather_shifted_offse
 365:/home/min/snap/code/235/.local/share/stm32cube/bundles/gnu-tools-for-stm32/14.3.1+st.2/lib/gcc/arm-none-eabi/14.3.1/include/arm_mve.h **** #define vldrhq_gather_shifted_offset_z_u32(__base, __offset, __p) __arm_vldrhq_gather_shifted_offse
 366:/home/min/snap/code/235/.local/share/stm32cube/bundles/gnu-tools-for-stm32/14.3.1+st.2/lib/gcc/arm-none-eabi/14.3.1/include/arm_mve.h **** #define vldrhq_gather_shifted_offset_z_u16(__base, __offset, __p) __arm_vldrhq_gather_shifted_offse
 367:/home/min/snap/code/235/.local/share/stm32cube/bundles/gnu-tools-for-stm32/14.3.1+st.2/lib/gcc/arm-none-eabi/14.3.1/include/arm_mve.h **** #define vldrhq_s32(__base) __arm_vldrhq_s32(__base)
 368:/home/min/snap/code/235/.local/share/stm32cube/bundles/gnu-tools-for-stm32/14.3.1+st.2/lib/gcc/arm-none-eabi/14.3.1/include/arm_mve.h **** #define vldrhq_s16(__base) __arm_vldrhq_s16(__base)
 369:/home/min/snap/code/235/.local/share/stm32cube/bundles/gnu-tools-for-stm32/14.3.1+st.2/lib/gcc/arm-none-eabi/14.3.1/include/arm_mve.h **** #define vldrhq_u32(__base) __arm_vldrhq_u32(__base)
 370:/home/min/snap/code/235/.local/share/stm32cube/bundles/gnu-tools-for-stm32/14.3.1+st.2/lib/gcc/arm-none-eabi/14.3.1/include/arm_mve.h **** #define vldrhq_u16(__base) __arm_vldrhq_u16(__base)
 371:/home/min/snap/code/235/.local/share/stm32cube/bundles/gnu-tools-for-stm32/14.3.1+st.2/lib/gcc/arm-none-eabi/14.3.1/include/arm_mve.h **** #define vldrhq_z_s32(__base, __p) __arm_vldrhq_z_s32(__base, __p)
 372:/home/min/snap/code/235/.local/share/stm32cube/bundles/gnu-tools-for-stm32/14.3.1+st.2/lib/gcc/arm-none-eabi/14.3.1/include/arm_mve.h **** #define vldrhq_z_s16(__base, __p) __arm_vldrhq_z_s16(__base, __p)
 373:/home/min/snap/code/235/.local/share/stm32cube/bundles/gnu-tools-for-stm32/14.3.1+st.2/lib/gcc/arm-none-eabi/14.3.1/include/arm_mve.h **** #define vldrhq_z_u32(__base, __p) __arm_vldrhq_z_u32(__base, __p)
 374:/home/min/snap/code/235/.local/share/stm32cube/bundles/gnu-tools-for-stm32/14.3.1+st.2/lib/gcc/arm-none-eabi/14.3.1/include/arm_mve.h **** #define vldrhq_z_u16(__base, __p) __arm_vldrhq_z_u16(__base, __p)
 375:/home/min/snap/code/235/.local/share/stm32cube/bundles/gnu-tools-for-stm32/14.3.1+st.2/lib/gcc/arm-none-eabi/14.3.1/include/arm_mve.h **** #define vldrwq_s32(__base) __arm_vldrwq_s32(__base)
 376:/home/min/snap/code/235/.local/share/stm32cube/bundles/gnu-tools-for-stm32/14.3.1+st.2/lib/gcc/arm-none-eabi/14.3.1/include/arm_mve.h **** #define vldrwq_u32(__base) __arm_vldrwq_u32(__base)
 377:/home/min/snap/code/235/.local/share/stm32cube/bundles/gnu-tools-for-stm32/14.3.1+st.2/lib/gcc/arm-none-eabi/14.3.1/include/arm_mve.h **** #define vldrwq_z_s32(__base, __p) __arm_vldrwq_z_s32(__base, __p)
 378:/home/min/snap/code/235/.local/share/stm32cube/bundles/gnu-tools-for-stm32/14.3.1+st.2/lib/gcc/arm-none-eabi/14.3.1/include/arm_mve.h **** #define vldrwq_z_u32(__base, __p) __arm_vldrwq_z_u32(__base, __p)
 379:/home/min/snap/code/235/.local/share/stm32cube/bundles/gnu-tools-for-stm32/14.3.1+st.2/lib/gcc/arm-none-eabi/14.3.1/include/arm_mve.h **** #define vldrhq_f16(__base) __arm_vldrhq_f16(__base)
 380:/home/min/snap/code/235/.local/share/stm32cube/bundles/gnu-tools-for-stm32/14.3.1+st.2/lib/gcc/arm-none-eabi/14.3.1/include/arm_mve.h **** #define vldrhq_z_f16(__base, __p) __arm_vldrhq_z_f16(__base, __p)
 381:/home/min/snap/code/235/.local/share/stm32cube/bundles/gnu-tools-for-stm32/14.3.1+st.2/lib/gcc/arm-none-eabi/14.3.1/include/arm_mve.h **** #define vldrwq_f32(__base) __arm_vldrwq_f32(__base)
 382:/home/min/snap/code/235/.local/share/stm32cube/bundles/gnu-tools-for-stm32/14.3.1+st.2/lib/gcc/arm-none-eabi/14.3.1/include/arm_mve.h **** #define vldrwq_z_f32(__base, __p) __arm_vldrwq_z_f32(__base, __p)
 383:/home/min/snap/code/235/.local/share/stm32cube/bundles/gnu-tools-for-stm32/14.3.1+st.2/lib/gcc/arm-none-eabi/14.3.1/include/arm_mve.h **** #define vldrdq_gather_base_s64(__addr,  __offset) __arm_vldrdq_gather_base_s64(__addr,  __offset)
 384:/home/min/snap/code/235/.local/share/stm32cube/bundles/gnu-tools-for-stm32/14.3.1+st.2/lib/gcc/arm-none-eabi/14.3.1/include/arm_mve.h **** #define vldrdq_gather_base_u64(__addr,  __offset) __arm_vldrdq_gather_base_u64(__addr,  __offset)
 385:/home/min/snap/code/235/.local/share/stm32cube/bundles/gnu-tools-for-stm32/14.3.1+st.2/lib/gcc/arm-none-eabi/14.3.1/include/arm_mve.h **** #define vldrdq_gather_base_z_s64(__addr,  __offset, __p) __arm_vldrdq_gather_base_z_s64(__addr,  __
 386:/home/min/snap/code/235/.local/share/stm32cube/bundles/gnu-tools-for-stm32/14.3.1+st.2/lib/gcc/arm-none-eabi/14.3.1/include/arm_mve.h **** #define vldrdq_gather_base_z_u64(__addr,  __offset, __p) __arm_vldrdq_gather_base_z_u64(__addr,  __
 387:/home/min/snap/code/235/.local/share/stm32cube/bundles/gnu-tools-for-stm32/14.3.1+st.2/lib/gcc/arm-none-eabi/14.3.1/include/arm_mve.h **** #define vldrdq_gather_offset_s64(__base, __offset) __arm_vldrdq_gather_offset_s64(__base, __offset)
 388:/home/min/snap/code/235/.local/share/stm32cube/bundles/gnu-tools-for-stm32/14.3.1+st.2/lib/gcc/arm-none-eabi/14.3.1/include/arm_mve.h **** #define vldrdq_gather_offset_u64(__base, __offset) __arm_vldrdq_gather_offset_u64(__base, __offset)
 389:/home/min/snap/code/235/.local/share/stm32cube/bundles/gnu-tools-for-stm32/14.3.1+st.2/lib/gcc/arm-none-eabi/14.3.1/include/arm_mve.h **** #define vldrdq_gather_offset_z_s64(__base, __offset, __p) __arm_vldrdq_gather_offset_z_s64(__base, 
 390:/home/min/snap/code/235/.local/share/stm32cube/bundles/gnu-tools-for-stm32/14.3.1+st.2/lib/gcc/arm-none-eabi/14.3.1/include/arm_mve.h **** #define vldrdq_gather_offset_z_u64(__base, __offset, __p) __arm_vldrdq_gather_offset_z_u64(__base, 
 391:/home/min/snap/code/235/.local/share/stm32cube/bundles/gnu-tools-for-stm32/14.3.1+st.2/lib/gcc/arm-none-eabi/14.3.1/include/arm_mve.h **** #define vldrdq_gather_shifted_offset_s64(__base, __offset) __arm_vldrdq_gather_shifted_offset_s64(_
 392:/home/min/snap/code/235/.local/share/stm32cube/bundles/gnu-tools-for-stm32/14.3.1+st.2/lib/gcc/arm-none-eabi/14.3.1/include/arm_mve.h **** #define vldrdq_gather_shifted_offset_u64(__base, __offset) __arm_vldrdq_gather_shifted_offset_u64(_
 393:/home/min/snap/code/235/.local/share/stm32cube/bundles/gnu-tools-for-stm32/14.3.1+st.2/lib/gcc/arm-none-eabi/14.3.1/include/arm_mve.h **** #define vldrdq_gather_shifted_offset_z_s64(__base, __offset, __p) __arm_vldrdq_gather_shifted_offse
 394:/home/min/snap/code/235/.local/share/stm32cube/bundles/gnu-tools-for-stm32/14.3.1+st.2/lib/gcc/arm-none-eabi/14.3.1/include/arm_mve.h **** #define vldrdq_gather_shifted_offset_z_u64(__base, __offset, __p) __arm_vldrdq_gather_shifted_offse
 395:/home/min/snap/code/235/.local/share/stm32cube/bundles/gnu-tools-for-stm32/14.3.1+st.2/lib/gcc/arm-none-eabi/14.3.1/include/arm_mve.h **** #define vldrhq_gather_offset_f16(__base, __offset) __arm_vldrhq_gather_offset_f16(__base, __offset)
 396:/home/min/snap/code/235/.local/share/stm32cube/bundles/gnu-tools-for-stm32/14.3.1+st.2/lib/gcc/arm-none-eabi/14.3.1/include/arm_mve.h **** #define vldrhq_gather_offset_z_f16(__base, __offset, __p) __arm_vldrhq_gather_offset_z_f16(__base, 
 397:/home/min/snap/code/235/.local/share/stm32cube/bundles/gnu-tools-for-stm32/14.3.1+st.2/lib/gcc/arm-none-eabi/14.3.1/include/arm_mve.h **** #define vldrhq_gather_shifted_offset_f16(__base, __offset) __arm_vldrhq_gather_shifted_offset_f16(_
 398:/home/min/snap/code/235/.local/share/stm32cube/bundles/gnu-tools-for-stm32/14.3.1+st.2/lib/gcc/arm-none-eabi/14.3.1/include/arm_mve.h **** #define vldrhq_gather_shifted_offset_z_f16(__base, __offset, __p) __arm_vldrhq_gather_shifted_offse
 399:/home/min/snap/code/235/.local/share/stm32cube/bundles/gnu-tools-for-stm32/14.3.1+st.2/lib/gcc/arm-none-eabi/14.3.1/include/arm_mve.h **** #define vldrwq_gather_base_f32(__addr,  __offset) __arm_vldrwq_gather_base_f32(__addr,  __offset)
 400:/home/min/snap/code/235/.local/share/stm32cube/bundles/gnu-tools-for-stm32/14.3.1+st.2/lib/gcc/arm-none-eabi/14.3.1/include/arm_mve.h **** #define vldrwq_gather_base_z_f32(__addr,  __offset, __p) __arm_vldrwq_gather_base_z_f32(__addr,  __
 401:/home/min/snap/code/235/.local/share/stm32cube/bundles/gnu-tools-for-stm32/14.3.1+st.2/lib/gcc/arm-none-eabi/14.3.1/include/arm_mve.h **** #define vldrwq_gather_offset_f32(__base, __offset) __arm_vldrwq_gather_offset_f32(__base, __offset)
 402:/home/min/snap/code/235/.local/share/stm32cube/bundles/gnu-tools-for-stm32/14.3.1+st.2/lib/gcc/arm-none-eabi/14.3.1/include/arm_mve.h **** #define vldrwq_gather_offset_s32(__base, __offset) __arm_vldrwq_gather_offset_s32(__base, __offset)
 403:/home/min/snap/code/235/.local/share/stm32cube/bundles/gnu-tools-for-stm32/14.3.1+st.2/lib/gcc/arm-none-eabi/14.3.1/include/arm_mve.h **** #define vldrwq_gather_offset_u32(__base, __offset) __arm_vldrwq_gather_offset_u32(__base, __offset)
 404:/home/min/snap/code/235/.local/share/stm32cube/bundles/gnu-tools-for-stm32/14.3.1+st.2/lib/gcc/arm-none-eabi/14.3.1/include/arm_mve.h **** #define vldrwq_gather_offset_z_f32(__base, __offset, __p) __arm_vldrwq_gather_offset_z_f32(__base, 
 405:/home/min/snap/code/235/.local/share/stm32cube/bundles/gnu-tools-for-stm32/14.3.1+st.2/lib/gcc/arm-none-eabi/14.3.1/include/arm_mve.h **** #define vldrwq_gather_offset_z_s32(__base, __offset, __p) __arm_vldrwq_gather_offset_z_s32(__base, 
 406:/home/min/snap/code/235/.local/share/stm32cube/bundles/gnu-tools-for-stm32/14.3.1+st.2/lib/gcc/arm-none-eabi/14.3.1/include/arm_mve.h **** #define vldrwq_gather_offset_z_u32(__base, __offset, __p) __arm_vldrwq_gather_offset_z_u32(__base, 
 407:/home/min/snap/code/235/.local/share/stm32cube/bundles/gnu-tools-for-stm32/14.3.1+st.2/lib/gcc/arm-none-eabi/14.3.1/include/arm_mve.h **** #define vldrwq_gather_shifted_offset_f32(__base, __offset) __arm_vldrwq_gather_shifted_offset_f32(_
 408:/home/min/snap/code/235/.local/share/stm32cube/bundles/gnu-tools-for-stm32/14.3.1+st.2/lib/gcc/arm-none-eabi/14.3.1/include/arm_mve.h **** #define vldrwq_gather_shifted_offset_s32(__base, __offset) __arm_vldrwq_gather_shifted_offset_s32(_
 409:/home/min/snap/code/235/.local/share/stm32cube/bundles/gnu-tools-for-stm32/14.3.1+st.2/lib/gcc/arm-none-eabi/14.3.1/include/arm_mve.h **** #define vldrwq_gather_shifted_offset_u32(__base, __offset) __arm_vldrwq_gather_shifted_offset_u32(_
 410:/home/min/snap/code/235/.local/share/stm32cube/bundles/gnu-tools-for-stm32/14.3.1+st.2/lib/gcc/arm-none-eabi/14.3.1/include/arm_mve.h **** #define vldrwq_gather_shifted_offset_z_f32(__base, __offset, __p) __arm_vldrwq_gather_shifted_offse
ARM GAS  /tmp/cc1JbEzq.s 			page 10


 411:/home/min/snap/code/235/.local/share/stm32cube/bundles/gnu-tools-for-stm32/14.3.1+st.2/lib/gcc/arm-none-eabi/14.3.1/include/arm_mve.h **** #define vldrwq_gather_shifted_offset_z_s32(__base, __offset, __p) __arm_vldrwq_gather_shifted_offse
 412:/home/min/snap/code/235/.local/share/stm32cube/bundles/gnu-tools-for-stm32/14.3.1+st.2/lib/gcc/arm-none-eabi/14.3.1/include/arm_mve.h **** #define vldrwq_gather_shifted_offset_z_u32(__base, __offset, __p) __arm_vldrwq_gather_shifted_offse
 413:/home/min/snap/code/235/.local/share/stm32cube/bundles/gnu-tools-for-stm32/14.3.1+st.2/lib/gcc/arm-none-eabi/14.3.1/include/arm_mve.h **** #define vstrhq_f16(__addr, __value) __arm_vstrhq_f16(__addr, __value)
 414:/home/min/snap/code/235/.local/share/stm32cube/bundles/gnu-tools-for-stm32/14.3.1+st.2/lib/gcc/arm-none-eabi/14.3.1/include/arm_mve.h **** #define vstrhq_scatter_offset_s32( __base, __offset, __value) __arm_vstrhq_scatter_offset_s32( __ba
 415:/home/min/snap/code/235/.local/share/stm32cube/bundles/gnu-tools-for-stm32/14.3.1+st.2/lib/gcc/arm-none-eabi/14.3.1/include/arm_mve.h **** #define vstrhq_scatter_offset_s16( __base, __offset, __value) __arm_vstrhq_scatter_offset_s16( __ba
 416:/home/min/snap/code/235/.local/share/stm32cube/bundles/gnu-tools-for-stm32/14.3.1+st.2/lib/gcc/arm-none-eabi/14.3.1/include/arm_mve.h **** #define vstrhq_scatter_offset_u32( __base, __offset, __value) __arm_vstrhq_scatter_offset_u32( __ba
 417:/home/min/snap/code/235/.local/share/stm32cube/bundles/gnu-tools-for-stm32/14.3.1+st.2/lib/gcc/arm-none-eabi/14.3.1/include/arm_mve.h **** #define vstrhq_scatter_offset_u16( __base, __offset, __value) __arm_vstrhq_scatter_offset_u16( __ba
 418:/home/min/snap/code/235/.local/share/stm32cube/bundles/gnu-tools-for-stm32/14.3.1+st.2/lib/gcc/arm-none-eabi/14.3.1/include/arm_mve.h **** #define vstrhq_scatter_offset_p_s32( __base, __offset, __value, __p) __arm_vstrhq_scatter_offset_p_
 419:/home/min/snap/code/235/.local/share/stm32cube/bundles/gnu-tools-for-stm32/14.3.1+st.2/lib/gcc/arm-none-eabi/14.3.1/include/arm_mve.h **** #define vstrhq_scatter_offset_p_s16( __base, __offset, __value, __p) __arm_vstrhq_scatter_offset_p_
 420:/home/min/snap/code/235/.local/share/stm32cube/bundles/gnu-tools-for-stm32/14.3.1+st.2/lib/gcc/arm-none-eabi/14.3.1/include/arm_mve.h **** #define vstrhq_scatter_offset_p_u32( __base, __offset, __value, __p) __arm_vstrhq_scatter_offset_p_
 421:/home/min/snap/code/235/.local/share/stm32cube/bundles/gnu-tools-for-stm32/14.3.1+st.2/lib/gcc/arm-none-eabi/14.3.1/include/arm_mve.h **** #define vstrhq_scatter_offset_p_u16( __base, __offset, __value, __p) __arm_vstrhq_scatter_offset_p_
 422:/home/min/snap/code/235/.local/share/stm32cube/bundles/gnu-tools-for-stm32/14.3.1+st.2/lib/gcc/arm-none-eabi/14.3.1/include/arm_mve.h **** #define vstrhq_scatter_shifted_offset_s32( __base, __offset, __value) __arm_vstrhq_scatter_shifted_
 423:/home/min/snap/code/235/.local/share/stm32cube/bundles/gnu-tools-for-stm32/14.3.1+st.2/lib/gcc/arm-none-eabi/14.3.1/include/arm_mve.h **** #define vstrhq_scatter_shifted_offset_s16( __base, __offset, __value) __arm_vstrhq_scatter_shifted_
 424:/home/min/snap/code/235/.local/share/stm32cube/bundles/gnu-tools-for-stm32/14.3.1+st.2/lib/gcc/arm-none-eabi/14.3.1/include/arm_mve.h **** #define vstrhq_scatter_shifted_offset_u32( __base, __offset, __value) __arm_vstrhq_scatter_shifted_
 425:/home/min/snap/code/235/.local/share/stm32cube/bundles/gnu-tools-for-stm32/14.3.1+st.2/lib/gcc/arm-none-eabi/14.3.1/include/arm_mve.h **** #define vstrhq_scatter_shifted_offset_u16( __base, __offset, __value) __arm_vstrhq_scatter_shifted_
 426:/home/min/snap/code/235/.local/share/stm32cube/bundles/gnu-tools-for-stm32/14.3.1+st.2/lib/gcc/arm-none-eabi/14.3.1/include/arm_mve.h **** #define vstrhq_scatter_shifted_offset_p_s32( __base, __offset, __value, __p) __arm_vstrhq_scatter_s
 427:/home/min/snap/code/235/.local/share/stm32cube/bundles/gnu-tools-for-stm32/14.3.1+st.2/lib/gcc/arm-none-eabi/14.3.1/include/arm_mve.h **** #define vstrhq_scatter_shifted_offset_p_s16( __base, __offset, __value, __p) __arm_vstrhq_scatter_s
 428:/home/min/snap/code/235/.local/share/stm32cube/bundles/gnu-tools-for-stm32/14.3.1+st.2/lib/gcc/arm-none-eabi/14.3.1/include/arm_mve.h **** #define vstrhq_scatter_shifted_offset_p_u32( __base, __offset, __value, __p) __arm_vstrhq_scatter_s
 429:/home/min/snap/code/235/.local/share/stm32cube/bundles/gnu-tools-for-stm32/14.3.1+st.2/lib/gcc/arm-none-eabi/14.3.1/include/arm_mve.h **** #define vstrhq_scatter_shifted_offset_p_u16( __base, __offset, __value, __p) __arm_vstrhq_scatter_s
 430:/home/min/snap/code/235/.local/share/stm32cube/bundles/gnu-tools-for-stm32/14.3.1+st.2/lib/gcc/arm-none-eabi/14.3.1/include/arm_mve.h **** #define vstrhq_s32(__addr, __value) __arm_vstrhq_s32(__addr, __value)
 431:/home/min/snap/code/235/.local/share/stm32cube/bundles/gnu-tools-for-stm32/14.3.1+st.2/lib/gcc/arm-none-eabi/14.3.1/include/arm_mve.h **** #define vstrhq_s16(__addr, __value) __arm_vstrhq_s16(__addr, __value)
 432:/home/min/snap/code/235/.local/share/stm32cube/bundles/gnu-tools-for-stm32/14.3.1+st.2/lib/gcc/arm-none-eabi/14.3.1/include/arm_mve.h **** #define vstrhq_u32(__addr, __value) __arm_vstrhq_u32(__addr, __value)
 433:/home/min/snap/code/235/.local/share/stm32cube/bundles/gnu-tools-for-stm32/14.3.1+st.2/lib/gcc/arm-none-eabi/14.3.1/include/arm_mve.h **** #define vstrhq_u16(__addr, __value) __arm_vstrhq_u16(__addr, __value)
 434:/home/min/snap/code/235/.local/share/stm32cube/bundles/gnu-tools-for-stm32/14.3.1+st.2/lib/gcc/arm-none-eabi/14.3.1/include/arm_mve.h **** #define vstrhq_p_f16(__addr, __value, __p) __arm_vstrhq_p_f16(__addr, __value, __p)
 435:/home/min/snap/code/235/.local/share/stm32cube/bundles/gnu-tools-for-stm32/14.3.1+st.2/lib/gcc/arm-none-eabi/14.3.1/include/arm_mve.h **** #define vstrhq_p_s32(__addr, __value, __p) __arm_vstrhq_p_s32(__addr, __value, __p)
 436:/home/min/snap/code/235/.local/share/stm32cube/bundles/gnu-tools-for-stm32/14.3.1+st.2/lib/gcc/arm-none-eabi/14.3.1/include/arm_mve.h **** #define vstrhq_p_s16(__addr, __value, __p) __arm_vstrhq_p_s16(__addr, __value, __p)
 437:/home/min/snap/code/235/.local/share/stm32cube/bundles/gnu-tools-for-stm32/14.3.1+st.2/lib/gcc/arm-none-eabi/14.3.1/include/arm_mve.h **** #define vstrhq_p_u32(__addr, __value, __p) __arm_vstrhq_p_u32(__addr, __value, __p)
 438:/home/min/snap/code/235/.local/share/stm32cube/bundles/gnu-tools-for-stm32/14.3.1+st.2/lib/gcc/arm-none-eabi/14.3.1/include/arm_mve.h **** #define vstrhq_p_u16(__addr, __value, __p) __arm_vstrhq_p_u16(__addr, __value, __p)
 439:/home/min/snap/code/235/.local/share/stm32cube/bundles/gnu-tools-for-stm32/14.3.1+st.2/lib/gcc/arm-none-eabi/14.3.1/include/arm_mve.h **** #define vstrwq_f32(__addr, __value) __arm_vstrwq_f32(__addr, __value)
 440:/home/min/snap/code/235/.local/share/stm32cube/bundles/gnu-tools-for-stm32/14.3.1+st.2/lib/gcc/arm-none-eabi/14.3.1/include/arm_mve.h **** #define vstrwq_s32(__addr, __value) __arm_vstrwq_s32(__addr, __value)
 441:/home/min/snap/code/235/.local/share/stm32cube/bundles/gnu-tools-for-stm32/14.3.1+st.2/lib/gcc/arm-none-eabi/14.3.1/include/arm_mve.h **** #define vstrwq_u32(__addr, __value) __arm_vstrwq_u32(__addr, __value)
 442:/home/min/snap/code/235/.local/share/stm32cube/bundles/gnu-tools-for-stm32/14.3.1+st.2/lib/gcc/arm-none-eabi/14.3.1/include/arm_mve.h **** #define vstrwq_p_f32(__addr, __value, __p) __arm_vstrwq_p_f32(__addr, __value, __p)
 443:/home/min/snap/code/235/.local/share/stm32cube/bundles/gnu-tools-for-stm32/14.3.1+st.2/lib/gcc/arm-none-eabi/14.3.1/include/arm_mve.h **** #define vstrwq_p_s32(__addr, __value, __p) __arm_vstrwq_p_s32(__addr, __value, __p)
 444:/home/min/snap/code/235/.local/share/stm32cube/bundles/gnu-tools-for-stm32/14.3.1+st.2/lib/gcc/arm-none-eabi/14.3.1/include/arm_mve.h **** #define vstrwq_p_u32(__addr, __value, __p) __arm_vstrwq_p_u32(__addr, __value, __p)
 445:/home/min/snap/code/235/.local/share/stm32cube/bundles/gnu-tools-for-stm32/14.3.1+st.2/lib/gcc/arm-none-eabi/14.3.1/include/arm_mve.h **** #define vstrdq_scatter_base_p_s64(__addr, __offset, __value, __p) __arm_vstrdq_scatter_base_p_s64(_
 446:/home/min/snap/code/235/.local/share/stm32cube/bundles/gnu-tools-for-stm32/14.3.1+st.2/lib/gcc/arm-none-eabi/14.3.1/include/arm_mve.h **** #define vstrdq_scatter_base_p_u64(__addr, __offset, __value, __p) __arm_vstrdq_scatter_base_p_u64(_
 447:/home/min/snap/code/235/.local/share/stm32cube/bundles/gnu-tools-for-stm32/14.3.1+st.2/lib/gcc/arm-none-eabi/14.3.1/include/arm_mve.h **** #define vstrdq_scatter_base_s64(__addr, __offset, __value) __arm_vstrdq_scatter_base_s64(__addr, __
 448:/home/min/snap/code/235/.local/share/stm32cube/bundles/gnu-tools-for-stm32/14.3.1+st.2/lib/gcc/arm-none-eabi/14.3.1/include/arm_mve.h **** #define vstrdq_scatter_base_u64(__addr, __offset, __value) __arm_vstrdq_scatter_base_u64(__addr, __
 449:/home/min/snap/code/235/.local/share/stm32cube/bundles/gnu-tools-for-stm32/14.3.1+st.2/lib/gcc/arm-none-eabi/14.3.1/include/arm_mve.h **** #define vstrdq_scatter_offset_p_s64(__base, __offset, __value, __p) __arm_vstrdq_scatter_offset_p_s
 450:/home/min/snap/code/235/.local/share/stm32cube/bundles/gnu-tools-for-stm32/14.3.1+st.2/lib/gcc/arm-none-eabi/14.3.1/include/arm_mve.h **** #define vstrdq_scatter_offset_p_u64(__base, __offset, __value, __p) __arm_vstrdq_scatter_offset_p_u
 451:/home/min/snap/code/235/.local/share/stm32cube/bundles/gnu-tools-for-stm32/14.3.1+st.2/lib/gcc/arm-none-eabi/14.3.1/include/arm_mve.h **** #define vstrdq_scatter_offset_s64(__base, __offset, __value) __arm_vstrdq_scatter_offset_s64(__base
 452:/home/min/snap/code/235/.local/share/stm32cube/bundles/gnu-tools-for-stm32/14.3.1+st.2/lib/gcc/arm-none-eabi/14.3.1/include/arm_mve.h **** #define vstrdq_scatter_offset_u64(__base, __offset, __value) __arm_vstrdq_scatter_offset_u64(__base
 453:/home/min/snap/code/235/.local/share/stm32cube/bundles/gnu-tools-for-stm32/14.3.1+st.2/lib/gcc/arm-none-eabi/14.3.1/include/arm_mve.h **** #define vstrdq_scatter_shifted_offset_p_s64(__base, __offset, __value, __p) __arm_vstrdq_scatter_sh
 454:/home/min/snap/code/235/.local/share/stm32cube/bundles/gnu-tools-for-stm32/14.3.1+st.2/lib/gcc/arm-none-eabi/14.3.1/include/arm_mve.h **** #define vstrdq_scatter_shifted_offset_p_u64(__base, __offset, __value, __p) __arm_vstrdq_scatter_sh
 455:/home/min/snap/code/235/.local/share/stm32cube/bundles/gnu-tools-for-stm32/14.3.1+st.2/lib/gcc/arm-none-eabi/14.3.1/include/arm_mve.h **** #define vstrdq_scatter_shifted_offset_s64(__base, __offset, __value) __arm_vstrdq_scatter_shifted_o
 456:/home/min/snap/code/235/.local/share/stm32cube/bundles/gnu-tools-for-stm32/14.3.1+st.2/lib/gcc/arm-none-eabi/14.3.1/include/arm_mve.h **** #define vstrdq_scatter_shifted_offset_u64(__base, __offset, __value) __arm_vstrdq_scatter_shifted_o
 457:/home/min/snap/code/235/.local/share/stm32cube/bundles/gnu-tools-for-stm32/14.3.1+st.2/lib/gcc/arm-none-eabi/14.3.1/include/arm_mve.h **** #define vstrhq_scatter_offset_f16(__base, __offset, __value) __arm_vstrhq_scatter_offset_f16(__base
 458:/home/min/snap/code/235/.local/share/stm32cube/bundles/gnu-tools-for-stm32/14.3.1+st.2/lib/gcc/arm-none-eabi/14.3.1/include/arm_mve.h **** #define vstrhq_scatter_offset_p_f16(__base, __offset, __value, __p) __arm_vstrhq_scatter_offset_p_f
 459:/home/min/snap/code/235/.local/share/stm32cube/bundles/gnu-tools-for-stm32/14.3.1+st.2/lib/gcc/arm-none-eabi/14.3.1/include/arm_mve.h **** #define vstrhq_scatter_shifted_offset_f16(__base, __offset, __value) __arm_vstrhq_scatter_shifted_o
 460:/home/min/snap/code/235/.local/share/stm32cube/bundles/gnu-tools-for-stm32/14.3.1+st.2/lib/gcc/arm-none-eabi/14.3.1/include/arm_mve.h **** #define vstrhq_scatter_shifted_offset_p_f16(__base, __offset, __value, __p) __arm_vstrhq_scatter_sh
 461:/home/min/snap/code/235/.local/share/stm32cube/bundles/gnu-tools-for-stm32/14.3.1+st.2/lib/gcc/arm-none-eabi/14.3.1/include/arm_mve.h **** #define vstrwq_scatter_base_f32(__addr, __offset, __value) __arm_vstrwq_scatter_base_f32(__addr, __
 462:/home/min/snap/code/235/.local/share/stm32cube/bundles/gnu-tools-for-stm32/14.3.1+st.2/lib/gcc/arm-none-eabi/14.3.1/include/arm_mve.h **** #define vstrwq_scatter_base_p_f32(__addr, __offset, __value, __p) __arm_vstrwq_scatter_base_p_f32(_
 463:/home/min/snap/code/235/.local/share/stm32cube/bundles/gnu-tools-for-stm32/14.3.1+st.2/lib/gcc/arm-none-eabi/14.3.1/include/arm_mve.h **** #define vstrwq_scatter_offset_f32(__base, __offset, __value) __arm_vstrwq_scatter_offset_f32(__base
 464:/home/min/snap/code/235/.local/share/stm32cube/bundles/gnu-tools-for-stm32/14.3.1+st.2/lib/gcc/arm-none-eabi/14.3.1/include/arm_mve.h **** #define vstrwq_scatter_offset_p_f32(__base, __offset, __value, __p) __arm_vstrwq_scatter_offset_p_f
 465:/home/min/snap/code/235/.local/share/stm32cube/bundles/gnu-tools-for-stm32/14.3.1+st.2/lib/gcc/arm-none-eabi/14.3.1/include/arm_mve.h **** #define vstrwq_scatter_offset_p_s32(__base, __offset, __value, __p) __arm_vstrwq_scatter_offset_p_s
 466:/home/min/snap/code/235/.local/share/stm32cube/bundles/gnu-tools-for-stm32/14.3.1+st.2/lib/gcc/arm-none-eabi/14.3.1/include/arm_mve.h **** #define vstrwq_scatter_offset_p_u32(__base, __offset, __value, __p) __arm_vstrwq_scatter_offset_p_u
 467:/home/min/snap/code/235/.local/share/stm32cube/bundles/gnu-tools-for-stm32/14.3.1+st.2/lib/gcc/arm-none-eabi/14.3.1/include/arm_mve.h **** #define vstrwq_scatter_offset_s32(__base, __offset, __value) __arm_vstrwq_scatter_offset_s32(__base
ARM GAS  /tmp/cc1JbEzq.s 			page 11


 468:/home/min/snap/code/235/.local/share/stm32cube/bundles/gnu-tools-for-stm32/14.3.1+st.2/lib/gcc/arm-none-eabi/14.3.1/include/arm_mve.h **** #define vstrwq_scatter_offset_u32(__base, __offset, __value) __arm_vstrwq_scatter_offset_u32(__base
 469:/home/min/snap/code/235/.local/share/stm32cube/bundles/gnu-tools-for-stm32/14.3.1+st.2/lib/gcc/arm-none-eabi/14.3.1/include/arm_mve.h **** #define vstrwq_scatter_shifted_offset_f32(__base, __offset, __value) __arm_vstrwq_scatter_shifted_o
 470:/home/min/snap/code/235/.local/share/stm32cube/bundles/gnu-tools-for-stm32/14.3.1+st.2/lib/gcc/arm-none-eabi/14.3.1/include/arm_mve.h **** #define vstrwq_scatter_shifted_offset_p_f32(__base, __offset, __value, __p) __arm_vstrwq_scatter_sh
 471:/home/min/snap/code/235/.local/share/stm32cube/bundles/gnu-tools-for-stm32/14.3.1+st.2/lib/gcc/arm-none-eabi/14.3.1/include/arm_mve.h **** #define vstrwq_scatter_shifted_offset_p_s32(__base, __offset, __value, __p) __arm_vstrwq_scatter_sh
 472:/home/min/snap/code/235/.local/share/stm32cube/bundles/gnu-tools-for-stm32/14.3.1+st.2/lib/gcc/arm-none-eabi/14.3.1/include/arm_mve.h **** #define vstrwq_scatter_shifted_offset_p_u32(__base, __offset, __value, __p) __arm_vstrwq_scatter_sh
 473:/home/min/snap/code/235/.local/share/stm32cube/bundles/gnu-tools-for-stm32/14.3.1+st.2/lib/gcc/arm-none-eabi/14.3.1/include/arm_mve.h **** #define vstrwq_scatter_shifted_offset_s32(__base, __offset, __value) __arm_vstrwq_scatter_shifted_o
 474:/home/min/snap/code/235/.local/share/stm32cube/bundles/gnu-tools-for-stm32/14.3.1+st.2/lib/gcc/arm-none-eabi/14.3.1/include/arm_mve.h **** #define vstrwq_scatter_shifted_offset_u32(__base, __offset, __value) __arm_vstrwq_scatter_shifted_o
 475:/home/min/snap/code/235/.local/share/stm32cube/bundles/gnu-tools-for-stm32/14.3.1+st.2/lib/gcc/arm-none-eabi/14.3.1/include/arm_mve.h **** #define vuninitializedq_u8(void) __arm_vuninitializedq_u8(void)
 476:/home/min/snap/code/235/.local/share/stm32cube/bundles/gnu-tools-for-stm32/14.3.1+st.2/lib/gcc/arm-none-eabi/14.3.1/include/arm_mve.h **** #define vuninitializedq_u16(void) __arm_vuninitializedq_u16(void)
 477:/home/min/snap/code/235/.local/share/stm32cube/bundles/gnu-tools-for-stm32/14.3.1+st.2/lib/gcc/arm-none-eabi/14.3.1/include/arm_mve.h **** #define vuninitializedq_u32(void) __arm_vuninitializedq_u32(void)
 478:/home/min/snap/code/235/.local/share/stm32cube/bundles/gnu-tools-for-stm32/14.3.1+st.2/lib/gcc/arm-none-eabi/14.3.1/include/arm_mve.h **** #define vuninitializedq_u64(void) __arm_vuninitializedq_u64(void)
 479:/home/min/snap/code/235/.local/share/stm32cube/bundles/gnu-tools-for-stm32/14.3.1+st.2/lib/gcc/arm-none-eabi/14.3.1/include/arm_mve.h **** #define vuninitializedq_s8(void) __arm_vuninitializedq_s8(void)
 480:/home/min/snap/code/235/.local/share/stm32cube/bundles/gnu-tools-for-stm32/14.3.1+st.2/lib/gcc/arm-none-eabi/14.3.1/include/arm_mve.h **** #define vuninitializedq_s16(void) __arm_vuninitializedq_s16(void)
 481:/home/min/snap/code/235/.local/share/stm32cube/bundles/gnu-tools-for-stm32/14.3.1+st.2/lib/gcc/arm-none-eabi/14.3.1/include/arm_mve.h **** #define vuninitializedq_s32(void) __arm_vuninitializedq_s32(void)
 482:/home/min/snap/code/235/.local/share/stm32cube/bundles/gnu-tools-for-stm32/14.3.1+st.2/lib/gcc/arm-none-eabi/14.3.1/include/arm_mve.h **** #define vuninitializedq_s64(void) __arm_vuninitializedq_s64(void)
 483:/home/min/snap/code/235/.local/share/stm32cube/bundles/gnu-tools-for-stm32/14.3.1+st.2/lib/gcc/arm-none-eabi/14.3.1/include/arm_mve.h **** #define vuninitializedq_f16(void) __arm_vuninitializedq_f16(void)
 484:/home/min/snap/code/235/.local/share/stm32cube/bundles/gnu-tools-for-stm32/14.3.1+st.2/lib/gcc/arm-none-eabi/14.3.1/include/arm_mve.h **** #define vuninitializedq_f32(void) __arm_vuninitializedq_f32(void)
 485:/home/min/snap/code/235/.local/share/stm32cube/bundles/gnu-tools-for-stm32/14.3.1+st.2/lib/gcc/arm-none-eabi/14.3.1/include/arm_mve.h **** #define vddupq_m_n_u8(__inactive, __a,  __imm, __p) __arm_vddupq_m_n_u8(__inactive, __a,  __imm, __
 486:/home/min/snap/code/235/.local/share/stm32cube/bundles/gnu-tools-for-stm32/14.3.1+st.2/lib/gcc/arm-none-eabi/14.3.1/include/arm_mve.h **** #define vddupq_m_n_u32(__inactive, __a,  __imm, __p) __arm_vddupq_m_n_u32(__inactive, __a,  __imm, 
 487:/home/min/snap/code/235/.local/share/stm32cube/bundles/gnu-tools-for-stm32/14.3.1+st.2/lib/gcc/arm-none-eabi/14.3.1/include/arm_mve.h **** #define vddupq_m_n_u16(__inactive, __a,  __imm, __p) __arm_vddupq_m_n_u16(__inactive, __a,  __imm, 
 488:/home/min/snap/code/235/.local/share/stm32cube/bundles/gnu-tools-for-stm32/14.3.1+st.2/lib/gcc/arm-none-eabi/14.3.1/include/arm_mve.h **** #define vddupq_m_wb_u8(__inactive,  __a,  __imm, __p) __arm_vddupq_m_wb_u8(__inactive,  __a,  __imm
 489:/home/min/snap/code/235/.local/share/stm32cube/bundles/gnu-tools-for-stm32/14.3.1+st.2/lib/gcc/arm-none-eabi/14.3.1/include/arm_mve.h **** #define vddupq_m_wb_u16(__inactive,  __a,  __imm, __p) __arm_vddupq_m_wb_u16(__inactive,  __a,  __i
 490:/home/min/snap/code/235/.local/share/stm32cube/bundles/gnu-tools-for-stm32/14.3.1+st.2/lib/gcc/arm-none-eabi/14.3.1/include/arm_mve.h **** #define vddupq_m_wb_u32(__inactive,  __a,  __imm, __p) __arm_vddupq_m_wb_u32(__inactive,  __a,  __i
 491:/home/min/snap/code/235/.local/share/stm32cube/bundles/gnu-tools-for-stm32/14.3.1+st.2/lib/gcc/arm-none-eabi/14.3.1/include/arm_mve.h **** #define vddupq_n_u8(__a,  __imm) __arm_vddupq_n_u8(__a,  __imm)
 492:/home/min/snap/code/235/.local/share/stm32cube/bundles/gnu-tools-for-stm32/14.3.1+st.2/lib/gcc/arm-none-eabi/14.3.1/include/arm_mve.h **** #define vddupq_n_u32(__a,  __imm) __arm_vddupq_n_u32(__a,  __imm)
 493:/home/min/snap/code/235/.local/share/stm32cube/bundles/gnu-tools-for-stm32/14.3.1+st.2/lib/gcc/arm-none-eabi/14.3.1/include/arm_mve.h **** #define vddupq_n_u16(__a,  __imm) __arm_vddupq_n_u16(__a,  __imm)
 494:/home/min/snap/code/235/.local/share/stm32cube/bundles/gnu-tools-for-stm32/14.3.1+st.2/lib/gcc/arm-none-eabi/14.3.1/include/arm_mve.h **** #define vddupq_wb_u8( __a,  __imm) __arm_vddupq_wb_u8( __a,  __imm)
 495:/home/min/snap/code/235/.local/share/stm32cube/bundles/gnu-tools-for-stm32/14.3.1+st.2/lib/gcc/arm-none-eabi/14.3.1/include/arm_mve.h **** #define vddupq_wb_u16( __a,  __imm) __arm_vddupq_wb_u16( __a,  __imm)
 496:/home/min/snap/code/235/.local/share/stm32cube/bundles/gnu-tools-for-stm32/14.3.1+st.2/lib/gcc/arm-none-eabi/14.3.1/include/arm_mve.h **** #define vddupq_wb_u32( __a,  __imm) __arm_vddupq_wb_u32( __a,  __imm)
 497:/home/min/snap/code/235/.local/share/stm32cube/bundles/gnu-tools-for-stm32/14.3.1+st.2/lib/gcc/arm-none-eabi/14.3.1/include/arm_mve.h **** #define vdwdupq_m_n_u8(__inactive, __a, __b,  __imm, __p) __arm_vdwdupq_m_n_u8(__inactive, __a, __b
 498:/home/min/snap/code/235/.local/share/stm32cube/bundles/gnu-tools-for-stm32/14.3.1+st.2/lib/gcc/arm-none-eabi/14.3.1/include/arm_mve.h **** #define vdwdupq_m_n_u32(__inactive, __a, __b,  __imm, __p) __arm_vdwdupq_m_n_u32(__inactive, __a, _
 499:/home/min/snap/code/235/.local/share/stm32cube/bundles/gnu-tools-for-stm32/14.3.1+st.2/lib/gcc/arm-none-eabi/14.3.1/include/arm_mve.h **** #define vdwdupq_m_n_u16(__inactive, __a, __b,  __imm, __p) __arm_vdwdupq_m_n_u16(__inactive, __a, _
 500:/home/min/snap/code/235/.local/share/stm32cube/bundles/gnu-tools-for-stm32/14.3.1+st.2/lib/gcc/arm-none-eabi/14.3.1/include/arm_mve.h **** #define vdwdupq_m_wb_u8(__inactive,  __a, __b,  __imm, __p) __arm_vdwdupq_m_wb_u8(__inactive,  __a,
 501:/home/min/snap/code/235/.local/share/stm32cube/bundles/gnu-tools-for-stm32/14.3.1+st.2/lib/gcc/arm-none-eabi/14.3.1/include/arm_mve.h **** #define vdwdupq_m_wb_u32(__inactive,  __a, __b,  __imm, __p) __arm_vdwdupq_m_wb_u32(__inactive,  __
 502:/home/min/snap/code/235/.local/share/stm32cube/bundles/gnu-tools-for-stm32/14.3.1+st.2/lib/gcc/arm-none-eabi/14.3.1/include/arm_mve.h **** #define vdwdupq_m_wb_u16(__inactive,  __a, __b,  __imm, __p) __arm_vdwdupq_m_wb_u16(__inactive,  __
 503:/home/min/snap/code/235/.local/share/stm32cube/bundles/gnu-tools-for-stm32/14.3.1+st.2/lib/gcc/arm-none-eabi/14.3.1/include/arm_mve.h **** #define vdwdupq_n_u8(__a, __b,  __imm) __arm_vdwdupq_n_u8(__a, __b,  __imm)
 504:/home/min/snap/code/235/.local/share/stm32cube/bundles/gnu-tools-for-stm32/14.3.1+st.2/lib/gcc/arm-none-eabi/14.3.1/include/arm_mve.h **** #define vdwdupq_n_u32(__a, __b,  __imm) __arm_vdwdupq_n_u32(__a, __b,  __imm)
 505:/home/min/snap/code/235/.local/share/stm32cube/bundles/gnu-tools-for-stm32/14.3.1+st.2/lib/gcc/arm-none-eabi/14.3.1/include/arm_mve.h **** #define vdwdupq_n_u16(__a, __b,  __imm) __arm_vdwdupq_n_u16(__a, __b,  __imm)
 506:/home/min/snap/code/235/.local/share/stm32cube/bundles/gnu-tools-for-stm32/14.3.1+st.2/lib/gcc/arm-none-eabi/14.3.1/include/arm_mve.h **** #define vdwdupq_wb_u8( __a, __b,  __imm) __arm_vdwdupq_wb_u8( __a, __b,  __imm)
 507:/home/min/snap/code/235/.local/share/stm32cube/bundles/gnu-tools-for-stm32/14.3.1+st.2/lib/gcc/arm-none-eabi/14.3.1/include/arm_mve.h **** #define vdwdupq_wb_u32( __a, __b,  __imm) __arm_vdwdupq_wb_u32( __a, __b,  __imm)
 508:/home/min/snap/code/235/.local/share/stm32cube/bundles/gnu-tools-for-stm32/14.3.1+st.2/lib/gcc/arm-none-eabi/14.3.1/include/arm_mve.h **** #define vdwdupq_wb_u16( __a, __b,  __imm) __arm_vdwdupq_wb_u16( __a, __b,  __imm)
 509:/home/min/snap/code/235/.local/share/stm32cube/bundles/gnu-tools-for-stm32/14.3.1+st.2/lib/gcc/arm-none-eabi/14.3.1/include/arm_mve.h **** #define vidupq_m_n_u8(__inactive, __a,  __imm, __p) __arm_vidupq_m_n_u8(__inactive, __a,  __imm, __
 510:/home/min/snap/code/235/.local/share/stm32cube/bundles/gnu-tools-for-stm32/14.3.1+st.2/lib/gcc/arm-none-eabi/14.3.1/include/arm_mve.h **** #define vidupq_m_n_u32(__inactive, __a,  __imm, __p) __arm_vidupq_m_n_u32(__inactive, __a,  __imm, 
 511:/home/min/snap/code/235/.local/share/stm32cube/bundles/gnu-tools-for-stm32/14.3.1+st.2/lib/gcc/arm-none-eabi/14.3.1/include/arm_mve.h **** #define vidupq_m_n_u16(__inactive, __a,  __imm, __p) __arm_vidupq_m_n_u16(__inactive, __a,  __imm, 
 512:/home/min/snap/code/235/.local/share/stm32cube/bundles/gnu-tools-for-stm32/14.3.1+st.2/lib/gcc/arm-none-eabi/14.3.1/include/arm_mve.h **** #define vidupq_m_wb_u8(__inactive,  __a,  __imm, __p) __arm_vidupq_m_wb_u8(__inactive,  __a,  __imm
 513:/home/min/snap/code/235/.local/share/stm32cube/bundles/gnu-tools-for-stm32/14.3.1+st.2/lib/gcc/arm-none-eabi/14.3.1/include/arm_mve.h **** #define vidupq_m_wb_u16(__inactive,  __a,  __imm, __p) __arm_vidupq_m_wb_u16(__inactive,  __a,  __i
 514:/home/min/snap/code/235/.local/share/stm32cube/bundles/gnu-tools-for-stm32/14.3.1+st.2/lib/gcc/arm-none-eabi/14.3.1/include/arm_mve.h **** #define vidupq_m_wb_u32(__inactive,  __a,  __imm, __p) __arm_vidupq_m_wb_u32(__inactive,  __a,  __i
 515:/home/min/snap/code/235/.local/share/stm32cube/bundles/gnu-tools-for-stm32/14.3.1+st.2/lib/gcc/arm-none-eabi/14.3.1/include/arm_mve.h **** #define vidupq_n_u8(__a,  __imm) __arm_vidupq_n_u8(__a,  __imm)
 516:/home/min/snap/code/235/.local/share/stm32cube/bundles/gnu-tools-for-stm32/14.3.1+st.2/lib/gcc/arm-none-eabi/14.3.1/include/arm_mve.h **** #define vidupq_n_u32(__a,  __imm) __arm_vidupq_n_u32(__a,  __imm)
 517:/home/min/snap/code/235/.local/share/stm32cube/bundles/gnu-tools-for-stm32/14.3.1+st.2/lib/gcc/arm-none-eabi/14.3.1/include/arm_mve.h **** #define vidupq_n_u16(__a,  __imm) __arm_vidupq_n_u16(__a,  __imm)
 518:/home/min/snap/code/235/.local/share/stm32cube/bundles/gnu-tools-for-stm32/14.3.1+st.2/lib/gcc/arm-none-eabi/14.3.1/include/arm_mve.h **** #define vidupq_wb_u8( __a,  __imm) __arm_vidupq_wb_u8( __a,  __imm)
 519:/home/min/snap/code/235/.local/share/stm32cube/bundles/gnu-tools-for-stm32/14.3.1+st.2/lib/gcc/arm-none-eabi/14.3.1/include/arm_mve.h **** #define vidupq_wb_u16( __a,  __imm) __arm_vidupq_wb_u16( __a,  __imm)
 520:/home/min/snap/code/235/.local/share/stm32cube/bundles/gnu-tools-for-stm32/14.3.1+st.2/lib/gcc/arm-none-eabi/14.3.1/include/arm_mve.h **** #define vidupq_wb_u32( __a,  __imm) __arm_vidupq_wb_u32( __a,  __imm)
 521:/home/min/snap/code/235/.local/share/stm32cube/bundles/gnu-tools-for-stm32/14.3.1+st.2/lib/gcc/arm-none-eabi/14.3.1/include/arm_mve.h **** #define viwdupq_m_n_u8(__inactive, __a, __b,  __imm, __p) __arm_viwdupq_m_n_u8(__inactive, __a, __b
 522:/home/min/snap/code/235/.local/share/stm32cube/bundles/gnu-tools-for-stm32/14.3.1+st.2/lib/gcc/arm-none-eabi/14.3.1/include/arm_mve.h **** #define viwdupq_m_n_u32(__inactive, __a, __b,  __imm, __p) __arm_viwdupq_m_n_u32(__inactive, __a, _
 523:/home/min/snap/code/235/.local/share/stm32cube/bundles/gnu-tools-for-stm32/14.3.1+st.2/lib/gcc/arm-none-eabi/14.3.1/include/arm_mve.h **** #define viwdupq_m_n_u16(__inactive, __a, __b,  __imm, __p) __arm_viwdupq_m_n_u16(__inactive, __a, _
 524:/home/min/snap/code/235/.local/share/stm32cube/bundles/gnu-tools-for-stm32/14.3.1+st.2/lib/gcc/arm-none-eabi/14.3.1/include/arm_mve.h **** #define viwdupq_m_wb_u8(__inactive,  __a, __b,  __imm, __p) __arm_viwdupq_m_wb_u8(__inactive,  __a,
ARM GAS  /tmp/cc1JbEzq.s 			page 12


 525:/home/min/snap/code/235/.local/share/stm32cube/bundles/gnu-tools-for-stm32/14.3.1+st.2/lib/gcc/arm-none-eabi/14.3.1/include/arm_mve.h **** #define viwdupq_m_wb_u32(__inactive,  __a, __b,  __imm, __p) __arm_viwdupq_m_wb_u32(__inactive,  __
 526:/home/min/snap/code/235/.local/share/stm32cube/bundles/gnu-tools-for-stm32/14.3.1+st.2/lib/gcc/arm-none-eabi/14.3.1/include/arm_mve.h **** #define viwdupq_m_wb_u16(__inactive,  __a, __b,  __imm, __p) __arm_viwdupq_m_wb_u16(__inactive,  __
 527:/home/min/snap/code/235/.local/share/stm32cube/bundles/gnu-tools-for-stm32/14.3.1+st.2/lib/gcc/arm-none-eabi/14.3.1/include/arm_mve.h **** #define viwdupq_n_u8(__a, __b,  __imm) __arm_viwdupq_n_u8(__a, __b,  __imm)
 528:/home/min/snap/code/235/.local/share/stm32cube/bundles/gnu-tools-for-stm32/14.3.1+st.2/lib/gcc/arm-none-eabi/14.3.1/include/arm_mve.h **** #define viwdupq_n_u32(__a, __b,  __imm) __arm_viwdupq_n_u32(__a, __b,  __imm)
 529:/home/min/snap/code/235/.local/share/stm32cube/bundles/gnu-tools-for-stm32/14.3.1+st.2/lib/gcc/arm-none-eabi/14.3.1/include/arm_mve.h **** #define viwdupq_n_u16(__a, __b,  __imm) __arm_viwdupq_n_u16(__a, __b,  __imm)
 530:/home/min/snap/code/235/.local/share/stm32cube/bundles/gnu-tools-for-stm32/14.3.1+st.2/lib/gcc/arm-none-eabi/14.3.1/include/arm_mve.h **** #define viwdupq_wb_u8( __a, __b,  __imm) __arm_viwdupq_wb_u8( __a, __b,  __imm)
 531:/home/min/snap/code/235/.local/share/stm32cube/bundles/gnu-tools-for-stm32/14.3.1+st.2/lib/gcc/arm-none-eabi/14.3.1/include/arm_mve.h **** #define viwdupq_wb_u32( __a, __b,  __imm) __arm_viwdupq_wb_u32( __a, __b,  __imm)
 532:/home/min/snap/code/235/.local/share/stm32cube/bundles/gnu-tools-for-stm32/14.3.1+st.2/lib/gcc/arm-none-eabi/14.3.1/include/arm_mve.h **** #define viwdupq_wb_u16( __a, __b,  __imm) __arm_viwdupq_wb_u16( __a, __b,  __imm)
 533:/home/min/snap/code/235/.local/share/stm32cube/bundles/gnu-tools-for-stm32/14.3.1+st.2/lib/gcc/arm-none-eabi/14.3.1/include/arm_mve.h **** #define vldrdq_gather_base_wb_s64(__addr, __offset) __arm_vldrdq_gather_base_wb_s64(__addr, __offse
 534:/home/min/snap/code/235/.local/share/stm32cube/bundles/gnu-tools-for-stm32/14.3.1+st.2/lib/gcc/arm-none-eabi/14.3.1/include/arm_mve.h **** #define vldrdq_gather_base_wb_u64(__addr, __offset) __arm_vldrdq_gather_base_wb_u64(__addr, __offse
 535:/home/min/snap/code/235/.local/share/stm32cube/bundles/gnu-tools-for-stm32/14.3.1+st.2/lib/gcc/arm-none-eabi/14.3.1/include/arm_mve.h **** #define vldrdq_gather_base_wb_z_s64(__addr, __offset, __p) __arm_vldrdq_gather_base_wb_z_s64(__addr
 536:/home/min/snap/code/235/.local/share/stm32cube/bundles/gnu-tools-for-stm32/14.3.1+st.2/lib/gcc/arm-none-eabi/14.3.1/include/arm_mve.h **** #define vldrdq_gather_base_wb_z_u64(__addr, __offset, __p) __arm_vldrdq_gather_base_wb_z_u64(__addr
 537:/home/min/snap/code/235/.local/share/stm32cube/bundles/gnu-tools-for-stm32/14.3.1+st.2/lib/gcc/arm-none-eabi/14.3.1/include/arm_mve.h **** #define vldrwq_gather_base_wb_f32(__addr, __offset) __arm_vldrwq_gather_base_wb_f32(__addr, __offse
 538:/home/min/snap/code/235/.local/share/stm32cube/bundles/gnu-tools-for-stm32/14.3.1+st.2/lib/gcc/arm-none-eabi/14.3.1/include/arm_mve.h **** #define vldrwq_gather_base_wb_s32(__addr, __offset) __arm_vldrwq_gather_base_wb_s32(__addr, __offse
 539:/home/min/snap/code/235/.local/share/stm32cube/bundles/gnu-tools-for-stm32/14.3.1+st.2/lib/gcc/arm-none-eabi/14.3.1/include/arm_mve.h **** #define vldrwq_gather_base_wb_u32(__addr, __offset) __arm_vldrwq_gather_base_wb_u32(__addr, __offse
 540:/home/min/snap/code/235/.local/share/stm32cube/bundles/gnu-tools-for-stm32/14.3.1+st.2/lib/gcc/arm-none-eabi/14.3.1/include/arm_mve.h **** #define vldrwq_gather_base_wb_z_f32(__addr, __offset, __p) __arm_vldrwq_gather_base_wb_z_f32(__addr
 541:/home/min/snap/code/235/.local/share/stm32cube/bundles/gnu-tools-for-stm32/14.3.1+st.2/lib/gcc/arm-none-eabi/14.3.1/include/arm_mve.h **** #define vldrwq_gather_base_wb_z_s32(__addr, __offset, __p) __arm_vldrwq_gather_base_wb_z_s32(__addr
 542:/home/min/snap/code/235/.local/share/stm32cube/bundles/gnu-tools-for-stm32/14.3.1+st.2/lib/gcc/arm-none-eabi/14.3.1/include/arm_mve.h **** #define vldrwq_gather_base_wb_z_u32(__addr, __offset, __p) __arm_vldrwq_gather_base_wb_z_u32(__addr
 543:/home/min/snap/code/235/.local/share/stm32cube/bundles/gnu-tools-for-stm32/14.3.1+st.2/lib/gcc/arm-none-eabi/14.3.1/include/arm_mve.h **** #define vstrdq_scatter_base_wb_p_s64(__addr, __offset, __value, __p) __arm_vstrdq_scatter_base_wb_p
 544:/home/min/snap/code/235/.local/share/stm32cube/bundles/gnu-tools-for-stm32/14.3.1+st.2/lib/gcc/arm-none-eabi/14.3.1/include/arm_mve.h **** #define vstrdq_scatter_base_wb_p_u64(__addr, __offset, __value, __p) __arm_vstrdq_scatter_base_wb_p
 545:/home/min/snap/code/235/.local/share/stm32cube/bundles/gnu-tools-for-stm32/14.3.1+st.2/lib/gcc/arm-none-eabi/14.3.1/include/arm_mve.h **** #define vstrdq_scatter_base_wb_s64(__addr, __offset, __value) __arm_vstrdq_scatter_base_wb_s64(__ad
 546:/home/min/snap/code/235/.local/share/stm32cube/bundles/gnu-tools-for-stm32/14.3.1+st.2/lib/gcc/arm-none-eabi/14.3.1/include/arm_mve.h **** #define vstrdq_scatter_base_wb_u64(__addr, __offset, __value) __arm_vstrdq_scatter_base_wb_u64(__ad
 547:/home/min/snap/code/235/.local/share/stm32cube/bundles/gnu-tools-for-stm32/14.3.1+st.2/lib/gcc/arm-none-eabi/14.3.1/include/arm_mve.h **** #define vstrwq_scatter_base_wb_p_s32(__addr, __offset, __value, __p) __arm_vstrwq_scatter_base_wb_p
 548:/home/min/snap/code/235/.local/share/stm32cube/bundles/gnu-tools-for-stm32/14.3.1+st.2/lib/gcc/arm-none-eabi/14.3.1/include/arm_mve.h **** #define vstrwq_scatter_base_wb_p_f32(__addr, __offset, __value, __p) __arm_vstrwq_scatter_base_wb_p
 549:/home/min/snap/code/235/.local/share/stm32cube/bundles/gnu-tools-for-stm32/14.3.1+st.2/lib/gcc/arm-none-eabi/14.3.1/include/arm_mve.h **** #define vstrwq_scatter_base_wb_p_u32(__addr, __offset, __value, __p) __arm_vstrwq_scatter_base_wb_p
 550:/home/min/snap/code/235/.local/share/stm32cube/bundles/gnu-tools-for-stm32/14.3.1+st.2/lib/gcc/arm-none-eabi/14.3.1/include/arm_mve.h **** #define vstrwq_scatter_base_wb_s32(__addr, __offset, __value) __arm_vstrwq_scatter_base_wb_s32(__ad
 551:/home/min/snap/code/235/.local/share/stm32cube/bundles/gnu-tools-for-stm32/14.3.1+st.2/lib/gcc/arm-none-eabi/14.3.1/include/arm_mve.h **** #define vstrwq_scatter_base_wb_u32(__addr, __offset, __value) __arm_vstrwq_scatter_base_wb_u32(__ad
 552:/home/min/snap/code/235/.local/share/stm32cube/bundles/gnu-tools-for-stm32/14.3.1+st.2/lib/gcc/arm-none-eabi/14.3.1/include/arm_mve.h **** #define vstrwq_scatter_base_wb_f32(__addr, __offset, __value) __arm_vstrwq_scatter_base_wb_f32(__ad
 553:/home/min/snap/code/235/.local/share/stm32cube/bundles/gnu-tools-for-stm32/14.3.1+st.2/lib/gcc/arm-none-eabi/14.3.1/include/arm_mve.h **** #define vddupq_x_n_u8(__a,  __imm, __p) __arm_vddupq_x_n_u8(__a,  __imm, __p)
 554:/home/min/snap/code/235/.local/share/stm32cube/bundles/gnu-tools-for-stm32/14.3.1+st.2/lib/gcc/arm-none-eabi/14.3.1/include/arm_mve.h **** #define vddupq_x_n_u16(__a,  __imm, __p) __arm_vddupq_x_n_u16(__a,  __imm, __p)
 555:/home/min/snap/code/235/.local/share/stm32cube/bundles/gnu-tools-for-stm32/14.3.1+st.2/lib/gcc/arm-none-eabi/14.3.1/include/arm_mve.h **** #define vddupq_x_n_u32(__a,  __imm, __p) __arm_vddupq_x_n_u32(__a,  __imm, __p)
 556:/home/min/snap/code/235/.local/share/stm32cube/bundles/gnu-tools-for-stm32/14.3.1+st.2/lib/gcc/arm-none-eabi/14.3.1/include/arm_mve.h **** #define vddupq_x_wb_u8(__a,  __imm, __p) __arm_vddupq_x_wb_u8(__a,  __imm, __p)
 557:/home/min/snap/code/235/.local/share/stm32cube/bundles/gnu-tools-for-stm32/14.3.1+st.2/lib/gcc/arm-none-eabi/14.3.1/include/arm_mve.h **** #define vddupq_x_wb_u16(__a,  __imm, __p) __arm_vddupq_x_wb_u16(__a,  __imm, __p)
 558:/home/min/snap/code/235/.local/share/stm32cube/bundles/gnu-tools-for-stm32/14.3.1+st.2/lib/gcc/arm-none-eabi/14.3.1/include/arm_mve.h **** #define vddupq_x_wb_u32(__a,  __imm, __p) __arm_vddupq_x_wb_u32(__a,  __imm, __p)
 559:/home/min/snap/code/235/.local/share/stm32cube/bundles/gnu-tools-for-stm32/14.3.1+st.2/lib/gcc/arm-none-eabi/14.3.1/include/arm_mve.h **** #define vdwdupq_x_n_u8(__a, __b,  __imm, __p) __arm_vdwdupq_x_n_u8(__a, __b,  __imm, __p)
 560:/home/min/snap/code/235/.local/share/stm32cube/bundles/gnu-tools-for-stm32/14.3.1+st.2/lib/gcc/arm-none-eabi/14.3.1/include/arm_mve.h **** #define vdwdupq_x_n_u16(__a, __b,  __imm, __p) __arm_vdwdupq_x_n_u16(__a, __b,  __imm, __p)
 561:/home/min/snap/code/235/.local/share/stm32cube/bundles/gnu-tools-for-stm32/14.3.1+st.2/lib/gcc/arm-none-eabi/14.3.1/include/arm_mve.h **** #define vdwdupq_x_n_u32(__a, __b,  __imm, __p) __arm_vdwdupq_x_n_u32(__a, __b,  __imm, __p)
 562:/home/min/snap/code/235/.local/share/stm32cube/bundles/gnu-tools-for-stm32/14.3.1+st.2/lib/gcc/arm-none-eabi/14.3.1/include/arm_mve.h **** #define vdwdupq_x_wb_u8(__a, __b,  __imm, __p) __arm_vdwdupq_x_wb_u8(__a, __b,  __imm, __p)
 563:/home/min/snap/code/235/.local/share/stm32cube/bundles/gnu-tools-for-stm32/14.3.1+st.2/lib/gcc/arm-none-eabi/14.3.1/include/arm_mve.h **** #define vdwdupq_x_wb_u16(__a, __b,  __imm, __p) __arm_vdwdupq_x_wb_u16(__a, __b,  __imm, __p)
 564:/home/min/snap/code/235/.local/share/stm32cube/bundles/gnu-tools-for-stm32/14.3.1+st.2/lib/gcc/arm-none-eabi/14.3.1/include/arm_mve.h **** #define vdwdupq_x_wb_u32(__a, __b,  __imm, __p) __arm_vdwdupq_x_wb_u32(__a, __b,  __imm, __p)
 565:/home/min/snap/code/235/.local/share/stm32cube/bundles/gnu-tools-for-stm32/14.3.1+st.2/lib/gcc/arm-none-eabi/14.3.1/include/arm_mve.h **** #define vidupq_x_n_u8(__a,  __imm, __p) __arm_vidupq_x_n_u8(__a,  __imm, __p)
 566:/home/min/snap/code/235/.local/share/stm32cube/bundles/gnu-tools-for-stm32/14.3.1+st.2/lib/gcc/arm-none-eabi/14.3.1/include/arm_mve.h **** #define vidupq_x_n_u16(__a,  __imm, __p) __arm_vidupq_x_n_u16(__a,  __imm, __p)
 567:/home/min/snap/code/235/.local/share/stm32cube/bundles/gnu-tools-for-stm32/14.3.1+st.2/lib/gcc/arm-none-eabi/14.3.1/include/arm_mve.h **** #define vidupq_x_n_u32(__a,  __imm, __p) __arm_vidupq_x_n_u32(__a,  __imm, __p)
 568:/home/min/snap/code/235/.local/share/stm32cube/bundles/gnu-tools-for-stm32/14.3.1+st.2/lib/gcc/arm-none-eabi/14.3.1/include/arm_mve.h **** #define vidupq_x_wb_u8(__a,  __imm, __p) __arm_vidupq_x_wb_u8(__a,  __imm, __p)
 569:/home/min/snap/code/235/.local/share/stm32cube/bundles/gnu-tools-for-stm32/14.3.1+st.2/lib/gcc/arm-none-eabi/14.3.1/include/arm_mve.h **** #define vidupq_x_wb_u16(__a,  __imm, __p) __arm_vidupq_x_wb_u16(__a,  __imm, __p)
 570:/home/min/snap/code/235/.local/share/stm32cube/bundles/gnu-tools-for-stm32/14.3.1+st.2/lib/gcc/arm-none-eabi/14.3.1/include/arm_mve.h **** #define vidupq_x_wb_u32(__a,  __imm, __p) __arm_vidupq_x_wb_u32(__a,  __imm, __p)
 571:/home/min/snap/code/235/.local/share/stm32cube/bundles/gnu-tools-for-stm32/14.3.1+st.2/lib/gcc/arm-none-eabi/14.3.1/include/arm_mve.h **** #define viwdupq_x_n_u8(__a, __b,  __imm, __p) __arm_viwdupq_x_n_u8(__a, __b,  __imm, __p)
 572:/home/min/snap/code/235/.local/share/stm32cube/bundles/gnu-tools-for-stm32/14.3.1+st.2/lib/gcc/arm-none-eabi/14.3.1/include/arm_mve.h **** #define viwdupq_x_n_u16(__a, __b,  __imm, __p) __arm_viwdupq_x_n_u16(__a, __b,  __imm, __p)
 573:/home/min/snap/code/235/.local/share/stm32cube/bundles/gnu-tools-for-stm32/14.3.1+st.2/lib/gcc/arm-none-eabi/14.3.1/include/arm_mve.h **** #define viwdupq_x_n_u32(__a, __b,  __imm, __p) __arm_viwdupq_x_n_u32(__a, __b,  __imm, __p)
 574:/home/min/snap/code/235/.local/share/stm32cube/bundles/gnu-tools-for-stm32/14.3.1+st.2/lib/gcc/arm-none-eabi/14.3.1/include/arm_mve.h **** #define viwdupq_x_wb_u8(__a, __b,  __imm, __p) __arm_viwdupq_x_wb_u8(__a, __b,  __imm, __p)
 575:/home/min/snap/code/235/.local/share/stm32cube/bundles/gnu-tools-for-stm32/14.3.1+st.2/lib/gcc/arm-none-eabi/14.3.1/include/arm_mve.h **** #define viwdupq_x_wb_u16(__a, __b,  __imm, __p) __arm_viwdupq_x_wb_u16(__a, __b,  __imm, __p)
 576:/home/min/snap/code/235/.local/share/stm32cube/bundles/gnu-tools-for-stm32/14.3.1+st.2/lib/gcc/arm-none-eabi/14.3.1/include/arm_mve.h **** #define viwdupq_x_wb_u32(__a, __b,  __imm, __p) __arm_viwdupq_x_wb_u32(__a, __b,  __imm, __p)
 577:/home/min/snap/code/235/.local/share/stm32cube/bundles/gnu-tools-for-stm32/14.3.1+st.2/lib/gcc/arm-none-eabi/14.3.1/include/arm_mve.h **** #define vbicq_x_s8(__a, __b, __p) __arm_vbicq_x_s8(__a, __b, __p)
 578:/home/min/snap/code/235/.local/share/stm32cube/bundles/gnu-tools-for-stm32/14.3.1+st.2/lib/gcc/arm-none-eabi/14.3.1/include/arm_mve.h **** #define vbicq_x_s16(__a, __b, __p) __arm_vbicq_x_s16(__a, __b, __p)
 579:/home/min/snap/code/235/.local/share/stm32cube/bundles/gnu-tools-for-stm32/14.3.1+st.2/lib/gcc/arm-none-eabi/14.3.1/include/arm_mve.h **** #define vbicq_x_s32(__a, __b, __p) __arm_vbicq_x_s32(__a, __b, __p)
 580:/home/min/snap/code/235/.local/share/stm32cube/bundles/gnu-tools-for-stm32/14.3.1+st.2/lib/gcc/arm-none-eabi/14.3.1/include/arm_mve.h **** #define vbicq_x_u8(__a, __b, __p) __arm_vbicq_x_u8(__a, __b, __p)
 581:/home/min/snap/code/235/.local/share/stm32cube/bundles/gnu-tools-for-stm32/14.3.1+st.2/lib/gcc/arm-none-eabi/14.3.1/include/arm_mve.h **** #define vbicq_x_u16(__a, __b, __p) __arm_vbicq_x_u16(__a, __b, __p)
ARM GAS  /tmp/cc1JbEzq.s 			page 13


 582:/home/min/snap/code/235/.local/share/stm32cube/bundles/gnu-tools-for-stm32/14.3.1+st.2/lib/gcc/arm-none-eabi/14.3.1/include/arm_mve.h **** #define vbicq_x_u32(__a, __b, __p) __arm_vbicq_x_u32(__a, __b, __p)
 583:/home/min/snap/code/235/.local/share/stm32cube/bundles/gnu-tools-for-stm32/14.3.1+st.2/lib/gcc/arm-none-eabi/14.3.1/include/arm_mve.h **** #define vornq_x_s8(__a, __b, __p) __arm_vornq_x_s8(__a, __b, __p)
 584:/home/min/snap/code/235/.local/share/stm32cube/bundles/gnu-tools-for-stm32/14.3.1+st.2/lib/gcc/arm-none-eabi/14.3.1/include/arm_mve.h **** #define vornq_x_s16(__a, __b, __p) __arm_vornq_x_s16(__a, __b, __p)
 585:/home/min/snap/code/235/.local/share/stm32cube/bundles/gnu-tools-for-stm32/14.3.1+st.2/lib/gcc/arm-none-eabi/14.3.1/include/arm_mve.h **** #define vornq_x_s32(__a, __b, __p) __arm_vornq_x_s32(__a, __b, __p)
 586:/home/min/snap/code/235/.local/share/stm32cube/bundles/gnu-tools-for-stm32/14.3.1+st.2/lib/gcc/arm-none-eabi/14.3.1/include/arm_mve.h **** #define vornq_x_u8(__a, __b, __p) __arm_vornq_x_u8(__a, __b, __p)
 587:/home/min/snap/code/235/.local/share/stm32cube/bundles/gnu-tools-for-stm32/14.3.1+st.2/lib/gcc/arm-none-eabi/14.3.1/include/arm_mve.h **** #define vornq_x_u16(__a, __b, __p) __arm_vornq_x_u16(__a, __b, __p)
 588:/home/min/snap/code/235/.local/share/stm32cube/bundles/gnu-tools-for-stm32/14.3.1+st.2/lib/gcc/arm-none-eabi/14.3.1/include/arm_mve.h **** #define vornq_x_u32(__a, __b, __p) __arm_vornq_x_u32(__a, __b, __p)
 589:/home/min/snap/code/235/.local/share/stm32cube/bundles/gnu-tools-for-stm32/14.3.1+st.2/lib/gcc/arm-none-eabi/14.3.1/include/arm_mve.h **** #define vcvtaq_x_s16_f16(__a, __p) __arm_vcvtaq_x_s16_f16(__a, __p)
 590:/home/min/snap/code/235/.local/share/stm32cube/bundles/gnu-tools-for-stm32/14.3.1+st.2/lib/gcc/arm-none-eabi/14.3.1/include/arm_mve.h **** #define vcvtaq_x_s32_f32(__a, __p) __arm_vcvtaq_x_s32_f32(__a, __p)
 591:/home/min/snap/code/235/.local/share/stm32cube/bundles/gnu-tools-for-stm32/14.3.1+st.2/lib/gcc/arm-none-eabi/14.3.1/include/arm_mve.h **** #define vcvtaq_x_u16_f16(__a, __p) __arm_vcvtaq_x_u16_f16(__a, __p)
 592:/home/min/snap/code/235/.local/share/stm32cube/bundles/gnu-tools-for-stm32/14.3.1+st.2/lib/gcc/arm-none-eabi/14.3.1/include/arm_mve.h **** #define vcvtaq_x_u32_f32(__a, __p) __arm_vcvtaq_x_u32_f32(__a, __p)
 593:/home/min/snap/code/235/.local/share/stm32cube/bundles/gnu-tools-for-stm32/14.3.1+st.2/lib/gcc/arm-none-eabi/14.3.1/include/arm_mve.h **** #define vcvtnq_x_s16_f16(__a, __p) __arm_vcvtnq_x_s16_f16(__a, __p)
 594:/home/min/snap/code/235/.local/share/stm32cube/bundles/gnu-tools-for-stm32/14.3.1+st.2/lib/gcc/arm-none-eabi/14.3.1/include/arm_mve.h **** #define vcvtnq_x_s32_f32(__a, __p) __arm_vcvtnq_x_s32_f32(__a, __p)
 595:/home/min/snap/code/235/.local/share/stm32cube/bundles/gnu-tools-for-stm32/14.3.1+st.2/lib/gcc/arm-none-eabi/14.3.1/include/arm_mve.h **** #define vcvtnq_x_u16_f16(__a, __p) __arm_vcvtnq_x_u16_f16(__a, __p)
 596:/home/min/snap/code/235/.local/share/stm32cube/bundles/gnu-tools-for-stm32/14.3.1+st.2/lib/gcc/arm-none-eabi/14.3.1/include/arm_mve.h **** #define vcvtnq_x_u32_f32(__a, __p) __arm_vcvtnq_x_u32_f32(__a, __p)
 597:/home/min/snap/code/235/.local/share/stm32cube/bundles/gnu-tools-for-stm32/14.3.1+st.2/lib/gcc/arm-none-eabi/14.3.1/include/arm_mve.h **** #define vcvtpq_x_s16_f16(__a, __p) __arm_vcvtpq_x_s16_f16(__a, __p)
 598:/home/min/snap/code/235/.local/share/stm32cube/bundles/gnu-tools-for-stm32/14.3.1+st.2/lib/gcc/arm-none-eabi/14.3.1/include/arm_mve.h **** #define vcvtpq_x_s32_f32(__a, __p) __arm_vcvtpq_x_s32_f32(__a, __p)
 599:/home/min/snap/code/235/.local/share/stm32cube/bundles/gnu-tools-for-stm32/14.3.1+st.2/lib/gcc/arm-none-eabi/14.3.1/include/arm_mve.h **** #define vcvtpq_x_u16_f16(__a, __p) __arm_vcvtpq_x_u16_f16(__a, __p)
 600:/home/min/snap/code/235/.local/share/stm32cube/bundles/gnu-tools-for-stm32/14.3.1+st.2/lib/gcc/arm-none-eabi/14.3.1/include/arm_mve.h **** #define vcvtpq_x_u32_f32(__a, __p) __arm_vcvtpq_x_u32_f32(__a, __p)
 601:/home/min/snap/code/235/.local/share/stm32cube/bundles/gnu-tools-for-stm32/14.3.1+st.2/lib/gcc/arm-none-eabi/14.3.1/include/arm_mve.h **** #define vcvtmq_x_s16_f16(__a, __p) __arm_vcvtmq_x_s16_f16(__a, __p)
 602:/home/min/snap/code/235/.local/share/stm32cube/bundles/gnu-tools-for-stm32/14.3.1+st.2/lib/gcc/arm-none-eabi/14.3.1/include/arm_mve.h **** #define vcvtmq_x_s32_f32(__a, __p) __arm_vcvtmq_x_s32_f32(__a, __p)
 603:/home/min/snap/code/235/.local/share/stm32cube/bundles/gnu-tools-for-stm32/14.3.1+st.2/lib/gcc/arm-none-eabi/14.3.1/include/arm_mve.h **** #define vcvtmq_x_u16_f16(__a, __p) __arm_vcvtmq_x_u16_f16(__a, __p)
 604:/home/min/snap/code/235/.local/share/stm32cube/bundles/gnu-tools-for-stm32/14.3.1+st.2/lib/gcc/arm-none-eabi/14.3.1/include/arm_mve.h **** #define vcvtmq_x_u32_f32(__a, __p) __arm_vcvtmq_x_u32_f32(__a, __p)
 605:/home/min/snap/code/235/.local/share/stm32cube/bundles/gnu-tools-for-stm32/14.3.1+st.2/lib/gcc/arm-none-eabi/14.3.1/include/arm_mve.h **** #define vcvtbq_x_f32_f16(__a, __p) __arm_vcvtbq_x_f32_f16(__a, __p)
 606:/home/min/snap/code/235/.local/share/stm32cube/bundles/gnu-tools-for-stm32/14.3.1+st.2/lib/gcc/arm-none-eabi/14.3.1/include/arm_mve.h **** #define vcvttq_x_f32_f16(__a, __p) __arm_vcvttq_x_f32_f16(__a, __p)
 607:/home/min/snap/code/235/.local/share/stm32cube/bundles/gnu-tools-for-stm32/14.3.1+st.2/lib/gcc/arm-none-eabi/14.3.1/include/arm_mve.h **** #define vcvtq_x_f16_u16(__a, __p) __arm_vcvtq_x_f16_u16(__a, __p)
 608:/home/min/snap/code/235/.local/share/stm32cube/bundles/gnu-tools-for-stm32/14.3.1+st.2/lib/gcc/arm-none-eabi/14.3.1/include/arm_mve.h **** #define vcvtq_x_f16_s16(__a, __p) __arm_vcvtq_x_f16_s16(__a, __p)
 609:/home/min/snap/code/235/.local/share/stm32cube/bundles/gnu-tools-for-stm32/14.3.1+st.2/lib/gcc/arm-none-eabi/14.3.1/include/arm_mve.h **** #define vcvtq_x_f32_s32(__a, __p) __arm_vcvtq_x_f32_s32(__a, __p)
 610:/home/min/snap/code/235/.local/share/stm32cube/bundles/gnu-tools-for-stm32/14.3.1+st.2/lib/gcc/arm-none-eabi/14.3.1/include/arm_mve.h **** #define vcvtq_x_f32_u32(__a, __p) __arm_vcvtq_x_f32_u32(__a, __p)
 611:/home/min/snap/code/235/.local/share/stm32cube/bundles/gnu-tools-for-stm32/14.3.1+st.2/lib/gcc/arm-none-eabi/14.3.1/include/arm_mve.h **** #define vcvtq_x_n_f16_s16(__a,  __imm6, __p) __arm_vcvtq_x_n_f16_s16(__a,  __imm6, __p)
 612:/home/min/snap/code/235/.local/share/stm32cube/bundles/gnu-tools-for-stm32/14.3.1+st.2/lib/gcc/arm-none-eabi/14.3.1/include/arm_mve.h **** #define vcvtq_x_n_f16_u16(__a,  __imm6, __p) __arm_vcvtq_x_n_f16_u16(__a,  __imm6, __p)
 613:/home/min/snap/code/235/.local/share/stm32cube/bundles/gnu-tools-for-stm32/14.3.1+st.2/lib/gcc/arm-none-eabi/14.3.1/include/arm_mve.h **** #define vcvtq_x_n_f32_s32(__a,  __imm6, __p) __arm_vcvtq_x_n_f32_s32(__a,  __imm6, __p)
 614:/home/min/snap/code/235/.local/share/stm32cube/bundles/gnu-tools-for-stm32/14.3.1+st.2/lib/gcc/arm-none-eabi/14.3.1/include/arm_mve.h **** #define vcvtq_x_n_f32_u32(__a,  __imm6, __p) __arm_vcvtq_x_n_f32_u32(__a,  __imm6, __p)
 615:/home/min/snap/code/235/.local/share/stm32cube/bundles/gnu-tools-for-stm32/14.3.1+st.2/lib/gcc/arm-none-eabi/14.3.1/include/arm_mve.h **** #define vcvtq_x_s16_f16(__a, __p) __arm_vcvtq_x_s16_f16(__a, __p)
 616:/home/min/snap/code/235/.local/share/stm32cube/bundles/gnu-tools-for-stm32/14.3.1+st.2/lib/gcc/arm-none-eabi/14.3.1/include/arm_mve.h **** #define vcvtq_x_s32_f32(__a, __p) __arm_vcvtq_x_s32_f32(__a, __p)
 617:/home/min/snap/code/235/.local/share/stm32cube/bundles/gnu-tools-for-stm32/14.3.1+st.2/lib/gcc/arm-none-eabi/14.3.1/include/arm_mve.h **** #define vcvtq_x_u16_f16(__a, __p) __arm_vcvtq_x_u16_f16(__a, __p)
 618:/home/min/snap/code/235/.local/share/stm32cube/bundles/gnu-tools-for-stm32/14.3.1+st.2/lib/gcc/arm-none-eabi/14.3.1/include/arm_mve.h **** #define vcvtq_x_u32_f32(__a, __p) __arm_vcvtq_x_u32_f32(__a, __p)
 619:/home/min/snap/code/235/.local/share/stm32cube/bundles/gnu-tools-for-stm32/14.3.1+st.2/lib/gcc/arm-none-eabi/14.3.1/include/arm_mve.h **** #define vcvtq_x_n_s16_f16(__a,  __imm6, __p) __arm_vcvtq_x_n_s16_f16(__a,  __imm6, __p)
 620:/home/min/snap/code/235/.local/share/stm32cube/bundles/gnu-tools-for-stm32/14.3.1+st.2/lib/gcc/arm-none-eabi/14.3.1/include/arm_mve.h **** #define vcvtq_x_n_s32_f32(__a,  __imm6, __p) __arm_vcvtq_x_n_s32_f32(__a,  __imm6, __p)
 621:/home/min/snap/code/235/.local/share/stm32cube/bundles/gnu-tools-for-stm32/14.3.1+st.2/lib/gcc/arm-none-eabi/14.3.1/include/arm_mve.h **** #define vcvtq_x_n_u16_f16(__a,  __imm6, __p) __arm_vcvtq_x_n_u16_f16(__a,  __imm6, __p)
 622:/home/min/snap/code/235/.local/share/stm32cube/bundles/gnu-tools-for-stm32/14.3.1+st.2/lib/gcc/arm-none-eabi/14.3.1/include/arm_mve.h **** #define vcvtq_x_n_u32_f32(__a,  __imm6, __p) __arm_vcvtq_x_n_u32_f32(__a,  __imm6, __p)
 623:/home/min/snap/code/235/.local/share/stm32cube/bundles/gnu-tools-for-stm32/14.3.1+st.2/lib/gcc/arm-none-eabi/14.3.1/include/arm_mve.h **** #define vbicq_x_f16(__a, __b, __p) __arm_vbicq_x_f16(__a, __b, __p)
 624:/home/min/snap/code/235/.local/share/stm32cube/bundles/gnu-tools-for-stm32/14.3.1+st.2/lib/gcc/arm-none-eabi/14.3.1/include/arm_mve.h **** #define vbicq_x_f32(__a, __b, __p) __arm_vbicq_x_f32(__a, __b, __p)
 625:/home/min/snap/code/235/.local/share/stm32cube/bundles/gnu-tools-for-stm32/14.3.1+st.2/lib/gcc/arm-none-eabi/14.3.1/include/arm_mve.h **** #define vornq_x_f16(__a, __b, __p) __arm_vornq_x_f16(__a, __b, __p)
 626:/home/min/snap/code/235/.local/share/stm32cube/bundles/gnu-tools-for-stm32/14.3.1+st.2/lib/gcc/arm-none-eabi/14.3.1/include/arm_mve.h **** #define vornq_x_f32(__a, __b, __p) __arm_vornq_x_f32(__a, __b, __p)
 627:/home/min/snap/code/235/.local/share/stm32cube/bundles/gnu-tools-for-stm32/14.3.1+st.2/lib/gcc/arm-none-eabi/14.3.1/include/arm_mve.h **** #define vadciq_s32(__a, __b,  __carry_out) __arm_vadciq_s32(__a, __b,  __carry_out)
 628:/home/min/snap/code/235/.local/share/stm32cube/bundles/gnu-tools-for-stm32/14.3.1+st.2/lib/gcc/arm-none-eabi/14.3.1/include/arm_mve.h **** #define vadciq_u32(__a, __b,  __carry_out) __arm_vadciq_u32(__a, __b,  __carry_out)
 629:/home/min/snap/code/235/.local/share/stm32cube/bundles/gnu-tools-for-stm32/14.3.1+st.2/lib/gcc/arm-none-eabi/14.3.1/include/arm_mve.h **** #define vadciq_m_s32(__inactive, __a, __b,  __carry_out, __p) __arm_vadciq_m_s32(__inactive, __a, _
 630:/home/min/snap/code/235/.local/share/stm32cube/bundles/gnu-tools-for-stm32/14.3.1+st.2/lib/gcc/arm-none-eabi/14.3.1/include/arm_mve.h **** #define vadciq_m_u32(__inactive, __a, __b,  __carry_out, __p) __arm_vadciq_m_u32(__inactive, __a, _
 631:/home/min/snap/code/235/.local/share/stm32cube/bundles/gnu-tools-for-stm32/14.3.1+st.2/lib/gcc/arm-none-eabi/14.3.1/include/arm_mve.h **** #define vadcq_s32(__a, __b,  __carry) __arm_vadcq_s32(__a, __b,  __carry)
 632:/home/min/snap/code/235/.local/share/stm32cube/bundles/gnu-tools-for-stm32/14.3.1+st.2/lib/gcc/arm-none-eabi/14.3.1/include/arm_mve.h **** #define vadcq_u32(__a, __b,  __carry) __arm_vadcq_u32(__a, __b,  __carry)
 633:/home/min/snap/code/235/.local/share/stm32cube/bundles/gnu-tools-for-stm32/14.3.1+st.2/lib/gcc/arm-none-eabi/14.3.1/include/arm_mve.h **** #define vadcq_m_s32(__inactive, __a, __b,  __carry, __p) __arm_vadcq_m_s32(__inactive, __a, __b,  _
 634:/home/min/snap/code/235/.local/share/stm32cube/bundles/gnu-tools-for-stm32/14.3.1+st.2/lib/gcc/arm-none-eabi/14.3.1/include/arm_mve.h **** #define vadcq_m_u32(__inactive, __a, __b,  __carry, __p) __arm_vadcq_m_u32(__inactive, __a, __b,  _
 635:/home/min/snap/code/235/.local/share/stm32cube/bundles/gnu-tools-for-stm32/14.3.1+st.2/lib/gcc/arm-none-eabi/14.3.1/include/arm_mve.h **** #define vsbciq_s32(__a, __b,  __carry_out) __arm_vsbciq_s32(__a, __b,  __carry_out)
 636:/home/min/snap/code/235/.local/share/stm32cube/bundles/gnu-tools-for-stm32/14.3.1+st.2/lib/gcc/arm-none-eabi/14.3.1/include/arm_mve.h **** #define vsbciq_u32(__a, __b,  __carry_out) __arm_vsbciq_u32(__a, __b,  __carry_out)
 637:/home/min/snap/code/235/.local/share/stm32cube/bundles/gnu-tools-for-stm32/14.3.1+st.2/lib/gcc/arm-none-eabi/14.3.1/include/arm_mve.h **** #define vsbciq_m_s32(__inactive, __a, __b,  __carry_out, __p) __arm_vsbciq_m_s32(__inactive, __a, _
 638:/home/min/snap/code/235/.local/share/stm32cube/bundles/gnu-tools-for-stm32/14.3.1+st.2/lib/gcc/arm-none-eabi/14.3.1/include/arm_mve.h **** #define vsbciq_m_u32(__inactive, __a, __b,  __carry_out, __p) __arm_vsbciq_m_u32(__inactive, __a, _
ARM GAS  /tmp/cc1JbEzq.s 			page 14


 639:/home/min/snap/code/235/.local/share/stm32cube/bundles/gnu-tools-for-stm32/14.3.1+st.2/lib/gcc/arm-none-eabi/14.3.1/include/arm_mve.h **** #define vsbcq_s32(__a, __b,  __carry) __arm_vsbcq_s32(__a, __b,  __carry)
 640:/home/min/snap/code/235/.local/share/stm32cube/bundles/gnu-tools-for-stm32/14.3.1+st.2/lib/gcc/arm-none-eabi/14.3.1/include/arm_mve.h **** #define vsbcq_u32(__a, __b,  __carry) __arm_vsbcq_u32(__a, __b,  __carry)
 641:/home/min/snap/code/235/.local/share/stm32cube/bundles/gnu-tools-for-stm32/14.3.1+st.2/lib/gcc/arm-none-eabi/14.3.1/include/arm_mve.h **** #define vsbcq_m_s32(__inactive, __a, __b,  __carry, __p) __arm_vsbcq_m_s32(__inactive, __a, __b,  _
 642:/home/min/snap/code/235/.local/share/stm32cube/bundles/gnu-tools-for-stm32/14.3.1+st.2/lib/gcc/arm-none-eabi/14.3.1/include/arm_mve.h **** #define vsbcq_m_u32(__inactive, __a, __b,  __carry, __p) __arm_vsbcq_m_u32(__inactive, __a, __b,  _
 643:/home/min/snap/code/235/.local/share/stm32cube/bundles/gnu-tools-for-stm32/14.3.1+st.2/lib/gcc/arm-none-eabi/14.3.1/include/arm_mve.h **** #define vst1q_p_u8(__addr, __value, __p) __arm_vst1q_p_u8(__addr, __value, __p)
 644:/home/min/snap/code/235/.local/share/stm32cube/bundles/gnu-tools-for-stm32/14.3.1+st.2/lib/gcc/arm-none-eabi/14.3.1/include/arm_mve.h **** #define vst1q_p_s8(__addr, __value, __p) __arm_vst1q_p_s8(__addr, __value, __p)
 645:/home/min/snap/code/235/.local/share/stm32cube/bundles/gnu-tools-for-stm32/14.3.1+st.2/lib/gcc/arm-none-eabi/14.3.1/include/arm_mve.h **** #define vst2q_s8(__addr, __value) __arm_vst2q_s8(__addr, __value)
 646:/home/min/snap/code/235/.local/share/stm32cube/bundles/gnu-tools-for-stm32/14.3.1+st.2/lib/gcc/arm-none-eabi/14.3.1/include/arm_mve.h **** #define vst2q_u8(__addr, __value) __arm_vst2q_u8(__addr, __value)
 647:/home/min/snap/code/235/.local/share/stm32cube/bundles/gnu-tools-for-stm32/14.3.1+st.2/lib/gcc/arm-none-eabi/14.3.1/include/arm_mve.h **** #define vld1q_z_u8(__base, __p) __arm_vld1q_z_u8(__base, __p)
 648:/home/min/snap/code/235/.local/share/stm32cube/bundles/gnu-tools-for-stm32/14.3.1+st.2/lib/gcc/arm-none-eabi/14.3.1/include/arm_mve.h **** #define vld1q_z_s8(__base, __p) __arm_vld1q_z_s8(__base, __p)
 649:/home/min/snap/code/235/.local/share/stm32cube/bundles/gnu-tools-for-stm32/14.3.1+st.2/lib/gcc/arm-none-eabi/14.3.1/include/arm_mve.h **** #define vld2q_s8(__addr) __arm_vld2q_s8(__addr)
 650:/home/min/snap/code/235/.local/share/stm32cube/bundles/gnu-tools-for-stm32/14.3.1+st.2/lib/gcc/arm-none-eabi/14.3.1/include/arm_mve.h **** #define vld2q_u8(__addr) __arm_vld2q_u8(__addr)
 651:/home/min/snap/code/235/.local/share/stm32cube/bundles/gnu-tools-for-stm32/14.3.1+st.2/lib/gcc/arm-none-eabi/14.3.1/include/arm_mve.h **** #define vld4q_s8(__addr) __arm_vld4q_s8(__addr)
 652:/home/min/snap/code/235/.local/share/stm32cube/bundles/gnu-tools-for-stm32/14.3.1+st.2/lib/gcc/arm-none-eabi/14.3.1/include/arm_mve.h **** #define vld4q_u8(__addr) __arm_vld4q_u8(__addr)
 653:/home/min/snap/code/235/.local/share/stm32cube/bundles/gnu-tools-for-stm32/14.3.1+st.2/lib/gcc/arm-none-eabi/14.3.1/include/arm_mve.h **** #define vst1q_p_u16(__addr, __value, __p) __arm_vst1q_p_u16(__addr, __value, __p)
 654:/home/min/snap/code/235/.local/share/stm32cube/bundles/gnu-tools-for-stm32/14.3.1+st.2/lib/gcc/arm-none-eabi/14.3.1/include/arm_mve.h **** #define vst1q_p_s16(__addr, __value, __p) __arm_vst1q_p_s16(__addr, __value, __p)
 655:/home/min/snap/code/235/.local/share/stm32cube/bundles/gnu-tools-for-stm32/14.3.1+st.2/lib/gcc/arm-none-eabi/14.3.1/include/arm_mve.h **** #define vst2q_s16(__addr, __value) __arm_vst2q_s16(__addr, __value)
 656:/home/min/snap/code/235/.local/share/stm32cube/bundles/gnu-tools-for-stm32/14.3.1+st.2/lib/gcc/arm-none-eabi/14.3.1/include/arm_mve.h **** #define vst2q_u16(__addr, __value) __arm_vst2q_u16(__addr, __value)
 657:/home/min/snap/code/235/.local/share/stm32cube/bundles/gnu-tools-for-stm32/14.3.1+st.2/lib/gcc/arm-none-eabi/14.3.1/include/arm_mve.h **** #define vld1q_z_u16(__base, __p) __arm_vld1q_z_u16(__base, __p)
 658:/home/min/snap/code/235/.local/share/stm32cube/bundles/gnu-tools-for-stm32/14.3.1+st.2/lib/gcc/arm-none-eabi/14.3.1/include/arm_mve.h **** #define vld1q_z_s16(__base, __p) __arm_vld1q_z_s16(__base, __p)
 659:/home/min/snap/code/235/.local/share/stm32cube/bundles/gnu-tools-for-stm32/14.3.1+st.2/lib/gcc/arm-none-eabi/14.3.1/include/arm_mve.h **** #define vld2q_s16(__addr) __arm_vld2q_s16(__addr)
 660:/home/min/snap/code/235/.local/share/stm32cube/bundles/gnu-tools-for-stm32/14.3.1+st.2/lib/gcc/arm-none-eabi/14.3.1/include/arm_mve.h **** #define vld2q_u16(__addr) __arm_vld2q_u16(__addr)
 661:/home/min/snap/code/235/.local/share/stm32cube/bundles/gnu-tools-for-stm32/14.3.1+st.2/lib/gcc/arm-none-eabi/14.3.1/include/arm_mve.h **** #define vld4q_s16(__addr) __arm_vld4q_s16(__addr)
 662:/home/min/snap/code/235/.local/share/stm32cube/bundles/gnu-tools-for-stm32/14.3.1+st.2/lib/gcc/arm-none-eabi/14.3.1/include/arm_mve.h **** #define vld4q_u16(__addr) __arm_vld4q_u16(__addr)
 663:/home/min/snap/code/235/.local/share/stm32cube/bundles/gnu-tools-for-stm32/14.3.1+st.2/lib/gcc/arm-none-eabi/14.3.1/include/arm_mve.h **** #define vst1q_p_u32(__addr, __value, __p) __arm_vst1q_p_u32(__addr, __value, __p)
 664:/home/min/snap/code/235/.local/share/stm32cube/bundles/gnu-tools-for-stm32/14.3.1+st.2/lib/gcc/arm-none-eabi/14.3.1/include/arm_mve.h **** #define vst1q_p_s32(__addr, __value, __p) __arm_vst1q_p_s32(__addr, __value, __p)
 665:/home/min/snap/code/235/.local/share/stm32cube/bundles/gnu-tools-for-stm32/14.3.1+st.2/lib/gcc/arm-none-eabi/14.3.1/include/arm_mve.h **** #define vst2q_s32(__addr, __value) __arm_vst2q_s32(__addr, __value)
 666:/home/min/snap/code/235/.local/share/stm32cube/bundles/gnu-tools-for-stm32/14.3.1+st.2/lib/gcc/arm-none-eabi/14.3.1/include/arm_mve.h **** #define vst2q_u32(__addr, __value) __arm_vst2q_u32(__addr, __value)
 667:/home/min/snap/code/235/.local/share/stm32cube/bundles/gnu-tools-for-stm32/14.3.1+st.2/lib/gcc/arm-none-eabi/14.3.1/include/arm_mve.h **** #define vld1q_z_u32(__base, __p) __arm_vld1q_z_u32(__base, __p)
 668:/home/min/snap/code/235/.local/share/stm32cube/bundles/gnu-tools-for-stm32/14.3.1+st.2/lib/gcc/arm-none-eabi/14.3.1/include/arm_mve.h **** #define vld1q_z_s32(__base, __p) __arm_vld1q_z_s32(__base, __p)
 669:/home/min/snap/code/235/.local/share/stm32cube/bundles/gnu-tools-for-stm32/14.3.1+st.2/lib/gcc/arm-none-eabi/14.3.1/include/arm_mve.h **** #define vld2q_s32(__addr) __arm_vld2q_s32(__addr)
 670:/home/min/snap/code/235/.local/share/stm32cube/bundles/gnu-tools-for-stm32/14.3.1+st.2/lib/gcc/arm-none-eabi/14.3.1/include/arm_mve.h **** #define vld2q_u32(__addr) __arm_vld2q_u32(__addr)
 671:/home/min/snap/code/235/.local/share/stm32cube/bundles/gnu-tools-for-stm32/14.3.1+st.2/lib/gcc/arm-none-eabi/14.3.1/include/arm_mve.h **** #define vld4q_s32(__addr) __arm_vld4q_s32(__addr)
 672:/home/min/snap/code/235/.local/share/stm32cube/bundles/gnu-tools-for-stm32/14.3.1+st.2/lib/gcc/arm-none-eabi/14.3.1/include/arm_mve.h **** #define vld4q_u32(__addr) __arm_vld4q_u32(__addr)
 673:/home/min/snap/code/235/.local/share/stm32cube/bundles/gnu-tools-for-stm32/14.3.1+st.2/lib/gcc/arm-none-eabi/14.3.1/include/arm_mve.h **** #define vld4q_f16(__addr) __arm_vld4q_f16(__addr)
 674:/home/min/snap/code/235/.local/share/stm32cube/bundles/gnu-tools-for-stm32/14.3.1+st.2/lib/gcc/arm-none-eabi/14.3.1/include/arm_mve.h **** #define vld2q_f16(__addr) __arm_vld2q_f16(__addr)
 675:/home/min/snap/code/235/.local/share/stm32cube/bundles/gnu-tools-for-stm32/14.3.1+st.2/lib/gcc/arm-none-eabi/14.3.1/include/arm_mve.h **** #define vld1q_z_f16(__base, __p) __arm_vld1q_z_f16(__base, __p)
 676:/home/min/snap/code/235/.local/share/stm32cube/bundles/gnu-tools-for-stm32/14.3.1+st.2/lib/gcc/arm-none-eabi/14.3.1/include/arm_mve.h **** #define vst2q_f16(__addr, __value) __arm_vst2q_f16(__addr, __value)
 677:/home/min/snap/code/235/.local/share/stm32cube/bundles/gnu-tools-for-stm32/14.3.1+st.2/lib/gcc/arm-none-eabi/14.3.1/include/arm_mve.h **** #define vst1q_p_f16(__addr, __value, __p) __arm_vst1q_p_f16(__addr, __value, __p)
 678:/home/min/snap/code/235/.local/share/stm32cube/bundles/gnu-tools-for-stm32/14.3.1+st.2/lib/gcc/arm-none-eabi/14.3.1/include/arm_mve.h **** #define vld4q_f32(__addr) __arm_vld4q_f32(__addr)
 679:/home/min/snap/code/235/.local/share/stm32cube/bundles/gnu-tools-for-stm32/14.3.1+st.2/lib/gcc/arm-none-eabi/14.3.1/include/arm_mve.h **** #define vld2q_f32(__addr) __arm_vld2q_f32(__addr)
 680:/home/min/snap/code/235/.local/share/stm32cube/bundles/gnu-tools-for-stm32/14.3.1+st.2/lib/gcc/arm-none-eabi/14.3.1/include/arm_mve.h **** #define vld1q_z_f32(__base, __p) __arm_vld1q_z_f32(__base, __p)
 681:/home/min/snap/code/235/.local/share/stm32cube/bundles/gnu-tools-for-stm32/14.3.1+st.2/lib/gcc/arm-none-eabi/14.3.1/include/arm_mve.h **** #define vst2q_f32(__addr, __value) __arm_vst2q_f32(__addr, __value)
 682:/home/min/snap/code/235/.local/share/stm32cube/bundles/gnu-tools-for-stm32/14.3.1+st.2/lib/gcc/arm-none-eabi/14.3.1/include/arm_mve.h **** #define vst1q_p_f32(__addr, __value, __p) __arm_vst1q_p_f32(__addr, __value, __p)
 683:/home/min/snap/code/235/.local/share/stm32cube/bundles/gnu-tools-for-stm32/14.3.1+st.2/lib/gcc/arm-none-eabi/14.3.1/include/arm_mve.h **** #define vsetq_lane_f16(__a, __b,  __idx) __arm_vsetq_lane_f16(__a, __b,  __idx)
 684:/home/min/snap/code/235/.local/share/stm32cube/bundles/gnu-tools-for-stm32/14.3.1+st.2/lib/gcc/arm-none-eabi/14.3.1/include/arm_mve.h **** #define vsetq_lane_f32(__a, __b,  __idx) __arm_vsetq_lane_f32(__a, __b,  __idx)
 685:/home/min/snap/code/235/.local/share/stm32cube/bundles/gnu-tools-for-stm32/14.3.1+st.2/lib/gcc/arm-none-eabi/14.3.1/include/arm_mve.h **** #define vsetq_lane_s16(__a, __b,  __idx) __arm_vsetq_lane_s16(__a, __b,  __idx)
 686:/home/min/snap/code/235/.local/share/stm32cube/bundles/gnu-tools-for-stm32/14.3.1+st.2/lib/gcc/arm-none-eabi/14.3.1/include/arm_mve.h **** #define vsetq_lane_s32(__a, __b,  __idx) __arm_vsetq_lane_s32(__a, __b,  __idx)
 687:/home/min/snap/code/235/.local/share/stm32cube/bundles/gnu-tools-for-stm32/14.3.1+st.2/lib/gcc/arm-none-eabi/14.3.1/include/arm_mve.h **** #define vsetq_lane_s8(__a, __b,  __idx) __arm_vsetq_lane_s8(__a, __b,  __idx)
 688:/home/min/snap/code/235/.local/share/stm32cube/bundles/gnu-tools-for-stm32/14.3.1+st.2/lib/gcc/arm-none-eabi/14.3.1/include/arm_mve.h **** #define vsetq_lane_s64(__a, __b,  __idx) __arm_vsetq_lane_s64(__a, __b,  __idx)
 689:/home/min/snap/code/235/.local/share/stm32cube/bundles/gnu-tools-for-stm32/14.3.1+st.2/lib/gcc/arm-none-eabi/14.3.1/include/arm_mve.h **** #define vsetq_lane_u8(__a, __b,  __idx) __arm_vsetq_lane_u8(__a, __b,  __idx)
 690:/home/min/snap/code/235/.local/share/stm32cube/bundles/gnu-tools-for-stm32/14.3.1+st.2/lib/gcc/arm-none-eabi/14.3.1/include/arm_mve.h **** #define vsetq_lane_u16(__a, __b,  __idx) __arm_vsetq_lane_u16(__a, __b,  __idx)
 691:/home/min/snap/code/235/.local/share/stm32cube/bundles/gnu-tools-for-stm32/14.3.1+st.2/lib/gcc/arm-none-eabi/14.3.1/include/arm_mve.h **** #define vsetq_lane_u32(__a, __b,  __idx) __arm_vsetq_lane_u32(__a, __b,  __idx)
 692:/home/min/snap/code/235/.local/share/stm32cube/bundles/gnu-tools-for-stm32/14.3.1+st.2/lib/gcc/arm-none-eabi/14.3.1/include/arm_mve.h **** #define vsetq_lane_u64(__a, __b,  __idx) __arm_vsetq_lane_u64(__a, __b,  __idx)
 693:/home/min/snap/code/235/.local/share/stm32cube/bundles/gnu-tools-for-stm32/14.3.1+st.2/lib/gcc/arm-none-eabi/14.3.1/include/arm_mve.h **** #define vgetq_lane_f16(__a,  __idx) __arm_vgetq_lane_f16(__a,  __idx)
 694:/home/min/snap/code/235/.local/share/stm32cube/bundles/gnu-tools-for-stm32/14.3.1+st.2/lib/gcc/arm-none-eabi/14.3.1/include/arm_mve.h **** #define vgetq_lane_f32(__a,  __idx) __arm_vgetq_lane_f32(__a,  __idx)
 695:/home/min/snap/code/235/.local/share/stm32cube/bundles/gnu-tools-for-stm32/14.3.1+st.2/lib/gcc/arm-none-eabi/14.3.1/include/arm_mve.h **** #define vgetq_lane_s16(__a,  __idx) __arm_vgetq_lane_s16(__a,  __idx)
ARM GAS  /tmp/cc1JbEzq.s 			page 15


 696:/home/min/snap/code/235/.local/share/stm32cube/bundles/gnu-tools-for-stm32/14.3.1+st.2/lib/gcc/arm-none-eabi/14.3.1/include/arm_mve.h **** #define vgetq_lane_s32(__a,  __idx) __arm_vgetq_lane_s32(__a,  __idx)
 697:/home/min/snap/code/235/.local/share/stm32cube/bundles/gnu-tools-for-stm32/14.3.1+st.2/lib/gcc/arm-none-eabi/14.3.1/include/arm_mve.h **** #define vgetq_lane_s8(__a,  __idx) __arm_vgetq_lane_s8(__a,  __idx)
 698:/home/min/snap/code/235/.local/share/stm32cube/bundles/gnu-tools-for-stm32/14.3.1+st.2/lib/gcc/arm-none-eabi/14.3.1/include/arm_mve.h **** #define vgetq_lane_s64(__a,  __idx) __arm_vgetq_lane_s64(__a,  __idx)
 699:/home/min/snap/code/235/.local/share/stm32cube/bundles/gnu-tools-for-stm32/14.3.1+st.2/lib/gcc/arm-none-eabi/14.3.1/include/arm_mve.h **** #define vgetq_lane_u8(__a,  __idx) __arm_vgetq_lane_u8(__a,  __idx)
 700:/home/min/snap/code/235/.local/share/stm32cube/bundles/gnu-tools-for-stm32/14.3.1+st.2/lib/gcc/arm-none-eabi/14.3.1/include/arm_mve.h **** #define vgetq_lane_u16(__a,  __idx) __arm_vgetq_lane_u16(__a,  __idx)
 701:/home/min/snap/code/235/.local/share/stm32cube/bundles/gnu-tools-for-stm32/14.3.1+st.2/lib/gcc/arm-none-eabi/14.3.1/include/arm_mve.h **** #define vgetq_lane_u32(__a,  __idx) __arm_vgetq_lane_u32(__a,  __idx)
 702:/home/min/snap/code/235/.local/share/stm32cube/bundles/gnu-tools-for-stm32/14.3.1+st.2/lib/gcc/arm-none-eabi/14.3.1/include/arm_mve.h **** #define vgetq_lane_u64(__a,  __idx) __arm_vgetq_lane_u64(__a,  __idx)
 703:/home/min/snap/code/235/.local/share/stm32cube/bundles/gnu-tools-for-stm32/14.3.1+st.2/lib/gcc/arm-none-eabi/14.3.1/include/arm_mve.h **** #define sqrshr(__p0, __p1) __arm_sqrshr(__p0, __p1)
 704:/home/min/snap/code/235/.local/share/stm32cube/bundles/gnu-tools-for-stm32/14.3.1+st.2/lib/gcc/arm-none-eabi/14.3.1/include/arm_mve.h **** #define sqrshrl(__p0, __p1) __arm_sqrshrl(__p0, __p1)
 705:/home/min/snap/code/235/.local/share/stm32cube/bundles/gnu-tools-for-stm32/14.3.1+st.2/lib/gcc/arm-none-eabi/14.3.1/include/arm_mve.h **** #define sqrshrl_sat48(__p0, __p1) __arm_sqrshrl_sat48(__p0, __p1)
 706:/home/min/snap/code/235/.local/share/stm32cube/bundles/gnu-tools-for-stm32/14.3.1+st.2/lib/gcc/arm-none-eabi/14.3.1/include/arm_mve.h **** #define sqshl(__p0, __p1) __arm_sqshl(__p0, __p1)
 707:/home/min/snap/code/235/.local/share/stm32cube/bundles/gnu-tools-for-stm32/14.3.1+st.2/lib/gcc/arm-none-eabi/14.3.1/include/arm_mve.h **** #define sqshll(__p0, __p1) __arm_sqshll(__p0, __p1)
 708:/home/min/snap/code/235/.local/share/stm32cube/bundles/gnu-tools-for-stm32/14.3.1+st.2/lib/gcc/arm-none-eabi/14.3.1/include/arm_mve.h **** #define srshr(__p0, __p1) __arm_srshr(__p0, __p1)
 709:/home/min/snap/code/235/.local/share/stm32cube/bundles/gnu-tools-for-stm32/14.3.1+st.2/lib/gcc/arm-none-eabi/14.3.1/include/arm_mve.h **** #define srshrl(__p0, __p1) __arm_srshrl(__p0, __p1)
 710:/home/min/snap/code/235/.local/share/stm32cube/bundles/gnu-tools-for-stm32/14.3.1+st.2/lib/gcc/arm-none-eabi/14.3.1/include/arm_mve.h **** #define uqrshl(__p0, __p1) __arm_uqrshl(__p0, __p1)
 711:/home/min/snap/code/235/.local/share/stm32cube/bundles/gnu-tools-for-stm32/14.3.1+st.2/lib/gcc/arm-none-eabi/14.3.1/include/arm_mve.h **** #define uqrshll(__p0, __p1) __arm_uqrshll(__p0, __p1)
 712:/home/min/snap/code/235/.local/share/stm32cube/bundles/gnu-tools-for-stm32/14.3.1+st.2/lib/gcc/arm-none-eabi/14.3.1/include/arm_mve.h **** #define uqrshll_sat48(__p0, __p1) __arm_uqrshll_sat48(__p0, __p1)
 713:/home/min/snap/code/235/.local/share/stm32cube/bundles/gnu-tools-for-stm32/14.3.1+st.2/lib/gcc/arm-none-eabi/14.3.1/include/arm_mve.h **** #define uqshl(__p0, __p1) __arm_uqshl(__p0, __p1)
 714:/home/min/snap/code/235/.local/share/stm32cube/bundles/gnu-tools-for-stm32/14.3.1+st.2/lib/gcc/arm-none-eabi/14.3.1/include/arm_mve.h **** #define uqshll(__p0, __p1) __arm_uqshll(__p0, __p1)
 715:/home/min/snap/code/235/.local/share/stm32cube/bundles/gnu-tools-for-stm32/14.3.1+st.2/lib/gcc/arm-none-eabi/14.3.1/include/arm_mve.h **** #define urshr(__p0, __p1) __arm_urshr(__p0, __p1)
 716:/home/min/snap/code/235/.local/share/stm32cube/bundles/gnu-tools-for-stm32/14.3.1+st.2/lib/gcc/arm-none-eabi/14.3.1/include/arm_mve.h **** #define urshrl(__p0, __p1) __arm_urshrl(__p0, __p1)
 717:/home/min/snap/code/235/.local/share/stm32cube/bundles/gnu-tools-for-stm32/14.3.1+st.2/lib/gcc/arm-none-eabi/14.3.1/include/arm_mve.h **** #define lsll(__p0, __p1) __arm_lsll(__p0, __p1)
 718:/home/min/snap/code/235/.local/share/stm32cube/bundles/gnu-tools-for-stm32/14.3.1+st.2/lib/gcc/arm-none-eabi/14.3.1/include/arm_mve.h **** #define asrl(__p0, __p1) __arm_asrl(__p0, __p1)
 719:/home/min/snap/code/235/.local/share/stm32cube/bundles/gnu-tools-for-stm32/14.3.1+st.2/lib/gcc/arm-none-eabi/14.3.1/include/arm_mve.h **** #define vshlcq_m_s8(__a,  __b,  __imm, __p) __arm_vshlcq_m_s8(__a,  __b,  __imm, __p)
 720:/home/min/snap/code/235/.local/share/stm32cube/bundles/gnu-tools-for-stm32/14.3.1+st.2/lib/gcc/arm-none-eabi/14.3.1/include/arm_mve.h **** #define vshlcq_m_u8(__a,  __b,  __imm, __p) __arm_vshlcq_m_u8(__a,  __b,  __imm, __p)
 721:/home/min/snap/code/235/.local/share/stm32cube/bundles/gnu-tools-for-stm32/14.3.1+st.2/lib/gcc/arm-none-eabi/14.3.1/include/arm_mve.h **** #define vshlcq_m_s16(__a,  __b,  __imm, __p) __arm_vshlcq_m_s16(__a,  __b,  __imm, __p)
 722:/home/min/snap/code/235/.local/share/stm32cube/bundles/gnu-tools-for-stm32/14.3.1+st.2/lib/gcc/arm-none-eabi/14.3.1/include/arm_mve.h **** #define vshlcq_m_u16(__a,  __b,  __imm, __p) __arm_vshlcq_m_u16(__a,  __b,  __imm, __p)
 723:/home/min/snap/code/235/.local/share/stm32cube/bundles/gnu-tools-for-stm32/14.3.1+st.2/lib/gcc/arm-none-eabi/14.3.1/include/arm_mve.h **** #define vshlcq_m_s32(__a,  __b,  __imm, __p) __arm_vshlcq_m_s32(__a,  __b,  __imm, __p)
 724:/home/min/snap/code/235/.local/share/stm32cube/bundles/gnu-tools-for-stm32/14.3.1+st.2/lib/gcc/arm-none-eabi/14.3.1/include/arm_mve.h **** #define vshlcq_m_u32(__a,  __b,  __imm, __p) __arm_vshlcq_m_u32(__a,  __b,  __imm, __p)
 725:/home/min/snap/code/235/.local/share/stm32cube/bundles/gnu-tools-for-stm32/14.3.1+st.2/lib/gcc/arm-none-eabi/14.3.1/include/arm_mve.h **** #endif
 726:/home/min/snap/code/235/.local/share/stm32cube/bundles/gnu-tools-for-stm32/14.3.1+st.2/lib/gcc/arm-none-eabi/14.3.1/include/arm_mve.h **** 
 727:/home/min/snap/code/235/.local/share/stm32cube/bundles/gnu-tools-for-stm32/14.3.1+st.2/lib/gcc/arm-none-eabi/14.3.1/include/arm_mve.h **** /* For big-endian, GCC's vector indices are reversed within each 64 bits
 728:/home/min/snap/code/235/.local/share/stm32cube/bundles/gnu-tools-for-stm32/14.3.1+st.2/lib/gcc/arm-none-eabi/14.3.1/include/arm_mve.h ****    compared to the architectural lane indices used by MVE intrinsics.  */
 729:/home/min/snap/code/235/.local/share/stm32cube/bundles/gnu-tools-for-stm32/14.3.1+st.2/lib/gcc/arm-none-eabi/14.3.1/include/arm_mve.h **** #define __ARM_NUM_LANES(__v) (sizeof (__v) / sizeof (__v[0]))
 730:/home/min/snap/code/235/.local/share/stm32cube/bundles/gnu-tools-for-stm32/14.3.1+st.2/lib/gcc/arm-none-eabi/14.3.1/include/arm_mve.h **** #ifdef __ARM_BIG_ENDIAN
 731:/home/min/snap/code/235/.local/share/stm32cube/bundles/gnu-tools-for-stm32/14.3.1+st.2/lib/gcc/arm-none-eabi/14.3.1/include/arm_mve.h **** #define __ARM_LANEQ(__vec, __idx) (__idx ^ (__ARM_NUM_LANES(__vec)/2 - 1))
 732:/home/min/snap/code/235/.local/share/stm32cube/bundles/gnu-tools-for-stm32/14.3.1+st.2/lib/gcc/arm-none-eabi/14.3.1/include/arm_mve.h **** #else
 733:/home/min/snap/code/235/.local/share/stm32cube/bundles/gnu-tools-for-stm32/14.3.1+st.2/lib/gcc/arm-none-eabi/14.3.1/include/arm_mve.h **** #define __ARM_LANEQ(__vec, __idx) __idx
 734:/home/min/snap/code/235/.local/share/stm32cube/bundles/gnu-tools-for-stm32/14.3.1+st.2/lib/gcc/arm-none-eabi/14.3.1/include/arm_mve.h **** #endif
 735:/home/min/snap/code/235/.local/share/stm32cube/bundles/gnu-tools-for-stm32/14.3.1+st.2/lib/gcc/arm-none-eabi/14.3.1/include/arm_mve.h **** #define __ARM_CHECK_LANEQ(__vec, __idx)		 \
 736:/home/min/snap/code/235/.local/share/stm32cube/bundles/gnu-tools-for-stm32/14.3.1+st.2/lib/gcc/arm-none-eabi/14.3.1/include/arm_mve.h ****   __builtin_arm_lane_check (__ARM_NUM_LANES(__vec),     \
 737:/home/min/snap/code/235/.local/share/stm32cube/bundles/gnu-tools-for-stm32/14.3.1+st.2/lib/gcc/arm-none-eabi/14.3.1/include/arm_mve.h **** 			    __ARM_LANEQ(__vec, __idx))
 738:/home/min/snap/code/235/.local/share/stm32cube/bundles/gnu-tools-for-stm32/14.3.1+st.2/lib/gcc/arm-none-eabi/14.3.1/include/arm_mve.h **** 
 739:/home/min/snap/code/235/.local/share/stm32cube/bundles/gnu-tools-for-stm32/14.3.1+st.2/lib/gcc/arm-none-eabi/14.3.1/include/arm_mve.h **** __extension__ extern __inline void
 740:/home/min/snap/code/235/.local/share/stm32cube/bundles/gnu-tools-for-stm32/14.3.1+st.2/lib/gcc/arm-none-eabi/14.3.1/include/arm_mve.h **** __attribute__ ((__always_inline__, __gnu_inline__, __artificial__))
 741:/home/min/snap/code/235/.local/share/stm32cube/bundles/gnu-tools-for-stm32/14.3.1+st.2/lib/gcc/arm-none-eabi/14.3.1/include/arm_mve.h **** __arm_vst4q_s8 (int8_t * __addr, int8x16x4_t __value)
 742:/home/min/snap/code/235/.local/share/stm32cube/bundles/gnu-tools-for-stm32/14.3.1+st.2/lib/gcc/arm-none-eabi/14.3.1/include/arm_mve.h **** {
 743:/home/min/snap/code/235/.local/share/stm32cube/bundles/gnu-tools-for-stm32/14.3.1+st.2/lib/gcc/arm-none-eabi/14.3.1/include/arm_mve.h ****   union { int8x16x4_t __i; __builtin_neon_xi __o; } __rv;
 744:/home/min/snap/code/235/.local/share/stm32cube/bundles/gnu-tools-for-stm32/14.3.1+st.2/lib/gcc/arm-none-eabi/14.3.1/include/arm_mve.h ****   __rv.__i = __value;
 745:/home/min/snap/code/235/.local/share/stm32cube/bundles/gnu-tools-for-stm32/14.3.1+st.2/lib/gcc/arm-none-eabi/14.3.1/include/arm_mve.h ****   __builtin_mve_vst4qv16qi ((__builtin_neon_qi *) __addr, __rv.__o);
 746:/home/min/snap/code/235/.local/share/stm32cube/bundles/gnu-tools-for-stm32/14.3.1+st.2/lib/gcc/arm-none-eabi/14.3.1/include/arm_mve.h **** }
 747:/home/min/snap/code/235/.local/share/stm32cube/bundles/gnu-tools-for-stm32/14.3.1+st.2/lib/gcc/arm-none-eabi/14.3.1/include/arm_mve.h **** 
 748:/home/min/snap/code/235/.local/share/stm32cube/bundles/gnu-tools-for-stm32/14.3.1+st.2/lib/gcc/arm-none-eabi/14.3.1/include/arm_mve.h **** __extension__ extern __inline void
 749:/home/min/snap/code/235/.local/share/stm32cube/bundles/gnu-tools-for-stm32/14.3.1+st.2/lib/gcc/arm-none-eabi/14.3.1/include/arm_mve.h **** __attribute__ ((__always_inline__, __gnu_inline__, __artificial__))
 750:/home/min/snap/code/235/.local/share/stm32cube/bundles/gnu-tools-for-stm32/14.3.1+st.2/lib/gcc/arm-none-eabi/14.3.1/include/arm_mve.h **** __arm_vst4q_s16 (int16_t * __addr, int16x8x4_t __value)
 751:/home/min/snap/code/235/.local/share/stm32cube/bundles/gnu-tools-for-stm32/14.3.1+st.2/lib/gcc/arm-none-eabi/14.3.1/include/arm_mve.h **** {
 752:/home/min/snap/code/235/.local/share/stm32cube/bundles/gnu-tools-for-stm32/14.3.1+st.2/lib/gcc/arm-none-eabi/14.3.1/include/arm_mve.h ****   union { int16x8x4_t __i; __builtin_neon_xi __o; } __rv;
ARM GAS  /tmp/cc1JbEzq.s 			page 16


 753:/home/min/snap/code/235/.local/share/stm32cube/bundles/gnu-tools-for-stm32/14.3.1+st.2/lib/gcc/arm-none-eabi/14.3.1/include/arm_mve.h ****   __rv.__i = __value;
 754:/home/min/snap/code/235/.local/share/stm32cube/bundles/gnu-tools-for-stm32/14.3.1+st.2/lib/gcc/arm-none-eabi/14.3.1/include/arm_mve.h ****   __builtin_mve_vst4qv8hi ((__builtin_neon_hi *) __addr, __rv.__o);
 755:/home/min/snap/code/235/.local/share/stm32cube/bundles/gnu-tools-for-stm32/14.3.1+st.2/lib/gcc/arm-none-eabi/14.3.1/include/arm_mve.h **** }
 756:/home/min/snap/code/235/.local/share/stm32cube/bundles/gnu-tools-for-stm32/14.3.1+st.2/lib/gcc/arm-none-eabi/14.3.1/include/arm_mve.h **** 
 757:/home/min/snap/code/235/.local/share/stm32cube/bundles/gnu-tools-for-stm32/14.3.1+st.2/lib/gcc/arm-none-eabi/14.3.1/include/arm_mve.h **** __extension__ extern __inline void
 758:/home/min/snap/code/235/.local/share/stm32cube/bundles/gnu-tools-for-stm32/14.3.1+st.2/lib/gcc/arm-none-eabi/14.3.1/include/arm_mve.h **** __attribute__ ((__always_inline__, __gnu_inline__, __artificial__))
 759:/home/min/snap/code/235/.local/share/stm32cube/bundles/gnu-tools-for-stm32/14.3.1+st.2/lib/gcc/arm-none-eabi/14.3.1/include/arm_mve.h **** __arm_vst4q_s32 (int32_t * __addr, int32x4x4_t __value)
 760:/home/min/snap/code/235/.local/share/stm32cube/bundles/gnu-tools-for-stm32/14.3.1+st.2/lib/gcc/arm-none-eabi/14.3.1/include/arm_mve.h **** {
 761:/home/min/snap/code/235/.local/share/stm32cube/bundles/gnu-tools-for-stm32/14.3.1+st.2/lib/gcc/arm-none-eabi/14.3.1/include/arm_mve.h ****   union { int32x4x4_t __i; __builtin_neon_xi __o; } __rv;
 762:/home/min/snap/code/235/.local/share/stm32cube/bundles/gnu-tools-for-stm32/14.3.1+st.2/lib/gcc/arm-none-eabi/14.3.1/include/arm_mve.h ****   __rv.__i = __value;
 763:/home/min/snap/code/235/.local/share/stm32cube/bundles/gnu-tools-for-stm32/14.3.1+st.2/lib/gcc/arm-none-eabi/14.3.1/include/arm_mve.h ****   __builtin_mve_vst4qv4si ((__builtin_neon_si *) __addr, __rv.__o);
 764:/home/min/snap/code/235/.local/share/stm32cube/bundles/gnu-tools-for-stm32/14.3.1+st.2/lib/gcc/arm-none-eabi/14.3.1/include/arm_mve.h **** }
 765:/home/min/snap/code/235/.local/share/stm32cube/bundles/gnu-tools-for-stm32/14.3.1+st.2/lib/gcc/arm-none-eabi/14.3.1/include/arm_mve.h **** 
 766:/home/min/snap/code/235/.local/share/stm32cube/bundles/gnu-tools-for-stm32/14.3.1+st.2/lib/gcc/arm-none-eabi/14.3.1/include/arm_mve.h **** __extension__ extern __inline void
 767:/home/min/snap/code/235/.local/share/stm32cube/bundles/gnu-tools-for-stm32/14.3.1+st.2/lib/gcc/arm-none-eabi/14.3.1/include/arm_mve.h **** __attribute__ ((__always_inline__, __gnu_inline__, __artificial__))
 768:/home/min/snap/code/235/.local/share/stm32cube/bundles/gnu-tools-for-stm32/14.3.1+st.2/lib/gcc/arm-none-eabi/14.3.1/include/arm_mve.h **** __arm_vst4q_u8 (uint8_t * __addr, uint8x16x4_t __value)
 769:/home/min/snap/code/235/.local/share/stm32cube/bundles/gnu-tools-for-stm32/14.3.1+st.2/lib/gcc/arm-none-eabi/14.3.1/include/arm_mve.h **** {
 770:/home/min/snap/code/235/.local/share/stm32cube/bundles/gnu-tools-for-stm32/14.3.1+st.2/lib/gcc/arm-none-eabi/14.3.1/include/arm_mve.h ****   union { uint8x16x4_t __i; __builtin_neon_xi __o; } __rv;
 771:/home/min/snap/code/235/.local/share/stm32cube/bundles/gnu-tools-for-stm32/14.3.1+st.2/lib/gcc/arm-none-eabi/14.3.1/include/arm_mve.h ****   __rv.__i = __value;
 772:/home/min/snap/code/235/.local/share/stm32cube/bundles/gnu-tools-for-stm32/14.3.1+st.2/lib/gcc/arm-none-eabi/14.3.1/include/arm_mve.h ****   __builtin_mve_vst4qv16qi ((__builtin_neon_qi *) __addr, __rv.__o);
 773:/home/min/snap/code/235/.local/share/stm32cube/bundles/gnu-tools-for-stm32/14.3.1+st.2/lib/gcc/arm-none-eabi/14.3.1/include/arm_mve.h **** }
 774:/home/min/snap/code/235/.local/share/stm32cube/bundles/gnu-tools-for-stm32/14.3.1+st.2/lib/gcc/arm-none-eabi/14.3.1/include/arm_mve.h **** 
 775:/home/min/snap/code/235/.local/share/stm32cube/bundles/gnu-tools-for-stm32/14.3.1+st.2/lib/gcc/arm-none-eabi/14.3.1/include/arm_mve.h **** __extension__ extern __inline void
 776:/home/min/snap/code/235/.local/share/stm32cube/bundles/gnu-tools-for-stm32/14.3.1+st.2/lib/gcc/arm-none-eabi/14.3.1/include/arm_mve.h **** __attribute__ ((__always_inline__, __gnu_inline__, __artificial__))
 777:/home/min/snap/code/235/.local/share/stm32cube/bundles/gnu-tools-for-stm32/14.3.1+st.2/lib/gcc/arm-none-eabi/14.3.1/include/arm_mve.h **** __arm_vst4q_u16 (uint16_t * __addr, uint16x8x4_t __value)
 778:/home/min/snap/code/235/.local/share/stm32cube/bundles/gnu-tools-for-stm32/14.3.1+st.2/lib/gcc/arm-none-eabi/14.3.1/include/arm_mve.h **** {
 779:/home/min/snap/code/235/.local/share/stm32cube/bundles/gnu-tools-for-stm32/14.3.1+st.2/lib/gcc/arm-none-eabi/14.3.1/include/arm_mve.h ****   union { uint16x8x4_t __i; __builtin_neon_xi __o; } __rv;
 780:/home/min/snap/code/235/.local/share/stm32cube/bundles/gnu-tools-for-stm32/14.3.1+st.2/lib/gcc/arm-none-eabi/14.3.1/include/arm_mve.h ****   __rv.__i = __value;
 781:/home/min/snap/code/235/.local/share/stm32cube/bundles/gnu-tools-for-stm32/14.3.1+st.2/lib/gcc/arm-none-eabi/14.3.1/include/arm_mve.h ****   __builtin_mve_vst4qv8hi ((__builtin_neon_hi *) __addr, __rv.__o);
 782:/home/min/snap/code/235/.local/share/stm32cube/bundles/gnu-tools-for-stm32/14.3.1+st.2/lib/gcc/arm-none-eabi/14.3.1/include/arm_mve.h **** }
 783:/home/min/snap/code/235/.local/share/stm32cube/bundles/gnu-tools-for-stm32/14.3.1+st.2/lib/gcc/arm-none-eabi/14.3.1/include/arm_mve.h **** 
 784:/home/min/snap/code/235/.local/share/stm32cube/bundles/gnu-tools-for-stm32/14.3.1+st.2/lib/gcc/arm-none-eabi/14.3.1/include/arm_mve.h **** __extension__ extern __inline void
 785:/home/min/snap/code/235/.local/share/stm32cube/bundles/gnu-tools-for-stm32/14.3.1+st.2/lib/gcc/arm-none-eabi/14.3.1/include/arm_mve.h **** __attribute__ ((__always_inline__, __gnu_inline__, __artificial__))
 786:/home/min/snap/code/235/.local/share/stm32cube/bundles/gnu-tools-for-stm32/14.3.1+st.2/lib/gcc/arm-none-eabi/14.3.1/include/arm_mve.h **** __arm_vst4q_u32 (uint32_t * __addr, uint32x4x4_t __value)
 787:/home/min/snap/code/235/.local/share/stm32cube/bundles/gnu-tools-for-stm32/14.3.1+st.2/lib/gcc/arm-none-eabi/14.3.1/include/arm_mve.h **** {
 788:/home/min/snap/code/235/.local/share/stm32cube/bundles/gnu-tools-for-stm32/14.3.1+st.2/lib/gcc/arm-none-eabi/14.3.1/include/arm_mve.h ****   union { uint32x4x4_t __i; __builtin_neon_xi __o; } __rv;
 789:/home/min/snap/code/235/.local/share/stm32cube/bundles/gnu-tools-for-stm32/14.3.1+st.2/lib/gcc/arm-none-eabi/14.3.1/include/arm_mve.h ****   __rv.__i = __value;
 790:/home/min/snap/code/235/.local/share/stm32cube/bundles/gnu-tools-for-stm32/14.3.1+st.2/lib/gcc/arm-none-eabi/14.3.1/include/arm_mve.h ****   __builtin_mve_vst4qv4si ((__builtin_neon_si *) __addr, __rv.__o);
 791:/home/min/snap/code/235/.local/share/stm32cube/bundles/gnu-tools-for-stm32/14.3.1+st.2/lib/gcc/arm-none-eabi/14.3.1/include/arm_mve.h **** }
 792:/home/min/snap/code/235/.local/share/stm32cube/bundles/gnu-tools-for-stm32/14.3.1+st.2/lib/gcc/arm-none-eabi/14.3.1/include/arm_mve.h **** 
 793:/home/min/snap/code/235/.local/share/stm32cube/bundles/gnu-tools-for-stm32/14.3.1+st.2/lib/gcc/arm-none-eabi/14.3.1/include/arm_mve.h **** __extension__ extern __inline mve_pred16_t
 794:/home/min/snap/code/235/.local/share/stm32cube/bundles/gnu-tools-for-stm32/14.3.1+st.2/lib/gcc/arm-none-eabi/14.3.1/include/arm_mve.h **** __attribute__ ((__always_inline__, __gnu_inline__, __artificial__))
 795:/home/min/snap/code/235/.local/share/stm32cube/bundles/gnu-tools-for-stm32/14.3.1+st.2/lib/gcc/arm-none-eabi/14.3.1/include/arm_mve.h **** __arm_vctp16q (uint32_t __a)
 796:/home/min/snap/code/235/.local/share/stm32cube/bundles/gnu-tools-for-stm32/14.3.1+st.2/lib/gcc/arm-none-eabi/14.3.1/include/arm_mve.h **** {
 797:/home/min/snap/code/235/.local/share/stm32cube/bundles/gnu-tools-for-stm32/14.3.1+st.2/lib/gcc/arm-none-eabi/14.3.1/include/arm_mve.h ****   return __builtin_mve_vctp16qv8bi (__a);
 798:/home/min/snap/code/235/.local/share/stm32cube/bundles/gnu-tools-for-stm32/14.3.1+st.2/lib/gcc/arm-none-eabi/14.3.1/include/arm_mve.h **** }
 799:/home/min/snap/code/235/.local/share/stm32cube/bundles/gnu-tools-for-stm32/14.3.1+st.2/lib/gcc/arm-none-eabi/14.3.1/include/arm_mve.h **** 
 800:/home/min/snap/code/235/.local/share/stm32cube/bundles/gnu-tools-for-stm32/14.3.1+st.2/lib/gcc/arm-none-eabi/14.3.1/include/arm_mve.h **** __extension__ extern __inline mve_pred16_t
 801:/home/min/snap/code/235/.local/share/stm32cube/bundles/gnu-tools-for-stm32/14.3.1+st.2/lib/gcc/arm-none-eabi/14.3.1/include/arm_mve.h **** __attribute__ ((__always_inline__, __gnu_inline__, __artificial__))
 802:/home/min/snap/code/235/.local/share/stm32cube/bundles/gnu-tools-for-stm32/14.3.1+st.2/lib/gcc/arm-none-eabi/14.3.1/include/arm_mve.h **** __arm_vctp32q (uint32_t __a)
 803:/home/min/snap/code/235/.local/share/stm32cube/bundles/gnu-tools-for-stm32/14.3.1+st.2/lib/gcc/arm-none-eabi/14.3.1/include/arm_mve.h **** {
 804:/home/min/snap/code/235/.local/share/stm32cube/bundles/gnu-tools-for-stm32/14.3.1+st.2/lib/gcc/arm-none-eabi/14.3.1/include/arm_mve.h ****   return __builtin_mve_vctp32qv4bi (__a);
 805:/home/min/snap/code/235/.local/share/stm32cube/bundles/gnu-tools-for-stm32/14.3.1+st.2/lib/gcc/arm-none-eabi/14.3.1/include/arm_mve.h **** }
 806:/home/min/snap/code/235/.local/share/stm32cube/bundles/gnu-tools-for-stm32/14.3.1+st.2/lib/gcc/arm-none-eabi/14.3.1/include/arm_mve.h **** 
 807:/home/min/snap/code/235/.local/share/stm32cube/bundles/gnu-tools-for-stm32/14.3.1+st.2/lib/gcc/arm-none-eabi/14.3.1/include/arm_mve.h **** __extension__ extern __inline mve_pred16_t
 808:/home/min/snap/code/235/.local/share/stm32cube/bundles/gnu-tools-for-stm32/14.3.1+st.2/lib/gcc/arm-none-eabi/14.3.1/include/arm_mve.h **** __attribute__ ((__always_inline__, __gnu_inline__, __artificial__))
 809:/home/min/snap/code/235/.local/share/stm32cube/bundles/gnu-tools-for-stm32/14.3.1+st.2/lib/gcc/arm-none-eabi/14.3.1/include/arm_mve.h **** __arm_vctp64q (uint32_t __a)
ARM GAS  /tmp/cc1JbEzq.s 			page 17


 810:/home/min/snap/code/235/.local/share/stm32cube/bundles/gnu-tools-for-stm32/14.3.1+st.2/lib/gcc/arm-none-eabi/14.3.1/include/arm_mve.h **** {
 811:/home/min/snap/code/235/.local/share/stm32cube/bundles/gnu-tools-for-stm32/14.3.1+st.2/lib/gcc/arm-none-eabi/14.3.1/include/arm_mve.h ****   return __builtin_mve_vctp64qv2qi (__a);
 812:/home/min/snap/code/235/.local/share/stm32cube/bundles/gnu-tools-for-stm32/14.3.1+st.2/lib/gcc/arm-none-eabi/14.3.1/include/arm_mve.h **** }
 813:/home/min/snap/code/235/.local/share/stm32cube/bundles/gnu-tools-for-stm32/14.3.1+st.2/lib/gcc/arm-none-eabi/14.3.1/include/arm_mve.h **** 
 814:/home/min/snap/code/235/.local/share/stm32cube/bundles/gnu-tools-for-stm32/14.3.1+st.2/lib/gcc/arm-none-eabi/14.3.1/include/arm_mve.h **** __extension__ extern __inline mve_pred16_t
 815:/home/min/snap/code/235/.local/share/stm32cube/bundles/gnu-tools-for-stm32/14.3.1+st.2/lib/gcc/arm-none-eabi/14.3.1/include/arm_mve.h **** __attribute__ ((__always_inline__, __gnu_inline__, __artificial__))
 816:/home/min/snap/code/235/.local/share/stm32cube/bundles/gnu-tools-for-stm32/14.3.1+st.2/lib/gcc/arm-none-eabi/14.3.1/include/arm_mve.h **** __arm_vctp8q (uint32_t __a)
 817:/home/min/snap/code/235/.local/share/stm32cube/bundles/gnu-tools-for-stm32/14.3.1+st.2/lib/gcc/arm-none-eabi/14.3.1/include/arm_mve.h **** {
 818:/home/min/snap/code/235/.local/share/stm32cube/bundles/gnu-tools-for-stm32/14.3.1+st.2/lib/gcc/arm-none-eabi/14.3.1/include/arm_mve.h ****   return __builtin_mve_vctp8qv16bi (__a);
 819:/home/min/snap/code/235/.local/share/stm32cube/bundles/gnu-tools-for-stm32/14.3.1+st.2/lib/gcc/arm-none-eabi/14.3.1/include/arm_mve.h **** }
 820:/home/min/snap/code/235/.local/share/stm32cube/bundles/gnu-tools-for-stm32/14.3.1+st.2/lib/gcc/arm-none-eabi/14.3.1/include/arm_mve.h **** 
 821:/home/min/snap/code/235/.local/share/stm32cube/bundles/gnu-tools-for-stm32/14.3.1+st.2/lib/gcc/arm-none-eabi/14.3.1/include/arm_mve.h **** __extension__ extern __inline mve_pred16_t
 822:/home/min/snap/code/235/.local/share/stm32cube/bundles/gnu-tools-for-stm32/14.3.1+st.2/lib/gcc/arm-none-eabi/14.3.1/include/arm_mve.h **** __attribute__ ((__always_inline__, __gnu_inline__, __artificial__))
 823:/home/min/snap/code/235/.local/share/stm32cube/bundles/gnu-tools-for-stm32/14.3.1+st.2/lib/gcc/arm-none-eabi/14.3.1/include/arm_mve.h **** __arm_vpnot (mve_pred16_t __a)
 824:/home/min/snap/code/235/.local/share/stm32cube/bundles/gnu-tools-for-stm32/14.3.1+st.2/lib/gcc/arm-none-eabi/14.3.1/include/arm_mve.h **** {
 825:/home/min/snap/code/235/.local/share/stm32cube/bundles/gnu-tools-for-stm32/14.3.1+st.2/lib/gcc/arm-none-eabi/14.3.1/include/arm_mve.h ****   return __builtin_mve_vpnotv16bi (__a);
 826:/home/min/snap/code/235/.local/share/stm32cube/bundles/gnu-tools-for-stm32/14.3.1+st.2/lib/gcc/arm-none-eabi/14.3.1/include/arm_mve.h **** }
 827:/home/min/snap/code/235/.local/share/stm32cube/bundles/gnu-tools-for-stm32/14.3.1+st.2/lib/gcc/arm-none-eabi/14.3.1/include/arm_mve.h **** 
 828:/home/min/snap/code/235/.local/share/stm32cube/bundles/gnu-tools-for-stm32/14.3.1+st.2/lib/gcc/arm-none-eabi/14.3.1/include/arm_mve.h **** __extension__ extern __inline uint8x16_t
 829:/home/min/snap/code/235/.local/share/stm32cube/bundles/gnu-tools-for-stm32/14.3.1+st.2/lib/gcc/arm-none-eabi/14.3.1/include/arm_mve.h **** __attribute__ ((__always_inline__, __gnu_inline__, __artificial__))
 830:/home/min/snap/code/235/.local/share/stm32cube/bundles/gnu-tools-for-stm32/14.3.1+st.2/lib/gcc/arm-none-eabi/14.3.1/include/arm_mve.h **** __arm_vornq_u8 (uint8x16_t __a, uint8x16_t __b)
 831:/home/min/snap/code/235/.local/share/stm32cube/bundles/gnu-tools-for-stm32/14.3.1+st.2/lib/gcc/arm-none-eabi/14.3.1/include/arm_mve.h **** {
 832:/home/min/snap/code/235/.local/share/stm32cube/bundles/gnu-tools-for-stm32/14.3.1+st.2/lib/gcc/arm-none-eabi/14.3.1/include/arm_mve.h ****   return __builtin_mve_vornq_uv16qi (__a, __b);
 833:/home/min/snap/code/235/.local/share/stm32cube/bundles/gnu-tools-for-stm32/14.3.1+st.2/lib/gcc/arm-none-eabi/14.3.1/include/arm_mve.h **** }
 834:/home/min/snap/code/235/.local/share/stm32cube/bundles/gnu-tools-for-stm32/14.3.1+st.2/lib/gcc/arm-none-eabi/14.3.1/include/arm_mve.h **** 
 835:/home/min/snap/code/235/.local/share/stm32cube/bundles/gnu-tools-for-stm32/14.3.1+st.2/lib/gcc/arm-none-eabi/14.3.1/include/arm_mve.h **** __extension__ extern __inline uint8x16_t
 836:/home/min/snap/code/235/.local/share/stm32cube/bundles/gnu-tools-for-stm32/14.3.1+st.2/lib/gcc/arm-none-eabi/14.3.1/include/arm_mve.h **** __attribute__ ((__always_inline__, __gnu_inline__, __artificial__))
 837:/home/min/snap/code/235/.local/share/stm32cube/bundles/gnu-tools-for-stm32/14.3.1+st.2/lib/gcc/arm-none-eabi/14.3.1/include/arm_mve.h **** __arm_vbicq_u8 (uint8x16_t __a, uint8x16_t __b)
 838:/home/min/snap/code/235/.local/share/stm32cube/bundles/gnu-tools-for-stm32/14.3.1+st.2/lib/gcc/arm-none-eabi/14.3.1/include/arm_mve.h **** {
 839:/home/min/snap/code/235/.local/share/stm32cube/bundles/gnu-tools-for-stm32/14.3.1+st.2/lib/gcc/arm-none-eabi/14.3.1/include/arm_mve.h ****   return __builtin_mve_vbicq_uv16qi (__a, __b);
 840:/home/min/snap/code/235/.local/share/stm32cube/bundles/gnu-tools-for-stm32/14.3.1+st.2/lib/gcc/arm-none-eabi/14.3.1/include/arm_mve.h **** }
 841:/home/min/snap/code/235/.local/share/stm32cube/bundles/gnu-tools-for-stm32/14.3.1+st.2/lib/gcc/arm-none-eabi/14.3.1/include/arm_mve.h **** 
 842:/home/min/snap/code/235/.local/share/stm32cube/bundles/gnu-tools-for-stm32/14.3.1+st.2/lib/gcc/arm-none-eabi/14.3.1/include/arm_mve.h **** __extension__ extern __inline int8x16_t
 843:/home/min/snap/code/235/.local/share/stm32cube/bundles/gnu-tools-for-stm32/14.3.1+st.2/lib/gcc/arm-none-eabi/14.3.1/include/arm_mve.h **** __attribute__ ((__always_inline__, __gnu_inline__, __artificial__))
 844:/home/min/snap/code/235/.local/share/stm32cube/bundles/gnu-tools-for-stm32/14.3.1+st.2/lib/gcc/arm-none-eabi/14.3.1/include/arm_mve.h **** __arm_vornq_s8 (int8x16_t __a, int8x16_t __b)
 845:/home/min/snap/code/235/.local/share/stm32cube/bundles/gnu-tools-for-stm32/14.3.1+st.2/lib/gcc/arm-none-eabi/14.3.1/include/arm_mve.h **** {
 846:/home/min/snap/code/235/.local/share/stm32cube/bundles/gnu-tools-for-stm32/14.3.1+st.2/lib/gcc/arm-none-eabi/14.3.1/include/arm_mve.h ****   return __builtin_mve_vornq_sv16qi (__a, __b);
 847:/home/min/snap/code/235/.local/share/stm32cube/bundles/gnu-tools-for-stm32/14.3.1+st.2/lib/gcc/arm-none-eabi/14.3.1/include/arm_mve.h **** }
 848:/home/min/snap/code/235/.local/share/stm32cube/bundles/gnu-tools-for-stm32/14.3.1+st.2/lib/gcc/arm-none-eabi/14.3.1/include/arm_mve.h **** 
 849:/home/min/snap/code/235/.local/share/stm32cube/bundles/gnu-tools-for-stm32/14.3.1+st.2/lib/gcc/arm-none-eabi/14.3.1/include/arm_mve.h **** __extension__ extern __inline int8x16_t
 850:/home/min/snap/code/235/.local/share/stm32cube/bundles/gnu-tools-for-stm32/14.3.1+st.2/lib/gcc/arm-none-eabi/14.3.1/include/arm_mve.h **** __attribute__ ((__always_inline__, __gnu_inline__, __artificial__))
 851:/home/min/snap/code/235/.local/share/stm32cube/bundles/gnu-tools-for-stm32/14.3.1+st.2/lib/gcc/arm-none-eabi/14.3.1/include/arm_mve.h **** __arm_vbicq_s8 (int8x16_t __a, int8x16_t __b)
 852:/home/min/snap/code/235/.local/share/stm32cube/bundles/gnu-tools-for-stm32/14.3.1+st.2/lib/gcc/arm-none-eabi/14.3.1/include/arm_mve.h **** {
 853:/home/min/snap/code/235/.local/share/stm32cube/bundles/gnu-tools-for-stm32/14.3.1+st.2/lib/gcc/arm-none-eabi/14.3.1/include/arm_mve.h ****   return __builtin_mve_vbicq_sv16qi (__a, __b);
 854:/home/min/snap/code/235/.local/share/stm32cube/bundles/gnu-tools-for-stm32/14.3.1+st.2/lib/gcc/arm-none-eabi/14.3.1/include/arm_mve.h **** }
 855:/home/min/snap/code/235/.local/share/stm32cube/bundles/gnu-tools-for-stm32/14.3.1+st.2/lib/gcc/arm-none-eabi/14.3.1/include/arm_mve.h **** 
 856:/home/min/snap/code/235/.local/share/stm32cube/bundles/gnu-tools-for-stm32/14.3.1+st.2/lib/gcc/arm-none-eabi/14.3.1/include/arm_mve.h **** __extension__ extern __inline uint16x8_t
 857:/home/min/snap/code/235/.local/share/stm32cube/bundles/gnu-tools-for-stm32/14.3.1+st.2/lib/gcc/arm-none-eabi/14.3.1/include/arm_mve.h **** __attribute__ ((__always_inline__, __gnu_inline__, __artificial__))
 858:/home/min/snap/code/235/.local/share/stm32cube/bundles/gnu-tools-for-stm32/14.3.1+st.2/lib/gcc/arm-none-eabi/14.3.1/include/arm_mve.h **** __arm_vornq_u16 (uint16x8_t __a, uint16x8_t __b)
 859:/home/min/snap/code/235/.local/share/stm32cube/bundles/gnu-tools-for-stm32/14.3.1+st.2/lib/gcc/arm-none-eabi/14.3.1/include/arm_mve.h **** {
 860:/home/min/snap/code/235/.local/share/stm32cube/bundles/gnu-tools-for-stm32/14.3.1+st.2/lib/gcc/arm-none-eabi/14.3.1/include/arm_mve.h ****   return __builtin_mve_vornq_uv8hi (__a, __b);
 861:/home/min/snap/code/235/.local/share/stm32cube/bundles/gnu-tools-for-stm32/14.3.1+st.2/lib/gcc/arm-none-eabi/14.3.1/include/arm_mve.h **** }
 862:/home/min/snap/code/235/.local/share/stm32cube/bundles/gnu-tools-for-stm32/14.3.1+st.2/lib/gcc/arm-none-eabi/14.3.1/include/arm_mve.h **** 
 863:/home/min/snap/code/235/.local/share/stm32cube/bundles/gnu-tools-for-stm32/14.3.1+st.2/lib/gcc/arm-none-eabi/14.3.1/include/arm_mve.h **** __extension__ extern __inline uint16x8_t
 864:/home/min/snap/code/235/.local/share/stm32cube/bundles/gnu-tools-for-stm32/14.3.1+st.2/lib/gcc/arm-none-eabi/14.3.1/include/arm_mve.h **** __attribute__ ((__always_inline__, __gnu_inline__, __artificial__))
 865:/home/min/snap/code/235/.local/share/stm32cube/bundles/gnu-tools-for-stm32/14.3.1+st.2/lib/gcc/arm-none-eabi/14.3.1/include/arm_mve.h **** __arm_vbicq_u16 (uint16x8_t __a, uint16x8_t __b)
 866:/home/min/snap/code/235/.local/share/stm32cube/bundles/gnu-tools-for-stm32/14.3.1+st.2/lib/gcc/arm-none-eabi/14.3.1/include/arm_mve.h **** {
ARM GAS  /tmp/cc1JbEzq.s 			page 18


 867:/home/min/snap/code/235/.local/share/stm32cube/bundles/gnu-tools-for-stm32/14.3.1+st.2/lib/gcc/arm-none-eabi/14.3.1/include/arm_mve.h ****   return __builtin_mve_vbicq_uv8hi (__a, __b);
 868:/home/min/snap/code/235/.local/share/stm32cube/bundles/gnu-tools-for-stm32/14.3.1+st.2/lib/gcc/arm-none-eabi/14.3.1/include/arm_mve.h **** }
 869:/home/min/snap/code/235/.local/share/stm32cube/bundles/gnu-tools-for-stm32/14.3.1+st.2/lib/gcc/arm-none-eabi/14.3.1/include/arm_mve.h **** 
 870:/home/min/snap/code/235/.local/share/stm32cube/bundles/gnu-tools-for-stm32/14.3.1+st.2/lib/gcc/arm-none-eabi/14.3.1/include/arm_mve.h **** __extension__ extern __inline int16x8_t
 871:/home/min/snap/code/235/.local/share/stm32cube/bundles/gnu-tools-for-stm32/14.3.1+st.2/lib/gcc/arm-none-eabi/14.3.1/include/arm_mve.h **** __attribute__ ((__always_inline__, __gnu_inline__, __artificial__))
 872:/home/min/snap/code/235/.local/share/stm32cube/bundles/gnu-tools-for-stm32/14.3.1+st.2/lib/gcc/arm-none-eabi/14.3.1/include/arm_mve.h **** __arm_vornq_s16 (int16x8_t __a, int16x8_t __b)
 873:/home/min/snap/code/235/.local/share/stm32cube/bundles/gnu-tools-for-stm32/14.3.1+st.2/lib/gcc/arm-none-eabi/14.3.1/include/arm_mve.h **** {
 874:/home/min/snap/code/235/.local/share/stm32cube/bundles/gnu-tools-for-stm32/14.3.1+st.2/lib/gcc/arm-none-eabi/14.3.1/include/arm_mve.h ****   return __builtin_mve_vornq_sv8hi (__a, __b);
 875:/home/min/snap/code/235/.local/share/stm32cube/bundles/gnu-tools-for-stm32/14.3.1+st.2/lib/gcc/arm-none-eabi/14.3.1/include/arm_mve.h **** }
 876:/home/min/snap/code/235/.local/share/stm32cube/bundles/gnu-tools-for-stm32/14.3.1+st.2/lib/gcc/arm-none-eabi/14.3.1/include/arm_mve.h **** 
 877:/home/min/snap/code/235/.local/share/stm32cube/bundles/gnu-tools-for-stm32/14.3.1+st.2/lib/gcc/arm-none-eabi/14.3.1/include/arm_mve.h **** __extension__ extern __inline int16x8_t
 878:/home/min/snap/code/235/.local/share/stm32cube/bundles/gnu-tools-for-stm32/14.3.1+st.2/lib/gcc/arm-none-eabi/14.3.1/include/arm_mve.h **** __attribute__ ((__always_inline__, __gnu_inline__, __artificial__))
 879:/home/min/snap/code/235/.local/share/stm32cube/bundles/gnu-tools-for-stm32/14.3.1+st.2/lib/gcc/arm-none-eabi/14.3.1/include/arm_mve.h **** __arm_vbicq_s16 (int16x8_t __a, int16x8_t __b)
 880:/home/min/snap/code/235/.local/share/stm32cube/bundles/gnu-tools-for-stm32/14.3.1+st.2/lib/gcc/arm-none-eabi/14.3.1/include/arm_mve.h **** {
 881:/home/min/snap/code/235/.local/share/stm32cube/bundles/gnu-tools-for-stm32/14.3.1+st.2/lib/gcc/arm-none-eabi/14.3.1/include/arm_mve.h ****   return __builtin_mve_vbicq_sv8hi (__a, __b);
 882:/home/min/snap/code/235/.local/share/stm32cube/bundles/gnu-tools-for-stm32/14.3.1+st.2/lib/gcc/arm-none-eabi/14.3.1/include/arm_mve.h **** }
 883:/home/min/snap/code/235/.local/share/stm32cube/bundles/gnu-tools-for-stm32/14.3.1+st.2/lib/gcc/arm-none-eabi/14.3.1/include/arm_mve.h **** 
 884:/home/min/snap/code/235/.local/share/stm32cube/bundles/gnu-tools-for-stm32/14.3.1+st.2/lib/gcc/arm-none-eabi/14.3.1/include/arm_mve.h **** __extension__ extern __inline uint32x4_t
 885:/home/min/snap/code/235/.local/share/stm32cube/bundles/gnu-tools-for-stm32/14.3.1+st.2/lib/gcc/arm-none-eabi/14.3.1/include/arm_mve.h **** __attribute__ ((__always_inline__, __gnu_inline__, __artificial__))
 886:/home/min/snap/code/235/.local/share/stm32cube/bundles/gnu-tools-for-stm32/14.3.1+st.2/lib/gcc/arm-none-eabi/14.3.1/include/arm_mve.h **** __arm_vornq_u32 (uint32x4_t __a, uint32x4_t __b)
 887:/home/min/snap/code/235/.local/share/stm32cube/bundles/gnu-tools-for-stm32/14.3.1+st.2/lib/gcc/arm-none-eabi/14.3.1/include/arm_mve.h **** {
 888:/home/min/snap/code/235/.local/share/stm32cube/bundles/gnu-tools-for-stm32/14.3.1+st.2/lib/gcc/arm-none-eabi/14.3.1/include/arm_mve.h ****   return __builtin_mve_vornq_uv4si (__a, __b);
 889:/home/min/snap/code/235/.local/share/stm32cube/bundles/gnu-tools-for-stm32/14.3.1+st.2/lib/gcc/arm-none-eabi/14.3.1/include/arm_mve.h **** }
 890:/home/min/snap/code/235/.local/share/stm32cube/bundles/gnu-tools-for-stm32/14.3.1+st.2/lib/gcc/arm-none-eabi/14.3.1/include/arm_mve.h **** 
 891:/home/min/snap/code/235/.local/share/stm32cube/bundles/gnu-tools-for-stm32/14.3.1+st.2/lib/gcc/arm-none-eabi/14.3.1/include/arm_mve.h **** __extension__ extern __inline uint32x4_t
 892:/home/min/snap/code/235/.local/share/stm32cube/bundles/gnu-tools-for-stm32/14.3.1+st.2/lib/gcc/arm-none-eabi/14.3.1/include/arm_mve.h **** __attribute__ ((__always_inline__, __gnu_inline__, __artificial__))
 893:/home/min/snap/code/235/.local/share/stm32cube/bundles/gnu-tools-for-stm32/14.3.1+st.2/lib/gcc/arm-none-eabi/14.3.1/include/arm_mve.h **** __arm_vbicq_u32 (uint32x4_t __a, uint32x4_t __b)
 894:/home/min/snap/code/235/.local/share/stm32cube/bundles/gnu-tools-for-stm32/14.3.1+st.2/lib/gcc/arm-none-eabi/14.3.1/include/arm_mve.h **** {
 895:/home/min/snap/code/235/.local/share/stm32cube/bundles/gnu-tools-for-stm32/14.3.1+st.2/lib/gcc/arm-none-eabi/14.3.1/include/arm_mve.h ****   return __builtin_mve_vbicq_uv4si (__a, __b);
 896:/home/min/snap/code/235/.local/share/stm32cube/bundles/gnu-tools-for-stm32/14.3.1+st.2/lib/gcc/arm-none-eabi/14.3.1/include/arm_mve.h **** }
 897:/home/min/snap/code/235/.local/share/stm32cube/bundles/gnu-tools-for-stm32/14.3.1+st.2/lib/gcc/arm-none-eabi/14.3.1/include/arm_mve.h **** 
 898:/home/min/snap/code/235/.local/share/stm32cube/bundles/gnu-tools-for-stm32/14.3.1+st.2/lib/gcc/arm-none-eabi/14.3.1/include/arm_mve.h **** __extension__ extern __inline int32x4_t
 899:/home/min/snap/code/235/.local/share/stm32cube/bundles/gnu-tools-for-stm32/14.3.1+st.2/lib/gcc/arm-none-eabi/14.3.1/include/arm_mve.h **** __attribute__ ((__always_inline__, __gnu_inline__, __artificial__))
 900:/home/min/snap/code/235/.local/share/stm32cube/bundles/gnu-tools-for-stm32/14.3.1+st.2/lib/gcc/arm-none-eabi/14.3.1/include/arm_mve.h **** __arm_vornq_s32 (int32x4_t __a, int32x4_t __b)
 901:/home/min/snap/code/235/.local/share/stm32cube/bundles/gnu-tools-for-stm32/14.3.1+st.2/lib/gcc/arm-none-eabi/14.3.1/include/arm_mve.h **** {
 902:/home/min/snap/code/235/.local/share/stm32cube/bundles/gnu-tools-for-stm32/14.3.1+st.2/lib/gcc/arm-none-eabi/14.3.1/include/arm_mve.h ****   return __builtin_mve_vornq_sv4si (__a, __b);
 903:/home/min/snap/code/235/.local/share/stm32cube/bundles/gnu-tools-for-stm32/14.3.1+st.2/lib/gcc/arm-none-eabi/14.3.1/include/arm_mve.h **** }
 904:/home/min/snap/code/235/.local/share/stm32cube/bundles/gnu-tools-for-stm32/14.3.1+st.2/lib/gcc/arm-none-eabi/14.3.1/include/arm_mve.h **** 
 905:/home/min/snap/code/235/.local/share/stm32cube/bundles/gnu-tools-for-stm32/14.3.1+st.2/lib/gcc/arm-none-eabi/14.3.1/include/arm_mve.h **** __extension__ extern __inline int32x4_t
 906:/home/min/snap/code/235/.local/share/stm32cube/bundles/gnu-tools-for-stm32/14.3.1+st.2/lib/gcc/arm-none-eabi/14.3.1/include/arm_mve.h **** __attribute__ ((__always_inline__, __gnu_inline__, __artificial__))
 907:/home/min/snap/code/235/.local/share/stm32cube/bundles/gnu-tools-for-stm32/14.3.1+st.2/lib/gcc/arm-none-eabi/14.3.1/include/arm_mve.h **** __arm_vbicq_s32 (int32x4_t __a, int32x4_t __b)
 908:/home/min/snap/code/235/.local/share/stm32cube/bundles/gnu-tools-for-stm32/14.3.1+st.2/lib/gcc/arm-none-eabi/14.3.1/include/arm_mve.h **** {
 909:/home/min/snap/code/235/.local/share/stm32cube/bundles/gnu-tools-for-stm32/14.3.1+st.2/lib/gcc/arm-none-eabi/14.3.1/include/arm_mve.h ****   return __builtin_mve_vbicq_sv4si (__a, __b);
 910:/home/min/snap/code/235/.local/share/stm32cube/bundles/gnu-tools-for-stm32/14.3.1+st.2/lib/gcc/arm-none-eabi/14.3.1/include/arm_mve.h **** }
 911:/home/min/snap/code/235/.local/share/stm32cube/bundles/gnu-tools-for-stm32/14.3.1+st.2/lib/gcc/arm-none-eabi/14.3.1/include/arm_mve.h **** 
 912:/home/min/snap/code/235/.local/share/stm32cube/bundles/gnu-tools-for-stm32/14.3.1+st.2/lib/gcc/arm-none-eabi/14.3.1/include/arm_mve.h **** __extension__ extern __inline uint16x8_t
 913:/home/min/snap/code/235/.local/share/stm32cube/bundles/gnu-tools-for-stm32/14.3.1+st.2/lib/gcc/arm-none-eabi/14.3.1/include/arm_mve.h **** __attribute__ ((__always_inline__, __gnu_inline__, __artificial__))
 914:/home/min/snap/code/235/.local/share/stm32cube/bundles/gnu-tools-for-stm32/14.3.1+st.2/lib/gcc/arm-none-eabi/14.3.1/include/arm_mve.h **** __arm_vbicq_n_u16 (uint16x8_t __a, const int __imm)
 915:/home/min/snap/code/235/.local/share/stm32cube/bundles/gnu-tools-for-stm32/14.3.1+st.2/lib/gcc/arm-none-eabi/14.3.1/include/arm_mve.h **** {
 916:/home/min/snap/code/235/.local/share/stm32cube/bundles/gnu-tools-for-stm32/14.3.1+st.2/lib/gcc/arm-none-eabi/14.3.1/include/arm_mve.h ****   return __builtin_mve_vbicq_n_uv8hi (__a, __imm);
 917:/home/min/snap/code/235/.local/share/stm32cube/bundles/gnu-tools-for-stm32/14.3.1+st.2/lib/gcc/arm-none-eabi/14.3.1/include/arm_mve.h **** }
 918:/home/min/snap/code/235/.local/share/stm32cube/bundles/gnu-tools-for-stm32/14.3.1+st.2/lib/gcc/arm-none-eabi/14.3.1/include/arm_mve.h **** 
 919:/home/min/snap/code/235/.local/share/stm32cube/bundles/gnu-tools-for-stm32/14.3.1+st.2/lib/gcc/arm-none-eabi/14.3.1/include/arm_mve.h **** __extension__ extern __inline int16x8_t
 920:/home/min/snap/code/235/.local/share/stm32cube/bundles/gnu-tools-for-stm32/14.3.1+st.2/lib/gcc/arm-none-eabi/14.3.1/include/arm_mve.h **** __attribute__ ((__always_inline__, __gnu_inline__, __artificial__))
 921:/home/min/snap/code/235/.local/share/stm32cube/bundles/gnu-tools-for-stm32/14.3.1+st.2/lib/gcc/arm-none-eabi/14.3.1/include/arm_mve.h **** __arm_vbicq_n_s16 (int16x8_t __a, const int __imm)
 922:/home/min/snap/code/235/.local/share/stm32cube/bundles/gnu-tools-for-stm32/14.3.1+st.2/lib/gcc/arm-none-eabi/14.3.1/include/arm_mve.h **** {
 923:/home/min/snap/code/235/.local/share/stm32cube/bundles/gnu-tools-for-stm32/14.3.1+st.2/lib/gcc/arm-none-eabi/14.3.1/include/arm_mve.h ****   return __builtin_mve_vbicq_n_sv8hi (__a, __imm);
ARM GAS  /tmp/cc1JbEzq.s 			page 19


 924:/home/min/snap/code/235/.local/share/stm32cube/bundles/gnu-tools-for-stm32/14.3.1+st.2/lib/gcc/arm-none-eabi/14.3.1/include/arm_mve.h **** }
 925:/home/min/snap/code/235/.local/share/stm32cube/bundles/gnu-tools-for-stm32/14.3.1+st.2/lib/gcc/arm-none-eabi/14.3.1/include/arm_mve.h **** 
 926:/home/min/snap/code/235/.local/share/stm32cube/bundles/gnu-tools-for-stm32/14.3.1+st.2/lib/gcc/arm-none-eabi/14.3.1/include/arm_mve.h **** __extension__ extern __inline uint32x4_t
 927:/home/min/snap/code/235/.local/share/stm32cube/bundles/gnu-tools-for-stm32/14.3.1+st.2/lib/gcc/arm-none-eabi/14.3.1/include/arm_mve.h **** __attribute__ ((__always_inline__, __gnu_inline__, __artificial__))
 928:/home/min/snap/code/235/.local/share/stm32cube/bundles/gnu-tools-for-stm32/14.3.1+st.2/lib/gcc/arm-none-eabi/14.3.1/include/arm_mve.h **** __arm_vbicq_n_u32 (uint32x4_t __a, const int __imm)
 929:/home/min/snap/code/235/.local/share/stm32cube/bundles/gnu-tools-for-stm32/14.3.1+st.2/lib/gcc/arm-none-eabi/14.3.1/include/arm_mve.h **** {
 930:/home/min/snap/code/235/.local/share/stm32cube/bundles/gnu-tools-for-stm32/14.3.1+st.2/lib/gcc/arm-none-eabi/14.3.1/include/arm_mve.h ****   return __builtin_mve_vbicq_n_uv4si (__a, __imm);
 931:/home/min/snap/code/235/.local/share/stm32cube/bundles/gnu-tools-for-stm32/14.3.1+st.2/lib/gcc/arm-none-eabi/14.3.1/include/arm_mve.h **** }
 932:/home/min/snap/code/235/.local/share/stm32cube/bundles/gnu-tools-for-stm32/14.3.1+st.2/lib/gcc/arm-none-eabi/14.3.1/include/arm_mve.h **** 
 933:/home/min/snap/code/235/.local/share/stm32cube/bundles/gnu-tools-for-stm32/14.3.1+st.2/lib/gcc/arm-none-eabi/14.3.1/include/arm_mve.h **** __extension__ extern __inline int32x4_t
 934:/home/min/snap/code/235/.local/share/stm32cube/bundles/gnu-tools-for-stm32/14.3.1+st.2/lib/gcc/arm-none-eabi/14.3.1/include/arm_mve.h **** __attribute__ ((__always_inline__, __gnu_inline__, __artificial__))
 935:/home/min/snap/code/235/.local/share/stm32cube/bundles/gnu-tools-for-stm32/14.3.1+st.2/lib/gcc/arm-none-eabi/14.3.1/include/arm_mve.h **** __arm_vbicq_n_s32 (int32x4_t __a, const int __imm)
 936:/home/min/snap/code/235/.local/share/stm32cube/bundles/gnu-tools-for-stm32/14.3.1+st.2/lib/gcc/arm-none-eabi/14.3.1/include/arm_mve.h **** {
 937:/home/min/snap/code/235/.local/share/stm32cube/bundles/gnu-tools-for-stm32/14.3.1+st.2/lib/gcc/arm-none-eabi/14.3.1/include/arm_mve.h ****   return __builtin_mve_vbicq_n_sv4si (__a, __imm);
 938:/home/min/snap/code/235/.local/share/stm32cube/bundles/gnu-tools-for-stm32/14.3.1+st.2/lib/gcc/arm-none-eabi/14.3.1/include/arm_mve.h **** }
 939:/home/min/snap/code/235/.local/share/stm32cube/bundles/gnu-tools-for-stm32/14.3.1+st.2/lib/gcc/arm-none-eabi/14.3.1/include/arm_mve.h **** 
 940:/home/min/snap/code/235/.local/share/stm32cube/bundles/gnu-tools-for-stm32/14.3.1+st.2/lib/gcc/arm-none-eabi/14.3.1/include/arm_mve.h **** __extension__ extern __inline mve_pred16_t
 941:/home/min/snap/code/235/.local/share/stm32cube/bundles/gnu-tools-for-stm32/14.3.1+st.2/lib/gcc/arm-none-eabi/14.3.1/include/arm_mve.h **** __attribute__ ((__always_inline__, __gnu_inline__, __artificial__))
 942:/home/min/snap/code/235/.local/share/stm32cube/bundles/gnu-tools-for-stm32/14.3.1+st.2/lib/gcc/arm-none-eabi/14.3.1/include/arm_mve.h **** __arm_vctp8q_m (uint32_t __a, mve_pred16_t __p)
 943:/home/min/snap/code/235/.local/share/stm32cube/bundles/gnu-tools-for-stm32/14.3.1+st.2/lib/gcc/arm-none-eabi/14.3.1/include/arm_mve.h **** {
 944:/home/min/snap/code/235/.local/share/stm32cube/bundles/gnu-tools-for-stm32/14.3.1+st.2/lib/gcc/arm-none-eabi/14.3.1/include/arm_mve.h ****   return __builtin_mve_vctp8q_mv16bi (__a, __p);
 945:/home/min/snap/code/235/.local/share/stm32cube/bundles/gnu-tools-for-stm32/14.3.1+st.2/lib/gcc/arm-none-eabi/14.3.1/include/arm_mve.h **** }
 946:/home/min/snap/code/235/.local/share/stm32cube/bundles/gnu-tools-for-stm32/14.3.1+st.2/lib/gcc/arm-none-eabi/14.3.1/include/arm_mve.h **** 
 947:/home/min/snap/code/235/.local/share/stm32cube/bundles/gnu-tools-for-stm32/14.3.1+st.2/lib/gcc/arm-none-eabi/14.3.1/include/arm_mve.h **** __extension__ extern __inline mve_pred16_t
 948:/home/min/snap/code/235/.local/share/stm32cube/bundles/gnu-tools-for-stm32/14.3.1+st.2/lib/gcc/arm-none-eabi/14.3.1/include/arm_mve.h **** __attribute__ ((__always_inline__, __gnu_inline__, __artificial__))
 949:/home/min/snap/code/235/.local/share/stm32cube/bundles/gnu-tools-for-stm32/14.3.1+st.2/lib/gcc/arm-none-eabi/14.3.1/include/arm_mve.h **** __arm_vctp64q_m (uint32_t __a, mve_pred16_t __p)
 950:/home/min/snap/code/235/.local/share/stm32cube/bundles/gnu-tools-for-stm32/14.3.1+st.2/lib/gcc/arm-none-eabi/14.3.1/include/arm_mve.h **** {
 951:/home/min/snap/code/235/.local/share/stm32cube/bundles/gnu-tools-for-stm32/14.3.1+st.2/lib/gcc/arm-none-eabi/14.3.1/include/arm_mve.h ****   return __builtin_mve_vctp64q_mv2qi (__a, __p);
 952:/home/min/snap/code/235/.local/share/stm32cube/bundles/gnu-tools-for-stm32/14.3.1+st.2/lib/gcc/arm-none-eabi/14.3.1/include/arm_mve.h **** }
 953:/home/min/snap/code/235/.local/share/stm32cube/bundles/gnu-tools-for-stm32/14.3.1+st.2/lib/gcc/arm-none-eabi/14.3.1/include/arm_mve.h **** 
 954:/home/min/snap/code/235/.local/share/stm32cube/bundles/gnu-tools-for-stm32/14.3.1+st.2/lib/gcc/arm-none-eabi/14.3.1/include/arm_mve.h **** __extension__ extern __inline mve_pred16_t
 955:/home/min/snap/code/235/.local/share/stm32cube/bundles/gnu-tools-for-stm32/14.3.1+st.2/lib/gcc/arm-none-eabi/14.3.1/include/arm_mve.h **** __attribute__ ((__always_inline__, __gnu_inline__, __artificial__))
 956:/home/min/snap/code/235/.local/share/stm32cube/bundles/gnu-tools-for-stm32/14.3.1+st.2/lib/gcc/arm-none-eabi/14.3.1/include/arm_mve.h **** __arm_vctp32q_m (uint32_t __a, mve_pred16_t __p)
 957:/home/min/snap/code/235/.local/share/stm32cube/bundles/gnu-tools-for-stm32/14.3.1+st.2/lib/gcc/arm-none-eabi/14.3.1/include/arm_mve.h **** {
 958:/home/min/snap/code/235/.local/share/stm32cube/bundles/gnu-tools-for-stm32/14.3.1+st.2/lib/gcc/arm-none-eabi/14.3.1/include/arm_mve.h ****   return __builtin_mve_vctp32q_mv4bi (__a, __p);
 959:/home/min/snap/code/235/.local/share/stm32cube/bundles/gnu-tools-for-stm32/14.3.1+st.2/lib/gcc/arm-none-eabi/14.3.1/include/arm_mve.h **** }
 960:/home/min/snap/code/235/.local/share/stm32cube/bundles/gnu-tools-for-stm32/14.3.1+st.2/lib/gcc/arm-none-eabi/14.3.1/include/arm_mve.h **** 
 961:/home/min/snap/code/235/.local/share/stm32cube/bundles/gnu-tools-for-stm32/14.3.1+st.2/lib/gcc/arm-none-eabi/14.3.1/include/arm_mve.h **** __extension__ extern __inline mve_pred16_t
 962:/home/min/snap/code/235/.local/share/stm32cube/bundles/gnu-tools-for-stm32/14.3.1+st.2/lib/gcc/arm-none-eabi/14.3.1/include/arm_mve.h **** __attribute__ ((__always_inline__, __gnu_inline__, __artificial__))
 963:/home/min/snap/code/235/.local/share/stm32cube/bundles/gnu-tools-for-stm32/14.3.1+st.2/lib/gcc/arm-none-eabi/14.3.1/include/arm_mve.h **** __arm_vctp16q_m (uint32_t __a, mve_pred16_t __p)
 964:/home/min/snap/code/235/.local/share/stm32cube/bundles/gnu-tools-for-stm32/14.3.1+st.2/lib/gcc/arm-none-eabi/14.3.1/include/arm_mve.h **** {
 965:/home/min/snap/code/235/.local/share/stm32cube/bundles/gnu-tools-for-stm32/14.3.1+st.2/lib/gcc/arm-none-eabi/14.3.1/include/arm_mve.h ****   return __builtin_mve_vctp16q_mv8bi (__a, __p);
 966:/home/min/snap/code/235/.local/share/stm32cube/bundles/gnu-tools-for-stm32/14.3.1+st.2/lib/gcc/arm-none-eabi/14.3.1/include/arm_mve.h **** }
 967:/home/min/snap/code/235/.local/share/stm32cube/bundles/gnu-tools-for-stm32/14.3.1+st.2/lib/gcc/arm-none-eabi/14.3.1/include/arm_mve.h **** 
 968:/home/min/snap/code/235/.local/share/stm32cube/bundles/gnu-tools-for-stm32/14.3.1+st.2/lib/gcc/arm-none-eabi/14.3.1/include/arm_mve.h **** __extension__ extern __inline int16x8_t
 969:/home/min/snap/code/235/.local/share/stm32cube/bundles/gnu-tools-for-stm32/14.3.1+st.2/lib/gcc/arm-none-eabi/14.3.1/include/arm_mve.h **** __attribute__ ((__always_inline__, __gnu_inline__, __artificial__))
 970:/home/min/snap/code/235/.local/share/stm32cube/bundles/gnu-tools-for-stm32/14.3.1+st.2/lib/gcc/arm-none-eabi/14.3.1/include/arm_mve.h **** __arm_vbicq_m_n_s16 (int16x8_t __a, const int __imm, mve_pred16_t __p)
 971:/home/min/snap/code/235/.local/share/stm32cube/bundles/gnu-tools-for-stm32/14.3.1+st.2/lib/gcc/arm-none-eabi/14.3.1/include/arm_mve.h **** {
 972:/home/min/snap/code/235/.local/share/stm32cube/bundles/gnu-tools-for-stm32/14.3.1+st.2/lib/gcc/arm-none-eabi/14.3.1/include/arm_mve.h ****   return __builtin_mve_vbicq_m_n_sv8hi (__a, __imm, __p);
 973:/home/min/snap/code/235/.local/share/stm32cube/bundles/gnu-tools-for-stm32/14.3.1+st.2/lib/gcc/arm-none-eabi/14.3.1/include/arm_mve.h **** }
 974:/home/min/snap/code/235/.local/share/stm32cube/bundles/gnu-tools-for-stm32/14.3.1+st.2/lib/gcc/arm-none-eabi/14.3.1/include/arm_mve.h **** 
 975:/home/min/snap/code/235/.local/share/stm32cube/bundles/gnu-tools-for-stm32/14.3.1+st.2/lib/gcc/arm-none-eabi/14.3.1/include/arm_mve.h **** __extension__ extern __inline int32x4_t
 976:/home/min/snap/code/235/.local/share/stm32cube/bundles/gnu-tools-for-stm32/14.3.1+st.2/lib/gcc/arm-none-eabi/14.3.1/include/arm_mve.h **** __attribute__ ((__always_inline__, __gnu_inline__, __artificial__))
 977:/home/min/snap/code/235/.local/share/stm32cube/bundles/gnu-tools-for-stm32/14.3.1+st.2/lib/gcc/arm-none-eabi/14.3.1/include/arm_mve.h **** __arm_vbicq_m_n_s32 (int32x4_t __a, const int __imm, mve_pred16_t __p)
 978:/home/min/snap/code/235/.local/share/stm32cube/bundles/gnu-tools-for-stm32/14.3.1+st.2/lib/gcc/arm-none-eabi/14.3.1/include/arm_mve.h **** {
 979:/home/min/snap/code/235/.local/share/stm32cube/bundles/gnu-tools-for-stm32/14.3.1+st.2/lib/gcc/arm-none-eabi/14.3.1/include/arm_mve.h ****   return __builtin_mve_vbicq_m_n_sv4si (__a, __imm, __p);
 980:/home/min/snap/code/235/.local/share/stm32cube/bundles/gnu-tools-for-stm32/14.3.1+st.2/lib/gcc/arm-none-eabi/14.3.1/include/arm_mve.h **** }
ARM GAS  /tmp/cc1JbEzq.s 			page 20


 981:/home/min/snap/code/235/.local/share/stm32cube/bundles/gnu-tools-for-stm32/14.3.1+st.2/lib/gcc/arm-none-eabi/14.3.1/include/arm_mve.h **** 
 982:/home/min/snap/code/235/.local/share/stm32cube/bundles/gnu-tools-for-stm32/14.3.1+st.2/lib/gcc/arm-none-eabi/14.3.1/include/arm_mve.h **** __extension__ extern __inline uint16x8_t
 983:/home/min/snap/code/235/.local/share/stm32cube/bundles/gnu-tools-for-stm32/14.3.1+st.2/lib/gcc/arm-none-eabi/14.3.1/include/arm_mve.h **** __attribute__ ((__always_inline__, __gnu_inline__, __artificial__))
 984:/home/min/snap/code/235/.local/share/stm32cube/bundles/gnu-tools-for-stm32/14.3.1+st.2/lib/gcc/arm-none-eabi/14.3.1/include/arm_mve.h **** __arm_vbicq_m_n_u16 (uint16x8_t __a, const int __imm, mve_pred16_t __p)
 985:/home/min/snap/code/235/.local/share/stm32cube/bundles/gnu-tools-for-stm32/14.3.1+st.2/lib/gcc/arm-none-eabi/14.3.1/include/arm_mve.h **** {
 986:/home/min/snap/code/235/.local/share/stm32cube/bundles/gnu-tools-for-stm32/14.3.1+st.2/lib/gcc/arm-none-eabi/14.3.1/include/arm_mve.h ****   return __builtin_mve_vbicq_m_n_uv8hi (__a, __imm, __p);
 987:/home/min/snap/code/235/.local/share/stm32cube/bundles/gnu-tools-for-stm32/14.3.1+st.2/lib/gcc/arm-none-eabi/14.3.1/include/arm_mve.h **** }
 988:/home/min/snap/code/235/.local/share/stm32cube/bundles/gnu-tools-for-stm32/14.3.1+st.2/lib/gcc/arm-none-eabi/14.3.1/include/arm_mve.h **** 
 989:/home/min/snap/code/235/.local/share/stm32cube/bundles/gnu-tools-for-stm32/14.3.1+st.2/lib/gcc/arm-none-eabi/14.3.1/include/arm_mve.h **** __extension__ extern __inline uint32x4_t
 990:/home/min/snap/code/235/.local/share/stm32cube/bundles/gnu-tools-for-stm32/14.3.1+st.2/lib/gcc/arm-none-eabi/14.3.1/include/arm_mve.h **** __attribute__ ((__always_inline__, __gnu_inline__, __artificial__))
 991:/home/min/snap/code/235/.local/share/stm32cube/bundles/gnu-tools-for-stm32/14.3.1+st.2/lib/gcc/arm-none-eabi/14.3.1/include/arm_mve.h **** __arm_vbicq_m_n_u32 (uint32x4_t __a, const int __imm, mve_pred16_t __p)
 992:/home/min/snap/code/235/.local/share/stm32cube/bundles/gnu-tools-for-stm32/14.3.1+st.2/lib/gcc/arm-none-eabi/14.3.1/include/arm_mve.h **** {
 993:/home/min/snap/code/235/.local/share/stm32cube/bundles/gnu-tools-for-stm32/14.3.1+st.2/lib/gcc/arm-none-eabi/14.3.1/include/arm_mve.h ****   return __builtin_mve_vbicq_m_n_uv4si (__a, __imm, __p);
 994:/home/min/snap/code/235/.local/share/stm32cube/bundles/gnu-tools-for-stm32/14.3.1+st.2/lib/gcc/arm-none-eabi/14.3.1/include/arm_mve.h **** }
 995:/home/min/snap/code/235/.local/share/stm32cube/bundles/gnu-tools-for-stm32/14.3.1+st.2/lib/gcc/arm-none-eabi/14.3.1/include/arm_mve.h **** 
 996:/home/min/snap/code/235/.local/share/stm32cube/bundles/gnu-tools-for-stm32/14.3.1+st.2/lib/gcc/arm-none-eabi/14.3.1/include/arm_mve.h **** __extension__ extern __inline int8x16_t
 997:/home/min/snap/code/235/.local/share/stm32cube/bundles/gnu-tools-for-stm32/14.3.1+st.2/lib/gcc/arm-none-eabi/14.3.1/include/arm_mve.h **** __attribute__ ((__always_inline__, __gnu_inline__, __artificial__))
 998:/home/min/snap/code/235/.local/share/stm32cube/bundles/gnu-tools-for-stm32/14.3.1+st.2/lib/gcc/arm-none-eabi/14.3.1/include/arm_mve.h **** __arm_vshlcq_s8 (int8x16_t __a, uint32_t * __b, const int __imm)
 999:/home/min/snap/code/235/.local/share/stm32cube/bundles/gnu-tools-for-stm32/14.3.1+st.2/lib/gcc/arm-none-eabi/14.3.1/include/arm_mve.h **** {
1000:/home/min/snap/code/235/.local/share/stm32cube/bundles/gnu-tools-for-stm32/14.3.1+st.2/lib/gcc/arm-none-eabi/14.3.1/include/arm_mve.h ****   int8x16_t __res = __builtin_mve_vshlcq_vec_sv16qi (__a, *__b, __imm);
1001:/home/min/snap/code/235/.local/share/stm32cube/bundles/gnu-tools-for-stm32/14.3.1+st.2/lib/gcc/arm-none-eabi/14.3.1/include/arm_mve.h ****   *__b = __builtin_mve_vshlcq_carry_sv16qi (__a, *__b, __imm);
1002:/home/min/snap/code/235/.local/share/stm32cube/bundles/gnu-tools-for-stm32/14.3.1+st.2/lib/gcc/arm-none-eabi/14.3.1/include/arm_mve.h ****   return __res;
1003:/home/min/snap/code/235/.local/share/stm32cube/bundles/gnu-tools-for-stm32/14.3.1+st.2/lib/gcc/arm-none-eabi/14.3.1/include/arm_mve.h **** }
1004:/home/min/snap/code/235/.local/share/stm32cube/bundles/gnu-tools-for-stm32/14.3.1+st.2/lib/gcc/arm-none-eabi/14.3.1/include/arm_mve.h **** 
1005:/home/min/snap/code/235/.local/share/stm32cube/bundles/gnu-tools-for-stm32/14.3.1+st.2/lib/gcc/arm-none-eabi/14.3.1/include/arm_mve.h **** __extension__ extern __inline uint8x16_t
1006:/home/min/snap/code/235/.local/share/stm32cube/bundles/gnu-tools-for-stm32/14.3.1+st.2/lib/gcc/arm-none-eabi/14.3.1/include/arm_mve.h **** __attribute__ ((__always_inline__, __gnu_inline__, __artificial__))
1007:/home/min/snap/code/235/.local/share/stm32cube/bundles/gnu-tools-for-stm32/14.3.1+st.2/lib/gcc/arm-none-eabi/14.3.1/include/arm_mve.h **** __arm_vshlcq_u8 (uint8x16_t __a, uint32_t * __b, const int __imm)
1008:/home/min/snap/code/235/.local/share/stm32cube/bundles/gnu-tools-for-stm32/14.3.1+st.2/lib/gcc/arm-none-eabi/14.3.1/include/arm_mve.h **** {
1009:/home/min/snap/code/235/.local/share/stm32cube/bundles/gnu-tools-for-stm32/14.3.1+st.2/lib/gcc/arm-none-eabi/14.3.1/include/arm_mve.h ****   uint8x16_t __res = __builtin_mve_vshlcq_vec_uv16qi (__a, *__b, __imm);
1010:/home/min/snap/code/235/.local/share/stm32cube/bundles/gnu-tools-for-stm32/14.3.1+st.2/lib/gcc/arm-none-eabi/14.3.1/include/arm_mve.h ****   *__b = __builtin_mve_vshlcq_carry_uv16qi (__a, *__b, __imm);
1011:/home/min/snap/code/235/.local/share/stm32cube/bundles/gnu-tools-for-stm32/14.3.1+st.2/lib/gcc/arm-none-eabi/14.3.1/include/arm_mve.h ****   return __res;
1012:/home/min/snap/code/235/.local/share/stm32cube/bundles/gnu-tools-for-stm32/14.3.1+st.2/lib/gcc/arm-none-eabi/14.3.1/include/arm_mve.h **** }
1013:/home/min/snap/code/235/.local/share/stm32cube/bundles/gnu-tools-for-stm32/14.3.1+st.2/lib/gcc/arm-none-eabi/14.3.1/include/arm_mve.h **** 
1014:/home/min/snap/code/235/.local/share/stm32cube/bundles/gnu-tools-for-stm32/14.3.1+st.2/lib/gcc/arm-none-eabi/14.3.1/include/arm_mve.h **** __extension__ extern __inline int16x8_t
1015:/home/min/snap/code/235/.local/share/stm32cube/bundles/gnu-tools-for-stm32/14.3.1+st.2/lib/gcc/arm-none-eabi/14.3.1/include/arm_mve.h **** __attribute__ ((__always_inline__, __gnu_inline__, __artificial__))
1016:/home/min/snap/code/235/.local/share/stm32cube/bundles/gnu-tools-for-stm32/14.3.1+st.2/lib/gcc/arm-none-eabi/14.3.1/include/arm_mve.h **** __arm_vshlcq_s16 (int16x8_t __a, uint32_t * __b, const int __imm)
1017:/home/min/snap/code/235/.local/share/stm32cube/bundles/gnu-tools-for-stm32/14.3.1+st.2/lib/gcc/arm-none-eabi/14.3.1/include/arm_mve.h **** {
1018:/home/min/snap/code/235/.local/share/stm32cube/bundles/gnu-tools-for-stm32/14.3.1+st.2/lib/gcc/arm-none-eabi/14.3.1/include/arm_mve.h ****   int16x8_t __res = __builtin_mve_vshlcq_vec_sv8hi (__a, *__b, __imm);
1019:/home/min/snap/code/235/.local/share/stm32cube/bundles/gnu-tools-for-stm32/14.3.1+st.2/lib/gcc/arm-none-eabi/14.3.1/include/arm_mve.h ****   *__b = __builtin_mve_vshlcq_carry_sv8hi (__a, *__b, __imm);
1020:/home/min/snap/code/235/.local/share/stm32cube/bundles/gnu-tools-for-stm32/14.3.1+st.2/lib/gcc/arm-none-eabi/14.3.1/include/arm_mve.h ****   return __res;
1021:/home/min/snap/code/235/.local/share/stm32cube/bundles/gnu-tools-for-stm32/14.3.1+st.2/lib/gcc/arm-none-eabi/14.3.1/include/arm_mve.h **** }
1022:/home/min/snap/code/235/.local/share/stm32cube/bundles/gnu-tools-for-stm32/14.3.1+st.2/lib/gcc/arm-none-eabi/14.3.1/include/arm_mve.h **** 
1023:/home/min/snap/code/235/.local/share/stm32cube/bundles/gnu-tools-for-stm32/14.3.1+st.2/lib/gcc/arm-none-eabi/14.3.1/include/arm_mve.h **** __extension__ extern __inline uint16x8_t
1024:/home/min/snap/code/235/.local/share/stm32cube/bundles/gnu-tools-for-stm32/14.3.1+st.2/lib/gcc/arm-none-eabi/14.3.1/include/arm_mve.h **** __attribute__ ((__always_inline__, __gnu_inline__, __artificial__))
1025:/home/min/snap/code/235/.local/share/stm32cube/bundles/gnu-tools-for-stm32/14.3.1+st.2/lib/gcc/arm-none-eabi/14.3.1/include/arm_mve.h **** __arm_vshlcq_u16 (uint16x8_t __a, uint32_t * __b, const int __imm)
1026:/home/min/snap/code/235/.local/share/stm32cube/bundles/gnu-tools-for-stm32/14.3.1+st.2/lib/gcc/arm-none-eabi/14.3.1/include/arm_mve.h **** {
1027:/home/min/snap/code/235/.local/share/stm32cube/bundles/gnu-tools-for-stm32/14.3.1+st.2/lib/gcc/arm-none-eabi/14.3.1/include/arm_mve.h ****   uint16x8_t __res = __builtin_mve_vshlcq_vec_uv8hi (__a, *__b, __imm);
1028:/home/min/snap/code/235/.local/share/stm32cube/bundles/gnu-tools-for-stm32/14.3.1+st.2/lib/gcc/arm-none-eabi/14.3.1/include/arm_mve.h ****   *__b = __builtin_mve_vshlcq_carry_uv8hi (__a, *__b, __imm);
1029:/home/min/snap/code/235/.local/share/stm32cube/bundles/gnu-tools-for-stm32/14.3.1+st.2/lib/gcc/arm-none-eabi/14.3.1/include/arm_mve.h ****   return __res;
1030:/home/min/snap/code/235/.local/share/stm32cube/bundles/gnu-tools-for-stm32/14.3.1+st.2/lib/gcc/arm-none-eabi/14.3.1/include/arm_mve.h **** }
1031:/home/min/snap/code/235/.local/share/stm32cube/bundles/gnu-tools-for-stm32/14.3.1+st.2/lib/gcc/arm-none-eabi/14.3.1/include/arm_mve.h **** 
1032:/home/min/snap/code/235/.local/share/stm32cube/bundles/gnu-tools-for-stm32/14.3.1+st.2/lib/gcc/arm-none-eabi/14.3.1/include/arm_mve.h **** __extension__ extern __inline int32x4_t
1033:/home/min/snap/code/235/.local/share/stm32cube/bundles/gnu-tools-for-stm32/14.3.1+st.2/lib/gcc/arm-none-eabi/14.3.1/include/arm_mve.h **** __attribute__ ((__always_inline__, __gnu_inline__, __artificial__))
1034:/home/min/snap/code/235/.local/share/stm32cube/bundles/gnu-tools-for-stm32/14.3.1+st.2/lib/gcc/arm-none-eabi/14.3.1/include/arm_mve.h **** __arm_vshlcq_s32 (int32x4_t __a, uint32_t * __b, const int __imm)
1035:/home/min/snap/code/235/.local/share/stm32cube/bundles/gnu-tools-for-stm32/14.3.1+st.2/lib/gcc/arm-none-eabi/14.3.1/include/arm_mve.h **** {
1036:/home/min/snap/code/235/.local/share/stm32cube/bundles/gnu-tools-for-stm32/14.3.1+st.2/lib/gcc/arm-none-eabi/14.3.1/include/arm_mve.h ****   int32x4_t __res = __builtin_mve_vshlcq_vec_sv4si (__a, *__b, __imm);
1037:/home/min/snap/code/235/.local/share/stm32cube/bundles/gnu-tools-for-stm32/14.3.1+st.2/lib/gcc/arm-none-eabi/14.3.1/include/arm_mve.h ****   *__b = __builtin_mve_vshlcq_carry_sv4si (__a, *__b, __imm);
ARM GAS  /tmp/cc1JbEzq.s 			page 21


1038:/home/min/snap/code/235/.local/share/stm32cube/bundles/gnu-tools-for-stm32/14.3.1+st.2/lib/gcc/arm-none-eabi/14.3.1/include/arm_mve.h ****   return __res;
1039:/home/min/snap/code/235/.local/share/stm32cube/bundles/gnu-tools-for-stm32/14.3.1+st.2/lib/gcc/arm-none-eabi/14.3.1/include/arm_mve.h **** }
1040:/home/min/snap/code/235/.local/share/stm32cube/bundles/gnu-tools-for-stm32/14.3.1+st.2/lib/gcc/arm-none-eabi/14.3.1/include/arm_mve.h **** 
1041:/home/min/snap/code/235/.local/share/stm32cube/bundles/gnu-tools-for-stm32/14.3.1+st.2/lib/gcc/arm-none-eabi/14.3.1/include/arm_mve.h **** __extension__ extern __inline uint32x4_t
1042:/home/min/snap/code/235/.local/share/stm32cube/bundles/gnu-tools-for-stm32/14.3.1+st.2/lib/gcc/arm-none-eabi/14.3.1/include/arm_mve.h **** __attribute__ ((__always_inline__, __gnu_inline__, __artificial__))
1043:/home/min/snap/code/235/.local/share/stm32cube/bundles/gnu-tools-for-stm32/14.3.1+st.2/lib/gcc/arm-none-eabi/14.3.1/include/arm_mve.h **** __arm_vshlcq_u32 (uint32x4_t __a, uint32_t * __b, const int __imm)
1044:/home/min/snap/code/235/.local/share/stm32cube/bundles/gnu-tools-for-stm32/14.3.1+st.2/lib/gcc/arm-none-eabi/14.3.1/include/arm_mve.h **** {
1045:/home/min/snap/code/235/.local/share/stm32cube/bundles/gnu-tools-for-stm32/14.3.1+st.2/lib/gcc/arm-none-eabi/14.3.1/include/arm_mve.h ****   uint32x4_t __res = __builtin_mve_vshlcq_vec_uv4si (__a, *__b, __imm);
1046:/home/min/snap/code/235/.local/share/stm32cube/bundles/gnu-tools-for-stm32/14.3.1+st.2/lib/gcc/arm-none-eabi/14.3.1/include/arm_mve.h ****   *__b = __builtin_mve_vshlcq_carry_uv4si (__a, *__b, __imm);
1047:/home/min/snap/code/235/.local/share/stm32cube/bundles/gnu-tools-for-stm32/14.3.1+st.2/lib/gcc/arm-none-eabi/14.3.1/include/arm_mve.h ****   return __res;
1048:/home/min/snap/code/235/.local/share/stm32cube/bundles/gnu-tools-for-stm32/14.3.1+st.2/lib/gcc/arm-none-eabi/14.3.1/include/arm_mve.h **** }
1049:/home/min/snap/code/235/.local/share/stm32cube/bundles/gnu-tools-for-stm32/14.3.1+st.2/lib/gcc/arm-none-eabi/14.3.1/include/arm_mve.h **** 
1050:/home/min/snap/code/235/.local/share/stm32cube/bundles/gnu-tools-for-stm32/14.3.1+st.2/lib/gcc/arm-none-eabi/14.3.1/include/arm_mve.h **** __extension__ extern __inline int8x16_t
1051:/home/min/snap/code/235/.local/share/stm32cube/bundles/gnu-tools-for-stm32/14.3.1+st.2/lib/gcc/arm-none-eabi/14.3.1/include/arm_mve.h **** __attribute__ ((__always_inline__, __gnu_inline__, __artificial__))
1052:/home/min/snap/code/235/.local/share/stm32cube/bundles/gnu-tools-for-stm32/14.3.1+st.2/lib/gcc/arm-none-eabi/14.3.1/include/arm_mve.h **** __arm_vbicq_m_s8 (int8x16_t __inactive, int8x16_t __a, int8x16_t __b, mve_pred16_t __p)
1053:/home/min/snap/code/235/.local/share/stm32cube/bundles/gnu-tools-for-stm32/14.3.1+st.2/lib/gcc/arm-none-eabi/14.3.1/include/arm_mve.h **** {
1054:/home/min/snap/code/235/.local/share/stm32cube/bundles/gnu-tools-for-stm32/14.3.1+st.2/lib/gcc/arm-none-eabi/14.3.1/include/arm_mve.h ****   return __builtin_mve_vbicq_m_sv16qi (__inactive, __a, __b, __p);
1055:/home/min/snap/code/235/.local/share/stm32cube/bundles/gnu-tools-for-stm32/14.3.1+st.2/lib/gcc/arm-none-eabi/14.3.1/include/arm_mve.h **** }
1056:/home/min/snap/code/235/.local/share/stm32cube/bundles/gnu-tools-for-stm32/14.3.1+st.2/lib/gcc/arm-none-eabi/14.3.1/include/arm_mve.h **** 
1057:/home/min/snap/code/235/.local/share/stm32cube/bundles/gnu-tools-for-stm32/14.3.1+st.2/lib/gcc/arm-none-eabi/14.3.1/include/arm_mve.h **** __extension__ extern __inline int32x4_t
1058:/home/min/snap/code/235/.local/share/stm32cube/bundles/gnu-tools-for-stm32/14.3.1+st.2/lib/gcc/arm-none-eabi/14.3.1/include/arm_mve.h **** __attribute__ ((__always_inline__, __gnu_inline__, __artificial__))
1059:/home/min/snap/code/235/.local/share/stm32cube/bundles/gnu-tools-for-stm32/14.3.1+st.2/lib/gcc/arm-none-eabi/14.3.1/include/arm_mve.h **** __arm_vbicq_m_s32 (int32x4_t __inactive, int32x4_t __a, int32x4_t __b, mve_pred16_t __p)
1060:/home/min/snap/code/235/.local/share/stm32cube/bundles/gnu-tools-for-stm32/14.3.1+st.2/lib/gcc/arm-none-eabi/14.3.1/include/arm_mve.h **** {
1061:/home/min/snap/code/235/.local/share/stm32cube/bundles/gnu-tools-for-stm32/14.3.1+st.2/lib/gcc/arm-none-eabi/14.3.1/include/arm_mve.h ****   return __builtin_mve_vbicq_m_sv4si (__inactive, __a, __b, __p);
1062:/home/min/snap/code/235/.local/share/stm32cube/bundles/gnu-tools-for-stm32/14.3.1+st.2/lib/gcc/arm-none-eabi/14.3.1/include/arm_mve.h **** }
1063:/home/min/snap/code/235/.local/share/stm32cube/bundles/gnu-tools-for-stm32/14.3.1+st.2/lib/gcc/arm-none-eabi/14.3.1/include/arm_mve.h **** 
1064:/home/min/snap/code/235/.local/share/stm32cube/bundles/gnu-tools-for-stm32/14.3.1+st.2/lib/gcc/arm-none-eabi/14.3.1/include/arm_mve.h **** __extension__ extern __inline int16x8_t
1065:/home/min/snap/code/235/.local/share/stm32cube/bundles/gnu-tools-for-stm32/14.3.1+st.2/lib/gcc/arm-none-eabi/14.3.1/include/arm_mve.h **** __attribute__ ((__always_inline__, __gnu_inline__, __artificial__))
1066:/home/min/snap/code/235/.local/share/stm32cube/bundles/gnu-tools-for-stm32/14.3.1+st.2/lib/gcc/arm-none-eabi/14.3.1/include/arm_mve.h **** __arm_vbicq_m_s16 (int16x8_t __inactive, int16x8_t __a, int16x8_t __b, mve_pred16_t __p)
1067:/home/min/snap/code/235/.local/share/stm32cube/bundles/gnu-tools-for-stm32/14.3.1+st.2/lib/gcc/arm-none-eabi/14.3.1/include/arm_mve.h **** {
1068:/home/min/snap/code/235/.local/share/stm32cube/bundles/gnu-tools-for-stm32/14.3.1+st.2/lib/gcc/arm-none-eabi/14.3.1/include/arm_mve.h ****   return __builtin_mve_vbicq_m_sv8hi (__inactive, __a, __b, __p);
1069:/home/min/snap/code/235/.local/share/stm32cube/bundles/gnu-tools-for-stm32/14.3.1+st.2/lib/gcc/arm-none-eabi/14.3.1/include/arm_mve.h **** }
1070:/home/min/snap/code/235/.local/share/stm32cube/bundles/gnu-tools-for-stm32/14.3.1+st.2/lib/gcc/arm-none-eabi/14.3.1/include/arm_mve.h **** 
1071:/home/min/snap/code/235/.local/share/stm32cube/bundles/gnu-tools-for-stm32/14.3.1+st.2/lib/gcc/arm-none-eabi/14.3.1/include/arm_mve.h **** __extension__ extern __inline uint8x16_t
1072:/home/min/snap/code/235/.local/share/stm32cube/bundles/gnu-tools-for-stm32/14.3.1+st.2/lib/gcc/arm-none-eabi/14.3.1/include/arm_mve.h **** __attribute__ ((__always_inline__, __gnu_inline__, __artificial__))
1073:/home/min/snap/code/235/.local/share/stm32cube/bundles/gnu-tools-for-stm32/14.3.1+st.2/lib/gcc/arm-none-eabi/14.3.1/include/arm_mve.h **** __arm_vbicq_m_u8 (uint8x16_t __inactive, uint8x16_t __a, uint8x16_t __b, mve_pred16_t __p)
1074:/home/min/snap/code/235/.local/share/stm32cube/bundles/gnu-tools-for-stm32/14.3.1+st.2/lib/gcc/arm-none-eabi/14.3.1/include/arm_mve.h **** {
1075:/home/min/snap/code/235/.local/share/stm32cube/bundles/gnu-tools-for-stm32/14.3.1+st.2/lib/gcc/arm-none-eabi/14.3.1/include/arm_mve.h ****   return __builtin_mve_vbicq_m_uv16qi (__inactive, __a, __b, __p);
1076:/home/min/snap/code/235/.local/share/stm32cube/bundles/gnu-tools-for-stm32/14.3.1+st.2/lib/gcc/arm-none-eabi/14.3.1/include/arm_mve.h **** }
1077:/home/min/snap/code/235/.local/share/stm32cube/bundles/gnu-tools-for-stm32/14.3.1+st.2/lib/gcc/arm-none-eabi/14.3.1/include/arm_mve.h **** 
1078:/home/min/snap/code/235/.local/share/stm32cube/bundles/gnu-tools-for-stm32/14.3.1+st.2/lib/gcc/arm-none-eabi/14.3.1/include/arm_mve.h **** __extension__ extern __inline uint32x4_t
1079:/home/min/snap/code/235/.local/share/stm32cube/bundles/gnu-tools-for-stm32/14.3.1+st.2/lib/gcc/arm-none-eabi/14.3.1/include/arm_mve.h **** __attribute__ ((__always_inline__, __gnu_inline__, __artificial__))
1080:/home/min/snap/code/235/.local/share/stm32cube/bundles/gnu-tools-for-stm32/14.3.1+st.2/lib/gcc/arm-none-eabi/14.3.1/include/arm_mve.h **** __arm_vbicq_m_u32 (uint32x4_t __inactive, uint32x4_t __a, uint32x4_t __b, mve_pred16_t __p)
1081:/home/min/snap/code/235/.local/share/stm32cube/bundles/gnu-tools-for-stm32/14.3.1+st.2/lib/gcc/arm-none-eabi/14.3.1/include/arm_mve.h **** {
1082:/home/min/snap/code/235/.local/share/stm32cube/bundles/gnu-tools-for-stm32/14.3.1+st.2/lib/gcc/arm-none-eabi/14.3.1/include/arm_mve.h ****   return __builtin_mve_vbicq_m_uv4si (__inactive, __a, __b, __p);
1083:/home/min/snap/code/235/.local/share/stm32cube/bundles/gnu-tools-for-stm32/14.3.1+st.2/lib/gcc/arm-none-eabi/14.3.1/include/arm_mve.h **** }
1084:/home/min/snap/code/235/.local/share/stm32cube/bundles/gnu-tools-for-stm32/14.3.1+st.2/lib/gcc/arm-none-eabi/14.3.1/include/arm_mve.h **** 
1085:/home/min/snap/code/235/.local/share/stm32cube/bundles/gnu-tools-for-stm32/14.3.1+st.2/lib/gcc/arm-none-eabi/14.3.1/include/arm_mve.h **** __extension__ extern __inline uint16x8_t
1086:/home/min/snap/code/235/.local/share/stm32cube/bundles/gnu-tools-for-stm32/14.3.1+st.2/lib/gcc/arm-none-eabi/14.3.1/include/arm_mve.h **** __attribute__ ((__always_inline__, __gnu_inline__, __artificial__))
1087:/home/min/snap/code/235/.local/share/stm32cube/bundles/gnu-tools-for-stm32/14.3.1+st.2/lib/gcc/arm-none-eabi/14.3.1/include/arm_mve.h **** __arm_vbicq_m_u16 (uint16x8_t __inactive, uint16x8_t __a, uint16x8_t __b, mve_pred16_t __p)
1088:/home/min/snap/code/235/.local/share/stm32cube/bundles/gnu-tools-for-stm32/14.3.1+st.2/lib/gcc/arm-none-eabi/14.3.1/include/arm_mve.h **** {
1089:/home/min/snap/code/235/.local/share/stm32cube/bundles/gnu-tools-for-stm32/14.3.1+st.2/lib/gcc/arm-none-eabi/14.3.1/include/arm_mve.h ****   return __builtin_mve_vbicq_m_uv8hi (__inactive, __a, __b, __p);
1090:/home/min/snap/code/235/.local/share/stm32cube/bundles/gnu-tools-for-stm32/14.3.1+st.2/lib/gcc/arm-none-eabi/14.3.1/include/arm_mve.h **** }
1091:/home/min/snap/code/235/.local/share/stm32cube/bundles/gnu-tools-for-stm32/14.3.1+st.2/lib/gcc/arm-none-eabi/14.3.1/include/arm_mve.h **** 
1092:/home/min/snap/code/235/.local/share/stm32cube/bundles/gnu-tools-for-stm32/14.3.1+st.2/lib/gcc/arm-none-eabi/14.3.1/include/arm_mve.h **** __extension__ extern __inline int8x16_t
1093:/home/min/snap/code/235/.local/share/stm32cube/bundles/gnu-tools-for-stm32/14.3.1+st.2/lib/gcc/arm-none-eabi/14.3.1/include/arm_mve.h **** __attribute__ ((__always_inline__, __gnu_inline__, __artificial__))
1094:/home/min/snap/code/235/.local/share/stm32cube/bundles/gnu-tools-for-stm32/14.3.1+st.2/lib/gcc/arm-none-eabi/14.3.1/include/arm_mve.h **** __arm_vornq_m_s8 (int8x16_t __inactive, int8x16_t __a, int8x16_t __b, mve_pred16_t __p)
ARM GAS  /tmp/cc1JbEzq.s 			page 22


1095:/home/min/snap/code/235/.local/share/stm32cube/bundles/gnu-tools-for-stm32/14.3.1+st.2/lib/gcc/arm-none-eabi/14.3.1/include/arm_mve.h **** {
1096:/home/min/snap/code/235/.local/share/stm32cube/bundles/gnu-tools-for-stm32/14.3.1+st.2/lib/gcc/arm-none-eabi/14.3.1/include/arm_mve.h ****   return __builtin_mve_vornq_m_sv16qi (__inactive, __a, __b, __p);
1097:/home/min/snap/code/235/.local/share/stm32cube/bundles/gnu-tools-for-stm32/14.3.1+st.2/lib/gcc/arm-none-eabi/14.3.1/include/arm_mve.h **** }
1098:/home/min/snap/code/235/.local/share/stm32cube/bundles/gnu-tools-for-stm32/14.3.1+st.2/lib/gcc/arm-none-eabi/14.3.1/include/arm_mve.h **** 
1099:/home/min/snap/code/235/.local/share/stm32cube/bundles/gnu-tools-for-stm32/14.3.1+st.2/lib/gcc/arm-none-eabi/14.3.1/include/arm_mve.h **** __extension__ extern __inline int32x4_t
1100:/home/min/snap/code/235/.local/share/stm32cube/bundles/gnu-tools-for-stm32/14.3.1+st.2/lib/gcc/arm-none-eabi/14.3.1/include/arm_mve.h **** __attribute__ ((__always_inline__, __gnu_inline__, __artificial__))
1101:/home/min/snap/code/235/.local/share/stm32cube/bundles/gnu-tools-for-stm32/14.3.1+st.2/lib/gcc/arm-none-eabi/14.3.1/include/arm_mve.h **** __arm_vornq_m_s32 (int32x4_t __inactive, int32x4_t __a, int32x4_t __b, mve_pred16_t __p)
1102:/home/min/snap/code/235/.local/share/stm32cube/bundles/gnu-tools-for-stm32/14.3.1+st.2/lib/gcc/arm-none-eabi/14.3.1/include/arm_mve.h **** {
1103:/home/min/snap/code/235/.local/share/stm32cube/bundles/gnu-tools-for-stm32/14.3.1+st.2/lib/gcc/arm-none-eabi/14.3.1/include/arm_mve.h ****   return __builtin_mve_vornq_m_sv4si (__inactive, __a, __b, __p);
1104:/home/min/snap/code/235/.local/share/stm32cube/bundles/gnu-tools-for-stm32/14.3.1+st.2/lib/gcc/arm-none-eabi/14.3.1/include/arm_mve.h **** }
1105:/home/min/snap/code/235/.local/share/stm32cube/bundles/gnu-tools-for-stm32/14.3.1+st.2/lib/gcc/arm-none-eabi/14.3.1/include/arm_mve.h **** 
1106:/home/min/snap/code/235/.local/share/stm32cube/bundles/gnu-tools-for-stm32/14.3.1+st.2/lib/gcc/arm-none-eabi/14.3.1/include/arm_mve.h **** __extension__ extern __inline int16x8_t
1107:/home/min/snap/code/235/.local/share/stm32cube/bundles/gnu-tools-for-stm32/14.3.1+st.2/lib/gcc/arm-none-eabi/14.3.1/include/arm_mve.h **** __attribute__ ((__always_inline__, __gnu_inline__, __artificial__))
1108:/home/min/snap/code/235/.local/share/stm32cube/bundles/gnu-tools-for-stm32/14.3.1+st.2/lib/gcc/arm-none-eabi/14.3.1/include/arm_mve.h **** __arm_vornq_m_s16 (int16x8_t __inactive, int16x8_t __a, int16x8_t __b, mve_pred16_t __p)
1109:/home/min/snap/code/235/.local/share/stm32cube/bundles/gnu-tools-for-stm32/14.3.1+st.2/lib/gcc/arm-none-eabi/14.3.1/include/arm_mve.h **** {
1110:/home/min/snap/code/235/.local/share/stm32cube/bundles/gnu-tools-for-stm32/14.3.1+st.2/lib/gcc/arm-none-eabi/14.3.1/include/arm_mve.h ****   return __builtin_mve_vornq_m_sv8hi (__inactive, __a, __b, __p);
1111:/home/min/snap/code/235/.local/share/stm32cube/bundles/gnu-tools-for-stm32/14.3.1+st.2/lib/gcc/arm-none-eabi/14.3.1/include/arm_mve.h **** }
1112:/home/min/snap/code/235/.local/share/stm32cube/bundles/gnu-tools-for-stm32/14.3.1+st.2/lib/gcc/arm-none-eabi/14.3.1/include/arm_mve.h **** 
1113:/home/min/snap/code/235/.local/share/stm32cube/bundles/gnu-tools-for-stm32/14.3.1+st.2/lib/gcc/arm-none-eabi/14.3.1/include/arm_mve.h **** __extension__ extern __inline uint8x16_t
1114:/home/min/snap/code/235/.local/share/stm32cube/bundles/gnu-tools-for-stm32/14.3.1+st.2/lib/gcc/arm-none-eabi/14.3.1/include/arm_mve.h **** __attribute__ ((__always_inline__, __gnu_inline__, __artificial__))
1115:/home/min/snap/code/235/.local/share/stm32cube/bundles/gnu-tools-for-stm32/14.3.1+st.2/lib/gcc/arm-none-eabi/14.3.1/include/arm_mve.h **** __arm_vornq_m_u8 (uint8x16_t __inactive, uint8x16_t __a, uint8x16_t __b, mve_pred16_t __p)
1116:/home/min/snap/code/235/.local/share/stm32cube/bundles/gnu-tools-for-stm32/14.3.1+st.2/lib/gcc/arm-none-eabi/14.3.1/include/arm_mve.h **** {
1117:/home/min/snap/code/235/.local/share/stm32cube/bundles/gnu-tools-for-stm32/14.3.1+st.2/lib/gcc/arm-none-eabi/14.3.1/include/arm_mve.h ****   return __builtin_mve_vornq_m_uv16qi (__inactive, __a, __b, __p);
1118:/home/min/snap/code/235/.local/share/stm32cube/bundles/gnu-tools-for-stm32/14.3.1+st.2/lib/gcc/arm-none-eabi/14.3.1/include/arm_mve.h **** }
1119:/home/min/snap/code/235/.local/share/stm32cube/bundles/gnu-tools-for-stm32/14.3.1+st.2/lib/gcc/arm-none-eabi/14.3.1/include/arm_mve.h **** 
1120:/home/min/snap/code/235/.local/share/stm32cube/bundles/gnu-tools-for-stm32/14.3.1+st.2/lib/gcc/arm-none-eabi/14.3.1/include/arm_mve.h **** __extension__ extern __inline uint32x4_t
1121:/home/min/snap/code/235/.local/share/stm32cube/bundles/gnu-tools-for-stm32/14.3.1+st.2/lib/gcc/arm-none-eabi/14.3.1/include/arm_mve.h **** __attribute__ ((__always_inline__, __gnu_inline__, __artificial__))
1122:/home/min/snap/code/235/.local/share/stm32cube/bundles/gnu-tools-for-stm32/14.3.1+st.2/lib/gcc/arm-none-eabi/14.3.1/include/arm_mve.h **** __arm_vornq_m_u32 (uint32x4_t __inactive, uint32x4_t __a, uint32x4_t __b, mve_pred16_t __p)
1123:/home/min/snap/code/235/.local/share/stm32cube/bundles/gnu-tools-for-stm32/14.3.1+st.2/lib/gcc/arm-none-eabi/14.3.1/include/arm_mve.h **** {
1124:/home/min/snap/code/235/.local/share/stm32cube/bundles/gnu-tools-for-stm32/14.3.1+st.2/lib/gcc/arm-none-eabi/14.3.1/include/arm_mve.h ****   return __builtin_mve_vornq_m_uv4si (__inactive, __a, __b, __p);
1125:/home/min/snap/code/235/.local/share/stm32cube/bundles/gnu-tools-for-stm32/14.3.1+st.2/lib/gcc/arm-none-eabi/14.3.1/include/arm_mve.h **** }
1126:/home/min/snap/code/235/.local/share/stm32cube/bundles/gnu-tools-for-stm32/14.3.1+st.2/lib/gcc/arm-none-eabi/14.3.1/include/arm_mve.h **** 
1127:/home/min/snap/code/235/.local/share/stm32cube/bundles/gnu-tools-for-stm32/14.3.1+st.2/lib/gcc/arm-none-eabi/14.3.1/include/arm_mve.h **** __extension__ extern __inline uint16x8_t
1128:/home/min/snap/code/235/.local/share/stm32cube/bundles/gnu-tools-for-stm32/14.3.1+st.2/lib/gcc/arm-none-eabi/14.3.1/include/arm_mve.h **** __attribute__ ((__always_inline__, __gnu_inline__, __artificial__))
1129:/home/min/snap/code/235/.local/share/stm32cube/bundles/gnu-tools-for-stm32/14.3.1+st.2/lib/gcc/arm-none-eabi/14.3.1/include/arm_mve.h **** __arm_vornq_m_u16 (uint16x8_t __inactive, uint16x8_t __a, uint16x8_t __b, mve_pred16_t __p)
1130:/home/min/snap/code/235/.local/share/stm32cube/bundles/gnu-tools-for-stm32/14.3.1+st.2/lib/gcc/arm-none-eabi/14.3.1/include/arm_mve.h **** {
1131:/home/min/snap/code/235/.local/share/stm32cube/bundles/gnu-tools-for-stm32/14.3.1+st.2/lib/gcc/arm-none-eabi/14.3.1/include/arm_mve.h ****   return __builtin_mve_vornq_m_uv8hi (__inactive, __a, __b, __p);
1132:/home/min/snap/code/235/.local/share/stm32cube/bundles/gnu-tools-for-stm32/14.3.1+st.2/lib/gcc/arm-none-eabi/14.3.1/include/arm_mve.h **** }
1133:/home/min/snap/code/235/.local/share/stm32cube/bundles/gnu-tools-for-stm32/14.3.1+st.2/lib/gcc/arm-none-eabi/14.3.1/include/arm_mve.h **** 
1134:/home/min/snap/code/235/.local/share/stm32cube/bundles/gnu-tools-for-stm32/14.3.1+st.2/lib/gcc/arm-none-eabi/14.3.1/include/arm_mve.h **** __extension__ extern __inline void
1135:/home/min/snap/code/235/.local/share/stm32cube/bundles/gnu-tools-for-stm32/14.3.1+st.2/lib/gcc/arm-none-eabi/14.3.1/include/arm_mve.h **** __attribute__ ((__always_inline__, __gnu_inline__, __artificial__))
1136:/home/min/snap/code/235/.local/share/stm32cube/bundles/gnu-tools-for-stm32/14.3.1+st.2/lib/gcc/arm-none-eabi/14.3.1/include/arm_mve.h **** __arm_vstrbq_scatter_offset_s8 (int8_t * __base, uint8x16_t __offset, int8x16_t __value)
1137:/home/min/snap/code/235/.local/share/stm32cube/bundles/gnu-tools-for-stm32/14.3.1+st.2/lib/gcc/arm-none-eabi/14.3.1/include/arm_mve.h **** {
1138:/home/min/snap/code/235/.local/share/stm32cube/bundles/gnu-tools-for-stm32/14.3.1+st.2/lib/gcc/arm-none-eabi/14.3.1/include/arm_mve.h ****   __builtin_mve_vstrbq_scatter_offset_sv16qi ((__builtin_neon_qi *) __base, __offset, __value);
1139:/home/min/snap/code/235/.local/share/stm32cube/bundles/gnu-tools-for-stm32/14.3.1+st.2/lib/gcc/arm-none-eabi/14.3.1/include/arm_mve.h **** }
1140:/home/min/snap/code/235/.local/share/stm32cube/bundles/gnu-tools-for-stm32/14.3.1+st.2/lib/gcc/arm-none-eabi/14.3.1/include/arm_mve.h **** 
1141:/home/min/snap/code/235/.local/share/stm32cube/bundles/gnu-tools-for-stm32/14.3.1+st.2/lib/gcc/arm-none-eabi/14.3.1/include/arm_mve.h **** __extension__ extern __inline void
1142:/home/min/snap/code/235/.local/share/stm32cube/bundles/gnu-tools-for-stm32/14.3.1+st.2/lib/gcc/arm-none-eabi/14.3.1/include/arm_mve.h **** __attribute__ ((__always_inline__, __gnu_inline__, __artificial__))
1143:/home/min/snap/code/235/.local/share/stm32cube/bundles/gnu-tools-for-stm32/14.3.1+st.2/lib/gcc/arm-none-eabi/14.3.1/include/arm_mve.h **** __arm_vstrbq_scatter_offset_s32 (int8_t * __base, uint32x4_t __offset, int32x4_t __value)
1144:/home/min/snap/code/235/.local/share/stm32cube/bundles/gnu-tools-for-stm32/14.3.1+st.2/lib/gcc/arm-none-eabi/14.3.1/include/arm_mve.h **** {
1145:/home/min/snap/code/235/.local/share/stm32cube/bundles/gnu-tools-for-stm32/14.3.1+st.2/lib/gcc/arm-none-eabi/14.3.1/include/arm_mve.h ****   __builtin_mve_vstrbq_scatter_offset_sv4si ((__builtin_neon_qi *) __base, __offset, __value);
1146:/home/min/snap/code/235/.local/share/stm32cube/bundles/gnu-tools-for-stm32/14.3.1+st.2/lib/gcc/arm-none-eabi/14.3.1/include/arm_mve.h **** }
1147:/home/min/snap/code/235/.local/share/stm32cube/bundles/gnu-tools-for-stm32/14.3.1+st.2/lib/gcc/arm-none-eabi/14.3.1/include/arm_mve.h **** 
1148:/home/min/snap/code/235/.local/share/stm32cube/bundles/gnu-tools-for-stm32/14.3.1+st.2/lib/gcc/arm-none-eabi/14.3.1/include/arm_mve.h **** __extension__ extern __inline void
1149:/home/min/snap/code/235/.local/share/stm32cube/bundles/gnu-tools-for-stm32/14.3.1+st.2/lib/gcc/arm-none-eabi/14.3.1/include/arm_mve.h **** __attribute__ ((__always_inline__, __gnu_inline__, __artificial__))
1150:/home/min/snap/code/235/.local/share/stm32cube/bundles/gnu-tools-for-stm32/14.3.1+st.2/lib/gcc/arm-none-eabi/14.3.1/include/arm_mve.h **** __arm_vstrbq_scatter_offset_s16 (int8_t * __base, uint16x8_t __offset, int16x8_t __value)
1151:/home/min/snap/code/235/.local/share/stm32cube/bundles/gnu-tools-for-stm32/14.3.1+st.2/lib/gcc/arm-none-eabi/14.3.1/include/arm_mve.h **** {
ARM GAS  /tmp/cc1JbEzq.s 			page 23


1152:/home/min/snap/code/235/.local/share/stm32cube/bundles/gnu-tools-for-stm32/14.3.1+st.2/lib/gcc/arm-none-eabi/14.3.1/include/arm_mve.h ****   __builtin_mve_vstrbq_scatter_offset_sv8hi ((__builtin_neon_qi *) __base, __offset, __value);
1153:/home/min/snap/code/235/.local/share/stm32cube/bundles/gnu-tools-for-stm32/14.3.1+st.2/lib/gcc/arm-none-eabi/14.3.1/include/arm_mve.h **** }
1154:/home/min/snap/code/235/.local/share/stm32cube/bundles/gnu-tools-for-stm32/14.3.1+st.2/lib/gcc/arm-none-eabi/14.3.1/include/arm_mve.h **** 
1155:/home/min/snap/code/235/.local/share/stm32cube/bundles/gnu-tools-for-stm32/14.3.1+st.2/lib/gcc/arm-none-eabi/14.3.1/include/arm_mve.h **** __extension__ extern __inline void
1156:/home/min/snap/code/235/.local/share/stm32cube/bundles/gnu-tools-for-stm32/14.3.1+st.2/lib/gcc/arm-none-eabi/14.3.1/include/arm_mve.h **** __attribute__ ((__always_inline__, __gnu_inline__, __artificial__))
1157:/home/min/snap/code/235/.local/share/stm32cube/bundles/gnu-tools-for-stm32/14.3.1+st.2/lib/gcc/arm-none-eabi/14.3.1/include/arm_mve.h **** __arm_vstrbq_scatter_offset_u8 (uint8_t * __base, uint8x16_t __offset, uint8x16_t __value)
1158:/home/min/snap/code/235/.local/share/stm32cube/bundles/gnu-tools-for-stm32/14.3.1+st.2/lib/gcc/arm-none-eabi/14.3.1/include/arm_mve.h **** {
1159:/home/min/snap/code/235/.local/share/stm32cube/bundles/gnu-tools-for-stm32/14.3.1+st.2/lib/gcc/arm-none-eabi/14.3.1/include/arm_mve.h ****   __builtin_mve_vstrbq_scatter_offset_uv16qi ((__builtin_neon_qi *) __base, __offset, __value);
1160:/home/min/snap/code/235/.local/share/stm32cube/bundles/gnu-tools-for-stm32/14.3.1+st.2/lib/gcc/arm-none-eabi/14.3.1/include/arm_mve.h **** }
1161:/home/min/snap/code/235/.local/share/stm32cube/bundles/gnu-tools-for-stm32/14.3.1+st.2/lib/gcc/arm-none-eabi/14.3.1/include/arm_mve.h **** 
1162:/home/min/snap/code/235/.local/share/stm32cube/bundles/gnu-tools-for-stm32/14.3.1+st.2/lib/gcc/arm-none-eabi/14.3.1/include/arm_mve.h **** __extension__ extern __inline void
1163:/home/min/snap/code/235/.local/share/stm32cube/bundles/gnu-tools-for-stm32/14.3.1+st.2/lib/gcc/arm-none-eabi/14.3.1/include/arm_mve.h **** __attribute__ ((__always_inline__, __gnu_inline__, __artificial__))
1164:/home/min/snap/code/235/.local/share/stm32cube/bundles/gnu-tools-for-stm32/14.3.1+st.2/lib/gcc/arm-none-eabi/14.3.1/include/arm_mve.h **** __arm_vstrbq_scatter_offset_u32 (uint8_t * __base, uint32x4_t __offset, uint32x4_t __value)
1165:/home/min/snap/code/235/.local/share/stm32cube/bundles/gnu-tools-for-stm32/14.3.1+st.2/lib/gcc/arm-none-eabi/14.3.1/include/arm_mve.h **** {
1166:/home/min/snap/code/235/.local/share/stm32cube/bundles/gnu-tools-for-stm32/14.3.1+st.2/lib/gcc/arm-none-eabi/14.3.1/include/arm_mve.h ****   __builtin_mve_vstrbq_scatter_offset_uv4si ((__builtin_neon_qi *) __base, __offset, __value);
1167:/home/min/snap/code/235/.local/share/stm32cube/bundles/gnu-tools-for-stm32/14.3.1+st.2/lib/gcc/arm-none-eabi/14.3.1/include/arm_mve.h **** }
1168:/home/min/snap/code/235/.local/share/stm32cube/bundles/gnu-tools-for-stm32/14.3.1+st.2/lib/gcc/arm-none-eabi/14.3.1/include/arm_mve.h **** 
1169:/home/min/snap/code/235/.local/share/stm32cube/bundles/gnu-tools-for-stm32/14.3.1+st.2/lib/gcc/arm-none-eabi/14.3.1/include/arm_mve.h **** __extension__ extern __inline void
1170:/home/min/snap/code/235/.local/share/stm32cube/bundles/gnu-tools-for-stm32/14.3.1+st.2/lib/gcc/arm-none-eabi/14.3.1/include/arm_mve.h **** __attribute__ ((__always_inline__, __gnu_inline__, __artificial__))
1171:/home/min/snap/code/235/.local/share/stm32cube/bundles/gnu-tools-for-stm32/14.3.1+st.2/lib/gcc/arm-none-eabi/14.3.1/include/arm_mve.h **** __arm_vstrbq_scatter_offset_u16 (uint8_t * __base, uint16x8_t __offset, uint16x8_t __value)
1172:/home/min/snap/code/235/.local/share/stm32cube/bundles/gnu-tools-for-stm32/14.3.1+st.2/lib/gcc/arm-none-eabi/14.3.1/include/arm_mve.h **** {
1173:/home/min/snap/code/235/.local/share/stm32cube/bundles/gnu-tools-for-stm32/14.3.1+st.2/lib/gcc/arm-none-eabi/14.3.1/include/arm_mve.h ****   __builtin_mve_vstrbq_scatter_offset_uv8hi ((__builtin_neon_qi *) __base, __offset, __value);
1174:/home/min/snap/code/235/.local/share/stm32cube/bundles/gnu-tools-for-stm32/14.3.1+st.2/lib/gcc/arm-none-eabi/14.3.1/include/arm_mve.h **** }
1175:/home/min/snap/code/235/.local/share/stm32cube/bundles/gnu-tools-for-stm32/14.3.1+st.2/lib/gcc/arm-none-eabi/14.3.1/include/arm_mve.h **** 
1176:/home/min/snap/code/235/.local/share/stm32cube/bundles/gnu-tools-for-stm32/14.3.1+st.2/lib/gcc/arm-none-eabi/14.3.1/include/arm_mve.h **** __extension__ extern __inline void
1177:/home/min/snap/code/235/.local/share/stm32cube/bundles/gnu-tools-for-stm32/14.3.1+st.2/lib/gcc/arm-none-eabi/14.3.1/include/arm_mve.h **** __attribute__ ((__always_inline__, __gnu_inline__, __artificial__))
1178:/home/min/snap/code/235/.local/share/stm32cube/bundles/gnu-tools-for-stm32/14.3.1+st.2/lib/gcc/arm-none-eabi/14.3.1/include/arm_mve.h **** __arm_vstrbq_s8 (int8_t * __addr, int8x16_t __value)
1179:/home/min/snap/code/235/.local/share/stm32cube/bundles/gnu-tools-for-stm32/14.3.1+st.2/lib/gcc/arm-none-eabi/14.3.1/include/arm_mve.h **** {
1180:/home/min/snap/code/235/.local/share/stm32cube/bundles/gnu-tools-for-stm32/14.3.1+st.2/lib/gcc/arm-none-eabi/14.3.1/include/arm_mve.h ****   __builtin_mve_vstrbq_sv16qi ((__builtin_neon_qi *) __addr, __value);
1181:/home/min/snap/code/235/.local/share/stm32cube/bundles/gnu-tools-for-stm32/14.3.1+st.2/lib/gcc/arm-none-eabi/14.3.1/include/arm_mve.h **** }
1182:/home/min/snap/code/235/.local/share/stm32cube/bundles/gnu-tools-for-stm32/14.3.1+st.2/lib/gcc/arm-none-eabi/14.3.1/include/arm_mve.h **** 
1183:/home/min/snap/code/235/.local/share/stm32cube/bundles/gnu-tools-for-stm32/14.3.1+st.2/lib/gcc/arm-none-eabi/14.3.1/include/arm_mve.h **** __extension__ extern __inline void
1184:/home/min/snap/code/235/.local/share/stm32cube/bundles/gnu-tools-for-stm32/14.3.1+st.2/lib/gcc/arm-none-eabi/14.3.1/include/arm_mve.h **** __attribute__ ((__always_inline__, __gnu_inline__, __artificial__))
1185:/home/min/snap/code/235/.local/share/stm32cube/bundles/gnu-tools-for-stm32/14.3.1+st.2/lib/gcc/arm-none-eabi/14.3.1/include/arm_mve.h **** __arm_vstrbq_s32 (int8_t * __addr, int32x4_t __value)
1186:/home/min/snap/code/235/.local/share/stm32cube/bundles/gnu-tools-for-stm32/14.3.1+st.2/lib/gcc/arm-none-eabi/14.3.1/include/arm_mve.h **** {
1187:/home/min/snap/code/235/.local/share/stm32cube/bundles/gnu-tools-for-stm32/14.3.1+st.2/lib/gcc/arm-none-eabi/14.3.1/include/arm_mve.h ****   __builtin_mve_vstrbq_sv4si ((__builtin_neon_qi *) __addr, __value);
1188:/home/min/snap/code/235/.local/share/stm32cube/bundles/gnu-tools-for-stm32/14.3.1+st.2/lib/gcc/arm-none-eabi/14.3.1/include/arm_mve.h **** }
1189:/home/min/snap/code/235/.local/share/stm32cube/bundles/gnu-tools-for-stm32/14.3.1+st.2/lib/gcc/arm-none-eabi/14.3.1/include/arm_mve.h **** 
1190:/home/min/snap/code/235/.local/share/stm32cube/bundles/gnu-tools-for-stm32/14.3.1+st.2/lib/gcc/arm-none-eabi/14.3.1/include/arm_mve.h **** __extension__ extern __inline void
1191:/home/min/snap/code/235/.local/share/stm32cube/bundles/gnu-tools-for-stm32/14.3.1+st.2/lib/gcc/arm-none-eabi/14.3.1/include/arm_mve.h **** __attribute__ ((__always_inline__, __gnu_inline__, __artificial__))
1192:/home/min/snap/code/235/.local/share/stm32cube/bundles/gnu-tools-for-stm32/14.3.1+st.2/lib/gcc/arm-none-eabi/14.3.1/include/arm_mve.h **** __arm_vstrbq_s16 (int8_t * __addr, int16x8_t __value)
1193:/home/min/snap/code/235/.local/share/stm32cube/bundles/gnu-tools-for-stm32/14.3.1+st.2/lib/gcc/arm-none-eabi/14.3.1/include/arm_mve.h **** {
1194:/home/min/snap/code/235/.local/share/stm32cube/bundles/gnu-tools-for-stm32/14.3.1+st.2/lib/gcc/arm-none-eabi/14.3.1/include/arm_mve.h ****   __builtin_mve_vstrbq_sv8hi ((__builtin_neon_qi *) __addr, __value);
1195:/home/min/snap/code/235/.local/share/stm32cube/bundles/gnu-tools-for-stm32/14.3.1+st.2/lib/gcc/arm-none-eabi/14.3.1/include/arm_mve.h **** }
1196:/home/min/snap/code/235/.local/share/stm32cube/bundles/gnu-tools-for-stm32/14.3.1+st.2/lib/gcc/arm-none-eabi/14.3.1/include/arm_mve.h **** 
1197:/home/min/snap/code/235/.local/share/stm32cube/bundles/gnu-tools-for-stm32/14.3.1+st.2/lib/gcc/arm-none-eabi/14.3.1/include/arm_mve.h **** __extension__ extern __inline void
1198:/home/min/snap/code/235/.local/share/stm32cube/bundles/gnu-tools-for-stm32/14.3.1+st.2/lib/gcc/arm-none-eabi/14.3.1/include/arm_mve.h **** __attribute__ ((__always_inline__, __gnu_inline__, __artificial__))
1199:/home/min/snap/code/235/.local/share/stm32cube/bundles/gnu-tools-for-stm32/14.3.1+st.2/lib/gcc/arm-none-eabi/14.3.1/include/arm_mve.h **** __arm_vstrbq_u8 (uint8_t * __addr, uint8x16_t __value)
1200:/home/min/snap/code/235/.local/share/stm32cube/bundles/gnu-tools-for-stm32/14.3.1+st.2/lib/gcc/arm-none-eabi/14.3.1/include/arm_mve.h **** {
1201:/home/min/snap/code/235/.local/share/stm32cube/bundles/gnu-tools-for-stm32/14.3.1+st.2/lib/gcc/arm-none-eabi/14.3.1/include/arm_mve.h ****   __builtin_mve_vstrbq_uv16qi ((__builtin_neon_qi *) __addr, __value);
1202:/home/min/snap/code/235/.local/share/stm32cube/bundles/gnu-tools-for-stm32/14.3.1+st.2/lib/gcc/arm-none-eabi/14.3.1/include/arm_mve.h **** }
1203:/home/min/snap/code/235/.local/share/stm32cube/bundles/gnu-tools-for-stm32/14.3.1+st.2/lib/gcc/arm-none-eabi/14.3.1/include/arm_mve.h **** 
1204:/home/min/snap/code/235/.local/share/stm32cube/bundles/gnu-tools-for-stm32/14.3.1+st.2/lib/gcc/arm-none-eabi/14.3.1/include/arm_mve.h **** __extension__ extern __inline void
1205:/home/min/snap/code/235/.local/share/stm32cube/bundles/gnu-tools-for-stm32/14.3.1+st.2/lib/gcc/arm-none-eabi/14.3.1/include/arm_mve.h **** __attribute__ ((__always_inline__, __gnu_inline__, __artificial__))
1206:/home/min/snap/code/235/.local/share/stm32cube/bundles/gnu-tools-for-stm32/14.3.1+st.2/lib/gcc/arm-none-eabi/14.3.1/include/arm_mve.h **** __arm_vstrbq_u32 (uint8_t * __addr, uint32x4_t __value)
1207:/home/min/snap/code/235/.local/share/stm32cube/bundles/gnu-tools-for-stm32/14.3.1+st.2/lib/gcc/arm-none-eabi/14.3.1/include/arm_mve.h **** {
1208:/home/min/snap/code/235/.local/share/stm32cube/bundles/gnu-tools-for-stm32/14.3.1+st.2/lib/gcc/arm-none-eabi/14.3.1/include/arm_mve.h ****   __builtin_mve_vstrbq_uv4si ((__builtin_neon_qi *) __addr, __value);
ARM GAS  /tmp/cc1JbEzq.s 			page 24


1209:/home/min/snap/code/235/.local/share/stm32cube/bundles/gnu-tools-for-stm32/14.3.1+st.2/lib/gcc/arm-none-eabi/14.3.1/include/arm_mve.h **** }
1210:/home/min/snap/code/235/.local/share/stm32cube/bundles/gnu-tools-for-stm32/14.3.1+st.2/lib/gcc/arm-none-eabi/14.3.1/include/arm_mve.h **** 
1211:/home/min/snap/code/235/.local/share/stm32cube/bundles/gnu-tools-for-stm32/14.3.1+st.2/lib/gcc/arm-none-eabi/14.3.1/include/arm_mve.h **** __extension__ extern __inline void
1212:/home/min/snap/code/235/.local/share/stm32cube/bundles/gnu-tools-for-stm32/14.3.1+st.2/lib/gcc/arm-none-eabi/14.3.1/include/arm_mve.h **** __attribute__ ((__always_inline__, __gnu_inline__, __artificial__))
1213:/home/min/snap/code/235/.local/share/stm32cube/bundles/gnu-tools-for-stm32/14.3.1+st.2/lib/gcc/arm-none-eabi/14.3.1/include/arm_mve.h **** __arm_vstrbq_u16 (uint8_t * __addr, uint16x8_t __value)
1214:/home/min/snap/code/235/.local/share/stm32cube/bundles/gnu-tools-for-stm32/14.3.1+st.2/lib/gcc/arm-none-eabi/14.3.1/include/arm_mve.h **** {
1215:/home/min/snap/code/235/.local/share/stm32cube/bundles/gnu-tools-for-stm32/14.3.1+st.2/lib/gcc/arm-none-eabi/14.3.1/include/arm_mve.h ****   __builtin_mve_vstrbq_uv8hi ((__builtin_neon_qi *) __addr, __value);
1216:/home/min/snap/code/235/.local/share/stm32cube/bundles/gnu-tools-for-stm32/14.3.1+st.2/lib/gcc/arm-none-eabi/14.3.1/include/arm_mve.h **** }
1217:/home/min/snap/code/235/.local/share/stm32cube/bundles/gnu-tools-for-stm32/14.3.1+st.2/lib/gcc/arm-none-eabi/14.3.1/include/arm_mve.h **** 
1218:/home/min/snap/code/235/.local/share/stm32cube/bundles/gnu-tools-for-stm32/14.3.1+st.2/lib/gcc/arm-none-eabi/14.3.1/include/arm_mve.h **** __extension__ extern __inline void
1219:/home/min/snap/code/235/.local/share/stm32cube/bundles/gnu-tools-for-stm32/14.3.1+st.2/lib/gcc/arm-none-eabi/14.3.1/include/arm_mve.h **** __attribute__ ((__always_inline__, __gnu_inline__, __artificial__))
1220:/home/min/snap/code/235/.local/share/stm32cube/bundles/gnu-tools-for-stm32/14.3.1+st.2/lib/gcc/arm-none-eabi/14.3.1/include/arm_mve.h **** __arm_vstrwq_scatter_base_s32 (uint32x4_t __addr, const int __offset, int32x4_t __value)
1221:/home/min/snap/code/235/.local/share/stm32cube/bundles/gnu-tools-for-stm32/14.3.1+st.2/lib/gcc/arm-none-eabi/14.3.1/include/arm_mve.h **** {
1222:/home/min/snap/code/235/.local/share/stm32cube/bundles/gnu-tools-for-stm32/14.3.1+st.2/lib/gcc/arm-none-eabi/14.3.1/include/arm_mve.h ****   __builtin_mve_vstrwq_scatter_base_sv4si (__addr, __offset, __value);
1223:/home/min/snap/code/235/.local/share/stm32cube/bundles/gnu-tools-for-stm32/14.3.1+st.2/lib/gcc/arm-none-eabi/14.3.1/include/arm_mve.h **** }
1224:/home/min/snap/code/235/.local/share/stm32cube/bundles/gnu-tools-for-stm32/14.3.1+st.2/lib/gcc/arm-none-eabi/14.3.1/include/arm_mve.h **** 
1225:/home/min/snap/code/235/.local/share/stm32cube/bundles/gnu-tools-for-stm32/14.3.1+st.2/lib/gcc/arm-none-eabi/14.3.1/include/arm_mve.h **** __extension__ extern __inline void
1226:/home/min/snap/code/235/.local/share/stm32cube/bundles/gnu-tools-for-stm32/14.3.1+st.2/lib/gcc/arm-none-eabi/14.3.1/include/arm_mve.h **** __attribute__ ((__always_inline__, __gnu_inline__, __artificial__))
1227:/home/min/snap/code/235/.local/share/stm32cube/bundles/gnu-tools-for-stm32/14.3.1+st.2/lib/gcc/arm-none-eabi/14.3.1/include/arm_mve.h **** __arm_vstrwq_scatter_base_u32 (uint32x4_t __addr, const int __offset, uint32x4_t __value)
1228:/home/min/snap/code/235/.local/share/stm32cube/bundles/gnu-tools-for-stm32/14.3.1+st.2/lib/gcc/arm-none-eabi/14.3.1/include/arm_mve.h **** {
1229:/home/min/snap/code/235/.local/share/stm32cube/bundles/gnu-tools-for-stm32/14.3.1+st.2/lib/gcc/arm-none-eabi/14.3.1/include/arm_mve.h ****   __builtin_mve_vstrwq_scatter_base_uv4si (__addr, __offset, __value);
1230:/home/min/snap/code/235/.local/share/stm32cube/bundles/gnu-tools-for-stm32/14.3.1+st.2/lib/gcc/arm-none-eabi/14.3.1/include/arm_mve.h **** }
1231:/home/min/snap/code/235/.local/share/stm32cube/bundles/gnu-tools-for-stm32/14.3.1+st.2/lib/gcc/arm-none-eabi/14.3.1/include/arm_mve.h **** 
1232:/home/min/snap/code/235/.local/share/stm32cube/bundles/gnu-tools-for-stm32/14.3.1+st.2/lib/gcc/arm-none-eabi/14.3.1/include/arm_mve.h **** __extension__ extern __inline uint8x16_t
1233:/home/min/snap/code/235/.local/share/stm32cube/bundles/gnu-tools-for-stm32/14.3.1+st.2/lib/gcc/arm-none-eabi/14.3.1/include/arm_mve.h **** __attribute__ ((__always_inline__, __gnu_inline__, __artificial__))
1234:/home/min/snap/code/235/.local/share/stm32cube/bundles/gnu-tools-for-stm32/14.3.1+st.2/lib/gcc/arm-none-eabi/14.3.1/include/arm_mve.h **** __arm_vldrbq_gather_offset_u8 (uint8_t const * __base, uint8x16_t __offset)
1235:/home/min/snap/code/235/.local/share/stm32cube/bundles/gnu-tools-for-stm32/14.3.1+st.2/lib/gcc/arm-none-eabi/14.3.1/include/arm_mve.h **** {
1236:/home/min/snap/code/235/.local/share/stm32cube/bundles/gnu-tools-for-stm32/14.3.1+st.2/lib/gcc/arm-none-eabi/14.3.1/include/arm_mve.h ****   return __builtin_mve_vldrbq_gather_offset_uv16qi ((__builtin_neon_qi *) __base, __offset);
1237:/home/min/snap/code/235/.local/share/stm32cube/bundles/gnu-tools-for-stm32/14.3.1+st.2/lib/gcc/arm-none-eabi/14.3.1/include/arm_mve.h **** }
1238:/home/min/snap/code/235/.local/share/stm32cube/bundles/gnu-tools-for-stm32/14.3.1+st.2/lib/gcc/arm-none-eabi/14.3.1/include/arm_mve.h **** 
1239:/home/min/snap/code/235/.local/share/stm32cube/bundles/gnu-tools-for-stm32/14.3.1+st.2/lib/gcc/arm-none-eabi/14.3.1/include/arm_mve.h **** __extension__ extern __inline int8x16_t
1240:/home/min/snap/code/235/.local/share/stm32cube/bundles/gnu-tools-for-stm32/14.3.1+st.2/lib/gcc/arm-none-eabi/14.3.1/include/arm_mve.h **** __attribute__ ((__always_inline__, __gnu_inline__, __artificial__))
1241:/home/min/snap/code/235/.local/share/stm32cube/bundles/gnu-tools-for-stm32/14.3.1+st.2/lib/gcc/arm-none-eabi/14.3.1/include/arm_mve.h **** __arm_vldrbq_gather_offset_s8 (int8_t const * __base, uint8x16_t __offset)
1242:/home/min/snap/code/235/.local/share/stm32cube/bundles/gnu-tools-for-stm32/14.3.1+st.2/lib/gcc/arm-none-eabi/14.3.1/include/arm_mve.h **** {
1243:/home/min/snap/code/235/.local/share/stm32cube/bundles/gnu-tools-for-stm32/14.3.1+st.2/lib/gcc/arm-none-eabi/14.3.1/include/arm_mve.h ****   return __builtin_mve_vldrbq_gather_offset_sv16qi ((__builtin_neon_qi *) __base, __offset);
1244:/home/min/snap/code/235/.local/share/stm32cube/bundles/gnu-tools-for-stm32/14.3.1+st.2/lib/gcc/arm-none-eabi/14.3.1/include/arm_mve.h **** }
1245:/home/min/snap/code/235/.local/share/stm32cube/bundles/gnu-tools-for-stm32/14.3.1+st.2/lib/gcc/arm-none-eabi/14.3.1/include/arm_mve.h **** 
1246:/home/min/snap/code/235/.local/share/stm32cube/bundles/gnu-tools-for-stm32/14.3.1+st.2/lib/gcc/arm-none-eabi/14.3.1/include/arm_mve.h **** __extension__ extern __inline int8x16_t
1247:/home/min/snap/code/235/.local/share/stm32cube/bundles/gnu-tools-for-stm32/14.3.1+st.2/lib/gcc/arm-none-eabi/14.3.1/include/arm_mve.h **** __attribute__ ((__always_inline__, __gnu_inline__, __artificial__))
1248:/home/min/snap/code/235/.local/share/stm32cube/bundles/gnu-tools-for-stm32/14.3.1+st.2/lib/gcc/arm-none-eabi/14.3.1/include/arm_mve.h **** __arm_vldrbq_s8 (int8_t const * __base)
1249:/home/min/snap/code/235/.local/share/stm32cube/bundles/gnu-tools-for-stm32/14.3.1+st.2/lib/gcc/arm-none-eabi/14.3.1/include/arm_mve.h **** {
1250:/home/min/snap/code/235/.local/share/stm32cube/bundles/gnu-tools-for-stm32/14.3.1+st.2/lib/gcc/arm-none-eabi/14.3.1/include/arm_mve.h ****   return __builtin_mve_vldrbq_sv16qi ((__builtin_neon_qi *) __base);
1251:/home/min/snap/code/235/.local/share/stm32cube/bundles/gnu-tools-for-stm32/14.3.1+st.2/lib/gcc/arm-none-eabi/14.3.1/include/arm_mve.h **** }
1252:/home/min/snap/code/235/.local/share/stm32cube/bundles/gnu-tools-for-stm32/14.3.1+st.2/lib/gcc/arm-none-eabi/14.3.1/include/arm_mve.h **** 
1253:/home/min/snap/code/235/.local/share/stm32cube/bundles/gnu-tools-for-stm32/14.3.1+st.2/lib/gcc/arm-none-eabi/14.3.1/include/arm_mve.h **** __extension__ extern __inline uint8x16_t
1254:/home/min/snap/code/235/.local/share/stm32cube/bundles/gnu-tools-for-stm32/14.3.1+st.2/lib/gcc/arm-none-eabi/14.3.1/include/arm_mve.h **** __attribute__ ((__always_inline__, __gnu_inline__, __artificial__))
1255:/home/min/snap/code/235/.local/share/stm32cube/bundles/gnu-tools-for-stm32/14.3.1+st.2/lib/gcc/arm-none-eabi/14.3.1/include/arm_mve.h **** __arm_vldrbq_u8 (uint8_t const * __base)
1256:/home/min/snap/code/235/.local/share/stm32cube/bundles/gnu-tools-for-stm32/14.3.1+st.2/lib/gcc/arm-none-eabi/14.3.1/include/arm_mve.h **** {
1257:/home/min/snap/code/235/.local/share/stm32cube/bundles/gnu-tools-for-stm32/14.3.1+st.2/lib/gcc/arm-none-eabi/14.3.1/include/arm_mve.h ****   return __builtin_mve_vldrbq_uv16qi ((__builtin_neon_qi *) __base);
1258:/home/min/snap/code/235/.local/share/stm32cube/bundles/gnu-tools-for-stm32/14.3.1+st.2/lib/gcc/arm-none-eabi/14.3.1/include/arm_mve.h **** }
1259:/home/min/snap/code/235/.local/share/stm32cube/bundles/gnu-tools-for-stm32/14.3.1+st.2/lib/gcc/arm-none-eabi/14.3.1/include/arm_mve.h **** 
1260:/home/min/snap/code/235/.local/share/stm32cube/bundles/gnu-tools-for-stm32/14.3.1+st.2/lib/gcc/arm-none-eabi/14.3.1/include/arm_mve.h **** __extension__ extern __inline uint16x8_t
1261:/home/min/snap/code/235/.local/share/stm32cube/bundles/gnu-tools-for-stm32/14.3.1+st.2/lib/gcc/arm-none-eabi/14.3.1/include/arm_mve.h **** __attribute__ ((__always_inline__, __gnu_inline__, __artificial__))
1262:/home/min/snap/code/235/.local/share/stm32cube/bundles/gnu-tools-for-stm32/14.3.1+st.2/lib/gcc/arm-none-eabi/14.3.1/include/arm_mve.h **** __arm_vldrbq_gather_offset_u16 (uint8_t const * __base, uint16x8_t __offset)
1263:/home/min/snap/code/235/.local/share/stm32cube/bundles/gnu-tools-for-stm32/14.3.1+st.2/lib/gcc/arm-none-eabi/14.3.1/include/arm_mve.h **** {
1264:/home/min/snap/code/235/.local/share/stm32cube/bundles/gnu-tools-for-stm32/14.3.1+st.2/lib/gcc/arm-none-eabi/14.3.1/include/arm_mve.h ****   return __builtin_mve_vldrbq_gather_offset_uv8hi ((__builtin_neon_qi *) __base, __offset);
1265:/home/min/snap/code/235/.local/share/stm32cube/bundles/gnu-tools-for-stm32/14.3.1+st.2/lib/gcc/arm-none-eabi/14.3.1/include/arm_mve.h **** }
ARM GAS  /tmp/cc1JbEzq.s 			page 25


1266:/home/min/snap/code/235/.local/share/stm32cube/bundles/gnu-tools-for-stm32/14.3.1+st.2/lib/gcc/arm-none-eabi/14.3.1/include/arm_mve.h **** 
1267:/home/min/snap/code/235/.local/share/stm32cube/bundles/gnu-tools-for-stm32/14.3.1+st.2/lib/gcc/arm-none-eabi/14.3.1/include/arm_mve.h **** __extension__ extern __inline int16x8_t
1268:/home/min/snap/code/235/.local/share/stm32cube/bundles/gnu-tools-for-stm32/14.3.1+st.2/lib/gcc/arm-none-eabi/14.3.1/include/arm_mve.h **** __attribute__ ((__always_inline__, __gnu_inline__, __artificial__))
1269:/home/min/snap/code/235/.local/share/stm32cube/bundles/gnu-tools-for-stm32/14.3.1+st.2/lib/gcc/arm-none-eabi/14.3.1/include/arm_mve.h **** __arm_vldrbq_gather_offset_s16 (int8_t const * __base, uint16x8_t __offset)
1270:/home/min/snap/code/235/.local/share/stm32cube/bundles/gnu-tools-for-stm32/14.3.1+st.2/lib/gcc/arm-none-eabi/14.3.1/include/arm_mve.h **** {
1271:/home/min/snap/code/235/.local/share/stm32cube/bundles/gnu-tools-for-stm32/14.3.1+st.2/lib/gcc/arm-none-eabi/14.3.1/include/arm_mve.h ****   return __builtin_mve_vldrbq_gather_offset_sv8hi ((__builtin_neon_qi *) __base, __offset);
1272:/home/min/snap/code/235/.local/share/stm32cube/bundles/gnu-tools-for-stm32/14.3.1+st.2/lib/gcc/arm-none-eabi/14.3.1/include/arm_mve.h **** }
1273:/home/min/snap/code/235/.local/share/stm32cube/bundles/gnu-tools-for-stm32/14.3.1+st.2/lib/gcc/arm-none-eabi/14.3.1/include/arm_mve.h **** 
1274:/home/min/snap/code/235/.local/share/stm32cube/bundles/gnu-tools-for-stm32/14.3.1+st.2/lib/gcc/arm-none-eabi/14.3.1/include/arm_mve.h **** __extension__ extern __inline int16x8_t
1275:/home/min/snap/code/235/.local/share/stm32cube/bundles/gnu-tools-for-stm32/14.3.1+st.2/lib/gcc/arm-none-eabi/14.3.1/include/arm_mve.h **** __attribute__ ((__always_inline__, __gnu_inline__, __artificial__))
1276:/home/min/snap/code/235/.local/share/stm32cube/bundles/gnu-tools-for-stm32/14.3.1+st.2/lib/gcc/arm-none-eabi/14.3.1/include/arm_mve.h **** __arm_vldrbq_s16 (int8_t const * __base)
1277:/home/min/snap/code/235/.local/share/stm32cube/bundles/gnu-tools-for-stm32/14.3.1+st.2/lib/gcc/arm-none-eabi/14.3.1/include/arm_mve.h **** {
1278:/home/min/snap/code/235/.local/share/stm32cube/bundles/gnu-tools-for-stm32/14.3.1+st.2/lib/gcc/arm-none-eabi/14.3.1/include/arm_mve.h ****   return __builtin_mve_vldrbq_sv8hi ((__builtin_neon_qi *) __base);
1279:/home/min/snap/code/235/.local/share/stm32cube/bundles/gnu-tools-for-stm32/14.3.1+st.2/lib/gcc/arm-none-eabi/14.3.1/include/arm_mve.h **** }
1280:/home/min/snap/code/235/.local/share/stm32cube/bundles/gnu-tools-for-stm32/14.3.1+st.2/lib/gcc/arm-none-eabi/14.3.1/include/arm_mve.h **** 
1281:/home/min/snap/code/235/.local/share/stm32cube/bundles/gnu-tools-for-stm32/14.3.1+st.2/lib/gcc/arm-none-eabi/14.3.1/include/arm_mve.h **** __extension__ extern __inline uint16x8_t
1282:/home/min/snap/code/235/.local/share/stm32cube/bundles/gnu-tools-for-stm32/14.3.1+st.2/lib/gcc/arm-none-eabi/14.3.1/include/arm_mve.h **** __attribute__ ((__always_inline__, __gnu_inline__, __artificial__))
1283:/home/min/snap/code/235/.local/share/stm32cube/bundles/gnu-tools-for-stm32/14.3.1+st.2/lib/gcc/arm-none-eabi/14.3.1/include/arm_mve.h **** __arm_vldrbq_u16 (uint8_t const * __base)
1284:/home/min/snap/code/235/.local/share/stm32cube/bundles/gnu-tools-for-stm32/14.3.1+st.2/lib/gcc/arm-none-eabi/14.3.1/include/arm_mve.h **** {
1285:/home/min/snap/code/235/.local/share/stm32cube/bundles/gnu-tools-for-stm32/14.3.1+st.2/lib/gcc/arm-none-eabi/14.3.1/include/arm_mve.h ****   return __builtin_mve_vldrbq_uv8hi ((__builtin_neon_qi *) __base);
1286:/home/min/snap/code/235/.local/share/stm32cube/bundles/gnu-tools-for-stm32/14.3.1+st.2/lib/gcc/arm-none-eabi/14.3.1/include/arm_mve.h **** }
1287:/home/min/snap/code/235/.local/share/stm32cube/bundles/gnu-tools-for-stm32/14.3.1+st.2/lib/gcc/arm-none-eabi/14.3.1/include/arm_mve.h **** 
1288:/home/min/snap/code/235/.local/share/stm32cube/bundles/gnu-tools-for-stm32/14.3.1+st.2/lib/gcc/arm-none-eabi/14.3.1/include/arm_mve.h **** __extension__ extern __inline uint32x4_t
1289:/home/min/snap/code/235/.local/share/stm32cube/bundles/gnu-tools-for-stm32/14.3.1+st.2/lib/gcc/arm-none-eabi/14.3.1/include/arm_mve.h **** __attribute__ ((__always_inline__, __gnu_inline__, __artificial__))
1290:/home/min/snap/code/235/.local/share/stm32cube/bundles/gnu-tools-for-stm32/14.3.1+st.2/lib/gcc/arm-none-eabi/14.3.1/include/arm_mve.h **** __arm_vldrbq_gather_offset_u32 (uint8_t const * __base, uint32x4_t __offset)
1291:/home/min/snap/code/235/.local/share/stm32cube/bundles/gnu-tools-for-stm32/14.3.1+st.2/lib/gcc/arm-none-eabi/14.3.1/include/arm_mve.h **** {
1292:/home/min/snap/code/235/.local/share/stm32cube/bundles/gnu-tools-for-stm32/14.3.1+st.2/lib/gcc/arm-none-eabi/14.3.1/include/arm_mve.h ****   return __builtin_mve_vldrbq_gather_offset_uv4si ((__builtin_neon_qi *) __base, __offset);
1293:/home/min/snap/code/235/.local/share/stm32cube/bundles/gnu-tools-for-stm32/14.3.1+st.2/lib/gcc/arm-none-eabi/14.3.1/include/arm_mve.h **** }
1294:/home/min/snap/code/235/.local/share/stm32cube/bundles/gnu-tools-for-stm32/14.3.1+st.2/lib/gcc/arm-none-eabi/14.3.1/include/arm_mve.h **** 
1295:/home/min/snap/code/235/.local/share/stm32cube/bundles/gnu-tools-for-stm32/14.3.1+st.2/lib/gcc/arm-none-eabi/14.3.1/include/arm_mve.h **** __extension__ extern __inline int32x4_t
1296:/home/min/snap/code/235/.local/share/stm32cube/bundles/gnu-tools-for-stm32/14.3.1+st.2/lib/gcc/arm-none-eabi/14.3.1/include/arm_mve.h **** __attribute__ ((__always_inline__, __gnu_inline__, __artificial__))
1297:/home/min/snap/code/235/.local/share/stm32cube/bundles/gnu-tools-for-stm32/14.3.1+st.2/lib/gcc/arm-none-eabi/14.3.1/include/arm_mve.h **** __arm_vldrbq_gather_offset_s32 (int8_t const * __base, uint32x4_t __offset)
1298:/home/min/snap/code/235/.local/share/stm32cube/bundles/gnu-tools-for-stm32/14.3.1+st.2/lib/gcc/arm-none-eabi/14.3.1/include/arm_mve.h **** {
1299:/home/min/snap/code/235/.local/share/stm32cube/bundles/gnu-tools-for-stm32/14.3.1+st.2/lib/gcc/arm-none-eabi/14.3.1/include/arm_mve.h ****   return __builtin_mve_vldrbq_gather_offset_sv4si ((__builtin_neon_qi *) __base, __offset);
1300:/home/min/snap/code/235/.local/share/stm32cube/bundles/gnu-tools-for-stm32/14.3.1+st.2/lib/gcc/arm-none-eabi/14.3.1/include/arm_mve.h **** }
1301:/home/min/snap/code/235/.local/share/stm32cube/bundles/gnu-tools-for-stm32/14.3.1+st.2/lib/gcc/arm-none-eabi/14.3.1/include/arm_mve.h **** 
1302:/home/min/snap/code/235/.local/share/stm32cube/bundles/gnu-tools-for-stm32/14.3.1+st.2/lib/gcc/arm-none-eabi/14.3.1/include/arm_mve.h **** __extension__ extern __inline int32x4_t
1303:/home/min/snap/code/235/.local/share/stm32cube/bundles/gnu-tools-for-stm32/14.3.1+st.2/lib/gcc/arm-none-eabi/14.3.1/include/arm_mve.h **** __attribute__ ((__always_inline__, __gnu_inline__, __artificial__))
1304:/home/min/snap/code/235/.local/share/stm32cube/bundles/gnu-tools-for-stm32/14.3.1+st.2/lib/gcc/arm-none-eabi/14.3.1/include/arm_mve.h **** __arm_vldrbq_s32 (int8_t const * __base)
1305:/home/min/snap/code/235/.local/share/stm32cube/bundles/gnu-tools-for-stm32/14.3.1+st.2/lib/gcc/arm-none-eabi/14.3.1/include/arm_mve.h **** {
1306:/home/min/snap/code/235/.local/share/stm32cube/bundles/gnu-tools-for-stm32/14.3.1+st.2/lib/gcc/arm-none-eabi/14.3.1/include/arm_mve.h ****   return __builtin_mve_vldrbq_sv4si ((__builtin_neon_qi *) __base);
1307:/home/min/snap/code/235/.local/share/stm32cube/bundles/gnu-tools-for-stm32/14.3.1+st.2/lib/gcc/arm-none-eabi/14.3.1/include/arm_mve.h **** }
1308:/home/min/snap/code/235/.local/share/stm32cube/bundles/gnu-tools-for-stm32/14.3.1+st.2/lib/gcc/arm-none-eabi/14.3.1/include/arm_mve.h **** 
1309:/home/min/snap/code/235/.local/share/stm32cube/bundles/gnu-tools-for-stm32/14.3.1+st.2/lib/gcc/arm-none-eabi/14.3.1/include/arm_mve.h **** __extension__ extern __inline uint32x4_t
1310:/home/min/snap/code/235/.local/share/stm32cube/bundles/gnu-tools-for-stm32/14.3.1+st.2/lib/gcc/arm-none-eabi/14.3.1/include/arm_mve.h **** __attribute__ ((__always_inline__, __gnu_inline__, __artificial__))
1311:/home/min/snap/code/235/.local/share/stm32cube/bundles/gnu-tools-for-stm32/14.3.1+st.2/lib/gcc/arm-none-eabi/14.3.1/include/arm_mve.h **** __arm_vldrbq_u32 (uint8_t const * __base)
1312:/home/min/snap/code/235/.local/share/stm32cube/bundles/gnu-tools-for-stm32/14.3.1+st.2/lib/gcc/arm-none-eabi/14.3.1/include/arm_mve.h **** {
1313:/home/min/snap/code/235/.local/share/stm32cube/bundles/gnu-tools-for-stm32/14.3.1+st.2/lib/gcc/arm-none-eabi/14.3.1/include/arm_mve.h ****   return __builtin_mve_vldrbq_uv4si ((__builtin_neon_qi *) __base);
1314:/home/min/snap/code/235/.local/share/stm32cube/bundles/gnu-tools-for-stm32/14.3.1+st.2/lib/gcc/arm-none-eabi/14.3.1/include/arm_mve.h **** }
1315:/home/min/snap/code/235/.local/share/stm32cube/bundles/gnu-tools-for-stm32/14.3.1+st.2/lib/gcc/arm-none-eabi/14.3.1/include/arm_mve.h **** 
1316:/home/min/snap/code/235/.local/share/stm32cube/bundles/gnu-tools-for-stm32/14.3.1+st.2/lib/gcc/arm-none-eabi/14.3.1/include/arm_mve.h **** __extension__ extern __inline int32x4_t
1317:/home/min/snap/code/235/.local/share/stm32cube/bundles/gnu-tools-for-stm32/14.3.1+st.2/lib/gcc/arm-none-eabi/14.3.1/include/arm_mve.h **** __attribute__ ((__always_inline__, __gnu_inline__, __artificial__))
1318:/home/min/snap/code/235/.local/share/stm32cube/bundles/gnu-tools-for-stm32/14.3.1+st.2/lib/gcc/arm-none-eabi/14.3.1/include/arm_mve.h **** __arm_vldrwq_gather_base_s32 (uint32x4_t __addr, const int __offset)
1319:/home/min/snap/code/235/.local/share/stm32cube/bundles/gnu-tools-for-stm32/14.3.1+st.2/lib/gcc/arm-none-eabi/14.3.1/include/arm_mve.h **** {
1320:/home/min/snap/code/235/.local/share/stm32cube/bundles/gnu-tools-for-stm32/14.3.1+st.2/lib/gcc/arm-none-eabi/14.3.1/include/arm_mve.h ****   return __builtin_mve_vldrwq_gather_base_sv4si (__addr, __offset);
1321:/home/min/snap/code/235/.local/share/stm32cube/bundles/gnu-tools-for-stm32/14.3.1+st.2/lib/gcc/arm-none-eabi/14.3.1/include/arm_mve.h **** }
1322:/home/min/snap/code/235/.local/share/stm32cube/bundles/gnu-tools-for-stm32/14.3.1+st.2/lib/gcc/arm-none-eabi/14.3.1/include/arm_mve.h **** 
ARM GAS  /tmp/cc1JbEzq.s 			page 26


1323:/home/min/snap/code/235/.local/share/stm32cube/bundles/gnu-tools-for-stm32/14.3.1+st.2/lib/gcc/arm-none-eabi/14.3.1/include/arm_mve.h **** __extension__ extern __inline uint32x4_t
1324:/home/min/snap/code/235/.local/share/stm32cube/bundles/gnu-tools-for-stm32/14.3.1+st.2/lib/gcc/arm-none-eabi/14.3.1/include/arm_mve.h **** __attribute__ ((__always_inline__, __gnu_inline__, __artificial__))
1325:/home/min/snap/code/235/.local/share/stm32cube/bundles/gnu-tools-for-stm32/14.3.1+st.2/lib/gcc/arm-none-eabi/14.3.1/include/arm_mve.h **** __arm_vldrwq_gather_base_u32 (uint32x4_t __addr, const int __offset)
1326:/home/min/snap/code/235/.local/share/stm32cube/bundles/gnu-tools-for-stm32/14.3.1+st.2/lib/gcc/arm-none-eabi/14.3.1/include/arm_mve.h **** {
1327:/home/min/snap/code/235/.local/share/stm32cube/bundles/gnu-tools-for-stm32/14.3.1+st.2/lib/gcc/arm-none-eabi/14.3.1/include/arm_mve.h ****   return __builtin_mve_vldrwq_gather_base_uv4si (__addr, __offset);
1328:/home/min/snap/code/235/.local/share/stm32cube/bundles/gnu-tools-for-stm32/14.3.1+st.2/lib/gcc/arm-none-eabi/14.3.1/include/arm_mve.h **** }
1329:/home/min/snap/code/235/.local/share/stm32cube/bundles/gnu-tools-for-stm32/14.3.1+st.2/lib/gcc/arm-none-eabi/14.3.1/include/arm_mve.h **** 
1330:/home/min/snap/code/235/.local/share/stm32cube/bundles/gnu-tools-for-stm32/14.3.1+st.2/lib/gcc/arm-none-eabi/14.3.1/include/arm_mve.h **** __extension__ extern __inline void
1331:/home/min/snap/code/235/.local/share/stm32cube/bundles/gnu-tools-for-stm32/14.3.1+st.2/lib/gcc/arm-none-eabi/14.3.1/include/arm_mve.h **** __attribute__ ((__always_inline__, __gnu_inline__, __artificial__))
1332:/home/min/snap/code/235/.local/share/stm32cube/bundles/gnu-tools-for-stm32/14.3.1+st.2/lib/gcc/arm-none-eabi/14.3.1/include/arm_mve.h **** __arm_vstrbq_p_s8 (int8_t * __addr, int8x16_t __value, mve_pred16_t __p)
1333:/home/min/snap/code/235/.local/share/stm32cube/bundles/gnu-tools-for-stm32/14.3.1+st.2/lib/gcc/arm-none-eabi/14.3.1/include/arm_mve.h **** {
1334:/home/min/snap/code/235/.local/share/stm32cube/bundles/gnu-tools-for-stm32/14.3.1+st.2/lib/gcc/arm-none-eabi/14.3.1/include/arm_mve.h ****   __builtin_mve_vstrbq_p_sv16qi ((__builtin_neon_qi *) __addr, __value, __p);
1335:/home/min/snap/code/235/.local/share/stm32cube/bundles/gnu-tools-for-stm32/14.3.1+st.2/lib/gcc/arm-none-eabi/14.3.1/include/arm_mve.h **** }
1336:/home/min/snap/code/235/.local/share/stm32cube/bundles/gnu-tools-for-stm32/14.3.1+st.2/lib/gcc/arm-none-eabi/14.3.1/include/arm_mve.h **** 
1337:/home/min/snap/code/235/.local/share/stm32cube/bundles/gnu-tools-for-stm32/14.3.1+st.2/lib/gcc/arm-none-eabi/14.3.1/include/arm_mve.h **** __extension__ extern __inline void
1338:/home/min/snap/code/235/.local/share/stm32cube/bundles/gnu-tools-for-stm32/14.3.1+st.2/lib/gcc/arm-none-eabi/14.3.1/include/arm_mve.h **** __attribute__ ((__always_inline__, __gnu_inline__, __artificial__))
1339:/home/min/snap/code/235/.local/share/stm32cube/bundles/gnu-tools-for-stm32/14.3.1+st.2/lib/gcc/arm-none-eabi/14.3.1/include/arm_mve.h **** __arm_vstrbq_p_s32 (int8_t * __addr, int32x4_t __value, mve_pred16_t __p)
1340:/home/min/snap/code/235/.local/share/stm32cube/bundles/gnu-tools-for-stm32/14.3.1+st.2/lib/gcc/arm-none-eabi/14.3.1/include/arm_mve.h **** {
1341:/home/min/snap/code/235/.local/share/stm32cube/bundles/gnu-tools-for-stm32/14.3.1+st.2/lib/gcc/arm-none-eabi/14.3.1/include/arm_mve.h ****   __builtin_mve_vstrbq_p_sv4si ((__builtin_neon_qi *) __addr, __value, __p);
1342:/home/min/snap/code/235/.local/share/stm32cube/bundles/gnu-tools-for-stm32/14.3.1+st.2/lib/gcc/arm-none-eabi/14.3.1/include/arm_mve.h **** }
1343:/home/min/snap/code/235/.local/share/stm32cube/bundles/gnu-tools-for-stm32/14.3.1+st.2/lib/gcc/arm-none-eabi/14.3.1/include/arm_mve.h **** 
1344:/home/min/snap/code/235/.local/share/stm32cube/bundles/gnu-tools-for-stm32/14.3.1+st.2/lib/gcc/arm-none-eabi/14.3.1/include/arm_mve.h **** __extension__ extern __inline void
1345:/home/min/snap/code/235/.local/share/stm32cube/bundles/gnu-tools-for-stm32/14.3.1+st.2/lib/gcc/arm-none-eabi/14.3.1/include/arm_mve.h **** __attribute__ ((__always_inline__, __gnu_inline__, __artificial__))
1346:/home/min/snap/code/235/.local/share/stm32cube/bundles/gnu-tools-for-stm32/14.3.1+st.2/lib/gcc/arm-none-eabi/14.3.1/include/arm_mve.h **** __arm_vstrbq_p_s16 (int8_t * __addr, int16x8_t __value, mve_pred16_t __p)
1347:/home/min/snap/code/235/.local/share/stm32cube/bundles/gnu-tools-for-stm32/14.3.1+st.2/lib/gcc/arm-none-eabi/14.3.1/include/arm_mve.h **** {
1348:/home/min/snap/code/235/.local/share/stm32cube/bundles/gnu-tools-for-stm32/14.3.1+st.2/lib/gcc/arm-none-eabi/14.3.1/include/arm_mve.h ****   __builtin_mve_vstrbq_p_sv8hi ((__builtin_neon_qi *) __addr, __value, __p);
1349:/home/min/snap/code/235/.local/share/stm32cube/bundles/gnu-tools-for-stm32/14.3.1+st.2/lib/gcc/arm-none-eabi/14.3.1/include/arm_mve.h **** }
1350:/home/min/snap/code/235/.local/share/stm32cube/bundles/gnu-tools-for-stm32/14.3.1+st.2/lib/gcc/arm-none-eabi/14.3.1/include/arm_mve.h **** 
1351:/home/min/snap/code/235/.local/share/stm32cube/bundles/gnu-tools-for-stm32/14.3.1+st.2/lib/gcc/arm-none-eabi/14.3.1/include/arm_mve.h **** __extension__ extern __inline void
1352:/home/min/snap/code/235/.local/share/stm32cube/bundles/gnu-tools-for-stm32/14.3.1+st.2/lib/gcc/arm-none-eabi/14.3.1/include/arm_mve.h **** __attribute__ ((__always_inline__, __gnu_inline__, __artificial__))
1353:/home/min/snap/code/235/.local/share/stm32cube/bundles/gnu-tools-for-stm32/14.3.1+st.2/lib/gcc/arm-none-eabi/14.3.1/include/arm_mve.h **** __arm_vstrbq_p_u8 (uint8_t * __addr, uint8x16_t __value, mve_pred16_t __p)
1354:/home/min/snap/code/235/.local/share/stm32cube/bundles/gnu-tools-for-stm32/14.3.1+st.2/lib/gcc/arm-none-eabi/14.3.1/include/arm_mve.h **** {
1355:/home/min/snap/code/235/.local/share/stm32cube/bundles/gnu-tools-for-stm32/14.3.1+st.2/lib/gcc/arm-none-eabi/14.3.1/include/arm_mve.h ****   __builtin_mve_vstrbq_p_uv16qi ((__builtin_neon_qi *) __addr, __value, __p);
1356:/home/min/snap/code/235/.local/share/stm32cube/bundles/gnu-tools-for-stm32/14.3.1+st.2/lib/gcc/arm-none-eabi/14.3.1/include/arm_mve.h **** }
1357:/home/min/snap/code/235/.local/share/stm32cube/bundles/gnu-tools-for-stm32/14.3.1+st.2/lib/gcc/arm-none-eabi/14.3.1/include/arm_mve.h **** 
1358:/home/min/snap/code/235/.local/share/stm32cube/bundles/gnu-tools-for-stm32/14.3.1+st.2/lib/gcc/arm-none-eabi/14.3.1/include/arm_mve.h **** __extension__ extern __inline void
1359:/home/min/snap/code/235/.local/share/stm32cube/bundles/gnu-tools-for-stm32/14.3.1+st.2/lib/gcc/arm-none-eabi/14.3.1/include/arm_mve.h **** __attribute__ ((__always_inline__, __gnu_inline__, __artificial__))
1360:/home/min/snap/code/235/.local/share/stm32cube/bundles/gnu-tools-for-stm32/14.3.1+st.2/lib/gcc/arm-none-eabi/14.3.1/include/arm_mve.h **** __arm_vstrbq_p_u32 (uint8_t * __addr, uint32x4_t __value, mve_pred16_t __p)
1361:/home/min/snap/code/235/.local/share/stm32cube/bundles/gnu-tools-for-stm32/14.3.1+st.2/lib/gcc/arm-none-eabi/14.3.1/include/arm_mve.h **** {
1362:/home/min/snap/code/235/.local/share/stm32cube/bundles/gnu-tools-for-stm32/14.3.1+st.2/lib/gcc/arm-none-eabi/14.3.1/include/arm_mve.h ****   __builtin_mve_vstrbq_p_uv4si ((__builtin_neon_qi *) __addr, __value, __p);
1363:/home/min/snap/code/235/.local/share/stm32cube/bundles/gnu-tools-for-stm32/14.3.1+st.2/lib/gcc/arm-none-eabi/14.3.1/include/arm_mve.h **** }
1364:/home/min/snap/code/235/.local/share/stm32cube/bundles/gnu-tools-for-stm32/14.3.1+st.2/lib/gcc/arm-none-eabi/14.3.1/include/arm_mve.h **** 
1365:/home/min/snap/code/235/.local/share/stm32cube/bundles/gnu-tools-for-stm32/14.3.1+st.2/lib/gcc/arm-none-eabi/14.3.1/include/arm_mve.h **** __extension__ extern __inline void
1366:/home/min/snap/code/235/.local/share/stm32cube/bundles/gnu-tools-for-stm32/14.3.1+st.2/lib/gcc/arm-none-eabi/14.3.1/include/arm_mve.h **** __attribute__ ((__always_inline__, __gnu_inline__, __artificial__))
1367:/home/min/snap/code/235/.local/share/stm32cube/bundles/gnu-tools-for-stm32/14.3.1+st.2/lib/gcc/arm-none-eabi/14.3.1/include/arm_mve.h **** __arm_vstrbq_p_u16 (uint8_t * __addr, uint16x8_t __value, mve_pred16_t __p)
1368:/home/min/snap/code/235/.local/share/stm32cube/bundles/gnu-tools-for-stm32/14.3.1+st.2/lib/gcc/arm-none-eabi/14.3.1/include/arm_mve.h **** {
1369:/home/min/snap/code/235/.local/share/stm32cube/bundles/gnu-tools-for-stm32/14.3.1+st.2/lib/gcc/arm-none-eabi/14.3.1/include/arm_mve.h ****   __builtin_mve_vstrbq_p_uv8hi ((__builtin_neon_qi *) __addr, __value, __p);
1370:/home/min/snap/code/235/.local/share/stm32cube/bundles/gnu-tools-for-stm32/14.3.1+st.2/lib/gcc/arm-none-eabi/14.3.1/include/arm_mve.h **** }
1371:/home/min/snap/code/235/.local/share/stm32cube/bundles/gnu-tools-for-stm32/14.3.1+st.2/lib/gcc/arm-none-eabi/14.3.1/include/arm_mve.h **** 
1372:/home/min/snap/code/235/.local/share/stm32cube/bundles/gnu-tools-for-stm32/14.3.1+st.2/lib/gcc/arm-none-eabi/14.3.1/include/arm_mve.h **** __extension__ extern __inline void
1373:/home/min/snap/code/235/.local/share/stm32cube/bundles/gnu-tools-for-stm32/14.3.1+st.2/lib/gcc/arm-none-eabi/14.3.1/include/arm_mve.h **** __attribute__ ((__always_inline__, __gnu_inline__, __artificial__))
1374:/home/min/snap/code/235/.local/share/stm32cube/bundles/gnu-tools-for-stm32/14.3.1+st.2/lib/gcc/arm-none-eabi/14.3.1/include/arm_mve.h **** __arm_vstrbq_scatter_offset_p_s8 (int8_t * __base, uint8x16_t __offset, int8x16_t __value, mve_pred
1375:/home/min/snap/code/235/.local/share/stm32cube/bundles/gnu-tools-for-stm32/14.3.1+st.2/lib/gcc/arm-none-eabi/14.3.1/include/arm_mve.h **** {
1376:/home/min/snap/code/235/.local/share/stm32cube/bundles/gnu-tools-for-stm32/14.3.1+st.2/lib/gcc/arm-none-eabi/14.3.1/include/arm_mve.h ****   __builtin_mve_vstrbq_scatter_offset_p_sv16qi ((__builtin_neon_qi *) __base, __offset, __value, __
1377:/home/min/snap/code/235/.local/share/stm32cube/bundles/gnu-tools-for-stm32/14.3.1+st.2/lib/gcc/arm-none-eabi/14.3.1/include/arm_mve.h **** }
1378:/home/min/snap/code/235/.local/share/stm32cube/bundles/gnu-tools-for-stm32/14.3.1+st.2/lib/gcc/arm-none-eabi/14.3.1/include/arm_mve.h **** 
1379:/home/min/snap/code/235/.local/share/stm32cube/bundles/gnu-tools-for-stm32/14.3.1+st.2/lib/gcc/arm-none-eabi/14.3.1/include/arm_mve.h **** __extension__ extern __inline void
ARM GAS  /tmp/cc1JbEzq.s 			page 27


1380:/home/min/snap/code/235/.local/share/stm32cube/bundles/gnu-tools-for-stm32/14.3.1+st.2/lib/gcc/arm-none-eabi/14.3.1/include/arm_mve.h **** __attribute__ ((__always_inline__, __gnu_inline__, __artificial__))
1381:/home/min/snap/code/235/.local/share/stm32cube/bundles/gnu-tools-for-stm32/14.3.1+st.2/lib/gcc/arm-none-eabi/14.3.1/include/arm_mve.h **** __arm_vstrbq_scatter_offset_p_s32 (int8_t * __base, uint32x4_t __offset, int32x4_t __value, mve_pre
1382:/home/min/snap/code/235/.local/share/stm32cube/bundles/gnu-tools-for-stm32/14.3.1+st.2/lib/gcc/arm-none-eabi/14.3.1/include/arm_mve.h **** {
1383:/home/min/snap/code/235/.local/share/stm32cube/bundles/gnu-tools-for-stm32/14.3.1+st.2/lib/gcc/arm-none-eabi/14.3.1/include/arm_mve.h ****   __builtin_mve_vstrbq_scatter_offset_p_sv4si ((__builtin_neon_qi *) __base, __offset, __value, __p
1384:/home/min/snap/code/235/.local/share/stm32cube/bundles/gnu-tools-for-stm32/14.3.1+st.2/lib/gcc/arm-none-eabi/14.3.1/include/arm_mve.h **** }
1385:/home/min/snap/code/235/.local/share/stm32cube/bundles/gnu-tools-for-stm32/14.3.1+st.2/lib/gcc/arm-none-eabi/14.3.1/include/arm_mve.h **** 
1386:/home/min/snap/code/235/.local/share/stm32cube/bundles/gnu-tools-for-stm32/14.3.1+st.2/lib/gcc/arm-none-eabi/14.3.1/include/arm_mve.h **** __extension__ extern __inline void
1387:/home/min/snap/code/235/.local/share/stm32cube/bundles/gnu-tools-for-stm32/14.3.1+st.2/lib/gcc/arm-none-eabi/14.3.1/include/arm_mve.h **** __attribute__ ((__always_inline__, __gnu_inline__, __artificial__))
1388:/home/min/snap/code/235/.local/share/stm32cube/bundles/gnu-tools-for-stm32/14.3.1+st.2/lib/gcc/arm-none-eabi/14.3.1/include/arm_mve.h **** __arm_vstrbq_scatter_offset_p_s16 (int8_t * __base, uint16x8_t __offset, int16x8_t __value, mve_pre
1389:/home/min/snap/code/235/.local/share/stm32cube/bundles/gnu-tools-for-stm32/14.3.1+st.2/lib/gcc/arm-none-eabi/14.3.1/include/arm_mve.h **** {
1390:/home/min/snap/code/235/.local/share/stm32cube/bundles/gnu-tools-for-stm32/14.3.1+st.2/lib/gcc/arm-none-eabi/14.3.1/include/arm_mve.h ****   __builtin_mve_vstrbq_scatter_offset_p_sv8hi ((__builtin_neon_qi *) __base, __offset, __value, __p
1391:/home/min/snap/code/235/.local/share/stm32cube/bundles/gnu-tools-for-stm32/14.3.1+st.2/lib/gcc/arm-none-eabi/14.3.1/include/arm_mve.h **** }
1392:/home/min/snap/code/235/.local/share/stm32cube/bundles/gnu-tools-for-stm32/14.3.1+st.2/lib/gcc/arm-none-eabi/14.3.1/include/arm_mve.h **** 
1393:/home/min/snap/code/235/.local/share/stm32cube/bundles/gnu-tools-for-stm32/14.3.1+st.2/lib/gcc/arm-none-eabi/14.3.1/include/arm_mve.h **** __extension__ extern __inline void
1394:/home/min/snap/code/235/.local/share/stm32cube/bundles/gnu-tools-for-stm32/14.3.1+st.2/lib/gcc/arm-none-eabi/14.3.1/include/arm_mve.h **** __attribute__ ((__always_inline__, __gnu_inline__, __artificial__))
1395:/home/min/snap/code/235/.local/share/stm32cube/bundles/gnu-tools-for-stm32/14.3.1+st.2/lib/gcc/arm-none-eabi/14.3.1/include/arm_mve.h **** __arm_vstrbq_scatter_offset_p_u8 (uint8_t * __base, uint8x16_t __offset, uint8x16_t __value, mve_pr
1396:/home/min/snap/code/235/.local/share/stm32cube/bundles/gnu-tools-for-stm32/14.3.1+st.2/lib/gcc/arm-none-eabi/14.3.1/include/arm_mve.h **** {
1397:/home/min/snap/code/235/.local/share/stm32cube/bundles/gnu-tools-for-stm32/14.3.1+st.2/lib/gcc/arm-none-eabi/14.3.1/include/arm_mve.h ****   __builtin_mve_vstrbq_scatter_offset_p_uv16qi ((__builtin_neon_qi *) __base, __offset, __value, __
1398:/home/min/snap/code/235/.local/share/stm32cube/bundles/gnu-tools-for-stm32/14.3.1+st.2/lib/gcc/arm-none-eabi/14.3.1/include/arm_mve.h **** }
1399:/home/min/snap/code/235/.local/share/stm32cube/bundles/gnu-tools-for-stm32/14.3.1+st.2/lib/gcc/arm-none-eabi/14.3.1/include/arm_mve.h **** 
1400:/home/min/snap/code/235/.local/share/stm32cube/bundles/gnu-tools-for-stm32/14.3.1+st.2/lib/gcc/arm-none-eabi/14.3.1/include/arm_mve.h **** __extension__ extern __inline void
1401:/home/min/snap/code/235/.local/share/stm32cube/bundles/gnu-tools-for-stm32/14.3.1+st.2/lib/gcc/arm-none-eabi/14.3.1/include/arm_mve.h **** __attribute__ ((__always_inline__, __gnu_inline__, __artificial__))
1402:/home/min/snap/code/235/.local/share/stm32cube/bundles/gnu-tools-for-stm32/14.3.1+st.2/lib/gcc/arm-none-eabi/14.3.1/include/arm_mve.h **** __arm_vstrbq_scatter_offset_p_u32 (uint8_t * __base, uint32x4_t __offset, uint32x4_t __value, mve_p
1403:/home/min/snap/code/235/.local/share/stm32cube/bundles/gnu-tools-for-stm32/14.3.1+st.2/lib/gcc/arm-none-eabi/14.3.1/include/arm_mve.h **** {
1404:/home/min/snap/code/235/.local/share/stm32cube/bundles/gnu-tools-for-stm32/14.3.1+st.2/lib/gcc/arm-none-eabi/14.3.1/include/arm_mve.h ****   __builtin_mve_vstrbq_scatter_offset_p_uv4si ((__builtin_neon_qi *) __base, __offset, __value, __p
1405:/home/min/snap/code/235/.local/share/stm32cube/bundles/gnu-tools-for-stm32/14.3.1+st.2/lib/gcc/arm-none-eabi/14.3.1/include/arm_mve.h **** }
1406:/home/min/snap/code/235/.local/share/stm32cube/bundles/gnu-tools-for-stm32/14.3.1+st.2/lib/gcc/arm-none-eabi/14.3.1/include/arm_mve.h **** 
1407:/home/min/snap/code/235/.local/share/stm32cube/bundles/gnu-tools-for-stm32/14.3.1+st.2/lib/gcc/arm-none-eabi/14.3.1/include/arm_mve.h **** __extension__ extern __inline void
1408:/home/min/snap/code/235/.local/share/stm32cube/bundles/gnu-tools-for-stm32/14.3.1+st.2/lib/gcc/arm-none-eabi/14.3.1/include/arm_mve.h **** __attribute__ ((__always_inline__, __gnu_inline__, __artificial__))
1409:/home/min/snap/code/235/.local/share/stm32cube/bundles/gnu-tools-for-stm32/14.3.1+st.2/lib/gcc/arm-none-eabi/14.3.1/include/arm_mve.h **** __arm_vstrbq_scatter_offset_p_u16 (uint8_t * __base, uint16x8_t __offset, uint16x8_t __value, mve_p
1410:/home/min/snap/code/235/.local/share/stm32cube/bundles/gnu-tools-for-stm32/14.3.1+st.2/lib/gcc/arm-none-eabi/14.3.1/include/arm_mve.h **** {
1411:/home/min/snap/code/235/.local/share/stm32cube/bundles/gnu-tools-for-stm32/14.3.1+st.2/lib/gcc/arm-none-eabi/14.3.1/include/arm_mve.h ****   __builtin_mve_vstrbq_scatter_offset_p_uv8hi ((__builtin_neon_qi *) __base, __offset, __value, __p
1412:/home/min/snap/code/235/.local/share/stm32cube/bundles/gnu-tools-for-stm32/14.3.1+st.2/lib/gcc/arm-none-eabi/14.3.1/include/arm_mve.h **** }
1413:/home/min/snap/code/235/.local/share/stm32cube/bundles/gnu-tools-for-stm32/14.3.1+st.2/lib/gcc/arm-none-eabi/14.3.1/include/arm_mve.h **** 
1414:/home/min/snap/code/235/.local/share/stm32cube/bundles/gnu-tools-for-stm32/14.3.1+st.2/lib/gcc/arm-none-eabi/14.3.1/include/arm_mve.h **** __extension__ extern __inline void
1415:/home/min/snap/code/235/.local/share/stm32cube/bundles/gnu-tools-for-stm32/14.3.1+st.2/lib/gcc/arm-none-eabi/14.3.1/include/arm_mve.h **** __attribute__ ((__always_inline__, __gnu_inline__, __artificial__))
1416:/home/min/snap/code/235/.local/share/stm32cube/bundles/gnu-tools-for-stm32/14.3.1+st.2/lib/gcc/arm-none-eabi/14.3.1/include/arm_mve.h **** __arm_vstrwq_scatter_base_p_s32 (uint32x4_t __addr, const int __offset, int32x4_t __value, mve_pred
1417:/home/min/snap/code/235/.local/share/stm32cube/bundles/gnu-tools-for-stm32/14.3.1+st.2/lib/gcc/arm-none-eabi/14.3.1/include/arm_mve.h **** {
1418:/home/min/snap/code/235/.local/share/stm32cube/bundles/gnu-tools-for-stm32/14.3.1+st.2/lib/gcc/arm-none-eabi/14.3.1/include/arm_mve.h ****   __builtin_mve_vstrwq_scatter_base_p_sv4si (__addr, __offset, __value, __p);
1419:/home/min/snap/code/235/.local/share/stm32cube/bundles/gnu-tools-for-stm32/14.3.1+st.2/lib/gcc/arm-none-eabi/14.3.1/include/arm_mve.h **** }
1420:/home/min/snap/code/235/.local/share/stm32cube/bundles/gnu-tools-for-stm32/14.3.1+st.2/lib/gcc/arm-none-eabi/14.3.1/include/arm_mve.h **** 
1421:/home/min/snap/code/235/.local/share/stm32cube/bundles/gnu-tools-for-stm32/14.3.1+st.2/lib/gcc/arm-none-eabi/14.3.1/include/arm_mve.h **** __extension__ extern __inline void
1422:/home/min/snap/code/235/.local/share/stm32cube/bundles/gnu-tools-for-stm32/14.3.1+st.2/lib/gcc/arm-none-eabi/14.3.1/include/arm_mve.h **** __attribute__ ((__always_inline__, __gnu_inline__, __artificial__))
1423:/home/min/snap/code/235/.local/share/stm32cube/bundles/gnu-tools-for-stm32/14.3.1+st.2/lib/gcc/arm-none-eabi/14.3.1/include/arm_mve.h **** __arm_vstrwq_scatter_base_p_u32 (uint32x4_t __addr, const int __offset, uint32x4_t __value, mve_pre
1424:/home/min/snap/code/235/.local/share/stm32cube/bundles/gnu-tools-for-stm32/14.3.1+st.2/lib/gcc/arm-none-eabi/14.3.1/include/arm_mve.h **** {
1425:/home/min/snap/code/235/.local/share/stm32cube/bundles/gnu-tools-for-stm32/14.3.1+st.2/lib/gcc/arm-none-eabi/14.3.1/include/arm_mve.h ****   __builtin_mve_vstrwq_scatter_base_p_uv4si (__addr, __offset, __value, __p);
1426:/home/min/snap/code/235/.local/share/stm32cube/bundles/gnu-tools-for-stm32/14.3.1+st.2/lib/gcc/arm-none-eabi/14.3.1/include/arm_mve.h **** }
1427:/home/min/snap/code/235/.local/share/stm32cube/bundles/gnu-tools-for-stm32/14.3.1+st.2/lib/gcc/arm-none-eabi/14.3.1/include/arm_mve.h **** 
1428:/home/min/snap/code/235/.local/share/stm32cube/bundles/gnu-tools-for-stm32/14.3.1+st.2/lib/gcc/arm-none-eabi/14.3.1/include/arm_mve.h **** __extension__ extern __inline int8x16_t
1429:/home/min/snap/code/235/.local/share/stm32cube/bundles/gnu-tools-for-stm32/14.3.1+st.2/lib/gcc/arm-none-eabi/14.3.1/include/arm_mve.h **** __attribute__ ((__always_inline__, __gnu_inline__, __artificial__))
1430:/home/min/snap/code/235/.local/share/stm32cube/bundles/gnu-tools-for-stm32/14.3.1+st.2/lib/gcc/arm-none-eabi/14.3.1/include/arm_mve.h **** __arm_vldrbq_gather_offset_z_s8 (int8_t const * __base, uint8x16_t __offset, mve_pred16_t __p)
1431:/home/min/snap/code/235/.local/share/stm32cube/bundles/gnu-tools-for-stm32/14.3.1+st.2/lib/gcc/arm-none-eabi/14.3.1/include/arm_mve.h **** {
1432:/home/min/snap/code/235/.local/share/stm32cube/bundles/gnu-tools-for-stm32/14.3.1+st.2/lib/gcc/arm-none-eabi/14.3.1/include/arm_mve.h ****   return __builtin_mve_vldrbq_gather_offset_z_sv16qi ((__builtin_neon_qi *) __base, __offset, __p);
1433:/home/min/snap/code/235/.local/share/stm32cube/bundles/gnu-tools-for-stm32/14.3.1+st.2/lib/gcc/arm-none-eabi/14.3.1/include/arm_mve.h **** }
1434:/home/min/snap/code/235/.local/share/stm32cube/bundles/gnu-tools-for-stm32/14.3.1+st.2/lib/gcc/arm-none-eabi/14.3.1/include/arm_mve.h **** 
1435:/home/min/snap/code/235/.local/share/stm32cube/bundles/gnu-tools-for-stm32/14.3.1+st.2/lib/gcc/arm-none-eabi/14.3.1/include/arm_mve.h **** __extension__ extern __inline int32x4_t
1436:/home/min/snap/code/235/.local/share/stm32cube/bundles/gnu-tools-for-stm32/14.3.1+st.2/lib/gcc/arm-none-eabi/14.3.1/include/arm_mve.h **** __attribute__ ((__always_inline__, __gnu_inline__, __artificial__))
ARM GAS  /tmp/cc1JbEzq.s 			page 28


1437:/home/min/snap/code/235/.local/share/stm32cube/bundles/gnu-tools-for-stm32/14.3.1+st.2/lib/gcc/arm-none-eabi/14.3.1/include/arm_mve.h **** __arm_vldrbq_gather_offset_z_s32 (int8_t const * __base, uint32x4_t __offset, mve_pred16_t __p)
1438:/home/min/snap/code/235/.local/share/stm32cube/bundles/gnu-tools-for-stm32/14.3.1+st.2/lib/gcc/arm-none-eabi/14.3.1/include/arm_mve.h **** {
1439:/home/min/snap/code/235/.local/share/stm32cube/bundles/gnu-tools-for-stm32/14.3.1+st.2/lib/gcc/arm-none-eabi/14.3.1/include/arm_mve.h ****   return __builtin_mve_vldrbq_gather_offset_z_sv4si ((__builtin_neon_qi *) __base, __offset, __p);
1440:/home/min/snap/code/235/.local/share/stm32cube/bundles/gnu-tools-for-stm32/14.3.1+st.2/lib/gcc/arm-none-eabi/14.3.1/include/arm_mve.h **** }
1441:/home/min/snap/code/235/.local/share/stm32cube/bundles/gnu-tools-for-stm32/14.3.1+st.2/lib/gcc/arm-none-eabi/14.3.1/include/arm_mve.h **** 
1442:/home/min/snap/code/235/.local/share/stm32cube/bundles/gnu-tools-for-stm32/14.3.1+st.2/lib/gcc/arm-none-eabi/14.3.1/include/arm_mve.h **** __extension__ extern __inline int16x8_t
1443:/home/min/snap/code/235/.local/share/stm32cube/bundles/gnu-tools-for-stm32/14.3.1+st.2/lib/gcc/arm-none-eabi/14.3.1/include/arm_mve.h **** __attribute__ ((__always_inline__, __gnu_inline__, __artificial__))
1444:/home/min/snap/code/235/.local/share/stm32cube/bundles/gnu-tools-for-stm32/14.3.1+st.2/lib/gcc/arm-none-eabi/14.3.1/include/arm_mve.h **** __arm_vldrbq_gather_offset_z_s16 (int8_t const * __base, uint16x8_t __offset, mve_pred16_t __p)
1445:/home/min/snap/code/235/.local/share/stm32cube/bundles/gnu-tools-for-stm32/14.3.1+st.2/lib/gcc/arm-none-eabi/14.3.1/include/arm_mve.h **** {
1446:/home/min/snap/code/235/.local/share/stm32cube/bundles/gnu-tools-for-stm32/14.3.1+st.2/lib/gcc/arm-none-eabi/14.3.1/include/arm_mve.h ****   return __builtin_mve_vldrbq_gather_offset_z_sv8hi ((__builtin_neon_qi *) __base, __offset, __p);
1447:/home/min/snap/code/235/.local/share/stm32cube/bundles/gnu-tools-for-stm32/14.3.1+st.2/lib/gcc/arm-none-eabi/14.3.1/include/arm_mve.h **** }
1448:/home/min/snap/code/235/.local/share/stm32cube/bundles/gnu-tools-for-stm32/14.3.1+st.2/lib/gcc/arm-none-eabi/14.3.1/include/arm_mve.h **** 
1449:/home/min/snap/code/235/.local/share/stm32cube/bundles/gnu-tools-for-stm32/14.3.1+st.2/lib/gcc/arm-none-eabi/14.3.1/include/arm_mve.h **** __extension__ extern __inline uint8x16_t
1450:/home/min/snap/code/235/.local/share/stm32cube/bundles/gnu-tools-for-stm32/14.3.1+st.2/lib/gcc/arm-none-eabi/14.3.1/include/arm_mve.h **** __attribute__ ((__always_inline__, __gnu_inline__, __artificial__))
1451:/home/min/snap/code/235/.local/share/stm32cube/bundles/gnu-tools-for-stm32/14.3.1+st.2/lib/gcc/arm-none-eabi/14.3.1/include/arm_mve.h **** __arm_vldrbq_gather_offset_z_u8 (uint8_t const * __base, uint8x16_t __offset, mve_pred16_t __p)
1452:/home/min/snap/code/235/.local/share/stm32cube/bundles/gnu-tools-for-stm32/14.3.1+st.2/lib/gcc/arm-none-eabi/14.3.1/include/arm_mve.h **** {
1453:/home/min/snap/code/235/.local/share/stm32cube/bundles/gnu-tools-for-stm32/14.3.1+st.2/lib/gcc/arm-none-eabi/14.3.1/include/arm_mve.h ****   return __builtin_mve_vldrbq_gather_offset_z_uv16qi ((__builtin_neon_qi *) __base, __offset, __p);
1454:/home/min/snap/code/235/.local/share/stm32cube/bundles/gnu-tools-for-stm32/14.3.1+st.2/lib/gcc/arm-none-eabi/14.3.1/include/arm_mve.h **** }
1455:/home/min/snap/code/235/.local/share/stm32cube/bundles/gnu-tools-for-stm32/14.3.1+st.2/lib/gcc/arm-none-eabi/14.3.1/include/arm_mve.h **** 
1456:/home/min/snap/code/235/.local/share/stm32cube/bundles/gnu-tools-for-stm32/14.3.1+st.2/lib/gcc/arm-none-eabi/14.3.1/include/arm_mve.h **** __extension__ extern __inline uint32x4_t
1457:/home/min/snap/code/235/.local/share/stm32cube/bundles/gnu-tools-for-stm32/14.3.1+st.2/lib/gcc/arm-none-eabi/14.3.1/include/arm_mve.h **** __attribute__ ((__always_inline__, __gnu_inline__, __artificial__))
1458:/home/min/snap/code/235/.local/share/stm32cube/bundles/gnu-tools-for-stm32/14.3.1+st.2/lib/gcc/arm-none-eabi/14.3.1/include/arm_mve.h **** __arm_vldrbq_gather_offset_z_u32 (uint8_t const * __base, uint32x4_t __offset, mve_pred16_t __p)
1459:/home/min/snap/code/235/.local/share/stm32cube/bundles/gnu-tools-for-stm32/14.3.1+st.2/lib/gcc/arm-none-eabi/14.3.1/include/arm_mve.h **** {
1460:/home/min/snap/code/235/.local/share/stm32cube/bundles/gnu-tools-for-stm32/14.3.1+st.2/lib/gcc/arm-none-eabi/14.3.1/include/arm_mve.h ****   return __builtin_mve_vldrbq_gather_offset_z_uv4si ((__builtin_neon_qi *) __base, __offset, __p);
1461:/home/min/snap/code/235/.local/share/stm32cube/bundles/gnu-tools-for-stm32/14.3.1+st.2/lib/gcc/arm-none-eabi/14.3.1/include/arm_mve.h **** }
1462:/home/min/snap/code/235/.local/share/stm32cube/bundles/gnu-tools-for-stm32/14.3.1+st.2/lib/gcc/arm-none-eabi/14.3.1/include/arm_mve.h **** 
1463:/home/min/snap/code/235/.local/share/stm32cube/bundles/gnu-tools-for-stm32/14.3.1+st.2/lib/gcc/arm-none-eabi/14.3.1/include/arm_mve.h **** __extension__ extern __inline uint16x8_t
1464:/home/min/snap/code/235/.local/share/stm32cube/bundles/gnu-tools-for-stm32/14.3.1+st.2/lib/gcc/arm-none-eabi/14.3.1/include/arm_mve.h **** __attribute__ ((__always_inline__, __gnu_inline__, __artificial__))
1465:/home/min/snap/code/235/.local/share/stm32cube/bundles/gnu-tools-for-stm32/14.3.1+st.2/lib/gcc/arm-none-eabi/14.3.1/include/arm_mve.h **** __arm_vldrbq_gather_offset_z_u16 (uint8_t const * __base, uint16x8_t __offset, mve_pred16_t __p)
1466:/home/min/snap/code/235/.local/share/stm32cube/bundles/gnu-tools-for-stm32/14.3.1+st.2/lib/gcc/arm-none-eabi/14.3.1/include/arm_mve.h **** {
1467:/home/min/snap/code/235/.local/share/stm32cube/bundles/gnu-tools-for-stm32/14.3.1+st.2/lib/gcc/arm-none-eabi/14.3.1/include/arm_mve.h ****   return __builtin_mve_vldrbq_gather_offset_z_uv8hi ((__builtin_neon_qi *) __base, __offset, __p);
1468:/home/min/snap/code/235/.local/share/stm32cube/bundles/gnu-tools-for-stm32/14.3.1+st.2/lib/gcc/arm-none-eabi/14.3.1/include/arm_mve.h **** }
1469:/home/min/snap/code/235/.local/share/stm32cube/bundles/gnu-tools-for-stm32/14.3.1+st.2/lib/gcc/arm-none-eabi/14.3.1/include/arm_mve.h **** 
1470:/home/min/snap/code/235/.local/share/stm32cube/bundles/gnu-tools-for-stm32/14.3.1+st.2/lib/gcc/arm-none-eabi/14.3.1/include/arm_mve.h **** __extension__ extern __inline int8x16_t
1471:/home/min/snap/code/235/.local/share/stm32cube/bundles/gnu-tools-for-stm32/14.3.1+st.2/lib/gcc/arm-none-eabi/14.3.1/include/arm_mve.h **** __attribute__ ((__always_inline__, __gnu_inline__, __artificial__))
1472:/home/min/snap/code/235/.local/share/stm32cube/bundles/gnu-tools-for-stm32/14.3.1+st.2/lib/gcc/arm-none-eabi/14.3.1/include/arm_mve.h **** __arm_vldrbq_z_s8 (int8_t const * __base, mve_pred16_t __p)
1473:/home/min/snap/code/235/.local/share/stm32cube/bundles/gnu-tools-for-stm32/14.3.1+st.2/lib/gcc/arm-none-eabi/14.3.1/include/arm_mve.h **** {
1474:/home/min/snap/code/235/.local/share/stm32cube/bundles/gnu-tools-for-stm32/14.3.1+st.2/lib/gcc/arm-none-eabi/14.3.1/include/arm_mve.h ****   return __builtin_mve_vldrbq_z_sv16qi ((__builtin_neon_qi *) __base, __p);
1475:/home/min/snap/code/235/.local/share/stm32cube/bundles/gnu-tools-for-stm32/14.3.1+st.2/lib/gcc/arm-none-eabi/14.3.1/include/arm_mve.h **** }
1476:/home/min/snap/code/235/.local/share/stm32cube/bundles/gnu-tools-for-stm32/14.3.1+st.2/lib/gcc/arm-none-eabi/14.3.1/include/arm_mve.h **** 
1477:/home/min/snap/code/235/.local/share/stm32cube/bundles/gnu-tools-for-stm32/14.3.1+st.2/lib/gcc/arm-none-eabi/14.3.1/include/arm_mve.h **** __extension__ extern __inline int32x4_t
1478:/home/min/snap/code/235/.local/share/stm32cube/bundles/gnu-tools-for-stm32/14.3.1+st.2/lib/gcc/arm-none-eabi/14.3.1/include/arm_mve.h **** __attribute__ ((__always_inline__, __gnu_inline__, __artificial__))
1479:/home/min/snap/code/235/.local/share/stm32cube/bundles/gnu-tools-for-stm32/14.3.1+st.2/lib/gcc/arm-none-eabi/14.3.1/include/arm_mve.h **** __arm_vldrbq_z_s32 (int8_t const * __base, mve_pred16_t __p)
1480:/home/min/snap/code/235/.local/share/stm32cube/bundles/gnu-tools-for-stm32/14.3.1+st.2/lib/gcc/arm-none-eabi/14.3.1/include/arm_mve.h **** {
1481:/home/min/snap/code/235/.local/share/stm32cube/bundles/gnu-tools-for-stm32/14.3.1+st.2/lib/gcc/arm-none-eabi/14.3.1/include/arm_mve.h ****   return __builtin_mve_vldrbq_z_sv4si ((__builtin_neon_qi *) __base, __p);
1482:/home/min/snap/code/235/.local/share/stm32cube/bundles/gnu-tools-for-stm32/14.3.1+st.2/lib/gcc/arm-none-eabi/14.3.1/include/arm_mve.h **** }
1483:/home/min/snap/code/235/.local/share/stm32cube/bundles/gnu-tools-for-stm32/14.3.1+st.2/lib/gcc/arm-none-eabi/14.3.1/include/arm_mve.h **** 
1484:/home/min/snap/code/235/.local/share/stm32cube/bundles/gnu-tools-for-stm32/14.3.1+st.2/lib/gcc/arm-none-eabi/14.3.1/include/arm_mve.h **** __extension__ extern __inline int16x8_t
1485:/home/min/snap/code/235/.local/share/stm32cube/bundles/gnu-tools-for-stm32/14.3.1+st.2/lib/gcc/arm-none-eabi/14.3.1/include/arm_mve.h **** __attribute__ ((__always_inline__, __gnu_inline__, __artificial__))
1486:/home/min/snap/code/235/.local/share/stm32cube/bundles/gnu-tools-for-stm32/14.3.1+st.2/lib/gcc/arm-none-eabi/14.3.1/include/arm_mve.h **** __arm_vldrbq_z_s16 (int8_t const * __base, mve_pred16_t __p)
1487:/home/min/snap/code/235/.local/share/stm32cube/bundles/gnu-tools-for-stm32/14.3.1+st.2/lib/gcc/arm-none-eabi/14.3.1/include/arm_mve.h **** {
1488:/home/min/snap/code/235/.local/share/stm32cube/bundles/gnu-tools-for-stm32/14.3.1+st.2/lib/gcc/arm-none-eabi/14.3.1/include/arm_mve.h ****   return __builtin_mve_vldrbq_z_sv8hi ((__builtin_neon_qi *) __base, __p);
1489:/home/min/snap/code/235/.local/share/stm32cube/bundles/gnu-tools-for-stm32/14.3.1+st.2/lib/gcc/arm-none-eabi/14.3.1/include/arm_mve.h **** }
1490:/home/min/snap/code/235/.local/share/stm32cube/bundles/gnu-tools-for-stm32/14.3.1+st.2/lib/gcc/arm-none-eabi/14.3.1/include/arm_mve.h **** 
1491:/home/min/snap/code/235/.local/share/stm32cube/bundles/gnu-tools-for-stm32/14.3.1+st.2/lib/gcc/arm-none-eabi/14.3.1/include/arm_mve.h **** __extension__ extern __inline uint8x16_t
1492:/home/min/snap/code/235/.local/share/stm32cube/bundles/gnu-tools-for-stm32/14.3.1+st.2/lib/gcc/arm-none-eabi/14.3.1/include/arm_mve.h **** __attribute__ ((__always_inline__, __gnu_inline__, __artificial__))
1493:/home/min/snap/code/235/.local/share/stm32cube/bundles/gnu-tools-for-stm32/14.3.1+st.2/lib/gcc/arm-none-eabi/14.3.1/include/arm_mve.h **** __arm_vldrbq_z_u8 (uint8_t const * __base, mve_pred16_t __p)
ARM GAS  /tmp/cc1JbEzq.s 			page 29


1494:/home/min/snap/code/235/.local/share/stm32cube/bundles/gnu-tools-for-stm32/14.3.1+st.2/lib/gcc/arm-none-eabi/14.3.1/include/arm_mve.h **** {
1495:/home/min/snap/code/235/.local/share/stm32cube/bundles/gnu-tools-for-stm32/14.3.1+st.2/lib/gcc/arm-none-eabi/14.3.1/include/arm_mve.h ****   return __builtin_mve_vldrbq_z_uv16qi ((__builtin_neon_qi *) __base, __p);
1496:/home/min/snap/code/235/.local/share/stm32cube/bundles/gnu-tools-for-stm32/14.3.1+st.2/lib/gcc/arm-none-eabi/14.3.1/include/arm_mve.h **** }
1497:/home/min/snap/code/235/.local/share/stm32cube/bundles/gnu-tools-for-stm32/14.3.1+st.2/lib/gcc/arm-none-eabi/14.3.1/include/arm_mve.h **** 
1498:/home/min/snap/code/235/.local/share/stm32cube/bundles/gnu-tools-for-stm32/14.3.1+st.2/lib/gcc/arm-none-eabi/14.3.1/include/arm_mve.h **** __extension__ extern __inline uint32x4_t
1499:/home/min/snap/code/235/.local/share/stm32cube/bundles/gnu-tools-for-stm32/14.3.1+st.2/lib/gcc/arm-none-eabi/14.3.1/include/arm_mve.h **** __attribute__ ((__always_inline__, __gnu_inline__, __artificial__))
1500:/home/min/snap/code/235/.local/share/stm32cube/bundles/gnu-tools-for-stm32/14.3.1+st.2/lib/gcc/arm-none-eabi/14.3.1/include/arm_mve.h **** __arm_vldrbq_z_u32 (uint8_t const * __base, mve_pred16_t __p)
1501:/home/min/snap/code/235/.local/share/stm32cube/bundles/gnu-tools-for-stm32/14.3.1+st.2/lib/gcc/arm-none-eabi/14.3.1/include/arm_mve.h **** {
1502:/home/min/snap/code/235/.local/share/stm32cube/bundles/gnu-tools-for-stm32/14.3.1+st.2/lib/gcc/arm-none-eabi/14.3.1/include/arm_mve.h ****   return __builtin_mve_vldrbq_z_uv4si ((__builtin_neon_qi *) __base, __p);
1503:/home/min/snap/code/235/.local/share/stm32cube/bundles/gnu-tools-for-stm32/14.3.1+st.2/lib/gcc/arm-none-eabi/14.3.1/include/arm_mve.h **** }
1504:/home/min/snap/code/235/.local/share/stm32cube/bundles/gnu-tools-for-stm32/14.3.1+st.2/lib/gcc/arm-none-eabi/14.3.1/include/arm_mve.h **** 
1505:/home/min/snap/code/235/.local/share/stm32cube/bundles/gnu-tools-for-stm32/14.3.1+st.2/lib/gcc/arm-none-eabi/14.3.1/include/arm_mve.h **** __extension__ extern __inline uint16x8_t
1506:/home/min/snap/code/235/.local/share/stm32cube/bundles/gnu-tools-for-stm32/14.3.1+st.2/lib/gcc/arm-none-eabi/14.3.1/include/arm_mve.h **** __attribute__ ((__always_inline__, __gnu_inline__, __artificial__))
1507:/home/min/snap/code/235/.local/share/stm32cube/bundles/gnu-tools-for-stm32/14.3.1+st.2/lib/gcc/arm-none-eabi/14.3.1/include/arm_mve.h **** __arm_vldrbq_z_u16 (uint8_t const * __base, mve_pred16_t __p)
1508:/home/min/snap/code/235/.local/share/stm32cube/bundles/gnu-tools-for-stm32/14.3.1+st.2/lib/gcc/arm-none-eabi/14.3.1/include/arm_mve.h **** {
1509:/home/min/snap/code/235/.local/share/stm32cube/bundles/gnu-tools-for-stm32/14.3.1+st.2/lib/gcc/arm-none-eabi/14.3.1/include/arm_mve.h ****   return __builtin_mve_vldrbq_z_uv8hi ((__builtin_neon_qi *) __base, __p);
1510:/home/min/snap/code/235/.local/share/stm32cube/bundles/gnu-tools-for-stm32/14.3.1+st.2/lib/gcc/arm-none-eabi/14.3.1/include/arm_mve.h **** }
1511:/home/min/snap/code/235/.local/share/stm32cube/bundles/gnu-tools-for-stm32/14.3.1+st.2/lib/gcc/arm-none-eabi/14.3.1/include/arm_mve.h **** 
1512:/home/min/snap/code/235/.local/share/stm32cube/bundles/gnu-tools-for-stm32/14.3.1+st.2/lib/gcc/arm-none-eabi/14.3.1/include/arm_mve.h **** __extension__ extern __inline int32x4_t
1513:/home/min/snap/code/235/.local/share/stm32cube/bundles/gnu-tools-for-stm32/14.3.1+st.2/lib/gcc/arm-none-eabi/14.3.1/include/arm_mve.h **** __attribute__ ((__always_inline__, __gnu_inline__, __artificial__))
1514:/home/min/snap/code/235/.local/share/stm32cube/bundles/gnu-tools-for-stm32/14.3.1+st.2/lib/gcc/arm-none-eabi/14.3.1/include/arm_mve.h **** __arm_vldrwq_gather_base_z_s32 (uint32x4_t __addr, const int __offset, mve_pred16_t __p)
1515:/home/min/snap/code/235/.local/share/stm32cube/bundles/gnu-tools-for-stm32/14.3.1+st.2/lib/gcc/arm-none-eabi/14.3.1/include/arm_mve.h **** {
1516:/home/min/snap/code/235/.local/share/stm32cube/bundles/gnu-tools-for-stm32/14.3.1+st.2/lib/gcc/arm-none-eabi/14.3.1/include/arm_mve.h ****   return __builtin_mve_vldrwq_gather_base_z_sv4si (__addr, __offset, __p);
1517:/home/min/snap/code/235/.local/share/stm32cube/bundles/gnu-tools-for-stm32/14.3.1+st.2/lib/gcc/arm-none-eabi/14.3.1/include/arm_mve.h **** }
1518:/home/min/snap/code/235/.local/share/stm32cube/bundles/gnu-tools-for-stm32/14.3.1+st.2/lib/gcc/arm-none-eabi/14.3.1/include/arm_mve.h **** 
1519:/home/min/snap/code/235/.local/share/stm32cube/bundles/gnu-tools-for-stm32/14.3.1+st.2/lib/gcc/arm-none-eabi/14.3.1/include/arm_mve.h **** __extension__ extern __inline uint32x4_t
1520:/home/min/snap/code/235/.local/share/stm32cube/bundles/gnu-tools-for-stm32/14.3.1+st.2/lib/gcc/arm-none-eabi/14.3.1/include/arm_mve.h **** __attribute__ ((__always_inline__, __gnu_inline__, __artificial__))
1521:/home/min/snap/code/235/.local/share/stm32cube/bundles/gnu-tools-for-stm32/14.3.1+st.2/lib/gcc/arm-none-eabi/14.3.1/include/arm_mve.h **** __arm_vldrwq_gather_base_z_u32 (uint32x4_t __addr, const int __offset, mve_pred16_t __p)
1522:/home/min/snap/code/235/.local/share/stm32cube/bundles/gnu-tools-for-stm32/14.3.1+st.2/lib/gcc/arm-none-eabi/14.3.1/include/arm_mve.h **** {
1523:/home/min/snap/code/235/.local/share/stm32cube/bundles/gnu-tools-for-stm32/14.3.1+st.2/lib/gcc/arm-none-eabi/14.3.1/include/arm_mve.h ****   return __builtin_mve_vldrwq_gather_base_z_uv4si (__addr, __offset, __p);
1524:/home/min/snap/code/235/.local/share/stm32cube/bundles/gnu-tools-for-stm32/14.3.1+st.2/lib/gcc/arm-none-eabi/14.3.1/include/arm_mve.h **** }
1525:/home/min/snap/code/235/.local/share/stm32cube/bundles/gnu-tools-for-stm32/14.3.1+st.2/lib/gcc/arm-none-eabi/14.3.1/include/arm_mve.h **** 
1526:/home/min/snap/code/235/.local/share/stm32cube/bundles/gnu-tools-for-stm32/14.3.1+st.2/lib/gcc/arm-none-eabi/14.3.1/include/arm_mve.h **** __extension__ extern __inline int32x4_t
1527:/home/min/snap/code/235/.local/share/stm32cube/bundles/gnu-tools-for-stm32/14.3.1+st.2/lib/gcc/arm-none-eabi/14.3.1/include/arm_mve.h **** __attribute__ ((__always_inline__, __gnu_inline__, __artificial__))
1528:/home/min/snap/code/235/.local/share/stm32cube/bundles/gnu-tools-for-stm32/14.3.1+st.2/lib/gcc/arm-none-eabi/14.3.1/include/arm_mve.h **** __arm_vldrhq_gather_offset_s32 (int16_t const * __base, uint32x4_t __offset)
1529:/home/min/snap/code/235/.local/share/stm32cube/bundles/gnu-tools-for-stm32/14.3.1+st.2/lib/gcc/arm-none-eabi/14.3.1/include/arm_mve.h **** {
1530:/home/min/snap/code/235/.local/share/stm32cube/bundles/gnu-tools-for-stm32/14.3.1+st.2/lib/gcc/arm-none-eabi/14.3.1/include/arm_mve.h ****   return __builtin_mve_vldrhq_gather_offset_sv4si ((__builtin_neon_hi *) __base, __offset);
1531:/home/min/snap/code/235/.local/share/stm32cube/bundles/gnu-tools-for-stm32/14.3.1+st.2/lib/gcc/arm-none-eabi/14.3.1/include/arm_mve.h **** }
1532:/home/min/snap/code/235/.local/share/stm32cube/bundles/gnu-tools-for-stm32/14.3.1+st.2/lib/gcc/arm-none-eabi/14.3.1/include/arm_mve.h **** 
1533:/home/min/snap/code/235/.local/share/stm32cube/bundles/gnu-tools-for-stm32/14.3.1+st.2/lib/gcc/arm-none-eabi/14.3.1/include/arm_mve.h **** __extension__ extern __inline int16x8_t
1534:/home/min/snap/code/235/.local/share/stm32cube/bundles/gnu-tools-for-stm32/14.3.1+st.2/lib/gcc/arm-none-eabi/14.3.1/include/arm_mve.h **** __attribute__ ((__always_inline__, __gnu_inline__, __artificial__))
1535:/home/min/snap/code/235/.local/share/stm32cube/bundles/gnu-tools-for-stm32/14.3.1+st.2/lib/gcc/arm-none-eabi/14.3.1/include/arm_mve.h **** __arm_vldrhq_gather_offset_s16 (int16_t const * __base, uint16x8_t __offset)
1536:/home/min/snap/code/235/.local/share/stm32cube/bundles/gnu-tools-for-stm32/14.3.1+st.2/lib/gcc/arm-none-eabi/14.3.1/include/arm_mve.h **** {
1537:/home/min/snap/code/235/.local/share/stm32cube/bundles/gnu-tools-for-stm32/14.3.1+st.2/lib/gcc/arm-none-eabi/14.3.1/include/arm_mve.h ****   return __builtin_mve_vldrhq_gather_offset_sv8hi ((__builtin_neon_hi *) __base, __offset);
1538:/home/min/snap/code/235/.local/share/stm32cube/bundles/gnu-tools-for-stm32/14.3.1+st.2/lib/gcc/arm-none-eabi/14.3.1/include/arm_mve.h **** }
1539:/home/min/snap/code/235/.local/share/stm32cube/bundles/gnu-tools-for-stm32/14.3.1+st.2/lib/gcc/arm-none-eabi/14.3.1/include/arm_mve.h **** 
1540:/home/min/snap/code/235/.local/share/stm32cube/bundles/gnu-tools-for-stm32/14.3.1+st.2/lib/gcc/arm-none-eabi/14.3.1/include/arm_mve.h **** __extension__ extern __inline uint32x4_t
1541:/home/min/snap/code/235/.local/share/stm32cube/bundles/gnu-tools-for-stm32/14.3.1+st.2/lib/gcc/arm-none-eabi/14.3.1/include/arm_mve.h **** __attribute__ ((__always_inline__, __gnu_inline__, __artificial__))
1542:/home/min/snap/code/235/.local/share/stm32cube/bundles/gnu-tools-for-stm32/14.3.1+st.2/lib/gcc/arm-none-eabi/14.3.1/include/arm_mve.h **** __arm_vldrhq_gather_offset_u32 (uint16_t const * __base, uint32x4_t __offset)
1543:/home/min/snap/code/235/.local/share/stm32cube/bundles/gnu-tools-for-stm32/14.3.1+st.2/lib/gcc/arm-none-eabi/14.3.1/include/arm_mve.h **** {
1544:/home/min/snap/code/235/.local/share/stm32cube/bundles/gnu-tools-for-stm32/14.3.1+st.2/lib/gcc/arm-none-eabi/14.3.1/include/arm_mve.h ****   return __builtin_mve_vldrhq_gather_offset_uv4si ((__builtin_neon_hi *) __base, __offset);
1545:/home/min/snap/code/235/.local/share/stm32cube/bundles/gnu-tools-for-stm32/14.3.1+st.2/lib/gcc/arm-none-eabi/14.3.1/include/arm_mve.h **** }
1546:/home/min/snap/code/235/.local/share/stm32cube/bundles/gnu-tools-for-stm32/14.3.1+st.2/lib/gcc/arm-none-eabi/14.3.1/include/arm_mve.h **** 
1547:/home/min/snap/code/235/.local/share/stm32cube/bundles/gnu-tools-for-stm32/14.3.1+st.2/lib/gcc/arm-none-eabi/14.3.1/include/arm_mve.h **** __extension__ extern __inline uint16x8_t
1548:/home/min/snap/code/235/.local/share/stm32cube/bundles/gnu-tools-for-stm32/14.3.1+st.2/lib/gcc/arm-none-eabi/14.3.1/include/arm_mve.h **** __attribute__ ((__always_inline__, __gnu_inline__, __artificial__))
1549:/home/min/snap/code/235/.local/share/stm32cube/bundles/gnu-tools-for-stm32/14.3.1+st.2/lib/gcc/arm-none-eabi/14.3.1/include/arm_mve.h **** __arm_vldrhq_gather_offset_u16 (uint16_t const * __base, uint16x8_t __offset)
1550:/home/min/snap/code/235/.local/share/stm32cube/bundles/gnu-tools-for-stm32/14.3.1+st.2/lib/gcc/arm-none-eabi/14.3.1/include/arm_mve.h **** {
ARM GAS  /tmp/cc1JbEzq.s 			page 30


1551:/home/min/snap/code/235/.local/share/stm32cube/bundles/gnu-tools-for-stm32/14.3.1+st.2/lib/gcc/arm-none-eabi/14.3.1/include/arm_mve.h ****   return __builtin_mve_vldrhq_gather_offset_uv8hi ((__builtin_neon_hi *) __base, __offset);
1552:/home/min/snap/code/235/.local/share/stm32cube/bundles/gnu-tools-for-stm32/14.3.1+st.2/lib/gcc/arm-none-eabi/14.3.1/include/arm_mve.h **** }
1553:/home/min/snap/code/235/.local/share/stm32cube/bundles/gnu-tools-for-stm32/14.3.1+st.2/lib/gcc/arm-none-eabi/14.3.1/include/arm_mve.h **** 
1554:/home/min/snap/code/235/.local/share/stm32cube/bundles/gnu-tools-for-stm32/14.3.1+st.2/lib/gcc/arm-none-eabi/14.3.1/include/arm_mve.h **** __extension__ extern __inline int32x4_t
1555:/home/min/snap/code/235/.local/share/stm32cube/bundles/gnu-tools-for-stm32/14.3.1+st.2/lib/gcc/arm-none-eabi/14.3.1/include/arm_mve.h **** __attribute__ ((__always_inline__, __gnu_inline__, __artificial__))
1556:/home/min/snap/code/235/.local/share/stm32cube/bundles/gnu-tools-for-stm32/14.3.1+st.2/lib/gcc/arm-none-eabi/14.3.1/include/arm_mve.h **** __arm_vldrhq_gather_offset_z_s32 (int16_t const * __base, uint32x4_t __offset, mve_pred16_t __p)
1557:/home/min/snap/code/235/.local/share/stm32cube/bundles/gnu-tools-for-stm32/14.3.1+st.2/lib/gcc/arm-none-eabi/14.3.1/include/arm_mve.h **** {
1558:/home/min/snap/code/235/.local/share/stm32cube/bundles/gnu-tools-for-stm32/14.3.1+st.2/lib/gcc/arm-none-eabi/14.3.1/include/arm_mve.h ****   return __builtin_mve_vldrhq_gather_offset_z_sv4si ((__builtin_neon_hi *) __base, __offset, __p);
1559:/home/min/snap/code/235/.local/share/stm32cube/bundles/gnu-tools-for-stm32/14.3.1+st.2/lib/gcc/arm-none-eabi/14.3.1/include/arm_mve.h **** }
1560:/home/min/snap/code/235/.local/share/stm32cube/bundles/gnu-tools-for-stm32/14.3.1+st.2/lib/gcc/arm-none-eabi/14.3.1/include/arm_mve.h **** 
1561:/home/min/snap/code/235/.local/share/stm32cube/bundles/gnu-tools-for-stm32/14.3.1+st.2/lib/gcc/arm-none-eabi/14.3.1/include/arm_mve.h **** __extension__ extern __inline int16x8_t
1562:/home/min/snap/code/235/.local/share/stm32cube/bundles/gnu-tools-for-stm32/14.3.1+st.2/lib/gcc/arm-none-eabi/14.3.1/include/arm_mve.h **** __attribute__ ((__always_inline__, __gnu_inline__, __artificial__))
1563:/home/min/snap/code/235/.local/share/stm32cube/bundles/gnu-tools-for-stm32/14.3.1+st.2/lib/gcc/arm-none-eabi/14.3.1/include/arm_mve.h **** __arm_vldrhq_gather_offset_z_s16 (int16_t const * __base, uint16x8_t __offset, mve_pred16_t __p)
1564:/home/min/snap/code/235/.local/share/stm32cube/bundles/gnu-tools-for-stm32/14.3.1+st.2/lib/gcc/arm-none-eabi/14.3.1/include/arm_mve.h **** {
1565:/home/min/snap/code/235/.local/share/stm32cube/bundles/gnu-tools-for-stm32/14.3.1+st.2/lib/gcc/arm-none-eabi/14.3.1/include/arm_mve.h ****   return __builtin_mve_vldrhq_gather_offset_z_sv8hi ((__builtin_neon_hi *) __base, __offset, __p);
1566:/home/min/snap/code/235/.local/share/stm32cube/bundles/gnu-tools-for-stm32/14.3.1+st.2/lib/gcc/arm-none-eabi/14.3.1/include/arm_mve.h **** }
1567:/home/min/snap/code/235/.local/share/stm32cube/bundles/gnu-tools-for-stm32/14.3.1+st.2/lib/gcc/arm-none-eabi/14.3.1/include/arm_mve.h **** 
1568:/home/min/snap/code/235/.local/share/stm32cube/bundles/gnu-tools-for-stm32/14.3.1+st.2/lib/gcc/arm-none-eabi/14.3.1/include/arm_mve.h **** __extension__ extern __inline uint32x4_t
1569:/home/min/snap/code/235/.local/share/stm32cube/bundles/gnu-tools-for-stm32/14.3.1+st.2/lib/gcc/arm-none-eabi/14.3.1/include/arm_mve.h **** __attribute__ ((__always_inline__, __gnu_inline__, __artificial__))
1570:/home/min/snap/code/235/.local/share/stm32cube/bundles/gnu-tools-for-stm32/14.3.1+st.2/lib/gcc/arm-none-eabi/14.3.1/include/arm_mve.h **** __arm_vldrhq_gather_offset_z_u32 (uint16_t const * __base, uint32x4_t __offset, mve_pred16_t __p)
1571:/home/min/snap/code/235/.local/share/stm32cube/bundles/gnu-tools-for-stm32/14.3.1+st.2/lib/gcc/arm-none-eabi/14.3.1/include/arm_mve.h **** {
1572:/home/min/snap/code/235/.local/share/stm32cube/bundles/gnu-tools-for-stm32/14.3.1+st.2/lib/gcc/arm-none-eabi/14.3.1/include/arm_mve.h ****   return __builtin_mve_vldrhq_gather_offset_z_uv4si ((__builtin_neon_hi *) __base, __offset, __p);
1573:/home/min/snap/code/235/.local/share/stm32cube/bundles/gnu-tools-for-stm32/14.3.1+st.2/lib/gcc/arm-none-eabi/14.3.1/include/arm_mve.h **** }
1574:/home/min/snap/code/235/.local/share/stm32cube/bundles/gnu-tools-for-stm32/14.3.1+st.2/lib/gcc/arm-none-eabi/14.3.1/include/arm_mve.h **** 
1575:/home/min/snap/code/235/.local/share/stm32cube/bundles/gnu-tools-for-stm32/14.3.1+st.2/lib/gcc/arm-none-eabi/14.3.1/include/arm_mve.h **** __extension__ extern __inline uint16x8_t
1576:/home/min/snap/code/235/.local/share/stm32cube/bundles/gnu-tools-for-stm32/14.3.1+st.2/lib/gcc/arm-none-eabi/14.3.1/include/arm_mve.h **** __attribute__ ((__always_inline__, __gnu_inline__, __artificial__))
1577:/home/min/snap/code/235/.local/share/stm32cube/bundles/gnu-tools-for-stm32/14.3.1+st.2/lib/gcc/arm-none-eabi/14.3.1/include/arm_mve.h **** __arm_vldrhq_gather_offset_z_u16 (uint16_t const * __base, uint16x8_t __offset, mve_pred16_t __p)
1578:/home/min/snap/code/235/.local/share/stm32cube/bundles/gnu-tools-for-stm32/14.3.1+st.2/lib/gcc/arm-none-eabi/14.3.1/include/arm_mve.h **** {
1579:/home/min/snap/code/235/.local/share/stm32cube/bundles/gnu-tools-for-stm32/14.3.1+st.2/lib/gcc/arm-none-eabi/14.3.1/include/arm_mve.h ****   return __builtin_mve_vldrhq_gather_offset_z_uv8hi ((__builtin_neon_hi *) __base, __offset, __p);
1580:/home/min/snap/code/235/.local/share/stm32cube/bundles/gnu-tools-for-stm32/14.3.1+st.2/lib/gcc/arm-none-eabi/14.3.1/include/arm_mve.h **** }
1581:/home/min/snap/code/235/.local/share/stm32cube/bundles/gnu-tools-for-stm32/14.3.1+st.2/lib/gcc/arm-none-eabi/14.3.1/include/arm_mve.h **** 
1582:/home/min/snap/code/235/.local/share/stm32cube/bundles/gnu-tools-for-stm32/14.3.1+st.2/lib/gcc/arm-none-eabi/14.3.1/include/arm_mve.h **** __extension__ extern __inline int32x4_t
1583:/home/min/snap/code/235/.local/share/stm32cube/bundles/gnu-tools-for-stm32/14.3.1+st.2/lib/gcc/arm-none-eabi/14.3.1/include/arm_mve.h **** __attribute__ ((__always_inline__, __gnu_inline__, __artificial__))
1584:/home/min/snap/code/235/.local/share/stm32cube/bundles/gnu-tools-for-stm32/14.3.1+st.2/lib/gcc/arm-none-eabi/14.3.1/include/arm_mve.h **** __arm_vldrhq_gather_shifted_offset_s32 (int16_t const * __base, uint32x4_t __offset)
1585:/home/min/snap/code/235/.local/share/stm32cube/bundles/gnu-tools-for-stm32/14.3.1+st.2/lib/gcc/arm-none-eabi/14.3.1/include/arm_mve.h **** {
1586:/home/min/snap/code/235/.local/share/stm32cube/bundles/gnu-tools-for-stm32/14.3.1+st.2/lib/gcc/arm-none-eabi/14.3.1/include/arm_mve.h ****   return __builtin_mve_vldrhq_gather_shifted_offset_sv4si ((__builtin_neon_hi *) __base, __offset);
1587:/home/min/snap/code/235/.local/share/stm32cube/bundles/gnu-tools-for-stm32/14.3.1+st.2/lib/gcc/arm-none-eabi/14.3.1/include/arm_mve.h **** }
1588:/home/min/snap/code/235/.local/share/stm32cube/bundles/gnu-tools-for-stm32/14.3.1+st.2/lib/gcc/arm-none-eabi/14.3.1/include/arm_mve.h **** 
1589:/home/min/snap/code/235/.local/share/stm32cube/bundles/gnu-tools-for-stm32/14.3.1+st.2/lib/gcc/arm-none-eabi/14.3.1/include/arm_mve.h **** __extension__ extern __inline int16x8_t
1590:/home/min/snap/code/235/.local/share/stm32cube/bundles/gnu-tools-for-stm32/14.3.1+st.2/lib/gcc/arm-none-eabi/14.3.1/include/arm_mve.h **** __attribute__ ((__always_inline__, __gnu_inline__, __artificial__))
1591:/home/min/snap/code/235/.local/share/stm32cube/bundles/gnu-tools-for-stm32/14.3.1+st.2/lib/gcc/arm-none-eabi/14.3.1/include/arm_mve.h **** __arm_vldrhq_gather_shifted_offset_s16 (int16_t const * __base, uint16x8_t __offset)
1592:/home/min/snap/code/235/.local/share/stm32cube/bundles/gnu-tools-for-stm32/14.3.1+st.2/lib/gcc/arm-none-eabi/14.3.1/include/arm_mve.h **** {
1593:/home/min/snap/code/235/.local/share/stm32cube/bundles/gnu-tools-for-stm32/14.3.1+st.2/lib/gcc/arm-none-eabi/14.3.1/include/arm_mve.h ****   return __builtin_mve_vldrhq_gather_shifted_offset_sv8hi ((__builtin_neon_hi *) __base, __offset);
1594:/home/min/snap/code/235/.local/share/stm32cube/bundles/gnu-tools-for-stm32/14.3.1+st.2/lib/gcc/arm-none-eabi/14.3.1/include/arm_mve.h **** }
1595:/home/min/snap/code/235/.local/share/stm32cube/bundles/gnu-tools-for-stm32/14.3.1+st.2/lib/gcc/arm-none-eabi/14.3.1/include/arm_mve.h **** 
1596:/home/min/snap/code/235/.local/share/stm32cube/bundles/gnu-tools-for-stm32/14.3.1+st.2/lib/gcc/arm-none-eabi/14.3.1/include/arm_mve.h **** __extension__ extern __inline uint32x4_t
1597:/home/min/snap/code/235/.local/share/stm32cube/bundles/gnu-tools-for-stm32/14.3.1+st.2/lib/gcc/arm-none-eabi/14.3.1/include/arm_mve.h **** __attribute__ ((__always_inline__, __gnu_inline__, __artificial__))
1598:/home/min/snap/code/235/.local/share/stm32cube/bundles/gnu-tools-for-stm32/14.3.1+st.2/lib/gcc/arm-none-eabi/14.3.1/include/arm_mve.h **** __arm_vldrhq_gather_shifted_offset_u32 (uint16_t const * __base, uint32x4_t __offset)
1599:/home/min/snap/code/235/.local/share/stm32cube/bundles/gnu-tools-for-stm32/14.3.1+st.2/lib/gcc/arm-none-eabi/14.3.1/include/arm_mve.h **** {
1600:/home/min/snap/code/235/.local/share/stm32cube/bundles/gnu-tools-for-stm32/14.3.1+st.2/lib/gcc/arm-none-eabi/14.3.1/include/arm_mve.h ****   return __builtin_mve_vldrhq_gather_shifted_offset_uv4si ((__builtin_neon_hi *) __base, __offset);
1601:/home/min/snap/code/235/.local/share/stm32cube/bundles/gnu-tools-for-stm32/14.3.1+st.2/lib/gcc/arm-none-eabi/14.3.1/include/arm_mve.h **** }
1602:/home/min/snap/code/235/.local/share/stm32cube/bundles/gnu-tools-for-stm32/14.3.1+st.2/lib/gcc/arm-none-eabi/14.3.1/include/arm_mve.h **** 
1603:/home/min/snap/code/235/.local/share/stm32cube/bundles/gnu-tools-for-stm32/14.3.1+st.2/lib/gcc/arm-none-eabi/14.3.1/include/arm_mve.h **** __extension__ extern __inline uint16x8_t
1604:/home/min/snap/code/235/.local/share/stm32cube/bundles/gnu-tools-for-stm32/14.3.1+st.2/lib/gcc/arm-none-eabi/14.3.1/include/arm_mve.h **** __attribute__ ((__always_inline__, __gnu_inline__, __artificial__))
1605:/home/min/snap/code/235/.local/share/stm32cube/bundles/gnu-tools-for-stm32/14.3.1+st.2/lib/gcc/arm-none-eabi/14.3.1/include/arm_mve.h **** __arm_vldrhq_gather_shifted_offset_u16 (uint16_t const * __base, uint16x8_t __offset)
1606:/home/min/snap/code/235/.local/share/stm32cube/bundles/gnu-tools-for-stm32/14.3.1+st.2/lib/gcc/arm-none-eabi/14.3.1/include/arm_mve.h **** {
1607:/home/min/snap/code/235/.local/share/stm32cube/bundles/gnu-tools-for-stm32/14.3.1+st.2/lib/gcc/arm-none-eabi/14.3.1/include/arm_mve.h ****   return __builtin_mve_vldrhq_gather_shifted_offset_uv8hi ((__builtin_neon_hi *) __base, __offset);
ARM GAS  /tmp/cc1JbEzq.s 			page 31


1608:/home/min/snap/code/235/.local/share/stm32cube/bundles/gnu-tools-for-stm32/14.3.1+st.2/lib/gcc/arm-none-eabi/14.3.1/include/arm_mve.h **** }
1609:/home/min/snap/code/235/.local/share/stm32cube/bundles/gnu-tools-for-stm32/14.3.1+st.2/lib/gcc/arm-none-eabi/14.3.1/include/arm_mve.h **** 
1610:/home/min/snap/code/235/.local/share/stm32cube/bundles/gnu-tools-for-stm32/14.3.1+st.2/lib/gcc/arm-none-eabi/14.3.1/include/arm_mve.h **** __extension__ extern __inline int32x4_t
1611:/home/min/snap/code/235/.local/share/stm32cube/bundles/gnu-tools-for-stm32/14.3.1+st.2/lib/gcc/arm-none-eabi/14.3.1/include/arm_mve.h **** __attribute__ ((__always_inline__, __gnu_inline__, __artificial__))
1612:/home/min/snap/code/235/.local/share/stm32cube/bundles/gnu-tools-for-stm32/14.3.1+st.2/lib/gcc/arm-none-eabi/14.3.1/include/arm_mve.h **** __arm_vldrhq_gather_shifted_offset_z_s32 (int16_t const * __base, uint32x4_t __offset, mve_pred16_t
1613:/home/min/snap/code/235/.local/share/stm32cube/bundles/gnu-tools-for-stm32/14.3.1+st.2/lib/gcc/arm-none-eabi/14.3.1/include/arm_mve.h **** {
1614:/home/min/snap/code/235/.local/share/stm32cube/bundles/gnu-tools-for-stm32/14.3.1+st.2/lib/gcc/arm-none-eabi/14.3.1/include/arm_mve.h ****   return __builtin_mve_vldrhq_gather_shifted_offset_z_sv4si ((__builtin_neon_hi *) __base, __offset
1615:/home/min/snap/code/235/.local/share/stm32cube/bundles/gnu-tools-for-stm32/14.3.1+st.2/lib/gcc/arm-none-eabi/14.3.1/include/arm_mve.h **** }
1616:/home/min/snap/code/235/.local/share/stm32cube/bundles/gnu-tools-for-stm32/14.3.1+st.2/lib/gcc/arm-none-eabi/14.3.1/include/arm_mve.h **** 
1617:/home/min/snap/code/235/.local/share/stm32cube/bundles/gnu-tools-for-stm32/14.3.1+st.2/lib/gcc/arm-none-eabi/14.3.1/include/arm_mve.h **** __extension__ extern __inline int16x8_t
1618:/home/min/snap/code/235/.local/share/stm32cube/bundles/gnu-tools-for-stm32/14.3.1+st.2/lib/gcc/arm-none-eabi/14.3.1/include/arm_mve.h **** __attribute__ ((__always_inline__, __gnu_inline__, __artificial__))
1619:/home/min/snap/code/235/.local/share/stm32cube/bundles/gnu-tools-for-stm32/14.3.1+st.2/lib/gcc/arm-none-eabi/14.3.1/include/arm_mve.h **** __arm_vldrhq_gather_shifted_offset_z_s16 (int16_t const * __base, uint16x8_t __offset, mve_pred16_t
1620:/home/min/snap/code/235/.local/share/stm32cube/bundles/gnu-tools-for-stm32/14.3.1+st.2/lib/gcc/arm-none-eabi/14.3.1/include/arm_mve.h **** {
1621:/home/min/snap/code/235/.local/share/stm32cube/bundles/gnu-tools-for-stm32/14.3.1+st.2/lib/gcc/arm-none-eabi/14.3.1/include/arm_mve.h ****   return __builtin_mve_vldrhq_gather_shifted_offset_z_sv8hi ((__builtin_neon_hi *) __base, __offset
1622:/home/min/snap/code/235/.local/share/stm32cube/bundles/gnu-tools-for-stm32/14.3.1+st.2/lib/gcc/arm-none-eabi/14.3.1/include/arm_mve.h **** }
1623:/home/min/snap/code/235/.local/share/stm32cube/bundles/gnu-tools-for-stm32/14.3.1+st.2/lib/gcc/arm-none-eabi/14.3.1/include/arm_mve.h **** 
1624:/home/min/snap/code/235/.local/share/stm32cube/bundles/gnu-tools-for-stm32/14.3.1+st.2/lib/gcc/arm-none-eabi/14.3.1/include/arm_mve.h **** __extension__ extern __inline uint32x4_t
1625:/home/min/snap/code/235/.local/share/stm32cube/bundles/gnu-tools-for-stm32/14.3.1+st.2/lib/gcc/arm-none-eabi/14.3.1/include/arm_mve.h **** __attribute__ ((__always_inline__, __gnu_inline__, __artificial__))
1626:/home/min/snap/code/235/.local/share/stm32cube/bundles/gnu-tools-for-stm32/14.3.1+st.2/lib/gcc/arm-none-eabi/14.3.1/include/arm_mve.h **** __arm_vldrhq_gather_shifted_offset_z_u32 (uint16_t const * __base, uint32x4_t __offset, mve_pred16_
1627:/home/min/snap/code/235/.local/share/stm32cube/bundles/gnu-tools-for-stm32/14.3.1+st.2/lib/gcc/arm-none-eabi/14.3.1/include/arm_mve.h **** {
1628:/home/min/snap/code/235/.local/share/stm32cube/bundles/gnu-tools-for-stm32/14.3.1+st.2/lib/gcc/arm-none-eabi/14.3.1/include/arm_mve.h ****   return __builtin_mve_vldrhq_gather_shifted_offset_z_uv4si ((__builtin_neon_hi *) __base, __offset
1629:/home/min/snap/code/235/.local/share/stm32cube/bundles/gnu-tools-for-stm32/14.3.1+st.2/lib/gcc/arm-none-eabi/14.3.1/include/arm_mve.h **** }
1630:/home/min/snap/code/235/.local/share/stm32cube/bundles/gnu-tools-for-stm32/14.3.1+st.2/lib/gcc/arm-none-eabi/14.3.1/include/arm_mve.h **** 
1631:/home/min/snap/code/235/.local/share/stm32cube/bundles/gnu-tools-for-stm32/14.3.1+st.2/lib/gcc/arm-none-eabi/14.3.1/include/arm_mve.h **** __extension__ extern __inline uint16x8_t
1632:/home/min/snap/code/235/.local/share/stm32cube/bundles/gnu-tools-for-stm32/14.3.1+st.2/lib/gcc/arm-none-eabi/14.3.1/include/arm_mve.h **** __attribute__ ((__always_inline__, __gnu_inline__, __artificial__))
1633:/home/min/snap/code/235/.local/share/stm32cube/bundles/gnu-tools-for-stm32/14.3.1+st.2/lib/gcc/arm-none-eabi/14.3.1/include/arm_mve.h **** __arm_vldrhq_gather_shifted_offset_z_u16 (uint16_t const * __base, uint16x8_t __offset, mve_pred16_
1634:/home/min/snap/code/235/.local/share/stm32cube/bundles/gnu-tools-for-stm32/14.3.1+st.2/lib/gcc/arm-none-eabi/14.3.1/include/arm_mve.h **** {
1635:/home/min/snap/code/235/.local/share/stm32cube/bundles/gnu-tools-for-stm32/14.3.1+st.2/lib/gcc/arm-none-eabi/14.3.1/include/arm_mve.h ****   return __builtin_mve_vldrhq_gather_shifted_offset_z_uv8hi ((__builtin_neon_hi *) __base, __offset
1636:/home/min/snap/code/235/.local/share/stm32cube/bundles/gnu-tools-for-stm32/14.3.1+st.2/lib/gcc/arm-none-eabi/14.3.1/include/arm_mve.h **** }
1637:/home/min/snap/code/235/.local/share/stm32cube/bundles/gnu-tools-for-stm32/14.3.1+st.2/lib/gcc/arm-none-eabi/14.3.1/include/arm_mve.h **** 
1638:/home/min/snap/code/235/.local/share/stm32cube/bundles/gnu-tools-for-stm32/14.3.1+st.2/lib/gcc/arm-none-eabi/14.3.1/include/arm_mve.h **** __extension__ extern __inline int32x4_t
1639:/home/min/snap/code/235/.local/share/stm32cube/bundles/gnu-tools-for-stm32/14.3.1+st.2/lib/gcc/arm-none-eabi/14.3.1/include/arm_mve.h **** __attribute__ ((__always_inline__, __gnu_inline__, __artificial__))
1640:/home/min/snap/code/235/.local/share/stm32cube/bundles/gnu-tools-for-stm32/14.3.1+st.2/lib/gcc/arm-none-eabi/14.3.1/include/arm_mve.h **** __arm_vldrhq_s32 (int16_t const * __base)
1641:/home/min/snap/code/235/.local/share/stm32cube/bundles/gnu-tools-for-stm32/14.3.1+st.2/lib/gcc/arm-none-eabi/14.3.1/include/arm_mve.h **** {
1642:/home/min/snap/code/235/.local/share/stm32cube/bundles/gnu-tools-for-stm32/14.3.1+st.2/lib/gcc/arm-none-eabi/14.3.1/include/arm_mve.h ****   return __builtin_mve_vldrhq_sv4si ((__builtin_neon_hi *) __base);
1643:/home/min/snap/code/235/.local/share/stm32cube/bundles/gnu-tools-for-stm32/14.3.1+st.2/lib/gcc/arm-none-eabi/14.3.1/include/arm_mve.h **** }
1644:/home/min/snap/code/235/.local/share/stm32cube/bundles/gnu-tools-for-stm32/14.3.1+st.2/lib/gcc/arm-none-eabi/14.3.1/include/arm_mve.h **** 
1645:/home/min/snap/code/235/.local/share/stm32cube/bundles/gnu-tools-for-stm32/14.3.1+st.2/lib/gcc/arm-none-eabi/14.3.1/include/arm_mve.h **** __extension__ extern __inline int16x8_t
1646:/home/min/snap/code/235/.local/share/stm32cube/bundles/gnu-tools-for-stm32/14.3.1+st.2/lib/gcc/arm-none-eabi/14.3.1/include/arm_mve.h **** __attribute__ ((__always_inline__, __gnu_inline__, __artificial__))
1647:/home/min/snap/code/235/.local/share/stm32cube/bundles/gnu-tools-for-stm32/14.3.1+st.2/lib/gcc/arm-none-eabi/14.3.1/include/arm_mve.h **** __arm_vldrhq_s16 (int16_t const * __base)
1648:/home/min/snap/code/235/.local/share/stm32cube/bundles/gnu-tools-for-stm32/14.3.1+st.2/lib/gcc/arm-none-eabi/14.3.1/include/arm_mve.h **** {
1649:/home/min/snap/code/235/.local/share/stm32cube/bundles/gnu-tools-for-stm32/14.3.1+st.2/lib/gcc/arm-none-eabi/14.3.1/include/arm_mve.h ****   return __builtin_mve_vldrhq_sv8hi ((__builtin_neon_hi *) __base);
1650:/home/min/snap/code/235/.local/share/stm32cube/bundles/gnu-tools-for-stm32/14.3.1+st.2/lib/gcc/arm-none-eabi/14.3.1/include/arm_mve.h **** }
1651:/home/min/snap/code/235/.local/share/stm32cube/bundles/gnu-tools-for-stm32/14.3.1+st.2/lib/gcc/arm-none-eabi/14.3.1/include/arm_mve.h **** 
1652:/home/min/snap/code/235/.local/share/stm32cube/bundles/gnu-tools-for-stm32/14.3.1+st.2/lib/gcc/arm-none-eabi/14.3.1/include/arm_mve.h **** __extension__ extern __inline uint32x4_t
1653:/home/min/snap/code/235/.local/share/stm32cube/bundles/gnu-tools-for-stm32/14.3.1+st.2/lib/gcc/arm-none-eabi/14.3.1/include/arm_mve.h **** __attribute__ ((__always_inline__, __gnu_inline__, __artificial__))
1654:/home/min/snap/code/235/.local/share/stm32cube/bundles/gnu-tools-for-stm32/14.3.1+st.2/lib/gcc/arm-none-eabi/14.3.1/include/arm_mve.h **** __arm_vldrhq_u32 (uint16_t const * __base)
1655:/home/min/snap/code/235/.local/share/stm32cube/bundles/gnu-tools-for-stm32/14.3.1+st.2/lib/gcc/arm-none-eabi/14.3.1/include/arm_mve.h **** {
1656:/home/min/snap/code/235/.local/share/stm32cube/bundles/gnu-tools-for-stm32/14.3.1+st.2/lib/gcc/arm-none-eabi/14.3.1/include/arm_mve.h ****   return __builtin_mve_vldrhq_uv4si ((__builtin_neon_hi *) __base);
1657:/home/min/snap/code/235/.local/share/stm32cube/bundles/gnu-tools-for-stm32/14.3.1+st.2/lib/gcc/arm-none-eabi/14.3.1/include/arm_mve.h **** }
1658:/home/min/snap/code/235/.local/share/stm32cube/bundles/gnu-tools-for-stm32/14.3.1+st.2/lib/gcc/arm-none-eabi/14.3.1/include/arm_mve.h **** 
1659:/home/min/snap/code/235/.local/share/stm32cube/bundles/gnu-tools-for-stm32/14.3.1+st.2/lib/gcc/arm-none-eabi/14.3.1/include/arm_mve.h **** __extension__ extern __inline uint16x8_t
1660:/home/min/snap/code/235/.local/share/stm32cube/bundles/gnu-tools-for-stm32/14.3.1+st.2/lib/gcc/arm-none-eabi/14.3.1/include/arm_mve.h **** __attribute__ ((__always_inline__, __gnu_inline__, __artificial__))
1661:/home/min/snap/code/235/.local/share/stm32cube/bundles/gnu-tools-for-stm32/14.3.1+st.2/lib/gcc/arm-none-eabi/14.3.1/include/arm_mve.h **** __arm_vldrhq_u16 (uint16_t const * __base)
1662:/home/min/snap/code/235/.local/share/stm32cube/bundles/gnu-tools-for-stm32/14.3.1+st.2/lib/gcc/arm-none-eabi/14.3.1/include/arm_mve.h **** {
1663:/home/min/snap/code/235/.local/share/stm32cube/bundles/gnu-tools-for-stm32/14.3.1+st.2/lib/gcc/arm-none-eabi/14.3.1/include/arm_mve.h ****   return __builtin_mve_vldrhq_uv8hi ((__builtin_neon_hi *) __base);
1664:/home/min/snap/code/235/.local/share/stm32cube/bundles/gnu-tools-for-stm32/14.3.1+st.2/lib/gcc/arm-none-eabi/14.3.1/include/arm_mve.h **** }
ARM GAS  /tmp/cc1JbEzq.s 			page 32


1665:/home/min/snap/code/235/.local/share/stm32cube/bundles/gnu-tools-for-stm32/14.3.1+st.2/lib/gcc/arm-none-eabi/14.3.1/include/arm_mve.h **** 
1666:/home/min/snap/code/235/.local/share/stm32cube/bundles/gnu-tools-for-stm32/14.3.1+st.2/lib/gcc/arm-none-eabi/14.3.1/include/arm_mve.h **** __extension__ extern __inline int32x4_t
1667:/home/min/snap/code/235/.local/share/stm32cube/bundles/gnu-tools-for-stm32/14.3.1+st.2/lib/gcc/arm-none-eabi/14.3.1/include/arm_mve.h **** __attribute__ ((__always_inline__, __gnu_inline__, __artificial__))
1668:/home/min/snap/code/235/.local/share/stm32cube/bundles/gnu-tools-for-stm32/14.3.1+st.2/lib/gcc/arm-none-eabi/14.3.1/include/arm_mve.h **** __arm_vldrhq_z_s32 (int16_t const * __base, mve_pred16_t __p)
1669:/home/min/snap/code/235/.local/share/stm32cube/bundles/gnu-tools-for-stm32/14.3.1+st.2/lib/gcc/arm-none-eabi/14.3.1/include/arm_mve.h **** {
1670:/home/min/snap/code/235/.local/share/stm32cube/bundles/gnu-tools-for-stm32/14.3.1+st.2/lib/gcc/arm-none-eabi/14.3.1/include/arm_mve.h ****   return __builtin_mve_vldrhq_z_sv4si ((__builtin_neon_hi *) __base, __p);
1671:/home/min/snap/code/235/.local/share/stm32cube/bundles/gnu-tools-for-stm32/14.3.1+st.2/lib/gcc/arm-none-eabi/14.3.1/include/arm_mve.h **** }
1672:/home/min/snap/code/235/.local/share/stm32cube/bundles/gnu-tools-for-stm32/14.3.1+st.2/lib/gcc/arm-none-eabi/14.3.1/include/arm_mve.h **** 
1673:/home/min/snap/code/235/.local/share/stm32cube/bundles/gnu-tools-for-stm32/14.3.1+st.2/lib/gcc/arm-none-eabi/14.3.1/include/arm_mve.h **** __extension__ extern __inline int16x8_t
1674:/home/min/snap/code/235/.local/share/stm32cube/bundles/gnu-tools-for-stm32/14.3.1+st.2/lib/gcc/arm-none-eabi/14.3.1/include/arm_mve.h **** __attribute__ ((__always_inline__, __gnu_inline__, __artificial__))
1675:/home/min/snap/code/235/.local/share/stm32cube/bundles/gnu-tools-for-stm32/14.3.1+st.2/lib/gcc/arm-none-eabi/14.3.1/include/arm_mve.h **** __arm_vldrhq_z_s16 (int16_t const * __base, mve_pred16_t __p)
1676:/home/min/snap/code/235/.local/share/stm32cube/bundles/gnu-tools-for-stm32/14.3.1+st.2/lib/gcc/arm-none-eabi/14.3.1/include/arm_mve.h **** {
1677:/home/min/snap/code/235/.local/share/stm32cube/bundles/gnu-tools-for-stm32/14.3.1+st.2/lib/gcc/arm-none-eabi/14.3.1/include/arm_mve.h ****   return __builtin_mve_vldrhq_z_sv8hi ((__builtin_neon_hi *) __base, __p);
1678:/home/min/snap/code/235/.local/share/stm32cube/bundles/gnu-tools-for-stm32/14.3.1+st.2/lib/gcc/arm-none-eabi/14.3.1/include/arm_mve.h **** }
1679:/home/min/snap/code/235/.local/share/stm32cube/bundles/gnu-tools-for-stm32/14.3.1+st.2/lib/gcc/arm-none-eabi/14.3.1/include/arm_mve.h **** 
1680:/home/min/snap/code/235/.local/share/stm32cube/bundles/gnu-tools-for-stm32/14.3.1+st.2/lib/gcc/arm-none-eabi/14.3.1/include/arm_mve.h **** __extension__ extern __inline uint32x4_t
1681:/home/min/snap/code/235/.local/share/stm32cube/bundles/gnu-tools-for-stm32/14.3.1+st.2/lib/gcc/arm-none-eabi/14.3.1/include/arm_mve.h **** __attribute__ ((__always_inline__, __gnu_inline__, __artificial__))
1682:/home/min/snap/code/235/.local/share/stm32cube/bundles/gnu-tools-for-stm32/14.3.1+st.2/lib/gcc/arm-none-eabi/14.3.1/include/arm_mve.h **** __arm_vldrhq_z_u32 (uint16_t const * __base, mve_pred16_t __p)
1683:/home/min/snap/code/235/.local/share/stm32cube/bundles/gnu-tools-for-stm32/14.3.1+st.2/lib/gcc/arm-none-eabi/14.3.1/include/arm_mve.h **** {
1684:/home/min/snap/code/235/.local/share/stm32cube/bundles/gnu-tools-for-stm32/14.3.1+st.2/lib/gcc/arm-none-eabi/14.3.1/include/arm_mve.h ****   return __builtin_mve_vldrhq_z_uv4si ((__builtin_neon_hi *) __base, __p);
1685:/home/min/snap/code/235/.local/share/stm32cube/bundles/gnu-tools-for-stm32/14.3.1+st.2/lib/gcc/arm-none-eabi/14.3.1/include/arm_mve.h **** }
1686:/home/min/snap/code/235/.local/share/stm32cube/bundles/gnu-tools-for-stm32/14.3.1+st.2/lib/gcc/arm-none-eabi/14.3.1/include/arm_mve.h **** 
1687:/home/min/snap/code/235/.local/share/stm32cube/bundles/gnu-tools-for-stm32/14.3.1+st.2/lib/gcc/arm-none-eabi/14.3.1/include/arm_mve.h **** __extension__ extern __inline uint16x8_t
1688:/home/min/snap/code/235/.local/share/stm32cube/bundles/gnu-tools-for-stm32/14.3.1+st.2/lib/gcc/arm-none-eabi/14.3.1/include/arm_mve.h **** __attribute__ ((__always_inline__, __gnu_inline__, __artificial__))
1689:/home/min/snap/code/235/.local/share/stm32cube/bundles/gnu-tools-for-stm32/14.3.1+st.2/lib/gcc/arm-none-eabi/14.3.1/include/arm_mve.h **** __arm_vldrhq_z_u16 (uint16_t const * __base, mve_pred16_t __p)
1690:/home/min/snap/code/235/.local/share/stm32cube/bundles/gnu-tools-for-stm32/14.3.1+st.2/lib/gcc/arm-none-eabi/14.3.1/include/arm_mve.h **** {
1691:/home/min/snap/code/235/.local/share/stm32cube/bundles/gnu-tools-for-stm32/14.3.1+st.2/lib/gcc/arm-none-eabi/14.3.1/include/arm_mve.h ****   return __builtin_mve_vldrhq_z_uv8hi ((__builtin_neon_hi *) __base, __p);
1692:/home/min/snap/code/235/.local/share/stm32cube/bundles/gnu-tools-for-stm32/14.3.1+st.2/lib/gcc/arm-none-eabi/14.3.1/include/arm_mve.h **** }
1693:/home/min/snap/code/235/.local/share/stm32cube/bundles/gnu-tools-for-stm32/14.3.1+st.2/lib/gcc/arm-none-eabi/14.3.1/include/arm_mve.h **** 
1694:/home/min/snap/code/235/.local/share/stm32cube/bundles/gnu-tools-for-stm32/14.3.1+st.2/lib/gcc/arm-none-eabi/14.3.1/include/arm_mve.h **** __extension__ extern __inline int32x4_t
1695:/home/min/snap/code/235/.local/share/stm32cube/bundles/gnu-tools-for-stm32/14.3.1+st.2/lib/gcc/arm-none-eabi/14.3.1/include/arm_mve.h **** __attribute__ ((__always_inline__, __gnu_inline__, __artificial__))
1696:/home/min/snap/code/235/.local/share/stm32cube/bundles/gnu-tools-for-stm32/14.3.1+st.2/lib/gcc/arm-none-eabi/14.3.1/include/arm_mve.h **** __arm_vldrwq_s32 (int32_t const * __base)
1697:/home/min/snap/code/235/.local/share/stm32cube/bundles/gnu-tools-for-stm32/14.3.1+st.2/lib/gcc/arm-none-eabi/14.3.1/include/arm_mve.h **** {
1698:/home/min/snap/code/235/.local/share/stm32cube/bundles/gnu-tools-for-stm32/14.3.1+st.2/lib/gcc/arm-none-eabi/14.3.1/include/arm_mve.h ****   return __builtin_mve_vldrwq_sv4si ((__builtin_neon_si *) __base);
1699:/home/min/snap/code/235/.local/share/stm32cube/bundles/gnu-tools-for-stm32/14.3.1+st.2/lib/gcc/arm-none-eabi/14.3.1/include/arm_mve.h **** }
1700:/home/min/snap/code/235/.local/share/stm32cube/bundles/gnu-tools-for-stm32/14.3.1+st.2/lib/gcc/arm-none-eabi/14.3.1/include/arm_mve.h **** 
1701:/home/min/snap/code/235/.local/share/stm32cube/bundles/gnu-tools-for-stm32/14.3.1+st.2/lib/gcc/arm-none-eabi/14.3.1/include/arm_mve.h **** __extension__ extern __inline uint32x4_t
1702:/home/min/snap/code/235/.local/share/stm32cube/bundles/gnu-tools-for-stm32/14.3.1+st.2/lib/gcc/arm-none-eabi/14.3.1/include/arm_mve.h **** __attribute__ ((__always_inline__, __gnu_inline__, __artificial__))
1703:/home/min/snap/code/235/.local/share/stm32cube/bundles/gnu-tools-for-stm32/14.3.1+st.2/lib/gcc/arm-none-eabi/14.3.1/include/arm_mve.h **** __arm_vldrwq_u32 (uint32_t const * __base)
1704:/home/min/snap/code/235/.local/share/stm32cube/bundles/gnu-tools-for-stm32/14.3.1+st.2/lib/gcc/arm-none-eabi/14.3.1/include/arm_mve.h **** {
1705:/home/min/snap/code/235/.local/share/stm32cube/bundles/gnu-tools-for-stm32/14.3.1+st.2/lib/gcc/arm-none-eabi/14.3.1/include/arm_mve.h ****   return __builtin_mve_vldrwq_uv4si ((__builtin_neon_si *) __base);
1706:/home/min/snap/code/235/.local/share/stm32cube/bundles/gnu-tools-for-stm32/14.3.1+st.2/lib/gcc/arm-none-eabi/14.3.1/include/arm_mve.h **** }
1707:/home/min/snap/code/235/.local/share/stm32cube/bundles/gnu-tools-for-stm32/14.3.1+st.2/lib/gcc/arm-none-eabi/14.3.1/include/arm_mve.h **** 
1708:/home/min/snap/code/235/.local/share/stm32cube/bundles/gnu-tools-for-stm32/14.3.1+st.2/lib/gcc/arm-none-eabi/14.3.1/include/arm_mve.h **** 
1709:/home/min/snap/code/235/.local/share/stm32cube/bundles/gnu-tools-for-stm32/14.3.1+st.2/lib/gcc/arm-none-eabi/14.3.1/include/arm_mve.h **** __extension__ extern __inline int32x4_t
1710:/home/min/snap/code/235/.local/share/stm32cube/bundles/gnu-tools-for-stm32/14.3.1+st.2/lib/gcc/arm-none-eabi/14.3.1/include/arm_mve.h **** __attribute__ ((__always_inline__, __gnu_inline__, __artificial__))
1711:/home/min/snap/code/235/.local/share/stm32cube/bundles/gnu-tools-for-stm32/14.3.1+st.2/lib/gcc/arm-none-eabi/14.3.1/include/arm_mve.h **** __arm_vldrwq_z_s32 (int32_t const * __base, mve_pred16_t __p)
1712:/home/min/snap/code/235/.local/share/stm32cube/bundles/gnu-tools-for-stm32/14.3.1+st.2/lib/gcc/arm-none-eabi/14.3.1/include/arm_mve.h **** {
1713:/home/min/snap/code/235/.local/share/stm32cube/bundles/gnu-tools-for-stm32/14.3.1+st.2/lib/gcc/arm-none-eabi/14.3.1/include/arm_mve.h ****   return __builtin_mve_vldrwq_z_sv4si ((__builtin_neon_si *) __base, __p);
1714:/home/min/snap/code/235/.local/share/stm32cube/bundles/gnu-tools-for-stm32/14.3.1+st.2/lib/gcc/arm-none-eabi/14.3.1/include/arm_mve.h **** }
1715:/home/min/snap/code/235/.local/share/stm32cube/bundles/gnu-tools-for-stm32/14.3.1+st.2/lib/gcc/arm-none-eabi/14.3.1/include/arm_mve.h **** 
1716:/home/min/snap/code/235/.local/share/stm32cube/bundles/gnu-tools-for-stm32/14.3.1+st.2/lib/gcc/arm-none-eabi/14.3.1/include/arm_mve.h **** __extension__ extern __inline uint32x4_t
1717:/home/min/snap/code/235/.local/share/stm32cube/bundles/gnu-tools-for-stm32/14.3.1+st.2/lib/gcc/arm-none-eabi/14.3.1/include/arm_mve.h **** __attribute__ ((__always_inline__, __gnu_inline__, __artificial__))
1718:/home/min/snap/code/235/.local/share/stm32cube/bundles/gnu-tools-for-stm32/14.3.1+st.2/lib/gcc/arm-none-eabi/14.3.1/include/arm_mve.h **** __arm_vldrwq_z_u32 (uint32_t const * __base, mve_pred16_t __p)
1719:/home/min/snap/code/235/.local/share/stm32cube/bundles/gnu-tools-for-stm32/14.3.1+st.2/lib/gcc/arm-none-eabi/14.3.1/include/arm_mve.h **** {
1720:/home/min/snap/code/235/.local/share/stm32cube/bundles/gnu-tools-for-stm32/14.3.1+st.2/lib/gcc/arm-none-eabi/14.3.1/include/arm_mve.h ****   return __builtin_mve_vldrwq_z_uv4si ((__builtin_neon_si *) __base, __p);
1721:/home/min/snap/code/235/.local/share/stm32cube/bundles/gnu-tools-for-stm32/14.3.1+st.2/lib/gcc/arm-none-eabi/14.3.1/include/arm_mve.h **** }
ARM GAS  /tmp/cc1JbEzq.s 			page 33


1722:/home/min/snap/code/235/.local/share/stm32cube/bundles/gnu-tools-for-stm32/14.3.1+st.2/lib/gcc/arm-none-eabi/14.3.1/include/arm_mve.h **** 
1723:/home/min/snap/code/235/.local/share/stm32cube/bundles/gnu-tools-for-stm32/14.3.1+st.2/lib/gcc/arm-none-eabi/14.3.1/include/arm_mve.h **** __extension__ extern __inline int64x2_t
1724:/home/min/snap/code/235/.local/share/stm32cube/bundles/gnu-tools-for-stm32/14.3.1+st.2/lib/gcc/arm-none-eabi/14.3.1/include/arm_mve.h **** __attribute__ ((__always_inline__, __gnu_inline__, __artificial__))
1725:/home/min/snap/code/235/.local/share/stm32cube/bundles/gnu-tools-for-stm32/14.3.1+st.2/lib/gcc/arm-none-eabi/14.3.1/include/arm_mve.h **** __arm_vldrdq_gather_base_s64 (uint64x2_t __addr, const int __offset)
1726:/home/min/snap/code/235/.local/share/stm32cube/bundles/gnu-tools-for-stm32/14.3.1+st.2/lib/gcc/arm-none-eabi/14.3.1/include/arm_mve.h **** {
1727:/home/min/snap/code/235/.local/share/stm32cube/bundles/gnu-tools-for-stm32/14.3.1+st.2/lib/gcc/arm-none-eabi/14.3.1/include/arm_mve.h ****   return __builtin_mve_vldrdq_gather_base_sv2di (__addr, __offset);
1728:/home/min/snap/code/235/.local/share/stm32cube/bundles/gnu-tools-for-stm32/14.3.1+st.2/lib/gcc/arm-none-eabi/14.3.1/include/arm_mve.h **** }
1729:/home/min/snap/code/235/.local/share/stm32cube/bundles/gnu-tools-for-stm32/14.3.1+st.2/lib/gcc/arm-none-eabi/14.3.1/include/arm_mve.h **** 
1730:/home/min/snap/code/235/.local/share/stm32cube/bundles/gnu-tools-for-stm32/14.3.1+st.2/lib/gcc/arm-none-eabi/14.3.1/include/arm_mve.h **** __extension__ extern __inline uint64x2_t
1731:/home/min/snap/code/235/.local/share/stm32cube/bundles/gnu-tools-for-stm32/14.3.1+st.2/lib/gcc/arm-none-eabi/14.3.1/include/arm_mve.h **** __attribute__ ((__always_inline__, __gnu_inline__, __artificial__))
1732:/home/min/snap/code/235/.local/share/stm32cube/bundles/gnu-tools-for-stm32/14.3.1+st.2/lib/gcc/arm-none-eabi/14.3.1/include/arm_mve.h **** __arm_vldrdq_gather_base_u64 (uint64x2_t __addr, const int __offset)
1733:/home/min/snap/code/235/.local/share/stm32cube/bundles/gnu-tools-for-stm32/14.3.1+st.2/lib/gcc/arm-none-eabi/14.3.1/include/arm_mve.h **** {
1734:/home/min/snap/code/235/.local/share/stm32cube/bundles/gnu-tools-for-stm32/14.3.1+st.2/lib/gcc/arm-none-eabi/14.3.1/include/arm_mve.h ****   return __builtin_mve_vldrdq_gather_base_uv2di (__addr, __offset);
1735:/home/min/snap/code/235/.local/share/stm32cube/bundles/gnu-tools-for-stm32/14.3.1+st.2/lib/gcc/arm-none-eabi/14.3.1/include/arm_mve.h **** }
1736:/home/min/snap/code/235/.local/share/stm32cube/bundles/gnu-tools-for-stm32/14.3.1+st.2/lib/gcc/arm-none-eabi/14.3.1/include/arm_mve.h **** 
1737:/home/min/snap/code/235/.local/share/stm32cube/bundles/gnu-tools-for-stm32/14.3.1+st.2/lib/gcc/arm-none-eabi/14.3.1/include/arm_mve.h **** __extension__ extern __inline int64x2_t
1738:/home/min/snap/code/235/.local/share/stm32cube/bundles/gnu-tools-for-stm32/14.3.1+st.2/lib/gcc/arm-none-eabi/14.3.1/include/arm_mve.h **** __attribute__ ((__always_inline__, __gnu_inline__, __artificial__))
1739:/home/min/snap/code/235/.local/share/stm32cube/bundles/gnu-tools-for-stm32/14.3.1+st.2/lib/gcc/arm-none-eabi/14.3.1/include/arm_mve.h **** __arm_vldrdq_gather_base_z_s64 (uint64x2_t __addr, const int __offset, mve_pred16_t __p)
1740:/home/min/snap/code/235/.local/share/stm32cube/bundles/gnu-tools-for-stm32/14.3.1+st.2/lib/gcc/arm-none-eabi/14.3.1/include/arm_mve.h **** {
1741:/home/min/snap/code/235/.local/share/stm32cube/bundles/gnu-tools-for-stm32/14.3.1+st.2/lib/gcc/arm-none-eabi/14.3.1/include/arm_mve.h ****   return __builtin_mve_vldrdq_gather_base_z_sv2di (__addr, __offset, __p);
1742:/home/min/snap/code/235/.local/share/stm32cube/bundles/gnu-tools-for-stm32/14.3.1+st.2/lib/gcc/arm-none-eabi/14.3.1/include/arm_mve.h **** }
1743:/home/min/snap/code/235/.local/share/stm32cube/bundles/gnu-tools-for-stm32/14.3.1+st.2/lib/gcc/arm-none-eabi/14.3.1/include/arm_mve.h **** 
1744:/home/min/snap/code/235/.local/share/stm32cube/bundles/gnu-tools-for-stm32/14.3.1+st.2/lib/gcc/arm-none-eabi/14.3.1/include/arm_mve.h **** __extension__ extern __inline uint64x2_t
1745:/home/min/snap/code/235/.local/share/stm32cube/bundles/gnu-tools-for-stm32/14.3.1+st.2/lib/gcc/arm-none-eabi/14.3.1/include/arm_mve.h **** __attribute__ ((__always_inline__, __gnu_inline__, __artificial__))
1746:/home/min/snap/code/235/.local/share/stm32cube/bundles/gnu-tools-for-stm32/14.3.1+st.2/lib/gcc/arm-none-eabi/14.3.1/include/arm_mve.h **** __arm_vldrdq_gather_base_z_u64 (uint64x2_t __addr, const int __offset, mve_pred16_t __p)
1747:/home/min/snap/code/235/.local/share/stm32cube/bundles/gnu-tools-for-stm32/14.3.1+st.2/lib/gcc/arm-none-eabi/14.3.1/include/arm_mve.h **** {
1748:/home/min/snap/code/235/.local/share/stm32cube/bundles/gnu-tools-for-stm32/14.3.1+st.2/lib/gcc/arm-none-eabi/14.3.1/include/arm_mve.h ****   return __builtin_mve_vldrdq_gather_base_z_uv2di (__addr, __offset, __p);
1749:/home/min/snap/code/235/.local/share/stm32cube/bundles/gnu-tools-for-stm32/14.3.1+st.2/lib/gcc/arm-none-eabi/14.3.1/include/arm_mve.h **** }
1750:/home/min/snap/code/235/.local/share/stm32cube/bundles/gnu-tools-for-stm32/14.3.1+st.2/lib/gcc/arm-none-eabi/14.3.1/include/arm_mve.h **** 
1751:/home/min/snap/code/235/.local/share/stm32cube/bundles/gnu-tools-for-stm32/14.3.1+st.2/lib/gcc/arm-none-eabi/14.3.1/include/arm_mve.h **** __extension__ extern __inline int64x2_t
1752:/home/min/snap/code/235/.local/share/stm32cube/bundles/gnu-tools-for-stm32/14.3.1+st.2/lib/gcc/arm-none-eabi/14.3.1/include/arm_mve.h **** __attribute__ ((__always_inline__, __gnu_inline__, __artificial__))
1753:/home/min/snap/code/235/.local/share/stm32cube/bundles/gnu-tools-for-stm32/14.3.1+st.2/lib/gcc/arm-none-eabi/14.3.1/include/arm_mve.h **** __arm_vldrdq_gather_offset_s64 (int64_t const * __base, uint64x2_t __offset)
1754:/home/min/snap/code/235/.local/share/stm32cube/bundles/gnu-tools-for-stm32/14.3.1+st.2/lib/gcc/arm-none-eabi/14.3.1/include/arm_mve.h **** {
1755:/home/min/snap/code/235/.local/share/stm32cube/bundles/gnu-tools-for-stm32/14.3.1+st.2/lib/gcc/arm-none-eabi/14.3.1/include/arm_mve.h ****   return __builtin_mve_vldrdq_gather_offset_sv2di ((__builtin_neon_di *) __base, __offset);
1756:/home/min/snap/code/235/.local/share/stm32cube/bundles/gnu-tools-for-stm32/14.3.1+st.2/lib/gcc/arm-none-eabi/14.3.1/include/arm_mve.h **** }
1757:/home/min/snap/code/235/.local/share/stm32cube/bundles/gnu-tools-for-stm32/14.3.1+st.2/lib/gcc/arm-none-eabi/14.3.1/include/arm_mve.h **** 
1758:/home/min/snap/code/235/.local/share/stm32cube/bundles/gnu-tools-for-stm32/14.3.1+st.2/lib/gcc/arm-none-eabi/14.3.1/include/arm_mve.h **** __extension__ extern __inline uint64x2_t
1759:/home/min/snap/code/235/.local/share/stm32cube/bundles/gnu-tools-for-stm32/14.3.1+st.2/lib/gcc/arm-none-eabi/14.3.1/include/arm_mve.h **** __attribute__ ((__always_inline__, __gnu_inline__, __artificial__))
1760:/home/min/snap/code/235/.local/share/stm32cube/bundles/gnu-tools-for-stm32/14.3.1+st.2/lib/gcc/arm-none-eabi/14.3.1/include/arm_mve.h **** __arm_vldrdq_gather_offset_u64 (uint64_t const * __base, uint64x2_t __offset)
1761:/home/min/snap/code/235/.local/share/stm32cube/bundles/gnu-tools-for-stm32/14.3.1+st.2/lib/gcc/arm-none-eabi/14.3.1/include/arm_mve.h **** {
1762:/home/min/snap/code/235/.local/share/stm32cube/bundles/gnu-tools-for-stm32/14.3.1+st.2/lib/gcc/arm-none-eabi/14.3.1/include/arm_mve.h ****   return __builtin_mve_vldrdq_gather_offset_uv2di ((__builtin_neon_di *) __base, __offset);
1763:/home/min/snap/code/235/.local/share/stm32cube/bundles/gnu-tools-for-stm32/14.3.1+st.2/lib/gcc/arm-none-eabi/14.3.1/include/arm_mve.h **** }
1764:/home/min/snap/code/235/.local/share/stm32cube/bundles/gnu-tools-for-stm32/14.3.1+st.2/lib/gcc/arm-none-eabi/14.3.1/include/arm_mve.h **** 
1765:/home/min/snap/code/235/.local/share/stm32cube/bundles/gnu-tools-for-stm32/14.3.1+st.2/lib/gcc/arm-none-eabi/14.3.1/include/arm_mve.h **** __extension__ extern __inline int64x2_t
1766:/home/min/snap/code/235/.local/share/stm32cube/bundles/gnu-tools-for-stm32/14.3.1+st.2/lib/gcc/arm-none-eabi/14.3.1/include/arm_mve.h **** __attribute__ ((__always_inline__, __gnu_inline__, __artificial__))
1767:/home/min/snap/code/235/.local/share/stm32cube/bundles/gnu-tools-for-stm32/14.3.1+st.2/lib/gcc/arm-none-eabi/14.3.1/include/arm_mve.h **** __arm_vldrdq_gather_offset_z_s64 (int64_t const * __base, uint64x2_t __offset, mve_pred16_t __p)
1768:/home/min/snap/code/235/.local/share/stm32cube/bundles/gnu-tools-for-stm32/14.3.1+st.2/lib/gcc/arm-none-eabi/14.3.1/include/arm_mve.h **** {
1769:/home/min/snap/code/235/.local/share/stm32cube/bundles/gnu-tools-for-stm32/14.3.1+st.2/lib/gcc/arm-none-eabi/14.3.1/include/arm_mve.h ****   return __builtin_mve_vldrdq_gather_offset_z_sv2di ((__builtin_neon_di *) __base, __offset, __p);
1770:/home/min/snap/code/235/.local/share/stm32cube/bundles/gnu-tools-for-stm32/14.3.1+st.2/lib/gcc/arm-none-eabi/14.3.1/include/arm_mve.h **** }
1771:/home/min/snap/code/235/.local/share/stm32cube/bundles/gnu-tools-for-stm32/14.3.1+st.2/lib/gcc/arm-none-eabi/14.3.1/include/arm_mve.h **** 
1772:/home/min/snap/code/235/.local/share/stm32cube/bundles/gnu-tools-for-stm32/14.3.1+st.2/lib/gcc/arm-none-eabi/14.3.1/include/arm_mve.h **** 
1773:/home/min/snap/code/235/.local/share/stm32cube/bundles/gnu-tools-for-stm32/14.3.1+st.2/lib/gcc/arm-none-eabi/14.3.1/include/arm_mve.h **** __extension__ extern __inline uint64x2_t
1774:/home/min/snap/code/235/.local/share/stm32cube/bundles/gnu-tools-for-stm32/14.3.1+st.2/lib/gcc/arm-none-eabi/14.3.1/include/arm_mve.h **** __attribute__ ((__always_inline__, __gnu_inline__, __artificial__))
1775:/home/min/snap/code/235/.local/share/stm32cube/bundles/gnu-tools-for-stm32/14.3.1+st.2/lib/gcc/arm-none-eabi/14.3.1/include/arm_mve.h **** __arm_vldrdq_gather_offset_z_u64 (uint64_t const * __base, uint64x2_t __offset, mve_pred16_t __p)
1776:/home/min/snap/code/235/.local/share/stm32cube/bundles/gnu-tools-for-stm32/14.3.1+st.2/lib/gcc/arm-none-eabi/14.3.1/include/arm_mve.h **** {
1777:/home/min/snap/code/235/.local/share/stm32cube/bundles/gnu-tools-for-stm32/14.3.1+st.2/lib/gcc/arm-none-eabi/14.3.1/include/arm_mve.h ****   return __builtin_mve_vldrdq_gather_offset_z_uv2di ((__builtin_neon_di *) __base, __offset, __p);
1778:/home/min/snap/code/235/.local/share/stm32cube/bundles/gnu-tools-for-stm32/14.3.1+st.2/lib/gcc/arm-none-eabi/14.3.1/include/arm_mve.h **** }
ARM GAS  /tmp/cc1JbEzq.s 			page 34


1779:/home/min/snap/code/235/.local/share/stm32cube/bundles/gnu-tools-for-stm32/14.3.1+st.2/lib/gcc/arm-none-eabi/14.3.1/include/arm_mve.h **** 
1780:/home/min/snap/code/235/.local/share/stm32cube/bundles/gnu-tools-for-stm32/14.3.1+st.2/lib/gcc/arm-none-eabi/14.3.1/include/arm_mve.h **** __extension__ extern __inline int64x2_t
1781:/home/min/snap/code/235/.local/share/stm32cube/bundles/gnu-tools-for-stm32/14.3.1+st.2/lib/gcc/arm-none-eabi/14.3.1/include/arm_mve.h **** __attribute__ ((__always_inline__, __gnu_inline__, __artificial__))
1782:/home/min/snap/code/235/.local/share/stm32cube/bundles/gnu-tools-for-stm32/14.3.1+st.2/lib/gcc/arm-none-eabi/14.3.1/include/arm_mve.h **** __arm_vldrdq_gather_shifted_offset_s64 (int64_t const * __base, uint64x2_t __offset)
1783:/home/min/snap/code/235/.local/share/stm32cube/bundles/gnu-tools-for-stm32/14.3.1+st.2/lib/gcc/arm-none-eabi/14.3.1/include/arm_mve.h **** {
1784:/home/min/snap/code/235/.local/share/stm32cube/bundles/gnu-tools-for-stm32/14.3.1+st.2/lib/gcc/arm-none-eabi/14.3.1/include/arm_mve.h ****   return __builtin_mve_vldrdq_gather_shifted_offset_sv2di ((__builtin_neon_di *) __base, __offset);
1785:/home/min/snap/code/235/.local/share/stm32cube/bundles/gnu-tools-for-stm32/14.3.1+st.2/lib/gcc/arm-none-eabi/14.3.1/include/arm_mve.h **** }
1786:/home/min/snap/code/235/.local/share/stm32cube/bundles/gnu-tools-for-stm32/14.3.1+st.2/lib/gcc/arm-none-eabi/14.3.1/include/arm_mve.h **** 
1787:/home/min/snap/code/235/.local/share/stm32cube/bundles/gnu-tools-for-stm32/14.3.1+st.2/lib/gcc/arm-none-eabi/14.3.1/include/arm_mve.h **** __extension__ extern __inline uint64x2_t
1788:/home/min/snap/code/235/.local/share/stm32cube/bundles/gnu-tools-for-stm32/14.3.1+st.2/lib/gcc/arm-none-eabi/14.3.1/include/arm_mve.h **** __attribute__ ((__always_inline__, __gnu_inline__, __artificial__))
1789:/home/min/snap/code/235/.local/share/stm32cube/bundles/gnu-tools-for-stm32/14.3.1+st.2/lib/gcc/arm-none-eabi/14.3.1/include/arm_mve.h **** __arm_vldrdq_gather_shifted_offset_u64 (uint64_t const * __base, uint64x2_t __offset)
1790:/home/min/snap/code/235/.local/share/stm32cube/bundles/gnu-tools-for-stm32/14.3.1+st.2/lib/gcc/arm-none-eabi/14.3.1/include/arm_mve.h **** {
1791:/home/min/snap/code/235/.local/share/stm32cube/bundles/gnu-tools-for-stm32/14.3.1+st.2/lib/gcc/arm-none-eabi/14.3.1/include/arm_mve.h ****   return __builtin_mve_vldrdq_gather_shifted_offset_uv2di ((__builtin_neon_di *) __base, __offset);
1792:/home/min/snap/code/235/.local/share/stm32cube/bundles/gnu-tools-for-stm32/14.3.1+st.2/lib/gcc/arm-none-eabi/14.3.1/include/arm_mve.h **** }
1793:/home/min/snap/code/235/.local/share/stm32cube/bundles/gnu-tools-for-stm32/14.3.1+st.2/lib/gcc/arm-none-eabi/14.3.1/include/arm_mve.h **** 
1794:/home/min/snap/code/235/.local/share/stm32cube/bundles/gnu-tools-for-stm32/14.3.1+st.2/lib/gcc/arm-none-eabi/14.3.1/include/arm_mve.h **** __extension__ extern __inline int64x2_t
1795:/home/min/snap/code/235/.local/share/stm32cube/bundles/gnu-tools-for-stm32/14.3.1+st.2/lib/gcc/arm-none-eabi/14.3.1/include/arm_mve.h **** __attribute__ ((__always_inline__, __gnu_inline__, __artificial__))
1796:/home/min/snap/code/235/.local/share/stm32cube/bundles/gnu-tools-for-stm32/14.3.1+st.2/lib/gcc/arm-none-eabi/14.3.1/include/arm_mve.h **** __arm_vldrdq_gather_shifted_offset_z_s64 (int64_t const * __base, uint64x2_t __offset, mve_pred16_t
1797:/home/min/snap/code/235/.local/share/stm32cube/bundles/gnu-tools-for-stm32/14.3.1+st.2/lib/gcc/arm-none-eabi/14.3.1/include/arm_mve.h **** {
1798:/home/min/snap/code/235/.local/share/stm32cube/bundles/gnu-tools-for-stm32/14.3.1+st.2/lib/gcc/arm-none-eabi/14.3.1/include/arm_mve.h ****   return __builtin_mve_vldrdq_gather_shifted_offset_z_sv2di ((__builtin_neon_di *) __base, __offset
1799:/home/min/snap/code/235/.local/share/stm32cube/bundles/gnu-tools-for-stm32/14.3.1+st.2/lib/gcc/arm-none-eabi/14.3.1/include/arm_mve.h **** }
1800:/home/min/snap/code/235/.local/share/stm32cube/bundles/gnu-tools-for-stm32/14.3.1+st.2/lib/gcc/arm-none-eabi/14.3.1/include/arm_mve.h **** 
1801:/home/min/snap/code/235/.local/share/stm32cube/bundles/gnu-tools-for-stm32/14.3.1+st.2/lib/gcc/arm-none-eabi/14.3.1/include/arm_mve.h **** __extension__ extern __inline uint64x2_t
1802:/home/min/snap/code/235/.local/share/stm32cube/bundles/gnu-tools-for-stm32/14.3.1+st.2/lib/gcc/arm-none-eabi/14.3.1/include/arm_mve.h **** __attribute__ ((__always_inline__, __gnu_inline__, __artificial__))
1803:/home/min/snap/code/235/.local/share/stm32cube/bundles/gnu-tools-for-stm32/14.3.1+st.2/lib/gcc/arm-none-eabi/14.3.1/include/arm_mve.h **** __arm_vldrdq_gather_shifted_offset_z_u64 (uint64_t const * __base, uint64x2_t __offset, mve_pred16_
1804:/home/min/snap/code/235/.local/share/stm32cube/bundles/gnu-tools-for-stm32/14.3.1+st.2/lib/gcc/arm-none-eabi/14.3.1/include/arm_mve.h **** {
1805:/home/min/snap/code/235/.local/share/stm32cube/bundles/gnu-tools-for-stm32/14.3.1+st.2/lib/gcc/arm-none-eabi/14.3.1/include/arm_mve.h ****   return __builtin_mve_vldrdq_gather_shifted_offset_z_uv2di ((__builtin_neon_di *) __base, __offset
1806:/home/min/snap/code/235/.local/share/stm32cube/bundles/gnu-tools-for-stm32/14.3.1+st.2/lib/gcc/arm-none-eabi/14.3.1/include/arm_mve.h **** }
1807:/home/min/snap/code/235/.local/share/stm32cube/bundles/gnu-tools-for-stm32/14.3.1+st.2/lib/gcc/arm-none-eabi/14.3.1/include/arm_mve.h **** 
1808:/home/min/snap/code/235/.local/share/stm32cube/bundles/gnu-tools-for-stm32/14.3.1+st.2/lib/gcc/arm-none-eabi/14.3.1/include/arm_mve.h **** __extension__ extern __inline int32x4_t
1809:/home/min/snap/code/235/.local/share/stm32cube/bundles/gnu-tools-for-stm32/14.3.1+st.2/lib/gcc/arm-none-eabi/14.3.1/include/arm_mve.h **** __attribute__ ((__always_inline__, __gnu_inline__, __artificial__))
1810:/home/min/snap/code/235/.local/share/stm32cube/bundles/gnu-tools-for-stm32/14.3.1+st.2/lib/gcc/arm-none-eabi/14.3.1/include/arm_mve.h **** __arm_vldrwq_gather_offset_s32 (int32_t const * __base, uint32x4_t __offset)
1811:/home/min/snap/code/235/.local/share/stm32cube/bundles/gnu-tools-for-stm32/14.3.1+st.2/lib/gcc/arm-none-eabi/14.3.1/include/arm_mve.h **** {
1812:/home/min/snap/code/235/.local/share/stm32cube/bundles/gnu-tools-for-stm32/14.3.1+st.2/lib/gcc/arm-none-eabi/14.3.1/include/arm_mve.h ****   return __builtin_mve_vldrwq_gather_offset_sv4si ((__builtin_neon_si *) __base, __offset);
1813:/home/min/snap/code/235/.local/share/stm32cube/bundles/gnu-tools-for-stm32/14.3.1+st.2/lib/gcc/arm-none-eabi/14.3.1/include/arm_mve.h **** }
1814:/home/min/snap/code/235/.local/share/stm32cube/bundles/gnu-tools-for-stm32/14.3.1+st.2/lib/gcc/arm-none-eabi/14.3.1/include/arm_mve.h **** 
1815:/home/min/snap/code/235/.local/share/stm32cube/bundles/gnu-tools-for-stm32/14.3.1+st.2/lib/gcc/arm-none-eabi/14.3.1/include/arm_mve.h **** __extension__ extern __inline uint32x4_t
1816:/home/min/snap/code/235/.local/share/stm32cube/bundles/gnu-tools-for-stm32/14.3.1+st.2/lib/gcc/arm-none-eabi/14.3.1/include/arm_mve.h **** __attribute__ ((__always_inline__, __gnu_inline__, __artificial__))
1817:/home/min/snap/code/235/.local/share/stm32cube/bundles/gnu-tools-for-stm32/14.3.1+st.2/lib/gcc/arm-none-eabi/14.3.1/include/arm_mve.h **** __arm_vldrwq_gather_offset_u32 (uint32_t const * __base, uint32x4_t __offset)
1818:/home/min/snap/code/235/.local/share/stm32cube/bundles/gnu-tools-for-stm32/14.3.1+st.2/lib/gcc/arm-none-eabi/14.3.1/include/arm_mve.h **** {
1819:/home/min/snap/code/235/.local/share/stm32cube/bundles/gnu-tools-for-stm32/14.3.1+st.2/lib/gcc/arm-none-eabi/14.3.1/include/arm_mve.h ****   return __builtin_mve_vldrwq_gather_offset_uv4si ((__builtin_neon_si *) __base, __offset);
1820:/home/min/snap/code/235/.local/share/stm32cube/bundles/gnu-tools-for-stm32/14.3.1+st.2/lib/gcc/arm-none-eabi/14.3.1/include/arm_mve.h **** }
1821:/home/min/snap/code/235/.local/share/stm32cube/bundles/gnu-tools-for-stm32/14.3.1+st.2/lib/gcc/arm-none-eabi/14.3.1/include/arm_mve.h **** 
1822:/home/min/snap/code/235/.local/share/stm32cube/bundles/gnu-tools-for-stm32/14.3.1+st.2/lib/gcc/arm-none-eabi/14.3.1/include/arm_mve.h **** __extension__ extern __inline int32x4_t
1823:/home/min/snap/code/235/.local/share/stm32cube/bundles/gnu-tools-for-stm32/14.3.1+st.2/lib/gcc/arm-none-eabi/14.3.1/include/arm_mve.h **** __attribute__ ((__always_inline__, __gnu_inline__, __artificial__))
1824:/home/min/snap/code/235/.local/share/stm32cube/bundles/gnu-tools-for-stm32/14.3.1+st.2/lib/gcc/arm-none-eabi/14.3.1/include/arm_mve.h **** __arm_vldrwq_gather_offset_z_s32 (int32_t const * __base, uint32x4_t __offset, mve_pred16_t __p)
1825:/home/min/snap/code/235/.local/share/stm32cube/bundles/gnu-tools-for-stm32/14.3.1+st.2/lib/gcc/arm-none-eabi/14.3.1/include/arm_mve.h **** {
1826:/home/min/snap/code/235/.local/share/stm32cube/bundles/gnu-tools-for-stm32/14.3.1+st.2/lib/gcc/arm-none-eabi/14.3.1/include/arm_mve.h ****   return __builtin_mve_vldrwq_gather_offset_z_sv4si ((__builtin_neon_si *) __base, __offset, __p);
1827:/home/min/snap/code/235/.local/share/stm32cube/bundles/gnu-tools-for-stm32/14.3.1+st.2/lib/gcc/arm-none-eabi/14.3.1/include/arm_mve.h **** }
1828:/home/min/snap/code/235/.local/share/stm32cube/bundles/gnu-tools-for-stm32/14.3.1+st.2/lib/gcc/arm-none-eabi/14.3.1/include/arm_mve.h **** 
1829:/home/min/snap/code/235/.local/share/stm32cube/bundles/gnu-tools-for-stm32/14.3.1+st.2/lib/gcc/arm-none-eabi/14.3.1/include/arm_mve.h **** __extension__ extern __inline uint32x4_t
1830:/home/min/snap/code/235/.local/share/stm32cube/bundles/gnu-tools-for-stm32/14.3.1+st.2/lib/gcc/arm-none-eabi/14.3.1/include/arm_mve.h **** __attribute__ ((__always_inline__, __gnu_inline__, __artificial__))
1831:/home/min/snap/code/235/.local/share/stm32cube/bundles/gnu-tools-for-stm32/14.3.1+st.2/lib/gcc/arm-none-eabi/14.3.1/include/arm_mve.h **** __arm_vldrwq_gather_offset_z_u32 (uint32_t const * __base, uint32x4_t __offset, mve_pred16_t __p)
1832:/home/min/snap/code/235/.local/share/stm32cube/bundles/gnu-tools-for-stm32/14.3.1+st.2/lib/gcc/arm-none-eabi/14.3.1/include/arm_mve.h **** {
1833:/home/min/snap/code/235/.local/share/stm32cube/bundles/gnu-tools-for-stm32/14.3.1+st.2/lib/gcc/arm-none-eabi/14.3.1/include/arm_mve.h ****   return __builtin_mve_vldrwq_gather_offset_z_uv4si ((__builtin_neon_si *) __base, __offset, __p);
1834:/home/min/snap/code/235/.local/share/stm32cube/bundles/gnu-tools-for-stm32/14.3.1+st.2/lib/gcc/arm-none-eabi/14.3.1/include/arm_mve.h **** }
1835:/home/min/snap/code/235/.local/share/stm32cube/bundles/gnu-tools-for-stm32/14.3.1+st.2/lib/gcc/arm-none-eabi/14.3.1/include/arm_mve.h **** 
ARM GAS  /tmp/cc1JbEzq.s 			page 35


1836:/home/min/snap/code/235/.local/share/stm32cube/bundles/gnu-tools-for-stm32/14.3.1+st.2/lib/gcc/arm-none-eabi/14.3.1/include/arm_mve.h **** __extension__ extern __inline int32x4_t
1837:/home/min/snap/code/235/.local/share/stm32cube/bundles/gnu-tools-for-stm32/14.3.1+st.2/lib/gcc/arm-none-eabi/14.3.1/include/arm_mve.h **** __attribute__ ((__always_inline__, __gnu_inline__, __artificial__))
1838:/home/min/snap/code/235/.local/share/stm32cube/bundles/gnu-tools-for-stm32/14.3.1+st.2/lib/gcc/arm-none-eabi/14.3.1/include/arm_mve.h **** __arm_vldrwq_gather_shifted_offset_s32 (int32_t const * __base, uint32x4_t __offset)
1839:/home/min/snap/code/235/.local/share/stm32cube/bundles/gnu-tools-for-stm32/14.3.1+st.2/lib/gcc/arm-none-eabi/14.3.1/include/arm_mve.h **** {
1840:/home/min/snap/code/235/.local/share/stm32cube/bundles/gnu-tools-for-stm32/14.3.1+st.2/lib/gcc/arm-none-eabi/14.3.1/include/arm_mve.h ****   return __builtin_mve_vldrwq_gather_shifted_offset_sv4si ((__builtin_neon_si *) __base, __offset);
1841:/home/min/snap/code/235/.local/share/stm32cube/bundles/gnu-tools-for-stm32/14.3.1+st.2/lib/gcc/arm-none-eabi/14.3.1/include/arm_mve.h **** }
1842:/home/min/snap/code/235/.local/share/stm32cube/bundles/gnu-tools-for-stm32/14.3.1+st.2/lib/gcc/arm-none-eabi/14.3.1/include/arm_mve.h **** 
1843:/home/min/snap/code/235/.local/share/stm32cube/bundles/gnu-tools-for-stm32/14.3.1+st.2/lib/gcc/arm-none-eabi/14.3.1/include/arm_mve.h **** __extension__ extern __inline uint32x4_t
1844:/home/min/snap/code/235/.local/share/stm32cube/bundles/gnu-tools-for-stm32/14.3.1+st.2/lib/gcc/arm-none-eabi/14.3.1/include/arm_mve.h **** __attribute__ ((__always_inline__, __gnu_inline__, __artificial__))
1845:/home/min/snap/code/235/.local/share/stm32cube/bundles/gnu-tools-for-stm32/14.3.1+st.2/lib/gcc/arm-none-eabi/14.3.1/include/arm_mve.h **** __arm_vldrwq_gather_shifted_offset_u32 (uint32_t const * __base, uint32x4_t __offset)
1846:/home/min/snap/code/235/.local/share/stm32cube/bundles/gnu-tools-for-stm32/14.3.1+st.2/lib/gcc/arm-none-eabi/14.3.1/include/arm_mve.h **** {
1847:/home/min/snap/code/235/.local/share/stm32cube/bundles/gnu-tools-for-stm32/14.3.1+st.2/lib/gcc/arm-none-eabi/14.3.1/include/arm_mve.h ****   return __builtin_mve_vldrwq_gather_shifted_offset_uv4si ((__builtin_neon_si *) __base, __offset);
1848:/home/min/snap/code/235/.local/share/stm32cube/bundles/gnu-tools-for-stm32/14.3.1+st.2/lib/gcc/arm-none-eabi/14.3.1/include/arm_mve.h **** }
1849:/home/min/snap/code/235/.local/share/stm32cube/bundles/gnu-tools-for-stm32/14.3.1+st.2/lib/gcc/arm-none-eabi/14.3.1/include/arm_mve.h **** 
1850:/home/min/snap/code/235/.local/share/stm32cube/bundles/gnu-tools-for-stm32/14.3.1+st.2/lib/gcc/arm-none-eabi/14.3.1/include/arm_mve.h **** __extension__ extern __inline int32x4_t
1851:/home/min/snap/code/235/.local/share/stm32cube/bundles/gnu-tools-for-stm32/14.3.1+st.2/lib/gcc/arm-none-eabi/14.3.1/include/arm_mve.h **** __attribute__ ((__always_inline__, __gnu_inline__, __artificial__))
1852:/home/min/snap/code/235/.local/share/stm32cube/bundles/gnu-tools-for-stm32/14.3.1+st.2/lib/gcc/arm-none-eabi/14.3.1/include/arm_mve.h **** __arm_vldrwq_gather_shifted_offset_z_s32 (int32_t const * __base, uint32x4_t __offset, mve_pred16_t
1853:/home/min/snap/code/235/.local/share/stm32cube/bundles/gnu-tools-for-stm32/14.3.1+st.2/lib/gcc/arm-none-eabi/14.3.1/include/arm_mve.h **** {
1854:/home/min/snap/code/235/.local/share/stm32cube/bundles/gnu-tools-for-stm32/14.3.1+st.2/lib/gcc/arm-none-eabi/14.3.1/include/arm_mve.h ****   return __builtin_mve_vldrwq_gather_shifted_offset_z_sv4si ((__builtin_neon_si *) __base, __offset
1855:/home/min/snap/code/235/.local/share/stm32cube/bundles/gnu-tools-for-stm32/14.3.1+st.2/lib/gcc/arm-none-eabi/14.3.1/include/arm_mve.h **** }
1856:/home/min/snap/code/235/.local/share/stm32cube/bundles/gnu-tools-for-stm32/14.3.1+st.2/lib/gcc/arm-none-eabi/14.3.1/include/arm_mve.h **** 
1857:/home/min/snap/code/235/.local/share/stm32cube/bundles/gnu-tools-for-stm32/14.3.1+st.2/lib/gcc/arm-none-eabi/14.3.1/include/arm_mve.h **** __extension__ extern __inline uint32x4_t
1858:/home/min/snap/code/235/.local/share/stm32cube/bundles/gnu-tools-for-stm32/14.3.1+st.2/lib/gcc/arm-none-eabi/14.3.1/include/arm_mve.h **** __attribute__ ((__always_inline__, __gnu_inline__, __artificial__))
1859:/home/min/snap/code/235/.local/share/stm32cube/bundles/gnu-tools-for-stm32/14.3.1+st.2/lib/gcc/arm-none-eabi/14.3.1/include/arm_mve.h **** __arm_vldrwq_gather_shifted_offset_z_u32 (uint32_t const * __base, uint32x4_t __offset, mve_pred16_
1860:/home/min/snap/code/235/.local/share/stm32cube/bundles/gnu-tools-for-stm32/14.3.1+st.2/lib/gcc/arm-none-eabi/14.3.1/include/arm_mve.h **** {
1861:/home/min/snap/code/235/.local/share/stm32cube/bundles/gnu-tools-for-stm32/14.3.1+st.2/lib/gcc/arm-none-eabi/14.3.1/include/arm_mve.h ****   return __builtin_mve_vldrwq_gather_shifted_offset_z_uv4si ((__builtin_neon_si *) __base, __offset
1862:/home/min/snap/code/235/.local/share/stm32cube/bundles/gnu-tools-for-stm32/14.3.1+st.2/lib/gcc/arm-none-eabi/14.3.1/include/arm_mve.h **** }
1863:/home/min/snap/code/235/.local/share/stm32cube/bundles/gnu-tools-for-stm32/14.3.1+st.2/lib/gcc/arm-none-eabi/14.3.1/include/arm_mve.h **** 
1864:/home/min/snap/code/235/.local/share/stm32cube/bundles/gnu-tools-for-stm32/14.3.1+st.2/lib/gcc/arm-none-eabi/14.3.1/include/arm_mve.h **** __extension__ extern __inline void
1865:/home/min/snap/code/235/.local/share/stm32cube/bundles/gnu-tools-for-stm32/14.3.1+st.2/lib/gcc/arm-none-eabi/14.3.1/include/arm_mve.h **** __attribute__ ((__always_inline__, __gnu_inline__, __artificial__))
1866:/home/min/snap/code/235/.local/share/stm32cube/bundles/gnu-tools-for-stm32/14.3.1+st.2/lib/gcc/arm-none-eabi/14.3.1/include/arm_mve.h **** __arm_vstrhq_scatter_offset_s32 (int16_t * __base, uint32x4_t __offset, int32x4_t __value)
1867:/home/min/snap/code/235/.local/share/stm32cube/bundles/gnu-tools-for-stm32/14.3.1+st.2/lib/gcc/arm-none-eabi/14.3.1/include/arm_mve.h **** {
1868:/home/min/snap/code/235/.local/share/stm32cube/bundles/gnu-tools-for-stm32/14.3.1+st.2/lib/gcc/arm-none-eabi/14.3.1/include/arm_mve.h ****   __builtin_mve_vstrhq_scatter_offset_sv4si ((__builtin_neon_hi *) __base, __offset, __value);
1869:/home/min/snap/code/235/.local/share/stm32cube/bundles/gnu-tools-for-stm32/14.3.1+st.2/lib/gcc/arm-none-eabi/14.3.1/include/arm_mve.h **** }
1870:/home/min/snap/code/235/.local/share/stm32cube/bundles/gnu-tools-for-stm32/14.3.1+st.2/lib/gcc/arm-none-eabi/14.3.1/include/arm_mve.h **** 
1871:/home/min/snap/code/235/.local/share/stm32cube/bundles/gnu-tools-for-stm32/14.3.1+st.2/lib/gcc/arm-none-eabi/14.3.1/include/arm_mve.h **** __extension__ extern __inline void
1872:/home/min/snap/code/235/.local/share/stm32cube/bundles/gnu-tools-for-stm32/14.3.1+st.2/lib/gcc/arm-none-eabi/14.3.1/include/arm_mve.h **** __attribute__ ((__always_inline__, __gnu_inline__, __artificial__))
1873:/home/min/snap/code/235/.local/share/stm32cube/bundles/gnu-tools-for-stm32/14.3.1+st.2/lib/gcc/arm-none-eabi/14.3.1/include/arm_mve.h **** __arm_vstrhq_scatter_offset_s16 (int16_t * __base, uint16x8_t __offset, int16x8_t __value)
1874:/home/min/snap/code/235/.local/share/stm32cube/bundles/gnu-tools-for-stm32/14.3.1+st.2/lib/gcc/arm-none-eabi/14.3.1/include/arm_mve.h **** {
1875:/home/min/snap/code/235/.local/share/stm32cube/bundles/gnu-tools-for-stm32/14.3.1+st.2/lib/gcc/arm-none-eabi/14.3.1/include/arm_mve.h ****   __builtin_mve_vstrhq_scatter_offset_sv8hi ((__builtin_neon_hi *) __base, __offset, __value);
1876:/home/min/snap/code/235/.local/share/stm32cube/bundles/gnu-tools-for-stm32/14.3.1+st.2/lib/gcc/arm-none-eabi/14.3.1/include/arm_mve.h **** }
1877:/home/min/snap/code/235/.local/share/stm32cube/bundles/gnu-tools-for-stm32/14.3.1+st.2/lib/gcc/arm-none-eabi/14.3.1/include/arm_mve.h **** 
1878:/home/min/snap/code/235/.local/share/stm32cube/bundles/gnu-tools-for-stm32/14.3.1+st.2/lib/gcc/arm-none-eabi/14.3.1/include/arm_mve.h **** __extension__ extern __inline void
1879:/home/min/snap/code/235/.local/share/stm32cube/bundles/gnu-tools-for-stm32/14.3.1+st.2/lib/gcc/arm-none-eabi/14.3.1/include/arm_mve.h **** __attribute__ ((__always_inline__, __gnu_inline__, __artificial__))
1880:/home/min/snap/code/235/.local/share/stm32cube/bundles/gnu-tools-for-stm32/14.3.1+st.2/lib/gcc/arm-none-eabi/14.3.1/include/arm_mve.h **** __arm_vstrhq_scatter_offset_u32 (uint16_t * __base, uint32x4_t __offset, uint32x4_t __value)
1881:/home/min/snap/code/235/.local/share/stm32cube/bundles/gnu-tools-for-stm32/14.3.1+st.2/lib/gcc/arm-none-eabi/14.3.1/include/arm_mve.h **** {
1882:/home/min/snap/code/235/.local/share/stm32cube/bundles/gnu-tools-for-stm32/14.3.1+st.2/lib/gcc/arm-none-eabi/14.3.1/include/arm_mve.h ****   __builtin_mve_vstrhq_scatter_offset_uv4si ((__builtin_neon_hi *) __base, __offset, __value);
1883:/home/min/snap/code/235/.local/share/stm32cube/bundles/gnu-tools-for-stm32/14.3.1+st.2/lib/gcc/arm-none-eabi/14.3.1/include/arm_mve.h **** }
1884:/home/min/snap/code/235/.local/share/stm32cube/bundles/gnu-tools-for-stm32/14.3.1+st.2/lib/gcc/arm-none-eabi/14.3.1/include/arm_mve.h **** 
1885:/home/min/snap/code/235/.local/share/stm32cube/bundles/gnu-tools-for-stm32/14.3.1+st.2/lib/gcc/arm-none-eabi/14.3.1/include/arm_mve.h **** __extension__ extern __inline void
1886:/home/min/snap/code/235/.local/share/stm32cube/bundles/gnu-tools-for-stm32/14.3.1+st.2/lib/gcc/arm-none-eabi/14.3.1/include/arm_mve.h **** __attribute__ ((__always_inline__, __gnu_inline__, __artificial__))
1887:/home/min/snap/code/235/.local/share/stm32cube/bundles/gnu-tools-for-stm32/14.3.1+st.2/lib/gcc/arm-none-eabi/14.3.1/include/arm_mve.h **** __arm_vstrhq_scatter_offset_u16 (uint16_t * __base, uint16x8_t __offset, uint16x8_t __value)
1888:/home/min/snap/code/235/.local/share/stm32cube/bundles/gnu-tools-for-stm32/14.3.1+st.2/lib/gcc/arm-none-eabi/14.3.1/include/arm_mve.h **** {
1889:/home/min/snap/code/235/.local/share/stm32cube/bundles/gnu-tools-for-stm32/14.3.1+st.2/lib/gcc/arm-none-eabi/14.3.1/include/arm_mve.h ****   __builtin_mve_vstrhq_scatter_offset_uv8hi ((__builtin_neon_hi *) __base, __offset, __value);
1890:/home/min/snap/code/235/.local/share/stm32cube/bundles/gnu-tools-for-stm32/14.3.1+st.2/lib/gcc/arm-none-eabi/14.3.1/include/arm_mve.h **** }
1891:/home/min/snap/code/235/.local/share/stm32cube/bundles/gnu-tools-for-stm32/14.3.1+st.2/lib/gcc/arm-none-eabi/14.3.1/include/arm_mve.h **** 
1892:/home/min/snap/code/235/.local/share/stm32cube/bundles/gnu-tools-for-stm32/14.3.1+st.2/lib/gcc/arm-none-eabi/14.3.1/include/arm_mve.h **** __extension__ extern __inline void
ARM GAS  /tmp/cc1JbEzq.s 			page 36


1893:/home/min/snap/code/235/.local/share/stm32cube/bundles/gnu-tools-for-stm32/14.3.1+st.2/lib/gcc/arm-none-eabi/14.3.1/include/arm_mve.h **** __attribute__ ((__always_inline__, __gnu_inline__, __artificial__))
1894:/home/min/snap/code/235/.local/share/stm32cube/bundles/gnu-tools-for-stm32/14.3.1+st.2/lib/gcc/arm-none-eabi/14.3.1/include/arm_mve.h **** __arm_vstrhq_scatter_offset_p_s32 (int16_t * __base, uint32x4_t __offset, int32x4_t __value, mve_pr
1895:/home/min/snap/code/235/.local/share/stm32cube/bundles/gnu-tools-for-stm32/14.3.1+st.2/lib/gcc/arm-none-eabi/14.3.1/include/arm_mve.h **** {
1896:/home/min/snap/code/235/.local/share/stm32cube/bundles/gnu-tools-for-stm32/14.3.1+st.2/lib/gcc/arm-none-eabi/14.3.1/include/arm_mve.h ****   __builtin_mve_vstrhq_scatter_offset_p_sv4si ((__builtin_neon_hi *) __base, __offset, __value, __p
1897:/home/min/snap/code/235/.local/share/stm32cube/bundles/gnu-tools-for-stm32/14.3.1+st.2/lib/gcc/arm-none-eabi/14.3.1/include/arm_mve.h **** }
1898:/home/min/snap/code/235/.local/share/stm32cube/bundles/gnu-tools-for-stm32/14.3.1+st.2/lib/gcc/arm-none-eabi/14.3.1/include/arm_mve.h **** 
1899:/home/min/snap/code/235/.local/share/stm32cube/bundles/gnu-tools-for-stm32/14.3.1+st.2/lib/gcc/arm-none-eabi/14.3.1/include/arm_mve.h **** __extension__ extern __inline void
1900:/home/min/snap/code/235/.local/share/stm32cube/bundles/gnu-tools-for-stm32/14.3.1+st.2/lib/gcc/arm-none-eabi/14.3.1/include/arm_mve.h **** __attribute__ ((__always_inline__, __gnu_inline__, __artificial__))
1901:/home/min/snap/code/235/.local/share/stm32cube/bundles/gnu-tools-for-stm32/14.3.1+st.2/lib/gcc/arm-none-eabi/14.3.1/include/arm_mve.h **** __arm_vstrhq_scatter_offset_p_s16 (int16_t * __base, uint16x8_t __offset, int16x8_t __value, mve_pr
1902:/home/min/snap/code/235/.local/share/stm32cube/bundles/gnu-tools-for-stm32/14.3.1+st.2/lib/gcc/arm-none-eabi/14.3.1/include/arm_mve.h **** {
1903:/home/min/snap/code/235/.local/share/stm32cube/bundles/gnu-tools-for-stm32/14.3.1+st.2/lib/gcc/arm-none-eabi/14.3.1/include/arm_mve.h ****   __builtin_mve_vstrhq_scatter_offset_p_sv8hi ((__builtin_neon_hi *) __base, __offset, __value, __p
1904:/home/min/snap/code/235/.local/share/stm32cube/bundles/gnu-tools-for-stm32/14.3.1+st.2/lib/gcc/arm-none-eabi/14.3.1/include/arm_mve.h **** }
1905:/home/min/snap/code/235/.local/share/stm32cube/bundles/gnu-tools-for-stm32/14.3.1+st.2/lib/gcc/arm-none-eabi/14.3.1/include/arm_mve.h **** 
1906:/home/min/snap/code/235/.local/share/stm32cube/bundles/gnu-tools-for-stm32/14.3.1+st.2/lib/gcc/arm-none-eabi/14.3.1/include/arm_mve.h **** __extension__ extern __inline void
1907:/home/min/snap/code/235/.local/share/stm32cube/bundles/gnu-tools-for-stm32/14.3.1+st.2/lib/gcc/arm-none-eabi/14.3.1/include/arm_mve.h **** __attribute__ ((__always_inline__, __gnu_inline__, __artificial__))
1908:/home/min/snap/code/235/.local/share/stm32cube/bundles/gnu-tools-for-stm32/14.3.1+st.2/lib/gcc/arm-none-eabi/14.3.1/include/arm_mve.h **** __arm_vstrhq_scatter_offset_p_u32 (uint16_t * __base, uint32x4_t __offset, uint32x4_t __value, mve_
1909:/home/min/snap/code/235/.local/share/stm32cube/bundles/gnu-tools-for-stm32/14.3.1+st.2/lib/gcc/arm-none-eabi/14.3.1/include/arm_mve.h **** {
1910:/home/min/snap/code/235/.local/share/stm32cube/bundles/gnu-tools-for-stm32/14.3.1+st.2/lib/gcc/arm-none-eabi/14.3.1/include/arm_mve.h ****   __builtin_mve_vstrhq_scatter_offset_p_uv4si ((__builtin_neon_hi *) __base, __offset, __value, __p
1911:/home/min/snap/code/235/.local/share/stm32cube/bundles/gnu-tools-for-stm32/14.3.1+st.2/lib/gcc/arm-none-eabi/14.3.1/include/arm_mve.h **** }
1912:/home/min/snap/code/235/.local/share/stm32cube/bundles/gnu-tools-for-stm32/14.3.1+st.2/lib/gcc/arm-none-eabi/14.3.1/include/arm_mve.h **** 
1913:/home/min/snap/code/235/.local/share/stm32cube/bundles/gnu-tools-for-stm32/14.3.1+st.2/lib/gcc/arm-none-eabi/14.3.1/include/arm_mve.h **** __extension__ extern __inline void
1914:/home/min/snap/code/235/.local/share/stm32cube/bundles/gnu-tools-for-stm32/14.3.1+st.2/lib/gcc/arm-none-eabi/14.3.1/include/arm_mve.h **** __attribute__ ((__always_inline__, __gnu_inline__, __artificial__))
1915:/home/min/snap/code/235/.local/share/stm32cube/bundles/gnu-tools-for-stm32/14.3.1+st.2/lib/gcc/arm-none-eabi/14.3.1/include/arm_mve.h **** __arm_vstrhq_scatter_offset_p_u16 (uint16_t * __base, uint16x8_t __offset, uint16x8_t __value, mve_
1916:/home/min/snap/code/235/.local/share/stm32cube/bundles/gnu-tools-for-stm32/14.3.1+st.2/lib/gcc/arm-none-eabi/14.3.1/include/arm_mve.h **** {
1917:/home/min/snap/code/235/.local/share/stm32cube/bundles/gnu-tools-for-stm32/14.3.1+st.2/lib/gcc/arm-none-eabi/14.3.1/include/arm_mve.h ****   __builtin_mve_vstrhq_scatter_offset_p_uv8hi ((__builtin_neon_hi *) __base, __offset, __value, __p
1918:/home/min/snap/code/235/.local/share/stm32cube/bundles/gnu-tools-for-stm32/14.3.1+st.2/lib/gcc/arm-none-eabi/14.3.1/include/arm_mve.h **** }
1919:/home/min/snap/code/235/.local/share/stm32cube/bundles/gnu-tools-for-stm32/14.3.1+st.2/lib/gcc/arm-none-eabi/14.3.1/include/arm_mve.h **** 
1920:/home/min/snap/code/235/.local/share/stm32cube/bundles/gnu-tools-for-stm32/14.3.1+st.2/lib/gcc/arm-none-eabi/14.3.1/include/arm_mve.h **** __extension__ extern __inline void
1921:/home/min/snap/code/235/.local/share/stm32cube/bundles/gnu-tools-for-stm32/14.3.1+st.2/lib/gcc/arm-none-eabi/14.3.1/include/arm_mve.h **** __attribute__ ((__always_inline__, __gnu_inline__, __artificial__))
1922:/home/min/snap/code/235/.local/share/stm32cube/bundles/gnu-tools-for-stm32/14.3.1+st.2/lib/gcc/arm-none-eabi/14.3.1/include/arm_mve.h **** __arm_vstrhq_scatter_shifted_offset_s32 (int16_t * __base, uint32x4_t __offset, int32x4_t __value)
1923:/home/min/snap/code/235/.local/share/stm32cube/bundles/gnu-tools-for-stm32/14.3.1+st.2/lib/gcc/arm-none-eabi/14.3.1/include/arm_mve.h **** {
1924:/home/min/snap/code/235/.local/share/stm32cube/bundles/gnu-tools-for-stm32/14.3.1+st.2/lib/gcc/arm-none-eabi/14.3.1/include/arm_mve.h ****   __builtin_mve_vstrhq_scatter_shifted_offset_sv4si ((__builtin_neon_hi *) __base, __offset, __valu
1925:/home/min/snap/code/235/.local/share/stm32cube/bundles/gnu-tools-for-stm32/14.3.1+st.2/lib/gcc/arm-none-eabi/14.3.1/include/arm_mve.h **** }
1926:/home/min/snap/code/235/.local/share/stm32cube/bundles/gnu-tools-for-stm32/14.3.1+st.2/lib/gcc/arm-none-eabi/14.3.1/include/arm_mve.h **** 
1927:/home/min/snap/code/235/.local/share/stm32cube/bundles/gnu-tools-for-stm32/14.3.1+st.2/lib/gcc/arm-none-eabi/14.3.1/include/arm_mve.h **** __extension__ extern __inline void
1928:/home/min/snap/code/235/.local/share/stm32cube/bundles/gnu-tools-for-stm32/14.3.1+st.2/lib/gcc/arm-none-eabi/14.3.1/include/arm_mve.h **** __attribute__ ((__always_inline__, __gnu_inline__, __artificial__))
1929:/home/min/snap/code/235/.local/share/stm32cube/bundles/gnu-tools-for-stm32/14.3.1+st.2/lib/gcc/arm-none-eabi/14.3.1/include/arm_mve.h **** __arm_vstrhq_scatter_shifted_offset_s16 (int16_t * __base, uint16x8_t __offset, int16x8_t __value)
1930:/home/min/snap/code/235/.local/share/stm32cube/bundles/gnu-tools-for-stm32/14.3.1+st.2/lib/gcc/arm-none-eabi/14.3.1/include/arm_mve.h **** {
1931:/home/min/snap/code/235/.local/share/stm32cube/bundles/gnu-tools-for-stm32/14.3.1+st.2/lib/gcc/arm-none-eabi/14.3.1/include/arm_mve.h ****   __builtin_mve_vstrhq_scatter_shifted_offset_sv8hi ((__builtin_neon_hi *) __base, __offset, __valu
1932:/home/min/snap/code/235/.local/share/stm32cube/bundles/gnu-tools-for-stm32/14.3.1+st.2/lib/gcc/arm-none-eabi/14.3.1/include/arm_mve.h **** }
1933:/home/min/snap/code/235/.local/share/stm32cube/bundles/gnu-tools-for-stm32/14.3.1+st.2/lib/gcc/arm-none-eabi/14.3.1/include/arm_mve.h **** 
1934:/home/min/snap/code/235/.local/share/stm32cube/bundles/gnu-tools-for-stm32/14.3.1+st.2/lib/gcc/arm-none-eabi/14.3.1/include/arm_mve.h **** __extension__ extern __inline void
1935:/home/min/snap/code/235/.local/share/stm32cube/bundles/gnu-tools-for-stm32/14.3.1+st.2/lib/gcc/arm-none-eabi/14.3.1/include/arm_mve.h **** __attribute__ ((__always_inline__, __gnu_inline__, __artificial__))
1936:/home/min/snap/code/235/.local/share/stm32cube/bundles/gnu-tools-for-stm32/14.3.1+st.2/lib/gcc/arm-none-eabi/14.3.1/include/arm_mve.h **** __arm_vstrhq_scatter_shifted_offset_u32 (uint16_t * __base, uint32x4_t __offset, uint32x4_t __value
1937:/home/min/snap/code/235/.local/share/stm32cube/bundles/gnu-tools-for-stm32/14.3.1+st.2/lib/gcc/arm-none-eabi/14.3.1/include/arm_mve.h **** {
1938:/home/min/snap/code/235/.local/share/stm32cube/bundles/gnu-tools-for-stm32/14.3.1+st.2/lib/gcc/arm-none-eabi/14.3.1/include/arm_mve.h ****   __builtin_mve_vstrhq_scatter_shifted_offset_uv4si ((__builtin_neon_hi *) __base, __offset, __valu
1939:/home/min/snap/code/235/.local/share/stm32cube/bundles/gnu-tools-for-stm32/14.3.1+st.2/lib/gcc/arm-none-eabi/14.3.1/include/arm_mve.h **** }
1940:/home/min/snap/code/235/.local/share/stm32cube/bundles/gnu-tools-for-stm32/14.3.1+st.2/lib/gcc/arm-none-eabi/14.3.1/include/arm_mve.h **** 
1941:/home/min/snap/code/235/.local/share/stm32cube/bundles/gnu-tools-for-stm32/14.3.1+st.2/lib/gcc/arm-none-eabi/14.3.1/include/arm_mve.h **** __extension__ extern __inline void
1942:/home/min/snap/code/235/.local/share/stm32cube/bundles/gnu-tools-for-stm32/14.3.1+st.2/lib/gcc/arm-none-eabi/14.3.1/include/arm_mve.h **** __attribute__ ((__always_inline__, __gnu_inline__, __artificial__))
1943:/home/min/snap/code/235/.local/share/stm32cube/bundles/gnu-tools-for-stm32/14.3.1+st.2/lib/gcc/arm-none-eabi/14.3.1/include/arm_mve.h **** __arm_vstrhq_scatter_shifted_offset_u16 (uint16_t * __base, uint16x8_t __offset, uint16x8_t __value
1944:/home/min/snap/code/235/.local/share/stm32cube/bundles/gnu-tools-for-stm32/14.3.1+st.2/lib/gcc/arm-none-eabi/14.3.1/include/arm_mve.h **** {
1945:/home/min/snap/code/235/.local/share/stm32cube/bundles/gnu-tools-for-stm32/14.3.1+st.2/lib/gcc/arm-none-eabi/14.3.1/include/arm_mve.h ****   __builtin_mve_vstrhq_scatter_shifted_offset_uv8hi ((__builtin_neon_hi *) __base, __offset, __valu
1946:/home/min/snap/code/235/.local/share/stm32cube/bundles/gnu-tools-for-stm32/14.3.1+st.2/lib/gcc/arm-none-eabi/14.3.1/include/arm_mve.h **** }
1947:/home/min/snap/code/235/.local/share/stm32cube/bundles/gnu-tools-for-stm32/14.3.1+st.2/lib/gcc/arm-none-eabi/14.3.1/include/arm_mve.h **** 
1948:/home/min/snap/code/235/.local/share/stm32cube/bundles/gnu-tools-for-stm32/14.3.1+st.2/lib/gcc/arm-none-eabi/14.3.1/include/arm_mve.h **** __extension__ extern __inline void
1949:/home/min/snap/code/235/.local/share/stm32cube/bundles/gnu-tools-for-stm32/14.3.1+st.2/lib/gcc/arm-none-eabi/14.3.1/include/arm_mve.h **** __attribute__ ((__always_inline__, __gnu_inline__, __artificial__))
ARM GAS  /tmp/cc1JbEzq.s 			page 37


1950:/home/min/snap/code/235/.local/share/stm32cube/bundles/gnu-tools-for-stm32/14.3.1+st.2/lib/gcc/arm-none-eabi/14.3.1/include/arm_mve.h **** __arm_vstrhq_scatter_shifted_offset_p_s32 (int16_t * __base, uint32x4_t __offset, int32x4_t __value
1951:/home/min/snap/code/235/.local/share/stm32cube/bundles/gnu-tools-for-stm32/14.3.1+st.2/lib/gcc/arm-none-eabi/14.3.1/include/arm_mve.h **** {
1952:/home/min/snap/code/235/.local/share/stm32cube/bundles/gnu-tools-for-stm32/14.3.1+st.2/lib/gcc/arm-none-eabi/14.3.1/include/arm_mve.h ****   __builtin_mve_vstrhq_scatter_shifted_offset_p_sv4si ((__builtin_neon_hi *) __base, __offset, __va
1953:/home/min/snap/code/235/.local/share/stm32cube/bundles/gnu-tools-for-stm32/14.3.1+st.2/lib/gcc/arm-none-eabi/14.3.1/include/arm_mve.h **** }
1954:/home/min/snap/code/235/.local/share/stm32cube/bundles/gnu-tools-for-stm32/14.3.1+st.2/lib/gcc/arm-none-eabi/14.3.1/include/arm_mve.h **** 
1955:/home/min/snap/code/235/.local/share/stm32cube/bundles/gnu-tools-for-stm32/14.3.1+st.2/lib/gcc/arm-none-eabi/14.3.1/include/arm_mve.h **** __extension__ extern __inline void
1956:/home/min/snap/code/235/.local/share/stm32cube/bundles/gnu-tools-for-stm32/14.3.1+st.2/lib/gcc/arm-none-eabi/14.3.1/include/arm_mve.h **** __attribute__ ((__always_inline__, __gnu_inline__, __artificial__))
1957:/home/min/snap/code/235/.local/share/stm32cube/bundles/gnu-tools-for-stm32/14.3.1+st.2/lib/gcc/arm-none-eabi/14.3.1/include/arm_mve.h **** __arm_vstrhq_scatter_shifted_offset_p_s16 (int16_t * __base, uint16x8_t __offset, int16x8_t __value
1958:/home/min/snap/code/235/.local/share/stm32cube/bundles/gnu-tools-for-stm32/14.3.1+st.2/lib/gcc/arm-none-eabi/14.3.1/include/arm_mve.h **** {
1959:/home/min/snap/code/235/.local/share/stm32cube/bundles/gnu-tools-for-stm32/14.3.1+st.2/lib/gcc/arm-none-eabi/14.3.1/include/arm_mve.h ****   __builtin_mve_vstrhq_scatter_shifted_offset_p_sv8hi ((__builtin_neon_hi *) __base, __offset, __va
1960:/home/min/snap/code/235/.local/share/stm32cube/bundles/gnu-tools-for-stm32/14.3.1+st.2/lib/gcc/arm-none-eabi/14.3.1/include/arm_mve.h **** }
1961:/home/min/snap/code/235/.local/share/stm32cube/bundles/gnu-tools-for-stm32/14.3.1+st.2/lib/gcc/arm-none-eabi/14.3.1/include/arm_mve.h **** 
1962:/home/min/snap/code/235/.local/share/stm32cube/bundles/gnu-tools-for-stm32/14.3.1+st.2/lib/gcc/arm-none-eabi/14.3.1/include/arm_mve.h **** __extension__ extern __inline void
1963:/home/min/snap/code/235/.local/share/stm32cube/bundles/gnu-tools-for-stm32/14.3.1+st.2/lib/gcc/arm-none-eabi/14.3.1/include/arm_mve.h **** __attribute__ ((__always_inline__, __gnu_inline__, __artificial__))
1964:/home/min/snap/code/235/.local/share/stm32cube/bundles/gnu-tools-for-stm32/14.3.1+st.2/lib/gcc/arm-none-eabi/14.3.1/include/arm_mve.h **** __arm_vstrhq_scatter_shifted_offset_p_u32 (uint16_t * __base, uint32x4_t __offset, uint32x4_t __val
1965:/home/min/snap/code/235/.local/share/stm32cube/bundles/gnu-tools-for-stm32/14.3.1+st.2/lib/gcc/arm-none-eabi/14.3.1/include/arm_mve.h **** {
1966:/home/min/snap/code/235/.local/share/stm32cube/bundles/gnu-tools-for-stm32/14.3.1+st.2/lib/gcc/arm-none-eabi/14.3.1/include/arm_mve.h ****   __builtin_mve_vstrhq_scatter_shifted_offset_p_uv4si ((__builtin_neon_hi *) __base, __offset, __va
1967:/home/min/snap/code/235/.local/share/stm32cube/bundles/gnu-tools-for-stm32/14.3.1+st.2/lib/gcc/arm-none-eabi/14.3.1/include/arm_mve.h **** }
1968:/home/min/snap/code/235/.local/share/stm32cube/bundles/gnu-tools-for-stm32/14.3.1+st.2/lib/gcc/arm-none-eabi/14.3.1/include/arm_mve.h **** 
1969:/home/min/snap/code/235/.local/share/stm32cube/bundles/gnu-tools-for-stm32/14.3.1+st.2/lib/gcc/arm-none-eabi/14.3.1/include/arm_mve.h **** __extension__ extern __inline void
1970:/home/min/snap/code/235/.local/share/stm32cube/bundles/gnu-tools-for-stm32/14.3.1+st.2/lib/gcc/arm-none-eabi/14.3.1/include/arm_mve.h **** __attribute__ ((__always_inline__, __gnu_inline__, __artificial__))
1971:/home/min/snap/code/235/.local/share/stm32cube/bundles/gnu-tools-for-stm32/14.3.1+st.2/lib/gcc/arm-none-eabi/14.3.1/include/arm_mve.h **** __arm_vstrhq_scatter_shifted_offset_p_u16 (uint16_t * __base, uint16x8_t __offset, uint16x8_t __val
1972:/home/min/snap/code/235/.local/share/stm32cube/bundles/gnu-tools-for-stm32/14.3.1+st.2/lib/gcc/arm-none-eabi/14.3.1/include/arm_mve.h **** {
1973:/home/min/snap/code/235/.local/share/stm32cube/bundles/gnu-tools-for-stm32/14.3.1+st.2/lib/gcc/arm-none-eabi/14.3.1/include/arm_mve.h ****   __builtin_mve_vstrhq_scatter_shifted_offset_p_uv8hi ((__builtin_neon_hi *) __base, __offset, __va
1974:/home/min/snap/code/235/.local/share/stm32cube/bundles/gnu-tools-for-stm32/14.3.1+st.2/lib/gcc/arm-none-eabi/14.3.1/include/arm_mve.h **** }
1975:/home/min/snap/code/235/.local/share/stm32cube/bundles/gnu-tools-for-stm32/14.3.1+st.2/lib/gcc/arm-none-eabi/14.3.1/include/arm_mve.h **** 
1976:/home/min/snap/code/235/.local/share/stm32cube/bundles/gnu-tools-for-stm32/14.3.1+st.2/lib/gcc/arm-none-eabi/14.3.1/include/arm_mve.h **** __extension__ extern __inline void
1977:/home/min/snap/code/235/.local/share/stm32cube/bundles/gnu-tools-for-stm32/14.3.1+st.2/lib/gcc/arm-none-eabi/14.3.1/include/arm_mve.h **** __attribute__ ((__always_inline__, __gnu_inline__, __artificial__))
1978:/home/min/snap/code/235/.local/share/stm32cube/bundles/gnu-tools-for-stm32/14.3.1+st.2/lib/gcc/arm-none-eabi/14.3.1/include/arm_mve.h **** __arm_vstrhq_s32 (int16_t * __addr, int32x4_t __value)
1979:/home/min/snap/code/235/.local/share/stm32cube/bundles/gnu-tools-for-stm32/14.3.1+st.2/lib/gcc/arm-none-eabi/14.3.1/include/arm_mve.h **** {
1980:/home/min/snap/code/235/.local/share/stm32cube/bundles/gnu-tools-for-stm32/14.3.1+st.2/lib/gcc/arm-none-eabi/14.3.1/include/arm_mve.h ****   __builtin_mve_vstrhq_sv4si ((__builtin_neon_hi *) __addr, __value);
1981:/home/min/snap/code/235/.local/share/stm32cube/bundles/gnu-tools-for-stm32/14.3.1+st.2/lib/gcc/arm-none-eabi/14.3.1/include/arm_mve.h **** }
1982:/home/min/snap/code/235/.local/share/stm32cube/bundles/gnu-tools-for-stm32/14.3.1+st.2/lib/gcc/arm-none-eabi/14.3.1/include/arm_mve.h **** 
1983:/home/min/snap/code/235/.local/share/stm32cube/bundles/gnu-tools-for-stm32/14.3.1+st.2/lib/gcc/arm-none-eabi/14.3.1/include/arm_mve.h **** __extension__ extern __inline void
1984:/home/min/snap/code/235/.local/share/stm32cube/bundles/gnu-tools-for-stm32/14.3.1+st.2/lib/gcc/arm-none-eabi/14.3.1/include/arm_mve.h **** __attribute__ ((__always_inline__, __gnu_inline__, __artificial__))
1985:/home/min/snap/code/235/.local/share/stm32cube/bundles/gnu-tools-for-stm32/14.3.1+st.2/lib/gcc/arm-none-eabi/14.3.1/include/arm_mve.h **** __arm_vstrhq_s16 (int16_t * __addr, int16x8_t __value)
1986:/home/min/snap/code/235/.local/share/stm32cube/bundles/gnu-tools-for-stm32/14.3.1+st.2/lib/gcc/arm-none-eabi/14.3.1/include/arm_mve.h **** {
1987:/home/min/snap/code/235/.local/share/stm32cube/bundles/gnu-tools-for-stm32/14.3.1+st.2/lib/gcc/arm-none-eabi/14.3.1/include/arm_mve.h ****   __builtin_mve_vstrhq_sv8hi ((__builtin_neon_hi *) __addr, __value);
1988:/home/min/snap/code/235/.local/share/stm32cube/bundles/gnu-tools-for-stm32/14.3.1+st.2/lib/gcc/arm-none-eabi/14.3.1/include/arm_mve.h **** }
1989:/home/min/snap/code/235/.local/share/stm32cube/bundles/gnu-tools-for-stm32/14.3.1+st.2/lib/gcc/arm-none-eabi/14.3.1/include/arm_mve.h **** 
1990:/home/min/snap/code/235/.local/share/stm32cube/bundles/gnu-tools-for-stm32/14.3.1+st.2/lib/gcc/arm-none-eabi/14.3.1/include/arm_mve.h **** __extension__ extern __inline void
1991:/home/min/snap/code/235/.local/share/stm32cube/bundles/gnu-tools-for-stm32/14.3.1+st.2/lib/gcc/arm-none-eabi/14.3.1/include/arm_mve.h **** __attribute__ ((__always_inline__, __gnu_inline__, __artificial__))
1992:/home/min/snap/code/235/.local/share/stm32cube/bundles/gnu-tools-for-stm32/14.3.1+st.2/lib/gcc/arm-none-eabi/14.3.1/include/arm_mve.h **** __arm_vstrhq_u32 (uint16_t * __addr, uint32x4_t __value)
1993:/home/min/snap/code/235/.local/share/stm32cube/bundles/gnu-tools-for-stm32/14.3.1+st.2/lib/gcc/arm-none-eabi/14.3.1/include/arm_mve.h **** {
1994:/home/min/snap/code/235/.local/share/stm32cube/bundles/gnu-tools-for-stm32/14.3.1+st.2/lib/gcc/arm-none-eabi/14.3.1/include/arm_mve.h ****   __builtin_mve_vstrhq_uv4si ((__builtin_neon_hi *) __addr, __value);
1995:/home/min/snap/code/235/.local/share/stm32cube/bundles/gnu-tools-for-stm32/14.3.1+st.2/lib/gcc/arm-none-eabi/14.3.1/include/arm_mve.h **** }
1996:/home/min/snap/code/235/.local/share/stm32cube/bundles/gnu-tools-for-stm32/14.3.1+st.2/lib/gcc/arm-none-eabi/14.3.1/include/arm_mve.h **** 
1997:/home/min/snap/code/235/.local/share/stm32cube/bundles/gnu-tools-for-stm32/14.3.1+st.2/lib/gcc/arm-none-eabi/14.3.1/include/arm_mve.h **** __extension__ extern __inline void
1998:/home/min/snap/code/235/.local/share/stm32cube/bundles/gnu-tools-for-stm32/14.3.1+st.2/lib/gcc/arm-none-eabi/14.3.1/include/arm_mve.h **** __attribute__ ((__always_inline__, __gnu_inline__, __artificial__))
1999:/home/min/snap/code/235/.local/share/stm32cube/bundles/gnu-tools-for-stm32/14.3.1+st.2/lib/gcc/arm-none-eabi/14.3.1/include/arm_mve.h **** __arm_vstrhq_u16 (uint16_t * __addr, uint16x8_t __value)
2000:/home/min/snap/code/235/.local/share/stm32cube/bundles/gnu-tools-for-stm32/14.3.1+st.2/lib/gcc/arm-none-eabi/14.3.1/include/arm_mve.h **** {
2001:/home/min/snap/code/235/.local/share/stm32cube/bundles/gnu-tools-for-stm32/14.3.1+st.2/lib/gcc/arm-none-eabi/14.3.1/include/arm_mve.h ****   __builtin_mve_vstrhq_uv8hi ((__builtin_neon_hi *) __addr, __value);
2002:/home/min/snap/code/235/.local/share/stm32cube/bundles/gnu-tools-for-stm32/14.3.1+st.2/lib/gcc/arm-none-eabi/14.3.1/include/arm_mve.h **** }
2003:/home/min/snap/code/235/.local/share/stm32cube/bundles/gnu-tools-for-stm32/14.3.1+st.2/lib/gcc/arm-none-eabi/14.3.1/include/arm_mve.h **** 
2004:/home/min/snap/code/235/.local/share/stm32cube/bundles/gnu-tools-for-stm32/14.3.1+st.2/lib/gcc/arm-none-eabi/14.3.1/include/arm_mve.h **** __extension__ extern __inline void
2005:/home/min/snap/code/235/.local/share/stm32cube/bundles/gnu-tools-for-stm32/14.3.1+st.2/lib/gcc/arm-none-eabi/14.3.1/include/arm_mve.h **** __attribute__ ((__always_inline__, __gnu_inline__, __artificial__))
2006:/home/min/snap/code/235/.local/share/stm32cube/bundles/gnu-tools-for-stm32/14.3.1+st.2/lib/gcc/arm-none-eabi/14.3.1/include/arm_mve.h **** __arm_vstrhq_p_s32 (int16_t * __addr, int32x4_t __value, mve_pred16_t __p)
ARM GAS  /tmp/cc1JbEzq.s 			page 38


2007:/home/min/snap/code/235/.local/share/stm32cube/bundles/gnu-tools-for-stm32/14.3.1+st.2/lib/gcc/arm-none-eabi/14.3.1/include/arm_mve.h **** {
2008:/home/min/snap/code/235/.local/share/stm32cube/bundles/gnu-tools-for-stm32/14.3.1+st.2/lib/gcc/arm-none-eabi/14.3.1/include/arm_mve.h ****   __builtin_mve_vstrhq_p_sv4si ((__builtin_neon_hi *) __addr, __value, __p);
2009:/home/min/snap/code/235/.local/share/stm32cube/bundles/gnu-tools-for-stm32/14.3.1+st.2/lib/gcc/arm-none-eabi/14.3.1/include/arm_mve.h **** }
2010:/home/min/snap/code/235/.local/share/stm32cube/bundles/gnu-tools-for-stm32/14.3.1+st.2/lib/gcc/arm-none-eabi/14.3.1/include/arm_mve.h **** 
2011:/home/min/snap/code/235/.local/share/stm32cube/bundles/gnu-tools-for-stm32/14.3.1+st.2/lib/gcc/arm-none-eabi/14.3.1/include/arm_mve.h **** __extension__ extern __inline void
2012:/home/min/snap/code/235/.local/share/stm32cube/bundles/gnu-tools-for-stm32/14.3.1+st.2/lib/gcc/arm-none-eabi/14.3.1/include/arm_mve.h **** __attribute__ ((__always_inline__, __gnu_inline__, __artificial__))
2013:/home/min/snap/code/235/.local/share/stm32cube/bundles/gnu-tools-for-stm32/14.3.1+st.2/lib/gcc/arm-none-eabi/14.3.1/include/arm_mve.h **** __arm_vstrhq_p_s16 (int16_t * __addr, int16x8_t __value, mve_pred16_t __p)
2014:/home/min/snap/code/235/.local/share/stm32cube/bundles/gnu-tools-for-stm32/14.3.1+st.2/lib/gcc/arm-none-eabi/14.3.1/include/arm_mve.h **** {
2015:/home/min/snap/code/235/.local/share/stm32cube/bundles/gnu-tools-for-stm32/14.3.1+st.2/lib/gcc/arm-none-eabi/14.3.1/include/arm_mve.h ****   __builtin_mve_vstrhq_p_sv8hi ((__builtin_neon_hi *) __addr, __value, __p);
2016:/home/min/snap/code/235/.local/share/stm32cube/bundles/gnu-tools-for-stm32/14.3.1+st.2/lib/gcc/arm-none-eabi/14.3.1/include/arm_mve.h **** }
2017:/home/min/snap/code/235/.local/share/stm32cube/bundles/gnu-tools-for-stm32/14.3.1+st.2/lib/gcc/arm-none-eabi/14.3.1/include/arm_mve.h **** 
2018:/home/min/snap/code/235/.local/share/stm32cube/bundles/gnu-tools-for-stm32/14.3.1+st.2/lib/gcc/arm-none-eabi/14.3.1/include/arm_mve.h **** __extension__ extern __inline void
2019:/home/min/snap/code/235/.local/share/stm32cube/bundles/gnu-tools-for-stm32/14.3.1+st.2/lib/gcc/arm-none-eabi/14.3.1/include/arm_mve.h **** __attribute__ ((__always_inline__, __gnu_inline__, __artificial__))
2020:/home/min/snap/code/235/.local/share/stm32cube/bundles/gnu-tools-for-stm32/14.3.1+st.2/lib/gcc/arm-none-eabi/14.3.1/include/arm_mve.h **** __arm_vstrhq_p_u32 (uint16_t * __addr, uint32x4_t __value, mve_pred16_t __p)
2021:/home/min/snap/code/235/.local/share/stm32cube/bundles/gnu-tools-for-stm32/14.3.1+st.2/lib/gcc/arm-none-eabi/14.3.1/include/arm_mve.h **** {
2022:/home/min/snap/code/235/.local/share/stm32cube/bundles/gnu-tools-for-stm32/14.3.1+st.2/lib/gcc/arm-none-eabi/14.3.1/include/arm_mve.h ****   __builtin_mve_vstrhq_p_uv4si ((__builtin_neon_hi *) __addr, __value, __p);
2023:/home/min/snap/code/235/.local/share/stm32cube/bundles/gnu-tools-for-stm32/14.3.1+st.2/lib/gcc/arm-none-eabi/14.3.1/include/arm_mve.h **** }
2024:/home/min/snap/code/235/.local/share/stm32cube/bundles/gnu-tools-for-stm32/14.3.1+st.2/lib/gcc/arm-none-eabi/14.3.1/include/arm_mve.h **** 
2025:/home/min/snap/code/235/.local/share/stm32cube/bundles/gnu-tools-for-stm32/14.3.1+st.2/lib/gcc/arm-none-eabi/14.3.1/include/arm_mve.h **** __extension__ extern __inline void
2026:/home/min/snap/code/235/.local/share/stm32cube/bundles/gnu-tools-for-stm32/14.3.1+st.2/lib/gcc/arm-none-eabi/14.3.1/include/arm_mve.h **** __attribute__ ((__always_inline__, __gnu_inline__, __artificial__))
2027:/home/min/snap/code/235/.local/share/stm32cube/bundles/gnu-tools-for-stm32/14.3.1+st.2/lib/gcc/arm-none-eabi/14.3.1/include/arm_mve.h **** __arm_vstrhq_p_u16 (uint16_t * __addr, uint16x8_t __value, mve_pred16_t __p)
2028:/home/min/snap/code/235/.local/share/stm32cube/bundles/gnu-tools-for-stm32/14.3.1+st.2/lib/gcc/arm-none-eabi/14.3.1/include/arm_mve.h **** {
2029:/home/min/snap/code/235/.local/share/stm32cube/bundles/gnu-tools-for-stm32/14.3.1+st.2/lib/gcc/arm-none-eabi/14.3.1/include/arm_mve.h ****   __builtin_mve_vstrhq_p_uv8hi ((__builtin_neon_hi *) __addr, __value, __p);
2030:/home/min/snap/code/235/.local/share/stm32cube/bundles/gnu-tools-for-stm32/14.3.1+st.2/lib/gcc/arm-none-eabi/14.3.1/include/arm_mve.h **** }
2031:/home/min/snap/code/235/.local/share/stm32cube/bundles/gnu-tools-for-stm32/14.3.1+st.2/lib/gcc/arm-none-eabi/14.3.1/include/arm_mve.h **** 
2032:/home/min/snap/code/235/.local/share/stm32cube/bundles/gnu-tools-for-stm32/14.3.1+st.2/lib/gcc/arm-none-eabi/14.3.1/include/arm_mve.h **** __extension__ extern __inline void
2033:/home/min/snap/code/235/.local/share/stm32cube/bundles/gnu-tools-for-stm32/14.3.1+st.2/lib/gcc/arm-none-eabi/14.3.1/include/arm_mve.h **** __attribute__ ((__always_inline__, __gnu_inline__, __artificial__))
2034:/home/min/snap/code/235/.local/share/stm32cube/bundles/gnu-tools-for-stm32/14.3.1+st.2/lib/gcc/arm-none-eabi/14.3.1/include/arm_mve.h **** __arm_vstrwq_s32 (int32_t * __addr, int32x4_t __value)
2035:/home/min/snap/code/235/.local/share/stm32cube/bundles/gnu-tools-for-stm32/14.3.1+st.2/lib/gcc/arm-none-eabi/14.3.1/include/arm_mve.h **** {
2036:/home/min/snap/code/235/.local/share/stm32cube/bundles/gnu-tools-for-stm32/14.3.1+st.2/lib/gcc/arm-none-eabi/14.3.1/include/arm_mve.h ****   __builtin_mve_vstrwq_sv4si ((__builtin_neon_si *) __addr, __value);
2037:/home/min/snap/code/235/.local/share/stm32cube/bundles/gnu-tools-for-stm32/14.3.1+st.2/lib/gcc/arm-none-eabi/14.3.1/include/arm_mve.h **** }
2038:/home/min/snap/code/235/.local/share/stm32cube/bundles/gnu-tools-for-stm32/14.3.1+st.2/lib/gcc/arm-none-eabi/14.3.1/include/arm_mve.h **** 
2039:/home/min/snap/code/235/.local/share/stm32cube/bundles/gnu-tools-for-stm32/14.3.1+st.2/lib/gcc/arm-none-eabi/14.3.1/include/arm_mve.h **** __extension__ extern __inline void
2040:/home/min/snap/code/235/.local/share/stm32cube/bundles/gnu-tools-for-stm32/14.3.1+st.2/lib/gcc/arm-none-eabi/14.3.1/include/arm_mve.h **** __attribute__ ((__always_inline__, __gnu_inline__, __artificial__))
2041:/home/min/snap/code/235/.local/share/stm32cube/bundles/gnu-tools-for-stm32/14.3.1+st.2/lib/gcc/arm-none-eabi/14.3.1/include/arm_mve.h **** __arm_vstrwq_u32 (uint32_t * __addr, uint32x4_t __value)
2042:/home/min/snap/code/235/.local/share/stm32cube/bundles/gnu-tools-for-stm32/14.3.1+st.2/lib/gcc/arm-none-eabi/14.3.1/include/arm_mve.h **** {
2043:/home/min/snap/code/235/.local/share/stm32cube/bundles/gnu-tools-for-stm32/14.3.1+st.2/lib/gcc/arm-none-eabi/14.3.1/include/arm_mve.h ****   __builtin_mve_vstrwq_uv4si ((__builtin_neon_si *) __addr, __value);
2044:/home/min/snap/code/235/.local/share/stm32cube/bundles/gnu-tools-for-stm32/14.3.1+st.2/lib/gcc/arm-none-eabi/14.3.1/include/arm_mve.h **** }
2045:/home/min/snap/code/235/.local/share/stm32cube/bundles/gnu-tools-for-stm32/14.3.1+st.2/lib/gcc/arm-none-eabi/14.3.1/include/arm_mve.h **** 
2046:/home/min/snap/code/235/.local/share/stm32cube/bundles/gnu-tools-for-stm32/14.3.1+st.2/lib/gcc/arm-none-eabi/14.3.1/include/arm_mve.h **** __extension__ extern __inline void
2047:/home/min/snap/code/235/.local/share/stm32cube/bundles/gnu-tools-for-stm32/14.3.1+st.2/lib/gcc/arm-none-eabi/14.3.1/include/arm_mve.h **** __attribute__ ((__always_inline__, __gnu_inline__, __artificial__))
2048:/home/min/snap/code/235/.local/share/stm32cube/bundles/gnu-tools-for-stm32/14.3.1+st.2/lib/gcc/arm-none-eabi/14.3.1/include/arm_mve.h **** __arm_vstrwq_p_s32 (int32_t * __addr, int32x4_t __value, mve_pred16_t __p)
2049:/home/min/snap/code/235/.local/share/stm32cube/bundles/gnu-tools-for-stm32/14.3.1+st.2/lib/gcc/arm-none-eabi/14.3.1/include/arm_mve.h **** {
2050:/home/min/snap/code/235/.local/share/stm32cube/bundles/gnu-tools-for-stm32/14.3.1+st.2/lib/gcc/arm-none-eabi/14.3.1/include/arm_mve.h ****   __builtin_mve_vstrwq_p_sv4si ((__builtin_neon_si *) __addr, __value, __p);
2051:/home/min/snap/code/235/.local/share/stm32cube/bundles/gnu-tools-for-stm32/14.3.1+st.2/lib/gcc/arm-none-eabi/14.3.1/include/arm_mve.h **** }
2052:/home/min/snap/code/235/.local/share/stm32cube/bundles/gnu-tools-for-stm32/14.3.1+st.2/lib/gcc/arm-none-eabi/14.3.1/include/arm_mve.h **** 
2053:/home/min/snap/code/235/.local/share/stm32cube/bundles/gnu-tools-for-stm32/14.3.1+st.2/lib/gcc/arm-none-eabi/14.3.1/include/arm_mve.h **** __extension__ extern __inline void
2054:/home/min/snap/code/235/.local/share/stm32cube/bundles/gnu-tools-for-stm32/14.3.1+st.2/lib/gcc/arm-none-eabi/14.3.1/include/arm_mve.h **** __attribute__ ((__always_inline__, __gnu_inline__, __artificial__))
2055:/home/min/snap/code/235/.local/share/stm32cube/bundles/gnu-tools-for-stm32/14.3.1+st.2/lib/gcc/arm-none-eabi/14.3.1/include/arm_mve.h **** __arm_vstrwq_p_u32 (uint32_t * __addr, uint32x4_t __value, mve_pred16_t __p)
2056:/home/min/snap/code/235/.local/share/stm32cube/bundles/gnu-tools-for-stm32/14.3.1+st.2/lib/gcc/arm-none-eabi/14.3.1/include/arm_mve.h **** {
2057:/home/min/snap/code/235/.local/share/stm32cube/bundles/gnu-tools-for-stm32/14.3.1+st.2/lib/gcc/arm-none-eabi/14.3.1/include/arm_mve.h ****   __builtin_mve_vstrwq_p_uv4si ((__builtin_neon_si *) __addr, __value, __p);
2058:/home/min/snap/code/235/.local/share/stm32cube/bundles/gnu-tools-for-stm32/14.3.1+st.2/lib/gcc/arm-none-eabi/14.3.1/include/arm_mve.h **** }
2059:/home/min/snap/code/235/.local/share/stm32cube/bundles/gnu-tools-for-stm32/14.3.1+st.2/lib/gcc/arm-none-eabi/14.3.1/include/arm_mve.h **** 
2060:/home/min/snap/code/235/.local/share/stm32cube/bundles/gnu-tools-for-stm32/14.3.1+st.2/lib/gcc/arm-none-eabi/14.3.1/include/arm_mve.h **** __extension__ extern __inline void
2061:/home/min/snap/code/235/.local/share/stm32cube/bundles/gnu-tools-for-stm32/14.3.1+st.2/lib/gcc/arm-none-eabi/14.3.1/include/arm_mve.h **** __attribute__ ((__always_inline__, __gnu_inline__, __artificial__))
2062:/home/min/snap/code/235/.local/share/stm32cube/bundles/gnu-tools-for-stm32/14.3.1+st.2/lib/gcc/arm-none-eabi/14.3.1/include/arm_mve.h **** __arm_vstrdq_scatter_base_p_s64 (uint64x2_t __addr, const int __offset, int64x2_t __value, mve_pred
2063:/home/min/snap/code/235/.local/share/stm32cube/bundles/gnu-tools-for-stm32/14.3.1+st.2/lib/gcc/arm-none-eabi/14.3.1/include/arm_mve.h **** {
ARM GAS  /tmp/cc1JbEzq.s 			page 39


2064:/home/min/snap/code/235/.local/share/stm32cube/bundles/gnu-tools-for-stm32/14.3.1+st.2/lib/gcc/arm-none-eabi/14.3.1/include/arm_mve.h ****   __builtin_mve_vstrdq_scatter_base_p_sv2di (__addr, __offset, __value, __p);
2065:/home/min/snap/code/235/.local/share/stm32cube/bundles/gnu-tools-for-stm32/14.3.1+st.2/lib/gcc/arm-none-eabi/14.3.1/include/arm_mve.h **** }
2066:/home/min/snap/code/235/.local/share/stm32cube/bundles/gnu-tools-for-stm32/14.3.1+st.2/lib/gcc/arm-none-eabi/14.3.1/include/arm_mve.h **** 
2067:/home/min/snap/code/235/.local/share/stm32cube/bundles/gnu-tools-for-stm32/14.3.1+st.2/lib/gcc/arm-none-eabi/14.3.1/include/arm_mve.h **** __extension__ extern __inline void
2068:/home/min/snap/code/235/.local/share/stm32cube/bundles/gnu-tools-for-stm32/14.3.1+st.2/lib/gcc/arm-none-eabi/14.3.1/include/arm_mve.h **** __attribute__ ((__always_inline__, __gnu_inline__, __artificial__))
2069:/home/min/snap/code/235/.local/share/stm32cube/bundles/gnu-tools-for-stm32/14.3.1+st.2/lib/gcc/arm-none-eabi/14.3.1/include/arm_mve.h **** __arm_vstrdq_scatter_base_p_u64 (uint64x2_t __addr, const int __offset, uint64x2_t __value, mve_pre
2070:/home/min/snap/code/235/.local/share/stm32cube/bundles/gnu-tools-for-stm32/14.3.1+st.2/lib/gcc/arm-none-eabi/14.3.1/include/arm_mve.h **** {
2071:/home/min/snap/code/235/.local/share/stm32cube/bundles/gnu-tools-for-stm32/14.3.1+st.2/lib/gcc/arm-none-eabi/14.3.1/include/arm_mve.h ****   __builtin_mve_vstrdq_scatter_base_p_uv2di (__addr, __offset, __value, __p);
2072:/home/min/snap/code/235/.local/share/stm32cube/bundles/gnu-tools-for-stm32/14.3.1+st.2/lib/gcc/arm-none-eabi/14.3.1/include/arm_mve.h **** }
2073:/home/min/snap/code/235/.local/share/stm32cube/bundles/gnu-tools-for-stm32/14.3.1+st.2/lib/gcc/arm-none-eabi/14.3.1/include/arm_mve.h **** 
2074:/home/min/snap/code/235/.local/share/stm32cube/bundles/gnu-tools-for-stm32/14.3.1+st.2/lib/gcc/arm-none-eabi/14.3.1/include/arm_mve.h **** __extension__ extern __inline void
2075:/home/min/snap/code/235/.local/share/stm32cube/bundles/gnu-tools-for-stm32/14.3.1+st.2/lib/gcc/arm-none-eabi/14.3.1/include/arm_mve.h **** __attribute__ ((__always_inline__, __gnu_inline__, __artificial__))
2076:/home/min/snap/code/235/.local/share/stm32cube/bundles/gnu-tools-for-stm32/14.3.1+st.2/lib/gcc/arm-none-eabi/14.3.1/include/arm_mve.h **** __arm_vstrdq_scatter_base_s64 (uint64x2_t __addr, const int __offset, int64x2_t __value)
2077:/home/min/snap/code/235/.local/share/stm32cube/bundles/gnu-tools-for-stm32/14.3.1+st.2/lib/gcc/arm-none-eabi/14.3.1/include/arm_mve.h **** {
2078:/home/min/snap/code/235/.local/share/stm32cube/bundles/gnu-tools-for-stm32/14.3.1+st.2/lib/gcc/arm-none-eabi/14.3.1/include/arm_mve.h ****   __builtin_mve_vstrdq_scatter_base_sv2di (__addr, __offset, __value);
2079:/home/min/snap/code/235/.local/share/stm32cube/bundles/gnu-tools-for-stm32/14.3.1+st.2/lib/gcc/arm-none-eabi/14.3.1/include/arm_mve.h **** }
2080:/home/min/snap/code/235/.local/share/stm32cube/bundles/gnu-tools-for-stm32/14.3.1+st.2/lib/gcc/arm-none-eabi/14.3.1/include/arm_mve.h **** 
2081:/home/min/snap/code/235/.local/share/stm32cube/bundles/gnu-tools-for-stm32/14.3.1+st.2/lib/gcc/arm-none-eabi/14.3.1/include/arm_mve.h **** __extension__ extern __inline void
2082:/home/min/snap/code/235/.local/share/stm32cube/bundles/gnu-tools-for-stm32/14.3.1+st.2/lib/gcc/arm-none-eabi/14.3.1/include/arm_mve.h **** __attribute__ ((__always_inline__, __gnu_inline__, __artificial__))
2083:/home/min/snap/code/235/.local/share/stm32cube/bundles/gnu-tools-for-stm32/14.3.1+st.2/lib/gcc/arm-none-eabi/14.3.1/include/arm_mve.h **** __arm_vstrdq_scatter_base_u64 (uint64x2_t __addr, const int __offset, uint64x2_t __value)
2084:/home/min/snap/code/235/.local/share/stm32cube/bundles/gnu-tools-for-stm32/14.3.1+st.2/lib/gcc/arm-none-eabi/14.3.1/include/arm_mve.h **** {
2085:/home/min/snap/code/235/.local/share/stm32cube/bundles/gnu-tools-for-stm32/14.3.1+st.2/lib/gcc/arm-none-eabi/14.3.1/include/arm_mve.h ****   __builtin_mve_vstrdq_scatter_base_uv2di (__addr, __offset, __value);
2086:/home/min/snap/code/235/.local/share/stm32cube/bundles/gnu-tools-for-stm32/14.3.1+st.2/lib/gcc/arm-none-eabi/14.3.1/include/arm_mve.h **** }
2087:/home/min/snap/code/235/.local/share/stm32cube/bundles/gnu-tools-for-stm32/14.3.1+st.2/lib/gcc/arm-none-eabi/14.3.1/include/arm_mve.h **** 
2088:/home/min/snap/code/235/.local/share/stm32cube/bundles/gnu-tools-for-stm32/14.3.1+st.2/lib/gcc/arm-none-eabi/14.3.1/include/arm_mve.h **** __extension__ extern __inline void
2089:/home/min/snap/code/235/.local/share/stm32cube/bundles/gnu-tools-for-stm32/14.3.1+st.2/lib/gcc/arm-none-eabi/14.3.1/include/arm_mve.h **** __attribute__ ((__always_inline__, __gnu_inline__, __artificial__))
2090:/home/min/snap/code/235/.local/share/stm32cube/bundles/gnu-tools-for-stm32/14.3.1+st.2/lib/gcc/arm-none-eabi/14.3.1/include/arm_mve.h **** __arm_vstrdq_scatter_offset_p_s64 (int64_t * __base, uint64x2_t __offset, int64x2_t __value, mve_pr
2091:/home/min/snap/code/235/.local/share/stm32cube/bundles/gnu-tools-for-stm32/14.3.1+st.2/lib/gcc/arm-none-eabi/14.3.1/include/arm_mve.h **** {
2092:/home/min/snap/code/235/.local/share/stm32cube/bundles/gnu-tools-for-stm32/14.3.1+st.2/lib/gcc/arm-none-eabi/14.3.1/include/arm_mve.h ****   __builtin_mve_vstrdq_scatter_offset_p_sv2di ((__builtin_neon_di *) __base, __offset, __value, __p
2093:/home/min/snap/code/235/.local/share/stm32cube/bundles/gnu-tools-for-stm32/14.3.1+st.2/lib/gcc/arm-none-eabi/14.3.1/include/arm_mve.h **** }
2094:/home/min/snap/code/235/.local/share/stm32cube/bundles/gnu-tools-for-stm32/14.3.1+st.2/lib/gcc/arm-none-eabi/14.3.1/include/arm_mve.h **** 
2095:/home/min/snap/code/235/.local/share/stm32cube/bundles/gnu-tools-for-stm32/14.3.1+st.2/lib/gcc/arm-none-eabi/14.3.1/include/arm_mve.h **** __extension__ extern __inline void
2096:/home/min/snap/code/235/.local/share/stm32cube/bundles/gnu-tools-for-stm32/14.3.1+st.2/lib/gcc/arm-none-eabi/14.3.1/include/arm_mve.h **** __attribute__ ((__always_inline__, __gnu_inline__, __artificial__))
2097:/home/min/snap/code/235/.local/share/stm32cube/bundles/gnu-tools-for-stm32/14.3.1+st.2/lib/gcc/arm-none-eabi/14.3.1/include/arm_mve.h **** __arm_vstrdq_scatter_offset_p_u64 (uint64_t * __base, uint64x2_t __offset, uint64x2_t __value, mve_
2098:/home/min/snap/code/235/.local/share/stm32cube/bundles/gnu-tools-for-stm32/14.3.1+st.2/lib/gcc/arm-none-eabi/14.3.1/include/arm_mve.h **** {
2099:/home/min/snap/code/235/.local/share/stm32cube/bundles/gnu-tools-for-stm32/14.3.1+st.2/lib/gcc/arm-none-eabi/14.3.1/include/arm_mve.h ****   __builtin_mve_vstrdq_scatter_offset_p_uv2di ((__builtin_neon_di *) __base, __offset, __value, __p
2100:/home/min/snap/code/235/.local/share/stm32cube/bundles/gnu-tools-for-stm32/14.3.1+st.2/lib/gcc/arm-none-eabi/14.3.1/include/arm_mve.h **** }
2101:/home/min/snap/code/235/.local/share/stm32cube/bundles/gnu-tools-for-stm32/14.3.1+st.2/lib/gcc/arm-none-eabi/14.3.1/include/arm_mve.h **** 
2102:/home/min/snap/code/235/.local/share/stm32cube/bundles/gnu-tools-for-stm32/14.3.1+st.2/lib/gcc/arm-none-eabi/14.3.1/include/arm_mve.h **** __extension__ extern __inline void
2103:/home/min/snap/code/235/.local/share/stm32cube/bundles/gnu-tools-for-stm32/14.3.1+st.2/lib/gcc/arm-none-eabi/14.3.1/include/arm_mve.h **** __attribute__ ((__always_inline__, __gnu_inline__, __artificial__))
2104:/home/min/snap/code/235/.local/share/stm32cube/bundles/gnu-tools-for-stm32/14.3.1+st.2/lib/gcc/arm-none-eabi/14.3.1/include/arm_mve.h **** __arm_vstrdq_scatter_offset_s64 (int64_t * __base, uint64x2_t __offset, int64x2_t __value)
2105:/home/min/snap/code/235/.local/share/stm32cube/bundles/gnu-tools-for-stm32/14.3.1+st.2/lib/gcc/arm-none-eabi/14.3.1/include/arm_mve.h **** {
2106:/home/min/snap/code/235/.local/share/stm32cube/bundles/gnu-tools-for-stm32/14.3.1+st.2/lib/gcc/arm-none-eabi/14.3.1/include/arm_mve.h ****   __builtin_mve_vstrdq_scatter_offset_sv2di ((__builtin_neon_di *) __base, __offset, __value);
2107:/home/min/snap/code/235/.local/share/stm32cube/bundles/gnu-tools-for-stm32/14.3.1+st.2/lib/gcc/arm-none-eabi/14.3.1/include/arm_mve.h **** }
2108:/home/min/snap/code/235/.local/share/stm32cube/bundles/gnu-tools-for-stm32/14.3.1+st.2/lib/gcc/arm-none-eabi/14.3.1/include/arm_mve.h **** 
2109:/home/min/snap/code/235/.local/share/stm32cube/bundles/gnu-tools-for-stm32/14.3.1+st.2/lib/gcc/arm-none-eabi/14.3.1/include/arm_mve.h **** __extension__ extern __inline void
2110:/home/min/snap/code/235/.local/share/stm32cube/bundles/gnu-tools-for-stm32/14.3.1+st.2/lib/gcc/arm-none-eabi/14.3.1/include/arm_mve.h **** __attribute__ ((__always_inline__, __gnu_inline__, __artificial__))
2111:/home/min/snap/code/235/.local/share/stm32cube/bundles/gnu-tools-for-stm32/14.3.1+st.2/lib/gcc/arm-none-eabi/14.3.1/include/arm_mve.h **** __arm_vstrdq_scatter_offset_u64 (uint64_t * __base, uint64x2_t __offset, uint64x2_t __value)
2112:/home/min/snap/code/235/.local/share/stm32cube/bundles/gnu-tools-for-stm32/14.3.1+st.2/lib/gcc/arm-none-eabi/14.3.1/include/arm_mve.h **** {
2113:/home/min/snap/code/235/.local/share/stm32cube/bundles/gnu-tools-for-stm32/14.3.1+st.2/lib/gcc/arm-none-eabi/14.3.1/include/arm_mve.h ****   __builtin_mve_vstrdq_scatter_offset_uv2di ((__builtin_neon_di *) __base, __offset, __value);
2114:/home/min/snap/code/235/.local/share/stm32cube/bundles/gnu-tools-for-stm32/14.3.1+st.2/lib/gcc/arm-none-eabi/14.3.1/include/arm_mve.h **** }
2115:/home/min/snap/code/235/.local/share/stm32cube/bundles/gnu-tools-for-stm32/14.3.1+st.2/lib/gcc/arm-none-eabi/14.3.1/include/arm_mve.h **** 
2116:/home/min/snap/code/235/.local/share/stm32cube/bundles/gnu-tools-for-stm32/14.3.1+st.2/lib/gcc/arm-none-eabi/14.3.1/include/arm_mve.h **** __extension__ extern __inline void
2117:/home/min/snap/code/235/.local/share/stm32cube/bundles/gnu-tools-for-stm32/14.3.1+st.2/lib/gcc/arm-none-eabi/14.3.1/include/arm_mve.h **** __attribute__ ((__always_inline__, __gnu_inline__, __artificial__))
2118:/home/min/snap/code/235/.local/share/stm32cube/bundles/gnu-tools-for-stm32/14.3.1+st.2/lib/gcc/arm-none-eabi/14.3.1/include/arm_mve.h **** __arm_vstrdq_scatter_shifted_offset_p_s64 (int64_t * __base, uint64x2_t __offset, int64x2_t __value
2119:/home/min/snap/code/235/.local/share/stm32cube/bundles/gnu-tools-for-stm32/14.3.1+st.2/lib/gcc/arm-none-eabi/14.3.1/include/arm_mve.h **** {
2120:/home/min/snap/code/235/.local/share/stm32cube/bundles/gnu-tools-for-stm32/14.3.1+st.2/lib/gcc/arm-none-eabi/14.3.1/include/arm_mve.h ****   __builtin_mve_vstrdq_scatter_shifted_offset_p_sv2di ((__builtin_neon_di *) __base, __offset, __va
ARM GAS  /tmp/cc1JbEzq.s 			page 40


2121:/home/min/snap/code/235/.local/share/stm32cube/bundles/gnu-tools-for-stm32/14.3.1+st.2/lib/gcc/arm-none-eabi/14.3.1/include/arm_mve.h **** }
2122:/home/min/snap/code/235/.local/share/stm32cube/bundles/gnu-tools-for-stm32/14.3.1+st.2/lib/gcc/arm-none-eabi/14.3.1/include/arm_mve.h **** 
2123:/home/min/snap/code/235/.local/share/stm32cube/bundles/gnu-tools-for-stm32/14.3.1+st.2/lib/gcc/arm-none-eabi/14.3.1/include/arm_mve.h **** __extension__ extern __inline void
2124:/home/min/snap/code/235/.local/share/stm32cube/bundles/gnu-tools-for-stm32/14.3.1+st.2/lib/gcc/arm-none-eabi/14.3.1/include/arm_mve.h **** __attribute__ ((__always_inline__, __gnu_inline__, __artificial__))
2125:/home/min/snap/code/235/.local/share/stm32cube/bundles/gnu-tools-for-stm32/14.3.1+st.2/lib/gcc/arm-none-eabi/14.3.1/include/arm_mve.h **** __arm_vstrdq_scatter_shifted_offset_p_u64 (uint64_t * __base, uint64x2_t __offset, uint64x2_t __val
2126:/home/min/snap/code/235/.local/share/stm32cube/bundles/gnu-tools-for-stm32/14.3.1+st.2/lib/gcc/arm-none-eabi/14.3.1/include/arm_mve.h **** {
2127:/home/min/snap/code/235/.local/share/stm32cube/bundles/gnu-tools-for-stm32/14.3.1+st.2/lib/gcc/arm-none-eabi/14.3.1/include/arm_mve.h ****   __builtin_mve_vstrdq_scatter_shifted_offset_p_uv2di ((__builtin_neon_di *) __base, __offset, __va
2128:/home/min/snap/code/235/.local/share/stm32cube/bundles/gnu-tools-for-stm32/14.3.1+st.2/lib/gcc/arm-none-eabi/14.3.1/include/arm_mve.h **** }
2129:/home/min/snap/code/235/.local/share/stm32cube/bundles/gnu-tools-for-stm32/14.3.1+st.2/lib/gcc/arm-none-eabi/14.3.1/include/arm_mve.h **** 
2130:/home/min/snap/code/235/.local/share/stm32cube/bundles/gnu-tools-for-stm32/14.3.1+st.2/lib/gcc/arm-none-eabi/14.3.1/include/arm_mve.h **** __extension__ extern __inline void
2131:/home/min/snap/code/235/.local/share/stm32cube/bundles/gnu-tools-for-stm32/14.3.1+st.2/lib/gcc/arm-none-eabi/14.3.1/include/arm_mve.h **** __attribute__ ((__always_inline__, __gnu_inline__, __artificial__))
2132:/home/min/snap/code/235/.local/share/stm32cube/bundles/gnu-tools-for-stm32/14.3.1+st.2/lib/gcc/arm-none-eabi/14.3.1/include/arm_mve.h **** __arm_vstrdq_scatter_shifted_offset_s64 (int64_t * __base, uint64x2_t __offset, int64x2_t __value)
2133:/home/min/snap/code/235/.local/share/stm32cube/bundles/gnu-tools-for-stm32/14.3.1+st.2/lib/gcc/arm-none-eabi/14.3.1/include/arm_mve.h **** {
2134:/home/min/snap/code/235/.local/share/stm32cube/bundles/gnu-tools-for-stm32/14.3.1+st.2/lib/gcc/arm-none-eabi/14.3.1/include/arm_mve.h ****   __builtin_mve_vstrdq_scatter_shifted_offset_sv2di ((__builtin_neon_di *) __base, __offset, __valu
2135:/home/min/snap/code/235/.local/share/stm32cube/bundles/gnu-tools-for-stm32/14.3.1+st.2/lib/gcc/arm-none-eabi/14.3.1/include/arm_mve.h **** }
2136:/home/min/snap/code/235/.local/share/stm32cube/bundles/gnu-tools-for-stm32/14.3.1+st.2/lib/gcc/arm-none-eabi/14.3.1/include/arm_mve.h **** 
2137:/home/min/snap/code/235/.local/share/stm32cube/bundles/gnu-tools-for-stm32/14.3.1+st.2/lib/gcc/arm-none-eabi/14.3.1/include/arm_mve.h **** __extension__ extern __inline void
2138:/home/min/snap/code/235/.local/share/stm32cube/bundles/gnu-tools-for-stm32/14.3.1+st.2/lib/gcc/arm-none-eabi/14.3.1/include/arm_mve.h **** __attribute__ ((__always_inline__, __gnu_inline__, __artificial__))
2139:/home/min/snap/code/235/.local/share/stm32cube/bundles/gnu-tools-for-stm32/14.3.1+st.2/lib/gcc/arm-none-eabi/14.3.1/include/arm_mve.h **** __arm_vstrdq_scatter_shifted_offset_u64 (uint64_t * __base, uint64x2_t __offset, uint64x2_t __value
2140:/home/min/snap/code/235/.local/share/stm32cube/bundles/gnu-tools-for-stm32/14.3.1+st.2/lib/gcc/arm-none-eabi/14.3.1/include/arm_mve.h **** {
2141:/home/min/snap/code/235/.local/share/stm32cube/bundles/gnu-tools-for-stm32/14.3.1+st.2/lib/gcc/arm-none-eabi/14.3.1/include/arm_mve.h ****   __builtin_mve_vstrdq_scatter_shifted_offset_uv2di ((__builtin_neon_di *) __base, __offset, __valu
2142:/home/min/snap/code/235/.local/share/stm32cube/bundles/gnu-tools-for-stm32/14.3.1+st.2/lib/gcc/arm-none-eabi/14.3.1/include/arm_mve.h **** }
2143:/home/min/snap/code/235/.local/share/stm32cube/bundles/gnu-tools-for-stm32/14.3.1+st.2/lib/gcc/arm-none-eabi/14.3.1/include/arm_mve.h **** 
2144:/home/min/snap/code/235/.local/share/stm32cube/bundles/gnu-tools-for-stm32/14.3.1+st.2/lib/gcc/arm-none-eabi/14.3.1/include/arm_mve.h **** __extension__ extern __inline void
2145:/home/min/snap/code/235/.local/share/stm32cube/bundles/gnu-tools-for-stm32/14.3.1+st.2/lib/gcc/arm-none-eabi/14.3.1/include/arm_mve.h **** __attribute__ ((__always_inline__, __gnu_inline__, __artificial__))
2146:/home/min/snap/code/235/.local/share/stm32cube/bundles/gnu-tools-for-stm32/14.3.1+st.2/lib/gcc/arm-none-eabi/14.3.1/include/arm_mve.h **** __arm_vstrwq_scatter_offset_p_s32 (int32_t * __base, uint32x4_t __offset, int32x4_t __value, mve_pr
2147:/home/min/snap/code/235/.local/share/stm32cube/bundles/gnu-tools-for-stm32/14.3.1+st.2/lib/gcc/arm-none-eabi/14.3.1/include/arm_mve.h **** {
2148:/home/min/snap/code/235/.local/share/stm32cube/bundles/gnu-tools-for-stm32/14.3.1+st.2/lib/gcc/arm-none-eabi/14.3.1/include/arm_mve.h ****   __builtin_mve_vstrwq_scatter_offset_p_sv4si ((__builtin_neon_si *) __base, __offset, __value, __p
2149:/home/min/snap/code/235/.local/share/stm32cube/bundles/gnu-tools-for-stm32/14.3.1+st.2/lib/gcc/arm-none-eabi/14.3.1/include/arm_mve.h **** }
2150:/home/min/snap/code/235/.local/share/stm32cube/bundles/gnu-tools-for-stm32/14.3.1+st.2/lib/gcc/arm-none-eabi/14.3.1/include/arm_mve.h **** 
2151:/home/min/snap/code/235/.local/share/stm32cube/bundles/gnu-tools-for-stm32/14.3.1+st.2/lib/gcc/arm-none-eabi/14.3.1/include/arm_mve.h **** __extension__ extern __inline void
2152:/home/min/snap/code/235/.local/share/stm32cube/bundles/gnu-tools-for-stm32/14.3.1+st.2/lib/gcc/arm-none-eabi/14.3.1/include/arm_mve.h **** __attribute__ ((__always_inline__, __gnu_inline__, __artificial__))
2153:/home/min/snap/code/235/.local/share/stm32cube/bundles/gnu-tools-for-stm32/14.3.1+st.2/lib/gcc/arm-none-eabi/14.3.1/include/arm_mve.h **** __arm_vstrwq_scatter_offset_p_u32 (uint32_t * __base, uint32x4_t __offset, uint32x4_t __value, mve_
2154:/home/min/snap/code/235/.local/share/stm32cube/bundles/gnu-tools-for-stm32/14.3.1+st.2/lib/gcc/arm-none-eabi/14.3.1/include/arm_mve.h **** {
2155:/home/min/snap/code/235/.local/share/stm32cube/bundles/gnu-tools-for-stm32/14.3.1+st.2/lib/gcc/arm-none-eabi/14.3.1/include/arm_mve.h ****   __builtin_mve_vstrwq_scatter_offset_p_uv4si ((__builtin_neon_si *) __base, __offset, __value, __p
2156:/home/min/snap/code/235/.local/share/stm32cube/bundles/gnu-tools-for-stm32/14.3.1+st.2/lib/gcc/arm-none-eabi/14.3.1/include/arm_mve.h **** }
2157:/home/min/snap/code/235/.local/share/stm32cube/bundles/gnu-tools-for-stm32/14.3.1+st.2/lib/gcc/arm-none-eabi/14.3.1/include/arm_mve.h **** 
2158:/home/min/snap/code/235/.local/share/stm32cube/bundles/gnu-tools-for-stm32/14.3.1+st.2/lib/gcc/arm-none-eabi/14.3.1/include/arm_mve.h **** __extension__ extern __inline void
2159:/home/min/snap/code/235/.local/share/stm32cube/bundles/gnu-tools-for-stm32/14.3.1+st.2/lib/gcc/arm-none-eabi/14.3.1/include/arm_mve.h **** __attribute__ ((__always_inline__, __gnu_inline__, __artificial__))
2160:/home/min/snap/code/235/.local/share/stm32cube/bundles/gnu-tools-for-stm32/14.3.1+st.2/lib/gcc/arm-none-eabi/14.3.1/include/arm_mve.h **** __arm_vstrwq_scatter_offset_s32 (int32_t * __base, uint32x4_t __offset, int32x4_t __value)
2161:/home/min/snap/code/235/.local/share/stm32cube/bundles/gnu-tools-for-stm32/14.3.1+st.2/lib/gcc/arm-none-eabi/14.3.1/include/arm_mve.h **** {
2162:/home/min/snap/code/235/.local/share/stm32cube/bundles/gnu-tools-for-stm32/14.3.1+st.2/lib/gcc/arm-none-eabi/14.3.1/include/arm_mve.h ****   __builtin_mve_vstrwq_scatter_offset_sv4si ((__builtin_neon_si *) __base, __offset, __value);
2163:/home/min/snap/code/235/.local/share/stm32cube/bundles/gnu-tools-for-stm32/14.3.1+st.2/lib/gcc/arm-none-eabi/14.3.1/include/arm_mve.h **** }
2164:/home/min/snap/code/235/.local/share/stm32cube/bundles/gnu-tools-for-stm32/14.3.1+st.2/lib/gcc/arm-none-eabi/14.3.1/include/arm_mve.h **** 
2165:/home/min/snap/code/235/.local/share/stm32cube/bundles/gnu-tools-for-stm32/14.3.1+st.2/lib/gcc/arm-none-eabi/14.3.1/include/arm_mve.h **** __extension__ extern __inline void
2166:/home/min/snap/code/235/.local/share/stm32cube/bundles/gnu-tools-for-stm32/14.3.1+st.2/lib/gcc/arm-none-eabi/14.3.1/include/arm_mve.h **** __attribute__ ((__always_inline__, __gnu_inline__, __artificial__))
2167:/home/min/snap/code/235/.local/share/stm32cube/bundles/gnu-tools-for-stm32/14.3.1+st.2/lib/gcc/arm-none-eabi/14.3.1/include/arm_mve.h **** __arm_vstrwq_scatter_offset_u32 (uint32_t * __base, uint32x4_t __offset, uint32x4_t __value)
2168:/home/min/snap/code/235/.local/share/stm32cube/bundles/gnu-tools-for-stm32/14.3.1+st.2/lib/gcc/arm-none-eabi/14.3.1/include/arm_mve.h **** {
2169:/home/min/snap/code/235/.local/share/stm32cube/bundles/gnu-tools-for-stm32/14.3.1+st.2/lib/gcc/arm-none-eabi/14.3.1/include/arm_mve.h ****   __builtin_mve_vstrwq_scatter_offset_uv4si ((__builtin_neon_si *) __base, __offset, __value);
2170:/home/min/snap/code/235/.local/share/stm32cube/bundles/gnu-tools-for-stm32/14.3.1+st.2/lib/gcc/arm-none-eabi/14.3.1/include/arm_mve.h **** }
2171:/home/min/snap/code/235/.local/share/stm32cube/bundles/gnu-tools-for-stm32/14.3.1+st.2/lib/gcc/arm-none-eabi/14.3.1/include/arm_mve.h **** 
2172:/home/min/snap/code/235/.local/share/stm32cube/bundles/gnu-tools-for-stm32/14.3.1+st.2/lib/gcc/arm-none-eabi/14.3.1/include/arm_mve.h **** __extension__ extern __inline void
2173:/home/min/snap/code/235/.local/share/stm32cube/bundles/gnu-tools-for-stm32/14.3.1+st.2/lib/gcc/arm-none-eabi/14.3.1/include/arm_mve.h **** __attribute__ ((__always_inline__, __gnu_inline__, __artificial__))
2174:/home/min/snap/code/235/.local/share/stm32cube/bundles/gnu-tools-for-stm32/14.3.1+st.2/lib/gcc/arm-none-eabi/14.3.1/include/arm_mve.h **** __arm_vstrwq_scatter_shifted_offset_p_s32 (int32_t * __base, uint32x4_t __offset, int32x4_t __value
2175:/home/min/snap/code/235/.local/share/stm32cube/bundles/gnu-tools-for-stm32/14.3.1+st.2/lib/gcc/arm-none-eabi/14.3.1/include/arm_mve.h **** {
2176:/home/min/snap/code/235/.local/share/stm32cube/bundles/gnu-tools-for-stm32/14.3.1+st.2/lib/gcc/arm-none-eabi/14.3.1/include/arm_mve.h ****   __builtin_mve_vstrwq_scatter_shifted_offset_p_sv4si ((__builtin_neon_si *) __base, __offset, __va
2177:/home/min/snap/code/235/.local/share/stm32cube/bundles/gnu-tools-for-stm32/14.3.1+st.2/lib/gcc/arm-none-eabi/14.3.1/include/arm_mve.h **** }
ARM GAS  /tmp/cc1JbEzq.s 			page 41


2178:/home/min/snap/code/235/.local/share/stm32cube/bundles/gnu-tools-for-stm32/14.3.1+st.2/lib/gcc/arm-none-eabi/14.3.1/include/arm_mve.h **** 
2179:/home/min/snap/code/235/.local/share/stm32cube/bundles/gnu-tools-for-stm32/14.3.1+st.2/lib/gcc/arm-none-eabi/14.3.1/include/arm_mve.h **** __extension__ extern __inline void
2180:/home/min/snap/code/235/.local/share/stm32cube/bundles/gnu-tools-for-stm32/14.3.1+st.2/lib/gcc/arm-none-eabi/14.3.1/include/arm_mve.h **** __attribute__ ((__always_inline__, __gnu_inline__, __artificial__))
2181:/home/min/snap/code/235/.local/share/stm32cube/bundles/gnu-tools-for-stm32/14.3.1+st.2/lib/gcc/arm-none-eabi/14.3.1/include/arm_mve.h **** __arm_vstrwq_scatter_shifted_offset_p_u32 (uint32_t * __base, uint32x4_t __offset, uint32x4_t __val
2182:/home/min/snap/code/235/.local/share/stm32cube/bundles/gnu-tools-for-stm32/14.3.1+st.2/lib/gcc/arm-none-eabi/14.3.1/include/arm_mve.h **** {
2183:/home/min/snap/code/235/.local/share/stm32cube/bundles/gnu-tools-for-stm32/14.3.1+st.2/lib/gcc/arm-none-eabi/14.3.1/include/arm_mve.h ****   __builtin_mve_vstrwq_scatter_shifted_offset_p_uv4si ((__builtin_neon_si *) __base, __offset, __va
2184:/home/min/snap/code/235/.local/share/stm32cube/bundles/gnu-tools-for-stm32/14.3.1+st.2/lib/gcc/arm-none-eabi/14.3.1/include/arm_mve.h **** }
2185:/home/min/snap/code/235/.local/share/stm32cube/bundles/gnu-tools-for-stm32/14.3.1+st.2/lib/gcc/arm-none-eabi/14.3.1/include/arm_mve.h **** 
2186:/home/min/snap/code/235/.local/share/stm32cube/bundles/gnu-tools-for-stm32/14.3.1+st.2/lib/gcc/arm-none-eabi/14.3.1/include/arm_mve.h **** __extension__ extern __inline void
2187:/home/min/snap/code/235/.local/share/stm32cube/bundles/gnu-tools-for-stm32/14.3.1+st.2/lib/gcc/arm-none-eabi/14.3.1/include/arm_mve.h **** __attribute__ ((__always_inline__, __gnu_inline__, __artificial__))
2188:/home/min/snap/code/235/.local/share/stm32cube/bundles/gnu-tools-for-stm32/14.3.1+st.2/lib/gcc/arm-none-eabi/14.3.1/include/arm_mve.h **** __arm_vstrwq_scatter_shifted_offset_s32 (int32_t * __base, uint32x4_t __offset, int32x4_t __value)
2189:/home/min/snap/code/235/.local/share/stm32cube/bundles/gnu-tools-for-stm32/14.3.1+st.2/lib/gcc/arm-none-eabi/14.3.1/include/arm_mve.h **** {
2190:/home/min/snap/code/235/.local/share/stm32cube/bundles/gnu-tools-for-stm32/14.3.1+st.2/lib/gcc/arm-none-eabi/14.3.1/include/arm_mve.h ****   __builtin_mve_vstrwq_scatter_shifted_offset_sv4si ((__builtin_neon_si *) __base, __offset, __valu
2191:/home/min/snap/code/235/.local/share/stm32cube/bundles/gnu-tools-for-stm32/14.3.1+st.2/lib/gcc/arm-none-eabi/14.3.1/include/arm_mve.h **** }
2192:/home/min/snap/code/235/.local/share/stm32cube/bundles/gnu-tools-for-stm32/14.3.1+st.2/lib/gcc/arm-none-eabi/14.3.1/include/arm_mve.h **** 
2193:/home/min/snap/code/235/.local/share/stm32cube/bundles/gnu-tools-for-stm32/14.3.1+st.2/lib/gcc/arm-none-eabi/14.3.1/include/arm_mve.h **** __extension__ extern __inline void
2194:/home/min/snap/code/235/.local/share/stm32cube/bundles/gnu-tools-for-stm32/14.3.1+st.2/lib/gcc/arm-none-eabi/14.3.1/include/arm_mve.h **** __attribute__ ((__always_inline__, __gnu_inline__, __artificial__))
2195:/home/min/snap/code/235/.local/share/stm32cube/bundles/gnu-tools-for-stm32/14.3.1+st.2/lib/gcc/arm-none-eabi/14.3.1/include/arm_mve.h **** __arm_vstrwq_scatter_shifted_offset_u32 (uint32_t * __base, uint32x4_t __offset, uint32x4_t __value
2196:/home/min/snap/code/235/.local/share/stm32cube/bundles/gnu-tools-for-stm32/14.3.1+st.2/lib/gcc/arm-none-eabi/14.3.1/include/arm_mve.h **** {
2197:/home/min/snap/code/235/.local/share/stm32cube/bundles/gnu-tools-for-stm32/14.3.1+st.2/lib/gcc/arm-none-eabi/14.3.1/include/arm_mve.h ****   __builtin_mve_vstrwq_scatter_shifted_offset_uv4si ((__builtin_neon_si *) __base, __offset, __valu
2198:/home/min/snap/code/235/.local/share/stm32cube/bundles/gnu-tools-for-stm32/14.3.1+st.2/lib/gcc/arm-none-eabi/14.3.1/include/arm_mve.h **** }
2199:/home/min/snap/code/235/.local/share/stm32cube/bundles/gnu-tools-for-stm32/14.3.1+st.2/lib/gcc/arm-none-eabi/14.3.1/include/arm_mve.h **** 
2200:/home/min/snap/code/235/.local/share/stm32cube/bundles/gnu-tools-for-stm32/14.3.1+st.2/lib/gcc/arm-none-eabi/14.3.1/include/arm_mve.h **** __extension__ extern __inline uint8x16_t
2201:/home/min/snap/code/235/.local/share/stm32cube/bundles/gnu-tools-for-stm32/14.3.1+st.2/lib/gcc/arm-none-eabi/14.3.1/include/arm_mve.h **** __attribute__ ((__always_inline__, __gnu_inline__, __artificial__))
2202:/home/min/snap/code/235/.local/share/stm32cube/bundles/gnu-tools-for-stm32/14.3.1+st.2/lib/gcc/arm-none-eabi/14.3.1/include/arm_mve.h **** __arm_vddupq_m_n_u8 (uint8x16_t __inactive, uint32_t __a, const int __imm, mve_pred16_t __p)
2203:/home/min/snap/code/235/.local/share/stm32cube/bundles/gnu-tools-for-stm32/14.3.1+st.2/lib/gcc/arm-none-eabi/14.3.1/include/arm_mve.h **** {
2204:/home/min/snap/code/235/.local/share/stm32cube/bundles/gnu-tools-for-stm32/14.3.1+st.2/lib/gcc/arm-none-eabi/14.3.1/include/arm_mve.h ****   return __builtin_mve_vddupq_m_n_uv16qi (__inactive, __a, __imm, __p);
2205:/home/min/snap/code/235/.local/share/stm32cube/bundles/gnu-tools-for-stm32/14.3.1+st.2/lib/gcc/arm-none-eabi/14.3.1/include/arm_mve.h **** }
2206:/home/min/snap/code/235/.local/share/stm32cube/bundles/gnu-tools-for-stm32/14.3.1+st.2/lib/gcc/arm-none-eabi/14.3.1/include/arm_mve.h **** 
2207:/home/min/snap/code/235/.local/share/stm32cube/bundles/gnu-tools-for-stm32/14.3.1+st.2/lib/gcc/arm-none-eabi/14.3.1/include/arm_mve.h **** __extension__ extern __inline uint32x4_t
2208:/home/min/snap/code/235/.local/share/stm32cube/bundles/gnu-tools-for-stm32/14.3.1+st.2/lib/gcc/arm-none-eabi/14.3.1/include/arm_mve.h **** __attribute__ ((__always_inline__, __gnu_inline__, __artificial__))
2209:/home/min/snap/code/235/.local/share/stm32cube/bundles/gnu-tools-for-stm32/14.3.1+st.2/lib/gcc/arm-none-eabi/14.3.1/include/arm_mve.h **** __arm_vddupq_m_n_u32 (uint32x4_t __inactive, uint32_t __a, const int __imm, mve_pred16_t __p)
2210:/home/min/snap/code/235/.local/share/stm32cube/bundles/gnu-tools-for-stm32/14.3.1+st.2/lib/gcc/arm-none-eabi/14.3.1/include/arm_mve.h **** {
2211:/home/min/snap/code/235/.local/share/stm32cube/bundles/gnu-tools-for-stm32/14.3.1+st.2/lib/gcc/arm-none-eabi/14.3.1/include/arm_mve.h ****   return __builtin_mve_vddupq_m_n_uv4si (__inactive, __a, __imm, __p);
2212:/home/min/snap/code/235/.local/share/stm32cube/bundles/gnu-tools-for-stm32/14.3.1+st.2/lib/gcc/arm-none-eabi/14.3.1/include/arm_mve.h **** }
2213:/home/min/snap/code/235/.local/share/stm32cube/bundles/gnu-tools-for-stm32/14.3.1+st.2/lib/gcc/arm-none-eabi/14.3.1/include/arm_mve.h **** 
2214:/home/min/snap/code/235/.local/share/stm32cube/bundles/gnu-tools-for-stm32/14.3.1+st.2/lib/gcc/arm-none-eabi/14.3.1/include/arm_mve.h **** __extension__ extern __inline uint16x8_t
2215:/home/min/snap/code/235/.local/share/stm32cube/bundles/gnu-tools-for-stm32/14.3.1+st.2/lib/gcc/arm-none-eabi/14.3.1/include/arm_mve.h **** __attribute__ ((__always_inline__, __gnu_inline__, __artificial__))
2216:/home/min/snap/code/235/.local/share/stm32cube/bundles/gnu-tools-for-stm32/14.3.1+st.2/lib/gcc/arm-none-eabi/14.3.1/include/arm_mve.h **** __arm_vddupq_m_n_u16 (uint16x8_t __inactive, uint32_t __a, const int __imm, mve_pred16_t __p)
2217:/home/min/snap/code/235/.local/share/stm32cube/bundles/gnu-tools-for-stm32/14.3.1+st.2/lib/gcc/arm-none-eabi/14.3.1/include/arm_mve.h **** {
2218:/home/min/snap/code/235/.local/share/stm32cube/bundles/gnu-tools-for-stm32/14.3.1+st.2/lib/gcc/arm-none-eabi/14.3.1/include/arm_mve.h ****   return __builtin_mve_vddupq_m_n_uv8hi (__inactive, __a, __imm, __p);
2219:/home/min/snap/code/235/.local/share/stm32cube/bundles/gnu-tools-for-stm32/14.3.1+st.2/lib/gcc/arm-none-eabi/14.3.1/include/arm_mve.h **** }
2220:/home/min/snap/code/235/.local/share/stm32cube/bundles/gnu-tools-for-stm32/14.3.1+st.2/lib/gcc/arm-none-eabi/14.3.1/include/arm_mve.h **** 
2221:/home/min/snap/code/235/.local/share/stm32cube/bundles/gnu-tools-for-stm32/14.3.1+st.2/lib/gcc/arm-none-eabi/14.3.1/include/arm_mve.h **** __extension__ extern __inline uint8x16_t
2222:/home/min/snap/code/235/.local/share/stm32cube/bundles/gnu-tools-for-stm32/14.3.1+st.2/lib/gcc/arm-none-eabi/14.3.1/include/arm_mve.h **** __attribute__ ((__always_inline__, __gnu_inline__, __artificial__))
2223:/home/min/snap/code/235/.local/share/stm32cube/bundles/gnu-tools-for-stm32/14.3.1+st.2/lib/gcc/arm-none-eabi/14.3.1/include/arm_mve.h **** __arm_vddupq_m_wb_u8 (uint8x16_t __inactive, uint32_t * __a, const int __imm, mve_pred16_t __p)
2224:/home/min/snap/code/235/.local/share/stm32cube/bundles/gnu-tools-for-stm32/14.3.1+st.2/lib/gcc/arm-none-eabi/14.3.1/include/arm_mve.h **** {
2225:/home/min/snap/code/235/.local/share/stm32cube/bundles/gnu-tools-for-stm32/14.3.1+st.2/lib/gcc/arm-none-eabi/14.3.1/include/arm_mve.h ****   uint8x16_t __res = __builtin_mve_vddupq_m_n_uv16qi (__inactive, * __a, __imm, __p);
2226:/home/min/snap/code/235/.local/share/stm32cube/bundles/gnu-tools-for-stm32/14.3.1+st.2/lib/gcc/arm-none-eabi/14.3.1/include/arm_mve.h ****   *__a -= __imm * 16u;
2227:/home/min/snap/code/235/.local/share/stm32cube/bundles/gnu-tools-for-stm32/14.3.1+st.2/lib/gcc/arm-none-eabi/14.3.1/include/arm_mve.h ****   return __res;
2228:/home/min/snap/code/235/.local/share/stm32cube/bundles/gnu-tools-for-stm32/14.3.1+st.2/lib/gcc/arm-none-eabi/14.3.1/include/arm_mve.h **** }
2229:/home/min/snap/code/235/.local/share/stm32cube/bundles/gnu-tools-for-stm32/14.3.1+st.2/lib/gcc/arm-none-eabi/14.3.1/include/arm_mve.h **** 
2230:/home/min/snap/code/235/.local/share/stm32cube/bundles/gnu-tools-for-stm32/14.3.1+st.2/lib/gcc/arm-none-eabi/14.3.1/include/arm_mve.h **** __extension__ extern __inline uint16x8_t
2231:/home/min/snap/code/235/.local/share/stm32cube/bundles/gnu-tools-for-stm32/14.3.1+st.2/lib/gcc/arm-none-eabi/14.3.1/include/arm_mve.h **** __attribute__ ((__always_inline__, __gnu_inline__, __artificial__))
2232:/home/min/snap/code/235/.local/share/stm32cube/bundles/gnu-tools-for-stm32/14.3.1+st.2/lib/gcc/arm-none-eabi/14.3.1/include/arm_mve.h **** __arm_vddupq_m_wb_u16 (uint16x8_t __inactive, uint32_t * __a, const int __imm, mve_pred16_t __p)
2233:/home/min/snap/code/235/.local/share/stm32cube/bundles/gnu-tools-for-stm32/14.3.1+st.2/lib/gcc/arm-none-eabi/14.3.1/include/arm_mve.h **** {
2234:/home/min/snap/code/235/.local/share/stm32cube/bundles/gnu-tools-for-stm32/14.3.1+st.2/lib/gcc/arm-none-eabi/14.3.1/include/arm_mve.h ****   uint16x8_t __res = __builtin_mve_vddupq_m_n_uv8hi (__inactive, *__a, __imm, __p);
ARM GAS  /tmp/cc1JbEzq.s 			page 42


2235:/home/min/snap/code/235/.local/share/stm32cube/bundles/gnu-tools-for-stm32/14.3.1+st.2/lib/gcc/arm-none-eabi/14.3.1/include/arm_mve.h ****   *__a -= __imm * 8u;
2236:/home/min/snap/code/235/.local/share/stm32cube/bundles/gnu-tools-for-stm32/14.3.1+st.2/lib/gcc/arm-none-eabi/14.3.1/include/arm_mve.h ****   return __res;
2237:/home/min/snap/code/235/.local/share/stm32cube/bundles/gnu-tools-for-stm32/14.3.1+st.2/lib/gcc/arm-none-eabi/14.3.1/include/arm_mve.h **** }
2238:/home/min/snap/code/235/.local/share/stm32cube/bundles/gnu-tools-for-stm32/14.3.1+st.2/lib/gcc/arm-none-eabi/14.3.1/include/arm_mve.h **** 
2239:/home/min/snap/code/235/.local/share/stm32cube/bundles/gnu-tools-for-stm32/14.3.1+st.2/lib/gcc/arm-none-eabi/14.3.1/include/arm_mve.h **** __extension__ extern __inline uint32x4_t
2240:/home/min/snap/code/235/.local/share/stm32cube/bundles/gnu-tools-for-stm32/14.3.1+st.2/lib/gcc/arm-none-eabi/14.3.1/include/arm_mve.h **** __attribute__ ((__always_inline__, __gnu_inline__, __artificial__))
2241:/home/min/snap/code/235/.local/share/stm32cube/bundles/gnu-tools-for-stm32/14.3.1+st.2/lib/gcc/arm-none-eabi/14.3.1/include/arm_mve.h **** __arm_vddupq_m_wb_u32 (uint32x4_t __inactive, uint32_t * __a, const int __imm, mve_pred16_t __p)
2242:/home/min/snap/code/235/.local/share/stm32cube/bundles/gnu-tools-for-stm32/14.3.1+st.2/lib/gcc/arm-none-eabi/14.3.1/include/arm_mve.h **** {
2243:/home/min/snap/code/235/.local/share/stm32cube/bundles/gnu-tools-for-stm32/14.3.1+st.2/lib/gcc/arm-none-eabi/14.3.1/include/arm_mve.h ****   uint32x4_t __res = __builtin_mve_vddupq_m_n_uv4si (__inactive, *__a, __imm, __p);
2244:/home/min/snap/code/235/.local/share/stm32cube/bundles/gnu-tools-for-stm32/14.3.1+st.2/lib/gcc/arm-none-eabi/14.3.1/include/arm_mve.h ****   *__a -= __imm * 4u;
2245:/home/min/snap/code/235/.local/share/stm32cube/bundles/gnu-tools-for-stm32/14.3.1+st.2/lib/gcc/arm-none-eabi/14.3.1/include/arm_mve.h ****   return __res;
2246:/home/min/snap/code/235/.local/share/stm32cube/bundles/gnu-tools-for-stm32/14.3.1+st.2/lib/gcc/arm-none-eabi/14.3.1/include/arm_mve.h **** }
2247:/home/min/snap/code/235/.local/share/stm32cube/bundles/gnu-tools-for-stm32/14.3.1+st.2/lib/gcc/arm-none-eabi/14.3.1/include/arm_mve.h **** 
2248:/home/min/snap/code/235/.local/share/stm32cube/bundles/gnu-tools-for-stm32/14.3.1+st.2/lib/gcc/arm-none-eabi/14.3.1/include/arm_mve.h **** __extension__ extern __inline uint8x16_t
2249:/home/min/snap/code/235/.local/share/stm32cube/bundles/gnu-tools-for-stm32/14.3.1+st.2/lib/gcc/arm-none-eabi/14.3.1/include/arm_mve.h **** __attribute__ ((__always_inline__, __gnu_inline__, __artificial__))
2250:/home/min/snap/code/235/.local/share/stm32cube/bundles/gnu-tools-for-stm32/14.3.1+st.2/lib/gcc/arm-none-eabi/14.3.1/include/arm_mve.h **** __arm_vddupq_n_u8 (uint32_t __a, const int __imm)
2251:/home/min/snap/code/235/.local/share/stm32cube/bundles/gnu-tools-for-stm32/14.3.1+st.2/lib/gcc/arm-none-eabi/14.3.1/include/arm_mve.h **** {
2252:/home/min/snap/code/235/.local/share/stm32cube/bundles/gnu-tools-for-stm32/14.3.1+st.2/lib/gcc/arm-none-eabi/14.3.1/include/arm_mve.h ****   return __builtin_mve_vddupq_n_uv16qi (__a, __imm);
2253:/home/min/snap/code/235/.local/share/stm32cube/bundles/gnu-tools-for-stm32/14.3.1+st.2/lib/gcc/arm-none-eabi/14.3.1/include/arm_mve.h **** }
2254:/home/min/snap/code/235/.local/share/stm32cube/bundles/gnu-tools-for-stm32/14.3.1+st.2/lib/gcc/arm-none-eabi/14.3.1/include/arm_mve.h **** 
2255:/home/min/snap/code/235/.local/share/stm32cube/bundles/gnu-tools-for-stm32/14.3.1+st.2/lib/gcc/arm-none-eabi/14.3.1/include/arm_mve.h **** __extension__ extern __inline uint32x4_t
2256:/home/min/snap/code/235/.local/share/stm32cube/bundles/gnu-tools-for-stm32/14.3.1+st.2/lib/gcc/arm-none-eabi/14.3.1/include/arm_mve.h **** __attribute__ ((__always_inline__, __gnu_inline__, __artificial__))
2257:/home/min/snap/code/235/.local/share/stm32cube/bundles/gnu-tools-for-stm32/14.3.1+st.2/lib/gcc/arm-none-eabi/14.3.1/include/arm_mve.h **** __arm_vddupq_n_u32 (uint32_t __a, const int __imm)
2258:/home/min/snap/code/235/.local/share/stm32cube/bundles/gnu-tools-for-stm32/14.3.1+st.2/lib/gcc/arm-none-eabi/14.3.1/include/arm_mve.h **** {
2259:/home/min/snap/code/235/.local/share/stm32cube/bundles/gnu-tools-for-stm32/14.3.1+st.2/lib/gcc/arm-none-eabi/14.3.1/include/arm_mve.h ****   return __builtin_mve_vddupq_n_uv4si (__a, __imm);
2260:/home/min/snap/code/235/.local/share/stm32cube/bundles/gnu-tools-for-stm32/14.3.1+st.2/lib/gcc/arm-none-eabi/14.3.1/include/arm_mve.h **** }
2261:/home/min/snap/code/235/.local/share/stm32cube/bundles/gnu-tools-for-stm32/14.3.1+st.2/lib/gcc/arm-none-eabi/14.3.1/include/arm_mve.h **** 
2262:/home/min/snap/code/235/.local/share/stm32cube/bundles/gnu-tools-for-stm32/14.3.1+st.2/lib/gcc/arm-none-eabi/14.3.1/include/arm_mve.h **** __extension__ extern __inline uint16x8_t
2263:/home/min/snap/code/235/.local/share/stm32cube/bundles/gnu-tools-for-stm32/14.3.1+st.2/lib/gcc/arm-none-eabi/14.3.1/include/arm_mve.h **** __attribute__ ((__always_inline__, __gnu_inline__, __artificial__))
2264:/home/min/snap/code/235/.local/share/stm32cube/bundles/gnu-tools-for-stm32/14.3.1+st.2/lib/gcc/arm-none-eabi/14.3.1/include/arm_mve.h **** __arm_vddupq_n_u16 (uint32_t __a, const int __imm)
2265:/home/min/snap/code/235/.local/share/stm32cube/bundles/gnu-tools-for-stm32/14.3.1+st.2/lib/gcc/arm-none-eabi/14.3.1/include/arm_mve.h **** {
2266:/home/min/snap/code/235/.local/share/stm32cube/bundles/gnu-tools-for-stm32/14.3.1+st.2/lib/gcc/arm-none-eabi/14.3.1/include/arm_mve.h ****   return __builtin_mve_vddupq_n_uv8hi (__a, __imm);
2267:/home/min/snap/code/235/.local/share/stm32cube/bundles/gnu-tools-for-stm32/14.3.1+st.2/lib/gcc/arm-none-eabi/14.3.1/include/arm_mve.h **** }
2268:/home/min/snap/code/235/.local/share/stm32cube/bundles/gnu-tools-for-stm32/14.3.1+st.2/lib/gcc/arm-none-eabi/14.3.1/include/arm_mve.h **** 
2269:/home/min/snap/code/235/.local/share/stm32cube/bundles/gnu-tools-for-stm32/14.3.1+st.2/lib/gcc/arm-none-eabi/14.3.1/include/arm_mve.h **** __extension__ extern __inline uint8x16_t
2270:/home/min/snap/code/235/.local/share/stm32cube/bundles/gnu-tools-for-stm32/14.3.1+st.2/lib/gcc/arm-none-eabi/14.3.1/include/arm_mve.h **** __attribute__ ((__always_inline__, __gnu_inline__, __artificial__))
2271:/home/min/snap/code/235/.local/share/stm32cube/bundles/gnu-tools-for-stm32/14.3.1+st.2/lib/gcc/arm-none-eabi/14.3.1/include/arm_mve.h **** __arm_vdwdupq_m_n_u8 (uint8x16_t __inactive, uint32_t __a, uint32_t __b, const int __imm, mve_pred1
2272:/home/min/snap/code/235/.local/share/stm32cube/bundles/gnu-tools-for-stm32/14.3.1+st.2/lib/gcc/arm-none-eabi/14.3.1/include/arm_mve.h **** {
2273:/home/min/snap/code/235/.local/share/stm32cube/bundles/gnu-tools-for-stm32/14.3.1+st.2/lib/gcc/arm-none-eabi/14.3.1/include/arm_mve.h ****   uint64_t __c = ((uint64_t) __b) << 32;
2274:/home/min/snap/code/235/.local/share/stm32cube/bundles/gnu-tools-for-stm32/14.3.1+st.2/lib/gcc/arm-none-eabi/14.3.1/include/arm_mve.h ****   return __builtin_mve_vdwdupq_m_n_uv16qi (__inactive, __a, __c, __imm, __p);
2275:/home/min/snap/code/235/.local/share/stm32cube/bundles/gnu-tools-for-stm32/14.3.1+st.2/lib/gcc/arm-none-eabi/14.3.1/include/arm_mve.h **** }
2276:/home/min/snap/code/235/.local/share/stm32cube/bundles/gnu-tools-for-stm32/14.3.1+st.2/lib/gcc/arm-none-eabi/14.3.1/include/arm_mve.h **** 
2277:/home/min/snap/code/235/.local/share/stm32cube/bundles/gnu-tools-for-stm32/14.3.1+st.2/lib/gcc/arm-none-eabi/14.3.1/include/arm_mve.h **** __extension__ extern __inline uint32x4_t
2278:/home/min/snap/code/235/.local/share/stm32cube/bundles/gnu-tools-for-stm32/14.3.1+st.2/lib/gcc/arm-none-eabi/14.3.1/include/arm_mve.h **** __attribute__ ((__always_inline__, __gnu_inline__, __artificial__))
2279:/home/min/snap/code/235/.local/share/stm32cube/bundles/gnu-tools-for-stm32/14.3.1+st.2/lib/gcc/arm-none-eabi/14.3.1/include/arm_mve.h **** __arm_vdwdupq_m_n_u32 (uint32x4_t __inactive, uint32_t __a, uint32_t __b, const int __imm, mve_pred
2280:/home/min/snap/code/235/.local/share/stm32cube/bundles/gnu-tools-for-stm32/14.3.1+st.2/lib/gcc/arm-none-eabi/14.3.1/include/arm_mve.h **** {
2281:/home/min/snap/code/235/.local/share/stm32cube/bundles/gnu-tools-for-stm32/14.3.1+st.2/lib/gcc/arm-none-eabi/14.3.1/include/arm_mve.h ****   uint64_t __c = ((uint64_t) __b) << 32;
2282:/home/min/snap/code/235/.local/share/stm32cube/bundles/gnu-tools-for-stm32/14.3.1+st.2/lib/gcc/arm-none-eabi/14.3.1/include/arm_mve.h ****   return __builtin_mve_vdwdupq_m_n_uv4si (__inactive, __a, __c, __imm, __p);
2283:/home/min/snap/code/235/.local/share/stm32cube/bundles/gnu-tools-for-stm32/14.3.1+st.2/lib/gcc/arm-none-eabi/14.3.1/include/arm_mve.h **** }
2284:/home/min/snap/code/235/.local/share/stm32cube/bundles/gnu-tools-for-stm32/14.3.1+st.2/lib/gcc/arm-none-eabi/14.3.1/include/arm_mve.h **** 
2285:/home/min/snap/code/235/.local/share/stm32cube/bundles/gnu-tools-for-stm32/14.3.1+st.2/lib/gcc/arm-none-eabi/14.3.1/include/arm_mve.h **** __extension__ extern __inline uint16x8_t
2286:/home/min/snap/code/235/.local/share/stm32cube/bundles/gnu-tools-for-stm32/14.3.1+st.2/lib/gcc/arm-none-eabi/14.3.1/include/arm_mve.h **** __attribute__ ((__always_inline__, __gnu_inline__, __artificial__))
2287:/home/min/snap/code/235/.local/share/stm32cube/bundles/gnu-tools-for-stm32/14.3.1+st.2/lib/gcc/arm-none-eabi/14.3.1/include/arm_mve.h **** __arm_vdwdupq_m_n_u16 (uint16x8_t __inactive, uint32_t __a, uint32_t __b, const int __imm, mve_pred
2288:/home/min/snap/code/235/.local/share/stm32cube/bundles/gnu-tools-for-stm32/14.3.1+st.2/lib/gcc/arm-none-eabi/14.3.1/include/arm_mve.h **** {
2289:/home/min/snap/code/235/.local/share/stm32cube/bundles/gnu-tools-for-stm32/14.3.1+st.2/lib/gcc/arm-none-eabi/14.3.1/include/arm_mve.h ****   uint64_t __c = ((uint64_t) __b) << 32;
2290:/home/min/snap/code/235/.local/share/stm32cube/bundles/gnu-tools-for-stm32/14.3.1+st.2/lib/gcc/arm-none-eabi/14.3.1/include/arm_mve.h ****   return __builtin_mve_vdwdupq_m_n_uv8hi (__inactive, __a, __c, __imm, __p);
2291:/home/min/snap/code/235/.local/share/stm32cube/bundles/gnu-tools-for-stm32/14.3.1+st.2/lib/gcc/arm-none-eabi/14.3.1/include/arm_mve.h **** }
ARM GAS  /tmp/cc1JbEzq.s 			page 43


2292:/home/min/snap/code/235/.local/share/stm32cube/bundles/gnu-tools-for-stm32/14.3.1+st.2/lib/gcc/arm-none-eabi/14.3.1/include/arm_mve.h **** 
2293:/home/min/snap/code/235/.local/share/stm32cube/bundles/gnu-tools-for-stm32/14.3.1+st.2/lib/gcc/arm-none-eabi/14.3.1/include/arm_mve.h **** __extension__ extern __inline uint8x16_t
2294:/home/min/snap/code/235/.local/share/stm32cube/bundles/gnu-tools-for-stm32/14.3.1+st.2/lib/gcc/arm-none-eabi/14.3.1/include/arm_mve.h **** __attribute__ ((__always_inline__, __gnu_inline__, __artificial__))
2295:/home/min/snap/code/235/.local/share/stm32cube/bundles/gnu-tools-for-stm32/14.3.1+st.2/lib/gcc/arm-none-eabi/14.3.1/include/arm_mve.h **** __arm_vdwdupq_m_wb_u8 (uint8x16_t __inactive, uint32_t * __a, uint32_t __b, const int __imm, mve_pr
2296:/home/min/snap/code/235/.local/share/stm32cube/bundles/gnu-tools-for-stm32/14.3.1+st.2/lib/gcc/arm-none-eabi/14.3.1/include/arm_mve.h **** {
2297:/home/min/snap/code/235/.local/share/stm32cube/bundles/gnu-tools-for-stm32/14.3.1+st.2/lib/gcc/arm-none-eabi/14.3.1/include/arm_mve.h ****   uint64_t __c = ((uint64_t) __b) << 32;
2298:/home/min/snap/code/235/.local/share/stm32cube/bundles/gnu-tools-for-stm32/14.3.1+st.2/lib/gcc/arm-none-eabi/14.3.1/include/arm_mve.h ****   uint8x16_t __res =  __builtin_mve_vdwdupq_m_n_uv16qi (__inactive, *__a, __c, __imm, __p);
2299:/home/min/snap/code/235/.local/share/stm32cube/bundles/gnu-tools-for-stm32/14.3.1+st.2/lib/gcc/arm-none-eabi/14.3.1/include/arm_mve.h ****   *__a = __builtin_mve_vdwdupq_m_wb_uv16qi (__inactive, *__a, __c, __imm, __p);
2300:/home/min/snap/code/235/.local/share/stm32cube/bundles/gnu-tools-for-stm32/14.3.1+st.2/lib/gcc/arm-none-eabi/14.3.1/include/arm_mve.h ****   return __res;
2301:/home/min/snap/code/235/.local/share/stm32cube/bundles/gnu-tools-for-stm32/14.3.1+st.2/lib/gcc/arm-none-eabi/14.3.1/include/arm_mve.h **** }
2302:/home/min/snap/code/235/.local/share/stm32cube/bundles/gnu-tools-for-stm32/14.3.1+st.2/lib/gcc/arm-none-eabi/14.3.1/include/arm_mve.h **** 
2303:/home/min/snap/code/235/.local/share/stm32cube/bundles/gnu-tools-for-stm32/14.3.1+st.2/lib/gcc/arm-none-eabi/14.3.1/include/arm_mve.h **** __extension__ extern __inline uint32x4_t
2304:/home/min/snap/code/235/.local/share/stm32cube/bundles/gnu-tools-for-stm32/14.3.1+st.2/lib/gcc/arm-none-eabi/14.3.1/include/arm_mve.h **** __attribute__ ((__always_inline__, __gnu_inline__, __artificial__))
2305:/home/min/snap/code/235/.local/share/stm32cube/bundles/gnu-tools-for-stm32/14.3.1+st.2/lib/gcc/arm-none-eabi/14.3.1/include/arm_mve.h **** __arm_vdwdupq_m_wb_u32 (uint32x4_t __inactive, uint32_t * __a, uint32_t __b, const int __imm, mve_p
2306:/home/min/snap/code/235/.local/share/stm32cube/bundles/gnu-tools-for-stm32/14.3.1+st.2/lib/gcc/arm-none-eabi/14.3.1/include/arm_mve.h **** {
2307:/home/min/snap/code/235/.local/share/stm32cube/bundles/gnu-tools-for-stm32/14.3.1+st.2/lib/gcc/arm-none-eabi/14.3.1/include/arm_mve.h ****   uint64_t __c = ((uint64_t) __b) << 32;
2308:/home/min/snap/code/235/.local/share/stm32cube/bundles/gnu-tools-for-stm32/14.3.1+st.2/lib/gcc/arm-none-eabi/14.3.1/include/arm_mve.h ****   uint32x4_t __res =  __builtin_mve_vdwdupq_m_n_uv4si (__inactive, *__a, __c, __imm, __p);
2309:/home/min/snap/code/235/.local/share/stm32cube/bundles/gnu-tools-for-stm32/14.3.1+st.2/lib/gcc/arm-none-eabi/14.3.1/include/arm_mve.h ****   *__a = __builtin_mve_vdwdupq_m_wb_uv4si (__inactive, *__a, __c, __imm, __p);
2310:/home/min/snap/code/235/.local/share/stm32cube/bundles/gnu-tools-for-stm32/14.3.1+st.2/lib/gcc/arm-none-eabi/14.3.1/include/arm_mve.h ****   return __res;
2311:/home/min/snap/code/235/.local/share/stm32cube/bundles/gnu-tools-for-stm32/14.3.1+st.2/lib/gcc/arm-none-eabi/14.3.1/include/arm_mve.h **** }
2312:/home/min/snap/code/235/.local/share/stm32cube/bundles/gnu-tools-for-stm32/14.3.1+st.2/lib/gcc/arm-none-eabi/14.3.1/include/arm_mve.h **** 
2313:/home/min/snap/code/235/.local/share/stm32cube/bundles/gnu-tools-for-stm32/14.3.1+st.2/lib/gcc/arm-none-eabi/14.3.1/include/arm_mve.h **** __extension__ extern __inline uint16x8_t
2314:/home/min/snap/code/235/.local/share/stm32cube/bundles/gnu-tools-for-stm32/14.3.1+st.2/lib/gcc/arm-none-eabi/14.3.1/include/arm_mve.h **** __attribute__ ((__always_inline__, __gnu_inline__, __artificial__))
2315:/home/min/snap/code/235/.local/share/stm32cube/bundles/gnu-tools-for-stm32/14.3.1+st.2/lib/gcc/arm-none-eabi/14.3.1/include/arm_mve.h **** __arm_vdwdupq_m_wb_u16 (uint16x8_t __inactive, uint32_t * __a, uint32_t __b, const int __imm, mve_p
2316:/home/min/snap/code/235/.local/share/stm32cube/bundles/gnu-tools-for-stm32/14.3.1+st.2/lib/gcc/arm-none-eabi/14.3.1/include/arm_mve.h **** {
2317:/home/min/snap/code/235/.local/share/stm32cube/bundles/gnu-tools-for-stm32/14.3.1+st.2/lib/gcc/arm-none-eabi/14.3.1/include/arm_mve.h ****   uint64_t __c = ((uint64_t) __b) << 32;
2318:/home/min/snap/code/235/.local/share/stm32cube/bundles/gnu-tools-for-stm32/14.3.1+st.2/lib/gcc/arm-none-eabi/14.3.1/include/arm_mve.h ****   uint16x8_t __res =  __builtin_mve_vdwdupq_m_n_uv8hi (__inactive, *__a, __c, __imm, __p);
2319:/home/min/snap/code/235/.local/share/stm32cube/bundles/gnu-tools-for-stm32/14.3.1+st.2/lib/gcc/arm-none-eabi/14.3.1/include/arm_mve.h ****   *__a = __builtin_mve_vdwdupq_m_wb_uv8hi (__inactive, *__a, __c, __imm, __p);
2320:/home/min/snap/code/235/.local/share/stm32cube/bundles/gnu-tools-for-stm32/14.3.1+st.2/lib/gcc/arm-none-eabi/14.3.1/include/arm_mve.h ****   return __res;
2321:/home/min/snap/code/235/.local/share/stm32cube/bundles/gnu-tools-for-stm32/14.3.1+st.2/lib/gcc/arm-none-eabi/14.3.1/include/arm_mve.h **** }
2322:/home/min/snap/code/235/.local/share/stm32cube/bundles/gnu-tools-for-stm32/14.3.1+st.2/lib/gcc/arm-none-eabi/14.3.1/include/arm_mve.h **** 
2323:/home/min/snap/code/235/.local/share/stm32cube/bundles/gnu-tools-for-stm32/14.3.1+st.2/lib/gcc/arm-none-eabi/14.3.1/include/arm_mve.h **** __extension__ extern __inline uint8x16_t
2324:/home/min/snap/code/235/.local/share/stm32cube/bundles/gnu-tools-for-stm32/14.3.1+st.2/lib/gcc/arm-none-eabi/14.3.1/include/arm_mve.h **** __attribute__ ((__always_inline__, __gnu_inline__, __artificial__))
2325:/home/min/snap/code/235/.local/share/stm32cube/bundles/gnu-tools-for-stm32/14.3.1+st.2/lib/gcc/arm-none-eabi/14.3.1/include/arm_mve.h **** __arm_vdwdupq_n_u8 (uint32_t __a, uint32_t __b, const int __imm)
2326:/home/min/snap/code/235/.local/share/stm32cube/bundles/gnu-tools-for-stm32/14.3.1+st.2/lib/gcc/arm-none-eabi/14.3.1/include/arm_mve.h **** {
2327:/home/min/snap/code/235/.local/share/stm32cube/bundles/gnu-tools-for-stm32/14.3.1+st.2/lib/gcc/arm-none-eabi/14.3.1/include/arm_mve.h ****   uint64_t __c = ((uint64_t) __b) << 32;
2328:/home/min/snap/code/235/.local/share/stm32cube/bundles/gnu-tools-for-stm32/14.3.1+st.2/lib/gcc/arm-none-eabi/14.3.1/include/arm_mve.h ****   return __builtin_mve_vdwdupq_n_uv16qi (__a, __c, __imm);
2329:/home/min/snap/code/235/.local/share/stm32cube/bundles/gnu-tools-for-stm32/14.3.1+st.2/lib/gcc/arm-none-eabi/14.3.1/include/arm_mve.h **** }
2330:/home/min/snap/code/235/.local/share/stm32cube/bundles/gnu-tools-for-stm32/14.3.1+st.2/lib/gcc/arm-none-eabi/14.3.1/include/arm_mve.h **** 
2331:/home/min/snap/code/235/.local/share/stm32cube/bundles/gnu-tools-for-stm32/14.3.1+st.2/lib/gcc/arm-none-eabi/14.3.1/include/arm_mve.h **** __extension__ extern __inline uint32x4_t
2332:/home/min/snap/code/235/.local/share/stm32cube/bundles/gnu-tools-for-stm32/14.3.1+st.2/lib/gcc/arm-none-eabi/14.3.1/include/arm_mve.h **** __attribute__ ((__always_inline__, __gnu_inline__, __artificial__))
2333:/home/min/snap/code/235/.local/share/stm32cube/bundles/gnu-tools-for-stm32/14.3.1+st.2/lib/gcc/arm-none-eabi/14.3.1/include/arm_mve.h **** __arm_vdwdupq_n_u32 (uint32_t __a, uint32_t __b, const int __imm)
2334:/home/min/snap/code/235/.local/share/stm32cube/bundles/gnu-tools-for-stm32/14.3.1+st.2/lib/gcc/arm-none-eabi/14.3.1/include/arm_mve.h **** {
2335:/home/min/snap/code/235/.local/share/stm32cube/bundles/gnu-tools-for-stm32/14.3.1+st.2/lib/gcc/arm-none-eabi/14.3.1/include/arm_mve.h ****   uint64_t __c = ((uint64_t) __b) << 32;
2336:/home/min/snap/code/235/.local/share/stm32cube/bundles/gnu-tools-for-stm32/14.3.1+st.2/lib/gcc/arm-none-eabi/14.3.1/include/arm_mve.h ****   return __builtin_mve_vdwdupq_n_uv4si (__a, __c, __imm);
2337:/home/min/snap/code/235/.local/share/stm32cube/bundles/gnu-tools-for-stm32/14.3.1+st.2/lib/gcc/arm-none-eabi/14.3.1/include/arm_mve.h **** }
2338:/home/min/snap/code/235/.local/share/stm32cube/bundles/gnu-tools-for-stm32/14.3.1+st.2/lib/gcc/arm-none-eabi/14.3.1/include/arm_mve.h **** 
2339:/home/min/snap/code/235/.local/share/stm32cube/bundles/gnu-tools-for-stm32/14.3.1+st.2/lib/gcc/arm-none-eabi/14.3.1/include/arm_mve.h **** __extension__ extern __inline uint16x8_t
2340:/home/min/snap/code/235/.local/share/stm32cube/bundles/gnu-tools-for-stm32/14.3.1+st.2/lib/gcc/arm-none-eabi/14.3.1/include/arm_mve.h **** __attribute__ ((__always_inline__, __gnu_inline__, __artificial__))
2341:/home/min/snap/code/235/.local/share/stm32cube/bundles/gnu-tools-for-stm32/14.3.1+st.2/lib/gcc/arm-none-eabi/14.3.1/include/arm_mve.h **** __arm_vdwdupq_n_u16 (uint32_t __a, uint32_t __b, const int __imm)
2342:/home/min/snap/code/235/.local/share/stm32cube/bundles/gnu-tools-for-stm32/14.3.1+st.2/lib/gcc/arm-none-eabi/14.3.1/include/arm_mve.h **** {
2343:/home/min/snap/code/235/.local/share/stm32cube/bundles/gnu-tools-for-stm32/14.3.1+st.2/lib/gcc/arm-none-eabi/14.3.1/include/arm_mve.h ****   uint64_t __c = ((uint64_t) __b) << 32;
2344:/home/min/snap/code/235/.local/share/stm32cube/bundles/gnu-tools-for-stm32/14.3.1+st.2/lib/gcc/arm-none-eabi/14.3.1/include/arm_mve.h ****   return __builtin_mve_vdwdupq_n_uv8hi (__a, __c, __imm);
2345:/home/min/snap/code/235/.local/share/stm32cube/bundles/gnu-tools-for-stm32/14.3.1+st.2/lib/gcc/arm-none-eabi/14.3.1/include/arm_mve.h **** }
2346:/home/min/snap/code/235/.local/share/stm32cube/bundles/gnu-tools-for-stm32/14.3.1+st.2/lib/gcc/arm-none-eabi/14.3.1/include/arm_mve.h **** 
2347:/home/min/snap/code/235/.local/share/stm32cube/bundles/gnu-tools-for-stm32/14.3.1+st.2/lib/gcc/arm-none-eabi/14.3.1/include/arm_mve.h **** __extension__ extern __inline uint8x16_t
2348:/home/min/snap/code/235/.local/share/stm32cube/bundles/gnu-tools-for-stm32/14.3.1+st.2/lib/gcc/arm-none-eabi/14.3.1/include/arm_mve.h **** __attribute__ ((__always_inline__, __gnu_inline__, __artificial__))
ARM GAS  /tmp/cc1JbEzq.s 			page 44


2349:/home/min/snap/code/235/.local/share/stm32cube/bundles/gnu-tools-for-stm32/14.3.1+st.2/lib/gcc/arm-none-eabi/14.3.1/include/arm_mve.h **** __arm_vdwdupq_wb_u8 (uint32_t * __a, uint32_t __b, const int __imm)
2350:/home/min/snap/code/235/.local/share/stm32cube/bundles/gnu-tools-for-stm32/14.3.1+st.2/lib/gcc/arm-none-eabi/14.3.1/include/arm_mve.h **** {
2351:/home/min/snap/code/235/.local/share/stm32cube/bundles/gnu-tools-for-stm32/14.3.1+st.2/lib/gcc/arm-none-eabi/14.3.1/include/arm_mve.h ****   uint64_t __c = ((uint64_t) __b) << 32;
2352:/home/min/snap/code/235/.local/share/stm32cube/bundles/gnu-tools-for-stm32/14.3.1+st.2/lib/gcc/arm-none-eabi/14.3.1/include/arm_mve.h ****   uint8x16_t __res = __builtin_mve_vdwdupq_n_uv16qi (*__a, __c, __imm);
2353:/home/min/snap/code/235/.local/share/stm32cube/bundles/gnu-tools-for-stm32/14.3.1+st.2/lib/gcc/arm-none-eabi/14.3.1/include/arm_mve.h ****   *__a = __builtin_mve_vdwdupq_wb_uv16qi (*__a, __c, __imm);
2354:/home/min/snap/code/235/.local/share/stm32cube/bundles/gnu-tools-for-stm32/14.3.1+st.2/lib/gcc/arm-none-eabi/14.3.1/include/arm_mve.h ****   return __res;
2355:/home/min/snap/code/235/.local/share/stm32cube/bundles/gnu-tools-for-stm32/14.3.1+st.2/lib/gcc/arm-none-eabi/14.3.1/include/arm_mve.h **** }
2356:/home/min/snap/code/235/.local/share/stm32cube/bundles/gnu-tools-for-stm32/14.3.1+st.2/lib/gcc/arm-none-eabi/14.3.1/include/arm_mve.h **** 
2357:/home/min/snap/code/235/.local/share/stm32cube/bundles/gnu-tools-for-stm32/14.3.1+st.2/lib/gcc/arm-none-eabi/14.3.1/include/arm_mve.h **** __extension__ extern __inline uint32x4_t
2358:/home/min/snap/code/235/.local/share/stm32cube/bundles/gnu-tools-for-stm32/14.3.1+st.2/lib/gcc/arm-none-eabi/14.3.1/include/arm_mve.h **** __attribute__ ((__always_inline__, __gnu_inline__, __artificial__))
2359:/home/min/snap/code/235/.local/share/stm32cube/bundles/gnu-tools-for-stm32/14.3.1+st.2/lib/gcc/arm-none-eabi/14.3.1/include/arm_mve.h **** __arm_vdwdupq_wb_u32 (uint32_t * __a, uint32_t __b, const int __imm)
2360:/home/min/snap/code/235/.local/share/stm32cube/bundles/gnu-tools-for-stm32/14.3.1+st.2/lib/gcc/arm-none-eabi/14.3.1/include/arm_mve.h **** {
2361:/home/min/snap/code/235/.local/share/stm32cube/bundles/gnu-tools-for-stm32/14.3.1+st.2/lib/gcc/arm-none-eabi/14.3.1/include/arm_mve.h ****   uint64_t __c = ((uint64_t) __b) << 32;
2362:/home/min/snap/code/235/.local/share/stm32cube/bundles/gnu-tools-for-stm32/14.3.1+st.2/lib/gcc/arm-none-eabi/14.3.1/include/arm_mve.h ****   uint32x4_t __res = __builtin_mve_vdwdupq_n_uv4si (*__a, __c, __imm);
2363:/home/min/snap/code/235/.local/share/stm32cube/bundles/gnu-tools-for-stm32/14.3.1+st.2/lib/gcc/arm-none-eabi/14.3.1/include/arm_mve.h ****   *__a = __builtin_mve_vdwdupq_wb_uv4si (*__a, __c, __imm);
2364:/home/min/snap/code/235/.local/share/stm32cube/bundles/gnu-tools-for-stm32/14.3.1+st.2/lib/gcc/arm-none-eabi/14.3.1/include/arm_mve.h ****   return __res;
2365:/home/min/snap/code/235/.local/share/stm32cube/bundles/gnu-tools-for-stm32/14.3.1+st.2/lib/gcc/arm-none-eabi/14.3.1/include/arm_mve.h **** }
2366:/home/min/snap/code/235/.local/share/stm32cube/bundles/gnu-tools-for-stm32/14.3.1+st.2/lib/gcc/arm-none-eabi/14.3.1/include/arm_mve.h **** 
2367:/home/min/snap/code/235/.local/share/stm32cube/bundles/gnu-tools-for-stm32/14.3.1+st.2/lib/gcc/arm-none-eabi/14.3.1/include/arm_mve.h **** __extension__ extern __inline uint16x8_t
2368:/home/min/snap/code/235/.local/share/stm32cube/bundles/gnu-tools-for-stm32/14.3.1+st.2/lib/gcc/arm-none-eabi/14.3.1/include/arm_mve.h **** __attribute__ ((__always_inline__, __gnu_inline__, __artificial__))
2369:/home/min/snap/code/235/.local/share/stm32cube/bundles/gnu-tools-for-stm32/14.3.1+st.2/lib/gcc/arm-none-eabi/14.3.1/include/arm_mve.h **** __arm_vdwdupq_wb_u16 (uint32_t * __a, uint32_t __b, const int __imm)
2370:/home/min/snap/code/235/.local/share/stm32cube/bundles/gnu-tools-for-stm32/14.3.1+st.2/lib/gcc/arm-none-eabi/14.3.1/include/arm_mve.h **** {
2371:/home/min/snap/code/235/.local/share/stm32cube/bundles/gnu-tools-for-stm32/14.3.1+st.2/lib/gcc/arm-none-eabi/14.3.1/include/arm_mve.h ****   uint64_t __c = ((uint64_t) __b) << 32;
2372:/home/min/snap/code/235/.local/share/stm32cube/bundles/gnu-tools-for-stm32/14.3.1+st.2/lib/gcc/arm-none-eabi/14.3.1/include/arm_mve.h ****   uint16x8_t __res = __builtin_mve_vdwdupq_n_uv8hi (*__a, __c, __imm);
2373:/home/min/snap/code/235/.local/share/stm32cube/bundles/gnu-tools-for-stm32/14.3.1+st.2/lib/gcc/arm-none-eabi/14.3.1/include/arm_mve.h ****   *__a = __builtin_mve_vdwdupq_wb_uv8hi (*__a, __c, __imm);
2374:/home/min/snap/code/235/.local/share/stm32cube/bundles/gnu-tools-for-stm32/14.3.1+st.2/lib/gcc/arm-none-eabi/14.3.1/include/arm_mve.h ****   return __res;
2375:/home/min/snap/code/235/.local/share/stm32cube/bundles/gnu-tools-for-stm32/14.3.1+st.2/lib/gcc/arm-none-eabi/14.3.1/include/arm_mve.h **** }
2376:/home/min/snap/code/235/.local/share/stm32cube/bundles/gnu-tools-for-stm32/14.3.1+st.2/lib/gcc/arm-none-eabi/14.3.1/include/arm_mve.h **** 
2377:/home/min/snap/code/235/.local/share/stm32cube/bundles/gnu-tools-for-stm32/14.3.1+st.2/lib/gcc/arm-none-eabi/14.3.1/include/arm_mve.h **** __extension__ extern __inline uint8x16_t
2378:/home/min/snap/code/235/.local/share/stm32cube/bundles/gnu-tools-for-stm32/14.3.1+st.2/lib/gcc/arm-none-eabi/14.3.1/include/arm_mve.h **** __attribute__ ((__always_inline__, __gnu_inline__, __artificial__))
2379:/home/min/snap/code/235/.local/share/stm32cube/bundles/gnu-tools-for-stm32/14.3.1+st.2/lib/gcc/arm-none-eabi/14.3.1/include/arm_mve.h **** __arm_vidupq_m_n_u8 (uint8x16_t __inactive, uint32_t __a, const int __imm, mve_pred16_t __p)
2380:/home/min/snap/code/235/.local/share/stm32cube/bundles/gnu-tools-for-stm32/14.3.1+st.2/lib/gcc/arm-none-eabi/14.3.1/include/arm_mve.h **** {
2381:/home/min/snap/code/235/.local/share/stm32cube/bundles/gnu-tools-for-stm32/14.3.1+st.2/lib/gcc/arm-none-eabi/14.3.1/include/arm_mve.h ****   return __builtin_mve_vidupq_m_n_uv16qi (__inactive, __a, __imm, __p);
2382:/home/min/snap/code/235/.local/share/stm32cube/bundles/gnu-tools-for-stm32/14.3.1+st.2/lib/gcc/arm-none-eabi/14.3.1/include/arm_mve.h **** }
2383:/home/min/snap/code/235/.local/share/stm32cube/bundles/gnu-tools-for-stm32/14.3.1+st.2/lib/gcc/arm-none-eabi/14.3.1/include/arm_mve.h **** 
2384:/home/min/snap/code/235/.local/share/stm32cube/bundles/gnu-tools-for-stm32/14.3.1+st.2/lib/gcc/arm-none-eabi/14.3.1/include/arm_mve.h **** __extension__ extern __inline uint32x4_t
2385:/home/min/snap/code/235/.local/share/stm32cube/bundles/gnu-tools-for-stm32/14.3.1+st.2/lib/gcc/arm-none-eabi/14.3.1/include/arm_mve.h **** __attribute__ ((__always_inline__, __gnu_inline__, __artificial__))
2386:/home/min/snap/code/235/.local/share/stm32cube/bundles/gnu-tools-for-stm32/14.3.1+st.2/lib/gcc/arm-none-eabi/14.3.1/include/arm_mve.h **** __arm_vidupq_m_n_u32 (uint32x4_t __inactive, uint32_t __a, const int __imm, mve_pred16_t __p)
2387:/home/min/snap/code/235/.local/share/stm32cube/bundles/gnu-tools-for-stm32/14.3.1+st.2/lib/gcc/arm-none-eabi/14.3.1/include/arm_mve.h **** {
2388:/home/min/snap/code/235/.local/share/stm32cube/bundles/gnu-tools-for-stm32/14.3.1+st.2/lib/gcc/arm-none-eabi/14.3.1/include/arm_mve.h ****   return __builtin_mve_vidupq_m_n_uv4si (__inactive, __a, __imm, __p);
2389:/home/min/snap/code/235/.local/share/stm32cube/bundles/gnu-tools-for-stm32/14.3.1+st.2/lib/gcc/arm-none-eabi/14.3.1/include/arm_mve.h **** }
2390:/home/min/snap/code/235/.local/share/stm32cube/bundles/gnu-tools-for-stm32/14.3.1+st.2/lib/gcc/arm-none-eabi/14.3.1/include/arm_mve.h **** 
2391:/home/min/snap/code/235/.local/share/stm32cube/bundles/gnu-tools-for-stm32/14.3.1+st.2/lib/gcc/arm-none-eabi/14.3.1/include/arm_mve.h **** __extension__ extern __inline uint16x8_t
2392:/home/min/snap/code/235/.local/share/stm32cube/bundles/gnu-tools-for-stm32/14.3.1+st.2/lib/gcc/arm-none-eabi/14.3.1/include/arm_mve.h **** __attribute__ ((__always_inline__, __gnu_inline__, __artificial__))
2393:/home/min/snap/code/235/.local/share/stm32cube/bundles/gnu-tools-for-stm32/14.3.1+st.2/lib/gcc/arm-none-eabi/14.3.1/include/arm_mve.h **** __arm_vidupq_m_n_u16 (uint16x8_t __inactive, uint32_t __a, const int __imm, mve_pred16_t __p)
2394:/home/min/snap/code/235/.local/share/stm32cube/bundles/gnu-tools-for-stm32/14.3.1+st.2/lib/gcc/arm-none-eabi/14.3.1/include/arm_mve.h **** {
2395:/home/min/snap/code/235/.local/share/stm32cube/bundles/gnu-tools-for-stm32/14.3.1+st.2/lib/gcc/arm-none-eabi/14.3.1/include/arm_mve.h ****   return __builtin_mve_vidupq_m_n_uv8hi (__inactive, __a, __imm, __p);
2396:/home/min/snap/code/235/.local/share/stm32cube/bundles/gnu-tools-for-stm32/14.3.1+st.2/lib/gcc/arm-none-eabi/14.3.1/include/arm_mve.h **** }
2397:/home/min/snap/code/235/.local/share/stm32cube/bundles/gnu-tools-for-stm32/14.3.1+st.2/lib/gcc/arm-none-eabi/14.3.1/include/arm_mve.h **** 
2398:/home/min/snap/code/235/.local/share/stm32cube/bundles/gnu-tools-for-stm32/14.3.1+st.2/lib/gcc/arm-none-eabi/14.3.1/include/arm_mve.h **** __extension__ extern __inline uint8x16_t
2399:/home/min/snap/code/235/.local/share/stm32cube/bundles/gnu-tools-for-stm32/14.3.1+st.2/lib/gcc/arm-none-eabi/14.3.1/include/arm_mve.h **** __attribute__ ((__always_inline__, __gnu_inline__, __artificial__))
2400:/home/min/snap/code/235/.local/share/stm32cube/bundles/gnu-tools-for-stm32/14.3.1+st.2/lib/gcc/arm-none-eabi/14.3.1/include/arm_mve.h **** __arm_vidupq_n_u8 (uint32_t __a, const int __imm)
  64              		.loc 2 2400 1 view .LVU11
  65              	.LBB58:
2401:/home/min/snap/code/235/.local/share/stm32cube/bundles/gnu-tools-for-stm32/14.3.1+st.2/lib/gcc/arm-none-eabi/14.3.1/include/arm_mve.h **** {
2402:/home/min/snap/code/235/.local/share/stm32cube/bundles/gnu-tools-for-stm32/14.3.1+st.2/lib/gcc/arm-none-eabi/14.3.1/include/arm_mve.h ****   return __builtin_mve_vidupq_n_uv16qi (__a, __imm);
  66              		.loc 2 2402 3 view .LVU12
ARM GAS  /tmp/cc1JbEzq.s 			page 45


  67              	.LBE58:
  68              	.LBE57:
  69              	.LBB60:
  70              		.loc 1 36 14 is_stmt 0 view .LVU13
  71 0014 0EF1010E 		add	lr, lr, #1
  72 0018 D8BF     		it	le
  73 001a 4FF0010E 		movle	lr, #1
  74              	.LBE60:
  15:../../Middlewares/stm32-vision-models-postprocessing/lib_vision_models_pp/Src/vision_models_pp_maxi_iu8.c **** #ifdef VISION_MODELS_MAXI_IU8OU8_MVE
  75              		.loc 1 15 1 view .LVU14
  76 001e 2DED048B 		vpush.64	{d8, d9}
  77              		.cfi_def_cfa_offset 24
  78              		.cfi_offset 80, -24
  79              		.cfi_offset 81, -20
  80              		.cfi_offset 82, -16
  81              		.cfi_offset 83, -12
  82              	.LBB61:
  83              	.LBB59:
  84              		.loc 2 2402 10 view .LVU15
  85 0022 05EE6E2F 		vidup.u8	q1, r4, #1
  86              	.LVL2:
  87              		.loc 2 2402 10 view .LVU16
  88              	.LBE59:
  89              	.LBE61:
  23:../../Middlewares/stm32-vision-models-postprocessing/lib_vision_models_pp/Src/vision_models_pp_maxi_iu8.c ****   while(iter > 0)
  90              		.loc 1 23 3 is_stmt 1 view .LVU17
  24:../../Middlewares/stm32-vision-models-postprocessing/lib_vision_models_pp/Src/vision_models_pp_maxi_iu8.c ****   {
  91              		.loc 1 24 3 view .LVU18
  20:../../Middlewares/stm32-vision-models-postprocessing/lib_vision_models_pp/Src/vision_models_pp_maxi_iu8.c ****   int32_t iter = len_arr;
  92              		.loc 1 20 30 is_stmt 0 view .LVU19
  93 0026 26EF5641 		vmov	q2, q3
  94              	.LBB62:
  95              		.loc 1 36 14 view .LVU20
  96 002a 81EF508E 		vmov.i8	q4, #0x10  @ v16qi
  97 002e 4EF001E0 		dls	lr, lr
  98 0032 0844     		add	r0, r0, r1
  99              	.LVL3:
 100              	.L2:
 101              		.loc 1 36 14 view .LVU21
 102 0034 441A     		subs	r4, r0, r1
 103              	.LVL4:
 104              		.loc 1 36 14 view .LVU22
 105              	.LBE62:
  24:../../Middlewares/stm32-vision-models-postprocessing/lib_vision_models_pp/Src/vision_models_pp_maxi_iu8.c ****   {
 106              		.loc 1 24 14 is_stmt 1 view .LVU23
 107 0036 BEF1010E 		subs	lr, #1;bne	.L3
 107      12D1
  37:../../Middlewares/stm32-vision-models-postprocessing/lib_vision_models_pp/Src/vision_models_pp_maxi_iu8.c ****     iter-=16;
  38:../../Middlewares/stm32-vision-models-postprocessing/lib_vision_models_pp/Src/vision_models_pp_maxi_iu8.c ****   }
  39:../../Middlewares/stm32-vision-models-postprocessing/lib_vision_models_pp/Src/vision_models_pp_maxi_iu8.c **** 
  40:../../Middlewares/stm32-vision-models-postprocessing/lib_vision_models_pp/Src/vision_models_pp_maxi_iu8.c ****   maxValue = vmaxvq_u8(maxValue, u8x16_max_val);
 108              		.loc 1 40 3 view .LVU24
  41:../../Middlewares/stm32-vision-models-postprocessing/lib_vision_models_pp/Src/vision_models_pp_maxi_iu8.c ****   // get index for which value is equal to maxvalue and then get lower index
  42:../../Middlewares/stm32-vision-models-postprocessing/lib_vision_models_pp/Src/vision_models_pp_maxi_iu8.c ****   mve_pred16_t p0 = vcmpeqq_n_u8(u8x16_max_val, maxValue);
  43:../../Middlewares/stm32-vision-models-postprocessing/lib_vision_models_pp/Src/vision_models_pp_maxi_iu8.c **** 
  44:../../Middlewares/stm32-vision-models-postprocessing/lib_vision_models_pp/Src/vision_models_pp_maxi_iu8.c ****   u8x16_max_idx = vpselq_u8( u8x16_max_idx, vdupq_n_u8(0xFF), p0);
  45:../../Middlewares/stm32-vision-models-postprocessing/lib_vision_models_pp/Src/vision_models_pp_maxi_iu8.c ****   /*
ARM GAS  /tmp/cc1JbEzq.s 			page 46


  46:../../Middlewares/stm32-vision-models-postprocessing/lib_vision_models_pp/Src/vision_models_pp_maxi_iu8.c ****    * Get min index which is thus for a max value
  47:../../Middlewares/stm32-vision-models-postprocessing/lib_vision_models_pp/Src/vision_models_pp_maxi_iu8.c ****   */
  48:../../Middlewares/stm32-vision-models-postprocessing/lib_vision_models_pp/Src/vision_models_pp_maxi_iu8.c ****   index = vminvq_p_u8(0xFF, u8x16_max_idx,p0);
  49:../../Middlewares/stm32-vision-models-postprocessing/lib_vision_models_pp/Src/vision_models_pp_maxi_iu8.c **** 
  50:../../Middlewares/stm32-vision-models-postprocessing/lib_vision_models_pp/Src/vision_models_pp_maxi_iu8.c ****   *pMaxim = maxValue;
  51:../../Middlewares/stm32-vision-models-postprocessing/lib_vision_models_pp/Src/vision_models_pp_maxi_iu8.c ****   *pIndex = index;
  52:../../Middlewares/stm32-vision-models-postprocessing/lib_vision_models_pp/Src/vision_models_pp_maxi_iu8.c **** #else
  53:../../Middlewares/stm32-vision-models-postprocessing/lib_vision_models_pp/Src/vision_models_pp_maxi_iu8.c ****   *pIndex = 0;
  54:../../Middlewares/stm32-vision-models-postprocessing/lib_vision_models_pp/Src/vision_models_pp_maxi_iu8.c ****   *pMaxim = arr[0];
  55:../../Middlewares/stm32-vision-models-postprocessing/lib_vision_models_pp/Src/vision_models_pp_maxi_iu8.c **** 
  56:../../Middlewares/stm32-vision-models-postprocessing/lib_vision_models_pp/Src/vision_models_pp_maxi_iu8.c ****   for (uint32_t i = 1; i < len_arr; i++)
  57:../../Middlewares/stm32-vision-models-postprocessing/lib_vision_models_pp/Src/vision_models_pp_maxi_iu8.c ****   {
  58:../../Middlewares/stm32-vision-models-postprocessing/lib_vision_models_pp/Src/vision_models_pp_maxi_iu8.c ****     if (arr[i] > *pMaxim)
  59:../../Middlewares/stm32-vision-models-postprocessing/lib_vision_models_pp/Src/vision_models_pp_maxi_iu8.c ****     {
  60:../../Middlewares/stm32-vision-models-postprocessing/lib_vision_models_pp/Src/vision_models_pp_maxi_iu8.c ****       *pMaxim = arr[i];
  61:../../Middlewares/stm32-vision-models-postprocessing/lib_vision_models_pp/Src/vision_models_pp_maxi_iu8.c ****       *pIndex = i;
  62:../../Middlewares/stm32-vision-models-postprocessing/lib_vision_models_pp/Src/vision_models_pp_maxi_iu8.c ****     }
  63:../../Middlewares/stm32-vision-models-postprocessing/lib_vision_models_pp/Src/vision_models_pp_maxi_iu8.c ****   }
  64:../../Middlewares/stm32-vision-models-postprocessing/lib_vision_models_pp/Src/vision_models_pp_maxi_iu8.c **** #endif
  65:../../Middlewares/stm32-vision-models-postprocessing/lib_vision_models_pp/Src/vision_models_pp_maxi_iu8.c **** }
 109              		.loc 1 65 1 is_stmt 0 view .LVU25
 110 003c BDEC048B 		vldm	sp!, {d8-d9}
 111              		.cfi_remember_state
 112              		.cfi_restore 82
 113              		.cfi_restore 83
 114              		.cfi_restore 80
 115              		.cfi_restore 81
 116              		.cfi_def_cfa_offset 8
  40:../../Middlewares/stm32-vision-models-postprocessing/lib_vision_models_pp/Src/vision_models_pp_maxi_iu8.c ****   // get index for which value is equal to maxvalue and then get lower index
 117              		.loc 1 40 14 view .LVU26
 118 0040 0020     		movs	r0, #0
  44:../../Middlewares/stm32-vision-models-postprocessing/lib_vision_models_pp/Src/vision_models_pp_maxi_iu8.c ****   /*
 119              		.loc 1 44 19 view .LVU27
 120 0042 FF21     		movs	r1, #255
 121              	.LVL5:
  40:../../Middlewares/stm32-vision-models-postprocessing/lib_vision_models_pp/Src/vision_models_pp_maxi_iu8.c ****   // get index for which value is equal to maxvalue and then get lower index
 122              		.loc 1 40 14 view .LVU28
 123 0044 E2FE060F 		vmaxv.u8	r0, q3
 124              	.LVL6:
  42:../../Middlewares/stm32-vision-models-postprocessing/lib_vision_models_pp/Src/vision_models_pp_maxi_iu8.c **** 
 125              		.loc 1 42 3 is_stmt 1 view .LVU29
  42:../../Middlewares/stm32-vision-models-postprocessing/lib_vision_models_pp/Src/vision_models_pp_maxi_iu8.c **** 
 126              		.loc 1 42 21 is_stmt 0 view .LVU30
 127 0048 07FE400F 		vcmp.i8	eq, q3, r0
 128              	.LVL7:
  44:../../Middlewares/stm32-vision-models-postprocessing/lib_vision_models_pp/Src/vision_models_pp_maxi_iu8.c ****   /*
 129              		.loc 1 44 3 is_stmt 1 view .LVU31
  44:../../Middlewares/stm32-vision-models-postprocessing/lib_vision_models_pp/Src/vision_models_pp_maxi_iu8.c ****   /*
 130              		.loc 1 44 19 is_stmt 0 view .LVU32
 131 004c E6EE101B 		vdup.8	q3, r1
 132              	.LVL8:
  44:../../Middlewares/stm32-vision-models-postprocessing/lib_vision_models_pp/Src/vision_models_pp_maxi_iu8.c ****   /*
 133              		.loc 1 44 19 discriminator 1 view .LVU33
 134 0050 35FE074F 		vpsel	q2, q2, q3
 135              	.LVL9:
  48:../../Middlewares/stm32-vision-models-postprocessing/lib_vision_models_pp/Src/vision_models_pp_maxi_iu8.c **** 
 136              		.loc 1 48 3 is_stmt 1 view .LVU34
ARM GAS  /tmp/cc1JbEzq.s 			page 47


  48:../../Middlewares/stm32-vision-models-postprocessing/lib_vision_models_pp/Src/vision_models_pp_maxi_iu8.c **** 
 137              		.loc 1 48 11 is_stmt 0 view .LVU35
 138 0054 71FE4D0F 		vpst
 139 0058 E2FE841F 		vminvt.u8	r1, q2
 140              	.LVL10:
  50:../../Middlewares/stm32-vision-models-postprocessing/lib_vision_models_pp/Src/vision_models_pp_maxi_iu8.c ****   *pIndex = index;
 141              		.loc 1 50 3 is_stmt 1 view .LVU36
  50:../../Middlewares/stm32-vision-models-postprocessing/lib_vision_models_pp/Src/vision_models_pp_maxi_iu8.c ****   *pIndex = index;
 142              		.loc 1 50 11 is_stmt 0 view .LVU37
 143 005c 1070     		strb	r0, [r2]
  51:../../Middlewares/stm32-vision-models-postprocessing/lib_vision_models_pp/Src/vision_models_pp_maxi_iu8.c **** #else
 144              		.loc 1 51 3 is_stmt 1 view .LVU38
  51:../../Middlewares/stm32-vision-models-postprocessing/lib_vision_models_pp/Src/vision_models_pp_maxi_iu8.c **** #else
 145              		.loc 1 51 11 is_stmt 0 view .LVU39
 146 005e 1970     		strb	r1, [r3]
 147              		.loc 1 65 1 view .LVU40
 148 0060 10BD     		pop	{r4, pc}
 149              	.LVL11:
 150              	.L3:
 151              		.cfi_restore_state
 152              	.LBB63:
  26:../../Middlewares/stm32-vision-models-postprocessing/lib_vision_models_pp/Src/vision_models_pp_maxi_iu8.c ****     // load up to 16 int8
 153              		.loc 1 26 5 is_stmt 1 view .LVU41
 154              	.LBB52:
 155              	.LBI52:
 816:/home/min/snap/code/235/.local/share/stm32cube/bundles/gnu-tools-for-stm32/14.3.1+st.2/lib/gcc/arm-none-eabi/14.3.1/include/arm_mve.h **** {
 156              		.loc 2 816 1 view .LVU42
 157              	.LBB53:
 818:/home/min/snap/code/235/.local/share/stm32cube/bundles/gnu-tools-for-stm32/14.3.1+st.2/lib/gcc/arm-none-eabi/14.3.1/include/arm_mve.h **** }
 158              		.loc 2 818 3 view .LVU43
 818:/home/min/snap/code/235/.local/share/stm32cube/bundles/gnu-tools-for-stm32/14.3.1+st.2/lib/gcc/arm-none-eabi/14.3.1/include/arm_mve.h **** }
 159              		.loc 2 818 10 is_stmt 0 view .LVU44
 160 0062 01F001E8 		vctp.8	r1
 161              	.LVL12:
 818:/home/min/snap/code/235/.local/share/stm32cube/bundles/gnu-tools-for-stm32/14.3.1+st.2/lib/gcc/arm-none-eabi/14.3.1/include/arm_mve.h **** }
 162              		.loc 2 818 10 view .LVU45
 163              	.LBE53:
 164              	.LBE52:
  28:../../Middlewares/stm32-vision-models-postprocessing/lib_vision_models_pp/Src/vision_models_pp_maxi_iu8.c ****     pSrc+=16;
 165              		.loc 1 28 5 is_stmt 1 view .LVU46
 166              	.LBB54:
 167              	.LBI54:
2403:/home/min/snap/code/235/.local/share/stm32cube/bundles/gnu-tools-for-stm32/14.3.1+st.2/lib/gcc/arm-none-eabi/14.3.1/include/arm_mve.h **** }
2404:/home/min/snap/code/235/.local/share/stm32cube/bundles/gnu-tools-for-stm32/14.3.1+st.2/lib/gcc/arm-none-eabi/14.3.1/include/arm_mve.h **** 
2405:/home/min/snap/code/235/.local/share/stm32cube/bundles/gnu-tools-for-stm32/14.3.1+st.2/lib/gcc/arm-none-eabi/14.3.1/include/arm_mve.h **** __extension__ extern __inline uint8x16_t
2406:/home/min/snap/code/235/.local/share/stm32cube/bundles/gnu-tools-for-stm32/14.3.1+st.2/lib/gcc/arm-none-eabi/14.3.1/include/arm_mve.h **** __attribute__ ((__always_inline__, __gnu_inline__, __artificial__))
2407:/home/min/snap/code/235/.local/share/stm32cube/bundles/gnu-tools-for-stm32/14.3.1+st.2/lib/gcc/arm-none-eabi/14.3.1/include/arm_mve.h **** __arm_vidupq_m_wb_u8 (uint8x16_t __inactive, uint32_t * __a, const int __imm, mve_pred16_t __p)
2408:/home/min/snap/code/235/.local/share/stm32cube/bundles/gnu-tools-for-stm32/14.3.1+st.2/lib/gcc/arm-none-eabi/14.3.1/include/arm_mve.h **** {
2409:/home/min/snap/code/235/.local/share/stm32cube/bundles/gnu-tools-for-stm32/14.3.1+st.2/lib/gcc/arm-none-eabi/14.3.1/include/arm_mve.h ****   uint8x16_t __res = __builtin_mve_vidupq_m_n_uv16qi (__inactive, *__a, __imm, __p);
2410:/home/min/snap/code/235/.local/share/stm32cube/bundles/gnu-tools-for-stm32/14.3.1+st.2/lib/gcc/arm-none-eabi/14.3.1/include/arm_mve.h ****   *__a += __imm * 16u;
2411:/home/min/snap/code/235/.local/share/stm32cube/bundles/gnu-tools-for-stm32/14.3.1+st.2/lib/gcc/arm-none-eabi/14.3.1/include/arm_mve.h ****   return __res;
2412:/home/min/snap/code/235/.local/share/stm32cube/bundles/gnu-tools-for-stm32/14.3.1+st.2/lib/gcc/arm-none-eabi/14.3.1/include/arm_mve.h **** }
2413:/home/min/snap/code/235/.local/share/stm32cube/bundles/gnu-tools-for-stm32/14.3.1+st.2/lib/gcc/arm-none-eabi/14.3.1/include/arm_mve.h **** 
2414:/home/min/snap/code/235/.local/share/stm32cube/bundles/gnu-tools-for-stm32/14.3.1+st.2/lib/gcc/arm-none-eabi/14.3.1/include/arm_mve.h **** __extension__ extern __inline uint16x8_t
2415:/home/min/snap/code/235/.local/share/stm32cube/bundles/gnu-tools-for-stm32/14.3.1+st.2/lib/gcc/arm-none-eabi/14.3.1/include/arm_mve.h **** __attribute__ ((__always_inline__, __gnu_inline__, __artificial__))
2416:/home/min/snap/code/235/.local/share/stm32cube/bundles/gnu-tools-for-stm32/14.3.1+st.2/lib/gcc/arm-none-eabi/14.3.1/include/arm_mve.h **** __arm_vidupq_m_wb_u16 (uint16x8_t __inactive, uint32_t * __a, const int __imm, mve_pred16_t __p)
2417:/home/min/snap/code/235/.local/share/stm32cube/bundles/gnu-tools-for-stm32/14.3.1+st.2/lib/gcc/arm-none-eabi/14.3.1/include/arm_mve.h **** {
ARM GAS  /tmp/cc1JbEzq.s 			page 48


2418:/home/min/snap/code/235/.local/share/stm32cube/bundles/gnu-tools-for-stm32/14.3.1+st.2/lib/gcc/arm-none-eabi/14.3.1/include/arm_mve.h ****   uint16x8_t __res = __builtin_mve_vidupq_m_n_uv8hi (__inactive, *__a, __imm, __p);
2419:/home/min/snap/code/235/.local/share/stm32cube/bundles/gnu-tools-for-stm32/14.3.1+st.2/lib/gcc/arm-none-eabi/14.3.1/include/arm_mve.h ****   *__a += __imm * 8u;
2420:/home/min/snap/code/235/.local/share/stm32cube/bundles/gnu-tools-for-stm32/14.3.1+st.2/lib/gcc/arm-none-eabi/14.3.1/include/arm_mve.h ****   return __res;
2421:/home/min/snap/code/235/.local/share/stm32cube/bundles/gnu-tools-for-stm32/14.3.1+st.2/lib/gcc/arm-none-eabi/14.3.1/include/arm_mve.h **** }
2422:/home/min/snap/code/235/.local/share/stm32cube/bundles/gnu-tools-for-stm32/14.3.1+st.2/lib/gcc/arm-none-eabi/14.3.1/include/arm_mve.h **** 
2423:/home/min/snap/code/235/.local/share/stm32cube/bundles/gnu-tools-for-stm32/14.3.1+st.2/lib/gcc/arm-none-eabi/14.3.1/include/arm_mve.h **** __extension__ extern __inline uint32x4_t
2424:/home/min/snap/code/235/.local/share/stm32cube/bundles/gnu-tools-for-stm32/14.3.1+st.2/lib/gcc/arm-none-eabi/14.3.1/include/arm_mve.h **** __attribute__ ((__always_inline__, __gnu_inline__, __artificial__))
2425:/home/min/snap/code/235/.local/share/stm32cube/bundles/gnu-tools-for-stm32/14.3.1+st.2/lib/gcc/arm-none-eabi/14.3.1/include/arm_mve.h **** __arm_vidupq_m_wb_u32 (uint32x4_t __inactive, uint32_t * __a, const int __imm, mve_pred16_t __p)
2426:/home/min/snap/code/235/.local/share/stm32cube/bundles/gnu-tools-for-stm32/14.3.1+st.2/lib/gcc/arm-none-eabi/14.3.1/include/arm_mve.h **** {
2427:/home/min/snap/code/235/.local/share/stm32cube/bundles/gnu-tools-for-stm32/14.3.1+st.2/lib/gcc/arm-none-eabi/14.3.1/include/arm_mve.h ****   uint32x4_t __res = __builtin_mve_vidupq_m_n_uv4si (__inactive, *__a, __imm, __p);
2428:/home/min/snap/code/235/.local/share/stm32cube/bundles/gnu-tools-for-stm32/14.3.1+st.2/lib/gcc/arm-none-eabi/14.3.1/include/arm_mve.h ****   *__a += __imm * 4u;
2429:/home/min/snap/code/235/.local/share/stm32cube/bundles/gnu-tools-for-stm32/14.3.1+st.2/lib/gcc/arm-none-eabi/14.3.1/include/arm_mve.h ****   return __res;
2430:/home/min/snap/code/235/.local/share/stm32cube/bundles/gnu-tools-for-stm32/14.3.1+st.2/lib/gcc/arm-none-eabi/14.3.1/include/arm_mve.h **** }
2431:/home/min/snap/code/235/.local/share/stm32cube/bundles/gnu-tools-for-stm32/14.3.1+st.2/lib/gcc/arm-none-eabi/14.3.1/include/arm_mve.h **** 
2432:/home/min/snap/code/235/.local/share/stm32cube/bundles/gnu-tools-for-stm32/14.3.1+st.2/lib/gcc/arm-none-eabi/14.3.1/include/arm_mve.h **** __extension__ extern __inline uint32x4_t
2433:/home/min/snap/code/235/.local/share/stm32cube/bundles/gnu-tools-for-stm32/14.3.1+st.2/lib/gcc/arm-none-eabi/14.3.1/include/arm_mve.h **** __attribute__ ((__always_inline__, __gnu_inline__, __artificial__))
2434:/home/min/snap/code/235/.local/share/stm32cube/bundles/gnu-tools-for-stm32/14.3.1+st.2/lib/gcc/arm-none-eabi/14.3.1/include/arm_mve.h **** __arm_vidupq_n_u32 (uint32_t __a, const int __imm)
2435:/home/min/snap/code/235/.local/share/stm32cube/bundles/gnu-tools-for-stm32/14.3.1+st.2/lib/gcc/arm-none-eabi/14.3.1/include/arm_mve.h **** {
2436:/home/min/snap/code/235/.local/share/stm32cube/bundles/gnu-tools-for-stm32/14.3.1+st.2/lib/gcc/arm-none-eabi/14.3.1/include/arm_mve.h ****   return __builtin_mve_vidupq_n_uv4si (__a, __imm);
2437:/home/min/snap/code/235/.local/share/stm32cube/bundles/gnu-tools-for-stm32/14.3.1+st.2/lib/gcc/arm-none-eabi/14.3.1/include/arm_mve.h **** }
2438:/home/min/snap/code/235/.local/share/stm32cube/bundles/gnu-tools-for-stm32/14.3.1+st.2/lib/gcc/arm-none-eabi/14.3.1/include/arm_mve.h **** 
2439:/home/min/snap/code/235/.local/share/stm32cube/bundles/gnu-tools-for-stm32/14.3.1+st.2/lib/gcc/arm-none-eabi/14.3.1/include/arm_mve.h **** __extension__ extern __inline uint16x8_t
2440:/home/min/snap/code/235/.local/share/stm32cube/bundles/gnu-tools-for-stm32/14.3.1+st.2/lib/gcc/arm-none-eabi/14.3.1/include/arm_mve.h **** __attribute__ ((__always_inline__, __gnu_inline__, __artificial__))
2441:/home/min/snap/code/235/.local/share/stm32cube/bundles/gnu-tools-for-stm32/14.3.1+st.2/lib/gcc/arm-none-eabi/14.3.1/include/arm_mve.h **** __arm_vidupq_n_u16 (uint32_t __a, const int __imm)
2442:/home/min/snap/code/235/.local/share/stm32cube/bundles/gnu-tools-for-stm32/14.3.1+st.2/lib/gcc/arm-none-eabi/14.3.1/include/arm_mve.h **** {
2443:/home/min/snap/code/235/.local/share/stm32cube/bundles/gnu-tools-for-stm32/14.3.1+st.2/lib/gcc/arm-none-eabi/14.3.1/include/arm_mve.h ****   return __builtin_mve_vidupq_n_uv8hi (__a, __imm);
2444:/home/min/snap/code/235/.local/share/stm32cube/bundles/gnu-tools-for-stm32/14.3.1+st.2/lib/gcc/arm-none-eabi/14.3.1/include/arm_mve.h **** }
2445:/home/min/snap/code/235/.local/share/stm32cube/bundles/gnu-tools-for-stm32/14.3.1+st.2/lib/gcc/arm-none-eabi/14.3.1/include/arm_mve.h **** 
2446:/home/min/snap/code/235/.local/share/stm32cube/bundles/gnu-tools-for-stm32/14.3.1+st.2/lib/gcc/arm-none-eabi/14.3.1/include/arm_mve.h **** __extension__ extern __inline uint8x16_t
2447:/home/min/snap/code/235/.local/share/stm32cube/bundles/gnu-tools-for-stm32/14.3.1+st.2/lib/gcc/arm-none-eabi/14.3.1/include/arm_mve.h **** __attribute__ ((__always_inline__, __gnu_inline__, __artificial__))
2448:/home/min/snap/code/235/.local/share/stm32cube/bundles/gnu-tools-for-stm32/14.3.1+st.2/lib/gcc/arm-none-eabi/14.3.1/include/arm_mve.h **** __arm_vidupq_wb_u8 (uint32_t * __a, const int __imm)
2449:/home/min/snap/code/235/.local/share/stm32cube/bundles/gnu-tools-for-stm32/14.3.1+st.2/lib/gcc/arm-none-eabi/14.3.1/include/arm_mve.h **** {
2450:/home/min/snap/code/235/.local/share/stm32cube/bundles/gnu-tools-for-stm32/14.3.1+st.2/lib/gcc/arm-none-eabi/14.3.1/include/arm_mve.h ****   uint8x16_t __res = __builtin_mve_vidupq_n_uv16qi (*__a, __imm);
2451:/home/min/snap/code/235/.local/share/stm32cube/bundles/gnu-tools-for-stm32/14.3.1+st.2/lib/gcc/arm-none-eabi/14.3.1/include/arm_mve.h ****   *__a += __imm * 16u;
2452:/home/min/snap/code/235/.local/share/stm32cube/bundles/gnu-tools-for-stm32/14.3.1+st.2/lib/gcc/arm-none-eabi/14.3.1/include/arm_mve.h ****   return __res;
2453:/home/min/snap/code/235/.local/share/stm32cube/bundles/gnu-tools-for-stm32/14.3.1+st.2/lib/gcc/arm-none-eabi/14.3.1/include/arm_mve.h **** }
2454:/home/min/snap/code/235/.local/share/stm32cube/bundles/gnu-tools-for-stm32/14.3.1+st.2/lib/gcc/arm-none-eabi/14.3.1/include/arm_mve.h **** 
2455:/home/min/snap/code/235/.local/share/stm32cube/bundles/gnu-tools-for-stm32/14.3.1+st.2/lib/gcc/arm-none-eabi/14.3.1/include/arm_mve.h **** __extension__ extern __inline uint16x8_t
2456:/home/min/snap/code/235/.local/share/stm32cube/bundles/gnu-tools-for-stm32/14.3.1+st.2/lib/gcc/arm-none-eabi/14.3.1/include/arm_mve.h **** __attribute__ ((__always_inline__, __gnu_inline__, __artificial__))
2457:/home/min/snap/code/235/.local/share/stm32cube/bundles/gnu-tools-for-stm32/14.3.1+st.2/lib/gcc/arm-none-eabi/14.3.1/include/arm_mve.h **** __arm_vidupq_wb_u16 (uint32_t * __a, const int __imm)
2458:/home/min/snap/code/235/.local/share/stm32cube/bundles/gnu-tools-for-stm32/14.3.1+st.2/lib/gcc/arm-none-eabi/14.3.1/include/arm_mve.h **** {
2459:/home/min/snap/code/235/.local/share/stm32cube/bundles/gnu-tools-for-stm32/14.3.1+st.2/lib/gcc/arm-none-eabi/14.3.1/include/arm_mve.h ****   uint16x8_t __res = __builtin_mve_vidupq_n_uv8hi (*__a, __imm);
2460:/home/min/snap/code/235/.local/share/stm32cube/bundles/gnu-tools-for-stm32/14.3.1+st.2/lib/gcc/arm-none-eabi/14.3.1/include/arm_mve.h ****   *__a += __imm * 8u;
2461:/home/min/snap/code/235/.local/share/stm32cube/bundles/gnu-tools-for-stm32/14.3.1+st.2/lib/gcc/arm-none-eabi/14.3.1/include/arm_mve.h ****   return __res;
2462:/home/min/snap/code/235/.local/share/stm32cube/bundles/gnu-tools-for-stm32/14.3.1+st.2/lib/gcc/arm-none-eabi/14.3.1/include/arm_mve.h **** }
2463:/home/min/snap/code/235/.local/share/stm32cube/bundles/gnu-tools-for-stm32/14.3.1+st.2/lib/gcc/arm-none-eabi/14.3.1/include/arm_mve.h **** 
2464:/home/min/snap/code/235/.local/share/stm32cube/bundles/gnu-tools-for-stm32/14.3.1+st.2/lib/gcc/arm-none-eabi/14.3.1/include/arm_mve.h **** __extension__ extern __inline uint32x4_t
2465:/home/min/snap/code/235/.local/share/stm32cube/bundles/gnu-tools-for-stm32/14.3.1+st.2/lib/gcc/arm-none-eabi/14.3.1/include/arm_mve.h **** __attribute__ ((__always_inline__, __gnu_inline__, __artificial__))
2466:/home/min/snap/code/235/.local/share/stm32cube/bundles/gnu-tools-for-stm32/14.3.1+st.2/lib/gcc/arm-none-eabi/14.3.1/include/arm_mve.h **** __arm_vidupq_wb_u32 (uint32_t * __a, const int __imm)
2467:/home/min/snap/code/235/.local/share/stm32cube/bundles/gnu-tools-for-stm32/14.3.1+st.2/lib/gcc/arm-none-eabi/14.3.1/include/arm_mve.h **** {
2468:/home/min/snap/code/235/.local/share/stm32cube/bundles/gnu-tools-for-stm32/14.3.1+st.2/lib/gcc/arm-none-eabi/14.3.1/include/arm_mve.h ****   uint32x4_t __res = __builtin_mve_vidupq_n_uv4si (*__a, __imm);
2469:/home/min/snap/code/235/.local/share/stm32cube/bundles/gnu-tools-for-stm32/14.3.1+st.2/lib/gcc/arm-none-eabi/14.3.1/include/arm_mve.h ****   *__a += __imm * 4u;
2470:/home/min/snap/code/235/.local/share/stm32cube/bundles/gnu-tools-for-stm32/14.3.1+st.2/lib/gcc/arm-none-eabi/14.3.1/include/arm_mve.h ****   return __res;
2471:/home/min/snap/code/235/.local/share/stm32cube/bundles/gnu-tools-for-stm32/14.3.1+st.2/lib/gcc/arm-none-eabi/14.3.1/include/arm_mve.h **** }
2472:/home/min/snap/code/235/.local/share/stm32cube/bundles/gnu-tools-for-stm32/14.3.1+st.2/lib/gcc/arm-none-eabi/14.3.1/include/arm_mve.h **** 
2473:/home/min/snap/code/235/.local/share/stm32cube/bundles/gnu-tools-for-stm32/14.3.1+st.2/lib/gcc/arm-none-eabi/14.3.1/include/arm_mve.h **** __extension__ extern __inline uint8x16_t
2474:/home/min/snap/code/235/.local/share/stm32cube/bundles/gnu-tools-for-stm32/14.3.1+st.2/lib/gcc/arm-none-eabi/14.3.1/include/arm_mve.h **** __attribute__ ((__always_inline__, __gnu_inline__, __artificial__))
ARM GAS  /tmp/cc1JbEzq.s 			page 49


2475:/home/min/snap/code/235/.local/share/stm32cube/bundles/gnu-tools-for-stm32/14.3.1+st.2/lib/gcc/arm-none-eabi/14.3.1/include/arm_mve.h **** __arm_vddupq_wb_u8 (uint32_t * __a, const int __imm)
2476:/home/min/snap/code/235/.local/share/stm32cube/bundles/gnu-tools-for-stm32/14.3.1+st.2/lib/gcc/arm-none-eabi/14.3.1/include/arm_mve.h **** {
2477:/home/min/snap/code/235/.local/share/stm32cube/bundles/gnu-tools-for-stm32/14.3.1+st.2/lib/gcc/arm-none-eabi/14.3.1/include/arm_mve.h ****   uint8x16_t __res = __builtin_mve_vddupq_n_uv16qi (*__a, __imm);
2478:/home/min/snap/code/235/.local/share/stm32cube/bundles/gnu-tools-for-stm32/14.3.1+st.2/lib/gcc/arm-none-eabi/14.3.1/include/arm_mve.h ****   *__a -= __imm * 16u;
2479:/home/min/snap/code/235/.local/share/stm32cube/bundles/gnu-tools-for-stm32/14.3.1+st.2/lib/gcc/arm-none-eabi/14.3.1/include/arm_mve.h ****   return __res;
2480:/home/min/snap/code/235/.local/share/stm32cube/bundles/gnu-tools-for-stm32/14.3.1+st.2/lib/gcc/arm-none-eabi/14.3.1/include/arm_mve.h **** }
2481:/home/min/snap/code/235/.local/share/stm32cube/bundles/gnu-tools-for-stm32/14.3.1+st.2/lib/gcc/arm-none-eabi/14.3.1/include/arm_mve.h **** 
2482:/home/min/snap/code/235/.local/share/stm32cube/bundles/gnu-tools-for-stm32/14.3.1+st.2/lib/gcc/arm-none-eabi/14.3.1/include/arm_mve.h **** __extension__ extern __inline uint16x8_t
2483:/home/min/snap/code/235/.local/share/stm32cube/bundles/gnu-tools-for-stm32/14.3.1+st.2/lib/gcc/arm-none-eabi/14.3.1/include/arm_mve.h **** __attribute__ ((__always_inline__, __gnu_inline__, __artificial__))
2484:/home/min/snap/code/235/.local/share/stm32cube/bundles/gnu-tools-for-stm32/14.3.1+st.2/lib/gcc/arm-none-eabi/14.3.1/include/arm_mve.h **** __arm_vddupq_wb_u16 (uint32_t * __a, const int __imm)
2485:/home/min/snap/code/235/.local/share/stm32cube/bundles/gnu-tools-for-stm32/14.3.1+st.2/lib/gcc/arm-none-eabi/14.3.1/include/arm_mve.h **** {
2486:/home/min/snap/code/235/.local/share/stm32cube/bundles/gnu-tools-for-stm32/14.3.1+st.2/lib/gcc/arm-none-eabi/14.3.1/include/arm_mve.h ****   uint16x8_t __res = __builtin_mve_vddupq_n_uv8hi (*__a, __imm);
2487:/home/min/snap/code/235/.local/share/stm32cube/bundles/gnu-tools-for-stm32/14.3.1+st.2/lib/gcc/arm-none-eabi/14.3.1/include/arm_mve.h ****   *__a -= __imm * 8u;
2488:/home/min/snap/code/235/.local/share/stm32cube/bundles/gnu-tools-for-stm32/14.3.1+st.2/lib/gcc/arm-none-eabi/14.3.1/include/arm_mve.h ****   return __res;
2489:/home/min/snap/code/235/.local/share/stm32cube/bundles/gnu-tools-for-stm32/14.3.1+st.2/lib/gcc/arm-none-eabi/14.3.1/include/arm_mve.h **** }
2490:/home/min/snap/code/235/.local/share/stm32cube/bundles/gnu-tools-for-stm32/14.3.1+st.2/lib/gcc/arm-none-eabi/14.3.1/include/arm_mve.h **** 
2491:/home/min/snap/code/235/.local/share/stm32cube/bundles/gnu-tools-for-stm32/14.3.1+st.2/lib/gcc/arm-none-eabi/14.3.1/include/arm_mve.h **** __extension__ extern __inline uint32x4_t
2492:/home/min/snap/code/235/.local/share/stm32cube/bundles/gnu-tools-for-stm32/14.3.1+st.2/lib/gcc/arm-none-eabi/14.3.1/include/arm_mve.h **** __attribute__ ((__always_inline__, __gnu_inline__, __artificial__))
2493:/home/min/snap/code/235/.local/share/stm32cube/bundles/gnu-tools-for-stm32/14.3.1+st.2/lib/gcc/arm-none-eabi/14.3.1/include/arm_mve.h **** __arm_vddupq_wb_u32 (uint32_t * __a, const int __imm)
2494:/home/min/snap/code/235/.local/share/stm32cube/bundles/gnu-tools-for-stm32/14.3.1+st.2/lib/gcc/arm-none-eabi/14.3.1/include/arm_mve.h **** {
2495:/home/min/snap/code/235/.local/share/stm32cube/bundles/gnu-tools-for-stm32/14.3.1+st.2/lib/gcc/arm-none-eabi/14.3.1/include/arm_mve.h ****   uint32x4_t __res = __builtin_mve_vddupq_n_uv4si (*__a, __imm);
2496:/home/min/snap/code/235/.local/share/stm32cube/bundles/gnu-tools-for-stm32/14.3.1+st.2/lib/gcc/arm-none-eabi/14.3.1/include/arm_mve.h ****   *__a -= __imm * 4u;
2497:/home/min/snap/code/235/.local/share/stm32cube/bundles/gnu-tools-for-stm32/14.3.1+st.2/lib/gcc/arm-none-eabi/14.3.1/include/arm_mve.h ****   return __res;
2498:/home/min/snap/code/235/.local/share/stm32cube/bundles/gnu-tools-for-stm32/14.3.1+st.2/lib/gcc/arm-none-eabi/14.3.1/include/arm_mve.h **** }
2499:/home/min/snap/code/235/.local/share/stm32cube/bundles/gnu-tools-for-stm32/14.3.1+st.2/lib/gcc/arm-none-eabi/14.3.1/include/arm_mve.h **** 
2500:/home/min/snap/code/235/.local/share/stm32cube/bundles/gnu-tools-for-stm32/14.3.1+st.2/lib/gcc/arm-none-eabi/14.3.1/include/arm_mve.h **** __extension__ extern __inline uint8x16_t
2501:/home/min/snap/code/235/.local/share/stm32cube/bundles/gnu-tools-for-stm32/14.3.1+st.2/lib/gcc/arm-none-eabi/14.3.1/include/arm_mve.h **** __attribute__ ((__always_inline__, __gnu_inline__, __artificial__))
2502:/home/min/snap/code/235/.local/share/stm32cube/bundles/gnu-tools-for-stm32/14.3.1+st.2/lib/gcc/arm-none-eabi/14.3.1/include/arm_mve.h **** __arm_viwdupq_m_n_u8 (uint8x16_t __inactive, uint32_t __a, uint32_t __b, const int __imm, mve_pred1
2503:/home/min/snap/code/235/.local/share/stm32cube/bundles/gnu-tools-for-stm32/14.3.1+st.2/lib/gcc/arm-none-eabi/14.3.1/include/arm_mve.h **** {
2504:/home/min/snap/code/235/.local/share/stm32cube/bundles/gnu-tools-for-stm32/14.3.1+st.2/lib/gcc/arm-none-eabi/14.3.1/include/arm_mve.h ****   uint64_t __c = ((uint64_t) __b) << 32;
2505:/home/min/snap/code/235/.local/share/stm32cube/bundles/gnu-tools-for-stm32/14.3.1+st.2/lib/gcc/arm-none-eabi/14.3.1/include/arm_mve.h ****   return __builtin_mve_viwdupq_m_n_uv16qi (__inactive, __a, __c, __imm, __p);
2506:/home/min/snap/code/235/.local/share/stm32cube/bundles/gnu-tools-for-stm32/14.3.1+st.2/lib/gcc/arm-none-eabi/14.3.1/include/arm_mve.h **** }
2507:/home/min/snap/code/235/.local/share/stm32cube/bundles/gnu-tools-for-stm32/14.3.1+st.2/lib/gcc/arm-none-eabi/14.3.1/include/arm_mve.h **** 
2508:/home/min/snap/code/235/.local/share/stm32cube/bundles/gnu-tools-for-stm32/14.3.1+st.2/lib/gcc/arm-none-eabi/14.3.1/include/arm_mve.h **** __extension__ extern __inline uint32x4_t
2509:/home/min/snap/code/235/.local/share/stm32cube/bundles/gnu-tools-for-stm32/14.3.1+st.2/lib/gcc/arm-none-eabi/14.3.1/include/arm_mve.h **** __attribute__ ((__always_inline__, __gnu_inline__, __artificial__))
2510:/home/min/snap/code/235/.local/share/stm32cube/bundles/gnu-tools-for-stm32/14.3.1+st.2/lib/gcc/arm-none-eabi/14.3.1/include/arm_mve.h **** __arm_viwdupq_m_n_u32 (uint32x4_t __inactive, uint32_t __a, uint32_t __b, const int __imm, mve_pred
2511:/home/min/snap/code/235/.local/share/stm32cube/bundles/gnu-tools-for-stm32/14.3.1+st.2/lib/gcc/arm-none-eabi/14.3.1/include/arm_mve.h **** {
2512:/home/min/snap/code/235/.local/share/stm32cube/bundles/gnu-tools-for-stm32/14.3.1+st.2/lib/gcc/arm-none-eabi/14.3.1/include/arm_mve.h ****   uint64_t __c = ((uint64_t) __b) << 32;
2513:/home/min/snap/code/235/.local/share/stm32cube/bundles/gnu-tools-for-stm32/14.3.1+st.2/lib/gcc/arm-none-eabi/14.3.1/include/arm_mve.h ****   return __builtin_mve_viwdupq_m_n_uv4si (__inactive, __a, __c, __imm, __p);
2514:/home/min/snap/code/235/.local/share/stm32cube/bundles/gnu-tools-for-stm32/14.3.1+st.2/lib/gcc/arm-none-eabi/14.3.1/include/arm_mve.h **** }
2515:/home/min/snap/code/235/.local/share/stm32cube/bundles/gnu-tools-for-stm32/14.3.1+st.2/lib/gcc/arm-none-eabi/14.3.1/include/arm_mve.h **** 
2516:/home/min/snap/code/235/.local/share/stm32cube/bundles/gnu-tools-for-stm32/14.3.1+st.2/lib/gcc/arm-none-eabi/14.3.1/include/arm_mve.h **** __extension__ extern __inline uint16x8_t
2517:/home/min/snap/code/235/.local/share/stm32cube/bundles/gnu-tools-for-stm32/14.3.1+st.2/lib/gcc/arm-none-eabi/14.3.1/include/arm_mve.h **** __attribute__ ((__always_inline__, __gnu_inline__, __artificial__))
2518:/home/min/snap/code/235/.local/share/stm32cube/bundles/gnu-tools-for-stm32/14.3.1+st.2/lib/gcc/arm-none-eabi/14.3.1/include/arm_mve.h **** __arm_viwdupq_m_n_u16 (uint16x8_t __inactive, uint32_t __a, uint32_t __b, const int __imm, mve_pred
2519:/home/min/snap/code/235/.local/share/stm32cube/bundles/gnu-tools-for-stm32/14.3.1+st.2/lib/gcc/arm-none-eabi/14.3.1/include/arm_mve.h **** {
2520:/home/min/snap/code/235/.local/share/stm32cube/bundles/gnu-tools-for-stm32/14.3.1+st.2/lib/gcc/arm-none-eabi/14.3.1/include/arm_mve.h ****   uint64_t __c = ((uint64_t) __b) << 32;
2521:/home/min/snap/code/235/.local/share/stm32cube/bundles/gnu-tools-for-stm32/14.3.1+st.2/lib/gcc/arm-none-eabi/14.3.1/include/arm_mve.h ****   return __builtin_mve_viwdupq_m_n_uv8hi (__inactive, __a, __c, __imm, __p);
2522:/home/min/snap/code/235/.local/share/stm32cube/bundles/gnu-tools-for-stm32/14.3.1+st.2/lib/gcc/arm-none-eabi/14.3.1/include/arm_mve.h **** }
2523:/home/min/snap/code/235/.local/share/stm32cube/bundles/gnu-tools-for-stm32/14.3.1+st.2/lib/gcc/arm-none-eabi/14.3.1/include/arm_mve.h **** 
2524:/home/min/snap/code/235/.local/share/stm32cube/bundles/gnu-tools-for-stm32/14.3.1+st.2/lib/gcc/arm-none-eabi/14.3.1/include/arm_mve.h **** __extension__ extern __inline uint8x16_t
2525:/home/min/snap/code/235/.local/share/stm32cube/bundles/gnu-tools-for-stm32/14.3.1+st.2/lib/gcc/arm-none-eabi/14.3.1/include/arm_mve.h **** __attribute__ ((__always_inline__, __gnu_inline__, __artificial__))
2526:/home/min/snap/code/235/.local/share/stm32cube/bundles/gnu-tools-for-stm32/14.3.1+st.2/lib/gcc/arm-none-eabi/14.3.1/include/arm_mve.h **** __arm_viwdupq_m_wb_u8 (uint8x16_t __inactive, uint32_t * __a, uint32_t __b, const int __imm, mve_pr
2527:/home/min/snap/code/235/.local/share/stm32cube/bundles/gnu-tools-for-stm32/14.3.1+st.2/lib/gcc/arm-none-eabi/14.3.1/include/arm_mve.h **** {
2528:/home/min/snap/code/235/.local/share/stm32cube/bundles/gnu-tools-for-stm32/14.3.1+st.2/lib/gcc/arm-none-eabi/14.3.1/include/arm_mve.h ****   uint64_t __c = ((uint64_t) __b) << 32;
2529:/home/min/snap/code/235/.local/share/stm32cube/bundles/gnu-tools-for-stm32/14.3.1+st.2/lib/gcc/arm-none-eabi/14.3.1/include/arm_mve.h ****   uint8x16_t __res = __builtin_mve_viwdupq_m_n_uv16qi (__inactive, *__a, __c, __imm, __p);
2530:/home/min/snap/code/235/.local/share/stm32cube/bundles/gnu-tools-for-stm32/14.3.1+st.2/lib/gcc/arm-none-eabi/14.3.1/include/arm_mve.h ****   *__a =  __builtin_mve_viwdupq_m_wb_uv16qi (__inactive, *__a, __c, __imm, __p);
2531:/home/min/snap/code/235/.local/share/stm32cube/bundles/gnu-tools-for-stm32/14.3.1+st.2/lib/gcc/arm-none-eabi/14.3.1/include/arm_mve.h ****   return __res;
ARM GAS  /tmp/cc1JbEzq.s 			page 50


2532:/home/min/snap/code/235/.local/share/stm32cube/bundles/gnu-tools-for-stm32/14.3.1+st.2/lib/gcc/arm-none-eabi/14.3.1/include/arm_mve.h **** }
2533:/home/min/snap/code/235/.local/share/stm32cube/bundles/gnu-tools-for-stm32/14.3.1+st.2/lib/gcc/arm-none-eabi/14.3.1/include/arm_mve.h **** 
2534:/home/min/snap/code/235/.local/share/stm32cube/bundles/gnu-tools-for-stm32/14.3.1+st.2/lib/gcc/arm-none-eabi/14.3.1/include/arm_mve.h **** __extension__ extern __inline uint32x4_t
2535:/home/min/snap/code/235/.local/share/stm32cube/bundles/gnu-tools-for-stm32/14.3.1+st.2/lib/gcc/arm-none-eabi/14.3.1/include/arm_mve.h **** __attribute__ ((__always_inline__, __gnu_inline__, __artificial__))
2536:/home/min/snap/code/235/.local/share/stm32cube/bundles/gnu-tools-for-stm32/14.3.1+st.2/lib/gcc/arm-none-eabi/14.3.1/include/arm_mve.h **** __arm_viwdupq_m_wb_u32 (uint32x4_t __inactive, uint32_t * __a, uint32_t __b, const int __imm, mve_p
2537:/home/min/snap/code/235/.local/share/stm32cube/bundles/gnu-tools-for-stm32/14.3.1+st.2/lib/gcc/arm-none-eabi/14.3.1/include/arm_mve.h **** {
2538:/home/min/snap/code/235/.local/share/stm32cube/bundles/gnu-tools-for-stm32/14.3.1+st.2/lib/gcc/arm-none-eabi/14.3.1/include/arm_mve.h ****   uint64_t __c = ((uint64_t) __b) << 32;
2539:/home/min/snap/code/235/.local/share/stm32cube/bundles/gnu-tools-for-stm32/14.3.1+st.2/lib/gcc/arm-none-eabi/14.3.1/include/arm_mve.h ****   uint32x4_t __res = __builtin_mve_viwdupq_m_n_uv4si (__inactive, *__a, __c, __imm, __p);
2540:/home/min/snap/code/235/.local/share/stm32cube/bundles/gnu-tools-for-stm32/14.3.1+st.2/lib/gcc/arm-none-eabi/14.3.1/include/arm_mve.h ****   *__a =  __builtin_mve_viwdupq_m_wb_uv4si (__inactive, *__a, __c, __imm, __p);
2541:/home/min/snap/code/235/.local/share/stm32cube/bundles/gnu-tools-for-stm32/14.3.1+st.2/lib/gcc/arm-none-eabi/14.3.1/include/arm_mve.h ****   return __res;
2542:/home/min/snap/code/235/.local/share/stm32cube/bundles/gnu-tools-for-stm32/14.3.1+st.2/lib/gcc/arm-none-eabi/14.3.1/include/arm_mve.h **** }
2543:/home/min/snap/code/235/.local/share/stm32cube/bundles/gnu-tools-for-stm32/14.3.1+st.2/lib/gcc/arm-none-eabi/14.3.1/include/arm_mve.h **** 
2544:/home/min/snap/code/235/.local/share/stm32cube/bundles/gnu-tools-for-stm32/14.3.1+st.2/lib/gcc/arm-none-eabi/14.3.1/include/arm_mve.h **** __extension__ extern __inline uint16x8_t
2545:/home/min/snap/code/235/.local/share/stm32cube/bundles/gnu-tools-for-stm32/14.3.1+st.2/lib/gcc/arm-none-eabi/14.3.1/include/arm_mve.h **** __attribute__ ((__always_inline__, __gnu_inline__, __artificial__))
2546:/home/min/snap/code/235/.local/share/stm32cube/bundles/gnu-tools-for-stm32/14.3.1+st.2/lib/gcc/arm-none-eabi/14.3.1/include/arm_mve.h **** __arm_viwdupq_m_wb_u16 (uint16x8_t __inactive, uint32_t * __a, uint32_t __b, const int __imm, mve_p
2547:/home/min/snap/code/235/.local/share/stm32cube/bundles/gnu-tools-for-stm32/14.3.1+st.2/lib/gcc/arm-none-eabi/14.3.1/include/arm_mve.h **** {
2548:/home/min/snap/code/235/.local/share/stm32cube/bundles/gnu-tools-for-stm32/14.3.1+st.2/lib/gcc/arm-none-eabi/14.3.1/include/arm_mve.h ****   uint64_t __c = ((uint64_t) __b) << 32;
2549:/home/min/snap/code/235/.local/share/stm32cube/bundles/gnu-tools-for-stm32/14.3.1+st.2/lib/gcc/arm-none-eabi/14.3.1/include/arm_mve.h ****   uint16x8_t __res = __builtin_mve_viwdupq_m_n_uv8hi (__inactive, *__a, __c, __imm, __p);
2550:/home/min/snap/code/235/.local/share/stm32cube/bundles/gnu-tools-for-stm32/14.3.1+st.2/lib/gcc/arm-none-eabi/14.3.1/include/arm_mve.h ****   *__a =  __builtin_mve_viwdupq_m_wb_uv8hi (__inactive, *__a, __c, __imm, __p);
2551:/home/min/snap/code/235/.local/share/stm32cube/bundles/gnu-tools-for-stm32/14.3.1+st.2/lib/gcc/arm-none-eabi/14.3.1/include/arm_mve.h ****   return __res;
2552:/home/min/snap/code/235/.local/share/stm32cube/bundles/gnu-tools-for-stm32/14.3.1+st.2/lib/gcc/arm-none-eabi/14.3.1/include/arm_mve.h **** }
2553:/home/min/snap/code/235/.local/share/stm32cube/bundles/gnu-tools-for-stm32/14.3.1+st.2/lib/gcc/arm-none-eabi/14.3.1/include/arm_mve.h **** 
2554:/home/min/snap/code/235/.local/share/stm32cube/bundles/gnu-tools-for-stm32/14.3.1+st.2/lib/gcc/arm-none-eabi/14.3.1/include/arm_mve.h **** __extension__ extern __inline uint8x16_t
2555:/home/min/snap/code/235/.local/share/stm32cube/bundles/gnu-tools-for-stm32/14.3.1+st.2/lib/gcc/arm-none-eabi/14.3.1/include/arm_mve.h **** __attribute__ ((__always_inline__, __gnu_inline__, __artificial__))
2556:/home/min/snap/code/235/.local/share/stm32cube/bundles/gnu-tools-for-stm32/14.3.1+st.2/lib/gcc/arm-none-eabi/14.3.1/include/arm_mve.h **** __arm_viwdupq_n_u8 (uint32_t __a, uint32_t __b, const int __imm)
2557:/home/min/snap/code/235/.local/share/stm32cube/bundles/gnu-tools-for-stm32/14.3.1+st.2/lib/gcc/arm-none-eabi/14.3.1/include/arm_mve.h **** {
2558:/home/min/snap/code/235/.local/share/stm32cube/bundles/gnu-tools-for-stm32/14.3.1+st.2/lib/gcc/arm-none-eabi/14.3.1/include/arm_mve.h ****   uint64_t __c = ((uint64_t) __b) << 32;
2559:/home/min/snap/code/235/.local/share/stm32cube/bundles/gnu-tools-for-stm32/14.3.1+st.2/lib/gcc/arm-none-eabi/14.3.1/include/arm_mve.h ****   return __builtin_mve_viwdupq_n_uv16qi (__a, __c, __imm);
2560:/home/min/snap/code/235/.local/share/stm32cube/bundles/gnu-tools-for-stm32/14.3.1+st.2/lib/gcc/arm-none-eabi/14.3.1/include/arm_mve.h **** }
2561:/home/min/snap/code/235/.local/share/stm32cube/bundles/gnu-tools-for-stm32/14.3.1+st.2/lib/gcc/arm-none-eabi/14.3.1/include/arm_mve.h **** 
2562:/home/min/snap/code/235/.local/share/stm32cube/bundles/gnu-tools-for-stm32/14.3.1+st.2/lib/gcc/arm-none-eabi/14.3.1/include/arm_mve.h **** __extension__ extern __inline uint32x4_t
2563:/home/min/snap/code/235/.local/share/stm32cube/bundles/gnu-tools-for-stm32/14.3.1+st.2/lib/gcc/arm-none-eabi/14.3.1/include/arm_mve.h **** __attribute__ ((__always_inline__, __gnu_inline__, __artificial__))
2564:/home/min/snap/code/235/.local/share/stm32cube/bundles/gnu-tools-for-stm32/14.3.1+st.2/lib/gcc/arm-none-eabi/14.3.1/include/arm_mve.h **** __arm_viwdupq_n_u32 (uint32_t __a, uint32_t __b, const int __imm)
2565:/home/min/snap/code/235/.local/share/stm32cube/bundles/gnu-tools-for-stm32/14.3.1+st.2/lib/gcc/arm-none-eabi/14.3.1/include/arm_mve.h **** {
2566:/home/min/snap/code/235/.local/share/stm32cube/bundles/gnu-tools-for-stm32/14.3.1+st.2/lib/gcc/arm-none-eabi/14.3.1/include/arm_mve.h ****   uint64_t __c = ((uint64_t) __b) << 32;
2567:/home/min/snap/code/235/.local/share/stm32cube/bundles/gnu-tools-for-stm32/14.3.1+st.2/lib/gcc/arm-none-eabi/14.3.1/include/arm_mve.h ****   return __builtin_mve_viwdupq_n_uv4si (__a, __c, __imm);
2568:/home/min/snap/code/235/.local/share/stm32cube/bundles/gnu-tools-for-stm32/14.3.1+st.2/lib/gcc/arm-none-eabi/14.3.1/include/arm_mve.h **** }
2569:/home/min/snap/code/235/.local/share/stm32cube/bundles/gnu-tools-for-stm32/14.3.1+st.2/lib/gcc/arm-none-eabi/14.3.1/include/arm_mve.h **** 
2570:/home/min/snap/code/235/.local/share/stm32cube/bundles/gnu-tools-for-stm32/14.3.1+st.2/lib/gcc/arm-none-eabi/14.3.1/include/arm_mve.h **** __extension__ extern __inline uint16x8_t
2571:/home/min/snap/code/235/.local/share/stm32cube/bundles/gnu-tools-for-stm32/14.3.1+st.2/lib/gcc/arm-none-eabi/14.3.1/include/arm_mve.h **** __attribute__ ((__always_inline__, __gnu_inline__, __artificial__))
2572:/home/min/snap/code/235/.local/share/stm32cube/bundles/gnu-tools-for-stm32/14.3.1+st.2/lib/gcc/arm-none-eabi/14.3.1/include/arm_mve.h **** __arm_viwdupq_n_u16 (uint32_t __a, uint32_t __b, const int __imm)
2573:/home/min/snap/code/235/.local/share/stm32cube/bundles/gnu-tools-for-stm32/14.3.1+st.2/lib/gcc/arm-none-eabi/14.3.1/include/arm_mve.h **** {
2574:/home/min/snap/code/235/.local/share/stm32cube/bundles/gnu-tools-for-stm32/14.3.1+st.2/lib/gcc/arm-none-eabi/14.3.1/include/arm_mve.h ****   uint64_t __c = ((uint64_t) __b) << 32;
2575:/home/min/snap/code/235/.local/share/stm32cube/bundles/gnu-tools-for-stm32/14.3.1+st.2/lib/gcc/arm-none-eabi/14.3.1/include/arm_mve.h ****   return __builtin_mve_viwdupq_n_uv8hi (__a, __c, __imm);
2576:/home/min/snap/code/235/.local/share/stm32cube/bundles/gnu-tools-for-stm32/14.3.1+st.2/lib/gcc/arm-none-eabi/14.3.1/include/arm_mve.h **** }
2577:/home/min/snap/code/235/.local/share/stm32cube/bundles/gnu-tools-for-stm32/14.3.1+st.2/lib/gcc/arm-none-eabi/14.3.1/include/arm_mve.h **** 
2578:/home/min/snap/code/235/.local/share/stm32cube/bundles/gnu-tools-for-stm32/14.3.1+st.2/lib/gcc/arm-none-eabi/14.3.1/include/arm_mve.h **** __extension__ extern __inline uint8x16_t
2579:/home/min/snap/code/235/.local/share/stm32cube/bundles/gnu-tools-for-stm32/14.3.1+st.2/lib/gcc/arm-none-eabi/14.3.1/include/arm_mve.h **** __attribute__ ((__always_inline__, __gnu_inline__, __artificial__))
2580:/home/min/snap/code/235/.local/share/stm32cube/bundles/gnu-tools-for-stm32/14.3.1+st.2/lib/gcc/arm-none-eabi/14.3.1/include/arm_mve.h **** __arm_viwdupq_wb_u8 (uint32_t * __a, uint32_t __b, const int __imm)
2581:/home/min/snap/code/235/.local/share/stm32cube/bundles/gnu-tools-for-stm32/14.3.1+st.2/lib/gcc/arm-none-eabi/14.3.1/include/arm_mve.h **** {
2582:/home/min/snap/code/235/.local/share/stm32cube/bundles/gnu-tools-for-stm32/14.3.1+st.2/lib/gcc/arm-none-eabi/14.3.1/include/arm_mve.h ****   uint64_t __c = ((uint64_t) __b) << 32;
2583:/home/min/snap/code/235/.local/share/stm32cube/bundles/gnu-tools-for-stm32/14.3.1+st.2/lib/gcc/arm-none-eabi/14.3.1/include/arm_mve.h ****   uint8x16_t __res = __builtin_mve_viwdupq_n_uv16qi (*__a, __c, __imm);
2584:/home/min/snap/code/235/.local/share/stm32cube/bundles/gnu-tools-for-stm32/14.3.1+st.2/lib/gcc/arm-none-eabi/14.3.1/include/arm_mve.h ****   *__a = __builtin_mve_viwdupq_wb_uv16qi (*__a, __c, __imm);
2585:/home/min/snap/code/235/.local/share/stm32cube/bundles/gnu-tools-for-stm32/14.3.1+st.2/lib/gcc/arm-none-eabi/14.3.1/include/arm_mve.h ****   return __res;
2586:/home/min/snap/code/235/.local/share/stm32cube/bundles/gnu-tools-for-stm32/14.3.1+st.2/lib/gcc/arm-none-eabi/14.3.1/include/arm_mve.h **** }
2587:/home/min/snap/code/235/.local/share/stm32cube/bundles/gnu-tools-for-stm32/14.3.1+st.2/lib/gcc/arm-none-eabi/14.3.1/include/arm_mve.h **** 
2588:/home/min/snap/code/235/.local/share/stm32cube/bundles/gnu-tools-for-stm32/14.3.1+st.2/lib/gcc/arm-none-eabi/14.3.1/include/arm_mve.h **** __extension__ extern __inline uint32x4_t
ARM GAS  /tmp/cc1JbEzq.s 			page 51


2589:/home/min/snap/code/235/.local/share/stm32cube/bundles/gnu-tools-for-stm32/14.3.1+st.2/lib/gcc/arm-none-eabi/14.3.1/include/arm_mve.h **** __attribute__ ((__always_inline__, __gnu_inline__, __artificial__))
2590:/home/min/snap/code/235/.local/share/stm32cube/bundles/gnu-tools-for-stm32/14.3.1+st.2/lib/gcc/arm-none-eabi/14.3.1/include/arm_mve.h **** __arm_viwdupq_wb_u32 (uint32_t * __a, uint32_t __b, const int __imm)
2591:/home/min/snap/code/235/.local/share/stm32cube/bundles/gnu-tools-for-stm32/14.3.1+st.2/lib/gcc/arm-none-eabi/14.3.1/include/arm_mve.h **** {
2592:/home/min/snap/code/235/.local/share/stm32cube/bundles/gnu-tools-for-stm32/14.3.1+st.2/lib/gcc/arm-none-eabi/14.3.1/include/arm_mve.h ****   uint64_t __c = ((uint64_t) __b) << 32;
2593:/home/min/snap/code/235/.local/share/stm32cube/bundles/gnu-tools-for-stm32/14.3.1+st.2/lib/gcc/arm-none-eabi/14.3.1/include/arm_mve.h ****   uint32x4_t __res = __builtin_mve_viwdupq_n_uv4si (*__a, __c, __imm);
2594:/home/min/snap/code/235/.local/share/stm32cube/bundles/gnu-tools-for-stm32/14.3.1+st.2/lib/gcc/arm-none-eabi/14.3.1/include/arm_mve.h ****   *__a = __builtin_mve_viwdupq_wb_uv4si (*__a, __c, __imm);
2595:/home/min/snap/code/235/.local/share/stm32cube/bundles/gnu-tools-for-stm32/14.3.1+st.2/lib/gcc/arm-none-eabi/14.3.1/include/arm_mve.h ****   return __res;
2596:/home/min/snap/code/235/.local/share/stm32cube/bundles/gnu-tools-for-stm32/14.3.1+st.2/lib/gcc/arm-none-eabi/14.3.1/include/arm_mve.h **** }
2597:/home/min/snap/code/235/.local/share/stm32cube/bundles/gnu-tools-for-stm32/14.3.1+st.2/lib/gcc/arm-none-eabi/14.3.1/include/arm_mve.h **** 
2598:/home/min/snap/code/235/.local/share/stm32cube/bundles/gnu-tools-for-stm32/14.3.1+st.2/lib/gcc/arm-none-eabi/14.3.1/include/arm_mve.h **** __extension__ extern __inline uint16x8_t
2599:/home/min/snap/code/235/.local/share/stm32cube/bundles/gnu-tools-for-stm32/14.3.1+st.2/lib/gcc/arm-none-eabi/14.3.1/include/arm_mve.h **** __attribute__ ((__always_inline__, __gnu_inline__, __artificial__))
2600:/home/min/snap/code/235/.local/share/stm32cube/bundles/gnu-tools-for-stm32/14.3.1+st.2/lib/gcc/arm-none-eabi/14.3.1/include/arm_mve.h **** __arm_viwdupq_wb_u16 (uint32_t * __a, uint32_t __b, const int __imm)
2601:/home/min/snap/code/235/.local/share/stm32cube/bundles/gnu-tools-for-stm32/14.3.1+st.2/lib/gcc/arm-none-eabi/14.3.1/include/arm_mve.h **** {
2602:/home/min/snap/code/235/.local/share/stm32cube/bundles/gnu-tools-for-stm32/14.3.1+st.2/lib/gcc/arm-none-eabi/14.3.1/include/arm_mve.h ****   uint64_t __c = ((uint64_t) __b) << 32;
2603:/home/min/snap/code/235/.local/share/stm32cube/bundles/gnu-tools-for-stm32/14.3.1+st.2/lib/gcc/arm-none-eabi/14.3.1/include/arm_mve.h ****   uint16x8_t __res = __builtin_mve_viwdupq_n_uv8hi (*__a, __c, __imm);
2604:/home/min/snap/code/235/.local/share/stm32cube/bundles/gnu-tools-for-stm32/14.3.1+st.2/lib/gcc/arm-none-eabi/14.3.1/include/arm_mve.h ****   *__a = __builtin_mve_viwdupq_wb_uv8hi (*__a, __c, __imm);
2605:/home/min/snap/code/235/.local/share/stm32cube/bundles/gnu-tools-for-stm32/14.3.1+st.2/lib/gcc/arm-none-eabi/14.3.1/include/arm_mve.h ****   return __res;
2606:/home/min/snap/code/235/.local/share/stm32cube/bundles/gnu-tools-for-stm32/14.3.1+st.2/lib/gcc/arm-none-eabi/14.3.1/include/arm_mve.h **** }
2607:/home/min/snap/code/235/.local/share/stm32cube/bundles/gnu-tools-for-stm32/14.3.1+st.2/lib/gcc/arm-none-eabi/14.3.1/include/arm_mve.h **** 
2608:/home/min/snap/code/235/.local/share/stm32cube/bundles/gnu-tools-for-stm32/14.3.1+st.2/lib/gcc/arm-none-eabi/14.3.1/include/arm_mve.h **** 
2609:/home/min/snap/code/235/.local/share/stm32cube/bundles/gnu-tools-for-stm32/14.3.1+st.2/lib/gcc/arm-none-eabi/14.3.1/include/arm_mve.h **** __extension__ extern __inline int64x2_t
2610:/home/min/snap/code/235/.local/share/stm32cube/bundles/gnu-tools-for-stm32/14.3.1+st.2/lib/gcc/arm-none-eabi/14.3.1/include/arm_mve.h **** __attribute__ ((__always_inline__, __gnu_inline__, __artificial__))
2611:/home/min/snap/code/235/.local/share/stm32cube/bundles/gnu-tools-for-stm32/14.3.1+st.2/lib/gcc/arm-none-eabi/14.3.1/include/arm_mve.h **** __arm_vldrdq_gather_base_wb_s64 (uint64x2_t * __addr, const int __offset)
2612:/home/min/snap/code/235/.local/share/stm32cube/bundles/gnu-tools-for-stm32/14.3.1+st.2/lib/gcc/arm-none-eabi/14.3.1/include/arm_mve.h **** {
2613:/home/min/snap/code/235/.local/share/stm32cube/bundles/gnu-tools-for-stm32/14.3.1+st.2/lib/gcc/arm-none-eabi/14.3.1/include/arm_mve.h ****   int64x2_t
2614:/home/min/snap/code/235/.local/share/stm32cube/bundles/gnu-tools-for-stm32/14.3.1+st.2/lib/gcc/arm-none-eabi/14.3.1/include/arm_mve.h ****   result = __builtin_mve_vldrdq_gather_base_nowb_sv2di (*__addr, __offset);
2615:/home/min/snap/code/235/.local/share/stm32cube/bundles/gnu-tools-for-stm32/14.3.1+st.2/lib/gcc/arm-none-eabi/14.3.1/include/arm_mve.h ****   *__addr = __builtin_mve_vldrdq_gather_base_wb_sv2di (*__addr, __offset);
2616:/home/min/snap/code/235/.local/share/stm32cube/bundles/gnu-tools-for-stm32/14.3.1+st.2/lib/gcc/arm-none-eabi/14.3.1/include/arm_mve.h ****   return result;
2617:/home/min/snap/code/235/.local/share/stm32cube/bundles/gnu-tools-for-stm32/14.3.1+st.2/lib/gcc/arm-none-eabi/14.3.1/include/arm_mve.h **** }
2618:/home/min/snap/code/235/.local/share/stm32cube/bundles/gnu-tools-for-stm32/14.3.1+st.2/lib/gcc/arm-none-eabi/14.3.1/include/arm_mve.h **** 
2619:/home/min/snap/code/235/.local/share/stm32cube/bundles/gnu-tools-for-stm32/14.3.1+st.2/lib/gcc/arm-none-eabi/14.3.1/include/arm_mve.h **** __extension__ extern __inline uint64x2_t
2620:/home/min/snap/code/235/.local/share/stm32cube/bundles/gnu-tools-for-stm32/14.3.1+st.2/lib/gcc/arm-none-eabi/14.3.1/include/arm_mve.h **** __attribute__ ((__always_inline__, __gnu_inline__, __artificial__))
2621:/home/min/snap/code/235/.local/share/stm32cube/bundles/gnu-tools-for-stm32/14.3.1+st.2/lib/gcc/arm-none-eabi/14.3.1/include/arm_mve.h **** __arm_vldrdq_gather_base_wb_u64 (uint64x2_t * __addr, const int __offset)
2622:/home/min/snap/code/235/.local/share/stm32cube/bundles/gnu-tools-for-stm32/14.3.1+st.2/lib/gcc/arm-none-eabi/14.3.1/include/arm_mve.h **** {
2623:/home/min/snap/code/235/.local/share/stm32cube/bundles/gnu-tools-for-stm32/14.3.1+st.2/lib/gcc/arm-none-eabi/14.3.1/include/arm_mve.h ****   uint64x2_t
2624:/home/min/snap/code/235/.local/share/stm32cube/bundles/gnu-tools-for-stm32/14.3.1+st.2/lib/gcc/arm-none-eabi/14.3.1/include/arm_mve.h ****   result = __builtin_mve_vldrdq_gather_base_nowb_uv2di (*__addr, __offset);
2625:/home/min/snap/code/235/.local/share/stm32cube/bundles/gnu-tools-for-stm32/14.3.1+st.2/lib/gcc/arm-none-eabi/14.3.1/include/arm_mve.h ****   *__addr = __builtin_mve_vldrdq_gather_base_wb_uv2di (*__addr, __offset);
2626:/home/min/snap/code/235/.local/share/stm32cube/bundles/gnu-tools-for-stm32/14.3.1+st.2/lib/gcc/arm-none-eabi/14.3.1/include/arm_mve.h ****   return result;
2627:/home/min/snap/code/235/.local/share/stm32cube/bundles/gnu-tools-for-stm32/14.3.1+st.2/lib/gcc/arm-none-eabi/14.3.1/include/arm_mve.h **** }
2628:/home/min/snap/code/235/.local/share/stm32cube/bundles/gnu-tools-for-stm32/14.3.1+st.2/lib/gcc/arm-none-eabi/14.3.1/include/arm_mve.h **** 
2629:/home/min/snap/code/235/.local/share/stm32cube/bundles/gnu-tools-for-stm32/14.3.1+st.2/lib/gcc/arm-none-eabi/14.3.1/include/arm_mve.h **** __extension__ extern __inline int64x2_t
2630:/home/min/snap/code/235/.local/share/stm32cube/bundles/gnu-tools-for-stm32/14.3.1+st.2/lib/gcc/arm-none-eabi/14.3.1/include/arm_mve.h **** __attribute__ ((__always_inline__, __gnu_inline__, __artificial__))
2631:/home/min/snap/code/235/.local/share/stm32cube/bundles/gnu-tools-for-stm32/14.3.1+st.2/lib/gcc/arm-none-eabi/14.3.1/include/arm_mve.h **** __arm_vldrdq_gather_base_wb_z_s64 (uint64x2_t * __addr, const int __offset, mve_pred16_t __p)
2632:/home/min/snap/code/235/.local/share/stm32cube/bundles/gnu-tools-for-stm32/14.3.1+st.2/lib/gcc/arm-none-eabi/14.3.1/include/arm_mve.h **** {
2633:/home/min/snap/code/235/.local/share/stm32cube/bundles/gnu-tools-for-stm32/14.3.1+st.2/lib/gcc/arm-none-eabi/14.3.1/include/arm_mve.h ****   int64x2_t
2634:/home/min/snap/code/235/.local/share/stm32cube/bundles/gnu-tools-for-stm32/14.3.1+st.2/lib/gcc/arm-none-eabi/14.3.1/include/arm_mve.h ****   result = __builtin_mve_vldrdq_gather_base_nowb_z_sv2di (*__addr, __offset, __p);
2635:/home/min/snap/code/235/.local/share/stm32cube/bundles/gnu-tools-for-stm32/14.3.1+st.2/lib/gcc/arm-none-eabi/14.3.1/include/arm_mve.h ****   *__addr = __builtin_mve_vldrdq_gather_base_wb_z_sv2di (*__addr, __offset, __p);
2636:/home/min/snap/code/235/.local/share/stm32cube/bundles/gnu-tools-for-stm32/14.3.1+st.2/lib/gcc/arm-none-eabi/14.3.1/include/arm_mve.h ****   return result;
2637:/home/min/snap/code/235/.local/share/stm32cube/bundles/gnu-tools-for-stm32/14.3.1+st.2/lib/gcc/arm-none-eabi/14.3.1/include/arm_mve.h **** }
2638:/home/min/snap/code/235/.local/share/stm32cube/bundles/gnu-tools-for-stm32/14.3.1+st.2/lib/gcc/arm-none-eabi/14.3.1/include/arm_mve.h **** 
2639:/home/min/snap/code/235/.local/share/stm32cube/bundles/gnu-tools-for-stm32/14.3.1+st.2/lib/gcc/arm-none-eabi/14.3.1/include/arm_mve.h **** __extension__ extern __inline uint64x2_t
2640:/home/min/snap/code/235/.local/share/stm32cube/bundles/gnu-tools-for-stm32/14.3.1+st.2/lib/gcc/arm-none-eabi/14.3.1/include/arm_mve.h **** __attribute__ ((__always_inline__, __gnu_inline__, __artificial__))
2641:/home/min/snap/code/235/.local/share/stm32cube/bundles/gnu-tools-for-stm32/14.3.1+st.2/lib/gcc/arm-none-eabi/14.3.1/include/arm_mve.h **** __arm_vldrdq_gather_base_wb_z_u64 (uint64x2_t * __addr, const int __offset, mve_pred16_t __p)
2642:/home/min/snap/code/235/.local/share/stm32cube/bundles/gnu-tools-for-stm32/14.3.1+st.2/lib/gcc/arm-none-eabi/14.3.1/include/arm_mve.h **** {
2643:/home/min/snap/code/235/.local/share/stm32cube/bundles/gnu-tools-for-stm32/14.3.1+st.2/lib/gcc/arm-none-eabi/14.3.1/include/arm_mve.h ****   uint64x2_t
2644:/home/min/snap/code/235/.local/share/stm32cube/bundles/gnu-tools-for-stm32/14.3.1+st.2/lib/gcc/arm-none-eabi/14.3.1/include/arm_mve.h ****   result = __builtin_mve_vldrdq_gather_base_nowb_z_uv2di (*__addr, __offset, __p);
2645:/home/min/snap/code/235/.local/share/stm32cube/bundles/gnu-tools-for-stm32/14.3.1+st.2/lib/gcc/arm-none-eabi/14.3.1/include/arm_mve.h ****   *__addr = __builtin_mve_vldrdq_gather_base_wb_z_uv2di (*__addr, __offset, __p);
ARM GAS  /tmp/cc1JbEzq.s 			page 52


2646:/home/min/snap/code/235/.local/share/stm32cube/bundles/gnu-tools-for-stm32/14.3.1+st.2/lib/gcc/arm-none-eabi/14.3.1/include/arm_mve.h ****   return result;
2647:/home/min/snap/code/235/.local/share/stm32cube/bundles/gnu-tools-for-stm32/14.3.1+st.2/lib/gcc/arm-none-eabi/14.3.1/include/arm_mve.h **** }
2648:/home/min/snap/code/235/.local/share/stm32cube/bundles/gnu-tools-for-stm32/14.3.1+st.2/lib/gcc/arm-none-eabi/14.3.1/include/arm_mve.h **** 
2649:/home/min/snap/code/235/.local/share/stm32cube/bundles/gnu-tools-for-stm32/14.3.1+st.2/lib/gcc/arm-none-eabi/14.3.1/include/arm_mve.h **** __extension__ extern __inline int32x4_t
2650:/home/min/snap/code/235/.local/share/stm32cube/bundles/gnu-tools-for-stm32/14.3.1+st.2/lib/gcc/arm-none-eabi/14.3.1/include/arm_mve.h **** __attribute__ ((__always_inline__, __gnu_inline__, __artificial__))
2651:/home/min/snap/code/235/.local/share/stm32cube/bundles/gnu-tools-for-stm32/14.3.1+st.2/lib/gcc/arm-none-eabi/14.3.1/include/arm_mve.h **** __arm_vldrwq_gather_base_wb_s32 (uint32x4_t * __addr, const int __offset)
2652:/home/min/snap/code/235/.local/share/stm32cube/bundles/gnu-tools-for-stm32/14.3.1+st.2/lib/gcc/arm-none-eabi/14.3.1/include/arm_mve.h **** {
2653:/home/min/snap/code/235/.local/share/stm32cube/bundles/gnu-tools-for-stm32/14.3.1+st.2/lib/gcc/arm-none-eabi/14.3.1/include/arm_mve.h ****   int32x4_t
2654:/home/min/snap/code/235/.local/share/stm32cube/bundles/gnu-tools-for-stm32/14.3.1+st.2/lib/gcc/arm-none-eabi/14.3.1/include/arm_mve.h ****   result = __builtin_mve_vldrwq_gather_base_nowb_sv4si (*__addr, __offset);
2655:/home/min/snap/code/235/.local/share/stm32cube/bundles/gnu-tools-for-stm32/14.3.1+st.2/lib/gcc/arm-none-eabi/14.3.1/include/arm_mve.h ****   *__addr = __builtin_mve_vldrwq_gather_base_wb_sv4si (*__addr, __offset);
2656:/home/min/snap/code/235/.local/share/stm32cube/bundles/gnu-tools-for-stm32/14.3.1+st.2/lib/gcc/arm-none-eabi/14.3.1/include/arm_mve.h ****   return result;
2657:/home/min/snap/code/235/.local/share/stm32cube/bundles/gnu-tools-for-stm32/14.3.1+st.2/lib/gcc/arm-none-eabi/14.3.1/include/arm_mve.h **** }
2658:/home/min/snap/code/235/.local/share/stm32cube/bundles/gnu-tools-for-stm32/14.3.1+st.2/lib/gcc/arm-none-eabi/14.3.1/include/arm_mve.h **** 
2659:/home/min/snap/code/235/.local/share/stm32cube/bundles/gnu-tools-for-stm32/14.3.1+st.2/lib/gcc/arm-none-eabi/14.3.1/include/arm_mve.h **** __extension__ extern __inline uint32x4_t
2660:/home/min/snap/code/235/.local/share/stm32cube/bundles/gnu-tools-for-stm32/14.3.1+st.2/lib/gcc/arm-none-eabi/14.3.1/include/arm_mve.h **** __attribute__ ((__always_inline__, __gnu_inline__, __artificial__))
2661:/home/min/snap/code/235/.local/share/stm32cube/bundles/gnu-tools-for-stm32/14.3.1+st.2/lib/gcc/arm-none-eabi/14.3.1/include/arm_mve.h **** __arm_vldrwq_gather_base_wb_u32 (uint32x4_t * __addr, const int __offset)
2662:/home/min/snap/code/235/.local/share/stm32cube/bundles/gnu-tools-for-stm32/14.3.1+st.2/lib/gcc/arm-none-eabi/14.3.1/include/arm_mve.h **** {
2663:/home/min/snap/code/235/.local/share/stm32cube/bundles/gnu-tools-for-stm32/14.3.1+st.2/lib/gcc/arm-none-eabi/14.3.1/include/arm_mve.h ****   uint32x4_t
2664:/home/min/snap/code/235/.local/share/stm32cube/bundles/gnu-tools-for-stm32/14.3.1+st.2/lib/gcc/arm-none-eabi/14.3.1/include/arm_mve.h ****   result = __builtin_mve_vldrwq_gather_base_nowb_uv4si (*__addr, __offset);
2665:/home/min/snap/code/235/.local/share/stm32cube/bundles/gnu-tools-for-stm32/14.3.1+st.2/lib/gcc/arm-none-eabi/14.3.1/include/arm_mve.h ****   *__addr = __builtin_mve_vldrwq_gather_base_wb_uv4si (*__addr, __offset);
2666:/home/min/snap/code/235/.local/share/stm32cube/bundles/gnu-tools-for-stm32/14.3.1+st.2/lib/gcc/arm-none-eabi/14.3.1/include/arm_mve.h ****   return result;
2667:/home/min/snap/code/235/.local/share/stm32cube/bundles/gnu-tools-for-stm32/14.3.1+st.2/lib/gcc/arm-none-eabi/14.3.1/include/arm_mve.h **** }
2668:/home/min/snap/code/235/.local/share/stm32cube/bundles/gnu-tools-for-stm32/14.3.1+st.2/lib/gcc/arm-none-eabi/14.3.1/include/arm_mve.h **** 
2669:/home/min/snap/code/235/.local/share/stm32cube/bundles/gnu-tools-for-stm32/14.3.1+st.2/lib/gcc/arm-none-eabi/14.3.1/include/arm_mve.h **** __extension__ extern __inline int32x4_t
2670:/home/min/snap/code/235/.local/share/stm32cube/bundles/gnu-tools-for-stm32/14.3.1+st.2/lib/gcc/arm-none-eabi/14.3.1/include/arm_mve.h **** __attribute__ ((__always_inline__, __gnu_inline__, __artificial__))
2671:/home/min/snap/code/235/.local/share/stm32cube/bundles/gnu-tools-for-stm32/14.3.1+st.2/lib/gcc/arm-none-eabi/14.3.1/include/arm_mve.h **** __arm_vldrwq_gather_base_wb_z_s32 (uint32x4_t * __addr, const int __offset, mve_pred16_t __p)
2672:/home/min/snap/code/235/.local/share/stm32cube/bundles/gnu-tools-for-stm32/14.3.1+st.2/lib/gcc/arm-none-eabi/14.3.1/include/arm_mve.h **** {
2673:/home/min/snap/code/235/.local/share/stm32cube/bundles/gnu-tools-for-stm32/14.3.1+st.2/lib/gcc/arm-none-eabi/14.3.1/include/arm_mve.h ****   int32x4_t
2674:/home/min/snap/code/235/.local/share/stm32cube/bundles/gnu-tools-for-stm32/14.3.1+st.2/lib/gcc/arm-none-eabi/14.3.1/include/arm_mve.h ****   result = __builtin_mve_vldrwq_gather_base_nowb_z_sv4si (*__addr, __offset, __p);
2675:/home/min/snap/code/235/.local/share/stm32cube/bundles/gnu-tools-for-stm32/14.3.1+st.2/lib/gcc/arm-none-eabi/14.3.1/include/arm_mve.h ****   *__addr = __builtin_mve_vldrwq_gather_base_wb_z_sv4si (*__addr, __offset, __p);
2676:/home/min/snap/code/235/.local/share/stm32cube/bundles/gnu-tools-for-stm32/14.3.1+st.2/lib/gcc/arm-none-eabi/14.3.1/include/arm_mve.h ****   return result;
2677:/home/min/snap/code/235/.local/share/stm32cube/bundles/gnu-tools-for-stm32/14.3.1+st.2/lib/gcc/arm-none-eabi/14.3.1/include/arm_mve.h **** }
2678:/home/min/snap/code/235/.local/share/stm32cube/bundles/gnu-tools-for-stm32/14.3.1+st.2/lib/gcc/arm-none-eabi/14.3.1/include/arm_mve.h **** 
2679:/home/min/snap/code/235/.local/share/stm32cube/bundles/gnu-tools-for-stm32/14.3.1+st.2/lib/gcc/arm-none-eabi/14.3.1/include/arm_mve.h **** __extension__ extern __inline uint32x4_t
2680:/home/min/snap/code/235/.local/share/stm32cube/bundles/gnu-tools-for-stm32/14.3.1+st.2/lib/gcc/arm-none-eabi/14.3.1/include/arm_mve.h **** __attribute__ ((__always_inline__, __gnu_inline__, __artificial__))
2681:/home/min/snap/code/235/.local/share/stm32cube/bundles/gnu-tools-for-stm32/14.3.1+st.2/lib/gcc/arm-none-eabi/14.3.1/include/arm_mve.h **** __arm_vldrwq_gather_base_wb_z_u32 (uint32x4_t * __addr, const int __offset, mve_pred16_t __p)
2682:/home/min/snap/code/235/.local/share/stm32cube/bundles/gnu-tools-for-stm32/14.3.1+st.2/lib/gcc/arm-none-eabi/14.3.1/include/arm_mve.h **** {
2683:/home/min/snap/code/235/.local/share/stm32cube/bundles/gnu-tools-for-stm32/14.3.1+st.2/lib/gcc/arm-none-eabi/14.3.1/include/arm_mve.h ****   uint32x4_t
2684:/home/min/snap/code/235/.local/share/stm32cube/bundles/gnu-tools-for-stm32/14.3.1+st.2/lib/gcc/arm-none-eabi/14.3.1/include/arm_mve.h ****   result = __builtin_mve_vldrwq_gather_base_nowb_z_uv4si (*__addr, __offset, __p);
2685:/home/min/snap/code/235/.local/share/stm32cube/bundles/gnu-tools-for-stm32/14.3.1+st.2/lib/gcc/arm-none-eabi/14.3.1/include/arm_mve.h ****   *__addr = __builtin_mve_vldrwq_gather_base_wb_z_uv4si (*__addr, __offset, __p);
2686:/home/min/snap/code/235/.local/share/stm32cube/bundles/gnu-tools-for-stm32/14.3.1+st.2/lib/gcc/arm-none-eabi/14.3.1/include/arm_mve.h ****   return result;
2687:/home/min/snap/code/235/.local/share/stm32cube/bundles/gnu-tools-for-stm32/14.3.1+st.2/lib/gcc/arm-none-eabi/14.3.1/include/arm_mve.h **** }
2688:/home/min/snap/code/235/.local/share/stm32cube/bundles/gnu-tools-for-stm32/14.3.1+st.2/lib/gcc/arm-none-eabi/14.3.1/include/arm_mve.h **** 
2689:/home/min/snap/code/235/.local/share/stm32cube/bundles/gnu-tools-for-stm32/14.3.1+st.2/lib/gcc/arm-none-eabi/14.3.1/include/arm_mve.h **** __extension__ extern __inline void
2690:/home/min/snap/code/235/.local/share/stm32cube/bundles/gnu-tools-for-stm32/14.3.1+st.2/lib/gcc/arm-none-eabi/14.3.1/include/arm_mve.h **** __attribute__ ((__always_inline__, __gnu_inline__, __artificial__))
2691:/home/min/snap/code/235/.local/share/stm32cube/bundles/gnu-tools-for-stm32/14.3.1+st.2/lib/gcc/arm-none-eabi/14.3.1/include/arm_mve.h **** __arm_vstrdq_scatter_base_wb_s64 (uint64x2_t * __addr, const int __offset, int64x2_t __value)
2692:/home/min/snap/code/235/.local/share/stm32cube/bundles/gnu-tools-for-stm32/14.3.1+st.2/lib/gcc/arm-none-eabi/14.3.1/include/arm_mve.h **** {
2693:/home/min/snap/code/235/.local/share/stm32cube/bundles/gnu-tools-for-stm32/14.3.1+st.2/lib/gcc/arm-none-eabi/14.3.1/include/arm_mve.h ****   *__addr = __builtin_mve_vstrdq_scatter_base_wb_sv2di (*__addr, __offset, __value);
2694:/home/min/snap/code/235/.local/share/stm32cube/bundles/gnu-tools-for-stm32/14.3.1+st.2/lib/gcc/arm-none-eabi/14.3.1/include/arm_mve.h **** }
2695:/home/min/snap/code/235/.local/share/stm32cube/bundles/gnu-tools-for-stm32/14.3.1+st.2/lib/gcc/arm-none-eabi/14.3.1/include/arm_mve.h **** 
2696:/home/min/snap/code/235/.local/share/stm32cube/bundles/gnu-tools-for-stm32/14.3.1+st.2/lib/gcc/arm-none-eabi/14.3.1/include/arm_mve.h **** __extension__ extern __inline void
2697:/home/min/snap/code/235/.local/share/stm32cube/bundles/gnu-tools-for-stm32/14.3.1+st.2/lib/gcc/arm-none-eabi/14.3.1/include/arm_mve.h **** __attribute__ ((__always_inline__, __gnu_inline__, __artificial__))
2698:/home/min/snap/code/235/.local/share/stm32cube/bundles/gnu-tools-for-stm32/14.3.1+st.2/lib/gcc/arm-none-eabi/14.3.1/include/arm_mve.h **** __arm_vstrdq_scatter_base_wb_u64 (uint64x2_t * __addr, const int __offset, uint64x2_t __value)
2699:/home/min/snap/code/235/.local/share/stm32cube/bundles/gnu-tools-for-stm32/14.3.1+st.2/lib/gcc/arm-none-eabi/14.3.1/include/arm_mve.h **** {
2700:/home/min/snap/code/235/.local/share/stm32cube/bundles/gnu-tools-for-stm32/14.3.1+st.2/lib/gcc/arm-none-eabi/14.3.1/include/arm_mve.h ****   *__addr = __builtin_mve_vstrdq_scatter_base_wb_uv2di (*__addr, __offset, __value);
2701:/home/min/snap/code/235/.local/share/stm32cube/bundles/gnu-tools-for-stm32/14.3.1+st.2/lib/gcc/arm-none-eabi/14.3.1/include/arm_mve.h **** }
2702:/home/min/snap/code/235/.local/share/stm32cube/bundles/gnu-tools-for-stm32/14.3.1+st.2/lib/gcc/arm-none-eabi/14.3.1/include/arm_mve.h **** 
ARM GAS  /tmp/cc1JbEzq.s 			page 53


2703:/home/min/snap/code/235/.local/share/stm32cube/bundles/gnu-tools-for-stm32/14.3.1+st.2/lib/gcc/arm-none-eabi/14.3.1/include/arm_mve.h **** __extension__ extern __inline void
2704:/home/min/snap/code/235/.local/share/stm32cube/bundles/gnu-tools-for-stm32/14.3.1+st.2/lib/gcc/arm-none-eabi/14.3.1/include/arm_mve.h **** __attribute__ ((__always_inline__, __gnu_inline__, __artificial__))
2705:/home/min/snap/code/235/.local/share/stm32cube/bundles/gnu-tools-for-stm32/14.3.1+st.2/lib/gcc/arm-none-eabi/14.3.1/include/arm_mve.h **** __arm_vstrdq_scatter_base_wb_p_s64 (uint64x2_t * __addr, const int __offset, int64x2_t __value, mve
2706:/home/min/snap/code/235/.local/share/stm32cube/bundles/gnu-tools-for-stm32/14.3.1+st.2/lib/gcc/arm-none-eabi/14.3.1/include/arm_mve.h **** {
2707:/home/min/snap/code/235/.local/share/stm32cube/bundles/gnu-tools-for-stm32/14.3.1+st.2/lib/gcc/arm-none-eabi/14.3.1/include/arm_mve.h ****  *__addr =  __builtin_mve_vstrdq_scatter_base_wb_p_sv2di (*__addr, __offset, __value, __p);
2708:/home/min/snap/code/235/.local/share/stm32cube/bundles/gnu-tools-for-stm32/14.3.1+st.2/lib/gcc/arm-none-eabi/14.3.1/include/arm_mve.h **** }
2709:/home/min/snap/code/235/.local/share/stm32cube/bundles/gnu-tools-for-stm32/14.3.1+st.2/lib/gcc/arm-none-eabi/14.3.1/include/arm_mve.h **** 
2710:/home/min/snap/code/235/.local/share/stm32cube/bundles/gnu-tools-for-stm32/14.3.1+st.2/lib/gcc/arm-none-eabi/14.3.1/include/arm_mve.h **** __extension__ extern __inline void
2711:/home/min/snap/code/235/.local/share/stm32cube/bundles/gnu-tools-for-stm32/14.3.1+st.2/lib/gcc/arm-none-eabi/14.3.1/include/arm_mve.h **** __attribute__ ((__always_inline__, __gnu_inline__, __artificial__))
2712:/home/min/snap/code/235/.local/share/stm32cube/bundles/gnu-tools-for-stm32/14.3.1+st.2/lib/gcc/arm-none-eabi/14.3.1/include/arm_mve.h **** __arm_vstrdq_scatter_base_wb_p_u64 (uint64x2_t * __addr, const int __offset, uint64x2_t __value, mv
2713:/home/min/snap/code/235/.local/share/stm32cube/bundles/gnu-tools-for-stm32/14.3.1+st.2/lib/gcc/arm-none-eabi/14.3.1/include/arm_mve.h **** {
2714:/home/min/snap/code/235/.local/share/stm32cube/bundles/gnu-tools-for-stm32/14.3.1+st.2/lib/gcc/arm-none-eabi/14.3.1/include/arm_mve.h ****   *__addr = __builtin_mve_vstrdq_scatter_base_wb_p_uv2di (*__addr, __offset, __value, __p);
2715:/home/min/snap/code/235/.local/share/stm32cube/bundles/gnu-tools-for-stm32/14.3.1+st.2/lib/gcc/arm-none-eabi/14.3.1/include/arm_mve.h **** }
2716:/home/min/snap/code/235/.local/share/stm32cube/bundles/gnu-tools-for-stm32/14.3.1+st.2/lib/gcc/arm-none-eabi/14.3.1/include/arm_mve.h **** 
2717:/home/min/snap/code/235/.local/share/stm32cube/bundles/gnu-tools-for-stm32/14.3.1+st.2/lib/gcc/arm-none-eabi/14.3.1/include/arm_mve.h **** __extension__ extern __inline void
2718:/home/min/snap/code/235/.local/share/stm32cube/bundles/gnu-tools-for-stm32/14.3.1+st.2/lib/gcc/arm-none-eabi/14.3.1/include/arm_mve.h **** __attribute__ ((__always_inline__, __gnu_inline__, __artificial__))
2719:/home/min/snap/code/235/.local/share/stm32cube/bundles/gnu-tools-for-stm32/14.3.1+st.2/lib/gcc/arm-none-eabi/14.3.1/include/arm_mve.h **** __arm_vstrwq_scatter_base_wb_p_s32 (uint32x4_t * __addr, const int __offset, int32x4_t __value, mve
2720:/home/min/snap/code/235/.local/share/stm32cube/bundles/gnu-tools-for-stm32/14.3.1+st.2/lib/gcc/arm-none-eabi/14.3.1/include/arm_mve.h **** {
2721:/home/min/snap/code/235/.local/share/stm32cube/bundles/gnu-tools-for-stm32/14.3.1+st.2/lib/gcc/arm-none-eabi/14.3.1/include/arm_mve.h ****   *__addr = __builtin_mve_vstrwq_scatter_base_wb_p_sv4si (*__addr, __offset, __value, __p);
2722:/home/min/snap/code/235/.local/share/stm32cube/bundles/gnu-tools-for-stm32/14.3.1+st.2/lib/gcc/arm-none-eabi/14.3.1/include/arm_mve.h **** }
2723:/home/min/snap/code/235/.local/share/stm32cube/bundles/gnu-tools-for-stm32/14.3.1+st.2/lib/gcc/arm-none-eabi/14.3.1/include/arm_mve.h **** 
2724:/home/min/snap/code/235/.local/share/stm32cube/bundles/gnu-tools-for-stm32/14.3.1+st.2/lib/gcc/arm-none-eabi/14.3.1/include/arm_mve.h **** __extension__ extern __inline void
2725:/home/min/snap/code/235/.local/share/stm32cube/bundles/gnu-tools-for-stm32/14.3.1+st.2/lib/gcc/arm-none-eabi/14.3.1/include/arm_mve.h **** __attribute__ ((__always_inline__, __gnu_inline__, __artificial__))
2726:/home/min/snap/code/235/.local/share/stm32cube/bundles/gnu-tools-for-stm32/14.3.1+st.2/lib/gcc/arm-none-eabi/14.3.1/include/arm_mve.h **** __arm_vstrwq_scatter_base_wb_p_u32 (uint32x4_t * __addr, const int __offset, uint32x4_t __value, mv
2727:/home/min/snap/code/235/.local/share/stm32cube/bundles/gnu-tools-for-stm32/14.3.1+st.2/lib/gcc/arm-none-eabi/14.3.1/include/arm_mve.h **** {
2728:/home/min/snap/code/235/.local/share/stm32cube/bundles/gnu-tools-for-stm32/14.3.1+st.2/lib/gcc/arm-none-eabi/14.3.1/include/arm_mve.h ****   *__addr = __builtin_mve_vstrwq_scatter_base_wb_p_uv4si (*__addr, __offset, __value, __p);
2729:/home/min/snap/code/235/.local/share/stm32cube/bundles/gnu-tools-for-stm32/14.3.1+st.2/lib/gcc/arm-none-eabi/14.3.1/include/arm_mve.h **** }
2730:/home/min/snap/code/235/.local/share/stm32cube/bundles/gnu-tools-for-stm32/14.3.1+st.2/lib/gcc/arm-none-eabi/14.3.1/include/arm_mve.h **** 
2731:/home/min/snap/code/235/.local/share/stm32cube/bundles/gnu-tools-for-stm32/14.3.1+st.2/lib/gcc/arm-none-eabi/14.3.1/include/arm_mve.h **** __extension__ extern __inline void
2732:/home/min/snap/code/235/.local/share/stm32cube/bundles/gnu-tools-for-stm32/14.3.1+st.2/lib/gcc/arm-none-eabi/14.3.1/include/arm_mve.h **** __attribute__ ((__always_inline__, __gnu_inline__, __artificial__))
2733:/home/min/snap/code/235/.local/share/stm32cube/bundles/gnu-tools-for-stm32/14.3.1+st.2/lib/gcc/arm-none-eabi/14.3.1/include/arm_mve.h **** __arm_vstrwq_scatter_base_wb_s32 (uint32x4_t * __addr, const int __offset, int32x4_t __value)
2734:/home/min/snap/code/235/.local/share/stm32cube/bundles/gnu-tools-for-stm32/14.3.1+st.2/lib/gcc/arm-none-eabi/14.3.1/include/arm_mve.h **** {
2735:/home/min/snap/code/235/.local/share/stm32cube/bundles/gnu-tools-for-stm32/14.3.1+st.2/lib/gcc/arm-none-eabi/14.3.1/include/arm_mve.h ****   *__addr = __builtin_mve_vstrwq_scatter_base_wb_sv4si (*__addr, __offset, __value);
2736:/home/min/snap/code/235/.local/share/stm32cube/bundles/gnu-tools-for-stm32/14.3.1+st.2/lib/gcc/arm-none-eabi/14.3.1/include/arm_mve.h **** }
2737:/home/min/snap/code/235/.local/share/stm32cube/bundles/gnu-tools-for-stm32/14.3.1+st.2/lib/gcc/arm-none-eabi/14.3.1/include/arm_mve.h **** 
2738:/home/min/snap/code/235/.local/share/stm32cube/bundles/gnu-tools-for-stm32/14.3.1+st.2/lib/gcc/arm-none-eabi/14.3.1/include/arm_mve.h **** __extension__ extern __inline void
2739:/home/min/snap/code/235/.local/share/stm32cube/bundles/gnu-tools-for-stm32/14.3.1+st.2/lib/gcc/arm-none-eabi/14.3.1/include/arm_mve.h **** __attribute__ ((__always_inline__, __gnu_inline__, __artificial__))
2740:/home/min/snap/code/235/.local/share/stm32cube/bundles/gnu-tools-for-stm32/14.3.1+st.2/lib/gcc/arm-none-eabi/14.3.1/include/arm_mve.h **** __arm_vstrwq_scatter_base_wb_u32 (uint32x4_t * __addr, const int __offset, uint32x4_t __value)
2741:/home/min/snap/code/235/.local/share/stm32cube/bundles/gnu-tools-for-stm32/14.3.1+st.2/lib/gcc/arm-none-eabi/14.3.1/include/arm_mve.h **** {
2742:/home/min/snap/code/235/.local/share/stm32cube/bundles/gnu-tools-for-stm32/14.3.1+st.2/lib/gcc/arm-none-eabi/14.3.1/include/arm_mve.h ****   *__addr = __builtin_mve_vstrwq_scatter_base_wb_uv4si (*__addr, __offset, __value);
2743:/home/min/snap/code/235/.local/share/stm32cube/bundles/gnu-tools-for-stm32/14.3.1+st.2/lib/gcc/arm-none-eabi/14.3.1/include/arm_mve.h **** }
2744:/home/min/snap/code/235/.local/share/stm32cube/bundles/gnu-tools-for-stm32/14.3.1+st.2/lib/gcc/arm-none-eabi/14.3.1/include/arm_mve.h **** 
2745:/home/min/snap/code/235/.local/share/stm32cube/bundles/gnu-tools-for-stm32/14.3.1+st.2/lib/gcc/arm-none-eabi/14.3.1/include/arm_mve.h **** __extension__ extern __inline uint8x16_t
2746:/home/min/snap/code/235/.local/share/stm32cube/bundles/gnu-tools-for-stm32/14.3.1+st.2/lib/gcc/arm-none-eabi/14.3.1/include/arm_mve.h **** __attribute__ ((__always_inline__, __gnu_inline__, __artificial__))
2747:/home/min/snap/code/235/.local/share/stm32cube/bundles/gnu-tools-for-stm32/14.3.1+st.2/lib/gcc/arm-none-eabi/14.3.1/include/arm_mve.h **** __arm_vddupq_x_n_u8 (uint32_t __a, const int __imm, mve_pred16_t __p)
2748:/home/min/snap/code/235/.local/share/stm32cube/bundles/gnu-tools-for-stm32/14.3.1+st.2/lib/gcc/arm-none-eabi/14.3.1/include/arm_mve.h **** {
2749:/home/min/snap/code/235/.local/share/stm32cube/bundles/gnu-tools-for-stm32/14.3.1+st.2/lib/gcc/arm-none-eabi/14.3.1/include/arm_mve.h ****   return __builtin_mve_vddupq_m_n_uv16qi (__arm_vuninitializedq_u8 (), __a, __imm, __p);
2750:/home/min/snap/code/235/.local/share/stm32cube/bundles/gnu-tools-for-stm32/14.3.1+st.2/lib/gcc/arm-none-eabi/14.3.1/include/arm_mve.h **** }
2751:/home/min/snap/code/235/.local/share/stm32cube/bundles/gnu-tools-for-stm32/14.3.1+st.2/lib/gcc/arm-none-eabi/14.3.1/include/arm_mve.h **** 
2752:/home/min/snap/code/235/.local/share/stm32cube/bundles/gnu-tools-for-stm32/14.3.1+st.2/lib/gcc/arm-none-eabi/14.3.1/include/arm_mve.h **** __extension__ extern __inline uint16x8_t
2753:/home/min/snap/code/235/.local/share/stm32cube/bundles/gnu-tools-for-stm32/14.3.1+st.2/lib/gcc/arm-none-eabi/14.3.1/include/arm_mve.h **** __attribute__ ((__always_inline__, __gnu_inline__, __artificial__))
2754:/home/min/snap/code/235/.local/share/stm32cube/bundles/gnu-tools-for-stm32/14.3.1+st.2/lib/gcc/arm-none-eabi/14.3.1/include/arm_mve.h **** __arm_vddupq_x_n_u16 (uint32_t __a, const int __imm, mve_pred16_t __p)
2755:/home/min/snap/code/235/.local/share/stm32cube/bundles/gnu-tools-for-stm32/14.3.1+st.2/lib/gcc/arm-none-eabi/14.3.1/include/arm_mve.h **** {
2756:/home/min/snap/code/235/.local/share/stm32cube/bundles/gnu-tools-for-stm32/14.3.1+st.2/lib/gcc/arm-none-eabi/14.3.1/include/arm_mve.h ****   return __builtin_mve_vddupq_m_n_uv8hi (__arm_vuninitializedq_u16 (), __a, __imm, __p);
2757:/home/min/snap/code/235/.local/share/stm32cube/bundles/gnu-tools-for-stm32/14.3.1+st.2/lib/gcc/arm-none-eabi/14.3.1/include/arm_mve.h **** }
2758:/home/min/snap/code/235/.local/share/stm32cube/bundles/gnu-tools-for-stm32/14.3.1+st.2/lib/gcc/arm-none-eabi/14.3.1/include/arm_mve.h **** 
2759:/home/min/snap/code/235/.local/share/stm32cube/bundles/gnu-tools-for-stm32/14.3.1+st.2/lib/gcc/arm-none-eabi/14.3.1/include/arm_mve.h **** __extension__ extern __inline uint32x4_t
ARM GAS  /tmp/cc1JbEzq.s 			page 54


2760:/home/min/snap/code/235/.local/share/stm32cube/bundles/gnu-tools-for-stm32/14.3.1+st.2/lib/gcc/arm-none-eabi/14.3.1/include/arm_mve.h **** __attribute__ ((__always_inline__, __gnu_inline__, __artificial__))
2761:/home/min/snap/code/235/.local/share/stm32cube/bundles/gnu-tools-for-stm32/14.3.1+st.2/lib/gcc/arm-none-eabi/14.3.1/include/arm_mve.h **** __arm_vddupq_x_n_u32 (uint32_t __a, const int __imm, mve_pred16_t __p)
2762:/home/min/snap/code/235/.local/share/stm32cube/bundles/gnu-tools-for-stm32/14.3.1+st.2/lib/gcc/arm-none-eabi/14.3.1/include/arm_mve.h **** {
2763:/home/min/snap/code/235/.local/share/stm32cube/bundles/gnu-tools-for-stm32/14.3.1+st.2/lib/gcc/arm-none-eabi/14.3.1/include/arm_mve.h ****   return __builtin_mve_vddupq_m_n_uv4si (__arm_vuninitializedq_u32 (), __a, __imm, __p);
2764:/home/min/snap/code/235/.local/share/stm32cube/bundles/gnu-tools-for-stm32/14.3.1+st.2/lib/gcc/arm-none-eabi/14.3.1/include/arm_mve.h **** }
2765:/home/min/snap/code/235/.local/share/stm32cube/bundles/gnu-tools-for-stm32/14.3.1+st.2/lib/gcc/arm-none-eabi/14.3.1/include/arm_mve.h **** 
2766:/home/min/snap/code/235/.local/share/stm32cube/bundles/gnu-tools-for-stm32/14.3.1+st.2/lib/gcc/arm-none-eabi/14.3.1/include/arm_mve.h **** __extension__ extern __inline uint8x16_t
2767:/home/min/snap/code/235/.local/share/stm32cube/bundles/gnu-tools-for-stm32/14.3.1+st.2/lib/gcc/arm-none-eabi/14.3.1/include/arm_mve.h **** __attribute__ ((__always_inline__, __gnu_inline__, __artificial__))
2768:/home/min/snap/code/235/.local/share/stm32cube/bundles/gnu-tools-for-stm32/14.3.1+st.2/lib/gcc/arm-none-eabi/14.3.1/include/arm_mve.h **** __arm_vddupq_x_wb_u8 (uint32_t *__a, const int __imm, mve_pred16_t __p)
2769:/home/min/snap/code/235/.local/share/stm32cube/bundles/gnu-tools-for-stm32/14.3.1+st.2/lib/gcc/arm-none-eabi/14.3.1/include/arm_mve.h **** {
2770:/home/min/snap/code/235/.local/share/stm32cube/bundles/gnu-tools-for-stm32/14.3.1+st.2/lib/gcc/arm-none-eabi/14.3.1/include/arm_mve.h ****   uint8x16_t __arg1 = __arm_vuninitializedq_u8 ();
2771:/home/min/snap/code/235/.local/share/stm32cube/bundles/gnu-tools-for-stm32/14.3.1+st.2/lib/gcc/arm-none-eabi/14.3.1/include/arm_mve.h ****   uint8x16_t __res = __builtin_mve_vddupq_m_n_uv16qi (__arg1, * __a, __imm, __p);
2772:/home/min/snap/code/235/.local/share/stm32cube/bundles/gnu-tools-for-stm32/14.3.1+st.2/lib/gcc/arm-none-eabi/14.3.1/include/arm_mve.h ****   *__a -= __imm * 16u;
2773:/home/min/snap/code/235/.local/share/stm32cube/bundles/gnu-tools-for-stm32/14.3.1+st.2/lib/gcc/arm-none-eabi/14.3.1/include/arm_mve.h ****   return __res;
2774:/home/min/snap/code/235/.local/share/stm32cube/bundles/gnu-tools-for-stm32/14.3.1+st.2/lib/gcc/arm-none-eabi/14.3.1/include/arm_mve.h **** }
2775:/home/min/snap/code/235/.local/share/stm32cube/bundles/gnu-tools-for-stm32/14.3.1+st.2/lib/gcc/arm-none-eabi/14.3.1/include/arm_mve.h **** 
2776:/home/min/snap/code/235/.local/share/stm32cube/bundles/gnu-tools-for-stm32/14.3.1+st.2/lib/gcc/arm-none-eabi/14.3.1/include/arm_mve.h **** __extension__ extern __inline uint16x8_t
2777:/home/min/snap/code/235/.local/share/stm32cube/bundles/gnu-tools-for-stm32/14.3.1+st.2/lib/gcc/arm-none-eabi/14.3.1/include/arm_mve.h **** __attribute__ ((__always_inline__, __gnu_inline__, __artificial__))
2778:/home/min/snap/code/235/.local/share/stm32cube/bundles/gnu-tools-for-stm32/14.3.1+st.2/lib/gcc/arm-none-eabi/14.3.1/include/arm_mve.h **** __arm_vddupq_x_wb_u16 (uint32_t *__a, const int __imm, mve_pred16_t __p)
2779:/home/min/snap/code/235/.local/share/stm32cube/bundles/gnu-tools-for-stm32/14.3.1+st.2/lib/gcc/arm-none-eabi/14.3.1/include/arm_mve.h **** {
2780:/home/min/snap/code/235/.local/share/stm32cube/bundles/gnu-tools-for-stm32/14.3.1+st.2/lib/gcc/arm-none-eabi/14.3.1/include/arm_mve.h ****   uint16x8_t __arg1 = __arm_vuninitializedq_u16 ();
2781:/home/min/snap/code/235/.local/share/stm32cube/bundles/gnu-tools-for-stm32/14.3.1+st.2/lib/gcc/arm-none-eabi/14.3.1/include/arm_mve.h ****   uint16x8_t __res = __builtin_mve_vddupq_m_n_uv8hi (__arg1, *__a, __imm, __p);
2782:/home/min/snap/code/235/.local/share/stm32cube/bundles/gnu-tools-for-stm32/14.3.1+st.2/lib/gcc/arm-none-eabi/14.3.1/include/arm_mve.h ****   *__a -= __imm * 8u;
2783:/home/min/snap/code/235/.local/share/stm32cube/bundles/gnu-tools-for-stm32/14.3.1+st.2/lib/gcc/arm-none-eabi/14.3.1/include/arm_mve.h ****   return __res;
2784:/home/min/snap/code/235/.local/share/stm32cube/bundles/gnu-tools-for-stm32/14.3.1+st.2/lib/gcc/arm-none-eabi/14.3.1/include/arm_mve.h **** }
2785:/home/min/snap/code/235/.local/share/stm32cube/bundles/gnu-tools-for-stm32/14.3.1+st.2/lib/gcc/arm-none-eabi/14.3.1/include/arm_mve.h **** 
2786:/home/min/snap/code/235/.local/share/stm32cube/bundles/gnu-tools-for-stm32/14.3.1+st.2/lib/gcc/arm-none-eabi/14.3.1/include/arm_mve.h **** __extension__ extern __inline uint32x4_t
2787:/home/min/snap/code/235/.local/share/stm32cube/bundles/gnu-tools-for-stm32/14.3.1+st.2/lib/gcc/arm-none-eabi/14.3.1/include/arm_mve.h **** __attribute__ ((__always_inline__, __gnu_inline__, __artificial__))
2788:/home/min/snap/code/235/.local/share/stm32cube/bundles/gnu-tools-for-stm32/14.3.1+st.2/lib/gcc/arm-none-eabi/14.3.1/include/arm_mve.h **** __arm_vddupq_x_wb_u32 (uint32_t *__a, const int __imm, mve_pred16_t __p)
2789:/home/min/snap/code/235/.local/share/stm32cube/bundles/gnu-tools-for-stm32/14.3.1+st.2/lib/gcc/arm-none-eabi/14.3.1/include/arm_mve.h **** {
2790:/home/min/snap/code/235/.local/share/stm32cube/bundles/gnu-tools-for-stm32/14.3.1+st.2/lib/gcc/arm-none-eabi/14.3.1/include/arm_mve.h ****   uint32x4_t __arg1 = __arm_vuninitializedq_u32 ();
2791:/home/min/snap/code/235/.local/share/stm32cube/bundles/gnu-tools-for-stm32/14.3.1+st.2/lib/gcc/arm-none-eabi/14.3.1/include/arm_mve.h ****   uint32x4_t __res = __builtin_mve_vddupq_m_n_uv4si (__arg1, *__a, __imm, __p);
2792:/home/min/snap/code/235/.local/share/stm32cube/bundles/gnu-tools-for-stm32/14.3.1+st.2/lib/gcc/arm-none-eabi/14.3.1/include/arm_mve.h ****   *__a -= __imm * 4u;
2793:/home/min/snap/code/235/.local/share/stm32cube/bundles/gnu-tools-for-stm32/14.3.1+st.2/lib/gcc/arm-none-eabi/14.3.1/include/arm_mve.h ****   return __res;
2794:/home/min/snap/code/235/.local/share/stm32cube/bundles/gnu-tools-for-stm32/14.3.1+st.2/lib/gcc/arm-none-eabi/14.3.1/include/arm_mve.h **** }
2795:/home/min/snap/code/235/.local/share/stm32cube/bundles/gnu-tools-for-stm32/14.3.1+st.2/lib/gcc/arm-none-eabi/14.3.1/include/arm_mve.h **** 
2796:/home/min/snap/code/235/.local/share/stm32cube/bundles/gnu-tools-for-stm32/14.3.1+st.2/lib/gcc/arm-none-eabi/14.3.1/include/arm_mve.h **** __extension__ extern __inline uint8x16_t
2797:/home/min/snap/code/235/.local/share/stm32cube/bundles/gnu-tools-for-stm32/14.3.1+st.2/lib/gcc/arm-none-eabi/14.3.1/include/arm_mve.h **** __attribute__ ((__always_inline__, __gnu_inline__, __artificial__))
2798:/home/min/snap/code/235/.local/share/stm32cube/bundles/gnu-tools-for-stm32/14.3.1+st.2/lib/gcc/arm-none-eabi/14.3.1/include/arm_mve.h **** __arm_vdwdupq_x_n_u8 (uint32_t __a, uint32_t __b, const int __imm, mve_pred16_t __p)
2799:/home/min/snap/code/235/.local/share/stm32cube/bundles/gnu-tools-for-stm32/14.3.1+st.2/lib/gcc/arm-none-eabi/14.3.1/include/arm_mve.h **** {
2800:/home/min/snap/code/235/.local/share/stm32cube/bundles/gnu-tools-for-stm32/14.3.1+st.2/lib/gcc/arm-none-eabi/14.3.1/include/arm_mve.h ****   uint64_t __c = ((uint64_t) __b) << 32;
2801:/home/min/snap/code/235/.local/share/stm32cube/bundles/gnu-tools-for-stm32/14.3.1+st.2/lib/gcc/arm-none-eabi/14.3.1/include/arm_mve.h ****   return __builtin_mve_vdwdupq_m_n_uv16qi (__arm_vuninitializedq_u8 (), __a, __c, __imm, __p);
2802:/home/min/snap/code/235/.local/share/stm32cube/bundles/gnu-tools-for-stm32/14.3.1+st.2/lib/gcc/arm-none-eabi/14.3.1/include/arm_mve.h **** }
2803:/home/min/snap/code/235/.local/share/stm32cube/bundles/gnu-tools-for-stm32/14.3.1+st.2/lib/gcc/arm-none-eabi/14.3.1/include/arm_mve.h **** 
2804:/home/min/snap/code/235/.local/share/stm32cube/bundles/gnu-tools-for-stm32/14.3.1+st.2/lib/gcc/arm-none-eabi/14.3.1/include/arm_mve.h **** __extension__ extern __inline uint16x8_t
2805:/home/min/snap/code/235/.local/share/stm32cube/bundles/gnu-tools-for-stm32/14.3.1+st.2/lib/gcc/arm-none-eabi/14.3.1/include/arm_mve.h **** __attribute__ ((__always_inline__, __gnu_inline__, __artificial__))
2806:/home/min/snap/code/235/.local/share/stm32cube/bundles/gnu-tools-for-stm32/14.3.1+st.2/lib/gcc/arm-none-eabi/14.3.1/include/arm_mve.h **** __arm_vdwdupq_x_n_u16 (uint32_t __a, uint32_t __b, const int __imm, mve_pred16_t __p)
2807:/home/min/snap/code/235/.local/share/stm32cube/bundles/gnu-tools-for-stm32/14.3.1+st.2/lib/gcc/arm-none-eabi/14.3.1/include/arm_mve.h **** {
2808:/home/min/snap/code/235/.local/share/stm32cube/bundles/gnu-tools-for-stm32/14.3.1+st.2/lib/gcc/arm-none-eabi/14.3.1/include/arm_mve.h ****   uint64_t __c = ((uint64_t) __b) << 32;
2809:/home/min/snap/code/235/.local/share/stm32cube/bundles/gnu-tools-for-stm32/14.3.1+st.2/lib/gcc/arm-none-eabi/14.3.1/include/arm_mve.h ****   return __builtin_mve_vdwdupq_m_n_uv8hi (__arm_vuninitializedq_u16 (), __a, __c, __imm, __p);
2810:/home/min/snap/code/235/.local/share/stm32cube/bundles/gnu-tools-for-stm32/14.3.1+st.2/lib/gcc/arm-none-eabi/14.3.1/include/arm_mve.h **** }
2811:/home/min/snap/code/235/.local/share/stm32cube/bundles/gnu-tools-for-stm32/14.3.1+st.2/lib/gcc/arm-none-eabi/14.3.1/include/arm_mve.h **** 
2812:/home/min/snap/code/235/.local/share/stm32cube/bundles/gnu-tools-for-stm32/14.3.1+st.2/lib/gcc/arm-none-eabi/14.3.1/include/arm_mve.h **** __extension__ extern __inline uint32x4_t
2813:/home/min/snap/code/235/.local/share/stm32cube/bundles/gnu-tools-for-stm32/14.3.1+st.2/lib/gcc/arm-none-eabi/14.3.1/include/arm_mve.h **** __attribute__ ((__always_inline__, __gnu_inline__, __artificial__))
2814:/home/min/snap/code/235/.local/share/stm32cube/bundles/gnu-tools-for-stm32/14.3.1+st.2/lib/gcc/arm-none-eabi/14.3.1/include/arm_mve.h **** __arm_vdwdupq_x_n_u32 (uint32_t __a, uint32_t __b, const int __imm, mve_pred16_t __p)
2815:/home/min/snap/code/235/.local/share/stm32cube/bundles/gnu-tools-for-stm32/14.3.1+st.2/lib/gcc/arm-none-eabi/14.3.1/include/arm_mve.h **** {
2816:/home/min/snap/code/235/.local/share/stm32cube/bundles/gnu-tools-for-stm32/14.3.1+st.2/lib/gcc/arm-none-eabi/14.3.1/include/arm_mve.h ****   uint64_t __c = ((uint64_t) __b) << 32;
ARM GAS  /tmp/cc1JbEzq.s 			page 55


2817:/home/min/snap/code/235/.local/share/stm32cube/bundles/gnu-tools-for-stm32/14.3.1+st.2/lib/gcc/arm-none-eabi/14.3.1/include/arm_mve.h ****   return __builtin_mve_vdwdupq_m_n_uv4si (__arm_vuninitializedq_u32 (), __a, __c, __imm, __p);
2818:/home/min/snap/code/235/.local/share/stm32cube/bundles/gnu-tools-for-stm32/14.3.1+st.2/lib/gcc/arm-none-eabi/14.3.1/include/arm_mve.h **** }
2819:/home/min/snap/code/235/.local/share/stm32cube/bundles/gnu-tools-for-stm32/14.3.1+st.2/lib/gcc/arm-none-eabi/14.3.1/include/arm_mve.h **** 
2820:/home/min/snap/code/235/.local/share/stm32cube/bundles/gnu-tools-for-stm32/14.3.1+st.2/lib/gcc/arm-none-eabi/14.3.1/include/arm_mve.h **** __extension__ extern __inline uint8x16_t
2821:/home/min/snap/code/235/.local/share/stm32cube/bundles/gnu-tools-for-stm32/14.3.1+st.2/lib/gcc/arm-none-eabi/14.3.1/include/arm_mve.h **** __attribute__ ((__always_inline__, __gnu_inline__, __artificial__))
2822:/home/min/snap/code/235/.local/share/stm32cube/bundles/gnu-tools-for-stm32/14.3.1+st.2/lib/gcc/arm-none-eabi/14.3.1/include/arm_mve.h **** __arm_vdwdupq_x_wb_u8 (uint32_t *__a, uint32_t __b, const int __imm, mve_pred16_t __p)
2823:/home/min/snap/code/235/.local/share/stm32cube/bundles/gnu-tools-for-stm32/14.3.1+st.2/lib/gcc/arm-none-eabi/14.3.1/include/arm_mve.h **** {
2824:/home/min/snap/code/235/.local/share/stm32cube/bundles/gnu-tools-for-stm32/14.3.1+st.2/lib/gcc/arm-none-eabi/14.3.1/include/arm_mve.h ****   uint64_t __c = ((uint64_t) __b) << 32;
2825:/home/min/snap/code/235/.local/share/stm32cube/bundles/gnu-tools-for-stm32/14.3.1+st.2/lib/gcc/arm-none-eabi/14.3.1/include/arm_mve.h ****   uint8x16_t __arg1 = __arm_vuninitializedq_u8 ();
2826:/home/min/snap/code/235/.local/share/stm32cube/bundles/gnu-tools-for-stm32/14.3.1+st.2/lib/gcc/arm-none-eabi/14.3.1/include/arm_mve.h ****   uint8x16_t __res = __builtin_mve_vdwdupq_m_n_uv16qi (__arg1, *__a, __c, __imm, __p);
2827:/home/min/snap/code/235/.local/share/stm32cube/bundles/gnu-tools-for-stm32/14.3.1+st.2/lib/gcc/arm-none-eabi/14.3.1/include/arm_mve.h ****   *__a = __builtin_mve_vdwdupq_m_wb_uv16qi (__arg1, *__a, __c, __imm, __p);
2828:/home/min/snap/code/235/.local/share/stm32cube/bundles/gnu-tools-for-stm32/14.3.1+st.2/lib/gcc/arm-none-eabi/14.3.1/include/arm_mve.h ****   return __res;
2829:/home/min/snap/code/235/.local/share/stm32cube/bundles/gnu-tools-for-stm32/14.3.1+st.2/lib/gcc/arm-none-eabi/14.3.1/include/arm_mve.h **** }
2830:/home/min/snap/code/235/.local/share/stm32cube/bundles/gnu-tools-for-stm32/14.3.1+st.2/lib/gcc/arm-none-eabi/14.3.1/include/arm_mve.h **** 
2831:/home/min/snap/code/235/.local/share/stm32cube/bundles/gnu-tools-for-stm32/14.3.1+st.2/lib/gcc/arm-none-eabi/14.3.1/include/arm_mve.h **** __extension__ extern __inline uint16x8_t
2832:/home/min/snap/code/235/.local/share/stm32cube/bundles/gnu-tools-for-stm32/14.3.1+st.2/lib/gcc/arm-none-eabi/14.3.1/include/arm_mve.h **** __attribute__ ((__always_inline__, __gnu_inline__, __artificial__))
2833:/home/min/snap/code/235/.local/share/stm32cube/bundles/gnu-tools-for-stm32/14.3.1+st.2/lib/gcc/arm-none-eabi/14.3.1/include/arm_mve.h **** __arm_vdwdupq_x_wb_u16 (uint32_t *__a, uint32_t __b, const int __imm, mve_pred16_t __p)
2834:/home/min/snap/code/235/.local/share/stm32cube/bundles/gnu-tools-for-stm32/14.3.1+st.2/lib/gcc/arm-none-eabi/14.3.1/include/arm_mve.h **** {
2835:/home/min/snap/code/235/.local/share/stm32cube/bundles/gnu-tools-for-stm32/14.3.1+st.2/lib/gcc/arm-none-eabi/14.3.1/include/arm_mve.h ****   uint64_t __c = ((uint64_t) __b) << 32;
2836:/home/min/snap/code/235/.local/share/stm32cube/bundles/gnu-tools-for-stm32/14.3.1+st.2/lib/gcc/arm-none-eabi/14.3.1/include/arm_mve.h ****   uint16x8_t __arg1 = __arm_vuninitializedq_u16 ();
2837:/home/min/snap/code/235/.local/share/stm32cube/bundles/gnu-tools-for-stm32/14.3.1+st.2/lib/gcc/arm-none-eabi/14.3.1/include/arm_mve.h ****   uint16x8_t __res =  __builtin_mve_vdwdupq_m_n_uv8hi (__arg1, *__a, __c, __imm, __p);
2838:/home/min/snap/code/235/.local/share/stm32cube/bundles/gnu-tools-for-stm32/14.3.1+st.2/lib/gcc/arm-none-eabi/14.3.1/include/arm_mve.h ****   *__a = __builtin_mve_vdwdupq_m_wb_uv8hi (__arg1, *__a, __c, __imm, __p);
2839:/home/min/snap/code/235/.local/share/stm32cube/bundles/gnu-tools-for-stm32/14.3.1+st.2/lib/gcc/arm-none-eabi/14.3.1/include/arm_mve.h ****   return __res;
2840:/home/min/snap/code/235/.local/share/stm32cube/bundles/gnu-tools-for-stm32/14.3.1+st.2/lib/gcc/arm-none-eabi/14.3.1/include/arm_mve.h **** }
2841:/home/min/snap/code/235/.local/share/stm32cube/bundles/gnu-tools-for-stm32/14.3.1+st.2/lib/gcc/arm-none-eabi/14.3.1/include/arm_mve.h **** 
2842:/home/min/snap/code/235/.local/share/stm32cube/bundles/gnu-tools-for-stm32/14.3.1+st.2/lib/gcc/arm-none-eabi/14.3.1/include/arm_mve.h **** __extension__ extern __inline uint32x4_t
2843:/home/min/snap/code/235/.local/share/stm32cube/bundles/gnu-tools-for-stm32/14.3.1+st.2/lib/gcc/arm-none-eabi/14.3.1/include/arm_mve.h **** __attribute__ ((__always_inline__, __gnu_inline__, __artificial__))
2844:/home/min/snap/code/235/.local/share/stm32cube/bundles/gnu-tools-for-stm32/14.3.1+st.2/lib/gcc/arm-none-eabi/14.3.1/include/arm_mve.h **** __arm_vdwdupq_x_wb_u32 (uint32_t *__a, uint32_t __b, const int __imm, mve_pred16_t __p)
2845:/home/min/snap/code/235/.local/share/stm32cube/bundles/gnu-tools-for-stm32/14.3.1+st.2/lib/gcc/arm-none-eabi/14.3.1/include/arm_mve.h **** {
2846:/home/min/snap/code/235/.local/share/stm32cube/bundles/gnu-tools-for-stm32/14.3.1+st.2/lib/gcc/arm-none-eabi/14.3.1/include/arm_mve.h ****   uint64_t __c = ((uint64_t) __b) << 32;
2847:/home/min/snap/code/235/.local/share/stm32cube/bundles/gnu-tools-for-stm32/14.3.1+st.2/lib/gcc/arm-none-eabi/14.3.1/include/arm_mve.h ****   uint32x4_t __arg1 = __arm_vuninitializedq_u32 ();
2848:/home/min/snap/code/235/.local/share/stm32cube/bundles/gnu-tools-for-stm32/14.3.1+st.2/lib/gcc/arm-none-eabi/14.3.1/include/arm_mve.h ****   uint32x4_t __res =  __builtin_mve_vdwdupq_m_n_uv4si (__arg1, *__a, __c, __imm, __p);
2849:/home/min/snap/code/235/.local/share/stm32cube/bundles/gnu-tools-for-stm32/14.3.1+st.2/lib/gcc/arm-none-eabi/14.3.1/include/arm_mve.h ****   *__a = __builtin_mve_vdwdupq_m_wb_uv4si (__arg1, *__a, __c, __imm, __p);
2850:/home/min/snap/code/235/.local/share/stm32cube/bundles/gnu-tools-for-stm32/14.3.1+st.2/lib/gcc/arm-none-eabi/14.3.1/include/arm_mve.h ****   return __res;
2851:/home/min/snap/code/235/.local/share/stm32cube/bundles/gnu-tools-for-stm32/14.3.1+st.2/lib/gcc/arm-none-eabi/14.3.1/include/arm_mve.h **** }
2852:/home/min/snap/code/235/.local/share/stm32cube/bundles/gnu-tools-for-stm32/14.3.1+st.2/lib/gcc/arm-none-eabi/14.3.1/include/arm_mve.h **** 
2853:/home/min/snap/code/235/.local/share/stm32cube/bundles/gnu-tools-for-stm32/14.3.1+st.2/lib/gcc/arm-none-eabi/14.3.1/include/arm_mve.h **** __extension__ extern __inline uint8x16_t
2854:/home/min/snap/code/235/.local/share/stm32cube/bundles/gnu-tools-for-stm32/14.3.1+st.2/lib/gcc/arm-none-eabi/14.3.1/include/arm_mve.h **** __attribute__ ((__always_inline__, __gnu_inline__, __artificial__))
2855:/home/min/snap/code/235/.local/share/stm32cube/bundles/gnu-tools-for-stm32/14.3.1+st.2/lib/gcc/arm-none-eabi/14.3.1/include/arm_mve.h **** __arm_vidupq_x_n_u8 (uint32_t __a, const int __imm, mve_pred16_t __p)
2856:/home/min/snap/code/235/.local/share/stm32cube/bundles/gnu-tools-for-stm32/14.3.1+st.2/lib/gcc/arm-none-eabi/14.3.1/include/arm_mve.h **** {
2857:/home/min/snap/code/235/.local/share/stm32cube/bundles/gnu-tools-for-stm32/14.3.1+st.2/lib/gcc/arm-none-eabi/14.3.1/include/arm_mve.h ****   return __builtin_mve_vidupq_m_n_uv16qi (__arm_vuninitializedq_u8 (), __a, __imm, __p);
2858:/home/min/snap/code/235/.local/share/stm32cube/bundles/gnu-tools-for-stm32/14.3.1+st.2/lib/gcc/arm-none-eabi/14.3.1/include/arm_mve.h **** }
2859:/home/min/snap/code/235/.local/share/stm32cube/bundles/gnu-tools-for-stm32/14.3.1+st.2/lib/gcc/arm-none-eabi/14.3.1/include/arm_mve.h **** 
2860:/home/min/snap/code/235/.local/share/stm32cube/bundles/gnu-tools-for-stm32/14.3.1+st.2/lib/gcc/arm-none-eabi/14.3.1/include/arm_mve.h **** __extension__ extern __inline uint16x8_t
2861:/home/min/snap/code/235/.local/share/stm32cube/bundles/gnu-tools-for-stm32/14.3.1+st.2/lib/gcc/arm-none-eabi/14.3.1/include/arm_mve.h **** __attribute__ ((__always_inline__, __gnu_inline__, __artificial__))
2862:/home/min/snap/code/235/.local/share/stm32cube/bundles/gnu-tools-for-stm32/14.3.1+st.2/lib/gcc/arm-none-eabi/14.3.1/include/arm_mve.h **** __arm_vidupq_x_n_u16 (uint32_t __a, const int __imm, mve_pred16_t __p)
2863:/home/min/snap/code/235/.local/share/stm32cube/bundles/gnu-tools-for-stm32/14.3.1+st.2/lib/gcc/arm-none-eabi/14.3.1/include/arm_mve.h **** {
2864:/home/min/snap/code/235/.local/share/stm32cube/bundles/gnu-tools-for-stm32/14.3.1+st.2/lib/gcc/arm-none-eabi/14.3.1/include/arm_mve.h ****   return __builtin_mve_vidupq_m_n_uv8hi (__arm_vuninitializedq_u16 (), __a, __imm, __p);
2865:/home/min/snap/code/235/.local/share/stm32cube/bundles/gnu-tools-for-stm32/14.3.1+st.2/lib/gcc/arm-none-eabi/14.3.1/include/arm_mve.h **** }
2866:/home/min/snap/code/235/.local/share/stm32cube/bundles/gnu-tools-for-stm32/14.3.1+st.2/lib/gcc/arm-none-eabi/14.3.1/include/arm_mve.h **** 
2867:/home/min/snap/code/235/.local/share/stm32cube/bundles/gnu-tools-for-stm32/14.3.1+st.2/lib/gcc/arm-none-eabi/14.3.1/include/arm_mve.h **** __extension__ extern __inline uint32x4_t
2868:/home/min/snap/code/235/.local/share/stm32cube/bundles/gnu-tools-for-stm32/14.3.1+st.2/lib/gcc/arm-none-eabi/14.3.1/include/arm_mve.h **** __attribute__ ((__always_inline__, __gnu_inline__, __artificial__))
2869:/home/min/snap/code/235/.local/share/stm32cube/bundles/gnu-tools-for-stm32/14.3.1+st.2/lib/gcc/arm-none-eabi/14.3.1/include/arm_mve.h **** __arm_vidupq_x_n_u32 (uint32_t __a, const int __imm, mve_pred16_t __p)
2870:/home/min/snap/code/235/.local/share/stm32cube/bundles/gnu-tools-for-stm32/14.3.1+st.2/lib/gcc/arm-none-eabi/14.3.1/include/arm_mve.h **** {
2871:/home/min/snap/code/235/.local/share/stm32cube/bundles/gnu-tools-for-stm32/14.3.1+st.2/lib/gcc/arm-none-eabi/14.3.1/include/arm_mve.h ****   return __builtin_mve_vidupq_m_n_uv4si (__arm_vuninitializedq_u32 (), __a, __imm, __p);
2872:/home/min/snap/code/235/.local/share/stm32cube/bundles/gnu-tools-for-stm32/14.3.1+st.2/lib/gcc/arm-none-eabi/14.3.1/include/arm_mve.h **** }
2873:/home/min/snap/code/235/.local/share/stm32cube/bundles/gnu-tools-for-stm32/14.3.1+st.2/lib/gcc/arm-none-eabi/14.3.1/include/arm_mve.h **** 
ARM GAS  /tmp/cc1JbEzq.s 			page 56


2874:/home/min/snap/code/235/.local/share/stm32cube/bundles/gnu-tools-for-stm32/14.3.1+st.2/lib/gcc/arm-none-eabi/14.3.1/include/arm_mve.h **** __extension__ extern __inline uint8x16_t
2875:/home/min/snap/code/235/.local/share/stm32cube/bundles/gnu-tools-for-stm32/14.3.1+st.2/lib/gcc/arm-none-eabi/14.3.1/include/arm_mve.h **** __attribute__ ((__always_inline__, __gnu_inline__, __artificial__))
2876:/home/min/snap/code/235/.local/share/stm32cube/bundles/gnu-tools-for-stm32/14.3.1+st.2/lib/gcc/arm-none-eabi/14.3.1/include/arm_mve.h **** __arm_vidupq_x_wb_u8 (uint32_t *__a, const int __imm, mve_pred16_t __p)
2877:/home/min/snap/code/235/.local/share/stm32cube/bundles/gnu-tools-for-stm32/14.3.1+st.2/lib/gcc/arm-none-eabi/14.3.1/include/arm_mve.h **** {
2878:/home/min/snap/code/235/.local/share/stm32cube/bundles/gnu-tools-for-stm32/14.3.1+st.2/lib/gcc/arm-none-eabi/14.3.1/include/arm_mve.h ****   uint8x16_t __arg1 = __arm_vuninitializedq_u8 ();
2879:/home/min/snap/code/235/.local/share/stm32cube/bundles/gnu-tools-for-stm32/14.3.1+st.2/lib/gcc/arm-none-eabi/14.3.1/include/arm_mve.h ****   uint8x16_t __res = __builtin_mve_vidupq_m_n_uv16qi (__arg1, *__a, __imm, __p);
2880:/home/min/snap/code/235/.local/share/stm32cube/bundles/gnu-tools-for-stm32/14.3.1+st.2/lib/gcc/arm-none-eabi/14.3.1/include/arm_mve.h ****   *__a += __imm * 16u;
2881:/home/min/snap/code/235/.local/share/stm32cube/bundles/gnu-tools-for-stm32/14.3.1+st.2/lib/gcc/arm-none-eabi/14.3.1/include/arm_mve.h ****   return __res;
2882:/home/min/snap/code/235/.local/share/stm32cube/bundles/gnu-tools-for-stm32/14.3.1+st.2/lib/gcc/arm-none-eabi/14.3.1/include/arm_mve.h **** }
2883:/home/min/snap/code/235/.local/share/stm32cube/bundles/gnu-tools-for-stm32/14.3.1+st.2/lib/gcc/arm-none-eabi/14.3.1/include/arm_mve.h **** 
2884:/home/min/snap/code/235/.local/share/stm32cube/bundles/gnu-tools-for-stm32/14.3.1+st.2/lib/gcc/arm-none-eabi/14.3.1/include/arm_mve.h **** __extension__ extern __inline uint16x8_t
2885:/home/min/snap/code/235/.local/share/stm32cube/bundles/gnu-tools-for-stm32/14.3.1+st.2/lib/gcc/arm-none-eabi/14.3.1/include/arm_mve.h **** __attribute__ ((__always_inline__, __gnu_inline__, __artificial__))
2886:/home/min/snap/code/235/.local/share/stm32cube/bundles/gnu-tools-for-stm32/14.3.1+st.2/lib/gcc/arm-none-eabi/14.3.1/include/arm_mve.h **** __arm_vidupq_x_wb_u16 (uint32_t *__a, const int __imm, mve_pred16_t __p)
2887:/home/min/snap/code/235/.local/share/stm32cube/bundles/gnu-tools-for-stm32/14.3.1+st.2/lib/gcc/arm-none-eabi/14.3.1/include/arm_mve.h **** {
2888:/home/min/snap/code/235/.local/share/stm32cube/bundles/gnu-tools-for-stm32/14.3.1+st.2/lib/gcc/arm-none-eabi/14.3.1/include/arm_mve.h ****   uint16x8_t __arg1 = __arm_vuninitializedq_u16 ();
2889:/home/min/snap/code/235/.local/share/stm32cube/bundles/gnu-tools-for-stm32/14.3.1+st.2/lib/gcc/arm-none-eabi/14.3.1/include/arm_mve.h ****   uint16x8_t __res = __builtin_mve_vidupq_m_n_uv8hi (__arg1, *__a, __imm, __p);
2890:/home/min/snap/code/235/.local/share/stm32cube/bundles/gnu-tools-for-stm32/14.3.1+st.2/lib/gcc/arm-none-eabi/14.3.1/include/arm_mve.h ****   *__a += __imm * 8u;
2891:/home/min/snap/code/235/.local/share/stm32cube/bundles/gnu-tools-for-stm32/14.3.1+st.2/lib/gcc/arm-none-eabi/14.3.1/include/arm_mve.h ****   return __res;
2892:/home/min/snap/code/235/.local/share/stm32cube/bundles/gnu-tools-for-stm32/14.3.1+st.2/lib/gcc/arm-none-eabi/14.3.1/include/arm_mve.h **** }
2893:/home/min/snap/code/235/.local/share/stm32cube/bundles/gnu-tools-for-stm32/14.3.1+st.2/lib/gcc/arm-none-eabi/14.3.1/include/arm_mve.h **** 
2894:/home/min/snap/code/235/.local/share/stm32cube/bundles/gnu-tools-for-stm32/14.3.1+st.2/lib/gcc/arm-none-eabi/14.3.1/include/arm_mve.h **** __extension__ extern __inline uint32x4_t
2895:/home/min/snap/code/235/.local/share/stm32cube/bundles/gnu-tools-for-stm32/14.3.1+st.2/lib/gcc/arm-none-eabi/14.3.1/include/arm_mve.h **** __attribute__ ((__always_inline__, __gnu_inline__, __artificial__))
2896:/home/min/snap/code/235/.local/share/stm32cube/bundles/gnu-tools-for-stm32/14.3.1+st.2/lib/gcc/arm-none-eabi/14.3.1/include/arm_mve.h **** __arm_vidupq_x_wb_u32 (uint32_t *__a, const int __imm, mve_pred16_t __p)
2897:/home/min/snap/code/235/.local/share/stm32cube/bundles/gnu-tools-for-stm32/14.3.1+st.2/lib/gcc/arm-none-eabi/14.3.1/include/arm_mve.h **** {
2898:/home/min/snap/code/235/.local/share/stm32cube/bundles/gnu-tools-for-stm32/14.3.1+st.2/lib/gcc/arm-none-eabi/14.3.1/include/arm_mve.h ****   uint32x4_t __arg1 = __arm_vuninitializedq_u32 ();
2899:/home/min/snap/code/235/.local/share/stm32cube/bundles/gnu-tools-for-stm32/14.3.1+st.2/lib/gcc/arm-none-eabi/14.3.1/include/arm_mve.h ****   uint32x4_t __res = __builtin_mve_vidupq_m_n_uv4si (__arg1, *__a, __imm, __p);
2900:/home/min/snap/code/235/.local/share/stm32cube/bundles/gnu-tools-for-stm32/14.3.1+st.2/lib/gcc/arm-none-eabi/14.3.1/include/arm_mve.h ****   *__a += __imm * 4u;
2901:/home/min/snap/code/235/.local/share/stm32cube/bundles/gnu-tools-for-stm32/14.3.1+st.2/lib/gcc/arm-none-eabi/14.3.1/include/arm_mve.h ****   return __res;
2902:/home/min/snap/code/235/.local/share/stm32cube/bundles/gnu-tools-for-stm32/14.3.1+st.2/lib/gcc/arm-none-eabi/14.3.1/include/arm_mve.h **** }
2903:/home/min/snap/code/235/.local/share/stm32cube/bundles/gnu-tools-for-stm32/14.3.1+st.2/lib/gcc/arm-none-eabi/14.3.1/include/arm_mve.h **** 
2904:/home/min/snap/code/235/.local/share/stm32cube/bundles/gnu-tools-for-stm32/14.3.1+st.2/lib/gcc/arm-none-eabi/14.3.1/include/arm_mve.h **** __extension__ extern __inline uint8x16_t
2905:/home/min/snap/code/235/.local/share/stm32cube/bundles/gnu-tools-for-stm32/14.3.1+st.2/lib/gcc/arm-none-eabi/14.3.1/include/arm_mve.h **** __attribute__ ((__always_inline__, __gnu_inline__, __artificial__))
2906:/home/min/snap/code/235/.local/share/stm32cube/bundles/gnu-tools-for-stm32/14.3.1+st.2/lib/gcc/arm-none-eabi/14.3.1/include/arm_mve.h **** __arm_viwdupq_x_n_u8 (uint32_t __a, uint32_t __b, const int __imm, mve_pred16_t __p)
2907:/home/min/snap/code/235/.local/share/stm32cube/bundles/gnu-tools-for-stm32/14.3.1+st.2/lib/gcc/arm-none-eabi/14.3.1/include/arm_mve.h **** {
2908:/home/min/snap/code/235/.local/share/stm32cube/bundles/gnu-tools-for-stm32/14.3.1+st.2/lib/gcc/arm-none-eabi/14.3.1/include/arm_mve.h ****   uint64_t __c = ((uint64_t) __b) << 32;
2909:/home/min/snap/code/235/.local/share/stm32cube/bundles/gnu-tools-for-stm32/14.3.1+st.2/lib/gcc/arm-none-eabi/14.3.1/include/arm_mve.h ****   return __builtin_mve_viwdupq_m_n_uv16qi (__arm_vuninitializedq_u8 (), __a, __c, __imm, __p);
2910:/home/min/snap/code/235/.local/share/stm32cube/bundles/gnu-tools-for-stm32/14.3.1+st.2/lib/gcc/arm-none-eabi/14.3.1/include/arm_mve.h **** }
2911:/home/min/snap/code/235/.local/share/stm32cube/bundles/gnu-tools-for-stm32/14.3.1+st.2/lib/gcc/arm-none-eabi/14.3.1/include/arm_mve.h **** 
2912:/home/min/snap/code/235/.local/share/stm32cube/bundles/gnu-tools-for-stm32/14.3.1+st.2/lib/gcc/arm-none-eabi/14.3.1/include/arm_mve.h **** __extension__ extern __inline uint16x8_t
2913:/home/min/snap/code/235/.local/share/stm32cube/bundles/gnu-tools-for-stm32/14.3.1+st.2/lib/gcc/arm-none-eabi/14.3.1/include/arm_mve.h **** __attribute__ ((__always_inline__, __gnu_inline__, __artificial__))
2914:/home/min/snap/code/235/.local/share/stm32cube/bundles/gnu-tools-for-stm32/14.3.1+st.2/lib/gcc/arm-none-eabi/14.3.1/include/arm_mve.h **** __arm_viwdupq_x_n_u16 (uint32_t __a, uint32_t __b, const int __imm, mve_pred16_t __p)
2915:/home/min/snap/code/235/.local/share/stm32cube/bundles/gnu-tools-for-stm32/14.3.1+st.2/lib/gcc/arm-none-eabi/14.3.1/include/arm_mve.h **** {
2916:/home/min/snap/code/235/.local/share/stm32cube/bundles/gnu-tools-for-stm32/14.3.1+st.2/lib/gcc/arm-none-eabi/14.3.1/include/arm_mve.h ****   uint64_t __c = ((uint64_t) __b) << 32;
2917:/home/min/snap/code/235/.local/share/stm32cube/bundles/gnu-tools-for-stm32/14.3.1+st.2/lib/gcc/arm-none-eabi/14.3.1/include/arm_mve.h ****   return __builtin_mve_viwdupq_m_n_uv8hi (__arm_vuninitializedq_u16 (), __a, __c, __imm, __p);
2918:/home/min/snap/code/235/.local/share/stm32cube/bundles/gnu-tools-for-stm32/14.3.1+st.2/lib/gcc/arm-none-eabi/14.3.1/include/arm_mve.h **** }
2919:/home/min/snap/code/235/.local/share/stm32cube/bundles/gnu-tools-for-stm32/14.3.1+st.2/lib/gcc/arm-none-eabi/14.3.1/include/arm_mve.h **** 
2920:/home/min/snap/code/235/.local/share/stm32cube/bundles/gnu-tools-for-stm32/14.3.1+st.2/lib/gcc/arm-none-eabi/14.3.1/include/arm_mve.h **** __extension__ extern __inline uint32x4_t
2921:/home/min/snap/code/235/.local/share/stm32cube/bundles/gnu-tools-for-stm32/14.3.1+st.2/lib/gcc/arm-none-eabi/14.3.1/include/arm_mve.h **** __attribute__ ((__always_inline__, __gnu_inline__, __artificial__))
2922:/home/min/snap/code/235/.local/share/stm32cube/bundles/gnu-tools-for-stm32/14.3.1+st.2/lib/gcc/arm-none-eabi/14.3.1/include/arm_mve.h **** __arm_viwdupq_x_n_u32 (uint32_t __a, uint32_t __b, const int __imm, mve_pred16_t __p)
2923:/home/min/snap/code/235/.local/share/stm32cube/bundles/gnu-tools-for-stm32/14.3.1+st.2/lib/gcc/arm-none-eabi/14.3.1/include/arm_mve.h **** {
2924:/home/min/snap/code/235/.local/share/stm32cube/bundles/gnu-tools-for-stm32/14.3.1+st.2/lib/gcc/arm-none-eabi/14.3.1/include/arm_mve.h ****   uint64_t __c = ((uint64_t) __b) << 32;
2925:/home/min/snap/code/235/.local/share/stm32cube/bundles/gnu-tools-for-stm32/14.3.1+st.2/lib/gcc/arm-none-eabi/14.3.1/include/arm_mve.h ****   return __builtin_mve_viwdupq_m_n_uv4si (__arm_vuninitializedq_u32 (), __a, __c, __imm, __p);
2926:/home/min/snap/code/235/.local/share/stm32cube/bundles/gnu-tools-for-stm32/14.3.1+st.2/lib/gcc/arm-none-eabi/14.3.1/include/arm_mve.h **** }
2927:/home/min/snap/code/235/.local/share/stm32cube/bundles/gnu-tools-for-stm32/14.3.1+st.2/lib/gcc/arm-none-eabi/14.3.1/include/arm_mve.h **** 
2928:/home/min/snap/code/235/.local/share/stm32cube/bundles/gnu-tools-for-stm32/14.3.1+st.2/lib/gcc/arm-none-eabi/14.3.1/include/arm_mve.h **** __extension__ extern __inline uint8x16_t
2929:/home/min/snap/code/235/.local/share/stm32cube/bundles/gnu-tools-for-stm32/14.3.1+st.2/lib/gcc/arm-none-eabi/14.3.1/include/arm_mve.h **** __attribute__ ((__always_inline__, __gnu_inline__, __artificial__))
2930:/home/min/snap/code/235/.local/share/stm32cube/bundles/gnu-tools-for-stm32/14.3.1+st.2/lib/gcc/arm-none-eabi/14.3.1/include/arm_mve.h **** __arm_viwdupq_x_wb_u8 (uint32_t *__a, uint32_t __b, const int __imm, mve_pred16_t __p)
ARM GAS  /tmp/cc1JbEzq.s 			page 57


2931:/home/min/snap/code/235/.local/share/stm32cube/bundles/gnu-tools-for-stm32/14.3.1+st.2/lib/gcc/arm-none-eabi/14.3.1/include/arm_mve.h **** {
2932:/home/min/snap/code/235/.local/share/stm32cube/bundles/gnu-tools-for-stm32/14.3.1+st.2/lib/gcc/arm-none-eabi/14.3.1/include/arm_mve.h ****   uint64_t __c = ((uint64_t) __b) << 32;
2933:/home/min/snap/code/235/.local/share/stm32cube/bundles/gnu-tools-for-stm32/14.3.1+st.2/lib/gcc/arm-none-eabi/14.3.1/include/arm_mve.h ****   uint8x16_t __arg1 = __arm_vuninitializedq_u8 ();
2934:/home/min/snap/code/235/.local/share/stm32cube/bundles/gnu-tools-for-stm32/14.3.1+st.2/lib/gcc/arm-none-eabi/14.3.1/include/arm_mve.h ****   uint8x16_t __res = __builtin_mve_viwdupq_m_n_uv16qi (__arg1, *__a, __c, __imm, __p);
2935:/home/min/snap/code/235/.local/share/stm32cube/bundles/gnu-tools-for-stm32/14.3.1+st.2/lib/gcc/arm-none-eabi/14.3.1/include/arm_mve.h ****   *__a =  __builtin_mve_viwdupq_m_wb_uv16qi (__arg1, *__a, __c, __imm, __p);
2936:/home/min/snap/code/235/.local/share/stm32cube/bundles/gnu-tools-for-stm32/14.3.1+st.2/lib/gcc/arm-none-eabi/14.3.1/include/arm_mve.h ****   return __res;
2937:/home/min/snap/code/235/.local/share/stm32cube/bundles/gnu-tools-for-stm32/14.3.1+st.2/lib/gcc/arm-none-eabi/14.3.1/include/arm_mve.h **** }
2938:/home/min/snap/code/235/.local/share/stm32cube/bundles/gnu-tools-for-stm32/14.3.1+st.2/lib/gcc/arm-none-eabi/14.3.1/include/arm_mve.h **** 
2939:/home/min/snap/code/235/.local/share/stm32cube/bundles/gnu-tools-for-stm32/14.3.1+st.2/lib/gcc/arm-none-eabi/14.3.1/include/arm_mve.h **** __extension__ extern __inline uint16x8_t
2940:/home/min/snap/code/235/.local/share/stm32cube/bundles/gnu-tools-for-stm32/14.3.1+st.2/lib/gcc/arm-none-eabi/14.3.1/include/arm_mve.h **** __attribute__ ((__always_inline__, __gnu_inline__, __artificial__))
2941:/home/min/snap/code/235/.local/share/stm32cube/bundles/gnu-tools-for-stm32/14.3.1+st.2/lib/gcc/arm-none-eabi/14.3.1/include/arm_mve.h **** __arm_viwdupq_x_wb_u16 (uint32_t *__a, uint32_t __b, const int __imm, mve_pred16_t __p)
2942:/home/min/snap/code/235/.local/share/stm32cube/bundles/gnu-tools-for-stm32/14.3.1+st.2/lib/gcc/arm-none-eabi/14.3.1/include/arm_mve.h **** {
2943:/home/min/snap/code/235/.local/share/stm32cube/bundles/gnu-tools-for-stm32/14.3.1+st.2/lib/gcc/arm-none-eabi/14.3.1/include/arm_mve.h ****   uint64_t __c = ((uint64_t) __b) << 32;
2944:/home/min/snap/code/235/.local/share/stm32cube/bundles/gnu-tools-for-stm32/14.3.1+st.2/lib/gcc/arm-none-eabi/14.3.1/include/arm_mve.h ****   uint16x8_t __arg1 = __arm_vuninitializedq_u16 ();
2945:/home/min/snap/code/235/.local/share/stm32cube/bundles/gnu-tools-for-stm32/14.3.1+st.2/lib/gcc/arm-none-eabi/14.3.1/include/arm_mve.h ****   uint16x8_t __res = __builtin_mve_viwdupq_m_n_uv8hi (__arg1, *__a, __c, __imm, __p);
2946:/home/min/snap/code/235/.local/share/stm32cube/bundles/gnu-tools-for-stm32/14.3.1+st.2/lib/gcc/arm-none-eabi/14.3.1/include/arm_mve.h ****   *__a =  __builtin_mve_viwdupq_m_wb_uv8hi (__arg1, *__a, __c, __imm, __p);
2947:/home/min/snap/code/235/.local/share/stm32cube/bundles/gnu-tools-for-stm32/14.3.1+st.2/lib/gcc/arm-none-eabi/14.3.1/include/arm_mve.h ****   return __res;
2948:/home/min/snap/code/235/.local/share/stm32cube/bundles/gnu-tools-for-stm32/14.3.1+st.2/lib/gcc/arm-none-eabi/14.3.1/include/arm_mve.h **** }
2949:/home/min/snap/code/235/.local/share/stm32cube/bundles/gnu-tools-for-stm32/14.3.1+st.2/lib/gcc/arm-none-eabi/14.3.1/include/arm_mve.h **** 
2950:/home/min/snap/code/235/.local/share/stm32cube/bundles/gnu-tools-for-stm32/14.3.1+st.2/lib/gcc/arm-none-eabi/14.3.1/include/arm_mve.h **** __extension__ extern __inline uint32x4_t
2951:/home/min/snap/code/235/.local/share/stm32cube/bundles/gnu-tools-for-stm32/14.3.1+st.2/lib/gcc/arm-none-eabi/14.3.1/include/arm_mve.h **** __attribute__ ((__always_inline__, __gnu_inline__, __artificial__))
2952:/home/min/snap/code/235/.local/share/stm32cube/bundles/gnu-tools-for-stm32/14.3.1+st.2/lib/gcc/arm-none-eabi/14.3.1/include/arm_mve.h **** __arm_viwdupq_x_wb_u32 (uint32_t *__a, uint32_t __b, const int __imm, mve_pred16_t __p)
2953:/home/min/snap/code/235/.local/share/stm32cube/bundles/gnu-tools-for-stm32/14.3.1+st.2/lib/gcc/arm-none-eabi/14.3.1/include/arm_mve.h **** {
2954:/home/min/snap/code/235/.local/share/stm32cube/bundles/gnu-tools-for-stm32/14.3.1+st.2/lib/gcc/arm-none-eabi/14.3.1/include/arm_mve.h ****   uint64_t __c = ((uint64_t) __b) << 32;
2955:/home/min/snap/code/235/.local/share/stm32cube/bundles/gnu-tools-for-stm32/14.3.1+st.2/lib/gcc/arm-none-eabi/14.3.1/include/arm_mve.h ****   uint32x4_t __arg1 = __arm_vuninitializedq_u32 ();
2956:/home/min/snap/code/235/.local/share/stm32cube/bundles/gnu-tools-for-stm32/14.3.1+st.2/lib/gcc/arm-none-eabi/14.3.1/include/arm_mve.h ****   uint32x4_t __res = __builtin_mve_viwdupq_m_n_uv4si (__arg1, *__a, __c, __imm, __p);
2957:/home/min/snap/code/235/.local/share/stm32cube/bundles/gnu-tools-for-stm32/14.3.1+st.2/lib/gcc/arm-none-eabi/14.3.1/include/arm_mve.h ****   *__a =  __builtin_mve_viwdupq_m_wb_uv4si (__arg1, *__a, __c, __imm, __p);
2958:/home/min/snap/code/235/.local/share/stm32cube/bundles/gnu-tools-for-stm32/14.3.1+st.2/lib/gcc/arm-none-eabi/14.3.1/include/arm_mve.h ****   return __res;
2959:/home/min/snap/code/235/.local/share/stm32cube/bundles/gnu-tools-for-stm32/14.3.1+st.2/lib/gcc/arm-none-eabi/14.3.1/include/arm_mve.h **** }
2960:/home/min/snap/code/235/.local/share/stm32cube/bundles/gnu-tools-for-stm32/14.3.1+st.2/lib/gcc/arm-none-eabi/14.3.1/include/arm_mve.h **** 
2961:/home/min/snap/code/235/.local/share/stm32cube/bundles/gnu-tools-for-stm32/14.3.1+st.2/lib/gcc/arm-none-eabi/14.3.1/include/arm_mve.h **** __extension__ extern __inline int8x16_t
2962:/home/min/snap/code/235/.local/share/stm32cube/bundles/gnu-tools-for-stm32/14.3.1+st.2/lib/gcc/arm-none-eabi/14.3.1/include/arm_mve.h **** __attribute__ ((__always_inline__, __gnu_inline__, __artificial__))
2963:/home/min/snap/code/235/.local/share/stm32cube/bundles/gnu-tools-for-stm32/14.3.1+st.2/lib/gcc/arm-none-eabi/14.3.1/include/arm_mve.h **** __arm_vbicq_x_s8 (int8x16_t __a, int8x16_t __b, mve_pred16_t __p)
2964:/home/min/snap/code/235/.local/share/stm32cube/bundles/gnu-tools-for-stm32/14.3.1+st.2/lib/gcc/arm-none-eabi/14.3.1/include/arm_mve.h **** {
2965:/home/min/snap/code/235/.local/share/stm32cube/bundles/gnu-tools-for-stm32/14.3.1+st.2/lib/gcc/arm-none-eabi/14.3.1/include/arm_mve.h ****   return __builtin_mve_vbicq_m_sv16qi (__arm_vuninitializedq_s8 (), __a, __b, __p);
2966:/home/min/snap/code/235/.local/share/stm32cube/bundles/gnu-tools-for-stm32/14.3.1+st.2/lib/gcc/arm-none-eabi/14.3.1/include/arm_mve.h **** }
2967:/home/min/snap/code/235/.local/share/stm32cube/bundles/gnu-tools-for-stm32/14.3.1+st.2/lib/gcc/arm-none-eabi/14.3.1/include/arm_mve.h **** 
2968:/home/min/snap/code/235/.local/share/stm32cube/bundles/gnu-tools-for-stm32/14.3.1+st.2/lib/gcc/arm-none-eabi/14.3.1/include/arm_mve.h **** __extension__ extern __inline int16x8_t
2969:/home/min/snap/code/235/.local/share/stm32cube/bundles/gnu-tools-for-stm32/14.3.1+st.2/lib/gcc/arm-none-eabi/14.3.1/include/arm_mve.h **** __attribute__ ((__always_inline__, __gnu_inline__, __artificial__))
2970:/home/min/snap/code/235/.local/share/stm32cube/bundles/gnu-tools-for-stm32/14.3.1+st.2/lib/gcc/arm-none-eabi/14.3.1/include/arm_mve.h **** __arm_vbicq_x_s16 (int16x8_t __a, int16x8_t __b, mve_pred16_t __p)
2971:/home/min/snap/code/235/.local/share/stm32cube/bundles/gnu-tools-for-stm32/14.3.1+st.2/lib/gcc/arm-none-eabi/14.3.1/include/arm_mve.h **** {
2972:/home/min/snap/code/235/.local/share/stm32cube/bundles/gnu-tools-for-stm32/14.3.1+st.2/lib/gcc/arm-none-eabi/14.3.1/include/arm_mve.h ****   return __builtin_mve_vbicq_m_sv8hi (__arm_vuninitializedq_s16 (), __a, __b, __p);
2973:/home/min/snap/code/235/.local/share/stm32cube/bundles/gnu-tools-for-stm32/14.3.1+st.2/lib/gcc/arm-none-eabi/14.3.1/include/arm_mve.h **** }
2974:/home/min/snap/code/235/.local/share/stm32cube/bundles/gnu-tools-for-stm32/14.3.1+st.2/lib/gcc/arm-none-eabi/14.3.1/include/arm_mve.h **** 
2975:/home/min/snap/code/235/.local/share/stm32cube/bundles/gnu-tools-for-stm32/14.3.1+st.2/lib/gcc/arm-none-eabi/14.3.1/include/arm_mve.h **** __extension__ extern __inline int32x4_t
2976:/home/min/snap/code/235/.local/share/stm32cube/bundles/gnu-tools-for-stm32/14.3.1+st.2/lib/gcc/arm-none-eabi/14.3.1/include/arm_mve.h **** __attribute__ ((__always_inline__, __gnu_inline__, __artificial__))
2977:/home/min/snap/code/235/.local/share/stm32cube/bundles/gnu-tools-for-stm32/14.3.1+st.2/lib/gcc/arm-none-eabi/14.3.1/include/arm_mve.h **** __arm_vbicq_x_s32 (int32x4_t __a, int32x4_t __b, mve_pred16_t __p)
2978:/home/min/snap/code/235/.local/share/stm32cube/bundles/gnu-tools-for-stm32/14.3.1+st.2/lib/gcc/arm-none-eabi/14.3.1/include/arm_mve.h **** {
2979:/home/min/snap/code/235/.local/share/stm32cube/bundles/gnu-tools-for-stm32/14.3.1+st.2/lib/gcc/arm-none-eabi/14.3.1/include/arm_mve.h ****   return __builtin_mve_vbicq_m_sv4si (__arm_vuninitializedq_s32 (), __a, __b, __p);
2980:/home/min/snap/code/235/.local/share/stm32cube/bundles/gnu-tools-for-stm32/14.3.1+st.2/lib/gcc/arm-none-eabi/14.3.1/include/arm_mve.h **** }
2981:/home/min/snap/code/235/.local/share/stm32cube/bundles/gnu-tools-for-stm32/14.3.1+st.2/lib/gcc/arm-none-eabi/14.3.1/include/arm_mve.h **** 
2982:/home/min/snap/code/235/.local/share/stm32cube/bundles/gnu-tools-for-stm32/14.3.1+st.2/lib/gcc/arm-none-eabi/14.3.1/include/arm_mve.h **** __extension__ extern __inline uint8x16_t
2983:/home/min/snap/code/235/.local/share/stm32cube/bundles/gnu-tools-for-stm32/14.3.1+st.2/lib/gcc/arm-none-eabi/14.3.1/include/arm_mve.h **** __attribute__ ((__always_inline__, __gnu_inline__, __artificial__))
2984:/home/min/snap/code/235/.local/share/stm32cube/bundles/gnu-tools-for-stm32/14.3.1+st.2/lib/gcc/arm-none-eabi/14.3.1/include/arm_mve.h **** __arm_vbicq_x_u8 (uint8x16_t __a, uint8x16_t __b, mve_pred16_t __p)
2985:/home/min/snap/code/235/.local/share/stm32cube/bundles/gnu-tools-for-stm32/14.3.1+st.2/lib/gcc/arm-none-eabi/14.3.1/include/arm_mve.h **** {
2986:/home/min/snap/code/235/.local/share/stm32cube/bundles/gnu-tools-for-stm32/14.3.1+st.2/lib/gcc/arm-none-eabi/14.3.1/include/arm_mve.h ****   return __builtin_mve_vbicq_m_uv16qi (__arm_vuninitializedq_u8 (), __a, __b, __p);
2987:/home/min/snap/code/235/.local/share/stm32cube/bundles/gnu-tools-for-stm32/14.3.1+st.2/lib/gcc/arm-none-eabi/14.3.1/include/arm_mve.h **** }
ARM GAS  /tmp/cc1JbEzq.s 			page 58


2988:/home/min/snap/code/235/.local/share/stm32cube/bundles/gnu-tools-for-stm32/14.3.1+st.2/lib/gcc/arm-none-eabi/14.3.1/include/arm_mve.h **** 
2989:/home/min/snap/code/235/.local/share/stm32cube/bundles/gnu-tools-for-stm32/14.3.1+st.2/lib/gcc/arm-none-eabi/14.3.1/include/arm_mve.h **** __extension__ extern __inline uint16x8_t
2990:/home/min/snap/code/235/.local/share/stm32cube/bundles/gnu-tools-for-stm32/14.3.1+st.2/lib/gcc/arm-none-eabi/14.3.1/include/arm_mve.h **** __attribute__ ((__always_inline__, __gnu_inline__, __artificial__))
2991:/home/min/snap/code/235/.local/share/stm32cube/bundles/gnu-tools-for-stm32/14.3.1+st.2/lib/gcc/arm-none-eabi/14.3.1/include/arm_mve.h **** __arm_vbicq_x_u16 (uint16x8_t __a, uint16x8_t __b, mve_pred16_t __p)
2992:/home/min/snap/code/235/.local/share/stm32cube/bundles/gnu-tools-for-stm32/14.3.1+st.2/lib/gcc/arm-none-eabi/14.3.1/include/arm_mve.h **** {
2993:/home/min/snap/code/235/.local/share/stm32cube/bundles/gnu-tools-for-stm32/14.3.1+st.2/lib/gcc/arm-none-eabi/14.3.1/include/arm_mve.h ****   return __builtin_mve_vbicq_m_uv8hi (__arm_vuninitializedq_u16 (), __a, __b, __p);
2994:/home/min/snap/code/235/.local/share/stm32cube/bundles/gnu-tools-for-stm32/14.3.1+st.2/lib/gcc/arm-none-eabi/14.3.1/include/arm_mve.h **** }
2995:/home/min/snap/code/235/.local/share/stm32cube/bundles/gnu-tools-for-stm32/14.3.1+st.2/lib/gcc/arm-none-eabi/14.3.1/include/arm_mve.h **** 
2996:/home/min/snap/code/235/.local/share/stm32cube/bundles/gnu-tools-for-stm32/14.3.1+st.2/lib/gcc/arm-none-eabi/14.3.1/include/arm_mve.h **** __extension__ extern __inline uint32x4_t
2997:/home/min/snap/code/235/.local/share/stm32cube/bundles/gnu-tools-for-stm32/14.3.1+st.2/lib/gcc/arm-none-eabi/14.3.1/include/arm_mve.h **** __attribute__ ((__always_inline__, __gnu_inline__, __artificial__))
2998:/home/min/snap/code/235/.local/share/stm32cube/bundles/gnu-tools-for-stm32/14.3.1+st.2/lib/gcc/arm-none-eabi/14.3.1/include/arm_mve.h **** __arm_vbicq_x_u32 (uint32x4_t __a, uint32x4_t __b, mve_pred16_t __p)
2999:/home/min/snap/code/235/.local/share/stm32cube/bundles/gnu-tools-for-stm32/14.3.1+st.2/lib/gcc/arm-none-eabi/14.3.1/include/arm_mve.h **** {
3000:/home/min/snap/code/235/.local/share/stm32cube/bundles/gnu-tools-for-stm32/14.3.1+st.2/lib/gcc/arm-none-eabi/14.3.1/include/arm_mve.h ****   return __builtin_mve_vbicq_m_uv4si (__arm_vuninitializedq_u32 (), __a, __b, __p);
3001:/home/min/snap/code/235/.local/share/stm32cube/bundles/gnu-tools-for-stm32/14.3.1+st.2/lib/gcc/arm-none-eabi/14.3.1/include/arm_mve.h **** }
3002:/home/min/snap/code/235/.local/share/stm32cube/bundles/gnu-tools-for-stm32/14.3.1+st.2/lib/gcc/arm-none-eabi/14.3.1/include/arm_mve.h **** 
3003:/home/min/snap/code/235/.local/share/stm32cube/bundles/gnu-tools-for-stm32/14.3.1+st.2/lib/gcc/arm-none-eabi/14.3.1/include/arm_mve.h **** __extension__ extern __inline int8x16_t
3004:/home/min/snap/code/235/.local/share/stm32cube/bundles/gnu-tools-for-stm32/14.3.1+st.2/lib/gcc/arm-none-eabi/14.3.1/include/arm_mve.h **** __attribute__ ((__always_inline__, __gnu_inline__, __artificial__))
3005:/home/min/snap/code/235/.local/share/stm32cube/bundles/gnu-tools-for-stm32/14.3.1+st.2/lib/gcc/arm-none-eabi/14.3.1/include/arm_mve.h **** __arm_vornq_x_s8 (int8x16_t __a, int8x16_t __b, mve_pred16_t __p)
3006:/home/min/snap/code/235/.local/share/stm32cube/bundles/gnu-tools-for-stm32/14.3.1+st.2/lib/gcc/arm-none-eabi/14.3.1/include/arm_mve.h **** {
3007:/home/min/snap/code/235/.local/share/stm32cube/bundles/gnu-tools-for-stm32/14.3.1+st.2/lib/gcc/arm-none-eabi/14.3.1/include/arm_mve.h ****   return __builtin_mve_vornq_m_sv16qi (__arm_vuninitializedq_s8 (), __a, __b, __p);
3008:/home/min/snap/code/235/.local/share/stm32cube/bundles/gnu-tools-for-stm32/14.3.1+st.2/lib/gcc/arm-none-eabi/14.3.1/include/arm_mve.h **** }
3009:/home/min/snap/code/235/.local/share/stm32cube/bundles/gnu-tools-for-stm32/14.3.1+st.2/lib/gcc/arm-none-eabi/14.3.1/include/arm_mve.h **** 
3010:/home/min/snap/code/235/.local/share/stm32cube/bundles/gnu-tools-for-stm32/14.3.1+st.2/lib/gcc/arm-none-eabi/14.3.1/include/arm_mve.h **** __extension__ extern __inline int16x8_t
3011:/home/min/snap/code/235/.local/share/stm32cube/bundles/gnu-tools-for-stm32/14.3.1+st.2/lib/gcc/arm-none-eabi/14.3.1/include/arm_mve.h **** __attribute__ ((__always_inline__, __gnu_inline__, __artificial__))
3012:/home/min/snap/code/235/.local/share/stm32cube/bundles/gnu-tools-for-stm32/14.3.1+st.2/lib/gcc/arm-none-eabi/14.3.1/include/arm_mve.h **** __arm_vornq_x_s16 (int16x8_t __a, int16x8_t __b, mve_pred16_t __p)
3013:/home/min/snap/code/235/.local/share/stm32cube/bundles/gnu-tools-for-stm32/14.3.1+st.2/lib/gcc/arm-none-eabi/14.3.1/include/arm_mve.h **** {
3014:/home/min/snap/code/235/.local/share/stm32cube/bundles/gnu-tools-for-stm32/14.3.1+st.2/lib/gcc/arm-none-eabi/14.3.1/include/arm_mve.h ****   return __builtin_mve_vornq_m_sv8hi (__arm_vuninitializedq_s16 (), __a, __b, __p);
3015:/home/min/snap/code/235/.local/share/stm32cube/bundles/gnu-tools-for-stm32/14.3.1+st.2/lib/gcc/arm-none-eabi/14.3.1/include/arm_mve.h **** }
3016:/home/min/snap/code/235/.local/share/stm32cube/bundles/gnu-tools-for-stm32/14.3.1+st.2/lib/gcc/arm-none-eabi/14.3.1/include/arm_mve.h **** 
3017:/home/min/snap/code/235/.local/share/stm32cube/bundles/gnu-tools-for-stm32/14.3.1+st.2/lib/gcc/arm-none-eabi/14.3.1/include/arm_mve.h **** __extension__ extern __inline int32x4_t
3018:/home/min/snap/code/235/.local/share/stm32cube/bundles/gnu-tools-for-stm32/14.3.1+st.2/lib/gcc/arm-none-eabi/14.3.1/include/arm_mve.h **** __attribute__ ((__always_inline__, __gnu_inline__, __artificial__))
3019:/home/min/snap/code/235/.local/share/stm32cube/bundles/gnu-tools-for-stm32/14.3.1+st.2/lib/gcc/arm-none-eabi/14.3.1/include/arm_mve.h **** __arm_vornq_x_s32 (int32x4_t __a, int32x4_t __b, mve_pred16_t __p)
3020:/home/min/snap/code/235/.local/share/stm32cube/bundles/gnu-tools-for-stm32/14.3.1+st.2/lib/gcc/arm-none-eabi/14.3.1/include/arm_mve.h **** {
3021:/home/min/snap/code/235/.local/share/stm32cube/bundles/gnu-tools-for-stm32/14.3.1+st.2/lib/gcc/arm-none-eabi/14.3.1/include/arm_mve.h ****   return __builtin_mve_vornq_m_sv4si (__arm_vuninitializedq_s32 (), __a, __b, __p);
3022:/home/min/snap/code/235/.local/share/stm32cube/bundles/gnu-tools-for-stm32/14.3.1+st.2/lib/gcc/arm-none-eabi/14.3.1/include/arm_mve.h **** }
3023:/home/min/snap/code/235/.local/share/stm32cube/bundles/gnu-tools-for-stm32/14.3.1+st.2/lib/gcc/arm-none-eabi/14.3.1/include/arm_mve.h **** 
3024:/home/min/snap/code/235/.local/share/stm32cube/bundles/gnu-tools-for-stm32/14.3.1+st.2/lib/gcc/arm-none-eabi/14.3.1/include/arm_mve.h **** __extension__ extern __inline uint8x16_t
3025:/home/min/snap/code/235/.local/share/stm32cube/bundles/gnu-tools-for-stm32/14.3.1+st.2/lib/gcc/arm-none-eabi/14.3.1/include/arm_mve.h **** __attribute__ ((__always_inline__, __gnu_inline__, __artificial__))
3026:/home/min/snap/code/235/.local/share/stm32cube/bundles/gnu-tools-for-stm32/14.3.1+st.2/lib/gcc/arm-none-eabi/14.3.1/include/arm_mve.h **** __arm_vornq_x_u8 (uint8x16_t __a, uint8x16_t __b, mve_pred16_t __p)
3027:/home/min/snap/code/235/.local/share/stm32cube/bundles/gnu-tools-for-stm32/14.3.1+st.2/lib/gcc/arm-none-eabi/14.3.1/include/arm_mve.h **** {
3028:/home/min/snap/code/235/.local/share/stm32cube/bundles/gnu-tools-for-stm32/14.3.1+st.2/lib/gcc/arm-none-eabi/14.3.1/include/arm_mve.h ****   return __builtin_mve_vornq_m_uv16qi (__arm_vuninitializedq_u8 (), __a, __b, __p);
3029:/home/min/snap/code/235/.local/share/stm32cube/bundles/gnu-tools-for-stm32/14.3.1+st.2/lib/gcc/arm-none-eabi/14.3.1/include/arm_mve.h **** }
3030:/home/min/snap/code/235/.local/share/stm32cube/bundles/gnu-tools-for-stm32/14.3.1+st.2/lib/gcc/arm-none-eabi/14.3.1/include/arm_mve.h **** 
3031:/home/min/snap/code/235/.local/share/stm32cube/bundles/gnu-tools-for-stm32/14.3.1+st.2/lib/gcc/arm-none-eabi/14.3.1/include/arm_mve.h **** __extension__ extern __inline uint16x8_t
3032:/home/min/snap/code/235/.local/share/stm32cube/bundles/gnu-tools-for-stm32/14.3.1+st.2/lib/gcc/arm-none-eabi/14.3.1/include/arm_mve.h **** __attribute__ ((__always_inline__, __gnu_inline__, __artificial__))
3033:/home/min/snap/code/235/.local/share/stm32cube/bundles/gnu-tools-for-stm32/14.3.1+st.2/lib/gcc/arm-none-eabi/14.3.1/include/arm_mve.h **** __arm_vornq_x_u16 (uint16x8_t __a, uint16x8_t __b, mve_pred16_t __p)
3034:/home/min/snap/code/235/.local/share/stm32cube/bundles/gnu-tools-for-stm32/14.3.1+st.2/lib/gcc/arm-none-eabi/14.3.1/include/arm_mve.h **** {
3035:/home/min/snap/code/235/.local/share/stm32cube/bundles/gnu-tools-for-stm32/14.3.1+st.2/lib/gcc/arm-none-eabi/14.3.1/include/arm_mve.h ****   return __builtin_mve_vornq_m_uv8hi (__arm_vuninitializedq_u16 (), __a, __b, __p);
3036:/home/min/snap/code/235/.local/share/stm32cube/bundles/gnu-tools-for-stm32/14.3.1+st.2/lib/gcc/arm-none-eabi/14.3.1/include/arm_mve.h **** }
3037:/home/min/snap/code/235/.local/share/stm32cube/bundles/gnu-tools-for-stm32/14.3.1+st.2/lib/gcc/arm-none-eabi/14.3.1/include/arm_mve.h **** 
3038:/home/min/snap/code/235/.local/share/stm32cube/bundles/gnu-tools-for-stm32/14.3.1+st.2/lib/gcc/arm-none-eabi/14.3.1/include/arm_mve.h **** __extension__ extern __inline uint32x4_t
3039:/home/min/snap/code/235/.local/share/stm32cube/bundles/gnu-tools-for-stm32/14.3.1+st.2/lib/gcc/arm-none-eabi/14.3.1/include/arm_mve.h **** __attribute__ ((__always_inline__, __gnu_inline__, __artificial__))
3040:/home/min/snap/code/235/.local/share/stm32cube/bundles/gnu-tools-for-stm32/14.3.1+st.2/lib/gcc/arm-none-eabi/14.3.1/include/arm_mve.h **** __arm_vornq_x_u32 (uint32x4_t __a, uint32x4_t __b, mve_pred16_t __p)
3041:/home/min/snap/code/235/.local/share/stm32cube/bundles/gnu-tools-for-stm32/14.3.1+st.2/lib/gcc/arm-none-eabi/14.3.1/include/arm_mve.h **** {
3042:/home/min/snap/code/235/.local/share/stm32cube/bundles/gnu-tools-for-stm32/14.3.1+st.2/lib/gcc/arm-none-eabi/14.3.1/include/arm_mve.h ****   return __builtin_mve_vornq_m_uv4si (__arm_vuninitializedq_u32 (), __a, __b, __p);
3043:/home/min/snap/code/235/.local/share/stm32cube/bundles/gnu-tools-for-stm32/14.3.1+st.2/lib/gcc/arm-none-eabi/14.3.1/include/arm_mve.h **** }
3044:/home/min/snap/code/235/.local/share/stm32cube/bundles/gnu-tools-for-stm32/14.3.1+st.2/lib/gcc/arm-none-eabi/14.3.1/include/arm_mve.h **** 
ARM GAS  /tmp/cc1JbEzq.s 			page 59


3045:/home/min/snap/code/235/.local/share/stm32cube/bundles/gnu-tools-for-stm32/14.3.1+st.2/lib/gcc/arm-none-eabi/14.3.1/include/arm_mve.h **** __extension__ extern __inline int32x4_t
3046:/home/min/snap/code/235/.local/share/stm32cube/bundles/gnu-tools-for-stm32/14.3.1+st.2/lib/gcc/arm-none-eabi/14.3.1/include/arm_mve.h **** __attribute__ ((__always_inline__, __gnu_inline__, __artificial__))
3047:/home/min/snap/code/235/.local/share/stm32cube/bundles/gnu-tools-for-stm32/14.3.1+st.2/lib/gcc/arm-none-eabi/14.3.1/include/arm_mve.h **** __arm_vadciq_s32 (int32x4_t __a, int32x4_t __b, unsigned * __carry_out)
3048:/home/min/snap/code/235/.local/share/stm32cube/bundles/gnu-tools-for-stm32/14.3.1+st.2/lib/gcc/arm-none-eabi/14.3.1/include/arm_mve.h **** {
3049:/home/min/snap/code/235/.local/share/stm32cube/bundles/gnu-tools-for-stm32/14.3.1+st.2/lib/gcc/arm-none-eabi/14.3.1/include/arm_mve.h ****   int32x4_t __res = __builtin_mve_vadciq_sv4si (__a, __b);
3050:/home/min/snap/code/235/.local/share/stm32cube/bundles/gnu-tools-for-stm32/14.3.1+st.2/lib/gcc/arm-none-eabi/14.3.1/include/arm_mve.h ****   *__carry_out = (__builtin_arm_get_fpscr_nzcvqc () >> 29) & 0x1u;
3051:/home/min/snap/code/235/.local/share/stm32cube/bundles/gnu-tools-for-stm32/14.3.1+st.2/lib/gcc/arm-none-eabi/14.3.1/include/arm_mve.h ****   return __res;
3052:/home/min/snap/code/235/.local/share/stm32cube/bundles/gnu-tools-for-stm32/14.3.1+st.2/lib/gcc/arm-none-eabi/14.3.1/include/arm_mve.h **** }
3053:/home/min/snap/code/235/.local/share/stm32cube/bundles/gnu-tools-for-stm32/14.3.1+st.2/lib/gcc/arm-none-eabi/14.3.1/include/arm_mve.h **** 
3054:/home/min/snap/code/235/.local/share/stm32cube/bundles/gnu-tools-for-stm32/14.3.1+st.2/lib/gcc/arm-none-eabi/14.3.1/include/arm_mve.h **** __extension__ extern __inline uint32x4_t
3055:/home/min/snap/code/235/.local/share/stm32cube/bundles/gnu-tools-for-stm32/14.3.1+st.2/lib/gcc/arm-none-eabi/14.3.1/include/arm_mve.h **** __attribute__ ((__always_inline__, __gnu_inline__, __artificial__))
3056:/home/min/snap/code/235/.local/share/stm32cube/bundles/gnu-tools-for-stm32/14.3.1+st.2/lib/gcc/arm-none-eabi/14.3.1/include/arm_mve.h **** __arm_vadciq_u32 (uint32x4_t __a, uint32x4_t __b, unsigned * __carry_out)
3057:/home/min/snap/code/235/.local/share/stm32cube/bundles/gnu-tools-for-stm32/14.3.1+st.2/lib/gcc/arm-none-eabi/14.3.1/include/arm_mve.h **** {
3058:/home/min/snap/code/235/.local/share/stm32cube/bundles/gnu-tools-for-stm32/14.3.1+st.2/lib/gcc/arm-none-eabi/14.3.1/include/arm_mve.h ****   uint32x4_t __res = __builtin_mve_vadciq_uv4si (__a, __b);
3059:/home/min/snap/code/235/.local/share/stm32cube/bundles/gnu-tools-for-stm32/14.3.1+st.2/lib/gcc/arm-none-eabi/14.3.1/include/arm_mve.h ****   *__carry_out = (__builtin_arm_get_fpscr_nzcvqc () >> 29) & 0x1u;
3060:/home/min/snap/code/235/.local/share/stm32cube/bundles/gnu-tools-for-stm32/14.3.1+st.2/lib/gcc/arm-none-eabi/14.3.1/include/arm_mve.h ****   return __res;
3061:/home/min/snap/code/235/.local/share/stm32cube/bundles/gnu-tools-for-stm32/14.3.1+st.2/lib/gcc/arm-none-eabi/14.3.1/include/arm_mve.h **** }
3062:/home/min/snap/code/235/.local/share/stm32cube/bundles/gnu-tools-for-stm32/14.3.1+st.2/lib/gcc/arm-none-eabi/14.3.1/include/arm_mve.h **** 
3063:/home/min/snap/code/235/.local/share/stm32cube/bundles/gnu-tools-for-stm32/14.3.1+st.2/lib/gcc/arm-none-eabi/14.3.1/include/arm_mve.h **** __extension__ extern __inline int32x4_t
3064:/home/min/snap/code/235/.local/share/stm32cube/bundles/gnu-tools-for-stm32/14.3.1+st.2/lib/gcc/arm-none-eabi/14.3.1/include/arm_mve.h **** __attribute__ ((__always_inline__, __gnu_inline__, __artificial__))
3065:/home/min/snap/code/235/.local/share/stm32cube/bundles/gnu-tools-for-stm32/14.3.1+st.2/lib/gcc/arm-none-eabi/14.3.1/include/arm_mve.h **** __arm_vadciq_m_s32 (int32x4_t __inactive, int32x4_t __a, int32x4_t __b, unsigned * __carry_out, mve
3066:/home/min/snap/code/235/.local/share/stm32cube/bundles/gnu-tools-for-stm32/14.3.1+st.2/lib/gcc/arm-none-eabi/14.3.1/include/arm_mve.h **** {
3067:/home/min/snap/code/235/.local/share/stm32cube/bundles/gnu-tools-for-stm32/14.3.1+st.2/lib/gcc/arm-none-eabi/14.3.1/include/arm_mve.h ****   int32x4_t __res =  __builtin_mve_vadciq_m_sv4si (__inactive, __a, __b, __p);
3068:/home/min/snap/code/235/.local/share/stm32cube/bundles/gnu-tools-for-stm32/14.3.1+st.2/lib/gcc/arm-none-eabi/14.3.1/include/arm_mve.h ****   *__carry_out = (__builtin_arm_get_fpscr_nzcvqc () >> 29) & 0x1u;
3069:/home/min/snap/code/235/.local/share/stm32cube/bundles/gnu-tools-for-stm32/14.3.1+st.2/lib/gcc/arm-none-eabi/14.3.1/include/arm_mve.h ****   return __res;
3070:/home/min/snap/code/235/.local/share/stm32cube/bundles/gnu-tools-for-stm32/14.3.1+st.2/lib/gcc/arm-none-eabi/14.3.1/include/arm_mve.h **** }
3071:/home/min/snap/code/235/.local/share/stm32cube/bundles/gnu-tools-for-stm32/14.3.1+st.2/lib/gcc/arm-none-eabi/14.3.1/include/arm_mve.h **** 
3072:/home/min/snap/code/235/.local/share/stm32cube/bundles/gnu-tools-for-stm32/14.3.1+st.2/lib/gcc/arm-none-eabi/14.3.1/include/arm_mve.h **** __extension__ extern __inline uint32x4_t
3073:/home/min/snap/code/235/.local/share/stm32cube/bundles/gnu-tools-for-stm32/14.3.1+st.2/lib/gcc/arm-none-eabi/14.3.1/include/arm_mve.h **** __attribute__ ((__always_inline__, __gnu_inline__, __artificial__))
3074:/home/min/snap/code/235/.local/share/stm32cube/bundles/gnu-tools-for-stm32/14.3.1+st.2/lib/gcc/arm-none-eabi/14.3.1/include/arm_mve.h **** __arm_vadciq_m_u32 (uint32x4_t __inactive, uint32x4_t __a, uint32x4_t __b, unsigned * __carry_out, 
3075:/home/min/snap/code/235/.local/share/stm32cube/bundles/gnu-tools-for-stm32/14.3.1+st.2/lib/gcc/arm-none-eabi/14.3.1/include/arm_mve.h **** {
3076:/home/min/snap/code/235/.local/share/stm32cube/bundles/gnu-tools-for-stm32/14.3.1+st.2/lib/gcc/arm-none-eabi/14.3.1/include/arm_mve.h ****   uint32x4_t __res = __builtin_mve_vadciq_m_uv4si (__inactive, __a, __b, __p);
3077:/home/min/snap/code/235/.local/share/stm32cube/bundles/gnu-tools-for-stm32/14.3.1+st.2/lib/gcc/arm-none-eabi/14.3.1/include/arm_mve.h ****   *__carry_out = (__builtin_arm_get_fpscr_nzcvqc () >> 29) & 0x1u;
3078:/home/min/snap/code/235/.local/share/stm32cube/bundles/gnu-tools-for-stm32/14.3.1+st.2/lib/gcc/arm-none-eabi/14.3.1/include/arm_mve.h ****   return __res;
3079:/home/min/snap/code/235/.local/share/stm32cube/bundles/gnu-tools-for-stm32/14.3.1+st.2/lib/gcc/arm-none-eabi/14.3.1/include/arm_mve.h **** }
3080:/home/min/snap/code/235/.local/share/stm32cube/bundles/gnu-tools-for-stm32/14.3.1+st.2/lib/gcc/arm-none-eabi/14.3.1/include/arm_mve.h **** 
3081:/home/min/snap/code/235/.local/share/stm32cube/bundles/gnu-tools-for-stm32/14.3.1+st.2/lib/gcc/arm-none-eabi/14.3.1/include/arm_mve.h **** __extension__ extern __inline int32x4_t
3082:/home/min/snap/code/235/.local/share/stm32cube/bundles/gnu-tools-for-stm32/14.3.1+st.2/lib/gcc/arm-none-eabi/14.3.1/include/arm_mve.h **** __attribute__ ((__always_inline__, __gnu_inline__, __artificial__))
3083:/home/min/snap/code/235/.local/share/stm32cube/bundles/gnu-tools-for-stm32/14.3.1+st.2/lib/gcc/arm-none-eabi/14.3.1/include/arm_mve.h **** __arm_vadcq_s32 (int32x4_t __a, int32x4_t __b, unsigned * __carry)
3084:/home/min/snap/code/235/.local/share/stm32cube/bundles/gnu-tools-for-stm32/14.3.1+st.2/lib/gcc/arm-none-eabi/14.3.1/include/arm_mve.h **** {
3085:/home/min/snap/code/235/.local/share/stm32cube/bundles/gnu-tools-for-stm32/14.3.1+st.2/lib/gcc/arm-none-eabi/14.3.1/include/arm_mve.h ****   __builtin_arm_set_fpscr_nzcvqc((__builtin_arm_get_fpscr_nzcvqc () & ~0x20000000u) | ((*__carry & 
3086:/home/min/snap/code/235/.local/share/stm32cube/bundles/gnu-tools-for-stm32/14.3.1+st.2/lib/gcc/arm-none-eabi/14.3.1/include/arm_mve.h ****   int32x4_t __res = __builtin_mve_vadcq_sv4si (__a, __b);
3087:/home/min/snap/code/235/.local/share/stm32cube/bundles/gnu-tools-for-stm32/14.3.1+st.2/lib/gcc/arm-none-eabi/14.3.1/include/arm_mve.h ****   *__carry = (__builtin_arm_get_fpscr_nzcvqc () >> 29) & 0x1u;
3088:/home/min/snap/code/235/.local/share/stm32cube/bundles/gnu-tools-for-stm32/14.3.1+st.2/lib/gcc/arm-none-eabi/14.3.1/include/arm_mve.h ****   return __res;
3089:/home/min/snap/code/235/.local/share/stm32cube/bundles/gnu-tools-for-stm32/14.3.1+st.2/lib/gcc/arm-none-eabi/14.3.1/include/arm_mve.h **** }
3090:/home/min/snap/code/235/.local/share/stm32cube/bundles/gnu-tools-for-stm32/14.3.1+st.2/lib/gcc/arm-none-eabi/14.3.1/include/arm_mve.h **** 
3091:/home/min/snap/code/235/.local/share/stm32cube/bundles/gnu-tools-for-stm32/14.3.1+st.2/lib/gcc/arm-none-eabi/14.3.1/include/arm_mve.h **** __extension__ extern __inline uint32x4_t
3092:/home/min/snap/code/235/.local/share/stm32cube/bundles/gnu-tools-for-stm32/14.3.1+st.2/lib/gcc/arm-none-eabi/14.3.1/include/arm_mve.h **** __attribute__ ((__always_inline__, __gnu_inline__, __artificial__))
3093:/home/min/snap/code/235/.local/share/stm32cube/bundles/gnu-tools-for-stm32/14.3.1+st.2/lib/gcc/arm-none-eabi/14.3.1/include/arm_mve.h **** __arm_vadcq_u32 (uint32x4_t __a, uint32x4_t __b, unsigned * __carry)
3094:/home/min/snap/code/235/.local/share/stm32cube/bundles/gnu-tools-for-stm32/14.3.1+st.2/lib/gcc/arm-none-eabi/14.3.1/include/arm_mve.h **** {
3095:/home/min/snap/code/235/.local/share/stm32cube/bundles/gnu-tools-for-stm32/14.3.1+st.2/lib/gcc/arm-none-eabi/14.3.1/include/arm_mve.h ****   __builtin_arm_set_fpscr_nzcvqc((__builtin_arm_get_fpscr_nzcvqc () & ~0x20000000u) | ((*__carry & 
3096:/home/min/snap/code/235/.local/share/stm32cube/bundles/gnu-tools-for-stm32/14.3.1+st.2/lib/gcc/arm-none-eabi/14.3.1/include/arm_mve.h ****   uint32x4_t __res = __builtin_mve_vadcq_uv4si (__a, __b);
3097:/home/min/snap/code/235/.local/share/stm32cube/bundles/gnu-tools-for-stm32/14.3.1+st.2/lib/gcc/arm-none-eabi/14.3.1/include/arm_mve.h ****   *__carry = (__builtin_arm_get_fpscr_nzcvqc () >> 29) & 0x1u;
3098:/home/min/snap/code/235/.local/share/stm32cube/bundles/gnu-tools-for-stm32/14.3.1+st.2/lib/gcc/arm-none-eabi/14.3.1/include/arm_mve.h ****   return __res;
3099:/home/min/snap/code/235/.local/share/stm32cube/bundles/gnu-tools-for-stm32/14.3.1+st.2/lib/gcc/arm-none-eabi/14.3.1/include/arm_mve.h **** }
3100:/home/min/snap/code/235/.local/share/stm32cube/bundles/gnu-tools-for-stm32/14.3.1+st.2/lib/gcc/arm-none-eabi/14.3.1/include/arm_mve.h **** 
3101:/home/min/snap/code/235/.local/share/stm32cube/bundles/gnu-tools-for-stm32/14.3.1+st.2/lib/gcc/arm-none-eabi/14.3.1/include/arm_mve.h **** __extension__ extern __inline int32x4_t
ARM GAS  /tmp/cc1JbEzq.s 			page 60


3102:/home/min/snap/code/235/.local/share/stm32cube/bundles/gnu-tools-for-stm32/14.3.1+st.2/lib/gcc/arm-none-eabi/14.3.1/include/arm_mve.h **** __attribute__ ((__always_inline__, __gnu_inline__, __artificial__))
3103:/home/min/snap/code/235/.local/share/stm32cube/bundles/gnu-tools-for-stm32/14.3.1+st.2/lib/gcc/arm-none-eabi/14.3.1/include/arm_mve.h **** __arm_vadcq_m_s32 (int32x4_t __inactive, int32x4_t __a, int32x4_t __b, unsigned * __carry, mve_pred
3104:/home/min/snap/code/235/.local/share/stm32cube/bundles/gnu-tools-for-stm32/14.3.1+st.2/lib/gcc/arm-none-eabi/14.3.1/include/arm_mve.h **** {
3105:/home/min/snap/code/235/.local/share/stm32cube/bundles/gnu-tools-for-stm32/14.3.1+st.2/lib/gcc/arm-none-eabi/14.3.1/include/arm_mve.h ****   __builtin_arm_set_fpscr_nzcvqc((__builtin_arm_get_fpscr_nzcvqc () & ~0x20000000u) | ((*__carry & 
3106:/home/min/snap/code/235/.local/share/stm32cube/bundles/gnu-tools-for-stm32/14.3.1+st.2/lib/gcc/arm-none-eabi/14.3.1/include/arm_mve.h ****   int32x4_t __res = __builtin_mve_vadcq_m_sv4si (__inactive, __a, __b, __p);
3107:/home/min/snap/code/235/.local/share/stm32cube/bundles/gnu-tools-for-stm32/14.3.1+st.2/lib/gcc/arm-none-eabi/14.3.1/include/arm_mve.h ****   *__carry = (__builtin_arm_get_fpscr_nzcvqc () >> 29) & 0x1u;
3108:/home/min/snap/code/235/.local/share/stm32cube/bundles/gnu-tools-for-stm32/14.3.1+st.2/lib/gcc/arm-none-eabi/14.3.1/include/arm_mve.h ****   return __res;
3109:/home/min/snap/code/235/.local/share/stm32cube/bundles/gnu-tools-for-stm32/14.3.1+st.2/lib/gcc/arm-none-eabi/14.3.1/include/arm_mve.h **** }
3110:/home/min/snap/code/235/.local/share/stm32cube/bundles/gnu-tools-for-stm32/14.3.1+st.2/lib/gcc/arm-none-eabi/14.3.1/include/arm_mve.h **** 
3111:/home/min/snap/code/235/.local/share/stm32cube/bundles/gnu-tools-for-stm32/14.3.1+st.2/lib/gcc/arm-none-eabi/14.3.1/include/arm_mve.h **** __extension__ extern __inline uint32x4_t
3112:/home/min/snap/code/235/.local/share/stm32cube/bundles/gnu-tools-for-stm32/14.3.1+st.2/lib/gcc/arm-none-eabi/14.3.1/include/arm_mve.h **** __attribute__ ((__always_inline__, __gnu_inline__, __artificial__))
3113:/home/min/snap/code/235/.local/share/stm32cube/bundles/gnu-tools-for-stm32/14.3.1+st.2/lib/gcc/arm-none-eabi/14.3.1/include/arm_mve.h **** __arm_vadcq_m_u32 (uint32x4_t __inactive, uint32x4_t __a, uint32x4_t __b, unsigned * __carry, mve_p
3114:/home/min/snap/code/235/.local/share/stm32cube/bundles/gnu-tools-for-stm32/14.3.1+st.2/lib/gcc/arm-none-eabi/14.3.1/include/arm_mve.h **** {
3115:/home/min/snap/code/235/.local/share/stm32cube/bundles/gnu-tools-for-stm32/14.3.1+st.2/lib/gcc/arm-none-eabi/14.3.1/include/arm_mve.h ****   __builtin_arm_set_fpscr_nzcvqc((__builtin_arm_get_fpscr_nzcvqc () & ~0x20000000u) | ((*__carry & 
3116:/home/min/snap/code/235/.local/share/stm32cube/bundles/gnu-tools-for-stm32/14.3.1+st.2/lib/gcc/arm-none-eabi/14.3.1/include/arm_mve.h ****   uint32x4_t __res =  __builtin_mve_vadcq_m_uv4si (__inactive, __a, __b, __p);
3117:/home/min/snap/code/235/.local/share/stm32cube/bundles/gnu-tools-for-stm32/14.3.1+st.2/lib/gcc/arm-none-eabi/14.3.1/include/arm_mve.h ****   *__carry = (__builtin_arm_get_fpscr_nzcvqc () >> 29) & 0x1u;
3118:/home/min/snap/code/235/.local/share/stm32cube/bundles/gnu-tools-for-stm32/14.3.1+st.2/lib/gcc/arm-none-eabi/14.3.1/include/arm_mve.h ****   return __res;
3119:/home/min/snap/code/235/.local/share/stm32cube/bundles/gnu-tools-for-stm32/14.3.1+st.2/lib/gcc/arm-none-eabi/14.3.1/include/arm_mve.h **** }
3120:/home/min/snap/code/235/.local/share/stm32cube/bundles/gnu-tools-for-stm32/14.3.1+st.2/lib/gcc/arm-none-eabi/14.3.1/include/arm_mve.h **** 
3121:/home/min/snap/code/235/.local/share/stm32cube/bundles/gnu-tools-for-stm32/14.3.1+st.2/lib/gcc/arm-none-eabi/14.3.1/include/arm_mve.h **** __extension__ extern __inline int32x4_t
3122:/home/min/snap/code/235/.local/share/stm32cube/bundles/gnu-tools-for-stm32/14.3.1+st.2/lib/gcc/arm-none-eabi/14.3.1/include/arm_mve.h **** __attribute__ ((__always_inline__, __gnu_inline__, __artificial__))
3123:/home/min/snap/code/235/.local/share/stm32cube/bundles/gnu-tools-for-stm32/14.3.1+st.2/lib/gcc/arm-none-eabi/14.3.1/include/arm_mve.h **** __arm_vsbciq_s32 (int32x4_t __a, int32x4_t __b, unsigned * __carry_out)
3124:/home/min/snap/code/235/.local/share/stm32cube/bundles/gnu-tools-for-stm32/14.3.1+st.2/lib/gcc/arm-none-eabi/14.3.1/include/arm_mve.h **** {
3125:/home/min/snap/code/235/.local/share/stm32cube/bundles/gnu-tools-for-stm32/14.3.1+st.2/lib/gcc/arm-none-eabi/14.3.1/include/arm_mve.h ****   int32x4_t __res = __builtin_mve_vsbciq_sv4si (__a, __b);
3126:/home/min/snap/code/235/.local/share/stm32cube/bundles/gnu-tools-for-stm32/14.3.1+st.2/lib/gcc/arm-none-eabi/14.3.1/include/arm_mve.h ****   *__carry_out = (__builtin_arm_get_fpscr_nzcvqc () >> 29) & 0x1u;
3127:/home/min/snap/code/235/.local/share/stm32cube/bundles/gnu-tools-for-stm32/14.3.1+st.2/lib/gcc/arm-none-eabi/14.3.1/include/arm_mve.h ****   return __res;
3128:/home/min/snap/code/235/.local/share/stm32cube/bundles/gnu-tools-for-stm32/14.3.1+st.2/lib/gcc/arm-none-eabi/14.3.1/include/arm_mve.h **** }
3129:/home/min/snap/code/235/.local/share/stm32cube/bundles/gnu-tools-for-stm32/14.3.1+st.2/lib/gcc/arm-none-eabi/14.3.1/include/arm_mve.h **** 
3130:/home/min/snap/code/235/.local/share/stm32cube/bundles/gnu-tools-for-stm32/14.3.1+st.2/lib/gcc/arm-none-eabi/14.3.1/include/arm_mve.h **** __extension__ extern __inline uint32x4_t
3131:/home/min/snap/code/235/.local/share/stm32cube/bundles/gnu-tools-for-stm32/14.3.1+st.2/lib/gcc/arm-none-eabi/14.3.1/include/arm_mve.h **** __attribute__ ((__always_inline__, __gnu_inline__, __artificial__))
3132:/home/min/snap/code/235/.local/share/stm32cube/bundles/gnu-tools-for-stm32/14.3.1+st.2/lib/gcc/arm-none-eabi/14.3.1/include/arm_mve.h **** __arm_vsbciq_u32 (uint32x4_t __a, uint32x4_t __b, unsigned * __carry_out)
3133:/home/min/snap/code/235/.local/share/stm32cube/bundles/gnu-tools-for-stm32/14.3.1+st.2/lib/gcc/arm-none-eabi/14.3.1/include/arm_mve.h **** {
3134:/home/min/snap/code/235/.local/share/stm32cube/bundles/gnu-tools-for-stm32/14.3.1+st.2/lib/gcc/arm-none-eabi/14.3.1/include/arm_mve.h ****   uint32x4_t __res = __builtin_mve_vsbciq_uv4si (__a, __b);
3135:/home/min/snap/code/235/.local/share/stm32cube/bundles/gnu-tools-for-stm32/14.3.1+st.2/lib/gcc/arm-none-eabi/14.3.1/include/arm_mve.h ****   *__carry_out = (__builtin_arm_get_fpscr_nzcvqc () >> 29) & 0x1u;
3136:/home/min/snap/code/235/.local/share/stm32cube/bundles/gnu-tools-for-stm32/14.3.1+st.2/lib/gcc/arm-none-eabi/14.3.1/include/arm_mve.h ****   return __res;
3137:/home/min/snap/code/235/.local/share/stm32cube/bundles/gnu-tools-for-stm32/14.3.1+st.2/lib/gcc/arm-none-eabi/14.3.1/include/arm_mve.h **** }
3138:/home/min/snap/code/235/.local/share/stm32cube/bundles/gnu-tools-for-stm32/14.3.1+st.2/lib/gcc/arm-none-eabi/14.3.1/include/arm_mve.h **** 
3139:/home/min/snap/code/235/.local/share/stm32cube/bundles/gnu-tools-for-stm32/14.3.1+st.2/lib/gcc/arm-none-eabi/14.3.1/include/arm_mve.h **** __extension__ extern __inline int32x4_t
3140:/home/min/snap/code/235/.local/share/stm32cube/bundles/gnu-tools-for-stm32/14.3.1+st.2/lib/gcc/arm-none-eabi/14.3.1/include/arm_mve.h **** __attribute__ ((__always_inline__, __gnu_inline__, __artificial__))
3141:/home/min/snap/code/235/.local/share/stm32cube/bundles/gnu-tools-for-stm32/14.3.1+st.2/lib/gcc/arm-none-eabi/14.3.1/include/arm_mve.h **** __arm_vsbciq_m_s32 (int32x4_t __inactive, int32x4_t __a, int32x4_t __b, unsigned * __carry_out, mve
3142:/home/min/snap/code/235/.local/share/stm32cube/bundles/gnu-tools-for-stm32/14.3.1+st.2/lib/gcc/arm-none-eabi/14.3.1/include/arm_mve.h **** {
3143:/home/min/snap/code/235/.local/share/stm32cube/bundles/gnu-tools-for-stm32/14.3.1+st.2/lib/gcc/arm-none-eabi/14.3.1/include/arm_mve.h ****   int32x4_t __res = __builtin_mve_vsbciq_m_sv4si (__inactive, __a, __b, __p);
3144:/home/min/snap/code/235/.local/share/stm32cube/bundles/gnu-tools-for-stm32/14.3.1+st.2/lib/gcc/arm-none-eabi/14.3.1/include/arm_mve.h ****   *__carry_out = (__builtin_arm_get_fpscr_nzcvqc () >> 29) & 0x1u;
3145:/home/min/snap/code/235/.local/share/stm32cube/bundles/gnu-tools-for-stm32/14.3.1+st.2/lib/gcc/arm-none-eabi/14.3.1/include/arm_mve.h ****   return __res;
3146:/home/min/snap/code/235/.local/share/stm32cube/bundles/gnu-tools-for-stm32/14.3.1+st.2/lib/gcc/arm-none-eabi/14.3.1/include/arm_mve.h **** }
3147:/home/min/snap/code/235/.local/share/stm32cube/bundles/gnu-tools-for-stm32/14.3.1+st.2/lib/gcc/arm-none-eabi/14.3.1/include/arm_mve.h **** 
3148:/home/min/snap/code/235/.local/share/stm32cube/bundles/gnu-tools-for-stm32/14.3.1+st.2/lib/gcc/arm-none-eabi/14.3.1/include/arm_mve.h **** __extension__ extern __inline uint32x4_t
3149:/home/min/snap/code/235/.local/share/stm32cube/bundles/gnu-tools-for-stm32/14.3.1+st.2/lib/gcc/arm-none-eabi/14.3.1/include/arm_mve.h **** __attribute__ ((__always_inline__, __gnu_inline__, __artificial__))
3150:/home/min/snap/code/235/.local/share/stm32cube/bundles/gnu-tools-for-stm32/14.3.1+st.2/lib/gcc/arm-none-eabi/14.3.1/include/arm_mve.h **** __arm_vsbciq_m_u32 (uint32x4_t __inactive, uint32x4_t __a, uint32x4_t __b, unsigned * __carry_out, 
3151:/home/min/snap/code/235/.local/share/stm32cube/bundles/gnu-tools-for-stm32/14.3.1+st.2/lib/gcc/arm-none-eabi/14.3.1/include/arm_mve.h **** {
3152:/home/min/snap/code/235/.local/share/stm32cube/bundles/gnu-tools-for-stm32/14.3.1+st.2/lib/gcc/arm-none-eabi/14.3.1/include/arm_mve.h ****   uint32x4_t __res = __builtin_mve_vsbciq_m_uv4si (__inactive, __a, __b, __p);
3153:/home/min/snap/code/235/.local/share/stm32cube/bundles/gnu-tools-for-stm32/14.3.1+st.2/lib/gcc/arm-none-eabi/14.3.1/include/arm_mve.h ****   *__carry_out = (__builtin_arm_get_fpscr_nzcvqc () >> 29) & 0x1u;
3154:/home/min/snap/code/235/.local/share/stm32cube/bundles/gnu-tools-for-stm32/14.3.1+st.2/lib/gcc/arm-none-eabi/14.3.1/include/arm_mve.h ****   return __res;
3155:/home/min/snap/code/235/.local/share/stm32cube/bundles/gnu-tools-for-stm32/14.3.1+st.2/lib/gcc/arm-none-eabi/14.3.1/include/arm_mve.h **** }
3156:/home/min/snap/code/235/.local/share/stm32cube/bundles/gnu-tools-for-stm32/14.3.1+st.2/lib/gcc/arm-none-eabi/14.3.1/include/arm_mve.h **** 
3157:/home/min/snap/code/235/.local/share/stm32cube/bundles/gnu-tools-for-stm32/14.3.1+st.2/lib/gcc/arm-none-eabi/14.3.1/include/arm_mve.h **** __extension__ extern __inline int32x4_t
3158:/home/min/snap/code/235/.local/share/stm32cube/bundles/gnu-tools-for-stm32/14.3.1+st.2/lib/gcc/arm-none-eabi/14.3.1/include/arm_mve.h **** __attribute__ ((__always_inline__, __gnu_inline__, __artificial__))
ARM GAS  /tmp/cc1JbEzq.s 			page 61


3159:/home/min/snap/code/235/.local/share/stm32cube/bundles/gnu-tools-for-stm32/14.3.1+st.2/lib/gcc/arm-none-eabi/14.3.1/include/arm_mve.h **** __arm_vsbcq_s32 (int32x4_t __a, int32x4_t __b, unsigned * __carry)
3160:/home/min/snap/code/235/.local/share/stm32cube/bundles/gnu-tools-for-stm32/14.3.1+st.2/lib/gcc/arm-none-eabi/14.3.1/include/arm_mve.h **** {
3161:/home/min/snap/code/235/.local/share/stm32cube/bundles/gnu-tools-for-stm32/14.3.1+st.2/lib/gcc/arm-none-eabi/14.3.1/include/arm_mve.h ****   __builtin_arm_set_fpscr_nzcvqc((__builtin_arm_get_fpscr_nzcvqc () & ~0x20000000u) | ((*__carry & 
3162:/home/min/snap/code/235/.local/share/stm32cube/bundles/gnu-tools-for-stm32/14.3.1+st.2/lib/gcc/arm-none-eabi/14.3.1/include/arm_mve.h ****   int32x4_t __res = __builtin_mve_vsbcq_sv4si (__a, __b);
3163:/home/min/snap/code/235/.local/share/stm32cube/bundles/gnu-tools-for-stm32/14.3.1+st.2/lib/gcc/arm-none-eabi/14.3.1/include/arm_mve.h ****   *__carry = (__builtin_arm_get_fpscr_nzcvqc () >> 29) & 0x1u;
3164:/home/min/snap/code/235/.local/share/stm32cube/bundles/gnu-tools-for-stm32/14.3.1+st.2/lib/gcc/arm-none-eabi/14.3.1/include/arm_mve.h ****   return __res;
3165:/home/min/snap/code/235/.local/share/stm32cube/bundles/gnu-tools-for-stm32/14.3.1+st.2/lib/gcc/arm-none-eabi/14.3.1/include/arm_mve.h **** }
3166:/home/min/snap/code/235/.local/share/stm32cube/bundles/gnu-tools-for-stm32/14.3.1+st.2/lib/gcc/arm-none-eabi/14.3.1/include/arm_mve.h **** 
3167:/home/min/snap/code/235/.local/share/stm32cube/bundles/gnu-tools-for-stm32/14.3.1+st.2/lib/gcc/arm-none-eabi/14.3.1/include/arm_mve.h **** __extension__ extern __inline uint32x4_t
3168:/home/min/snap/code/235/.local/share/stm32cube/bundles/gnu-tools-for-stm32/14.3.1+st.2/lib/gcc/arm-none-eabi/14.3.1/include/arm_mve.h **** __attribute__ ((__always_inline__, __gnu_inline__, __artificial__))
3169:/home/min/snap/code/235/.local/share/stm32cube/bundles/gnu-tools-for-stm32/14.3.1+st.2/lib/gcc/arm-none-eabi/14.3.1/include/arm_mve.h **** __arm_vsbcq_u32 (uint32x4_t __a, uint32x4_t __b, unsigned * __carry)
3170:/home/min/snap/code/235/.local/share/stm32cube/bundles/gnu-tools-for-stm32/14.3.1+st.2/lib/gcc/arm-none-eabi/14.3.1/include/arm_mve.h **** {
3171:/home/min/snap/code/235/.local/share/stm32cube/bundles/gnu-tools-for-stm32/14.3.1+st.2/lib/gcc/arm-none-eabi/14.3.1/include/arm_mve.h ****   __builtin_arm_set_fpscr_nzcvqc((__builtin_arm_get_fpscr_nzcvqc () & ~0x20000000u) | ((*__carry & 
3172:/home/min/snap/code/235/.local/share/stm32cube/bundles/gnu-tools-for-stm32/14.3.1+st.2/lib/gcc/arm-none-eabi/14.3.1/include/arm_mve.h ****   uint32x4_t __res =  __builtin_mve_vsbcq_uv4si (__a, __b);
3173:/home/min/snap/code/235/.local/share/stm32cube/bundles/gnu-tools-for-stm32/14.3.1+st.2/lib/gcc/arm-none-eabi/14.3.1/include/arm_mve.h ****   *__carry = (__builtin_arm_get_fpscr_nzcvqc () >> 29) & 0x1u;
3174:/home/min/snap/code/235/.local/share/stm32cube/bundles/gnu-tools-for-stm32/14.3.1+st.2/lib/gcc/arm-none-eabi/14.3.1/include/arm_mve.h ****   return __res;
3175:/home/min/snap/code/235/.local/share/stm32cube/bundles/gnu-tools-for-stm32/14.3.1+st.2/lib/gcc/arm-none-eabi/14.3.1/include/arm_mve.h **** }
3176:/home/min/snap/code/235/.local/share/stm32cube/bundles/gnu-tools-for-stm32/14.3.1+st.2/lib/gcc/arm-none-eabi/14.3.1/include/arm_mve.h **** 
3177:/home/min/snap/code/235/.local/share/stm32cube/bundles/gnu-tools-for-stm32/14.3.1+st.2/lib/gcc/arm-none-eabi/14.3.1/include/arm_mve.h **** __extension__ extern __inline int32x4_t
3178:/home/min/snap/code/235/.local/share/stm32cube/bundles/gnu-tools-for-stm32/14.3.1+st.2/lib/gcc/arm-none-eabi/14.3.1/include/arm_mve.h **** __attribute__ ((__always_inline__, __gnu_inline__, __artificial__))
3179:/home/min/snap/code/235/.local/share/stm32cube/bundles/gnu-tools-for-stm32/14.3.1+st.2/lib/gcc/arm-none-eabi/14.3.1/include/arm_mve.h **** __arm_vsbcq_m_s32 (int32x4_t __inactive, int32x4_t __a, int32x4_t __b, unsigned * __carry, mve_pred
3180:/home/min/snap/code/235/.local/share/stm32cube/bundles/gnu-tools-for-stm32/14.3.1+st.2/lib/gcc/arm-none-eabi/14.3.1/include/arm_mve.h **** {
3181:/home/min/snap/code/235/.local/share/stm32cube/bundles/gnu-tools-for-stm32/14.3.1+st.2/lib/gcc/arm-none-eabi/14.3.1/include/arm_mve.h ****   __builtin_arm_set_fpscr_nzcvqc((__builtin_arm_get_fpscr_nzcvqc () & ~0x20000000u) | ((*__carry & 
3182:/home/min/snap/code/235/.local/share/stm32cube/bundles/gnu-tools-for-stm32/14.3.1+st.2/lib/gcc/arm-none-eabi/14.3.1/include/arm_mve.h ****   int32x4_t __res = __builtin_mve_vsbcq_m_sv4si (__inactive, __a, __b, __p);
3183:/home/min/snap/code/235/.local/share/stm32cube/bundles/gnu-tools-for-stm32/14.3.1+st.2/lib/gcc/arm-none-eabi/14.3.1/include/arm_mve.h ****   *__carry = (__builtin_arm_get_fpscr_nzcvqc () >> 29) & 0x1u;
3184:/home/min/snap/code/235/.local/share/stm32cube/bundles/gnu-tools-for-stm32/14.3.1+st.2/lib/gcc/arm-none-eabi/14.3.1/include/arm_mve.h ****   return __res;
3185:/home/min/snap/code/235/.local/share/stm32cube/bundles/gnu-tools-for-stm32/14.3.1+st.2/lib/gcc/arm-none-eabi/14.3.1/include/arm_mve.h **** }
3186:/home/min/snap/code/235/.local/share/stm32cube/bundles/gnu-tools-for-stm32/14.3.1+st.2/lib/gcc/arm-none-eabi/14.3.1/include/arm_mve.h **** 
3187:/home/min/snap/code/235/.local/share/stm32cube/bundles/gnu-tools-for-stm32/14.3.1+st.2/lib/gcc/arm-none-eabi/14.3.1/include/arm_mve.h **** __extension__ extern __inline uint32x4_t
3188:/home/min/snap/code/235/.local/share/stm32cube/bundles/gnu-tools-for-stm32/14.3.1+st.2/lib/gcc/arm-none-eabi/14.3.1/include/arm_mve.h **** __attribute__ ((__always_inline__, __gnu_inline__, __artificial__))
3189:/home/min/snap/code/235/.local/share/stm32cube/bundles/gnu-tools-for-stm32/14.3.1+st.2/lib/gcc/arm-none-eabi/14.3.1/include/arm_mve.h **** __arm_vsbcq_m_u32 (uint32x4_t __inactive, uint32x4_t __a, uint32x4_t __b, unsigned * __carry, mve_p
3190:/home/min/snap/code/235/.local/share/stm32cube/bundles/gnu-tools-for-stm32/14.3.1+st.2/lib/gcc/arm-none-eabi/14.3.1/include/arm_mve.h **** {
3191:/home/min/snap/code/235/.local/share/stm32cube/bundles/gnu-tools-for-stm32/14.3.1+st.2/lib/gcc/arm-none-eabi/14.3.1/include/arm_mve.h ****   __builtin_arm_set_fpscr_nzcvqc((__builtin_arm_get_fpscr_nzcvqc () & ~0x20000000u) | ((*__carry & 
3192:/home/min/snap/code/235/.local/share/stm32cube/bundles/gnu-tools-for-stm32/14.3.1+st.2/lib/gcc/arm-none-eabi/14.3.1/include/arm_mve.h ****   uint32x4_t __res = __builtin_mve_vsbcq_m_uv4si (__inactive, __a, __b, __p);
3193:/home/min/snap/code/235/.local/share/stm32cube/bundles/gnu-tools-for-stm32/14.3.1+st.2/lib/gcc/arm-none-eabi/14.3.1/include/arm_mve.h ****   *__carry = (__builtin_arm_get_fpscr_nzcvqc () >> 29) & 0x1u;
3194:/home/min/snap/code/235/.local/share/stm32cube/bundles/gnu-tools-for-stm32/14.3.1+st.2/lib/gcc/arm-none-eabi/14.3.1/include/arm_mve.h ****   return __res;
3195:/home/min/snap/code/235/.local/share/stm32cube/bundles/gnu-tools-for-stm32/14.3.1+st.2/lib/gcc/arm-none-eabi/14.3.1/include/arm_mve.h **** }
3196:/home/min/snap/code/235/.local/share/stm32cube/bundles/gnu-tools-for-stm32/14.3.1+st.2/lib/gcc/arm-none-eabi/14.3.1/include/arm_mve.h **** 
3197:/home/min/snap/code/235/.local/share/stm32cube/bundles/gnu-tools-for-stm32/14.3.1+st.2/lib/gcc/arm-none-eabi/14.3.1/include/arm_mve.h **** __extension__ extern __inline void
3198:/home/min/snap/code/235/.local/share/stm32cube/bundles/gnu-tools-for-stm32/14.3.1+st.2/lib/gcc/arm-none-eabi/14.3.1/include/arm_mve.h **** __attribute__ ((__always_inline__, __gnu_inline__, __artificial__))
3199:/home/min/snap/code/235/.local/share/stm32cube/bundles/gnu-tools-for-stm32/14.3.1+st.2/lib/gcc/arm-none-eabi/14.3.1/include/arm_mve.h **** __arm_vst1q_p_u8 (uint8_t * __addr, uint8x16_t __value, mve_pred16_t __p)
3200:/home/min/snap/code/235/.local/share/stm32cube/bundles/gnu-tools-for-stm32/14.3.1+st.2/lib/gcc/arm-none-eabi/14.3.1/include/arm_mve.h **** {
3201:/home/min/snap/code/235/.local/share/stm32cube/bundles/gnu-tools-for-stm32/14.3.1+st.2/lib/gcc/arm-none-eabi/14.3.1/include/arm_mve.h ****   return __arm_vstrbq_p_u8 (__addr, __value, __p);
3202:/home/min/snap/code/235/.local/share/stm32cube/bundles/gnu-tools-for-stm32/14.3.1+st.2/lib/gcc/arm-none-eabi/14.3.1/include/arm_mve.h **** }
3203:/home/min/snap/code/235/.local/share/stm32cube/bundles/gnu-tools-for-stm32/14.3.1+st.2/lib/gcc/arm-none-eabi/14.3.1/include/arm_mve.h **** 
3204:/home/min/snap/code/235/.local/share/stm32cube/bundles/gnu-tools-for-stm32/14.3.1+st.2/lib/gcc/arm-none-eabi/14.3.1/include/arm_mve.h **** __extension__ extern __inline void
3205:/home/min/snap/code/235/.local/share/stm32cube/bundles/gnu-tools-for-stm32/14.3.1+st.2/lib/gcc/arm-none-eabi/14.3.1/include/arm_mve.h **** __attribute__ ((__always_inline__, __gnu_inline__, __artificial__))
3206:/home/min/snap/code/235/.local/share/stm32cube/bundles/gnu-tools-for-stm32/14.3.1+st.2/lib/gcc/arm-none-eabi/14.3.1/include/arm_mve.h **** __arm_vst1q_p_s8 (int8_t * __addr, int8x16_t __value, mve_pred16_t __p)
3207:/home/min/snap/code/235/.local/share/stm32cube/bundles/gnu-tools-for-stm32/14.3.1+st.2/lib/gcc/arm-none-eabi/14.3.1/include/arm_mve.h **** {
3208:/home/min/snap/code/235/.local/share/stm32cube/bundles/gnu-tools-for-stm32/14.3.1+st.2/lib/gcc/arm-none-eabi/14.3.1/include/arm_mve.h ****   return __arm_vstrbq_p_s8 (__addr, __value, __p);
3209:/home/min/snap/code/235/.local/share/stm32cube/bundles/gnu-tools-for-stm32/14.3.1+st.2/lib/gcc/arm-none-eabi/14.3.1/include/arm_mve.h **** }
3210:/home/min/snap/code/235/.local/share/stm32cube/bundles/gnu-tools-for-stm32/14.3.1+st.2/lib/gcc/arm-none-eabi/14.3.1/include/arm_mve.h **** 
3211:/home/min/snap/code/235/.local/share/stm32cube/bundles/gnu-tools-for-stm32/14.3.1+st.2/lib/gcc/arm-none-eabi/14.3.1/include/arm_mve.h **** __extension__ extern __inline void
3212:/home/min/snap/code/235/.local/share/stm32cube/bundles/gnu-tools-for-stm32/14.3.1+st.2/lib/gcc/arm-none-eabi/14.3.1/include/arm_mve.h **** __attribute__ ((__always_inline__, __gnu_inline__, __artificial__))
3213:/home/min/snap/code/235/.local/share/stm32cube/bundles/gnu-tools-for-stm32/14.3.1+st.2/lib/gcc/arm-none-eabi/14.3.1/include/arm_mve.h **** __arm_vst2q_s8 (int8_t * __addr, int8x16x2_t __value)
3214:/home/min/snap/code/235/.local/share/stm32cube/bundles/gnu-tools-for-stm32/14.3.1+st.2/lib/gcc/arm-none-eabi/14.3.1/include/arm_mve.h **** {
3215:/home/min/snap/code/235/.local/share/stm32cube/bundles/gnu-tools-for-stm32/14.3.1+st.2/lib/gcc/arm-none-eabi/14.3.1/include/arm_mve.h ****   union { int8x16x2_t __i; __builtin_neon_oi __o; } __rv;
ARM GAS  /tmp/cc1JbEzq.s 			page 62


3216:/home/min/snap/code/235/.local/share/stm32cube/bundles/gnu-tools-for-stm32/14.3.1+st.2/lib/gcc/arm-none-eabi/14.3.1/include/arm_mve.h ****   __rv.__i = __value;
3217:/home/min/snap/code/235/.local/share/stm32cube/bundles/gnu-tools-for-stm32/14.3.1+st.2/lib/gcc/arm-none-eabi/14.3.1/include/arm_mve.h ****   __builtin_mve_vst2qv16qi ((__builtin_neon_qi *) __addr, __rv.__o);
3218:/home/min/snap/code/235/.local/share/stm32cube/bundles/gnu-tools-for-stm32/14.3.1+st.2/lib/gcc/arm-none-eabi/14.3.1/include/arm_mve.h **** }
3219:/home/min/snap/code/235/.local/share/stm32cube/bundles/gnu-tools-for-stm32/14.3.1+st.2/lib/gcc/arm-none-eabi/14.3.1/include/arm_mve.h **** 
3220:/home/min/snap/code/235/.local/share/stm32cube/bundles/gnu-tools-for-stm32/14.3.1+st.2/lib/gcc/arm-none-eabi/14.3.1/include/arm_mve.h **** __extension__ extern __inline void
3221:/home/min/snap/code/235/.local/share/stm32cube/bundles/gnu-tools-for-stm32/14.3.1+st.2/lib/gcc/arm-none-eabi/14.3.1/include/arm_mve.h **** __attribute__ ((__always_inline__, __gnu_inline__, __artificial__))
3222:/home/min/snap/code/235/.local/share/stm32cube/bundles/gnu-tools-for-stm32/14.3.1+st.2/lib/gcc/arm-none-eabi/14.3.1/include/arm_mve.h **** __arm_vst2q_u8 (uint8_t * __addr, uint8x16x2_t __value)
3223:/home/min/snap/code/235/.local/share/stm32cube/bundles/gnu-tools-for-stm32/14.3.1+st.2/lib/gcc/arm-none-eabi/14.3.1/include/arm_mve.h **** {
3224:/home/min/snap/code/235/.local/share/stm32cube/bundles/gnu-tools-for-stm32/14.3.1+st.2/lib/gcc/arm-none-eabi/14.3.1/include/arm_mve.h ****   union { uint8x16x2_t __i; __builtin_neon_oi __o; } __rv;
3225:/home/min/snap/code/235/.local/share/stm32cube/bundles/gnu-tools-for-stm32/14.3.1+st.2/lib/gcc/arm-none-eabi/14.3.1/include/arm_mve.h ****   __rv.__i = __value;
3226:/home/min/snap/code/235/.local/share/stm32cube/bundles/gnu-tools-for-stm32/14.3.1+st.2/lib/gcc/arm-none-eabi/14.3.1/include/arm_mve.h ****   __builtin_mve_vst2qv16qi ((__builtin_neon_qi *) __addr, __rv.__o);
3227:/home/min/snap/code/235/.local/share/stm32cube/bundles/gnu-tools-for-stm32/14.3.1+st.2/lib/gcc/arm-none-eabi/14.3.1/include/arm_mve.h **** }
3228:/home/min/snap/code/235/.local/share/stm32cube/bundles/gnu-tools-for-stm32/14.3.1+st.2/lib/gcc/arm-none-eabi/14.3.1/include/arm_mve.h **** 
3229:/home/min/snap/code/235/.local/share/stm32cube/bundles/gnu-tools-for-stm32/14.3.1+st.2/lib/gcc/arm-none-eabi/14.3.1/include/arm_mve.h **** __extension__ extern __inline uint8x16_t
3230:/home/min/snap/code/235/.local/share/stm32cube/bundles/gnu-tools-for-stm32/14.3.1+st.2/lib/gcc/arm-none-eabi/14.3.1/include/arm_mve.h **** __attribute__ ((__always_inline__, __gnu_inline__, __artificial__))
3231:/home/min/snap/code/235/.local/share/stm32cube/bundles/gnu-tools-for-stm32/14.3.1+st.2/lib/gcc/arm-none-eabi/14.3.1/include/arm_mve.h **** __arm_vld1q_z_u8 (uint8_t const *__base, mve_pred16_t __p)
 168              		.loc 2 3231 1 view .LVU47
3232:/home/min/snap/code/235/.local/share/stm32cube/bundles/gnu-tools-for-stm32/14.3.1+st.2/lib/gcc/arm-none-eabi/14.3.1/include/arm_mve.h **** {
3233:/home/min/snap/code/235/.local/share/stm32cube/bundles/gnu-tools-for-stm32/14.3.1+st.2/lib/gcc/arm-none-eabi/14.3.1/include/arm_mve.h ****   return __arm_vldrbq_z_u8 ( __base, __p);
 169              		.loc 2 3233 3 view .LVU48
 170              	.LBB55:
 171              	.LBI55:
1493:/home/min/snap/code/235/.local/share/stm32cube/bundles/gnu-tools-for-stm32/14.3.1+st.2/lib/gcc/arm-none-eabi/14.3.1/include/arm_mve.h **** {
 172              		.loc 2 1493 1 view .LVU49
 173              	.LBB56:
1495:/home/min/snap/code/235/.local/share/stm32cube/bundles/gnu-tools-for-stm32/14.3.1+st.2/lib/gcc/arm-none-eabi/14.3.1/include/arm_mve.h **** }
 174              		.loc 2 1495 3 view .LVU50
1495:/home/min/snap/code/235/.local/share/stm32cube/bundles/gnu-tools-for-stm32/14.3.1+st.2/lib/gcc/arm-none-eabi/14.3.1/include/arm_mve.h **** }
 175              		.loc 2 1495 10 is_stmt 0 view .LVU51
 176 0066 71FE4D0F 		vpst
 177 006a 94ED001E 		vldrbt.8	q0, [r4]
 178              	.LVL13:
1495:/home/min/snap/code/235/.local/share/stm32cube/bundles/gnu-tools-for-stm32/14.3.1+st.2/lib/gcc/arm-none-eabi/14.3.1/include/arm_mve.h **** }
 179              		.loc 2 1495 10 view .LVU52
 180              	.LBE56:
 181              	.LBE55:
 182              	.LBE54:
  29:../../Middlewares/stm32-vision-models-postprocessing/lib_vision_models_pp/Src/vision_models_pp_maxi_iu8.c ****     // Compare according to p to create p0
 183              		.loc 1 29 5 is_stmt 1 view .LVU53
  31:../../Middlewares/stm32-vision-models-postprocessing/lib_vision_models_pp/Src/vision_models_pp_maxi_iu8.c **** 
 184              		.loc 1 31 5 view .LVU54
  31:../../Middlewares/stm32-vision-models-postprocessing/lib_vision_models_pp/Src/vision_models_pp_maxi_iu8.c **** 
 185              		.loc 1 31 23 is_stmt 0 view .LVU55
 186 006e 71FE4D0F 		vpst
 187 0072 01FE070F 		vcmpt.u8	cs, q0, q3
 188              	.LVL14:
  33:../../Middlewares/stm32-vision-models-postprocessing/lib_vision_models_pp/Src/vision_models_pp_maxi_iu8.c ****     u8x16_max_idx = vpselq_u8(u8x16_idx, u8x16_max_idx, p0);
 189              		.loc 1 33 5 is_stmt 1 view .LVU56
  37:../../Middlewares/stm32-vision-models-postprocessing/lib_vision_models_pp/Src/vision_models_pp_maxi_iu8.c ****   }
 190              		.loc 1 37 9 is_stmt 0 view .LVU57
 191 0076 1039     		subs	r1, r1, #16
 192              	.LVL15:
  34:../../Middlewares/stm32-vision-models-postprocessing/lib_vision_models_pp/Src/vision_models_pp_maxi_iu8.c **** 
 193              		.loc 1 34 21 view .LVU58
 194 0078 33FE054F 		vpsel	q2, q1, q2
 195              	.LVL16:
  33:../../Middlewares/stm32-vision-models-postprocessing/lib_vision_models_pp/Src/vision_models_pp_maxi_iu8.c ****     u8x16_max_idx = vpselq_u8(u8x16_idx, u8x16_max_idx, p0);
ARM GAS  /tmp/cc1JbEzq.s 			page 63


 196              		.loc 1 33 21 view .LVU59
 197 007c 31FE076F 		vpsel	q3, q0, q3
 198              	.LVL17:
  34:../../Middlewares/stm32-vision-models-postprocessing/lib_vision_models_pp/Src/vision_models_pp_maxi_iu8.c **** 
 199              		.loc 1 34 5 is_stmt 1 view .LVU60
  36:../../Middlewares/stm32-vision-models-postprocessing/lib_vision_models_pp/Src/vision_models_pp_maxi_iu8.c ****     iter-=16;
 200              		.loc 1 36 5 view .LVU61
  36:../../Middlewares/stm32-vision-models-postprocessing/lib_vision_models_pp/Src/vision_models_pp_maxi_iu8.c ****     iter-=16;
 201              		.loc 1 36 14 is_stmt 0 view .LVU62
 202 0080 02EF4828 		vadd.i8	q1, q1, q4
 203              	.LVL18:
  37:../../Middlewares/stm32-vision-models-postprocessing/lib_vision_models_pp/Src/vision_models_pp_maxi_iu8.c ****   }
 204              		.loc 1 37 5 is_stmt 1 view .LVU63
  37:../../Middlewares/stm32-vision-models-postprocessing/lib_vision_models_pp/Src/vision_models_pp_maxi_iu8.c ****   }
 205              		.loc 1 37 5 is_stmt 0 view .LVU64
 206 0084 D6E7     		b	.L2
 207              	.LBE63:
 208              		.cfi_endproc
 209              	.LFE777:
 211              		.section	.text.vision_models_maxi_iu8ou16,"ax",%progbits
 212              		.align	1
 213              		.global	vision_models_maxi_iu8ou16
 214              		.syntax unified
 215              		.thumb
 216              		.thumb_func
 218              	vision_models_maxi_iu8ou16:
 219              	.LVL19:
 220              	.LFB778:
  66:../../Middlewares/stm32-vision-models-postprocessing/lib_vision_models_pp/Src/vision_models_pp_maxi_iu8.c **** 
  67:../../Middlewares/stm32-vision-models-postprocessing/lib_vision_models_pp/Src/vision_models_pp_maxi_iu8.c **** void vision_models_maxi_iu8ou16(uint8_t *arr, uint32_t len_arr, uint8_t *pMaxim, uint16_t *pIndex)
  68:../../Middlewares/stm32-vision-models-postprocessing/lib_vision_models_pp/Src/vision_models_pp_maxi_iu8.c **** {
 221              		.loc 1 68 1 is_stmt 1 view -0
 222              		.cfi_startproc
 223              		@ args = 0, pretend = 0, frame = 0
 224              		@ frame_needed = 0, uses_anonymous_args = 0
  69:../../Middlewares/stm32-vision-models-postprocessing/lib_vision_models_pp/Src/vision_models_pp_maxi_iu8.c **** #ifdef VISION_MODELS_MAXI_IU8OU16_MVE
  70:../../Middlewares/stm32-vision-models-postprocessing/lib_vision_models_pp/Src/vision_models_pp_maxi_iu8.c ****   uint8_t maxValue = 0;
 225              		.loc 1 70 3 view .LVU66
  71:../../Middlewares/stm32-vision-models-postprocessing/lib_vision_models_pp/Src/vision_models_pp_maxi_iu8.c ****   uint8_t maxValueLoc = 0;
 226              		.loc 1 71 3 view .LVU67
  72:../../Middlewares/stm32-vision-models-postprocessing/lib_vision_models_pp/Src/vision_models_pp_maxi_iu8.c ****   int32_t index = 0;
 227              		.loc 1 72 3 view .LVU68
  73:../../Middlewares/stm32-vision-models-postprocessing/lib_vision_models_pp/Src/vision_models_pp_maxi_iu8.c **** 
  74:../../Middlewares/stm32-vision-models-postprocessing/lib_vision_models_pp/Src/vision_models_pp_maxi_iu8.c ****   int32_t iterLoop = len_arr;
 228              		.loc 1 74 3 view .LVU69
  68:../../Middlewares/stm32-vision-models-postprocessing/lib_vision_models_pp/Src/vision_models_pp_maxi_iu8.c **** #ifdef VISION_MODELS_MAXI_IU8OU16_MVE
 229              		.loc 1 68 1 is_stmt 0 view .LVU70
 230 0000 2DE9F04F 		push	{r4, r5, r6, r7, r8, r9, r10, fp, lr}
 231              		.cfi_def_cfa_offset 36
 232              		.cfi_offset 4, -36
 233              		.cfi_offset 5, -32
 234              		.cfi_offset 6, -28
 235              		.cfi_offset 7, -24
 236              		.cfi_offset 8, -20
 237              		.cfi_offset 9, -16
 238              		.cfi_offset 10, -12
 239              		.cfi_offset 11, -8
ARM GAS  /tmp/cc1JbEzq.s 			page 64


 240              		.cfi_offset 14, -4
  75:../../Middlewares/stm32-vision-models-postprocessing/lib_vision_models_pp/Src/vision_models_pp_maxi_iu8.c ****   uint8_t *pSrc = arr;
  76:../../Middlewares/stm32-vision-models-postprocessing/lib_vision_models_pp/Src/vision_models_pp_maxi_iu8.c ****   uint16_t indexBlk = 0;
 241              		.loc 1 76 12 view .LVU71
 242 0004 0024     		movs	r4, #0
 243              	.LBB64:
  77:../../Middlewares/stm32-vision-models-postprocessing/lib_vision_models_pp/Src/vision_models_pp_maxi_iu8.c ****   while (iterLoop > 0)
  78:../../Middlewares/stm32-vision-models-postprocessing/lib_vision_models_pp/Src/vision_models_pp_maxi_iu8.c ****   {
  79:../../Middlewares/stm32-vision-models-postprocessing/lib_vision_models_pp/Src/vision_models_pp_maxi_iu8.c ****     uint8x16_t u8x16_max_val = vdupq_n_u8(0);
  80:../../Middlewares/stm32-vision-models-postprocessing/lib_vision_models_pp/Src/vision_models_pp_maxi_iu8.c ****     uint8x16_t u8x16_max_idx = vdupq_n_u8(len_arr);
  81:../../Middlewares/stm32-vision-models-postprocessing/lib_vision_models_pp/Src/vision_models_pp_maxi_iu8.c ****     int32_t iter = MIN(len_arr,0x100);
  82:../../Middlewares/stm32-vision-models-postprocessing/lib_vision_models_pp/Src/vision_models_pp_maxi_iu8.c ****     iterLoop -= iter;
  83:../../Middlewares/stm32-vision-models-postprocessing/lib_vision_models_pp/Src/vision_models_pp_maxi_iu8.c ****     uint8x16_t u8x16_idx = vidupq_n_u8(0,1);
  84:../../Middlewares/stm32-vision-models-postprocessing/lib_vision_models_pp/Src/vision_models_pp_maxi_iu8.c ****     uint8_t indexLoc =  0xFF;
  85:../../Middlewares/stm32-vision-models-postprocessing/lib_vision_models_pp/Src/vision_models_pp_maxi_iu8.c ****     while(iter > 0)
  86:../../Middlewares/stm32-vision-models-postprocessing/lib_vision_models_pp/Src/vision_models_pp_maxi_iu8.c ****     {
  87:../../Middlewares/stm32-vision-models-postprocessing/lib_vision_models_pp/Src/vision_models_pp_maxi_iu8.c ****       mve_pred16_t p = vctp8q(iter);
  88:../../Middlewares/stm32-vision-models-postprocessing/lib_vision_models_pp/Src/vision_models_pp_maxi_iu8.c ****       // load up to 16 int8
  89:../../Middlewares/stm32-vision-models-postprocessing/lib_vision_models_pp/Src/vision_models_pp_maxi_iu8.c ****       uint8x16_t u8x16_val = vld1q_z_u8(pSrc, p);
  90:../../Middlewares/stm32-vision-models-postprocessing/lib_vision_models_pp/Src/vision_models_pp_maxi_iu8.c ****       pSrc+=16;
  91:../../Middlewares/stm32-vision-models-postprocessing/lib_vision_models_pp/Src/vision_models_pp_maxi_iu8.c ****       // Compare according to p to create p0
  92:../../Middlewares/stm32-vision-models-postprocessing/lib_vision_models_pp/Src/vision_models_pp_maxi_iu8.c ****       mve_pred16_t p0 = vcmpcsq_m_u8(u8x16_val, u8x16_max_val, p);
  93:../../Middlewares/stm32-vision-models-postprocessing/lib_vision_models_pp/Src/vision_models_pp_maxi_iu8.c **** 
  94:../../Middlewares/stm32-vision-models-postprocessing/lib_vision_models_pp/Src/vision_models_pp_maxi_iu8.c ****       u8x16_max_val = vpselq_u8(u8x16_val, u8x16_max_val, p0);
  95:../../Middlewares/stm32-vision-models-postprocessing/lib_vision_models_pp/Src/vision_models_pp_maxi_iu8.c ****       u8x16_max_idx = vpselq_u8(u8x16_idx, u8x16_max_idx, p0);
  96:../../Middlewares/stm32-vision-models-postprocessing/lib_vision_models_pp/Src/vision_models_pp_maxi_iu8.c **** 
  97:../../Middlewares/stm32-vision-models-postprocessing/lib_vision_models_pp/Src/vision_models_pp_maxi_iu8.c ****       u8x16_idx+=16;
  98:../../Middlewares/stm32-vision-models-postprocessing/lib_vision_models_pp/Src/vision_models_pp_maxi_iu8.c ****       iter-=16;
  99:../../Middlewares/stm32-vision-models-postprocessing/lib_vision_models_pp/Src/vision_models_pp_maxi_iu8.c **** 
 100:../../Middlewares/stm32-vision-models-postprocessing/lib_vision_models_pp/Src/vision_models_pp_maxi_iu8.c ****     }
 101:../../Middlewares/stm32-vision-models-postprocessing/lib_vision_models_pp/Src/vision_models_pp_maxi_iu8.c **** 
 102:../../Middlewares/stm32-vision-models-postprocessing/lib_vision_models_pp/Src/vision_models_pp_maxi_iu8.c ****     maxValueLoc = vmaxvq_u8(0, u8x16_max_val);
 103:../../Middlewares/stm32-vision-models-postprocessing/lib_vision_models_pp/Src/vision_models_pp_maxi_iu8.c ****     mve_pred16_t p0 = vcmpeqq_n_u8(u8x16_max_val, maxValueLoc);
 104:../../Middlewares/stm32-vision-models-postprocessing/lib_vision_models_pp/Src/vision_models_pp_maxi_iu8.c **** 
 105:../../Middlewares/stm32-vision-models-postprocessing/lib_vision_models_pp/Src/vision_models_pp_maxi_iu8.c ****     u8x16_max_idx = vpselq_u8( u8x16_max_idx, vdupq_n_u8(0xFF), p0);
 244              		.loc 1 105 21 view .LVU72
 245 0006 4FF0FF0A 		mov	r10, #255
  81:../../Middlewares/stm32-vision-models-postprocessing/lib_vision_models_pp/Src/vision_models_pp_maxi_iu8.c ****     iterLoop -= iter;
 246              		.loc 1 81 20 view .LVU73
 247 000a B1F5807F 		cmp	r1, #256
 248              	.LBE64:
  68:../../Middlewares/stm32-vision-models-postprocessing/lib_vision_models_pp/Src/vision_models_pp_maxi_iu8.c **** #ifdef VISION_MODELS_MAXI_IU8OU16_MVE
 249              		.loc 1 68 1 view .LVU74
 250 000e 2DED088B 		vpush.64	{d8, d9, d10, d11}
 251              		.cfi_def_cfa_offset 68
 252              		.cfi_offset 80, -68
 253              		.cfi_offset 81, -64
 254              		.cfi_offset 82, -60
 255              		.cfi_offset 83, -56
 256              		.cfi_offset 84, -52
 257              		.cfi_offset 85, -48
 258              		.cfi_offset 86, -44
 259              		.cfi_offset 87, -40
 260              	.LBB77:
  81:../../Middlewares/stm32-vision-models-postprocessing/lib_vision_models_pp/Src/vision_models_pp_maxi_iu8.c ****     iterLoop -= iter;
 261              		.loc 1 81 20 view .LVU75
 262 0012 0D46     		mov	r5, r1
ARM GAS  /tmp/cc1JbEzq.s 			page 65


 263              	.LBE77:
  74:../../Middlewares/stm32-vision-models-postprocessing/lib_vision_models_pp/Src/vision_models_pp_maxi_iu8.c ****   uint8_t *pSrc = arr;
 264              		.loc 1 74 11 view .LVU76
 265 0014 8946     		mov	r9, r1
 266              	.LVL20:
  75:../../Middlewares/stm32-vision-models-postprocessing/lib_vision_models_pp/Src/vision_models_pp_maxi_iu8.c ****   uint16_t indexBlk = 0;
 267              		.loc 1 75 3 is_stmt 1 view .LVU77
  76:../../Middlewares/stm32-vision-models-postprocessing/lib_vision_models_pp/Src/vision_models_pp_maxi_iu8.c ****   while (iterLoop > 0)
 268              		.loc 1 76 3 view .LVU78
  77:../../Middlewares/stm32-vision-models-postprocessing/lib_vision_models_pp/Src/vision_models_pp_maxi_iu8.c ****   {
 269              		.loc 1 77 3 view .LVU79
  72:../../Middlewares/stm32-vision-models-postprocessing/lib_vision_models_pp/Src/vision_models_pp_maxi_iu8.c **** 
 270              		.loc 1 72 11 is_stmt 0 view .LVU80
 271 0016 2646     		mov	r6, r4
  70:../../Middlewares/stm32-vision-models-postprocessing/lib_vision_models_pp/Src/vision_models_pp_maxi_iu8.c ****   uint8_t maxValueLoc = 0;
 272              		.loc 1 70 11 view .LVU81
 273 0018 A046     		mov	r8, r4
 274              	.LBB78:
  79:../../Middlewares/stm32-vision-models-postprocessing/lib_vision_models_pp/Src/vision_models_pp_maxi_iu8.c ****     uint8x16_t u8x16_max_idx = vdupq_n_u8(len_arr);
 275              		.loc 1 79 32 view .LVU82
 276 001a A446     		mov	ip, r4
  81:../../Middlewares/stm32-vision-models-postprocessing/lib_vision_models_pp/Src/vision_models_pp_maxi_iu8.c ****     iterLoop -= iter;
 277              		.loc 1 81 20 view .LVU83
 278 001c 28BF     		it	cs
 279 001e 4FF48075 		movcs	r5, #256
 280              	.LBB65:
  97:../../Middlewares/stm32-vision-models-postprocessing/lib_vision_models_pp/Src/vision_models_pp_maxi_iu8.c ****       iter-=16;
 281              		.loc 1 97 16 view .LVU84
 282 0022 81EF508E 		vmov.i8	q4, #0x10  @ v16qi
 283              	.LBE65:
 284              		.loc 1 105 21 view .LVU85
 285 0026 EAEE10AB 		vdup.8	q5, r10
 286              	.LVL21:
 287              	.L6:
 288              		.loc 1 105 21 view .LVU86
 289              	.LBE78:
  77:../../Middlewares/stm32-vision-models-postprocessing/lib_vision_models_pp/Src/vision_models_pp_maxi_iu8.c ****   {
 290              		.loc 1 77 19 is_stmt 1 view .LVU87
 291 002a B9F1000F 		cmp	r9, #0
 292 002e 06DC     		bgt	.L10
 106:../../Middlewares/stm32-vision-models-postprocessing/lib_vision_models_pp/Src/vision_models_pp_maxi_iu8.c ****     /*
 107:../../Middlewares/stm32-vision-models-postprocessing/lib_vision_models_pp/Src/vision_models_pp_maxi_iu8.c ****      * Get min index which is thus for a max value
 108:../../Middlewares/stm32-vision-models-postprocessing/lib_vision_models_pp/Src/vision_models_pp_maxi_iu8.c ****     */
 109:../../Middlewares/stm32-vision-models-postprocessing/lib_vision_models_pp/Src/vision_models_pp_maxi_iu8.c ****     indexLoc = vminvq_p_u8(0xFF, u8x16_max_idx,p0);
 110:../../Middlewares/stm32-vision-models-postprocessing/lib_vision_models_pp/Src/vision_models_pp_maxi_iu8.c **** 
 111:../../Middlewares/stm32-vision-models-postprocessing/lib_vision_models_pp/Src/vision_models_pp_maxi_iu8.c ****     if (maxValueLoc > maxValue)
 112:../../Middlewares/stm32-vision-models-postprocessing/lib_vision_models_pp/Src/vision_models_pp_maxi_iu8.c ****     {
 113:../../Middlewares/stm32-vision-models-postprocessing/lib_vision_models_pp/Src/vision_models_pp_maxi_iu8.c ****       maxValue = maxValueLoc;
 114:../../Middlewares/stm32-vision-models-postprocessing/lib_vision_models_pp/Src/vision_models_pp_maxi_iu8.c ****       index = indexLoc + indexBlk;
 115:../../Middlewares/stm32-vision-models-postprocessing/lib_vision_models_pp/Src/vision_models_pp_maxi_iu8.c ****     }
 116:../../Middlewares/stm32-vision-models-postprocessing/lib_vision_models_pp/Src/vision_models_pp_maxi_iu8.c ****     indexBlk += (1<<8);
 117:../../Middlewares/stm32-vision-models-postprocessing/lib_vision_models_pp/Src/vision_models_pp_maxi_iu8.c ****   }
 118:../../Middlewares/stm32-vision-models-postprocessing/lib_vision_models_pp/Src/vision_models_pp_maxi_iu8.c ****   *pMaxim = maxValue;
 293              		.loc 1 118 3 view .LVU88
 119:../../Middlewares/stm32-vision-models-postprocessing/lib_vision_models_pp/Src/vision_models_pp_maxi_iu8.c ****   *pIndex = index;
 120:../../Middlewares/stm32-vision-models-postprocessing/lib_vision_models_pp/Src/vision_models_pp_maxi_iu8.c **** #else
 121:../../Middlewares/stm32-vision-models-postprocessing/lib_vision_models_pp/Src/vision_models_pp_maxi_iu8.c ****   *pIndex = 0;
ARM GAS  /tmp/cc1JbEzq.s 			page 66


 122:../../Middlewares/stm32-vision-models-postprocessing/lib_vision_models_pp/Src/vision_models_pp_maxi_iu8.c ****   *pMaxim = arr[0];
 123:../../Middlewares/stm32-vision-models-postprocessing/lib_vision_models_pp/Src/vision_models_pp_maxi_iu8.c **** 
 124:../../Middlewares/stm32-vision-models-postprocessing/lib_vision_models_pp/Src/vision_models_pp_maxi_iu8.c ****   for (uint32_t i = 1; i < len_arr; i++)
 125:../../Middlewares/stm32-vision-models-postprocessing/lib_vision_models_pp/Src/vision_models_pp_maxi_iu8.c ****   {
 126:../../Middlewares/stm32-vision-models-postprocessing/lib_vision_models_pp/Src/vision_models_pp_maxi_iu8.c ****     if (arr[i] > *pMaxim)
 127:../../Middlewares/stm32-vision-models-postprocessing/lib_vision_models_pp/Src/vision_models_pp_maxi_iu8.c ****     {
 128:../../Middlewares/stm32-vision-models-postprocessing/lib_vision_models_pp/Src/vision_models_pp_maxi_iu8.c ****       *pMaxim = arr[i];
 129:../../Middlewares/stm32-vision-models-postprocessing/lib_vision_models_pp/Src/vision_models_pp_maxi_iu8.c ****       *pIndex = i;
 130:../../Middlewares/stm32-vision-models-postprocessing/lib_vision_models_pp/Src/vision_models_pp_maxi_iu8.c ****     }
 131:../../Middlewares/stm32-vision-models-postprocessing/lib_vision_models_pp/Src/vision_models_pp_maxi_iu8.c ****   }
 132:../../Middlewares/stm32-vision-models-postprocessing/lib_vision_models_pp/Src/vision_models_pp_maxi_iu8.c **** #endif
 133:../../Middlewares/stm32-vision-models-postprocessing/lib_vision_models_pp/Src/vision_models_pp_maxi_iu8.c **** }
 294              		.loc 1 133 1 is_stmt 0 view .LVU89
 295 0030 BDEC088B 		vldm	sp!, {d8-d11}
 296              		.cfi_remember_state
 297              		.cfi_restore 86
 298              		.cfi_restore 87
 299              		.cfi_restore 84
 300              		.cfi_restore 85
 301              		.cfi_restore 82
 302              		.cfi_restore 83
 303              		.cfi_restore 80
 304              		.cfi_restore 81
 305              		.cfi_def_cfa_offset 36
 118:../../Middlewares/stm32-vision-models-postprocessing/lib_vision_models_pp/Src/vision_models_pp_maxi_iu8.c ****   *pIndex = index;
 306              		.loc 1 118 11 view .LVU90
 307 0034 82F80080 		strb	r8, [r2]
 119:../../Middlewares/stm32-vision-models-postprocessing/lib_vision_models_pp/Src/vision_models_pp_maxi_iu8.c ****   *pIndex = index;
 308              		.loc 1 119 3 is_stmt 1 view .LVU91
 119:../../Middlewares/stm32-vision-models-postprocessing/lib_vision_models_pp/Src/vision_models_pp_maxi_iu8.c ****   *pIndex = index;
 309              		.loc 1 119 11 is_stmt 0 view .LVU92
 310 0038 1E80     		strh	r6, [r3]	@ movhi
 311              		.loc 1 133 1 view .LVU93
 312 003a BDE8F08F 		pop	{r4, r5, r6, r7, r8, r9, r10, fp, pc}
 313              	.LVL22:
 314              	.L10:
 315              		.cfi_restore_state
 316              	.LBB79:
  79:../../Middlewares/stm32-vision-models-postprocessing/lib_vision_models_pp/Src/vision_models_pp_maxi_iu8.c ****     uint8x16_t u8x16_max_idx = vdupq_n_u8(len_arr);
 317              		.loc 1 79 5 is_stmt 1 view .LVU94
 318              	.LBB71:
 319              	.LBB72:
2402:/home/min/snap/code/235/.local/share/stm32cube/bundles/gnu-tools-for-stm32/14.3.1+st.2/lib/gcc/arm-none-eabi/14.3.1/include/arm_mve.h **** }
 320              		.loc 2 2402 10 is_stmt 0 view .LVU95
 321 003e E646     		mov	lr, ip
 322 0040 0FEE6E2F 		vidup.u8	q1, lr, #1
 323              	.LBE72:
 324              	.LBE71:
 325              	.LBB74:
  97:../../Middlewares/stm32-vision-models-postprocessing/lib_vision_models_pp/Src/vision_models_pp_maxi_iu8.c ****       iter-=16;
 326              		.loc 1 97 16 view .LVU96
 327 0044 05F10F0E 		add	lr, r5, #15
 328 0048 4FEA1E1E 		lsr	lr, lr, #4
 329 004c 15F1100F 		cmn	r5, #16
 330 0050 0EF1010E 		add	lr, lr, #1
 331 0054 D8BF     		it	le
 332 0056 4FF0010E 		movle	lr, #1
ARM GAS  /tmp/cc1JbEzq.s 			page 67


 333              	.LBE74:
  79:../../Middlewares/stm32-vision-models-postprocessing/lib_vision_models_pp/Src/vision_models_pp_maxi_iu8.c ****     uint8x16_t u8x16_max_idx = vdupq_n_u8(len_arr);
 334              		.loc 1 79 32 view .LVU97
 335 005a E4EE10CB 		vdup.8	q2, ip
 336              	.LVL23:
  80:../../Middlewares/stm32-vision-models-postprocessing/lib_vision_models_pp/Src/vision_models_pp_maxi_iu8.c ****     int32_t iter = MIN(len_arr,0x100);
 337              		.loc 1 80 5 is_stmt 1 view .LVU98
  80:../../Middlewares/stm32-vision-models-postprocessing/lib_vision_models_pp/Src/vision_models_pp_maxi_iu8.c ****     int32_t iter = MIN(len_arr,0x100);
 338              		.loc 1 80 32 is_stmt 0 view .LVU99
 339 005e E6EE101B 		vdup.8	q3, r1
 340              	.LVL24:
  81:../../Middlewares/stm32-vision-models-postprocessing/lib_vision_models_pp/Src/vision_models_pp_maxi_iu8.c ****     iterLoop -= iter;
 341              		.loc 1 81 5 is_stmt 1 view .LVU100
  81:../../Middlewares/stm32-vision-models-postprocessing/lib_vision_models_pp/Src/vision_models_pp_maxi_iu8.c ****     iterLoop -= iter;
 342              		.loc 1 81 13 is_stmt 0 view .LVU101
 343 0062 2F46     		mov	r7, r5
 344              	.LVL25:
  82:../../Middlewares/stm32-vision-models-postprocessing/lib_vision_models_pp/Src/vision_models_pp_maxi_iu8.c ****     uint8x16_t u8x16_idx = vidupq_n_u8(0,1);
 345              		.loc 1 82 5 is_stmt 1 view .LVU102
 346 0064 4EF001E0 		dls	lr, lr
  82:../../Middlewares/stm32-vision-models-postprocessing/lib_vision_models_pp/Src/vision_models_pp_maxi_iu8.c ****     uint8x16_t u8x16_idx = vidupq_n_u8(0,1);
 347              		.loc 1 82 14 is_stmt 0 view .LVU103
 348 0068 A9EB0509 		sub	r9, r9, r5
 349              	.LVL26:
  83:../../Middlewares/stm32-vision-models-postprocessing/lib_vision_models_pp/Src/vision_models_pp_maxi_iu8.c ****     uint8_t indexLoc =  0xFF;
 350              		.loc 1 83 5 is_stmt 1 view .LVU104
 351              	.LBB75:
 352              	.LBI71:
2400:/home/min/snap/code/235/.local/share/stm32cube/bundles/gnu-tools-for-stm32/14.3.1+st.2/lib/gcc/arm-none-eabi/14.3.1/include/arm_mve.h **** {
 353              		.loc 2 2400 1 view .LVU105
 354              	.LBB73:
2402:/home/min/snap/code/235/.local/share/stm32cube/bundles/gnu-tools-for-stm32/14.3.1+st.2/lib/gcc/arm-none-eabi/14.3.1/include/arm_mve.h **** }
 355              		.loc 2 2402 3 view .LVU106
2402:/home/min/snap/code/235/.local/share/stm32cube/bundles/gnu-tools-for-stm32/14.3.1+st.2/lib/gcc/arm-none-eabi/14.3.1/include/arm_mve.h **** }
 356              		.loc 2 2402 3 is_stmt 0 view .LVU107
 357              	.LBE73:
 358              	.LBE75:
  84:../../Middlewares/stm32-vision-models-postprocessing/lib_vision_models_pp/Src/vision_models_pp_maxi_iu8.c ****     while(iter > 0)
 359              		.loc 1 84 5 is_stmt 1 view .LVU108
  85:../../Middlewares/stm32-vision-models-postprocessing/lib_vision_models_pp/Src/vision_models_pp_maxi_iu8.c ****     {
 360              		.loc 1 85 5 view .LVU109
 361 006c 00EB050B 		add	fp, r0, r5
 362              	.LVL27:
 363              	.L7:
  85:../../Middlewares/stm32-vision-models-postprocessing/lib_vision_models_pp/Src/vision_models_pp_maxi_iu8.c ****     {
 364              		.loc 1 85 5 is_stmt 0 view .LVU110
 365 0070 ABEB0700 		sub	r0, fp, r7
 366              	.LVL28:
  85:../../Middlewares/stm32-vision-models-postprocessing/lib_vision_models_pp/Src/vision_models_pp_maxi_iu8.c ****     {
 367              		.loc 1 85 16 is_stmt 1 view .LVU111
 368 0074 BEF1010E 		subs	lr, #1;bne	.L8
 368      16D1
 102:../../Middlewares/stm32-vision-models-postprocessing/lib_vision_models_pp/Src/vision_models_pp_maxi_iu8.c ****     mve_pred16_t p0 = vcmpeqq_n_u8(u8x16_max_val, maxValueLoc);
 369              		.loc 1 102 5 view .LVU112
 102:../../Middlewares/stm32-vision-models-postprocessing/lib_vision_models_pp/Src/vision_models_pp_maxi_iu8.c ****     mve_pred16_t p0 = vcmpeqq_n_u8(u8x16_max_val, maxValueLoc);
 370              		.loc 1 102 19 is_stmt 0 view .LVU113
 371 007a E646     		mov	lr, ip
ARM GAS  /tmp/cc1JbEzq.s 			page 68


 372 007c E2FE04EF 		vmaxv.u8	lr, q2
 373 0080 5FFA8EF7 		uxtb	r7, lr
 374              	.LVL29:
 103:../../Middlewares/stm32-vision-models-postprocessing/lib_vision_models_pp/Src/vision_models_pp_maxi_iu8.c **** 
 375              		.loc 1 103 5 is_stmt 1 view .LVU114
 105:../../Middlewares/stm32-vision-models-postprocessing/lib_vision_models_pp/Src/vision_models_pp_maxi_iu8.c ****     /*
 376              		.loc 1 105 5 view .LVU115
 109:../../Middlewares/stm32-vision-models-postprocessing/lib_vision_models_pp/Src/vision_models_pp_maxi_iu8.c **** 
 377              		.loc 1 109 5 view .LVU116
 111:../../Middlewares/stm32-vision-models-postprocessing/lib_vision_models_pp/Src/vision_models_pp_maxi_iu8.c ****     {
 378              		.loc 1 111 5 view .LVU117
 111:../../Middlewares/stm32-vision-models-postprocessing/lib_vision_models_pp/Src/vision_models_pp_maxi_iu8.c ****     {
 379              		.loc 1 111 8 is_stmt 0 view .LVU118
 380 0084 B845     		cmp	r8, r7
 381 0086 0BD2     		bcs	.L9
 103:../../Middlewares/stm32-vision-models-postprocessing/lib_vision_models_pp/Src/vision_models_pp_maxi_iu8.c **** 
 382              		.loc 1 103 23 view .LVU119
 383 0088 05FE4E0F 		vcmp.i8	eq, q2, lr
 113:../../Middlewares/stm32-vision-models-postprocessing/lib_vision_models_pp/Src/vision_models_pp_maxi_iu8.c ****       index = indexLoc + indexBlk;
 384              		.loc 1 113 7 is_stmt 1 view .LVU120
 385              	.LVL30:
 114:../../Middlewares/stm32-vision-models-postprocessing/lib_vision_models_pp/Src/vision_models_pp_maxi_iu8.c ****     }
 386              		.loc 1 114 7 view .LVU121
 109:../../Middlewares/stm32-vision-models-postprocessing/lib_vision_models_pp/Src/vision_models_pp_maxi_iu8.c **** 
 387              		.loc 1 109 16 is_stmt 0 view .LVU122
 388 008c 5646     		mov	r6, r10
 389              	.LVL31:
 105:../../Middlewares/stm32-vision-models-postprocessing/lib_vision_models_pp/Src/vision_models_pp_maxi_iu8.c ****     /*
 390              		.loc 1 105 21 discriminator 1 view .LVU123
 391 008e 37FE0B6F 		vpsel	q3, q3, q5
 109:../../Middlewares/stm32-vision-models-postprocessing/lib_vision_models_pp/Src/vision_models_pp_maxi_iu8.c **** 
 392              		.loc 1 109 16 view .LVU124
 393 0092 71FE4D0F 		vpst
 394 0096 E2FE866F 		vminvt.u8	r6, q3
 113:../../Middlewares/stm32-vision-models-postprocessing/lib_vision_models_pp/Src/vision_models_pp_maxi_iu8.c ****       index = indexLoc + indexBlk;
 395              		.loc 1 113 16 view .LVU125
 396 009a B846     		mov	r8, r7
 114:../../Middlewares/stm32-vision-models-postprocessing/lib_vision_models_pp/Src/vision_models_pp_maxi_iu8.c ****     }
 397              		.loc 1 114 13 view .LVU126
 398 009c 54FA86F6 		uxtab	r6, r4, r6
 399              	.LVL32:
 400              	.L9:
 116:../../Middlewares/stm32-vision-models-postprocessing/lib_vision_models_pp/Src/vision_models_pp_maxi_iu8.c ****   }
 401              		.loc 1 116 5 is_stmt 1 view .LVU127
 116:../../Middlewares/stm32-vision-models-postprocessing/lib_vision_models_pp/Src/vision_models_pp_maxi_iu8.c ****   }
 402              		.loc 1 116 14 is_stmt 0 view .LVU128
 403 00a0 04F58074 		add	r4, r4, #256
 404              	.LVL33:
 116:../../Middlewares/stm32-vision-models-postprocessing/lib_vision_models_pp/Src/vision_models_pp_maxi_iu8.c ****   }
 405              		.loc 1 116 14 view .LVU129
 406 00a4 A4B2     		uxth	r4, r4
 407              	.LVL34:
 116:../../Middlewares/stm32-vision-models-postprocessing/lib_vision_models_pp/Src/vision_models_pp_maxi_iu8.c ****   }
 408              		.loc 1 116 14 view .LVU130
 409 00a6 C0E7     		b	.L6
 410              	.LVL35:
 411              	.L8:
ARM GAS  /tmp/cc1JbEzq.s 			page 69


 412              	.LBB76:
  87:../../Middlewares/stm32-vision-models-postprocessing/lib_vision_models_pp/Src/vision_models_pp_maxi_iu8.c ****       // load up to 16 int8
 413              		.loc 1 87 7 is_stmt 1 view .LVU131
 414              	.LBB66:
 415              	.LBI66:
 816:/home/min/snap/code/235/.local/share/stm32cube/bundles/gnu-tools-for-stm32/14.3.1+st.2/lib/gcc/arm-none-eabi/14.3.1/include/arm_mve.h **** {
 416              		.loc 2 816 1 view .LVU132
 417              	.LBB67:
 818:/home/min/snap/code/235/.local/share/stm32cube/bundles/gnu-tools-for-stm32/14.3.1+st.2/lib/gcc/arm-none-eabi/14.3.1/include/arm_mve.h **** }
 418              		.loc 2 818 3 view .LVU133
 818:/home/min/snap/code/235/.local/share/stm32cube/bundles/gnu-tools-for-stm32/14.3.1+st.2/lib/gcc/arm-none-eabi/14.3.1/include/arm_mve.h **** }
 419              		.loc 2 818 10 is_stmt 0 view .LVU134
 420 00a8 07F001E8 		vctp.8	r7
 421              	.LVL36:
 818:/home/min/snap/code/235/.local/share/stm32cube/bundles/gnu-tools-for-stm32/14.3.1+st.2/lib/gcc/arm-none-eabi/14.3.1/include/arm_mve.h **** }
 422              		.loc 2 818 10 view .LVU135
 423              	.LBE67:
 424              	.LBE66:
  89:../../Middlewares/stm32-vision-models-postprocessing/lib_vision_models_pp/Src/vision_models_pp_maxi_iu8.c ****       pSrc+=16;
 425              		.loc 1 89 7 is_stmt 1 view .LVU136
 426              	.LBB68:
 427              	.LBI68:
3231:/home/min/snap/code/235/.local/share/stm32cube/bundles/gnu-tools-for-stm32/14.3.1+st.2/lib/gcc/arm-none-eabi/14.3.1/include/arm_mve.h **** {
 428              		.loc 2 3231 1 view .LVU137
 429              		.loc 2 3233 3 view .LVU138
 430              	.LBB69:
 431              	.LBI69:
1493:/home/min/snap/code/235/.local/share/stm32cube/bundles/gnu-tools-for-stm32/14.3.1+st.2/lib/gcc/arm-none-eabi/14.3.1/include/arm_mve.h **** {
 432              		.loc 2 1493 1 view .LVU139
 433              	.LBB70:
1495:/home/min/snap/code/235/.local/share/stm32cube/bundles/gnu-tools-for-stm32/14.3.1+st.2/lib/gcc/arm-none-eabi/14.3.1/include/arm_mve.h **** }
 434              		.loc 2 1495 3 view .LVU140
1495:/home/min/snap/code/235/.local/share/stm32cube/bundles/gnu-tools-for-stm32/14.3.1+st.2/lib/gcc/arm-none-eabi/14.3.1/include/arm_mve.h **** }
 435              		.loc 2 1495 10 is_stmt 0 view .LVU141
 436 00ac 71FE4D0F 		vpst
 437 00b0 90ED001E 		vldrbt.8	q0, [r0]
 438              	.LVL37:
1495:/home/min/snap/code/235/.local/share/stm32cube/bundles/gnu-tools-for-stm32/14.3.1+st.2/lib/gcc/arm-none-eabi/14.3.1/include/arm_mve.h **** }
 439              		.loc 2 1495 10 view .LVU142
 440              	.LBE70:
 441              	.LBE69:
 442              	.LBE68:
  90:../../Middlewares/stm32-vision-models-postprocessing/lib_vision_models_pp/Src/vision_models_pp_maxi_iu8.c ****       // Compare according to p to create p0
 443              		.loc 1 90 7 is_stmt 1 view .LVU143
  92:../../Middlewares/stm32-vision-models-postprocessing/lib_vision_models_pp/Src/vision_models_pp_maxi_iu8.c **** 
 444              		.loc 1 92 7 view .LVU144
  92:../../Middlewares/stm32-vision-models-postprocessing/lib_vision_models_pp/Src/vision_models_pp_maxi_iu8.c **** 
 445              		.loc 1 92 25 is_stmt 0 view .LVU145
 446 00b4 71FE4D0F 		vpst
 447 00b8 01FE050F 		vcmpt.u8	cs, q0, q2
 448              	.LVL38:
  94:../../Middlewares/stm32-vision-models-postprocessing/lib_vision_models_pp/Src/vision_models_pp_maxi_iu8.c ****       u8x16_max_idx = vpselq_u8(u8x16_idx, u8x16_max_idx, p0);
 449              		.loc 1 94 7 is_stmt 1 view .LVU146
  98:../../Middlewares/stm32-vision-models-postprocessing/lib_vision_models_pp/Src/vision_models_pp_maxi_iu8.c **** 
 450              		.loc 1 98 11 is_stmt 0 view .LVU147
 451 00bc 103F     		subs	r7, r7, #16
 452              	.LVL39:
ARM GAS  /tmp/cc1JbEzq.s 			page 70


  95:../../Middlewares/stm32-vision-models-postprocessing/lib_vision_models_pp/Src/vision_models_pp_maxi_iu8.c **** 
 453              		.loc 1 95 23 view .LVU148
 454 00be 33FE076F 		vpsel	q3, q1, q3
 455              	.LVL40:
  94:../../Middlewares/stm32-vision-models-postprocessing/lib_vision_models_pp/Src/vision_models_pp_maxi_iu8.c ****       u8x16_max_idx = vpselq_u8(u8x16_idx, u8x16_max_idx, p0);
 456              		.loc 1 94 23 view .LVU149
 457 00c2 31FE054F 		vpsel	q2, q0, q2
 458              	.LVL41:
  95:../../Middlewares/stm32-vision-models-postprocessing/lib_vision_models_pp/Src/vision_models_pp_maxi_iu8.c **** 
 459              		.loc 1 95 7 is_stmt 1 view .LVU150
  97:../../Middlewares/stm32-vision-models-postprocessing/lib_vision_models_pp/Src/vision_models_pp_maxi_iu8.c ****       iter-=16;
 460              		.loc 1 97 7 view .LVU151
  97:../../Middlewares/stm32-vision-models-postprocessing/lib_vision_models_pp/Src/vision_models_pp_maxi_iu8.c ****       iter-=16;
 461              		.loc 1 97 16 is_stmt 0 view .LVU152
 462 00c6 02EF4828 		vadd.i8	q1, q1, q4
 463              	.LVL42:
  98:../../Middlewares/stm32-vision-models-postprocessing/lib_vision_models_pp/Src/vision_models_pp_maxi_iu8.c **** 
 464              		.loc 1 98 7 is_stmt 1 view .LVU153
  98:../../Middlewares/stm32-vision-models-postprocessing/lib_vision_models_pp/Src/vision_models_pp_maxi_iu8.c **** 
 465              		.loc 1 98 7 is_stmt 0 view .LVU154
 466 00ca D1E7     		b	.L7
 467              	.LBE76:
 468              	.LBE79:
 469              		.cfi_endproc
 470              	.LFE778:
 472              		.section	.text.vision_models_maxi_p_iu8ou16,"ax",%progbits
 473              		.align	1
 474              		.global	vision_models_maxi_p_iu8ou16
 475              		.syntax unified
 476              		.thumb
 477              		.thumb_func
 479              	vision_models_maxi_p_iu8ou16:
 480              	.LVL43:
 481              	.LFB780:
 134:../../Middlewares/stm32-vision-models-postprocessing/lib_vision_models_pp/Src/vision_models_pp_maxi_iu8.c **** void vision_models_maxi_p_iu8ou8(uint8_t *arr, uint32_t len_arr, uint32_t offset, uint8_t *maxim, u
 135:../../Middlewares/stm32-vision-models-postprocessing/lib_vision_models_pp/Src/vision_models_pp_maxi_iu8.c **** {
 136:../../Middlewares/stm32-vision-models-postprocessing/lib_vision_models_pp/Src/vision_models_pp_maxi_iu8.c **** #ifdef VISION_MODELS_MAXI_IU8OU8_MVE
 137:../../Middlewares/stm32-vision-models-postprocessing/lib_vision_models_pp/Src/vision_models_pp_maxi_iu8.c ****   if (15*offset < UCHAR_MAX) {
 138:../../Middlewares/stm32-vision-models-postprocessing/lib_vision_models_pp/Src/vision_models_pp_maxi_iu8.c ****     uint8x16_t   u8x16_max_val = vdupq_n_u8(0);
 139:../../Middlewares/stm32-vision-models-postprocessing/lib_vision_models_pp/Src/vision_models_pp_maxi_iu8.c ****     uint8x16_t   u8x16_max_idx = vdupq_n_u8(0);
 140:../../Middlewares/stm32-vision-models-postprocessing/lib_vision_models_pp/Src/vision_models_pp_maxi_iu8.c **** 
 141:../../Middlewares/stm32-vision-models-postprocessing/lib_vision_models_pp/Src/vision_models_pp_maxi_iu8.c ****     parallelize = MIN(parallelize, 16);
 142:../../Middlewares/stm32-vision-models-postprocessing/lib_vision_models_pp/Src/vision_models_pp_maxi_iu8.c ****     mve_pred16_t p = vctp8q(parallelize);
 143:../../Middlewares/stm32-vision-models-postprocessing/lib_vision_models_pp/Src/vision_models_pp_maxi_iu8.c **** 
 144:../../Middlewares/stm32-vision-models-postprocessing/lib_vision_models_pp/Src/vision_models_pp_maxi_iu8.c ****     uint8x16_t u8x16_idx = vdupq_n_u8(0);
 145:../../Middlewares/stm32-vision-models-postprocessing/lib_vision_models_pp/Src/vision_models_pp_maxi_iu8.c ****     uint8x16_t u8x16_offset = vidupq_n_u8(0,1) * (uint8_t)offset;
 146:../../Middlewares/stm32-vision-models-postprocessing/lib_vision_models_pp/Src/vision_models_pp_maxi_iu8.c **** 
 147:../../Middlewares/stm32-vision-models-postprocessing/lib_vision_models_pp/Src/vision_models_pp_maxi_iu8.c ****     for (uint8_t i = 0; i < len_arr; i++)
 148:../../Middlewares/stm32-vision-models-postprocessing/lib_vision_models_pp/Src/vision_models_pp_maxi_iu8.c ****     {
 149:../../Middlewares/stm32-vision-models-postprocessing/lib_vision_models_pp/Src/vision_models_pp_maxi_iu8.c ****       // load up to 16 int8
 150:../../Middlewares/stm32-vision-models-postprocessing/lib_vision_models_pp/Src/vision_models_pp_maxi_iu8.c ****       uint8x16_t u8x16_val = vldrbq_gather_offset_z_u8(arr, u8x16_offset, p);
 151:../../Middlewares/stm32-vision-models-postprocessing/lib_vision_models_pp/Src/vision_models_pp_maxi_iu8.c ****       arr++;
 152:../../Middlewares/stm32-vision-models-postprocessing/lib_vision_models_pp/Src/vision_models_pp_maxi_iu8.c ****       // Compare according to p to create p0
 153:../../Middlewares/stm32-vision-models-postprocessing/lib_vision_models_pp/Src/vision_models_pp_maxi_iu8.c ****       mve_pred16_t p0 = vcmphiq_m_u8(u8x16_val, u8x16_max_val, p);
 154:../../Middlewares/stm32-vision-models-postprocessing/lib_vision_models_pp/Src/vision_models_pp_maxi_iu8.c **** 
 155:../../Middlewares/stm32-vision-models-postprocessing/lib_vision_models_pp/Src/vision_models_pp_maxi_iu8.c ****       // according to p0: update with s8x16_val or keep s8x16_blk_minmax_val
 156:../../Middlewares/stm32-vision-models-postprocessing/lib_vision_models_pp/Src/vision_models_pp_maxi_iu8.c ****       u8x16_max_val = vpselq_u8(u8x16_val, u8x16_max_val, p0);
ARM GAS  /tmp/cc1JbEzq.s 			page 71


 157:../../Middlewares/stm32-vision-models-postprocessing/lib_vision_models_pp/Src/vision_models_pp_maxi_iu8.c ****       /* according to p0: store per-lane extrema indexes*/
 158:../../Middlewares/stm32-vision-models-postprocessing/lib_vision_models_pp/Src/vision_models_pp_maxi_iu8.c ****       u8x16_max_idx = vpselq_u8(u8x16_idx, u8x16_max_idx, p0);
 159:../../Middlewares/stm32-vision-models-postprocessing/lib_vision_models_pp/Src/vision_models_pp_maxi_iu8.c ****       u8x16_idx+=1;
 160:../../Middlewares/stm32-vision-models-postprocessing/lib_vision_models_pp/Src/vision_models_pp_maxi_iu8.c **** 
 161:../../Middlewares/stm32-vision-models-postprocessing/lib_vision_models_pp/Src/vision_models_pp_maxi_iu8.c ****     }
 162:../../Middlewares/stm32-vision-models-postprocessing/lib_vision_models_pp/Src/vision_models_pp_maxi_iu8.c ****     vstrbq_p_u8((uint8_t *)index,u8x16_max_idx,p);
 163:../../Middlewares/stm32-vision-models-postprocessing/lib_vision_models_pp/Src/vision_models_pp_maxi_iu8.c ****     vstrbq_p_u8(maxim,u8x16_max_val,p);
 164:../../Middlewares/stm32-vision-models-postprocessing/lib_vision_models_pp/Src/vision_models_pp_maxi_iu8.c ****   } else {
 165:../../Middlewares/stm32-vision-models-postprocessing/lib_vision_models_pp/Src/vision_models_pp_maxi_iu8.c ****     uint16_t _tmpIdx[8];
 166:../../Middlewares/stm32-vision-models-postprocessing/lib_vision_models_pp/Src/vision_models_pp_maxi_iu8.c ****     uint16_t _parallelize = MIN(8,parallelize);
 167:../../Middlewares/stm32-vision-models-postprocessing/lib_vision_models_pp/Src/vision_models_pp_maxi_iu8.c ****     vision_models_maxi_p_iu8ou16(arr,len_arr,offset,maxim,_tmpIdx,_parallelize);
 168:../../Middlewares/stm32-vision-models-postprocessing/lib_vision_models_pp/Src/vision_models_pp_maxi_iu8.c ****     maxim+=_parallelize;
 169:../../Middlewares/stm32-vision-models-postprocessing/lib_vision_models_pp/Src/vision_models_pp_maxi_iu8.c ****     for ( int i = 0; i < _parallelize; i++) {
 170:../../Middlewares/stm32-vision-models-postprocessing/lib_vision_models_pp/Src/vision_models_pp_maxi_iu8.c ****       *index++ = _tmpIdx[i];
 171:../../Middlewares/stm32-vision-models-postprocessing/lib_vision_models_pp/Src/vision_models_pp_maxi_iu8.c ****     }
 172:../../Middlewares/stm32-vision-models-postprocessing/lib_vision_models_pp/Src/vision_models_pp_maxi_iu8.c ****     parallelize-=_parallelize;
 173:../../Middlewares/stm32-vision-models-postprocessing/lib_vision_models_pp/Src/vision_models_pp_maxi_iu8.c ****     arr+=_parallelize*offset;
 174:../../Middlewares/stm32-vision-models-postprocessing/lib_vision_models_pp/Src/vision_models_pp_maxi_iu8.c ****     vision_models_maxi_p_iu8ou16(arr,len_arr,offset,maxim,_tmpIdx,parallelize);
 175:../../Middlewares/stm32-vision-models-postprocessing/lib_vision_models_pp/Src/vision_models_pp_maxi_iu8.c ****     for (uint32_t i = 0; i < parallelize; i++) {
 176:../../Middlewares/stm32-vision-models-postprocessing/lib_vision_models_pp/Src/vision_models_pp_maxi_iu8.c ****       *index++ = _tmpIdx[i];
 177:../../Middlewares/stm32-vision-models-postprocessing/lib_vision_models_pp/Src/vision_models_pp_maxi_iu8.c ****     }
 178:../../Middlewares/stm32-vision-models-postprocessing/lib_vision_models_pp/Src/vision_models_pp_maxi_iu8.c ****   }
 179:../../Middlewares/stm32-vision-models-postprocessing/lib_vision_models_pp/Src/vision_models_pp_maxi_iu8.c **** #else
 180:../../Middlewares/stm32-vision-models-postprocessing/lib_vision_models_pp/Src/vision_models_pp_maxi_iu8.c ****   parallelize = MIN(16, parallelize);
 181:../../Middlewares/stm32-vision-models-postprocessing/lib_vision_models_pp/Src/vision_models_pp_maxi_iu8.c ****   if(parallelize*offset < UCHAR_MAX) {
 182:../../Middlewares/stm32-vision-models-postprocessing/lib_vision_models_pp/Src/vision_models_pp_maxi_iu8.c ****   for (uint8_t k = 0; k < parallelize; k++)
 183:../../Middlewares/stm32-vision-models-postprocessing/lib_vision_models_pp/Src/vision_models_pp_maxi_iu8.c ****     {
 184:../../Middlewares/stm32-vision-models-postprocessing/lib_vision_models_pp/Src/vision_models_pp_maxi_iu8.c ****       *index = 0;
 185:../../Middlewares/stm32-vision-models-postprocessing/lib_vision_models_pp/Src/vision_models_pp_maxi_iu8.c ****       *maxim = arr[k*offset];
 186:../../Middlewares/stm32-vision-models-postprocessing/lib_vision_models_pp/Src/vision_models_pp_maxi_iu8.c **** 
 187:../../Middlewares/stm32-vision-models-postprocessing/lib_vision_models_pp/Src/vision_models_pp_maxi_iu8.c ****       for (uint8_t i = 1; i < len_arr; i++)
 188:../../Middlewares/stm32-vision-models-postprocessing/lib_vision_models_pp/Src/vision_models_pp_maxi_iu8.c ****       {
 189:../../Middlewares/stm32-vision-models-postprocessing/lib_vision_models_pp/Src/vision_models_pp_maxi_iu8.c ****         if (arr[k*offset+i] > *maxim)
 190:../../Middlewares/stm32-vision-models-postprocessing/lib_vision_models_pp/Src/vision_models_pp_maxi_iu8.c ****         {
 191:../../Middlewares/stm32-vision-models-postprocessing/lib_vision_models_pp/Src/vision_models_pp_maxi_iu8.c ****           *maxim = arr[k*offset+i];
 192:../../Middlewares/stm32-vision-models-postprocessing/lib_vision_models_pp/Src/vision_models_pp_maxi_iu8.c ****           *index = i;
 193:../../Middlewares/stm32-vision-models-postprocessing/lib_vision_models_pp/Src/vision_models_pp_maxi_iu8.c ****         }
 194:../../Middlewares/stm32-vision-models-postprocessing/lib_vision_models_pp/Src/vision_models_pp_maxi_iu8.c ****       }
 195:../../Middlewares/stm32-vision-models-postprocessing/lib_vision_models_pp/Src/vision_models_pp_maxi_iu8.c ****       maxim++;
 196:../../Middlewares/stm32-vision-models-postprocessing/lib_vision_models_pp/Src/vision_models_pp_maxi_iu8.c ****       index++;
 197:../../Middlewares/stm32-vision-models-postprocessing/lib_vision_models_pp/Src/vision_models_pp_maxi_iu8.c ****     }
 198:../../Middlewares/stm32-vision-models-postprocessing/lib_vision_models_pp/Src/vision_models_pp_maxi_iu8.c ****   } else {
 199:../../Middlewares/stm32-vision-models-postprocessing/lib_vision_models_pp/Src/vision_models_pp_maxi_iu8.c ****     uint16_t _tmpIdx[8];
 200:../../Middlewares/stm32-vision-models-postprocessing/lib_vision_models_pp/Src/vision_models_pp_maxi_iu8.c ****     uint16_t _parallelize = MIN(8,parallelize);
 201:../../Middlewares/stm32-vision-models-postprocessing/lib_vision_models_pp/Src/vision_models_pp_maxi_iu8.c ****     vision_models_maxi_p_iu8ou16(arr,len_arr,offset,maxim,_tmpIdx,_parallelize);
 202:../../Middlewares/stm32-vision-models-postprocessing/lib_vision_models_pp/Src/vision_models_pp_maxi_iu8.c ****     maxim+=_parallelize;
 203:../../Middlewares/stm32-vision-models-postprocessing/lib_vision_models_pp/Src/vision_models_pp_maxi_iu8.c ****     for ( uint16_t i = 0; i <_parallelize; i++) {
 204:../../Middlewares/stm32-vision-models-postprocessing/lib_vision_models_pp/Src/vision_models_pp_maxi_iu8.c ****       *index++ = _tmpIdx[i];
 205:../../Middlewares/stm32-vision-models-postprocessing/lib_vision_models_pp/Src/vision_models_pp_maxi_iu8.c ****     }
 206:../../Middlewares/stm32-vision-models-postprocessing/lib_vision_models_pp/Src/vision_models_pp_maxi_iu8.c ****     parallelize-=_parallelize;
 207:../../Middlewares/stm32-vision-models-postprocessing/lib_vision_models_pp/Src/vision_models_pp_maxi_iu8.c ****     arr+=_parallelize*offset;
 208:../../Middlewares/stm32-vision-models-postprocessing/lib_vision_models_pp/Src/vision_models_pp_maxi_iu8.c ****     vision_models_maxi_p_iu8ou16(arr,len_arr,offset,maxim,_tmpIdx,parallelize);
 209:../../Middlewares/stm32-vision-models-postprocessing/lib_vision_models_pp/Src/vision_models_pp_maxi_iu8.c ****     for ( int i = 0; i < parallelize; i++) {
 210:../../Middlewares/stm32-vision-models-postprocessing/lib_vision_models_pp/Src/vision_models_pp_maxi_iu8.c ****       *index++ = _tmpIdx[i];
 211:../../Middlewares/stm32-vision-models-postprocessing/lib_vision_models_pp/Src/vision_models_pp_maxi_iu8.c ****     }
 212:../../Middlewares/stm32-vision-models-postprocessing/lib_vision_models_pp/Src/vision_models_pp_maxi_iu8.c ****   }
 213:../../Middlewares/stm32-vision-models-postprocessing/lib_vision_models_pp/Src/vision_models_pp_maxi_iu8.c **** #endif
ARM GAS  /tmp/cc1JbEzq.s 			page 72


 214:../../Middlewares/stm32-vision-models-postprocessing/lib_vision_models_pp/Src/vision_models_pp_maxi_iu8.c **** }
 215:../../Middlewares/stm32-vision-models-postprocessing/lib_vision_models_pp/Src/vision_models_pp_maxi_iu8.c **** void vision_models_maxi_p_iu8ou16(uint8_t *arr, uint32_t len_arr, uint32_t offset, uint8_t *maxim, 
 216:../../Middlewares/stm32-vision-models-postprocessing/lib_vision_models_pp/Src/vision_models_pp_maxi_iu8.c **** {
 482              		.loc 1 216 1 is_stmt 1 view -0
 483              		.cfi_startproc
 484              		@ args = 8, pretend = 0, frame = 0
 485              		@ frame_needed = 0, uses_anonymous_args = 0
 217:../../Middlewares/stm32-vision-models-postprocessing/lib_vision_models_pp/Src/vision_models_pp_maxi_iu8.c **** #ifdef VISION_MODELS_MAXI_P_IU8OU16_MVE
 218:../../Middlewares/stm32-vision-models-postprocessing/lib_vision_models_pp/Src/vision_models_pp_maxi_iu8.c ****   uint16x8_t   u16x8_max_val = vdupq_n_u16(0);
 486              		.loc 1 218 3 view .LVU156
 216:../../Middlewares/stm32-vision-models-postprocessing/lib_vision_models_pp/Src/vision_models_pp_maxi_iu8.c **** #ifdef VISION_MODELS_MAXI_P_IU8OU16_MVE
 487              		.loc 1 216 1 is_stmt 0 view .LVU157
 488 0000 F0B5     		push	{r4, r5, r6, r7, lr}
 489              		.cfi_def_cfa_offset 20
 490              		.cfi_offset 4, -20
 491              		.cfi_offset 5, -16
 492              		.cfi_offset 6, -12
 493              		.cfi_offset 7, -8
 494              		.cfi_offset 14, -4
 495              		.loc 1 218 32 view .LVU158
 496 0002 0024     		movs	r4, #0
 216:../../Middlewares/stm32-vision-models-postprocessing/lib_vision_models_pp/Src/vision_models_pp_maxi_iu8.c **** #ifdef VISION_MODELS_MAXI_P_IU8OU16_MVE
 497              		.loc 1 216 1 view .LVU159
 498 0004 2DED088B 		vpush.64	{d8, d9, d10, d11}
 499              		.cfi_def_cfa_offset 52
 500              		.cfi_offset 80, -52
 501              		.cfi_offset 81, -48
 502              		.cfi_offset 82, -44
 503              		.cfi_offset 83, -40
 504              		.cfi_offset 84, -36
 505              		.cfi_offset 85, -32
 506              		.cfi_offset 86, -28
 507              		.cfi_offset 87, -24
 219:../../Middlewares/stm32-vision-models-postprocessing/lib_vision_models_pp/Src/vision_models_pp_maxi_iu8.c ****   uint16x8_t   u16x8_max_idx = vdupq_n_u16(0);
 220:../../Middlewares/stm32-vision-models-postprocessing/lib_vision_models_pp/Src/vision_models_pp_maxi_iu8.c **** 
 221:../../Middlewares/stm32-vision-models-postprocessing/lib_vision_models_pp/Src/vision_models_pp_maxi_iu8.c ****   parallelize = MIN(parallelize, 8);
 508              		.loc 1 221 15 view .LVU160
 509 0008 0E9D     		ldr	r5, [sp, #56]
 510              	.LBB80:
 511              	.LBB81:
2443:/home/min/snap/code/235/.local/share/stm32cube/bundles/gnu-tools-for-stm32/14.3.1+st.2/lib/gcc/arm-none-eabi/14.3.1/include/arm_mve.h **** }
 512              		.loc 2 2443 10 view .LVU161
 513 000a 2646     		mov	r6, r4
 514              	.LBE81:
 515              	.LBE80:
 516              		.loc 1 221 15 view .LVU162
 517 000c 082D     		cmp	r5, #8
 518 000e 28BF     		it	cs
 519 0010 0825     		movcs	r5, #8
 520              	.LBB84:
 521              	.LBB85:
 797:/home/min/snap/code/235/.local/share/stm32cube/bundles/gnu-tools-for-stm32/14.3.1+st.2/lib/gcc/arm-none-eabi/14.3.1/include/arm_mve.h **** }
 522              		.loc 2 797 10 view .LVU163
 523 0012 15F001E8 		vctp.16	r5
 524              	.LBE85:
 525              	.LBE84:
 218:../../Middlewares/stm32-vision-models-postprocessing/lib_vision_models_pp/Src/vision_models_pp_maxi_iu8.c ****   uint16x8_t   u16x8_max_idx = vdupq_n_u16(0);
ARM GAS  /tmp/cc1JbEzq.s 			page 73


 526              		.loc 1 218 32 view .LVU164
 527 0016 A6EE304B 		vdup.16	q3, r4
 528              	.LVL44:
 219:../../Middlewares/stm32-vision-models-postprocessing/lib_vision_models_pp/Src/vision_models_pp_maxi_iu8.c **** 
 529              		.loc 1 219 3 is_stmt 1 view .LVU165
 530              		.loc 1 221 3 view .LVU166
 222:../../Middlewares/stm32-vision-models-postprocessing/lib_vision_models_pp/Src/vision_models_pp_maxi_iu8.c ****   mve_pred16_t p = vctp16q(parallelize);
 531              		.loc 1 222 3 view .LVU167
 532              	.LBB88:
 533              	.LBI84:
 795:/home/min/snap/code/235/.local/share/stm32cube/bundles/gnu-tools-for-stm32/14.3.1+st.2/lib/gcc/arm-none-eabi/14.3.1/include/arm_mve.h **** {
 534              		.loc 2 795 1 view .LVU168
 535              	.LBB86:
 797:/home/min/snap/code/235/.local/share/stm32cube/bundles/gnu-tools-for-stm32/14.3.1+st.2/lib/gcc/arm-none-eabi/14.3.1/include/arm_mve.h **** }
 536              		.loc 2 797 3 view .LVU169
 537              	.LBE86:
 538              	.LBE88:
 539              	.LBB89:
 540              	.LBB82:
2443:/home/min/snap/code/235/.local/share/stm32cube/bundles/gnu-tools-for-stm32/14.3.1+st.2/lib/gcc/arm-none-eabi/14.3.1/include/arm_mve.h **** }
 541              		.loc 2 2443 10 is_stmt 0 view .LVU170
 542 001a 17EE6E4F 		vidup.u16	q2, r6, #1
 543              	.LBE82:
 544              	.LBE89:
 223:../../Middlewares/stm32-vision-models-postprocessing/lib_vision_models_pp/Src/vision_models_pp_maxi_iu8.c **** 
 224:../../Middlewares/stm32-vision-models-postprocessing/lib_vision_models_pp/Src/vision_models_pp_maxi_iu8.c ****   uint16x8_t u16x8_idx = vdupq_n_u16(0);
 225:../../Middlewares/stm32-vision-models-postprocessing/lib_vision_models_pp/Src/vision_models_pp_maxi_iu8.c ****   uint16x8_t u16x8_offset = vidupq_n_u16(0,1) * (uint16_t)offset;
 545              		.loc 1 225 47 discriminator 1 view .LVU171
 546 001e A0EE302B 		vdup.16	q0, r2
 547              	.LBB90:
 548              	.LBB87:
 797:/home/min/snap/code/235/.local/share/stm32cube/bundles/gnu-tools-for-stm32/14.3.1+st.2/lib/gcc/arm-none-eabi/14.3.1/include/arm_mve.h **** }
 549              		.loc 2 797 10 view .LVU172
 550 0022 FDEE105A 		vmrs	r5, p0	@ movhi
 551              	.LVL45:
 797:/home/min/snap/code/235/.local/share/stm32cube/bundles/gnu-tools-for-stm32/14.3.1+st.2/lib/gcc/arm-none-eabi/14.3.1/include/arm_mve.h **** }
 552              		.loc 2 797 10 view .LVU173
 553              	.LBE87:
 554              	.LBE90:
 224:../../Middlewares/stm32-vision-models-postprocessing/lib_vision_models_pp/Src/vision_models_pp_maxi_iu8.c ****   uint16x8_t u16x8_offset = vidupq_n_u16(0,1) * (uint16_t)offset;
 555              		.loc 1 224 3 is_stmt 1 view .LVU174
 556              		.loc 1 225 3 view .LVU175
 557              	.LBB91:
 558              	.LBI80:
2441:/home/min/snap/code/235/.local/share/stm32cube/bundles/gnu-tools-for-stm32/14.3.1+st.2/lib/gcc/arm-none-eabi/14.3.1/include/arm_mve.h **** {
 559              		.loc 2 2441 1 view .LVU176
 560              	.LBB83:
2443:/home/min/snap/code/235/.local/share/stm32cube/bundles/gnu-tools-for-stm32/14.3.1+st.2/lib/gcc/arm-none-eabi/14.3.1/include/arm_mve.h **** }
 561              		.loc 2 2443 3 view .LVU177
2443:/home/min/snap/code/235/.local/share/stm32cube/bundles/gnu-tools-for-stm32/14.3.1+st.2/lib/gcc/arm-none-eabi/14.3.1/include/arm_mve.h **** }
 562              		.loc 2 2443 3 is_stmt 0 view .LVU178
 563              	.LBE83:
 564              	.LBE91:
 565              		.loc 1 225 14 discriminator 1 view .LVU179
 566 0026 10EF5409 		vmul.i16	q0, q0, q2
 567              	.LVL46:
 226:../../Middlewares/stm32-vision-models-postprocessing/lib_vision_models_pp/Src/vision_models_pp_maxi_iu8.c **** 
ARM GAS  /tmp/cc1JbEzq.s 			page 74


 227:../../Middlewares/stm32-vision-models-postprocessing/lib_vision_models_pp/Src/vision_models_pp_maxi_iu8.c ****   for (uint8_t i = 0; i < len_arr; i++)
 568              		.loc 1 227 3 is_stmt 1 view .LVU180
 569              	.LBB92:
 570              		.loc 1 227 8 view .LVU181
 571              		.loc 1 227 8 is_stmt 0 view .LVU182
 572              	.LBE92:
 224:../../Middlewares/stm32-vision-models-postprocessing/lib_vision_models_pp/Src/vision_models_pp_maxi_iu8.c ****   uint16x8_t u16x8_offset = vidupq_n_u16(0,1) * (uint16_t)offset;
 573              		.loc 1 224 26 view .LVU183
 574 002a 26EF5621 		vmov	q1, q3
 219:../../Middlewares/stm32-vision-models-postprocessing/lib_vision_models_pp/Src/vision_models_pp_maxi_iu8.c **** 
 575              		.loc 1 219 32 view .LVU184
 576 002e 26EF5641 		vmov	q2, q3
 577              	.LBB99:
 578              		.loc 1 227 3 view .LVU185
 579 0032 2246     		mov	r2, r4
 580              	.LVL47:
 581              	.LBB93:
 228:../../Middlewares/stm32-vision-models-postprocessing/lib_vision_models_pp/Src/vision_models_pp_maxi_iu8.c ****   {
 229:../../Middlewares/stm32-vision-models-postprocessing/lib_vision_models_pp/Src/vision_models_pp_maxi_iu8.c ****     // load up to 16 int8
 230:../../Middlewares/stm32-vision-models-postprocessing/lib_vision_models_pp/Src/vision_models_pp_maxi_iu8.c ****     uint16x8_t u16x8_val = vldrbq_gather_offset_z_u16(arr, u16x8_offset, p);
 231:../../Middlewares/stm32-vision-models-postprocessing/lib_vision_models_pp/Src/vision_models_pp_maxi_iu8.c ****     arr++;
 232:../../Middlewares/stm32-vision-models-postprocessing/lib_vision_models_pp/Src/vision_models_pp_maxi_iu8.c ****     // Compare according to p to create p0
 233:../../Middlewares/stm32-vision-models-postprocessing/lib_vision_models_pp/Src/vision_models_pp_maxi_iu8.c ****     mve_pred16_t p0 = vcmphiq_m_u16(u16x8_val, u16x8_max_val, p);
 234:../../Middlewares/stm32-vision-models-postprocessing/lib_vision_models_pp/Src/vision_models_pp_maxi_iu8.c **** 
 235:../../Middlewares/stm32-vision-models-postprocessing/lib_vision_models_pp/Src/vision_models_pp_maxi_iu8.c ****     // according to p0: update with s16x8_val or keep s16x8_blk_minmax_val
 236:../../Middlewares/stm32-vision-models-postprocessing/lib_vision_models_pp/Src/vision_models_pp_maxi_iu8.c ****     u16x8_max_val = vpselq_u16(u16x8_val, u16x8_max_val, p0);
 237:../../Middlewares/stm32-vision-models-postprocessing/lib_vision_models_pp/Src/vision_models_pp_maxi_iu8.c ****     /* according to p0: store per-lane extrema indexes*/
 238:../../Middlewares/stm32-vision-models-postprocessing/lib_vision_models_pp/Src/vision_models_pp_maxi_iu8.c ****     u16x8_max_idx = vpselq_u16(u16x8_idx, u16x8_max_idx, p0);
 239:../../Middlewares/stm32-vision-models-postprocessing/lib_vision_models_pp/Src/vision_models_pp_maxi_iu8.c ****     u16x8_idx+=1;
 582              		.loc 1 239 14 view .LVU186
 583 0034 80EF51A8 		vmov.i16	q5, #0x1  @ v8hi
 584              	.LBB94:
 585              	.LBB95:
1467:/home/min/snap/code/235/.local/share/stm32cube/bundles/gnu-tools-for-stm32/14.3.1+st.2/lib/gcc/arm-none-eabi/14.3.1/include/arm_mve.h **** }
 586              		.loc 2 1467 10 view .LVU187
 587 0038 AFB2     		uxth	r7, r5
 588              	.LVL48:
 589              	.L13:
1467:/home/min/snap/code/235/.local/share/stm32cube/bundles/gnu-tools-for-stm32/14.3.1+st.2/lib/gcc/arm-none-eabi/14.3.1/include/arm_mve.h **** }
 590              		.loc 2 1467 10 view .LVU188
 591 003a D4B2     		uxtb	r4, r2
 592              	.LBE95:
 593              	.LBE94:
 594              	.LBE93:
 227:../../Middlewares/stm32-vision-models-postprocessing/lib_vision_models_pp/Src/vision_models_pp_maxi_iu8.c ****   {
 595              		.loc 1 227 25 discriminator 1 view .LVU189
 596 003c A142     		cmp	r1, r4
 597 003e 00EB0206 		add	r6, r0, r2
 598              	.LVL49:
 227:../../Middlewares/stm32-vision-models-postprocessing/lib_vision_models_pp/Src/vision_models_pp_maxi_iu8.c ****   {
 599              		.loc 1 227 25 is_stmt 1 discriminator 1 view .LVU190
 600 0042 02F10102 		add	r2, r2, #1
 601              	.LVL50:
 227:../../Middlewares/stm32-vision-models-postprocessing/lib_vision_models_pp/Src/vision_models_pp_maxi_iu8.c ****   {
 602              		.loc 1 227 25 is_stmt 0 discriminator 1 view .LVU191
 603 0046 0DD8     		bhi	.L14
 227:../../Middlewares/stm32-vision-models-postprocessing/lib_vision_models_pp/Src/vision_models_pp_maxi_iu8.c ****   {
ARM GAS  /tmp/cc1JbEzq.s 			page 75


 604              		.loc 1 227 25 discriminator 1 view .LVU192
 605              	.LBE99:
 240:../../Middlewares/stm32-vision-models-postprocessing/lib_vision_models_pp/Src/vision_models_pp_maxi_iu8.c **** 
 241:../../Middlewares/stm32-vision-models-postprocessing/lib_vision_models_pp/Src/vision_models_pp_maxi_iu8.c ****   }
 242:../../Middlewares/stm32-vision-models-postprocessing/lib_vision_models_pp/Src/vision_models_pp_maxi_iu8.c ****   vstrhq_p_u16((uint16_t *)index,u16x8_max_idx,p);
 606              		.loc 1 242 3 is_stmt 1 view .LVU193
 607              	.LVL51:
 608              	.LBB100:
 609              	.LBI100:
2027:/home/min/snap/code/235/.local/share/stm32cube/bundles/gnu-tools-for-stm32/14.3.1+st.2/lib/gcc/arm-none-eabi/14.3.1/include/arm_mve.h **** {
 610              		.loc 2 2027 1 view .LVU194
 611              	.LBB101:
2029:/home/min/snap/code/235/.local/share/stm32cube/bundles/gnu-tools-for-stm32/14.3.1+st.2/lib/gcc/arm-none-eabi/14.3.1/include/arm_mve.h **** }
 612              		.loc 2 2029 3 view .LVU195
 613 0048 EDEE105A 		vmsr	p0, r5	@ movhi
 614 004c 0D9A     		ldr	r2, [sp, #52]
 615              	.LVL52:
2029:/home/min/snap/code/235/.local/share/stm32cube/bundles/gnu-tools-for-stm32/14.3.1+st.2/lib/gcc/arm-none-eabi/14.3.1/include/arm_mve.h **** }
 616              		.loc 2 2029 3 is_stmt 0 view .LVU196
 617 004e 71FE4D0F 		vpst
 618 0052 82ED805E 		vstrht.16	q2, [r2]
 619              	.LVL53:
2029:/home/min/snap/code/235/.local/share/stm32cube/bundles/gnu-tools-for-stm32/14.3.1+st.2/lib/gcc/arm-none-eabi/14.3.1/include/arm_mve.h **** }
 620              		.loc 2 2029 3 view .LVU197
 621              	.LBE101:
 622              	.LBE100:
 243:../../Middlewares/stm32-vision-models-postprocessing/lib_vision_models_pp/Src/vision_models_pp_maxi_iu8.c ****   vstrbq_p_u16(maxim,u16x8_max_val,p);
 623              		.loc 1 243 3 is_stmt 1 view .LVU198
 624              	.LBB102:
 625              	.LBI102:
1367:/home/min/snap/code/235/.local/share/stm32cube/bundles/gnu-tools-for-stm32/14.3.1+st.2/lib/gcc/arm-none-eabi/14.3.1/include/arm_mve.h **** {
 626              		.loc 2 1367 1 view .LVU199
 627              	.LBB103:
1369:/home/min/snap/code/235/.local/share/stm32cube/bundles/gnu-tools-for-stm32/14.3.1+st.2/lib/gcc/arm-none-eabi/14.3.1/include/arm_mve.h **** }
 628              		.loc 2 1369 3 view .LVU200
 629 0056 71FE4D0F 		vpst
 630 005a 83ED806E 		vstrbt.16	q3, [r3]
 631              	.LVL54:
1369:/home/min/snap/code/235/.local/share/stm32cube/bundles/gnu-tools-for-stm32/14.3.1+st.2/lib/gcc/arm-none-eabi/14.3.1/include/arm_mve.h **** }
 632              		.loc 2 1369 3 is_stmt 0 view .LVU201
 633              	.LBE103:
 634              	.LBE102:
 244:../../Middlewares/stm32-vision-models-postprocessing/lib_vision_models_pp/Src/vision_models_pp_maxi_iu8.c **** #else
 245:../../Middlewares/stm32-vision-models-postprocessing/lib_vision_models_pp/Src/vision_models_pp_maxi_iu8.c ****   parallelize = MIN(8, parallelize);
 246:../../Middlewares/stm32-vision-models-postprocessing/lib_vision_models_pp/Src/vision_models_pp_maxi_iu8.c ****   for (uint8_t k = 0; k < parallelize; k++)
 247:../../Middlewares/stm32-vision-models-postprocessing/lib_vision_models_pp/Src/vision_models_pp_maxi_iu8.c ****   {
 248:../../Middlewares/stm32-vision-models-postprocessing/lib_vision_models_pp/Src/vision_models_pp_maxi_iu8.c ****     *index = 0;
 249:../../Middlewares/stm32-vision-models-postprocessing/lib_vision_models_pp/Src/vision_models_pp_maxi_iu8.c ****     *maxim = arr[k*offset];
 250:../../Middlewares/stm32-vision-models-postprocessing/lib_vision_models_pp/Src/vision_models_pp_maxi_iu8.c **** 
 251:../../Middlewares/stm32-vision-models-postprocessing/lib_vision_models_pp/Src/vision_models_pp_maxi_iu8.c ****     for (uint16_t i = 1; i < len_arr; i++)
 252:../../Middlewares/stm32-vision-models-postprocessing/lib_vision_models_pp/Src/vision_models_pp_maxi_iu8.c ****     {
 253:../../Middlewares/stm32-vision-models-postprocessing/lib_vision_models_pp/Src/vision_models_pp_maxi_iu8.c ****       if (arr[k*offset+i] > *maxim)
 254:../../Middlewares/stm32-vision-models-postprocessing/lib_vision_models_pp/Src/vision_models_pp_maxi_iu8.c ****       {
 255:../../Middlewares/stm32-vision-models-postprocessing/lib_vision_models_pp/Src/vision_models_pp_maxi_iu8.c ****         *maxim = arr[k*offset+i];
 256:../../Middlewares/stm32-vision-models-postprocessing/lib_vision_models_pp/Src/vision_models_pp_maxi_iu8.c ****         *index = i;
 257:../../Middlewares/stm32-vision-models-postprocessing/lib_vision_models_pp/Src/vision_models_pp_maxi_iu8.c ****       }
 258:../../Middlewares/stm32-vision-models-postprocessing/lib_vision_models_pp/Src/vision_models_pp_maxi_iu8.c ****     }
ARM GAS  /tmp/cc1JbEzq.s 			page 76


 259:../../Middlewares/stm32-vision-models-postprocessing/lib_vision_models_pp/Src/vision_models_pp_maxi_iu8.c ****     maxim++;
 260:../../Middlewares/stm32-vision-models-postprocessing/lib_vision_models_pp/Src/vision_models_pp_maxi_iu8.c ****     index++;
 261:../../Middlewares/stm32-vision-models-postprocessing/lib_vision_models_pp/Src/vision_models_pp_maxi_iu8.c ****   }
 262:../../Middlewares/stm32-vision-models-postprocessing/lib_vision_models_pp/Src/vision_models_pp_maxi_iu8.c **** #endif
 263:../../Middlewares/stm32-vision-models-postprocessing/lib_vision_models_pp/Src/vision_models_pp_maxi_iu8.c **** }
 635              		.loc 1 263 1 view .LVU202
 636 005e BDEC088B 		vldm	sp!, {d8-d11}
 637              		.cfi_remember_state
 638              		.cfi_restore 86
 639              		.cfi_restore 87
 640              		.cfi_restore 84
 641              		.cfi_restore 85
 642              		.cfi_restore 82
 643              		.cfi_restore 83
 644              		.cfi_restore 80
 645              		.cfi_restore 81
 646              		.cfi_def_cfa_offset 20
 647 0062 F0BD     		pop	{r4, r5, r6, r7, pc}
 648              	.LVL55:
 649              	.L14:
 650              		.cfi_restore_state
 651              	.LBB104:
 652              	.LBB98:
 230:../../Middlewares/stm32-vision-models-postprocessing/lib_vision_models_pp/Src/vision_models_pp_maxi_iu8.c ****     arr++;
 653              		.loc 1 230 5 is_stmt 1 view .LVU203
 654              	.LBB97:
 655              	.LBI94:
1465:/home/min/snap/code/235/.local/share/stm32cube/bundles/gnu-tools-for-stm32/14.3.1+st.2/lib/gcc/arm-none-eabi/14.3.1/include/arm_mve.h **** {
 656              		.loc 2 1465 1 view .LVU204
 657              	.LBB96:
1467:/home/min/snap/code/235/.local/share/stm32cube/bundles/gnu-tools-for-stm32/14.3.1+st.2/lib/gcc/arm-none-eabi/14.3.1/include/arm_mve.h **** }
 658              		.loc 2 1467 3 view .LVU205
1467:/home/min/snap/code/235/.local/share/stm32cube/bundles/gnu-tools-for-stm32/14.3.1+st.2/lib/gcc/arm-none-eabi/14.3.1/include/arm_mve.h **** }
 659              		.loc 2 1467 10 is_stmt 0 view .LVU206
 660 0064 EDEE107A 		vmsr	p0, r7	@ movhi
 661 0068 71FE4D0F 		vpst
 662 006c 96FC808E 		vldrbt.u16	q4, [r6, q0]
 663              	.LVL56:
1467:/home/min/snap/code/235/.local/share/stm32cube/bundles/gnu-tools-for-stm32/14.3.1+st.2/lib/gcc/arm-none-eabi/14.3.1/include/arm_mve.h **** }
 664              		.loc 2 1467 10 view .LVU207
 665              	.LBE96:
 666              	.LBE97:
 231:../../Middlewares/stm32-vision-models-postprocessing/lib_vision_models_pp/Src/vision_models_pp_maxi_iu8.c ****     // Compare according to p to create p0
 667              		.loc 1 231 5 is_stmt 1 view .LVU208
 233:../../Middlewares/stm32-vision-models-postprocessing/lib_vision_models_pp/Src/vision_models_pp_maxi_iu8.c **** 
 668              		.loc 1 233 5 view .LVU209
 233:../../Middlewares/stm32-vision-models-postprocessing/lib_vision_models_pp/Src/vision_models_pp_maxi_iu8.c **** 
 669              		.loc 1 233 23 is_stmt 0 view .LVU210
 670 0070 71FE4D0F 		vpst
 671 0074 19FE870F 		vcmpt.u16	hi, q4, q3
 672              	.LVL57:
 236:../../Middlewares/stm32-vision-models-postprocessing/lib_vision_models_pp/Src/vision_models_pp_maxi_iu8.c ****     /* according to p0: store per-lane extrema indexes*/
 673              		.loc 1 236 5 is_stmt 1 view .LVU211
 238:../../Middlewares/stm32-vision-models-postprocessing/lib_vision_models_pp/Src/vision_models_pp_maxi_iu8.c ****     u16x8_idx+=1;
 674              		.loc 1 238 21 is_stmt 0 view .LVU212
 675 0078 33FE054F 		vpsel	q2, q1, q2
 676              	.LVL58:
ARM GAS  /tmp/cc1JbEzq.s 			page 77


 236:../../Middlewares/stm32-vision-models-postprocessing/lib_vision_models_pp/Src/vision_models_pp_maxi_iu8.c ****     /* according to p0: store per-lane extrema indexes*/
 677              		.loc 1 236 21 view .LVU213
 678 007c 39FE076F 		vpsel	q3, q4, q3
 679              	.LVL59:
 238:../../Middlewares/stm32-vision-models-postprocessing/lib_vision_models_pp/Src/vision_models_pp_maxi_iu8.c ****     u16x8_idx+=1;
 680              		.loc 1 238 5 is_stmt 1 view .LVU214
 239:../../Middlewares/stm32-vision-models-postprocessing/lib_vision_models_pp/Src/vision_models_pp_maxi_iu8.c **** 
 681              		.loc 1 239 5 view .LVU215
 239:../../Middlewares/stm32-vision-models-postprocessing/lib_vision_models_pp/Src/vision_models_pp_maxi_iu8.c **** 
 682              		.loc 1 239 14 is_stmt 0 view .LVU216
 683 0080 12EF4A28 		vadd.i16	q1, q1, q5
 684              	.LVL60:
 239:../../Middlewares/stm32-vision-models-postprocessing/lib_vision_models_pp/Src/vision_models_pp_maxi_iu8.c **** 
 685              		.loc 1 239 14 view .LVU217
 686              	.LBE98:
 227:../../Middlewares/stm32-vision-models-postprocessing/lib_vision_models_pp/Src/vision_models_pp_maxi_iu8.c ****   {
 687              		.loc 1 227 37 is_stmt 1 discriminator 3 view .LVU218
 227:../../Middlewares/stm32-vision-models-postprocessing/lib_vision_models_pp/Src/vision_models_pp_maxi_iu8.c ****   {
 688              		.loc 1 227 37 is_stmt 0 discriminator 3 view .LVU219
 689 0084 D9E7     		b	.L13
 690              	.LBE104:
 691              		.cfi_endproc
 692              	.LFE780:
 694              		.section	.text.vision_models_maxi_p_iu8ou8,"ax",%progbits
 695              		.align	1
 696              		.global	vision_models_maxi_p_iu8ou8
 697              		.syntax unified
 698              		.thumb
 699              		.thumb_func
 701              	vision_models_maxi_p_iu8ou8:
 702              	.LVL61:
 703              	.LFB779:
 135:../../Middlewares/stm32-vision-models-postprocessing/lib_vision_models_pp/Src/vision_models_pp_maxi_iu8.c **** #ifdef VISION_MODELS_MAXI_IU8OU8_MVE
 704              		.loc 1 135 1 is_stmt 1 view -0
 705              		.cfi_startproc
 706              		@ args = 8, pretend = 0, frame = 16
 707              		@ frame_needed = 0, uses_anonymous_args = 0
 137:../../Middlewares/stm32-vision-models-postprocessing/lib_vision_models_pp/Src/vision_models_pp_maxi_iu8.c ****     uint8x16_t   u8x16_max_val = vdupq_n_u8(0);
 708              		.loc 1 137 3 view .LVU221
 135:../../Middlewares/stm32-vision-models-postprocessing/lib_vision_models_pp/Src/vision_models_pp_maxi_iu8.c **** #ifdef VISION_MODELS_MAXI_IU8OU8_MVE
 709              		.loc 1 135 1 is_stmt 0 view .LVU222
 710 0000 2DE9F04F 		push	{r4, r5, r6, r7, r8, r9, r10, fp, lr}
 711              		.cfi_def_cfa_offset 36
 712              		.cfi_offset 4, -36
 713              		.cfi_offset 5, -32
 714              		.cfi_offset 6, -28
 715              		.cfi_offset 7, -24
 716              		.cfi_offset 8, -20
 717              		.cfi_offset 9, -16
 718              		.cfi_offset 10, -12
 719              		.cfi_offset 11, -8
 720              		.cfi_offset 14, -4
 721 0004 2DED088B 		vpush.64	{d8, d9, d10, d11}
 722              		.cfi_def_cfa_offset 68
 723              		.cfi_offset 80, -68
 724              		.cfi_offset 81, -64
 725              		.cfi_offset 82, -60
ARM GAS  /tmp/cc1JbEzq.s 			page 78


 726              		.cfi_offset 83, -56
 727              		.cfi_offset 84, -52
 728              		.cfi_offset 85, -48
 729              		.cfi_offset 86, -44
 730              		.cfi_offset 87, -40
 137:../../Middlewares/stm32-vision-models-postprocessing/lib_vision_models_pp/Src/vision_models_pp_maxi_iu8.c ****     uint8x16_t   u8x16_max_val = vdupq_n_u8(0);
 731              		.loc 1 137 9 view .LVU223
 732 0008 C2EB0215 		rsb	r5, r2, r2, lsl #4
 135:../../Middlewares/stm32-vision-models-postprocessing/lib_vision_models_pp/Src/vision_models_pp_maxi_iu8.c **** #ifdef VISION_MODELS_MAXI_IU8OU8_MVE
 733              		.loc 1 135 1 view .LVU224
 734 000c 87B0     		sub	sp, sp, #28
 735              		.cfi_def_cfa_offset 96
 137:../../Middlewares/stm32-vision-models-postprocessing/lib_vision_models_pp/Src/vision_models_pp_maxi_iu8.c ****     uint8x16_t   u8x16_max_val = vdupq_n_u8(0);
 736              		.loc 1 137 6 view .LVU225
 737 000e FE2D     		cmp	r5, #254
 135:../../Middlewares/stm32-vision-models-postprocessing/lib_vision_models_pp/Src/vision_models_pp_maxi_iu8.c **** #ifdef VISION_MODELS_MAXI_IU8OU8_MVE
 738              		.loc 1 135 1 view .LVU226
 739 0010 8146     		mov	r9, r0
 740 0012 8A46     		mov	r10, r1
 741 0014 1746     		mov	r7, r2
 742 0016 1E46     		mov	r6, r3
 743 0018 199C     		ldr	r4, [sp, #100]
 137:../../Middlewares/stm32-vision-models-postprocessing/lib_vision_models_pp/Src/vision_models_pp_maxi_iu8.c ****     uint8x16_t   u8x16_max_val = vdupq_n_u8(0);
 744              		.loc 1 137 6 view .LVU227
 745 001a 3FD8     		bhi	.L16
 746              	.LBB105:
 138:../../Middlewares/stm32-vision-models-postprocessing/lib_vision_models_pp/Src/vision_models_pp_maxi_iu8.c ****     uint8x16_t   u8x16_max_idx = vdupq_n_u8(0);
 747              		.loc 1 138 5 is_stmt 1 view .LVU228
 138:../../Middlewares/stm32-vision-models-postprocessing/lib_vision_models_pp/Src/vision_models_pp_maxi_iu8.c ****     uint8x16_t   u8x16_max_idx = vdupq_n_u8(0);
 748              		.loc 1 138 34 is_stmt 0 view .LVU229
 749 001c 0023     		movs	r3, #0
 750              	.LVL62:
 141:../../Middlewares/stm32-vision-models-postprocessing/lib_vision_models_pp/Src/vision_models_pp_maxi_iu8.c ****     mve_pred16_t p = vctp8q(parallelize);
 751              		.loc 1 141 17 view .LVU230
 752 001e 102C     		cmp	r4, #16
 753 0020 28BF     		it	cs
 754 0022 1024     		movcs	r4, #16
 755              	.LBB106:
 756              	.LBB107:
2402:/home/min/snap/code/235/.local/share/stm32cube/bundles/gnu-tools-for-stm32/14.3.1+st.2/lib/gcc/arm-none-eabi/14.3.1/include/arm_mve.h **** }
 757              		.loc 2 2402 10 view .LVU231
 758 0024 1846     		mov	r0, r3
 759              	.LVL63:
2402:/home/min/snap/code/235/.local/share/stm32cube/bundles/gnu-tools-for-stm32/14.3.1+st.2/lib/gcc/arm-none-eabi/14.3.1/include/arm_mve.h **** }
 760              		.loc 2 2402 10 view .LVU232
 761              	.LBE107:
 762              	.LBE106:
 763              	.LBB110:
 764              	.LBB111:
 818:/home/min/snap/code/235/.local/share/stm32cube/bundles/gnu-tools-for-stm32/14.3.1+st.2/lib/gcc/arm-none-eabi/14.3.1/include/arm_mve.h **** }
 765              		.loc 2 818 10 view .LVU233
 766 0026 04F001E8 		vctp.8	r4
 767              	.LBE111:
 768              	.LBE110:
 769              	.LBB114:
 770              	.LBB108:
2402:/home/min/snap/code/235/.local/share/stm32cube/bundles/gnu-tools-for-stm32/14.3.1+st.2/lib/gcc/arm-none-eabi/14.3.1/include/arm_mve.h **** }
ARM GAS  /tmp/cc1JbEzq.s 			page 79


 771              		.loc 2 2402 10 view .LVU234
 772 002a 01EE6E4F 		vidup.u8	q2, r0, #1
 773              	.LBE108:
 774              	.LBE114:
 138:../../Middlewares/stm32-vision-models-postprocessing/lib_vision_models_pp/Src/vision_models_pp_maxi_iu8.c ****     uint8x16_t   u8x16_max_idx = vdupq_n_u8(0);
 775              		.loc 1 138 34 view .LVU235
 776 002e E6EE103B 		vdup.8	q3, r3
 777              	.LVL64:
 139:../../Middlewares/stm32-vision-models-postprocessing/lib_vision_models_pp/Src/vision_models_pp_maxi_iu8.c **** 
 778              		.loc 1 139 5 is_stmt 1 view .LVU236
 141:../../Middlewares/stm32-vision-models-postprocessing/lib_vision_models_pp/Src/vision_models_pp_maxi_iu8.c ****     mve_pred16_t p = vctp8q(parallelize);
 779              		.loc 1 141 5 view .LVU237
 142:../../Middlewares/stm32-vision-models-postprocessing/lib_vision_models_pp/Src/vision_models_pp_maxi_iu8.c **** 
 780              		.loc 1 142 5 view .LVU238
 781              	.LBB115:
 782              	.LBI110:
 816:/home/min/snap/code/235/.local/share/stm32cube/bundles/gnu-tools-for-stm32/14.3.1+st.2/lib/gcc/arm-none-eabi/14.3.1/include/arm_mve.h **** {
 783              		.loc 2 816 1 view .LVU239
 784              	.LBB112:
 818:/home/min/snap/code/235/.local/share/stm32cube/bundles/gnu-tools-for-stm32/14.3.1+st.2/lib/gcc/arm-none-eabi/14.3.1/include/arm_mve.h **** }
 785              		.loc 2 818 3 view .LVU240
 786              	.LBE112:
 787              	.LBE115:
 145:../../Middlewares/stm32-vision-models-postprocessing/lib_vision_models_pp/Src/vision_models_pp_maxi_iu8.c **** 
 788              		.loc 1 145 48 is_stmt 0 discriminator 1 view .LVU241
 789 0032 E0EE107B 		vdup.8	q0, r7
 790              	.LBB116:
 791              	.LBB113:
 818:/home/min/snap/code/235/.local/share/stm32cube/bundles/gnu-tools-for-stm32/14.3.1+st.2/lib/gcc/arm-none-eabi/14.3.1/include/arm_mve.h **** }
 792              		.loc 2 818 10 view .LVU242
 793 0036 FDEE102A 		vmrs	r2, p0	@ movhi
 794              	.LVL65:
 818:/home/min/snap/code/235/.local/share/stm32cube/bundles/gnu-tools-for-stm32/14.3.1+st.2/lib/gcc/arm-none-eabi/14.3.1/include/arm_mve.h **** }
 795              		.loc 2 818 10 view .LVU243
 796              	.LBE113:
 797              	.LBE116:
 144:../../Middlewares/stm32-vision-models-postprocessing/lib_vision_models_pp/Src/vision_models_pp_maxi_iu8.c ****     uint8x16_t u8x16_offset = vidupq_n_u8(0,1) * (uint8_t)offset;
 798              		.loc 1 144 5 is_stmt 1 view .LVU244
 145:../../Middlewares/stm32-vision-models-postprocessing/lib_vision_models_pp/Src/vision_models_pp_maxi_iu8.c **** 
 799              		.loc 1 145 5 view .LVU245
 800              	.LBB117:
 801              	.LBI106:
2400:/home/min/snap/code/235/.local/share/stm32cube/bundles/gnu-tools-for-stm32/14.3.1+st.2/lib/gcc/arm-none-eabi/14.3.1/include/arm_mve.h **** {
 802              		.loc 2 2400 1 view .LVU246
 803              	.LBB109:
2402:/home/min/snap/code/235/.local/share/stm32cube/bundles/gnu-tools-for-stm32/14.3.1+st.2/lib/gcc/arm-none-eabi/14.3.1/include/arm_mve.h **** }
 804              		.loc 2 2402 3 view .LVU247
2402:/home/min/snap/code/235/.local/share/stm32cube/bundles/gnu-tools-for-stm32/14.3.1+st.2/lib/gcc/arm-none-eabi/14.3.1/include/arm_mve.h **** }
 805              		.loc 2 2402 3 is_stmt 0 view .LVU248
 806              	.LBE109:
 807              	.LBE117:
 145:../../Middlewares/stm32-vision-models-postprocessing/lib_vision_models_pp/Src/vision_models_pp_maxi_iu8.c **** 
 808              		.loc 1 145 16 discriminator 1 view .LVU249
 809 003a 00EF5409 		vmul.i8	q0, q0, q2
 810              	.LVL66:
 147:../../Middlewares/stm32-vision-models-postprocessing/lib_vision_models_pp/Src/vision_models_pp_maxi_iu8.c ****     {
 811              		.loc 1 147 5 is_stmt 1 view .LVU250
ARM GAS  /tmp/cc1JbEzq.s 			page 80


 812              	.LBB118:
 147:../../Middlewares/stm32-vision-models-postprocessing/lib_vision_models_pp/Src/vision_models_pp_maxi_iu8.c ****     {
 813              		.loc 1 147 10 view .LVU251
 147:../../Middlewares/stm32-vision-models-postprocessing/lib_vision_models_pp/Src/vision_models_pp_maxi_iu8.c ****     {
 814              		.loc 1 147 10 is_stmt 0 view .LVU252
 815              	.LBE118:
 144:../../Middlewares/stm32-vision-models-postprocessing/lib_vision_models_pp/Src/vision_models_pp_maxi_iu8.c ****     uint8x16_t u8x16_offset = vidupq_n_u8(0,1) * (uint8_t)offset;
 816              		.loc 1 144 28 view .LVU253
 817 003e 26EF5621 		vmov	q1, q3
 139:../../Middlewares/stm32-vision-models-postprocessing/lib_vision_models_pp/Src/vision_models_pp_maxi_iu8.c **** 
 818              		.loc 1 139 34 view .LVU254
 819 0042 26EF5641 		vmov	q2, q3
 820              	.LBB125:
 821              	.LBB119:
 159:../../Middlewares/stm32-vision-models-postprocessing/lib_vision_models_pp/Src/vision_models_pp_maxi_iu8.c **** 
 822              		.loc 1 159 16 view .LVU255
 823 0046 80EF51AE 		vmov.i8	q5, #0x1  @ v16qi
 824              	.LBB120:
 825              	.LBB121:
1453:/home/min/snap/code/235/.local/share/stm32cube/bundles/gnu-tools-for-stm32/14.3.1+st.2/lib/gcc/arm-none-eabi/14.3.1/include/arm_mve.h **** }
 826              		.loc 2 1453 10 view .LVU256
 827 004a 90B2     		uxth	r0, r2
 828              	.LVL67:
 829              	.L17:
1453:/home/min/snap/code/235/.local/share/stm32cube/bundles/gnu-tools-for-stm32/14.3.1+st.2/lib/gcc/arm-none-eabi/14.3.1/include/arm_mve.h **** }
 830              		.loc 2 1453 10 view .LVU257
 831 004c D9B2     		uxtb	r1, r3
 832              	.LBE121:
 833              	.LBE120:
 834              	.LBE119:
 147:../../Middlewares/stm32-vision-models-postprocessing/lib_vision_models_pp/Src/vision_models_pp_maxi_iu8.c ****     {
 835              		.loc 1 147 27 discriminator 1 view .LVU258
 836 004e 8A45     		cmp	r10, r1
 837 0050 09EB0304 		add	r4, r9, r3
 838              	.LVL68:
 147:../../Middlewares/stm32-vision-models-postprocessing/lib_vision_models_pp/Src/vision_models_pp_maxi_iu8.c ****     {
 839              		.loc 1 147 27 is_stmt 1 discriminator 1 view .LVU259
 840 0054 03F10103 		add	r3, r3, #1
 841              	.LVL69:
 147:../../Middlewares/stm32-vision-models-postprocessing/lib_vision_models_pp/Src/vision_models_pp_maxi_iu8.c ****     {
 842              		.loc 1 147 27 is_stmt 0 discriminator 1 view .LVU260
 843 0058 0FD8     		bhi	.L18
 147:../../Middlewares/stm32-vision-models-postprocessing/lib_vision_models_pp/Src/vision_models_pp_maxi_iu8.c ****     {
 844              		.loc 1 147 27 discriminator 1 view .LVU261
 845              	.LBE125:
 162:../../Middlewares/stm32-vision-models-postprocessing/lib_vision_models_pp/Src/vision_models_pp_maxi_iu8.c ****     vstrbq_p_u8(maxim,u8x16_max_val,p);
 846              		.loc 1 162 5 is_stmt 1 view .LVU262
 847              	.LVL70:
 848              	.LBB126:
 849              	.LBI126:
1353:/home/min/snap/code/235/.local/share/stm32cube/bundles/gnu-tools-for-stm32/14.3.1+st.2/lib/gcc/arm-none-eabi/14.3.1/include/arm_mve.h **** {
 850              		.loc 2 1353 1 view .LVU263
 851              	.LBB127:
1355:/home/min/snap/code/235/.local/share/stm32cube/bundles/gnu-tools-for-stm32/14.3.1+st.2/lib/gcc/arm-none-eabi/14.3.1/include/arm_mve.h **** }
 852              		.loc 2 1355 3 view .LVU264
 853 005a EDEE102A 		vmsr	p0, r2	@ movhi
 854 005e 189B     		ldr	r3, [sp, #96]
ARM GAS  /tmp/cc1JbEzq.s 			page 81


 855              	.LVL71:
1355:/home/min/snap/code/235/.local/share/stm32cube/bundles/gnu-tools-for-stm32/14.3.1+st.2/lib/gcc/arm-none-eabi/14.3.1/include/arm_mve.h **** }
 856              		.loc 2 1355 3 is_stmt 0 view .LVU265
 857 0060 71FE4D0F 		vpst
 858 0064 83ED005E 		vstrbt.8	q2, [r3]
 859              	.LVL72:
1355:/home/min/snap/code/235/.local/share/stm32cube/bundles/gnu-tools-for-stm32/14.3.1+st.2/lib/gcc/arm-none-eabi/14.3.1/include/arm_mve.h **** }
 860              		.loc 2 1355 3 view .LVU266
 861              	.LBE127:
 862              	.LBE126:
 163:../../Middlewares/stm32-vision-models-postprocessing/lib_vision_models_pp/Src/vision_models_pp_maxi_iu8.c ****   } else {
 863              		.loc 1 163 5 is_stmt 1 view .LVU267
 864              	.LBB128:
 865              	.LBI128:
1353:/home/min/snap/code/235/.local/share/stm32cube/bundles/gnu-tools-for-stm32/14.3.1+st.2/lib/gcc/arm-none-eabi/14.3.1/include/arm_mve.h **** {
 866              		.loc 2 1353 1 view .LVU268
 867              	.LBB129:
1355:/home/min/snap/code/235/.local/share/stm32cube/bundles/gnu-tools-for-stm32/14.3.1+st.2/lib/gcc/arm-none-eabi/14.3.1/include/arm_mve.h **** }
 868              		.loc 2 1355 3 view .LVU269
 869 0068 71FE4D0F 		vpst
 870 006c 86ED007E 		vstrbt.8	q3, [r6]
 871              	.LVL73:
 872              	.L15:
1355:/home/min/snap/code/235/.local/share/stm32cube/bundles/gnu-tools-for-stm32/14.3.1+st.2/lib/gcc/arm-none-eabi/14.3.1/include/arm_mve.h **** }
 873              		.loc 2 1355 3 is_stmt 0 view .LVU270
 874              	.LBE129:
 875              	.LBE128:
 876              	.LBE105:
 214:../../Middlewares/stm32-vision-models-postprocessing/lib_vision_models_pp/Src/vision_models_pp_maxi_iu8.c **** void vision_models_maxi_p_iu8ou16(uint8_t *arr, uint32_t len_arr, uint32_t offset, uint8_t *maxim, 
 877              		.loc 1 214 1 view .LVU271
 878 0070 07B0     		add	sp, sp, #28
 879              		.cfi_remember_state
 880              		.cfi_def_cfa_offset 68
 881              		@ sp needed
 882 0072 BDEC088B 		vldm	sp!, {d8-d11}
 883              		.cfi_restore 86
 884              		.cfi_restore 87
 885              		.cfi_restore 84
 886              		.cfi_restore 85
 887              		.cfi_restore 82
 888              		.cfi_restore 83
 889              		.cfi_restore 80
 890              		.cfi_restore 81
 891              		.cfi_def_cfa_offset 36
 892 0076 BDE8F08F 		pop	{r4, r5, r6, r7, r8, r9, r10, fp, pc}
 893              	.LVL74:
 894              	.L18:
 895              		.cfi_restore_state
 896              	.LBB131:
 897              	.LBB130:
 898              	.LBB124:
 150:../../Middlewares/stm32-vision-models-postprocessing/lib_vision_models_pp/Src/vision_models_pp_maxi_iu8.c ****       arr++;
 899              		.loc 1 150 7 is_stmt 1 view .LVU272
 900              	.LBB123:
 901              	.LBI120:
1451:/home/min/snap/code/235/.local/share/stm32cube/bundles/gnu-tools-for-stm32/14.3.1+st.2/lib/gcc/arm-none-eabi/14.3.1/include/arm_mve.h **** {
 902              		.loc 2 1451 1 view .LVU273
ARM GAS  /tmp/cc1JbEzq.s 			page 82


 903              	.LBB122:
1453:/home/min/snap/code/235/.local/share/stm32cube/bundles/gnu-tools-for-stm32/14.3.1+st.2/lib/gcc/arm-none-eabi/14.3.1/include/arm_mve.h **** }
 904              		.loc 2 1453 3 view .LVU274
1453:/home/min/snap/code/235/.local/share/stm32cube/bundles/gnu-tools-for-stm32/14.3.1+st.2/lib/gcc/arm-none-eabi/14.3.1/include/arm_mve.h **** }
 905              		.loc 2 1453 10 is_stmt 0 view .LVU275
 906 007a EDEE100A 		vmsr	p0, r0	@ movhi
 907 007e 71FE4D0F 		vpst
 908 0082 94FC008E 		vldrbt.u8	q4, [r4, q0]
 909              	.LVL75:
1453:/home/min/snap/code/235/.local/share/stm32cube/bundles/gnu-tools-for-stm32/14.3.1+st.2/lib/gcc/arm-none-eabi/14.3.1/include/arm_mve.h **** }
 910              		.loc 2 1453 10 view .LVU276
 911              	.LBE122:
 912              	.LBE123:
 151:../../Middlewares/stm32-vision-models-postprocessing/lib_vision_models_pp/Src/vision_models_pp_maxi_iu8.c ****       // Compare according to p to create p0
 913              		.loc 1 151 7 is_stmt 1 view .LVU277
 153:../../Middlewares/stm32-vision-models-postprocessing/lib_vision_models_pp/Src/vision_models_pp_maxi_iu8.c **** 
 914              		.loc 1 153 7 view .LVU278
 153:../../Middlewares/stm32-vision-models-postprocessing/lib_vision_models_pp/Src/vision_models_pp_maxi_iu8.c **** 
 915              		.loc 1 153 25 is_stmt 0 view .LVU279
 916 0086 71FE4D0F 		vpst
 917 008a 09FE870F 		vcmpt.u8	hi, q4, q3
 918              	.LVL76:
 156:../../Middlewares/stm32-vision-models-postprocessing/lib_vision_models_pp/Src/vision_models_pp_maxi_iu8.c ****       /* according to p0: store per-lane extrema indexes*/
 919              		.loc 1 156 7 is_stmt 1 view .LVU280
 158:../../Middlewares/stm32-vision-models-postprocessing/lib_vision_models_pp/Src/vision_models_pp_maxi_iu8.c ****       u8x16_idx+=1;
 920              		.loc 1 158 23 is_stmt 0 view .LVU281
 921 008e 33FE054F 		vpsel	q2, q1, q2
 922              	.LVL77:
 156:../../Middlewares/stm32-vision-models-postprocessing/lib_vision_models_pp/Src/vision_models_pp_maxi_iu8.c ****       /* according to p0: store per-lane extrema indexes*/
 923              		.loc 1 156 23 view .LVU282
 924 0092 39FE076F 		vpsel	q3, q4, q3
 925              	.LVL78:
 158:../../Middlewares/stm32-vision-models-postprocessing/lib_vision_models_pp/Src/vision_models_pp_maxi_iu8.c ****       u8x16_idx+=1;
 926              		.loc 1 158 7 is_stmt 1 view .LVU283
 159:../../Middlewares/stm32-vision-models-postprocessing/lib_vision_models_pp/Src/vision_models_pp_maxi_iu8.c **** 
 927              		.loc 1 159 7 view .LVU284
 159:../../Middlewares/stm32-vision-models-postprocessing/lib_vision_models_pp/Src/vision_models_pp_maxi_iu8.c **** 
 928              		.loc 1 159 16 is_stmt 0 view .LVU285
 929 0096 02EF4A28 		vadd.i8	q1, q1, q5
 930              	.LVL79:
 159:../../Middlewares/stm32-vision-models-postprocessing/lib_vision_models_pp/Src/vision_models_pp_maxi_iu8.c **** 
 931              		.loc 1 159 16 view .LVU286
 932              	.LBE124:
 147:../../Middlewares/stm32-vision-models-postprocessing/lib_vision_models_pp/Src/vision_models_pp_maxi_iu8.c ****     {
 933              		.loc 1 147 39 is_stmt 1 discriminator 3 view .LVU287
 147:../../Middlewares/stm32-vision-models-postprocessing/lib_vision_models_pp/Src/vision_models_pp_maxi_iu8.c ****     {
 934              		.loc 1 147 39 is_stmt 0 discriminator 3 view .LVU288
 935 009a D7E7     		b	.L17
 936              	.LVL80:
 937              	.L16:
 147:../../Middlewares/stm32-vision-models-postprocessing/lib_vision_models_pp/Src/vision_models_pp_maxi_iu8.c ****     {
 938              		.loc 1 147 39 discriminator 3 view .LVU289
 939              	.LBE130:
 940              	.LBE131:
 941              	.LBB132:
 165:../../Middlewares/stm32-vision-models-postprocessing/lib_vision_models_pp/Src/vision_models_pp_maxi_iu8.c ****     uint16_t _parallelize = MIN(8,parallelize);
 942              		.loc 1 165 5 is_stmt 1 view .LVU290
ARM GAS  /tmp/cc1JbEzq.s 			page 83


 166:../../Middlewares/stm32-vision-models-postprocessing/lib_vision_models_pp/Src/vision_models_pp_maxi_iu8.c ****     vision_models_maxi_p_iu8ou16(arr,len_arr,offset,maxim,_tmpIdx,_parallelize);
 943              		.loc 1 166 5 view .LVU291
 166:../../Middlewares/stm32-vision-models-postprocessing/lib_vision_models_pp/Src/vision_models_pp_maxi_iu8.c ****     vision_models_maxi_p_iu8ou16(arr,len_arr,offset,maxim,_tmpIdx,_parallelize);
 944              		.loc 1 166 29 is_stmt 0 view .LVU292
 945 009c 082C     		cmp	r4, #8
 946 009e 2546     		mov	r5, r4
 947 00a0 28BF     		it	cs
 948 00a2 0825     		movcs	r5, #8
 949              	.LVL81:
 167:../../Middlewares/stm32-vision-models-postprocessing/lib_vision_models_pp/Src/vision_models_pp_maxi_iu8.c ****     maxim+=_parallelize;
 950              		.loc 1 167 5 is_stmt 1 view .LVU293
 951 00a4 0DF1080B 		add	fp, sp, #8
 952 00a8 0195     		str	r5, [sp, #4]
 953 00aa CDF800B0 		str	fp, [sp]
 954 00ae FFF7FEFF 		bl	vision_models_maxi_p_iu8ou16
 955              	.LVL82:
 168:../../Middlewares/stm32-vision-models-postprocessing/lib_vision_models_pp/Src/vision_models_pp_maxi_iu8.c ****     for ( int i = 0; i < _parallelize; i++) {
 956              		.loc 1 168 5 view .LVU294
 957 00b2 002D     		cmp	r5, #0
 958 00b4 05F1010E 		add	lr, r5, #1
 959 00b8 B8BF     		it	lt
 960 00ba 4FF0010E 		movlt	lr, #1
 961 00be D846     		mov	r8, fp
 962              	.LBB133:
 169:../../Middlewares/stm32-vision-models-postprocessing/lib_vision_models_pp/Src/vision_models_pp_maxi_iu8.c ****       *index++ = _tmpIdx[i];
 963              		.loc 1 169 5 is_stmt 0 view .LVU295
 964 00c0 5946     		mov	r1, fp
 965              	.LVL83:
 169:../../Middlewares/stm32-vision-models-postprocessing/lib_vision_models_pp/Src/vision_models_pp_maxi_iu8.c ****       *index++ = _tmpIdx[i];
 966              		.loc 1 169 5 view .LVU296
 967 00c2 4EF001E0 		dls	lr, lr
 968 00c6 189A     		ldr	r2, [sp, #96]
 969              	.LBE133:
 168:../../Middlewares/stm32-vision-models-postprocessing/lib_vision_models_pp/Src/vision_models_pp_maxi_iu8.c ****     for ( int i = 0; i < _parallelize; i++) {
 970              		.loc 1 168 10 view .LVU297
 971 00c8 2B44     		add	r3, r3, r5
 972              	.LVL84:
 169:../../Middlewares/stm32-vision-models-postprocessing/lib_vision_models_pp/Src/vision_models_pp_maxi_iu8.c ****       *index++ = _tmpIdx[i];
 973              		.loc 1 169 5 is_stmt 1 view .LVU298
 974              	.LBB134:
 169:../../Middlewares/stm32-vision-models-postprocessing/lib_vision_models_pp/Src/vision_models_pp_maxi_iu8.c ****       *index++ = _tmpIdx[i];
 975              		.loc 1 169 11 view .LVU299
 976              	.L20:
 169:../../Middlewares/stm32-vision-models-postprocessing/lib_vision_models_pp/Src/vision_models_pp_maxi_iu8.c ****       *index++ = _tmpIdx[i];
 977              		.loc 1 169 24 discriminator 1 view .LVU300
 978 00ca BEF1010E 		subs	lr, #1;bne	.L21
 978      1CD1
 979 00d0 189A     		ldr	r2, [sp, #96]
 980              	.LVL85:
 169:../../Middlewares/stm32-vision-models-postprocessing/lib_vision_models_pp/Src/vision_models_pp_maxi_iu8.c ****       *index++ = _tmpIdx[i];
 981              		.loc 1 169 24 is_stmt 0 discriminator 1 view .LVU301
 982              	.LBE134:
 174:../../Middlewares/stm32-vision-models-postprocessing/lib_vision_models_pp/Src/vision_models_pp_maxi_iu8.c ****     for (uint32_t i = 0; i < parallelize; i++) {
 983              		.loc 1 174 5 view .LVU302
 984 00d2 5146     		mov	r1, r10
 985 00d4 AE18     		adds	r6, r5, r2
 172:../../Middlewares/stm32-vision-models-postprocessing/lib_vision_models_pp/Src/vision_models_pp_maxi_iu8.c ****     arr+=_parallelize*offset;
ARM GAS  /tmp/cc1JbEzq.s 			page 84


 986              		.loc 1 172 5 is_stmt 1 view .LVU303
 987              	.LVL86:
 173:../../Middlewares/stm32-vision-models-postprocessing/lib_vision_models_pp/Src/vision_models_pp_maxi_iu8.c ****     vision_models_maxi_p_iu8ou16(arr,len_arr,offset,maxim,_tmpIdx,parallelize);
 988              		.loc 1 173 5 view .LVU304
 174:../../Middlewares/stm32-vision-models-postprocessing/lib_vision_models_pp/Src/vision_models_pp_maxi_iu8.c ****     for (uint32_t i = 0; i < parallelize; i++) {
 989              		.loc 1 174 5 view .LVU305
 172:../../Middlewares/stm32-vision-models-postprocessing/lib_vision_models_pp/Src/vision_models_pp_maxi_iu8.c ****     arr+=_parallelize*offset;
 990              		.loc 1 172 16 is_stmt 0 view .LVU306
 991 00d6 621B     		subs	r2, r4, r5
 992              	.LVL87:
 174:../../Middlewares/stm32-vision-models-postprocessing/lib_vision_models_pp/Src/vision_models_pp_maxi_iu8.c ****     for (uint32_t i = 0; i < parallelize; i++) {
 993              		.loc 1 174 5 view .LVU307
 994 00d8 CDE900B2 		strd	fp, r2, [sp]
 995 00dc 07FB0590 		mla	r0, r7, r5, r9
 996              	.LVL88:
 174:../../Middlewares/stm32-vision-models-postprocessing/lib_vision_models_pp/Src/vision_models_pp_maxi_iu8.c ****     for (uint32_t i = 0; i < parallelize; i++) {
 997              		.loc 1 174 5 view .LVU308
 998 00e0 3A46     		mov	r2, r7
 999              	.LVL89:
 174:../../Middlewares/stm32-vision-models-postprocessing/lib_vision_models_pp/Src/vision_models_pp_maxi_iu8.c ****     for (uint32_t i = 0; i < parallelize; i++) {
 1000              		.loc 1 174 5 view .LVU309
 1001 00e2 FFF7FEFF 		bl	vision_models_maxi_p_iu8ou16
 1002              	.LVL90:
 175:../../Middlewares/stm32-vision-models-postprocessing/lib_vision_models_pp/Src/vision_models_pp_maxi_iu8.c ****       *index++ = _tmpIdx[i];
 1003              		.loc 1 175 5 is_stmt 1 view .LVU310
 1004              	.LBB135:
 175:../../Middlewares/stm32-vision-models-postprocessing/lib_vision_models_pp/Src/vision_models_pp_maxi_iu8.c ****       *index++ = _tmpIdx[i];
 1005              		.loc 1 175 10 view .LVU311
 175:../../Middlewares/stm32-vision-models-postprocessing/lib_vision_models_pp/Src/vision_models_pp_maxi_iu8.c ****       *index++ = _tmpIdx[i];
 1006              		.loc 1 175 10 is_stmt 0 view .LVU312
 1007 00e6 189B     		ldr	r3, [sp, #96]
 1008              	.LVL91:
 175:../../Middlewares/stm32-vision-models-postprocessing/lib_vision_models_pp/Src/vision_models_pp_maxi_iu8.c ****       *index++ = _tmpIdx[i];
 1009              		.loc 1 175 10 view .LVU313
 1010 00e8 04EB030E 		add	lr, r4, r3
 1011 00ec AEEB060E 		sub	lr, lr, r6
 1012 00f0 0EF1010E 		add	lr, lr, #1
 1013 00f4 4EF001E0 		dls	lr, lr
 1014              	.LVL92:
 1015              	.L22:
 175:../../Middlewares/stm32-vision-models-postprocessing/lib_vision_models_pp/Src/vision_models_pp_maxi_iu8.c ****       *index++ = _tmpIdx[i];
 1016              		.loc 1 175 28 is_stmt 1 discriminator 1 view .LVU314
 1017 00f8 BEF1010E 		subs	lr, #1;bne	.L23
 1017      00D1
 1018 00fe B7E7     		b	.L15
 1019              	.L23:
 176:../../Middlewares/stm32-vision-models-postprocessing/lib_vision_models_pp/Src/vision_models_pp_maxi_iu8.c ****     }
 1020              		.loc 1 176 7 view .LVU315
 176:../../Middlewares/stm32-vision-models-postprocessing/lib_vision_models_pp/Src/vision_models_pp_maxi_iu8.c ****     }
 1021              		.loc 1 176 25 is_stmt 0 view .LVU316
 1022 0100 38F8023B 		ldrh	r3, [r8], #2
 1023              	.LVL93:
 176:../../Middlewares/stm32-vision-models-postprocessing/lib_vision_models_pp/Src/vision_models_pp_maxi_iu8.c ****     }
 1024              		.loc 1 176 16 view .LVU317
 1025 0104 06F8013B 		strb	r3, [r6], #1
 1026              	.LVL94:
 175:../../Middlewares/stm32-vision-models-postprocessing/lib_vision_models_pp/Src/vision_models_pp_maxi_iu8.c ****       *index++ = _tmpIdx[i];
ARM GAS  /tmp/cc1JbEzq.s 			page 85


 1027              		.loc 1 175 44 is_stmt 1 discriminator 3 view .LVU318
 175:../../Middlewares/stm32-vision-models-postprocessing/lib_vision_models_pp/Src/vision_models_pp_maxi_iu8.c ****       *index++ = _tmpIdx[i];
 1028              		.loc 1 175 44 is_stmt 0 discriminator 3 view .LVU319
 1029 0108 F6E7     		b	.L22
 1030              	.LVL95:
 1031              	.L21:
 175:../../Middlewares/stm32-vision-models-postprocessing/lib_vision_models_pp/Src/vision_models_pp_maxi_iu8.c ****       *index++ = _tmpIdx[i];
 1032              		.loc 1 175 44 discriminator 3 view .LVU320
 1033              	.LBE135:
 1034              	.LBB136:
 170:../../Middlewares/stm32-vision-models-postprocessing/lib_vision_models_pp/Src/vision_models_pp_maxi_iu8.c ****     }
 1035              		.loc 1 170 7 is_stmt 1 view .LVU321
 170:../../Middlewares/stm32-vision-models-postprocessing/lib_vision_models_pp/Src/vision_models_pp_maxi_iu8.c ****     }
 1036              		.loc 1 170 25 is_stmt 0 view .LVU322
 1037 010a 31F8020B 		ldrh	r0, [r1], #2
 1038              	.LVL96:
 170:../../Middlewares/stm32-vision-models-postprocessing/lib_vision_models_pp/Src/vision_models_pp_maxi_iu8.c ****     }
 1039              		.loc 1 170 16 view .LVU323
 1040 010e 02F8010B 		strb	r0, [r2], #1
 1041              	.LVL97:
 169:../../Middlewares/stm32-vision-models-postprocessing/lib_vision_models_pp/Src/vision_models_pp_maxi_iu8.c ****       *index++ = _tmpIdx[i];
 1042              		.loc 1 169 41 is_stmt 1 discriminator 3 view .LVU324
 1043 0112 DAE7     		b	.L20
 1044              	.LBE136:
 1045              	.LBE132:
 1046              		.cfi_endproc
 1047              	.LFE779:
 1049              		.section	.text.vision_models_maxi_iu8ou32,"ax",%progbits
 1050              		.align	1
 1051              		.global	vision_models_maxi_iu8ou32
 1052              		.syntax unified
 1053              		.thumb
 1054              		.thumb_func
 1056              	vision_models_maxi_iu8ou32:
 1057              	.LVL98:
 1058              	.LFB781:
 264:../../Middlewares/stm32-vision-models-postprocessing/lib_vision_models_pp/Src/vision_models_pp_maxi_iu8.c **** 
 265:../../Middlewares/stm32-vision-models-postprocessing/lib_vision_models_pp/Src/vision_models_pp_maxi_iu8.c **** void vision_models_maxi_iu8ou32(uint8_t *arr, uint32_t len_arr, uint8_t *maxim, uint32_t *index)
 266:../../Middlewares/stm32-vision-models-postprocessing/lib_vision_models_pp/Src/vision_models_pp_maxi_iu8.c **** {
 1059              		.loc 1 266 1 view -0
 1060              		.cfi_startproc
 1061              		@ args = 0, pretend = 0, frame = 0
 1062              		@ frame_needed = 0, uses_anonymous_args = 0
 267:../../Middlewares/stm32-vision-models-postprocessing/lib_vision_models_pp/Src/vision_models_pp_maxi_iu8.c ****   *index = 0;
 1063              		.loc 1 267 3 view .LVU326
 266:../../Middlewares/stm32-vision-models-postprocessing/lib_vision_models_pp/Src/vision_models_pp_maxi_iu8.c ****   *index = 0;
 1064              		.loc 1 266 1 is_stmt 0 view .LVU327
 1065 0000 70B5     		push	{r4, r5, r6, lr}
 1066              		.cfi_def_cfa_offset 16
 1067              		.cfi_offset 4, -16
 1068              		.cfi_offset 5, -12
 1069              		.cfi_offset 6, -8
 1070              		.cfi_offset 14, -4
 1071              		.loc 1 267 10 view .LVU328
 1072 0002 0024     		movs	r4, #0
 1073 0004 1C60     		str	r4, [r3]
 268:../../Middlewares/stm32-vision-models-postprocessing/lib_vision_models_pp/Src/vision_models_pp_maxi_iu8.c ****   *maxim = arr[0];
ARM GAS  /tmp/cc1JbEzq.s 			page 86


 1074              		.loc 1 268 3 is_stmt 1 view .LVU329
 1075              		.loc 1 268 15 is_stmt 0 view .LVU330
 1076 0006 0478     		ldrb	r4, [r0]	@ zero_extendqisi2
 1077 0008 0029     		cmp	r1, #0
 1078              		.loc 1 268 10 view .LVU331
 1079 000a 1470     		strb	r4, [r2]
 269:../../Middlewares/stm32-vision-models-postprocessing/lib_vision_models_pp/Src/vision_models_pp_maxi_iu8.c **** 
 270:../../Middlewares/stm32-vision-models-postprocessing/lib_vision_models_pp/Src/vision_models_pp_maxi_iu8.c ****   for (uint32_t i = 1; i < len_arr; i++)
 1080              		.loc 1 270 3 is_stmt 1 view .LVU332
 1081              	.LBB137:
 1082              		.loc 1 270 8 view .LVU333
 1083              	.LVL99:
 1084              		.loc 1 270 17 is_stmt 0 view .LVU334
 1085 000c 4FF00104 		mov	r4, #1
 1086 0010 14BF     		ite	ne
 1087 0012 0D46     		movne	r5, r1
 1088 0014 2546     		moveq	r5, r4
 1089              	.LVL100:
 1090              	.L26:
 1091              		.loc 1 270 26 is_stmt 1 discriminator 1 view .LVU335
 1092 0016 013D     		subs	r5, r5, #1
 1093 0018 00D1     		bne	.L28
 1094              	.LBE137:
 271:../../Middlewares/stm32-vision-models-postprocessing/lib_vision_models_pp/Src/vision_models_pp_maxi_iu8.c ****   {
 272:../../Middlewares/stm32-vision-models-postprocessing/lib_vision_models_pp/Src/vision_models_pp_maxi_iu8.c ****     if (arr[i] > *maxim)
 273:../../Middlewares/stm32-vision-models-postprocessing/lib_vision_models_pp/Src/vision_models_pp_maxi_iu8.c ****     {
 274:../../Middlewares/stm32-vision-models-postprocessing/lib_vision_models_pp/Src/vision_models_pp_maxi_iu8.c ****       *maxim = arr[i];
 275:../../Middlewares/stm32-vision-models-postprocessing/lib_vision_models_pp/Src/vision_models_pp_maxi_iu8.c ****       *index = i;
 276:../../Middlewares/stm32-vision-models-postprocessing/lib_vision_models_pp/Src/vision_models_pp_maxi_iu8.c ****     }
 277:../../Middlewares/stm32-vision-models-postprocessing/lib_vision_models_pp/Src/vision_models_pp_maxi_iu8.c ****   }
 278:../../Middlewares/stm32-vision-models-postprocessing/lib_vision_models_pp/Src/vision_models_pp_maxi_iu8.c **** }
 1095              		.loc 1 278 1 is_stmt 0 view .LVU336
 1096 001a 70BD     		pop	{r4, r5, r6, pc}
 1097              	.LVL101:
 1098              	.L28:
 1099              	.LBB138:
 272:../../Middlewares/stm32-vision-models-postprocessing/lib_vision_models_pp/Src/vision_models_pp_maxi_iu8.c ****     {
 1100              		.loc 1 272 5 is_stmt 1 view .LVU337
 272:../../Middlewares/stm32-vision-models-postprocessing/lib_vision_models_pp/Src/vision_models_pp_maxi_iu8.c ****     {
 1101              		.loc 1 272 12 is_stmt 0 view .LVU338
 1102 001c 015D     		ldrb	r1, [r0, r4]	@ zero_extendqisi2
 272:../../Middlewares/stm32-vision-models-postprocessing/lib_vision_models_pp/Src/vision_models_pp_maxi_iu8.c ****     {
 1103              		.loc 1 272 8 view .LVU339
 1104 001e 1678     		ldrb	r6, [r2]	@ zero_extendqisi2
 1105 0020 8E42     		cmp	r6, r1
 274:../../Middlewares/stm32-vision-models-postprocessing/lib_vision_models_pp/Src/vision_models_pp_maxi_iu8.c ****       *index = i;
 1106              		.loc 1 274 7 is_stmt 1 view .LVU340
 274:../../Middlewares/stm32-vision-models-postprocessing/lib_vision_models_pp/Src/vision_models_pp_maxi_iu8.c ****       *index = i;
 1107              		.loc 1 274 14 is_stmt 0 view .LVU341
 1108 0022 3CBF     		itt	cc
 1109 0024 1170     		strbcc	r1, [r2]
 275:../../Middlewares/stm32-vision-models-postprocessing/lib_vision_models_pp/Src/vision_models_pp_maxi_iu8.c ****     }
 1110              		.loc 1 275 7 is_stmt 1 view .LVU342
 275:../../Middlewares/stm32-vision-models-postprocessing/lib_vision_models_pp/Src/vision_models_pp_maxi_iu8.c ****     }
 1111              		.loc 1 275 14 is_stmt 0 view .LVU343
 1112 0026 1C60     		strcc	r4, [r3]
 270:../../Middlewares/stm32-vision-models-postprocessing/lib_vision_models_pp/Src/vision_models_pp_maxi_iu8.c ****   {
ARM GAS  /tmp/cc1JbEzq.s 			page 87


 1113              		.loc 1 270 38 is_stmt 1 discriminator 2 view .LVU344
 1114 0028 0134     		adds	r4, r4, #1
 1115              	.LVL102:
 270:../../Middlewares/stm32-vision-models-postprocessing/lib_vision_models_pp/Src/vision_models_pp_maxi_iu8.c ****   {
 1116              		.loc 1 270 38 is_stmt 0 discriminator 2 view .LVU345
 1117 002a F4E7     		b	.L26
 1118              	.LBE138:
 1119              		.cfi_endproc
 1120              	.LFE781:
 1122              		.text
 1123              	.Letext0:
 1124              		.file 3 "/home/min/snap/code/235/.local/share/stm32cube/bundles/gnu-tools-for-stm32/14.3.1+st.2/ar
 1125              		.file 4 "/home/min/snap/code/235/.local/share/stm32cube/bundles/gnu-tools-for-stm32/14.3.1+st.2/ar
 1126              		.file 5 "/home/min/snap/code/235/.local/share/stm32cube/bundles/gnu-tools-for-stm32/14.3.1+st.2/li
ARM GAS  /tmp/cc1JbEzq.s 			page 88


DEFINED SYMBOLS
                            *ABS*:00000000 vision_models_pp_maxi_iu8.c
     /tmp/cc1JbEzq.s:26     .text.vision_models_maxi_iu8ou8:00000000 $t
     /tmp/cc1JbEzq.s:32     .text.vision_models_maxi_iu8ou8:00000000 vision_models_maxi_iu8ou8
     /tmp/cc1JbEzq.s:212    .text.vision_models_maxi_iu8ou16:00000000 $t
     /tmp/cc1JbEzq.s:218    .text.vision_models_maxi_iu8ou16:00000000 vision_models_maxi_iu8ou16
     /tmp/cc1JbEzq.s:473    .text.vision_models_maxi_p_iu8ou16:00000000 $t
     /tmp/cc1JbEzq.s:479    .text.vision_models_maxi_p_iu8ou16:00000000 vision_models_maxi_p_iu8ou16
     /tmp/cc1JbEzq.s:695    .text.vision_models_maxi_p_iu8ou8:00000000 $t
     /tmp/cc1JbEzq.s:701    .text.vision_models_maxi_p_iu8ou8:00000000 vision_models_maxi_p_iu8ou8
     /tmp/cc1JbEzq.s:1050   .text.vision_models_maxi_iu8ou32:00000000 $t
     /tmp/cc1JbEzq.s:1056   .text.vision_models_maxi_iu8ou32:00000000 vision_models_maxi_iu8ou32
                           .group:00000000 wm4.0.0340b1c6b35792986b320b0caf0e6143
                           .group:00000000 wm4.vision_models_pp.h.11.7ec557b595f01374518e44eaad6f267b
                           .group:00000000 wm4.arm_math_types.h.28.9e71aea5cdf6aebdd83091bf39b4832a
                           .group:00000000 wm4._newlib_version.h.4.0eb654b64686e2bd29646258853f6c22
                           .group:00000000 wm4.features.h.33.d554620bb17bd3b714c3fb5c268772bc
                           .group:00000000 wm4._default_types.h.15.247e5cd201eca3442cbf5404108c4935
                           .group:00000000 wm4._intsup.h.10.48bafbb683905c4daa4565a85aeeb264
                           .group:00000000 wm4._stdint.h.10.c24fa3af3bc1706662bb5593a907e841
                           .group:00000000 wm4.stdint.h.23.d53047a68f4a85177f80b422d52785ed
                           .group:00000000 wm4.arm_acle.h.28.a0697f530ff2dbf8c463bef049b82760
                           .group:00000000 wm4.cmsis_gcc.h.39.eba7438bc45fd1a6e6376b63ffe44436
                           .group:00000000 wm4.cmsis_gcc_m.h.24.e590ec51aeda3a1242400351d73f5dce
                           .group:00000000 wm4.newlib.h.7.decd5b9657e2c5df625d9eac6e10520c
                           .group:00000000 wm4.ieeefp.h.77.99029d7b8220a2cd73dd257e2bbe825d
                           .group:00000000 wm4.config.h.224.10ee1ad185d877c6e334e6581faab44d
                           .group:00000000 wm4._ansi.h.31.de524f58584151836e90d8620a16f8e8
                           .group:00000000 wm4.stddef.h.39.811583f327f35b0df7808fda70b062a0
                           .group:00000000 wm4.cdefs.h.49.56fd742369e655e7e8a7e365e706e208
                           .group:00000000 wm4._types.h.20.dd0d04dca3800a0d2a6129b87f3adbb2
                           .group:00000000 wm4.stddef.h.173.4903093a50a8482cb062b176ea61fac3
                           .group:00000000 wm4._types.h.127.3bdfe3ff8ea2d0985b03d9cbe93480e3
                           .group:00000000 wm4.reent.h.18.25503cdc8b7e55dd0d6ea7b3e5af7a03
                           .group:00000000 wm4.lock.h.2.1461d1fff82dffe8bfddc23307f6484f
                           .group:00000000 wm4.reent.h.78.6d702f69a6d6435d2dbe915b10150b1a
                           .group:00000000 wm4.string.h.15.dab3980bf35408a4c507182805e2de3a
                           .group:00000000 wm4.stddef.h.173.1cea4f16a943c8e875db6791959c3141
                           .group:00000000 wm4.string.h.177.59a005921fa78485abc80a0267de5752
                           .group:00000000 wm4.math.h.13.47cfc34cae8a1153323939c4d32cf7c2
                           .group:00000000 wm4.float.h.29.0e9d9baf95ec39f9555dc80c6e28186b
                           .group:00000000 wm4.syslimits.h.34.de5cbd310098bc5895998b6bde577ed2
                           .group:00000000 wm4.limits.h.9.70fb0ada6f71b16202a66baaa6d8ea70
                           .group:00000000 wm4.limits.h.60.56a1ae353e2028a24298ec6463b8b593
                           .group:00000000 wm4.arm_math_types.h.116.3e44bd031718f65bdb345972ddc8cf86
                           .group:00000000 wm4.stdbool.h.29.c08aa3eec75cf5b9b5003883f43253f0
                           .group:00000000 wm4.arm_mve.h.48.53b982d307987e8d8669fd51fdc5e583
                           .group:00000000 wm4.arm_math_types.h.605.32c5d7843b3dcaa8f5174feea7de7445
                           .group:00000000 wm4.arm_math_memory.h.28.3ee75b06517df8378241b72d6c61e5b0
                           .group:00000000 wm4.none.h.185.db055cca83e83f96d8d0bb450fbdf4bb
                           .group:00000000 wm4.utils.h.41.820d6032ed1c0d7dd5bd2ed80938ee65
                           .group:00000000 wm4.fast_math_functions.h.28.aa389abd5521cfceab0e76a6af3dd2e2
                           .group:00000000 wm4.matrix_functions.h.28.8fc8488c73b2d6f328b0946db3460102
                           .group:00000000 wm4.controller_functions.h.28.388735b97ccd96442b0ac9e554629f36
                           .group:00000000 wm4.filtering_functions.h.46.6cf1424fb1f86d5f9958d208b83340a1
                           .group:00000000 wm4.vision_models_pp.h.29.92dde2700b86d5540e882b4b68a47bca
                           .group:00000000 wm4.stdio.h.27.3fc80220048df77954e38daec3bb9670
ARM GAS  /tmp/cc1JbEzq.s 			page 89


                           .group:00000000 wm4.stdarg.h.34.3a23a216c0c293b3d2ea2e89281481e6
                           .group:00000000 wm4.stdio.h.47.dc31ec4674d7bcb103c9f08809549f45
                           .group:00000000 wm4.stdio.h.2.4aa87247282eca6c8f36f9de33d8df1a
                           .group:00000000 wm4.stdio.h.87.a1e20d2651f9bfb66e51bfbe849db00a

NO UNDEFINED SYMBOLS
