:02000004706822
:10000000643F8B3D9FB425BDF335E8BD99C5E7BC82
:1000100036419A3D2B5D37BD038F06BC6A098C3C87
:10002000C602C23DB9BDD83D0F56B93D9D4F7BBEFE
:1000300012B6AFBDF01178BC877517BE5E2E18BD25
:10004000B08E973D0827A2BDBCDDFC3D7A3C22BCAA
:10005000846DDABE35EA36BD97E97FBC865360BE53
:100060003D778ABCFAE40E3E29145DBEC854A53D16
:100070000E30873D2158E6BC3A0760BB0EB6FB3D0B
:10008000515F6E3B80B70C3E2D3A313D70C3833ECD
:10009000C63ED53C2D36A1BD38C3DA3D9DB6A1BCC8
:1000A000CF8611BC527292BEC077E33D74CDE83D5D
:1000B00065100B3E966E58BC720F393D686FD0BC10
:1000C000D2FE2A3D24B16FBC9894C7BD2049243D7F
:1000D00007CE683D353AB6BDD6C8313C5CE64ABC71
:1000E000D43770BEB8573C3BC811993D267837BE0F
:1000F0006AE51A3E6A40D23C12837BBE79EE4A3DE5
:100100004D4C033EAD6BC2BE2A82B13C7094193E89
:1001100091F08CBED422253D23E6913D2F6E2BBE5F
:10012000FFB45EBD65F3B43D055897BAA1FBB03D81
:10013000EA588A3BA0F243BB1C2B253D6015083EC4
:100140007822D43D0661D33DD37C113D5B66343EBD
:10015000A95FD5BD9F120ABC77E727BEA0EA1A3E69
:10016000368F523EB469993DBAA8D3BD13A9B5BC28
:100170007592C43DEB861A3CD4596EBC0D6A85BDA0
:10018000173F403D7A04CF3CCC3FB83B0E29EE3CB4
:100190008193FA3D2D849BBC10E6F2BDFEF505BDB2
:1001A000DB0C01BE751BFA3DA3B492BC5AA904BE78
:1001B0001110783CBD93A53D117F5EBE1898793C27
:1001C0007BE90CBD159769BE4F6781BDFD297E3D5A
:1001D000AC2A7ABED3E405BE33D3A43DB9D4D73C10
:1001E000C9FA9BBD9819CA3DCEF605BEA1035B3D79
:1001F0001F17063E56A0013E8E551139B784B1BD7A
:100200009C793B3DC27733BDA565C7BD210910BEB2
:10021000211F1F3EADC5F13DABEC233EFFA781BDC5
:10022000C73D2D3DE18CA73D2675283E6D13183D39
:100230000BBA51BD15A2D93D22FF3F3DAFB03CBE28
:1002400082B6933BB5E8413D7D226BBD6EC4C8BD0F
:100250000ACE453D9F931ABE3B7B703DCAF768BDF1
:10026000435052BE9B7D8CBD0172E7BD9A5A67BE5A
:10027000430B98BDC1DBA13DA568C1BEAD6C0EBDF1
:1002800065C8913DE95159BEAE14D3BD0DE09E3D08
:100290001B801EBC5CB8983CDC2F533D7FEF663D55
:1002A000B9CABA3DC6E7A13D1DBBD33DEB48133DDE
:1002B000D9050ABE4BF6973DEB69473CAE8397BD27
:1002C0000E52A03D4E18983DEA5E793E233CC23D59
:1002D000211047BBBE7F1FBEEC94A0BC3650AF3D83
:1002E0009ECAC5BBE94362BE22B6383EA175ECBDCD
:1002F000CA5251BEC1D8CF3D2CF883BD18A4AABDA7
:1003000052B9D33D1856DF3C5BEEE6BDFE0DEB3C2B
:1003100033A6C93C068C47BE1DE4C7BD0EB5E9BD7A
:10032000B3779ABE5536123C52A382BD6C22BDBE35
:100330003ECAE53C49B70ABEF81DC5BE0F5BFD3C91
:10034000D9E40BBD2E529DBDFEC7ABBD432EC2BC32
:10035000C2B8A0BD8177CB3B3D4DBC3DF5E5B0BCFF
:10036000A482B93DAB590DBED92C9DBDACD1C83DC1
:10037000962875BDE08E373E4A7CAB3DF298AB3D8A
:100380009C67823E1475803E598B32BB65B30ABDB3
:10039000D729C33D352C5FBC855416BEC9B4493E30
:1003A000BC2F12BED9E113BD4F8F473BE5B147BE0D
:1003B0009E0D0EBE745221BE2CDCC4BD8DDBD9BD9A
:1003C00054105DBD334291BE353E183EB74E5F3E80
:1003D000D8B959BE70ED68BDF2E621BEDD3058BE19
:1003E00034A20CBDE660643E46EAA2BEB71165BE0B
:1003F000947946BCC4330F3E0D9DDBBD3DBBF7BCBD
:100400008807903E7BFEE7BDC4D58BBDDC59DD3D42
:100410001445143C71494CBD3E15193E9FFEE2BC8B
:1004200065393F3EAF7B3BBCA103EC3EDEBA673D86
:10043000B9211B3E43A789BCD661183E584F053EE3
:10044000FE86BFBDA4E250BD3190C1BC30E69ABE6D
:10045000B14FB43DC4FB863CA28EA4BE869A43BE77
:100460004AE959BD177937BE73F41ABE1CF434BE7D
:10047000FDE0D1BE4CA8BABD714390BEC3808FBD14
:100480006FA8483EFC108BBEED6056BEC07409BE1E
:10049000D997B5BE91B084BEED49F43DB8CBBFBE8F
:1004A0009A29BCBE7E2DC63DEF0A98BCB5B44DBEA0
:1004B000BDE0A63C34B82C3E8132D0BDCC67DCBC5C
:1004C0006DCF213D34765DBDE9A5C9BDA59C7A3EC1
:1004D000DAB4AEBDDA5D703D76AA753CA8E1AF3EF8
:1004E000079A0F3ED4BA863BABABE0BCA179C03CC7
:1004F000BAD6163E124002BD5C633EBD57DD7D3D5F
:100500003197ACBD93FA5EBDBECA9C3DE265093C25
:10051000023402BE7435CB3D7A4A03BEF5355DBE6A
:10052000CD142B3C02260ABEBB505CBEF477123DB4
:10053000E982D13DE15214BE6069B1BD9D65F2BD55
:1005400031D0DCBC6F463EBD0386B2BD7D29DEBD29
:1005500073D15CBDD4A125BEA11EF2BCCBC1C1BD6F
:100560001BA517BE737C103E899FC23DC58B2DBD58
:10057000E4D4D23DEC57843E0D618BBD4A17CEBD0D
:1005800013F7933E2D52D8BD8C2B3EBC4D45F83D04
:100590008E4701BECD42A03EBA3977BEFA78C3BDC0
:1005A00077703DBD241DD9BB9781B1BD25D78B3D4B
:1005B000CD0F923D3BBDB5BDBB0D213E95622CBD1F
:1005C000C5262EBD879A2EBE04D0E33C88D3A0BC9E
:1005D00084D141BD1EE49E3DB5D2C3BD858748BED2
:1005E000FF2622BD7207B5BDE64321BE6CD7D8BD3C
:1005F000AF5AF2BD83862BB9CB713ABEE25CCB3DDC
:10060000190EA1BD183215BDB05045BE1C173F3C98
:1006100067D0823DE80A14BD7F04613DB444893D42
:10062000B04E40BC1A2CD83C3859B43D7E49C1BDAF
:100630000C2BC5BC6968D33DFE0510BEFFA0CB3DA9
:10064000272FDE3D2A0957BE3182F13E7C7608BE57
:1006500093A146BC6993973DF10894BD561D87BD93
:100660000419823D4BD9B83D102711BEB184663EB6
:100670000448ECBB307907BD2E6B3DBE66331A3E95
:10068000FBC483BD08FE6C3CDFABD6BCBF1FDEBD28
:10069000F34BA3BC88FF05BE0B58CDBC0825923B8D
:1006A000BC43B0BC1E768EBB5872CC3D7A6EADBDDD
:1006B00043CC86BB33B3043C779753BD7FCF5DBE3D
:1006C0004AAD4D3D0E56D43C8D1FDE3C74622E3D2E
:1006D00026079F3D1191463D8A55D63DCC3A6E3E48
:1006E000348D9FBCE68E17BD2C3DD23CCC42F83CED
:1006F0000575453EAE6793BDED952BBDDF0DD53E2F
:10070000B46480BDF980D73D28B71ABD6441243D4B
:10071000868A70BD71D44ABCDB45BCBC4F49553D8F
:1007200000F1C53D8D4884BDB614ACBDBB5D1BBD9D
:1007300072D235BD30A9ADBC5089853D1041B0BBEA
:10074000F3E667BDABDE013D016BB6BDC7C3283D17
:100750004A68463D08E5F0BD6ADD793D62DBB5BD1E
:10076000D4CBD2BDD8A4C73D5E56A03D3AD3F5BC8C
:10077000ABD8A3BDD95EA2BD63AEAABD70E9AB3D47
:10078000E7809D3BB9FC89BC005F483C6AFB9ABD91
:100790004AF4A83DC2F492BD9420E6BD047EF33C29
:1007A0004FC9B03DAB9F8D3D10C78E3DC2A743BB27
:1007B000D9D6A63C015DA5BCD7D4F0BD4911773D83
:1007C0002C438A3D4FE99FBC59A119BDD7CE903D1E
:1007D000F16D963D0D8E13BD9DAF62BD6F4F8ABD0D
:1007E000721F3B3DAAB0D13D497649BC9D738EBD79
:1007F000D59EBEBD3129903D814A8E3D890A6ABC95
:10080000D144B93D653B9FBD8640B0BDE9008BBC7E
:10081000751C283DD6E3E53C378D873D0E64ABBDA6
:10082000489D273D77A5C53D66E6C0BD6439D1BC6E
:1008300015E9A23D6AEA963C15AAFE3C53D665BD71
:100840009083ACBB0FB3BA3D958DE3BC93B0F7BCBE
:100850001843103D3F18E1BB58EAF038228F523C54
:1008600017058F3D815098BDFD985E3D05F6323DE0
:100870001CCB1EBCB8C4BEBC483F973CF43FFABD7D
:1008800031CBA9BD9B20CDBD3A86953D4FF9F5BD35
:100890001C27683D3E80B2BC67EEA6BC801599BDA2
:1008A0001C85E0BD308C0DBEB204AB3CF823013B8F
:1008B00034D63D3C9594613CC207CEBDD512DB3D9C
:1008C0003BDB1BBD018412BD59013F3DE262AABD65
:1008D000EE64B4BD78B10D3D5146EA3CA22F683DAF
:1008E0003AE3B5BDD04FFCBCB7845ABC0FF484BD0D
:1008F00076376DBC7675BE3DD5DDF7BDF0FF9FBC8C
:10090000DDE68DBDE7842DBD663602BCFFFC003DF3
:1009100063CDC6BD2F3C9DBDD118A43CF74F193DFA
:100920008C75933D8A917B3B255C0A3D20BF4CBD75
:10093000ADD6DC3CFC4CB03C212141BDE16AA3BDFD
:10094000FF01463DFB4ACF395EA2E3BDC528E8BDA5
:10095000545B26BECD20013CD45C16BA2E5302BE99
:10096000438575BD0801AABBF3B909BED99A993D63
:10097000FE51803CECD2DABC9F6F963D6C330FBECB
:10098000CCD307BE6C47A3BD1CEF92BDF8FAB13CB7
:10099000C2F4D4BDE1C911BD512099BDDF10D7BD4E
:1009A000E565AABC440A6F3D8E0D853D430D00BE32
:1009B000864E08BEBA6BC93D688F56BA089104BE10
:1009C0009F21783D69D193BD6056F43C8F785BBA26
:1009D00092E4ADBC8F694EBDB239FBBCCF6400BEA2
:1009E0007AFBC638A61508BE1A34A4BD0DF204BEA3
:1009F000D84E07BD433612BD61F0AB3C30A4773C06
:100A0000D9229EBD701EF5BB428FA4BDEE51503D54
:100A10007C20ABBDD88272BD42BC19BE67250ABE20
:100A2000B4E61D3D0B9FB13D155968BD5415A73C5B
:100A300041CFE4BD3EFE403D85F859BDB154123C66
:100A4000F9AACDBD6AFE7EBD5EA4B1BDF6A3B9BD57
:100A50001A98673D0208C7BD377889BDC135553D35
:100A600026C516BE7EF2543C679D9CBDB6575D3DC3
:100A7000D62FA7BCD568203C05E15ABD853E513D27
:100A80001A83AEBD777587BD94DCB83D17D91BBD01
:100A9000B015C6BC4C0525BD7CDDC03DB5903ABD4A
:100AA0004228CBBC34DD86BD26FFE93CB0E690BDD4
:100AB000E35B86BDD66CA83D7E56B9BDEEBB90BC4F
:100AC0007AD99FBD4EBB9BBD24CAA13D811CC63DAA
:100AD00054E5C2BD28A7953D82B447BCABC074BDE8
:100AE0006DC0B83C7E05BF3DB191A33DBE81D1BD77
:100AF000D993A33DCA7D803DF900A33C852284BDE6
:100B0000F2F9853D4F62F83CCE03973C37A3A5BD73
:100B1000467829BDA1542B3B06CF27BDDFF6BDBDCE
:100B2000418E803D900DFEBC4800943C9095543D14
:100B300047F5B93C493CAC3DA067823DB5E889BD6D
:100B4000300C8F3B48D5D7BDE302DFBD98FC653D37
:100B5000F43926BCF68B82BCBC824BBD5C6B5ABBA5
:100B600083BA983DC63E26BD36A170BD81A26BBC3E
:100B700039E786BD4C00DCBCA4012F3A7B3412BDA2
:100B8000D682303C374B45BD42D09DBD19C186BD94
:100B9000ED0FE0BD12F2793DA106603DBAC8C03D3F
:100BA0006EB1BC3DCBA78B3D1FD4DB3BF24AA13DD0
:100BB000B47B903DF7065B3D2132DDBDA427A33D0C
:100BC000E025B2BCF802A5BD7A1177BD282CD6BDB0
:100BD0008E8D3FBD9E687D3BC6DBF6BC792E04BD85
:100BE000EC35C5BDA3AB653B35AA22BD774A87BDB1
:100BF0003C4401BDD1F4B33D380FA6BD0F93513D28
:100C0000D67F303DEE30213DA3F5AE3D45C980BDD8
:100C1000877D993BBD94F4BC43A378BD04D8EFBC59
:100C2000086BB93CEC720EBD7388503DD334983BD1
:100C30007D64E4B9CD70C93C89EB44BD5A2FACBD8D
:100C40003B3EDEBD0ED4BDBDDB605CBDD78E2BBD93
:100C5000FB1A963DEC28AD3DCF2FEF3B804C3ABDC3
:100C6000AC07C33D9068CC3C776B03BD9C24523CE1
:100C7000B5A0CB3BD914AC3D3D8AB33D361994BDEC
:100C8000D20C96BD5D7B323D9E1AA6BD897C61BCAF
:100C9000E0FD28BD0547A73D4A7E7EBD400E8CBDC8
:100CA000794D903A694591BBAE36D83BAD65AEBD46
:100CB00095A520BC6A98C5BD6C1B8FBDBCA06DBD41
:100CC000415498BDE248B9BB0D7442BDF833D4BC61
:100CD000DB24083DE8F1373D18E3273906F0D0BDA5
:100CE000DE1B253D750790BC12A0AEB9CCC3CCBDB0
:100CF000182D583D32AC16BDF828D6BDB71229BC08
:100D0000CCE4573DCBF5A2BDC9AE15BD9290C73D11
:100D1000B1DEA93DC879E2BD744E8C3D367C49BD3B
:100D2000451D4EBDF42391BB41941ABD5AC4AA3D42
:100D30006649273D5DB902BDFEE5523CED98893D0F
:100D4000EA6582BD5F4123BCB42398BC7E0198BD97
:100D5000094F1F3D50E0663DF24C2DBDE165623DFF
:100D6000319797BCAEEA89BD3616AFBD10C6DBBD64
:100D70006D4EBA39E5EC043DF41668BBBD5FCCBDE1
:100D8000DBEABB3DE594BDBC537FC4BD86C8953D41
:100D90007E262DBCD8D4113D526BAE3DCAC33ABDA0
:100DA0000C6094BDD9CDA6BC0C6EAEBD84C3B63C60
:100DB000DFB0DDBD5FAB0A3DDCD3533D6C16093DB2
:100DC000F11B273DCA48B33A98CBACBD1180753CA6
:100DD00085A78DBDE419C2BD5355F1BB1671023B09
:100DE00013DF53BD0D55BB3C7DADDBBDB987B0BD39
:100DF0004E50AE3DCC209F3C3E94EABC34FEA13D1B
:100E0000E7EF9FBDF4F100BDBEF450BC398BB0BD1F
:100E1000A8FB58BD68B2A0BDDACC24BEBF56803C4A
:100E20008C6B7BBDD44F38BE38ED13BB813C25BDE8
:100E30009DDBD6BD5BE67EBC0651CFBDA367FDBB87
:100E400024E99BBDAF9219BD2E5286BD0710D5BDBA
:100E5000BFCE32BEBE942CBEED9B533C48A494BD85
:100E600074A53BBD5813F3BC07170ABE3B8EE3BD08
:100E7000D3764ABD1E0607BECF05B8BD868CCDBD54
:100E80000B4C02BE469DC53BACDDA1BC3EDB1FBC8E
:100E90005D55C9BDBA868F3D25A698BD24771BBE7A
:100EA000694380BDE9333CBE79722FBEA7E8B33CED
:100EB00037C322BEF0D012BD50341ABE436B47BEBA
:100EC000FE9F1DBD2F4195BD24FE93BDA504CABD47
:100ED0001BCB0CBDC5D0E1BDB3A85D3D426CFFBDD1
:100EE000C9850FBE5FC718BCDD282ABEA8968BBD7A
:100EF0005C2C98BD475AEB3CD89897BDB3EBB43BFC
:100F0000D1D0E9BDC09708BE111EFDBDEE27B7BC0C
:100F1000FC2011BE638C39BE820C0DBEA67328BDA9
:100F20009ACB23BDD1BE6BBDBB9869BDD8C1C33BB5
:100F30008F21D5BD03E473BD79FE8DBD432069BD0E
:100F4000B8A90DBD888C7F3D2C02F2BD130055BDA4
:100F5000CC83F3BC2FD101BEE6BA9ABD6DF721BD9B
:100F600081EBFABCB246E8BD42E06DB91AA17DBC86
:100F7000790676BCD2AD1CBD8043E9BD524D493CDB
:100F8000CC5D0CBC264AC8BD3522363D4BFD16BE95
:100F9000C6C181BD13C126BDE6D8FBBD475929BED8
:100FA0004BED2BBDE1C684BD53F313BE1B39E23DAF
:100FB0006B80CDBDBC2E03BE1377EABCEF16013E9D
:100FC000D7E93FBD6B43C0BC7A27343CF73538BE08
:100FD000524E793D90B9193DDBC030BE3E7F10BD09
:100FE000B641CABD637C04BE3EFA003E0469B4BD8E
:100FF0001C9060BED523FD3D908C81BDAC3D27BECD
:10100000D09B09BD638D8BBD92F748BE9DA6F83B72
:10101000ACABBC3DA52213BE8D34B03D8442FCBDBB
:101020001EFC29BD44078F3D58ACBEBDE23825BD2E
:10103000159F4C3E47DF503E4EB27CBDC909EE3D88
:101040002F2D5C3E6E7A9B3CC998083D5496F13D2D
:101050009CF813BD572ECF3D29B1143EA9508FBB2C
:10106000C175EF3DC6CAC3BDC730E8BDEC85833D41
:1010700023AE1A3EE1FC62BD92C52A3E2053493E92
:10108000D7A408BE74F4803DAEEA0B3E27E032BE22
:10109000DC389CBCAC1A423D4117FEBDEA8B103EC9
:1010A000BEC8C73D7113D2BDB2BAC83D9620E03C60
:1010B0001A8A81BE557539BD8F17203E8E3E86BE79
:1010C000563C2A3D3B6497BCD6FFB0BDFC06DC3DD8
:1010D000C01111BED674A3BD07BC8A3DB047A7BCE2
:1010E000005A2D3D12A5153EFAB5F73D25F118BD64
:1010F000666A163EFEDBD73D38FEE5BDA7AF823DF2
:10110000F079103E3D00F5BDF75A0ABB8B0BA93DA7
:10111000899EC43DC8C25BBC17A7923C970F31BEE5
:1011200084A83ABCBC2E1E3EA45E95BD5E85003EE2
:10113000909C103E5686E7BD3AEDCC3D9E92FD3D1B
:101140002B3620BEC1FAB23DB81237BD15CBA4BEB6
:101150004EF8CFBC44939E3D6D4F92BE9681AB3D01
:10116000C3CF5CBEE101AFBE0198E5BBE999873D05
:101170002384A2BE136CADBD28DF11BEF68BE9BD82
:101180007983A63DC9CCBEBD29B790BDCD04023E32
:10119000DA0BF83B31924F3BD432ABBD879990BD0F
:1011A0003F99DABCBCA07C3DE6E64ABDE243A3BB66
:1011B0009B2739BE4B83CA3D4014013D48C8203CA3
:1011C00087E2AE3D110BE43D3F2D38BE81719CBDE1
:1011D000F4443BBC4EB91ABD5933AF3D77BA383CE5
:1011E00065D71E3D813E9C3D105F6ABDEB8E03BE00
:1011F0007CDBC6BDFDF7223D9B1D4FBEDA046CBEF5
:101200009A8645BDDC62B53CE16538BB1D4C693C46
:10121000A95385BD664C2CBE7F0ABC3DB9CA943D1E
:101220007F8D8DBE353BCA3DF8CA8ABC786DA2BEA3
:10123000CF8ED1BDCCAEF0BC775FADBE0BF20CBD96
:1012400026D3193EC94D4B3D26D7B4BD44CCE3BC93
:10125000E2FE753C65D669BDA5FD26BE3469A7BD15
:1012600029AAF23D30A8C9BD2CE718BDAAA10B3EA2
:1012700091B321BE1EEA3E3C90AA73BD25E114BD88
:101280005B3E8FBCD96C023EEAE90EBEA8377F3EBA
:10129000CCD7E93CB001083E4F9A1E3D03D8673DCC
:1012A0000EF85BBEC4DC13BD587B0A3E5EA0C4BD15
:1012B0004D6C63BE42D7CF3D26C4043EF8E3CEBD9D
:1012C000EECC133EF7F253BE58DC1CBD05D55B3D9A
:1012D000AF94953DACF918BD5171D4BC76AA8F3D41
:1012E000C1E867BEF2D7D23B943FC3BD98399EBEDA
:1012F00027D2373D69D2C03D9827F83D72C59FBDC2
:101300002805713D564FB2BD4010533DEC7A20BECA
:10131000A4BA183C6B511B3DA06E53BE12E39ABD9C
:101320000AE8083C53CC33BEC3802A3E8A35DE3DF2
:101330005A0A51BD55AC9FBDCE1A243E4C8D13BEEA
:10134000BE281B3E6CE34C3ED4F5563EC7DFBC3D89
:1013500003B89FBD5533CABD5C19C3BD2B7E82BC8B
:10136000890530BD3B99D0BD1EEF973D9C96CD3C85
:101370001A28E7BD7247163D473331BEF0CE4EBC4A
:10138000AE3D3EBCA68E383D4103CBBBDDD6983D7D
:101390007AD25C3D4C96D7BD40E1D23C5EDD14BEB6
:1013A000F6A3E4BD8C80BD3D067CD73DBAF0123E6D
:1013B0003610B13D8C324ABD490CF6BCE7C2AD3C9B
:1013C00015402DBDE89714BD6B494B3DB1A3F0BD51
:1013D00008DB053E1B6E163E552580BE4ECEDD3D1C
:1013E00074DCB8BDF46A95BDCB62F93DD9C64D3DFC
:1013F00008DACDBD72A99E3E6027973D8E5A143EF5
:1014000041B80D3EFE38FFBCBFFA8ABE865E05BEFF
:1014100055B4F23D822723BE037D91BD9524C63B82
:101420004EDCDFBD070B1FBE70010C3DEF3F02BD60
:101430005E462A3D11B3F33DE1F0033E3639D8BC98
:10144000A198A7BDFCF7AC3C74C84EBE5BD398BD59
:1014500084F07ABDA741DDBC23FB9B3D2751E43DD1
:10146000889F623E6236833D77AC9E3C8AD087BDC2
:10147000B01AAEBC2EE21DBC3D156CBD0149B1BD1C
:101480009F587BBD3C279C3DC8529B3DFB4747BEB8
:10149000872C833D2CF6DDBDF822ABBB24CC6BBD85
:1014A0005796EABCA49C5CBE409BC23EBFEE013E88
:1014B000C43EE43D8A37E33D5E9CA73D996181BE11
:1014C000B1C618BE427AF03DDC7D83BD041E46BE27
:1014D00006F879BD90ADDCBDE9A993BD10C500BC8F
:1014E000DF8930BE823D0FBDD7B7B03DDDAAA8BCB5
:1014F000A01434BE9264C33DAF1FC63DE3BD31BDF1
:10150000057DD33DC9F295BD8E14D73D0A11D83D56
:101510003889113E5CA2143E1332E9BB819C9B3C8E
:101520004E24923DB84831BE8242CC3B6D1771BD0E
:10153000D59555BD0EB010BD8E2B04BED903363DDA
:10154000A578B4BD4EDEDE3D89F0323C926F733D2E
:10155000FC42253CD66435BD1DC725BE4D5AEF3D26
:1015600031A6C53C9690C43D8F8F743D4D58493D82
:10157000F0D676BC92D067BD471A683D182E9A3DCA
:1015800007C0B23D7A22073D360FEE3D1C904CBCA1
:101590004C404C3D68BEE93D2B6AB23D532AC3BD69
:1015A00099E8743E955BA5BB61D1F13C4922553E5B
:1015B0008073823E7E5B083CA66F65BCA97C953E2D
:1015C000EADBCC3D082FD6BB0E9607BE971DC2BCEA
:1015D0009F3849BC1B99813D56021BBE7D7CA238B9
:1015E0009E228DBD5B4D14BE4E2812BDC41C48BE4C
:1015F000DF409EBD94A3F7BD459C9C3DD726D4BD3E
:101600005D69473DB5FF34BDC2A9E63CFB846ABEB7
:10161000D238003E0430D3BD0298953CBE09363D19
:10162000570659BD557BB3BD0F9AEABD76A0013E62
:1016300009664D3B8906163EAE99A33D919FD63D66
:10164000EDC4F8BD9590A93A1275DD382481AF3DFF
:10165000BA35873B35DC503E3762A83D349BA13D0F
:101660003D64273E8FC04C3EE7696A3DBCEA2C3D95
:101670003E5A803EBB65903D347E09BD0E85ABBDB4
:101680001FD1753D0FB3963BB7C592BDEB0D1BBE89
:101690004BB16ABD948232BE7445AABDA844D33C06
:1016A000ABC216BEC9FEC6BC9B9DC1BD53812D3DBC
:1016B0007F889C3C215537BD6EA2543DEF4DE3BC65
:1016C00006DF2ABE9C144EBD3E133E3DFAE8263D81
:1016D000C32C2E3E8288D03D192DF3BD829E7F3DC6
:1016E0007A46B23D1409BFBD2373D0BCE4E969BD9D
:1016F000EC15473B4407ABBD6FE299BC82A3273E84
:10170000435B32BD295341BCE7C23E3EEA1A3CBDB1
:10171000F8AF4B3CE68F6B3EF0E9833E846FC33DF0
:10172000C8CA92BDC4406D3E08F5ED3B2BA716BE5E
:10173000417A993CA2C6FC3D1D9502BE654DFABD9D
:10174000554204BE81A796BCA8662FBEB065D9BD20
:101750005E1582BC74C92FBE86ED113D44359BBE1B
:101760003E5DB83D0CA9CA3CDBC905BE16B2713D51
:10177000A0A5723DD83B5FBE7CB083BD9BAB37BD9F
:1017800007BB243D7A2AF53BAD761D3ED6881FBDAA
:10179000C7872FBCFB3B03BD4B840DBEF9119D3D9C
:1017A000242CEBBC6C49A23D16AF253D86506F3D05
:1017B0009485C53DB3B949BD9ACD74BD08A91B3EFA
:1017C0009E6695BCD2D3B3BC0800E83D491E9C3E42
:1017D000D067193D328929BEE7FC2C3EE3270F3D37
:1017E000444617BC0BC51CBD7ED3093E2A94123C4F
:1017F000AB939ABD038DF0BD99744DBDC65DF7BD29
:10180000CEA70BBEDBB042BE41C189BE50E8A53DAC
:10181000EABCA7BEFC08AD3D8DA0E0BD6CB620BE05
:101820002B2C01BED6E563BD6B9599BECBE30ABDFB
:10183000D9538EBC6C39443DCA4C193D489AF83D89
:101840007D7168BE860AFB3DBA28893DFAC7BEBBDA
:101850007D76153D4522D73DAB67273D3B9F45BD76
:10186000A1BE633D8AD0B73B914091BDD584BBBD3D
:10187000A3EF483D60BDC33DF4DB0C3C48FD4C3E4E
:10188000C49B4F3E69DA7DBBAE7817BEDFCD8C3E80
:10189000CDA6843DB342813D8CE9F5BC909DA6BDAB
:1018A000D535A4BC0AE680BCDF3B6BBD489DB2BD0C
:1018B00027319DBCC15D533B0A41C7BC3DCDA8BC8F
:1018C0000800BCBD3DDE7E3D3CE0163CF10CBCBDDD
:1018D000F231153DD730923CB3F4E6BC52C9303DED
:1018E0009BE653BC5EBD723BC30AC5BD6FF8B3BD7A
:1018F000CA1F00BD6D0A9DBD71B8DDBD3FA0B5BD5D
:10190000E9BCCFBCA32CDD3C1A0CB4BD77DD32BDE5
:1019100022BBF03B72B2AA3CEA20593D4CF0883D14
:10192000CB7B81BD967078BDA86BAFBDFF9DC8BD58
:10193000AEA025BD1ADBBEBDCBDB2A3DFCF6763D55
:10194000A7971C3CEB26A2BC01A8263D60B82D3D04
:10195000757983BDAC09B03CC250953D3AB142BDEA
:1019600049980D3D42E617BC3A387A3D86C1B9BD6B
:1019700035E1293DBF8C49BD0153A1BDFD3FB73BBA
:101980006CB9933D05FE543D54FDAFBDA391B83DE8
:10199000006B4EBDB1C7013DEEB8AD3DC24DFC3C44
:1019A00085308EBD7ADF93BDBD9AB0BD5693E6BC3F
:1019B0009AC9003D04AB5C3D952996BDC3F9273D0E
:1019C000EE83113C2CF46A3D3CA530BC689D823D01
:1019D0005EE0CBBD8123D6BD81E5673D47F0943DF8
:1019E000E869663DF0C2D9BCD9E99D3DBFD116BDBD
:1019F000EE0F7F3DA06C1A3D77F6D1BD72168ABD01
:101A0000F117A33C4251D63D42D3823C02EC763DD5
:101A1000FDF6B2BD66101B3D9FA965BD0DBDC83D5D
:101A20001621CDBD165065BDFAA3E6BBBE1E513CC6
:101A3000ED63873CE0612BBDF4EDAEBC908D38BD0D
:101A40006169213DC4E8503D3AAAA63D14B1FC3C71
:101A50008480463DBA83C73C633441BBAD358E3D7F
:101A6000FAFA283B14EBDCBACE4B8EBD16F94A3C91
:101A7000AB54B03D312951BDB768483D19410C3DCB
:101A8000C8BC3FBD8AEC803DEE3B863D56ECE5BDD3
:101A9000E71FD1BD3DF63DBDB1D0B93DD52AEDBD65
:101AA000ACD29A3AB606633C776E85BD2282923DEF
:101AB000D68078BD19CFB4BD42587FBC1D6B88BDA0
:101AC0001D3FB13DD9DCC83C16A2A23D34B47A3DDD
:101AD0006E531C3DC285E1BC5D82AEBDF730BFBC1C
:101AE00002AC933C8CCDA23A85B8C3BD882993BD86
:101AF0009F9A713DE54B18BD5C7C46BD5178A73C73
:101B000066B6B93D7913ACBD361DDCBAD358C5BB3A
:101B10000D61F73C62D5A43D2CC7E23CDE86BCBD1E
:101B2000A9FD673C22CA93BD4500D2BDE94EA3BDC5
:101B3000C8B381BC2C831E3D8446ADBD3626D83C3F
:101B4000D3695FBD5425983DD0A7CCBC9CC33CBB9A
:101B5000B6F3BF3B6D679CBBE7658CBCFE31BABC7E
:101B60000754A2BDEC8583BDFE7EABBDF95AB6BD60
:101B7000CA890EBEEB02D9BD41C9CDBC62383B3D1E
:101B8000678CFDBB1795D3BD3CAA6C3CAAF6A5BCDF
:101B90000C9C763D3A49983CAAEBCEBCD6F0633C0F
:101BA000E65E7A3D6FDF483D0F94AABB4662B3BD47
:101BB0006A4ECCBD3D569E3D7E50EFBD38DC45BDE6
:101BC000212D3C3D035087BB12B62F3CDCD5623D36
:101BD00080C6EEBD37E3D53C81DA8B3D08FFFE3B86
:101BE000130D17BD5B61A5BD50AD293D7A87A9BD19
:101BF0000716CDBD2D4AD23CA4F209BDEC9DC9BC4F
:101C00007E7B4FBC95A37E3DA8B31ABDAE63E83C76
:101C1000B6BEB8BD2B8070BBCA2F4DBD297D693DB6
:101C20007058C2BD6237973C514DF9BDC466EEBDD8
:101C3000E680F8BD799F6C3D61824FBD7767243D9A
:101C4000EEA83C3C6FFABBBB2662D3BDDD76E9BD96
:101C5000EDD91B3D32BFFABD00BC11BE04E1D8BBBB
:101C6000672E5CBCFEB3203D178EE83C158F86BC0A
:101C7000B7E393BD761C32BD80B602BD6781833C5D
:101C800000FE513A1B7942BC086F45BDFBA7B7BAAD
:101C90000BC5E9BD9314EBBC25652DBD903125BD69
:101CA0004DF47EBD2CCD03BE961B09BD8C6C25BDAD
:101CB0005A0FE6BD360DAABCAD31683BE3249ABD90
:101CC000272ABEBD622BC1BD9C1146BCD4F3FABD10
:101CD000213A00BEC41202BCFC598E3D7BD6D0BD59
:101CE000880D6CBDA5FCDB3BEEA10DBEEA2A693C6C
:101CF0006F3C203D0B718BBDAF11213DA7DE833CB6
:101D000036C342BC6BFB503D6CADF1BDA3C6FE3C7F
:101D1000F345503DECA185BD20CE5FBD49A99BBDDB
:101D2000B9E7D4BA2D0B66BD01611B3D6018C7BD74
:101D300079AC813DB1E9953D5ACB333D100ECEBD16
:101D4000E494803D664F62BD830DAABD5215B8BDB7
:101D5000CF72213BAA5C753D7EFBD2BBE91005BE6C
:101D60005AEBB13B037698BDB6D693BD86325EBDC5
:101D7000ACF09DBCB1F9DCBDBDDB90BCB09BAFBD90
:101D800001114C3CBBFE92BD870191BDB1BA1CBE96
:101D90006D7F08BE76D0F1BD2DACD7BD74830C3DF0
:101DA000D5BD41BC4E8118BE8B4D9DBDD0C147BD38
:101DB0002763BABDE08455BCF3A1FABDA0D0573D5E
:101DC0006DBCC03CE7051FBE18ED473D193F93BDF4
:101DD00063D200BE929E76BC383D13BDFD55EE3CED
:101DE000D64D18BE8F99803C5A8218BEA4A6B13C2D
:101DF000D24AB6BD0832ADBD6673C1BD1A5B1FBD08
:101E0000F2E5DCBD9973A3BDA3E3CC3AF7A3DEBB37
:101E10004FC443BCE124743C530DBE3CE927CABB0C
:101E2000C9C09FBD9E350FBE3825BFBDD1BB0ABD01
:101E3000055A60BD647BE4BDBE7102BECCCA2D3EB6
:101E4000B249E1BC25B1B9BC93F6BDBC9501D5BC86
:101E5000364BE5BD25C35CBDA6743ABBF2F11BBE93
:101E600053EBA83C90C2FFBD55C3853C92E7703E42
:101E7000D6CD49BCBF4771BDC66D043EB7D2C8BC04
:101E8000871350BE7974F63DE3DFFABD3D013F3C58
:101E90008107DCBDED3109BD76DE49BD9809973D6E
:101EA000D435BD3DE78ECEBDF7B718BE039D193EB4
:101EB000F06CC1BD1DD0273C79C69EBCD3D3A93DD3
:101EC000493AA3BDC17C1ABD151461BD70A1313D55
:101ED000F3D0C0BD9A63893D92AD55BD880FA53D35
:101EE0004C33AB3D6E9BC1BEEB85923EE89AD73D2D
:101EF000F92525BDB0BB0C3EFA05E23DFFE8E7BC85
:101F0000FC6ACC3BF8CC08BD708196BDAC40AA3DC4
:101F10005FE92DBEB15AA43D89D9D7BC756111BE08
:101F200083827C3E00B5883D6E098CBEEE8E743C8B
:101F30003CCDE93D2F3F8BBD5E77133ECEB401BE55
:101F40001019DBBDF82BC8B809D8B33D124F56BEE7
:101F50007D8CEC3C2C5ECE3A9E06E4BD38641FBE00
:101F60001B2B3F3EA5D6E4BD51A9C6BD8A58033EF2
:101F7000D377983B11C4C1BBABCD24BE7E2D2CBE04
:101F8000C4BE0A3E5A1D3FBE7F3E2A3E687D6DBCE0
:101F90008D16F83D8D7C333E6FD2D6BE796E793E7C
:101FA00047EC983D1AD767BC66395FBC8DCE8B3D38
:101FB00048936A3D7090D3BD2AD7E9BD1CC0B2BD1D
:101FC0003D95CF3DFDBAB5BCECE30EBE5CA5373DFB
:101FD0000727603D4E6D26BD4967463D643E253C62
:101FE0009E3785BE60E8A7BD6E256DBDAC4A04BEB8
:101FF0006850523DBDFC7BBD8ACE1C3D346138BD6E
:10200000069188BD2A0D093E71F849BC6AB4E73DC6
:10201000AEC128BDFFE7943D400DF1BCD071AEBD0F
:10202000AEF1E23DB751C33DFD281DBD7A0605BDA9
:10203000758BB4BD768DBABDBA4197BD11FD0E3E0C
:10204000645312BEC641DB3CBEA8813E3AB3093E92
:10205000A71F373E9BE4D83DA99704BEFB209A3CBE
:102060005D39D8BDD98CA63C70854EBDF24903BE02
:102070000D9D203D594E8FBDBCDAF33D56BEC3BD0C
:1020800065DE343D3EA7DBBCC44AB5BC94CAA5BDE1
:10209000255BAF3D75BC48BED22D413D8509CCBD09
:1020A000AC6E2BBEF788A43D62FE113BAE4A0F3EDC
:1020B000DAB26A3D4D856E3CCFAF11BCCDBD7DBD62
:1020C0007AF18D3D6619AFBD67800A3DDB5FC93C83
:1020D0009C721EBDE540AC3CFAE3EC3B26DC0ABE3C
:1020E000593F483DF62399BD6C6420BE26FBCEBC0B
:1020F000042C4DBB8FA035BC1A926DBC712DA33C36
:1021000076BFE83C2D57013E43B8513DC45ED6BD75
:10211000D763BDBC0877A0BD664A52BD7F6D78BD50
:10212000C4BF323DAB5E51BDD79A253CB74F36BBDD
:1021300026B825BD9FD786BD964C5ABDE08DA6BD5D
:10214000A537A2BD196640BC551C3FBE96DAA4BD9A
:102150006EA1BFBDF891E8BD2E6FAEBD9821483C81
:10216000586D57BD01999DBD6863083D291B7E3C94
:102170005B6F1F3C9430A83D4D326DBDC6CCADBCED
:10218000AFB678BCDC89743B3F32933D0E7A263E75
:10219000123327BE2DBE0BBC700D613D635B44BD89
:1021A0008AD343BDBC9CA9BC6137B53CE8E3C6BD3E
:1021B0003CD3313ED5F0113A736C823D664D693C9B
:1021C0005EEA393DEED3933DBDAB943C4CBFC23D7E
:1021D000E920833C119E7F3C11D6DC3D09E898BD87
:1021E000D79640BD7D24F6BCCD8BB13CA21F9CBDD3
:1021F0002CA45A3D87F6DFBD3D06B5BDBA729EBD23
:10220000124621BE9E938BBDEB78923BFD54DFBB03
:102210007B0BBCBB72D5373D781D11BEA14A2BBDCF
:10222000082F2B3E40C2103C130F02BD27B539BD0D
:102230000D120F3C2AD6A3BDBB1ACABD6CAA903D95
:102240003FC8EB3DF2646CBC5E938DBD8A0BFE3CD7
:10225000DEFCF4BD05FF843D4B0EF73D6A960FBCD6
:102260000FFEDBBD2357E63D39C1253EDB7F1C3E1B
:10227000E0B876BCC1148E3DB10F963CD54638BD52
:10228000CFDBCF3DA5F811BE6956933DB27187BC37
:10229000F2B2BFBD6D7BFC3D46FF453DFC051BBE5C
:1022A0001C206E3D163759BD244DD93CB867433DBF
:1022B000B9FA51BE1FEE973CE2B5CDBD29001ABE5A
:1022C00067FDB93B3154F7BAC057B33D14CD01BED9
:1022D0004BD27B3D9C472B3DCC33AFBDC6BCB63DFE
:1022E000C14FB6BD86F17E3DA7CA36BEBBEEA03D4E
:1022F0004888D83CF4F66F3D494EF2BD3CCCA4BDB5
:10230000B47FDF3D5EBD92BDDFDCBA3DA7EE933DFD
:10231000E716FBBC4207423DA999EF3D12AA883D52
:102320008490843DC52E31BBC23E893DFC6E913BFD
:10233000FEAF4A3D2671A73D40CEA23D7EFF07BDC0
:10234000630D893D969C5DBD8E96C33D4AB28E3D20
:10235000CAFF8E3D41AC22BD867ED8BBFEB1B73DE3
:10236000B4B69FBBB042C33D04D1FEBC66D68EBBA3
:10237000C50D4ABDB3A7303D90CF11BC46F2223DFA
:102380002BEFF9BCF5F7473D104D16BC36B6BB3DFB
:10239000CBB98DBDA923D13D87C1923D409AB7BD30
:1023A000A87DC6BDE25DC7BCF87D08BE899010BDA2
:1023B000EF880EBB015AA0BB51BE00BCBAE69FBC61
:1023C000C2161BBEBD76833DCBB56C3D1C025DBD08
:1023D000C5C2833D0DA0ABBD85F94ABDBC60D53DEE
:1023E00040BA3A3B40E5CDBDD6F963BB6F2B4A3CC2
:1023F000C379A43C5E7AB5BD8293AF3CE135293CFC
:10240000F8AD0D3C66D29BBC4B75FF3D9D3F373D03
:1024100022A1ACBD7C63683DC63F9C3DBD9A6BBCB0
:10242000941196BDD942FE3D8CE6813C8F6B80BCF9
:10243000FAD2AA3CB5FC943DF71CC5BD7FE208BDAD
:102440006AC2B5BCC2179EBDD374EF3C46F49E3C35
:10245000717E5B3D706F62BD970D483DACC6533DCC
:1024600054C71E3DEC4C00BD6BF85ABD44DC993D91
:102470005B856FBD231DE4BBCAC4B73D5B1C813DBA
:10248000708AC8BCC5CC28BDFB1481BD6BC0A33D00
:102490000F9F9E3D303180BCF1C8DFBD3B2EEEBDAD
:1024A000FD6E3CBD1F03B63C0333653A4478C13C26
:1024B000769E8D3B1578A53D478EB83DCEC83B3BFB
:1024C000CB0FDC3CBA481FBDC235D23DB22EBFBDDA
:1024D000D8A292BD569185BDEC984ABD79170FBC24
:1024E00054E0C8BD45394BBB4F66E2BB934073BD5A
:1024F000D5C7653CFFB6C93D8AEC343DF96F0F3D49
:102500003572823DC99E9FBD9C5B95BD529AB1BDFF
:1025100068299FBD065688BD8DB79BBDB7D0683C66
:102520007D61183C4DFADFBDAFD56D3A612A96BD8D
:1025300061AF0B3D6477733C48C3253DA032A43C9A
:10254000F112513DC4FA9DBD0C72DCBCBF56533C28
:10255000144BBC3CB81F02BCE657C5BD773A98BDCA
:10256000B5709C3DC9BE183D97A9C2BDB39FB9BD0A
:102570008428DC3D357EA43A5158F3BD8DA3013C3F
:10258000C03B023D77C1CABD1BC257BDC5AFD9BC58
:1025900056C6A6BC60E344BD84E228BE5AED483B63
:1025A00047902E3D1F3EA5BD9291D13DA4DAF23C4D
:1025B000BAF4D3BDACB6C9BDF984A33D48731EBD02
:1025C000A3424D3CF62D093DB4DFDBBD025B113D5E
:1025D0007CC4023E85F0BB3B233F353D06B4943DB1
:1025E000D7B172BDA91CC0BD8E059ABC34CB01BE4B
:1025F0000F76BD3C5A1BB73DD33AA3BD268716BE06
:102600004E2D34BD4ACFB7BD293F7EBC782FC83A86
:10261000388913BE946BA3BD2B9AB73DB70F90BCFE
:10262000C6558E3D78DB713D8D38C5BCC9F06BBD9C
:10263000FBD285BA1E8530BD65B6FEBC23710ABDCE
:10264000803CF2BCD4F2983DAEAE4C3D7C9A83BD4A
:10265000903028BDAA6D0C3C793FB8BD45C46ABB1B
:102660009847DABC285730BD0AB4AABD1439C73C14
:10267000EC95E8BD73A6D4BDEB2294BD0D07B6BCA6
:10268000D5FDAEBD996A0B3E5D3FE63B27B1E8BD87
:102690000422713DB5337C3CB4260CBEF7571BBBFE
:1026A000886F49BDA20EDE3CA6F1B1BD6405C43CF5
:1026B0006B0E26BC6B3C033D2B8BE53BE7FCB4BDAE
:1026C000F0FBF83CCB7C39BD0639DBBCC4A1423CF5
:1026D0002468C0BD1A85C43D5C8C3EBDA6EAAB3DF6
:1026E000D914053D3D86A03D2F7B52BDEB81EABC50
:1026F000CB777DBC181B96BD4598F5BCAF97D7BD71
:1027000048F5AABD4B434C3B9943643DF00F29BDAE
:10271000F00B1ABDE504A93D0EEDD4BC0028E33C46
:102720009D0F693DA08CB9BC6889673D092E9A3D13
:102730001A6E913DB0AE2F3D10F13C3D9A8C80BD9C
:102740007AF92A3DD88E86BD0C34BB3D5045BCBDC0
:10275000383690BDA7CDA8BD1C7F83BDD451E7BB43
:1027600094F6F93C475C8A3D5BCA32BD0243CABD60
:102770006110DFBDD08DD6BD3C41C53D0B84BCBCD6
:1027800066A3A83D91FE943D50CAB9BD179BE1BD1B
:10279000795458397F37B63C25658D3D7F0C9CBDFB
:1027A0004197BBBD623E62BD20C68E3D6BF9913D37
:1027B000AE68B4BDD9538E3C9169CEBB5839FF3C4D
:1027C0002221863DE010BB3BC82D70BD2F0B21BDE3
:1027D000EC8F9CBD84AFF53B7BF6953C38956D3D09
:1027E0002301B33DDBD953BAC62F95BD3FDE8F3DE4
:1027F0009952B5BDD88CA23DB786BABD09994DBDD9
:1028000033D695BC97E7DCBC67DE923C325CF9BC02
:10281000A34EB0BD755A273BD0D5E1BDF70A343D74
:10282000630C633DC2212BBCB974533D7427F6BDC4
:10283000D5BEC23B8BA4923DF22DC4BD199A3FBCBC
:1028400093D167BD8EF1B4BD666B463D72BCB0BD21
:1028500084408B3D351B9C3D9EB85FBD624324BDCB
:10286000FF06DF3B766BBBBD0BB1F4BCA003C43BE2
:10287000D1E94BBD6BF36CBD67151A3DAD6B95BCD3
:1028800081BFB6BC7EBE63BDC5DFB6BD8091CFBD86
:102890002BA5AABD51D304BECCDB1EBD2339E1BD9F
:1028A000C24C973D0D2F9ABD980C9F3D261A9F3C18
:1028B0001C226BBD868C22BCFCB48F3DCE223BBD5E
:1028C000D060EEBD0E34C5BDD1FD923CE21EAFBD61
:1028D00025FD5B3D9D8137BD44B2B83A9E6E453DB6
:1028E000FF5568BC54289CBD911534BC5938A03D97
:1028F000BD5396BD47B9C0BD1DBA923D98568C3D9B
:1029000049B4373DF56997BBC986A53D704403BE00
:10291000527A09BBEEB8AE3D6D92A4BC009CF7BDE7
:1029200071A434BDCA40713D96B52C3DC4E0043D50
:10293000D4FAB5BD658668BC90D51A3DECC403BE1B
:102940003C3DA43C5D14CCBDB4CAF2BD526BAD3C61
:102950003C037B3DE2BFA8BC318F553D8286B23C33
:10296000BE175EBCA5762A3D11E0ACBD6309753D7E
:1029700009C1DFBC97D81C3DD66FE8BDD946B83D2C
:10298000C4C4023D109115BD675C47BD134F8ABD9D
:102990008B07F2BD21FC973C628F333A4F2CED3B05
:1029A00020B4CCBD6C777CBDE67B013D133DDEBD24
:1029B000188EC2BDA8D90A3BA65C413D6A1EE43A06
:1029C0008F1600BE3D0CF939B23CA1BD3DDD19BCEE
:1029D0000600C3BD3694BC3CD5A6E73B6BF07EBD7C
:1029E000925D82BD2845EBBD310D7F3DA7D454BD1E
:1029F00009C7A2BCF1B1783CFD90CA3CDB1BF9BD14
:102A00005C0B1DBD559DC53DDC8F96BBF354563DFB
:102A10008348CABDD77C9BBDB261BF3BF31F4ABD93
:102A2000995836BD4B270CBEDC59B83C78C68C3A59
:102A3000C7220C3A9D01263DE408A4BB0C49FDBB0E
:102A400062C931BDB8C1A0BCE49500BE1DE044BD63
:102A50002DE10DBC65ECD73D9A6B51BDFA23CABD83
:102A600091EA52BD4080A93D6E1380BC9B83613EBC
:102A7000CC6ACDBC1B0F0EBD8625BDBD408C003E73
:102A80002FA982BDBD847ABD34891DBE2676713DD5
:102A9000B325913BED2A8F3C9EEBB13D6DFF95BD7B
:102AA000367562BD3BCA413EFB723DBDFBDA07BDD8
:102AB000D33AE3BBFF9CEE3C71D131BEC93FE73D49
:102AC0004418AB3D24D98B3D818DA7BC71F498BBD4
:102AD0000DAA923DFDCBAA3E1171303E13D3043DA9
:102AE000DBFA303EA00AF836E2548E3D95183CBD24
:102AF0001EDDE3BC4665D8BD831CA83D2A1FA3BDCF
:102B00004DAF713D2EA8EA3D7933CC3DB09116BE54
:102B100032E47BBE5CD3D8BC78D6E4BBCA2640BDC9
:102B20006D9ADA3C62EEC93D55F880BC11A111BE28
:102B300095CFACBC93190F3D10DB84BD6E6B28BDE7
:102B40002F9B383D6CCF27BE83E635BDB5ACCFBDDE
:102B5000FB408ABD26918CBC16524D3E2863E1BCD9
:102B6000D21CE2BDA8D240BC2B683F3E347926BDC2
:102B7000692D1A3E9DE8873D539E6D3D8C1F0C3E8E
:102B8000354DEBBB5F3889BDE3F7B03E4C44223E88
:102B90009505223EFA891A3EB140C3BBBF04153DDC
:102BA000BE16ADBC710F31BE8500163C7E307BBDBC
:102BB00094D3F2BD3534B7BD23B5CF3D2524E8BB52
:102BC000A86A92BCB23E87BCD52343BE4B2FE1BD61
:102BD000FD0BBE3D27899E3C2DC5D03DDEA9C1BD64
:102BE000726A9CBDDDCE053D4552E43BF70634BD1F
:102BF00018B01ABE677A873D78181DBE62AAAEBDAE
:102C00009F00683B83EBE2BC00F823BE410D0B3D07
:102C1000967AAC3D8DFB49BD3E5F6C3A8356EB3DE9
:102C200046937ABD37D6B6BCA466033E20A8A7BBA0
:102C30002D51F53CDECB0ABE552A8FBCB0B19C3E6F
:102C40007051B83D4FA3723D2658E03CE622D2BDFC
:102C5000A0DB24BDDDD683BD1CB314BC2412A6BDED
:102C60003318C63D6875B4BD7A4CA5BC7BAEAFBC0D
:102C7000D4BEA93D8EAC243D065C69BD2CAE6BBEB6
:102C8000C1F17FBDD670B33C4247D53DB89478BB07
:102C900061F408BE49F211BD9C2CFE3C19EDB7BA97
:102CA000D379E9BD39AE38BE237C69BDB5753DBE6B
:102CB000E8D17D3C964C6EBD2D1FC93C0EAA18BDB7
:102CC0004EFC183C14CB9CBD05A58EBDB3E4D43D91
:102CD000C7B10A3D82464EBDCE6774BC0A3C3A3E3F
:102CE000A7F7853CF9264F3D4BB19CBD350CFDBD8A
:102CF0002216823E280DFFBC9F5C9F3D8510143E2E
:102D0000E9D6CFBCAA6B2DBD05F4EB3DD10827BE9B
:102D1000D12AF2BD71CA0E3DB19D6CBE1B78FEBDBD
:102D200086454FBD9E0F02BEE907DC3C6050D83C93
:102D3000D04D15BEE1EEA0BD33FCF63D81E6523D1F
:102D4000DB73A93DB601FFBDF12483BD1586CB3BE6
:102D500036A3B23C6EA311BEED72B2BD5D9A053EC4
:102D6000083A2EBEA03EC0BD30F5963C07DE1BBD26
:102D7000EEB0043D21BF323D01BD9FBDDDB75CBD5E
:102D8000BA6039BC50C4123E04E904BE869FD83DE7
:102D900043A0323E682DBBBD20E1103C81233BBEE9
:102DA000B98541BD453DA53E4E48D7BCD7D38A3CE9
:102DB000F5A0EE3D972AE0BDC7B0A23C50941DBCE3
:102DC0005219CD3B03E381BB940663BDD9C436BD24
:102DD0003D404CBDBDB3613DFD60A4BD5659B9BA7F
:102DE00091F4953C8D692CBDDECCC9BD8F90BCBDE6
:102DF000BC2178BDB237003D8500FF3CCCAF203D03
:102E00008EB84C3DBE3BC9BD94E734BD446B5BBC42
:102E1000C7E6A23D5504AEBC8C9A763D5B3F53BCE1
:102E2000F4D217BC6DBEB83D26D7A7BD3C5FAB3C06
:102E30000C96D1BDBBB9A4BD16D1C8BD5986FCBC8A
:102E400064AAC9BD42F19D3D1801B23DA183CFBD29
:102E5000DA63A1BDC0739F3C7F798ABCB7BA8FBCCF
:102E60001B3CC3BDE9C48B3D294343BDCAD214BD3D
:102E70007DD3B1BCD6C0973D0B60763DDCCB963C94
:102E8000C4BD14BD532F81BBC4691A3DB1CCBABCBB
:102E90006876CCBA92FD70BD3DD7B33BBDEEEEBCBB
:102EA000DBA15EBCE303B5BD2034D93A8651A9BD90
:102EB000E8121ABC9A06663D2EA1AFBDAD0AE8BD68
:102EC000FE4F65BD4CFE2E3DFCA7A2BD252DBB3C93
:102ED0004803C8BD634A81BA958AE0BCE57D6C3D74
:102EE000DF3DAC3D0FE8D7BDF063DBBDE291D9BD5E
:102EF0009D45093DA8A9E23B1705AE3DEC2E5FBDFF
:102F00006C746E3D147C2C3D060198BD346FACBDD5
:102F1000C80FF23BC0DEB83DCE4CAA3D4E4DA4BD1D
:102F20008C4DE63C92F7393D5712EA3C0B16FD3CBE
:102F300078EB6D3D0BD7DABD37E55F3DD093F93CBB
:102F4000B4CE29BD11FD44BCD1A7BBBA3B3AC13CAC
:102F5000E6D1293D322218BD8DD86E3DEB468FBD9E
:102F600070D6CE3DCC41E7BCB8ACDFBB2A0FC2BBAC
:102F70008B85F0BC8BF6733D5FC19DBDB7F5D23C30
:102F8000215A713D6D668EBCB62C07BEEFB47D3DF7
:102F9000DC7F943B023108BEB0DE1CBD1BD29F3CDF
:102FA0008FA45EBD89BB19BD6014A8BDE82518BDFE
:102FB0006379043C6D98A8BDA58B97BDC299A6BD49
:102FC0000FB7AC3D548E683D87C79C3DB3699EBD2D
:102FD0008D7A2A3DE03EAE3DF68792BDFCFA873DF4
:102FE000AE39723DE911BD3CADD9CD3C86CAEC3954
:102FF000C01764BCFFB691BDDB19033D3E26443DBE
:10300000B537D3BD6B3C1BBDB4E4493D8D6881BD74
:10301000DB127A3D3F184ABDFDCCDEBD4E7811BCB7
:10302000A90DD9BC920CCCBB6021CDBDB7B4A73DD6
:10303000D370E0BDD063A93C85DAE1BA7C0890BDCD
:10304000A62CC63D178B0FBD8C63C6BD0B44B9BD06
:103050004F4052BDE0F7883AA5CBA2BD9BC36BBDE4
:103060000AC80CBD9CC8BB3DB8E5833D12B63FBD48
:103070005F398C3DB767973D628FDA3DF42E77BD9F
:10308000422264BD32F3A1BD5A79D5BD8CCA9F3DA1
:1030900006B4A7BDF281113CB4C0AFBD6A5CB6BD39
:1030A000791593BD6845D1BCE7B3013D397988BA3C
:1030B000174EB0BD3C936B3CEE61DABD16B2D1BD8C
:1030C00061FB71BD1A7F24BCCA32063D619C87BD7D
:1030D0009680323D389FC13C0E698D3C8C7F8EBD01
:1030E00076902A3D886D093C24C9A2BDD8E0AB3D4D
:1030F000B2FA9CBDF530E5BCD0E284BD9B1C3CBD62
:10310000158C0D3CE3E4583D1D914FBD4AF2283D1E
:1031100029C1EF3CFE7DA4BDD93C873BFDD8A0BDB5
:10312000B69E3F3D28B981BD6E18823D30C5AC3D8D
:10313000765C22BC680C8BBDFEC79BBD88BA9EBD69
:10314000BC1BF4BD1D7C17BE33C8DA3D583D80BBA7
:1031500065789FBDEC7326BC5C0774BD431EEEBD55
:10316000B559D2BDB59414BE563AC6BDF3C4713D2F
:103170001D7E62BD658E16BD8BF3FABDA083973DA3
:103180007DD667BD9B65AFBD5C2F703DD7A33EBEAE
:103190007501993D9E2AEBBD2769CFBA81D7ABBD9A
:1031A000BD4206BC8DB70FBE805D96BB3A41C5BD22
:1031B000BBBA5DBEF228F33CD2B2F03A87C532BD4D
:1031C000EBA6CF3C016EF8BDCD43C9BDF6BB95BBA8
:1031D000B3F6B3BD43B32ABDDB9F3BBDA73C63BD84
:1031E000CD82DEBCED501ABEEF4A46BEA8B556BC35
:1031F00001AD2B3E11C13ABDFE14BDBD859AE3BAA7
:10320000A45AC9BD7DC526BD0506FABCD96AF7BD5D
:10321000FAA76F3DA9DF87BDA40D03BEE6AD00BED2
:103220005549553D67A429BE88B8833D6DE5013EEB
:103230000158FDBDCBF5DBBC38C1933DCC98B53C06
:103240008D3D833DAB44433ECB668CBC7699C0BC80
:10325000AA17A6BDA3C6F0BD317678BBCB7523BC3B
:10326000CB69343DB261D13C6E2F8ABDA5DB00BE77
:1032700047F6BABDED51F83C5DB40EBDC61E78BD33
:103280006323AC3C9A3D773D36C5B93D3549863D13
:103290001B21E3BDC0B77EBDDC5FBE3DCCDEC63CBE
:1032A0002D2A93BDE15615BD14CC5EBEC9B8763D3E
:1032B00063E98DBD6942AEBDA9FCC9BD027F31BEC7
:1032C000EB2ABBBE2C28BEBC5AA241BEFE2D1FBE9F
:1032D000EE48503D112D2B3EA209B4BDD9B611BD0B
:1032E0003255FB3C59112EBEBFDBAE3DB56DAC3C3B
:1032F0001C2A4BBE36D1623C5A1B353D25167DBE7D
:10330000DA7648BD51319ABCA42A8CBEE5EF5D3D0A
:103310004D54B7BD0C6A60BE1E24C43D81FBB9BBD1
:10332000EB22A7BE0130863D0C4514BEED93B6BE20
:103330007177313E2D0D7A3DDDCA8CBDD64BF9BD7E
:103340003F2F1D3E79C22DBE085F863CACCF04BE28
:103350003A1CEF3C220895BDD9D37D3C9AB2DFBD23
:103360006419BC3D7E7E3E3D5BA0383DA68793BC84
:10337000FD1E8EBD042FC9BD6F95063D7057D6BD8D
:103380001656683E2788853D16E5073C9F563FBE8A
:103390002487E33D78EA1FBE6BC23CBDDF17F63CD5
:1033A000259395BB2B0DD13D242FC83D3FBD123E2B
:1033B00061FD12BDB5AEC0BC41F48B3DD100A1BDD5
:1033C0002BB4673EEF5DF4BC511B08BE74B53C3EA8
:1033D0003C1D8ABE703461BEEF74F93DB85F64BEB7
:1033E0004C56D6BE19B4083EEC45A6BEFFF4F63CDA
:1033F000DB03F33D84C1B2BB0E1AB8BD00593F3E9A
:103400000ED24EBEDFC2EABCED7F86BDF1D2E5BC76
:10341000BD0454BE2DCF1E3D7BD5803DD91695BD34
:10342000292755BD9C72ECBD675484BE7682DF3C73
:103430008720863DAF96383E5ECCA9BD10EF313E69
:10344000F25641BDA7B3E43DAB8A1FBE170B61BD69
:1034500087DA033EE94191BDA242813EF0A4A43C3B
:103460003BF9A23ED704D0BD95FB993DF7240D3E14
:103470004DAA24BE8059A53DAABD3CBE675421BDBE
:10348000D0B8993D97F085BE84D177BECF30033E4A
:10349000FA8CA3BEB5E2D0BEDF5B56BD404568BE28
:1034A0009C6DB6BD12BFF83D404D353EDAF622BEEA
:1034B000A8919E3D4492D73C359B6EBD1BD490BDD8
:1034C000BF5F56BDCF86C0BD5B9E94BD5EE295BD1D
:1034D000BA090E3C0CAD9ABD7818483D5716D3BDBD
:1034E000AE59623D0CC356BD5FC0903DCA5CC6BBC1
:1034F0005156B5BCAC7B19BD48FCCBBD331F5B3C02
:1035000056F2E5BD1F366F3DAC03B7BDA65CAF3DBF
:10351000D757C3BDA45386BC5F60D3BA022366BC31
:1035200076EBD8BD7ED5543D272DD83C3338ACBD85
:103530008DF3E2BBC17E46BD7AA0C7BDB45178BD54
:10354000168800BBD60F143D94BC61BD4394EDBDFD
:103550000404B9BDC69F62BD300CA23D7D4D043B45
:10356000346F883C418A913D08E4773C7A97A63DC8
:10357000E3D8CDBD77B5A73DB31C9FBD802E8B3D55
:103580009DA4793D08601CBDAE3391BD02689A3D93
:10359000709ADDBCEAC6C23C56617CBDA3C0743DD6
:1035A0008276A83D0870183DA924953D9DAB403D0D
:1035B00067D08DBD96E3E4BD4DAC8A3D66BF51BD7D
:1035C0008F0162BDFEA946BD9A2E383D414EE8BD31
:1035D0009EFD1EBD7E671BBD532C883C8D35CDBD29
:1035E00091CA1EBD854958BBAF0B833D2D4252BCCD
:1035F000D30C1EBD5E34DE3C9D753C3CFA7CB33B77
:10360000CDD5FFBD9F26733D5934D8BD21C4613D42
:10361000764FDDBC28C06B3D4F5E81BD71ABDFBD19
:103620000E648CBC8E949CBD01AD473C1B4B06BC0C
:103630003EC5A93B22D13C3D9B78BC3CE541EC3CDE
:103640008423303DB5C8A6BD9B39D4BD0916D8BB6F
:10365000B48903BECE691EBD4A711D3CB41EDBBCDD
:103660001F95953D4E77E7BDDFD51CBA02745B3DD3
:10367000406C6CBDE21A00BDDDB786BDA8ACEFBDE5
:103680008AE44FBC23D9803C67609E3CFBAC36BDCE
:10369000F7CE0DBBAEFBF6BDB8C282BD793F9ABC7A
:1036A00081B9923D2AF3AE3D1D1B99BD27ABB0BD3C
:1036B000C658C0BDA1FB8A3DF60C413C03AE623D3D
:1036C0005856833D1DFB283DE5CFEFBD73C49FBD1C
:1036D000BBFFCFBCE90952BDE6847BBD50A0A5BCB1
:1036E0007504ABBC407E55BCF9CF9ABD52056C3B0E
:1036F0009911A5BD008095BD2FACCFBD7EA827BD7B
:10370000B688E1BD6EB7B03C4D8D06BE2FE1CCBD95
:103710004B30A3BB276DA4BDF0EA92BC1D218B3DAD
:1037200093FDF1BD703224BED967B6BC3C11D6BD45
:103730008C71FC3BB4F9DB3CFA58A6BC739363BABA
:103740004586D7BDC3CA09BEA6146B3D43CFA33C73
:1037500078C474BD24D5D73C9537D8BDBDC1B1BDA3
:103760002F6898BC1E46253DD66E73BDDB29EDBD86
:1037700009030CBDB8A8E3BD81ADC43C8D1ADB3D87
:10378000EAB212BE1030DCBD2B7495BCF8DF4B3EA4
:103790005DFA01BEB2692D3E23FF003E8043AABD03
:1037A0008C501ABEE927513EB1389FBDBF6CB43D65
:1037B000E5B52E3DA555773C95ADB73DE4A9823ED4
:1037C000B3ECADBD2FE7BD3DB467AFBD254FB53DF3
:1037D00084E80EBEF171C33D0339C9BDB526A73ECD
:1037E000E4FA4D3E81A7123E7D8F90BDF3C8653E41
:1037F0000F813C3D4EA162BD376C293BAD1601BB2C
:10380000E4CAAC3D3AF5E5BC4278543D859097BD9D
:103810006983E0BD03EBAFBD4025023E456B853DAE
:1038200047187E3D4325E63D861EB73D73D3D0BC89
:1038300022D0073ED84BC8BEEEDA4A3DA95970BE29
:1038400015DFBA3D4CD287BDEEF832BE54A6063E17
:1038500024EDB63C16C12ABDA050333E46CFD7BD9D
:1038600088F2A6BD3A0D9B3DD91B8ABD775BF9BD99
:103870000F89FF3D86A634BDFEB261BDB70F46BDC0
:1038800091DDF0BC5E322FBEDC0FC6BD156D04BBF2
:10389000A3DC0EBE25658F3D871502BED43DDBBD82
:1038A00077DF093DB06CB8BD507492BC64A88BBD85
:1038B000BFC8103D041A97BDE76032BED52F87BC44
:1038C0007C16B3BD5F2D5FBCBB26E93C3AF68BBDD1
:1038D000735F6FBD279CF23C328909BEFFD2F03D79
:1038E0000AB4343C5E40163EFEF162BB6F35253EA5
:1038F000F8998D3E12F0543D33E84EBD8B200BBD40
:10390000AD5FAE3DBE09C2BD1AC600BD9B7D493E3E
:103910001151BDBB3C05123C08C169BD3A25D23AE4
:103920007BD0EE3BFADA013ED1DE50BC1E3B823D3D
:1039300020E8A6BDB1B3443D880F5DBD65C90DBD8E
:103940001951DFBDA0067BBD0BFFB33DC95C7EBC3A
:103950006C597F3D5337B03D4618943C00A02CBDB8
:1039600056D1C7BD50888FBD17520EBDEDCF87BD54
:103970005CDD713D51910ABD7CEE33BCB48C3A3EA6
:10398000DF8EA3BD85A8E53C67F2153E2E32F2BC62
:10399000A466B53D6A5A193DA399A73ED6A8083E2C
:1039A000293A9B3E83306A3E13A440BDB20B6C3D66
:1039B0000AED29BD6A373B3B11BC0EBEAC7D303DE4
:1039C0002C77C2BB9BEE02BD2B00113D854F31BD54
:1039D0001F934F3D4B8EC039210EEEBA43BE5D3D65
:1039E00042FB343D28A7A3BD266F0EBEA9F601BE3B
:1039F00014251BBE3A82A3BB803D1FBD7C01003E47
:103A0000C9A14BBDC148713DE41CDB3CB8E36CBDB2
:103A1000FF80FCBD427C68BEC8331EBCE89780BDF9
:103A2000660A81BE0BD652BDB67B8BBDDD3260BD52
:103A3000F247E03D561A89BDFB5C0CBD44719C3CCD
:103A4000F4400BBDB895F93CF78283BD327BC53E8F
:103A50008063F23CCBE5953E65E42C3E2E5A1ABCC1
:103A600047519BBD58232E3D4E197CBC5E8F9CBB9D
:103A7000204C143D7F6E173E02B6763DACF374BD0C
:103A80002E0AA4BD195B00BEE3183BBEF9E1DB3C86
:103A900023E45D3D7B318BBD4CF73ABE74CE39BE1D
:103AA00033D939BC42514FBE86A0843D331D6B3D96
:103AB000107156BD3F4E7B3CD485CCBBDAF8D2BCEE
:103AC000C1C0D03C872E55BD9D6444BE62238A3C54
:103AD0000A6194BDE2C2A4BE1E88BF3DF0ED6F3DF9
:103AE00042643C3D4E3C573E2A62EDBD249239BDB6
:103AF000017CA93D4BA619BD11793B3D7EF88D3D5A
:103B0000AF7BA03EB163393D6A3FD73EAD0FAE3EBD
:103B100009CE1B3D3404E33CA0EB0ABDA02A223DA4
:103B20009FE431BC1C5393BCAE430ABDC0C5CC3A24
:103B3000C827D5BAEEAD91BC70FFE9BD01F0E3BC7A
:103B4000D06B32BD0B20B9BD3C1302BDFA071BBEC2
:103B50006A47BEBC96D7103C94803FBE642FAE3DF2
:103B6000561FAEBC7E889CBD8B202DBDC44C113E23
:103B7000A6FBC33CD24D983CE800D3BDE8A60FBEDF
:103B80002AC8033E4EA433BD35706DBE93CE643D4E
:103B900030EA67BD0AC50BBBAA5BFE3D24C754BD16
:103BA00035C932BE58A1EC3DF37ED1BC4E22DABD00
:103BB000212C0B3DADA7763EC137593D0A970E3FEC
:103BC0005F28D23E623DE13D6492B8BD4B4EDB3D85
:103BD0006E4EC8BD59091C3D5BE2DCBD1D0133BD05
:103BE00054AE143D5B07573D19CCA73D830A6C3D8D
:103BF0000F5AD03C7192703D4002A9BC1F9AA3BCE1
:103C00008DDA86BC29D1F1BDC59C853D9CCB3D3E5E
:103C1000EBB033BEE476333D69730FBE3248B23D3C
:103C20007948753D8E03A7BD4373C33C75F60A3EC4
:103C3000EF255DBE3EB7C1BA42880E3D8F7C3DBECA
:103C40003FD008BE4C0B3FBE2A3142BC4EA788BABB
:103C5000F6201D3D3CD7A13B30EDE4BDB9E20ABCE6
:103C6000F630493DEC61BEBC8B07043FD84E5ABDCF
:103C70008FCE343D35F5993D526D3C3D1B8E5ABD7E
:103C80003A23B63D349BAABDF951C13B929D11BE6A
:103C9000FAA724BD2732713D3015C2BC0BD6543D66
:103CA000BA03F43CD937B03D49D2083E3CB1D43CCC
:103CB0007C4530BD9EF6E7B997A1A1BD0EE3023E5B
:103CC000CC03713EAB071DBD664290BD303740BE90
:103CD000A550D73D36E7D23D92320EBD13B882BD16
:103CE0007A21A93D53B70DBEAFD956BDE6211FBD00
:103CF0004D6669BE0A5682BDB9446FBC0A172A3D9B
:103D0000519C1C3DE3C08F3DDAB7D13D6C27923BFF
:103D1000F681F33C4A9484BD1E86FB3D3DE6CB3ED6
:103D20008D99943D3C33013E54B34B3EA9F975BD8A
:103D30002DC41BBC3A8AEE3D74160EBECE1818BDBB
:103D4000578EB8BCF5F1673B0A1B013EF15D8C3D17
:103D50005C4BB53D2A9B3FBD25AE9E3BD0B88F3C0A
:103D6000937C2A3D388B11BD474762BC8CF821BE3D
:103D70002375BB3DF304873EDC05ECBD6FCB80BCF7
:103D800070A6D5BDF0B1DF3DCD66F33D535FDCBD20
:103D90000ED03E3DCF1D863DF78417BED12A3DBDD6
:103DA000079FFF3DAFE3A0BCE5B4DCBDA68F51BDCE
:103DB0001C9C563C4BA25B3DA472A93D0E87A93DBD
:103DC000760F48BDD7A13C3E3630D8BD9EC9EB3DED
:103DD0005EDD2D3EA879093E538DC03D3476383ED8
:103DE0009EDCC5BC0EDA153EC31FC73D5DC007BED5
:103DF000B7E9D03D8AFDB63CBFE59EBD9D3BF4BC16
:103E00009E2E98BD2FC1A8BDCEEE8D3D522F333DC5
:103E1000CD81D03D766AED3D6F11CEBDF52F2D3DA4
:103E2000F34EE43C38C3F73C25A6C63DBE11C53B66
:103E3000729679BDDD8A3CBE38BBBE3D20956DBD16
:103E4000EB3830BEDEF0043EA3AF66BDFBAC40BE37
:103E5000A33C923BC1EFD03CC8D46ABDB3C6B33DCE
:103E6000396ABFBD1C045F3D790C41BDD6D1003E0F
:103E7000BEC9463E5D4815BE358B633D81E9FEBD3A
:103E8000A3AD103EA101C6BC62EC463E6AFF92BCE7
:103E900022E7523EEEAC253D2FEB88BD0A9CC93D82
:103EA000AAC21ABD73EE363D2CB512BE53E62FBE24
:103EB0005C8A753DB36286BC85E71EBE26695A3DA5
:103EC00034B8A8BDEC299F3D31AE943C6F9FBDBD79
:103ED0004BF730BEB1FE1BBE9F52F63C4EFF0ABCF4
:103EE000BA9B9B3C0ED0EDBDB4EB82BE98D95CBCB6
:103EF00022F5173C5DB735BEC59AB13C88F868BC61
:103F00005A59E2BD527E5B3C8A3B3E3D2986DABD72
:103F10009369923DC236A2BD7C13033E17A0823D39
:103F20008E9B4E3EC354FB3C7CCFBBBD8E1D873D5C
:103F30003757DDBD36FB0FBDAFB383BDFF94483EA1
:103F4000F489B03C15862C3EB583A4BBBEAC79BBCE
:103F500048FFBE3D4C4B2D3E635B183C586258BD3C
:103F6000497C243EE0CDB03D7A88BC3D0F7FAA3D20
:103F7000FED60D3B555796BD5A0BABBCD712CCBCE9
:103F8000C1BA15BDBDE5033B239C6FBDED5B7BBD99
:103F90009E43CF3DACBBD5BCBEC889BD88DDFBBB55
:103FA0009EE518BDC11EA9BDF013C4BC5B25E33D51
:103FB00069A2693D67E11EBE778378BD8B3801BE7B
:103FC000F72DB2BDB6751FBDF1A8D9BC166AACBD40
:103FD0008F557E3D12AD853DB86BEBBC41C2133CA5
:103FE000C500033D21E7D23D036200BEAB9C2C3EE1
:103FF00070F6AB3C84AFC43DB6E3B93CA1DF853D70
:10400000634DE7BDF7B6433C2435F23D38A8E43CA8
:1040100064DD363DA9DC713DFFFD743DA3E503BDC4
:104020008457283E5CB0D9BC37A879BCF825083E37
:1040300030B90F3E56AD3B3DEE4D113E23B9A43D88
:10404000D446AF3C4280FC3D66CDF6BC58F1C93D3C
:1040500027A8C93D8AD280BD3F62A9BBF1CF673D89
:104060001B1E64BCBAB8803DEB3F8ABD5EEACCBD86
:104070006874BBBD55982DBE3235A73CB6FF283DB0
:10408000919838BEB970273DD3D2803DD99746BEAE
:10409000B31AA6BD599D8EBD99FE963D9589A0BDCA
:1040A0000184953EF33E853CD54F4E3E04691D3E4E
:1040B00036847ABD64DB98BDB63F8B3DEC7BA83A75
:1040C000693A8DBD8B18D4BC3FEF4D3E83EA0B3E61
:1040D0005691553D7EFF643DEDF865BC81DA503D5B
:1040E00057C7F53D4023BA3DFAB3AABD1F32C63DBE
:1040F000C6D41CBDC831123D2194093E7ECC0F3D73
:10410000E47CC93C4C0F2CBDAD40C43DB4ED01BEB8
:104110009094B6BDC0848D3D1F4698BD98EB10BEEF
:1041200066CF80BD9AB79FBDF74413BE6DC483BDF3
:10413000B514DE3DF004D1BDAA9720BDBB22B83C2A
:1041400024D75FBE23244F3C05D7C33D463B0F3EDB
:10415000EA5ACCBC6964733E606B963DF78B703E47
:10416000EF917C3C4598023D04966DBD3578B0BD1D
:10417000948AAE3D30CAD3BD45DB55BCF57CA83D25
:10418000DEF0063EABC6523DC069053E984F873D06
:104190008686BCBBFCFE803DA4263DBC4EEA183C96
:1041A000E0C2183E3D3A553CEC9092BD377FA53DAC
:1041B0006930073D8261B7BBFC31A33C6B0695BCFF
:1041C000AAB6A23C9AEDC8BD2C5D213EE8A4903B66
:1041D000F31EA3BDAF7BA53D06C72F3DA62E1BBE7C
:1041E00014E682BDC468F23CFE1279BED7E08BBDF6
:1041F0003006ECBD17C32CBE49F9D23B60F05EBD62
:1042000046B8C9BC9637FCBCC147913E3E9E75BDC1
:10421000C082983E23D27A3DF53F05BD21F03DBDD9
:1042200042F301BEE26A583D30C3973C7613CABCE4
:1042300009C5BF3CDB94B13D363F56BD53023C3E01
:104240002FBDA3BD9DA8B23DC07C72BD0686D1BB6B
:10425000BFCE2E3CEB995D3DB20B9DBD2A0A943D2D
:1042600080D3B33DE0389F3BFC00173EA142CDBD5B
:10427000CC251F3D9C06C13D2CC150BC4D70C93D95
:10428000821C86BC93373DBE95AA1ABD74D918BE50
:10429000E0798DBEB2FDAC3DB0278F3CA6450BBE8C
:1042A00024EBFC3C593B1D3D7B318BBEFDE889BDB9
:1042B000D25213BC2D44DF3D799B9F3DDC12523E10
:1042C0004F5CD33D97D6B43EF6F0CF3DE29AAEBCFC
:1042D0006ED2ADBDDC52D9BD86FF81BA08C2973D12
:1042E000E680383BF409BEBC904E93BD495917BDDA
:1042F0009D658FBD783505BD612F98BDB3A796BD6F
:10430000122A753CF03A1FBD7AE310BE3753793C50
:104310007F6319BDB262C73C0352F9BB3193873C3E
:10432000BAF38A3DB35A45BD879E343D1BDB7C3DC5
:1043300015F0383D1010E0BA542FEBBD21C06A3D96
:104340001D6E8BBDD135EBBD9BFAC6BDC7A87D3DAB
:104350004377DF3C580C12BC2BEDAE3CCA9020BE1C
:104360003556F43C053BAABD6CF7C93DE27CB0BDB7
:10437000957613BE2EFB9D3C4AC7B13DFE5F9D3D29
:10438000810300BE3E8F933D85A1A03D1B30F83CCC
:104390000E1189BCC6E88A3D5387D93B872530BDBD
:1043A0007508873BA16E5F3D9B7658BC0D0C0BBE1C
:1043B000B8FF133D3152983D01E6D3BD0CC204BE97
:1043C0006049073D4891D7BDD66BFABC37C90FBDD0
:1043D0003D26FABC61D41D3EE6DB063C228112BDBF
:1043E000F6F4C33B80E44D3DCCB0493D626F85BDE2
:1043F000664A4E3CA89A9C3DCB54B4BDB7E0223AE5
:104400001A2252BDD5BC8ABD5926C7BCAB69FEBCB9
:10441000EC03EBBDD683CA3D0C2AE7BDC63DA1BD6A
:10442000A9D23CBD3A05963CBE909BBC640BF8BA41
:104430006294603D0ABEB2BC6212AFBDC9D7403DB6
:10444000EC4DA43CE289483D9FB166BD4161A53D6C
:104450005F3AD9BDAA7A85BD7FBD053D4DDCF6BD6D
:10446000DF57E8BA61555FBD139E12BC9555BDBDBF
:1044700047A2593D09A1B0BCF22963BD57B2903C97
:1044800003A1F63C16A4A73D54E8DA3DE0EBFCBDE1
:104490004CE7493DA2A82D3E4BFE4FBC39A9593DE2
:1044A0002E5627BD505C44BBF7B8603CED2EBCBD1A
:1044B000C10F97BD0DBCB53C9E1C1BBE877D06BDC4
:1044C000553ECABC8DC3FFBCFA1341BD1D7FDCBD88
:1044D0001BDD423D91D6CC3C4027DFBDC142CC3DE7
:1044E000464DDFBC439CACBDE5C0CABD4F5D74BD4D
:1044F000F9D9BC3C32098E3DA214E0BA9AAE133D04
:104500005FAFFCBCA8F681BC375C613D7687B1BD6E
:104510000F50CABDAB4A08BD9A114C3D46BFBC3DC9
:1045200044D989BC633EAD3DC02D78BD73DAA43C4F
:1045300040265C3B3043523DD72CA1BC2F30D33DAD
:104540008FBA963D689DBB3C42CC773E459A80BD74
:10455000B53D47BD038F523DE9B619BDD816263D7E
:10456000943F423D91A6B9BD24DA08BEB4EE75BDB4
:1045700034AE12BC6B10013E5EA79BBDB014DE3D95
:10458000066392BD114D18BCAA14E43DA0F1713D23
:104590007FC4DC3D47CB273EFAC325BDAEC3C13C3B
:1045A000CD47EEBC5204053DCA739ABDCB55463D7E
:1045B0002178FCBBAEE9663DB25A8D3DCBF7FEBD1E
:1045C000F752793C01F4AEBCBB78E1BDAADE54BD24
:1045D000775BB33D6D2D00BE6BE8E63DDDE94BBD7D
:1045E000C20B50BDB5557DBD642B1EBDBD57D4BD9E
:1045F000E3D3823E453B96BD839613BE56B6473EF7
:104600002554B43DED4A283D54140C3DACFF9ABDF1
:10461000CA8A87BD78FD373DFF6CB2BC83DA8FBD97
:10462000A9BA5EBE82BC603D2C97ECBA53E7F4BDDC
:1046300021A632BA6669E8BDFC08A7BDF02F813D0E
:1046400037B804BE9739AABDDDC1AC3DEB381E3D7D
:10465000082BD1BC77E4CB3D38F9913D0693AB3DB7
:10466000F779033E331891BDF3891E3E2093733DC5
:104670008376323C19BD97BD9089473E45401A3C30
:10468000F004A83DE3CF39BDA031C4BCB83C553DD2
:1046900077AAC9BDF162FB3D285B1ABDBEDDD2BD64
:1046A000B98FF1BD8F51BA3D8C5FE0BDAC94F63C43
:1046B000CEA2FABB291D4DBEC61B913DD40C02BC37
:1046C0002FCF03BCEF03743B2106373E53B338BEF4
:1046D0006B84723D52181F3DADC5DD3D5C05BA3D92
:1046E000464256BDE9E72DBDFDD7D3BC7AA716BD1E
:1046F000BD79D3BC224B39BDD89BFBBD3641C2BD71
:10470000629431BEC16FA4BDEA63803D02FBEEBC82
:1047100077433E3DD7A34F3D47FACCBD2D8AFC3CA5
:10472000330CF8BD35239B3DC99EDFBDE4912A3D86
:10473000965DD8BC0E431A3E8CB43DBEB08977BDA1
:10474000D823C73CC04C88BDA07B9BBC72425ABCDE
:10475000895507BE4D58BEBD9F54183E8DE79ABD82
:10476000E9FB65BC2C17743D878699BE934F803C4E
:1047700033B13BBD19B6553DBC7DA3BD0059863C48
:10478000E58FBCBC20B08A3DC9C39ABBC7C75C3E9D
:10479000E167363E294E813DFD29D43CC3EF9A3C6A
:1047A00000AF01BD9639813DC83C0BBD97A7F63CD3
:1047B00065D29BBD487838BE3C3DFD3CFF386C3D22
:1047C0004EABDFBB4393913DB1950B3EDFA33FBDA5
:1047D000D879DF3B1A7801BCEF3FFFBDD8A02B3D55
:1047E000CA73CC3D9C57DCBC9EAE253E08BC19BEAE
:1047F00066F600BD67BF2A3D9DE991BD319D85BB31
:104800001E9BDFBB40A8383D60266CBDF4B2363D30
:10481000F5879CBE116428BD20A8A83C2E25A9BE02
:1048200090F122BD6AE8003E831642BD1C9881BD0E
:104830005363163E134335BD33FABF3D8DE51D3C32
:104840002D96BD3DC3740E3E27A4463DCB01D13D00
:104850009BD50F3CFDA9BA3D252B32BCC944F0BD08
:1048600058E0A0BD1EB00FBDAD4E49BE1DE178BDE4
:10487000D2B31CBCF2EAFBBCF0A62C3E35F0EC3CFB
:10488000BFCBE1BDEFDA923DF6B8C3BD2B2ABB3CEE
:104890006112CA3CAAE991BDAD8C40BE05A6333E6B
:1048A00055D928BE588EB3BDDE89D8BDFFD866BDA8
:1048B000ADFB5ABD2548023D96DD99BD3C4C943C6C
:1048C000F2D9003EF20F94BE516ADBBD15DF7A3D8E
:1048D0006BFEC2BEF9B8B53D50FEC13D1D70A0BD16
:1048E000F3328D3DD492763DD84952BE95754B3EFC
:1048F0002512BD3C5B086A3EC6BD293E8192D03C74
:10490000C619423DA29AE73DD05005BDC9BDE6BBE0
:10491000A3BCFF3DE99D203C3EEB1A3DFE6737BE40
:10492000F70A763DD542FBBCF23C77BC38C3173E54
:10493000E6289FBDB0FC21BDBB69323ECE3524BE0A
:1049400012DA103CE64D803DC76606BEDDA012BE01
:1049500081D27A3EDC3E19BE237CF2BDB1A7E4BC15
:10496000EDD6BBBD87B626BE530D2F3EE8A159BD7F
:10497000B5008C3DF41E203E2AAF38BE733A1FBDF1
:1049800097E1573E6822D1BE3253C13DA471023D2A
:104990006E92E2BB5B01983CD007103E1F1FC5BD65
:1049A0004969683E9A591F3D73AC213E0DB0853C64
:1049B000C94D7EBDBDAE553D70E61F3E4740433CF0
:1049C000A8B08ABC17B3C53D45778FBD7956753DF4
:1049D0009AC6F5BDADBEF53C3DD27E3D31346A3D53
:1049E0001C1F8F3D4E4A3B3D8AB9E23C340EBDBD93
:1049F000EE4D2A3A938B8DBB14009CBDDAD22BBCB2
:104A000006CEDD3B136F94BCE63DA4BC64431B3E65
:104A100066D73B3E7FAA70BD53C62EBEF2A72B3D84
:104A20001A5ED63CA850D8BD6D70E33B556B1FBDD8
:104A30002BA0EBBDD277833D37B3BABCEB5083BC20
:104A4000554AA0BAE9DF9DBD9448E7398B861EBD63
:104A5000C9DE60BCE322CCBD1B81CF3DED9BE2BD36
:104A60006A98A73D4024953D25FE053EDDE223BD25
:104A700070ABA53CAF1CCBBD3807013EE1E48DBD5A
:104A8000309083BDF6BE26BC7FBD16BD2C4D8FBCBD
:104A900051815D3DC78EF0BD7B463FBC2FDE003EA1
:104AA000FE502DBE107A713D0BA4603D99C10EBD24
:104AB000EB1C15BD075219BECA33453CE33517BD83
:104AC00087B0FC3CDB34653E3E87B33D99C62FBEC4
:104AD000ACC5103D157B88BD0DECDBBBB2B44A3CC8
:104AE000BCC654BDF6D9F7BDC103B8BDB39E8BBDDE
:104AF00084BFF43DEB1BD13DB171BFBDD8B52FBD17
:104B00008B97E23D289C6E3DE7E7D8BCE769F63B12
:104B10007717A9BA034A5BBC053E3E3EEABE5EBDBE
:104B2000548CF6BCB2300FBDD0AD853D52C304BB32
:104B3000A19466BDE27125BD44D40DBE75ECA63BC3
:104B4000A3C6813DB8A29DBD8DF525BEA49209BD29
:104B50003523013E9D203BBEBD509C3DDBDA80BD30
:104B600002A0543D86DCC4BDBC43C8BD6370B5BC67
:104B7000C714AD3DAFE9933C28706B3DBBD443BC3B
:104B80004CEFAABCB3A4B1BC785685BD08CC59BCC7
:104B9000D07A4B3D7C261CBD62257C3DFDD3E4BD17
:104BA000182CA93D4CF449BD5DF3A23DD21410BDB3
:104BB0005148583C2C341C3D660F043E93F6D23DC0
:104BC0001D4B003EBCAFDD3C7F14153EF1238C3DF8
:104BD000103A043CAE2D6CBACDA307BE362C513D25
:104BE000EE94C3BCF5C6D539EFC8DABD670515BE6E
:104BF0000FC165BCC7EEC4BD68FFC33DE42EE9BD6F
:104C0000FEC31DBD08E3E53C3806DCBD5431FCBCE9
:104C100002933B3CF040D1BD2DAE2EBE711752BC6D
:104C2000790BD3BDCAE7BE3DD26B9A3CACBC303EDB
:104C30003D623A3D8B89A7BCD7A5823C50C886BD52
:104C40009856823DB66C35BD059018BED44248BD1D
:104C5000CA53DBBDE76EB53D6CD4F83D721351BC51
:104C6000862A2A3D417A0E3E16433F3D562E023E8D
:104C70000B9A913C6CBB023E5E8C033D571DD73DA9
:104C80008A2F6E3EDC3747BD98933B3E085398BC55
:104C90008B22C9BD47566DBD4E8C36BD341C43BEFC
:104CA0005BFFE2BD3311E0BD3339C5BDA36DB33D3C
:104CB0004922D2BC5186AFBD901BFBBC574614BEE7
:104CC000304191BD670A433DFD7B25BE3C72A4BDCA
:104CD000C32508BE223BE7BDDFDB97BCFC45E7BD33
:104CE0005111EE3DA422D93D0C4A27BE65DF7B3D24
:104CF00060F47B3DA547CB3DB940B1BD3B6102BEF1
:104D000027E7A7BD82427ABC66A605BEA806F93D84
:104D10001C1E053D728B8ABB2A57303E7A5E2A3DA7
:104D2000CB56F73DF30E9A3D7F7B523E1F38EEBDCA
:104D30008539013E5B72993ECC75A03DFF85473EAB
:104D4000EB558CBD4516253CFD901DBE27C7C0BD4B
:104D5000BC4D19BEBEFFBDBCEA05053EB20D8F3D80
:104D600026ADC6BD1EE40B3E5A17AFBD8CA3AD3DAC
:104D70002CB3633E1DF8743D010D84BD0515EABCDE
:104D8000CB1DEABD673E0ABE43CA853BF66A11BC2D
:104D9000933045BDB9A7B3BD5611AB3CE26F063E9B
:104DA0008538E3BC162CF73DFBE860BCF15D78BDAF
:104DB00051B2D8BDE263E9BD76D001BB8CFE83BCA5
:104DC0002B81D63C2FE25ABE86B702BE4B832A3EC9
:104DD000292149BE46FBAE3D857E643E358A9DBD98
:104DE000351F82BD12F0203EDADCAF3D5064633DDA
:104DF000A38E9E3D8CB7723DD14E68BDB3B4293DA4
:104E000028E7F9BD0F902B3DBCF8053EC7AC5D3ED1
:104E1000631D933CCFDD46BD03C9283E775EFDBDD3
:104E20001DF0153E00BCB23DCCD5C73C32C73F3D5E
:104E300025645B3D235806BE183516BE51B89BBD90
:104E4000DE5F333EB58918BD00EBD8BD9083F3BD5E
:104E50003A29BABDDB3BA7BD9620B1BC2933FB3D47
:104E60008DEC0A3D063B95BDB87ADFBD54AD85BDDE
:104E70002FECCF3C43846EBD095F63BE99FA91BDB0
:104E8000291F273E954FA7BD7051093D90F49FBB48
:104E9000912C993D0F956BBDBD19B93DC1C39BBC0C
:104EA000F412C13D5BF4F13D1A4E833D2A80803DF2
:104EB000DB1123BCB7A7DCBD9DECDB3D3033F93CF7
:104EC0004446273E7F7C43BD65DB27BE73D9283E21
:104ED000551C4A3D8BE7643D6469503E9596A63D5E
:104EE0002827C6B96EB5963DCE1116BE0C372E3B9F
:104EF000AAEC5EBB413BB63DE01CE33DA55B64BE56
:104F000058D729BE95C811BC85E9D93C92E5E13D49
:104F10009CDECA3CD4AD4ABD1D02C4BCD7C74D3DC2
:104F20003070EEBD8FB8193EB669853DAC5870BE85
:104F3000A79013BE3F6A0F3EA92466BE025986BDE4
:104F4000E5E6243C3CA7B03D9BC772BD8E5CDE3DD0
:104F5000E42BB6BDBD790DBC4AFACC3D6ADB5D3EA3
:104F600046FA3F3DFB3DDCBDA7F34E3DF941333EE4
:104F7000DC959F3DE76B143E6A43F6BC8DB704BEDB
:104F80000143ED3D45BA6EBDC16CBC3DAFCA103E9C
:104F9000579E2D3DFEF9A03D690175BD530835BEF4
:104FA0007816FFBDA428863D15721C3EA529F1BCCC
:104FB000B3CB40BEB367DABD3DEDF3BC83814FBDDB
:104FC00061E5C0BC33AEE73DCEEB42BEC492B3BC9C
:104FD0000086813D068B16BE20A11C3EEEE9363DC3
:104FE000E3823ABE880D823CFFD13C3EFEE952BED0
:104FF0003587653D9C02113E526122BCE906FDBC2D
:105000008D5F963DB9E92EBDAEFA3DBCEC74213EF4
:1050100003B2FF3D92B95CBA333588BDB509FCBB1C
:10502000CBBA393EA274823DD64C803C1E50F3BCB4
:10503000836708BE656DDF3D65AF93BD7304143DA6
:10504000468B703D860E083D2EC9053E170CECBC04
:10505000F7623DBE025400BE52E6CEBC3D0D123E8C
:105060005066EF3B6CD49ABEA1FF36BEB3F7B8BD15
:1050700003B78FBD231BE53D89F3ED3C0AC363BE37
:1050800019C583BDE8432B3DC98A62BE5735283E0A
:105090002795443B79D530BE45070FBDBBE90A3E95
:1050A00034E475BE67301BBDD9CD303E0342353C7C
:1050B0007F5D433CC7D31E3E7053103E63550EBE0A
:1050C0007DBB493EEC2F253BB3565E3DA7B733BCB5
:1050D000D8AD1EBD45EE493D040A163E2F21D8BD70
:1050E0009DC1833D3C1DB43B6E29453D6364193D24
:1050F0001AE5E5BCFC5C703C6FD3163D31A9C93D97
:1051000049AC07BD164785BC4019733C6C5A92BD2B
:105110002BE8573B2A284E3C66BCBA3D2401ADBD66
:105120003FD709BBC752CE3D150E8B3B5FF472BC17
:105130001730AC3C00ED7D3C7270053D5032CC3DEB
:105140004A2DBBBD4D4D2D3DE5C2DE3BD7DC98BDA4
:10515000E65ABA3D6989ABBD628BD9BC1EF8833D66
:10516000E2927CBD67C80DBD2A3E093C221C35BDBC
:105170004BDD813DE7E4053D57DFD03DCF9081BD5C
:1051800029F12A3CE523AA3D6667C93DDD2B8FBD89
:105190006E19973C9E8747BD752683BD1737DABCCD
:1051A000CE213BBD64C544BDB4A93FBD924F673D10
:1051B000CA8BC0BDFFB79C3D1996453DED76E83CD6
:1051C000ADFB21BCF8E295BD7E0BDABCFD8226BDAD
:1051D00037E4683D3DDD81BCCF43B0BC406E6FBD60
:1051E000A2338CBCFDC1733BF20CC9BDACC30ABD7C
:1051F000C9BE36BB6C47A2BC4F654EBD014C2EBD2F
:105200004C4FA9BDB956913D6D999F3DFFB596BCD8
:105210007C54B53DE62325BCA29AD3BD09DD013DF2
:105220005CE92A3DA504BCBD4D06983CECA142BDFD
:1052300065C1C93D5C31E43C8C0449BDC55BD1BD51
:10524000708D2ABD8D4BE93B8AE02CBDE60DC33D38
:10525000283039BB24B4C8BC0C8447BD6C52A53D72
:1052600013E5B1BC1BE3463D96708DBD4475803C93
:105270005C2744BDA010C7BBDEA23FBD0403C2BD76
:10528000A7E2F53C58969E3C3D7B94BC90E5D3BD8F
:1052900014980CBD78EBD73CF95263BD5969BEBD7B
:1052A0003F443D3D62AA7EBA0B16543D9E722A3D94
:1052B000071755BCC9D9A7BD04FF8DBD1DB6073D55
:1052C000C1E6403DE1348BBD275E013B1AF1D1BD03
:1052D00033E458BDB9C1133D3451B1BDC979423D24
:1052E000404D853D1F949BBD547A9C3C2CD6893DF6
:1052F000090ACD3D1695023D8DB2733DA243ADBD69
:10530000E8E4BB3B00BCD3BD267AB93D34DED6BD54
:105310007B8AC6BC7917BB3D63C60D3D8B24DABCC6
:10532000FF4974BC5930CCBC65BD9BBD4E3B983D1C
:10533000D2AED5BD3BB0B3BD189FC63D6C4468BD71
:105340001FC45ABD4D6A813DE36A353DE0A7C6BC26
:105350009DAB74BD652886BD376BB53C41C0CD3D66
:10536000512AD5BD3D81903D5B1C9FBD9A06D4BDA1
:105370002E3288BD9D9AEABC036846BDB3A40ABC20
:105380004C51D1BD97F1333D6481F1BC6CCB0E3DE6
:1053900052EACD3D4E0168BD6FAF0B3DAC01CF3D34
:1053A00078C6923CB3BE9FBD419E0BBC2076FD3CAF
:1053B000784F0BBD3C5FCBBCEEE0463D2B3B1F3D29
:1053C0001601CF3DC002AFBC48B33F3DCFB1E1BCF9
:1053D000D7663E3D7BA855BC24D6373D4EB3ED3B4A
:1053E0001365A63D6F35783D87F7B7BD3494A7BDEB
:1053F0002F10EF3CD81512BD75CB9BBD26BB2FBC23
:10540000BE5C91BDD6E3523D8FCCEB3C3BDC1FBC78
:10541000D814C9BD24C2043B19F9703DE4EDC13D67
:105420009B9A61BD31F674BD0DF549BD86F69EBDF2
:1054300038372B3D363A86BCA6F3B1BD1F6C55BD3F
:10544000824797BD29BB2EBD9438C6BD0E6C8E3DDC
:10545000F9F4613D9CCEA5BD1FCBAEBD722444BC0A
:10546000B0728F3D4DC0CABD2A5A533CB8E8C33D07
:10547000D9B1933DB61A1BBE8F48F13C978AA03D27
:105480002730F43CBFB81B3E3D3E3D3D818BBA3DCD
:105490009B5F76BD591793BB0520DCBD3002393DBB
:1054A0004D55E73B1BBB743C9ADF723D7556953DED
:1054B000BBCD7A3D88A689BD0D581F3E0225DABDB9
:1054C00008A422BCFF5D253DEE5956BD06DA0D3E0F
:1054D00096139A3D992BB63B4954773D7E3C8EBD41
:1054E0000B85B23D04A25B3D8617E3BC3BCFEC3B92
:1054F0005AEFAE3DF618BBBDC4E1C339F7F4EC3C3E
:10550000D719A4BDE31343BC882495BD23EBC2BDCA
:10551000E08B69B87D5E4B3E6E5A06BEF90F0B3BC1
:105520002438A63D225B2B3D14D726BE0D56F5BB75
:10553000E9AB853DD759373E05684F3E54DA7DBC0F
:10554000AC603F3E9C2D2BBB5873D5BD5690973D0C
:10555000BEB597BDE1058FBD8AF634BB7BBC913DDE
:10556000811C1ABE5501CCBB6E3946BD720BA73DDE
:10557000749866BDF03D003C9EE1A8B866E9BDBDEB
:105580005F35EA3BCD61E03D1F9AF83C1018B7BD8E
:10559000029B2EBE853BF33DFC7D2B3E41145DBD41
:1055A0001F3A003E9BDD043E39F2863B8ADAB83D65
:1055B0006B6F103EC8DA01BE892E4D3DA573DD3CF0
:1055C000A1510D3D84BCAE3C9D8B5E3D8CD131BE66
:1055D0006A085B3DCEB8B8BC7A87E33D3BA2563B38
:1055E00025AC843D3FE0AFBB2E86D93D29B5263E94
:1055F0001563DE3D4BDBBE3D4C3CC0BD3DC0CBBD6D
:10560000E4B1F6BB8953DABD70697FBD94CD4C3DE2
:1056100012351A3D6CA8873B864B8DBC7BBA74BD96
:10562000057AB43DE07CC2BD28DF743CABF07CBCA5
:1056300019D912BE46DF153DD671173D8F921B3D1D
:1056400017FDD2BA6D45EF3BBF6F7CBD50E0E13D29
:10565000F45BB93DFC75093E5366FCBC2F2F93BD2E
:1056600042AA0C3D9A09F83DED1109BEC5229EBD26
:10567000E2DBB63CCEE3EABCEC4C0E3E61C12E3E12
:10568000DEEB25BE9F6163BD36BD1C3DD3EACB3D3D
:10569000596005BEE97F27BEA392B3BD05007B3DDF
:1056A000DD7D993D6AC02D3D909AEF3D0EF5B3BC6E
:1056B000C749D9BD8ED1323DB5E8A1BDAE3CC9BC0C
:1056C000B309B33D0B04BDBC096EA4BDF23F36BDAA
:1056D000CE986DBE71151B3EA350D0BC5D8157BEE8
:1056E000F19210BBC1A29C3C845D423C2210363D2D
:1056F00041561F3DA45CE0BD25F117BEC2639EBDAF
:105700008DD3BB3D0114B33DD4EC783D4ADF093E57
:1057100033439FBD58E9F23C5E548A3D4D6A58BD03
:10572000C90A0BBE7208D83DD178CD3C9834DB3D18
:105730001253BA3D28DD11BEF1FEB3BD608B0BBE26
:10574000F61FCE3D65DB9B3CADB149BEE8428ABD4C
:105750006AB2B4BD0C5179BDFE5C09BBFD3B2B3E6A
:10576000B4194CBE31D809BD43B22B3C3D5149BEA2
:10577000CF130BBED29D513EABCC24BDD3FC3BBE60
:10578000017C06BE19D923BE4B6E143E248DBEBCCF
:1057900040BA2DBE8A14893DA297ACBCC2F2293D05
:1057A00077A19E3CAAE24A3CF1B4E5BD44FD11BE9E
:1057B000B30DA7BD2792ECBB0DEBF5BC2227BF3D77
:1057C00025651F3E1D3873BDD811C5BDB3231A3DD5
:1057D000E38A1CBD135299BDB51081BD2590B1BDA2
:1057E0000B03343E6A22BEBDEE76ADBDDF48A3BDDD
:1057F0008051A2BD041E7C3B033372BE92D281BD98
:10580000E8A813BB0351803CABB2513E45B0E23D2A
:105810004040D33D1D88393E7E4C1E3DDDF5223E85
:10582000166B083E09AE903D6453B1BD48FC353D52
:10583000A20E273E9BB14EBD36E7373D7CBE283ECB
:10584000E865E8BD3643F23DF2FC703E408055BD50
:105850001B66FA3C00D75E3CDD2C91BED8348E3DF1
:10586000E77921BD8A21BFBDC11C07BD5F8856BE37
:10587000DBEAD0BD83704F3D5F79D0BC9722D23D2B
:10588000C95BA1BC444AA6BD6F82C53D7B9BACBD34
:10589000AABA85BD28760EBE5ECA44BD932D12BC41
:1058A0009938C5BC019BCCBC24C3423D922621BD86
:1058B000DE79CDBD8982433E570E70BEB1FD993D64
:1058C00089956F3DCBB0C53D821DC2BCDFAFEB3CBF
:1058D000DE22D8BDE063183DDDA4073E2F7AA3BBCE
:1058E0000C486C3D42A46ABC84132EBCB95C343EA7
:1058F000FDED473EFA43A1BD3C10323E7C5A633D6C
:10590000F46A12BC9E03183CF77E9ABD5F0ADA3C2B
:1059100073286D3D9F42D93DCE602ABCE88D96BD6F
:1059200027204ABE428BB3BD665DFEBBDBB02EBDF9
:105930000F4D623DAFAB93BD5FEF6BBDE8E7BD3D83
:105940006D3F86BE8B589ABDB3569C3BE8EC3BBE80
:105950008E7DD6BC06D008BE6BBF37BD226E63BA43
:105960003933C83C4A8DEEBDC27D443DDDA591BEB4
:10597000201D4BB9ABC0E63DBD43113E4AB77CBCD0
:10598000844959BB8C2312BEF7536F3D7A337D3D5A
:10599000F74610BED9541BBD9CDAAE3DA692073E19
:1059A000330F61BD7664443E19DDDFBD8C44F3BC2A
:1059B0004CF45E3EA189F53DFBAB73BC4C178BBD2F
:1059C00044DFA73C772FE9BD1E091CBD9B7E08BDA7
:1059D000A59AA8BD4809BEBD2662E33DE3EC483D5B
:1059E000613C7C3D51C85A3D5CB32D3B0A52D73DCA
:1059F000E6C2C03D3E9A83BEC95D47BDDB5105BED0
:105A0000E4DC54BEAA7CD03D3CFC0BBE0C2127BE7E
:105A1000D04DE23DE2350ABEDC14B2BC96C8543E1D
:105A20006F8987BE8BD41ABDBB7A373D0910C4BCC1
:105A3000AF3A07BDA9C0513D676EA0BE9A83DB3D5A
:105A40004EC2813C4D5AC6BD1B0C7FBC2FBBA23D34
:105A5000684BF83C1AC0ACBD7080423E3CC44F3B22
:105A60006095AE3C2AC8903D4B87073EE49071BDDF
:105A70008AF27C3DCCA2A33DAF8412BEA890263D05
:105A8000C64EC23C816342BD556B1CBE016B933D4B
:105A90006C26523D6A0E2C3DB1CABD3CFBB539BEE9
:105AA000A346893D29B1263E90E1DDBD35B63CBE19
:105AB000CC1507BE553748BE5329E23D62B3D2BD6F
:105AC000A89081BDE7970CBD641DA8BD474C3ABDA9
:105AD00073608C3E1532A6BEF9B19C3D12F2033EB6
:105AE00077BB7DBC104AFA3C4A09AC3D605582BE8A
:105AF0005F7C673D03551F3E41F8D8BDECCE973D16
:105B00003282393E7255123D7AD701BDCD36223DE3
:105B100063F8113DDB2318BD73714D3E61D11FBC8D
:105B2000F1BBD2BDFEBBD7BD3DCB153EFD143FBC86
:105B300075902B3BA3D45EBB82DD2D3BC4FD99BD8C
:105B40006555563D077886BDD2280D3D5B899E3D43
:105B50006E8844BE9831CC3D9DB8843EE23317BE7A
:105B60004BB9E23CA09059BE3B64E2BDB8B2BF3D28
:105B70009701C6BC91E4D43C12B615BD66FF813DC9
:105B8000C939BEBC866A703D861311BD3B6D5EBDD2
:105B9000E1FED8BCAF6017BD24BE9F3C45E6913DF9
:105BA000C71C3BBDC62E99BDAEF9C2BD072D4EBC6C
:105BB00052E6A3BD8E1BA03D09B6F3BC9AF9533C37
:105BC0007C914D3D2542B2BD8768E2BC2DD3D0BD4E
:105BD000C8FD813D9DB15EBD0632B33DBD0FE939C3
:105BE0000E9F3F3BD6EAB1BD679DBD3D1B53C23DF5
:105BF0004DA2C03C018601BD5F8EBCBDC044FC3CD3
:105C00002D91633D2080B13D00A3CD3CDE97AABD20
:105C100029BE89BBF459EA3B924410BBA60AC9BD10
:105C20005F00383D3E9CC7BD774F933D759FE33A7B
:105C30009E47423C419188BDA441A43CBBA924BDE0
:105C4000429F9FBD23C59FBD4778C2BC09B3A83DF5
:105C50000A7C803CEC3BD23B6E63283DAF1C1DBDF3
:105C6000E1E7213CE423AB3C40DA873D7B9FB53C38
:105C700028AAF33CA401CFBDA70A59BC2BD3DCBD95
:105C800012BD92BAF8F283BCB52580BD020EA1BC4C
:105C9000DC29153D426B9E3D009299BD2D478DBD7F
:105CA0007687863C612E373A3176A8BD1246C7BD4D
:105CB000A65E843DC0A01F39D01A6ABD873CD03D86
:105CC000B09DB43D2004DFBD5C479BBD74DD9EBD2F
:105CD000332D803D092036BD2E8B74BD62D2C83D68
:105CE0001B155F3D7C30903D8A6ABF3D1375573D63
:105CF0005902D4BCB6BD9A3D2A0C59BD1C3B08BC08
:105D00007F70B9BDC8330FBD4725A5BD2B73AB3C14
:105D10006031A8BC084F76BC1FAAAD3D682E8FBD70
:105D2000A4D3B93C85E2873C2A03B6BDC101803BC0
:105D30008B8A8EBD825E0BBDB424E1BC8B6B87BDAC
:105D4000F4A6883DF6BC1FBD44E0CABDA4EBE13C0F
:105D50001676AF3C5876A23D570B733D0402AA3D20
:105D600078B09EBD9E30D0BDA46E873D06DDBF3CA1
:105D70000211BB3DF014C63C2F26813D584EE8BDB4
:105D80005E974ABD84388B3D3D9D1CBD01A4F4BD8A
:105D9000A15EFC3C8D2012BCF4EF9BBD21193D3D62
:105DA000364FB83C476F913D5CFFBC3BACA63D3DD8
:105DB000A6D43F3DEFF6A2BC13C2E93C854351BDDA
:105DC000F7E087BDAB7E2C3D2118093CE6E5523D4E
:105DD0004A02B8BD98F5A5BD1E4A93BCAC579EBDFE
:105DE0006C0C79BDC6C8D83C00C8AC3BB829AE3AEB
:105DF000236BB5BD992BDCBDCA0A40BD996B153C20
:105E0000DE8B2BBDBB8DF9BB30AB3BBB770312BD2B
:105E10009414C23DBBC0643D1D0095BD3177E4BB09
:105E2000D280883DEAC9C6BD22C5AC3DBDA4883C30
:105E3000D47ECFBD9259AFBD5CFA10BD4FA481BDD9
:105E4000765D36BD14B35F3A078DABBDD85D56BDE8
:105E500080A79A3D27C5ED3AFDF0063D235B1FBDA7
:105E6000B887A73CD66F9FBC9E9541BD9EEA70BD8A
:105E70008C7E12BD5A4D5BBCE182CDBD5E56B3BD7A
:105E80005D029A3D7285AABC56E35ABDB6DDB23DAD
:105E9000ECDF9B3D9FB8043D8CAC843DF7C6D0BD84
:105EA0002953083C38E469BD9FD83CBCDFF08F3DE6
:105EB0001CF84D3CC420E63C352A7FBC03D2303D63
:105EC000FEDBDDBDC618B8BDC01172BD7FDEB73CBC
:105ED000578CA4BCE5A3C3BDE17321BC7EE36ABDBE
:105EE0007EBAE2BC7E321ABDF118ECBDAD41B53DC3
:105EF000D62E54BCC0D8BABC65723DBDD322ADBD50
:105F0000FA0498BCE643D0BD2EE51EBD7E0F9E3C34
:105F10007B859E3D3CC77EBD5403BEBD6A623F3D4E
:105F20002C5391BD0CB9B4BDEEEFA93D9973F83C6B
:105F3000C2DD0A3AB1CCD3BDB82689BD6928A63CDA
:105F4000CA84A73D432D3D3C5DE2B73D14AB513DB6
:105F5000E248463BD54DD53DC371BFBB7C37823D42
:105F6000DEFEA2BDA97C683D21D32DBD5E62AB3CA7
:105F70008768443D6BFB603D8E22C0BD979E443DCB
:105F8000322872BCF007733D0ED1CC3BF57FBEBD0D
:105F9000C335043E700988BD1849A2BDD1C4C7BC31
:105FA00021EC6ABCAC5EF2BDA013A53D68299ABD88
:105FB000811F82BDBFD50DBD8A1D96BBD270EFBCBF
:105FC000AB59FEBB8DAB3F3DAFE4E0BD9888D23B03
:105FD000AC45053DECBDABBDBCCC8ABD55B7003E64
:105FE0008A488B3DA84534BCB8BB05BC932D9C3A70
:105FF000C231C5BD85A1C4BD0A7C273CB877A6BD0A
:1060000067F5DD3C46D01F3D2A94AE3C7C58DBBC96
:106010009F296DBC9E5906380F60623D6DAD3DBC39
:106020004DBBB03D1465893D4AFD753D469ECE3D54
:106030004ABE073E6E0C72BD951867BDFF1E24BD9B
:1060400048CA6F3DD6F1303D5FDBE338C2A613BBD3
:106050001CD485BD4D4C64BDC7D0B8BDCC46F73C03
:106060009F573DBD9581E0BDA2773DBDA5898ABD05
:1060700042D1CCBC2240123C4ADDBC3C654B973C33
:10608000123463BDE6E4F5BD65B0C3BC42E1963CA5
:106090002C40C93DB4BF38B9431DE4BDBDB2CEBD2F
:1060A0005A11183D9B4115BDD0F49A3D826F223D97
:1060B000116CD03D8956A1BD5E86A93DBDE0F63D7F
:1060C000628F9EBDA0F0B9BDEF99D3BD5595B13D8E
:1060D00012E2393D6BD6DE3D899D0CBD440ADABC27
:1060E000D69E9E3C0B63D23D68BF863D8F3FFFBC72
:1060F000C31EFDBD3C734F3C0596A3BB80F315BE8C
:1061000037D8523D682EDFBC7C37B8BCA828B6BD56
:1061100068AEB93CBDB6153D6625E6BD6BD7663D9C
:10612000981E22BE3054363D6C6FDCBC8C939DBDF6
:10613000360B21BDAE473BBDBD0C8ABDCF7819BB28
:10614000D696D33C7CB0A93CE7FBDD3C92C8873DAA
:10615000036726BDCFB8F43ABDAB2CBD83CD3DBDA2
:1061600071B7993D442286BD5A9E04BE28D12A3D6E
:10617000DE44163D6CB94BBCD17BD8BC6874BB3DCA
:10618000F281CCBD0EE4AB3DC398483DE5CFABBC3E
:10619000A4D2FEBC20C0C73CF08D043EABE54A3D16
:1061A000C72840BCF99EBDBD50D0F9BCB9498B3D54
:1061B000EF6DD9BD781268BDDB43E8BD2D71C7BD59
:1061C000A56E5ABD14ECBA39D5DC0CBD2CB76A3DAE
:1061D00000AF8DBD98F731BED586163CB265A73CA1
:1061E0009703D5BD6AA976BDBD695EBCA6DE8DBD2F
:1061F0004FEBF13D43CD40BC5BBE90BDE61D203D65
:1062000066DE6A3D04F621B990DF76BD83C766BDC0
:10621000CA7F3B3C3258B2BDF4C1BA3C63F63E3D46
:106220007EC0B33DDAAD9A3B04E1093D8076E4BD22
:1062300056AC573D0D89A53C2E69073D798F123D1F
:106240007F0366BD15C406BE7B704EBDC49E903DE7
:1062500007BDC3BDE0938FBD8C5632BDF9B280BD82
:10626000018AF63DD39AD8BD76821CBEF9B19DBD98
:10627000A8655D3DF162C3BD22C1523D74B7983C33
:1062800069C64CBD8B1F5ABE983AC1BCC3B4EC3C26
:106290009576A3BD1B08F13DBA556F3D32C908BEC6
:1062A0001E5F6B3C38EE153D7BD78FBE39772DBD19
:1062B000E7E10EBD10B165BE238775BDCE73A23C6C
:1062C0008157C43D2C570DBD825D683B5E4A09BDB8
:1062D0003BD470BCD73D30BE218BB8BDD9835DBDEA
:1062E00048D591BD3F8303BD82553F3DA18602BD88
:1062F00017E1253E953803BDE77A5BBEF25EA4BD8B
:1063000002C9823C516FA0BED32532BCA444CE3D0D
:1063100087129BBDFDC0523F5A7E3A3D1F21133D5F
:106320002AA88A3D789C7CBD5DBA823D45909E3D01
:106330008821453EDDADB03BEB7DDABD2AC8093E84
:10634000A2E370B97048473CACA7303EC4E4993D25
:10635000297A25BE5CE34ABC58AE063E1C46D8BD31
:106360006C69DCBC3DCCF63DC2C10DBE962325BE9A
:106370007C9C8BBD0035D73DF1DE383E811732BDA8
:10638000CFE3223D0A83E73DD64305BCDFCD5EBCAB
:106390004AFC133CD37FC13D0900F93CEC7DE43C51
:1063A000008C2ABD2C5D103E9DEEBE3B80AB07BE2F
:1063B000D0E3BA3C02AB173DD94982BE13ADCEBC87
:1063C000F5BBB83D729EFF3D37DD523F67FD3CBDDA
:1063D000A43A5B3C8D19973D37F1723DC56D333C56
:1063E000338482BD235DF33DF44E7D3C68DF15BEF2
:1063F000F821A23DD0F2C83D5842ACBC97C7113E2F
:10640000408A733D9933EABDEBD8C8BDD0F99ABB39
:10641000D7B114BE462477BC9897363CC45D57BEAE
:10642000867929BE0B057EBD23150BBD75AD1A3DC2
:10643000E3B1123E069934BD7ECBA3BCF26554BDD8
:10644000B8708ABD67CAAA3DBE74883D9D4C9C3D0C
:10645000505E19BD2C065B3B887F803D1596153D2F
:10646000F3BF67BD7BB09B3D08C520BEBDEA1BBE28
:10647000B2DD713D34D5C03CF82A39BB94E4443FC9
:106480008BA76BBC79FB083E773A98BD1B14443C44
:106490008901553CA99A32BDBD2DF03B315EA13D2D
:1064A000C68BB2BD7890AE3A2A582B3EC48CF83DCC
:1064B000B5DEDA3D62F3363E0D4946BE8FFFD93B6D
:1064C0000C30EF3C33A3E73C23A944BD41D32CBDA2
:1064D000FD431BBE4B9ECDBD49C4A13D47F2A3BCAD
:1064E00017191C3E7F64623E9041B63D48002BBDAB
:1064F0000EE2863D2198AABDF55B0FBD56A9243D4D
:106500007B7ED8BD8DF7193DB805C5BD23E0A03D04
:10651000E74FB5BD1EADC03C7666B5BB6FD91EBE9C
:10652000D1DD78BE2E6C4D3D3861A6BDE94D123EE1
:10653000A730453FB2AA68BD5EC7D83C5DD6083ECD
:106540004A6CADBD0EDEF83D46E856BDBCE38A3D63
:10655000DACA4D3E92DDE5BD81DCCF3D35E2073E36
:10656000BFF4043E1F6368BB6D3AD33D21039ABE5E
:106570009F4E363D7A00273EB9DAAABC281AAEBC37
:106580000908ADBCF4C635BE606C24BECCCE543B0D
:106590004A9F223D7F31073E7E74583E57E9AD3D0C
:1065A00032BEDABDEF1B0C3CB4E8ECBDA825AA3D19
:1065B0004101E8BCD441FABC8ECB3CBD62A9A3BC6E
:1065C000442E1A3E629B38BD754D0DBEF8A390BD9A
:1065D000E92FB8BD28B880BE6F65493B728D53BDA9
:1065E000051A33BCBA2C193F697FB4BC18B8A63B56
:1065F00004C516BDFF4EFABD7254A6BB47AD4BBED7
:106600007B08DDBD63155EBD5D49ADBDF24FABBD21
:106610006320BB3D3E9603BE594629BEDB4D7E3B03
:106620002D0B62BE73A10ABE0D0EBD3C0B4499BD7D
:106630003C0931BEC2E122BE7B5176BEB1D197BDCD
:106640009718D23C833134BD8E32F0BDD18001BE6B
:10665000C7644BBE4D85C3BDD1A417BEFC28FABD8F
:10666000AD4416BD83FA80BDCEA34CBE182C13BE1C
:10667000ACDC00BED6B429BD86FF16BE060427BE1C
:106680004F50DDBD8BE335BEFB24A7BC849A63BEAF
:1066900036D9FABD1576D4BCF5B3E0BDA07010BDF7
:1066A000EE8481BD1CF76BBEDC740E3DFD06A6BEFC
:1066B000B4EBCDBDB6ECFE3D5A46CEBDA8EA93BDC7
:1066C000787A15BD1B3B8FBEA0E442BE784DB23D2B
:1066D00047605DBE02662FBD54A9B43D48955FBDBD
:1066E000E23836BDF368CFBDF82CB8BD5900B13CD7
:1066F0003B8D8F3DC60330BE16DCA0BED88D143D49
:1067000065ABA9BE91EDFB3CA7297DBC5D41A0BE58
:10671000FEBE3EBD664250BD8141CDBDF906B5BC51
:106720003A3BC13D641E90BEF0B4823DBBE75A3D8A
:10673000D54EF9BEAFFC9F3D2EDBDD3D434AE2BEA8
:106740000911F93D594045BD52E805BE6F72ECBED6
:10675000D582463E52A4D3BD12E5553C891C173C58
:10676000C4910FBFE581563CBA4768BCD465F9BDFA
:10677000FA2F993D05CD84BBB57CC3BE0B4E43BEFD
:1067800042A974BD1E3849BE200D923D63B7BABC04
:10679000FA7B17BEF465ADBD1B6FC43DA19571BEFC
:1067A00028D135BCE436DC3D2AA699BE48902DBEE2
:1067B000B72CC33D87F5F5BE7044CBBDF56806BD6B
:1067C0000EAFFFBEC51A1FBEBBBA09BD92E435BEEF
:1067D000B84E473D11F2BDBBF16F0DBF8AB8F0BC9A
:1067E000290A6BBD4F4527BFEC57F23DEEBAFB3D82
:1067F00042EC20BFAF37553E14D667BB40F5BBBE59
:10680000355721BFDC2C753DEE1C463C27EF00BD03
:10681000AE7CC9BD741813BFC93E963D2E53A43D2E
:10682000513479BEBAB6243EBADDE63D2897D3BED0
:10683000518E1ABE18D40F3DBB1899BE82EC953EFE
:10684000DFA5E23D6B238DBEBA8E1EBDE23C16BDB8
:106850006CB7F6BD5967A83DDF421D3D1FBD88BE20
:10686000C7B5BDBD7FD18D3D6546E7BE663E743D73
:10687000380BC1BDCA5B15BFDDF173BD20C5223D1C
:1068800058F3B8BE23F0293EC3586D3D628522BF40
:106890003B32C43DEEBE8D3C853339BF2F008BBDEE
:1068A000558C61BC442B2CBFA6F6EA3D3EF47DBC62
:1068B0007F3F9EBE1653F2BE05110B3ED1A7343D5D
:1068C000B214E6BB71CBC2BDC3CE1CBF791A48BDA2
:1068D000212DA33DCE8AB1BE638A013E308039BDF1
:1068E0009CFB02BFA8617EBD4BAACBBDFE47B5BED7
:1068F00096D5583EDBF0EA3B8DEF7EBEB1DF39BD69
:106900000068DF3D8A9C81BE4A2B1ABC4C69813DE0
:1069100077204BBE966280BEAB38AFBCD182D2BE70
:10692000361E063D6504D73D6FA805BF56A886BD37
:106930002757A13D89F375BE54A0353D9B7ADD3DB7
:10694000D66F76BEC17416BD6561AA3D688345BF2A
:10695000450760BB2F02163E0CEC0ABF5AE4B73D58
:10696000A14B783D4E7F00BE3DA2F8BE7820873E09
:1069700035FA27BC43E41F3D172E31BD476588BD5E
:106980001273DBBCC041D6BDB340B8BD3E63B33C5F
:106990001C3C2D3D055D37BDBAC61ABD47D0A5BD0F
:1069A00059652B3CB16C58BD53E436BD34E40E3D03
:1069B000310187BD503E5ABD7F14B73D4E3E13BCDA
:1069C0003130B7BDE5E8443D8888B33B3DC606BDE0
:1069D000F94D82BD2C0F1C3D72C29BBD77535DBC2F
:1069E0002669CFBD98C21DBC84CB25BD11F56E3D77
:1069F00004B3C63C3CBDA9BC0F8CA63959C67D3D2D
:106A00004D11803DCA7346BDF5CD40BD8A0A82BD99
:106A10005346D6BD8C8AD5BD1D6513BB9D71CDBDBA
:106A2000BB69A2BDF90897BDE1BF7E3CF934CEBD7C
:106A300033A0B33DE71AACBC1A79913C4721E9BDBC
:106A4000DBC09C3D2C7C983D8EC9CFBDA26A293C01
:106A500069012BBD55542E3DE76386BCAB48B83D5C
:106A60006C6D073B3B897DBD3CF172BC789C6ABD77
:106A7000FEE9A83DD5FFB2BD895777BD6E4CB73B47
:106A8000B46140BCC37E82BD7B3A4C3DA90AC4BD03
:106A90007CCEBEBDC5A6C9BDE507943D2108743DA9
:106AA0001BD09FBCAFF7643D66BC09BD160FB8BCD8
:106AB00045BE9D3C6CD9853D18FD77BD61A1483D23
:106AC00028E03ABDFD906DBD11F3B6BCD3D02D3D8D
:106AD0002825BA3DF39EF23B4A65A23C5CB817BD3F
:106AE000702DB7BDB586A73DE319133C0CFDD3BD92
:106AF00085B990BDCFE656BDAD73D0BD72C2DBBDCA
:106B0000371E5BBD71EF25BDE1A46E3DA4A4363DEB
:106B10007225C03D006E5CBD68A2F13CFD41813C28
:106B2000932CC53C8B224DBD5A94393BCC5AAA3D7F
:106B3000146B303DAA62873DD0A1DE377EC8773C1A
:106B400037FB093DEA54CEBCDB9EA7BD6CD6E0BD49
:106B5000FC7BECBCDA50873D263752BC9E0CA1BDB5
:106B60003C5795BD4A3D56BD54567E3C9CF0CFBD2A
:106B7000A9F2153D95908E3DFC5B91BDF113923DC0
:106B8000ECD417BD141D1EBB0699C8BD5DDDA23D2A
:106B9000CAC1E4BDDE3031BCD5B2EABD3E4C6B3D6E
:106BA000A9B634BDF0C9593C9F7C5ABD1C0188BDB3
:106BB000472A01BDF2AC88BD158F9DBD680BCDBCC9
:106BC000DEFFA7BD7A28ADBD8053A9BB7F4BBB3B81
:106BD00015B0B83D3C60EDBC510A65BD5F712B3D01
:106BE000CF79A43DD2BAAFBD74A5A8BCDFFEC03D2D
:106BF000E15BAD3BFDEE88BCE79A693CCC195ABD20
:106C0000C605133C96CBB1BC6E5FDEBC338681BD3E
:106C1000D05F04BDAE1EC63D169688BDCB01ADBD8E
:106C200022FEC43D8E6C823D59105C3D1E90483D55
:106C300055D558BC60F1B3BD0DA25C3D22A01F3DEF
:106C40003DB7583B1820FEBC38FD0DBDFBAB903D59
:106C500051A2AE3C555D673D07C9C1BD01726E3D95
:106C60002AF7D4BD77F8D6BDCA7E22BD9725A13DAF
:106C7000223388BD2839D8BC28C8193DF1CE2CBC98
:106C80001CC30DBDF168073D230D76BD8474433DE3
:106C9000B1A3D9BD0EB2DFBDF6DA343DFD90053C9F
:106CA00041BE953D452C86BDFE34B8BB32B4AB3DEC
:106CB000BA4AB4BD0AA9B9BD89E23BBDBA91CF3C7D
:106CC0009440A43D3365473D13F9B2BDB2EBD1BD4D
:106CD0002CA559BA65D7ACBD6B8904BD8EB36EBD0A
:106CE000362F75BC15A25EBD7C71413D2FCEBD3DDA
:106CF0001EB3EABB1F8CB6BC3BC84EBD851699BA05
:106D00006977173D8928E2BD9C25D4BD00482D3DFB
:106D100040BFD9BD30E0C3BCB3782F3CCAC68BBDE1
:106D20000322A3BDFACC8B3DCE6185BD4E81BABD99
:106D3000EFBBCABD0D248CBD828772BD41EB863D81
:106D4000B9BBA7BCAF53313C0CFAE4BDA546343DFA
:106D500066F7A8BDFCDC95BD7A4CBBBDC4A3C8BD1D
:106D6000FEDA18BD0FE7B3BDE87C12BEB7DA9D3C72
:106D700030DF54BD329D99BD44D94DBA03B061BBDB
:106D8000CAB6B3BC462A1F3DE610D4BDF240EEBDE4
:106D9000C545E0BD9E6663BBA88C453B5866DBBD20
:106DA0002FB48A3D14AD11BC815F01BE79653CBB37
:106DB0001F2804BEBBF45BBD2DEC34BEF2C8053BFE
:106DC000BB672DBD03A9DBBD7A48DEBD68F23F3D40
:106DD0002ACB263C2F3BD5BDA837153DB1055B3DE1
:106DE000B42E16BE4EC51ABEBD2CC5BDA8585D3BFF
:106DF000D18FB4BD74A1DFBD29F3BFBD3A4BF3BC45
:106E0000F98617BEB9C1FBBDEB2DCA3DFB300CBDE9
:106E1000C30F233CE75919BD36C139BEA16E0CBE64
:106E2000AB55ADBDB2EA11BE892907BE04F8C93C15
:106E3000E7648BBD6213B2BDF6BD6DBDACAE313A39
:106E4000221B08BE37DF11BCA82E0ABE6DE834BC79
:106E5000BC53103DE6FFEEBC1C262DBD90C4A7BC64
:106E6000952F26BE57E9C9BC1E830BBE70DF9EBDA1
:106E7000733625BE89FC73BDC1D8E7BCE65C9DBDF9
:106E8000282C27BEF5B9A83DE9358ABEE3EE45BCFE
:106E9000688160BED417EBBD68ADD1BBFE1892BD52
:106EA000CE874BBE7267423DCEEB0CBEDAEE44B9E4
:106EB0001A99E8BC1F946F3D495717BCDA495CBE6C
:106EC00035944E3E3B0C563D9E32CABD8BC9E73DC4
:106ED0005A6F98BD7A1DCABDA95102BEFAB81E3EAE
:106EE0000D7BFA3AFE46DF3D234C9A3DCB1C0A3D12
:106EF000704924BCB274573EB6C8BBBD296C0A3E6B
:106F00004615FFBD3CEA5DB97EED57BD6436973E40
:106F1000512B81BD985AB83CFA35C0BC99516FBB12
:106F2000D3F543BEF50F913DDA4C06BE5C4E5EBD17
:106F30000E4D8CBB4C8CF0BD3C6C07BDA40F10BE3D
:106F4000E658C7BD93D91BBE878C433CE8BA533C77
:106F5000C3E08FBDAF1581BD11712ABD57C63CBDC1
:106F600087919F3DE160D3BD7CB1BABCE3E78D3C26
:106F7000432085BD03A5183ED59A6FBDB494D23C7D
:106F80008B518F3DC00D623DF52DEA3D3ABBDCBC17
:106F900095CF103DB1CB453E02720EBD8BECEA3D64
:106FA00069EB843DF0CC5BBDFED51F3D7D6CD0BB55
:106FB00076E1123E31B9F63DDEDB15BD4A6E80BE8C
:106FC000D055B73E4A9395BDD599093EBB693B3E26
:106FD000D9D2C23DA82556BE374BE53D980E45BDDA
:106FE000CDB693BDBCA7873D5E6219BE1CDA5DBD00
:106FF0002998643B7B1CB33B272907BE6F931A3E3D
:1070000081F5A3BD4D8FFBBD5F56E7BD0591743A79
:107010002A03103CA22AAD3C2E1A82BD530BC63C5B
:107020008E751A3E437DDFBDA9708CBC9E99C6BD8E
:107030008798EEBD93ACB3BCA19EFA3C0435003DED
:107040003D26B7BCC4A59A3D5CDB0C3EF86C0BBE7C
:107050001AE62B3D4F4EA93D33AB2EBD5FD05F3CB2
:107060005D93E73D7F9FD23DA2C0493E9A9BCCBB3A
:10707000558A41BE2FF4CE3E69E270BE020B49BD77
:107080004E9F733BC97724BE6DD3A7BB209FCBBD5A
:1070900063186FBE2A372BBEC714EC3C3ED547BDE4
:1070A000DD9B15BE80CE11BD3B805EBE2615FDBCAE
:1070B000C60812BE6CC7393CC9DC21BE3C809FBCEF
:1070C0005DAE87BC8C37EDBC7428E2BC7B7536BEE8
:1070D000D21B53BD26661DBE9FB987BD2CFCC03A8E
:1070E0003DDAE2BA4C2BE1BCE34B433C580F2ABEDD
:1070F000C204ADBDE012FB3C1B8BCABDD26592BD84
:107100000B4B923D160603BEB62ED23C38B9C53D98
:107110009D8DF3BB28A08A3DAA4DDBBD4B686DBD9C
:10712000414B40BD525E323ECB3B743D8D105C3EC8
:10713000713E363EE00B64BD2AEE53BA0439473D3A
:1071400013F4A33B63B56ABDA30CA8BD0E4582BD75
:107150002C36E3BD0CE99ABC43E9673D36C396BCC7
:10716000FD5688BD27BA8BBD964144BE0EE49CBD3A
:10717000F72AAEBBEAC51EBDD170A5BD84F205BE1F
:107180003BB32ABE2D1951BD9F8810BEFE7CAEBDFB
:10719000F98FABBB4FEA02BE4ED8273D7CE9A5BDB7
:1071A000C1A0C4BDAC83B5BD76D3053C6DD2FABDDC
:1071B00000B4EABD152F713D4456CEBCFA50BE3A1C
:1071C000A419F83D4F9981BD7595723D83D6D3BC06
:1071D0009EB3013DA0E139BE6F7A203D71F5E53DDA
:1071E000D0E1853ED209813ED29DECBC1A951F3D6F
:1071F000B353703C7EE310BE441FE7BC867C98BD51
:10720000C370433D449A80BC0717C13AE591D9BD8C
:107210000B0331BE880C1DBCA3F8A6BD18B0F0BD91
:10722000510AEABD0732F7BC6E6510BEEE3DECBCFC
:10723000F626F1BD567C9ABD56F08E3DBC7E703C64
:10724000EDE0D5BD3B4C25BDFB2980BDD6A6E9BBF5
:10725000CAEC6EBCC8C3B8BC56A4003D9FCB663D0B
:1072600053DFF9BD9647A2BD5B9A9B3D24AFEBBDB2
:10727000B0AD00BEAA7FA63D65EF9BBD758966BD1A
:10728000A0428E3D23BA99BD1CAF20BE9F8D3E3ECD
:10729000F2789D3D4DE1323E44C6803E5652B4BC2C
:1072A00033FA35BC3FF6A63B392430BE05C50ABECD
:1072B000E8FE8B3CB23BFCBD4EEDB63D408209BEC4
:1072C000A3F5F9BD38C3F83CA111FFBB6B5B1CBE35
:1072D000683769BCF4F9B23DC06441BE527B0BBE55
:1072E0008F63A83D1AB3F2BD52F740BD36EA00BD28
:1072F000A3DE2ABD03371BBD0A69453C721A63BE73
:10730000C2B6693DAA64183DB7528ABED8BCF93BE3
:107310009B714F3B2A380EBE9E6F7DBC28BE023E3D
:107320009C8155BEC86C05BE8EA70E3D182EA6BD0D
:10733000109CFD3C19D7F33DA7AF51BD5E35453DCF
:10734000FB724B3E0E36303E2F166D3E55D0583EEA
:10735000692DFFBCFDA8563EBEC4273E735A10BE21
:107360004EC696BCD450AFBDEB97A2BDDF27213EE1
:10737000B104C4BB5C2073BD944C0C3E8F678E3C43
:10738000F73D01BDA230473DCEACDD3B64704ABE47
:10739000D56C16BD5B7AEC3C4C40F6BD0B9CC43DF5
:1073A0006D9EADBD4A5487BE8A22B23C81AA143C70
:1073B000FDC253BEAE96C0BC2F66BDBDE40118BE73
:1073C0000B3F87B8E8FB893D668D9DBEDD880DBC0F
:1073D0002CB04CBD3DAFA5BEE293ACBCCB030FBD02
:1073E000355D0BBEBF5203BE9D14AFBCBE68AABDC7
:1073F0007E55833D91A10D3E3927883ED8F9843EC4
:107400001FFD363EB5EC5B3DD4FA2E3D02481F3ED3
:10741000FA4E68BDD920FEBDA051FABCA321DFBD44
:107420001A02B23DA693883CE3A03ABD77D50DBEC3
:10743000F57853BCE88A5E3DB6589B3C9E7D793D0D
:107440006E36603C08A3A9BD5D910B3C33B20CBD08
:10745000C305B93C570301BD453CE13DE8BEB03D25
:10746000A14C91BD1ED48A3CA59584BDC41660BDB7
:1074700098F8D63C111A2A3C3F2A443D5E3D943D83
:10748000D584543D2F4E973CC392283EB1D152BD76
:10749000112DDE3CF4F4133EBC2BB43D21B20B3D68
:1074A00058368FBC16D19ABD9083113E4F88AB3DA4
:1074B000AA52AC3DC0FC8B3CDF9AA7BD2C1B66BD1D
:1074C000EFCA9B3D96551EBEA91CB1BD1DA6FB3C37
:1074D00000500BBE7BF2B23DD4D013BDDE0D303D6B
:1074E000DB88B3BD7F49DEBC1139FBBCE7F7623DE9
:1074F0002950A4BC52AF603DE87861BDC5427E3CD6
:107500006BD48E3D001F0A3D30C56EBD0E27C1BD38
:1075100061919EBCB81994BD0EB65CBD8835B03D76
:107520009789BC3CEEA6DF3D7CCF963DB7D61DBD0E
:1075300046AFAFBB6640A43D05AF063E12F0513EDC
:1075400035FB22BE0ADAA6BB7A8A593EAF16193C31
:1075500038CCDB3CC04E0ABD5EC7E4BC79CF953D5C
:10756000374B7CBC398E5E3D2C3EB03DA37757BD7A
:1075700001A7C6BC6BB3503DB4FCF2BC390F97BC3D
:107580001D830D3C183A30BEED67C33D4ECCD2BDD5
:10759000020E18BEDB442FBECC26F0BB680422BE10
:1075A000C1DAEF3D2ED0FA3D7B32103E409BD8BD74
:1075B000F836EA3D1E8D9B3DEEABD03C1B5E45BDD3
:1075C0004650DDBD336BFBBCD52215BE99EA273D85
:1075D000162936BB25EA00BE59600F3DD96882BD29
:1075E0000B14E0BCB372193C31A625BD9AB327BD7C
:1075F000DF51343DB51F01BC4B1C78BD6600543EC5
:10760000C34B9EBD1A5C40BD3DB923BEB354493D3A
:10761000CE4A38BB26AF02BEEDE3733D2D43053C99
:107620007291EFBD23E43ABD4744C23DCAEC5DBD53
:10763000395A71BDE274103CBEDB0DBEE565FD3C00
:10764000EDC258BB0CD61DBE15DDA6BD7973583DE5
:1076500098B033BE4721563D283EAF3B69468FBCAC
:10766000F3F044BD014ABA3D7BD6A0BDF31D773D82
:10767000B8CF91BCBE4E643D945A89BD4451FEBD05
:10768000D570F4BB5FF7393D7360533DB9B9C83C61
:107690003CEF2CBDF1E507BDB09B083E6018063EEF
:1076A000729D45B87630433E92BDD93C1407C0BCAC
:1076B00036AF563E2AC4A13D291894BCB88068BD97
:1076C000026E0F3DB9CA9CBD5FD12E3DA11636BDDD
:1076D00028A4853D9454B2BD2FA619BD1AA174BC2F
:1076E000531806BE17518C3C7BF6043DFCA6C8BD62
:1076F000D39D783DC3CF2FBD424951BE26E2393DCF
:10770000391D96BC678574BED868F13D0B441EBD1B
:107710003BA29C3D2EE6A53D0A39683D3C5113BE77
:10772000EFB8CF3C52A095BCBB3844BD1BCACFBDFF
:10773000731526BE0EC1123D40F4AC3D054857BD41
:107740003B70BC3D5A933A3D5956193DEEBAB13D96
:107750006CD017BD6740D13DA9698E3E26C151BD91
:1077600031BACCBCE6B48A3E16B2873DDBA5873D74
:1077700006B953BE2AC75A3D2CE416BE8B1DBA3D2E
:10778000E18E0CBEF50B663CCD79683C75CBEDBD4A
:10779000F8BC84B97BC5F9B9A352F9BDB5C7093B9B
:1077A000A26D4DBD4747913DAE1F64BD2292F2BD13
:1077B000EB5B893BE1BA343DF796D8BD9CAC00BD8C
:1077C0007D52FDBC22C6EC3C47D6B53C8ADE43BCAC
:1077D0009519623D01CD923C1941AABC9DCC97BD43
:1077E000F2DD43BD5BDE30BE72FF0FBEC9D3E43DA8
:1077F000C0DF1EBE48AAB6BC14C4B9BD1A815DBDA7
:10780000D2112D3CDF39013D7E7B903BD4A7A2BD38
:107810006C01F0BD328DD7BB5F136C3DF0C9873D65
:10782000F8C7C2BD35E026BC6FBBA83D0469E2BC09
:10783000B713183C1A04803DDA5817BDC538AA3C66
:10784000E643783D4FA9103D326899BD88AAF03BC8
:10785000D22E09BE0893BEBDCF01823BC23B89BD7B
:1078600089E0C0BDE86733BC7401F83CBCE1B93DB8
:1078700006AF703DD49A75BDD39FD7BDEBF7D83C0A
:10788000BEAFA03BD4D0A3BBB43B563C5A3846BE97
:107890004EADDBBDF93FB2BD0A4AEFBBC28938BD70
:1078A000443C37BD678373BDEE87723D76D4F1BD2E
:1078B000F1EBAABD5699DCBB972B18BD4EF9B4BDB0
:1078C000F3605CBD9DCCA43DCFF1EABDFBC8223D79
:1078D0007F0FF3BDAD2792BCF61EAFBD9D4EB1BD6F
:1078E0003D56B1BD537004BE4108D6BDD4A7963DE8
:1078F0008329873D780AA23CA07BBC3BF2C190BDA6
:10790000D92FFE3C10D2803A0664B83D1FC91DBD78
:107910001F98BBBDF10B1D3D62FEA4BD1F7EA23BA7
:107920005FB38BBC281E2FBEBBF861BE79397DBD0D
:107930001FA61CBD3A503EBE57EE88BD2AB869BD91
:10794000826568BE069D0CBE7CC1A1BCAFF353BE70
:107950007886DBBB1F139CBB14C143BE7C96EABD7B
:107960000AAEED3DF49402BEA9891EBC317ABA3D3F
:10797000B20C93BD21A4B2BD6C73703D708892BDF2
:10798000F218F1BD1D30AB3C1A2A5BBE7EDABE3D5B
:107990009D50333DE515CD3C3437DDBDED02DFBDF7
:1079A00041D106BD82A9C03DA30E22BE0C54D4BD58
:1079B00099626CBDE14731BEC93A033C32EBD53C1C
:1079C0005EB3B6BC63A407BD6CC1063ED0B5BDBDF9
:1079D000BA5A0DBE1853233E095395BE3CACA7BD01
:1079E000A762B13DC84B80BDDC051ABE363D5ABC0E
:1079F00026C85ABD88D0ACBEE0536FBD42C0B3BDEF
:107A000015D19DBDBE662E3D229A3DBD2A4EEE3C4F
:107A1000F0B2233DBBD7C53C47C74EBDEA7AEFBCA9
:107A200012E49E3D8840B7BDC4C7073D230792BC02
:107A3000137471BD8E1E34BD147203BE71593ABCED
:107A4000870CE73CF06C3CBE3FEC8F3C541380BD90
:107A50000E5A97BC941730BEEEC6303E56EEFE3C32
:107A60008C23663D959AB83D5AEAE03C47979CBD09
:107A70003F7D1C3EA2E912BEA01B46BD70E9653DDC
:107A800013E50A3EFC8B973C169CF43D021B5ABE44
:107A9000C2528F3DF97487BDC55CC73DDE05C9BCC8
:107AA000653783BCDF375DBD45021F3AACD9F03D79
:107AB000E1784ABDDE7511BE12E5DD3B952A0E3C2C
:107AC00077EDFA3C970E2E3D4576393E6D3CD73D1D
:107AD000DD8E363EFB5FDB3D9BC4A53C55A8DDBC7F
:107AE000D65B543EB625813A4F8C083EA421CB3D4F
:107AF0005F25B3BD1B63123EEE93ADBC7386E33DC1
:107B00000D95A63DA7EB73BEC138A7BD54E6643DF5
:107B10008D2C613DB45D1C3DA1EB23BDA4418C3D8A
:107B2000FB0A65BD1ACAC5BD23EC0E3DC50C92BD4E
:107B300013134B3CCBEBA7BD4E3274BD1056D0BDDA
:107B4000EE88AE3C97CBA6BDE4089BBCE27EC83B6A
:107B5000A6E0623C457212BD22E0DDBDC5DD9E3D62
:107B6000E65187BCA68DCB3C9FE82B3C036137BD1B
:107B70002A34E9BCC673BA3D843A78BB0AEC213D8D
:107B80008AB014BD99224E3D2069C03DA465AFBDA9
:107B9000194685BCACDA3C3D8323F9BCBE6DBBBB4A
:107BA0009FC0513DE9F7743D978D773D862525BDF2
:107BB0003F13B0BDFCA99ABC45E4FDBB523BC73D99
:107BC0007D7711BDE9CA22BC133BADBD25174EBD63
:107BD00036DFC5BD834A1FBD3F23763DF3239D3D60
:107BE0002568EB3CA5DFC13D6A184C3D396095BD69
:107BF0009A7495BC518E8EBD5894B03D2ACEA43D4A
:107C0000E82B4C3D897D13BC80CC81BCE25E69BC15
:107C1000BE7BAA3DC920913D5CD2B3BC708890BDAB
:107C20008F0E11BC0F7E84BA63FE70BD4091C33DC0
:107C30005A5864BDCD8CBF3D0E2FC73D9CBDA0BD25
:107C40007B92143C1C1643BDACC7CCBD674437BB0C
:107C500088D8023D0CEFD03A8FD38F3C39FA83BDE0
:107C6000EB859CBC17DD94BDE91DA03D1D3D3D3D50
:107C7000C17ED8BD5E95333D8608B43D95098FBC65
:107C8000986A9DBDE8A5263DEDC3A33D2CA1D7BDB7
:107C90004D5BB5BD182D8BBDA03401BDC98BB9BDE1
:107CA000A2DF84BD9D8AF13C7B06C33DDADCAC3AA1
:107CB00061F5C2BBE13AA8BD2B94373B62AA623D95
:107CC000DF8B7C3DBA81923DCFEDB83D3EA72FBD05
:107CD000B3DC90BD6C7BAF3D42448B3C5E239C3D4E
:107CE0001446BABB8DB1B63D00CEC2BD63C890BDCF
:107CF0007D7E38BDFE32B53C0288C6BD1C03413DC9
:107D000028E5FBBCCF4CC73C11D330BC569028BDF6
:107D10007CB50CBD42B8D8BD68F0E53C5D28D2BC4E
:107D2000BBAA91BDD438333C10B4A63DB77AC8BDC8
:107D300064A59EBD3CBB42BC20CB2CBD13595EBD8F
:107D4000A420F93CE067B63CAD5EC4BD45E9C43D46
:107D5000312B14BD0618AFBD1904D4BD2EF86DBD6E
:107D60008EAC64BD2DF19FBDB471D53B98724EBDF4
:107D7000E5E3833D5E9ACABB60FA1FBC5EE45BBD6F
:107D8000742ED33C6835733D657A463C4E46FDBB48
:107D900008DC863D4854223D41E97A3CE1B8D7BD34
:107DA00035CAD2BD8ED68C3DE965EBBC1F77B83C99
:107DB0007025B6BDDB4FC4BD1AB8B23CFFF78BBD12
:107DC0008FA8693DCC4F55BD23EBC83C78009EBDC4
:107DD000DFEEBBBC9C0D7A3D3991013D943290BDE4
:107DE00077EA813C6C2C01B95E6D3ABD2244883D36
:107DF0000A82AB3D515CC23C3308B23B4DD52DBD30
:107E00002D6BA9BD19A9BC3C724AB2BC672C5BBDE5
:107E1000A99869BDEA95033CC092AB3DA97DD4BD4C
:107E2000938B0EBDCFDC0BBCC1B481BC14CCAF3D79
:107E3000D42AC93C2E66AFBCA84148BD07D8DABCDD
:107E4000244AB1BDBF29523DC3F348BDC2F193BD21
:107E50002AAC3E3DE0E5AA3DB4D25E3D7B0503BDC4
:107E60006B8F95BD07DA64BC1C0C493DDFB0BEBC0E
:107E7000DA95B4BDD74BB4BD994982BADA4246BC53
:107E80000FA7ACBC106A133C8C0FDE3CEDC9C3BD20
:107E900099BC5ABEA6760D3E19A1043E3C3597BB4F
:107EA0000A0046BC39D8063E4247C03D89F5E03D50
:107EB00040E2C8BCF43AAFBD3BCF7C3D70FCC43D52
:107EC0002804F4BC5C720E3E00436DB9A1244B3E05
:107ED000C4306A3D0A39853D57FD02BDD26C893DEB
:107EE0008183F4BCD98F513E44B7DDBD5D40AABD4E
:107EF00051BA493E02B5253EF3C1893D4D31813D20
:107F0000D4E382BB0A4249BD61B1BDBC1A0A883DB7
:107F1000EDBDA8BD9386333D5A559DBD1A3EC63D65
:107F2000D4FFB3BC6F655D3CD10184BDA5A528BE5F
:107F3000DC7BC2BD53B3B3BED07D39BE681339BE3E
:107F4000799223BEC67E47BE7EE084BD510B193CAC
:107F5000DBB08DBDD10373BD06CB4F3EB90A913D59
:107F600028AEC1BC4A6E8C3D6F885BBE3EB5533DAA
:107F7000D665B53CA95FFBBD2EF5A6BC7A880FBCC3
:107F8000DD843A3E0081D4BD3B03F43CF4DF483D40
:107F9000F6578A3D8C328BBD814E863ECCF3743DC4
:107FA000D016F7BDDB90983ED3DA1C3D59CF773D14
:107FB0007B62DE3DDA82D73CB57CCDBD3803333EF3
:107FC000605811BE021518BEA61BD13D527510BDDA
:107FD0001A58D4BBB8ABD2BD903FBD3D4DCACCBA48
:107FE0007E2F21BE91D33CBDC3CE70BEBC8789BE5F
:107FF00031571EBE1A198ABEF691C5B9B5FE643D49
:10800000ABC50EBD0F18433C80DA04BE21F9A93D73
:10801000A3F1DB3DBCDC6F3D97E89FBC289D31BDE3
:1080200064917BBBAC75DF3C265F24BD7333CD3CD4
:108030005D51B73D9DEE253ED5FDDABC43394ABCC6
:10804000DF2602BEAE0EC43C66A0ECBD6E4F983E6D
:10805000886A0EBEA5E9A3BD0200B83E454D9F3D0E
:10806000A73102BEBA3D783D8C85B43C938291BC69
:1080700003F749BDDEAE783D4C08913C9A58A23DCD
:1080800065E610BEA442C83D1CB2F1BCCB9675BCDF
:10809000871B253BE3B969BC040A7A3C8067ABBD0A
:1080A0002D8C21BE306E04BE605392BEC80F4DBDF4
:1080B00069A581BA5DEBEA3DE82D85BDFF99BABDA2
:1080C0000694D83DFF0A0D3D554C54BCFCD7AC3B43
:1080D000732E8D3DA3AB8ABD4F8B1A3C05DF823DCD
:1080E00063673A3E15DF173EB62FC53D6394E53C06
:1080F00003268ABBCD1A343D5580AFBCC597FB3CE7
:10810000EE49C73EFEE6F9BD93A610BE67E8A43E61
:10811000198E1B3E03DB8CBD5D08FD3D3C85FABC22
:10812000AABA243DB56A09BD318D523D6C1902BE13
:10813000554B83BCDB20E5BC8B5024BD818512BC34
:10814000247B723DA65C70BC0C028B3DB0CFA2BDFF
:1081500059FC60BDA1B1A5BE584DD2BDBEB5B0BEE3
:10816000FEE05ABDD050D23D761E8B3DC55B75BD3D
:10817000A7B4133C8C47F03DBE42A23D4CD6113E05
:10818000CF392F3DB2B2EF3DC708983C4D612DBDB0
:108190001110BF3DC5A8A03D16E40BBDFBDD993E07
:1081A00082B6B23CCDDA93BCB47C2E3ED20E843D76
:1081B000D846B8BD6E208D3EF38F6BBC9115D4BDF3
:1081C000E59C6C3E2384953C0927BCBC46EB17BD5F
:1081D0004C8986BC5E5F47BABFAFD7BC763340BD23
:1081E00029A2B4BDF1CB76B975B987BDA595983CE8
:1081F0008F909F3D030FE93D64BE453E2D95833C26
:10820000A63F50BD5D1F7B3E53C298BEA31CA1BDBF
:108210007B6876BE5CE155BD9315173D7501843CC6
:108220000A4E6D3C5665DFBDF0FEBF3CEEE1D93D28
:1082300008EE98BB99D9A23D11F0C0BDE0F79ABDF8
:1082400054F150BDBF86AB3D624806BD3DD86EBC03
:108250002052B6BDE19E8B3D2E5E54BCA4A7103DBE
:108260008D0B5EBD85AD4BBD1D940ABDD281B1BCE9
:10827000ED8CA03D9DCC78BC13E934BDBAF2A6BC10
:1082800055FDC8BDF4FE9ABDCA27C63BC90AA43D28
:10829000CAF4BDBDB14E7A3D7F92CDBD12EBB7BDE4
:1082A000E8FDE4BA61CA193CA1CCDDBD4BF1CC3D7F
:1082B000B0A1C23C3AA36ABD574EF7BD21BE11BE64
:1082C00038DB1ABEBCD586BDC0ABF53C1BF984BDFE
:1082D00045C564BD928FCFBC5E51CCBB1F811E3D96
:1082E00073EA8FBC59959FBDEFCC223C5F13E73CEE
:1082F0003039A43C243796BD7C82E2BC83A7F5BB11
:10830000A7EB5CBD6AD9BD3DAFC8A2BBC2B9E23C18
:108310001CF7A0BDC2F1913DCA9F9D3B658BB2BCCD
:108320005B4D85BDB96F8CBC0CCF3DBD8EEC643D03
:10833000E324283DC2DF893DE2DF6E3D7F4937BD42
:10834000071BBD3DD91C043C2792D1BD3A82123C8B
:108350009B09683D7B8B053E4931FABCD3D8C3BD30
:1083600094DC313DA01FD03C2701723DBF5FFBBDB7
:1083700097A191BDF9F30CBE75BDB2BD3F021BBD07
:108380005CD7BDBDF3DDCC3D2080383DC0E297BD5C
:10839000C4B7E73D75A02ABD26666C3DEBF865BD08
:1083A000B14F07BEAFA1963CE70EAEBD27E23C3D04
:1083B0004A5FC2BCAD9CB9BDB7265DBCB567F8BD10
:1083C000FEB693BDB5F450BD02F8033D0B6778BD12
:1083D0009ADEE73DD528D4BDF02CA4BD1278B43D7B
:1083E0001DF491BD1D6CC13B3B1A703D73C6A4BC0E
:1083F0009ACF95BDC06BA33D19F202BD081265BDB1
:108400006C3EE6BDCAAD34BD31DC2FBC2AA807BD29
:108410003AFC1A3DADD15CBDDA74753DC3DE1C3C3F
:10842000407365BC6F1974BD093E09BD9E4E57BEB1
:10843000298008BEC21E2E3D017516BCBA98AEBD7D
:10844000D82CE7BDF0FD84BC8A217E3CAB35533D82
:108450000F216FBDA64DCA3DEB00713D65CE00BE3C
:1084600002B583BD8E6B143D00108DBDEF23EE3D34
:10847000747F73BDE843C03C60D7AA3D001896BD29
:108480002C6CF83DCF70193EE85AF4BC9E4E9DBC52
:108490003E14993D5DE4623DA89D20BC96FD3EBC26
:1084A000210771BCA1D006BDF2C20FBDD748BCBD2B
:1084B00053B044BDA72514BE0DCC17BE9F7D3D3ED5
:1084C0002971ACBD54978BBC2C451B3E4198303D67
:1084D000F213443D0D97333D200A15BE25700C3D27
:1084E0008137A1BD696833BC9821A13D7D11F53C60
:1084F0003237923CBEC976BD3A55083E14A5203DA0
:108500003E86653CCBB5893D7547073D8DFD413CB9
:10851000EA8D12BEC01C703D89EF9F3D04F7F4BB8D
:1085200080E8B53DD4353BBC49E437BEFB75AEBDF4
:1085300002D065BD8ACB533CD7064C3E170E60BDBA
:10854000ABF3B53D6F2FF53D40D1D6BD4C89573DBE
:10855000FF87D03A24B0D03CBD7993BD198A2FBC97
:108560006B0694BC16FB083EE79CDCBD881B24BE52
:10857000FF13E73D95624DBE42984FBDEB62393E19
:108580008554063C92479F3DB4F7433EBED17DBE25
:108590003738A9BDB6CCA0BD8C04613D44291D3D32
:1085A000A40CB93D9DB473BD29B7E7BDB8407F3D6C
:1085B000C529E1BB4F4483BDF25AAFBDA063693DFD
:1085C000F4E9AFBC7BE68D3DAC6D9C3D5EB35F3D99
:1085D000C125DFBDF0BEBDBCDB61FA3C224001BD60
:1085E000638B4DBDB44DD73D3E67253ABC9716BE53
:1085F000F4AD2DBD01E384BDD59B15BE3680D0BC46
:10860000A0BEA53D4CF016BEC90993BD8E82BEBC6E
:1086100070976ABC4A4A8F3DD124D93CD336103D6D
:10862000A47489BD23722C3EAF03223E192DE53D73
:10863000DEFA083E5AA6ED3C8CB3E43D25CA5B3E0B
:10864000A7432BBC9DDE703D3150133E55F011BB4E
:1086500052EA983D45B4EA3C8DD8B23C3964C7BC77
:10866000790C1D3CEBECC73DF8B3B63D33FA403D09
:108670004A47C73D61DB9EBCA448F13C92179BBCB6
:10868000408C7F3CE8DF293DA162A5BD74C0DABD06
:108690006BFCA6BDF8228DBD2CC5223DC687C73C0C
:1086A000DFF0F3BDD74CCFBDF92AD5BD4CB428BE01
:1086B000E3F816BEA4A602BDBA9541BE3A8395BDA5
:1086C000BC2BC93C6D7840BEEBE0CABDB0CC80BDD0
:1086D000B18E713BFAE853BDD7B6C63CB576A9BB9F
:1086E0004407343D80970B3DD896C73DC0E2D43D4A
:1086F00078C91D3E9E61F23BE9E5F13DE0BFCA3C11
:10870000718AE4BC5A36ED3D405F103EB60D78BD2F
:10871000CDEA0C3DDFC6533DF1ECB53AA63A283C14
:10872000585FA5BD6AD03C3D8D196FBD8B3ABEBD6B
:10873000F0E593BDC0CA2DBD1DD1ABBC655CBDBD10
:1087400077EF8BBDC2768BBDA2F08E3D3E4B37BD21
:1087500023D6D63DD7969DBD8643A4BD230FE7BD46
:1087600034B356BEC577B9BC59FA6B3D933192BD4F
:1087700026C89CBD233A0D3D562298BD9BD29E3DF6
:10878000AB89E7BCE4150FBD8348CE3CE0D1073E82
:1087900082E3D43D6D184ABDFD260F3E6601853D3E
:1087A000A7B76CBDDDEB883DE5BF11BEA167943D69
:1087B0002049963BFA51AABD7D4B0A3E3D918B3A2A
:1087C0002AF89B3C53314FBCAC45F63C5B2CC9BDF1
:1087D000743FD13D469BB83DC74BAFBDBFAE0DBE4C
:1087E0008984343DA0E554BD8A465EBC13A544BDD2
:1087F000A41611BEA79CD83B195698BCBF4B41BDCF
:10880000C5502F3C0E95ECBB2D25F0BD759E02BECC
:10881000D81E19BDEEB81FBE4E77BEBD53787D3C45
:1088200095202EBE8D366B3D223B7E3C5BCF7EBDC0
:108830002E3CFB3BA10501BD01A3063EF4BDE63D78
:108840007485DE3D564FDC3D473DB23C4B42E23D38
:108850009F22E3BD7576153BD9AA143EE2BC003DCC
:10886000DB951CBC32F8493DEFB3FBBD847C973DE2
:108870009AFD653DF92F3ABE7C16363BF58EAF3C2E
:1088800057E82FBE2397DB3DFA47CFBD20FAB9BD8D
:10889000EBDD07BE0A41A1BC824B90BD9F37A13DD5
:1088A000F27FE2BB4F34EFBD917083BBAC5B653CA4
:1088B0002E3F1DBD44D20CBAA3C66E3B71959FBE20
:1088C000C78270BCFC8B05BD3DF2B2BD31ABD7BDDC
:1088D000EDB8273CEB10E6BCEF10CBBB8B027B3D29
:1088E0003D3400BE277ED63D6039BDBC2952D43D03
:1088F0001040163D53F74C3E033DCB3D72DBB53B7C
:10890000FC94F83C8FCBAC3CDC07F43DA725873DBD
:10891000E6605E3CC32BAFBC8C439EBCA0C303BBD4
:1089200040D589BC961A40BDF0E2E3BB3E99683D54
:1089300040F377BB8F97843D5AC24BBDC0E9E6BA7E
:10894000BC7B98BCB3A14DBDC63DAABD5A738BBDBF
:10895000537B7EBD001CA2BCC04962BB2A8B5A3D22
:108960006ACA023DD48DB6BD6EDCD1BD1D8538BD51
:108970008A9C5A3D60C8E0BC0966BB3DA2165C3DBE
:1089800094059E3CEFFEB0BDF4AE73BDCE88503D65
:108990009C44B03C685D4C3CDB199D3D080686BCA0
:1089A00087C29B3D90E74A3CBADA313D70E989BD08
:1089B00000C8603A8FFEB2BDA4249ABDAC49B5BCD4
:1089C0003E1F4C3D85C282BD3ACC043D00793CBB84
:1089D00063E19A3DD95E973DB33C56BDE6A1113D9A
:1089E000EAF3613DE0543EBB011DCFBD4049E43A8E
:1089F000C7BED6BD6E3E75BD82CA87BDF03E9B3BED
:108A0000A6D47E3DDB28C03DE89877BD9D2F65BD8F
:108A10006EABA4BD77E2B33D606235BC78473EBC27
:108A2000425C563D6C2EF73C9AE3C3BD3840D4BD42
:108A300044E8D2BD769E323D5C7AC23C785F2FBC62
:108A4000299E983DF28F233DAC2BF73CB41757BDC0
:108A5000B5BCC93D007D26BCD2CA683DE44B27BDEC
:108A6000B105D1BD13A2883D2C030EBD8CB4B7BD9A
:108A7000AD9683BD96D462BD7482A63C4D9F63BD06
:108A8000E92E973D8849CDBCE0B7FBBB3EBEA1BDFA
:108A900071A389BDF66A093DA375C6BD4029A8BC6E
:108AA00040B8D2BB0828D8BCA1C190BDA734C2BD74
:108AB00000DD103B5E674ABD3CE09CBD76FDD3BD4A
:108AC0009CDD2CBDC07136BBCB317CBD37E83DBDD4
:108AD000CC6CEE3C2F67A33D28DBC9BC59AAB8BDBE
:108AE000A69A1EBD9A4B153D002187B94ABB223D6F
:108AF000EB10C4BD922E173D62C912BDD4F172BDF8
:108B000023C1D53D2E2D2F3D3AE8103DE750C2BD83
:108B1000CE783BBD843F92BD654875BDB925AB3D60
:108B20002D55B03D1B8232BD7EA7ABBD17F6993DDA
:108B30001B5EAFBD1403A63CB10AAABDEC00743D98
:108B4000F2A03BBDF975893DF16E69BD50C10E3D86
:108B50008E13B8BC92259FBB60684DBD3552BB3D9E
:108B60001824903D3C9BED3C5C0F1E3DD9E9193C1F
:108B700066B0043CF2C9C0BD64E5AD3C1F60C03DB9
:108B80006A0CAB3DE2A1093D0B11933D916D363C62
:108B9000F325363DDDD5F83BD81064BDEC8235BDFC
:108BA000E98F733D9BF415BDF32CA4BD7D51D13DE0
:108BB0003682B33D92EFB03CFC07BABD5BE6A3BC86
:108BC00050E858BD2BC297BDEA3475BD419EF1BC3B
:108BD000D8BF05BDD262243D2A6D49BD8CA7D7BC44
:108BE000929F9A3CE181D7BD7C7CB13D5E9D043C67
:108BF000DCDA59BCB4942DBC5680D33A85A6AD3D81
:108C0000604A453DFA79D8BD04E514BD591B6D3D58
:108C100065E1433D393B6EBD296A2DBC4743AA3C03
:108C20007B0C7CBDC997A9BD25E50FBD31B03E3C8D
:108C3000D9A3A3BDE1AB87BD766EAFBDCFAB46BDBB
:108C4000CA51633CE3D3CC3DF940883C692A0C3DD2
:108C5000F22CF0BB810664BC598AC0BD9110D0BD16
:108C60009F153FBD88D951BD54FF883D4ACB073D74
:108C7000C31ACABBA4EDB1BC04DE8CBD2869C83CD4
:108C80003D322C3DCCDDA2BD1A6F2FBDFB83313CA4
:108C9000C2ADD03DEA37673DDF4BD6BDA1C3D9BDDC
:108CA000703ED83D45670ABE6D6D393CCEB58ABC75
:108CB00051934BBCD361643D8411CCBDE08943BC6E
:108CC000D4CB7FBC76BF353EB3FBDF3BD219F53C3E
:108CD000707798BC2765513D7CC77BBDA7D1D7BDB8
:108CE00060A0123D139C483D5364E53DDC0B9FBDE5
:108CF000EBEA60BDD7C10BBDB19ACFBCE35830BD24
:108D00003740B4BD217186BD5E7975BCCF6FD83C4C
:108D1000086E4C3AC439E6BDAA6B063D05A44CBDAD
:108D2000C840343D44B5563EA19AB73DE0EB6B3C9C
:108D3000C1AC0E3EDAD4353ED460A63C787A1E3EF5
:108D4000B88CCEBDB32FAC3EE67BC4BCFFC0D3BC59
:108D5000EA4E543EE49AEC3D2AC7DABD504CB6BC0C
:108D60001D334BBDA570593DD216EC3DA781F5BD15
:108D7000238B20BD75A53E3CC1100F3E01A008BE4F
:108D800025E320BDBF0317BD4462BEBD7AE544BDE7
:108D90006F345FBB6FC7553D641ECF3CF6B0253EB8
:108DA000AC5274BDF10EAA3D71B92BBE18C63D3C44
:108DB0008F7148BD12D313BE3AB38DBD47FE6D3DD2
:108DC000B4C1AE3B8BAB9B3D1028FA3CD811143D8F
:108DD0009FF2603CC56A00BDC2286F3EDDFDA23D2A
:108DE000547BE93A8311353E6C5CFB3D8ABE943C72
:108DF00023BC063EF9B66A3B2DCC063ED0C5AC3D41
:108E0000E4C795BC00AF463EF6630A3ECD7DB73D54
:108E100001CB83BD2E5F05BE0629A6BD52D69FBCE1
:108E200080BB01BEC06136BCA7ED86BDF526AD3D59
:108E3000F6664B3CB3C1033DA663E3BD4FBAA33D09
:108E4000DFB8F9BC3B7007BE189AC7BCAFA63CBDE3
:108E5000A1B7BD3DF841CA3D802400BD8C63E3BD90
:108E6000617FD9BD58F021BCCC491EBE9AE4B4BD87
:108E7000C9700FBB1690F5BD54960FBD68C22BBDCF
:108E80009836E9BD39B548BDD0F0E7BB44B2BC3D2A
:108E90009578FD3D996E173DF3168C3E3235103EA8
:108EA0000A2D15BDE49ED83D7C11853D9F668B3E05
:108EB00040E6DCBBC01E4A3D4816373EA49530BA9A
:108EC00020261B3D906CB3BD528858BEE7E9073D94
:108ED0004D41B53D4BC76CBE18335B3D70819DBDA8
:108EE000F14EC6BCD1110A3D35DB44BDA2917EBD19
:108EF000FDBC043DD8DF7E3DA08415BEA5C8983CCE
:108F0000E8A695BDE7A3AF3D8FF0DA3D7D00263D95
:108F1000615729BE1CBBAC3C139BC03C0DD185BE28
:108F2000129E1BBD424542BD329D2CBE4BDFAC3D67
:108F300016671DBD309A08BD297DB73C82978A3DD2
:108F4000319B373EF300B63B3D0085BD93DB983E39
:108F500040B3DEBCB5C09ABD9EA2CDBD7269BF3D17
:108F60009EEE4C3EBC81B33D740E513D41B8093E6E
:108F7000ED0F553DF94505BEF63D1CBDDE4581BEF4
:108F80000285DB3C97CDD93D3F6F9ABE2CD388BD7F
:108F90001014BEBDFAD975BED1B07DBD7B84CA3D6B
:108FA00043F390BD46559ABA340A433DCFC957BEE4
:108FB000EBD0013D94A2C63DB5E6533C971CA83DBD
:108FC0000C4C84BA7C01BCBE129A7DBDA548AD3D57
:108FD0007F2B69BE20AE01BDCE2EA53DF337B7BDB8
:108FE000780D8E3DB2DCAABB2CD1B7BD4ADA17BDD5
:108FF000A97A4F3D5EB10E3E4BFF1B3D219E6DBDDC
:109000003F62BA3E481C253D2568AE3DB7BF06BE4F
:109010003AF6CCBC60EDD1BCFB4026BD31C65EBC8F
:10902000AAB21C3E76D59EBD3832913DD553A4BD23
:109030008D8472BE3C8D3F3E9E23F6BD3F208CBE8C
:10904000B6F51D3E2A2F05BEB60A4C3EF350A03D94
:109050002E71ACBEF4E8D13CABDEEDBDA56632BEF0
:1090600096358D3DD65E153EEFB78B3DBBEC93BE7E
:109070004FD3F03B4A2D6EBEF463CFBD12DF9BBDD4
:10908000C893A8BE96ED2EBE6AF7DEBDD534A33BCD
:109090004FFC103ED18FF2BD300DD4BC317DF23C7F
:1090A000BFF50FBC4D0258BEE9C607BDCFDADF3DA4
:1090B000C3C48EBEAE9718BB532E65BE4ED522BE1E
:1090C000F7EE1CBDBF0A133EDA48A63D808CBA3CC1
:1090D0003FAD9EBD0D7BEEBD91C5FCBCD162463D52
:1090E000C67AC4BCD55D7ABEE0FF913E79ADF4BDD1
:1090F0004F9352BE8F7878BB871BEBBD3139763EDC
:1091000058BFF8BDA52143BEF55F533DCAE559BD23
:10911000926193BD94A1183E1E3A72BCFB380DBDFE
:1091200041221FBE5E378D3D8C7307BEEB140ABD16
:1091300013253CBDF07E94BE642FAEBD46A35FBD3B
:1091400086550B3D583B963D19894BBD0049363C31
:1091500047BD1BBEF459CFBD331059BEA666063EAF
:109160007CAE5C3D390DB4BD94F4663D91DD5DBCD3
:10917000B27C81BDD56FC83C67AF0D3E0986363ED7
:1091800084EFC3BD3F4EB73D9A2F81BDD3F0A93DBB
:10919000BC2D8A3DF7D6B1BD1FF1C4BDC39E543E60
:1091A000DF4402BE12CB12BDACCAA0BC0E65143D9A
:1091B000340A053E35B94ABE3B13C5BD0B42D03C0F
:1091C00022904FBEDB84D43C18E81ABDD67FB7BCD2
:1091D000DE33D93AFC2084BC374207BDF6EFA3BB8F
:1091E000716A91BD48E1503C9F8F05BE830266BE07
:1091F0001386D9BD7362373D3417243DE5B3A63DD0
:10920000A6BB023E313BB43CFA0E51BE7C6098BE18
:10921000E08F593DF9B17E3DABAA963DEF06123E77
:10922000F2BDCCBD5AD9F13C29D3373CAE6E2C3CB3
:109230002872553EA17A56BD8C66543EA4DE133E7C
:109240004A45683DEC47563DFE438EBDB00AE3BD3E
:10925000FEBA1A3E2D535BBEE62AA73CF276BEBC90
:10926000E8500D3DA5C53A3E877656BEEFDFA9BD55
:1092700083B5513EC16EB9BB0D707EBD75F8C7BDDB
:10928000D1D4BABDEA1D4BBE3E464FBB7D5648BB4E
:109290005891BEBD3844E7BD7BEB1E3EE3CF5F3D3A
:1092A00058FB153D0E91A33D22CDAE3D852F3B3C95
:1092B0003B653A3E3F43503D7E14D13A6C62C0BD9F
:1092C000449EF2BE3264273E94EDC83D5ED1593DC6
:1092D00011FFA33D80601EBCEF08703CC10EBD3C79
:1092E000C0ACF93D831E133E154067BEB3BA683E5D
:1092F0003C519D3D3E66C73DFFEC1F3E4C7D28BE68
:109300003F291FBE249DB53DB3ED2FBE1D208ABD54
:1093100078049DBD907E5EBDBB26093EFBACA0BE21
:10932000091E5EBEF7EB2F3D6E7239BEB92E40BEF0
:10933000EA3D87BD0807E4BDB5FBFBBD7B15B9BDA4
:109340006C2A253D962C0EBE96A3B0BD777F8E3D30
:10935000EBA0383E3122CCBD502F88BDB12D5F3EF1
:10936000278716BD1905C73DD125673DF6EE09BE15
:10937000CE73F7BC9ABA03BF6CCB083E2394083E69
:10938000B125B13CAC17123EE5B5473D4DF473BC79
:1093900045B62C3D2D1C8D3DBE55C23D8968F0BDA6
:1093A000ADBF7A3EDB650A3E7DD8B9BD0F87CBBD28
:1093B0002216E53C50462DBD825EC0BD7AE02CBE33
:1093C00095E8DDBD67C6BF3A4D309EBC8B7D9EBD26
:1093D000347B24BE384171BCF08E33BEBB11C03C1F
:1093E000D5F0B93C4D2EE8BD05598CBD91B8BDBD39
:1093F00084C096BDB5B0AF3C272B553CDE6E10BC8B
:109400008DECBABC445130BD7DE878BDB3940ABD43
:10941000EE1BA5BCAC0FFEBD2B59FFBA6ADC52BDDA
:109420006E4F20BE476581BDA022D1BD5A059DBDAE
:10943000A98210BE421F30BE9D3664BDA5E107BEA5
:10944000E502F7BD3929A3BC3840983DA2295FBB8E
:109450009808D5BD7914B6BCBF4EDBBD5F770EBE94
:10946000F094043D6DCBF0BD97BC00BE85550B3D1F
:10947000AA17D0BCD9F638BEABD47E3CAF2C4ABEBE
:10948000984E44BE215DE53BF0FAB7BC801D5CBD43
:109490002C1791BD78B600BD13224FBD2F7E87BB20
:1094A0001A5101BE1E7251BE2AC69BBDC45CD8BDF6
:1094B000B6C154BE2C2B8ABDDA56DEBCDF4048BE96
:1094C000AA4D3A3D5A5119BC1C69D8BD64FAAA3D4F
:1094D0009CC3DE3C2175D7BDB1ABA3BDA501F3BDD7
:1094E000F725A0BDACC1643D22CF123BA36A65BE87
:1094F000A27736BD77CA64BCE5C434BE5AD7773D7F
:1095000040B3133D1D35D6BD364A66BD7F2D45BBE4
:1095100064D88EBE1410A03DDF59183D373E26BEDC
:10952000F024E13D543D88BD93A419BECA15083E00
:10953000506822BE4B187BBEC46A8A3DE77FC9BC17
:1095400021179ABE2B1E733B3DE6023D112DF2BD45
:10955000CCFC543E33B5A53CCE889DBEDCE3E33D58
:10956000B6DDA1BDFA9DE1BDA0C05E3E50F01CBDC0
:1095700071A4DEBD3CEE133DE12E2D3D005936BEFB
:1095800006176B3EB8CEFA3D6042A6BC7ACE13BD3C
:10959000FC79EE3D7DF8B1BD73CD473C1F932CBDEA
:1095A00083E62EBD4F083DBDB0B87ABD91FA61BECD
:1095B00048232B3E8A14883E629581BD72CB80BBC6
:1095C000BCF9E43C7E8F86BDCBE9CFBD229B123E29
:1095D00088CE1EBE22BB7ABEDB599B3DC536CFBDB1
:1095E00081990CBE03C42B3ED0CA13BD91C66EBE7A
:1095F0002E941B3DDD69F43C2C2C26BEE19E1D3EC5
:10960000A0660D3E7EFF47BD56796C3EC45DDCBC56
:1096100059ECD8BE6E36A7BCD07854BD23AB5D3DA7
:1096200059782E3E48E8DFBD26D7CF3B0DBFD43D4D
:109630005B6450BCDDB6CE3C28A6FD3D78F1D7BDBD
:10964000DE82463DA7FE033E212B8ABDE05BCE3D78
:1096500065CE85BDEA832EBDBF27BABDDD6FF83D5F
:10966000FBC8C8BD3788D7BDFB93DD3E26560D3DF0
:10967000A0A0033EF958883D16AC66BEA298C7BEAE
:1096800061BA683E6CC934BEC80383BEF94F803EE0
:109690006986023DA34478BE2A9A2F3DE32E2CBC56
:1096A00017D33ABE41BD3E3E98F7E7BD98F3B7BE2B
:1096B000968F7F3D4A822ABDB8FDD2BDB49E9D3EA5
:1096C00026C887BD993B3ABFD343B7BD7ACE863C07
:1096D000E57A37BD913A063E958C473D1819E6BDAF
:1096E000E1A6493D5D260A3C202B813C3AA1983EEB
:1096F000A5EA99BD5D8B983BC7256B3EFDB8ADBD16
:10970000A6ECF93DC17C853DB012FE3B27F640BE7C
:10971000A0D49C3EA6CB5FBE798CD7BEC171F33E70
:10972000FA060B3E0DEB703E6BE7693EAF408FBD16
:10973000502F67BB01E4C6BDC0B6AA3C23290F3E2B
:10974000879100BEB59820BE0F95953C3E8E2BBBF1
:1097500024E8313E70941A3EAD395BBD2C8E143E28
:10976000F8BDD1BCFFDD0B3E126F30BEE8BAFD3C48
:109770005333C83D245E47BD7D6688BC7C6726BDEB
:109780001111233DD9E4DFBC45F5B43D0A16A03CD8
:1097900067665FBD250D933DD43708BD77C85E3C35
:1097A0005153423D0A177CBC8D62E4BC7CA9373E14
:1097B0005EA730BE0C7A56BD9DBD053E7FBF15BE6F
:1097C000431CE8BD9C66433E6F1EE0BC410CEC3D73
:1097D000A96889BEC817033E26262D3C067F123C89
:1097E000BB869ABDB542563DF2A7FEBD39E0663D47
:1097F0001EC8F03C51DEAEBD7E2009BE7A9350BC3F
:10980000068E8C3D05CE383DF054163D4A8731BD5D
:109810009235273E19BD6D3D9C9BA23AFD1551BE68
:109820006D0C8CBD4AC6263DC26323BDBA57833D2D
:109830008B429A3C17A280BD4A7D343DE5932D3D75
:10984000D6281DBEDB76A7BDDAD8C2BC7F9A5F3DA5
:10985000026C023E07969BBD99828C3D941A6ABDAC
:10986000AE9F4C3EDCEBABBDD2B107BEEE07FF3D79
:10987000C26910BE3EF0EDBD35B2513E0639C8BDDD
:109880005E5AF63C5DA9C3BEEEA4B0BC62F500BC56
:109890009A0005BE27DE47BED52A893DDCCC13BE23
:1098A00046E957BDFBD54E3B251EF1BDA8ABFCBD1F
:1098B0001223753C8D34A03D1C4957BC6027003EE7
:1098C00091E3A3BDC000AEBC5EACC0BB0E6702BDE1
:1098D000BC2C58BEEB207A3DC73D3F3EE2848BBD99
:1098E000D4E9933D6F1188BDD4785BBC9288B83DB4
:1098F0000B4FDA3D587AB2BD80A5BE3D95BE80BD06
:1099000094449D3C2E8C88BDCE9AC0BD22B1823D30
:1099100026DE113E8927253E03F139BDF90F41BCF2
:10992000F246313E75B446BEB46306BE67FE983D4E
:109930005DCED3BD182BF33DE932DFBE9D3C983D93
:10994000DA5318BD612D2CBD9C0E1ABE8719C0BB01
:10995000F80EE0BD425B4C3D77F6F1BCD0D805BEB9
:10996000DEAE053DF27464BDA4B4AC3C03DDF23D53
:1099700020CAB23D905284BD5246093D83AF8CBC93
:109980008F9ECA3D3D51C3BD2BD34B3D0F63763EE9
:1099900090538E3A5176573DC568D13CA30C143E86
:1099A000535AC1BC26C4863C96FA8B3D320A463DCA
:1099B000F50936BC0F7410BB32DAFC3D1C6DE1BCFE
:1099C000DBDA1C3E3E2BC03DDC00433EA935D8BC53
:1099D00087E017BEE45C2D3EFBF3F7BDDFBFACBDF7
:1099E0007B0E1C3EC15741BCF1CC86BB49E2C3BED5
:1099F0007083F0BCEA3F10BD9D5AF7BDF7350EBD30
:109A00004D82623DD6D88FBD02E0633DF96C1F3EAA
:109A100063AC08BE66C01DBE5B4DD0BCB39EF73CB8
:109A20002F1D313EF5D6E43D8A23043ED2CA783D4F
:109A3000E238783DA96BD03C5B39F5BCE470F63C6C
:109A4000EF60003E5618FABDD68E503D40A607BCCA
:109A5000964C233EC6EC2D3EA541733D49DC13BC1C
:109A600042E377BD3B4F813DB3FB3F3E324CA7BD48
:109A70000117FEBC8D73123EEB6D58BDCE8B7F3D42
:109A8000486B4DBE10162EBC868CDA3DEF83F4BDBC
:109A9000BACF2BBBB011C03C7EEB15BE955CBCBDF4
:109AA000AF5FC3BE2A43FCBCE13AF63BBD53F6BDF3
:109AB00076A23FBE8D4F1CBD575E46BEC0A0DFBD27
:109AC000ADB9DA3CF672253B873DFCBC9AC2F83B47
:109AD000E5DEB4BD49C73ABEE303CFBD6CAD49BEB8
:109AE0004AD09CBD5CE688BDC69012BEA9B299BCA6
:109AF000E27C16BEF95819BE0519DDBD64FEE8BC4E
:109B0000215514BEFBE821BE465518BEF7933ABE58
:109B100003B33BBEC1003CBD43E516BEC8BC35BE69
:109B200080ED983C0A130CBE3B821DBDAFE9243C7E
:109B3000DD489E3C26B187BD6BCBFDBD822E6DBD41
:109B4000EE6AE0BDFDB991BA5EA4EC3B036F46BD81
:109B5000619F2ABD589921BE8FFD3CBEE1DBB2BD9D
:109B600026E335BE787522BEC199853D51F449BDC5
:109B7000481329BEF4701CBEE82B22BD5A539ABD6F
:109B80008426ACBDEE20283D3165863CCF0E20BE3C
:109B9000BE7A0DBD7F0DFCBC73F443BDD264CCBD59
:109BA0005C11B8BAF541F8BD965822BB0BE7A4BDCD
:109BB000DDB4FEBBA8C316BE2A391ABE9F08EBBD92
:109BC0000536BCBDF92B09BECEA873BBC54F4CBD35
:109BD000AC69BFBBDAA0113DB35A6BBED0E545BD41
:109BE0005784E83A7294F6BD4F5F0BBE86299EBD3E
:109BF000B93D78BE28AD833B1EF0FDBC361487BD51
:109C00001F559EBDE6B189BCF62459BE3ACC2EBE86
:109C1000FDBE4ABC69BD29BDDB8811BE48E893BDC5
:109C200078B1213E475065BDB21B423D040E8A3DCE
:109C3000D7E694BD09250B3EC8461C3EFC008D3D71
:109C40008F2380BD0BF6E43DE8E6763D9CE1E03CE9
:109C50006AAE8D3D12B9163DEEF2BFBC427F51BDDA
:109C60000957003E1C4AB43DC183B5BD967A7FBDFD
:109C70005C3BCDBD1CF1A03D4333893DCA95CC3D35
:109C800082A102BCB5F9353D2BD505BE64FA59BC9D
:109C900034B5D33DE829D3BDD1E19CBC2029A5BB77
:109CA0009097713DCA044BBE242F51BDCAA789BCF1
:109CB000B8EC06BD8C9005BEC56A253D4A59B0BEBC
:109CC000B9CE7DBE662808BD3C98EFBD98F923BE8D
:109CD000235DABBC430C2F3E42331ABC6B9BCB3C89
:109CE0005BAB713EB096D3BDE7383C3E9F50323EF1
:109CF000D985223EEDFD46BE9239173E1095C9BD6D
:109D0000B0CF473E8623F03D30FBDC3D4F51DABDFE
:109D100092E6E53DF9AB24BD9087343D92669BBB4E
:109D20007B52583D04E720BE2095E03D7BEF0D3D82
:109D300078AD1B3EB9A9593D5A1F2ABB42919ABD25
:109D4000CDCCB1BDA8BA8B3D5354E33AF47BF83D7A
:109D5000753A13BD2CAC903CB1AA35BE8630AD3DF2
:109D60004F24913D9B10F9BD616648BD15465EBD0F
:109D70005DBE71BE190B84BE85231DBD154A35BE5F
:109D80000E9676BE02DB40BC332BB23DB9DAC23C44
:109D9000840F85BD6F6B343EF20F10BE6285443D6B
:109DA000F6FA083E76C435BD8E855CBE784A613EC3
:109DB000FC48BCBCEC31B33DB6433A3E5AA4283E05
:109DC000F4AE75BDA82CA23D03877CBC394CEF3C9A
:109DD0003D27C13CFABCE23D37CFD1BD74C85F3CE2
:109DE00043C0A53C05700A3E0C550D3DB9C8543D15
:109DF0001D8EA5BD6F823FBE0D125A3D37925DBCD0
:109E00009EBAA93D472998BDE40B97BCCDEC54BE42
:109E10000E06F13DB290CE3C41969BBDA5FFA1BD83
:109E20004EFDD6BCA2548ABEE3EDD1BDD66A3EBD7E
:109E30001F1E0CBE63CA62BECD56163D2EDC053D0C
:109E400030C700BEF509263EEF2BA63D67A735BEFD
:109E5000D2B882BC7A9FD13CC1C524BDA29A6F3CC6
:109E600075DDBEBB29D28CBD25369E3DDD7336BE69
:109E70003E8F90BD808F953D7CD488BDF1D935BE95
:109E8000E6DCA5BDEF0C90BE441286BD24D00BBD10
:109E900006B51EBEE8A4A33CCD3A9EBDBF792EBE3A
:109EA00024C451BD4A7BFFBD17D68D3B823781BD8F
:109EB000EBD808BD27DCFBBDB9BA743D3F4C06BEEC
:109EC0009E3A95BD968FAFBDA2DAA4BD4EFC10BEE2
:109ED000ECB2F3BD7D26CB3D1B8850BD928188BD81
:109EE0004B30AA3C4EE04F3DB2DA31BECEF0013EDF
:109EF00053E1C83D31B13BBE894C0D3EE3ACEEBAF7
:109F0000CA935DBE812A80BD79E34C3DC4520BBE2D
:109F10005AB8F23D9DB54DBDF34E553D34E0213E5E
:109F20006C93D33CE29FAB3DAD45763D1DBF6D3C90
:109F30009B9669BE21A2693CB4D8AFBDD2C7A4BB71
:109F400049D3A3BDD883F4BD0B6F923CC40B1CBB9B
:109F50007867C1BC8F87EF3D7332523CD5A9C7BD2E
:109F60003F969D3DA2711DBDDB5902BE3BAF88BD32
:109F70001B209DBD544313BE7212803C856869BA94
:109F8000AB329CBDF5AC92BDAD74393C3108833D1C
:109F90000FE03EBB8D4A1B3D74B81CBE4A3129BD43
:109FA000B3D133BDD52BD43D362956BD8BE12F3EE1
:109FB000554B21BDF1C605BD569E9EBCF665EC3DD8
:109FC000E13F01BD136879BC3369D6BD1AE3113D89
:109FD000D463A23B80AF63BDFB50023E51B062BD73
:109FE000B2B214BE34E60EBEF2CEDEBDCA878BBD61
:109FF00064A7983DE35755BD0F78EEBDB30D443DC2
:10A000003E92F9BDF1A749BEE5EE463DD82BF6BD1F
:10A01000106E04BEF1A29B3D8FCC32BD314F89BD85
:10A020005C3D18BDBF339BBC13B530BD9990C03D9E
:10A0300060C3ACBDB90856BE415F05BE6831CDB93D
:10A040001876C2BDA7CB04BE757EDC3D001F4BBD9C
:10A05000C5166BBEDECB1B3E69FD3ABC04F1E1BD0B
:10A060007E431C3E425F013DF73ECBBD91ECBE3DC1
:10A070002970593D6BF922BC4E39B23DC645D5BD5C
:10A0800074E8B23DD85F4B3EB3096E3C3D54F83D99
:10A090007B4CDA3D60D10CBE83F1CEBD39665DBD2F
:10A0A0000E72353EB26EDE3D3034BEBCCFBA7CBDE2
:10A0B000D493663DB618803D4AB668BDFD41AF3DBC
:10A0C000730DB13A14BC84BE57054B3D9A6F10BE58
:10A0D0003A8CA3BC2C55753D9425B73BAF0277BE97
:10A0E000E401483C267AA5BDFCDD71BED00C17BC4E
:10A0F000B988C63D435D143E1C5C1BBD90C1E7BCE6
:10A100008B52ECBAF84472BEB962213D5C0ECB3D75
:10A11000C2B221BD473D933D0C6BA2BDDEE195BDB2
:10A1200062548E3DA6E8FD3C03D9313B4190ED3CA5
:10A13000BAD8B2BCFBE2643D3172153EB2E23A3E9F
:10A14000D9BE5B3DAE549CBC716C44BE90EB813D6E
:10A15000C3F250BC0F0B113EBD7C663E70564BBD2A
:10A1600001D22BBE03BC253E35FEC9BD7593D5BDBE
:10A17000742EF93DCF8A783CAB2937BE33A0D3BBD0
:10A1800023520FBE70D03DBE9DE44CBBD7EB9DBDAE
:10A19000E1CCBABE0B748F3D7E11A5BDC19C2ABE19
:10A1A000100041BEC32C183DCC340F3EC86D9C3D01
:10A1B00049F0D23DB544A2BD556C21BD968CDCBDA5
:10A1C00089C180BDD0199FBDB01DF6BD2E46E1BD31
:10A1D00026C68D3D1BDC4E3D1104F3BB5A5AC7BD4C
:10A1E000909A3A3DB7CC29BDCF758C3C0D629A3B15
:10A1F0004AD0E73C39EFC0BC41A1ECBDCEE2DEBCA9
:10A2000082C63BBD1FBE80BD9B53D0BD8A2BCCBD3B
:10A2100024BC8BBDED3800BE7EC36ABD5609B6BDF9
:10A220008992E9BD9F0DA5BDB9492C3D03926E3CB5
:10A23000844C363C4B9170BDAC08FA3B35D83D3A66
:10A240008C91213D937BA0BD7ADFABBDBBCD45BDDD
:10A25000634F8ABBF25D85BD270FAABD0EDF103D9F
:10A2600040B6ED3C4FF84FBD7D8ACE3C9FB3AEBCAF
:10A270003618D0BD9124263C3B1399BD32DAAABDD5
:10A28000D94A143DF92B623B3953ABBDAD10E7BD44
:10A29000C59E1A3BDCD50DBE40DBD4BCC48782BD55
:10A2A0007A6D2EBE10B0F6BDECF0113DF5D716BE9E
:10A2B0005C7C8EBDF10BB2BD319092BDF91CF1BC3E
:10A2C000EA2702BE9AF7C33B017E1B3D18EB20BE76
:10A2D000A99525BE3679023DE85538BD61FD23BC00
:10A2E000C04BE63CA1BE283C1589D5BD699417BE7C
:10A2F000DF2A8D3C47BC0DBE4D7726BDE49314BECE
:10A30000D1EE8E3C8362E0BD898199BD71B209BEF8
:10A31000698B84BD5DDB18BE8ABF85BCD62F32BD7C
:10A32000837FEFBD38A63E3E262398BE7B3826BEEF
:10A330008967903DDCCC05BD93D482BE156A613E31
:10A3400013115BBE0BEE00BE6AA6C23DBF60BABD74
:10A35000D80F393D4C7EF93C194D7BBE98A563BDA5
:10A36000AA0AE1BCA4DA2E3DC6893CBE4C538F3DFF
:10A37000A32341BEF70EEFBD2AF009BDD1BDE4BD58
:10A38000EE0787BDF20D2D3DCE13603DDCA6943D5A
:10A39000F08381BA0B78DB3D078089BD53A644BDAD
:10A3A0001F267D3DED41B83D3896E03CECCF3D3D6C
:10A3B0005CC2533D9EBB253E9CA9FF3D89BB03BDAE
:10A3C000E0DF2A3E2BF78ABE30437ABCA11F2FBDA7
:10A3D000EE76BBBD403194BD6813EC3D8A0E89BE5C
:10A3E0005D23AD3C665EB23C0F460BBC15AF3ABE7A
:10A3F000AE6D5F3DD74823BEA453B2BDBE8ABABC82
:10A4000097FD8BBB2C3EFB3C76FD7BBC05D08CBE08
:10A41000E95D37BE2838ECBD724E04BD71DD4DBE1E
:10A420003D52E23D80C93CBE4A0F59BD4263F7BD73
:10A430002CBA0CBE4FBF5BBE86DB15BD7B0ABBBD15
:10A4400012FEF7BDB0D3E1BC29F31C3D9076CCBC25
:10A45000E434EEBCBF0354BDE3265FBD3D68343E2B
:10A46000512B96BD9EF9083ECFB4313EF98F083D81
:10A470002EB399BC8673CB3D3F2099BE3782083EF0
:10A48000AB0EE4BDF36708BEE2EE043E65A8F13D05
:10A49000064A4ABE9FF412BE40738A3D518EBCBD2F
:10A4A000C592013EF86E553C669BA2BDD4B29BBDE1
:10A4B000BF54103D6DB1C9BD87E0023D40CD03BE24
:10A4C0008C3335BEF73965BD413B803D8C8BADBCCF
:10A4D00024BB57BD3CBD26BDF1D3913EEE3DF23DC0
:10A4E000CAB514BC4BA21A3DFC0C44BDADA44CBC77
:10A4F0001BEE133D158E753DE75FBE3D8957BFBD11
:10A50000C86A0F3EFBCA703E379BDB3C484538BDEE
:10A510001D42E73D2A32333DF9FC92BCBD55943CC7
:10A520009987983DE15281BDBE7AB8BDA9EDD1BEF3
:10A530004AE42EBC3BA2DBBB924BAD3D92EB013D0E
:10A540006FF18CBAE8F0F4BB89C8143B426AE03D75
:10A55000780A5EBDA29D003EF8366A3D6DC5F53CA9
:10A560008025423C0D3CAFBC492F153D3F5D823DEF
:10A5700099ACEA3D9A97DF3D564F5F3CFCB21FB95C
:10A580006C9D613E8E5FF93D60A0C7BCF9ECE73C75
:10A590001AAB7DBD934DF0BDA78BA33C6C071B3D53
:10A5A0005CCFC43B116AC3BDA76E5DBD934583BD3F
:10A5B0008CBD473DFE1033BCF52291BCB4C66E3D48
:10A5C000E73A1A3DAD1A9BBD0A80263D25A590BDF0
:10A5D00054993D3C010A4C3DB9B1953C09DAED3D39
:10A5E000062B04BFB85AB5BD260AE0BD74319EBE25
:10A5F00016EC803BDB8D01BC0AC5D1BDC0498CBCCB
:10A60000729B5EBD465A60BD416F993D3B7C823C6A
:10A610002011A13CF21622BD02F5E23C75A9A93C2D
:10A6200069883E3EB7D0D23DD41FEABC9DFACCBB70
:10A63000F80F8B3D275E113EA719CE3D2F48E23C17
:10A640004F00083DD59988BD02C3973DA2E5093D5D
:10A65000502E03BDA273CA3CEECB343DAA812ABE64
:10A6600028099ABDEBEAB33CB7C38EBD12199D3CD5
:10A670008EA8AC3D265100BE616167BDC7EF83BDAA
:10A680000007BCBC8BED64BDECE6F4BCAAD86E3D03
:10A69000221B8A3C3B1AA9BE9FFC56BEB3F4C7BD21
:10A6A0007E1079BEAA4DEC3D1343293D759AE0BD5D
:10A6B000E76F3F3C961BC5BD1E536CBDAE28423EA6
:10A6C0007059CA3DBAD6513DA4CAC93DE617AF3D3F
:10A6D000D86FD2BD6916333EB8408A3D2D08D13DB2
:10A6E000FEA4BABDE0D383BDA9E249BC4698AE3D05
:10A6F00068A4FFBB2F185C3DBBF838BDB071D53CDA
:10A70000B38C2F3D8137873DF01EA23D6683D2BDBD
:10A71000712CAEBD36C677BD2EF1DABB5F175C3D3E
:10A72000E155123DE18D173EA8A9F8BD1ABF563D6F
:10A73000C3931FBC03C71EBEC02007BE287C00BD3C
:10A74000E4B3EB3DC78D5B3DB34897BE413956BE80
:10A750004F8589BD454DD4BE633D143E50DBA8BD39
:10A760009AC747BD20A2713DD8D5D5BD8634CB3C14
:10A770001F805B3EC500D53D372422BEF8038A3DCD
:10A78000BE1FE9BB0138D03CA69A8C3DF403EE3DD8
:10A7900065FED7399AD3B2BD875597BC8504B43DC1
:10A7A0009E648A3EFA10CC3CA662BD3BF440393C24
:10A7B0008C958ABC581865BD4BA7343E9C34C9BCE7
:10A7C000F90F58BC272A43BD6B24B4BC7CD2CD3DC5
:10A7D000DD57193D9E1BD53DEAC50D3EC7CF09BECD
:10A7E00082BFD1BB3C2200BD592F4DBC4DDAE5BC28
:10A7F00068B8A6BD9129B13D6D6F0BBEC0A3F3BD76
:10A80000F08695BE6E591DBE02E4B8BE2FE6253E09
:10A81000F620813D03DD09BEC50BE63B0D0D89BD6C
:10A820007103EDBC0D017B3EA25B55BDDD022BBE6D
:10A83000A961BE3DE24858BD17ADB53DBA9D923EF7
:10A8400000AD043C3FD533BD627E163D629F173E8E
:10A85000A5CA213D978B253ED02F90BD4105803B59
:10A8600019A29D3D8E3210BDD7F3D83C7F8A633E3E
:10A8700071CA0C3E0AEBD3BD18A6F1BD74822CBC84
:10A880004248CB3DF97A7C3DB802FE3D46CD423E82
:10A890008712AFBD1B56183C8D01183E62F90C3D66
:10A8A00032F8F7BC578BB3BDB43E2E3E44725B3DCD
:10A8B000C22F123E907CBFBE8EDF2A3D8B23ACBEE2
:10A8C000626E08BEC03FE3BD2133EABD64E3913D43
:10A8D000B5F7443DFA78713C90B9A4BDC88AAE3C46
:10A8E0002741453D3FDD883D5AB9C5BD5B4DCBBDD8
:10A8F000FE1E81BD9F0AC53CDF39F73C9646B2BDBE
:10A900003EB3883D6213853D3ABD2BBD71B067BD36
:10A910005B6568BD97A5923DE46982BDF53BF4BCDB
:10A920000DC63D3DA5AF89BD53DFDABB58484EBDCE
:10A93000A13F00BDD84B363C784CBA3D2644D53BB0
:10A940005430C6BD7784E3BD87F5ECBDE59E0E3C73
:10A950009F0C5CBCC34F03BED24E02BDDCDAF7BD18
:10A9600090E4333D98D6A8BCCE8E89BCBBD379BACF
:10A97000F0546D3D329C513D8585963DE81A563D1B
:10A980007B7E99BCA8B5213DE0E969BC12C5973D25
:10A9900054023D3C262AF43CBB93493D20BA843DF9
:10A9A0006B0F8B3D310886BD358FB83DC46A703D55
:10A9B00069728DBDC6878BBCDB3D31BD87F8D8BCC5
:10A9C000BD1EE4BC6F4A1E3D2A0D6C3CD6B8FF3C50
:10A9D000C857ADBCBA346D3DC1051BBD27F159BC8C
:10A9E000758A803D5A1B973D37D1B5BDE2DD36BD36
:10A9F0008BE8733C5B1FCBBC9E5A603D0D74CE3C14
:10AA00009CAB9EBD801FFA3C2FA70C3D5870C2BD69
:10AA10003AA0A23D1F0C9CBD94EC0ABDACAEA4BDF7
:10AA2000AED8BE3C955ED23D89DB6E3CDFBC723D4C
:10AA30000695513BF58967BC4C51D53D149B8F3D24
:10AA4000CCFC943D104198BC42DB643A95C01B3D60
:10AA5000040615BC6897DDBD3D4404BDD17F6DBDC6
:10AA60008E95B1BD53F232BD58DDD5BD6087323D04
:10AA7000E4E97CBDFE54CEBC3ADE87BDE0EEDD3DB0
:10AA8000879D91BCEE623EBDEAFA5C3D05B6B3BD62
:10AA90001FD528BCD275B63DC56853BD0A41133DCC
:10AAA000EBA714BDA634D8BDA75CAABDDE3705BE92
:10AAB000C7826ABD717AAF3BCE4A0EBE8939723DFC
:10AAC0008AAF273DA571C0BCD1811C3D899DDC3D6D
:10AAD0009C6E96BD60FDC33D3D59BCBD9F64B5BD38
:10AAE000212FCE3CC088E1BDDB765BBC0BD1C03DE5
:10AAF0001E3210BD80E721BC2D421BBD705C483D5D
:10AB00000C479F3D688CA23D2C5147BD4AFB213A22
:10AB1000EA6EBF3BF6FD453CD37D1C3D6BAB8E3DE5
:10AB20002A87DBBD9F261BBCE24A8DBD2E58CABCBE
:10AB300021B585BD0DCDEEBB95A9C1BD359620BD16
:10AB400023DE543D20B9523D6E26913DBCADCF3C35
:10AB50000F9B653DCD9697BC43FD4F3DB55BCD3D0D
:10AB6000F8E2A1BD4BF5E0BDB8305BBDF2B9CBBD9D
:10AB70004E9BACBDEBA308BBABB59C3BDD790A3D5E
:10AB800025D39C3D06688C3D874E6BBDA8E3433CB6
:10AB9000F7EC903DD3DA80BBC3A3123D18975D3D1F
:10ABA00019B6423D951B2EBD967EA9BDFCAD6E3DEE
:10ABB00092210A3CF979A53D050DAC3C126A83BD92
:10ABC000A8B1E43D923ECDBDD695323B9E4F63BDCC
:10ABD00088FEE73AEC822EBD51B5F2BD3C31D43C43
:10ABE0001A34AB3D3F7E003DE072B23DDF4CCBBD41
:10ABF000E9472B3D73EA833DF35401BDC9688CBD21
:10AC00002C21E6BDEDEBDA3DBCD3EABDE78DBE3DC0
:10AC1000310A2ABBBECDEBBA8D88ADBD5794A1BD1C
:10AC200080081FBED5CB46BCBC77203D41BF0E3D42
:10AC3000B5FC9EBD7ABEC3BB42F094BDDC3457BDAB
:10AC4000F8CAD0BDF523CEBD1B678B3DB2D28FBCF9
:10AC500044B2073E3BFB0DBEAF5C8ABD6A1E573D4A
:10AC6000324CA8BD6BDC793D2BB34DBC449B86BDFB
:10AC700087DB13BD64B68BBD92C9913C79E756BDA5
:10AC80008C7D19BE171628BD900EEB3DBB000DBE86
:10AC900087B0CE3CA67B063E6E53C43B8EDE83BDA2
:10ACA000297E523D113CF5BCA644CC3D0CD884BD58
:10ACB000833D9CBDE04626BCFED4123ECB1D993D93
:10ACC00067F74ABC9C43013C059522BE52AE03BEC9
:10ACD00083C7723CAAE44EBDC7A6EEBCDF01C53DEA
:10ACE0007BEB1FBD0859803C2993BFBEC2B3F33D27
:10ACF000B75884BD007E983C0613383CBDF6243D11
:10AD0000ED6222BD428BAD3DA5C431BD3014B3BD53
:10AD100052692C3E6209D63CE482D23D670CA6BC47
:10AD2000277DE33C2BC366BDF75B943DCEA57DBD7F
:10AD3000DEA6CDBDEA899FBDA95B413D613FF6BB63
:10AD40008ABB533D91F7B23DE3CD183E5A548C3D3A
:10AD5000950678BDE2D307BD7B85D03DF7CA8A3D15
:10AD60008EFAB13D02932DBD0632613DD737F13DDC
:10AD70002630933D622D353D637C1B3E654FD3BD30
:10AD800043A9C63CF5769F3D96F413BEEE7A933DFB
:10AD90001A93B03DD576BDBD48EA33BC906BB2BEC8
:10ADA0000AFF20BCB36F83BDFCD384BD08916C3C0B
:10ADB000B723DA3D1DD006BE2B674E3E545397BDD8
:10ADC00077A7503DA34E753E92D1823D9C3946BD3A
:10ADD000D30AECBC2221DFBDF1ED803C90C1673C81
:10ADE000187468BDD97894BD48E9DCBDA49C95BDB4
:10ADF000E246033E2FAC2A3C347EB33D20955E3BB9
:10AE00001480303D485D43BD01C1FB3D63A0023E5F
:10AE1000D584823B5268963C3DD3AD3BAEC2F5BC77
:10AE2000C3FD693D8EC7FF3D3D035A3C2FFCF73CF7
:10AE3000E6EA02BEB62802BE05ACF73D300A1DBEEA
:10AE400072EF29BB0995FF3DEB9DE73D38ADBD3D58
:10AE5000830DB3BEDE30C7BC06B3573D2D2874BE8C
:10AE60007BA5EC3DBE1A1C3D54C808BE3C3A153EBD
:10AE7000E4B227BE52AEC53D48277A3E73E28ABB94
:10AE8000840FE53B9B398A3DEA65043D4C36E63C40
:10AE9000271D3D3EB9944B3D9E9C92BC9218E23CCE
:10AEA00043D2F3BD2F03313DBD228A3DBA0251BCCE
:10AEB0004ED10D3E1C9F793EF1961EBD4C2C933C0D
:10AEC000E83A373E5B09E0BC1E1408BDF48B3B3DFD
:10AED00099EA19BC8BF715BACED8AEBC86E6653DAB
:10AEE0009E5EBF3DB14FF5BD33E627BE9E2E0F3EA1
:10AEF000506652BE4A0B963D8A04DB3D997EFA3D70
:10AF0000D3D5E2BCD62A8DBE4EF55DBC7702F23CAD
:10AF10009352E1BDF736E43D9F7F013DC47322BEED
:10AF2000DE56B13DDAB7B7BCA48F76BD9B34893EFF
:10AF3000A2CFB03C8F53A4BD660F423E5E6418BCE6
:10AF40000326E3BDA981E93DFF36E13C7ABD87BD1B
:10AF5000CBA9B63D27D3AEBC78E4453CEAB396BD59
:10AF6000D22BDE3D95D3E2BBF1AEED3D6A4CE5BDA3
:10AF7000B92CCF3C7BFDE83DBC5CDA3CDDDCCEBDD2
:10AF8000F0F93DBC9E539CBDA16B903D2D1EDE3D56
:10AF90005190493D8BF1493EF0F42ABEC3625FBD3A
:10AFA0002D02CE3DBB1280BED160503D41A23D3E40
:10AFB000B983243EBD61DD3C87E38CBDF09A3EBE83
:10AFC00041587E3D1511CABDE941DEBD11D671BDA6
:10AFD000C82A8DBDD4B4D4399819343DAD3B9B3DBE
:10AFE0000D3D11BE25DBD63C68F48F3D9FF65DBD5F
:10AFF000EB03593DEE9C4B3DEB7B56BEF236913D4B
:10B00000EB7EE93B4582033E8342EFBC21D440BD49
:10B0100018540ABE018982BCAA2E833C235D5DBD03
:10B02000D7BEC93C563E903DD72E07BEDAE0C03CA5
:10B030009A5AE03BBCF2EEBD3EB4A5BD583146BDC8
:10B04000846C00BE82B5A43CB52BA0BD34AC913D50
:10B0500036C51D3C9AB7043E5C29D23D3DD7A3BC02
:10B060001FFA56BCFFC101BDF5A19A3D1005813DF7
:10B070002AC1833D06183A3C7288743DBE9C2BBEA3
:10B08000F0576D3C217FD239C2D117BE131809BDCC
:10B0900009F3DE3D1E5F83BDF1A1873DEEFE0FBDCE
:10B0A000807737BD72E613BD12B182BC8C6D43BD93
:10B0B000D96FDFBD86DE14BC7935563E2A60313D3E
:10B0C0003BB71D3D711DC8BC15210EBEE74FD2BD5B
:10B0D00001F702BEF5DA26BD1E2409BE91A9B4BC53
:10B0E00025B73FBDD71249BB16FFA6BCBBD8EB3C6A
:10B0F000E2763ABC5B850E3DD1F60A3C88F344BD4E
:10B1000092F209BC62424A3D396DE63DB4EC1EBD87
:10B11000EB1B8ABD20B7FD3D43A831BE591DD5BDEF
:10B12000C6B51C3E0D8BEBBB73CB0A3DE62C87BB33
:10B13000915DCDBCAFB96FBD9459043E1FEA35BDDA
:10B14000F6CDCCBD7647FE3D4F1665BE9A3391BB1A
:10B15000943A6E3D14CD503C697C8ABD3EA3563D69
:10B16000C1A922BEF716603DF3B4D33DD177A03D0F
:10B17000AB469D3DAB8610BDF6D2BCBC9C2FF2BD4C
:10B18000207A673B217F6BBD29D8A0BCFFCD1F3D36
:10B19000F1DA1FBD1B469DBDBB76773DBBAA6ABDDC
:10B1A000D205853B13D7083E1DD8C3BD98D78EBDA9
:10B1B000208D7ABB2492A6BCD481173D0F6AE13D55
:10B1C0003C8ED23DA53360BD3BC90E3E8B4BE5BDE9
:10B1D00093D06E3D09B6D03D01A3913CE11E183DD0
:10B1E000120379BD773145BE47CB1D3D25A8DA3D19
:10B1F000B8D73FBEA50755BDC359CD3D0D8433BE5D
:10B20000C13E91BCCDB99BBD23D02E3D4929AA3D5D
:10B210005E557A3C843231BEAF0240BD30BE8EBD39
:10B22000A603D53D1BC7E23D2F99303D9DA0A8BD8B
:10B230007C53C9BAD6DD40BCDC2D4EBE9E5AB83D0B
:10B240004395A7BD797C21BE904EBF3D2F9FDBBBB0
:10B25000036E11BEA2BC32BD8A3AB93D0A6C06BE6D
:10B2600078F17CBD3DE25B3D67FB413D7D24F53CD3
:10B27000E44CA33DD2C1033E1C2634BD4EDD2D3D22
:10B28000D80C5EBE795283BD89B1073ED230BDBCB9
:10B29000087C13BEA965A0BD626E59BE485C25BC82
:10B2A000235C773D66E668BDB7A3A1BCE144D23D0F
:10B2B000499B5CBE91C79BBD082270BDD9F202BEFE
:10B2C0003C3FEF3B0E69F0BDCAFD4ABEF545173D58
:10B2D000C635AABDD1F437BC49FE873D1D3D933D1F
:10B2E000BD0B2BBE039C34BE38CF9DBDB4F362BDF5
:10B2F000DB91B03D1D41F03B07444DBED8135BBD13
:10B30000D0EF163C6447EEBD5F4ED1BDA9D0E63DFF
:10B3100030ECFB3C4763833B806D46BD54AAB83D8F
:10B320006AA97BBA3C5C433EDD6F2D3EC933E0BD6C
:10B33000468C383D02E3BCBD116BE8BCE3A64A3E37
:10B3400010C733BE800A8BBD06103C3D67242BBE60
:10B35000842EBD3CCF3133BD62CF0BBE161CB23D37
:10B3600083A76BBDF177DB3C3D2419BD982724BD35
:10B37000B4B0F73B15D9943DB11839BCD774A43D8E
:10B38000AD41243D16871CBCA7D7D2BD9EDE5F3DD4
:10B39000C26BA33CFE4A58BD9A342B3DD0EAFF3C19
:10B3A00008BE773D0E1EC93DA03BB23D2540383B4F
:10B3B000A28904BD1BFA80BDD548B13DB4EE6D3DF8
:10B3C000C32E24BD6F6B953C3A89FF3B40EB20BDFB
:10B3D000E09828BE3551E8BDD0F5523D6E0F0CBE49
:10B3E000852E1CBEB002F73D03EC78BD4F2C443DCA
:10B3F0005C0060BEABAE773D03DB05BED81EB9BDB9
:10B400002FD1B1BC6525083D4F02FC3C3CB78F3BBA
:10B41000027C72BCB81D07BD258776BDCB4CFBBD39
:10B42000AE8BE1BB153D3ABD4CE225BD6579EFBD64
:10B43000E1498CBC5FF2A5BD3A02183E5F8816BE9A
:10B440009B0521BA7E8CDDBD6D8A9ABCD1EC2A3D6C
:10B4500053C1B8BD793EBD3D1D85403DB1460A3C56
:10B46000A52C023E41CA533D31E6C7BC9F571A3D49
:10B4700009D4BD3D3649DDBD95AF113E6F58D2BDF3
:10B480007D54613DB1BDDBBD9AC3E8BC1FB740BC74
:10B490007E323ABEEC9876BB2A6AB83CA6F18CBCE8
:10B4A000ACC902BE6AC41FBEAE165ABDD21308BED6
:10B4B0001F5336BE35D618BE711B18BD48B472BDB9
:10B4C00073636BBDD0AC213BBFFE33BEBB6BE6BD2F
:10B4D000379E60BDAE2E5F3D3438383DBBFFCDBCDE
:10B4E0001813B5BD66CE81BC3E9C9D3D23F3823DC5
:10B4F000ABCC143CB0B0BCBD516005BEBA480C3DED
:10B500005D445ABAABEF19BDE757923DF9713DBDA5
:10B5100044CF58BC5F1CE83D87F986BD2025A63D79
:10B520004CCD923D3C08FF3C6209BFBDC22A1C3E87
:10B530004CCE903A7DC600BC13901EBEBA79413DF8
:10B54000CAE59FBC636EF73CF62C8BBC8B9A51BC52
:10B5500090134BBCF1789F39E1816BBEF228A5BDF9
:10B56000C9A2E3BCDD121BBCAE56FDBDB193C8BD84
:10B57000F3B9CD3B9F24D6BDD6DB2D3D162603BEA9
:10B58000C435B6BDD7FC21BE1270DD3DD460353D5B
:10B59000582B243D54EFE83B55B6683DB367163D44
:10B5A0004891073E76125DBB0D418ABD77A10CBE66
:10B5B000388621BD639A2D3DAB8DA8BD06D2BE3C19
:10B5C0008CB3073E7E4E6CBDECFE8D3DD4AFC53DC9
:10B5D0008EA98C3C250858BB8A28AB3B2D88BCBC67
:10B5E000C369B13DE866123E203DF33D28E286BBCB
:10B5F000E6DF803DD1F9E03D99EDDBBD03D1D33CE1
:10B600004CF4F43DB009DFBC20F58CBD552544BE9B
:10B61000512323BE0909883D56DB02BEF008EFBC6A
:10B6200071BFD3BD3B1CA8BD4C09033C985EC43C14
:10B630007996BBBD886E9FBCC9D5F5BDA525523D89
:10B64000638AB03D3AB182BD4B3B06BEAB2EAD3DE9
:10B65000CE4AF4BC83C6F63DCC44893DCAA9733CAE
:10B660009A5E90BD8AFF403B685BA73D2E9D303DB2
:10B67000A1D2FC3D50F51F3E08AF84BD5B884D3E16
:10B6800013A2D63D7ED0113EE0BD4ABD59101C3EEE
:10B6900014F5A33DA0C7C23D2C0A1C3EAEDE1F3DE3
:10B6A0007D7A3ABE537EC2BD3D75723DD16B633B20
:10B6B00040E4493DA0CE3C3E1B5DC7BDE8F7ECBD74
:10B6C0006B0CC8BD1AE68FBE76FEC6BC93384CBD67
:10B6D000551E8B3D8A3396BD587232BDD97AC3BD93
:10B6E00048A9543C70C027BC9D2B9B3D7F9F083DC3
:10B6F0004D2BE2BDF9164739FFD8833CC270273D78
:10B7000040B0093DE68E1BBD876FCEBC7455BB3B78
:10B71000E8129BBD26F005BDAF00B7BC5C834B3C77
:10B720000C4DA3BD5AE3A6BD972EE8BBEF73DBBC5F
:10B730009710CFBD14FB363D94A3643DE98EE3BC66
:10B74000E44EF53C5EBDA33D5085133D7215393D79
:10B750008FAB8C3DC3F3BA3D72C130BDC06E9FBB91
:10B76000A0A094BBB40C3E3DE3EDF33C392364BC94
:10B77000B0F088BDDDD5703D40F46D3D246FC4BD93
:10B78000457A04BD0E6C6BBDDD0DDE3C42E0CE3C67
:10B790004452CEBDA887643CE54DFDBB535BC6BD9E
:10B7A000609704BDE0428BBBF2E9C0BDD4543ABC03
:10B7B000C08919BD802F35BB4FF085BD3F03CBBD80
:10B7C000A203483D2490A7BC59FA433DEB4EA83D47
:10B7D000D296023D6EB077BC82ED1ABD507D4E3BD5
:10B7E00019E02EBDCCC549BDB0100EBD4C8F31BD8A
:10B7F00045DD3F3DE6B5D23C3B5A95BD2DDDBBBD99
:10B800002426A73D03AD02BCB59B63BD5EDE5F3C55
:10B8100005A2C6BD3F8EF03C4C2A313C1315BBBB84
:10B820008D1B1EBD8340E43C7A452E3DEEEEBA3DB5
:10B8300028D4A13DF08C99BD210B6CBD52769D3D65
:10B8400074F0EE3CD7B2A5BD4840FFBB7738063B4D
:10B85000D39043BD79D2B13BE79DB7BD6E2B98BD68
:10B860002897CBBD996C17BD7022A03DE63B9F3D4C
:10B870004FEDA8BD5BB987BD020B34BD4F2190BB16
:10B8800010AE98BD176398BC54B33A3D9F82D4BDA7
:10B89000B780833DBD8582BDC467853CF94C2FBC14
:10B8A0002B61CE3BD9FFBFBC6DA28ABD72719E3D9C
:10B8B00029949EBD3958C03C7060373D47BD84BB5C
:10B8C0004C7F0138290AEB3C935E98BD8E3905BD4B
:10B8D0003F07CB3B8DF33BBD8BD2D1BD2AC0EFBC24
:10B8E0006812E2BC19E372BD5F30B43C86E97EBDEC
:10B8F0009B2058BDE384B93D4619E03CBAE3C03D06
:10B9000024F1503D6EB732BC2ED044BC3857CBBD6D
:10B910004CBEA2BD4ADF7D3D462524BB0E0617BCAA
:10B92000B3D794BC4B4D083A4182D1BC0775A23DB8
:10B9300011E5F2BB0E9B36BDD5688CBD15B97FBB3A
:10B940000D47C13D4BA01FBC4EAE1D3D11BE8ABD73
:10B95000BC6712BD7C7750BD1CA888BDBE709D3DE4
:10B9600017CABABD622B7C3DECB54FBDD6CC293D84
:10B97000B1EFAA3D20D3ABBD52D8683DA745E33C0B
:10B98000728A4D3DDA4D9D3CE5ECA3BC31448DBD42
:10B99000223378BB196DDABD3A0A2EBD191FD1BD0D
:10B9A0002093C13D20D3A73DCB42003D63CC333D26
:10B9B0000CD3AABD8F9BF03C125994BB1BD988BDF8
:10B9C000A8C8073D9970173DE7C0B13D2A01D73C93
:10B9D00084A2B2BC9FF49ABDB40593BD27A1EABD71
:10B9E000D96946BD4694B4BDBCC0D8BD3595243D8B
:10B9F000984C76BDCF32893C93460A3DE8A3B6BD4C
:10BA000032CE68BCBB1EBDBDF0023F3D56C0CEBDB0
:10BA10006E2B793D28FC9FBD3F17C8BC833CD5BD2C
:10BA2000269F853DFEF451BBF2EBC7BC46DAF03CE5
:10BA30004A71A93DD5BF9C3D0411F63C083E9DBD11
:10BA4000D831713D519A993DA69F45BD9EBC5ABDC6
:10BA50000F55B4BD995878BC3717A73DAAF0593D8A
:10BA60001B4BC2BCDF32E13D8C56A1BCDF1620BBB4
:10BA700044D5F03CFC49FDBC768FFC3C9A7CF9BD7A
:10BA8000DA37073D241A14BE518C1F3DF70DEC3DEB
:10BA900095920DBE39744D3DC766E1BDD890B23D5B
:10BAA000929C993CC93F913D975FA33B1D0EC5BD3C
:10BAB000A3770DBC0B10863D1B56BEBD2E8311BE59
:10BAC000377913BCE7FCBCBB2D2E083B9B1734BD5C
:10BAD000797100BD29A70C3DF0C2363EFD9211BC24
:10BAE0003C73C6BDBBE7053E83A8D53DECF855BC0D
:10BAF0002B6C9ABD7F6C803DB05EB93C55FFDF3C3E
:10BB0000F949B8BC169BC13D654F84BCC88A283D25
:10BB10002486943C2A0711BEF147503C7DCBE7BDFB
:10BB20000E6045BDB98F71BDEC030C3EB48238BDCB
:10BB30001DAEE4BDA708CF3CCF6D2EBEA2E28F3B69
:10BB40008ADEA13DA4342DBE7D7D373D447A48BCBC
:10BB50009862B63C37274F3DD43B953C1A3CFABD22
:10BB600010941B3D959B633D1DFD743DF563A13C09
:10BB700008F12DBC2301D6BD6DF141BD4549B4BDD1
:10BB80009E1EB6BD58268EBDE105373DEFAFD13BB9
:10BB9000B9A8573CB26873BD955609BD113C99BA16
:10BBA00045988BBD664A0B3BC3DBBDBCA0005A3D2C
:10BBB00017281D3D6E36E43C53DD3D3EF152803C7E
:10BBC00018D6F3BCF43DA4BD766C41BD7CF36E3D4C
:10BBD000D8F68BBCCAE70CBE46CDDBBD0C3EF73DAC
:10BBE000AC8EEDBC086B1B3D1979193E1BB94E3C60
:10BBF000205E0CBE3F980A3E0AA324BE9BC658BCDA
:10BC000041FE73BDC3EA69BD788EE4BD3C6C3E3E27
:10BC1000AAFDE8BD10898DBD16E5303C4F73DFBD30
:10BC2000290709BE8C001FBE3378BC3DCD014F3CB7
:10BC30001AA50CBDE31ED2BC473B1F3DE02C95BCB2
:10BC4000A491B1BC3005263DCD919ABC82651CBD46
:10BC50001FA5BC3D20B5E9BCF47202BE91CF47BC24
:10BC60005DC15BBC97654F3E0FB7BF3D956B6C3EAA
:10BC7000B71A2BBCA06FE93D54F6F0BB1AA78ABDDA
:10BC8000546BA43D4A065EBD15392EBC3F06893D66
:10BC90000872DF3D70D40A3DE857B73D2B94A63CAF
:10BCA000CC452DBE89A685BD32406ABCB89A4EBD32
:10BCB0004A4FC2BD475E693D28D6A73C462E5CBDB3
:10BCC000C129943DFE3C34BECE73753D30F009BDB4
:10BCD00086F613BEC74DDABD9B93EABDBAC7D53B06
:10BCE00073769CBDE489E23DC64B753CE24A7B3BE2
:10BCF0000F65C9BD164BD13D8DBF513DE3B113BD9D
:10BD00008441D33D8D7BE93C6D1CB9BB085DC1BD51
:10BD100071B5883DC100DD3D2A685E3E0406EF3DF9
:10BD200050BAA23EF413873D30FE88BD805D38BA1C
:10BD30001B0FD5BD56F41EBD625A1B3CE734E7BC51
:10BD4000B954F7BD4AAC9EBD4F22F9BD446D933D39
:10BD50006CB3423D3EFF5DBEA27FA1BD186F16BA17
:10BD6000E76A1BBE7A6E63BDDF628BBC7EB39DBD8E
:10BD700046009BBD68FCBE3DF37DA1BDAA47DEBC6D
:10BD8000DB3F003CFC44AEBD835BF1BC70CA01BE2E
:10BD9000632B733D03A95BBCA1959EBB1D7B373B09
:10BDA000E06F1CBE76AFE7BD49FB7ABDC157EB3DE6
:10BDB00019D223BD17B1133EDBAA1BBD2750C1BC4E
:10BDC0003B808ABB6EED8ABD54DD783D5938A93E73
:10BDD000BF72CF3DC3BA8C3ED2F29BBD9070663C21
:10BDE000031A293D4305F13C951F9FBD341108BC42
:10BDF000C62584BDF42C77BE56BE80BD0C31123DE5
:10BE000044807EBDCA322D3D87A1C83DBB8853BD4D
:10BE1000707F07BE67033F3A72C58DBE75CF393D4F
:10BE200045D2F0BA4AD68FBD0D5503BE36D5823DF8
:10BE3000A42073BE46F42A3DE4BA5F3D3C750ABDBA
:10BE4000A4FB97BD0C6FE6BB5A08823B1A4F5E3DC0
:10BE50006B79243D9693683D48F650BE7E149FBD95
:10BE600097F2883E9D5C033D2B549E3C6D62723E72
:10BE70008B114A3D1680313DC990CCBD7C1889BEDE
:10BE8000014157BDF504983C6A4D38BD81129F3D74
:10BE9000BC3D213E5D55D13DE09F9B3D012992BDBA
:10BEA0008D7803BD9559BFBAB02279BECE3F4FBD44
:10BEB0005E118D3D2927333CD3FA073E68D7F43A0B
:10BEC0001F151EBDD13CDCBA468DB63B322305BEE4
:10BED000FB69E2BDCDC7003DC8AD5E3D697410BCD5
:10BEE000415225BD5E7681BE197AC23C3C057BBCC1
:10BEF000F58801BED20E3FBDD51F3C3C6C1CE13D18
:10BF000052288F3DC98AA63DBC055A3DCD3C30BE66
:10BF10004F648A3DBA5B9B3E8F07D43C454CBA3D8B
:10BF20001BA9833E8914C1BC09FC643C63D680BD57
:10BF300088BB34BE36E92DBE226055BD3A3ABDBD40
:10BF4000CC7F86BDEBFEB43D0376873DA82E803CBA
:10BF5000DB4C75BE89FE283DA391013EB19F8FBE8B
:10BF6000C6ADD0BD63DAB53C58D2B7BDFB71B1BD2B
:10BF70005976CD3D30E70B3A82DE2EBDCEC58D3DE4
:10BF8000082908BE8ED499BD57F979BDD02580BA4D
:10BF9000FC9017BE3C799F3A4D2C7ABE6E28DB3C54
:10BFA000FDECBDBA9F5934BE8B2F7CBDD897323D76
:10BFB0005B8E043E0577553C0BE1EB3DED85253D61
:10BFC000291630BE7C88603D4ACECB3E7452F6BB0B
:10BFD00065D1093DC8E9B33E461EB63D14C67FBDD6
:10BFE00015AD12BE5601B2BEE64F32BE7A32A5BDC5
:10BFF000291019BE10DAE7BB2203633DEAB698BDEB
:10C0000020D99BBCFE33E2BD1C26F13C667EB93DC7
:10C0100038BA8CBE988C5E3DA0FE113EF41361BB15
:10C02000497A013C481386BDEEFD65BD058F2A3D6A
:10C03000F0529E3CC44890BD4F2977BED964103E53
:10C04000A87D993D224898BC6743CB3C4D828DBE6C
:10C05000AFC70ABDEDA0173E436AF3BCDAFF54BD7B
:10C06000AAEDA6BD24202B3E25D328BD951407BDDF
:10C07000BF11243E3DA4D5BD67E2D2BD76C3B53E17
:10C080000AC21A3EAE3FE83C0C94733E5BCF1B3DA8
:10C090006F89C33DE98A2EBE05A940BEC1916ABE23
:10C0A000841B0A3E38330FBE7730033E751B7DBCC0
:10C0B0005A4E963D79299A3D9BD15FBE5AD5973D00
:10C0C000193A793CE721B9BE24482CBCF5CBB73DE1
:10C0D00043D6A1BDEA9D213EBF1C063C930B3CBE4E
:10C0E0000B34C23D425E1C3D1DFC1ABE702859BE79
:10C0F000798D693C4C70C53D858D9CBD1348203EB3
:10C10000C5E285BE9859AD3DE127F23DB3D34DBEA2
:10C11000C006D03D3AC193BC1994043EFC7E813DDB
:10C12000034411BDBDBC433E9C0DDA3D2C0D12BD38
:10C1300057D9A23E5A601F3E61E088BC1D72283E5E
:10C14000D61E8F3E860FB43D685331BEFCEB5EBEFB
:10C15000E1B017BE151C17BDFC472BBEB560B9BDBD
:10C160009E246E3DF19126BE86D628BD0472A3BDE5
:10C17000D5F54CBCC9F05BBE33AD953D354593BCA0
:10C1800025B680BB377809BEEC90CA3CCEA6FFBB73
:10C19000AF7F893EDC92D9BDB65A973EBE484F3D2F
:10C1A000E426023D2EF15FBE20FADC3D41E19F3BDB
:10C1B000E9BA383CBE7C00BEBA6DB4BD494700BE8A
:10C1C0006FE70EBEB719F4BDFD38B5BD4E1F163B67
:10C1D000EC622ABD3DA9FF3CEE34753D35B90BBE7E
:10C1E000AA6789BD8D8703BD2D942B3D3A279C3DC1
:10C1F000E8D43CBD4CB9EC3B2449E7BBC9CE983DE3
:10C20000571241BDA5EF8EBD5FC393BCCB65D4BDB6
:10C21000E45B36BE283728BC48A659BE0E7DBDBD9E
:10C22000E7B5A03CC323B1BD0B5D9ABD208AE83DB4
:10C230001480CC3C5B35393EE69FE4BDA645E13D2C
:10C24000BC2E1DBEFD906B3EB90927BD2AF1433EB1
:10C25000B03BC93CF6F9183E809C49BE52E233BD62
:10C26000CCB0273DA769363D7D0D14BE836EFFBD62
:10C270002425F8BDFC5EE1BDE11D493CC6D8A53CC6
:10C2800023F90FBE4E988DBD1A65363D18F9393E1B
:10C29000490700BB8FE0643B0A57C2BD319B47BDD5
:10C2A00070FD083EAC35003D6B84303DDAAD5BBDC2
:10C2B00039C5AC3DFAD044BE4B71033D78B1563D13
:10C2C0002244E5BD4281C8BD21846FBD6F07333D67
:10C2D000D7430EBD71D796BDF2C6103EEA1182BE9D
:10C2E00085BFECBC8214B7BD2FEE2B3EDAEA5FBEF1
:10C2F0003343123D2C752BBE3AD0BD3D6901CDBDF7
:10C30000C476A93E2650A7BCAE6C493E18B66B3C1D
:10C31000982F2FBD958B6B3DCEC120BD723024BEB2
:10C32000F194E2BD04B75B3DBBE5ACBDDF4FE8BABD
:10C33000CF5A9ABDE6EE62BDB5BE143AAF72CC3D9F
:10C3400046C8FDBC4A967D3C3961BCBC6643A1BD74
:10C350006DB1DFBC389AE93DDA9B90BD8D3E0E3E53
:10C360007097A9BDC7F1703DECA331BE5FF0E4BD8D
:10C37000105CD53C79708EBDC14B72BD44F62ABCB1
:10C380001960153D7A99C1BD8BC96E3DB4B9173E90
:10C390009798EDBD16AA2E3EA82DA13DBFD4453ECF
:10C3A00009D67CBD2D20743EA0267ABDAA8F123EF0
:10C3B00085532D3D1911A83ECA8D6ABDA99A6F3EBD
:10C3C000AFC3ECBDA6DF553DF56FEBBD51468EBC4E
:10C3D000CF3D25BE715F563CCF439ABDF5AECF3CF5
:10C3E000F5E8913D52F632BC59FD52BEF96C06BDDE
:10C3F0001C7F143B8892953D73998D3D9F94703DB1
:10C40000B53E27BEFE8086BDF282333EDA792CBD72
:10C410003A71B3BB036D0CBEB882043B55F3E4BD67
:10C42000897F81BEF60795BCB28035BEF40056BD4B
:10C43000584A7ABDE933203EFFA4423C9DB4E13B1B
:10C4400071887B3D5C2C86BD4B00903D5AE6113EC9
:10C450004431143EFAB016BED3A5B23D7F9B38BE20
:10C4600048A8773E1634E33CFE3DB03E7E48EF3AA6
:10C4700085EF6D3E4586B73CAAA6A13CB3BE363CCF
:10C48000A1C3273DDEB535BE8A33E0BC4957E63D42
:10C49000B0B0323D677577BD8567CDBDB366D9BD98
:10C4A0007A3613BE120BC23B9B88BE3D9EA8453D0B
:10C4B000542BA3BD7CD6C8BCF1111BBD2DE0123E90
:10C4C0005ECAB8BC2BBFD93DEDA9F4BD2336C43D2F
:10C4D0007AD915BE4DCB81BEB8DD10BDD85E94BDF6
:10C4E000E7E5233C6C885D3D32B1B13C8C07A63D4D
:10C4F0001E9ED7BC87881F3B8981433D211CF23A91
:10C500007A8EF43C50E0A9BD531398BCAB7593BD33
:10C51000D700943DB64E063D5C4E80BD5F7089BC31
:10C52000D7F8A9BD307CB13DA63FB3BD842FA93D4E
:10C530009316783DACAF70BDCC9456BDAE20313D66
:10C54000FE913DBD49FDF2BD4C9D463DED527C3D09
:10C55000FBC4D8BDEFCC57BD24E870BD46B74E3CF8
:10C56000E32D373D901A89BDF311DEBCEA13803DFF
:10C57000B330033DEB38B43DB5D8633CF22D363DC6
:10C580005D4FAFBD49C7B63C1931ECBDDC6FD9BDBD
:10C5900018FFF3BDDB155B3DD0F544BC0B6D4F3D83
:10C5A0004193CFBD909B17BCC9A2B7B948ED68BDF8
:10C5B000D950DFBCF15DE3B9B8BEB8BD2122213D41
:10C5C000E3A925BC45DCC8BD97E3993D4829BDBD1D
:10C5D0004D556ABDE25C223D63FD7B3BA9302C3D9D
:10C5E00053FCB53BE3DEA4BC4B8EC3BCE36C43BC45
:10C5F000528AA63D5D91AFBD2F71AC3D22C8943DDE
:10C60000F118333DF1DABABB8B2F983D21D7AEBD7F
:10C61000026C1CBD8B55C9BDD675893C526FA03DBF
:10C62000069D44BCB8F1BE3C9189B9BD111A933C3A
:10C630004096A0BD5600B33CBF4E903C15F3C4BD20
:10C640002B91E93C5E95E4BD87255E3D0DCBD4BCC6
:10C6500009D9C13DA41449BDD795E2BD3ED881BCDE
:10C6600040E0883C17DB4FBB2B1E8ABC1CBD893DBC
:10C67000190CC5BDB512863D6BA3B13DAEF7E53CC7
:10C68000081713BC134D29BDE267D6BCD8FE91BD77
:10C69000D5473EBD5B539FBD3637B1BCE4F78EBA7C
:10C6A000E48714BCDA3A5FBD8451AFBD957CE3BD2D
:10C6B000E50FD6BD6E65BC3B4DA536BD46059A3D22
:10C6C0005B6D6BBD1231C23C26FC813D814562BD74
:10C6D000D0A5B43DC02ABD3DE53DA33C69950ABC4B
:10C6E00066FE8ABD2F16453D351503BD0F6E113C04
:10C6F0009AFBBF3C55CC45BD993F22BD42B3783D26
:10C70000890782BD900B7CBD8D061DBDAC9691BD89
:10C71000BC4CB4BC23F980BD6F9659BD1728A63D0B
:10C720009D49A9BC1A3C363DAA0018BDF9AFC13DD0
:10C73000F86E5C3DF61736BD718E2DBDF562CFBB30
:10C7400072C6E7BC4F44833D9410E83B6D21693DC0
:10C75000D16B9F3BB2F3B9BDCBAE6DBD5A34923DA8
:10C760000E68533DC4FCE2BC834DF63CAE0BCEBD1F
:10C77000A3BFA73DD287593D6D98443C3EA7D23D0B
:10C78000503068BD07419C3D44BCC2BDCF3AA0BCFF
:10C790008AA3ADBDD4DABDBCB4A7C93D473FA8BD8F
:10C7A0003072133D7B6E8A3DE5F8AF3DA661F5BD65
:10C7B0003230B1BD5CDE063D7BA50BBD1F54523D42
:10C7C000AD0AF4BD82811CBAA11DB03D193F533D95
:10C7D00066B39DBD12526C3D3065EBBD635C773D29
:10C7E000B9BE03BD7F927EBDD7F9C8BDCFB1A43D10
:10C7F00090BDF1BC4AC9F0BDC40FB3BD2A78E1BDFC
:10C80000618522BD5388B2BDE593A83DEF32F53A6C
:10C810006B38B4BD957D183D54774A3CD26399BDC1
:10C820001F031CBDDC57B0BD83D98A3D932DCA3C84
:10C830003EF8B23D51C2D4BD8B4721BD8D8582BD2E
:10C84000D03C5DBCFD5B7F3CCA6DB83C36632E3D81
:10C85000FBEF163D3B509DBD1D96B9BD6825903A36
:10C86000A6706ABD2A82E0BDDC419EBD6738DEBE8F
:10C8700017D0C03C83BD0C3E47BB703D4CC029BDAA
:10C88000963EAF3DFC4524BDB5F6063C7235353EBF
:10C89000A669ADBD7AFBB83CACC851BED1FD84BE23
:10C8A000775268BC9A4BF6BCA400BFBD6E48963D5B
:10C8B0000D3C3C3EB83C9ABEC4BE543E6F75843DB0
:10C8C000F4DB68BECED149BE0131933C5B8C77BEB0
:10C8D0002F6D94BD80FD39BEC5A591BD0766453D50
:10C8E000D37AACBE1B4672BEC144FE3DB974643DF2
:10C8F00081C748BE5A558C3DB6FB25BD5F9598BE95
:10C90000F2F910BE0270263DB1751CBE23C63C3C38
:10C910004EE542BDFC6D743C0B19C43D54D3BABC0A
:10C92000E2E794BEA841AE3CE5DB0C3DCEFEA5BDE2
:10C9300007CD2C3E9379093E8F4EEABD4F46353EDA
:10C94000116C9C3D42BCE1BDD60A1D3E3111CCBDEF
:10C950006AE42BBEDA0625BDF4BA373E4C8B32BDF5
:10C960005829523E82BE1C3DABA0A9BEEF8DC3BB71
:10C970006DA790BDA78E89BE04C410BE8F95F2BC72
:10C98000E8B6BEBDFF4683BBED59A43C09B858BE0E
:10C99000ACF7C63CC3D141BE11D997BECB088B3D85
:10C9A00032C08FBC3F0E0FBEBF99EC3C51879B3C01
:10C9B0004E4F68BE55C5FC3DDE29113E53BD45BEF8
:10C9C000ACCE18BEDC95123EF8090CBE2EAB6F390A
:10C9D000E71BF8BD823510BE50C6DB3D6BCBEE3D8C
:10C9E000DFD330BDA8485E3DFA1B0FBDC7FFF3BCC7
:10C9F000667CED3D87131F3E6289A0BDD93D413E57
:10CA00007D5402BE4BB863BE564AB3BB430B07BC52
:10CA100067DB0FBE36023D3EC61BA13D2A81B5BE77
:10CA2000749CF9BAF789EDBCDE538CBE16B874BE9F
:10CA30004D7790BC63A45CBD3A7B10BE4CBE073DF5
:10CA4000C5295CBE979DDC3DB903493A30ED6ABE0D
:10CA5000889D113DA1CFC1BD3A55D539480CBB3D8C
:10CA60005607193D42BE183D3AB0093E0B64B0BDB1
:10CA70005F9122BE242E37BE3FBA753D9EFD17BE84
:10CA80004A28293EF4E081BDD4327EBDD0780BBC6B
:10CA9000947B053E210535BDD0C3D63D8FEC053EC8
:10CAA0009DA4DA3C53D9F63D2EE60D3CAB135CBD9C
:10CAB000EBE3293DE39ABDBDFFFB92BE8BA2D93CBF
:10CAC000FF38053ED1084DBD70CE073E5DED1F3EDF
:10CAD000964C96BEEC2F2BBD1E365ABD24A1E3BD4D
:10CAE0005DF6AFBD386E9EBD7B3CB73D19CEB0BB89
:10CAF0007D3AC03D0ECF30BEEF8DDE3C36508DBD51
:10CB0000B03A96BE3BC453BD9308923D77A0673EB2
:10CB1000A202773B29A5A6BDAC621C3E65A7123DCB
:10CB200064E1D3BC039D4ABED7C6A9BEB643D53D7A
:10CB3000F38A00BE3C88343EAE9A27BD2F0209BD61
:10CB4000393A963D8E19F33DBEA9AF3D35DA193E0F
:10CB500078224EBDD3E6ACBDDD5C813E4D22A33DC7
:10CB6000AB8DCB3CC82AFC3D8F2D2EBE907D60BE88
:10CB7000FD57723D727CC53DBCD3BBBDE02C0D3D65
:10CB800074C9A13C328608BEA18EF13C71C83DBD7E
:10CB90000AB0D6BDA89BC0BC09AE16BE72A1423C6D
:10CBA000270086BD99B021BC2C07EEBC810533BDA2
:10CBB0004488D33D3590A4BE1E5FA63D56DF0CBE13
:10CBC000B88A7F3D31D5013E397ACB3DD65572BD0D
:10CBD000FEAADD3D8C7F643D095CA93D80B580BE29
:10CBE0001D5F07BD655F5FBE74C16EBC365289BDF7
:10CBF000DCE9D0BD9FB83D3BCE01F4BD05711DBD44
:10CC00003CA887BDCF59FBBDC3893D3C2A75A33DD8
:10CC1000D24AD4BC2CF4C6BBF85DFF3CE366493D68
:10CC20006EF68EBD5B97B13DC390E8BD5F3158BCD9
:10CC300059D09FBD7BDA95BD6BCD79BCA6C7DCBD55
:10CC40006339873D73DAB8BDDD3FD6BCB84DC63C0D
:10CC5000940F9DBD0FF86A3D31CD83BD4BB82EBDFD
:10CC6000F2009FBD0B63933CEC95A2BB8032903DDC
:10CC7000757FFCBB51DFB3BD49747F3D9D3450BD12
:10CC80009CC274BDA3949E3DB7B0EEBAADD6523DE2
:10CC9000FA01AB3D0C7D063C4BBA00BDEA2939BD1B
:10CCA0005A29763CEAEA8ABD8A9452BD349940BD3D
:10CCB000CCEFAE3D63FE983CE74A483D72AC40BDC8
:10CCC000DBA006BC82A39DBD8726D83B4A3DCBBDD9
:10CCD0007087B8BD8CE640BD2923BABDFAB4FABD51
:10CCE000C52ECDBD9B1E22BDEE6E49BD54B23A3D50
:10CCF00026ED86BC57BD403C0A2A503B1A2DD0BDBC
:10CD00008B2884BD4F7A80BDC97B62BC043D47BC83
:10CD1000FFB40B3BD4D4BA3C26F1D03AC4F9A8BD39
:10CD200045288F3CCC906E3CC716FEBADA97003D82
:10CD3000E3ED73BD443B463B5BB585BD5B52D0BD67
:10CD400053EE8DBB3BD51E3D1DF9DFBD81313CBD92
:10CD50008166573C0DBC65BD0197D5BC3C1EF3BC3C
:10CD6000483BBDBDCF0D00BD493EE9BDA25F833D3F
:10CD70003EB0EA3C247610BCDDDCA13D020437BBAA
:10CD800073FEA5BD0BE9FEBC3B87893D7D5D18BDEB
:10CD9000B091993D8D5FF7BDB0F525BDDD8EF1BC3D
:10CDA00037AFC3BCBE798BBDA67F973D5410BF3C47
:10CDB0005E030DBE46A1623D100FCC3B2EC01F3D51
:10CDC00041058A3D30FE50BD4A85CB3DDCAC80BC80
:10CDD0001AEE90BD3CE167BDB5B2C93DB6495EBC37
:10CDE0006737193DB1D384BD7E1511BE3252FDBDEA
:10CDF00021C931BD32CBC2BC9B96303B73E58FBDA0
:10CE0000B4E5603D03FE3FBDA157AC3C7E61F5BB80
:10CE10000D48FCBD137D843D9591C9BDADFCD1BDD0
:10CE2000AF7707BC15B7843D8D1EABBD2DA73CBDAC
:10CE30007B7DE5BD5E0E9EBD08F091BC1836DFBD62
:10CE40000BB8D9BDB99EA83DA146A4BD4BBB353D8D
:10CE5000B51145BD8561843D49CA523D3F4CC03C3A
:10CE6000394207BDC21811BDFE45DE3AA4053FBBDD
:10CE7000D7B5F7BD81DA6FBDB28E32BDAF3E6CBDA6
:10CE80004B91783BEAF518BE70D2DDBC55A7D6BDF4
:10CE9000E6DF55BD1B50B63D563DCC3DFD99DB3B15
:10CEA0002CC2CDBD0F1C99BD2C01C03C24797C3D0A
:10CEB0004F91873DEB02213C7B5174BD10548FBDD7
:10CEC000D0364B3D028B6CBD937DD03CDBE7D2BCB2
:10CED000FDCD7BBDD7DE9BBD278A833C5E2B2A3DE3
:10CEE0007641B5BC1E80DFBBDF5E783CA5CE0EBEB2
:10CEF000C0A201BEB5C254BD1A3D0A3DD7700ABEDC
:10CF000011D0433D5313753B5719ECBD6325BBBD91
:10CF1000B5BBC8BDEADCBDBD177286BDD99D28BDB5
:10CF20005EBF813CE2D189BD69F87FBDA47F26BE8A
:10CF3000D533B53C8620093DDCA7F23B93543DBD7B
:10CF40007456EABCE8C17F3B6BAEAE3DB73B7D3D5E
:10CF500058998CBDA38008BD58E3513D76F4143D2B
:10CF6000903CAABDFEAA72BDAFEFEABC5EDE2EBD4C
:10CF70007E7395BD8718283DCFDC3A3D8B51753DBA
:10CF8000DA7D56BDE7DFBDBD7ADE08BDF81F71BB97
:10CF9000C364873D5661523D4FFDF9BD0E8805BD06
:10CFA0001352C7BDC252343CE4862CBC1423803DCE
:10CFB000AEC8EBBD1745AABD1BBDBEBDFA6BD6BD45
:10CFC000DF71DFBD604049BDC688ACBD390D953B02
:10CFD000E0687C3D233C663D5478413DF3D0493CBC
:10CFE00032C757BDCD578EBC28C5B8BD8D7683BD21
:10CFF000255782BD54EAC9BC9570C0BD0A96083D4C
:10D000009FFD543D713E3FBDFBB7C9BD86BEA73DE8
:10D010006CC3C73DA5F2D4BD71008ABD8A2AB03C5D
:10D020000CEB9B3D3E2B863C3269303C30C9DDBD6C
:10D03000CC9FA4BDC1E2E2BDA0170FBCD95ED53C18
:10D040004C2E44BDE755483D62743D3D767EAABDF9
:10D05000C8B9223BC65214BBC0104D3D99C8A6BDED
:10D06000729C36BB8D07AE3D7F9FD0BDBA7C83BD21
:10D07000246B033DECBCB2BD1EDD37BCF42D7CBD82
:10D080004636273DC0A4B6BC30052E3D1FF2CFBDAD
:10D09000F8EBE6BCC47F8C3D5B00FEBD8928A53D56
:10D0A000862759BD9621F8BD700C9E3D44A713BD3F
:10D0B0005CCB8B3947FDC03DED9FEEBDA4324A3DB0
:10D0C0002F23A2BD8FFB9C3C8FF241BD00DAC93CEF
:10D0D000A4DA813D58D0DDBD171067BD2E26F2BD04
:10D0E0006D45993C528B2E3C8CDE42BDB8EA853DA5
:10D0F000FC57B5BDF4CAF6BB2147783DAAE535BD5E
:10D1000014A7FBBDEE02D9BDD12FE2BD76AD87BD20
:10D1100070692ABD192193BD9DBEDFBC261F3ABD93
:10D120003246C1BC5E84F53CFA63313D1B2D4DBCDB
:10D13000E8B7B5BD1EDF803DF3E2C7BD2E75A0BDCB
:10D14000D8BC25BDFD4767BC4EDF95BDE9A4983D21
:10D15000727BFABCC95B0CBE65472F3C78F2B13CD0
:10D16000B03512BE6437993D6F6544BB52739E3D26
:10D1700074C49FBCA7A9E2BDB212C93BADA6213DB4
:10D18000AE132ABD357F5E3DE5CCADBCF70A13BEBC
:10D1900054360CBEB220F2BCF813113C9D1328BDCE
:10D1A00068C6EB3C48677CBC56A896BC0D91F93C20
:10D1B00021B30ABE64774CBD105DF03CAFA410BE35
:10D1C000A1E617BDF64DADBA70A7B3BD43DE253D50
:10D1D000EE7204BE10F816BEA8EC48BD02B298BDAF
:10D1E000398903BC5C0890BC60BADDBDF297B3BD61
:10D1F000CB22463CB4CD57BBCE990ABDD5D3473DD3
:10D20000B7229BBD6CEFCFBDC409ADBD18E7ACBD67
:10D210009C536EBD8063EBBB641D823D892B613DD9
:10D22000C181EC3CF881F0BD1BA426BDE4D74C3D88
:10D23000601A44BD444CCD3CF303B23C775001BE70
:10D240007F25A53DEE4D1BBDA21858BC6AC29F3D6F
:10D25000CA5718BE6907543D04D73E3C2E669CBC95
:10D260004AF07CBDE2C05C3E75EAA23D06EF6EBDB1
:10D2700070B06F3D12BE44BBAD5ECFBD57F6A7BCCC
:10D28000C9F55ABD7154F1BDE83C65BD5EEFF3BC14
:10D290006157F63D798D583CAB0CDDBD5B73013EAB
:10D2A000E1CCB33965EC3BBEF08EE53D71EE553D0A
:10D2B0001A68413C88468C3DA9DE013D340D9D3CF9
:10D2C000798AD43DD69D533E96C080BEA14A60BDAA
:10D2D00083699D3D65E87ABEB0FA873D64370DBD30
:10D2E000A81F69BD5BB8C03ECD8F32BEFF5E443D16
:10D2F0006693C93DB108933D04E2CA3D8A02363EB9
:10D3000045955CBB5C6914BD13764D3E4CC4A63D8F
:10D3100088E34C3DDAEB06BEF2FB153D87C8E7BD5E
:10D32000171D12BD7D28913D0ABD80BC685B0FBEF4
:10D3300039DF33BDD882A23C541B3DBDA48C18BD3F
:10D3400081DDB13DD0A1FD3D745135BDCD4B223DB8
:10D35000360F97BD5767113E607B88BD88EFA4BD2F
:10D36000F2A51FBDF457B43D8BF196BDDB069D3D84
:10D37000AEE6CEBD6516533B10C09A3D871D3CBE40
:10D38000173287BDE1D7D83C5A1DC93DDF13B83CE1
:10D39000298BCE3DB41FD3BC4056923D417ABB3D54
:10D3A0003551473E0DF6F03D6051943D7E20853D60
:10D3B000B21D4A3D7C2FAFBD905FA43D0329813E45
:10D3C0005BCF913D7B3B9CBC59D996BD5E2C413DCA
:10D3D000AAF89EBCE613C83B1450863DDE869EBD6F
:10D3E000850D50BD3DFD98BD0921B2B9532FC6BB77
:10D3F000E7CEAFBDC6A53EBC1CC0C83D9CEBC9BDB9
:10D400005B42D33DA5F359BD279980BDF617733D07
:10D41000632316BEFE97753DD763D43DBAD939BD97
:10D42000D8206DBC1AC3A1BD6135DABD8E0CB33CEA
:10D430004E186EBE8AE1D6BB136BAE3CBC597EBDA6
:10D44000AAFD873D15422BBD207C2DBDD42B853DEB
:10D45000B061F93D353EBA3D92038C3DE50BEBBB27
:10D4600044725DBDB058043E934704BE82FADA3977
:10D47000AA1F993ED52C103D1D2E1ABE282FB03C58
:10D4800042CA66BD7255F9BD65E69D3C9DB12F3D12
:10D4900056112CBD5A3C09BE806AD8BCF062FDBC56
:10D4A00012BCEBBD16EF433DEFABBD3DB5FBCE3D32
:10D4B0001EF0FD3C9278883DE6F9123D379BE33B38
:10D4C000E220C43CA0497DBD84EE0ABCB14739BD11
:10D4D000F5563ABE51605CBD37EBB0BC88D7653DB0
:10D4E000A7760C3E7BF405BEE4F892BD2FC7F33C53
:10D4F00010417ABD75153A3D812821BDCAC424BEAC
:10D50000CAEB423EB114093EF4732C3E7DB944BBD4
:10D510004DAEC5BDBE917BBC0460853EB09E07BECE
:10D52000586700BDA7008C3E286C1D3D12FCC7BD8E
:10D53000A1AF9DBD04DB4ABD7E04673D2E33893D0E
:10D540002D1EBABCB62E26BE73D074BE4E1D14BCA2
:10D550006CDB6FB95A398DBD448E143C364F883D13
:10D560008C79883CC6D41D3D7F70BD3DECC98C3D97
:10D570006EF00D3DEFE47DBDFE6102BE2A59CEBDC9
:10D5800091D0D4BDF4ED66BDCE1510BC3B8084BDFA
:10D590001CB4F3BDB85C8A3CCA8D04BEC8BB16BEC1
:10D5A000C88E103DA02E2E3D7703243E1EA586BDBD
:10D5B000E1D750BE1DB7D23DD2366F3D8D41893D7A
:10D5C000A1241E3E9BCE12BE70E6B83D51AE2F3E4A
:10D5D00000CDCABCE71D253D1514A93E2E1AD3BCAB
:10D5E000F5A9B6BDB19236BDB2AB09BE111FDCBD07
:10D5F000F2BC313D0EF208BDD4AD76BDC89789BEF0
:10D60000201519BEE4F0693E8EDA1A3D410596BB3D
:10D61000F273BCBD16015B3D79C240BECB4DC53C2B
:10D62000FBD1BD3DEC2A0D3D7B50A13C9CEA13BED5
:10D63000B79256BD919C29BDC1856EBDD37F3A3D41
:10D6400070CF853CE7C3A2BC5336073EDD5D10BEFC
:10D650005F09FABD452CBD3D093CBDBD14309E3D62
:10D66000996DE6BDDC1A16BE7093533EF5B4133EB9
:10D670001F156D3D163115BE1D2E38BDD23920BD8A
:10D68000DB1F7D3D9395B0BC3EC35C3D4A5C493E8B
:10D69000DF837EBDC6D3C4BD5A42AC3DBF5BE43D13
:10D6A0000D0C24BD50558F3DAA49953DD861A73C2E
:10D6B0002004B83B34360B3ECF4219BDFF8C4C3CA6
:10D6C0005E4013BDD7E6E7BA6F5B9C3C80C2C23DAB
:10D6D0009502723D1220183E51FAD43DF8D1343CE7
:10D6E00092D5F1BD360F24BC10CC3FBD3ACC95BDD0
:10D6F000E9F6193E375FCEBD1008B6BD71BD9D3D40
:10D700004316953DC12240BED0D6513E4374C0BDA4
:10D710000FBC933DE350683DE6B91BBFACB1C2BD41
:10D72000B35578BC27DF7E3C693EA4BDD9C7D3BDC5
:10D73000239BF1BC92BE76BC9173B8BD7770AABC36
:10D74000438F1C3E29EF163D94D4613B356FDB3C83
:10D7500077AFFC3CCDAE213C6A15C6BBFBBE313D6C
:10D760007689FD3CE1D8CC3C7471B23DF1572FBDB8
:10D7700048708C3DC076AEBD295E0EBC4D95AF3D68
:10D78000025F183D734B2ABD6522343D55E8E2BB6C
:10D79000A3C62BBC9A0A1BBE28C6BEBC950819BDE1
:10D7A000F2F23C3CB3E08E3D639F15BC9FFB62BE32
:10D7B00000A7503EC098D93D1D294BBEE146523EC0
:10D7C000790F17BE868B883B91BB82BDAA151CBF03
:10D7D000CCBD9FBDEB7ED83DCC73F43DEB551ABE5E
:10D7E000CAA4F1BD74B0F43DF59649BC9C3A0DBE97
:10D7F000BDBB743C71DE5E3E852FD23C322149BDFB
:10D80000400DBC3D7A7FB5BDA6F4B2BDEF42FCBC75
:10D81000E19211BEA841FF3D5C31F83B2948C9B9EE
:10D820005BAFE9BCC475773C9560D0BD265906BE98
:10D830003643D73DEBAE443D4BC5D63DC0BF6D3EF4
:10D840009A88203D0035BD3DF135D4BCFF1C87BD15
:10D850002BB00FBDA72D0ABE49D2CD3DB907063D5D
:10D86000FD4C2ABE3A25633EDC1E073EE35030BE27
:10D87000AF09863E1E9CAABC6E590DBBDB23BDBC06
:10D88000FA7943BF274377BD09D10D3D1517083DF0
:10D8900012253CBDA9B7F9BDF8F0DDBC6726853D72
:10D8A000553C15BDA0CE483D02EC4B3E58BF26BEB0
:10D8B000F4070BBE0E2D153CF73C9D3DFB41F5BB1F
:10D8C000D26C3BBB97F6E1BAD068C13DA50720BE3C
:10D8D0008F0F773D47B1D9BD50FE1E3EDA0911BC0E
:10D8E000834DF7BDBE620A3E59EC8C3C71BE34BD1F
:10D8F000BD804C3E815F633DF080333E41F5CABC44
:10D90000B33206BE093C233DF86B3EBE54DD153DE7
:10D91000B039A7BDECFF10BE57444C3E4423A03D98
:10D92000197111BE9872FE3DD72CA8BD11E9B43D06
:10D93000D48C14BE1FD020BF6106863C6C2DA73D41
:10D940004C45CD3D31230CBE6DB107BE307082BD5C
:10D95000BE679A3D65E817BE5926933D1A6BB23DE6
:10D96000CC06EB3BDAC801BE267CE73DF46F05BE72
:10D97000DB149DBD0D2CA63D78AFB7BDB4BC183EE1
:10D980003066EFBDE78195BDA33864BD5F57903D1C
:10D9900090ECE7BD62C183BD4AEC5E3EF57E903DF2
:10D9A00051C9BCBB8DB1D93D79C6EF3D189A053D33
:10D9B000E7095ABD3E517D3C2DA6AC3DC2B380BBAC
:10D9C000434169BDA39888BD48D5C0BD6792303D2D
:10D9D000B83C7A3D6E7521BEB04E873E273766BE95
:10D9E0000D9509BD551889BCA7B632BF6614FEBC9B
:10D9F000D0E60D3C07D57F3D971A473E1C5934BDF4
:10DA00006A568FBD1AA7CB3D56BD99BC5525DEBDC4
:10DA1000ACF69E3D8BFABD3DCEE10ABE49ED4F3DD1
:10DA2000BFFF24BEC33353BEDCD301BEE2D84DBD1D
:10DA3000CA06CABC5DC84C3D8E1F16BCACB58EBDB7
:10DA4000340507BE7203B7BC20AFE13C76B038BEE8
:10DA5000F639C9BD46BA9EBD2A3A0D3DE4FE913B5A
:10DA6000323237BDCB1ACABD85A7043E1247EE3D00
:10DA70005EE4F9BD9871F83D458874BC09BA0D3E65
:10DA800012083F3D52DF633ED4D2213EAEF6F23C57
:10DA9000BC9E373EF47AB83E4E47A5BD53372C3E68
:10DAA00015A5E83B8BEE1BBE54D993BDA959903EFA
:10DAB0002A3306BEA4E0A13D10BFF03D59904A3D77
:10DAC0004058243DB3320B3E8662093CCBEE39BE52
:10DAD0002D0AF2BD2EAAF5BC259B71BEC2AB3EBE7F
:10DAE0003137BA3DDCA03FBC6092B33D6C3A97BC85
:10DAF00038EB07BDF80430BED45E96BC678333BDF7
:10DB0000C6454FBEFECC1EBDC64B24BC706911BEBF
:10DB1000AE46D63CDD49BE3D0583D7BDBD89613DDE
:10DB200035F3503E7EDEE1BD4928A13DA64CE93DDE
:10DB3000221EF93C6AAFDA3D535EF93D15663E3E62
:10DB400033AC07BD8E43F53D35F5653E0786273B73
:10DB5000BA71073EF155DFBDAD541ABEED9BF4BD61
:10DB6000D621523EC4A411BEF2CCBB3CC027BA3D64
:10DB7000D5F505BDD240143DCA58333D6BF05ABDB2
:10DB8000F9F871BC0215ECBD851253BDC4F671BE27
:10DB9000CAE6EDBD8DB73CBD8660F5BCD915D13C5C
:10DBA000B6DC7A3D068865BADBAA50BED7E62BBE46
:10DBB000345DC4BD576D0CBEC59B16BE7E879A3DB5
:10DBC000429317BE1C19893C67510C3E67D34E3CEB
:10DBD0005CAE253D40CD183ED587333D3DB4923DEA
:10DBE000CE500E3E46DE9F3D3BC4073E5E133B3D9E
:10DBF000ECFBB03DAE5638BD2B9B4E3E3CD9733E40
:10DC0000BA32AC3C1DA2383E0E9C07BEF54247BE60
:10DC100062464EBDE18D893E680672BDD81A403C11
:10DC20001AD126BDFAC5873DBE9E5F3DEB8D8E3C69
:10DC3000300BAE3DBC11E6BDD89409BE88F705BED9
:10DC4000E93B52BE862686BD690BF13D6F86733D6A
:10DC5000E21C9A3D719870BC67B6233ABA4A2CBE52
:10DC600038FD0ABE0B8F9BBC878C63BE538F36BEBC
:10DC7000ADC9AE3CC11BA2BD1D1AF9BC71FB3ABDBA
:10DC8000A40521BDF64B0C3E18F7F53D3B77393C1A
:10DC90002BF99D3C2018083C5D12813DF7D3183AC2
:10DCA00046E9293EC9DA1B3E6062143E3C10B73D8E
:10DCB000BAA2743EFCF5413DE78F693DCA59513C1B
:10DCC0003B5013BEB3416FBAA618623E400860399C
:10DCD000C893133DF103773C573ED43D79C15D3D78
:10DCE00062CC1F3D5CB9D13D09E41C3C91E70ABE02
:10DCF00017D0CE3C5CC036BED57081BDDA9C0D3EDF
:10DD000075061E3D14D9D1BC53EA49BDD5345DBD5D
:10DD10002A9273BE34861CBE98C668BD2C9396BDED
:10DD200025D1C9BDC1C7CEBB21CB9ABCC0880E3D91
:10DD30007E42593DC78F253B42D0193EBE7D5B3D9B
:10DD4000F694013EA76B003DE8C90E3E93B5053E33
:10DD50001BF88A3CCF220F3E7EAB8C3D1A6E033DF2
:10DD6000BB061C3DAAE73E3EF471063D80611DBB2B
:10DD7000DB3D833DE8CC77BEAAD005BECE19B7BD4A
:10DD8000CE3F0339060034BE5B317DBD55253CBE18
:10DD900028BFC5BCA1E7D5BDF04AE73B9AEB13BE4F
:10DDA0000A7714BE43094FBE2C46AEBEF6F2AFBD95
:10DDB0009C0F6A3D47D91A3D50C935BBF71047BD86
:10DDC000C35B863AAC0E523DFCB0E03C5E269FBD84
:10DDD0008A99ADBDAEC609BD09025BBD1F4ED93DD6
:10DDE0008590F1BDB1E828BE2B6CE73D5BE774BDC3
:10DDF00079D42DBD602AA23D44AF943D2EF8DC3C81
:10DE0000A072403D61B7E1BC0CBF7A3D33884D3D07
:10DE1000035968BD4F2EB13DC879073C81F7443D99
:10DE2000018CB7BEF2705C3E26027CBD213EA43D53
:10DE30000B4607BDB60B92BC249608BEA06AA3BDD4
:10DE4000040D00BCA34CB73C49D1AF3D0571353E34
:10DE50005F9249BDB91C38BE347DB0BDBD3153BEE3
:10DE60001DC6E1BD1E5CA33DFBF9993D564AC93C68
:10DE70000A10E7BD7AD21BBC1232573D036881BD40
:10DE8000D8993CBD0239593C40C1C9BD1DFFDFBB1B
:10DE90003C252BBDF20FCEBC5D47B1BC1D34FE3D11
:10DEA0008C4388BD3208763DFEF789BD61AA903D5E
:10DEB0001D8AEB3C7F82A43DE12117BACFFE973D3E
:10DEC000996AF33DEEFECA3DC3E9543D9231B0BDBF
:10DED0008788A63D1FEFECBEDB49B43E6D2E7C3D2E
:10DEE000DB445F3E56BDB5BDB408BD3D7A3B03BEC5
:10DEF0005FEEF43DBDF6D63CD14BE9BD1CFA5F3D6B
:10DF000037C0F2BB000E81BD02F11FBEDE013ABD7B
:10DF1000F7D479BE318B41BC30651D3EAF63023D05
:10DF20002C04F63B0C948ABD9C24CCBD936C6E3CB7
:10DF3000F885B63DED7A313CC076A0BD7266083DED
:10DF4000D66B393E3BB4753D92989BBD09D609BE50
:10DF50004E94B33CE684A73D6560F33D2970643C74
:10DF6000103FCDBC52B419BEB20D103E7A0D163E14
:10DF70000382393B9B35F8BBA5364ABD6E1FCE3DAB
:10DF8000604C34BD49A86C3D18BB85BE0D57DA3EC8
:10DF90004D42ACBD434B873EB9FEE8BDC6E0C23D35
:10DFA000C630E7BD4AD01F3E600D1C3D270928BE84
:10DFB0000F2BCB3C299A5FBBE0209ABD5B7B39BE1F
:10DFC000E4E89C3D298733BE14E336BEB3241FBD6D
:10DFD000D448B83DFC8DC4BD7619D1BD9591ADBC7A
:10DFE0007D28893DA8289ABD7397843D2FB321BC15
:10DFF0002CD6C2BC6F93083E85C6BA3DDD8152BCAB
:10E00000AC9006BECE8D163EADBE9CBD991623BD0E
:10E01000BF4085BDE14050BD3E009DBDA2D6F53D4F
:10E020003169143ED6183FBD844BD33B73D2333D88
:10E030001927543C7EC233BC0F44D6BDB1793DBED6
:10E04000AE37D73E1DA1ADBD4A7D333E7A87913DA7
:10E05000C31C90BDFE1CFC3A7EE92C3E74930ABEA4
:10E06000E5453EBEBD68583D400EDB3DC48B31BD2D
:10E07000680A1BBE1997BA3D8FB732BE742A1ABE02
:10E080005DDC323DDCC61F3D713DCF3D2EFEC8BD7F
:10E09000F15049BEB314833DD2E317BE82AE073DB3
:10E0A0009D92DCBB767102BE4031B23DB73002BDFD
:10E0B000AB77A6BD1EFF1FBE004C043E756ABDBDFA
:10E0C0001764CCBCE55C8B3D74442FBD2526A1BDF7
:10E0D0001B51133D3C2E2F3C37430EBEBD3000BCC0
:10E0E000630967BDBCD900BCB68CE43C9F17733D87
:10E0F000093701BE554F9B3EC3EB6D3C6DC4783D67
:10E100004C3A083EC53F033D5A77A03BD3F013BCC1
:10E110004587263D7626FA3DC776D5BBEC55B3BC80
:10E120006314BBBC8995563D9C6268BBBD6ABCBC90
:10E13000E874CE3D2755263B31F5DF3C77291EBEDE
:10E14000E072B33E0355F73D5527FD3DD77A87BCB6
:10E15000F9CFBEBDA4F628BD1667B73D70FA81BBE6
:10E16000D300CC3D6642C8BD4E7E37BC0245CBBC19
:10E17000FC9BE93C231A5D3D40DA6ABCADCEB13C64
:10E1800014B05F3E22F8CD3D437404BECB58A0BB13
:10E19000227895BEC3861FBE6C31143D9FDB3CBB0D
:10E1A0001EE14C3EA2D0063EC2E9103EA0C8F5BD1D
:10E1B0004E9DD7BD6738ECBCB937ECBCD94D84BE99
:10E1C000263387BCEEC84DBE66054939439013BE61
:10E1D000EB5C2BBC5D5C603E6BADB8BD325678BD70
:10E1E00029A374BC729B05BECE54ECBC62F3CEBCBA
:10E1F0000351B53DA1D1DEBCA205B9BD9E91053E3E
:10E20000E66FFB3D10DED0BD9C3F1F3D7A8990BD7F
:10E210009A21C7BDD7EBF2BD6A03273E9C7A333BF8
:10E22000FBC9523D7FB9513CA121ACBD1B95BABD84
:10E230006527103E908FA93DF8062ABEA37A47BDF8
:10E240009E5B05BEE1195ABD70D208BE6D15213D19
:10E2500090D6D1BD82E48B3C7658073E78F3613D81
:10E26000897800BED64083BE270A51BCCAAB4D3D5B
:10E27000802D9DBE6A6BD5BD6B8E4CBB1E6089BD6B
:10E28000737B2EBE6F26403C093FCEBDF18096BD0C
:10E29000EE1A69BEC1AAA5BDB4CD8E3DF7AA8FBD49
:10E2A000DD96803B4F34183E0C2D19BDF060113EB9
:10E2B0007B1352BDECD9E0B9C97F713DBDD92CBDEE
:10E2C000849FCEBC18FE983D87855E3D4374F1BDAA
:10E2D00009CD4E3D2ECFCD3D48538ABDE5EC77BCF0
:10E2E00013E64ABDE76341BE9D7162BC3B0F68BD4A
:10E2F0005927C83D834992BD2F82583C7FA9D63DFE
:10E30000918F64BD9DE3D5BD193AB53D2BFBBBBDD7
:10E31000646746BE2A23743D589355BDA794E23CDA
:10E3200015436FBDF750BC3D3DDEABBC18FC243C33
:10E3300033FC093EF43C6ABC36DD1ABE411D613D2A
:10E3400059AED5BD1260F4BC464F80BD7ACB573D67
:10E35000FD1203BE69A228BDEF3F533E5480823DAB
:10E36000F1FBD8BD983179BE241541BC79391FBD68
:10E37000BAD3A2BEDAD384BE889B173DEE54193DB2
:10E380004D1A12BE45312A3DB60E07BE36B196BDB6
:10E390006BBC20BD90EF79BD2386903DF326B0BDC8
:10E3A00051CCA7BD36740F3EC45364BD7444E53DE3
:10E3B0004DAC863D6D3420BEA63E16BE3DAAD9BDED
:10E3C000FB5021BB6D91153E2CD6FA3D7E2A92BBA7
:10E3D000682F933DBA652C3EBC66723D605B28BDDC
:10E3E000BCBBA63DAEDE5FBDDF96B93D6F61DD3CD7
:10E3F000C88D9C3D7A0AC83C018E523D7C12A03BE0
:10E400002B56B7BDE49C11BE3D6F36BD4545233D3F
:10E410008C25963B1EFC8B3D31863CBD7AD8B83BA3
:10E420005FAE75BD690EB13DEE6A78BD2FB0343D6B
:10E43000EEE03B3E07320B3CDDD9B2BE021485BD97
:10E440006C302ABE7CE826BE3FC4A03D73AEED3DD5
:10E450004164D2BCA21F5D3AB67FDD3D00D04EBD07
:10E4600066AB46BE20F257BE89E1BFBDFB02ECBDE4
:10E470003A1ED7BEEBAB50BEB2A657BD937418BBC5
:10E48000C72762BE28E2A23CCE2B34BE85169EBCB6
:10E4900016DC04BEB3B21ABDFD9AFE3C1315B0BD26
:10E4A000048183BC20AF523E980551B97EF789BCE8
:10E4B000716E3BBDF29844BD7116A1BDD0681DBE02
:10E4C0002E696B3D75760D3DF87B11BD25ACA03DE9
:10E4D0009500843D4274973C2B5E543D2AED4D3DA2
:10E4E0001DD8A13DD94D97BE00D6C9BDA1E84FBDED
:10E4F00025A3023E89B5D2BD8FDA48BD0614EB3D97
:10E500006693AABD1CD68FBE34E4393CAAC9ECBCC4
:10E510003755A6BCF333EC3C5A64D23DDDF053BD15
:10E52000F7E17CBE62C4C23DFA7BAABD9717F0BC7E
:10E53000E809003E92C842BCDC1FE0BD247EFABC64
:10E54000350742BE78FE03BEFE030C3E846AC73C1C
:10E5500000C42EBDB36510BDE89BCE3DD0D6F2BB46
:10E56000BD0116BED39373BD0338013DCEF20BBD82
:10E57000E0B4BBBEBF4BD5BC8AA6B43D6F7FC3BD64
:10E580006B9179BECAA35C3C5AB6D7BDE13E8C3CC8
:10E590007A21B9BD31A7FD3D2B91D1BC58909E3D4C
:10E5A000A6432CBEBD64053E5DBE753E0238203DCF
:10E5B000223408BEEA41A7BC4F3B41BEA5561EBE51
:10E5C000EBC22ABDB4B7763E9057A6BDE175F63CC6
:10E5D0001E6CFABB501FFE394B867DBCAA4A0F3D0C
:10E5E0009B74093B7AB867BE3465CABDE846443DB2
:10E5F000A2C8C93DD89C07BE6D9AAFBDBFA4DABC06
:10E60000AA40FDBCE109BE3D3D8A953D07FE27BD00
:10E61000EE71303D65B9AB3D9B75573EA8FD6C3D35
:10E62000CC4B8F3ECF0BDF3D71F62BBCC4BF82BC01
:10E63000F3D202BD7BDB653B889B80BE6D36AA3D75
:10E640006703013EACCFFCBDF9A9E13D0B9524BDAC
:10E65000D1828FBA8C89373B4C069F3B3010A8BDC6
:10E660009A8023BE1872FA3D0092C03D8B1D9A3BE2
:10E67000779A87BD3C343A3D5DDE90BC621037BD71
:10E68000643D8ABD3B2E93BDAC07FF3CBF5F793B29
:10E690003147833D466D773C0DF839BE908B5F3D29
:10E6A00082B9FCBD9C61083E1CEBB33BAC7AA1BDBA
:10E6B000C9C0923D4BE11F3C18395ABD6832873DB5
:10E6C0006074603D26300A3E17334B3DCEBF583E46
:10E6D0007923273DCD5F113D6F827B3E3C64163D23
:10E6E00090BBC83D4EAF0EBE1586AA3D65BB95BD1D
:10E6F0009D0B393E5AED5FBD9B3228BEBCD68ABD0C
:10E700008D7C75BE36D0F1BD5E80E3BBACFD2D3D8A
:10E71000E8ACE8BD723904BE52C07DBE3A1A633D12
:10E720000193C53E413FCDBDE10257BDE17FD93CDC
:10E73000C42C04BD85D6ADBD092E45BEAE12A8BC05
:10E74000E16600BEEB4DE9BD85909EBD37879F3DDC
:10E7500030341FBEDFAAEABD4A3764BDFC33C13D79
:10E76000C23F9D3CC7E4143D14779FBB10A606BE74
:10E770003A5541BDDD45E1BD7671973DCF03A1BD61
:10E7800071E19EBCF3E4B4BDB1696BBD67D0543D8B
:10E7900041CC673C5A3DFF3CE2FD0BBD3CDF6D3D8B
:10E7A000AF581F3E2E59FB3D16413ABEC9D8D6BDC3
:10E7B000BE4C213E21E63C3CF9C6EDBB67C736BDE9
:10E7C000EBEDB6BD8C0A503D29AF8B3C9707E83D79
:10E7D000FA7080BD590FB5BC8308A93D1FC4D1BCD8
:10E7E000F5D3E23CBD162FBCD2AF0D3DC275D3BDF3
:10E7F0001B58343D4A68803CF542A9BCF499C6BB1D
:10E80000AB2018BEECD165BD716B49BDE83227BDA8
:10E810001742BA3B5AFEC3BDEC5645BDC226AFBD3A
:10E82000DB352D3E5922CEBDD01177BAD65E33BD31
:10E8300094E5C8BD0261FE3CDB7F82BDFE2496BC30
:10E84000E633AF3D40C4E3BDDF639FBD4BE1C4BBD6
:10E85000000D4FBD671DDBBD0129ED3BB854783D70
:10E86000A30A61BCF0547EBDE76F623DFEBB053C70
:10E87000E181F0BCF5547FBEDB877B3D1CD0D7BD6A
:10E880001B61083EE9B219BE9FF4A03DD600CD3C05
:10E890008FAC8A3DF4C9FA3C43AD8CBD1CB2C4BCFC
:10E8A0006E7DB83BD933EC3DA6AA81BE199202BD5C
:10E8B000F5C6543E5D7786BDE763473DF801C73C2A
:10E8C0008F8DD83DB366143DC501583D48BFEB3B25
:10E8D00091616A3DCF7682BD49B68D3E99407C3DBF
:10E8E0008A2325BDADD422BD51E6B2BDAAF4C1BD77
:10E8F000D585373D8ACA053D8FC86BBC8800673D0A
:10E900007138433D1B94C8BD44F83FBDE88691BDB6
:10E910005C23CC3DA807F63CDC49443C790D72BD34
:10E920006DBD813D070DA83CB26729BDC74A23BD17
:10E930004C1545BD57320DBD05AB41BDFA7123BD28
:10E94000A180B5BD2A7957BC9AF1B23D2106BC3CE5
:10E950005D7C313D494E9ABDEDDC1EBE6139A9BDDD
:10E960000484EC3C47200B3B6B989BBDF364F2BDE9
:10E9700022310E3DBC26CABDE96E663DD53CBBBC0E
:10E98000CDE24B3EBF5702BE3D2648BC4E113D3D39
:10E990000D8A103E964CFFBCB897373C7858D2BCD5
:10E9A000F59922BE9F5A623E5D8ACFBDE4770A3D4B
:10E9B00042AB253ECC22E93CF7D2F3BD2421AA3D4F
:10E9C0009B71FCBC924DC3BC8E0579BCA316CC3D9B
:10E9D000CADF533DE660ED3DD593393E0C0F343E22
:10E9E000FC5E4C3D73D1993DC159ACBCF7F6EBBD13
:10E9F00023A90E3DD3532B3DEDD49FBCFC0546BE51
:10EA00009014003E587E80BEFB70C73D8ECC93BDF7
:10EA1000B495133EE86751BCB35ECA3A4EBF60BDC1
:10EA200041CFBDBDB41522BE2F9A82BD03C07E3D2D
:10EA3000524B1FBDBA2A85BC22C763BC875F8EBEFE
:10EA40008C446DBE1BA47D3CABCA92BD44672BBDFC
:10EA5000EBB6B0BD0DA3803D260D763C42B0BABDED
:10EA6000CB14EC3D1AE8733C961746BDBAEA2BBDB1
:10EA70001F8608BD70038FBE0C15533D68968C3CF5
:10EA8000DFD89A3DCF20BBBD9389DDBDA6035B3D9A
:10EA90007D26303E8A9874BD9F317A3C2C36DC3C12
:10EAA00043BA03BE65278E3D81E0123DB02809BE02
:10EAB000786B2D3E7DE9E93D00E0ACBD699A863D6D
:10EAC00074527E3DA03B753DF15D45BE7705BEBAF3
:10EAD0003889A93DE09B643DE6C4F33DD8AD763E60
:10EAE00091C0743D6895133EBE7EC73DD02E11BEC9
:10EAF000AACCE73DF559C83DD49A023EA3DD69BED4
:10EB00007470B13D6CB80C3C8793C33CC151873DD8
:10EB10002624AB3D36564E3E3E01B43DE7719EBDC8
:10EB2000B73F013D550D82BD0C9012BD3C5E7D3D51
:10EB3000FCFBAFBDC2CD1C3D5BDBE6BC8284133E5B
:10EB4000A39D263EA3FCC33DB7A0E23D548430BC48
:10EB5000559831BDBA1597BD3588C63DE26BBBBC33
:10EB60006569D03BF6B0383EDF5DAA3D1191F2BD3C
:10EB700037E5803D2CFF49BEECFE353D35AB1BBE75
:10EB8000A0442FBE4C56D6BDC0957F3D88A321BD65
:10EB9000A288203EC5A04A3CCFF63B3D80B5813AD5
:10EBA000FACD64BED48A41BED582E1BE868F0EBD49
:10EBB000350CAB3D34FBD93C7B2C103C119E123EF6
:10EBC00083BD00BD475D6D3CD2AE75BD4A88A2BC19
:10EBD0006ADABA3CBDB322BECC64033E49A68C3D82
:10EBE0001FC4753D70764C3E23E1423D79D8F33C1D
:10EBF000FE22503E1F9E033E18B49B3D9E912ABDAF
:10EC00000E16053E58171D3E397084BC79C4AE3DC2
:10EC1000C923A73E36A0963E1B0EE2BDF77A0E3DF5
:10EC20008F615ABDFDB6D3BD1326AA3C0698EDBC34
:10EC3000C88419BE7C00923D74D934BEC876983D14
:10EC400028E2133C2AE4D0BD9B1A34BEDC6F83BD9E
:10EC500059ADCE3D5C05963D473987BE737DA33DDA
:10EC600031481ABD69D771BEC4F54E3C0F9C1F3D9B
:10EC7000BE1E3BBEB141DFBE625A0B3D571D14BEE6
:10EC8000A9A8FFBC3197E0BB9B4C0A3EEA00B63D09
:10EC900012C81E3D598673BE17100EBEC0C9CB3AAE
:10ECA00035F074BD20D4D43DC6E7323DB2A605BDD3
:10ECB00041FB72BE6EBA8C3D36A4073EB7676ABE92
:10ECC0006E6FE1BD8AECCCBE911EB7BDA81B053EA0
:10ECD0005883A13C6AD7F03C4A808A3E06EF2ABAA4
:10ECE000C63E9FBD418E35BECA39153EF0B13A3E93
:10ECF000A472ABBEDA8E8ABE3810C6BDABD0E3BDFF
:10ED000044FDC53D1938833D5F82803D288461BD47
:10ED10005BA0C13E931E5D3E6924EA3D1EA7A4BCD4
:10ED200096CD84BE754FBEBD3402083D2CEDB03D7E
:10ED3000EBD12CBD559F653CF3A26FBEFA1D83BD80
:10ED40004F4E37BAD4200E3DB14883BEEF05E5BD26
:10ED50006321E73D0C99AE3D91AE78BE861E523DD3
:10ED6000ED2ADEBC427684BD4841CBBC1CEA913D15
:10ED70001F3357BEB9E415BFBB3C083C59FE33BE38
:10ED8000937CE7BC911712BCB39D073DF03C6339FF
:10ED9000029600BE5B0FFEBD71587BBDCFE757BD2D
:10EDA000B75F0A3DF1677CBEB5F403BEDF53B73DE4
:10EDB00082BFF2BD18D043BCF77011BDDB3B95BEDE
:10EDC000520221BEC9D6DABE7E50873D145733BDEC
:10EDD0005F73E13C0B25C7BDB25EFA3DE8026F3DB3
:10EDE00005EBB1BDB94067BE9ED8523D1B9D243E88
:10EDF000607899BE1A6258BEF76B1BBD933399BCFD
:10EE0000999E153CC231383DEEF9C7BD124AECBCA3
:10EE10002A47A63EEAA3C13DE68C0E3EF5C3C1BD1E
:10EE2000087B56BE61C882BDABB080BDA2818DBDDE
:10EE300092A2D53C26719F3CCCC50DBE4349D33D23
:10EE4000E987923B9A77853DB5DD9FBEF27B6CBD2D
:10EE50004925EFBC3C46A03DF2500ABE4A35B23DC2
:10EE60002E9D66BDE6678ABD8B45983C0CA9273D63
:10EE7000530642BED9F0DFBE43EDEABCBF9EA7BD3C
:10EE8000E61DC03D013185BC6F8E54BDAFCEA8BC20
:10EE9000ED0700BEAA518FBE91195DBCB8F7EFBC5B
:10EEA0002B8B3C3D7C494ABE728099BEAF170B3E0E
:10EEB0001FCD06BD867579BDECF7C8BD971CD2BEC7
:10EEC00081B996BCEDAEB8BEA05BEE3D81C993BBE7
:10EED0001355163C939F50BCCEAB6F3E9BC90A3D69
:10EEE000E20085BDEF432D3E6BFD963D888AA2BDB5
:10EEF0002EE8ECBEBBE681BEAEB2EBBCFA3D29BC4F
:10EF00005E89AE380D95E53D6EF7873DB4ED9DBD4C
:10EF1000EDD8883E6D33033E7450853D1A5B6CBD61
:10EF2000F2E1653E88A895BD56FC0A3C63F8063CB4
:10EF30005686393EC81E7F3DEF2471BD0C9ACD3EEA
:10EF4000884081BD8D63CE3CC6838BBE7FE6013D8C
:10EF5000DC9EE7BDA0863C3D195EA3BC9263AF3D3D
:10EF600027831EBDDB3A093E2E35083D0F31DA3DC1
:10EF70004C40A7BE6CAD1DBC7BA158BDEDC5543D3A
:10EF800081438C3EE9660A3EC685633EE21B053C32
:10EF9000683132BE263000BE4C6FE13D3F3A9E3DA7
:10EFA000EB9EAE3AA0D10EBED605A8BE28C0333E19
:10EFB0009A61B7BCD18681BD040721BD650F533E60
:10EFC000903088BD66ACA1BEA005C4BB0B2EB63D7B
:10EFD0003A4113BB70A2823DFA90A43E1E4E0BBD77
:10EFE00064E788BD13DC8F3E991A8CBD0DB2B43D29
:10EFF000EF34E2BE8AB778BDA4689CBC52CCF23C28
:10F000007972B5BDCC1E683E112CA6BC7213673D4B
:10F01000B9A0493CBDFFA6BDF612FE3CF131D33D7F
:10F020005703093E4F2978BD545549BD80D77CBD53
:10F03000BC10243EF6249F3CE448DD3D2285D53EAD
:10F04000C6E074BDA755733D40805FBEF9F9083E28
:10F05000078E20BEC6C2573DF53064BEF9B1C1BDB2
:10F0600007A9553D726C033E180DC03DD635ABBCAB
:10F070001C376BBEFA8AF83D843A653D386CA73E72
:10F08000AFEAC23E5D9A403D145C553EF1C4BF3DBF
:10F09000232467BE04AAFFBC8D2BA53DAC6FA2BD87
:10F0A000E99A1D3E0CE19BBD19CDF4BEDE02033E84
:10F0B000E463BEBD78B9EB3D9D99553B5342083F93
:10F0C0004A019E3BCB47E9BD3B6A1C3E3051E3BC45
:10F0D0007C79D6BC25D64D3D1E5EB83EB56B23BEB1
:10F0E00038CCA03D286FB13E96E011BC74D50B3EE4
:10F0F000E53E88BE5849F73D0B2E30BE0B6B41BD37
:10F1000034EC323BE3B4EBBDCF50723C12D3D23C73
:10F11000CACB3ABE973FC83C492CDEBD2832AA3D37
:10F12000FADEA23EDB42DC3C9B0F93BD15F603BD2D
:10F13000FE98BCBCACF46F3B3CA39BBEBE4681BDFD
:10F14000762186BEB26452BB67E963BD29F137BD43
:10F15000C53B59BDF94432BD7C19823D26BFAC3D4B
:10F160002572113D6EF404BB46226ABCDF96E8BDF1
:10F170003F42C6BBB3C2B9BD26BABC3D3814313D0F
:10F180004CEED4BDAF84103EDB6402BE5CB7453D9F
:10F19000145FE53DCBD30B3E55C88F3C160EACBD7E
:10F1A0000198223E3E49403EB7691C3D61562CBD48
:10F1B000A16F2A3CFF7330BD991C473D837B313ED4
:10F1C0009DD1A03DF44BB53D3CF7C8BDAE35543E96
:10F1D000C1C91EBDDC20483E12F01DBE7B9C2DBD6A
:10F1E0007FA906BDDFBA173E4E84A9BDFF9B1CBE9A
:10F1F000935784BD3E15E5BC745D00BDB6264C3EFC
:10F2000071EDF83C69F1D5BD46868E3D32B1FEBC4C
:10F210003674583E801559BDF6D66DBEF8D8AD3D52
:10F2200034E2773E8F3FC7BBBCEEBE3DDB9AC03DAC
:10F230004C508BBB7680FC3C79D005BDFC6A93BCFE
:10F24000F568C1BD9E55A03C1A22BB3BA79741BEA5
:10F250004F3D913B3B9F61BD9B3DB43DC7D804BD35
:10F26000722A42BD62F5D4BD6A532ABD11DE9EBD2D
:10F27000DEA8ECBD51AA0CBED002AF3DC2C829BE6B
:10F280005C964FBD95498ABD5841BABDC21D99BC17
:10F290004BAF123E13CD3C3D999A823D8440B7BDA1
:10F2A000A297F73D7971BCBB4ED9F03C67686BBD46
:10F2B000804C9B3D3F85E9BDEAD416BE625EADBC85
:10F2C000348FB03C55EB9F3D69AB2DBE9A0B4EBCC5
:10F2D00045A56E3D78051F3EC92160BE3858FFBD6B
:10F2E000BC6CB33CB5C90E3EDA7432BC1CA927BE57
:10F2F0008D5881BDCA9FCBBDDF29053D9B51B13DD6
:10F30000717499BCDE3A84BDAF0D8ABC5DD5953B66
:10F31000ED02F5BD29E2993DD52B74BEA2FE66BD76
:10F32000E9AB203E6BF9023EE6002DBC200F1D3CF0
:10F33000EC0C03BEFDE9283D77EF83BC227C7C3DCD
:10F34000B12007BEFC2100BD69EAC23CF82E49BCD1
:10F350005C7C90BD81D29DBD10EAD3BBA906F83A72
:10F36000DCC347BC75E4443C512A9DBC965EADBDF0
:10F370000F24873D3F7404BE4DE3BD3C4ED8CE3CC8
:10F380001794A4BC93721ABE3408853AA472DBBCED
:10F390005AD19D3BA89537BCB43B12BB809008BAAC
:10F3A000BAC404BEDF6F6A3DDD5E103D4805053D11
:10F3B0000F024C3EAF2ED1BA51D0083D4C5E3F3EBD
:10F3C000993A193D56334CBAB10E64BE2D88FDBD35
:10F3D00021FF373D448293BCB90C04BE561759BD7A
:10F3E0005AF1453D3617033EBE40D4BD14EF233DD0
:10F3F000191612BD8C76DBBDFB785B3D153548BD1B
:10F40000D955023E3A97EABD9583E3BB609E86BD1F
:10F41000B4BE83BD2F8CA53D57322DBE339C923D8B
:10F42000AB525F3ECD8D483CC28959BDBA054FBD38
:10F43000A71082BE51B6B63BD3B551BE1D0F3D3E9F
:10F440008AA7513ED9FF0FBD816AE53D47A7563CCB
:10F450002239943C49811ABEAC97433D833B50BA54
:10F46000E2355F397219FD3D7715993DEFA458BD1E
:10F47000150DE83C84DA57BE72A16B3C91BE6BBCA3
:10F48000DDCC91BC3CA64A3CA05E663D1217BF3D58
:10F49000DE9B27BCD2AB8FBDC2D24EBD94C88BBD04
:10F4A0003FA18CBD20EE9E3D6709A2BEAFD4193DA1
:10F4B000ACA36E3E0CD3A4BCDAD5C33B1D24203EC6
:10F4C0001DEB893CFADD743DE41927BED07889BD77
:10F4D0005CE9D93CCF1E3ABD849F3EBCDC9B0D3E0F
:10F4E000F6FADE3BB135703E9E336ABDCEBD533D6C
:10F4F0006A70683DB3D8F8BD1287DABCD6B01EBEBC
:10F50000072C6F3D8FC398BDEBAB9DBDE17C063DE5
:10F51000F6C9E9BDC6415C3EC4261BBE8297CCBD80
:10F52000DD38443E7BA2A5BCE26B583D66B2C23DCD
:10F53000DF3F80BE8DB0C8BDF1CCFCBD05643ABDD7
:10F54000EE85623E7CCA8DBDBF78053E000A183D3F
:10F550001C2D533E806A8BBEE916A53D36689EBCC5
:10F56000A35B473C895DD93D6C97443D837FC6BC16
:10F57000B0BE79BCCC829FBE4BD381BDEB6BA53DA9
:10F580005A184CBC877B64BEB821223DCC4401BDD7
:10F59000A00E89BD61565BBD9D33F1BDD081753D27
:10F5A000104E77BE43C5873EE325B0BEA592EF3D22
:10F5B0001D1B103ED7BDF03C0CE01ABC8CE2943E03
:10F5C0005FBA05BEAF0F20BDC88928BD1E88923D19
:10F5D0002516BEBD53ED89BDED6E7ABB31764DBDAE
:10F5E00088E1763DB7F3A73E259F50BD3E369FBDCF
:10F5F00048C1243E56C2B0BD8B99523D41C69DBD07
:10F6000029B7A4BC4061ABBD3ABA59BC649782BD6E
:10F61000F6F9C23D62C8EABC3D6F123DD3ED1ABD9A
:10F6200066FCCDBC34185B3DB2669BBD84D0443CC7
:10F6300093A7A63DC86C63BDD0F1AC3CCDB6B6BDBA
:10F6400018AC90BD5D8DE03C52DE9EBDD29AE5BC0B
:10F650003BFB9DBD5F6A48BD5EC75F3CA503B6BD71
:10F66000392031BD42D831BDB09C233D05B580BDA8
:10F67000136DECBCA0C0823DF1BAC3BDAA4CA0BCC6
:10F680002378853B4B762E3D4AAE3ABC1C1A1FBDF3
:10F690002A3041BDD5DF163D6B8663BD1ACD853D51
:10F6A0009CE6833DD8F5E13A20AD6C3CD2A3523DB7
:10F6B0001D66703D5E06A5BD56A5CA3C6B14353D62
:10F6C000233A7DBD67B37CBDA8C984BCF91D63BC6A
:10F6D000B8539ABDA5AB81BDF81330BD4D44BD3DB7
:10F6E00087C9D0BC5E6CDCBD13D9863CB47DA73D18
:10F6F0004BC96D3BC64E57BDC731DABD72012DBD3A
:10F700007DD54E3D9CFD143DA75D36BDACFAAF3CAA
:10F71000FBFE6D3DC7BA51BC979A14BD59CE0ABBCA
:10F72000D1DA54BD40D95FBD741780BBDE64CD3CD7
:10F73000350D783D546FF8BCD0DBE4BC896BBB3D24
:10F74000941A21BD0EAAB03C3B0633BD79F83D3D6D
:10F750002761E1BCAD3709BDAA9CBABB14A74A3DDD
:10F760001693B7BD9BF1DC3B200FA8BCEF41C3BD96
:10F770001F5E3B3D91F40DBD64AC86BDC4BDD1BCE4
:10F780004E2E6FBD6FDFFABD0A711DBDB418273C48
:10F79000CA31E8BDEEDA4F3CDC701D3DFC156E3D14
:10F7A000FAB5D4BDB2105D3DA13177BD50AFA9BD52
:10F7B0006D8FBABA5153D7BDDF0D973D2A616DBD2C
:10F7C00056007FBD07088EBD69EE1DBD9A1A2A3D01
:10F7D0002C8D753CA237F9BD65A2B6BCABDD7D3D75
:10F7E00036CD64BDDFE34F3DFF98923D75DABF3DF6
:10F7F00077B7B8BC5637D5BB7425813C9457DDBD6F
:10F80000D34744BCB2AABBBDAE1C3F3D5D24FF3C08
:10F81000006AF4BD520349BD77A28EBD0183523AFE
:10F82000D4CD90BD8DFA44BC9095A5BD7E0D993D7B
:10F8300018258CBDE6F6573B7B7864BD31648DBDE1
:10F84000F2E3583D585B983C024363BA678F753DBD
:10F85000510A09BD5AA2F73C782DD0BC2ACB6CBD09
:10F8600012E676BD68FD6EBC136A39BD2A72BEBD54
:10F870004C4254BDB273D33CDCB697BD1E256B38E9
:10F880001D94B13C229BEBBC55F0B33C5F985FBD2F
:10F89000331E8E3BFFC919BE509E5F3C820773BD6D
:10F8A0008ADBF9BDD6058F3D22158CBD3C10403D4D
:10F8B00008FB2A3C795A8F3C73DB53BD13FC4C3D4B
:10F8C00045031D3DFCEA083D7D74573C56720CBD56
:10F8D000AB75C13B497ECCBDFD0D85BD63C9713D96
:10F8E000A008A23DEC6EDABDCD15B6BB65D2EA3CF0
:10F8F00018EA33BDD28BCA3D8653A0BDCDE7C9BD42
:10F9000080B6713D992BF33BD916A93DCBF346BD8B
:10F910009BD54D3AF62B0B3B61A51E3D348FE63B44
:10F9200000B7E6BB855E18BEAB35B3BDEA7AFDBC59
:10F93000B7D5B2BD19D29DBD02254EBD4E14763D40
:10F94000920EB3BD679CBCBD0AF73FBD120D8EBDC4
:10F950008AB7B1BD63C7433DBF2987BC0C2FAB3C01
:10F960007F04B5BD0A8F333DEB7D1ABD51427EBD8C
:10F970005BC49EBC4DB129BD2A7AC33D9D17E1BC35
:10F9800031CBC33D2A978B3B5BCB5FBD53916C3D25
:10F99000790458BDBA9198BC45E290BD446BEEBC69
:10F9A000BD67F6BDD43A503D27739FBCA106B03C5D
:10F9B000A389A93D8409B2BC0C4E853BCF7C49BDCF
:10F9C000BE9525BD37BCEFBD84DC1BBC464857BD8A
:10F9D000221AEF3C28BC0BBE6C39C33CDAC3143D81
:10F9E0008DB68EBD7F4949BD05E3BC3D88DEA7BC11
:10F9F000BBDAB73D2B8F383CFEC695BC278373BD61
:10FA0000F21C983DF9926CBD28A294BC0C829ABD60
:10FA1000FE27AD3D57E0C0BDBEC20E3D25912ABCBC
:10FA20008C9578BDDBEBEEBD39834E3D790A76BD12
:10FA3000E70B69BD5168693D1AB061BDFDEE97BD28
:10FA4000615E3EBCC8CB23BDFAB1F5BDBD91A0BC83
:10FA50002CECE4BDB09D003D6E4915BEFEF42DBDFD
:10FA60002717A1BDFC6DD8BD630C223C9A94BE3C07
:10FA7000B62A90BD245E343CEE33B23DE587ADBD81
:10FA8000388936BDA4E48F3C9EE2C9BDDBD5193D63
:10FA90002E13A8BD3E6509BE916C5FBD94088B3CDA
:10FAA000A7548EBC78C8753D2AEEA1BD329604BE1F
:10FAB000DDA41D3CBC8A7A3CE16A01BDC1B4803C36
:10FAC0006E453EBDEB9B06BE0015BEBD6F40BD3C06
:10FAD000EF2C9DBC0A0FE7BD631B563D0467EABDD2
:10FAE000D05B803D2A1A1ABDE4C4A33D68FC45BD25
:10FAF00046BFAD3C09029ABD439F393CD2E8763CF3
:10FB0000A40979BE29AA0F3EBF1F8E3A66B628BD4A
:10FB1000ED7AD03D387944BEB385B4BEF79F06BCBC
:10FB20005D1119BEEC6DD63D28C297BD58CDBFBD45
:10FB30009EDD4EBEC0877FBD0F9F81BE08702CBE6C
:10FB40005423BB3DE5B8043E449104BFEF2C84BD73
:10FB5000D8F8023E598E28BDA12525BDE092183D5A
:10FB600052F781BC376B393E7AF633BD2DF7BCBDF9
:10FB7000596F91BEBDCE82BE371753BDB498CB3CF2
:10FB8000EA24533CF499CC3D7E2B85BCC88061BCF3
:10FB90006F9782BD983E4ABE7951573D94E7213D0B
:10FBA00001A1693D040337BED9E10B3E8662293EBF
:10FBB000EC8F483E47C758BC9A58193EF2398CBE64
:10FBC000922D1DBEC9BEFE3B20FB1BBBB1BF063C38
:10FBD0009967A43DC0A42DBD0315F23DAD0191BEB2
:10FBE000AF5D8FBD28ED94BE0879D6BD94020E3D61
:10FBF000F163E6BD0DC0C33DD58B50BD8AE11BBD91
:10FC00001DED343D0DB9083E7CA1AA3B905D0F3C33
:10FC10001C350B3E085C0ABE977D36BEBBE9003D35
:10FC2000901CAFBE1CB3783D473FBB3C1B541A3AF7
:10FC300054B98ABDD5CCD23CAEAFCD3C42B763BE41
:10FC400081A82F3E7AEFB33DC51603BF2FB5ECBD9B
:10FC50004A33663EFA1D6B3C1BBCB1BB50D1A73C7E
:10FC60001E597A3D7B9AEE3DACB040BDABC999BC04
:10FC700016C787BEE6F0C73BEC1267BD8A23033E7A
:10FC8000BD23073E4A7148BD981AC3BDE3ED983DB8
:10FC9000E3526BBE6B654FBEEE23323D10ECA23CCF
:10FCA000ED8DCB3C34E3AEBE73D393BE3342423EC4
:10FCB00016628F3E4ECE00BE6603ED3D704479BEA7
:10FCC00032AC21BED26F853DF838F1BD4D5B7FBDB2
:10FCD00067A0B43D10D5003E179617BE4E422BBE0E
:10FCE00053C4913DAFBFA4BE103E07BDD66FB83D13
:10FCF0009FE2D4BDDBC7013EF75509BEFD7134BD9F
:10FD0000CA90E33DED49C83D3E4735BD5A2058BD38
:10FD100075974E3D61B4A8BD676763BE4AD9203D63
:10FD2000E25F3BBF27E61DBD1123A13C95A7F0BABA
:10FD30000B522EBEEFF4663C97C94DBBA4707EBC3F
:10FD4000E9AC7A3D8D5A843D8CCDA4BE14F417BD28
:10FD500012C8813E6CF8D4BD969DCABD0842203DB4
:10FD6000FABC1A3E492CC43DEC77423DB5EE9CBD31
:10FD7000CC05F0BDBAFEBB3DAE78A93C95F809BDF7
:10FD800001384D3C33F541BD941438BE39888F3C61
:10FD9000CDE083BE2A28CCBDFAB33C3D90DF593D6F
:10FDA000CEAAF63D1E7D8ABE67A89DBD6D6610BDBC
:10FDB00080482D3E5D71EC3C30F4163E62441ABE24
:10FDC0006337B3BDEE6E163D619481BDFAEE753DAD
:10FDD000C5292E3DBB3B11BBBC1A6CBD9D9CA7BE6B
:10FDE0007BD0583C4B719DBE1D26E3BC134460BDC7
:10FDF000D69F9B3C94D7B73D28A3F8BD9F30E9BC64
:10FE000055A57C3ECA04D03D7127AFBDD263B63D37
:10FE1000A19AD9BC25753EBE87388ABD42A2C43D91
:10FE20006F08EFBEF001293D3787BF3CBD8B793DA0
:10FE300048FB12BEA3AB1DBD1E40363E0E6D6EBD0F
:10FE4000EEFD283DCFE59C3D813DBEBEF052A83D74
:10FE50009ECF813E1C1F25BEC38DAFBD0C93093DB7
:10FE60005103D03CD48FC53D56635CBD578C53BC09
:10FE70003F5B7FBD5EF18A3EEEB88C3D5D7857BD3D
:10FE80003BF06CBCB7AAB1BDB38899BD6C9E123D66
:10FE9000CA2B1ABED11421BBC62F16BCC6DD83BD2A
:10FEA00039F9A53C1FB16BBE49994CBE021C153DEA
:10FEB00036A270BD1B4E04BC71FF97BEEAB410BCE5
:10FEC0005D33ADBDD223BBBD3E553ABC4AC4E4BD93
:10FED000EF2718BDD7C52B3E2FC4E6BDBA43A1BE40
:10FEE00004D5283D4D718ABEC9522B3DFA9B63BD96
:10FEF000782A933D717B2A3E744882BE5BB56B3C89
:10FF00009F52753E013302BDA9A86ABD2105AFBD50
:10FF1000AA64E4BD4839F8BD5A9EC1BDE9DD40BDC3
:10FF20009B78B7BE392AA53D6DB1D63D966E1F3C74
:10FF3000ED6A6ABE2647B0BD037543BD860B14BE8D
:10FF40009576E6BD68F682BC8ABFC4BE7BC4993D87
:10FF50003A6B813E7C2259BD649968BD3CC9393DEC
:10FF60002D7E7E3D2AE38CBD59B96BBDD677043C0E
:10FF700072B4B6BD6C94873EAB678CBDF476EA3D37
:10FF8000947028BD4F640DBDB1B0D9BDCC8E62BD9B
:10FF90002F0114BE5D3D44BD555C08BE64E64E3D78
:10FFA000DE84C43D59309BBE91C844BC6B4EA5BC99
:10FFB000D03F1ABEDE2B7E3D2E552FBE70C89ABD97
:10FFC00073F3EFBDCDA413BE288E03BE606B593D05
:10FFD0006574213D0CF6DB3D64FFC4BDFAFA03BF36
:10FFE000CCF1F23ABF6173BE023E00BD1863EFBDB3
:10FFF0002F55E63D047BD53DA3E32ABE783306BEEC
:02000004706921
:10000000B95B68BD61673B3EEAE4D8BD476BC53C60
:100010004D45003EA5F59B3D4650B33CB5476CBBF6
:10002000F067343D0BE1DFBC30B0593D5ED5453D56
:10003000276CEDBDCEC9083D140934BD854BBDBD4F
:100040006DFC98BD4318A3BC441DC73D588EBC3CF5
:10005000C849793CFBF3783DF91C263B356D80BDE2
:1000600020A2C2BD2FADE03C7A959EBCA93BF5BD58
:10007000C0E246BE0354C9BE450B9BBDCC25963C91
:100080000131153D6DF6413DDA9F8D3D98A480BC50
:1000900089FB633E295BD23DFB1DF93CE8A2613D33
:1000A000C418BEBD37C29DBC330D65BD786393BD1A
:1000B000FCC548BE0026BDBD408A7F3D04E38A3DA5
:1000C000B8C0633CF08C0C3D39B448BC843C953DD1
:1000D000FB48A63CE0D254BC3D605B3EAFFD4ABE4F
:1000E00093C1243D36BB143EC912BF3CA2BA073DA2
:1000F00083E9F4BD5BD8DB3DB4B8ED3DA28A8D3D0C
:10010000BCC727BD3E2E653E65C4A7BD2CF6753D18
:10011000BD09233EA6C4353D363765BCD1D9BFBD28
:100120004C3D79BE99A78EBD4E14CEBD984AE63B94
:100130000718CDBC3C6E393D442472BE286626BEED
:10014000E491D9BD31B4DABDB9BE29BD814383BDC7
:1001500077A656BD0323303D0E9D0D3CE78B5F3DDA
:10016000F0E7C73CACEE8F3D2BB1ED3C494565BD9A
:1001700009761EBDC808B0BE7F4EE03C3ED06B3D48
:10018000B0962ABDAD0AC5BD4A1CA6BDF54CC0BC83
:100190008AF2D73D29750E3D9A1FF7BB5C17ADBD9E
:1001A000C9EEDE3CF6345F3D814B09BE6BFF023C7D
:1001B00099A74EBDCD5B0D3DBF17ECBD56D61F3C7C
:1001C000E383A93C9FA5E43DD532073A0CDF053D0A
:1001D00006849E3D1613BE3D1533DC3D66EDAEBD77
:1001E000605C893DBDB82B3C3A268ABDFA1A0D3DAC
:1001F0008A7F52BE66246CBD2A0CBFBC11F33DBD84
:10020000BB5296BDA0EC4F3DAF34A23D2D2DA83D75
:10021000A17602BDA744C43D0069A83CB294F63C57
:1002200025B0BBBE9BA3543DD1E08C3DA9EE8ABB5B
:10023000EAB59A3DD9FB413D18CD14BE7935073D4D
:10024000244A0DBE63296F3CA30A4CBDB9EC1ABD0C
:100250007D82D1BDD8A6BABDD4DD38BBF125A53D80
:1002600034053A3BE5A1123EDCF1473DF58309BC7C
:100270009B4DC6BC97CDDDBDA9D0A4BDCE8D043DA0
:10028000D2D7A1BD23F5293DE64C993DBF7A62B98D
:10029000DECD9D3D04C9043D8EBA8EB7C7A198BD81
:1002A0000E8DB73D05809EBD397277BD4EE3FABD18
:1002B0000F9A62BC7B29ACBDD67F173E0901113B6A
:1002C000E34ECA3CBE08753CB28275BCC61021BD67
:1002D0008C6D173D36D74C3D014E273E174C18BE4E
:1002E0000312A43D22E4103EC8F12C3D365A54BD01
:1002F0009E180CBE6FE2D5BDA74BC3BD0D97573DF1
:100300009EE5DCBD3788CC3D80A0F03CC3835DBC5E
:10031000F21CBFBD33B9103ECC6659BC5D17ACBBF7
:10032000594F9BBE8315553C550596BC0BD8663D71
:100330001AB8E93D878CA6BD0C368C3C9E2A1DBEA2
:10034000E64A1DBEAB2280BD7C29ADBD587CB5BD43
:10035000A327D9BD9E5C58BD218A8EBB04F3803D86
:10036000F2C85DBDD9FB253DE7F7CC3C2F6B323D94
:10037000CF948FBD83AD24BE748CBCBDDDBF473D23
:10038000E7F7EA3CBBB7CCBC6CC12D3DBA02A3BDBC
:100390005550D9BC2D4BA2BDDB2C243D60094CBC73
:1003A0009AAC8C3DDCD68CBD3F41183E4477F7BDFE
:1003B000CCCE0B3E3C5763BE1C8D45BB58FB8DBD60
:1003C0001120B1BDDF3BB23B9FBE22BC4175A6BD33
:1003D00068C516BD2D63F03CF2FABA3BED8A22BD2A
:1003E000E509983B34B9043EADF50C3D4BB8223DD0
:1003F000AC8D7EBEC77C31BEBB9671BDC30B2E3D9E
:100400008D4863BDA342AA3DB10827BD9E215ABCB9
:10041000A921873C03228DBD247E3C3C4D4AEEBC85
:10042000D8F086BE1147A6BCE804DB3BBCCF4D3DEF
:10043000CB45563E82119C3D7E41703C3F54EFBD02
:100440009A6A53BE50F94C3E0582E1BDF8DDF0BD1D
:100450008F6727BED7A9F43D0D80173EFAB7A1BD1F
:1004600046777B3D94C3F0BD86F795BCC7BE34BDCF
:1004700087B984BDEAD31DBE1C2731BC177AEA3D7B
:10048000FFC289BD1262603DF6CEB8BD9E076A3DCF
:1004900091F865BEF0E820BE78B6BA3DDD8E66BD47
:1004A0009354C03EB8A513BEEBDDC83D7E981BBD7E
:1004B000C1C50C3E04B755BE7DB99EBB7E5586BDF9
:1004C0006C0BF43C850ED3BDDE59773D38F19FBDF2
:1004D000D436B2BDE0380F3E7ACBA53D3EB514BE52
:1004E000C7C05FBD2BCA18BE5473763D553BF9BDDE
:1004F00001D03EBE8C01C1BE416C36BC310595BDFC
:100500005F45AA3CB93268BD3290A9BC4D72503DDE
:100510009F88A83EA9B927BD0FD3053D00D02BBDAC
:10052000D485B2BE2C94C0BCA3A1C63DA4E2FABC43
:1005300047039ABC2522EE3C3AC5C2BD154C27BEE6
:1005400041C343BEB33422BD3E5F153EDEE60D3EE1
:100550007C42DF3D52CA9EBDBE7106BE586C1F3D37
:10056000F8B4593DD7A9BA3BFA73313D660FE8BBE1
:100570006C52EBBB963E663DA59CBF3D563522BEF8
:10058000988B003E45C4A5BD0EE976BD93F593BD9D
:10059000680AA63BC6889BBDC0E6B8BB26BD8BBD1E
:1005A00056FD333DD41920BD2CF0B43D89E299BDF0
:1005B000737F30BE164B7FBDF446A8BC1A30763D23
:1005C0006A585B3AF6AEE5BCC64F59BCF6230CBD83
:1005D000251BB3BC1F5E71BC86821B3CCF8EEA3DDF
:1005E000E09BA4BC94783FBECB32693DFEEA97BD48
:1005F000D113993DD6A365BDB93DC93DC20E103D8D
:100600001DA9B6BD848EA83D0662CF3DB76DFC3CEA
:10061000F0E91DBC1D60F2BC3A929EBD2B149B3AC2
:10062000B89FF2BE74A6AB3C2C4A863BCF0AF53B82
:10063000C368BBBCA3A85E3D44D2D7BD3F0C08BD78
:100640007BA04EBE6FFE34BD0509183E8A2CB83D16
:1006500002FE20BC9A3CBA3C109440BDC8AC96BC8B
:100660000C05043E2D7AE9BD8E247D39B3002E3B66
:10067000FA4198BD970B1EBDE1031FBD25E104BDE6
:10068000B341893D63043F3DE4E50F3D2EBFEEBB22
:100690004ABF94BC0050AE3D291B183D25571CBDD8
:1006A000C6E06B3CF60E41BE71E22DBC0307C63BB3
:1006B00061F34FBD3A6C9B3D7467E1BBB924B23D19
:1006C0009250BF3B1C3509BD1822033DCAE9B6BD97
:1006D0004DF3723CDC5364BC6750FCBD23BA393D1A
:1006E000596348BC10A31E3DEACB3D3DBAC2753EDE
:1006F000E219A83DB58D1FBD1BA98D3D97D36A3D5D
:10070000D40CAEBC356A1FBEA2C7B93D51BC5F3C1C
:10071000994D3BBD5FD84EBD45BA81BD156B49BDF6
:10072000AA13C0BD4681CB3D141687BCDE71813D46
:100730005ED5103DE3BA46BD8F6CBB3D7A59E5BE30
:1007400003F665BEE8AF8CBDEEC09FBCB38C143D14
:10075000AC3D57BBD1DE95BDA131CCBCD3CCA63DC1
:10076000EF75053C6F73073CA0B7CCBD750983BC22
:10077000D06CBDBDC7273EBD320A073DA25086BC26
:10078000AACA8CBD6850053D3226A0BE5D7425BD49
:10079000076832BDB743A03D13EAECBD18D0C23C98
:1007A000DA42A33D1EE237BE8A32823D1A1709BDE6
:1007B000CFD5D2BD89EE543DFA226CBEE14C50BD7E
:1007C0009A6E1FBDC81D92BDE866C73A35CD99BD6A
:1007D000481E903C8395A83A47B796BDCC9AE83D11
:1007E000084B41BC9135AC3DD32C983D96A891BEA9
:1007F0006D472F3E5CE154BD7FF5C53D4F4DC4BDF7
:10080000A7ADAB3D31123DBE64333CBD3FD664BDA8
:100810009DFCA53D06EB47BD6B932EBEE34C9DBDF5
:100820008175A9BD62FFABBDDB7190BD2582AE3B7A
:100830004404153D742070BCA9613F3D922804BF5B
:10084000FDDE6ABE69E0C33CF40D6C3BB5632DBCB4
:10085000289EB4BD1AF0B93B61194FBC6CCBB33DB7
:10086000BEEA203E241FBFBD6E1554BD9B0C613DEA
:10087000AF6CABBDB47825BE0600513DFAE04FBE6B
:100880002271253BBF60223E1B718ABE73A0B13D21
:10089000FE74A4BD7052EDBCC67D3CBDB4A5013D47
:1008A000600EE23D954B88BE1961BB3D8FD4C03DC3
:1008B0008A5313BE4A85123E4B9F88BE2475BA3DAB
:1008C000416EE1BD7736033D2AE87BBD982E97BD8A
:1008D000BC41903D37F715BE8C7A1ABE11B8E83B83
:1008E00006FE67BDA330213EB083AF3D29560EBE44
:1008F000F1E1E33D267AB0BD8094BF3D93B48EBD57
:10090000D1E4D6BC0A6CDDBED0DC943DFF7D373D22
:10091000D75BACBD3060E1BD9ACB71BE1F338B3D60
:1009200065B739BD2FA0CBBC278492BCE00A52B971
:10093000F8F2A33BE519413C0142CCBC6603F4BD8F
:1009400050BFAEBEC780753EDA719ABA400E9CBDEC
:10095000D7F241BD0419863E99A0B43DC95BA5BD3F
:10096000D8D18F3D8A0F81BDAC642D3D2DBEDEBB3D
:10097000F3ECDDBD4C202CBE2C9DA73D7F35CCBEBD
:10098000121BC63D8A9C053E73AB143D96782DBC68
:100990006CE207BEF881FABC7723E33D062D0A3DE1
:1009A000A36A9C3E64EF96BEA183553E293095BD57
:1009B000C3979C3C254887BD8F0E47BC421CEF3C2B
:1009C000B85DDD3C8E9D0F3D2DE71E3EE47930BEC7
:1009D000E50CAB3D5D04F5BD0DF3BDBEF5A827BD2F
:1009E00089FC7ABD6E3B973E2FFCC53C3D29D73C28
:1009F000A3684C3D36CF42BEBD902C3D4D39C8BC9E
:100A0000EE1C43BE145C80BDFF0872BD310424BCE3
:100A100088427FBEF480593DFB811B3D91277EBDFE
:100A2000E918AF3EF48FAA3D92B570BD9F1E113EEE
:100A30009A9DCEBD5AE5173D70191ABED295EFBCEE
:100A4000388134BD367C94BD1D012CBD4520393E16
:100A5000AD63453D0185ACBD77DE233E2DB77E3DC0
:100A6000FBB280BD9EC3913B60CEA53D1E0529BE55
:100A70003B510ABE60B950BEF6BD84BD8666B1BDAD
:100A8000BFAA343C7D5E6BBEF472463D5DDAECBBC2
:100A9000027453BD3D34F53D323887BCC0AB3A3D9E
:100AA00053D1BFBDEC76C83A8F7B3BBDA431163D18
:100AB000FA33B2BC753505BE41BC35BBFC1B55399C
:100AC000D6B2643D377BB23DDE4247BD97ABBF3CFB
:100AD000E02A24BB6011E3BC31AD643DB3A352BD39
:100AE000AC20CCBB64DC15BEB2C1D7BBF5B1A4BD94
:100AF000B22DC73C8DE22BBDF875343D93E2323DFB
:100B0000F1FFBCBA784EF5BD685F603D4CED1B3D12
:100B1000AEE509BE2ECAEF3C837AF4BCF23CD73C6A
:100B20006B01B73EF3DFA5BD4FED55BC0263D5BCED
:100B300051820ABE4054543D84146CBD7B333C3D0D
:100B4000362810BED40789BEBC244CBEDD85993C36
:100B50005C39D5BCCBDF1FBD2090EF3D8E81E33CDF
:100B6000A1C85FBD725003BD106EC4BCC931D6BDF3
:100B7000358F11BE4C852FBE044FEC3CFFD61ABDFD
:100B8000221EFFBBEC1955BE2D8E623D551599BD39
:100B9000C6CEC23C77764EBD58BE863C04D5BF3D1E
:100BA000DB2B15BD06CA8CBD8755A1BEE4DBC9BCD5
:100BB00033B90CBDCE142DBCA977BB3CBE687C3DBF
:100BC000C788533BBEB37CBDE94B65BD4B6A3B3D1B
:100BD0009F87C93BC64B57BD025EF93C44B0853C7C
:100BE00041B807BCC6C025BDB8BB89BD20827FBD4A
:100BF00011CC043EAB6D083EEB43ABBD19DE9DBC92
:100C0000F283B13D796A78BD3C45D83C0342AABD28
:100C100037E022BEC70754BDE50DD3BDB4B5733C64
:100C2000280B733ED1FE22BD5DBD483DE883FF3DEC
:100C30005E9E7ABD2A6018BD8A95ACBD472C023EE7
:100C40005D60ADBB472574BE9756B4BC230A053D15
:100C50001911F33D5E9C2EBE6D5AF43D2018573D90
:100C60007016D7BD3591CA3BBFFD893D23E430BE28
:100C70000E8D32BE12034CBE1BE8BCBDF15385BDC8
:100C8000F908353D471F14BEADD467BC02058A3D47
:100C9000A65B053DB17634BDC2F200BD4A03803D7E
:100CA0005DECC2BC017FDBBD52645ABE467199BD8A
:100CB0006CF1803D2D954A3DE32F06BE1D3D083E5B
:100CC000C44F5ABDAAD28FBD242C3CBDACCDFBBCB9
:100CD000C094853D5E2C1ABEAD40AB3B40A7B63DEF
:100CE0004173563C709FC63DE6EFA83CCFD6FFBD92
:100CF0007E4EFE3DDD69E83DE5C215BDA18D30BEED
:100D000079A1CC3D1559ACBDD91FBCBB05C9A93BC8
:100D10004C397ABDDA65ABBDB8EDA5BD991DAE3DC8
:100D20003F0C273E8AC976BC11904BBDCB3E093D96
:100D3000B933993C2BB2E6BC6BBC44BE7F1A4F3D25
:100D40002C0A3F3D0ECF70BE24B62B3D926216BDDD
:100D50004357DD3D9472013C9422443E00B0F3BC05
:100D6000E413023D845C6D3D2E18ACBD2A6CACBB17
:100D7000F32B1DBEEBDA99BC2808B0BDA2C0C3BCE2
:100D8000CF7DACBCB87445BDFB8BFE3CA8BFA13D7C
:100D9000ECF2DC3DE67C553CC973853C501CC43DFF
:100DA000AFB01FBE198C91BDA0D7C03D9E82EA3C5A
:100DB0003C077B3DEF67C9BCDBC52A3E267D543E20
:100DC0001B27AD3D93025E3DB0F3AC3D4116913D16
:100DD00012BE523C979CDEBDCB23733D6E54533EF6
:100DE0009ECAF2BC0050103DECE9BB3BA848533E04
:100DF0008E31B23C9BD60C3EBFEDAABC21124BBE3D
:100E000041AAAD3DDABE213DBECBE83CAB3CC4BD02
:100E10008749D6BD7C39F63D642968B923EC75BD98
:100E2000660DAE3EDE5E983C606ECFBCE177CABC1C
:100E3000D4C501BD578D0F3DA093B8BD34AF2A3E38
:100E400068A2C83DEA5A85BEA99A7D3B39101F3C6D
:100E5000639DEB3D6D33CABCA2E3743EFD78EE3B6F
:100E60004898D0BCCD2D6D3DA98135BCEF73163DA2
:100E70002FB5C0BD1B900A3C2853C0BD661D783DF0
:100E800083641C3E374CF0BD8CA6E83D453D76BBE7
:100E9000D6ABDD3D4D88543CFE209BBD0B53673DDA
:100EA000BC029FBEB542873BD18B7D3D0EE510BC99
:100EB000F1A90F3EFF0C7EBD212BBB3D7B7E3E3E4C
:100EC00038C4DA3C0729C83D289054BDE127373E95
:100ED000AA0066BDA4F1EDB91A77C03DDE45133E08
:100EE000A3BFD53CBA95223E02584EBD3915CCB9A8
:100EF000BFDED63D557AAF3DA89200BCDD5A78BE24
:100F0000723CADBC9D933C3D2C139BBCC06090BC1F
:100F1000E0AA973D2B84D0BA0CBCB53D547F3D3D33
:100F20002F22403D0406A4BD8E24A6BC2620F8BC7A
:100F30003444173D1810B7BDCF795E3DF6BC9BBC5D
:100F400028E90E3DC36C59BD9BC5BABDA9033ABD86
:100F50004CAE68BD6303763BEEDAD6BC385D88BD27
:100F6000900AAB3D00D1E0BC6F21CCBCF466CBBD98
:100F700039ECE13CA1E4C0BD503C143DF88004BD17
:100F800058C5D33CC344983DCB88B63D303735BDBA
:100F90003B38673DBB89BABD53AD863D967A97BD58
:100FA0009F10863DF4671EBDCC5B8CBDDEDFA83D87
:100FB000CCD492BD570B0DBCA444413D37446B3C8F
:100FC000E653133DF154C8BD5F1C423DA4E5A4BCEB
:100FD000A4BCBEBC71B15E3D173A8B3D4FE3803A75
:100FE0009728383D495898BCE2E49D3D36CAE5BC97
:100FF000CD1D8F3D6AEC003C47482F3D93B8A1BD05
:101000004F1A4C3DB5F2063D9AAC82BDF07EF53CE0
:1010100078C20FBD089492BD280259BD35871C3B8C
:101020009DA4BBBC165D0ABD543D1F3D1D4C31BD8A
:10103000780F95BCE0059BBCBD5FD93C8FFDCABC59
:10104000F6C5BDBD73C2CABC36DA7DBCE4ECAABD30
:10105000E21258BDA798603DCFAE973DB8F2B6BD3D
:1010600009C581BD1249913DFA6E7EBD5373DCBC4A
:1010700003533DBC0A55883DDE5E903D8F0BA5BCF9
:10108000367B2DBD157F0F3C26FD88BCEAE305BDF0
:10109000000A55BDC3BC663D52EB94BD17DE98BD3A
:1010A0009A61C1BC8ACFBBBDAAEB2FBDBD504EBD5E
:1010B000431F99BDB18FA4BC7ADF603D34A24C3D83
:1010C00047A20FBD7DC49FBD60881DBD8E1C833AA5
:1010D0000627753DE3CC92BDA8B572BDB8B2803D80
:1010E0007427223DE560D63CA625A4BC206DCEBD6C
:1010F000F31691BD01919BBD23B03FBDC3B69D3D8D
:10110000251BD0BB175D8EBC18E4333D7F4A36BD2E
:101110005479BA3D6CE322BB465F03BD48AA4F3CFD
:10112000D8612A3CCFAC9FBDCEF07A3DF56987BD32
:101130005475AA3D548E3D3DCCC5CE3DB4973B3D44
:101140008A2578BDC10D91BD2AD2923DD4FC43BD04
:101150008991DFBD8A4A34BD315FA13D8C07C5BD91
:10116000CF786BBDA94DCBBDE11444BC74E4B1BDD7
:101170000FFAC4BDD257163DE856503D8BCF2A3CDE
:1011800048784E3D29AC8DBDD98AA9BDB90B01BCAB
:10119000E820D8BD05D033BD31B6F63A480F023D40
:1011A000A4C5A6BB64C18D3B713D7D3C45E19ABDA4
:1011B00065E3A6BC72EE5A3CF73B9A3DBBD7DA3CDE
:1011C000CBD391BD004E8A3DB5EA6FBC65248A3D04
:1011D000430089BD1C8FA8BDECD0A2BCDE82263D99
:1011E000B7FC67BC1996EE3C6FCD373CD1C416BD39
:1011F00047F0AA3DDAB0933DE521CABD7CE01CBCB6
:101200007EAB75BCF03260BD7DF0B3BDA4EC10BD0B
:1012100028B373BD5136F9BDA0FF81BD6E7343BDC8
:1012200048DA94BCBB9A94BBD344473D5765EDB5AF
:10123000BDA1C93C58A3BB3D7AA03D3C44B4ADBD63
:10124000DD0558BD32F173BA50A717BDA062AF3D9E
:1012500088A008BDD64F4BBDB0559BBC462B83BD67
:101260008C91553DC5738A3DF668093DFAC3133D1F
:1012700016086CBC8AE4D5BB585882BDD2756D3D4A
:1012800000CA173BA02CA0BD5128AA3D0B81253DCB
:101290004994C73CEF9BA6BD716AA8BD542FEEBC14
:1012A000F8F3A83DB6890B3D1C9768BD641FA2BD2D
:1012B000E8218DBDE042A73D33D2DABC83CDA5BD88
:1012C0002E6B07BB17E4B4BD375CDABC9C558E3C73
:1012D000DCFA9EBCC37780BDCFD981BD56CE5C3DC4
:1012E000BFD39ABDEB78AABD56409F3DD98A6EBC4C
:1012F000BAFD3FBDBB0B0E3D9B403A3C1B8E15BD5E
:10130000A45C27BDE36BE6BD4D9D65BDB0EC8DBD16
:1013100090C16DBD329EE8BC7618CFBB6965743D47
:10132000F42AC6BD635B663D3F35673995DA3BBD40
:10133000367495BDD09A36BC2687A9BC80878CBDF3
:10134000091FFF3C62BA83BDB42A83BB943CA9BD8C
:10135000701C9EBD2C15863D20981E3D90A8CE3C4D
:101360009C7F9FBD2B09963B105CC33DA3C8553D98
:10137000057765BD6D6179BB9A40813D4B8705BDA1
:1013800087C20F3D7066DBBDD2F1A43C2FC73EBDC6
:10139000A1AE6FBD5153F53C7C04C2BC14D76D3D6A
:1013A000BDE2F0BDC32E2C3D034352BD85C00ABD36
:1013B0003DF0133D62FCCEBDFE1D0E3D1DAEABBC2F
:1013C000D65B673D62EE0ABD20B48EBDAC80A13C09
:1013D00050AF83BCACB37F3CB0D5A63D7D77BDBDDF
:1013E00047D4833D43DC48BD178A9ABDA9E0B1BD0F
:1013F000384889BDCA87723CA675B0BD25B76D3D1A
:10140000E4B191BD81CF363E0E41A83A2626B3BD48
:10141000997A90BD5B904A3E1571A13CB2E0BE3D09
:10142000F2D2C2BD0CA88EBDF503873DE18C34BB62
:10143000120CC5BD53CF7C3D0B2F2CBE3A7AF73A28
:10144000DF7ABD3D7ED203BE7BE3AA3CB5A8BFBD1B
:101450004DA7BB3D04F81D3D275B4EBDA6C3A4BDF3
:1014600079FFBEBD264391BCC8840FBD938C273D38
:101470008BA6DBBDFA8A0FBEA25398BDAAA5483D34
:10148000BDEB65BE4708B4BC6A54523D812AA1BC7D
:10149000E794203E4819F43DFFDA603D176CBE3CEE
:1014A00021D094BDA1E928BD8F026A3E369226BDA7
:1014B000656064BE49092CBE110C623D7B5BC9BCF2
:1014C00098929D3D3B89C13D67133D3C4C649BBB5D
:1014D000DA6C53BB517B40BC04DBC93BF3D528BE5F
:1014E000572AA03D4AF98EBEE41938BDD33C52BDFF
:1014F00091930A3EA13BCDBCD0666D3B2E9704BDB7
:10150000D5531BBD24E2133D8CD69BBC09B994BDB9
:101510003B331B3ED454B43C21D9B03DA8CEC8BD0A
:10152000E3FB30BE42AC81BD5FC1A53D4DC93ABDB4
:1015300087BD673C7E3264BC939A3DBD6491D3BE47
:1015400022A1B63CD462D2BDD4C18EBC4FD6E1BC80
:10155000E89497BDC5CE98BD4A9D393DA8B98A3C4F
:1015600010DC4B3D78DADE3C359E9C3C3D998FBDCE
:101570004D61563D7A95F8BD778127BD8412E6BD51
:10158000DE3E75BE0E30FE3BEF618ABE39B7B2BD9E
:101590004B69173E0D7211BD1B530EBDCF27673D22
:1015A000F9CAD1BD8A92BBBDB43DBB3C7E774CBC71
:1015B00076524CBE546E9CBD53CAB6BD7CCFA33C84
:1015C00003A646BD2F01F03DFE7370BCAF56AB3B8A
:1015D00022296CBD37ABBDBC9918B1BD1CBDFABD8D
:1015E0008C69123D7D5D51BEB5A814BD1BEFF9BDE0
:1015F00095C7E5BDABEAD7BCC557023D7E3F9B3DD5
:10160000DF35AB3DE1C4C13DE35B2C3D775E13BDEF
:1016100010C994BDD47E863DF56629BD2001803D6C
:10162000BE6655BD101748BDAD1D7BBDE733A1BDDE
:1016300009BD1EBDD71E1DBC322DC4BE2E9AD9BDFC
:101640009F0EDE3D4E79B73C473E48BDC3FDE3BB30
:101650002BA8D8BD29B8B4BD66E6EA3DE0DDB23DB1
:10166000399D1A3D60D650BC7A9678BD1C1973BD61
:1016700008D6A7BDEB5898BE11FDA0BDE612EABC86
:10168000AACDF7BDB227B63C6CFFAA3BF4E3513DAF
:101690003EBD193C1404A1BDE49717BD483583BD78
:1016A0001E05BB3D4610BFBDB33ECF3D82B2D5BD8A
:1016B000CD0C953D3F321DBE4FC495BD3E7AE9BC71
:1016C000A51A77BC1D23923D3772383D013332BDD8
:1016D000FEB054BD2B9D513DD32AEDBDE558F2BD62
:1016E0008A22673DCBE2ABBE56C5C6BDF5CE2C3EC9
:1016F000AC047B3D1ACC52BD7E81993DC22DF63C97
:101700009CE7663DFE66033E954368BD91140F3D20
:10171000411690BDA5EEB4BDFBE8FC3C189A13BD84
:10172000AA8680BD52EEB53DC79CB53DF78F9C3D66
:10173000C3F9BFBBBCA2BABDD45791BDB85F94BDBD
:10174000FA0C45BD0BB4E43C76F63F3D9BBD53BD62
:10175000B6E4CC3C84184A3DC85B043D8806953D00
:1017600043C3873D5A073DBD3E86DBBBAB58C1BB7B
:10177000CF0B82BD0C808F3D0EFAF43BF125083D66
:10178000CADA08BE88F1FA3C0A8B4E3E4583ABBDEF
:10179000AF2BCABD604F34BDAE597E3D1C4564BD04
:1017A0004A8D953E88A62BBE62C8823E25D476BD62
:1017B0005F1DD83DA4898EBD92138B3DD2C80CBE4F
:1017C000F5D308BD80763BBE7F6C833DDF64A7BD4B
:1017D000185C1DBD639AF8BBFA5781BD95152ABEEA
:1017E0001277CCBBF76F9CBE7076D7BD5B7A393E63
:1017F0000BD03ABC9DF21F3DE7F1343DEAFD1B3CA6
:1018000060B4633DF1DAC33DB5FAFB3C146384BDBB
:101810005C0617BD151E3A3C6C5F82BEFD318CBD67
:10182000F423153D0896A6BC91A7CE3D832F66BD37
:101830000B92643EB12DABBDC019E83DA4C83EBEBD
:10184000E02147BE8C8C883E47D4B8BC1092BCBC0B
:10185000961728BE250C033E0CB92D3E1FC337BD7D
:101860004862263E5058893CE969813DC625663D5F
:10187000155E36BDDF3B5FBDBDD97CBD9841E53C03
:10188000D33390BEE1E41C3EA396063DA30E123D69
:10189000607766BE8F90F1BDD757233E384A5E3DD4
:1018A0007E04D83EB8DE87BE963E063E84D40C3C0D
:1018B00068028B3D47AA66BDE6E57D3DF2214ABE42
:1018C00077EE3DBD167881BE3095D03BD5FA47BE48
:1018D00001D4A1BD21473F3EEA82D4BD43F21F3B64
:1018E000120361BDC6CD04BFF7F6BDBDF535863D1B
:1018F000EBF8A7BD9E631EBE65399F3D2C269C3C20
:101900006CD319BD7A86E3BDBE6E85BC5C9ABCBC47
:10191000A84A723ECA003FBE3DBDC6BCE34868BD92
:101920009ADB9B3EE4078E3DB731B53CA49BD63D88
:10193000C3449EBC6E0B3FBD1ACE25BEA431E5BC90
:101940002234CABC07D4C63C2B24C23BF1123C3E15
:10195000331F09BEC9435B3D169D2A3DE03E3B3D1A
:1019600043EAF2BD45FF07BEF28C883DE26381BDCC
:10197000F14CFBBDDA5ED6BD0F55CC3AC2432F3DCC
:10198000640DC23D4D8D0FBBF2C090BDD8755C3D5E
:101990001818F6BDD9BA973DD8E8213D08EEC3BD69
:1019A00091C589BD74A3E93C7511F0BC134EF13D9E
:1019B0004B6B403EE467A1BD98E27F3D86B19FBD81
:1019C000AB78AD3D929F783DAAEE0C3D8F494B3DE3
:1019D00050C09EBDC22F4D3E9038E83D129D063E40
:1019E000265E223D992C40BDA09FAC3B8AEEA0BC58
:1019F0000795653C66C7B4BCC355E13CD9FD4FBDF6
:101A00004E3967BD353012BE59A9D93C25D150BDDC
:101A1000CD8C153EF911043CBF6C2F3DD9CDB5BD21
:101A2000BE9A2D3EE0EBBFBDDC19F73CF98F17BD28
:101A3000BEDA0A3B7770B2BD425F80BDF43410BDA0
:101A40001BF4D33D23A0133EBA9197BC0EF8B23DD0
:101A5000CEBEDFBDCE7F83BC9339853D7022493C2D
:101A600094C6E2BCE3FFCBBD826DFF3C9559063DB9
:101A700006E4CEBD72EDFFBD41BC1BBD1FCE21BE35
:101A8000E59B8F3E36A78FBDCF9BCD3C2AF1C23D53
:101A90009B286BBCD57D15BD45FDF43D067FB8BDCB
:101AA00014A49CBD9C4A5C3DF149ACBD29ABA0BDD2
:101AB0003E13BE3D4A5A14BE804B3EBAFB09153B4D
:101AC0007E13B5BC101E3DBDF445A83C5431613DAC
:101AD000F5C187BD2C77A83D4E64883D2F29943DE4
:101AE00032790FBD165A803D45DCE9BD620B19BE47
:101AF00035B063BD3D27263D510715BEF35D8B3DD7
:101B0000AA7666BB7AC2A3BEC3068BBDC4F92C3CC1
:101B10000DAE293ECCBBBB3C6F29183D66C0DFBC77
:101B20008BD4363E12C3823DD08B2EBD70ADCB3BE5
:101B3000EEB1273EB2BBBF3D78C9F43B5BC944BDA3
:101B4000516E28BD3A7338BCF6F2A63C3750493D79
:101B50007D5DB43DC3CD80BDEF8B4E3D4A7A5BBD0C
:101B6000956EEFBC844C8B3D54CEC23DF52AFCBD36
:101B7000F4CE9CBB671474BEB883673D791F33BD38
:101B8000DDCB873E7C9284BD526005BE8EE749BDA9
:101B900006E0E2BCC7B1563DF55203BD8A21C0BC88
:101BA00017391DBC9F25C33D4412033D19616F3D8C
:101BB0005AFB2C3C2F4A50BDC6550ABE1CEAECBA53
:101BC000C189A33DE4359A3D85BCDBBD12748C3DD3
:101BD0009F762B3D4C0B923CAF16363EFC56AA3DF1
:101BE000F06D84BD5EA0863DE31C92BD7CBF3BBE14
:101BF0004ABA143D2D2B21BDCFA1583CBA736ABD02
:101C00005B936D3DFCDBD9BD422E12BC5C7A143C6B
:101C10008745CC3ED8B4BD3D8089733D8F741CBDD3
:101C2000C33AEA3DB0AFA23DC611A83D6367AFBC61
:101C30006B62883BEB7F223D8C6144BD8B84F2BD9F
:101C40000EBC923DD8CDA5BD86BD2D3E8CFE5E3D21
:101C5000B3F59D3D73EE6BBD375CC03D70B85E3D26
:101C6000D84A85BC91F1D53D1532913C84DF90BBBB
:101C7000D56FDABD659716BECC72463D66F281BD62
:101C8000B0A4A93E6A3D8DBEB9CC91BD2A14913B4A
:101C90000131123C303EAEBD368322BD30F665BD0B
:101CA00040CB01BE9BA3453ED1C4053EB76019BCE5
:101CB000A24A12BE00531FBE4B84CD3DF3BC333E3F
:101CC000D1038FBCA53E70BCBA6C64BD6C853A3D37
:101CD000B8F30C3D396F3DBD94FCB33D0C452DBDB3
:101CE000F6BEA93D5EA1833D43A58FBCE3F7DBBDF6
:101CF0004ACDB93D9A8F053E8E6D95BD2B8932BE7A
:101D000097B9013E2C229CBCCF6957BC4A79CABB0B
:101D1000DCE8F53DDA913DBC68E4863EEC2B023D03
:101D20000835803E3AD41D3E8EC6623D8A72943B91
:101D3000A7AFBABAE54BA7BA54AECEBD0482073EF0
:101D400064F49C3D140320BE4156323E4281D2BC15
:101D5000B652763D6AF232BEEA55E53DD84CA43C17
:101D6000E68CEABDFB4A4B3EC786813DB0C2BEBD94
:101D7000827EC83DC0ED74BEB304603D67CB453C78
:101D8000967F6A3E307997BEB138013E0A888F3D12
:101D90000B19D13D94B9423CA686BA3B126CB9BD31
:101DA000038C2DBEAE161C3E9EC6EABD8BF4D13C04
:101DB0001D9C4E3C244268BD7EBF0A3C09AA823E5F
:101DC000CF936C3D41C8483EBE2ECFBDD09EE93D6D
:101DD000153898BD18A14ABD6EC3543E1969A83D77
:101DE0001CC481BD89D4E13DACFC0E3DEE6F92BCBC
:101DF000D618353DB88DA83D1988E8BC026DE7BD01
:101E00001156AEBD26A3A0BD8FA5833D36A39EBDB2
:101E100076C63D3EF2FEE5BD9B581BBE5CE49ABD16
:101E20000A368F3E457F813D0CCDB33CC68C08BD44
:101E30008AB3D93D2ABB7A3BF1ECDEBC832BDABDF9
:101E4000128722BE0B9FF23C3C262DBE24B1293DB9
:101E500053E96EBE6744B03D2C25F63D75B229BDF1
:101E60009A2F46BE216C8EBD6EE17D3CB529E8BD42
:101E70000451133DE92525BE0A64AC3DD723293D15
:101E8000FA6E733E3E42C03DD4351ABDC5D6EF3C16
:101E9000EE518EBD9C9A5D3D6011133D6242BCBD0A
:101EA0007A4A143E3E822D3D206745BDEF59CC3D18
:101EB000E9C6833E0251CA3D391DC6BC24A6F43B87
:101EC00027B1653D84FD50BD0F83ECBD70EDD63D5F
:101ED00091FB94BD5EB8303EBD40DF3D5FF2093EF0
:101EE0004909813B905C36BEF7CA883C57EF40BE3B
:101EF0004782D9BC245FA7BC7928F43C2865073DFC
:101F0000D632ECBDB907FDBC618363BDC879223D03
:101F100028CF813DF49F73BD2DFD0DBED9A3483D53
:101F2000C257883ED207A43DCD7E3CBDA5560BBE10
:101F30008511C03D68C0173BD77F6BBD7A9F9ABDA6
:101F4000A867D63BE413A53D080F103D1D70583D12
:101F50005EFC3DBDA24749B7B760C83D2066CEBB19
:101F60009CDE35BDBCCE34BC677346BCA0D7C9BDB2
:101F700026D50EBD9DAD27BEBAF7BB3B9FBF3EBE6B
:101F8000C152713EE2B7E1BD535F76BE35F10EBC82
:101F900009AB8EBD88D45A3BBDAE5DBB3B4201BD93
:101FA000E6DE1C3D7B31C83DD2ECF8BD561AEE3B57
:101FB000CD52013E88C37D3DA301043AB3AA8E3CB5
:101FC0004FC0BE3CDFD8DB3DC82A22BE2FC53F3CF8
:101FD000E7761D3DD760DF3D286B113D7C29213E12
:101FE000BF0E26BDD3CA16BE5718073D82EBD1BB24
:101FF0008A5C953D06A2ADBCA017D9BD8A1855BD17
:10200000009400BE9D921ABE8BC40EBDC30771BC66
:102010005B88113E6601953DBB5956BECE14A4BDEA
:1020200080A5343EB0B9BD3C7B407E3D294D80BC8F
:1020300095CD0F3D35F99A3C189AD5BD03CAC0BD60
:1020400026061E3C4945533D72CBD33D9DA4DF3D42
:10205000F9CB1DBDB84706BEFDB8CA3D80FE75BAB6
:10206000C45D87BD236D4ABD12E3FFBDCF6A43BD8A
:102070003642283D8D683DBEB36D133B3C82D8BCD3
:1020800087B8953EB2BE28BD96BF6DBE2EF59ABDEF
:102090009F4620BD8C1BEE3DEDA7F5BCB625BE3D91
:1020A00080598BBD5DD72D3E32C08BBD2685103D3E
:1020B0002102563D358D0D3D7B44B4BD15BE773DA7
:1020C0005390BA3D077B163D871013BE3DE650BCCA
:1020D00014A26ABD2C0E88BDA5CC173EF6E89DBDA6
:1020E00065C29E3D19D4CCBD296F5DBC1BDCDCBD37
:1020F000DA5DAA3C289A173DA6DA203DCDBAC7BDC5
:102100003F6889BC6B3A69BE4A9F19BD9CCBBD3DF7
:10211000E181283E13AFDFBC38EDE7BDA3D92BBE6C
:102120009C29A1BD5A1FE03D053CBEBB42DFEC3BF4
:102130001451863C40E0823D68C75ABCD2BDE4BC25
:102140008AC50DBEAF4929BD2E0F173EBC6E27BDF7
:10215000F05C863DF29022BE9A90163DC8B273BCE8
:10216000BD42EABCD430793DBD6D633B2255C1BB55
:102170007E9E0CBC264F06BE67DBD6BCDA4DD2BDB8
:10218000418D5D3E2A8511BE344F48BE04BA9A3D4A
:10219000EB20D83DE7EAEDBB84B6B23D78AC733DA9
:1021A0002B8631BECD9648BBDF10143E22910BBD6D
:1021B00043C7B1BD2D44F6BD50DA17BEA25B753ED4
:1021C00066715CBDA39C243E22CAE8BDC199B9BD1D
:1021D000ED4489BD59DC963D66CEA4BCB34584BDB3
:1021E0002123863D211C11BE728F8A3CA9391DBD59
:1021F000CCA1233EB0BF273C07DFA5BD9A3D8BBDD8
:10220000D9D310BD25F52DBCE2470B3D64B96B3C1D
:10221000127C673E4543303E11B028BC66D8ECBD09
:102220003084C43E8152903D6E8F46BD60B7FEBC87
:10223000AAD77BBD1B9AC33D8D57A9BCBD7FE63C89
:102240000A4C903DBBB7C3BD7271603EB033A43D34
:10225000DF9126BD75294EBEDE029A3D100AB63DBD
:10226000D55EA4BD6484973D5EBC14BDD7BE4DBB96
:1022700011FD903DD6FE3CBD6CC9A8BD29D8823D5C
:102280002385AA3ECA3C80BE13B5E5BCA08D973D10
:10229000E176B43D35A0F03C1A6DABBAE2E5A63D5F
:1022A0002B52B0BEDFFB323D0122A23DFF6E1BBCB4
:1022B0005EB3ACBD59CBF3BD91FC9A3DBC2F883EBB
:1022C0004057363D10E9213E8AFA30BDECC2393E16
:1022D00048F65F3DCE9A443CD49BCD3CCC98D4BDCF
:1022E000285C8CBD06F58E3DC947D23C1719BCBD94
:1022F000133AD23DECF4013D8FAEA4BD5F10DBBDBF
:102300004B288ABD8BE9C1BD8A4B80BDE0D1A0BD01
:10231000602D473D034F0A3D165D81BD96A8FA3CEE
:102320002A78013D135A5CBD1A1AB5BDC73A4C3D17
:1023300038F1553DAE3D8B3DA0719B3DD636693D94
:10234000046D8B3D9839303D84E794BD65C2C4BDB2
:102350003B16EBBB7DF094BB1598C2BD0044533ACD
:10236000B7C24FBB4F21203C10822C3DF03D483C72
:102370008C11313D7C0E69BD3032153CBE8D89BD5E
:10238000EC319DBDE997E53CDF202A3DC66A7FBD63
:10239000766A67BCC8685CBD53B205BC9C2EB53C70
:1023A000A5F38DBBC0320E3DB478D2BC03A7CBBC25
:1023B000C98A223DDAE0993CCC9F523D89F43A3BF0
:1023C0000DD767BDA4166E3D0243E43C74C36E3B5B
:1023D00078901F3C906404BE7B7B30BD9D076EBB34
:1023E000AA76453DCB8EA9BBE38D99BD616B503D6F
:1023F0002B81AB3DF9D47E3DF0C2A03D1D59163C6A
:102400005DC39ABC78F9EA3C5CCC423D8C26BA3D6F
:102410008BBE59BDFC0C14BD8198783D4853B0BDAE
:10242000EA020EBCDE3D99BD91D636BDCBED593CDE
:102430003E9FC3BCE2D7A7BB4FC61BBDA40324BDB0
:10244000564C97BDE593273D2C4AFEBCDD2AC4BD02
:102450004A7982BCE6FD653DFA4847BD179025BD27
:1024600062D586BC6417DE3B64EE95BD9A668ABD74
:102470003072B73CB0559E3D0C25BBBDB005F1BDDB
:1024800048BFDB3CD005F0BD08A16C3DFC6A76BDC1
:10249000989306BE3C2FE23CF31FA6BC20E17FBC14
:1024A00073D80BBD072B4C3D8C93473D59A8B3BD4A
:1024B000B41B623DB909AEBDABDF6FBD4A1580BD2F
:1024C000E7A7563D67B798BB3CD5CABBB4BEF83C3E
:1024D0008E1EA63D815E973C33459C3D6B91843DAD
:1024E000B460D63CE2FEB13D0BB0393DC854C2BD2C
:1024F000283B35BD53A1FCBC33ABB5BDB2BE1D3DC1
:102500002CAC983CCA751B3C3AC38EBD60B416BB5C
:1025100090B0FDBC8003A03DFA91753DAA7F733C4D
:1025200018EE293DC5444F3DE59A91BD16A60E3DD6
:10253000AAEBA2BD721A02BD4E0CB4BD88709CBC41
:102540003114583DFFE291BCF6B599BDA6FBE5BC40
:1025500077D99CBDE0958ABD94B0D8BC78F23C3D5B
:10256000DA411EBCCA69A1BDBA1EC5BD6BE49DBCE3
:102570005045F03CCD129A3D944785BC4968AF3A2E
:1025800060A130BCC4700ABD1622563D53B384BD51
:10259000289711BA719ECABDBB12A0BD10CE1A3DBC
:1025A0001D50D03C7191BFBD8BEFB4BDDC9397BD86
:1025B000C2C82D3DF1916EBA4DDDA8BD15AA8CBDE6
:1025C00053BE81BD35E3D4BDE21AE5BD8CD3FB3BE0
:1025D000F22F71BD00759A3B3D6053BDCF4CC5BD18
:1025E00074BBC1BD5EB79BBD0727413D9E39073B0C
:1025F000323B8BBDAE3BCABDE58D553DC423EA3CA5
:10260000AEA5C73B26A6A2BDE0A8883DDC6CC5BD33
:1026100040EADEBB586C9FBD0FB686BDAEFA8EBDDC
:10262000D8F56ABD05FCBEBD5EFE9ABD4A5A813D25
:1026300064B325BD68CC9B3DA8899BBD1CCABDBDAC
:102640003E0A80BD8E39BCBC5BC2223B5A593BBDA1
:10265000927792BD4D860D3D5251083DA4C16A3D11
:10266000312AB2BD64E6E43CBED4973DF54F4A3D05
:10267000C406263A5BB72E3D106353BCC00998BD13
:10268000F8810CBD76ACDFBD7439B33C27925B3D5D
:1026900086218ABD6D8398BC83B3B8BDCE96C43DF8
:1026A00055789DBD8BD06B3D38AE363DF3F193BD73
:1026B00007680C3D6C9F193DED8CD1B9ECEDDEBD8A
:1026C0002665A4BCDD1008BD4713A8BC8EC1A0BD03
:1026D0003CA78EBD96E007BEA33E433D9FB9933D08
:1026E000CC280FBD373D203C62C7983DC50DC43D89
:1026F000E639F53CF0FDDABD93D9643813088BBD9B
:10270000B715413D84059BBDBE99E33CB056C13C25
:10271000B884963DA57C15BD80FFB23D9243C23D75
:10272000085AC1BDCF30A93D4E17873D8723123CC3
:10273000341083BA4B4BA4BD7D5C7E3D3CA8443D28
:1027400001BB67B9133F233D432189BD4A1754BCE0
:10275000576DB43DD77EA13C30F3343DDC78613D0C
:10276000A9ED05BDB5706FBDB824763D2AD09DBDDD
:1027700084807DBD4F3F79BDF34DBCBD68FC65BD18
:10278000C916153C4AB3C5BD958B6CBDC47CBABC9B
:102790004CAFBEBDA9C1213C834D17BD40E7ADBACA
:1027A000A332E2BD85CB973C460E643DFD4D76BD20
:1027B000663A14BD47BA07BD937ED6BD677E23BD7A
:1027C000FA955DBDAF5C71BD8163123D2067B1BDFF
:1027D000C2C0B6BDE72A59BD93E940BD6461B4BD2E
:1027E000A2B8A0BD01A1353A19E803BD9FBA523D78
:1027F0008C3AB33D7A78DEBC10A2EEBD8BAAEE3DDA
:10280000971B56BC275D7ABEEA13363D8059C83DFA
:102810004E48ABBE01F5933E2D8B93BDAE3A813A47
:1028200058FEE03D684F4B3D659F7DBCC0ACB7BCDA
:1028300036918B3B67F08ABDA24C4A3E3E8146BE34
:1028400044E47A3D8CCE88BC3E39BBBDFF47DE3DBB
:10285000AF64BC3DD95350BCFDF869BE6DED0DBDF4
:10286000772404BEB0C0023C4DF556BDE578EE3A83
:102870000B329D3DDB9B02BC1B438C3D402BB3BE0A
:10288000A73A323EE876B33C03EB2BBE409E473D71
:102890002F99023ECF6A21BD22A187BD09CC55BD2B
:1028A000E3F807BD5D4D983BDE38813A8B5915BD85
:1028B0002AE12E3DB11E993D9AA211BD2A84443EC3
:1028C000AB27C63DB33CC8BD00F3E1BDE80E4D3DAE
:1028D0001F9B4A3D4736283CE98A3A3E902FD6BD99
:1028E000151A773D3F96313EFD4D8EBD27AA88BD16
:1028F00029877DBD8261DE3D4D1E96BEA58ADE3DE7
:10290000C00C8F3C5ECB1BBE551698BDB9A3BC3D19
:10291000DA957CBE3869943E4C5C6A3D570C863D26
:10292000228E3DBE9E734D3D2EDDA23DFB64B03D2B
:102930000DD493BCE935CEBBDA7B223ED6F95ABE24
:10294000F008D63C21CC7ABC537895BD78CA9E3B22
:1029500026EF0B3D1C3D063DC3F5B0BE6897023D1A
:10296000CE7507BE4B1A19BD6455A33DE5925FBCF9
:102970000667A23D9EFC6A3EE093A2BD99F825BE83
:10298000462A1F3EDB158D3DD4D842BEDE0CBFBCAF
:102990000B48053EE26D1CBD9BDC65BDE03BC4BB46
:1029A0003BF3693CCD1384BD8301E23D13489ABDDE
:1029B0002EFC89BEDCA0E83DACFF42BDCA9F313E83
:1029C00065CA06BDF11AECBD0F12E93C5C086A3E0F
:1029D000BF3E5B3D924E5B3D1C7B463E3E9879BEC2
:1029E0002ED396BD95B3D73D367D9D3BA2679D3DC9
:1029F00000186ABD7B42E33DEEF1C1BEC9384C3ED2
:102A000038D50D3DEA622DBE8426AEBC51BE8EBDCA
:102A10001EA894BDB7511B3E42AB323D858A83BC94
:102A2000B21E6CBE2CC1263D02BFBF3C98EE82BCDC
:102A3000A92F0A3BF7238DBC5CA88ABA79513ABE0C
:102A400022AA543DB528CBBC7E18E7BB4BAAD83C84
:102A5000A6E5C7BDE3C8A0BDCAB645BE98BAB8BD15
:102A6000843F28BE7847D6BC053650BD7A34A1BD18
:102A7000EDF30D3D5F314F3E8032AF3C83A6B7BDD5
:102A80001C01873E0BD0B03DF52994BEAB2E9C3D7A
:102A90006399023E1C6B023D6D28573DDD54963D07
:102AA000A4CFC2BC091FC1BC39FBCF3DB6316B3CC2
:102AB00064B422BE87FDC83D9B8853BDF45C8B3E49
:102AC00078095FBD885D3DBEB201903D6CDE6F3E12
:102AD00081E586BD50F7783DCCA47B3EECF186BE07
:102AE000DF3BE63CD6E3163EEDD2CE3D435D92BDE4
:102AF0000DCC46BD0B5BEA3CF536C8BE17297F3DC1
:102B0000B66FB73DE64DB7BE03E7BB3BF2EDCA3D3E
:102B100071B1183DD7886B3E7BA0EA3D1F51C13C87
:102B2000E3A6C93D81447E3DD97594BC270D443C44
:102B3000B63A013E97F7AB3D3CCDBF3DBAFE71BE04
:102B40008DCDC33DB953F53C874E6FBDF8B544BB41
:102B50002C6A53BED06D40BDB79635BEF042E1BC85
:102B6000DD0D68BD3B142E3C2A92A83CC916B9BCA9
:102B70001444DD3DC934323EEACBAABD70197E3D16
:102B8000F55B273ED93E823D931600BEE770993D26
:102B900058CEED3DA0C4B8BD176D5C3D98257D3D78
:102BA0009BE5243DE2CF64BD0B40F83DC3D52B3DF2
:102BB000D7288EBD1A828FBDA56532BCFADC583E7F
:102BC000F3CB50BD4D0763BE847FA63D544F293ED5
:102BD0007DD88FBC484324BDA9D65D3EB055CDBD40
:102BE000678B57BD9CB2C53DA6CAA73D054F3F3C6C
:102BF0003CE21ABE8984D8BC778354BE5B7DF93C25
:102C0000650F283E251506BFFAEF993D2CDD433DA3
:102C1000A202683BCEB7353EAD342F3E851F4A3DFC
:102C20004F7D503C7BB69B3D4921BDBC6774F0BBDA
:102C30005045ED3DE9FA943C7F1BC03CA108343D72
:102C4000B7D24E3CEA61A93DFADDFDBDABC18CBDFA
:102C500052E2EDBDE5692D3EF18550BD3C2D3B3D79
:102C6000491703BDE712CCB9765CC93B2F75B63D59
:102C7000C467943DE8A50E3EE177773CF91A87BD1D
:102C8000C86B5D3DDBFBED3CAD40D7BD0A60C33D8D
:102C90004874203D5E4D273D8ED43A3E751C00BDE4
:102CA0005857E03CF9D643BC7EFFDB3D7B17E33D44
:102CB0005CFF81BD0A16C43C3C1AA0BD0B47793E9F
:102CC00096BA2D3D723522BE7693213E94FFB03CDC
:102CD00007E0C3BD57C22E3DDD45A43EBB5C433D6E
:102CE00099CA7BBC1A0D343ECF131C3C706EDCBD00
:102CF00006077BBE00A9CB3D5484AABE8D0C7C3C4C
:102D00000D3582BEF01A00BE4883573C1DF8C73C03
:102D10000FF60BBE1F47B93C1186A63B76BAFA3CAC
:102D20003D34BC3ED31614BDDFD6643D938FB83B13
:102D3000316ABBBCDD9EC13DE22E63BE7A5D093EB9
:102D4000188C83BE7149BB3D9B22F5BD284DA7BDA4
:102D500070B004BE23B10EBE2DE9BFBC900B023D86
:102D6000CCD27A3D440768BD4C2802BDFC1706BD95
:102D70007263623D919595BDE36C873DD06D1EBE3B
:102D80000829F1BD6EECFEBD7DBB1FBD19BEACBDFB
:102D9000B6B9B73D5676F13C79FE8DBD26AA77BD12
:102DA000F073CF3CA9E6873E2E98EFBD58CF9F3CED
:102DB000059CAEB976BA27BD22480B3C5252A23DC3
:102DC0004F7D84BC3C4D893D7495C23DDD61F33D32
:102DD000098D5FBC4224E6BC42E33E3E3AAC0BBEEA
:102DE0001AC3C4BC91CE4A3EB712FDBC5479F9BC9B
:102DF000920246BDEB4DBEBD7D40F4BC1B2CF73DA1
:102E00009DF5F5BD808CE3BD86BC2CBC98762E3D2F
:102E1000F2DF08BDBC810D3D5D02EB3D4B68B1BDED
:102E2000DC07873EB573823BA592E53D9829543D6A
:102E30003286253C4A4091BD5E0602BE0F7372BCCD
:102E4000F2CB80BE844DC8BDDA648BBD2476963D3E
:102E5000EB2CB0BD37A9F0BD813889BC3A4EC23DDC
:102E600045AD593D4628B2BDC906813DE96CC1BC9E
:102E70006F0C963C7188563DF171633D7DF63D3A8D
:102E80000613CABCCF581DBE81EB293D2BFA053C69
:102E9000E7D4993D36B2163EB1DB31BC4E8983BDD5
:102EA0005CB42E3DCA13D83D20340BBD3A37863D65
:102EB0006C52133D1200EEBBFE5088BDCC0C2E3E72
:102EC000571C83BD435A5C3DB31B02BDCCBC0B3EBB
:102ED000233B3B3D8876BEBDA8E76C3D329E0ABDD4
:102EE000168368BD1116F23CB67F3C3D850701BED6
:102EF000C0DF063C41CBFD3DED53D63C0D6D353D6D
:102F0000A47E92BD11421DBEEEEE35BD686245BC89
:102F1000BAA31CBD9F9CD5BDA727093EB00B173D8A
:102F20003B0D43BD2375EC3ACE45AF3D1F4ADCBD9A
:102F3000C00B553DEB457ABDD70B19BE8CCB4E3D32
:102F40002397B8BE344F6ABD93D14C3CD173AE3D8C
:102F50008BCEC3BD83913EBE643C11BDC4731E3D88
:102F600052DCE03D36AB273CE9F885BD0DF928BEC3
:102F700008584BBD7C0CA4BD7B825B3D852CB43CCA
:102F8000C428063E22EC93BDA1CF03BD1DB2923DE5
:102F9000245EEC3D6A2DAB3D06C533BDB65BC5BDB9
:102FA000EF1847BC70A7463E643F9ABD267326BE05
:102FB0001384CABCAC69843C171C9BBD434B803E48
:102FC000D902833D0E651BBD8EB5293B5059D53BBB
:102FD00058CD733D86CEE6BDC2E7083E86F996BC65
:102FE000D4716F3AC84A1F3DAC18273B88FB743D2B
:102FF000F9709B3DF2D83B3E780EA7BDC4F476BD78
:10300000F090473DAC95AFBEF6E45F3DE352703DB6
:103010008289AE3BBD8608BEA743393EC1C182BD91
:1030200025F784BEAECD55BDC45F833DAE3C903D1B
:10303000CEC4983D433D333D0F14C6BD6A2FF7BE45
:10304000A7DC84BE23DAFE3C873847BDA76C5FBD92
:103050000CA000BD63234FBD72A9F33B12DF92BDEC
:10306000C147003EED49E03D48A8513D4FE691BDC6
:1030700091D3393C1F39DEBDE59B8E3BD8ED76BE42
:103080006C937F3CA29B213C77B60BBEF0D6B6BDBD
:103090002E93E03D8257CEBD1F7C95BD93AB5D3D29
:1030A000398370BDE7AD293EFE81963D0473F0BDC6
:1030B00030BEB03D16ED5F3DE203D5BD466A8B3DA7
:1030C000411344BDA199A5BD0D3149BDBA834DBD84
:1030D00071F96DBD811153BDAF1B0A3EEB3661BD69
:1030E0008BE696BDDA5D743D2796163DFDD0E5BDB5
:1030F000DC3A12BDDDF98C3D32F19CBC642045BD4B
:10310000CB74E93D52620CBD25C6633D3679C33CA4
:103110002A4963BDFB25F3BB2AC2403EEE37133C70
:10312000854B473E7E62D53B176964BD0897CFBD8E
:10313000B59F8A3D4037D33D28A026BE4771E83D64
:10314000350CA93D0473E1BDCA69DEBD3EEE333DD9
:10315000886C733C18A823BE2C0F303D63D161BD31
:103160008A46CE3C65F7523E827813BDF87DA2BCFC
:10317000125D6ABD13F44E3EB56302BCE74B713B72
:103180001CE3F8BC4BD8E6BD7843763DA77EA63D50
:10319000A07B1A3EB93EC43DCFC017BE7D3C97BD53
:1031A000FB592CBE7A8ECC3DFE4E84BD84E3C83DD7
:1031B000ECD4D8BD73F090BD8084CC3D50BF9B3E15
:1031C0009E4B1DBDD9ED6B3D9FB5A73DCD0FCF3DAE
:1031D0005B1A2A3C79DD01BD813FA23EEE2F7BBD0B
:1031E000DF919D3D89482C3EA8D7B13DD4AC0E3E21
:1031F000DF70A3BD2162EF3DB7BEC73C300ABCBC47
:10320000055C77BC2537D03D6ADC263D0C2FAE3DF2
:10321000D62A83BD4E1F6EBE175A28BC70DE67BC0F
:103220007A7957BEB97E8B3D886FB7BD577C53BD49
:10323000A82E1EBE50D60ABC0AC177BD1914213E65
:10324000A5BFACBEDE7500BE054421BD0A67CF3DFB
:10325000ECED2FBE376507BC4E36AEBC40C3A8BDF3
:103260004D12B23CC481B1BA5443713D8DA5DEBD4F
:10327000444D34BE5EB748BED55F2DBDBB190C3E74
:1032800053E193BBEA38383DC6305E3D5B88B53DBF
:103290004D24023E54A0C23DF70A62BDC83BAA3D80
:1032A00062A370BDA89DC5BD809E553E51B19ABD1B
:1032B00099627FBE7ABA06BE4713E83CE899F43DAE
:1032C000E3E8703C65818E3D16ED763DAE14343DED
:1032D0002AB933BDCEE2E7BB7384AE3DE5F59ABEB5
:1032E000C7F6393DA9293EBEC294993CB5BE743D8E
:1032F0006B2038BD8FE910BD89FE363E61D846BED1
:10330000C3B64D3D32BADB3DFD177A3C9B3EED3BEB
:10331000FEEA873E21857EBE6C0D193D412CF1BD34
:10332000A2923EBE4503B2BDE2CCACBCFC94C83D0B
:103330002BD76FBD20225BBDEB1103BE4AB293BEFB
:103340000629CCBE99B507BE59470D3DEDCC703C62
:103350004EBE74BADEC7963C9DCFF0BC28C704BCF5
:10336000FF8E92BD904585BD7AADF7BC0DF8863DC8
:10337000F3610EBE6A2E50BE52FCF63BF37AC63D98
:10338000BBEAC1BDE56D89BC871B4DBD24E1EF3BA8
:10339000FE4B273E1B63953CBEE760BDB011F2BB00
:1033A000CC6496BC8DCC95BDF15589BC0F85A0BC75
:1033B000398B98BD2FA816BED26979BD2DB01ABD24
:1033C000B8A6303DB4B5263CCBCD013D280C713CB0
:1033D00027744B3C33FE7FBDE7A5E3BCE2C86CBE5F
:1033E000BB29DE3C37C0C5BEA0E88FBBA8CC5FBD03
:1033F00025A98BBD8751B7BD7202BF3CC436B7BD8E
:10340000A18AD0BC606C9FBDECD800BDCD34133D0B
:1034100088A9BEBD140CD8BD0B2340BC626F4C3DC7
:103420008FF33FBE7D9F373DFC78A4BCE1EE15B91C
:10343000245FEF3DE2396DBDD3968ABE459E12BE34
:103440000A2B00BE29AE20BC033934BD8610293DAD
:10345000AE47933D0BBF00BD95342C3E4C3C203D08
:103460004E175FBDA6CE7FBD6C59A6BD4077A9BDE6
:10347000FBFA1CBE452CE4BD284E47BDFB2B513E3C
:103480003D21E23CCC5FB8BDAC3FB53DC98E5E3D51
:10349000F1C58A3D3E5FDCBD4198073ED00B89BB3C
:1034A00013F6113CEC37453CAA9DB5BED90B6FBD58
:1034B000A72BAFBDF4D467BE0971E73DF78F3A3D46
:1034C00009B7453C49459F3C08DDB53C3D8C0FBEE6
:1034D0009E2B903CCEE9D1BC9BE295BDCB3947BE3B
:1034E000D038A8BDAF4487BE5A4F97BD3681443E01
:1034F00030F6DABD04FBC9BBC803E93C584EA3BD96
:10350000904EB23DF5C8D73D49DD75BD3847A73B64
:103510009E4B4E3DFA450DBD30999EBDEF1D81BDC0
:10352000918FE3BD6EEDF73CD016F33C3342BABB4E
:10353000ADF2433DE155DF3D15DEA3BEFC6847BE5D
:1035400085D98DBEC73907BCA5C32BBD618D113D83
:10355000198308BEF23490BDE543D83D470C7EBDCB
:10356000281EF4BC3514073DFA71543B22EBEFBD25
:10357000FEFAEC3C9412EDBDD8C8ECBC28FF213C0F
:1035800012D215BE0586BBBD82861B3E9AF4B4BD21
:1035900067920DBE27FA203C1AC6EC3D2001773C0D
:1035A000B51E743E2D7263BEB4907EBE27F791BBEC
:1035B000905106BCC4F494BE84EA363E1F9EADBD55
:1035C00072E41C3D9E62743CF5EF143EF3C249BDAB
:1035D0001C40353D73FA093E008F3CBEA7D14ABE60
:1035E000A3A0BC3C9A0928BE964FEDBC04066A3DD8
:1035F000B2D317BE121877BD15496EBB941C823D1D
:10360000DB7F963EB054E03C8D1B1EBCE3B7B1BDE2
:10361000F8D3AC3DC314D73C6A9A28BE6C0ED1BD1A
:103620006FD9AFBD30AEF1BC5CC50B3D3A6E543DB9
:10363000E9BB873D74A6CEBD487E28BE04E480BDAC
:10364000FB85D4BEB7D6FB3D21510D3C241BE1BD0B
:1036500061B144BDF6DB803D4A35E13D7C876DBDFF
:103660004DDF2C3EC17DADBD7A07C03D69BE483DF2
:10367000E7225CBB2D085F3E22C9543D201A073D5E
:103680004BC28ABEB047FD3D14778BBBBD898C3AD7
:1036900083DA47BE833D9DBD6DB4F73C4010B4BB9B
:1036A0005685C63E303A60BE881BEB3DF0BA32BD4F
:1036B0007210133EBE809BBE8390E63D37FE25BE52
:1036C000557B0A3DCF677DBEE24D263D329D0ABE49
:1036D000257280BD5F624F3E4D7A70BD9D518DBC9D
:1036E00033047D3D1B5514BE8D2B91BC61E28ABD18
:1036F000E18168BC59EA90BEC1A4D83DB3BB393E54
:10370000666F56BEBD300D3E119648BDAA2CC03D19
:103710004CB587BDEDD5D33CCBFC743DD47E2ABDE2
:10372000C5549BBE419F70BD6046BEBDA880913D03
:103730007D4A5F3D388FD1BD8563E13DF8C4853D4D
:10374000BBDACD3D258F313EA607333DCCB174BDEC
:103750001D63B8BDD94FCD3D3D38253E37EDA3BDE6
:103760008A35903DD2ED55BE0570213BA29FD5BD57
:10377000A4BD46BEDC0290BC61D7B6BDF29B873DBE
:1037800041AB19BE4E1B26BDBA2A753D8F1AAA3B06
:103790009194ED3C92DC643DE40F2CBD4C79593D95
:1037A0008EA3A83D24B0DC3D973283BC4EDB98BC91
:1037B0005645AF3C35317FBC24461FBD41BFF3BDEC
:1037C000B1FBB1BD06A52FBD157556BBD87E96BC05
:1037D000D3A1B63DC58B923D4F3A42BD4012F83C55
:1037E000C32CE1BD4A70A3BEC20A383DBF34023EBD
:1037F0007566CBBD5F74B3BDD321293ECDE0FE3DE0
:10380000EEAD82BD3D9D3A3D9642B4BDB13F38BD5F
:10381000FF78243DFF64A93D8B886ABDA31EFD3C53
:10382000DBFE96BDDD64F0BDB2ADF23C504E1B3DFB
:103830009DFCAA3D38B5DDBC98BF49BD10FDA8BEB2
:10384000494BDF3CFC38E03CD8188B3D07BC06BC3C
:1038500025CC35BE6AFAE0BC8254D43D3007913B9A
:10386000141EDEBA3DC98CBE2E9AA6BD9F9AE5BD38
:1038700085070DBEDD03213DB35204BD7A7989BEB3
:1038800087CE80BE64C7A9BD05AFAEBEB5D5A3BD0A
:103890000F6E393D33686F3BECDA743D0037F9BA8F
:1038A000C2D88D3D4BB225BCE43BBDBEBD7E22BE21
:1038B000224BBEBDF9E7303CF206B7BE5780513D02
:1038C00038D26F3DFDA06C3D97B3A1BB7D5E073D37
:1038D000F7F085BD4CEC91BD32B526BEDE54E1BC9F
:1038E00056DCA2BD8FFC5CBE98AA623DE9945BBE2B
:1038F00054DA15BE4610543D5C976F3D4973063E41
:10390000387CD5BC6006FC3D7F5988BCB60C363D82
:10391000A194BEBEF6967F3D67BE29BD0174B43B3F
:103920003A42AEBDE4F0B4BDE33218BD669A9FBD25
:10393000620AB0BD27C19ABDF3288B3E82C49F3D69
:10394000B2461E3E7D09773CBBB44D3D5AB0FBBC30
:103950004CECFFBD679C03BE0FEB4FBA8E1D4FBDF5
:10396000B896323D1AF597BE27FB66BC287001BE9B
:10397000EFB72DBDE757CC3C95B4ABBD1223A7BE26
:103980001A984FBE0CD3B6BDF775F0BC78C7093C8A
:10399000109B563C48FBE53DE33C02BE087F3B3CA8
:1039A000B0568A3D31ABC8BCA1E70ABD2841F2BD83
:1039B000AF6439BD8209EA3DD28D54BEE88C80BD2A
:1039C000A45A44BC8DBF3C3DA8DFABBD754610BEBC
:1039D000DA39F9BC91C314BE6F33C0BDC4CDB6BDD6
:1039E000E5738B3DB2A298BED999773C35AD2DBD1C
:1039F0004262403D43FFC13D79AE5BBCB285193E9A
:103A000070FDBFBDE159E6BB57F20BBD2285FDBC81
:103A1000D03153BEA19035BD4FDA56BE6B3986BD4D
:103A20005DB04D3EFAD72EBD220482BD650587BC30
:103A30001FF6DEBD365BB33DB7E9993E073220BEC7
:103A4000BB00EB3D6D921C3E5FF1233EC19E2B3EC1
:103A500039FEB1BE010C3BBEE17ABCBD3868D73C33
:103A6000CD70A3BD384364BD76DBC6BCBA8FC43C01
:103A7000702A5F3DA6980ABE9C1BBCBDC0E8D0BEA4
:103A80001609C7BD0A73EBBC88B140BE0552B3BD71
:103A90005BA299BD9B80E33C9F209D3CB6FC9E3D74
:103AA0009781443EB72281BD7C34913E656B1BBC3F
:103AB000837CC53D697AA9BC13E8623C1FE0B93C30
:103AC000D5BC323DE99E81BD0A80FBBD78D6D03B96
:103AD000D1D31A3D82EF72BDFFBED4BDF85A8E3CE1
:103AE00084598ABD104807BEC201D9BC10A922BEA4
:103AF000DD3961BD8B374A3E6EA4D33B0D362A3E7D
:103B00001037D53D832DE03D3ADD293D27AB533BB2
:103B100042E2A1BEAC1E17BE3FF1BABEE1188D3D18
:103B20005FA28A3E0E3348BEC285D23C666ED63C4A
:103B3000688C7BBD0BEE2EB9ED548E3D9486B8BDDE
:103B400002491E3EFB13893CD6B8A33E89C57EBD03
:103B50008389BBBE1078E0BD3A239D3CC4D4CDBC64
:103B600063FF1EBDAEE3F0BC449C843DC4F5E2BDE2
:103B7000D09413BE439A8C3DEB582FBD9750BABEDC
:103B80006F4E82BE32977ABD2E5C14BED5AC553DC9
:103B900074E404BE1D1A23BDFB8089BDC0E7713DDE
:103BA0000728463EBF7B603E60CECD3E0F079ABCE5
:103BB000D409093E8EC8DA3DC2A81DBB5C21533D25
:103BC0001260DA3CC87241BE5AD336BD51F4463D4C
:103BD000039243BDD7F8C2BB24C877BE68D66C3EFB
:103BE00048CB6B3DD3D73DBEA819893C218B81BE04
:103BF000DA6CFF3D32E8173E9813C13CD18F033E8B
:103C00002291F9BD3856433D1C7CF03BD82656BD69
:103C100032F5DDBD32ACC2BAACE2F4BC26A7583DE9
:103C200058DC4CBE690090BC4F732B3C0F78683D4C
:103C3000E74D813DE1BCB7BD529C9CBD434AADBC44
:103C4000E4D824BE5C2607BE2F8EE13CCA03A0BD8B
:103C50009D67A2BD4489C2BD6DAA2D3DA89B2EBC07
:103C60008B234BBDD6D8BC3D0FB0293D5D64ADBDA7
:103C70006461E7BD3897043D49C8763C16871A3D14
:103C8000C9A1D93D927D1ABD1EB0363E337A863D1C
:103C90004E56003E663303BC4349CD3C20B3333D12
:103CA0000324DB3CA757A23D404323BDA53030BDD4
:103CB000056526BEAAD4253CAC84763B300D6A3C13
:103CC000D527783DC1A7853DB825993D1B8B7BBD88
:103CD00008A1393D16816E3D58935A3D6FD915BEE6
:103CE00060649DBD37D723BEB2ACB03DC0B8653E61
:103CF00024EE02BD9679DC3D85E2053D5447DCBCEF
:103D00000BECECBCC2289D3D713B873DBDCB46BD55
:103D10003057293E199018BD37BED7BD6F80503D32
:103D20007B1206BF9F0A8EBD34AD4F3D9B2296BDD0
:103D3000E61AA53C2BDA8ABCB54CE6BD61501EBE26
:103D4000EC5339BED715383C8D682E3DA3CE69BCE7
:103D5000B9EDE23BB6B992BC45F1A0BD5055083D66
:103D6000A8DD463D7D05A13D902E3BBDA78D83BDC1
:103D70008D8E0CBD39EF383D05BC883DAB81F33DE0
:103D8000435AF03D67ADFCBC1179DE3D4325163D3D
:103D90008C8CC8BD4C247B3D99AA7DBD919046BDBD
:103DA0000B91D93C4F26F33DE06240BEA1E67EBDBB
:103DB0005BDDAFBC4676073D46704EBD1EFA883BC4
:103DC000E758063D98DCAD3D738BD43DE3C0B9BCEC
:103DD00075BD143DDCE4843D233F03BD9F1855BDF4
:103DE00007CE93BC3F03E7BDAF991A3DAAE5A03DBE
:103DF000C36712BE99F74CBDE80DEEBC9751C3BD29
:103E0000FB6006BDD956B13D69FAEFBDC583E53CFF
:103E100014773ABDA935AD3DD52FBABB458BAA3D28
:103E2000209EE0BED2FABC3DBBE33D3C6C2A87BA83
:103E30001BA48B3D29D5793CD4B8C4BDA3DF21BEDA
:103E400035237CBEE5C232BC6E4935BC69E2223DF9
:103E50002F69CA3D656D4FBD20B7873C0034C5BD95
:103E600067541E3CCE490B3D441618BC27B35C3B3F
:103E7000BA2495BC8EC5513C37D538BC34802B3E16
:103E80000BEF113E8DB3EA3C656709BE11F45DBCD2
:103E90007A2F023D5B1B75BD32C1073D4868B4BD3A
:103EA000BE52E5BB3289C93C72938E3C36E4EC3C91
:103EB0004651603C8EEC973DCE37C33D0190D73DD7
:103EC00032BCDABC8995943D4757ADBC5A81D9BD07
:103ED000309248BDF3D7C23C2F54FEBC621A5DBD80
:103EE0007663393D0BFE96BEF80C4B3C9F618CBE51
:103EF000554D50BDB1E03FBD222A813C9D650BBEB2
:103F0000DC43083E67D31DBEEC1EA5BDDA33AD3DD4
:103F1000FE69F83C0967C63DF8738CBDAD519B3D09
:103F2000688DACBE4C0B18BDEB7042BD25D897BD5B
:103F3000F6C60E3E9A52213D8418613D215015BEB1
:103F40003A7D09BE0DD6E93DB64D9ABDB03301BEEE
:103F5000B068883DD2CCD83D9F76953DB4B2C83C80
:103F600019B6BB3D18A39ABBCEA3D6BC48F2CF3D31
:103F7000D84FE7BBBED337BBE2F2823D6F761CBDA4
:103F8000E8B3AB3D4A95073D8F95B8BDF8DFC6BD98
:103F90004611DBBDE1EC3CBDED0EDE3DEE0C8BBD14
:103FA000AC42593E9C4F61BD55C67F3E575100BE45
:103FB000D763E2BC2B7BEDBD154E93BD1E88C43C80
:103FC000BDECB4BDFB3635BD19C71D3D211B1DBE63
:103FD0005C890EBC1A40CCBC9BE15DBD525FC53D07
:103FE00083F2B03D9DE5ECBD8CA6B93B04EDAABDC6
:103FF00019F400BE094430BE684F3DBDF16CB0BD40
:104000007B4F653DBE102DBE3AE3B93AAE8F313DD0
:104010007824923EF92BC9BD176D8DBEF6371C3D35
:10402000AD4719BE50D4BB3D540D8B3D150091BD1D
:104030004F692A3DF086663CD2D60EBEFB64C8BDF1
:1040400059FAFCBED86D483E2F7C43BE49381CBE91
:104050007F594F3D43A74F3E7E97103E945834BD45
:1040600060C6F13D49CC25BE9CA0EEBC3D042A3D76
:10407000216F403D210143BEB4DB86BD41644BBE90
:1040800056902ABD175A413EAEA11DBE23023F3DA8
:10409000A7FAFEBD8642A9BCACD2623DBC05923DEA
:1040A000BCDBCD3E25A3C6BE505C873ECDF5B4BD7E
:1040B00038B3EB3DB3AFF8BD65D801BEA910E93DFB
:1040C000FA89B7BD58CC13BEDDA2E93D7550B8BD25
:1040D0004EC4883D7EA8983DAF02E1BDCCA954BD39
:1040E000AD5DF3BCE7ACBABEA143F6BC94F5A4BC8D
:1040F00078600DBE799566BE19FC0D3D303ECDBD94
:104100006E5D1C3E287EA0BCCA8E9BB845145D3DEA
:1041100056CF0DBEC62A883E951CA43D4C1C993D29
:104120002D67ABBD86AFEEBDD8DD1EBD435EBF3D86
:104130005DC609BD7998CA3B86B5CD3D891A1EBEBC
:10414000B6BDD5BDEB2F2FBE0A41063E98DBA33C82
:104150002B1BBABD3B2183BD22EF67BEE0D46CBBF5
:10416000BD3D70BC1058AC3B83108ABD909A1E3C7C
:1041700057E7853C8209543DE02BCDBB60C7A6BB09
:104180003D1B16BE0D2A763D1261123B2DB4563DE5
:10419000EDF9183EEDA303BEF2BD1FBEE8F3B4BDBA
:1041A0001D68823DCB0D253EF13466BEE3A214BEF0
:1041B00076F49ABE4BC134BE000D233CAEFC0DBE5E
:1041C000E916853CB8B662BE1F7041BEFC97613CE3
:1041D0007979A8BD68641D3D6ABF4ABD6821E6BC07
:1041E000EA7A96BCC816813D60B1463D0A352F3E3D
:1041F000F67010BDD64FE3BDD5EE11BF0D310FBE29
:10420000E2DBA83D3D9DEDBD0A2A683DF84F833DA8
:10421000439F06BE5059E63DE297B7BBB9D590BD66
:10422000D15D50BEB173AFBDF7624F3B4110BD3D94
:10423000657AF6BC204FBFBD11D61FBB1C7078BE7F
:10424000118F7EBECA7D1FBEAB5E3E3E9BF2B13D6E
:104250001CC27C3D0FF16EBD2595A5BE1CB1B4BD41
:10426000326484BC64F6BF3D08DFA83DF1BA5B3D13
:104270005E500F3DDE3BE33D03D7513DA0D44EBD24
:104280009E2025BE44CAA73D7B43C13C305A1ABD7F
:1042900064F9833DE21FFABDFB3DB5BC5C4857BDE8
:1042A000810F803D12785F3E96C66DBEF83771BCB7
:1042B0005BC738BEB84034BD5E9C00BBD6B44ABEB6
:1042C0003E8010BC99264CBE922326BE831A963D92
:1042D000FAC8DABCB2D8683DEE4E6E3D706E36BCA0
:1042E0009098973C8D8E373E7B24023E7286E1BDCE
:1042F000AC6410BDA28401BEDAE6ACBEA28730BEBB
:10430000535C7D3D4653BA3CE11EABBD3E1660BDDD
:1043100059AA1FBE5050963C0B66FF3DC8C69EBCB6
:1043200045024D3D3D930BBD2AC76E3DB5883F3DCF
:104330007EF119BDE282563C8AF5F7BB27ADDC3C25
:1043400001810FBD111617BC3628BA3DC495843DB6
:104350006C136EBC1187A0BC051869BE2E8EAA3DD9
:10436000B6D6CDBD9888F23C704DB2BC70358ABCD3
:104370003CF0263DA8E686BEF522303DFFDFC5BDF8
:104380008E21303D7D7CE63D52A6873DE2B74A3D19
:104390005C88403B7CC115BD0E8D66BDAEC488BD3A
:1043A0000737D3BC488FD7BC2D7F88BE3209FEBCEF
:1043B000FD5243BE5AC437BD23E3F73DE0BD1DBEE9
:1043C0008CFC52BD93A4A1BE89712CBC8ECFF6BDCE
:1043D000DB9B9ABBA5B028BD822C80BDE7F9533E7C
:1043E000B5F5BFBC951D073EAA4B0D3E93711F3E10
:1043F000006771BD1BCA9CBE7B1571BEC91E69BE1C
:10440000F906EDBD086E163E1203DBBCC1600FBDA0
:10441000C315393ED989103E508DE2BCE686CF3CAB
:104420002807B63E8AF3AB3CA5F81DBDF528993D9B
:104430007D50A8BC7398B03BB88893BCAF6AC43EAB
:10444000F8D209BE59803C3CE482B1BDEB085ABDAC
:1044500085A0C43CB95AB7BDA43C97BEC08DC33D2E
:10446000061655BD67A2D13D9D2F843D79824C3DF6
:10447000E60E3D3DF0FE0DBE3E3B3FBD88B3143E13
:10448000EEDCD03E51F1A93D333C9C3EED4783BD6F
:10449000087E28BD270266BDE6D1BCBBA03E13BB8B
:1044A000BEF8F23D8702743E18F397BE7B7DF03C68
:1044B000898D3BBDE5CFC3BD1585803E911382BD7F
:1044C0004E4821BD2FB973BE931DD53CA60F1DBD0F
:1044D000E1A47DBDB105783D91C04C3E26535A3DC7
:1044E000064E8E3CB5B6923E74CD833D8EECE53DD6
:1044F000829547BBA9DD70BE042B27BE15F33CBED9
:10450000CFB63BBE6AB2893EBFF8263D10F7DE3C0F
:10451000C994783E3715A53D1BA00C3E029606BDFA
:1045200010B6053E913B473C77E9EBBD13BD9C3D82
:1045300045D6F03B5EA31EBCD3926EBD9A8CB03EB6
:10454000FDC0DFBDB4DDDDBC278A833D2B162FBD4A
:10455000F8B7B2BD8CA418BD3F38B7BE6E14B33DDA
:10456000A0BEDDBD3DB38D3EC7374BBDCFAC793D61
:10457000580DE6BC47C865BD33B1BD3C30D0BE3E2A
:10458000A5CBA43EB4A79D3DE3D2183EFD1599BD31
:10459000544582BDC304013D3D1D573D64A3923D7A
:1045A000C55CF23D5F1F853BC72D94BEAB4B743B92
:1045B0005B701C3D7A702DBDEF44DE3DE4DCDF3DD9
:1045C0005278473D3D068ABE1BA4883D03B3043E96
:1045D000F9A2B33C70568D3D22B5623EA5CEF43CA7
:1045E000E574E23CA728A63E7290CB3D1E69533E7F
:1045F000C940133D726695BE5BED33BE28DD17BE24
:10460000C31D573DEFB182BDC8D689BD5C7DE33C7B
:10461000208128BDEECE0B3EEFFB1C3ABAECA4BCC9
:10462000D638103E512CB4BCB829CCBC24C962BDCC
:10463000322AEBBD52ABCB3C5D8ED93D37733F3E4A
:1046400030BD05BE793487BD5B3AC2BD52E5C03C82
:104650007060753D224CABBDE9D609BE0E6C8D3D38
:104660009F36413C63FAEDBD0EB5BCBD739ACDBC1F
:104670000F76E8BDA0A9FCBD65986EBD511ED73D63
:10468000E0B00EBED647BDBD9EBBDC3DA658A5BD65
:1046900047CEC1BD0291ACBD6BA356BD7035A5BD63
:1046A000E7DA9B3D7AB8E23DEAD4D9BD9270C0BD4D
:1046B000C4555EBD44CA8B3D7F9F633D607FD5BCC2
:1046C000A0F8D03C3ACD1EBD0A7D5EBD78431A3EAF
:1046D0001A2536BDF5F6D1BD737A533D259608BD32
:1046E0001A66803D866E8E3E6A10B73D1F493D3D7D
:1046F00074FFA3BE265CEDBEFE0412BEAE2C0E3CC3
:10470000BD1509BBED0919BD652619BD8A24613D9A
:10471000899ECB3DB5C3B7BD844B04BDF48995BD1F
:10472000A0BCD33E75795B3DD737B9BB71EE93BD65
:10473000A8530DBE2BC739BD76D5203D0C3EAA3DF2
:10474000A85C9DBD4A2A72BD719608BDC0D5B0BD9A
:1047500016958FBCCB5723BD0441BD3B1427E8BC45
:104760004267743D74327FBD7C9DCD3CE96797BD47
:1047700070B046BDDEB0DFBDA83A973DF3B6DE3D72
:10478000B909CE3C1F8944BDBF3AEF3C03D53ABCC2
:10479000C3DC5B3D91888939344162BB3E2486BDD0
:1047A000DCE76B3D3B495E3E3D0214BDE0ED883DDC
:1047B000ED0AC13C72224CBEC85E963DE0BEB53DDE
:1047C000C3241ABAEDB9553DD1CE86BD02FD493D8F
:1047D000D7FCAC3DD11327BE281354BB0CA202BE9C
:1047E000FA35A33D4439963EEC93A6BD777D96BD40
:1047F0008B3252BEF518E6BD4D5DC7BD382A283C48
:10480000A52F683DEEAF87BC2060D1BDEF47A53C2A
:1048100050C244BD0D5C88BE3EE5833C71406B3A9E
:1048200068C7D43E36202DBD47D7483D643B8E3DFA
:104830003AFB43BE6E865FBD537503BEA0DB243ECC
:104840005C3674BCA87F113DB457F2BD7DF42FBE19
:104850004347A33D65A2F2BDB40CEBBD68911BBC00
:104860002443143DAEA5B7BD554386BD68B6B2BC62
:104870001C1D1CBE50AA163B20D1BABD4F19D4BB7B
:1048800012E3F9BC6A2D66BE6E2CC53C37D276BDEC
:10489000E9D5BBBDFE3435BDBB50B0BD30EBCDBBA3
:1048A0002010823CFBBD0C3EF999BC3C2F21E4BD9D
:1048B000272B78BD1AD744BD12DE113D17A7CC3D7A
:1048C00025A56ABD3E73C7BD6953463D3481D2BC40
:1048D0006B8DAC3D23D011BE362C673DB32E39BE57
:1048E0004B0580BD7965EE3DB9E053BD0EE338BDA3
:1048F000EC4533BED5F9B9BC1502173D056CB63C85
:10490000D36CA4BDAC93953D5BF998BD4AF33C3D97
:104910000358BF3DC4702BBE40178A3C96754C3D72
:10492000B306863E3637313DF7BCBAB9945F653D74
:104930000B0CE4BDA047D3BDBB6587BE6310CF3E63
:10494000D94A043E8C91F0BC07DD0FBE9DF621BE16
:104950000BBD5E3D55B658BD0136BFBC245AFCBCEC
:10496000DBF4513D22DE6BBD0C18B7BD46753C3BF8
:10497000FE86983C5E348CBCCC16093C228A8C3D69
:104980002A88703EA3031EBEB3DF6F3EB66801BD2A
:10499000F4BA90BCC1BE093CAADB3ABE508C08BD3B
:1049A00009800C3D8E000A3E7BD100BE41C4B7BDDC
:1049B0003C99583C375952BC25E3E33D7D0DF73D0A
:1049C00014C173BD032A65BD4FD9B5BD202ADA3D98
:1049D000DF0BA73C34E996BD6D9E833E80F8DFBDBA
:1049E000776DB33C9A11883E73C683BD0A5D483E1D
:1049F000F155C7BDF3B682BEDBA7E93B6BEF22BD25
:104A00007C7E52BC68B5A63D4B12433D7BDC893CA5
:104A1000DC47E63D44AB01BE29B5983BE6E7B83D2F
:104A2000594310BDCB94543E83CC333DA4DE84BCAB
:104A3000FA714EBE1B8C58BC6C3133BE1FBFAE3EEC
:104A4000D66106BD9E09E53A10F7FE3CD050B93D4F
:104A5000C87E103E430F01BE4FC27ABDE41D723DB9
:104A60007EBC293E17A6973CDE921FBBAC68C3BD37
:104A7000A270D8BDEC65C6BC0738C53DFC62343EAB
:104A80000C08973E323411BDA2C99F3EB66F5BBD84
:104A90000CB401BE42258EBBF54960BE82F7283CAE
:104AA0007CDF7E3DC1712B3E9DADA7BED3F9FB3CA3
:104AB0003AD193BCA652023DBFCABABCEFD42F3E36
:104AC000EE58B33B66C38F3C1C97C0BD8CC3AB3D57
:104AD00079F7983D03AC073D8543B13D688F7DBDB7
:104AE0007FFADBBB7B0CF03E245C8E3D000A953EDA
:104AF000E0B258BBDB0827BE9D041A3E15D6C4BDE4
:104B000028139C3D698F423DB52B0ABD5744B5BC67
:104B100000FDD8BD66626F3C2DF1383DE424BF3CFA
:104B20006F69DE3EAE9CDCBC2D1DFB3D12253BBB00
:104B300065FE23BE2CE7933DC0F944BE88F4C93D11
:104B4000B98CA33DA1C3A1BD6188AB3DF979D73C28
:104B50001048093C0156AABD2287063E2EA009BD79
:104B6000B321B73B63FF173EF68C7BBCC7A5D9BD0D
:104B70007FBDFFBBD20EABBCBD84A73CEAEA873E3B
:104B800006D4BEBE3808D7BD66B202BDC7DA38BB90
:104B9000A6B68CBD93A57BBDE8E7293C30AB403D74
:104BA0003ED75E3C99429EBC139D80BE77EA3DBED7
:104BB000E711E5BD267D3A3EE93E09BECCBBA13CEE
:104BC0002B99E33C57FAC8BDD71962BEF06EC63DBB
:104BD0008C5A4DBDFAA2D63B95F15D3DC57D4A3E4E
:104BE000809B56BDDCF1293ECD5AAF3D5CFAB13C0D
:104BF00023B508BE63EACB3DF44F51BE7ED6B83D27
:104C0000F3C9503EC9667BBCC527ADBD8DDBCB3C2F
:104C1000E32EE9BC87FD5DBD05F14FBCF53EB53D1A
:104C20001934303E598D28BE942D483C0D0271BD7B
:104C300075EC0CBE110D133D7E3266BEFD55D9BB21
:104C40007406973CAC1EAD3C303EF5BCD65FAFBDA4
:104C5000CD91C5BD5B520ABEF12BB73D6307A2BD26
:104C6000A7B5FBBB2CE6A0BDF1BFE53C3A80EDBD8E
:104C70002E80473CC53DB3BCA4F7343DCC5BFC3D26
:104C800057F389BE26BFF3BDB65392BD9954083D74
:104C90008E2CA2BD356BF9BC483700BEB80781BD6C
:104CA000AEA2AE3D721136BD60FC5CBE5F55E0BD8C
:104CB000FBA32DBE0E742A3EA47A8BBE07D6D5BDAB
:104CC000FEEDA93C412A27BEFA213EBEF16B7FBD15
:104CD000010ACF3C9E49ED3DBD7CF13DF717333EC7
:104CE000C8056A3DEA48B93DEEA6AF3C5A28133CD8
:104CF000BFC405BE26B1783E433027BE0935173DF7
:104D0000BFFE403E8E9445BD79F3843D2DA3693CA2
:104D1000C0EF0ABD1F4887BCF47B1EBD505623BDA3
:104D2000F0B6BA3ED90981BD526B553DE749C5BCC5
:104D3000EDCA50BE97C9FBBCAF6263BE9DBBCEBD82
:104D4000E13A523E8781BA3DAFDDA83DE1BC0DBEE0
:104D5000C1A7FDBDB28F83BE9649403E60CF82BDE4
:104D6000CA6AC33D8C8032BE95C3AEBD730411BE0A
:104D7000B197C23D88A150BE13AED63CF9F436BE01
:104D800064E7B6BDB47C06BE2265B1BDDE69983D60
:104D9000FF7DA8BD5B0314BEC544D7BBB2D2A03D06
:104DA0009806BC3D75FAB4BDF25AA1BE181A86BD6C
:104DB0000611C1BD581EC03D99F2C4BEE1679EBE3A
:104DC0007E08D6BDD9B7AABD8E94FDBDCD8BBFBD23
:104DD00010FCE93C122FBE3D62B4273D0ABF6E3E77
:104DE000237C813C053E2CBD42A9373D82EADBBDD8
:104DF000E57674BD9E2E753ECED152BC7CAC903D06
:104E0000A08AB13E24CF3FBECDEC493DC2336EBD3A
:104E10001BEB9ABDB957193DFFF5053BFC5435BD59
:104E200061DF193FE556BDBD3B910D3C0C4E543C36
:104E3000393B25BE6F29C33D441F0EBE10097A3D84
:104E400034B2673E7825BF3D3B972F3D864DECBD84
:104E5000D2BE09BE721C39BEA138563DF3C44ABD4C
:104E6000C985023D4AA160BEC9080BBD88634CBC20
:104E7000E111AC3DF3F7A1BD8304723D98444DBEF2
:104E8000B7842ABE01D41FBE500A85BE4EA39E3CE5
:104E9000893395BEEDB9B5BDC0A5B2BCC662B2BD81
:104EA0003F4E113E6FF2CDBDBABD46BD9DFF0ABE5D
:104EB00095BC3FBE7363FD3D0FDBB1BD236029BED2
:104EC000D858FDBCDAEE48BEB3C6F5BD18C2D2BD97
:104ED000904D893D63D0893C474B8D3E75130C3E08
:104EE000B88F0DBA0E44A9BDD47A65BD9158ABBD3B
:104EF0007770333BD9AB303EDA452ABE2ACC083E28
:104F0000FF04993E1A5DB7BB8148C83CF0D2953D7D
:104F100073D21C3EE16EB7BD555D623C2328B63DA1
:104F20001498133F7CEA873DEEE45F3A9B828B3D09
:104F3000A7F848BE26E29F3B0F97913C5D230E3DAC
:104F4000FCDA5C3E0869763D55C96E3E8003D5BDEE
:104F50006C01FEBD9FEE62BE066003BD602991BD7F
:104F6000825E123D366D6CBEEDBEA7BD5C6704BDB2
:104F70001576893C699ACBBCEAA4383CE2C9EDBC01
:104F800081DF53BED71399BD998ABCBD612A8D3D7F
:104F9000CF5394BE422FEDBD7D84E2BD04B88E3D5B
:104FA000FB0C69BCEAF91D3E4EB725BE9E561BBEE2
:104FB000C2219BBE01E3823D8142973BED67FE3DEE
:104FC0003D1F0ABD87393BBEB0E14CBD09845EBCC4
:104FD000C7D77D3D53BA47BDE7784A3EF7C1FE3D8E
:104FE000D692AEBD2969A4BE0DD7A03AAF11933DAC
:104FF000799BBA3DC5EED33E666145BE741D033E46
:10500000376DB23D73781CBF630EBDBD9DACD53B03
:1050100009CC48BE04D1DABE02462A3DF46CBF3C3E
:10502000428A8B3D1C41A7BD13B9133E94FD75BD4B
:105030000B9BA43DFBA94E3D8747B43CB2C22D3C1F
:10504000B849B03D5EB11CBD4B3E11BE7A92283CC2
:105050008B6D44BE7DE8FABD374B32BDF4F37E3D27
:10506000F354203C22C3E6BDBDB9B53DDC5988BD33
:105070009CA3B4BE5DC9EEBD6647A03DE433C13D0F
:10508000C3C7CF3D35F6F2BC6FD34D3D9F7B873C08
:10509000B00E8DBC845D1A3D3EF0FFBD5843A2BCEE
:1050A000A34448BD7F4786BDD810613E0F8AB4BE79
:1050B000246FD73DAAA04FBE153987BEBBC254BED0
:1050C0000DCF00BE69DF72BEB33942BE07DD273E99
:1050D0002E09A63CF97D86BD336F01BD80BE85BD1E
:1050E0007D73923DB4A83E3EBB9BB83D627C01BC43
:1050F000177291BC8F77F73DB6CB3DBEA2581E3ECE
:10510000B8BAA83DB3032FBF34F6283D98AACE3DC8
:10511000F14AABBEFD68B0BEB9B19DBDED4D743D69
:1051200019C3913D4D3350BD153C993BB8B681BD77
:10513000E4DC3D3C9F610F3CB33D353D3EDE47BD69
:10514000FEE9A03D1560D83BBA1A78BD6E18513DF6
:105150006D344FBE0CA19CBB70BCD9BDC0E536BC44
:1051600002AD563D94D99EBE60F9EDBCA6D29CBD61
:105170000F649FBEDED4D5BDC24145BDC99E26BECB
:1051800031A0F43B52A4EF3CFE0B5EBDB62E3ABC00
:105190006685F33AB41223BEF10D52BC10628B3D0A
:1051A0003711CF3D4EBB29BC9A30853E233A42BED3
:1051B000C96223BD45BDFBBCF8D8BFBDC71816BE2C
:1051C000D32210BD75E623BEFEED0FBE403A2E3C45
:1051D000770AC6BCD22770BD11EBD4BD304249BEA0
:1051E0000F1BF9BCBBAF903D97FEA93D850F5BBE81
:1051F0001978343D55F46E3E07C530BE53A0B83D16
:10520000B369A93CD06917BF7379B0BDE1148F3D74
:105210000ABBB5BEC5DFFCBE66BE6BBD6840893D3E
:105220000D820BBE42EA923DE1B5883CAFD8C43D49
:10523000D6C7453E25A1D0BDBBE4CDBD0276E5BDB8
:10524000A728913DA089BFBD3550FD3B18922D3D4B
:10525000635B89BE916316BD039969BD2A879EBDB4
:10526000A4C3CEBD3010F5BE7793433D464420BE67
:105270001AE0F9BEEE13CDBD5C3637BD51231FBE1B
:10528000D23C0B3B2347C93CFCCAF7BC0F50933AB6
:10529000FFBC69BD870726BEA3F887BCD20EA03D20
:1052A0000E44453DACD871BEE610E63D332275BED6
:1052B0006103E7BD157F28BE0BC59CBD0E4936BEF8
:1052C0006CFA4EBD5A386EBE2D2018BE03CF5BBDA2
:1052D000FE147A3DC19DA1BDABCBFABD6CDDDABD3C
:1052E0008F6C803D9C40243EC84B99BDB4821B3ED0
:1052F000C69C0F3D16FE873E121206BE75743A3EDE
:10530000095B2EBD4903CDBDED10C2BC5DFA913CD9
:105310002612A4BE57AAD5BEDC3C9B3D4C02A93D3B
:1053200065260A3FCF5D0D3D6CCFB53D261604BD09
:1053300013A2E33DFE23F338A4FDD63D30FF9D3C90
:10534000B2E80E3E26EED7BB482310BC3D82BA3CE5
:105350007C4253BE939DE3BDD47FBD3B7899ADBDE8
:10536000C48F3FBDA234F1BE63D6A2BC2FDD1CBEEC
:105370003A17FCBEEA45D93D29FEB1BC59B9483EB1
:10538000B1BE1CBDBAB056BD25E13E3E0D949C3D5C
:10539000A7FE12BE43E91EBEADE5EA3DF0CCA13D3D
:1053A00056F54A3CDF7A8CBD4280443EC9BADABD2C
:1053B0002AED8DBD2BF5253DC2A29C3E2832EE3B49
:1053C000BB668E3C27E987BEA467D4BDEE5F49BDAE
:1053D000FDFBBBBD904AB6BC8C193D3DEA2FBFBD5D
:1053E000BAB45D3D143A203E38F82BBCC37A6A3E0D
:1053F00037412C3DAB328F3E33153CBE116209BDA7
:10540000B48346BE6E92CFBD6D668CBD8054EBBC3E
:10541000B087333DAA3DB4BE40E9AD3B3F917DBD71
:10542000DF070F3F1D30E53D1A65BBBBF85B343D20
:105430007DE2263E05A78BBD556B393EB3F6723C27
:105440005DC16F3ED55685BDF920C33CDA09DD3C10
:10545000B8CA27BEB3DBDABD8CBC17BEA0BF733D94
:10546000CB0CA83D250987BE0038A83D2400ABBD64
:10547000E68D68BEE5FB413E06021D3D9793DD3D8E
:105480005DA8A6BDA576523DC2A89ABD79925DBD24
:10549000DDCE1FBE8219A0BD593999BC9C8DA53D9A
:1054A0007473E93D9268CB3E5A5CFC3DBB2B3DBE1C
:1054B00088FA6C3D0063E53DBFD4C93DA7EF0F3EC0
:1054C000A897BEBC6A4602BE7A36E8BD2F24063CC9
:1054D00045D7FABC9252B53C7299CB3D4A8CEE3D11
:1054E00034FB25BD8A3B253E53410DBC7ED0783D23
:1054F000851413BDE2B6563E9DCD55BE1E4DBEBDB4
:105500009D850CBDE8899BBCE4E2243DB05641BCBE
:10551000446C7A3D2ADC3EBC41EFFDBC0DA5AFBD1D
:1055200014D04A3DE3F58EBD869E51BD86F549BC3B
:1055300017F964BDF0BFEEBC8074993A8BD475BD89
:10554000E44CC03D06F14FBD3020D3BD58AA913C7C
:105550009588113D4D29993C80514BBD46759ABDAA
:1055600019E56F3D030BB1BDA9B19BBD311D4EBD0A
:10557000B0A7BBBD8F21BABDE13639BDFEF443BD36
:10558000E8D5353DD88857BD8EF59ABD40D48DBD40
:10559000E301A9BD7192D3BCCC03A83D9834253D4D
:1055A0005810F73CFF62673D8B6CAE3CCD8F383DA9
:1055B000CB751CBD4F2141BDDD3E873B5CAA14BDB0
:1055C00029AEDFBCE04DF8BC745A9B3DD4D3A63D58
:1055D0001049D13C3B434A3C1721B0BD83ECA93C68
:1055E000841C9DBDB62F9EBCD2E97D3CA9C34E3B19
:1055F0005642D33B7CF8543DC46FBBBD64BC333CC6
:10560000AF4C0FBC5504433C1C278ABC86C2B3BDBB
:10561000FADEB93DB2C0E23C0BDE673CCD144E3D34
:1056200086B236BDA86E8E3DE078073D624F2D3CB8
:105630007D56393CB8EFBD3DDC041B3DC53AC83C46
:10564000905B513D5FE1AFB98E0E583D33A4443DB0
:10565000DC4794BDAAFDAB3D9C7CBFBD8484C03DAE
:1056600046DEABBC5A983EBD02528D3D5BCAA03CA3
:1056700062ADA13D8CFCB43D10B2D13C6EC1B8BD51
:10568000603EB2BC8CC8D2BDF578413DDDE5C73B7C
:1056900030263C3DF79C53BDD1F72A3C89659FBD20
:1056A000E47A6CBBD90DCCBDB715ABBD109A863D65
:1056B00031DBE33CE2E41B3D92CE99395BEAE5BD88
:1056C000FAEB913BD725A9BD731B3F3D4D590E3DCC
:1056D00078899E3D2B8433BDF80401BD72E1F8BC8E
:1056E0009DF1B8BD3E4BD0BD772FF2BC3A637C3DF7
:1056F00057B1263DE4939C3C38F63A3D049637BDBD
:10570000C70B383D0F706FBCA07EEEBC626B5CBDFA
:10571000156D2E3D3B513B3C72D3AC3D5589B3BD1D
:1057200097E4B93C84383ABD23713FBD2661913C72
:10573000C35E113B00F467BD5197C4BC736DA53DBA
:10574000E39834BD64B5243D2CD0A4BC2E0E10BD0E
:105750002E725BBC6B70CEBD1436933DD84453BCE7
:10576000B7F2223DC98F80BDAC0B9F3BD14C65BBCE
:10577000EBE685BDEBAB433D50544D3CEBD1A3BCB8
:10578000D35887BDEB444EBD17C359BD035E883D5A
:10579000DBC9A93C51F4CBBD763445BCD496483D19
:1057A000BF4683BD126DA63B45AEBEBCD8C5EABCA4
:1057B000972F983C63A5BC3CD7B2B9BD96481C3D19
:1057C000291EB1BA1C82CFBCD68EBBBD0F94BFBD03
:1057D00090EAED3B5F29EBBCD0D5843B229CA13DF8
:1057E0006FBD453CE20C30BCE922E0BCC675ACBDE7
:1057F000D77CED3CC270CEBD2B8679BD0EBF923DED
:10580000650D2CBD941AAEBDC3FE53BD835655BD68
:1058100072519CBD3534233DC3638C3D9B2B99BD98
:105820007493343D30FCA1BD55E4A9BDFD63853DB5
:10583000DE2C823CB06CA5BDF80A1F3D66C3AEBD30
:10584000AB4A08BD1C33F9BCACD0B8BC374282BDF2
:10585000BE8114BD79ACCC3B258CC1BC0032C23BAF
:105860004ACF5EBCC98BC93C0BA92D3D12F9C4BB04
:105870006FAEF5BC7F858F3B408C2A3C0DAF4BBD96
:105880000CD46D3DF42CE5BC169C083DDA994EBD58
:105890004B8DB83C1FAE633BF0D683BDCC85643DD9
:1058A000AB6840BD951C553D7B2D953C55B894BDCE
:1058B0007661BA3B3F6B97BD9BBBC33BFC829BBBF6
:1058C0008C35B93DFB2B0E3D6A28A3BB8F2C5DBDEB
:1058D0009000833BA360643DE64FA33CA09575BD5B
:1058E0000E095DBC3D7E9A3D1516BB3C7387163D87
:1058F000014D4BBB81BB14BDFDD5CDBD1528E7BC0B
:1059000004113EBD840BA9BDFA09A23DD09F98BBEE
:1059100046023DBDE75F2CBD8E8E03BD49F148BDFB
:105920006FB6833DDE2FBE3D416BCC3C04BD973D41
:105930005D568F3D4C1DB43DCF17203DA250363CE7
:10594000A642A6BD0D517ABCE20084BD93B390BDC2
:105950000FC23ABDD384D0BC2788AFBD6FFDAEBDAA
:105960001200FA3C29C691BCBF9F873D10FC74BD54
:10597000F89A65BD744072BC303AD53BC3F9EA3C35
:10598000B0B2053D4A36E4BDDAB230BBBFFA5B3C8B
:105990006A02CBBDCA4F7DBD443D8B3A4088F83C7E
:1059A000170AEEBC4C2421BC518B6C3DC2945EBDE9
:1059B000F9A47C3C0EA93ABD0046DBBCDCC3043D27
:1059C0004B5783BD7EE96BBDB18D45BD1065BDBD37
:1059D000383EDB3C1AFBCBBD1A7988BCEEA80E3DE5
:1059E000E7BB813D116E3B3DF25565BD0F179D3DF7
:1059F000A386ECBB7B0DC7BDEA7151BC128CAB3CDE
:105A00001B1B6CBE6AD820BE83338B3DC7AD603D87
:105A1000BCB0293D465383BE10598C3CB43BC5BC39
:105A20002B40AEBB668BA93D3782233CDE5C543DE8
:105A3000860CC93D964A31BD841D0C3C93FCBDBD0E
:105A40003A6C8D3DA31DDE3DCBB21E3E4D9F083D01
:105A50006506F7BD3BD952BD12461C3D76A49EBDDE
:105A60006440883D5DAE03BEF19973BDD6889BBC92
:105A70003766713DB5FBDABCA48996BDEA397CBDB9
:105A80006AA1A33CEFDC86BDA75992BD497642BD11
:105A9000C80081BEDC971BBC4AC8E63D7899BFBDF3
:105AA000A8112B3E53B393BB0656E7BED78A1B3EC5
:105AB000C7103EBDA863483C0F46C2BD03369ABB23
:105AC0001F83B8BCAE9627BDD66166BDB535A3BDF4
:105AD000CCE60A3DE91D563DA567ED3D3D8B75BD04
:105AE0007D429DBD5B4B35BD7BD522BCA504BBBCB7
:105AF0006135C93B2B4EF8BD76CE8FBE51B508BC83
:105B0000C7A2C1BE6A7D393D610DB23D15D9C03D08
:105B1000DFEF603BA22A82BED329B4BCA3C8CEBCAF
:105B2000DE82EFBD48501C3EC00C92BDD55C9E3D50
:105B30001FD383BDBD86CCBD7AEB1DBE38F94ABEEE
:105B4000BAE66C3E5EF8523DBB200B3E5251ABBDF7
:105B5000AA7E09BEFD9A7BBD70A0603D2E3DAFBD03
:105B6000EFB0153ECA677BBD2D25D7BD9AF74CBD5A
:105B70008AC3803C9E6F62BE84D40D3C9179ABBDDC
:105B800019AC793D8E82AF3DC01E6BBE04FEA1BD37
:105B90006583CBBDA7230FBE7782CA3D0B88953D99
:105BA000FC580F3E3FECB83D3835C5BE1F0C1A3EC1
:105BB000FF32DC3BD42F6A3D3A8089BA9C920B3D80
:105BC000E7D4AABC33C93ABD7A91303DEA484BBD0F
:105BD00044DC17BD377BFE3DC0CBD33D722E66BB88
:105BE0002FA299BD56CB08BE5FFE15BD4B8D45BD9E
:105BF00095CF7BBDD53D99BD9A826DBE9F7F40BE3E
:105C0000E6D090BE30B9113DCE5F0B3DDFEBC03C1E
:105C100037D28C3E0C1112BE43C3273C635E943DC9
:105C20006E6343BE604DBDBCB7805ABD15661BBDDB
:105C30007AFD853D30F4B3BC1B55B2BD8DE7E4BEA3
:105C4000F9F3C03D1D662F3C0073823DED718BBDA5
:105C500007C58CBD42E0BFBDDA46A03C4FDC14BD99
:105C600068E9293E046710BEA99A2BBD3C0DD8BC3B
:105C7000C292E63DC2B9093DF750E93C01F83EBD8C
:105C8000A3F9113D0BB9CEBDEE023ABEAB5FADBD7F
:105C9000E4374BBEC83DA33CA4C990BD7E487CBD43
:105CA00001EA993D814E093E70FB953D7F39AD3D3E
:105CB00012B722BED0761BBEC7695CBDAC2DE13DDC
:105CC000929A29BD0244BF3D033EEDBC32A49737F2
:105CD00035A5ABBDAD4EFE3DF345A83CFD9005BEE0
:105CE0002DDF993DB0DC8CBE2E0BC4BDF3935BBEA3
:105CF000071CC93C113C003D457935BE175DE4BD2C
:105D0000562BB2BEC1BED73BD8F4923D36AD673DEF
:105D1000AD2C44BE822CADBD2810ABBD1065B0BD0E
:105D2000196A16BE2291D43DAE549D3DE2963C3C8C
:105D3000DF738BBDB2409EBDB0F83FBED75FA2BE41
:105D4000247EF9BCECDA403CF38E7B3D119E8FBD86
:105D5000F8A4093ED9F52CBEC51647BC94029D3D5A
:105D6000DC465FBAA36B1FBDFFAD893D4E5C003DB5
:105D7000DF420EBD1641983D3F94983D12366EBEEF
:105D8000E2FE913C5E49BBBD25FA97BED50A19BC1F
:105D90001F561ABE91063A3DEA9CB2BDAB8C51BD6E
:105DA0004FEA9BBDF10D1D3D398F9F3E4794703CDE
:105DB000034836BE0D45283D47492E3C0CAB403EBE
:105DC0002A64A7BD26B70F3E7582A6BD16DBD13C5F
:105DD000C3879C3C5AFB363DEA4A7C3DE6C7B2BECF
:105DE000BEA9E2BC453008BEC75FFC3C141A52BED7
:105DF0003BBA213EC458F0BCD4A93CBEE0A6203D2D
:105E0000A49133BEAAAFD1BDA39F5E3D7E8C383D29
:105E100053A690BDF237A0BC494CDBBBE584763C71
:105E2000069F0F3EDF259EBA834E4ABD3ED0A9BDD8
:105E300085D117BEF93415BD3D370BBE02B81CBE67
:105E40006A2DBC3D4E7ACC3C50F1963E232CCC3D85
:105E50006963333E3CF499BD712B8CBC7BD1AB3D67
:105E600029FDDABCA11BA3BD31D19EBD955389BDCF
:105E7000D8AF3F3E70E5A13D7FE6423DFA99E0BDD7
:105E8000ABEF89BCC5DF1DBE84678DBEB1845EBD2E
:105E9000D833A9BD07650F3C964DD0BDA8FF99BD6D
:105EA00015A668BD149EC6BD94083D3E6176BEBC75
:105EB0004F6742BE350A86BDA4782BBEDE56A53E8E
:105EC000EE67CB3D8265933DF3ECBABDB01BB93DA7
:105ED0006E48D2BDB7E084BD1481E43D3C3905BFB6
:105EE0007CFEC53CCB42F0BDC5268F3DE19AB4BED9
:105EF000896FC63DFEA6813D3B8527BE9E03743D4E
:105F00007E161EBD531BFF3D7DBCBC3D9B67B7BDD0
:105F100027782A3D435E36BD3DE8F6BD4A471FBCA3
:105F2000487F32BD8E50013E9B9F75BC2D650FBDD5
:105F300001620CBD1E46803BCB8AA53D3BEBE6BC17
:105F4000CB9FEE3D93BD73BD5264A1BDA50EE13C58
:105F5000D5A9A9BDA29508BE4989053D5052BABC34
:105F60005B876EBEBDEE3E3C3B4C9A3B28D7453C22
:105F7000D4283CBDF07708BEB703ADBCBE58DD3DAC
:105F80000E06953EF339DDBDE52B243D56F3053D68
:105F900028530DBD67B34FBDF3187C3D3FAB013DAA
:105FA000B143823D9E02F6BDB02A10BEC0ED0BBECD
:105FB00021D52DBD2FDF46BD907570BC0DC638BDF7
:105FC000C58B93BD24901ABDFAC58B3DDA86BA3DC8
:105FD0004DFB81BD3329463B44C67DBC27B967BE16
:105FE000EB37BA3DB79DC2BE16ADBDBDF508A2BD2B
:105FF000FCE4993D95257BBC296B653CAAD5513CB9
:10600000E15083BDD6EDBC3D417BFB3C267B30BDE2
:10601000AD338B3D0EDA2FBE001CA0BD1A474C3DA0
:106020007EF7BC3D1BE68F3DE621C43BBA4C9CBAD3
:10603000006396BB46739BBCB55305BE92F0843D8E
:106040001BC8FB3DC9252DBD36761D3E84CE7B3D4C
:10605000FF0E37BECD6491BE1E06363D903CA7BDF7
:1060600077D694BDC62E9DBDD5D791BDA8275FBD5F
:10607000896DC73DE4D60EBE23D83A3DA7BA253C6C
:106080009C81D03ED5824FBE10209B3B3143603D6A
:10609000222DA0BC06899BBD86C9E83C14AE193DE3
:1060A000D04CE0BC65DE2D3D562DA4BED96E763DAC
:1060B00058CC1C3D266F54BD7258393D0EDBA73CB1
:1060C0008C9EA63DA37249BDDECBA9BC5F2131BD2C
:1060D000B1C141BD5053593CDE1C9EBD02C74ABDF3
:1060E00064603B3C080DB3BE3CA4BFBD000E663CE3
:1060F0004CD8CCBC9FB8733DD8F4D9BC260D3CBD60
:10610000EF24B7BD1614903DE4D38C3C59C2DDBCDE
:10611000F24AAB3E320DCEBDC6630CBDA04413BBEC
:106120006FBE333E8AED66BD3C78BFBB2D29353D41
:10613000B05FB13D9D90E4BC114897BCA1ED3EBE5F
:106140005234FF3D31C35BBDCA35133E9BE9E7BD09
:1061500086E10BBE555A84BEEA09083D30F4E1BB26
:106160004D5441BDD75E35BE635D243B7E9EB53B3D
:1061700000C70B3EB48813BEC1C3FFBB92FF8D3D69
:10618000AFC13A3EC20C8DBEDC1370BEB20F00BD73
:1061900007F2353C18F4FF3C1E8FB43DE03D27BBB1
:1061A000C67D20BE7A29923E31C2A0BE4655DABDD8
:1061B000730E9B3DC03A9DBDCF0254BDD8D1C8BB24
:1061C000B1C0953D9B909B3BC961B6BD90F37FBD2F
:1061D000DC1561BC4A440A3D41EAEC3C3B5BCB3BED
:1061E0005A2A313D1F042CBEFDA8B9BA59E303BE9B
:1061F000CD0AC23DFEC6F33D17231D3C9B4991BC11
:106200003020CCBCDD7119BE4CA0EB3D2BCF153D31
:1062100000FC8D3E3F5BBC3D690F15BE828CA3BD6B
:10622000E9BE0CBD5F2E1D3D5FC981BDFCA083BDD5
:106230007D801B3DA31FA53CC05B33BD606120BEBC
:1062400067CE8E3D528E06BD1352243E214EAF3D89
:106250005D9FA6BCACEC1BBEE639783DCCBE83BDD1
:10626000C79AABBC429230BDEC04BABD8414EBBDFE
:10627000AAB9443D2CCB29BE18C597BC500858BDBF
:106280008CCC203E9A43BCBECA5480BE98FABE3C19
:10629000CA29AE3D315816BDB9E892BDD67D883DBC
:1062A0003AA933BEAB9A183EEF6F2A3E7E260BBE4C
:1062B000535C39BEF5D8363D8113083DD0A13E3D33
:1062C000604CBCBCE7E9B83DEA42083D0D7C00BE2D
:1062D000814ECCBD2CFB553D11DE83BD3DFF0CBD79
:1062E0004E4398BC486712BE68252F3EAC82B3BEB1
:1062F0001433913D39F9BF3ADF996ABDF91511BEE2
:10630000940CA2BD6F1098BEA9C512BC6C4BA03DE9
:106310002425B1BE33CBDE3D906A023EC16A833D87
:10632000B363E7BDD262AD3DE4334D3DE9A4AABD00
:10633000F129F03BF98A6C3D2054C63DF79E823B23
:106340002CBC7C3E4DEBA7BC6087F33D7A5C343CB3
:10635000BBB3DBBC9C5C44BEEDC1F03D189A053D6F
:1063600026643BBE4203D8BD3203ECBD4AA12CBE1D
:10637000B7760E3E1A2F5CBC1E8FBC3D840B2D3DA4
:10638000EF394B3ED136D6BE1D51C2BD4DC06D3D1D
:10639000B5CECC3C6D8095BCA26B963CCCD2D2BC29
:1063A00019F47FBEF5248D3DF0C9983E0FDD1E3DEA
:1063B000922889BDD32B013D1EE655BD1C22663EA9
:1063C000286A3ABC93ED233E5F075ABD7D174FBE46
:1063D00023A036BD02E824BCF10948BD9BEF6EBE88
:1063E0004631153C526A26BECC1DC53C11E098BD15
:1063F0005E00A53DDF79DA3D1A0C1EBE784EEBBC7F
:10640000FC00CEBD6B659E3DCF4647BDF5CF84BD3C
:10641000B074A8BD52D5FCBCA399283ED1A67B3D43
:106420009FD1303DCC7B11BDD51ADF3DB71CC33D9C
:10643000FC7A6FBD8B91BA3DA5B946BDFAD4923CAA
:10644000DABFA43D634B133CA95659BE7D9923BDC9
:10645000BAA2053EC4A2413E0516A8BDA9C6783D14
:10646000FF38963D3F9E103D2D59503DD70F453C7E
:1064700020FB8FBCB7F8723C242B603DBCCC40BEE7
:1064800016AAABBD73DEF13D53FAABBDE216E63B97
:10649000EE7DF93DCF230FBC0C6985BD6AA6BE3DDC
:1064A00090BE333E3261C93DA19129BE777B373D15
:1064B00083B42EBE33BC5FBCBA1EE4BD66BC863E50
:1064C000FEE14BBD7DA28DBB0F7B613D54B5643DAC
:1064D00096A9C4BC2594EA3D4456CC3DF27ADDBD74
:1064E000CCB608BD0EFDE2BC9A557A3D091979BDBE
:1064F00061F517BE09E89EBED2040DBDDD66563EAD
:10650000385E033C766F8FBED66737BBFA94783C13
:10651000924F7D3DF4D78E3DBF25363E4A46EEBCB8
:1065200005C1CDBD0E39D0BC6361B13DD70E24BCD1
:10653000312090BD0DE055BD497909BD25858ABE44
:10654000145A9C3D98EB39BE8715F63B4A5093BCD4
:1065500086A4163EC081EB3B1ADE0FBECC58EABCC7
:10656000F645D4BC872AAF3BFF6591BD9D78E539E0
:106570005598193C72A4CFBCDF39353D03E259BEB2
:106580009C013EBD6A2DD03D1410C6BE6FF94F3C34
:10659000FF350ABD1861263DC7ABCBBD2828533D4A
:1065A0004C8AC93CF83CA1BDCEDCB6BDBB99813D4F
:1065B000F61D66BE839900BE70F1C5BE47E78C3EEE
:1065C00002AD093D5E268D3D9732B33DE7FD523E5B
:1065D0001509AC3D874BC93DCE27753D515C23BEA7
:1065E00037458F3D92A4023E0CD86E3D17A264BE83
:1065F000273539BEABE22FBD3E8D41BDF9FAF33CE4
:106600003D00DB3D219EB3BEEFE2383D573290BDE9
:10661000C85661BDBB0E513D5EB39B3DDE61853DFD
:106620005B68533E6EDA503C679ABC3D047ADBBB34
:10663000E58FD0BDBF089FBB6B09613E7E375B3ED7
:106640007FBDE53D5DEF10BEC12C073D42EAA03D98
:10665000A232CC3D115A95BC0BEE34BE974F073C8D
:1066600059D8A93A6B50A03DAAA6873D9ACFCC3CF9
:10667000A625413D7789873D394FB9BDF0C83ABE5F
:106680005E5D373E13594D3D5336FFBDA86A9BBD35
:106690000736053D8DA3143DF72C88BD0E7435BD1E
:1066A0006C4B3C3E7174FDBB236E99BE02B9E5BDD7
:1066B000F469643DFDA5E3BD36E36CBE005FDD3DDE
:1066C000A356AA3DC38506BD017240BC4EDBD93D31
:1066D000231CA33D5C4934BB49EF0B3EFA60D7BD98
:1066E0003C9A9B3CA8C1A13DFE13F83C39B972BD50
:1066F00089014FBD1AF3CDBD1D5D383BBA00B73DD2
:106700000E01723E5E8B8ABEC57FEB3CC1C3BE3DAF
:10671000AA35A43D1EB77D3DAC960A3E3136303DCC
:1067200009DC1C3EF201FCBCAA3E3E3DECC6C83A68
:1067300062322ABEA2B767BD0B8E903EE168233C51
:106740009D47A73EF323F03BBE26C73D27C100BDB2
:10675000040A27BD80B705BE58D0003BD72EA83D00
:106760004632943D5DF7173E5F0E24BD0E1D2EBDD3
:106770005D1A4F3D8BC52B3DB8A556B9D5334EBEDE
:106780005F51D63D360217BE0B0A3E3D1E1B983C9C
:10679000FD111CBE3ED8A73C580844BE72449E3D25
:1067A000D0380A38E92B103BDFEAD0BE00698DBD36
:1067B000EEABEABC7E15A8BC7E3CF3BD0874353C4C
:1067C000E41F013D641AC03D5992B33D04B55B3CE2
:1067D0000BC8E6BC4B75E8BDB0BC183EFEA701BEB9
:1067E000900C42BDAEF4BDBD2F3B983DFE5AFFBD9F
:1067F0003578253E0D25AF3D1545713DD8AC4B3D57
:1068000011C5C83D926C62BEEDE8673DBDD3BFBC0B
:10681000BDF24BBEE1C911BCC35DD33D60AF07BC47
:10682000B25F6CBC56579D3DF51FC3BB5F8127BD52
:10683000BFA992BBAE0186BDBDF7243E1E6AB9BD9D
:106840009515A43EDCBCB7BD656DDC3DA1677A3D06
:10685000B71BA6BDC9EE8ABE52123ABDBDB798BDE0
:10686000D89F9DB922FC823D780D893DF819DD3B0A
:106870002E22CE3D830509BDB85B7C3DCF6510BEA1
:10688000135D4DBED17F35BEC232A3BDC348A0BD8E
:10689000957216BEF3D603BE2753A1BD38F1AB3DAA
:1068A00055B214BD0DFE833ECABB3FBE83ACDABDFC
:1068B000E52FA4BC03FC063EF185D23C92D0993C66
:1068C0009C44FF3B422B73BC62EBDB3C643C5DBDF4
:1068D0003229983D49DDC2BD52A12D3E6865BFBC3D
:1068E000AE8CAE3DC74295BD3AF6943D2E3DFCBC04
:1068F000E121513E73AA783E42811B3DED4E05BD1C
:10690000163F20BED7B5713EB03737BDB1F9F03C68
:1069100038D003BE917F963E4D62853E7262F2BDD5
:1069200097C662BE374D21BE4E88F7BD633615BC93
:106930006C7C963DAD9F643C5BDF18BECEB632BE2C
:10694000F8016BBEA6983E3D6F38A8BED0A8B8BD72
:106950005D28D33D85F6F53BDF64A73D8BEF4FBD4A
:106960006B44E03DA6D9153EAFAE1FBD09D7D5BBE0
:10697000CBADF8BE3158EEBE9F53043D79498EBD74
:10698000A9312ABE9BC3CC3D71E1FA3CA15AC53D59
:1069900023C6E4BD9A70EEBDE114B33D34A6AA3D12
:1069A0008D6ED73DA4EFEA3DD929E3BE0C2C95BDF1
:1069B0009509F2BD24355A3B65BF12BCC78750BC50
:1069C000712F07BE1073F2BDAA9F883BB876A1BE97
:1069D00029F7F53CCE73FCBDF0263FBE15C19C3BAC
:1069E00087CE13BC23B5F43DDFAB6CBC440963BA5E
:1069F000146143BF00162CBEF0D542BD854263BD75
:106A0000B42F57BD7ED6DC3D5EC7A2BD26DF153D47
:106A10003E2C42BDEA75013EF315223EDC6086BD88
:106A20005FAC4EBE4EA0993C7D3207BCB61B823D8A
:106A3000C6EF963D1D698FBDB8C0B5BD42B3403DA0
:106A4000D06683BDDDDEB53DFA3D83BEF414BF3DA7
:106A500063A740BD441ACE3D05D75D3DB17C28BD3E
:106A6000008AD6BAB58F803E1EDC3B3D5D9A31BDB3
:106A70002BB908BFCB381EBEFDA8B3BD88AE763E8D
:106A80007A4C6ABEBE20A93DDB81DC3D16C97ABCCA
:106A9000446011BE14153ABD35F9E33DC444193DB7
:106AA0003687ECBBA3EF39BDAC2FADBE3BA304BC16
:106AB0005E8514BE8D832FBEEDA7C33D421764BE15
:106AC0007ED5503DD73532BE0DB9C73DF66539BECE
:106AD0004798603D0307A0BD954C94BE2EA6553D3A
:106AE0002A5E93BDCDB0883D6DBBC23CFB05C23D67
:106AF000363139BF34E80EBE0C0217BC3147CA3DEF
:106B0000C6E69E3BB56C6D3DEA6170BC9E82A43DBD
:106B10006F687D3D337DFD3C597A043E3EF38DB96F
:106B20008CF982BE1291B0BDDDE362BDA8D1ADBDCE
:106B3000CFA3793E92E2203D255C82BE31A7003D85
:106B4000CF5605BE798D07BD4E610DBE7015913DC6
:106B50004E1034BE990B963D92AF9FBBC095973CAB
:106B6000C3831DBD1F404E3E6CF9B83D8D77073D78
:106B700056B1D5BE1B13473E1FA1343C379E7D3E08
:106B800032EA84BE5C7C0B3E08621A3E429083BDB2
:106B9000C4D270BE101046BD1F9E36BD10FDA63D6E
:106BA0002099303D7A7482BE9568A7BE50E94FBDEA
:106BB0001CF0A7BB28BEC5BD9585353E918ADCBDBE
:106BC000F327FA3C254880BE8D0B143DA43253BEFA
:106BD0002CEDB4BDA726CA3D373938BEBEE732BD5D
:106BE0006A472ABC503BC13BD194903DAD9C0C3DC3
:106BF000E7361EBF69CC90BE24D9DBBB60110C3ECA
:106C000039F56A3CDB9A373E0C38EABD9C1E5F3D85
:106C100087EA543DEF9A3FBD1FEAD23DF9C08FBCD1
:106C20000FC930BE204E0E3DDDF425BE414AED3C7D
:106C30000985C13DC740783D352130BD195F9ABDFA
:106C400073643CBD7952F73C77EC26BED7B451BD96
:106C50002D7B81BD8FC4693D5E4E983D48C456BCB6
:106C6000CCFCADBCB378E23D1CD9673D3660C03D7D
:106C7000DC0CB8BE83DA9D3EF892B5BD8CA5873E8C
:106C80005A61A8BE9F74003DA1E58B3D748249BD49
:106C9000591642BE3C55B0BDC87A343D20062C3D45
:106CA0009D1F143E41F453BE2B09A1BEC18B0EBEE5
:106CB000C4D8DB3C715193BE8B77083E6E941ABDED
:106CC000FC85DC3C82F191BE3A086E3DFE9982BEA5
:106CD000C448A03C9CB9E83D59C64ABE4E135CBDB1
:106CE000F5FA523C09F9303E750F583B921C4DBEE7
:106CF000B951C2BE3182DFBE50F865BD52525A3E14
:106D0000FA26083CD714323E3F7CB0BDE1E7A23DF5
:106D1000AEE91D3DDCC905BDE6F692BDC09D2A3D2C
:106D20002440DFBE9A751F3B8113C4BD776C8ABDBA
:106D30003CFCA83D0A8D97BD7AA9ED3D11D688BDD2
:106D4000942B93BDB36C833D768A30BD621814BE1C
:106D500064DF67BEC31EB53BE63A8EBD25443FBD2A
:106D6000BC2FA8BC79A7103E5EB5C03DE9598ABDCD
:106D70006CC10FBE1D43713E66B9FD3C1F4D923E76
:106D8000437692BED067073ED2EB313D4DA5CDBCD8
:106D9000C65F0FBEA106C2BD47FBAD3C02C825BD04
:106DA000C9FA12BD433E75BE17E2B7BDB455CEBD9C
:106DB000DD6957BED5AFAABE47D7113ECB0D34BE55
:106DC0004280ED3D53309BBEAC792CBDB67F8CBE6E
:106DD000336F1EBC6E5C4F3C3F293CBEB47C00BD93
:106DE0005FE51DBB8EA0AABB0919E73D9054EBBC23
:106DF000134B31BE851EA2BE132520BE44C3443EA4
:106E0000D290303B5DE1C7BDB08FA43D52A1A03D03
:106E10001C452E3DDE0C7C3D4FFA473EDE6B843C2C
:106E2000C712AD3E0BA527BC550D0CBDC3A162BD5D
:106E3000BC1A5A3D5AC745BDC5BC9C3CBC8F18BD49
:106E400007EF31BEFC91CABCD8A244BD0B194B3D23
:106E50006A173CBECEE8B0BDD01B0EBD20A9303CA9
:106E600052C4A83D265804BEE1C2983D99AFAFBDBB
:106E7000F222F7BC4C1126BE6900FABCEDC717BE62
:106E8000D561A23DA2718E3D267A11BD7F692CBDD0
:106E90005DE8FB3B0BBC103DD3070FBD3049233DE4
:106EA0004C79F13D526E223E04FF13BE9AD8483D04
:106EB00087FA5D3E8F3304BDE3C58ABC7E8005BD85
:106EC00031E15C3D1C6BA43D208C33BE45711C3E02
:106ED00043E624BDBD68383CAEAF1E3E56BF2D3ED6
:106EE0003575A53D4D1F7E3DE6529D3D7B76C8BD67
:106EF000F41DB33C73BB15BE07834B3CC910C13DA9
:106F00001486FA3C08391BBEE7A740BC8454BBBCBE
:106F1000A329483DC79A073D6508613E70819D3DA4
:106F20006FB97C3E462D7F3D5557D8BCBBAAA0BD4E
:106F300058851A3E76D0E4BD005CBBBD0CFC7F3C9E
:106F40000091ACBDBC06FDBD18D9C6BD08DD393DFC
:106F5000F993763B1F7EE8BD2AA907BE3F047ABDA0
:106F6000896000BD86FD6ABD18CA703D5A4C11BDCE
:106F70000E5690BCBDA83FBEFAC8D83C399031BE71
:106F800033CCCF3DA0D3EB3C353DA7BDBE8E08BB77
:106F90001FAAF53D85E8013E33FE10BEBCD661BD9B
:106FA0005220F1BC66E4443D72239CBEE875BBBD33
:106FB000736E263DFE16EFBDF3FFF03CCDFA0A3EA0
:106FC000D7A2D43BC935B03DCF8CCDBDD774D03D11
:106FD000020571BD62AE133D20D59D3D2A5C893D01
:106FE000EE2A09BD4D2C803C71B4C2BDFB133BBEE3
:106FF000886A6E3D7AAE82BCE537C33C29CA753DCE
:107000008F90063E6F25A8BDE20ABA3D94B94A3D6D
:1070100084AB87BE079D44BD51B6963E657147BCA3
:107020009BA6923EEF1C0F3E72C18DBB6592473D01
:107030002E9C76BD45A9833C506309BEB5680C3EC5
:10704000947408BEDE523BBDC4C8973DF64920BDCE
:107050003535A6BD26A201BE517224BE1028553D6D
:10706000E890103EC536C63DAE11B63D43AE16BDE6
:10707000B597AF3D301D8DBEAE80B1BD48CC35BD9E
:107080008BE378BDC83A4CBE5B1759BDC32CA0B981
:10709000D364523D2C05123DCFB71DBE00302EB833
:1070A000526D04BD114E243E4A708BBE229D0D3D93
:1070B00074D5C93DC6517EBDA46BCCBD520BE53D18
:1070C0009F2C883CAFEA2A3DA66AC6BD2429A1BDF3
:1070D00060F0B1BD8261EC3B3D5B5F3DA9B621BD77
:1070E00061A13D3DAD0DF63D06A9B3BD80EE14BDD9
:1070F0000124143EAAFDA8BD255D203C0F39A83D02
:10710000B605AC3D6BC952BE34E8ABBDC38423BDEC
:10711000B6FB7DBE8D4C3A3DF57F153E03BB3B3C37
:10712000E6571E3E6D1E773DAA75223D28940DBC84
:10713000EEF351BD47ABDB3C302E16BEC3CBB0BE29
:1071400065A3CC3D353C35BE7AC978BDA147423DEB
:10715000C299D33A3A6649BD7804E93C4EA5C33D8D
:10716000CB562B3E5982543EC35A87BDFD6AA8BDFB
:1071700090E1AEBDD19BA7BEEC1AB3BD5E10BD3D84
:10718000B2ABEF3DCF1BB7BD4C4EE63C6561B33DA6
:10719000CD1FE5B99191CA3CBD933CBE800477BB3D
:1071A000650320BE48DF833C3AD6BABE354A86BD69
:1071B000B7B1063D0CCD14BEBFEDB13C1052D73D6A
:1071C0002B586ABD4DCF0E3E5CC5BBBC8F1C2EBE7E
:1071D00059269F3D9CF05A3D1FF98C3D3615273DA1
:1071E00075F0EB3C4CC4023E4508613DBC5BE6BD1E
:1071F000EFA2543CC530943DDDBFE6BA4F798FBC59
:10720000EB171D3EF33D92BED824723D942A7DBB00
:107210008F7BB5BDD35CE23D71B3353E1C8F66BD3F
:1072200043BC04BF6377F03C7266E23D8022AABD96
:10723000D1F38C3D59EC873D2F10C73969EFD1BD93
:10724000869884BBC29CA0BDE541233D8E0ED4BD73
:107250009A63D43D182DE0BDC771FF3DA56E1BBDDF
:1072600035A8053EF842653E0C393F3DDD24B2BCF1
:107270000B66DFBC6B123FBEBDED343CE48942BD02
:10728000D250ADBD8601E6BC4D31ECBD254BD2BC24
:1072900010D63B3D63BC4FBB0905A9BD9086213D7F
:1072A000AFF205BEE00BC03D8006E7BDD10E4ABD82
:1072B000A43EADBD7B3547BD9A4A03BE43B1A43D54
:1072C000EFD59DBD5AAA623DE348BBBD2BA490BD3E
:1072D000832AA1BDF6542EBCCFF1C33CF62C19BEB7
:1072E000F7BDAA3DB2781F3E6846D3BC4B8D793DB1
:1072F000598A2D3E307C893DC6E04D3D92FADFBD76
:10730000C34D99BD34785EBE4094993D7C4BF2BC30
:10731000C8CF92BD98D1333E16B4073EE6AD90BDBE
:10732000EE4A973E06E22F3BA2F6DF3D905E8CBD13
:107330005FE88EBDC1B607BDBBFA56BEFB9BA23D42
:10734000EDF720BE58A52D3D2013D2BD2EEF4F3CAA
:107350002CB877BDDEE551BE4F9C9A3DCF5A13BD88
:1073600003CB0BBE54DA5DBD257384BD453575BDB9
:10737000DC7FB53DEA1FFABD57E958BDEDB692BDB9
:1073800001A4E03D9E6673BD71E243BD09B0D73BE9
:10739000F02EC53CE3B9163DD4B5CB3C08514D3D6C
:1073A0008D393CBE60DD903EEBEA3FBDDE7E033DA5
:1073B000BEBA64BDA3ECFE3C5D5BDEBD2355683EFA
:1073C000A5F7B9BC2FB901BDCF17EEBDA0AB163ED6
:1073D000181F953D2A00BB3DDA2F043E885B0BBE8B
:1073E0004D01CF3D74531ABE97CC093D485F04BE92
:1073F0006895BE3CA791773C2427C83D93D72F3E84
:10740000FAE6A23D8530A5BD6932C23CBCD70FBCAF
:10741000D803EBBDF8DBB43C507DB93DAF4817BB9A
:1074200081B2BE3E0E50A7BD368F51BD818B843DCB
:107430004EF1F9BDBC1FEA3CA5FD18BE60DCE03D85
:107440007C61A2BDFEBDC9BC3C86FBBD6291BF3D57
:107450005DB431BBDED75FBE7A008EBC48209E3D56
:107460008AD22EBE83299CBC5B7406BD182ED1BC6B
:107470006741B93D67DC09BE373C7DBD57BB66BD82
:107480006C157E3D430CE83DE136303DC4F0BDBD9A
:107490009D0C3F3D2FA1A83C025DEDBD18304F3D36
:1074A0007DC553BED93AA13D6AA322BE94139F3D28
:1074B00070A60D3EC39131BD9068E2BD1AD0003E6A
:1074C000BAC7DE3D59640ABCD0DA19BE307E203D11
:1074D00094BFA1BD4914A53DC1081A3E79E8463BB9
:1074E000F587C53DA1F290BCECFE843DD8D7A93C00
:1074F00026C4A53B9E61A43CF273633DD6A8013E21
:107500007374273E62A093BE15EC8F3D3E6EFD3C2A
:10751000D35ADE3C3CE6983C3BE7623DE4D196BD65
:10752000D278D53DF2AB04BDD9730DBD4BE47DBD22
:10753000041E28BE59B9563DF8DC5FBEAC14043DAC
:10754000D87A09BD56542ABEFBCCE1BBED5CF63DB2
:10755000C67ED83C33B0E2BDF43183BDDCF78DBDCF
:10756000B8E7B6BC349AC63B13AE333D03DE34BD38
:10757000E86C713DFCCBCE3BA52C0D3DDED6E9BDC4
:107580009BD7163E830A0A3CF386363D88576D3DED
:10759000A5A8003E246F2B3DCEDA0ABE2CFA763D1C
:1075A000067C2FBE958DA23D78C58FBE68B6C8BC3F
:1075B000CD132E3ED778BD3D801F2FBEB374143E31
:1075C0000CAF843D895582BDCE2302BCB802B3BD49
:1075D0006AE790BD93B11C3CD2C1173EB2BA893D57
:1075E0006EEAFD3CB829FF3DFC4E86BB553DCEBD45
:1075F000B8B1163EB1CDE93CCC58E23D4D808BBDD3
:10760000C345B53D327A6DBE17A2B1BDB654FD3C3F
:1076100048E84E3E00351BBADFE9EC3D0F959B3D37
:107620006641113E5775473D0F38503DBE9EC43CE4
:10763000D351DBBD1C0496BD241EEFBD0D5ECE3DB7
:10764000F95849BE0D7F21BE7C0F2EBD929F603C34
:107650008DC9273CAD7B8CBDC7E8AE3D06635ABDE6
:10766000B05F81BDEF3B2D3EBCBD3ABD3819D9BDE1
:1076700085465F3D095932BD3313AB3D26237EBDA0
:10768000BCAC623E46EC2F3DB6F53A3C816F8B3D7B
:107690008783983D5CC7DFBC4E09B0BDC8485C3CE1
:1076A0009BC538BE64EA613CD43F06BE101098BC4E
:1076B000CA275E3E1A88EDBD13060CBD772AEF3D42
:1076C0002171EABC0537133D88B25ABDC67637BD75
:1076D0005751903DA10B18BDC7E0D93D30A3383EAE
:1076E000916517BDDBB5C33DF0E4333DB7A0FF3C6A
:1076F000093FDEBC3B9E45BCE515363DBCB4C9BC6C
:10770000FA86CD3D8B7F5BBE732D6BBDF0D503BC80
:107710001E0FAA3D0E2FB8BD67EC5F3EFF7D59BD21
:10772000AF1B753E6152B1BDD88C4FBD6B95443DCA
:107730000048193CFFD4363D6DD102BC27A8883CD7
:10774000499AECBCE8718DBD29C4B9BC76DF22BC76
:107750002B844C3EA2DE0DBCE094CFBDF012DE3B8C
:10776000AA4503BE65E8F23D95D3DC3D323A4CBDF7
:10777000AD82683CD30AD23DC6DDA83CA53C47BEDD
:10778000A9997C3E8623273ED42D1ABD929BB7BC77
:1077900015593E3D8113A63DEC3060BD58EB153CBC
:1077A000CBCC56BEB26E213ED8AA91BE15B7CE3D07
:1077B0006905643E0D4784BB5D98D8BD4C92263D5B
:1077C0001534243DEB2A553CD74E05BE3D6E46BDD3
:1077D0008BBC1ABD71D14BBDD041E53D733C333EEE
:1077E0008FDB50BC6ABE193E8A0896BCD1BF86BDED
:1077F00029CB55BD76F10ABE08BEC73C4DAB26BEAF
:107800006582CB3DB0D1ABBD43044ABDF9A06CBD90
:107810009DB19ABE5057313DA694F9BCA9E1FB3CFD
:1078200069DE14BEFBEF0F3EBE4530BD08ECF33DF4
:1078300084A8A9BD2BECC03C0A38C2BE94CBD93B6E
:10784000F7A518BEA2EA613DB0000EBDAC02363EFF
:10785000350BA13D0525803D0D1F31BD0A11983D19
:1078600061B63FBDFA3CA4BCFFE5403D003DB9BD5B
:10787000713C89BB9DA606BE16EF8DBD157FA3BBCF
:107880000E5C603B6849C43D88BB623CE60E8A3DA5
:10789000BF809CBD81E5E73D40B480BD64B2833DBF
:1078A000275845BBDE3F3E3DEEF61BBF8A0ABE3D74
:1078B000D86E8BBC7A5BE8BD38A496BDCBB65DBEF6
:1078C00041BEFFBCF8D803BC187390BD3F14A13D66
:1078D000CEF1943D9926823D80A89B3E9C9246BD68
:1078E000F78CF0BC679A30BD906756BD4E671FBDE0
:1078F00059FE2BBBD8696B3D0114ED3CC21013BD82
:10790000C8B20C3E0C40033DDA4C7F3DE841F2BA70
:10791000801D3CBDA6F683BD9E4DCBBC0A41BCBDBF
:1079200014852EBECEA97DBDC07E563CB98F3E3D8E
:10793000D5CCA33CC02FFA3CB15597BD2E6DD6BD1A
:107940000B4E3EBE47E3EF3C2609D9BDEF5CAC3D94
:10795000407799BCEC2D563DC05E3EBD64EDBC3D0C
:10796000E83EE0BDBE3E8A3DD26E02BD92220ABD17
:10797000B4C752BD6E9D0EBE336F983DF5E9133D01
:10798000632128BEE1A8FB3D06DAA2BD79F5DDBB87
:107990002F837D3D35749FBDE32853BD80FE053D9B
:1079A0005D6769BD7FBE63BD294B943C1C09A33C48
:1079B000AD30653B12B708BE7A4559BDF10156BEE0
:1079C00091A70E3D2B7C103EAC368EBDCA19A63D4C
:1079D000BE2F313D22F0233DD485883E8D5307BD17
:1079E000F59040BC7D8FFE3DA0ED03BDF3F0283D3A
:1079F0004D3100BE1B6AAE3DA844AABDC28CD93D24
:107A0000713F813D650E753B8C06E93C00CD7BBB2B
:107A10008BC9323D2CD53BBD6952123D8A1D3FBDFD
:107A2000D6C225BEB6A0803DF781A2BD21B7D13D0B
:107A30009A2FA13D23B25A3D43E124BD26DA9FBED1
:107A400089C4B9BE613D00BEF67A06BEE0DE0D3ED9
:107A50000A9FAABD51F2E03DD25A97BD289D543CE1
:107A6000585D05BE423AA53D1642913CFB0B1B3DBD
:107A7000B19F89BD1B21A3BDD543503D952BD03D62
:107A8000933945BEA6420C3CF27CC0BCF1288A3D2D
:107A9000EF06F83D2E5C66BD2F50563C4030103C42
:107AA000167603BD751980BD43CDBB3D2765C1BDAD
:107AB00037FE803B400632BD8FB841BD80318CBE61
:107AC000CB5B64BD3168F83CADFC29BDE633A6BD97
:107AD000C6B5AD3D81A98FBB9906513E1C4785BEF9
:107AE00080173B3D8D0EA6BD32A5D73DF9B0443C75
:107AF0009F4BA7BC82CD503D8C2A76BD0AC735BDB1
:107B00002862E4BD7ED085BD3D905ABCCF4518BDEE
:107B1000B0E88FBCD128A7BD91E52D3DF7EDA9BDFB
:107B2000879DE8BD5D6A7BBCBE6E883DF537E7BBCF
:107B3000B41417BD3D6FC53D3817C4BD1BA079BE39
:107B400089E388BE6C56ACBD5D7709BE80FDF5BC8F
:107B50009664473D0122A23DB99226BED01F9ABB32
:107B6000BC09BFBDCE7EAA3EF8B33ABC68402A3DF0
:107B7000B1D9353DA64D323C1234B03D0C9D29BDE6
:107B8000ECA6573D4368BC3DFCE40ABEEFA1873D2F
:107B90009B9E653E3AC51BBDEE7FE4BDFA68C2BD43
:107BA000EBC354BC6CD899BC8C19103EB32A48BEA8
:107BB0001680AA3C3D9109BD51E020BD40119EBEFA
:107BC0006CEB24BB6844F23DD891433CA4B437BE6F
:107BD000E02252BDCE9DD73C5EF0783EE2EDA6BEDF
:107BE000994C96BDC7BAFABD75117ABD9BE7CC3DDD
:107BF000CAE8E0BD342CE9BDF3BD06BDA683C63D91
:107C000050F9B33BAD1EBC3DD59A963C1B1730BD19
:107C100005B2063E5F3867BD10BB2CBDE3B976BD2B
:107C2000F19101BE622595BC53FD24BD3150C53D87
:107C30002204993DE5CC84BDD3ECBABCEFBCCABEEE
:107C40004B4F9DBE49C7A2BCA83833BDA58196BC89
:107C50007341873DEC25623D36AD56BEB8E32F3DFE
:107C600023651DBD1611F03E92E043BC0CF90A3DA0
:107C7000920CAA3DF26A23BD8745003DAAC819BCF3
:107C8000DC26ACBD3CF2F63CF62398BEA20F43BA0C
:107C90004CAE6F3E38B6BD3DE21757BBFC5C523D63
:107CA000B26DE6BC1322623E0550C23DAAB14DBE84
:107CB0000F412EBDC9CFA9BDE4BFC93CD7A7A4BE03
:107CC000F1904C3D615BE53D6C3DA23B58798CBD2C
:107CD000062295BD9792CA3A5730D73EC766F4BE82
:107CE000FE701EBDED1194BD6A4789BD6857F6BD93
:107CF00097A564BEA4BAF3BD7B3AE5BDE19B9E3D6A
:107D00001D7469BD9AD7D9BD9BE3E0BCEF5884BD13
:107D1000B85C693E92D8413B37B031BCFAE4B13C23
:107D2000D7798D3EEE8328BDA56670BD829A32BD9F
:107D30007B4D8EBDB09A7BBD90C13BBD1F5BF13DBD
:107D400089AF11BC87708EBC7E3392BDF98D973D93
:107D50000CBC56BE156644BDC0F1103EB637C0BD62
:107D60007EA6A6BD776566BDE03D553DDC0F0D3DA9
:107D70008A14A9BD05C544BE77BF2ABCDC00903D6E
:107D800073196F3EFB841EBE7238793B2F154DBDB3
:107D9000728A543DC1EDD23C2371C1BA3C58063DB4
:107DA0007E7A15BEF08E81BDD2BC74BD0DF386BD4A
:107DB000982BA33DF47B94BCDA85223EBBD0C9BC92
:107DC0006D1AA6BDBF2208BD8870EABD8B4DC13DAE
:107DD000F9A618BD1AB655BDA796D7BC9465AF3D98
:107DE000F0A225BB00F4643CB3955EBC741AEA3C77
:107DF000FC7D8F3C64826B3DEBEBAEBCBD3EA6BD13
:107E0000B028E2BDFBA70FBDEBB71DBD3CFF8D3C0D
:107E1000A637743D39EF90BDC148DFBD79EEA93D6D
:107E2000AD21A53E3ADCECBBECC29D3D90AEC7BC9B
:107E3000509A68BCACB6B93DB98C49BE807A1FBDBA
:107E40008D581C3E93E440BD52088E3D0A6A8F3D1A
:107E5000C4A7FBBD1D9DEDBDEFD93A3DFECC50BD85
:107E6000F2DC42BD78D1E9BDD2BA123D067456BDEE
:107E7000088D053D542075BE4E7B80BD7A8D58BC63
:107E80003534AA3DC5744DBE7D640CBDC0B5153CEE
:107E90009F24BF3C240F153D1F334A3DC61A85BDA4
:107EA000BA2D4BBD9C7FFC3D2ED0D0BDB4DD993D9D
:107EB00045CE883DF71AF8BDFB6E57BD3F66E6BD5F
:107EC000E5D789BC28F2983D7B17B1BD8C6C51BDBC
:107ED000BCB283BD4C5C823D6B046B3DD0A6023DC1
:107EE00080CABE3D24E6983D06DB91BD6409F8BD1D
:107EF00052A4F53CFF1D96BB249827BD9A66F6BD9B
:107F0000CA8922BD057692BDB8A1C43D6E6BAE3D57
:107F1000246AA83D8747133EE94A143C58D9EA3CF5
:107F200004089B3ECBFA2F3DAA05123DBF90353D7C
:107F30004C43CBBD2F7DDB3C820212BD95CCDEBD18
:107F4000FC957B3EE70F4E3D9589ED3D552C17BDC9
:107F50007B17C5BD121490BD3720C0BCB8BA8F3D89
:107F60002B7187BDBDEB8BBD159AB03DA50A6DBCCD
:107F7000E74F66BC2AC52CBECDB97D3D1A5925BD3B
:107F800065C6643E56B72BBE8F0A8EBD3C8E8B3CB9
:107F90005291A73D983964BD6F93DEBC648599BC4E
:107FA0008C4422BEC348803E1EAEB73C9F186D3D38
:107FB000D5A23C3E79E1BE3DA15CB63D554B77BDB7
:107FC000D29E57BC3E88183DD09E12BE53A414BE0C
:107FD000E622E73C6E99493D6A77E93D1B0BCB3CB5
:107FE000610EE43D4A3F9D3CBE63A53D081831BE8D
:107FF0006B354CBDA34C203D6985E03C0CA455BEBF
:108000004CC0763DEF96F4BD67A9383E552A843DB5
:10801000EC58873D44C0853D9306C0BD050695BD1F
:1080200050D17C3EE1B586BC7452873C4ECCAEBC90
:10803000CEF084BD8672E03D5132E7BD02E3423CA2
:1080400015EF413EC43FC43DD1D2E13DA8C51DBEA0
:1080500063DBAABDFF0C5CBC5439603E59A7083CE9
:10806000F109973D1F7F13BE8168A5BDCF6007BE94
:108070004CB58D3D8EF87ABE9CEF3FBC04C29CBDD2
:10808000429F713E646963BEEBB10FBEF88397BD3A
:10809000B963473D090B8C3B0DC7F33D436C2FBDC6
:1080A00058BF02BEC5B8993DDD3B463D9B504D3D96
:1080B000EC82D43D251DB5BD0088C83C6691C53D08
:1080C0006D560B3B167ECB3D83E41CBE118212BE67
:1080D000D4E6D2BD8D0FA63D3E884DBD39A2AB3D45
:1080E0004BF44C3DDE533ABC5B7214BC1BE4FFBD49
:1080F00063366A3D3BA7093E95DE63BDFDB382BC96
:1081000032E830BC181EBABCC0912D3EFA0E333D89
:1081100009B4C43B873A593E33E06A3D5421C1BD9E
:108120004870A63EA97E5D3E4C29C8BCD22C14BD29
:10813000AE0DAA3DB743CB3D7A6620BEAC9D0B3C4D
:10814000FAB0903E16E2AE3CF7222C3EA511D3BD0C
:10815000C8C6B63DA8677FBDAE0F8F3E5135C0BDC6
:10816000EA72B6BC5C93893B6F3EBC3D7C7AA0BD95
:10817000FA775D3CB656FCBD4D59803DE240183D56
:1081800091EA833EB51300BE6149523DCF15D1BC83
:10819000D0B0E93DF36026BD4A90C33DFE9E00BDD0
:1081A0004C8DEDBDD4D5043E88ABAF3D48A0A63D77
:1081B0003DFB243DF69D7CBDD92B17BD8A56363E2E
:1081C000C4B64B3C96A15C3DBA3221BC521DC8BD21
:1081D00019DE033DFFC2DDBD61EC593ECD5B7D3E46
:1081E000FD8700BD5BB0653C84BB94BD0AD767BE0C
:1081F000BF4CFB3DE2BC433ED106FBBD58A79FBD33
:10820000A7676ABE36542A3EDED07FBA2297A13DC8
:10821000F4CC1DBECCAE863D58DA423D8EF1A4BDF5
:1082200025EA093E9980853DFD4F5B3C07550FBD12
:1082300099DE3DBEC64CBEBDBD79E6BC3C36D2BE65
:10824000F785A73D6A564FBE47859F3D5CB1963D79
:10825000D0F349BE0D0F29BE7B95DDBD0897A93D22
:108260005C0A58BC1ADBC3BD1C48973DF786F0BDBD
:10827000B7552EBED16E05BCCAC5853D4E17C73D4C
:108280008524E3BDA24E20BE9F34123E61A69CBC55
:1082900008C2E83C908489BD92E0F6BD77BD56BD2A
:1082A00063F6E7BC70278CBC7221903CC66A193C0F
:1082B000F0F673BE3AC903BE6508873DA35324BEDA
:1082C00098CB3D3D7E743ABD8CDED9BD14D25A3D6B
:1082D000370DBDBD3181DABDBAB995393F7BDBBD04
:1082E00020A173BDC7C380BDB2CBA03DD0C4923E18
:1082F0006CCF92BBF9914F3E4CD7DEBD608DCD3D2A
:1083000079158BBED3C6CF3DADF4CABB98DD273DF2
:1083100001A519BE5FA08D3D05AC863E7187873DE6
:108320000A11873DD07D19BCA47D293D71AD12BDD8
:10833000487586BEA797ABBD97B960BED4008CBE0A
:108340005C98FB3C1B3EABBCB38298BD7BCECF3D63
:108350001C95BF3D11B800BED95B053D9601873D18
:10836000AC85A6BDF4E8713D1598C2BDF07109BE9B
:10837000641813BF0657B03C7A4286BD1F86693E1B
:10838000BE8624BE033781BD9B57033DEAA2BC3D98
:108390003C25B6BB02B72BBE44EBA53DC47B93BDC9
:1083A000917DFEBC9EC2AA3D2B4A053D0FF2EBBD5E
:1083B00072E2EBBD36DC613CF6011D3DA439813D26
:1083C000D0EB933CA0491ABEE8A420BE5495B2BDA0
:1083D000A3A3BBBD6446A93D4FA0D93CE5420DBE59
:1083E000A165653C49AF58BC10069C3D864D993D42
:1083F000858900BD7B9A523EE0E118BE62DB2DBD4F
:1084000029E096BECF015A3E8FA383BD9B047ABB61
:108410007E5645BE3100B7BE822BC13DC2DF313D25
:10842000780CFA3D510E483DFCAD7CBDD77E1BBC9F
:10843000CB35D3BBA7D24D3CF23C593D78DE433E11
:108440009705A53DDFD91ABD38FB37BE5CBC5D3D45
:1084500059C30ABC5B9EDD3D4B4B8ABD6C6693BC29
:10846000E3D729BED33C1F3E10AA53BD57E2B4BC8C
:10847000A940B4BEADE675BE10B0C1BB27E4253E31
:1084800046CA41BEE7CC3D3EFBF01A3E9BBC35BD23
:10849000413DCEBC008EE2BDE467963D084E4BBC2C
:1084A000208AAC3CD1AC173D75D809BE63149BBD86
:1084B00005BD0FBEF161F5BCD00BA33DE6B2B9BD61
:1084C0001385A03CD7D9D3BD1E7FCFBDE977A93D89
:1084D00081250DBD57CBC83C72573D3DFFAC9FBDBC
:1084E0008E7C6F3DDE8FC3BD0251063D5AE32D3EAB
:1084F000FBBF88BE49C8223C21DABDBD29C446BDA8
:108500009D285BBE898F6B3DC19941BDCB4086BD27
:10851000701194BE38A98CBE5F6EEC3DC11A80BD4F
:1085200056457E3D3F786B3C601D503DFD00A53DAE
:108530005FA595BE973342BD130F3ABD23964E3EBD
:10854000858B6EBDF06683BDEACC2EBE495872BEE7
:10855000CEBD51BDC62B953D64C798BE008FCD3BA7
:1085600077A869BD30303E3EF5A49FBC178F73BD20
:10857000FA6176BEA66BB2BD6CFA40BD5ABA10BDA8
:10858000C79959BEE59C0E3EE996343E6461D6BC5F
:10859000AA8288BDA7A11CBEC8A58DBD730486BDD7
:1085A000A9F79F3D33EC083E93249FBDC394C53C7F
:1085B000C8A6963D11E0963DFD1E683E1BF784BEA1
:1085C000C9A9C73A728A31BE624E6EBEBA05793DFC
:1085D0003886903D83DB28BC3179BD3C5C6F90BC14
:1085E0000BE0A03DFA1B1B3D7CEDBFBD5ADB3B3EC3
:1085F00020025FBEB75A053DF387EC3CE6A8ED3D8F
:108600004D5D5BBEFE8E873EAEF933BD3AF9B9BD16
:10861000D64AAABEBD7A51BEA730383E2BBF83BD15
:108620001B7F09BE822393BD3D04263D7C675ABD56
:1086300063E4BABE634FDA3B2E761F3EA89C7F3EB2
:10864000717D2ABEEC1AB03CC37172BE5EEB0A3C6F
:10865000C8E0B73CCA40F43D34C5DABE2C1B413DEE
:10866000DA3375BE9E7C003E93564C3D90FC13BEA3
:108670006EE48EBEC0045FBE34F9993D7A1B793E2C
:108680007C34D0BD15EF943D4549583E66F4AE3C70
:10869000B0D8253D25E823BDF0E8C2BDF6AF83BDC7
:1086A000894DC5BD73E4B8BCA122B4BE81E06FBDE5
:1086B0009CC00FBCE67E543D5D8C6DBDF26CD0BDA0
:1086C000CE5FEB3C744F90BDF88CA1BE9BBF053EC6
:1086D0007D00EBBC22D1F03DDBBB313E57549FBD4A
:1086E000DDFB013D07C1BF3D2D5F8C3CFA16E7BBAA
:1086F00000D323BDEB7B52BDEB392CBE4373083E48
:10870000F8AABDBD20A8E2BC31296F3DD8C5A1BDE6
:10871000B10B44BEDCB2C53D30B333BE8CF87CBC7B
:10872000643E71BEF48C87BC4B46283D5C9DE43CA6
:108730009ED652BEEAEC95BDE937D7BD8A862D3D5F
:10874000B1CD0B3E581A73BC93F100BE9269DF3D68
:108750007AACA93D607D403E28666A3DA14E40BD91
:10876000C2404A3D3AF5CE3BB584ACBD56CABBBD0E
:1087700075CECFBDC54805BE7092763DCCB7D83C0E
:108780008FEE1BBDAA11EFBC5C12A3BD41F6E6BC87
:1087900041F5083E5D0B513D3F0374BDD05C503D3B
:1087A000FCB30C3EA3EA26BB0230023E467324BE55
:1087B000E8ED253E071D18BD2F17B3BDCE7C633DE8
:1087C0005925C8BD02F824BD90B06A3B4B1811BDB5
:1087D0004341913C2D967A3BD77041BEEAB3A83E07
:1087E000D0BA35BD5928223E2235923DC4FD6DBD1B
:1087F00095C05FBE6FFA0BBE4BD5413D6BA7FF3CEA
:10880000A37BD0BCF050ACBDA8F5753C0985F0BC8D
:108810006EFB493CA4D5903C0C50E7BD7627EA3B63
:10882000CB9965BEEB384FBDC849D03C894F40BDA0
:108830002890B9BD8B6F19BDF7AD233D4FBBDFBD90
:1088400037871B3E8BFD363D16CE57BB825FD03C33
:1088500048D3023EA2CCA43DB74798BDA30694BD21
:10886000971C3B3D93AE09BE1DFD543DC7E15EBC68
:10887000EA121BBE364D2CBDE96317BD5236E8BD6A
:10888000E55D3CBDA2A9043D9B479BBEC4872FBBB1
:108890002AB1E53CCF138B3D5250463CE8DB093D05
:1088A00030D798BB33E06EBD13709FBD89B2C9BD90
:1088B000EE1F3EBB1FE5153D5B1FB7BE757572BD54
:1088C0001789A4BC8F3C15BDB3B0F5BDFC6200BEDA
:1088D0004113B93B51F0D53C829CADBD222D1D3ECC
:1088E000F9208BBCDA28373D39EB49BD4F3755BDF0
:1088F000728805BE77FF2A3C8BC21B3D19EB5C3D9D
:1089000016F5E03C0110CDBDFAA9C6BD54F2F6BC87
:10891000442C8ABEB778E53BEF9900BE07495B3C23
:10892000F1B678BE40571FBE9E54B93D7D22453DED
:10893000E41361BECB1D96BBA8AB883E0AC13B3E8B
:10894000FC97F03D79DB053DB8E0703D6D85283D35
:10895000E91EA83DBE950F3E3F06023DEEA1363D05
:108960005328513D640836BE2E600F3D6766D3BA6A
:108970001B3CBF3DC9234E3DA1C94CBDB7BD9FBEE9
:1089800099AD0CBE9841D3BDD718BD3C4B3BBEBD85
:10899000BBAA26BD5C8622BCAF67403C4A8BABBD00
:1089A00052DF223E2A7382BE1C4BD6BE6F0C42BEE3
:1089B000FDBC9FBD60A5ED3C089511BE6BC238BDE6
:1089C000E9AB63BD8EF8A2BD6A2689BD0ED317BE82
:1089D0008143EE3C642ABBBD89F883BDAF51403E64
:1089E000D4FC893D00D5CDBDE9D7C93B2B88C23D1C
:1089F0004A1C4BBD3A6F633D65DD063D0671F53D92
:108A00002DF5013E9FFE2CBD04F0C13B1B76EDBC55
:108A100060C7EFBE13023EBEB95B91BEEA5532BDE0
:108A200035D947BDEFF4E1BDD295B1BCD7E07CBCF0
:108A3000FCE75ABE7B27A2BDACFDBD3E85B9DEBDBD
:108A4000A6BE8B3E320A6A3D6CCF733E381182BCA3
:108A50002BCE813B14C2FC3C0CB1A0BD6725B53CBC
:108A60003BE306BB404403BE4CFD94BDC3CDC4BD37
:108A70006713033E170D2C3E10EEB8BD90BB30BE01
:108A8000B3C15CBC3F0E2FBE31832BBE17A1ACBC63
:108A9000C13561BD39A3D23DE77412BE0C72E2BC90
:108AA000BE52173E3B7236BEBB7535BE934D09BEF6
:108AB0008C4ADB3C26E33A3D345BB1BDB0D290BD7D
:108AC00037E8C63B9DB6A0BDC8DDE2BCAA93ECBDAD
:108AD000AB535FBD01D4C5BC133475BC8C89053E56
:108AE000BECBA0BCCEEAEDBC438F03BC3D6B33BE16
:108AF0006016EBBD104C423E0D40A83DE470083EB0
:108B00008182463E1CD926BDA5C150BD7B1281BDC8
:108B10000221E4BE7E7D3EBE3337B8BE6049A13D32
:108B200001853A3E57CED5BC18CFBC3DF900173D64
:108B300000719DBEA23F1C3BF321C33D2F8829BE7F
:108B4000DE0F7B3E08166ABC7C79923E6686193E33
:108B50005DD4BABDC18F74BE26C481BC7F8F0D3D6C
:108B6000A7EF43BD557F25BEC44C3DBB3B40BDBDBB
:108B7000493DB03DECCD943D172295BD9D950ABF72
:108B8000E79538BEF1CD1CBE91D001BED95F9CBD2A
:108B90007FB38FBDCF13973C1A9752BD176166BD47
:108BA000BC437F3DE7F39ABDA73147BE936C22BD1E
:108BB000EA95C3BD6BA9AD3DB5AE8DBEED1F533D6E
:108BC00033C81D3B1DA6503C9A001BBE471D63BD0C
:108BD00034A482BDA2367ABD610DC43C969CA33DEF
:108BE000F6CF51BD09562BBE900D603C5A7592BE12
:108BF0006415383E6260993E5D11BBBAB683903B06
:108C00008CAC84BD60ED75BD33B9933DA5FA92BDC2
:108C10000BD9163E1719C03D293FC13D0287903C34
:108C200021AB763EDCB01ABEF189E3BC050266BD1D
:108C30005577EFBD2B7383BD34FA1EBED49AFE3D2B
:108C40008378243CCFB3ABBD60BF68BE55858D3EF5
:108C500047593E3E84D6123EB57723BD0D6A743C1B
:108C6000C608BABD47F006BE4343E13CC96F4EBDDE
:108C70008F4B84BEFA84403A2A1248BD7BC6B6BDEB
:108C80001A5E82BEAA00133DDA97D8BD36C79FBDD3
:108C9000C66EE83D8F08BC3CC533913DE3F04CBD4A
:108CA00025D9803D6E87853D42EEE4BD865676BE71
:108CB0001971C7BD285027BD604FC8BD5EF10D3E7C
:108CC000D9AE7E3DBA8CD83DBAC8DBBDDF63F63D78
:108CD000B5AD983DDBFFEB3D81B1AD3D44EA003ED3
:108CE00088434BBD91A7833EE39E28BD3EB56DBC36
:108CF00052DF05BEDDCE8ABEAF0C0EBE6565CA3D35
:108D0000355AE33B39BB23BE911C3C3DC8B6B1BDCF
:108D1000F671133D20CA94BC7B39C33DB50F053CA9
:108D2000A9DBE33DD1A62ABEF17DB53D4D951B3EA5
:108D300028760FBE2B3728BD01B672BDF16F2EBD50
:108D40003435BD3DFBBCBFBD7CF05CBD8DEF96BD39
:108D50003750833D4677E43D54F4EDBDBDE214BC8D
:108D6000CDE6CC3D1418D43CED80FDBCB43E133DA3
:108D7000A83A11BEF8361D3E2290FDB94B17A9BD89
:108D800076230BBE3424D33DABD3E7BD1FF8333C71
:108D9000F515A03D5DCD1E3D537B29BC08B5B93D01
:108DA00008D4433D4DADF63CEC812DBE8D9E39BEC1
:108DB00086E233BE7D74263D52F10BBE5336E83D4C
:108DC000889153BDCB06D0BDD39424BCCC1E433C6C
:108DD000057A17BDE5AC8EBC661F7E3DADB66EBC98
:108DE0000D5D74BBF733843E8DEAC93C7EAC8BBE0F
:108DF00031D9D3BD0EC758BE509549BEFFC0C63D40
:108E00004B6F5F3E5D2E8BBEEC2E113E77EE40BD6C
:108E1000B5C4DC3C6B64553D795C51BC0CF46B3CD7
:108E2000F86E80BD6AF228BE3D220ABD266147BBAE
:108E3000D346E1BD6309CB3DA0283DBD50C70ABE66
:108E4000BCA13A3EDCA1743D15F5863DA2E32FBDE1
:108E5000CEF800BDEE1DDBBCE3A2BDBDBC63B73DDB
:108E60004DACB5BD64118BBCE10B5ABD809C943DEB
:108E7000AA9083BD30DF563E89D9A33DCE176DBE83
:108E80006A274BBE69E28B3DBFD3FF3BBD76C9BCB1
:108E900058A286BB4341EEBB69BA693D74A5B1BD1A
:108EA000CAF0A83D949878BCCE65B5BE562FF1BDEA
:108EB000EA0242BD1F43C3BC7DF070BE6480CF3D5B
:108EC00025FE2D3D9D11A2BD4FDA103D757E43BD9F
:108ED000C78AB93B71945DBD3E15853EEAB226BE98
:108EE000F9748EBDF5409B3EA94A7F3DF4CAB0BEE1
:108EF000E49BD93DF14E07BEFC82AFBDD402D23C0B
:108F0000D0E9893E0B60E6BE397F7D3D628DA3BD11
:108F10007428803D075CE2BD59AE093E7406EABD87
:108F20001F966D3D9F20B83C9F4BA2BBD8612DBDC5
:108F3000D1AC523D80E7133DF6D7C3BCCFE9353DF8
:108F4000E1855E3E379F543CC483843DDA4C84BD4A
:108F500077D688BD07C322BE77B222BDA791B4BD24
:108F6000C5F757BD15F5873D0C049ABD1AD3FCBD56
:108F70007B92DFBCA0BC533E6EFAC2BC4E49ACBD76
:108F800072241EBEEFED95BD296E64BDAAADFD3CF9
:108F900008093EBDF2C57FBCFE751CBD0C76A63D22
:108FA000BAEAA33DC6439C3D9C5AC7BE174C14BEAB
:108FB0009057A93C0B7C8EBDE66B2DBEA19D1CBAC3
:108FC0000B061EBD8E4192BCE0F0943D5FDA693C19
:108FD0004F29C4BD2450F4BD9657483E5C5288BD0D
:108FE00083A36A3D0462853EBB052CBDFA4FFCBDE0
:108FF0004241973BB377563D2176893CE5902D3C25
:10900000D19D433EB98662BE7981313DCC23333D4B
:10901000D92783BDD08818BDA48BAA3DD05A61BD85
:10902000A2F2A43EAD371A3E854141390EC8813DBA
:10903000495FF73DF7F3113DAA3C153EF0B7C93D36
:109040004566CF3EDF158DBCC7C5783ED65B3FBDBC
:109050007E7239BD7A5078BED71F83BDB05151BDE5
:109060003E39D3BC3C5E733D993C95BD18E30E3947
:1090700085E58FBB72DABB3D0037463D65ABA4BDCD
:10908000A7CFC7BE0A0A2CBE8C7E843B0B74CB3C98
:10909000A67610BEDBB017BE30A46ABDAC75503DDD
:1090A00055A5AEBBE628B43EA030EFBEC890E73B66
:1090B0007B8F143B40C05A3D0B065F3D40F19C3D09
:1090C0006C0366BD89768ABDE853603CBA799FBD62
:1090D000801F693D9F97533CB2E7923EAE84CDBD61
:1090E000648641BD27AD5D3E71019BBD945B02BEB0
:1090F0003F18463E2F626E3EFE94CDBDDE26833C79
:1091000019B5ACBC3FB4093E059959BD3C7D18BDAD
:1091100020D1493C2736AB3DE41AC4BD649CF5BC64
:109120002886E8BD75975BBCBF5E403C6AC5933C32
:109130006206FEBD9604B0BD71BA9ABDA3E042BC02
:109140006DFFA93D920D01BD0C6DF1BC62188C3D07
:10915000BBE3293D774C60BDB0D1A53DC0DDC1BBAF
:1091600037D39F3DEDA7A6BCA5EB793C341F3FBD8F
:109170002D4358BD1D1B56BE065D06BD9F8517BEFF
:109180005F9251BE386BBB3C01DFCEBDAC4A2F3D78
:109190004910A53D4C58E43C7D7E20BD30CB74BCCD
:1091A000464BE73C2A5F5DBE749D3C3E8C9EEBBC0B
:1091B000EF5032BE1757F6BCC4F294BDE21996BC0C
:1091C0001E4E6BBD9B3906BCB004C43DF4D006BD39
:1091D000CEA3A43DD627E93C55042FBD86C935BE94
:1091E0004E6D1D3DBA7A87BEA1A9403DBE6D42BC01
:1091F000A7C2363E8266F4BD526E4B3D13F09ABC58
:109200003331C73CA796713EA6D11E3CAF16DBBCDE
:109210006827B93DB9BA083ED31B103DFCA596BDE1
:10922000651738BE551387BCFD5781BDDC6C683DA2
:10923000289CC6BD99073DBDB53BB93BA8CD66BED0
:10924000CF42573D2287F6BC8DC6863D9CC2EFBDFE
:10925000332EBE3CD6F9DBBC4E2772BD501FAA3B55
:109260003E8671BD952FD83DAEBFA13D52516F3D99
:109270008919313DECEB22BEB64567BD5EA5F53AD6
:10928000AA3839BE71C9C73BE99E18BE7A4BAEBD3C
:109290008A89063E3CC7883C4BEEB9BDE0B0C1BDF3
:1092A000F048C73BEA7F38BDA986923E9C66943B56
:1092B000A37809BEF87D8D3D73F994BEFEF240BEE1
:1092C00010BDF53D22AA893D5C7CB2BCDBB891BDE6
:1092D000CB489DBDE0E230BD7DD771BC4C1190BD47
:1092E000DA48B53B0BDD88BEAD9B4A3DB0D60ABE21
:1092F000BBDA563DD0DF14BC8D8FFF3D7F25433D4B
:10930000FFD6963D039D943E8C8C333C1B7BC5BDA4
:109310002C7320BEB8E6353E5E98E7BDB3D2803DE3
:10932000236C03BEDF4E67BDC1E7193D7540C63DE6
:109330008E4B04BB347DA0BC14348BBD17F06EBEC5
:10934000C2DD3EBDC794D0BD1D6783BD6487BFBD70
:1093500009F15EBDEF7F5BBB274B5C3C2C11783D78
:10936000AB92A53D2060673DFC8AEA3C315D383D0B
:109370007E24C2BDE013F5BD80C9FB3B7ABD253E0E
:10938000EBDB48BEAD5750BD281A5BBDD1EC31BDFB
:1093900028AC283B24D92C3C4615A8BB80F1323D93
:1093A00005AF003D1D600EBEC7669C3C876FC73C85
:1093B0008DA2293EE26068BDF4318EBD08A4A7BD30
:1093C000DEDE323D9B17DEBCBD671D3D4A9C24BDE1
:1093D000D0B99C3D653DFC3D057600BEC35297BDAE
:1093E000C8449ABD590A80BE1F3ABC3D2F46393E3B
:1093F0008581943CADEA633D85097B3DA1E1B73DA4
:109400009DE3403E496F883E4588F9BD95C49D3D2A
:109410003495EE3C1495D73C9FF758BD32FB29BCE0
:10942000D0459DBEA45EDD3935CF64BCB817823D02
:10943000B6F7E73A1B89883DBF420FBEE619A0BDCB
:10944000C956DA3D6EE0403D758AF33C8D6C18BE1E
:109450006E463ABE2BB005BEE263C93D9A52A43DAA
:10946000D1740D3D9E17C83DD772A33DF5ED4B3D20
:10947000E0E72DBD1DA78FBB730428BC538671BDCB
:10948000C7AC61BEF097F13ADE294EBC5C34AA3D10
:10949000C2F90CBE5EF10ABE2050813DC00FC13B37
:1094A000DC6F3E3EFF4E1FBDB7F87A3C2427B8BDA7
:1094B000C3FA7B3DFEF74C3D265C75BD5B2E34BE8A
:1094C000C7DB683B29BCDABDBB31E6BC082EB4BDA6
:1094D000C314613D0A1FAC3D9868BABA8DA49EBD05
:1094E00014B916BCADBA69BEF3B6D63A695DE8BC2C
:1094F0000DCB6BBDABADDABBDF3EAF3D9BEEB63CFB
:10950000916DDB3D5FDA993E929F60BD21F3A3BD73
:1095100045EE3FBE29CDC03B9D5C2FBEAA8C9D3D34
:109520004F04A1BE16DC2ABC6E0EC13D6A9AD23B26
:109530008A13813E04D023BDAF2085BE077629BEA5
:109540003BF3C7BD2F53133E07AE6CBD618C25BEE8
:10955000BDCE97BE345F163DB8B9BB3D8056D63CF4
:1095600087CC583E02D525BE904DA33DCAC3D83DF9
:109570005A2FD7BD8C45A73CF19200BCC9F2A0BDC3
:1095800083D524BE5A78A63DFA02B9BD72761EBDB7
:10959000C6D8B1BE8D9FDABDE637363D2036203DB8
:1095A000A59F8B3EF0EF8BBE11C7353CF328ACBDB9
:1095B0005DF9FC3D140EEFBD52B31F3D9E5C90BEA5
:1095C000D7C19EBD73FAD6BD98BF163ED8C719BE87
:1095D00098E07F3BBE82133EAA5518BE8C4D07BE55
:1095E00059A7933DCEF3CDBEF6437EBDD6AFDCBDCD
:1095F0005702943D3C6C9DBC783835BD3D4EC9B991
:10960000A60CBF3D0567A2BEC0684ABD24ED8C3DD7
:109610009AEF103DD059A9BB08C503BE355FEF3D99
:109620002A17003ED57E1ABE4D03633C706A403B4C
:109630008236C6BDD7699ABD4ED081BE30401FBEAE
:10964000263AB3BD4BB08DBD53F8DD3D7CB492BC22
:10965000E94FFD3A54BEFCBD6B31E1BD50298FBCD2
:109660007C5A983D278516BECA2A993DD1CB1CBB92
:109670007413933D94F509BED8CA133DC4A85ABECD
:10968000FBD2D3BDD2D707BB34A74C3DD12D143D5F
:10969000F9DC72BB1DC153BCE23D03BD8035CA3A43
:1096A000184CB13D96B2353E2D176EBEB9BE91BD78
:1096B00053D23ABE77007FBD0AF2DBBD945535BD6B
:1096C0004B93DBBC6535CFBC10778B3C34FE94BC30
:1096D000A513613DAD7C2B3D1A3BEDBD27290BBD8C
:1096E000B934F1BC3ED49B3DAADC0F38DA68F4BC37
:1096F000B54822BE07ABA93D6B8FCDBD814A2C3D3D
:1097000028E8653D29CC27BEA5B689B9B444333DC8
:10971000FD20173D9CF6F0BD93EBA5BDB1D8073EEB
:10972000920A823E7B6608BE0D5A11BDC891993DD2
:1097300011B528BED3561CBC14F453BEC452543EBB
:10974000F996B3BC6FB39BBD16B2DB3D6A1033BE56
:109750005F22CD3DE0D21F3BF00747BE6C52A83CD4
:10976000E6F49C3D102381BDCD6BC43D6092233D4A
:109770006C79C73CD55847BE201E0D3C49966BBE40
:10978000965019BE84C676BD0799863DEEF4AC3D71
:109790001303CEBD85AA3CBD0D180CBEECAFE53C55
:1097A0006D99A53D6B27663E22C1A63D3DD9E4BD1E
:1097B000980ED83BABDB443C0C1C063D541DF73CDB
:1097C000197F90BDC5DFCFBDA094E7BD230EE93D55
:1097D000AACB85BAA6A8193C4B789EBDD2F49E3D73
:1097E000FE231C3D3B80473EABB12BBD48C0F2BCC5
:1097F0002E8E6DBE1A0F77BCE5A7FDBD6100623DE0
:1098000037AC323E03AFA9BDFFDA44BDE214BC3D24
:10981000D29EFB3CD9D7E3BD1419ACBDF8E9DDBC41
:109820000F5F9C3E11FF8B3CDB1AD0BCCE5B2D3D05
:1098300004BC95BEFED1AEBD205895BE7804A9BD2E
:10984000DF2498BC52EAC4BD46E3923DC65EDFBD4C
:10985000E074213D9748A7BC8B3E95BE663EBA3D5D
:10986000B256AB3BF44A413DE0EE6EBD76EC473C70
:10987000C9558C3CB3B31EBE08239C3C54222CBD5E
:1098800034203A3C492199BD0102AE3DFF58DB3BF3
:109890003E6F8EBC378058BD35481FBEE6B79CBDB5
:1098A000B3747B3DF84F8D3E8B3DD9BC27D627BD89
:1098B000F1089EBD2678673D8876CF3C9B3CCD3D28
:1098C00059A17FBDF2AD1FBD3615CDBD91765C3D72
:1098D000E97AE5BC709DB23D94B6013C103E9FBD57
:1098E000951E9DBD9EFE293EC7899ABDB35AD7BB22
:1098F000409C03BE95DEA8BD4ABA32BE27BECCBC92
:10990000BA24AB3DA2C56ABDE188E13D0882B4BD81
:10991000A765D23DD9010DBDD69C5DBD955F003DCB
:10992000A602CB3D7A20FABC720E793DA41BBBBDCA
:1099300023EED0BEC460983B4F4787BE16B2813E2F
:109940007539B3BDDF340F3E1C40663CF67159BD1E
:109950006EC6963DEA186C3D63E1B3BD08D3BCBD4D
:109960003EE656BD57BBD4BD138170BD676405BECE
:10997000B9AED3BBA68250BEFCEBE03C0162193EFF
:1099800083B37F3E87C37ABE7CC40E3EFADECE3CF4
:10999000C575BB3CA2DD89BD165D0FBE7CA3873DAE
:1099A000F7BA7ABD107B6D3E751E513CACA5CABDA1
:1099B000F8AB66BC2C336EBE52DFF43D7E010D3E2B
:1099C0003046C73DEBEA9EBD4E09D3BDE095E53D6F
:1099D000D90CADBCBCA8BBBCB1A82F3D238D783C35
:1099E000800D06BD74B88E3E17B7EBBCDAEB4EBBEC
:1099F0001157CFBD33A8493C3BCDB0BDA6F78CBDB8
:109A000045A6DE3D38F2253EEA92D93DD1A498BD67
:109A1000F7B0F43D0903C8BD6C4697BC36D8A53DE8
:109A20007CA1973ED0A6843D3952973D3CF18DBD37
:109A3000C01B96BE027604BDC064AEBED3E3BC3E7E
:109A40007F5DFBBDF5D3AF3D6F118E3CCBF4EE3B9C
:109A50000F9C8D3EBF9EA93ACE8FA1BD2C74AE3D0A
:109A60008E6F0B3EA63945BD616091BDACDEE2BD97
:109A7000255495BC8B5DD2BDA033A5BB71DCDD3B0D
:109A8000D22BA23EB8B694BE283C5E3EDFA4993DE0
:109A900007C396BC668E5B3DAB2B2BBE6076F63C57
:109AA00005F907BDD333793EDBEC2DBECD05963EDF
:109AB0000C94C93C734A6FBC600FA43DA3C0753EB3
:109AC0005C7CE1BC3AF367BD8FB83BBE83097E3E48
:109AD0007492B5BCB15D243D1F57C63E36E7223DAA
:109AE0002699923DF6249C3ED8F0A6BC2510E23D76
:109AF000C352FDBB51FDC13B0447503D3940F03DD1
:109B0000A5E10C3DADDB21BE55EE073D7B39513C57
:109B100059D867BDA7A1B83C407B813D0128A93C2D
:109B200071DA8C3E03792B3DC2A2883DC231EA3CFA
:109B30003CA61D3D86441B3DA061853DB43F113EC2
:109B40009AFE073D6A8EAEBDFE1FE3BA7BE004BD00
:109B50002FF51FBBBBD8CEBD46B1013ED669653DD2
:109B600017E0D43C79B412BD956B103DEC51053D26
:109B70004BE8C7BDFA713ABE5618B4BCDE7FD7BDFC
:109B80002CE7DCBD585835BE08B053BCBA2DA23BFB
:109B9000A74C613C13E8CBBDA3557EBA4053F53CBE
:109BA000AD00C6BBD95B943ECD3F21BEECCE8FBD90
:109BB000D7E8163BBA42A5BCB4B6AA3CA0303BBC21
:109BC000AF66053DA15636BBFF13BEBD34A41CBD18
:109BD000338A60BD4A928B3CFB2B07BE0843B93DDC
:109BE0003240A8BD1C81933D25B794BD39678EBD19
:109BF000CB8B0D3E3039FC3DC094B13C8CE222BD94
:109C000003ED1F3D89A4FBBD3E5691BD4C6C813CCC
:109C1000BB6FB3BDAD1D84BD3E1AA2BC2E98B63D30
:109C20002032513E5645693D162A813D588BA6BDCE
:109C3000201F2BBD2F038FBD6322ACBDFE1EE43C55
:109C4000A19047BD91900CBE979619BE31B2793D57
:109C5000D41C0EBD41EEA0BDDF0FF63D8BC8433CCA
:109C60005F9509BCDD329DBD180B62BDBF7CF4BDA4
:109C700009E64FBE150A6CBE450BC4BDEB6EB3BB07
:109C8000831F1D3D7D3292BE173C7BBC4D1465BCCD
:109C9000A79F34BBEC45363D601E983C1C0CBFBDF5
:109CA0000307393D09D8433EDB1BB1BE763859BDA9
:109CB000F95CE53DC01299BC34818D3C6F1BCBBA79
:109CC000AB4BFA39E0302B3DF8F778BD92C75ABD5F
:109CD00009EDD3BC9813C3BAC4CA9FBD5610523DF8
:109CE0002868063D1960D33CF46490BDB09974BDFA
:109CF0003CBE9D3D54A85F3D9B68163CA0FFA9BD9E
:109D00009409823DFCB024BE3F159C3D1CDCECBC9C
:109D10000940A3BDABC3043C1927E13BD1ADC23C14
:109D2000D2B9AA3EF651073CF94F85BDD764A2BC13
:109D300046B7A3BD1BAC23BCCCAB1ABEB0C335BD6C
:109D40001CE8BE3D1709A4BE816101BE9CDC04BDB8
:109D5000BE78AFBC40530ABEC509393E0BA8863D4C
:109D6000D070D43C88AEEFBCBA46303D80457FBD54
:109D700093E6DCBD04E287BE183181BDEB0D803D6A
:109D80003B2878BCFCB18EBE227E2A3D17FD373DB4
:109D9000C2C9073D8E09C5BC2AE0E5BC692EB3BD2A
:109DA000E8FBA63D4519D53D950F81BE65D11B3D0C
:109DB000AE82033E67FE18BD18709DBCFA596D3D1A
:109DC00021527EBD085C3B3DAA75EFBD19D92F3DE0
:109DD00024B9903C8D7B57BE1A20D13D8C866D3DB9
:109DE000AD1AD13D3EB9473D3E1AF7BC8799CE3DED
:109DF00070A14E3CC88E443D8F6B903C03D652BE42
:109E0000C407903D1594D1BDDA9A543D1231943C6B
:109E100067B33B3D5FEF473B9142D23DD972D2BD24
:109E200004E4803E7E01F9BD207686BDB6AE503C8E
:109E3000C4BE3BBE420EDBBB6054A0BD2862573E91
:109E400057A5A03DB30494BEF867C4BD59DA8E3C53
:109E5000B8F0E83DDD2B09BE940FC93D147FB4BDB9
:109E60003F87B53C6E7C503D466DB9BD554B71BAD0
:109E7000874B14BE36F29ABDFE61B8BD4D02A3BD3C
:109E8000C6A0DBBBC96181BDA09B0C3E2E3D40BD81
:109E90007225833D9ACC973CA489423D6A0D8B3C48
:109EA0009187B1BDA443E23D526C24BE06C214BCEE
:109EB0007583113E8A11763B99F1DC3D59F3793E69
:109EC0002C493C3C9FFFDCBC5BB2FCBC8F17BF3D08
:109ED000CCA848BDE17AC3BD3F97B83D8AEA033EAE
:109EE000505C883D631DB43D84BC73BC133B453E50
:109EF000A843193EC2504B3EF343ADBD04E68BBDB3
:109F000030C8C2BC731B933DBD4198BDC592D4BC43
:109F100043ADC9BD3CFE9FBD67EE233ED3242F3B1E
:109F20001366843E217201BD1575F8BCCC6CBF3C34
:109F3000C2DE36BE628D633D23570BBE660F2F3ED9
:109F40000CB045BC934653BEC14D173DC1B97CBD55
:109F50009908753EB61E203DEBD3C03DCC8B103D1D
:109F60000A732DBDE1A1A1BD309811BD4992B5BDC7
:109F700090295BBD3553D0BD5BA5583D07006A3DB8
:109F800027C8BB3C295B1FBE222B043E57CFD63CC3
:109F9000A0C8913DF6D7053DCBCBEFBDEF5E143C9D
:109FA00008C555BEA0013E3E63EDAA3DDFACAA3D0B
:109FB00096F6713E35DB383D75FF3F3EF785BB3E7B
:109FC00015BCF9BD88C2083E975719BDCA12CA3DD3
:109FD0009DE5BDBD55A84D3CC4574F3ED4C1CC3DB9
:109FE00004B4093DDC03B93D55BA123D768D0B3DF5
:109FF00060C5153EE7BD533E4779673CFED982BE3A
:10A0000037A0833D8EE63B3E48334EBD9F409FBC0C
:10A01000EAFF44BB8568053C8AA8093E4BC72ABDB8
:10A02000C40EE0BD43B3213D0CCE323D4D5FE8BDD3
:10A03000177202BE85393F3D99174F3D399D893DC5
:10A04000877A823DB84C21BD090CB1BD6EFB24BDA1
:10A050008FB3B3BDBFDB39BD1B96283E9A9A203D16
:10A0600024ADE7BD2CB0FF3D1E75BFBD2894F7BCE5
:10A070001783BEBD14328DBD22798B3DF00D42BDDC
:10A080009ECED2BDA945FDBD565DF13DBD6FEE3CF6
:10A090003703A8BD2C22BFBBB8DA883C85093ABD7E
:10A0A0000D97F9BDF82E9ABBC4CA93BEE1C7343DE3
:10A0B000150B5C3D1FE2B7BA7495F3BCC4A68BBD0B
:10A0C0004FEEE9BDA743FA3CFCA79F3DB5DEC4BDFA
:10A0D00019DF9C3DD9EECFBD515693BDC0657CBD07
:10A0E00013BEDFBC9890973C23D41A3DB4E4713C76
:10A0F000D70F1CBDE41913BD9EA7BB3D6A8F873DDA
:10A100004886C93D22A3163E9A76ED3C251A16BD17
:10A11000068145BD09E705BE6E5EB93D52FA513C68
:10A120009740CBBD6C37D43CD59685BD40CB0C3D1C
:10A13000DA053F3D480448BD8BB0C6BBC12FFABC11
:10A140008BD18039A5C7853D4AA95BBEE4C91ABE3B
:10A15000227702BC55B21ABDC9EAB23E90CCB03DDE
:10A1600013A200BEBCE12D3E2EDDE43D215901BD10
:10A17000002FAEBE1D84503D6B62A53D91FAD03DCF
:10A180001E8F74BD7D392EBEDE68813DFAC7C23C8C
:10A190003D4693BD944A6BBD8ABAC63D10E4D9BB17
:10A1A0002B7E943D8A409DBC6ACAC6BDFB59193CB2
:10A1B000C996A6BB770541BE3E9913BD8D763FBDBE
:10A1C0007C43DBBD9380C7BDDA2384BD827A81BE28
:10A1D0007938603C9E8E3DBD91C323BEA1F148BD40
:10A1E00083699B3D937D0EBE91EA9CBD88670DBD42
:10A1F000F46813BC2BAE8CBD766F533CC564A93D8F
:10A2000003CDA6BDF7F7C53DA4B27B3D003CBE3CE7
:10A21000426E29BE2F9890BD7BE9043E8FD37FBC50
:10A22000EAA033BE16C48B3DBF15CEBD937112BDDF
:10A23000EDF2E0BCC1D702BC90EB02BECDEDB03C6C
:10A24000462E71BD0F7592BCAAA609BEA8155ABCB0
:10A250004E23B2BDA829C4BD7AC76E3E704EB8BDAC
:10A2600045C38CBCB89BF13D3B4C84BCE0998E3B14
:10A27000DEAFAEBEA05A9D3D677AB1BD7BA9263E3A
:10A28000AE203ABEFFED4EBCCDF6223D556C723D80
:10A290004FA8E4BDB78127BE061C853CF064933C03
:10A2A000DB809F3D04EA09BE22EA00BE727A23BD2C
:10A2B00083E794BD5962B7BD1311193ECC0609BEA0
:10A2C0005C4603BE40695EBED85D333D46DBE7BEFB
:10A2D0008C5ADBBC9F6FCA3D0FEBC3BEF0C7813CFD
:10A2E000A33C413CC02042BEBBCFF6BD7F43DB3D1B
:10A2F00093EFA4BC1D8A46BD9CBEF73C8F3B173E26
:10A30000DD6E90BDE1F83A3BACF280BC9ECC81BDE5
:10A31000F56D68BE9088A6BEBB0C053DFA2CEDBC61
:10A32000D2CCD2BD553841BB53491D3C45790C3D7B
:10A3300083F1503D9A2B15BD9529B7BED5DE933DCF
:10A34000B64F03BD7C8C7F3DC221B7BB10F6AA3D42
:10A35000780EBCBB362A95BCC929983D0193C23DF5
:10A36000689EA1BDD9B03B3EABE4843DDF3755BC10
:10A370001ECEA0BE8BFCDA3DED90D83C455C913EF4
:10A38000867E92BDD16AA2BDF9222E3ECFBD9ABD76
:10A39000D898E6B975F9DABD04D3873D23C9B53D30
:10A3A000F41FE03DEA25EFBDD2DD11BE79C825BE20
:10A3B000C37BD53C09E936BE134E203ED54269BD6C
:10A3C00021767EB97A7B42BE14E9C3BBDCE6A5BE2A
:10A3D0009F6E163D065C083DE5D3A9BEA0DC573C48
:10A3E00036AA9D3D1CC69BBD6AA04DBD5347F3B91F
:10A3F0002F275FBCD111EF3CBE042C3D68CC823DC1
:10A400009196ABBE983C363D96031F3D0A8B823D2C
:10A41000F5BE6DBEC9C4EFBED0C034BD706063BDB3
:10A42000D7A72FBC0F1A67BD82349EBDFE9B2DBDE2
:10A43000A6BF893D2E6F50BCCDDAD2BD47B3B8BDA3
:10A44000621409BD532DD43D31351ABE4285193DE4
:10A45000C87ECBBD4670803D80D4AEBCD45C6C3D24
:10A46000378D0CBDD25A403E5C445F3D0D41443DAA
:10A470009BBA01BEFC544ABDCDF321BD0342473E09
:10A48000B20F41BE6B15023D5164143E9DAD063CBA
:10A49000E9210EBE061891BD02CFAC3BE4672EBD8C
:10A4A000C961AB3D0343F4BE529D833DA37028BEFA
:10A4B00023B5C7BDA5D645BE5552C33DA924B8BDD9
:10A4C0001F9828BE450FCBBD9E8565BDDE3BC4BE33
:10A4D0006B253DBD4BDA103E53A99EBEDD19F6BD7E
:10A4E0009691E4BB378F46BE7B612BBD1EC06A3E92
:10A4F00028AD7A3DFB5D813AA4F39BBDFDEA8D3E1C
:10A500000EB1D1BD794F353D252E7E3DCD6511BCB7
:10A510009C98503DBEAC99BDDFC1A5BD095415BD89
:10A520005CA674BDF869563CA434ECBD601EB13D18
:10A5300016E1C7BD83AEA93D68DFA53D2B4AC73DE7
:10A54000DF2F333DC616693C0377C3BDE04DC03CE9
:10A55000B00FAC3D2FAF603C73E8EABB141E683D02
:10A56000CB506CBCAA350F3EDF26B43C552F95BDB1
:10A57000A7387CBDEA77EDB90B5BB3BDEDA661BC36
:10A580005CB5BD3D6B573FBD6D185B3DDBCB953D6D
:10A59000D6D1853DF3F7983D1C262EBDC2EE853DF4
:10A5A0009E8139BDC9AC1ABD7AB1CD3C7CC690BD87
:10A5B00005D6883B934E2FBDF2C9FA3C84EF633B2E
:10A5C000C64D8EBDF0BA883D2B097A3CE38BD43B57
:10A5D000B0D749BDB36757BDBE6D00BEB38B7B3BE3
:10A5E000EC9A34BCCD82CFBD206CC8BB5F8126BD48
:10A5F000571C2EBD9920F3BCC90393BC46945DBD86
:10A60000EDC74FBD6D0CC1BD14C668BD98005D3C63
:10A61000FE151D3D74A4BD3C0A04ADBD2DA241BD77
:10A62000279E733B324ABABD7D07E3BBB28CAEBCFA
:10A630003E0088BDCB661BBD76435D3DF7533BBDF9
:10A640006AFFBDBD8B588EBD66B9F03C87CDCEBDCF
:10A65000B7A99D3D0A69293D1873483C142CB3BC29
:10A66000E651113DBDF56A3D6E4B0DBD8D1B45BDDF
:10A67000DF50723D971BE03C01A60FBD1B3F5DBD47
:10A68000AE20AB3BA2045FBD95C3FABD5E0142BDE7
:10A69000750FE6BD8D4FFB3C1493C0BC88796C3CB4
:10A6A000F7F9D1BCAC0BA63DD5023DBD16F6B7BC43
:10A6B0000AA531BD1F55E8BD3C384BBC1C6529BD02
:10A6C0007C3101BCBB0F91BCEA53693C840FA4BC34
:10A6D000E2AFBC3D87D181BD58B99EBDB5AC3E3D12
:10A6E0002FD2343D4FFACCBD4A9BA53D013494BDD9
:10A6F000158607BEAB83EB3CD4296CBDABECEABD41
:10A700001E3A9F3AE9F0AEBD72FE97BD7B5F283DD1
:10A7100064A9AFBD9DB77DBD46DCEBBBE0A1293C84
:10A72000F0F80B3D851A8B3C23908A3D020A94BDBC
:10A73000359993BD8121BD3D7CAEC53DCC5DB93D14
:10A740005172153D57E5C9BD6086CF3C7EA0B83C2F
:10A75000C4437ABD820A593D269BD93CC86E363D1A
:10A76000AAAD55BD7F15833DFD8B143D4F62B6BC30
:10A770007BF1F3BD28B27ABD9C0910BDBCD4B33DBA
:10A78000E09CADBDCD994BBD403F8F3CFB139C3D44
:10A79000D8F9D3BDB355CFBC5A66773D6C2D953DE6
:10A7A0006C4120BD794CF6BC7AE6C63C6ACAF93CDD
:10A7B0001114B4BD68EB4B3DCA7FCBBDE8CD953DD0
:10A7C000F2421FBDE25092BD9C3287BC81551ABC3B
:10A7D0009C5C833CC4860F3D55235A3ABE77BABB76
:10A7E000F2D529BB2936F23C7AB9953D8D1C853CC2
:10A7F000588821BCE549503D18FB42BD61F431BD8C
:10A800002AAD873A829A063D573FBC3C9730ADBC93
:10A81000A69C1CBBD1C6C0BD45AE98BDA2FCD1BC98
:10A8200048A7F5BD1070CABD4DAF98BD727D863D7D
:10A83000343193BB605C68BDFC75843D0F982C3D42
:10A8400091B9F83C7F59B0BD88E7973CB23785BDD8
:10A85000F215243D714EA9BD35566C3DE829BA3D2F
:10A86000F9EDA2BC475A2F3D20E4BEBBF1798B3DE8
:10A87000D87000BD2BF840BDECB77A3D9999A1BDC9
:10A88000BA97D03C7FAF22BDD47D11BA3987B4BC12
:10A890001A13B2BC40F5CCBC88CDAB3DFC029ABDCE
:10A8A0009F36CCBD7093043D456AF2BB43FF70BD3B
:10A8B0008250913B7D98F6BB206A313D62D07E3C50
:10A8C000A0BD163DA1C85C3DC911663D5CC8313DC7
:10A8D000124F9F3D1B7D61BD98461D3DD79195BD93
:10A8E000FA8EB5BD74B79FBC345ADABC2443BFBCE2
:10A8F000FD9087BDCA39BC3CE17214BBAD5F9ABD07
:10A90000A7CFF8BD195A743D06A6623BE20A7A3C0D
:10A91000E6228CBC6F40E4BD59E18A3C3B26BABDBF
:10A9200092120FBDEB1A563D69EFBB3A1C36C3BD00
:10A930001CC264BDE113A5BD6F4495BDEE631CBD93
:10A94000E79A5E3DD0FA26BDB5C596BD8B30023C78
:10A95000F105363BE76BACBD8B7B043D248B393D69
:10A960006743773B80E6143DAABAE2BC6CD62F3D24
:10A970007DA68ABD7A7D02BCDD8759BDFB772B3D64
:10A980000A794B3D632531BD8ADF78BD8B437DBDA0
:10A99000DFFEECBD85AD863DD9CB8D3D70BF6A3CF9
:10A9A0005B6E2BBD036A3EBD6B5E043AF4DD2FBDCA
:10A9B0009905143D3405853D8B50A0BC02EBFC3B52
:10A9C00085C2D6BD5B01ECBD8F8EC93DBD3718BCBD
:10A9D0004C5670BD1A51E0BD02715C3D0A9C723D3F
:10A9E000103CE1BC1663E0BD7E74A3BC420CE03DAC
:10A9F000A1ACC2BC2EB83EBD2DFED8BC468D6A3B74
:10AA0000DBA24FBEF468423D7490A33CB328873D5F
:10AA1000065191BE43CE023EE0D6A53DBCFFC8BD67
:10AA20000FE659BE69772DBE61D9253C91BAD43C59
:10AA3000AA1987BD6099BABD5C52223D438831BDD9
:10AA4000646147BDFC08863D7F9E8B3DAFF99FBD8D
:10AA500046227A3C9772583D86642C3E102F8BBD5F
:10AA60000CB83F3C0AF2753CFCA48C3C51D45ABD56
:10AA7000FB5646BEBE13A7BDCEF3AE3D38D5873CD0
:10AA80004A94DEBEE5C0293E935B8EBD35C420BC32
:10AA90003146853B9727E0BC92110B3B62D7673D5F
:10AAA0007A10FB3CCA847CBE93EAF33CB39752BE57
:10AAB000337C233D9A7A4D3D3B07ADBDA0DD56BEAC
:10AAC0005E6CD9BD418EDE3ACA302FBBD43257BE40
:10AAD000787FADBD6B1238BEEF47E9BD8FC5AD3D88
:10AAE000A0E4373DD6B926BEB3AD1BBE65C8F63D62
:10AAF0005F70EB3D4FDABDBB24B50E3EDF9C943C4E
:10AB00006CED86BD79C89E3DA2B518BEB609943DD0
:10AB10000C7EFABC47AD103EB41B953D075B66BD8D
:10AB2000418D20BE91B6BDBD052D57BD989DBBBDC5
:10AB3000E376B43DD295573D063BBABDBB1BB5BDD0
:10AB400059DB8F3D409E713B145648BDFBE9DB3C11
:10AB5000F9207A3DADC0D8BD9949213E8AC99E3DB4
:10AB6000774080BCCFB326BDD4533FBDC5C4C4BB62
:10AB70005B8915BE2A4B9EBDE338673DFB7A0FBE4D
:10AB80001373A6BEACCAD13C0240AE3C909A913D34
:10AB900090DD0BBED2711CBDB6056A3D738989BDBF
:10ABA000AD25393E47AF05BE0A4FA3BD50485BBE39
:10ABB000F2F32D3EE5519D3C27EDE43CBAA719BDCB
:10ABC000AE68A3BD8E73143DC257793CC1C0B1BD00
:10ABD00066BBB9BDF354513DF0EA5EBEA6DA403E15
:10ABE000C8C3C83DE88DB1BE4A4A0EBE997D233E1A
:10ABF0009919C73DD9DB8E3D799EC53D2D57293E1C
:10AC000050AC8C3C3F3AC13D6A9568BD9B16A9BDCE
:10AC10006CB5473D9ED241BC5EA5B1BDDB2E933DD8
:10AC2000EDA75ABE7EADB8BD59432E3DF554823ACC
:10AC30004CF839BCF4904D3DBD82ACBD2E891FBE91
:10AC4000AFBAC73DD7C1E2BC8D3F193EDC94A93DE8
:10AC5000E6CB03BED9311ABCD818153DE24EA63D4D
:10AC60006739683CCC3C383ED886503DB255B6BDBD
:10AC70007C7EC8BD3082B2BC9CBBCEBC70FABFBD6E
:10AC8000A0D495BE8CB1DD3D23558C3CC96FB13B42
:10AC90001273BABDB7A692BDC52D20BC9228053D42
:10ACA000DF4A093E57521FBE636081BD4C56D3BD7B
:10ACB000F709DD3DD1884DBD495FB43DA49F4ABE33
:10ACC0001D3DBC3D477707BE840AA13DEF06A7BDE9
:10ACD000A659C6BD4B0F443DD76B38BE9336B03D29
:10ACE00040F7733D9EEA89BE472498BD00E1433D8D
:10ACF000A8F68ABCEB1EAA3D393949BDD67F9D3DD9
:10AD0000AD07F83D626C603E94EB76BDE01927BD5F
:10AD10007E558CBE9200CEBD0F0BEFBDD127E73C18
:10AD200055098CBEC33BFFBCD2C2CE3DA063473C9D
:10AD30000D41BF3DE137A2BDC350BCBED54C913DD6
:10AD4000EF82B0BC3360D03DAC2CC13C4C2A18BC67
:10AD50005960E6BD775BDCBDB686EF3DB8CB253DDF
:10AD60005E893ABD6B0CDE3CD9A5E2BD6BE00DBE41
:10AD7000450A67BDC29C88BD5AEA533DB8C0873DAD
:10AD80005C88BFBE51F5813D1EB1053ED4A0B2BD69
:10AD9000D8658BBEC4EBA6BDAC5AFEBB9F05A93DD2
:10ADA0009145413D537C5DBEBC20053E7BF7FBBD1C
:10ADB0000E78533E7C1C1EBEF76D003EBC6359BE30
:10ADC000F7A83F3D003FBDBD4FDC333D5A7988BEFB
:10ADD00010B2553D060B8C3D1B73F3BD4E8E043DEA
:10ADE0009CF492BD2C09BABEF92B0ABD057B0D3E21
:10ADF00057DECD3DFAAA0ABC4FD58F3D0B816F3E81
:10AE00007B4C403E8DB5723EF57856BE9675B4BD0E
:10AE10004C0440BE29CFD7BDE50D5EBE477DE0BCEA
:10AE20004C3D9DBE240D1CBDFD77AB3CF1AE7DBB02
:10AE3000E4F13C3DCD6520BCF09A3BBE8AE1BDBD4E
:10AE4000712A89BDDE88D5BBE2D3213E28E006BE4B
:10AE5000537E50BE5F161CBE24317D3D8E7ABEBD32
:10AE60005692D3BCC9C996BDB090EA3A702C0FBEB9
:10AE70004A43C0BDB0355C3CABE7803CE265DD3B9E
:10AE80003D62BBBEC1AFB9BC157C2EBE6120893D01
:10AE9000E378D9BE84E18CBDE0AE9ABD832C89BD38
:10AEA000EDA9233E78BFB8BE1889C4BCE8ED25BE25
:10AEB0001AD38C3DBF4966BE1BD50CBEAAC03CBE92
:10AEC000DA237CBDE9B10EBEE39C70BDD33700BE72
:10AED00002BA793D230B0F3E33D343BE6A08AC3D23
:10AEE000280316BD4A16CBBEAD1DA73C127242BE4A
:10AEF00039B0B33D6788803D185D15BD3FAB6D3EF1
:10AF00005FFC4BBC051D833A559AF3BC49DE0DBD71
:10AF10001E367C3CCA339B3DBDD0133D8BA5843D82
:10AF20005BE04C3E1DA3B5BD13CFC53D18C1173D19
:10AF3000B8C8D53D9FF413BC1FBC123DD4C2043D1C
:10AF40001926C93D74AC9A3DD68B1EBDF8DF483E2C
:10AF50000AC4923A3104E03C167A29BD806097BB5E
:10AF60001A918F3DBEF7E8BB694F863DF765D2BDAC
:10AF7000C7A4AA3D393640BEB1C095BD0163E5BD49
:10AF8000D301C9BD7E9ACA3D60F60ABE074BD83BC5
:10AF90000852C73B63DF8C3DEC6D20BDD8F60FBD7A
:10AFA0004EED723BDF70943DFAC08EBDD1F0133D83
:10AFB0005C559CBD7745A73DD2A004BE0A3F863EA6
:10AFC000DBBCB13C89ABD1BCEE23403D0A9CB73D14
:10AFD000ACE7CD3CF5C70A3E64C9AA3D5907583CC9
:10AFE000A61A64BC0183A83D41CD52BD40CDC2BD6F
:10AFF000831DCABD745E56BE99B45FBE1E9EDB3D06
:10B00000F3FFD93D806E9CBE596110BD2136A63D2F
:10B01000D7B6F83C7DEFFD3D8B2D6D3EE41AC3BCE9
:10B020005848B33CE76CD6BD51681E3C02706CBCFE
:10B0300022E39A3C3C0E4A3D47F00DBD33F08DBEF5
:10B04000D5FCF33DFF740CBD7BC1623D86294F3DAD
:10B05000DAB8CA3A33694EBD780D95BC68308A3C7F
:10B060009364CDBBDC1A39BD39BF8D3C2E2504BDA0
:10B07000E18E113DC33C78BC447DEDB776837EBD47
:10B08000E726F7BD095D323DB8608CBE6C8888BD8F
:10B090000D84C83D60076FBD40A4ADBD128FC03D9B
:10B0A00036FB263C12BD06BD358203BE041BB8BC70
:10B0B0006C867EBD2381C0BD4E6194BE792F2F3E2C
:10B0C000F21488BDF00C6ABD59B30A3DA732543D55
:10B0D000A06A61BC82EE0DBDD873383E56CACBBDA6
:10B0E000145A063D2A2C083E6C14E1BCA033E6BE7F
:10B0F0002101DD3B84BD66BEF4DB2DBED41941BC0D
:10B1000080BEC03D0181D5BEAC2E49BD3D12393D4A
:10B1100022971A3E6E65613E62CE5D3E5BF46CBD69
:10B120009BF2FFBCF62736BD800C7ABC5CCCB33DED
:10B130006BF80FBD8D32463D8414133E8A80523C1D
:10B140009C0FD53D7BF1D23BF21EBFBCDF44C4BC9B
:10B150009E5EF6BCD15586BD3D92BCBD3459B33D13
:10B160009EB2FEBCB2BEA23D40ECABBDB1C055BD6F
:10B17000AE6F6ABD352C0BBE137E343BA27300BE8E
:10B180009BE29C3DED4095BCABFDD6BD8E21CB3DF9
:10B19000772AA93D9F7396BCB550263DB0383DBD7A
:10B1A00005CDD2BD1828843DD4CC72BE3C5F923D03
:10B1B000047715BDE554E93B2E98AEBDC5309C3CE7
:10B1C00054EB233D44F587BCB506FB3C0041803C75
:10B1D0001BE7A33D7C8EAF3C1CB72A3A8A883BBE56
:10B1E0002B9D90BB1266253DD62A053CCA91503C4A
:10B1F000CF41573C39A2B5BB91655DBE9827523C03
:10B2000039D7243E9486ABBE78E4BBBC0F0536BC70
:10B210004F59AC3DF724343E7DD8813EF6B3DDBDB9
:10B2200097A0403EB378A43CE8D0843DEAF929BC1D
:10B230002A7D8FBCEA3F8B3D3E8758BDB7ADA9BD87
:10B2400055745B3E17F5A43D70EFC93DFCC8B53C95
:10B2500020B7CBBD8FA9BDBD2B86E8BDD2198B3DD4
:10B2600092A4B23D71EE0A3E9404A9BCAD7B2F3C82
:10B270005433013D8AD5E5BD3FC56B3DD6BFA8BD62
:10B280001FA297BC2020DABD3DAC6BBCE73BF5BCF0
:10B290002B8F7E3DB504593DBFC051BD4425BE3DF9
:10B2A000C64118BEEC3F193D8D96F3BE07AE92BD68
:10B2B000CEB3013D9B4785BD73E554BC60F0D33DE3
:10B2C0002F73323CD24C3EBBA4B9FB3DF64AAF3B98
:10B2D0001FF8003D7FEB5F3DF68D093EB655D5BDAD
:10B2E00094FF953D9E5EFCBCA4433D3DB31BF93DE0
:10B2F0002C1DCC3C4F65443D6F3C65BD245A743DCC
:10B30000EAFBA93D744685BE12919ABB0CB93FBCBD
:10B31000C0AC743D7D78BF3C47F1723E1908673D73
:10B32000FA09A33DA8666A3DDF0E5B3D2E38F93C65
:10B33000DEB18F3CFDEFE23B415F183D63AD8CBD5C
:10B340001F81853E66A630BDC947993D60D447BC84
:10B350002921AFBDD98EC3BDC761ED3CEB8812BDBD
:10B360004217063D7C95043DC262A33D175E72BD47
:10B37000BE29C53DB530893D21B0813CB2CB62BE0E
:10B38000CD2189BE1BF91BBC0C7DD2BD9F715EBD5A
:10B3900054DBA13B1243AABDF3B08BBC7CBD103D76
:10B3A00005272DBE1367963E9D57ACBEE1D1B03D3B
:10B3B0000D5C03BD7C432E3D588AA8BD92F3AB3C87
:10B3C000F61C243D873A1EBE241EB73C9775133CDD
:10B3D0009417383DB5A02E3D187C2B3DDA660C3E07
:10B3E00052F5C23D50575DBD1B4534BC92D647BE99
:10B3F000071AE43DC21ABC3D20DBC8BC4A3B4CBC2A
:10B40000AEB4E53B93280ABEA0EAD73D7301C73D21
:10B41000EDD44FBE236F303E2C9A06BE5C19173D0B
:10B4200066A1873D32BC0DBC04DE04BABF258D3D4C
:10B4300012770ABD6C353EBDF5CAB8BDF4C6C6BDAF
:10B4400026347C3D64FEBFBDB1C817BE4F89373D71
:10B450004BC82F3E2630643EE2912ABEB4118C3D8B
:10B46000C38632BCDB80A5BD6B4A453D91339DBD93
:10B470009049E13D7E01843E4615A7BDB85BE03CA6
:10B48000CAD30CBEAE43573D6CB883BEEE83773D46
:10B4900016BA533E0475B2BC755837BC88C3BE3D5E
:10B4A0006F1B4A3D7C76883DDC1541BE75254ABD43
:10B4B0008FDBE1BDB6DD173E997185BE5372B9BD14
:10B4C0005EE7CD3D1EF0B13CF2095D3C19AAAABC75
:10B4D00021D3B03CCD50C23D90CF93BDDA025F3D49
:10B4E0006C341BBD3B6BA83E4A2E1BBD86AAD9BE41
:10B4F0006EDF64BEF888A8BE36B074BE93E42B3EFF
:10B50000E79AE03CA496CEBE46E7483C17386C3D2F
:10B51000C0F29C3DE7FF223E554629BDC68DC0BD09
:10B52000571489BD20C2A9BDDDF577BD12D1AA3D52
:10B530003F2F9CBD086EBF3D4B5DEA3C8ACF84BD6A
:10B5400063C2243CD202C9BDD25C573C9ED431BEFA
:10B5500066889B3D149FDE3D7A92AC3B1E7156BDC2
:10B560005AE4D1BDFA98FBBD535B583DF96B8D3D54
:10B57000898FCE3D284B643E0A62A43D883AD6BDF1
:10B580001279903D7BE5F13C350B4EBEEDF90C3D5B
:10B59000B45FEA3DF6E7853DF24698BD64F4B83CF9
:10B5A00096FA193EF10E003CD5F0EDBEA4A15ABEAC
:10B5B00065F42ABE5F948B3B292AA1BE8F5610BE2C
:10B5C0004D9492BBFEF686BDBD4DD83C07C281BEF0
:10B5D00055FCC23C9303D9BC6E29723D1FBF393D57
:10B5E000874EAFBD6D6C7D3E72EC8B3D1FACA3BC36
:10B5F000527BD83BCA2A1FBEC470E0BD8006DA3D2C
:10B600008236063E3851F0BE39429F3D46CF0FBDCF
:10B610006A82C4BDC56379BDAAA707BE3E7081BD5D
:10B62000A4C2A83D9491FDBD2A4E41BDEC424CBD43
:10B6300065289DBDCFA55C3DFACA68BDA83A4A3EC3
:10B64000B478683E59BE243D7207CD3DF87E94BE65
:10B65000CB74FDBC932CA1BD24F8D0BD5C759D3D81
:10B6600088BFA93D85AB23BD973846BC2214113D48
:10B67000B266FA3D910FC5BDDEB3ABBD8D3E88BE4F
:10B680002BD3B8BC362300BDF018A4BD626332BD15
:10B6900059046B3DCA9D013C36B821BC0001A13A5A
:10B6A000D637D03D7A77A03D9460F0BEF08E57BE7D
:10B6B0005FE5273BC56903BC3A7EFCBD844BD9BD21
:10B6C00072516BBB03BABABDCCB28CBD4C6CE9BD38
:10B6D000BFD391BC574C0CBDDA9D90BD7F3CF3BCF1
:10B6E0008BE9C13C197F6E3E7C0A09BB742F34BDC7
:10B6F000A032A63D13A701BD5AC102BE706B893DA1
:10B7000084ED913E41217EBE83858CBD109D873D99
:10B710001CD267BD21E735BD65944CBE0CF0433C9F
:10B7200025A0AA3ECCD05F3D265AA2BDA7A0ED3CE5
:10B73000C665EFBB70F322BCBBC7223E8B44B6BDCF
:10B740001F876A3EE2BAB8BD7B83023D440B26BE2A
:10B75000E2306BBDA24853BE254905BDBF97B83D39
:10B76000FB3D193D35480BBDF19217BD05B909BE2A
:10B770001DAF963D9407BBBDE43886BDDCCD7EBCD5
:10B7800072CA3DBECC8E56BD14A35ABE2628D1BC6B
:10B790004F1EA3BDDA05F0BD28D7E2BD446FA63C1D
:10B7A000BEAC1A3E28AB2E3E3240E5BE0AFC5DBE62
:10B7B000D4C75CBC40AD0A3DAEBE5FBDF21B75BEDA
:10B7C000F6B4833B3C7D8ABE7C2A06BD72FC09BE72
:10B7D00087C40D3DD2147F3D6C42C3BC7B8E89BDB6
:10B7E000CE0BC6BD916E573E68000ABC69AE52BE14
:10B7F00080A5F43D720D5EBB57E13EBE6586B93B48
:10B800004D853E3E35BE37BE4373A53DB480B0BDC9
:10B8100094A699BE8CD628BEA6420BBE8A952A3D18
:10B82000EAF0263E694BF33C9907893DF5E7C9BC30
:10B83000A92BDE3D80EDA8BC623E8B3EAF001A3DD9
:10B84000D901C93E03472B3D7F529F3D56D7D7BDF7
:10B85000346D9DBD01FB8FBE3DD583BD2E6292BD73
:10B86000C3EAC33CAB861BBE7571A73DB67A49BC23
:10B870001F23BA3D932D64BC783315BD01BFE8BCCE
:10B88000DCDAC2BE8445F1BD238CEB3C0D29813D41
:10B890000ACE86BEA16856BD0423B8BD92BFB0BD16
:10B8A0000315373E2C53843EDB1229BE004252BDA5
:10B8B000889DC4BC64C4ACBC735CEE3DBA5D57BE2D
:10B8C000CE400ABD1F7C5CBEF0848EBD99138DBD39
:10B8D0003C0C263DDF91AEBD3009ACBDB1E8C53DA5
:10B8E0002D28D1BCD789273E66659CBBEF642DBD52
:10B8F000E80CB03D76753E3CB1A42FBEB77E9E3CB1
:10B900004A12A9B94EA062BEDA75003DEE3BF03C8A
:10B9100057982EBE66FD86BD555FE5BC377E123D4D
:10B920000E6397BE7F58ECBDB697953C4A9BB03DE1
:10B93000D162823D3F164A3D11834FBEECE46CBD9F
:10B94000EE5A65BD9DBF693E1AC2A7BD961281BD64
:10B9500072AB08BEE8FC103EB4782E3DF0AF5E3D01
:10B96000648939BD6C10F1BD6F07BBBDD3019F3C2D
:10B97000496A0EBC7060A9BCB4CF5DBDC0E33DBDDB
:10B98000BBCE783CE519C33C4A9F10BE762D1ABD4C
:10B9900062CBF2BD710EF03C70DC103E9816923D09
:10B9A000E346643E349E333EE7D7263C343282BCC5
:10B9B000B09EC83EED62AE3DEF2C35BEC53FE23CC9
:10B9C00031A421BD6C2D09BEA3F2F13DB480B23D7E
:10B9D0004D2099BC071DE63DC7BA3EBD364A1A3D0B
:10B9E0009578F43D0AFDD2BE278FDABD52F15BBDDA
:10B9F0008E19CC3BC22874BDB1CB453CAEF238BDEC
:10BA0000BA531FBDFEF449BED8D02E3D353EFEBC14
:10BA1000BB5382BE1E6ACA3B698688BC42D9773B4B
:10BA20006499B2BE2FF2AEBD8BBA0ABC74B9F1BD37
:10BA300080D47B3D2294803D296975BE7D6054BED3
:10BA400050739FBD5E3E083E573A78BD1AFA963C49
:10BA5000FBC4EA3C3D4F923D6C3402BC5847EEBCFF
:10BA6000E022853B1985D9BCFBA4AEBD4110733DD6
:10BA7000DA07303B47F583BE6571853D4C93B3BD16
:10BA8000025B313D40A490BDB01D7EBD8DECA43D58
:10BA9000995122BEF9F5A3BD81B7E93D0EC1A9BDFB
:10BAA00056BEF63D51E79E3EA32853BE58B811BD81
:10BAB000C729723E836A86BD707AA2BDCB1A73BD58
:10BAC0003A31AEBC644540BDAEF8913DA506BCBD63
:10BAD0003E2BDDBC2A08023DB6C1EFBD9EB29DBD26
:10BAE0003EEDA6BBC64FD1BE955A8BBD0A4FEBBDEE
:10BAF000214C913D90CFCFBDD46BFBBDF67EF23C87
:10BB000055A590BC808FCBBED6BB773D3BA06C3D8E
:10BB10004D71C6BD467DC4BDBCC110BE27BEDDBAD9
:10BB2000BDD342BE153C163DC86C933C7B4970BDED
:10BB3000920AC73B88CAAF3CAD2211BEB3A9E3BD90
:10BB400013D9ECBBD9FFC33D760C41BDCD17CCBD9D
:10BB500004D37ABD9B46F53D0A11CC3C34188ABC0F
:10BB60006949BA3C88E844BD7827443D3B7C80BDA8
:10BB70008E193ABD63F57BBE9533B0BD9D514FBE66
:10BB80005FA5173DC8CD903DDF2B57BE3211733DE9
:10BB9000849D61BB362387BD127BADBD7443C7BC9A
:10BBA000249BD93D27D1103E78A7AABE6113EDBDD5
:10BBB00019B13C3E477BECBB415821BEFF3FCA3B1D
:10BBC000D7F98E3C947F15BD2BD6893D79571FBE82
:10BBD000A125C5BC85987F3CFB3B13BE4941C53DB3
:10BBE00032B01BBDE7E990BEC7471FBDC13A823DD9
:10BBF00023F7803B012DB4BDEA97373DC46CA5BD4A
:10BC0000F450523DC23490BEE27AF8BB7A77B5BDAB
:10BC10001FA8D6BD605D333D5F2ED5BA2C7B5F3D3E
:10BC2000B711683E6BCF39BD114CB6BDC23AFDBCF1
:10BC30005EE1F6BD95A88C3D1DF7533DF1B51ABEEA
:10BC4000E15531BEFED4D5BDCA1259BDF6BD09BD00
:10BC50008885063E6E0397BD0D3C793DC85F90BC5C
:10BC6000F26FA03BD95C5C3D80F47DBD03AFC23C6C
:10BC70009FD5163A15F991BEA6223ABDF23DDBBD1D
:10BC80000777B8BDA2BA5BBD6914FDBDCE0B3ABD46
:10BC9000F222463E469ECD3C955DA9BD60022E3CFB
:10BCA0008B3809BE1152F9BDB00E80BE68F647BC94
:10BCB000B50AB8BCBF0DCEBCFDDAAFBDA00E453E87
:10BCC0002021833ACE6FD73DC410B8BDE26C9DBD34
:10BCD000592E873D9459A73CDFEE8D3DF2D8B9BD72
:10BCE0000275923B58B660BE7571923D69FC1ABCF4
:10BCF0000651A7BB5DB604BCA07A3FBDBD0911BE0D
:10BD000015EC7D3CA5D7D0BDE283DB3C1C468CBD49
:10BD10006C5B88BD17E94A3D3FD9073E2E4F3CBDBD
:10BD2000801EAF3EFCEF0EBD4FE110BDC13C7DBD9E
:10BD30004105E6BDBF5AB3BD20C595BE0439CC3C14
:10BD4000F8E867BDA45A21BEE3599C3DD7B4E73D4E
:10BD5000931C173E618481BD55B5DDBDC86D9A3D0C
:10BD600034E9AD3A74F20F3E80DFB13C2F168DBC42
:10BD70003CEE99B9965970BE40F5E7BAEBCA20BEC1
:10BD8000060022BE67ECCCBD42A86CBDE314D7BC54
:10BD9000D712B13EE01DDD3D84B9D8BD7E15833D8F
:10BDA0008D56A3BE07E7F8BD78AB32BEE21D66BD77
:10BDB000A5B6A8BBE6FE133DCD203C3CA744DA3E29
:10BDC0007C1AE93D303C873EFAD68DBD5135233E85
:10BDD00053021FBC0BA7F0BDAA5A833E47E106BC25
:10BDE0008FFAC93CB152ACBCB47C5F3D4E6ADF3CBB
:10BDF000CCBAF43D96ACCABC9A0800BBEBD1F5BCFA
:10BE0000F6F81DBE40F423BE9A31183B5395443DCD
:10BE1000FB22C5BCB2001DBE2B742B3EAE07723C8C
:10BE2000F3C3743EB169183DA938E63D127698BD5A
:10BE3000B406293DA94B9D3D36E17E3D0A3DFDBC42
:10BE4000BB07BDBDDCCC193E6E56D03D110AD83DB6
:10BE50009DBAA0BC5681803D461BB93B8E847EBDF9
:10BE6000F70DFB3D2B77773DD06B46BDCB1241BD27
:10BE7000B5772EBD69CE813D843AF9BCD3C7633D09
:10BE80008339453E73AC67BDFF32083DEAA923BC48
:10BE90000EF4283DCDABA63D1DE8653D9A8206BD5A
:10BEA000B9EAEF3DB2608D3E3AEAC0BA1A3E963D1D
:10BEB0009896A53C7F0B9F3D66CEB23C5344393DDE
:10BEC000F9137B3C36D8223D2A781CBDC317F23DBE
:10BED000765BBBBB48630E3E621DAE3E59D3F43C5D
:10BEE000070B923DF28A403D940B03BD830201BED5
:10BEF0008BAAF1BC2B1FE5BD92D7503DE5C4093E8E
:10BF0000BACC72BD453A58BE7A3C2C3C83411EBD2A
:10BF100074EFC43DF74990BD400DA93DEBBEA03D77
:10BF20009AA79B3D0C7A7E3DE57CFF3DBBDF603DE3
:10BF3000990B003DBAF4B9BD1F9081BDB90B43BE4A
:10BF40002BD4183C3E440ABD104556BCC906133DCF
:10BF5000436B36BD81A8803D6B0E86BD6D8663BD8B
:10BF60001CA2493D7EBFAEBDBA06ABBDC05CAEBD36
:10BF70007BC9AFBD24E58ABD65F048BD797095BD2C
:10BF800050B6D13ED5A014BEF69EF1BDA210C83D5C
:10BF90004E179B3C9842BDB9FD6B263D706861BC55
:10BFA00026E1263DF109F33D1FE206BE640A613C2D
:10BFB0004A70033E2428F2BD4395C3BDA44A263EE1
:10BFC00022B684BBA25B343D2CF2ADBD9D365D3DF7
:10BFD0005D74063C1358303DD6D8523EBA4A9A3D5D
:10BFE000475B1DBD7A925F3E6073C2BCD3AC97BE07
:10BFF000375DBC3C0085A7BCD9AE913D7FAC6EBC23
:10C00000CA838ABD0F0214BE67DCC33DE9E18C3DE3
:10C010001D5E4E3E51C601BE2349883D776D25BD4C
:10C02000917FE0BA544C7B3D6CB0E4BCF64A57BDFE
:10C03000E69C093DCC71C2BD85E2C7BD6B5183BE94
:10C040008DFC65BE88F73ABDDAA9763C8BB1913D8F
:10C050006A691CBEF0309EBD8AE9D6BD90A1173C2E
:10C060009959433DA48B5C3DC90097BD1C6F84BDAD
:10C07000515B1BBE62CB9BBDEAA776BD3611DCBB14
:10C080001507C03E952004BE31B430BE0D90E7BC0C
:10C09000A21DFA3C559418BD9A0096BDDCD52CBD66
:10C0A0005A1B1CBD2579A43EDE72A0BD058FCBBBFB
:10C0B000BFC2DF3D3E45913DA550FDBD5E56913D61
:10C0C0003F22CA3DA8943C3C21DB803BA0951CBE8E
:10C0D000964F6CBCF58BD4BDC1BF2F3E91C40C3DB7
:10C0E0003D636B3DC915793E7ECD8D3DC869B3BBBF
:10C0F00026A0B73DE746E6BC8197F83A0F6938BD00
:10C1000054C71DBE4344BFBECFD328BDBFC8353DB5
:10C110003C41F13E9D476A3DBA5F2A3EE7202F3DF4
:10C120003C6344BED7E09D3D916C393DDC251A3D12
:10C130001ABAA23DFD12993DB2418ABDED460CBE30
:10C1400071DCDDBDF9A5F43C87C7073EBF699B3CA8
:10C1500001201E3D538E62BC02514D3D7094CDBBFB
:10C1600002612C3EE937783E6DF76EBDB788113D10
:10C170002937423CE7E380BD6464F83C21D60BBD1F
:10C180004C5D9A3E0A6357BE4A8944BEB7443DBDE2
:10C19000D720723C074C913DD4C75DBD74DF0CBD08
:10C1A0005BA575BE9998263E6967823E41E4CFBD86
:10C1B0009100E13C221631BD2B12C13DD24E043E0E
:10C1C000462024BD28F98E3D2DED963D7952963DB1
:10C1D0008DC970BDFE39CABD915AD43C7B229B3DAE
:10C1E000656E87BDBF54EA3D69D92F3C6D3A4EBD9F
:10C1F0006F83043E403DD9BCEAC334BC7CC4293CB7
:10C20000352F813C95B39CBEA866853C0626733DC0
:10C2100005AC743E090FA33DD4703E3EDFFC89BDE2
:10C22000F499A5BE582A8C3DB51970BDD60D2E3D8A
:10C230000064093EBF18833D6BB4FA3D38FAA93C4F
:10C240000DC2E23DCD4BF5BDA7061F3E5DA9BF3D2A
:10C25000EE0CF2BDB95B32BE8C9C1E3D62AF95BD4B
:10C260000209C3BBE831813EAFC5A03B2379C83C7E
:10C27000EA6C4D3D7F28663E38138EBCE89441BE83
:10C28000B4A2873EA81B92BE74D438BD5428A03CEB
:10C29000F8053EBDE0897D3DA1F4E6BDE48F97BC85
:10C2A000276B2DBEB500443E0494983E2EBB343E11
:10C2B0007C5A663D2B3B713DD0BD783D977FE93D73
:10C2C00041D4E1BC7EF3CD3DFA0AA9BCF52DC63DB3
:10C2D000B467FABC329767BED04A1E3EDB2AECBC7C
:10C2E000DC4CE5BCD5696B3E6600903D0434F1BD85
:10C2F000ED9D073E9A9C2B3E9B7F693DEDCB68BC34
:10C30000A40F283D9B1D133EA1D8EF3B52F1203DC9
:10C310001D6172BD069AC23D7314883D8B18183D8D
:10C320003C16693ED7A2043EDA0B723D3989C33D03
:10C330007C1742BE1968E0BD2CA1263DB27F6E3E3F
:10C34000609220BEF8E52DBEAA138338AEF3DC3D23
:10C35000818683BE63248DBD2738FEBD7C03E03B10
:10C36000700592BD60E2303C4364B5BCD1A72F3D5F
:10C3700055B325BEBB4D7EBEE3D06DBD97E7293ECC
:10C38000E77C1F3BC8CF17BC99F6803D6CFC9F3DF6
:10C390009DDA043E1FB7713DD8D436BD71307F3D64
:10C3A0002E4E89BDDF5C623E66C90EBEAEDBDABCD6
:10C3B00075C135BE91A3C13DCFE93C3EFA6D2C3E1F
:10C3C000CEB599BD50D69B3C4C461FBE3C14733D28
:10C3D000A0B3A6BD35B8D8BD07E9E63D8F211ABE8A
:10C3E00039263ABD46A007BD3360883DD77A013E65
:10C3F000EA23E23C24DD6FBD2300DB3DC9D152BD01
:10C40000A226FE3D15C8F7BCC184D6BC12BDBABC7D
:10C410005696863EC797EB3DA8DDACBD0E1DAC3DE4
:10C4200078C6293E5BC3D43D9091903D1DD9CE3D49
:10C43000707532BEC0C9A93C0276C23DFA7114BE05
:10C44000D981C0BEF57D383C02DD04BD2A67DA3CE7
:10C4500046B273BE34D577BCBD7AAF3D47E0B0BCC1
:10C46000E86506BBA822133BC240FABB8E304F3CA6
:10C47000446312BE320C43BE8EC5DA3BC3136B3D20
:10C480009F301ABD306FA1BD5FED4EBDD6AAC73B30
:10C49000E49D533D4769DEBB71AEACBDBCA5ABBCF2
:10C4A00028B2A0BDDF18343EE29207BE5D1B17BE66
:10C4B0009A2433BD8AF2FB3C03060CBEA1CEE83CB5
:10C4C00089F420BD23BE663DC7FF34BC8F11A43D57
:10C4D0009D96B6BD72F43E3DFC0B233E365FCFBD4C
:10C4E000ADC91FBD4226CA3DA6E245BDBF83D33DAF
:10C4F000B220AEBC3AE62CBE01CD203E713DE9BD76
:10C5000034B8C73DB7310D3EFEFB763D4C08753D56
:10C51000A952443E9F45FE3DAB8AA6BD61069E3DA5
:10C5200072CCA3BE98C86F3D597A88BDE45675BDDC
:10C53000829589BDFD26623D5E3F3ABDEEE63B3DFC
:10C5400043C760BEAA3C76BDE2735FBDDF981E3C68
:10C5500020205BBE8A57F93909BB9FBD0AE5153D0E
:10C5600037AF1CBD6609D13D2879E8BC535ABCBB26
:10C5700014A982BE939566BEFFE80CBD15B63BBDFF
:10C58000F4FB5FBD1328C23D782B1D3EC8B3B43DFC
:10C59000C1770BBD452A84BDBFB2763DFC13AA3BD3
:10C5A00016EB4E3D6903193ED12736BD3B9627BD9C
:10C5B0000E66283B3AD64EBCA515373E6A2988BC84
:10C5C0008757B33DBA0D1B3D5BAB4ABDE03157BD4C
:10C5D000C8A2273D7036DEBC6F839D3DEFD195BE6E
:10C5E000B2669DBC22354DBD8066E23D6F14003EB3
:10C5F0009637B8BD6FB482BED778D33C8FC08ABDA2
:10C6000047E6FF3C3A9B263E234B92BD5BD20D3D55
:10C6100067DE9F3E59D03A3E5E43CCBD59BC8B3D50
:10C6200089623EBE348C41BDB5E525BD17E8283D85
:10C630000C2540BDDE70DBBDFA5B54BE71EE283DBB
:10C640007C9438BEB9C01BBD8D901BBE6C9F8CBD49
:10C6500024626ABEF5991A3DFC8E8BBCB88449BD34
:10C660005E41003C0A6CEB398067CEBC4F934A3D7B
:10C67000D85C75BE5C23BEBE992B23BD3CB7FF3D85
:10C68000CB8ED53C9E811C3E7422523E5CE1003B29
:10C690006B4B57BDC5C619BC10BAA33D8ED852BD51
:10C6A000DA99293E20F233BCB5688E3D1902EEBD01
:10C6B0003A1A4FBD37229BBDFFCF623E7D5C0D3ED7
:10C6C00037DDB8BCF07F003E263E343CFFA6C23DBD
:10C6D000D72B923C740AD43D4057BDBC886B26BE14
:10C6E000F06EE03CE4E0E03C4983B43DA6A2E93DC5
:10C6F000F36F4FBE5D7DA6BE5ABD923DF4FA3ABDC2
:10C700001A47AFBDE8FFF53DEBCEDABDD36AB0BD49
:10C7100026C1633E2306213DA0E016BE4F9FBFBD4C
:10C720003C7D99BE56AE99BDD7E727BD207D5CBD47
:10C730009DEC483C5C42673DD3DF2ABE04931EBE9D
:10C74000717FE9BDDE65023BF5C58EBEB88637BD9B
:10C750006F22C4BE2387143E723B7E3DAC17103C53
:10C760009955A33C75653BBD4D553F3C6A5C693DA1
:10C77000495579BEA4AA82BE2DF2C73D392DF63D9A
:10C78000F84BCA3C905F003EE3F00CBEEA4ED2BDCF
:10C79000D201E0BD0F0C07BD9F1BDEBC008C633DCA
:10C7A000BAAE533EF610B2BE5ADA803D4720F2BD13
:10C7B000E3FE7E3D8B305DBE6F9F573B853E59BC8F
:10C7C0007BA900BE3665E8BDF9A48A3A878105BD1C
:10C7D000147152BC8D2C8A3D063E363CBA8087BE11
:10C7E00017CD1BBD03105CBD6512F23D79A7D4BD0A
:10C7F0006B7CD3BD1C34D8BE5D934C3E09DB86BD3B
:10C800002476AF3C89490B3D935399BD57C0AFBDCA
:10C81000BB7FC13D12DB11BD78CE903D34445EBD7F
:10C820004C6FE4BCA351A1BC0DFDA7BD14507D3DD0
:10C83000E0AE98BCDC5C523D04BD823D0E02893DF9
:10C840007C67563C9FC87DBD249E7E3C4AC722BD66
:10C850002F7E82BD6C0C273D9E2046BD999935BD2B
:10C8600046EE9B3D6D09C53CF036A6BBA6C4B8BDDF
:10C87000897CBABB209763BC70CEC53CA2F177BD62
:10C8800080B5B83D9BD213BDC4665C3DB40AB9BD4A
:10C89000E0C3C0BD80DE2CBDB1554FBB28C933BD40
:10C8A0006A57AEBD14FDB33D80B6F8BC895BC5BD0B
:10C8B0001CE4ADBD99CBB5BD5589A63DD5A6C3BD7C
:10C8C0004962BABDDC228FBDE42CC4BD178678BD99
:10C8D000E08F0C3C80CB9BBC0A72A8BD6993C3BDA2
:10C8E00000948B3D7950413C7F0538BD1C859CBD33
:10C8F000E24B86BDB0C03C3CF652AABC328EBEBDF7
:10C900004C72B7BC912784BD5021823D40A4F13CBC
:10C910008A8D833D1EB3BB3D6077643D8164A4BDB9
:10C92000F08AD2BB8F4E38BDE8CA8CBC11E522BD5F
:10C93000CFBBB4BDDA7FA3BDE81B233C0B2CB1BD3C
:10C94000837747BC3A7149BDCD9522BDDF5A90BD72
:10C95000344994BD80F00ABC3F548EBD288B0E3CF8
:10C960002A9C63BD1701433DEBD941BDF4CD6E3D1B
:10C9700045C5C23B7CB0603DBDBDAFBDA49A86BD80
:10C98000CC7C033D7A70FDBCBC95133DA00A703D84
:10C9900052076CBD5D5803BD7F84843D2B1392BD4F
:10C9A000B849DA3CE91370BDB5993DB8416E213DF7
:10C9B000CEA47B3DEE1E233C2960643D38C483BD7C
:10C9C00046895FBCD7A28CBC24CAF8BC1517F63CBC
:10C9D00060D680BDBDBFB6BC694BA0BC26D5B0BB80
:10C9E00090DF0A3DD06A113CDC97883D720F013D13
:10C9F00065AC213DAD95F33B665DAEBD6A8C2DBD4A
:10CA00002C91AC3DF1BA15BC8E8AC33D944EA8BDA5
:10CA10005DDF80372B3C893D16E79C3D18E2693C81
:10CA2000A0A5C5BD8F2CAABD0E4EADBD88FB4ABCCE
:10CA3000544F00BD7D78AABD0ACA47BD0C04293DEC
:10CA4000CBAE69BD38232ABD5442253DA0FCE43C51
:10CA50004BD825BD434C48BD54B241BC772B75BD66
:10CA60009EED8CBD4CE29C3D30D0E33BA0A2C4BC0B
:10CA70004AA6A6BDDA58903D8809633D9C97ACBD97
:10CA80003AC4AF3D58A9423B34B7283DFA21B33DE3
:10CA9000FFC27CBDA9848CBBE6F46F3CE39CC5BDA2
:10CAA00029B498BD0A5D9E3DC4534FBD10DCB1BD95
:10CAB00031450F3D5A8BADBD450414BC72803E3DDF
:10CAC00030C607BCEBE0073DE881AD3DAC8A8F3D49
:10CAD0000ECB903D0C3F57BD2008A13D5BB071BD12
:10CAE000C0592BBBA55A91BD18202D3C0AC644BD88
:10CAF000ED7ABABC95E1543D321FB5BD90DA70BDF8
:10CB0000E9A65ABDFC109FBDA3EE96BDB02BA6BBF7
:10CB100010F2A23C2C3F80BD53E3DEBC0025B5BD26
:10CB200003BFBEBD4406CFBC60FE75BBB83D273D0C
:10CB3000C63804BDEAA4BD3D4C38893C5B1D89BCA8
:10CB400072859EBD15078CBA21B598BD441CC0BD29
:10CB5000B39285BDC66486BDB3921CB9DC2E20BDE0
:10CB60006E6A8DBD12EFF6BC60EB7B3D841694BD02
:10CB70007DFC563D7E26483D00C9703D29CD30BB29
:10CB8000201A9ABD38A9AB3C0922293D7C98A73DC3
:10CB900027DB61BDEA500ABD755E563C20893C3CEE
:10CBA000B958BEBDFC49F4BCA050373D82E8353DC4
:10CBB0005BBC00BDF8B74ABBEABC2DBD260D193DD4
:10CBC0007A9C953D68952FBDF42E473D579E273D95
:10CBD00090FB0A3C3E659FBD3023373B98BAA63D8B
:10CBE00049492ABD9AFB323DC4E6A1BDD50465BDC5
:10CBF000C77A933D816A933DBA20863C0025763DF5
:10CC0000ED6B17BC510A743DF0DB8D3DC69A923D29
:10CC1000C5F522BD0E4888BD8919A93D34F0393BC0
:10CC2000BF9DA83DF90973BDE303143DE1BCB0BD50
:10CC300022EAC43DB06EF6BC41F713BD6048953D95
:10CC4000F6660EBD662021BD4129A7BDD25364BD45
:10CC5000748D9EBD8EC605BC936B6F3D316796BDCE
:10CC6000E88DBDBD28679EBD34CCF1BC40B812BB79
:10CC70004848EDBC6DC7943A0BA87EBDFBD87ABC82
:10CC800044B9433D1AE6D3BBB77AA3BD285501BCCE
:10CC9000B74781BD92A2B6BC91001A3DB0411FBDFD
:10CCA0006A6395BD71E68FBD8C768BBD2BB301BDDC
:10CCB000725396BDD69F0C3DCE80BDBDA0CE6ABB43
:10CCC000A5BA14BDB9FC44BD1C0FB2BD1EB73C3D96
:10CCD000C71888BD2FD3643C7718A5BD4252C73B07
:10CCE0002FD4843D44AD433C012D95BDE3CB013DA4
:10CCF0004A9A4F3C5EEFEA3C00A5413CC63BB9BDB9
:10CD0000DB2B703E4FAACCBD655C1F3D8CCA673DD6
:10CD100053D01FBDD120813C01B6883DFDAD6BBB1A
:10CD20009FF1003C5C7E91BD0E93B43CD464543DB5
:10CD3000E8BA26BEECBFC63CB4D2703ED279713D93
:10CD4000C6F590BDC988BCBD5EE243BD8FE487BD1A
:10CD50003407B3BD9EC6E6BDE33A52BC947C4C3D5D
:10CD600043388DBD01BFF7BDFECF2EBDE7646CBD5E
:10CD700008855ABC7A2435BD60972CBBD7F8313E64
:10CD80007030EABD97119ABDCF8BB2BCAC3F8ABD63
:10CD900045EF953D683CD5BD3E35543AE280A6BD91
:10CDA000790E403D0D751A3EF11D36BDDEAE85BDD6
:10CDB0008A87953D634F18BD004184BD0EE991BC43
:10CDC0003004ED3B1EC925BE9CCA9EBDE63914BE8B
:10CDD00041BA703D8F7AC1BD252FDFBD1CEABC3D35
:10CDE000681B623DF068853D67F82DBD88D8563DCB
:10CDF000956261BC3F313DBE503BA3BDB35D0F3D6D
:10CE0000DE5CD53D902DA1BCA0EF99BD1046CE397A
:10CE100008CDBC3D62A506BD63E4C23D1D51A63DE3
:10CE2000E578883DD89C85BDFC1F873DFCC7073D44
:10CE3000A20683BEF99198BD72C75EBD0AC3BD3D0F
:10CE4000F9CDB13D240690BDFBA8183D69C06EBD6B
:10CE500019F44FBECF94FABB1B03783D5BF363BD5F
:10CE600009BC603CDC2F023D35E732BCF46DD5BD1A
:10CE7000C2ACBCBD2768ADBD1C838CBCD691273E1F
:10CE8000A255F93D45A52BBDB79C6E3C1BBEBB3DD5
:10CE90009F300CBE6A3EE7BC14E3C8BD60136CBC97
:10CEA000196F3A3DDEFA863E33463DBED28B2F3DAA
:10CEB0000AF137BED6C4C2BD42C2F53CD9B16BBD82
:10CEC0001D8A86BD429B9EBDC5FCD93C0EAA3C3D39
:10CED00066669D3C23BD30BEC960D1BD2BF39FBDAE
:10CEE0005EA4AABDFBC86C3EBC86D5BD3614093E07
:10CEF000E53E67BE59BA75BEB43F4F3DB4E0213D33
:10CF0000307C9FBDCAFFCCBD3A10BD3D43BEBE3B89
:10CF100083DE543E43606CBD3FE5E23BBB664C3D67
:10CF2000DCB8BF3D77D446BEFA4B8DBD23FD243D12
:10CF3000623C89BEF7ED14BDDE62B03CC30FFFBD9D
:10CF40006EC8A5B9AB17D13D1C1EB7BDF8DD88BEB4
:10CF5000B79B5EBE984DB1BD745803BDBC07853DFF
:10CF600010CC843D2F6B9DBB0CB194BDCB99833D00
:10CF7000C19B6CBD5BAA58BD2022C53D49C3AE3CD8
:10CF8000E8E25B3EED62ADBD042F7D3D55CF563DE1
:10CF90006F6101BEF165F8BDD0138A3C4C4C8D3DEC
:10CFA00038A8203EAE6C063E6F9027BE72E201BDEF
:10CFB0003E8506BD26EF30BED19214BD182398BD24
:10CFC000BBFF7FBDEDB233BEEA26F9BD037BDFBCFC
:10CFD00051A321BD2F872B3DBD9923BDA8E6FB3C66
:10CFE000D53E75BD593F293EE020FB3BADA4603DD9
:10CFF000C7C1BDBD168B3FBD956D8C3A0ADC5ABDCD
:10D00000CA1BFE3C2EC61D3ECD9397BAA5176F3D99
:10D01000547E693E29094DBDF772E3BDEAFD0E3D20
:10D02000E5D4C7BD023D29BE41B666BDC687893D70
:10D03000F026C1BE5C43BA3D3ABF2CBEE9449DBD5B
:10D04000119C3E3DA6C58A3C691C07BE00930FBEDD
:10D05000B71895BD23DEE0BD37A774BEB83E62BCED
:10D060003A39383E0E36AEBD7ADD67BD446AB13B13
:10D07000372876BDB9C9CB3D004BE3BADE403CBC96
:10D08000BB73B43ED6F4143DC1CB2BBD8B3D333CBA
:10D090008CC824BE06A03BBE103724BD8B61B6BD34
:10D0A000D84736BDB3103C3E0B915BBEA5F189BDA0
:10D0B00044D00FBEACFB76BE25F494BD02D77F3CB6
:10D0C0001D262DBD60FBD7BD3466C8BD9E0CC13D7D
:10D0D000A4C211BD07329C3D5B5E7DBE39B358BD15
:10D0E0000210C2BDBC97B73D1C33B03DAC394A3EBF
:10D0F000C5F8ADBD672BDEBDDB6E3FBD9426DDBD43
:10D10000DD5DBBB91AF1843E8D2F8ABC5B3C553D79
:10D11000449B003E459D8B3D9CD700BEB43A18BD54
:10D120005F3AD4BDDE346B3C394B17BD65D7ACBC20
:10D130006035F2BE6064F9BBC83AE93BB142A53E36
:10D14000B40DE0BCFA6D56BDAC8CB3BDF9B72D3E45
:10D150005008DB3DDC3012BE02542FBEF42C6E3D75
:10D160007215AB3DA68780BDCFCC903D57CF183D03
:10D170003BB4A43DE0A4213EF604B83DF6E9103EE0
:10D18000CD0F8C3E8DBE803B5B287E3E76FDC33D41
:10D1900087D2593D01EDCC3D4D8FDFBD68143D3D3B
:10D1A0008DB23ABD32F13A3E47199FBE7C30953D73
:10D1B0009F2F87BE7763E8BD91AF8B3DA3FED23D25
:10D1C0006EA5EA3DC900313C00965DBD2B1F4D3D6B
:10D1D000AC8400BD7CA4993D4529D33D12DD86BDBC
:10D1E000791891BC751D9A3E0C2D2D3D3DFE313EAA
:10D1F000E9B1723CC8BCB7BDDD92B5BDACA4C03BC3
:10D20000420328BDECCAB73BEACEB1BBF24F80BDAA
:10D210004C6469BDA80D4EBDD388123E9465873D10
:10D22000663D803E7AAEDCBCEE0B0A3D77C2C13D66
:10D23000180B01BE8220DF3BD6E039BE282E553EBA
:10D240000F317FBE9BA826BEC4CC5CBE4AEB5DBC42
:10D25000B51EEFBD8D2F103CD26D90BEB05B3D3D35
:10D260008BD09CBEAB32C6BDD5726ABDF732BEBD97
:10D2700074F73FBDB19029BD7EC57BBC89270E3EAA
:10D28000B5C453BD61D47DBE9831003E151F7BBD32
:10D29000C46C16BD8CF6133D574B5F3D1816313DDF
:10D2A00027897FBDF9C7113F5229963E20C9F83C16
:10D2B00040B822BDC163E4BC53369C3D7828D03DC4
:10D2C000DA4E4F3D7C72DA3C0393FA3C2DB382BDBB
:10D2D00004523DBDE31880BB97074E3D7EA6DEBDE0
:10D2E000FD7D0D3D7CC5433E4F02D53DCB2D44BD5C
:10D2F000E5D4D2BE115118BF71A0B5BD59D67F3C3F
:10D30000713620BC90F1FE3C6FE17C3C0E23B2BD37
:10D31000F0DA8EBDFFB91DBED1015B3E3A98863D65
:10D32000F965473E0A6C4E3C0CC310BEE816E3BAE2
:10D33000773716BEB977AB3D709689BD2920CA3CB8
:10D340004C842BBEC3BBF0BD76942F3D36DFEDBDC4
:10D350005D7A55BD21436BBD88FB83BDE823073D46
:10D36000307BE7BDFFB243BC6C2835BB9B9C82BCC5
:10D370001B921E3DE2D503BD10470ABD9825DA3D3C
:10D38000B7A2A9BDDA50B3BEA3BE0ABDAA5F9A393F
:10D39000FB9893BD8CAD85BD944B3CBDE0288C3B88
:10D3A000E70C32BE000FA13E6A6EF0BC77E3C1BD50
:10D3B00050F88D3D574817BD9C6300BDF4F98A3D78
:10D3C0006A196C3D2A112C3D3D9E713CFA46E1BA2A
:10D3D000B4510FBD33FB2FBECF08A33B4AE0B43C92
:10D3E000B07CC73CE4F5323EC885BF3D22908CBD81
:10D3F0006C8EA3BEB948ADBE444CECBD4A8ABCBDE0
:10D400008AE1283E317195BC57FA923DCD7634BD04
:10D410006A8A22BD376D4BBE8701953DAC0A1BBDA4
:10D42000A0BA1B3E0B8511BEE6E984BD36B2973C1F
:10D43000D5FDE3BD4B98843C852798BD7A3CA53D3E
:10D44000CAF6DBBD01C35FBD9B6150BD53A7D6BD0E
:10D45000461A23BEE5F983BCFD5508BE938297BDED
:10D4600044013FBDAAC600BDF3AC173D5BEEFEBD57
:10D470006AE9B93D14FFCD3C30C3A6BD4D6640BD41
:10D48000C88B47BC300199BE872D713D88365FBD82
:10D49000157D92BD54E1ADBC951559BE4469533D0F
:10D4A000B5B8EEBDEBB3733ED50A70BEFE0475BED3
:10D4B0003D58433E525BD6BD03C093BD1C30613D19
:10D4C00063522E3D9245B63D8AD9803C79181C3D69
:10D4D000FEDF9A3D2F1768BED7B6B23D12EFC2BD30
:10D4E00043E1B33D57BA253E8C34B6BC34F9A6BCF3
:10D4F000CDA47DBDC92F54BDDDEBE3BD1DF5D4BD6D
:10D50000CFCB0A3E7BF3513E8CD7233EB53A17BDB5
:10D510001A23B93D6DEC57BEFCDCE93B1EC8863DC5
:10D5200096CECA3D96698F3DF8B9893D0173C7BC57
:10D53000354BBDBD13A1933BFAF922BE9887023F3C
:10D54000675413BDCDD3D8BD3956023DEF0599BD03
:10D55000CC48ECBD0B784A3E61DA83BCFAA55FBDCE
:10D56000F13FBA3CAFDD383D01A1DBBC0489D43DBD
:10D57000D6E6583B2EE201BE44C8C03DCB7A0D3EF4
:10D58000DA99A73E011558BD6309A63ED0FCBB3D04
:10D59000A0BD9ABD5F51BD3C400C19BEB0C4D8BB04
:10D5A00064CC833CDFEA4A3E67E8A0BEE8CDFABD22
:10D5B000D0503DBDA85130BD611A0C3EF814A83DB5
:10D5C000CC29533CFD908DBD66377E3D87765F3C10
:10D5D000EC35BF3DBC1BB7BCDDA7C53DE7DE2ABEB1
:10D5E0002E92423D2139AA3E2707A13D7AB70C3E33
:10D5F0000C4A4CBCBE7320BE537CDC3D9EEA39BE57
:10D6000065A7EBBBCC08E33D6F881D3D92C916BDF5
:10D610009C43033E764786BDE15A2A3E1EB2F4BCC7
:10D6200080E850BE186C223E171AB4BD9426093EFD
:10D63000371B99BE369DC73CA7AA86BE650CDB3E4C
:10D6400089D29EBCE377F0BD096C2C3DF15584B9BD
:10D650001149FA3D3A28413D8BC748BE6CFAACBD32
:10D66000C9F48F3DF7A1CABD8AA2BD3DCD803FBDA3
:10D670000505B5BD0238C13C47C28D3DF7DD923D81
:10D68000018CE53E1F9B89BDB179203E303628BD17
:10D69000C82313BE0920273B1F492FBE2584A2BDE6
:10D6A00043F030BDD5565E3E75E38ABEC476163E65
:10D6B0001B7F9ABD9CD48EBD399C95BC2C396F3E86
:10D6C000DB999B3D268D803D35B991BDFD2AE93D15
:10D6D0009B76C3BD9158073D03097D3E1F5976BE19
:10D6E000A983193D84F29E3E3388D03C971D963E17
:10D6F00005907B3DBB4C05BD0C7359BC88C0C8BDB3
:10D70000BABE1ABE7D5970BE3EE9913DC4B0C93C57
:10D71000F4994BBE3DDB52BEC67F2A3C996E2BB9B5
:10D72000B73332BE704A243ECEB357BDBD16FB3D63
:10D730006B9A8B3D0F6AB2BC6DC0293D7B4D88BD95
:10D740001EF0F2BE494FEA3D3C28ED3D8E341D3DB2
:10D7500003882ABE345120BBE496D5BC08962BBC66
:10D760008488A03DCA5636BDCCF3AD3D8E1C87BD26
:10D77000CBDCF63DB56A7D3E94F3503D290B6FBE80
:10D78000268315BDF7DB90BCE2A91EBDBFE69A3D1E
:10D790008631F2BD027BB3BA7435D73D609F4FBC72
:10D7A00000522F3EC3A4223D7BE814BE3B8FB53D03
:10D7B000621D06BC1982DE3D76EBCDBBBC13C43DB9
:10D7C0005B0A263D45F599BDFC64F43D2A5233BD04
:10D7D0003A67A5BB3D8E8D3DB0F6D13D75A4C2BD67
:10D7E00084239F3D7DFD463D7B3E8CBD46AB0D3E7B
:10D7F000BAF4D13D5F99063E2A851C3EE7E6A6BDF8
:10D80000A24222BEF0333EBE88769FBD39ADAABD8E
:10D810006AD88FBEF420EABDDD308B3CD8E672BDFD
:10D82000884D303BEBCB6BBB43E79FBDEAF756BD62
:10D830008C70C3BDC905313DC08EE8BC3D97903AA0
:10D84000E34A09BF4D5D8A3D3D080EBD260FD43D1C
:10D850003B0C82BEEC49BABCE027033DDE2DB53D52
:10D86000D184923C9715CABD2B52FC3C5C68D33DD9
:10D870007D1D723D1E10823E4E9C2E3D8A0285BE4D
:10D8800028C8013DA03A183C45F5C1BDFB60D23D1A
:10D890001FC653BB42FD9F3DA827C83AE89EB33D33
:10D8A000752565BD9CE7323D7C6532BEAEA0A93DC5
:10D8B000105A183C69F72C3E7B86A6BDA6B75B3E86
:10D8C0008EDE303DC5B805BE109FA6BDA71A9A3C96
:10D8D0001C46813D79A4373EEB43BC3CD7C42F3D69
:10D8E000052E94BDC8254C3EEB39E3BD076A773D54
:10D8F000A776533E910EF03DC386443D3F66E63C1D
:10D90000C92827BEE2CA99BECFBB213C56B25ABD38
:10D91000914784BE3BFC8DBB6EB2A83BA1A80E3DD7
:10D92000A2EA6ABEBFB31FBDF0B162BDA76D24BD40
:10D9300074381CBD4FAF913B25DB2ABE61A8AEBC3D
:10D94000AE66AEBE43639DBD9794FFBD46D63D3DDA
:10D95000DCF90CBE420310BD7CDFECBD14C6BC3C40
:10D96000E908A03C20D0F7BD64A8DE3BCF359D3D43
:10D9700088FD673DE5D0533E20348FBDC22198BE5F
:10D980009B7E813DA1F52C3EC49EA33CF9849EBDA7
:10D990007261AC3C69A393BD83BF0CBD50C30CBC8A
:10D9A000BC7043BEC81525BCA4493EBEF50042BDAF
:10D9B000B1ACF13D11812C3EA481323E55B9163EE9
:10D9C000EA560EBC6DB2513D6C03FF3AC56B813D0A
:10D9D000B1B1013D79215C3D71B7C2BDC1F760397C
:10D9E00046ED38BC033E413E794B23BDF052A73D86
:10D9F000449F3C3EB908F13DB744A53D7B574DBD22
:10DA0000F5BF75BE6A3292BEFCC6913DB655A9BD42
:10DA10003C2339BE115B1B3EDAF22BBE64634A3DE8
:10DA2000F39994BEE39363BD8338F3BBF66217BDED
:10DA300080AEFABD44B73A3D221F993E17E902BFB6
:10DA40008CDB05BF870600BD214D0FBE6D6EF3BC9C
:10DA5000F38256BD20D9193EF58465BE420786BDC6
:10DA6000B75881BD591417BE5153A4BDA5F7C73B84
:10DA7000F244943DD2EB4A3DF2D87EBD9A4F8BBE24
:10DA80006222233E8259403D720881BE8AB2D33B56
:10DA900048B6B13DA1303E3C60287EBB0023733CBC
:10DAA000E11050BEFCA6F5BD996EDFBD1220153BFE
:10DAB0003E1A643D880B233E47F3033C31689F3D8B
:10DAC0000F690EBCFF60253D33A438BD78CEB2BCD3
:10DAD000409982BD50A89DBDCA8CBB3DD967E1BCB1
:10DAE0003293CA3C22AA83BD0BB8103C85E81DBE08
:10DAF0001A6FD43A7DE7F1BDBA5F683DFEAE1B3DBB
:10DB0000F06FDFBEC26E2CBEE302853DC532BCBDE8
:10DB1000F2C298BD5C8EA83D686381BDB450A7BCBD
:10DB2000904E5C3D03B48CBD570BD03B4EB6B73D19
:10DB30006A6217BE58B9823D9A490BBE4C57F1BC78
:10DB4000485418BF03EE10BDA850C7BED66010BE23
:10DB5000AFCD3B3DA2FCC93D569BBFBD403E7C3B8B
:10DB60001C9857BDCFF4543DBF21FE3B41DB73BC35
:10DB70004109A33C18FB203D9041DF3C767181BEFA
:10DB8000DAFCA93D41762A3E782D21BDA634D13D4F
:10DB90002FF2D33ECC8CA43C288201BED071D7BBDF
:10DBA000C13732BE523F29BDD3D5FCBDD97211BE9B
:10DBB0006BE2653E0E7F213E982DB4BB6E5F5F3EEB
:10DBC000722BD3BDE9B0B2BAA3318DBD503881BD3F
:10DBD00014C057BD253615BEA443A83CD969EDBD78
:10DBE000BEB6DCBC422F903D9DC4903D8DAE203E24
:10DBF0003C101D3C11D5DBBDED4A0DBD9D5A85BDC8
:10DC00000DB6CA3C5ED43E3D934EE13DFDD7A63DE8
:10DC1000AD1E9B3EC54B5EBEB9AEC93D1C3AC93C6C
:10DC20004744B03E1965743C3A5C043D775C273D3F
:10DC3000877A443C8784E8BC540F40BEBDC677BD9C
:10DC4000E9FC8C3E072F44BED5CBA53B189631BDD1
:10DC50006C62F8BDC12FB9BD3F0B0C3C194D2DBDF9
:10DC600050748FBD2E9C753D22E3103C3C0442BE97
:10DC7000A27B813EF6262DBCD87E1C3CE7BA113E25
:10DC8000002F153E761F47BEFD46B0BCE09D703CA0
:10DC900049D9DE3C4F622CBC90D4B6BDA48A1EBDCF
:10DCA00028F729BE132FBE3EE9F124BE0B3EB0BCBF
:10DCB000865238BD58A80F3C8CCA773DE2CA1CBEBC
:10DCC00002EEB4BC6017EB3D8DE0893DB6B8373D40
:10DCD000EA82AE3DF408C03C1F3EE83DD213123E3E
:10DCE000151111BC0D8A363E55E0B13D1FFA38BD05
:10DCF0000AA28FBD7EDD6EBD847016BE9D3E1A3CAD
:10DD0000FFC282BD0807F4BD0C43B03DC7DC5EBD59
:10DD10003FB2323E8E30B0BC7000D73CE71A52BDE5
:10DD200042D9073E712B983DAB9EA9BBFFAB4ABDC4
:10DD3000E0E8B03BF11BD3BC02AC00BEC2BF9ABE50
:10DD400014A6493E3EE99FBD18382F3ECC5B8CBDE2
:10DD5000093265BDCDC832BD29725C3D745D743D2C
:10DD6000704A31BE61AED4BDF586C13D09C84FBD14
:10DD70003A8AF73D7A32E13D7F42AE3DE4B41F3D41
:10DD8000B6E2F2BBC74A92BE5C999CBEE8322FBC99
:10DD90002702853D8AE8A4BDD419BF3C06DCA23D1C
:10DDA000D14482BDB373273EA5FC973D863CCBBCD6
:10DDB000022B373C54F83CBE632A24BD51EEA9BD6A
:10DDC000C1CF403D5F171F3E1656943DFFBF31BE89
:10DDD000A44F793C511482BCA33261BBB71561BD1D
:10DDE00060538EBD84095C3E03F1913BA59BC0BE90
:10DDF000A9ED5C3D3C21F7BD3611EABCBC4BD6BD5C
:10DE000031373DBD5B9C13BEDDE8553ECA818B3D7D
:10DE1000CDA618BD6A8904BB0FF9B2BD354697BDC2
:10DE20000B86CC3D76FBC63D02DC0A3C212FBEBDF5
:10DE3000736A4FBDDACBCB3DADA84CBED54234BDE5
:10DE400088B718BA9E736B3D19A4C73D33E18FBDE7
:10DE500025921E3DFE6E49BEBD85EE3D61B0C1BD41
:10DE6000E75A04BE715A61BE11975E3D0C2260BE36
:10DE70002660123D76E856BDB66D0D3DE97CF93C55
:10DE80006DAA89BCDC6555BEF850D4BDC2D6B0BD04
:10DE9000381CBFBD4D8C013D7F21013D0E96C13D1B
:10DEA00039BC3FBD1702813EA97AD5BCFE92D4BDD4
:10DEB0000469A9BDA6A16CBD7AFFA7BD0CC24CBE6A
:10DEC000B8DFABBD837CF03DE3FEC3BBDB8283BE2A
:10DED00037A08C3DEB172ABD8970F2BD909B06BE22
:10DEE0004749B8BD82051F3E20AF74BD4B8E4EBE64
:10DEF00046403D3D3B8742BDC72916BEF605E0BC06
:10DF0000D03F87BD75241DBE4666063E03B13EBDAB
:10DF1000C4B0913D63BDAC3DEBFDBE3CD89100BDAE
:10DF20004FB6743E648E303EDAB2753D249277BDB2
:10DF3000D24AF0BDCD6F0C3DEDEFE1BDD0EA97BE0A
:10DF40000837763E95E719BD258B3C3E9A229DBD4C
:10DF50006E85293D6BFC11BEACC8283EE0F8BE3D85
:10DF60008F99373B203C0CBE6144633B6277A2BD76
:10DF7000BE508D3D32E329BDBA71BCBD8370F43C07
:10DF8000DA5F9F3DF7913EBEE9A3ECBDF0B5FDBC65
:10DF9000809E5DBE7C6809BE08B4A8BCB872783C9F
:10DFA0004B3292BDF097923E70A5D9BEE7E6123C87
:10DFB0007BE461BE05602F3D63FCFEBC234D3DBE8E
:10DFC00096416FBDC4D3BABB225FB1BDD19335BEFC
:10DFD0007391F5BCB20E813D0A09A1BEE37F0CBD71
:10DFE0002470D03CD8DF263EE78E43BE1CA816BE68
:10DFF000A70D233EEA9FB43DA43923BE43FB7BBD5E
:10E000003DA1603DF4EBE7BD804D563E8FCFA2BDF4
:10E0100077146A3DB93C223EBF0342BE4A29873C81
:10E02000C9FFBF3E0326B73BFA21ED3B99B78FBC32
:10E0300092B5433E39D8DD3CB6C8713EA0D756BD37
:10E04000ADA6313E70A47CBD2ED61A3D6204A6BD9D
:10E050002AE046BD413023BE1B217E3E7C4AB9BD2D
:10E06000A9AC05BD4690B6BD13D8183D91722FBE20
:10E07000398A0D3D95BFD9BDA04F0E3D755116BED5
:10E080003312163E8A21C1BC149C04BEAA05AC3DC5
:10E090002A453FBEAF1A3BBD5E30B83D744D8C3D46
:10E0A000804B193E2039113FFCC2EDBEC8AF1D3D6B
:10E0B0001EF43F3DA08D223DC09E15BE12E869BEF4
:10E0C000E37F2FBC2B9320BD009613BD654F3EBE52
:10E0D0009294503D3443873D2464B3BE25081CBC54
:10E0E000239FBBBD2E48593E2D8E3ABECF7454BDE2
:10E0F0001B41AE3D68C46C3C4C11413B2C3E52BEB2
:10E10000D041F0BBD06C5E3DD20F693CE5FDFCBB5D
:10E110007FA583BD54E61B3EC83B873D28C8C73C4E
:10E120000A061BBE779346BD8E44F83D9FA6C63AAD
:10E130009954AEBBED7059BDC2F4A83D6F3EE0BA34
:10E14000258418BE951621BDAB340BBAAE2771BD20
:10E15000CA4F983DD6EA383C65FCF2BCD6D6703B37
:10E1600001A2B13CA0C4063EA1179B3D6B766EBDDB
:10E17000402C8D3D6AF457BC9ADF5ABCF93CADBDCA
:10E180007FD6C4BDD4CB14BD34DB583DC0EE5D3D5D
:10E190001AAE8F3C6786E83D4D59F3BD444D28BC0F
:10E1A000845F80BD52AE1CBD32EDDB3D355E1A3D55
:10E1B000C79353BE9748C3BD52AA7CBD3945AB3DFA
:10E1C000136111BC49433C3C1BB45C3C921366BDDB
:10E1D0000962A03C0AD2E33CCFA7973D730D85BDF1
:10E1E0009A3D8EBD665483BDBB5FB0BD75580ABEF7
:10E1F000F63A15BDA35D943DB3594ABD5AB58C3D61
:10E20000DA5FA53B2E7D8FBBDA81073D83966E3D9D
:10E21000A4C527BD0BA8EC3CF1F8083D208E8ABDB3
:10E220001F27F2BC0C6327BD703D85BD274F17BD6E
:10E2300058BC383BC03A65BD3963BBBC9F60A3BDC9
:10E24000A9DFE3BD2D58EE3C2447143E5367913BB4
:10E25000BA5C903DEF6C1FBC597945BDFB143CBDC9
:10E2600057AF25BD4557523DEA5AA3BDA668DA3CD3
:10E27000859F943B77C851BDEC981FBDB716B9BDBB
:10E280009C794CBE36F1DDBDDB2726BCF752C0BD04
:10E29000DABE8F3DDD1497BD2718733C16B89F3D3D
:10E2A000B86C033C165F3ABD1FC91E3EDAE8D43C89
:10E2B0001E3DC1BD2AB0D6BC8CD1DCBCF20926BD46
:10E2C000E5695DBBBC08CFBC0B7E4ABD4611A9BD4C
:10E2D0006A68B3BCA0C65ABC08EFEC3C8F8C9BBCF0
:10E2E000CF1A563D6FA0B2BCBD2283BD197FA43B9F
:10E2F0004AF9D9BD63EF333D24523FBB67BD4E3D64
:10E30000319C88BD38E0B83C958EC0BD9755913D95
:10E31000549AB13BACCFC23DC6254C3D5BED643C4D
:10E32000CBEDAEBCB7F9803D385D1BBDEEA7D4BDCB
:10E330006E966E3D67ABF9BCB854D5BD23691FBE60
:10E34000900124BEA6EFF83CDB89D43B4B42A9BD2B
:10E350001926153D10AAE1BD3F7C92BDFD6DC2BDE1
:10E36000891CC4BB2DF4353EF133FDBC877DD1BD86
:10E370005820A53D9321F3BC5B4610BD48C1F23C3B
:10E38000756A10BE3644623D9B058EBC0E4C5ABD6C
:10E39000A5340BBD2298A33C356D2E3D5D8B9C3D75
:10E3A000AEABC03D30318DBDEB6CA43C061A103DC8
:10E3B00065CACE3DBA5F9B3D2BE46BBC46BB6EBDD0
:10E3C000535FAABD16E89D3C76E2393D5BEE903C7A
:10E3D000AC15AABC3073733DD445FC3D6DC79C3D64
:10E3E000D7BFB1BDAF8DEFBC573FA0BDE419823E92
:10E3F000A03528BD9E8B2239F186803C741B5A3D86
:10E40000C7BC44BDAA929D3DF9E489BD482E763D26
:10E41000FC46A83DBB5913BDD0B69D3DB6F3013DAA
:10E420002F3981BCFA93FF3D19E1B53C5EC1A83D8F
:10E43000062C8EBB6FD3343D580F26BEF5463BBE2F
:10E4400047C325BE492B0D3E2F6858BD65695EBE8A
:10E4500045A15EBBE60190BB8AF47A3D07F7803D9B
:10E46000D67788BB0D58443E26F39CBD0A774C3DB9
:10E47000BF21C63C94FD17BC3370D4BA52DFCA3DED
:10E4800014A08FBE5B7F0F3D484B17BD496C33BD59
:10E490004400F2BC5E011DBD3F6CE0BC9E1EA0BDF1
:10E4A00048C3FF3D0BBC70BE65EEA7BD1E9D813C01
:10E4B000105AC83D1A5ECF3C7693E0BC33A74EBDE0
:10E4C000056EA2BA710F15BE427C8ABC4F24B8BD3E
:10E4D000525662BCDF0695BD372E373DEAA4B9BC63
:10E4E000BD02FE3CF1BDFBBD79308DBDE4BAE83D17
:10E4F000415926BE2BC28ABC34D9F63C22FBDABC79
:10E50000FDB9CCBC7AAAA93DC40F113DC0FEC23DE5
:10E5100082C05A3D45FF38BD249B3FBD766AABBDE6
:10E5200098DF84BE66DA9EBD50F8323D9DCEE5BDD3
:10E53000F3EBAE3D5403BEBCE3C15CBDA83FDABC07
:10E54000DFBC82BE3892A53ED44E08BECC9C8BBEAA
:10E55000C7C573BCB5B8073EA708AFBD6EF1AEBD69
:10E56000D178293E670FD03C02E8763DE894803DA3
:10E57000851BBB3DB173183E9E5A9BBCE083CB3DCF
:10E58000A680C6BE5B95B93D805FAF3CB28A7ABDBE
:10E590007DE4FDBDA372B3BD5A70F33C00EEE439D7
:10E5A000DE38B53EC4422DBE44EC673E054252BD46
:10E5B000DC5B943D1E05E9BDEA59823BB390E8BDA2
:10E5C000C1C1E03C3E8C69BE7F609F3D7A9289BCB0
:10E5D0008483A43D20A46F3C5190183EBE61F4BDDD
:10E5E00032AAACBDD3C72CBEE21730BDB33D8BBE43
:10E5F000485F83BEC48E41BEE0A49EBC63A40C3EB3
:10E6000085ABC7BC0FAE40BCC7CBAABCF43868BD55
:10E610002C4429BD17FAD9BCF49110BDD197CD3C3B
:10E620005E66063D2F7626BC04FF863D136299BDCB
:10E630007C188ABD3E53C53DE0285CBBE0C92CBDBB
:10E640002865843D11067B3C92F341BD7AB0BEBD86
:10E65000F8E5B8BD9D2FEFBC144824BD5C4DE5BC6A
:10E66000B59DAD3D773E62BDA41DC53D1311373D3F
:10E670003FAF11BD9CCD8F3DC457CD3C1F41D6BC93
:10E68000AB649DBDB0858EBD8C3C3B3DA2D68FBD9D
:10E6900094722E3C075F103CCACCA7BD17F4C0BDD6
:10E6A0002A6B783DB66D443C5E1802BB081118BD5C
:10E6B000A3BBD83C376B7D3D56DA85BCA26703BB54
:10E6C000540DABBD1F6088BB916F97BDA9DC703D39
:10E6D000F28C82BD8A4F96BD491C833D4FE3A43D19
:10E6E0008A96BC3DF5A2833D5058283BC17DCEBDE6
:10E6F00080BEB5BC362C023D93B7A5BD52DC943D1F
:10E7000047C8D0BD3D6736BC00C7F33C4EDD76BD83
:10E710007D24ACBD1D6DF1BC452D253C3442873DAB
:10E72000C786C3BDA6DCE7BD452B11BD938F773DE2
:10E73000C04E41BCC7827BBDA0550CBD001BBB3B7E
:10E740008A16443B063CC2BD2AAE99BDE3A96FBD03
:10E75000FCB0423B201E283D98D3ABBC8063313DCA
:10E760000CB863BC95B6283CF5908DBDC0CB49BDB7
:10E77000D66F923AE0BECD3BBA318F3DE051BBBC83
:10E78000D42DCB3C354EBF3CB6772CBD1E0AC03DC8
:10E790000FF899BD1346043DE1E37B3D0E4DA3BD4B
:10E7A000D12851BDCA47ABBC05B326BD19E73A3BDA
:10E7B0002696A4BDF335D1BD35E6133C3FC37BBDE2
:10E7C0006D3D36BDC8A3543D1844C9BDF343BE3C9E
:10E7D00049D90DBD0A4D91BD65D5923D0B06C33C8F
:10E7E000E73A31BDAA608F3C7BEB983DE1D58EBD09
:10E7F00013167EBCBAAD113DBFA5D8BC1205923C24
:10E800009110ADBDE6A890BDAF7A373C640ED63C02
:10E810003F7C31BD10BF6A3C8B3F6ABD3029C43D8F
:10E82000D00864BC50628CBD45E5563D1305803C64
:10E83000081E76BD8A18863D806ACD3A967EA03D38
:10E84000BBA6473DC8F9BBBCE90D963C3BBF1ABD12
:10E8500022FCE1BC94BD10BDC395713C341280BC58
:10E8600073C8253C19D88ABD0DCF063D0497423C9C
:10E8700061D18EBB6B1D6FBDB07D01BDC0AB03BB55
:10E88000F559C2BDFA5ECB3BF2642ABD55F3C73DD4
:10E89000281C95BD8475D9BD271718BD2C2886BCAA
:10E8A0000D8177BD2194903D65CF113D5A5242BDF7
:10E8B000D4FF163D8ED183BDA0179DBD0B2483BD13
:10E8C00009A6C8BB7C1571BD16EA6D3D4A49723D6B
:10E8D00040F4A9BD0283C5BAE67780BDE1549EBB72
:10E8E0008AD2CF3CF59485BDEE9694BC521991BD69
:10E8F000696916BD2F21FD3BD8FD62BDF1C3C0BDC6
:10E900007E4B93BA424EBFBDC79B18BC67CCA2BD1D
:10E91000E4BC953DE6A2CFBD167A2FBD95D43C3D13
:10E9200020D885BD9D7CB1BBC0F473BD000D46BD34
:10E93000037A51BB747E38BD9E938A3DFA6DEBBC61
:10E940007AC32B3DC6E3D5BD3DD3CBBDE8AD45BDB8
:10E950008EBB9DBC7A41F13C2B419FBDA0B11D3DBA
:10E960002B5F793C3EC80E3D42FB9E3CA6187ABD0B
:10E970009B8951BC8464933C048E32BDA78032BD18
:10E9800096B6753D163895BC5093AA3D8BAE863C25
:10E99000FF79D73C9432A2BDC1E9103C504A87BDF3
:10E9A000370E55BDB759373C1858F53CAA114EBC27
:10E9B0001EEDF63ACE68D3BD28C30CBDDA6E46BD57
:10E9C0005D64043D37C2BDBD8AA0AEBC1F3876BDB4
:10E9D00054366E3DEF3D0B3D1AC1113DF2BFE2BC16
:10E9E0008B8F8EBD78C7BA3DBC4B3CBD6B668C3DF2
:10E9F000E94A0D3B0AE3F23B943A49BDF306C9BD2F
:10EA00000503333D1778173B520DAB3C9DDA52BDE1
:10EA1000706225BDB1C2C5BD7D6D0A3D220B9D3D15
:10EA2000A9DFD0BD2834A9BD8FD3BDBD9A6C173DD9
:10EA3000A5BCAE3C3490AABCA6532C3D3697293DCC
:10EA4000A044F8BDCE73E7BD57E0F9BDCBC9213C6A
:10EA50004D98EF3CF6056CBD7FA2F43C28839D3DAC
:10EA6000CE98A0BD1D1F02BD38D087BD33F538BD7F
:10EA70001CFED2BDAD73A2BDDA469E3D5770EBBC05
:10EA8000119517BD7AA7EBBC3904D73CEFA963BD3C
:10EA90007FDDA93C8ADF85BD4ECEB0BDFFE06CBDF9
:10EAA000CAEB17BD3A9705BD7AB9493BDB8598BDDE
:10EAB000F15C35BD98C8123CDEFFD9BDAFD7ACBD07
:10EAC00090FE23BD1E98D5BD7BEF5BBD90EB1EBEB7
:10EAD000E6AC653DAB7004BE9A80823C48B91CBD73
:10EAE000E864D6BC0DAE0E3E9709923D6807F1BCB6
:10EAF000841DC2BDE2EDA73D3BF54FBCC970C6BD4C
:10EB0000B38F2ABE83366A3DA97A8A3DDAF1543D35
:10EB1000D7F4023D0FB57B3D67782F3D88D840BBC9
:10EB200097FCBABDA9C048BCF7D163BD5F72983BE2
:10EB3000B51FC1BD057930BD4DC3AABD3012B83A6D
:10EB4000A78BE4BD9A55E6BD7D1C0B3EFD36DF3D2F
:10EB5000A3AFC43C0F2EAEBDED9D6BBD5EC2853D27
:10EB6000CCECA53DA93E0A3C94F7A43DD13D76BD31
:10EB700072D79BBD9A8191BE9640D33D7A9995BC40
:10EB80005EC6A5BD8345E93CDE48073DD10C90BD7E
:10EB9000CDF4173E5A4A89BDFD5737BDD5908E3DFD
:10EBA000B5DCF2BDAD2DC8BDFA3F523DA944153DBF
:10EBB000A9750ABEDD3BF4BC27461BBD99DCF4BC3D
:10EBC000A307B23D2858673D8231A4BCA45FC53D70
:10EBD0000CECAA3DCEB1F6BDA6B80E3DDB5024BE6E
:10EBE000763F6A3D205E6CBED6FD963D9374CABBEF
:10EBF0008360F73DF5138D3D713AB5BC77AF41BCED
:10EC000043A208BD10B591363A6F86BDA19F3CBCAA
:10EC1000E0B6043EEBC24FBC5AC5B4BC7117853C8C
:10EC2000AB5B97BE840AA3BB897F0C3C9F968D3D4E
:10EC3000CFAC1F3C1C9C5D3DF9DC3BBE622B16BE7D
:10EC400006D488BD99FD323B83E74FBCEABD193D30
:10EC50004110863D2ECF84BD0BD87EBD6046783DE9
:10EC600071AB113C002E1F3E349D9B3D4A8988BCF0
:10EC7000E222E7BC54528ABE6C1FCC3D9D0D833D01
:10EC8000F8EED9BC01D5AEBCBDDBBDBD24B7733A2F
:10EC9000329E963DEA6C27BC7038E23D9889573D1C
:10ECA000C70CC0BA0F754F3DA57AB93DE5DFDABC98
:10ECB00060C3EDBD65F7E93C70A243BD3036D7BDFA
:10ECC000ECC3413DE11B9ABC20EB1B3D0EDA80BD3D
:10ECD000530B19BD80EFB33D0D6FD83C4027AABD43
:10ECE000A386C63CF6EB96BEABBC0BBD7623ABBD94
:10ECF00003D40B3D7D01883B30A66C3D5E55BC3D89
:10ED0000AEBDE83BBFEFF83CCE2D02BE3F72433DA7
:10ED10004ED640BE6EEFC13D4049FABD1D9682BD44
:10ED2000BB4AF0BE019297BCD081D33CAF70F4BC1B
:10ED300042234D3C70CBAD3C89EF69BE462CD7BD1C
:10ED4000E3C0FDBCF8EF3CBD876773BDE3EDD93B85
:10ED5000BF6B83BD73EC9BBD2DF18A3C084534BC71
:10ED6000D298BABC95887F3D5BD5B33D30EC6B3D06
:10ED7000848707BD78B28FBEB4F84CBC4BA838BCB2
:10ED8000099E50BE54BA63BDBFC154BDC25A593B5F
:10ED9000F64E8C3D31C8B03D6E8791BD522B283D5B
:10EDA0006B5AB63DAB670BBE7E909E3D9C2084BDEA
:10EDB00002AF253C1D27CEBDDFE2C1BC064F5C3D46
:10EDC00082F784BC56689B3D17AD063D20C6EC3DDE
:10EDD000FDE148BC34B2C33CB7610DBD15F61EBCA5
:10EDE0006CC2C5BD4AC227BE54EC8DBC21C047BE13
:10EDF000B9E029BEB401F33D7A090E3DF79FBBBCD3
:10EE00006310603D66DB10BE26EDE1BD29BF4C3DC1
:10EE10000266823DB7F0D23C280EA6BC1CCD8A3DCE
:10EE2000F6D9DFBE6CBF623DA4CBF1BC4C929C3DD9
:10EE30005A46D93D1A259A3A9B7906BDA3529FBDE1
:10EE40008D79E7BD7B248A3D295581BC2FD282BDB7
:10EE50004D22BD3C2ED8043DED2DF93D3C1EEDBCB0
:10EE60006C55453D0A0582BD05EA133DC260183E5A
:10EE700085BD0EBDC56111BE33DC83BD49B307BD81
:10EE800077469EBE904B143DA21922BEB9839C3D8D
:10EE90008D6031BDCA9420BC3D1EB93DC344913D37
:10EEA000AF20153E5A6158BE4953803E0628153D95
:10EEB000274BF43DED8A29BE28B808BE10B15CBDD1
:10EEC00030A82D3DD701FEBD402A013DEB4B0ABEC7
:10EED00079B583BD7B936A3DF782BFBDE029B7BD9D
:10EEE000A5F1D7BC6118CBBD16FB933D8D9691BDA6
:10EEF000A7212FBE8511D8BD9E1F373DC9702C3D5F
:10EF0000BF810E3D00E036BD139B4F3DFE6D7E3D43
:10EF1000F1E6C83D0A80E43B9F286DBEFB8DF13BC6
:10EF20003BF1F4BE0504ACBD91610B3EEC9C113D80
:10EF300048822D3E51364D3D5FAC9EBD1D41D93CB2
:10EF40003FBFB2BEFB6F8F3E5263C0BD19AD60BD07
:10EF500060EDCCBDFFF3CC3D0CFF403EC8A7753D36
:10EF60003282C73D934451BED26887BA0FDF36BBA9
:10EF7000ECB4E53CFA7D9FBEA9669F3D5B71FCBD8C
:10EF8000852AEBBEC6AD5C3ECB281BBEF549AE3D27
:10EF9000F07F72BE7E4D5EBD5F2AF53D0B61B33DD5
:10EFA000183BE73E4E7A83BEA2291A3E2EB6C5BD57
:10EFB0007E15F63D1953A5BED4F29ABD90C750BD3B
:10EFC000E1C68BBD193829BE6566933D25FE16BE88
:10EFD0005B02A23CB4A6B53DABA9C4BD3A7B41BC23
:10EFE0004C2CC5BDD602D3BE7344293DD13A81BE57
:10EFF0005C7493BDEF0563BEEC362B3DE3FA623BD8
:10F00000040301BE1E42383C3EE206BC1E989B3CF7
:10F010008167B9BD071F12BEC7C4A33DFD25683D6A
:10F020002076D43DA9FFADBCC044FFBD7E30CD3DB0
:10F03000E1D7E2BB6854043DD5A3123E5E39773D6B
:10F040006B0EA0BE04750E3D216F48BE02B592BB8B
:10F0500028BD02BEFBF29CBC87FF21BEA9CFB4BD78
:10F06000B03C80BE852E8B3D379DD53D275DD5BDFF
:10F07000F226D3BD2420E53D5BDABFBD86190DBD68
:10F080004FB40B3EBFF45CBED275A8BD3074C33D17
:10F090009344BDBD13E42DBD438DC6BD96D59EBD25
:10F0A000092B33BE1C580D3E0D52293DD8A0DE3C25
:10F0B000843644BC3A6E16BEA86A8FBD8A0BE63D04
:10F0C000AEA4F3BC170C9ABB4EF8843C968AE03D84
:10F0D000B376913DC1835FBE6E43F4BC8A9C3D3DD7
:10F0E00037B6133E5A81B13DBB2EE43DE29436BEA5
:10F0F000E398A9BED65FCDBCA7697BBD3B6308BEC4
:10F100002C8654BD478FDCBD7233F93CD0B4EABCC9
:10F11000BF77AFBD8031D5BD0316C53D5E9BC73DF2
:10F120007D512F3ECBCB8FBDDD3DF0BD354B10BDAE
:10F1300033196DBDBD37A4BD270A8D3DFE1B1D3E95
:10F14000092A87BECC4874BD8AB92BBE60FBEF3D4F
:10F15000C7B1D8BD6BB774BD8E368ABDBDBD81BD8C
:10F1600097DB68BEBF038DBDBA0DAE3D430F27BD13
:10F170006FE7D8BD8A9ABB3CB068CABC3D5D01BE92
:10F18000548969BD713509BEE609083E463DADBDED
:10F19000E7CE383D090189BDAE3A30BE8341A0BDFE
:10F1A000C456D5BCA4A27C3EF3841ABE250EC43D31
:10F1B0005BC4903D7C8422BEA184893C81AD1C3C13
:10F1C000E075DABD776BDA3BE6E706BEEFA7A43D54
:10F1D0005D0E5EBD160482BE2E8B6A3D45DCB5BB5E
:10F1E000B52F523D31AA0C3EDE0B95BCB238203B08
:10F1F000027485BE2BC5C3BDE59899BD6B496BBE36
:10F200003648513DFCC1CBBDE40B373B7C97A4BDD8
:10F210009434813D61EC7FBED799363DB6C53BBD88
:10F220006286243EFDEBE1BCC761293B6C4D50BDBD
:10F230002DF0A6BDD87FA23D8C90323D4231CA3D13
:10F240008B906EBE3F3A2ABE202AFFBD4F059F3DE0
:10F2500058AC613DC3E9A33D76473DBEA8949EBC32
:10F26000572D6ABEF11B853D960487BC49996FBD39
:10F27000CFB945BDFEDC903CAD3C9C3D50C4F2BDD9
:10F28000155DA8BB63E187BD969F053C0FE7493D2F
:10F290005693DBBBBD6A35BCBEBF64BD05906D3BFC
:10F2A000C324FFBD3DF60A3ED5785EBD3A89243DB4
:10F2B00065E2FA3DCB02AB3D9007D33C0A7B763D3D
:10F2C000F03715BDD3114F3D33C909BEDC74BD3DC8
:10F2D00094C9A33D211615BD3717813E2CE3883D07
:10F2E0005C5A3A3E8A77143D39987FBD06B875BDA1
:10F2F000A679E1BD452A833B67D9CFBD09A248BEA7
:10F300008EC437BDFA579D3DE340B53C034AA9BDC5
:10F310005F2A90BD858782BC3C70133D936C383D5D
:10F3200043CD113E41BE063EED2A853CFF7F9CBC8D
:10F3300035950FBE92F9563DB0DC623DE4E7E93EFB
:10F340002AEB123DAD02BCBBD739BEBD4E73943D16
:10F350002C86F53DDF85A43D04F13E3C94234F3DD2
:10F36000B0ADA8BDE46D2A3EB6C86BBC137113BC2A
:10F37000ABF85F3DDCE3693B5F70A6BDB4ED113EC9
:10F38000F2EDDB3E53FD22BEDB04473E3BEB823D0C
:10F3900077C5903B3BAA00BD2B0D65BE1B76113D8A
:10F3A0001B7986BEB5E3633E987349BD44C9B53D3C
:10F3B000E7FFEA3DFE964D3DD75D473DA41E023C6A
:10F3C0002D05B2BCD998C4BCF953B5BDDA85923EBF
:10F3D000944ACB3C8678FEBD5D2A773E6ABA563D9C
:10F3E000E881343DB8A4783DD7F614BE8F9D8B3E9E
:10F3F000335804BEA3DE833D94364ABD104C5CBE38
:10F40000CB12ACBD41BE553E20B3533E235A883C7F
:10F41000AFEEF83D754A87BD4E76413EBB174DBDF8
:10F420006D30DBBD7C881A3E687E97BDE86F3BBDC2
:10F43000F96BD0BDC5EB153E81ABCCBD6E97083ED8
:10F4400067E1B7BD9DB68E3DBDC792BC7FDD4B3E2B
:10F45000A7BC583D8FC8D7BBC6E9A6BD92B6C03D74
:10F4600085E2913C5F65113D0140153E79C9783DCB
:10F470005F3BB03D2096E73D23C4A4BDA68E413E30
:10F48000DA420C3FEBFBA5BDA982FE3D4623BCBB87
:10F490005BACE23CF1799D3DC0FF1BBEC5B073BBC8
:10F4A000E361ECBD7FA4223E5BD879BE924E993ECB
:10F4B000DDA2023EF5A236BCEF11B03D4F71D13D49
:10F4C000494D38BCD7C498BCC42764BE49D0923DCE
:10F4D000649F8FBD1D5980BD79EC473E28D8843D7F
:10F4E000D53D4A3DEE096D3E1CF0193DAE50293E1A
:10F4F000C98875BE33A8BE3D0A52F5BDBD89FCBDA5
:10F50000883AC73D7B857EBD14902A3D6C40B83D4E
:10F510000C85AF3D841FE33CA4470EBE6E7FA8BDA3
:10F520005BFFF33C4DAB70BB4EE04F3C9AC4993D42
:10F53000CA431FBE6DB90E3C208FA6BE607E1C3C28
:10F5400013A74EBE9B10153ED10B0ABE4E237DBDA8
:10F55000040D12BDE45655BDDE048CBD645BBB3D9D
:10F5600082517C3DE70726BEEB8D92BD0F9C62BDAC
:10F57000C7C6C03DF39230BE7B78953D0A382DBE9C
:10F58000DB34EC3A99A8453E827327BE00659A3C6D
:10F5900000C053BDC661C73D7A53053E36976BBD6B
:10F5A000DECEA03C8616643E149FB63EAF822E3D52
:10F5B0008F22FFBDB5B202BC1DD98ABE02F826BAA1
:10F5C000E2BFAA3D463E493D60AF1EBC57F3133D26
:10F5D000B91F783B3BD78E3DB7FB12BD15F9AABCCE
:10F5E000FD6F8FBB2B4CBA3DCCF7923C5C9308BEB1
:10F5F0003038A7BDAF36CFBDF0C2D5BB0E4FAB3D47
:10F60000308CAB3DF5A18FBEEF76A0BC1760833D7B
:10F610008F2EEC3E62C2203DC25B42BEA9F35F3C2E
:10F62000C9FFFFBD6DB3303D094622BDC86F36BD71
:10F630006AC447BCD8C4B23DFD6D5CBDD5644CBE48
:10F64000303153BE1AB5AB3D8C2955BDBC749ABC44
:10F65000EFCC003DC61B5DBCFFF9CC3C2FE0C3BD29
:10F6600063F8413D58696EBD784B653D55A60A3D2E
:10F6700038682E3D5E967DBC9E0B003DECEDA0BE35
:10F6800060AE99BDC4930A3EB85C56BE797E9F3D7C
:10F69000927709BDE90C843DE202B7BD5D0E6EBDF7
:10F6A000450607BE54A6E53D1D74613E0E25B1BD5D
:10F6B000C5BB103C6F593FBE26C099BE20DCA83D9B
:10F6C00079DD203C86EA843DB0E68FBD740591BDAE
:10F6D0001DEB6BBD4B3F6C3C8EA70FBE63A255BDAF
:10F6E0002615D4BD4D5100BE62E2773D4314F7BAF2
:10F6F000ECFD55BD1F0904BDC2C459BD5199F63D6D
:10F700000CBD9E3DDE0E41BE96998FBD641C093D29
:10F710009395123E781E313C133944BE22AFAFBDE3
:10F7200092F882BD7D95813DB48097BA92998FBD44
:10F730004B0B14BE777EA6BD18D666BE43681A3D35
:10F7400081F42EBEBBA590BD4DF5DCBCDBB7563DAC
:10F75000832A963D6FCFDCBD5BDD9C3C68DA993C2B
:10F760002D03003D714A2B3D4165A9BBDB0C0BBE4F
:10F77000B6240D3E4D1B42BD1DD861BD6EE596BE43
:10F7800052B41A3E7A138BBD3417ADBC444057BDFA
:10F79000AD9B813B16A5843D387587BDF04B143C6D
:10F7A0004524D5BD44E92B3E86C283BE283C52BDCC
:10F7B0007F772A3E2CDB503CB7CDC0BD6370253E21
:10F7C000F0707BBDB8FD5ABD272380BDFF78EFBD2B
:10F7D000173D34BD6426AF3DD309853C629560BDBD
:10F7E0008158423CE473D8BDC44B81BD82D64C3EA7
:10F7F0001B7F093CEBB1CC3C79E0A33D3B1FA43C13
:10F80000E1C18C3D3A519ABE8E91503DFA9111BDA5
:10F810008CDB933CFD9FCF3BB382F0BD0BA836BD84
:10F820003C1E44BEE96485BD506F853DDF9DD13BE4
:10F83000010F4ABEC99AA63B6B8790BE350DF9BE33
:10F84000A84D7ABD3DD795BD44690FBDA0F6253DB5
:10F85000F24FE73DA8C246BED40F423D94ED0F3DA6
:10F8600069282539C3C12D3D89D0ACBDFB40B13BD2
:10F87000005FD33D2583E9BCFFB999BD83D18EBE1E
:10F8800038D8F6BDF7740BBEF7E8B6BEC7F3B23D85
:10F89000A9F71F3E3627EFBD9EB1E3BD788A99BD1B
:10F8A0006DC284BEF51F0D3D968047BEFC3D5D3D9B
:10F8B0002494E03D03620B3E573C87BEC62D863D37
:10F8C000AA7E1FBD556BC93D95A706BE5F4B02BD05
:10F8D000B1ADA4BD87B172BD950ACC3A8C68003E2B
:10F8E0006CAC92BDA71723BE7A015ABD79E791BED1
:10F8F0006B7A7DBD61F72D3E3DC45C3D3AFA1D3DFE
:10F90000FC0F343EA2A46F3DFEED44BDE8F4A13DE2
:10F910003AC117BC00A8B6BDD82309BEA363F4BD85
:10F920003EDAA33EE875453DA0A1E9BC200523BD14
:10F930009DED69BE785B2E3D3AD0F7BDD12FBBBBA4
:10F94000DC68FA3DB1A345BE98C4B7BDFF6F2D3D3D
:10F950008F87BD3D28163DBE6FCCF23DB842833D3A
:10F960008BB492BD4715853D5595523C21DA9BBD20
:10F97000E730CCBC92DA4B3D5E85733D4A7C17BDC7
:10F98000EDDD0CBBE0D52ABEF8A2613C8B57C23D31
:10F99000744DB83D569C903DA2146DBD3C99DEBCA3
:10F9A0008A95A2BEDD18173E1A5EBDBE8CE5B63D37
:10F9B0007DD604BB21D78B3D9506CF3D8D3D693E5D
:10F9C000F9C6EFBCCC1FEA3CE60660BECFF7423D6D
:10F9D000BBDE793DA5A6083CE8203F3EE99C9D3D65
:10F9E0004F026ABD514BA03D410B74BDC3573DBD95
:10F9F000F160A93D677A213E36894F3D4FD28ABDDD
:10FA0000D81BB23C00BDD8BD6084083E09D4FDBC03
:10FA10002F8DD0BDBE5184BEACEC523E56E0F83DB9
:10FA20009BCEAD3E6B91613D8A04C5BDF5B2633D91
:10FA3000CF39883C0D0F2BBDF9EB663C527D693EFA
:10FA4000377B79BE91C1C1BD8B7EBEBD4A808EBD64
:10FA50008937CC3D38D483BD58610E3E00E539BCB2
:10FA6000C527B2BD006BD0BD635267BD5C21F2BC3F
:10FA7000E5E640BEA83B6D3E4158BF3D24CCCA3DA3
:10FA8000DC0526BD1A349DBE3183023D98AA313D66
:10FA9000799F40BE81004EBDFDCBBE3C62AAC33DF6
:10FAA0003B1C9ABDC4E06A3EE45E8B3DD26001BE61
:10FAB000D1C0D53C8E072EBEF1AB22BCD56FEF3D39
:10FAC00083EFCCBD2F02DF3C279BBBBBB05815BBDF
:10FAD0005AC6E43C76CDFFBDC0215A3E012B863D7F
:10FAE000EF1736BDBBB9B93E049F133E45CF933BDC
:10FAF000A75C37BE6ACDAABD383499BD780608BD6B
:10FB0000E6ADCF3DD45FB1BDC499023D93CE503D2B
:10FB1000D01389BD65ECA9BEBF01623EA9EF46398D
:10FB2000BCEE663EA79773BDB4352FBE2E75B23DB1
:10FB3000AE9D8EBDC8AB84BDC9CEB03DDEA6F83D3E
:10FB4000859A69BE0F7768BEC48FC0BBE8BF8C3A88
:10FB50008C38893DF725B13CBD72B13DBE779A3DE9
:10FB60008B670DBCA543F7BD4AA3D33DEBB7833DDF
:10FB7000390797BDB2E9393E6EB4FB3901A3AE3DFA
:10FB800053115F3CB2996EBEE93F8D3DE8BAEDBCC2
:10FB90000D77A4BD677EB0BDA08FD73DB8C539BC79
:10FBA000126D21BE4441A93EC5E36EBE867123BEDF
:10FBB0009F9D2D3C5C8B6EBDF3F3473C4CA0793D83
:10FBC000D9F7E0BC5692CBBD74080CBD0FE6363DAC
:10FBD000928FE3BCDED493BEE47C6F3EA3DC233E75
:10FBE00061B406BC03175F3EB3A2323B6F202DBD4C
:10FBF000DE79D0BDDA5B893DD79DEB3CB4700CBE9D
:10FC00007604E73DB5D20EBE42CB1B3D213BCBBCBB
:10FC10000F6FADBD1FF290BE1725A73CCED9003D9A
:10FC200062BCE03D5FE46DBD46280ABE320C97BD64
:10FC3000C82629BEE45C03BDE91FF0BD888E043EE2
:10FC4000AA4111BE6FD910BE32F69DBD36F2B73C47
:10FC5000971534BD30B7BDBC442326BDB00AB23DB4
:10FC6000E849B7BD31F435BD143162BDB6EC323D63
:10FC70004F8BA1BB3CE26D3EF26631BDEBEABDBDF0
:10FC8000C66D9EBD835FF9BD06B3473D07AA28BD7B
:10FC9000A4F34ABDDFFA903DFAF0D5BD29418BBDF2
:10FCA0008C2F43BEE3C1C83E368B06BE94BA1BBE42
:10FCB00076F8343EA0AF253DF15C9D3C37F84C3ED4
:10FCC000F78BB23DAAC6DEBB2935DB3C9D14EE3D69
:10FCD000A0014D3D556C05BEF480133E8E087F3E5D
:10FCE000DC0F093E8518883EC532C43DD8E5BABC54
:10FCF000CBA920BE1B6F0D3E974B43BDD42D18BE24
:10FD000068B1953C05A3C93D66717F3D39A8ABBB81
:10FD100011C929BEC46762BE0BC8DA3D3D24863CCA
:10FD2000BAF56B3ED949073E0C7BFFBDDE4457BD9B
:10FD3000FCA67EBD5D55A0BD95F06DBE7D9B953E3C
:10FD4000E61543BE02CF25BEF9CB25BDE58851BCE3
:10FD500036D82F3D0F13973C3397E7BC5037113DF2
:10FD6000B9ACB5BC93728C3D933F19BDDC70063EB7
:10FD7000D58181BDE21A9D3DA439823D171CB0BCDE
:10FD8000057EB2BDC06B363CA2E38B3EF8CAA63CF2
:10FD9000D28C89BDE4E5283D49615E3CB5FEE5BCF9
:10FDA000CB5476BED462BB3E76DE963C3ECA9FBD47
:10FDB000A0ED873EA4A7903D1F52103E94999A3D16
:10FDC000E49504BDC138D53CE15C01BE62E11D3E55
:10FDD000D34BF03CF12E3ABCDF2A983E45663C3EC0
:10FDE000DB210E3E9354AB3E31040F3DA6E6873E29
:10FDF000E41E43BED4C6D63DC0ED043D418838BDA7
:10FE000030B3CC3B84BAD13DF6565BBD381002BB53
:10FE10001937BABE710A91BE874E863DA9EB013CE7
:10FE20003214EDBDF46C173E11FB77BD3EC6C23DEA
:10FE3000C32617BE9ADAB6BD5268D3BCA815B23D28
:10FE400065AEA6BE6E6531BDC367BB3DA9D6F13DAB
:10FE5000236EB03D1CC9023E263F14BDD4BB9EBDDF
:10FE60004AC0483D4E1C2A3EFCD3EABBBB85EB3D55
:10FE7000080372BC79FD16BDE8BB94BD7C2FC9BADE
:10FE800082C44CBE764AFEBCDDDD2E3E36CDB03D92
:10FE90009AC3E03D3A2F7E3D9B1A0EBE4FE384BDD0
:10FEA00034AC12BE477E5A3E444D69BEBFCCF33DD2
:10FEB000CCFBC03D839A273E1DA6B73DA286193EC6
:10FEC0001DD98E3DC5B278BC565486BED2E1513E96
:10FED000FB9F1CBD5766133D3AFA983E3B6E2D3E84
:10FEE000EAE0F43D1B92A93EB4B18B3D1373A53EED
:10FEF000BA92C23CFE75AB3ECF5AEA3C508B9CBDD9
:10FF0000021F37BDE176B03D4DE20ABD00CEBA3CDE
:10FF100093D297BD8DE08E3DC08B93BB49A700BEA9
:10FF2000D98430BE32395EBC3B48653D9C1496BDD9
:10FF30002A35C33DEFE08C3D12DE60BD7D340E3DC1
:10FF400035C9B6BE415C0DBE54401ABDE32BA03D81
:10FF5000F69C6ABD80F063BC4974663CA84A51BCFB
:10FF6000A6152A3CC857673D78D53B3DA39EAE3CBD
:10FF70000F5AF53C8B99D3BE9101513DB81415BD74
:10FF8000F22E90BDDA81613DE124473DDA3B073C2A
:10FF90009B43743B8AD879BD34AC363D233F68BD62
:10FFA000F81BB3BDA4472D3E3ED4C63C736903BDC8
:10FFB000B21484BE3E3254BEA0CF00BCF3A4993C20
:10FFC00038FFA93DADDE1D3E51437DBD0283B5BB6B
:10FFD00071B3FB3CECFD803D090576BDD01843BEF6
:10FFE000C835823D1A8288BE5696B5BCF2B814BE9A
:10FFF000A9585F3DF123013DDE996ABDF013933DA1
:02000004706A20
:100000000AAFCBBD2304213EF087F4BC4A47AABD0A
:10001000383C7338A2F2D03C241353BDBC96E6BCE6
:100020008BCD81BE1CAB92BDC5FDF33C3D5007BCE2
:100030008CB0483D446883BD508F86BE218D2CBE58
:10004000BDC82FBEF9E128BE57B2303CF24051BDC9
:1000500083DC873D7792B9BD285507BD3BC532BDCE
:10006000DA722E3DED39FF3D8133B6BD96B9BCBD88
:10007000D308C0BD286983BEF68D9ABD2FABA63DBF
:1000800071BF78BD7A4D9CBD652781BE88329A3D8F
:10009000CD0B1E3CB301743DA8845A3D6CA482BCB8
:1000A0005A32C4BDE799F93DDB9BDF3CB4D58A3CAD
:1000B00083E344BEE4768EBC503CDDBD31153FBECB
:1000C000057ABABC99CFDA3D90D4403CB66100BD08
:1000D000B8F000BCCD7CB43DDE7BE93C73D165BE9D
:1000E00066ED25BCEBF465BE90B59D3D8DD60EBE8C
:1000F000CA370C3D710B5EBD47FDB4BDCBD0AFBD63
:100100001BD7BBBD329E2D3C773683BC5BF1B53C23
:1001100056B99ABEAD2D793DD9EE7EBCD7C99A3C71
:100120002A363DBE9091B4BC5E0983BD67ACB6BCB7
:100130001E0DCB3D346C253C034D0FBE92C9DABD7C
:10014000723B3ABE502F87BDCC12F4BD9896913DBC
:10015000BA4D983DE4C5EE3B78546D3DB6548E3DA6
:10016000441F083E291F613BDB1F023D0DF1163D78
:100170004B2AD3BCDDE11EBE672E9D3C3E869C3ED5
:1001800072C3F2BDBC8EA23D78D01B3EC0AA0CBA91
:100190002A20803CF7BC923D78707DBC98424A3C56
:1001A00091AF323D94198ABD78542F3E15BE04BDDF
:1001B0008BD4C6BDF10F0F3B810C103DE000A8BDF4
:1001C000DAC8A7BD602CF1BCE4A982BC73F13C3D48
:1001D000CC25ACBD8F4F94BCF8B2E4BD084724BE1B
:1001E0006F30CC3DA71C85BE8F60EEBD96B1083E3A
:1001F00034EED2BD0E930ABEDE5C80BC6F4C9ABD5D
:10020000599AC9BD2B05E8BD66EA72B96D3B9ABD26
:100210002FE197BC0E6B1F3D0F6BB8BDC85711BEC9
:10022000EF9A5CBE2FF9BE3DE07E2CBD35D3FD3B81
:10023000CEFF083EE648003C0AEE8CBEA30C52BE40
:10024000660F40BED430193E95238ABCAB1EF0BD6C
:1002500011540ABD418F5C3D70D1283DB6904BBD15
:100260006381543D377BCE3DF217B73D5FBDA93C5E
:10027000195E253E508F59BE801E643C1D1B653D96
:100280009193FABD5A415E3DC4F1763DC87CC3BD31
:10029000746096BD4FD763BDF6767BBD5EBE223DD2
:1002A0007B08713E47500DBE7FAD813D10CF0DBD27
:1002B000136E2ABD013110BE160BEEBBB9AF67BD80
:1002C0002FECEABD57A72DBDA7BA3DBC6A2C53BD84
:1002D00006607E3DB5D32F3DAEDE923DE2910EBD70
:1002E0007A0E973DB7AA83BE229079BD965F423CB5
:1002F000BF351DBE888B1CBEAC574ABD5E933A3DD0
:10030000AC963FBC332A393E3A93243D48D6D23C82
:100310006A1EAF3D118B64BD6DA5B6BD101888BDBA
:1003200043B894BE62C6963D7C83F23D45FAEB3DF0
:100330004BBE193E1A03433D8CF3F93D0C0DD93DDC
:10034000E5F8F9BE06959A3EF413FDBDB413EEBD73
:10035000802802BD8CCA193EA080803E9E25C13DEA
:10036000036D4C3EFEF6533DC124A5BB65DCBD3D8F
:10037000B652983C656B5F3C224633BDF2EDA33D1F
:100380002332E8BD86E3FE3D38D1373DD88FA9BD85
:10039000824C47BE2716A3BD35980EBC50DCB53C39
:1003A0005C81AF3E262D33BE9B53023EEBDAAABDE5
:1003B000814ACB3DD1373DBC3389673D38A30BBE65
:1003C0009F89D1BD230428BE89CCDE3DCDAF20BEA0
:1003D000FB2BC63D88433F3D80D1D8BDF50F58BCAF
:1003E000A25A4ABDF912933CA8C134BD4C00D33D7A
:1003F00079B8C3BD1DEE4CBE05760C3DC4AD293A9F
:100400008CA162BD7A69B3BCB916E7BC6CEF7A3DCA
:10041000C2F102BE5EF0A9BDD03D90BD3E1152BDFD
:10042000843409BEA59509BDA3D2713BB9E4523D00
:10043000DBE354BD87D0B5BCEF72F2BB733060BC58
:10044000C01CB3BDF56EDC3C1146FF3DED03363DEF
:100450008A17983D4C18AABD874E393CAE2ABC3D40
:10046000B0C565BDD0AF4FBCFFE60F3DA5C18C3C0C
:100470002B1B87BDDDEF4FBE008217BB322BA3BA0B
:1004800031FF1DBD2220F6BDE3FAC13D12DD10BDD6
:10049000B038863D924F303D5761F93C52309D3D1A
:1004A000BAE48EBD9B42DD3C23B51A3E4D45F43B7C
:1004B0002CA8B9BD1B48FCBD8CCA90BD9EE3043E70
:1004C000263684BD82FC8F3DBC9AB33D898925BD0B
:1004D0006E04ABBDE1FEA83D3CF2C93CADDA8ABD7D
:1004E000C1C6A2BD1DBDA2BE2AD1E73D01BD3E3D94
:1004F000ADB1A93DBC753D3EEFCC77BD1AA510BD91
:10050000DB1DEB3A064330BD5A0CC3BD366A65BBF2
:10051000C7DD893DD8F983BD682DB03CA41164BD09
:100520006AFA93BE5542763DCFE0843DBD12283D28
:100530009C53F43D5FA9923BAF5659BE65285BBE04
:100540005C2C21BEF5A0F4BD6024C53DF5501EBD58
:10055000FB19303D30D3DABD3EA5153DD9EF58BD6E
:10056000E080BABBC996DEBD162053BD34DFAD3C7A
:10057000CF4EDFBDD6AA8BBEACCED0BC30E5BBBD66
:100580003065923DBCB5BA3C821DA23DB116123D0C
:100590004917013EB391A5BDA6270ABD482C58BCFA
:1005A000DE59CB3B400DB83D9B80523D324113BDDF
:1005B00005B84A3D092F8BBC1EA4C2BDC7DA583D01
:1005C00079EE0C3D6AB23D3DD3D33C3C5A1839BD5F
:1005D000FA11F0BBE4C9A9BDF8223ABDFFC1EDBDD7
:1005E000FE1A463C5FB5A9BECD22F13D7E3F973D48
:1005F000489891BD0EB9ACBC84FD19BDCF029C3C9E
:1006000083671FBD951D8B3DD02E41BD7D9A1D3C3E
:10061000E31098BE4D54E73D1488943CE6CE013D6E
:10062000C800C4BEC54BCF3B9C612E3D430E353D3B
:10063000C827CD3D613B8B3DCB6939BED44302BD5C
:100640003D2E71BECE9A1F3D537BF1BC5B7FD3BB69
:10065000660589BC062A8ABDFDC5D7BC24A7163D00
:10066000C3C6E9BCA454D4BBC3AB44BD90A7C53C2E
:1006700061833ABD47AB26BEDA128ABDE18BEF3DFE
:1006800031B256BD7B982E3DEFFBBE3D5AD541BCE5
:10069000DDCA243DF9C39DBC11C7BCBD94FB353DEB
:1006A000E7C4DFBCDAC7163ED34703BE2912A0BD9C
:1006B0009ECDF13D0B676DBC4DEF67BBA61BD83CD3
:1006C0005DE2A5BDEF577A3D88F95DBD3445A3BC19
:1006D0008E1BC4BC98AA823D3A2E8BBCE5676FBDC9
:1006E0008430BB3CDCDB98BEDB73C0BDA026863DFE
:1006F0008639C5BC48D3F13CF361853C00BAB6BD30
:10070000CBEEE63DD581663D54A7483DE6289FBB2C
:10071000066437BEF2B45A3B27E53D3D04FE5FBD9B
:100720002A6B84BEF8E90E3D9F6ADBBCF18097BD61
:10073000C6FEF83DE15548BD6C10C9BE051BD83D4D
:10074000DE13A6BE2167553DA379D2BDF98B33BD1B
:100750001A97093D8FE6B43D28D2993C5480923DCA
:100760009BB6DD3DBE53BD3816281C3D65FAD53D10
:1007700044B55B3D26BBBABDE1A7C83CE791373E17
:100780007C3A65BDC0709CBCB30B673EBA484ABD9D
:1007900018D1E9BDFDBF1F3CF24756BD5E27A9BD7C
:1007A0004ABD4A3E3FD6FABDF951303E00639B3DFB
:1007B000C822353E25EF3CBE1EDDE13D1D5F72BC0B
:1007C0003DBE2DBD4DBC31BC7A0F31BD243C683CD3
:1007D0001161F6BCCAF71E3DDF9985BCF8D679BC1D
:1007E00070AE18BC3CD787BE1A6F373B55D3593E05
:1007F0009BD547BE9871DCBD29D8B2BC776FAEBC23
:10080000B222A23DCB07783DCF6CEBBB5923543DC0
:10081000AA70173EEA868C3D452E5EBE734B80BDA6
:10082000360F31BE45477ABC1586093D93B580BD6C
:10083000F32FF33D79FA0F3C987485BE88F495BE8A
:100840005398B2BE670D9F3EA23FCDBD014FD5BCB0
:100850009CACD4BD16B4333E0EFAD43DB28EA23D4C
:10086000950AEB3D17B01FBE28A5513C930F9F3D45
:10087000C1EA4EBD3A5100BE849FB93DDB59393EB5
:10088000828319BED85D223EABB214BEC96BD2BD05
:100890008AC41FBE79E962BD96E4D03DEDD13BBD6F
:1008A00004AAD83EDF96EABE3944DA3D1A0500BEF6
:1008B0009457F23DAB3215BED84214BE358F0ABDF7
:1008C000FF7275BCF07633BEA935E33D176CC9BD28
:1008D000E877933D61F412BD28EE5EBE83F4F53CEB
:1008E0005C0B313D9E05BABEEE95633DED7763BE70
:1008F0004F1E35BE6F485ABE250C8D3DEC85433DDD
:10090000FC9D5BBC8BB6ECBCFBA0423D19DD98BCEA
:10091000FF5730BED2DC663EA455FCBDBC22853DEF
:10092000F0C9BC3BB0D943BD59D283BD2D3909BDF7
:10093000F060D8BDCFEF84BD0122AABE5AA69EBEEC
:10094000EA282E3DA7E947BC831D56BD22DB91BD99
:10095000BBCEAEBD8DB6C5BD94D92A3D4AD1903D22
:1009600078F055BDC148513D7650823D86180EBE87
:10097000AFC6E4BDF0E1EC3C95C2113DA4CC11BE84
:10098000BD6E17BF252D193DA09207BEA113033BD5
:1009900024E86ABC699F1ABEF942943D00855D3B1C
:1009A000D49C53BCDF8D0EBE80EB29BEE0F42C3E00
:1009B0000E8BFC3DBC08033D76A8CDBCCD448C3CE1
:1009C000A0DE8A3DFFAF213E00A65DBC5B540B3E1E
:1009D000895A83BDB38502BE1D0431BEA73B89BEC3
:1009E000211A86BDB62E243E1F1FA8BD6EDBE0BCBB
:1009F0009763D03D02607E3C8E7760BE444119BE55
:100A0000FA5F883D3AD534BC64AB803C4E04A83DC7
:100A1000D4E0EBBE6507353E8CF312BECB09573DE3
:100A2000D1FB8A3DFE879FBDD5F6B13CAC688139CC
:100A3000288611BE12912A3C24AF0DBE0A685CBE06
:100A4000B855E33DC9B6ADBDFA2F003C27451ABEE7
:100A50007ED21ABEC946F33CA623A4BD28830CBD92
:100A6000FF0B2FBDA376883CD315763DF65FFFBA0A
:100A700076312BBEFC133F3E29D5F93C1FED08BD56
:100A80009A5AFBBE891BEABBB058023A9A9D7EBDBA
:100A900087954CBE514374BD74F235BD486A243D00
:100AA0009C4D3EBD791BB2BCBFD946BEA9D7E53D22
:100AB0005A35483BE8C9833D27A3C43C9B7835BEE3
:100AC0001B490B3DE174C13CBA33E8BDCE276FBC76
:100AD000FA561D3D7307413A24111FBE307799BE67
:100AE0004952AF3B11F4C93D135A863DA6F5FF3D6F
:100AF0009B8A27BD1ACD4E3E49F093BE5ADDDFBB1F
:100B000033E06A3E5FCB29BDC7ACB7BD1C5ABA3DC6
:100B1000ECBD9ABE8C20A13D837D51BE186ECABD2E
:100B2000E97E42BD04A30ABD5233003D299CB53C79
:100B3000A6EC36BEB990243CFD7B3CBE694214BE97
:100B4000CC72663DC8BB753DDC05B53DB270E0BDFD
:100B5000048514BD87A8CABDA3A1103DCDF778BDFB
:100B60006FE921BDD3C2FA3D1F38D4BD9CAFCF3B46
:100B7000CA74D8BD8E33263E0087AFBD886500BDE0
:100B80004D38B1BECBCF92BD1C4C9CBD1313473D1D
:100B90008A6245BE017553BE95E6ABBDC76E9EBD6C
:100BA00034D9FCBC57EDE6BD2C1DD1BDB27D183E3D
:100BB00063E0D83D95C8393D14A393BDB072E0BD44
:100BC000850C9BBD52BB8B3CA39FCEBD84808B3CD0
:100BD0004E213ABDCCB7ED3CC4E8FBBDA5238DBE8C
:100BE000DC1DAE3D80B3213E16B816BD0598D73C3E
:100BF0000E32BCBC7CDE713E49B9A0BE9B8790BD65
:100C00004C915A3EB3351D3E429D23BDF79B763C29
:100C1000F3134DBEAAD4573C80088DBEE45DA8BB3B
:100C2000A8B7023E9DFEC53D3E06D53D1C6F90BC5B
:100C3000FC1F5ABE641D34BD93FBA0BDF3390B3EAF
:100C40005C9E293D9A28143D84EA023E21990ABE01
:100C5000B432D9BD8FFA62BE8DEB97BD20BFA03DE7
:100C60003497F93DB014293E9B5F9B3DE81D17BEAC
:100C7000A5CD9E3DACFE8D3EB30992BD5342F83CDE
:100C80005F5C8DBE19EEBFBD86B3AA3BCC72893BBB
:100C90007368DBBEEF6707BE49E5B9BD1567D6BC13
:100CA000F017A53D511C96BC96B202BEE66EAF3D54
:100CB000C06EA3BCEAC7C83BE4C1AD3C8ACC91BDC1
:100CC000C397C9BC617807BDF77812BD71B5643DA3
:100CD000845E893D6322063E87A23FBEA3F7A5BE80
:100CE0009FDF713D774722BD819AAABDCE8D8FBD12
:100CF000EF2A613D14D8083E432DACBE041A373BA1
:100D000004B4A83E0A531F3E2AE5933D9B6B303D39
:100D10008C4642BDE0AFD53DA9BA3EBE42BA09BD40
:100D20008EFAB23EAAC7E53B8073723D9985A73C17
:100D3000F16CFABD024C593DDD61203E0555EF3E98
:100D4000FC80853EFB88AE3D99AD1F3E8454ECBDD2
:100D5000454B0F3E6FB801BEBEC0D13D10B32C3C19
:100D6000C67E553D1F37E1BCC1B9663DAC5EBCBC1B
:100D70001D6DF1BCCCB40A3E7E45CC3D12CDE4BC29
:100D8000CE2C43BE5630B1BDCEDB593ECC9CB7BD58
:100D9000B883ABBE10EAED3D0AABC43D0EF574BCA2
:100DA0005980163E4E0536BC45F1ECBDFE8697BB1C
:100DB000EB51C93D1A0B8D3D1E1C4B3EA337403EE7
:100DC000DFC2373C6024563C0DB991BD4E531B3EEB
:100DD0001C8B0FBDFCA6213E0069133D27C97D3D3C
:100DE000BF14C7BCE5CE6B3D3127A93C72FD343D35
:100DF000AD46123EA2152A3EFA8666BEE535E83DAE
:100E0000CE25DCBB8B8B61BEDC90813D1AE9983D21
:100E1000A71C9DBE5CDAAE3CB49111BE133A79BDFD
:100E200028ED1D3E54BE89BDA667133D6A4B48BDE3
:100E30006878153EDF4CE23C101129BCEB15CFBCA5
:100E40008B5415BE0C43023EA5C1233D4EE2DC3C53
:100E50006EDAB4BD211B0E3E75FA85BE85DD2FBD51
:100E6000A00405BEC276A0BEEB3F35BDA811BDBC37
:100E700091E78F3E70432B3EB6F57B3D127493BDD8
:100E80008F5AFDBDE00CA53DE87D8EBDB078BD3C20
:100E90008B5235BDFF114D3DB5675F3D8CD9BABD55
:100EA0002152383D9B55113EF6D0FEBC2761203CB7
:100EB0002F38023D978AE53DEF2C45BDDC48A5BEA5
:100EC000D789C73BC16585BE6D9B8D3D5BCA9D3C87
:100ED0002CACC2BC714A1D3E0258883DD825BF3D8E
:100EE000AFEFE6BC2B949B3D94EA863C8713EABDAA
:100EF0004613073D5FD7A13B69F21CBEE62F013DBB
:100F000045B0B2BD149E44BD5F608BBD9EA93A3C06
:100F100040ACA7BEEF61FA3DEC5DE53B5DDE1FBB7B
:100F2000C4C9303E3F5C36BE273B0B3B2BC0EF3C79
:100F300016981D3D57D2F7BD8F2B32BED33F31BC23
:100F40004197FABCE34090BCFD89A3BDC42C873D0A
:100F50003ABD5BBEC3CB00BB5A782CBE4874303D53
:100F60001CC201BE4D2096BEB012B8BBA8A0C0BB2B
:100F7000FF8B633E14E8663B3807983A11D8AD3CC6
:100F8000540BB63C07F7D73D4129B5BDB9765CBDDA
:100F90007EBCFA3D1057A33C939F3B3CE88A963DAC
:100FA00090EFEF3C3B3A703EDE1C21BE82CC5CBD34
:100FB000B531AF3D2D81103CAFE284BD41CB2DBE9C
:100FC000FC5B5A3D672963BE0B33A43DB1D4B73DEA
:100FD0007535A73CA1B6303CF75D663DA8A5543EEB
:100FE00099E7A73BFD68AC3DE734E4BBC0F3473C61
:100FF00091FE1F3DE92F013DFCEF2EBE5CD2BA3BB6
:10100000396E293C66DEDCBDA35B22BC42DCAFBB93
:101010004C909BBE4991083E1E8AAB3C7A6CACBD9D
:101020009EE21B3E7082F9BC28BD353D6771B93C1C
:10103000E45B81BCB926C7BCBC9BE1BDF28B313DF2
:10104000681090BDE8CCA23BA02414BE05FCD7BD1F
:10105000547085BE5AD58B3D0918ECBD7897BF3CBE
:10106000BCE696BD26C8AFBE9C26BCBD10B334BD41
:101070009C59173E2E4F4A3D6F7F9D3DCB8EB43B12
:10108000C5DB313D7CC9FD3DC5E82E3DABC87BBD10
:101090001C45013E884B97BD657877BDF8F8883CC4
:1010A0009D6F6FBDE75B563E9B55F9BDFB30533DD1
:1010B000304EB23D14DBB63D6FFD89BDCA0F823C98
:1010C000B2E0033EF1B824BEC0B3673D25BBCEBC41
:1010D00029CFA1BDECDBAB3B78F0E4BD8B18243EFF
:1010E0001BAD5B3D9F7C393E981BFD3C5CFF9F3DEB
:1010F00030A0133E6E418DBD64D8B4BDCAE4FDBDC1
:10110000D1895FBD3262143C1599AFBC1A1FB13A48
:101110008A8C8FBD0057313E6614953C0660FABB41
:10112000A0526CBD2DA534BDBDAEEFBC6975293D87
:10113000C678593DD1C48D3DE5B41FBEAF87C8BD4B
:101140004DEE93BDDBFEAD3D62DAE8BC932906BDF2
:1011500019042CBE4C3C0D3EECE62FBE526B903D6C
:10116000D9CC43BD9C888ABE9C88A4BD71E2283D31
:101170000E830C3D35AB343C38402B3D90F186BDA1
:101180008191B43D6D5E863D729CBFBCCBA2823D19
:1011900093DD653EDE48BFBB41D2C03DF288A13D34
:1011A000B44663BDE992183E898D5BBEE5C90ABDB0
:1011B00069C1623D556D093E56A3E7B7297835BD33
:1011C0006B8D233C88B283BDB653923D204E3E3D8D
:1011D000BF397FBD45B486BDB4A61FBE6989B23D87
:1011E000D6BD973DCF427D3EE0EF023C41815D3C64
:1011F00066A7153E25F0C43DAFD17EBD064C35BD7A
:1012000087F4983D3B0B8CBE5BF2733DF0E7483DA5
:10121000F21F3EBDBB3D0F3E3FF1F33D8EAB1FBD08
:101220008B6D56BEBD970FBED5E781BDAF4AF0BCF2
:101230003182433D51A06CBDCCA7603C5E0E54BED4
:101240008255483EB3AAD83C7F4351BDA553E63DE5
:10125000C91A0FBE45F40C3EBEF606BE9839983D3D
:1012600066167CBDF8B68BBE061543BDA2D83EBC43
:1012700016029C3D4E45BCBDF269413D030110BDC7
:1012800044B24ABE04C8F53DE0CB54BE423457BD1B
:101290003B4C643E510BB43C386E213DEC6E2A3D14
:1012A000356A5CBEE62E49BBCC1B7BBE570AECBB45
:1012B00055F40C3B78D6173D60DE17BD931A333AD0
:1012C00025387A3B996F99BD27660B3D1A308FBA46
:1012D000A04B8ABDE10F00BE6B9E08BEE52A613CB3
:1012E000F7FD31BD76CAC73E5E1E94BD94C381BE74
:1012F000A95B563EE796ECBCA56B30BE8124B5BB1E
:10130000992012BD7D4617BE9EFDACBD512C493CB7
:10131000BA481A3EA12D553D4CCA0ABE9854673DA5
:10132000CB5AAF3E30DC1BBEFD74D13B34AE463DE4
:101330001540CBBC4BD6523DB5E5D7BD736E243EB0
:101340008B38C2BC2C924DBEABAB44BDEF44F73CD6
:10135000AEE6ADBDA04A1ABE39C2BDBD04E0963DA1
:101360002CB89D3B6E9B0FBE284B1B3DFA090A3DD6
:10137000E8CCA9BD36CB8D3A6982783C9723173CDF
:10138000C074D73CEDEF51BEDC0B0F3DEE6701BDE5
:10139000AE5CA3BC9E4D0A3DDCF302BD645EA8BCFE
:1013A000C61A073EFACCBE3DF8CBF6BBE005063DBB
:1013B000370DE2BD0D4688BDC87FC8BD5DFB35BC9D
:1013C0009985C2BC44DE8FBC00BC20BDC2AD8ABDC5
:1013D000530A273D7A4F09BDDA9BCBBDA33BACBD79
:1013E000755CC5BD2C53323EF738AA3D156F723D72
:1013F000227CA2BE4B7EFCBEBE8442BE4E9540BE49
:101400009153DF3DC91BDFBD5F46BBBC2BCAFE3C11
:10141000DB2B813DF9B8B0BD2D6C4CBDA1973DBD16
:10142000FCEF803E10C2D6B8A0DE493D57D9263C1D
:1014300079DC283D7038C4BD6981C2BD4308063ED1
:101440008CED5CBDDAAE4CBE43EF233C80D698BD3C
:101450006CDEB0BD89719ABE7F50E3BD28603BBC95
:1014600039C397BD40C46BBDDEE5B43DF5DB7ABC46
:10147000FB9897BDD1CA8C3CE048573D8926873DF3
:101480003ADA443ECBAA0FBE8265ABBD8EC2893D1F
:10149000C19A18BEA4AC4FBD3202FEBDF037A13DCB
:1014A0004DC3CC3DCD3B013EBD22FEBDAB1AE3BDDD
:1014B0008624E3BCFC11B1BDF9F0483DD2FCE03D0F
:1014C0005C315FBDBE639CBD704DB6BCFC3EFC3A5A
:1014D000E05DC83D6B7AF0BC294916BED39755BD77
:1014E000B3B0333D1D6D2D3EC68149BD3D02DC3D8F
:1014F00096C73ABE2041B3BE4D93CFBD4EF5E9BD70
:10150000B78E483D2DCEA93DEDBDB3BC66EDAD3CDB
:101510006478CC3D4ED9F1BC4A8B38BE3BF921BC36
:10152000EE5C463EAF5848BD2C24A6BD3795893C9D
:10153000F6D91D3D4A126ABDE0405CBE98F23E3EBF
:10154000FF2C7C3C28F333BD13C7E8BD48453CBDA8
:10155000909F5BBC7D515BBD86CC8ABDB0C744BC4F
:101560005604D7BC4670DEBD7BA76EBB55CD9C3CF8
:101570000F3A573D59E5C9BD66CA90BD127F8EBD71
:10158000D312233E5FB86DBE6769FC3C000DAC3CD6
:101590003B01F9BD5661B8BDF4C019BD54E297BC1A
:1015A00027D2D83D21AC7F3EDBB1083DBD3F1DBEFB
:1015B00054F09F3C6D26ACBD70CF0C3D29E1AABC18
:1015C000557642BAC06B0E36D48A2EBDDA749C3C76
:1015D00093FE7ABC3C65E33B3A42293E375959BCFD
:1015E00062E4B13D6912B13ED1ACA3BD0BBB5BBEA1
:1015F000ADE019BED7CA60BE3588D4BA75BE2DBD60
:10160000D5E8443A99174B3EA014C2BD224C03BC06
:101610009AD2AFB978F231BDD8E725BEE8E91EBD50
:10162000644D4B3C5025843EF29B15BD1E89AABDDE
:10163000EACAEDBD26E4743CE70C95BE357D863ED6
:10164000471D0A3E49EE30BE4DB895BB785419BED1
:10165000D116603DE569A0BDB10F1FBE7886B4BC50
:10166000AC3C023ECF3763BDCD22423CF6D85ABDDA
:101670003930C93B31E675BE9862B2BCB390033EC7
:1016800020C22CBC5D8948BDE005573ECD52E03CF0
:101690009735C5BD6A86BE3D51CA44BEF2BAA93D62
:1016A0004FCF3C3E61E4633ED467E53D4AF696BCCD
:1016B000374F1EBED02F613C82466A3E03D6F83CAF
:1016C000595DAF3CFEC591BC9CB7EABD803CBF3DB7
:1016D0008546E5BC508892BD2538063B3A93DFBA73
:1016E000E8D2923DA01BAC3E75363F3C7785253E47
:1016F00013FD21BEC1F996BEED5CA23D038FA0BDD6
:101700002A8A123BBBDE183E3CE2B33DED8232BD7D
:10171000815F0CBE8D7FB13CB24909BE78FF073BAB
:10172000A6C3DD3D70C0803E3CDD293D52B2973DF1
:10173000CF0C20BE423E44BDB261A4BE0411B73EF0
:101740005E6D0FBE3FDFC03BBC6413BE888208BE27
:101750002564543E64364BBD4C18E7BD2286C03D1F
:10176000EC94783CD962E1BDE42C4F3C9674FC3C8F
:10177000D0CE92BD3CD660BE6610B7BD29B8C73D7D
:101780003B8D3FBB712D8FBEEFC4823E3FBBB4BDCE
:10179000189171BC4D3F2C3E190E9EBE0EAECFBCB3
:1017A000C183743DFE83FE3D0EA751BE8F7B263E56
:1017B00076FA12BDC2BC34BD3FE4B73D52E9183ED3
:1017C00001B3B63D60D7A53CC5965FBE0B53DE3D69
:1017D00070BC76BD1C8ADA3D894D3D3E3E1EB4BDCF
:1017E0007374003E3F2A153F6316B2BDC782523C58
:1017F000C376BB3B2171F2BD74F3E33C441180BD61
:10180000239B09BDAD7F3A3EAD1B4EBA4864AC3D4B
:1018100031ECA63D98C8183E1298A23D560409BD69
:10182000589B89BE50282ABD2A40403D0E470CBD1A
:10183000A557F03C7797B1BCD873B4BCCA35D9BBB7
:101840001E0507BC9DB1883D3396093E36F624BA85
:101850002ECE863C782D473DBD9F2A3DA62B653D6B
:10186000172503BCD60E083B28E25CBC61D4633D5F
:10187000E16E793BE54F84BC3C05C43C302158BD4A
:10188000F09170BD6935B1BD298198BDE498B5BDB1
:101890008BA9DF3DDC98E3BD0CA791BBBC1DA5BCAB
:1018A000BB24E4BD615517BD89E7D23D185BE0BD9F
:1018B0005ACF49BD8E3050BD9CA5A4BCADF2983D19
:1018C000C7A254BD134F7C3DC7A280BD166A273BFB
:1018D00078E056BD2643A6BD19C1353E44F77F3C8E
:1018E000BD0BB5BD254BCD3CFB56A63B4A394FBD84
:1018F0004CFFD9BD5AA9E73D263491BCA1C4103D87
:10190000D71C02BDD3A3253EEC054BBD0637A83C32
:10191000A6E2FF3D293F71BD4363E0BCA5F5553C00
:10192000898B07BEAB9A213D299EBD3C8FF1523D6C
:10193000507451BDEB4976BD41C703BE0380A7BEBD
:10194000706EB43D4CC7E03C366373BC6A674E3D75
:10195000B2C034BBFEF55CBDFE3315BC1CD1BC3D32
:10196000AD40A23CF4129A3DDC6CEE3C358D2C3D32
:10197000E5018CBDF0CB61BBD17753BDC27853BEBE
:10198000B5EEF6BDF2F0B73D6028DEBD9A63DABC75
:10199000634EC53D6D628E3DA6BB24BC5C24773D85
:1019A00091A23D3D0CF45BBE1826C83DDD994CBCB0
:1019B00087A1AABD9A81613AD09706BE88CE5039D8
:1019C0008A08573AC851593DDB7D97BD249D99BD82
:1019D000E2F51F3D4A26BFBCA37E1A3E32D8EA3C40
:1019E0006C02CC3CE766343C8171DB3CE15C343D0D
:1019F000DFC6E2BD6BBAC1BC52C50E3D2F3F593D9B
:101A00000B5897BC1E56213E0021A0BD03920DBC71
:101A10005CC5D93DCD4C723DB5E1843DC9FD9C3DD1
:101A200033CB1CBE213E9ABC0539023D08E65CBCA6
:101A30005406893DCF5C053D3AE85ABDF19D83BE11
:101A4000BA68D8BC44ED833DC3AFA43D495881BDBD
:101A5000007B6DBC119F1EBE6C3D473DE6484EBDF0
:101A60001A935CBD5D0E9C3D3C5D26BDAEBE8D3BBC
:101A7000254CBABD8729C2BD50907B3DE5F600BE1E
:101A800034B393BD7381983DEC203D3DC53ABFBD55
:101A90004FDBD63D2C8DD4BCE45473BCA0D4393B71
:101AA00036E87D3C47EC79BDCEA04E3E3DC8DEBD5C
:101AB00020E9A13DE28A8E3DB75723BCDFAEF2BDDF
:101AC000ED3A393D49D520BD5F6D413D949F9ABDAA
:101AD0005F8F3F3DC120AABC3E68193D15C8A83C98
:101AE00001615EBDB922E2BC764AAFBDED6F113E29
:101AF0007F9FCFBD57D9A93DCE57D13DB9FF703D8E
:101B0000EB290B3DF704483E005BDDBC6BF985BD5E
:101B1000B731F23C67032ABDEFF2A63C215E063DD9
:101B2000C26A8EBD0E02BDBDBBD2F03C8809213910
:101B300044446C3DF661143D238661BD360276BD9A
:101B4000B4522DBE118C853D713B7ABDBECD943D06
:101B5000DE4C87BCCCBCDA3D5531133E482AB1BDC2
:101B600077F3A8BC46B5173E63782CBDE30FAB3CBA
:101B7000575DEDBC23C43CBD80294B3DB5B9C9BC04
:101B80009199B7BDD384913D83AA873CACE720BD32
:101B9000CE6DA0BD8CA2E9BCD08DF03C8259BD3D7C
:101BA0004CA5043ED09EF2BD0647AC3D88A0A43DA6
:101BB0006599363E6FC2F4BD9F792E3D8D4E11BDA5
:101BC00070F8913DD11ABDBD7C6AA63C85E6D1BDB9
:101BD0008A17B0BD6EC13EBC43F09F3DEA007D3D1B
:101BE000AEF46C3DF9ABD1BCEBA396BDD014743D03
:101BF00003FA52BDA130C53C5F65793D5ED816BD84
:101C0000EED49C3D7914673E4A73AEBD798EAE3DED
:101C1000360CEE3D0EF09EBCC60D34BE1E7C55BD8E
:101C20007DE246BE66CA2ABEFBFB4C3D277D743D65
:101C3000D0683D3DC4AF623D78647F3D9F1CA53CAC
:101C4000CC4289BE4E78043E4387A6BDB44447BC0F
:101C50004B4BAF3C3D0B7D3D271BF7BB3EA162BD0F
:101C60008FDD293E18B981BCC681733D685C7FBD9C
:101C700053805A3D51DFBF3D6C74913D22946F3DBE
:101C8000127B54BE631A6B3D3567E53CCFF96ABDE4
:101C9000C99A54BE974C9B3C72A49BBB88FFEABC7C
:101CA0001F94A23EFE5EC9BD600A1D3EBE3A24BD21
:101CB000755BB13D7B2BF43B1D11B1BD53C132BEF1
:101CC0008552CD3CFAF614BE95B87E3D00173DBE58
:101CD0002BFEA73D959DF0BD13B617BEEDA3AD3D00
:101CE0003FEEE73C2D518ABDE623F63C1EAB9F3DFF
:101CF000944A07BE697886BE0BFD043EE46C143E30
:101D0000F8894C3D60B90ABE1E02F8BA10030FBD37
:101D10004F7030BEBAD20A3E514F143E836DA2BC02
:101D20005D86383E17B88F3CBA0BE03CEB0D4DBDDD
:101D30000FC490BB512423BDCCCEDABBA7118D3D7F
:101D4000849377BEEE8F75BD9ADA65BEA947F73DDD
:101D500027FFD13D8A57313D87EEA7BEE037133DBF
:101D600097651E3DC0B2A8BC6099BD3DB7B799BD8F
:101D7000A3E785BE7015393DF38DBE3C2D832CBE87
:101D8000920215BE9075F33D5F0BA53D23EEC73D56
:101D90005376093EC36D33BD938CA8BD383E1F3DBD
:101DA000424A1DBC8E1236BDB1D5B0BDD941903C62
:101DB0004038933E52F2A5BEA81574BDE2AB643C18
:101DC0004B2CA6BC07051ABEA3121ABE2AC8933E06
:101DD000A4BC3ABDC0587D3DC7F4423E670AF33DFE
:101DE00070D450BD9A4210BD14DAA1BD0F660A3EF0
:101DF000BB1464BE318C583C842648BE1DD5ACBD96
:101E00005D14A93DF4E9E3BDE8A5DE3D115E4FBADE
:101E1000E76D4DBE90494DBDD82CAE3CEF2B543CE8
:101E200094B8E6BCF37B9CBD4C65A7BCA917593D93
:101E3000D320043C71F4B73D2CE6A8BC9D2CADBB6F
:101E4000B61245BE92C65FBD644209BE7CA6D5BC33
:101E5000EFA5E13D524332BDBD5C86BE58061D3D37
:101E60003470093E591ADC3DD710743B9FEF86BD94
:101E700041FCA8BD1CC8D63D054DFABC160219BED2
:101E80000C031EBEFFD9373EE6611A3EBF568DBC1D
:101E90008C21F43C53F741BDEA5AA43B50B0B1BD8C
:101EA0005891FBBC242D77BDCCDCFF3D0BA9DABDDE
:101EB000110C123E79A30DBEF91690BD17DCA43D9E
:101EC0000616913DB8DB29BEC405C4BDAD86F43D00
:101ED00059DF6A3DC59A8FBDE70A853E580A713EB3
:101EE00049D5D03A16B0553D99DAB73C2A29CF3DAD
:101EF000C36A98BCE1F2B23D93CB87BE2F6530BE7A
:101F0000B08C083DD21CDEBD50380C3ED62E71BDC3
:101F1000030E713E7310A53D6F17F83DCB3D523D4A
:101F2000FC5189BD2FB735BDF61EA13D7E8E39BD52
:101F30008DBBA43DFB7AFE3B10CE9BBDBF8CCE3C3F
:101F4000F5AA46BEEA7530BD75D682BBA63E243DD5
:101F50001239FF3C3C8352BCAF7E3EBE6E44AC3D6A
:101F60003286B1BCF8E2923E4CF7F5BC532CCF3D23
:101F7000BC6F5A3DF86BF8BD97145D3DF863FF3BAD
:101F80005E7890BD4C4DAF3D5EA932BD2212F43C4F
:101F9000205EC63D89F9A33D4F6EB73CB04111BCF0
:101FA0008E4FB0BD4C1BD73DDC9C883E6038E0BDF9
:101FB000F5CCC03D0D30A03D0FD491BCF8E3D63D2B
:101FC00020F7123D6C77C6BDEC2D42BE2168993DCD
:101FD000E0C1B33D8EBB8B3D73D68B3EC26C763E6B
:101FE0004E72993D17CDAA3D0F20DA3D22AE8F3DAE
:101FF0007C5B19BE6EB0953DCFBCCEBD457794BD20
:102000004B17EC3C518E6FBDDE229B3C95FCF43CA3
:102010001FDB1D3E283A53BD0F39263E720746BDD1
:10202000254C0E3EE6D015BDC85D5CBD93FC363D2B
:10203000F0252BBD321B9A3D87691BBE60B32A3E3B
:10204000677EBBBE8A84463D2698C63A775F0E3DC2
:10205000B26DDB3DB856E13D363527BEF4C8B1BDA3
:10206000C9FD6BBDD77DA73E63A9CEBCF1D69CBA96
:102070002F7F09BC1BDC6CBD787ABB3DA5BCCE3B79
:10208000F38E8D3EA0D9CF3B8E36443D12AB9D3DA5
:1020900072ADF73CD75DE33C9FB4BCBD2076EE3C0F
:1020A00070D90A3C5F51503D5B99B0BC7D730FBD48
:1020B00048D1583C008777BBF43767BB71778DBC3C
:1020C000DCE626BD562A763CD6070ABD94302F3D65
:1020D0003E4912BD3DB07CBAF335AE3EAD822D3DDA
:1020E00055CBE33D2B61033E110A053DD05690BD13
:1020F000670120BE94E6233E54155ABE4FB78FBDEC
:10210000C7EEDF3DDDD3173CE5DF043ED9C084BD1B
:1021100076058D3D31FE0BBE19EEE53DF533B33C42
:1021200086FA3D3E5384593DBE08A93D377BF8BC35
:10213000CB09F13C239A8D3D8A32273C971C8B3E7C
:10214000F92F91BE0825013EF76B953DB72782BC5C
:102150004099C33D55BFD83D9BB011BE0ABD8A3DD5
:10216000D180833CEC07B53EB0BA363B8AE8833D6C
:10217000F6218CBC0B7A8CBD232885BD6022993C4E
:10218000E8AC5B3EE59DB4BD3062A83E674110BD42
:10219000C541F23C70C80F3ED1583D3D062637BDC3
:1021A0001BF5A7BD9758213EA2DD3BBE621A1F3E1C
:1021B0005E97BF3CE8477B3DB683023E0A95333EBF
:1021C000C2AFBABC6D0CC8BD00ACFBBDE981533DCC
:1021D000DF64C0BD4F5CC2BDC3B0AE3EF8BD203EA3
:1021E0007DD6993D2A047A3EE73798BD8B5B853EC4
:1021F000EE7E2BBD996E513E083024BEECEC0ABD3C
:102200003EEE89BC557A7DBD239403BEADD873BD27
:1022100050BCE0BC653A283DCEB8B03DECAAB53C18
:1022200037E71BBE3F7B5CBD4988093E00E992BD94
:102230006A3CD23CB7D090BDBDFF8EBD14B014BE79
:10224000E25B8A3D9A3EF83C5657183DCC72BE3B45
:10225000981B2ABD4CEBDE3D91000C3DDD815DBD40
:102260003D52423D0B63D8BB03A7FDBA70791DBE3A
:10227000412CCBBDA6BA7CBE0E55D83C51C3CCBABE
:10228000BBE2223D3DFF453D2A1DDD3C8B743B3EBC
:10229000AFE3563DE86F29BEAF15DA3BFE0755BDEB
:1022A000A51BBE3D813F9CBCA5B8FC3D43AD0DBE0A
:1022B0005EB7B0BDE774423D0A1DF4BC63D52C3C4B
:1022C00062A5AABDBA71393C70D0CF3D4E14923D83
:1022D00053D8B3BD3588D43D1F6AA9BD2F7862BDE0
:1022E0009E9CC3BD03208E3D7A27A43D1453E23D3E
:1022F000546A113DE26019BD5F740B3DE66E2BBE62
:10230000DD89063DBBAC9B3D8E90D43DB8B808BE80
:102310002935C33C892B47BEFC17DF3D5D091D3DB8
:102320007797F03D5116D03C5E6A4B3E36AB20BDF0
:1023300084C9763E1389D43D9FF56B3EFA48B33D80
:10234000F747EC3CDE4F5E3E2F8E453E124A413E43
:10235000E44E6BBE1EC7E03CE92B033C1043E6BDD8
:1023600031C04D3E83B8A53E43AD3D3E99E115BF1A
:102370007C43813D0A908C3D97CDA13ED73D713D78
:102380006C587BBD2271493E79B5333E356E973D21
:102390002D18673D3EE8CABC402590BE7F0102BDB6
:1023A000FA7A1E3E8085CC3EB882223FD81E4B3E34
:1023B000976FD23D115A9B3E79A0FA3C7D6F60BE6B
:1023C00071B14BBE14A6F33D71F9023FCD7C943D33
:1023D000859EEA3D7FF6713E7217BFBE3E049C3E6D
:1023E000C23690BE8B96853E793CF73D8A9B23BDD5
:1023F0009B33EB3E1E4B96BEA7394D3E941A0FBE43
:10240000B8F7C1BC7938C53B640B843EEF1D9DBD58
:10241000DC51EA3DAC8A3B3E74434EBE23B1873D5E
:10242000D478A23D8D77E0BDD65DDCBEB7CB383E1B
:1024300043C23C3DDC55BDBDBF9764BD48B443BEFF
:10244000B2CDBBBEB819C73DC761EBBD133904BEE1
:1024500099AC43B99880323D6752163E816AE43D9B
:102460007456F13C23CDCC3D0BC961BD7DA23BBD73
:10247000A471DCBDBC9E7EBDCA98A3BEB1EE343E45
:1024800000C3073EBAF5DFBDD74C32BED46EADBE39
:10249000A922D5BD6A6CE33D2FD9B7BD738FB2BDFC
:1024A000B9EEBCBDB508A4BE09BA86BC092B373E3F
:1024B000A9F15CBE4A235BBED85EE23DB508733E1F
:1024C0007D740A3E06E088BC0D5DDABEBFF0B6BE84
:1024D000A5E5F83D39947FBC79AB873DD5076F3DC5
:1024E00012C31E3E00EAC5BB2DC879BE2C593BBDA8
:1024F00093BEE6BEC7AD98BD54B401BE6B8F40BC61
:102500007BA897BE47EBF13C7BD4313EA128D73D59
:1025100069A50C3E9F4B893ED06A493E84E8CB3C7E
:102520003154173D80C3123E6B5585BEAB3B8B3D8E
:10253000BE01993EC99CCB3CE9D6EFBDB4C3BABD40
:102540006B279FBD52FCD83E99FC20BDB9B48A3E92
:10255000042E17BDCF31933E0D32DA3E6AE597BDAA
:10256000EACD0A3E212F873E347A7BBCC7C20A3FA0
:102570005ECC45BEE2C065BCA583C7BB3A131B3E1B
:10258000562995BE6780133EDC104A3CD2871BBD9E
:1025900087DB4A3E28C7A2BE81082A3D447EE8BCAC
:1025A0003AA88D3ADB63893D6C56F6BDFFB8293DEC
:1025B0003207A53E16537C3C35EBB3BDA268473DC0
:1025C0009DC31C3E763F0ABE22FB563E35717E3DC2
:1025D000C6367A3CA168A5BD1729ACBD845A5FBE3A
:1025E0004639A3BD6C4027BEAE7BF7BD9219EDBD49
:1025F00010E2D4BDFCE6BBBDA313A73D687A963EAE
:10260000AFF6E9BED319353EB0D2823E43C7E63CB1
:102610007F5082BC0DB0DCBEEB93E7BEF16B54BEC5
:10262000E1D07E3DAB8DFCBC2E7000BE0648BB3DAC
:10263000D6BCEB3B29ECAA3C6C7A663E8E0F063E7C
:10264000FC35ABBEDE525D3EFE326CBF9C5C063D8F
:10265000FBF6113F9BE689BE707CDE3D2870CE3DC7
:1026600080DEAB3E2643FC3DCFC785BDAE58ECBDFA
:1026700041BDEF3DD4D5ACBD1D7E58BE5E65643E08
:10268000623CBC3C888E2C3E4A1C42BDCD73953DBD
:1026900028FD203E3DF9C53DE208E2BC57D22F3E61
:1026A000B679D2BDE1A83E3BC8D2273D14E3203C19
:1026B000B9C4393D381A0CBFC58B253DCD33423ED8
:1026C00012CFC83E504DC6BEE84D41BE325BA33C62
:1026D000C365C43DB8679FBEC278A63E8C14B5BD25
:1026E00085D6BA3D2191CABE301700BF246EFE3D8B
:1026F000E32E9BBD4287463EB92A33BEBADAB33ECB
:10270000A313DA3D5E49B33E08D4A3BD307E013F3A
:10271000F30583BDF905B2BEB5B365BB3DDC4E3CE8
:1027200099B56E3E81736F3CDF59A9BD60FC773E61
:102730009BE0C13EF4D41EBAF6320C3E8D84193EA5
:102740006C91D33C004F283E312A6D3D0D6BEB3D23
:102750009A1EDDBD37F864BB7B252F3D06BE613D6B
:10276000C02B133B5BCD473FB08392BD8BB45E3E25
:1027700021D0D93DD4A3093E155B613E5C5AF83E99
:102780007609553C44B7313E687A01BEB1AE84BD8E
:1027900075A97E3EC9CD3B3D9CA5AB3BE384E73CA0
:1027A000189B263DEE4F8E3DE11C293EFF7C41BD2E
:1027B000FC21B23EB1118D3E4948A0BDDB486BBE45
:1027C000847813BE17A45F3E32A3B63E659AB2BCAE
:1027D000C10014BD7008B03D205ED2BE3FAD933D38
:1027E00031428ABE7951613D939EA9BD2F2ACFBD4A
:1027F0006C5CE23E4DDCC7BD427B093D60DD2CBE1A
:10280000B0AB52BEF4F11CBEEF724CBDC3898D3D1E
:10281000C38EBCBD1E5894BDC3EF9EBE104A11BFEF
:10282000FEC7FFBDDCA9C73DFE6F31BFB005A73DA8
:10283000848F17BE8C65FDBC9C1B9D3EF42D8A3C8D
:10284000DA0B0BBF3DFD3DBE048E26BFB4E9F33D60
:10285000E10B1D3EE25A87BD002F69BE2550E2BD47
:10286000BAE75ABC73F80F3D2ADEC23DBF4B2DBEFE
:1028700044AA7C3CE233853D8CBB223ECDE24FBD79
:10288000EE43733D76B40D3E9EFF573EFC5C02BFA7
:1028900081E6833E7A6983BB2A7FE9BC2AB89B3AEA
:1028A000D91008BFBE6E5E3EC708F63D5F3A603E77
:1028B000E71D653C10CB20BE0EAD913D1FEDD13D17
:1028C000AB9DF83D22958CBD83E3023CE85B4CBE9A
:1028D000A109B4BDF1DEF2BE8EF4703DD34D39BD19
:1028E0000A47B0BA9E3324BF0B4B09BF620573BDC4
:1028F000ACF64B3E822EFA3C4C107BBE37A03F3EDE
:10290000BA4E943EB196493E7664E7BEC0B1813D71
:1029100049088BBDEE3D89BEFB0DF03DDBE0543D2B
:102920003ABB63BC6365BE3D38DF123D77E783BDCC
:102930007029C73DB0F1F1BC81D5013E05F8BA3E22
:102940005216003D6BAF1C3D50F00C3EDD07AEBE95
:102950004E0EB9BE1ACA793E30A372BEA846AE3D2D
:1029600065F36A3EF660573E17648B3EBF5753BE11
:10297000D539303E9C2F893EF27AF43EBEE9183CB0
:10298000B2A8EE3D732F223EBB884F3E3F07873EE5
:10299000EC228ABDFFF99F3DD0161BBD3B62843DF2
:1029A000172741BD9159123ED371633E8EEDB33D61
:1029B0009DB1F2BB74FB9F3E2E0AF93DF3FEC5BEEE
:1029C000E7D7B1BE9FE4113FB832DE3E0082DF3D63
:1029D0001A87FCBD1EC4943E062BD5BE2BC78C3E69
:1029E0008C9C14BEEA62103E4CF6FB3D75F424BE8E
:1029F000F48DC13EA433ACBE5D365A3EBBFAC63D33
:102A0000360A1FBB0CE766BB144084BEDFD9643EA8
:102A10005808643C6E87CB3DBAE6D03DB09E15BEEB
:102A2000BF13D0BD7CCF213C896CDCBD25B667BE11
:102A30007D078CBE93673FBD47A5ECBEA79260BEE5
:102A400055AF81BEF8F4C5BD8C0BF5BED78597BEDA
:102A50000882253DB22FEFBD4AE005BD0CE90CBD53
:102A6000BBDB6BBE6F2036BE192B37BEE788C0BDFF
:102A70005DCDFC3DDA2325BE45CE8DBEB097B0BB03
:102A8000FC6C0DBEA3DCF5BDC443E5BD8DE6A9BE5F
:102A9000D9DB873D8D7D0C3E0BBF913D8A47D93DEB
:102AA000E792AEBDF5EF00BFB5094FBD56CA27BED0
:102AB00070911CBEF13F4EBE6E73C1BC5B7F1DBDED
:102AC00039FB1838250D00BF8D7D693E6FD66CBE71
:102AD000C16A0DBE3184F0BD024F9F3D800CEBBE3C
:102AE000622544BB5D2D23BCA92A7ABD56FF073D54
:102AF0008FDF02BEE6B8853BC66A80BEEA8807BDA6
:102B00009D7AB13D6A6B813D343209BE1F20AF3DD5
:102B1000864AF13D3EB86F3ED3E3FEBD7EB14A3DED
:102B2000EC93543DB1C7AF3D52912BBFDE7FF6B859
:102B30005769CB3E508A063EFF842FBE5DD6DDBD71
:102B40003E31B7BE0E8A183E3A4D2B3E0EE386BD8F
:102B50003E3C25BE8FCAC93E169DC7BEA16202BEBD
:102B6000970E153E5EAE863E34823B3E43350A3FAD
:102B7000DEA9C33D8D4A183E722CDBBEF6DA68BD75
:102B8000C6601D3C91F92D3EEE4FAF3DE0C27CBDCD
:102B900035187E3E20A22F3E3293673C4C396D3D66
:102BA000942C143E7F53153C1722A2BD1DF268BD24
:102BB00028A183BD7DBA6E3EDBEE0E3E86B84F3E49
:102BC000794FC6BD3CC802BE42C991BE808AA9BE2B
:102BD000A580ACBD4D99A6BE4EF9243D0BB1273E54
:102BE0002D5DCE3D797D33BE1E5759BE204BEF3D46
:102BF000513688BE23DB8A3E1F9D4FBE8A92D1BDCF
:102C0000AACDDDBCA87F8A3EB5F783BE5F450C3EEA
:102C1000881001BEE6F9EBBD58E862BE99A1B43E4A
:102C2000A5EE873D8CD7C3BCAFA2C1BD72199ABCBB
:102C3000B1995F3ED1F3DE3BFDF9AEBDE8C6603D24
:102C40009A6A5CBE77536A3DA90133BDCD5193BEEC
:102C500093254DBEDC927D3C3B91A93E05A7AFBDBF
:102C600021518D3E8B2DF53EF7B9DA3C4CDEFEBC92
:102C700025BBFE3CA906DD3D0A76F9BD5550683EF0
:102C800077382BBEB893143E09FF293E85CC32BE5F
:102C9000A82A8ABEFF3F843C1A68563EF13AD23CCD
:102CA000C291543D4D043E3EB5BE993E2C770CBEBC
:102CB0008A0D6C3E430E84BC7691DA3D07E8C1BEB6
:102CC000A49D81BED8B7E03D0345203FB154A1BDCE
:102CD000C5E4613C7649AC3CD40B50BEDE130C3EDF
:102CE0007E2C55BE2C8195BE6CBA7BBD43E913BECC
:102CF00021A31C3EC4A854BD985C8DBE9151E7BD74
:102D000053D6E6BDC5B200BE58ABB03D0E6604BE9C
:102D10009855833D75F8373F14C718BE34B8B7BE11
:102D2000995DA4BE6597E1BCD1CF80BEFDFDD5BC49
:102D300087A364BEDEE5FABD20790DBE39C745BE66
:102D40001F83183EF19B3ABE56C517BFFA7031BEBD
:102D50000248093E0E53363EB91797BEC49C13BDB8
:102D6000C7A1D9BEF5DAE9BDE13145BDE06E0F3F3F
:102D70008D5E7FBC1C11CBBC4F95BBBEF08B88BC5D
:102D80004F73AE3E4467113EB0E487BDDBCC21BE3D
:102D9000A81442BDAD78ABBD9F51713D930912BEE1
:102DA0004D9697BDB06E803DEA620F3E474A0FBF19
:102DB000AEBEE2BDB03D8D3D1F59D4BD03B85BBE74
:102DC0000318FA3D3ECD93BE34A9853E93F8F0BE7C
:102DD0003EBD473C012080BEF6CE363E4963853D70
:102DE000DB9CBA3DB8527FBD092EFEBC49EE623E67
:102DF000DF7111BEE6EB373DFAF488BE4834113D71
:102E0000B0C37EBDB890333E553201BC541E483D20
:102E1000F063DD3DCC2A4D3E9A65263DF296C43DD9
:102E200026AAA13E2D9C85BCF96F80BE6B09ADBD65
:102E3000B302363C1FB288BD5BB8883DFEF27D3DD3
:102E4000C697E8BD8605E8BE0A14A3BC546643BE17
:102E50001888C9BD83A9FC3EE746BF3EDB82A23D80
:102E600091536ABE0B6596BE36CC4B3E274B303E27
:102E700089B25E3ED5C9683E135587BD3E10143EEB
:102E8000C21E27BE25AB30BEDE2EAA3EA9D28C3D87
:102E9000E4E830BE8D57753EFA7763BE7701463D54
:102EA0000437A2BE91B2FE3D0E4D953C65B515BEF0
:102EB000D74110BC4CD9D2BE6D81C03D3EC831BE99
:102EC0004950AE3C51C41D3E4C1D073C0B0CDC3D33
:102ED0006A8362BDF01696BCE1D7D13E222F2ABE8E
:102EE00066FDD53D5E8FF8BE96B13ABE365F44BDF5
:102EF000BAA78E3E9FC688BC093586BDB96C803E98
:102F0000084BA23D44200CBE8753B33E7DC031BE6A
:102F1000DB8802BE2D217C3E6A2340BE62ABF0BE40
:102F2000B943B83E9763DA3D0FA123BE6B36B2BCFE
:102F30009069A8BD08B7F53DEC1A2DBE4AFB49BE05
:102F40006B1FEABEF22B77BEAB9F81BE2EA7843DDE
:102F50007E5AA73E9A62343D89C3773DB1539E3D68
:102F6000E42BC1BE191CAABE8BC911BE23A60BBE81
:102F7000DD592CBEF41FDDBDE16D7BBEE33F83BE9A
:102F800072A2D83C28DB5FBE196999BE6406E9BE0F
:102F9000AB53613EF71DAF3E1D0CB63D8D92F03D2B
:102FA000A260D2BE635BF1BEE4F18FBE77A1B03DFB
:102FB000FBF1E6BE2F1795BEE774D03D1A84CA3DDB
:102FC0004BF09D3E269758BFD24CC1BEAED9C9BE6C
:102FD000EA139BBDE0C099BD13CC163DD22A413EF9
:102FE000D7802B3E0A8344BE066D5FBE6552A03E6D
:102FF0001FB624BFF9CAC23E4EA983BED816F13E01
:1030000087DE07BEBE33AABECF71F9BDB5A79B3D13
:10301000805503BC66A5D73DA96D03BEB07D34BE07
:10302000554629BE86F3F3BDCF48F2BDC6589ABEB9
:103030009DE623BE435C07BE34FAADBE0717FCBD58
:10304000B21C7ABEE97D6CBEF68DE7BE4B9CC7BD57
:103050003F2D7E3C90C659BEBF4E913D15902EBD72
:103060006831E8BEBD9741BED4D75BBEC93BBBBC8F
:10307000B3BA7B3C10618F3DC46CF6BE3123C5BE34
:1030800042BA04BE6BE6C2BDF109E4BD4BD5B5BE84
:10309000C1C067BD0542A33DB6BA8A3DD2AA753DFF
:1030A0002C03A2BE9DB816BFCE9459BDBB6597BE7A
:1030B00008CB99BE437039BE59246DBDEF3B10BE9D
:1030C000CCA4F3BDB8F8D5BEA6726B3D10B2C9BE94
:1030D00031A501BEC67671BE07F0223E65E198BEFD
:1030E000AE3B133EE749493A3D6DB0BE100A473D3D
:1030F0000B35BABED7A5DE3D32B8BCBEC3B0DFBD0E
:103100006D41393DBD039D3D09961F3F64F61D3D50
:1031100079FDE43DAC2A4D3E1268B13D8AEB8A3E12
:103120001E9B713E4DFA19BD9D261BBE16043F3EE7
:10313000529C7A3D2E331DBDE56D6ABE6051D3BDF4
:103140006666683E6D28033EFC8ACC3DF959543EC4
:10315000E40FB4BD96D7163F11E1FCBD4B0734BC5C
:10316000F60B593CC22D7A3E025C2E3BEADB063F51
:10317000D841D03C883B50BEAE5236BF930ECC3DBA
:10318000FFC663BD6469983D829A39BC8B78CABC1E
:1031900051D9B53D5F75393E6D5A133D95FCBC3D27
:1031A00020C5A1BC269CE8BC89A5283DC93C93BE8E
:1031B0003F2295BD25B9893E77BC9BBD6483F43D14
:1031C000F4949B3C94D9123C57B12E3EA2374ABE90
:1031D0006D291FBC2C0730BD04E4673EBBB766BE3B
:1031E000D9192E3E15F5EC3DEF2F963DB7A6223EA0
:1031F0007F5399BE80E982B960D0EC3D77AD4FBE78
:10320000DFA2DC3D788F34BEB68A5FBE1133C0BD0D
:10321000C3A5EFBD9776B53CE734343D7EE8123E5A
:103220003759603E37BAC7BDAA66EE3DB7B439BE5E
:10323000EDBF3CBDA32CC73CF9F310BFCB3E40BE55
:10324000EE9DEA3D53C7C73E990C063E1E5D92BEF9
:103250004833A2BE18C8503FBABBAE3EC3BA023E06
:10326000D29F613EB495273E1B4E12BDB23F3A3D00
:10327000C41F873D2D26AEBEFF5F32BF519A493D28
:10328000E2C5E23E9470983E1B53EABDFA894E3E79
:103290004991D03C812E9E3D52C91BBC643DE0BD8E
:1032A00037C9BF3E757890BD2B559A3E531FF5BE6A
:1032B000651523BED90F923E3F77943BDD1DBDBD02
:1032C0001A4C52BEBA3C063E6F94463C27E780BD7E
:1032D000059D2C3DACBA2BBCB77CF0BE02FF2EBDC9
:1032E000C70CDF3D4381A23D49998D3D3CE5523EEF
:1032F0008765C6BE00864CBEAFE5C5BD51AA21BFDD
:103300007599F7BECD27DE3DD9B2DD3C97CB0D3E9A
:10331000F9E45EBB55087DBE28EF9ABEE38BF2BD93
:103320001C2811BEFC1A91BD0B621CBF4A8E9CBDAD
:103330009C79C1BD0E45B33D53DBB43E226E1E3EAB
:103340007F7E93BE1F76493EC7440EBEE886BF3ED1
:103350002E8B353E8537EABED2EBA53C933C9FBD14
:10336000F3F0D73E25A777BD989391BD52F705BFDF
:103370006135AB3DF73A3EBDB64E983EC0A5113E15
:10338000B0609F3D7D28EABD9691253EDD851CBF3E
:10339000A96D823E544E34BDFE097DBC9AFD05BE2A
:1033A0002C14A4BE08E3983D5125833D970314BC1B
:1033B000BACE11BEEBE727BED80314BE1780A03EDD
:1033C000A7C27E3EE3BB9F3EB53F5D3EB6DEC13D3C
:1033D000715B033E5E4D06BEE0B6033E08990BBE30
:1033E000C31FD13D74BEFCBDCC21B9BE662664BDF1
:1033F0009380803E9919B53E65DC8A3DD32F873E88
:103400004B56F23D4C0E62BD73F18A3E4B3051BCBF
:10341000AF95123ED80CCEBE295AC5BE46012A3CF5
:10342000CBDF433E717902BEFC85EBBE0B57073EF6
:103430006DF722BC1059BE3B53B788BE443BA2BEB9
:103440006A92ADBE20C30FBDB511FDBEAB6D333E5C
:1034500086D6203E0F5A4FBEAB97693E3699C8BDFF
:10346000ABDBA23DAAEAD8BD6B769FBEAD1810BFFC
:103470008793CDBD677D67BE75D680BEA57D063EB0
:103480006BCB40BDCFD1A03D92C605BE6976A2BE32
:10349000E3CBA93E8343B73D97B306BF6BDD8E3CBC
:1034A0001A2237BD5C4D3CBE089846BE35DD453E10
:1034B00094EC33BE7A716DBEC0E1F8BD8EBAA7BD83
:1034C000A47FE9BDA10CE5BE02F449BE350219BFD7
:1034D000CFED68BCE4F99EBEC67989BDB282A7BCB7
:1034E000EBAA8B3D0CE024BF504A1FBF1A9EA73E9B
:1034F0004DCFA1BE68935A3E0577BBBE51D01BBECF
:103500001A78E73C735D88BDA5744A3EBBD345BEBF
:1035100054290C3E39201C3EAB490CBDA7C47DBECE
:10352000DDBBB7BEBC4966BD12EEEE3DAEC8B7BE50
:103530004F7945BDBB78B5BD533909BF9EA066BE66
:103540005088223E8F8DEABE0B038EBE6BC03E3D7F
:10355000E129AB3D6F4196BD738C513D450A983DC5
:10356000C39F4DBEC5B37EBE40CBDBBE034DA43E64
:10357000971A82BED4D2AFBDED5B2FBE7C197DBE43
:103580006675F43EA086EDBE620121BE738038BE32
:1035900031CF2BBDE7DA88BE4B99A63E634EEF3D97
:1035A000AAB8B33E5EDE59BED2491BBF2FAA04BFE4
:1035B000B4F218BE1AAD0BBD1293B8BDD9A2173E16
:1035C0008FCD653D210116BFFCCF243E43B93FBEE0
:1035D000C1401FBED12804BEC3A98B3E7044FBBEB0
:1035E00066022E3EF3B72CBD294A1C3E902404BD32
:1035F00042BC5ABDC132083E056BE73CE2A8023D21
:10360000EB1DE3BD9F8169BE15DC673E401704BE1C
:10361000FD4A95BD301150BDFCD180BE2C42313EDB
:1036200081F43EBE0693063E3A3525BE2679AFBDEF
:10363000747128BE3DAE023E89F98EBE9322A6BEAD
:103640007006C7BE8E749EBE23A5ADBD14656BBD4E
:103650003B974E3EEC892EBE622462BC788F5C3D67
:10366000D07806BE5C6626BE0DA541BEEB74DCBDFF
:10367000F248A0BE509180BED70506BF69901CBE1F
:103680001FF30ABCF6710EBEABB547BEE67965BE48
:10369000240C263C2A662DBEF33673BE937EF6BDFF
:1036A000063CC1BE1025B7BE1E9A0ABE403703BEF7
:1036B000D3E7A4BDFEFA7ABCE6019EBD4D7EC6BD31
:1036C00084E58D3BCB1574BF7BA27BBE0E5EC6BE70
:1036D00081CD363D403D543D2938893DD016FFBE51
:1036E00042AF0D3E355A603D6C3241BDEBCC033EDE
:1036F000118404BF9448263EEE2403BEE1BEA5BD5E
:1037000060D8263EDAFB26BE67DC9D3C1F920F3D4B
:1037100078FDE43DFC6501BE7A97D0BD363D173B90
:103720004A223E3D03F910BD518555BE93F8ACBA0F
:10373000FC7D2DBE7187BB3D5DFC95BEE79CBABD8F
:103740007B0294BE8AA32EBE933CBDBE86471D3B22
:103750007C2B78BD48DF35BDD259B03DA0BA053EBF
:1037600040A4B4BEEF7D88BDF17A34BE685801BE76
:10377000BF9781BE4A5305BDD941D1BE143E08BD95
:1037800097D1033D23359BBE5E4536BE4EF846BEFF
:10379000FEA47A3C0D9F86BD1232093EF278BABC77
:1037A000363EB6BE173C10BFE89C04BE71A50BBEEA
:1037B000AD1882BED06226BE03F8043EC539C13CB6
:1037C00097BB8C3DF69892BEBD03D0BD6F7CAFBE5B
:1037D000FD59AD3C8E7F30BEE614B63D668B0DBE06
:1037E000DE126A3E111EE5BD684301BE80870E3EB3
:1037F0007735DBBE9D4F8DBDC56A3BBCAE148F3D9A
:103800009D24CCBEB39A273EAC6A7B3EDAE8013EEB
:1038100009ABABBCDD83C5BEC40BE3BEF8F90E3EFD
:103820007AEAEE3D94496D3C5BCC283B01AC403ECE
:103830006CA5453D8F0E8FBB67DBFEBBE46CEC3C9B
:10384000FF338EBE7F3B0C3E08C62FBF6572583ECD
:10385000FD1F073F1F7F3D3D21E7653EB129973D95
:10386000F0AC11BCABAD14BDD2C4353EB8019EBEA8
:103870004E84F23D77D4393EDA5A1BBF2519283ED3
:10388000FF4A0E3E5941723CBE1A213E2F99D03D4F
:103890005105A13E952F413ED9A5273E37E8303E40
:1038A00012F18F3D1DCB093EE799673E964620BF3A
:1038B000DD0F523E6911D1BE187EE4BDC16A383DAC
:1038C0000D5C923E445764BF0B6A79BD04ADDFBC0A
:1038D0007E78783CCEE71EBEA70E5C3D64BF0C3EF2
:1038E000EC3E803D0F124BBE9E7E6EBE19F5093E2A
:1038F0003A94E0BE37B1173E09E644BEA0079C3EAD
:10390000D5AB8B3E1B1DDB3DF0FE2BBE79D2E8BC58
:10391000F8E08F3CAC8795BEA9B1D03C7378B53E3A
:1039200012E9DDBD581217BC52E65C3CF692043E2B
:103930004C24093E67F68ABCE8A2663E7A31B53E61
:1039400070C07E3C7CA4053E7D8EC13EE37082BD8E
:103950004FA590BEB8306C3DF90D9ABEA2F2F2BCF4
:1039600032F9DA3ED190A63ECDA7F23EA0793CBF17
:103970002DCDA63E74687BBCC483B63E952F1E3EFB
:1039800070B809BE0B082E3E7CD12F3E0B18BDBB74
:10399000E77D4ABED7001DBE988693BE7B47C6BD55
:1039A000BD8395BD590AF13EF8E5EB3EA743C03E05
:1039B0006C78D83E57A7C03DD5B018BE65D091BD34
:1039C0007C198BBE19C72A3F17E2293F2E54B13DFF
:1039D0009C1E85BDE2DA0F3E877DBDBE40F1263ECE
:1039E000989649BE4ADA143E812B043EAD49BBBECF
:1039F0009EC6203F9F1248BE6D58503E447E82BEF8
:103A000017E24E3D40E59A3ED82C64BEDED52A3EF4
:103A10002854B9BD17E27C3DB1F9533E1BE88DBD7A
:103A20003A0758BEFA9EB2BD095046BCAFA3543DFA
:103A30001FA5A53D7BFB0F3EDEE419BE1952903E4B
:103A400064B92C3E8415F43BFBEE643B915B42BEB3
:103A5000300B2ABE755539BFCF481BBF49A3D13D96
:103A6000E152573DE7CB24BD17FBCCBDC4502EBE61
:103A7000AD93BA3DFAF6423EDEC4063C02920FBD5B
:103A800007EE1C3E49AD133E2E4D2ABDD80CA63D77
:103A9000D1E658BD756897BDD98CF73D6AB73C3DF6
:103AA000497113BE7E82A83C924E84BEC825323E28
:103AB0002F190D3E0A1E003DE438843D0ECBFBBCA1
:103AC000C6093DBEFDD9F73B47F2C1BEDB53913E6F
:103AD00025A220BE623E8ABD11921B3E94D330BD0A
:103AE000D3FB013EC2DAFBBC32F78F3D522878BED1
:103AF000604D6E3D0A97D5BD28E1153EC5B28A3EA0
:103B000037BD4F3E7E28DD3DCCFCBCBD0C5B1A3E74
:103B10003AE7783D0B07F9BE09BB8BBE12BDC3BDAA
:103B2000B67A833E93073BBC261601BF9B1B2BBD79
:103B3000E666523DD321803DEAD4F2BDBFA62D3EBC
:103B4000738ACFBDE84839BEA0B390BE020B59BE00
:103B500081B519BD5FECE7BE4F29153D343F993D56
:103B60009E6B0F3E0C61E13D91512A3E396D423E04
:103B70004F7E143EE1DF313E8AEBB03EC059343E09
:103B8000EBD841BEFFA47FBEFB5E8D3B4896FFBED7
:103B9000E52412BEE85F643DE7B089BEB433033D5F
:103BA000100011BEE1EA4D3E0A07D3BC5D72333E00
:103BB000378BCCBCE8FCADBECDF742BD7DF0253ED9
:103BC000B98915BEC8158F3EEE24823CC676743D79
:103BD000FB1FEABD2D9E2FBE19C6663DE5C79C3E64
:103BE000C825923D5D9504BF75486BBEC08F6FBE02
:103BF000906BEB3E037F79BE89D6263E90497ABE14
:103C00009D28F9BD29F58ABD363FDA3D37FE35BD21
:103C10004D8D8BBC414BBD3DB75923BD12CFFC3CF4
:103C20001A308DBE48F05EBDD0482F3D6FA856BEFD
:103C3000ED659B3C259EFEBDF469EBBDD797BFBEED
:103C4000C324273D15F4803DD2C8AE3CCC7B1A3E40
:103C500031EC3BBC56B3CA3DA5C6B23DB68B31BDB7
:103C600065C3513D7F4E433D205617BED41772BDEC
:103C70009BA583BE3D90833D3A6AD9BCF38311BEB8
:103C80009A72883D2BF5D8BC312A91BE1DE3533C76
:103C9000FE710C3EFBAE9DBEF7594C3E80B1B6BCEA
:103CA000AF01673EF7762CBE3C5882BE6F9266BE6F
:103CB000B6422EBE2ED26BBC7A7AD6BD865F2D3E22
:103CC000365B5A3EA20E86BD97BC883EC16B223E33
:103CD0004F5AB5BDFCAAFF3D28EB5F3EF952853E29
:103CE00062ED15BED30802BE877904BA19AB293E2E
:103CF0009E97D3BC1A99D1BDC32EA63D23D0B53C07
:103D00004A4320BE78978E3DC7635BBE24A58DBD18
:103D100038E4093E85FC6ABD34506DBD79A1A8BE6A
:103D2000E9103D3D83A5E0BD6A26753E82C7A0BD72
:103D3000243D5ABE436C91BD538EB83D7583713E90
:103D400090DA85BDB68EA8BD6E522EBE96C800BE56
:103D50000415BBBE370A2D3CE84CAF3E4F9F953D46
:103D600067899DBECDE172BE1BA2863EE2EE52BEC9
:103D7000F643333E586F7F3DAC699A3E23FE14BB39
:103D8000B69A20BE8918F8BD058E023E9D0AD93E1E
:103D90006F5541BEAE8C9F3C714983BEF546943D44
:103DA000D5C6BDBDA078CD3DE77F66BC6D21753C15
:103DB000B29FB73D32F654BEC31E183E0D4BAB3C0E
:103DC00044A016BE49652BBFF93354BEBDD9873E0A
:103DD0009E04553DDC2F643D5447E93D1F3A86BDA6
:103DE000E0CCC8BDD87E27BD1725E8BE25BB3A3D2F
:103DF000C63EA33BAB7253BEF18DD2BD4A506C3E62
:103E000035296DBC404D14BE9271F63C78C6173D05
:103E1000D839C8BCE37DA8BD49D0DC3D527B29BD63
:103E200091A860BC642D093EA3FE9EBD43563ABED8
:103E3000ED3850BEDB80AABD878A18BE2E4889BEE9
:103E40003A01813DC91BDB3D1C952EBDA56E413C51
:103E50005AE3213D6AF945BEDCC8BD3D2913C53C86
:103E6000C9AC85BE8D43EFBD79C999BE66BA8F3E98
:103E7000C675F83B0E359FBE6430D9BE25D76DBDE3
:103E800030D4DF3D1E170DBBF8B66ABE10D58EBD0F
:103E90008E23F43C2562AFBB8EC4D63D4EC9413D56
:103EA00009D942BCA9DEB6BE03C46E3DA0799BBE53
:103EB00016AD80BE3673113E60FE20BDFE96ED3D10
:103EC0002B58E8BC7A8B25BF3F22413EA2F25EBE52
:103ED00038CCF4BB397141BE94C7553ED6B15ABEF9
:103EE00040C4C03E4D2D9E3CF236D83D777B283EE7
:103EF000E3418DBEE715D6BD1F650EBDD084A03D44
:103F0000D4D159BEB596FFBC63484FBE05AC4EBD7B
:103F100028E9F23DF82C543EE3305CBB5C7298BD5E
:103F2000E11C71BD15CE3C3D29F2E5BCEE965CBEB0
:103F3000CCFC1CBD40526C3D72505A3E5F9F9A3E75
:103F4000ADB65CBE63E4AF3A062EF9BC47BFD13DC7
:103F500047DCA63E41C4BD3DF36FCEBCE7F6F33D62
:103F60008D63083E3A4C5D3DDEF3573E7BE22F3DCC
:103F7000F5D6F1BBC37D3A3D8DB9FA3D935232BEC1
:103F8000289796BD0B35BF3D864B343E0EF9AA3DB2
:103F90004BEC703E3436B1BD973D38BE6067EC3CAB
:103FA000970100BE6A78B3BC382C393EA5E6AE3E18
:103FB0007E45EBBD36D289BE5A1A5DBD26BCFD3C9E
:103FC000EDABAC3E0F2C493EC74B70BE17413DBD1B
:103FD000918A863D8CF8A6B8233092BC4003253EDA
:103FE000640FA73D2DE4AABD6FFF033D34A51B3E22
:103FF0008BE1A63D12005A3EB685DBBCF979ADBC1B
:104000007241A73E93F1D93DFDEAAABE0337E33CD6
:104010009F39873D037B103F693E2F3E0036F93DB7
:10402000AC1CB23DA640013EDBDC163E8D2E7E3D33
:1040300022227D3C6879673D1EDC9D3EB677BF3D00
:104040002AD940BC0AE7A83D18F4C53CC327B1BD36
:1040500096FEE2BEF9B7CB3D744DF2BD6590B33D1F
:104060000E30263EE2E65B3DB9D2613E785C103F01
:104070003188653E89087B3E2CDFED3EB1AAE13CEC
:104080001203293EF6902B3EACC69B3EEE4D823E7F
:104090008FB853BE032B9CBD26E6DCBC74A564BD63
:1040A000B88E973EB8E1033E4BE4203E8AAD593EC0
:1040B00021F81E3E023A903E9C887ABDEC49BEBE75
:1040C00075D0A9BE6A359A3E3577C83D7D0F933EBF
:1040D000484BE2BCE78BEA3C7DAED3BED74FE23D16
:1040E0002146B1BE959DE9BC1B8640BCF027B63E7B
:1040F0009F9E633E9C766FBEF268713E60053A3EBD
:10410000F98E19BD271DB43E3E4E85BE50CD843E6E
:10411000DE306E3DE7DF12BE97FC2A3E4629703D39
:10412000593F823D5B6B0D3E0AB7E63D9C54203EF5
:104130008D409D3EA411EBBCDF03D13E7CC09C3E74
:104140000B58883DBECB143E475BA8BD8BAF4FBC20
:10415000521FCFBEA0B3FD3E0E3FC63E08AA193E79
:104160006B1A4D3E83C3103FB71C1A3FAA382F3D30
:1041700078BE9C3ECB92BC3EFD4E4A3EBE27C13D22
:10418000380E91BD8A5FAC3E53ABF43EBFA0EABB94
:104190006B4AAEBD12FEDD3DB6782BBCF79F683B87
:1041A000A82E963D7ED58B3E06868D3E533F073E1C
:1041B000E7A0E43E723E1D3ECA120F3EF90F73BEE9
:1041C0003A52D8BE1671443ED5A1983E5A0A1BBE3B
:1041D0000042B23D270547BDAB7D81BEEA82533E1A
:1041E000C01C18BE229C77BDF0E6C53D7E51A3BD24
:1041F000EA14173E7E76CBBED75B6A3E8BC9B13ED2
:10420000CD59223E35CB7F3EFBBF85BE637F2FBDA0
:10421000FE58CEBDE1D3B73DA82FDC3D2404503E6F
:10422000B9951FBEB0F107BEA26EF1BDBDF44B3E05
:104230009C648D3D8FFCAD3DF073FE3E9EC3AA3E57
:1042400091273ABB8EEADCBDF286A13D2D5B19BEFB
:104250006F3AA7BE82BD3BBD8BD73CBE6C3E94BDC2
:10426000FA9A1C3E7C0EAA3E4212443EA02B273EE8
:104270006DE07B3E413E983EA2FC853EAB0F513E39
:1042800021F249BD7CD4DBBC0009973D2AAC813DBD
:10429000924F4ABE5BF438BD9DEDDF3D4967873CD8
:1042A000E54F4A3C5B1B7E3E7EAE94BD980E8D3E34
:1042B0008DBA983EE24A833EE04FACBD266571BEA2
:1042C0008ED348BE1C52673E6091B9BDFC36043E99
:1042D000078F023EED9DCDBC223DD3BE97A7F73E92
:1042E0001E6FA7BEB2A938BC14745A3D0A7ECCBD5D
:1042F0000F47E43E8CD1C6BE85398F3E1A99193ED0
:10430000DD6D843E762B063D129F04BF15902E3E38
:104310001CE3AF3C5589263EC4A6D6BD9B11973DF4
:1043200020C7AE3D3B1A743D76EE983EF7118FBB29
:10433000B6C9463EDE3C133EB027883E6A67803EE3
:10434000ED6B983D9A3DBFBD365711BE4118B5BEC5
:1043500041B825BF8828B23DE37A2C3E873C60BD3A
:10436000F710563EE687393BFE88F53C2AEABE3E0A
:1043700091A8483E658AED3C4607933E7B34D83D84
:10438000D477AE3D75D5913D77A08D3E5681883E60
:104390006B8506BE6B91CFBD0C4C14BB440F75BC36
:1043A00052F74E3EEECEDD3DFF51A33E3370593DF8
:1043B00087DC0C3E60961A3CA8DCBD3B1851BEBEA3
:1043C0009844CFBE7BD3DF3E719CDD3EA12F5C3D88
:1043D000B9FBB13CE70A3F3EA6551BBFD2C5413EE3
:1043E000716C10BF04CF4CBE3B66E5BD1A98193DF9
:1043F0006BD0243EC3A4EBBE59EE4F3E305F02BEED
:1044000090AEB5BE093BA9BE1799933D71D88FBE3A
:1044100029F6EA3D339701BF2656EE3C596E803BA4
:104420009D08C3BE0FBD073E8A83943DC6FF83BE71
:10443000197CEBBE09830F3EA064A7BE78E307BFDB
:10444000C28CE4BDCDDBD13E077B9A3D5558B9BE49
:1044500091B3A63E0619063F37AE463E0C2857BC20
:104460002A26D1BE12B657BDE058B0BCAC6FD8BE3C
:104470006BA7B2BEBC1D2CBF1875413B73B74F3D37
:10448000D0B5263EE67B9D3E6712603D6EBCCCBC3F
:104490002DE7033F29FA9DBC12CDB6BDAA4A26BE20
:1044A000E0DCE2BD9F19F53D9CEEB33EC54AADBDD3
:1044B0006DA0FBBDBE73AEBD4D0D793D1924813E8F
:1044C000A16E4A3D0C60D43D1F0F053F7A91BD3B64
:1044D00060FA87BD1B21A0BD5C7DC03DC7770BBEC8
:1044E000FD0BD63EA87A54BE0EF801BD567FF8BD2E
:1044F000E56D52BE085EA53E4913BA3C55EE6D3ED1
:104500008DF351BDC4361A3E6AA038BD35D286BE81
:10451000C333C73C8D54DA3E32CBF8BE6D70CABE91
:10452000FB17CDBCA0190F3E166DD6BE520E50BD66
:1045300090A0CDBD8C5C18BE0C03EDBE0A7DFDBD08
:104540000CA535BF696004BE3411EEBE4984A43D9C
:10455000E5302DBC66C1A73E071689BD6403313D19
:10456000F5CDB5BEBD0DEDBD16E7463E4F6176BC3F
:10457000EE2B21BE16D6E7BD88A488BC7DF1A23DF6
:104580006E80573DD89CD43DF10000BED4D7BDBE4F
:1045900072AA703C5C4F253D00BFECBDF9B6CB3D27
:1045A00038C42E3EC85FADBE15713ABE1CFC94BD2A
:1045B000940824BE098C81BEF0D1C5BDA8F433BBDC
:1045C0008D741D3DB236AABEC7480BBF881EDFBE24
:1045D000853D2EBDB9E70ABFABD4F3BD6992B9BD25
:1045E00076A8FDBD978A89BE6A048CBE34DF9F3EE3
:1045F000B85CC4BE817619BE74BA9EBE24FE603E0D
:10460000BE7950BEF8304C3EBD6DD93D50D012BD84
:10461000FEBD87BB645933BE6CF5AD3D2A32A23E68
:10462000B4A544BE8A26F7BD95393FBD9831AF3D4C
:10463000084D5D3D5B3CAB3D462414BEBF4FB63ECE
:104640008A641BBDB5CBB1BDBE8BC03D1AF4D6BECE
:10465000B6741D3EC7E8523E1EFF743E8E75073E7F
:104660003C9A193D5298A03CFCCA2FBE2671A1BEAF
:104670000986063E7E7CEC3EE34D16BDAF6CF33DF5
:10468000C417FA3CD90C05BE0DADDDBC335E85BC4C
:1046900019129B3E936E0CBDC49152BEA41595BDDC
:1046A0003A0744BE7188E03D8410F8BD40C4E13E45
:1046B00065F26F3ED0D6B43D56A9E8BD17319A3E9B
:1046C000B30001BCD817CA3E6347613E7F3F8E3CB2
:1046D0009E5A0DBEEA99013D99CF8FBD4E7942BDDC
:1046E000539D533E67D6083DFFF5A13CB5DC93BD15
:1046F00097F49E3ED9E17C3E298E373E8F22E1BD64
:1047000041296ABE7B4F7BBD6D7183BB6367683E89
:10471000A94A163DA2E01D3C824C7EBEBCA809BE43
:10472000FF979CBEAB0CF53DE8F115BE1F8D92BE08
:104730005A219ABE490E8ABCFC17ABBC81E447BE25
:10474000727103BD45B5BBBE31ECA8BE79CF06BDC5
:104750002A279A3D0DAB8EBE18739FBEE595A03DEE
:1047600001647BBE6F98ABBD494DBDBE032EBC3E00
:1047700086B981BD8E2DB5BDBD211EBE4453B0BED0
:10478000B5259D3EEF91ABBD975734BE0951AB3D6A
:1047900034E6C03CE67027BDD3F3D33D30CA813D3B
:1047A0003AAD883D914EDCBDD904813DFDDE44BF6C
:1047B000D58B033D69BBFEBD9E8ED03DA087D13C0D
:1047C000543D8E3EFE8315BF2ED93E3E1D3933BE6D
:1047D000B50B10BE5B42CEBE10D4193EFF940EBE88
:1047E0000475773EE6A8723E1478EBBD841ED5BAF8
:1047F000F92F04BE9823423D90B05C3D73DB25BC8D
:10480000C248BF3C98407C3DFE3257BE3B9046BC00
:104810001D2FE2BC44B28CBEE5DFBE3D07C0143E96
:104820004B49A63BA6B80FBE9B6D5F3C1C5DB0BD5F
:10483000CF36BF3C65DD06BD1613783D785BF93D8C
:10484000E49EA1BD6182BC3BCD7A903DF62F2FBE88
:10485000FAA7D53EEE0FC53E14B1B23ED6BED8BDC6
:104860000D8FF1BBE077823E54A6E73D3A6CCDBE9A
:10487000105748BA167C3BBD78D58D3DE81B063DE8
:104880004BAEECBDB3389D3DE3C50B3E5130F43C1F
:104890001137133E1407F1BDB83D06BF6DDD40BDB5
:1048A0008C5A80BE8003823EEFBFC53ECE2E9CBD9B
:1048B00070AB1BBD9083EE3DD7D66DBDE843093E7E
:1048C0002B74FD3DCEB32C3E05721E3ECC4635BD4D
:1048D00041417C3DA2C4613DF04A0D3D77D70F3E7A
:1048E000DC0A1B3E4A3B09BEE88C84BC29E1F0BDD2
:1048F00025F07D3E6F68C83D2FDD153D270FA6BE14
:10490000CF35C53DAD10AA3E1465A7BE7AF4A03DD3
:10491000833DC8BC443001BF9CAE51BD54D3873CDD
:104920000BB8073E4A1AB2BC6C8827BCE8EB753E50
:104930001BF45F3EEB8FB1BD23DEBB3D9CBD733EE0
:10494000958EB8BE4A22D23ECDB8D93C24E5413B33
:104950009DA4AEBE5BB6E83D5C19B33ECAFF973B73
:10496000F7C08A3D2EADBC3E34E6E23DD63FCEBD1B
:104970003624873E6713643D90D6A83EB824553E42
:1049800046F7ADBDBB43FE3EFCE4883EFD1E173D31
:10499000F8EAB5BDE701DF3D8F586FBE6E1594BDD7
:1049A000102EDD3DF9BCB83EE460F23E1C704C3E7A
:1049B00021B46D3E23AC5F3E2295E8BDA95E52BE98
:1049C0009C9E44BDEEA6803E0CD57A3E04E1D33DCC
:1049D0008FB9443DA0B7D7BBD260E3BE1574843E07
:1049E00035A991BE9430BBBD189BBBBCE0D1B53C92
:1049F000F09B813E35768DBEB9D56A3E6D7156BE4F
:104A0000739BC8BD5C2D9C3DF6F516BEB584773E04
:104A10005CF2D03DD03102BF5DA5863C1443953D8C
:104A2000ACB70FBD9BB2D9BDA0CC02BDA32C293D14
:104A300018C8193C5E4C7F3D4902C13E7BA58C3EA7
:104A40004FC7633DFF2BA13E1ACE8F3DE2DB8EBDEB
:104A50009EC5ADBE6127E73ADA69A13E4B7E0FBE27
:104A60006A225F3E621A953E5232E83E31A8F1BE9C
:104A7000470ED83EEB26283E858C333EFA564DBC79
:104A8000A1EA4FBE3C80123E2847B03E357EAF3B88
:104A900088093CBDB3051C3D9E2C20BF74E4ED3D50
:104AA00071435BBEB0F8B53E9F1C343F5B10453E82
:104AB00089E0DA3E91687F3BAA13A63D496B83BE2D
:104AC000F8B38ABED0153E3E702E8B3E1064663E13
:104AD00028E3E8BD1BA9C23D97190BBFF4BD863E74
:104AE0006CA36FBEA90C12BD8CA14D3EE10D4DBE55
:104AF000219F9B3EB53A0FBE3ABC543E8EB069BD75
:104B00006E2B6E3ED2FC85BDC8EFBFBDD90713BD6D
:104B10005F5C933D6B6432BBC3D824BE7DDD0E3D2C
:104B20004574193ED4EADF3C7A397DBD2EAD8A3E0C
:104B30005DD9D4BDDB15CFBDD31ABC3D3E4E073E7B
:104B4000102445BE41623B3E666620BC76DAF93DE4
:104B50004204423E61C74FBFDECA98BE8AEF18BE0C
:104B6000C47F523E194EF33C79B2913DA42D12BF41
:104B70000F11573EFD6C23BD3EA1863DE81191BD4E
:104B8000252E87BD3700633D7516523D5C0EDBBC9C
:104B9000A3C3913ECF86DD3C9CBC9CBE84A002BEDC
:104BA000777787BEBB2F4A3D1E167FBCDE3E623E36
:104BB0003B4EFE3D99195ABE68C9B13D7A519FBC22
:104BC000A58BFA3D2B360E3ECE4ECFBD0A164B3E80
:104BD000960C8BBC2F33B23D3D376ABC4253BD3C73
:104BE000C43931BD0D9F8FBE83BF1B3E7D00F3BD19
:104BF0002C61233E4E52393D57F1733EA779F03D6B
:104C0000739B153E2F29A13E6422623EBACA6B3EB9
:104C10005692A23B46110C3E9598A0BE310412BE9E
:104C2000FF0313BD9E2CF2BD01FD3DBDE2ACBEBD38
:104C3000E7A6663E88210BBE8C2F0A3EE5F6083EAD
:104C4000385165BC66CEC63ECF51ABBD846FD53DF5
:104C500008D53EBE0B78FC3CA61CA1BD1ACBD13DAD
:104C6000EBE48F3E3055FA3E7E41BA3E5662C63D79
:104C700076F75C3E36F90FBEC637DA3D2746793EF9
:104C8000CF660DBD63F6FF3E1466EB3D61862DBC1D
:104C9000CA7528BEDD0B263D33B09D3CAF8B36BDBB
:104CA0001CCB7F3E2E3BA33EAC7CC33EC33E86BDA9
:104CB000C156223EDEDE2E3C20110FBEE92039BE59
:104CC000128DBCBE55C9053E6C62F13EC5C8A33C01
:104CD0006F7507BE32B58EBD44C1A8BE72D2883D85
:104CE0008720C2BE7E7577BE5B34CCBD4EF2D83C09
:104CF00053479C3E124E3BBE3DFBC43D74616EBEAD
:104D00007B25EABE5C99ECBE0629FBBD27D80CBD0D
:104D1000DB669D3D88D11F3F2E3ECE3E55172C3C75
:104D200060609ABE8D1B6DBDC394E63C99978EBEA4
:104D3000D1D11ABF08D2AE3C8DF447BE5C7187BE9C
:104D40006D8AA33DB58CC3BC0F29C23D844141BED1
:104D5000F7514CBE6D25FC3ED57F1A3FF4A9AD3C02
:104D60003A3BACBE5AD651BE9F53DD3C819326BE22
:104D7000CCFD253D098FA1BDA7E3ACBE42C611BD48
:104D8000ADBB4C3D7C02623E503B913D1FCA443E50
:104D900094A865BCF9FCC5BD5CE487BEAA125FBDE2
:104DA000636B5B3EF82297BDC8937B3DCEDD38BF79
:104DB00049A28DBE8A2D373D9F6C563C1B65A8BE0F
:104DC000C345C13DAEFDCEBEE413793EFA73363E17
:104DD0008B7B173C6DC8943E3C6BD1BC6654453D03
:104DE0003D63D73C8BAEBC3D4FD4F83D7E2B9F3E00
:104DF0000354A6BE4208963999C702BDA0CA32BE66
:104E00001E281F3CEC90F6BD4F1E9CBD9B3AF33D07
:104E10009941113E01EFC7BED88E98BE2036153E8F
:104E2000724DCD3D574006BEE079153D9EF272BDF4
:104E300060EE44BE5D659D3DD959F2BD8717BEBE8B
:104E40005D59F83CB4E2B93D46CDA8BEC89349BE11
:104E50007125423E3DF9F2BBF2F9B23EE7240FBEA6
:104E6000EF6B0BBEB82010BD0EE6A7BEA1FFADBE16
:104E70008BC38DBD742E49BE38FCA7BEE35A0C3CD3
:104E80004DF907BD15894D3E7606F1B959C7143E57
:104E9000EBBA7B3E054D9B3DC5062DBEA7279FBDAA
:104EA000A7FD763CAAC22FBEA991083E9CFEEEBB90
:104EB00036E6AA3B0850BEBD4C0F30BB6432213EE3
:104EC0002A7E953EBB7C52BF171DF13EBF404DBEB2
:104ED000C1461ABEEE70223DB81C4E3EC2A6253D0C
:104EE000E780853EFD1441BC17C606BE4339223D0E
:104EF0000A5382BE6B05003F175FBCBCA1458DBD48
:104F00008A9789BE795DAEBEA3C6F03D7FCE4DBE09
:104F100059AB15BE7A564A3EE244523DB925FCBC17
:104F2000919A93BE663308BED3D65B3E5D2C07BF15
:104F3000C1A439BF9F0B47BD39D5B33D5F761DBEB8
:104F4000F41CBABDC5B4B83D6DD4B0BDB294053E35
:104F50007DF267BDDCC7303FB894513F2F43BD3D64
:104F60000EA2D2BE27288BBE096DFC3D2213AABC1F
:104F7000B4069DBD1B47CDBDC43A92BD6C4C92BEDC
:104F8000F763EE3ECECFC83D748A6F3DF09EF03E93
:104F900044BF4DBE4FA584BE5A88583EB82F85BC2D
:104FA000AF3B063F600537BDA7959C3E8ADCEABE55
:104FB0006E0522BE89F58B3C5D3681BD2465233D9F
:104FC000E552B23BD65ADB3D4ED0B63DCECEE33DA8
:104FD000B21C013E15ABB2BD2F97753E94B8283D6B
:104FE0008162B73D8FBA5FBD6EF5003EA81FBB3E24
:104FF0006A8F973EECA881BD33DE71BD711A863E83
:10500000F4FF7DBE19BEEBBD5E542CBECEA572BEB4
:105010004C88113E4B98CABC61C53FBEEC078DBEA3
:105020001AE049BEE137A13DD83C83BEEC56EEBC48
:10503000F49979BE4B5B43BD1EF73DBE71F45ABE79
:10504000498BF4BE666095BD15888BBE4CE51FBECE
:1050500085B3753DEE77FFBD4C80163D806E2EBC4E
:10506000BB62A9BE5F8D93BE33B1A5BD06250A3DC7
:10507000A40A8EBEFE1899BE52A7A0BEAEA3DEBC87
:1050800095DA36BE80D38E3CD2A7C0BE636CB4BE68
:1050900096800E3E1A29A6BDE23881BDA8047BBDCC
:1050A000BB87A9BEE3F9C0BE116A82BE55225FBEAE
:1050B0004BACE1BD4A8DE1BD65E186BBDA8685BCBE
:1050C000FC83B13DA12716BFA575633C47A9BFBDB1
:1050D000C328B63C7EC195BEB47830BECDE096BE46
:1050E00003AFF93DC1F731BEA81312BE94B82FBE6D
:1050F000830211BFF060463D33E9F0BDD279603CD8
:105100002F63A13C07C05FBEE44C5EBEBEFB1D3EEC
:105110003DCE1CBE8CFE45BE898ECABD6DCE8BBEFB
:1051200072B59ABD83E3FB3D08FDEDBDC85E1E3C34
:1051300014C51CBEE0AC01BEEF5D55BBCC2E0EBD50
:105140007E95A3BD4E6D32BE287A02BF6F7235BE0A
:105150008EA7063EC33CCABD1F6CBF3C4DA36A3D33
:10516000B3535ABE0F00B5BC3086BBBE05EF55BD6C
:105170004A240E3E1F2F0D3DEB45CFBEFA8CA2BD3B
:10518000958F0DBD3B63C4BDF638073DE289B0BEC7
:105190004FEF9D3D181D54BD946C913D7BBC51BD9E
:1051A000B9F730BE5F75D2BEF9F3113DC6FB84BEC0
:1051B0007E3ADF3C251DAD3D1F1A363DF98530BED8
:1051C000CEA3243E4254DABED030893EAA8AF2BE33
:1051D00092A532BDD27A15BEADF34DBB063DBDBE24
:1051E0001511E93D87A0853B318529BE19370B3E56
:1051F000F86746BEC9D4D73DE33993BE397DCABCF2
:1052000085C7543D9571ADBD6173D93D8FF90B3E96
:10521000318FA4BD2319ACBDC2C6B8BD6C206A3C99
:10522000534B29BCE9887CBDDA5345BEA99CA83DF7
:1052300081CB5A3DFAFF0C3E659F1ABD34821C3E5D
:10524000FCC1D5BCC8482EBDA8C4DFBD4FA7863D54
:105250005BE9623DA2E0563D35C3843E2FF3CC3C72
:10526000E5DA13BE8CEFABBDAC12B5BE59DA02BEA7
:10527000FCC30F3B0956E6BD1947D3BEE459783D40
:105280004B75EDBDD075283E5D168EBDB3D93A3C49
:105290009D8FAFBD4E2D7A3DB1E7A63B7BB233BDAE
:1052A000DABA84BE246F3E3E76DD363ECA5291BDE8
:1052B00052AD23BE9AFB42BEF9200E3E4FA4203DC4
:1052C0009370C6BCC30317BF81D5CB3E0D0D90BDF7
:1052D000657BE93D92D8FABD5FD79D3E0F09C33D7E
:1052E0008FD26B3E2813103E52CAE63C253194BD46
:1052F0000CE277BE9836453DE37D60BEC64D5EBD8F
:105300002D2D533E0F916E3CED9D393E89BA55BD12
:10531000934A60BDF31D47BDB3610F3D1321ACBE81
:10532000806864BDC2EFC43DC7D5E3BCE94855BD44
:105330004B2CCABDAC88CABC385BA93E76BF90BDB9
:105340007F227EBEDA89E0BE62DA1FBE07EFFE3E34
:10535000B4803D3EE6BB2BBDDA53783CBD97333C71
:10536000420884BE965644BE4C5BBB3D416EE83D50
:105370001EF0F03D06D3FB3B7288AC3E6A4C86BD06
:10538000A9B52FBD0ADD2C3DACBF6C3E6315773E41
:10539000C1A7683DE65AA43D04D7D23BCE64E0BD28
:1053A00079CD253E129B633E2902BB3C8E20EBBD8E
:1053B000843120BD7A2BF9BD1FB960BCCBA2CC3C97
:1053C000CDC2893DF17670BED9A6B0BD94DAAC3DB0
:1053D0006E7A2A3ECF8144BC440C773D6AAE113EC2
:1053E000566C0ABE9D168ABD4D30C2BEFA2BDC3DFE
:1053F0003FA492BDA593B43C7BE4793D00E0AD3E73
:105400004A1A38BE0A221A3EDAF10EBE083DD63DCF
:10541000B43C0A3E804BC8BE1A72A03B3DD52A3D23
:10542000C4C2953EE6CF00BE82DF993DBDB4183EB2
:105430007BB6C9BC6926673C037A58BEEE33CDBD46
:105440008F4301BD5F3E183E3B90E7BB306466BEB4
:10545000AAA57BBECC67813E87E0573E0E9E7B3D72
:105460001D0A82BC5EE8603EED4D213E4D2B63BDC2
:10547000D455A63D476A813CC6AD1A3D545C85BDF6
:10548000B08F9BBDCBB6A53EA4AFA83E98A416BDD9
:10549000F245823EAD55A63E6A0277BDADC60BBD54
:1054A0009F8A023EA4414B3EA1F8223F23BE09BE83
:1054B000509F753D5BEC5B3E73A686BDD88093BD67
:1054C000AC3CC7BCB54E2C3E08ADDB3EC41152BE51
:1054D00001891D3D192BF1BDC6A3FEBE6FDDD03D78
:1054E000B93986BE1062C53CED302EBE38D820BE1C
:1054F000DF713A3EEEFCA5BD630465BDE52A0BBE37
:10550000E2FE123D200E30BEEDF179BDA6F681BE61
:10551000A7EA38BC27F935BEE3C48CBE2A45DABDFC
:10552000DDCB11BC66550DBED6BF23BEA3793BBEF5
:10553000E103BCBD1AC8C33D063063BE057403BF9A
:105540009CF3E7BEE09F86BD5C8CD1BE5168C3BDB5
:10555000AFD5B13DCA412CBC8E834B3D7682A8BDF0
:10556000936B99BE29201FBD50A57FBEF1BA703E36
:1055700003C635BED8D14CBE28B98FBE08C9A0BD60
:10558000093790BDD30069BEC071E5BD43AD74BE9F
:10559000A3CB27BC0256973C8DA00D3EEA0458BD14
:1055A000748C05BD1D55C9BE0EE21CBE487DE5BE0E
:1055B000D48C14BD4CDB29BEAAC208BE3E96573B14
:1055C000892D133DACEB1DBF3F81A4BDB8EE7DBE60
:1055D0009EFE763B1E8010BD37DC3FBD1AA899BEEB
:1055E0000D6565BD61EC0BBD7C6701BEFD3FBB3D3C
:1055F000F93DC3BE7528D8BD1B4980BECC09353DD9
:10560000B9701FBEB467AEBE5E7558BED11AB13C4C
:1056100025AAF9BD1C9C01BE57AEC03C55ADF4BDDA
:10562000C2F06BBD8050073D46027ABEC679C4BE4B
:10563000370255BE155BC9BD041679BEE49AB2BEE9
:10564000A5109ABE56F24D3E1AFDBEBE8C41A8BEB4
:10565000AFEA50BBEC5AA53DA264AE3E9063A1BD3B
:10566000A46CF2BD23DA9A3D43B244BE0DA0B4BD92
:1056700009C3A8BDE55859BE22A279BE3C309BBEE5
:105680000385A83C3580F73D4B399DBED4C3EEBDA4
:10569000E2F08FBDD08B373DA9C869BCB7D39E3D22
:1056A000829AD9BE1B13CBBEE3961D3E07A70EBE42
:1056B00072BCE3BDF75CDABD68A8F7BD8A9FCD3D3B
:1056C0000BBF8FBE19BC57BEE8ADA13E33E128BE6B
:1056D000B39261BD3B1B9ABE850A843D99D4F3BD4C
:1056E00080E2F3BDAB891F3EA2184BBE05D543BE79
:1056F000798EEABE1524B63D9056D3BE7923A3BD5C
:105700006813DFBD2F5D243DFE1FA8BEB80021BC7D
:10571000811897BD8DDBFABD5BDA223E7AB4603E1C
:1057200063F9BE3D6E7BFABD9391ABBD6ACC513E31
:105730001830493EB6A10B3ED13E9D3D4AF163BCB7
:10574000F11614BD73D5973E5919E0BD35AC8F3EA7
:10575000283B573DE9C149BB7C58183E950A8ABD94
:105760004BEBDCBD8DFF123EB367933E9E4DC8BD33
:1057700032F8523EBDEE23BD49714C3CD64B393C0C
:1057800071A3A53D02C5823EAD680F3EE99094BC71
:10579000A85B46BEC38936BDB908C03D024C48BDB2
:1057A000434E17BEF46B8B3DECFD093E3BDCEC3CFD
:1057B000F8F2DC3DB1C9443DCDFC08BE3C1FDB3DE9
:1057C00050DF463D9DDB7ABD68D8E7BD35B2BABD36
:1057D00034C8EDBD8588863D7431D0BED7F2543EC5
:1057E000774BDFBE1719D53BD0D336BE26F17EBD31
:1057F0009C144EBDEC34613DA8A9CD3D71870EBA15
:10580000821A05BE9C5D0ABE21757F3ED0687C3D34
:1058100036E875BDFD94B03D85609FBD02EC7F3CD0
:10582000B78ECC3C0BA0EB3D972CC5BD9EDDBCBE1E
:105830008E49F7BD9A3E46BD7AD1B0BD7BE679BEB2
:10584000FBB0D3BE25B015BE62B39CBEE195883DCA
:10585000DE3C4F3EAA0A36BEAB7EAB3D7B88B8BD70
:105860006E18E2BDD68476BE3A8C4DBE60BB1ABEC1
:105870009BF921BD4AC55DBECDCF01BFCF3ECDBD99
:1058800060E77FBDD22694BEE29E5ABEF90A38BDBB
:10589000363BEABD7A748FBDA5F68ABC4618EBBDCF
:1058A000EA455ABE67F538BE1538703D88768EBE1B
:1058B0004CD065BECA542ABE0202B33D8C4C6B3C30
:1058C000F18DE23DBB2D54BF4618FCBE3C8508BEA1
:1058D000472014BEB08CE9BCD8A1683E47D21BBE9D
:1058E00087A66A3E53B140BD3FEC413BEFDC203E12
:1058F000A74E12BF9789603E5A0B81BDC4F5073E83
:1059000044E5113DCC6E123EF5218C3C08AB76BDD2
:105910004906B43DD602CC3E94E834BE4A1ACA3D8C
:10592000A64E233EDECD8ABD984EB4BE763A153DD6
:10593000393D6DBC7EFC0BBE0837163E668BD53DEF
:10594000AE2D6CBED7AD05BE412EEF3D5D8904BDC9
:10595000FD67B23DA0D9553EB0DEC13CA39AB83D2B
:10596000502CC8BA14D70BBEB8ACF03D05D18F3E51
:10597000B389993D158B9C3B982205BEF30EA8BABE
:105980001609D23C7D3EDE3CFAFB173EB88B79BE51
:105990001BB913BE6007423EAFF5D6BDCE2B3EBD50
:1059A000BB1C0D3EBA0D753EF43E793E7B0C1FBE0E
:1059B000E260A2BD0E58F1BD13BB043E57188A3DEC
:1059C000595F473CC9CB26BD6DAA5D3EB6C85EBED9
:1059D000801D07BD799BFCBD32CA423ECEEBCB3D5C
:1059E00001755D3EB08A60BE7BFE91BDE1D3823E13
:1059F000EEB96A3EBF52203E032849BE51520A3DCD
:105A0000F800463E2038F43D27A23D3EF3D6C13D86
:105A1000879815BE7A4421BE2DC039BEF49E77BE4C
:105A20003D75EE3E2821F33D443108BF7F1E853E83
:105A3000106DD0BD8C95173E77B676BE2E76403E63
:105A400071DFADBE7C1DE0BE495AA2BEC0D65F3E2E
:105A50007C15593E96E60A3F9E46483ED078B0BD3A
:105A600058DCE4BDF133CBBE541C113D443895BE27
:105A7000649B9F3DA599333ECF6612BF50BB7C3DD2
:105A800099688C3B91C605BEDBAEA03C2D2C21BF96
:105A9000C828B73EBB83ED3E0FE5973D420F803DE2
:105AA0001B4BDEBE5049B6BDD0E7C93D7F6D87BDFB
:105AB00091527FBC01B2D9BE7456D53D9CBC733E99
:105AC00021ABA83D25B0CFBEE1C3F7BDA8850ABF75
:105AD000AD12D6BD7E098CBE19639B3ED5FB743ECC
:105AE00082C91B3EDDB3DDBE9465FABE4C23DC3EAD
:105AF0009B1001BE8BBF6E3EA807BABE26E93F3E93
:105B0000D470F4BD8E27F23EC6A9EA3D2946F73D82
:105B100092671A3E9ED8AFBEB8DC5ABEB331073E7C
:105B2000F356003E5889ABBAEB9662BE5095073FDC
:105B3000F0B2EC3E6E5BBC3CBB860C3EBA04CA3E87
:105B40008BB7A1BE9900813DA89320BF21DB973E72
:105B500093FA9A3DEEBE593D7FA826BEDC2D11BEBC
:105B6000635D053EA1CFEA3E1761E63E50BEAC3D07
:105B7000A92F063F2E77C5BD11BFAC3C9B38C73E51
:105B8000DA87AE3E8FE2393D3E74703E15B2B63DC7
:105B9000C334153C6003293E9EC43D3DD14E81BDBA
:105BA0009685AE3B2104A33E64FD483E57E75CBEAC
:105BB000BD140B3FA1FC8CBE7E46ED3DF55E863DDF
:105BC0001A62893D01D0E7BE872F7C3DD350333E1A
:105BD000772E81BDCCDA80BEE6BA8D3D129F263D80
:105BE0002732D4BDAD3A7BBEC22AC2BE531189BD95
:105BF00056D98DBDF177903D7F30B13DBFC7823E14
:105C00001C8809BD70358BBD6695363D550013BEA9
:105C10002019973DAD63AD3DFA4E80BE1043323D35
:105C200017547C3E1480D43D8DD229BF3B0F4C3E8F
:105C3000F3F724BECC8C0CBED3A396BED3A623BE52
:105C40006FF714BFCD1165BEFEA27ABED109FD3D2E
:105C5000FE4CE7BC082A8B3DE5BDE63D4E91FBBD01
:105C60003C6A5ABE9916A6BEBCD87FBE3F4BC33D08
:105C700096B71BBEE58F2BBE3ACE5FBEACCE193EAB
:105C8000BA26883C36A386BE1F71E7BDDDE203BF9E
:105C9000C0EBD5BDF443843B16BF6EBEE22E1D3E65
:105CA0005D2EA2BEDF1F78BE4F40E6BEB3CC75BCF2
:105CB000788776BDB3B8F3BD5CE486BD203F313D47
:105CC0002B5C123E70765BBFB240AEBEB79190BE09
:105CD000733A493D7A4C3EBE3B46343E249E98BCC6
:105CE0008D5496BD846FD1BEA63055BE71954F3E82
:105CF0005136FABED0B1233EF70C50BE4BA2A1BC28
:105D0000352A383EC93CFABDC44C163E26F4083E3E
:105D1000D3BEBA3D827FD2BD154BD7BE29A3ABBE41
:105D20003E599B3DCC2A1BBEB3775EBE575CADBDD2
:105D3000350112BE3DF185BD0658B1BED5C13CBE90
:105D40008470E9BEB27096BE9CB8B7BE99820C3E14
:105D50002E6C753DAEBF8F3E08F1FABCB143893C55
:105D6000C9B1BDBECC82E2BEFAA6EBBE6386C4BD9D
:105D700022E45DBDCAC70D3E7904A5BE29F459BD14
:105D80008FD4463EFC069ABEB53654BED3DA0CBF5D
:105D900004698F3D5DB5B93EAE72623E0B7D68BD54
:105DA00031906BBE8F901ABF67190BBE8842AFBD92
:105DB00070A803BFA38769BE0F991CBCACCF163E69
:105DC000D591313DD1DBB1BEC15355BE8E99E2BEF6
:105DD000DC7DD93DCCF772BEE18285BC709939BDBE
:105DE0000DC91DBD6B3BF93C1BD30ABE9181383EEA
:105DF0006AE395BE098A52BC032D5BBE5489993E65
:105E00005D15B93E59EFB83CC2FD38BD4FD4483E90
:105E10009514DABDF11249BE085845BC68F9413EF7
:105E2000A3E717BD78742FBD9CE3673C2C994B3ECC
:105E3000E812433E376905BEAC650B3F9017A43EA0
:105E4000E97B363E9CC6223E23BB8C3EA0E7343E17
:105E5000876EC6BE40D6F33D388096BEDC96B83D10
:105E600085EB5A3E12E1003E0D73803EC9C105BF6D
:105E7000392DAD3E3360603D3AB78F3E9DBC873EC5
:105E80001D71E6BE59A1F93DFCB5473DA7955E3EA3
:105E9000505B5EBE620C30BEF90197BE63EBC63D3F
:105EA000662897BEFD84503ED9DC0F3F2D369B3EC1
:105EB00016F9FE3DFCCF823E3AE6073EC4D6DFBE71
:105EC000736397BD5EFA1C3FAE44DE3E2663F23D2F
:105ED0001FCFD0BD1183933E23A0B5BE67A1933ED3
:105EE0000C9A16BC389C963D92B5A73DF9AB82BE84
:105EF000099EBF3E22F8AEBC42C3413E5451D9BDBB
:105F0000EBF52ABE40121CBE9FBB763BA2D2C2BD9F
:105F10002A50883D48B2293E8C87203CD385A53D38
:105F20001FDDAD3B069004BE8418C93CE68248BE26
:105F300008C36BBE1F3EE13D8C8793BDE916B8BD1B
:105F400049779DBD8F15CC3DF63CE4BD6D28A0BCC6
:105F5000BE0C76BE3CC4A13EC234113E52487D3CCC
:105F60007F0C8DBD47A42DBDD76EF2BDBE2AA83DC6
:105F70001222763D705726BE2088B93D4C2D113D2A
:105F80008298CF3DF2E53D3D9CB2933D0C53DBBC86
:105F90009AD7CBBEF7C63FBE9775B0BD2914843DD6
:105FA000F276833E1339CD3DD70FCC3DDD645DBD28
:105FB0000F509CBED4F7863DF51E773BA899AABE2C
:105FC000FB5562BDA19212BD801C343EF898993DEC
:105FD0005C5718BDA349333D186121BE6245E0BD41
:105FE00059DCE4BEB85119BEAECF1C3DBADEAD3EA1
:105FF00023FF25BD1706E9BDAE0484BD4F8F4CBC01
:10600000B4A940BEEA2203BE637F763DF54F7CBD56
:10601000309963BDF07F52BD4EE2423EBC7FC8BEA8
:10602000D701E3BD767D863AA6889E3D477C003D3C
:106030003C49C4BEB76B033EEDDD02BD9A05C4BE4C
:10604000C90EDC3DE3BB713E5E60C5BCE98E31BE6E
:10605000F1CC4B3D93CEC63E10F7473E521AF9BDE8
:10606000CC4CA9BEEAC4A6BEFFDD853E05FB103CB4
:10607000AA29EBBDDEA6CBBDE75444BFC4A783BDB0
:10608000C1BDA73DDBC4B83E0E52AD3D28C6143E8F
:106090002336033E125CBC3D7DD40FBE5CD71CBDD5
:1060A0008007133EA122873EF7377D3EBDCFF9BE64
:1060B000F2C124BE336480BDA55EC7BBA08A843D07
:1060C000C39419BC255740BF967F443E990AACBE85
:1060D0004BE5073E2AAD6F3ECD14EF3DB0632B3E3E
:1060E0002316053E3F6C263E7FD0013C55433FBD05
:1060F000E9116BBE95002B3D054C9DBE8B59BFBE73
:1061000005D7F8BC6629AABD7F80E9BDE9123C3DF0
:106110001AFA16BEA9EE8E3D874AFCBD94499FBD72
:10612000FC4A453D0744683D670A66BE6D1FCFBE09
:106130001B4CE1BD3478DB3D395300BF1C4B803D27
:106140007DE2FCBE759D16BE36380CBF945F7B3D6C
:106150003462B5BD6E03D0BED6A79ABE6825373C63
:106160007F650FBEFC81DDBDED6DA9BD18002C3C27
:10617000B6F0C13D9A05B53C07461DBE088203BE78
:10618000A3D83A3ED2CA62BE1A6D8DBE907698BE32
:106190008EB217BDC9B4B2BD8F7B2B3E02A901BE22
:1061A00008F49DBE3D32A7BE5C854ABE2E7BA4BED0
:1061B00059F6CB3D199A9BBDFB2A4F3C18A3053DD0
:1061C000ADD7CFBDD95AA7BE0F4969BDA42E44BED5
:1061D0001AEAC43D6533A9BE5CE23FBE264F67BEE6
:1061E000FF06CA3C7E5C00BEA6A3A9BDEEF521BE9B
:1061F000B31717BFE4722EBE8A8802BEEBDB26BE41
:1062000042DBA53E8F5B7DBD6F719FBC8D04093E57
:106210001250E7BD4B5C90BE34AAA3BEE74CA33D31
:1062200073B4653E36D7073ED128BDBDF9E2F13DD6
:10623000169B0D3DB9BC13BDD03A903D8075713EA3
:10624000D4A4CFBD269D32BE23FF2CBD38B4C13DA2
:10625000CF272FBD7DDBE63DE180C33E5A0B6ABDF3
:106260000CED75BE4675903B43ECF4BD0E9194BDAC
:10627000925B3E3E01C2773E7AF2B8BE6DA7253EE4
:1062800068C3D3BC047D453EAFF07EBD314E19BE20
:10629000EB59863D3285CE3E9C38A2BCDE9CEA3C62
:1062A0006849F2BBDADCB0BC9A81E93DE3C44A3EFE
:1062B00084CA89BCEF1393BDFEAB263D3AAF203EA6
:1062C000A9FAD3BBD2F716BF4786D03CB47A8DBDAE
:1062D0000BFB193C73356CBE9905623E3F2EB7BD72
:1062E000FCDA4D3E4A12EA3D932452BE929EC03ED5
:1062F000C4AD8EBE1384223E791119BE6ACD193EFB
:10630000419DD33ECC810F3E5DF2883E0765833EC2
:10631000952BC4BD0DADF9BDE81A353E4766A13DCC
:106320003354943E2B58F4BDABE6863D24C287BD62
:10633000EA981EBE4EA4823D5DAA7ABDD9C40F3C28
:10634000EB4CE23C82E479BEE72CCF3B4890363EF2
:10635000EAEF153E4B17853D58CD6D3E2D32893CF9
:106360001A850BBE116C213D48250BBE90668EBA76
:106370008F05873A3CDFF43D8F30A43E68036FBE43
:1063800075D6563E25562BBDC3F2FA3D9B3729BE26
:106390003CFF873D985C693E6A0CA93D5842D7BCDA
:1063A000241530BE49B466BE07389FBDC71E4B3E9C
:1063B0008EBCE63D61DB0D3E8D93C0BD6D7B8CBC1C
:1063C0002FAA783ED6F28E3ED847B7BE18C8053EF3
:1063D0008C90B53D8781193DFE10DC3C31FE053EB9
:1063E000DF3A903D7F521FBEC300403DEA989A3C81
:1063F00013EB343EBB85283D11522F3E3098C03EF2
:10640000D7DF39BEE415213E409DEABDFCC04D3EBC
:10641000B7E5863DE753E73D0EDD223EA76DF13D32
:10642000FE789B3E805144BD534584BDF7C57E3EFA
:10643000C6EB00BEF59AB9BD761724BDE613853EBE
:10644000B185533CD099873D4A036CBDD74636BED3
:106450001486FDBD2228403E0C0EBFBCE84AFF3D1D
:10646000918D283EA6B733BE3073563EC35ED33EF1
:106470002C712F3D0949053D6F4C41BD43358E3C84
:10648000A03E77BDF5F4813EADC339BDC11A8ABCCB
:106490000A89853ECDC6AE3E061D86BDEC2FD3BD16
:1064A000FD9DC33DE3455B3E8EEC003D2F096BBE79
:1064B000A525873ECF212CBE8A65D9BD510ACE3D88
:1064C00067A9893DCF6DD0BE55820B3EE9D81C3EF1
:1064D000AA6E0ABD143B153E21637BBC06BCFBBD06
:1064E0007E4B03BE2EF7E93D5B949F3C33EDCA3DE6
:1064F00088D2B8BEEE28EF3C42C2FD3DDACD3E3E2A
:106500004B463BBEC6A096BD9F649DBEAD6A19BEFC
:10651000DCB9AC3D00616ABE67C5123C683E703DA7
:10652000BD17243ED60313BEF32CE53D8655E33D4F
:106530007D75AD3DB3B62F3D4D9DD5BD60D02FBE11
:106540001984EA3D051D3D3E835C133E6CBE81BE51
:106550001E5B543EC407C43E5A6EB83EBF8F17BE82
:10656000BAB9993EF70E47BD49F28CBEFD994DBEB2
:10657000AD0B19BE0DB339BE0C7C1EBE6C3B893E03
:106580003C2DE1BE3483813EFD8B25BC2326EF3DAF
:1065900091A808BDC55823BD4004C4BE2EC8F03D17
:1065A0003F71593C2ECB1FBEA884B33CA3B0543CD2
:1065B000EF974ABE0EF0FEBD4D69813DECD5253DFD
:1065C000B5C089BC0BDFDCBD1442B73E0894E4BD06
:1065D00083F4FD3DD3082CBDCECE8ABEF5A814BEF3
:1065E000BEAEB4BEA7A709BD98FA65BD5A2DDCBDE5
:1065F000D9BE75BD199D823DDC90D1BD467829BEBE
:10660000A8B5A93E0FD54B3EB10EBA3D104DC03DC9
:10661000947FAC3CB877BABD7059453E7810A03E27
:1066200093790D3E96CFCC3DB724F73DE71CC13D95
:10663000467FDD3C305706BEDF1B6CBD9439063EFD
:10664000691DF53C89E292BC2B39EA3D991EA7BE33
:1066500067D56CBD8EE89BBE4582F6BE168E14BE15
:10666000AF52C8BD7F3CCC3DE840DBBDB9DBF13D5E
:106670007A1A8B3D8A7D433E4196B0BB2E70723DA7
:10668000F541053E971B94BD4D0F82BE52522E3EE2
:10669000C5C3443E9BE1593E33A79C3E007C0B3E64
:1066A000BF638B3E886EC43AFD6CDBBE6BD24C3E42
:1066B0006C83313E595F3B3EA19F123E5E11A3BDEC
:1066C000B08875BD0B7AE23D283670BE510A853D13
:1066D0009358D6BD7180153E5EFFC2BCD1E9813EA4
:1066E000D2852BBE0D0F7B3A1D07DCBB692E733C98
:1066F000502DA43CEA8A943DFEFAA23E6194323EBB
:106700006392533DA253F3BDCE6561BD15B9A7BDDC
:1067100029703C3D3325AC3E39A7843D79F9063DCF
:10672000881CEA3D193D943DA03BE13D7D5EE43D82
:10673000D41BA83D6AA2033E4F374BBC8E9E06BDBC
:10674000DC800CBED6B56FBD39AB3F3D0C7AF73C53
:1067500005AECEBC1852873E57E21E3F4FB49E3C5A
:10676000EB54453F2773183EE2A9D83D8F9E9D3ECE
:106770001C0A3E3DF3C0B43ED8114F3E4DFDC13C16
:1067800019932FBEF060BE3BAA23DEBA92533E3E61
:106790009CC9033E059A803D12AB7E3EB00322BDEC
:1067A0008521353E28CC21BCE8C2EA3D36A02BBE6F
:1067B0008584B5BD9643823DCD8461BD51C11E3EE9
:1067C000373A963D8A4B02BEDD446F3EE8210F3ECC
:1067D0006F78E13BB17F333E645BC8BB3FDF123E65
:1067E00050B6343E31D5963E381A1D3D5CEC113F13
:1067F000BCF2913D3097883C3024093E47DAD53EC3
:10680000CEA3F9BCCC9B4F3E9ADA7C3E8E92DA3E08
:1068100086B6893DA217823DAE77A83D21AE0ABD5E
:1068200012E4403ECA96123E01C3403E4EC1B83DFE
:106830004543B8BB5114B8BD185ED23D7CC2FF3D84
:10684000C609B13DBC4096BDF371AFBDC9E982BD7B
:106850003B6ECEBBE80D323EF0CC833E7A80DF3D0E
:10686000331EB4BE504414BE2FADCA3DA4BAA23EDE
:106870001C254A3E63E0CD3BC9F5F9BD47F1D73C45
:106880001E0137BECA9AA63D35BBDC3EA45DF13D74
:106890002B23F1BE75045D3E2DAF293C10292BBE84
:1068A00051EE6C3E51E2A03C5224053EBF049ABD1D
:1068B0000E716F3E1E9D5ABDDA27693D352633BEE7
:1068C0007382BD3DD458023EF83CE2BE1FCCE93D88
:1068D000D047833DE54AF03D693D46BE5555123EE1
:1068E000EA0651BD3302833D739EE63DD21B24BEB2
:1068F000B90EA03CC6A145BCAC6187BC5BC58DBED2
:10690000539F16BE684BA53D69AC0E3EEC47A43EB6
:10691000751ED4BDCCBAB63DD57B86BD4CF90A3EBA
:106920008D16893E36199FBCA7B7113ED0EC213D8C
:106930001069AB3CF246C9BBC96F8D3D271BA8BD92
:10694000A4D4763DD6E04E3B4915B63D69B1853EAF
:106950007E2E513ED436293E898CA03EB92448BDB6
:10696000819527BD020E2DBDCDF462BD6AAF5C3DA1
:1069700008274BBD2F83B53DF27593BD7780AF3DA2
:1069800031F23C3D431182BC2871033E34D610BE27
:106990001C7619BE9FABCF3ED8A6AD3ED3E4DA3D00
:1069A000D19033BC53FF43BD8C7AA3BDAABA00BEBD
:1069B000D4E0763C429C29BED7E21ABDE19338BEB2
:1069C00070949A3EE173C4BA827C313DBD5F813ED2
:1069D00056D2053E2D1109BD264FCB3D4FF8253E21
:1069E000636D503E8ED98A3D1E90543E6682123EA3
:1069F000CE63A4BDF2B06B3ED158ACBDB5B3EC3E96
:106A00007DE28BBE2A66AD3C6C5623BEA4341B3D92
:106A1000AA50AFBD7FBC8EBEE0188F3D6378633E49
:106A2000B2A4E23BAEE013BE0B68FE3DF1E1153DC2
:106A30000A0E0D3EAD3A18BE822CB33ED0936ABC0E
:106A40009130913BFA628C3E5DD0543DBB3D5EBDC2
:106A5000B15BE3BDDCEFF93C5D644BBD4A881DBE14
:106A60003CC9FE3E789B0A3EE50970BCE02ED03D55
:106A7000DA19C0BC1F1568BD2615BF3ECE54E5BB54
:106A8000CA248C3E2076593E4831433DB732443DBE
:106A900021EFB93E4107CABD5A4AE23D0788213E6F
:106AA0004DEBC33E73889DBD50A9D63DD003B53D87
:106AB00093467F3C7E35953E3676DC3D0BA43E3ECC
:106AC000EE0BBDBD350CAE3DD34C413F9C2A1B3E69
:106AD000451CFE3DAC1816BE483D05BE418E34BD7A
:106AE000F10F3B3E70D603BE89DCE93DB63E443E25
:106AF00023591F3E874C8E3D7E170A3E1815B83C21
:106B0000F1A0543E19622EBDFC85773ED1248D3E06
:106B1000AB1D17BE00076C3E0FEF37BD650782BD8A
:106B2000A6DEB93B7020B3BCC520A23D5F55ACBD0D
:106B300019113C3E6703D9BD9673A9BEC5A5343C67
:106B4000E94F27BEEA65743EC96381BDFE63F4BDAB
:106B5000B3850ABE28B85E3F46C8013F75BB95BDE8
:106B6000CFD10B3EF5C7E53D053BF93BBDBF343EFC
:106B70005FD7A73D593E4CBE03BD1FBF7483AC3DDC
:106B8000DBDA30BE4924753CC2FF5B3D786B5BBDF0
:106B90000B57D4BE0BF5F63CB34B22BEAAB2BABB20
:106BA000DA82B9BDEB768BBDE6C9C93E7771C7BE47
:106BB000583AE2BD55C189BD508765BD29CAB9BCE7
:106BC0008CC999BEFF95B0BE0426F63E66B144BEA0
:106BD000AD4F513D3F052D3DAD638ABB05590DBD00
:106BE000CFC6FB3DF129443DD9A88C3EDE151D3DA5
:106BF00013A972BEBE3797BD454294BE61A824BF9B
:106C00008021933EA4E5343EF0AF3C3E01D578BDF3
:106C1000BA53253CEB5D173E50CB11BEB90A8FBD70
:106C2000838D4B3D41BF3BBDB3CB2F3EB8C43FBE70
:106C30004FFA0A3E9E6352BDB426B13DB7919E3DC8
:106C4000DCBBB13C823791BE1D9449BE38A408BD5F
:106C50009E35933E2A793E3E73220BBE5C1F80BD5B
:106C60008360EB3D41D6E2BD6139353E3109F83DE7
:106C70005BD9043E8C282B3ED30090BD6ED420BE41
:106C8000C5B1A2BEAD083F3E77763C395BFFFB3D08
:106C900037F80EBE3282B93DCA1993BE9DE2313D2E
:106CA000F071D83D4F8E30BE48FF0FBE0EDF20BEC4
:106CB000615B343E4A3497BE98D3EB3D63D9FBBD4C
:106CC000169F4CBD53FCFA3D0203E5BEE3AE1A3EEF
:106CD000E9A1CABD99AA563D31570E3E28D0883E3B
:106CE0001136173E67CE3CBD2E7AC3BD69B9F73E5B
:106CF000A232423E9B07FD3D3C9C793D15B1D83DFB
:106D000013D041BEC44F8D3D80B2D93DC904813EF0
:106D10004EC2BC3D98F323BD6ACA323EEAD386BE5A
:106D200025495FBB9638423D2EC5563E5F8C7A3E64
:106D3000716F5D3DDD750E3E453CF8BC105F523E07
:106D4000F7D5543E0F04353E3F8907BE253307BEB5
:106D50005671C53DD796A23D14E9C53D35BBB2BDC0
:106D60003A7ABC3A1AA9333E0EF47B3E2A0CCC3E4A
:106D7000DB4B8A3EF6F3E73D621F8B3D613F3ABE37
:106D800056FF3EBD0F1D5C3EE2E5333E2F40BF3E49
:106D9000D012573E8F910FBD3DFB03BEA60D083D9F
:106DA000FA6FBD3ED705123E0A39863E6D0350BECE
:106DB00093F0873E696F8CBDAFBF2EBA7D16623EE1
:106DC000B0A7D63D2A108EBE823CFE3EC29C3A3E03
:106DD000D614203D3269DBBD214987BE7096813EC5
:106DE000ED2B803D50F859BEBA3A71BEABB01F3E94
:106DF000212679BEED7928BEC90A7A3D6BC73C3E93
:106E000099E095BC417EED3D11F1413D8A8C803D7C
:106E10005F30FABC9CB95B3DF23532BEFC9B11BDC4
:106E2000B2EE513DCF2B4F3D345F80BE62B8EF3D97
:106E3000C4B455BD2C28BCBDBD6495BE6CBB3F3EE3
:106E4000FC42363CC405C23D1E9530BE1311ACBE9B
:106E5000D58F07BEE9DBA03EFB30843ED891BEBD96
:106E6000D2A9F3BD0749CC3D6F6DF43BE0AAA13D2B
:106E7000C8FC7E3E7196C73E740340BEC1FCA53D72
:106E80008FB244BD4A38683EDBBF123D7EF8F6BD86
:106E90007C7AAE3D45D5A83E633F313E99724E3D6A
:106EA000A06508BC6D624B3D465B663E4C79FABD01
:106EB000C66F243EDE626BBE5A68BABB0CF8A8BC33
:106EC000712194BE1A0D18BDEAF0B33DC638C7BC97
:106ED000C7CCB3BD30963E3BBC4134BE0645603E98
:106EE00070F591BE447984BE72E00E3D1A8A1ABDD7
:106EF000EE3131BE42601B3ECC621EBDE3033ABDA3
:106F00001F87973B3061353ED09A52BEE1E5E13DA7
:106F1000A8F80DBEF25A58BCB77775BDF93C553E7E
:106F2000303FC43DA224B8BD1566093EBBA7813DD4
:106F3000A59FAD3DED8D713C3C87B9BEF7EDD73DCA
:106F40003478643DCA244E3EF18A103DC95C14BFBA
:106F5000DC779C3CD8BB223EA62D81BDD132E73DDB
:106F600008F6BC3E8F93A23D2FAE00BD9569D63D7D
:106F70005BA9403E1DEF98BCFE792DBD402FAE3D74
:106F800062D402BE66E16EBDBCF748BE8706B5BCE2
:106F900012B855BDB5DFB4BB000924BC0273E6BD11
:106FA00029514D3C6BE6FF3C101813BE3E6CBD3DB5
:106FB000E40AE13DFB42803B1E0E03BEEA410B3E6C
:106FC000161F36BC75D20DBE7767953D891B083EEE
:106FD000F4A3E73DD72AD83DF9D7FA3DE9A8073E03
:106FE000E21BAEBD700B403E5B52D13BEB23B13D8B
:106FF000BA5DA1BD5417AD3CA8CF8C3EC6D45BBED4
:107000000EEB5B3D092F283E06D5B4BE5DE0C43DC6
:107010002D4F3E3D23D3223EBCBDD0BD2ECCB83D2E
:1070200042AC803E42715C3C0070153DEA58F13D37
:1070300070818D3E7D9FC13DC50E3A3EB409BABBFD
:107040004D1AFF3C0FE3C83C6F9639BAF21F93BE4E
:107050004540833DCE03BE3E0344023E067BCEBD8B
:107060000290083FF5FF1DBC59EA943E483FB2BE6E
:10707000CF87073D188B0B3EC0D6EA3DF2377D3EE9
:10708000B441C1BD2DAF85BDAA9F883D7DD5253DAD
:1070900078E8223D0CFF553E10933CBEF798053E24
:1070A0008E560CBEF258A43E52A0F13DB1879A3ED6
:1070B000FB4F8B3EE8E69D3CC77D313DF3CB66BC84
:1070C00056ED2ABE19D62DBEA0CC4C3E48580F3ED8
:1070D000D718FC3C6295283DAD9A8C3CFEFB573E90
:1070E000C03DBFBD547F273C5B799D3DF419943D65
:1070F000DC108A3E70E7D1BD8DF3273E442B993ECC
:10710000557AC9BEA10EB4BDDF51403E04F2363DF2
:10711000536412BE5F52293D3B1860BCE60E25BC8D
:1071200086AE6E3CB03E803DE3C19BBD0BC8C23D08
:107130007D12FCBDFB76053DD10C6ABE8966043E1E
:107140007A4A44BD1156863E022FAB3C691D86BE6D
:107150009344AA3B8C2236BD81F2EF3E79A1723D69
:10716000FC8CE9BD5D0E31BEFCAAB7BE573D903D1B
:10717000A359A5BE4D8106BE6AEF05BE42F78EBD7E
:10718000A3EC42BDB5310A3E8406C2BCECC4243E29
:10719000AF0036BD8B8B18BE0BF406BE94B408BE90
:1071A0006E16DD3E3E5683BE4C49C93C28151FBDB8
:1071B000323C033E2E3D07BDA01159BB418D303EF0
:1071C0002578853C9E040F3E91F7A6BC2AA58DBE6E
:1071D0006E8106BE9AFEFBBD7BE5A4BE58D541BEBE
:1071E000B2D003BEA2CC01BE330D7DBE41B71DBEE1
:1071F000ADFA67BDBA9F64BEF8025BBC70A5CBBE9A
:107200006FADC4BEA2F7043ED2B3643ECE60123E60
:107210001888A1BB4D9E923D4E1FBC3ED86C143DBC
:107220009FCAABBDEA57E9BC6903E1BC9368023E63
:10723000C3E5BFBDF985A5BD6A9DE03DC0A36B3E1A
:10724000E3F1B13C6172F33C9E18A93D2E26AEBC21
:10725000A011423E1D921C3EF0AB0DBF6793F6BCE1
:10726000989F733ED31BC43C9D5A9C3DE601033E50
:10727000660BC63DFE6FA13ECD0ADA3D8CD163BDE3
:107280001BF7A0BE87962A3EAA1BBD3E89AD5BBEFA
:10729000C966943DD24D8EBD6E168FBDC76DBDBD06
:1072A000EA7A1EBEFCF6513EFBB7E03DCD11F2BDC1
:1072B00011F29C3EA751893EBE55FD3D375D5C3DB8
:1072C0007E3D40BEF8114D3D632D6B3EAA5D133EE1
:1072D000258D68BC61C92E3D7A0045BE3B81473E85
:1072E000B39CD03DD191963DF0061C3EBE35953EF7
:1072F0004D4B28BEC9F9C53D627C1ABD5DB3F53E54
:1073000068D0E3BE2D8BEA3DCD7789BEB9B37ABD97
:107310007034053D56FA21BD8297873CB2455B3DEE
:107320000D6EFC3DCE2E6CBDD435163ECF87923E01
:10733000FE71513CF867373D40E8B8BDAF669D3DF2
:1073400053249B3E83A43EBDD169E23B789228BF83
:107350000240C5BD843915BE31639FBDC84FDABD3B
:10736000BE3AB43E8BF4593E63DF81BE35A23E3C4B
:10737000D10FBDBDDBD5A53DBD92163D1204073E24
:10738000519203BD944FCABD0F7AB1BE7C12473EE5
:10739000C30D0BBE69B6573D4445013EC4B12B3EFB
:1073A000F2EC383B902E4CBE186E5DBE88ECB9BD39
:1073B00037DD273D13B6393E5E6A4B3C035388BD2B
:1073C000F2A957BE16E990BBE217B6BDCDB3A13DF9
:1073D000A935A13D86E4463E30E103BE677101BE9A
:1073E00012E70DBEE96C953EBC541FBDE8D29CBEB1
:1073F00075ABE03D417702BED017013E983820BE04
:107400001E67B93C05DFF33CEFAC453E4AE68B3ED8
:10741000B128423D0EEAE03E2A96523EADA062BE41
:10742000BABA3C3EF121C0BC02702F3EB2903CBEC5
:10743000CDD79F3DF1F9A1BC75F01C3E26342CBC84
:10744000F1AECBBD092995BE8F8379BDC439233EEA
:10745000B2DAFCBAEBBBCC3ECAEC973EFB80033EF3
:107460009495613D6C0AA8BCFC08D23E80D7133FBE
:10747000E67CC33E980E743E893BA7BCA4D02ABCD0
:1074800068F0FF3D87B283BBA8909F3EB6D3423ED3
:10749000D4C68FB9AEC618BED174CA3E9C96EA3D1A
:1074A000420B893EF3A59A3E69DA903EB5D30CBEF5
:1074B000BB27CFBDB957683A6992DF3DFD12AB3E9D
:1074C0002FB5993E33A223BE72ED26BD0310683E50
:1074D00028466C3D91160EBE7A70BBBD8AA0BC3E9C
:1074E000A40175BD7408E4BD7144723EEB55013EC4
:1074F00010AA62BB6A2C693DCF10343EB0C951BEA0
:107500000ACE1D3D4A5C023D13D219BCE6D6433E6D
:107510003AE7CF3DE3E0793D2C748CBE7C1FC3BEBF
:107520002F1330BDE9B00DBE480DD6BE5054743D8A
:1075300087E79C3DA4AB503D1F943B3E71EAB4BD30
:107540006FB820BDFDE61A3C279624BE00A721BED9
:10755000DC710DBE6AB25C3D65BB0EBE41C1EABDC9
:10756000F301B93C45A208BE3EBEC73E35B9913EC7
:10757000D615C93DE68D5E3E7B85CE3E9D5CDEBD6B
:1075800038A919BDA7A4693E4239373E4F1FA43C14
:107590000169CF3ECB0ECB3C381B10BE3099493E23
:1075A000B477C93D1DD8843E84F3433E9D42F3BC6D
:1075B000F4539A3E06D6AFBD8A4CBDBA6CF829BDCD
:1075C000F5EAE23C8A63F53CD14BC83E12FAAF3E85
:1075D0006F1E12BEA14D88BE6AA2343E26141A3E0A
:1075E000F70E913EE195AEBE435275BE865EAC3E4F
:1075F000AF2BA8BDC97CAF3DDB8ABE3D8E33913E2B
:10760000310F2EBCFF0C3F3DE1A1193C3679893D7D
:1076100013A9EB3C5634303E231A073C109342BD6D
:107620003ABE82BD9B73DE3D8A343A3D66F6A43B8A
:107630008F33303E2D5B023E3C715E3E8F12563ED4
:107640000F1D4FBC3BDF64BEEF4B1C3BB96699BDC1
:10765000CDC2B43CDCDC76BD9B6D44BEB7BC0ABE7B
:107660008B951F3EB50734BD45CC9F3D8DD9CE3E91
:10767000B383B1BCC65549BD3BDCB23D26187FBDC6
:10768000304C2D3ECA31613DDFE2113CF237D9BCAE
:1076900056A6ACBD39D866BDC9FE2F3DD64DB3BC8C
:1076A000C6DCFB3E936E0EBE9FF616BEECCC443E8F
:1076B0004213D93D81DA4C3EAF376BBDEE0B173E1E
:1076C000435960BE258BA43E8223823D3EFEC23DCF
:1076D0000250C5BD0305F6BDFF818DBD2A5B613E2D
:1076E000F4601FBE5C89EC3DF41A083E8F88F9BC3B
:1076F000A991763EAEE63E3DBED53D3E3C54053EAC
:10770000956083BE9ECA6D3E7ABD85BE42EA4E3EFE
:10771000775EF23D8A6C493D4E490CBD2B54BCBB93
:107720009AF7E93DF097BC3DE56A1B3EA16DED3D42
:107730003DE31D3EA86205BEB0B391BEC47A343DA0
:10774000BB85383EA690BC3EAB655B3ED444CABE0A
:107750003BC924BD7F1D8CBD9B0F823EBF31063DC2
:10776000D970C83E61FAA33EE2DEC73D861708BE67
:107770005303A23D30EB1A3ECA01833D33FCB73EB2
:1077800040599ABD9D68713EFBCB95BDE753123DB4
:10779000F482BF3DB8E81ABEA3B3ADBDBEDEEC3D7A
:1077A000642C9D3E1ABFB83DB97C81BD0C82893DD9
:1077B0006743E03DB1E007BE109851BD1695EFBD9F
:1077C00019673CBE5A079BBDF4DCBC3E9650643E34
:1077D00044AAC63C1271223DC452743DDAA9E63D6A
:1077E000DE8B6C3E44EF91BA7680E93D04BAAD3D44
:1077F0004F6C903DA05D44BE8744843E96FE75BEAE
:107800003AAB9A3E274341BECB59973C80FEC9BC58
:107810007FDB5ABC0CA9CC3E5BDA93BD2C965BBED9
:1078200052F4F4BCF8D09FBC4FD72EBE94E59C3CDC
:1078300084C9783DC25FF93DBE78CFBEE1EBADBDF6
:10784000FFBD8CBEE2C3D03E0A711A3D555EC7BE75
:107850002FBBFFBDB7C5FC3E284D14BDDA86DFBD8A
:10786000753BA7BD3520713DDF98FBBD4B99E93EC7
:10787000C86872BE10FFE3BC8C7C61BEC36425BEC9
:107880009FCC98BE117A923E724248BE5A45F8BDCE
:107890002BF774BDA47ED9BD4CDD8D3D3DA68A3C41
:1078A00026C2E63EF838EEBDD72C653DAF4C1CBE77
:1078B00010EEBABD2A3C3FBD4CE8253D5C71473C0B
:1078C0001D6D7DBEBA1469BD4D1DF83D1FA7403D1D
:1078D00075BAC9BDCE89FF3C2116843EA45599BE18
:1078E000BEBF383EC36A87BC1D32D63C4AC83C3F47
:1078F0006FC832BDB0610F3CA746A5BD4EA24ABDC0
:10790000DB02903EFDEF823CA641023F09093D3E6D
:1079100098B910BE692CAA3DF788203D297E56BD36
:107920003872453ED929A2BDFA8E253E515F30BD41
:10793000F15AA83C1129C53D3699B6BCBEBB083EDC
:10794000C979C43D77A11CBDD45C0A3D493F2DBD1A
:10795000BAF6443D7A3A963EAF8AEA3D59DF493D50
:10796000F1ADFCBDB22FECBD3DA40ABE290E6D3EAB
:10797000C3BA9A3DC41C1F3D93B1843D2C614FBED8
:10798000C8FA743E01D5FF3D72CCD03B920A6FBD60
:1079900005A77ABECBDD483D3820C53E207E5E3C43
:1079A000F58898BD8AF0A4BD64078B3E55719EBCD6
:1079B0006257563D177C61BD852991BC92398EBDB9
:1079C000F9CDA7BD15CD3F3D3DB8063D174F7C3DD8
:1079D00046928DBD954AA4BD5B7A1B3E43D4F13DD2
:1079E0000C6E333E047F943DBF1B3FBD63E4453DB9
:1079F00004215EBED2A2293DD31BB23D006CF33CF4
:107A0000EC3913BB5385793D580887BE5A88853DAC
:107A1000A4B7C7BD2697863EE3363E3D48D0513ECB
:107A20005FF51FBD94FCA13D4250383E0531E83C56
:107A30006842053E2927D4BD376F13BE5DA8373E87
:107A4000124F9ABCF0975CBD64585D3ED1AD57BEF5
:107A5000BA9ADCBEB421123FEC5CF33DA51F093D90
:107A600018C2813E1ABF613E3EC6763E6616BFBE54
:107A7000550E3B3E77ECA6BDE0948D3DB9F2B2BC0D
:107A8000079879BD99A3903ECF5FA5BD5AC6193E10
:107A900040A35EBD3C64233E4891DABDABB022BD3D
:107AA000A164993CEAF58ABD78849F3C26C8B03E23
:107AB0009D24253E6096223E04BDD1BC1134CCBD30
:107AC0000CE036BE998BD7BD17F4953EC426AA3E6E
:107AD00022BA80BCAC03783D63770CBEC06B75BD29
:107AE000F7B033BEEDCE663E3E230ABEE683263EA9
:107AF000C9BE6FBDB9A699BE0EEBB63E5B7AF6BCA9
:107B00005081F5BD52B9483E4DD0AEBD974C01BE37
:107B100033F1D53D91121C3F5A6A353E9CC6CD3D8E
:107B20003F60CFBDB6C5AC3D9BC42D3C92A917BBF1
:107B30000A062EBECBBC0FBEE16227BDE94A9FBD3F
:107B4000A799C4BDC60936BE95B6893D0844A2BEF4
:107B50002A2837BD1F6C133E16E3EEBDE529F3BDA1
:107B6000D7F2C53D0E6BDEBD25B9673D3B36DF3D27
:107B700002D611BEB80BDC3D9692C73E9821EEBDF1
:107B8000B9AE113E5C469F3DEE1616BE63C0D93DB0
:107B9000EE53A93C479BFBBDD9EB503EDC1424BD02
:107BA000F3E5083DC4AB253E23C1D93D31374EBE78
:107BB000EB1262BE68B56E3E759A44BDC4C2D1BDBB
:107BC0002E9581BE81C1203E3690793D98A7AFBCED
:107BD000806EECBD2F4C043E7F5EFABCD0053D3E6E
:107BE0000C6C0EBE601A453E75FA093EE175D23D39
:107BF00070CFAD3E707E863DEA75953DEFD1A93DD3
:107C0000C499A33E4BA9163E1C17AE3DE2C5AD3E3E
:107C10008A94A63D4FA8E03E39D30EBCFF0496BD22
:107C20007AD9C63E9ACDE7BDAE3897BD56FEA63E80
:107C300030A1BC3E3CFFC93CBAF232BE295D1B3EBE
:107C40003EE8C5BCE2A093BDB84E003EAC912B3ED1
:107C500037046E3EEC0CD73E71E2BD3E925FB0BD84
:107C6000EA48193FE10592BD01F635BE0C22123EED
:107C7000B9FE6F3B8E65173E99F5D1BC070A963D5C
:107C8000A872B1BD86E07C3D5EB3213ED2E53FBE29
:107C9000A6AB7E3E3622913E6604D4BC5AE6EABDCF
:107CA00009DBC03DB68FF9BDF73518BE63C3FC3D97
:107CB0002A49A43DE0EF4B3DBCE43CBD11DDF43D61
:107CC0005C25213DA3AF7E3CF3AF0C3EB03A633D53
:107CD000FF7FCEBDD07561BDA51D3C3E2FB7E8BB73
:107CE000DFD9233DC0EEDDBDD2144B3E77C5313E1A
:107CF0007975573D85836F3E0AFD19BE07881DBE05
:107D00005D6CE23D342A433E6F9E8B3D0634F83E67
:107D1000C6D3E23DD0D0DC3D5905F7BCF485003E2A
:107D2000E418733CD17E01BE2012143EF819FF3EC8
:107D3000B485D03E9A2F02BDCECB06BE50BA353E9A
:107D40006A9957BD555725BE224E62BC68B00ABF1E
:107D5000E174AB3CC48000BE0002913DDE9F78BD63
:107D600058C33C3EF332573E03F514BE81B5F83D8F
:107D70007CC01FBE755BF23DBE8CC4BACEC4513E02
:107D8000FAD443BDA76EC1BEE2AAB6BECF8CBF3B3C
:107D9000707AF63DD865983D876379BECAA8E3BD81
:107DA00075F67D3B917616BEC9DAB5BE63676C3D4C
:107DB000BE63CB3EDC7D07BCD14833BD2D1CEC3D02
:107DC000C3AC3F3EBD406D3E69F05B3C1A4D1A3E70
:107DD000D92F10BE2B13A73D0398723DDDD9843EE9
:107DE00000516F3E6B517EBC906D55BCCECB203E9A
:107DF000AC6F99BD45E6BA3D9A6EF53D290686BC45
:107E0000BB1990BA8B81883E460DC2BD8EBB883EA1
:107E100028A97F3DA3D5093EA295F1BD29589F3DD4
:107E20000D5E473EFA4700BE9C5FEA3A87AAF13DE5
:107E3000F4EDC33DAB31E0BDEF8D2A3E8FF1333E13
:107E4000A5CA83BEECC37ABDBF08D2BDE1662CBD16
:107E500024778BBD536C573E15D486BD2EE8B0BD3C
:107E6000CAC05FBCE822913DB2892F3EABBD513EF6
:107E7000670DA63D60F09E3D8821473D4C5F6F3EFB
:107E8000E41C4B3E989C313D7CE9613D9C4BD2BD4E
:107E90005CA2AB3DB36613BCA0A9813D860FEDBDCE
:107EA0002998973E379091BB0C1E973E3E9B623EB1
:107EB000492B013EAD96B0BC877843BCE28E093DAC
:107EC000868855BDEBF2B03EF0D1513E5863143E6A
:107ED000A52C45BCA09E87BEBAE5EFBDF38A983EAF
:107EE000F4B7D23CACE73BBD3CBA57BEE24A613C7A
:107EF000A2DB5F3EE3EFC1BD880ABCBD9CE2DE3E73
:107F000027DAA13E974FE43D958C8E3EF7337B3EBA
:107F10007BA5CC3D16B9443E56D06E3BE13F80BDBB
:107F20002D7176BDCE26AC3CC740A5BC3D97683EC2
:107F3000EA6D193E79D3D03CD155023DB7772C3B41
:107F4000A3C8FF3CC634B83EB4E98BBDE3EB753E35
:107F5000A24C593E017A283E9BEB41BD0846A13C0C
:107F6000DD66DA3EA407223DFCD3AA3D5117C63E8A
:107F70002141B73C6C787F3E5F1269BD27B6943EC5
:107F8000AE7B03BE9952BB3D9EE4E7BD080EFD3DAE
:107F9000B0457EBE2F7D87BEA46530BC749173BD95
:107FA0002452213F38A1143D005AAE37CCDF7A3C31
:107FB0003008013EB12E62BD139D793DFB44B43DB6
:107FC00080EDCBBDFD5C7F3EC22E86BE5E9F9ABB20
:107FD000FD63BCBD374F293D46E504BEE2C5303EDA
:107FE00058DA4EBC1C416DBD80B13DBD7010873E5E
:107FF000880E963E3E9F00BE7DC513BD9A07A43CE9
:10800000D1AAE83CFBB2233E5021A93E1BC4CC3D83
:108010006F3EBF3D06505EBE4087303E591138BDB1
:10802000D6708E3EF4A2593DF498FA3D7FF59D3D01
:10803000C270033E4779D03DCB0C033EE666293E35
:1080400086E9293E7E1F26BED79A783EB73B553E2D
:108050005238283E42FD02BFA1A6AB3C01FD9FBDA8
:1080600067E7163EDA76883DE0A909BE679C863D43
:108070005FFC1C3EB1DB2A3E29765C3EC8883E3D53
:108080002CD8A13D276A9EBE29DFA9BD359C9A3D0B
:108090000000393D618AC73EBB9F93BDD360E0BD00
:1080A000969490BE5FA848BEBCAACABE50CE923E6F
:1080B000B7801C3E8F94DD3D1AE194BD3BAB3DBEC5
:1080C000339EE93D4396813ECB0C673D6F7A3C3E43
:1080D0000A1F10BEEA50DDBBEE88423E80DC78BD50
:1080E000D9F4173ED981483E3363F03D9027A6BDB1
:1080F0006401A03E03B5983B119CF7BDE7D3373E22
:108100009ADF2CBD5A33C03D170340BE9524393E3B
:108110006CF5C43DECBB5B3EC2B0033E27383BBEB2
:108120009F20853DE51C923DCD82FFBD5BB948BDDA
:10813000E30643BEBC150EBDACD17C3E7018763E46
:108140007618163ECB9B0ABED03AA53DCCD4443E11
:108150002C2B36BECB7E913E39A06F3DCCF0DF3D5F
:108160009804173F3A77A2BE9452843D583C483E4B
:10817000DB8EAB3E9912E13E5A8B863ED0CBC4BD1E
:1081800020C420BE3BAFC83C1996413E8E4553BD2E
:10819000D0A694BDBB360D3EF13862BE7B0237BD22
:1081A0002CD993BB59F5623E5BB9493E99EDEE3D42
:1081B0008730E13C24C337BE5041273DB52FB03C4A
:1081C0001A353FBD48A3CBBD6CAD9BBCCC3B823EBA
:1081D000BFAB5CBDCCB0BDBC0A44D33E17F8A33ED8
:1081E000C6191F3E4B1C14BD62F4B7BDAE53013F10
:1081F0004819B7BD75EC2F3EAFC8713D992A3B3F7A
:108200008DB10DBD290D263DCA1F32BD2F83303ED5
:10821000F1D317BB64C3363DA1E9763EA18D24BDE1
:108220009D52203EAC2CCC3DBDE1DA3DF9CF6FBE76
:108230001AE0D13C5D10D2BACBA5693D5BEF503E50
:10824000ED99AE3D83A1B1BE84A4173EFF157A3DE2
:108250001818033E4174B5BEEAA6B83E6C1AA83C95
:10826000EFBF4CBC2CD541BE05F82DBE6947BB3CC9
:10827000B2BE5ABD0A5A2F3EB30F23BC4CB645BE00
:108280000BFF8CBEAAFE9EBE23326ABEE2B42F3E16
:10829000202B09BE1957C13E9BC5653D3DBBC43C63
:1082A0006E676B3D81D4BEBDE792D8BDAA4C963DAA
:1082B000D9D1843CF494613E7FECF9BD85BD32BEDA
:1082C0005BD8A33B49B40F3ED01E6FBB9B0D87BD4F
:1082D00074DBA1BD6AFAEEBC921CBFBD1C97D23DF7
:1082E000EB98413D6AB7203C462B253B38778FBD44
:1082F00031AA003EFD7481BD731D593DC00BCABC3F
:10830000F1449B3CA598053E4121D93DB4EED3BC38
:108310003D8CD03C5216503E00B4633EF98ACA3DB3
:10832000DDA9163ECEDBA23BB28CDF3DCEA2103DD6
:108330002CD0D3BDFE11B5BCD521023EEEBA293EEC
:10834000BF3C023F43A250BE69E8273E2706D43E09
:10835000AC78A73DFD47A7BDE61C8C3D1477EC3DEE
:10836000EC541E3E4B7ED73D45913B3BA57D8DBDDC
:10837000E3BE0C3E8748193E4038C83EA030F83C6A
:108380003A07503EDE7F12BEEFA8BB3D350DAABDB9
:10839000504D5E3DAA40DA3D07E973BDE59801BE48
:1083A0009DF47EBE52B7193D3DA24EBEFD9A053EDC
:1083B000D36824BC7B12303E554AE13DCDB9CFBDD8
:1083C000E25892BCF943A53D486762BC344D6F3E0C
:1083D00071E5473D1753123C10FE90BC1DD095BD72
:1083E00015548BBD3C46103EBE82413D71BF383CAA
:1083F00011B9323E8DDD913D6DCB383E9DDF503E53
:10840000FABF013E046F833D20C601BC5086C23DC9
:108410003428C5BD9FFB383C80EDD8BCA7792B3EE6
:1084200064DF8B3D4E59AFBD803B213E5A79163EED
:108430002CDA283ECCB70A3D9978EF3D95E6F13D20
:10844000A1878A3DD451863D064A2D3E93976C3EC6
:10845000DB9D06BE7EE5783ED1EC123F7AC8A5BD15
:108460009A833F3F5AE6EBBC695559BADB2F463E2B
:10847000D319AD3D38286ABE94FE83BE61C604BEE2
:1084800075492C3C8B38043EBD0E3E3DAF488CBC3C
:108490004583A3BC455A5DBD966C2D3DBEB0F5BC71
:1084A000508F873D8B62063CFCDCC1BCE8D3A93B06
:1084B000F4061F3D03ADD83BF11D13BE3F2F043E14
:1084C0006ECD0BBE733E37BE4607C53D133A363EF2
:1084D000FE8226BC8E48D43D011C2CBE12ED1C3DF4
:1084E000B23E3F3DE8B8D1BC8231AE3D10E7313EEF
:1084F000F869E4BD8259E23D1729B9BC6B5F90BDB4
:108500001F6A71BEDA13DC3DDB85073F52ABA13E2B
:10851000CC9CF7BD8BB4AE3D22F7DC3C16F3A6BE77
:10852000286CA8BC2FACEBBD8FA223BE750B063EFA
:108530003749603DF372203B50438B3E3A277D3EE6
:1085400069BF5A3D748E59BECCD0033EAF36813ED2
:108550006BBE4CBEDE7EA1BE2C441F3DF7EC4ABD77
:108560000F49B7BE9152063D06E0853EBC10663EFF
:108570008F71943EAF210A3EE29E3A3E9B520EBD61
:108580009DEF123D502DDDBD9D1C953E7D2B9CBE6B
:10859000EA3435BFE8890B3ECFF174BDABF225BD9F
:1085A00051F883BE22A18B3E24BEC03D8D2F623D7B
:1085B00064AE03BE3099DFBDC6C9683D4AEB25BE37
:1085C0004600E5BD3C678BBDDAB92C3E27FEC93DB0
:1085D00061BA3CBD8181A93B08EB88BCDEA53E3E6B
:1085E000A0393ABEDDE8133C0E1AC5BD93B82ABEC9
:1085F0009D86883EA29871BD78A86DBD7EAF073F6D
:108600009991EC3DE8974B3E0674F13DB20C863EE5
:10861000D4189FBC2CE923BDD3003F3D3F5A98BDE1
:10862000EDE41D3C8EB0CBBD93ABA63D7F64E7BCB3
:10863000A6A5053EFBE6153E1A3C2D3C4320FE3D1B
:108640005214433DE137BB3E772B2F3EC230853E6F
:10865000D4D93D3E579F293EE8C6243E0DEE16BEB6
:10866000584B873E35AB27BCEAE84F3E0780AB3E10
:108670001885653E3813103EF603433E16F06E3EF5
:10868000510A63BE8681BE3E79F41D3CBADBDB3CF9
:1086900067495D3E6D1E8B3E0083623D10A24CBD5E
:1086A000DBDF1E3E0A0D223E802CCD3E4B2D93BEBD
:1086B00016CA4B3B849D0E3EAE31293DEDB106BD41
:1086C000A2E219BE9F20DB3D3C390B3F902834BE0F
:1086D000326604BED7F603BEBC70C83D36AC853EDC
:1086E000D2D8FC3DAFB5C1BDDBF1FF3BA822CA3EED
:1086F000B88EC83D68243E3E4AFB6C3D6BE3BD3EF0
:1087000072BCA5BE9F0EE23D2AF77FBD3BDEC03D99
:10871000CDFE87BC5A7E8D3DD834853D98271E3EC0
:1087200032C4CABC6FC534BDCFF01E3E26643C3B8C
:108730005C23D63DACBE163DA7D9B93DEC347C3E9A
:108740001F4C533EC8EBA03E67E2A0BB6FBE05BF07
:108750003D7251BD02DFB1BD9E64ABBAB62939BDD1
:108760004021BE3DBF45FD3D9256323E0A83EE3D5F
:108770005B1CB1BC530D83BCC286E53DB0696C3E49
:1087800026622EBD94C71C3E26120EBA712E883D5D
:10879000B010B03E2FFAE83C325432BE80C9E03C03
:1087A00023EE2A3EE89D9FBCB3774EBDD8B6193E56
:1087B00084678EBCFE94CCBD3F3A0EBE2B1ECEBD50
:1087C000A0DC6ABEB24555BD252C193FE998193E7B
:1087D000DCCB013E99E909BC82CEC0BCEB22E23D74
:1087E000A88C9E3EAD0C13BEA27B0ABD31D5D9BC70
:1087F000239006BDC38A43BE80BEC13D8FBFBF3D2F
:108800007DEB263ED426F73EB3355FBE44F9AB3C44
:108810003ACDA7BDFE9F84BCD5FC01BDAC2D03BDE8
:10882000ACDD03BD30F9AA3DF284363E04950D3E21
:10883000EFDCE73E3D7F0BBCABD5FBBA6DA98D3EAF
:10884000D076AC3DECF6A63E860B9ABDAF8B713E62
:1088500038F75A3DF6F7063EB5D35ABE7478C5BD13
:10886000C985133F7E314C3CEEFA41BE3C617D3EF2
:108870008FC2883E53A71F3E9376653EAC8A923ED8
:1088800014916EBE63BACB3EF7CF75BDB1812B3E5E
:1088900040154D3DAEFF30BEE5813B3EB2DF8D3D24
:1088A00054EE903E10F9FE3D72F691BE96813D3E2B
:1088B00090BAEC3E8943CF3C837B11BEE142F53D4B
:1088C000A713D4BAF568443E347BB4BE41C51B3E01
:1088D00038EC573D26E2BDBA4368EBBB10311C3E75
:1088E000B95CA1BD27D545BD80D888BE9BFFAB3DF7
:1088F000FCA6A8BE997981BC695B583EEB98DB3E2B
:108900003A8E5A3DC7A90F3E0B5038BDD0CB303EF2
:108910003142013E87CF873E97428E3DCFFC13BE4A
:1089200053AABC3DAEBBE83D023AF33D8A0E36BECB
:108930009D6FC6BDE2B2B23DA83A673D8ADB90BCEE
:1089400064DDDB3DE812D73DC47924BC5E86523D30
:1089500027F830BCE979B23E6D86453E3B58D2BD22
:108960002A0B373E6948DBBE0785DDBD1792553CB3
:10897000356AC6BD528E873EAC2DF6BB025EC1BDC8
:108980005D724FBEC372943E6C3CF7BD129A6D3E51
:108990004BDC2FBE600F57BE1C15AD3D65F4EEBC21
:1089A000E99F123D5BF05D3DC448B1BEEEBE05BE21
:1089B0009044393CC170973B200FD13DECF5F2BD9E
:1089C000D0782CBEB97015BD4481BDBE9995953D3A
:1089D000BC91D3BDED58873D42A2993D5A43E53D38
:1089E000FE481B3ED259F5BD24A5C6BD3DBD8B3EFC
:1089F0005F9367BD16D080BDBBBE2A3E4152AB3EE1
:108A0000DF79DC3DAAA289BDF3CF373EE3D84B3CEA
:108A10002B8CEDBDF9EAA13E68FFEFBDE838053EBD
:108A20000665393E3E66BDBCF42EFD3DE2D5EEBD89
:108A30003B95B0BD9D18D9BDD90F9CBE82ACF7BD8A
:108A4000FEFFB9BD34041DBE2649123D70FA23BE97
:108A5000BA3676BD016A8B3EDB3EA63DDD821A3D0D
:108A600002A54C3E648A45BE0916A8BD05000E3E0F
:108A7000D48603BC4B33AD3B861A85BD8FBFC83C43
:108A80000819A73D8A63043E427C31BD0BF3783D53
:108A9000C64D173DF5758E3EC101853ECCA618BD6D
:108AA0007438103DD6F644BE85EF52BE5B414CBED5
:108AB000259E68BD5D38C63D73A76C3D1189EF3DAD
:108AC0004B34603DA8CC833DEB6858BE575D683C95
:108AD000BCBC83BD58D0433EF9015A3E5158213E9B
:108AE000BF767F3E8E21D43D03B5BE3D1550A93ED5
:108AF0007A5426BE28B4943D4303243D4A6C773E05
:108B000052A6243E6CFC4C3ECAA9D13D337E933D17
:108B1000783C113E23BEBE3EC608803D81DBE03D71
:108B200093FF0ABD465D90BC96B1EA3DA283A43D89
:108B300001A33B3EC3370BBE76CA603D9656753ED9
:108B4000CAE81D3E2D55B9BC3FB1A73EFD8EE53CA0
:108B500052AA043C5CD0DC3DA5ADA63D5CD382BCF2
:108B60003CC4D13E51D813BD72551A3E7A6FE63DD2
:108B70000216F7BD0B589D3D8A99EDBC6087EA3D12
:108B8000145072BEDD5E443DE4051DBE9C026D3E88
:108B90008C97013EEC1897BDC805E13D23F458BD04
:108BA0000C72BBBDB08846BE2C4977BEA585863EFB
:108BB00041CAE23DE3ED163E9095D23DB567043ED5
:108BC0007823043D9724DB3D07DCD5BEF155113EEB
:108BD00064B9BCBD6BFADA3EFD5EFD3CF4239D3DFD
:108BE000B4D787BD16403B3E712E1B3E3920E13D78
:108BF00071120F3E4272403E5072063EFE40303EC1
:108C000025C6A73E5A499D3DB3948FBDDB00523C1B
:108C1000FE36B33DFEAE7C3E1E5E7C3D1F1A27BE77
:108C20009D1843BCB14693BDCC85A83DB496353D57
:108C30001DD84E3EEAF3C0BDFE13B93C4EEE1C3DBE
:108C4000FB258C3C5AB2B1BDB07EC3BDD30F9CBDD9
:108C50008278583D16E2143E5BAE3B3E925B28BDE7
:108C6000C465823D2091BA3B8E85EB3D20438E3D0D
:108C7000C59DD23D6FCFCE3D5E1B4D3C5B521D3D31
:108C8000E63778BE0C4F873E82DDAF3E258C813DB6
:108C90009C30863CDCA948BC5C7F5CBEF6F880BD9D
:108CA000E69D0EBE7C0B6DBA2D400C3E2A783EBD73
:108CB00057B595BC613B87BE8B3A163EAC9F9DBDB8
:108CC0001ABAA53DDFE709BE2558D0BEB762C0BDC0
:108CD0001217853CC81A373EA972CCBB9903443E93
:108CE000D128773D49F43E3EB61F583DE664803EAC
:108CF000BFC9E7BDD6211A3DDB5C8BBDD7A2DD39EC
:108D0000605CBB3D0EA323BE30430FBE17B0F63DE3
:108D100081026A3DE6A1F43D9B9FD93E35E94A3D7B
:108D20006FC5E3BDBFEB523DAE4DD93DB0DA253D39
:108D300005BD603E8C116B3D6BEBFDBC222A31BD45
:108D40009766A23E20EA3A3EB987803E07E497BD87
:108D5000E198C4BD03F2EABB6BD29DBD8588143E89
:108D6000135E0F3EFB5D943E55C3D13D51E23C3E48
:108D700078C1DDBD2E805A3DFC7689BB80EDFFBDFC
:108D80008B9C0A3E106FDB3CBFA315BC00C4B6BB76
:108D900073654B3EC37CFE3D61B39ABD707F7D3DE4
:108DA000C19D493EAC368EBDAF0B3A3E6D83B9BC1A
:108DB0003524813E05FB8D3E7B350DBDC5D1F4BB11
:108DC00060D181BD2D23093ECD0E363E268E5E3EFE
:108DD0005E92823DE77E38BBC564A1BED3CF273EFD
:108DE0002E5127BEE703FFBB722ED53D09BB4DBEFA
:108DF000DD6FC33C4FE7D63D20A7783EF10060BD54
:108E0000FBFAAD3E78B9933C16978D3D76262ABE87
:108E10005DE5033E48BA9B3E4A332D3E5287D43E21
:108E2000A582523E374015BE4DED8C3EECB3733DEE
:108E30003DCBD83C339AD33D2A09B3BC2BE16CBE61
:108E4000ED45463E984F923D5866283EC02FE53E80
:108E5000AAFDE1BDABBEF43EF9251EBE9A98F93DD0
:108E600029EF403D54DB943D8CAA21BE6A50853EDB
:108E70006834DD3BE4B384BEEC16B9BD32A84D3E88
:108E8000B977DDBD7F8D4FBBD8253DBEE8DB253EE4
:108E9000A9F5FA3C0076C83DDC7E163E157E01BE83
:108EA000636A25BD2792B93D76F5143EED0220BEDA
:108EB000927A4BBDD3F6913EF61FC8BC78C92A3EC4
:108EC0001D1147BE2C5D923ED1626FBE637045BCE2
:108ED000025EADBD61E3D13EED7732BE5A429BBD2D
:108EE00070E665BEF6CCA33D86A5363E7D307B3D63
:108EF000834FA63D960F373EC142213D4DB2D8BDAE
:108F0000D1BD7BBE2D9564BB7344363DAE05053F98
:108F1000ECDF843D070CA6BD3F77453EE7506DBCB6
:108F2000948B893EE8780A3EE4E22FBDBF52703E42
:108F30007AE842BE0F21C7BD275D993E110F803EE2
:108F40003E7DA1BCB237A03EB9A6C93D6729B83E57
:108F5000D730013E93843EBD9B3EBEBD824810BECD
:108F6000F98D07BEC53F093EAB70F33C3479AC3D8B
:108F70008E70863ECC8C6F3E74002FBD333B8F3E8F
:108F80001FBD08BE3E06863E629FE03E4D2F6E3DF1
:108F9000F2646A3EFD968D3E47EF45BE6878CE3D51
:108FA000159F9F3EAFAA223EE06BE63EA9869ABC83
:108FB000C782AE3D73A3223EE315DABD18626A3E56
:108FC0001115773D4DBF343E9C44EC3D278CDABDF6
:108FD0003065EF3D21FA42BC65467CBE67F707BCB1
:108FE000B0BC81BDDE63ABBD893764BD1C7A81BE78
:108FF000931AA13EB84280BD4B9FB9BD4AB556BE3B
:10900000BF0D9F3DA1F5A23E38D6CB3D1E713C3E23
:1090100000A1B4BCCCA3573EDA3ED83D57C9C13BF2
:1090200093E75A3C21F70A3D755174BDE04A623E10
:10903000DF86C03EBC71123E31F9B63C8E94BC3E18
:10904000DCABF5BC39041A3EF3183BBE15DF02BC9D
:1090500098AAE6BD85E01BBDBE41F9BD18860EBECF
:10906000A73C4E3D388F02BDE000993EA0EA043F88
:10907000A7FE883E5815F93D934E523E1EDCC33E76
:1090800089FDC63D539B013EFFE6423EEAF0CE3DE0
:1090900093A3C2BD79D765BE9EE7303EEDD9F13DC1
:1090A0009C3CBE3E9A05963E8ECFE43DD88093BD53
:1090B000B562E03E3A31AE3D3E76D0BD94D45BBD64
:1090C000D37ADEBD8F67023E914F1F3E1239753E47
:1090D000FDE55EBD7CE58FBDE13B93BC0EF20E3E2F
:1090E000C75799BDED9600BE7A8F493C76ED293D74
:1090F000F862AD3DABF1833E6CF1C13DFC05A83E8D
:109100006F9058BE0A041D3E6C3903BDC21FF5BDE9
:109110002463713DD02D62BE6FC1FABD2EA4903C78
:10912000A938ECBD06A95F3D1E6829BE928670BCB9
:10913000ECD96B3EA540433C562EE53E75466B3E52
:10914000C052243C1CCE253D13598DBDC2344BBEAC
:1091500066F7D3BDCE72293EFE3D903CFD42F73D01
:109160004BD75E3E3BCD77BCF259E53DD69829BE44
:109170007A2D533D33DDCDBDD8C7ED3E7350643EEF
:109180003802143E59F1833EB251053E89B0243E67
:10919000760BC83E65BE963C8DDC2BBE9EE92C3C12
:1091A000B7D5393E54EC1EBD087BF33D969C403D3F
:1091B000D95F44BD9C12833EAEC389BDB108663CF5
:1091C000058BE7BDEE2E423E85A7253FF8AFA03EBA
:1091D000176F1B3D9E9ED1BD09548DBD2875C3BD23
:1091E000ED83C13E86BC983DB3DF4DBDB356383EDE
:1091F0005441123EBF584BBA646A4B3E85D1BE3EC5
:10920000BBBBB9BCCCCC8C3E692687BEA8B4B33EF0
:10921000C92D193E9BCFEB3D8CE7A2BC7F625BBDA5
:10922000A184B13E6A68763D0E971E3DD248A83EA5
:109230008B40AC3E75B99BBD7F9AD4BCF3DCDC3D62
:10924000E25D2CBD944EC13CCF51AC3D556F71BE1B
:10925000C843F5BC53B0FDBD0802D63E95D5B73D19
:109260008BCB17BD86CF1A3E2ECB10BDA03F853DC0
:109270002263B3BD181DC23E3258863DD36C8C3E6E
:1092800062D20EBED7D7153D562919BD7E4EB23DCE
:10929000354F4F3EBDCF853D9A325ABDD0E5BB3DDF
:1092A00038F0673EA779B3BDF9C2D5BD7C4A973E79
:1092B00066CC9F3E57D9773DAC80ADBD76E54D3D40
:1092C000AC8411BE024B3C3E27CADA3E2F897D3D5D
:1092D0001F4DAD3C115A173ECCCE743DFE55293E74
:1092E000B627513DA5B3F53C8E4451BD12B2063EA2
:1092F000A7CCDA3C332D213D4CC2813E4FCCB03C53
:109300002221BA3D57561D3EC7119CBD207DC03C51
:109310001732BFBB8657A43D49B6C13DEF1A803C0A
:109320009158903E6895B0BC72C7A23C09F896BCB3
:10933000FD07263EA686153E5629CCBE740F3E3E3E
:1093400057E738BD3993A0BE414AB3BD1EACC0BE7D
:10935000A28D1B3D5849193EB0C920BDCA6697BDB4
:109360006216413E3E0DD23E24B4953E510C07BEDE
:1093700041271B3EB787103E4C6775BD78A70A3E54
:10938000EB01FCBDA70BD83D2E1FF8BD249C153E5C
:10939000A49B803E9E0E633DB8E3993BAA9AF53D9F
:1093A000A2B0D1BD9D91BEBDBEED3A3C34625E3DE2
:1093B0006748123EF97A02BE241F0A3E7E8599BD97
:1093C000C8EE54BD4667533EC3ABA4BCC4753F3D15
:1093D00007E2063E3BC2123C0280E9BD6E4BB73E3F
:1093E00027C7D23D36F16A3EC43F313D78C2533C77
:1093F0004872E73D5BBABB3DE00BDE3DCEA5F0BE5B
:109400004F0C923E322C64BC708E813E05A6D83D36
:1094100074E2D8BC03DA6A3EF75989BC522F163E73
:1094200084AE163E64B81C3D6CD8133EC5B4963B62
:1094300056AE003E39ED54BDD368B23E6DD7FB3C0D
:109440005F516B3BE162813ED465953D31A3A6BD82
:10945000F3656D3EDEAF8E3E4E98D33D881C12BE46
:10946000BB4A8F3E478488BEE9A991BBBAD8893EE2
:1094700037C81B3EDA22883E409642BE42E2CF3DCC
:1094800024844EBE0FD5313E81056F3D943C5E3D38
:10949000A0CB6FBDE78B213D3ED347BE6F718EBC25
:1094A0007BB3053E76278DBD2D65A9BE539DDE3D60
:1094B00046AB193EFB8461BD62189CBDE9497FBD86
:1094C0001105653E8FBA723E4CD4D6BEEB35E33DF6
:1094D00004C42DBDC8812D3E432FE73EF26C303EC3
:1094E0000E34813E3FF45FBD8279D5BCECBD8A3E2F
:1094F0007BA5CB3DD79150BE2C02043C4D266B3E44
:109500009F94113D3880903DE35B983ED3C9093E5E
:10951000FC8D4E3D928BBBBE3DF99DBDD771243E67
:1095200044E3503EE028F83DEBD1813D0A64B9BCEC
:109530001565BCBBCA2E2DBC6F32023F2C891C3E68
:1095400002003D3DEBC4A5BB3B5AC73D7B3EE83E18
:1095500089BDAA3C1ABFC0BE1DB8D63D6A23143EC1
:109560000314AC3D9174F2BD7468FEBC1067EF3E0D
:10957000E1DF023CF125AA3D1F17B33E3FC5D93DAF
:10958000BDEE2D3E29F103BE0B29F0BDABE4883EB4
:10959000C599533D0E9B833D991F853EDCF2023EEB
:1095A0001FAD273F1E68143D60971BBD0402193E86
:1095B000B977E5BD428ED23E08B6E8BD700E7DBEDD
:1095C0006BA419BD10AFB53EF1B4073E0CCD3B3EC8
:1095D000A1991BBE8C4DCC3D402722BE7DF2ED3DB6
:1095E0008FB931BEAFD4933DBE577FBD47ADF3BEFB
:1095F000F1F76A3E2C06213EA107673E63120B3D40
:109600000D13FA3D8C4F453EF5C279BEE6A2543D9E
:109610007F68A9BD7F3A28BE57D0AA3D0995443E30
:10962000AFB3AC3DDD1127BD9BD64ABDA16E063D53
:10963000321E6C3EA7FE41BDF263103E5CD3153E68
:109640000A5690BB8EA265BEDE821F3D5DA9A0BDFD
:10965000EBCFAFBD2064533EED77313E4E09B33DB5
:10966000DB899D3E45EEE23D76D0E4BDDE6E943C66
:10967000A03369BEE00165BDE61C363E2F0D8F3E6E
:109680008BD395BA42D5A7BA3C81A1BCD88F873E6F
:10969000E0EC933ECA37943CD2A6A8BD10F44F3CF0
:1096A000F8144D3D2DAA61BD9C43ED3DF4ED4E3EB9
:1096B000A9AA4E3E3503A2BD089811BEE2752C3E04
:1096C0001DEFADBD14C7843EEA09CC3E8719333E79
:1096D000C602163E36ED23BEA79F5BBEA361A43D26
:1096E000C91094BC7C99F1BDB932573D6CD686BD8A
:1096F000E82AD83E025BF43D1ED044BC0394E73D0B
:10970000DDB8A63EC56286BDA22A10BD97831E3E67
:1097100087B276BCB3DF263E67CB2ABDE150DBBC07
:109720007B23293D943ABDBD00500BBC69DE46BD8C
:109730003BFC86BD5C15823C65C0873DF63B843EA4
:109740008FCE04BE8F3E86BD6E92AB3D674221BD7B
:109750007631073E6FB4053E9B2687BDAEDBACBDC0
:10976000786B42BECA6158BC3854343EAC06D03E19
:10977000B076753D9A4DBA3EFAE1973EA32C04BEF1
:109780005D8006BEEEAF7EBEFCF2BDBC7B03803EBC
:109790009E2B273EAAE9773D814495BEE7AB8A3DE3
:1097A0004C40A9BD024DADBDAB9ED6BE46FC873E2A
:1097B0006772B2BC2ED224BE0AC452BC42510FBD45
:1097C0000D387E3C951D973DCF2391BE3207213E3B
:1097D000000927BDB5C0553DB470ECBD25807D3E68
:1097E000D64C923DED46903E73AE6EBE68C103BE50
:1097F000806F1DBE3C10A7BDF3922B3EAB03BD3E58
:109800009CC487BEFF8D3C3DC3F716BD7C89ADBDB2
:10981000C2CE193E4BE3A63DA5B603BEE79FB03CC2
:1098200092C3103DFB37F63D4AB28EBE9A0B3B3ECB
:10983000DAA4C3BDF6E9113E55100B3EC4BF813D0D
:109840002139FCBDDC9385BE7893C3BDCD2D16BEFA
:10985000D57E8CBD5280FFBCD3B53CBD90F13F3C62
:10986000F469ADBD08C33BBEA88E5ABE78B4043EB1
:10987000DDF2DEBDA8C35ABE448FA03E4B8888BD32
:10988000D88892BCD177843DEA9934BD623841BE14
:1098900025AF393D259EB8BD651035BE4108413D17
:1098A000196003BEFC44FDBD870863BE6A87663E3F
:1098B0007BF93B3DD9816E3D37B5EC3D80630BBEF6
:1098C0000F072DBEB75DDE3CA390623C0A0AA1BD26
:1098D000E7E8A9BB209C25BEB27776BE23990D3E52
:1098E000B2212ABEB3BE46BE037C76BDE857C1BDD9
:1098F000876A253E36AB0D3EC762023DDE00BC3EA8
:109900007096BABE0232FE3DC422D23EAB47863DBF
:10991000C128A53DF454B1BDC6C4E4BDD8B499BDB9
:109920000F07483E4242AFBDBDD1B23C6B6CE13B3C
:1099300072734ABCA9C6FEBD40778C3EE8973EBC18
:10994000DC5D17BE453957BE73297ABDDF4C6C3FCD
:1099500015A7253E0629433EEADA003E5BD7E4BC64
:10996000261E98BE0BBA0BBCB78C3E3E3837843DE2
:10997000DC95C73EB4E3913ECEADBF3DD2D8593E53
:10998000A2FAD13CEF4E21BEAD00A93E950F1DBEFF
:109990002107083F115D6C3E1E0468BD99AB893DEF
:1099A0008D1AB0BD6737D73E10D8003E41FB0BBEC5
:1099B0001461033D8114EE3C5043873D7C8AC23DD7
:1099C00015E3A0BD7CFF703D275710BE078177BD12
:1099D0005E4ECD3D5F58A6BCC60774BE3C52613E8C
:1099E000FB2599BECD4047BEBE3E1ABE8B68963C55
:1099F0006FE47D3EAA9FDBBDACF2663C993F423EE0
:109A00006ACA363E8052513EEE4077BDA601903E76
:109A100063BF203D940E40BDC6622F3E028EC4BD82
:109A20001F57C53E90C6A0BD32E1493E7A1F0E3E8B
:109A3000D21ECE3E25A895BD7951393E8624F43EEE
:109A40007AEE25BE85D9423CAFA3C23C55ACEEBDF3
:109A50000E049F3D903A453D1422B93EB6C80DBE56
:109A60009B15D63EBDC6FEBDCDC24B3E3DAD14BD21
:109A70002443A53EFB95FF3B52C7253D6C67353C13
:109A8000D44565BE84616C3EDFC9AA3DD9880FBE4E
:109A90003B0B90BE7C4B733E0B9317BE28BC20BD86
:109AA000B57E1EBE9CF4A03E59D5843E64CF38BD21
:109AB00025CD463DEFDD703DC8659F3D8F7E81BE63
:109AC000E43781BD3E9EF03D4156D83CB1F72ABDFA
:109AD000FCCB0F3E869D143E783A7F3EEA16BA3E96
:109AE00002DB65BDBFBD37BDEF4F64BD6329723E6C
:109AF000BDE1803DFE0BA23DBEB7583DD8E5323FEB
:109B0000AC73C63EFD53B6BD244E6EBE120D22BED2
:109B10001E0A773DC5212B3D23C037BD2607223DB8
:109B2000C0564F3E4DC703BE7A6D1ABD1E83343CEE
:109B30003388CD3DAABE933D2AB2623D02602CBC63
:109B40002B018FBD657661BE894CC5BD2D4A61BEB6
:109B500033BFD0BD6171FDBE4FE13FBEFA33C93D99
:109B600077BA283DB5848BBCE9C7EABE0F7AE03EE0
:109B7000CE60DCBEF252B3BDCC23DBBCE198D83C56
:109B8000F3A0FBBD0F63D1BEE65B25BFD8F0803DDF
:109B900044F8C2BDAF9E33BD8D2E48BD7DC13BBDD7
:109BA000F902AABD611DCEBEEB310DBFE517843CA5
:109BB00066E851BEFEFA8A3D2739D53C180D68BCCF
:109BC000A13AE6BCAA88823D2F8E553E217A0DBE71
:109BD000C464273D211882BDCA38213E04B1A1BE0C
:109BE00031A0C03DF80B71BD6B212BBED941C03DEA
:109BF0009D0D8E3E3054523BC4BAB9BC273193BC44
:109C0000E78FD4BE5AF35C3D1A6C54BDFD80E73D2E
:109C1000664B4BBC27589F3D52AC813ED1468A3D96
:109C2000E45116BED9DF0DBE79F416BE046C01BD39
:109C3000755E3DBD63D4ACBD3EF2053E59864E3ED9
:109C4000D273233A83AB81BD51D5A2BA4B8020BBDE
:109C5000C142103CF4886D3E328CC73EF4617E3DBB
:109C60004FCEBABDBDD96BBE9368153E5933153E74
:109C7000500B403E055EE73DFB31553EBF106BBECD
:109C8000186023BD7BEE8D3DC9CC233E805F983D9F
:109C90005BA2233DD29661BE3F46A53DE07B373EA9
:109CA0005AF84B3E6D534B3DFFEACC3D0884733D63
:109CB000EF017B3D02429F3DD640DCBD2A40F2BD14
:109CC000EBAE2A3DC884753DA8F1B8BB5839D8BC65
:109CD000C91588BD292F203E7B95953DE8B5D0BBA1
:109CE000EC3568BDBE4E54BD7F0CEC3DAD4FD4BDD0
:109CF000CCA6F23DEFB6363EAAE1803DACC0BD3EFB
:109D000076EAB9BE93C3893E498EBA3E5067A4BC79
:109D10005F81663D7DCD973C7B9E1C3DC45FDF3DF2
:109D2000B1FDD13C60691BBC20AADD3C384ECB3C68
:109D3000934B433E641A473D9990043E6C95B43D65
:109D4000B2E03F3E470E563EE7E5243D9A5114BE31
:109D5000074D403D3ED9EC3E2CE0EB3D932238BD13
:109D6000DDAE993E235CA53D6872863E48014DBE3E
:109D7000CF88B9BD4FD68E3D9520E33D7B54AD3D98
:109D8000E6E22CBE1FFED53EE8BDAA3C1A3D583E79
:109D9000545C9EBD74F2753EAF315ABEB5DC813D58
:109DA000204FC8BC21E70D3EE7005A3EC76834BECD
:109DB0007F5EA6BD3CBF253E3AC897BAD9CA6A3D68
:109DC000F64451BE3170C83D81AB583E57FCF5BDDD
:109DD0006414763D12A42F3CD99A69BE9605573E6D
:109DE0009170F4BD265AE1BDE235263E21E4303DB6
:109DF0007E9F953DBDAA183E74BB4F3EEF9EAFBE01
:109E0000CB53AFBC5ED8803DF88AEE3EE7202E3EB5
:109E1000D8D39ABD99AD673E8CD3593EE29058BDD8
:109E200095539A3E7A3BB4BD7E557DBDBA51BE3C3A
:109E3000D422E3BDB082E3BD6DD1023E45172D3D76
:109E40009BA2383E325C4ABE8C03ACBD094C813EBD
:109E50007F956D3E4665BA3C3D7F1A3EDB1D4C3D0D
:109E60001289013CE68422BEF5229DBD4C6B993ED1
:109E7000A6583C3E8963B13C3281BEBDAF2B91BD3B
:109E80004D80463E671E253DF1FFB4BD3065B9BD2E
:109E90002CF42BBE46F0943ED13E8D3ED718CABD61
:109EA000F6EEEF3C577A5BBDCF61DEBB5DC81EBEF0
:109EB000E11402BDDF470F3EE9C05FBC103482BE33
:109EC000A65E513EE9CEA1BBD8034FBE761CF4BDC1
:109ED000201206BD48A88EBD457C183E3D4B543E21
:109EE000CC1E0C3FF64B30BD3689133DE7DF243ED8
:109EF000D44309BCDF31A33DF5D0A13DD82486BDB4
:109F00004514573EF581CB3D3F7A9DBE6519033E12
:109F1000BC0F95BDB28DF4BD2F5661BD666021BEEC
:109F20005D43DA3D603CBABD247CD7BC9E81563C83
:109F3000EEB05A3ED2A580BD40ADD03EBA4D26BE51
:109F400053E157BD6CB27F3E93FC5EBE5A7612BEA3
:109F500076B1CC3D1F8C6FBC1634C3BE5B33133E51
:109F600002042EBDEC0696BE600CE33E8FA60D3EAD
:109F700043588D3E485A2E3F79A5A53D101F1BBE64
:109F800059E9B93CFD46B03D6664B33E60F5393EE3
:109F9000BB25A33D2B1DDF3D49C336BEB5BD89BDE5
:109FA000D41DB1BD6E853D3D448851BCE7EC903D6C
:109FB0007D4CB83DF3F6AABC0BD9153E5FE76D3D6D
:109FC000D76B513D4DB226BE03F55EBE33E8C63DAC
:109FD000E61A4EBD01CE35BC370F1B3E3F54C53E81
:109FE0009AF9453E9D39483DE8266EBD520C25BE86
:109FF0009290D7BD218EEDBD61418D3C254BAB3E8E
:10A00000D51B04BFCA6A153E6E3D28BDC66E81BD14
:10A01000394C03BEC2B947BDE4CC403C77E6ACBD89
:10A020008731C0BDAD1800BEC115A43D37B6D53AC5
:10A030007371EF3D7B97503D8A63CA3E346586BCA1
:10A04000EA37EA3C2639693ED07EFB3D375155BDA3
:10A0500032AFD93D66F53F3E8B72D73D835AFABC8D
:10A060006ECAD23E998DC63D8DB5C8BC3C212A3EF4
:10A070003B6C5ABE4E41B8BDEEED873E5C69013E79
:10A08000B827C9BDF1F79E3EAC775B3E607BAEBCA6
:10A09000FFAA333EFACDE13C3287443E4C01253ED7
:10A0A0005964E83D27ECA73D63B4B43E6D367C3D72
:10A0B000AF439DBCB9A8843E8BE1043E18435C3E8F
:10A0C000BDBAA3BD6726773D03C5043F511DB53D0D
:10A0D000BA0B88BB5F7939BEEE553ABE88F397BD9F
:10A0E000724C0CBD0550EB3CD705023ED1B2E13DB0
:10A0F0003097493E28509B3D26852A3E89586A3E26
:10A10000124161BE6007303D2E29B2BE43A91A3EFE
:10A110009D71263E4D58FFBD8068B0BDDB6BA73DED
:10A120002E57D03D671214BE8C37733C952E8E3E51
:10A1300095782D3EE955BA3DD7002ABDB391F53D3E
:10A140006D143D3E4DE7F53EE1520F3EB55225BF41
:10A1500020661EBC48768E3EF69E483E5C84173EC6
:10A16000C692CE3E02DE5F3E69EC293E6F44253E3C
:10A17000F78DCCBC8EEDB5BDB90CB0BC1062983E6D
:10A18000CCE784BE78288B3E7D246CBD4650BEBC97
:10A19000E21FE43E717BCC3D4D932CBD2C15483E17
:10A1A000EBF0763E47C4BF3BCC46AD3DDEC4A93C98
:10A1B000B23BA33D771EA53DFB9A07BDF271533D0F
:10A1C000D2E528BD5EF618BEE936FA3EB9B19E3D2D
:10A1D00047770EBE26E40ABD3A02113DB9EB803E38
:10A1E0006F99B63BC5BD1F3E450479BC5F47D53D61
:10A1F000EFB0783D176604BEE58CE63D5B10863D0A
:10A20000F0A1813EB5F7563E71C102BD09F7B53EDA
:10A210004C5A1E3E22C1DC3DDB349ABD8C74093C95
:10A220004B35A83C6BE57A3D79EFC7BDE0F1FC3DCD
:10A23000EEADCD3E02A8893DCD6D7A3E0EE2C93B22
:10A24000E5D3D43D069CB1BD25756E3BEFC1303ED4
:10A25000F1E5BB3CE766F93DB712D63D8EA736BDAA
:10A260004523553DD9F5A03D40870BBE11C8923D11
:10A2700067B5903E0B161B3E7D06843E6F85713E92
:10A28000A3154FBDF12C89BEC9E8993D1394013E39
:10A290004A1FC9BD58EE003E17C017BE9B01AB3C1C
:10A2A000454376BD54513F3E57A9153ED46E863E78
:10A2B00056A4683E4142133E25A122BD4B2297BEC3
:10A2C0008B795CBED5CAB03E5F3473BC624FE1BDD2
:10A2D0005D51A7BDCB956F3D6D4D36BE253F123EFE
:10A2E0002CF3813D5C49A0BD892313BE27304FBCB0
:10A2F000A3980A3F8444013DEC1BDB3D5A29803E74
:10A30000751EC2BD23F0C63C2148223EF01E983D7A
:10A31000A4B83EBC99E7F0BD3174043E157F113EF0
:10A3200006B42BBDD7537A3DAC40073E3CC753BD66
:10A3300036BEFC3BABCBACBDAD144E3C68C8D3BD08
:10A3400000FE5A3D471CE6BDD2B7113EC33D64BD79
:10A350000278DABD181E083E0C240C3EBFCEE8BDC4
:10A36000E0738CBE79D450BED9CE453E623D2D3EC1
:10A3700030E1A23D3F7DDB3D0BDB4F3E3CA849BEBB
:10A38000F149363DD7FDF4BD6EED253D0241583D06
:10A39000BF6552BE3C8C7ABD11DC3C3D236BFEBDDB
:10A3A0000EE044BD809EC5BD81EA143D956EE03D42
:10A3B0007B56FCBCC819783D5A5B1F3DD2D4CEBD3C
:10A3C00028328DBEDCE978BCA73D0BBEA224C63C7A
:10A3D000E2070D3E8A4CDA3D85CC35BE82E4183D5D
:10A3E00001524EBEFA7B253E2AFF2C3EEDB8AABD97
:10A3F000BA85EEBD1AF2FCBE5ABD913DD84CB6BD31
:10A400000D43513DF379953C93EC823C6ABD19BDF7
:10A410009FE49BBCB3D4C7BDB5BB033E99306CBDB4
:10A42000447FF6BB3B56133EEF82173CC81EACBDC3
:10A430003324B23CC91E6F3D6C1F0E3EE345143EF3
:10A44000ED10283EA20998BDD2180D3E09ADDA3CA8
:10A4500047890E3EB3BBEDBEAC2DC6BD579B6338DE
:10A4600072EC8ABD42C46CBD7477CCBEC53A313D36
:10A4700051E91CBE565C3B3DF6AE9E3D8E3F1BBE79
:10A48000A6E6C43D377443BE95A3ABBE50DDC5BD43
:10A4900070EDA9BDF60096BCD8C5783E4F6D273E3D
:10A4A0009D48A13DA88C00BE09988ABEEE583FBECB
:10A4B0007DD2043D84125A3E274C713D3F2CB5BCE1
:10A4C000CD48F13C9164A03C278893BE489C223E35
:10A4D000B3BCBCBD0833333C8E39FB3D9D8D7DBE86
:10A4E000B92F9D3C5872DC3D1157863CAF002ABD08
:10A4F000418D7E3E6367E2BBCAE586BDA116093E7B
:10A50000AF0EA8BD435A143DFA1C183ECA6EF73D63
:10A51000AB95123EFFD8793E121387B9A0876BBD69
:10A52000357108BDC210F13DEDEFA0BC471D683E7E
:10A5300021D84F3E9C45CB3D75818B3BCEDFF53D11
:10A540004077933E3E90EDBD05FD783CFA4ECC3E03
:10A55000869EC6BD0A2293BEBF3ECBBDA6A0603D6F
:10A56000CBD020BEB417F3BD98F4F3BD1DA55B3E60
:10A5700054A7173E55DF813E05E9453C644C323E09
:10A580008AF8B33C6D486ABE67A2AD3D5AEBA2BDE6
:10A59000DB821D3D02B1013E78A90F3E33A4FCBD14
:10A5A000E4B194BD091AEABCB86833BE1276B13E74
:10A5B000FBBE043E7FAB743EB00FD23D6F0E62BE59
:10A5C000B9F4A9BD1261153EA94396BEC9B28BBBB1
:10A5D000737411BE14E096BD29103CBD6FA6133EE6
:10A5E0007EFB85BCCE74C43D7914E2BCEDE50EBEA5
:10A5F000CF40403D1ED1C7BD94C041BD1032833E07
:10A60000AD65EA3D7C9736BEDEB1423EC0B2923CBB
:10A61000F225013EDCEB19BD65468FBDAC04AEBD35
:10A62000A7C0A4BC6428ABBD3FE9F5BD54A28D3DD5
:10A63000BB081C3EE12B6D3D099AB3BDFEB09DBC2D
:10A64000A587A2BD1AEAE8BDB69E4FBE0CD1333D28
:10A65000F388EA3DAE697BBE00D939BD450CD03DDB
:10A66000AF0E8E3C15B7373EDFACDEBD4745483EEA
:10A67000A0FE703D77DE62BDB782843EFF6B17BEE1
:10A680001046C33E0A6038BE403E6BBD6C8D77BE3F
:10A69000725E453EB2E6C7BD4F4BB73ED422C9BC41
:10A6A0006B3AD8BC057B07BDD96118BE4F8F363CCD
:10A6B000DAB9033DDD2B1B3D5B08143BA37CE63D73
:10A6C000AB1B8F3D3E8C703E9D878C3DCFED55BDC5
:10A6D000A7E1DB3D302D7CBE15F9AB3D778F00BE89
:10A6E0000A24943D2D2BCBBDD12E23BE0E0E28BEA9
:10A6F0004C43B43CB04DFE3D6FF8A43D4A2990BD9B
:10A7000099411B3E2908863C4830DFBD663219BEA0
:10A7100004D7F5BDDE91CE3E4906AA3D2792E1BCA5
:10A72000754096BD4F610EBD594B18BE494BA63DB5
:10A730008B71D7BD4A259D3D9A9E363E7841FB3CA4
:10A74000F4324DBE5F40903C2C2ECD3DE207293EB9
:10A750001A9C63BE887D793D2F11813EF4386ABD15
:10A76000CEE3913E4B3F8CBD8E13B73DE60D063ECA
:10A77000F0DE643D4789303DFC5DB7BDD4DE1ABCD8
:10A7800009267DBD83B9CDBD275CA53DA178463C9A
:10A7900057D05BBED6772BBEEAFE1EBB83D3953D5A
:10A7A000E5EB62BCB8D0363E68348E3DDE015DBE5E
:10A7B000BBAF8DBC2A6C11BEC9BD95BD7CF5603C9C
:10A7C0000729A8BEDA1FB5BD03D6863E23AA443AA0
:10A7D000A6A9E0BD9F87A7BDD63249BD0F55893DCB
:10A7E000906186BE7362F23DB3159D3D68F4CE3E26
:10A7F00030B873BD47B949BE73DF00BEEFF1CABCC4
:10A80000DBBF003E86AF4D3DF60B673EC07E06BE09
:10A8100041AC0BBEDA9EF4BC6AA6DEBDC7A435BE51
:10A820003CB8D4BDF60051BDCD241EBE9CA5C93C8C
:10A830000D18E73D1CE9D53A42CA0C3D1826843D67
:10A84000CC4036BEE647DBBD568023BE48F949BD45
:10A85000EE25E0BDDEE8C0BECE3844BEC89913BDCB
:10A860003F734ABED81D21BD9EEB38BCFDDA6AB8E5
:10A870002B89DB3CD878C93DE510203E19D604BDB4
:10A880002BA4AABD7ADFD5BD05E2E3BDC1D1ADBD24
:10A89000DC385CBE10F617BE7593E7BC20FEDABD4F
:10A8A000448DFE3C8C2411BE4C16C1BE5012103E8D
:10A8B0002248C23C63BB9A3DEEC4143E05530C3E95
:10A8C0007024B73D2D5214BC8E60ACBE906CC7BDD9
:10A8D000F054533C4007B23B48055EBD0471013D56
:10A8E0000FD550BECD7F81BD11D05CBC1FAEA1BEC7
:10A8F0009E45A43D24E4E0BDB9F8E73BB80A47BE55
:10A9000071CF67BDD64CC7BC7AAE07BEFA0A933D7D
:10A9100057F1973D65E88ABDF7E2C53BA503C13D08
:10A92000F1E743BE1047F6BC2CF8823D5879893DCB
:10A93000626D9A3DD6B2903C6CEC2C3E8C97D9BDA2
:10A94000D012D53CF81E493EC24AF7BDDE05A9BE6D
:10A95000FE7106BF79BABE3D434C35BBECA5CBBBFF
:10A96000F209073E81604E3C83FAEDBD28B5063EF4
:10A97000071EAF3CF0D1B2BDEE5B6FBD412C89BC70
:10A98000F93C5DBD0C391C3E0CB5DE3DD1D5C83D52
:10A990005ADC83BECC455DBEDE3C5E3D0A98973BEB
:10A9A000346B7E3E820F903D32EBEA3DB31CD23DCC
:10A9B0007FE7FE3D0AE16EBCC46F8BBC7903AABE83
:10A9C00087A5FCBE433872BE0B99B7BCB1DBAA3C6D
:10A9D000AE4B82BDEC0C853D2715A8BE5B34D53D42
:10A9E000790DA8BE7AE3023D5214043E021743BE1D
:10A9F000928EF73CBE439DBE7D2E56BD86D2D8BDFD
:10AA0000985A183EE355F13DCEE5F4B990E137BDD3
:10AA10008826943D9A4DB0BDD12B09BEFC31D1BDE5
:10AA20005FE9203E0EDB0CBD9BC72ABE910DA63D03
:10AA3000E48D0D3E825514BB1D01C1BC2207DD3DD6
:10AA4000B8E0243DB7F87CBCFEA219BE008BD93D0E
:10AA5000C2EC0A3ED2A8C83D1323DA3D7A700D3EFF
:10AA6000CD92E4BC96E6393D460E9A3D8AEF13BE80
:10AA7000D278AB3DD56DAC3DB14BC4BC16E2203EA7
:10AA80004E2BCDBCECB595BD5B562B3D8EADCCBDF4
:10AA9000EE24033D1564E53DE7A82BBE1B72E4BD23
:10AAA000F9E527BEAE3369BDC84F083D9C587D3ED1
:10AAB000EB4B12BD7378DDBD492B1B3DB706D7BDEF
:10AAC000BC6D413DFAA2103E6BFC893BB1A370BE48
:10AAD00060A8C93DC7DCD1BDA84BB23C2164FE3B98
:10AAE0006A93CEBD16EB52BE4B53BDBD2464063CEB
:10AAF00007C787BC8529D63DBC4742BE453340BD0C
:10AB0000B9BD2A3EF431AFBD4E6422BE6FA352BE22
:10AB100014BAD5BDDD91C2BB18A304BD213B003CD6
:10AB200069F617BDA4D003BEC8056A3DADDD17BDEB
:10AB300056F3CA3DD481D1BC73E584BE3B22133C9D
:10AB400055D08FBD603CDEBD15E6453D1F16B43DBA
:10AB5000F70763BD511920BEB4D7ADBCF84586BD1B
:10AB600038CF473E2E1994BD100994BE3A05123DC8
:10AB7000054742BEFC6A74BE70E217BD15B518BD2C
:10AB80006815B83D506095BD18AA9FBECA2E7D3D80
:10AB9000A5E8C1BD69F61A3D22B82E3E3E5C173EBF
:10ABA000B3D03ABEEC8728BE81A69FBD85C521BE25
:10ABB0002DDFCBBD6E6B3DBD68D206BDB61EB0BDF0
:10ABC000F8FEF5BC5A4F603DCBAFDDBD95E5BC3D11
:10ABD0005739763CE46F673BA92BB6BB4712D7BD0C
:10ABE0003456AD3CC4F9463DA6BDD63D0197ACBA3E
:10ABF000BC63E83D22842D3E8C8300BA287FCEBD05
:10AC0000159417BEA4EC0CBDB0C21B3ED62BF3BDF1
:10AC1000E33019BED7531ABEE58DF13D84DEDEBDAB
:10AC200082545B3EEA4E8C3B0BEBA03D4F673EBE31
:10AC30009C9303BB6918973D18A44BBEF5AED93D54
:10AC40009C9CE73D32C8BF3DC7E39DBD3D2C823E85
:10AC50008E38D83D0E3F9C3DF0203EBEC540BDBD68
:10AC600008E713BD44CC9F3C015AB2BD33E3C73D56
:10AC70002EEF64BCAE41E73D3DDB2C3CC152973D1D
:10AC8000B6F8943A5551DDBDBB22D4BD8E942CBE8E
:10AC9000BE34333E921A243EB1A95A3ECEB52ABDE7
:10ACA000E71AB0BC4DB79B3CA2F2CB3D303E7C3D99
:10ACB0003537D63D544DEEBCAE55B8BD49AA833E9E
:10ACC00057BA543E5740603AE6C3873D9CEA9E3CE3
:10ACD0000D679BBD257012BD9A3229BBD2BB0C3DBE
:10ACE000131A0C3E47EA1FBD2C6002BECD7F043E06
:10ACF0005D4A12BE794F973E5A3006BED37E8DBC58
:10AD0000042CEDBDD6FC403D856426BDD0C50A3D72
:10AD1000F7C3DA3DAD8248BDD99580BEE1C17CBEA6
:10AD2000E1538A3DAD700CBE753B2FBE510384BD0F
:10AD300039AD05BE92B304BE4352943D9698283D6A
:10AD40009B4BE0BDAE9CF4BC7C82D0BE25ACA73D45
:10AD50004FAE4A3EF60DC5BBEB599BBBA8370C3D29
:10AD60000A62963D73E1EFBD099359BCC15F1B3C7C
:10AD70009EC7473C5BAF923D1485E0BC1AD1633D52
:10AD800034BDD1BD8C965EBCB311843D0FD5823DE0
:10AD90006B8CB03DDFC63CBD5715DC3DA616A4BC90
:10ADA0002EFEE93DEC0F893DA365C93AB6F07EBDA4
:10ADB000DC15B83D5E519CBE6419F8BD1B4DDBB976
:10ADC000719EB23D33BFB6BD9D99993DD93A4CBCF9
:10ADD0009A7A563D16963BBE221A3E3E608012BCC1
:10ADE000240526BCE1638BBE60B995BE79CE3A3EA0
:10ADF00038A08C3D35C03A3E0B016BBE6FBE823D24
:10AE0000ABB51EBEFFDC193E804E07BFC282CD3CF3
:10AE100067360D3E2CE387BB96B5B1BD22D6FCBC90
:10AE20002F53683DD7709CBD4ACCA7BC01EF543E60
:10AE3000F0D34F3E9DF2833CB28BF6BD0010D43D63
:10AE4000206203BEF4E0EE3D95356DBDE015AEBE6B
:10AE5000A299A1BE2AEBAC3DEBB91D3E1837ABBDA4
:10AE60006FB5AC3E8747DB3EE3B699BDB2F52FBE6A
:10AE70001DF5B23CC118DE3DC04B29BD2910693E0D
:10AE80005F6DA4BEB14E0D3DD77A27BE133CF13C99
:10AE9000D5BD76BE865E173D379229BE3207C8BD46
:10AEA0007668F4BDA4386ABD3CF204BEA648E63D0F
:10AEB00004DF383EE88A80BD8E37973C085901BED2
:10AEC000BEADB0BEF3A411BD33FA603E4138943D2F
:10AED00016E7E9BDC4AD5DBD10C3A73D656ED43DA9
:10AEE000BF1306BEA0DED13C07CF4E3DC9C593BD02
:10AEF000443D4C3BB1A27DBEEA6510BDA292B8BCF8
:10AF0000F7E9D1BD5373B1BB6E83393E03B891BD30
:10AF1000D4351D3D0FAFF73DFCB2BC3D3749E0BC19
:10AF2000435D9EBDBDC0203D1809873D46941EBEB1
:10AF300053CCA7BD4D58AEBD4C246DBD3E700ABD6F
:10AF4000CF05EC3D38C3FABD3FF3B93D0A9C283E1E
:10AF5000F74F71BD13DB36BEF752CFBDB377073C59
:10AF6000EF53B0BDCBDC07BE8D5823BDA85CFC3CC5
:10AF7000A132C7BD814BEFBC15CAB23CDFBFE4BCF8
:10AF8000E6BA7A3E6F0508BEC2EC29BCAD8603BDA9
:10AF90002A8553BE743BFDBD8D1F3B3EBA40D93D53
:10AFA00036871C3D1E21C6BD620C55BE0DD40CBE9D
:10AFB000BB2A88BDF2D0313E80E403BEAA83BD3DEA
:10AFC000CC6649BDD1255CBD07030FBE03A0383B4D
:10AFD000338DA83DDD577D3B7D1FA73D01FBF2BBB7
:10AFE000655386BDB7462E3E62BA1C3EE4938CBEC6
:10AFF0000CBFA5BDDF3522BD10C79E3BE77DC4BD9C
:10B000000172DDBC596CF0BDE9D2073DD29BA9BDF0
:10B01000DF6078BDC0C8933D063F243EB2B5C83D51
:10B020007B4246BED54B003E99CD0B3E3C9EF7BDC4
:10B03000DA1761BEE1869BBDE24412BD4EE036BD2B
:10B04000EBAB103D7C7E81BDEDCD4B3DCFA2093EEB
:10B0500031EBBEBD90B7DABD89975BBE1462E23DAD
:10B06000252716BD1B3480BE51DF1FBDACE1323E2B
:10B070007856D4BD324A0ABD61D13DBCA79DE7BD1B
:10B080008C3CABBD2594FFBCCAD6143DD9E6123E1C
:10B0900089D2913D3FA528BE3A096E3EE0D3EEBC71
:10B0A0003849433E4036BBBCDBC017BD4F4DC0BD29
:10B0B00034FB31BEACE07C3E4990C1BC8124EF3D05
:10B0C0004D47173CF6A7603DA8CAE9BD0530CF3D06
:10B0D000B28137BD49984EBC0893573D954D0BBE84
:10B0E000A83EBFBDB8DDD83DCA0E1E3E5C5512BE9F
:10B0F000263E4A3E06E4CEBDB27E143E0E6CCFBD67
:10B10000D922B9BCC7505E3E89999EBEF608FA3D69
:10B11000C1FA8D3DF9A48C3CD0F5F3BC135C9EBB09
:10B1200081AF2B3EEC2093BDE4DE263D048979BD42
:10B13000FD7711BC69573EBD93187A3E4265603E6B
:10B14000D71FC8BDD9F895BCB562183EAA4630BE17
:10B15000FAB299BDED7AA13EDDD6B43E44ADC53D0F
:10B1600079167F3EF7F83F3E6A92753E898EFFBCA6
:10B170009B2BAD3E996F9D3ECAE2C83D19A580BD8F
:10B180008931913C888445BE5EBF913E464E623D0A
:10B19000D79A103DF7ECE63DF1914FBEA6F9A73DD9
:10B1A000850B59BE53EFAC3E0D42713ED94202BEF3
:10B1B00055923EBDA670BCBDAB33933CD6DF4BBEB3
:10B1C000E3F855BEC258143DA37EAB3ECE71A93CF8
:10B1D0007EA460BD18DD1E3E281D663D4F35E13E54
:10B1E000BE3542BD6CFF1D3E9F10923DD8C9353E15
:10B1F0005A20053D862387BD1D7CCFBDBC3171BD66
:10B20000302AB03E8597693C9B24D63D92255D3D12
:10B210009ECC87BDEB5171BDE6408ABE9F096ABED8
:10B220001067943C9A0AFDBD97B6D2BCA960F43C65
:10B23000A7286FBC2DFE04BD554E773D3D52E0BDA5
:10B24000DC7013BEEF07D8BDE9E9A4BE24DC063BE1
:10B2500010E88D3EB32D1C3EB710D53EADFA1BBE97
:10B260001C5574BE33E7E0BD5B28873DEDA4AF3AC3
:10B2700031F18A3CC27A4E3DBAA762BCFF5D14BD73
:10B28000C37DAF3E0C70CBBDB29F573D30CE383E34
:10B29000D2CA46BC2ADBB33DBE6FB23ED249633D43
:10B2A00016D3D83D6C7E613C0F46073DEB0B85BD48
:10B2B0006536DFBDD62600BE808DA7BCE7C2913EB5
:10B2C0009124CE3D5FC9D83B9FCDD0BDB928B73DB5
:10B2D0007BEB0DBE4B99F7BD7CFE603DE34A953D8F
:10B2E0002ED4B4BD252688BD408C32BD93DA1C3DDA
:10B2F000D809E13DE39D8E3E22DFC3BDD36C2CBD5A
:10B30000019E1B3EDDBC1B3E5B4D323E65C1443E93
:10B31000170E673D114AE33C3197B6BCD94CCCBD02
:10B320008BAC3C3EE72B0D3EFA8D9F3D7F0F293DB8
:10B33000F65DAEBD62B83A3DD2908B3D4944803E49
:10B34000317A01BE4E835CBE4A96EEBD3F39163E51
:10B35000AAD333BEB6F21D3EA43F433ED3F088BD10
:10B360005793623C7C89983D1B7D493EF7C6D93D89
:10B37000763B813E45D02D3E9DE232BDD6EB3E3D33
:10B380007F94753E451E8DBDA5AE5D3E4D43503E3E
:10B390005217C6BDA18C42BC5D33EC3C6C39543DA8
:10B3A000F846433EBEFA16BD6C97343D34784D3EA8
:10B3B000A286233D2A86D4BCB69A51BD6E66F9BDDD
:10B3C000C18AEFBD5725083E52347DBD34AE94BDD1
:10B3D0002A9AA3BD34421EBDD373B7BD4479203E23
:10B3E000EB9B3A3EC8D5E13D6927B5BDA5E0BD3D23
:10B3F0002ACE563DEA8620BE101201BDFDC28ABD8E
:10B40000FE60373DDAFD96BD9885F53D293AFBBDD6
:10B410009DABA43C678CB03D83F4B2BD24F544BD24
:10B42000346623BEF3D6EC3D7EF4E13D17CA7EBD03
:10B43000C84086BD0E99F3BC2C62333C817A98BE1D
:10B4400046C1A13DDC69DB3D4E60003E87769A3CFB
:10B45000699CDF3DC320133D0FB26DBE5935A3BDBE
:10B46000BEEAE1BD1C3F86BC6DA69CBD95F6513E73
:10B47000EF81E9BDCF2C05BEB31101BE62671EBDD1
:10B480005C406A3E7546083EC68F64BDDFD8983D75
:10B4900068950E3E45E685BD4974233E7AE404BDB9
:10B4A0001BFCC43E0BDDC7BC0AD776BD4B3BE2BEDE
:10B4B000AB5E17BE8C3921BD574D703CE8DCDF3EDA
:10B4C000FFBD7D3EA6624BBE23115DBDDB8ADC3A2B
:10B4D0003D710D3E74F17C3DA079543DC454E0BDF6
:10B4E00001D051BD0199FA3CAB30DF3C1611A23DB1
:10B4F0005A4F20BE64A2E6BD96D4963D15E278BDB3
:10B5000027419ABCF2F1BBBC6D9D133E3AE190BC61
:10B51000AE7311BEA36A333D808D1C3EE73D333EC2
:10B52000621469BCB1D8A33D92FDB43DD8EFC5BC4F
:10B530009C13653D96A1BF3D59389DBDEE03193D55
:10B54000AF11933EE14089BDFA96493EECBBD4BAB7
:10B550008086A7BED29AB1BDA360B1BCDD3002BE69
:10B560000E6B99BD97AB9FBDB4C76B3DEDAE2B3D48
:10B5700075626FBDAC2596BCE214043DD3E7E73C91
:10B5800021DD32BE5C0893BD764B7BBC1704433E85
:10B59000DEE4BBBDCCA1133E860E6E3D04CA43BDA6
:10B5A0008BF429BDB274703B15CDDEBDE47057BD80
:10B5B0006FF30E3AD633AF3E6CA2F63C6D9189BE66
:10B5C000471127BE1F35B03D578A7BBDD459C73CB4
:10B5D000C2DD223D3458653E97790EBEC94FD7BCB7
:10B5E000810CADBD0684343E7112063E20DC0DBDDB
:10B5F00090B2DA3C3FF40ABE0CF31F3E24AF86BC87
:10B600003348A0BD95C606BEBB234FBE09BB60BE76
:10B610008553003E45C6363D18D0243E7AB4B23D2F
:10B620000E73F1BD24946F3D1B45313E93225ABEEB
:10B6300003A345BE6A07ECBD207F1D3DAA0824BEBA
:10B64000F922DD3D40549B3D26AC1A3E28AAA63D7A
:10B65000F114123DA1DDBBBD7F7378BD6CB8E5BCB4
:10B66000E70B863DDAB424BE1D5F9B3D8A3DAB3DB2
:10B670003EB462BD69F2E93D3C0D3EBDB6E4CC3C52
:10B6800013643E3D33F423BEF97A10BE7AD4D83D1C
:10B69000A6311ABE986D44BDF029CC3D9D508F3D1A
:10B6A000164FDF3D69B6073D6429A0BD160C45BEA7
:10B6B000AAB862BE79ACA53D6348533D84FEA23A68
:10B6C000BF0B193D25BD56BCE12A01BEAB50CF3D95
:10B6D000852C193C62BA433E56A6173DEC1884BE31
:10B6E000D5323FBDDFCD5E3D8D80433E31A57BBD74
:10B6F000BACF3DBBEE3601BD2CC9F83DEEDB46BDF1
:10B7000049ADE6BD5BEF27BE72B4EA3DFA0743BE22
:10B71000901F5FBCCDCCD03D4BD8DA3D1D193E3DCE
:10B7200073A213BE2FE002BC11DBE63DE7E306BBCC
:10B730002EFC18BE090CB7BDD4D66A3D71F93EBEC9
:10B74000A7E9893D33AA893DB6F6283E919B5ABDAB
:10B750004D0E913D3B027BBDD0C107BEB9D46A3DC1
:10B76000954B41BD8CB528BD824098BDE35C183E29
:10B77000007802BA423E5DBD4CB40F3D0D3097BD1E
:10B780000E610CBE30D946BDC20BD93C995D823DDD
:10B79000C94C333D3BE894BC2802803E06D34ABDE9
:10B7A000D43A2A3E2641B93C33358EBD302581BE80
:10B7B000F96FD9BD3716253CD256DE3C9C0BB53B04
:10B7C0005AA730BD0CE695BD12570CBD2E66593EEA
:10B7D000BEA218BD183A393ECB50553CCE1718BE04
:10B7E00095C5933DA2B5903D9332CB3DE48D06BC0B
:10B7F0000DF1E2B8B65314BE6364A33D5CABAFBDBC
:10B80000BA81AD3D62B6BD3D193A9C3D8D1AEEBA86
:10B81000C2A4C2BD06BF86BCC96693BEBE5C28BEBC
:10B82000A7D7D3BC536253BD63A79BBE3C3BA0BD0F
:10B830001544B33D66CE06BECFDF863E6EEE2DBD0F
:10B84000D860B1BEAA7E7ABEE41261BE1400AF3CDD
:10B85000FD147D3D46005EBE421898BE57F5FCBC07
:10B86000FF4F493EC3FCA63D904B13BEADF6163DBF
:10B87000C36382BD2CD3F6BD30E2193ED099FB3CA8
:10B88000CF33093F09AB17BEEFADAABD1F0694BE6B
:10B89000CD0EFA3C71DBBA3BAEC105BDF256553D4B
:10B8A0002F448ABEA82C843C5FAE47BEAB8C5B3E67
:10B8B000DF77EABD41D690BDDC40723D3A8C313E27
:10B8C0002734303EC7C7143DDBE5D03D7E24153D0F
:10B8D000BA0AB93DB28E14BEB8600B3EC72130BC67
:10B8E0003C95693E08ACEEBC33AC73BE1C35A3BDC1
:10B8F000ED2F663E2B013E3E807DEA391BE3353E4F
:10B9000061F3B7BC4B9A5D3E55FD89BCB5F0BE3DB9
:10B910007054063EB5A39CBDEABCCDBD267E5B3D02
:10B920008D4C223E414AEDBD920DC5BD2089B13DF1
:10B93000930D013E15A19EBDEDE105BECEAEA9BDA4
:10B94000480611BE4150CEBD3B0890BD54848E3D8B
:10B9500001A97B3D136939BE1A7D96BD0B95713CDB
:10B96000FA8C103EC5E9B53D863B0EBEB0CE32BE68
:10B9700006E00F3EADCF8D3E047C48BECC5FB23AB0
:10B98000DC3D4A3E4F6DD1BDAE2280BDF1CDCCBD78
:10B9900067B2B33D0746F43D22FC63BEFFA6C0BCC0
:10B9A00071763ABE6F2AB5BDD752503E0684D43B5D
:10B9B000C344133EBA1FCBBB81038EBDA0B3763EFA
:10B9C0001426443E8B13863E693F1A3E0DD96E3DC8
:10B9D0003C93C13DEEDDF2BCB4E1923E7D881D3E5C
:10B9E0005FF0BB3E173197BC1A94133EEFF62ABEA8
:10B9F000D8E2D4BA4367763E9177AC3BCC36733D00
:10BA0000C5C3AE3DC46A313D65BE093C4D111BBE88
:10BA10002E147FBDD90DF0BDBBBD1BBD08BB79BCCD
:10BA2000D71E2A3E3900F33C024EAB3DB5F5FCBCB7
:10BA3000E4F01E3E8547193E934E4EBCE6105DBEB7
:10BA40009C2879BD39C53BBCC056D93D8548CF3D02
:10BA50007596A33E20761E3C25CC3B3ED07D83BD13
:10BA600089FCBE3C5DC0353EFEBF0BBE57AAABBED7
:10BA70004CC22CBE7977AE3DB5993CBE6A2EF53DE1
:10BA8000D05A973E8C20AABD0AEEA6BD692E14BEE0
:10BA9000A5B0313EFB922CBD9EC45EBD3FF6FFBCFF
:10BAA000BDC7B3BD38641BBE9EE6453DA2F20FBEC6
:10BAB000F29F0ABE3D799B3C09ABEBBD7C641B3E0B
:10BAC000E2CFB73EFDFA17BE6354BC3D1F576DBDB4
:10BAD000FE59A3BC5D8B7D3DF5A28A3E78D364BD43
:10BAE00061F2B93EFC0647BC9540663D6462603C2D
:10BAF000D2900A3E6634383E207184BC3E8F8CBCA6
:10BB0000BF33B6BDE1D8933DAE3C04BE754C163E86
:10BB1000616DB3BD19CE5DBD671E353D239E8C3D65
:10BB20007D1129BE3173E53D759DBDBD3F28313E78
:10BB30007FEC3E3E3B2C1BBE7D352C3E7C5AFF3DB0
:10BB40000757B4BDB8B05BBE5C392C3C6D25223EB6
:10BB50005C4E19BE57BE2CBE2C5D6DBDF680E93D16
:10BB60000381B73CDAB79E3D8321953D6577803DE3
:10BB7000E035393E79D70CBEE617983DD258BDBCAA
:10BB800073858B3C79452DBD08C186BC76C091BDBF
:10BB90002B0280BE58A9BCBC893C92BD27029CBD2B
:10BBA000D9AC45BD9F7908BD2066B83B017D763E86
:10BBB000104D863ECACE8E3E1774D83D841247BCC7
:10BBC000D4D588BE38BBC73E9C9137BD3A3ACC3CF1
:10BBD000477F0BBE5ADA7F3DC42C9CBE4BE07EBD36
:10BBE0007B5A28BE213AC4BD9E7625BDDDFD8ABEA6
:10BBF00083ABCC3E743195BE60798EBD4AA185BEC3
:10BC0000B5CB18BE02539B3DE94F85BD019A113B50
:10BC10002A9F523C2E244F3EE4D197BCEBC60D3EEA
:10BC200063DB0CB96496FABD386F33BE336CA23D4A
:10BC3000DD81223D9104A13D34003FBEC302A3BC7F
:10BC40003C9CC5BD092491B9CAA8803D6C064ABE7A
:10BC5000461C53BE014CD73B237BFE3D50DC8B3D45
:10BC6000AE2700BECFDFFF3DA32DFABCBE8568BE68
:10BC700036A50F3DC3253E3CB6D21ABDE885233E0E
:10BC800092A9453D80EE533DCCCFF5BC20C534BDD7
:10BC900048CD003EF8640B3E8BDBE6BDEBE2073E91
:10BCA00048DFF83D5DC4A9BDAA2DE1BDAAB4C6BD5B
:10BCB00087C5353E05AF64BE538EF4BDD367A6BBC2
:10BCC00043AF5D3C28ECA4BD87F13A3E29EA78BD3C
:10BCD0009A74483C72DE30BDF53D17BD701E423D82
:10BCE000052ABE3D92D2C83C4A092C3ECB0E503CA0
:10BCF0004F5BDEBD6EBE1FBEF796A63D6AEB14BE5F
:10BD00001C0DC0BB3F776CBD6E56BE3DA9A91EBEC3
:10BD100071E857BD14EA973BA5D4003E969E9F3C20
:10BD2000EF58D53C3257BBBD815B873E56C2213DA3
:10BD30004425A4BD5CC633BDAA9A103E526917BE05
:10BD4000E36BE93D0088263E1D9BD03C1045033E39
:10BD5000BB2E7C3EA693823EBF84B0BD072095BD1E
:10BD600050DBCABD83CD51BDB041963A148F39BD69
:10BD700076EC64BD97E1CCBD7BE7393DBB0869BD7E
:10BD80000A43793E5737F33DFC6E5B3EDB11283E9C
:10BD900097850B3CE92A963DD53FAE3D5F3E193E67
:10BDA0003EA15A3ECFC802BD9D921F3E5513CFBD46
:10BDB000D3FDE8BD0D6476BD2B11AABD197D083DEC
:10BDC000681EC43C8BFD6CBE575F763EFB65F93B3D
:10BDD00019110B3DBE4F5A3EC25D123E5CC2893BFB
:10BDE000C095173EF9BF1A3E42E6DD3C5D63BA3EA0
:10BDF000B482B4BD90C6233E8C2FBC3D6D74613EB1
:10BE000097FF1ABE99C8C5BD172D5CBE494E1CBC14
:10BE1000A144313CFAEE8C3B06265B3E873C183E43
:10BE2000934FF9BD7ECD0B3E0F3F783E315498BD08
:10BE3000296FE5BDFB3DF3BBD52F4E3D42C001BD93
:10BE4000A290383E801A0F3EFB35903D0A77FEBD2A
:10BE500052788C3DEA64073EAC76A7BE21D9A23D5C
:10BE6000D88AC63D97BAEEBDC04DBBBD2C221BBDC6
:10BE7000821CEEBC28B2323CFC5CFE3C15A9E8BC3E
:10BE80001FD727BD2748493D35EB0B3DEC96473E74
:10BE900051AD2DBD9C3133BE753F563DCC0485BDA3
:10BEA000F13C6A3EA0713E3D2C2F073EC97DE5BDA9
:10BEB000399F85BDDFA45DBD8FABFD3D052ABA3C32
:10BEC0008CE6DBBDF03B00BB849B2C3EDD145B3E6F
:10BED000DFE9BF3D6050283E75CDC1BD92D2C2BDE5
:10BEE000D555303E957CDE3D67AAF33D54AB633DAE
:10BEF000E882263DD94441BDB660E23D3438933DE9
:10BF0000990D9D3E2CEEF9BDDC79CB3C88AA16BE7E
:10BF10008FCAF13DDF090D3E3E33C53C6FEE543D07
:10BF2000FF6E453C68B9E13C5CCF1DBDD5DB863D6D
:10BF3000ADBE323E74A7CBBD492CFCBD4F302C3D6D
:10BF4000A4D6D4BD3B1965BC33A94DBD741C203E9D
:10BF50000BE1E5BB7AA6BDBD996840BEEC8853BD38
:10BF60009C8B36BD2BEB3FBD46538ABEFB0D573C29
:10BF7000BC750E3D37F01A3C80B7C03D6534E43BDC
:10BF80002124E3BC68C2E8BDF7CBC2BEAC1A313D88
:10BF9000350FBC3D7FA7B73D3E9E24BEEC53E2BDAE
:10BFA000E2CD40BDABBA7EBE8D095BBE6B4B023E9F
:10BFB0002B75693C6273E23D917A6BBD41B259BD0C
:10BFC000BFD69D3CA9B1B13DB566B4BE6385CA3D3F
:10BFD000CA8B9FBD286CC7BD708B9FBD8CBD31BE09
:10BFE000B874A03A2CCB7EBDE7AF7ABDF9AA253E46
:10BFF000862035BEBAD5213D3F914B3D780E623C3F
:10C00000E6C81FBE9D4E2C3DD3D9E5BE70D74ABDB4
:10C010008E6C03BEAB7859BEB2A9E93B5B03553EBB
:10C020002134F83BD7B21ABEC14F5D3C026636BD23
:10C030009D5EC43D5CC3FD3D5C415F3E0583AB3905
:10C040000AB83D3D0CC7F93B3AC6213E4AF029BE2D
:10C05000EF7800BF8FF305BF7B10FDBD3C96C0BDE0
:10C060007DED07BD76FFEC3D20FF313BD240DEBDCC
:10C07000219228BDF7654C3DD667FDBD4FF57D3D4E
:10C08000A2A2BFBE36FC36BD7CB9ADBD2EC1F8BD87
:10C09000DD27DCBE1710613D2E8CCCBDC93BBC3DFD
:10C0A000B09476BE3B16533C638B8EBE70BA213E75
:10C0B0007310A83D88E9053D1724F1BC2E5BF3BE43
:10C0C0003308BCBE3AEECE3DCDF8BDBC8854363CFC
:10C0D00096550F3BED2F273EFFCADCBD80CE0ABD33
:10C0E000E12E95BE0A705C3CE235D03B1EE7DBBE1C
:10C0F000079A2C3E584FA5BE83B7483C3834FFBC46
:10C10000B1E701BEA090A9BD31F6C53EE55EFA3D9E
:10C1100096A75EBD947AC9BD927343BD15541F3E68
:10C120001EAFD73D7F5112BE9E2D8ABC39E9403EDD
:10C130002C276EBCD13014BEF05329BED8FD2BBDC8
:10C140004849813D51D1583EA8734BBD9DB0613CDB
:10C15000B447C33E2BD323B9668E3DBE32CDC2BD9C
:10C160006CCD2EBE93339D3DC324AB3C28DE26BD53
:10C17000EA220D3C1875143D6D8C17BEB4178DBDA9
:10C180005C98CF3DCBAE91BDF2F240BD437B443EC7
:10C190002B589A3ED3844DBCFCE42F3EC59CB53D44
:10C1A0007152F13D69CA09BE08DBD3BDD8304ABE21
:10C1B000D7E9AB3D0B6DC13C61BE003EFB31813D1B
:10C1C0009AA2103F1CD1393B7D26353EEB4EB4BDC3
:10C1D0006F4BC3BD2C1027BD3589C43DF8ADFABDEA
:10C1E000DBF3D33E88F369BC86C51A3D4ED8F5BD56
:10C1F0000DABBBBDA042D73EA7114A3D2E9776BEE0
:10C2000007C600BE756077BDF03953BD8C1A42BCBD
:10C21000085E763CA86ED8BD13B7643E8051D63C0C
:10C2200084FA18BEFE225F3D34A31ABDD76AF53CDE
:10C23000393E003EA4A99D3D6864F9BCCCB114BE52
:10C24000A32099BAF20E00BE4FE0543EFC44D9BD83
:10C2500048000FBEAF6580BEDCABBCBDB73715BDB7
:10C260003B906A3EA8208E3DE7994CBDEEA5D83D97
:10C270004B6101BE639719BED68C123DB4BF8E3D93
:10C28000BBC6E4BD153286BE132A22BDF45FADBD28
:10C29000D40228BE66A88ABE687B19BE265BE7BDAD
:10C2A000A4F2A6BDBB40CF3CF51A8ABE6CFBF8BD1C
:10C2B000CAD8FABD2C01CFBDFDD9BABD83031FBEBC
:10C2C000D26904BE5A329D3DE0ABADBC88CC9E3DE8
:10C2D000F2C9F33CCB24EA3D423838BE566584BDF2
:10C2E0003E072DBEF8FF06BDE60ED43D4F3DB7BD5F
:10C2F00021AAE63C0418A6BE027F96BB8F16DDBDC0
:10C300006A5C5BBE96659F3AC0DD15BFFD82083E44
:10C31000DD85C93D471A363EE991403E009AC33E4D
:10C320000B9A0BBE059BA93DC449213EF870DABCAF
:10C33000FE50853DD34CED3DA297C73E203049BD10
:10C34000568FCFBCFBC1043E1B1FB73EEE4F26BE2F
:10C35000D8229FBE23164CBE50FBA9BD263ED5BD9C
:10C3600095936A3C4465EF3D4536F33D7FFE1FBE25
:10C37000180778BD919C983D4E988EBCBBB41C3D6F
:10C380002AE07ABE7537843C3CE2CA3D2A41633ECE
:10C39000F86787BEB8908ABDFB5400BF59D78F3D60
:10C3A0003A1156BE0198DE3DFAC769BD03FBD93D7F
:10C3B0006D99CC3DB3C270BD0BE4D4BD205D9DBE74
:10C3C00098ABECBE7420223E91F5E9BD03756D3E3D
:10C3D0001B41D43D6C49773E8B6A97BED1C8AA3CBD
:10C3E00045C289BED00EEF3DFB954A3E913539BD21
:10C3F000C047693D58A8CBBE7741313E002F21BED2
:10C4000091520D3E6449B03D9E20F4BDFB65CE3D8A
:10C4100022FB693D3465473D4E76913DFBF1E4BD1D
:10C420007EEF0B3EC48710BEC2BD053BFBFCE23D68
:10C43000E8F9C8BD3956AABBC3380E3EBC9D3E3E86
:10C4400072622DBE253DFBBC8CC4F6BD9FF3D6BDEC
:10C45000544FC83D1F8E823EAAD97E3E2D85E7BD32
:10C46000601EC83D7F8CBD3DD7DFFE3D1C4C4FBDDF
:10C4700051CC293E1D7C9D3D1CF6DEBD05D28B3C7A
:10C480007E2465BEB964283C89C1273E886BBF3CC9
:10C4900012510B3D6739463EF83904BD2B9C233EB3
:10C4A0007AA8723D4D33F13DBB9A253CFC7352BED8
:10C4B000D199033D64F255BE782FED3D662A3EBE0C
:10C4C000E88C463C42D2B5BDFA01523D8489883C95
:10C4D00027C7E8BD3A4773B9BA59543CAB16A73DD4
:10C4E000E883143E7D8FBDBCEC78BEBDC5712A3E8D
:10C4F00066378CBD3392173EED26113DAD5AE0BD37
:10C50000E5E8183D84DC993DC506D4BDC689313CBB
:10C51000B7DB23BD9C79563BF23826BD80D3BCBD2A
:10C520006F4A7F3D324DE5BD7676DDBD29F0183E80
:10C5300095BB123EEAA1E8BD21BE9DBDB79FFB3B66
:10C5400038B77ABE94E4F83DBA8EF4BD59253D3C27
:10C55000BEA9A4BD3357313E60AE4B3EBF6F053E12
:10C560004285C83D7A7A233DF1A93B3E768FCFBD07
:10C57000E1A4C53C5E0926BB41FF03BD95D1063E43
:10C58000B98E5A3CE6C7813E5386253E35F2F7BB4D
:10C59000D198973D0B20043E8F20D4BD0CB19E3D19
:10C5A0009D77EB3D8434A83DE9DB4B3DC5E8F33D89
:10C5B0002401173D0AC08ABEBA1DF63D5E85F4BD52
:10C5C0009C290ABE0D75C4BAFD9F943EC6AE9C3D23
:10C5D000674B103E8E7063BE319312BD3DC9CF3D97
:10C5E000835BBA3C660D85BE6333C1BD6B6F073E8E
:10C5F0006629E8BCA51A963DD02644BD776C073E57
:10C60000EAC917BDC367223E5ACE83BD7554643D47
:10C610005D2134BDFFA91F3CC8B81DBD541F093D95
:10C62000BE7A02BEB5F99BBDDE339E3B90CD463E41
:10C630006AB9843EE68C97BD4377CC3D93D3833E65
:10C6400041A5963D7A59A63EF9F6013D8869ACBBF5
:10C65000CBB1C9BD2753183EA17C0ABD69FD0B3E75
:10C660007E73143FC035463E93F7CF3D119F523E37
:10C670009E1A203EFBB14E3EF35EFDBDA73A1B3C29
:10C680007AD8E23DFDF6A73EE4A0B23DC415373DA1
:10C690008B85F4BD4A1B9CBDE038903E91C30D3E96
:10C6A0002ABCD83DD7A5AB3DD626423E684F63BED7
:10C6B0001297FF3EA806003EA1B417BE855754BD91
:10C6C0004C3A26BECE7404BE192DEA3E3C795D3C40
:10C6D000A707F53DD582DDBD2AD868BE4362013D7E
:10C6E00030FB65BD838D493EEEECA33D3519FB3D26
:10C6F000C74210BEA2B66BBEBCAE52BD5EA8A5BC02
:10C700002CB35B3B536112BD3347F2BD15E2A03C35
:10C71000D91FB2BDD5A308BD7F80873E2ED72D3E41
:10C7200043000ABE43DB42BDA1D3AC3D388D2DBED4
:10C73000013FA0BD8DD763BD3C8BDB3DCDAA03BEC1
:10C740002621D53DC4E52D3C7430723E6ED422BE08
:10C7500057D247BC198AC1BDA2A930BEF3E3003E3F
:10C7600082153FBD4C0888BDC472103D6CEB1E3E67
:10C770001B7238BD772F083B75F3863AA4F920BEAB
:10C7800025117DBD47FE923BE07B0A3BDEBBC8BC6A
:10C7900036B165BDC0215BBEE425E5BCB44BDBBD55
:10C7A0005161AD3DE964BCBD486B57BD02B42EBEBE
:10C7B000D0EF863DFA9A943E7656423C20A419BEAC
:10C7C00047CB6EBDC5DA8C3C4F839D3D90CC353E4A
:10C7D000CE47C73C3481353E67F2363DE4C7A5BD40
:10C7E000FB511C3EFD602A3E812C8B3EBD79B6B7C5
:10C7F000D52D9ABD1DBE51BE38C1DE3D582F20BD7E
:10C80000529B243CA5740EBD771305BDEE2BA9BC2D
:10C810001E628ABDF962EF3CE4D586BD5D78AB3D12
:10C82000A3648ABDF6D3933DA915DD3DDCBAB3BD43
:10C830004EBA50BEB85F2D3EB588B2BE731120BE51
:10C8400096279E3DB410163EAA089B396380E33AB2
:10C850002092E23D99F2713C9B17983EB02B08BEA6
:10C860006AD5873D2E194D3D75D1B7BEAE8415BE34
:10C87000472A9EBD4C811DBE0F8B11BD185B043E27
:10C88000A5B794BE13C3AEBC7AEF80BC4659F53D44
:10C890000B76E03D55C77A3BC9070D3E2054223E3A
:10C8A0006ACDD23B0AD615BE836AEFBD6B472EBE5A
:10C8B0002AF5043C084DA33CE9EE1ABDAD7243BC19
:10C8C000D32F0F3EE6E445BD7EA9D83DE05AC3BD57
:10C8D0004204213CA94A2DBCA930D93DF1556CBE7A
:10C8E000A0166E3D470E0A3C08005CBDF9E0DC3D39
:10C8F000624382BE00CD663E75AFC0BD005CD73DD1
:10C900000AF9203D28907BBC3E23CCBEDECD44BE40
:10C910007CF2103D889D293E5A8807BD5FA808BD5E
:10C92000E53B4BBEE8923DBD44E95F3B2BC8DBBD18
:10C9300055254EBCE1BFC4BD699B1FBE7DAD16BE73
:10C9400029C3833D4D38DF3D48637FBC8C0853BE0F
:10C950002C053DBEF605203ECBB2883E2DE9EC3CD1
:10C96000CB523D3C936C14BEF1F6C8BD4D16F3BDE1
:10C9700067543CBDC3D2393CD2DE54BC5DE11DBC22
:10C98000C0C2D0BD339DA83DAF3FBA3D38EB6EBDB0
:10C9900001BF673DBB3085BEA01327BE9C47A83DA5
:10C9A0004433BE3CB2A9FDBD13B4A3BD63673EBD15
:10C9B000EAA3E53C427891BD1FE7273CDB4C6ABE09
:10C9C000E8372BBEF711A1BD053494BE75C195BDE6
:10C9D0002C8D1FBDB6AD8FBC45AF29BE6C6F35BE6B
:10C9E0007F146CBE1B5F8DBCA310D23D849EA13D05
:10C9F0001CEDEFBDE90084BE6E30F93DFD73323CA5
:10CA00001C50EC3CE85C333E1D27DD3C3581923DFB
:10CA10003144E63D431155BE38C669BD016BB5BD15
:10CA200023B10E3E7FA0763D74ADD33D21FA2A3E60
:10CA3000F904423EEF669F3DF335713DFF5DFB3DDE
:10CA40001EF2813D52FDBABC1842733D5BF8033EB5
:10CA5000F398233EA5BD35BE91C288BEA91B203DDB
:10CA6000EDF9A93D4A0DE2BCB86C823C5328B0BD3B
:10CA700051BB463E78AB83BDEC9394BDEB0C643E5A
:10CA8000E0AF003CC3D010BED7933ABD26153DBDE4
:10CA9000B971263DAAE6173E08A29FBE269D88BD15
:10CAA00090B6B2BDC8FA7FBC29E1013DA7CAA73D37
:10CAB0004EC2E33DC7E7C9BCF9F571BD8C1886BD10
:10CAC000C443503E70A4A73D754B673EB772BDBCD2
:10CAD000028DBA3C29F24ABD1FA6863CC03683BDF2
:10CAE000A715D43D9DD16F3D90DB113E338429BE07
:10CAF00000638E3DA5AE053E290B083E1F774A3DDB
:10CB0000AAD508BD3542AFBC4E7A623E29ED93BD31
:10CB1000248406BE7B72DC3D3941C33CC69D0DBDFD
:10CB2000BD00D63D1B2602BE2C8B083EE5F98DBD0F
:10CB30006EC65DBD688B69BD8404BA3D42CF193EA7
:10CB40001D009F3D9B1D87BDC867BABD233C073EA6
:10CB5000F6758C3DE4877B3C92C42FBE8C2D473C00
:10CB6000F250C5BD8821833D248DF23ECE2CD53DAB
:10CB70002312623E03B0EFBD55A124BD48319CBCD9
:10CB80002A630CBECD2770BD2E4DE73E735BF33D8F
:10CB90008AB25C3C34DBDB3AFE7A20BDB46BA8BDC4
:10CBA0007722A0BB3A21693E31DBB53E9BD9C13D1E
:10CBB000FC6F333EDA4E563D9C3000BED23BA6BDE4
:10CBC000383B0BBEBBB995BC10A3223DD4FBEBBDDB
:10CBD000F095A5BDEAAFE33CA1C202BEF6F3D53D98
:10CBE000096181BCA30B8ABDF57D80BD848B25BE08
:10CBF0007D4A323E05DF1FBC9C9A1EBDF6FC943D6B
:10CC00004237A2BDEAA5213D1BA2293ED859FDBD50
:10CC1000BF918C3DFFB466BEBF5FAD3DFAC7F5BDA9
:10CC20007A91383E4C06DDBD7D81EC3DCBC17ABDAD
:10CC30006F51EE3DCB5AB6BD091B333E13EB46BBDD
:10CC40004346E1BBC11B2ABE88B4E3BCA7E7D93E7B
:10CC500046016C3E5013C33D1D3229BE3176623C05
:10CC60001B5A30BEA8A3A4BD0922A7BDAAFC31BD92
:10CC7000EAA5313E4276DF3D94D5CF3D7A2A1BBDF1
:10CC800000E2DC3C4A0362BE1DF336BDC01DD03D50
:10CC9000293F6CBDF851783EB75B0F3E7C355BBDDC
:10CCA000148F66BE4EF4303EE2F2A13EC0A7D73DDF
:10CCB0004C1CD43CC2A3303EE195B4BD65FF863E1A
:10CCC0007A1B2F3E783C523CF7E3A23D330906BE67
:10CCD000E23DA73D06229CBDCC42683CDF70DB3DB7
:10CCE0000FFD6F3EEA424F3D3E6EF6BDC76B02BE82
:10CCF000CFF1233ED7D558BB5874FEBD434F053EF8
:10CD0000478816BCF6D3B63D355E10BE5017203EA0
:10CD10001597C4BDB65F0A3EB59A873C6D3ABEBD55
:10CD2000CE36113E76EBFBBC7389D0BDD679883DFB
:10CD30000766E83DEE80A73D2CB4D1BD7E352C3D85
:10CD40009BA45ABD938FE0BD910E91BD8E0D25BD64
:10CD500079830EBDC55FF3BCE1C89D3E1A3F0A3D15
:10CD6000B7628EBEB5D4C5BD0EA68F3D49F560BE77
:10CD7000C0BC643D2DA52C3E7311A3BDF8AF0C3D86
:10CD80004994FB3C94CE5BBCA50D563E58B97A3D08
:10CD90008141383EA61F213EC03897BEFBED413E83
:10CDA000C00526BCF26BF03CC4BC1B3EDC44083C16
:10CDB00083C9383D1C24C4BDA124503AFE45CF3D53
:10CDC0003562BB3C9FC2343D8363233D258511BE44
:10CDD00000D8003E50F9743D24E457BD02E0573DB1
:10CDE00020CB4D3DF93955BD408920BE929594BD6B
:10CDF0006404813C0188983DF28D023DE1D997BDE4
:10CE00009CA3C63C3CE4B13D03B55ABD64C839BEE1
:10CE1000089D8EBD6ADBD83D5BA1113E9B57AABD24
:10CE2000D682523C3E17A93D985B483BE4C2203D68
:10CE30002B30D13B116B0B3DEE4A97BCA841BDBDD9
:10CE4000CDC12E3E2D3FFE3CBB4057BD8FB618BE18
:10CE5000E1E1BFBDB928813D44FCAEBD366104BEF1
:10CE6000EAEF0CBEF3C5B6BDA51FDB3DEF76303D46
:10CE70001DD7173DB6DA873DA58E323D3754B33CFA
:10CE8000982C58BC31ECA13CB17A2CBDFC528DBC25
:10CE90005115A8BD96ABFBBABFC6FCBD003D083E10
:10CEA000B5F6A8BD7AF4873D1ECCB7BDA69F763DEA
:10CEB000FF7C323D235FA7BC56FA08BEC036113E48
:10CEC000B0FA183DC34549BE919FA83A2F208E3D28
:10CED00067D461BD2ABF953D004C21BEB814353ED4
:10CEE000F842E1BB4F9839BB602E10BB9E24F93D40
:10CEF000EC5187BE16B0E53CCD95D83D5A21B53DE5
:10CF0000F5A783BEA6571CBED54C593D05B518BE26
:10CF100057F763BDA684723C34211BBC1BA2CDBC59
:10CF20003D9C84BE8AA733BDB4CAD03C904460BE49
:10CF30001CCA1ABEF3560E3E4487F73B96B7D8BDBF
:10CF4000FF2DA4BCDF60733E898ACABC3CDF3CBBBA
:10CF50007F25453DF1EAADBB777E82BEFC2265BDF3
:10CF6000F5EDA63E55D67F3DB0891ABDEA4D493E46
:10CF7000E368A9BDDC07A5BEC1BC80BE2805123C84
:10CF8000B465A6BDE093993D0A58F43BBBD0B03BD5
:10CF90000117E8BCE21652BEAAFA0E3E9FEB003E15
:10CFA00058C36B3EB208B6BD11AB503EE6A8DCBA22
:10CFB0000E4F96BDC1EFA53DB765FFBC47744ABC97
:10CFC00037180D3D715C77BCABD08E3D3B9DD43A9C
:10CFD0005DD2883D0B1E953C5D6040BD129D7FBEBD
:10CFE0009DF61BBE398018BD4FA6B8BD40470CBE8C
:10CFF000B616503E886921BD484CA2BC323DB9BE30
:10D0000009F10D3E0CFE473E0108503E880A183ECD
:10D01000DAD2C7BD437BA53D91B521BE777F08BE5F
:10D02000DB4B193EDACD13BE1C05A4BD0921C43D5E
:10D0300099AC343ED082F1BC67CED2BD28B4C13D9C
:10D04000D3D2D1BD5FD7133E29A945BED6A2B7BC66
:10D05000EAA55ABC40BF573D1AA1003E0CC5ADBC65
:10D06000E309AFBC154DA63E43B9EB3D4A90533E94
:10D07000D850FB3D4D520BBD8A1F26BE63A5153E01
:10D08000D11085BD1D080C3E332CE3BCE8ABDEBCE3
:10D09000DEC66DBC4057DA3DF4E920BEB73C033E26
:10D0A000902A8E3D2F39C53D3AC3A8BDA4D78B3EEB
:10D0B000AC46693E56B058BEBB3E0BBE3D4CE03D53
:10D0C0000F1FB43CD1D6AABD14F8C83D979707BE30
:10D0D000CBB38D3DCDF493BE09A80A3E0631C23DC7
:10D0E0005192953DD1EE34BE8DF0B7BE06857B3DA5
:10D0F0003834153C9F3464BD531F33BED180633C2C
:10D10000ED891F3E3F5DDFBCD5C2BABD979C293D6E
:10D110007F4FD4BBC868B4BD4E0F19BD4C1B11BEA8
:10D120006296A13D4172D53D0AD61DBE3F4CE73DFA
:10D13000F40BD83AB8DAA63D267BACBB7E1C823D08
:10D140004B9A5ABE8A62D73C555E04BE8F64883DB6
:10D150001FBBB33DD8D8C83B9A4F3F3E7E5675BDE6
:10D160005636B8BD589CA43DEE51E93C1B4273BEF7
:10D17000CD7E213D5730AD3DC08399BD04B3933D75
:10D180002104EDBD0AE07BBD960E87BDB9FA3DBE18
:10D190003C291D3D0D36073ECE9C3FBE19D03C3E7E
:10D1A000A67710BE14A1C13B538D87BDF3483E3E08
:10D1B00009621DBC93B104BE586BDFBDA9D4E23D2A
:10D1C00087ED71BDE78D473D46F654BDC22542BE91
:10D1D000E5A0BDBD77EC86BE71F5A239511A37BD09
:10D1E000FFC66BBB89A952BE956413BEA834D03A62
:10D1F000631997BDEA2FB03D8E795BBE7B8B18BD5E
:10D20000BB191FBEB5AE93BD92254C3DE1B9FABC2A
:10D2100095DCCDBDAD30F73D1FE33C3E6DC489BB11
:10D22000C9162EBE1B6ADA3D7AC6243E531EC0BD07
:10D230002058DF3C65900CBEC751663D79F621BE93
:10D24000DB6B483E07817F3D6D17E43DCFEBB83D7A
:10D250009F165E3C164A153D8791B0BDE62EEFBD88
:10D26000BF45F3BA8B9B26BCB498833D2BA4A93D44
:10D270003FE101BEA827FCBBCB6303BD0F6C1CBE06
:10D28000F95D0BBD32C603BCB8961FBD09C7E83DAA
:10D29000A8A5B23DF78D61BE936C203EBC88323D9F
:10D2A000E5B9C13D12C98EBD779909BD801301BE94
:10D2B00024078EBDF07B603DD077F63CFBD90BBEDA
:10D2C0003DE53C3EB3FCB7BC86C84DBDC13D433EC9
:10D2D0009524C5BD2535583EB4F9C03D56CAA73C76
:10D2E0006867AC3EDCB5053E1F08083E58A5A63D64
:10D2F000E707633B2EC9C23DF309393E4A5DC93B8E
:10D30000B389DEBD0E1C143E10AE20BE3F1DAEBD67
:10D310002EECB3BD31117F3D10BA03BE1B4A313E26
:10D32000E849A83D20661BBDC5EFB53DCFC0693AB1
:10D330006C8CCA3D983645BB040866BE1450243D2B
:10D3400093FB26BECDCE0A3E084EA43D3C1367BEDD
:10D35000F29EB13DF78AE1BD5CC57B3D2D9DF73D59
:10D360003897013D7399FCBC9C58C9BD91FF10BB17
:10D370008136833D0A5CA0BDA4F874BEFB0B033E5E
:10D38000EC42E5BE4BAA50BD337A42BE7274D6BDA4
:10D39000448FB9BD8988A23D118A1DBE422AFA3D3B
:10D3A00066BE44BDC65511BE35937C3C7310903D9E
:10D3B000BBEDACBC647295BDE4A4C8BD61B027BD33
:10D3C00000B8103E6F219B3D99EBD03B8540B7BD27
:10D3D000A11EDA3C26E06DBC1B0C0BBD0BC0563DFC
:10D3E000DE62B8BD0959F03B5A8734BDE0735EBEBA
:10D3F000D3A8243E1687DABD08CF77BCA3E0ACBD26
:10D40000D36547BD92340D3D1099053ECAB171BD3B
:10D410009D1C1D3E342F4A3EB95B92BDFB5F3CBD57
:10D420004DCD33BE7094D93D4939C13CF075FDBD39
:10D43000AC5EF9BD55C6803D27FFCE3C90F4CABD19
:10D440000BE2723DC240703DB27880BD438DB5BDE8
:10D4500043EA33BEEDA76A3E8824113E2AF3523CCC
:10D46000514B0ABE04BA953D51E2F83D24DDBBBDE7
:10D4700033D7633D888F47BEC4C69BBDD6E51CBE6F
:10D48000C36CABBE6B0A373E99D7643DFA1E0EBA29
:10D4900093F9CA3DCDA41A3DD52764BD62D0103E94
:10D4A000A48001BD46A035BD08B3513E961686BD89
:10D4B000F0DFE8BDEBBE29BE0BC7A43D4B227ABD11
:10D4C0009E93A4BD376D28BE4A03A6BEBDBCAB3D2E
:10D4D000C4D6D7BD295BF03D6C5AE4BD909049BDE0
:10D4E000E2C940BD46FAF63D9654E43D4FCEE53CD8
:10D4F0006FABC4BD4DBF7DBED100B93D33A6E53D88
:10D50000AB36203D5BE9F2BDCC5770BE94DEE9BD81
:10D51000643E103E84D2883E420A0C3E914A1E3E32
:10D5200069E726BE0419B93C03E2383E654D3DBEAD
:10D53000CF950EBEE4DF923CFAA398BD5CC1D3BD8B
:10D540006F73A33B7B1847BD487E233E32172EBD29
:10D5500051C5773D381BB2BD75B644BED66FA4BC6D
:10D56000BE0B833E1194C43C24782CBCFCCE3FBE41
:10D5700005B4C9BD6BA519BED593843D03D403BCC6
:10D580001E49233EFDCAF7BDD84104BD545E3A3E54
:10D59000FF9976BE8A96F7BD3D4C273EFCD7C03D2D
:10D5A000DED542BDA1DF70BD6A09CC3C2D7B85BEB6
:10D5B00054A730BE8D0D993C7B812EBD3BF7AA3D13
:10D5C0006404373D9545953D1315B4BD1B030A3ED4
:10D5D000DDE9EBBC8EB84C3EE5ACC5BDA35182BDC8
:10D5E000FDED03BE9B7C503E2D93153E6B33D83D25
:10D5F000A47796BDF3649BBDA9A6FD3D80A61CBE85
:10D60000070D55BEE103CDBD1AE8CC3D8671EFBDD7
:10D610006B1937BD3884003E1DE0293E7EF5FF3C86
:10D62000212C16BEA8BEC5BC0CC3363E7AADB8BD13
:10D63000CB4A35BE44F31BBEF74BC83CFA85DBBD75
:10D640008D80C23DB2DF403E8356C43DCB22D13CEB
:10D65000F9E7B0BD00A7F53C78EF09BD9FD577BDD0
:10D660000654463E4F49CFBD812611BC7E4CEABCD4
:10D67000E22F62BCBC7E68BD2B20863D92C0EDBC13
:10D680009A83D53C854A843B2AF8F03C92CF1A3ED7
:10D69000FC7A91B91D6F41BE0F1D033C85BD52BB85
:10D6A000F9B30E3E682D053ECC5CC2BB9E477FBEE3
:10D6B0005D1A3FBDCF722B3D2BDCD2BC893130BD12
:10D6C00013119DBDF604FCBD8D68F53C7F103C3EFA
:10D6D000F7CF85BC9C6F843E3721FDBD11F277BD2D
:10D6E000548C02BE7A7C903DB0F3533EDF1ED53D94
:10D6F00080ADFB3C6FAE06BEBCE8D93D9AC2583D3A
:10D70000F13FE53D6E7FF3BD37D26BBE103899BD5A
:10D7100012C6DBBD5B3A2C3EA6CB803DE9986ABCC5
:10D720005ACCF2BDB8EC953DE003F4BCED7560BD9C
:10D73000FED9D03D7D72DABCB5C02EBEADB3373D4B
:10D74000A437A93D75A0813E69497D3DE50C41BEE8
:10D750009A2003BE465335BE5674323D07E6A43DBB
:10D760001257843C44E3CC3DA7615A3D7E5E4E3C5B
:10D77000C8131DBD1D35C93C47354CBDDBE8E43D34
:10D780001BCDA5BE061E273E3C25F1BDC2CF243EC3
:10D7900030DA06BE79189E3B3A36B6BD03EA0C3E37
:10D7A000E540833ED6FB12BE610334BE5560E9BD41
:10D7B00047AE88BD056E3F3B13A08A3D45BE22BEE5
:10D7C00081D5A13CA8D8623C08952CBD65ED15BD5E
:10D7D000C8E70C3EFDF8203CBB7884BD503C30BE11
:10D7E000CCC756BC10329F3D4A10A0BD86A74E3E06
:10D7F000418E64BEFE2203BE64DB503C2A3E863D61
:10D80000C24BEA3C810E9DBD5622153E5EC86D3C62
:10D81000FD4CBC3DEC034FBD55DBF4BD2CF4223D6B
:10D82000C60265BDD4BF94BDB39D9DBD4B592E3D71
:10D830000E669F3DC158073D4095B03D4833973C2B
:10D840003FB294BE67A6163DF4DCC0BD954B99BDB2
:10D850000917593D57A2813EDAC6D23D1881FABD5B
:10D86000C28E033D5D4BB53C472409BDD09F56BEDB
:10D8700068839CBD5E7FEA3B5839BCBDA597463D99
:10D88000B85F013EA3CE9B3D6DAA273E498A45BEA7
:10D8900080B3CC3D2DB3CD3DC93D40BE0846A2BDB1
:10D8A0000D9ECE3DD638C03CB55ED03D608C793DF6
:10D8B000A7D4003E6C2A0DBEF24D103EB3722D3D32
:10D8C000EEB9C03D0909973D7AE4083FCBDF17BCAC
:10D8D0002B41DA3D343604BE8B532A3DFD92C23DC6
:10D8E0009765D5BD94610BBEC29822BE98D1FA3D12
:10D8F000AABC91BDB5C49A3BBA20C7BDE64268BD7B
:10D90000582ACEBE2F4F073E18B36DBD5CB1873E7F
:10D910000C86223D076E04BEAC4261BD389FF33DCC
:10D920009827A8BDEC52043E675CE0BDA600DD3C34
:10D93000F3F403BE5303B8BD178AD43E7E87593E25
:10D94000DDD282BDC9A48ABDA6F1423B04ACAE3D86
:10D9500069576DBEEE72003E3406B23DD490743D00
:10D960006C08D0BC2A556F3E25ACF03EDAD752BDCC
:10D970003264083F33BB483EAAF0233DAF2438BD94
:10D98000C075C4BD30753BBE6963073FDFAE0FBED7
:10D99000261685BEFC8A713D064674BE233E753D43
:10D9A000BE98C5BD63AEB83EE1E0E83EC5BFA53D4B
:10D9B0007552803E37D3363E0A50C4BD3B0FB2BCD1
:10D9C000E24110BEA919B33D8A4B203EF3C85BBDAE
:10D9D00039982F3D21DFEDBB8ECA71BC046D963E98
:10D9E000B3E756BDA46BDB3B29F788BD65741DBE4C
:10D9F0009BB1643E66E3703D82CC81BD1A2094BC2D
:10DA000067264CBE942746BE0BAD7D3E713384BE67
:10DA1000B154003EC81A89BD4609D13D7E8DC63D30
:10DA200018A8ADBC94A504BE4B64FE3DBA3721BE18
:10DA3000C51C9EBDDF210CBCE0E8F2BC94AB31BE3E
:10DA4000615DD7BCBEA9AABDAB0A253EA0E83C3E9D
:10DA50003721FF3DB44DAF3DD5D9223E513C373D36
:10DA6000C4E7DDBDAADFA4BBE4A651BD26C11C3EB0
:10DA70001F1F34BE97BA66BE9AE43FBDBAB683BDD7
:10DA8000584C193EAD8FADBD6C8E1BBE2B60483C13
:10DA90001002BDBE2E50393BF22BEE3D1FAC183D9F
:10DAA0001F553CBDC8039ABBB77A08BE394D2FBE7F
:10DAB00033EC39BEAF9A853ED9C6103E34C7EDB7B8
:10DAC00066790F3E85D0C73C62003BBEF2D5923CE2
:10DAD0009F19B1BD7429DB3D395CA93EFA722DBE98
:10DAE000386FE73DC727573EA328C83DEB4406BE25
:10DAF000FDAB293EDF47C83D6D0DC83B7FD713BE48
:10DB00004F20133E64578DBECFC1903CB40167BE19
:10DB10002766FDBC4FC540BD64226ABC8FAC813D09
:10DB20006A0B14BE3EC88FBD44D35CBD1BB21C3D06
:10DB30007D656DBDF2F14D3DFF2B82BDA63429BE42
:10DB400077D302BE84803ABEAA9DA23DEA7A9F3D69
:10DB50006E1C86BD504012BFD71D94BEA6D6CEBB4C
:10DB6000C44E83BC59B857BDACE909BE6D99B03DF0
:10DB7000F9D55FBEEE1514BEDD9E153E23D476BEEC
:10DB80002890143E79D48BBE48B1DBBE3B4688BC9E
:10DB9000BEE03CBEA66F1ABEC30F483D85423B3E69
:10DBA000DBEB22BE06E072BEB3C5BCBED687273E05
:10DBB000A246C43DA832103E22E3CF3CB1F3CEBD15
:10DBC000637BCC3DCB7B103EF43C2ABE54F2EF3C51
:10DBD000A87E18BDB7EF06BE7897BDBDC7C31CBDF4
:10DBE0002D952CBEA10AFD3C613527BCEA4F7BBDBB
:10DBF00018A5283D9A48163D599138BD375D2E3EEF
:10DC000077E2FD3CEC33E5BD360D033D6544DEBDFA
:10DC100063A5B83C2792393CD37FA63D0173DA3D1A
:10DC200011EBC0BEC31214BEDD61653DCD5092BE86
:10DC300083BA03BE9D4877BD4B28953CB6CA9DBDAF
:10DC40009518FB3D2E1B89BD1A85113E44CF863D9C
:10DC50002B74F53C294974BD84B5C4BEDC6D1CBD74
:10DC6000139041BE1C1DCCBE35E2533CDB4D283D1C
:10DC7000F3B6ED3CEB30E63C8FEEFF3D09B85BBE02
:10DC800072942FBD144463BDA1069CBDBDB56D3D0E
:10DC90005DAACCBCC847BFBECE7107BDE9D19DBD52
:10DCA00076F008BEF0E3903D91B0B8BDD81222BC2A
:10DCB000D0B532BEA62C0B3E08B517BD8632CD3D81
:10DCC0002CB78ABCFDD7013E298FE7BE9727893D37
:10DCD000DD9384BD985CF43D14F4C23D37B8993BA4
:10DCE0007E1019BE3CE6F33D2525463EA8154CBEE8
:10DCF000D8C783BC6320203D3A33A7BB5045B2BB95
:10DD00008FF1EB3DC5B7A5BD566C9F3DC1ADE93C5C
:10DD10003B08C13C609ED33D1DF67A3DB6B755BD6C
:10DD2000ADDFDBBD561951BDE2E91E3D0F10F8BC59
:10DD30006C6588BD991E583D41EC6DBD45C805BE5A
:10DD4000A3394DBB7179903CFFBA8D3D422B293DE3
:10DD5000D11D9C3D806FBEBB98ADFEBD24C5C1BC2E
:10DD60001FB787BD1CD97BBEF200003D8244453EF3
:10DD7000974A6EBD7BD4353D1E65DC3D85EC1CBEEF
:10DD80004077913DF8018FBD6E3EB93B7385663D8E
:10DD900012E0853D01CD3CBE009F003E31F2563D74
:10DDA0007983FE3C1F6E90BD2F8E67BDF33A89BE0E
:10DDB00042B2323B6AB865BD27B7DC3DA6EB223DD7
:10DDC000DDB2D0BDE46EEDBCAAE6A7BD2F12CBBC80
:10DDD0004D0E9ABD3173EB3D15A6333EF7E1643D20
:10DDE000A75116BD44FC8EBB5C7B35BDDF1836BD2C
:10DDF0000DDB2BBE7948D4BCC793963D172B383C1E
:10DE0000E785C7BD4EDBA13CCE4E283E783F883D1E
:10DE10006958B23D8CC9203EFA87E73DA4FA14BD8B
:10DE2000AA57383C7A16BD3D3AA52D3EC100CFBC5D
:10DE3000EEB7A9BC620A08BC913077BD546C0FBD27
:10DE4000C5BF623E5693423E539B1EBE2665303D83
:10DE5000C087AFBE66CE1DBDD9027D3E9C61893DA7
:10DE60006180D23C9EF5663D30D8883D17243B3E0C
:10DE70005F131A3D8D3719BE5327643EEF39B0BC8E
:10DE800026A318BE99D4563E2357593ED38E5E3EE4
:10DE90004FC578BCA71960BEF6C0A03E1C5015BE89
:10DEA0006AD4873EEEC3F03DC199CE3DACAA10BE08
:10DEB0001C78CABDD9BEA53D6B30EDBC03C60EBEF5
:10DEC000AFD0A0BDFDCE28BE69D04ABE11FBD0BCEC
:10DED00059E3EABB65481FBDE32A1EBEED05EC3DD4
:10DEE000531135BEE933DABDF71D1DBDA4BB903D0E
:10DEF00017603EBEF1F079BE9C56B3BC186A043C74
:10DF000041B03C3E17AD283C88CA943E2053DC3DCE
:10DF1000109906BCDFB58BBC98A61FBE8507FD3CDB
:10DF200097E1293D93BF923CEC30ADBD56F294BDD4
:10DF3000D3C62FBE805D663C626615BE4AB3F9BC8F
:10DF400078C5CABD0E490FBE33430DBD6DCD7C3EB5
:10DF500001048B3EBFB138BE693186BEBD5BCB3D8F
:10DF6000025B27BE3C04E5BD0356073E7CCEE7BC02
:10DF70009C93603D092D683D3DA1C2BD5C7E35BED0
:10DF8000BC50B73D29605C3DBC7782BDEECF1EBD65
:10DF9000188A153DB80FD5BCA2EAD1BCCA70CFBD56
:10DFA0001A84863DAE0194BB8AD4F8BC2032F6BDFB
:10DFB0003803493DB44A95BDDEC41BBEFA98253DE1
:10DFC00078F0AD3E380F1CBC10DD10BE302951BEBC
:10DFD000F57E0B3DD8B3A2BDE6E2A1BBC2BC053EB7
:10DFE0000BAA233E405EB7BD0FB933BE4F27CABC54
:10DFF00042B4963A6E54A33E7D7F14BE8B1051BE40
:10E00000F12B3F3D9FBA983C41B21B3EA07F89BD9A
:10E01000B449323EC71CE2BC76FF463DEC4A81BDA6
:10E020000CA812BEE24FE8BDBA06003EC3A7EC3B07
:10E030000DE9A8BD4C27C73C888F86BD125C013C0A
:10E04000C5C35F3E0282F23D423A653C6F152DBE6C
:10E05000F0B80EBE48A293BDF08823BE9F9A633BE2
:10E06000CC7BDFBC6FB7D0BD3F028F3B2B287B3E04
:10E07000F2D125BDCDF27EBB8B8D543C368A8EBD50
:10E08000885243BCF931BA3D0CFAA4BBA3512D3ED2
:10E09000E6DE8D3D0A4F84BD24D4F63D1FCF1DB969
:10E0A0006408993DF668173C466A54BCF3CEC8BD77
:10E0B000C81FDD3C3DE656BCB108ACBC2F13153D76
:10E0C000ADA383BDFB15E2BD494225BEDAB21F3EBA
:10E0D000A8EF963C7465E73D5129043E7204033C69
:10E0E0001DA5643DD8A1003E482BF83DECFB613DE9
:10E0F000019F54BC6484033EA5D75A3E2665B53DB6
:10E10000215C113E8E74353E6888E3BD60665E3DDD
:10E11000602F9EBD2EC8EDBA6727B0BD6DA840BB6D
:10E1200002C50C3C1CE7CB3D700EDCBD0DF3273E59
:10E13000360E683E107F103E76B2FEBDF83903BD44
:10E1400044E7C7BD243EC13DB5C121BECE9CA73D1D
:10E1500090A9113E6AA2843C44E03B3EB9845B3CFA
:10E160002B111CBD35122A3E0A9F013DD44C81BEA5
:10E170007BE11C3C8DF1113A4C1ED1BBBC6D843E41
:10E18000B67B073D56A4D03D4AA79ABD0FF0ADBD62
:10E19000742EA43D80C7083E52771CBD674012BD57
:10E1A0009B33D4BD4059B2BCFA9C86BCD79C593E27
:10E1B00022DBA73CC3320ABE5AA7763DE79C2A3E23
:10E1C000D2E8123EF557ADBD1E627E3E13DEEABDBB
:10E1D00031C00C3E85A707BE94696EBCCA58363D57
:10E1E0002F98A53D114BE5BDCE2907BED87552BB72
:10E1F0006F53D9BC00B71D3EE03DC9BD595C203D01
:10E200005CC782BD05BEF6BD5E328C3C40FB913CD6
:10E210003D73613DAD75153EF04B173E5159D83DEC
:10E22000A06102BED1FCEEBDC93DB43DDB5B18BEB2
:10E230001FE589BDA9CDCC3AEB2DA53D1C0B56BEE3
:10E240005528213EB5E3823EC3DD983DFF6A32BCCE
:10E250001521D9BDC6D652BDCA109CBE63658FBDFF
:10E2600024E519BDB8F183BDC6A87F3D23A9043EAE
:10E270009DFF983C8AE6BFBD177915BD93EE3D3CE6
:10E28000F4955B3C513B203DCDB4DABCD49A373E8B
:10E290004AF43FBD9FA8D7BDEC289CB88BD4EC3D79
:10E2A000EA8A7A3E32B4B43AB998EFBB6F0F63BED4
:10E2B000FB280CBE7EA74F3D56AB093E9D72383EF3
:10E2C0002F91F23DB692AFBD920CA2BD914AC93DCD
:10E2D000A836E6BD0DF11F3EF43E0EBE9EE92CBAF7
:10E2E000D503AC3D5839F53D9E571F3E3426A33D1E
:10E2F0006F0DCC3B9998913D27B8CD3D4831A9BDD4
:10E300004750A73E5F2CA2BE8673E9BE8EA0C9BE51
:10E310009272813ECEB3ADBE0394063FFAC6503E24
:10E320000B882E3EF9D120BF8F52B4BB405C0A3F10
:10E33000FFFBCCBE3FCA63BE2595173F6B613C3DDA
:10E340007CB058BA93AC05BF72D3993D722E45BECE
:10E35000A36A1EBE7BD971BE307F21BF84588DBE9B
:10E36000EA5AE03E5FB6C33E440302BF210EF1BD50
:10E3700097ADBFBE763E403F5144B6BEC9B00B3FDD
:10E38000B6E91D3F59DFB13EC940953ED1C1123FAC
:10E39000640C8ABEAD58B2BE85D15E3EF3E5F1BED7
:10E3A000EFF0B03E48771CBFD4C783BD8B6E7CBEF8
:10E3B0007E4E393D4E46763EF43C343EAC5E0BBE5E
:10E3C000125AAF3E12D5C33E7870593E278BAFBB71
:10E3D0002E828F3E4189133E064EF93EE270E3BD28
:10E3E0001637373E5FFC1EBE381DE1BE2474323F37
:10E3F00001D8A53E5B3CBBBECB8F7F3E725198BE21
:10E40000AC6528BE0485213E12D513BD5DD32D3EDB
:10E41000A469D0BCE42F273D414AC3BE9A55DF3DD5
:10E420009C2B533BC671EC3EC560323E6DEDB5BED4
:10E4300074DA533EDB7140BD9C6DC1BE960B5A3EF3
:10E44000897B133E9362DD3D70854A3B99BFAF3DAA
:10E45000CBC3163E9D6A4A3EA52C753E6919633EA4
:10E46000BCBA25BE500B90BE7F5FAF3E3CE08FBE76
:10E4700049BCCF3C9C72D1BE612B063F4CABCCBE9D
:10E48000B18DDCBE4CA3A9BECE07E3BDCB1068BDE9
:10E49000C20EC9BD25E8213E66536EBE313D263E03
:10E4A000B87AE6BDC739183ED248FFBC5B79C63C96
:10E4B0003FB0633B44102C3EAD004A3ED6042B3E99
:10E4C0005E9988BD54CDBDBEA7D1793C64AF2EBE48
:10E4D000DA3E09BED4224DBD9FDEE6BE4C5FD23D82
:10E4E0005BC2603ECF63203EA6B0AF3EC31FB3BE4B
:10E4F0003561863D153AB23D2E91DFBD6A27F43D68
:10E5000004FA023E71E4993D7C508F3E06AEEB3C2E
:10E51000CE0F95BE290E8E3DEECA3B3E5EEBA53D6D
:10E52000FAD7A53DD30D22BE36292CBEA4B89C3DFA
:10E5300065223B3CCDDC10BEE54D44BEB6ECA9BE29
:10E54000CBD8D1BE5AFEF73D796F953D2C0C453E98
:10E55000356C7D3DB70312BEB8F8A5BE9722C2BD8B
:10E56000978B883E877BAE3E92B2503CA8A8A33CD6
:10E570005FCB92BD6CBCAF3E735E18BD2471AD3EE7
:10E580005E4CC73E97DCB7BE3B229F3DD9BA41BE29
:10E590002F8F89BDC2DB9EBE6EB3463EB26204BE03
:10E5A0006B6BB23C0A496CBEAD5F99BE537209BD3C
:10E5B00030D4003F0646D83DEADDF83D6EF81D3CFC
:10E5C0003ED73B3E595B123DECD188BD4A19243DF4
:10E5D0006F6488BD9FCB12BE9753BF3C4F2E0B3D3F
:10E5E00043A995BDF19EC0BE8B21AD3E0165163E8F
:10E5F000475BE6BE5CB4013DB3038D3DE5E02D3ADB
:10E60000FFD1D0BD0B2CACBE277E16BEB805A73DF2
:10E61000EC0E10BF0C3463BEDAE316BECD87933D1B
:10E6200096B6103E93A9D53DA987943FA53AE93EF9
:10E63000CBF615BD35D614BE97CE2D3E2322183FFE
:10E640005B2AAE3E587C323ED02012BF5619803E27
:10E6500079992CBBADAA043F6743683CB16E84BD79
:10E66000CD1B973EAAF5BCBE691D06BFF87640BE1D
:10E670006CC0CFBEAD14C83DF976023E1BEEECBDBA
:10E680004583673EF48FC7BD18EE7C3E191F42BE1E
:10E6900021A318BE218C90BE310488BE540C863E46
:10E6A0008392E23E6255DA3E71D8FA3E61CCCDBE2D
:10E6B000ACD2D0BE85E5683E3249773E289D8E3B80
:10E6C000012D5C3C1CEF2DBE9D38203E1EAA053D51
:10E6D000DCACAABE6B87B2BD7D7F853BB69101BE27
:10E6E000E8F5313E87AF18BE447AD2BE3448373D94
:10E6F0007730263F19CC8DBE9BBF963DBC4050BEA7
:10E700007142393D7A7E3F3DA7B728BE16DB913E68
:10E710005492EDBCE4F1953EF361AF3E9655B23EA6
:10E720009F0DA43E8D3425BEFCFE0EBE99BB7ABD66
:10E7300054C091BE983042BD5C91ED3D07FE33BEA2
:10E74000495086BDFE40F8BE2171283EE1A05FBE63
:10E75000310236BEA4EC19BD5A5AB8BE850B61BD54
:10E760001950243FAD0EF13D071112BE305E90BE30
:10E77000BB9C9CBE01A1523E9DDBC43CD8194D3EC2
:10E78000E7CB793DECFC573D30B5473D08D89B3E83
:10E79000E93D333D983C153E9B2FBB3DF6F2CBBE89
:10E7A00062D4E63E40E91DBE67E88B3DA726DBBE8E
:10E7B0006C5F443E16DC74BD398D373EAD404EBEB5
:10E7C000F1C5003E4AFC893EEDF38CBEAC96EEBE30
:10E7D000333B2B3E5D68BC3EAE33983E62A8B33DF2
:10E7E00007015B3EFE9A1BBE84FB38BD034DF13E24
:10E7F0006D7809BC2CA38FBEE07E103E269FCBBE59
:10E8000087943CBC9867DEBCFE54A23C78E95C3E31
:10E810004090A0BE21E12C3E7B93CCBC03B1413E95
:10E82000284206BECA8FE23D4F565C3E7AC33FBEC9
:10E83000A2E3A53DE01809BE07EAFDBDC3AC9B3EBF
:10E84000830F09BD76F719BC7AC3BABE525EBC3BD2
:10E85000B7DD69BD3B4EEC3EF7366A3D8A6ECE3B76
:10E860003579203DC83DF3BDA7437ABEAF5E60BE9B
:10E87000F902DA3D7B023EBDDF173EBE619289BDE3
:10E88000BA6A133EA7F015BE6039393DFA4886BE14
:10E89000A13DA1BEA193D33DD48C80BE95301F3E37
:10E8A000CF1025BC8CD1CE3E92585CBE7D94123EDA
:10E8B000FE7A37BEE8D9853B65E4833E0CCA26BEA6
:10E8C0006FE0C1BCEDD78DBD7FA7EEBE1C0F43BD71
:10E8D0009D3A13BECD63DF3DFBE34FBD555B2FBEBD
:10E8E000E6C5A03E0ABCA83B02350F3DF46938BE20
:10E8F000D10BCE3C0D2D0E3D99D09E3DAA8312BE6C
:10E90000D48EA63E7EF1BFBEBB2495BEB81D33BEDD
:10E910005993823E123C49BE89AC043F2DAA883EE1
:10E9200020DA37BECAA1DBBE3D0781BEB615853EE3
:10E93000A874E7BE80731CBE6F1F403FA28B32BC21
:10E94000AEBA9C3ED074FBBE9C845D3EA62572BED2
:10E9500094950ABFBA8553BECA85A8BEDE3FE4BE01
:10E96000DA49193F5459B33E8CC6B7BEE34EEBBBF0
:10E97000F173A0BE76F4C33E9439D7BE9DA5A63EE2
:10E98000AAF8103FCE4BEC3E3071333E10E6D03E3D
:10E99000379FC93D9358B4BEB040C1BCCA5300BEF6
:10E9A000D8A5A53E4A0C90BDC77A1BBE7C643FBE6D
:10E9B000CD4A86BE14AF283E2C72003E9A2E55BE1C
:10E9C0005D0A2B3ECFC8613EB03AA4BD2E243EBDA9
:10E9D000011EF7BCB068023FF3CC483F19DF95BE7B
:10E9E000E4C8963E49B88CBE53AAA4BE903D113FE0
:10E9F0005E88C03DAAD9B4BE5E3A9E3EF1DCB1BE8F
:10EA0000DB9D93BE56ECB73E4FD0B33D13E79E3E21
:10EA1000DFE72BBE949D8DBC34AE0DBE30977C3DA0
:10EA20000E00B9BDF6AD1A3EFEAE493EAEDDA0BC4D
:10EA300065E28FBC9E6C283DA0627FBED3FB953EF5
:10EA4000FB5D90BDE850643E244183BE2A534C3D9B
:10EA5000D06FDDBDF196703E6A9D263E2DE0843E6E
:10EA6000E44F71BD51AF96BEF139093DA54C33BE9F
:10EA70002E9EB53E899D1DBE0B25E93D2CBC13BEC7
:10EA8000C23076BEEBED10BEB60569BDF1B884BEEE
:10EA9000A18D12BEF6380C3E1C82A5BD2DA2543E9F
:10EAA000787AADBEA985083E478BB53D1B924EBD19
:10EAB0008A11F6BD7AB2A23DEEB87F3E8E2DB73CEC
:10EAC0001F97F3BD793450BE45242ABD8038B9BCA8
:10EAD000FC1DC43D942A0CBD97E4AFBE623C82BCD1
:10EAE000FC93F53DE1B85A3E26C956BCCB8654BED0
:10EAF0007E8682BC5C1587BD2910B3BD35C8133E28
:10EB0000424898BE7657D43A86708B3D945B8DBD53
:10EB1000AFCAE83DFB8D97BEE503DEBE90137FBC18
:10EB2000E4F873BEB1060A3EB83A1DBE375375BE4F
:10EB3000DAA064BE30451BBEFDBC23BE84270D3E5B
:10EB4000037A6F3E145E5F3DD406063E5E2E86BE9F
:10EB5000C4A90BBE3D121D3DD548673E3403EC3DB4
:10EB600061781ABD706237BDEEC28E3EB67B21BEA3
:10EB7000D72314BC5B613DBFD119183DD1AFC1BED5
:10EB8000AF26A4BEFE0407BED061003E0E5D1DBED2
:10EB900083AD7CBC67C421BCEB1D44BD35E34F3C59
:10EBA0007505DB3C01B8FA3C39D2DABE633E103E53
:10EBB000924B853E8910963E5F41D23DC706373C59
:10EBC000AAD595BEBBD261BE5E40013E043D40BEAB
:10EBD000A6D80F3ECC10443E0C2B87BE4F73DEBD33
:10EBE0008BCD83BC4EA5F6BC2B31033F0CFC3EBE47
:10EBF000D6D185BEF53ED23D306AFC3DDB34643E65
:10EC0000FB099E3E165DC7BEB2AC95BEC9E7B2BE5B
:10EC1000C9FD5ABD1E72CEBEC5F9F73ED9A5743ED8
:10EC2000269C0BBEEA8682BE57940F3E3FB4EC3E54
:10EC3000218A96B98B1D4BBEB6988A3E32F53BBDF4
:10EC400038FBBA3E6DDA30BEA251543DA94ED8BD54
:10EC5000FDEA93BDB05E54BEB6A6D13CA0FFA2BEF5
:10EC6000BDC1F53E3D90903EAE133ABE826D9E3CD6
:10EC7000380590BE206AD63E969224BE51329D3E03
:10EC8000EAC7B83E5E16573D08033A3E0200023F0F
:10EC90006638903DC2847CBE2E988CBE2932053EDB
:10ECA000778ED63E487B673DB9DB9B3DC2BC30BE0C
:10ECB000B8E12B3ED0F7D73DBB614B3C628387BEAA
:10ECC0006349E43D165C27BD57DE2DBE1EB9D2BD9B
:10ECD00031D395BEFE24AE3E2B53F83EEC476FBEBB
:10ECE0006A5B54BE6142D1BE896E6ABEAC18A53D56
:10ECF000F557A13E0BE382BE4E40423E1AB48EBE93
:10ED000058FCBFBEB243B1BD73286C3C905354BE97
:10ED1000F3E55C3E75C937BEAC666ABDE6CB5FBE47
:10ED20001D54CCBE5FCA983E93E5673EF743313D24
:10ED300007158CBEEACE8ABD3578E93C8BF0773C6E
:10ED40006C2C653E9C9CAB3E80DC053D9BC14D3EE2
:10ED50009533BDBDF3E321BE8E9C803E45BE31BDE3
:10ED6000ACFBD0BD1DF7F53D8381CA3CF4A8463EFF
:10ED70005E8BBEBECA220CBEC00A923B1FAE3FBE17
:10ED8000DF42A9BD2C8B65BC99FDECBD1D71133D07
:10ED900010FFED3D683EA7BE170253BEF098923EAD
:10EDA000A73D143A841D793EC05D2A3EB646B63E64
:10EDB0009405B7BE6B6F423D1A8CE4BD6324F1BD70
:10EDC000207392BDE4DF81BE428AED3D0C2AD53A24
:10EDD0000ECEBBBE88A0773E3548663C306E19BF6C
:10EDE000240D90BE10BB0ABE4093313DD862F5BCE5
:10EDF000E0C2E93CA9E0143D9CED0EBE8045A93E71
:10EE0000EFD569BEA63A30BE5DAF07BECC30A4BD1B
:10EE1000C14E67BE84F701BE54194DBE0665643D00
:10EE2000B19694BE7A01B73EF373B03EA6ECC93DED
:10EE3000385151BE9F40E63DA2DE3A3E87DBC23EDE
:10EE4000BE24D83E70470E3CE2BB103EEC4F463B22
:10EE5000FAF51D3EB284D1BAF125613E349C16BE4E
:10EE600001D645BDC3B2783EC18EC5BE8B419FBDA4
:10EE70008BC7B7BEE027A33D29FAB83E683E54BE13
:10EE80003ABF71BE9C359F3E8072D1B9168E35BE99
:10EE900079E1183EAF74C3BE88E16DBEB6E19E3D18
:10EEA00021EB5A3E25A3313E89F74A3F8FEF863E3C
:10EEB0002B831EBF20C6AABD6218903CBF3814BD6C
:10EEC00025B1103E094CFDBECBC383BE20617E3E02
:10EED000E71D2FBFE0ED233E69738ABDAA6CA2BE79
:10EEE0005B385B3EFF62C0BD28CB64BEA076C6BE69
:10EEF00078BCDC3EDD2136BEC78AA4BE6405EE3D8B
:10EF0000459C07BEF6F8613EF6E083BC3B17F63E33
:10EF100030D193BCDF2EAC3E1EE98ABEBC5EA6BDDE
:10EF20001297F2BCB3D79B3EA738E83C340C57BECF
:10EF300023F06C3EDE6C57BD2B5BC8BEB87B7F3EBA
:10EF4000BBF486BD4250D03D9FDFCEBD25A18BBC1A
:10EF5000CB4B97BC41C5503EF88EDFBC480A983E6B
:10EF60006C3782BE73085ABE945D5ABDAF0F01BEA6
:10EF70007DC75C3E51B1BFBE842C0C3E56CF30BE27
:10EF8000A61C89BEC5B8B7BD9FE98C3D7B295EBE76
:10EF90000BAA9ABC057FA93EEC5FBCBD62333CBEA8
:10EFA000A0F591BE1C3A6B3E0EA0913E942A8C3E79
:10EFB000BE9D16BDF07C89BDDCD5F73DD8FC2CBECE
:10EFC000368EB6BCAFEA00BED277E3BB6D71BF3CF4
:10EFD0009262CCBED6632DBE5B4B82BEF8F825BED6
:10EFE00021A25C3DE8AAE33DC243953E42CB07BE69
:10EFF000252A9E3EB2EC493B490829BE59BC393E00
:10F00000F02F96BED5A87D3E30EB933D6704BA3E07
:10F01000007DB13C38246FBDF0D678BEA6CD453E0C
:10F02000BD30C4BD50FA883E0A53983E0DC99FBEFC
:10F030003AF4AB3D170B86BED8CD95BEAB69A43E66
:10F04000C44382BD521F293D207361BEA5E711BE96
:10F05000AB5F28BD8E6D413E1E7B413E5059B83E90
:10F060009D742DBE9F78AEBE8301283E28A61EBE8D
:10F070009D8F8B3E7A65BBBED4A97D3E88C85ABEA3
:10F08000D856F6BE162877BE0175E03CEE8B48BE1A
:10F0900039BFA7BD6E1F863E8CE34BBE3D19F03CC9
:10F0A000B845B9BE375FDD3D9C44B33D92D4913D38
:10F0B0007E0C9EBEEA415B3E18EC603D971667BD34
:10F0C00058A0AFBD765E93BE4C5902BE2BB168BE50
:10F0D000269C40BA76AB973D68B7ADBEE853E1BB1E
:10F0E000F8000ABE38D22C3DCF210CBE5B1E59BEA3
:10F0F000DC7C0E3EA34202BC1D6FE5BDC652273E1E
:10F10000B327873E3269FABC95D0D7BCC71B62BD16
:10F11000971EA3BE9779DEBCC5935F3C6F93593EA3
:10F12000D316383F036E1C3D6FB283BD3A61453E36
:10F13000481744BE817AE9BDE208C53B9E2D80BEDA
:10F140003989ADBD06722CBECBD1803D335FBEBECA
:10F150009A9A2ABC33F6D1BEB75FBFBD841A2D3D43
:10F160004227B43E328E6A3EAF73773D53F49CBE65
:10F17000A0C093BE387C773EE546F7BDA8C99F3E48
:10F18000F199CEBCDAE02FBE70A1D8BD336FE9BDD6
:10F19000D36DA3BAFC927CBDD891CA3DF156C4BDD3
:10F1A0006522D93E86006B3D343D863D045DECBE54
:10F1B0000804763E54CD3E3D076D7C3E2D3853BE4F
:10F1C0003E8E1B3EDEFCF83C2D9F5B3DB84AD0BE18
:10F1D000B2F1F1BC5A53A33E36F0423E7F82953ED7
:10F1E000E805B2BE596C92BDEDDCF03C0953323EED
:10F1F000E0D726BEF8D544BEF29A943EC0E57DBE67
:10F20000A613B43E5461EABD63E7A1BEA32F72BE4C
:10F21000B4A881BD2A1CD1BE6F48AE3DF965A03DA2
:10F220003D8F0D3E211F89BE52BE5B3EA574823EBE
:10F23000CA0C2ABECE1496BDC5FA1F3E322D343EEE
:10F24000761F9B3EC76ADE3E39AB8A3DB396E03DF2
:10F2500055D1F8BC07DDFDBE491585BE3AB828BEBC
:10F260008BF2FA3D4D2232BEA996993CCB871C3ECB
:10F2700031F382BE12400D3E4170B4BED532653EC0
:10F28000C72E363CD72392BDCB43823ED7FFAB3D42
:10F29000A32723BE09E1DCBE02474A3EBE7DD3BEA2
:10F2A000E0216B3C4BA28ABD39CA353E7DE589BE63
:10F2B000F11C2FBDB9BF883BEE3C1B3D7BA5DDBDDE
:10F2C00044F3403C35F7CCBD3D80003F9ADEA93D7C
:10F2D000EF924CBD8B106BBD819E933E301C87BD61
:10F2E0000FFCACBED1FD57BD9A3152BEDC5F983EDB
:10F2F000AD4E963DD8C3A3BEC020AC3D929A95BCFE
:10F30000F2031CBEBC73193E9BCD893ED47EB13E38
:10F3100093B3D2BE3305113E0BBE89BD29FB0B3E14
:10F320001D0D043E5AB8403EAF91CB3E42754FBED4
:10F33000CB08243E40F758BC9212703DECE3B33E3C
:10F340004E7C8D3CF89C0FBE610C89BECBB7883DCE
:10F35000F6B1473E1470F03EED44273E09B4BFBD00
:10F36000D76CAC3EAB8115BE8254CCBDA958E8BE6B
:10F37000024A81BEDF80393E479F91BDFDA405BD95
:10F380006373303E4D5C58BE3EDF853D339FB73CD6
:10F39000FCFB05BD9E2687BE48E03ABEC16DA53E7A
:10F3A0005DBC653ED3CE8D3E576415BE4F9A8BBE75
:10F3B000DB9C053EE2F8103EF3A1DF3DC1BE59BD26
:10F3C000EFEF0B39350D4B3C5F8537BE792B033E94
:10F3D000601FC8BD77E5623D57EFBC3D2C0BFE3B7F
:10F3E000928A003FC52AB6BE89C2B0BC7EC6DA3B4F
:10F3F000E49DCFBC466F31BDA3D0ACBB5D5A21BEEE
:10F40000F922F3BD1CBF9EBEE03F35BEDAAB0CBE99
:10F410007A18C23D459952BE05C8203C96FBAD3CCA
:10F420003071A9BE67F04ABED54F0A3E2072CFBDEB
:10F43000D4D0D1BEDFF4CEBD785793BDA4EE99BD34
:10F44000F44F13BE21DC4A3E57200F3C69713EBE8B
:10F4500011725ABE2D3CC6BDC7B8EC3C76E23A3EAE
:10F460002150F6BE2B2E373E1AE00D3EA608573D22
:10F470000E7ADBBCC5D7ABBED151B73D737F69BE39
:10F48000AF617BBEFC9A843D6D18893EAE6F8BBA2E
:10F490003467B2BE7F91923EB996C13D1022BABB8D
:10F4A000E0BB00BE506303BE75D753BDA8D80B3E6A
:10F4B000C52E7E3EF872623EBB687B3EA4BA71BE2A
:10F4C000E82901BEB126A83D5FED00BEBA438CBE5F
:10F4D000FB23913E1FEC5C3E4E97B13D9D01EABE81
:10F4E00025720FBF7BD869BE3F96133C3D91A6BDE8
:10F4F0004C2C36BED619643D59A5CE3EA0BEC1BC2B
:10F5000092A849BEF225603EBCC272BDCBB7603E38
:10F510000041D3BD3D326FBCF5758FBE2139883CAB
:10F52000D6EC7DBD86F3893E39317C3EC6DD5EBEBC
:10F53000B5FCC93DB725A43E34CAA5BE76358A3E82
:10F540001D66033EFEB2243E8F70D5BD35B6903B9E
:10F55000A5542F3EE220803ECAD04A3E644F823EF0
:10F56000B20D89BD815091BECAA796BD8B0A27BB3B
:10F57000966FDABD342D8FBE99E9B13E75D23DBE8E
:10F5800048D29ABE7FDA50BE6E3950BD141047BEC5
:10F59000E46ABC3D28A00ABE6E3630BEAD775B3E45
:10F5A000B6D5A2BE485E8A3E00C5C53D6E16393D41
:10F5B0004B2339BC111C39BDD2A410BDD724143E35
:10F5C000600C41BE1C1D5FBE0C8CDFBC2D6FD23C9D
:10F5D000DF010CBE374852BE97FDA1BE6AA6E23DD0
:10F5E000BD48A2BC39CD493E43D1D4BC03D4ABBD48
:10F5F000528D91BD70B4AF3DE33FBEBC6BF3313E65
:10F6000083F765BDDED8B23E83E5A73D44B7AB3E88
:10F61000011361BE2627D73D2DEAA0BE23A301BE5C
:10F6200005E779BE840F263E41AB953D9A4763BE00
:10F63000662D743D8E684E3ED8A903BFED6BE23E49
:10F64000073C04BB3D049D3DE68B13BE8569F33D3D
:10F65000192C273E08F8CA3EE84CA83D0B6BBD3E6E
:10F660009438C1BE921980BE743B403EFF3411BE37
:10F670006574073FFC66CABE24366F3EA556AFBE12
:10F68000BE7A0CBF5BEF19BEDB0A713DC204D1BE6E
:10F69000A48980BD4124CF3E65FC2FBECB44DF3D15
:10F6A000453310BF28816C3E9C216A3D97F5983EFA
:10F6B00065E4CABD7039143EEDEE0ABE8621DB3D1D
:10F6C00066D979BE7CC40A3B95017F3C57D2D43DB4
:10F6D000CF3E09BE46C34FBEACB2ECBE1C213C3E81
:10F6E0005BE070BEB05B1E3EC06D343DFBBD86BDB1
:10F6F000EA73763E8BBBBC3ED21D08BBCD0F7D3E70
:10F70000622FE4BCB6C5A53EF4B5393EE2FD933E9A
:10F710005AA883BEA34FE63DBEFEB1BE0C70453D68
:10F72000683128BE377BA53E814E4A3E3A42ADBE87
:10F73000004D283EECC7983D93F399BE1885BE3E18
:10F74000AFC0D7BD788DF23D316781BEDB356A3CF5
:10F75000193580BD8AC8C73DEECFA33E609C8F3E61
:10F7600071F68ABED833A2BE2DA52B3D5D2C5CBDA3
:10F770007969A43E7EC654BE912A0C3E6985ABBE13
:10F780009B7EE1BE294062BEDAC941BE5AA0DCBE02
:10F79000BCDB62BE09A78E3EBAFD50BDA1FE243E71
:10F7A0005777FDBEC249223E92DE533E2FCA1C3E11
:10F7B000DA71A1BEDF14023D4EC1983CFCC32FBCE0
:10F7C000A229BABD198C04BDACB004BE943B13BDD4
:10F7D00097AAA93DA1A6A2BD0265CBBE552EFF3DAD
:10F7E0009C449FBC02151A3EF7AF2B3C0D9E59BEA0
:10F7F0004F7FDD3DD1C1993DB2320ABEE72D603E5B
:10F80000F238583EDFEF80BEE3F8CABE26083C3E21
:10F81000086619BF87AD58BEB86D18BEA161A53D79
:10F82000403A59BD9273223E461E923F7617EF3EF4
:10F8300003323ABE7FB555BE918FB13D6C5B133F2D
:10F840007E5DD53E7B83CD3EDA30D9BE4E1E583D1F
:10F85000988409BE461575BECA4FC03B0066CFBC32
:10F860003EA01BBCD32F34BE4A0CC0BDC5390BBD56
:10F870007E18353CD29F02BB66C1893E6D250ABE0B
:10F88000002A4EBD8582D53DF432153F4C2707BF77
:10F890006B21D1BE65CDA8BC62493EBEBE1C50BE28
:10F8A000803F013EB9E2163F2731163FD3FA563D5D
:10F8B0004108F3BE8C6DE33E4870AF3EDE724CBE35
:10F8C000D5CF2FBC6645E7BA8ED524BED55545BEEB
:10F8D000D33425BF7E20B6BDF451293D0EE182BE52
:10F8E000A37936BE027E40BD1A1EBEBEBD7766BE7F
:10F8F00077FCFF3EA0DA81BE8D93D73DD8FA90BD4C
:10F9000045F9A43EF8C992BEAEC390BE63FAAEBE3E
:10F91000F6D3813E15EF7ABE006ADA3EA3E8343DA5
:10F92000E8C132BEA616D3BE17B8B5BEF252763EB7
:10F93000AABA9BBE8DE870BEC417133F95E788BE78
:10F94000B373403E537D02BF32623A3EBA6D92BEFF
:10F950007C573CBEC11640BEA444193C7BB4D4BE07
:10F96000D855E33EDBADDC3E6DC7BEBEEBDC4BBD28
:10F97000488516BE211B043F066109BF3187E43E5E
:10F9800032461E3F2D0FB63E02553B3E46C00E3F4F
:10F9900051AD7F3D10A0A4BED9BABA3D77F0E4BD09
:10F9A0008267403EC8ADFDBD8BBF2ABE59B6C2BD01
:10F9B000A2C912BD275D483EB920053E6553A3BDCF
:10F9C000FE0C4D3E87C9603EBB01E03A8FD5BFBA01
:10F9D00088B18C3DA3CAE13EA870403F1DB297BDDF
:10F9E000A88C3F3E282C7DBEDB0201BE30D5E03E18
:10F9F000E76924BE818276BE5495443E3C1681BEA2
:10FA0000D1091B3E0A3F4ABE992A30BE1FBF713B37
:10FA10001ACFC9BE85C18B3E04641D3E9C2E353D68
:10FA20008AA96B3EA4E37BBCA3EFC33D97E7F13EFD
:10FA3000E7C7A03ED60366BBA22D093ED402A63D71
:10FA4000A3E6383E80FA6FBE59B5B6BE608BE93D7D
:10FA5000ED159A3EF000B0BC32CD433E8EADDBBE1C
:10FA600057396A3E4501363C450FCBBEB7D2DFBEA3
:10FA7000CED03DBE8639673ED68337BE1F5F323E4D
:10FA8000587EA93EA0E5C33D163D22BE5367BD3E4C
:10FA9000C08A18BE759321BD157D02BE0429793E2A
:10FAA000E2E2813D2E7F62BDD2B96A3DC6F91DBE3C
:10FAB0007EA46BBE9A827D3D2D85363D52605BBE35
:10FAC00071E307BC887D163EAD1185BD8B46853D33
:10FAD000498730BE9646A1BE5257C73DD8C5383E6D
:10FAE00044E6493C42DEFB3C5C6F193C4D394DBC61
:10FAF00037BEDB3E4209DE3DA7A58EBC000253BEE9
:10FB0000E9A31CBE9D6852BE66FB93BECD250FBD0A
:10FB10008CDEB63DEAFFD63D3E9E85BC90D79FBDAC
:10FB20009DF592BE802AC73EC8EC95BBC77D383E86
:10FB3000EC41C6BD971F103E1DCE403EA2289D3E03
:10FB4000FD5ED03D9EB522BEC96A4A3E8C8B7EBB0F
:10FB50008F2317BE07E10A3EC3F6A93E4E955ABE53
:10FB6000A32648BEB4CB4C3EC39069BE81AA8FBDCC
:10FB70000A2A36BEE7A90F3DBD5549BE2A4D00BE33
:10FB80007AC68EBDC7A1033E3E5C773EC053D53DCD
:10FB9000B32B273E01C66EBE35D18EBE64D19A3ED0
:10FBA00046520ABD4A10C03EA5E4133EB4C1B13E60
:10FBB000508C8CBE2D2C353C0DB47D3DA610B7BEAF
:10FBC000EA2977BDA3F018BFBBE817BD3B80A23D73
:10FBD000075BADBEA3BB3D3E27D7A13DDA7749BE4B
:10FBE000A25311BE483802BEEB6615BEB4DA84BD1E
:10FBF0007510173ECE4CF9BC6E10313C8AC733BE2F
:10FC0000E5B5B13D1D6F07BC2E5B833DF6CD64BDF0
:10FC10004B0E3B3C4D41993C787BAD3CEF69B33D8D
:10FC20003D0C5F3E249434BD90437EBD2E5352BCA8
:10FC30005EF71E3E344468BD1EC9EFBD1ED1DABD5D
:10FC400008BA2DBE263E203E75DC5F3D6227543E3D
:10FC500009515B3DD67A43BC64B5FCBDE9E3CBBC3E
:10FC6000E82D143E1AC43B3E92648C3D2621213E71
:10FC700095F5E83CB3D4B93D26A169BD254F703E4A
:10FC80009E87903DC6DF93BE846ADDBDD78958BE8E
:10FC90008AA0ED3CD1F8E8BD3AC398BCEE48913D4E
:10FCA000339BC6BD2D87B9BDA48904BEA35C46BEE7
:10FCB000456E5D3E7EC53ABE4DF3713DE97F5D3ECA
:10FCC0000922133D263FCCBD8C54703D5084743EB8
:10FCD000EC2C27BE2B0A573D3E7FAABC7E350DBEBD
:10FCE0001E947C3BEA3351BEA3881B3E97685D3C63
:10FCF0003E97C7BD272D913C620A4E3DC881F13D1C
:10FD0000FC475C3E9A19E1BE0BC14D3EAD67C4BDD8
:10FD1000DE1D76BD74CB73BE0337E63DCD67D53EA1
:10FD20008161CBBE0F5F92BE31A6323FBD24823EC1
:10FD30009A2E04BE48FC4FBE5BAA733D86B1533E6B
:10FD40001A3B6B3E84B1A53E9598D3BDFD222D3D57
:10FD50007F4D9ABE1684C5BD50FCFA3CCE4A8DBE7E
:10FD6000D3F028BC235E1D3CF8945DBD5C21B93DF9
:10FD700092C7DC3D50A7553EAC1CAEBE005C993E20
:10FD8000C4D98B3ED874953DBE5ADF3D02E52EBEE8
:10FD9000A52F3ABF65758EBD91E5283EA86E173E2A
:10FDA00066D01F3EDAEDCD3E95EC433F512B4FBD63
:10FDB000E78C51BF32C2953EBD1C3F3E6AD409BE9E
:10FDC000CD6EABBC6B2F6F3E7C7761BE6AFB133E82
:10FDD000CFAF6ABEF8B79FBEB763543ECB4BDBBD17
:10FDE000D4EB35BF92F8B23DF20422BFA11CF2BDA4
:10FDF0003036D83E77E628BCF6C2943ECBBA7DBDFD
:10FE0000EB2443BE4786553EB37F103E66180D3D3A
:10FE10006D5127BE984E9FBDB77B78BE947112BDC1
:10FE20001E5E86BC732AA53E779AAC3EA1ABA2BEED
:10FE300006AE113E41B2FA3C7AB8B2BECD4DD13ECB
:10FE40008FE185BD2401043F8E3BFBBD7044D83A51
:10FE50009BE92D3EE787863D1208133EDC42B83E03
:10FE600030A59EBE978AC1BE5E93903EA3ABC4BD33
:10FE70002D19AD3EFFA9BEBEB152AE3E91BABBBE7A
:10FE8000226697BEA32E84BEC6003DBD40D569BE86
:10FE9000B673F4BD5EE5133EA89B2EBE69F9B53C72
:10FEA0001A3EAABEC4AE703E0BD0203E0754473E59
:10FEB000A55911BE8E3D113EE9A4FEBDB67A77BDAF
:10FEC0003E7AE2BDD45701BEF8B20C3D03B114BE78
:10FED000D00EA73DD74EA8BDF2DFAEBE53AD2B3E30
:10FEE000655610BE1443933EBD00043EF50FA5BCFD
:10FEF0001929263DBE31973DCF3712BECFA9483EC6
:10FF0000D4727E3E9E2009BEA1CA65BE9B7A70BE99
:10FF10008A051B3DBC623DBDDCB1CF3D1B30683A5C
:10FF20000D0035BEB80E2EBE8CEEF33CC129033E4B
:10FF30009FE3F63D7DC1A3BE14282BBD3D7B62BD72
:10FF40005FC9833EEDB1A0BC916D193DD9A4CBBD75
:10FF5000DBE924BE2F62B1BD3B4138BCD90A45BEA6
:10FF6000C3BF073E1A541F3E414DE93D486C8A3ECF
:10FF70004C51063EA867373E298CD2BDF9784F3EDA
:10FF8000DB3D303EA49040BCF098E63DB827613D93
:10FF90003E42A8BE4471F8BDC7DE0CBDF87BF7BC7D
:10FFA000E86A603EB0BAC03D4F4D8DBE1F0C56BCD6
:10FFB00072CE7E3E287E1F3E8D80383E3E654ABE14
:10FFC000D5F4C33DB249103E635111BE4B544B3E74
:10FFD0007D09E5BD8331AB3DD787D73D6B6DFEBD58
:10FFE0000D55443EAB601BBE375EA4BCD59FA4BC80
:10FFF00044462ABEC2D6FCBC00F23E3D64A2F9BD16
:02000004706B1F
:10000000816EC43EDB738FBE2CE30CBEF0E252BDAA
:1000100033C2963E8AC0A6BEE708B13E3A32833E5E
:1000200096A556BE484290BE8DCC49BBE7B68C3EE5
:10003000A99365BEE39A4BBEC271173F6CFD963E15
:10004000C418543EA508E53CD9373ABD5DCB45BE42
:10005000D3A4B8BE010B54BEDEDD31BECED63FBE4A
:1000600071CDCF3EA611D43DF2B303BE0847D8BD33
:10007000FE486FBE6C8FC33E0C4C97BE7F947D3E96
:10008000B5FF543EFC860B3EF9C35F3C09992E3EFA
:1000900059E46CBE5547E0BDE09B4D3EDF4618BEBF
:1000A00018CFD43E248B9BBDD210813ED9DF9DBE9C
:1000B0006E8F23BF47CB2B3E71353ABDE1B517BEDE
:1000C0001BF9193DFC3F743EC319863DBE27153E02
:1000D000AC9B61BDD0A1BBBB01BCE33EF38E9FBE18
:1000E000253FCC3DFC1121BE97A20BBFAE24C43EE0
:1000F0002F263A3EDF97ABBE650A763E07B483BE35
:1001000029B9533EB77DEEBE2BEA45BE17255EBD2D
:1001100045EF553EF8175F3D98F9503E00A38D3EE0
:1001200018E68ABEA91E34BE11B69CBD0642D33D58
:10013000C57EB0BDA28D7DBEF9A3CB3E94360DBE6B
:100140003843323DF5F733BFCC31853C82F989BE67
:100150004D3F51BEA07EF4BD9F2373BE5B7E52BE59
:100160002BA9F33EC4269F3EE3DE83BE8D906EBE78
:10017000D24302BF220C0B3EB00144BDC6594B3ED8
:100180002C40803EBDD6C33EEC64933C6ACAD73E49
:100190006EE874BD1D8B7FBEB04E713DC0A130BEF8
:1001A000DB7E153F8570EFBDAD55543CECB279BE9A
:1001B000DB4967BCED2693BD44E44C3E60BFD2BD35
:1001C000E76D9A3E74D6D23D95E1EEBD364A7DBECE
:1001D000EDB37FBD17B8C43EECFD433F18A08B3C88
:1001E0008A18983EE5554CBE7F9016BE54CB353EDE
:1001F00060E41B3D5CE192BE640C3B3E639FCBBE62
:10020000973C803E975758BE1C1CA2BD2DB252BED3
:10021000EF49E53E756D3DBE3300693E30BB003EA3
:100220008B1874BE2CABB4BEB7B8F6BDC967F73D2A
:10023000267535BE920A59BED78D013FCC97D03D69
:10024000DE6E263E03DF19BDE928433EC4BD28BE4D
:100250009D2486BE976722BE560388BE8CF10BBED6
:100260008E5BCA3E629FB43D087124BEA99297BCC2
:10027000A3DCCABCD80B833E0DCA23BEC7C5863ECD
:1002800069C3A53E2B22E33D9D1CED3DFF4F703E13
:10029000435DE43C6E22B0BE784A053E6DFDAABEC9
:1002A000C447793E2F6B30BEB34E35BD3341CABE15
:1002B000E8CB53BEB9C35A3EC99E4C3DB703D2BD2D
:1002C0001A185E3BEF815E3E7D85E8BDADD3AE3D45
:1002D000A03F143E2468893E69A87F3E00D65BBCDF
:1002E000F994E93D2A99D9BDB8961CBF6E46703E77
:1002F00014EE533EFA1CACBE1E98463E1FF433BEAD
:10030000D435233E33D49EBEA59154BE946B48BDD4
:10031000C46A443E34538ABEF6515C3D8C0C743E34
:100320005A7FCDBECCC73FBE5242703E60012C3ECC
:100330007D5864BEA1E229BEB9A79A3E841CA23EA4
:100340003B0C6A3E6017BDBD41CB51BD082232BE99
:100350005C35BBBE297211BE8A38A23D4E2E34BE1A
:100360009F34A33E4438D13D0F36BDBE721BCABD7B
:10037000B63327BE7E45883E16E068BEDE2B473E7C
:10038000EFB20F3E4ACF673EF0D1933D2F99693EC1
:1003900034B104BEE94C2EBE06F246BD86DB193DE3
:1003A0005701C43E42883D3EFCD1D13E568B13BE20
:1003B000834DC8BEF638C83DE839123E7581F9BE96
:1003C000B7A459BDF6419ABCA220923D41EB47BD6E
:1003D0007774F8BD5A63ED3B91579D3EAFEDABBED0
:1003E0004EF4ABBC47A963BEEEBFE5BE807E4C3E7B
:1003F000C6A4D43E49EF04BFF270933E68D70DBE49
:1004000012DC303E6716B13D9ABB89BEC7784A3EC2
:100410002DB081BE1E432E3E9D479A3E9104CFBD16
:100420005619FB3BD21593BD9CCF8E3D37BDBB3DCE
:10043000377C8C3DF00C423CF31080BD52E741BE4E
:100440004DA4C4BDEDED14BE94E488BCEEBDAB3D3F
:100450003245063EC1A277BEF97A99BEF93E77BC15
:1004600044CDBA3EEC91593EFEF8B4BDEB8F02BBD1
:10047000F97348BE2B51143E0CAFB4BB490FAA3ED2
:10048000641EE03DDC1D163E5285E33DE397473E8A
:10049000A63706BEB8C02D3E9EB9313E70463DBE61
:1004A0003A60BD3E89CE95BD4BF87BBE66B968BE4D
:1004B00052F41E3F38CFCABB71168E3EF235643DF2
:1004C000175D773E0360A13E8BC0B3BD99C9E43D83
:1004D000630B023E8C61493E77FB163E305AF13D7C
:1004E000959F473E8ECC523E444C103E8030D43EC9
:1004F00025B8873D301213BE97D32B3EE2E0FDBDF9
:100500008AB997BEE53C3E3DAEE35A3DE5DF12BEFB
:1005100040D9FBBD5D03FBBD889B87BEEFFD873DDA
:1005200036C21BBE787EF43E5CDCDD3D23F652BE57
:10053000120F273DEADBBBBD587334BECFE7DE3E6A
:10054000C057253E15D7AE3EC0B430BE4A9209BE54
:100550000F5191BD45D1183E2A6FC83DC54C7F3E15
:10056000B1F293BEB69C83BEF82E653E53D97BBED6
:10057000082C5E3E9C2B0EBF0F02433E64ECD3BEA4
:100580000520E4BE27045FBE145DEB3D29A557BEE0
:100590009C2378BEB7E9243E1B904FBE78146F3E73
:1005A000732C80BEEF3D213EB5A8A9BD2B29433E4B
:1005B0007710863D72A0E83D92B29F3DBE7CAA3D79
:1005C000C0E660BE1C650ABE784B6F3DBE4DB1BD36
:1005D000A82BD8BD191F5BBBCEDDDEBE34F6CEBD69
:1005E00048824DBE29D8333DCC6B9D3E838F97BE4C
:1005F0008DBF6CBB79D8F03D1A4A4D3D4700993EFE
:1006000023E3B33EF095C33D67BE40BEEE1AB43E51
:1006100029D69E3D8B121B3FCBF4B83E50DF1FBD49
:100620009025973ECE2AB3BE8AC9F4BDC2EB9C3E4C
:10063000112881BD0A2708BD7239B93C12917EBECE
:10064000D30D0ABEB782F1BEA6382E3E2DEF39BCBF
:1006500064CA1D3EA763903ED6EE68BD243290BEAC
:100660004C5AF33E8EA9CD3E103D0EBFFDB4F7BBF4
:10067000BE1E65BE5B17003F70BD76BE8E08CA3ECB
:1006800009AFEC3E6E4F593EFA2C3E3B59544E3D5D
:10069000F496A83D889597BE646D3C3E5B6BA1BD0A
:1006A0009934B13EE847B9BD74B0413D836AEFBDAE
:1006B000CC5A4BBEB51C14BEAB5B55BD3260E2BD1F
:1006C0009A07173F3CDFED3D7166943EB017C4BDFD
:1006D000216761BDD1C6DF3DF9B6533E6F85883EC7
:1006E000083D1B3FD64963BC89640DBEE5841F3EAF
:1006F0007AAF443EECC248BED1252A3D734DB1BE0F
:10070000FDCE60BE5368A83E24DD2E3E5481563E89
:100710001C0572BE363E13BD06B0A2BEDA6843BEEB
:1007200075673FBE1D62553ED3AC7C3EA4A786BE16
:10073000A0984C3D9F90693DD57F6BBEE91AEA3E7B
:100740000D59133E6F3EE63EFE3F08BF069CE1BCDE
:10075000821BC73DB627693E6964573E10CDEF3E08
:100760003A9369BE6CF8B7BE640B723E2188703D47
:1007700092EB1D3E865CACBEFE8FDF3EA75AA4BE48
:10078000FF07D4BEF17187BE5F754F3C007596BE02
:10079000EAA2BDBD8D0B433E9BB1A5BE995C1B3E3D
:1007A000EB3C3CBEE52AB33E618E21BDAD8BD1BC96
:1007B000D6646ABE845FF33D9D7FFFBDCF05B13D2A
:1007C0001FA64BBEAEC922BEFA988BBDE120DCBD90
:1007D000FC603CBE7417A6BD1E88D7BED822263E3C
:1007E0007AE6F7BAE242B0BDE086003DDD3C4CBEA1
:1007F0006C32453DA3581E3E0A4F77BCEBA3A23E88
:10080000631C5B3E78DA43BE854CC5BD837A8FBAE4
:10081000C7D1933D2B270FBC6CAA853E74C8AABDD7
:10082000860BBB3D33CDABBD48846DBEB65DA1BD6F
:10083000EDCA73BD3D93CDBD2F52B13D38EDC1BD65
:10084000FF8492BC8FF43D3C821D9A3E296036BEE7
:10085000CC810ABD9B80493B6BE92CBE8FCCF7BD98
:10086000FB113F3E0458983E412739BDDD008B3EC9
:10087000312CD83D68A03B3E4B4B33BE38D46A3E4A
:100880009856463E0625763E9A6A8F3D8A7DF03D13
:10089000904D82BD30D6783D75EEE63D8B8246BEEA
:1008A000609D453E9F84E5BC7C20AEBEB0EF07BE98
:1008B000BF41E53EABE6C6BD9902F3BDB4325C3E36
:1008C0003B0DA9BD86A4C13DE8380B3D66A3023EA1
:1008D000F24BC7BDDD561B3E067F953EAF70CE3B4B
:1008E000EF23003E957372BEEE2DFD3B2001753E59
:1008F0006DC8C9BEBEB71EBDF0155F3ECD6B31BD24
:1009000099EE0A3E1301B1BE8E8882BECC7682BEBD
:100910005064593E17179FBD815BAC3E2E7FCEBC05
:100920007DB025BE08FEFABDA2EFDCBD36EB9E3ED3
:10093000E0AA3ABED6FD09BA98F79A3EE99968BE90
:10094000382E9B3E9995A8BE683A4A3EBCC5873D65
:10095000240E80BC9FAC6CBE287032BE6DA68DBECE
:10096000989CF23E43193B3EB0839DBB7B5CE4BD4B
:10097000AD7CD4BE04E3843EC25559BE6247733E8B
:10098000C4679E3E22C89F3E0721633E28D20A3F8D
:100990006EE83F3E3E297DBE433153BDAFEF92BE70
:1009A000F940B53E4211C03B0C308BBEC47954BEF9
:1009B0001D556D3E461312BD02EC283E8DD704BE78
:1009C00023D93B3DF1292E3E7B42203EBB2B0D3DE2
:1009D000A919BA3CC598E43EC454BA3E5EC8C63CA8
:1009E000BEC48EBB399576BE2E5FCB3DE3D9903E1B
:1009F000BC251EBE6FA797BD8F4F943DBCBC82BE69
:100A00001850C33EF8C7A1BE0E5B98BE23F5F0BEDA
:100A10003D49F93E710B93BE09C3153F1022A6BB99
:100A20001FC3A6BE675DAFBED32671BEAAA87D3E1A
:100A3000EC1980BE068F80BE7C2B0A3FB9259ABE7A
:100A400032DA523E0CFCA2BE09BF533E689B93BDF6
:100A5000B7AEF7BDEEA09BBEC61AD4BEA40D01BFB3
:100A6000C30FD23EE9B7C73E71735CBE61C1B0BD72
:100A700048D993BE1CB5CA3E049BF9BE00E99D3E11
:100A8000212DEF3E97A9DB3EE4D3033E5A33EE3EE1
:100A900018924EBD252CCABEDDB2A53E071647BE34
:100AA0009877D83E0BF3A5BE258A7CBE035C08BEB2
:100AB0007CC6293EAEFFA1BDD8335E3D993943BC0B
:100AC000D2E0303B86D2363E6B3830BC89DE033E06
:100AD000C67B783DC52DA53E2F15183FF91F29BEB1
:100AE000FF6559BDF2CAAEBE848D9ABEE667123F5D
:100AF00042AF23BDA2EFADBE6FC8833ECEC335BEAD
:100B00008A4D033E10ACF1BD62F690BDEE7318BB8A
:100B100009B941BD515D673E8572003E772E24BC08
:100B20001CFB98BD3C36DABDB3D501BE3380FF3D1A
:100B3000EC1A1A3E812032BEA852A3BDE75F3BBD2E
:100B400086A5593CF31F1ABEA9CB90BC7E5F9BBD06
:100B50007C34DA3D2522633E91FFD43D91DCFABD21
:100B60007320C53EA4A26B3BE20BFABEE16737BE21
:100B7000717D5EBEFF7B24BDD9AC003D7968EC3D44
:100B8000B5660D3E8BE2343D068B793DD5D97C3E72
:100B90004E6058BDC58E3CBE46B309BC97A7E73D25
:100BA00077D99C3D398685BED47650BE2D694CBE22
:100BB0001816963C09997D3D04DFA0BC56293EBE1F
:100BC00011A43C3E3E41113E1CB1793EF75ADA3D3C
:100BD000B0C79D3D0537DF3D92FC0B3E9036BDBD55
:100BE0008366CE3EAFB446BB609F6FBEA38C8A3E89
:100BF0009964BD3D7C2F9DBDC3CD7C3D3484DDBE5D
:100C000059C0613E5232A8BE9FEE22BEC12DDEBD4C
:100C10003616FD3CD89A8ABE15389E3EAFF2F03D9E
:100C2000854284BEADD447BEB417FF3DF927B93E17
:100C30003266E8BDEC0F29BE396CF53E82DE1FBE80
:100C40002BB0AA3E08CC9FBA4076AC3D46D193BCAF
:100C50004DDE783E7DCBC7BE1350F1BB0953B6BE07
:100C6000E65D043F2F0D973EE9FB17BE47BEE0BD92
:100C7000625391BDCB8FC73E430683BEC215D43E9F
:100C80000947DF3E7F77733E15C1813EF880AA3E5B
:100C9000E84F01BD514EE1BD69CAA9BDF2D6913DF3
:100CA000687F953E42F2C73B633929BED3709ABE36
:100CB000F08D163DACCCD73E59032C3E525845BE64
:100CC000EBD90C3DD0D3393E379CD4BD47F0023B25
:100CD00001959B3BAA76963E7C19D93E864A9BBDE0
:100CE000569088BD6A690DBFF43D4BBE822A3C3EDA
:100CF0002CD15F3EB20B1FBEC37FA43EBED5ADBE9E
:100D00007157BCBD25F67BBEFDFFE6BD9E5E6FBE86
:100D1000276A2ABE7B11C8BE410055BDFF1482BEA2
:100D2000DE9418BE6AB82B3D390ECF3E6CC89A3E91
:100D30002A591BBE2623A33EBB40203E32FC1D3E4B
:100D4000F32882BB4357833F334F973EAFB0C93E32
:100D50000D24953E1F6629BE4D482F3E56BBD93DFA
:100D6000B5198BBD7D0A9B3E223095BE821A063F87
:100D7000534AF0BED0089C3EF964CD3D55F5323D56
:100D80003AB85B3E39493B3C973D683EF236EB3C16
:100D9000892C8FBED08017BF966254BE2C4A4B3E22
:100DA000BB67CF3E17511EBEBCD3383FFCF94A3E4D
:100DB000A206F7BEBC60ECBE0270E5BECA339B3E25
:100DC000C2CB383EA4A734BE08A1313F3AA83B3F6E
:100DD000C5F190BDF063023CD041353EA60A893C86
:100DE00047A935BD56787BBDA6C1E7BD21B16BBC17
:100DF0008DF4993E06FC473EED8FD8BDAA31263FC3
:100E000067E90F3E89F26F3E53229EBE701860BDA7
:100E1000D24A40BD69210DBE181AB3BCD022EEBD26
:100E2000F75A81BDDD8E29BEA6FF193D104260BD77
:100E3000415653BE4C018E3C91A05DBE5EE0383DF4
:100E400072D24EBE7CD4E03EC485813C49698EBCE2
:100E5000DDDF7B3DA76C0EBE34AA80BD4F5EDC3D5E
:100E6000B378BCBEDE4C533DD3A4983ED260543E12
:100E7000C709443C71D575BDA3C1E33D206A2CBDB3
:100E8000D6FFFCBDF730C03E58654EBC366F63BB25
:100E900081D5AEBDBF41553AF312093D71C1FABBD0
:100EA000C25A13BEF439043D3C2429BEFD95C73D0A
:100EB0009D16133D2B0A3F3D914923BEC319763C35
:100EC0006E1312BE9145CF3DF8DB89BCDED5823C66
:100ED00067EADF3C2089CBBD41EF73BE2800A5BD8A
:100EE0007C2893BE5FC5D03C7EB02E3DC1BDD1BD38
:100EF0004C0DEBBDD11A993EE7EC1A3E047C823EC4
:100F0000DF787A3E6A200CBE058217BE7E118EBE47
:100F10003842183E20E003BF6BBA803EC0FC4ABC9A
:100F20000F09B8BE62148EBDC8796B3E5A90263E3A
:100F30007CA54BBEC85E303EA102D63E0658703E30
:100F40001E72843EA34CF83E2CE61A3EB0C68F3E7D
:100F50002FC2923EC3A8E9BEEFDF6EBE0CCF72BEB9
:100F6000BC1A4E3ED72BDFBD1E06E33D33A5F63E31
:100F70005487D4BE7FF8BFBC356482BEB9AEE0BD35
:100F80006C0CCF3D7C334D3EA18C2A3D8B09063E37
:100F9000BF76A83DE977AEBE932ED3BD070A02BE49
:100FA000A1405D3E2B7057BDDF02E73EF0A4CABEF4
:100FB000B2594ABF566880BE305283BE4F289C3C0F
:100FC0009DC1D1BD8DC014BE7B04133FCB92E23EC8
:100FD00036DA933DED2806BEEB98753E1E85B63E8B
:100FE000A4B94ABFEF7E0A3DAD85AEBEBCF4D93E82
:100FF0004804C03E4E4CCABD47543CBE445F9E3D73
:101000005B0FBCBE6FC82F3EAC4E273E568D7A3E5E
:10101000174687BD1D47693C7C026CBE79AAE43D3A
:1010200001DF8DBDDF49923D6FDBAC3ED49288BDC0
:101030009940093EEA5374BD88F0AFBEFB66DC3EC2
:10104000738ECABC48A63B3E6A7AA1BE4F5EFF3C87
:10105000FC26F33CC863863E1827643E3AB5063F3B
:10106000650247BEBC2DA2BE64A91C3E490D9EBDB3
:101070007F8FD93D7EA5C0BE061A613E162EB8BE32
:10108000197AA2BEC78932BD0060FABBAAC6A4BE47
:1010900046E363BEB128923E57B0F2BC773F0A3EAA
:1010A0005C62C5BEAD0C143E4F49CF3DA14A353EF2
:1010B0002B24B7BE432E7D3ED3A61B3E485D2ABDE2
:1010C00031EBFABD355309BEB6575DBDA3B088BE3E
:1010D000C3BFE0BD5E8639BD24EC86BE4F01973D9F
:1010E0003AD76A3D2F0DA03D89E1A73DEDB8FABD85
:1010F000A9543A3CB9EC8FBDFE075B3C3289863C73
:10110000CDB9B4BE3FF79F3D4CF3373EFBEE6C3E8E
:1011100052F668BD0E0D9F3D6D905FBD5EFEB5BB86
:1011200038C8EBBB2DCA843D4447783E457DAABDF7
:101130000C113CBD1557A43D2C9041BD6372A33EDC
:101140007BA9DABD93908D3E277537BE34F7BDBDC0
:101150004B8297BD57E4AB3EB0E7323D6B39AA3EB8
:10116000501661BDA7D422BE882C8DBCDAD7DBBC5B
:1011700032B5233E79A556BED292443EF72046BEF4
:101180004A2258BE986908BEAB47923D1ABE75BE4A
:1011900062708FBDB6AA333EDECB9BBDB8F5983DDD
:1011A00099E5F5BE4339E93D8D7E9C3EEBC6503D49
:1011B0007A1458BE9A64663E22CD653E258EA9BD3E
:1011C000DC941D3CCCB281BE75BD07BE3D971EBDF3
:1011D000CB188DBB3057AABDCF74B7BE37D637BD3D
:1011E000BCDE2D3CABB20F3E24E9E13C959585BEBB
:1011F0009C0289BDEFA521BECD5549BEF5A3483E51
:10120000BFEAA7BE7E3A8C3E4BCC8F3EA13AAFBD23
:10121000D0D37ABE8833E0BD4FDD95BE6E57D3BDC7
:101220005FD38BBE042B533EAC1C8D3E5A4360BE35
:10123000B77D723D8FFD5D3E19E5D2BE30A14E3EB9
:10124000BA1E223C046E493E2CCB14BED2DB123EA9
:101250000604853EAC028F3EA3B9E93DCD374A3E38
:1012600088DADDBE45AAF8BEEE84A03ED018903CD8
:10127000D913CE3E5CA203BFF473263E6646EEBE93
:10128000A7BCCABEF26750BE5846963D4EBAA8BE2D
:10129000B147E1BD836FC73E797E66BE1339893E93
:1012A0003716FEBEA9F4583E492F62BDFDCED33D90
:1012B000A0499CBD080BED3DA78476BEBE79C53D17
:1012C00060A534BE040B45BC47D168BC91768ABD8D
:1012D000E37B0CBC73E240BD1DAED8BE364BA33CD5
:1012E0009F843DBEDCC2763E5FC2213E457E2BBE62
:1012F0005F0E8EBC19F2A13E2A2C3C3D2B4F523E74
:10130000FD7DBB3E8B338CBEB169F9BC0396D93DE4
:10131000FC0297BBF66D1F3E996DED3E96DE233EB7
:101320002CD8FCBD2F832BBE304BFE3E02CA2C3E78
:10133000A850763DCC562BBB765822BC9210F63C7A
:10134000B614B73E8E758A3EE4441DBD5F2BF03C5B
:101350001C8D913C775B03BD7C3A85BDD81697BE4A
:101360001E8DAA3E6FED183EDE7784BEC7C68EBEC8
:10137000478F593CEE1A3A3F5B1D1FBE215CD73E9A
:101380000E1AD23EAE9E893E3EDADD3DC936233E80
:101390002E5999BE8E888FBD621022BE672CA13E49
:1013A00024C30D3C16812B3EB6D0863E8C24A9BDAD
:1013B00051FAB6BEF849C03E82AB4A3EDFF4633E06
:1013C000BAB7F33E9B99143E4962BABEEFE0653E60
:1013D00038745E3C1ACC7BBBF5E26C3EF1E114BE86
:1013E00098EFEEBC677176BC659F7BBEE68DA83C2E
:1013F000C8FC963E51A911BC0B5C9CBD72EA533CE3
:101400005620753EE9CFA7BEAD3796BE94D6AEBE88
:10141000761B283E82C6B6BEF2C8BD3E0399493A45
:101420000BF35ABEEBF824BCE0185ABE13DC1E3E88
:10143000C3B5D7BD6D4EB93C5DE20E3EAEEDF3BE19
:101440005B6F213DCF12263D11FF983EF06D13BE1C
:101450007C660F3E4D9390BEAB3B26BEF34608BF65
:10146000EC28783E498A053FEFAA4BBD094CDC3C8D
:101470007D5CD3BEE127863E75C067BEACDC663EB0
:101480005FC2A33E84509D3ED1AF513EF39CB93E16
:101490000386473E1ACD42BE85EFBB3D7A7E16BE1F
:1014A0002304973E2614B9BD2359C5BE7A7F083E52
:1014B00055880B3F82A1683DC254DC3D3702D83CC1
:1014C0003EF96FBE2E210E3ECEF9F4BD20DCAA3DC2
:1014D000C40C23BE301A833E8C8A983E4787BBBD1E
:1014E00089B76DBC557FAABE25E4943D284B973E35
:1014F00002FA5EBE785191BD389543BD44B25ABEE2
:1015000008BF64BE76F0A33E94E8453EBD1A903E07
:101510006CC132BED1CC45BC44B71CBEDD5688BDC3
:10152000427ECCBDF560633EB4273C3DE7AC96BE41
:10153000F94B203E1141C63DDFC4ACBED588923E7A
:101540007153473EB5773A3E2AEF71BD2FD42A3DFD
:101550006160043E3B47B93E0370073E1DE99D3E76
:10156000F83C75BD7946C3BE68A4B53DA8FB3ABD3D
:101570005DE8013FA22E94BEED1FA53EB6FF4ABE18
:10158000516178BE0D8F75BDAB6B28BCDCBD9DBEB7
:10159000C38DF3BDE8EC803E0F583BBE0E59C73DEE
:1015A000C56F06BF2099DDBCF76F4D3DF5C32B3EDF
:1015B0002FAB54BD7DEDE03D52611C3B293F1EBE6B
:1015C000E7D653BE63A5C63D50A268BDC271383C84
:1015D0009A3F8F3D220536BEB24CDEBED7DE383E86
:1015E0003A23B2BDA9E6DF3D9413FC3D9AF68FBEC7
:1015F000A3E3163D55E9473E52D748BD43ED4E3E65
:101600003E962CBD98AB9C3EAACCFA3DE5DA083E4E
:10161000CB4908BE2E6E183E219385BEE0C5613DC4
:1016200072C3D3BDC422693EB999303EDB65D0BDDB
:1016300052FD343DE4B112BE00DC24BED8211E3E72
:10164000D540D23A33FE433EA24216BE656D65BC1C
:101650006A11D1BD6FAADA3DB81BF53DABE4443E3B
:10166000D85C35BEC20B65BE7B6E423D1A81F73D2C
:10167000E784943E64A99CBE382B363D49BC44BEE9
:10168000E232A3BEB73B5BBE49AE373DCA1797BE39
:101690000D8B8CBD9F9B803EF3DAA43D08033B3E3F
:1016A000405F02BFA5D14BBD4F3A5D3E82429D3E99
:1016B000241D80BE5C04C03DDF5CC2BD985502BEE7
:1016C0004D4149BDF94A203D568FA63A2AA2663CB3
:1016D0004C122DBD733EFEBD496285BE5F67693DFC
:1016E00025F69FBDAEC3653CAB69E9BBDA96F9BD93
:1016F0007D13B1BD72A0A43D21EBB7BB276B5B3E50
:10170000533FA33E3C85BDBDE23528BEE3656CBDBD
:10171000AEB9C1BDC1838EBD3EBBC13EDEDA2F3E38
:10172000F6BBCA3DA9DC9BBD4C7B3DBDF0C5993ED7
:10173000BF056EBD834F53BEE6321A3EA3DEA8BE80
:1017400026D5183E0A2E0BBEAB54533EC42226BEED
:1017500063259B3D7A629EBD72DA5FBE73B3A2BE03
:101760008749B83E41F4703E6619563C54DE9ABD36
:10177000C16566BEB9B9083EE24F51BEF815943E48
:101780003F0EEC3E9559773D1E621ABD1D6E873E99
:101790000FB6E1BCCF375DBEF213B03D9B1106BE64
:1017A000CC56CE3EB425673CCC0E18BE62C339BEC3
:1017B0006747383E24F0463EACB749BD8E31E53A26
:1017C0007C8497BD37C3DF3D237641BD584DA93D8D
:1017D000269163BE2E1D553EAAA2823E6876233E08
:1017E000DA06C9BD7273CDBDA91A253D8663B73E21
:1017F000B64DB6BD5D111FBD2C413D3EC2F03DBE94
:101800003A2740BEE7B9B63EF150653C33A4863E68
:101810009770A2BE62AF563D369784BE7AB0F4BDD3
:1018200066EFF9BD39F2463EC8EF563E857C90BE64
:1018300084309C3E476B1C3DF935C5BEA17DAC3E56
:10184000857972BB4B18B83EA454A2BE255703BE7F
:101850002AE69BBC909CB03EE056963EC5BAC43E7C
:10186000509BB8BE9421B9BE38D6423EA96862BD2D
:10187000B440323DD45405BFDDAC973E92CAB6BEEB
:101880001E0A22BF9E5B74BEBD6519BD77B998BEA6
:10189000DB4955BE7B083F3E9F91CFBDEE914E3E4A
:1018A000B9524CBEBD318F3E669A9DBDDC06323EBC
:1018B00075FA91BE5FEE1A3E0C9C1A3E0F79CBBCB6
:1018C000F3003ABEA20559BEA43731BC5348A7BDA8
:1018D000C160B4BE3380C7BD18FEA2BEF29D1C3EDF
:1018E000B2434DBCD3EA003EFC9AFB3D488963BE3F
:1018F00008F2C93D16F630BD7D07B5BD8D7CAD3E05
:101900006EA61BBE562814BE8CE266BE72921F3EA7
:10191000C5C1243CE17324BEC948DBBEC402AD3E50
:10192000A57DE8BDE558D23EB9FEB53E9B3C91BED3
:10193000752E73BD24230FBECE07C73C772DEE3E18
:10194000C421D03BCF62A93DA9F6FEBDF1CA5CBD62
:1019500061D18CBE7A71C1BD3CB6E63D5EF0293ED8
:1019600015D49DBE21DC73BC60DEF23CA1DAC8BE9A
:10197000E9C6F6BB8A178DBED3ED843EB37A4ABE64
:1019800078FFE6BE1AE91D3E655F463E97C27BBD05
:101990002267053E40C569BE290782BE6398DD3DCA
:1019A00088B5E03D3BFA8C3EDDD8043FB7EC863C81
:1019B00066C4CFBE3811073E1512A53E16D980BEAB
:1019C0009DD4DBBC44409BBE1DBF39BE3D3DD1BD57
:1019D000B725BFBEEC54983D9B4924BE9FB5523DF0
:1019E000911D1FBD7817F4BDB8BAC8BE268AC6BE01
:1019F000DB98DC3E9F2DACBEB5DB473EDDF0813D84
:101A0000E4A2D0BE328A7F3E580E61BDAB53973EF2
:101A10002F4B52BD0D79283D087B0DBF90CE743EF3
:101A200039AE24BE3CB70B3F983EE33D485072BEF2
:101A3000D9A1AABD669A40BEF4E507BEDE89A23EE2
:101A400003B6C43D76459A3D4DBCB4BBD57C6BBE58
:101A500065EA93BDB782833E88C6583E03D0983E60
:101A6000410E05BEDDE2B9BD798E883CC7D57FBD8C
:101A7000BD3582BDFA2B16BF08BC413FE4A9F6BEB6
:101A8000510C2BBFCBD51DBE446F763E718B53BE20
:101A9000D80B4E3E37C7A6BCCB5A9FBECA231B3EAF
:101AA000B0A58FBD959C833E4719853E5AAB2D3E10
:101AB000C56C6EBD7BC8D83C5E2B033E4B2D9ABDDA
:101AC000BBF942BE967FDBBEEE08F7BD7E8EEB3CD7
:101AD0001CDAD6BE8F6D1A3E1B5941BFAC589B3DD8
:101AE000D1F4833EE3669BBDF244833D0898A2BED9
:101AF000FFCD013D144B0B3C7B0B1FBEBA16413E84
:101B000044DA8FBE9CD0E2BEA20BE5BE7FEC3ABCAD
:101B10007F244FBEA3A4AEBE166182BE470A403DDD
:101B2000D91305BFEF20843E6BFBD43EAEEFEE3EF3
:101B3000E60563BE9C29A2BD38ED1A3F6D64BA3E2E
:101B4000125C3C3F2893A0BE8C5F71BE353EF0BD59
:101B50006B44A4BD771F043D8C11DB3D3286BDBEB6
:101B600067BB783D51548BBD9AD98EBE450C14BECF
:101B7000272FF0BE75366CBE2F043F3E802CD6BE9C
:101B800001ACC03D4940B03E6ADC143FAEEE9E3E23
:101B90003BF9193E84A68FBE34FB8DBE29239F3EA0
:101BA00095DCD43E5B19613E8E1A0F3E922F7EBCAF
:101BB00039C0F1BE592FE63EAD91833EA574C73BB7
:101BC0008A7485BE699456BE335782BECC3B2FBE05
:101BD0000940213CBC7B243E0E91A83EF6240EBF5A
:101BE000D67BDEBEFE389BBEA81CA7BDD2B94CBDBD
:101BF00007D8E93EBE6303BE2742F6BC0C2784BE6D
:101C000094848FBEDA07833E5EAA3A3E07D6CC3D67
:101C10002B02A5BE51E5483D5B0599BE39754E3E88
:101C2000E738E63D81C5E13E166D053EEA3B3A3DAB
:101C300096E6963DA5E99DBD3629C2BE14F9023E41
:101C40005679323EB42DE43DE68A913CD23301BE52
:101C50006828C6BDF995A53E69CC823E2F4EAF3EA1
:101C6000492384BEA859CFBEF8BEE73D28A392BE43
:101C7000EEC8AE3E199BD6BE9F36483E4BF2C6BE5E
:101C80003019E2BE083373BE0C63633EFD0195BE9E
:101C9000B88C1BBE8547C33EEF5083BEAE49853E20
:101CA000C23183BED677C63D588CD23DD760F33D56
:101CB000AEA689BECBDB1F3ED8D0323E97D40ABE3B
:101CC00033FC76BE0F5280BE50FF35BE08CC5ABEE4
:101CD000B50195BD62B728BEE5FFA4BE11EA143D6B
:101CE00018594CBD0346EBBD5C0F183E6AD227BEA7
:101CF00062DAB43D5603153DB1BAB5BCF3109E3D52
:101D00009A395BBE881B013EEBE6E13DBB03E33E37
:101D100097D002BE6FD5A13CFF4F51BE2AE1CC3D0A
:101D2000AEF51C3E840F213E3D54A43EB15614BE78
:101D30007F70E03C7ED417BE586E9B3D20A2163FBC
:101D4000BA6BB03D95C6FF3D782859BE0CF514BE60
:101D500075307FBE23ABEC3E62B2CD3C2915903E80
:101D6000731517BD7BE4A0BE809E67BDACE38EBD3E
:101D7000ED180A3E1AD664BE1CAF3D3D74FFF9BD96
:101D8000D7ECB9BE0C0387BEFE953A3E84CE63BE47
:101D9000E8FBD3BB08B21EBED6F54DBE44066EBCF2
:101DA000C59285BE6A43B13D90FED73DD4241CBE8A
:101DB000C5FF3DBEE7835D3DA73C753EF27BE3BDBD
:101DC0009B3CF13ADD7EA6BD2F50C5BC0C7247BED0
:101DD000882A98BE64ECB5BD39D680BEF65BCCBD12
:101DE0001B41913E58BDC6BD547EACBE0F658BBD38
:101DF0007F6A3F3D391E59BD8D0897BD061A2A3EA0
:101E000092FED33EF8CA63BEC8E3F2BDFF7983BE3B
:101E10001F06403E239B61BE6FF9093FD3E8963D04
:101E20006BCD73BE12A1D8BEA2978BBE430BCC3E26
:101E3000641B97BE745566BEF5A7413FEE7466BE3F
:101E4000753F9B3ED196EDBE7D39513EBC3B45BEB4
:101E5000F7A93FBE0B81A8BE271221BEA608AABEC5
:101E60009E90D93EC6DEFD3E9A4FC1BE79AC2DBADA
:101E7000144759BE9DEA053F0BF21BBFA976DD3E14
:101E8000D5A9313FE9F67F3E5581F13D1D17D83E7A
:101E900000CC00BC1B011CBFB16E4E3E2D39A0BE54
:101EA00046AD643E4EE44DBE0052F2BD90AE9DBDC7
:101EB000BD9A2ABD097F6B3DB9DB9E3D8CDC8DBD93
:101EC0006156663E504E003E43BEC2BD38C24B3ED8
:101ED000C4950D3C3BC52B3E7D4E743FB4C1ABBE9B
:101EE0009A44463EA1F278BE9BEFA8BE60BA843EFB
:101EF0009085FABAA39455BEC32E553E0B12E3BE8D
:101F0000072F98BD16262ABE94D289BE907A2EBE7F
:101F1000D6D56C3D5578A0BE32FC6B3D7C13C2BE5D
:101F20001524DCBEE577F83DC407A33E9749243E5F
:101F30006BFCD73DDE7FA73E2A572F3E54BBA53D05
:101F4000C03A883E2CD93B3FA49F233E519FC43EBC
:101F5000E1718D3EAEEC73BEDFC2CB3E41A856BEF2
:101F60002DD166BC6CF5303EF37924BE3EB4003F03
:101F70000242BCBEE11A703EFDC590BEDD794FBD88
:101F8000FCB5023DF00919BE8DD8E0BDC7B98E3D44
:101F90000633513D355DBEBE311622BE4FF7893E38
:101FA000CB73663D122EFB3D117E843D85FCD33EF6
:101FB000E3FAF4BE5ADF84BEA47895BE426CD83DE5
:101FC000A482083E0C96EABD5AA8EB3E417C283F0D
:101FD00089B291BEAF50C4BD42AA243E3E5D76BEDA
:101FE000076227BE9D2C003D2A05C53D050AFEBDA2
:101FF000F1532B3FE0685D3EA25829BE267AE23EAF
:10200000CB3F3C3D0AA24ABDEA1DCE3D9A984F3CCB
:10201000C17F46BE89519EBE69D9463DA2A62F3DCD
:1020200018150BBEEA667EBD907C813E65AE85BC10
:102030006C26F7BDA51511BEB9C2B63C5F6B4F3E0D
:1020400010F6063E213E263FA4F41C3DCBBAE53DEA
:10205000E0A6DC3C9469FABC2B940F3CFDA0893CC3
:102060005D651B3E1F12A1BDEAFE5BBD1B5E813E8E
:10207000B835F9BDB666273E112C38BDB32CD03D1E
:1020800073ECFD3CFF274ABE26EB903D88FA7CBEF0
:1020900047DFC5BECAAA85BE62C8D2BDC9341FBD4E
:1020A0008CDAE43C6A8A1EBEB233183FC97F65BC35
:1020B00000EDB0BE8C8B933DB10C923D51F7ACBCA2
:1020C00095BCBB3E063DD63D0C052D3D4559583EC1
:1020D000569498BEFB0E24BEA7771F3CA27238BD53
:1020E000933D6BBDDF9E35BD3550FEBEA9C863BBB9
:1020F00030F1633E0DF341BED4BA11BE12816C3E85
:10210000955486BE01F3003EA965393E1ED6C33EF6
:10211000030D96BE41A11C3E4B8593BEEA2C0A3BA3
:10212000AD3192BDEAA1C73DE4646E3D2549A8BE2C
:1021300039B0FC3D3B7CC8BD3B4292BE38CBD13E62
:10214000C02487BD224E623E085E96BE8CBA203DFA
:102150007B96DCBD5067A33ECE4A4D3E4E49693E5C
:10216000ED4682BD7648C3BE8FBA6E3ED8D089BDDB
:102170007FA6463E5933ACBEF41B9D3E54EA48BE92
:10218000E0CFD7BE79E390BD3EA7FDBCEB298DBE65
:1021900055C386BEE85E123DF5C258BE1678023EB3
:1021A000899D8DBEBE768B3ED4954B3E7C35873D5A
:1021B0002AEFD8BEBDFBE93D91BF043DFA9FA1BD0A
:1021C000FC8244BEF0003DBE57D4333D2B336FBE7E
:1021D000167F2BBEA9F523BEBF69A7BE8B97D53C42
:1021E000CA10C33DBAF4243D55BBDCBB51E330BE3D
:1021F0004569A6BCBA2867BD88C926BD9F68C03E90
:102200002616B8BEEE858C3ECC33083EB1C0863E65
:102210006E85BABE680224BE04D98CBEBEE333BE4E
:10222000A4D629BE9E028E3EFE91503E340ABEBE0A
:10223000E7838CBD6C51D8BD424CEABEFFEBF43E47
:10224000D1563DBEE108BE3E29143BBE536ED2BD01
:10225000556D4A3EE9C86E3EBCF2833E8D21B53EC7
:10226000E63494BE72C6C3BE0141DD3ED42632BE02
:10227000528CCF3E94D3FFBE969EC13E299AB3BEE8
:10228000C46D0BBFD36123BE26CE1E3E742FD2BEBB
:10229000DA9DA4BE0146C33E56431DBE5AFF233EEF
:1022A0008AC5D4BE6C56703EE499593C4109BB3E88
:1022B00097F3E0BDFFB5383E82330F3ECE6C173E3C
:1022C000E7F282BE0A800C3ED76021BE44EDA53DF8
:1022D000F53C3CBC235D46BEE31400BF7655123E80
:1022E000D6115FBEC892113E38744E3D3BA384BEEA
:1022F0008CDE083EEEC0EE3DEC07F43CF245F83EC5
:10230000FF749B3E3EA1EF3D54D2CA3DF11902BE7F
:10231000C525853E54E0F63D5DA64F3D301FB0BC5F
:10232000C1980CBEB08CC3BD219B18BE391F39BEED
:10233000BF284C3CA31BAB3D216984BC4B13A43C80
:102340003C2CFDBDDBB6E4BDD594D33D79DCBABDF4
:102350008FB4D6BC38CF2DBEFD44CCBD089A53BC3B
:10236000F974A2BC2A92923DE7EC813CD427BD3D92
:10237000D2C98B3CB7AD953ED8D59BBE05EEA53DE9
:102380005A1D013E25DC8F3E14303FBC68DE04BD83
:102390004D07493E74F0943D359CC13D8E2AB6BD33
:1023A0009D0861BE58D5F0BC223D453D1068433EB6
:1023B000EF525BBD8D412F3D8BAB053E2AB9173DDA
:1023C000C5DEE1BD0ECCDD3D55E997BE121761BDFE
:1023D00074910B3D7FF45B3E9078423EFAF773BDFB
:1023E000A2D2673EA735C0BCB197E53D5B9B813E5D
:1023F000B622A1BDA3FAD73D525A2FBE1C7F2CBCDA
:102400000AFF44BD3CE902BD64C013BD296B3A3EDE
:1024100080DDEEBDADFB903D7B9181BD9A2C84BDEE
:10242000EF830C3D62291F3EF9A0103E8B195ABD67
:1024300060071C3EDD4DC33DA41F12BE10A7353EF4
:1024400011A76BBE3AADD03D9C83093D43DCE3BD93
:10245000F694823D59DD55BC2E19973CF19EAE3D58
:10246000AA7406BE20DA0F3E001BF2BD8364E8BCEE
:10247000AB08CB3DB5BF1D3EEC9ABC3DF30E283EEC
:10248000171228BBF6C58FBD99017B3E2A8289BEF3
:1024900064C1E5BD7543E0BD951E9B3CA857BDBC1E
:1024A00099F389BEF528083DEE204ABD78FD693EC6
:1024B00056F804BE4C1A9C3D385751BCE58A3ABDCB
:1024C0006E998C3E1D0F4BBE56121EBC48596F3E76
:1024D000F42E3BBE0D90F73CC1EC10BEFC14BBBE0D
:1024E000C73F95BCD6F989BEF9ED533D9D6329BE22
:1024F000BBFC27BE6C5E90BD33CD5CBD63BC423E71
:1025000063B3DD3D2DE9B5BDED852B3C1878F7BDF6
:102510000786363D435030BEC76F033C038C18BE60
:102520009F2195BD0630E33D5E82123EF56A85BC73
:102530001D372FBD65F31DBC011127BC1FC56F3DA5
:102540002A54E93D1E88A63E23F53C3ADE1BF23DA7
:10255000F0E9AE3DF5203DBD640B183EAE54243C81
:1025600011EBD8BD93BDD73D83A020BE7B4B673E0A
:10257000C70A363E1D6F093D055DF5BDB2A527BBF7
:102580004E5CBABDF94FC9BC86562E3E15BD7FBC08
:1025900056F8203E1A1D96BD6D60EDBD3A41073ECE
:1025A0008B4A9BBDEF1771BDC7EBF83D51C5133E7C
:1025B000C8371BBE196651BE6DD810BEED305EBD6A
:1025C000ED99FA3DCA1416BE08EA323EAD8FAF3E11
:1025D0007A3E64BE2AE74E3EBE84E03DF0837BBE79
:1025E00000294C3C764ACEBD2A7A86BD513E89BD33
:1025F000DD38B33D3C28F1BD63460FBD86C1593E71
:102600003FA8373EBA15F03DA44AA53D13A8383D72
:10261000FB590D3E97EAA63DC77833BDFF2B75BD2C
:10262000D96A173E1AA70CBE2CFDBEBE5CB3E03AB9
:102630009FD5D3BB126B9D3DE4B09C3C8B392CBE27
:10264000A5D1FD3DEA24D6BDE998C93EC7EC1FBD22
:10265000120124BD13A3563B94DE4D3E5B10453C56
:102660002A68503C573F0F3E01F6C53D2339A83D2F
:10267000B25CAABDF4D9B13DF586C1BD2C9A103E1D
:102680000D7418BE1998AE3E2E4A1BBE499B903D54
:102690004148143EB6FF823E4F4298BD7087FFBA54
:1026A000A95B08BE576315BE825FBABDCB00733EFF
:1026B0003E12F8BD481C233EB7DCCEBD0D46733E2E
:1026C000350F563E3139363E46634ABEBFEFA6BD92
:1026D000F9E3E43B36E741BD2DD0A3BE3DE4A7BD01
:1026E00056014B3DF5E71EBEB1A4033E1910E4BDF3
:1026F000430FCCBD9FD4413EFD484EBC59D8D5BCFC
:10270000AE41D7BCC93A4ABD34DE623D7C29FCBD2E
:10271000A785513DEE28B0BE44D9D3BD2578FDBC78
:10272000765811BC83F8813E69CA853DF1BE243ECE
:10273000641F563D51294DBEDABEA43DC5B1493D89
:10274000A64C9A3D624FF83D7F76D0BD6DAB8F3D74
:1027500045F57B3C28191A3E1A611CBDC589D7BDB9
:1027600032338EBE94E6E6BD9695A83E52A000BCDC
:10277000924874BC848038BE1934023ED038B3BC51
:1027800038DB71BE4B9389BDC5B59A3DE47BAABDCC
:102790001D35913DECA78CBB29701CBD3DCB56BEB1
:1027A0008CA9E33D56D98D3D2FE17A3BF436EC3DC3
:1027B000E8C8B7BE55C85A3E9CE660BE49D2DB3D6C
:1027C000248E64BE1791ECBD95D1DD3D96AB363BB2
:1027D0005F9D79BD6F7039BE148C453DDAB4B33D51
:1027E000D01B613D2CF567BD455ABE3DE90AE53D6C
:1027F0004A4587BD9C69F0BB7E4BF0BD9A60C03DE9
:10280000DB9A163B7FD942BE76136BBEA5AEB53DB3
:10281000823492BD9EAE0E3E0ABD923EAD8B453DCA
:10282000D77F8CBE85B6283DA93DA3BD55A8CF3D19
:10283000CAAF88BC1AE9C23D068E203E2FAF6D3D5F
:102840005A69533E8242B9BB76A3F5BC1CC877BE19
:10285000F6F8A5BD80E323BE2A36473EC7C999BD19
:102860003BDB7A3ED481303E876C3C3B7E3B9FBD58
:10287000CB01A8BE4014023EDCE03EBB73B406BDF3
:10288000373A1B3EBE30CE3EE483F2BB6AF4983E3C
:10289000838305BE1D2AE1BC87FC0E3C200CC33C93
:1028A0003F7B0C3E9C1CA4BD89E0EA3DD64BA6BCF8
:1028B000162650BDE921B53D9D12A93D71CA13BE32
:1028C000AD856B3EAFA3A53EFB9B87BE00F345BE27
:1028D0001CC789BC2DB4B63E9319CBB94CA10E3E92
:1028E00069B17FBE265125BE555638BDF29529BE29
:1028F0008947D63CAF9E19BE09E554BDFBE210BE28
:10290000E209D63C0C910DBD7CB203BE338144BEBE
:10291000CC449E3ED9629ABD48FCDE3D78E2023E40
:1029200090C983BD703CE33D917118BE46C3F53D2F
:10293000BCDB10BDCE72123E5956F83D2428C53D71
:102940008E928ABD700E3DBD0FAB173E562A86BDD6
:10295000FC7F39BE94A653BD6049C4BD1D0BEB3D41
:1029600090BB7ABD4DEA1BBD243746BD23D42FBE94
:10297000F900F6BD0214A5BCEF0DFCBDE4D58D3DFC
:10298000DD3CA33C0DADD43D88CBB83CC5DEA63EB6
:102990002D040E3E3B622EBD5DC4F23D93FD663DAF
:1029A0000793983AF1E8BDBDF3A0203E3D2D4A3E85
:1029B000DD41E8BD68E2FB3D68CAC9BDC24CD5BD7A
:1029C0007E02803D3354013E5D9D013E9BF856BD25
:1029D00009C24A3E7F3029BDFA13923E843237BE87
:1029E000B135E5BDE2E5A7BDF26D91BD4976223E68
:1029F000CB2043BC94B59A3D68181FBE0B62663D60
:102A00008E37063E14E40E3D10F694BEADC18D3DEA
:102A10005EE41C3EFF8B583D481A81BDB6EA1ABEE3
:102A2000F8A19E3DA2DEFEBB291141BE2645E5BBB5
:102A3000FA4C3BBEB9D21B3E39DB513EF06FC13C74
:102A4000ED12CABDF39105BBF398AB3DBD272ABE7D
:102A5000026E223E3B1C833C5329743BFC2233BD57
:102A60003B3C8D3DC7375E3E14CA29BEF70F9E3EE4
:102A70004BA39D3C744BA63CE0E61CBE995D8FBD0C
:102A80000F100BBEDE03813EC0FE1E3E351C993D7D
:102A9000F4E32A3E462AC5BD7F9F22BE1C3CBA3DB8
:102AA000A8F12EBD213392BCA1A3BABD7E9D15BD58
:102AB00095DBA4BDAB998D3DAFC856BE5D618D3D24
:102AC000BCB6833D5A007BBD5AB337BE85BB183EAA
:102AD000861AB83CC064EDBA4A550FBD85E979BD88
:102AE000D571403E477CD73AE24C9FBDB59FB0BD03
:102AF0001307EEBDA9A9323EE1C5133B48D5333ECD
:102B0000D5F1B4BDEE9494BE477066BDBB82B9BE2C
:102B100094F9B4BD2BAEEBBEACEC69BEEE80DFBC6D
:102B2000956004BEC9082F3ED0C7BBBC6134943D3C
:102B3000EA1DA5BD12CFFCBDCFFF74BD5FCC0DBE9D
:102B40006806883EF9B2833E9D912F3E2C1300BE4D
:102B500054C0C5BDE0ED9ABE3669C33EA31288BE1F
:102B6000900A04BE3B5A32BE374C093E2658F13D0E
:102B700040F8EDBD84C8E2BC0506BBBE664F17BE7B
:102B80001A8B653D1339313E2461463E7248DCBEE6
:102B900056F40B3E796E07BEB57686BEE856B93D53
:102BA000C4F863BDCB18EA3E913FB83B26E942BD6D
:102BB0005A9D53BEABF7D33D2B8DD2BDD66F3A3E57
:102BC0002F528BBE2AB48DBE50F806BD5F456B3EBA
:102BD0001BBF23BF6B8AB63D47E9733E128007BD1A
:102BE000B93EFCBE5F788ABED96C0FBE0E128BBE9A
:102BF000520152BDF1FAEB3D1961BD3D9303B63D63
:102C00009601793EB81561BE22A678BE9FFA82BEB3
:102C1000FD00A43E4A0101BDC15BAE3DC64318BEE6
:102C2000DDC497BD32120E3C28671E3E6731A03EC0
:102C3000266489BE2F87C43D54371F3BA43319BE79
:102C40002406483E3E725EBE9DE4003E55F2AFBD96
:102C5000C51149BD68EF15BE2535BE3C9CF4C1BD0C
:102C60006E1AB5BB77C67F3D17F6F13C5EAD303EC0
:102C7000750DFDBD0A05983D8AF16EBEC0DE4EBDE4
:102C8000EF74933C8ED5803EB9C6A8BCCB3E133EB4
:102C90004423413E99C00ABEDD418FBD0B16C5BD20
:102CA0001BDBC6BC16A120BEAEE8F23D00DB49BC72
:102CB000E806303E52D66C3D7BF475BB8AD9313C78
:102CC00052984CBA0B0AC73D767F14BE741AEE3D7B
:102CD000CF4D8DBDDBE9473CF7DFC53D80E0DCBE75
:102CE0001D19AABED6B1CBBD157DEE3DB4168ABD69
:102CF0004661C6BCED629FBD06FC00BE79F9F6BC1C
:102D000059B5AABDCD3866BD7A97BA3D757A203DD2
:102D1000308F3E3D9295103EAF853ABECF96A2BA17
:102D200069BB0CBE9CDBAF3DB2650F3D47DA2CBEE4
:102D3000B0642CBE634B3D3D85FB31BDFE868C3EB1
:102D4000EE874B3DFF15643E5FA15EBE37628C3C53
:102D50009A103F3BE8152D3DAEE4333D738219BE1A
:102D6000E00FBDBD97E78F3EEB4D25BEC784E53C28
:102D70003F7BF83BFAACEC3CB0136C3EF23C47BDF9
:102D8000BA711EBD8D004F3C01BA463EEC326D3C1F
:102D90009190363E0B541B3D7D5903BE1A7B343E49
:102DA000CF8D19BE79285CBDEE0B34BD78B11F3DC7
:102DB000D09F9EBDCCEC503C083C18BE8BADDB3D9B
:102DC000325D90BD9582F53C6D1AC33B1EFFEE3D12
:102DD000A8E073BECF49A0BA8BB5E5BD635363BE0F
:102DE000FA2AD43DA2F694BC27E0AABDC00FA1BE2A
:102DF000A515533D5E910EBEEDBD86BD2D63E3BCB2
:102E000033216F3E4D253EBEAEF353BE22EE8ABC4B
:102E1000170310BD956E913A2D09873C58E9AEBC59
:102E2000C75C26BE1B75DFBDA6F73DBC9A17C8BCA4
:102E3000C71917BEF01CE6BDBB9B513E0DFEC3BDBE
:102E4000635440BBAC74F73C7F3D1D3E805C8DBC41
:102E5000E21081BE591BC3BD5CC2CBBB4A59AABD9F
:102E6000D446883D35FEF13DEF21DF3C594FE8BDAA
:102E7000BE09AFBEE98216BC2CF6063CC0B87C3E4B
:102E80000DEEC33D652B913C47DC1C3EEFEF3F3E12
:102E9000007670BEF28668BE43AE19BD136017BEE1
:102EA000CEACC93CCA9E743DEB0F423D255A8B3ACD
:102EB000310F7F3D9E13BBBCE053873D40CE97BE94
:102EC00004E053BC86FF893CA62FB93DED52F2BD0C
:102ED00079C1CC3D04D28D3E2859093D005324BE12
:102EE000F6FEC5BD1DDB933C5A41E13D410EA73DB9
:102EF0002D2CFF3DD34471BEA651883E3993D6BDDB
:102F000012C10ABD2D9549BE7719FFBD8C6CA7BDB6
:102F10004A7EAF3EB98997BD1F74CC3C1714F7BDEC
:102F2000A227273E96A0D13DEC9F4EBEF28600BD63
:102F30001043A4BCED0B4F3DF8DF9FBDEE5EBABE63
:102F40004FEE1EBE8CE6FA3DB00E5B3ECE5AC6BCBE
:102F5000BDB09D3EC98142BE42D5AA3D6260153ECC
:102F6000E0FE1EBEB5CA053EFDC59ABD7405753EA0
:102F7000DB26643D7D41993D59BFF8BDD51BEF3C33
:102F8000985C20BDCC253C3D07D47EBE32FD01BE01
:102F9000A51BF33D9427FD3D0664BC3D1AB7353DA6
:102FA000031C90BD8C72053E6EBFEBBD83570E3E79
:102FB000D0557F3EF0845CBD5DD966BE4303D33DF2
:102FC0008045DC3D611BA43D25299B3BE5F4903CFD
:102FD00044C8FE3CD20220BDF452173D657722BCA6
:102FE000BF7419BC4363603BD5A0D53DABA9CABD36
:102FF000E4D156BEA77C5A3DA5995B3DD33D473DE4
:1030000056E9763CCF7E05BEA18BE4BC060698BD92
:1030100010DAAD3E17E7BDBD0687913CE9884DBD8E
:10302000890A5E3DDC73483DB2AA8CBDC5A7343D1C
:1030300043018DBE1B63303EC6B4343ED07B96BD8B
:10304000B670133C581AF0BDD4396E3D7A732FBD5B
:1030500081E991BDACFB54BD176425BE89C3173D02
:1030600092254BBD49016C3C2CB4DDBC45AB853D84
:103070005C24CEBDC85E443DF588593C1CC7C037B2
:10308000FB032DBCBC91033E86DC88BD1FB14D3DCA
:103090006E93FEBD3E2810BE19BC813D8FF6FDBD6E
:1030A0001111AF3C30680FBE8F7486BDC165F33D12
:1030B000F2A057BE5F970FBED51D51BDCD2803BDF1
:1030C000719AB03C7F4D02BE5AE787BD223DCB3D91
:1030D00091407CBE98FFBA3CCDB10F3E0A1CA8BE01
:1030E000AEB0E43CBAF910BE54FADABD67573E3EC2
:1030F0009E9B4FBD5108D1BCC09C023E828C4B3E72
:10310000E8987CBD53D9BDBE402A80BE7AA949BE8D
:10311000E06182BD244B1C3E41F2583E7800223EC5
:10312000A7AE54BEB5B2C1BCC4144A3EBBEDAC3E62
:103130000ABB7DBE5F1AFFBDFEA3293E7DCD403E8A
:103140002328173E4BB5AB3CA0A72A3DFF9C39BEB8
:10315000DD295FBEE6B5C4BDE86DD7B9244495BE90
:1031600071261C3E8613C93D930D26BE034785BEBE
:103170009E3CBEBD0A3B2C3E32B551BCE37DA2BC99
:10318000BDE6FA3DFBAA793D6B2A883E79FF433EB6
:103190002F81E2BD28661ABDBE3DFFBC4D6B203DB0
:1031A0003CE5983D69A79CBDEFE5853D5494CCBEB8
:1031B00018C3CA3D56B6393EE080663E32D9E1BDFD
:1031C0006A8C143ECA49D3BB3437E4BEBCC00FBEC0
:1031D0007D0D0FBEEF10AE3EFE594E3ED2A39BBEFC
:1031E000802D38BEAF56BABECDD78EBE047012BC8D
:1031F000AB70423E5A53CEBEB24F8C3E1C191F3E9E
:10320000C23D373DCCE30B3E0117A13EEEE4D63E76
:1032100052D0CDBDBF933F3E7E809ABD00CB653D71
:10322000C169493E492D033E6B5013BD8D0CA9BDAC
:1032300044F432BE640065BDB5CA5ABD43D3183AE2
:10324000076079BE286194BD219905BEA5D139BE1C
:103250006AE5D3BDD222DC3E032853BE17DFD13D41
:10326000B001E23D7B73763D7B4F50BE2A38313C46
:10327000CA347C3CEE4F023DEF4FF43D846F9FBC5F
:10328000747A723DCD4D9D3D6472AE3EF16345BD95
:1032900026DD8B3D3AF0A73CA46945BE96A71C3CB1
:1032A000FB23BABDFB9E7DBDD41135BD48F0513D19
:1032B000BE6ABA3D7F0AA73D039B66BDCEC9B43B3B
:1032C0007D3D6E3E95B55D3D4FC2A4BCBCAB8C3E12
:1032D000190B853D0119913C9306C3BD7A61CCBDA4
:1032E0003B21543FFA16023D84D764BEDB06C93D3C
:1032F000C5AB7DBED4534EBE9B3E973D7E1EB3BD37
:103300002203A0BC90BAD33CF6C66ABEA6CF94BE38
:1033100062494F3E7C6489BEE8FD65BE8C10653E07
:1033200006C5AE3CAE8AC93D7A93003E81D5983E33
:10333000390FA6BD7BAE0BBD9120B93EDE83923E18
:10334000599C6E3C85BC90BD3B2349BE3C7988BDF1
:103350000BBDABBE6E2CD03B443AE9BCA5D4DA3BE6
:1033600029B0063E347012BC1871D63DE971FCBD1F
:10337000C1EC5ABD241D62BCD3CF37BE11C2C43DBF
:103380005FFA3ABD3D0F4C3E668525BED39105BE22
:10339000D7FC3DBD15077E3D839DC4BDE5995CBE50
:1033A000DA61E9BD5052C63D8AC9643EEAAA2ABE26
:1033B00088E5A5BEEBFD5D3DD11379BCAF968BBD15
:1033C000FFA458BD7F6A253EF26A1A3CB38730BE1F
:1033D000A92C48BEEA48AD3C7604163E69C6993D24
:1033E0001A1293BE6118A7BD83207ABE4A8B7CBD9A
:1033F00039CDA43D2E309DBDD7108E3DFE2556BE45
:1034000015297FBE100B94BE0256183DC644823E5D
:103410002100BE3E9B25E03DCFAA8DBDE81D0EBE1E
:10342000E36933BED1F57A3E830BF9BDE9DC683E32
:10343000742C27BEDC4F393EB818123E8F65A9BDEB
:1034400089DF983E573119BEB9231B3E1713CB3D78
:10345000458E10BD615AE13DFE5B60BDA9E3233C92
:10346000B125B93BD6FBAD3C14A22CBEE414AA3D59
:1034700093B8A3BDD6F5FABDAA90013EC7EF0BBE27
:10348000CBDC17BEFBA3913EF9A4BA3DC252333E3A
:1034900044A8483C17E34D3EAC4BDFBC753181BDC1
:1034A000273F00BD3B0EF6BD667EE8BD946D26BC91
:1034B00040CC0ABD53C39DBD653CBBBD665F8E3E1F
:1034C0006903783D6F31A2BDA2C2A13E48AE473E1E
:1034D0003CDB95BDFD7E7F3EEFE183BD32A0FEBDAE
:1034E0008889F83D6EA4E5BD9600413E8A7E6A3E1D
:1034F00006C8853D433FEB3DB72A47BE103CE0BCC4
:1035000000315DBED301603D134C893E9AC8933EA5
:103510004C8C5C3CA09A993E3B9B65BEC77CB6BD7B
:103520006A0637BEE56FE93D74D93ABD795883BD67
:103530004B71B5BDDC61F4BD14BBDCBDCB222D3EAF
:103540006CE457BDFAB4263DB9E838BC611F1CBE17
:103550007F54D53DAE737C3E3772CBBD4F8C043E5D
:1035600048A8C3BDEC5DD63E4D1609BEC3F4A0BD50
:10357000DAC9A73BED87E9BDC0BB8E3E6805B13C0B
:10358000952983BCAC9F84BD67686F3E8B73383DC3
:10359000E0572CBD96E1113E60C117BE98E0E33CB8
:1035A00099351ABE35A96FBEBA8B07BEAB95A13D42
:1035B000D970303D7034933DF8A7933D1AEC573DD8
:1035C000594F8F3DC6F5153EC7E580BD52E260BD3F
:1035D000F781A13DD0A2BC3DD0C167BE15B650BE9B
:1035E000C05C153FA51ACEBD739098BD50F2513CFA
:1035F000C2EF92BE1EF3C9BB5D7FA83C293804BE52
:10360000F2E484BD7CD6043ED5B64CBE3F2343BD18
:10361000FE24D23E97B5293DE15CE83CB6E059BEB8
:10362000E7ED01BE08302F3ECED8F7BD4F49DC3B59
:10363000BDE7813DB2D6B63E43D32F3E77594BBE50
:10364000E6F909BDE71988BCF3D04D3E1358413B5C
:10365000DA53323E0379AEBD6148033E11AEF5BC8C
:103660004877C2BDD6363D3EF5C220BED94BF83DA7
:103670001FDC33BEDF590E3E892902BCC1F83F3E34
:10368000F7EE0F3D6725963EA9E654BE62718F3E68
:1036900010C1B33E1F3B313C72F221BDFA7D993D12
:1036A0004A073D3E57A921BE5055883DEDE6B5BCC1
:1036B000496F3BBEC40540BEA31DEDBDE4EDCA3D50
:1036C000B8C17B3E98DE7F3D33AFA3BCF97859BDCE
:1036D0009DAB8C3DBBBCB73D1DBBD53D9AE3033DC7
:1036E000B6630E3D686483BD3E7B0C3E621268BDCE
:1036F0005232A13D57FEE9BDB165873D826C10BED7
:1037000038819A3D518857BDB7BC1DBD415AF43D23
:10371000BB5EDD3D22835D3D3B25063E18CD73BD7E
:10372000EB53493D3D46CA3CBF810FBDAB26593ED8
:10373000085C4FBD015D9E3DC6C40B3E5021043C5C
:10374000E6FE2BBEFB5EE33D59E5163D046E16BE5C
:10375000C6A92E3E353889BD25EB1DBC7CB1093E7E
:10376000F5A730BDCF168B3D4FAF31BD72217B3EEB
:10377000CBCAD03CE197BC3D135414BE7AD3253E4E
:1037800092DB823CCFA4F13A5621F5BCE7DC06BEC1
:103790001AE3993DE3BCE9BBD03DC5BDF2CA423C4A
:1037A000A7303DBD7714F7BDC956C0BDC8F648BCAB
:1037B0007C000A3D58B0903CB9FC6CBED67D7E3C86
:1037C000DD44E83E3B6B3CBE1546A6BDD537A93D62
:1037D000DD4FA23D95DA98BD3914F7BCAEF2D03D6D
:1037E0005414EABC0155E4BD3F9C193D16FBD5BD00
:1037F00011215CBE427190BC90244F3E9C4B6CBC2E
:103800004D7112BDAF30D13DAEDAAB3C2BF790BC61
:10381000666A85BE9E52DDBDA4D7223EC776653E50
:10382000AC5C513E2233E9BD9623063EE1B41D3E19
:10383000A3F98DBEF1B870BE4859573DDD28B6BD1D
:103840006401A2BCBD8AF33DD1B746BD4B2D23BD5B
:103850004A6A09BC8321ADBDC31CC3BD92B476BD09
:10386000EF28813EF75D093E3B62993E280CECBC97
:10387000064623BE9651ED3D5647D5BD1DF6753E15
:103880000CF9203E91EFA6BDCD75F63EB905D3BD2E
:103890005AF180BE7B0D00BE535EA43B116179BE20
:1038A00054AC083E2824C33CB5CF8C3DDEC90CBEC9
:1038B000F4A516BB1C33723EAF79603E721F9C3D6F
:1038C0007071493E9C206BBD3B3AF93C543B7CBE39
:1038D000BF5CD43DAAE71D3E3AC382BC4B2DBEBCA3
:1038E000FD4FB3BC2A3D00BF902AE5BD1C70133AC2
:1038F000E65308BEFD3F10BE9C2F113E862622BB1C
:10390000C2061C3E5891523CD91F33BE0E19313DA0
:10391000CCF4133EBCE1383D1BA2733D5B44F4BDC7
:103920001764A23DC0A59ABD5EAEB6BDF07DDC3C7D
:1039300049F6E7BCD01142BCB26ECD3D4E0565BD27
:10394000C2FC6EBE2F1D15BE00EAE93D3BFBB7BCB5
:10395000E273F9BC51A438BE9C902DBE0A95D1BD2E
:10396000EBAB1FBC0770F03C81FCC5BDC0EAA93DB4
:10397000C4498FBC75714C3EE69C1ABE6E76A13D63
:10398000439C223E5F43573E361269BEDEBC193E61
:103990006C15163E6ADF12BEB875903D3E70F9BCDC
:1039A0006A35393B061C0E3CD0ED5E3E58E1693D60
:1039B00024E827BEEEE298BD1D8C2A3EFB6689BD39
:1039C000A49AAE3DCA53F13DEF83EB3D05E12C3E99
:1039D000026C02BD04EB1DBE83663D3E30762CBEFC
:1039E00018F7DF3B73E004BE3BCEE1BC8742063EE6
:1039F000BB151FBE7BF2293C2A678CBB0F97063E86
:103A00003F82B33DE15A36BEC0AF22BE905D07BED5
:103A1000469AA13E85655EBEC004B9BC148854BDFB
:103A200086F4A8BD0BF5FD3A93B762BCE81864BDF7
:103A3000BA5B4CBDA2965EBE66D9DD3D72B78CBD49
:103A40009FC5733D4E5CBB3DB8F382BD1513F8BCFA
:103A50000DAF21BEF85397BD3D7D203E7F6FAABDBF
:103A60009868A3BD178A3C3E707D4E3E3DCF923E86
:103A700001FFBD3D24C9593EA184D3BE1541E33D9C
:103A800059EC06BECC97A83DDC9B163CEEC529BE82
:103A900067D0953DE3F1BD3C0C17313DFBF161BDB5
:103AA0008C82EC3D8729613EFC0B24BD7C61AD3BE3
:103AB00036C6D73D2A1F5ABDB23B9ABD2850CF3CCF
:103AC000F510F13C83D91B3E698D0A3E3150B0BBE5
:103AD000F0F8E8BB7B46413DEE2D953DDC58EABD54
:103AE00032CAF93DB00AD1BD845784BE91E057BDBA
:103AF000A33E99BDD648F63C75BAA83D332D5DBDB1
:103B000003BF323B466A9F38AE9CE4BE2563313D1D
:103B1000FD54883E99F702BC2549863E54381B3C2B
:103B20007B6FBD3D2E9EA6BE142679BC3E78283EF6
:103B3000F0B84BBEE34181BB3FF3A13ECB75C1BEA4
:103B40000C19E2BD2D0417BF5B8E103E99FAF2BD31
:103B5000EDA386BED8F2ACBD89E8DFBE1858DE3CC6
:103B6000A7C18C3E5A233C3E9AD6BABDBAEE1DBEC2
:103B70008335ADBEC52DC83EB32675BDEE96443E19
:103B8000BB04BB3E2BFF433EB36F993DD0D77B3E7A
:103B9000519300BEB0FC0ABDBA6E463EACD53FBEE6
:103BA0008D81803E067ED4BE32AD9D3C11CC87BD5A
:103BB0003473383D91969BBC4CE981BD92E284BD43
:103BC00080DBAC3E85481ABCEF56F83D1E4AF0BC7F
:103BD000C86EA4BB2B271BBD7D19F83D0B1B23BE54
:103BE0007B15B23CB9DF3DBDBCBBE9BD65A0D23E93
:103BF000429A24BE8C1850BDFDF4543D0C5E2CBE80
:103C0000C77A483E4717923D570A0E3E6E780FBA64
:103C100040C766BD7621AA3D2FEF11BEC8AF3E3D1D
:103C20009173DA3DBA7765BD23A9A0BD1D42B4BB2F
:103C300091AD0BBEE84C4ABE090C53BD8F1EE2BAD3
:103C4000063F09BDF8CA1FBE6715FFBA2225D8BDB9
:103C5000F3D06BBE28D873BBEA210E3DA515143DE9
:103C600014B36DBD2A79573EC6773F3D1FF74E3DD1
:103C700093BB073ED2BA6A3D06A74A3C6FBB1BBC4A
:103C8000B4F13D3EB3D3383DFF02943E66CDEE3DE8
:103C90004E84ECB80D746EBD1D15473EC253F1BB8A
:103CA000BB6E1CBE976EA03CFE683BBEE5C8A63D41
:103CB000EE0E523C5D7DC33D31049B3DD082883D7C
:103CC00005DD213E47F7553D07E538BE2D0ABBBD52
:103CD0004326263DBEEE683DA916A73D2439DEBB2E
:103CE0004D2D483D2F9883BD645E5CBD80C47EBD74
:103CF0004F9699BDC228FD3C373BA93D18B7AABDD8
:103D00000EA0B93C3574913C7D9584BE4117973D1A
:103D100069469D3EBB13413E7F2AD0BD05D8993CE4
:103D2000B0DEAD3BC9C70F3E689C49BEF596E4BC0A
:103D3000AC1954BE9AC68A3DD8F763BDCFE5C4BD61
:103D40007DC03F3E840C3DBEAC397EBD5AED86BE83
:103D5000FCA584BE5BCC68BCB869C1BEDD695C3EB5
:103D6000AE10883D1B6635BDE9B9E83D90CC86BEF6
:103D70009D3B86BD6FD8FABD66ABA3BC81B7073E3D
:103D80005EEE323DEB5DFE3EBB3B45BE2E21293E45
:103D900064DFF23DB2D5B93E0C54FA3D761F22BD28
:103DA000A5539F3AC6F2BABDC23DA33D7C30D1BCFB
:103DB000AFEE11BEAF34073E4E17F1BD1F3D5ABDE9
:103DC0002452393D39E2563D0B7835BE084F9DBE31
:103DD0009AFCF33D7E3D1B3E8A2111BEE804193D4D
:103DE000F0EBE33DD92F19BE1B710F3EF1C2CABBE8
:103DF000AA9433BEA3BDE03DB619783DDAD89DBD87
:103E0000718E433CC2BF0B3D19F055BEB79CFF3DC0
:103E1000DC86EB3DFEC1823E1150B53D73C035BE20
:103E2000F20374BC33CA513DAE7DC3BDDD51883D44
:103E3000B7E5A03C91F08C3D34BDCC3DC92AFCBD1A
:103E4000E810373DF95DC4BD781D073EE23389BDFA
:103E5000C1BC023E2159AF3DD76C9FBD3E79D03CDD
:103E6000D77E43BD017B793DFE6076BECB01DD3E52
:103E70001FAE963C4E7827BDFB6ACE3B7DF8D53C05
:103E80002EA3CF3DA0FF673E8D1B993E69368F3E26
:103E900026D85C3ED6801E3E11707F3DCAD5463D79
:103EA000087C55BC55BAC1BDE0D489BEF2C6C8BDB8
:103EB000E5B68B3E6AFEC8BDBDBC12BE1E7BE83DAA
:103EC000F2FE7A3E694AAB3D32C675BCC2A89F3D40
:103ED000EFA0E73D604A0C3DDBF6CBBD7A75A2BD95
:103EE000FA30E73D06CE06BE4930A33D5A6E2C3D62
:103EF0008A4E033EF1461D3EEAFC36BEEC5D993D1E
:103F00001BBC2CBE436115BE8CBEEEBCF3869CBEB2
:103F10001C3F6D3E27711FBD280A0D3EB1EF3EBD0F
:103F20004A48113B3EBEFA3D6B0E373D90E1833E61
:103F30006ED11BBE7A9FD63E8D228C3D3A4A63BD20
:103F400032448C3EEFD978BC7AB5193E6673313E67
:103F500068AC463E93A011BEC4A6863EEE26C8BC01
:103F6000F20042BD2BEC83BDA7D5993C0E97F63DE0
:103F700083EB9DBEA6CDECBD2AD1ADBC4925B13C9D
:103F8000FF1243BDF438F43DF0123D3EBD379E3E76
:103F9000436CC83E493B49BEC85916BE9E126D3E91
:103FA000D8A1323EC5254C3E529D88B9DC340ABEAC
:103FB0003346CD3CABEB853DEFA772BEC24F1A3DF9
:103FC0002281BABD8FB70CBED6EC33BD5EB0AC3E1D
:103FD000C0458A3C2C90E1BD0D546EBC2B1E0ABE20
:103FE000A26E10BFC8E86FBEDCADA33DB0B8663DA1
:103FF0002CBEF73DD089F93D62F597BE12E9563ED9
:10400000E6B70F3E372E503E65D0733EA4C5033E43
:10401000A12C59BCC5982C3EBC0AF43DEB10093DBF
:10402000099E023EA7CDD0BC77B4563D0084E83D42
:10403000BC2EE43D533BCD3DD866853C5F02C6BDFA
:104040007E2775BD0B2B97BEC1B0E23C0031E33D2E
:10405000D3BF64BC6F5A063ECC3D16BDFEDA4C3C65
:10406000752E413EEB5DC63DF6779DBEC0395A3D8B
:104070001E278E3E02FC3A3E958D8FBD6A573E3E0E
:10408000EB02503E2A1F90BCA0738A3A026C4D3E50
:10409000FEE7703E79EB82BEEB93C93D591D09BE28
:1040A000480B9BBE90D5B4BCAD1DF03CAE7AC8BCED
:1040B000580D92BE5F8E163E0B46A6BC5C09C4BD71
:1040C000AC33A93E51F8C23BD988ADBE14FEB93D10
:1040D0008B453ABD24C3273E36508B3CF59AD1BD63
:1040E000FBB7913E033BEEBD284870BE172F113E33
:1040F0009CA86BBEF171F6BD80FE83BE84EFD2BD7D
:10410000AFB7FF3DCCCD36BCE48D853E732D1FBED1
:10411000EAA15A3E036AABBE40F315BE20E18CBE55
:10412000F539533CEC74873D52446DBD94D909BEBA
:10413000B980F2BA9DACAF3D96DC2B3E350E243EE5
:104140007140283EAF65A3BD02FABABDA6BCE63CED
:10415000B9EA8C3D7C323C3BD7C29C3D00CC553DFE
:10416000FF9ECABEE2EC59BD82A15B3E3124C23D36
:10417000FCD2293E017E87BE05A0183DB43293BD16
:104180008F1371BDBEAA90BDDF43C43C9F71C1BDFA
:1041900076FF5D3E89A0033EC6394038DCDEBE3D79
:1041A000BEBEAABE07B2A53B00E533BD1E0FC13D92
:1041B000843043BED90769BD3E3847BE0E7A403EC3
:1041C000C4DE2ABEC82545BE8F235A3C0C9AC23D88
:1041D000BB5B493D5368F63BB60908BEB8AB2CBC87
:1041E000CF6456BC7475733D60473A3E6CB88B3BE8
:1041F000663E21BED698263ECB046EBE76518D3DDE
:10420000A238A33D5D16293C2A0D833D9487323E9A
:10421000A5BC013ED25E6A3E1267CA3DF1CABA3DF4
:104220001C2B393EF4F127BE0FD99B3D156C613D27
:10423000C4BC63BBB4CAA2BD9A02223D31C0EABB72
:104240007843F13DA08D43BEF785263EEEDCB8BD38
:1042500000272DBEAFF701BE090879BEB700BABD71
:104260004C893D3E9B6D533EB821A2BE033227BE12
:10427000C4E80FBA3AB1433EE4AA1ABEA70A083E00
:10428000BDD4A73DEF843C3E00D87DBDAA34C23CDE
:104290008973CABDB354503CB25BB33D0308B8BD8B
:1042A000AD3AC5BDC9A18FBEE987113E198F973EB2
:1042B000DEE916BE89A7A5BC6219EC3D9B2729BE85
:1042C0000C58BC3D915F603D9382E8BC8A8D32BE44
:1042D0009B8E58BDB425733E3064D23DB4D749BEE1
:1042E000ED0E7E3E3A0D10BE04EF2BBE5841DC3D74
:1042F000E2F6AD3D9E7514BE845118BEED2E523CC3
:104300003755B93EBCEFABBBFA0965BED961D33CAA
:104310003FC2D93DEDE21F3EF746B13E7324B73DA3
:1043200069F2DB3D8D6BB9BE437CE5BD683CBA3EAE
:104330000941E8BD66D694BE87E0003E07CF77BD51
:104340009E8B21BEA98E01BFA2260A3EAFA48EBEBF
:10435000E6F41ABEB5170DBE698582BEDE0D78BEC5
:10436000F620CF3E7B9D9E3E2DBBA0BEE4D4CABDB1
:10437000B0814BBED96B0A3F3CC44ABE3727853E4D
:104380008F35FF3E381C663E940419BD1E7C3A3EB4
:104390003570843E98A659BE3645203E211B9ABEF4
:1043A0005997F53D53FE80BE2A9EA23E7A96DBBD0C
:1043B000DA562ABE556E14BDC46AAA3D7A4F1EBE97
:1043C0008650793E9833483D325582BE186F903DF5
:1043D00010E9EABC8CC101BDA241ED3EF8F4FCBD80
:1043E00036E9843E6EAB08BEC777CDBE7038CE3E90
:1043F00095ACCE3E3D3A98BEAAF5E5BD4F6D75BE73
:10440000356C09BE51A1C5BCC9CA02BEEA5D0ABE6F
:1044100066C00C3FED69E13C478CEDBD85B8A6BE9A
:1044200022CA573D3E92473E5E32D83CD5D87B3DAE
:104430006E7EF8BD140BA43DBD22B2BDB64947BE89
:10444000CB4BC53B9C20383E8EF52E3EACFA9CBC37
:10445000169D08BE7B1140BB09A3143E654F61BD8C
:10446000E6F63DBEBD1A5B3BC424023E0AC8273EA9
:10447000F6E0A13DDE1CEBBD537750BDDB74BDBD46
:10448000188FF2BD1ABC0B3E052FDABDEB98153E16
:10449000B43A753E5294483EF412283A0DAB35BDFD
:1044A000FC1FB73C3FA6453EC48A32BEE9B81B3E5E
:1044B000277ED83D7EF9993C0A019DBED3C13E3E80
:1044C0009CBA9FBDEB70053D688CF23DE7AA3E3E6D
:1044D000569986BDA5FDD5BD38B338BD0E16853CB1
:1044E00063A4C6BEBB1F583D28B00D3EB22F963CFC
:1044F000267920BEFE59BEBC8588013E6C6B193EF4
:10450000F5CA74BDF6AB0DBE38B3043E166B1EBDC6
:1045100084935ABE1621CE3D8809DFBD0F74EA3D53
:10452000211C86BE1B635E3EC0EECC3E92C407BE1D
:10453000FC6ACEBB31DF57BE7A4EB9BC7CC081BEAF
:104540008152DF3E874A94BDCCBA44BE39A4D33BE6
:10455000231CD4BB3049133E69CE6A3E5470E7BE7B
:10456000B891453E74C03ABE047337BE0F6B78BE37
:104570004B9F20BD318BBF396A1EF4BD417A1BBEF3
:104580008B7F36BC5D1E9EBD7113E93E0FD23EBED1
:10459000E7EBFF3CF9964DBEA656933DE2E8493E57
:1045A0000B25993E6028A73E5A3C903E6C30013E58
:1045B000A5E513BE842EE13EB0289B3E5838593DF8
:1045C000595BACBD5F01AA3AA1B4E6BE25AFAD3DD3
:1045D000914C42BEDC871B3DD8F1A33D0FF00CBED1
:1045E000173D5DBDE7E66F3A4DB5C9BCD6307FBE1D
:1045F0005667A33E76E604BEC0F7A4BC965B98BEA1
:10460000B19BC4BCA25FABBDC1C219BD7A7C8EBEDA
:10461000F4C1F03D8335DEBD5D8BC43D0BE72EBE9E
:1046200084C4FABDE3C4873DF41545BD0C06AABC9D
:1046300026E4A3BD1941803DDF5E453E3DA2283BF7
:104640001405F73D866B443DB9570ABD97D57D3DAE
:104650005889A1BB2B8B843DE7CE2DBEBAD8CBBDEC
:1046600084CDBF3D72C8313E842CB63DB56ADFBBF8
:104670004EA6D9BDEA7DECBD5C76C7BDA9F9BBBD30
:10468000DFA8133CC4C2EC3DC002CC3D59206A3EB9
:104690006CB7923D53FE6A38027FF33CFE602D3DBD
:1046A0008D15ACBDC6FC0B3E3B22A0BC81F45FBDAA
:1046B0004EB2A93DF3A89C3C1C4E823D086217BD3A
:1046C0000583DCBD52259C3C3A44C6BDA219393C49
:1046D000245F20BE4EAD0C3D91D97E3ECAB03BBE9C
:1046E0004624BFBED0F418BD9A97F5BD109EAB3DD1
:1046F000BC4F0FBE1ADF0B3E0D8175BDFC317E3DF8
:1047000031710C3E40AF22BCEDFC45BE407F29B765
:1047100018C8D63E338744BD9D020D3E74AC1EBE04
:104720009CF6A23D39C804BD6EC307BE4EEF25BD41
:10473000FB8424BEE03EFCBD818EA43BB9DAC7BD3C
:1047400068585FBE3396F23D39E4DF3D704A83BD61
:1047500020D1B2BC4A691EBE38271CBD161CA3BAA4
:10476000B0E4D8BD4518863E51743B3BD2DA013ED9
:104770009BD58D3C17FA0A3E21EF5BBEC850623EC6
:104780008DC6FEBDC91B4D3EAEE7B8BDC6F089BCA7
:10479000FCCD323E1D89BDBD77F7083E75806FBDEB
:1047A00006AD35BED4E35FBDF164E8BD5E0183BDF7
:1047B000B60D12BE03667E3D3A7685BE7C48FF3D4F
:1047C000BB015F3E97F1DE3D2F53BBBD180E693E26
:1047D000E828FCBD8096143E0595A33DEAB4403C14
:1047E000189EA1BD59051EBE762E91391BC680BEEE
:1047F000457B74BD9BF3953D46B7083EAF62EC3DEB
:10480000BF30DABDA38025BE171C6FBC9DBD16BE90
:10481000CFD221BDDF6CB3BDD7FD913D778A1ABEE3
:10482000A5AA6B3D8F5F283E1215263D441D693EAB
:10483000E6FDC5BC9B970D3CB16EB13D70CC00BD93
:104840005CDDB83C8CAAE4BDE9421F3E3C085C3EFE
:10485000DAD4873D071847BB7016253EF29BBFBDD3
:104860008A413C3E93DBA1BC8ADF73BDDDEC443D55
:10487000AABC55BE0EDEB83CAA10A8BD63640B3EB0
:10488000CEC2443D39B8A8BC8AE4193E423C883EB9
:10489000181E723E586477BE33DB00BE9F0CAF3DDE
:1048A000ED0B253EF9000F3DF1759A3DDA491ABE30
:1048B0002CDB8ABCB0248A3BDCE5E5BDE7FAF73D9A
:1048C0008F683CBDCD346FBE2A73D93CD34B8A3C34
:1048D000D4CD6A3DD90B86BE28F1D43C3E6433BEAC
:1048E000CBBF03BE2A04FABDA4D7823D8746E2BDF2
:1048F000F61BB3377B94D13D21C368BEA4F7C9BC76
:10490000966DD8BD1D4BECBD432026BD6C94B0BE4A
:10491000C0CF1F3ECEAC1CBE2F63CCBB225203BE09
:10492000317E873D2D10F13D16EB453DBFED343E08
:104930001FEA07BE2FE23A3E097D98BD5156BA3BA9
:104940009272CD3DA533ABBC90A9713D88880F3ED6
:104950001B35BDBDDD6B32BEB39A603DC90DEDBDEB
:10496000BD9A48BE9DF7EFBA791266BDF7BE173EF5
:10497000ACE49CBDE344093E75C894BDBBF7AEBD35
:10498000A869E03D88D0FF3CFE1D623BCAAE3D3EBB
:10499000942B413E77F89C3B06EDC3BCED462FBD02
:1049A000B0EFB2BD67ACF73D0B4A5C3DBB8E543DEA
:1049B000857151BD2D3A52BE5F6AA3BDACA88B3D37
:1049C000435F65BD1A5D533D0A17483E6DE74C3E97
:1049D000F66EB9BDC26265BEB1250ABE26B0C0BDC5
:1049E000F7B22ABEF45D013C4176EF3DDC2B9C3DE5
:1049F0006454C0BDE886193E626A5CBE54483D3EC0
:104A0000D7748A3DB5BEA23D21243F3DE2B0F83CBB
:104A1000DAE983BCBD4A8ABD045E1B3DC5B1FFBB5C
:104A2000613F0D3E3A869EBCEB68E3BD7FC73BBE4F
:104A3000C1BE863DA24D493DA94917BDBBA112BDCE
:104A40003A34E9BDA98229BDE404B93CCC99363E8B
:104A500085BFDBBC2AE818BEFFB9C13BB2CF283CFA
:104A60005F9597BEF4C2A73D96D0813D6D094EBDBE
:104A7000CA731BBEFCE9A6BD4EBE86BD609F9BBB34
:104A8000F638503D091CA53D995530BC6F3CF5BD2D
:104A90002809693E4F63413C214064BDB1B7233DC5
:104AA000F3D245BD54B1573EA26757BCD9AFEB3DD9
:104AB00074A9F63D93F6233D0B490DBE1253163EE5
:104AC0009B6140BCF9155CBC6585143D2128C53D42
:104AD00070FB4CBE2F81CEBDAC4CA93C5B070EBE1B
:104AE000C40B54BD4C90A6BD7651EC3BAA5FC13DB2
:104AF00067E602BECBC1FC3DFB1198BD3F66063D9B
:104B000007F2C13B0EDD29BC108933BECCD98FBE64
:104B1000CCB68A3DE1F664BC1C45423ED9CA13BE00
:104B20008352443EBCC03E3D928DC7BE5BB16A3CE1
:104B30009A65D1BDED839F3EA9D817BDE59260BEB1
:104B400029FAC3BC01926FBE2B05023E4D6ED53DC6
:104B5000AABCE63DECDCDFBDFCC9943D7A3161BE08
:104B6000EEEF2ABCA0C99E3DA87F9C3D4888763EBA
:104B7000FB5654BE5A2C923D473214BE2683143D38
:104B8000A115C53DBA51943D75B7D1BDF0A31C3EEA
:104B9000ABF6443EA48266BDB67B86BB2670343C31
:104BA0009CC52D3EB18888BDA4E959BE13D1D5BCA2
:104BB000CF816D3E82D8D5BCA9B34DBEF528D83D76
:104BC0001FBEC9BB87BE38BCBCB9973E842E8C3E85
:104BD0002051413DE9AAEABD45528ABD17FCB03CCF
:104BE000B0F206BE5B83573D042C853EA2EF563DD6
:104BF00086A958BEF6D60A3EF210E2BD161048BE8F
:104C00008C1F2F3E4A9373BE8E8726BE9B58B4BE20
:104C10001E67AD3EA86F43BE6FF193BDB18C963C4D
:104C2000DB062BBE842FA63DD94064BD8DD49D3EAE
:104C300087D789BD4DC6ACBE09B9383EAC60F4BD5E
:104C400051B273BCD3B8203D8511B6BC2F4E263D62
:104C5000452DB1BDB78729BEF393213C278738BEC8
:104C6000399728BE2314E53D86EB1F3E01474B3D97
:104C70005EB5C3BC82B0533EB19A37BEF5C2123D99
:104C800025E71A3D6FCD7C3E235A023EDE35253E98
:104C9000D79BC6BDBE7580BB862B8C3D1B808E3DD1
:104CA0001986D1BD3C31283E7F8E0F3E4DA9483D2F
:104CB0005BCC95BBE4F8F4BC8D0EC03D368D32BEA6
:104CC0005110113D416565BC6D72533E66F4093D5E
:104CD0005387F43C2DE2983D9598143E34B443BE7E
:104CE000BA8377BEB8475ABED922ADBCC9663C3E2E
:104CF0009331A13D0E6A15BE4558453D043AF0BDBD
:104D0000E2666B3E58846FBD814A173E97C8A1BDCD
:104D10006CE0BF3D5B7C853D850D9FBD5A5A94BDBF
:104D200075C520BE460FB03D233E0BBE5FCFA6BE6D
:104D3000D2E896BD0B2432BE3893863DFD43A4BC19
:104D4000E8446BBD9BDF9D3ED108353E84C552BE15
:104D500004E8E6BD9EFA653D05A62C3ECC48BE3C67
:104D600054EC81BC7CF2473E964BAB3E6C6F273EC9
:104D70004588853B74838F3DD4DB4C3B98E32D3ACB
:104D80003E23F2BD56FB28BD3BD8D93C6ABDE83C6A
:104D90002150A1BD755805BE58428ABEC1CE173EEE
:104DA0000E2A983E7CC6923EF540C9BD53BB91BDCC
:104DB000321FDCBC895C973DB95690BD6EE87E3EE3
:104DC000EDEA30BD46FCA6BC0820023DFBD4B4BCD5
:104DD000578220BE8D1F5D3E411E4ABD63055BBEEE
:104DE0005F995F3E741F29BD4EB9C53DBEF009BE37
:104DF000438D38BE13EEC7BD961D913EE633ED3CA4
:104E00004F40793D8C13B83DA3F735BE51CC06BF5A
:104E1000828F9F3E50D698BD14F2FC3D6099A0BD94
:104E2000F214AD3EE11274BE47CFC0BE5AE48C3DD1
:104E300099C89FBDDC3B583D9DFC2C3D3A4AAEBE17
:104E40002D21823DA81249BD4502FC3E6C8F933D49
:104E500042FEDB3DFAC729BF92E5823D3CD9B5BE93
:104E6000F5EE3BBED8C20E3E5E350F3E697D2E3E4E
:104E70009EFDFF3D94463A3D532DC0BE8DB1843D0D
:104E8000043CA03DE8286E3C4F90A5BE74C15B3C3D
:104E90003BC1903E3C144F3EE171EABCC56AC2BDC5
:104EA0000C24A93DF854813E08850FBE9ADF99BDB8
:104EB000A2B9123DCA4135BDE31336BE658E1C3E14
:104EC00087D25A3D4E65A23EA7BB143E4E9E4D3E34
:104ED000D7366B3BCA7F38BDEFABEE3D4B28573E14
:104EE000CED209BF2FD62FBEF6B43F3D6597ADBDDC
:104EF0009628A8BD7853CF3C9A67B9BDB98C543E6B
:104F000006F009BE90AA3FBE37E986BD26A9B0BD0E
:104F10002718BEBC25EB98BCF3B5033E25E0713ED7
:104F2000DD093DBE3BA6DC3DAFE5553CF6C32FBDDC
:104F30002D75CC3D58A2C0BD2BDB163ECAD70A3C0E
:104F4000E60C0E3EE04392BD2A40BFBD731658BE2C
:104F5000F6334CBEC66E85BDCABF1EBD3B6EB33DAB
:104F6000F6CF9C3E140B543E9F06E63CB119613DC2
:104F7000D6F02ABEFE4A493EBDC208BE9294503EBB
:104F80001EFB193ED679073EBA39BD3DE87C3A3E54
:104F90006DA62A3D5C569EBE2FF11FBE3F8E6D3E14
:104FA0007B3BB33ED5A8AA3DC798C5BB308293BE14
:104FB00070A22C3E73C8523DE6864B3EC9B460BD1C
:104FC0000567D13D560AE43DD47236BDA72F67BDB3
:104FD000FFCB0DBE35BE813EC23E913EEDEB98BD8E
:104FE0002B2A55BDBA2226BEE908DDBE937B1E3CA6
:104FF000D293253E5D260CBF867AA13E471BE93C35
:1050000090C48EBC4D0FEDBD2188A1BE61BE673E30
:10501000030F803EEF740ABD2DD3E7BB3F9928BE36
:1050200086B7B1BEB54F273E17CAD5BD1E2EAE3BC3
:105030000A75B4BE662D253E3E4A853CAFE176BE7C
:1050400077BACF3D8AE8E03DAAF4A43DB8BF64BE7C
:10505000FE2961BDC3E522BD4BE5173E7ECDDDBC1B
:10506000E7E325BE730E183E8942993CCCCE10BCB6
:105070006D4344BD7BDE8E3DAB4FFABDF1CF4E3D5F
:10508000191561BD4487543E2FF5303EA4099E3E5C
:10509000AE7113BE88767EBD542431BD91FB4C3E6B
:1050A000C1D0C9BD5E0D7B3DF99E9BBDBD05CB3D0D
:1050B0006509A93D796E113EA4E9B2BD5F2FADBD72
:1050C0002200FB3B96CBBE3D0C7FC4BD6015223E4B
:1050D000607F883E2497D83D194371BCC99902BFAF
:1050E0005A5A3CBD1FE66BBE2582133E43BD8ABEA5
:1050F0000F088D3ECFB6D33D3E7CF93DE45448BC0D
:10510000CB061B3E1F4304BEB61DB6BE8857403EAD
:1051100010B86D3EA29D9A3DC5A0283D0A9F0CBEC9
:105120008317F8BD9E0261BC61D401BEC2BE81BDC1
:10513000A956F2BC95353E3B8BFF523E270EA9BDCA
:1051400082600ABE069F23BD4CDE1B3E8EBEE8BDBC
:10515000BDFA0E3CF080453E1ED568BC4C6B263D2A
:10516000FE38C13D46BD253EA86A46BEC4DB353E7D
:105170004F277C3B28BA333DB57B57BE69E56FBCF2
:10518000CB050C3C9C6AFC3DB98FB8BD5FEEDCBC26
:10519000E511B53DC9C8C93D10C5893CEBFDE5BD6C
:1051A000872800BE644943BDE0D566BE4CA52EBD30
:1051B00068B88D3D689D22BEB15FA7BE34482A3DC8
:1051C0007D68353E05CD143E2F1788BDE339D53DAA
:1051D0008478A93D2B1841BC6A3406BE8FCE82BCB0
:1051E0003A5ACA3D4680CFBDD0D519BCB49EE4BD65
:1051F000C1979DBD432959BD0097503EA443633ECE
:1052000026E8623D9E403FBDFB097E3D7CC6453E93
:105210007B5BA33EC2DFD8BCD17CE2BC3889FDBD3C
:105220008741D4BCA32363BD5142ADBDEE3DF03DEB
:1052300040B994BE8F4C4DBD84AFE13DE827B33DEE
:10524000B125B9BB50D9B83DB7860F3D9DBB34BE23
:105250009D0019BEC0B3D43CA20DFC3DFD15533ECC
:10526000B7CF9EBD0D18623D983F4BBED894DFBCB2
:1052700093119ABC67B5783EA1F217BE2F59F1BBC6
:10528000ECE20BBC9F3AB63E617712BE5133C23D91
:10529000F117743E886B86BC0A21073ED6184EBDB6
:1052A0000C5DDFBD396DCABCAA6CAB3D13FB303D54
:1052B000CC5CB1BE0B8A193DA4CB6EBE589D633E3B
:1052C000DE02B13EA2DD663ED95FCCBD4A5701BECB
:1052D000BB909A3C653E04BDB16592BDCCFC04BD5B
:1052E000841482BD262A47BEABACF4BD65314BBDEC
:1052F0001DB1F9395891ADBDC5B6A03ED7BA5FBC56
:10530000B47BAF3BDE9A18BDDB2F15BE1F4130BE0C
:10531000F79EEC3E99AD133E58F03EBE8FDD0CBDBE
:1053200042E4173D5977623ED57FBCBD26D9733B19
:105330001A3932BE4B6BD73BDCD8D53C0FD7A6BD54
:10534000D4ADC53BF462C4BA618D943D445EB6BD34
:10535000B79536BD3A470CBD1E434D3E2374F03D14
:10536000FFA12EBD9CC3B83D2163CFBDA547F43C32
:105370004E40353D2D9654BD12A403BEEE643EBD95
:10538000A23D443DADBFD93E8C04133E591782BDAA
:10539000F65DB53D0479EF3E4A24843B8628A4BBE4
:1053A0000E88BFBE69E83CBD838691BC7D53B73D86
:1053B000DFB63EBD3B85823DA88DDEBDE5DCE43D2C
:1053C00063B1813DA9EA303D31628D3CB07FABBD18
:1053D0007F1193BEBC4E9E3DD54339BEF85D2DBEB8
:1053E0003F742B3C9FACC93B401FC6BDD45E3FBD44
:1053F0000344A3BE284CC53D30371DBD3FC6B73D55
:10540000F5108EBDAFBE1BBE5D1FF3BD4BE4AABE43
:105410000F0C363EF4150A3E20B051BC47BF80BD8C
:105420007236E7BCBE3820BB37273B3CB23B3E3E22
:10543000990765BD98AED23DF288043DBDEE05BE2C
:105440004CA500BD464B18BDBD15403E5A5B9A3B6E
:105450007150A4BAE3A14ABE42EF6D3EF4E484BDAC
:105460006B05CEBDD2A8B33D1B5DDF3D890A113E61
:10547000D6C419BEEB83F8BCE15DF93C7B9E1ABE35
:1054800092B4BABD4F73973E5BAE123DDAB6813E21
:10549000802BB73E0B46D6BD8FEE2ABE560E973DEB
:1054A000C87E113E99FDFE3D1C80AC3D860B4D3CF7
:1054B000059C12BC7115A33CD01853BD20ECA83D2F
:1054C000864F09BDBADF0DBEBB040E3C9154CB3DE7
:1054D0009D31A1BE15E1CABD5BD1493DC8DD2DBEE0
:1054E000ED831ABF78C33DBDB6570A3EE8BDB5BCD3
:1054F00068F0B9BD1648413E0278A6BE302EF13C98
:1055000056A653BE0D86B33DC3E1CB3DEC6E7FBDC9
:105510006070AC3E4180183E9CACCDBD0FFC5CBDC4
:1055200008CBD4BC8F053D3E0D6209BEAF4CD7BD44
:10553000F4E46BBD73E9DE3EE800FD3CC2E01A3DD9
:10554000EB458E3D3D6160BDD8C0393DDB689C3C7C
:1055500083F53ABD19A8533EF96DBA3E626BAC3D76
:10556000ACADE03DA264DFBC979D8FBCE0C0C43D04
:10557000A39A863D7788CDBC8B85B0BD82F777BE78
:105580004A91E8BD0EF09B3EE13CC1BE62849D3E67
:105590005204703EBCCB183E6A8C2B3ECFCC2E3EC4
:1055A00024A7363AB82A5B3E2248883C93758E3D44
:1055B0000F773FBECFF83DBAF5FD1ABE8248413E97
:1055C000509C09BEFF939ABD261179BE6FEB1A3E1F
:1055D00066F89EBBF331813C805BF23C384E283E3E
:1055E000891FE0BDA80865BD00750BBE3E899CBE45
:1055F0001241663EF37E813DF9F815BED7CBF93DE9
:10560000A987753E7B4F7F3DF23BCDBEDBAD46BEED
:10561000405D213EAC4D213C88A9E43D553278BD2A
:105620006A01A63D4D18A3BD8DD9963DC6FB393EF6
:10563000BCFDB0BD7468C53DF05DEA3D106C563DE3
:10564000D9A9C4BC4B69F0BC4EBD99BCC4740D3E15
:105650000A35A83D57A2E63CB4B714BDE61ECDBD41
:10566000B957BA3DCCD86F3D5A808ABED2FE873E2C
:105670000F10DF3DE155A83DC8159ABDA8E83F3D94
:10568000A85CD63CDB73533E65A20C3E176E433ECE
:1056900032E7473E8F61C43D76B1F63D8CC2D1BD45
:1056A000A37EF23DBEDC0ABC48457FBDDB0834BCAE
:1056B000F8ED823D036F44BE03A60FBEA54A8E3DA2
:1056C0001F3A993EC36BCF3D111A8FBC5FF5B83EB0
:1056D000CE6B973CD539893DACBD35BDAF2C09BDEE
:1056E000F5FF253D134243BD0F5207BE1B26473E23
:1056F000143808BDD9E177BCD666C63D0604123E13
:10570000530AF0BCA2375B3C0B42BC3D5F3C493CBA
:10571000F64F29BE2057543E3F7F1BBE2118173E2F
:10572000D4FC5DBD90E0523C0ED9C1BCB5EF003C4D
:10573000B3D5E3BC69BD3FBED047183EA25BFEBCFB
:1057400043D943BD8A89BBBD8583A43D75113A3BCE
:10575000D74A5E3D4AEA093EEDF42D3E182F0B3C38
:10576000F54130BDBD20E93DAE3D693BF903663DE5
:105770001B026A3E38AB1CBDC5EF82BE801ECDBD8C
:10578000E4605CBBDB75D83D59840BBC7570F7BC1D
:10579000B4CF253E615B13BE49F9193DE186A73DB3
:1057A000188CB7BB4C65AC3ECD5D9EBCB65EAC3DC7
:1057B00033600FBEFD86FD3CC0276E3DBCBE343D50
:1057C000C9C62CBD49F70EBEC83D2ABE8E01773D25
:1057D0000547D03C073E14BD455F58BED0FECABD4C
:1057E000460DC13ED5932D3EA297C7BDA5B754BE69
:1057F0009ED796BDC4B4323E3A9E84BDB8B3EDBDCB
:10580000E14D47BC076DCF3E09C417BE9280A93E4B
:105810004044AC3EC528283E2B541A3E373AC5BDFD
:10582000BCF7943CB9F1FCBC65B3EDBB5E9B353C69
:10583000B174323E407DDC3D0D57463E1C8CB33C7E
:10584000C2C07FBE054EFCBD0999E63DE6FAB0BE7A
:1058500063E5B03C1378D13D882E97BE3D8AC83EA3
:10586000B91D873D7B2B4EBEDE9920BECF6899BD0A
:105870007137353E68A2FA3DCD1D743DED171A3ED5
:10588000D8B6A93C2294103E3ADD69BEAAC1373E83
:1058900049F3153DD818883E82F2933E8B7C47BE73
:1058A000054F07BE1D6146BDE13750BEE131243CC6
:1058B00012B7143C74F257BEEB4495BD02DD14BE22
:1058C000B830C93E5B49763E9C6A7CBE2AF7DEBC96
:1058D0000B62933EB56484BE34F04E3CFEF00BBDCB
:1058E00091C7853E83B4FB3DE9ECC33CAC999BBCBE
:1058F000044120BE91F18A3DD40BF63D8652363DDF
:1059000032BCA7BDB0D5F43C6173633E42974BBE39
:10591000504EDD3E059605BEA0C72D3DBB91D33D43
:10592000BA6CAABE6AB2AC3DAC7D313DC184B8BD93
:1059300007F525BE5948D23D795C903EF5A6A83DB5
:10594000EBC4233D4F0DAEBDCB0F113CF44B19BE44
:10595000781A23BE1254F63BF89F72BE61E3A23D53
:10596000C98CFC3DB0D8013C8C46B33C16634EBCA0
:10597000783B843EF295D6BC80A94ABDC91F9E3DA6
:10598000A92291BD6EB4AB3E2B008C3CA28E633E2F
:105990003030B93DDE9C97BDBA17B63DBCB46BBE86
:1059A000CD8905BE0FF15D3D9FD28CBD59A21E3E33
:1059B000607F84BED4DE0E3E4084D93DCBF4A0BDD2
:1059C00099E9F1BD6E160C3E1594CABE049934BD1A
:1059D000F4814BBD68CBC83DD969703E2B9284BC25
:1059E0002D1323BC9AD7963DDED616BEF660383D01
:1059F000BB7A6ABD8D083CBADC360F3EB2452A3C04
:105A0000C84D2D3DD6061B3DF8308D3ECFDE0FBE76
:105A100061BDC73E457656BECB2ED5BDF8652BBDC4
:105A2000767239BE82AF973DE53EF6BD834D36BEF8
:105A3000468CC6BEC7510BBE8B235E3D7F791D3C95
:105A400056D787BD46F0F8BDA2736A3EAE19BFBEF9
:105A5000AD3611BE3C07D8BDE8C516BDBB9E8C3E19
:105A6000787179BEB69C38BDBB5B943E1569183E13
:105A7000007E813CD70F1E3E538501BF9C3E433EB6
:105A80008C3B14BD4BD8A93D9D1CEABDE92058BEF6
:105A9000670FB63DF553BD3DF03D4E3C377DAEBD85
:105AA0007A21E9BD8F99FD3DB6AB3FBDBA6E283E68
:105AB0002E49DFBE7B198A3DB10D12BEAF10E23D0B
:105AC000C9947B3DABD63ABD042D82BEAD19143EC0
:105AD000C44A3ABECAC995BC7A395E3D67942CBEA9
:105AE000365DAABB6A5D07BE952510BEE06C833D9E
:105AF000B92EB4BDD1EB4CBDC6B4B83CDCBF443EFE
:105B00003798FEBC4A595E3EAA21A8BD2F49313EB6
:105B10001BDD093DBAC7A63D516C0A3EEABEAE3E4A
:105B2000EC0D293E4B3956BD4C79EC3DF6558D3E7A
:105B30006994C0BD6787C8BDCFB9053E4AFAF43C39
:105B40003BFB533D29DAE13CE9C4CDBD7717B4BC3A
:105B5000115BA5BE8467903E3EC722BEE6672C3E21
:105B600038DD1B3E160D4ABC1999B7BDD3350ABEA8
:105B7000257CCBBEC4427CBC33CFB33DBC3C8B3C0C
:105B8000AAD70D3D298AE13D9EF72BBBD7B22E3D0A
:105B9000CFAA4BBEE00B4D3E7F2325BEA403F53AB2
:105BA0003558EE3DCB4B34BB6EE1763E892839BE8D
:105BB0004A5B25BEC3687EBBC82DD63E89A460BEA5
:105BC000B7D0A83D8F7582BD12DECD3D8A12DABEF8
:105BD000D908EF3D7C2A023DD37626BE1E677E3D66
:105BE000D45AEB3C7FB4E0BDFF5B80BD2963D5BDDB
:105BF00041EB413E0EE4BCBD2E79CF3D683796BDEA
:105C0000531815BC7E23283EEE799D3DE36D223D61
:105C1000632FF93E7101873E713FB03DFAB4123CEB
:105C20009C4377BECD26CCBACE7D213D069153BE96
:105C30007154F93D8FC6E1BD46E0913DF23D06BD90
:105C400058E75BBE99EEC13D6C58F93CAAA77A3D76
:105C50002A96C53A06B8903D626CF8BD2514C1BCC1
:105C60008535813D8460F5BD71907FBE7039033EFE
:105C700091506E3D46F5643E2A39F7BE87F51C3ECD
:105C800084B4A0BC55AD2B3EF26011BDF8F4343E97
:105C90002F2DECBC254CAD3D61874C3EC1FE36BE80
:105CA0007BF2F8BD8C4CCDBDE8175EBEBEF121BDC8
:105CB0002A1283BE2593303E053677BDE27585BD39
:105CC000ABD9023E427A3C3EFC4ACB3C90C4CE3D2E
:105CD000F3CDA93DCB7775BD2A7B173E2C7F0CBD3C
:105CE0000F213EBCDA5F433E69C722BDB682AC3CA1
:105CF000B02725BE2D5CD8BD68B0973B6A49823C71
:105D0000B70F1BBC963941BE233068BE6B557CBDB6
:105D1000B292353E0E1D54BE3D35013CC2A2A13D9E
:105D2000D58F2E3CF7D1D4BABF5D18BEED31D63D2C
:105D3000CB0349BEC316ABBD75AACF3D54CC40BB07
:105D4000B2C92E3D05BC013D743D8E3C8FE949BD75
:105D5000810434BE52E6EDBDBA5690BDAC3E26BEBF
:105D600085398BBB47E07A3D56C581BBD7A8AB3D93
:105D7000802E97BD0CE90A3EC75427BD166BBD3C6B
:105D8000E33FDE3BB898323DCF8A7D3DE5D69F3C70
:105D900036022EBD79092BBEE7F9F4BDDF26FBBD27
:105DA0002C50693E4FE1D3BD22089C3C9A7E31BE07
:105DB000CABEB83DD60A56BD848169BE7AD391BDAC
:105DC000C954953E9BC3A3BDE08A3B3DB672F83DE6
:105DD0001A976ABE8FF6ED3DBE415A3D6B8A6E3C06
:105DE000F23B303D26D820BE582105BE6AC498BD7E
:105DF000983E3D3DF492ABBDA181353E7E52FE3DC5
:105E0000100D5E3E66BFA53D2E57E0BD1E4EC43C44
:105E10005922883E70AEDBBD13BC343E80F5063C93
:105E2000DDEAF93C713BD2BDD112553D1888F23DF7
:105E300065A0AFBDFC1C90BC1EE826BEBF65E03C63
:105E4000009D89BE1001F6BBB7A3A93D75A9D1BDC0
:105E5000116C193D9A911DBEE0E556BE2EC84EBE8E
:105E6000288760BD339A1E3EDB76C73C2C51AFBB02
:105E70006EF5903CAE6A4DBC03EED6BD51B4713E9A
:105E80005CBB263EB0B5803E87CEE13C39D0383E83
:105E90005EE7C23D13FE21BCD58D833D2E8FF2BD42
:105EA000E23B6DBB355444BE206D973E147D103EE1
:105EB000FF845B3D796459BD2F9B13BE26D883BCFC
:105EC000992B843CF608463E0BD794BB0752E8BC9E
:105ED00018A16A3D09DF783DC9EE68BD18FEB8BC5F
:105EE0005BAC7CBD605010BD6E26AA3D0C11963E89
:105EF000ABBC143D1505B9BD38164EBE617528BC46
:105F0000CCE4123E85292CBE6BC4D4BC576FE7BCD1
:105F1000B432A03A31E08DBDDB7CB3BC0DCD753E13
:105F2000350D98BE8D5BD93CC38195BC8FEE91BC7D
:105F30002A9BA3BE4690E6BEAEF711BE77F6D73DCC
:105F4000B35FC03D00F310BEED6B2EBEA73B87BE16
:105F5000E1E490BEF2C5EB3A35F49EBE08928EBDE8
:105F60006C55AEBDAA8EED3C162A163DF296EBBDE1
:105F700096EFEE3D391890BD4B54DD3D0DF92ABE2C
:105F8000F87BCDBDBC3BCE3ECCC5993EA695633CCF
:105F90002058FFBDAE319B3E70B5613DC8217FBC2E
:105FA0002D71CC3DC25446BCC3AB0A3E802DF23BA2
:105FB0009EC097BC81ABE73E9BB10E3EE88153BECD
:105FC000C1D14DBE9AD4A93D45D34CBEEAF4F7BE2B
:105FD0003D21A2BD52C2FF3DC90801BE6ACF93BE9A
:105FE00058B7BFBDB86AE1BD1978343DF827FCBD8C
:105FF000853C7BBE9EBC31BEC2506C3EA4A417BE85
:10600000B2444C3DD9B6FFBDB21139BE3FBF183EB8
:10601000E65CCA3DECB7053EA3CE153D9CE4CBBD86
:10602000D6467E3E0129F7BDD5B944BDFAA7333D1A
:10603000165969BE9E759F3D944B163E79F1C63C3C
:10604000AFE5A43D843D39BD65819EBD7847A7BEBF
:10605000733CACBDA66B263EFF3C2CBE38DB403DFE
:106060002527173E058D393C467A09BE38A8E43D00
:106070005A843E3B64269A3D832C27BE6E9EF73A97
:10608000206C2CB91A63233E1C61F73E905E2E3EB5
:10609000CF63F93DC251B13DC77935BD4791CB3B87
:1060A000728A07BD7B0233BE9A728FBE1EB60EBDCA
:1060B0007A5E383ED217213D126A4BBD0795033EEA
:1060C000D474623EEB8F7FBCBE896BBE7771583D46
:1060D000856B21BCDED42C3EEAD96DBD047F783CB3
:1060E000E47B2C3EA33E4CBEB79E29BE844849BDEE
:1060F000CEBC68BE70638F3D7F5A2CBD2CD2C7BD0D
:10610000E9DB193E13EC88BD1A78473D4A688F3C9D
:106110002A1DBD3E4242D4BDB9469DBD119496BED6
:106120007850EB3DF02389BB7310D7BDD9F66C3E98
:10613000B4DEA6BE409BA53DA44BA8BA1BF0AC3D67
:106140003DDC74BDAC582F3DF5E7FE3DD69FABBDA1
:10615000B82CAEBD5A3B2FBC755914BE33A7413E77
:10616000ED0806BE04B4513DF3374CBEE68D933EB8
:106170004425B4BC0FD1B13DD93235BEE216173E2D
:10618000590DB23C07BA0E3EDE30543C340CEDBC27
:106190006DAA193EE7B3B7BD6EF4A23D78F7EFBD27
:1061A0007B737D3CF8D27EBB923EA4BD163ECCB93B
:1061B000047617BE9CD708BD083F13BE2856473E3D
:1061C0000B66923EDE101DBDDC8605BE0F51C03D44
:1061D00089DF0BBE030404BDFC48363C8BC5BABE48
:1061E00089901ABEA8E61EBEEB33FA3B2EDB81BDBA
:1061F000C174FFBD08022ABCA34796BD87C5023EF5
:106200002855F7BDCC2A083EDF0806BE857F953E9F
:10621000A392F23D434901BE7DF9083E7366A2BDDB
:10622000CBEB3EBC3EFD303C588E813DAE58613DCF
:106230000854B4BEE9F7A3BD1DED1F3E1EB8EEBD68
:10624000489A88BB4A12D4BDF3425B3D9B1F49BDAF
:1062500091595EBECFFACFBCB1F9DBBD17B7823D15
:10626000D99C833DD96807BDE9919FBE6A7513BE6D
:10627000D7115BBDC0B880BD56296FBD3289FE3DC8
:10628000D64CD33C2BAF9F3E4290EABC9ECF623EA1
:106290008652FBBD07BC763E9657623E866C54BE66
:1062A000963F9FBDD75A52BE3A99453ED04A01BE4D
:1062B000DF4E3FBEB877BC3D1FC5433DB062DF3CFB
:1062C00017C2F93D610CC73D6513053EA3C791BDDB
:1062D0008BB9953E86C8FB3CF8912ABC8E3BD4BC5A
:1062E000D14A81BCA34B29BE8D8058BEE4C6723D05
:1062F0007C893A3E7E4CB9BD27C73E3DE2CC193E73
:10630000A16A953D2814B23E91541A3EB3AFEA3DBE
:10631000E6FBD43CFA09513EFBA1813D78638EBD7A
:106320000EFFAB3D0EF851BEE88EC4BD6854CC3CA8
:106330005E8A803D73C0473EEF3CA0BD08A28EBD83
:106340008857AD3B686CE4BDC16C583DAFC3E13DBF
:10635000F8ED2F3E9C62D4BD405495BD99643A3D02
:10636000A12F163E3BD998BD8A59063CB107553D31
:10637000BB54F13DB3ED173E891D343C1BFC79BD88
:10638000ED8B403E4680F2BD51A925BE2398A4BDA9
:10639000BEA4573E18A73D3DBA1B773E270632BD27
:1063A0006EA705BE0C3822BE94CBB5BDED1DCC3D0D
:1063B000B98ABA3D9D3F3EBE0BE364BD297D993D40
:1063C00036121C3C507D973E6F602B3E8E7E643EA5
:1063D000BEB7F23D0B97C63D783C09BDDCCC65BC31
:1063E000DCB527BC6228443ED707913CB0A012BD63
:1063F0007C38DCBDE345223E76B129BE4925633EAB
:10640000A25C31BE43CA36BE6CC510BEE526F5BDE2
:10641000D7F751BE9BDDBE3D317F12BD8E3D003DA5
:10642000B6F5873E2F200CBEFACC063D932A243EBB
:10643000475E543DCFA1EB3CA2BCBBBCF923C7BD1A
:106440000642C0BDEB29D3BDA923DEBB1A1FF93A12
:106450006C84223EF0EF20BDC53CC13DF94FAABD82
:106460002A02183ED508D2BD98106C3C7246753B86
:106470009BFA35BE3C133FBE63C0F93D4011ACBE34
:106480002C4043BD5E9B21BD7DA09ABDE4506C3D78
:106490006022213E1B3BA23D8374D3BD1F17923D5A
:1064A0002CCBD33D7B2E27BE19B422BD60C29AB738
:1064B0007BD1D73DD68A0E3E19D7B23CCF3A5D3D4F
:1064C00096D69DBD29607E3EC682FF3DFB6E1DBCFB
:1064D0004AF2983E7F1427BDEE418CBC0E40A43C8E
:1064E00064B70BBE793B783D3C2D963D94F30ABED4
:1064F000D322053E0ECF2CBD14CC44BDD9927C3D99
:10650000E7C8DFBD570F2E3ECB39FCBD3383783E45
:10651000A0A845BE8AFE233D143090BCDA844F3ECD
:10652000E8C2643EBCB5EABDA4FC20BC958EF53D36
:106530008E4F153D40591DBEA93173BDF81331BCB6
:10654000A155E53D6D0558BEC5E057BCCB8108BDE2
:10655000F331FEBDFC28ED3D4889C73D3551223E53
:10656000D7F5D2BD636C15BDAD2035BC8D315FBE96
:10657000691B243E2031ECBDA9F7E5BBBF6D843D0E
:106580001820093CA85A0EBE82D4E6BDA33B53BDD9
:10659000D4CF95BD19280BBE968D713D1D442D3E5F
:1065A000987308BDEDB083BAC8CB1C3E920AE3BD18
:1065B00069FCEDBD6237BD3D2714533E4143163D96
:1065C000A59E883B7E7E41BD584B2EBE80D029BE05
:1065D000FA1A673E9F51C7BDB01CDCBC9112493E00
:1065E00027E29F3DA1620D3EC6D9D5BCD141FD3DFC
:1065F000930337BDA671643B7EE39ABDD789CDBDB9
:10660000F55087BD4F04063E910676BE60EECFBDC5
:1066100090E700BE4BD3D3BDC4A60A3E3D6E35BE47
:106620002A4B653EC41EF23C71BFD3BCE21D21BDA6
:106630000C56CA3D3DF13EBCC8E5A83D8B3D18BE99
:106640007412663C34281739CB10D33D9D88463DE3
:1066500090BA093E8B36F6BDCD9046BE9A62973E03
:106660002676233E6A410E3E92B43CBED5102BBD29
:106670007D2BF2BDAFB5CB3C1FD3383E4BF0173E60
:10668000A07AA8BDF40F473C839A34BE0CCEEA3DF5
:106690001DF59C3E90BE8B3D75BA413EF905C8BCC8
:1066A0004CBF9BBD92DE91BECC0EB5BD858090BD2A
:1066B000DA63813DC1CC6BBEE9F757BEE3E7B7BCF7
:1066C0008E9C753E76B3153E99EEE73CEB67863DB2
:1066D0007177083E568B3DBE22085CBD9EB0A83E39
:1066E000BE53103E066B433E5513A83EB9FA9FBCFD
:1066F000BB01323E4AAF51BD5BC82ABE6674023D43
:106700000729EF3DE497513C14A2F93DECDC94BD20
:10671000C994B53D5CD2BFBE63AE2A3E69E9A2BD55
:1067200037488ABCD8AF48BD348FC83D4BBADD3C32
:10673000BE9F96BD4732C93C46FA523E5981203E23
:10674000C6B23A3D42D3A23ED2DABB3D0332F9BCD7
:106750009F48A53D1EC9F5BD78ED81BDB31E733CB4
:10676000E6A542BE2BDA48BB89B36B3E4CA22A3E5B
:10677000D3B7303DE439CCBC76122FBC2E8C5ABD39
:10678000945F3ABDC4DAFC3D6E89F73D9B4B373DC3
:10679000FB4C133DC13A163E2BDC263ED8EF07BE1C
:1067A000A38E47BDE5FC0ABE65FD873C8B89013E93
:1067B000AF1380BE2ABDC3BC55D1A4BE81BF5C3E11
:1067C000C14B0CBE47CA323D8CE39E3EB7C9F73D74
:1067D0002D62B63CDA4627BD04272A3DCBA610BE63
:1067E0004773CCBD83A105BED8DD743CD5D4153E1E
:1067F000CB4A1ABEE0D5433E9D63333C4BA73A3E9D
:1068000031E7CDBDD3E2263E297729BE49537A3DF3
:106810009EA8A6BDE5AC17BE7A3E0BBD8A901DBEF4
:1068200053CC363D43E00BBEDF132FBE15B3983C6F
:10683000ED24DA3D6355E73DD859BA3D994A86BE05
:106840006E51B5BDE71EC2BE1B64073EC2AD52BD50
:1068500085E54E3EFA435C3DDA4244BD825893BD25
:1068600086558BBDA4CE5D3EEEBD45BEB2222EBE8A
:10687000617BE53D25A3ADBC2D6C0F3E7BBEECB925
:106880007EEABD3CC92F133E87D675BE47ACDB3DC3
:106890004F25CC3D8A3F783E9651CB3D2BD7A0BDAE
:1068A000DBA0B7BCD7D6E4BD7DDC85BE6CB5DC3DD6
:1068B0000EACA23E4D5AFCBD90FE053DABC635BEAA
:1068C000A601543EE203343E4EECC3BC504A20BE07
:1068D0002F4C253E79911A3EA149F63C46658E3EE5
:1068E000BF1E8D3E1151E93D49748F3EBD25CCBD83
:1068F000007201BEAAE2903DB46625BE216021BDB2
:10690000C2C3D23B58FD1E3EB31E2DBD320289BD0F
:10691000CFA2E13D1128913D8D5E0B3C19E3FDBDF9
:10692000DEA23F3D8FAD4B3C8BF4C7BC7832203E9E
:10693000C8FD1F3CDD96E73DD27EBF3DA3E711BEFB
:10694000A1FBAC3DD45C103CDE216A3D91A1753EBB
:10695000A2A04D3E079FBF3D1FEAEC3C0E16A4BD12
:106960004DDDBCBDD26A843D89543BBA7878D63DB2
:10697000240D07BD5526843D735413BEE10204BDAA
:1069800032E1AC3C0411D0BD4A526FBDA609423E73
:10699000DDB5253E2C07BBBC07A8C13D8BE3A23D5E
:1069A000433321BEE0CE18BE7DE624BE39AA063AA6
:1069B0001F8D8F3D3A9184BDD2910EBE2712933D1B
:1069C0000FFAA53B187FA13D08C5353E9C69033EE3
:1069D00084B3523EFD759D3A4249653E4B9AEEBDE9
:1069E000781455BD10F1AFBC7BB8673D334EE73C22
:1069F00024B71D3C493D0F3E35DCADBC7CB5263E81
:106A000062F2463E1C775E3D429639BEEBDD303E7B
:106A10004B3A113E3977713D282E9E3E66B6C6BE72
:106A200026EA05BEBF507ABE626F0D3E6A23D33D93
:106A3000ED48EDBCC539FFBD5162A7BC7375623D21
:106A40007C6E04BDB806F83D0942113D1EBBA53B56
:106A5000A7AC0EBE18B9B03DF7A220BE3EC4643E3E
:106A6000C44B00BD791789BD65BABBBD21F290BC8E
:106A7000BC543CBC4463D13D26EF1EBE7BD1A73E37
:106A8000DA84133D5759DB3DBB096ABDAF37B2BD50
:106A900065A8D8BD8996853EFA11793E6713A5BED3
:106AA0009F3AB6BD367C33BECECAB33C4D0E4D3E8A
:106AB000402D5E3D0121AEBD53CBCB3D015C2DBED3
:106AC0000787943E2FAFC83ED3868A3DCD2414BDA0
:106AD0003493013E8D63273DB76A683E3CEFA23D8B
:106AE000DBB0B2BD0B52293D31034FBDE059433EEF
:106AF000A535643A5047CDBCC3718C3E1677A6BC11
:106B000042D537BD328B1A3D2342873C91E80FBEF8
:106B10005136A2BE9B7F483EC54092BDFBB8713E38
:106B20004364A7BD794030BE2FC29F3C19F4183D85
:106B30004A158B3DD78A2DBE52E7B6BDA2F5C2BE1F
:106B400055EE173E252F90BE15FCBDBD1BAB69BE93
:106B50008D871CBE4D4499BE2DDC453ED076E2BEED
:106B600021C8373E8EA794BB4CA51B3E826BB3BE9B
:106B7000322BD03DAFCE6F3EE509EBBDC6ACA13D9B
:106B80004280A03CD4D4B53CDDFFF8BDAE42D2BDBE
:106B90006FFF1CBCD421673D16530BBDA0A5543E0E
:106BA000C546EE3D84D974BDD9A910BC0AE9ADBC77
:106BB0002ADD9B3EED5E0B3ED141063E17790FBDAF
:106BC000819F163E1763383E7A608EBE36BE34BE55
:106BD000BA8CB8BC075A82BB7109F2BC3D52953DD4
:106BE00023FC3DBE2FD553BD14CD883D11EE2EBEE6
:106BF000B7A26B3D7A4DEBBBA348793EC1D830BEFE
:106C000090CE23BD2AC090BEF0BA743DC8395D3D18
:106C10004F58103E12C248BED4609F3D08E6243D46
:106C2000BDC6DFBDD60B593E9A3F23BDC992C93DB3
:106C3000700A593C1193A6BC5510263E8D5D0B3D44
:106C4000606D323B4FD3413D78311D3E368E643C02
:106C50004C9CFFBDBCBB32BE448D543E36659CBDD2
:106C6000BCD4FC3D9BF3F33D2B9A533D852316BDCD
:106C70004C0885BE496EB2BD198444BD8EC795BD12
:106C800088D9BDBD25B0733D9FA6343E217AA43C72
:106C90005D80213E0BA18ABEE09E96BD5915DD3C6C
:106CA0007AAC8E3E7E5C063E8E72E5BCB4C9533B28
:106CB0002C754BBDCB98F1BD7D7C3B3D92207FBDBB
:106CC000916212BEB0F76BBE0323743D4F7FDCBBF5
:106CD0003034C9BD696540BD7CB12F3C6B139DBD8F
:106CE00082039ABA1D48E5BD910B283EC2D4C1BCAF
:106CF0000CA4783DCC6FF7BDB009BD3DD01A1B3C4C
:106D0000FA14603E5CD9ACBB73EFECBD5D25813DF0
:106D10001C5B0DBE6B6E853D6729953DDEDE1B3E1F
:106D2000EC916BBEB0EBB2BD8E7DD4BB53DECA3DE1
:106D30000894113E01CA12BD1DC6953C213B9C3EE4
:106D4000855F23BEBB87F53D4E469BBCA0B6FF3D8D
:106D5000513D013E21AE353E61FFBDBD4FEA733D61
:106D600073421C3B7839CEBCAA22DCBE97C2803D60
:106D70009565C03D03FC3E3E11291DBB112B0B3E0A
:106D8000102E263EAA5F233C1F24323D5A10FBBD25
:106D90000A2326BEA709473D49FB5D3E278689BDDC
:106DA00099D949BD9EFA053E92EDC23D7C0503BDD1
:106DB000889330BE8CD82EBD28D13ABD325D9B3D24
:106DC0008765023FF7F20E3E4CEA073EFCDDC13D0F
:106DD000B4DE313D9D78813D26F6A23C39A2D03DFE
:106DE000396B3A3ECEFA81BC773D41BCC282B6BD1A
:106DF00000DF0B3E65DB3BBDFF9A893DFBA9653D8E
:106E00004F26203E40BBA7BDB41102BE9C53C2BC5E
:106E1000D153B7BC4A95113EE1F0DEBD5F7711BC9E
:106E20004724033E453EC3BCF7A410BDFFCDFDBDC6
:106E300021EB1FBEBEED73BE822EBBBDC74D1B3DF9
:106E4000CF475D3D838CF8BC2837A3BD5E4033BE81
:106E5000A7D4143E7675993D251868BE7BD8293E87
:106E6000C02BF83D761587BD88B2BC3DC4640ABE10
:106E70005CB6773D784CB7BC55F9E0BDF3196CBDF5
:106E8000C6C5C03CC767AC3D8D87F53D05A855BD5F
:106E9000C4D15DBC061D8D3DCE20D9BCB3ADF8BCC0
:106EA000964739BE073ADDBBD735D43CD941F9BC4A
:106EB0003D81CFBDF307B93EAC12BBBD5C68CABC17
:106EC0003E56D53C6AA05B3DAD6973BEEAED8EBE11
:106ED00000B1993D5B4A8C3DF1D743BCF0CCC6BCB8
:106EE000080AA43DE54087BEFB9B2BBC62AA933DEC
:106EF0004C7593BD620B33BEC7894F3E972E3FBE84
:106F00004AFD01BE5643F3BD324C23BECAD0B6BCC7
:106F1000CD6780BE921CBA3C0698E03CC0E3833D3E
:106F20001EE61CBDF145C33C0B239FBD1138873DB8
:106F30001E7EABBE695310BE20690ABCDC1A003E3F
:106F40004D5ACCBBE47B2CBDA7E1A23C85E77E3C3F
:106F5000ECD47E3DF9C2E8BA6A35CC3E8178D7BD23
:106F6000186EC23D862AD5BD7D1755BD9A9C5ABB69
:106F70002B1C47BD723ED03D130E083E0EDF7D3DFB
:106F80006349413DFAC8EC38641B3F3DB81ACFBD98
:106F900033E1F2BC811A17BE43005CBEF8E6B23E94
:106FA000BCBFB13D9E79623E8934783D178F533D19
:106FB000F673563E723E43BD9E1D003EE4D085BD35
:106FC000569D2EBDBAC92BBE71278A3DE6304C3D79
:106FD000D25899BC4D2C2EBC24A10E3D2395BB3B11
:106FE000F293B1BDE21D823D08E60E3E67335CBE02
:106FF0000802143E7DD40D3E29DB31BE9C6DE3BDFD
:107000006F7BA1BED86A92BA7BBEE03BD5909BBC99
:1070100034233BBEC660D4BC830E8CBE5A320A3DBC
:10702000AD4910BC6A741D3EC5214A3C9FEB243E0D
:10703000A982033CC1DCDABEAD993FBD22B64F3D0B
:107040002308393D4068C5BC74239CBB4E1CEBBB78
:1070500096527E3DA85E833D8C4D8D3D8E93B0BD96
:107060007E38783D6B43C43D65C1EC3DA73708BE13
:10707000BBFF35BECFBF8ABD957DCE3D62E76BBEFF
:1070800011F39DBC6711143D23D2A8BD66CA033C11
:10709000EE5B4B3EAC22DDBD50E787BE31B9CB3E47
:1070A0005744E63DDA4AB43D0FD541BEF7C803BEAA
:1070B000B970AB3DDF60633ACA73CA3B409C023E85
:1070C0008DC1E7BD18EED3BC181FDFBD8AE6CBBD6E
:1070D00054E21E3DBF91D73DA5BFA13C06FAB2BC0C
:1070E0000D84F4BD18337ABDE07D183EE31914BE5B
:1070F000DD06A33CB3ED223EFD3D8EBE8DF71CBDEB
:10710000A1C13FBCAB7018BEDD6BABBD8E132BBEF7
:1071100044DB06BDF1987CBED0B62E3DB2E3253EE1
:1071200008D3B8BE8FF440BDE0A7BC3E6014A03DBC
:107130000296EDBD0D005C3C0A36103D75B9303E3F
:10714000DDDCAB3EF4F0133EE4FEF0BDE825493D46
:10715000F55D703C3105A63D8D7742BE788D3DB81A
:10716000390E233E7015B7BC7ACC46BD05FD813B78
:107170003D5F68BE3DA8BF3C447E6D3EA490DABC36
:107180003EB9563D6DDD9E3CC0AFBE3EAD6D1BBCF5
:107190008C5A1BBE2DDA32BE024C72BC57E8A3BD1E
:1071A000E98C693D150CE53DC8FE743DBF4518BE30
:1071B000E4B5F7BD95146F3E7A998D3D6C4E95BD43
:1071C0002509733C43355E3C89A28FBD8792BE3B47
:1071D0009D4587BD18B9A83D0B92AE3D8B8E053DF0
:1071E0003BF239BECBB918BEC47E2FBD98FD583DC9
:1071F000F9754A3E1784FBBB2B78F0BD0B696CBD5B
:10720000BF01BBBBB98B8BBA2E586D3C238E053F9B
:10721000D11920BE512A873DA6751D3DFDEEA0BCAB
:1072200078FFE2BD3FD097BDFAA5823E493D893C3B
:1072300035FD533D0E3F0D3E63513A3EAE8555BD83
:1072400079DEE83BC744C3BCB895F4BDE239E03C05
:107250002ED595BC5B12813EABE3003EF58A233E02
:10726000F21D583EA40163BDBF2DB6BEF76D8CBDA7
:107270006C5B8B3E4859EE3DB38D963D27E0FC3D5F
:107280000EF5A43CF66F36BE9498A53CC57317BEA8
:107290005B6199BE05BAECBDB6031ABB38BFC53CED
:1072A0004628093E05F72EBEAE35373E2AE8B83CE3
:1072B000FE0669BE485E973D031E873D654128BEB8
:1072C0000BC1EC3E35D117BE5072C5BDE5AFC03A1B
:1072D000857689BDCFB01DBEDF7C75BC4B9984BD62
:1072E0001612723EF385D83C721717BD3264C13C4A
:1072F000E77D8C3EA83523BCFB13CBBD80A70DBE1C
:10730000A46507BB143AFC3DAB2A573EC1C6843E78
:107310007ADBD3BDC8AED53E85D1C0BD558A003E0F
:10732000F2C6213E8F84F23B0639803DFE1B18BC1D
:107330000BED91BD853EEDBD737D73BE464820BE0D
:10734000AD7B833D91471ABE9BD8C4BC1AA011BE29
:10735000123726BDC6CB083E7DF1073EFBA210BE0C
:10736000C14B7B3CE4FB88BD5854D23B58CAA2BEFB
:107370007DFAAB3D8FA4D2BDD36E04BD41365BBC5C
:10738000CE648EBDB027D0BC9BAE303EF00318BE9D
:10739000F17DF1BD0D7443BE9E031EBDF1DC583E70
:1073A00048028ABCF2C5243E7113603D7A6E4D3CA2
:1073B0002671633E699ECD3DFDE9483EDB5744BDE5
:1073C000FCC0453C0E3BC63C211FE1BDE0E9A4BD2D
:1073D000D678093DB24BD8BD9B3AC33B479912BD05
:1073E000D7F0B13D709F9E3D300680BC648B2CBEB3
:1073F000F422043ED7A00ABEFF6FA8BD43CDCBBC8C
:10740000426CED3C60DEA8BCB2724F3DE1BF3F3E36
:1074100057CA87BEB73FD3BB514A4B3D51DB89BCEE
:10742000B82EF8BD3480A43D7B33993ECA6F223E0E
:10743000252C3A3EB709233DE214D6BD1EA1693E74
:10744000C2CE03BE8FFC513D2D2ECDBD8CED453EF1
:10745000D612BB3C862D123D97CD503EB230113E28
:1074600097C24BBC9057E63C10E8B6BD1F8B403E20
:1074700089B494BDDE79413E831BDABE1174D83DD8
:10748000D06380BDBC1D44BEB0531C3DA45C6DBE2A
:10749000B76EA2BDC3F1EDBDEC54D8BD20ED913E59
:1074A000D38840BDB09E733E724A343EF8AFAA3DC9
:1074B00016A7F9BEDF3164BD290000BE0126613E7A
:1074C00013615B3D29C3B0BEB284223E5275E43DD8
:1074D000F78D7ABE4C7524BEE780A43D61BED2BC58
:1074E000810E0A3EE55A3DBD8711D2BCDC6269BE01
:1074F000169B7B3E38B4FB3BAEEFAC3D3481983EEF
:1075000032C745BE29AB2B3DE3AFF63C3A3B09BE43
:107510008D3DE43D296228BEEA7DA83C83AD1BBEBB
:107520001A7DF23D16C8903D29D021BE6E3FF1BDB7
:107530002B521ABECCE4C0BCAC50EC3DC9C3B3BDA9
:1075400098FD203E0283893D755B7ABE129475BD1D
:107550008F80A33DBFE498BE03AAAABC27A360BD49
:107560006DBE743D9D56803D0CBC733E351E1F3E66
:10757000467DC8BD3E6357BE664B0A3E0EDFD4BD96
:1075800086201B3D12A13C3D6BF6073EB36F293DA3
:10759000B858F73B709C0FBEED372CBE892C483D88
:1075A00007AB8D3CAAB515BE39B05ABE7D45803EAD
:1075B000FFE7C03B8DBA20BE8ED7C0BDEEDD953E45
:1075C000FA535CBE8FBC573B778690BDA0B098BD88
:1075D000915DBE3D44EB8B3D07ADD63CADB19ABD50
:1075E000FFDF87BEB905FFBD166FE53D70400EBDDC
:1075F000DD4DA4BEDD64863C8D10B4BDF7FDE83DD5
:107600005AE8DFBD480F4EBD34C644BC883A82BD3F
:10761000C77AC0BDDC27E7BD5DB4B3BD094F54BA1E
:10762000A0C37F3DD5FB2D3E07A78DBD3861453DED
:10763000B3D58B3DFBBF223BEEA1553CCEB4F83C0D
:1076400049D15E3E7E4021BD3B8BB2BDF4ABEDBE69
:10765000AF7BDF3DC950273E6FC31E3E07878BBE01
:10766000A2580C3D4DA0923D6404333EAC4C95BCF9
:107670005750D9BDF3BEE43DDECC143EB5B367BE72
:107680006E6AF23DED8A58BE98088ABD4A1CEFBD6D
:1076900095E7583ECE6582BD9D1942BEE3D9913E25
:1076A00057F39C3B7CDD4B3E81FD123E5399A0BDC0
:1076B000CE4C8ABC2837083E6A5E46BC7E1AD73D4F
:1076C000B81CBEBE8D7D4BBE313FFA3D3337113BFA
:1076D0001729ECBD3E0C903D2A66C4BD81FB03BE5C
:1076E000E1CBF3BCB70C943D72CF7E3DC666CDBDF9
:1076F000EE212C3E54C7323EBAFF76BEFBE267BA9B
:10770000C1465FBEAF87C0BDD6C4313E8C1122BD1D
:107710006619A5BE552AF8BD376E82BEA4CBC2BD80
:1077200082508B3D7BAD943E341101BEDE1AF7BC16
:10773000D531743D1E78173C71A342BE703769BEC7
:107740002339223EA65435BD253191BD7B16FFBDA0
:1077500066E155BEBA5C1B3D70278C3ED8FE2CBE40
:10776000D10E133D086AC83D9E32A73D74AC493D19
:107770005B5FA73CDD65A33DFAC8343E922154BE51
:107780007223A7BD3D33C0BD80D7183E57406ABDA8
:10779000A71E313D636785BEF7F657BEDE54D43E63
:1077A000B4B2CD3D7978843E899F5D3C384C3BBE78
:1077B000A454053E02745E3D767A9EBDDDD0183E2F
:1077C000E40E62BEC8A4E4BDEA6A9E3C5D8A4EBE79
:1077D000F82908BEF04CBC3DA0A6FABD654C473E5A
:1077E0006EB10A3BD939623D17AB0D3E45E601BE8D
:1077F000C141923D81B17C3D5A996CBDBE5303BEDF
:10780000153A43BECFA979BCCA03ACBEDB205C3EAF
:107810003A78BD3CB4EC613D812D943C0FA99A3D72
:107820006435303DF23D1D3D68504A3D2BE618BEA3
:10783000AC00BDBB021E54BC150415BE69C148BCDA
:10784000E78240BB12BA4DBE367A2ABE40D7C3BDCE
:10785000289521BD8569E63D582484BEF807B23DD0
:10786000FA49913D395DE73D1A037CBE421563BE7E
:1078700001096DBDDB0970BDEDDC973E5E4582BD43
:1078800066FB8FBEDD19703D1561753C56D4023E16
:10789000CC7D9ABDFF82E63D9440D1BDFBB0BFBD1B
:1078A0007FFA9B3D280E34BE78551D3D59C45DBE00
:1078B000F79C5E3DC3461EBD07EA1E3E948EE9BDA1
:1078C0005F5A313E16F3AE3DC457CB3D26ED65BE43
:1078D000E6289A3EF1B387BBA43720BEA2B7873E05
:1078E000FE5B863E9CF1213ED0F8843DBFA81A3E47
:1078F00085554B3E31081ABEF807033E37EB99BE5B
:10790000541C14BEFE4F7CBEEC5333BE742F4A3D54
:1079100076CCD23BFCB021BEF7B62CBD13CEF73DE2
:1079200093E2D43CD273D53D49B71D3C03EA9C3C5D
:10793000BDCAA2BD0BC61ABD5074CD3DF44687BD6D
:107940003E76F83DA6CFB03D47DAE53C7256F0BC36
:107950005B0EF03C3329D23D9212173EB00BCEBCE9
:107960001C0BCEBB27F2293ECAE1F33D52729B3D70
:107970006ABF02BDEF1E7BBD0B28983DF2D2D5BD7C
:1079800023EE94BD92A4BA3DCECC333D827FD53D4B
:107990005DADE1BD108489BDE84F6DBE2066983EA7
:1079A000D444F53D8032893D542AC93D3B47E8BC6B
:1079B0005F1834BE2AD4DB3CCF02993D5C96A0BD53
:1079C0009637D3BDDF895CBA98F4163C468E18BD55
:1079D000A8FE8B3D6C1C293EB8A8C4BDAF70CB3C43
:1079E000756100BEEBE1873C73E9C0BC0A2391BD21
:1079F000AD54D33D86B524BDD9B9AE3D0FDD78BDBC
:107A00000B05253D27622B3DC4FB49BE34EF80BDED
:107A100075C3B83EC9010CBE23523EBEBA9C3DBDE3
:107A2000C0A57B3D59C801BD1293073DA8451B3D2C
:107A3000F9C7F1BA1D774BBA8F49743EA8FA803E58
:107A40004984F7BD47F13B3E0C90113D7598CC3D04
:107A5000017994BD41C32A3EC6E9A1BD74C7BA3DB0
:107A6000FDB2473D0C2984BD3C0116BDE803873DAE
:107A70008C4DEBBDAFDF1CBEA0EEF1BC36F5133E66
:107A80004D9EA3BDD4DC2F3E5B6FB0BD360B003CDA
:107A900002EC853DF6532B3ED314213E1F1F41BE01
:107AA00027A0C4BDA7780ABE7753923E517132BE5B
:107AB0007DE69EBEE9FD95BE23E95CBDEAC522BD1B
:107AC0002FDD8B3EA17737BDFACA913D99F8C9BC2D
:107AD0006A42673DB41DC4BDF0E416BEFA99413E4A
:107AE0004F98C2BDEA0E86BDE1817BBEC15DDC3C24
:107AF000F89D02BE6E073EBEA587513EDCC31F3E09
:107B0000D86C20BCB10D253E11150E3DBA8A073E3A
:107B1000620E6F3DB069553E5BDA573E8BEEA73E75
:107B2000D7177A3DF71935BE30E3E33CC1C01F3E9D
:107B300097DB83BDDC5B5DBD5A0029BD86006ABD55
:107B4000B296493E70E9D4BEA5CB8FBD08C1A1BE97
:107B5000A54541BE287B453DBCCCA2BDC00C303DF7
:107B60008412983E3EC4083EBBC8BCBECF57A9BED7
:107B70001E6612BD73FA5F3D92A218BA7D28F83BCB
:107B8000CF77853E72DAF43D8F0FAE3D0A67593EDE
:107B9000F19612BE6404233D3167B73D0E4CE53BC0
:107BA000E67A233E0F642EBCB092F3BDAC8B3DBE93
:107BB000C97B03BD51BBBD3D8515223E70441CBE33
:107BC00055081A3E01E48D3E8DB519BE770F5EBE95
:107BD0008F505D3EBD0BA2BCA339B83DC8B1403D3E
:107BE0001CB27A3D6C8FFEBDA40916BE06CF173EAF
:107BF0009C58363DA98238BEE209D1BA3F8BD7BE28
:107C0000FA02883CCE974C3D7692093EA5084DBEBF
:107C1000DD4C04BE23A44EBEB367A23DF21324BEC6
:107C20003A27093E677A73BC8076C5BE31C04DBD28
:107C300077F623BD7726103E982F563E020F2DBEB5
:107C4000CCB1033EBA78EFBC62DE363EEFA035BC65
:107C50000940BE3DA97359BE3F5A87BDD892C9BDE0
:107C60004A90CDBDDBBCC63D25C56A3ED98A0D3ED6
:107C7000942578BD2CC6BD3C3C75B13DCB01653E1D
:107C800090F0173EFDA5E83CE8F588BDA75B893E6E
:107C9000147EBA3DB3079DBD5431D9BBAF7C12BD34
:107CA000C2C3AFBD02856E3DED29AEBE45F83C3E78
:107CB000512FA63B6D93F3BCA11C51BE7999933E05
:107CC000399939BD00CE37BDB7A822BEB8B35FBD64
:107CD000AA035ABC330445BDFACA7E3D6FFF68BC97
:107CE000ABEEA8BC7E191B3DD75EE83D7493B53C56
:107CF00048CB7ABEB4456E3E96ABA63CD7082E3E26
:107D000015DDCBBDDB5C183D6184E5BC1D0D4B3C36
:107D1000EBA1B3BDF5B4A0BD19F203BED9F12C3C63
:107D2000BE6310BEF382A03EAC48543E8E643FBE9C
:107D300099BCB638E5F74ABE866FEBB8113A8D3E6E
:107D4000893F0CBD39CF333E373473BCC202B33ADE
:107D5000976CBFBC9C84E53DCCB2AB3E7009D33C74
:107D6000BED7A3BD9F8A803B14BBB53C71ED303EAE
:107D7000347D3B3CD1561FBD3BD3F9BCD2E6BDBDE3
:107D8000594518BD458FA2BDE494E93CCAD3A23C35
:107D90001130DFBD725A3BBEC58271BE72003C3EDF
:107DA00077F3A73D223C853EA07DA5BDA64B32BD05
:107DB000A331263DB0ADC5BD49371E3D83AB143E52
:107DC000CC1E35BE0CFD2EBE7961A83D40DF173EAE
:107DD000879966BEFA4C54BDAD0DD83CC8FB5DBD5D
:107DE000D8ECFDBC809B1A3E461A1C3D04827ABE2C
:107DF0001D4C04BE1A1C9BBDEA914D3E1DDC3A3E53
:107E0000D33FF53C95FB90BD5E48023E29A5B8BC2A
:107E1000B5576EBE40CB6BBDFA2F84BE56CD1EBE8D
:107E20004C79343D4931833EAB9B4EBBBA32D5BC15
:107E3000B56628BD820A143E62F0A8BD74277A3D5B
:107E40009302D4BC026F403EF1A8003BD4397E3D82
:107E5000DC392D3E33500D3DC253B53E9C31B23C12
:107E600088D5F8BC1B4C3BBEAEADD23DD3F559BE58
:107E700061D00BBE44FA84BC95F4963D66D046BEF4
:107E8000B8BF8CBC33A30EBE474391BDD7B719BE54
:107E900065E6F83D817625BE8AC0ADBE4683C23E0A
:107EA000E64746BCF8F56B3E157ABA3D8306603D61
:107EB0000D1A0DBE0397CB3CFBB249BEFD54143ED8
:107EC0004C578ABE2BA790BE084DDE3DFC68613D35
:107ED00093090EBE9FADE23C7E2188BD8D13773E97
:107EE000384AA73DCC21C9BD77F7F4BCF8661DBE62
:107EF000EEF71EBE0619233E6512FDBD57E0AA3DF2
:107F00001A65C73C71EF323EDCDAC63C88AFF43DFF
:107F10008847ADBD96F6A73C9CE4E0BCC3B1D9BD93
:107F20001A3E293E2CBD8ABD7579FB3D56D33EBE17
:107F3000EC77283E8CCFA23ECE63C4BD360107BD90
:107F4000FD2D82BDD6E3A13EA62B213E7B9A883E25
:107F5000FBD5123D2CCFBEBCD969373E20A08B3D4E
:107F6000173281BECE1B82BEAE7A9A3C6ABF803E7B
:107F70008821633D6E35293D18D7BE3D4DD2353D34
:107F8000D48CB9BDC174B4BD675102BDAD2389BEE7
:107F90004399D1BC7F47363E4A4B043E70D71A3DC9
:107FA000C6D820BEED11A53DCF3C9C3C300F393EDC
:107FB0002F4D14BE7C752A3C20930CBE1415BE3B7D
:107FC0000B043D3D107D013E284006BC2418953C25
:107FD00064BE22BD5210AFBE092484BED085933D3D
:107FE0001111593D76BF0A3E7B91B4BDD58855BE6F
:107FF000D32E783DAD44BE3DA91642BE6E386F3ECD
:108000004EC7773D4A18693EE877333E63A49FBD6B
:108010008331B73D4F0C08BEC1416F3D1641D9BDFC
:1080200023DF4A3E7E3734BE1C445BBEF785CA3D23
:108030008EE0AC3C3C11473E4D60283D8E3502BE83
:10804000A53DF43D1C778EBE07BCE33D2324AA3D2D
:10805000F1CD113D9B3D55BCDD5D01BCF5084FBE2A
:108060009A4F273E4BEAECBDFE066ABD99A9803EB9
:10807000AA93BFBCDB9C683DD543EFBD21EE4A3BD4
:10808000F1BBA13E668B1B3E633E74BD18CF193D0C
:1080900067B9A93E8881D1BD0DD4053D65D2A83D03
:1080A000936903BE633C32BEDB5DCDBD7804E43B27
:1080B0006DF6E3BC813B8DBDF4372ABDB028633E2D
:1080C0007E250F3E4177783EE84C50BE3D787D3DA1
:1080D00080314F3E6B8B363E9C7DF93D6B3D4EBDF6
:1080E000E11E073E1EE378BD47A397BD7609EA3C33
:1080F00084FAB9BDA410163D4FF112BE6658673C14
:108100004F8434BEC06A45BB019490BE45B3983DD0
:108110004389FEBDBCCA2E3E387FE9BCD21B483E17
:10812000D9F5A9BD1F1E30BE79F5FB3DAC63E73D17
:1081300017C32CBD3F11943D90BD4BBD643732BD7C
:10814000E04AE1BD7966573E364A8E39D113FCBD0F
:1081500089AF20BD97BE74BCCA59A1BD38A2873D66
:108160007D177C3E9E62DDBD372331BE2B8552BE1E
:108170006CEC18BD84E9DABCAD6143BD050E243D4D
:10818000BB3F513D88B94E3ECDBA543DE464723D8B
:10819000BA78D7BD607DA53DE1CB30BD7EB8EABDE4
:1081A000CD44553ED6C6F4BCE813FC3D59C343BE8E
:1081B00008D69B3E3DFF8E3DCE996D3EC80201BE66
:1081C0007B708FBCDEDF3A3D742628BDD5DBC0BD99
:1081D000E98A9D3CE61E203E87E1813DB223B83D01
:1081E0002459F73BFBD515BDC919B5BD0637EDBD03
:1081F0006DEA2B3E12754FBE375A413ED06800BD26
:108200000F982A3E760C4B3E67F9AC3CB83C943D47
:108210007821B1BC3EBE243ED9C0CE3D3F8022BEB7
:108220008639153EF7C799BDCD9E3C3E0B26D8BD7D
:108230006B890C3D7CDDE73B8351DC3C0F0AD83C6D
:108240002F421C3D27AB45BECF53D23DF3CDF53C6D
:10825000A40CB13D631D1B3DBC270CBEC52EE1BB6C
:108260002B84C03D5F48653D080E9FBDBE80183E13
:108270003C0F85BC5002843C4B1CB1BCD58AA83B4A
:1082800052E7B43EFE92423DD480DBBDE48B493DD3
:1082900007A75CBC5C12713D40069C3D0A86073D09
:1082A00018DF10BEF871C6BDAB2762BD8684B33D32
:1082B0007886EABD245DA63D429234BE636223BD4A
:1082C0003DDACC3DC445153DE709963D5C78333D2C
:1082D000D8E5F13DD417323CAC99DB3DECE76CBE00
:1082E000B66E87BC7E9E253DFC136BBD0E2C88BDF3
:1082F000FAFB9CBD710A383C4C1734BE77165A3DC8
:1083000021C18D3E831701BE52302B3EE31360BE68
:10831000AB3F163EE30603BEB3586C3E4D86C93CE8
:10832000CF1CA8BD85A70FBF0300F7BD0078393E5D
:108330000D81F9BDBA38893D3B32963E12D793BEC6
:10834000EB17CDBD3DD654BE427F8C3EA11DA8BDCE
:10835000389597BD36DDD1BDED206EBE933EB8BDDC
:10836000B4289A3EA095153E25041ABE5D2ACFBDBD
:1083700033B25BBE9694C73E9FDFFFBD3902753EA8
:10838000C54EEE3EE9D0183D25206ABE1528D73EE1
:10839000D868803E952F76BE24DAA43DAA158C3D80
:1083A000FBD4583E85DD55BE0F2AB23C112AA33DB1
:1083B0000F7E5A3D006C573C40DD94BD1334303D78
:1083C0003430523ED47DB73ECDBE25BC99523F3DA0
:1083D0001DF81E3E946AA63D2807A63E773E23BEA2
:1083E00066B222BE00A11BBDCFACDEBD9158A53E3A
:1083F000832E06BE39635BBD3454D73B86BD2D3D0D
:108400003994D53DE497B93C88AC0BBDD00A37BD53
:108410005C7B93BBA66E6BBDC920B5BDCBFC46BED5
:108420004811CD3A4B7A16BC5499373C096BEE3A59
:10843000DBEBEC3DB3F3333DE895E43C6F715FBD9E
:108440000855F3BD0B8304BD61ACACBC2E04B13D3B
:108450003C12B43C20D8CBBD0AE287BED958DA3DE5
:10846000BEB5D2BD767C9B3D4E8D3B3E161AA83DD7
:1084700057AB5C3D6454A13DA6932A3D4F5E453DFC
:10848000F8B8813C5B679B3EC72BE43D1C27403D11
:1084900010A4263EBC36D83DBBB9603EC3C41EBE48
:1084A0009E18A9BD37B114BEDA0C80BE435E173EDC
:1084B0002EF0FF3B60165FBDEAEFE6BC47C62E3DDF
:1084C000BD1EBCBDA595D53D99349DBEB860EF3BA2
:1084D0000C7B053E14C13EBEB1C2B4BD40BE10BC53
:1084E00065B1F8BD52A808BE8C74E63D52D23B3E41
:1084F000337BAABE5FC4C33DE3C54CBEC495723D89
:10850000D7728B3D068A04BE272D623DF833C43EE8
:1085100014138FBE3909833EBC37473CFED15A3D08
:10852000370C77BE211FDC3D2B786E3E3BEE653D60
:108530005455E9BCDF59FD3DE3342C3D7B32603EB0
:108540002D40F5BD3D01473D62319ABD64991DBD89
:108550000192323EA738BB3E38F87ABEF9F5AC3D01
:1085600078C381BC248C623D90C374BD29BC543D4A
:108570008497EB3D8793823D1408783E522B333D20
:1085800027EB203D401CBABCF92279BD8CB8C7BC92
:108590009F8556BDBE2D8BBC636FF5BB2C77CDBDC3
:1085A0001D941FBCF166D5BD578322BE0817603EDF
:1085B000C48C72BD24AA4FBE6CB183BC87EC3F3E15
:1085C000AF31693EAD4106BE30BD66BC60EDAB3D2E
:1085D000A2260F3E4349A43C59F1A2BDA948993CAB
:1085E0002D9EF43ED679E7BD9A8A1A3EE3DC3E3EE4
:1085F000753610BE432FC0BD28702DBDFB6AFE3AF4
:1086000046BEFDBBE410F5BD0456493E32E539BE19
:10861000E8AEEC3D05A432BE2A0F723D5381343DD5
:10862000FAA784BCD79A733C43538BBD7560D43D85
:10863000F1A289BEE1B307BE2848943E5B80EC3DC1
:1086400067253ABEDCC8F3BDA8D2733C23DF9F3D4B
:108650002AC181BD279922BEBC5847BECDE6DDBCEC
:10866000997D353D46DDF9BB62D8C03D2E6079BDB0
:10867000E24FF8BDDDBAD03D3F6D043E1A682C3D97
:1086800095DB3E3E83DA823E8AED123EA837073EF6
:10869000A105473D49D1A23D84A5363C3F80CD3A56
:1086A000E0BE9C3D129A8FBBA8A23EBE0ED2ADBDCD
:1086B00054716D3D9FDA8C3DACF0B53DC50BA9BC46
:1086C0004AF5AFBD26EF933B5680BBBDA817C8BD8A
:1086D0003CE75B3EF8A6563B539BD03C199423BE27
:1086E00012E896BEB5C39EBD2F7D7A3DFE79193E38
:1086F000BBC9B2BE1EF410BDC80B4F3D5C0F513D4F
:108700007E1BC5BC000B1C3D4A5D623E93F66EBEEF
:10871000AC308EBE8824C23CCC0592BE92050EBC05
:10872000294F953E5A7E973DF8BA05BEC51A99BCA9
:10873000C384F33C6DAFB0BDCFC9A1BD232100BE42
:10874000148C813EE0A767BE6C11103C554601BEFB
:10875000AF07103E12D69C3DC519423E91EC62BE59
:10876000F3CD2A3DF54E9FBD86CA273E59576ABCB8
:10877000874220BE9A3C0BBE8DFDC33D652433BEAF
:1087800003FC40BEF238C33D8D42083EB1F8C93CFF
:10879000F8CA9DBE6328FABD00C998BEDF12AB3E81
:1087A000B7A80D3E3DCF3C3E1138F2BCBEBC3FBE2B
:1087B0006680133EE0A2073E3CDCD0BC2A190FBC09
:1087C000EF64B7BE195565BE6680F3BD6CAA0F3D58
:1087D0007DDCD73C2D49F63CB88650BCAEF3463E16
:1087E000641681BEF0C0A4BD375B86BEAF5200BE2A
:1087F000BB393CBD02EAE03BDAA84ABD5E9582BDCA
:1088000035C1BBBD8B30623DFBFC9ABD5BA674BD20
:10881000E77415BEC7F0BE3D6659683D4645C2BD0A
:108820009B871B3C211984BD627523BEA6DE42BE18
:10883000C790083EB7E3DA3DD902B3BDEB4C54BD57
:10884000B29B1D3E2F18203DA3CCE93B68C3E03D01
:10885000D8568C3ED5D69DBDDAED95BC1665553CF7
:108860006D90A6BE3BA637BE60F51F3ECD7AF5BC27
:1088700076588D3EFEFCB9BD2126233E141A1DBE3E
:10888000B4D31EBE5F98BA3B3FB2CEBD67A48DBEC7
:108890002C75743E3ECC5F3E0D57AE3C00E11CBDD6
:1088A00034D63ABE29BDA13D987F0C3D073D343EEC
:1088B0002B4D073EE689FFBD31CE37BCC985B23DA1
:1088C000D64448BE47FC033D7F302B3C03FC173E9B
:1088D000760DFDBD77EB8EBD46DEDCBD6DD6153E5B
:1088E0009CDA39BEF4DD30BD8B7F443EAD70D13CA7
:1088F000AB0CA73DE4DDE83DC81850BEB9D3373E08
:108900008BA7193E9B61463D606F4B3D097B06BDC1
:1089100012E14D3DAE292CBEA86CA0BDE0A456BE10
:10892000F498003ECBB0813D842F123E20E40DBD73
:108930003695DFBC690CCF3D132F3ABD7CF2CB3CA2
:108940008B20D6BD62591F3E60D0CBBD78FA4C3E1D
:108950000DAC303D974286BDF2E05CBE51A6443D71
:108960006529F3BD761B30BC3A9C2A3D0762643E04
:108970005CDE083EBF43C03CE72BA3BC2D34D33A9A
:10898000FE5561BCC37284BDA7ED36BD16008ABD1D
:10899000CBD3513D1B87CC3D7F8419BEB797433C59
:1089A0009990BFBDF20A123D4E506F3CC7EE5A3E41
:1089B00039C42CBE499712BD3C51EDBD88EADF3D5C
:1089C0008621883CA0820ABD1342353ED9B5213E9E
:1089D0008D1B1D3C7FBA91BE25BC933C05FF75BB2A
:1089E00064C6D1BD77CE1A3E9F935FBD0A7C4B3DD6
:1089F0002FB373BCE4E0943E45E937BD468C0C3E92
:108A00006CB730BC69BF0E3C4FB51FBE9B1C0ABE85
:108A1000A351AA3D104AC43C6F77C63C12C9843C9E
:108A2000A3467FBD585F8D3B455018BD2A5DC73DAD
:108A30006AC0A2BDAD5F24BE80B40ABC127A843D78
:108A400017EE5D3C211B83BD44FF4DBCF28370BD1E
:108A50005F7608BE06FA513D4922033E77A0783E74
:108A6000637F9A3DE06C393C1DBD94BD6917E3BD41
:108A70007F39D93CA51F5B3CC34A063E5818BBBD95
:108A8000C67208BDDFCA113E4A714D3C0BF8663D07
:108A9000DD1BE63BC578BCBD3A3AD8BD65A7D43DE1
:108AA0002777FC3DF64FA5BDFC3A313E3C1FDBBDB0
:108AB000C7AD08BD2822943D43B75DBD4ADE683D81
:108AC0008A42F9BD77B4EC3C9B7230BE949234BEBE
:108AD000B73F0F3EB110C93D879C233CA74E1EBE39
:108AE00053B377BDB08E0FBEC21F16BE5EBBD5BCE2
:108AF00016450A3D8E7D16BEB2EF863ED7FDABBD54
:108B00006C47163D85E1C1BD5593E7BCDC77C53D9B
:108B10007517DDBC5835C43D58B2483ED11E5CBD0A
:108B2000CF5FCEBDE73D14BDCD96293D2CF38FBD63
:108B300060B2673CBD9B1CBDA5801C3E3A574EBD34
:108B40003E2F103D380F833C492BB73D37EE6CBDAF
:108B5000A71AF7BD447F17BE18A4FBBD667B5EBE97
:108B6000B113C13ECAB4043EB263D7BD691301BE9E
:108B7000C09721BE728F7CBD23D3133E7D10453E2E
:108B80002B55753EACE543BA9F3B1CBD654D1C3E65
:108B9000AAA5A6BD661CB0BEBEBF86BDE197EE3DD0
:108BA0002FE2913E2015F93DC9AC7B3D6CA3FCBD85
:108BB000666136BC044D5C3D4D57573E849563BDA0
:108BC00045F917BECC7A88BC41D2BB3DA297653C23
:108BD000ADD50EBDCB41C13D77CB7F3E10068C3C61
:108BE0008B891A3E3B783FBE7E9C16BD548CC13D9E
:108BF000B330B33D9E755EBEF5BF31BDC0D485BEFA
:108C0000FB692DBCA610453D0645823C4183BC3D19
:108C10002B530E3D4F44C23CA323A53C941F22BDC1
:108C200026C139BEA3F1393D83C0E93C230645BEC8
:108C30006C64493E0C87803DCFAFD53DC1884BBDAC
:108C4000E49A08BCA40A203E34FD703D6928A63D84
:108C50000C92B93DB1480E3DE2D0473E5D9A5FBDF2
:108C60008634D13DB061D43BF84C5D3DB977033DCE
:108C7000BBC3823DE477083E3CFAE0BDAA1442BD86
:108C80000B93153EAFCC723D3148EA3C9DAA263D80
:108C90005114BE3D9EFACBBE72EE40BECA55683E30
:108CA0004BB1003EAADA003E90F4613AD1B7D23D12
:108CB000ACD3B3BD12DF48BE0FE4423DF0A8BC3CCC
:108CC0001636D63C362C003CB57E11BEF04B36BC79
:108CD0007B115DBE7FF251BC8E818F3EC05A90BC2D
:108CE000BF611BBDA5DD81BD8FAD513C8CBBE8BD17
:108CF00072798C3D367295BD8DCA2DBED0F62D3B56
:108D00005DA19B3EA76FDEBD62392EBBD039863D8B
:108D1000D6D4F83D41B7123E326C1A3E5D20F93C84
:108D2000B56F00BE077DB2BD2089D73D02C6303E7B
:108D30006E7C07BE6B808A3B7B02BEBD89EED73D51
:108D4000D5DF07BE18C12CBE685CFDBDA0125ABE9F
:108D50001697CDBD28198DBD1A67ABBE1F690B3E96
:108D6000B4B53C3EB9F6B43DDC1F5EBED3CF7CBE8D
:108D700021D6D93D65B264BD7DBD28BE7A544B3D38
:108D8000F3A0AD3D82E58CBC4805CB3D167242BEDA
:108D9000E04C5FBD7A25153E50FB9A3E921AE5BE27
:108DA000408B653DF1159ABE9601A2BDA44992BCC7
:108DB0004BC290BD7A4A233EF3F6B23E25B22EBE98
:108DC0001B347C3EAB1FC53D6C9EA1BE92E67ABDB6
:108DD0009A7A4F3DF16D453E3A9F88BC648B2BBD1E
:108DE0002E13993CE114A9BDB0EEA7BB8FFD073E41
:108DF0002B90063E3800AD3D3966203D2D5B9BBD76
:108E00009A6504BE7A7ED73D4C2481BD46799A3D51
:108E1000AAD326BEF3A19FBDC3771DBDA222A0BECB
:108E2000F6BBE6BDBD4406BDB4A71DBE41A54BBD06
:108E300058A4B13C7B10F33EB53C573D28961DBD70
:108E40009B2EBFBD226D533E702683BD82BD213E49
:108E50002459B43E531B27BEBE1F233E1CDE45BD16
:108E6000D23825BEDB641E3E56B3423E3DAE363E92
:108E7000A6543CBE23F0F2BDAD72873D300D00BE5E
:108E8000F4E182BCA3FC46BC017A03BE5C6DAE3C3F
:108E900057D66B3E81B69C3CFCC706BC5610BA3A0E
:108EA0002D95BB3C46105F3D284D94BDB4A340BEFC
:108EB0000461C7BD9483ECBD520240BEDC0BD23DC1
:108EC000886D4BBA0068BCBD9E1A333DEEAAAF3D1B
:108ED0003B7279BDC07294BD22849A3C215F323DC1
:108EE000F1353C3EDB87BD3D9DB08B3EA4F498BD83
:108EF0002FC70B3CF9A0C03E08DA89BEC6F3503E2E
:108F00002CAC1FBED7D7ED3D381199BEBE9033BEF5
:108F1000FE0864BC6F2B92BED3B5833C4B339CBE22
:108F2000340CD43D23B3323DBD570ABDF5AE47BD29
:108F300014D8C33BAC88033E3988D5BD3FCC02BEB4
:108F4000CE6992BE58B8A13E1BB3103E5E65343E5A
:108F50000A92313E753935BE8B6C15BC547111BE09
:108F6000A05D29BD1D84F93B7FA3413E1026A83E8C
:108F7000C1CA15BEE7EC033E5043F4BC329B95BC1E
:108F8000203921BE1CD39FBD8D7BFCBD951C85BCAB
:108F9000CAEEC53DB385CDBD51AB0EBEFE16AC3E8F
:108FA00054122EBD0131373E54D481BEA594B83D34
:108FB0007F147F3DDBDC7ABE38C369BE566CA7BC2C
:108FC000EC1D6CBE3222FDBD99D4513E634C773E00
:108FD00037D090BDCDEB7D3D50D1C6BDDE30DA3C03
:108FE000A44462BE96F5CA3CF6BEF53D849620BE0A
:108FF000A595123D721B2A3DA698623D3C95093EFF
:109000002159913E7FAFDE3D923180BD2123833EC9
:109010009F33C23DD12B183E7801403ED3165BBC36
:10902000E10342BE9BF488BE651AFE3DD8C677BDFB
:10903000A5F5DABCABFA763DEFFDA1BD35ABDE3D63
:1090400068F542BC82E1ED3D88785C3EA8F302BE43
:1090500038E5F2BD75EF693E44BAD8BD1B214E3EDE
:109060009ABDBC3CD3B1923C02C90C3CE3E8E2BCE3
:10907000EA708C3EB028CB3D0FF06ABDDB5C7F3DD3
:10908000A469FD3D4663CB3D9D7CF63D5B78763D16
:10909000F44C6FBE2052A43E09DD993EBDA028BE0F
:1090A0000F4047BED8643FBE4D566CBCC1BB2C3D83
:1090B000745B35BEB733EEBE1F18FC3D1E8DBCBDC4
:1090C000DC46813EC60DB83E1494FABDE6A80ABD42
:1090D000C41F6F3C6622703C47139D3D1F533DBE2D
:1090E000C1F64B3E818D3C3C3659C33CEA09253ED6
:1090F0007871F73C7A73B83A6016613D65F0093EC5
:109100000F274E3E04D7A7BD77236ABEDE39323E15
:109110002DDA653EBC26ED3C2F39443E6C74A03CF4
:10912000704E32BEA1FF25BED952893D1E9B0B3E1B
:1091300040259CBDE6F68B3D26CE3D3E9BC9323D8B
:10914000F5B3EABDADC8663D43D5C93ABD7DD0BCD7
:10915000FEB5EABD28F6C43BFC6849BE5853F43D51
:10916000623B9ABCE32F9CBB03AF6FBE8C97733EF0
:10917000BCDAA33DA4F3CD3D90F561BE4D16193E7A
:109180005BC3CB3D4095173ED207A93DAEA9DEBDDE
:1091900025D1673C0E9DB33D5851913EC709AABEEB
:1091A00072F02DBD7EB0E5BD366175BCA48FB03CBC
:1091B000544AB53DDC5794BD5CEEEABEDBFF9CBD76
:1091C0000F0FC03E596B983EE2C6AABD14DB553D59
:1091D000D6AA703EC4B6203DD05CCF3DCC0322BEA3
:1091E000769A743D8D638B3DF1B6E13C7E9F2C3EBB
:1091F0008610333EB3EA3FBDD7D21FBD861BA13DCB
:10920000A8D868BE3AC231BD0D33763E7A65D7BD67
:1092100002CF88BE0A94333D8BAD04BE30FEE2BD62
:109220003F85303EACB5513E00D3C9BC3B30F2BDAA
:1092300085C282BD924487BD42E98CBCC79620BEE0
:109240002B51C43D803B05BE12F5FDBD13EDE4BDC1
:109250008FC1583DCD24D43DA0669B3E804BB7BC0A
:1092600092642E3D85309A3CF89ED13DC15602BE97
:109270008F2907BDB56FACBD7E4FC53D3C9E05BE79
:10928000570BC5BDD4EF07BE383DA7BCE8E366BCAD
:109290008C17CABC1AF5CFBD1E6691BE61F4903E14
:1092A000B837EC3D08A7933EF98845BE2AFA14BEAC
:1092B000F46A213B84A5973CFB1F5A3C9B3A8BBE2A
:1092C000DCE78DBED9E78EBE737D30BDF3FF083D70
:1092D000A1D3BABDE74F113E491D21BED5F9363E97
:1092E0007EEC873B09F5963D0583D7BD239311BEE0
:1092F000AA3EC4BDAAD64A3ECF317CBD0FCB9ABD93
:10930000AD7F473EA8EF003E807B143D2BA5FC3C83
:10931000F1EA0E3E585D09BD8CC5FB3DCFB906BED6
:10932000885E8C3EC80463BE3C4421BE0F30903E34
:10933000870636BEEB4F663DCA37B63C87002EBE69
:10934000B01947BE7AE06EBEDF4DFBBC93F86BBD33
:109350002D27B0BCB265D13D697235BEA2D2EC3DBD
:1093600088A3033ECEE26D3D041285BDBB9E0E3E3A
:10937000C705CF3CD50BA3BDA862DA3D148C0F3DC9
:109380000F75AC3B40FCA73D65FD48BEDB89AE3C9C
:10939000D15A253E5C320E3E40DD4C3E2C2017BE9D
:1093A0008B6114BE705285BE7C02843C6A5D17BE20
:1093B000FA759E3DCE1B1BBEC3263ABD565ECFBD81
:1093C0003D44B53D4820A13E7DC3DCBD36178E3DF2
:1093D000FBB9DC3DFB30E3BCE6E4DB3D7078EB3D04
:1093E000F96E853D4D25B6BDCDD77C3DD892333E37
:1093F00080EAD3BD6770783DC2466DBE5F3271BDF5
:109400003D9D843B41B4ED3C1968133E29A117BE34
:109410003D05073CB3D85FBEEC18C33D415950BE73
:1094200029571D3D43CA76BD3C22F83C7CB344BD60
:10943000BDFEF73D3868233D20FB8C3D0E7B203E72
:10944000F22F88BD3E1F703E5ACB42BC64D4923E80
:109450005DB5C63D2A57753D60144B3C084B2B3D0E
:10946000F936F0BD1EBE1BBE3BEAA83DF95D263EA7
:1094700058D5893E0934FF3DF2D4F1BD7B0AABBD1E
:10948000E61127BE4EB6F4BC9D69ACBC0D580CBEAF
:10949000FA48DEBC0B3C163EC9DCE23DCDD8673D48
:1094A00042E798BE85DFA1BD408811BD3B1F023D4C
:1094B00043AF7A3D67971CBECEA380BD9413A83DF1
:1094C0006844983DC19BB9BD7BC8CABC8372493D05
:1094D000B2D346BDC16B51BE7E3E90BCD215C43CDA
:1094E000AE5E993D8A183D3E3A6082BB923E83BD96
:1094F00027E1C2BCBD70043E1F44BDBD59924C3E25
:109500006B0158BE3891D5BDAC60B83DE7F808BED8
:10951000BFF2223DBFB8D0BD7482CFBD88E3883C86
:109520003B6FB5BCC2EE053E7D32953CCA6F123E24
:10953000A946ABBD1E4C3DBE000E0DBD1889AC3D0D
:109540007746353EBE8A8EBD4F7870BD27CAFFBDB7
:109550009FC3023C30B9653D9617E43DA06970BEDB
:109560002324CA3C15B108BEDEAD67BE05722FBE0E
:10957000D136ABBEEF9BE0BDC31EACBD029FBABDF2
:109580005DE0DEBDF12A7EBE379CF4BD3913DEBD41
:10959000F661DC3D2227B7BC405ABEBEF631383EEC
:1095A000158B8E3E225DD73D658C993EFCA0E0BDBB
:1095B0006E6B94BEB286EC3D02EF7D3D2724323DBA
:1095C000A33698BE3C929EBE79CAE73C501CEC3B49
:1095D0000D7D25BE86BC653E778E78BCEA29763C3B
:1095E000B617453D21D8EC3D687022BE24484E3D5B
:1095F00075EB3F3E485161BDCD7A9E3D97A413BEA9
:10960000897211BE6032BFBD7FF42D3EDA3449BD90
:1096100072AD85BED222063E079BBDBD82A5A4BC0D
:10962000A38C283EA778AA3EE9B68BBD170D073E4E
:10963000A979DC3DAB89183ED67343BE121FD03DDD
:10964000D793D73D89E380BB8E19A93DE7E2BE3CA5
:1096500018401F3E419C4B3AD8D6CE3E9BF083BD6E
:10966000757A6E3D2013303DD68AFF3D64B63D3C91
:109670007CE0BB3A2DAB89BD0A48163D56DC71BE75
:10968000732AAEBDDE2F3DBE0E9CDBBD91A184BE14
:10969000613EC53DCFCB03BE958681BEAEF49A3EFA
:1096A0001242B83D63409C3E8448D5BD5238CB3C05
:1096B000F571D3BDE8BAB73D77A494BC390E1BBD94
:1096C000EEDC13BE13A0E2BE0102E43D3CF9BCBED9
:1096D000B27121BE0C3094BD09A6CABD1BE9193E6A
:1096E000E82B84BD78E2CD3D400F9A3CA055F3BDF8
:1096F0008187B83C883F743EE9CCDBBDB4F22ABE1A
:10970000EA51ACBDCA802B3D22CF3E3E6A8A92BC54
:10971000881BFB3D826546BE5DCB2ABD7E874DBD65
:1097200031CA783C5E1AD3BCB1894E3E7A7CAFBD5B
:109730008EB012BED069F43D53C808BE50CED53DA0
:10974000BE5E5BBDF73F883E76BC263DA75BAABBED
:1097500074A4CE3CD455DA3D99A802BE820F15BD43
:109760002305CDBCB85D4ABE2F30853D6A53523DBE
:1097700049CDDFBD58C373BD90420F3ED3F5A1BDA7
:109780002A47F3BD2257AD3DEC8A473D6C898F3D9A
:10979000A4F809BE715EF73D3A2C003D2F0126BDAD
:1097A00022550EBEC3E7CFBD29A010BDEA470FBEAC
:1097B000ACD2B2BD4D8B6CBD76D7AABD0ABC8D3D77
:1097C00040A05BBEDD660A3EF5ABDB3D4369ADBD47
:1097D00037DDCD3DB2D406BE2C930CBDE1E6E0BC36
:1097E0003646DCBD1BA1B23D33062ABD276C383D91
:1097F000CA2F5EBD4FB4483E5FED023E698EF23D1A
:10980000603F5F3EC56101BD9B5C013E5AF58E3EE7
:109810006C3AAC3ED04D673D53388A3E7DED33BC4B
:1098200075BAC8BDA131E2BD57A9AABD153DD0BDCD
:109830008011B3BD2CA2F5BDD1EB403E83B8143CE2
:109840008F56F0BD27370ABD1C7E86BD7B9D0EBDA1
:109850005A4254BE1B059A3D1A2631BEAEFA473E07
:109860006CCD2BBDAC0D3D3D7CEA3EBC7A622ABE80
:109870006AC7383E6CBE773DAADF59BE2F83583E7B
:1098800086AC843D685D383C7A127ABD340FB23DB7
:10989000DC565EBD7EFF343E135C5C3E15286FBE19
:1098A00001C971BDAC6D88BDF1837CBE95A607BDB5
:1098B000337208BE423A00BD2EFC323DBAD499BD87
:1098C0001411093E2FDC393EC19C9CBE572D27BC8C
:1098D000B9C1253E24FA37BEF6F6133E635B913CD0
:1098E000AC25963D273E5A3DA395E3BDBA83B33DD3
:1098F00068F4E9BD6A4713BB2C098D3DB749B4BD77
:10990000B3A5073E473280BD2B17143EB78DA4BCCC
:10991000E81E713E334847BEF5B2C83D33FD9EBDDB
:10992000A51F70BE9BAF98BC240D8EBD03A65ABB6D
:109930002D3BFD3C814B8D3CE0B5813E643F443D79
:109940007F4FA43CA9024FBD660C733D259C00BE11
:10995000C8C1973DF2670EBEBB715ABBB6947ABDC3
:10996000DDC0BF3C2793253EDC51693D8BF8C03DEF
:10997000464DEDBC6EC9303E4AD823BE04E17D3E63
:109980004209A43DCF796A3EA907313C798B603EFC
:10999000D19BF63D3B892EBE4EE1783D14CD86BD70
:1099A000A4468ABD93698ABDDFBB24BE8C890A3E6A
:1099B0009D2B0FBD887EB83BD151633DDD91023DAB
:1099C000A7A261BD4B888A3DFC123CBE1933B1BDD4
:1099D000C1AA93BD15BEB33D17B5493E41A27A3D1C
:1099E0006E87AEBD145004BE1B0203BE28964E3EC9
:1099F000AD7D54BD16BC883D59103C3D8B9C013E4D
:109A0000A0F7D9BDCD70CEBDEC485F3A10C092BE74
:109A1000BF724EBEA37E32BE956002BE3C1EA03D0C
:109A20001EB3793E697AB63DEE6793BD08D65DBD3B
:109A30004C96EEBC82DCE7BD01B376BE3EA93DBECE
:109A4000538A863EE0F92DBE715125BE23DA0DBD45
:109A5000B66BB83DA9AA2DBE092B613E335DD1BEC0
:109A6000A30C013E78E3833D7166D93D359B6CBE06
:109A70002B59F2BD14C78CBDD3DC2ABC3042B9BD12
:109A800062576ABDDF2507BD787E46BDA116933CAF
:109A9000D789413C9AD5ABBD528B32BD9B74C23D38
:109AA000B1DBCF3DCD2D7A3E2296083E45962BBEAA
:109AB00047DDFE3D31FCB93D87F9A23DB31A88BEB2
:109AC00049B98DBED61DA4BBE5864BBD0D2CC3BDCB
:109AD000777120BE3F4554BEFF9C003D291C80BECF
:109AE000965B8CBE79FA22BD9CCC84BC0A1B86BDD9
:109AF00014C6C83D5C768F3C0C956B3CF0100CBED8
:109B00003B1063BDB14B593E679DB4BE4FFA973EC3
:109B10003C01D03D0E57D43EFB6291BBABDDA83D6E
:109B20009749363E7621E33CE4E1BA3C7FC3483CAA
:109B3000536F6EBDF7D5123DEE2DECBC179F853CE3
:109B400003ADACBED4C939BABF2332BE605DB9BC67
:109B5000DD86293CC7EA663E5F12B7BE6E505ABC2E
:109B600010181CBC404CB63DB5DD08BE524002BECC
:109B7000662448BC9B9732BC28DFE83D1876B43D8C
:109B80000CEBC83DBE0A453EA6360BBD0F7D2B3EF5
:109B90004A081FBEEFFAB33DD42AE0BDEB9CD23B8E
:109BA0002B6DBA3D3C4901BE2CBD45BEAC4523BE24
:109BB0006319F6BCC6B24BBEC9DB603DA707DCBD6E
:109BC000A610BBBA74532C3E86BABE3EEA2AF0BC3D
:109BD000C175F6BB89F30A3D21BD17BE3C85953D95
:109BE000BE31A83E7F1A0B3E5A05F13DCD34053EED
:109BF000AC51923DB585FABDB3AA54BE973367BE4A
:109C0000C21A60BE291E99BDBAB79ABDC00AA4BDCA
:109C10002B0919BE689836BD5E19F2BCB2C3A93DC6
:109C2000D7CA5A3DEE06F5391921D7BD655A063D0A
:109C3000E583B8BD01D8CCBD28925FBE330B7D3B18
:109C40008E5F883D9BAD6EBD42A29D3DBB1727BE7A
:109C500022B583BDBE5290BD96E2C63DA8BB81BE73
:109C6000C3584CBBD0C405BEE58F9D3C5B0358BCBC
:109C7000B35E68BEF9B766BE1273DC3D92E02ABEE1
:109C8000689493BD4E9A2CBE78740DBEA00C83BD13
:109C9000963DC4BC633DC9BD38AAD4BC14080B3E74
:109CA000B7BE5E3E5355E73DB77109BC81F0353D07
:109CB00006008B3E62C5E5BDD5EF533D815F7D3C1F
:109CC0001B48ECBD02DBC1BC4320373EFA6617BD22
:109CD0002659AABD107946BDC4EDB3BD0410BA3CE7
:109CE0007AD685BE651F38BE1B88A13CF93BB7BB41
:109CF000FABC7C3EA068DD3C19F8ECBDDC4413BE28
:109D000097BA99BE2E4A12BD8842213B9B532FBE63
:109D100034CFC8BE30F31CBEAE42DEBD3AE90EBD44
:109D200002BF323DF049393E79427DBE0E0534BD59
:109D3000541609BE538C00BEB29D42BE170231BEFE
:109D4000445BEB3C3A5AE2BDD8D3583D4EBA1DBEF7
:109D5000A816403D6C9C0BBEB4FE0F3EE9A33BBE73
:109D6000F438E33D3EE6473DA553233E1AAFE93DB7
:109D7000DE494FBEEF1D59BD5269F73D90CB883A81
:109D8000002934BCA27CE1BD53D6FDBBD0507B3D45
:109D9000A239623EFFB35DBD4F206CBEF912723E28
:109DA0003DE4113E8D5A2EBD8A0553BE6C9D46BCC6
:109DB000082A9E3ED746A2BD880C9BBDDAF3EA3D39
:109DC0004736FFBD752914BE00A0723DBB3BA2BC47
:109DD000ECA0453B0744E43D5BD108BCB6B1B9BB40
:109DE000AFB3203E9C49B73CCAAA84BEDC1256BE23
:109DF000D94184BEF082563DD4F09CBC87EFD0BCE4
:109E000073E4903C4EE19ABC7B30F73CB0D1ADBDE1
:109E1000E45ECD3D17C5BBBD6771F23D1462BC3C2D
:109E200039F2AF3DFB3D9FBD9D1F133C4A5F9FBD77
:109E30001C9E82BCB6779A3D6B17B4BC4ABF44BE29
:109E4000631889BDFFB8E7BD4DDC4A3E7B02B33DD8
:109E5000B0E21C3C6FDF8BBE1D2386BE7A2E4DBE4A
:109E6000056CDF3D5DB3973C73D8BD3DC82A903D7E
:109E70009A568D3D79CEFCBCFB7CD4BD2DAC96BDF5
:109E8000DFD7E33D8ADE833DE1EE6A3DA4F4F43D95
:109E9000BA22CF3D6E0B263E1FF10F3EFB24A43DA0
:109EA000032D0CBE20339BBD651312BE242D27BD90
:109EB0006A10713D8F2B28BD1FD25BBDBEFDD53D05
:109EC0000897A13D7B61133EF74AE1BC3D1A0E3E67
:109ED000BB9C0B3EA0D0B0BD5F09C23D931CC3BC70
:109EE000C39EE23DF10907BDDEF9723D403B0D3EE8
:109EF000524303BE07EF803CB3759EBCAD95A0BC3A
:109F000092AF8FBC530D82BD629DD0BBBCEFF6BD3E
:109F10002DEBDEBD9EFD693E1B8D393D0BB335BD7E
:109F200014A0B53D785A9FBD9405773D4DD6B13EFE
:109F3000C9510FBEBC2116BDC5E2A6BDC2235BBD83
:109F4000925E1C3DD9B771BE71C7F4BD501A82BE76
:109F5000DAC5D9BD07D8BABD30036CBDF08A0F3D54
:109F6000D0D3663E4710313EE65D29BE7687263E59
:109F70001520393D3CEB333E6413C53D53030B3E86
:109F8000CCD428BC4A15083E6C25063F65BC1A3D5A
:109F9000B7EEBD3CDDE9163DE8BC0FBDE6A50ABE47
:109FA000333A653D018AD7BD551C203E4C919A3B02
:109FB000A9010F3D862C013E1C6BA73DF75D6CBED1
:109FC0007EBD693EBC361A3EC2EA9BBE7DDAA23C2B
:109FD000AF94893D7365253EC05DF23D312A43BD96
:109FE0000E524A3E122BC1BE69232F3EE734253D57
:109FF000709309BDF262833D9E498E3DFEAD93BED6
:10A000002A098BBE5239B03C2216553DE33C9E3D99
:10A0100060107EBEDD2B8BBD286FAFBE9CD8B53CDB
:10A02000CF8CE43DF021493E43BD20BE6B77EFBBB2
:10A030004B1DBEBD19C1CD3D636DD9BD979807BEFF
:10A040000F7D053EBB1FEC3CEAE81B3D408DC43D47
:10A05000D09C873E2CCA56BD9EC8B73E04432A3DBD
:10A06000012EA5BD5408293C3911723E4FC72B3B28
:10A0700028FF34BE14FB2BBD54CF803ED12E35BEFD
:10A08000AF97F8BD86F29EBC18E7F63AF96A95BD1F
:10A09000878A313E924216BD4F95B8BEA1E0CF3EB1
:10A0A000FE16AB3D863DD13DE03D27BED12C17BE0F
:10A0B0003052A4BC7F74F2BDB64044BD52EE043EA3
:10A0C0000414A4BED6E633BE2B16543E684098BC9A
:10A0D00075290DBE8BBDF03D594700BE3969C73D9E
:10A0E000FEBEB63A9FF3E93D5B2AD13C4CEF4EBE33
:10A0F000BC2FB4BD534810BE833B23BE8330ABBDE1
:10A10000249D8D3E8082FC3DF49465BD4209293C2E
:10A1100053DB593E7468293CB686993D55ECF3BC37
:10A12000122C52BE488B02BE8872AB3DE9798CBDC1
:10A130000BFD453D8189083E65B4103ED3D1733E89
:10A14000CBC25DBEA0D4063E70C5F03DD50DB93D75
:10A15000E2B41FBCF2726FBD754E8ABE297F073E06
:10A16000454FFF3CA75D453CBE3CB9BD0FA6B63C84
:10A1700096EC393EC0ECC73C8925A5BE20BD7D3E8E
:10A18000517A65BDCB1FC23DAAA283BDD763903D66
:10A19000BB138C3C001C303E06CE923E7592BCBE7A
:10A1A000CAB86ABCFC41CABDAA11153E5C06EE3DA8
:10A1B00099628BBECE6DFCBD31F6FC3D6A4B373DDE
:10A1C0005A03A33EBE79C33DEC72933BDBABC73D64
:10A1D0006D7415BEB28521BD04F40F3E001C7BBD1D
:10A1E0003B893EBDBC9FC63D6A03E9BD485C083E55
:10A1F000A7ABA0BDEEF602BECD2E63BE67F290BC4B
:10A200006321B9BDBA38C1BD3C8CC93D3449623CFB
:10A21000D25DC7BDA39346BD2FBD29BECC2E6B3CDE
:10A22000F229D5BCB27DF33D52D3D7BCDD55A9BCD4
:10A2300034F3093EE1309A3C1F303D3DDC93313E22
:10A2400054A70A3D2C289F3CFA4013BD874D2DBCD6
:10A25000139E413EC6DD4D3D4E55853E2529223D8E
:10A26000A8BEC6BD3D54E3BD9CB0AA3D9A4BA53DDA
:10A270004B72C2BD4B6F37BD0327EDBCE7DADABDC9
:10A2800026C005BEC69A78BD29552C3D70942FBEB8
:10A29000F49B683D233768BEAC154CBE0B6E8E3EFA
:10A2A0000C4998BD845EDF3D8891133EF92294BD30
:10A2B000723213BED07620BD6BDDF7BC8C040A3E33
:10A2C000258F42BEF6A179BE262A86BD85C2A03E54
:10A2D00054C48EBEFD1D403D5ABB623D1FAEC8BD7D
:10A2E00010EFA53C2E38103ED69B063EB7D8B9BE1F
:10A2F000E882F5BB86D8603E40922E3D91955BBECC
:10A30000AC66B43E588EE3BCE5811A3E040C8FBDAA
:10A31000D125133E25E6203DEBC3373EC80CF9BDE1
:10A3200072F45A3CC317A93E779038BE902D99BE5F
:10A33000194F7DBDB91A19BEF2F3073C8FE7563E9F
:10A340002A37453EAA9C133E07921ABE867D91BCD1
:10A350002263A2BDD3B6A6BEB0D1C23E0C5D123EF2
:10A36000BA23C13DEEF2B93D3426233E95D254BD09
:10A37000E643F03DB00FB63D517E4C3EEB88003ECB
:10A3800073168FBCCEE1473EB86887BD4956A33EE1
:10A39000BD44DEBD9552633EFAB4BA3E6B82E63EE2
:10A3A000168BB03E3DD3DA3E88D5DC3D1D15BB3D56
:10A3B0006E11483E0E1353BEB34130BEF84811BD76
:10A3C00054C2953EA401933EC9AC0FBDFBC938BE33
:10A3D0004B8A953E195F843C9EFB24BE072A44BEEF
:10A3E0008ABB823D6405F2BDB07154BDB9F2993E9D
:10A3F00032ABA63D09FAF5BD1C2A27BE4BFC1E3D1B
:10A40000BB2B1BBC116088BC62F4A0BDA8F2323D1E
:10A410001A8575BE685A943C06C5B3BC18FE7D3DCE
:10A420004F025EBED77406BE2FF502BED0F2693C65
:10A43000DF98DCBDF72E12BD25C3713D8D6274BC63
:10A440003BB323BECF32A8BCCB2386BD2A401C3DE4
:10A45000B336C3BD3FB0C03DC8E611BD02BF48BD65
:10A4600095FF233CEEF3473D068380BDAC0F98BBC0
:10A47000BA86C8BD1768D93CAFC4D0BDE154E1BCB1
:10A48000D83D393E336B46BE2BF044BD40D8AFBCFF
:10A490001E856EBCCACB29BE010B31BE616C6EBD80
:10A4A0006F89E53CC47B1ABDAB57113E7430123D39
:10A4B0003DCA193E07B9CD3D85CCC33C1D74DBBDFB
:10A4C00065E8C9BD9B3D3DBE4178C3BD7C14AEBCB3
:10A4D00091CAE0BD83C3B1BD9AC029BD1328A9BDEF
:10A4E0005F8419BA116FB5BCE7F192BC02336DBB42
:10A4F000C0CCCBBD4EE347BCA0821ABED2AAB13CB1
:10A50000EF741B3D133B5C3DE7D823BD9B9F1B397C
:10A510000BE41FBEC1ED723D9359B33D08A15EBD72
:10A5200038FB61BCC556CABD989811BDF995D43C9D
:10A53000CC96A53C90DED13CB6F1DCBD3C9F98BDED
:10A54000266AE63B241039BC7449CD3BDC54343DCB
:10A550005A1BBE3DF3D04C3CAFFD0CBD91AF64BD6A
:10A56000890C563D7D83A3BD2632F5BB927C433DCD
:10A570004D93E13AD307153DF287B53C4E2A283D6D
:10A58000893F913B4C03F3BD851923BDDAC184BDDE
:10A590000BBECBBCEFCF25BDB583903CF6B47D3C64
:10A5A000F5FC88BC53CB3DBD7DE4CDBD487046BDB8
:10A5B00021109A3D7492C33CAD8432BDE443DB3B31
:10A5C0003DC105BD395BFA3CF94B033E7468B23DB1
:10A5D0002736963CE73AB8BD258B693D9C064BBAB9
:10A5E000E5C7513DD1CAB53D46DDB9BCFBD0C13D43
:10A5F000FEA0773DB14B1F3E8066BCBCB30998BC42
:10A60000B266B43EAE8EE3BCE7811A3EC90B8FBD85
:10A61000CD25133E3BE6203DF3C3373ED60CF9BDB6
:10A62000FCF35A3CBA17A93E7B9038BE8D2D99BEDB
:10A63000134F7DBDAA1A19BE72F3073C88E7563E38
:10A640003037453EB19C133E01921ABEB77D91BC96
:10A650002363A2BDC5B6A6BEBBD1C23E155D123EE8
:10A66000CB23C13DF0F2B93D2D26233EA8D254BDE7
:10A67000CE43F03DAD0FB63D4D7E4C3EFD88003ED5
:10A6800059168FBCCCE1473ED66887BD5056A33ED5
:10A69000CD44DEBD9952633EF4B4BA3E7F82E63EBD
:10A6A0001A8BB03E39D3DA3E83D5DC3D1F15BB3D56
:10A6B0006611483E181353BEB64130BEFB4811BD6B
:10A6C00066C2953EA501933E04AD0FBDEDC938BEEF
:10A6D0004D8A953EEE5E843CA4FB24BE092A44BE0E
:10A6E000D2BB823D4A05F2BDE07154BDBEF2993E37
:10A6F00019ABA63D0FFAF5BD252A27BE31FC1E3D3C
:10A70000132D1BBC566088BC6FF4A0BD11ED323D0B
:10A71000FC8475BE3C4D943CDCC4B3BC2A007E3D39
:10A72000B1025EBE757406BE00F502BE85F2693CDC
:10A73000C598DCBDE43012BD0CC4713D176074BC1B
:10A740002BB523BE8E32A8BC3B2386BD963E1C3D56
:10A750002137C3BDDBB0C03DC2E611BDF3BE48BD6D
:10A7600021FE233C38F4473D5A8180BDF12098BB3F
:10A77000BF86C8BDE868D93C4BC4D0BD4B53E1BCD3
:10A78000CB3D393E376B46BE9FEE44BD6DD8AFBC66
:10A79000EE7D6EBCD4CB29BE010B31BEB86C6EBD54
:10A7A0008C89E53CA47B1ABDCD57113E0F30123D7C
:10A7B00088CA193E50B7CD3D30D0C33C9F73DBBD36
:10A7C000A7E8C9BD913D3DBE4478C3BD3018AEBCBD
:10A7D00082CAE0BD2DC3B1BD23C229BD4328A9BD96
:10A7E0009D6F19BA1070B5BC3CF192BC39326DBB8B
:10A7F00046CCCBBDDCDE47BC9C821ABE44A6B13C35
:10A80000760A5F3DB9D7113DAD30DABCADDBFFBC98
:10A81000F44970BDCCC93B3DF9BE873DFF18FABC79
:10A820006BA3B83CFB5EADBDA4716DBA3C4F0A3C56
:10A8300098BAF63C53C1C13CDAF1E9BD6D84C63C1F
:10A840007AD4F93AEC5CC23A5F929BBDFE92043D29
:10A85000FCF35B3DA71028BD370114BDBF91A7BD18
:10A86000A71EA23DBD4059BD79681FBDB9D4243B88
:10A87000BBC2133B58B5953DC65E97BBA7BAF93C22
:10A8800097200F3C7F29A8BD192D98BD11AB10BD95
:10A89000F234D0BC05C461BD3BC1033CCE43DD3CBA
:10A8A0004F8AB33C87DF41BD4DBFBABD9EBAE9BCFC
:10A8B00068CEA33DED6F3E3D930B103D86910BBBE3
:10A8C0000A8770BC287D0E3D2C6E983DAC3A0B3D3E
:10A8D000F59A303D374718BD10862E3DCEF42BBB80
:10A8E0000ACB493D6EBE6C3D757277BC67A7A13D32
:10A8F000296B203D4FD1003E1CC424BC2981A3BC40
:10A900005FEBEABEC609253E64C9DE3B1AAE3F3E98
:10A910006D5D46BE3961B13DBE86793D0EB8363DAE
:10A920003194213EFFA7393E3C1E903D4CA60E3E81
:10A9300045EAE83DF8DCC5BD99A302BEE77D163EB9
:10A94000D2C3333D0505133EA38281BE9F25F33D4F
:10A950007C69BA3C86A6EB3EF1B45E3E8216993E17
:10A96000A7ED653E531A52BEC64123BF8CD71ABE0F
:10A97000EABA0CBE61F5A1BD40A6003D624A05BE23
:10A98000AFF728BE131279BD21A1CE3D1B98FD3D26
:10A99000FD7A613ED3B4113EFADA80BE84DB3E3EDE
:10A9A000BCF4D23D806844BD16E2F23D7F23F2BE86
:10A9B0003EA66CBEF9361E3E0E3A2D3E41C45C3DAD
:10A9C0005AA5D03E45D4AFBEB2399C3E864879BD2B
:10A9D0001716B63E1CBA59BEBD1D46BCB4B364BD05
:10A9E000A493F73D541F95BD41F46EBD62B3E9BD1C
:10A9F000048D223E5309B6BE55A63C3E8587FAB962
:10AA0000578FDA3EE7E6F0BD1E4138BE7760DBBE09
:10AA10007FC4CA3EFCD740BE17F2AF3E400C8EBC8E
:10AA200097EE90BD7541A8BEB7B072BEDA81A63D63
:10AA3000D39DA6BE958D81BD1E41F43ED6BB5ABEA8
:10AA4000AE2A1ABE615B0BBE94F6B63EEAAA0EBEF3
:10AA500021D1DF3D5445B0BED37984BEF1B33FBEB2
:10AA600037944B3E7BE5FF3E3C4E9B3D9A22F8BC23
:10AA70000CF680BE5D3B073F00AB02BF69131D3F74
:10AA8000457F003FD5D2DE3EE265433DEDA2D33E99
:10AA9000A5CFA83E03708EBE3F742B3E373AA13D32
:10AAA00070D4B43E21BD43BE7234B33D0D1712BD08
:10AAB000ABA9FFBD322C203E44840E3EC7507CBD66
:10AAC000C8EAE4BC71CC5E3DC7E4753E7E32DEBDB3
:10AAD000313A273EB49BDE3D5323923ED357D7BD38
:10AAE000C3C978BEB3BB7DBEF6BDB4BE6857703E69
:10AAF000EF4C34BEAF7D7FBDE06DB13DF6C8163E74
:10AB0000CBB7A4BDC38D59BE03AA34BDF4E94FBE73
:10AB1000ED4CDC3D58AD26BEBD10EA3CB08E88BE83
:10AB2000490BDCBD1077DABD6BF6073FD7C5A03DFA
:10AB30007BC5503E2157A13D4C5B5DBDCFE79C3EA0
:10AB40008C850B3E11054C3F92995DBE2346603DBE
:10AB5000E6C15F3E9F1E86BCF99D223E4B9FFCBD19
:10AB6000BAD599BE99FF8CBE3B9F8C3C8A81C73E6B
:10AB700091D38A3D6294193D400217BE09B2A53DAA
:10AB8000EEADBCBCA5DB44BEC7BE273E47A7B5BEE5
:10AB9000072431BE7324E1BD42DD183E6D8CFFBD3C
:10ABA00008BE82BD6FFD41BE4353543E31A54E3EAB
:10ABB000D199123E5D109C3D7162213E15D87CBD3D
:10ABC000C1AF0FBE648A7CBD826CF73E3DF0EA3EA9
:10ABD0004A75A1BDFE7999BDCC78143E456F953C70
:10ABE000604C02BE0927C33DB4C4CDBD0F67DA3D3A
:10ABF000599248BE6BFB85BD09EFFC3D2377D23EE1
:10AC00000E00403E68B059BE76B6BFBE082731BEC2
:10AC10009121093E54965ABD64398E3E8D5A8FBC9F
:10AC200026402CBEB2837FBE1E78133C266FD63ED4
:10AC3000AE160DBFD043E73DC88B973EF845BF3BEE
:10AC4000FAA4F13EBC17F6BD0377243E483887BE10
:10AC50002A5729BEEAC484BE23DD5A3CB44231BE21
:10AC6000F918E03ED910E1BDC70135BE23764D3D50
:10AC7000FF400EBDC1E3513D372B883D039FF83D9A
:10AC8000247188BC25198E3E272FA43E678FD03DA6
:10AC900098D68EBC59780D3D62888E3C26AB8DBD12
:10ACA00034DEBA3E5A3EAABD521395BDD094D6BEEC
:10ACB000C33727BE98A23B3D365852BD05AA4B3E2E
:10ACC000947E97BE84DC043D15CEE33D995CF13D56
:10ACD000BB8DAD3E8467A23DC6C3983E1F98D9BECA
:10ACE00044D01DBD2E0085BEF44F763ED454C93EDF
:10ACF000A67434BDF65175BD8EFC62BE8717CABE00
:10AD0000DD61C3BEC2B19E3DA179CC3EE1A72F3E1D
:10AD10001267213E1E3C9C3D3B51A8BE5AF1953D19
:10AD200070EE9EBDD7E3EC3EDD601E3E372A813CCF
:10AD300023AD293DBE0B2CBDB5C591BEBA48CF3E53
:10AD40005DAC633D4F30463E4FAE8FBEDE77053D76
:10AD5000B6F579BEC8BE863E9F45F83C1B64D93D1A
:10AD600060D4AEBE87AF66BE39A3E53EBE8DE3BDFF
:10AD7000EE93093EE161F2BE008CA43E29D6BBBE33
:10AD80002ECE0ABF1093B9BDEC60913E2FF507BDE2
:10AD9000A65039BE4AB0613E3BC696BD0BA4183ED4
:10ADA000D0409FBD7019EC3DB2E5BF3E74AEEB3DA7
:10ADB00091F831BE8D17C13E3ACFF83DC7DF67BE6F
:10ADC0005D0280BEA7239CBE2147BBBEE673B5BE15
:10ADD000B3A7AABE17EC23BEDB5705BF6569673C66
:10ADE000830596BEBEFFBB3D5A56F2BC071FF8BD99
:10ADF000C4B9013DFF2322BE937A73BD6E00283D86
:10AE0000FEDB3BBEC3BBA43ED9A103BE12F4153E7C
:10AE1000DC014CBDDD55FE3E6CCCEEBC8DF1233D1E
:10AE20003942163E28A8A03ECCA18B3DF180783D4A
:10AE3000F41B343E03C0833E56808DBB221B723D03
:10AE4000D95B52BEAF7F4BBD226342BE74FD0E3E46
:10AE50003F85933DC6EB023E331A333E765D14BD0B
:10AE60002476523ECF528EBE99477FBE618AA03D66
:10AE700017355C3E7F1D5A3DE0778ABD4811F8BD0D
:10AE8000B94285BE749F5ABED3AA343BDB409D3D78
:10AE9000568B1E3E8CD200BE885E05B759217DBD03
:10AEA0004566C0BD8B675CBEA99E1D3E5ACEA6BD41
:10AEB000E755873DFCD03A3E81BCA83D1CFCB2BCA6
:10AEC00094A75D3E12E0C9BEF43CC3BD509880BD5E
:10AED000F3C79FBD1CF8FFBC67353EBECD63F73D91
:10AEE00078B3C63E81E8533DE5BC5ABDA25081BE51
:10AEF000935FB3BD6D1C31BE2CE53F3D9192C7BD44
:10AF00005DA5A2BE7C98693E20807BBEFC75FB3DA2
:10AF100097A65CBE856E9ABD72A6A2BEEAB1633EDC
:10AF2000A3AC893E0916DE3DD053D33EF5FEF7BDF6
:10AF300079BAA63DB16B263C8D52BFBE3B58083F47
:10AF4000DADCD6BD53301F3E181706BF7E4E7B3E5F
:10AF50009260093E5E49E13D089D53BE051C20BC40
:10AF6000DF09B3BEF49BECBE97C0B93C53C598BE95
:10AF700017C49A3ECDB3F4BD972BA43DBC0118BEB7
:10AF800096DDD0BE15DE01BFE54F333E412772BED0
:10AF900061DB73BE9CD23E3E1CE216BE1EF8F4BCC2
:10AFA0009B86E1BB47B515BDBABE0E3E82DE4EBEE6
:10AFB0004B4E563D92471ABED65A8E3EB72437BEE8
:10AFC00070842F3C184A1FBE96EFFA3DC75C16BE30
:10AFD000D686FCBC64ABE8BDE25882BE0586AB3DBC
:10AFE0005972133D6990743DF561C33DDC3B48BD2A
:10AFF00069DFCCBD247281BEFDCAFD3D642BAD3E30
:10B0000098C8C43DF97C85BEA5A59EBDF03F10BD86
:10B01000996CF03C117B7FBEA488CE3CE306663D74
:10B02000B3721EBEF51FC8BE36983D3EB0B4363E64
:10B03000A37C3BBE7ACD8CBB31E1503E36E931BEBC
:10B040005A70C73EA2098ABE53F58C3C3A4AB6BE36
:10B0500010536FBE5E91F33C8005F93A34D49CBE28
:10B060004FB4EB3E8DE1323E5056B9BDFBDDA5BE7F
:10B0700066A018BECC9E3F3EF7BD69BEF34A283D90
:10B08000C3FF743E9552353E6115943E45F9023E2C
:10B090005F92373DC11E96BE063056BE3698843D3F
:10B0A00059A0833EFD2BFFBDAE159C3DA880CFBEB1
:10B0B0001B3716BE4CB7253DD75B093EB9C14ABE0A
:10B0C000BBD443BE566E413C65C89DBD52E038BC02
:10B0D000DBDF72BD5B12273E380A143D28DB36BE2B
:10B0E00024DB133ED2DD86BD237A56BD28C43D3E07
:10B0F0002EA558BBBA33DDBD4B3B73BDC1F7C1BEF6
:10B100003A5EB5BE9AA7EDBDEB948ABE87C085BDF9
:10B11000C5C7083E6AA4A8BE5DB84F3DF34BE9BC65
:10B1200082FF90BECEF3CA3E0BFA933E635C113DA4
:10B13000C49696BD34EF84BEFA3B81BEB857CE3E6E
:10B140009675043E3577BD3CFC7437BEDAEC62BEC2
:10B15000D8BD83BE25F94BBDF95FB93C3DFB153E1B
:10B160004CD708BF430047BEDDD5063FC664D73D78
:10B170002836F43D52CF11BF463AA13E8A68AEBE92
:10B18000B952ABBE5D006D3D0DC0B93D1BC18BBE5C
:10B190007AD888BE416A9E3E272EDFBAC0F58E3E21
:10B1A000243407BDAF7C0DBDAC5EFD3ECDE7073E50
:10B1B0002CA174BEA3C9CA3E0D715B3EC37B0EBEFB
:10B1C000DFAAC9BD859E67BE1D93FDBDCCD1FBBE68
:10B1D00014051CBECE2A533E2779A8BE83CD1CBEC3
:10B1E00032BC92BEBE9D303E72E80E3EFC0F71BE78
:10B1F0000527E4BCC8B22A3E6C0C433E59CB3C3E0A
:10B200006CFDBDBE8132C13E505CA63C9019F13E42
:10B210001FF260BE9E67743EBE6267BEA2480BBE50
:10B22000009C1C3E40D9963E32A5633E7D0A8FBCF1
:10B230003D4A0C3DCB90EE3EE28D8ABEE7EB993E57
:10B240000F1409BEE96B9F3EC8FCF5BEA7F6B13DE1
:10B25000183CB73D5BB4A43EC3A2C93D6C788A3E9E
:10B260004A57CBBD4E9730BE98B755BD9954513D06
:10B2700032AC36BE4468CFBEC515833EEB3989BEBD
:10B280008498F0BE32CC51BEEC5FB33C7254BDBE6C
:10B290004F79A63D59EC57BEFB10AD3D37A1ADBC73
:10B2A0007F5B37BE2F38B43D00BFACBD82B17E3E60
:10B2B000B413D23EF37A4E3EE31ADEBD00DC583EB4
:10B2C000F04D823CB8BCDCBD20278FBEDC4D96BC67
:10B2D000CF62C43DE82F92BE817B0BBEE34FFBBD26
:10B2E00075F5153EE0F2903E73DFA93E798E7CBE87
:10B2F0006E02B63DFB6CFE3B8168C5BE7470DC3DE2
:10B30000570B2E3E0250823E8A542B3E6B6C273FD9
:10B31000FB6C88BE4E297D3DF6DD14BE71A4FA3D5E
:10B3200089E1A83EDF6D293E4C05B63D54134EBE63
:10B33000A6D8023EEC56DE3B463F7BBDC1A9013F8D
:10B34000B1E20BBE13DDDF3DCDD8F6BE8376363DD0
:10B350005BAC7F3E5DB9AC3E703D1DBD6005533EAC
:10B36000A099863D08616EBED62CCD3D265999BE6A
:10B37000BCAB803E765D9ABEE92B933EB7F6D4BD5A
:10B38000817797BDE998A0BEF41F3C3E6F282BBF84
:10B390006BB03ABE02598DBC17476EBE4025943E35
:10B3A000DEA89BBD056EB3BD2B41473EE7419CBD6A
:10B3B0009CB9CCBE0912CE3D8FF7DA3D8C141C3EF1
:10B3C000EE7148BD4CBEC4BE1EC6283E2C4552BDC3
:10B3D000B05C02BEEA16BABDB4A4B1BE8F35FF3D63
:10B3E000723E5B3E6ED0CB3DB87612BE4A45AFBCD6
:10B3F000F9B01E3E734C023E89BFA13EE59E843EDD
:10B400005CFBBF3DD9B137BD6FCED23C40D8AE3D1D
:10B410009F716B3DC84F013ECA80A23C854EDFBD87
:10B420002169073D6D9ED6BD9C6B8ABC401F1F3EA7
:10B430007C618CBDF11A82BE85174A3E749E133E14
:10B44000D80C1FBDC6D95FBE9CD1BA3D87EE20BEC9
:10B450003C413BBD9DDACD3C7CCC84BC4196503E0A
:10B46000F0F5523E5F4A38BDEE49C5BD5D2093BE42
:10B470005AD8BFBD2DEADD3D52542CBE47C621BD72
:10B480003B93BE3EEC2401BD14A42A3DFB7D513EFE
:10B49000D7DCA7BD863C19BECEB5213ECFFF193DF6
:10B4A0005FF93F3E146A17BE7D20F03E16E604BEEB
:10B4B000141749BD10DE0B3EB57BF23DF562A5BD0C
:10B4C0004870CD3D608F773E221263BEA1EF68BE0B
:10B4D000FE16DFBDD99EAD3DDA79AC3E2D146ABEB5
:10B4E000332EE33DF6F19ABD6CB20EBE93ECCA3D2D
:10B4F000E547BD3E48598BBE69DF4B3D4BE0DBBDA8
:10B50000F233943E0DCFFC3D7993733E0AD8BFBD14
:10B510006D7C963C47AF68BEED999E3E86BFFDBDF3
:10B5200067BD8E3D432F053D32DC7DBEC1393FBE38
:10B5300054810E3E0DE6913E0DF8973E49BB9C3D71
:10B54000D422E8BDC0A707BD0AB51D3EE8269B3E34
:10B5500035FFAF3E7C4E2CBDB9EE8F3DFDEA9F3DE1
:10B560002EA0413EA341013E9200EA3D6866D0BD57
:10B570005EAB203DF0B4693E797FB63D81F6FE3D7D
:10B5800057BA863D6BE5FEBD865078BEEA8CD2BCCC
:10B59000DAA72B3EF852C9BE4A2506BEED4A89BD40
:10B5A0001887FB3D7B5F89BD6647803E9D3CDE3D45
:10B5B000D78EBDBECF4D08BDA408E33D1E9DC2BAC7
:10B5C00056AE523CBC2C14BE395B8E3ED10DD83EDB
:10B5D000E61AEF3B17C29BBE52DB083E80CEB03E60
:10B5E0005C4B8A3EFA77A23E2210F7BDF50E173E5D
:10B5F000638FF33D3497CDBD7ACA94BE4BFF643D53
:10B6000037B613BE548FCD3E1EA9803EEDEF223ECD
:10B61000A63266BE0DF9933EC918E4BE66BE06BEEC
:10B62000A42258BEC279853E470FC03EF1D103BE69
:10B63000502E653E5463283EFB27A0BE97B7563E6A
:10B64000BA430FBD5D08703EDA6B02BFEFD90CBE86
:10B650005D09143DAA46323EFAD6A13EE1518F3E25
:10B6600070C2BEBEB8DC3CBF4586693C6BEE483A52
:10B670002CA9433E82EBEDBEF562AA3ED4F8F4BE9F
:10B68000EC7F1ABF366662BE7B18D43CC847B0BE9A
:10B690008D7C96BDD24A483E72B04ABE14E2863EC8
:10B6A000857CA9BD8AA7883EBE23E43DD3D6323E21
:10B6B0002112823E7A76B83D0E53AC3DA975D33D3A
:10B6C000850BC3BDB069FDBCDEE2B0BDF51EAE3D6D
:10B6D0007D6A03BDD170F8BD5609ADBEB2D08E3EB5
:10B6E00018FD643D8B76273C728B973ECF66F4BE87
:10B6F000E407DD3D96BA9E3D654BF33D6CE39B3E12
:10B7000099735ABE3DAF30BD43D5823EBCD8233E6F
:10B71000279845BD534A623D5D7BAABE2E9977BDF1
:10B72000B4670ABAFCEB8B3E6370073E26D1653ED8
:10B730003FE959BA8143B9BC22D3823EF0A2EF3D22
:10B740005F2C923DB040A7BE4F9357BD643933BEC6
:10B75000892B533E2D4AA83EB3A947BBE6A6F43D2C
:10B76000EBFA603C13D917BE6B24E6BD5E3E5FBEAC
:10B77000CB9DD1BE4D1A50BE234F8B3E445E00BEC2
:10B78000095C91BD91609F3E88EA6F3E407CB13D6F
:10B790004D25833E3AB5C6BE316AEABE0EC89B3E11
:10B7A0000EC8AA3E3CD411BD4CAEB63E25867B3BAE
:10B7B00042C54DBE2807973E28F31FBDE96897BDD7
:10B7C000D6BEDDBDFCD2D3BEB06327BE4562923D7E
:10B7D000F6D2883D3A9A913D5294243E8A5C0BBE43
:10B7E0005F27603EFDB66CBCD440B4BEE359CEBD0D
:10B7F00079D94E3E68BB773C9D8703BE81100EBE53
:10B80000C7D429BE4D79C53D3543263EFA0C2A3EA4
:10B81000ECCE96BEBCA0FD3DCC43B1BE29146A3E21
:10B82000CE522CBE5C1F9F3D2B51083EB46C97BE80
:10B83000063ABABDBB5317BEC24384BEBA5A223FB2
:10B840006AA0673DBDA2703E279F9ABE49DC563B69
:10B85000BE22BBBD0619953ED1EC133D3CA3323E42
:10B8600098C89ABEDF18C6BEB57DC53D42EBB8BECE
:10B87000AE1E483E36543CBF58DFBD3D9D088FBECE
:10B8800090B9A6BE96F53DBE89D5AE3E5C9E47BE3C
:10B89000FA5DE1BE433D133E94693EBE20672D3DF7
:10B8A00027A47F3D267C953DC03DB33E870A303EB0
:10B8B000186140BEB8D0073EA9A7BB3E045FE4BDF7
:10B8C00061D3593D6C687EBEE81D91BE230890BED1
:10B8D0000062BBBBD657853D20E5BCBEFC8B9FBD3F
:10B8E00061F78ABE722BDB3CDAAB46BEB66463BE40
:10B8F0002005593D23563CBDFED0D63DDB8ED63DBE
:10B9000020BC763E16F4453EE19E20BE9628B6BE8B
:10B91000DBFA963EED11093ED033273E1C55DDBDC6
:10B920004EEA343D60BA84BEDF5EE2BE464E02BEE1
:10B93000C771EC3EB077703EB76ED6BDD8E7C2BED9
:10B94000DA83FEBDD3A644BE51A6823E8FDDB13E52
:10B950006101EE3C03D427BEE37005BDA311B4BD65
:10B96000A86D463D6262B13D25D5403D90BCB63DD7
:10B97000EE978BBD39BC693ED2C7D7BD7A27463E0C
:10B980007FCD4E3E37AAFA3C9A3684BE2D103A3D02
:10B99000FF2C863E5F96C8BD05593C3EF3458CBEE4
:10B9A000337921BD655DA43C052C09BE98B2B13C3C
:10B9B0001952B03D918B91BEC95F82BEBE1E863EBC
:10B9C000DC87973CE05DEF3D4BD2A53DBE050FBD4A
:10B9D00025CE0A3BB8950ABD5AC5FD3D8BD1A83E80
:10B9E000C3CC273EA31CC2BD06C4403EDCAA073E12
:10B9F00069B09FBEC940F8BCBC8EA7BE0FFCB83D65
:10BA00006C4CC4BB843ABB3D64F6E1BC2762713D1B
:10BA10004E8FA23D7FA42D3E6FFF0D3E62B852BDFA
:10BA20001D57943E85549BBDF2CC4BBE1C006A3E14
:10BA30002547FF3EF57B22BEF18D1E3D40DB85BED6
:10BA40009DAE91BE1ECCF5BE497C5D3ED109823EC5
:10BA500064D05A3E111F75BD22D327BE72A28DBC81
:10BA6000AB527B3EC956803E2E8D81BE31C60A3E0A
:10BA70001C91FEBC3E26433E2D4296BD318C133EAA
:10BA8000990B0BBDB2D191BD47A65CBEE32627BE84
:10BA90009CA3A73E1401B6BD1B95C63D77D6D7BC67
:10BAA0003142B83ECCCCED3D3C4103BED9D0023E44
:10BAB000A13F693EB669B6BEC45D4FBE933AA73E8C
:10BAC00000FDF9BD1BCE7CBDF724C43E9D0FFA3CA2
:10BAD00053AB2B3EAD5346BEA24C10BD00F3C73D49
:10BAE000BC99043F0F878C3E82B8CB3EB610103E07
:10BAF00032AB8BBE0E13DEBDE57250BE50660CBE7F
:10BB0000DCF544BEA41C433EF9BA8C3E02A6EB3ED3
:10BB100058A52EBE1034263E4A1D0EBF9E7D863E81
:10BB20004853223DDBB0893E7D4F9D3DAE62A4BEB1
:10BB3000636013BC455D4C3DA14400BEA16C0D3F4C
:10BB4000578326BEDE991D3E40AFFDBE08089FBD4F
:10BB5000E457CF3C7912BD3E8E54CF3D7893023FDF
:10BB60003B57C3BEADCFC3BE3DC48D3E13B5EFBD85
:10BB70005F86343E0AB813BFF612B73EDDBFA5BEDE
:10BB80004F95FCBE5A2D44BEE9D7493E3DC92ABF58
:10BB9000378A50BEE14BE83D417CE3BD5109573A3D
:10BBA000F6B6903D2A1AAA3E06E23C3EDEF1EF3D93
:10BBB000890F833DC321FF3CAF10673E24B772BE9F
:10BBC0005942F0BD46ADA0BEF9D481BEF7AB90BEE0
:10BBD000C1666BBEE9D395BC521305BF5D08713ECB
:10BBE0001897803DCB01393EEDE1AABD73EC3DBE17
:10BBF000B78CB2BD945547BEAC82193ED9E1433EE5
:10BC00000D6B5ABD8991213CC2279DBB1516B6BD4F
:10BC1000313BE13D102357BD57D45C3EE106743EF5
:10BC20007DDF6CBEFEF1F43C5FF5C2BD80711C3D52
:10BC3000D6930FBEE12613BD36BF953ED89E44BEB7
:10BC40003F16CD3E56B08F3DF406A4BDD96D3BBE28
:10BC5000562479BE7FCF65BEF5852F3E7F6247BDF6
:10BC6000B2427F3E8835DBBC15BC8BBE634FAE3C19
:10BC700060EA4DBE18FB493E7585DFBE548C143E0C
:10BC800093DCA33E7076BB3DCF4DB4BC47C64E3E61
:10BC9000A827663E038056BEF92A873EFCF3223B66
:10BCA0004307E43E742B613EB22A173EF395A8BECB
:10BCB00065A0B5BDFB5A3EBE65F2973EEE1536BE99
:10BCC000564800BEFE03A73E7BC28DBED231773DF3
:10BCD0006ED4963E10460A3EDFFFCA3EFB6F1DBE85
:10BCE000E31829BEFC2E15BE83C0D13CAA06843EB3
:10BCF00001D69E3D4C2E41BE6DF1C5BD70A443BE24
:10BD0000EF8EEDBD9AEA21BE80A8C63C4CFA08BC75
:10BD10009A0F4FBE70D7E03C27F483BC5FFC8A3E8D
:10BD2000168763BDD9C4093D1887063E06D26C3E0E
:10BD30006C2E4FBD366CD6BD76C7073E3F1D993D74
:10BD4000CA66BF3DC742453EA26D9C3D993560BD68
:10BD50009E0D6ABE71F3753D1690D63D2FBA53BD48
:10BD60000EE3D3BDC5E2313EACC405BE5FC721BE04
:10BD7000F70385BEADFE13BC0AABE1BCABEB27BE3F
:10BD80002A22323EC4F729BD3E53953E13F495BD99
:10BD9000F757E0BDC9388ABE6F2B45BE89F82D3EE6
:10BDA0005F88BB3DF312563E7F18263E1D33773E1B
:10BDB0002583B2BDF6705F3EC7629C3EDC8989BEBA
:10BDC000E46A31BD15220BBE7CB52D3E883D48BED0
:10BDD0001BDDC4BEA62A393CF78E433D16582DBD47
:10BDE0006F0952BD5ABF08BE568655BE852A04BE8D
:10BDF0009ECEA03E71ACDCBDD230743E645B07BE0B
:10BE0000014434BEDA1F033E7DA1C9BD51B925BE30
:10BE1000CA34883D14ECF8BDAFB8D43E6C0062BEA5
:10BE2000DDF590BE38D7413D3A77343EB6251FBC8C
:10BE300018DB223E1544A33DDAEFA53E235F953E75
:10BE4000B76A983DFA10F03E86FE923D388D2C3E42
:10BE50002E8F4FBE5CDE2CBD74E1BEBCDA3B7ABDDA
:10BE6000BEC0743E4800B8BDDB2E5ABE7CEE073E15
:10BE7000D655583C079EE3BC689C84BE600E54BDFA
:10BE8000139D983C753D67BE6531C4BE04A63A3D1E
:10BE9000E5BC77BE0F019CBE2CC4883C4F40213CC2
:10BEA000C7AB743EB3E8923D5BB724BEE5AB24BE9E
:10BEB00071DC52BE491D5CBE61D276BE60F29D3E11
:10BEC0002D038DBE14ABB9BCAE42033F70A06E3ED5
:10BED0009F6D35BE46C212BE0E6254BCD616D8BD8A
:10BEE00044A72DBEDD66E63D31084DBEE62DCFBD33
:10BEF00060CB053DC665903D1A463E3EA965B93EFC
:10BF000011FCC63E0911823D5FE10BBE71EAD8BD4E
:10BF1000C18B733E39F10FBE884FD03ED58B633E47
:10BF2000E72C1D3EA44FCEBEB4B7C3BD5C34043E67
:10BF3000AD040B3D39DA9ABC0B22C83E1FA8023D66
:10BF40006DEC563EB8BEFA3D1B95BA3DD2C0323DAF
:10BF5000B1774DBE928078BEBD0693BEC44235BE59
:10BF6000E0C6F13D8FD3763ED6A85F3BF1EB96BCA1
:10BF7000AEF4A7BEDF6BF73E7258C0BD8B06063F1E
:10BF80001D89913E5EB18E3EC07AD93C5AACE83DE7
:10BF900008F056BC5E0298BE165DE43D5D7B3CBE7B
:10BFA0002B5C443E516296BE6A91CA3DF0189CBE1D
:10BFB00042C8013ED4B9A43DF856093E5339A03CCD
:10BFC000C2E6183E80D89E3E2A1A133C6FB7FB3D4E
:10BFD000BB80593EF7C297BD74AFA83EE90390BE3F
:10BFE0007276B0BDD9D5B9BDC4E9A7BC405D083FE4
:10BFF000972FF53B199680BDDF58F9BB70F700BE4F
:10C00000167307BE8E712DBC6BBC21BEE15A803DFC
:10C010008CADAABD36D287BDC3114B3D4EE88F3DD6
:10C020003FE4823C0BB8063E76498C3E9651DF3E9B
:10C03000992E633DCCEE093E6BCB713EE7244A3E20
:10C040006B28743E087E623E925987BE5FE4773E5D
:10C05000736492BCACD8A43C0B6452BD5F369BBEEB
:10C06000CB6DB7BD278C6ABE6BC608BF7A8363BE33
:10C07000A5BBB6BEA48E603B3854943D660472BE28
:10C080004184C83D3DFA46BEA00F1C3E8328983D22
:10C090004A85703DCCCF17BF1C05ECBD977581BCA0
:10C0A0003A09BE3DCA75423ED917283E1483FBBDEE
:10C0B000AE9ACEBE236B65BD0BBC6B3DB2A068BE15
:10C0C000C723DCBDB34B1BBE36F03D3E83ED95BDB3
:10C0D000E121E2BD4C62A1BD4EF7903E2E1417BE89
:10C0E0006F67F73D5E9EA4BD22AFA5BCB39E173E11
:10C0F000FC44153FB0E380BE978CCD3CDC286DBE80
:10C10000A5C34ABEAB87613E29C65CBDB873263E57
:10C11000D1DFA2BEC015813EE318B9BEE3BD803DAC
:10C12000EF165D3E48ED8E3E76C7C83EDBB496BE48
:10C130009ED78E3DD72D943D29C7F7BEC7D59D3ECE
:10C14000C26217BEFF97243EC5BCD4BD17C4773D5D
:10C150000665DF3C1C0FAF3E041B6CBD9335A0BBD6
:10C160003444C7BDF70DD6BE6CFDB13DC368C63DB6
:10C170005AA25B3EF6AAB7BE0B7EF03D330A7CBEE8
:10C180008927F9BD6BFC50BE3AD6E53DB80314BF14
:10C1900048E0D8BD97D0593E31D0303E92B2003EF3
:10C1A000FF593EBE939B4C3E0B73F7BDEF0FDC3C3B
:10C1B0004E19E83DF231233E2DAA06BCA80AE4BC84
:10C1C0002903F63DCF19F0BD3F0D103DE07F30BE95
:10C1D000DF42A2BD593F91BE874F4CBE9F9D59BEC5
:10C1E0005CCD343C00695B3CC783183E2320B0BE65
:10C1F0008185413E900F4D3DC0CF49BE69A78B3D23
:10C20000312B163EE01A09BEB6E554BD2F49853DD7
:10C21000F9F6B3BD15464CBEB7AB2DBEA9C0D6BD11
:10C220000307FF3DD3C4103EA54AB93E9F3B073EDE
:10C23000FEEE3C3EF10703BD726AFC3DB04ADC3EB7
:10C2400039E76A3DFEFF9F3ED51A68BEB5E3113E51
:10C250004F77F4BDA8736B3EB906A0BD5AB28A3EB3
:10C260000E2111BD2EE29BBE0354D6BE8FE3AFBD9F
:10C270002FB008BF0071C33C17AA453E5C2B31BEEE
:10C28000F623613CB8BFF7BD51AA67BD8B74403E31
:10C29000AE951E3D8EFDE9BEABCD873CC8DF1DBE11
:10C2A0003379D33EB3D1073E6B67A93D7292A8BEE6
:10C2B00088F144BE82B129BDBA7A293EBC46E43D2C
:10C2C0000D16B3BDBE8BD1BE3B4F7E3E3AA8F4BD2A
:10C2D000FA0B073E340F2CBEF8D2353E85234A3C7C
:10C2E000451AC33DBF7F2B3EE401B1BE4FCD5A3E40
:10C2F0007FDA003E9668ADBE126A743DD9A62C3D29
:10C30000710BACBE12664ABC159A33BEE18312BCF7
:10C31000460289BEC4462FBED9D412BF7B86683E72
:10C320009DD7E1BE8A82943E70A8FA3C6945D5BE8D
:10C330005C9DB3BEB80F22BE506C813B47EE8A3E77
:10C340009A8AEA3D2DC6E6BCA774A93DCB9795BE57
:10C350001FAA15BEF453593EECF5003EDD26B63E4D
:10C360007C3704BF86F67FBE47FD6C3E59584C3D76
:10C37000143D373EA953DDBEEBF2053F630BC1BE52
:10C380003DE44BBF0D0D9A3D550CCC3EFFCEB2BAED
:10C3900050676EBDDC86963DA91A83BD72DAA83D52
:10C3A0005AA365BD1592B83DD6706D3E428C7CBED9
:10C3B00015EEA9BE68F6BB3ED5AD58BD08EEBCBDB6
:10C3C000234DBBBE3ADEEEBE88E1A1BE9408ACBEF2
:10C3D000CB0D5BBE4AF91A3ED43414BE12CB0BBC53
:10C3E000389693BD390C2DBD1DB726BE02C95EBE61
:10C3F000AF43C5BD6C00C73D2CA3493DBF21153ED1
:10C40000F8C35A3D3C20E33AA20C89BDB7D8D1BD50
:10C410000E6E813C3E4722BEEC7C00BE46BC02BE96
:10C42000230DA03E9405EF3C5C130CBE45A48C3E4E
:10C4300090AF973DFF53FABDBF3CF2BCB54D58BD20
:10C440005A04283E70AC593E59632C3E2BBED7BDD2
:10C4500000E2DCBD65E898BD6FAEE5BD86AF09BE04
:10C460005157CCBD98A44A3E286F033E9D3D23BE44
:10C47000B67E11BEC7FEC13D8AC0BCBD94F2E23D8E
:10C48000B92ECB3D1544D8BDB55757BE727EAC3DD5
:10C49000049975BEEAC611BD412B7FBE98C07BBD15
:10C4A0002F8483BD7BF3523EABE6053E2F90113EB9
:10C4B0008A67ACBD0974903EF26C4DBD2867F0BD33
:10C4C00011E7E7BB5C0DB03C8261B8BDD24331BD22
:10C4D000ECF29FBE92D8EF3C6B983EBD22AD9D3DE5
:10C4E000915F69BD08E04CBEE223FB3D98EB2FBE97
:10C4F000BCC7853C7C526DBD9D73D23ECA6D16BED5
:10C500006CBE57BE96E5A23E18BA35BE62036F3EBA
:10C51000F5ECEE3B8BF9923E3ABEC23D42C6253E5B
:10C52000AB6E883CE7C8803EDD3989BD73189B3D02
:10C530007C9FC23EB03A003EDD3BA6BD036C6ABDA7
:10C54000EF085BBEB77150BE313E6CBE1086013E37
:10C55000EF3B333E1898D33E6BE5AA3EC912303EFE
:10C560000954B43DA61E733D7D954EBE0F0DEFBE22
:10C5700064F8E03C56F695BCAD5029BDE8399FBD46
:10C58000D4D22ABCBEE5C9BEEC3331BE1CEBCB3DD8
:10C590007F7FB93CD1256B3DD03A6EBECAEE883E56
:10C5A00019928A3D8F67B1BCAEBD8DBDE85F933DEA
:10C5B000CB5B7DBEC95D2E3DC6B3F93D92B6DBBEF9
:10C5C00022F417BEBA898E3D0525183D57F0C2BE2C
:10C5D000D5D2093E5D693ABE38240BBEF0AC813E2F
:10C5E000018B6E3E4C46AC3DD784D73C52425CBE7C
:10C5F0005DFE9D3D3D67823ED02AACBEC96124BE32
:10C60000CD918EBE6862B93DEA091FBE5027F7BDC5
:10C61000E697B0BDB24711BEF81B783C312A78BE10
:10C620000870C0BD1BB6413EA860CE3E4D9E3DBCCD
:10C630002F189DBDAF62733D362D543EB48D923E92
:10C640006EA737BE881A6F3F7D6F193E48CFE73E11
:10C65000E41414BE9339573E00CAA13DDF04A53B44
:10C6600008C1F8BC5E40C6BD70D315BEB0A2E73E9F
:10C67000CC2FEEBC22FE193ECB46F0BB50356DBE32
:10C68000FAF91E3D20F8C7BE849A603EB143003ED1
:10C690009A2A0ABE95DC1EBEBE4BE5BD0F962C3E07
:10C6A0003408F63D180EA13ED29FBF3EA6D4963D5B
:10C6B0002F4A8FBEEC4494BE55FB32BEE0A62B3E03
:10C6C000D1A402BE8BB391BD363E033FAC32B93E1E
:10C6D000038C063EE046213DBE6D053D754205BE1C
:10C6E000CB6F78BDE65E11BC86A09B3DEDA72ABE50
:10C6F00009CBE3BB4ADE2A3D297246BE3614C03E52
:10C7000044FBF9BEB3ADC03E5C2C6E3E2198A13E09
:10C710008A3507BEE594503E13450EBF8D29013E74
:10C72000D6558EBE6325A93EFD1E93BC3B41BABDC6
:10C730004FD2CBBDF3BFBCBD075D4DBE5930663E89
:10C7400045B9C8BD438EE93DE8F7DFBDE69547BE74
:10C7500051EE1F3E945CDA3E4F521B3E3D59B93EAE
:10C76000CBFBF0BEC9D380BE6700F93E79D73DBE92
:10C77000B21E753ECB4B25BF651DA83E0A992CBE47
:10C78000679F1EBFB2C724BDA753DA3EA383D6BDA1
:10C790004D5FB4BE6273083EE5F8B1BDDCF0623EA9
:10C7A000A70080BEA611E93D35BD053DE674453CB8
:10C7B000C8BB46BEA92D9A3E4FE677BE4026C13D76
:10C7C000916283BE6C2237BE36D428BE35A61DBE0C
:10C7D0005F8285BEBF7C07BE8931F7BE6407953E88
:10C7E000DC0EA2BEB3A4023EBE57AB3D403EB5BB7D
:10C7F0006A94AABEE105953E5806F23DCEBE003FC2
:10C800000F95ADBC090AA3BEEEE8D9BDA7EA5BBE91
:10C810000DC51BBD4FC2C8BE93A5C73D2EFB47BD6E
:10C82000F47AF4BD1B8789BB4ED2133E3821283ED3
:10C83000252F50BDBE3D503D72CF9F3EAB58043EAC
:10C840004BFE053ED164873DB0365ABE24AF02BED2
:10C85000CF7DDA3C19C354BECF3DFE3C096880BE93
:10C86000B548B13C9EC3CFBD7A0C9CBE2B8D383DE4
:10C87000DD8580BD1FE18C3E3409C5BD7DC502BD8F
:10C88000D453ED3DC87E95BBCEBE293ED95D4F3D0C
:10C8900023C9813E600195BE367EC9BD7B65173ECA
:10C8A000B225CD3EDE48A73EBDAA16BC8CDE04BE36
:10C8B000CD6FA0BECC4487BB4500EFBDFB8C4DBE09
:10C8C000B10CCDBD082573BC4862C03D0B882D3E20
:10C8D000C0C59ABE72EC1C3CAD9E783E8EF110BE77
:10C8E000AECEDCBC99248BBD930C03BEBAD942BD3D
:10C8F000FF424F3E36F83F3D4FDF2BBE201E903D9E
:10C9000069438F3D575A40BEBB035BBE16A7683DC7
:10C910001DFBF7BD4A4C10BE2411CD3DD92186BD6B
:10C92000B8E65EBDEFB812BEF71995BDB1F9963DF8
:10C93000AEAEF3BD4267B23DA6E21B3ED9EBCEBC24
:10C94000B63A1BBED9D335BE9AC3C03B4743B93DA7
:10C95000AC1B04BEE9A9C1BDBDC9DF3C03A2563E64
:10C96000A9BBC93E31F757BD96D47ABEA5574E3EF6
:10C97000C61857BEE891FDBCA193583D62BCE63D88
:10C9800041E6C83BB8285FBDF132C03D432548BEF3
:10C990001F4A62BDA5F792BECE4E5D3EDDCC583D2E
:10C9A0009F593B3D7B0082BEB54AAEBEB0D560BE4E
:10C9B000F31A95BD032556BE9F077CBDE6C99E3D73
:10C9C0004BB5573E10CC9ABD45596BBC55FD5D3EED
:10C9D000452B71BC505BB03D6502223E11FE2EBD61
:10C9E000504029BDF84C983DA3F5F3BCCF7195BDDF
:10C9F0001429B3BEA57C1EBED8B1413EABE3AFBC8B
:10CA00007AC29B3E74CDB43CAA08A4BDF2E34ABDF1
:10CA10008285E9BD400012BE9745B23D05A174BDB7
:10CA20006327E13C7EBF563EA3D0523E8BC005BE7D
:10CA30001EAA33BD6FCB643DF06BD3BDC90CB63DB0
:10CA4000408CCCBD2FF52E3E76ADAD3CD1CF4BBE4C
:10CA50000E4651BEFFB6723DE84A693DE3B647BE99
:10CA60002CBB4CBE8EA8EFBDF6E7D5BB7F17223E90
:10CA70005382B03EFABD21BEFAAE46BE548A2D3E68
:10CA800007220DBE79F601BEDC2EADBD3B5C7FBD3D
:10CA90000A535EBDAD52483E7D59F4BC0D1447BEED
:10CAA000C765433E856C283E6C4536BD3EB0383E7A
:10CAB00056ECB2BEDAC07D3D33ACE13D713CD43DB5
:10CAC000AEE950BD9FC94B3E857A423E34FE533E8F
:10CAD000A54F3D3DAAA3023C9E952DBD9FB3CBBC67
:10CAE000A22082BD430034BDDE1B51BE550A763EF6
:10CAF0003F3BA7BD50C3CC3D69722E3EDBF2F6BD75
:10CB00006523A93D5140EDBD2C2AE8BCA75601BEC6
:10CB10006A859B3D50142B3EDBF1C13C316F4A3E90
:10CB200091C96EBE050B01BC2B36A5BD313C023E42
:10CB300079C57DBED15F9EBEA0FC01BDED91823D59
:10CB4000E09A0BBE5D5DBC3DC9295E3D1B1BF9BE75
:10CB50008EEEA2BE9B240DBD5E719EBD481FB7BD6B
:10CB60007D4323BE6FC0FD3DE7D25A3C75B90D3EF3
:10CB700064C728BE4928D6BC85457ABE4A3703BE5D
:10CB80002E84DEBDA4DDE13D39BB023E59AA793ECB
:10CB9000E4270F3DDB24383E3FCDB3BD3B2AAB3D00
:10CBA0007C2560BEEA08223EED856E3EDCA80DBD08
:10CBB000BE16C8BC948DBB3EDD38983E064F3BBECA
:10CBC000D2CE55BC01451CBDE16021BEC66238BE57
:10CBD00072DB743DC11B0D3F7EE7CCBD8F8615BF58
:10CBE0005496E8BD53F087BE2C624F3DD70E5ABD18
:10CBF000F4450CBEB30EAC3DC9B9A63E57E969BEBB
:10CC0000F87C30BDF2238C3D5CF08C3E3990833E45
:10CC1000458DA5BEDA2B963E527294BD4D3A853EA7
:10CC2000B4F52D3EB292FF3DA3FC7E3ED80960BD17
:10CC300047EF8C3D3A1553BE2020AE3DC0C527BE00
:10CC4000977E54BE29F13FBEA0335BBE8C25C5BD87
:10CC500066274E3DB2FE59BD31A3133E607CE33DD5
:10CC60003373D13D8FBED03D799E8A3DE7109ABD8A
:10CC7000DF8218BE6AC4503E490AE13C00017CBD17
:10CC80000BAB043D7CBC523E691E993E0A93E6BD47
:10CC9000D58B3D3D8BCB25BE50045BBE28B2F33D0A
:10CCA000E5D1B2BCA0AC18BDE09339BE32681CBE61
:10CCB000777E9CBD5AF09F3E597327BD760E5DBDB1
:10CCC0001EF5483E1CB9563D830F39BEB31DA0BEAC
:10CCD000909E12BE2AF0BEBB0B5CCD3D6F3A303E3B
:10CCE0002D02EFBD884188BEB8BA1ABE527078BD19
:10CCF000C8782ABEFEB0DBBD178DE4BD70AB99BE0F
:10CD00002BC52E3E9818AA3D7D0431BCD5F2EE3CD1
:10CD10003811A53DBECC843BE4AC60BD0B4B103E4E
:10CD2000A600953E73E7CEBEDFF38DBE228471BEB2
:10CD3000BF33F6BC5BB3773D5C5FA83DC2BD77BE39
:10CD400072E003BE0257F0BC646BDC3E49A23C3E7D
:10CD5000224B54BD7D6447BE04F204BEFFB63DBE07
:10CD6000995299BDAADEE63DC5AE00BE67789D3DED
:10CD7000D2A5E83D60938D3DDC42C6BE726AD5BC4B
:10CD8000BD5AAF3D1E138ABB228CA3BE4F02853C09
:10CD900017F7B6BDC5FC3D3E60C7B93EC4D2D3BD92
:10CDA000CD719C3DEB83033E90047ABE77CE4FBE9F
:10CDB000E32A933C1FB002BEFEDBFD3C20F250BADA
:10CDC000B5B68D3D60C0973E3632973E653170BC3A
:10CDD000BA242F3E90473B3EE8D7E8BC96E77F3D1C
:10CDE00029F216BE77AF133E51B52B3E80856E3EBD
:10CDF000C8BFCA3C7BCB5D3D58328C3E29B495BD43
:10CE0000A2E6703D4A1E753E6A59083B666DFE3DBE
:10CE1000CF01563E66EF90BEDAF4663E3AEC283E0D
:10CE200030451B3DD2DEF2BD22D080BD222455BE4E
:10CE3000F9C4BEBC70EE1E3BC85FB0BD10F13CBE75
:10CE4000C992F3BDEC0B163B3D28DFBD0D18803CAD
:10CE50008E720B3D2D6127BD0D7CB7BDCAA6393D35
:10CE6000F6E437BD4DEC9E3DFF15873ED7C3C5BDEB
:10CE7000FFF4213DA39E813E48004DBEC240613E6D
:10CE800018A085BC75009D3D35514EBEBCD1BA3D44
:10CE9000619295BE5BDBED3D533ABC3E531E563D61
:10CEA000D0043E3E8F41363E7BDD9BBD131FBF3D10
:10CEB0007D70AB3C5A7135BED889833D7B55DDBD55
:10CEC000371304BD732BBD3D48D9483D48565BBE62
:10CED0006A7F973D0D38DC3C9C16C0BB76B52DBEF5
:10CEE000FDDA20BCFF8BA23DA87896BEF2DFB43CF1
:10CEF00004D9E93C8E21CCBDEC9E303ED5849FBD4B
:10CF0000C63BC73D52CB57BE1A1737BEB39232BE8F
:10CF100052CD8E3E91564DBE62EA123ECD6912BD93
:10CF20006F00A1BE93DF2EBE0BB660BEC5CC8A3E9D
:10CF3000D97A88BECAF0BBBEDB8CA33EB5CF8EBE0D
:10CF4000FD5F25BE768AAD3CB0F398BD35D0FCBD03
:10CF5000AB2BA6BEEE7678BDB8C58FBEA187623C6E
:10CF60005E7398BC4FA069BD12EE1B3E89ACA0BD9C
:10CF7000FA5D04BE01A4B0BD090D9BBDF810563D7D
:10CF8000F7568C3D4830E73D85D179B96B4B5A3D1A
:10CF90009A412FBE4DB5CCBDE9E53F3E5B6252BD27
:10CFA000C64F6E3D610C7ABE4C12643EC38F8DBC81
:10CFB00099DFB7BE40EEE0BC7C558B3DAD7D933D27
:10CFC000CC40CEBDE0A8ADBD38B01F3EC036ABBC36
:10CFD00075054CBEC04AD23E822B8D3E8A9CC1BE96
:10CFE0007411C5BDB1D295BE1E2990BE4B3A793E93
:10CFF000568FB0BDF49D02BE2D47BB3E98E36ABE7E
:10D00000A1E63F3D306D86BD836708BD1CB0753D10
:10D010008F04013D2FB707BE2D77E1BD4CA2853EA1
:10D02000C8B100BBFEB85E3D58B5863E90E42EBD4B
:10D03000D3FE41BE36B2F8BDE609443E0619583E5D
:10D04000379DE8BD6B093B3D43D58FBD97AA1A3B81
:10D050007E0620BD15DD373E712F133EE6759D3DE2
:10D0600029DC4ABE1C9F583B575A6F3EF74D113E74
:10D07000289306BE599A6BBEBBCBC4BD0AED2DBD2D
:10D08000510BB73D4B7BC4BD2972133DBAA26E3D17
:10D09000549684BE9432293E247104BE57BF673E25
:10D0A0009206113C25BE183D095A2E3EED025E3D0A
:10D0B0005A44E3BE7C38173E2BED963D43B2AF3C5D
:10D0C00085DA0F3EED1DA83D6FA66EBE4E8D0CBDE0
:10D0D000C2D307BEBF62073DC67A0A3E57073DBEB0
:10D0E00085EE63BDF56FBF3AE5603DBE862D1FBE80
:10D0F000DA19203E09CDC3BD642500BD73A7303DBC
:10D10000467791BD87874DBD7A46023E757C383E95
:10D110009D128B3E99A3203DC6730CBD8C3886BEF4
:10D12000BDC7B83D9A74723A0FFB1ABEE65ACFBD1E
:10D13000D44641BE81DA75BDE79288BDDD7253BD2C
:10D14000749B4ABEEF5757BE8311693EC762673E64
:10D150007CF577BE3EB84D3E9FCCBF3C1225003ECD
:10D1600075383EBEA7E2733D70B302BF8B32D83E26
:10D1700035E245B9459DD5BD433CA2BEEE78DA3DCA
:10D180006455EE3D528012BEFC85BDBED787BEBC45
:10D19000BDA0E33C86792DBE06B3403E4D9C53BEF8
:10D1A000604CC3BDF45CA0BEC7A1A53E933EAA3DA2
:10D1B000B4C552BD7C9519BF9244CBBE5AC4B53E8E
:10D1C0009E92E33D249C393EC99AA93EC33F693EE5
:10D1D00021F9A53EF13BB8BE8371A6BD11C5463EFF
:10D1E000D68D483E0A76AB3E33858FBCDF41D83DB5
:10D1F0003219D9BDDBBE1BBE3AEF2ABB45A0593D53
:10D20000E50419BDDB770ABD163BD9BDFF94253D6A
:10D21000A8A6D8BD8C5DB33BBE4524BC1C57B23D0F
:10D22000EB188A3C792D1B3CBC30A53CCDAED73DDC
:10D230004BA91C3E78B55A3DBE1F9CBDD1F326BEFE
:10D24000CF40193EBBB51CBE1255AB3DC2053FBD1C
:10D25000B140D13CC05C4FBECD8A683D06F71DBED3
:10D260007306B4BDBB44C3BDCA61B53E72204EBE99
:10D270008EB292BC4E04793D1BBF963D82C288BDE2
:10D280001097E93BFC6857BE4756B43D977DCDBD2E
:10D29000608B40BC382E9C3D93EE63BE0636E93C65
:10D2A00002D547BE7E94413D0947B03CFAB793BED4
:10D2B000A903B5BCF6CE843E6F3F933E245B513D3F
:10D2C00052DCF0BD29E1883C15938FBCD80798BC8F
:10D2D0007DEB2EBE31CA17BD22BC82BA0986DC3C6A
:10D2E00011D489BE64C1DE3D68CBE03D576535BDD4
:10D2F00015C2023E8E4B473E462A7C3DC770743DA8
:10D30000EE8D12BE1A65A23DC4CEB4BDDD7E053ED3
:10D310000968CA3DED2B99BD1BDB7ABD4FF13D3E3F
:10D32000BB2C4F3DBD40ABBD81897E3ECD89D5BD77
:10D33000634E393E83D99FBE13218DBDFB47D1BCBF
:10D340001C2BEC3CF6A8C13E03FB80BE724C773E22
:10D3500003FAEEBD775CFD3DE3B3973D7D9AE23D78
:10D36000213F00BE50660FBEAD5BFE3D03B61F3EC3
:10D37000CEBA683E3FB52CBD97585ABE89CA1EBC6E
:10D380003A0A37BE96E291BE0BA4313E1AF56EBD45
:10D390009B871ABF33837A3DBCA9B83CC9CFE83B11
:10D3A000989E15BE73F903BE4F796A3E203FFF3D3C
:10D3B00048F470BE973D03BE8A2A263E807840BD61
:10D3C000F80467BD1FDB50BCD6E1913E8EB2DE3D56
:10D3D000728BCABD0D46643C96903BBEF4DB48BEE2
:10D3E00063453B3D4DC79E3D8E8664BD179B3E3BCE
:10D3F0006FDE403D6FA4843E61E9BE3E6D463A3D1E
:10D40000CF09CCBDB0CFD23D7D3B093D0AE48DBEF6
:10D410003DB354BD027FBCBC00503DBE22FE8BBD5F
:10D4200027B2A73D85A28DBD2AA2DFBD2752D83DD8
:10D430005E60B2BD3AB51BBE6125DA3D4484223E32
:10D44000A2D5B23ED49493BE6B40E1BD5C9140BE88
:10D450006AE1AFBCCD18DFBDC61A5B3E76B1E2BD56
:10D46000C9914D3D4BF8243DC7753DBDDE8D75BD61
:10D4700069EC563EC3E64DBE21D6EBBD638A03BEC2
:10D48000BE49FC3D5CD19D3E0D29733EB936EE3C54
:10D4900003B1F83C15B31CBEDC282EBE50666C3CB4
:10D4A00042FC4A3E1FFB573E671149BECB802B3DD5
:10D4B0001F240FBE7992A73EA7F65A3E1142A23D05
:10D4C00055A696BEAA3583BD97463BBE57F345BDCC
:10D4D00022B4E2BDEF49523D767408BD0925983C5F
:10D4E000F9897BBDA53A1EBED6E054BE8DDA40BD9B
:10D4F000E342C13D6057DC3D068613BD054A76BE5A
:10D5000085E9F53DF288CA3D948D6E3E10078DBDCC
:10D51000F526893C59130C3DD955343EB0FC823E6A
:10D5200045ED843D18DBC6BC38761ABDF726653E4E
:10D53000856B2A3ED2B193BE9A5FE4BDC9D46EBE5C
:10D54000870DBA3DE42714BE06A91E3D2BD08B3DA6
:10D55000E8BE95BEFFE24E3EBBC2DDBCB352C73D46
:10D56000CD67843DD2F68BBD93B1A63D9FD2B0BEB0
:10D5700010EE093ED4BBD1BD3C8191BC25040FBE49
:10D58000B0F198BE324D04BC7DD8B7BDDC4DA9BD0D
:10D59000F21810BD774F6D3E68EDD73DFE8CA0BDF3
:10D5A00024F1AFBC6E087DBDFA1F893D2AEDBDBDDB
:10D5B000BFD6D4BC71A3FC3CD6AF2D3D76CD80BE8A
:10D5C000BA7F17BE2AFC68BDBB73AF3ED1738BBD5B
:10D5D000ED85843DB39C7DBC1E869CBD74E0633E9E
:10D5E000679E81BD4CE50E3E4C7FFCBDC8729ABD66
:10D5F000EBA6453E7D673CBEFF00B33EDE1683BD15
:10D6000033F1D93D5B5C48BE41608E3D98DD5FBE25
:10D6100037A1BF3DCA7595BE8ED7863DCFDF07BE09
:10D62000389AA4BD81A8C5BD3D464ABE403E0B3ECA
:10D630003AE2CD3D03A1FABC362A08BE4DC7A8BDCB
:10D64000AF0C0C3EDE40B43CC5A5333E94B8EABCFA
:10D6500003EC24BEA75420BFB15E403C2AA58CBE7B
:10D660005471CC3D63313F3EDA58173DD4EE0BBDCB
:10D67000AC18533DC85E363E4F8B6A3D6D4B373E0E
:10D68000BF2E033D39295B3EF56E9CBE256A153ED3
:10D69000F10D8B3E75A40EBDE3C7883EC40BD5BD0E
:10D6A00004B0CFBDE50E27BEFE45183D8C330CBE41
:10D6B00072B1893D3F3D47BD3011913E4033253E1B
:10D6C0002E1A12BE9333633EEE5A2FBDB8C532BC3C
:10D6D000F83ABE3D9A5EB83C29E1E43CE4C5193E07
:10D6E000376D40BD2DC2403EA8BC023E62F5A83D4C
:10D6F000DF297FBE3A86223E3182AA3D43E7953D2F
:10D70000F1E081BD1AF902BE331228BD240BD83DC9
:10D710000572AD3D0845493E025B323CBFB421BDB8
:10D72000582C6EBDDFE20EBEEDEC7BBDDC2A673D02
:10D73000767A0CBCEF2B5BBD091C843D5852EB3D47
:10D740008E65573E0D4287BD61459DBD973B07BE27
:10D75000BCE868BEA445D9BCFF70DB3DE11C94BEAB
:10D76000DFD603BEF412F33D9396D6BDCD2EB8BEE0
:10D77000C5A6CC3EFF3BC2BB2E33843D161943BE2B
:10D78000978CEFBD03FFA43DD6729DBD784E4CBE75
:10D79000EEF383BE4E9EBCBA4A29AE3D74AB5F3EEB
:10D7A00087D255BE0CB8B73D96FC2F3D7A9B493EBB
:10D7B0000DBA303DEA6C813EC1E1993EE88C49BE2C
:10D7C000D3B98ABE7685E0BCCDFF67BE02AF76BE18
:10D7D000BE0146BE5A82C63EB20D153E23601B3EB8
:10D7E000A7F3EDBDDFB712BD3F78133E1C83C3BD69
:10D7F0008F1D47BE4E008D3D32A59A3EBBD34EBD18
:10D8000052B264BEAACB173EEAE5D0BD5AF1BD3D87
:10D81000D133EFBDD8CAFA3D52160BBE7BF923BEF9
:10D820000AA83F3DD5F6C5BC3F8066BB2D7257BEEA
:10D83000666C923E49388D3E97E5C9BDEC97273C12
:10D84000C579343ECD264D3EDE2E6ABE5127A43E1C
:10D85000EAA66C3E5E3290BDD78655BD31A74C3DE1
:10D860008F3EA3BE5EDCCF3C7C2D9D3EB85C6C3D04
:10D870004414983E0EE82ABDFC06093E8AC01DBC31
:10D88000AC9EB33C06C679BE4EAD113E0C79DDBDF3
:10D89000D7620A3EA22FB7BC3A85B5BDC3F8303C6B
:10D8A000F2E378BE429D143ED5B2B83C287D823D5D
:10D8B000986F573B171C8E3DABD49CBD52E8243E5D
:10D8C000DE65AB3DCC67DEBD573FC1BD7FDE443E6C
:10D8D00004A1E2BD7C56BABE43B085BE1BB5543E22
:10D8E000AAD8F9BD07DEB23E125699BC75E78DBEC7
:10D8F00053CC283E6681213D11FB54BE26D6863E80
:10D90000A83FC33D55D2833E5954B3BE83A23D3E8A
:10D910007C96FD3DC63965BDC33C4CBDAE81673DBF
:10D920006F26023E198D173E0347A7BDAFB124BE37
:10D93000739359BEBA0BC2BDFC65F33DFF1EAD3DEE
:10D9400019134EBEA417AC3E5919F6BD375CF6BD8F
:10D95000DFE524BE4A49B9BC597E853E524C143E8F
:10D9600010D09BBE3C8BEC3D5E6C5F3BA0C88D3EF7
:10D97000758E15BE385445BD7544093DF753063EB6
:10D98000F67897BEC1A7523D318F31BEC04EE53CFF
:10D99000E01B7CBEFF6CF1BC07D2EEBC95FBADBDBD
:10D9A0006B8D013E28F888BE0C89533E33B73C3E50
:10D9B00022E2AE3D21760ABEA06EB53CFEFC04BE5E
:10D9C000D97DF2BB4B5C11BEA533F03DFAFDCD3DD8
:10D9D0002285953E44BFE3BCA26B2B3ED4863D3DE1
:10D9E000AFF7E23D5B870B3D882D373D32C5F7BD74
:10D9F000A47A8F3D2F478E3BA7128A3E21E6D73D62
:10DA0000CDDEDD3D2E4B903EB4BB8A3DEBD812BE41
:10DA1000919903BE4F9A183D6A96DD3D6B631FBE18
:10DA20004D09B53E38B7903DDA9F0BBF2F49ADBDCC
:10DA30007F03DE3D39238C3E81BF57BEAE2AE7BE51
:10DA4000A818A4BD478E37BE74DE9E3E1E91663E6A
:10DA500048735E3D23E073BE56F7443E7C48C4BD28
:10DA6000E57197BD574D243EA21A99BD720A8D3CAF
:10DA7000B2CEEFBDA374A6BDD7C917BDC551233E15
:10DA80006F43E73CA2985BBE57B685BE3E54023E4C
:10DA900027E577BCBE964FBDF71D313E70063CBEF4
:10DAA000713C83BE8446623E6275F1BE2A63533E7A
:10DAB000A4B9853CDE368CBEBE03A8BE6A2499BEDE
:10DAC0000DF4793DD3EC8D3D08D30ABE4EB8403DF0
:10DAD0001CC38E3ED8E5C53DE4AC063E6F1AA13CA2
:10DAE000B500783E0758A2BC4F5CD939781FFF3D7E
:10DAF000F0D3DDBE194ADF3D6F18533D4C8D12BE89
:10DB0000E361A2BBE60926BE55559CBE31EEB1BE0F
:10DB1000EF40343EA5A55F3D1C70D23DB3C056BE5C
:10DB20002DC766BCF65826BEA1B32EBE4FAA7F3DB8
:10DB3000E492F1BDDD0E683CF28A05BCB33C84BEC4
:10DB400072E6AABAE3DBC53DD70D22BDF5918BBEC7
:10DB5000DCE29DBDE274993DC5765CBD902F463DEB
:10DB600004FDDEBDC1D6CB3DFF5F583E82AD373EE2
:10DB70006DE6DC3D105E663E1ABB20BE5BF1C3BDA8
:10DB8000FA362BBD073FCEBD1014EBBB4C67D7BB9D
:10DB9000689D053E2CE4823DA9C9B33D236751BE73
:10DBA0007565C13D96264EBE252D103ED9AA903CE6
:10DBB0009A185ABCCFA584BEB168F7BE863A823E99
:10DBC000081C893DFF4ACA3E714BB03DF1766D3D60
:10DBD000F0FEF13D8B402A3ED2DEE6BD52B203BDDF
:10DBE0007BF0A23D8FCA6E3D8F709B3CB6195A3EAA
:10DBF00062C58FBECD5E433E3D872B3D2F378BBE2A
:10DC00001855AABE49C558BE7A49F83CABFF41BE7B
:10DC1000BCDE21BC362C97BDBB65153CE9719DBEB1
:10DC2000CD560B3EFE36B9BD50FB90BE2D9D713ECC
:10DC30000E2BD3BD648795BDE4F8D33DBCDCF7BDA6
:10DC4000DB298BBDE2F940BDA7B34E3AC89A503EDE
:10DC50007F5097BD480E96BE7D135ABEDB7A2DBE0F
:10DC6000D6A5A0BE9DAFB83D0D66313D15BCBEBD6D
:10DC700006FF1FBE43509EBD9A89BF3C7F4C5CBDD2
:10DC800073AE76BCFCC3813D2A2E433ECA28273E94
:10DC90001EF7A4BC0D9871BECAD613BEF708733E1A
:10DCA000921D563E6D76D7BC5FDF99BD54D24D3E76
:10DCB000EB12E8BD435A083D105B31BE9D82803EA9
:10DCC000D8B329BE7A2C1B3D6DA6953DFA81083E3E
:10DCD000166262BE3E4E9BBEA3493BBE293291BD39
:10DCE0008CBE473C26843D3C6B5B42BEAD0E153D71
:10DCF00003E2903B3DF19F3E46DE3ABE4CA7603EBC
:10DD00009A5BB6BD9E21793EDA0374BD038C1B3D40
:10DD1000BB3972BE1680AC3E4F5617BEF486713EBC
:10DD20001B149C3EF581B73D323648BB10D3883E6C
:10DD3000B1D3383E1A5E7CBC43D4FC3D9784E5BD2C
:10DD4000C2D8D53BD07A423BD8A521BE295069BE66
:10DD500057FE8E3DFC080ABD901BEB3D548E46BE1F
:10DD600006AF293D2265803E5B2F88BD0EA844BECC
:10DD70004B94733E49A8EE3D4585113DAF07283EC3
:10DD800025F97CBEDA34E03D5A128EBD1238E3BD6F
:10DD90005E3A8C3E046A95BB0B63B73B04FEBA3E09
:10DDA0003ADD1F3D6EC36C3E3FB43F3EB0C6B3BECE
:10DDB000D3AA89BECF94AB3E61E2CC3E70EBB03BC0
:10DDC000F21E8BBEDA7EBA3CAA4DB2BE28570ABFFD
:10DDD000F6CCD4BB1577C73D05BD973DD6AC533EB9
:10DDE0003E83D8BDDD8815BB0F929EBE38A15CBEB8
:10DDF000D70EA53E7683C03D4200D63C00F24ABE17
:10DE0000EC75FD3D7D77C73D2BF6B33E1FBC26BDAF
:10DE10004512A3BE439F083D25C083BD32AF22BE3D
:10DE20001DCC11BE0ECEA13D7F22963D4BD1AFBD84
:10DE300084C37F3D45B3A23E070F07BEE54E133DA9
:10DE4000488C31BE7FEFF93D3442883D0A54C53DD0
:10DE500003A9073E94939DBD9EF23DBD019615BE5C
:10DE6000EA90DFBCE545C9BD67512DBDEAE1F4BCD0
:10DE700098F6FF3DBEA88CBC25D152BD4C78553ECE
:10DE8000C44611BC6E4BC6BD0CB00F3EA2E8F03CC0
:10DE90003DE2F5BDC389473E6EAE143EE88F703E4D
:10DEA00016331ABE6E4ABA3DD9F9993D3F699E3D77
:10DEB0007B78C9BD014E45BD8212B7BD2792903E09
:10DEC0006BC14DBD61F4BABD919F51BEABCB113D4D
:10DED000D20DF93D794A9FBE403FED3B81568C3EC5
:10DEE0009276A73DFCBB903E8C4C0FBE3D9FECBD97
:10DEF0003EBA1E3EB29F2F3E4C1A22BD30063A3E1D
:10DF0000FA04B23DBD6C74BE64F7153E022EAB3E02
:10DF10003293513D604E713C456497BEF17E2F3E79
:10DF20006009BA3EEBEDE63CF27602BE3CFB843E75
:10DF3000AA6E74BD4526DABEAD5D6ABED39F3FBEF4
:10DF4000D51C4CBE1F3A4CBEB9E9CF3DE2F35CBED6
:10DF5000B74255BE1CCF8DBEDE113ABD1D37A5BEE2
:10DF60003B2B0ABD5B23883ECE87873D3EBAB0BDC2
:10DF7000C3E8973D23FB5ABD0E5AD13DFA74423E89
:10DF80008C67CC3D2641553EFF21B73C316B1BBE13
:10DF9000DD2AF93D1D2CEF3DE4C5EC3DD52DAEBE8F
:10DFA000BC8140BEE0F325BBEBEC8BBDA1C65EBEE1
:10DFB0004A63643D083A5E3E7A8C163ED8E221BE42
:10DFC0008E01413EC56B39BEF2C062BD6FEF9FBE90
:10DFD000A44BBBBB10BFB63E0E084A3EF78D2A3B92
:10DFE000C00B823E8F8881BBD5E2A53D5F1E213EDE
:10DFF000EA7F7BBE25B1FF3DFDBA2EBECFC79FBED7
:10E000004E68B0BC046F9B3C9ECF483DDBD3C13D06
:10E01000AF6F77BE5181133DAB8516BDAF5DDDBCE3
:10E020009ADEF33B16FD3F3E2618A3BD75B7133E9F
:10E03000AE4A4BBE9DBCB8BED8E8B3BCB44A93BD93
:10E040005A4B573EE83192BE6AA2183E0EF97ABE8C
:10E05000D35D8DBE6F0C74BEA952263EAFEF15BEC8
:10E06000FD219BBDDF60D83DD813D3BD325DB7BB6A
:10E070008B13B6BDF043743E976325BEF40AC83DCA
:10E080003E090E3E79C0F5BCAFB37A3E54EACD3DB1
:10E090003ABABF3C9BD6F7B91B7E10BE24EAC3BD7B
:10E0A0007C07CD3DC1B02D3D19160EBEDDC88C3D9F
:10E0B000057200BE24BEE33CBBD3D93D554CC63BE4
:10E0C000C31B24BD36710ABE19B1283ECD2FE1BC59
:10E0D000C3F2493CDEF4A73E3AC6ACBD9C6321BE08
:10E0E0004537513D88FBE2BECF71EDBD77F6013E6D
:10E0F0004C0D13BE3E553BBE5EFC0FBE8F6DADBEDC
:10E1000015AAD5BC6FDEA63D7D173E3E80F32ABE24
:10E110003D8DABBDFCDA0BBECDD254BCEB3CEABDB1
:10E12000B404693E83F340BE22DAB2BE37FB0CBDB5
:10E13000D8001BBD13F431BECADFB3BD4FA531BD3E
:10E14000C5458E3E1AAB0DBEB078273E2D5B0EBE88
:10E150000F621CBC18A0A5BD1F985CBEF5FF28BEB1
:10E16000BD8F79BD58503EBD23077A3E9A4E2EBED4
:10E17000C2A6EC3DA812363CE804383E2AAD423E29
:10E1800063E25DBD232B993D491F92BE0432E7BD7A
:10E19000A8AEA6BCBA91243EBF48A4BB1A6E79BDF6
:10E1A000043A4C3EFF95383E4583C2BB5D88B9BDFD
:10E1B000410A3FBEEAF5BD3D73A2413E51C4393D1F
:10E1C000F3829ABED279713D31CBD3BDD2C0963D98
:10E1D000130011BD50CF033CBD898DBD9AFFC43ED5
:10E1E000A472C93D6126553D89FC1F3DD519353EB8
:10E1F0000974693E29EA303EECB779BD3158803D5B
:10E20000786EC7BDCD3A50BB0A66C43D2F26053D8A
:10E2100058240DBE9B1EA4BC3D6A263E0ED6603E11
:10E22000D0D33DBDB691233C5B06093D88B52ABEDF
:10E2300073B66D3ED5D4B5BB3D2A5BBDDB9AC0BD80
:10E2400040FF783E075C423DCB090DBD318E04BED8
:10E2500058EC53BE0F77203E6227E3BDE0FEC0BD01
:10E2600078E268BCD79D423DEEB6EEBC09E585BDBF
:10E270006D4B363D7EBD0C3EF84CE93CE23689BE26
:10E28000DA6628BE9C63F93D71A7513EB2CC783E58
:10E29000F9B5ADBD11E7863C4FCD48BDD83F8D3EA9
:10E2A00047F80D3DEC713B3E8B13623D0098BBBDC2
:10E2B0005ED15F3EEC09333DDD984FBD75C5A9BE0B
:10E2C000211EE7BD7476F03D98DC083DDDCE68BECA
:10E2D000BE36213D709A423E81933FBEFECE6B3CDE
:10E2E000553226BEC5E526BE8C0CCFBDE5009D3D52
:10E2F000DCE5BC3D5F39A53D79E092BED1DB5BBE7C
:10E30000D924E2BD1296F9BDD6DBAFBEE05D4DBEAD
:10E31000AE28AC3DED7CD2BC6EF2E9BD7171A7BEFA
:10E3200048607C3C23EC2EBE5ABFCEBD24B68D3D4A
:10E3300097F9123CEE1189BCAC40B6BC8B7D15BE82
:10E34000E240ABBE6BA6583E00C1D93D4132F8BD9C
:10E35000FFFC833E739291BDA0E5D13C1810123DA5
:10E3600096318EBDD651AE3DE61AA83EC4D7283EA2
:10E370002E80B93C8CDBA8BDBDD224BEBE3D803B07
:10E38000B7D8793C53EE933CDCDD89BEE54065BDF2
:10E3900048A67ABD87B1683E103C4A3DDAF9723E24
:10E3A000C08D383E4029D0BD983C5BBE8C29403E94
:10E3B0005B678EBB9494FCBD531E2E3DA67E0A3E29
:10E3C0002C477EBCE38079BD4115293E76DA5BBCE3
:10E3D000E193073E97E88CBD1FF5AF3D5A4F69BEEC
:10E3E00075DB5B3C3CE87CBCC2B8B93D820F5DBDCF
:10E3F0001FA9CABE87E4563EC0E2713DA148E7BDF1
:10E4000082AB4ABE89604BBE03B6BABE9B3085BEA6
:10E41000577A0FBB823EBFBD4E5F4EBE63F1AE3E2C
:10E42000A2EB783DBC98933E44C4DA3D00E0383E10
:10E43000CDAE99BD830E82BD4324083ED76C94BDFA
:10E44000853FC93D4C5E1DBED85C493D023481BE4E
:10E4500069DDD9BE59F107BCE44EFF3DD3577F3D7E
:10E46000BCB0543DBD43073EB32980BEA99129BD30
:10E470007FD49ABEAFF464BD40FB1CBB2374EE3C5A
:10E4800069D3D8BCD8E6523E0B45053E3F95D6BD74
:10E49000BC48FF3C84D77BBD373652BE8D694E3EAB
:10E4A000304D87BDBE55153EE7E0C03DA206D53CC8
:10E4B000731E393D2A08AC3DA5C9383DC14999BEF6
:10E4C0007FCFF6BD244F67BE2BDB19BE955160BED2
:10E4D000F7DDFA3D0D881C3E37BBAE3D2A7D79BE87
:10E4E0000E6F81BEFD8DD1BD38B588BE043197BD9C
:10E4F0008DAC923E270A04BE9AA8203E5F9118BEBA
:10E50000666B18BCB07B103E0312A23E1565CABDF7
:10E510002CAD3C3D047801BEFB082B3E444C3EBE76
:10E5200061E048BD2FAFC5BD759281BE6213DFBDEE
:10E530004524553E528424BE68A333BE1FACC2BEE0
:10E540000D4221BE3DAEC4BEF1550ABE392735BECF
:10E550008EC2EBBDA8D879BE484855BC7ED53DBE1D
:10E5600037D4B03E49C3853EC060953D5F6AEEBE7C
:10E5700048223FBE6F4F463C126314BE6E0CBD3C3A
:10E580004D0C193EB1FC42BEE56F853DCC66A53D04
:10E59000F84A543EA1900B3C228630BE8A5A23BED4
:10E5A00065DA073CBC5F1C3E5F52B33CB0ED963B66
:10E5B0008F1FAC3D210D1FBE76E4793EE46B40BE5B
:10E5C00009A9C33BF1AED4BD33BC66BE0A441D3DB0
:10E5D00000DB963DDC49783DDF07B7BDF8098B3C91
:10E5E000BB918ABD30D426BE6EFBC03DB704563EFB
:10E5F000F23066BBD710073E9F8115BD1436A8BE0A
:10E60000A88337BEE9AE03BE212B3FBE7CBA3E3E97
:10E61000453B2F3E393001BC3707D1BDAA17BF3D5E
:10E620005CEB123EAF2A073E811520BE390BDF3D61
:10E63000E9332EBEAC63D1BD6AE124BE9EBF53BE9A
:10E64000FB41003EE77F44BE2CC95A3D2322F5BD65
:10E65000127E4DBE289248BE037D92BE354428BE30
:10E66000520B8FBC21BA5C3E088F603E229119BFCD
:10E6700011EE22BE8B0D8ABE730800BEE52385BE57
:10E6800064BD6B3DABCA033E61E7FC3D5CBB953DA1
:10E6900071BA3E3EB49389BD6FDCDCBD4A151A3EAB
:10E6A000F180CCBC03D0C6BD26902ABE06FCC63D78
:10E6B000BD9A42BE955E0C3E28148E3EA29779BE4E
:10E6C00081ADB1BEB172C53C0CF5F3BD7190A13DF9
:10E6D0003E43B0BD0F4C303E0CBFD3BD6AE592BE89
:10E6E0007BAA55BAF316DBBD6AA2653E942C4A3E5E
:10E6F000FEF8543E67BBE13D75E5FDBD56B389BEEE
:10E700003645643E251CEE3CB8E334BE36893B3EBC
:10E710008AC45C3EA707F33D2BCD92BC6A3509BD88
:10E72000B727CB3E832F3DBDBD0750BEC18134BE50
:10E73000D9AFFA3B26B273BD4D206C3D909173BEAC
:10E74000768D0DBEF0D5373E2F53D83DF303A93B50
:10E7500019B311BEFE99CABDA1FBAA3DF94C153EE5
:10E760009B538FBCB14D453E34B4F53AAF55A43EF2
:10E770006AC5D03DA68B583E23DAB3BEED5B993E09
:10E78000B332AA3D0C836CBD7E5A42BE77059EBD56
:10E7900059D98EBE8CE3803DA1C3553DF27F8A3DA1
:10E7A000C0DDF7BD3E2FF83DFD2485BC5538B7BD13
:10E7B0004F939ABDB15C9DBD17BA93BEC1BED8BD83
:10E7C0001BCBBB3E0527303E3CE7C03E446E8A3E35
:10E7D00020EC2B3E503F053DB24B06BE9151AE3E64
:10E7E0000535323E5DD2A9BD81D951BEF543243DE8
:10E7F0008F75173EBC98C9BDC25D093EF971FDBD5C
:10E800000B5647BE5E9690B943B9B43EECF8EABDEC
:10E81000A352F2BD4E7D37BE98D793BEB19DAA3D9F
:10E8200029D24A3DD8BC0E3EAB9A323E43B6363D65
:10E830002AEE8A3DB76ED6BD9930CEBDBEC94E3DDB
:10E84000B847053EAB5FC5BC195B4FBEC914413E1E
:10E85000B97FA93C9090443E462A853EB4AD72BE35
:10E8600068A3FEBD3CCDD73CFC6C01BD05ECDFBD13
:10E8700062331F3E60BFB33DBFF1903DF0B688BE2E
:10E88000E1B790BEB3FF8BBD9DEFF6BCAEF2EABC24
:10E89000B1DB38BEEF9E8BBD45B6C5BD666FB5BD5D
:10E8A000D29AE23D2BE3963E9480BA3E06E5F6BD51
:10E8B000E4A567BE46D8863E20A90F3EFBBB8F3D30
:10E8C000C19E4FBD894A5ABE749C783CBBD71BBEC3
:10E8D0004A5AA8BC895D923C487F8ABDED1B7E3EAA
:10E8E000F39A1B3E75130FBE8C2CCFBECE1BE4BD1E
:10E8F000885DD43EF2D68DBE9EFDB3BC38A4C5BCA7
:10E90000675B0CBE474D4BBE40734ABDDAF26DBD2E
:10E91000BC55B63DD6E79E3D5A152C3EF368EF3DFB
:10E920008CBEAEBDB484BA3D1320323E5B02743D52
:10E93000643E31BEEE05E3BD2A6330BE09D0F4BCAF
:10E94000F572683EAED97ABC7DFB223D5A57883DB0
:10E95000BAF009BE0F5E14BE9ACD823D6862CABD90
:10E960004AD3C3BCA3EF923D4E37CBBDC90C5EBEAC
:10E9700099EA613E2BAB7FBDDC3F32BB586D2B3D2E
:10E9800069C98D3DFFCA20BCCAF5D7BC2A4BAEBCB5
:10E990002D016FBD7FA1A3BC31FF873DB008B13C05
:10E9A000C6F21C3D81E9A93D109C4BBCB2E70ABDF3
:10E9B0005F10CCBD72CD433E9D2CD03D710145BE54
:10E9C0004A7B9BBD7CDF173E330850BE24E2CBBDA3
:10E9D00018F94B3D87EA8BBDAA04423DF1206ABD80
:10E9E0001C5C30BDE88C9DBDA77170BEB089C33D75
:10E9F000D0D3933C33FC3DBD391C1F3E88EB52BD48
:10EA0000025BE2BD5D4EBD3CA99D083EB63629BE07
:10EA10001C58283D3206CCBD44D874BE03035C3D6F
:10EA200057ADDA3DB161FF3D59F9323E60644F3D6B
:10EA3000EA741BBE8A0DC7BDFA008A3EB47B85BB53
:10EA40000D25B9BDCFEC79BE7EB9B23D8C4818BE5C
:10EA50007949163DEB0C1CBDD1291ABB454DC03D73
:10EA60003254813BB52739BDF43A36BC20E7E33850
:10EA700061D282BDFE8B953DCC86483D822EFEBD87
:10EA800003D8253E5066773ED31A113ECB2CC8BC26
:10EA900036DA80BD412C17BE90352D3D22B9063C9B
:10EAA000979BF93BF62C5F3D3CA1243EDDEE2F3DCC
:10EAB0001BD682BE1DBCF83D6198223E844867BECD
:10EAC0003F4CDD3D82B485BD66813B3DCE2939BEDC
:10EAD000EC390C3E5A89DB3D435DA43CB9C520BDF1
:10EAE000FFAA5BBEFB319ABEB31A363D992B24BDFB
:10EAF000F828ADBD1FEA82BE2A7FBC3D4DD1DB3C6C
:10EB00002F8286BCF82DBABDC4E6693C18D27FBD01
:10EB1000B41565BDA719E53DC58450BD07ECF03EB1
:10EB20004689013E921CB2BD39E8DCBC67B5713D37
:10EB30002507FDBB8E797BBE21B1943D5750033E26
:10EB4000250A1B3E1FEB88BD76EC75BE9E8ABEBDB6
:10EB5000A498A6BEAFAE6B3C4F8D953C806D9DBC1E
:10EB6000021D27BDFE3874BDAF612EBED409C9BEDB
:10EB70000898013EABDC11BEFAB3D83DAE32563D2B
:10EB8000115A14BD65A5C53DA08322BEBF4326BE54
:10EB90000E5B19BEEE048D3DF7455A3DC6D19BBDB7
:10EBA000970E04BDC364A23C54AA7D3DF7907ABE83
:10EBB000D13B2FBABBA4BE3E51A0153F0ABBD5BE68
:10EBC000AC011F3D70B8C53D842DAEBD3F2B06BFC7
:10EBD000B1860F3E6D58D53C3596023EB7E2983D62
:10EBE00096BFDBBD00504FBE47186BBE96B223BD2B
:10EBF000F3C04D3EAD3DC4BEAD2B663E834692BED6
:10EC00000F8BE53D6D7DAE3D0F2EA93D9D0A463C27
:10EC10001FE4D3BA6934433E6C3B5D3E5CC918BD0A
:10EC2000CFA0103E6296C8BD6820A3BD1DEAEEBD10
:10EC30008D65EC3CF847E23D78AAAFBDF79414BD72
:10EC4000718F14BE8F7DCA3D70088A3D25278FBC09
:10EC50002F76FABD9DC31CBECAAE0FBDCCA855BE53
:10EC6000E9E3EB3A74000C3E768562BDC3B2AC3D7D
:10EC70008F574E3EA825303E12D130BE397B063A22
:10EC80000281FB3D0D4926BC769B8CBEFD63D5BD44
:10EC9000A0041E3ECA3D9BBD38EA073E1AFC7DBD5E
:10ECA0008416AFBC7074AB3D0BC2273E375D273E68
:10ECB00026F7E6BD20C4F53AF3ADDEBC5EE71BBE29
:10ECC000083F0ABEEAC1633DABA3B13B64DAE7BDCE
:10ECD0004A018ABD13CD39BEB643DABD7BF86FBD9C
:10ECE0006272A7BD563C283E09CCF93CB407163EDB
:10ECF000B6CA753ED63610BE5C3C9FBD1466733EE8
:10ED0000B91309BDC473693E936C6B3ED9627D3EF5
:10ED10007607CDBDB9F7A43D96D57CBC890D84BEE0
:10ED2000A96C533E7B73F83D26446CBE008121BE26
:10ED30003339AE3EF0BD7F3E69A42ABC61160F3D5B
:10ED400062D711BE694F32BE112EE73D0F249B3EA4
:10ED500000C76C3E1FCF653C2D65E7BDC22CC53D8D
:10ED60002041083E0DC3563DDCE91CBE5F6B1B3ED7
:10ED7000DC4207BE3B1C10BD025DCE3B45DF2ABD19
:10ED8000B7AE87BD68211A3B542482BEFA058FBDF9
:10ED9000E2A4C13E82B6BD3D912EEC3DAE248EBDB7
:10EDA0005FAB083C92FF583B8E3F4E3D9B23CFBD4F
:10EDB000B8643F3EA5DB85BEE903AEBE611CA33E41
:10EDC000DDB7F73DAB0421BD95980C3D92A4543EB0
:10EDD0005A61B9BD930089BE06049DBD0B8DB23E3C
:10EDE0009A95C53CE7D24B3E2B2E88BC2EE21DBE29
:10EDF00036A127BE2CF37C3D1D579EBE0131023E3D
:10EE00000D1F38BECE55C93DC8DDC43D76C5813E17
:10EE10000D7AD33B201C683EF6D774BE2DFF8DBC07
:10EE2000362195BDACAA733E0796BF3DBC31F6BDF9
:10EE30003DFF81BDCA0AA2BD2491B2BDEA2EF33CBA
:10EE4000DCB459BDF82D84BD33A184BEEAC4F1BD44
:10EE5000928D533CDA683F3EEC9B403CF7EEA93C78
:10EE6000C606DDBD3E88ECBDC6BDBABDE598E43D35
:10EE70009104BF3D93633BBEE80A503E2A33C03D38
:10EE8000999388BED2322EBD37044B3EEAE22BBEA8
:10EE900014F8C9BD1B2BC0BC78DD17BC6C93D23CE9
:10EEA000941537BD304F1B3E22F7183DB68A3B3EC6
:10EEB00060A0673D9FB213BEF4A9D13C625883BDE8
:10EEC000662A853C7D0EE13D109233BE4936213DD8
:10EED00063ACBDBD223EE03CF58D7BBE18183C3CCA
:10EEE000098D223E3AD10DBEE459AC3DAF3348BE48
:10EEF0004DE0CD3DB15F2A3E1B47D43C88A7713C15
:10EF0000499EDF3DCAA4853D2C84783CB73694BD2C
:10EF1000112305BE3C5E93BDAE0B62BDC60B89BD21
:10EF2000DC18953E9E647CBD511B8DBE660944BEB7
:10EF3000B5076CBBBDAEB03DAF8D0DBE27954CBEC9
:10EF4000812DAABDC6EA753C7BD55CBCDCBE513CBC
:10EF5000B7910C3D4C5929BE2154383ED7C335BD1D
:10EF60002F78003ECB87F23D4418583EC184673D60
:10EF7000A84FB0BD517830BDFACA04BD9053CCBC87
:10EF8000A7BB5CBC1D3EDB3D928644BE9FAF84BCEC
:10EF90009441C93E054E873DEFCE1ABDBE66143E74
:10EFA0005D7A0C3D1AA5813D30067F3CAA24F1BD57
:10EFB00039CDA33D690944BE6E2D96BE4827883ED3
:10EFC00059E451BE3AC3D13D22838F3CEED7353E42
:10EFD000CED597BDD5F5F9BDE454B2BD7C8BA03E2E
:10EFE0003B42B43C05CB253E9C63163E3F4515BED7
:10EFF000A90DA4BDB847813EBA382CBED79711BE23
:10F00000AA707F3EEFA41C3EB0672FBE35A0273C00
:10F010005E3E233D5F949C3D23EDC93C9695B03DFB
:10F02000D90421BDFE1D31BE448A8ABD41AE1EBE3B
:10F03000416BA4BDEAEB84B831BC193E709292BD1D
:10F04000B0B39C3D1254B73C63B7C13D5011AA3DCB
:10F05000F945E83C52F705BE96FB96BDDF5422BE4B
:10F06000EA8EAABCCFE9003E9A40CCBC08340B3DE6
:10F07000815F9BBDF71ECA3DA5F251BEA68E3D3EE7
:10F08000D21F923D3DCB3D3E533613BE1BE0BE3CEE
:10F09000FE08583E21FBA63CE515233E40BFCF3D70
:10F0A000D08756BDF7881CBC5C05BC3C936E1E3EE9
:10F0B000B26D773D7C0B53BEEA2ED23DE9E9D23DDD
:10F0C000D13C8CBD391B8CBDFE80133E521B183EBB
:10F0D0001BCC133DD05201BEE2C64F3C4D1088BD43
:10F0E000F40D0DBDA3E13B3E19428BBD8119AF3D2F
:10F0F0000EB5283ED5D93FBCD6C984BE3C7D01BCE7
:10F1000040B209BD1AA5F8BD5B4A7DBD3A22D83D83
:10F11000BC4B2BBDC4C0BDBDAA621D3DF9A2003EC3
:10F120001BE9303EFB748DBD6D50463EA4E4203E8D
:10F13000EB27AEBE104BD1BEE9691A3DA66A9ABD57
:10F140003E96D83D983717BEC152CDBD114604BF7B
:10F150001613D6BE240E0B3E68820E3E28FB70BDF1
:10F16000036A2D3DF0B8EB3CE19C91BD39EE61BEE8
:10F17000BD01803C524BF53DD45B16BE2FAABFBDEE
:10F18000B3A0833D2F41263E72AB373E139FA43D73
:10F19000674613BE8EE8FBBD247D0FBC7A9E763C8D
:10F1A000B736703D2EE6823C13432B3E0D8BC8BD17
:10F1B000CC1D8DBD70AB983E79CE893E94C5E3BE23
:10F1C000838C413E61E4EABD155717BE28B8BCBE2A
:10F1D0003BD4EC3AFF2BB23E7A5635BCB6F53BBE7B
:10F1E00001891E3EA6E4B0BECA37AABE1EBCA83D19
:10F1F0004DDC82BDAD2F13BE34D0E23E904B90BDAE
:10F20000EF50AA3CDE8C643D1EAD3A3C9C3AC8BE31
:10F210002F59FE3D1BA9A2BE6012113D8E45873DB0
:10F220003967593E2DBDE93C4B9CF8BD795806BE67
:10F23000F57B92BD5516BC3D0881233DF5EE0BBE16
:10F24000B5592A3E364C143E364F9B3EEF29883D39
:10F25000224AFB3CE0CADCBE53485A3DA781843CAD
:10F26000D641733E0668CFBCF898C13D030D623E9F
:10F270003A4791BA7BC711BD75BA16BDEC19053C6A
:10F28000202E4DBD4DFFA1BDEC77A7BE88A77E3DCA
:10F29000AD7F253EB1BEE9BD8F297C3D2B2E873C3D
:10F2A000B715323EA0BC66BD671EDFBC164362BE0A
:10F2B00007CC9CBDAB0046BE7A485FBE3C0F5A3DB2
:10F2C000AA1CD33DFC85153D783D843EA41F573DC7
:10F2D000B4E90B3E71A70A3D5AD16BBCBA47A13EB7
:10F2E0008C94ECBEC34D933DDA738CBDD30402BD48
:10F2F000B4CA8BBCE628963D10621CBCCCBAA2BD39
:10F300007F6B6A3D030923BD746F02BEC85B1EBDDF
:10F310007682D73DBBCC0A3D66369CBC48462B3E28
:10F320004C39663D2B269C3C3B6F843E04D00F3D00
:10F330007AF9273EA36FA3BEF4A79A3CEE423E3D66
:10F340004B8D56BD107C083E4DB5DA3CFED207BD54
:10F35000B792693D56EA423EC3012C3D82E551BD5C
:10F360008B5598BC52DFABBDB39515BE47AA56BEB0
:10F37000478E983CBCFAD03CD4CD783DACBCB1BDF6
:10F380008B23323EE95717BE0FF2513C146B913D6F
:10F39000EC2C7EBED8F9423CDC843E3DA73E87BDC6
:10F3A00067C0443D2508A53D2261553E9F69013D4A
:10F3B0004E1F5BBE545CE13C0B1A0D3E2E503FBE0F
:10F3C000AD4A183C7ED9BE3C07A2123E486388BCB9
:10F3D000CE87EE3D009A1A3CEC2C0ABE628922BE12
:10F3E000C27F31BE5D684A3D5D1E86BE4187E63DF7
:10F3F000B133A23DE35A85BE77A1933E93B1AABD36
:10F40000BEBCACBBAB6DE7BD380BDB3B2766CE3D6E
:10F410004D6127BD157F143D97F008BEAAE271BD6E
:10F42000C282663CB3179C3B298908BE351242BD97
:10F43000A454D0BD9B0921BE77B7F93D22A09FBD42
:10F4400013DAF33DF00618BD7465E83DE2E668BEE8
:10F45000B19F65BD80492FBEA3A312BEC8B5D63CDF
:10F460001D98CCBCFCB6ABBD0B28953D4C2FD93CB0
:10F4700015EC9BBDA6FAD0BD54C463BD28282B3D16
:10F480006084503D2B838B3DB8F9C4BD2D6B51BDBD
:10F490007A9235BEEE0CB5BDE9B52B3D399C8BBDDE
:10F4A0009D67253D4F93B6BD1F4586BB0F3F5FBD92
:10F4B00009A756BD962493BDF535CFBD6C32E03D0E
:10F4C000E6301B3E5D00BD3DF0D40EBEBBDBFBBC99
:10F4D00047F79A3D7889D8BD2FB0BF3DBC3892BD63
:10F4E00015B76C3CB44716BE0D3BC4BDBCBBEE3C6F
:10F4F0003BD1A63C9652A93D2EA0233E328A23BE84
:10F50000565CCABD5FE82DBDDBD8B5BD0912ACBDE8
:10F51000777129BE479C3A3C5C6BD0BCAB25B9BD2A
:10F520003A1B963D3A3E4B3E3851D8BD54BE59BD6C
:10F53000F923D23D2FEF6D3D2B2BF83DA16B323BD4
:10F54000E7B4BC3D56823C3E625BF73DC0EA903C6E
:10F5500041C39F3C16CE65BDDFCE0A3EC55422BED8
:10F56000398101BE1A9A84BD9938C5BDD34229BDDF
:10F570000EF3A03DED640ABC207A0B3E8386303E3C
:10F580004922653D843BB63DD42184BB12B5CF3DB5
:10F5900039FD3F3E30C9ABBC42D3D6BDAAA73EBE63
:10F5A0002D56003E4D1CAC3D71251ABEF8515D3DF7
:10F5B00012433B3EE623BEBC8B0C0CBED23857BC7C
:10F5C000F17722BE85B3BBBB2319BCBDB2B4063EE6
:10F5D000FE35D83CDE6508BDBA3E4FBDD408483C78
:10F5E000FF1AA9BDE71852BDD04CEC3D7C442FBD9D
:10F5F00095E74BBD9432CA3D0DC543BD8F11E53C27
:10F600004EE380BD3BFC51BEE5FEDD3D3044FB3C9E
:10F6100019DAE1BD65793FBD76ABB83C38D4473ED9
:10F62000CE397CBE4F8FAF3D78567A3E226AA0BB62
:10F630007AAD2CBEB91BFDBB4918DFBCBB656D3E66
:10F640008BD5CE3D1356BE3D368ABFBEC8195FBEB0
:10F65000A6E773BE1C0CA23E9A719CBD477A0D3E74
:10F66000246D943BC1237ABE4EC0CDBDF8804EBE02
:10F670003974EE3DEF288D3C20989B3D4EEC843D47
:10F680005E26AFBDC877FBBBA5AD453E30DA02BEF6
:10F690000F769CBE69C7D8BDBD06F7BD4FFD723D54
:10F6A0005EB204BE33C288BD4CF7983D5F8EB73D55
:10F6B000812DF1BDE8AED23D82D89C3E3CF752BED2
:10F6C0001E88273E4D28EA3D77D51DBE8381B03D7B
:10F6D000EB803FBAB3D3BC3D4CCB6FBDC3B076BE5D
:10F6E0004D44B3BBDA16923D43E9D93D372B03BEF7
:10F6F000DD4FB33B08163FBCF83B073E789579BD1C
:10F700005243DABD09F76DBE0831923D3B4F05BE4D
:10F710003B76A3BDD6DC59BEEB2F063E6946C6BB81
:10F7200072CCA93C516EDA3DA4B27F3BABC0A9BC00
:10F73000BD8340BE25F6B13CF35501BE4ECAE63D41
:10F7400068B7093E131F0F3E712BBCBD40DA94BD54
:10F75000AAABCABDC0DE43BD1125FC3D535B103DC5
:10F76000743DA5BD00B4E63CF6B7F83D50F33EBE8F
:10F770000528C1BD2802C8BCE091113E4EBD193D0F
:10F78000044AAEBDE2694CBB153D913EAB63F3BD8F
:10F79000666A93BDF1CD0EBEE900E4BA74D9D9BC56
:10F7A0008F2B103E5C77D23DE5F6A13D5B3F143DCB
:10F7B0005C0140BE2BA0033ED1AEE93C762CE7BDF8
:10F7C0004287DDBD6DFA973DCF20F43DFE951D3E8D
:10F7D000DF0C18BDF2373F3C6225633D33380EBD68
:10F7E0004D802BBDC650F0BD634036BDA9EF65BC52
:10F7F000AEE02D3EF5EF1D3EEEC0603E3916013EF7
:10F8000000BCA93D4D8DBD3D0297433E2371B6BC62
:10F81000F37338BD8184E0BD2BCA7D3D53C6FB3EEA
:10F8200015B501BECD6CC8BD4E54363C63A1453EF6
:10F8300051CE84387FA6B1BDFB319FBBB908A83D2E
:10F84000FC89A5BC7F967CBDDF9AF6BC204480BEB7
:10F85000202ADABDB1F0A33DA82AD33D3FC4B73D6D
:10F86000E8942E3E67B9D9BD247782BE09576CBE95
:10F87000DBFE36BEC7A014BCB6642BBD23C416BEC7
:10F880006D709F3D0615593D0A717B3DE3FDDA3DE4
:10F89000167A50BC5D0BD1BDE6BA6B3D875CEDBD01
:10F8A0002C3F7D3DC77138BEC6FEAE3E8EEDB3BE69
:10F8B0004AECE1BD5153383EA90D123E67DB26BE2E
:10F8C000A78D3C3D960ABF3DB990F7BC34119DBE53
:10F8D000F5B39B3D1685703DCC5CA23CE086193D9E
:10F8E00061B4E0BD09218F3D572F4FBE94427D3C4E
:10F8F000664A493E565FBCBE7475B93E87213DBE1F
:10F9000001B0A7BE35F2F4BCD148BC3D4086F3BD82
:10F91000522072BD240835BE3F9FF4BD94E8B6BDA9
:10F92000CA94BC3DC9DA40BDE4933EBD19F51CBE86
:10F9300025E6A03DB2F4C13D856C60BDDDDED63D5F
:10F940003D8AF4BC6C62EEBCCA0CB43D4C5BBEBCE0
:10F9500006BC623D00B9A4BDE7A7563E7D2E1D3E04
:10F9600017CFC43D7560423C6210993D4EC4273D9F
:10F9700049A56B3DCA5E3CBEF866943EBD70F1BBC6
:10F980003D2C90BE2C7F1E3E858633BD56C05A3D11
:10F9900045AD803D1D702C3DE26AFBBC7717473EAC
:10F9A000EEA9283C5329733C46034C3D8449073E4D
:10F9B0008120243DF20EA73D625377BAA026D03DA8
:10F9C000950E20BE992F3ABE1DD7253DDF8208BD7A
:10F9D000D65DB2BDB7A6DFBDC329E43CD2C7A13E08
:10F9E00095C387BDE7F7CE3D5738EBBC2636FBBD48
:10F9F0004B97953EDE8B503ED3950FBE6AA2273EB5
:10FA0000FEA8683C3C063FBE8F37513D988CA1BD97
:10FA1000ACB12C3D10611FBB9E9A9E3E3C55213ED1
:10FA2000A416A93D3C7873BE09D78DBEABC4853EF4
:10FA3000FB82103DCB43F4BDFD9B1B3E64E571BED4
:10FA4000B60891BDB90FECBEA8A1FE3D42406BBD0A
:10FA5000268285BED45EA2BECC7EC4BC484B8DBE81
:10FA6000A4051A3E3720BD3E16EC90BD5547F3BCA9
:10FA7000B02725BD879C403EED7F0A3EEE1E4D3DE2
:10FA80007C6B733EED14153E23DA473ECE6C4A3E46
:10FA9000E255163ED26FA0BD81291C3E877E1FBE57
:10FAA000E713B93D74AD40BE3903F93D0499D6BCA6
:10FAB000806D85BDCFD749BD3EF3773E63B7D7BDD7
:10FAC000D0BEE5BD0E4AACBDF8C253BE27A020BED5
:10FAD00053D0EB3BF52A383E1C5A2D3D23DDDCBCD0
:10FAE0008DCF093CD3FD03BE4012D93D7FBE9E3E63
:10FAF000FE359DBE55A669BBFA7C59BE648930BEF1
:10FB00007707F83D4A3CC23CF89AE93C24F2063EAD
:10FB10005F9EA93C6414C63DF018D2B8B1183DBE32
:10FB20003B66173E1887A23CA6830EBEF1D742BEA5
:10FB3000D721193E230C463EE8C7713C1A8702BE06
:10FB40000AAA8F3DEBD6B53D5F53A73DF9A94D3EBF
:10FB5000311F2E3E76FCD63CBB012EBD649836BECE
:10FB6000E980C63C8C1118BC247A8A3D2190CF3D97
:10FB700043FEDBBCAD2B8B3B11AC04BE7846323D63
:10FB8000A4267A3D176EDC3D45B6173DA9EDA7BD0D
:10FB900000B6963E7C0E243E3312ECBCD5BA80BD36
:10FBA00094AC29BDF55CE73DDD9804BE15AD0B3A7C
:10FBB0004B033FBD5F590E3DCF707EBEBEC4923E2B
:10FBC000089547BEB930ED3D19719DBDE639873EB8
:10FBD000FBDC8A3D215A9D3D9E83F93D66F7B53C8D
:10FBE00061F62E3E5B1E163E6AD05F3DFE4D07BE9F
:10FBF0008B23E93D0CC5803E3C37CEBE4420023EFF
:10FC000056218BBDA8F4EC3D15E9A4BD95BF8A3EF5
:10FC1000F3C4DE3D3289543EF5F74C3D069CC23DAF
:10FC2000B78F0BBE745FD0BD5E12563E11D6F9BDC4
:10FC3000EF91723E311B1B3ECB22B6BD3534243DC5
:10FC40004CE7C2BCE11B583E0DAF71BEDA49E23D44
:10FC50002EE6863E220537BD6F58B4BC0302893DAF
:10FC6000E42B523E3A0FC7BD864132BC25E7B9BDF1
:10FC7000CE7A063EA5C9833DAD40AB3D41BA95BCA9
:10FC80002073D03D21C29E3BACAAC9BD30B40EBD8D
:10FC900067A7123C70F2A8BD881A5ABD5AAC213D24
:10FCA000101ADD3C220A2EBCEB233B3D4FAD0A3D32
:10FCB000EA8E5FBCEE5C9D3D4FFB953D32E103BE9D
:10FCC0009FE39F3D205512BEE23A8D3A03D456BEC3
:10FCD0000AF3C53DDC3756BD190D34BDED6A013D53
:10FCE000FE8BFCBA2C70453DFC14AA3C03BFCC3CF7
:10FCF000036ADA3D346ADDBB59AC24BE3496653EF6
:10FD0000E9DE063D15C8143ED6ACB03CD05E21BD40
:10FD1000D54ECCBD0AE275BD29BA93BCB906563D95
:10FD20000D9B053ED10262BDDB34333EC2F8323E4C
:10FD3000DF69243EE80B5C3DC05B0EBE5E49B63D0C
:10FD40006806E83D08D0F0BDCF1094BE87C85B3E82
:10FD50006AA78E3D43E0FF3C58173B3E656865BD92
:10FD6000FED9863C644492BD27D47FBE5EFDD3BDE0
:10FD7000C167563EEF711B3D057D5DBE9015E1BC30
:10FD8000DB9A473DD9A3DEBDB17A03BD99CDDC3DF9
:10FD9000B3F29E3CE7F9693C227E29BEC80C4D3E79
:10FDA000147F3F3D0A350E3B6327EF3DC6D82CBD7F
:10FDB0001ED72ABDD2F1D63DC6961A3E24B1833D48
:10FDC00024D71D3BFCFF99BA59794A3EC6467B3D74
:10FDD0004D96E73C744F29BD0BF6F3BD3EFB6C3EE0
:10FDE000AA8A5F3D0DCA043EB9FB75BE169B47BD8E
:10FDF00029467D3E3E9DB8BD0C67B4BDD46477BE38
:10FE0000A10B71BDC70ADF3D1822F0BD4616FABC32
:10FE100011F18A3D03B72E3D5D259DBD6210C1BE27
:10FE2000CF4377BD3433053E0FD3DCBDD9E347BDA7
:10FE3000C5A4413E601CA13E572089BCFC1B953DDA
:10FE400011F519BD112434BDD827593C10BBB33E60
:10FE50007FF67D3EAA72813DAA26D6BCED3AC83D0A
:10FE60008B5525BE8F4C1FBEF20A00BE4DDBFCBC7D
:10FE70001788163D21D3893D61C2A63D08FB00BE0F
:10FE80006673343D2CDB1EBD0974683DF7AF523EEE
:10FE9000C623833D13B45BBDFB61353E678EB2BCA8
:10FEA000301C223DAE636DBC2CF2EFBE7F8E0D3E4A
:10FEB000FBD0263E37EABABC92972BBD0F716C3E41
:10FEC000902343BCC070143E6B8D513C9033933EE5
:10FED0000A2AA53D5FD9AF3D4A87573DA59221BE6D
:10FEE0003F1A203EA0A026BD7CC5A83E4402143E79
:10FEF000C36600BEA4619E3D012FBEBE110E813EB1
:10FF0000A79F8E3B03841CBE844D19BED062A3BD47
:10FF1000C5BC87BC137D0E3D8F5444BD93F30ABE10
:10FF2000859D763CB0EF12BE0F11863D0E13AB3EA1
:10FF30007D689CBD80DA203E1431053E15861DBDCE
:10FF40004EA4983EA4CAA73CF81B82BD24683FB8C3
:10FF500079FFF23D2AF8473D017F7D3D55FE533E36
:10FF6000F206CEBD04A212BC6993623DAE73C6BC5C
:10FF7000DF222BBD82A684BD8F8647BD31A48ABEF9
:10FF8000474EDBBD1456833E430DE03E08EDEE3D8B
:10FF9000B9C9323E20D0C5BDB7A14BBE88C6243EEC
:10FFA00075ED323E20100FBEBEDBE0BD6A1F08BEFD
:10FFB0006AA6363EDBE7F63D622F603D5C6E043E8E
:10FFC000957E2E3D9EA5F4BDE6F2B6BDB677DABDB0
:10FFD000E8CF66BD289D703E2A6AB73D8E004CBEB4
:10FFE000D137A8BD1BD59ABE46F7983DF50212BE83
:10FFF0000EF039BEA3E3223E6119E03D19270DBD85
:02000004706C1E
:1000000028A498BD56DA6C3D2ECE14BEF18EC43CA9
:10001000F2B6233C57AB16BC7442DD3D906214BE71
:1000200072308B3EA06BA33CE97B273CDDD02ABD20
:1000300073A86E3ED4BB273D5E4E83BD6A73973C6A
:100040009183AE3D83B3E73DA11D6B3CC75D183E78
:10005000CCD84D3DFB14553DCB3179BD792493BDB2
:10006000CD424E3E3B2AFBBD9439C5BBF0F653BD95
:1000700038F391BD51AC14BDD1B5C5BD58A985BDEE
:10008000E910813DCC505EBE6EDB4BBE5A4BE83D65
:100090005148D53D422BBCBD00FDE83D5E490DBE3B
:1000A000832BC3BC87F9ACBD1DE9083E609AABBE8B
:1000B0002B02AEBC056C97BEBF67BCBD650E1A3D7A
:1000C00047372F3E68F11D3CEA60B53E8DCA00BC43
:1000D000EB1DF7BC06208FBD543F213DE182453D1D
:1000E000863CC43AABB6173DAF83C0BDE7D8D33D1D
:1000F0004B978A3C7D7055BEB8E92ABE540BC2BBF3
:10010000A1DF023E4502F43C76CB1DBDD178B03C68
:10011000F16D0B3D060914BC58B537BD4197F5BDCF
:1001200051EF8DBD4953B1BB6EF9883E4FA724BE38
:10013000C11CF0BD51203D3EB28A4C3E531E353E9F
:10014000FAD82ABEE791483E4ADF4BBEA9598F3DF7
:10015000330997BDC124123EDF7364BD286F2B3E67
:10016000891613BBE1509BBE2A61EB3D82A7283E56
:10017000A66736BE3305D63D2EC3C43C8C494A3EE5
:10018000A5E3283D11B71B3EF0A36EBD0C23943CA4
:10019000FA30053A0E1099BD920081BBDE6806BEAA
:1001A00064FD3E3D1BDE43BED5D0923DA646B33D29
:1001B0006679A63DEC7256BC1CD23A3DEC7FF53D0B
:1001C0009B7F543E5C1C753E1276AFBD261155BD1B
:1001D0004F17893D6CFB9E3C0D0EA73DF5E4AFBE6D
:1001E000AB8AAABDD4C3CDBD2F46A7BC37F6AEBDE2
:1001F00003CD2F3E8E71983CFAB8283D61629DBDBB
:1002000025F2C03DA6FE1BBE4D8C523D00BA34BE49
:10021000930C4FBD2B737FBB9A1460BE3656143EB1
:10022000B84A1CBEC5EFB1BD0CFCCFBDEE880A3E7E
:10023000B469DCBDADFD60BE052AF8BCF0CBF8BCEE
:100240001F95D9BDC4D889BC9512563E4DE146BE16
:1002500084928EBE58C5D6BD7CB83EBD618A14BDA1
:1002600011DD3A3D6CC4823C464370BDA811CE3DC1
:1002700018E07E3C6F5CE63C1CDDB0BD2A768A3D12
:100280000F369D3D00FFFC3D8EC4A63CF73D943DDE
:100290004291B4BC003C06BE1130ECBD559D05BE7C
:1002A000DE8515BD03648BBAA15715BE73CC95BD11
:1002B00098BC883D3ED98E3DFD040FBE06A155BDBC
:1002C000E5B28ABD91C9F43D4C048FBE5216E6BB1F
:1002D000A68D03BE60F8433EA3867BBC92D4BEBE0F
:1002E00036B0E7BD5ECB93BE75C4223D5083303D32
:1002F00050BDE2BB10EF45BD37487D3E49D03ABE08
:10030000A552423D6F579F3E913C123DA80B3A3E8D
:10031000791D63BEBABCE73D56F8BF3C0F7B34BEC7
:100320001B821A3E846CE1BDBCD1353D882B85BE55
:1003300022F8F53EF5F89A3E98ECDF3A1D3B06BEF2
:100340001C2815BEEFFFDA3D5571293B555BBF3EBA
:1003500094CBEA3E58FC083E3CF9C0BDDA6045BD8E
:10036000F178E03CEED7AD3C3E813B3EDFE0A33D83
:100370007D541F3ED445063EC11DD23D6CEA50BBA4
:10038000B39DF7BD10D7ECBD8472E6BD13B803BEB4
:100390009DED863E8524543D0AE3693D573F113D5E
:1003A000B85913BDEF4061BB6803FF3C39D1DE3D56
:1003B0006BA5B93DC8ECEEBD308E2BBE3D278E3E01
:1003C000A0E8A7BC4E49B8BCF17B07BE83829E3D26
:1003D00027D1273DFA58A7BE67B430BE46E2923E09
:1003E000FC752B3EECBCB83E4C4B263D5258273D8D
:1003F00085B1683D7F765B3EFB7DDCBE4AA4BD3D9A
:10040000A03A57BE2F788E3D305FBA3D0E15923D13
:100410008212ABBDDE726F3DEFE38B3D79A205BE6C
:10042000CA937FBD2F801E3DA26B4CBEAC5521BE32
:10043000B63C133E2BD50C3EED20D33D0DDF15BD54
:100440009756223EF6FC6BBD164BCD3D84AF7E3DEC
:100450006892E9BC376C0CBEC4971F3EF07F6ABE41
:10046000E698CBBDF1775B3E0AAF23BED5B034BE74
:10047000C200A73CB15B793B5062063DF57B26BECE
:100480008A075C3DFA72BCBCCFBDE4BD7E18023D5C
:100490008A9969BD5D24F5BD7D34DB3BC292C23DC6
:1004A0007540ABBAB7DA3FBD66AC35BE8942DC3EBB
:1004B00066C084BC1D750FBECE2427BE4F68873D25
:1004C0006505BDBC13F6123CD2498CBE5BF09B3D6A
:1004D000B4EC1E3D8CD9B2BDA7EB3ABDE95F91BE2D
:1004E0002372E5BCB2D634BDBEC84F3E9EBA0D3EA7
:1004F000291CE5BD027DA33E8CB3D2BD30BEB23B0C
:10050000CB8B373D381B22BE949E1F3D1FD8BFBDED
:100510008A47F4BD1212E63C52B2F23DB6844B3E1D
:100520007566B4BD1F60F7BD902B20BE604354BDFF
:10053000B7F1423E536D0DBD4E1952BD4DAC8A3DD3
:10054000BBF0853D5D6A32BE8F60C4BD3A93913D7C
:10055000A8A0E8BDE55267BDB97A22BEAA46BC3D57
:10056000CA78CF3D2AE4A3BD8740D03D0A9825BE76
:10057000BB6F0D3D5F1CA73BB0D8F83DC3B0933DAA
:10058000537A183EB665143E333BFABD8DFA2F3DC3
:1005900074123A3E5C54A6BD620A083D8FE6FC3CEC
:1005A000FC8031BDE832AE3CB90C363BD25E823BBA
:1005B0003D70853CC667F6BC7955EBBC66C731BE5D
:1005C00055D4403E5412E03D93ED82BDE49159BEB6
:1005D0009749183D7F8D51BE3DF3673D919149BECE
:1005E000AF3840BE078A64BB4413983DE606063E1A
:1005F000CB1654BD53906D3CCB2B513E35F33ABED8
:10060000FC19843D4F69E03C628319BA1F3CD2BC9F
:100610003CDD93BD2E44CD3DA8A9BBBDB361083ED2
:10062000714CBF3C20DDFBBDB970773E5CF7A2BDCD
:100630008A6083BC616C33BDDC42AD3CFF3D8A3EC9
:10064000C0E9BABB4339C03C7C8C53BE46B73FBE01
:10065000F9DA1FBED12BA0BD19B71A3CA0CBEB3DD8
:10066000CE7693BDBFD41CBE2ED562BE9E2DA73DB7
:10067000A6E4AA3DAC34233C1D17C83D0FDC07BDE2
:100680004B88CDBD3D68893EB05F043ED42FD8BDB8
:10069000B80962BEC55DD03C6F4749BC5D18AE3D30
:1006A000CAA47DBC5A85A0BD795B1B3DF88B5ABDA1
:1006B0009193A53D99194D3E28DC093ECE0775BDA5
:1006C0008919623D618CB0BBD12C79BE4FD43E3BC1
:1006D0003C83A43C145FAD3DB08FCEBAFB2485BEF5
:1006E000B0A9193EC728783C348F0E3DC4DE8A3D40
:1006F000BA9ED43D327172BD5395E23D4E41D6BD96
:10070000D24BF9BC9418173D08C2BABD05FA0F3E8A
:10071000FB048B3E08B2F6BD3B9A0ABE375BAC3D8C
:100720008F7279BEFB73493D97A7C8BD355E1BBD6F
:10073000BCA127BDB65F77BE979A4E3EF55D353EAC
:10074000109754BDB4EA69BCAB6DEDBD637DD1BDFE
:10075000B859A3BE485524BD488B59BE97F0BC3D3F
:10076000EFDB0E3DBAC8953C06E401BD272C82BBE9
:10077000F6453ABE84C9323A7D17C7BC415F45BDD4
:10078000A37F0FBE42CD1DBEE0FB1E3E946D09BE91
:10079000B9BFCABE503B003D7F4E89BC6530BEBD6F
:1007A00050D88FBD84FEABBDF8F25A3EB97F6BBD09
:1007B00094BE4CBE14D5333DC263833D26C85DBE96
:1007C0003C5B483DC89B19BE17C85B3E7C519E3BB5
:1007D000769606BD27373D3E99459E3C5B1085BE0B
:1007E0006543863D56141DBD3140A1BECDFD253E5D
:1007F000AE94123EFA2801BEE0869D3EC4AAD03BCC
:10080000CBC7A3BDE7B45D3EE017563D17347BBCB4
:1008100066ADB3BD3BB9443D33E6EF3DC889E1BDAC
:100820009EC82C3ECFD2A8BD0BEB9A3BBA598C3D4B
:100830007476703EFC9B86BD70B76C3DE4FAEBBDF0
:100840007AD1EB3CB2191CBEF6A31D3E07CD473E44
:100850004F95E33D0CB186BD3575183EFDB05CBECD
:1008600033F0873EE4C90B3E6A4B55BDC5A181BC40
:10087000962B94BCEAAE85BDE04E323DA5F980BD15
:100880001ADF203D035A80BE99C69ABDF797E4BC93
:10089000874BA33EEDD4BEBD86A4023D137A57BD5F
:1008A00094A9743DD0EC9E3D67F8CC3D2E5A44BED1
:1008B0006ED02ABEC567D5BDE9FD17BDEDE99C3CEC
:1008C0008185F3BD69148A3DE877243E0634B83D3E
:1008D000049BE2BDCAECD13DE3F402BE56380D3CA8
:1008E000AC48043E5C3361BC147A4EBDAC0CF63DA2
:1008F0001C7040BCF7CEEFBDD38649BEBCDFD4BD73
:1009000087638D3E2E67A13EFDBC4D3E3C1072BEFE
:10091000F05F5FBE7988D73D181C7F3E3C1755BEFF
:100920008BCF0A3E3A1E1ABE289E053EC34EA23DFC
:100930001AB07DBE3CD5AFBDA3D7523E8418A03EB1
:1009400020B063BCF1308ABE00BF85BE883B8C3BC3
:100950008AA986BEEC59C6BE3423C33E4AE08E3D0A
:10096000B783AE3C8E1F17BD89A493BD98244E3A21
:10097000A943243D6CED4CBD25AABE3EB32B01BD61
:100980000DF8E73D16C4BABE6092EF3D699FC13EC7
:100990001039663EA7F719BFFCB599BCD956123F6E
:1009A00028641D3E3572E93E4E01E7BD3D84933E0D
:1009B000BB41D3BE0CDAEDBE076D9F3DCD60043D5B
:1009C000E58B86BE82FB213FC9EF153E69D1C0BED3
:1009D0009EB66F3DF6AB9BBD23243BBEEB00173BA1
:1009E000C264A0BE1A4FD43EE18CD5BD483525BEA9
:1009F000C1A1D93D7EECBFBE6B1D4CBD35BF913E44
:100A00008BEF9F3CD5C18F3E9DA4153EA3CA91BEDE
:100A1000F82468BEDB43B23EC59DF4BD2AE955BE4D
:100A2000301C52BE785B53BDDE87553E282345BE41
:100A30006EFD463D0981773EB5F3893E1167C13DA4
:100A4000EF0C103E6984DABEC83B2ABE1205613D38
:100A50002AD05A3E10703ABFFD3382BDABFC4D3EEA
:100A6000ED5A883E8B6925BD3F3CE6BD68B37CBE30
:100A7000E5A512BE8ACCE03EC8421D3D72B588BED7
:100A8000DFECA33EA643AEBDC527C93E7083623EE0
:100A90004B95BCBEF89AC9BEC11A2EBD653B933EAC
:100AA00084549C3E4709A23D0E187DBDDC91963EC4
:100AB00097037ABE383355BECAAC0D3F6B356E3ED8
:100AC000B3019BBE957E293F949ED93EF6360FBE5C
:100AD0004FB0463E71D443BEBF06C93DF8E6533D14
:100AE000F06079BD8899C53D79AB9ABEA757923C15
:100AF0001648D83E29FB52BE731D5D3E489E023EFD
:100B0000F4ECAF3D963D3C3E1586123E3070DCBEA7
:100B1000C77310BED3089B3E0B2B893CD9E203BFA1
:100B200029AEBCBE0F39A8BEEF38893D0988C2BDC9
:100B3000E26A373E488C783E4EF81C3E4A7B493D7F
:100B40003A59D13E40B4D4BE4A99B8BE8780273EB8
:100B50008A1B06BE89AF01BF7392DF3E367472BE38
:100B60004C15F8BAFE2896BEB6A5D33E2C96AF3EDD
:100B7000B35900BE1DFA163FAD49C13E9EFB0DBFE5
:100B80008C871CBEEE98EB3DD589B2BE034046BEB5
:100B900091639C3B1A26063E533E523E1D9630BD45
:100BA000F38E4CBE1D80D0BE6E26B43DE60CF3BE67
:100BB000E8DA8A3D4F988E3E7E8B4FBECF6984BD6A
:100BC000368B09BDBB972EBC8134173DD942333ECD
:100BD0000E05533D17BB8E3EC408F73D4A3222BC7A
:100BE0000D24F2BD546291BEDE08A33E45C312BD82
:100BF000BEA86CBE58FBA5BE5FA61EBE779EA73DD5
:100C00008689923D734D083F4AD0903EBA0669BE30
:100C100012E454BE0BDEC63E6D35B7BE62ACA7BE55
:100C2000FF70533DB2AD9CBE688489BDCC8194BE3B
:100C3000CC99E93D0971EC3EB706D4BD1231A63C12
:100C40001F73293EBF4B8CBE60C5B6BEAD3C853E12
:100C5000077A3B3DC68EA4BE3960CD3E874CC7BDEA
:100C60004B6C8A3E1FB621BE94EDD1BDBD23BD3C69
:100C700047DAFFBDF24C173EF2B8143D804B8CBEF4
:100C80009E23AD3CEFB4B5BACFC4D03ED4E4D1BDC1
:100C900008508DBEAB2968BEABF9193E1076933E65
:100CA00024F0173FDB04953E8F4E9B3E969BB13E52
:100CB00015D599BEC8A575BED1038C3EDBB0183FD3
:100CC0008A18CFBE5F04D03E7D3F803B6C8009BE5A
:100CD000F33C3C3E173E5BBE4D3CDD3D0B1F0FBE63
:100CE0008422903EB02C703E969CDCBE994E44BE51
:100CF000B01BE93EB61842BE3AE38B3E7020DBBC27
:100D00007A0F983E9C846F3E8109963D514090BE7B
:100D1000F5017EBE735EAD3E748704BE1552DDBE26
:100D20000F23553C0DF4F33D1BDC2C3E6F160DBD1F
:100D3000EE4F5C3D4943C33E08CFA33E2BA4273D65
:100D40004F4A343EFCBFE6BE40CCAEBE59E6513EF3
:100D5000F2DD0BBEBB9BA3BE73F4E63E6DA8F4BEF2
:100D6000C256E93D4764823CEA7B373E172F8D3EF1
:100D7000EC49CFBCB7AA0D3E1A66073F52C1ACBEC4
:100D8000177EB9BEDE0D6A3EA1CEAFBEA19944BEAC
:100D9000843970BE88C4693EF2A4293E97E736BD07
:100DA0001085AABD69D95FBE4E2004BE443A92BEEA
:100DB00007EB03BD31B4DC3E9FDD5ABDB64973BDC0
:100DC00024CF13BECEEF43BE4E08313D0B13A63EDB
:100DD0001F0212BD1AC7893E3334AD3E365A5D3EFE
:100DE000E933ED3C997F61BE5B635F3ED69552BEB1
:100DF0005BFE893DFF5A73BDD2B320BDA907AE3C4F
:100E00007E4AB5BC0CB9D6BC34BBBB3E7C05EBBB43
:100E1000BAAB943D1E11243E8C7B32BDEC69E2BC22
:100E2000E155FA3C7DDAD1BECCB77F3E0C1800BE4E
:100E300028A2053D8344273EEA15B3BBCD3FD63EED
:100E4000536386BDA18DC4BDEAC840BE25DBD23E3A
:100E50003187703EE66976BE5F2302BE6A17DF3DCA
:100E6000609EA73E03293EBE282A9BBDED03B8BE67
:100E7000E9DF423E5734E03E686129BE9F4A3CBEEE
:100E8000FD87763CD3FC5FBE6BEEA63DD9B78B3EAB
:100E9000C81724BE48C519BED227393E1001223ECC
:100EA0007034593E33B675BEF6227F3E1D615D3EFD
:100EB000D63BDDBC210C6FBEA9738B3D58659C3EB3
:100EC0001BF689BEF72A7B3E146E94BC265FE83C75
:100ED000DB16023F7EC9F3BCDD5F4CBE381F883E87
:100EE0000B36F03D00D6B43D7D8A07BE8C3A033EFA
:100EF000A6AE633E9C43CBBBD3E8183EE35B943D78
:100F00007398863DBAAF783BBFF3B1BC8C2D8DBDD5
:100F1000BC18833E3A63C0BEFFECBC3D7D00203E62
:100F2000271E18BE9019A43E44C21A3E9840383D70
:100F3000C7338DBEEE3449BE2C2967BEAE7DC53D9C
:100F400009B275BE5A14853EAF57A73EC039B53CAD
:100F500043812D3F3F390ABEC0BA73BD802AA93DE7
:100F6000034CAE3D78E31C3EB87B893E1F6C94BEBB
:100F7000A1C8653E05B1F5BD9B6C3BBEFD63A43EBB
:100F800056EF2BBEC312253F5B11A2BEEB4163BEE1
:100F90009C6D63BBD851E83E4A92B93E9F6BCABE76
:100FA000AE2FA4BEFD5D68BE047BB3BC7D7786BE5C
:100FB000AFF33A3DD5D5B93EC85E543EE5A8C23D33
:100FC0001861853E157ADFBECF3986BD22140D3EED
:100FD0001389BDBD56C0B0BD714E003F1FE55BBD5E
:100FE0008D3F843E71CE28BE5200F83CBFAB5A3EC6
:100FF000BF59A2BEC4A3C73E93707B3E32F8C2BEA7
:101000005CC8C33C078F163EA573903D5B6C43BD27
:101010009009173EFD4A673DB7D7AD3EC1CD3D3D76
:10102000D7C9953D4BCF503E75E3053F6A3F4E3ED5
:101030007FCB14BE613EFABDBBA90C3F872D803D1E
:1010400008884ABE61BFA03D8535A23E425A403D58
:101050003E01D83E9EEFC4BEC8556F3E06FB6DBE36
:101060009DF7A6BD5DCFC9BC62BA183DDB1813BEA3
:10107000D346E23D825F2BBEAD670A3E333E3ABEA9
:10108000B39112BE602AE73EA9496F3DDE1329BE27
:10109000C2D2673DADEA113EA07699BEDB51F4BEE7
:1010A000E45FD8BEE997BBBE851F063E2B8C2E3E63
:1010B00092D2E83CBF9F293F2F8DB53CA6E9D13E97
:1010C00056D2B3BD9342FEBED0DC8ABE7DBE4D3D3E
:1010D00031AB2C3EA92AE1BE859D223E529016BE20
:1010E0007FEAAABD348202BE9D20C33DC753CC3CDB
:1010F0007DB6683DEC55013F421BC13EC38A02BF2D
:1011000035254CBD169995BE12C782BE03AC353B42
:10111000F5DD053F94E2E43C8483C33E2644913DE3
:10112000410703BF475E653EBDDD76BE70AC4C3EF9
:10113000371A3C3C280130BE862184BE53455FBE31
:101140001DB61D3EAA83073E47DED23E6BBB4DBE99
:1011500097712BBEC71D793E496156BE3DBD503EBD
:1011600009AE9EBEF9C5A03D8E729E3E1514973DF8
:101170006004DABDD0FF81BE117AC3BED8D1703E03
:1011800086710BBE1256323D3ABD68BEB03D3DBCC5
:1011900022D0613E99CEB13C21D8193F9CCC103E63
:1011A000449A1FBF2354ABBC02D445BEBB877BBC53
:1011B000D11D1C3E9627C4BD35EE52BE8E799FBD13
:1011C0006562893DD9215C3EF791AE3E85AEE23B3A
:1011D00076B4993CEED58D3EBDBC1DBE201DEE3DC6
:1011E000CFA57EBE216912BE430E423E65182B3E3E
:1011F0002FB3483C457726BE56AD57BE3413983EB4
:10120000EFE71B3E63CFE93E81EA653E409102BFB6
:10121000900BF3BD28270E3FFE7163BE9C8074BE09
:10122000457818BE038BA3BE1FBD973DA513EEBD29
:10123000B042833E16FA143FE98E9DBC436932BE2C
:10124000AD6C853E546BF6BE5A0660BE5CA7533B40
:10125000145EC73D9C0324BE68476B3E755A89BD2A
:10126000C7896A3D5BE93BBE8B6F703EB05DBD3B9D
:10127000D6A28EBE0E2C153F02B4B63E4ABC1BBF92
:10128000A1348D3E7510A8BDEE33BE3D17C68D3E10
:10129000F30B24BEE14FB0BEED3A163E7587333EE8
:1012A000D40FAA3E83B8A23E07A2FD3DCDB33C3E7B
:1012B0003A928BBE9A03C1BE308D103E6691BD3E00
:1012C000717763BE6F06733E9464C03E79FE5BBD6A
:1012D0004A09EF3C16BFE8BC1E1BAABDFABC263E5D
:1012E000C532133DE03BB63EB0E66DBE2AF083BD8D
:1012F0005F6C003F842E90BE0FF6853ED0734E3E4D
:101300006B97153E95D548BE0ACA363D9529B6BDA0
:10131000D7E4B2BE491716BE5B200BBF4431F43D83
:101320007EBB693EC7732FBD4933183EEA93BDBDEE
:101330007E9FFCBDC6111B3DCC078B3EDF8DA23DC1
:10134000E89326BDF579103E3987CABDCBD760BD7D
:10135000E1B30D3DA29DBDBDB57AF63DD05732BE7D
:10136000FF0C053E1801343E65AE7DBE46AE5ABD4B
:10137000C671A2BDB7CFBB3ECF55D43E2DC4AE3D46
:10138000911682BEBF5D84BD2EA9183DC528B2BD91
:101390003A069F3C4C0972BD4868D13D94A3C838B9
:1013A00095D8593DD356643EDD1F393B2541C53D97
:1013B000BB1EF1BDF662E1BB8225533E312ACD3C16
:1013C000D56E32BD339B37BD1013A23E0B796ABE7A
:1013D00049C90BBD7D16E5BE481A253EBDACFBBD17
:1013E000F1BF02BE90A1B93DF9233FBD131EC93D17
:1013F00079F021BCBD9AA0BD54A0213D3150F33CF1
:1014000076A6993EDB65C3BE1ECE003E8DCEBE3EA7
:1014100038AFDC3D6A71FCBEC2109EBCB603EE3E26
:10142000FCFF343C6F94B43D9DAF16BEB471BA3E20
:10143000336CD0BEF322EEBEC2D9103E0D2BB4BC2D
:10144000DCD22DBF5DAD133F0D45693EB97A32BE8A
:1014500096CB443E4555B13D598630BE8615553E26
:10146000D26AD23D6BDE763D001A6D3882BB91BEEA
:101470000F38263EE202E7BB9D60BDBCB1EFFA39F2
:10148000F1242B3E826A91BEEC63943E7A340B3E8B
:101490000A9F9CBB25FE2EBEBE8790BDACD75F3E8B
:1014A0004DE7D63CFB6A393AB07CCE3E03A1183EEC
:1014B0009212B6BE10D80B3D32BD103FBF92033F13
:1014C000EF3633BFDE68263D7D2C00BEF39F823BA6
:1014D0009503B03EB1FCFBBE19423C3E313155BDD7
:1014E00080282D3EAE20F53D88365BBEE7A8EABEDB
:1014F0005E809D3E4997463E0607803EBE252D3EB6
:101500005FCFBE3D2B84123DF1454EBEE9DFDBBD12
:1015100014EC18BE497D733EBCDECB3D7139BFBDB6
:10152000313DDBBD582A07BE613D3DBE89E461BE49
:101530006F9B813DAC131C3F815D7D3D97ED04BDEC
:10154000577197BDEC472ABE4426ACBDA0E79C3C32
:101550002260073DA681143D1772A93D55C700BE04
:10156000CCB1BE3D23EB3BBDCB0F283E57F3433EF2
:10157000879DE6BD153B53BD0F93DFBC5F1F053E46
:101580003029513E4222193E8E59CD3B9FC9FA3D2A
:10159000FABC2BBEDD413CBCC8E03B3EC050023E25
:1015A0004F7FD43D66E5B6BD58AF7D3E6B36503EAD
:1015B000749EBBBD27B382BEAD87DD3E5ECEDC3EF2
:1015C000388810BF5460EE3D50C81A3E2CE2853D6D
:1015D000D64BB73EF36B31BFDDF9EF3C7220473E8F
:1015E0005653FC3EC0CF923EBDB9933C0C789EBE94
:1015F00067EE963EBF547C3EBF17923E5739C53CBE
:10160000A152393E33C2C63E7B93F43C7BD4A9BD84
:10161000EE90C8BEC79EBB3CB23CAABDE4A5F7BED7
:101620009980A33E8D99133DC52EBC3E64C10C3EEE
:10163000777F9B3E5A48C93EDF9FED3D9A6E613EE3
:101640004F12CE3EBAE92DBE4AF4F2BE27CC4E3E32
:101650005A1DB3BD52D6E6BE75A18C3EAC2BB8BEAA
:1016600058A4243CB2EB6BBD598B71BD5261943DC3
:10167000E82AE33CC61CC23DF208053FFA7A0FBFD8
:10168000BF301D3CEA47D2BE8CC6443C7610943D28
:101690006D59E0BEC7DC02BEE88A7ABED60EB23E05
:1016A00067B37DBB671C54BE9B4D3DBD158B85BD8F
:1016B0006BB5DFBDDBFDE73DB1A9E73DF4B08EBD05
:1016C00015EB773C61A1ED3D9F200CBEA57F39BD98
:1016D00043F8A9BD5EA655BC139DA4BDFD2BEB3DF3
:1016E000DB5FD23D6BCFDDBC7C00493D240040BEBA
:1016F00065DA06BE6C75823E3B8E673D74D2B53DA1
:101700008BFAE1BD7DD84A3EFDDE7A3EDFD055BD85
:101710007684AF3D56B7203D4133473E48D5C3BDE3
:101720005F3DE23DAE1799BD4298A33DFEDEF5BD9B
:1017300048409BBD4C5589BD1247713EC047F6BD20
:10174000C5AFE83D6BCD46BEF4A7373EDD3936BEAA
:10175000A06B433EF0FAC2BD403C303E1CBC86BC90
:101760003C42A3BD8A1B65BC8088183E397E49BDBA
:10177000CD0A943D5F0BF53D33097BBEA241C1BC50
:10178000C4AD6BBCA4D2743E610998BE9066A7BE7E
:10179000F15630BE13A16E3E0E595F3D30E4E0BEFF
:1017A000E6C1983EDAFA81BDBC9E2F3EF8D9CCBD89
:1017B000D124DF3DB8BE3B3ED279333EF7E0403D19
:1017C000189062BD75455FBE4171243EFE28263EDD
:1017D0007650AA3C72A5B7BE1798DD3D47CE55BDE1
:1017E0000FF52D3EC3CA14BEEA2536BEC1695E3D63
:1017F00011A58ABE9159013F0C9DD43D6641163E0C
:101800008EC8D5BD5751A33EF88F1CBE44BDBBBE8C
:101810004FC6B9BDEA022D3F2C2DA13A428EFDBE26
:101820001233CBBE4A240CBEBC64DFBD1F2EB2BC3B
:10183000C88BDD3ECDA9143F5E56B63DDBBE583D9C
:10184000B936F33E0DB12CBFB28181BE1087FC3B8F
:10185000B94A72BD9F4383BE6DA4E23E9A4C8FBECF
:10186000A07A9B3C8224E2BEF128063EE50FC63EEC
:10187000BA3DAEBEB272083F2B390A3EEDD9B2BEB8
:1018800073B6D73DE0A1D2BBC5309F3D100F9CBDC4
:101890001E91D6BD0044A4BEB8E6103E0463A13D2F
:1018A0002E801C3ECB9ABF3D55DA9F3E5893523E48
:1018B000C04CFBBEAAC9CC3DFD99D33E9BB1B53E01
:1018C000D132F3BE5034B23E84C8D83DEBDFABBD5D
:1018D0006698703EBE7938BFE2070E3D2A56BCBC02
:1018E000833DA53E60DB723EF94B2CBE79A0CDBD99
:1018F0002FF9BA3EC3FA513ED163E93E4CEE7A3E2F
:101900001C5EE6BDFE41903E142D87BE33FDCEBD6C
:10191000EC948D3C3A5742BDBE12363E4B4761BEF9
:101920005BF645BDAB4A173E2DAB0ABE61FD613E7D
:10193000510215BD0E96B53DF0F3B93DDDD210BE96
:10194000129087BE9E95743D6CA0F53D4612413DB8
:101950008970853BAC8C543DA714B93C1F0D483EA3
:10196000A961083D9D4D283DBEF0D63BE10B023DEF
:10197000A934483DF8A1D4BDE081213E427294BD16
:10198000FCB283BD0D3530BE3C9F5FBEB83C293EE6
:10199000BC0B2FBC63A834BCCD900C3E4B0BDB3C86
:1019A00067E9D6BDD9163E3D5A42BB3D6833C2BD3C
:1019B000B252AEBC9895C8BC089BD7BC1D5630BD72
:1019C000EFACE03DDF2D37BDB0D8823E3D0EC13CCF
:1019D00079E097BD43D2FE3DC7EC85BEE9978A3DCD
:1019E000671BFBBD7D34803C246106BC5603E5BC0F
:1019F000818051BEBB1457BE545CB2BDA402C33D2E
:101A00001BA3403EFE73893C4C96FCBEE09C6CBE22
:101A1000C3AB45BE7BD7F2BD7D588CBAA1DCA13DDE
:101A20001610C33D92CA253E6E8B8F3D533DBD3E81
:101A3000D062643EEF4933BED0F20B3EC10058BDC8
:101A4000B859FB3E024C9BBE25DE18BDFBF58DBE92
:101A50001A5FDDBEEB76983DB0BA163E7227E5BE42
:101A6000454869BE7412953E215486BDA7B1C23E59
:101A7000E1F8D6BD13131CBCD0F167BDDBACE2BDF1
:101A8000BA88103EC7410D3E26D4183C53FD9A3DFE
:101A9000C85FD53DD23BCBBD333925BEB36A6D3D62
:101AA0006B199C3D919A24BE3A28D23D7E9C44BC41
:101AB00038583CBE2D64873CD44411BDD47B22BC35
:101AC000706BB1BEB252B33E503AD3BD39A9413D5D
:101AD000F97CCBBCE7C8C7BC1AA19CBD6420A7BDDC
:101AE0001B3206BC6F0B44BE6D26A93D90A12CBED7
:101AF0008E87353EBBF72ABE0C4E63BDADCB013D94
:101B0000D2791F3ED3AE22BE2B6DE1BCA5D48C3E54
:101B100011C9E5BE80A62CBE562D8FBEFF1C2D3EE2
:101B20004E4F87BD106EDBBD3926B13D4F3B573D53
:101B3000C625B7BDC2FDA53BB29AD13D581410BD14
:101B400006A2803CF25D67BD1EE41ABEA6FC3FBE45
:101B5000312205BD722F0E3E58E834BE7D7E94BD05
:101B60004F39983E60ECD7BA8E982ABEC45DC43D0A
:101B7000C1ACD9BD5FFC2E3EF33B9B3E5E46E83CCC
:101B80007FFB38BC3FD4FEBBCA7FBD3D971389BDE8
:101B90000F9638BE75DB81BE328A0FBD9877903DB7
:101BA000CADF19BDECCEB73EA12AB7BBA94BA83DF1
:101BB000574AAF3D162188BEBC828F3ECC93643D10
:101BC000A3AD053CCD4627BDA2CE70BDCDA60BBFB3
:101BD000101C9ABE1870C9BC4FB4CDBD225383BE31
:101BE000B6384BBED9ABB5BD35EB393B0C77F03DC4
:101BF000D177C9BBB5BB14BE3CE22A3D6CABDF3D1F
:101C000074DA9A3CA9371EBD385137BD21232A3ECC
:101C1000E0A50B3C1EF3E1BD1A55B23DE694F73C3E
:101C200048F4D8BCC5C89D3E7E3F7D3EC298823EEA
:101C3000E536EABD53207CBD0C7D1DBEB07E89BD5E
:101C40008540EDBDFA9550BEEF38673D53B189BE72
:101C50003A61DFBD0605F9BCC758DBBC2E5C07BE88
:101C6000AB8A843C8E356A3E0BA9B8BCC9E5BE3D43
:101C7000AAB935BE08A3813CDD25363E30E0C13D22
:101C80009ABF9C3DDA66503DC16DEC3D4F070C3C60
:101C90001B42C53CF1482B3E78A0BE3CBDB32B3D5A
:101CA0002095D7BDB6716BBD92B7F83DE3766EBD9A
:101CB0004C4AA5BD4F8FC3BD6E79673D578A62BD43
:101CC000C34089BD526DEE3D4CB65F3E0181083D7B
:101CD00021801FBD278031BEA106323E906836BEEE
:101CE000A0853A3EFA00393C2A9B95BD2B04D13D94
:101CF0000D3B753EE4CCD53DB2ADC1BD7E3947BE8E
:101D00002890B0BDAC5FABBE878817BE4458E33D9A
:101D1000828B45BED5C0833D743AEABDFB0F99BDA9
:101D2000A4886C3CB2BDE3BD0D08B93E8D71A73CE3
:101D3000E04F0CBD7FA39F3CDF3ABC3CE1B6AC3A20
:101D400086322CBE494F3C3B7BA5ACBEC40D66BE63
:101D50005388413DBB36203DF1C428BE49FA8B3D36
:101D60001FC4A03EFD1781BC336FDCBDAB5F1DBD42
:101D7000547415BEC15AB53E9478313EC9C3A43DD2
:101D80007CCAF53D0DFA6E3CA5784FBE608595BEC8
:101D9000EAB384BEABF81B3E036990BEC65313BEC4
:101DA000A732853EC03891BED5CDAD3DCFE8973D39
:101DB000E7CF3A3D281B7E3E5DAA873EEC4D13BE21
:101DC000F939A5BDDE98EA3D6E796EBE21A1DBBE74
:101DD000C94DFFBEF55E0CBEFA56E53EF02B0ABFBC
:101DE000938F0D3E1284C83ECA518CBED5529C3E84
:101DF0003016463E11E021BE63CB333E128181BED8
:101E0000D5C070BE9B9FF1BB97D2CFBD68D4213D9A
:101E1000AA555C3B4896F83D32CEAE3CC537993D5D
:101E200074B7DABD319818BE7B2CF2BD1DD43ABD13
:101E3000241F203E8317543EE57AFDBDD7D5E2BD71
:101E4000DFB2A43EC0BBBDBEE14B86BB79D7A03D8F
:101E5000B6D612BEED2F963C3F6591BEDD112CBE6D
:101E6000AEB0C5BC3DFC72BE4894C13EB2C027BBFB
:101E70009AA4F1BE1D08333E2A37433D7939B3BDDC
:101E8000C45221BEC58315BDC056913E4B4533BEDD
:101E900048718BBEDBD54EBE43D7223D9F945F3E3B
:101EA0005F2FB13D869E0DBEE9EB303D3622F53EFB
:101EB000F105473E109CDA3D88DE823EFEF323BEEC
:101EC00087CFC43E9BFF8D3D720E263D58B0C2BDEC
:101ED000D11C9A3DA4D1DBBCD253993DB6E311BECF
:101EE000F051A0BD36B6563E96D688BEB423E53D29
:101EF0000CEE2E3E295B4A3EB75EF83D82E30CBEF7
:101F000061AA49BED35C623DB421263E8360B7BC62
:101F100037F921BEBBC938BDF1B3C0BEC81E5CBE17
:101F200062FB38BC42EB5FBECF09573C70B7AABD1D
:101F3000B6CDC43E201860BCE5D2173D8D0918BE51
:101F4000C7603E3D26702ABE07CC7EBEA17234BE5D
:101F50000919A7BDD9DEB5BD77D0EE3C50BB30BE68
:101F6000F5A225BD88B2D53D7C182DBD81FDB4BC40
:101F7000540BB8BD040059BA3CB98C3E7231FDBC5B
:101F80008812663E7EDE743DE5EBB0BD95311E3EA7
:101F9000C23015BEBF361FBEADE5133D3FE18BBD60
:101FA000200FAC3DE253A73C594BD63C9F008E3EE0
:101FB0001684913B50C1503E690D073E8EB5783E68
:101FC000D06C683DEB97293E023A11BD20AC90BE23
:101FD00076A35E3C414614BEE416FBBD871EF7BDEA
:101FE000F056143ECA38903ED00091BD17284F3DA0
:101FF0000CDD8E3D60FDD93DFBBAD63CC857E6BD31
:10200000CD37943C616F13BDDA62A53E0BA864BE68
:10201000507553BE9010D0BC8DBBA3BE101FA3BD86
:10202000D9EF9C3EC1A52ABE331F593D801613BE71
:102030007EA4E0BC081AE93D2AE02D3C5C36763EE1
:102040009DF8263E4E5126BE580F81BE7C03A8BD8A
:102050007BD6FABD146206BDF7E5523DE040A3BE53
:10206000F85223BE6911963DD23BB23D65E69A3ED9
:102070002FEF56BE551E55BD5BA17E3E7BE794BD3E
:10208000B53A35BEA1851A3D05029EBDA6FF59BDD4
:10209000C99C0DBD12C68C3C7AD977BE4165DABDAC
:1020A000DEB85C3BA56A60BE49F3C9BD394243BE98
:1020B0004D3B603B2107843D22761C3E8C02D43D83
:1020C000AE3609BEC58924BEE2E98DBDFD59363E56
:1020D00078DBAE3D62E5843D3AC38E3D576337BD44
:1020E0002D6D423EE4101CBE68686D3E0ECE86BD6E
:1020F0002B071CBD31438F3E55158A3DA4A698BDC4
:102100005874F3BDD9EC97BCEB43833C175AB83DE8
:10211000A590FFBC6AC84FBD0F231E3DC21E9ABDCD
:102120006F9AFDBDA3117ABCBC30B53D20B31B3CFA
:10213000654673BE20BB383CC7C53BBD29B42CBD2A
:10214000D93CA63C1EA1EB3DB9EA37BE0F80D4BCFA
:1021500016002DBE970DDABD2D24CDBD961DAEBD4A
:10216000283C533EF57292BEB0EBB5BCF05B10BE9E
:10217000852BDCBD269642BCE9AD773ED953913D17
:10218000E7DA083C8953EFBD481695BDEC36D13DE2
:1021900000C2D8BDDC9E7ABD354FEABD92B99D3DE7
:1021A0003A28123D525CBC3C20C5953D2B72063C42
:1021B000A5DE8EBE80194FBEE821D0BDDE2E8ABDC1
:1021C000DFFD5F3E2A112B3EA8C056BBFB3A44BE42
:1021D000937E443E368ED33DC3686D3D0C3184BE44
:1021E00069CE15BE64753B3E5D27DABD6A45AF3DDD
:1021F0002BD4FEBD569ED6BB45A134BE5A6D93BDB1
:102200008A05E83D82A604BE7D9F693E340525BE51
:102210005A2D71BD403BCEBD079E1BBE4F0943BE2C
:1022200085BC1ABE087FA53D667A053E1659EA3D73
:1022300030FE7BBE29F8E7BDD86B1DBDACBECF3CE0
:10224000A9F382BD9905CE3D615C09BFE9B27DBEAF
:1022500000E2FABE4D33DE3D5C4C3CBE38F15DBD64
:10226000F994293AD5C7AB3E4B00183D2FEB563EAB
:102270008393183DC49FA6BD3D3E2F3E79F577BEA2
:102280008B7222BD2E3ACFBCA8D125BE8E8857BDF9
:10229000A4CC383E4E556C3D5A50C73DEDF5343E0A
:1022A000ACB6153D299C7D3E111DE5BD7BB24B3E74
:1022B0007A0A733E7AC993BC0931E13D176004BBC9
:1022C000AEED38BD8EA97F3AED32BA3D458F8ABA60
:1022D000298C27BEA97A953D689444BED211DBBDF6
:1022E000017775BE263A5BBC4701F6BCC981673EE3
:1022F00099C100BE2BB1C5BD052BA93D57A91FBE75
:102300001145E23E0FD6DA3E5193A93E328E6DBDA5
:10231000CB87F6BCF13603BE9C73813D15729D3DA3
:10232000F304803EF55565BD81BA003F90F3BABD18
:10233000173D3D3D0E69DCBDCE40303EFB10213ED9
:10234000D23204BE76AD23BDFAA486BD75E29CBE32
:10235000BC0896BE52275CBE18D10A3D9AD649BE2B
:102360000A2C80BEB940983D574591BEBE0E5F3ED7
:10237000C17A3B3E4005423E4272293D2A2C74BD43
:102380008E80663E175B213E29C956BD9B4F2BBEF2
:10239000D343B4BC903A5E3EB035AEBD41F185BD8D
:1023A000F72C763DB19F63BDEC9E723E105304BE88
:1023B0001E2A9F3B5894013E3E3734BDF40494BD21
:1023C000444D32BE05BD00BD6690F4BDE68C08BE2E
:1023D000A95A803D1F8B19BDCECA0A3E36E249BDBF
:1023E00019984D3E685415BE5143F13CCF4546BE49
:1023F000DB6187BE5DDB703EE84E3B3E1EC00CBE1F
:102400004FBF793E499F94BD9D1EB33CB75C5A3D7A
:10241000555ED3BDABD881BE0411323ECB6EED3DCF
:10242000CBC3DD3DDAB1003E976D993D54CE7C3E85
:10243000DB0A02BEA2C440BDBCDECD3D12F4DF3DCE
:102440005BBA83BEDFB9413E6A47B53DFDD6393E32
:1024500024D5FBBDA0D3FB3CAA4997BD826C0EBE20
:10246000FB6E27BE2D3E5E3EC518C9BD57B583BC69
:102470002400C13EE04389BE8125F4BC93F245BEF1
:10248000EE24783EC443CF3DFE2FAD3D987626BD69
:102490002D8E96BE54CBF7BD3DCD97BC5BEB833DF7
:1024A0005432D53E0EAFD03C885F94BD99A6683DAE
:1024B0009D792ABE6512143C13A9413E1EF7E0BA6D
:1024C0004A862B3E660D8F3DCDAA65BD529474BEE3
:1024D000F99A093EF1C0913D6A69C83BC0D7AEBECA
:1024E00099BD35BEB869503EB7FFEEBE2E7F1C3E8B
:1024F0006D35523EF61C8BBD4448F53D928840BE7A
:1025000058E0883E94A903BE59C7233EF48EB6BC5A
:102510009EBAE1BDBFB12EBE035685BEE46483BD45
:102520009D929A3DD5FFD83D9B5A13BE332D18BCC2
:102530009D80BEBC2082463E5415B5BCFE63693EFC
:1025400015C4153D1CCF5A3D489F18BE8F5614BD6B
:10255000D9C0DD3B575F9B3D3CB94B3EF468C03D65
:102560002DFC103E9A77B33D684FF6BDC628493E14
:10257000B0CF2F3E2EB9D1BC264C393E639AC33C16
:10258000E6B7D53EAE49BF3E24A63D3E85C209BE54
:10259000143E87BE7491103E8689A5BE4BD7C0BD40
:1025A00098C0913E0FC652BD678DB23DFFEC0B3E09
:1025B00017913A3E418F613E0B46C03E3951853DF1
:1025C000E12CBE3E83849C3D66E12D3C242CE0BD85
:1025D00049CEE4BD59AA5B3D09C60E3E6BC0BBBDEA
:1025E0005A3D22BEBE849F3E21673ABE1873083E04
:1025F00094C4553E7E51BA3DFC0FAABDF962A9BDF7
:10260000C242703CCC091FBE9777B3BEC8C21B3E06
:102610001957E4BDD0BA95BC4D346A3E9FC9E1BD9F
:10262000635847BEA1CA933CBEB1893CFA13C13E70
:10263000FF99523E865500BE4A5D47BD559272BE17
:102640003C9908BE95BA393D0CCEA33D96CA0ABE48
:102650002FA60DBEEA7B033E574002BE817D48BDDA
:1026600018D597BC7E177A3E13D6B2BDEDAD8B3E22
:10267000207C2BBEDE3A00BECA9C343D798A01BE66
:102680002C19B23E64031E3E8B9E743EFE86F93CBE
:10269000FE1F0FBE85185BBB46A2CD3D5C74D4BC4B
:1026A000252B293E17B79A3D59D4333EB3FF2BBC97
:1026B000862FAF3D75F41F3C8443633E0563993E0E
:1026C00000C8403E3638F43D72A5D33D85FA68BE59
:1026D0003BF94BBD6D427ABED010803ECECB58BD8B
:1026E000726704BE936DCABDEF2E95BE652B213E69
:1026F00034319D3E2861C3BDBA4A073EB6FB4EBE8B
:10270000ABECE73B57C01EBE2E2C12BE6C1BCA3D65
:10271000A25EF0BCAE4B34BC6BDF593E01BDCBBCFE
:10272000B55A27BDA69C683D4C5B61BD3574803EA3
:10273000F694873CA4E46DBE607BF23D55685D3D38
:10274000396A0B3CD4A0C63DBC380EBDF0ED2EBEA0
:10275000E24994BDDE27303E77AB8D3D86EB60BE0F
:10276000C863523DA7BD2A3D6AB717BECE5F13BEF0
:1027700081990A3DB54288BE24122A3B8B54893D7B
:10278000D458273E61FD3E3EAC99093EAE9DEABD60
:1027900021F44FBE9D430C3EE355B9BD5511693D33
:1027A00082CC703EA23E3BBCE247E7BD759EDDBDDC
:1027B000604A0C3EDCE19C3D5B0E9D3D8603973EEE
:1027C000F508143D40095D3EEDBF67BD7EEC2C3E33
:1027D00092BB36BEB6E72ABE75A12C3EBA7061BE6A
:1027E000190E88BE4532853E462267BD6551103DB3
:1027F000E08CAB3D2EAD633D13209A3E0D9B19BE80
:102800005890A8BC4AE38DBEC190173D3931AC3E0B
:102810008274D43B500649BEDDFD853D18D98BBC82
:10282000AA3C47BE3FB7BE3CAFCB92BD7F4277BC10
:10283000259DB83D86F4D03DA52D2C3E40E8ECBD4D
:10284000ED2F12BE6A66A7BD5FA4F5BD976F32BEBD
:10285000E2F5FEBD51D3083BB4A200BE81CFCBBD93
:10286000CAF705BE0230833D5247F43DA61F0E3E17
:102870006C71A4BE88723E3E5953E1BDC36CD53D18
:1028800016DC6A3D7C32413DA93C623EEEC580BD0E
:10289000D9536CBE923FEB3DA54C5ABE12737ABE23
:1028A000ED518EBDDA0C833DA655B4BC74351FBE08
:1028B000680901BDE55CE93D20D5323EBB46C53D1A
:1028C0003C1E563EF8036A3AA1922CBE0F600FBC24
:1028D000F1419C3D2D1A66BD7939E43D762D71BEDE
:1028E00047A342BE5CD3D23D6DEAC4BC2E9084BEE9
:1028F00055989F3DFF7D8F3EF8A2993EE3D5ADBE32
:10290000A641EFBE0BEED83DA7AB323C3F61483D40
:10291000A47580BEFF09813DABC209BE95B0173ECC
:10292000AB21B4BD003AAF3C246CDABD3A7D223D08
:102930007C3E6DBDD6EBB63DBBA436BEC522D3BD35
:10294000A44840BE1696133E8801CEBD53EE073E06
:102950009698973E24634A3EDE5AB63C51804A3DE3
:102960006877883E2ED190BD74DF913DCB0F5B3EE2
:102970005767ABBD42EA433EDBBE2EBDC549BDBC79
:102980003A54AB3DC468C23C5669363E3A37DBBC6C
:1029900052016EBE4710873D733647BDD13CE5BD41
:1029A000D1E9853E3DD26A3E6572873CB5518ABD0C
:1029B00049A8223E2BF5C93C296CF5BDE0A81B3E79
:1029C00062E378BB58B3C5BD19403CBE6E6D49BECD
:1029D000F6ED233BF66820BEDC9715BDD2C06EBE77
:1029E000F42B9BB9E2E1B73D705C92BE781BB13D20
:1029F0006B823A3EA28D06BBCD34A2BC596029BE83
:102A0000F2B8C7BC75951FBD8080D6BE2C0D8F3E19
:102A10008F6229BB331069BE4E1ABDBC8F7AA43EAB
:102A200085DC553D138D273E894918BE0B7BF2BDD1
:102A30004AEEC13C59A3B1BDF97BB2BC6E202CBD9E
:102A4000DB6B563D6901B2BDA3D3C83C05EE3EBC6D
:102A5000795FB2BD67113D3E477A73BEC6E3613E02
:102A6000838CB93DBD12EC3DC25FC7BB6C8E323C5E
:102A7000237B83BEA8BDC9BD6B6361BE20AA583E3F
:102A8000ABE5E1BD435654BE89996EBD58629B3D8E
:102A90006C279ABC4B0C97BC8EA10A3C0E1E843E40
:102AA00098F7CCBD6739F73DA109A4BE6676713BA6
:102AB000FF4310BEF7ABD7BD398E2DBD567C5EBE31
:102AC0002CFDD8BDC03B883E2EE58E3EB2E835BE1B
:102AD0001A946D3C6488E63D804648BE37DAA63DD0
:102AE000546928BE4C9E60BDB8EB52BE1E07ADBCFB
:102AF0002DF179BDA26847BC49948DBE6746CC3D97
:102B00009EA62F3E84B8A93C46254DBD1093923D0C
:102B1000DFB6DCBE54BBB5BD7733C7BE75916B3D28
:102B20008603823EEABFEFBD9FF3243EB1EB5EBE5B
:102B3000F20C52BDC033A1BD0806BBBAE43D873ECE
:102B400047EBD3BE94F70D3EF64C85BEA65B1CBD8D
:102B50008E0949BD0AAB32BECFB2053C5E10B13C16
:102B6000840A19BD4FFF2ABDB4B6FFBD6D4A86BEAB
:102B7000BD8E013E9CF3C53EB76B4E3EB7D15D3C6A
:102B8000FDC5B53D847DC43D50964E3EC4EB71BD40
:102B9000A0232A3ED509493B9F33EBBD461268BDB1
:102BA0003E40323C3E9383BE442DEC3DC1EC91BE91
:102BB000EAE5EDBDA179673D622A9B3D5FF0863E67
:102BC000203A0D3EE395813E6DA41BBE40E3983D47
:102BD000416C933E27AA563E0A579DBDDE72123EB7
:102BE000294D303D579F2BBE29442F3DF60247BE4D
:102BF00040FE19BEB825EFBD1E5DAABD324A62BDBA
:102C0000E042163E92DDF2BD380FAA3EED3DA4BD76
:102C1000E79426BD3B00AB3D442C12BFA3A288BE67
:102C200042B5303EAE1356BD547B213EACF99C3DBF
:102C300027783EBA7CF94C3E59398C3D3467803E4A
:102C400011D128BE1F2CA73ECB39C6BB6067B93C4B
:102C5000DCAF1ABDC5E79DBD173CE93D79C6B3BDE4
:102C60007D59393DBA7B523ECE37CFBD1A85073EDE
:102C7000001734BC1728A03E87578E3D4D6E37BED7
:102C8000088EAF3D144150BE2C8A5EBEDBEF03BC04
:102C90000C2455B9CB41243DD533E2BDC9F52A3DBD
:102CA00067F57ABEB2B700BC561F73BC0E0B42BEAE
:102CB0008D50E0BD36B71CBE22E8033CF26565BE10
:102CC000FD12723DA79BCFBBD1BD183E19AF1BBEF5
:102CD00031C213BEC590293EF3E688BE4DCBC8BDB8
:102CE00083CF813D54B1323D1E3011BE7127A03DCE
:102CF00079228DBC9035BC3DC7A867BD2F7A9B3E1D
:102D0000232CA9BE4080B83D5532BBBE883505BED8
:102D10001A6381BD6FB38ABDD5551F3E7DDC503D22
:102D2000299806BFC20F313E8D139DBE8825FC3DFC
:102D3000CAC1B13D1BFBA13D45746D3C39EA11BED2
:102D400031F5B53EAEECB9BE1C5313BC64555EBD47
:102D5000DD02BFBE5F8C33BDF6DDE23D1CA0ADBE23
:102D60003D518DBC8107B5BC1CC8313E719A583E9F
:102D7000AE3714BE29EAABBDD21D83BC60123C3D08
:102D80006BD112BCC23206BC41376D3DD9EABDBD24
:102D9000CDE155BE55A156BB948481BE2261973DBD
:102DA000C0D9C83DEA2C533D417B7E3E9CEEE33EBC
:102DB0008CDCF63CC1F5C2BB703E213E1160A83CE4
:102DC0001884ADBC5ACA043ED0A7DA3C036E69BE73
:102DD000B2DEB4BEE831DABDB258BE3E4AC660BE0D
:102DE00059683A3E1911A83D0A1508BE5E6E763E36
:102DF000BD25333DB1B8263DADD9213E4DA43DBEE4
:102E0000F534ECBD5C3AB0BDAD1F52BE40D8F23DCA
:102E100051093CBE41B66DBE8935283E89C3B5BD5A
:102E20003A5A19BEB7F4203D8545A2BE6AFF46BE98
:102E30004027823E764AD1BBFA3AB7BDA086CBBDC9
:102E40008A91073DB6D4D83DD2794B3EC8F99BBD97
:102E500020A373BE435FC43D9599BABD557947BE63
:102E6000FAB0983D0DA3FEBD5EA999BC98EF1BBCBE
:102E70007E2CE3BD55550E3E3547EA3DF1B9713E16
:102E8000F1F477BD3D18823ED1EF02BE602948BE05
:102E9000D3F4723EF3AD0D3D926C35BEBDD518BE78
:102EA0006BD90E3EEA2F11BD49095B3D10C292BE9F
:102EB000089048BC38EF873D7BA6D33D1CAE963DBD
:102EC00004A5823D0A9245BB342A1DBE8BD443BE65
:102ED000F5600D3DAFAE9BBEF736543D72D268BE75
:102EE000827C0BBE5DAFA43D0ADB863DCD4C233D0D
:102EF00076E14D3E622E533C33918C3EE1CB36BEA3
:102F0000F963C3BDC40F19BC22E706BE264E873D38
:102F1000BB4F523E4419DC3D2130F0BDF684E1BD8B
:102F2000A8FC4CBE2180853D652D913DC65912BE41
:102F3000753472BE502A8D3CD4326EBD468498BD25
:102F4000C6FB08BD2BEC523D8CF30E3E9518443E5B
:102F5000EF2DC73D0DBF843D83B7863EEF35AE3EB6
:102F6000C945953CA28017BE2949CA3B706F78BD00
:102F700078A493BD8637CEBD4431A4BD2403EB3D78
:102F8000D56C45BEE128623EBEF5F33B0EE1E53D62
:102F90004990F93D615F643D8A69863DC3AB953DCB
:102FA000879B463DDEB8D2BDDF0A82BEF4883CBEB8
:102FB000E67B693E8E8777BE47EF9ABDBF37C43B3D
:102FC0009192ED3DE5DE96BE9B2D083E9555973DD1
:102FD0004A5E7FBDB53CD13DD176FA3D34B1423E2B
:102FE000ED945CBD87A2BABE27F8233E87A3E53DDA
:102FF0001A5D43BEEDDD23BED03D27BEC558BB3DA7
:103000001AC40E3E5909F0BDC87EA83CABCCA2BD87
:10301000698EBABE03F100BEE78F9DBE9BE9813D7C
:10302000CF652B3E9B723B3D7F71233DF3168EBCDB
:1030300070E3D23B3C15273EF3DC0CBEA0EDF63C22
:103040000A874ABDA0FCCFBDE5EF56BE6B8B35BDF0
:103050000CC857BED80F4BBDBBFF473EB8388BBD21
:1030600088A6D1BD6B367F3EE6943DBEA3ACA03CA6
:10307000542D9EBE45BF923DAF63343EC317223EE2
:10308000B341253D37180D3E491BFE3D4F1C97BDF2
:10309000E2331CBD51BE65BD5EEF683D0C10BB390F
:1030A00088643ABE9ED4913CDB7905BE6D5961BD02
:1030B0001EA5213E008BF73BF05D8F3E5F0CF9BCF7
:1030C000B286F5BA3D4EAF3BF60F263D3790633DD5
:1030D000E175803E8B8E4DBCA51DA83DA4C0733DFF
:1030E000BC1B1F3E51F9103CD123103B2B5C82BD11
:1030F0006EFCB2BD901B1C3E299B75BDDF070BBE4D
:103100001E4C3C3EBE1A173E128E44BD077B86BE47
:10311000764490BCBE20E7BC8DE3ED3DC2066FBE99
:10312000E3BBC1BD439525BEA84134BE4F27E7BDD3
:103130006302093E9A1B173E212132BD58B76EBD6E
:10314000F720243DDEA4F7BEC9A8CE3DC37DB5BDA2
:10315000898D9B3DAD8C96BEE3B03A3E4F4E6BBB26
:10316000AFEF30BC66DFACBD2357DCBDF87BC93B9D
:10317000447729BB9EC55ABCC9D20BBE067998BDFF
:10318000DF45F8BDE31C92BB0B6CA03D0730883EC9
:103190006823D43C510C9FBE0FE59ABE9D6D7B3ECB
:1031A0006796493E038AA73DA13B35BED768223DBD
:1031B000E7D098BE3A61A2BE9769B73B8C1B023D2F
:1031C00040D25CBEFB84713E0AAC793D466E89BE3E
:1031D00076CB3C3D2EECB13E27698DBD9A94853C63
:1031E00087A6963E1CC69A3E9372C0BDD24185BD4D
:1031F00047C2A53D6F43B0BEF1D1F23CA6A7AC3BA0
:103200001AC3693E035C363E2DBA933E6A568EBCA5
:103210002DBAEFBD82066ABC8AAA36BEBFEE6DBD6E
:1032200022069ABD59435BBE6D71753E5BA9A53DF3
:1032300061491EBEFB5320BE8D361A3E2DB4963E0C
:103240001E0C22BD2D58BC3EE2FDF1BEA721303E32
:103250006100A63D03A7D7BD9D7AC23D99DA85BD21
:1032600062440FBD035EA93D225737BE3CB37BBD10
:103270008BAA473E6743593CB996023E1B79FDBC79
:103280004A8576BD6602473D534B583E847300BC69
:10329000291D28BDBB4952BBA98309BE6A5D4CBD2F
:1032A00064022BBC24DC26BEC5C45BBC980B20BDCD
:1032B00084D102BDE6C3F3BC1A9083BED00DCDBD50
:1032C00000ECB7BB5928043E0DFC8F3D5098F0BE72
:1032D000B878B93D8EAB8B3D00AC303EE706163E6C
:1032E000F5BA803D213579BB849D40BE31CDD6BE37
:1032F000CC6607BD3A9D03BE656B6D3EC1A6623EBE
:10330000C723723EA290D93D4FECCB3E1CC68E3EE9
:10331000595C73BBF2D3B6BDF3F92A3EBEE56A3EF3
:103320004781E23D63D30E3E087C2B3E489D4FBD56
:1033300055BB30BEDA452DBEC4441E3D990EB73A8A
:10334000AF9400BECE6F703EA710FA3DDEDF63BDC6
:103350000079A2BE999D873D518E44BE94F3AE3D47
:10336000038413BEA325EB3DBA7ABFBD5F60C3BD26
:103370003A00123EA652003DB930F1BD8E59343E9E
:10338000A4F214BDCC0415BDFCCA2FBEC07E253EE0
:10339000D64A973EDC1DEBBD8E5DF63CD83F843DA2
:1033A0007215CB3D99C8013DE5541B3EC8E471BE82
:1033B000DAC41A3E574CACBC1F1EE43D1EB378BEA7
:1033C00078181E3EC6D2223E5F4355BE26A6B0BD2B
:1033D000F3C775BC0CBB1C3EC3735B3D79968E3D39
:1033E000F5F4BC3DDAF4C1BD1D4D563ED05127BDAC
:1033F000BED0A53AD52E15BE043453BDE192BF3DD3
:10340000087AB73B5467943C62057A3C5E3E0FBE37
:103410004C5358BE00DCDA3D885216BE745E17BDB0
:10342000A21D833D3AC61C3E1997373EB24EB9BD28
:103430007A779D3CC7FF08BE6F8C7A3E1138403EBC
:103440004E7853BDFBAF983D381015BDCFA8243D35
:1034500000DE94BDFC1B55BECC528FBB955A46BEB8
:103460009117343EB67A703E9DF1BCBEA37FE63C18
:1034700018B4613E76810DBE7658E53D29FD2FBC1E
:103480001226D13C3D61ED3D4F3271BD970C783E27
:103490004EB64B3E8856ED3D4B88A13E673CE33D22
:1034A000C3DBFCBDC1DB50BD8B42323E591E44BD67
:1034B000FE0EA23D471D40BEFDC24CBD5AC082BD9E
:1034C000CB5BECBD321E433E028B7D3EF2AB2EBD8C
:1034D000BB1A463C951DF43D0FA8EDBD8D3380BE53
:1034E000CBED4FBD8DD905BEBDE841BCEAD0AD3CAA
:1034F0007E3C2D3E9272A13DFB2444BEBDA9D3BDAE
:103500003142BEBDB535BB3EE8D6DABD288EFF3DA3
:10351000424ACD3C4AEA813D5478D73D9D27B63C8E
:10352000E1F0063BCBF7D93DF2BAC2BDE54CB73C62
:10353000ADDE82BDA45AC0BD3A035F3D789F91BD08
:10354000E2BF753B188975BB3C1FCA3DEED5043EF2
:103550003BBF413E64D8053DE0045C3DBAA3C43D99
:103560005B3AE1BE370C61BB9F2A163E5E4169BEE5
:103570001171353E5CEB0EBE929D7EBE947C94BD77
:10358000F520EABC7293AD3D40590C3E007000BE80
:1035900037A0A7BE096F1BBD3A6728BE3524353D4D
:1035A000CE013A3EA328DE3DC9FF9CBD5857D43D0D
:1035B0004E6500BC91B5523EF625163EAFF3103C69
:1035C000D7E3473CEB435DBD9DAF93BE319B10BE3F
:1035D000D53F8EBDFCF142BE28FA233CC7D7C6BDFD
:1035E00096AE5EBC24DC3DBE1C61ACBDD824A13DC2
:1035F000FF8C8F3D58218ABD9EE8353E104080BC2F
:1036000034E0C73DC1A86C3EA90B9D3E0F3788BD75
:1036100066365B3E7DC1393C8C81EEBDF4C4333EE1
:10362000404D623E5C08FFBD90AB723D99A66A3D7D
:1036300035A7493DED0F503D511EA43DD5676E3D68
:10364000616CB8BEAA73023EDEE7A8BD003FC53E6E
:10365000EDB8853E850D5CBD3C67253D556D143E3E
:103660009BF7B93DDB6DA43C7AEEE3BEE1691EBE7B
:103670007B989B3EF78FFCBD7925C13DF8653C3EAC
:103680001EF142BC9AE6523E7ED8E4BDE0FEC5BEC5
:10369000A186A33D20D0983C5A0240BD4285C9BDB9
:1036A00032D6B5BD22FD973CE48A8A3D1EB6323D36
:1036B000DADB333EEE0C923D2D92023D7E6D8F3D66
:1036C0001FFF12BC57798F3D5E8C57BE9A1942BDC1
:1036D00056C72DBC288416BEF78FA13EFB973BBE74
:1036E00002F3313E6D121A3ED7C2C93C4B007FBD7A
:1036F000EFF55ABE9592B13A7C90053ECED471BE9C
:10370000E19D0E3E91CCF93DBBD6CC3D5DBC26BEC5
:10371000A09E07BE0DE30DBDCD7C01BEA336E53CEA
:10372000FAA4A33E9EB4F8BDACA72B3E0CD0C4BDFA
:10373000C31392BD8FDD49BDFF71873DA4323B3E6F
:10374000A065A8BECA23583E14E8A7BE4FA6063EF1
:103750001970EE3CB4B372BD7862BEBC553C1C3EE1
:10376000E72BBBBD451AA03D858EA3BEC579813C24
:1037700033887BBEBB9DF63DA8371A3E6A6797BD6E
:10378000F2E93DBE9C95E63D644AC73DA89A983E45
:10379000B0B8EC3C68623F3E800F943D85A82F3E58
:1037A0004F8AD13D930165BE579C4A3D1642123D5A
:1037B000339503BDEF204F3DE4791BBE0B4329BE7B
:1037C000AFA023BDDCC39BBDDFE53DBE90CFD7BC22
:1037D0009D2D053E3389F53D4B9C38BE6F6C123EE6
:1037E000B45C53BE60DC05BEBBC3113EEF768ABE3F
:1037F000BE59C53B44B73FBED26EA9BD3EEA3D3E71
:10380000CEF9C1BDE50FE13D056FF3BD1B794DBD9F
:10381000B2D5D2BC960B6ABE1E927E3D0F3D273CB0
:10382000832256BE1011073E2DE682BD4F02003D99
:103830007C602D3EF588B03B478DEB3C1DC2BBBD87
:103840005FF9BB3D1200B2BE1DAB9C3E1CD4F13BE8
:1038500057EB12BE876DA03D5C6734BEB3BC97BB0F
:10386000E2D6573DC92AA0BD65F8573E442D953D87
:1038700050518BBDC16871BE206FA9BE670F133D4B
:1038800098BBE4BCD6459B3D87F798BE1A07493ED6
:10389000FE39533E3C4FED3C0F97843EAFE163BD94
:1038A000D5F162BE1918833E32D409BD6E973CBE75
:1038B000FD37933EE478DABD44057ABCED7B89BCE4
:1038C0008DC5733D21D5EB3DEB92893EAFDF8EBDBB
:1038D00062B8E5BD25158D3D909BA3BD59508D3E29
:1038E0002A90FABD93A11E3E8C021B3E54CE71BBA2
:1038F0004F7A3DBDFD0615BE7F51033D774B14BD8C
:1039000029FA67BDF742073F7E336FBEB4673C3E7E
:10391000CE678ABEECD9A3BED2E1BDBE4241FE3D18
:10392000E6E7F6BD4B62C6BE7E35BE3C7CBA553E70
:10393000B72F183E19855DBE4412D23D642100BEEA
:103940006AB5A43D9781C2BC214397BE2B10643E4B
:1039500097BCDA3D2B6B133EBB7E833E1773063D4F
:10396000B20885BE012AC0BCDED2EEBDDA59A83D40
:1039700053C883BC8C4842BEA08316BE61276D3DF0
:1039800022E7AE3D20FECFBAA849E7B93D3CC93D8C
:1039900043972C3E34D8E53D92D3403E38BD8E3D12
:1039A000F962D23D2595413DE315B4BD2FDFAC3B17
:1039B00092EF41BD21562A3E9D895DBB4F55B1BD59
:1039C0009E4B8A3DFFCB693E025A093E75B3993C36
:1039D000E2FF023D0BA3E13C680C363D625B693DB2
:1039E0000010533D975994BC1835B63D90B852BD60
:1039F0008615053E60FA243D2D59DB3D63BF80BD31
:103A000034ED263BDCA0023DEB39A1BD679F2C3D88
:103A1000ED3A44BD4A9AB1BD7AD5F63CB7E89F3D30
:103A2000344A0ABDB66CC43D2C88963BD428D13BA1
:103A3000C15F1EBC7FD3ABBD42AF563D119D3ABCAA
:103A40001BC78CBB4E50343DD010723D2DB0F33CA3
:103A5000C1C9013CADF5543C1994893D618411BC48
:103A6000D0AE6CBDB2BC433D4F1F2DBDAE7C903D72
:103A70006DCA993D8E0707BD52D049BCB9BD1EBC69
:103A800016FA67BDF942073F86336FBE90673C3E2A
:103A9000D2678ABEF8D9A3BECDE1BDBE0D41FE3DC1
:103AA000F3E7F6BD4F62C6BE8A35BE3C84BA553ECA
:103AB000B82F183E17855DBE4412D23D6C2100BE62
:103AC00039B5A43D3282C2BC254397BE2310643E63
:103AD0007CBCDA3D216B133EBC7E833E5773063DB2
:103AE000B30885BECB29C0BCEBD2EEBDE659A83DDC
:103AF000DCC783BC914842BEA08316BE7E276D3DC5
:103B000032E7AE3DE40ED0BA7010EAB9993CC93D37
:103B10001A972C3E47D8E53D80D3403EEEBC8E3D03
:103B20007761D23DFA94413D9F16B4BD96DAAC3B25
:103B300074EF41BD18562A3EEA955DBBF954B1BDFC
:103B4000F64B8A3D5FCC693EE559093E74B4993C19
:103B50001D02033D15A4E13C680C363D3158693D1A
:103B6000F20F533DEC5C94BC6833B63D52B752BD86
:103B70006215053EDAFA243D6B59DB3D9EBF80BDE0
:103B8000292163BC892ADD3C66831BBC6BF1C13CE7
:103B90004577BFBC158096BD5E3D043D9691413D85
:103BA000E256C3BD6644813D22BE413DB475E73C4B
:103BB000B1E911BD86C2C6BD717CAE3DDECE033D0E
:103BC000FF34C53C2937293DB0BDAA3D2E2AD93C3A
:103BD0009A67613DA75E9BBD965A8C3D8BD943BCCD
:103BE000C1589ABD1DFCC63D522F92BCCCB52D3D8F
:103BF00053DE9A3DA294153CA3EB2DBC963F6DBCC1
:103C0000E782B13EF760973E195C3FBE181A443E0A
:103C1000B861473AD221C6BDC41C8CBEB10A733EFE
:103C2000B553A1BD8975B6BE893835BDC2E024BE85
:103C30009409A83D42EC5D3C681F823E7CCC643E0A
:103C4000686D4FBE6397A8BE5DA3523D1201073E4B
:103C5000663C4A3E113D5ABEA76E2B3D78EF873E2B
:103C60006C7DF23DE8D0813CC6350DBE434ED8BCDC
:103C7000321C45BEA943B53E85FB253ED5BD1ABEC7
:103C800061F7FABD7B75BC3EEDBB71BCFDE62DBE98
:103C900014DB8E3E072334BD88F7653EE8E0B73D70
:103CA000936E5BBD94D9B33C8F1D0BBE987C1EBE3A
:103CB0006B4100BEB4799CBD46684F3EBC4F8CBE84
:103CC000641A50BEA452603E81FB593EF7EB5C3E45
:103CD000FDDA89BD77B98C3E713BCB3D8D0A2EBD97
:103CE000682D113CD998FBBCBE2BAF3D1286F13D2F
:103CF0003A2711BDEC53933CAC1909BE5FC63CBEDC
:103D00009EF250BE3AE486BD64A3BBBD0C278BBDBA
:103D1000F951253E75282C3E42993BBD111D09BE27
:103D200060EBB9BD79D5C43D6B18A63D8BB621BEFD
:103D3000E5B8193E5EEF3ABE3A07BABC029906BE34
:103D40006C729D3DB79C8E3E7744AC3E0BC55E3D8C
:103D500092851ABD3C475FBC024DC1BD926C1DBE31
:103D600028FD8D3D06C1EE3DEB6C7B3E7FF59C3E14
:103D7000F02B0D3DE9F992BE88A54ABDCAC1AFBD81
:103D8000649767BEFB1A85BBFCC07FBEA677E3BD08
:103D9000056305BE831D61BEB60C163EF498CABD10
:103DA000C3492ABEF03B09BE525F0DBEBD4C5B3E0F
:103DB0009162233EA7D2ADBED0096ABE0C3E75BE4D
:103DC000058E183CA0A1AA3E9D52553ED7EF5CBE81
:103DD000DE7A3C3E51DEE13DD82B863EBC4967BED3
:103DE000C8FC1F3EC33C46BE77B80A3EFC08B7BDC0
:103DF0000939013E0C36103E3B7C36BD0B1E6A3E37
:103E0000867E91BD0CDED5BC8D0C833EA9A3553DAD
:103E1000044763BEEB1FA83D99A4553C7271B0BD29
:103E200022EA853ECD5936BEFD17483EF92B4C3E61
:103E3000C683B73DFA573D3EED97A5BC94EA59BEFF
:103E40000F03EEBD7073063E557B2CBE67C8883DE0
:103E5000E46A923E5BB5183E7194D9BD03E807BD94
:103E600056D34F3E7B654EBE59D558BE926C94BE1C
:103E7000240744BEF68110BE3C0A8C3E1875DA3D1C
:103E80004C4855BE1D2D793EB78F613EA9D0243DCB
:103E9000ADF87BBEB9030ABCAC5B46BEEFF3ACBD6C
:103EA000058CBC3EA4EC9DBD398F833D11F1F4BD62
:103EB000BE9BECBD51B5D73EBA069EBE8D915A3E13
:103EC000FEF7663EBD8C1B3E3BF207BDD131373D50
:103ED000EC539E3E81F3183D2A2F22BE7CBC503EFF
:103EE00091A5093E3A73003E166D8EBDC242A2BE38
:103EF000A9EADF3DA9B9A33E8AB7A83EA103D6BC73
:103F00005BDDA93D439EF13DE0450B3D65BB473E72
:103F10006CC034BEA2286C3EF543FEBC6138703ED6
:103F20004CC543BEB5E6A23E197BE7BDABB6B4BBFC
:103F30006B2BD63D950581BEAECF5C3DFCACB13C54
:103F400056D133BEE235003E3A3CB73DE9CA5ABDD0
:103F500046E782BE211D123E658F843ED5C0843D5A
:103F6000B99683BE2EA802BE4D95AC3E35DB7C3E95
:103F70003860B4BD98DF81BD341F01BEB0D710BE1C
:103F8000AE6CE13D51FB493E0039B3BDFB2A88BE12
:103F9000F0F02C3E6DDE023E51C9303EAE2A0C3EA2
:103FA0006DA2C8BE010C2EBC48CB5BBC11083A3ECA
:103FB00002617EBEF45ABCBEA3E56E3EA9383FBE88
:103FC000EC4179BD126C953EB25FA53EA9CF4D3D47
:103FD0002F94933D2F5BDA3D0AF2363E63B00B3EE1
:103FE000F822AEBDF5069F3E9482AA3E7549483E32
:103FF000C30B32BE7F82113C2D7F53BE2E26AEBD39
:104000006D349F3D405C543E79CAD2BE4BB81CBB58
:10401000193407BECC52A8BD4BBC0B3E440B2BBD84
:104020008822D43DA3C5963E24886F3D884D383DF7
:104030005E33243E986741BEB28A0DBE5C8ADDBC09
:104040000EF50B3EC0381ABD2BA3A43E2E6EB43C19
:10405000E55751BCB994893E68E6113E78AEB6BBCF
:10406000331A03BD31BB273E3F2E893EBED908BC63
:10407000645B2CBC3F8D09BEBED75CBEDF389B3D68
:10408000922E3EBEF5F1253C649F633E43BBB13E9C
:104090000BFBB3BE5D35053E19C532BECBE927BE6D
:1040A000C355ADBD636C7FBE4645043C9A33163E96
:1040B000E958A63DAE9D563E559F3C3D822AFBBC2D
:1040C0002B6A7DBE6E7AECBC646157BE727F3B3E4C
:1040D000CD888A3E62E482BD0F27273E264B873D6E
:1040E00031B2803D9919553DBEE23BBE779AA0BEE4
:1040F00044E5E93D30E13C3E3C28F53D7003BF3BE3
:10410000AA70373E5767BE3D95FCC1BE07B040BEA2
:104110005BE71C3E7B2E593CF75328BD24045FBE51
:104120004CC76FBD915C453E9C8E80BE22F0E53C45
:10413000921FB23D8561973D7AF795BE2BAD85BE46
:10414000534480BEBB932D3E8EACA43DFAD198BDA6
:10415000197A7CBDC3D3A13D3F4B993E1C71093EEA
:104160007061D83C0B2685BD31CA353EFE68513E94
:10417000E963CBBCF312723D8AE3F6BC9442CC3DBA
:104180001EB25B3D7791613DDB60E0BE1DA0CABE03
:10419000AFBF6ABEBB9D3F3E0582B0BD8E176ABEF3
:1041A000F96A023C24B37A3D3C3382BECBFF22BE87
:1041B00005DB763EF51955BE84CA22BE532A45BE9C
:1041C000DECB1E3DBDCECFBC4B541DBD1C5024BE0E
:1041D000C7F4D9BCBA82063E11487C3E1A60063E3E
:1041E0003651D5BCF9F64E3EB65445BD9477173DD1
:1041F0008115ECBDE1BB54BC055448BC2447A4BEAA
:104200009F71713ECCFC1F3E5D5D3C3EEBC6AD3CFC
:10421000B5D98F3AF54A4C3E251FE7BE5FAC853EC7
:10422000121A8F3D1FEADBBD7C4710BED0FE14BEC4
:1042300070EB1C3EF0E3983E05A6D4B9C5C8923B8E
:104240000D300EBE89EE2DBD42B5C5BD368C643D28
:10425000CA7FA93EA0DB63BE2BABA33D168A92BDED
:10426000D7ACA83E288572BEEB0991BE02A195BECF
:104270006F2DEFBCDF63373E1E85023E46FB0CBD53
:1042800071497BBEAD0F5F3D564EB8BD85242B3ABC
:10429000CD2F363C78E73E3E12A3863C787161BD57
:1042A000AD0409BE704A733AD1D13EBDA4B8D13C29
:1042B00087C808BE7CEB8CBEDE25BE3DA84B08BE81
:1042C000FA8805BE5E6F2DBD202C8C3E4E8341BD0D
:1042D000AA55AE3B39A7173DB11C273C596A62BEAF
:1042E000CAEEA7BC19A044BE1F9F293DFB772F3EF5
:1042F00054E66F3EF01C9DBEC89F7CBEFA3F4C3E0C
:104300005A6C4BBD5F4B8A3EFBDB47BE394C43BE0C
:1043100087C01ABD9B9E603E2A930E3EF281A73B4A
:1043200044CA32BDD797DFBD9CF08ABE602A1C3DCF
:104330002ACCBC3EB010283CF9FCA73D718046BE9B
:10434000007B45BD0002D33D4896BABC11391BBE67
:104350001D29183E80FBEA3DE93F18BDC0210CBD78
:104360008B47873DCD8A95BD014BC63E363B19BD77
:104370007E99B8BEFB6A00BEAB45C4BD3C93A63E69
:10438000ED1F01BEDEAE95BD198AA63C6D146C3ED4
:104390007F14D5BE99FF22BD1C1386BEC09F52BD9F
:1043A00036B9003E686444BEF741A4BD4A2E3D3E86
:1043B0001584593E4555C63E390AE93D5847353EB4
:1043C000E293CB3D2176873D746A4FBEF302213ED6
:1043D0003292A93E4AA136BE6D7CFDBDEF6D323DE5
:1043E000B487053DCA26FA3AE631E1BD2A43A4BEA8
:1043F000A78251BED46F4B3ECBBAE93C8F561A3DD3
:10440000C1DB0B3EFED78E3EFD0F903E6D298DBD6C
:10441000358469BEA2106DBEA877DEBDB30D0B3E1C
:1044200077788A3ED1FE5DBEB0D816BD9EC3A9BDC9
:104430002167FA3D25B7193E730571BE838C4E3E48
:104440009F25A9BD97196DBE506B81BE2E391F3DAA
:10445000D050113E78ACACBCEB412EBECFF24B3C01
:10446000EB61ED3DF7303DBD2256D23DE5C874BE4F
:1044700058B44FBE0060E2BC029D8B3D21F2C0BD2E
:10448000A13B323EDB183ABD1A27BDBEE066EA3DCD
:104490002095A73EDEC42C3EE2144D3DFC89B03C85
:1044A00063868DBECB88D13E5D1546BE88CF0A3C63
:1044B000E050003E025FEB3DA0B5B73DE8AFD23D16
:1044C000B5CF223E1529923E6B3DB13E97940E3EEC
:1044D0000F20473DFE5DA83D4B52853E3B2906BD62
:1044E0006A1D0C3E07F5DA3D9884A13E2FE6223E78
:1044F000F2B0543E4E0A50BE97AE11BED01083BDEE
:1045000025E721BECCE91E3EE6E2FDBD98C1203E76
:104510002F93543DFB1DA6BD3A69BE3D0886953DCF
:10452000B6970DBE98C9893E56DD10BD923D5ABE64
:10453000F8E82D3E0132173D1A784ABDBA83B7BE5E
:10454000D6BCDA3D4A7E0DBD54927A3E3C2F5FBE0A
:10455000BE10CF3C5BA0AABDDD60553ED32F56BE3A
:104560008AFB3CBE22B56B3CBB9A8D3DCE650D3EB1
:10457000417B2F3E769371BE4E594EBD0AF517BE54
:10458000E3D193BE3122BD3E41D2643B66FE553E2F
:104590000255AF3E8A2374BD4EEA76BC6A3B3EBEEE
:1045A0003C4377BEE856C13D0267B0BD07A403BDDA
:1045B0001BE25B3C886624BE02DE22BDB28773BE6E
:1045C0003025243E89A5823E796A363E59E892BC60
:1045D000DD9E743D56A4B7BD8096793EA2F11FBD05
:1045E000C0C68C3BA7C6DFBDA0BD733EB135113E32
:1045F000FF82803D77638D3D64A916BEAA444ABD03
:10460000A18D763E09B997BD9BF4773C60478D3EFE
:10461000162BFEBD1D70593E907694BEA3125A3ED5
:10462000B7618E3E7E89F7BDA0AACF3BEBEF06BEF9
:10463000AB8567BC464B9C3DBCCD3BBE4D2A063D81
:1046400092748B3DD249A2BE7DFADA3D2B9316BE01
:104650000403093EF4E3023DBA627C3E5C4A893EB3
:10466000ECD4CF3DDB95723DF78FE0BDA0A345BEF6
:1046700021C442BCDB9A623E9237783E96BAB93C7E
:10468000044C81BCF302013F20C7A5BEB9FED5BCD6
:10469000526F8DBC8DCBAE3E3D32D43E591F45BED0
:1046A000F0461CBD64EE223D955287BE269F003D1C
:1046B00038A0053E2D1A11BD8C4D96BEF97AE43D09
:1046C00062F92EBE2AF1AF3E05022B3E6B5E99BD0C
:1046D00072EF9BBE75B8933E05BFA5BD3449FA3D48
:1046E000F1293A3EE75789BDB51B19BD9195923E18
:1046F000F31770BE6E2F293ED3E2A63B904DAC3D22
:10470000C12AF0BDD44FD93ED4E5B3BEBD8B3E3EE9
:10471000D9EF02BE34CB6A3C60C9C53D1D3FE73DC1
:10472000AF9FA0BE4B5C47BD756B59BE12419D3D0E
:104730003094753EBEAC133EDDCC4FBED2F43A3D54
:10474000EFBCD4BDCF1E5C3E78F7CBBD78C64B3DE9
:10475000E4B58CBD57F4243E740E7C3E1CF42F3E11
:10476000A78508BE2773C13D422BD33D694A76BE5B
:104770008FE10BBE10C9C53CBB1138BE3A61D33DB9
:1047800019DC14BE9DBCB4BD3B6FA23E339B063DFD
:10479000DD918ABE4B18873EE52989BE89F3F03D3D
:1047A000522F8E3E28A7E8BDEA6F7E3EB813973E93
:1047B000439B30BE6B4FFC3D49B9B8BDB99F7E3EAF
:1047C0002F75053E88FD373D17659FBC99D8D53DAF
:1047D0008DDFED3D3361153D3674083E7B16443E5A
:1047E000980C0A3E662E9FBEAE6603BEDFBE24BD99
:1047F0000944FEBDBE41323E4076B6BAB8810A3C9D
:10480000C42C393E748AB33D667474BDFADF053D2D
:1048100069BB7C3E63692DBCCA92A73E3B16FC3D3A
:10482000A02E9EBD45B893BDB772083EB37E023E32
:10483000293AB1BD8ACB65BCE92C9B3E929AB3BDA7
:104840006480E5BD60545B3CF97F553E0788753D4B
:10485000CB8338BE3F58893E85E93A3E2152D5BDCB
:10486000F44369BE8DBDDE3DE61F4B3E99D7273E22
:104870006E505FBDDAC693BEFA4403BEFC012D3C08
:10488000235F83BEE362BC3D3E50883EC91450BDE9
:10489000625166BED3DE4C3E55F7C6BE0F06633E80
:1048A00036AF363E57B308BFF4FE243E699E86BD40
:1048B000A5506DBE6C96C83D1B42393E7182253DA8
:1048C0003ED74C3C43D8443D4D9C1FBED412C8BD7E
:1048D0005238BD3E5B2D84BEB0C197BD0493513E9E
:1048E0001056A43E2735CF3DD96DC0BDBD81773D63
:1048F0006F3545BEC123D6BAE5D34B3E93D6763E3F
:10490000DBC13EBDB0012C3DFF0602BF17F7163ECE
:1049100043DCA33E30F420BED889063BE437313E69
:1049200043F3C83D3921CDBCE9AE20BE455E26BD6E
:104930006A60DA3D591C3C3ED1666B3EAF14D1BD76
:10494000C5AF48BD2F5B333EB0C3293E62911B3ECD
:10495000C57417BE3F60423E90FB3FBCDF6623BE7E
:10496000A5FD87BD39EB313DA4D016BE0028A33E7E
:10497000E911FE3C55DBBFBDD2A3743CD60DF2BDA0
:10498000398800BEB0F6CE3E0E503F3EE51E0B3ECF
:10499000420D44BE0ED8543DFDB8A4BE1657B2BC5D
:1049A00041A494BC0125CFBEC0B60CBAD1A9603DCC
:1049B000F22F003EFE51DE3D061E363E1A4AFA3DFB
:1049C00074BE02BE4E1400BE1CD1B73DC6EA9B3C6D
:1049D0005E5FE03DC51A63BE644582BE4891E33D1B
:1049E0001E68393E0EB3233E29FD7DBD63AE09BE70
:1049F0007DB9373EFDBC303EEA45843E0CD4503E86
:104A0000F5CED3BB33103BBD9A4DABBD2EE9833EF3
:104A1000B5E7923E5A1D44BEBA94C13EF26C1BBE2D
:104A2000E467D5BE1991B2BDD88EB43C024207BE30
:104A30007E60E13DDF7BC23D2574E1BCE01541BEF7
:104A40007185F73C13A5F43D4EE4F53D4E942D3EA3
:104A50008C3EA4BD2FA6283C6B415DBE739E5DBD00
:104A6000328BC9BD3107DBBD1C4D413EF664B1BD83
:104A7000098FD43A0046203EE83DB6BE1FD90EBE8F
:104A80004E80FBBCD20A193EE10E0C3E732C98BE40
:104A9000E6E533BD1D200CBEBC6878BC66307ABE2E
:104AA000746A21BED01B01BE5F5A66BEA15B813E07
:104AB000E518FD3DC3E94EBE4BF86ABE594D63BED5
:104AC000EA59C53EE4E21CBEA871D43E5E1E543EC7
:104AD000A18382BE14AE83BED3996E3E14410FBD36
:104AE00002C364BE9FD788BEDB89CA3EBC1D313E6F
:104AF000410E84BEA0A542BECA7AB3BE7D60083E08
:104B00004E4E4C3E5DC6633D938A52BC95C5483EB1
:104B10000FCAFC3DB264243E4A7A8E3EE45140BE48
:104B20007F78EABE0BC9563CC009AFBD03DA56BE5A
:104B3000A1F3DCBDB43E11BE57AF20BEC90C30BEE0
:104B40003A87F33CDDFA873E31DD163D1C3938BE2D
:104B50004E1AA0BD4B24D93D9BFA8B3EC284D9BCD2
:104B6000D82C5E3CADBE36BE3C68243E854E0BBDA7
:104B7000C860E13D6A4840BED4621F3D7D6DCF3DB7
:104B80003DFD173EA64BA53E5DA701BE0F882EBE7C
:104B90002643B53E874F643E8EDF803E60049E3ED6
:104BA000786BBDBC7A704F3E00361C3E745C88BE8C
:104BB0009E8372BEE17C87BE1BD9B2BDABEE1ABB31
:104BC00043EB1FBEA0A97B3E6C2B993E3C2922BB28
:104BD000199736BECEE44B3EC366183EE55861BE1B
:104BE00052651ABE1A8A2BBE7E73683E8658793E7D
:104BF000ACB2CABD31DF69BEF6F9A7BDB0A64FBEE3
:104C00005B8616BB99D18A3CE9139E3DB12B903D42
:104C100004DBE7BC66E524BD12FD463DEF65C93DFA
:104C20007D34103D5E5D9ABB304AE53B74F9593BDB
:104C3000533501BDC6BF503D248944BB4AA1BE3C8B
:104C400069E7733CCFAFB83D74C68E3DDB6B323C39
:104C5000151BAE3C60D8223C0BAD59BCD19C08BCA6
:104C60006902403DEA52B7BD992E633D2403A53C3D
:104C70007701453D9CA9ECBCB6E91C3D3F2B543D5A
:104C80005D21E6BD496CE03C5600403CD8148A3EAC
:104C90004AB7033C7FDEBBBE518F54BE7F549DBDDF
:104CA000D9AF5DBEAEAE4E3EBEE1953D45EFA13DF6
:104CB000AC1D1D3CE966BF3D7FE5DB3D0F0F323E7D
:104CC0009EBC1BBEDC5C23BD7FC5733E7B8CC23D9E
:104CD000C0EA10BE890CF6BD0144463EDD295B3CAE
:104CE000F7032BBE99031E3C6A871C3E2B25F73B1E
:104CF000CC8FF63D4A4D6B3E87AACABD344ACF3CA5
:104D0000265FDC3C0E2953BEE0C8ACBD97F9143ECB
:104D10006A12293E01B28BBED7E1A2BE912172BEBA
:104D2000812BA6BEE629A33E14F218BEFD36A9BC0F
:104D30005E0CF63D8DF736BD245068BE5444973E58
:104D4000312B733D6C2429BE99FB0C3E231C00BE05
:104D5000EE73193DEFF2ACBE19A89A3C979E173E30
:104D60003C2AA6BEB29CE63D38B7963DDB79083EAC
:104D70005895FFBC165FC03D13AC89BE21C3EFBD83
:084D8000D03B57BECB3B573E70
:0400000534020AFDBA
:00000001FF
